{"epoch": 204, "train_loss": 2.542855978012085, "_timestamp": 1719414096.1830852, "_runtime": 12.822126150131226, "_step": 225, "eval_epoch": 200, "test_acc": 0.2549000084400177, "ic1_acc": 0.2360999882221222, "ic2_acc": 0.21739999949932098, "iw_acc": 0.03680000081658363}