{"epoch": 499, "train_loss": 2.152942180633545, "_timestamp": 1719412869.4258542, "_runtime": 28.2369601726532, "_step": 549, "eval_epoch": 490, "test_acc": 0.29899999499320984, "ic1_acc": 0.28669998049736023, "ic2_acc": 0.2736999988555908, "iw_acc": 0.03689999878406525, "_wandb": {"runtime": 28}}