"Step","Readout, CN=2, B0=0, B1=0, K=128, L=32, N=16, p_B=0.75, p_C=0.75, B=2, eps=0, lamb=1e-09 - ic1_acc","Readout, CN=2, B0=0, B1=0, K=128, L=32, N=16, p_B=0.75, p_C=0.75, B=2, eps=0, lamb=1e-09 - ic1_acc__MIN","Readout, CN=2, B0=0, B1=0, K=128, L=32, N=16, p_B=0.75, p_C=0.75, B=2, eps=0, lamb=1e-09 - ic1_acc__MAX"
"1","0.033299997448921204","0.033299997448921204","0.033299997448921204"
"12","0.03359999880194664","0.03359999880194664","0.03359999880194664"
"23","0.033900000154972076","0.033900000154972076","0.033900000154972076"
"34","0.034199997782707214","0.034199997782707214","0.034199997782707214"
"45","0.035099998116493225","0.035099998116493225","0.035099998116493225"
"56","0.035099998116493225","0.035099998116493225","0.035099998116493225"
"67","0.03529999777674675","0.03529999777674675","0.03529999777674675"
"78","0.03619999811053276","0.03619999811053276","0.03619999811053276"
"89","0.03680000081658363","0.03680000081658363","0.03680000081658363"
"100","0.03739999979734421","0.03739999979734421","0.03739999979734421"
"111","0.03790000081062317","0.03790000081062317","0.03790000081062317"
"122","0.03830000013113022","0.03830000013113022","0.03830000013113022"
"133","0.03879999741911888","0.03879999741911888","0.03879999741911888"
"144","0.03959999978542328","0.03959999978542328","0.03959999978542328"
"155","0.04010000079870224","0.04010000079870224","0.04010000079870224"
"166","0.04079999774694443","0.04079999774694443","0.04079999774694443"
"177","0.04149999842047691","0.04149999842047691","0.04149999842047691"
"188","0.041600000113248825","0.041600000113248825","0.041600000113248825"
"199","0.042399998754262924","0.042399998754262924","0.042399998754262924"
"210","0.04339999705553055","0.04339999705553055","0.04339999705553055"
"221","0.04360000044107437","0.04360000044107437","0.04360000044107437"
"232","0.043699998408555984","0.043699998408555984","0.043699998408555984"
"243","0.04429999738931656","0.04429999738931656","0.04429999738931656"
"254","0.04519999772310257","0.04519999772310257","0.04519999772310257"
"265","0.04609999805688858","0.04609999805688858","0.04609999805688858"
"276","0.046299997717142105","0.046299997717142105","0.046299997717142105"
"287","0.04659999907016754","0.04659999907016754","0.04659999907016754"
"298","0.047599997371435165","0.047599997371435165","0.047599997371435165"
"309","0.048499997705221176","0.048499997705221176","0.048499997705221176"
"320","0.049300000071525574","0.049300000071525574","0.049300000071525574"
"331","0.05049999803304672","0.05049999803304672","0.05049999803304672"
"342","0.05089999735355377","0.05089999735355377","0.05089999735355377"
"353","0.05169999971985817","0.05169999971985817","0.05169999971985817"
"364","0.05199999734759331","0.05199999734759331","0.05199999734759331"
"375","0.05249999836087227","0.05249999836087227","0.05249999836087227"
"386","0.05309999734163284","0.05309999734163284","0.05309999734163284"
"397","0.05389999970793724","0.05389999970793724","0.05389999970793724"
"408","0.054899998009204865","0.054899998009204865","0.054899998009204865"
"419","0.05509999766945839","0.05509999766945839","0.05509999766945839"
"430","0.056299999356269836","0.056299999356269836","0.056299999356269836"
"441","0.05649999901652336","0.05649999901652336","0.05649999901652336"
"452","0.0568000003695488","0.0568000003695488","0.0568000003695488"
"463","0.05649999901652336","0.05649999901652336","0.05649999901652336"
"474","0.05769999697804451","0.05769999697804451","0.05769999697804451"
"485","0.05889999866485596","0.05889999866485596","0.05889999866485596"
"496","0.05959999933838844","0.05959999933838844","0.05959999933838844"
"507","0.05989999696612358","0.05989999696612358","0.05989999696612358"
"518","0.06129999831318855","0.06129999831318855","0.06129999831318855"
"529","0.06239999830722809","0.06239999830722809","0.06239999830722809"
"540","0.06289999932050705","0.06289999932050705","0.06289999932050705"
"551","0.06309999525547028","0.06309999525547028","0.06309999525547028"
"562","0.06359999626874924","0.06359999626874924","0.06359999626874924"
"573","0.06449999660253525","0.06449999660253525","0.06449999660253525"
"584","0.06529999524354935","0.06529999524354935","0.06529999524354935"
"595","0.065700002014637","0.065700002014637","0.065700002014637"
"606","0.06669999659061432","0.06669999659061432","0.06669999659061432"
"617","0.06759999692440033","0.06759999692440033","0.06759999692440033"
"628","0.06839999556541443","0.06839999556541443","0.06839999556541443"
"639","0.06909999996423721","0.06909999996423721","0.06909999996423721"
"650","0.07039999961853027","0.07039999961853027","0.07039999961853027"
"661","0.0705999955534935","0.0705999955534935","0.0705999955534935"
"672","0.07189999520778656","0.07189999520778656","0.07189999520778656"
"683","0.0731000006198883","0.0731000006198883","0.0731000006198883"
"694","0.07409999519586563","0.07409999519586563","0.07409999519586563"
"705","0.07530000060796738","0.07530000060796738","0.07530000060796738"
"716","0.07589999586343765","0.07589999586343765","0.07589999586343765"
"727","0.07679999619722366","0.07679999619722366","0.07679999619722366"
"738","0.07769999653100967","0.07769999653100967","0.07769999653100967"
"749","0.07750000059604645","0.07750000059604645","0.07750000059604645"
"760","0.07750000059604645","0.07750000059604645","0.07750000059604645"
"771","0.07880000025033951","0.07880000025033951","0.07880000025033951"
"782","0.07989999651908875","0.07989999651908875","0.07989999651908875"
"793","0.08089999854564667","0.08089999854564667","0.08089999854564667"
"804","0.08100000023841858","0.08100000023841858","0.08100000023841858"
"815","0.08179999887943268","0.08179999887943268","0.08179999887943268"
"826","0.0828000009059906","0.0828000009059906","0.0828000009059906"
"837","0.08289999514818192","0.08289999514818192","0.08289999514818192"
"848","0.08389999717473984","0.08389999717473984","0.08389999717473984"
"859","0.08500000089406967","0.08500000089406967","0.08500000089406967"
"870","0.0851999968290329","0.0851999968290329","0.0851999968290329"
"881","0.085999995470047","0.085999995470047","0.085999995470047"
"892","0.08609999716281891","0.08609999716281891","0.08609999716281891"
"903","0.08630000054836273","0.08630000054836273","0.08630000054836273"
"914","0.08779999613761902","0.08779999613761902","0.08779999613761902"
"925","0.0892999991774559","0.0892999991774559","0.0892999991774559"
"936","0.08949999511241913","0.08949999511241913","0.08949999511241913"
"947","0.09049999713897705","0.09049999713897705","0.09049999713897705"
"958","0.09209999442100525","0.09209999442100525","0.09209999442100525"
"969","0.09279999881982803","0.09279999881982803","0.09279999881982803"
"980","0.093299999833107","0.093299999833107","0.093299999833107"
"991","0.09369999915361404","0.09369999915361404","0.09369999915361404"
"1002","0.09479999542236328","0.09479999542236328","0.09479999542236328"
"1013","0.09529999643564224","0.09529999643564224","0.09529999643564224"
"1024","0.09640000015497208","0.09640000015497208","0.09640000015497208"
"1035","0.09769999980926514","0.09769999980926514","0.09769999980926514"
"1046","0.0982000008225441","0.0982000008225441","0.0982000008225441"
"1057","0.09910000115633011","0.09910000115633011","0.09910000115633011"
"1068","0.10049999505281448","0.10049999505281448","0.10049999505281448"
"1079","0.1005999967455864","0.1005999967455864","0.1005999967455864"
"1090","0.10119999945163727","0.10119999945163727","0.10119999945163727"
"1101","0.10179999470710754","0.10179999470710754","0.10179999470710754"
"1112","0.10359999537467957","0.10359999537467957","0.10359999537467957"
"1123","0.10339999943971634","0.10339999943971634","0.10339999943971634"
"1134","0.10339999943971634","0.10339999943971634","0.10339999943971634"
"1145","0.1039000004529953","0.1039000004529953","0.1039000004529953"
"1156","0.10449999570846558","0.10449999570846558","0.10449999570846558"
"1167","0.10569999366998672","0.10569999366998672","0.10569999366998672"
"1178","0.10740000009536743","0.10740000009536743","0.10740000009536743"
"1189","0.1078999936580658","0.1078999936580658","0.1078999936580658"
"1200","0.10979999601840973","0.10979999601840973","0.10979999601840973"
"1211","0.11029999703168869","0.11029999703168869","0.11029999703168869"
"1222","0.11089999973773956","0.11089999973773956","0.11089999973773956"
"1233","0.11189999431371689","0.11189999431371689","0.11189999431371689"
"1244","0.1127999946475029","0.1127999946475029","0.1127999946475029"
"1255","0.11389999836683273","0.11389999836683273","0.11389999836683273"
"1266","0.11509999632835388","0.11509999632835388","0.11509999632835388"
"1277","0.11580000072717667","0.11580000072717667","0.11580000072717667"
"1288","0.11599999666213989","0.11599999666213989","0.11599999666213989"
"1299","0.11649999767541885","0.11649999767541885","0.11649999767541885"
"1310","0.11759999394416809","0.11759999394416809","0.11759999394416809"
"1321","0.11840000003576279","0.11840000003576279","0.11840000003576279"
"1332","0.11899999529123306","0.11899999529123306","0.11899999529123306"
"1343","0.11939999461174011","0.11939999461174011","0.11939999461174011"
"1354","0.12069999426603317","0.12069999426603317","0.12069999426603317"
"1365","0.12079999595880508","0.12079999595880508","0.12079999595880508"
"1376","0.12119999527931213","0.12119999527931213","0.12119999527931213"
"1387","0.12219999730587006","0.12219999730587006","0.12219999730587006"
"1398","0.12280000001192093","0.12280000001192093","0.12280000001192093"
"1409","0.12379999458789825","0.12379999458789825","0.12379999458789825"
"1420","0.1241999939084053","0.1241999939084053","0.1241999939084053"
"1431","0.1241999939084053","0.1241999939084053","0.1241999939084053"
"1442","0.12539999186992645","0.12539999186992645","0.12539999186992645"
"1453","0.1257999986410141","0.1257999986410141","0.1257999986410141"
"1464","0.12789998948574066","0.12789998948574066","0.12789998948574066"
"1475","0.12879998981952667","0.12879998981952667","0.12879998981952667"
"1486","0.12939999997615814","0.12939999997615814","0.12939999997615814"
"1497","0.1298999935388565","0.1298999935388565","0.1298999935388565"
"1508","0.13019999861717224","0.13019999861717224","0.13019999861717224"
"1519","0.13099999725818634","0.13099999725818634","0.13099999725818634"
"1530","0.13089999556541443","0.13089999556541443","0.13089999556541443"
"1541","0.13179999589920044","0.13179999589920044","0.13179999589920044"
"1552","0.13269999623298645","0.13269999623298645","0.13269999623298645"
"1563","0.13349999487400055","0.13349999487400055","0.13349999487400055"
"1574","0.13369999825954437","0.13369999825954437","0.13369999825954437"
"1585","0.1339000016450882","0.1339000016450882","0.1339000016450882"
"1596","0.13519999384880066","0.13519999384880066","0.13519999384880066"
"1607","0.13599999248981476","0.13599999248981476","0.13599999248981476"
"1618","0.13679999113082886","0.13679999113082886","0.13679999113082886"
"1629","0.13679999113082886","0.13679999113082886","0.13679999113082886"
"1640","0.13750000298023224","0.13750000298023224","0.13750000298023224"
"1651","0.1388999968767166","0.1388999968767166","0.1388999968767166"
"1662","0.13920000195503235","0.13920000195503235","0.13920000195503235"
"1673","0.13989999890327454","0.13989999890327454","0.13989999890327454"
"1684","0.14090000092983246","0.14090000092983246","0.14090000092983246"
"1695","0.14090000092983246","0.14090000092983246","0.14090000092983246"
"1706","0.14180000126361847","0.14180000126361847","0.14180000126361847"
"1717","0.14229999482631683","0.14229999482631683","0.14229999482631683"
"1728","0.1428000032901764","0.1428000032901764","0.1428000032901764"
"1739","0.14379999041557312","0.14379999041557312","0.14379999041557312"
"1750","0.14459998905658722","0.14459998905658722","0.14459998905658722"
"1761","0.14569999277591705","0.14569999277591705","0.14569999277591705"
"1772","0.1462000012397766","0.1462000012397766","0.1462000012397766"
"1783","0.14659999310970306","0.14659999310970306","0.14659999310970306"
"1794","0.1477999985218048","0.1477999985218048","0.1477999985218048"
"1805","0.1485999971628189","0.1485999971628189","0.1485999971628189"
"1816","0.14890000224113464","0.14890000224113464","0.14890000224113464"
"1827","0.14949999749660492","0.14949999749660492","0.14949999749660492"
"1838","0.14899998903274536","0.14899998903274536","0.14899998903274536"
"1849","0.14959999918937683","0.14959999918937683","0.14959999918937683"
"1860","0.15109999477863312","0.15109999477863312","0.15109999477863312"
"1871","0.1508999913930893","0.1508999913930893","0.1508999913930893"
"1882","0.15129999816417694","0.15129999816417694","0.15129999816417694"
"1893","0.15109999477863312","0.15109999477863312","0.15109999477863312"
"1904","0.15150000154972076","0.15150000154972076","0.15150000154972076"
"1915","0.15160000324249268","0.15160000324249268","0.15160000324249268"
"1926","0.15279999375343323","0.15279999375343323","0.15279999375343323"
"1937","0.15330000221729279","0.15330000221729279","0.15330000221729279"
"1948","0.15330000221729279","0.15330000221729279","0.15330000221729279"
"1959","0.1533999890089035","0.1533999890089035","0.1533999890089035"
"1970","0.15349999070167542","0.15349999070167542","0.15349999070167542"
"1981","0.1551000028848648","0.1551000028848648","0.1551000028848648"
"1992","0.15469999611377716","0.15469999611377716","0.15469999611377716"
"2003","0.15519998967647552","0.15519998967647552","0.15519998967647552"
"2014","0.15539999306201935","0.15539999306201935","0.15539999306201935"
"2025","0.155799999833107","0.155799999833107","0.155799999833107"
"2036","0.15619999170303345","0.15619999170303345","0.15619999170303345"
"2047","0.1565999984741211","0.1565999984741211","0.1565999984741211"
"2058","0.15680000185966492","0.15680000185966492","0.15680000185966492"
"2069","0.15770000219345093","0.15770000219345093","0.15770000219345093"
"2080","0.15789999067783356","0.15789999067783356","0.15789999067783356"
"2091","0.15799999237060547","0.15799999237060547","0.15799999237060547"
"2102","0.15779998898506165","0.15779998898506165","0.15779998898506165"
"2113","0.15869998931884766","0.15869998931884766","0.15869998931884766"
"2124","0.15889999270439148","0.15889999270439148","0.15889999270439148"
"2135","0.15969999134540558","0.15969999134540558","0.15969999134540558"
"2146","0.1599999964237213","0.1599999964237213","0.1599999964237213"
"2157","0.1607999950647354","0.1607999950647354","0.1607999950647354"
"2168","0.1606999933719635","0.1606999933719635","0.1606999933719635"
"2179","0.1615999937057495","0.1615999937057495","0.1615999937057495"
"2190","0.16110000014305115","0.16110000014305115","0.16110000014305115"
"2201","0.16049998998641968","0.16049998998641968","0.16049998998641968"
"2212","0.1607999950647354","0.1607999950647354","0.1607999950647354"
"2223","0.16210000216960907","0.16210000216960907","0.16210000216960907"
"2234","0.1615999937057495","0.1615999937057495","0.1615999937057495"
"2245","0.16300000250339508","0.16300000250339508","0.16300000250339508"
"2256","0.16279999911785126","0.16279999911785126","0.16279999911785126"
"2267","0.1639000028371811","0.1639000028371811","0.1639000028371811"
"2278","0.16329999268054962","0.16329999268054962","0.16329999268054962"
"2289","0.1639000028371811","0.1639000028371811","0.1639000028371811"
"2300","0.16509999334812164","0.16509999334812164","0.16509999334812164"
"2311","0.16499999165534973","0.16499999165534973","0.16499999165534973"
"2322","0.1655000001192093","0.1655000001192093","0.1655000001192093"
"2333","0.16509999334812164","0.16509999334812164","0.16509999334812164"
"2344","0.16529999673366547","0.16529999673366547","0.16529999673366547"
"2355","0.16619999706745148","0.16619999706745148","0.16619999706745148"
"2366","0.1662999987602234","0.1662999987602234","0.1662999987602234"
"2377","0.16659998893737793","0.16659998893737793","0.16659998893737793"
"2388","0.16699999570846558","0.16699999570846558","0.16699999570846558"
"2399","0.1670999974012375","0.1670999974012375","0.1670999974012375"
"2410","0.16689999401569366","0.16689999401569366","0.16689999401569366"
"2421","0.1671999990940094","0.1671999990940094","0.1671999990940094"
"2432","0.16679999232292175","0.16679999232292175","0.16679999232292175"
"2443","0.16740000247955322","0.16740000247955322","0.16740000247955322"
"2454","0.1680999994277954","0.1680999994277954","0.1680999994277954"
"2465","0.16759999096393585","0.16759999096393585","0.16759999096393585"
"2476","0.1678999960422516","0.1678999960422516","0.1678999960422516"
"2487","0.16830000281333923","0.16830000281333923","0.16830000281333923"
"2498","0.16859999299049377","0.16859999299049377","0.16859999299049377"
"2509","0.16899999976158142","0.16899999976158142","0.16899999976158142"
"2520","0.16899999976158142","0.16899999976158142","0.16899999976158142"
"2531","0.16939999163150787","0.16939999163150787","0.16939999163150787"
"2542","0.16939999163150787","0.16939999163150787","0.16939999163150787"
"2553","0.16990000009536743","0.16990000009536743","0.16990000009536743"
"2564","0.16949999332427979","0.16949999332427979","0.16949999332427979"
"2575","0.1696999967098236","0.1696999967098236","0.1696999967098236"
"2586","0.16990000009536743","0.16990000009536743","0.16990000009536743"
"2597","0.17069999873638153","0.17069999873638153","0.17069999873638153"
"2608","0.17109999060630798","0.17109999060630798","0.17109999060630798"
"2619","0.1711999922990799","0.1711999922990799","0.1711999922990799"
"2630","0.17139999568462372","0.17139999568462372","0.17139999568462372"
"2641","0.17229999601840973","0.17229999601840973","0.17229999601840973"
"2652","0.17180000245571136","0.17180000245571136","0.17180000245571136"
"2663","0.17260000109672546","0.17260000109672546","0.17260000109672546"
"2674","0.17249999940395355","0.17249999940395355","0.17249999940395355"
"2685","0.17249999940395355","0.17249999940395355","0.17249999940395355"
"2696","0.17289999127388","0.17289999127388","0.17289999127388"
"2707","0.17249999940395355","0.17249999940395355","0.17249999940395355"
"2718","0.17289999127388","0.17289999127388","0.17289999127388"
"2729","0.17419999837875366","0.17419999837875366","0.17419999837875366"
"2740","0.17419999837875366","0.17419999837875366","0.17419999837875366"
"2751","0.17379999160766602","0.17379999160766602","0.17379999160766602"
"2762","0.17409999668598175","0.17409999668598175","0.17409999668598175"
"2773","0.17459999024868011","0.17459999024868011","0.17459999024868011"
"2784","0.17559999227523804","0.17559999227523804","0.17559999227523804"
"2795","0.17559999227523804","0.17559999227523804","0.17559999227523804"
"2806","0.17669999599456787","0.17669999599456787","0.17669999599456787"
"2817","0.1770000010728836","0.1770000010728836","0.1770000010728836"
"2828","0.1770000010728836","0.1770000010728836","0.1770000010728836"
"2839","0.17719998955726624","0.17719998955726624","0.17719998955726624"
"2850","0.17749999463558197","0.17749999463558197","0.17749999463558197"
"2861","0.1776999980211258","0.1776999980211258","0.1776999980211258"
"2872","0.17759999632835388","0.17759999632835388","0.17759999632835388"
"2883","0.17729999125003815","0.17729999125003815","0.17729999125003815"
"2894","0.17710000276565552","0.17710000276565552","0.17710000276565552"
"2905","0.17710000276565552","0.17710000276565552","0.17710000276565552"
"2916","0.17749999463558197","0.17749999463558197","0.17749999463558197"
"2927","0.17809998989105225","0.17809998989105225","0.17809998989105225"
"2938","0.17710000276565552","0.17710000276565552","0.17710000276565552"
"2949","0.17749999463558197","0.17749999463558197","0.17749999463558197"
"2960","0.17739999294281006","0.17739999294281006","0.17739999294281006"
"2971","0.17790000140666962","0.17790000140666962","0.17790000140666962"
"2982","0.17799998819828033","0.17799998819828033","0.17799998819828033"
"2993","0.17790000140666962","0.17790000140666962","0.17790000140666962"
"3004","0.17839999496936798","0.17839999496936798","0.17839999496936798"
"3015","0.1776999980211258","0.1776999980211258","0.1776999980211258"
"3026","0.1777999997138977","0.1777999997138977","0.1777999997138977"
"3037","0.17790000140666962","0.17790000140666962","0.17790000140666962"
"3048","0.17749999463558197","0.17749999463558197","0.17749999463558197"
"3059","0.17710000276565552","0.17710000276565552","0.17710000276565552"
"3070","0.17659999430179596","0.17659999430179596","0.17659999430179596"
"3081","0.17729999125003815","0.17729999125003815","0.17729999125003815"
"3092","0.17809998989105225","0.17809998989105225","0.17809998989105225"
"3103","0.17790000140666962","0.17790000140666962","0.17790000140666962"
"3114","0.1777999997138977","0.1777999997138977","0.1777999997138977"
"3125","0.17759999632835388","0.17759999632835388","0.17759999632835388"
"3136","0.17739999294281006","0.17739999294281006","0.17739999294281006"
"3147","0.17809998989105225","0.17809998989105225","0.17809998989105225"
"3158","0.17899999022483826","0.17899999022483826","0.17899999022483826"
"3169","0.17919999361038208","0.17919999361038208","0.17919999361038208"
"3180","0.17880000174045563","0.17880000174045563","0.17880000174045563"
"3191","0.17909999191761017","0.17909999191761017","0.17909999191761017"
"3202","0.17899999022483826","0.17899999022483826","0.17899999022483826"
"3213","0.1793999969959259","0.1793999969959259","0.1793999969959259"
"3224","0.18029999732971191","0.18029999732971191","0.18029999732971191"
"3235","0.17970000207424164","0.17970000207424164","0.17970000207424164"
"3246","0.18029999732971191","0.18029999732971191","0.18029999732971191"
"3257","0.18019999563694","0.18019999563694","0.18019999563694"
"3268","0.18019999563694","0.18019999563694","0.18019999563694"
"3279","0.18069998919963837","0.18069998919963837","0.18069998919963837"
"3290","0.18119999766349792","0.18119999766349792","0.18119999766349792"
"3301","0.18079999089241028","0.18079999089241028","0.18079999089241028"
"3312","0.18039999902248383","0.18039999902248383","0.18039999902248383"
"3323","0.18079999089241028","0.18079999089241028","0.18079999089241028"
"3334","0.18140000104904175","0.18140000104904175","0.18140000104904175"
"3345","0.18129999935626984","0.18129999935626984","0.18129999935626984"
"3356","0.18129999935626984","0.18129999935626984","0.18129999935626984"
"3367","0.18159998953342438","0.18159998953342438","0.18159998953342438"
"3378","0.18230000138282776","0.18230000138282776","0.18230000138282776"
"3389","0.18239998817443848","0.18239998817443848","0.18239998817443848"
"3400","0.18289999663829803","0.18289999663829803","0.18289999663829803"
"3411","0.18279999494552612","0.18279999494552612","0.18279999494552612"
"3422","0.1826999932527542","0.1826999932527542","0.1826999932527542"
"3433","0.1824999898672104","0.1824999898672104","0.1824999898672104"
"3444","0.1826999932527542","0.1826999932527542","0.1826999932527542"
"3455","0.18320000171661377","0.18320000171661377","0.18320000171661377"
"3466","0.18400000035762787","0.18400000035762787","0.18400000035762787"
"3477","0.18400000035762787","0.18400000035762787","0.18400000035762787"
"3488","0.18359999358654022","0.18359999358654022","0.18359999358654022"
"3499","0.18410000205039978","0.18410000205039978","0.18410000205039978"
"3510","0.18379999697208405","0.18379999697208405","0.18379999697208405"
"3521","0.18459999561309814","0.18459999561309814","0.18459999561309814"
"3532","0.18379999697208405","0.18379999697208405","0.18379999697208405"
"3543","0.18400000035762787","0.18400000035762787","0.18400000035762787"
"3554","0.1842999905347824","0.1842999905347824","0.1842999905347824"
"3565","0.18400000035762787","0.18400000035762787","0.18400000035762787"
"3576","0.18379999697208405","0.18379999697208405","0.18379999697208405"
"3587","0.18449999392032623","0.18449999392032623","0.18449999392032623"
"3598","0.18479999899864197","0.18479999899864197","0.18479999899864197"
"3609","0.18449999392032623","0.18449999392032623","0.18449999392032623"
"3620","0.18469999730587006","0.18469999730587006","0.18469999730587006"
"3631","0.18469999730587006","0.18469999730587006","0.18469999730587006"
"3642","0.18519999086856842","0.18519999086856842","0.18519999086856842"
"3653","0.18469999730587006","0.18469999730587006","0.18469999730587006"
"3664","0.18529999256134033","0.18529999256134033","0.18529999256134033"
"3675","0.18479999899864197","0.18479999899864197","0.18479999899864197"
"3686","0.18539999425411224","0.18539999425411224","0.18539999425411224"
"3697","0.18519999086856842","0.18519999086856842","0.18519999086856842"
"3708","0.18539999425411224","0.18539999425411224","0.18539999425411224"
"3719","0.18569999933242798","0.18569999933242798","0.18569999933242798"
"3730","0.1859000027179718","0.1859000027179718","0.1859000027179718"
"3741","0.1858000010251999","0.1858000010251999","0.1858000010251999"
"3752","0.18599998950958252","0.18599998950958252","0.18599998950958252"
"3763","0.1859000027179718","0.1859000027179718","0.1859000027179718"
"3774","0.1859000027179718","0.1859000027179718","0.1859000027179718"
"3785","0.18559999763965607","0.18559999763965607","0.18559999763965607"
"3796","0.186599999666214","0.186599999666214","0.186599999666214"
"3807","0.18599998950958252","0.18599998950958252","0.18599998950958252"
"3818","0.18699999153614044","0.18699999153614044","0.18699999153614044"
"3829","0.18689998984336853","0.18689998984336853","0.18689998984336853"
"3840","0.18709999322891235","0.18709999322891235","0.18709999322891235"
"3851","0.1873999983072281","0.1873999983072281","0.1873999983072281"
"3862","0.18719999492168427","0.18719999492168427","0.18719999492168427"
"3873","0.1873999983072281","0.1873999983072281","0.1873999983072281"
"3884","0.18769998848438263","0.18769998848438263","0.18769998848438263"
"3895","0.18779999017715454","0.18779999017715454","0.18779999017715454"
"3906","0.18769998848438263","0.18769998848438263","0.18769998848438263"
"3917","0.1876000016927719","0.1876000016927719","0.1876000016927719"
"3928","0.1881999969482422","0.1881999969482422","0.1881999969482422"
"3939","0.18850000202655792","0.18850000202655792","0.18850000202655792"
"3950","0.18769998848438263","0.18769998848438263","0.18769998848438263"
"3961","0.188400000333786","0.188400000333786","0.188400000333786"
"3972","0.18889999389648438","0.18889999389648438","0.18889999389648438"
"3983","0.1891999989748001","0.1891999989748001","0.1891999989748001"
"3994","0.1891999989748001","0.1891999989748001","0.1891999989748001"
"4005","0.18879999220371246","0.18879999220371246","0.18879999220371246"
"4016","0.18869999051094055","0.18869999051094055","0.18869999051094055"
"4027","0.1891999989748001","0.1891999989748001","0.1891999989748001"
"4038","0.18959999084472656","0.18959999084472656","0.18959999084472656"
"4049","0.1891999989748001","0.1891999989748001","0.1891999989748001"
"4060","0.18959999084472656","0.18959999084472656","0.18959999084472656"
"4071","0.1898999959230423","0.1898999959230423","0.1898999959230423"
"4082","0.1899999976158142","0.1899999976158142","0.1899999976158142"
"4093","0.19029998779296875","0.19029998779296875","0.19029998779296875"
"4104","0.19020000100135803","0.19020000100135803","0.19020000100135803"
"4115","0.19020000100135803","0.19020000100135803","0.19020000100135803"
"4126","0.19020000100135803","0.19020000100135803","0.19020000100135803"
"4137","0.18979999423027039","0.18979999423027039","0.18979999423027039"
"4148","0.19020000100135803","0.19020000100135803","0.19020000100135803"
"4159","0.1906999945640564","0.1906999945640564","0.1906999945640564"
"4170","0.19049999117851257","0.19049999117851257","0.19049999117851257"
"4181","0.19039998948574066","0.19039998948574066","0.19039998948574066"
"4192","0.19119998812675476","0.19119998812675476","0.19119998812675476"
"4203","0.1907999962568283","0.1907999962568283","0.1907999962568283"
"4214","0.19049999117851257","0.19049999117851257","0.19049999117851257"
"4225","0.19039998948574066","0.19039998948574066","0.19039998948574066"
"4236","0.1907999962568283","0.1907999962568283","0.1907999962568283"
"4247","0.19089999794960022","0.19089999794960022","0.19089999794960022"
"4258","0.19119998812675476","0.19119998812675476","0.19119998812675476"
"4269","0.1914999932050705","0.1914999932050705","0.1914999932050705"
"4280","0.19129998981952667","0.19129998981952667","0.19129998981952667"
"4291","0.19059999287128448","0.19059999287128448","0.19059999287128448"
"4302","0.19119998812675476","0.19119998812675476","0.19119998812675476"
"4313","0.19110000133514404","0.19110000133514404","0.19110000133514404"
"4324","0.19139999151229858","0.19139999151229858","0.19139999151229858"
"4335","0.19189999997615814","0.19189999997615814","0.19189999997615814"
"4346","0.19179999828338623","0.19179999828338623","0.19179999828338623"
"4357","0.19269999861717224","0.19269999861717224","0.19269999861717224"
"4368","0.19269999861717224","0.19269999861717224","0.19269999861717224"
"4379","0.19280000030994415","0.19280000030994415","0.19280000030994415"
"4390","0.19269999861717224","0.19269999861717224","0.19269999861717224"
"4401","0.19299998879432678","0.19299998879432678","0.19299998879432678"
"4412","0.19280000030994415","0.19280000030994415","0.19280000030994415"
"4423","0.1930999904870987","0.1930999904870987","0.1930999904870987"
"4434","0.19359999895095825","0.19359999895095825","0.19359999895095825"
"4445","0.19349999725818634","0.19349999725818634","0.19349999725818634"
"4456","0.1931999921798706","0.1931999921798706","0.1931999921798706"
"4467","0.19290000200271606","0.19290000200271606","0.19290000200271606"
"4478","0.1930999904870987","0.1930999904870987","0.1930999904870987"
"4489","0.1939999908208847","0.1939999908208847","0.1939999908208847"
"4500","0.19419999420642853","0.19419999420642853","0.19419999420642853"
"4511","0.19429999589920044","0.19429999589920044","0.19429999589920044"
"4522","0.1938999891281128","0.1938999891281128","0.1938999891281128"
"4533","0.19359999895095825","0.19359999895095825","0.19359999895095825"
"4544","0.19409999251365662","0.19409999251365662","0.19409999251365662"
"4555","0.19349999725818634","0.19349999725818634","0.19349999725818634"
"4566","0.19370000064373016","0.19370000064373016","0.19370000064373016"
"4577","0.19409999251365662","0.19409999251365662","0.19409999251365662"
"4588","0.1939999908208847","0.1939999908208847","0.1939999908208847"
"4599","0.19370000064373016","0.19370000064373016","0.19370000064373016"
"4610","0.19380000233650208","0.19380000233650208","0.19380000233650208"
"4621","0.19299998879432678","0.19299998879432678","0.19299998879432678"
"4632","0.19299998879432678","0.19299998879432678","0.19299998879432678"
"4643","0.1938999891281128","0.1938999891281128","0.1938999891281128"
"4654","0.19370000064373016","0.19370000064373016","0.19370000064373016"
"4665","0.1939999908208847","0.1939999908208847","0.1939999908208847"
"4676","0.1931999921798706","0.1931999921798706","0.1931999921798706"
"4687","0.19299998879432678","0.19299998879432678","0.19299998879432678"
"4698","0.19329999387264252","0.19329999387264252","0.19329999387264252"
"4709","0.19380000233650208","0.19380000233650208","0.19380000233650208"
"4720","0.19370000064373016","0.19370000064373016","0.19370000064373016"
"4731","0.19460000097751617","0.19460000097751617","0.19460000097751617"
"4742","0.19499999284744263","0.19499999284744263","0.19499999284744263"
"4753","0.19439999759197235","0.19439999759197235","0.19439999759197235"
"4764","0.19509999454021454","0.19509999454021454","0.19509999454021454"
"4775","0.19509999454021454","0.19509999454021454","0.19509999454021454"
"4786","0.19499999284744263","0.19499999284744263","0.19499999284744263"
"4797","0.19529999792575836","0.19529999792575836","0.19529999792575836"
"4808","0.19509999454021454","0.19509999454021454","0.19509999454021454"
"4819","0.19539999961853027","0.19539999961853027","0.19539999961853027"
"4830","0.19539999961853027","0.19539999961853027","0.19539999961853027"
"4841","0.19519999623298645","0.19519999623298645","0.19519999623298645"
"4852","0.19550000131130219","0.19550000131130219","0.19550000131130219"
"4863","0.19550000131130219","0.19550000131130219","0.19550000131130219"
"4874","0.19529999792575836","0.19529999792575836","0.19529999792575836"
"4885","0.19569998979568481","0.19569998979568481","0.19569998979568481"
"4896","0.19569998979568481","0.19569998979568481","0.19569998979568481"
"4907","0.19669999182224274","0.19669999182224274","0.19669999182224274"
"4918","0.1964000016450882","0.1964000016450882","0.1964000016450882"
"4929","0.1973000019788742","0.1973000019788742","0.1973000019788742"
"4940","0.19679999351501465","0.19679999351501465","0.19679999351501465"
"4951","0.19679999351501465","0.19679999351501465","0.19679999351501465"
"4962","0.19739998877048492","0.19739998877048492","0.19739998877048492"
"4973","0.19669999182224274","0.19669999182224274","0.19669999182224274"
"4984","0.19759999215602875","0.19759999215602875","0.19759999215602875"
"4995","0.19709999859333038","0.19709999859333038","0.19709999859333038"
"5006","0.19739998877048492","0.19739998877048492","0.19739998877048492"
"5017","0.19789999723434448","0.19789999723434448","0.19789999723434448"
"5028","0.19749999046325684","0.19749999046325684","0.19749999046325684"
"5039","0.1979999989271164","0.1979999989271164","0.1979999989271164"
"5050","0.19769999384880066","0.19769999384880066","0.19769999384880066"
"5061","0.19769999384880066","0.19769999384880066","0.19769999384880066"
"5072","0.19739998877048492","0.19739998877048492","0.19739998877048492"
"5083","0.19739998877048492","0.19739998877048492","0.19739998877048492"
"5094","0.19739998877048492","0.19739998877048492","0.19739998877048492"
"5105","0.19779999554157257","0.19779999554157257","0.19779999554157257"
"5116","0.19769999384880066","0.19769999384880066","0.19769999384880066"
"5127","0.19769999384880066","0.19769999384880066","0.19769999384880066"
"5138","0.19769999384880066","0.19769999384880066","0.19769999384880066"
"5149","0.19769999384880066","0.19769999384880066","0.19769999384880066"
"5160","0.19769999384880066","0.19769999384880066","0.19769999384880066"
"5171","0.19789999723434448","0.19789999723434448","0.19789999723434448"
"5182","0.19789999723434448","0.19789999723434448","0.19789999723434448"
"5193","0.1979999989271164","0.1979999989271164","0.1979999989271164"
"5204","0.19820000231266022","0.19820000231266022","0.19820000231266022"
"5215","0.19929999113082886","0.19929999113082886","0.19929999113082886"
"5226","0.19909998774528503","0.19909998774528503","0.19909998774528503"
"5237","0.19909998774528503","0.19909998774528503","0.19909998774528503"
"5248","0.19939999282360077","0.19939999282360077","0.19939999282360077"
"5259","0.1995999962091446","0.1995999962091446","0.1995999962091446"
"5270","0.1995999962091446","0.1995999962091446","0.1995999962091446"
"5281","0.1995999962091446","0.1995999962091446","0.1995999962091446"
"5292","0.19939999282360077","0.19939999282360077","0.19939999282360077"
"5303","0.19939999282360077","0.19939999282360077","0.19939999282360077"
"5314","0.19939999282360077","0.19939999282360077","0.19939999282360077"
"5325","0.19919998943805695","0.19919998943805695","0.19919998943805695"
"5336","0.19929999113082886","0.19929999113082886","0.19929999113082886"
"5347","0.20009998977184296","0.20009998977184296","0.20009998977184296"
"5358","0.19990000128746033","0.19990000128746033","0.19990000128746033"
"5369","0.19979999959468842","0.19979999959468842","0.19979999959468842"
"5380","0.19979999959468842","0.19979999959468842","0.19979999959468842"
"5391","0.20019999146461487","0.20019999146461487","0.20019999146461487"
"5402","0.20069999992847443","0.20069999992847443","0.20069999992847443"
"5413","0.2004999965429306","0.2004999965429306","0.2004999965429306"
"5424","0.2013999968767166","0.2013999968767166","0.2013999968767166"
"5435","0.2013999968767166","0.2013999968767166","0.2013999968767166"
"5446","0.2012999951839447","0.2012999951839447","0.2012999951839447"
"5457","0.2013999968767166","0.2013999968767166","0.2013999968767166"
"5468","0.20099999010562897","0.20099999010562897","0.20099999010562897"
"5479","0.20069999992847443","0.20069999992847443","0.20069999992847443"
"5490","0.20109999179840088","0.20109999179840088","0.20109999179840088"
"5501","0.20099999010562897","0.20099999010562897","0.20099999010562897"
"5512","0.2004999965429306","0.2004999965429306","0.2004999965429306"
"5523","0.2003999948501587","0.2003999948501587","0.2003999948501587"
"5534","0.2004999965429306","0.2004999965429306","0.2004999965429306"
"5545","0.20099999010562897","0.20099999010562897","0.20099999010562897"
"5556","0.20059999823570251","0.20059999823570251","0.20059999823570251"
"5567","0.20069999992847443","0.20069999992847443","0.20069999992847443"
"5578","0.20099999010562897","0.20099999010562897","0.20099999010562897"
"5589","0.20179998874664307","0.20179998874664307","0.20179998874664307"
"5600","0.2013999968767166","0.2013999968767166","0.2013999968767166"
"5611","0.20160000026226044","0.20160000026226044","0.20160000026226044"
"5622","0.2020999938249588","0.2020999938249588","0.2020999938249588"
"5633","0.2019999921321869","0.2019999921321869","0.2019999921321869"
"5644","0.2021999955177307","0.2021999955177307","0.2021999955177307"
"5655","0.20170000195503235","0.20170000195503235","0.20170000195503235"
"5666","0.2020999938249588","0.2020999938249588","0.2020999938249588"
"5677","0.2020999938249588","0.2020999938249588","0.2020999938249588"
"5688","0.2019999921321869","0.2019999921321869","0.2019999921321869"
"5699","0.202799990773201","0.202799990773201","0.202799990773201"
"5710","0.20250000059604645","0.20250000059604645","0.20250000059604645"
"5721","0.20239999890327454","0.20239999890327454","0.20239999890327454"
"5732","0.2021999955177307","0.2021999955177307","0.2021999955177307"
"5743","0.20269998908042908","0.20269998908042908","0.20269998908042908"
"5754","0.20250000059604645","0.20250000059604645","0.20250000059604645"
"5765","0.20269998908042908","0.20269998908042908","0.20269998908042908"
"5776","0.2028999924659729","0.2028999924659729","0.2028999924659729"
"5787","0.20309999585151672","0.20309999585151672","0.20309999585151672"
"5798","0.20309999585151672","0.20309999585151672","0.20309999585151672"
"5809","0.202799990773201","0.202799990773201","0.202799990773201"
"5820","0.202799990773201","0.202799990773201","0.202799990773201"
"5831","0.2029999941587448","0.2029999941587448","0.2029999941587448"
"5842","0.202799990773201","0.202799990773201","0.202799990773201"
"5853","0.20269998908042908","0.20269998908042908","0.20269998908042908"
"5864","0.202799990773201","0.202799990773201","0.202799990773201"
"5875","0.20319999754428864","0.20319999754428864","0.20319999754428864"
"5886","0.20329999923706055","0.20329999923706055","0.20329999923706055"
"5897","0.20309999585151672","0.20309999585151672","0.20309999585151672"
"5908","0.20319999754428864","0.20319999754428864","0.20319999754428864"
"5919","0.20349998772144318","0.20349998772144318","0.20349998772144318"
"5930","0.20340000092983246","0.20340000092983246","0.20340000092983246"
"5941","0.2037999927997589","0.2037999927997589","0.2037999927997589"
"5952","0.203699991106987","0.203699991106987","0.203699991106987"
"5963","0.2037999927997589","0.2037999927997589","0.2037999927997589"
"5974","0.20389999449253082","0.20389999449253082","0.20389999449253082"
"5985","0.20389999449253082","0.20389999449253082","0.20389999449253082"
"5996","0.20389999449253082","0.20389999449253082","0.20389999449253082"
"6007","0.20389999449253082","0.20389999449253082","0.20389999449253082"
"6018","0.20389999449253082","0.20389999449253082","0.20389999449253082"
"6029","0.204599991440773","0.204599991440773","0.204599991440773"
"6040","0.20469999313354492","0.20469999313354492","0.20469999313354492"
"6051","0.20469999313354492","0.20469999313354492","0.20469999313354492"
"6062","0.20509999990463257","0.20509999990463257","0.20509999990463257"
"6073","0.20499999821186066","0.20499999821186066","0.20499999821186066"
"6084","0.20499999821186066","0.20499999821186066","0.20499999821186066"
"6095","0.20479999482631683","0.20479999482631683","0.20479999482631683"
"6106","0.20499999821186066","0.20499999821186066","0.20499999821186066"
"6117","0.2053999900817871","0.2053999900817871","0.2053999900817871"
"6128","0.2052999883890152","0.2052999883890152","0.2052999883890152"
"6139","0.20520000159740448","0.20520000159740448","0.20520000159740448"
"6150","0.20520000159740448","0.20520000159740448","0.20520000159740448"
"6161","0.20509999990463257","0.20509999990463257","0.20509999990463257"
"6172","0.2052999883890152","0.2052999883890152","0.2052999883890152"
"6183","0.2053999900817871","0.2053999900817871","0.2053999900817871"
"6194","0.20559999346733093","0.20559999346733093","0.20559999346733093"
"6205","0.20600000023841858","0.20600000023841858","0.20600000023841858"
"6216","0.20569999516010284","0.20569999516010284","0.20569999516010284"
"6227","0.20549999177455902","0.20549999177455902","0.20549999177455902"
"6238","0.2061999887228012","0.2061999887228012","0.2061999887228012"
"6249","0.20589999854564667","0.20589999854564667","0.20589999854564667"
"6260","0.20579999685287476","0.20579999685287476","0.20579999685287476"
"6271","0.2053999900817871","0.2053999900817871","0.2053999900817871"
"6282","0.20569999516010284","0.20569999516010284","0.20569999516010284"
"6293","0.20629999041557312","0.20629999041557312","0.20629999041557312"
"6304","0.20649999380111694","0.20649999380111694","0.20649999380111694"
"6315","0.20659999549388885","0.20659999549388885","0.20659999549388885"
"6326","0.20669999718666077","0.20669999718666077","0.20669999718666077"
"6337","0.20659999549388885","0.20659999549388885","0.20659999549388885"
"6348","0.20659999549388885","0.20659999549388885","0.20659999549388885"
"6359","0.2061999887228012","0.2061999887228012","0.2061999887228012"
"6370","0.20679999887943268","0.20679999887943268","0.20679999887943268"
"6381","0.20649999380111694","0.20649999380111694","0.20649999380111694"
"6392","0.20669999718666077","0.20669999718666077","0.20669999718666077"
"6403","0.20659999549388885","0.20659999549388885","0.20659999549388885"
"6414","0.2069999873638153","0.2069999873638153","0.2069999873638153"
"6425","0.20669999718666077","0.20669999718666077","0.20669999718666077"
"6436","0.2069999873638153","0.2069999873638153","0.2069999873638153"
"6447","0.2069999873638153","0.2069999873638153","0.2069999873638153"
"6458","0.20719999074935913","0.20719999074935913","0.20719999074935913"
"6469","0.20719999074935913","0.20719999074935913","0.20719999074935913"
"6480","0.20719999074935913","0.20719999074935913","0.20719999074935913"
"6491","0.2069999873638153","0.2069999873638153","0.2069999873638153"
"6502","0.20739999413490295","0.20739999413490295","0.20739999413490295"
"6513","0.20759999752044678","0.20759999752044678","0.20759999752044678"
"6524","0.2078000009059906","0.2078000009059906","0.2078000009059906"
"6535","0.20799998939037323","0.20799998939037323","0.20799998939037323"
"6546","0.20759999752044678","0.20759999752044678","0.20759999752044678"
"6557","0.20819999277591705","0.20819999277591705","0.20819999277591705"
"6568","0.20819999277591705","0.20819999277591705","0.20819999277591705"
"6579","0.20809999108314514","0.20809999108314514","0.20809999108314514"
"6590","0.20829999446868896","0.20829999446868896","0.20829999446868896"
"6601","0.20919999480247498","0.20919999480247498","0.20919999480247498"
"6612","0.20829999446868896","0.20829999446868896","0.20829999446868896"
"6623","0.20899999141693115","0.20899999141693115","0.20899999141693115"
"6634","0.20899999141693115","0.20899999141693115","0.20899999141693115"
"6645","0.20879998803138733","0.20879998803138733","0.20879998803138733"
"6656","0.20899999141693115","0.20899999141693115","0.20899999141693115"
"6667","0.20879998803138733","0.20879998803138733","0.20879998803138733"
"6678","0.20879998803138733","0.20879998803138733","0.20879998803138733"
"6689","0.20909999310970306","0.20909999310970306","0.20909999310970306"
"6700","0.20899999141693115","0.20899999141693115","0.20899999141693115"
"6711","0.20889998972415924","0.20889998972415924","0.20889998972415924"
"6722","0.20909999310970306","0.20909999310970306","0.20909999310970306"
"6733","0.20919999480247498","0.20919999480247498","0.20919999480247498"
"6744","0.20919999480247498","0.20919999480247498","0.20919999480247498"
"6755","0.20919999480247498","0.20919999480247498","0.20919999480247498"
"6766","0.2094999998807907","0.2094999998807907","0.2094999998807907"
"6777","0.20979999005794525","0.20979999005794525","0.20979999005794525"
"6788","0.20969998836517334","0.20969998836517334","0.20969998836517334"
"6799","0.210099995136261","0.210099995136261","0.210099995136261"
"6810","0.2102999985218048","0.2102999985218048","0.2102999985218048"
"6821","0.2102999985218048","0.2102999985218048","0.2102999985218048"
"6832","0.20999999344348907","0.20999999344348907","0.20999999344348907"
"6843","0.20999999344348907","0.20999999344348907","0.20999999344348907"
"6854","0.20979999005794525","0.20979999005794525","0.20979999005794525"
"6865","0.2102999985218048","0.2102999985218048","0.2102999985218048"
"6876","0.2102999985218048","0.2102999985218048","0.2102999985218048"
"6887","0.2101999968290329","0.2101999968290329","0.2101999968290329"
"6898","0.210099995136261","0.210099995136261","0.210099995136261"
"6909","0.2102999985218048","0.2102999985218048","0.2102999985218048"
"6920","0.21059998869895935","0.21059998869895935","0.21059998869895935"
"6931","0.2102999985218048","0.2102999985218048","0.2102999985218048"
"6942","0.21040000021457672","0.21040000021457672","0.21040000021457672"
"6953","0.21079999208450317","0.21079999208450317","0.21079999208450317"
"6964","0.2110999971628189","0.2110999971628189","0.2110999971628189"
"6975","0.21130000054836273","0.21130000054836273","0.21130000054836273"
"6986","0.21130000054836273","0.21130000054836273","0.21130000054836273"
"6997","0.21139998733997345","0.21139998733997345","0.21139998733997345"
"7008","0.21159999072551727","0.21159999072551727","0.21159999072551727"
"7019","0.21149998903274536","0.21149998903274536","0.21149998903274536"
"7030","0.21149998903274536","0.21149998903274536","0.21149998903274536"
"7041","0.21159999072551727","0.21159999072551727","0.21159999072551727"
"7052","0.2117999941110611","0.2117999941110611","0.2117999941110611"
"7063","0.211899995803833","0.211899995803833","0.211899995803833"
"7074","0.2117999941110611","0.2117999941110611","0.2117999941110611"
"7085","0.21209999918937683","0.21209999918937683","0.21209999918937683"
"7096","0.21249999105930328","0.21249999105930328","0.21249999105930328"
"7107","0.2125999927520752","0.2125999927520752","0.2125999927520752"
"7118","0.2125999927520752","0.2125999927520752","0.2125999927520752"
"7129","0.21319998800754547","0.21319998800754547","0.21319998800754547"
"7140","0.21319998800754547","0.21319998800754547","0.21319998800754547"
"7151","0.21369999647140503","0.21369999647140503","0.21369999647140503"
"7162","0.21359999477863312","0.21359999477863312","0.21359999477863312"
"7173","0.21329998970031738","0.21329998970031738","0.21329998970031738"
"7184","0.2134999930858612","0.2134999930858612","0.2134999930858612"
"7195","0.21329998970031738","0.21329998970031738","0.21329998970031738"
"7206","0.2134999930858612","0.2134999930858612","0.2134999930858612"
"7217","0.2141999900341034","0.2141999900341034","0.2141999900341034"
"7228","0.21409998834133148","0.21409998834133148","0.21409998834133148"
"7239","0.21379999816417694","0.21379999816417694","0.21379999816417694"
"7250","0.21480000019073486","0.21480000019073486","0.21480000019073486"
"7261","0.21459999680519104","0.21459999680519104","0.21459999680519104"
"7272","0.2142999917268753","0.2142999917268753","0.2142999917268753"
"7283","0.2142999917268753","0.2142999917268753","0.2142999917268753"
"7294","0.21459999680519104","0.21459999680519104","0.21459999680519104"
"7305","0.21469999849796295","0.21469999849796295","0.21469999849796295"
"7316","0.21490000188350677","0.21490000188350677","0.21490000188350677"
"7327","0.21459999680519104","0.21459999680519104","0.21459999680519104"
"7338","0.21449999511241913","0.21449999511241913","0.21449999511241913"
"7349","0.21490000188350677","0.21490000188350677","0.21490000188350677"
"7360","0.21459999680519104","0.21459999680519104","0.21459999680519104"
"7371","0.21449999511241913","0.21449999511241913","0.21449999511241913"
"7382","0.21449999511241913","0.21449999511241913","0.21449999511241913"
"7393","0.21490000188350677","0.21490000188350677","0.21490000188350677"
"7404","0.21529999375343323","0.21529999375343323","0.21529999375343323"
"7415","0.21570000052452087","0.21570000052452087","0.21570000052452087"
"7426","0.21570000052452087","0.21570000052452087","0.21570000052452087"
"7437","0.21559999883174896","0.21559999883174896","0.21559999883174896"
"7448","0.21559999883174896","0.21559999883174896","0.21559999883174896"
"7459","0.21599999070167542","0.21599999070167542","0.21599999070167542"
"7470","0.2158999890089035","0.2158999890089035","0.2158999890089035"
"7481","0.21619999408721924","0.21619999408721924","0.21619999408721924"
"7492","0.2166999876499176","0.2166999876499176","0.2166999876499176"
"7503","0.21660000085830688","0.21660000085830688","0.21660000085830688"
"7514","0.21679998934268951","0.21679998934268951","0.21679998934268951"
"7525","0.2166999876499176","0.2166999876499176","0.2166999876499176"
"7536","0.21629999577999115","0.21629999577999115","0.21629999577999115"
"7547","0.21639999747276306","0.21639999747276306","0.21639999747276306"
"7558","0.21629999577999115","0.21629999577999115","0.21629999577999115"
"7569","0.21660000085830688","0.21660000085830688","0.21660000085830688"
"7580","0.21689999103546143","0.21689999103546143","0.21689999103546143"
"7591","0.21709999442100525","0.21709999442100525","0.21709999442100525"
"7602","0.21679998934268951","0.21679998934268951","0.21679998934268951"
"7613","0.21679998934268951","0.21679998934268951","0.21679998934268951"
"7624","0.21660000085830688","0.21660000085830688","0.21660000085830688"
"7635","0.2175000011920929","0.2175000011920929","0.2175000011920929"
"7646","0.21699999272823334","0.21699999272823334","0.21699999272823334"
"7657","0.21709999442100525","0.21709999442100525","0.21709999442100525"
"7668","0.21709999442100525","0.21709999442100525","0.21709999442100525"
"7679","0.21729999780654907","0.21729999780654907","0.21729999780654907"
"7690","0.21719999611377716","0.21719999611377716","0.21719999611377716"
"7701","0.21739999949932098","0.21739999949932098","0.21739999949932098"
"7712","0.21769998967647552","0.21769998967647552","0.21769998967647552"
"7723","0.2175000011920929","0.2175000011920929","0.2175000011920929"
"7734","0.21729999780654907","0.21729999780654907","0.21729999780654907"
"7745","0.21739999949932098","0.21739999949932098","0.21739999949932098"
"7756","0.21729999780654907","0.21729999780654907","0.21729999780654907"
"7767","0.21779999136924744","0.21779999136924744","0.21779999136924744"
"7778","0.21769998967647552","0.21769998967647552","0.21769998967647552"
"7789","0.21809999644756317","0.21809999644756317","0.21809999644756317"
"7800","0.2175000011920929","0.2175000011920929","0.2175000011920929"
"7811","0.21769998967647552","0.21769998967647552","0.21769998967647552"
"7822","0.21799999475479126","0.21799999475479126","0.21799999475479126"
"7833","0.21769998967647552","0.21769998967647552","0.21769998967647552"
"7844","0.21809999644756317","0.21809999644756317","0.21809999644756317"
"7855","0.218299999833107","0.218299999833107","0.218299999833107"
"7866","0.21869999170303345","0.21869999170303345","0.21869999170303345"
"7877","0.21849998831748962","0.21849998831748962","0.21849998831748962"
"7888","0.21930000185966492","0.21930000185966492","0.21930000185966492"
"7899","0.21959999203681946","0.21959999203681946","0.21959999203681946"
"7910","0.2199999988079071","0.2199999988079071","0.2199999988079071"
"7921","0.21930000185966492","0.21930000185966492","0.21930000185966492"
"7932","0.219200000166893","0.219200000166893","0.219200000166893"
"7943","0.2198999971151352","0.2198999971151352","0.2198999971151352"
"7954","0.2199999988079071","0.2199999988079071","0.2199999988079071"
"7965","0.2199999988079071","0.2199999988079071","0.2199999988079071"
"7976","0.21979999542236328","0.21979999542236328","0.21979999542236328"
"7987","0.21949999034404755","0.21949999034404755","0.21949999034404755"
"7998","0.21969999372959137","0.21969999372959137","0.21969999372959137"
"8009","0.2199999988079071","0.2199999988079071","0.2199999988079071"
"8020","0.2199999988079071","0.2199999988079071","0.2199999988079071"
"8031","0.22039999067783356","0.22039999067783356","0.22039999067783356"
"8042","0.21979999542236328","0.21979999542236328","0.21979999542236328"
"8053","0.2199999988079071","0.2199999988079071","0.2199999988079071"
"8064","0.22010000050067902","0.22010000050067902","0.22010000050067902"
"8075","0.22029998898506165","0.22029998898506165","0.22029998898506165"
"8086","0.2207999974489212","0.2207999974489212","0.2207999974489212"
"8097","0.22059999406337738","0.22059999406337738","0.22059999406337738"
"8108","0.2207999974489212","0.2207999974489212","0.2207999974489212"
"8119","0.22049999237060547","0.22049999237060547","0.22049999237060547"
"8130","0.22039999067783356","0.22039999067783356","0.22039999067783356"
"8141","0.2206999957561493","0.2206999957561493","0.2206999957561493"
"8152","0.2206999957561493","0.2206999957561493","0.2206999957561493"
"8163","0.22109998762607574","0.22109998762607574","0.22109998762607574"
"8174","0.22109998762607574","0.22109998762607574","0.22109998762607574"
"8185","0.2206999957561493","0.2206999957561493","0.2206999957561493"
"8196","0.2206999957561493","0.2206999957561493","0.2206999957561493"
"8207","0.22100000083446503","0.22100000083446503","0.22100000083446503"
"8218","0.22100000083446503","0.22100000083446503","0.22100000083446503"
"8229","0.22100000083446503","0.22100000083446503","0.22100000083446503"
"8240","0.22139999270439148","0.22139999270439148","0.22139999270439148"
"8251","0.22179999947547913","0.22179999947547913","0.22179999947547913"
"8262","0.22169999778270721","0.22169999778270721","0.22169999778270721"
"8273","0.22179999947547913","0.22179999947547913","0.22179999947547913"
"8284","0.22179999947547913","0.22179999947547913","0.22179999947547913"
"8295","0.2223999947309494","0.2223999947309494","0.2223999947309494"
"8306","0.22190000116825104","0.22190000116825104","0.22190000116825104"
"8317","0.2222999930381775","0.2222999930381775","0.2222999930381775"
"8328","0.22299998998641968","0.22299998998641968","0.22299998998641968"
"8339","0.2230999916791916","0.2230999916791916","0.2230999916791916"
"8350","0.2230999916791916","0.2230999916791916","0.2230999916791916"
"8361","0.22280000150203705","0.22280000150203705","0.22280000150203705"
"8372","0.22339999675750732","0.22339999675750732","0.22339999675750732"
"8383","0.22369998693466187","0.22369998693466187","0.22369998693466187"
"8394","0.22450000047683716","0.22450000047683716","0.22450000047683716"
"8405","0.22459998726844788","0.22459998726844788","0.22459998726844788"
"8416","0.2246999889612198","0.2246999889612198","0.2246999889612198"
"8427","0.22439999878406525","0.22439999878406525","0.22439999878406525"
"8438","0.22459998726844788","0.22459998726844788","0.22459998726844788"
"8449","0.2248999923467636","0.2248999923467636","0.2248999923467636"
"8460","0.2247999906539917","0.2247999906539917","0.2247999906539917"
"8471","0.2247999906539917","0.2247999906539917","0.2247999906539917"
"8482","0.22519999742507935","0.22519999742507935","0.22519999742507935"
"8493","0.22459998726844788","0.22459998726844788","0.22459998726844788"
"8504","0.2248999923467636","0.2248999923467636","0.2248999923467636"
"8515","0.22519999742507935","0.22519999742507935","0.22519999742507935"
"8526","0.22529999911785126","0.22529999911785126","0.22529999911785126"
"8537","0.22579999268054962","0.22579999268054962","0.22579999268054962"
"8548","0.22609999775886536","0.22609999775886536","0.22609999775886536"
"8559","0.2264999896287918","0.2264999896287918","0.2264999896287918"
"8570","0.22619999945163727","0.22619999945163727","0.22619999945163727"
"8581","0.2263999879360199","0.2263999879360199","0.2263999879360199"
"8592","0.22689999639987946","0.22689999639987946","0.22689999639987946"
"8603","0.2263999879360199","0.2263999879360199","0.2263999879360199"
"8614","0.22630000114440918","0.22630000114440918","0.22630000114440918"
"8625","0.2263999879360199","0.2263999879360199","0.2263999879360199"
"8636","0.22689999639987946","0.22689999639987946","0.22689999639987946"
"8647","0.22669999301433563","0.22669999301433563","0.22669999301433563"
"8658","0.22739998996257782","0.22739998996257782","0.22739998996257782"
"8669","0.22669999301433563","0.22669999301433563","0.22669999301433563"
"8680","0.22689999639987946","0.22689999639987946","0.22689999639987946"
"8691","0.22769999504089355","0.22769999504089355","0.22769999504089355"
"8702","0.22779999673366547","0.22779999673366547","0.22779999673366547"
"8713","0.22749999165534973","0.22749999165534973","0.22749999165534973"
"8724","0.22839999198913574","0.22839999198913574","0.22839999198913574"
"8735","0.2280000001192093","0.2280000001192093","0.2280000001192093"
"8746","0.22809998691082","0.22809998691082","0.22809998691082"
"8757","0.22789999842643738","0.22789999842643738","0.22789999842643738"
"8768","0.22829999029636383","0.22829999029636383","0.22829999029636383"
"8779","0.22859999537467957","0.22859999537467957","0.22859999537467957"
"8790","0.22909998893737793","0.22909998893737793","0.22909998893737793"
"8801","0.2289000004529953","0.2289000004529953","0.2289000004529953"
"8812","0.22869999706745148","0.22869999706745148","0.22869999706745148"
"8823","0.22769999504089355","0.22769999504089355","0.22769999504089355"
"8834","0.2280000001192093","0.2280000001192093","0.2280000001192093"
"8845","0.22829999029636383","0.22829999029636383","0.22829999029636383"
"8856","0.22859999537467957","0.22859999537467957","0.22859999537467957"
"8867","0.22839999198913574","0.22839999198913574","0.22839999198913574"
"8878","0.22829999029636383","0.22829999029636383","0.22829999029636383"
"8889","0.22819998860359192","0.22819998860359192","0.22819998860359192"
"8900","0.22849999368190765","0.22849999368190765","0.22849999368190765"
"8911","0.2280000001192093","0.2280000001192093","0.2280000001192093"
"8922","0.22789999842643738","0.22789999842643738","0.22789999842643738"
"8933","0.22829999029636383","0.22829999029636383","0.22829999029636383"
"8944","0.22849999368190765","0.22849999368190765","0.22849999368190765"
"8955","0.22899998724460602","0.22899998724460602","0.22899998724460602"
"8966","0.22859999537467957","0.22859999537467957","0.22859999537467957"
"8977","0.22839999198913574","0.22839999198913574","0.22839999198913574"
"8988","0.2287999987602234","0.2287999987602234","0.2287999987602234"
"8999","0.2287999987602234","0.2287999987602234","0.2287999987602234"
"9010","0.22899998724460602","0.22899998724460602","0.22899998724460602"
"9021","0.2289000004529953","0.2289000004529953","0.2289000004529953"
"9032","0.2287999987602234","0.2287999987602234","0.2287999987602234"
"9043","0.22909998893737793","0.22909998893737793","0.22909998893737793"
"9054","0.22899998724460602","0.22899998724460602","0.22899998724460602"
"9065","0.2289000004529953","0.2289000004529953","0.2289000004529953"
"9076","0.22909998893737793","0.22909998893737793","0.22909998893737793"
"9087","0.22939999401569366","0.22939999401569366","0.22939999401569366"
"9098","0.22909998893737793","0.22909998893737793","0.22909998893737793"
"9109","0.22929999232292175","0.22929999232292175","0.22929999232292175"
"9120","0.2295999974012375","0.2295999974012375","0.2295999974012375"
"9131","0.22949999570846558","0.22949999570846558","0.22949999570846558"
"9142","0.2298000007867813","0.2298000007867813","0.2298000007867813"
"9153","0.22919999063014984","0.22919999063014984","0.22919999063014984"
"9164","0.2298000007867813","0.2298000007867813","0.2298000007867813"
"9175","0.22949999570846558","0.22949999570846558","0.22949999570846558"
"9186","0.22949999570846558","0.22949999570846558","0.22949999570846558"
"9197","0.23009999096393585","0.23009999096393585","0.23009999096393585"
"9208","0.2303999960422516","0.2303999960422516","0.2303999960422516"
"9219","0.23029999434947968","0.23029999434947968","0.23029999434947968"
"9230","0.23019999265670776","0.23019999265670776","0.23019999265670776"
"9241","0.2303999960422516","0.2303999960422516","0.2303999960422516"
"9252","0.23109999299049377","0.23109999299049377","0.23109999299049377"
"9263","0.23119999468326569","0.23119999468326569","0.23119999468326569"
"9274","0.23099999129772186","0.23099999129772186","0.23099999129772186"
"9285","0.2313999980688095","0.2313999980688095","0.2313999980688095"
"9296","0.2313999980688095","0.2313999980688095","0.2313999980688095"
"9307","0.2320999950170517","0.2320999950170517","0.2320999950170517"
"9318","0.2321999967098236","0.2321999967098236","0.2321999967098236"
"9329","0.23229999840259552","0.23229999840259552","0.23229999840259552"
"9340","0.23249998688697815","0.23249998688697815","0.23249998688697815"
"9351","0.23240000009536743","0.23240000009536743","0.23240000009536743"
"9362","0.2320999950170517","0.2320999950170517","0.2320999950170517"
"9373","0.23309999704360962","0.23309999704360962","0.23309999704360962"
"9384","0.23330000042915344","0.23330000042915344","0.23330000042915344"
"9395","0.23319999873638153","0.23319999873638153","0.23319999873638153"
"9406","0.23330000042915344","0.23330000042915344","0.23330000042915344"
"9417","0.2336999922990799","0.2336999922990799","0.2336999922990799"
"9428","0.23359999060630798","0.23359999060630798","0.23359999060630798"
"9439","0.23349998891353607","0.23349998891353607","0.23349998891353607"
"9450","0.2337999939918518","0.2337999939918518","0.2337999939918518"
"9461","0.23349998891353607","0.23349998891353607","0.23349998891353607"
"9472","0.23429998755455017","0.23429998755455017","0.23429998755455017"
"9483","0.2345999926328659","0.2345999926328659","0.2345999926328659"
"9494","0.23489999771118164","0.23489999771118164","0.23489999771118164"
"9505","0.23469999432563782","0.23469999432563782","0.23469999432563782"
"9516","0.2345999926328659","0.2345999926328659","0.2345999926328659"
"9527","0.23489999771118164","0.23489999771118164","0.23489999771118164"
"9538","0.2345999926328659","0.2345999926328659","0.2345999926328659"
"9549","0.2345999926328659","0.2345999926328659","0.2345999926328659"
"9560","0.234499990940094","0.234499990940094","0.234499990940094"
"9571","0.23409999907016754","0.23409999907016754","0.23409999907016754"
"9582","0.23429998755455017","0.23429998755455017","0.23429998755455017"
"9593","0.2345999926328659","0.2345999926328659","0.2345999926328659"
"9604","0.234499990940094","0.234499990940094","0.234499990940094"
"9615","0.234499990940094","0.234499990940094","0.234499990940094"
"9626","0.2345999926328659","0.2345999926328659","0.2345999926328659"
"9637","0.23469999432563782","0.23469999432563782","0.23469999432563782"
"9648","0.23429998755455017","0.23429998755455017","0.23429998755455017"
"9659","0.23439998924732208","0.23439998924732208","0.23439998924732208"
"9670","0.234499990940094","0.234499990940094","0.234499990940094"
"9681","0.2345999926328659","0.2345999926328659","0.2345999926328659"
"9692","0.23489999771118164","0.23489999771118164","0.23489999771118164"
"9703","0.234499990940094","0.234499990940094","0.234499990940094"
"9714","0.23499999940395355","0.23499999940395355","0.23499999940395355"
"9725","0.23479999601840973","0.23479999601840973","0.23479999601840973"
"9736","0.23429998755455017","0.23429998755455017","0.23429998755455017"
"9747","0.23439998924732208","0.23439998924732208","0.23439998924732208"
"9758","0.23489999771118164","0.23489999771118164","0.23489999771118164"
"9769","0.2345999926328659","0.2345999926328659","0.2345999926328659"
"9780","0.23479999601840973","0.23479999601840973","0.23479999601840973"
"9791","0.23510000109672546","0.23510000109672546","0.23510000109672546"
"9802","0.23549999296665192","0.23549999296665192","0.23549999296665192"
"9813","0.23549999296665192","0.23549999296665192","0.23549999296665192"
"9824","0.2352999895811081","0.2352999895811081","0.2352999895811081"
"9835","0.23549999296665192","0.23549999296665192","0.23549999296665192"
"9846","0.23559999465942383","0.23559999465942383","0.23559999465942383"
"9857","0.23519998788833618","0.23519998788833618","0.23519998788833618"
"9868","0.23589999973773956","0.23589999973773956","0.23589999973773956"
"9879","0.23539999127388","0.23539999127388","0.23539999127388"
"9890","0.2352999895811081","0.2352999895811081","0.2352999895811081"
"9901","0.23559999465942383","0.23559999465942383","0.23559999465942383"
"9912","0.23579999804496765","0.23579999804496765","0.23579999804496765"
"9923","0.2361999899148941","0.2361999899148941","0.2361999899148941"
"9934","0.23579999804496765","0.23579999804496765","0.23579999804496765"
"9945","0.23579999804496765","0.23579999804496765","0.23579999804496765"
"9956","0.23559999465942383","0.23559999465942383","0.23559999465942383"
"9967","0.2360999882221222","0.2360999882221222","0.2360999882221222"
"9978","0.2361999899148941","0.2361999899148941","0.2361999899148941"
"9989","0.23649999499320984","0.23649999499320984","0.23649999499320984"
"10000","0.2369999885559082","0.2369999885559082","0.2369999885559082"
"10011","0.23669999837875366","0.23669999837875366","0.23669999837875366"
"10022","0.23639999330043793","0.23639999330043793","0.23639999330043793"
"10033","0.23659999668598175","0.23659999668598175","0.23659999668598175"
"10044","0.2369999885559082","0.2369999885559082","0.2369999885559082"
"10055","0.2369999885559082","0.2369999885559082","0.2369999885559082"
"10066","0.23749999701976776","0.23749999701976776","0.23749999701976776"
"10077","0.23739999532699585","0.23739999532699585","0.23739999532699585"
"10088","0.23719999194145203","0.23719999194145203","0.23719999194145203"
"10099","0.23729999363422394","0.23729999363422394","0.23729999363422394"
"10110","0.2369999885559082","0.2369999885559082","0.2369999885559082"
"10121","0.2369999885559082","0.2369999885559082","0.2369999885559082"
"10132","0.23709999024868011","0.23709999024868011","0.23709999024868011"
"10143","0.23739999532699585","0.23739999532699585","0.23739999532699585"
"10154","0.23749999701976776","0.23749999701976776","0.23749999701976776"
"10165","0.2377999871969223","0.2377999871969223","0.2377999871969223"
"10176","0.23829999566078186","0.23829999566078186","0.23829999566078186"
"10187","0.2386000007390976","0.2386000007390976","0.2386000007390976"
"10198","0.23849999904632568","0.23849999904632568","0.23849999904632568"
"10209","0.23919999599456787","0.23919999599456787","0.23919999599456787"
"10220","0.23879998922348022","0.23879998922348022","0.23879998922348022"
"10231","0.23909999430179596","0.23909999430179596","0.23909999430179596"
"10242","0.2393999993801117","0.2393999993801117","0.2393999993801117"
"10253","0.2393999993801117","0.2393999993801117","0.2393999993801117"
"10264","0.2395000010728836","0.2395000010728836","0.2395000010728836"
"10275","0.2395000010728836","0.2395000010728836","0.2395000010728836"
"10286","0.2393999993801117","0.2393999993801117","0.2393999993801117"
"10297","0.23959998786449432","0.23959998786449432","0.23959998786449432"
"10308","0.23999999463558197","0.23999999463558197","0.23999999463558197"
"10319","0.23999999463558197","0.23999999463558197","0.23999999463558197"
"10330","0.2401999980211258","0.2401999980211258","0.2401999980211258"
"10341","0.24009999632835388","0.24009999632835388","0.24009999632835388"
"10352","0.23999999463558197","0.23999999463558197","0.23999999463558197"
"10363","0.24079999327659607","0.24079999327659607","0.24079999327659607"
"10374","0.24039998650550842","0.24039998650550842","0.24039998650550842"
"10385","0.2409999966621399","0.2409999966621399","0.2409999966621399"
"10396","0.24069999158382416","0.24069999158382416","0.24069999158382416"
"10407","0.24069999158382416","0.24069999158382416","0.24069999158382416"
"10418","0.2409999966621399","0.2409999966621399","0.2409999966621399"
"10429","0.24089999496936798","0.24089999496936798","0.24089999496936798"
"10440","0.24069999158382416","0.24069999158382416","0.24069999158382416"
"10451","0.24079999327659607","0.24079999327659607","0.24079999327659607"
"10462","0.24069999158382416","0.24069999158382416","0.24069999158382416"
"10473","0.24059998989105225","0.24059998989105225","0.24059998989105225"
"10484","0.24059998989105225","0.24059998989105225","0.24059998989105225"
"10495","0.24139998853206635","0.24139998853206635","0.24139998853206635"
"10506","0.2409999966621399","0.2409999966621399","0.2409999966621399"
"10517","0.24120000004768372","0.24120000004768372","0.24120000004768372"
"10528","0.24139998853206635","0.24139998853206635","0.24139998853206635"
"10539","0.24120000004768372","0.24120000004768372","0.24120000004768372"
"10550","0.24139998853206635","0.24139998853206635","0.24139998853206635"
"10561","0.24169999361038208","0.24169999361038208","0.24169999361038208"
"10572","0.24229998886585236","0.24229998886585236","0.24229998886585236"
"10583","0.24210000038146973","0.24210000038146973","0.24210000038146973"
"10594","0.24239999055862427","0.24239999055862427","0.24239999055862427"
"10605","0.24219998717308044","0.24219998717308044","0.24219998717308044"
"10616","0.24249999225139618","0.24249999225139618","0.24249999225139618"
"10627","0.24239999055862427","0.24239999055862427","0.24239999055862427"
"10638","0.24249999225139618","0.24249999225139618","0.24249999225139618"
"10649","0.24279999732971191","0.24279999732971191","0.24279999732971191"
"10660","0.24249999225139618","0.24249999225139618","0.24249999225139618"
"10671","0.24300000071525574","0.24300000071525574","0.24300000071525574"
"10682","0.24289999902248383","0.24289999902248383","0.24289999902248383"
"10693","0.2425999939441681","0.2425999939441681","0.2425999939441681"
"10704","0.24249999225139618","0.24249999225139618","0.24249999225139618"
"10715","0.24300000071525574","0.24300000071525574","0.24300000071525574"
"10726","0.24269999563694","0.24269999563694","0.24269999563694"
"10737","0.24279999732971191","0.24279999732971191","0.24279999732971191"
"10748","0.24289999902248383","0.24289999902248383","0.24289999902248383"
"10759","0.24300000071525574","0.24300000071525574","0.24300000071525574"
"10770","0.24269999563694","0.24269999563694","0.24269999563694"
"10781","0.24289999902248383","0.24289999902248383","0.24289999902248383"
"10792","0.24300000071525574","0.24300000071525574","0.24300000071525574"
"10803","0.24329999089241028","0.24329999089241028","0.24329999089241028"
"10814","0.24300000071525574","0.24300000071525574","0.24300000071525574"
"10825","0.2433999925851822","0.2433999925851822","0.2433999925851822"
"10836","0.24319998919963837","0.24319998919963837","0.24319998919963837"
"10847","0.24289999902248383","0.24289999902248383","0.24289999902248383"
"10858","0.24269999563694","0.24269999563694","0.24269999563694"
"10869","0.243599995970726","0.243599995970726","0.243599995970726"
"10880","0.2434999942779541","0.2434999942779541","0.2434999942779541"
"10891","0.2434999942779541","0.2434999942779541","0.2434999942779541"
"10902","0.24390000104904175","0.24390000104904175","0.24390000104904175"
"10913","0.24399998784065247","0.24399998784065247","0.24399998784065247"
"10924","0.24379999935626984","0.24379999935626984","0.24379999935626984"
"10935","0.24369999766349792","0.24369999766349792","0.24369999766349792"
"10946","0.24399998784065247","0.24399998784065247","0.24399998784065247"
"10957","0.24390000104904175","0.24390000104904175","0.24390000104904175"
"10968","0.24409998953342438","0.24409998953342438","0.24409998953342438"
"10979","0.2441999912261963","0.2441999912261963","0.2441999912261963"
"10990","0.24469999969005585","0.24469999969005585","0.24469999969005585"
"11001","0.24409998953342438","0.24409998953342438","0.24409998953342438"
"11012","0.24479998648166656","0.24479998648166656","0.24479998648166656"
"11023","0.24459999799728394","0.24459999799728394","0.24459999799728394"
"11034","0.24469999969005585","0.24469999969005585","0.24469999969005585"
"11045","0.24449999630451202","0.24449999630451202","0.24449999630451202"
"11056","0.24459999799728394","0.24459999799728394","0.24459999799728394"
"11067","0.24489998817443848","0.24489998817443848","0.24489998817443848"
"11078","0.24469999969005585","0.24469999969005585","0.24469999969005585"
"11089","0.24479998648166656","0.24479998648166656","0.24479998648166656"
"11100","0.24469999969005585","0.24469999969005585","0.24469999969005585"
"11111","0.2451999932527542","0.2451999932527542","0.2451999932527542"
"11122","0.2451999932527542","0.2451999932527542","0.2451999932527542"
"11133","0.24489998817443848","0.24489998817443848","0.24489998817443848"
"11144","0.2450999915599823","0.2450999915599823","0.2450999915599823"
"11155","0.24479998648166656","0.24479998648166656","0.24479998648166656"
"11166","0.2450999915599823","0.2450999915599823","0.2450999915599823"
"11177","0.2449999898672104","0.2449999898672104","0.2449999898672104"
"11188","0.2450999915599823","0.2450999915599823","0.2450999915599823"
"11199","0.2451999932527542","0.2451999932527542","0.2451999932527542"
"11210","0.24569998681545258","0.24569998681545258","0.24569998681545258"
"11221","0.24549999833106995","0.24549999833106995","0.24549999833106995"
"11232","0.24560000002384186","0.24560000002384186","0.24560000002384186"
"11243","0.24569998681545258","0.24569998681545258","0.24569998681545258"
"11254","0.2457999885082245","0.2457999885082245","0.2457999885082245"
"11265","0.24560000002384186","0.24560000002384186","0.24560000002384186"
"11276","0.2457999885082245","0.2457999885082245","0.2457999885082245"
"11287","0.24650000035762787","0.24650000035762787","0.24650000035762787"
"11298","0.24609999358654022","0.24609999358654022","0.24609999358654022"
"11309","0.2467999905347824","0.2467999905347824","0.2467999905347824"
"11320","0.2466999888420105","0.2466999888420105","0.2466999888420105"
"11331","0.24709999561309814","0.24709999561309814","0.24709999561309814"
"11342","0.24699999392032623","0.24699999392032623","0.24699999392032623"
"11353","0.2465999871492386","0.2465999871492386","0.2465999871492386"
"11364","0.2465999871492386","0.2465999871492386","0.2465999871492386"
"11375","0.2467999905347824","0.2467999905347824","0.2467999905347824"
"11386","0.24729999899864197","0.24729999899864197","0.24729999899864197"
"11397","0.24740000069141388","0.24740000069141388","0.24740000069141388"
"11408","0.24769999086856842","0.24769999086856842","0.24769999086856842"
"11419","0.2474999874830246","0.2474999874830246","0.2474999874830246"
"11430","0.24740000069141388","0.24740000069141388","0.24740000069141388"
"11441","0.24740000069141388","0.24740000069141388","0.24740000069141388"
"11452","0.24769999086856842","0.24769999086856842","0.24769999086856842"
"11463","0.2475999891757965","0.2475999891757965","0.2475999891757965"
"11474","0.24769999086856842","0.24769999086856842","0.24769999086856842"
"11485","0.24779999256134033","0.24779999256134033","0.24779999256134033"
"11496","0.2475999891757965","0.2475999891757965","0.2475999891757965"
"11507","0.2475999891757965","0.2475999891757965","0.2475999891757965"
"11518","0.24769999086856842","0.24769999086856842","0.24769999086856842"
"11529","0.24740000069141388","0.24740000069141388","0.24740000069141388"
"11540","0.24769999086856842","0.24769999086856842","0.24769999086856842"
"11551","0.24789999425411224","0.24789999425411224","0.24789999425411224"
"11562","0.24789999425411224","0.24789999425411224","0.24789999425411224"
"11573","0.2483999878168106","0.2483999878168106","0.2483999878168106"
"11584","0.24849998950958252","0.24849998950958252","0.24849998950958252"
"11595","0.24859999120235443","0.24859999120235443","0.24859999120235443"
"11606","0.24849998950958252","0.24849998950958252","0.24849998950958252"
"11617","0.24879999458789825","0.24879999458789825","0.24879999458789825"
"11628","0.2491999864578247","0.2491999864578247","0.2491999864578247"
"11639","0.24889999628067017","0.24889999628067017","0.24889999628067017"
"11650","0.2491999864578247","0.2491999864578247","0.2491999864578247"
"11661","0.24939998984336853","0.24939998984336853","0.24939998984336853"
"11672","0.24959999322891235","0.24959999322891235","0.24959999322891235"
"11683","0.24979999661445618","0.24979999661445618","0.24979999661445618"
"11694","0.2502000033855438","0.2502000033855438","0.2502000033855438"
"11705","0.2500999867916107","0.2500999867916107","0.2500999867916107"
"11716","0.25040000677108765","0.25040000677108765","0.25040000677108765"
"11727","0.25029999017715454","0.25029999017715454","0.25029999017715454"
"11738","0.2498999983072281","0.2498999983072281","0.2498999983072281"
"11749","0.2506999969482422","0.2506999969482422","0.2506999969482422"
"11760","0.2506999969482422","0.2506999969482422","0.2506999969482422"
"11771","0.2505999803543091","0.2505999803543091","0.2505999803543091"
"11782","0.2505999803543091","0.2505999803543091","0.2505999803543091"
"11793","0.25040000677108765","0.25040000677108765","0.25040000677108765"
"11804","0.250900000333786","0.250900000333786","0.250900000333786"
"11815","0.2507999837398529","0.2507999837398529","0.2507999837398529"
"11826","0.25040000677108765","0.25040000677108765","0.25040000677108765"
"11837","0.2507999837398529","0.2507999837398529","0.2507999837398529"
"11848","0.2505999803543091","0.2505999803543091","0.2505999803543091"
"11859","0.2505999803543091","0.2505999803543091","0.2505999803543091"
"11870","0.250900000333786","0.250900000333786","0.250900000333786"
"11881","0.2507999837398529","0.2507999837398529","0.2507999837398529"
"11892","0.25040000677108765","0.25040000677108765","0.25040000677108765"
"11903","0.250900000333786","0.250900000333786","0.250900000333786"
"11914","0.25049999356269836","0.25049999356269836","0.25049999356269836"
"11925","0.25049999356269836","0.25049999356269836","0.25049999356269836"
"11936","0.2505999803543091","0.2505999803543091","0.2505999803543091"
"11947","0.2505999803543091","0.2505999803543091","0.2505999803543091"
"11958","0.2505999803543091","0.2505999803543091","0.2505999803543091"
"11969","0.2505999803543091","0.2505999803543091","0.2505999803543091"
"11980","0.2506999969482422","0.2506999969482422","0.2506999969482422"
"11991","0.250900000333786","0.250900000333786","0.250900000333786"
"12002","0.2507999837398529","0.2507999837398529","0.2507999837398529"
"12013","0.2507999837398529","0.2507999837398529","0.2507999837398529"
"12024","0.2506999969482422","0.2506999969482422","0.2506999969482422"
"12035","0.25099998712539673","0.25099998712539673","0.25099998712539673"
"12046","0.25119999051094055","0.25119999051094055","0.25119999051094055"
"12057","0.25099998712539673","0.25099998712539673","0.25099998712539673"
"12068","0.250900000333786","0.250900000333786","0.250900000333786"
"12079","0.250900000333786","0.250900000333786","0.250900000333786"
"12090","0.25029999017715454","0.25029999017715454","0.25029999017715454"
"12101","0.250900000333786","0.250900000333786","0.250900000333786"
"12112","0.25119999051094055","0.25119999051094055","0.25119999051094055"
"12123","0.25130000710487366","0.25130000710487366","0.25130000710487366"
"12134","0.251800000667572","0.251800000667572","0.251800000667572"
"12145","0.25189998745918274","0.25189998745918274","0.25189998745918274"
"12156","0.251800000667572","0.251800000667572","0.251800000667572"
"12167","0.2514999806880951","0.2514999806880951","0.2514999806880951"
"12178","0.2516999840736389","0.2516999840736389","0.2516999840736389"
"12189","0.2515999972820282","0.2515999972820282","0.2515999972820282"
"12200","0.2516999840736389","0.2516999840736389","0.2516999840736389"
"12211","0.25200000405311584","0.25200000405311584","0.25200000405311584"
"12222","0.2514999806880951","0.2514999806880951","0.2514999806880951"
"12233","0.25189998745918274","0.25189998745918274","0.25189998745918274"
"12244","0.25220000743865967","0.25220000743865967","0.25220000743865967"
"12255","0.2524999976158142","0.2524999976158142","0.2524999976158142"
"12266","0.2523999810218811","0.2523999810218811","0.2523999810218811"
"12277","0.2525999844074249","0.2525999844074249","0.2525999844074249"
"12288","0.2525999844074249","0.2525999844074249","0.2525999844074249"
"12299","0.2525999844074249","0.2525999844074249","0.2525999844074249"
"12310","0.25290000438690186","0.25290000438690186","0.25290000438690186"
"12321","0.25270000100135803","0.25270000100135803","0.25270000100135803"
"12332","0.2529999911785126","0.2529999911785126","0.2529999911785126"
"12343","0.2529999911785126","0.2529999911785126","0.2529999911785126"
"12354","0.2529999911785126","0.2529999911785126","0.2529999911785126"
"12365","0.25290000438690186","0.25290000438690186","0.25290000438690186"
"12376","0.2531000077724457","0.2531000077724457","0.2531000077724457"
"12387","0.25349998474121094","0.25349998474121094","0.25349998474121094"
"12398","0.25369998812675476","0.25369998812675476","0.25369998812675476"
"12409","0.25349998474121094","0.25349998474121094","0.25349998474121094"
"12420","0.25349998474121094","0.25349998474121094","0.25349998474121094"
"12431","0.2532999813556671","0.2532999813556671","0.2532999813556671"
"12442","0.2531000077724457","0.2531000077724457","0.2531000077724457"
"12453","0.25349998474121094","0.25349998474121094","0.25349998474121094"
"12464","0.25349998474121094","0.25349998474121094","0.25349998474121094"
"12475","0.2533999979496002","0.2533999979496002","0.2533999979496002"
"12486","0.2533999979496002","0.2533999979496002","0.2533999979496002"
"12497","0.2533999979496002","0.2533999979496002","0.2533999979496002"
"12508","0.2531000077724457","0.2531000077724457","0.2531000077724457"
"12519","0.25349998474121094","0.25349998474121094","0.25349998474121094"
"12530","0.25360000133514404","0.25360000133514404","0.25360000133514404"
"12541","0.25349998474121094","0.25349998474121094","0.25349998474121094"
"12552","0.2532999813556671","0.2532999813556671","0.2532999813556671"
"12563","0.25360000133514404","0.25360000133514404","0.25360000133514404"
"12574","0.25369998812675476","0.25369998812675476","0.25369998812675476"
"12585","0.25360000133514404","0.25360000133514404","0.25360000133514404"
"12596","0.2533999979496002","0.2533999979496002","0.2533999979496002"
"12607","0.2532999813556671","0.2532999813556671","0.2532999813556671"
"12618","0.25360000133514404","0.25360000133514404","0.25360000133514404"
"12629","0.25360000133514404","0.25360000133514404","0.25360000133514404"
"12640","0.2538999915122986","0.2538999915122986","0.2538999915122986"
"12651","0.25380000472068787","0.25380000472068787","0.25380000472068787"
"12662","0.25349998474121094","0.25349998474121094","0.25349998474121094"
"12673","0.2533999979496002","0.2533999979496002","0.2533999979496002"
"12684","0.2538999915122986","0.2538999915122986","0.2538999915122986"
"12695","0.25360000133514404","0.25360000133514404","0.25360000133514404"
"12706","0.2541999816894531","0.2541999816894531","0.2541999816894531"
"12717","0.25369998812675476","0.25369998812675476","0.25369998812675476"
"12728","0.2541999816894531","0.2541999816894531","0.2541999816894531"
"12739","0.2540999948978424","0.2540999948978424","0.2540999948978424"
"12750","0.25429999828338623","0.25429999828338623","0.25429999828338623"
"12761","0.25439998507499695","0.25439998507499695","0.25439998507499695"
"12772","0.25450000166893005","0.25450000166893005","0.25450000166893005"
"12783","0.25450000166893005","0.25450000166893005","0.25450000166893005"
"12794","0.2547000050544739","0.2547000050544739","0.2547000050544739"
"12805","0.2547000050544739","0.2547000050544739","0.2547000050544739"
"12816","0.2547999918460846","0.2547999918460846","0.2547999918460846"
"12827","0.2547999918460846","0.2547999918460846","0.2547999918460846"
"12838","0.2547000050544739","0.2547000050544739","0.2547000050544739"
"12849","0.25459998846054077","0.25459998846054077","0.25459998846054077"
"12860","0.25450000166893005","0.25450000166893005","0.25450000166893005"
"12871","0.2547000050544739","0.2547000050544739","0.2547000050544739"
"12882","0.25519999861717224","0.25519999861717224","0.25519999861717224"
"12893","0.25519999861717224","0.25519999861717224","0.25519999861717224"
"12904","0.25509998202323914","0.25509998202323914","0.25509998202323914"
"12915","0.2547999918460846","0.2547999918460846","0.2547999918460846"
"12926","0.25519999861717224","0.25519999861717224","0.25519999861717224"
"12937","0.25529998540878296","0.25529998540878296","0.25529998540878296"
"12948","0.25519999861717224","0.25519999861717224","0.25519999861717224"
"12959","0.2554999887943268","0.2554999887943268","0.2554999887943268"
"12970","0.2557999789714813","0.2557999789714813","0.2557999789714813"
"12981","0.25599998235702515","0.25599998235702515","0.25599998235702515"
"12992","0.2557999789714813","0.2557999789714813","0.2557999789714813"
"13003","0.25609999895095825","0.25609999895095825","0.25609999895095825"
"13014","0.2563000023365021","0.2563000023365021","0.2563000023365021"
"13025","0.25619998574256897","0.25619998574256897","0.25619998574256897"
"13036","0.25619998574256897","0.25619998574256897","0.25619998574256897"
"13047","0.2565000057220459","0.2565000057220459","0.2565000057220459"
"13058","0.2565999925136566","0.2565999925136566","0.2565999925136566"
"13069","0.25689998269081116","0.25689998269081116","0.25689998269081116"
"13080","0.2572000026702881","0.2572000026702881","0.2572000026702881"
"13091","0.25699999928474426","0.25699999928474426","0.25699999928474426"
"13102","0.257099986076355","0.257099986076355","0.257099986076355"
"13113","0.257099986076355","0.257099986076355","0.257099986076355"
"13124","0.2572000026702881","0.2572000026702881","0.2572000026702881"
"13135","0.2572000026702881","0.2572000026702881","0.2572000026702881"
"13146","0.25779998302459717","0.25779998302459717","0.25779998302459717"
"13157","0.257099986076355","0.257099986076355","0.257099986076355"
"13168","0.2574000060558319","0.2574000060558319","0.2574000060558319"
"13179","0.25769999623298645","0.25769999623298645","0.25769999623298645"
"13190","0.25769999623298645","0.25769999623298645","0.25769999623298645"
"13201","0.257999986410141","0.257999986410141","0.257999986410141"
"13212","0.257999986410141","0.257999986410141","0.257999986410141"
"13223","0.2574999928474426","0.2574999928474426","0.2574999928474426"
"13234","0.2572999894618988","0.2572999894618988","0.2572999894618988"
"13245","0.25769999623298645","0.25769999623298645","0.25769999623298645"
"13256","0.25769999623298645","0.25769999623298645","0.25769999623298645"
"13267","0.2574000060558319","0.2574000060558319","0.2574000060558319"
"13278","0.25769999623298645","0.25769999623298645","0.25769999623298645"
"13289","0.2572999894618988","0.2572999894618988","0.2572999894618988"
"13300","0.2574999928474426","0.2574999928474426","0.2574999928474426"
"13311","0.25759997963905334","0.25759997963905334","0.25759997963905334"
"13322","0.25769999623298645","0.25769999623298645","0.25769999623298645"
"13333","0.2574000060558319","0.2574000060558319","0.2574000060558319"
"13344","0.2574000060558319","0.2574000060558319","0.2574000060558319"
"13355","0.25769999623298645","0.25769999623298645","0.25769999623298645"
"13366","0.25779998302459717","0.25779998302459717","0.25779998302459717"
"13377","0.2572999894618988","0.2572999894618988","0.2572999894618988"
"13388","0.2574999928474426","0.2574999928474426","0.2574999928474426"
"13399","0.2572000026702881","0.2572000026702881","0.2572000026702881"
"13410","0.25699999928474426","0.25699999928474426","0.25699999928474426"
"13421","0.25769999623298645","0.25769999623298645","0.25769999623298645"
"13432","0.257999986410141","0.257999986410141","0.257999986410141"
"13443","0.2574999928474426","0.2574999928474426","0.2574999928474426"
"13454","0.25779998302459717","0.25779998302459717","0.25779998302459717"
"13465","0.257999986410141","0.257999986410141","0.257999986410141"
"13476","0.2581000030040741","0.2581000030040741","0.2581000030040741"
"13487","0.25769999623298645","0.25769999623298645","0.25769999623298645"
"13498","0.2581999897956848","0.2581999897956848","0.2581999897956848"
"13509","0.2581999897956848","0.2581999897956848","0.2581999897956848"
"13520","0.25859999656677246","0.25859999656677246","0.25859999656677246"
"13531","0.25839999318122864","0.25839999318122864","0.25839999318122864"
"13542","0.2581000030040741","0.2581000030040741","0.2581000030040741"
"13553","0.2581000030040741","0.2581000030040741","0.2581000030040741"
"13564","0.2581999897956848","0.2581999897956848","0.2581999897956848"
"13575","0.2583000063896179","0.2583000063896179","0.2583000063896179"
"13586","0.2581999897956848","0.2581999897956848","0.2581999897956848"
"13597","0.2581999897956848","0.2581999897956848","0.2581999897956848"
"13608","0.2583000063896179","0.2583000063896179","0.2583000063896179"
"13619","0.2583000063896179","0.2583000063896179","0.2583000063896179"
"13630","0.2581999897956848","0.2581999897956848","0.2581999897956848"
"13641","0.25839999318122864","0.25839999318122864","0.25839999318122864"
"13652","0.25839999318122864","0.25839999318122864","0.25839999318122864"
"13663","0.25849997997283936","0.25849997997283936","0.25849997997283936"
"13674","0.25839999318122864","0.25839999318122864","0.25839999318122864"
"13685","0.2581000030040741","0.2581000030040741","0.2581000030040741"
"13696","0.25849997997283936","0.25849997997283936","0.25849997997283936"
"13707","0.25839999318122864","0.25839999318122864","0.25839999318122864"
"13718","0.2583000063896179","0.2583000063896179","0.2583000063896179"
"13729","0.2586999833583832","0.2586999833583832","0.2586999833583832"
"13740","0.2586999833583832","0.2586999833583832","0.2586999833583832"
"13751","0.258899986743927","0.258899986743927","0.258899986743927"
"13762","0.2590000033378601","0.2590000033378601","0.2590000033378601"
"13773","0.25920000672340393","0.25920000672340393","0.25920000672340393"
"13784","0.25929999351501465","0.25929999351501465","0.25929999351501465"
"13795","0.2590999901294708","0.2590999901294708","0.2590999901294708"
"13806","0.25949999690055847","0.25949999690055847","0.25949999690055847"
"13817","0.2595999836921692","0.2595999836921692","0.2595999836921692"
"13828","0.25929999351501465","0.25929999351501465","0.25929999351501465"
"13839","0.2595999836921692","0.2595999836921692","0.2595999836921692"
"13850","0.25939998030662537","0.25939998030662537","0.25939998030662537"
"13861","0.2595999836921692","0.2595999836921692","0.2595999836921692"
"13872","0.259799987077713","0.259799987077713","0.259799987077713"
"13883","0.26010000705718994","0.26010000705718994","0.26010000705718994"
"13894","0.26010000705718994","0.26010000705718994","0.26010000705718994"
"13905","0.2603999972343445","0.2603999972343445","0.2603999972343445"
"13916","0.2606000006198883","0.2606000006198883","0.2606000006198883"
"13927","0.2604999840259552","0.2604999840259552","0.2604999840259552"
"13938","0.2602999806404114","0.2602999806404114","0.2602999806404114"
"13949","0.2602999806404114","0.2602999806404114","0.2602999806404114"
"13960","0.25999999046325684","0.25999999046325684","0.25999999046325684"
"13971","0.259799987077713","0.259799987077713","0.259799987077713"
"13982","0.2599000036716461","0.2599000036716461","0.2599000036716461"
"13993","0.2599000036716461","0.2599000036716461","0.2599000036716461"
"14004","0.2602999806404114","0.2602999806404114","0.2602999806404114"
"14015","0.2602999806404114","0.2602999806404114","0.2602999806404114"
"14026","0.26019999384880066","0.26019999384880066","0.26019999384880066"
"14037","0.2604999840259552","0.2604999840259552","0.2604999840259552"
"14048","0.26019999384880066","0.26019999384880066","0.26019999384880066"
"14059","0.2603999972343445","0.2603999972343445","0.2603999972343445"
"14070","0.26019999384880066","0.26019999384880066","0.26019999384880066"
"14081","0.25999999046325684","0.25999999046325684","0.25999999046325684"
"14092","0.2602999806404114","0.2602999806404114","0.2602999806404114"
"14103","0.2603999972343445","0.2603999972343445","0.2603999972343445"
"14114","0.2603999972343445","0.2603999972343445","0.2603999972343445"
"14125","0.2602999806404114","0.2602999806404114","0.2602999806404114"
"14136","0.2603999972343445","0.2603999972343445","0.2603999972343445"
"14147","0.26010000705718994","0.26010000705718994","0.26010000705718994"
"14158","0.25999999046325684","0.25999999046325684","0.25999999046325684"
"14169","0.26019999384880066","0.26019999384880066","0.26019999384880066"
"14180","0.2602999806404114","0.2602999806404114","0.2602999806404114"
"14191","0.26010000705718994","0.26010000705718994","0.26010000705718994"
"14202","0.25999999046325684","0.25999999046325684","0.25999999046325684"
"14213","0.2603999972343445","0.2603999972343445","0.2603999972343445"
"14224","0.26019999384880066","0.26019999384880066","0.26019999384880066"
"14235","0.2602999806404114","0.2602999806404114","0.2602999806404114"
"14246","0.2606000006198883","0.2606000006198883","0.2606000006198883"
"14257","0.2603999972343445","0.2603999972343445","0.2603999972343445"
"14268","0.26080000400543213","0.26080000400543213","0.26080000400543213"
"14279","0.26080000400543213","0.26080000400543213","0.26080000400543213"
"14290","0.2604999840259552","0.2604999840259552","0.2604999840259552"
"14301","0.2606000006198883","0.2606000006198883","0.2606000006198883"
"14312","0.26080000400543213","0.26080000400543213","0.26080000400543213"
"14323","0.2604999840259552","0.2604999840259552","0.2604999840259552"
"14334","0.2606000006198883","0.2606000006198883","0.2606000006198883"
"14345","0.26080000400543213","0.26080000400543213","0.26080000400543213"
"14356","0.26080000400543213","0.26080000400543213","0.26080000400543213"
"14367","0.26100000739097595","0.26100000739097595","0.26100000739097595"
"14378","0.2611999809741974","0.2611999809741974","0.2611999809741974"
"14389","0.2612999975681305","0.2612999975681305","0.2612999975681305"
"14400","0.2612999975681305","0.2612999975681305","0.2612999975681305"
"14411","0.2611999809741974","0.2611999809741974","0.2611999809741974"
"14422","0.2612999975681305","0.2612999975681305","0.2612999975681305"
"14433","0.2613999843597412","0.2613999843597412","0.2613999843597412"
"14444","0.26159998774528503","0.26159998774528503","0.26159998774528503"
"14455","0.2612999975681305","0.2612999975681305","0.2612999975681305"
"14466","0.2611999809741974","0.2611999809741974","0.2611999809741974"
"14477","0.2611999809741974","0.2611999809741974","0.2611999809741974"
"14488","0.2611999809741974","0.2611999809741974","0.2611999809741974"
"14499","0.2612999975681305","0.2612999975681305","0.2612999975681305"
"14510","0.26089999079704285","0.26089999079704285","0.26089999079704285"
"14521","0.26089999079704285","0.26089999079704285","0.26089999079704285"
"14532","0.26089999079704285","0.26089999079704285","0.26089999079704285"
"14543","0.26100000739097595","0.26100000739097595","0.26100000739097595"
"14554","0.26109999418258667","0.26109999418258667","0.26109999418258667"
"14565","0.2611999809741974","0.2611999809741974","0.2611999809741974"
"14576","0.26100000739097595","0.26100000739097595","0.26100000739097595"
"14587","0.2612999975681305","0.2612999975681305","0.2612999975681305"
"14598","0.2611999809741974","0.2611999809741974","0.2611999809741974"
"14609","0.2613999843597412","0.2613999843597412","0.2613999843597412"
"14620","0.2612999975681305","0.2612999975681305","0.2612999975681305"
"14631","0.26109999418258667","0.26109999418258667","0.26109999418258667"
"14642","0.2611999809741974","0.2611999809741974","0.2611999809741974"
"14653","0.2615000009536743","0.2615000009536743","0.2615000009536743"
"14664","0.26170000433921814","0.26170000433921814","0.26170000433921814"
"14675","0.2615000009536743","0.2615000009536743","0.2615000009536743"
"14686","0.2613999843597412","0.2613999843597412","0.2613999843597412"
"14697","0.2612999975681305","0.2612999975681305","0.2612999975681305"
"14708","0.2619999945163727","0.2619999945163727","0.2619999945163727"
"14719","0.2621999979019165","0.2621999979019165","0.2621999979019165"
"14730","0.26190000772476196","0.26190000772476196","0.26190000772476196"
"14741","0.2620999813079834","0.2620999813079834","0.2620999813079834"
"14752","0.2620999813079834","0.2620999813079834","0.2620999813079834"
"14763","0.2620999813079834","0.2620999813079834","0.2620999813079834"
"14774","0.2620999813079834","0.2620999813079834","0.2620999813079834"
"14785","0.2621999979019165","0.2621999979019165","0.2621999979019165"
"14796","0.2621999979019165","0.2621999979019165","0.2621999979019165"
"14807","0.2620999813079834","0.2620999813079834","0.2620999813079834"
"14818","0.2619999945163727","0.2619999945163727","0.2619999945163727"
"14829","0.2620999813079834","0.2620999813079834","0.2620999813079834"
"14840","0.2619999945163727","0.2619999945163727","0.2619999945163727"
"14851","0.26179999113082886","0.26179999113082886","0.26179999113082886"
"14862","0.26190000772476196","0.26190000772476196","0.26190000772476196"
"14873","0.2621999979019165","0.2621999979019165","0.2621999979019165"
"14884","0.2621999979019165","0.2621999979019165","0.2621999979019165"
"14895","0.26190000772476196","0.26190000772476196","0.26190000772476196"
"14906","0.2624000012874603","0.2624000012874603","0.2624000012874603"
"14917","0.26190000772476196","0.26190000772476196","0.26190000772476196"
"14928","0.2620999813079834","0.2620999813079834","0.2620999813079834"
"14939","0.2619999945163727","0.2619999945163727","0.2619999945163727"
"14950","0.2620999813079834","0.2620999813079834","0.2620999813079834"
"14961","0.2622999846935272","0.2622999846935272","0.2622999846935272"
"14972","0.2622999846935272","0.2622999846935272","0.2622999846935272"
"14983","0.2622999846935272","0.2622999846935272","0.2622999846935272"
"14994","0.2620999813079834","0.2620999813079834","0.2620999813079834"
"15005","0.2619999945163727","0.2619999945163727","0.2619999945163727"
"15016","0.2620999813079834","0.2620999813079834","0.2620999813079834"
"15027","0.2620999813079834","0.2620999813079834","0.2620999813079834"
"15038","0.2621999979019165","0.2621999979019165","0.2621999979019165"
"15049","0.2622999846935272","0.2622999846935272","0.2622999846935272"
"15060","0.2622999846935272","0.2622999846935272","0.2622999846935272"
"15071","0.26249998807907104","0.26249998807907104","0.26249998807907104"
"15082","0.2619999945163727","0.2619999945163727","0.2619999945163727"
"15093","0.262800008058548","0.262800008058548","0.262800008058548"
"15104","0.2624000012874603","0.2624000012874603","0.2624000012874603"
"15115","0.2620999813079834","0.2620999813079834","0.2620999813079834"
"15126","0.26179999113082886","0.26179999113082886","0.26179999113082886"
"15137","0.26159998774528503","0.26159998774528503","0.26159998774528503"
"15148","0.2612999975681305","0.2612999975681305","0.2612999975681305"
"15159","0.26170000433921814","0.26170000433921814","0.26170000433921814"
"15170","0.2613999843597412","0.2613999843597412","0.2613999843597412"
"15181","0.26109999418258667","0.26109999418258667","0.26109999418258667"
"15192","0.2615000009536743","0.2615000009536743","0.2615000009536743"
"15203","0.26159998774528503","0.26159998774528503","0.26159998774528503"
"15214","0.2615000009536743","0.2615000009536743","0.2615000009536743"
"15225","0.2615000009536743","0.2615000009536743","0.2615000009536743"
"15236","0.2612999975681305","0.2612999975681305","0.2612999975681305"
"15247","0.2615000009536743","0.2615000009536743","0.2615000009536743"
"15258","0.26179999113082886","0.26179999113082886","0.26179999113082886"
"15269","0.2619999945163727","0.2619999945163727","0.2619999945163727"
"15280","0.26170000433921814","0.26170000433921814","0.26170000433921814"
"15291","0.26190000772476196","0.26190000772476196","0.26190000772476196"
"15302","0.2615000009536743","0.2615000009536743","0.2615000009536743"
"15313","0.26170000433921814","0.26170000433921814","0.26170000433921814"
"15324","0.26170000433921814","0.26170000433921814","0.26170000433921814"
"15335","0.26170000433921814","0.26170000433921814","0.26170000433921814"
"15346","0.26179999113082886","0.26179999113082886","0.26179999113082886"
"15357","0.2619999945163727","0.2619999945163727","0.2619999945163727"
"15368","0.2619999945163727","0.2619999945163727","0.2619999945163727"
"15379","0.26159998774528503","0.26159998774528503","0.26159998774528503"
"15390","0.2613999843597412","0.2613999843597412","0.2613999843597412"
"15401","0.26170000433921814","0.26170000433921814","0.26170000433921814"
"15412","0.2619999945163727","0.2619999945163727","0.2619999945163727"
"15423","0.2619999945163727","0.2619999945163727","0.2619999945163727"
"15434","0.2622999846935272","0.2622999846935272","0.2622999846935272"
"15445","0.2621999979019165","0.2621999979019165","0.2621999979019165"
"15456","0.26190000772476196","0.26190000772476196","0.26190000772476196"
"15467","0.26260000467300415","0.26260000467300415","0.26260000467300415"
"15478","0.26249998807907104","0.26249998807907104","0.26249998807907104"
"15489","0.26260000467300415","0.26260000467300415","0.26260000467300415"
"15500","0.26260000467300415","0.26260000467300415","0.26260000467300415"
"15511","0.26260000467300415","0.26260000467300415","0.26260000467300415"
"15522","0.26269999146461487","0.26269999146461487","0.26269999146461487"
"15533","0.26269999146461487","0.26269999146461487","0.26269999146461487"
"15544","0.26269999146461487","0.26269999146461487","0.26269999146461487"
"15555","0.2629999816417694","0.2629999816417694","0.2629999816417694"
"15566","0.2624000012874603","0.2624000012874603","0.2624000012874603"
"15577","0.26260000467300415","0.26260000467300415","0.26260000467300415"
"15588","0.262800008058548","0.262800008058548","0.262800008058548"
"15599","0.2630999982357025","0.2630999982357025","0.2630999982357025"
"15610","0.2630999982357025","0.2630999982357025","0.2630999982357025"
"15621","0.2628999948501587","0.2628999948501587","0.2628999948501587"
"15632","0.2628999948501587","0.2628999948501587","0.2628999948501587"
"15643","0.2624000012874603","0.2624000012874603","0.2624000012874603"
"15654","0.262800008058548","0.262800008058548","0.262800008058548"
"15665","0.26269999146461487","0.26269999146461487","0.26269999146461487"
"15676","0.26260000467300415","0.26260000467300415","0.26260000467300415"
"15687","0.2624000012874603","0.2624000012874603","0.2624000012874603"
"15698","0.26249998807907104","0.26249998807907104","0.26249998807907104"
"15709","0.2622999846935272","0.2622999846935272","0.2622999846935272"
"15720","0.26260000467300415","0.26260000467300415","0.26260000467300415"
"15731","0.26269999146461487","0.26269999146461487","0.26269999146461487"
"15742","0.2624000012874603","0.2624000012874603","0.2624000012874603"
"15753","0.26190000772476196","0.26190000772476196","0.26190000772476196"
"15764","0.2624000012874603","0.2624000012874603","0.2624000012874603"
"15775","0.2624000012874603","0.2624000012874603","0.2624000012874603"
"15786","0.2622999846935272","0.2622999846935272","0.2622999846935272"
"15797","0.2624000012874603","0.2624000012874603","0.2624000012874603"
"15808","0.26249998807907104","0.26249998807907104","0.26249998807907104"
"15819","0.2624000012874603","0.2624000012874603","0.2624000012874603"
"15830","0.2620999813079834","0.2620999813079834","0.2620999813079834"
"15841","0.2621999979019165","0.2621999979019165","0.2621999979019165"
"15852","0.2624000012874603","0.2624000012874603","0.2624000012874603"
"15863","0.2624000012874603","0.2624000012874603","0.2624000012874603"
"15874","0.2621999979019165","0.2621999979019165","0.2621999979019165"
"15885","0.26269999146461487","0.26269999146461487","0.26269999146461487"
"15896","0.2624000012874603","0.2624000012874603","0.2624000012874603"
"15907","0.2622999846935272","0.2622999846935272","0.2622999846935272"
"15918","0.26269999146461487","0.26269999146461487","0.26269999146461487"
"15929","0.26260000467300415","0.26260000467300415","0.26260000467300415"
"15940","0.2622999846935272","0.2622999846935272","0.2622999846935272"
"15951","0.26269999146461487","0.26269999146461487","0.26269999146461487"
"15962","0.26260000467300415","0.26260000467300415","0.26260000467300415"
"15973","0.26260000467300415","0.26260000467300415","0.26260000467300415"
"15984","0.2622999846935272","0.2622999846935272","0.2622999846935272"
"15995","0.26249998807907104","0.26249998807907104","0.26249998807907104"
"16006","0.2622999846935272","0.2622999846935272","0.2622999846935272"
"16017","0.2622999846935272","0.2622999846935272","0.2622999846935272"
"16028","0.2620999813079834","0.2620999813079834","0.2620999813079834"
"16039","0.2622999846935272","0.2622999846935272","0.2622999846935272"
"16050","0.2622999846935272","0.2622999846935272","0.2622999846935272"
"16061","0.26269999146461487","0.26269999146461487","0.26269999146461487"
"16072","0.262800008058548","0.262800008058548","0.262800008058548"
"16083","0.262800008058548","0.262800008058548","0.262800008058548"
"16094","0.262800008058548","0.262800008058548","0.262800008058548"
"16105","0.2628999948501587","0.2628999948501587","0.2628999948501587"
"16116","0.26339998841285706","0.26339998841285706","0.26339998841285706"
"16127","0.2630999982357025","0.2630999982357025","0.2630999982357025"
"16138","0.26350000500679016","0.26350000500679016","0.26350000500679016"
"16149","0.26350000500679016","0.26350000500679016","0.26350000500679016"
"16160","0.26330000162124634","0.26330000162124634","0.26330000162124634"
"16171","0.26339998841285706","0.26339998841285706","0.26339998841285706"
"16182","0.26339998841285706","0.26339998841285706","0.26339998841285706"
"16193","0.2636999785900116","0.2636999785900116","0.2636999785900116"
"16204","0.26319998502731323","0.26319998502731323","0.26319998502731323"
"16215","0.2636999785900116","0.2636999785900116","0.2636999785900116"
"16226","0.2637999951839447","0.2637999951839447","0.2637999951839447"
"16237","0.2638999819755554","0.2638999819755554","0.2638999819755554"
"16248","0.26409998536109924","0.26409998536109924","0.26409998536109924"
"16259","0.26429998874664307","0.26429998874664307","0.26429998874664307"
"16270","0.2645999789237976","0.2645999789237976","0.2645999789237976"
"16281","0.2646999955177307","0.2646999955177307","0.2646999955177307"
"16292","0.26489999890327454","0.26489999890327454","0.26489999890327454"
"16303","0.26489999890327454","0.26489999890327454","0.26489999890327454"
"16314","0.26499998569488525","0.26499998569488525","0.26499998569488525"
"16325","0.2651999890804291","0.2651999890804291","0.2651999890804291"
"16336","0.26479998230934143","0.26479998230934143","0.26479998230934143"
"16347","0.2651999890804291","0.2651999890804291","0.2651999890804291"
"16358","0.26499998569488525","0.26499998569488525","0.26499998569488525"
"16369","0.26479998230934143","0.26479998230934143","0.26479998230934143"
"16380","0.26479998230934143","0.26479998230934143","0.26479998230934143"
"16391","0.26499998569488525","0.26499998569488525","0.26499998569488525"
"16402","0.2645999789237976","0.2645999789237976","0.2645999789237976"
"16413","0.26440000534057617","0.26440000534057617","0.26440000534057617"
"16424","0.26440000534057617","0.26440000534057617","0.26440000534057617"
"16435","0.2645999789237976","0.2645999789237976","0.2645999789237976"
"16446","0.26510000228881836","0.26510000228881836","0.26510000228881836"
"16457","0.26499998569488525","0.26499998569488525","0.26499998569488525"
"16468","0.26489999890327454","0.26489999890327454","0.26489999890327454"
"16479","0.2651999890804291","0.2651999890804291","0.2651999890804291"
"16490","0.2654999792575836","0.2654999792575836","0.2654999792575836"
"16501","0.26569998264312744","0.26569998264312744","0.26569998264312744"
"16512","0.2655999958515167","0.2655999958515167","0.2655999958515167"
"16523","0.2653999924659729","0.2653999924659729","0.2653999924659729"
"16534","0.2653999924659729","0.2653999924659729","0.2653999924659729"
"16545","0.2653000056743622","0.2653000056743622","0.2653000056743622"
"16556","0.2651999890804291","0.2651999890804291","0.2651999890804291"
"16567","0.2654999792575836","0.2654999792575836","0.2654999792575836"
"16578","0.2655999958515167","0.2655999958515167","0.2655999958515167"
"16589","0.2662999927997589","0.2662999927997589","0.2662999927997589"
"16600","0.26600000262260437","0.26600000262260437","0.26600000262260437"
"16611","0.2660999894142151","0.2660999894142151","0.2660999894142151"
"16622","0.2660999894142151","0.2660999894142151","0.2660999894142151"
"16633","0.26589998602867126","0.26589998602867126","0.26589998602867126"
"16644","0.2662000060081482","0.2662000060081482","0.2662000060081482"
"16655","0.26600000262260437","0.26600000262260437","0.26600000262260437"
"16666","0.2662000060081482","0.2662000060081482","0.2662000060081482"
"16677","0.26639997959136963","0.26639997959136963","0.26639997959136963"
"16688","0.26649999618530273","0.26649999618530273","0.26649999618530273"
"16699","0.26639997959136963","0.26639997959136963","0.26639997959136963"
"16710","0.26649999618530273","0.26649999618530273","0.26649999618530273"
"16721","0.2667999863624573","0.2667999863624573","0.2667999863624573"
"16732","0.26649999618530273","0.26649999618530273","0.26649999618530273"
"16743","0.26669999957084656","0.26669999957084656","0.26669999957084656"
"16754","0.26659998297691345","0.26659998297691345","0.26659998297691345"
"16765","0.2667999863624573","0.2667999863624573","0.2667999863624573"
"16776","0.26669999957084656","0.26669999957084656","0.26669999957084656"
"16787","0.2667999863624573","0.2667999863624573","0.2667999863624573"
"16798","0.2671000063419342","0.2671000063419342","0.2671000063419342"
"16809","0.2671000063419342","0.2671000063419342","0.2671000063419342"
"16820","0.2667999863624573","0.2667999863624573","0.2667999863624573"
"16831","0.2669999897480011","0.2669999897480011","0.2669999897480011"
"16842","0.26669999957084656","0.26669999957084656","0.26669999957084656"
"16853","0.2669999897480011","0.2669999897480011","0.2669999897480011"
"16864","0.2671999931335449","0.2671999931335449","0.2671999931335449"
"16875","0.2671999931335449","0.2671999931335449","0.2671999931335449"
"16886","0.2671000063419342","0.2671000063419342","0.2671000063419342"
"16897","0.2669999897480011","0.2669999897480011","0.2669999897480011"
"16908","0.26669999957084656","0.26669999957084656","0.26669999957084656"
"16919","0.2667999863624573","0.2667999863624573","0.2667999863624573"
"16930","0.2669000029563904","0.2669000029563904","0.2669000029563904"
"16941","0.26669999957084656","0.26669999957084656","0.26669999957084656"
"16952","0.2667999863624573","0.2667999863624573","0.2667999863624573"
"16963","0.26669999957084656","0.26669999957084656","0.26669999957084656"
"16974","0.26649999618530273","0.26649999618530273","0.26649999618530273"
"16985","0.2667999863624573","0.2667999863624573","0.2667999863624573"
"16996","0.2667999863624573","0.2667999863624573","0.2667999863624573"
"17007","0.26649999618530273","0.26649999618530273","0.26649999618530273"
"17018","0.26659998297691345","0.26659998297691345","0.26659998297691345"
"17029","0.26669999957084656","0.26669999957084656","0.26669999957084656"
"17040","0.26649999618530273","0.26649999618530273","0.26649999618530273"
"17051","0.26669999957084656","0.26669999957084656","0.26669999957084656"
"17062","0.2671000063419342","0.2671000063419342","0.2671000063419342"
"17073","0.26669999957084656","0.26669999957084656","0.26669999957084656"
"17084","0.2671999931335449","0.2671999931335449","0.2671999931335449"
"17095","0.2667999863624573","0.2667999863624573","0.2667999863624573"
"17106","0.26669999957084656","0.26669999957084656","0.26669999957084656"
"17117","0.2671000063419342","0.2671000063419342","0.2671000063419342"
"17128","0.2667999863624573","0.2667999863624573","0.2667999863624573"
"17139","0.2669000029563904","0.2669000029563904","0.2669000029563904"
"17150","0.2667999863624573","0.2667999863624573","0.2667999863624573"
"17161","0.2667999863624573","0.2667999863624573","0.2667999863624573"
"17172","0.2671000063419342","0.2671000063419342","0.2671000063419342"
"17183","0.26739999651908875","0.26739999651908875","0.26739999651908875"
"17194","0.26729997992515564","0.26729997992515564","0.26729997992515564"
"17205","0.26759999990463257","0.26759999990463257","0.26759999990463257"
"17216","0.26729997992515564","0.26729997992515564","0.26729997992515564"
"17227","0.2669999897480011","0.2669999897480011","0.2669999897480011"
"17238","0.2669999897480011","0.2669999897480011","0.2669999897480011"
"17249","0.2669000029563904","0.2669000029563904","0.2669000029563904"
"17260","0.2671000063419342","0.2671000063419342","0.2671000063419342"
"17271","0.2671000063419342","0.2671000063419342","0.2671000063419342"
"17282","0.2669999897480011","0.2669999897480011","0.2669999897480011"
"17293","0.2669000029563904","0.2669000029563904","0.2669000029563904"
"17304","0.2671999931335449","0.2671999931335449","0.2671999931335449"
"17315","0.26739999651908875","0.26739999651908875","0.26739999651908875"
"17326","0.26759999990463257","0.26759999990463257","0.26759999990463257"
"17337","0.2678000032901764","0.2678000032901764","0.2678000032901764"
"17348","0.2678000032901764","0.2678000032901764","0.2678000032901764"
"17359","0.2678000032901764","0.2678000032901764","0.2678000032901764"
"17370","0.2678000032901764","0.2678000032901764","0.2678000032901764"
"17381","0.2678999900817871","0.2678999900817871","0.2678999900817871"
"17392","0.26729997992515564","0.26729997992515564","0.26729997992515564"
"17403","0.2678999900817871","0.2678999900817871","0.2678999900817871"
"17414","0.26819998025894165","0.26819998025894165","0.26819998025894165"
"17425","0.26809999346733093","0.26809999346733093","0.26809999346733093"
"17436","0.2676999866962433","0.2676999866962433","0.2676999866962433"
"17447","0.2680000066757202","0.2680000066757202","0.2680000066757202"
"17458","0.26819998025894165","0.26819998025894165","0.26819998025894165"
"17469","0.2680000066757202","0.2680000066757202","0.2680000066757202"
"17480","0.2678999900817871","0.2678999900817871","0.2678999900817871"
"17491","0.2685999870300293","0.2685999870300293","0.2685999870300293"
"17502","0.2683999836444855","0.2683999836444855","0.2683999836444855"
"17513","0.2687000036239624","0.2687000036239624","0.2687000036239624"
"17524","0.2685000002384186","0.2685000002384186","0.2685000002384186"
"17535","0.2689000070095062","0.2689000070095062","0.2689000070095062"
"17546","0.2689000070095062","0.2689000070095062","0.2689000070095062"
"17557","0.2685999870300293","0.2685999870300293","0.2685999870300293"
"17568","0.2685999870300293","0.2685999870300293","0.2685999870300293"
"17579","0.2685000002384186","0.2685000002384186","0.2685000002384186"
"17590","0.2680000066757202","0.2680000066757202","0.2680000066757202"
"17601","0.26819998025894165","0.26819998025894165","0.26819998025894165"
"17612","0.2683999836444855","0.2683999836444855","0.2683999836444855"
"17623","0.2687999904155731","0.2687999904155731","0.2687999904155731"
"17634","0.2687000036239624","0.2687000036239624","0.2687000036239624"
"17645","0.2687999904155731","0.2687999904155731","0.2687999904155731"
"17656","0.2687999904155731","0.2687999904155731","0.2687999904155731"
"17667","0.26899999380111694","0.26899999380111694","0.26899999380111694"
"17678","0.2689000070095062","0.2689000070095062","0.2689000070095062"
"17689","0.26909998059272766","0.26909998059272766","0.26909998059272766"
"17700","0.26909998059272766","0.26909998059272766","0.26909998059272766"
"17711","0.26899999380111694","0.26899999380111694","0.26899999380111694"
"17722","0.2689000070095062","0.2689000070095062","0.2689000070095062"
"17733","0.2687000036239624","0.2687000036239624","0.2687000036239624"
"17744","0.2689000070095062","0.2689000070095062","0.2689000070095062"
"17755","0.26899999380111694","0.26899999380111694","0.26899999380111694"
"17766","0.26909998059272766","0.26909998059272766","0.26909998059272766"
"17777","0.26909998059272766","0.26909998059272766","0.26909998059272766"
"17788","0.26909998059272766","0.26909998059272766","0.26909998059272766"
"17799","0.26909998059272766","0.26909998059272766","0.26909998059272766"
"17810","0.2694000005722046","0.2694000005722046","0.2694000005722046"
"17821","0.2694999873638153","0.2694999873638153","0.2694999873638153"
"17832","0.2694000005722046","0.2694000005722046","0.2694000005722046"
"17843","0.2692999839782715","0.2692999839782715","0.2692999839782715"
"17854","0.26919999718666077","0.26919999718666077","0.26919999718666077"
"17865","0.26919999718666077","0.26919999718666077","0.26919999718666077"
"17876","0.2692999839782715","0.2692999839782715","0.2692999839782715"
"17887","0.2694000005722046","0.2694000005722046","0.2694000005722046"
"17898","0.2694999873638153","0.2694999873638153","0.2694999873638153"
"17909","0.2694999873638153","0.2694999873638153","0.2694999873638153"
"17920","0.2696000039577484","0.2696000039577484","0.2696000039577484"
"17931","0.2692999839782715","0.2692999839782715","0.2692999839782715"
"17942","0.2696000039577484","0.2696000039577484","0.2696000039577484"
"17953","0.2694999873638153","0.2694999873638153","0.2694999873638153"
"17964","0.26969999074935913","0.26969999074935913","0.26969999074935913"
"17975","0.2700999975204468","0.2700999975204468","0.2700999975204468"
"17986","0.26999998092651367","0.26999998092651367","0.26999998092651367"
"17997","0.2700999975204468","0.2700999975204468","0.2700999975204468"
"18008","0.26969999074935913","0.26969999074935913","0.26969999074935913"
"18019","0.26980000734329224","0.26980000734329224","0.26980000734329224"
"18030","0.2703999876976013","0.2703999876976013","0.2703999876976013"
"18041","0.2701999843120575","0.2701999843120575","0.2701999843120575"
"18052","0.2705000042915344","0.2705000042915344","0.2705000042915344"
"18063","0.2701999843120575","0.2701999843120575","0.2701999843120575"
"18074","0.2701999843120575","0.2701999843120575","0.2701999843120575"
"18085","0.26980000734329224","0.26980000734329224","0.26980000734329224"
"18096","0.2703000009059906","0.2703000009059906","0.2703000009059906"
"18107","0.2700999975204468","0.2700999975204468","0.2700999975204468"
"18118","0.27059999108314514","0.27059999108314514","0.27059999108314514"
"18129","0.2701999843120575","0.2701999843120575","0.2701999843120575"
"18140","0.26980000734329224","0.26980000734329224","0.26980000734329224"
"18151","0.2694999873638153","0.2694999873638153","0.2694999873638153"
"18162","0.2696000039577484","0.2696000039577484","0.2696000039577484"
"18173","0.26969999074935913","0.26969999074935913","0.26969999074935913"
"18184","0.26999998092651367","0.26999998092651367","0.26999998092651367"
"18195","0.2701999843120575","0.2701999843120575","0.2701999843120575"
"18206","0.27059999108314514","0.27059999108314514","0.27059999108314514"
"18217","0.27059999108314514","0.27059999108314514","0.27059999108314514"
"18228","0.2700999975204468","0.2700999975204468","0.2700999975204468"
"18239","0.2701999843120575","0.2701999843120575","0.2701999843120575"
"18250","0.2705000042915344","0.2705000042915344","0.2705000042915344"
"18261","0.2705000042915344","0.2705000042915344","0.2705000042915344"
"18272","0.27059999108314514","0.27059999108314514","0.27059999108314514"
"18283","0.2708999812602997","0.2708999812602997","0.2708999812602997"
"18294","0.2710999846458435","0.2710999846458435","0.2710999846458435"
"18305","0.2708999812602997","0.2708999812602997","0.2708999812602997"
"18316","0.2709999978542328","0.2709999978542328","0.2709999978542328"
"18327","0.27079999446868896","0.27079999446868896","0.27079999446868896"
"18338","0.27059999108314514","0.27059999108314514","0.27059999108314514"
"18349","0.27070000767707825","0.27070000767707825","0.27070000767707825"
"18360","0.27059999108314514","0.27059999108314514","0.27059999108314514"
"18371","0.2708999812602997","0.2708999812602997","0.2708999812602997"
"18382","0.27079999446868896","0.27079999446868896","0.27079999446868896"
"18393","0.27079999446868896","0.27079999446868896","0.27079999446868896"
"18404","0.27070000767707825","0.27070000767707825","0.27070000767707825"
"18415","0.2703999876976013","0.2703999876976013","0.2703999876976013"
"18426","0.27059999108314514","0.27059999108314514","0.27059999108314514"
"18437","0.2712000012397766","0.2712000012397766","0.2712000012397766"
"18448","0.2708999812602997","0.2708999812602997","0.2708999812602997"
"18459","0.2708999812602997","0.2708999812602997","0.2708999812602997"
"18470","0.27129998803138733","0.27129998803138733","0.27129998803138733"
"18481","0.2708999812602997","0.2708999812602997","0.2708999812602997"
"18492","0.27079999446868896","0.27079999446868896","0.27079999446868896"
"18503","0.2708999812602997","0.2708999812602997","0.2708999812602997"
"18514","0.2709999978542328","0.2709999978542328","0.2709999978542328"
"18525","0.27079999446868896","0.27079999446868896","0.27079999446868896"
"18536","0.2709999978542328","0.2709999978542328","0.2709999978542328"
"18547","0.2708999812602997","0.2708999812602997","0.2708999812602997"
"18558","0.2712000012397766","0.2712000012397766","0.2712000012397766"
"18569","0.27160000801086426","0.27160000801086426","0.27160000801086426"
"18580","0.27149999141693115","0.27149999141693115","0.27149999141693115"
"18591","0.27140000462532043","0.27140000462532043","0.27140000462532043"
"18602","0.27129998803138733","0.27129998803138733","0.27129998803138733"
"18613","0.27140000462532043","0.27140000462532043","0.27140000462532043"
"18624","0.27149999141693115","0.27149999141693115","0.27149999141693115"
"18635","0.27129998803138733","0.27129998803138733","0.27129998803138733"
"18646","0.27129998803138733","0.27129998803138733","0.27129998803138733"
"18657","0.27160000801086426","0.27160000801086426","0.27160000801086426"
"18668","0.27160000801086426","0.27160000801086426","0.27160000801086426"
"18679","0.2721000015735626","0.2721000015735626","0.2721000015735626"
"18690","0.27219998836517334","0.27219998836517334","0.27219998836517334"
"18701","0.27230000495910645","0.27230000495910645","0.27230000495910645"
"18712","0.2718999981880188","0.2718999981880188","0.2718999981880188"
"18723","0.2717999815940857","0.2717999815940857","0.2717999815940857"
"18734","0.27160000801086426","0.27160000801086426","0.27160000801086426"
"18745","0.27160000801086426","0.27160000801086426","0.27160000801086426"
"18756","0.27129998803138733","0.27129998803138733","0.27129998803138733"
"18767","0.2712000012397766","0.2712000012397766","0.2712000012397766"
"18778","0.27160000801086426","0.27160000801086426","0.27160000801086426"
"18789","0.271699994802475","0.271699994802475","0.271699994802475"
"18800","0.27140000462532043","0.27140000462532043","0.27140000462532043"
"18811","0.27149999141693115","0.27149999141693115","0.27149999141693115"
"18822","0.271699994802475","0.271699994802475","0.271699994802475"
"18833","0.27160000801086426","0.27160000801086426","0.27160000801086426"
"18844","0.271699994802475","0.271699994802475","0.271699994802475"
"18855","0.2719999849796295","0.2719999849796295","0.2719999849796295"
"18866","0.2717999815940857","0.2717999815940857","0.2717999815940857"
"18877","0.27219998836517334","0.27219998836517334","0.27219998836517334"
"18888","0.27219998836517334","0.27219998836517334","0.27219998836517334"
"18899","0.27230000495910645","0.27230000495910645","0.27230000495910645"
"18910","0.2718999981880188","0.2718999981880188","0.2718999981880188"
"18921","0.2719999849796295","0.2719999849796295","0.2719999849796295"
"18932","0.27219998836517334","0.27219998836517334","0.27219998836517334"
"18943","0.27230000495910645","0.27230000495910645","0.27230000495910645"
"18954","0.27219998836517334","0.27219998836517334","0.27219998836517334"
"18965","0.272599995136261","0.272599995136261","0.272599995136261"
"18976","0.27230000495910645","0.27230000495910645","0.27230000495910645"
"18987","0.2719999849796295","0.2719999849796295","0.2719999849796295"
"18998","0.27230000495910645","0.27230000495910645","0.27230000495910645"
"19009","0.272599995136261","0.272599995136261","0.272599995136261"
"19020","0.2726999819278717","0.2726999819278717","0.2726999819278717"
"19031","0.2726999819278717","0.2726999819278717","0.2726999819278717"
"19042","0.2727999985218048","0.2727999985218048","0.2727999985218048"
"19053","0.27309998869895935","0.27309998869895935","0.27309998869895935"
"19064","0.27309998869895935","0.27309998869895935","0.27309998869895935"
"19075","0.2728999853134155","0.2728999853134155","0.2728999853134155"
"19086","0.27309998869895935","0.27309998869895935","0.27309998869895935"
"19097","0.27300000190734863","0.27300000190734863","0.27300000190734863"
"19108","0.27309998869895935","0.27309998869895935","0.27309998869895935"
"19119","0.27320000529289246","0.27320000529289246","0.27320000529289246"
"19130","0.27300000190734863","0.27300000190734863","0.27300000190734863"
"19141","0.27309998869895935","0.27309998869895935","0.27309998869895935"
"19152","0.27309998869895935","0.27309998869895935","0.27309998869895935"
"19163","0.27320000529289246","0.27320000529289246","0.27320000529289246"
"19174","0.27320000529289246","0.27320000529289246","0.27320000529289246"
"19185","0.27309998869895935","0.27309998869895935","0.27309998869895935"
"19196","0.2728999853134155","0.2728999853134155","0.2728999853134155"
"19207","0.272599995136261","0.272599995136261","0.272599995136261"
"19218","0.27239999175071716","0.27239999175071716","0.27239999175071716"
"19229","0.2724999785423279","0.2724999785423279","0.2724999785423279"
"19240","0.2724999785423279","0.2724999785423279","0.2724999785423279"
"19251","0.272599995136261","0.272599995136261","0.272599995136261"
"19262","0.2724999785423279","0.2724999785423279","0.2724999785423279"
"19273","0.2727999985218048","0.2727999985218048","0.2727999985218048"
"19284","0.2726999819278717","0.2726999819278717","0.2726999819278717"
"19295","0.2727999985218048","0.2727999985218048","0.2727999985218048"
"19306","0.27309998869895935","0.27309998869895935","0.27309998869895935"
"19317","0.2732999920845032","0.2732999920845032","0.2732999920845032"
"19328","0.2732999920845032","0.2732999920845032","0.2732999920845032"
"19339","0.27320000529289246","0.27320000529289246","0.27320000529289246"
"19350","0.2733999788761139","0.2733999788761139","0.2733999788761139"
"19361","0.2732999920845032","0.2732999920845032","0.2732999920845032"
"19372","0.2732999920845032","0.2732999920845032","0.2732999920845032"
"19383","0.2733999788761139","0.2733999788761139","0.2733999788761139"
"19394","0.273499995470047","0.273499995470047","0.273499995470047"
"19405","0.2735999822616577","0.2735999822616577","0.2735999822616577"
"19416","0.2735999822616577","0.2735999822616577","0.2735999822616577"
"19427","0.2736999988555908","0.2736999988555908","0.2736999988555908"
"19438","0.2735999822616577","0.2735999822616577","0.2735999822616577"
"19449","0.27410000562667847","0.27410000562667847","0.27410000562667847"
"19460","0.27379998564720154","0.27379998564720154","0.27379998564720154"
"19471","0.2736999988555908","0.2736999988555908","0.2736999988555908"
"19482","0.27390000224113464","0.27390000224113464","0.27390000224113464"
"19493","0.2741999924182892","0.2741999924182892","0.2741999924182892"
"19504","0.274399995803833","0.274399995803833","0.274399995803833"
"19515","0.27469998598098755","0.27469998598098755","0.27469998598098755"
"19526","0.2742999792098999","0.2742999792098999","0.2742999792098999"
"19537","0.2742999792098999","0.2742999792098999","0.2742999792098999"
"19548","0.2742999792098999","0.2742999792098999","0.2742999792098999"
"19559","0.2744999825954437","0.2744999825954437","0.2744999825954437"
"19570","0.2742999792098999","0.2742999792098999","0.2742999792098999"
"19581","0.2742999792098999","0.2742999792098999","0.2742999792098999"
"19592","0.274399995803833","0.274399995803833","0.274399995803833"
"19603","0.2744999825954437","0.2744999825954437","0.2744999825954437"
"19614","0.27459999918937683","0.27459999918937683","0.27459999918937683"
"19625","0.27459999918937683","0.27459999918937683","0.27459999918937683"
"19636","0.27480000257492065","0.27480000257492065","0.27480000257492065"
"19647","0.27480000257492065","0.27480000257492065","0.27480000257492065"
"19658","0.27469998598098755","0.27469998598098755","0.27469998598098755"
"19669","0.27459999918937683","0.27459999918937683","0.27459999918937683"
"19680","0.27459999918937683","0.27459999918937683","0.27459999918937683"
"19691","0.2750999927520752","0.2750999927520752","0.2750999927520752"
"19702","0.27480000257492065","0.27480000257492065","0.27480000257492065"
"19713","0.2751999795436859","0.2751999795436859","0.2751999795436859"
"19724","0.2751999795436859","0.2751999795436859","0.2751999795436859"
"19735","0.2750000059604645","0.2750000059604645","0.2750000059604645"
"19746","0.2750999927520752","0.2750999927520752","0.2750999927520752"
"19757","0.2750000059604645","0.2750000059604645","0.2750000059604645"
"19768","0.27489998936653137","0.27489998936653137","0.27489998936653137"
"19779","0.2751999795436859","0.2751999795436859","0.2751999795436859"
"19790","0.2750000059604645","0.2750000059604645","0.2750000059604645"
"19801","0.2751999795436859","0.2751999795436859","0.2751999795436859"
"19812","0.27480000257492065","0.27480000257492065","0.27480000257492065"
"19823","0.2750000059604645","0.2750000059604645","0.2750000059604645"
"19834","0.2750999927520752","0.2750999927520752","0.2750999927520752"
"19845","0.27489998936653137","0.27489998936653137","0.27489998936653137"
"19856","0.2750999927520752","0.2750999927520752","0.2750999927520752"
"19867","0.2750999927520752","0.2750999927520752","0.2750999927520752"
"19878","0.2751999795436859","0.2751999795436859","0.2751999795436859"
"19889","0.27539998292922974","0.27539998292922974","0.27539998292922974"
"19900","0.27549999952316284","0.27549999952316284","0.27549999952316284"
"19911","0.27570000290870667","0.27570000290870667","0.27570000290870667"
"19922","0.2757999897003174","0.2757999897003174","0.2757999897003174"
"19933","0.2759999930858612","0.2759999930858612","0.2759999930858612"
"19944","0.2757999897003174","0.2757999897003174","0.2757999897003174"
"19955","0.27570000290870667","0.27570000290870667","0.27570000290870667"
"19966","0.27649998664855957","0.27649998664855957","0.27649998664855957"
"19977","0.2768000066280365","0.2768000066280365","0.2768000066280365"
"19988","0.2768000066280365","0.2768000066280365","0.2768000066280365"
"19999","0.2768999934196472","0.2768999934196472","0.2768999934196472"
"20010","0.2766000032424927","0.2766000032424927","0.2766000032424927"
"20021","0.27699998021125793","0.27699998021125793","0.27699998021125793"
"20032","0.2768999934196472","0.2768999934196472","0.2768999934196472"
"20043","0.27699998021125793","0.27699998021125793","0.27699998021125793"
"20054","0.27719998359680176","0.27719998359680176","0.27719998359680176"
"20065","0.2768999934196472","0.2768999934196472","0.2768999934196472"
"20076","0.27699998021125793","0.27699998021125793","0.27699998021125793"
"20087","0.27699998021125793","0.27699998021125793","0.27699998021125793"
"20098","0.27719998359680176","0.27719998359680176","0.27719998359680176"
"20109","0.2768999934196472","0.2768999934196472","0.2768999934196472"
"20120","0.27699998021125793","0.27699998021125793","0.27699998021125793"
"20131","0.2766999900341034","0.2766999900341034","0.2766999900341034"
"20142","0.27730000019073486","0.27730000019073486","0.27730000019073486"
"20153","0.2773999869823456","0.2773999869823456","0.2773999869823456"
"20164","0.2775000035762787","0.2775000035762787","0.2775000035762787"
"20175","0.27730000019073486","0.27730000019073486","0.27730000019073486"
"20186","0.2773999869823456","0.2773999869823456","0.2773999869823456"
"20197","0.27730000019073486","0.27730000019073486","0.27730000019073486"
"20208","0.2777000069618225","0.2777000069618225","0.2777000069618225"
"20219","0.2773999869823456","0.2773999869823456","0.2773999869823456"
"20230","0.27730000019073486","0.27730000019073486","0.27730000019073486"
"20241","0.27719998359680176","0.27719998359680176","0.27719998359680176"
"20252","0.27719998359680176","0.27719998359680176","0.27719998359680176"
"20263","0.2775000035762787","0.2775000035762787","0.2775000035762787"
"20274","0.2777999937534332","0.2777999937534332","0.2777999937534332"
"20285","0.2777000069618225","0.2777000069618225","0.2777000069618225"
"20296","0.2777000069618225","0.2777000069618225","0.2777000069618225"
"20307","0.2777999937534332","0.2777999937534332","0.2777999937534332"
"20318","0.2777999937534332","0.2777999937534332","0.2777999937534332"
"20329","0.2773999869823456","0.2773999869823456","0.2773999869823456"
"20340","0.2777999937534332","0.2777999937534332","0.2777999937534332"
"20351","0.27789998054504395","0.27789998054504395","0.27789998054504395"
"20362","0.27789998054504395","0.27789998054504395","0.27789998054504395"
"20373","0.27809998393058777","0.27809998393058777","0.27809998393058777"
"20384","0.27809998393058777","0.27809998393058777","0.27809998393058777"
"20395","0.2782000005245209","0.2782000005245209","0.2782000005245209"
"20406","0.2782999873161316","0.2782999873161316","0.2782999873161316"
"20417","0.2784999907016754","0.2784999907016754","0.2784999907016754"
"20428","0.2786000072956085","0.2786000072956085","0.2786000072956085"
"20439","0.27869999408721924","0.27869999408721924","0.27869999408721924"
"20450","0.27879998087882996","0.27879998087882996","0.27879998087882996"
"20461","0.27879998087882996","0.27879998087882996","0.27879998087882996"
"20472","0.27889999747276306","0.27889999747276306","0.27889999747276306"
"20483","0.2791999876499176","0.2791999876499176","0.2791999876499176"
"20494","0.2791999876499176","0.2791999876499176","0.2791999876499176"
"20505","0.27879998087882996","0.27879998087882996","0.27879998087882996"
"20516","0.27879998087882996","0.27879998087882996","0.27879998087882996"
"20527","0.2789999842643738","0.2789999842643738","0.2789999842643738"
"20538","0.2791999876499176","0.2791999876499176","0.2791999876499176"
"20549","0.27950000762939453","0.27950000762939453","0.27950000762939453"
"20560","0.27959999442100525","0.27959999442100525","0.27959999442100525"
"20571","0.27950000762939453","0.27950000762939453","0.27950000762939453"
"20582","0.27959999442100525","0.27959999442100525","0.27959999442100525"
"20593","0.27969998121261597","0.27969998121261597","0.27969998121261597"
"20604","0.2797999978065491","0.2797999978065491","0.2797999978065491"
"20615","0.2797999978065491","0.2797999978065491","0.2797999978065491"
"20626","0.2797999978065491","0.2797999978065491","0.2797999978065491"
"20637","0.2798999845981598","0.2798999845981598","0.2798999845981598"
"20648","0.2798999845981598","0.2798999845981598","0.2798999845981598"
"20659","0.27969998121261597","0.27969998121261597","0.27969998121261597"
"20670","0.27969998121261597","0.27969998121261597","0.27969998121261597"
"20681","0.27950000762939453","0.27950000762939453","0.27950000762939453"
"20692","0.2798999845981598","0.2798999845981598","0.2798999845981598"
"20703","0.27959999442100525","0.27959999442100525","0.27959999442100525"
"20714","0.27950000762939453","0.27950000762939453","0.27950000762939453"
"20725","0.2793999910354614","0.2793999910354614","0.2793999910354614"
"20736","0.27969998121261597","0.27969998121261597","0.27969998121261597"
"20747","0.2800000011920929","0.2800000011920929","0.2800000011920929"
"20758","0.2800999879837036","0.2800999879837036","0.2800999879837036"
"20769","0.28039997816085815","0.28039997816085815","0.28039997816085815"
"20780","0.28049999475479126","0.28049999475479126","0.28049999475479126"
"20791","0.28039997816085815","0.28039997816085815","0.28039997816085815"
"20802","0.28029999136924744","0.28029999136924744","0.28029999136924744"
"20813","0.28029999136924744","0.28029999136924744","0.28029999136924744"
"20824","0.28049999475479126","0.28049999475479126","0.28049999475479126"
"20835","0.2806999981403351","0.2806999981403351","0.2806999981403351"
"20846","0.2807999849319458","0.2807999849319458","0.2807999849319458"
"20857","0.2809000015258789","0.2809000015258789","0.2809000015258789"
"20868","0.28119999170303345","0.28119999170303345","0.28119999170303345"
"20879","0.2809999883174896","0.2809999883174896","0.2809999883174896"
"20890","0.28119999170303345","0.28119999170303345","0.28119999170303345"
"20901","0.28129997849464417","0.28129997849464417","0.28129997849464417"
"20912","0.28129997849464417","0.28129997849464417","0.28129997849464417"
"20923","0.2809999883174896","0.2809999883174896","0.2809999883174896"
"20934","0.28110000491142273","0.28110000491142273","0.28110000491142273"
"20945","0.2807999849319458","0.2807999849319458","0.2807999849319458"
"20956","0.28110000491142273","0.28110000491142273","0.28110000491142273"
"20967","0.2809999883174896","0.2809999883174896","0.2809999883174896"
"20978","0.28139999508857727","0.28139999508857727","0.28139999508857727"
"20989","0.28129997849464417","0.28129997849464417","0.28129997849464417"
"21000","0.28129997849464417","0.28129997849464417","0.28129997849464417"
"21011","0.28110000491142273","0.28110000491142273","0.28110000491142273"
"21022","0.28119999170303345","0.28119999170303345","0.28119999170303345"
"21033","0.28129997849464417","0.28129997849464417","0.28129997849464417"
"21044","0.28139999508857727","0.28139999508857727","0.28139999508857727"
"21055","0.28129997849464417","0.28129997849464417","0.28129997849464417"
"21066","0.281499981880188","0.281499981880188","0.281499981880188"
"21077","0.28129997849464417","0.28129997849464417","0.28129997849464417"
"21088","0.281499981880188","0.281499981880188","0.281499981880188"
"21099","0.28119999170303345","0.28119999170303345","0.28119999170303345"
"21110","0.28119999170303345","0.28119999170303345","0.28119999170303345"
"21121","0.2809999883174896","0.2809999883174896","0.2809999883174896"
"21132","0.28110000491142273","0.28110000491142273","0.28110000491142273"
"21143","0.28129997849464417","0.28129997849464417","0.28129997849464417"
"21154","0.28129997849464417","0.28129997849464417","0.28129997849464417"
"21165","0.2815999984741211","0.2815999984741211","0.2815999984741211"
"21176","0.2816999852657318","0.2816999852657318","0.2816999852657318"
"21187","0.2815999984741211","0.2815999984741211","0.2815999984741211"
"21198","0.2816999852657318","0.2816999852657318","0.2816999852657318"
"21209","0.281499981880188","0.281499981880188","0.281499981880188"
"21220","0.281499981880188","0.281499981880188","0.281499981880188"
"21231","0.2816999852657318","0.2816999852657318","0.2816999852657318"
"21242","0.28129997849464417","0.28129997849464417","0.28129997849464417"
"21253","0.2816999852657318","0.2816999852657318","0.2816999852657318"
"21264","0.2816999852657318","0.2816999852657318","0.2816999852657318"
"21275","0.2818000018596649","0.2818000018596649","0.2818000018596649"
"21286","0.28200000524520874","0.28200000524520874","0.28200000524520874"
"21297","0.28200000524520874","0.28200000524520874","0.28200000524520874"
"21308","0.2822999954223633","0.2822999954223633","0.2822999954223633"
"21319","0.282399982213974","0.282399982213974","0.282399982213974"
"21330","0.2821999788284302","0.2821999788284302","0.2821999788284302"
"21341","0.28200000524520874","0.28200000524520874","0.28200000524520874"
"21352","0.2822999954223633","0.2822999954223633","0.2822999954223633"
"21363","0.282399982213974","0.282399982213974","0.282399982213974"
"21374","0.2822999954223633","0.2822999954223633","0.2822999954223633"
"21385","0.2821999788284302","0.2821999788284302","0.2821999788284302"
"21396","0.282399982213974","0.282399982213974","0.282399982213974"
"21407","0.2822999954223633","0.2822999954223633","0.2822999954223633"
"21418","0.2822999954223633","0.2822999954223633","0.2822999954223633"
"21429","0.28200000524520874","0.28200000524520874","0.28200000524520874"
"21440","0.28189998865127563","0.28189998865127563","0.28189998865127563"
"21451","0.28200000524520874","0.28200000524520874","0.28200000524520874"
"21462","0.2818000018596649","0.2818000018596649","0.2818000018596649"
"21473","0.28209999203681946","0.28209999203681946","0.28209999203681946"
"21484","0.28189998865127563","0.28189998865127563","0.28189998865127563"
"21495","0.2821999788284302","0.2821999788284302","0.2821999788284302"
"21506","0.28189998865127563","0.28189998865127563","0.28189998865127563"
"21517","0.28189998865127563","0.28189998865127563","0.28189998865127563"
"21528","0.2821999788284302","0.2821999788284302","0.2821999788284302"
"21539","0.2822999954223633","0.2822999954223633","0.2822999954223633"
"21550","0.2825999855995178","0.2825999855995178","0.2825999855995178"
"21561","0.2827000021934509","0.2827000021934509","0.2827000021934509"
"21572","0.2824999988079071","0.2824999988079071","0.2824999988079071"
"21583","0.2827000021934509","0.2827000021934509","0.2827000021934509"
"21594","0.2827000021934509","0.2827000021934509","0.2827000021934509"
"21605","0.282399982213974","0.282399982213974","0.282399982213974"
"21616","0.2825999855995178","0.2825999855995178","0.2825999855995178"
"21627","0.2825999855995178","0.2825999855995178","0.2825999855995178"
"21638","0.2824999988079071","0.2824999988079071","0.2824999988079071"
"21649","0.282399982213974","0.282399982213974","0.282399982213974"
"21660","0.2827000021934509","0.2827000021934509","0.2827000021934509"
"21671","0.2825999855995178","0.2825999855995178","0.2825999855995178"
"21682","0.282399982213974","0.282399982213974","0.282399982213974"
"21693","0.282399982213974","0.282399982213974","0.282399982213974"
"21704","0.282399982213974","0.282399982213974","0.282399982213974"
"21715","0.2825999855995178","0.2825999855995178","0.2825999855995178"
"21726","0.2825999855995178","0.2825999855995178","0.2825999855995178"
"21737","0.2825999855995178","0.2825999855995178","0.2825999855995178"
"21748","0.28329998254776","0.28329998254776","0.28329998254776"
"21759","0.28290000557899475","0.28290000557899475","0.28290000557899475"
"21770","0.2824999988079071","0.2824999988079071","0.2824999988079071"
"21781","0.2825999855995178","0.2825999855995178","0.2825999855995178"
"21792","0.2825999855995178","0.2825999855995178","0.2825999855995178"
"21803","0.2827000021934509","0.2827000021934509","0.2827000021934509"
"21814","0.2824999988079071","0.2824999988079071","0.2824999988079071"
"21825","0.2825999855995178","0.2825999855995178","0.2825999855995178"
"21836","0.2827000021934509","0.2827000021934509","0.2827000021934509"
"21847","0.2827000021934509","0.2827000021934509","0.2827000021934509"
"21858","0.28290000557899475","0.28290000557899475","0.28290000557899475"
"21869","0.2827000021934509","0.2827000021934509","0.2827000021934509"
"21880","0.2831999957561493","0.2831999957561493","0.2831999957561493"
"21891","0.2827000021934509","0.2827000021934509","0.2827000021934509"
"21902","0.28279998898506165","0.28279998898506165","0.28279998898506165"
"21913","0.28290000557899475","0.28290000557899475","0.28290000557899475"
"21924","0.2830999791622162","0.2830999791622162","0.2830999791622162"
"21935","0.28299999237060547","0.28299999237060547","0.28299999237060547"
"21946","0.2833999991416931","0.2833999991416931","0.2833999991416931"
"21957","0.2831999957561493","0.2831999957561493","0.2831999957561493"
"21968","0.2831999957561493","0.2831999957561493","0.2831999957561493"
"21979","0.2833999991416931","0.2833999991416931","0.2833999991416931"
"21990","0.2830999791622162","0.2830999791622162","0.2830999791622162"
"22001","0.2830999791622162","0.2830999791622162","0.2830999791622162"
"22012","0.2830999791622162","0.2830999791622162","0.2830999791622162"
"22023","0.2831999957561493","0.2831999957561493","0.2831999957561493"
"22034","0.28349998593330383","0.28349998593330383","0.28349998593330383"
"22045","0.2833999991416931","0.2833999991416931","0.2833999991416931"
"22056","0.2833999991416931","0.2833999991416931","0.2833999991416931"
"22067","0.2833999991416931","0.2833999991416931","0.2833999991416931"
"22078","0.28349998593330383","0.28349998593330383","0.28349998593330383"
"22089","0.28349998593330383","0.28349998593330383","0.28349998593330383"
"22100","0.28360000252723694","0.28360000252723694","0.28360000252723694"
"22111","0.28369998931884766","0.28369998931884766","0.28369998931884766"
"22122","0.28380000591278076","0.28380000591278076","0.28380000591278076"
"22133","0.2838999927043915","0.2838999927043915","0.2838999927043915"
"22144","0.2838999927043915","0.2838999927043915","0.2838999927043915"
"22155","0.2839999794960022","0.2839999794960022","0.2839999794960022"
"22166","0.28380000591278076","0.28380000591278076","0.28380000591278076"
"22177","0.2840999960899353","0.2840999960899353","0.2840999960899353"
"22188","0.2840999960899353","0.2840999960899353","0.2840999960899353"
"22199","0.2838999927043915","0.2838999927043915","0.2838999927043915"
"22210","0.2840999960899353","0.2840999960899353","0.2840999960899353"
"22221","0.28459998965263367","0.28459998965263367","0.28459998965263367"
"22232","0.28439998626708984","0.28439998626708984","0.28439998626708984"
"22243","0.2842999994754791","0.2842999994754791","0.2842999994754791"
"22254","0.28439998626708984","0.28439998626708984","0.28439998626708984"
"22265","0.28450000286102295","0.28450000286102295","0.28450000286102295"
"22276","0.2847999930381775","0.2847999930381775","0.2847999930381775"
"22287","0.2847000062465668","0.2847000062465668","0.2847000062465668"
"22298","0.28459998965263367","0.28459998965263367","0.28459998965263367"
"22309","0.28450000286102295","0.28450000286102295","0.28450000286102295"
"22320","0.2849999964237213","0.2849999964237213","0.2849999964237213"
"22331","0.28459998965263367","0.28459998965263367","0.28459998965263367"
"22342","0.2847000062465668","0.2847000062465668","0.2847000062465668"
"22353","0.2847999930381775","0.2847999930381775","0.2847999930381775"
"22364","0.2847000062465668","0.2847000062465668","0.2847000062465668"
"22375","0.28519999980926514","0.28519999980926514","0.28519999980926514"
"22386","0.28509998321533203","0.28509998321533203","0.28509998321533203"
"22397","0.2854999899864197","0.2854999899864197","0.2854999899864197"
"22408","0.2849999964237213","0.2849999964237213","0.2849999964237213"
"22419","0.2854999899864197","0.2854999899864197","0.2854999899864197"
"22430","0.2856999933719635","0.2856999933719635","0.2856999933719635"
"22441","0.2857999801635742","0.2857999801635742","0.2857999801635742"
"22452","0.2856000065803528","0.2856000065803528","0.2856000065803528"
"22463","0.2858999967575073","0.2858999967575073","0.2858999967575073"
"22474","0.28540000319480896","0.28540000319480896","0.28540000319480896"
"22485","0.2857999801635742","0.2857999801635742","0.2857999801635742"
"22496","0.2857999801635742","0.2857999801635742","0.2857999801635742"
"22507","0.28610000014305115","0.28610000014305115","0.28610000014305115"
"22518","0.2858999967575073","0.2858999967575073","0.2858999967575073"
"22529","0.28630000352859497","0.28630000352859497","0.28630000352859497"
"22540","0.28599998354911804","0.28599998354911804","0.28599998354911804"
"22551","0.28610000014305115","0.28610000014305115","0.28610000014305115"
"22562","0.28610000014305115","0.28610000014305115","0.28610000014305115"
"22573","0.28630000352859497","0.28630000352859497","0.28630000352859497"
"22584","0.2857999801635742","0.2857999801635742","0.2857999801635742"
"22595","0.2858999967575073","0.2858999967575073","0.2858999967575073"
"22606","0.2856000065803528","0.2856000065803528","0.2856000065803528"
"22617","0.2854999899864197","0.2854999899864197","0.2854999899864197"
"22628","0.2858999967575073","0.2858999967575073","0.2858999967575073"
"22639","0.2858999967575073","0.2858999967575073","0.2858999967575073"
"22650","0.28540000319480896","0.28540000319480896","0.28540000319480896"
"22661","0.2858999967575073","0.2858999967575073","0.2858999967575073"
"22672","0.2857999801635742","0.2857999801635742","0.2857999801635742"
"22683","0.28599998354911804","0.28599998354911804","0.28599998354911804"
"22694","0.2857999801635742","0.2857999801635742","0.2857999801635742"
"22705","0.2856999933719635","0.2856999933719635","0.2856999933719635"
"22716","0.2857999801635742","0.2857999801635742","0.2857999801635742"
"22727","0.2856999933719635","0.2856999933719635","0.2856999933719635"
"22738","0.2856999933719635","0.2856999933719635","0.2856999933719635"
"22749","0.28610000014305115","0.28610000014305115","0.28610000014305115"
"22760","0.2858999967575073","0.2858999967575073","0.2858999967575073"
"22771","0.28610000014305115","0.28610000014305115","0.28610000014305115"
"22782","0.2863999903202057","0.2863999903202057","0.2863999903202057"
"22793","0.28669998049736023","0.28669998049736023","0.28669998049736023"
"22804","0.28669998049736023","0.28669998049736023","0.28669998049736023"
"22815","0.28669998049736023","0.28669998049736023","0.28669998049736023"
"22826","0.28679999709129333","0.28679999709129333","0.28679999709129333"
"22837","0.28669998049736023","0.28669998049736023","0.28669998049736023"
"22848","0.28689998388290405","0.28689998388290405","0.28689998388290405"
"22859","0.28689998388290405","0.28689998388290405","0.28689998388290405"
"22870","0.28700000047683716","0.28700000047683716","0.28700000047683716"
"22881","0.2870999872684479","0.2870999872684479","0.2870999872684479"
"22892","0.28700000047683716","0.28700000047683716","0.28700000047683716"
"22903","0.287200003862381","0.287200003862381","0.287200003862381"
"22914","0.2870999872684479","0.2870999872684479","0.2870999872684479"
"22925","0.2874000072479248","0.2874000072479248","0.2874000072479248"
"22936","0.28769999742507935","0.28769999742507935","0.28769999742507935"
"22947","0.2874000072479248","0.2874000072479248","0.2874000072479248"
"22958","0.2870999872684479","0.2870999872684479","0.2870999872684479"
"22969","0.287200003862381","0.287200003862381","0.287200003862381"
"22980","0.2874000072479248","0.2874000072479248","0.2874000072479248"
"22991","0.2874999940395355","0.2874999940395355","0.2874999940395355"
"23002","0.28769999742507935","0.28769999742507935","0.28769999742507935"
"23013","0.28779998421669006","0.28779998421669006","0.28779998421669006"
"23024","0.2874000072479248","0.2874000072479248","0.2874000072479248"
"23035","0.28769999742507935","0.28769999742507935","0.28769999742507935"
"23046","0.2879999876022339","0.2879999876022339","0.2879999876022339"
"23057","0.28759998083114624","0.28759998083114624","0.28759998083114624"
"23068","0.2874000072479248","0.2874000072479248","0.2874000072479248"
"23079","0.28779998421669006","0.28779998421669006","0.28779998421669006"
"23090","0.2879999876022339","0.2879999876022339","0.2879999876022339"
"23101","0.28790000081062317","0.28790000081062317","0.28790000081062317"
"23112","0.288100004196167","0.288100004196167","0.288100004196167"
"23123","0.2879999876022339","0.2879999876022339","0.2879999876022339"
"23134","0.2881999909877777","0.2881999909877777","0.2881999909877777"
"23145","0.288100004196167","0.288100004196167","0.288100004196167"
"23156","0.288100004196167","0.288100004196167","0.288100004196167"
"23167","0.2883000075817108","0.2883000075817108","0.2883000075817108"
"23178","0.28849998116493225","0.28849998116493225","0.28849998116493225"
"23189","0.28849998116493225","0.28849998116493225","0.28849998116493225"
"23200","0.2886999845504761","0.2886999845504761","0.2886999845504761"
"23211","0.2883000075817108","0.2883000075817108","0.2883000075817108"
"23222","0.28849998116493225","0.28849998116493225","0.28849998116493225"
"23233","0.28849998116493225","0.28849998116493225","0.28849998116493225"
"23244","0.28839999437332153","0.28839999437332153","0.28839999437332153"
"23255","0.28859999775886536","0.28859999775886536","0.28859999775886536"
"23266","0.2886999845504761","0.2886999845504761","0.2886999845504761"
"23277","0.28859999775886536","0.28859999775886536","0.28859999775886536"
"23288","0.28849998116493225","0.28849998116493225","0.28849998116493225"
"23299","0.2888000011444092","0.2888000011444092","0.2888000011444092"
"23310","0.28859999775886536","0.28859999775886536","0.28859999775886536"
"23321","0.2890999913215637","0.2890999913215637","0.2890999913215637"
"23332","0.2888000011444092","0.2888000011444092","0.2888000011444092"
"23343","0.2888999879360199","0.2888999879360199","0.2888999879360199"
"23354","0.2890999913215637","0.2890999913215637","0.2890999913215637"
"23365","0.2886999845504761","0.2886999845504761","0.2886999845504761"
"23376","0.28919997811317444","0.28919997811317444","0.28919997811317444"
"23387","0.2890999913215637","0.2890999913215637","0.2890999913215637"
"23398","0.289000004529953","0.289000004529953","0.289000004529953"
"23409","0.289000004529953","0.289000004529953","0.289000004529953"
"23420","0.2886999845504761","0.2886999845504761","0.2886999845504761"
"23431","0.289000004529953","0.289000004529953","0.289000004529953"
"23442","0.28919997811317444","0.28919997811317444","0.28919997811317444"
"23453","0.2888999879360199","0.2888999879360199","0.2888999879360199"
"23464","0.28919997811317444","0.28919997811317444","0.28919997811317444"
"23475","0.28919997811317444","0.28919997811317444","0.28919997811317444"
"23486","0.28949999809265137","0.28949999809265137","0.28949999809265137"
"23497","0.28949999809265137","0.28949999809265137","0.28949999809265137"
"23508","0.2897999882698059","0.2897999882698059","0.2897999882698059"
"23519","0.28949999809265137","0.28949999809265137","0.28949999809265137"
"23530","0.28949999809265137","0.28949999809265137","0.28949999809265137"
"23541","0.28999999165534973","0.28999999165534973","0.28999999165534973"
"23552","0.28999999165534973","0.28999999165534973","0.28999999165534973"
"23563","0.2897000014781952","0.2897000014781952","0.2897000014781952"
"23574","0.2897000014781952","0.2897000014781952","0.2897000014781952"
"23585","0.289900004863739","0.289900004863739","0.289900004863739"
"23596","0.29019999504089355","0.29019999504089355","0.29019999504089355"
"23607","0.2906000018119812","0.2906000018119812","0.2906000018119812"
"23618","0.2903999984264374","0.2903999984264374","0.2903999984264374"
"23629","0.2904999852180481","0.2904999852180481","0.2904999852180481"
"23640","0.2903999984264374","0.2903999984264374","0.2903999984264374"
"23651","0.2902999818325043","0.2902999818325043","0.2902999818325043"
"23662","0.289900004863739","0.289900004863739","0.289900004863739"
"23673","0.2902999818325043","0.2902999818325043","0.2902999818325043"
"23684","0.2906000018119812","0.2906000018119812","0.2906000018119812"
"23695","0.2906999886035919","0.2906999886035919","0.2906999886035919"
"23706","0.2906000018119812","0.2906000018119812","0.2906000018119812"
"23717","0.29089999198913574","0.29089999198913574","0.29089999198913574"
"23728","0.2913999855518341","0.2913999855518341","0.2913999855518341"
"23739","0.2912999987602234","0.2912999987602234","0.2912999987602234"
"23750","0.2915000021457672","0.2915000021457672","0.2915000021457672"
"23761","0.2911999821662903","0.2911999821662903","0.2911999821662903"
"23772","0.2911999821662903","0.2911999821662903","0.2911999821662903"
"23783","0.2912999987602234","0.2912999987602234","0.2912999987602234"
"23794","0.2911999821662903","0.2911999821662903","0.2911999821662903"
"23805","0.2913999855518341","0.2913999855518341","0.2913999855518341"
"23816","0.2911999821662903","0.2911999821662903","0.2911999821662903"
"23827","0.29109999537467957","0.29109999537467957","0.29109999537467957"
"23838","0.2913999855518341","0.2913999855518341","0.2913999855518341"
"23849","0.2915000021457672","0.2915000021457672","0.2915000021457672"
"23860","0.29170000553131104","0.29170000553131104","0.29170000553131104"
"23871","0.29159998893737793","0.29159998893737793","0.29159998893737793"
"23882","0.29179999232292175","0.29179999232292175","0.29179999232292175"
"23893","0.29179999232292175","0.29179999232292175","0.29179999232292175"
"23904","0.29159998893737793","0.29159998893737793","0.29159998893737793"
"23915","0.29179999232292175","0.29179999232292175","0.29179999232292175"
"23926","0.29159998893737793","0.29159998893737793","0.29159998893737793"
"23937","0.29170000553131104","0.29170000553131104","0.29170000553131104"
"23948","0.29189997911453247","0.29189997911453247","0.29189997911453247"
"23959","0.29179999232292175","0.29179999232292175","0.29179999232292175"
"23970","0.2921999990940094","0.2921999990940094","0.2921999990940094"
"23981","0.2919999957084656","0.2919999957084656","0.2919999957084656"
"23992","0.29189997911453247","0.29189997911453247","0.29189997911453247"
"24003","0.29189997911453247","0.29189997911453247","0.29189997911453247"
"24014","0.29189997911453247","0.29189997911453247","0.29189997911453247"
"24025","0.29170000553131104","0.29170000553131104","0.29170000553131104"
"24036","0.2920999825000763","0.2920999825000763","0.2920999825000763"
"24047","0.29249998927116394","0.29249998927116394","0.29249998927116394"
"24058","0.29249998927116394","0.29249998927116394","0.29249998927116394"
"24069","0.2924000024795532","0.2924000024795532","0.2924000024795532"
"24080","0.29249998927116394","0.29249998927116394","0.29249998927116394"
"24091","0.2924000024795532","0.2924000024795532","0.2924000024795532"
"24102","0.2927999794483185","0.2927999794483185","0.2927999794483185"
"24113","0.2924000024795532","0.2924000024795532","0.2924000024795532"
"24124","0.29249998927116394","0.29249998927116394","0.29249998927116394"
"24135","0.29260000586509705","0.29260000586509705","0.29260000586509705"
"24146","0.29260000586509705","0.29260000586509705","0.29260000586509705"
"24157","0.29249998927116394","0.29249998927116394","0.29249998927116394"
"24168","0.2928999960422516","0.2928999960422516","0.2928999960422516"
"24179","0.2927999794483185","0.2927999794483185","0.2927999794483185"
"24190","0.29269999265670776","0.29269999265670776","0.29269999265670776"
"24201","0.2929999828338623","0.2929999828338623","0.2929999828338623"
"24212","0.2930999994277954","0.2930999994277954","0.2930999994277954"
"24223","0.29330000281333923","0.29330000281333923","0.29330000281333923"
"24234","0.29319998621940613","0.29319998621940613","0.29319998621940613"
"24245","0.2935999929904938","0.2935999929904938","0.2935999929904938"
"24256","0.2935999929904938","0.2935999929904938","0.2935999929904938"
"24267","0.2938999831676483","0.2938999831676483","0.2938999831676483"
"24278","0.2937999963760376","0.2937999963760376","0.2937999963760376"
"24289","0.2936999797821045","0.2936999797821045","0.2936999797821045"
"24300","0.2939999997615814","0.2939999997615814","0.2939999997615814"
"24311","0.2939999997615814","0.2939999997615814","0.2939999997615814"
"24322","0.29409998655319214","0.29409998655319214","0.29409998655319214"
"24333","0.2939999997615814","0.2939999997615814","0.2939999997615814"
"24344","0.2938999831676483","0.2938999831676483","0.2938999831676483"
"24355","0.2938999831676483","0.2938999831676483","0.2938999831676483"
"24366","0.2938999831676483","0.2938999831676483","0.2938999831676483"
"24377","0.2939999997615814","0.2939999997615814","0.2939999997615814"
"24388","0.2939999997615814","0.2939999997615814","0.2939999997615814"
"24399","0.2944999933242798","0.2944999933242798","0.2944999933242798"
"24410","0.2944999933242798","0.2944999933242798","0.2944999933242798"
"24421","0.2944999933242798","0.2944999933242798","0.2944999933242798"
"24432","0.2944999933242798","0.2944999933242798","0.2944999933242798"
"24443","0.2944999933242798","0.2944999933242798","0.2944999933242798"
"24454","0.29440000653266907","0.29440000653266907","0.29440000653266907"
"24465","0.29429998993873596","0.29429998993873596","0.29429998993873596"
"24476","0.29429998993873596","0.29429998993873596","0.29429998993873596"
"24487","0.2944999933242798","0.2944999933242798","0.2944999933242798"
"24498","0.2946999967098236","0.2946999967098236","0.2946999967098236"
"24509","0.29499998688697815","0.29499998688697815","0.29499998688697815"
"24520","0.295199990272522","0.295199990272522","0.295199990272522"
"24531","0.2947999835014343","0.2947999835014343","0.2947999835014343"
"24542","0.2953000068664551","0.2953000068664551","0.2953000068664551"
"24553","0.29490000009536743","0.29490000009536743","0.29490000009536743"
"24564","0.29499998688697815","0.29499998688697815","0.29499998688697815"
"24575","0.295199990272522","0.295199990272522","0.295199990272522"
"24586","0.2954999804496765","0.2954999804496765","0.2954999804496765"
"24597","0.29580000042915344","0.29580000042915344","0.29580000042915344"
"24608","0.2953000068664551","0.2953000068664551","0.2953000068664551"
"24619","0.29589998722076416","0.29589998722076416","0.29589998722076416"
"24630","0.2955999970436096","0.2955999970436096","0.2955999970436096"
"24641","0.29589998722076416","0.29589998722076416","0.29589998722076416"
"24652","0.2955999970436096","0.2955999970436096","0.2955999970436096"
"24663","0.29580000042915344","0.29580000042915344","0.29580000042915344"
"24674","0.29589998722076416","0.29589998722076416","0.29589998722076416"
"24685","0.2962000072002411","0.2962000072002411","0.2962000072002411"
"24696","0.29580000042915344","0.29580000042915344","0.29580000042915344"
"24707","0.29589998722076416","0.29589998722076416","0.29589998722076416"
"24718","0.296099990606308","0.296099990606308","0.296099990606308"
"24729","0.296099990606308","0.296099990606308","0.296099990606308"
"24740","0.29580000042915344","0.29580000042915344","0.29580000042915344"
"24751","0.29580000042915344","0.29580000042915344","0.29580000042915344"
"24762","0.2953999936580658","0.2953999936580658","0.2953999936580658"
"24773","0.2955999970436096","0.2955999970436096","0.2955999970436096"
"24784","0.2954999804496765","0.2954999804496765","0.2954999804496765"
"24795","0.29569998383522034","0.29569998383522034","0.29569998383522034"
"24806","0.29589998722076416","0.29589998722076416","0.29589998722076416"
"24817","0.2962999939918518","0.2962999939918518","0.2962999939918518"
"24828","0.296099990606308","0.296099990606308","0.296099990606308"
"24839","0.29589998722076416","0.29589998722076416","0.29589998722076416"
"24850","0.2962999939918518","0.2962999939918518","0.2962999939918518"
"24861","0.29670000076293945","0.29670000076293945","0.29670000076293945"
"24872","0.29659998416900635","0.29659998416900635","0.29659998416900635"
"24883","0.296999990940094","0.296999990940094","0.296999990940094"
"24894","0.29649999737739563","0.29649999737739563","0.29649999737739563"
"24905","0.29649999737739563","0.29649999737739563","0.29649999737739563"
"24916","0.2969000041484833","0.2969000041484833","0.2969000041484833"
"24927","0.29679998755455017","0.29679998755455017","0.29679998755455017"
"24938","0.29679998755455017","0.29679998755455017","0.29679998755455017"
"24949","0.29670000076293945","0.29670000076293945","0.29670000076293945"
"24960","0.2969000041484833","0.2969000041484833","0.2969000041484833"
"24971","0.2969000041484833","0.2969000041484833","0.2969000041484833"
"24982","0.29739999771118164","0.29739999771118164","0.29739999771118164"
"24993","0.29749998450279236","0.29749998450279236","0.29749998450279236"
"25004","0.29749998450279236","0.29749998450279236","0.29749998450279236"
"25015","0.29749998450279236","0.29749998450279236","0.29749998450279236"
"25026","0.29739999771118164","0.29739999771118164","0.29739999771118164"
"25037","0.2976999878883362","0.2976999878883362","0.2976999878883362"
"25048","0.29819998145103455","0.29819998145103455","0.29819998145103455"
"25059","0.2978000044822693","0.2978000044822693","0.2978000044822693"
"25070","0.2976999878883362","0.2976999878883362","0.2976999878883362"
"25081","0.2979999780654907","0.2979999780654907","0.2979999780654907"
"25092","0.2978000044822693","0.2978000044822693","0.2978000044822693"
"25103","0.2978000044822693","0.2978000044822693","0.2978000044822693"
"25114","0.29789999127388","0.29789999127388","0.29789999127388"
"25125","0.2976999878883362","0.2976999878883362","0.2976999878883362"
"25136","0.29789999127388","0.29789999127388","0.29789999127388"
"25147","0.2978000044822693","0.2978000044822693","0.2978000044822693"
"25158","0.29809999465942383","0.29809999465942383","0.29809999465942383"
"25169","0.2979999780654907","0.2979999780654907","0.2979999780654907"
"25180","0.29789999127388","0.29789999127388","0.29789999127388"
"25191","0.29829999804496765","0.29829999804496765","0.29829999804496765"
"25202","0.29839998483657837","0.29839998483657837","0.29839998483657837"
"25213","0.29839998483657837","0.29839998483657837","0.29839998483657837"
"25224","0.29819998145103455","0.29819998145103455","0.29819998145103455"
"25235","0.29839998483657837","0.29839998483657837","0.29839998483657837"
"25246","0.29829999804496765","0.29829999804496765","0.29829999804496765"
"25257","0.2987000048160553","0.2987000048160553","0.2987000048160553"
"25268","0.29899999499320984","0.29899999499320984","0.29899999499320984"
"25279","0.29899999499320984","0.29899999499320984","0.29899999499320984"
"25290","0.29899999499320984","0.29899999499320984","0.29899999499320984"
"25301","0.2987000048160553","0.2987000048160553","0.2987000048160553"
"25312","0.2992999851703644","0.2992999851703644","0.2992999851703644"
"25323","0.2994000017642975","0.2994000017642975","0.2994000017642975"
"25334","0.29919999837875366","0.29919999837875366","0.29919999837875366"
"25345","0.29899999499320984","0.29899999499320984","0.29899999499320984"
"25356","0.2992999851703644","0.2992999851703644","0.2992999851703644"
"25367","0.29919999837875366","0.29919999837875366","0.29919999837875366"
"25378","0.2994999885559082","0.2994999885559082","0.2994999885559082"
"25389","0.29919999837875366","0.29919999837875366","0.29919999837875366"
"25400","0.29909998178482056","0.29909998178482056","0.29909998178482056"
"25411","0.29919999837875366","0.29919999837875366","0.29919999837875366"
"25422","0.2992999851703644","0.2992999851703644","0.2992999851703644"
"25433","0.2994999885559082","0.2994999885559082","0.2994999885559082"
"25444","0.29909998178482056","0.29909998178482056","0.29909998178482056"
"25455","0.2994000017642975","0.2994000017642975","0.2994000017642975"
"25466","0.2992999851703644","0.2992999851703644","0.2992999851703644"
"25477","0.2992999851703644","0.2992999851703644","0.2992999851703644"
"25488","0.299699991941452","0.299699991941452","0.299699991941452"
"25499","0.2994999885559082","0.2994999885559082","0.2994999885559082"
"25510","0.299699991941452","0.299699991941452","0.299699991941452"
"25521","0.2994999885559082","0.2994999885559082","0.2994999885559082"
"25532","0.29989999532699585","0.29989999532699585","0.29989999532699585"
"25543","0.3003000020980835","0.3003000020980835","0.3003000020980835"
"25554","0.3001999855041504","0.3001999855041504","0.3001999855041504"
"25565","0.3000999987125397","0.3000999987125397","0.3000999987125397"
"25576","0.3003000020980835","0.3003000020980835","0.3003000020980835"
"25587","0.3003999888896942","0.3003999888896942","0.3003999888896942"
"25598","0.3000999987125397","0.3000999987125397","0.3000999987125397"
"25609","0.3001999855041504","0.3001999855041504","0.3001999855041504"
"25620","0.3003000020980835","0.3003000020980835","0.3003000020980835"
"25631","0.30069997906684875","0.30069997906684875","0.30069997906684875"
"25642","0.30059999227523804","0.30059999227523804","0.30059999227523804"
"25653","0.30079999566078186","0.30079999566078186","0.30079999566078186"
"25664","0.30069997906684875","0.30069997906684875","0.30069997906684875"
"25675","0.30079999566078186","0.30079999566078186","0.30079999566078186"
"25686","0.30079999566078186","0.30079999566078186","0.30079999566078186"
"25697","0.3009999990463257","0.3009999990463257","0.3009999990463257"
"25708","0.3008999824523926","0.3008999824523926","0.3008999824523926"
"25719","0.3012999892234802","0.3012999892234802","0.3012999892234802"
"25730","0.3012999892234802","0.3012999892234802","0.3012999892234802"
"25741","0.30069997906684875","0.30069997906684875","0.30069997906684875"
"25752","0.3009999990463257","0.3009999990463257","0.3009999990463257"
"25763","0.3012999892234802","0.3012999892234802","0.3012999892234802"
"25774","0.30140000581741333","0.30140000581741333","0.30140000581741333"
"25785","0.30169999599456787","0.30169999599456787","0.30169999599456787"
"25796","0.30219998955726624","0.30219998955726624","0.30219998955726624"
"25807","0.3019999861717224","0.3019999861717224","0.3019999861717224"
"25818","0.3019999861717224","0.3019999861717224","0.3019999861717224"
"25829","0.3019999861717224","0.3019999861717224","0.3019999861717224"
"25840","0.30230000615119934","0.30230000615119934","0.30230000615119934"
"25851","0.3026999831199646","0.3026999831199646","0.3026999831199646"
"25862","0.3026999831199646","0.3026999831199646","0.3026999831199646"
"25873","0.3025999963283539","0.3025999963283539","0.3025999963283539"
"25884","0.30300000309944153","0.30300000309944153","0.30300000309944153"
"25895","0.30329999327659607","0.30329999327659607","0.30329999327659607"
"25906","0.30329999327659607","0.30329999327659607","0.30329999327659607"
"25917","0.3033999800682068","0.3033999800682068","0.3033999800682068"
"25928","0.3033999800682068","0.3033999800682068","0.3033999800682068"
"25939","0.3034999966621399","0.3034999966621399","0.3034999966621399"
"25950","0.3035999834537506","0.3035999834537506","0.3035999834537506"
"25961","0.30379998683929443","0.30379998683929443","0.30379998683929443"
"25972","0.3035999834537506","0.3035999834537506","0.3035999834537506"
"25983","0.3037000000476837","0.3037000000476837","0.3037000000476837"
"25994","0.3035999834537506","0.3035999834537506","0.3035999834537506"
"26005","0.30410000681877136","0.30410000681877136","0.30410000681877136"
"26016","0.30390000343322754","0.30390000343322754","0.30390000343322754"
"26027","0.30410000681877136","0.30410000681877136","0.30410000681877136"
"26038","0.3042999804019928","0.3042999804019928","0.3042999804019928"
"26049","0.30390000343322754","0.30390000343322754","0.30390000343322754"
"26060","0.3043999969959259","0.3043999969959259","0.3043999969959259"
"26071","0.3043999969959259","0.3043999969959259","0.3043999969959259"
"26082","0.3046000003814697","0.3046000003814697","0.3046000003814697"
"26093","0.3043999969959259","0.3043999969959259","0.3043999969959259"
"26104","0.30469998717308044","0.30469998717308044","0.30469998717308044"
"26115","0.3046000003814697","0.3046000003814697","0.3046000003814697"
"26126","0.30480000376701355","0.30480000376701355","0.30480000376701355"
"26137","0.30469998717308044","0.30469998717308044","0.30469998717308044"
"26148","0.30480000376701355","0.30480000376701355","0.30480000376701355"
"26159","0.3050000071525574","0.3050000071525574","0.3050000071525574"
"26170","0.30480000376701355","0.30480000376701355","0.30480000376701355"
"26181","0.30489999055862427","0.30489999055862427","0.30489999055862427"
"26192","0.3052999973297119","0.3052999973297119","0.3052999973297119"
"26203","0.30559998750686646","0.30559998750686646","0.30559998750686646"
"26214","0.30550000071525574","0.30550000071525574","0.30550000071525574"
"26225","0.30559998750686646","0.30559998750686646","0.30559998750686646"
"26236","0.30550000071525574","0.30550000071525574","0.30550000071525574"
"26247","0.3061999976634979","0.3061999976634979","0.3061999976634979"
"26258","0.30570000410079956","0.30570000410079956","0.30570000410079956"
"26269","0.3059999942779541","0.3059999942779541","0.3059999942779541"
"26280","0.3061999976634979","0.3061999976634979","0.3061999976634979"
"26291","0.3060999810695648","0.3060999810695648","0.3060999810695648"
"26302","0.3060999810695648","0.3060999810695648","0.3060999810695648"
"26313","0.3061999976634979","0.3061999976634979","0.3061999976634979"
"26324","0.3057999908924103","0.3057999908924103","0.3057999908924103"
"26335","0.305899977684021","0.305899977684021","0.305899977684021"
"26346","0.3060999810695648","0.3060999810695648","0.3060999810695648"
"26357","0.3060999810695648","0.3060999810695648","0.3060999810695648"
"26368","0.30640000104904175","0.30640000104904175","0.30640000104904175"
"26379","0.30649998784065247","0.30649998784065247","0.30649998784065247"
"26390","0.3068999946117401","0.3068999946117401","0.3068999946117401"
"26401","0.30709999799728394","0.30709999799728394","0.30709999799728394"
"26412","0.30719998478889465","0.30719998478889465","0.30719998478889465"
"26423","0.30719998478889465","0.30719998478889465","0.30719998478889465"
"26434","0.306799978017807","0.306799978017807","0.306799978017807"
"26445","0.306799978017807","0.306799978017807","0.306799978017807"
"26456","0.306799978017807","0.306799978017807","0.306799978017807"
"26467","0.30699998140335083","0.30699998140335083","0.30699998140335083"
"26478","0.30719998478889465","0.30719998478889465","0.30719998478889465"
"26489","0.30730000138282776","0.30730000138282776","0.30730000138282776"
"26500","0.3073999881744385","0.3073999881744385","0.3073999881744385"
"26511","0.30730000138282776","0.30730000138282776","0.30730000138282776"
"26522","0.307699978351593","0.307699978351593","0.307699978351593"
"26533","0.3077999949455261","0.3077999949455261","0.3077999949455261"
"26544","0.307699978351593","0.307699978351593","0.307699978351593"
"26555","0.30789998173713684","0.30789998173713684","0.30789998173713684"
"26566","0.30789998173713684","0.30789998173713684","0.30789998173713684"
"26577","0.3077999949455261","0.3077999949455261","0.3077999949455261"
"26588","0.30789998173713684","0.30789998173713684","0.30789998173713684"
"26599","0.30820000171661377","0.30820000171661377","0.30820000171661377"
"26610","0.3082999885082245","0.3082999885082245","0.3082999885082245"
"26621","0.30869999527931213","0.30869999527931213","0.30869999527931213"
"26632","0.30859997868537903","0.30859997868537903","0.30859997868537903"
"26643","0.30879998207092285","0.30879998207092285","0.30879998207092285"
"26654","0.3084999918937683","0.3084999918937683","0.3084999918937683"
"26665","0.3089999854564667","0.3089999854564667","0.3089999854564667"
"26676","0.3093000054359436","0.3093000054359436","0.3093000054359436"
"26687","0.3091999888420105","0.3091999888420105","0.3091999888420105"
"26698","0.3091000020503998","0.3091000020503998","0.3091000020503998"
"26709","0.3093000054359436","0.3093000054359436","0.3093000054359436"
"26720","0.3091999888420105","0.3091999888420105","0.3091999888420105"
"26731","0.3093000054359436","0.3093000054359436","0.3093000054359436"
"26742","0.3093000054359436","0.3093000054359436","0.3093000054359436"
"26753","0.30949997901916504","0.30949997901916504","0.30949997901916504"
"26764","0.3098999857902527","0.3098999857902527","0.3098999857902527"
"26775","0.3098999857902527","0.3098999857902527","0.3098999857902527"
"26786","0.3100000023841858","0.3100000023841858","0.3100000023841858"
"26797","0.30969998240470886","0.30969998240470886","0.30969998240470886"
"26808","0.30969998240470886","0.30969998240470886","0.30969998240470886"
"26819","0.3098999857902527","0.3098999857902527","0.3098999857902527"
"26830","0.30979999899864197","0.30979999899864197","0.30979999899864197"
"26841","0.3098999857902527","0.3098999857902527","0.3098999857902527"
"26852","0.3100000023841858","0.3100000023841858","0.3100000023841858"
"26863","0.31039997935295105","0.31039997935295105","0.31039997935295105"
"26874","0.310699999332428","0.310699999332428","0.310699999332428"
"26885","0.31049999594688416","0.31049999594688416","0.31049999594688416"
"26896","0.3107999861240387","0.3107999861240387","0.3107999861240387"
"26907","0.310699999332428","0.310699999332428","0.310699999332428"
"26918","0.310699999332428","0.310699999332428","0.310699999332428"
"26929","0.3105999827384949","0.3105999827384949","0.3105999827384949"
"26940","0.31039997935295105","0.31039997935295105","0.31039997935295105"
"26951","0.3107999861240387","0.3107999861240387","0.3107999861240387"
"26962","0.3107999861240387","0.3107999861240387","0.3107999861240387"
"26973","0.31129997968673706","0.31129997968673706","0.31129997968673706"
"26984","0.311599999666214","0.311599999666214","0.311599999666214"
"26995","0.31139999628067017","0.31139999628067017","0.31139999628067017"
"27006","0.3116999864578247","0.3116999864578247","0.3116999864578247"
"27017","0.31139999628067017","0.31139999628067017","0.31139999628067017"
"27028","0.31129997968673706","0.31129997968673706","0.31129997968673706"
"27039","0.3116999864578247","0.3116999864578247","0.3116999864578247"
"27050","0.31189998984336853","0.31189998984336853","0.31189998984336853"
"27061","0.31189998984336853","0.31189998984336853","0.31189998984336853"
"27072","0.31189998984336853","0.31189998984336853","0.31189998984336853"
"27083","0.31209999322891235","0.31209999322891235","0.31209999322891235"
"27094","0.3118000030517578","0.3118000030517578","0.3118000030517578"
"27105","0.31189998984336853","0.31189998984336853","0.31189998984336853"
"27116","0.31219998002052307","0.31219998002052307","0.31219998002052307"
"27127","0.31209999322891235","0.31209999322891235","0.31209999322891235"
"27138","0.31200000643730164","0.31200000643730164","0.31200000643730164"
"27149","0.3118000030517578","0.3118000030517578","0.3118000030517578"
"27160","0.31200000643730164","0.31200000643730164","0.31200000643730164"
"27171","0.3123999834060669","0.3123999834060669","0.3123999834060669"
"27182","0.31209999322891235","0.31209999322891235","0.31209999322891235"
"27193","0.31200000643730164","0.31200000643730164","0.31200000643730164"
"27204","0.3123999834060669","0.3123999834060669","0.3123999834060669"
"27215","0.3127000033855438","0.3127000033855438","0.3127000033855438"
"27226","0.3125999867916107","0.3125999867916107","0.3125999867916107"
"27237","0.3127000033855438","0.3127000033855438","0.3127000033855438"
"27248","0.3125","0.3125","0.3125"
"27259","0.3123999834060669","0.3123999834060669","0.3123999834060669"
"27270","0.3125","0.3125","0.3125"
"27281","0.3123999834060669","0.3123999834060669","0.3123999834060669"
"27292","0.3125999867916107","0.3125999867916107","0.3125999867916107"
"27303","0.31290000677108765","0.31290000677108765","0.31290000677108765"
"27314","0.3130999803543091","0.3130999803543091","0.3130999803543091"
"27325","0.31290000677108765","0.31290000677108765","0.31290000677108765"
"27336","0.3130999803543091","0.3130999803543091","0.3130999803543091"
"27347","0.31299999356269836","0.31299999356269836","0.31299999356269836"
"27358","0.3132999837398529","0.3132999837398529","0.3132999837398529"
"27369","0.3141999840736389","0.3141999840736389","0.3141999840736389"
"27380","0.31439998745918274","0.31439998745918274","0.31439998745918274"
"27391","0.31439998745918274","0.31439998745918274","0.31439998745918274"
"27402","0.31439998745918274","0.31439998745918274","0.31439998745918274"
"27413","0.3141999840736389","0.3141999840736389","0.3141999840736389"
"27424","0.3138999938964844","0.3138999938964844","0.3138999938964844"
"27435","0.3138999938964844","0.3138999938964844","0.3138999938964844"
"27446","0.3139999806880951","0.3139999806880951","0.3139999806880951"
"27457","0.31450000405311584","0.31450000405311584","0.31450000405311584"
"27468","0.3146999776363373","0.3146999776363373","0.3146999776363373"
"27479","0.3146999776363373","0.3146999776363373","0.3146999776363373"
"27490","0.31459999084472656","0.31459999084472656","0.31459999084472656"
"27501","0.3146999776363373","0.3146999776363373","0.3146999776363373"
"27512","0.3146999776363373","0.3146999776363373","0.3146999776363373"
"27523","0.31450000405311584","0.31450000405311584","0.31450000405311584"
"27534","0.3148999810218811","0.3148999810218811","0.3148999810218811"
"27545","0.31520000100135803","0.31520000100135803","0.31520000100135803"
"27556","0.31520000100135803","0.31520000100135803","0.31520000100135803"
"27567","0.3150999844074249","0.3150999844074249","0.3150999844074249"
"27578","0.3150999844074249","0.3150999844074249","0.3150999844074249"
"27589","0.31520000100135803","0.31520000100135803","0.31520000100135803"
"27600","0.31529998779296875","0.31529998779296875","0.31529998779296875"
"27611","0.31520000100135803","0.31520000100135803","0.31520000100135803"
"27622","0.31540000438690186","0.31540000438690186","0.31540000438690186"
"27633","0.3154999911785126","0.3154999911785126","0.3154999911785126"
"27644","0.3156999945640564","0.3156999945640564","0.3156999945640564"
"27655","0.3155999779701233","0.3155999779701233","0.3155999779701233"
"27666","0.31599998474121094","0.31599998474121094","0.31599998474121094"
"27677","0.3157999813556671","0.3157999813556671","0.3157999813556671"
"27688","0.31630000472068787","0.31630000472068787","0.31630000472068787"
"27699","0.31599998474121094","0.31599998474121094","0.31599998474121094"
"27710","0.31619998812675476","0.31619998812675476","0.31619998812675476"
"27721","0.31619998812675476","0.31619998812675476","0.31619998812675476"
"27732","0.3164999783039093","0.3164999783039093","0.3164999783039093"
"27743","0.3164999783039093","0.3164999783039093","0.3164999783039093"
"27754","0.3165999948978424","0.3165999948978424","0.3165999948978424"
"27765","0.3163999915122986","0.3163999915122986","0.3163999915122986"
"27776","0.3163999915122986","0.3163999915122986","0.3163999915122986"
"27787","0.31630000472068787","0.31630000472068787","0.31630000472068787"
"27798","0.31610000133514404","0.31610000133514404","0.31610000133514404"
"27809","0.31630000472068787","0.31630000472068787","0.31630000472068787"
"27820","0.31630000472068787","0.31630000472068787","0.31630000472068787"
"27831","0.3164999783039093","0.3164999783039093","0.3164999783039093"
"27842","0.3165999948978424","0.3165999948978424","0.3165999948978424"
"27853","0.31630000472068787","0.31630000472068787","0.31630000472068787"
"27864","0.3164999783039093","0.3164999783039093","0.3164999783039093"
"27875","0.31689998507499695","0.31689998507499695","0.31689998507499695"
"27886","0.31700000166893005","0.31700000166893005","0.31700000166893005"
"27897","0.31689998507499695","0.31689998507499695","0.31689998507499695"
"27908","0.31689998507499695","0.31689998507499695","0.31689998507499695"
"27919","0.31700000166893005","0.31700000166893005","0.31700000166893005"
"27930","0.3172000050544739","0.3172000050544739","0.3172000050544739"
"27941","0.3179999887943268","0.3179999887943268","0.3179999887943268"
"27952","0.3179999887943268","0.3179999887943268","0.3179999887943268"
"27963","0.3181000053882599","0.3181000053882599","0.3181000053882599"
"27974","0.3181000053882599","0.3181000053882599","0.3181000053882599"
"27985","0.3181000053882599","0.3181000053882599","0.3181000053882599"
"27996","0.31849998235702515","0.31849998235702515","0.31849998235702515"
"28007","0.3188000023365021","0.3188000023365021","0.3188000023365021"
"28018","0.3188999891281128","0.3188999891281128","0.3188999891281128"
"28029","0.3188999891281128","0.3188999891281128","0.3188999891281128"
"28040","0.31869998574256897","0.31869998574256897","0.31869998574256897"
"28051","0.31859999895095825","0.31859999895095825","0.31859999895095825"
"28062","0.3188000023365021","0.3188000023365021","0.3188000023365021"
"28073","0.31929999589920044","0.31929999589920044","0.31929999589920044"
"28084","0.3190999925136566","0.3190999925136566","0.3190999925136566"
"28095","0.3190999925136566","0.3190999925136566","0.3190999925136566"
"28106","0.31949999928474426","0.31949999928474426","0.31949999928474426"
"28117","0.31939998269081116","0.31939998269081116","0.31939998269081116"
"28128","0.31919997930526733","0.31919997930526733","0.31919997930526733"
"28139","0.319599986076355","0.319599986076355","0.319599986076355"
"28150","0.3199000060558319","0.3199000060558319","0.3199000060558319"
"28161","0.3199999928474426","0.3199999928474426","0.3199999928474426"
"28172","0.3197000026702881","0.3197000026702881","0.3197000026702881"
"28183","0.31949999928474426","0.31949999928474426","0.31949999928474426"
"28194","0.31949999928474426","0.31949999928474426","0.31949999928474426"
"28205","0.319599986076355","0.319599986076355","0.319599986076355"
"28216","0.3199999928474426","0.3199999928474426","0.3199999928474426"
"28227","0.31929999589920044","0.31929999589920044","0.31929999589920044"
"28238","0.319599986076355","0.319599986076355","0.319599986076355"
"28249","0.3197999894618988","0.3197999894618988","0.3197999894618988"
"28260","0.319599986076355","0.319599986076355","0.319599986076355"
"28271","0.319599986076355","0.319599986076355","0.319599986076355"
"28282","0.3199999928474426","0.3199999928474426","0.3199999928474426"
"28293","0.32029998302459717","0.32029998302459717","0.32029998302459717"
"28304","0.3203999996185303","0.3203999996185303","0.3203999996185303"
"28315","0.32019999623298645","0.32019999623298645","0.32019999623298645"
"28326","0.32029998302459717","0.32029998302459717","0.32029998302459717"
"28337","0.320499986410141","0.320499986410141","0.320499986410141"
"28348","0.3208000063896179","0.3208000063896179","0.3208000063896179"
"28359","0.32089999318122864","0.32089999318122864","0.32089999318122864"
"28370","0.3212999999523163","0.3212999999523163","0.3212999999523163"
"28381","0.321399986743927","0.321399986743927","0.321399986743927"
"28392","0.321399986743927","0.321399986743927","0.321399986743927"
"28403","0.32170000672340393","0.32170000672340393","0.32170000672340393"
"28414","0.321399986743927","0.321399986743927","0.321399986743927"
"28425","0.3211999833583832","0.3211999833583832","0.3211999833583832"
"28436","0.32099997997283936","0.32099997997283936","0.32099997997283936"
"28447","0.3211999833583832","0.3211999833583832","0.3211999833583832"
"28458","0.32109999656677246","0.32109999656677246","0.32109999656677246"
"28469","0.32089999318122864","0.32089999318122864","0.32089999318122864"
"28480","0.3211999833583832","0.3211999833583832","0.3211999833583832"
"28491","0.3211999833583832","0.3211999833583832","0.3211999833583832"
"28502","0.3215999901294708","0.3215999901294708","0.3215999901294708"
"28513","0.32170000672340393","0.32170000672340393","0.32170000672340393"
"28524","0.3215999901294708","0.3215999901294708","0.3215999901294708"
"28535","0.3215999901294708","0.3215999901294708","0.3215999901294708"
"28546","0.32170000672340393","0.32170000672340393","0.32170000672340393"
"28557","0.32179999351501465","0.32179999351501465","0.32179999351501465"
"28568","0.32179999351501465","0.32179999351501465","0.32179999351501465"
"28579","0.32189998030662537","0.32189998030662537","0.32189998030662537"
"28590","0.3222000002861023","0.3222000002861023","0.3222000002861023"
"28601","0.3220999836921692","0.3220999836921692","0.3220999836921692"
"28612","0.32249999046325684","0.32249999046325684","0.32249999046325684"
"28623","0.32259997725486755","0.32259997725486755","0.32259997725486755"
"28634","0.32269999384880066","0.32269999384880066","0.32269999384880066"
"28645","0.3228999972343445","0.3228999972343445","0.3228999972343445"
"28656","0.32249999046325684","0.32249999046325684","0.32249999046325684"
"28667","0.32330000400543213","0.32330000400543213","0.32330000400543213"
"28678","0.32339999079704285","0.32339999079704285","0.32339999079704285"
"28689","0.323199987411499","0.323199987411499","0.323199987411499"
"28700","0.323199987411499","0.323199987411499","0.323199987411499"
"28711","0.32339999079704285","0.32339999079704285","0.32339999079704285"
"28722","0.3231000006198883","0.3231000006198883","0.3231000006198883"
"28733","0.32330000400543213","0.32330000400543213","0.32330000400543213"
"28744","0.32349997758865356","0.32349997758865356","0.32349997758865356"
"28755","0.32359999418258667","0.32359999418258667","0.32359999418258667"
"28766","0.3236999809741974","0.3236999809741974","0.3236999809741974"
"28777","0.3237999975681305","0.3237999975681305","0.3237999975681305"
"28788","0.3236999809741974","0.3236999809741974","0.3236999809741974"
"28799","0.3240000009536743","0.3240000009536743","0.3240000009536743"
"28810","0.32420000433921814","0.32420000433921814","0.32420000433921814"
"28821","0.3237999975681305","0.3237999975681305","0.3237999975681305"
"28832","0.32429999113082886","0.32429999113082886","0.32429999113082886"
"28843","0.32429999113082886","0.32429999113082886","0.32429999113082886"
"28854","0.3244999945163727","0.3244999945163727","0.3244999945163727"
"28865","0.3243999779224396","0.3243999779224396","0.3243999779224396"
"28876","0.3249000012874603","0.3249000012874603","0.3249000012874603"
"28887","0.3246999979019165","0.3246999979019165","0.3246999979019165"
"28898","0.3247999846935272","0.3247999846935272","0.3247999846935272"
"28909","0.32569998502731323","0.32569998502731323","0.32569998502731323"
"28920","0.3254999816417694","0.3254999816417694","0.3254999816417694"
"28931","0.32589998841285706","0.32589998841285706","0.32589998841285706"
"28942","0.32569998502731323","0.32569998502731323","0.32569998502731323"
"28953","0.32580000162124634","0.32580000162124634","0.32580000162124634"
"28964","0.32600000500679016","0.32600000500679016","0.32600000500679016"
"28975","0.3263999819755554","0.3263999819755554","0.3263999819755554"
"28986","0.32659998536109924","0.32659998536109924","0.32659998536109924"
"28997","0.3260999917984009","0.3260999917984009","0.3260999917984009"
"29008","0.3264999985694885","0.3264999985694885","0.3264999985694885"
"29019","0.3269999921321869","0.3269999921321869","0.3269999921321869"
"29030","0.32739999890327454","0.32739999890327454","0.32739999890327454"
"29041","0.32739999890327454","0.32739999890327454","0.32739999890327454"
"29052","0.3271999955177307","0.3271999955177307","0.3271999955177307"
"29063","0.32690000534057617","0.32690000534057617","0.32690000534057617"
"29074","0.3269999921321869","0.3269999921321869","0.3269999921321869"
"29085","0.32749998569488525","0.32749998569488525","0.32749998569488525"
"29096","0.32749998569488525","0.32749998569488525","0.32749998569488525"
"29107","0.32760000228881836","0.32760000228881836","0.32760000228881836"
"29118","0.3276999890804291","0.3276999890804291","0.3276999890804291"
"29129","0.3276999890804291","0.3276999890804291","0.3276999890804291"
"29140","0.3279999792575836","0.3279999792575836","0.3279999792575836"
"29151","0.3278999924659729","0.3278999924659729","0.3278999924659729"
"29162","0.3280999958515167","0.3280999958515167","0.3280999958515167"
"29173","0.32839998602867126","0.32839998602867126","0.32839998602867126"
"29184","0.32850000262260437","0.32850000262260437","0.32850000262260437"
"29195","0.32850000262260437","0.32850000262260437","0.32850000262260437"
"29206","0.3285999894142151","0.3285999894142151","0.3285999894142151"
"29217","0.32839998602867126","0.32839998602867126","0.32839998602867126"
"29228","0.32850000262260437","0.32850000262260437","0.32850000262260437"
"29239","0.32889997959136963","0.32889997959136963","0.32889997959136963"
"29250","0.3287000060081482","0.3287000060081482","0.3287000060081482"
"29261","0.32889997959136963","0.32889997959136963","0.32889997959136963"
"29272","0.32909998297691345","0.32909998297691345","0.32909998297691345"
"29283","0.3294000029563904","0.3294000029563904","0.3294000029563904"
"29294","0.3294999897480011","0.3294999897480011","0.3294999897480011"
"29305","0.3296999931335449","0.3296999931335449","0.3296999931335449"
"29316","0.3296000063419342","0.3296000063419342","0.3296000063419342"
"29327","0.3294999897480011","0.3294999897480011","0.3294999897480011"
"29338","0.32909998297691345","0.32909998297691345","0.32909998297691345"
"29349","0.3296000063419342","0.3296000063419342","0.3296000063419342"
"29360","0.32989999651908875","0.32989999651908875","0.32989999651908875"
"29371","0.3301999866962433","0.3301999866962433","0.3301999866962433"
"29382","0.32999998331069946","0.32999998331069946","0.32999998331069946"
"29393","0.33009999990463257","0.33009999990463257","0.33009999990463257"
"29404","0.33009999990463257","0.33009999990463257","0.33009999990463257"
"29415","0.3303000032901764","0.3303000032901764","0.3303000032901764"
"29426","0.3304999768733978","0.3304999768733978","0.3304999768733978"
"29437","0.3304999768733978","0.3304999768733978","0.3304999768733978"
"29448","0.33059999346733093","0.33059999346733093","0.33059999346733093"
"29459","0.33079999685287476","0.33079999685287476","0.33079999685287476"
"29470","0.3310999870300293","0.3310999870300293","0.3310999870300293"
"29481","0.3310999870300293","0.3310999870300293","0.3310999870300293"
"29492","0.3310000002384186","0.3310000002384186","0.3310000002384186"
"29503","0.33069998025894165","0.33069998025894165","0.33069998025894165"
"29514","0.3312000036239624","0.3312000036239624","0.3312000036239624"
"29525","0.3310999870300293","0.3310999870300293","0.3310999870300293"
"29536","0.3310999870300293","0.3310999870300293","0.3310999870300293"
"29547","0.3310999870300293","0.3310999870300293","0.3310999870300293"
"29558","0.3310999870300293","0.3310999870300293","0.3310999870300293"
"29569","0.3312999904155731","0.3312999904155731","0.3312999904155731"
"29580","0.33169999718666077","0.33169999718666077","0.33169999718666077"
"29591","0.3317999839782715","0.3317999839782715","0.3317999839782715"
"29602","0.3317999839782715","0.3317999839782715","0.3317999839782715"
"29613","0.3319000005722046","0.3319000005722046","0.3319000005722046"
"29624","0.3317999839782715","0.3317999839782715","0.3317999839782715"
"29635","0.33169999718666077","0.33169999718666077","0.33169999718666077"
"29646","0.3312999904155731","0.3312999904155731","0.3312999904155731"
"29657","0.33159998059272766","0.33159998059272766","0.33159998059272766"
"29668","0.3312000036239624","0.3312000036239624","0.3312000036239624"
"29679","0.33149999380111694","0.33149999380111694","0.33149999380111694"
"29690","0.3319999873638153","0.3319999873638153","0.3319999873638153"
"29701","0.33239999413490295","0.33239999413490295","0.33239999413490295"
"29712","0.33229997754096985","0.33229997754096985","0.33229997754096985"
"29723","0.33229997754096985","0.33229997754096985","0.33229997754096985"
"29734","0.3325999975204468","0.3325999975204468","0.3325999975204468"
"29745","0.3325999975204468","0.3325999975204468","0.3325999975204468"
"29756","0.3330000042915344","0.3330000042915344","0.3330000042915344"
"29767","0.3328000009059906","0.3328000009059906","0.3328000009059906"
"29778","0.3328000009059906","0.3328000009059906","0.3328000009059906"
"29789","0.3333999812602997","0.3333999812602997","0.3333999812602997"
"29800","0.33309999108314514","0.33309999108314514","0.33309999108314514"
"29811","0.3334999978542328","0.3334999978542328","0.3334999978542328"
"29822","0.33379998803138733","0.33379998803138733","0.33379998803138733"
"29833","0.33390000462532043","0.33390000462532043","0.33390000462532043"
"29844","0.33409997820854187","0.33409997820854187","0.33409997820854187"
"29855","0.33399999141693115","0.33399999141693115","0.33399999141693115"
"29866","0.334199994802475","0.334199994802475","0.334199994802475"
"29877","0.3342999815940857","0.3342999815940857","0.3342999815940857"
"29888","0.3344999849796295","0.3344999849796295","0.3344999849796295"
"29899","0.3346000015735626","0.3346000015735626","0.3346000015735626"
"29910","0.33469998836517334","0.33469998836517334","0.33469998836517334"
"29921","0.33489999175071716","0.33489999175071716","0.33489999175071716"
"29932","0.3346000015735626","0.3346000015735626","0.3346000015735626"
"29943","0.3353999853134155","0.3353999853134155","0.3353999853134155"
"29954","0.3353999853134155","0.3353999853134155","0.3353999853134155"
"29965","0.3351999819278717","0.3351999819278717","0.3351999819278717"
"29976","0.3351999819278717","0.3351999819278717","0.3351999819278717"
"29987","0.3352999985218048","0.3352999985218048","0.3352999985218048"
"29998","0.335099995136261","0.335099995136261","0.335099995136261"
"30009","0.3353999853134155","0.3353999853134155","0.3353999853134155"
"30020","0.3353999853134155","0.3353999853134155","0.3353999853134155"
"30031","0.33550000190734863","0.33550000190734863","0.33550000190734863"
"30042","0.3358999788761139","0.3358999788761139","0.3358999788761139"
"30053","0.3360999822616577","0.3360999822616577","0.3360999822616577"
"30064","0.3360999822616577","0.3360999822616577","0.3360999822616577"
"30075","0.3361999988555908","0.3361999988555908","0.3361999988555908"
"30086","0.3358999788761139","0.3358999788761139","0.3358999788761139"
"30097","0.3358999788761139","0.3358999788761139","0.3358999788761139"
"30108","0.3358999788761139","0.3358999788761139","0.3358999788761139"
"30119","0.3360999822616577","0.3360999822616577","0.3360999822616577"
"30130","0.33649998903274536","0.33649998903274536","0.33649998903274536"
"30141","0.3367999792098999","0.3367999792098999","0.3367999792098999"
"30152","0.33660000562667847","0.33660000562667847","0.33660000562667847"
"30163","0.3367999792098999","0.3367999792098999","0.3367999792098999"
"30174","0.3367999792098999","0.3367999792098999","0.3367999792098999"
"30185","0.33719998598098755","0.33719998598098755","0.33719998598098755"
"30196","0.33719998598098755","0.33719998598098755","0.33719998598098755"
"30207","0.3369999825954437","0.3369999825954437","0.3369999825954437"
"30218","0.33719998598098755","0.33719998598098755","0.33719998598098755"
"30229","0.33739998936653137","0.33739998936653137","0.33739998936653137"
"30240","0.3375000059604645","0.3375000059604645","0.3375000059604645"
"30251","0.3376999795436859","0.3376999795436859","0.3376999795436859"
"30262","0.33789998292922974","0.33789998292922974","0.33789998292922974"
"30273","0.33820000290870667","0.33820000290870667","0.33820000290870667"
"30284","0.3385999798774719","0.3385999798774719","0.3385999798774719"
"30295","0.3385999798774719","0.3385999798774719","0.3385999798774719"
"30306","0.33799999952316284","0.33799999952316284","0.33799999952316284"
"30317","0.33809998631477356","0.33809998631477356","0.33809998631477356"
"30328","0.3384999930858612","0.3384999930858612","0.3384999930858612"
"30339","0.33820000290870667","0.33820000290870667","0.33820000290870667"
"30350","0.3384999930858612","0.3384999930858612","0.3384999930858612"
"30361","0.33879998326301575","0.33879998326301575","0.33879998326301575"
"30372","0.3385999798774719","0.3385999798774719","0.3385999798774719"
"30383","0.33899998664855957","0.33899998664855957","0.33899998664855957"
"30394","0.3391999900341034","0.3391999900341034","0.3391999900341034"
"30405","0.3393999934196472","0.3393999934196472","0.3393999934196472"
"30416","0.3392999768257141","0.3392999768257141","0.3392999768257141"
"30427","0.3392999768257141","0.3392999768257141","0.3392999768257141"
"30438","0.33969998359680176","0.33969998359680176","0.33969998359680176"
"30449","0.33980000019073486","0.33980000019073486","0.33980000019073486"
"30460","0.33959999680519104","0.33959999680519104","0.33959999680519104"
"30471","0.33980000019073486","0.33980000019073486","0.33980000019073486"
"30482","0.33959999680519104","0.33959999680519104","0.33959999680519104"
"30493","0.3400000035762787","0.3400000035762787","0.3400000035762787"
"30504","0.3400000035762787","0.3400000035762787","0.3400000035762787"
"30515","0.3401999771595001","0.3401999771595001","0.3401999771595001"
"30526","0.3402999937534332","0.3402999937534332","0.3402999937534332"
"30537","0.34039998054504395","0.34039998054504395","0.34039998054504395"
"30548","0.3409000039100647","0.3409000039100647","0.3409000039100647"
"30559","0.34119999408721924","0.34119999408721924","0.34119999408721924"
"30570","0.34119999408721924","0.34119999408721924","0.34119999408721924"
"30581","0.3409000039100647","0.3409000039100647","0.3409000039100647"
"30592","0.3407999873161316","0.3407999873161316","0.3407999873161316"
"30603","0.3407000005245209","0.3407000005245209","0.3407000005245209"
"30614","0.34109997749328613","0.34109997749328613","0.34109997749328613"
"30625","0.3409999907016754","0.3409999907016754","0.3409999907016754"
"30636","0.34139999747276306","0.34139999747276306","0.34139999747276306"
"30647","0.34109997749328613","0.34109997749328613","0.34109997749328613"
"30658","0.34119999408721924","0.34119999408721924","0.34119999408721924"
"30669","0.34119999408721924","0.34119999408721924","0.34119999408721924"
"30680","0.3409999907016754","0.3409999907016754","0.3409999907016754"
"30691","0.34109997749328613","0.34109997749328613","0.34109997749328613"
"30702","0.34109997749328613","0.34109997749328613","0.34109997749328613"
"30713","0.34139999747276306","0.34139999747276306","0.34139999747276306"
"30724","0.34119999408721924","0.34119999408721924","0.34119999408721924"
"30735","0.3416000008583069","0.3416000008583069","0.3416000008583069"
"30746","0.3418000042438507","0.3418000042438507","0.3418000042438507"
"30757","0.3418000042438507","0.3418000042438507","0.3418000042438507"
"30768","0.3418000042438507","0.3418000042438507","0.3418000042438507"
"30779","0.34219998121261597","0.34219998121261597","0.34219998121261597"
"30790","0.3423999845981598","0.3423999845981598","0.3423999845981598"
"30801","0.3427000045776367","0.3427000045776367","0.3427000045776367"
"30812","0.34279999136924744","0.34279999136924744","0.34279999136924744"
"30823","0.3432999849319458","0.3432999849319458","0.3432999849319458"
"30834","0.343099981546402","0.343099981546402","0.343099981546402"
"30845","0.3434000015258789","0.3434000015258789","0.3434000015258789"
"30856","0.34360000491142273","0.34360000491142273","0.34360000491142273"
"30867","0.343099981546402","0.343099981546402","0.343099981546402"
"30878","0.3434000015258789","0.3434000015258789","0.3434000015258789"
"30889","0.3434000015258789","0.3434000015258789","0.3434000015258789"
"30900","0.3434999883174896","0.3434999883174896","0.3434999883174896"
"30911","0.3434000015258789","0.3434000015258789","0.3434000015258789"
"30922","0.3432999849319458","0.3432999849319458","0.3432999849319458"
"30933","0.3434000015258789","0.3434000015258789","0.3434000015258789"
"30944","0.3432999849319458","0.3432999849319458","0.3432999849319458"
"30955","0.3434000015258789","0.3434000015258789","0.3434000015258789"
"30966","0.3434000015258789","0.3434000015258789","0.3434000015258789"
"30977","0.34360000491142273","0.34360000491142273","0.34360000491142273"
"30988","0.34389999508857727","0.34389999508857727","0.34389999508857727"
"30999","0.34389999508857727","0.34389999508857727","0.34389999508857727"
"31010","0.34389999508857727","0.34389999508857727","0.34389999508857727"
"31021","0.3441999852657318","0.3441999852657318","0.3441999852657318"
"31032","0.34450000524520874","0.34450000524520874","0.34450000524520874"
"31043","0.34439998865127563","0.34439998865127563","0.34439998865127563"
"31054","0.3447999954223633","0.3447999954223633","0.3447999954223633"
"31065","0.3449999988079071","0.3449999988079071","0.3449999988079071"
"31076","0.3449999988079071","0.3449999988079071","0.3449999988079071"
"31087","0.3449999988079071","0.3449999988079071","0.3449999988079071"
"31098","0.344899982213974","0.344899982213974","0.344899982213974"
"31109","0.3450999855995178","0.3450999855995178","0.3450999855995178"
"31120","0.34540000557899475","0.34540000557899475","0.34540000557899475"
"31131","0.3456999957561493","0.3456999957561493","0.3456999957561493"
"31142","0.3455999791622162","0.3455999791622162","0.3455999791622162"
"31153","0.3456999957561493","0.3456999957561493","0.3456999957561493"
"31164","0.34579998254776","0.34579998254776","0.34579998254776"
"31175","0.34549999237060547","0.34549999237060547","0.34549999237060547"
"31186","0.3455999791622162","0.3455999791622162","0.3455999791622162"
"31197","0.34599998593330383","0.34599998593330383","0.34599998593330383"
"31208","0.34630000591278076","0.34630000591278076","0.34630000591278076"
"31219","0.3463999927043915","0.3463999927043915","0.3463999927043915"
"31230","0.3463999927043915","0.3463999927043915","0.3463999927043915"
"31241","0.3465999960899353","0.3465999960899353","0.3465999960899353"
"31252","0.34689998626708984","0.34689998626708984","0.34689998626708984"
"31263","0.3467999994754791","0.3467999994754791","0.3467999994754791"
"31274","0.3467999994754791","0.3467999994754791","0.3467999994754791"
"31285","0.3471999764442444","0.3471999764442444","0.3471999764442444"
"31296","0.34709998965263367","0.34709998965263367","0.34709998965263367"
"31307","0.3471999764442444","0.3471999764442444","0.3471999764442444"
"31318","0.3472999930381775","0.3472999930381775","0.3472999930381775"
"31329","0.34779998660087585","0.34779998660087585","0.34779998660087585"
"31340","0.34779998660087585","0.34779998660087585","0.34779998660087585"
"31351","0.34759998321533203","0.34759998321533203","0.34759998321533203"
"31362","0.34759998321533203","0.34759998321533203","0.34759998321533203"
"31373","0.34759998321533203","0.34759998321533203","0.34759998321533203"
"31384","0.34779998660087585","0.34779998660087585","0.34779998660087585"
"31395","0.34790000319480896","0.34790000319480896","0.34790000319480896"
"31406","0.3479999899864197","0.3479999899864197","0.3479999899864197"
"31417","0.3481999933719635","0.3481999933719635","0.3481999933719635"
"31428","0.3483999967575073","0.3483999967575073","0.3483999967575073"
"31439","0.34860000014305115","0.34860000014305115","0.34860000014305115"
"31450","0.34869998693466187","0.34869998693466187","0.34869998693466187"
"31461","0.3490999937057495","0.3490999937057495","0.3490999937057495"
"31472","0.3489999771118164","0.3489999771118164","0.3489999771118164"
"31483","0.34950000047683716","0.34950000047683716","0.34950000047683716"
"31494","0.34929999709129333","0.34929999709129333","0.34929999709129333"
"31505","0.349700003862381","0.349700003862381","0.349700003862381"
"31516","0.3498999774456024","0.3498999774456024","0.3498999774456024"
"31527","0.34939998388290405","0.34939998388290405","0.34939998388290405"
"31538","0.34939998388290405","0.34939998388290405","0.34939998388290405"
"31549","0.3497999906539917","0.3497999906539917","0.3497999906539917"
"31560","0.3497999906539917","0.3497999906539917","0.3497999906539917"
"31571","0.3499999940395355","0.3499999940395355","0.3499999940395355"
"31582","0.35019999742507935","0.35019999742507935","0.35019999742507935"
"31593","0.3504999876022339","0.3504999876022339","0.3504999876022339"
"31604","0.35019999742507935","0.35019999742507935","0.35019999742507935"
"31615","0.35040000081062317","0.35040000081062317","0.35040000081062317"
"31626","0.35040000081062317","0.35040000081062317","0.35040000081062317"
"31637","0.35019999742507935","0.35019999742507935","0.35019999742507935"
"31648","0.35029998421669006","0.35029998421669006","0.35029998421669006"
"31659","0.3507999777793884","0.3507999777793884","0.3507999777793884"
"31670","0.3504999876022339","0.3504999876022339","0.3504999876022339"
"31681","0.350600004196167","0.350600004196167","0.350600004196167"
"31692","0.3506999909877777","0.3506999909877777","0.3506999909877777"
"31703","0.3511999845504761","0.3511999845504761","0.3511999845504761"
"31714","0.3513999879360199","0.3513999879360199","0.3513999879360199"
"31725","0.3513999879360199","0.3513999879360199","0.3513999879360199"
"31736","0.351500004529953","0.351500004529953","0.351500004529953"
"31747","0.3520999848842621","0.3520999848842621","0.3520999848842621"
"31758","0.3522000014781952","0.3522000014781952","0.3522000014781952"
"31769","0.352400004863739","0.352400004863739","0.352400004863739"
"31780","0.35259997844696045","0.35259997844696045","0.35259997844696045"
"31791","0.35269999504089355","0.35269999504089355","0.35269999504089355"
"31802","0.35249999165534973","0.35249999165534973","0.35249999165534973"
"31813","0.35259997844696045","0.35259997844696045","0.35259997844696045"
"31824","0.3527999818325043","0.3527999818325043","0.3527999818325043"
"31835","0.35259997844696045","0.35259997844696045","0.35259997844696045"
"31846","0.3529999852180481","0.3529999852180481","0.3529999852180481"
"31857","0.3529999852180481","0.3529999852180481","0.3529999852180481"
"31868","0.3529999852180481","0.3529999852180481","0.3529999852180481"
"31879","0.3531000018119812","0.3531000018119812","0.3531000018119812"
"31890","0.353300005197525","0.353300005197525","0.353300005197525"
"31901","0.35339999198913574","0.35339999198913574","0.35339999198913574"
"31912","0.3531000018119812","0.3531000018119812","0.3531000018119812"
"31923","0.35349997878074646","0.35349997878074646","0.35349997878074646"
"31934","0.35359999537467957","0.35359999537467957","0.35359999537467957"
"31945","0.3540000021457672","0.3540000021457672","0.3540000021457672"
"31956","0.3536999821662903","0.3536999821662903","0.3536999821662903"
"31967","0.3536999821662903","0.3536999821662903","0.3536999821662903"
"31978","0.3537999987602234","0.3537999987602234","0.3537999987602234"
"31989","0.3538999855518341","0.3538999855518341","0.3538999855518341"
"32000","0.3537999987602234","0.3537999987602234","0.3537999987602234"
"32011","0.3538999855518341","0.3538999855518341","0.3538999855518341"
"32022","0.35409998893737793","0.35409998893737793","0.35409998893737793"
"32033","0.35439997911453247","0.35439997911453247","0.35439997911453247"
"32044","0.3546999990940094","0.3546999990940094","0.3546999990940094"
"32055","0.35499998927116394","0.35499998927116394","0.35499998927116394"
"32066","0.3549000024795532","0.3549000024795532","0.3549000024795532"
"32077","0.35510000586509705","0.35510000586509705","0.35510000586509705"
"32088","0.3553999960422516","0.3553999960422516","0.3553999960422516"
"32099","0.3554999828338623","0.3554999828338623","0.3554999828338623"
"32110","0.3553999960422516","0.3553999960422516","0.3553999960422516"
"32121","0.3552999794483185","0.3552999794483185","0.3552999794483185"
"32132","0.35589998960494995","0.35589998960494995","0.35589998960494995"
"32143","0.35599997639656067","0.35599997639656067","0.35599997639656067"
"32154","0.3562999963760376","0.3562999963760376","0.3562999963760376"
"32165","0.35670000314712524","0.35670000314712524","0.35670000314712524"
"32176","0.3564999997615814","0.3564999997615814","0.3564999997615814"
"32187","0.3563999831676483","0.3563999831676483","0.3563999831676483"
"32198","0.35659998655319214","0.35659998655319214","0.35659998655319214"
"32209","0.3570999801158905","0.3570999801158905","0.3570999801158905"
"32220","0.35740000009536743","0.35740000009536743","0.35740000009536743"
"32231","0.3570999801158905","0.3570999801158905","0.3570999801158905"
"32242","0.3571999967098236","0.3571999967098236","0.3571999967098236"
"32253","0.35740000009536743","0.35740000009536743","0.35740000009536743"
"32264","0.3571999967098236","0.3571999967098236","0.3571999967098236"
"32275","0.35749998688697815","0.35749998688697815","0.35749998688697815"
"32286","0.35740000009536743","0.35740000009536743","0.35740000009536743"
"32297","0.35740000009536743","0.35740000009536743","0.35740000009536743"
"32308","0.35740000009536743","0.35740000009536743","0.35740000009536743"
"32319","0.35740000009536743","0.35740000009536743","0.35740000009536743"
"32330","0.3578999936580658","0.3578999936580658","0.3578999936580658"
"32341","0.3577999770641327","0.3577999770641327","0.3577999770641327"
"32352","0.35850000381469727","0.35850000381469727","0.35850000381469727"
"32363","0.35830000042915344","0.35830000042915344","0.35830000042915344"
"32374","0.3587999939918518","0.3587999939918518","0.3587999939918518"
"32385","0.35909998416900635","0.35909998416900635","0.35909998416900635"
"32396","0.35899999737739563","0.35899999737739563","0.35899999737739563"
"32407","0.35899999737739563","0.35899999737739563","0.35899999737739563"
"32418","0.359499990940094","0.359499990940094","0.359499990940094"
"32429","0.35929998755455017","0.35929998755455017","0.35929998755455017"
"32440","0.3596999943256378","0.3596999943256378","0.3596999943256378"
"32451","0.3594000041484833","0.3594000041484833","0.3594000041484833"
"32462","0.35979998111724854","0.35979998111724854","0.35979998111724854"
"32473","0.3596999943256378","0.3596999943256378","0.3596999943256378"
"32484","0.3596999943256378","0.3596999943256378","0.3596999943256378"
"32495","0.3595999777317047","0.3595999777317047","0.3595999777317047"
"32506","0.35979998111724854","0.35979998111724854","0.35979998111724854"
"32517","0.3603000044822693","0.3603000044822693","0.3603000044822693"
"32528","0.3604999780654907","0.3604999780654907","0.3604999780654907"
"32539","0.3601999878883362","0.3601999878883362","0.3601999878883362"
"32550","0.35989999771118164","0.35989999771118164","0.35989999771118164"
"32561","0.3601999878883362","0.3601999878883362","0.3601999878883362"
"32572","0.3603000044822693","0.3603000044822693","0.3603000044822693"
"32583","0.36059999465942383","0.36059999465942383","0.36059999465942383"
"32594","0.36069998145103455","0.36069998145103455","0.36069998145103455"
"32605","0.36089998483657837","0.36089998483657837","0.36089998483657837"
"32616","0.3610999882221222","0.3610999882221222","0.3610999882221222"
"32627","0.3610999882221222","0.3610999882221222","0.3610999882221222"
"32638","0.36139997839927673","0.36139997839927673","0.36139997839927673"
"32649","0.3621000051498413","0.3621000051498413","0.3621000051498413"
"32660","0.3621000051498413","0.3621000051498413","0.3621000051498413"
"32671","0.3621000051498413","0.3621000051498413","0.3621000051498413"
"32682","0.36229997873306274","0.36229997873306274","0.36229997873306274"
"32693","0.3625999987125397","0.3625999987125397","0.3625999987125397"
"32704","0.3626999855041504","0.3626999855041504","0.3626999855041504"
"32715","0.3628000020980835","0.3628000020980835","0.3628000020980835"
"32726","0.3625999987125397","0.3625999987125397","0.3625999987125397"
"32737","0.3628000020980835","0.3628000020980835","0.3628000020980835"
"32748","0.36309999227523804","0.36309999227523804","0.36309999227523804"
"32759","0.36319997906684875","0.36319997906684875","0.36319997906684875"
"32770","0.3633999824523926","0.3633999824523926","0.3633999824523926"
"32781","0.36389997601509094","0.36389997601509094","0.36389997601509094"
"32792","0.3637000024318695","0.3637000024318695","0.3637000024318695"
"32803","0.36409997940063477","0.36409997940063477","0.36409997940063477"
"32814","0.3642999827861786","0.3642999827861786","0.3642999827861786"
"32825","0.3644999861717224","0.3644999861717224","0.3644999861717224"
"32836","0.3644999861717224","0.3644999861717224","0.3644999861717224"
"32847","0.36409997940063477","0.36409997940063477","0.36409997940063477"
"32858","0.3642999827861786","0.3642999827861786","0.3642999827861786"
"32869","0.3646000027656555","0.3646000027656555","0.3646000027656555"
"32880","0.36479997634887695","0.36479997634887695","0.36479997634887695"
"32891","0.3649999797344208","0.3649999797344208","0.3649999797344208"
"32902","0.3650999963283539","0.3650999963283539","0.3650999963283539"
"32913","0.3651999831199646","0.3651999831199646","0.3651999831199646"
"32924","0.3653999865055084","0.3653999865055084","0.3653999865055084"
"32935","0.36550000309944153","0.36550000309944153","0.36550000309944153"
"32946","0.36569997668266296","0.36569997668266296","0.36569997668266296"
"32957","0.3659999966621399","0.3659999966621399","0.3659999966621399"
"32968","0.36649999022483826","0.36649999022483826","0.36649999022483826"
"32979","0.36649999022483826","0.36649999022483826","0.36649999022483826"
"32990","0.3667999804019928","0.3667999804019928","0.3667999804019928"
"33001","0.36719998717308044","0.36719998717308044","0.36719998717308044"
"33012","0.367499977350235","0.367499977350235","0.367499977350235"
"33023","0.3675999939441681","0.3675999939441681","0.3675999939441681"
"33034","0.367499977350235","0.367499977350235","0.367499977350235"
"33045","0.3676999807357788","0.3676999807357788","0.3676999807357788"
"33056","0.36809998750686646","0.36809998750686646","0.36809998750686646"
"33067","0.3684999942779541","0.3684999942779541","0.3684999942779541"
"33078","0.36820000410079956","0.36820000410079956","0.36820000410079956"
"33089","0.3685999810695648","0.3685999810695648","0.3685999810695648"
"33100","0.36890000104904175","0.36890000104904175","0.36890000104904175"
"33111","0.36879998445510864","0.36879998445510864","0.36879998445510864"
"33122","0.3686999976634979","0.3686999976634979","0.3686999976634979"
"33133","0.36890000104904175","0.36890000104904175","0.36890000104904175"
"33144","0.36879998445510864","0.36879998445510864","0.36879998445510864"
"33155","0.3686999976634979","0.3686999976634979","0.3686999976634979"
"33166","0.36890000104904175","0.36890000104904175","0.36890000104904175"
"33177","0.36899998784065247","0.36899998784065247","0.36899998784065247"
"33188","0.369299978017807","0.369299978017807","0.369299978017807"
"33199","0.3691999912261963","0.3691999912261963","0.3691999912261963"
"33210","0.369299978017807","0.369299978017807","0.369299978017807"
"33221","0.36980000138282776","0.36980000138282776","0.36980000138282776"
"33232","0.3698999881744385","0.3698999881744385","0.3698999881744385"
"33243","0.36980000138282776","0.36980000138282776","0.36980000138282776"
"33254","0.36969998478889465","0.36969998478889465","0.36969998478889465"
"33265","0.3702999949455261","0.3702999949455261","0.3702999949455261"
"33276","0.37049999833106995","0.37049999833106995","0.37049999833106995"
"33287","0.37070000171661377","0.37070000171661377","0.37070000171661377"
"33298","0.3709999918937683","0.3709999918937683","0.3709999918937683"
"33309","0.37059998512268066","0.37059998512268066","0.37059998512268066"
"33320","0.37049999833106995","0.37049999833106995","0.37049999833106995"
"33331","0.3709000051021576","0.3709000051021576","0.3709000051021576"
"33342","0.3709000051021576","0.3709000051021576","0.3709000051021576"
"33353","0.3709000051021576","0.3709000051021576","0.3709000051021576"
"33364","0.37119999527931213","0.37119999527931213","0.37119999527931213"
"33375","0.37139999866485596","0.37139999866485596","0.37139999866485596"
"33386","0.3716999888420105","0.3716999888420105","0.3716999888420105"
"33397","0.37199997901916504","0.37199997901916504","0.37199997901916504"
"33408","0.37209999561309814","0.37209999561309814","0.37209999561309814"
"33419","0.3723999857902527","0.3723999857902527","0.3723999857902527"
"33430","0.3723999857902527","0.3723999857902527","0.3723999857902527"
"33441","0.3723999857902527","0.3723999857902527","0.3723999857902527"
"33452","0.3725999891757965","0.3725999891757965","0.3725999891757965"
"33463","0.37289997935295105","0.37289997935295105","0.37289997935295105"
"33474","0.37289997935295105","0.37289997935295105","0.37289997935295105"
"33485","0.37299999594688416","0.37299999594688416","0.37299999594688416"
"33496","0.37299999594688416","0.37299999594688416","0.37299999594688416"
"33507","0.37369999289512634","0.37369999289512634","0.37369999289512634"
"33518","0.37369999289512634","0.37369999289512634","0.37369999289512634"
"33529","0.37369999289512634","0.37369999289512634","0.37369999289512634"
"33540","0.374099999666214","0.374099999666214","0.374099999666214"
"33551","0.374099999666214","0.374099999666214","0.374099999666214"
"33562","0.37459999322891235","0.37459999322891235","0.37459999322891235"
"33573","0.37469998002052307","0.37469998002052307","0.37469998002052307"
"33584","0.3747999966144562","0.3747999966144562","0.3747999966144562"
"33595","0.3748999834060669","0.3748999834060669","0.3748999834060669"
"33606","0.3752000033855438","0.3752000033855438","0.3752000033855438"
"33617","0.3750999867916107","0.3750999867916107","0.3750999867916107"
"33628","0.37529999017715454","0.37529999017715454","0.37529999017715454"
"33639","0.37539997696876526","0.37539997696876526","0.37539997696876526"
"33650","0.37539997696876526","0.37539997696876526","0.37539997696876526"
"33661","0.37529999017715454","0.37529999017715454","0.37529999017715454"
"33672","0.37539997696876526","0.37539997696876526","0.37539997696876526"
"33683","0.37539997696876526","0.37539997696876526","0.37539997696876526"
"33694","0.3757999837398529","0.3757999837398529","0.3757999837398529"
"33705","0.375900000333786","0.375900000333786","0.375900000333786"
"33716","0.375900000333786","0.375900000333786","0.375900000333786"
"33727","0.37619999051094055","0.37619999051094055","0.37619999051094055"
"33738","0.37610000371932983","0.37610000371932983","0.37610000371932983"
"33749","0.37629997730255127","0.37629997730255127","0.37629997730255127"
"33760","0.37689998745918274","0.37689998745918274","0.37689998745918274"
"33771","0.376800000667572","0.376800000667572","0.376800000667572"
"33782","0.3766999840736389","0.3766999840736389","0.3766999840736389"
"33793","0.376800000667572","0.376800000667572","0.376800000667572"
"33804","0.37689998745918274","0.37689998745918274","0.37689998745918274"
"33815","0.37700000405311584","0.37700000405311584","0.37700000405311584"
"33826","0.3771999776363373","0.3771999776363373","0.3771999776363373"
"33837","0.3773999810218811","0.3773999810218811","0.3773999810218811"
"33848","0.3775999844074249","0.3775999844074249","0.3775999844074249"
"33859","0.3774999976158142","0.3774999976158142","0.3774999976158142"
"33870","0.37779998779296875","0.37779998779296875","0.37779998779296875"
"33881","0.37849998474121094","0.37849998474121094","0.37849998474121094"
"33892","0.37849998474121094","0.37849998474121094","0.37849998474121094"
"33903","0.37869998812675476","0.37869998812675476","0.37869998812675476"
"33914","0.3791999816894531","0.3791999816894531","0.3791999816894531"
"33925","0.3788999915122986","0.3788999915122986","0.3788999915122986"
"33936","0.3790999948978424","0.3790999948978424","0.3790999948978424"
"33947","0.37959998846054077","0.37959998846054077","0.37959998846054077"
"33958","0.3797999918460846","0.3797999918460846","0.3797999918460846"
"33969","0.3799999952316284","0.3799999952316284","0.3799999952316284"
"33980","0.3799999952316284","0.3799999952316284","0.3799999952316284"
"33991","0.38040000200271606","0.38040000200271606","0.38040000200271606"
"34002","0.3804999887943268","0.3804999887943268","0.3804999887943268"
"34013","0.38040000200271606","0.38040000200271606","0.38040000200271606"
"34024","0.3807999789714813","0.3807999789714813","0.3807999789714813"
"34035","0.38099998235702515","0.38099998235702515","0.38099998235702515"
"34046","0.3813000023365021","0.3813000023365021","0.3813000023365021"
"34057","0.38179999589920044","0.38179999589920044","0.38179999589920044"
"34068","0.38189998269081116","0.38189998269081116","0.38189998269081116"
"34079","0.38169997930526733","0.38169997930526733","0.38169997930526733"
"34090","0.382099986076355","0.382099986076355","0.382099986076355"
"34101","0.3824999928474426","0.3824999928474426","0.3824999928474426"
"34112","0.3822000026702881","0.3822000026702881","0.3822000026702881"
"34123","0.382099986076355","0.382099986076355","0.382099986076355"
"34134","0.38279998302459717","0.38279998302459717","0.38279998302459717"
"34145","0.3824999928474426","0.3824999928474426","0.3824999928474426"
"34156","0.3823999762535095","0.3823999762535095","0.3823999762535095"
"34167","0.3824999928474426","0.3824999928474426","0.3824999928474426"
"34178","0.38279998302459717","0.38279998302459717","0.38279998302459717"
"34189","0.382999986410141","0.382999986410141","0.382999986410141"
"34200","0.38329997658729553","0.38329997658729553","0.38329997658729553"
"34211","0.383899986743927","0.383899986743927","0.383899986743927"
"34222","0.38439998030662537","0.38439998030662537","0.38439998030662537"
"34233","0.38439998030662537","0.38439998030662537","0.38439998030662537"
"34244","0.384799987077713","0.384799987077713","0.384799987077713"
"34255","0.38509997725486755","0.38509997725486755","0.38509997725486755"
"34266","0.38519999384880066","0.38519999384880066","0.38519999384880066"
"34277","0.3856000006198883","0.3856000006198883","0.3856000006198883"
"34288","0.38589999079704285","0.38589999079704285","0.38589999079704285"
"34299","0.3856000006198883","0.3856000006198883","0.3856000006198883"
"34310","0.385699987411499","0.385699987411499","0.385699987411499"
"34321","0.38609999418258667","0.38609999418258667","0.38609999418258667"
"34332","0.38609999418258667","0.38609999418258667","0.38609999418258667"
"34343","0.3863999843597412","0.3863999843597412","0.3863999843597412"
"34354","0.3863999843597412","0.3863999843597412","0.3863999843597412"
"34365","0.38670000433921814","0.38670000433921814","0.38670000433921814"
"34376","0.3868999779224396","0.3868999779224396","0.3868999779224396"
"34387","0.3868999779224396","0.3868999779224396","0.3868999779224396"
"34398","0.3868999779224396","0.3868999779224396","0.3868999779224396"
"34409","0.3870999813079834","0.3870999813079834","0.3870999813079834"
"34420","0.3869999945163727","0.3869999945163727","0.3869999945163727"
"34431","0.3869999945163727","0.3869999945163727","0.3869999945163727"
"34442","0.3870999813079834","0.3870999813079834","0.3870999813079834"
"34453","0.3872999846935272","0.3872999846935272","0.3872999846935272"
"34464","0.3877999782562256","0.3877999782562256","0.3877999782562256"
"34475","0.38760000467300415","0.38760000467300415","0.38760000467300415"
"34486","0.3880999982357025","0.3880999982357025","0.3880999982357025"
"34497","0.38830000162124634","0.38830000162124634","0.38830000162124634"
"34508","0.38850000500679016","0.38850000500679016","0.38850000500679016"
"34519","0.3888999819755554","0.3888999819755554","0.3888999819755554"
"34530","0.3888999819755554","0.3888999819755554","0.3888999819755554"
"34541","0.3887999951839447","0.3887999951839447","0.3887999951839447"
"34552","0.3888999819755554","0.3888999819755554","0.3888999819755554"
"34563","0.3888999819755554","0.3888999819755554","0.3888999819755554"
"34574","0.38909998536109924","0.38909998536109924","0.38909998536109924"
"34585","0.38920000195503235","0.38920000195503235","0.38920000195503235"
"34596","0.3894999921321869","0.3894999921321869","0.3894999921321869"
"34607","0.3895999789237976","0.3895999789237976","0.3895999789237976"
"34618","0.3896999955177307","0.3896999955177307","0.3896999955177307"
"34629","0.38979998230934143","0.38979998230934143","0.38979998230934143"
"34640","0.38999998569488525","0.38999998569488525","0.38999998569488525"
"34651","0.38989999890327454","0.38989999890327454","0.38989999890327454"
"34662","0.3901999890804291","0.3901999890804291","0.3901999890804291"
"34673","0.3901999890804291","0.3901999890804291","0.3901999890804291"
"34684","0.3903999924659729","0.3903999924659729","0.3903999924659729"
"34695","0.3903999924659729","0.3903999924659729","0.3903999924659729"
"34706","0.3905999958515167","0.3905999958515167","0.3905999958515167"
"34717","0.39079999923706055","0.39079999923706055","0.39079999923706055"
"34728","0.39079999923706055","0.39079999923706055","0.39079999923706055"
"34739","0.3910999894142151","0.3910999894142151","0.3910999894142151"
"34750","0.3910999894142151","0.3910999894142151","0.3910999894142151"
"34761","0.39149999618530273","0.39149999618530273","0.39149999618530273"
"34772","0.39169999957084656","0.39169999957084656","0.39169999957084656"
"34783","0.3917999863624573","0.3917999863624573","0.3917999863624573"
"34794","0.3919000029563904","0.3919000029563904","0.3919000029563904"
"34805","0.39229997992515564","0.39229997992515564","0.39229997992515564"
"34816","0.39249998331069946","0.39249998331069946","0.39249998331069946"
"34827","0.3928000032901764","0.3928000032901764","0.3928000032901764"
"34838","0.3926999866962433","0.3926999866962433","0.3926999866962433"
"34849","0.3933999836444855","0.3933999836444855","0.3933999836444855"
"34860","0.3937000036239624","0.3937000036239624","0.3937000036239624"
"34871","0.3937999904155731","0.3937999904155731","0.3937999904155731"
"34882","0.3942999839782715","0.3942999839782715","0.3942999839782715"
"34893","0.3944999873638153","0.3944999873638153","0.3944999873638153"
"34904","0.3944000005722046","0.3944000005722046","0.3944000005722046"
"34915","0.3946000039577484","0.3946000039577484","0.3946000039577484"
"34926","0.39499998092651367","0.39499998092651367","0.39499998092651367"
"34937","0.3950999975204468","0.3950999975204468","0.3950999975204468"
"34948","0.3951999843120575","0.3951999843120575","0.3951999843120575"
"34959","0.3950999975204468","0.3950999975204468","0.3950999975204468"
"34970","0.3953000009059906","0.3953000009059906","0.3953000009059906"
"34981","0.3953000009059906","0.3953000009059906","0.3953000009059906"
"34992","0.3953000009059906","0.3953000009059906","0.3953000009059906"
"35003","0.3953999876976013","0.3953999876976013","0.3953999876976013"
"35014","0.39569997787475586","0.39569997787475586","0.39569997787475586"
"35025","0.3962000012397766","0.3962000012397766","0.3962000012397766"
"35036","0.3959999978542328","0.3959999978542328","0.3959999978542328"
"35047","0.39579999446868896","0.39579999446868896","0.39579999446868896"
"35058","0.3960999846458435","0.3960999846458435","0.3960999846458435"
"35069","0.39629998803138733","0.39629998803138733","0.39629998803138733"
"35080","0.396699994802475","0.396699994802475","0.396699994802475"
"35091","0.396699994802475","0.396699994802475","0.396699994802475"
"35102","0.39729997515678406","0.39729997515678406","0.39729997515678406"
"35113","0.39729997515678406","0.39729997515678406","0.39729997515678406"
"35124","0.3974999785423279","0.3974999785423279","0.3974999785423279"
"35135","0.3978999853134155","0.3978999853134155","0.3978999853134155"
"35146","0.39800000190734863","0.39800000190734863","0.39800000190734863"
"35157","0.39819997549057007","0.39819997549057007","0.39819997549057007"
"35168","0.3983999788761139","0.3983999788761139","0.3983999788761139"
"35179","0.3985999822616577","0.3985999822616577","0.3985999822616577"
"35190","0.39879998564720154","0.39879998564720154","0.39879998564720154"
"35201","0.39899998903274536","0.39899998903274536","0.39899998903274536"
"35212","0.3990999758243561","0.3990999758243561","0.3990999758243561"
"35223","0.3992999792098999","0.3992999792098999","0.3992999792098999"
"35234","0.39959999918937683","0.39959999918937683","0.39959999918937683"
"35245","0.39959999918937683","0.39959999918937683","0.39959999918937683"
"35256","0.39969998598098755","0.39969998598098755","0.39969998598098755"
"35267","0.39980000257492065","0.39980000257492065","0.39980000257492065"
"35278","0.39980000257492065","0.39980000257492065","0.39980000257492065"
"35289","0.39980000257492065","0.39980000257492065","0.39980000257492065"
"35300","0.4000999927520752","0.4000999927520752","0.4000999927520752"
"35311","0.4001999795436859","0.4001999795436859","0.4001999795436859"
"35322","0.40039998292922974","0.40039998292922974","0.40039998292922974"
"35333","0.40070000290870667","0.40070000290870667","0.40070000290870667"
"35344","0.40070000290870667","0.40070000290870667","0.40070000290870667"
"35355","0.4007999897003174","0.4007999897003174","0.4007999897003174"
"35366","0.40119999647140503","0.40119999647140503","0.40119999647140503"
"35377","0.40149998664855957","0.40149998664855957","0.40149998664855957"
"35388","0.4018999934196472","0.4018999934196472","0.4018999934196472"
"35399","0.4017999768257141","0.4017999768257141","0.4017999768257141"
"35410","0.40230000019073486","0.40230000019073486","0.40230000019073486"
"35421","0.40209999680519104","0.40209999680519104","0.40209999680519104"
"35432","0.4025000035762787","0.4025000035762787","0.4025000035762787"
"35443","0.40289998054504395","0.40289998054504395","0.40289998054504395"
"35454","0.40299999713897705","0.40299999713897705","0.40299999713897705"
"35465","0.40299999713897705","0.40299999713897705","0.40299999713897705"
"35476","0.4032999873161316","0.4032999873161316","0.4032999873161316"
"35487","0.4041999876499176","0.4041999876499176","0.4041999876499176"
"35498","0.4041000008583069","0.4041000008583069","0.4041000008583069"
"35509","0.4043999910354614","0.4043999910354614","0.4043999910354614"
"35520","0.4043000042438507","0.4043000042438507","0.4043000042438507"
"35531","0.40469998121261597","0.40469998121261597","0.40469998121261597"
"35542","0.4047999978065491","0.4047999978065491","0.4047999978065491"
"35553","0.40539997816085815","0.40539997816085815","0.40539997816085815"
"35564","0.405599981546402","0.405599981546402","0.405599981546402"
"35575","0.4057999849319458","0.4057999849319458","0.4057999849319458"
"35586","0.40619999170303345","0.40619999170303345","0.40619999170303345"
"35597","0.4059999883174896","0.4059999883174896","0.4059999883174896"
"35608","0.40609997510910034","0.40609997510910034","0.40609997510910034"
"35619","0.406499981880188","0.406499981880188","0.406499981880188"
"35630","0.4065999984741211","0.4065999984741211","0.4065999984741211"
"35641","0.40689998865127563","0.40689998865127563","0.40689998865127563"
"35652","0.4074999988079071","0.4074999988079071","0.4074999988079071"
"35663","0.4074999988079071","0.4074999988079071","0.4074999988079071"
"35674","0.4077000021934509","0.4077000021934509","0.4077000021934509"
"35685","0.40789997577667236","0.40789997577667236","0.40789997577667236"
"35696","0.4081999957561493","0.4081999957561493","0.4081999957561493"
"35707","0.40860000252723694","0.40860000252723694","0.40860000252723694"
"35718","0.4088999927043915","0.4088999927043915","0.4088999927043915"
"35729","0.409199982881546","0.409199982881546","0.409199982881546"
"35740","0.4092999994754791","0.4092999994754791","0.4092999994754791"
"35751","0.4092999994754791","0.4092999994754791","0.4092999994754791"
"35762","0.40939998626708984","0.40939998626708984","0.40939998626708984"
"35773","0.4097999930381775","0.4097999930381775","0.4097999930381775"
"35784","0.4098999798297882","0.4098999798297882","0.4098999798297882"
"35795","0.4106999933719635","0.4106999933719635","0.4106999933719635"
"35806","0.4106999933719635","0.4106999933719635","0.4106999933719635"
"35817","0.41099998354911804","0.41099998354911804","0.41099998354911804"
"35828","0.41130000352859497","0.41130000352859497","0.41130000352859497"
"35839","0.4113999903202057","0.4113999903202057","0.4113999903202057"
"35850","0.4115999937057495","0.4115999937057495","0.4115999937057495"
"35861","0.41169998049736023","0.41169998049736023","0.41169998049736023"
"35872","0.4122999906539917","0.4122999906539917","0.4122999906539917"
"35883","0.4122999906539917","0.4122999906539917","0.4122999906539917"
"35894","0.4124999940395355","0.4124999940395355","0.4124999940395355"
"35905","0.41290000081062317","0.41290000081062317","0.41290000081062317"
"35916","0.4129999876022339","0.4129999876022339","0.4129999876022339"
"35927","0.413100004196167","0.413100004196167","0.413100004196167"
"35938","0.4132999777793884","0.4132999777793884","0.4132999777793884"
"35949","0.4132999777793884","0.4132999777793884","0.4132999777793884"
"35960","0.41349998116493225","0.41349998116493225","0.41349998116493225"
"35971","0.4140999913215637","0.4140999913215637","0.4140999913215637"
"35982","0.4145999848842621","0.4145999848842621","0.4145999848842621"
"35993","0.4145999848842621","0.4145999848842621","0.4145999848842621"
"36004","0.4147999882698059","0.4147999882698059","0.4147999882698059"
"36015","0.4152999818325043","0.4152999818325043","0.4152999818325043"
"36026","0.4152999818325043","0.4152999818325043","0.4152999818325043"
"36037","0.41579997539520264","0.41579997539520264","0.41579997539520264"
"36048","0.41579997539520264","0.41579997539520264","0.41579997539520264"
"36059","0.41599997878074646","0.41599997878074646","0.41599997878074646"
"36070","0.4165000021457672","0.4165000021457672","0.4165000021457672"
"36081","0.41659998893737793","0.41659998893737793","0.41659998893737793"
"36092","0.41659998893737793","0.41659998893737793","0.41659998893737793"
"36103","0.4165000021457672","0.4165000021457672","0.4165000021457672"
"36114","0.41689997911453247","0.41689997911453247","0.41689997911453247"
"36125","0.4170999825000763","0.4170999825000763","0.4170999825000763"
"36136","0.4172999858856201","0.4172999858856201","0.4172999858856201"
"36147","0.4172999858856201","0.4172999858856201","0.4172999858856201"
"36158","0.41749998927116394","0.41749998927116394","0.41749998927116394"
"36169","0.41759997606277466","0.41759997606277466","0.41759997606277466"
"36180","0.41749998927116394","0.41749998927116394","0.41749998927116394"
"36191","0.4179999828338623","0.4179999828338623","0.4179999828338623"
"36202","0.41830000281333923","0.41830000281333923","0.41830000281333923"
"36213","0.41849997639656067","0.41849997639656067","0.41849997639656067"
"36224","0.41849997639656067","0.41849997639656067","0.41849997639656067"
"36235","0.41909998655319214","0.41909998655319214","0.41909998655319214"
"36246","0.4193999767303467","0.4193999767303467","0.4193999767303467"
"36257","0.4196999967098236","0.4196999967098236","0.4196999967098236"
"36268","0.4197999835014343","0.4197999835014343","0.4197999835014343"
"36279","0.41990000009536743","0.41990000009536743","0.41990000009536743"
"36290","0.4203999936580658","0.4203999936580658","0.4203999936580658"
"36301","0.42069998383522034","0.42069998383522034","0.42069998383522034"
"36312","0.42069998383522034","0.42069998383522034","0.42069998383522034"
"36323","0.42080000042915344","0.42080000042915344","0.42080000042915344"
"36334","0.42089998722076416","0.42089998722076416","0.42089998722076416"
"36345","0.4211999773979187","0.4211999773979187","0.4211999773979187"
"36356","0.4213999807834625","0.4213999807834625","0.4213999807834625"
"36367","0.42159998416900635","0.42159998416900635","0.42159998416900635"
"36378","0.42170000076293945","0.42170000076293945","0.42170000076293945"
"36389","0.4219000041484833","0.4219000041484833","0.4219000041484833"
"36400","0.4221999943256378","0.4221999943256378","0.4221999943256378"
"36411","0.42229998111724854","0.42229998111724854","0.42229998111724854"
"36422","0.4226999878883362","0.4226999878883362","0.4226999878883362"
"36433","0.4226999878883362","0.4226999878883362","0.4226999878883362"
"36444","0.42289999127388","0.42289999127388","0.42289999127388"
"36455","0.42309999465942383","0.42309999465942383","0.42309999465942383"
"36466","0.42329999804496765","0.42329999804496765","0.42329999804496765"
"36477","0.4236999750137329","0.4236999750137329","0.4236999750137329"
"36488","0.42419999837875366","0.42419999837875366","0.42419999837875366"
"36499","0.4244999885559082","0.4244999885559082","0.4244999885559082"
"36510","0.424699991941452","0.424699991941452","0.424699991941452"
"36521","0.4250999987125397","0.4250999987125397","0.4250999987125397"
"36532","0.42499998211860657","0.42499998211860657","0.42499998211860657"
"36543","0.42499998211860657","0.42499998211860657","0.42499998211860657"
"36554","0.4253000020980835","0.4253000020980835","0.4253000020980835"
"36565","0.42549997568130493","0.42549997568130493","0.42549997568130493"
"36576","0.42569997906684875","0.42569997906684875","0.42569997906684875"
"36587","0.4259999990463257","0.4259999990463257","0.4259999990463257"
"36598","0.42649999260902405","0.42649999260902405","0.42649999260902405"
"36609","0.42649999260902405","0.42649999260902405","0.42649999260902405"
"36620","0.4268999993801117","0.4268999993801117","0.4268999993801117"
"36631","0.4271000027656555","0.4271000027656555","0.4271000027656555"
"36642","0.42719998955726624","0.42719998955726624","0.42719998955726624"
"36653","0.4269999861717224","0.4269999861717224","0.4269999861717224"
"36664","0.4269999861717224","0.4269999861717224","0.4269999861717224"
"36675","0.42719998955726624","0.42719998955726624","0.42719998955726624"
"36686","0.4269999861717224","0.4269999861717224","0.4269999861717224"
"36697","0.42739999294281006","0.42739999294281006","0.42739999294281006"
"36708","0.4275999963283539","0.4275999963283539","0.4275999963283539"
"36719","0.42800000309944153","0.42800000309944153","0.42800000309944153"
"36730","0.4276999831199646","0.4276999831199646","0.4276999831199646"
"36741","0.42809998989105225","0.42809998989105225","0.42809998989105225"
"36752","0.4283999800682068","0.4283999800682068","0.4283999800682068"
"36763","0.42890000343322754","0.42890000343322754","0.42890000343322754"
"36774","0.42879998683929443","0.42879998683929443","0.42879998683929443"
"36785","0.429099977016449","0.429099977016449","0.429099977016449"
"36796","0.4292999804019928","0.4292999804019928","0.4292999804019928"
"36807","0.4294999837875366","0.4294999837875366","0.4294999837875366"
"36818","0.42980000376701355","0.42980000376701355","0.42980000376701355"
"36829","0.42989999055862427","0.42989999055862427","0.42989999055862427"
"36840","0.42980000376701355","0.42980000376701355","0.42980000376701355"
"36851","0.4300999939441681","0.4300999939441681","0.4300999939441681"
"36862","0.43050000071525574","0.43050000071525574","0.43050000071525574"
"36873","0.43059998750686646","0.43059998750686646","0.43059998750686646"
"36884","0.430899977684021","0.430899977684021","0.430899977684021"
"36895","0.4309999942779541","0.4309999942779541","0.4309999942779541"
"36906","0.4315999746322632","0.4315999746322632","0.4315999746322632"
"36917","0.43129998445510864","0.43129998445510864","0.43129998445510864"
"36928","0.4315999746322632","0.4315999746322632","0.4315999746322632"
"36939","0.431799978017807","0.431799978017807","0.431799978017807"
"36950","0.431799978017807","0.431799978017807","0.431799978017807"
"36961","0.43219998478889465","0.43219998478889465","0.43219998478889465"
"36972","0.4324999749660492","0.4324999749660492","0.4324999749660492"
"36983","0.43309998512268066","0.43309998512268066","0.43309998512268066"
"36994","0.43309998512268066","0.43309998512268066","0.43309998512268066"
"37005","0.43359997868537903","0.43359997868537903","0.43359997868537903"
"37016","0.4342999756336212","0.4342999756336212","0.4342999756336212"
"37027","0.4343999922275543","0.4343999922275543","0.4343999922275543"
"37038","0.43449997901916504","0.43449997901916504","0.43449997901916504"
"37049","0.43449997901916504","0.43449997901916504","0.43449997901916504"
"37060","0.43469998240470886","0.43469998240470886","0.43469998240470886"
"37071","0.43469998240470886","0.43469998240470886","0.43469998240470886"
"37082","0.43469998240470886","0.43469998240470886","0.43469998240470886"
"37093","0.4350999891757965","0.4350999891757965","0.4350999891757965"
"37104","0.4351999759674072","0.4351999759674072","0.4351999759674072"
"37115","0.43529999256134033","0.43529999256134033","0.43529999256134033"
"37126","0.4351999759674072","0.4351999759674072","0.4351999759674072"
"37137","0.4351999759674072","0.4351999759674072","0.4351999759674072"
"37148","0.43549999594688416","0.43549999594688416","0.43549999594688416"
"37159","0.435699999332428","0.435699999332428","0.435699999332428"
"37170","0.4359999895095825","0.4359999895095825","0.4359999895095825"
"37181","0.435699999332428","0.435699999332428","0.435699999332428"
"37192","0.435699999332428","0.435699999332428","0.435699999332428"
"37203","0.4357999861240387","0.4357999861240387","0.4357999861240387"
"37214","0.435699999332428","0.435699999332428","0.435699999332428"
"37225","0.43619999289512634","0.43619999289512634","0.43619999289512634"
"37236","0.4366999864578247","0.4366999864578247","0.4366999864578247"
"37247","0.4368000030517578","0.4368000030517578","0.4368000030517578"
"37258","0.4368000030517578","0.4368000030517578","0.4368000030517578"
"37269","0.43709999322891235","0.43709999322891235","0.43709999322891235"
"37280","0.43709999322891235","0.43709999322891235","0.43709999322891235"
"37291","0.43719998002052307","0.43719998002052307","0.43719998002052307"
"37302","0.4375999867916107","0.4375999867916107","0.4375999867916107"
"37313","0.43779999017715454","0.43779999017715454","0.43779999017715454"
"37324","0.43779999017715454","0.43779999017715454","0.43779999017715454"
"37335","0.43860000371932983","0.43860000371932983","0.43860000371932983"
"37346","0.43869999051094055","0.43869999051094055","0.43869999051094055"
"37357","0.43869999051094055","0.43869999051094055","0.43869999051094055"
"37368","0.43949997425079346","0.43949997425079346","0.43949997425079346"
"37379","0.43949997425079346","0.43949997425079346","0.43949997425079346"
"37390","0.43959999084472656","0.43959999084472656","0.43959999084472656"
"37401","0.4397999942302704","0.4397999942302704","0.4397999942302704"
"37412","0.44020000100135803","0.44020000100135803","0.44020000100135803"
"37423","0.4404999911785126","0.4404999911785126","0.4404999911785126"
"37434","0.4407999813556671","0.4407999813556671","0.4407999813556671"
"37445","0.44110000133514404","0.44110000133514404","0.44110000133514404"
"37456","0.4413999915122986","0.4413999915122986","0.4413999915122986"
"37467","0.4416999816894531","0.4416999816894531","0.4416999816894531"
"37478","0.4423999786376953","0.4423999786376953","0.4423999786376953"
"37489","0.44259998202323914","0.44259998202323914","0.44259998202323914"
"37500","0.44279998540878296","0.44279998540878296","0.44279998540878296"
"37511","0.44290000200271606","0.44290000200271606","0.44290000200271606"
"37522","0.44290000200271606","0.44290000200271606","0.44290000200271606"
"37533","0.44339999556541443","0.44339999556541443","0.44339999556541443"
"37544","0.44369998574256897","0.44369998574256897","0.44369998574256897"
"37555","0.44359999895095825","0.44359999895095825","0.44359999895095825"
"37566","0.4438000023365021","0.4438000023365021","0.4438000023365021"
"37577","0.4439999759197235","0.4439999759197235","0.4439999759197235"
"37588","0.44419997930526733","0.44419997930526733","0.44419997930526733"
"37599","0.44439998269081116","0.44439998269081116","0.44439998269081116"
"37610","0.4447999894618988","0.4447999894618988","0.4447999894618988"
"37621","0.44509997963905334","0.44509997963905334","0.44509997963905334"
"37632","0.44509997963905334","0.44509997963905334","0.44509997963905334"
"37643","0.44509997963905334","0.44509997963905334","0.44509997963905334"
"37654","0.4453999996185303","0.4453999996185303","0.4453999996185303"
"37665","0.4456999897956848","0.4456999897956848","0.4456999897956848"
"37676","0.4453999996185303","0.4453999996185303","0.4453999996185303"
"37687","0.44579997658729553","0.44579997658729553","0.44579997658729553"
"37698","0.4456000030040741","0.4456000030040741","0.4456000030040741"
"37709","0.4456999897956848","0.4456999897956848","0.4456999897956848"
"37720","0.44609999656677246","0.44609999656677246","0.44609999656677246"
"37731","0.4461999833583832","0.4461999833583832","0.4461999833583832"
"37742","0.4461999833583832","0.4461999833583832","0.4461999833583832"
"37753","0.44669997692108154","0.44669997692108154","0.44669997692108154"
"37764","0.44689998030662537","0.44689998030662537","0.44689998030662537"
"37775","0.4470999836921692","0.4470999836921692","0.4470999836921692"
"37786","0.447299987077713","0.447299987077713","0.447299987077713"
"37797","0.44749999046325684","0.44749999046325684","0.44749999046325684"
"37808","0.4477999806404114","0.4477999806404114","0.4477999806404114"
"37819","0.4481000006198883","0.4481000006198883","0.4481000006198883"
"37830","0.4481000006198883","0.4481000006198883","0.4481000006198883"
"37841","0.44859999418258667","0.44859999418258667","0.44859999418258667"
"37852","0.44849997758865356","0.44849997758865356","0.44849997758865356"
"37863","0.4487999975681305","0.4487999975681305","0.4487999975681305"
"37874","0.44919997453689575","0.44919997453689575","0.44919997453689575"
"37885","0.4493999779224396","0.4493999779224396","0.4493999779224396"
"37896","0.4494999945163727","0.4494999945163727","0.4494999945163727"
"37907","0.4497999846935272","0.4497999846935272","0.4497999846935272"
"37918","0.4495999813079834","0.4495999813079834","0.4495999813079834"
"37929","0.4497999846935272","0.4497999846935272","0.4497999846935272"
"37940","0.4497999846935272","0.4497999846935272","0.4497999846935272"
"37951","0.45009997487068176","0.45009997487068176","0.45009997487068176"
"37962","0.4503999948501587","0.4503999948501587","0.4503999948501587"
"37973","0.4504999816417694","0.4504999816417694","0.4504999816417694"
"37984","0.45069998502731323","0.45069998502731323","0.45069998502731323"
"37995","0.4511999785900116","0.4511999785900116","0.4511999785900116"
"38006","0.4513999819755554","0.4513999819755554","0.4513999819755554"
"38017","0.4520999789237976","0.4520999789237976","0.4520999789237976"
"38028","0.4519999921321869","0.4519999921321869","0.4519999921321869"
"38039","0.4519999921321869","0.4519999921321869","0.4519999921321869"
"38050","0.4521999955177307","0.4521999955177307","0.4521999955177307"
"38061","0.4521999955177307","0.4521999955177307","0.4521999955177307"
"38072","0.45229998230934143","0.45229998230934143","0.45229998230934143"
"38083","0.45249998569488525","0.45249998569488525","0.45249998569488525"
"38094","0.45239999890327454","0.45239999890327454","0.45239999890327454"
"38105","0.45260000228881836","0.45260000228881836","0.45260000228881836"
"38116","0.4528999924659729","0.4528999924659729","0.4528999924659729"
"38127","0.45319998264312744","0.45319998264312744","0.45319998264312744"
"38138","0.4535999894142151","0.4535999894142151","0.4535999894142151"
"38149","0.4536999762058258","0.4536999762058258","0.4536999762058258"
"38160","0.45409998297691345","0.45409998297691345","0.45409998297691345"
"38171","0.45389997959136963","0.45389997959136963","0.45389997959136963"
"38182","0.45409998297691345","0.45409998297691345","0.45409998297691345"
"38193","0.4546999931335449","0.4546999931335449","0.4546999931335449"
"38204","0.45509999990463257","0.45509999990463257","0.45509999990463257"
"38215","0.4551999866962433","0.4551999866962433","0.4551999866962433"
"38226","0.45499998331069946","0.45499998331069946","0.45499998331069946"
"38237","0.4551999866962433","0.4551999866962433","0.4551999866962433"
"38248","0.4554999768733978","0.4554999768733978","0.4554999768733978"
"38259","0.45569998025894165","0.45569998025894165","0.45569998025894165"
"38270","0.4558999836444855","0.4558999836444855","0.4558999836444855"
"38281","0.4560999870300293","0.4560999870300293","0.4560999870300293"
"38292","0.4560000002384186","0.4560000002384186","0.4560000002384186"
"38303","0.45639997720718384","0.45639997720718384","0.45639997720718384"
"38314","0.45659998059272766","0.45659998059272766","0.45659998059272766"
"38325","0.45659998059272766","0.45659998059272766","0.45659998059272766"
"38336","0.4567999839782715","0.4567999839782715","0.4567999839782715"
"38347","0.4569999873638153","0.4569999873638153","0.4569999873638153"
"38358","0.45739999413490295","0.45739999413490295","0.45739999413490295"
"38369","0.45729997754096985","0.45729997754096985","0.45729997754096985"
"38380","0.45749998092651367","0.45749998092651367","0.45749998092651367"
"38391","0.45819997787475586","0.45819997787475586","0.45819997787475586"
"38402","0.45829999446868896","0.45829999446868896","0.45829999446868896"
"38413","0.4585999846458435","0.4585999846458435","0.4585999846458435"
"38424","0.45889997482299805","0.45889997482299805","0.45889997482299805"
"38435","0.45909997820854187","0.45909997820854187","0.45909997820854187"
"38446","0.4594999849796295","0.4594999849796295","0.4594999849796295"
"38457","0.4594999849796295","0.4594999849796295","0.4594999849796295"
"38468","0.45979997515678406","0.45979997515678406","0.45979997515678406"
"38479","0.4599999785423279","0.4599999785423279","0.4599999785423279"
"38490","0.4602999985218048","0.4602999985218048","0.4602999985218048"
"38501","0.4603999853134155","0.4603999853134155","0.4603999853134155"
"38512","0.46059998869895935","0.46059998869895935","0.46059998869895935"
"38523","0.46059998869895935","0.46059998869895935","0.46059998869895935"
"38534","0.46059998869895935","0.46059998869895935","0.46059998869895935"
"38545","0.460999995470047","0.460999995470047","0.460999995470047"
"38556","0.4610999822616577","0.4610999822616577","0.4610999822616577"
"38567","0.4610999822616577","0.4610999822616577","0.4610999822616577"
"38578","0.4610999822616577","0.4610999822616577","0.4610999822616577"
"38589","0.4610999822616577","0.4610999822616577","0.4610999822616577"
"38600","0.46140000224113464","0.46140000224113464","0.46140000224113464"
"38611","0.46149998903274536","0.46149998903274536","0.46149998903274536"
"38622","0.46149998903274536","0.46149998903274536","0.46149998903274536"
"38633","0.46149998903274536","0.46149998903274536","0.46149998903274536"
"38644","0.4616999924182892","0.4616999924182892","0.4616999924182892"
"38655","0.461899995803833","0.461899995803833","0.461899995803833"
"38666","0.46219998598098755","0.46219998598098755","0.46219998598098755"
"38677","0.46230000257492065","0.46230000257492065","0.46230000257492065"
"38688","0.4625999927520752","0.4625999927520752","0.4625999927520752"
"38699","0.4625999927520752","0.4625999927520752","0.4625999927520752"
"38710","0.46299999952316284","0.46299999952316284","0.46299999952316284"
"38721","0.46309998631477356","0.46309998631477356","0.46309998631477356"
"38732","0.46369999647140503","0.46369999647140503","0.46369999647140503"
"38743","0.46369999647140503","0.46369999647140503","0.46369999647140503"
"38754","0.46389999985694885","0.46389999985694885","0.46389999985694885"
"38765","0.46389999985694885","0.46389999985694885","0.46389999985694885"
"38776","0.4641999900341034","0.4641999900341034","0.4641999900341034"
"38787","0.46449998021125793","0.46449998021125793","0.46449998021125793"
"38798","0.46459999680519104","0.46459999680519104","0.46459999680519104"
"38809","0.4652999937534332","0.4652999937534332","0.4652999937534332"
"38820","0.46559998393058777","0.46559998393058777","0.46559998393058777"
"38831","0.4657999873161316","0.4657999873161316","0.4657999873161316"
"38842","0.46549999713897705","0.46549999713897705","0.46549999713897705"
"38853","0.4657000005245209","0.4657000005245209","0.4657000005245209"
"38864","0.4657999873161316","0.4657999873161316","0.4657999873161316"
"38875","0.4659999907016754","0.4659999907016754","0.4659999907016754"
"38886","0.46639999747276306","0.46639999747276306","0.46639999747276306"
"38897","0.4666000008583069","0.4666000008583069","0.4666000008583069"
"38908","0.4664999842643738","0.4664999842643738","0.4664999842643738"
"38919","0.4666000008583069","0.4666000008583069","0.4666000008583069"
"38930","0.46699997782707214","0.46699997782707214","0.46699997782707214"
"38941","0.46699997782707214","0.46699997782707214","0.46699997782707214"
"38952","0.46719998121261597","0.46719998121261597","0.46719998121261597"
"38963","0.4675999879837036","0.4675999879837036","0.4675999879837036"
"38974","0.4675000011920929","0.4675000011920929","0.4675000011920929"
"38985","0.46769997477531433","0.46769997477531433","0.46769997477531433"
"38996","0.46799999475479126","0.46799999475479126","0.46799999475479126"
"39007","0.4681999981403351","0.4681999981403351","0.4681999981403351"
"39018","0.4684000015258789","0.4684000015258789","0.4684000015258789"
"39029","0.46869999170303345","0.46869999170303345","0.46869999170303345"
"39040","0.46869999170303345","0.46869999170303345","0.46869999170303345"
"39051","0.4684999883174896","0.4684999883174896","0.4684999883174896"
"39062","0.46869999170303345","0.46869999170303345","0.46869999170303345"
"39073","0.46879997849464417","0.46879997849464417","0.46879997849464417"
"39084","0.4691999852657318","0.4691999852657318","0.4691999852657318"
"39095","0.4691999852657318","0.4691999852657318","0.4691999852657318"
"39106","0.46939998865127563","0.46939998865127563","0.46939998865127563"
"39117","0.46939998865127563","0.46939998865127563","0.46939998865127563"
"39128","0.4697999954223633","0.4697999954223633","0.4697999954223633"
"39139","0.4705999791622162","0.4705999791622162","0.4705999791622162"
"39150","0.4705999791622162","0.4705999791622162","0.4705999791622162"
"39161","0.47079998254776","0.47079998254776","0.47079998254776"
"39172","0.4706999957561493","0.4706999957561493","0.4706999957561493"
"39183","0.47110000252723694","0.47110000252723694","0.47110000252723694"
"39194","0.4714999794960022","0.4714999794960022","0.4714999794960022"
"39205","0.4712999761104584","0.4712999761104584","0.4712999761104584"
"39216","0.4717999994754791","0.4717999994754791","0.4717999994754791"
"39227","0.47189998626708984","0.47189998626708984","0.47189998626708984"
"39238","0.47189998626708984","0.47189998626708984","0.47189998626708984"
"39249","0.4723999798297882","0.4723999798297882","0.4723999798297882"
"39260","0.4722999930381775","0.4722999930381775","0.4722999930381775"
"39271","0.4723999798297882","0.4723999798297882","0.4723999798297882"
"39282","0.4723999798297882","0.4723999798297882","0.4723999798297882"
"39293","0.47279998660087585","0.47279998660087585","0.47279998660087585"
"39304","0.4733999967575073","0.4733999967575073","0.4733999967575073"
"39315","0.4732999801635742","0.4732999801635742","0.4732999801635742"
"39326","0.4731999933719635","0.4731999933719635","0.4731999933719635"
"39337","0.4732999801635742","0.4732999801635742","0.4732999801635742"
"39348","0.4738999903202057","0.4738999903202057","0.4738999903202057"
"39359","0.4738999903202057","0.4738999903202057","0.4738999903202057"
"39370","0.4738999903202057","0.4738999903202057","0.4738999903202057"
"39381","0.47439998388290405","0.47439998388290405","0.47439998388290405"
"39392","0.4745999872684479","0.4745999872684479","0.4745999872684479"
"39403","0.4748999774456024","0.4748999774456024","0.4748999774456024"
"39414","0.47509998083114624","0.47509998083114624","0.47509998083114624"
"39425","0.4749999940395355","0.4749999940395355","0.4749999940395355"
"39436","0.4749999940395355","0.4749999940395355","0.4749999940395355"
"39447","0.47540000081062317","0.47540000081062317","0.47540000081062317"
"39458","0.4754999876022339","0.4754999876022339","0.4754999876022339"
"39469","0.4755999743938446","0.4755999743938446","0.4755999743938446"
"39480","0.4757999777793884","0.4757999777793884","0.4757999777793884"
"39491","0.47609999775886536","0.47609999775886536","0.47609999775886536"
"39502","0.4764999747276306","0.4764999747276306","0.4764999747276306"
"39513","0.47669997811317444","0.47669997811317444","0.47669997811317444"
"39524","0.47669997811317444","0.47669997811317444","0.47669997811317444"
"39535","0.4770999848842621","0.4770999848842621","0.4770999848842621"
"39546","0.4772000014781952","0.4772000014781952","0.4772000014781952"
"39557","0.47769999504089355","0.47769999504089355","0.47769999504089355"
"39568","0.4778999984264374","0.4778999984264374","0.4778999984264374"
"39579","0.4778999984264374","0.4778999984264374","0.4778999984264374"
"39590","0.4779999852180481","0.4779999852180481","0.4779999852180481"
"39601","0.4779999852180481","0.4779999852180481","0.4779999852180481"
"39612","0.4781000018119812","0.4781000018119812","0.4781000018119812"
"39623","0.47829997539520264","0.47829997539520264","0.47829997539520264"
"39634","0.47859999537467957","0.47859999537467957","0.47859999537467957"
"39645","0.4786999821662903","0.4786999821662903","0.4786999821662903"
"39656","0.4788999855518341","0.4788999855518341","0.4788999855518341"
"39667","0.4788999855518341","0.4788999855518341","0.4788999855518341"
"39678","0.4790000021457672","0.4790000021457672","0.4790000021457672"
"39689","0.47939997911453247","0.47939997911453247","0.47939997911453247"
"39700","0.47939997911453247","0.47939997911453247","0.47939997911453247"
"39711","0.4797999858856201","0.4797999858856201","0.4797999858856201"
"39722","0.48019999265670776","0.48019999265670776","0.48019999265670776"
"39733","0.47999998927116394","0.47999998927116394","0.47999998927116394"
"39744","0.48019999265670776","0.48019999265670776","0.48019999265670776"
"39755","0.48069998621940613","0.48069998621940613","0.48069998621940613"
"39766","0.4811999797821045","0.4811999797821045","0.4811999797821045"
"39777","0.48169997334480286","0.48169997334480286","0.48169997334480286"
"39788","0.4819999933242798","0.4819999933242798","0.4819999933242798"
"39799","0.4820999801158905","0.4820999801158905","0.4820999801158905"
"39810","0.4820999801158905","0.4820999801158905","0.4820999801158905"
"39821","0.4822999835014343","0.4822999835014343","0.4822999835014343"
"39832","0.48249998688697815","0.48249998688697815","0.48249998688697815"
"39843","0.482699990272522","0.482699990272522","0.482699990272522"
"39854","0.48319998383522034","0.48319998383522034","0.48319998383522034"
"39865","0.48330000042915344","0.48330000042915344","0.48330000042915344"
"39876","0.4834999740123749","0.4834999740123749","0.4834999740123749"
"39887","0.4836999773979187","0.4836999773979187","0.4836999773979187"
"39898","0.48409998416900635","0.48409998416900635","0.48409998416900635"
"39909","0.4838999807834625","0.4838999807834625","0.4838999807834625"
"39920","0.48409998416900635","0.48409998416900635","0.48409998416900635"
"39931","0.48420000076293945","0.48420000076293945","0.48420000076293945"
"39942","0.4845999777317047","0.4845999777317047","0.4845999777317047"
"39953","0.484499990940094","0.484499990940094","0.484499990940094"
"39964","0.48479998111724854","0.48479998111724854","0.48479998111724854"
"39975","0.4851999878883362","0.4851999878883362","0.4851999878883362"
"39986","0.48539999127388","0.48539999127388","0.48539999127388"
"39997","0.48569998145103455","0.48569998145103455","0.48569998145103455"
"40008","0.48569998145103455","0.48569998145103455","0.48569998145103455"
"40019","0.48639997839927673","0.48639997839927673","0.48639997839927673"
"40030","0.48639997839927673","0.48639997839927673","0.48639997839927673"
"40041","0.48639997839927673","0.48639997839927673","0.48639997839927673"
"40052","0.48649999499320984","0.48649999499320984","0.48649999499320984"
"40063","0.4869000017642975","0.4869000017642975","0.4869000017642975"
"40074","0.48729997873306274","0.48729997873306274","0.48729997873306274"
"40085","0.48729997873306274","0.48729997873306274","0.48729997873306274"
"40096","0.48739999532699585","0.48739999532699585","0.48739999532699585"
"40107","0.4876999855041504","0.4876999855041504","0.4876999855041504"
"40118","0.48819997906684875","0.48819997906684875","0.48819997906684875"
"40129","0.4885999858379364","0.4885999858379364","0.4885999858379364"
"40140","0.48889997601509094","0.48889997601509094","0.48889997601509094"
"40151","0.4887999892234802","0.4887999892234802","0.4887999892234802"
"40162","0.48909997940063477","0.48909997940063477","0.48909997940063477"
"40173","0.48919999599456787","0.48919999599456787","0.48919999599456787"
"40184","0.4893999993801117","0.4893999993801117","0.4893999993801117"
"40195","0.48969998955726624","0.48969998955726624","0.48969998955726624"
"40206","0.48959997296333313","0.48959997296333313","0.48959997296333313"
"40217","0.4899999797344208","0.4899999797344208","0.4899999797344208"
"40228","0.4901999831199646","0.4901999831199646","0.4901999831199646"
"40239","0.49059998989105225","0.49059998989105225","0.49059998989105225"
"40250","0.49059998989105225","0.49059998989105225","0.49059998989105225"
"40261","0.4909999966621399","0.4909999966621399","0.4909999966621399"
"40272","0.4910999834537506","0.4910999834537506","0.4910999834537506"
"40283","0.49129998683929443","0.49129998683929443","0.49129998683929443"
"40294","0.4910999834537506","0.4910999834537506","0.4910999834537506"
"40305","0.4910999834537506","0.4910999834537506","0.4910999834537506"
"40316","0.49149999022483826","0.49149999022483826","0.49149999022483826"
"40327","0.49149999022483826","0.49149999022483826","0.49149999022483826"
"40338","0.4917999804019928","0.4917999804019928","0.4917999804019928"
"40349","0.4916999936103821","0.4916999936103821","0.4916999936103821"
"40360","0.4917999804019928","0.4917999804019928","0.4917999804019928"
"40371","0.4918999969959259","0.4918999969959259","0.4918999969959259"
"40382","0.49239999055862427","0.49239999055862427","0.49239999055862427"
"40393","0.49239999055862427","0.49239999055862427","0.49239999055862427"
"40404","0.49239999055862427","0.49239999055862427","0.49239999055862427"
"40415","0.4926999807357788","0.4926999807357788","0.4926999807357788"
"40426","0.4931999742984772","0.4931999742984772","0.4931999742984772"
"40437","0.49309998750686646","0.49309998750686646","0.49309998750686646"
"40448","0.4932999908924103","0.4932999908924103","0.4932999908924103"
"40459","0.4934999942779541","0.4934999942779541","0.4934999942779541"
"40470","0.4934999942779541","0.4934999942779541","0.4934999942779541"
"40481","0.49390000104904175","0.49390000104904175","0.49390000104904175"
"40492","0.49390000104904175","0.49390000104904175","0.49390000104904175"
"40503","0.4941999912261963","0.4941999912261963","0.4941999912261963"
"40514","0.494299978017807","0.494299978017807","0.494299978017807"
"40525","0.4949999749660492","0.4949999749660492","0.4949999749660492"
"40536","0.4949999749660492","0.4949999749660492","0.4949999749660492"
"40547","0.4952999949455261","0.4952999949455261","0.4952999949455261"
"40558","0.49559998512268066","0.49559998512268066","0.49559998512268066"
"40569","0.49609997868537903","0.49609997868537903","0.49609997868537903"
"40580","0.49619999527931213","0.49619999527931213","0.49619999527931213"
"40591","0.49629998207092285","0.49629998207092285","0.49629998207092285"
"40602","0.49639999866485596","0.49639999866485596","0.49639999866485596"
"40613","0.4966999888420105","0.4966999888420105","0.4966999888420105"
"40624","0.4968999922275543","0.4968999922275543","0.4968999922275543"
"40635","0.49699997901916504","0.49699997901916504","0.49699997901916504"
"40646","0.4973999857902527","0.4973999857902527","0.4973999857902527"
"40657","0.4975999891757965","0.4975999891757965","0.4975999891757965"
"40668","0.49779999256134033","0.49779999256134033","0.49779999256134033"
"40679","0.4982999861240387","0.4982999861240387","0.4982999861240387"
"40690","0.4984999895095825","0.4984999895095825","0.4984999895095825"
"40701","0.49859997630119324","0.49859997630119324","0.49859997630119324"
"40712","0.49879997968673706","0.49879997968673706","0.49879997968673706"
"40723","0.49889999628067017","0.49889999628067017","0.49889999628067017"
"40734","0.4989999830722809","0.4989999830722809","0.4989999830722809"
"40745","0.4992999732494354","0.4992999732494354","0.4992999732494354"
"40756","0.49949997663497925","0.49949997663497925","0.49949997663497925"
"40767","0.49969998002052307","0.49969998002052307","0.49969998002052307"
"40778","0.49969998002052307","0.49969998002052307","0.49969998002052307"
"40789","0.4997999966144562","0.4997999966144562","0.4997999966144562"
"40800","0.4997999966144562","0.4997999966144562","0.4997999966144562"
"40811","0.5","0.5","0.5"
"40822","0.5","0.5","0.5"
"40833","0.5004000067710876","0.5004000067710876","0.5004000067710876"
"40844","0.5005999803543091","0.5005999803543091","0.5005999803543091"
"40855","0.5006999969482422","0.5006999969482422","0.5006999969482422"
"40866","0.5009999871253967","0.5009999871253967","0.5009999871253967"
"40877","0.5015999674797058","0.5015999674797058","0.5015999674797058"
"40888","0.5015999674797058","0.5015999674797058","0.5015999674797058"
"40899","0.501800000667572","0.501800000667572","0.501800000667572"
"40910","0.5019999742507935","0.5019999742507935","0.5019999742507935"
"40921","0.5022000074386597","0.5022000074386597","0.5022000074386597"
"40932","0.5023999810218811","0.5023999810218811","0.5023999810218811"
"40943","0.5024999976158142","0.5024999976158142","0.5024999976158142"
"40954","0.5027999877929688","0.5027999877929688","0.5027999877929688"
"40965","0.5029000043869019","0.5029000043869019","0.5029000043869019"
"40976","0.5033000111579895","0.5033000111579895","0.5033000111579895"
"40987","0.5033000111579895","0.5033000111579895","0.5033000111579895"
"40998","0.5036999583244324","0.5036999583244324","0.5036999583244324"
"41009","0.50409996509552","0.50409996509552","0.50409996509552"
"41020","0.5041999816894531","0.5041999816894531","0.5041999816894531"
"41031","0.5045999884605408","0.5045999884605408","0.5045999884605408"
"41042","0.5044000148773193","0.5044000148773193","0.5044000148773193"
"41053","0.5048999786376953","0.5048999786376953","0.5048999786376953"
"41064","0.5047999620437622","0.5047999620437622","0.5047999620437622"
"41075","0.5049999952316284","0.5049999952316284","0.5049999952316284"
"41086","0.5049999952316284","0.5049999952316284","0.5049999952316284"
"41097","0.5054000020027161","0.5054000020027161","0.5054000020027161"
"41108","0.505299985408783","0.505299985408783","0.505299985408783"
"41119","0.505299985408783","0.505299985408783","0.505299985408783"
"41130","0.505299985408783","0.505299985408783","0.505299985408783"
"41141","0.5054999589920044","0.5054999589920044","0.5054999589920044"
"41152","0.5059999823570251","0.5059999823570251","0.5059999823570251"
"41163","0.5062000155448914","0.5062000155448914","0.5062000155448914"
"41174","0.5063999891281128","0.5063999891281128","0.5063999891281128"
"41185","0.5065999627113342","0.5065999627113342","0.5065999627113342"
"41196","0.5066999793052673","0.5066999793052673","0.5066999793052673"
"41207","0.5069000124931335","0.5069000124931335","0.5069000124931335"
"41218","0.5066999793052673","0.5066999793052673","0.5066999793052673"
"41229","0.507099986076355","0.507099986076355","0.507099986076355"
"41240","0.5072000026702881","0.5072000026702881","0.5072000026702881"
"41251","0.5073999762535095","0.5073999762535095","0.5073999762535095"
"41262","0.5073999762535095","0.5073999762535095","0.5073999762535095"
"41273","0.5076000094413757","0.5076000094413757","0.5076000094413757"
"41284","0.5078999996185303","0.5078999996185303","0.5078999996185303"
"41295","0.5080999732017517","0.5080999732017517","0.5080999732017517"
"41306","0.5083000063896179","0.5083000063896179","0.5083000063896179"
"41317","0.5083999633789062","0.5083999633789062","0.5083999633789062"
"41328","0.5090000033378601","0.5090000033378601","0.5090000033378601"
"41339","0.5090000033378601","0.5090000033378601","0.5090000033378601"
"41350","0.508899986743927","0.508899986743927","0.508899986743927"
"41361","0.5091999769210815","0.5091999769210815","0.5091999769210815"
"41372","0.5090999603271484","0.5090999603271484","0.5090999603271484"
"41383","0.5092999935150146","0.5092999935150146","0.5092999935150146"
"41394","0.5094999670982361","0.5094999670982361","0.5094999670982361"
"41405","0.5099999904632568","0.5099999904632568","0.5099999904632568"
"41416","0.5095999836921692","0.5095999836921692","0.5095999836921692"
"41427","0.5101000070571899","0.5101000070571899","0.5101000070571899"
"41438","0.5102999806404114","0.5102999806404114","0.5102999806404114"
"41449","0.5108000040054321","0.5108000040054321","0.5108000040054321"
"41460","0.5112000107765198","0.5112000107765198","0.5112000107765198"
"41471","0.5115000009536743","0.5115000009536743","0.5115000009536743"
"41482","0.5115000009536743","0.5115000009536743","0.5115000009536743"
"41493","0.5115999579429626","0.5115999579429626","0.5115999579429626"
"41504","0.5117999911308289","0.5117999911308289","0.5117999911308289"
"41515","0.5123999714851379","0.5123999714851379","0.5123999714851379"
"41526","0.5126000046730042","0.5126000046730042","0.5126000046730042"
"41537","0.5128999948501587","0.5128999948501587","0.5128999948501587"
"41548","0.5131999850273132","0.5131999850273132","0.5131999850273132"
"41559","0.5133999586105347","0.5133999586105347","0.5133999586105347"
"41570","0.5139999985694885","0.5139999985694885","0.5139999985694885"
"41581","0.5141000151634216","0.5141000151634216","0.5141000151634216"
"41592","0.51419997215271","0.51419997215271","0.51419997215271"
"41603","0.5144000053405762","0.5144000053405762","0.5144000053405762"
"41614","0.5146999955177307","0.5146999955177307","0.5146999955177307"
"41625","0.5151000022888184","0.5151000022888184","0.5151000022888184"
"41636","0.515500009059906","0.515500009059906","0.515500009059906"
"41647","0.5156999826431274","0.5156999826431274","0.5156999826431274"
"41658","0.5156999826431274","0.5156999826431274","0.5156999826431274"
"41669","0.5157999992370605","0.5157999992370605","0.5157999992370605"
"41680","0.5162000060081482","0.5162000060081482","0.5162000060081482"
"41691","0.5166999697685242","0.5166999697685242","0.5166999697685242"
"41702","0.5164999961853027","0.5164999961853027","0.5164999961853027"
"41713","0.5169000029563904","0.5169000029563904","0.5169000029563904"
"41724","0.5166999697685242","0.5166999697685242","0.5166999697685242"
"41735","0.5171999931335449","0.5171999931335449","0.5171999931335449"
"41746","0.517300009727478","0.517300009727478","0.517300009727478"
"41757","0.5171999931335449","0.5171999931335449","0.5171999931335449"
"41768","0.5177000164985657","0.5177000164985657","0.5177000164985657"
"41779","0.517799973487854","0.517799973487854","0.517799973487854"
"41790","0.5180999636650085","0.5180999636650085","0.5180999636650085"
"41801","0.5182999968528748","0.5182999968528748","0.5182999968528748"
"41812","0.5182999968528748","0.5182999968528748","0.5182999968528748"
"41823","0.5184999704360962","0.5184999704360962","0.5184999704360962"
"41834","0.5184999704360962","0.5184999704360962","0.5184999704360962"
"41845","0.5184999704360962","0.5184999704360962","0.5184999704360962"
"41856","0.5184000134468079","0.5184000134468079","0.5184000134468079"
"41867","0.5184999704360962","0.5184999704360962","0.5184999704360962"
"41878","0.5184999704360962","0.5184999704360962","0.5184999704360962"
"41889","0.5187000036239624","0.5187000036239624","0.5187000036239624"
"41900","0.5188999772071838","0.5188999772071838","0.5188999772071838"
"41911","0.5194999575614929","0.5194999575614929","0.5194999575614929"
"41922","0.519599974155426","0.519599974155426","0.519599974155426"
"41933","0.519599974155426","0.519599974155426","0.519599974155426"
"41944","0.5198999643325806","0.5198999643325806","0.5198999643325806"
"41955","0.5199999809265137","0.5199999809265137","0.5199999809265137"
"41966","0.5202999711036682","0.5202999711036682","0.5202999711036682"
"41977","0.5202000141143799","0.5202000141143799","0.5202000141143799"
"41988","0.5202999711036682","0.5202999711036682","0.5202999711036682"
"41999","0.5205999612808228","0.5205999612808228","0.5205999612808228"
"42010","0.5205999612808228","0.5205999612808228","0.5205999612808228"
"42021","0.5209999680519104","0.5209999680519104","0.5209999680519104"
"42032","0.5212999582290649","0.5212999582290649","0.5212999582290649"
"42043","0.5212000012397766","0.5212000012397766","0.5212000012397766"
"42054","0.5214999914169312","0.5214999914169312","0.5214999914169312"
"42065","0.5216000080108643","0.5216000080108643","0.5216000080108643"
"42076","0.5216999650001526","0.5216999650001526","0.5216999650001526"
"42087","0.5220000147819519","0.5220000147819519","0.5220000147819519"
"42098","0.5223000049591064","0.5223000049591064","0.5223000049591064"
"42109","0.5223000049591064","0.5223000049591064","0.5223000049591064"
"42120","0.522599995136261","0.522599995136261","0.522599995136261"
"42131","0.5227000117301941","0.5227000117301941","0.5227000117301941"
"42142","0.5230000019073486","0.5230000019073486","0.5230000019073486"
"42153","0.5230000019073486","0.5230000019073486","0.5230000019073486"
"42164","0.523099958896637","0.523099958896637","0.523099958896637"
"42175","0.5234000086784363","0.5234000086784363","0.5234000086784363"
"42186","0.5238000154495239","0.5238000154495239","0.5238000154495239"
"42197","0.5241000056266785","0.5241000056266785","0.5241000056266785"
"42208","0.5241000056266785","0.5241000056266785","0.5241000056266785"
"42219","0.5242999792098999","0.5242999792098999","0.5242999792098999"
"42230","0.5245999693870544","0.5245999693870544","0.5245999693870544"
"42241","0.5245999693870544","0.5245999693870544","0.5245999693870544"
"42252","0.5250999927520752","0.5250999927520752","0.5250999927520752"
"42263","0.5254999995231628","0.5254999995231628","0.5254999995231628"
"42274","0.5252999663352966","0.5252999663352966","0.5252999663352966"
"42285","0.5254999995231628","0.5254999995231628","0.5254999995231628"
"42296","0.5259999632835388","0.5259999632835388","0.5259999632835388"
"42307","0.5259999632835388","0.5259999632835388","0.5259999632835388"
"42318","0.5263000130653381","0.5263000130653381","0.5263000130653381"
"42329","0.526699960231781","0.526699960231781","0.526699960231781"
"42340","0.5268999934196472","0.5268999934196472","0.5268999934196472"
"42351","0.5268999934196472","0.5268999934196472","0.5268999934196472"
"42362","0.5273999571800232","0.5273999571800232","0.5273999571800232"
"42373","0.5273999571800232","0.5273999571800232","0.5273999571800232"
"42384","0.527899980545044","0.527899980545044","0.527899980545044"
"42395","0.527999997138977","0.527999997138977","0.527999997138977"
"42406","0.5281999707221985","0.5281999707221985","0.5281999707221985"
"42417","0.5282999873161316","0.5282999873161316","0.5282999873161316"
"42428","0.5284000039100647","0.5284000039100647","0.5284000039100647"
"42439","0.5288000106811523","0.5288000106811523","0.5288000106811523"
"42450","0.5291999578475952","0.5291999578475952","0.5291999578475952"
"42461","0.5293999910354614","0.5293999910354614","0.5293999910354614"
"42472","0.5295999646186829","0.5295999646186829","0.5295999646186829"
"42483","0.5299000144004822","0.5299000144004822","0.5299000144004822"
"42494","0.5299999713897705","0.5299999713897705","0.5299999713897705"
"42505","0.5302000045776367","0.5302000045776367","0.5302000045776367"
"42516","0.5300999879837036","0.5300999879837036","0.5300999879837036"
"42527","0.5302000045776367","0.5302000045776367","0.5302000045776367"
"42538","0.5303999781608582","0.5303999781608582","0.5303999781608582"
"42549","0.5306999683380127","0.5306999683380127","0.5306999683380127"
"42560","0.5309000015258789","0.5309000015258789","0.5309000015258789"
"42571","0.5311999917030334","0.5311999917030334","0.5311999917030334"
"42582","0.5313999652862549","0.5313999652862549","0.5313999652862549"
"42593","0.5315999984741211","0.5315999984741211","0.5315999984741211"
"42604","0.5318999886512756","0.5318999886512756","0.5318999886512756"
"42615","0.5320000052452087","0.5320000052452087","0.5320000052452087"
"42626","0.5322999954223633","0.5322999954223633","0.5322999954223633"
"42637","0.5324000120162964","0.5324000120162964","0.5324000120162964"
"42648","0.5324999690055847","0.5324999690055847","0.5324999690055847"
"42659","0.5324999690055847","0.5324999690055847","0.5324999690055847"
"42670","0.5325999855995178","0.5325999855995178","0.5325999855995178"
"42681","0.5327999591827393","0.5327999591827393","0.5327999591827393"
"42692","0.5327000021934509","0.5327000021934509","0.5327000021934509"
"42703","0.5331000089645386","0.5331000089645386","0.5331000089645386"
"42714","0.5331999659538269","0.5331999659538269","0.5331999659538269"
"42725","0.5333999991416931","0.5333999991416931","0.5333999991416931"
"42736","0.5338000059127808","0.5338000059127808","0.5338000059127808"
"42747","0.5338999629020691","0.5338999629020691","0.5338999629020691"
"42758","0.5340999960899353","0.5340999960899353","0.5340999960899353"
"42769","0.5340999960899353","0.5340999960899353","0.5340999960899353"
"42780","0.5340999960899353","0.5340999960899353","0.5340999960899353"
"42791","0.5345999598503113","0.5345999598503113","0.5345999598503113"
"42802","0.5346999764442444","0.5346999764442444","0.5346999764442444"
"42813","0.5349999666213989","0.5349999666213989","0.5349999666213989"
"42824","0.535099983215332","0.535099983215332","0.535099983215332"
"42835","0.5353999733924866","0.5353999733924866","0.5353999733924866"
"42846","0.5353999733924866","0.5353999733924866","0.5353999733924866"
"42857","0.5354999899864197","0.5354999899864197","0.5354999899864197"
"42868","0.5357999801635742","0.5357999801635742","0.5357999801635742"
"42879","0.5360999703407288","0.5360999703407288","0.5360999703407288"
"42890","0.536300003528595","0.536300003528595","0.536300003528595"
"42901","0.536799967288971","0.536799967288971","0.536799967288971"
"42912","0.536799967288971","0.536799967288971","0.536799967288971"
"42923","0.5367000102996826","0.5367000102996826","0.5367000102996826"
"42934","0.5374999642372131","0.5374999642372131","0.5374999642372131"
"42945","0.5378999710083008","0.5378999710083008","0.5378999710083008"
"42956","0.5382999777793884","0.5382999777793884","0.5382999777793884"
"42967","0.5383999943733215","0.5383999943733215","0.5383999943733215"
"42978","0.5383999943733215","0.5383999943733215","0.5383999943733215"
"42989","0.538599967956543","0.538599967956543","0.538599967956543"
"43000","0.5388000011444092","0.5388000011444092","0.5388000011444092"
"43011","0.538599967956543","0.538599967956543","0.538599967956543"
"43022","0.5388000011444092","0.5388000011444092","0.5388000011444092"
"43033","0.5393999814987183","0.5393999814987183","0.5393999814987183"
"43044","0.5397999882698059","0.5397999882698059","0.5397999882698059"
"43055","0.5400999784469604","0.5400999784469604","0.5400999784469604"
"43066","0.5399999618530273","0.5399999618530273","0.5399999618530273"
"43077","0.5400999784469604","0.5400999784469604","0.5400999784469604"
"43088","0.5407999753952026","0.5407999753952026","0.5407999753952026"
"43099","0.5407999753952026","0.5407999753952026","0.5407999753952026"
"43110","0.5424000024795532","0.5424000024795532","0.5424000024795532"
"43121","0.5424000024795532","0.5424000024795532","0.5424000024795532"
"43132","0.5424999594688416","0.5424999594688416","0.5424999594688416"
"43143","0.5429999828338623","0.5429999828338623","0.5429999828338623"
"43154","0.5432000160217285","0.5432000160217285","0.5432000160217285"
"43165","0.5432000160217285","0.5432000160217285","0.5432000160217285"
"43176","0.5436999797821045","0.5436999797821045","0.5436999797821045"
"43187","0.5437999963760376","0.5437999963760376","0.5437999963760376"
"43198","0.543999969959259","0.543999969959259","0.543999969959259"
"43209","0.5443999767303467","0.5443999767303467","0.5443999767303467"
"43220","0.5444999933242798","0.5444999933242798","0.5444999933242798"
"43231","0.5449000000953674","0.5449000000953674","0.5449000000953674"
"43242","0.5449000000953674","0.5449000000953674","0.5449000000953674"
"43253","0.5454999804496765","0.5454999804496765","0.5454999804496765"
"43264","0.5453000068664551","0.5453000068664551","0.5453000068664551"
"43275","0.5460999608039856","0.5460999608039856","0.5460999608039856"
"43286","0.5461999773979187","0.5461999773979187","0.5461999773979187"
"43297","0.5462999939918518","0.5462999939918518","0.5462999939918518"
"43308","0.5464999675750732","0.5464999675750732","0.5464999675750732"
"43319","0.5468999743461609","0.5468999743461609","0.5468999743461609"
"43330","0.5467999577522278","0.5467999577522278","0.5467999577522278"
"43341","0.5475000143051147","0.5475000143051147","0.5475000143051147"
"43352","0.5473999977111816","0.5473999977111816","0.5473999977111816"
"43363","0.5473999977111816","0.5473999977111816","0.5473999977111816"
"43374","0.5478000044822693","0.5478000044822693","0.5478000044822693"
"43385","0.5478000044822693","0.5478000044822693","0.5478000044822693"
"43396","0.5479999780654907","0.5479999780654907","0.5479999780654907"
"43407","0.5482999682426453","0.5482999682426453","0.5482999682426453"
"43418","0.5479999780654907","0.5479999780654907","0.5479999780654907"
"43429","0.5479999780654907","0.5479999780654907","0.5479999780654907"
"43440","0.5482999682426453","0.5482999682426453","0.5482999682426453"
"43451","0.5485000014305115","0.5485000014305115","0.5485000014305115"
"43462","0.5486999750137329","0.5486999750137329","0.5486999750137329"
"43473","0.5491999983787537","0.5491999983787537","0.5491999983787537"
"43484","0.5490999817848206","0.5490999817848206","0.5490999817848206"
"43495","0.5494999885559082","0.5494999885559082","0.5494999885559082"
"43506","0.5496999621391296","0.5496999621391296","0.5496999621391296"
"43517","0.5501999855041504","0.5501999855041504","0.5501999855041504"
"43528","0.5503999590873718","0.5503999590873718","0.5503999590873718"
"43539","0.5504999756813049","0.5504999756813049","0.5504999756813049"
"43550","0.5507000088691711","0.5507000088691711","0.5507000088691711"
"43561","0.550599992275238","0.550599992275238","0.550599992275238"
"43572","0.5509999990463257","0.5509999990463257","0.5509999990463257"
"43583","0.5511999726295471","0.5511999726295471","0.5511999726295471"
"43594","0.5512999892234802","0.5512999892234802","0.5512999892234802"
"43605","0.5515999794006348","0.5515999794006348","0.5515999794006348"
"43616","0.5518999695777893","0.5518999695777893","0.5518999695777893"
"43627","0.5515999794006348","0.5515999794006348","0.5515999794006348"
"43638","0.5518999695777893","0.5518999695777893","0.5518999695777893"
"43649","0.5518999695777893","0.5518999695777893","0.5518999695777893"
"43660","0.5521000027656555","0.5521000027656555","0.5521000027656555"
"43671","0.552299976348877","0.552299976348877","0.552299976348877"
"43682","0.5525999665260315","0.5525999665260315","0.5525999665260315"
"43693","0.5525999665260315","0.5525999665260315","0.5525999665260315"
"43704","0.5525999665260315","0.5525999665260315","0.5525999665260315"
"43715","0.5526999831199646","0.5526999831199646","0.5526999831199646"
"43726","0.5526999831199646","0.5526999831199646","0.5526999831199646"
"43737","0.5526999831199646","0.5526999831199646","0.5526999831199646"
"43748","0.5526999831199646","0.5526999831199646","0.5526999831199646"
"43759","0.5527999997138977","0.5527999997138977","0.5527999997138977"
"43770","0.5530999898910522","0.5530999898910522","0.5530999898910522"
"43781","0.5532000064849854","0.5532000064849854","0.5532000064849854"
"43792","0.553600013256073","0.553600013256073","0.553600013256073"
"43803","0.5539000034332275","0.5539000034332275","0.5539000034332275"
"43814","0.5539999604225159","0.5539999604225159","0.5539999604225159"
"43825","0.5543999671936035","0.5543999671936035","0.5543999671936035"
"43836","0.5544999837875366","0.5544999837875366","0.5544999837875366"
"43847","0.5547999739646912","0.5547999739646912","0.5547999739646912"
"43858","0.5546000003814697","0.5546000003814697","0.5546000003814697"
"43869","0.5550000071525574","0.5550000071525574","0.5550000071525574"
"43880","0.5550000071525574","0.5550000071525574","0.5550000071525574"
"43891","0.5552999973297119","0.5552999973297119","0.5552999973297119"
"43902","0.5557000041007996","0.5557000041007996","0.5557000041007996"
"43913","0.5564000010490417","0.5564000010490417","0.5564000010490417"
"43924","0.5564999580383301","0.5564999580383301","0.5564999580383301"
"43935","0.5564999580383301","0.5564999580383301","0.5564999580383301"
"43946","0.5568999648094177","0.5568999648094177","0.5568999648094177"
"43957","0.5565999746322632","0.5565999746322632","0.5565999746322632"
"43968","0.5570999979972839","0.5570999979972839","0.5570999979972839"
"43979","0.5572999715805054","0.5572999715805054","0.5572999715805054"
"43990","0.5572999715805054","0.5572999715805054","0.5572999715805054"
"44001","0.557699978351593","0.557699978351593","0.557699978351593"
"44012","0.557699978351593","0.557699978351593","0.557699978351593"
"44023","0.5579000115394592","0.5579000115394592","0.5579000115394592"
"44034","0.5579000115394592","0.5579000115394592","0.5579000115394592"
"44045","0.5582000017166138","0.5582000017166138","0.5582000017166138"
"44056","0.5583999752998352","0.5583999752998352","0.5583999752998352"
"44067","0.5586000084877014","0.5586000084877014","0.5586000084877014"
"44078","0.5586999654769897","0.5586999654769897","0.5586999654769897"
"44089","0.5586999654769897","0.5586999654769897","0.5586999654769897"
"44100","0.5587999820709229","0.5587999820709229","0.5587999820709229"
"44111","0.5590000152587891","0.5590000152587891","0.5590000152587891"
"44122","0.5590999722480774","0.5590999722480774","0.5590999722480774"
"44133","0.5590000152587891","0.5590000152587891","0.5590000152587891"
"44144","0.5591999888420105","0.5591999888420105","0.5591999888420105"
"44155","0.5597000122070312","0.5597000122070312","0.5597000122070312"
"44166","0.5600999593734741","0.5600999593734741","0.5600999593734741"
"44177","0.5604000091552734","0.5604000091552734","0.5604000091552734"
"44188","0.5604999661445618","0.5604999661445618","0.5604999661445618"
"44199","0.5607999563217163","0.5607999563217163","0.5607999563217163"
"44210","0.561199963092804","0.561199963092804","0.561199963092804"
"44221","0.5613999962806702","0.5613999962806702","0.5613999962806702"
"44232","0.5615999698638916","0.5615999698638916","0.5615999698638916"
"44243","0.5615999698638916","0.5615999698638916","0.5615999698638916"
"44254","0.5616999864578247","0.5616999864578247","0.5616999864578247"
"44265","0.5618999600410461","0.5618999600410461","0.5618999600410461"
"44276","0.5622999668121338","0.5622999668121338","0.5622999668121338"
"44287","0.5620999932289124","0.5620999932289124","0.5620999932289124"
"44298","0.5623999834060669","0.5623999834060669","0.5623999834060669"
"44309","0.5625","0.5625","0.5625"
"44320","0.5626999735832214","0.5626999735832214","0.5626999735832214"
"44331","0.5630999803543091","0.5630999803543091","0.5630999803543091"
"44342","0.5631999969482422","0.5631999969482422","0.5631999969482422"
"44353","0.5633000135421753","0.5633000135421753","0.5633000135421753"
"44364","0.5636000037193298","0.5636000037193298","0.5636000037193298"
"44375","0.5637999773025513","0.5637999773025513","0.5637999773025513"
"44386","0.5640999674797058","0.5640999674797058","0.5640999674797058"
"44397","0.564300000667572","0.564300000667572","0.564300000667572"
"44408","0.5643999576568604","0.5643999576568604","0.5643999576568604"
"44419","0.5647000074386597","0.5647000074386597","0.5647000074386597"
"44430","0.5647000074386597","0.5647000074386597","0.5647000074386597"
"44441","0.564799964427948","0.564799964427948","0.564799964427948"
"44452","0.5654000043869019","0.5654000043869019","0.5654000043869019"
"44463","0.5654000043869019","0.5654000043869019","0.5654000043869019"
"44474","0.5654999613761902","0.5654999613761902","0.5654999613761902"
"44485","0.5655999779701233","0.5655999779701233","0.5655999779701233"
"44496","0.5659999847412109","0.5659999847412109","0.5659999847412109"
"44507","0.5655999779701233","0.5655999779701233","0.5655999779701233"
"44518","0.5656999945640564","0.5656999945640564","0.5656999945640564"
"44529","0.5658000111579895","0.5658000111579895","0.5658000111579895"
"44540","0.5658000111579895","0.5658000111579895","0.5658000111579895"
"44551","0.5659999847412109","0.5659999847412109","0.5659999847412109"
"44562","0.5661999583244324","0.5661999583244324","0.5661999583244324"
"44573","0.5669000148773193","0.5669000148773193","0.5669000148773193"
"44584","0.5679000020027161","0.5679000020027161","0.5679000020027161"
"44595","0.5683000087738037","0.5683000087738037","0.5683000087738037"
"44606","0.5683000087738037","0.5683000087738037","0.5683000087738037"
"44617","0.5684999823570251","0.5684999823570251","0.5684999823570251"
"44628","0.5686999559402466","0.5686999559402466","0.5686999559402466"
"44639","0.5688999891281128","0.5688999891281128","0.5688999891281128"
"44650","0.5687999725341797","0.5687999725341797","0.5687999725341797"
"44661","0.5692999958992004","0.5692999958992004","0.5692999958992004"
"44672","0.5691999793052673","0.5691999793052673","0.5691999793052673"
"44683","0.5694999694824219","0.5694999694824219","0.5694999694824219"
"44694","0.5698999762535095","0.5698999762535095","0.5698999762535095"
"44705","0.5701999664306641","0.5701999664306641","0.5701999664306641"
"44716","0.5703999996185303","0.5703999996185303","0.5703999996185303"
"44727","0.5705999732017517","0.5705999732017517","0.5705999732017517"
"44738","0.5708999633789062","0.5708999633789062","0.5708999633789062"
"44749","0.5708999633789062","0.5708999633789062","0.5708999633789062"
"44760","0.5710999965667725","0.5710999965667725","0.5710999965667725"
"44771","0.5712000131607056","0.5712000131607056","0.5712000131607056"
"44782","0.5715999603271484","0.5715999603271484","0.5715999603271484"
"44793","0.5715999603271484","0.5715999603271484","0.5715999603271484"
"44804","0.5717999935150146","0.5717999935150146","0.5717999935150146"
"44815","0.5719000101089478","0.5719000101089478","0.5719000101089478"
"44826","0.5723999738693237","0.5723999738693237","0.5723999738693237"
"44837","0.5724999904632568","0.5724999904632568","0.5724999904632568"
"44848","0.5722000002861023","0.5722000002861023","0.5722000002861023"
"44859","0.5722000002861023","0.5722000002861023","0.5722000002861023"
"44870","0.5727999806404114","0.5727999806404114","0.5727999806404114"
"44881","0.5726000070571899","0.5726000070571899","0.5726000070571899"
"44892","0.5726999640464783","0.5726999640464783","0.5726999640464783"
"44903","0.5728999972343445","0.5728999972343445","0.5728999972343445"
"44914","0.5733000040054321","0.5733000040054321","0.5733000040054321"
"44925","0.5733000040054321","0.5733000040054321","0.5733000040054321"
"44936","0.5734999775886536","0.5734999775886536","0.5734999775886536"
"44947","0.5734999775886536","0.5734999775886536","0.5734999775886536"
"44958","0.5737000107765198","0.5737000107765198","0.5737000107765198"
"44969","0.5737999677658081","0.5737999677658081","0.5737999677658081"
"44980","0.5740000009536743","0.5740000009536743","0.5740000009536743"
"44991","0.5740999579429626","0.5740999579429626","0.5740999579429626"
"45002","0.574400007724762","0.574400007724762","0.574400007724762"
"45013","0.5748000144958496","0.5748000144958496","0.5748000144958496"
"45024","0.5748999714851379","0.5748999714851379","0.5748999714851379"
"45035","0.5751999616622925","0.5751999616622925","0.5751999616622925"
"45046","0.5748999714851379","0.5748999714851379","0.5748999714851379"
"45057","0.5751000046730042","0.5751000046730042","0.5751000046730042"
"45068","0.5751000046730042","0.5751000046730042","0.5751000046730042"
"45079","0.5752999782562256","0.5752999782562256","0.5752999782562256"
"45090","0.5752999782562256","0.5752999782562256","0.5752999782562256"
"45101","0.5753999948501587","0.5753999948501587","0.5753999948501587"
"45112","0.5756999850273132","0.5756999850273132","0.5756999850273132"
"45123","0.5756999850273132","0.5756999850273132","0.5756999850273132"
"45134","0.5756999850273132","0.5756999850273132","0.5756999850273132"
"45145","0.5760999917984009","0.5760999917984009","0.5760999917984009"
"45156","0.5763999819755554","0.5763999819755554","0.5763999819755554"
"45167","0.5767999887466431","0.5767999887466431","0.5767999887466431"
"45178","0.5770999789237976","0.5770999789237976","0.5770999789237976"
"45189","0.5771999955177307","0.5771999955177307","0.5771999955177307"
"45200","0.5771999955177307","0.5771999955177307","0.5771999955177307"
"45211","0.5773000121116638","0.5773000121116638","0.5773000121116638"
"45222","0.5776999592781067","0.5776999592781067","0.5776999592781067"
"45233","0.5776999592781067","0.5776999592781067","0.5776999592781067"
"45244","0.5777999758720398","0.5777999758720398","0.5777999758720398"
"45255","0.5778999924659729","0.5778999924659729","0.5778999924659729"
"45266","0.5778999924659729","0.5778999924659729","0.5778999924659729"
"45277","0.5781999826431274","0.5781999826431274","0.5781999826431274"
"45288","0.5780999660491943","0.5780999660491943","0.5780999660491943"
"45299","0.5782999992370605","0.5782999992370605","0.5782999992370605"
"45310","0.5783999562263489","0.5783999562263489","0.5783999562263489"
"45321","0.5783999562263489","0.5783999562263489","0.5783999562263489"
"45332","0.5783999562263489","0.5783999562263489","0.5783999562263489"
"45343","0.578499972820282","0.578499972820282","0.578499972820282"
"45354","0.578499972820282","0.578499972820282","0.578499972820282"
"45365","0.5785999894142151","0.5785999894142151","0.5785999894142151"
"45376","0.5787999629974365","0.5787999629974365","0.5787999629974365"
"45387","0.5787000060081482","0.5787000060081482","0.5787000060081482"
"45398","0.578499972820282","0.578499972820282","0.578499972820282"
"45409","0.5787000060081482","0.5787000060081482","0.5787000060081482"
"45420","0.5792999863624573","0.5792999863624573","0.5792999863624573"
"45431","0.5791999697685242","0.5791999697685242","0.5791999697685242"
"45442","0.5794000029563904","0.5794000029563904","0.5794000029563904"
"45453","0.5794999599456787","0.5794999599456787","0.5794999599456787"
"45464","0.5796999931335449","0.5796999931335449","0.5796999931335449"
"45475","0.5796999931335449","0.5796999931335449","0.5796999931335449"
"45486","0.5796999931335449","0.5796999931335449","0.5796999931335449"
"45497","0.5798999667167664","0.5798999667167664","0.5798999667167664"
"45508","0.5798999667167664","0.5798999667167664","0.5798999667167664"
"45519","0.5799999833106995","0.5799999833106995","0.5799999833106995"
"45530","0.5799999833106995","0.5799999833106995","0.5799999833106995"
"45541","0.5801999568939209","0.5801999568939209","0.5801999568939209"
"45552","0.5805000066757202","0.5805000066757202","0.5805000066757202"
"45563","0.5809000134468079","0.5809000134468079","0.5809000134468079"
"45574","0.5809999704360962","0.5809999704360962","0.5809999704360962"
"45585","0.5809999704360962","0.5809999704360962","0.5809999704360962"
"45596","0.5812000036239624","0.5812000036239624","0.5812000036239624"
"45607","0.5812999606132507","0.5812999606132507","0.5812999606132507"
"45618","0.58160001039505","0.58160001039505","0.58160001039505"
"45629","0.5816999673843384","0.5816999673843384","0.5816999673843384"
"45640","0.582099974155426","0.582099974155426","0.582099974155426"
"45651","0.5821999907493591","0.5821999907493591","0.5821999907493591"
"45662","0.5821999907493591","0.5821999907493591","0.5821999907493591"
"45673","0.5823999643325806","0.5823999643325806","0.5823999643325806"
"45684","0.5823999643325806","0.5823999643325806","0.5823999643325806"
"45695","0.5824999809265137","0.5824999809265137","0.5824999809265137"
"45706","0.5823999643325806","0.5823999643325806","0.5823999643325806"
"45717","0.5823999643325806","0.5823999643325806","0.5823999643325806"
"45728","0.5824999809265137","0.5824999809265137","0.5824999809265137"
"45739","0.5827000141143799","0.5827000141143799","0.5827000141143799"
"45750","0.5831999778747559","0.5831999778747559","0.5831999778747559"
"45761","0.5830000042915344","0.5830000042915344","0.5830000042915344"
"45772","0.5828999876976013","0.5828999876976013","0.5828999876976013"
"45783","0.583899974822998","0.583899974822998","0.583899974822998"
"45794","0.5845000147819519","0.5845000147819519","0.5845000147819519"
"45805","0.5845999717712402","0.5845999717712402","0.5845999717712402"
"45816","0.5845999717712402","0.5845999717712402","0.5845999717712402"
"45827","0.5848000049591064","0.5848000049591064","0.5848000049591064"
"45838","0.585099995136261","0.585099995136261","0.585099995136261"
"45849","0.5853999853134155","0.5853999853134155","0.5853999853134155"
"45860","0.5852000117301941","0.5852000117301941","0.5852000117301941"
"45871","0.5855000019073486","0.5855000019073486","0.5855000019073486"
"45882","0.5856999754905701","0.5856999754905701","0.5856999754905701"
"45893","0.5859999656677246","0.5859999656677246","0.5859999656677246"
"45904","0.5860999822616577","0.5860999822616577","0.5860999822616577"
"45915","0.5863999724388123","0.5863999724388123","0.5863999724388123"
"45926","0.5863999724388123","0.5863999724388123","0.5863999724388123"
"45937","0.5864999890327454","0.5864999890327454","0.5864999890327454"
"45948","0.5864999890327454","0.5864999890327454","0.5864999890327454"
"45959","0.5866000056266785","0.5866000056266785","0.5866000056266785"
"45970","0.5866999626159668","0.5866999626159668","0.5866999626159668"
"45981","0.5870999693870544","0.5870999693870544","0.5870999693870544"
"45992","0.5871999859809875","0.5871999859809875","0.5871999859809875"
"46003","0.587399959564209","0.587399959564209","0.587399959564209"
"46014","0.5873000025749207","0.5873000025749207","0.5873000025749207"
"46025","0.5878999829292297","0.5878999829292297","0.5878999829292297"
"46036","0.5879999995231628","0.5879999995231628","0.5879999995231628"
"46047","0.5879999995231628","0.5879999995231628","0.5879999995231628"
"46058","0.5882999897003174","0.5882999897003174","0.5882999897003174"
"46069","0.5880999565124512","0.5880999565124512","0.5880999565124512"
"46080","0.5882999897003174","0.5882999897003174","0.5882999897003174"
"46091","0.5884000062942505","0.5884000062942505","0.5884000062942505"
"46102","0.5889999866485596","0.5889999866485596","0.5889999866485596"
"46113","0.589199960231781","0.589199960231781","0.589199960231781"
"46124","0.5893999934196472","0.5893999934196472","0.5893999934196472"
"46135","0.5893999934196472","0.5893999934196472","0.5893999934196472"
"46146","0.5895000100135803","0.5895000100135803","0.5895000100135803"
"46157","0.5893999934196472","0.5893999934196472","0.5893999934196472"
"46168","0.5900999903678894","0.5900999903678894","0.5900999903678894"
"46179","0.590399980545044","0.590399980545044","0.590399980545044"
"46190","0.590499997138977","0.590499997138977","0.590499997138977"
"46201","0.5909000039100647","0.5909000039100647","0.5909000039100647"
"46212","0.5906999707221985","0.5906999707221985","0.5906999707221985"
"46223","0.5913999676704407","0.5913999676704407","0.5913999676704407"
"46234","0.5916000008583069","0.5916000008583069","0.5916000008583069"
"46245","0.5916999578475952","0.5916999578475952","0.5916999578475952"
"46256","0.5918999910354614","0.5918999910354614","0.5918999910354614"
"46267","0.5922999978065491","0.5922999978065491","0.5922999978065491"
"46278","0.5924000144004822","0.5924000144004822","0.5924000144004822"
"46289","0.5925999879837036","0.5925999879837036","0.5925999879837036"
"46300","0.592799961566925","0.592799961566925","0.592799961566925"
"46311","0.5932999849319458","0.5932999849319458","0.5932999849319458"
"46322","0.5931000113487244","0.5931000113487244","0.5931000113487244"
"46333","0.5934000015258789","0.5934000015258789","0.5934000015258789"
"46344","0.5934999585151672","0.5934999585151672","0.5934999585151672"
"46355","0.5935999751091003","0.5935999751091003","0.5935999751091003"
"46366","0.5938000082969666","0.5938000082969666","0.5938000082969666"
"46377","0.5938999652862549","0.5938999652862549","0.5938999652862549"
"46388","0.5943999886512756","0.5943999886512756","0.5943999886512756"
"46399","0.5942999720573425","0.5942999720573425","0.5942999720573425"
"46410","0.5943999886512756","0.5943999886512756","0.5943999886512756"
"46421","0.5945000052452087","0.5945000052452087","0.5945000052452087"
"46432","0.5945999622344971","0.5945999622344971","0.5945999622344971"
"46443","0.5949999690055847","0.5949999690055847","0.5949999690055847"
"46454","0.5950999855995178","0.5950999855995178","0.5950999855995178"
"46465","0.5950999855995178","0.5950999855995178","0.5950999855995178"
"46476","0.5952999591827393","0.5952999591827393","0.5952999591827393"
"46487","0.5952999591827393","0.5952999591827393","0.5952999591827393"
"46498","0.5952999591827393","0.5952999591827393","0.5952999591827393"
"46509","0.5952000021934509","0.5952000021934509","0.5952000021934509"
"46520","0.5956000089645386","0.5956000089645386","0.5956000089645386"
"46531","0.5953999757766724","0.5953999757766724","0.5953999757766724"
"46542","0.5956999659538269","0.5956999659538269","0.5956999659538269"
"46553","0.5958999991416931","0.5958999991416931","0.5958999991416931"
"46564","0.5959999561309814","0.5959999561309814","0.5959999561309814"
"46575","0.5960999727249146","0.5960999727249146","0.5960999727249146"
"46586","0.5961999893188477","0.5961999893188477","0.5961999893188477"
"46597","0.5963000059127808","0.5963000059127808","0.5963000059127808"
"46608","0.5964999794960022","0.5964999794960022","0.5964999794960022"
"46619","0.5967999696731567","0.5967999696731567","0.5967999696731567"
"46630","0.5970999598503113","0.5970999598503113","0.5970999598503113"
"46641","0.5972999930381775","0.5972999930381775","0.5972999930381775"
"46652","0.5970999598503113","0.5970999598503113","0.5970999598503113"
"46663","0.5974000096321106","0.5974000096321106","0.5974000096321106"
"46674","0.597599983215332","0.597599983215332","0.597599983215332"
"46685","0.5974999666213989","0.5974999666213989","0.5974999666213989"
"46696","0.5976999998092651","0.5976999998092651","0.5976999998092651"
"46707","0.5974999666213989","0.5974999666213989","0.5974999666213989"
"46718","0.5979999899864197","0.5979999899864197","0.5979999899864197"
"46729","0.5981000065803528","0.5981000065803528","0.5981000065803528"
"46740","0.5985000133514404","0.5985000133514404","0.5985000133514404"
"46751","0.5985000133514404","0.5985000133514404","0.5985000133514404"
"46762","0.598800003528595","0.598800003528595","0.598800003528595"
"46773","0.599399983882904","0.599399983882904","0.599399983882904"
"46784","0.5996999740600586","0.5996999740600586","0.5996999740600586"
"46795","0.5995000004768372","0.5995000004768372","0.5995000004768372"
"46806","0.5997999906539917","0.5997999906539917","0.5997999906539917"
"46817","0.5997999906539917","0.5997999906539917","0.5997999906539917"
"46828","0.5997999906539917","0.5997999906539917","0.5997999906539917"
"46839","0.5997999906539917","0.5997999906539917","0.5997999906539917"
"46850","0.5997999906539917","0.5997999906539917","0.5997999906539917"
"46861","0.6004999876022339","0.6004999876022339","0.6004999876022339"
"46872","0.6004999876022339","0.6004999876022339","0.6004999876022339"
"46883","0.6006999611854553","0.6006999611854553","0.6006999611854553"
"46894","0.600600004196167","0.600600004196167","0.600600004196167"
"46905","0.6006999611854553","0.6006999611854553","0.6006999611854553"
"46916","0.6006999611854553","0.6006999611854553","0.6006999611854553"
"46927","0.6010000109672546","0.6010000109672546","0.6010000109672546"
"46938","0.600600004196167","0.600600004196167","0.600600004196167"
"46949","0.6008999943733215","0.6008999943733215","0.6008999943733215"
"46960","0.6008999943733215","0.6008999943733215","0.6008999943733215"
"46971","0.6008999943733215","0.6008999943733215","0.6008999943733215"
"46982","0.6013000011444092","0.6013000011444092","0.6013000011444092"
"46993","0.6011999845504761","0.6011999845504761","0.6011999845504761"
"47004","0.6014999747276306","0.6014999747276306","0.6014999747276306"
"47015","0.6017999649047852","0.6017999649047852","0.6017999649047852"
"47026","0.6019999980926514","0.6019999980926514","0.6019999980926514"
"47037","0.602400004863739","0.602400004863739","0.602400004863739"
"47048","0.602400004863739","0.602400004863739","0.602400004863739"
"47059","0.6026999950408936","0.6026999950408936","0.6026999950408936"
"47070","0.6024999618530273","0.6024999618530273","0.6024999618530273"
"47081","0.6025999784469604","0.6025999784469604","0.6025999784469604"
"47092","0.602899968624115","0.602899968624115","0.602899968624115"
"47103","0.602899968624115","0.602899968624115","0.602899968624115"
"47114","0.6031999588012695","0.6031999588012695","0.6031999588012695"
"47125","0.6032999753952026","0.6032999753952026","0.6032999753952026"
"47136","0.6035000085830688","0.6035000085830688","0.6035000085830688"
"47147","0.6038999557495117","0.6038999557495117","0.6038999557495117"
"47158","0.6037999987602234","0.6037999987602234","0.6037999987602234"
"47169","0.604200005531311","0.604200005531311","0.604200005531311"
"47180","0.6037999987602234","0.6037999987602234","0.6037999987602234"
"47191","0.6039999723434448","0.6039999723434448","0.6039999723434448"
"47202","0.604200005531311","0.604200005531311","0.604200005531311"
"47213","0.604200005531311","0.604200005531311","0.604200005531311"
"47224","0.6042999625205994","0.6042999625205994","0.6042999625205994"
"47235","0.604200005531311","0.604200005531311","0.604200005531311"
"47246","0.6042999625205994","0.6042999625205994","0.6042999625205994"
"47257","0.6043999791145325","0.6043999791145325","0.6043999791145325"
"47268","0.6044999957084656","0.6044999957084656","0.6044999957084656"
"47279","0.6046000123023987","0.6046000123023987","0.6046000123023987"
"47290","0.6047999858856201","0.6047999858856201","0.6047999858856201"
"47301","0.6049999594688416","0.6049999594688416","0.6049999594688416"
"47312","0.6049999594688416","0.6049999594688416","0.6049999594688416"
"47323","0.6049000024795532","0.6049000024795532","0.6049000024795532"
"47334","0.6050999760627747","0.6050999760627747","0.6050999760627747"
"47345","0.6050999760627747","0.6050999760627747","0.6050999760627747"
"47356","0.6053000092506409","0.6053000092506409","0.6053000092506409"
"47367","0.6055999994277954","0.6055999994277954","0.6055999994277954"
"47378","0.60589998960495","0.60589998960495","0.60589998960495"
"47389","0.6056999564170837","0.6056999564170837","0.6056999564170837"
"47400","0.60589998960495","0.60589998960495","0.60589998960495"
"47411","0.6060999631881714","0.6060999631881714","0.6060999631881714"
"47422","0.6062999963760376","0.6062999963760376","0.6062999963760376"
"47433","0.6061999797821045","0.6061999797821045","0.6061999797821045"
"47444","0.6064000129699707","0.6064000129699707","0.6064000129699707"
"47455","0.6062999963760376","0.6062999963760376","0.6062999963760376"
"47466","0.6067000031471252","0.6067000031471252","0.6067000031471252"
"47477","0.6071000099182129","0.6071000099182129","0.6071000099182129"
"47488","0.6069999933242798","0.6069999933242798","0.6069999933242798"
"47499","0.6072999835014343","0.6072999835014343","0.6072999835014343"
"47510","0.6075999736785889","0.6075999736785889","0.6075999736785889"
"47521","0.6079999804496765","0.6079999804496765","0.6079999804496765"
"47532","0.608299970626831","0.608299970626831","0.608299970626831"
"47543","0.6085999608039856","0.6085999608039856","0.6085999608039856"
"47554","0.6085999608039856","0.6085999608039856","0.6085999608039856"
"47565","0.6085000038146973","0.6085000038146973","0.6085000038146973"
"47576","0.6086999773979187","0.6086999773979187","0.6086999773979187"
"47587","0.6086999773979187","0.6086999773979187","0.6086999773979187"
"47598","0.6087999939918518","0.6087999939918518","0.6087999939918518"
"47609","0.6089000105857849","0.6089000105857849","0.6089000105857849"
"47620","0.6089999675750732","0.6089999675750732","0.6089999675750732"
"47631","0.6090999841690063","0.6090999841690063","0.6090999841690063"
"47642","0.6090999841690063","0.6090999841690063","0.6090999841690063"
"47653","0.6090999841690063","0.6090999841690063","0.6090999841690063"
"47664","0.6092999577522278","0.6092999577522278","0.6092999577522278"
"47675","0.6092999577522278","0.6092999577522278","0.6092999577522278"
"47686","0.6096999645233154","0.6096999645233154","0.6096999645233154"
"47697","0.6096000075340271","0.6096000075340271","0.6096000075340271"
"47708","0.6096999645233154","0.6096999645233154","0.6096999645233154"
"47719","0.6100000143051147","0.6100000143051147","0.6100000143051147"
"47730","0.6100000143051147","0.6100000143051147","0.6100000143051147"
"47741","0.6100000143051147","0.6100000143051147","0.6100000143051147"
"47752","0.6103000044822693","0.6103000044822693","0.6103000044822693"
"47763","0.6103999614715576","0.6103999614715576","0.6103999614715576"
"47774","0.6103999614715576","0.6103999614715576","0.6103999614715576"
"47785","0.6104999780654907","0.6104999780654907","0.6104999780654907"
"47796","0.6104999780654907","0.6104999780654907","0.6104999780654907"
"47807","0.6107000112533569","0.6107000112533569","0.6107000112533569"
"47818","0.6107999682426453","0.6107999682426453","0.6107999682426453"
"47829","0.6110000014305115","0.6110000014305115","0.6110000014305115"
"47840","0.6110000014305115","0.6110000014305115","0.6110000014305115"
"47851","0.6111999750137329","0.6111999750137329","0.6111999750137329"
"47862","0.611299991607666","0.611299991607666","0.611299991607666"
"47873","0.6114000082015991","0.6114000082015991","0.6114000082015991"
"47884","0.6114000082015991","0.6114000082015991","0.6114000082015991"
"47895","0.6114999651908875","0.6114999651908875","0.6114999651908875"
"47906","0.6115999817848206","0.6115999817848206","0.6115999817848206"
"47917","0.6116999983787537","0.6116999983787537","0.6116999983787537"
"47928","0.6118999719619751","0.6118999719619751","0.6118999719619751"
"47939","0.6118999719619751","0.6118999719619751","0.6118999719619751"
"47950","0.6119999885559082","0.6119999885559082","0.6119999885559082"
"47961","0.6119999885559082","0.6119999885559082","0.6119999885559082"
"47972","0.6121000051498413","0.6121000051498413","0.6121000051498413"
"47983","0.6122999787330627","0.6122999787330627","0.6122999787330627"
"47994","0.6122999787330627","0.6122999787330627","0.6122999787330627"
"48005","0.612500011920929","0.612500011920929","0.612500011920929"
"48016","0.6125999689102173","0.6125999689102173","0.6125999689102173"
"48027","0.6128000020980835","0.6128000020980835","0.6128000020980835"
"48038","0.6128000020980835","0.6128000020980835","0.6128000020980835"
"48049","0.6128999590873718","0.6128999590873718","0.6128999590873718"
"48060","0.6128999590873718","0.6128999590873718","0.6128999590873718"
"48071","0.613099992275238","0.613099992275238","0.613099992275238"
"48082","0.613099992275238","0.613099992275238","0.613099992275238"
"48093","0.6133999824523926","0.6133999824523926","0.6133999824523926"
"48104","0.6136999726295471","0.6136999726295471","0.6136999726295471"
"48115","0.6139000058174133","0.6139000058174133","0.6139000058174133"
"48126","0.6137999892234802","0.6137999892234802","0.6137999892234802"
"48137","0.6136999726295471","0.6136999726295471","0.6136999726295471"
"48148","0.6141999959945679","0.6141999959945679","0.6141999959945679"
"48159","0.6143999695777893","0.6143999695777893","0.6143999695777893"
"48170","0.6143999695777893","0.6143999695777893","0.6143999695777893"
"48181","0.6143999695777893","0.6143999695777893","0.6143999695777893"
"48192","0.6144999861717224","0.6144999861717224","0.6144999861717224"
"48203","0.614799976348877","0.614799976348877","0.614799976348877"
"48214","0.6150000095367432","0.6150000095367432","0.6150000095367432"
"48225","0.6151999831199646","0.6151999831199646","0.6151999831199646"
"48236","0.6157999634742737","0.6157999634742737","0.6157999634742737"
"48247","0.6157000064849854","0.6157000064849854","0.6157000064849854"
"48258","0.6158999800682068","0.6158999800682068","0.6158999800682068"
"48269","0.616100013256073","0.616100013256073","0.616100013256073"
"48280","0.6162999868392944","0.6162999868392944","0.6162999868392944"
"48291","0.6161999702453613","0.6161999702453613","0.6161999702453613"
"48302","0.6164000034332275","0.6164000034332275","0.6164000034332275"
"48313","0.6164999604225159","0.6164999604225159","0.6164999604225159"
"48324","0.6168000102043152","0.6168000102043152","0.6168000102043152"
"48335","0.6168000102043152","0.6168000102043152","0.6168000102043152"
"48346","0.6169999837875366","0.6169999837875366","0.6169999837875366"
"48357","0.6171000003814697","0.6171000003814697","0.6171000003814697"
"48368","0.6171999573707581","0.6171999573707581","0.6171999573707581"
"48379","0.6172999739646912","0.6172999739646912","0.6172999739646912"
"48390","0.6173999905586243","0.6173999905586243","0.6173999905586243"
"48401","0.6171999573707581","0.6171999573707581","0.6171999573707581"
"48412","0.6175999641418457","0.6175999641418457","0.6175999641418457"
"48423","0.6175999641418457","0.6175999641418457","0.6175999641418457"
"48434","0.6176999807357788","0.6176999807357788","0.6176999807357788"
"48445","0.6180999875068665","0.6180999875068665","0.6180999875068665"
"48456","0.6179999709129333","0.6179999709129333","0.6179999709129333"
"48467","0.6179999709129333","0.6179999709129333","0.6179999709129333"
"48478","0.6180999875068665","0.6180999875068665","0.6180999875068665"
"48489","0.6186000108718872","0.6186000108718872","0.6186000108718872"
"48500","0.6187999844551086","0.6187999844551086","0.6187999844551086"
"48511","0.6189999580383301","0.6189999580383301","0.6189999580383301"
"48522","0.6193000078201294","0.6193000078201294","0.6193000078201294"
"48533","0.6194999814033508","0.6194999814033508","0.6194999814033508"
"48544","0.6196999549865723","0.6196999549865723","0.6196999549865723"
"48555","0.6197999715805054","0.6197999715805054","0.6197999715805054"
"48566","0.6200000047683716","0.6200000047683716","0.6200000047683716"
"48577","0.6200000047683716","0.6200000047683716","0.6200000047683716"
"48588","0.6200999617576599","0.6200999617576599","0.6200999617576599"
"48599","0.620199978351593","0.620199978351593","0.620199978351593"
"48610","0.6202999949455261","0.6202999949455261","0.6202999949455261"
"48621","0.6202999949455261","0.6202999949455261","0.6202999949455261"
"48632","0.6204999685287476","0.6204999685287476","0.6204999685287476"
"48643","0.6204999685287476","0.6204999685287476","0.6204999685287476"
"48654","0.6207000017166138","0.6207000017166138","0.6207000017166138"
"48665","0.6205999851226807","0.6205999851226807","0.6205999851226807"
"48676","0.6209999918937683","0.6209999918937683","0.6209999918937683"
"48687","0.6211000084877014","0.6211000084877014","0.6211000084877014"
"48698","0.6211999654769897","0.6211999654769897","0.6211999654769897"
"48709","0.6212999820709229","0.6212999820709229","0.6212999820709229"
"48720","0.6212999820709229","0.6212999820709229","0.6212999820709229"
"48731","0.6214999556541443","0.6214999556541443","0.6214999556541443"
"48742","0.6218999624252319","0.6218999624252319","0.6218999624252319"
"48753","0.621999979019165","0.621999979019165","0.621999979019165"
"48764","0.6220999956130981","0.6220999956130981","0.6220999956130981"
"48775","0.6220999956130981","0.6220999956130981","0.6220999956130981"
"48786","0.6225000023841858","0.6225000023841858","0.6225000023841858"
"48797","0.6222999691963196","0.6222999691963196","0.6222999691963196"
"48808","0.6225000023841858","0.6225000023841858","0.6225000023841858"
"48819","0.6226999759674072","0.6226999759674072","0.6226999759674072"
"48830","0.6226999759674072","0.6226999759674072","0.6226999759674072"
"48841","0.6225999593734741","0.6225999593734741","0.6225999593734741"
"48852","0.6229000091552734","0.6229000091552734","0.6229000091552734"
"48863","0.6229000091552734","0.6229000091552734","0.6229000091552734"
"48874","0.6227999925613403","0.6227999925613403","0.6227999925613403"
"48885","0.6226999759674072","0.6226999759674072","0.6226999759674072"
"48896","0.6230999827384949","0.6230999827384949","0.6230999827384949"
"48907","0.6232999563217163","0.6232999563217163","0.6232999563217163"
"48918","0.6234999895095825","0.6234999895095825","0.6234999895095825"
"48929","0.6232999563217163","0.6232999563217163","0.6232999563217163"
"48940","0.623699963092804","0.623699963092804","0.623699963092804"
"48951","0.6240000128746033","0.6240000128746033","0.6240000128746033"
"48962","0.6240999698638916","0.6240999698638916","0.6240999698638916"
"48973","0.6240000128746033","0.6240000128746033","0.6240000128746033"
"48984","0.6243000030517578","0.6243000030517578","0.6243000030517578"
"48995","0.6240999698638916","0.6240999698638916","0.6240999698638916"
"49006","0.6240999698638916","0.6240999698638916","0.6240999698638916"
"49017","0.6243000030517578","0.6243000030517578","0.6243000030517578"
"49028","0.6244999766349792","0.6244999766349792","0.6244999766349792"
"49039","0.6244999766349792","0.6244999766349792","0.6244999766349792"
"49050","0.6250999569892883","0.6250999569892883","0.6250999569892883"
"49061","0.6251999735832214","0.6251999735832214","0.6251999735832214"
"49072","0.6251999735832214","0.6251999735832214","0.6251999735832214"
"49083","0.6250999569892883","0.6250999569892883","0.6250999569892883"
"49094","0.625499963760376","0.625499963760376","0.625499963760376"
"49105","0.6258000135421753","0.6258000135421753","0.6258000135421753"
"49116","0.6259999871253967","0.6259999871253967","0.6259999871253967"
"49127","0.6262999773025513","0.6262999773025513","0.6262999773025513"
"49138","0.6262999773025513","0.6262999773025513","0.6262999773025513"
"49149","0.6261000037193298","0.6261000037193298","0.6261000037193298"
"49160","0.6261999607086182","0.6261999607086182","0.6261999607086182"
"49171","0.6263999938964844","0.6263999938964844","0.6263999938964844"
"49182","0.6265999674797058","0.6265999674797058","0.6265999674797058"
"49193","0.6266999840736389","0.6266999840736389","0.6266999840736389"
"49204","0.6266999840736389","0.6266999840736389","0.6266999840736389"
"49215","0.6270999908447266","0.6270999908447266","0.6270999908447266"
"49226","0.6269999742507935","0.6269999742507935","0.6269999742507935"
"49237","0.6270999908447266","0.6270999908447266","0.6270999908447266"
"49248","0.6269999742507935","0.6269999742507935","0.6269999742507935"
"49259","0.6272000074386597","0.6272000074386597","0.6272000074386597"
"49270","0.6273999810218811","0.6273999810218811","0.6273999810218811"
"49281","0.6274999976158142","0.6274999976158142","0.6274999976158142"
"49292","0.6275999546051025","0.6275999546051025","0.6275999546051025"
"49303","0.6275999546051025","0.6275999546051025","0.6275999546051025"
"49314","0.6276999711990356","0.6276999711990356","0.6276999711990356"
"49325","0.6279999613761902","0.6279999613761902","0.6279999613761902"
"49336","0.6280999779701233","0.6280999779701233","0.6280999779701233"
"49347","0.6281999945640564","0.6281999945640564","0.6281999945640564"
"49358","0.6283999681472778","0.6283999681472778","0.6283999681472778"
"49369","0.6283999681472778","0.6283999681472778","0.6283999681472778"
"49380","0.628600001335144","0.628600001335144","0.628600001335144"
"49391","0.6286999583244324","0.6286999583244324","0.6286999583244324"
"49402","0.6290000081062317","0.6290000081062317","0.6290000081062317"
"49413","0.62909996509552","0.62909996509552","0.62909996509552"
"49424","0.6291999816894531","0.6291999816894531","0.6291999816894531"
"49435","0.6293999552726746","0.6293999552726746","0.6293999552726746"
"49446","0.6297000050544739","0.6297000050544739","0.6297000050544739"
"49457","0.6297999620437622","0.6297999620437622","0.6297999620437622"
"49468","0.6299999952316284","0.6299999952316284","0.6299999952316284"
"49479","0.6301000118255615","0.6301000118255615","0.6301000118255615"
"49490","0.6301000118255615","0.6301000118255615","0.6301000118255615"
"49501","0.6298999786376953","0.6298999786376953","0.6298999786376953"
"49512","0.6301999688148499","0.6301999688148499","0.6301999688148499"
"49523","0.6304000020027161","0.6304000020027161","0.6304000020027161"
"49534","0.6310999989509583","0.6310999989509583","0.6310999989509583"
"49545","0.6319000124931335","0.6319000124931335","0.6319000124931335"
"49556","0.632099986076355","0.632099986076355","0.632099986076355"
"49567","0.6319999694824219","0.6319999694824219","0.6319999694824219"
"49578","0.6322000026702881","0.6322000026702881","0.6322000026702881"
"49589","0.6323999762535095","0.6323999762535095","0.6323999762535095"
"49600","0.6323999762535095","0.6323999762535095","0.6323999762535095"
"49611","0.6329999566078186","0.6329999566078186","0.6329999566078186"
"49622","0.6330999732017517","0.6330999732017517","0.6330999732017517"
"49633","0.6331999897956848","0.6331999897956848","0.6331999897956848"
"49644","0.6334999799728394","0.6334999799728394","0.6334999799728394"
"49655","0.6333999633789062","0.6333999633789062","0.6333999633789062"
"49666","0.6335999965667725","0.6335999965667725","0.6335999965667725"
"49677","0.6335999965667725","0.6335999965667725","0.6335999965667725"
"49688","0.6337999701499939","0.6337999701499939","0.6337999701499939"
"49699","0.6341999769210815","0.6341999769210815","0.6341999769210815"
"49710","0.6342999935150146","0.6342999935150146","0.6342999935150146"
"49721","0.6344000101089478","0.6344000101089478","0.6344000101089478"
"49732","0.6344999670982361","0.6344999670982361","0.6344999670982361"
"49743","0.6345999836921692","0.6345999836921692","0.6345999836921692"
"49754","0.6347999572753906","0.6347999572753906","0.6347999572753906"
"49765","0.6351000070571899","0.6351000070571899","0.6351000070571899"
"49776","0.6351000070571899","0.6351000070571899","0.6351000070571899"
"49787","0.6351000070571899","0.6351000070571899","0.6351000070571899"
"49798","0.6353999972343445","0.6353999972343445","0.6353999972343445"
"49809","0.6358000040054321","0.6358000040054321","0.6358000040054321"
"49820","0.6355999708175659","0.6355999708175659","0.6355999708175659"
"49831","0.635699987411499","0.635699987411499","0.635699987411499"
"49842","0.6358999609947205","0.6358999609947205","0.6358999609947205"
"49853","0.635699987411499","0.635699987411499","0.635699987411499"
"49864","0.6359999775886536","0.6359999775886536","0.6359999775886536"
"49875","0.6365000009536743","0.6365000009536743","0.6365000009536743"
"49886","0.6365999579429626","0.6365999579429626","0.6365999579429626"
"49897","0.636900007724762","0.636900007724762","0.636900007724762"
"49908","0.6369999647140503","0.6369999647140503","0.6369999647140503"
"49919","0.636900007724762","0.636900007724762","0.636900007724762"
"49930","0.6367999911308289","0.6367999911308289","0.6367999911308289"
"49941","0.6369999647140503","0.6369999647140503","0.6369999647140503"
"49952","0.6371999979019165","0.6371999979019165","0.6371999979019165"
"49963","0.6376999616622925","0.6376999616622925","0.6376999616622925"
"49974","0.6380000114440918","0.6380000114440918","0.6380000114440918"
"49985","0.6383999586105347","0.6383999586105347","0.6383999586105347"
"49996","0.638700008392334","0.638700008392334","0.638700008392334"
"50007","0.6387999653816223","0.6387999653816223","0.6387999653816223"
"50018","0.63919997215271","0.63919997215271","0.63919997215271"
"50029","0.6392999887466431","0.6392999887466431","0.6392999887466431"
"50040","0.6395999789237976","0.6395999789237976","0.6395999789237976"
"50051","0.6398999691009521","0.6398999691009521","0.6398999691009521"
"50062","0.6398000121116638","0.6398000121116638","0.6398000121116638"
"50073","0.6398999691009521","0.6398999691009521","0.6398999691009521"
"50084","0.6401000022888184","0.6401000022888184","0.6401000022888184"
"50095","0.6401000022888184","0.6401000022888184","0.6401000022888184"
"50106","0.6403999924659729","0.6403999924659729","0.6403999924659729"
"50117","0.640500009059906","0.640500009059906","0.640500009059906"
"50128","0.640500009059906","0.640500009059906","0.640500009059906"
"50139","0.6403999924659729","0.6403999924659729","0.6403999924659729"
"50150","0.6406999826431274","0.6406999826431274","0.6406999826431274"
"50161","0.6407999992370605","0.6407999992370605","0.6407999992370605"
"50172","0.640999972820282","0.640999972820282","0.640999972820282"
"50183","0.6412000060081482","0.6412000060081482","0.6412000060081482"
"50194","0.6410999894142151","0.6410999894142151","0.6410999894142151"
"50205","0.640999972820282","0.640999972820282","0.640999972820282"
"50216","0.6412999629974365","0.6412999629974365","0.6412999629974365"
"50227","0.6412999629974365","0.6412999629974365","0.6412999629974365"
"50238","0.6413999795913696","0.6413999795913696","0.6413999795913696"
"50249","0.6413999795913696","0.6413999795913696","0.6413999795913696"
"50260","0.6416000127792358","0.6416000127792358","0.6416000127792358"
"50271","0.6416999697685242","0.6416999697685242","0.6416999697685242"
"50282","0.6417999863624573","0.6417999863624573","0.6417999863624573"
"50293","0.6420999765396118","0.6420999765396118","0.6420999765396118"
"50304","0.6421999931335449","0.6421999931335449","0.6421999931335449"
"50315","0.6426999568939209","0.6426999568939209","0.6426999568939209"
"50326","0.6425999999046326","0.6425999999046326","0.6425999999046326"
"50337","0.6430000066757202","0.6430000066757202","0.6430000066757202"
"50348","0.6430000066757202","0.6430000066757202","0.6430000066757202"
"50359","0.6430000066757202","0.6430000066757202","0.6430000066757202"
"50370","0.6430999636650085","0.6430999636650085","0.6430999636650085"
"50381","0.6430999636650085","0.6430999636650085","0.6430999636650085"
"50392","0.6432999968528748","0.6432999968528748","0.6432999968528748"
"50403","0.6432999968528748","0.6432999968528748","0.6432999968528748"
"50414","0.6434999704360962","0.6434999704360962","0.6434999704360962"
"50425","0.6434000134468079","0.6434000134468079","0.6434000134468079"
"50436","0.6439999938011169","0.6439999938011169","0.6439999938011169"
"50447","0.6439999938011169","0.6439999938011169","0.6439999938011169"
"50458","0.6442999839782715","0.6442999839782715","0.6442999839782715"
"50469","0.6441999673843384","0.6441999673843384","0.6441999673843384"
"50480","0.6444999575614929","0.6444999575614929","0.6444999575614929"
"50491","0.644599974155426","0.644599974155426","0.644599974155426"
"50502","0.6448000073432922","0.6448000073432922","0.6448000073432922"
"50513","0.645799994468689","0.645799994468689","0.645799994468689"
"50524","0.6455999612808228","0.6455999612808228","0.6455999612808228"
"50535","0.6459999680519104","0.6459999680519104","0.6459999680519104"
"50546","0.6460999846458435","0.6460999846458435","0.6460999846458435"
"50557","0.6456999778747559","0.6456999778747559","0.6456999778747559"
"50568","0.6462999582290649","0.6462999582290649","0.6462999582290649"
"50579","0.6466999650001526","0.6466999650001526","0.6466999650001526"
"50590","0.6466999650001526","0.6466999650001526","0.6466999650001526"
"50601","0.6467999815940857","0.6467999815940857","0.6467999815940857"
"50612","0.6469999551773071","0.6469999551773071","0.6469999551773071"
"50623","0.6471999883651733","0.6471999883651733","0.6471999883651733"
"50634","0.6473000049591064","0.6473000049591064","0.6473000049591064"
"50645","0.6473999619483948","0.6473999619483948","0.6473999619483948"
"50656","0.6473999619483948","0.6473999619483948","0.6473999619483948"
"50667","0.6477000117301941","0.6477000117301941","0.6477000117301941"
"50678","0.6474999785423279","0.6474999785423279","0.6474999785423279"
"50689","0.647599995136261","0.647599995136261","0.647599995136261"
"50700","0.647599995136261","0.647599995136261","0.647599995136261"
"50711","0.6477000117301941","0.6477000117301941","0.6477000117301941"
"50722","0.6478999853134155","0.6478999853134155","0.6478999853134155"
"50733","0.6480000019073486","0.6480000019073486","0.6480000019073486"
"50744","0.6482999920845032","0.6482999920845032","0.6482999920845032"
"50755","0.6484000086784363","0.6484000086784363","0.6484000086784363"
"50766","0.6484999656677246","0.6484999656677246","0.6484999656677246"
"50777","0.6485999822616577","0.6485999822616577","0.6485999822616577"
"50788","0.6486999988555908","0.6486999988555908","0.6486999988555908"
"50799","0.6488999724388123","0.6488999724388123","0.6488999724388123"
"50810","0.6491000056266785","0.6491000056266785","0.6491000056266785"
"50821","0.6491000056266785","0.6491000056266785","0.6491000056266785"
"50832","0.6492999792098999","0.6492999792098999","0.6492999792098999"
"50843","0.6495000123977661","0.6495000123977661","0.6495000123977661"
"50854","0.6495999693870544","0.6495999693870544","0.6495999693870544"
"50865","0.6495999693870544","0.6495999693870544","0.6495999693870544"
"50876","0.6496999859809875","0.6496999859809875","0.6496999859809875"
"50887","0.649899959564209","0.649899959564209","0.649899959564209"
"50898","0.6500999927520752","0.6500999927520752","0.6500999927520752"
"50909","0.6502000093460083","0.6502000093460083","0.6502000093460083"
"50920","0.6502000093460083","0.6502000093460083","0.6502000093460083"
"50931","0.6505999565124512","0.6505999565124512","0.6505999565124512"
"50942","0.6509000062942505","0.6509000062942505","0.6509000062942505"
"50953","0.651199996471405","0.651199996471405","0.651199996471405"
"50964","0.6510999798774719","0.6510999798774719","0.6510999798774719"
"50975","0.651199996471405","0.651199996471405","0.651199996471405"
"50986","0.6513000130653381","0.6513000130653381","0.6513000130653381"
"50997","0.6513999700546265","0.6513999700546265","0.6513999700546265"
"51008","0.6513999700546265","0.6513999700546265","0.6513999700546265"
"51019","0.6518999934196472","0.6518999934196472","0.6518999934196472"
"51030","0.6520000100135803","0.6520000100135803","0.6520000100135803"
"51041","0.6520000100135803","0.6520000100135803","0.6520000100135803"
"51052","0.6520000100135803","0.6520000100135803","0.6520000100135803"
"51063","0.6523000001907349","0.6523000001907349","0.6523000001907349"
"51074","0.6523000001907349","0.6523000001907349","0.6523000001907349"
"51085","0.6527000069618225","0.6527000069618225","0.6527000069618225"
"51096","0.6527000069618225","0.6527000069618225","0.6527000069618225"
"51107","0.6524999737739563","0.6524999737739563","0.6524999737739563"
"51118","0.6527999639511108","0.6527999639511108","0.6527999639511108"
"51129","0.652899980545044","0.652899980545044","0.652899980545044"
"51140","0.6531999707221985","0.6531999707221985","0.6531999707221985"
"51151","0.6530999541282654","0.6530999541282654","0.6530999541282654"
"51162","0.6532999873161316","0.6532999873161316","0.6532999873161316"
"51173","0.6536999940872192","0.6536999940872192","0.6536999940872192"
"51184","0.6538999676704407","0.6538999676704407","0.6538999676704407"
"51195","0.6538999676704407","0.6538999676704407","0.6538999676704407"
"51206","0.6542999744415283","0.6542999744415283","0.6542999744415283"
"51217","0.6539999842643738","0.6539999842643738","0.6539999842643738"
"51228","0.6541999578475952","0.6541999578475952","0.6541999578475952"
"51239","0.6541999578475952","0.6541999578475952","0.6541999578475952"
"51250","0.6542999744415283","0.6542999744415283","0.6542999744415283"
"51261","0.6545999646186829","0.6545999646186829","0.6545999646186829"
"51272","0.6545999646186829","0.6545999646186829","0.6545999646186829"
"51283","0.654699981212616","0.654699981212616","0.654699981212616"
"51294","0.6545999646186829","0.6545999646186829","0.6545999646186829"
"51305","0.654699981212616","0.654699981212616","0.654699981212616"
"51316","0.6548999547958374","0.6548999547958374","0.6548999547958374"
"51327","0.6547999978065491","0.6547999978065491","0.6547999978065491"
"51338","0.6550999879837036","0.6550999879837036","0.6550999879837036"
"51349","0.6549999713897705","0.6549999713897705","0.6549999713897705"
"51360","0.655299961566925","0.655299961566925","0.655299961566925"
"51371","0.6554999947547913","0.6554999947547913","0.6554999947547913"
"51382","0.6554999947547913","0.6554999947547913","0.6554999947547913"
"51393","0.6559000015258789","0.6559000015258789","0.6559000015258789"
"51404","0.6560999751091003","0.6560999751091003","0.6560999751091003"
"51415","0.6563000082969666","0.6563000082969666","0.6563000082969666"
"51426","0.6563000082969666","0.6563000082969666","0.6563000082969666"
"51437","0.6565999984741211","0.6565999984741211","0.6565999984741211"
"51448","0.656499981880188","0.656499981880188","0.656499981880188"
"51459","0.6566999554634094","0.6566999554634094","0.6566999554634094"
"51470","0.6572999954223633","0.6572999954223633","0.6572999954223633"
"51481","0.6578999757766724","0.6578999757766724","0.6578999757766724"
"51492","0.6577999591827393","0.6577999591827393","0.6577999591827393"
"51503","0.6581000089645386","0.6581000089645386","0.6581000089645386"
"51514","0.6578999757766724","0.6578999757766724","0.6578999757766724"
"51525","0.6581999659538269","0.6581999659538269","0.6581999659538269"
"51536","0.65829998254776","0.65829998254776","0.65829998254776"
"51547","0.6585999727249146","0.6585999727249146","0.6585999727249146"
"51558","0.6585999727249146","0.6585999727249146","0.6585999727249146"
"51569","0.6585999727249146","0.6585999727249146","0.6585999727249146"
"51580","0.6588000059127808","0.6588000059127808","0.6588000059127808"
"51591","0.6588999629020691","0.6588999629020691","0.6588999629020691"
"51602","0.6589999794960022","0.6589999794960022","0.6589999794960022"
"51613","0.6592000126838684","0.6592000126838684","0.6592000126838684"
"51624","0.6592000126838684","0.6592000126838684","0.6592000126838684"
"51635","0.6592999696731567","0.6592999696731567","0.6592999696731567"
"51646","0.6593999862670898","0.6593999862670898","0.6593999862670898"
"51657","0.6593999862670898","0.6593999862670898","0.6593999862670898"
"51668","0.659500002861023","0.659500002861023","0.659500002861023"
"51679","0.6596999764442444","0.6596999764442444","0.6596999764442444"
"51690","0.6597999930381775","0.6597999930381775","0.6597999930381775"
"51701","0.6606000065803528","0.6606000065803528","0.6606000065803528"
"51712","0.6606000065803528","0.6606000065803528","0.6606000065803528"
"51723","0.6606000065803528","0.6606000065803528","0.6606000065803528"
"51734","0.6606999635696411","0.6606999635696411","0.6606999635696411"
"51745","0.6609999537467957","0.6609999537467957","0.6609999537467957"
"51756","0.6613999605178833","0.6613999605178833","0.6613999605178833"
"51767","0.6615999937057495","0.6615999937057495","0.6615999937057495"
"51778","0.6620000004768372","0.6620000004768372","0.6620000004768372"
"51789","0.6621999740600586","0.6621999740600586","0.6621999740600586"
"51800","0.6624000072479248","0.6624000072479248","0.6624000072479248"
"51811","0.6624999642372131","0.6624999642372131","0.6624999642372131"
"51822","0.6625999808311462","0.6625999808311462","0.6625999808311462"
"51833","0.663100004196167","0.663100004196167","0.663100004196167"
"51844","0.6632999777793884","0.6632999777793884","0.6632999777793884"
"51855","0.663599967956543","0.663599967956543","0.663599967956543"
"51866","0.6638000011444092","0.6638000011444092","0.6638000011444092"
"51877","0.6636999845504761","0.6636999845504761","0.6636999845504761"
"51888","0.6636999845504761","0.6636999845504761","0.6636999845504761"
"51899","0.6638000011444092","0.6638000011444092","0.6638000011444092"
"51910","0.6638000011444092","0.6638000011444092","0.6638000011444092"
"51921","0.6639999747276306","0.6639999747276306","0.6639999747276306"
"51932","0.6639999747276306","0.6639999747276306","0.6639999747276306"
"51943","0.6642000079154968","0.6642000079154968","0.6642000079154968"
"51954","0.6642999649047852","0.6642999649047852","0.6642999649047852"
"51965","0.6645999550819397","0.6645999550819397","0.6645999550819397"
"51976","0.6645999550819397","0.6645999550819397","0.6645999550819397"
"51987","0.6645999550819397","0.6645999550819397","0.6645999550819397"
"51998","0.6649999618530273","0.6649999618530273","0.6649999618530273"
"52009","0.6649999618530273","0.6649999618530273","0.6649999618530273"
"52020","0.664900004863739","0.664900004863739","0.664900004863739"
"52031","0.6651999950408936","0.6651999950408936","0.6651999950408936"
"52042","0.6654999852180481","0.6654999852180481","0.6654999852180481"
"52053","0.665399968624115","0.665399968624115","0.665399968624115"
"52064","0.6654999852180481","0.6654999852180481","0.6654999852180481"
"52075","0.6657999753952026","0.6657999753952026","0.6657999753952026"
"52086","0.6658999919891357","0.6658999919891357","0.6658999919891357"
"52097","0.6660999655723572","0.6660999655723572","0.6660999655723572"
"52108","0.6661999821662903","0.6661999821662903","0.6661999821662903"
"52119","0.6663999557495117","0.6663999557495117","0.6663999557495117"
"52130","0.6661999821662903","0.6661999821662903","0.6661999821662903"
"52141","0.6663999557495117","0.6663999557495117","0.6663999557495117"
"52152","0.6662999987602234","0.6662999987602234","0.6662999987602234"
"52163","0.6662999987602234","0.6662999987602234","0.6662999987602234"
"52174","0.6664999723434448","0.6664999723434448","0.6664999723434448"
"52185","0.666700005531311","0.666700005531311","0.666700005531311"
"52196","0.666700005531311","0.666700005531311","0.666700005531311"
"52207","0.666700005531311","0.666700005531311","0.666700005531311"
"52218","0.667199969291687","0.667199969291687","0.667199969291687"
"52229","0.6669999957084656","0.6669999957084656","0.6669999957084656"
"52240","0.6669999957084656","0.6669999957084656","0.6669999957084656"
"52251","0.6671000123023987","0.6671000123023987","0.6671000123023987"
"52262","0.6671000123023987","0.6671000123023987","0.6671000123023987"
"52273","0.667199969291687","0.667199969291687","0.667199969291687"
"52284","0.6674999594688416","0.6674999594688416","0.6674999594688416"
"52295","0.6679999828338623","0.6679999828338623","0.6679999828338623"
"52306","0.6678000092506409","0.6678000092506409","0.6678000092506409"
"52317","0.6678999662399292","0.6678999662399292","0.6678999662399292"
"52328","0.6681999564170837","0.6681999564170837","0.6681999564170837"
"52339","0.6682999730110168","0.6682999730110168","0.6682999730110168"
"52350","0.6682999730110168","0.6682999730110168","0.6682999730110168"
"52361","0.6686999797821045","0.6686999797821045","0.6686999797821045"
"52372","0.6687999963760376","0.6687999963760376","0.6687999963760376"
"52383","0.668999969959259","0.668999969959259","0.668999969959259"
"52394","0.6692000031471252","0.6692000031471252","0.6692000031471252"
"52405","0.6692999601364136","0.6692999601364136","0.6692999601364136"
"52416","0.6693999767303467","0.6693999767303467","0.6693999767303467"
"52427","0.6692999601364136","0.6692999601364136","0.6692999601364136"
"52438","0.6693999767303467","0.6693999767303467","0.6693999767303467"
"52449","0.6694999933242798","0.6694999933242798","0.6694999933242798"
"52460","0.6696000099182129","0.6696000099182129","0.6696000099182129"
"52471","0.6696999669075012","0.6696999669075012","0.6696999669075012"
"52482","0.6697999835014343","0.6697999835014343","0.6697999835014343"
"52493","0.670199990272522","0.670199990272522","0.670199990272522"
"52504","0.6703999638557434","0.6703999638557434","0.6703999638557434"
"52515","0.6704999804496765","0.6704999804496765","0.6704999804496765"
"52526","0.670699954032898","0.670699954032898","0.670699954032898"
"52537","0.670799970626831","0.670799970626831","0.670799970626831"
"52548","0.6714000105857849","0.6714000105857849","0.6714000105857849"
"52559","0.6714000105857849","0.6714000105857849","0.6714000105857849"
"52570","0.6714999675750732","0.6714999675750732","0.6714999675750732"
"52581","0.6715999841690063","0.6715999841690063","0.6715999841690063"
"52592","0.6717000007629395","0.6717000007629395","0.6717000007629395"
"52603","0.6717000007629395","0.6717000007629395","0.6717000007629395"
"52614","0.6717999577522278","0.6717999577522278","0.6717999577522278"
"52625","0.6717000007629395","0.6717000007629395","0.6717000007629395"
"52636","0.6718999743461609","0.6718999743461609","0.6718999743461609"
"52647","0.671999990940094","0.671999990940094","0.671999990940094"
"52658","0.6718999743461609","0.6718999743461609","0.6718999743461609"
"52669","0.6721999645233154","0.6721999645233154","0.6721999645233154"
"52680","0.67249995470047","0.67249995470047","0.67249995470047"
"52691","0.6726999878883362","0.6726999878883362","0.6726999878883362"
"52702","0.6729999780654907","0.6729999780654907","0.6729999780654907"
"52713","0.6728000044822693","0.6728000044822693","0.6728000044822693"
"52724","0.6728999614715576","0.6728999614715576","0.6728999614715576"
"52735","0.6728999614715576","0.6728999614715576","0.6728999614715576"
"52746","0.6730999946594238","0.6730999946594238","0.6730999946594238"
"52757","0.6729999780654907","0.6729999780654907","0.6729999780654907"
"52768","0.6732999682426453","0.6732999682426453","0.6732999682426453"
"52779","0.6735999584197998","0.6735999584197998","0.6735999584197998"
"52790","0.6739000082015991","0.6739000082015991","0.6739000082015991"
"52801","0.6740999817848206","0.6740999817848206","0.6740999817848206"
"52812","0.6743999719619751","0.6743999719619751","0.6743999719619751"
"52823","0.6744999885559082","0.6744999885559082","0.6744999885559082"
"52834","0.6744999885559082","0.6744999885559082","0.6744999885559082"
"52845","0.6744999885559082","0.6744999885559082","0.6744999885559082"
"52856","0.6746999621391296","0.6746999621391296","0.6746999621391296"
"52867","0.6746999621391296","0.6746999621391296","0.6746999621391296"
"52878","0.6748999953269958","0.6748999953269958","0.6748999953269958"
"52889","0.6757000088691711","0.6757000088691711","0.6757000088691711"
"52900","0.6757000088691711","0.6757000088691711","0.6757000088691711"
"52911","0.6757000088691711","0.6757000088691711","0.6757000088691711"
"52922","0.6758999824523926","0.6758999824523926","0.6758999824523926"
"52933","0.6759999990463257","0.6759999990463257","0.6759999990463257"
"52944","0.6761999726295471","0.6761999726295471","0.6761999726295471"
"52955","0.6764999628067017","0.6764999628067017","0.6764999628067017"
"52966","0.6765999794006348","0.6765999794006348","0.6765999794006348"
"52977","0.6766999959945679","0.6766999959945679","0.6766999959945679"
"52988","0.6771000027656555","0.6771000027656555","0.6771000027656555"
"52999","0.6771000027656555","0.6771000027656555","0.6771000027656555"
"53010","0.6771999597549438","0.6771999597549438","0.6771999597549438"
"53021","0.677299976348877","0.677299976348877","0.677299976348877"
"53032","0.6773999929428101","0.6773999929428101","0.6773999929428101"
"53043","0.6773999929428101","0.6773999929428101","0.6773999929428101"
"53054","0.6775000095367432","0.6775000095367432","0.6775000095367432"
"53065","0.6775000095367432","0.6775000095367432","0.6775000095367432"
"53076","0.6776999831199646","0.6776999831199646","0.6776999831199646"
"53087","0.6777999997138977","0.6777999997138977","0.6777999997138977"
"53098","0.6779999732971191","0.6779999732971191","0.6779999732971191"
"53109","0.6782000064849854","0.6782000064849854","0.6782000064849854"
"53120","0.6782999634742737","0.6782999634742737","0.6782999634742737"
"53131","0.679099977016449","0.679099977016449","0.679099977016449"
"53142","0.6793000102043152","0.6793000102043152","0.6793000102043152"
"53153","0.6793999671936035","0.6793999671936035","0.6793999671936035"
"53164","0.6794999837875366","0.6794999837875366","0.6794999837875366"
"53175","0.6805999875068665","0.6805999875068665","0.6805999875068665"
"53186","0.6800000071525574","0.6800000071525574","0.6800000071525574"
"53197","0.6796999573707581","0.6796999573707581","0.6796999573707581"
"53208","0.6797999739646912","0.6797999739646912","0.6797999739646912"
"53219","0.6807000041007996","0.6807000041007996","0.6807000041007996"
"53230","0.6807000041007996","0.6807000041007996","0.6807000041007996"
"53241","0.6809999942779541","0.6809999942779541","0.6809999942779541"
"53252","0.6811999678611755","0.6811999678611755","0.6811999678611755"
"53263","0.6811999678611755","0.6811999678611755","0.6811999678611755"
"53274","0.6811999678611755","0.6811999678611755","0.6811999678611755"
"53285","0.6814999580383301","0.6814999580383301","0.6814999580383301"
"53296","0.6818000078201294","0.6818000078201294","0.6818000078201294"
"53307","0.6815999746322632","0.6815999746322632","0.6815999746322632"
"53318","0.6816999912261963","0.6816999912261963","0.6816999912261963"
"53329","0.6818999648094177","0.6818999648094177","0.6818999648094177"
"53340","0.6820999979972839","0.6820999979972839","0.6820999979972839"
"53351","0.6820999979972839","0.6820999979972839","0.6820999979972839"
"53362","0.6823999881744385","0.6823999881744385","0.6823999881744385"
"53373","0.6822999715805054","0.6822999715805054","0.6822999715805054"
"53384","0.6823999881744385","0.6823999881744385","0.6823999881744385"
"53395","0.6825999617576599","0.6825999617576599","0.6825999617576599"
"53406","0.6829000115394592","0.6829000115394592","0.6829000115394592"
"53417","0.6829999685287476","0.6829999685287476","0.6829999685287476"
"53428","0.6830999851226807","0.6830999851226807","0.6830999851226807"
"53439","0.6836000084877014","0.6836000084877014","0.6836000084877014"
"53450","0.6833999752998352","0.6833999752998352","0.6833999752998352"
"53461","0.6834999918937683","0.6834999918937683","0.6834999918937683"
"53472","0.683899998664856","0.683899998664856","0.683899998664856"
"53483","0.6840999722480774","0.6840999722480774","0.6840999722480774"
"53494","0.6841999888420105","0.6841999888420105","0.6841999888420105"
"53505","0.6841999888420105","0.6841999888420105","0.6841999888420105"
"53516","0.6841999888420105","0.6841999888420105","0.6841999888420105"
"53527","0.6847000122070312","0.6847000122070312","0.6847000122070312"
"53538","0.6847999691963196","0.6847999691963196","0.6847999691963196"
"53549","0.6847999691963196","0.6847999691963196","0.6847999691963196"
"53560","0.6848999857902527","0.6848999857902527","0.6848999857902527"
"53571","0.6850000023841858","0.6850000023841858","0.6850000023841858"
"53582","0.6854000091552734","0.6854000091552734","0.6854000091552734"
"53593","0.6854999661445618","0.6854999661445618","0.6854999661445618"
"53604","0.6854000091552734","0.6854000091552734","0.6854000091552734"
"53615","0.6854000091552734","0.6854000091552734","0.6854000091552734"
"53626","0.6854000091552734","0.6854000091552734","0.6854000091552734"
"53637","0.6852999925613403","0.6852999925613403","0.6852999925613403"
"53648","0.6855999827384949","0.6855999827384949","0.6855999827384949"
"53659","0.685699999332428","0.685699999332428","0.685699999332428"
"53670","0.685699999332428","0.685699999332428","0.685699999332428"
"53681","0.6857999563217163","0.6857999563217163","0.6857999563217163"
"53692","0.6857999563217163","0.6857999563217163","0.6857999563217163"
"53703","0.6859999895095825","0.6859999895095825","0.6859999895095825"
"53714","0.686199963092804","0.686199963092804","0.686199963092804"
"53725","0.686199963092804","0.686199963092804","0.686199963092804"
"53736","0.6864999532699585","0.6864999532699585","0.6864999532699585"
"53747","0.6865999698638916","0.6865999698638916","0.6865999698638916"
"53758","0.6866999864578247","0.6866999864578247","0.6866999864578247"
"53769","0.6868999600410461","0.6868999600410461","0.6868999600410461"
"53780","0.6872000098228455","0.6872000098228455","0.6872000098228455"
"53791","0.6877999901771545","0.6877999901771545","0.6877999901771545"
"53802","0.6877999901771545","0.6877999901771545","0.6877999901771545"
"53813","0.6877999901771545","0.6877999901771545","0.6877999901771545"
"53824","0.687999963760376","0.687999963760376","0.687999963760376"
"53835","0.6883999705314636","0.6883999705314636","0.6883999705314636"
"53846","0.6891999840736389","0.6891999840736389","0.6891999840736389"
"53857","0.6890999674797058","0.6890999674797058","0.6890999674797058"
"53868","0.6894999742507935","0.6894999742507935","0.6894999742507935"
"53879","0.6895999908447266","0.6895999908447266","0.6895999908447266"
"53890","0.6893999576568604","0.6893999576568604","0.6893999576568604"
"53901","0.6898999810218811","0.6898999810218811","0.6898999810218811"
"53912","0.6898999810218811","0.6898999810218811","0.6898999810218811"
"53923","0.6899999976158142","0.6899999976158142","0.6899999976158142"
"53934","0.6901999711990356","0.6901999711990356","0.6901999711990356"
"53945","0.6900999546051025","0.6900999546051025","0.6900999546051025"
"53956","0.6901999711990356","0.6901999711990356","0.6901999711990356"
"53967","0.6904000043869019","0.6904000043869019","0.6904000043869019"
"53978","0.6904000043869019","0.6904000043869019","0.6904000043869019"
"53989","0.6908000111579895","0.6908000111579895","0.6908000111579895"
"54000","0.6908999681472778","0.6908999681472778","0.6908999681472778"
"54011","0.6908999681472778","0.6908999681472778","0.6908999681472778"
"54022","0.6908999681472778","0.6908999681472778","0.6908999681472778"
"54033","0.6911999583244324","0.6911999583244324","0.6911999583244324"
"54044","0.69159996509552","0.69159996509552","0.69159996509552"
"54055","0.6911999583244324","0.6911999583244324","0.6911999583244324"
"54066","0.6912999749183655","0.6912999749183655","0.6912999749183655"
"54077","0.6916999816894531","0.6916999816894531","0.6916999816894531"
"54088","0.6916999816894531","0.6916999816894531","0.6916999816894531"
"54099","0.6916999816894531","0.6916999816894531","0.6916999816894531"
"54110","0.6918999552726746","0.6918999552726746","0.6918999552726746"
"54121","0.6922000050544739","0.6922000050544739","0.6922000050544739"
"54132","0.6922000050544739","0.6922000050544739","0.6922000050544739"
"54143","0.6924999952316284","0.6924999952316284","0.6924999952316284"
"54154","0.692799985408783","0.692799985408783","0.692799985408783"
"54165","0.6929000020027161","0.6929000020027161","0.6929000020027161"
"54176","0.6929000020027161","0.6929000020027161","0.6929000020027161"
"54187","0.6937999725341797","0.6937999725341797","0.6937999725341797"
"54198","0.694599986076355","0.694599986076355","0.694599986076355"
"54209","0.6949999928474426","0.6949999928474426","0.6949999928474426"
"54220","0.6955999732017517","0.6955999732017517","0.6955999732017517"
"54231","0.6956999897956848","0.6956999897956848","0.6956999897956848"
"54242","0.6959999799728394","0.6959999799728394","0.6959999799728394"
"54253","0.6958999633789062","0.6958999633789062","0.6958999633789062"
"54264","0.6959999799728394","0.6959999799728394","0.6959999799728394"
"54275","0.6959999799728394","0.6959999799728394","0.6959999799728394"
"54286","0.6960999965667725","0.6960999965667725","0.6960999965667725"
"54297","0.6962999701499939","0.6962999701499939","0.6962999701499939"
"54308","0.6965999603271484","0.6965999603271484","0.6965999603271484"
"54319","0.6965000033378601","0.6965000033378601","0.6965000033378601"
"54330","0.6965000033378601","0.6965000033378601","0.6965000033378601"
"54341","0.6967999935150146","0.6967999935150146","0.6967999935150146"
"54352","0.6966999769210815","0.6966999769210815","0.6966999769210815"
"54363","0.6970999836921692","0.6970999836921692","0.6970999836921692"
"54374","0.6969000101089478","0.6969000101089478","0.6969000101089478"
"54385","0.6970999836921692","0.6970999836921692","0.6970999836921692"
"54396","0.6970999836921692","0.6970999836921692","0.6970999836921692"
"54407","0.6973999738693237","0.6973999738693237","0.6973999738693237"
"54418","0.6973999738693237","0.6973999738693237","0.6973999738693237"
"54429","0.6976999640464783","0.6976999640464783","0.6976999640464783"
"54440","0.6977999806404114","0.6977999806404114","0.6977999806404114"
"54451","0.6978999972343445","0.6978999972343445","0.6978999972343445"
"54462","0.6978999972343445","0.6978999972343445","0.6978999972343445"
"54473","0.6979999542236328","0.6979999542236328","0.6979999542236328"
"54484","0.6979999542236328","0.6979999542236328","0.6979999542236328"
"54495","0.698199987411499","0.698199987411499","0.698199987411499"
"54506","0.698199987411499","0.698199987411499","0.698199987411499"
"54517","0.6983000040054321","0.6983000040054321","0.6983000040054321"
"54528","0.6983000040054321","0.6983000040054321","0.6983000040054321"
"54539","0.6983999609947205","0.6983999609947205","0.6983999609947205"
"54550","0.6985999941825867","0.6985999941825867","0.6985999941825867"
"54561","0.6984999775886536","0.6984999775886536","0.6984999775886536"
"54572","0.6985999941825867","0.6985999941825867","0.6985999941825867"
"54583","0.6992999911308289","0.6992999911308289","0.6992999911308289"
"54594","0.6996999979019165","0.6996999979019165","0.6996999979019165"
"54605","0.6996999979019165","0.6996999979019165","0.6996999979019165"
"54616","0.6997999548912048","0.6997999548912048","0.6997999548912048"
"54627","0.6998999714851379","0.6998999714851379","0.6998999714851379"
"54638","0.699999988079071","0.699999988079071","0.699999988079071"
"54649","0.6996999979019165","0.6996999979019165","0.6996999979019165"
"54660","0.6996999979019165","0.6996999979019165","0.6996999979019165"
"54671","0.6997999548912048","0.6997999548912048","0.6997999548912048"
"54682","0.6998999714851379","0.6998999714851379","0.6998999714851379"
"54693","0.6998999714851379","0.6998999714851379","0.6998999714851379"
"54704","0.7001000046730042","0.7001000046730042","0.7001000046730042"
"54715","0.7001000046730042","0.7001000046730042","0.7001000046730042"
"54726","0.7001999616622925","0.7001999616622925","0.7001999616622925"
"54737","0.7003999948501587","0.7003999948501587","0.7003999948501587"
"54748","0.7005999684333801","0.7005999684333801","0.7005999684333801"
"54759","0.7005000114440918","0.7005000114440918","0.7005000114440918"
"54770","0.7008999586105347","0.7008999586105347","0.7008999586105347"
"54781","0.7008999586105347","0.7008999586105347","0.7008999586105347"
"54792","0.7008000016212463","0.7008000016212463","0.7008000016212463"
"54803","0.701200008392334","0.701200008392334","0.701200008392334"
"54814","0.7015999555587769","0.7015999555587769","0.7015999555587769"
"54825","0.70169997215271","0.70169997215271","0.70169997215271"
"54836","0.7014999985694885","0.7014999985694885","0.7014999985694885"
"54847","0.7015999555587769","0.7015999555587769","0.7015999555587769"
"54858","0.7017999887466431","0.7017999887466431","0.7017999887466431"
"54869","0.7021999955177307","0.7021999955177307","0.7021999955177307"
"54880","0.702299952507019","0.702299952507019","0.702299952507019"
"54891","0.7020999789237976","0.7020999789237976","0.7020999789237976"
"54902","0.7020999789237976","0.7020999789237976","0.7020999789237976"
"54913","0.7021999955177307","0.7021999955177307","0.7021999955177307"
"54924","0.7021999955177307","0.7021999955177307","0.7021999955177307"
"54935","0.7021999955177307","0.7021999955177307","0.7021999955177307"
"54946","0.7024999856948853","0.7024999856948853","0.7024999856948853"
"54957","0.7026000022888184","0.7026000022888184","0.7026000022888184"
"54968","0.703000009059906","0.703000009059906","0.703000009059906"
"54979","0.7031999826431274","0.7031999826431274","0.7031999826431274"
"54990","0.7031999826431274","0.7031999826431274","0.7031999826431274"
"55001","0.7031999826431274","0.7031999826431274","0.7031999826431274"
"55012","0.7030999660491943","0.7030999660491943","0.7030999660491943"
"55023","0.7031999826431274","0.7031999826431274","0.7031999826431274"
"55034","0.7037000060081482","0.7037000060081482","0.7037000060081482"
"55045","0.7037000060081482","0.7037000060081482","0.7037000060081482"
"55056","0.7037000060081482","0.7037000060081482","0.7037000060081482"
"55067","0.7037999629974365","0.7037999629974365","0.7037999629974365"
"55078","0.7038999795913696","0.7038999795913696","0.7038999795913696"
"55089","0.7040999531745911","0.7040999531745911","0.7040999531745911"
"55100","0.7044000029563904","0.7044000029563904","0.7044000029563904"
"55111","0.7044999599456787","0.7044999599456787","0.7044999599456787"
"55122","0.704800009727478","0.704800009727478","0.704800009727478"
"55133","0.7048999667167664","0.7048999667167664","0.7048999667167664"
"55144","0.7049999833106995","0.7049999833106995","0.7049999833106995"
"55155","0.704800009727478","0.704800009727478","0.704800009727478"
"55166","0.705299973487854","0.705299973487854","0.705299973487854"
"55177","0.7053999900817871","0.7053999900817871","0.7053999900817871"
"55188","0.7051999568939209","0.7051999568939209","0.7051999568939209"
"55199","0.7055000066757202","0.7055000066757202","0.7055000066757202"
"55210","0.7055999636650085","0.7055999636650085","0.7055999636650085"
"55221","0.7055999636650085","0.7055999636650085","0.7055999636650085"
"55232","0.7056999802589417","0.7056999802589417","0.7056999802589417"
"55243","0.7058999538421631","0.7058999538421631","0.7058999538421631"
"55254","0.7058999538421631","0.7058999538421631","0.7058999538421631"
"55265","0.7059999704360962","0.7059999704360962","0.7059999704360962"
"55276","0.7062000036239624","0.7062000036239624","0.7062000036239624"
"55287","0.7063999772071838","0.7063999772071838","0.7063999772071838"
"55298","0.7064999938011169","0.7064999938011169","0.7064999938011169"
"55309","0.7067999839782715","0.7067999839782715","0.7067999839782715"
"55320","0.7081999778747559","0.7081999778747559","0.7081999778747559"
"55331","0.7073999643325806","0.7073999643325806","0.7073999643325806"
"55342","0.7085999846458435","0.7085999846458435","0.7085999846458435"
"55353","0.7091000080108643","0.7091000080108643","0.7091000080108643"
"55364","0.7091000080108643","0.7091000080108643","0.7091000080108643"
"55375","0.7092999815940857","0.7092999815940857","0.7092999815940857"
"55386","0.7094999551773071","0.7094999551773071","0.7094999551773071"
"55397","0.7095999717712402","0.7095999717712402","0.7095999717712402"
"55408","0.7094999551773071","0.7094999551773071","0.7094999551773071"
"55419","0.7094999551773071","0.7094999551773071","0.7094999551773071"
"55430","0.7095999717712402","0.7095999717712402","0.7095999717712402"
"55441","0.7095999717712402","0.7095999717712402","0.7095999717712402"
"55452","0.7098999619483948","0.7098999619483948","0.7098999619483948"
"55463","0.7099999785423279","0.7099999785423279","0.7099999785423279"
"55474","0.7099999785423279","0.7099999785423279","0.7099999785423279"
"55485","0.7103999853134155","0.7103999853134155","0.7103999853134155"
"55496","0.7103999853134155","0.7103999853134155","0.7103999853134155"
"55507","0.7102999687194824","0.7102999687194824","0.7102999687194824"
"55518","0.7102999687194824","0.7102999687194824","0.7102999687194824"
"55529","0.7106999754905701","0.7106999754905701","0.7106999754905701"
"55540","0.7109000086784363","0.7109000086784363","0.7109000086784363"
"55551","0.7109999656677246","0.7109999656677246","0.7109999656677246"
"55562","0.7111999988555908","0.7111999988555908","0.7111999988555908"
"55573","0.7111999988555908","0.7111999988555908","0.7111999988555908"
"55584","0.7114999890327454","0.7114999890327454","0.7114999890327454"
"55595","0.7114999890327454","0.7114999890327454","0.7114999890327454"
"55606","0.7116000056266785","0.7116000056266785","0.7116000056266785"
"55617","0.7116999626159668","0.7116999626159668","0.7116999626159668"
"55628","0.7116999626159668","0.7116999626159668","0.7116999626159668"
"55639","0.7116999626159668","0.7116999626159668","0.7116999626159668"
"55650","0.7120999693870544","0.7120999693870544","0.7120999693870544"
"55661","0.711899995803833","0.711899995803833","0.711899995803833"
"55672","0.712399959564209","0.712399959564209","0.712399959564209"
"55683","0.712399959564209","0.712399959564209","0.712399959564209"
"55694","0.7124999761581421","0.7124999761581421","0.7124999761581421"
"55705","0.7124999761581421","0.7124999761581421","0.7124999761581421"
"55716","0.7125999927520752","0.7125999927520752","0.7125999927520752"
"55727","0.7127999663352966","0.7127999663352966","0.7127999663352966"
"55738","0.7128999829292297","0.7128999829292297","0.7128999829292297"
"55749","0.7134000062942505","0.7134000062942505","0.7134000062942505"
"55760","0.7131999731063843","0.7131999731063843","0.7131999731063843"
"55771","0.7132999897003174","0.7132999897003174","0.7132999897003174"
"55782","0.7132999897003174","0.7132999897003174","0.7132999897003174"
"55793","0.7132999897003174","0.7132999897003174","0.7132999897003174"
"55804","0.7134000062942505","0.7134000062942505","0.7134000062942505"
"55815","0.7134999632835388","0.7134999632835388","0.7134999632835388"
"55826","0.7137999534606934","0.7137999534606934","0.7137999534606934"
"55837","0.7148999571800232","0.7148999571800232","0.7148999571800232"
"55848","0.7152000069618225","0.7152000069618225","0.7152000069618225"
"55859","0.715499997138977","0.715499997138977","0.715499997138977"
"55870","0.7152999639511108","0.7152999639511108","0.7152999639511108"
"55881","0.715399980545044","0.715399980545044","0.715399980545044"
"55892","0.7152999639511108","0.7152999639511108","0.7152999639511108"
"55903","0.715499997138977","0.715499997138977","0.715499997138977"
"55914","0.7157999873161316","0.7157999873161316","0.7157999873161316"
"55925","0.7157999873161316","0.7157999873161316","0.7157999873161316"
"55936","0.7160999774932861","0.7160999774932861","0.7160999774932861"
"55947","0.7160999774932861","0.7160999774932861","0.7160999774932861"
"55958","0.7163000106811523","0.7163000106811523","0.7163000106811523"
"55969","0.7161999940872192","0.7161999940872192","0.7161999940872192"
"55980","0.7163000106811523","0.7163000106811523","0.7163000106811523"
"55991","0.7164999842643738","0.7164999842643738","0.7164999842643738"
"56002","0.7164999842643738","0.7164999842643738","0.7164999842643738"
"56013","0.7164999842643738","0.7164999842643738","0.7164999842643738"
"56024","0.7163999676704407","0.7163999676704407","0.7163999676704407"
"56035","0.7166000008583069","0.7166000008583069","0.7166000008583069"
"56046","0.7166999578475952","0.7166999578475952","0.7166999578475952"
"56057","0.7170000076293945","0.7170000076293945","0.7170000076293945"
"56068","0.7166999578475952","0.7166999578475952","0.7166999578475952"
"56079","0.7168999910354614","0.7168999910354614","0.7168999910354614"
"56090","0.7168999910354614","0.7168999910354614","0.7168999910354614"
"56101","0.7168999910354614","0.7168999910354614","0.7168999910354614"
"56112","0.7172999978065491","0.7172999978065491","0.7172999978065491"
"56123","0.7172999978065491","0.7172999978065491","0.7172999978065491"
"56134","0.7173999547958374","0.7173999547958374","0.7173999547958374"
"56145","0.7172999978065491","0.7172999978065491","0.7172999978065491"
"56156","0.7172999978065491","0.7172999978065491","0.7172999978065491"
"56167","0.717199981212616","0.717199981212616","0.717199981212616"
"56178","0.7173999547958374","0.7173999547958374","0.7173999547958374"
"56189","0.7174999713897705","0.7174999713897705","0.7174999713897705"
"56200","0.7173999547958374","0.7173999547958374","0.7173999547958374"
"56211","0.7177000045776367","0.7177000045776367","0.7177000045776367"
"56222","0.717799961566925","0.717799961566925","0.717799961566925"
"56233","0.7181999683380127","0.7181999683380127","0.7181999683380127"
"56244","0.7184000015258789","0.7184000015258789","0.7184000015258789"
"56255","0.7184000015258789","0.7184000015258789","0.7184000015258789"
"56266","0.7182999849319458","0.7182999849319458","0.7182999849319458"
"56277","0.7184999585151672","0.7184999585151672","0.7184999585151672"
"56288","0.7184000015258789","0.7184000015258789","0.7184000015258789"
"56299","0.7184000015258789","0.7184000015258789","0.7184000015258789"
"56310","0.7186999917030334","0.7186999917030334","0.7186999917030334"
"56321","0.7188000082969666","0.7188000082969666","0.7188000082969666"
"56332","0.7192999720573425","0.7192999720573425","0.7192999720573425"
"56343","0.7193999886512756","0.7193999886512756","0.7193999886512756"
"56354","0.7193999886512756","0.7193999886512756","0.7193999886512756"
"56365","0.7195999622344971","0.7195999622344971","0.7195999622344971"
"56376","0.7196999788284302","0.7196999788284302","0.7196999788284302"
"56387","0.7197999954223633","0.7197999954223633","0.7197999954223633"
"56398","0.7199999690055847","0.7199999690055847","0.7199999690055847"
"56409","0.7199999690055847","0.7199999690055847","0.7199999690055847"
"56420","0.7199999690055847","0.7199999690055847","0.7199999690055847"
"56431","0.7206000089645386","0.7206000089645386","0.7206000089645386"
"56442","0.7206999659538269","0.7206999659538269","0.7206999659538269"
"56453","0.7209999561309814","0.7209999561309814","0.7209999561309814"
"56464","0.7211999893188477","0.7211999893188477","0.7211999893188477"
"56475","0.7213000059127808","0.7213000059127808","0.7213000059127808"
"56486","0.7213999629020691","0.7213999629020691","0.7213999629020691"
"56497","0.7216999530792236","0.7216999530792236","0.7216999530792236"
"56508","0.7213999629020691","0.7213999629020691","0.7213999629020691"
"56519","0.7215999960899353","0.7215999960899353","0.7215999960899353"
"56530","0.7217999696731567","0.7217999696731567","0.7217999696731567"
"56541","0.7218999862670898","0.7218999862670898","0.7218999862670898"
"56552","0.7218999862670898","0.7218999862670898","0.7218999862670898"
"56563","0.7221999764442444","0.7221999764442444","0.7221999764442444"
"56574","0.7221999764442444","0.7221999764442444","0.7221999764442444"
"56585","0.7224999666213989","0.7224999666213989","0.7224999666213989"
"56596","0.7227999567985535","0.7227999567985535","0.7227999567985535"
"56607","0.7226999998092651","0.7226999998092651","0.7226999998092651"
"56618","0.7228999733924866","0.7228999733924866","0.7228999733924866"
"56629","0.7229999899864197","0.7229999899864197","0.7229999899864197"
"56640","0.7229999899864197","0.7229999899864197","0.7229999899864197"
"56651","0.7231000065803528","0.7231000065803528","0.7231000065803528"
"56662","0.7231000065803528","0.7231000065803528","0.7231000065803528"
"56673","0.7233999967575073","0.7233999967575073","0.7233999967575073"
"56684","0.7233999967575073","0.7233999967575073","0.7233999967575073"
"56695","0.7234999537467957","0.7234999537467957","0.7234999537467957"
"56706","0.7235999703407288","0.7235999703407288","0.7235999703407288"
"56717","0.7234999537467957","0.7234999537467957","0.7234999537467957"
"56728","0.7235999703407288","0.7235999703407288","0.7235999703407288"
"56739","0.723800003528595","0.723800003528595","0.723800003528595"
"56750","0.723800003528595","0.723800003528595","0.723800003528595"
"56761","0.7239999771118164","0.7239999771118164","0.7239999771118164"
"56772","0.7239999771118164","0.7239999771118164","0.7239999771118164"
"56783","0.7240999937057495","0.7240999937057495","0.7240999937057495"
"56794","0.724399983882904","0.724399983882904","0.724399983882904"
"56805","0.724399983882904","0.724399983882904","0.724399983882904"
"56816","0.724299967288971","0.724299967288971","0.724299967288971"
"56827","0.7245000004768372","0.7245000004768372","0.7245000004768372"
"56838","0.7246999740600586","0.7246999740600586","0.7246999740600586"
"56849","0.7247999906539917","0.7247999906539917","0.7247999906539917"
"56860","0.7249000072479248","0.7249000072479248","0.7249000072479248"
"56871","0.7249999642372131","0.7249999642372131","0.7249999642372131"
"56882","0.7249999642372131","0.7249999642372131","0.7249999642372131"
"56893","0.7253999710083008","0.7253999710083008","0.7253999710083008"
"56904","0.7252999544143677","0.7252999544143677","0.7252999544143677"
"56915","0.7253999710083008","0.7253999710083008","0.7253999710083008"
"56926","0.725600004196167","0.725600004196167","0.725600004196167"
"56937","0.7256999611854553","0.7256999611854553","0.7256999611854553"
"56948","0.725600004196167","0.725600004196167","0.725600004196167"
"56959","0.725600004196167","0.725600004196167","0.725600004196167"
"56970","0.7257999777793884","0.7257999777793884","0.7257999777793884"
"56981","0.7257999777793884","0.7257999777793884","0.7257999777793884"
"56992","0.7257999777793884","0.7257999777793884","0.7257999777793884"
"57003","0.726099967956543","0.726099967956543","0.726099967956543"
"57014","0.726099967956543","0.726099967956543","0.726099967956543"
"57025","0.726099967956543","0.726099967956543","0.726099967956543"
"57036","0.7263000011444092","0.7263000011444092","0.7263000011444092"
"57047","0.7263000011444092","0.7263000011444092","0.7263000011444092"
"57058","0.7264999747276306","0.7264999747276306","0.7264999747276306"
"57069","0.7264999747276306","0.7264999747276306","0.7264999747276306"
"57080","0.7267000079154968","0.7267000079154968","0.7267000079154968"
"57091","0.7267999649047852","0.7267999649047852","0.7267999649047852"
"57102","0.7269999980926514","0.7269999980926514","0.7269999980926514"
"57113","0.7270999550819397","0.7270999550819397","0.7270999550819397"
"57124","0.7271999716758728","0.7271999716758728","0.7271999716758728"
"57135","0.7271999716758728","0.7271999716758728","0.7271999716758728"
"57146","0.7272999882698059","0.7272999882698059","0.7272999882698059"
"57157","0.727400004863739","0.727400004863739","0.727400004863739"
"57168","0.7274999618530273","0.7274999618530273","0.7274999618530273"
"57179","0.7277999520301819","0.7277999520301819","0.7277999520301819"
"57190","0.7276999950408936","0.7276999950408936","0.7276999950408936"
"57201","0.7277999520301819","0.7277999520301819","0.7277999520301819"
"57212","0.7277999520301819","0.7277999520301819","0.7277999520301819"
"57223","0.7279999852180481","0.7279999852180481","0.7279999852180481"
"57234","0.7281000018119812","0.7281000018119812","0.7281000018119812"
"57245","0.7281000018119812","0.7281000018119812","0.7281000018119812"
"57256","0.7279999852180481","0.7279999852180481","0.7279999852180481"
"57267","0.7281999588012695","0.7281999588012695","0.7281999588012695"
"57278","0.7282999753952026","0.7282999753952026","0.7282999753952026"
"57289","0.7283999919891357","0.7283999919891357","0.7283999919891357"
"57300","0.7285000085830688","0.7285000085830688","0.7285000085830688"
"57311","0.7283999919891357","0.7283999919891357","0.7283999919891357"
"57322","0.7283999919891357","0.7283999919891357","0.7283999919891357"
"57333","0.7285000085830688","0.7285000085830688","0.7285000085830688"
"57344","0.7289999723434448","0.7289999723434448","0.7289999723434448"
"57355","0.7289999723434448","0.7289999723434448","0.7289999723434448"
"57366","0.729200005531311","0.729200005531311","0.729200005531311"
"57377","0.729200005531311","0.729200005531311","0.729200005531311"
"57388","0.7292999625205994","0.7292999625205994","0.7292999625205994"
"57399","0.7295999526977539","0.7295999526977539","0.7295999526977539"
"57410","0.7294999957084656","0.7294999957084656","0.7294999957084656"
"57421","0.7295999526977539","0.7295999526977539","0.7295999526977539"
"57432","0.7295999526977539","0.7295999526977539","0.7295999526977539"
"57443","0.7294999957084656","0.7294999957084656","0.7294999957084656"
"57454","0.7297999858856201","0.7297999858856201","0.7297999858856201"
"57465","0.7300999760627747","0.7300999760627747","0.7300999760627747"
"57476","0.7303000092506409","0.7303000092506409","0.7303000092506409"
"57487","0.7303999662399292","0.7303999662399292","0.7303999662399292"
"57498","0.7304999828338623","0.7304999828338623","0.7304999828338623"
"57509","0.7304999828338623","0.7304999828338623","0.7304999828338623"
"57520","0.7305999994277954","0.7305999994277954","0.7305999994277954"
"57531","0.7303999662399292","0.7303999662399292","0.7303999662399292"
"57542","0.7303999662399292","0.7303999662399292","0.7303999662399292"
"57553","0.7304999828338623","0.7304999828338623","0.7304999828338623"
"57564","0.7304999828338623","0.7304999828338623","0.7304999828338623"
"57575","0.7306999564170837","0.7306999564170837","0.7306999564170837"
"57586","0.7306999564170837","0.7306999564170837","0.7306999564170837"
"57597","0.73089998960495","0.73089998960495","0.73089998960495"
"57608","0.7311999797821045","0.7311999797821045","0.7311999797821045"
"57619","0.7311999797821045","0.7311999797821045","0.7311999797821045"
"57630","0.7313999533653259","0.7313999533653259","0.7313999533653259"
"57641","0.7317000031471252","0.7317000031471252","0.7317000031471252"
"57652","0.7317000031471252","0.7317000031471252","0.7317000031471252"
"57663","0.7317000031471252","0.7317000031471252","0.7317000031471252"
"57674","0.731499969959259","0.731499969959259","0.731499969959259"
"57685","0.7317000031471252","0.7317000031471252","0.7317000031471252"
"57696","0.7318999767303467","0.7318999767303467","0.7318999767303467"
"57707","0.7319999933242798","0.7319999933242798","0.7319999933242798"
"57718","0.7324000000953674","0.7324000000953674","0.7324000000953674"
"57729","0.732699990272522","0.732699990272522","0.732699990272522"
"57740","0.732699990272522","0.732699990272522","0.732699990272522"
"57751","0.7329999804496765","0.7329999804496765","0.7329999804496765"
"57762","0.733199954032898","0.733199954032898","0.733199954032898"
"57773","0.733299970626831","0.733299970626831","0.733299970626831"
"57784","0.7333999872207642","0.7333999872207642","0.7333999872207642"
"57795","0.733299970626831","0.733299970626831","0.733299970626831"
"57806","0.7335000038146973","0.7335000038146973","0.7335000038146973"
"57817","0.7339000105857849","0.7339000105857849","0.7339000105857849"
"57828","0.7337999939918518","0.7337999939918518","0.7337999939918518"
"57839","0.7339999675750732","0.7339999675750732","0.7339999675750732"
"57850","0.7339999675750732","0.7339999675750732","0.7339999675750732"
"57861","0.7340999841690063","0.7340999841690063","0.7340999841690063"
"57872","0.7343999743461609","0.7343999743461609","0.7343999743461609"
"57883","0.734499990940094","0.734499990940094","0.734499990940094"
"57894","0.7346000075340271","0.7346000075340271","0.7346000075340271"
"57905","0.7346000075340271","0.7346000075340271","0.7346000075340271"
"57916","0.73499995470047","0.73499995470047","0.73499995470047"
"57927","0.7350999712944031","0.7350999712944031","0.7350999712944031"
"57938","0.7351999878883362","0.7351999878883362","0.7351999878883362"
"57949","0.7354999780654907","0.7354999780654907","0.7354999780654907"
"57960","0.7355999946594238","0.7355999946594238","0.7355999946594238"
"57971","0.7355999946594238","0.7355999946594238","0.7355999946594238"
"57982","0.7356999516487122","0.7356999516487122","0.7356999516487122"
"57993","0.7358999848365784","0.7358999848365784","0.7358999848365784"
"58004","0.7360000014305115","0.7360000014305115","0.7360000014305115"
"58015","0.7360999584197998","0.7360999584197998","0.7360999584197998"
"58026","0.7361999750137329","0.7361999750137329","0.7361999750137329"
"58037","0.7361999750137329","0.7361999750137329","0.7361999750137329"
"58048","0.7360000014305115","0.7360000014305115","0.7360000014305115"
"58059","0.7361999750137329","0.7361999750137329","0.7361999750137329"
"58070","0.7361999750137329","0.7361999750137329","0.7361999750137329"
"58081","0.736299991607666","0.736299991607666","0.736299991607666"
"58092","0.7365999817848206","0.7365999817848206","0.7365999817848206"
"58103","0.736799955368042","0.736799955368042","0.736799955368042"
"58114","0.736799955368042","0.736799955368042","0.736799955368042"
"58125","0.7369999885559082","0.7369999885559082","0.7369999885559082"
"58136","0.7368999719619751","0.7368999719619751","0.7368999719619751"
"58147","0.7371999621391296","0.7371999621391296","0.7371999621391296"
"58158","0.7373999953269958","0.7373999953269958","0.7373999953269958"
"58169","0.7372999787330627","0.7372999787330627","0.7372999787330627"
"58180","0.7372999787330627","0.7372999787330627","0.7372999787330627"
"58191","0.7374999523162842","0.7374999523162842","0.7374999523162842"
"58202","0.7374999523162842","0.7374999523162842","0.7374999523162842"
"58213","0.7373999953269958","0.7373999953269958","0.7373999953269958"
"58224","0.7378000020980835","0.7378000020980835","0.7378000020980835"
"58235","0.7378999590873718","0.7378999590873718","0.7378999590873718"
"58246","0.7382000088691711","0.7382000088691711","0.7382000088691711"
"58257","0.7382999658584595","0.7382999658584595","0.7382999658584595"
"58268","0.7384999990463257","0.7384999990463257","0.7384999990463257"
"58279","0.7384999990463257","0.7384999990463257","0.7384999990463257"
"58290","0.7383999824523926","0.7383999824523926","0.7383999824523926"
"58301","0.7384999990463257","0.7384999990463257","0.7384999990463257"
"58312","0.7387999892234802","0.7387999892234802","0.7387999892234802"
"58323","0.7389999628067017","0.7389999628067017","0.7389999628067017"
"58334","0.7391999959945679","0.7391999959945679","0.7391999959945679"
"58345","0.7390999794006348","0.7390999794006348","0.7390999794006348"
"58356","0.7392999529838562","0.7392999529838562","0.7392999529838562"
"58367","0.7391999959945679","0.7391999959945679","0.7391999959945679"
"58378","0.7394999861717224","0.7394999861717224","0.7394999861717224"
"58389","0.7394999861717224","0.7394999861717224","0.7394999861717224"
"58400","0.7394999861717224","0.7394999861717224","0.7394999861717224"
"58411","0.7396999597549438","0.7396999597549438","0.7396999597549438"
"58422","0.7396999597549438","0.7396999597549438","0.7396999597549438"
"58433","0.7400000095367432","0.7400000095367432","0.7400000095367432"
"58444","0.7400999665260315","0.7400999665260315","0.7400999665260315"
"58455","0.7400999665260315","0.7400999665260315","0.7400999665260315"
"58466","0.7401999831199646","0.7401999831199646","0.7401999831199646"
"58477","0.7401999831199646","0.7401999831199646","0.7401999831199646"
"58488","0.7402999997138977","0.7402999997138977","0.7402999997138977"
"58499","0.7418999671936035","0.7418999671936035","0.7418999671936035"
"58510","0.7421000003814697","0.7421000003814697","0.7421000003814697"
"58521","0.7421000003814697","0.7421000003814697","0.7421000003814697"
"58532","0.7419999837875366","0.7419999837875366","0.7419999837875366"
"58543","0.7423999905586243","0.7423999905586243","0.7423999905586243"
"58554","0.7425000071525574","0.7425000071525574","0.7425000071525574"
"58565","0.7428999543190002","0.7428999543190002","0.7428999543190002"
"58576","0.7428999543190002","0.7428999543190002","0.7428999543190002"
"58587","0.7428999543190002","0.7428999543190002","0.7428999543190002"
"58598","0.7429999709129333","0.7429999709129333","0.7429999709129333"
"58609","0.741599977016449","0.741599977016449","0.741599977016449"
"58620","0.7429999709129333","0.7429999709129333","0.7429999709129333"
"58631","0.7429999709129333","0.7429999709129333","0.7429999709129333"
"58642","0.7429999709129333","0.7429999709129333","0.7429999709129333"
"58653","0.7430999875068665","0.7430999875068665","0.7430999875068665"
"58664","0.7432000041007996","0.7432000041007996","0.7432000041007996"
"58675","0.7432999610900879","0.7432999610900879","0.7432999610900879"
"58686","0.743399977684021","0.743399977684021","0.743399977684021"
"58697","0.7436999678611755","0.7436999678611755","0.7436999678611755"
"58708","0.7437999844551086","0.7437999844551086","0.7437999844551086"
"58719","0.7436999678611755","0.7436999678611755","0.7436999678611755"
"58730","0.7439000010490417","0.7439000010490417","0.7439000010490417"
"58741","0.7439999580383301","0.7439999580383301","0.7439999580383301"
"58752","0.7440999746322632","0.7440999746322632","0.7440999746322632"
"58763","0.7441999912261963","0.7441999912261963","0.7441999912261963"
"58774","0.7441999912261963","0.7441999912261963","0.7441999912261963"
"58785","0.7443999648094177","0.7443999648094177","0.7443999648094177"
"58796","0.7443999648094177","0.7443999648094177","0.7443999648094177"
"58807","0.7444999814033508","0.7444999814033508","0.7444999814033508"
"58818","0.7445999979972839","0.7445999979972839","0.7445999979972839"
"58829","0.7448999881744385","0.7448999881744385","0.7448999881744385"
"58840","0.7448999881744385","0.7448999881744385","0.7448999881744385"
"58851","0.7450000047683716","0.7450000047683716","0.7450000047683716"
"58862","0.7448999881744385","0.7448999881744385","0.7448999881744385"
"58873","0.7450999617576599","0.7450999617576599","0.7450999617576599"
"58884","0.7450999617576599","0.7450999617576599","0.7450999617576599"
"58895","0.7452999949455261","0.7452999949455261","0.7452999949455261"
"58906","0.7455999851226807","0.7455999851226807","0.7455999851226807"
"58917","0.7453999519348145","0.7453999519348145","0.7453999519348145"
"58928","0.7454999685287476","0.7454999685287476","0.7454999685287476"
"58939","0.7455999851226807","0.7455999851226807","0.7455999851226807"
"58950","0.7455999851226807","0.7455999851226807","0.7455999851226807"
"58961","0.7457999587059021","0.7457999587059021","0.7457999587059021"
"58972","0.7461000084877014","0.7461000084877014","0.7461000084877014"
"58983","0.7461999654769897","0.7461999654769897","0.7461999654769897"
"58994","0.7465999722480774","0.7465999722480774","0.7465999722480774"
"59005","0.7465999722480774","0.7465999722480774","0.7465999722480774"
"59016","0.7466999888420105","0.7466999888420105","0.7466999888420105"
"59027","0.7468000054359436","0.7468000054359436","0.7468000054359436"
"59038","0.7466999888420105","0.7466999888420105","0.7466999888420105"
"59049","0.7468000054359436","0.7468000054359436","0.7468000054359436"
"59060","0.746999979019165","0.746999979019165","0.746999979019165"
"59071","0.746999979019165","0.746999979019165","0.746999979019165"
"59082","0.7470999956130981","0.7470999956130981","0.7470999956130981"
"59093","0.7473999857902527","0.7473999857902527","0.7473999857902527"
"59104","0.7475000023841858","0.7475000023841858","0.7475000023841858"
"59115","0.7476999759674072","0.7476999759674072","0.7476999759674072"
"59126","0.7479999661445618","0.7479999661445618","0.7479999661445618"
"59137","0.7479000091552734","0.7479000091552734","0.7479000091552734"
"59148","0.7479999661445618","0.7479999661445618","0.7479999661445618"
"59159","0.7479000091552734","0.7479000091552734","0.7479000091552734"
"59170","0.748199999332428","0.748199999332428","0.748199999332428"
"59181","0.7484999895095825","0.7484999895095825","0.7484999895095825"
"59192","0.7484999895095825","0.7484999895095825","0.7484999895095825"
"59203","0.7486000061035156","0.7486000061035156","0.7486000061035156"
"59214","0.7487999796867371","0.7487999796867371","0.7487999796867371"
"59225","0.7487999796867371","0.7487999796867371","0.7487999796867371"
"59236","0.7488999962806702","0.7488999962806702","0.7488999962806702"
"59247","0.7489999532699585","0.7489999532699585","0.7489999532699585"
"59258","0.7491999864578247","0.7491999864578247","0.7491999864578247"
"59269","0.7491999864578247","0.7491999864578247","0.7491999864578247"
"59280","0.7493999600410461","0.7493999600410461","0.7493999600410461"
"59291","0.7495999932289124","0.7495999932289124","0.7495999932289124"
"59302","0.7494999766349792","0.7494999766349792","0.7494999766349792"
"59313","0.7495999932289124","0.7495999932289124","0.7495999932289124"
"59324","0.7494999766349792","0.7494999766349792","0.7494999766349792"
"59335","0.7494999766349792","0.7494999766349792","0.7494999766349792"
"59346","0.7495999932289124","0.7495999932289124","0.7495999932289124"
"59357","0.7497000098228455","0.7497000098228455","0.7497000098228455"
"59368","0.7497999668121338","0.7497999668121338","0.7497999668121338"
"59379","0.7497999668121338","0.7497999668121338","0.7497999668121338"
"59390","0.75","0.75","0.75"
"59401","0.7501999735832214","0.7501999735832214","0.7501999735832214"
"59412","0.7502999901771545","0.7502999901771545","0.7502999901771545"
"59423","0.7504000067710876","0.7504000067710876","0.7504000067710876"
"59434","0.7504000067710876","0.7504000067710876","0.7504000067710876"
"59445","0.750499963760376","0.750499963760376","0.750499963760376"
"59456","0.7502999901771545","0.7502999901771545","0.7502999901771545"
"59467","0.7504000067710876","0.7504000067710876","0.7504000067710876"
"59478","0.750499963760376","0.750499963760376","0.750499963760376"
"59489","0.7506999969482422","0.7506999969482422","0.7506999969482422"
"59500","0.7506999969482422","0.7506999969482422","0.7506999969482422"
"59511","0.7506999969482422","0.7506999969482422","0.7506999969482422"
"59522","0.7509999871253967","0.7509999871253967","0.7509999871253967"
"59533","0.7507999539375305","0.7507999539375305","0.7507999539375305"
"59544","0.7511000037193298","0.7511000037193298","0.7511000037193298"
"59555","0.7511999607086182","0.7511999607086182","0.7511999607086182"
"59566","0.7512999773025513","0.7512999773025513","0.7512999773025513"
"59577","0.7513999938964844","0.7513999938964844","0.7513999938964844"
"59588","0.7515000104904175","0.7515000104904175","0.7515000104904175"
"59599","0.7513999938964844","0.7513999938964844","0.7513999938964844"
"59610","0.7515000104904175","0.7515000104904175","0.7515000104904175"
"59621","0.7516999840736389","0.7516999840736389","0.7516999840736389"
"59632","0.7520999908447266","0.7520999908447266","0.7520999908447266"
"59643","0.7522000074386597","0.7522000074386597","0.7522000074386597"
"59654","0.7522000074386597","0.7522000074386597","0.7522000074386597"
"59665","0.7522000074386597","0.7522000074386597","0.7522000074386597"
"59676","0.752299964427948","0.752299964427948","0.752299964427948"
"59687","0.7523999810218811","0.7523999810218811","0.7523999810218811"
"59698","0.7524999976158142","0.7524999976158142","0.7524999976158142"
"59709","0.7525999546051025","0.7525999546051025","0.7525999546051025"
"59720","0.7527999877929688","0.7527999877929688","0.7527999877929688"
"59731","0.7527999877929688","0.7527999877929688","0.7527999877929688"
"59742","0.7531999945640564","0.7531999945640564","0.7531999945640564"
"59753","0.7531999945640564","0.7531999945640564","0.7531999945640564"
"59764","0.7532999515533447","0.7532999515533447","0.7532999515533447"
"59775","0.7533999681472778","0.7533999681472778","0.7533999681472778"
"59786","0.7534999847412109","0.7534999847412109","0.7534999847412109"
"59797","0.7537999749183655","0.7537999749183655","0.7537999749183655"
"59808","0.7540000081062317","0.7540000081062317","0.7540000081062317"
"59819","0.75409996509552","0.75409996509552","0.75409996509552"
"59830","0.7540000081062317","0.7540000081062317","0.7540000081062317"
"59841","0.7540000081062317","0.7540000081062317","0.7540000081062317"
"59852","0.75409996509552","0.75409996509552","0.75409996509552"
"59863","0.75409996509552","0.75409996509552","0.75409996509552"
"59874","0.75409996509552","0.75409996509552","0.75409996509552"
"59885","0.7543999552726746","0.7543999552726746","0.7543999552726746"
"59896","0.7548999786376953","0.7548999786376953","0.7548999786376953"
"59907","0.7547999620437622","0.7547999620437622","0.7547999620437622"
"59918","0.7548999786376953","0.7548999786376953","0.7548999786376953"
"59929","0.7549999952316284","0.7549999952316284","0.7549999952316284"
"59940","0.7551999688148499","0.7551999688148499","0.7551999688148499"
"59951","0.7550999522209167","0.7550999522209167","0.7550999522209167"
"59962","0.7554000020027161","0.7554000020027161","0.7554000020027161"
"59973","0.7554999589920044","0.7554999589920044","0.7554999589920044"
"59984","0.7555999755859375","0.7555999755859375","0.7555999755859375"
"59995","0.7554999589920044","0.7554999589920044","0.7554999589920044"
"60006","0.7555999755859375","0.7555999755859375","0.7555999755859375"
"60017","0.7555999755859375","0.7555999755859375","0.7555999755859375"
"60028","0.7554000020027161","0.7554000020027161","0.7554000020027161"
"60039","0.7554999589920044","0.7554999589920044","0.7554999589920044"
"60050","0.755299985408783","0.755299985408783","0.755299985408783"
"60061","0.7554000020027161","0.7554000020027161","0.7554000020027161"
"60072","0.7554999589920044","0.7554999589920044","0.7554999589920044"
"60083","0.755899965763092","0.755899965763092","0.755899965763092"
"60094","0.755899965763092","0.755899965763092","0.755899965763092"
"60105","0.7561999559402466","0.7561999559402466","0.7561999559402466"
"60116","0.7561999559402466","0.7561999559402466","0.7561999559402466"
"60127","0.7562999725341797","0.7562999725341797","0.7562999725341797"
"60138","0.7563999891281128","0.7563999891281128","0.7563999891281128"
"60149","0.7565000057220459","0.7565000057220459","0.7565000057220459"
"60160","0.7565999627113342","0.7565999627113342","0.7565999627113342"
"60171","0.7565000057220459","0.7565000057220459","0.7565000057220459"
"60182","0.7568999528884888","0.7568999528884888","0.7568999528884888"
"60193","0.7567999958992004","0.7567999958992004","0.7567999958992004"
"60204","0.7565999627113342","0.7565999627113342","0.7565999627113342"
"60215","0.7565999627113342","0.7565999627113342","0.7565999627113342"
"60226","0.7565999627113342","0.7565999627113342","0.7565999627113342"
"60237","0.757099986076355","0.757099986076355","0.757099986076355"
"60248","0.7573999762535095","0.7573999762535095","0.7573999762535095"
"60259","0.7573999762535095","0.7573999762535095","0.7573999762535095"
"60270","0.7574999928474426","0.7574999928474426","0.7574999928474426"
"60281","0.7574999928474426","0.7574999928474426","0.7574999928474426"
"60292","0.7574999928474426","0.7574999928474426","0.7574999928474426"
"60303","0.7576000094413757","0.7576000094413757","0.7576000094413757"
"60314","0.7577999830245972","0.7577999830245972","0.7577999830245972"
"60325","0.7578999996185303","0.7578999996185303","0.7578999996185303"
"60336","0.7579999566078186","0.7579999566078186","0.7579999566078186"
"60347","0.7579999566078186","0.7579999566078186","0.7579999566078186"
"60358","0.7580999732017517","0.7580999732017517","0.7580999732017517"
"60369","0.7583000063896179","0.7583000063896179","0.7583000063896179"
"60380","0.7583000063896179","0.7583000063896179","0.7583000063896179"
"60391","0.7581999897956848","0.7581999897956848","0.7581999897956848"
"60402","0.7581999897956848","0.7581999897956848","0.7581999897956848"
"60413","0.7581999897956848","0.7581999897956848","0.7581999897956848"
"60424","0.7581999897956848","0.7581999897956848","0.7581999897956848"
"60435","0.7587999701499939","0.7587999701499939","0.7587999701499939"
"60446","0.7586999535560608","0.7586999535560608","0.7586999535560608"
"60457","0.7587999701499939","0.7587999701499939","0.7587999701499939"
"60468","0.758899986743927","0.758899986743927","0.758899986743927"
"60479","0.758899986743927","0.758899986743927","0.758899986743927"
"60490","0.7587999701499939","0.7587999701499939","0.7587999701499939"
"60501","0.758899986743927","0.758899986743927","0.758899986743927"
"60512","0.7590999603271484","0.7590999603271484","0.7590999603271484"
"60523","0.7591999769210815","0.7591999769210815","0.7591999769210815"
"60534","0.7592999935150146","0.7592999935150146","0.7592999935150146"
"60545","0.7594000101089478","0.7594000101089478","0.7594000101089478"
"60556","0.7595999836921692","0.7595999836921692","0.7595999836921692"
"60567","0.7595999836921692","0.7595999836921692","0.7595999836921692"
"60578","0.7597000002861023","0.7597000002861023","0.7597000002861023"
"60589","0.7597999572753906","0.7597999572753906","0.7597999572753906"
"60600","0.7598999738693237","0.7598999738693237","0.7598999738693237"
"60611","0.7597999572753906","0.7597999572753906","0.7597999572753906"
"60622","0.7597999572753906","0.7597999572753906","0.7597999572753906"
"60633","0.7598999738693237","0.7598999738693237","0.7598999738693237"
"60644","0.7598999738693237","0.7598999738693237","0.7598999738693237"
"60655","0.7603999972343445","0.7603999972343445","0.7603999972343445"
"60666","0.7603999972343445","0.7603999972343445","0.7603999972343445"
"60677","0.7602999806404114","0.7602999806404114","0.7602999806404114"
"60688","0.760699987411499","0.760699987411499","0.760699987411499"
"60699","0.7605999708175659","0.7605999708175659","0.7605999708175659"
"60710","0.7605999708175659","0.7605999708175659","0.7605999708175659"
"60721","0.760699987411499","0.760699987411499","0.760699987411499"
"60732","0.760699987411499","0.760699987411499","0.760699987411499"
"60743","0.7610999941825867","0.7610999941825867","0.7610999941825867"
"60754","0.761199951171875","0.761199951171875","0.761199951171875"
"60765","0.7609999775886536","0.7609999775886536","0.7609999775886536"
"60776","0.7609999775886536","0.7609999775886536","0.7609999775886536"
"60787","0.761199951171875","0.761199951171875","0.761199951171875"
"60798","0.761199951171875","0.761199951171875","0.761199951171875"
"60809","0.7612999677658081","0.7612999677658081","0.7612999677658081"
"60820","0.7615999579429626","0.7615999579429626","0.7615999579429626"
"60831","0.7616999745368958","0.7616999745368958","0.7616999745368958"
"60842","0.7617999911308289","0.7617999911308289","0.7617999911308289"
"60853","0.761900007724762","0.761900007724762","0.761900007724762"
"60864","0.761900007724762","0.761900007724762","0.761900007724762"
"60875","0.761900007724762","0.761900007724762","0.761900007724762"
"60886","0.761900007724762","0.761900007724762","0.761900007724762"
"60897","0.7620999813079834","0.7620999813079834","0.7620999813079834"
"60908","0.7620999813079834","0.7620999813079834","0.7620999813079834"
"60919","0.7621999979019165","0.7621999979019165","0.7621999979019165"
"60930","0.7622999548912048","0.7622999548912048","0.7622999548912048"
"60941","0.762499988079071","0.762499988079071","0.762499988079071"
"60952","0.7623999714851379","0.7623999714851379","0.7623999714851379"
"60963","0.7623999714851379","0.7623999714851379","0.7623999714851379"
"60974","0.7626000046730042","0.7626000046730042","0.7626000046730042"
"60985","0.7626999616622925","0.7626999616622925","0.7626999616622925"
"60996","0.7626999616622925","0.7626999616622925","0.7626999616622925"
"61007","0.7630999684333801","0.7630999684333801","0.7630999684333801"
"61018","0.762999951839447","0.762999951839447","0.762999951839447"
"61029","0.762999951839447","0.762999951839447","0.762999951839447"
"61040","0.7633000016212463","0.7633000016212463","0.7633000016212463"
"61051","0.7634999752044678","0.7634999752044678","0.7634999752044678"
"61062","0.7635999917984009","0.7635999917984009","0.7635999917984009"
"61073","0.7638999819755554","0.7638999819755554","0.7638999819755554"
"61084","0.763700008392334","0.763700008392334","0.763700008392334"
"61095","0.7638999819755554","0.7638999819755554","0.7638999819755554"
"61106","0.7638999819755554","0.7638999819755554","0.7638999819755554"
"61117","0.7644000053405762","0.7644000053405762","0.7644000053405762"
"61128","0.7642999887466431","0.7642999887466431","0.7642999887466431"
"61139","0.7644999623298645","0.7644999623298645","0.7644999623298645"
"61150","0.7644999623298645","0.7644999623298645","0.7644999623298645"
"61161","0.7644000053405762","0.7644000053405762","0.7644000053405762"
"61172","0.7644999623298645","0.7644999623298645","0.7644999623298645"
"61183","0.764799952507019","0.764799952507019","0.764799952507019"
"61194","0.7646999955177307","0.7646999955177307","0.7646999955177307"
"61205","0.764799952507019","0.764799952507019","0.764799952507019"
"61216","0.7648999691009521","0.7648999691009521","0.7648999691009521"
"61227","0.7648999691009521","0.7648999691009521","0.7648999691009521"
"61238","0.7653999924659729","0.7653999924659729","0.7653999924659729"
"61249","0.7652999758720398","0.7652999758720398","0.7652999758720398"
"61260","0.7655999660491943","0.7655999660491943","0.7655999660491943"
"61271","0.7655999660491943","0.7655999660491943","0.7655999660491943"
"61282","0.7655999660491943","0.7655999660491943","0.7655999660491943"
"61293","0.7658999562263489","0.7658999562263489","0.7658999562263489"
"61304","0.7662999629974365","0.7662999629974365","0.7662999629974365"
"61315","0.7660999894142151","0.7660999894142151","0.7660999894142151"
"61326","0.7663999795913696","0.7663999795913696","0.7663999795913696"
"61337","0.7664999961853027","0.7664999961853027","0.7664999961853027"
"61348","0.7664999961853027","0.7664999961853027","0.7664999961853027"
"61359","0.7664999961853027","0.7664999961853027","0.7664999961853027"
"61370","0.7665999531745911","0.7665999531745911","0.7665999531745911"
"61381","0.7666999697685242","0.7666999697685242","0.7666999697685242"
"61392","0.7667999863624573","0.7667999863624573","0.7667999863624573"
"61403","0.7669999599456787","0.7669999599456787","0.7669999599456787"
"61414","0.7669999599456787","0.7669999599456787","0.7669999599456787"
"61425","0.7669999599456787","0.7669999599456787","0.7669999599456787"
"61436","0.7670999765396118","0.7670999765396118","0.7670999765396118"
"61447","0.7671999931335449","0.7671999931335449","0.7671999931335449"
"61458","0.767300009727478","0.767300009727478","0.767300009727478"
"61469","0.7674999833106995","0.7674999833106995","0.7674999833106995"
"61480","0.7675999999046326","0.7675999999046326","0.7675999999046326"
"61491","0.767799973487854","0.767799973487854","0.767799973487854"
"61502","0.7680000066757202","0.7680000066757202","0.7680000066757202"
"61513","0.7680999636650085","0.7680999636650085","0.7680999636650085"
"61524","0.7681999802589417","0.7681999802589417","0.7681999802589417"
"61535","0.7683999538421631","0.7683999538421631","0.7683999538421631"
"61546","0.7684999704360962","0.7684999704360962","0.7684999704360962"
"61557","0.7683999538421631","0.7683999538421631","0.7683999538421631"
"61568","0.7685999870300293","0.7685999870300293","0.7685999870300293"
"61579","0.7685999870300293","0.7685999870300293","0.7685999870300293"
"61590","0.7687000036239624","0.7687000036239624","0.7687000036239624"
"61601","0.7688999772071838","0.7688999772071838","0.7688999772071838"
"61612","0.7687999606132507","0.7687999606132507","0.7687999606132507"
"61623","0.7687999606132507","0.7687999606132507","0.7687999606132507"
"61634","0.7690999507904053","0.7690999507904053","0.7690999507904053"
"61645","0.7692999839782715","0.7692999839782715","0.7692999839782715"
"61656","0.7692999839782715","0.7692999839782715","0.7692999839782715"
"61667","0.7691999673843384","0.7691999673843384","0.7691999673843384"
"61678","0.7694999575614929","0.7694999575614929","0.7694999575614929"
"61689","0.7696999907493591","0.7696999907493591","0.7696999907493591"
"61700","0.7696999907493591","0.7696999907493591","0.7696999907493591"
"61711","0.7696999907493591","0.7696999907493591","0.7696999907493591"
"61722","0.7696999907493591","0.7696999907493591","0.7696999907493591"
"61733","0.7698000073432922","0.7698000073432922","0.7698000073432922"
"61744","0.7698999643325806","0.7698999643325806","0.7698999643325806"
"61755","0.7698999643325806","0.7698999643325806","0.7698999643325806"
"61766","0.7699999809265137","0.7699999809265137","0.7699999809265137"
"61777","0.7698999643325806","0.7698999643325806","0.7698999643325806"
"61788","0.7700999975204468","0.7700999975204468","0.7700999975204468"
"61799","0.7700999975204468","0.7700999975204468","0.7700999975204468"
"61810","0.7703999876976013","0.7703999876976013","0.7703999876976013"
"61821","0.7705999612808228","0.7705999612808228","0.7705999612808228"
"61832","0.7705999612808228","0.7705999612808228","0.7705999612808228"
"61843","0.7705000042915344","0.7705000042915344","0.7705000042915344"
"61854","0.7705000042915344","0.7705000042915344","0.7705000042915344"
"61865","0.7706999778747559","0.7706999778747559","0.7706999778747559"
"61876","0.7708999514579773","0.7708999514579773","0.7708999514579773"
"61887","0.7712000012397766","0.7712000012397766","0.7712000012397766"
"61898","0.7712999582290649","0.7712999582290649","0.7712999582290649"
"61909","0.7712000012397766","0.7712000012397766","0.7712000012397766"
"61920","0.7716000080108643","0.7716000080108643","0.7716000080108643"
"61931","0.7714999914169312","0.7714999914169312","0.7714999914169312"
"61942","0.7717999815940857","0.7717999815940857","0.7717999815940857"
"61953","0.7714999914169312","0.7714999914169312","0.7714999914169312"
"61964","0.7716000080108643","0.7716000080108643","0.7716000080108643"
"61975","0.7716999650001526","0.7716999650001526","0.7716999650001526"
"61986","0.7717999815940857","0.7717999815940857","0.7717999815940857"
"61997","0.7720999717712402","0.7720999717712402","0.7720999717712402"
"62008","0.7721999883651733","0.7721999883651733","0.7721999883651733"
"62019","0.7720999717712402","0.7720999717712402","0.7720999717712402"
"62030","0.7723000049591064","0.7723000049591064","0.7723000049591064"
"62041","0.7724999785423279","0.7724999785423279","0.7724999785423279"
"62052","0.7723999619483948","0.7723999619483948","0.7723999619483948"
"62063","0.7724999785423279","0.7724999785423279","0.7724999785423279"
"62074","0.7724999785423279","0.7724999785423279","0.7724999785423279"
"62085","0.772599995136261","0.772599995136261","0.772599995136261"
"62096","0.7727999687194824","0.7727999687194824","0.7727999687194824"
"62107","0.7726999521255493","0.7726999521255493","0.7726999521255493"
"62118","0.7727999687194824","0.7727999687194824","0.7727999687194824"
"62129","0.7728999853134155","0.7728999853134155","0.7728999853134155"
"62140","0.773099958896637","0.773099958896637","0.773099958896637"
"62151","0.7732999920845032","0.7732999920845032","0.7732999920845032"
"62162","0.7732999920845032","0.7732999920845032","0.7732999920845032"
"62173","0.7734999656677246","0.7734999656677246","0.7734999656677246"
"62184","0.7736999988555908","0.7736999988555908","0.7736999988555908"
"62195","0.7738999724388123","0.7738999724388123","0.7738999724388123"
"62206","0.7738999724388123","0.7738999724388123","0.7738999724388123"
"62217","0.7737999558448792","0.7737999558448792","0.7737999558448792"
"62228","0.7738999724388123","0.7738999724388123","0.7738999724388123"
"62239","0.7739999890327454","0.7739999890327454","0.7739999890327454"
"62250","0.7741999626159668","0.7741999626159668","0.7741999626159668"
"62261","0.7741000056266785","0.7741000056266785","0.7741000056266785"
"62272","0.774399995803833","0.774399995803833","0.774399995803833"
"62283","0.7744999527931213","0.7744999527931213","0.7744999527931213"
"62294","0.7744999527931213","0.7744999527931213","0.7744999527931213"
"62305","0.774399995803833","0.774399995803833","0.774399995803833"
"62316","0.7745999693870544","0.7745999693870544","0.7745999693870544"
"62327","0.7746999859809875","0.7746999859809875","0.7746999859809875"
"62338","0.7748000025749207","0.7748000025749207","0.7748000025749207"
"62349","0.7748000025749207","0.7748000025749207","0.7748000025749207"
"62360","0.7748000025749207","0.7748000025749207","0.7748000025749207"
"62371","0.774899959564209","0.774899959564209","0.774899959564209"
"62382","0.7750999927520752","0.7750999927520752","0.7750999927520752"
"62393","0.7750999927520752","0.7750999927520752","0.7750999927520752"
"62404","0.7752000093460083","0.7752000093460083","0.7752000093460083"
"62415","0.7750999927520752","0.7750999927520752","0.7750999927520752"
"62426","0.7752999663352966","0.7752999663352966","0.7752999663352966"
"62437","0.7752999663352966","0.7752999663352966","0.7752999663352966"
"62448","0.7753999829292297","0.7753999829292297","0.7753999829292297"
"62459","0.7752999663352966","0.7752999663352966","0.7752999663352966"
"62470","0.7753999829292297","0.7753999829292297","0.7753999829292297"
"62481","0.7753999829292297","0.7753999829292297","0.7753999829292297"
"62492","0.7755999565124512","0.7755999565124512","0.7755999565124512"
"62503","0.7756999731063843","0.7756999731063843","0.7756999731063843"
"62514","0.7757999897003174","0.7757999897003174","0.7757999897003174"
"62525","0.7759999632835388","0.7759999632835388","0.7759999632835388"
"62536","0.7762999534606934","0.7762999534606934","0.7762999534606934"
"62547","0.7760999798774719","0.7760999798774719","0.7760999798774719"
"62558","0.7762999534606934","0.7762999534606934","0.7762999534606934"
"62569","0.7759999632835388","0.7759999632835388","0.7759999632835388"
"62580","0.7762999534606934","0.7762999534606934","0.7762999534606934"
"62591","0.776199996471405","0.776199996471405","0.776199996471405"
"62602","0.776199996471405","0.776199996471405","0.776199996471405"
"62613","0.7766000032424927","0.7766000032424927","0.7766000032424927"
"62624","0.7766000032424927","0.7766000032424927","0.7766000032424927"
"62635","0.7764999866485596","0.7764999866485596","0.7764999866485596"
"62646","0.7766000032424927","0.7766000032424927","0.7766000032424927"
"62657","0.7764999866485596","0.7764999866485596","0.7764999866485596"
"62668","0.7766000032424927","0.7766000032424927","0.7766000032424927"
"62679","0.7766000032424927","0.7766000032424927","0.7766000032424927"
"62690","0.7767999768257141","0.7767999768257141","0.7767999768257141"
"62701","0.7767999768257141","0.7767999768257141","0.7767999768257141"
"62712","0.776699960231781","0.776699960231781","0.776699960231781"
"62723","0.7767999768257141","0.7767999768257141","0.7767999768257141"
"62734","0.7766000032424927","0.7766000032424927","0.7766000032424927"
"62745","0.7767999768257141","0.7767999768257141","0.7767999768257141"
"62756","0.7767999768257141","0.7767999768257141","0.7767999768257141"
"62767","0.7767999768257141","0.7767999768257141","0.7767999768257141"
"62778","0.7767999768257141","0.7767999768257141","0.7767999768257141"
"62789","0.7768999934196472","0.7768999934196472","0.7768999934196472"
"62800","0.7768999934196472","0.7768999934196472","0.7768999934196472"
"62811","0.7768999934196472","0.7768999934196472","0.7768999934196472"
"62822","0.7770000100135803","0.7770000100135803","0.7770000100135803"
"62833","0.7768999934196472","0.7768999934196472","0.7768999934196472"
"62844","0.7770000100135803","0.7770000100135803","0.7770000100135803"
"62855","0.7770999670028687","0.7770999670028687","0.7770999670028687"
"62866","0.7773000001907349","0.7773000001907349","0.7773000001907349"
"62877","0.7773999571800232","0.7773999571800232","0.7773999571800232"
"62888","0.7775999903678894","0.7775999903678894","0.7775999903678894"
"62899","0.7775999903678894","0.7775999903678894","0.7775999903678894"
"62910","0.7775999903678894","0.7775999903678894","0.7775999903678894"
"62921","0.7777000069618225","0.7777000069618225","0.7777000069618225"
"62932","0.7775999903678894","0.7775999903678894","0.7775999903678894"
"62943","0.777999997138977","0.777999997138977","0.777999997138977"
"62954","0.7781999707221985","0.7781999707221985","0.7781999707221985"
"62965","0.7780999541282654","0.7780999541282654","0.7780999541282654"
"62976","0.7782999873161316","0.7782999873161316","0.7782999873161316"
"62987","0.7784000039100647","0.7784000039100647","0.7784000039100647"
"62998","0.7782999873161316","0.7782999873161316","0.7782999873161316"
"63009","0.7782999873161316","0.7782999873161316","0.7782999873161316"
"63020","0.7784000039100647","0.7784000039100647","0.7784000039100647"
"63031","0.7782999873161316","0.7782999873161316","0.7782999873161316"
"63042","0.7782999873161316","0.7782999873161316","0.7782999873161316"
"63053","0.7782999873161316","0.7782999873161316","0.7782999873161316"
"63064","0.778499960899353","0.778499960899353","0.778499960899353"
"63075","0.778499960899353","0.778499960899353","0.778499960899353"
"63086","0.778499960899353","0.778499960899353","0.778499960899353"
"63097","0.7786999940872192","0.7786999940872192","0.7786999940872192"
"63108","0.7787999510765076","0.7787999510765076","0.7787999510765076"
"63119","0.7789999842643738","0.7789999842643738","0.7789999842643738"
"63130","0.7791000008583069","0.7791000008583069","0.7791000008583069"
"63141","0.7789999842643738","0.7789999842643738","0.7789999842643738"
"63152","0.7791999578475952","0.7791999578475952","0.7791999578475952"
"63163","0.7792999744415283","0.7792999744415283","0.7792999744415283"
"63174","0.7793999910354614","0.7793999910354614","0.7793999910354614"
"63185","0.7798999547958374","0.7798999547958374","0.7798999547958374"
"63196","0.7799999713897705","0.7799999713897705","0.7799999713897705"
"63207","0.7800999879837036","0.7800999879837036","0.7800999879837036"
"63218","0.7799999713897705","0.7799999713897705","0.7799999713897705"
"63229","0.7803999781608582","0.7803999781608582","0.7803999781608582"
"63240","0.7803999781608582","0.7803999781608582","0.7803999781608582"
"63251","0.780299961566925","0.780299961566925","0.780299961566925"
"63262","0.780299961566925","0.780299961566925","0.780299961566925"
"63273","0.7802000045776367","0.7802000045776367","0.7802000045776367"
"63284","0.7803999781608582","0.7803999781608582","0.7803999781608582"
"63295","0.7805999517440796","0.7805999517440796","0.7805999517440796"
"63306","0.7809000015258789","0.7809000015258789","0.7809000015258789"
"63317","0.7807999849319458","0.7807999849319458","0.7807999849319458"
"63328","0.7809999585151672","0.7809999585151672","0.7809999585151672"
"63339","0.7809000015258789","0.7809000015258789","0.7809000015258789"
"63350","0.7809999585151672","0.7809999585151672","0.7809999585151672"
"63361","0.7809000015258789","0.7809000015258789","0.7809000015258789"
"63372","0.7809999585151672","0.7809999585151672","0.7809999585151672"
"63383","0.7809999585151672","0.7809999585151672","0.7809999585151672"
"63394","0.7811999917030334","0.7811999917030334","0.7811999917030334"
"63405","0.781499981880188","0.781499981880188","0.781499981880188"
"63416","0.781499981880188","0.781499981880188","0.781499981880188"
"63427","0.7817999720573425","0.7817999720573425","0.7817999720573425"
"63438","0.7816999554634094","0.7816999554634094","0.7816999554634094"
"63449","0.7817999720573425","0.7817999720573425","0.7817999720573425"
"63460","0.7820999622344971","0.7820999622344971","0.7820999622344971"
"63471","0.7820999622344971","0.7820999622344971","0.7820999622344971"
"63482","0.7820000052452087","0.7820000052452087","0.7820000052452087"
"63493","0.7821999788284302","0.7821999788284302","0.7821999788284302"
"63504","0.7821999788284302","0.7821999788284302","0.7821999788284302"
"63515","0.7821999788284302","0.7821999788284302","0.7821999788284302"
"63526","0.7820999622344971","0.7820999622344971","0.7820999622344971"
"63537","0.7823999524116516","0.7823999524116516","0.7823999524116516"
"63548","0.7824999690055847","0.7824999690055847","0.7824999690055847"
"63559","0.7823999524116516","0.7823999524116516","0.7823999524116516"
"63570","0.7822999954223633","0.7822999954223633","0.7822999954223633"
"63581","0.7823999524116516","0.7823999524116516","0.7823999524116516"
"63592","0.7827999591827393","0.7827999591827393","0.7827999591827393"
"63603","0.7828999757766724","0.7828999757766724","0.7828999757766724"
"63614","0.7827000021934509","0.7827000021934509","0.7827000021934509"
"63625","0.7827999591827393","0.7827999591827393","0.7827999591827393"
"63636","0.7828999757766724","0.7828999757766724","0.7828999757766724"
"63647","0.7829999923706055","0.7829999923706055","0.7829999923706055"
"63658","0.7828999757766724","0.7828999757766724","0.7828999757766724"
"63669","0.7828999757766724","0.7828999757766724","0.7828999757766724"
"63680","0.7831000089645386","0.7831000089645386","0.7831000089645386"
"63691","0.7829999923706055","0.7829999923706055","0.7829999923706055"
"63702","0.7828999757766724","0.7828999757766724","0.7828999757766724"
"63713","0.7829999923706055","0.7829999923706055","0.7829999923706055"
"63724","0.78329998254776","0.78329998254776","0.78329998254776"
"63735","0.78329998254776","0.78329998254776","0.78329998254776"
"63746","0.7834999561309814","0.7834999561309814","0.7834999561309814"
"63757","0.7834999561309814","0.7834999561309814","0.7834999561309814"
"63768","0.7835999727249146","0.7835999727249146","0.7835999727249146"
"63779","0.7836999893188477","0.7836999893188477","0.7836999893188477"
"63790","0.7836999893188477","0.7836999893188477","0.7836999893188477"
"63801","0.7836999893188477","0.7836999893188477","0.7836999893188477"
"63812","0.7838999629020691","0.7838999629020691","0.7838999629020691"
"63823","0.7839999794960022","0.7839999794960022","0.7839999794960022"
"63834","0.7839999794960022","0.7839999794960022","0.7839999794960022"
"63845","0.7839999794960022","0.7839999794960022","0.7839999794960022"
"63856","0.7840999960899353","0.7840999960899353","0.7840999960899353"
"63867","0.7841999530792236","0.7841999530792236","0.7841999530792236"
"63878","0.7839999794960022","0.7839999794960022","0.7839999794960022"
"63889","0.7841999530792236","0.7841999530792236","0.7841999530792236"
"63900","0.7843999862670898","0.7843999862670898","0.7843999862670898"
"63911","0.7846999764442444","0.7846999764442444","0.7846999764442444"
"63922","0.7846999764442444","0.7846999764442444","0.7846999764442444"
"63933","0.7847999930381775","0.7847999930381775","0.7847999930381775"
"63944","0.7849000096321106","0.7849000096321106","0.7849000096321106"
"63955","0.7854999899864197","0.7854999899864197","0.7854999899864197"
"63966","0.7849999666213989","0.7849999666213989","0.7849999666213989"
"63977","0.7856000065803528","0.7856000065803528","0.7856000065803528"
"63988","0.7856999635696411","0.7856999635696411","0.7856999635696411"
"63999","0.7856999635696411","0.7856999635696411","0.7856999635696411"
"64010","0.7856999635696411","0.7856999635696411","0.7856999635696411"
"64021","0.7859999537467957","0.7859999537467957","0.7859999537467957"
"64032","0.7861999869346619","0.7861999869346619","0.7861999869346619"
"64043","0.786300003528595","0.786300003528595","0.786300003528595"
"64054","0.7863999605178833","0.7863999605178833","0.7863999605178833"
"64065","0.7860999703407288","0.7860999703407288","0.7860999703407288"
"64076","0.7863999605178833","0.7863999605178833","0.7863999605178833"
"64087","0.7859999537467957","0.7859999537467957","0.7859999537467957"
"64098","0.7857999801635742","0.7857999801635742","0.7857999801635742"
"64109","0.7858999967575073","0.7858999967575073","0.7858999967575073"
"64120","0.7865999937057495","0.7865999937057495","0.7865999937057495"
"64131","0.7865999937057495","0.7865999937057495","0.7865999937057495"
"64142","0.786899983882904","0.786899983882904","0.786899983882904"
"64153","0.786899983882904","0.786899983882904","0.786899983882904"
"64164","0.786899983882904","0.786899983882904","0.786899983882904"
"64175","0.7870000004768372","0.7870000004768372","0.7870000004768372"
"64186","0.7870000004768372","0.7870000004768372","0.7870000004768372"
"64197","0.786899983882904","0.786899983882904","0.786899983882904"
"64208","0.786899983882904","0.786899983882904","0.786899983882904"
"64219","0.7870000004768372","0.7870000004768372","0.7870000004768372"
"64230","0.786899983882904","0.786899983882904","0.786899983882904"
"64241","0.7870000004768372","0.7870000004768372","0.7870000004768372"
"64252","0.7870000004768372","0.7870000004768372","0.7870000004768372"
"64263","0.7870000004768372","0.7870000004768372","0.7870000004768372"
"64274","0.7871999740600586","0.7871999740600586","0.7871999740600586"
"64285","0.7870999574661255","0.7870999574661255","0.7870999574661255"
"64296","0.7870999574661255","0.7870999574661255","0.7870999574661255"
"64307","0.7872999906539917","0.7872999906539917","0.7872999906539917"
"64318","0.7871999740600586","0.7871999740600586","0.7871999740600586"
"64329","0.7871999740600586","0.7871999740600586","0.7871999740600586"
"64340","0.7870999574661255","0.7870999574661255","0.7870999574661255"
"64351","0.7871999740600586","0.7871999740600586","0.7871999740600586"
"64362","0.7872999906539917","0.7872999906539917","0.7872999906539917"
"64373","0.7874999642372131","0.7874999642372131","0.7874999642372131"
"64384","0.7874999642372131","0.7874999642372131","0.7874999642372131"
"64395","0.7876999974250793","0.7876999974250793","0.7876999974250793"
"64406","0.7877999544143677","0.7877999544143677","0.7877999544143677"
"64417","0.7878999710083008","0.7878999710083008","0.7878999710083008"
"64428","0.7877999544143677","0.7877999544143677","0.7877999544143677"
"64439","0.7877999544143677","0.7877999544143677","0.7877999544143677"
"64450","0.7878999710083008","0.7878999710083008","0.7878999710083008"
"64461","0.7879999876022339","0.7879999876022339","0.7879999876022339"
"64472","0.7879999876022339","0.7879999876022339","0.7879999876022339"
"64483","0.788100004196167","0.788100004196167","0.788100004196167"
"64494","0.7882999777793884","0.7882999777793884","0.7882999777793884"
"64505","0.7883999943733215","0.7883999943733215","0.7883999943733215"
"64516","0.788599967956543","0.788599967956543","0.788599967956543"
"64527","0.7886999845504761","0.7886999845504761","0.7886999845504761"
"64538","0.7889999747276306","0.7889999747276306","0.7889999747276306"
"64549","0.7890999913215637","0.7890999913215637","0.7890999913215637"
"64560","0.7890999913215637","0.7890999913215637","0.7890999913215637"
"64571","0.7890999913215637","0.7890999913215637","0.7890999913215637"
"64582","0.7894999980926514","0.7894999980926514","0.7894999980926514"
"64593","0.7895999550819397","0.7895999550819397","0.7895999550819397"
"64604","0.7896999716758728","0.7896999716758728","0.7896999716758728"
"64615","0.7899999618530273","0.7899999618530273","0.7899999618530273"
"64626","0.789900004863739","0.789900004863739","0.789900004863739"
"64637","0.7896999716758728","0.7896999716758728","0.7896999716758728"
"64648","0.789900004863739","0.789900004863739","0.789900004863739"
"64659","0.7897999882698059","0.7897999882698059","0.7897999882698059"
"64670","0.7900999784469604","0.7900999784469604","0.7900999784469604"
"64681","0.7901999950408936","0.7901999950408936","0.7901999950408936"
"64692","0.7902999520301819","0.7902999520301819","0.7902999520301819"
"64703","0.7904999852180481","0.7904999852180481","0.7904999852180481"
"64714","0.7906000018119812","0.7906000018119812","0.7906000018119812"
"64725","0.7906000018119812","0.7906000018119812","0.7906000018119812"
"64736","0.790399968624115","0.790399968624115","0.790399968624115"
"64747","0.7906999588012695","0.7906999588012695","0.7906999588012695"
"64758","0.7906000018119812","0.7906000018119812","0.7906000018119812"
"64769","0.7904999852180481","0.7904999852180481","0.7904999852180481"
"64780","0.7904999852180481","0.7904999852180481","0.7904999852180481"
"64791","0.7906999588012695","0.7906999588012695","0.7906999588012695"
"64802","0.7907999753952026","0.7907999753952026","0.7907999753952026"
"64813","0.7907999753952026","0.7907999753952026","0.7907999753952026"
"64824","0.7910000085830688","0.7910000085830688","0.7910000085830688"
"64835","0.7911999821662903","0.7911999821662903","0.7911999821662903"
"64846","0.7913999557495117","0.7913999557495117","0.7913999557495117"
"64857","0.7914999723434448","0.7914999723434448","0.7914999723434448"
"64868","0.7915999889373779","0.7915999889373779","0.7915999889373779"
"64879","0.7915999889373779","0.7915999889373779","0.7915999889373779"
"64890","0.7915999889373779","0.7915999889373779","0.7915999889373779"
"64901","0.7917999625205994","0.7917999625205994","0.7917999625205994"
"64912","0.7918999791145325","0.7918999791145325","0.7918999791145325"
"64923","0.7917999625205994","0.7917999625205994","0.7917999625205994"
"64934","0.792199969291687","0.792199969291687","0.792199969291687"
"64945","0.7924000024795532","0.7924000024795532","0.7924000024795532"
"64956","0.7924999594688416","0.7924999594688416","0.7924999594688416"
"64967","0.7924999594688416","0.7924999594688416","0.7924999594688416"
"64978","0.7924999594688416","0.7924999594688416","0.7924999594688416"
"64989","0.7925999760627747","0.7925999760627747","0.7925999760627747"
"65000","0.7925999760627747","0.7925999760627747","0.7925999760627747"
"65011","0.7928999662399292","0.7928999662399292","0.7928999662399292"
"65022","0.7929999828338623","0.7929999828338623","0.7929999828338623"
"65033","0.7929999828338623","0.7929999828338623","0.7929999828338623"
"65044","0.7930999994277954","0.7930999994277954","0.7930999994277954"
"65055","0.7931999564170837","0.7931999564170837","0.7931999564170837"
"65066","0.7931999564170837","0.7931999564170837","0.7931999564170837"
"65077","0.79339998960495","0.79339998960495","0.79339998960495"
"65088","0.79339998960495","0.79339998960495","0.79339998960495"
"65099","0.7935000061988831","0.7935000061988831","0.7935000061988831"
"65110","0.7937999963760376","0.7937999963760376","0.7937999963760376"
"65121","0.7938999533653259","0.7938999533653259","0.7938999533653259"
"65132","0.7938999533653259","0.7938999533653259","0.7938999533653259"
"65143","0.793999969959259","0.793999969959259","0.793999969959259"
"65154","0.793999969959259","0.793999969959259","0.793999969959259"
"65165","0.793999969959259","0.793999969959259","0.793999969959259"
"65176","0.793999969959259","0.793999969959259","0.793999969959259"
"65187","0.7942000031471252","0.7942000031471252","0.7942000031471252"
"65198","0.7942000031471252","0.7942000031471252","0.7942000031471252"
"65209","0.7943999767303467","0.7943999767303467","0.7943999767303467"
"65220","0.7944999933242798","0.7944999933242798","0.7944999933242798"
"65231","0.7949000000953674","0.7949000000953674","0.7949000000953674"
"65242","0.7947999835014343","0.7947999835014343","0.7947999835014343"
"65253","0.7949000000953674","0.7949000000953674","0.7949000000953674"
"65264","0.7949999570846558","0.7949999570846558","0.7949999570846558"
"65275","0.7949999570846558","0.7949999570846558","0.7949999570846558"
"65286","0.7949000000953674","0.7949000000953674","0.7949000000953674"
"65297","0.7950999736785889","0.7950999736785889","0.7950999736785889"
"65308","0.795199990272522","0.795199990272522","0.795199990272522"
"65319","0.7954999804496765","0.7954999804496765","0.7954999804496765"
"65330","0.795699954032898","0.795699954032898","0.795699954032898"
"65341","0.7955999970436096","0.7955999970436096","0.7955999970436096"
"65352","0.7955999970436096","0.7955999970436096","0.7955999970436096"
"65363","0.7954999804496765","0.7954999804496765","0.7954999804496765"
"65374","0.7955999970436096","0.7955999970436096","0.7955999970436096"
"65385","0.7958999872207642","0.7958999872207642","0.7958999872207642"
"65396","0.7960999608039856","0.7960999608039856","0.7960999608039856"
"65407","0.7958999872207642","0.7958999872207642","0.7958999872207642"
"65418","0.795799970626831","0.795799970626831","0.795799970626831"
"65429","0.7960000038146973","0.7960000038146973","0.7960000038146973"
"65440","0.7961999773979187","0.7961999773979187","0.7961999773979187"
"65451","0.7961999773979187","0.7961999773979187","0.7961999773979187"
"65462","0.7962999939918518","0.7962999939918518","0.7962999939918518"
"65473","0.7962999939918518","0.7962999939918518","0.7962999939918518"
"65484","0.7965999841690063","0.7965999841690063","0.7965999841690063"
"65495","0.7965999841690063","0.7965999841690063","0.7965999841690063"
"65506","0.7965999841690063","0.7965999841690063","0.7965999841690063"
"65517","0.7965999841690063","0.7965999841690063","0.7965999841690063"
"65528","0.7968999743461609","0.7968999743461609","0.7968999743461609"
"65539","0.7968999743461609","0.7968999743461609","0.7968999743461609"
"65550","0.7968999743461609","0.7968999743461609","0.7968999743461609"
"65561","0.796999990940094","0.796999990940094","0.796999990940094"
"65572","0.7968999743461609","0.7968999743461609","0.7968999743461609"
"65583","0.7971999645233154","0.7971999645233154","0.7971999645233154"
"65594","0.7971999645233154","0.7971999645233154","0.7971999645233154"
"65605","0.7971000075340271","0.7971000075340271","0.7971000075340271"
"65616","0.7972999811172485","0.7972999811172485","0.7972999811172485"
"65627","0.7972999811172485","0.7972999811172485","0.7972999811172485"
"65638","0.79749995470047","0.79749995470047","0.79749995470047"
"65649","0.7975999712944031","0.7975999712944031","0.7975999712944031"
"65660","0.7976999878883362","0.7976999878883362","0.7976999878883362"
"65671","0.7975999712944031","0.7975999712944031","0.7975999712944031"
"65682","0.79749995470047","0.79749995470047","0.79749995470047"
"65693","0.7978000044822693","0.7978000044822693","0.7978000044822693"
"65704","0.7976999878883362","0.7976999878883362","0.7976999878883362"
"65715","0.7978000044822693","0.7978000044822693","0.7978000044822693"
"65726","0.7976999878883362","0.7976999878883362","0.7976999878883362"
"65737","0.7978000044822693","0.7978000044822693","0.7978000044822693"
"65748","0.7976999878883362","0.7976999878883362","0.7976999878883362"
"65759","0.7976999878883362","0.7976999878883362","0.7976999878883362"
"65770","0.7978000044822693","0.7978000044822693","0.7978000044822693"
"65781","0.7980999946594238","0.7980999946594238","0.7980999946594238"
"65792","0.7978999614715576","0.7978999614715576","0.7978999614715576"
"65803","0.7982999682426453","0.7982999682426453","0.7982999682426453"
"65814","0.7985000014305115","0.7985000014305115","0.7985000014305115"
"65825","0.7985000014305115","0.7985000014305115","0.7985000014305115"
"65836","0.7985000014305115","0.7985000014305115","0.7985000014305115"
"65847","0.7986999750137329","0.7986999750137329","0.7986999750137329"
"65858","0.7985999584197998","0.7985999584197998","0.7985999584197998"
"65869","0.7989000082015991","0.7989000082015991","0.7989000082015991"
"65880","0.7989000082015991","0.7989000082015991","0.7989000082015991"
"65891","0.7989000082015991","0.7989000082015991","0.7989000082015991"
"65902","0.7989999651908875","0.7989999651908875","0.7989999651908875"
"65913","0.7991999983787537","0.7991999983787537","0.7991999983787537"
"65924","0.7990999817848206","0.7990999817848206","0.7990999817848206"
"65935","0.7990999817848206","0.7990999817848206","0.7990999817848206"
"65946","0.799299955368042","0.799299955368042","0.799299955368042"
"65957","0.7993999719619751","0.7993999719619751","0.7993999719619751"
"65968","0.7993999719619751","0.7993999719619751","0.7993999719619751"
"65979","0.7996000051498413","0.7996000051498413","0.7996000051498413"
"65990","0.7997999787330627","0.7997999787330627","0.7997999787330627"
"66001","0.7998999953269958","0.7998999953269958","0.7998999953269958"
"66012","0.7998999953269958","0.7998999953269958","0.7998999953269958"
"66023","0.7997999787330627","0.7997999787330627","0.7997999787330627"
"66034","0.7999999523162842","0.7999999523162842","0.7999999523162842"
"66045","0.7998999953269958","0.7998999953269958","0.7998999953269958"
"66056","0.7998999953269958","0.7998999953269958","0.7998999953269958"
"66067","0.7999999523162842","0.7999999523162842","0.7999999523162842"
"66078","0.8000999689102173","0.8000999689102173","0.8000999689102173"
"66089","0.8003000020980835","0.8003000020980835","0.8003000020980835"
"66100","0.8003000020980835","0.8003000020980835","0.8003000020980835"
"66111","0.8001999855041504","0.8001999855041504","0.8001999855041504"
"66122","0.8003000020980835","0.8003000020980835","0.8003000020980835"
"66133","0.8004999756813049","0.8004999756813049","0.8004999756813049"
"66144","0.8004999756813049","0.8004999756813049","0.8004999756813049"
"66155","0.8003999590873718","0.8003999590873718","0.8003999590873718"
"66166","0.8007000088691711","0.8007000088691711","0.8007000088691711"
"66177","0.8007999658584595","0.8007999658584595","0.8007999658584595"
"66188","0.800599992275238","0.800599992275238","0.800599992275238"
"66199","0.8007000088691711","0.8007000088691711","0.8007000088691711"
"66210","0.801099956035614","0.801099956035614","0.801099956035614"
"66221","0.8009999990463257","0.8009999990463257","0.8009999990463257"
"66232","0.801099956035614","0.801099956035614","0.801099956035614"
"66243","0.801099956035614","0.801099956035614","0.801099956035614"
"66254","0.8012999892234802","0.8012999892234802","0.8012999892234802"
"66265","0.8012999892234802","0.8012999892234802","0.8012999892234802"
"66276","0.8012999892234802","0.8012999892234802","0.8012999892234802"
"66287","0.8014000058174133","0.8014000058174133","0.8014000058174133"
"66298","0.8014000058174133","0.8014000058174133","0.8014000058174133"
"66309","0.8014999628067017","0.8014999628067017","0.8014999628067017"
"66320","0.8014999628067017","0.8014999628067017","0.8014999628067017"
"66331","0.8014000058174133","0.8014000058174133","0.8014000058174133"
"66342","0.8014999628067017","0.8014999628067017","0.8014999628067017"
"66353","0.8016999959945679","0.8016999959945679","0.8016999959945679"
"66364","0.8015999794006348","0.8015999794006348","0.8015999794006348"
"66375","0.8015999794006348","0.8015999794006348","0.8015999794006348"
"66386","0.8017999529838562","0.8017999529838562","0.8017999529838562"
"66397","0.8018999695777893","0.8018999695777893","0.8018999695777893"
"66408","0.8017999529838562","0.8017999529838562","0.8017999529838562"
"66419","0.8019999861717224","0.8019999861717224","0.8019999861717224"
"66430","0.8021000027656555","0.8021000027656555","0.8021000027656555"
"66441","0.8021000027656555","0.8021000027656555","0.8021000027656555"
"66452","0.802299976348877","0.802299976348877","0.802299976348877"
"66463","0.802299976348877","0.802299976348877","0.802299976348877"
"66474","0.802299976348877","0.802299976348877","0.802299976348877"
"66485","0.802299976348877","0.802299976348877","0.802299976348877"
"66496","0.802299976348877","0.802299976348877","0.802299976348877"
"66507","0.8023999929428101","0.8023999929428101","0.8023999929428101"
"66518","0.8026999831199646","0.8026999831199646","0.8026999831199646"
"66529","0.8029999732971191","0.8029999732971191","0.8029999732971191"
"66540","0.8029999732971191","0.8029999732971191","0.8029999732971191"
"66551","0.8030999898910522","0.8030999898910522","0.8030999898910522"
"66562","0.8032999634742737","0.8032999634742737","0.8032999634742737"
"66573","0.8032999634742737","0.8032999634742737","0.8032999634742737"
"66584","0.8030999898910522","0.8030999898910522","0.8030999898910522"
"66595","0.8033999800682068","0.8033999800682068","0.8033999800682068"
"66606","0.8032000064849854","0.8032000064849854","0.8032000064849854"
"66617","0.8032999634742737","0.8032999634742737","0.8032999634742737"
"66628","0.8034999966621399","0.8034999966621399","0.8034999966621399"
"66639","0.8034999966621399","0.8034999966621399","0.8034999966621399"
"66650","0.8035999536514282","0.8035999536514282","0.8035999536514282"
"66661","0.8037999868392944","0.8037999868392944","0.8037999868392944"
"66672","0.8039000034332275","0.8039000034332275","0.8039000034332275"
"66683","0.8037999868392944","0.8037999868392944","0.8037999868392944"
"66694","0.8037999868392944","0.8037999868392944","0.8037999868392944"
"66705","0.804099977016449","0.804099977016449","0.804099977016449"
"66716","0.8043999671936035","0.8043999671936035","0.8043999671936035"
"66727","0.8043999671936035","0.8043999671936035","0.8043999671936035"
"66738","0.804099977016449","0.804099977016449","0.804099977016449"
"66749","0.8046000003814697","0.8046000003814697","0.8046000003814697"
"66760","0.8044999837875366","0.8044999837875366","0.8044999837875366"
"66771","0.8047999739646912","0.8047999739646912","0.8047999739646912"
"66782","0.8047999739646912","0.8047999739646912","0.8047999739646912"
"66793","0.8048999905586243","0.8048999905586243","0.8048999905586243"
"66804","0.8050000071525574","0.8050000071525574","0.8050000071525574"
"66815","0.8050999641418457","0.8050999641418457","0.8050999641418457"
"66826","0.8050999641418457","0.8050999641418457","0.8050999641418457"
"66837","0.8050000071525574","0.8050000071525574","0.8050000071525574"
"66848","0.8050999641418457","0.8050999641418457","0.8050999641418457"
"66859","0.8052999973297119","0.8052999973297119","0.8052999973297119"
"66870","0.8052999973297119","0.8052999973297119","0.8052999973297119"
"66881","0.8052999973297119","0.8052999973297119","0.8052999973297119"
"66892","0.8054999709129333","0.8054999709129333","0.8054999709129333"
"66903","0.8054999709129333","0.8054999709129333","0.8054999709129333"
"66914","0.8054999709129333","0.8054999709129333","0.8054999709129333"
"66925","0.8055999875068665","0.8055999875068665","0.8055999875068665"
"66936","0.8057000041007996","0.8057000041007996","0.8057000041007996"
"66947","0.8055999875068665","0.8055999875068665","0.8055999875068665"
"66958","0.8057999610900879","0.8057999610900879","0.8057999610900879"
"66969","0.8057000041007996","0.8057000041007996","0.8057000041007996"
"66980","0.8057000041007996","0.8057000041007996","0.8057000041007996"
"66991","0.805899977684021","0.805899977684021","0.805899977684021"
"67002","0.805899977684021","0.805899977684021","0.805899977684021"
"67013","0.805899977684021","0.805899977684021","0.805899977684021"
"67024","0.8059999942779541","0.8059999942779541","0.8059999942779541"
"67035","0.8059999942779541","0.8059999942779541","0.8059999942779541"
"67046","0.8061999678611755","0.8061999678611755","0.8061999678611755"
"67057","0.8060999512672424","0.8060999512672424","0.8060999512672424"
"67068","0.8060999512672424","0.8060999512672424","0.8060999512672424"
"67079","0.8060999512672424","0.8060999512672424","0.8060999512672424"
"67090","0.8062999844551086","0.8062999844551086","0.8062999844551086"
"67101","0.8061999678611755","0.8061999678611755","0.8061999678611755"
"67112","0.8062999844551086","0.8062999844551086","0.8062999844551086"
"67123","0.8064999580383301","0.8064999580383301","0.8064999580383301"
"67134","0.8062999844551086","0.8062999844551086","0.8062999844551086"
"67145","0.8062999844551086","0.8062999844551086","0.8062999844551086"
"67156","0.8062999844551086","0.8062999844551086","0.8062999844551086"
"67167","0.8064000010490417","0.8064000010490417","0.8064000010490417"
"67178","0.8064999580383301","0.8064999580383301","0.8064999580383301"
"67189","0.8066999912261963","0.8066999912261963","0.8066999912261963"
"67200","0.8068000078201294","0.8068000078201294","0.8068000078201294"
"67211","0.8068000078201294","0.8068000078201294","0.8068000078201294"
"67222","0.8068000078201294","0.8068000078201294","0.8068000078201294"
"67233","0.8068000078201294","0.8068000078201294","0.8068000078201294"
"67244","0.8068999648094177","0.8068999648094177","0.8068999648094177"
"67255","0.8069999814033508","0.8069999814033508","0.8069999814033508"
"67266","0.8068999648094177","0.8068999648094177","0.8068999648094177"
"67277","0.8069999814033508","0.8069999814033508","0.8069999814033508"
"67288","0.8068999648094177","0.8068999648094177","0.8068999648094177"
"67299","0.8069999814033508","0.8069999814033508","0.8069999814033508"
"67310","0.8071999549865723","0.8071999549865723","0.8071999549865723"
"67321","0.8071999549865723","0.8071999549865723","0.8071999549865723"
"67332","0.8073999881744385","0.8073999881744385","0.8073999881744385"
"67343","0.8075999617576599","0.8075999617576599","0.8075999617576599"
"67354","0.8075999617576599","0.8075999617576599","0.8075999617576599"
"67365","0.8077999949455261","0.8077999949455261","0.8077999949455261"
"67376","0.8077999949455261","0.8077999949455261","0.8077999949455261"
"67387","0.8077999949455261","0.8077999949455261","0.8077999949455261"
"67398","0.8078999519348145","0.8078999519348145","0.8078999519348145"
"67409","0.8080999851226807","0.8080999851226807","0.8080999851226807"
"67420","0.8080999851226807","0.8080999851226807","0.8080999851226807"
"67431","0.8080999851226807","0.8080999851226807","0.8080999851226807"
"67442","0.8080999851226807","0.8080999851226807","0.8080999851226807"
"67453","0.8082000017166138","0.8082000017166138","0.8082000017166138"
"67464","0.8082999587059021","0.8082999587059021","0.8082999587059021"
"67475","0.8083999752998352","0.8083999752998352","0.8083999752998352"
"67486","0.8083999752998352","0.8083999752998352","0.8083999752998352"
"67497","0.8086999654769897","0.8086999654769897","0.8086999654769897"
"67508","0.8087999820709229","0.8087999820709229","0.8087999820709229"
"67519","0.808899998664856","0.808899998664856","0.808899998664856"
"67530","0.8087999820709229","0.8087999820709229","0.8087999820709229"
"67541","0.8090999722480774","0.8090999722480774","0.8090999722480774"
"67552","0.8090999722480774","0.8090999722480774","0.8090999722480774"
"67563","0.8091999888420105","0.8091999888420105","0.8091999888420105"
"67574","0.8093000054359436","0.8093000054359436","0.8093000054359436"
"67585","0.8093999624252319","0.8093999624252319","0.8093999624252319"
"67596","0.8093000054359436","0.8093000054359436","0.8093000054359436"
"67607","0.8093000054359436","0.8093000054359436","0.8093000054359436"
"67618","0.8093000054359436","0.8093000054359436","0.8093000054359436"
"67629","0.8090999722480774","0.8090999722480774","0.8090999722480774"
"67640","0.8093999624252319","0.8093999624252319","0.8093999624252319"
"67651","0.809499979019165","0.809499979019165","0.809499979019165"
"67662","0.8098999857902527","0.8098999857902527","0.8098999857902527"
"67673","0.8097999691963196","0.8097999691963196","0.8097999691963196"
"67684","0.8100999593734741","0.8100999593734741","0.8100999593734741"
"67695","0.8101999759674072","0.8101999759674072","0.8101999759674072"
"67706","0.8101999759674072","0.8101999759674072","0.8101999759674072"
"67717","0.8101999759674072","0.8101999759674072","0.8101999759674072"
"67728","0.8104000091552734","0.8104000091552734","0.8104000091552734"
"67739","0.8104999661445618","0.8104999661445618","0.8104999661445618"
"67750","0.8104999661445618","0.8104999661445618","0.8104999661445618"
"67761","0.810699999332428","0.810699999332428","0.810699999332428"
"67772","0.8109999895095825","0.8109999895095825","0.8109999895095825"
"67783","0.8109999895095825","0.8109999895095825","0.8109999895095825"
"67794","0.8111000061035156","0.8111000061035156","0.8111000061035156"
"67805","0.811199963092804","0.811199963092804","0.811199963092804"
"67816","0.8111000061035156","0.8111000061035156","0.8111000061035156"
"67827","0.8114999532699585","0.8114999532699585","0.8114999532699585"
"67838","0.8114999532699585","0.8114999532699585","0.8114999532699585"
"67849","0.8114999532699585","0.8114999532699585","0.8114999532699585"
"67860","0.8116999864578247","0.8116999864578247","0.8116999864578247"
"67871","0.8116999864578247","0.8116999864578247","0.8116999864578247"
"67882","0.8118000030517578","0.8118000030517578","0.8118000030517578"
"67893","0.8118999600410461","0.8118999600410461","0.8118999600410461"
"67904","0.8119999766349792","0.8119999766349792","0.8119999766349792"
"67915","0.8119999766349792","0.8119999766349792","0.8119999766349792"
"67926","0.8121999502182007","0.8121999502182007","0.8121999502182007"
"67937","0.8121999502182007","0.8121999502182007","0.8121999502182007"
"67948","0.8120999932289124","0.8120999932289124","0.8120999932289124"
"67959","0.8121999502182007","0.8121999502182007","0.8121999502182007"
"67970","0.8122999668121338","0.8122999668121338","0.8122999668121338"
"67981","0.8122999668121338","0.8122999668121338","0.8122999668121338"
"67992","0.8123999834060669","0.8123999834060669","0.8123999834060669"
"68003","0.8125999569892883","0.8125999569892883","0.8125999569892883"
"68014","0.8127999901771545","0.8127999901771545","0.8127999901771545"
"68025","0.8125","0.8125","0.8125"
"68036","0.8129000067710876","0.8129000067710876","0.8129000067710876"
"68047","0.8127999901771545","0.8127999901771545","0.8127999901771545"
"68058","0.812999963760376","0.812999963760376","0.812999963760376"
"68069","0.8131999969482422","0.8131999969482422","0.8131999969482422"
"68080","0.8131999969482422","0.8131999969482422","0.8131999969482422"
"68091","0.8130999803543091","0.8130999803543091","0.8130999803543091"
"68102","0.8132999539375305","0.8132999539375305","0.8132999539375305"
"68113","0.8132999539375305","0.8132999539375305","0.8132999539375305"
"68124","0.8131999969482422","0.8131999969482422","0.8131999969482422"
"68135","0.8133999705314636","0.8133999705314636","0.8133999705314636"
"68146","0.8136000037193298","0.8136000037193298","0.8136000037193298"
"68157","0.8134999871253967","0.8134999871253967","0.8134999871253967"
"68168","0.8136000037193298","0.8136000037193298","0.8136000037193298"
"68179","0.8138999938964844","0.8138999938964844","0.8138999938964844"
"68190","0.8138999938964844","0.8138999938964844","0.8138999938964844"
"68201","0.8138999938964844","0.8138999938964844","0.8138999938964844"
"68212","0.8138999938964844","0.8138999938964844","0.8138999938964844"
"68223","0.8138999938964844","0.8138999938964844","0.8138999938964844"
"68234","0.8140999674797058","0.8140999674797058","0.8140999674797058"
"68245","0.8140999674797058","0.8140999674797058","0.8140999674797058"
"68256","0.8143999576568604","0.8143999576568604","0.8143999576568604"
"68267","0.814300000667572","0.814300000667572","0.814300000667572"
"68278","0.8143999576568604","0.8143999576568604","0.8143999576568604"
"68289","0.8143999576568604","0.8143999576568604","0.8143999576568604"
"68300","0.8143999576568604","0.8143999576568604","0.8143999576568604"
"68311","0.8143999576568604","0.8143999576568604","0.8143999576568604"
"68322","0.8147000074386597","0.8147000074386597","0.8147000074386597"
"68333","0.8147000074386597","0.8147000074386597","0.8147000074386597"
"68344","0.8145999908447266","0.8145999908447266","0.8145999908447266"
"68355","0.8147000074386597","0.8147000074386597","0.8147000074386597"
"68366","0.8147000074386597","0.8147000074386597","0.8147000074386597"
"68377","0.8148999810218811","0.8148999810218811","0.8148999810218811"
"68388","0.8148999810218811","0.8148999810218811","0.8148999810218811"
"68399","0.8150999546051025","0.8150999546051025","0.8150999546051025"
"68410","0.8150999546051025","0.8150999546051025","0.8150999546051025"
"68421","0.8150999546051025","0.8150999546051025","0.8150999546051025"
"68432","0.8151999711990356","0.8151999711990356","0.8151999711990356"
"68443","0.8152999877929688","0.8152999877929688","0.8152999877929688"
"68454","0.8152999877929688","0.8152999877929688","0.8152999877929688"
"68465","0.8154000043869019","0.8154000043869019","0.8154000043869019"
"68476","0.8154999613761902","0.8154999613761902","0.8154999613761902"
"68487","0.8154999613761902","0.8154999613761902","0.8154999613761902"
"68498","0.8155999779701233","0.8155999779701233","0.8155999779701233"
"68509","0.8156999945640564","0.8156999945640564","0.8156999945640564"
"68520","0.8156999945640564","0.8156999945640564","0.8156999945640564"
"68531","0.8158999681472778","0.8158999681472778","0.8158999681472778"
"68542","0.8158999681472778","0.8158999681472778","0.8158999681472778"
"68553","0.8159999847412109","0.8159999847412109","0.8159999847412109"
"68564","0.8162999749183655","0.8162999749183655","0.8162999749183655"
"68575","0.8162999749183655","0.8162999749183655","0.8162999749183655"
"68586","0.8161999583244324","0.8161999583244324","0.8161999583244324"
"68597","0.8163999915122986","0.8163999915122986","0.8163999915122986"
"68608","0.8163999915122986","0.8163999915122986","0.8163999915122986"
"68619","0.8165000081062317","0.8165000081062317","0.8165000081062317"
"68630","0.8165000081062317","0.8165000081062317","0.8165000081062317"
"68641","0.8162999749183655","0.8162999749183655","0.8162999749183655"
"68652","0.8163999915122986","0.8163999915122986","0.8163999915122986"
"68663","0.8163999915122986","0.8163999915122986","0.8163999915122986"
"68674","0.8163999915122986","0.8163999915122986","0.8163999915122986"
"68685","0.8163999915122986","0.8163999915122986","0.8163999915122986"
"68696","0.8165000081062317","0.8165000081062317","0.8165000081062317"
"68707","0.8166999816894531","0.8166999816894531","0.8166999816894531"
"68718","0.8167999982833862","0.8167999982833862","0.8167999982833862"
"68729","0.8169999718666077","0.8169999718666077","0.8169999718666077"
"68740","0.8170999884605408","0.8170999884605408","0.8170999884605408"
"68751","0.8172000050544739","0.8172000050544739","0.8172000050544739"
"68762","0.8174999952316284","0.8174999952316284","0.8174999952316284"
"68773","0.8175999522209167","0.8175999522209167","0.8175999522209167"
"68784","0.8175999522209167","0.8175999522209167","0.8175999522209167"
"68795","0.817799985408783","0.817799985408783","0.817799985408783"
"68806","0.8175999522209167","0.8175999522209167","0.8175999522209167"
"68817","0.8176999688148499","0.8176999688148499","0.8176999688148499"
"68828","0.8176999688148499","0.8176999688148499","0.8176999688148499"
"68839","0.8176999688148499","0.8176999688148499","0.8176999688148499"
"68850","0.8175999522209167","0.8175999522209167","0.8175999522209167"
"68861","0.817799985408783","0.817799985408783","0.817799985408783"
"68872","0.817799985408783","0.817799985408783","0.817799985408783"
"68883","0.8179999589920044","0.8179999589920044","0.8179999589920044"
"68894","0.8179000020027161","0.8179000020027161","0.8179000020027161"
"68905","0.8179000020027161","0.8179000020027161","0.8179000020027161"
"68916","0.8179000020027161","0.8179000020027161","0.8179000020027161"
"68927","0.817799985408783","0.817799985408783","0.817799985408783"
"68938","0.8176999688148499","0.8176999688148499","0.8176999688148499"
"68949","0.8179000020027161","0.8179000020027161","0.8179000020027161"
"68960","0.8179000020027161","0.8179000020027161","0.8179000020027161"
"68971","0.8180999755859375","0.8180999755859375","0.8180999755859375"
"68982","0.8180999755859375","0.8180999755859375","0.8180999755859375"
"68993","0.8181999921798706","0.8181999921798706","0.8181999921798706"
"69004","0.8183000087738037","0.8183000087738037","0.8183000087738037"
"69015","0.8183000087738037","0.8183000087738037","0.8183000087738037"
"69026","0.8183000087738037","0.8183000087738037","0.8183000087738037"
"69037","0.8183000087738037","0.8183000087738037","0.8183000087738037"
"69048","0.8185999989509583","0.8185999989509583","0.8185999989509583"
"69059","0.8187999725341797","0.8187999725341797","0.8187999725341797"
"69070","0.8190000057220459","0.8190000057220459","0.8190000057220459"
"69081","0.8190999627113342","0.8190999627113342","0.8190999627113342"
"69092","0.8190000057220459","0.8190000057220459","0.8190000057220459"
"69103","0.8192999958992004","0.8192999958992004","0.8192999958992004"
"69114","0.8190999627113342","0.8190999627113342","0.8190999627113342"
"69125","0.8191999793052673","0.8191999793052673","0.8191999793052673"
"69136","0.8197999596595764","0.8197999596595764","0.8197999596595764"
"69147","0.8197999596595764","0.8197999596595764","0.8197999596595764"
"69158","0.820099949836731","0.820099949836731","0.820099949836731"
"69169","0.8201999664306641","0.8201999664306641","0.8201999664306641"
"69180","0.8201999664306641","0.8201999664306641","0.8201999664306641"
"69191","0.8202999830245972","0.8202999830245972","0.8202999830245972"
"69202","0.8203999996185303","0.8203999996185303","0.8203999996185303"
"69213","0.8202999830245972","0.8202999830245972","0.8202999830245972"
"69224","0.8204999566078186","0.8204999566078186","0.8204999566078186"
"69235","0.8204999566078186","0.8204999566078186","0.8204999566078186"
"69246","0.8206999897956848","0.8206999897956848","0.8206999897956848"
"69257","0.8205999732017517","0.8205999732017517","0.8205999732017517"
"69268","0.8204999566078186","0.8204999566078186","0.8204999566078186"
"69279","0.8206999897956848","0.8206999897956848","0.8206999897956848"
"69290","0.8208999633789062","0.8208999633789062","0.8208999633789062"
"69301","0.8210999965667725","0.8210999965667725","0.8210999965667725"
"69312","0.8211999535560608","0.8211999535560608","0.8211999535560608"
"69323","0.8211999535560608","0.8211999535560608","0.8211999535560608"
"69334","0.8211999535560608","0.8211999535560608","0.8211999535560608"
"69345","0.8210999965667725","0.8210999965667725","0.8210999965667725"
"69356","0.8211999535560608","0.8211999535560608","0.8211999535560608"
"69367","0.8212999701499939","0.8212999701499939","0.8212999701499939"
"69378","0.8215000033378601","0.8215000033378601","0.8215000033378601"
"69389","0.8215000033378601","0.8215000033378601","0.8215000033378601"
"69400","0.8215000033378601","0.8215000033378601","0.8215000033378601"
"69411","0.8215000033378601","0.8215000033378601","0.8215000033378601"
"69422","0.8216999769210815","0.8216999769210815","0.8216999769210815"
"69433","0.8219999670982361","0.8219999670982361","0.8219999670982361"
"69444","0.8219999670982361","0.8219999670982361","0.8219999670982361"
"69455","0.8222000002861023","0.8222000002861023","0.8222000002861023"
"69466","0.8220999836921692","0.8220999836921692","0.8220999836921692"
"69477","0.8223999738693237","0.8223999738693237","0.8223999738693237"
"69488","0.8226000070571899","0.8226000070571899","0.8226000070571899"
"69499","0.8224999904632568","0.8224999904632568","0.8224999904632568"
"69510","0.8227999806404114","0.8227999806404114","0.8227999806404114"
"69521","0.8227999806404114","0.8227999806404114","0.8227999806404114"
"69532","0.8226999640464783","0.8226999640464783","0.8226999640464783"
"69543","0.8226999640464783","0.8226999640464783","0.8226999640464783"
"69554","0.8226000070571899","0.8226000070571899","0.8226000070571899"
"69565","0.8224999904632568","0.8224999904632568","0.8224999904632568"
"69576","0.8226000070571899","0.8226000070571899","0.8226000070571899"
"69587","0.8226000070571899","0.8226000070571899","0.8226000070571899"
"69598","0.8226000070571899","0.8226000070571899","0.8226000070571899"
"69609","0.8226000070571899","0.8226000070571899","0.8226000070571899"
"69620","0.8226999640464783","0.8226999640464783","0.8226999640464783"
"69631","0.8226000070571899","0.8226000070571899","0.8226000070571899"
"69642","0.8226999640464783","0.8226999640464783","0.8226999640464783"
"69653","0.8226999640464783","0.8226999640464783","0.8226999640464783"
"69664","0.8226999640464783","0.8226999640464783","0.8226999640464783"
"69675","0.8227999806404114","0.8227999806404114","0.8227999806404114"
"69686","0.8229999542236328","0.8229999542236328","0.8229999542236328"
"69697","0.8229999542236328","0.8229999542236328","0.8229999542236328"
"69708","0.8230999708175659","0.8230999708175659","0.8230999708175659"
"69719","0.8233000040054321","0.8233000040054321","0.8233000040054321"
"69730","0.8233000040054321","0.8233000040054321","0.8233000040054321"
"69741","0.8234999775886536","0.8234999775886536","0.8234999775886536"
"69752","0.8234999775886536","0.8234999775886536","0.8234999775886536"
"69763","0.8234999775886536","0.8234999775886536","0.8234999775886536"
"69774","0.8233999609947205","0.8233999609947205","0.8233999609947205"
"69785","0.8234999775886536","0.8234999775886536","0.8234999775886536"
"69796","0.8235999941825867","0.8235999941825867","0.8235999941825867"
"69807","0.8237999677658081","0.8237999677658081","0.8237999677658081"
"69818","0.8237999677658081","0.8237999677658081","0.8237999677658081"
"69829","0.823699951171875","0.823699951171875","0.823699951171875"
"69840","0.823699951171875","0.823699951171875","0.823699951171875"
"69851","0.8237999677658081","0.8237999677658081","0.8237999677658081"
"69862","0.8237999677658081","0.8237999677658081","0.8237999677658081"
"69873","0.8237999677658081","0.8237999677658081","0.8237999677658081"
"69884","0.8237999677658081","0.8237999677658081","0.8237999677658081"
"69895","0.8238999843597412","0.8238999843597412","0.8238999843597412"
"69906","0.8238999843597412","0.8238999843597412","0.8238999843597412"
"69917","0.8238999843597412","0.8238999843597412","0.8238999843597412"
"69928","0.8240999579429626","0.8240999579429626","0.8240999579429626"
"69939","0.8240999579429626","0.8240999579429626","0.8240999579429626"
"69950","0.8240999579429626","0.8240999579429626","0.8240999579429626"
"69961","0.8241999745368958","0.8241999745368958","0.8241999745368958"
"69972","0.824400007724762","0.824400007724762","0.824400007724762"
"69983","0.8242999911308289","0.8242999911308289","0.8242999911308289"
"69994","0.8241999745368958","0.8241999745368958","0.8241999745368958"
"70005","0.8241999745368958","0.8241999745368958","0.8241999745368958"
"70016","0.824400007724762","0.824400007724762","0.824400007724762"
"70027","0.824400007724762","0.824400007724762","0.824400007724762"
"70038","0.8245999813079834","0.8245999813079834","0.8245999813079834"
"70049","0.8245999813079834","0.8245999813079834","0.8245999813079834"
"70060","0.8246999979019165","0.8246999979019165","0.8246999979019165"
"70071","0.8245999813079834","0.8245999813079834","0.8245999813079834"
"70082","0.8246999979019165","0.8246999979019165","0.8246999979019165"
"70093","0.8247999548912048","0.8247999548912048","0.8247999548912048"
"70104","0.8246999979019165","0.8246999979019165","0.8246999979019165"
"70115","0.8247999548912048","0.8247999548912048","0.8247999548912048"
"70126","0.8247999548912048","0.8247999548912048","0.8247999548912048"
"70137","0.8251000046730042","0.8251000046730042","0.8251000046730042"
"70148","0.824999988079071","0.824999988079071","0.824999988079071"
"70159","0.8251999616622925","0.8251999616622925","0.8251999616622925"
"70170","0.8252999782562256","0.8252999782562256","0.8252999782562256"
"70181","0.8251999616622925","0.8251999616622925","0.8251999616622925"
"70192","0.825499951839447","0.825499951839447","0.825499951839447"
"70203","0.8258999586105347","0.8258999586105347","0.8258999586105347"
"70214","0.8260999917984009","0.8260999917984009","0.8260999917984009"
"70225","0.8260999917984009","0.8260999917984009","0.8260999917984009"
"70236","0.826200008392334","0.826200008392334","0.826200008392334"
"70247","0.826200008392334","0.826200008392334","0.826200008392334"
"70258","0.8262999653816223","0.8262999653816223","0.8262999653816223"
"70269","0.8260999917984009","0.8260999917984009","0.8260999917984009"
"70280","0.8262999653816223","0.8262999653816223","0.8262999653816223"
"70291","0.8263999819755554","0.8263999819755554","0.8263999819755554"
"70302","0.8264999985694885","0.8264999985694885","0.8264999985694885"
"70313","0.8264999985694885","0.8264999985694885","0.8264999985694885"
"70324","0.8265999555587769","0.8265999555587769","0.8265999555587769"
"70335","0.82669997215271","0.82669997215271","0.82669997215271"
"70346","0.8265999555587769","0.8265999555587769","0.8265999555587769"
"70357","0.8265999555587769","0.8265999555587769","0.8265999555587769"
"70368","0.8265999555587769","0.8265999555587769","0.8265999555587769"
"70379","0.82669997215271","0.82669997215271","0.82669997215271"
"70390","0.82669997215271","0.82669997215271","0.82669997215271"
"70401","0.8265999555587769","0.8265999555587769","0.8265999555587769"
"70412","0.82669997215271","0.82669997215271","0.82669997215271"
"70423","0.82669997215271","0.82669997215271","0.82669997215271"
"70434","0.82669997215271","0.82669997215271","0.82669997215271"
"70445","0.82669997215271","0.82669997215271","0.82669997215271"
"70456","0.8265999555587769","0.8265999555587769","0.8265999555587769"
"70467","0.82669997215271","0.82669997215271","0.82669997215271"
"70478","0.8269000053405762","0.8269000053405762","0.8269000053405762"
"70489","0.8269000053405762","0.8269000053405762","0.8269000053405762"
"70500","0.8269999623298645","0.8269999623298645","0.8269999623298645"
"70511","0.8269999623298645","0.8269999623298645","0.8269999623298645"
"70522","0.8269999623298645","0.8269999623298645","0.8269999623298645"
"70533","0.8269999623298645","0.8269999623298645","0.8269999623298645"
"70544","0.8270999789237976","0.8270999789237976","0.8270999789237976"
"70555","0.8269999623298645","0.8269999623298645","0.8269999623298645"
"70566","0.8270999789237976","0.8270999789237976","0.8270999789237976"
"70577","0.8273999691009521","0.8273999691009521","0.8273999691009521"
"70588","0.8274999856948853","0.8274999856948853","0.8274999856948853"
"70599","0.8273999691009521","0.8273999691009521","0.8273999691009521"
"70610","0.827299952507019","0.827299952507019","0.827299952507019"
"70621","0.8273999691009521","0.8273999691009521","0.8273999691009521"
"70632","0.8276000022888184","0.8276000022888184","0.8276000022888184"
"70643","0.8274999856948853","0.8274999856948853","0.8274999856948853"
"70654","0.8277999758720398","0.8277999758720398","0.8277999758720398"
"70665","0.8277999758720398","0.8277999758720398","0.8277999758720398"
"70676","0.8279999494552612","0.8279999494552612","0.8279999494552612"
"70687","0.8280999660491943","0.8280999660491943","0.8280999660491943"
"70698","0.8281999826431274","0.8281999826431274","0.8281999826431274"
"70709","0.8279999494552612","0.8279999494552612","0.8279999494552612"
"70720","0.828499972820282","0.828499972820282","0.828499972820282"
"70731","0.828499972820282","0.828499972820282","0.828499972820282"
"70742","0.8283999562263489","0.8283999562263489","0.8283999562263489"
"70753","0.8285999894142151","0.8285999894142151","0.8285999894142151"
"70764","0.8285999894142151","0.8285999894142151","0.8285999894142151"
"70775","0.828499972820282","0.828499972820282","0.828499972820282"
"70786","0.8287999629974365","0.8287999629974365","0.8287999629974365"
"70797","0.8288999795913696","0.8288999795913696","0.8288999795913696"
"70808","0.8289999961853027","0.8289999961853027","0.8289999961853027"
"70819","0.8294000029563904","0.8294000029563904","0.8294000029563904"
"70830","0.8294000029563904","0.8294000029563904","0.8294000029563904"
"70841","0.8290999531745911","0.8290999531745911","0.8290999531745911"
"70852","0.8291999697685242","0.8291999697685242","0.8291999697685242"
"70863","0.8292999863624573","0.8292999863624573","0.8292999863624573"
"70874","0.8295999765396118","0.8295999765396118","0.8295999765396118"
"70885","0.8294000029563904","0.8294000029563904","0.8294000029563904"
"70896","0.8295999765396118","0.8295999765396118","0.8295999765396118"
"70907","0.8297999501228333","0.8297999501228333","0.8297999501228333"
"70918","0.8295999765396118","0.8295999765396118","0.8295999765396118"
"70929","0.8294999599456787","0.8294999599456787","0.8294999599456787"
"70940","0.8296999931335449","0.8296999931335449","0.8296999931335449"
"70951","0.8298999667167664","0.8298999667167664","0.8298999667167664"
"70962","0.8301999568939209","0.8301999568939209","0.8301999568939209"
"70973","0.830299973487854","0.830299973487854","0.830299973487854"
"70984","0.8299999833106995","0.8299999833106995","0.8299999833106995"
"70995","0.8297999501228333","0.8297999501228333","0.8297999501228333"
"71006","0.8299999833106995","0.8299999833106995","0.8299999833106995"
"71017","0.8303999900817871","0.8303999900817871","0.8303999900817871"
"71028","0.8301999568939209","0.8301999568939209","0.8301999568939209"
"71039","0.8305000066757202","0.8305000066757202","0.8305000066757202"
"71050","0.8303999900817871","0.8303999900817871","0.8303999900817871"
"71061","0.8305999636650085","0.8305999636650085","0.8305999636650085"
"71072","0.8306999802589417","0.8306999802589417","0.8306999802589417"
"71083","0.8308999538421631","0.8308999538421631","0.8308999538421631"
"71094","0.8309999704360962","0.8309999704360962","0.8309999704360962"
"71105","0.8309999704360962","0.8309999704360962","0.8309999704360962"
"71116","0.8310999870300293","0.8310999870300293","0.8310999870300293"
"71127","0.8312000036239624","0.8312000036239624","0.8312000036239624"
"71138","0.8310999870300293","0.8310999870300293","0.8310999870300293"
"71149","0.8309999704360962","0.8309999704360962","0.8309999704360962"
"71160","0.8310999870300293","0.8310999870300293","0.8310999870300293"
"71171","0.8310999870300293","0.8310999870300293","0.8310999870300293"
"71182","0.8312000036239624","0.8312000036239624","0.8312000036239624"
"71193","0.8312000036239624","0.8312000036239624","0.8312000036239624"
"71204","0.8312000036239624","0.8312000036239624","0.8312000036239624"
"71215","0.8312999606132507","0.8312999606132507","0.8312999606132507"
"71226","0.8313999772071838","0.8313999772071838","0.8313999772071838"
"71237","0.8313999772071838","0.8313999772071838","0.8313999772071838"
"71248","0.8313999772071838","0.8313999772071838","0.8313999772071838"
"71259","0.8314999938011169","0.8314999938011169","0.8314999938011169"
"71270","0.8314999938011169","0.8314999938011169","0.8314999938011169"
"71281","0.8315999507904053","0.8315999507904053","0.8315999507904053"
"71292","0.8314999938011169","0.8314999938011169","0.8314999938011169"
"71303","0.8313999772071838","0.8313999772071838","0.8313999772071838"
"71314","0.8313999772071838","0.8313999772071838","0.8313999772071838"
"71325","0.8313999772071838","0.8313999772071838","0.8313999772071838"
"71336","0.8314999938011169","0.8314999938011169","0.8314999938011169"
"71347","0.8313999772071838","0.8313999772071838","0.8313999772071838"
"71358","0.8315999507904053","0.8315999507904053","0.8315999507904053"
"71369","0.8315999507904053","0.8315999507904053","0.8315999507904053"
"71380","0.8316999673843384","0.8316999673843384","0.8316999673843384"
"71391","0.8316999673843384","0.8316999673843384","0.8316999673843384"
"71402","0.8319999575614929","0.8319999575614929","0.8319999575614929"
"71413","0.8319000005722046","0.8319000005722046","0.8319000005722046"
"71424","0.8319999575614929","0.8319999575614929","0.8319999575614929"
"71435","0.832099974155426","0.832099974155426","0.832099974155426"
"71446","0.832099974155426","0.832099974155426","0.832099974155426"
"71457","0.8323000073432922","0.8323000073432922","0.8323000073432922"
"71468","0.8323000073432922","0.8323000073432922","0.8323000073432922"
"71479","0.8321999907493591","0.8321999907493591","0.8321999907493591"
"71490","0.832099974155426","0.832099974155426","0.832099974155426"
"71501","0.8323000073432922","0.8323000073432922","0.8323000073432922"
"71512","0.8323000073432922","0.8323000073432922","0.8323000073432922"
"71523","0.8323999643325806","0.8323999643325806","0.8323999643325806"
"71534","0.8323999643325806","0.8323999643325806","0.8323999643325806"
"71545","0.8325999975204468","0.8325999975204468","0.8325999975204468"
"71556","0.8325999975204468","0.8325999975204468","0.8325999975204468"
"71567","0.8330000042915344","0.8330000042915344","0.8330000042915344"
"71578","0.8328999876976013","0.8328999876976013","0.8328999876976013"
"71589","0.8331999778747559","0.8331999778747559","0.8331999778747559"
"71600","0.8330000042915344","0.8330000042915344","0.8330000042915344"
"71611","0.8331999778747559","0.8331999778747559","0.8331999778747559"
"71622","0.833299994468689","0.833299994468689","0.833299994468689"
"71633","0.8334999680519104","0.8334999680519104","0.8334999680519104"
"71644","0.833299994468689","0.833299994468689","0.833299994468689"
"71655","0.833299994468689","0.833299994468689","0.833299994468689"
"71666","0.833299994468689","0.833299994468689","0.833299994468689"
"71677","0.833299994468689","0.833299994468689","0.833299994468689"
"71688","0.833299994468689","0.833299994468689","0.833299994468689"
"71699","0.833299994468689","0.833299994468689","0.833299994468689"
"71710","0.8333999514579773","0.8333999514579773","0.8333999514579773"
"71721","0.8333999514579773","0.8333999514579773","0.8333999514579773"
"71732","0.8335999846458435","0.8335999846458435","0.8335999846458435"
"71743","0.8337000012397766","0.8337000012397766","0.8337000012397766"
"71754","0.833899974822998","0.833899974822998","0.833899974822998"
"71765","0.8339999914169312","0.8339999914169312","0.8339999914169312"
"71776","0.833899974822998","0.833899974822998","0.833899974822998"
"71787","0.8339999914169312","0.8339999914169312","0.8339999914169312"
"71798","0.8339999914169312","0.8339999914169312","0.8339999914169312"
"71809","0.8341000080108643","0.8341000080108643","0.8341000080108643"
"71820","0.8341999650001526","0.8341999650001526","0.8341999650001526"
"71831","0.8344999551773071","0.8344999551773071","0.8344999551773071"
"71842","0.8345999717712402","0.8345999717712402","0.8345999717712402"
"71853","0.8342999815940857","0.8342999815940857","0.8342999815940857"
"71864","0.8343999981880188","0.8343999981880188","0.8343999981880188"
"71875","0.8345999717712402","0.8345999717712402","0.8345999717712402"
"71886","0.8346999883651733","0.8346999883651733","0.8346999883651733"
"71897","0.8346999883651733","0.8346999883651733","0.8346999883651733"
"71908","0.8345999717712402","0.8345999717712402","0.8345999717712402"
"71919","0.8345999717712402","0.8345999717712402","0.8345999717712402"
"71930","0.8348999619483948","0.8348999619483948","0.8348999619483948"
"71941","0.8349999785423279","0.8349999785423279","0.8349999785423279"
"71952","0.835099995136261","0.835099995136261","0.835099995136261"
"71963","0.8352999687194824","0.8352999687194824","0.8352999687194824"
"71974","0.8352999687194824","0.8352999687194824","0.8352999687194824"
"71985","0.8352999687194824","0.8352999687194824","0.8352999687194824"
"71996","0.8352999687194824","0.8352999687194824","0.8352999687194824"
"72007","0.835599958896637","0.835599958896637","0.835599958896637"
"72018","0.835599958896637","0.835599958896637","0.835599958896637"
"72029","0.8359000086784363","0.8359000086784363","0.8359000086784363"
"72040","0.8357999920845032","0.8357999920845032","0.8357999920845032"
"72051","0.8361999988555908","0.8361999988555908","0.8361999988555908"
"72062","0.8360999822616577","0.8360999822616577","0.8360999822616577"
"72073","0.8359000086784363","0.8359000086784363","0.8359000086784363"
"72084","0.8360999822616577","0.8360999822616577","0.8360999822616577"
"72095","0.8360999822616577","0.8360999822616577","0.8360999822616577"
"72106","0.8359999656677246","0.8359999656677246","0.8359999656677246"
"72117","0.8360999822616577","0.8360999822616577","0.8360999822616577"
"72128","0.8360999822616577","0.8360999822616577","0.8360999822616577"
"72139","0.8361999988555908","0.8361999988555908","0.8361999988555908"
"72150","0.8359999656677246","0.8359999656677246","0.8359999656677246"
"72161","0.8360999822616577","0.8360999822616577","0.8360999822616577"
"72172","0.8361999988555908","0.8361999988555908","0.8361999988555908"
"72183","0.8362999558448792","0.8362999558448792","0.8362999558448792"
"72194","0.8361999988555908","0.8361999988555908","0.8361999988555908"
"72205","0.8362999558448792","0.8362999558448792","0.8362999558448792"
"72216","0.8362999558448792","0.8362999558448792","0.8362999558448792"
"72227","0.8360999822616577","0.8360999822616577","0.8360999822616577"
"72238","0.8361999988555908","0.8361999988555908","0.8361999988555908"
"72249","0.8363999724388123","0.8363999724388123","0.8363999724388123"
"72260","0.8363999724388123","0.8363999724388123","0.8363999724388123"
"72271","0.8363999724388123","0.8363999724388123","0.8363999724388123"
"72282","0.8364999890327454","0.8364999890327454","0.8364999890327454"
"72293","0.8364999890327454","0.8364999890327454","0.8364999890327454"
"72304","0.8364999890327454","0.8364999890327454","0.8364999890327454"
"72315","0.8363999724388123","0.8363999724388123","0.8363999724388123"
"72326","0.8364999890327454","0.8364999890327454","0.8364999890327454"
"72337","0.8366000056266785","0.8366000056266785","0.8366000056266785"
"72348","0.8366000056266785","0.8366000056266785","0.8366000056266785"
"72359","0.8366000056266785","0.8366000056266785","0.8366000056266785"
"72370","0.8366000056266785","0.8366000056266785","0.8366000056266785"
"72381","0.8366999626159668","0.8366999626159668","0.8366999626159668"
"72392","0.8366999626159668","0.8366999626159668","0.8366999626159668"
"72403","0.8367999792098999","0.8367999792098999","0.8367999792098999"
"72414","0.8367999792098999","0.8367999792098999","0.8367999792098999"
"72425","0.8367999792098999","0.8367999792098999","0.8367999792098999"
"72436","0.836899995803833","0.836899995803833","0.836899995803833"
"72447","0.8369999527931213","0.8369999527931213","0.8369999527931213"
"72458","0.8369999527931213","0.8369999527931213","0.8369999527931213"
"72469","0.8369999527931213","0.8369999527931213","0.8369999527931213"
"72480","0.8369999527931213","0.8369999527931213","0.8369999527931213"
"72491","0.8370999693870544","0.8370999693870544","0.8370999693870544"
"72502","0.8370999693870544","0.8370999693870544","0.8370999693870544"
"72513","0.8370999693870544","0.8370999693870544","0.8370999693870544"
"72524","0.8373000025749207","0.8373000025749207","0.8373000025749207"
"72535","0.8374999761581421","0.8374999761581421","0.8374999761581421"
"72546","0.8374999761581421","0.8374999761581421","0.8374999761581421"
"72557","0.837399959564209","0.837399959564209","0.837399959564209"
"72568","0.8375999927520752","0.8375999927520752","0.8375999927520752"
"72579","0.8376999497413635","0.8376999497413635","0.8376999497413635"
"72590","0.8377999663352966","0.8377999663352966","0.8377999663352966"
"72601","0.8377999663352966","0.8377999663352966","0.8377999663352966"
"72612","0.8377999663352966","0.8377999663352966","0.8377999663352966"
"72623","0.8377999663352966","0.8377999663352966","0.8377999663352966"
"72634","0.8377999663352966","0.8377999663352966","0.8377999663352966"
"72645","0.8377999663352966","0.8377999663352966","0.8377999663352966"
"72656","0.8378999829292297","0.8378999829292297","0.8378999829292297"
"72667","0.8380999565124512","0.8380999565124512","0.8380999565124512"
"72678","0.8380999565124512","0.8380999565124512","0.8380999565124512"
"72689","0.8379999995231628","0.8379999995231628","0.8379999995231628"
"72700","0.8379999995231628","0.8379999995231628","0.8379999995231628"
"72711","0.8379999995231628","0.8379999995231628","0.8379999995231628"
"72722","0.8380999565124512","0.8380999565124512","0.8380999565124512"
"72733","0.8382999897003174","0.8382999897003174","0.8382999897003174"
"72744","0.8382999897003174","0.8382999897003174","0.8382999897003174"
"72755","0.8385999798774719","0.8385999798774719","0.8385999798774719"
"72766","0.8387999534606934","0.8387999534606934","0.8387999534606934"
"72777","0.8387999534606934","0.8387999534606934","0.8387999534606934"
"72788","0.8388999700546265","0.8388999700546265","0.8388999700546265"
"72799","0.8392999768257141","0.8392999768257141","0.8392999768257141"
"72810","0.839199960231781","0.839199960231781","0.839199960231781"
"72821","0.8392999768257141","0.8392999768257141","0.8392999768257141"
"72832","0.8395999670028687","0.8395999670028687","0.8395999670028687"
"72843","0.8396999835968018","0.8396999835968018","0.8396999835968018"
"72854","0.8394999504089355","0.8394999504089355","0.8394999504089355"
"72865","0.8395999670028687","0.8395999670028687","0.8395999670028687"
"72876","0.8398000001907349","0.8398000001907349","0.8398000001907349"
"72887","0.8398000001907349","0.8398000001907349","0.8398000001907349"
"72898","0.8398000001907349","0.8398000001907349","0.8398000001907349"
"72909","0.8396999835968018","0.8396999835968018","0.8396999835968018"
"72920","0.8398999571800232","0.8398999571800232","0.8398999571800232"
"72931","0.8398000001907349","0.8398000001907349","0.8398000001907349"
"72942","0.8398999571800232","0.8398999571800232","0.8398999571800232"
"72953","0.8402000069618225","0.8402000069618225","0.8402000069618225"
"72964","0.8402000069618225","0.8402000069618225","0.8402000069618225"
"72975","0.8402999639511108","0.8402999639511108","0.8402999639511108"
"72986","0.8402999639511108","0.8402999639511108","0.8402999639511108"
"72997","0.840399980545044","0.840399980545044","0.840399980545044"
"73008","0.840399980545044","0.840399980545044","0.840399980545044"
"73019","0.840499997138977","0.840499997138977","0.840499997138977"
"73030","0.840499997138977","0.840499997138977","0.840499997138977"
"73041","0.8407999873161316","0.8407999873161316","0.8407999873161316"
"73052","0.8409000039100647","0.8409000039100647","0.8409000039100647"
"73063","0.8407999873161316","0.8407999873161316","0.8407999873161316"
"73074","0.8407999873161316","0.8407999873161316","0.8407999873161316"
"73085","0.8409000039100647","0.8409000039100647","0.8409000039100647"
"73096","0.8411999940872192","0.8411999940872192","0.8411999940872192"
"73107","0.8411999940872192","0.8411999940872192","0.8411999940872192"
"73118","0.8412999510765076","0.8412999510765076","0.8412999510765076"
"73129","0.8411999940872192","0.8411999940872192","0.8411999940872192"
"73140","0.8411999940872192","0.8411999940872192","0.8411999940872192"
"73151","0.8411999940872192","0.8411999940872192","0.8411999940872192"
"73162","0.8412999510765076","0.8412999510765076","0.8412999510765076"
"73173","0.8414999842643738","0.8414999842643738","0.8414999842643738"
"73184","0.8414999842643738","0.8414999842643738","0.8414999842643738"
"73195","0.8416999578475952","0.8416999578475952","0.8416999578475952"
"73206","0.8418999910354614","0.8418999910354614","0.8418999910354614"
"73217","0.8417999744415283","0.8417999744415283","0.8417999744415283"
"73228","0.8417999744415283","0.8417999744415283","0.8417999744415283"
"73239","0.8418999910354614","0.8418999910354614","0.8418999910354614"
"73250","0.8416999578475952","0.8416999578475952","0.8416999578475952"
"73261","0.8418999910354614","0.8418999910354614","0.8418999910354614"
"73272","0.842199981212616","0.842199981212616","0.842199981212616"
"73283","0.842199981212616","0.842199981212616","0.842199981212616"
"73294","0.8422999978065491","0.8422999978065491","0.8422999978065491"
"73305","0.8422999978065491","0.8422999978065491","0.8422999978065491"
"73316","0.8422999978065491","0.8422999978065491","0.8422999978065491"
"73327","0.842199981212616","0.842199981212616","0.842199981212616"
"73338","0.8422999978065491","0.8422999978065491","0.8422999978065491"
"73349","0.8422999978065491","0.8422999978065491","0.8422999978065491"
"73360","0.842199981212616","0.842199981212616","0.842199981212616"
"73371","0.842199981212616","0.842199981212616","0.842199981212616"
"73382","0.842199981212616","0.842199981212616","0.842199981212616"
"73393","0.8420999646186829","0.8420999646186829","0.8420999646186829"
"73404","0.842199981212616","0.842199981212616","0.842199981212616"
"73415","0.842199981212616","0.842199981212616","0.842199981212616"
"73426","0.8422999978065491","0.8422999978065491","0.8422999978065491"
"73437","0.8423999547958374","0.8423999547958374","0.8423999547958374"
"73448","0.8424999713897705","0.8424999713897705","0.8424999713897705"
"73459","0.8425999879837036","0.8425999879837036","0.8425999879837036"
"73470","0.8427000045776367","0.8427000045776367","0.8427000045776367"
"73481","0.842799961566925","0.842799961566925","0.842799961566925"
"73492","0.8428999781608582","0.8428999781608582","0.8428999781608582"
"73503","0.8429999947547913","0.8429999947547913","0.8429999947547913"
"73514","0.8429999947547913","0.8429999947547913","0.8429999947547913"
"73525","0.8430999517440796","0.8430999517440796","0.8430999517440796"
"73536","0.8431999683380127","0.8431999683380127","0.8431999683380127"
"73547","0.8432999849319458","0.8432999849319458","0.8432999849319458"
"73558","0.8431999683380127","0.8431999683380127","0.8431999683380127"
"73569","0.8431999683380127","0.8431999683380127","0.8431999683380127"
"73580","0.8431999683380127","0.8431999683380127","0.8431999683380127"
"73591","0.8432999849319458","0.8432999849319458","0.8432999849319458"
"73602","0.8432999849319458","0.8432999849319458","0.8432999849319458"
"73613","0.8431999683380127","0.8431999683380127","0.8431999683380127"
"73624","0.8432999849319458","0.8432999849319458","0.8432999849319458"
"73635","0.8432999849319458","0.8432999849319458","0.8432999849319458"
"73646","0.8432999849319458","0.8432999849319458","0.8432999849319458"
"73657","0.8432999849319458","0.8432999849319458","0.8432999849319458"
"73668","0.8432999849319458","0.8432999849319458","0.8432999849319458"
"73679","0.8432999849319458","0.8432999849319458","0.8432999849319458"
"73690","0.8432999849319458","0.8432999849319458","0.8432999849319458"
"73701","0.8434999585151672","0.8434999585151672","0.8434999585151672"
"73712","0.8435999751091003","0.8435999751091003","0.8435999751091003"
"73723","0.8438000082969666","0.8438000082969666","0.8438000082969666"
"73734","0.8438999652862549","0.8438999652862549","0.8438999652862549"
"73745","0.843999981880188","0.843999981880188","0.843999981880188"
"73756","0.843999981880188","0.843999981880188","0.843999981880188"
"73767","0.8442999720573425","0.8442999720573425","0.8442999720573425"
"73778","0.8441999554634094","0.8441999554634094","0.8441999554634094"
"73789","0.8443999886512756","0.8443999886512756","0.8443999886512756"
"73800","0.8443999886512756","0.8443999886512756","0.8443999886512756"
"73811","0.8442999720573425","0.8442999720573425","0.8442999720573425"
"73822","0.8443999886512756","0.8443999886512756","0.8443999886512756"
"73833","0.8442999720573425","0.8442999720573425","0.8442999720573425"
"73844","0.8443999886512756","0.8443999886512756","0.8443999886512756"
"73855","0.8445000052452087","0.8445000052452087","0.8445000052452087"
"73866","0.8445999622344971","0.8445999622344971","0.8445999622344971"
"73877","0.8448999524116516","0.8448999524116516","0.8448999524116516"
"73888","0.8450999855995178","0.8450999855995178","0.8450999855995178"
"73899","0.8452000021934509","0.8452000021934509","0.8452000021934509"
"73910","0.8450999855995178","0.8450999855995178","0.8450999855995178"
"73921","0.8452000021934509","0.8452000021934509","0.8452000021934509"
"73932","0.8452999591827393","0.8452999591827393","0.8452999591827393"
"73943","0.8452000021934509","0.8452000021934509","0.8452000021934509"
"73954","0.8454999923706055","0.8454999923706055","0.8454999923706055"
"73965","0.8452999591827393","0.8452999591827393","0.8452999591827393"
"73976","0.8453999757766724","0.8453999757766724","0.8453999757766724"
"73987","0.8454999923706055","0.8454999923706055","0.8454999923706055"
"73998","0.8454999923706055","0.8454999923706055","0.8454999923706055"
"74009","0.8454999923706055","0.8454999923706055","0.8454999923706055"
"74020","0.84579998254776","0.84579998254776","0.84579998254776"
"74031","0.8456999659538269","0.8456999659538269","0.8456999659538269"
"74042","0.8458999991416931","0.8458999991416931","0.8458999991416931"
"74053","0.8458999991416931","0.8458999991416931","0.8458999991416931"
"74064","0.8458999991416931","0.8458999991416931","0.8458999991416931"
"74075","0.8456999659538269","0.8456999659538269","0.8456999659538269"
"74086","0.8458999991416931","0.8458999991416931","0.8458999991416931"
"74097","0.8459999561309814","0.8459999561309814","0.8459999561309814"
"74108","0.8460999727249146","0.8460999727249146","0.8460999727249146"
"74119","0.8459999561309814","0.8459999561309814","0.8459999561309814"
"74130","0.8461999893188477","0.8461999893188477","0.8461999893188477"
"74141","0.8463999629020691","0.8463999629020691","0.8463999629020691"
"74152","0.8461999893188477","0.8461999893188477","0.8461999893188477"
"74163","0.8461999893188477","0.8461999893188477","0.8461999893188477"
"74174","0.8463000059127808","0.8463000059127808","0.8463000059127808"
"74185","0.8465999960899353","0.8465999960899353","0.8465999960899353"
"74196","0.8465999960899353","0.8465999960899353","0.8465999960899353"
"74207","0.8466999530792236","0.8466999530792236","0.8466999530792236"
"74218","0.8468999862670898","0.8468999862670898","0.8468999862670898"
"74229","0.8468999862670898","0.8468999862670898","0.8468999862670898"
"74240","0.8468999862670898","0.8468999862670898","0.8468999862670898"
"74251","0.847000002861023","0.847000002861023","0.847000002861023"
"74262","0.8471999764442444","0.8471999764442444","0.8471999764442444"
"74273","0.8470999598503113","0.8470999598503113","0.8470999598503113"
"74284","0.8470999598503113","0.8470999598503113","0.8470999598503113"
"74295","0.8470999598503113","0.8470999598503113","0.8470999598503113"
"74306","0.8471999764442444","0.8471999764442444","0.8471999764442444"
"74317","0.8472999930381775","0.8472999930381775","0.8472999930381775"
"74328","0.8473999500274658","0.8473999500274658","0.8473999500274658"
"74339","0.8472999930381775","0.8472999930381775","0.8472999930381775"
"74350","0.8474999666213989","0.8474999666213989","0.8474999666213989"
"74361","0.8474999666213989","0.8474999666213989","0.8474999666213989"
"74372","0.8472999930381775","0.8472999930381775","0.8472999930381775"
"74383","0.8473999500274658","0.8473999500274658","0.8473999500274658"
"74394","0.8474999666213989","0.8474999666213989","0.8474999666213989"
"74405","0.8474999666213989","0.8474999666213989","0.8474999666213989"
"74416","0.8474999666213989","0.8474999666213989","0.8474999666213989"
"74427","0.8474999666213989","0.8474999666213989","0.8474999666213989"
"74438","0.8474999666213989","0.8474999666213989","0.8474999666213989"
"74449","0.8476999998092651","0.8476999998092651","0.8476999998092651"
"74460","0.8479999899864197","0.8479999899864197","0.8479999899864197"
"74471","0.8478999733924866","0.8478999733924866","0.8478999733924866"
"74482","0.8479999899864197","0.8479999899864197","0.8479999899864197"
"74493","0.8479999899864197","0.8479999899864197","0.8479999899864197"
"74504","0.8481000065803528","0.8481000065803528","0.8481000065803528"
"74515","0.8481999635696411","0.8481999635696411","0.8481999635696411"
"74526","0.8483999967575073","0.8483999967575073","0.8483999967575073"
"74537","0.8483999967575073","0.8483999967575073","0.8483999967575073"
"74548","0.8484999537467957","0.8484999537467957","0.8484999537467957"
"74559","0.8484999537467957","0.8484999537467957","0.8484999537467957"
"74570","0.8483999967575073","0.8483999967575073","0.8483999967575073"
"74581","0.8484999537467957","0.8484999537467957","0.8484999537467957"
"74592","0.848800003528595","0.848800003528595","0.848800003528595"
"74603","0.848800003528595","0.848800003528595","0.848800003528595"
"74614","0.848800003528595","0.848800003528595","0.848800003528595"
"74625","0.8486999869346619","0.8486999869346619","0.8486999869346619"
"74636","0.8488999605178833","0.8488999605178833","0.8488999605178833"
"74647","0.848800003528595","0.848800003528595","0.848800003528595"
"74658","0.8489999771118164","0.8489999771118164","0.8489999771118164"
"74669","0.8490999937057495","0.8490999937057495","0.8490999937057495"
"74680","0.8491999506950378","0.8491999506950378","0.8491999506950378"
"74691","0.8491999506950378","0.8491999506950378","0.8491999506950378"
"74702","0.8495000004768372","0.8495000004768372","0.8495000004768372"
"74713","0.8495000004768372","0.8495000004768372","0.8495000004768372"
"74724","0.849299967288971","0.849299967288971","0.849299967288971"
"74735","0.849299967288971","0.849299967288971","0.849299967288971"
"74746","0.849399983882904","0.849399983882904","0.849399983882904"
"74757","0.8495000004768372","0.8495000004768372","0.8495000004768372"
"74768","0.8495000004768372","0.8495000004768372","0.8495000004768372"
"74779","0.849399983882904","0.849399983882904","0.849399983882904"
"74790","0.8495000004768372","0.8495000004768372","0.8495000004768372"
"74801","0.8495000004768372","0.8495000004768372","0.8495000004768372"
"74812","0.8495999574661255","0.8495999574661255","0.8495999574661255"
"74823","0.8495999574661255","0.8495999574661255","0.8495999574661255"
"74834","0.8495000004768372","0.8495000004768372","0.8495000004768372"
"74845","0.8495999574661255","0.8495999574661255","0.8495999574661255"
"74856","0.8495999574661255","0.8495999574661255","0.8495999574661255"
"74867","0.8495999574661255","0.8495999574661255","0.8495999574661255"
"74878","0.8495999574661255","0.8495999574661255","0.8495999574661255"
"74889","0.8495999574661255","0.8495999574661255","0.8495999574661255"
"74900","0.8495999574661255","0.8495999574661255","0.8495999574661255"
"74911","0.8496999740600586","0.8496999740600586","0.8496999740600586"
"74922","0.8497999906539917","0.8497999906539917","0.8497999906539917"
"74933","0.8497999906539917","0.8497999906539917","0.8497999906539917"
"74944","0.8499999642372131","0.8499999642372131","0.8499999642372131"
"74955","0.8499000072479248","0.8499000072479248","0.8499000072479248"
"74966","0.8500999808311462","0.8500999808311462","0.8500999808311462"
"74977","0.8501999974250793","0.8501999974250793","0.8501999974250793"
"74988","0.8501999974250793","0.8501999974250793","0.8501999974250793"
"74999","0.8501999974250793","0.8501999974250793","0.8501999974250793"
"75010","0.8501999974250793","0.8501999974250793","0.8501999974250793"
"75021","0.8502999544143677","0.8502999544143677","0.8502999544143677"
"75032","0.8503999710083008","0.8503999710083008","0.8503999710083008"
"75043","0.8504999876022339","0.8504999876022339","0.8504999876022339"
"75054","0.850600004196167","0.850600004196167","0.850600004196167"
"75065","0.850600004196167","0.850600004196167","0.850600004196167"
"75076","0.850600004196167","0.850600004196167","0.850600004196167"
"75087","0.850600004196167","0.850600004196167","0.850600004196167"
"75098","0.8507999777793884","0.8507999777793884","0.8507999777793884"
"75109","0.8507999777793884","0.8507999777793884","0.8507999777793884"
"75120","0.8509999513626099","0.8509999513626099","0.8509999513626099"
"75131","0.8509999513626099","0.8509999513626099","0.8509999513626099"
"75142","0.851099967956543","0.851099967956543","0.851099967956543"
"75153","0.8509999513626099","0.8509999513626099","0.8509999513626099"
"75164","0.8509999513626099","0.8509999513626099","0.8509999513626099"
"75175","0.8509999513626099","0.8509999513626099","0.8509999513626099"
"75186","0.8511999845504761","0.8511999845504761","0.8511999845504761"
"75197","0.8513000011444092","0.8513000011444092","0.8513000011444092"
"75208","0.8513000011444092","0.8513000011444092","0.8513000011444092"
"75219","0.8513999581336975","0.8513999581336975","0.8513999581336975"
"75230","0.8514999747276306","0.8514999747276306","0.8514999747276306"
"75241","0.8514999747276306","0.8514999747276306","0.8514999747276306"
"75252","0.8514999747276306","0.8514999747276306","0.8514999747276306"
"75263","0.8514999747276306","0.8514999747276306","0.8514999747276306"
"75274","0.8514999747276306","0.8514999747276306","0.8514999747276306"
"75285","0.8514999747276306","0.8514999747276306","0.8514999747276306"
"75296","0.8514999747276306","0.8514999747276306","0.8514999747276306"
"75307","0.8515999913215637","0.8515999913215637","0.8515999913215637"
"75318","0.8515999913215637","0.8515999913215637","0.8515999913215637"
"75329","0.8517000079154968","0.8517000079154968","0.8517000079154968"
"75340","0.8518999814987183","0.8518999814987183","0.8518999814987183"
"75351","0.8520999550819397","0.8520999550819397","0.8520999550819397"
"75362","0.8520999550819397","0.8520999550819397","0.8520999550819397"
"75373","0.8520999550819397","0.8520999550819397","0.8520999550819397"
"75384","0.8520999550819397","0.8520999550819397","0.8520999550819397"
"75395","0.8521999716758728","0.8521999716758728","0.8521999716758728"
"75406","0.8521999716758728","0.8521999716758728","0.8521999716758728"
"75417","0.8521999716758728","0.8521999716758728","0.8521999716758728"
"75428","0.852400004863739","0.852400004863739","0.852400004863739"
"75439","0.8524999618530273","0.8524999618530273","0.8524999618530273"
"75450","0.852400004863739","0.852400004863739","0.852400004863739"
"75461","0.8524999618530273","0.8524999618530273","0.8524999618530273"
"75472","0.8525999784469604","0.8525999784469604","0.8525999784469604"
"75483","0.8526999950408936","0.8526999950408936","0.8526999950408936"
"75494","0.8526999950408936","0.8526999950408936","0.8526999950408936"
"75505","0.8526999950408936","0.8526999950408936","0.8526999950408936"
"75516","0.8526999950408936","0.8526999950408936","0.8526999950408936"
"75527","0.8526999950408936","0.8526999950408936","0.8526999950408936"
"75538","0.8527999520301819","0.8527999520301819","0.8527999520301819"
"75549","0.8526999950408936","0.8526999950408936","0.8526999950408936"
"75560","0.8526999950408936","0.8526999950408936","0.8526999950408936"
"75571","0.852899968624115","0.852899968624115","0.852899968624115"
"75582","0.852899968624115","0.852899968624115","0.852899968624115"
"75593","0.852899968624115","0.852899968624115","0.852899968624115"
"75604","0.8527999520301819","0.8527999520301819","0.8527999520301819"
"75615","0.8527999520301819","0.8527999520301819","0.8527999520301819"
"75626","0.8527999520301819","0.8527999520301819","0.8527999520301819"
"75637","0.8527999520301819","0.8527999520301819","0.8527999520301819"
"75648","0.8527999520301819","0.8527999520301819","0.8527999520301819"
"75659","0.8527999520301819","0.8527999520301819","0.8527999520301819"
"75670","0.8527999520301819","0.8527999520301819","0.8527999520301819"
"75681","0.852899968624115","0.852899968624115","0.852899968624115"
"75692","0.8531000018119812","0.8531000018119812","0.8531000018119812"
"75703","0.8533999919891357","0.8533999919891357","0.8533999919891357"
"75714","0.8531999588012695","0.8531999588012695","0.8531999588012695"
"75725","0.8531999588012695","0.8531999588012695","0.8531999588012695"
"75736","0.8531000018119812","0.8531000018119812","0.8531000018119812"
"75747","0.8531999588012695","0.8531999588012695","0.8531999588012695"
"75758","0.8534999489784241","0.8534999489784241","0.8534999489784241"
"75769","0.8533999919891357","0.8533999919891357","0.8533999919891357"
"75780","0.8532999753952026","0.8532999753952026","0.8532999753952026"
"75791","0.8532999753952026","0.8532999753952026","0.8532999753952026"
"75802","0.8533999919891357","0.8533999919891357","0.8533999919891357"
"75813","0.8534999489784241","0.8534999489784241","0.8534999489784241"
"75824","0.8534999489784241","0.8534999489784241","0.8534999489784241"
"75835","0.8535999655723572","0.8535999655723572","0.8535999655723572"
"75846","0.8535999655723572","0.8535999655723572","0.8535999655723572"
"75857","0.8536999821662903","0.8536999821662903","0.8536999821662903"
"75868","0.8536999821662903","0.8536999821662903","0.8536999821662903"
"75879","0.8537999987602234","0.8537999987602234","0.8537999987602234"
"75890","0.8537999987602234","0.8537999987602234","0.8537999987602234"
"75901","0.8538999557495117","0.8538999557495117","0.8538999557495117"
"75912","0.8539999723434448","0.8539999723434448","0.8539999723434448"
"75923","0.8539999723434448","0.8539999723434448","0.8539999723434448"
"75934","0.8540999889373779","0.8540999889373779","0.8540999889373779"
"75945","0.8540999889373779","0.8540999889373779","0.8540999889373779"
"75956","0.8540999889373779","0.8540999889373779","0.8540999889373779"
"75967","0.8540999889373779","0.8540999889373779","0.8540999889373779"
"75978","0.8540999889373779","0.8540999889373779","0.8540999889373779"
"75989","0.8540999889373779","0.8540999889373779","0.8540999889373779"
"76000","0.8539999723434448","0.8539999723434448","0.8539999723434448"
"76011","0.8540999889373779","0.8540999889373779","0.8540999889373779"
"76022","0.854200005531311","0.854200005531311","0.854200005531311"
"76033","0.8542999625205994","0.8542999625205994","0.8542999625205994"
"76044","0.8542999625205994","0.8542999625205994","0.8542999625205994"
"76055","0.8544999957084656","0.8544999957084656","0.8544999957084656"
"76066","0.8545999526977539","0.8545999526977539","0.8545999526977539"
"76077","0.854699969291687","0.854699969291687","0.854699969291687"
"76088","0.8543999791145325","0.8543999791145325","0.8543999791145325"
"76099","0.854699969291687","0.854699969291687","0.854699969291687"
"76110","0.8549000024795532","0.8549000024795532","0.8549000024795532"
"76121","0.8549999594688416","0.8549999594688416","0.8549999594688416"
"76132","0.8549999594688416","0.8549999594688416","0.8549999594688416"
"76143","0.8549999594688416","0.8549999594688416","0.8549999594688416"
"76154","0.8549999594688416","0.8549999594688416","0.8549999594688416"
"76165","0.8550999760627747","0.8550999760627747","0.8550999760627747"
"76176","0.8551999926567078","0.8551999926567078","0.8551999926567078"
"76187","0.8550999760627747","0.8550999760627747","0.8550999760627747"
"76198","0.8551999926567078","0.8551999926567078","0.8551999926567078"
"76209","0.8551999926567078","0.8551999926567078","0.8551999926567078"
"76220","0.8551999926567078","0.8551999926567078","0.8551999926567078"
"76231","0.8557999730110168","0.8557999730110168","0.8557999730110168"
"76242","0.8554999828338623","0.8554999828338623","0.8554999828338623"
"76253","0.8556999564170837","0.8556999564170837","0.8556999564170837"
"76264","0.8556999564170837","0.8556999564170837","0.8556999564170837"
"76275","0.8560999631881714","0.8560999631881714","0.8560999631881714"
"76286","0.8560999631881714","0.8560999631881714","0.8560999631881714"
"76297","0.8560000061988831","0.8560000061988831","0.8560000061988831"
"76308","0.8560000061988831","0.8560000061988831","0.8560000061988831"
"76319","0.8560000061988831","0.8560000061988831","0.8560000061988831"
"76330","0.8560999631881714","0.8560999631881714","0.8560999631881714"
"76341","0.8560999631881714","0.8560999631881714","0.8560999631881714"
"76352","0.8560999631881714","0.8560999631881714","0.8560999631881714"
"76363","0.8561999797821045","0.8561999797821045","0.8561999797821045"
"76374","0.8561999797821045","0.8561999797821045","0.8561999797821045"
"76385","0.8562999963760376","0.8562999963760376","0.8562999963760376"
"76396","0.856499969959259","0.856499969959259","0.856499969959259"
"76407","0.8565999865531921","0.8565999865531921","0.8565999865531921"
"76418","0.8565999865531921","0.8565999865531921","0.8565999865531921"
"76429","0.8567999601364136","0.8567999601364136","0.8567999601364136"
"76440","0.8567000031471252","0.8567000031471252","0.8567000031471252"
"76451","0.8567999601364136","0.8567999601364136","0.8567999601364136"
"76462","0.8567999601364136","0.8567999601364136","0.8567999601364136"
"76473","0.8568999767303467","0.8568999767303467","0.8568999767303467"
"76484","0.8568999767303467","0.8568999767303467","0.8568999767303467"
"76495","0.8568999767303467","0.8568999767303467","0.8568999767303467"
"76506","0.8569999933242798","0.8569999933242798","0.8569999933242798"
"76517","0.8568999767303467","0.8568999767303467","0.8568999767303467"
"76528","0.8571999669075012","0.8571999669075012","0.8571999669075012"
"76539","0.8569999933242798","0.8569999933242798","0.8569999933242798"
"76550","0.8568999767303467","0.8568999767303467","0.8568999767303467"
"76561","0.8570999503135681","0.8570999503135681","0.8570999503135681"
"76572","0.8574000000953674","0.8574000000953674","0.8574000000953674"
"76583","0.8574000000953674","0.8574000000953674","0.8574000000953674"
"76594","0.8574999570846558","0.8574999570846558","0.8574999570846558"
"76605","0.8575999736785889","0.8575999736785889","0.8575999736785889"
"76616","0.857699990272522","0.857699990272522","0.857699990272522"
"76627","0.857699990272522","0.857699990272522","0.857699990272522"
"76638","0.8578000068664551","0.8578000068664551","0.8578000068664551"
"76649","0.8578999638557434","0.8578999638557434","0.8578999638557434"
"76660","0.8578000068664551","0.8578000068664551","0.8578000068664551"
"76671","0.8578000068664551","0.8578000068664551","0.8578000068664551"
"76682","0.8579999804496765","0.8579999804496765","0.8579999804496765"
"76693","0.8580999970436096","0.8580999970436096","0.8580999970436096"
"76704","0.8579999804496765","0.8579999804496765","0.8579999804496765"
"76715","0.8580999970436096","0.8580999970436096","0.8580999970436096"
"76726","0.858299970626831","0.858299970626831","0.858299970626831"
"76737","0.858299970626831","0.858299970626831","0.858299970626831"
"76748","0.8585999608039856","0.8585999608039856","0.8585999608039856"
"76759","0.8587999939918518","0.8587999939918518","0.8587999939918518"
"76770","0.8585999608039856","0.8585999608039856","0.8585999608039856"
"76781","0.8586999773979187","0.8586999773979187","0.8586999773979187"
"76792","0.8587999939918518","0.8587999939918518","0.8587999939918518"
"76803","0.8586999773979187","0.8586999773979187","0.8586999773979187"
"76814","0.8587999939918518","0.8587999939918518","0.8587999939918518"
"76825","0.8586999773979187","0.8586999773979187","0.8586999773979187"
"76836","0.8585999608039856","0.8585999608039856","0.8585999608039856"
"76847","0.8585000038146973","0.8585000038146973","0.8585000038146973"
"76858","0.8585000038146973","0.8585000038146973","0.8585000038146973"
"76869","0.8585999608039856","0.8585999608039856","0.8585999608039856"
"76880","0.8585000038146973","0.8585000038146973","0.8585000038146973"
"76891","0.8587999939918518","0.8587999939918518","0.8587999939918518"
"76902","0.8586999773979187","0.8586999773979187","0.8586999773979187"
"76913","0.8586999773979187","0.8586999773979187","0.8586999773979187"
"76924","0.8586999773979187","0.8586999773979187","0.8586999773979187"
"76935","0.8589999675750732","0.8589999675750732","0.8589999675750732"
"76946","0.8590999841690063","0.8590999841690063","0.8590999841690063"
"76957","0.8588999509811401","0.8588999509811401","0.8588999509811401"
"76968","0.8588999509811401","0.8588999509811401","0.8588999509811401"
"76979","0.8588999509811401","0.8588999509811401","0.8588999509811401"
"76990","0.8587999939918518","0.8587999939918518","0.8587999939918518"
"77001","0.8587999939918518","0.8587999939918518","0.8587999939918518"
"77012","0.8588999509811401","0.8588999509811401","0.8588999509811401"
"77023","0.8589999675750732","0.8589999675750732","0.8589999675750732"
"77034","0.8592000007629395","0.8592000007629395","0.8592000007629395"
"77045","0.8589999675750732","0.8589999675750732","0.8589999675750732"
"77056","0.8590999841690063","0.8590999841690063","0.8590999841690063"
"77067","0.8592000007629395","0.8592000007629395","0.8592000007629395"
"77078","0.8593999743461609","0.8593999743461609","0.8593999743461609"
"77089","0.859499990940094","0.859499990940094","0.859499990940094"
"77100","0.8598999977111816","0.8598999977111816","0.8598999977111816"
"77111","0.85999995470047","0.85999995470047","0.85999995470047"
"77122","0.8600999712944031","0.8600999712944031","0.8600999712944031"
"77133","0.8600999712944031","0.8600999712944031","0.8600999712944031"
"77144","0.8601999878883362","0.8601999878883362","0.8601999878883362"
"77155","0.8603000044822693","0.8603000044822693","0.8603000044822693"
"77166","0.8603000044822693","0.8603000044822693","0.8603000044822693"
"77177","0.8603999614715576","0.8603999614715576","0.8603999614715576"
"77188","0.8604999780654907","0.8604999780654907","0.8604999780654907"
"77199","0.8603999614715576","0.8603999614715576","0.8603999614715576"
"77210","0.8604999780654907","0.8604999780654907","0.8604999780654907"
"77221","0.8600999712944031","0.8600999712944031","0.8600999712944031"
"77232","0.8601999878883362","0.8601999878883362","0.8601999878883362"
"77243","0.8603999614715576","0.8603999614715576","0.8603999614715576"
"77254","0.8603999614715576","0.8603999614715576","0.8603999614715576"
"77265","0.8604999780654907","0.8604999780654907","0.8604999780654907"
"77276","0.8604999780654907","0.8604999780654907","0.8604999780654907"
"77287","0.8604999780654907","0.8604999780654907","0.8604999780654907"
"77298","0.8605999946594238","0.8605999946594238","0.8605999946594238"
"77309","0.8607999682426453","0.8607999682426453","0.8607999682426453"
"77320","0.8610000014305115","0.8610000014305115","0.8610000014305115"
"77331","0.8610000014305115","0.8610000014305115","0.8610000014305115"
"77342","0.8610999584197998","0.8610999584197998","0.8610999584197998"
"77353","0.8610999584197998","0.8610999584197998","0.8610999584197998"
"77364","0.8611999750137329","0.8611999750137329","0.8611999750137329"
"77375","0.861299991607666","0.861299991607666","0.861299991607666"
"77386","0.8613999485969543","0.8613999485969543","0.8613999485969543"
"77397","0.861299991607666","0.861299991607666","0.861299991607666"
"77408","0.8610999584197998","0.8610999584197998","0.8610999584197998"
"77419","0.8610000014305115","0.8610000014305115","0.8610000014305115"
"77430","0.8611999750137329","0.8611999750137329","0.8611999750137329"
"77441","0.8613999485969543","0.8613999485969543","0.8613999485969543"
"77452","0.8613999485969543","0.8613999485969543","0.8613999485969543"
"77463","0.861299991607666","0.861299991607666","0.861299991607666"
"77474","0.8613999485969543","0.8613999485969543","0.8613999485969543"
"77485","0.8614999651908875","0.8614999651908875","0.8614999651908875"
"77496","0.8613999485969543","0.8613999485969543","0.8613999485969543"
"77507","0.8614999651908875","0.8614999651908875","0.8614999651908875"
"77518","0.8613999485969543","0.8613999485969543","0.8613999485969543"
"77529","0.8616999983787537","0.8616999983787537","0.8616999983787537"
"77540","0.8616999983787537","0.8616999983787537","0.8616999983787537"
"77551","0.861799955368042","0.861799955368042","0.861799955368042"
"77562","0.8616999983787537","0.8616999983787537","0.8616999983787537"
"77573","0.861799955368042","0.861799955368042","0.861799955368042"
"77584","0.861799955368042","0.861799955368042","0.861799955368042"
"77595","0.8616999983787537","0.8616999983787537","0.8616999983787537"
"77606","0.8616999983787537","0.8616999983787537","0.8616999983787537"
"77617","0.861799955368042","0.861799955368042","0.861799955368042"
"77628","0.8616999983787537","0.8616999983787537","0.8616999983787537"
"77639","0.8616999983787537","0.8616999983787537","0.8616999983787537"
"77650","0.861799955368042","0.861799955368042","0.861799955368042"
"77661","0.8618999719619751","0.8618999719619751","0.8618999719619751"
"77672","0.8619999885559082","0.8619999885559082","0.8619999885559082"
"77683","0.8618999719619751","0.8618999719619751","0.8618999719619751"
"77694","0.8621000051498413","0.8621000051498413","0.8621000051498413"
"77705","0.8619999885559082","0.8619999885559082","0.8619999885559082"
"77716","0.8621000051498413","0.8621000051498413","0.8621000051498413"
"77727","0.8621999621391296","0.8621999621391296","0.8621999621391296"
"77738","0.8621999621391296","0.8621999621391296","0.8621999621391296"
"77749","0.8618999719619751","0.8618999719619751","0.8618999719619751"
"77760","0.8621999621391296","0.8621999621391296","0.8621999621391296"
"77771","0.8621999621391296","0.8621999621391296","0.8621999621391296"
"77782","0.8621999621391296","0.8621999621391296","0.8621999621391296"
"77793","0.8621000051498413","0.8621000051498413","0.8621000051498413"
"77804","0.8621000051498413","0.8621000051498413","0.8621000051498413"
"77815","0.8621000051498413","0.8621000051498413","0.8621000051498413"
"77826","0.8621000051498413","0.8621000051498413","0.8621000051498413"
"77837","0.8621999621391296","0.8621999621391296","0.8621999621391296"
"77848","0.8621999621391296","0.8621999621391296","0.8621999621391296"
"77859","0.8624999523162842","0.8624999523162842","0.8624999523162842"
"77870","0.8623999953269958","0.8623999953269958","0.8623999953269958"
"77881","0.8623999953269958","0.8623999953269958","0.8623999953269958"
"77892","0.8625999689102173","0.8625999689102173","0.8625999689102173"
"77903","0.8626999855041504","0.8626999855041504","0.8626999855041504"
"77914","0.8625999689102173","0.8625999689102173","0.8625999689102173"
"77925","0.8628000020980835","0.8628000020980835","0.8628000020980835"
"77936","0.8625999689102173","0.8625999689102173","0.8625999689102173"
"77947","0.8626999855041504","0.8626999855041504","0.8626999855041504"
"77958","0.8628000020980835","0.8628000020980835","0.8628000020980835"
"77969","0.8628999590873718","0.8628999590873718","0.8628999590873718"
"77980","0.8628999590873718","0.8628999590873718","0.8628999590873718"
"77991","0.8628999590873718","0.8628999590873718","0.8628999590873718"
"78002","0.8628999590873718","0.8628999590873718","0.8628999590873718"
"78013","0.8628000020980835","0.8628000020980835","0.8628000020980835"
"78024","0.8629999756813049","0.8629999756813049","0.8629999756813049"
"78035","0.863099992275238","0.863099992275238","0.863099992275238"
"78046","0.863099992275238","0.863099992275238","0.863099992275238"
"78057","0.8632999658584595","0.8632999658584595","0.8632999658584595"
"78068","0.8634999990463257","0.8634999990463257","0.8634999990463257"
"78079","0.863599956035614","0.863599956035614","0.863599956035614"
"78090","0.863599956035614","0.863599956035614","0.863599956035614"
"78101","0.863599956035614","0.863599956035614","0.863599956035614"
"78112","0.8636999726295471","0.8636999726295471","0.8636999726295471"
"78123","0.8636999726295471","0.8636999726295471","0.8636999726295471"
"78134","0.8639999628067017","0.8639999628067017","0.8639999628067017"
"78145","0.8639000058174133","0.8639000058174133","0.8639000058174133"
"78156","0.8639999628067017","0.8639999628067017","0.8639999628067017"
"78167","0.8639999628067017","0.8639999628067017","0.8639999628067017"
"78178","0.8639000058174133","0.8639000058174133","0.8639000058174133"
"78189","0.8639999628067017","0.8639999628067017","0.8639999628067017"
"78200","0.8640999794006348","0.8640999794006348","0.8640999794006348"
"78211","0.8641999959945679","0.8641999959945679","0.8641999959945679"
"78222","0.8641999959945679","0.8641999959945679","0.8641999959945679"
"78233","0.8641999959945679","0.8641999959945679","0.8641999959945679"
"78244","0.8642999529838562","0.8642999529838562","0.8642999529838562"
"78255","0.8642999529838562","0.8642999529838562","0.8642999529838562"
"78266","0.8642999529838562","0.8642999529838562","0.8642999529838562"
"78277","0.8641999959945679","0.8641999959945679","0.8641999959945679"
"78288","0.8642999529838562","0.8642999529838562","0.8642999529838562"
"78299","0.8641999959945679","0.8641999959945679","0.8641999959945679"
"78310","0.8644999861717224","0.8644999861717224","0.8644999861717224"
"78321","0.8643999695777893","0.8643999695777893","0.8643999695777893"
"78332","0.864799976348877","0.864799976348877","0.864799976348877"
"78343","0.8646999597549438","0.8646999597549438","0.8646999597549438"
"78354","0.8646999597549438","0.8646999597549438","0.8646999597549438"
"78365","0.8648999929428101","0.8648999929428101","0.8648999929428101"
"78376","0.8650999665260315","0.8650999665260315","0.8650999665260315"
"78387","0.864799976348877","0.864799976348877","0.864799976348877"
"78398","0.8648999929428101","0.8648999929428101","0.8648999929428101"
"78409","0.8650999665260315","0.8650999665260315","0.8650999665260315"
"78420","0.8651999831199646","0.8651999831199646","0.8651999831199646"
"78431","0.8650999665260315","0.8650999665260315","0.8650999665260315"
"78442","0.8651999831199646","0.8651999831199646","0.8651999831199646"
"78453","0.8651999831199646","0.8651999831199646","0.8651999831199646"
"78464","0.8652999997138977","0.8652999997138977","0.8652999997138977"
"78475","0.8654999732971191","0.8654999732971191","0.8654999732971191"
"78486","0.8654999732971191","0.8654999732971191","0.8654999732971191"
"78497","0.8654999732971191","0.8654999732971191","0.8654999732971191"
"78508","0.8655999898910522","0.8655999898910522","0.8655999898910522"
"78519","0.8655999898910522","0.8655999898910522","0.8655999898910522"
"78530","0.8655999898910522","0.8655999898910522","0.8655999898910522"
"78541","0.8657000064849854","0.8657000064849854","0.8657000064849854"
"78552","0.8657000064849854","0.8657000064849854","0.8657000064849854"
"78563","0.8657000064849854","0.8657000064849854","0.8657000064849854"
"78574","0.8657000064849854","0.8657000064849854","0.8657000064849854"
"78585","0.8657000064849854","0.8657000064849854","0.8657000064849854"
"78596","0.8655999898910522","0.8655999898910522","0.8655999898910522"
"78607","0.8657000064849854","0.8657000064849854","0.8657000064849854"
"78618","0.8658999800682068","0.8658999800682068","0.8658999800682068"
"78629","0.8659999966621399","0.8659999966621399","0.8659999966621399"
"78640","0.8659999966621399","0.8659999966621399","0.8659999966621399"
"78651","0.8659999966621399","0.8659999966621399","0.8659999966621399"
"78662","0.8660999536514282","0.8660999536514282","0.8660999536514282"
"78673","0.8661999702453613","0.8661999702453613","0.8661999702453613"
"78684","0.8661999702453613","0.8661999702453613","0.8661999702453613"
"78695","0.8662999868392944","0.8662999868392944","0.8662999868392944"
"78706","0.8662999868392944","0.8662999868392944","0.8662999868392944"
"78717","0.8662999868392944","0.8662999868392944","0.8662999868392944"
"78728","0.8662999868392944","0.8662999868392944","0.8662999868392944"
"78739","0.8662999868392944","0.8662999868392944","0.8662999868392944"
"78750","0.8664000034332275","0.8664000034332275","0.8664000034332275"
"78761","0.8664000034332275","0.8664000034332275","0.8664000034332275"
"78772","0.8664999604225159","0.8664999604225159","0.8664999604225159"
"78783","0.8664999604225159","0.8664999604225159","0.8664999604225159"
"78794","0.8664000034332275","0.8664000034332275","0.8664000034332275"
"78805","0.866599977016449","0.866599977016449","0.866599977016449"
"78816","0.8667999505996704","0.8667999505996704","0.8667999505996704"
"78827","0.8666999936103821","0.8666999936103821","0.8666999936103821"
"78838","0.8667999505996704","0.8667999505996704","0.8667999505996704"
"78849","0.8667999505996704","0.8667999505996704","0.8667999505996704"
"78860","0.8667999505996704","0.8667999505996704","0.8667999505996704"
"78871","0.8667999505996704","0.8667999505996704","0.8667999505996704"
"78882","0.8667999505996704","0.8667999505996704","0.8667999505996704"
"78893","0.8667999505996704","0.8667999505996704","0.8667999505996704"
"78904","0.8667999505996704","0.8667999505996704","0.8667999505996704"
"78915","0.8667999505996704","0.8667999505996704","0.8667999505996704"
"78926","0.8667999505996704","0.8667999505996704","0.8667999505996704"
"78937","0.8667999505996704","0.8667999505996704","0.8667999505996704"
"78948","0.8668999671936035","0.8668999671936035","0.8668999671936035"
"78959","0.8668999671936035","0.8668999671936035","0.8668999671936035"
"78970","0.8668999671936035","0.8668999671936035","0.8668999671936035"
"78981","0.8668999671936035","0.8668999671936035","0.8668999671936035"
"78992","0.8668999671936035","0.8668999671936035","0.8668999671936035"
"79003","0.8671000003814697","0.8671000003814697","0.8671000003814697"
"79014","0.8671000003814697","0.8671000003814697","0.8671000003814697"
"79025","0.8671999573707581","0.8671999573707581","0.8671999573707581"
"79036","0.8671999573707581","0.8671999573707581","0.8671999573707581"
"79047","0.8672999739646912","0.8672999739646912","0.8672999739646912"
"79058","0.8672999739646912","0.8672999739646912","0.8672999739646912"
"79069","0.8672999739646912","0.8672999739646912","0.8672999739646912"
"79080","0.8672999739646912","0.8672999739646912","0.8672999739646912"
"79091","0.8672999739646912","0.8672999739646912","0.8672999739646912"
"79102","0.8673999905586243","0.8673999905586243","0.8673999905586243"
"79113","0.8673999905586243","0.8673999905586243","0.8673999905586243"
"79124","0.8675000071525574","0.8675000071525574","0.8675000071525574"
"79135","0.8675999641418457","0.8675999641418457","0.8675999641418457"
"79146","0.8676999807357788","0.8676999807357788","0.8676999807357788"
"79157","0.8678999543190002","0.8678999543190002","0.8678999543190002"
"79168","0.8678999543190002","0.8678999543190002","0.8678999543190002"
"79179","0.8678999543190002","0.8678999543190002","0.8678999543190002"
"79190","0.8678999543190002","0.8678999543190002","0.8678999543190002"
"79201","0.8679999709129333","0.8679999709129333","0.8679999709129333"
"79212","0.8677999973297119","0.8677999973297119","0.8677999973297119"
"79223","0.8679999709129333","0.8679999709129333","0.8679999709129333"
"79234","0.8678999543190002","0.8678999543190002","0.8678999543190002"
"79245","0.8680999875068665","0.8680999875068665","0.8680999875068665"
"79256","0.8680999875068665","0.8680999875068665","0.8680999875068665"
"79267","0.8680999875068665","0.8680999875068665","0.8680999875068665"
"79278","0.8680999875068665","0.8680999875068665","0.8680999875068665"
"79289","0.8680999875068665","0.8680999875068665","0.8680999875068665"
"79300","0.8680999875068665","0.8680999875068665","0.8680999875068665"
"79311","0.8682000041007996","0.8682000041007996","0.8682000041007996"
"79322","0.868399977684021","0.868399977684021","0.868399977684021"
"79333","0.8684999942779541","0.8684999942779541","0.8684999942779541"
"79344","0.8686999678611755","0.8686999678611755","0.8686999678611755"
"79355","0.8686999678611755","0.8686999678611755","0.8686999678611755"
"79366","0.8686999678611755","0.8686999678611755","0.8686999678611755"
"79377","0.8685999512672424","0.8685999512672424","0.8685999512672424"
"79388","0.8686999678611755","0.8686999678611755","0.8686999678611755"
"79399","0.8689000010490417","0.8689000010490417","0.8689000010490417"
"79410","0.8689000010490417","0.8689000010490417","0.8689000010490417"
"79421","0.8689000010490417","0.8689000010490417","0.8689000010490417"
"79432","0.8687999844551086","0.8687999844551086","0.8687999844551086"
"79443","0.8687999844551086","0.8687999844551086","0.8687999844551086"
"79454","0.8689000010490417","0.8689000010490417","0.8689000010490417"
"79465","0.8689999580383301","0.8689999580383301","0.8689999580383301"
"79476","0.8689999580383301","0.8689999580383301","0.8689999580383301"
"79487","0.8689999580383301","0.8689999580383301","0.8689999580383301"
"79498","0.8690999746322632","0.8690999746322632","0.8690999746322632"
"79509","0.8689999580383301","0.8689999580383301","0.8689999580383301"
"79520","0.8689999580383301","0.8689999580383301","0.8689999580383301"
"79531","0.8690999746322632","0.8690999746322632","0.8690999746322632"
"79542","0.8690999746322632","0.8690999746322632","0.8690999746322632"
"79553","0.8690999746322632","0.8690999746322632","0.8690999746322632"
"79564","0.8691999912261963","0.8691999912261963","0.8691999912261963"
"79575","0.8694999814033508","0.8694999814033508","0.8694999814033508"
"79586","0.8693999648094177","0.8693999648094177","0.8693999648094177"
"79597","0.8695999979972839","0.8695999979972839","0.8695999979972839"
"79608","0.8695999979972839","0.8695999979972839","0.8695999979972839"
"79619","0.8694999814033508","0.8694999814033508","0.8694999814033508"
"79630","0.8694999814033508","0.8694999814033508","0.8694999814033508"
"79641","0.8694999814033508","0.8694999814033508","0.8694999814033508"
"79652","0.8693000078201294","0.8693000078201294","0.8693000078201294"
"79663","0.8693999648094177","0.8693999648094177","0.8693999648094177"
"79674","0.8693000078201294","0.8693000078201294","0.8693000078201294"
"79685","0.8693000078201294","0.8693000078201294","0.8693000078201294"
"79696","0.8693999648094177","0.8693999648094177","0.8693999648094177"
"79707","0.8695999979972839","0.8695999979972839","0.8695999979972839"
"79718","0.8697999715805054","0.8697999715805054","0.8697999715805054"
"79729","0.8697999715805054","0.8697999715805054","0.8697999715805054"
"79740","0.8698999881744385","0.8698999881744385","0.8698999881744385"
"79751","0.8698999881744385","0.8698999881744385","0.8698999881744385"
"79762","0.8697999715805054","0.8697999715805054","0.8697999715805054"
"79773","0.8698999881744385","0.8698999881744385","0.8698999881744385"
"79784","0.870199978351593","0.870199978351593","0.870199978351593"
"79795","0.8700000047683716","0.8700000047683716","0.8700000047683716"
"79806","0.870199978351593","0.870199978351593","0.870199978351593"
"79817","0.870199978351593","0.870199978351593","0.870199978351593"
"79828","0.870199978351593","0.870199978351593","0.870199978351593"
"79839","0.8704999685287476","0.8704999685287476","0.8704999685287476"
"79850","0.8704999685287476","0.8704999685287476","0.8704999685287476"
"79861","0.8704999685287476","0.8704999685287476","0.8704999685287476"
"79872","0.8707000017166138","0.8707000017166138","0.8707000017166138"
"79883","0.8708999752998352","0.8708999752998352","0.8708999752998352"
"79894","0.8707999587059021","0.8707999587059021","0.8707999587059021"
"79905","0.8709999918937683","0.8709999918937683","0.8709999918937683"
"79916","0.8708999752998352","0.8708999752998352","0.8708999752998352"
"79927","0.8709999918937683","0.8709999918937683","0.8709999918937683"
"79938","0.8711999654769897","0.8711999654769897","0.8711999654769897"
"79949","0.8711999654769897","0.8711999654769897","0.8711999654769897"
"79960","0.8711999654769897","0.8711999654769897","0.8711999654769897"
"79971","0.8712999820709229","0.8712999820709229","0.8712999820709229"
"79982","0.871399998664856","0.871399998664856","0.871399998664856"
"79993","0.8712999820709229","0.8712999820709229","0.8712999820709229"
"80004","0.8714999556541443","0.8714999556541443","0.8714999556541443"
"80015","0.8714999556541443","0.8714999556541443","0.8714999556541443"
"80026","0.8715999722480774","0.8715999722480774","0.8715999722480774"
"80037","0.8715999722480774","0.8715999722480774","0.8715999722480774"
"80048","0.8718999624252319","0.8718999624252319","0.8718999624252319"
"80059","0.8718000054359436","0.8718000054359436","0.8718000054359436"
"80070","0.8718999624252319","0.8718999624252319","0.8718999624252319"
"80081","0.8718999624252319","0.8718999624252319","0.8718999624252319"
"80092","0.8718999624252319","0.8718999624252319","0.8718999624252319"
"80103","0.8718999624252319","0.8718999624252319","0.8718999624252319"
"80114","0.871999979019165","0.871999979019165","0.871999979019165"
"80125","0.8721999526023865","0.8721999526023865","0.8721999526023865"
"80136","0.871999979019165","0.871999979019165","0.871999979019165"
"80147","0.871999979019165","0.871999979019165","0.871999979019165"
"80158","0.871999979019165","0.871999979019165","0.871999979019165"
"80169","0.8721999526023865","0.8721999526023865","0.8721999526023865"
"80180","0.8721999526023865","0.8721999526023865","0.8721999526023865"
"80191","0.8722999691963196","0.8722999691963196","0.8722999691963196"
"80202","0.8723999857902527","0.8723999857902527","0.8723999857902527"
"80213","0.8725000023841858","0.8725000023841858","0.8725000023841858"
"80224","0.8723999857902527","0.8723999857902527","0.8723999857902527"
"80235","0.8725999593734741","0.8725999593734741","0.8725999593734741"
"80246","0.8725000023841858","0.8725000023841858","0.8725000023841858"
"80257","0.8725999593734741","0.8725999593734741","0.8725999593734741"
"80268","0.8726999759674072","0.8726999759674072","0.8726999759674072"
"80279","0.8725999593734741","0.8725999593734741","0.8725999593734741"
"80290","0.8726999759674072","0.8726999759674072","0.8726999759674072"
"80301","0.8727999925613403","0.8727999925613403","0.8727999925613403"
"80312","0.8727999925613403","0.8727999925613403","0.8727999925613403"
"80323","0.8726999759674072","0.8726999759674072","0.8726999759674072"
"80334","0.8726999759674072","0.8726999759674072","0.8726999759674072"
"80345","0.8727999925613403","0.8727999925613403","0.8727999925613403"
"80356","0.8728999495506287","0.8728999495506287","0.8728999495506287"
"80367","0.8729999661445618","0.8729999661445618","0.8729999661445618"
"80378","0.8730999827384949","0.8730999827384949","0.8730999827384949"
"80389","0.873199999332428","0.873199999332428","0.873199999332428"
"80400","0.873199999332428","0.873199999332428","0.873199999332428"
"80411","0.8730999827384949","0.8730999827384949","0.8730999827384949"
"80422","0.8733999729156494","0.8733999729156494","0.8733999729156494"
"80433","0.8733999729156494","0.8733999729156494","0.8733999729156494"
"80444","0.8732999563217163","0.8732999563217163","0.8732999563217163"
"80455","0.8733999729156494","0.8733999729156494","0.8733999729156494"
"80466","0.8734999895095825","0.8734999895095825","0.8734999895095825"
"80477","0.8732999563217163","0.8732999563217163","0.8732999563217163"
"80488","0.873699963092804","0.873699963092804","0.873699963092804"
"80499","0.8736000061035156","0.8736000061035156","0.8736000061035156"
"80510","0.8733999729156494","0.8733999729156494","0.8733999729156494"
"80521","0.8730999827384949","0.8730999827384949","0.8730999827384949"
"80532","0.8732999563217163","0.8732999563217163","0.8732999563217163"
"80543","0.8733999729156494","0.8733999729156494","0.8733999729156494"
"80554","0.8732999563217163","0.8732999563217163","0.8732999563217163"
"80565","0.8734999895095825","0.8734999895095825","0.8734999895095825"
"80576","0.8738999962806702","0.8738999962806702","0.8738999962806702"
"80587","0.8738999962806702","0.8738999962806702","0.8738999962806702"
"80598","0.8739999532699585","0.8739999532699585","0.8739999532699585"
"80609","0.8740999698638916","0.8740999698638916","0.8740999698638916"
"80620","0.8741999864578247","0.8741999864578247","0.8741999864578247"
"80631","0.8741999864578247","0.8741999864578247","0.8741999864578247"
"80642","0.8743000030517578","0.8743000030517578","0.8743000030517578"
"80653","0.8741999864578247","0.8741999864578247","0.8741999864578247"
"80664","0.8743999600410461","0.8743999600410461","0.8743999600410461"
"80675","0.8743999600410461","0.8743999600410461","0.8743999600410461"
"80686","0.8743999600410461","0.8743999600410461","0.8743999600410461"
"80697","0.8743999600410461","0.8743999600410461","0.8743999600410461"
"80708","0.8745999932289124","0.8745999932289124","0.8745999932289124"
"80719","0.8744999766349792","0.8744999766349792","0.8744999766349792"
"80730","0.8746999502182007","0.8746999502182007","0.8746999502182007"
"80741","0.8747999668121338","0.8747999668121338","0.8747999668121338"
"80752","0.8746999502182007","0.8746999502182007","0.8746999502182007"
"80763","0.8748999834060669","0.8748999834060669","0.8748999834060669"
"80774","0.8746999502182007","0.8746999502182007","0.8746999502182007"
"80785","0.8748999834060669","0.8748999834060669","0.8748999834060669"
"80796","0.8748999834060669","0.8748999834060669","0.8748999834060669"
"80807","0.8748999834060669","0.8748999834060669","0.8748999834060669"
"80818","0.875","0.875","0.875"
"80829","0.8750999569892883","0.8750999569892883","0.8750999569892883"
"80840","0.8751999735832214","0.8751999735832214","0.8751999735832214"
"80851","0.8750999569892883","0.8750999569892883","0.8750999569892883"
"80862","0.8750999569892883","0.8750999569892883","0.8750999569892883"
"80873","0.8751999735832214","0.8751999735832214","0.8751999735832214"
"80884","0.8750999569892883","0.8750999569892883","0.8750999569892883"
"80895","0.8751999735832214","0.8751999735832214","0.8751999735832214"
"80906","0.875499963760376","0.875499963760376","0.875499963760376"
"80917","0.8754000067710876","0.8754000067710876","0.8754000067710876"
"80928","0.8754000067710876","0.8754000067710876","0.8754000067710876"
"80939","0.875499963760376","0.875499963760376","0.875499963760376"
"80950","0.875499963760376","0.875499963760376","0.875499963760376"
"80961","0.8755999803543091","0.8755999803543091","0.8755999803543091"
"80972","0.8756999969482422","0.8756999969482422","0.8756999969482422"
"80983","0.8756999969482422","0.8756999969482422","0.8756999969482422"
"80994","0.8755999803543091","0.8755999803543091","0.8755999803543091"
"81005","0.8755999803543091","0.8755999803543091","0.8755999803543091"
"81016","0.8755999803543091","0.8755999803543091","0.8755999803543091"
"81027","0.8755999803543091","0.8755999803543091","0.8755999803543091"
"81038","0.875499963760376","0.875499963760376","0.875499963760376"
"81049","0.8755999803543091","0.8755999803543091","0.8755999803543091"
"81060","0.8755999803543091","0.8755999803543091","0.8755999803543091"
"81071","0.8758999705314636","0.8758999705314636","0.8758999705314636"
"81082","0.8758999705314636","0.8758999705314636","0.8758999705314636"
"81093","0.8758999705314636","0.8758999705314636","0.8758999705314636"
"81104","0.8758999705314636","0.8758999705314636","0.8758999705314636"
"81115","0.8758999705314636","0.8758999705314636","0.8758999705314636"
"81126","0.8758999705314636","0.8758999705314636","0.8758999705314636"
"81137","0.8758999705314636","0.8758999705314636","0.8758999705314636"
"81148","0.8758999705314636","0.8758999705314636","0.8758999705314636"
"81159","0.8759999871253967","0.8759999871253967","0.8759999871253967"
"81170","0.8759999871253967","0.8759999871253967","0.8759999871253967"
"81181","0.8759999871253967","0.8759999871253967","0.8759999871253967"
"81192","0.8758999705314636","0.8758999705314636","0.8758999705314636"
"81203","0.8759999871253967","0.8759999871253967","0.8759999871253967"
"81214","0.8757999539375305","0.8757999539375305","0.8757999539375305"
"81225","0.8758999705314636","0.8758999705314636","0.8758999705314636"
"81236","0.8757999539375305","0.8757999539375305","0.8757999539375305"
"81247","0.8761000037193298","0.8761000037193298","0.8761000037193298"
"81258","0.8759999871253967","0.8759999871253967","0.8759999871253967"
"81269","0.8761999607086182","0.8761999607086182","0.8761999607086182"
"81280","0.8762999773025513","0.8762999773025513","0.8762999773025513"
"81291","0.8761999607086182","0.8761999607086182","0.8761999607086182"
"81302","0.8761999607086182","0.8761999607086182","0.8761999607086182"
"81313","0.8761999607086182","0.8761999607086182","0.8761999607086182"
"81324","0.8762999773025513","0.8762999773025513","0.8762999773025513"
"81335","0.8762999773025513","0.8762999773025513","0.8762999773025513"
"81346","0.8764999508857727","0.8764999508857727","0.8764999508857727"
"81357","0.8764999508857727","0.8764999508857727","0.8764999508857727"
"81368","0.8765999674797058","0.8765999674797058","0.8765999674797058"
"81379","0.876800000667572","0.876800000667572","0.876800000667572"
"81390","0.8764999508857727","0.8764999508857727","0.8764999508857727"
"81401","0.8764999508857727","0.8764999508857727","0.8764999508857727"
"81412","0.8764999508857727","0.8764999508857727","0.8764999508857727"
"81423","0.8765999674797058","0.8765999674797058","0.8765999674797058"
"81434","0.8765999674797058","0.8765999674797058","0.8765999674797058"
"81445","0.8764999508857727","0.8764999508857727","0.8764999508857727"
"81456","0.8765999674797058","0.8765999674797058","0.8765999674797058"
"81467","0.8764999508857727","0.8764999508857727","0.8764999508857727"
"81478","0.8765999674797058","0.8765999674797058","0.8765999674797058"
"81489","0.8765999674797058","0.8765999674797058","0.8765999674797058"
"81500","0.8764999508857727","0.8764999508857727","0.8764999508857727"
"81511","0.8764999508857727","0.8764999508857727","0.8764999508857727"
"81522","0.8766999840736389","0.8766999840736389","0.8766999840736389"
"81533","0.8766999840736389","0.8766999840736389","0.8766999840736389"
"81544","0.8766999840736389","0.8766999840736389","0.8766999840736389"
"81555","0.8768999576568604","0.8768999576568604","0.8768999576568604"
"81566","0.8769999742507935","0.8769999742507935","0.8769999742507935"
"81577","0.8769999742507935","0.8769999742507935","0.8769999742507935"
"81588","0.8769999742507935","0.8769999742507935","0.8769999742507935"
"81599","0.8769999742507935","0.8769999742507935","0.8769999742507935"
"81610","0.8769999742507935","0.8769999742507935","0.8769999742507935"
"81621","0.8770999908447266","0.8770999908447266","0.8770999908447266"
"81632","0.8769999742507935","0.8769999742507935","0.8769999742507935"
"81643","0.8768999576568604","0.8768999576568604","0.8768999576568604"
"81654","0.8768999576568604","0.8768999576568604","0.8768999576568604"
"81665","0.8768999576568604","0.8768999576568604","0.8768999576568604"
"81676","0.8768999576568604","0.8768999576568604","0.8768999576568604"
"81687","0.8768999576568604","0.8768999576568604","0.8768999576568604"
"81698","0.8768999576568604","0.8768999576568604","0.8768999576568604"
"81709","0.8768999576568604","0.8768999576568604","0.8768999576568604"
"81720","0.8769999742507935","0.8769999742507935","0.8769999742507935"
"81731","0.8769999742507935","0.8769999742507935","0.8769999742507935"
"81742","0.8772000074386597","0.8772000074386597","0.8772000074386597"
"81753","0.8772000074386597","0.8772000074386597","0.8772000074386597"
"81764","0.877299964427948","0.877299964427948","0.877299964427948"
"81775","0.877299964427948","0.877299964427948","0.877299964427948"
"81786","0.8773999810218811","0.8773999810218811","0.8773999810218811"
"81797","0.8773999810218811","0.8773999810218811","0.8773999810218811"
"81808","0.8774999976158142","0.8774999976158142","0.8774999976158142"
"81819","0.8774999976158142","0.8774999976158142","0.8774999976158142"
"81830","0.8774999976158142","0.8774999976158142","0.8774999976158142"
"81841","0.8775999546051025","0.8775999546051025","0.8775999546051025"
"81852","0.8775999546051025","0.8775999546051025","0.8775999546051025"
"81863","0.8774999976158142","0.8774999976158142","0.8774999976158142"
"81874","0.8774999976158142","0.8774999976158142","0.8774999976158142"
"81885","0.8775999546051025","0.8775999546051025","0.8775999546051025"
"81896","0.8776999711990356","0.8776999711990356","0.8776999711990356"
"81907","0.8776999711990356","0.8776999711990356","0.8776999711990356"
"81918","0.8777999877929688","0.8777999877929688","0.8777999877929688"
"81929","0.8777999877929688","0.8777999877929688","0.8777999877929688"
"81940","0.8779000043869019","0.8779000043869019","0.8779000043869019"
"81951","0.8779000043869019","0.8779000043869019","0.8779000043869019"
"81962","0.8779000043869019","0.8779000043869019","0.8779000043869019"
"81973","0.8779000043869019","0.8779000043869019","0.8779000043869019"
"81984","0.8779000043869019","0.8779000043869019","0.8779000043869019"
"81995","0.8779000043869019","0.8779000043869019","0.8779000043869019"
"82006","0.8780999779701233","0.8780999779701233","0.8780999779701233"
"82017","0.8779000043869019","0.8779000043869019","0.8779000043869019"
"82028","0.8779999613761902","0.8779999613761902","0.8779999613761902"
"82039","0.8780999779701233","0.8780999779701233","0.8780999779701233"
"82050","0.8782999515533447","0.8782999515533447","0.8782999515533447"
"82061","0.8780999779701233","0.8780999779701233","0.8780999779701233"
"82072","0.8779999613761902","0.8779999613761902","0.8779999613761902"
"82083","0.8781999945640564","0.8781999945640564","0.8781999945640564"
"82094","0.8782999515533447","0.8782999515533447","0.8782999515533447"
"82105","0.8781999945640564","0.8781999945640564","0.8781999945640564"
"82116","0.8781999945640564","0.8781999945640564","0.8781999945640564"
"82127","0.8781999945640564","0.8781999945640564","0.8781999945640564"
"82138","0.8782999515533447","0.8782999515533447","0.8782999515533447"
"82149","0.8784999847412109","0.8784999847412109","0.8784999847412109"
"82160","0.8783999681472778","0.8783999681472778","0.8783999681472778"
"82171","0.8784999847412109","0.8784999847412109","0.8784999847412109"
"82182","0.8784999847412109","0.8784999847412109","0.8784999847412109"
"82193","0.878600001335144","0.878600001335144","0.878600001335144"
"82204","0.8789999485015869","0.8789999485015869","0.8789999485015869"
"82215","0.8788999915122986","0.8788999915122986","0.8788999915122986"
"82226","0.8789999485015869","0.8789999485015869","0.8789999485015869"
"82237","0.8793999552726746","0.8793999552726746","0.8793999552726746"
"82248","0.8793999552726746","0.8793999552726746","0.8793999552726746"
"82259","0.8793999552726746","0.8793999552726746","0.8793999552726746"
"82270","0.8793999552726746","0.8793999552726746","0.8793999552726746"
"82281","0.8795999884605408","0.8795999884605408","0.8795999884605408"
"82292","0.8793999552726746","0.8793999552726746","0.8793999552726746"
"82303","0.8793999552726746","0.8793999552726746","0.8793999552726746"
"82314","0.8794999718666077","0.8794999718666077","0.8794999718666077"
"82325","0.8794999718666077","0.8794999718666077","0.8794999718666077"
"82336","0.8795999884605408","0.8795999884605408","0.8795999884605408"
"82347","0.8795999884605408","0.8795999884605408","0.8795999884605408"
"82358","0.8797000050544739","0.8797000050544739","0.8797000050544739"
"82369","0.8795999884605408","0.8795999884605408","0.8795999884605408"
"82380","0.8793999552726746","0.8793999552726746","0.8793999552726746"
"82391","0.8794999718666077","0.8794999718666077","0.8794999718666077"
"82402","0.8794999718666077","0.8794999718666077","0.8794999718666077"
"82413","0.8797000050544739","0.8797000050544739","0.8797000050544739"
"82424","0.8797000050544739","0.8797000050544739","0.8797000050544739"
"82435","0.8797000050544739","0.8797000050544739","0.8797000050544739"
"82446","0.8797000050544739","0.8797000050544739","0.8797000050544739"
"82457","0.8798999786376953","0.8798999786376953","0.8798999786376953"
"82468","0.8799999952316284","0.8799999952316284","0.8799999952316284"
"82479","0.880299985408783","0.880299985408783","0.880299985408783"
"82490","0.8800999522209167","0.8800999522209167","0.8800999522209167"
"82501","0.8800999522209167","0.8800999522209167","0.8800999522209167"
"82512","0.8801999688148499","0.8801999688148499","0.8801999688148499"
"82523","0.880299985408783","0.880299985408783","0.880299985408783"
"82534","0.8800999522209167","0.8800999522209167","0.8800999522209167"
"82545","0.8801999688148499","0.8801999688148499","0.8801999688148499"
"82556","0.8804000020027161","0.8804000020027161","0.8804000020027161"
"82567","0.8804999589920044","0.8804999589920044","0.8804999589920044"
"82578","0.8804999589920044","0.8804999589920044","0.8804999589920044"
"82589","0.8804999589920044","0.8804999589920044","0.8804999589920044"
"82600","0.8806999921798706","0.8806999921798706","0.8806999921798706"
"82611","0.8806999921798706","0.8806999921798706","0.8806999921798706"
"82622","0.8807999491691589","0.8807999491691589","0.8807999491691589"
"82633","0.8805999755859375","0.8805999755859375","0.8805999755859375"
"82644","0.880899965763092","0.880899965763092","0.880899965763092"
"82655","0.8806999921798706","0.8806999921798706","0.8806999921798706"
"82666","0.8805999755859375","0.8805999755859375","0.8805999755859375"
"82677","0.8804000020027161","0.8804000020027161","0.8804000020027161"
"82688","0.8804000020027161","0.8804000020027161","0.8804000020027161"
"82699","0.880899965763092","0.880899965763092","0.880899965763092"
"82710","0.8810999989509583","0.8810999989509583","0.8810999989509583"
"82721","0.880899965763092","0.880899965763092","0.880899965763092"
"82732","0.8809999823570251","0.8809999823570251","0.8809999823570251"
"82743","0.8810999989509583","0.8810999989509583","0.8810999989509583"
"82754","0.8812999725341797","0.8812999725341797","0.8812999725341797"
"82765","0.8812999725341797","0.8812999725341797","0.8812999725341797"
"82776","0.8811999559402466","0.8811999559402466","0.8811999559402466"
"82787","0.8815000057220459","0.8815000057220459","0.8815000057220459"
"82798","0.8815000057220459","0.8815000057220459","0.8815000057220459"
"82809","0.8815000057220459","0.8815000057220459","0.8815000057220459"
"82820","0.8815000057220459","0.8815000057220459","0.8815000057220459"
"82831","0.8815999627113342","0.8815999627113342","0.8815999627113342"
"82842","0.8816999793052673","0.8816999793052673","0.8816999793052673"
"82853","0.8817999958992004","0.8817999958992004","0.8817999958992004"
"82864","0.8818999528884888","0.8818999528884888","0.8818999528884888"
"82875","0.8819999694824219","0.8819999694824219","0.8819999694824219"
"82886","0.8819999694824219","0.8819999694824219","0.8819999694824219"
"82897","0.8817999958992004","0.8817999958992004","0.8817999958992004"
"82908","0.8818999528884888","0.8818999528884888","0.8818999528884888"
"82919","0.882099986076355","0.882099986076355","0.882099986076355"
"82930","0.8822000026702881","0.8822000026702881","0.8822000026702881"
"82941","0.8819999694824219","0.8819999694824219","0.8819999694824219"
"82952","0.8822999596595764","0.8822999596595764","0.8822999596595764"
"82963","0.8824999928474426","0.8824999928474426","0.8824999928474426"
"82974","0.882599949836731","0.882599949836731","0.882599949836731"
"82985","0.8826999664306641","0.8826999664306641","0.8826999664306641"
"82996","0.8824999928474426","0.8824999928474426","0.8824999928474426"
"83007","0.8826999664306641","0.8826999664306641","0.8826999664306641"
"83018","0.8826999664306641","0.8826999664306641","0.8826999664306641"
"83029","0.8827999830245972","0.8827999830245972","0.8827999830245972"
"83040","0.8827999830245972","0.8827999830245972","0.8827999830245972"
"83051","0.8827999830245972","0.8827999830245972","0.8827999830245972"
"83062","0.8828999996185303","0.8828999996185303","0.8828999996185303"
"83073","0.8830999732017517","0.8830999732017517","0.8830999732017517"
"83084","0.8830999732017517","0.8830999732017517","0.8830999732017517"
"83095","0.8830999732017517","0.8830999732017517","0.8830999732017517"
"83106","0.8831999897956848","0.8831999897956848","0.8831999897956848"
"83117","0.8830999732017517","0.8830999732017517","0.8830999732017517"
"83128","0.8830999732017517","0.8830999732017517","0.8830999732017517"
"83139","0.8831999897956848","0.8831999897956848","0.8831999897956848"
"83150","0.8831999897956848","0.8831999897956848","0.8831999897956848"
"83161","0.8830999732017517","0.8830999732017517","0.8830999732017517"
"83172","0.8830999732017517","0.8830999732017517","0.8830999732017517"
"83183","0.8830999732017517","0.8830999732017517","0.8830999732017517"
"83194","0.8830999732017517","0.8830999732017517","0.8830999732017517"
"83205","0.8833000063896179","0.8833000063896179","0.8833000063896179"
"83216","0.8833000063896179","0.8833000063896179","0.8833000063896179"
"83227","0.8833000063896179","0.8833000063896179","0.8833000063896179"
"83238","0.8833000063896179","0.8833000063896179","0.8833000063896179"
"83249","0.8833000063896179","0.8833000063896179","0.8833000063896179"
"83260","0.8831999897956848","0.8831999897956848","0.8831999897956848"
"83271","0.8833000063896179","0.8833000063896179","0.8833000063896179"
"83282","0.8834999799728394","0.8834999799728394","0.8834999799728394"
"83293","0.8831999897956848","0.8831999897956848","0.8831999897956848"
"83304","0.8833999633789062","0.8833999633789062","0.8833999633789062"
"83315","0.8833999633789062","0.8833999633789062","0.8833999633789062"
"83326","0.8831999897956848","0.8831999897956848","0.8831999897956848"
"83337","0.8833999633789062","0.8833999633789062","0.8833999633789062"
"83348","0.8833999633789062","0.8833999633789062","0.8833999633789062"
"83359","0.8835999965667725","0.8835999965667725","0.8835999965667725"
"83370","0.8835999965667725","0.8835999965667725","0.8835999965667725"
"83381","0.8835999965667725","0.8835999965667725","0.8835999965667725"
"83392","0.8835999965667725","0.8835999965667725","0.8835999965667725"
"83403","0.8835999965667725","0.8835999965667725","0.8835999965667725"
"83414","0.8834999799728394","0.8834999799728394","0.8834999799728394"
"83425","0.8836999535560608","0.8836999535560608","0.8836999535560608"
"83436","0.8835999965667725","0.8835999965667725","0.8835999965667725"
"83447","0.8835999965667725","0.8835999965667725","0.8835999965667725"
"83458","0.8836999535560608","0.8836999535560608","0.8836999535560608"
"83469","0.8837999701499939","0.8837999701499939","0.8837999701499939"
"83480","0.8836999535560608","0.8836999535560608","0.8836999535560608"
"83491","0.8841999769210815","0.8841999769210815","0.8841999769210815"
"83502","0.8842999935150146","0.8842999935150146","0.8842999935150146"
"83513","0.8844999670982361","0.8844999670982361","0.8844999670982361"
"83524","0.8844999670982361","0.8844999670982361","0.8844999670982361"
"83535","0.884399950504303","0.884399950504303","0.884399950504303"
"83546","0.8844999670982361","0.8844999670982361","0.8844999670982361"
"83557","0.883899986743927","0.883899986743927","0.883899986743927"
"83568","0.8840999603271484","0.8840999603271484","0.8840999603271484"
"83579","0.884399950504303","0.884399950504303","0.884399950504303"
"83590","0.884399950504303","0.884399950504303","0.884399950504303"
"83601","0.884399950504303","0.884399950504303","0.884399950504303"
"83612","0.8844999670982361","0.8844999670982361","0.8844999670982361"
"83623","0.8845999836921692","0.8845999836921692","0.8845999836921692"
"83634","0.8845999836921692","0.8845999836921692","0.8845999836921692"
"83645","0.8845999836921692","0.8845999836921692","0.8845999836921692"
"83656","0.884399950504303","0.884399950504303","0.884399950504303"
"83667","0.8844999670982361","0.8844999670982361","0.8844999670982361"
"83678","0.8845999836921692","0.8845999836921692","0.8845999836921692"
"83689","0.8848999738693237","0.8848999738693237","0.8848999738693237"
"83700","0.8849999904632568","0.8849999904632568","0.8849999904632568"
"83711","0.8849999904632568","0.8849999904632568","0.8849999904632568"
"83722","0.8847999572753906","0.8847999572753906","0.8847999572753906"
"83733","0.8848999738693237","0.8848999738693237","0.8848999738693237"
"83744","0.8849999904632568","0.8849999904632568","0.8849999904632568"
"83755","0.8847999572753906","0.8847999572753906","0.8847999572753906"
"83766","0.8848999738693237","0.8848999738693237","0.8848999738693237"
"83777","0.8847999572753906","0.8847999572753906","0.8847999572753906"
"83788","0.8847999572753906","0.8847999572753906","0.8847999572753906"
"83799","0.8849999904632568","0.8849999904632568","0.8849999904632568"
"83810","0.8849999904632568","0.8849999904632568","0.8849999904632568"
"83821","0.8851000070571899","0.8851000070571899","0.8851000070571899"
"83832","0.8849999904632568","0.8849999904632568","0.8849999904632568"
"83843","0.8851999640464783","0.8851999640464783","0.8851999640464783"
"83854","0.8851000070571899","0.8851000070571899","0.8851000070571899"
"83865","0.8851999640464783","0.8851999640464783","0.8851999640464783"
"83876","0.8851999640464783","0.8851999640464783","0.8851999640464783"
"83887","0.8851999640464783","0.8851999640464783","0.8851999640464783"
"83898","0.8851999640464783","0.8851999640464783","0.8851999640464783"
"83909","0.8851999640464783","0.8851999640464783","0.8851999640464783"
"83920","0.8851999640464783","0.8851999640464783","0.8851999640464783"
"83931","0.8851999640464783","0.8851999640464783","0.8851999640464783"
"83942","0.8851999640464783","0.8851999640464783","0.8851999640464783"
"83953","0.8852999806404114","0.8852999806404114","0.8852999806404114"
"83964","0.8851999640464783","0.8851999640464783","0.8851999640464783"
"83975","0.8852999806404114","0.8852999806404114","0.8852999806404114"
"83986","0.8852999806404114","0.8852999806404114","0.8852999806404114"
"83997","0.8852999806404114","0.8852999806404114","0.8852999806404114"
"84008","0.8851999640464783","0.8851999640464783","0.8851999640464783"
"84019","0.8852999806404114","0.8852999806404114","0.8852999806404114"
"84030","0.8851000070571899","0.8851000070571899","0.8851000070571899"
"84041","0.8852999806404114","0.8852999806404114","0.8852999806404114"
"84052","0.8851000070571899","0.8851000070571899","0.8851000070571899"
"84063","0.8851000070571899","0.8851000070571899","0.8851000070571899"
"84074","0.8852999806404114","0.8852999806404114","0.8852999806404114"
"84085","0.8852999806404114","0.8852999806404114","0.8852999806404114"
"84096","0.8853999972343445","0.8853999972343445","0.8853999972343445"
"84107","0.8855999708175659","0.8855999708175659","0.8855999708175659"
"84118","0.8855999708175659","0.8855999708175659","0.8855999708175659"
"84129","0.8854999542236328","0.8854999542236328","0.8854999542236328"
"84140","0.8855999708175659","0.8855999708175659","0.8855999708175659"
"84151","0.8855999708175659","0.8855999708175659","0.8855999708175659"
"84162","0.8854999542236328","0.8854999542236328","0.8854999542236328"
"84173","0.8854999542236328","0.8854999542236328","0.8854999542236328"
"84184","0.8855999708175659","0.8855999708175659","0.8855999708175659"
"84195","0.8855999708175659","0.8855999708175659","0.8855999708175659"
"84206","0.8855999708175659","0.8855999708175659","0.8855999708175659"
"84217","0.885699987411499","0.885699987411499","0.885699987411499"
"84228","0.8858000040054321","0.8858000040054321","0.8858000040054321"
"84239","0.8858000040054321","0.8858000040054321","0.8858000040054321"
"84250","0.8858000040054321","0.8858000040054321","0.8858000040054321"
"84261","0.885699987411499","0.885699987411499","0.885699987411499"
"84272","0.8858000040054321","0.8858000040054321","0.8858000040054321"
"84283","0.8858999609947205","0.8858999609947205","0.8858999609947205"
"84294","0.885699987411499","0.885699987411499","0.885699987411499"
"84305","0.8858000040054321","0.8858000040054321","0.8858000040054321"
"84316","0.885699987411499","0.885699987411499","0.885699987411499"
"84327","0.8858000040054321","0.8858000040054321","0.8858000040054321"
"84338","0.8859999775886536","0.8859999775886536","0.8859999775886536"
"84349","0.8858999609947205","0.8858999609947205","0.8858999609947205"
"84360","0.8858999609947205","0.8858999609947205","0.8858999609947205"
"84371","0.8858999609947205","0.8858999609947205","0.8858999609947205"
"84382","0.8858000040054321","0.8858000040054321","0.8858000040054321"
"84393","0.8859999775886536","0.8859999775886536","0.8859999775886536"
"84404","0.8860999941825867","0.8860999941825867","0.8860999941825867"
"84415","0.8859999775886536","0.8859999775886536","0.8859999775886536"
"84426","0.886199951171875","0.886199951171875","0.886199951171875"
"84437","0.886199951171875","0.886199951171875","0.886199951171875"
"84448","0.8860999941825867","0.8860999941825867","0.8860999941825867"
"84459","0.886199951171875","0.886199951171875","0.886199951171875"
"84470","0.8862999677658081","0.8862999677658081","0.8862999677658081"
"84481","0.8863999843597412","0.8863999843597412","0.8863999843597412"
"84492","0.8865000009536743","0.8865000009536743","0.8865000009536743"
"84503","0.8866999745368958","0.8866999745368958","0.8866999745368958"
"84514","0.8865999579429626","0.8865999579429626","0.8865999579429626"
"84525","0.8866999745368958","0.8866999745368958","0.8866999745368958"
"84536","0.8866999745368958","0.8866999745368958","0.8866999745368958"
"84547","0.8865999579429626","0.8865999579429626","0.8865999579429626"
"84558","0.8865999579429626","0.8865999579429626","0.8865999579429626"
"84569","0.8865999579429626","0.8865999579429626","0.8865999579429626"
"84580","0.8865999579429626","0.8865999579429626","0.8865999579429626"
"84591","0.8867999911308289","0.8867999911308289","0.8867999911308289"
"84602","0.8865999579429626","0.8865999579429626","0.8865999579429626"
"84613","0.8870999813079834","0.8870999813079834","0.8870999813079834"
"84624","0.8868999481201172","0.8868999481201172","0.8868999481201172"
"84635","0.8870999813079834","0.8870999813079834","0.8870999813079834"
"84646","0.8872999548912048","0.8872999548912048","0.8872999548912048"
"84657","0.8872999548912048","0.8872999548912048","0.8872999548912048"
"84668","0.8871999979019165","0.8871999979019165","0.8871999979019165"
"84679","0.8872999548912048","0.8872999548912048","0.8872999548912048"
"84690","0.8872999548912048","0.8872999548912048","0.8872999548912048"
"84701","0.8872999548912048","0.8872999548912048","0.8872999548912048"
"84712","0.8871999979019165","0.8871999979019165","0.8871999979019165"
"84723","0.8872999548912048","0.8872999548912048","0.8872999548912048"
"84734","0.8871999979019165","0.8871999979019165","0.8871999979019165"
"84745","0.8870999813079834","0.8870999813079834","0.8870999813079834"
"84756","0.8871999979019165","0.8871999979019165","0.8871999979019165"
"84767","0.8871999979019165","0.8871999979019165","0.8871999979019165"
"84778","0.8871999979019165","0.8871999979019165","0.8871999979019165"
"84789","0.8873999714851379","0.8873999714851379","0.8873999714851379"
"84800","0.8871999979019165","0.8871999979019165","0.8871999979019165"
"84811","0.8872999548912048","0.8872999548912048","0.8872999548912048"
"84822","0.8871999979019165","0.8871999979019165","0.8871999979019165"
"84833","0.8871999979019165","0.8871999979019165","0.8871999979019165"
"84844","0.8872999548912048","0.8872999548912048","0.8872999548912048"
"84855","0.887499988079071","0.887499988079071","0.887499988079071"
"84866","0.887499988079071","0.887499988079071","0.887499988079071"
"84877","0.8876000046730042","0.8876000046730042","0.8876000046730042"
"84888","0.8876000046730042","0.8876000046730042","0.8876000046730042"
"84899","0.8876999616622925","0.8876999616622925","0.8876999616622925"
"84910","0.8876000046730042","0.8876000046730042","0.8876000046730042"
"84921","0.8878999948501587","0.8878999948501587","0.8878999948501587"
"84932","0.8878999948501587","0.8878999948501587","0.8878999948501587"
"84943","0.8878999948501587","0.8878999948501587","0.8878999948501587"
"84954","0.8878999948501587","0.8878999948501587","0.8878999948501587"
"84965","0.887999951839447","0.887999951839447","0.887999951839447"
"84976","0.8878999948501587","0.8878999948501587","0.8878999948501587"
"84987","0.8878999948501587","0.8878999948501587","0.8878999948501587"
"84998","0.8877999782562256","0.8877999782562256","0.8877999782562256"
"85009","0.8877999782562256","0.8877999782562256","0.8877999782562256"
"85020","0.8878999948501587","0.8878999948501587","0.8878999948501587"
"85031","0.8878999948501587","0.8878999948501587","0.8878999948501587"
"85042","0.887999951839447","0.887999951839447","0.887999951839447"
"85053","0.8880999684333801","0.8880999684333801","0.8880999684333801"
"85064","0.8881999850273132","0.8881999850273132","0.8881999850273132"
"85075","0.8880999684333801","0.8880999684333801","0.8880999684333801"
"85086","0.887999951839447","0.887999951839447","0.887999951839447"
"85097","0.8880999684333801","0.8880999684333801","0.8880999684333801"
"85108","0.8880999684333801","0.8880999684333801","0.8880999684333801"
"85119","0.887999951839447","0.887999951839447","0.887999951839447"
"85130","0.8880999684333801","0.8880999684333801","0.8880999684333801"
"85141","0.887999951839447","0.887999951839447","0.887999951839447"
"85152","0.8880999684333801","0.8880999684333801","0.8880999684333801"
"85163","0.8878999948501587","0.8878999948501587","0.8878999948501587"
"85174","0.8883000016212463","0.8883000016212463","0.8883000016212463"
"85185","0.8883000016212463","0.8883000016212463","0.8883000016212463"
"85196","0.8881999850273132","0.8881999850273132","0.8881999850273132"
"85207","0.8880999684333801","0.8880999684333801","0.8880999684333801"
"85218","0.8881999850273132","0.8881999850273132","0.8881999850273132"
"85229","0.8883000016212463","0.8883000016212463","0.8883000016212463"
"85240","0.8883000016212463","0.8883000016212463","0.8883000016212463"
"85251","0.8883999586105347","0.8883999586105347","0.8883999586105347"
"85262","0.8883999586105347","0.8883999586105347","0.8883999586105347"
"85273","0.8883999586105347","0.8883999586105347","0.8883999586105347"
"85284","0.8883999586105347","0.8883999586105347","0.8883999586105347"
"85295","0.8884999752044678","0.8884999752044678","0.8884999752044678"
"85306","0.8884999752044678","0.8884999752044678","0.8884999752044678"
"85317","0.8885999917984009","0.8885999917984009","0.8885999917984009"
"85328","0.8886999487876892","0.8886999487876892","0.8886999487876892"
"85339","0.8887999653816223","0.8887999653816223","0.8887999653816223"
"85350","0.8887999653816223","0.8887999653816223","0.8887999653816223"
"85361","0.8886999487876892","0.8886999487876892","0.8886999487876892"
"85372","0.8886999487876892","0.8886999487876892","0.8886999487876892"
"85383","0.8887999653816223","0.8887999653816223","0.8887999653816223"
"85394","0.8888999819755554","0.8888999819755554","0.8888999819755554"
"85405","0.8888999819755554","0.8888999819755554","0.8888999819755554"
"85416","0.8887999653816223","0.8887999653816223","0.8887999653816223"
"85427","0.8888999819755554","0.8888999819755554","0.8888999819755554"
"85438","0.8889999985694885","0.8889999985694885","0.8889999985694885"
"85449","0.8888999819755554","0.8888999819755554","0.8888999819755554"
"85460","0.8887999653816223","0.8887999653816223","0.8887999653816223"
"85471","0.8889999985694885","0.8889999985694885","0.8889999985694885"
"85482","0.8888999819755554","0.8888999819755554","0.8888999819755554"
"85493","0.8890999555587769","0.8890999555587769","0.8890999555587769"
"85504","0.8890999555587769","0.8890999555587769","0.8890999555587769"
"85515","0.8890999555587769","0.8890999555587769","0.8890999555587769"
"85526","0.88919997215271","0.88919997215271","0.88919997215271"
"85537","0.88919997215271","0.88919997215271","0.88919997215271"
"85548","0.8890999555587769","0.8890999555587769","0.8890999555587769"
"85559","0.88919997215271","0.88919997215271","0.88919997215271"
"85570","0.8890999555587769","0.8890999555587769","0.8890999555587769"
"85581","0.88919997215271","0.88919997215271","0.88919997215271"
"85592","0.8892999887466431","0.8892999887466431","0.8892999887466431"
"85603","0.8894000053405762","0.8894000053405762","0.8894000053405762"
"85614","0.8894000053405762","0.8894000053405762","0.8894000053405762"
"85625","0.8894999623298645","0.8894999623298645","0.8894999623298645"
"85636","0.8894999623298645","0.8894999623298645","0.8894999623298645"
"85647","0.8895999789237976","0.8895999789237976","0.8895999789237976"
"85658","0.8895999789237976","0.8895999789237976","0.8895999789237976"
"85669","0.8894999623298645","0.8894999623298645","0.8894999623298645"
"85680","0.8895999789237976","0.8895999789237976","0.8895999789237976"
"85691","0.8896999955177307","0.8896999955177307","0.8896999955177307"
"85702","0.8896999955177307","0.8896999955177307","0.8896999955177307"
"85713","0.8895999789237976","0.8895999789237976","0.8895999789237976"
"85724","0.8896999955177307","0.8896999955177307","0.8896999955177307"
"85735","0.8896999955177307","0.8896999955177307","0.8896999955177307"
"85746","0.8895999789237976","0.8895999789237976","0.8895999789237976"
"85757","0.8895999789237976","0.8895999789237976","0.8895999789237976"
"85768","0.8895999789237976","0.8895999789237976","0.8895999789237976"
"85779","0.8894999623298645","0.8894999623298645","0.8894999623298645"
"85790","0.8894999623298645","0.8894999623298645","0.8894999623298645"
"85801","0.8895999789237976","0.8895999789237976","0.8895999789237976"
"85812","0.8895999789237976","0.8895999789237976","0.8895999789237976"
"85823","0.889799952507019","0.889799952507019","0.889799952507019"
"85834","0.8898999691009521","0.8898999691009521","0.8898999691009521"
"85845","0.889799952507019","0.889799952507019","0.889799952507019"
"85856","0.8899999856948853","0.8899999856948853","0.8899999856948853"
"85867","0.8896999955177307","0.8896999955177307","0.8896999955177307"
"85878","0.8896999955177307","0.8896999955177307","0.8896999955177307"
"85889","0.8899999856948853","0.8899999856948853","0.8899999856948853"
"85900","0.8898999691009521","0.8898999691009521","0.8898999691009521"
"85911","0.8901000022888184","0.8901000022888184","0.8901000022888184"
"85922","0.8901000022888184","0.8901000022888184","0.8901000022888184"
"85933","0.8901000022888184","0.8901000022888184","0.8901000022888184"
"85944","0.8901000022888184","0.8901000022888184","0.8901000022888184"
"85955","0.8898999691009521","0.8898999691009521","0.8898999691009521"
"85966","0.8898999691009521","0.8898999691009521","0.8898999691009521"
"85977","0.8901000022888184","0.8901000022888184","0.8901000022888184"
"85988","0.8898999691009521","0.8898999691009521","0.8898999691009521"
"85999","0.8901000022888184","0.8901000022888184","0.8901000022888184"
"86010","0.8901000022888184","0.8901000022888184","0.8901000022888184"
"86021","0.8901000022888184","0.8901000022888184","0.8901000022888184"
"86032","0.8901000022888184","0.8901000022888184","0.8901000022888184"
"86043","0.8901000022888184","0.8901000022888184","0.8901000022888184"
"86054","0.8901999592781067","0.8901999592781067","0.8901999592781067"
"86065","0.8902999758720398","0.8902999758720398","0.8902999758720398"
"86076","0.8902999758720398","0.8902999758720398","0.8902999758720398"
"86087","0.8903999924659729","0.8903999924659729","0.8903999924659729"
"86098","0.8904999494552612","0.8904999494552612","0.8904999494552612"
"86109","0.8904999494552612","0.8904999494552612","0.8904999494552612"
"86120","0.8904999494552612","0.8904999494552612","0.8904999494552612"
"86131","0.8904999494552612","0.8904999494552612","0.8904999494552612"
"86142","0.8905999660491943","0.8905999660491943","0.8905999660491943"
"86153","0.8904999494552612","0.8904999494552612","0.8904999494552612"
"86164","0.8904999494552612","0.8904999494552612","0.8904999494552612"
"86175","0.8904999494552612","0.8904999494552612","0.8904999494552612"
"86186","0.8904999494552612","0.8904999494552612","0.8904999494552612"
"86197","0.8905999660491943","0.8905999660491943","0.8905999660491943"
"86208","0.8905999660491943","0.8905999660491943","0.8905999660491943"
"86219","0.8905999660491943","0.8905999660491943","0.8905999660491943"
"86230","0.8906999826431274","0.8906999826431274","0.8906999826431274"
"86241","0.8905999660491943","0.8905999660491943","0.8905999660491943"
"86252","0.8905999660491943","0.8905999660491943","0.8905999660491943"
"86263","0.8906999826431274","0.8906999826431274","0.8906999826431274"
"86274","0.8908999562263489","0.8908999562263489","0.8908999562263489"
"86285","0.8907999992370605","0.8907999992370605","0.8907999992370605"
"86296","0.8912000060081482","0.8912000060081482","0.8912000060081482"
"86307","0.8908999562263489","0.8908999562263489","0.8908999562263489"
"86318","0.8908999562263489","0.8908999562263489","0.8908999562263489"
"86329","0.8907999992370605","0.8907999992370605","0.8907999992370605"
"86340","0.8912999629974365","0.8912999629974365","0.8912999629974365"
"86351","0.8912000060081482","0.8912000060081482","0.8912000060081482"
"86362","0.8912999629974365","0.8912999629974365","0.8912999629974365"
"86373","0.8912999629974365","0.8912999629974365","0.8912999629974365"
"86384","0.8912999629974365","0.8912999629974365","0.8912999629974365"
"86395","0.8913999795913696","0.8913999795913696","0.8913999795913696"
"86406","0.8913999795913696","0.8913999795913696","0.8913999795913696"
"86417","0.8912999629974365","0.8912999629974365","0.8912999629974365"
"86428","0.8912999629974365","0.8912999629974365","0.8912999629974365"
"86439","0.8914999961853027","0.8914999961853027","0.8914999961853027"
"86450","0.8915999531745911","0.8915999531745911","0.8915999531745911"
"86461","0.8916999697685242","0.8916999697685242","0.8916999697685242"
"86472","0.8919000029563904","0.8919000029563904","0.8919000029563904"
"86483","0.8919000029563904","0.8919000029563904","0.8919000029563904"
"86494","0.8919999599456787","0.8919999599456787","0.8919999599456787"
"86505","0.8921999931335449","0.8921999931335449","0.8921999931335449"
"86516","0.8923999667167664","0.8923999667167664","0.8923999667167664"
"86527","0.8921999931335449","0.8921999931335449","0.8921999931335449"
"86538","0.8922999501228333","0.8922999501228333","0.8922999501228333"
"86549","0.8922999501228333","0.8922999501228333","0.8922999501228333"
"86560","0.8921999931335449","0.8921999931335449","0.8921999931335449"
"86571","0.8921999931335449","0.8921999931335449","0.8921999931335449"
"86582","0.8921999931335449","0.8921999931335449","0.8921999931335449"
"86593","0.8921999931335449","0.8921999931335449","0.8921999931335449"
"86604","0.8923999667167664","0.8923999667167664","0.8923999667167664"
"86615","0.8923999667167664","0.8923999667167664","0.8923999667167664"
"86626","0.8922999501228333","0.8922999501228333","0.8922999501228333"
"86637","0.8924999833106995","0.8924999833106995","0.8924999833106995"
"86648","0.8924999833106995","0.8924999833106995","0.8924999833106995"
"86659","0.8924999833106995","0.8924999833106995","0.8924999833106995"
"86670","0.8925999999046326","0.8925999999046326","0.8925999999046326"
"86681","0.8924999833106995","0.8924999833106995","0.8924999833106995"
"86692","0.8924999833106995","0.8924999833106995","0.8924999833106995"
"86703","0.8923999667167664","0.8923999667167664","0.8923999667167664"
"86714","0.8925999999046326","0.8925999999046326","0.8925999999046326"
"86725","0.8925999999046326","0.8925999999046326","0.8925999999046326"
"86736","0.8925999999046326","0.8925999999046326","0.8925999999046326"
"86747","0.8926999568939209","0.8926999568939209","0.8926999568939209"
"86758","0.8925999999046326","0.8925999999046326","0.8925999999046326"
"86769","0.8926999568939209","0.8926999568939209","0.8926999568939209"
"86780","0.892799973487854","0.892799973487854","0.892799973487854"
"86791","0.8926999568939209","0.8926999568939209","0.8926999568939209"
"86802","0.892799973487854","0.892799973487854","0.892799973487854"
"86813","0.8928999900817871","0.8928999900817871","0.8928999900817871"
"86824","0.892799973487854","0.892799973487854","0.892799973487854"
"86835","0.8926999568939209","0.8926999568939209","0.8926999568939209"
"86846","0.8928999900817871","0.8928999900817871","0.8928999900817871"
"86857","0.8928999900817871","0.8928999900817871","0.8928999900817871"
"86868","0.8930000066757202","0.8930000066757202","0.8930000066757202"
"86879","0.8930000066757202","0.8930000066757202","0.8930000066757202"
"86890","0.8928999900817871","0.8928999900817871","0.8928999900817871"
"86901","0.8930999636650085","0.8930999636650085","0.8930999636650085"
"86912","0.8930999636650085","0.8930999636650085","0.8930999636650085"
"86923","0.8930000066757202","0.8930000066757202","0.8930000066757202"
"86934","0.8931999802589417","0.8931999802589417","0.8931999802589417"
"86945","0.8931999802589417","0.8931999802589417","0.8931999802589417"
"86956","0.8932999968528748","0.8932999968528748","0.8932999968528748"
"86967","0.8932999968528748","0.8932999968528748","0.8932999968528748"
"86978","0.8932999968528748","0.8932999968528748","0.8932999968528748"
"86989","0.8932999968528748","0.8932999968528748","0.8932999968528748"
"87000","0.8933999538421631","0.8933999538421631","0.8933999538421631"
"87011","0.8933999538421631","0.8933999538421631","0.8933999538421631"
"87022","0.8933999538421631","0.8933999538421631","0.8933999538421631"
"87033","0.8934999704360962","0.8934999704360962","0.8934999704360962"
"87044","0.8937000036239624","0.8937000036239624","0.8937000036239624"
"87055","0.8934999704360962","0.8934999704360962","0.8934999704360962"
"87066","0.8934999704360962","0.8934999704360962","0.8934999704360962"
"87077","0.8932999968528748","0.8932999968528748","0.8932999968528748"
"87088","0.8932999968528748","0.8932999968528748","0.8932999968528748"
"87099","0.8934999704360962","0.8934999704360962","0.8934999704360962"
"87110","0.8933999538421631","0.8933999538421631","0.8933999538421631"
"87121","0.8937000036239624","0.8937000036239624","0.8937000036239624"
"87132","0.8934999704360962","0.8934999704360962","0.8934999704360962"
"87143","0.8935999870300293","0.8935999870300293","0.8935999870300293"
"87154","0.8935999870300293","0.8935999870300293","0.8935999870300293"
"87165","0.8934999704360962","0.8934999704360962","0.8934999704360962"
"87176","0.8935999870300293","0.8935999870300293","0.8935999870300293"
"87187","0.8935999870300293","0.8935999870300293","0.8935999870300293"
"87198","0.8935999870300293","0.8935999870300293","0.8935999870300293"
"87209","0.8937000036239624","0.8937000036239624","0.8937000036239624"
"87220","0.8937999606132507","0.8937999606132507","0.8937999606132507"
"87231","0.8938999772071838","0.8938999772071838","0.8938999772071838"
"87242","0.8939999938011169","0.8939999938011169","0.8939999938011169"
"87253","0.8939999938011169","0.8939999938011169","0.8939999938011169"
"87264","0.8940999507904053","0.8940999507904053","0.8940999507904053"
"87275","0.8942999839782715","0.8942999839782715","0.8942999839782715"
"87286","0.8942999839782715","0.8942999839782715","0.8942999839782715"
"87297","0.8942999839782715","0.8942999839782715","0.8942999839782715"
"87308","0.8941999673843384","0.8941999673843384","0.8941999673843384"
"87319","0.8941999673843384","0.8941999673843384","0.8941999673843384"
"87330","0.8941999673843384","0.8941999673843384","0.8941999673843384"
"87341","0.8940999507904053","0.8940999507904053","0.8940999507904053"
"87352","0.8942999839782715","0.8942999839782715","0.8942999839782715"
"87363","0.8944999575614929","0.8944999575614929","0.8944999575614929"
"87374","0.8942999839782715","0.8942999839782715","0.8942999839782715"
"87385","0.8944999575614929","0.8944999575614929","0.8944999575614929"
"87396","0.8944999575614929","0.8944999575614929","0.8944999575614929"
"87407","0.894599974155426","0.894599974155426","0.894599974155426"
"87418","0.894599974155426","0.894599974155426","0.894599974155426"
"87429","0.8947999477386475","0.8947999477386475","0.8947999477386475"
"87440","0.8946999907493591","0.8946999907493591","0.8946999907493591"
"87451","0.8949999809265137","0.8949999809265137","0.8949999809265137"
"87462","0.8948999643325806","0.8948999643325806","0.8948999643325806"
"87473","0.8947999477386475","0.8947999477386475","0.8947999477386475"
"87484","0.8947999477386475","0.8947999477386475","0.8947999477386475"
"87495","0.894599974155426","0.894599974155426","0.894599974155426"
"87506","0.8946999907493591","0.8946999907493591","0.8946999907493591"
"87517","0.8946999907493591","0.8946999907493591","0.8946999907493591"
"87528","0.8949999809265137","0.8949999809265137","0.8949999809265137"
"87539","0.8949999809265137","0.8949999809265137","0.8949999809265137"
"87550","0.8948999643325806","0.8948999643325806","0.8948999643325806"
"87561","0.8947999477386475","0.8947999477386475","0.8947999477386475"
"87572","0.8947999477386475","0.8947999477386475","0.8947999477386475"
"87583","0.8946999907493591","0.8946999907493591","0.8946999907493591"
"87594","0.8946999907493591","0.8946999907493591","0.8946999907493591"
"87605","0.8947999477386475","0.8947999477386475","0.8947999477386475"
"87616","0.8949999809265137","0.8949999809265137","0.8949999809265137"
"87627","0.8947999477386475","0.8947999477386475","0.8947999477386475"
"87638","0.8948999643325806","0.8948999643325806","0.8948999643325806"
"87649","0.8950999975204468","0.8950999975204468","0.8950999975204468"
"87660","0.8951999545097351","0.8951999545097351","0.8951999545097351"
"87671","0.8950999975204468","0.8950999975204468","0.8950999975204468"
"87682","0.8950999975204468","0.8950999975204468","0.8950999975204468"
"87693","0.8951999545097351","0.8951999545097351","0.8951999545097351"
"87704","0.8951999545097351","0.8951999545097351","0.8951999545097351"
"87715","0.8949999809265137","0.8949999809265137","0.8949999809265137"
"87726","0.8951999545097351","0.8951999545097351","0.8951999545097351"
"87737","0.8951999545097351","0.8951999545097351","0.8951999545097351"
"87748","0.8951999545097351","0.8951999545097351","0.8951999545097351"
"87759","0.8953999876976013","0.8953999876976013","0.8953999876976013"
"87770","0.8953999876976013","0.8953999876976013","0.8953999876976013"
"87781","0.8951999545097351","0.8951999545097351","0.8951999545097351"
"87792","0.8950999975204468","0.8950999975204468","0.8950999975204468"
"87803","0.8950999975204468","0.8950999975204468","0.8950999975204468"
"87814","0.8953999876976013","0.8953999876976013","0.8953999876976013"
"87825","0.8955999612808228","0.8955999612808228","0.8955999612808228"
"87836","0.8955000042915344","0.8955000042915344","0.8955000042915344"
"87847","0.8955000042915344","0.8955000042915344","0.8955000042915344"
"87858","0.8955000042915344","0.8955000042915344","0.8955000042915344"
"87869","0.8955999612808228","0.8955999612808228","0.8955999612808228"
"87880","0.8955000042915344","0.8955000042915344","0.8955000042915344"
"87891","0.8955000042915344","0.8955000042915344","0.8955000042915344"
"87902","0.8953999876976013","0.8953999876976013","0.8953999876976013"
"87913","0.8955000042915344","0.8955000042915344","0.8955000042915344"
"87924","0.8955999612808228","0.8955999612808228","0.8955999612808228"
"87935","0.8956999778747559","0.8956999778747559","0.8956999778747559"
"87946","0.895799994468689","0.895799994468689","0.895799994468689"
"87957","0.895799994468689","0.895799994468689","0.895799994468689"
"87968","0.8956999778747559","0.8956999778747559","0.8956999778747559"
"87979","0.8956999778747559","0.8956999778747559","0.8956999778747559"
"87990","0.8956999778747559","0.8956999778747559","0.8956999778747559"
"88001","0.8956999778747559","0.8956999778747559","0.8956999778747559"
"88012","0.8958999514579773","0.8958999514579773","0.8958999514579773"
"88023","0.8959999680519104","0.8959999680519104","0.8959999680519104"
"88034","0.8958999514579773","0.8958999514579773","0.8958999514579773"
"88045","0.8958999514579773","0.8958999514579773","0.8958999514579773"
"88056","0.8958999514579773","0.8958999514579773","0.8958999514579773"
"88067","0.895799994468689","0.895799994468689","0.895799994468689"
"88078","0.8959999680519104","0.8959999680519104","0.8959999680519104"
"88089","0.8962000012397766","0.8962000012397766","0.8962000012397766"
"88100","0.8962999582290649","0.8962999582290649","0.8962999582290649"
"88111","0.8962000012397766","0.8962000012397766","0.8962000012397766"
"88122","0.8962000012397766","0.8962000012397766","0.8962000012397766"
"88133","0.8960999846458435","0.8960999846458435","0.8960999846458435"
"88144","0.8959999680519104","0.8959999680519104","0.8959999680519104"
"88155","0.8962999582290649","0.8962999582290649","0.8962999582290649"
"88166","0.8962000012397766","0.8962000012397766","0.8962000012397766"
"88177","0.8960999846458435","0.8960999846458435","0.8960999846458435"
"88188","0.8960999846458435","0.8960999846458435","0.8960999846458435"
"88199","0.8962000012397766","0.8962000012397766","0.8962000012397766"
"88210","0.8962999582290649","0.8962999582290649","0.8962999582290649"
"88221","0.896399974822998","0.896399974822998","0.896399974822998"
"88232","0.8962999582290649","0.8962999582290649","0.8962999582290649"
"88243","0.8962000012397766","0.8962000012397766","0.8962000012397766"
"88254","0.8962000012397766","0.8962000012397766","0.8962000012397766"
"88265","0.8960999846458435","0.8960999846458435","0.8960999846458435"
"88276","0.8960999846458435","0.8960999846458435","0.8960999846458435"
"88287","0.8962000012397766","0.8962000012397766","0.8962000012397766"
"88298","0.8962000012397766","0.8962000012397766","0.8962000012397766"
"88309","0.8962000012397766","0.8962000012397766","0.8962000012397766"
"88320","0.8962000012397766","0.8962000012397766","0.8962000012397766"
"88331","0.8962999582290649","0.8962999582290649","0.8962999582290649"
"88342","0.8959999680519104","0.8959999680519104","0.8959999680519104"
"88353","0.8962999582290649","0.8962999582290649","0.8962999582290649"
"88364","0.896399974822998","0.896399974822998","0.896399974822998"
"88375","0.896399974822998","0.896399974822998","0.896399974822998"
"88386","0.896399974822998","0.896399974822998","0.896399974822998"
"88397","0.8964999914169312","0.8964999914169312","0.8964999914169312"
"88408","0.896399974822998","0.896399974822998","0.896399974822998"
"88419","0.8962999582290649","0.8962999582290649","0.8962999582290649"
"88430","0.896399974822998","0.896399974822998","0.896399974822998"
"88441","0.896399974822998","0.896399974822998","0.896399974822998"
"88452","0.8965999484062195","0.8965999484062195","0.8965999484062195"
"88463","0.8964999914169312","0.8964999914169312","0.8964999914169312"
"88474","0.8965999484062195","0.8965999484062195","0.8965999484062195"
"88485","0.8966999650001526","0.8966999650001526","0.8966999650001526"
"88496","0.8968999981880188","0.8968999981880188","0.8968999981880188"
"88507","0.8968999981880188","0.8968999981880188","0.8968999981880188"
"88518","0.8971999883651733","0.8971999883651733","0.8971999883651733"
"88529","0.8970999717712402","0.8970999717712402","0.8970999717712402"
"88540","0.8971999883651733","0.8971999883651733","0.8971999883651733"
"88551","0.8973000049591064","0.8973000049591064","0.8973000049591064"
"88562","0.8973999619483948","0.8973999619483948","0.8973999619483948"
"88573","0.8974999785423279","0.8974999785423279","0.8974999785423279"
"88584","0.8973000049591064","0.8973000049591064","0.8973000049591064"
"88595","0.8974999785423279","0.8974999785423279","0.8974999785423279"
"88606","0.8973000049591064","0.8973000049591064","0.8973000049591064"
"88617","0.8973000049591064","0.8973000049591064","0.8973000049591064"
"88628","0.8973999619483948","0.8973999619483948","0.8973999619483948"
"88639","0.8973000049591064","0.8973000049591064","0.8973000049591064"
"88650","0.8973000049591064","0.8973000049591064","0.8973000049591064"
"88661","0.8973000049591064","0.8973000049591064","0.8973000049591064"
"88672","0.8971999883651733","0.8971999883651733","0.8971999883651733"
"88683","0.8973999619483948","0.8973999619483948","0.8973999619483948"
"88694","0.8973999619483948","0.8973999619483948","0.8973999619483948"
"88705","0.8973000049591064","0.8973000049591064","0.8973000049591064"
"88716","0.8973000049591064","0.8973000049591064","0.8973000049591064"
"88727","0.8974999785423279","0.8974999785423279","0.8974999785423279"
"88738","0.8976999521255493","0.8976999521255493","0.8976999521255493"
"88749","0.8976999521255493","0.8976999521255493","0.8976999521255493"
"88760","0.8976999521255493","0.8976999521255493","0.8976999521255493"
"88771","0.8976999521255493","0.8976999521255493","0.8976999521255493"
"88782","0.8977999687194824","0.8977999687194824","0.8977999687194824"
"88793","0.897599995136261","0.897599995136261","0.897599995136261"
"88804","0.8976999521255493","0.8976999521255493","0.8976999521255493"
"88815","0.8976999521255493","0.8976999521255493","0.8976999521255493"
"88826","0.8980000019073486","0.8980000019073486","0.8980000019073486"
"88837","0.8978999853134155","0.8978999853134155","0.8978999853134155"
"88848","0.8977999687194824","0.8977999687194824","0.8977999687194824"
"88859","0.8977999687194824","0.8977999687194824","0.8977999687194824"
"88870","0.897599995136261","0.897599995136261","0.897599995136261"
"88881","0.8977999687194824","0.8977999687194824","0.8977999687194824"
"88892","0.8980000019073486","0.8980000019073486","0.8980000019073486"
"88903","0.8977999687194824","0.8977999687194824","0.8977999687194824"
"88914","0.8978999853134155","0.8978999853134155","0.8978999853134155"
"88925","0.8977999687194824","0.8977999687194824","0.8977999687194824"
"88936","0.8978999853134155","0.8978999853134155","0.8978999853134155"
"88947","0.8980000019073486","0.8980000019073486","0.8980000019073486"
"88958","0.8980000019073486","0.8980000019073486","0.8980000019073486"
"88969","0.898099958896637","0.898099958896637","0.898099958896637"
"88980","0.898099958896637","0.898099958896637","0.898099958896637"
"88991","0.898099958896637","0.898099958896637","0.898099958896637"
"89002","0.898099958896637","0.898099958896637","0.898099958896637"
"89013","0.8981999754905701","0.8981999754905701","0.8981999754905701"
"89024","0.8981999754905701","0.8981999754905701","0.8981999754905701"
"89035","0.898099958896637","0.898099958896637","0.898099958896637"
"89046","0.898099958896637","0.898099958896637","0.898099958896637"
"89057","0.898099958896637","0.898099958896637","0.898099958896637"
"89068","0.898099958896637","0.898099958896637","0.898099958896637"
"89079","0.898099958896637","0.898099958896637","0.898099958896637"
"89090","0.8981999754905701","0.8981999754905701","0.8981999754905701"
"89101","0.8981999754905701","0.8981999754905701","0.8981999754905701"
"89112","0.8981999754905701","0.8981999754905701","0.8981999754905701"
"89123","0.898099958896637","0.898099958896637","0.898099958896637"
"89134","0.898099958896637","0.898099958896637","0.898099958896637"
"89145","0.8982999920845032","0.8982999920845032","0.8982999920845032"
"89156","0.8982999920845032","0.8982999920845032","0.8982999920845032"
"89167","0.8982999920845032","0.8982999920845032","0.8982999920845032"
"89178","0.8982999920845032","0.8982999920845032","0.8982999920845032"
"89189","0.8985999822616577","0.8985999822616577","0.8985999822616577"
"89200","0.8985999822616577","0.8985999822616577","0.8985999822616577"
"89211","0.8986999988555908","0.8986999988555908","0.8986999988555908"
"89222","0.8984999656677246","0.8984999656677246","0.8984999656677246"
"89233","0.8984999656677246","0.8984999656677246","0.8984999656677246"
"89244","0.8986999988555908","0.8986999988555908","0.8986999988555908"
"89255","0.8985999822616577","0.8985999822616577","0.8985999822616577"
"89266","0.8988999724388123","0.8988999724388123","0.8988999724388123"
"89277","0.8988999724388123","0.8988999724388123","0.8988999724388123"
"89288","0.8988999724388123","0.8988999724388123","0.8988999724388123"
"89299","0.8988999724388123","0.8988999724388123","0.8988999724388123"
"89310","0.8989999890327454","0.8989999890327454","0.8989999890327454"
"89321","0.8989999890327454","0.8989999890327454","0.8989999890327454"
"89332","0.8991000056266785","0.8991000056266785","0.8991000056266785"
"89343","0.8991999626159668","0.8991999626159668","0.8991999626159668"
"89354","0.8991999626159668","0.8991999626159668","0.8991999626159668"
"89365","0.8992999792098999","0.8992999792098999","0.8992999792098999"
"89376","0.8992999792098999","0.8992999792098999","0.8992999792098999"
"89387","0.8991999626159668","0.8991999626159668","0.8991999626159668"
"89398","0.8991999626159668","0.8991999626159668","0.8991999626159668"
"89409","0.8991999626159668","0.8991999626159668","0.8991999626159668"
"89420","0.8991999626159668","0.8991999626159668","0.8991999626159668"
"89431","0.8992999792098999","0.8992999792098999","0.8992999792098999"
"89442","0.8991999626159668","0.8991999626159668","0.8991999626159668"
"89453","0.8992999792098999","0.8992999792098999","0.8992999792098999"
"89464","0.899399995803833","0.899399995803833","0.899399995803833"
"89475","0.899399995803833","0.899399995803833","0.899399995803833"
"89486","0.8994999527931213","0.8994999527931213","0.8994999527931213"
"89497","0.899399995803833","0.899399995803833","0.899399995803833"
"89508","0.8995999693870544","0.8995999693870544","0.8995999693870544"
"89519","0.8995999693870544","0.8995999693870544","0.8995999693870544"
"89530","0.8994999527931213","0.8994999527931213","0.8994999527931213"
"89541","0.8995999693870544","0.8995999693870544","0.8995999693870544"
"89552","0.8995999693870544","0.8995999693870544","0.8995999693870544"
"89563","0.8995999693870544","0.8995999693870544","0.8995999693870544"
"89574","0.8996999859809875","0.8996999859809875","0.8996999859809875"
"89585","0.8996999859809875","0.8996999859809875","0.8996999859809875"
"89596","0.8995999693870544","0.8995999693870544","0.8995999693870544"
"89607","0.8994999527931213","0.8994999527931213","0.8994999527931213"
"89618","0.8995999693870544","0.8995999693870544","0.8995999693870544"
"89629","0.899899959564209","0.899899959564209","0.899899959564209"
"89640","0.8998000025749207","0.8998000025749207","0.8998000025749207"
"89651","0.8998000025749207","0.8998000025749207","0.8998000025749207"
"89662","0.8996999859809875","0.8996999859809875","0.8996999859809875"
"89673","0.8996999859809875","0.8996999859809875","0.8996999859809875"
"89684","0.8994999527931213","0.8994999527931213","0.8994999527931213"
"89695","0.8995999693870544","0.8995999693870544","0.8995999693870544"
"89706","0.899899959564209","0.899899959564209","0.899899959564209"
"89717","0.899899959564209","0.899899959564209","0.899899959564209"
"89728","0.899899959564209","0.899899959564209","0.899899959564209"
"89739","0.899899959564209","0.899899959564209","0.899899959564209"
"89750","0.8996999859809875","0.8996999859809875","0.8996999859809875"
"89761","0.8998000025749207","0.8998000025749207","0.8998000025749207"
"89772","0.8999999761581421","0.8999999761581421","0.8999999761581421"
"89783","0.9000999927520752","0.9000999927520752","0.9000999927520752"
"89794","0.9000999927520752","0.9000999927520752","0.9000999927520752"
"89805","0.9001999497413635","0.9001999497413635","0.9001999497413635"
"89816","0.9001999497413635","0.9001999497413635","0.9001999497413635"
"89827","0.9001999497413635","0.9001999497413635","0.9001999497413635"
"89838","0.9001999497413635","0.9001999497413635","0.9001999497413635"
"89849","0.9001999497413635","0.9001999497413635","0.9001999497413635"
"89860","0.9001999497413635","0.9001999497413635","0.9001999497413635"
"89871","0.9001999497413635","0.9001999497413635","0.9001999497413635"
"89882","0.9001999497413635","0.9001999497413635","0.9001999497413635"
"89893","0.9002999663352966","0.9002999663352966","0.9002999663352966"
"89904","0.9001999497413635","0.9001999497413635","0.9001999497413635"
"89915","0.9001999497413635","0.9001999497413635","0.9001999497413635"
"89926","0.9002999663352966","0.9002999663352966","0.9002999663352966"
"89937","0.9000999927520752","0.9000999927520752","0.9000999927520752"
"89948","0.9003999829292297","0.9003999829292297","0.9003999829292297"
"89959","0.9003999829292297","0.9003999829292297","0.9003999829292297"
"89970","0.9000999927520752","0.9000999927520752","0.9000999927520752"
"89981","0.9002999663352966","0.9002999663352966","0.9002999663352966"
"89992","0.9003999829292297","0.9003999829292297","0.9003999829292297"
"90003","0.9002999663352966","0.9002999663352966","0.9002999663352966"
"90014","0.9003999829292297","0.9003999829292297","0.9003999829292297"
"90025","0.9003999829292297","0.9003999829292297","0.9003999829292297"
"90036","0.9003999829292297","0.9003999829292297","0.9003999829292297"
"90047","0.9003999829292297","0.9003999829292297","0.9003999829292297"
"90058","0.9004999995231628","0.9004999995231628","0.9004999995231628"
"90069","0.9003999829292297","0.9003999829292297","0.9003999829292297"
"90080","0.9003999829292297","0.9003999829292297","0.9003999829292297"
"90091","0.9004999995231628","0.9004999995231628","0.9004999995231628"
"90102","0.9004999995231628","0.9004999995231628","0.9004999995231628"
"90113","0.9006999731063843","0.9006999731063843","0.9006999731063843"
"90124","0.9007999897003174","0.9007999897003174","0.9007999897003174"
"90135","0.9006999731063843","0.9006999731063843","0.9006999731063843"
"90146","0.9007999897003174","0.9007999897003174","0.9007999897003174"
"90157","0.9007999897003174","0.9007999897003174","0.9007999897003174"
"90168","0.9010999798774719","0.9010999798774719","0.9010999798774719"
"90179","0.9009999632835388","0.9009999632835388","0.9009999632835388"
"90190","0.9009999632835388","0.9009999632835388","0.9009999632835388"
"90201","0.9010999798774719","0.9010999798774719","0.9010999798774719"
"90212","0.9010999798774719","0.9010999798774719","0.9010999798774719"
"90223","0.9010999798774719","0.9010999798774719","0.9010999798774719"
"90234","0.901199996471405","0.901199996471405","0.901199996471405"
"90245","0.9012999534606934","0.9012999534606934","0.9012999534606934"
"90256","0.9012999534606934","0.9012999534606934","0.9012999534606934"
"90267","0.9012999534606934","0.9012999534606934","0.9012999534606934"
"90278","0.901199996471405","0.901199996471405","0.901199996471405"
"90289","0.9010999798774719","0.9010999798774719","0.9010999798774719"
"90300","0.9013999700546265","0.9013999700546265","0.9013999700546265"
"90311","0.9013999700546265","0.9013999700546265","0.9013999700546265"
"90322","0.9014999866485596","0.9014999866485596","0.9014999866485596"
"90333","0.9014999866485596","0.9014999866485596","0.9014999866485596"
"90344","0.9014999866485596","0.9014999866485596","0.9014999866485596"
"90355","0.901699960231781","0.901699960231781","0.901699960231781"
"90366","0.901699960231781","0.901699960231781","0.901699960231781"
"90377","0.901699960231781","0.901699960231781","0.901699960231781"
"90388","0.901699960231781","0.901699960231781","0.901699960231781"
"90399","0.9017999768257141","0.9017999768257141","0.9017999768257141"
"90410","0.9017999768257141","0.9017999768257141","0.9017999768257141"
"90421","0.9017999768257141","0.9017999768257141","0.9017999768257141"
"90432","0.9018999934196472","0.9018999934196472","0.9018999934196472"
"90443","0.9018999934196472","0.9018999934196472","0.9018999934196472"
"90454","0.9017999768257141","0.9017999768257141","0.9017999768257141"
"90465","0.9019999504089355","0.9019999504089355","0.9019999504089355"
"90476","0.9019999504089355","0.9019999504089355","0.9019999504089355"
"90487","0.9019999504089355","0.9019999504089355","0.9019999504089355"
"90498","0.9020999670028687","0.9020999670028687","0.9020999670028687"
"90509","0.9020999670028687","0.9020999670028687","0.9020999670028687"
"90520","0.9019999504089355","0.9019999504089355","0.9019999504089355"
"90531","0.9019999504089355","0.9019999504089355","0.9019999504089355"
"90542","0.9020999670028687","0.9020999670028687","0.9020999670028687"
"90553","0.9021999835968018","0.9021999835968018","0.9021999835968018"
"90564","0.9021999835968018","0.9021999835968018","0.9021999835968018"
"90575","0.9023000001907349","0.9023000001907349","0.9023000001907349"
"90586","0.9023000001907349","0.9023000001907349","0.9023000001907349"
"90597","0.9024999737739563","0.9024999737739563","0.9024999737739563"
"90608","0.9023999571800232","0.9023999571800232","0.9023999571800232"
"90619","0.9023999571800232","0.9023999571800232","0.9023999571800232"
"90630","0.9021999835968018","0.9021999835968018","0.9021999835968018"
"90641","0.9023000001907349","0.9023000001907349","0.9023000001907349"
"90652","0.9025999903678894","0.9025999903678894","0.9025999903678894"
"90663","0.9025999903678894","0.9025999903678894","0.9025999903678894"
"90674","0.9024999737739563","0.9024999737739563","0.9024999737739563"
"90685","0.9024999737739563","0.9024999737739563","0.9024999737739563"
"90696","0.9027000069618225","0.9027000069618225","0.9027000069618225"
"90707","0.9027000069618225","0.9027000069618225","0.9027000069618225"
"90718","0.9027999639511108","0.9027999639511108","0.9027999639511108"
"90729","0.902899980545044","0.902899980545044","0.902899980545044"
"90740","0.9027000069618225","0.9027000069618225","0.9027000069618225"
"90751","0.902899980545044","0.902899980545044","0.902899980545044"
"90762","0.902899980545044","0.902899980545044","0.902899980545044"
"90773","0.902999997138977","0.902999997138977","0.902999997138977"
"90784","0.902999997138977","0.902999997138977","0.902999997138977"
"90795","0.902999997138977","0.902999997138977","0.902999997138977"
"90806","0.902999997138977","0.902999997138977","0.902999997138977"
"90817","0.902999997138977","0.902999997138977","0.902999997138977"
"90828","0.902999997138977","0.902999997138977","0.902999997138977"
"90839","0.902999997138977","0.902999997138977","0.902999997138977"
"90850","0.9030999541282654","0.9030999541282654","0.9030999541282654"
"90861","0.9030999541282654","0.9030999541282654","0.9030999541282654"
"90872","0.9030999541282654","0.9030999541282654","0.9030999541282654"
"90883","0.9031999707221985","0.9031999707221985","0.9031999707221985"
"90894","0.9032999873161316","0.9032999873161316","0.9032999873161316"
"90905","0.9034000039100647","0.9034000039100647","0.9034000039100647"
"90916","0.9034000039100647","0.9034000039100647","0.9034000039100647"
"90927","0.9034000039100647","0.9034000039100647","0.9034000039100647"
"90938","0.9032999873161316","0.9032999873161316","0.9032999873161316"
"90949","0.9032999873161316","0.9032999873161316","0.9032999873161316"
"90960","0.903499960899353","0.903499960899353","0.903499960899353"
"90971","0.9034000039100647","0.9034000039100647","0.9034000039100647"
"90982","0.9036999940872192","0.9036999940872192","0.9036999940872192"
"90993","0.9035999774932861","0.9035999774932861","0.9035999774932861"
"91004","0.9037999510765076","0.9037999510765076","0.9037999510765076"
"91015","0.9039999842643738","0.9039999842643738","0.9039999842643738"
"91026","0.9038999676704407","0.9038999676704407","0.9038999676704407"
"91037","0.9038999676704407","0.9038999676704407","0.9038999676704407"
"91048","0.9041000008583069","0.9041000008583069","0.9041000008583069"
"91059","0.9041000008583069","0.9041000008583069","0.9041000008583069"
"91070","0.9039999842643738","0.9039999842643738","0.9039999842643738"
"91081","0.9041999578475952","0.9041999578475952","0.9041999578475952"
"91092","0.9041000008583069","0.9041000008583069","0.9041000008583069"
"91103","0.9039999842643738","0.9039999842643738","0.9039999842643738"
"91114","0.9039999842643738","0.9039999842643738","0.9039999842643738"
"91125","0.9041000008583069","0.9041000008583069","0.9041000008583069"
"91136","0.9041999578475952","0.9041999578475952","0.9041999578475952"
"91147","0.9041999578475952","0.9041999578475952","0.9041999578475952"
"91158","0.9042999744415283","0.9042999744415283","0.9042999744415283"
"91169","0.9041999578475952","0.9041999578475952","0.9041999578475952"
"91180","0.9042999744415283","0.9042999744415283","0.9042999744415283"
"91191","0.9042999744415283","0.9042999744415283","0.9042999744415283"
"91202","0.9042999744415283","0.9042999744415283","0.9042999744415283"
"91213","0.9043999910354614","0.9043999910354614","0.9043999910354614"
"91224","0.9042999744415283","0.9042999744415283","0.9042999744415283"
"91235","0.9043999910354614","0.9043999910354614","0.9043999910354614"
"91246","0.9042999744415283","0.9042999744415283","0.9042999744415283"
"91257","0.9043999910354614","0.9043999910354614","0.9043999910354614"
"91268","0.9045999646186829","0.9045999646186829","0.9045999646186829"
"91279","0.9045999646186829","0.9045999646186829","0.9045999646186829"
"91290","0.9045999646186829","0.9045999646186829","0.9045999646186829"
"91301","0.9044999480247498","0.9044999480247498","0.9044999480247498"
"91312","0.9045999646186829","0.9045999646186829","0.9045999646186829"
"91323","0.904699981212616","0.904699981212616","0.904699981212616"
"91334","0.9045999646186829","0.9045999646186829","0.9045999646186829"
"91345","0.904699981212616","0.904699981212616","0.904699981212616"
"91356","0.9045999646186829","0.9045999646186829","0.9045999646186829"
"91367","0.9045999646186829","0.9045999646186829","0.9045999646186829"
"91378","0.9045999646186829","0.9045999646186829","0.9045999646186829"
"91389","0.9044999480247498","0.9044999480247498","0.9044999480247498"
"91400","0.9045999646186829","0.9045999646186829","0.9045999646186829"
"91411","0.904699981212616","0.904699981212616","0.904699981212616"
"91422","0.9045999646186829","0.9045999646186829","0.9045999646186829"
"91433","0.904699981212616","0.904699981212616","0.904699981212616"
"91444","0.9047999978065491","0.9047999978065491","0.9047999978065491"
"91455","0.9047999978065491","0.9047999978065491","0.9047999978065491"
"91466","0.904699981212616","0.904699981212616","0.904699981212616"
"91477","0.904699981212616","0.904699981212616","0.904699981212616"
"91488","0.9047999978065491","0.9047999978065491","0.9047999978065491"
"91499","0.904699981212616","0.904699981212616","0.904699981212616"
"91510","0.904699981212616","0.904699981212616","0.904699981212616"
"91521","0.9047999978065491","0.9047999978065491","0.9047999978065491"
"91532","0.9047999978065491","0.9047999978065491","0.9047999978065491"
"91543","0.9047999978065491","0.9047999978065491","0.9047999978065491"
"91554","0.9047999978065491","0.9047999978065491","0.9047999978065491"
"91565","0.9047999978065491","0.9047999978065491","0.9047999978065491"
"91576","0.9048999547958374","0.9048999547958374","0.9048999547958374"
"91587","0.9047999978065491","0.9047999978065491","0.9047999978065491"
"91598","0.9048999547958374","0.9048999547958374","0.9048999547958374"
"91609","0.9047999978065491","0.9047999978065491","0.9047999978065491"
"91620","0.9048999547958374","0.9048999547958374","0.9048999547958374"
"91631","0.9048999547958374","0.9048999547958374","0.9048999547958374"
"91642","0.9049999713897705","0.9049999713897705","0.9049999713897705"
"91653","0.9050999879837036","0.9050999879837036","0.9050999879837036"
"91664","0.9050999879837036","0.9050999879837036","0.9050999879837036"
"91675","0.9052000045776367","0.9052000045776367","0.9052000045776367"
"91686","0.9050999879837036","0.9050999879837036","0.9050999879837036"
"91697","0.905299961566925","0.905299961566925","0.905299961566925"
"91708","0.9050999879837036","0.9050999879837036","0.9050999879837036"
"91719","0.905299961566925","0.905299961566925","0.905299961566925"
"91730","0.9050999879837036","0.9050999879837036","0.9050999879837036"
"91741","0.9052000045776367","0.9052000045776367","0.9052000045776367"
"91752","0.9053999781608582","0.9053999781608582","0.9053999781608582"
"91763","0.905299961566925","0.905299961566925","0.905299961566925"
"91774","0.9054999947547913","0.9054999947547913","0.9054999947547913"
"91785","0.9054999947547913","0.9054999947547913","0.9054999947547913"
"91796","0.9054999947547913","0.9054999947547913","0.9054999947547913"
"91807","0.9053999781608582","0.9053999781608582","0.9053999781608582"
"91818","0.9055999517440796","0.9055999517440796","0.9055999517440796"
"91829","0.9055999517440796","0.9055999517440796","0.9055999517440796"
"91840","0.9055999517440796","0.9055999517440796","0.9055999517440796"
"91851","0.9055999517440796","0.9055999517440796","0.9055999517440796"
"91862","0.9055999517440796","0.9055999517440796","0.9055999517440796"
"91873","0.9055999517440796","0.9055999517440796","0.9055999517440796"
"91884","0.9055999517440796","0.9055999517440796","0.9055999517440796"
"91895","0.9055999517440796","0.9055999517440796","0.9055999517440796"
"91906","0.9055999517440796","0.9055999517440796","0.9055999517440796"
"91917","0.9055999517440796","0.9055999517440796","0.9055999517440796"
"91928","0.9056999683380127","0.9056999683380127","0.9056999683380127"
"91939","0.9056999683380127","0.9056999683380127","0.9056999683380127"
"91950","0.9056999683380127","0.9056999683380127","0.9056999683380127"
"91961","0.9055999517440796","0.9055999517440796","0.9055999517440796"
"91972","0.9055999517440796","0.9055999517440796","0.9055999517440796"
"91983","0.9055999517440796","0.9055999517440796","0.9055999517440796"
"91994","0.9054999947547913","0.9054999947547913","0.9054999947547913"
"92005","0.9055999517440796","0.9055999517440796","0.9055999517440796"
"92016","0.9055999517440796","0.9055999517440796","0.9055999517440796"
"92027","0.9055999517440796","0.9055999517440796","0.9055999517440796"
"92038","0.9055999517440796","0.9055999517440796","0.9055999517440796"
"92049","0.9057999849319458","0.9057999849319458","0.9057999849319458"
"92060","0.9057999849319458","0.9057999849319458","0.9057999849319458"
"92071","0.9057999849319458","0.9057999849319458","0.9057999849319458"
"92082","0.9057999849319458","0.9057999849319458","0.9057999849319458"
"92093","0.9059000015258789","0.9059000015258789","0.9059000015258789"
"92104","0.9057999849319458","0.9057999849319458","0.9057999849319458"
"92115","0.9059999585151672","0.9059999585151672","0.9059999585151672"
"92126","0.9059999585151672","0.9059999585151672","0.9059999585151672"
"92137","0.9059999585151672","0.9059999585151672","0.9059999585151672"
"92148","0.9060999751091003","0.9060999751091003","0.9060999751091003"
"92159","0.9061999917030334","0.9061999917030334","0.9061999917030334"
"92170","0.9059999585151672","0.9059999585151672","0.9059999585151672"
"92181","0.9060999751091003","0.9060999751091003","0.9060999751091003"
"92192","0.9060999751091003","0.9060999751091003","0.9060999751091003"
"92203","0.9061999917030334","0.9061999917030334","0.9061999917030334"
"92214","0.9061999917030334","0.9061999917030334","0.9061999917030334"
"92225","0.9061999917030334","0.9061999917030334","0.9061999917030334"
"92236","0.9062999486923218","0.9062999486923218","0.9062999486923218"
"92247","0.9063999652862549","0.9063999652862549","0.9063999652862549"
"92258","0.9062999486923218","0.9062999486923218","0.9062999486923218"
"92269","0.9061999917030334","0.9061999917030334","0.9061999917030334"
"92280","0.9062999486923218","0.9062999486923218","0.9062999486923218"
"92291","0.9062999486923218","0.9062999486923218","0.9062999486923218"
"92302","0.9063999652862549","0.9063999652862549","0.9063999652862549"
"92313","0.9062999486923218","0.9062999486923218","0.9062999486923218"
"92324","0.9063999652862549","0.9063999652862549","0.9063999652862549"
"92335","0.906499981880188","0.906499981880188","0.906499981880188"
"92346","0.906499981880188","0.906499981880188","0.906499981880188"
"92357","0.9066999554634094","0.9066999554634094","0.9066999554634094"
"92368","0.9066999554634094","0.9066999554634094","0.9066999554634094"
"92379","0.9065999984741211","0.9065999984741211","0.9065999984741211"
"92390","0.9065999984741211","0.9065999984741211","0.9065999984741211"
"92401","0.9065999984741211","0.9065999984741211","0.9065999984741211"
"92412","0.9066999554634094","0.9066999554634094","0.9066999554634094"
"92423","0.9065999984741211","0.9065999984741211","0.9065999984741211"
"92434","0.9067999720573425","0.9067999720573425","0.9067999720573425"
"92445","0.9066999554634094","0.9066999554634094","0.9066999554634094"
"92456","0.9067999720573425","0.9067999720573425","0.9067999720573425"
"92467","0.9068999886512756","0.9068999886512756","0.9068999886512756"
"92478","0.9070000052452087","0.9070000052452087","0.9070000052452087"
"92489","0.9068999886512756","0.9068999886512756","0.9068999886512756"
"92500","0.9070000052452087","0.9070000052452087","0.9070000052452087"
"92511","0.9068999886512756","0.9068999886512756","0.9068999886512756"
"92522","0.9070000052452087","0.9070000052452087","0.9070000052452087"
"92533","0.9070000052452087","0.9070000052452087","0.9070000052452087"
"92544","0.9068999886512756","0.9068999886512756","0.9068999886512756"
"92555","0.9070000052452087","0.9070000052452087","0.9070000052452087"
"92566","0.9070000052452087","0.9070000052452087","0.9070000052452087"
"92577","0.9070999622344971","0.9070999622344971","0.9070999622344971"
"92588","0.9070000052452087","0.9070000052452087","0.9070000052452087"
"92599","0.9070000052452087","0.9070000052452087","0.9070000052452087"
"92610","0.9070999622344971","0.9070999622344971","0.9070999622344971"
"92621","0.9071999788284302","0.9071999788284302","0.9071999788284302"
"92632","0.9071999788284302","0.9071999788284302","0.9071999788284302"
"92643","0.9073999524116516","0.9073999524116516","0.9073999524116516"
"92654","0.9073999524116516","0.9073999524116516","0.9073999524116516"
"92665","0.9073999524116516","0.9073999524116516","0.9073999524116516"
"92676","0.9073999524116516","0.9073999524116516","0.9073999524116516"
"92687","0.9074999690055847","0.9074999690055847","0.9074999690055847"
"92698","0.9074999690055847","0.9074999690055847","0.9074999690055847"
"92709","0.9077000021934509","0.9077000021934509","0.9077000021934509"
"92720","0.9075999855995178","0.9075999855995178","0.9075999855995178"
"92731","0.9075999855995178","0.9075999855995178","0.9075999855995178"
"92742","0.9077000021934509","0.9077000021934509","0.9077000021934509"
"92753","0.9077000021934509","0.9077000021934509","0.9077000021934509"
"92764","0.9077000021934509","0.9077000021934509","0.9077000021934509"
"92775","0.9078999757766724","0.9078999757766724","0.9078999757766724"
"92786","0.9078999757766724","0.9078999757766724","0.9078999757766724"
"92797","0.9079999923706055","0.9079999923706055","0.9079999923706055"
"92808","0.9079999923706055","0.9079999923706055","0.9079999923706055"
"92819","0.9080999493598938","0.9080999493598938","0.9080999493598938"
"92830","0.9080999493598938","0.9080999493598938","0.9080999493598938"
"92841","0.9078999757766724","0.9078999757766724","0.9078999757766724"
"92852","0.9078999757766724","0.9078999757766724","0.9078999757766724"
"92863","0.9079999923706055","0.9079999923706055","0.9079999923706055"
"92874","0.9079999923706055","0.9079999923706055","0.9079999923706055"
"92885","0.9079999923706055","0.9079999923706055","0.9079999923706055"
"92896","0.9081999659538269","0.9081999659538269","0.9081999659538269"
"92907","0.9079999923706055","0.9079999923706055","0.9079999923706055"
"92918","0.9081999659538269","0.9081999659538269","0.9081999659538269"
"92929","0.9083999991416931","0.9083999991416931","0.9083999991416931"
"92940","0.9086999893188477","0.9086999893188477","0.9086999893188477"
"92951","0.9085999727249146","0.9085999727249146","0.9085999727249146"
"92962","0.9088999629020691","0.9088999629020691","0.9088999629020691"
"92973","0.9086999893188477","0.9086999893188477","0.9086999893188477"
"92984","0.9086999893188477","0.9086999893188477","0.9086999893188477"
"92995","0.9086999893188477","0.9086999893188477","0.9086999893188477"
"93006","0.9088000059127808","0.9088000059127808","0.9088000059127808"
"93017","0.9089999794960022","0.9089999794960022","0.9089999794960022"
"93028","0.9089999794960022","0.9089999794960022","0.9089999794960022"
"93039","0.9090999960899353","0.9090999960899353","0.9090999960899353"
"93050","0.9089999794960022","0.9089999794960022","0.9089999794960022"
"93061","0.9090999960899353","0.9090999960899353","0.9090999960899353"
"93072","0.9090999960899353","0.9090999960899353","0.9090999960899353"
"93083","0.9091999530792236","0.9091999530792236","0.9091999530792236"
"93094","0.9091999530792236","0.9091999530792236","0.9091999530792236"
"93105","0.9090999960899353","0.9090999960899353","0.9090999960899353"
"93116","0.9091999530792236","0.9091999530792236","0.9091999530792236"
"93127","0.9090999960899353","0.9090999960899353","0.9090999960899353"
"93138","0.9091999530792236","0.9091999530792236","0.9091999530792236"
"93149","0.9091999530792236","0.9091999530792236","0.9091999530792236"
"93160","0.9092999696731567","0.9092999696731567","0.9092999696731567"
"93171","0.9092999696731567","0.9092999696731567","0.9092999696731567"
"93182","0.9092999696731567","0.9092999696731567","0.9092999696731567"
"93193","0.9092999696731567","0.9092999696731567","0.9092999696731567"
"93204","0.9093999862670898","0.9093999862670898","0.9093999862670898"
"93215","0.909500002861023","0.909500002861023","0.909500002861023"
"93226","0.9092999696731567","0.9092999696731567","0.9092999696731567"
"93237","0.9092999696731567","0.9092999696731567","0.9092999696731567"
"93248","0.9092999696731567","0.9092999696731567","0.9092999696731567"
"93259","0.909500002861023","0.909500002861023","0.909500002861023"
"93270","0.909500002861023","0.909500002861023","0.909500002861023"
"93281","0.9093999862670898","0.9093999862670898","0.9093999862670898"
"93292","0.909500002861023","0.909500002861023","0.909500002861023"
"93303","0.9093999862670898","0.9093999862670898","0.9093999862670898"
"93314","0.9096999764442444","0.9096999764442444","0.9096999764442444"
"93325","0.9093999862670898","0.9093999862670898","0.9093999862670898"
"93336","0.9096999764442444","0.9096999764442444","0.9096999764442444"
"93347","0.9095999598503113","0.9095999598503113","0.9095999598503113"
"93358","0.9096999764442444","0.9096999764442444","0.9096999764442444"
"93369","0.9095999598503113","0.9095999598503113","0.9095999598503113"
"93380","0.9095999598503113","0.9095999598503113","0.9095999598503113"
"93391","0.9095999598503113","0.9095999598503113","0.9095999598503113"
"93402","0.909500002861023","0.909500002861023","0.909500002861023"
"93413","0.9106999635696411","0.9106999635696411","0.9106999635696411"
"93424","0.9106000065803528","0.9106000065803528","0.9106000065803528"
"93435","0.9109999537467957","0.9109999537467957","0.9109999537467957"
"93446","0.9110999703407288","0.9110999703407288","0.9110999703407288"
"93457","0.9109999537467957","0.9109999537467957","0.9109999537467957"
"93468","0.9110999703407288","0.9110999703407288","0.9110999703407288"
"93479","0.9111999869346619","0.9111999869346619","0.9111999869346619"
"93490","0.9111999869346619","0.9111999869346619","0.9111999869346619"
"93501","0.911300003528595","0.911300003528595","0.911300003528595"
"93512","0.9111999869346619","0.9111999869346619","0.9111999869346619"
"93523","0.9111999869346619","0.9111999869346619","0.9111999869346619"
"93534","0.9111999869346619","0.9111999869346619","0.9111999869346619"
"93545","0.9111999869346619","0.9111999869346619","0.9111999869346619"
"93556","0.911300003528595","0.911300003528595","0.911300003528595"
"93567","0.911300003528595","0.911300003528595","0.911300003528595"
"93578","0.9111999869346619","0.9111999869346619","0.9111999869346619"
"93589","0.911300003528595","0.911300003528595","0.911300003528595"
"93600","0.911300003528595","0.911300003528595","0.911300003528595"
"93611","0.911300003528595","0.911300003528595","0.911300003528595"
"93622","0.9114999771118164","0.9114999771118164","0.9114999771118164"
"93633","0.9115999937057495","0.9115999937057495","0.9115999937057495"
"93644","0.9106000065803528","0.9106000065803528","0.9106000065803528"
"93655","0.9102999567985535","0.9102999567985535","0.9102999567985535"
"93666","0.910099983215332","0.910099983215332","0.910099983215332"
"93677","0.910099983215332","0.910099983215332","0.910099983215332"
"93688","0.9103999733924866","0.9103999733924866","0.9103999733924866"
"93699","0.9113999605178833","0.9113999605178833","0.9113999605178833"
"93710","0.9114999771118164","0.9114999771118164","0.9114999771118164"
"93721","0.9114999771118164","0.9114999771118164","0.9114999771118164"
"93732","0.9114999771118164","0.9114999771118164","0.9114999771118164"
"93743","0.911300003528595","0.911300003528595","0.911300003528595"
"93754","0.9113999605178833","0.9113999605178833","0.9113999605178833"
"93765","0.911300003528595","0.911300003528595","0.911300003528595"
"93776","0.9102999567985535","0.9102999567985535","0.9102999567985535"
"93787","0.911300003528595","0.911300003528595","0.911300003528595"
"93798","0.9104999899864197","0.9104999899864197","0.9104999899864197"
"93809","0.9106000065803528","0.9106000065803528","0.9106000065803528"
"93820","0.9103999733924866","0.9103999733924866","0.9103999733924866"
"93831","0.9106000065803528","0.9106000065803528","0.9106000065803528"
"93842","0.9115999937057495","0.9115999937057495","0.9115999937057495"
"93853","0.911899983882904","0.911899983882904","0.911899983882904"
"93864","0.911799967288971","0.911799967288971","0.911799967288971"
"93875","0.911799967288971","0.911799967288971","0.911799967288971"
"93886","0.9121999740600586","0.9121999740600586","0.9121999740600586"
"93897","0.9121999740600586","0.9121999740600586","0.9121999740600586"
"93908","0.9120000004768372","0.9120000004768372","0.9120000004768372"
"93919","0.9120000004768372","0.9120000004768372","0.9120000004768372"
"93930","0.9120000004768372","0.9120000004768372","0.9120000004768372"
"93941","0.9122999906539917","0.9122999906539917","0.9122999906539917"
"93952","0.91239994764328","0.91239994764328","0.91239994764328"
"93963","0.9122999906539917","0.9122999906539917","0.9122999906539917"
"93974","0.9122999906539917","0.9122999906539917","0.9122999906539917"
"93985","0.9122999906539917","0.9122999906539917","0.9122999906539917"
"93996","0.9122999906539917","0.9122999906539917","0.9122999906539917"
"94007","0.91239994764328","0.91239994764328","0.91239994764328"
"94018","0.9124999642372131","0.9124999642372131","0.9124999642372131"
"94029","0.91239994764328","0.91239994764328","0.91239994764328"
"94040","0.9125999808311462","0.9125999808311462","0.9125999808311462"
"94051","0.9125999808311462","0.9125999808311462","0.9125999808311462"
"94062","0.9127999544143677","0.9127999544143677","0.9127999544143677"
"94073","0.9128999710083008","0.9128999710083008","0.9128999710083008"
"94084","0.9127999544143677","0.9127999544143677","0.9127999544143677"
"94095","0.9127999544143677","0.9127999544143677","0.9127999544143677"
"94106","0.9126999974250793","0.9126999974250793","0.9126999974250793"
"94117","0.9127999544143677","0.9127999544143677","0.9127999544143677"
"94128","0.9127999544143677","0.9127999544143677","0.9127999544143677"
"94139","0.9127999544143677","0.9127999544143677","0.9127999544143677"
"94150","0.9116999506950378","0.9116999506950378","0.9116999506950378"
"94161","0.911799967288971","0.911799967288971","0.911799967288971"
"94172","0.9116999506950378","0.9116999506950378","0.9116999506950378"
"94183","0.9128999710083008","0.9128999710083008","0.9128999710083008"
"94194","0.9128999710083008","0.9128999710083008","0.9128999710083008"
"94205","0.9128999710083008","0.9128999710083008","0.9128999710083008"
"94216","0.9128999710083008","0.9128999710083008","0.9128999710083008"
"94227","0.9129999876022339","0.9129999876022339","0.9129999876022339"
"94238","0.9128999710083008","0.9128999710083008","0.9128999710083008"
"94249","0.9131999611854553","0.9131999611854553","0.9131999611854553"
"94260","0.9131999611854553","0.9131999611854553","0.9131999611854553"
"94271","0.9131999611854553","0.9131999611854553","0.9131999611854553"
"94282","0.913100004196167","0.913100004196167","0.913100004196167"
"94293","0.9132999777793884","0.9132999777793884","0.9132999777793884"
"94304","0.9132999777793884","0.9132999777793884","0.9132999777793884"
"94315","0.9131999611854553","0.9131999611854553","0.9131999611854553"
"94326","0.9134999513626099","0.9134999513626099","0.9134999513626099"
"94337","0.9133999943733215","0.9133999943733215","0.9133999943733215"
"94348","0.9133999943733215","0.9133999943733215","0.9133999943733215"
"94359","0.9133999943733215","0.9133999943733215","0.9133999943733215"
"94370","0.9133999943733215","0.9133999943733215","0.9133999943733215"
"94381","0.9134999513626099","0.9134999513626099","0.9134999513626099"
"94392","0.9134999513626099","0.9134999513626099","0.9134999513626099"
"94403","0.9132999777793884","0.9132999777793884","0.9132999777793884"
"94414","0.9132999777793884","0.9132999777793884","0.9132999777793884"
"94425","0.9132999777793884","0.9132999777793884","0.9132999777793884"
"94436","0.9132999777793884","0.9132999777793884","0.9132999777793884"
"94447","0.9133999943733215","0.9133999943733215","0.9133999943733215"
"94458","0.9133999943733215","0.9133999943733215","0.9133999943733215"
"94469","0.9132999777793884","0.9132999777793884","0.9132999777793884"
"94480","0.9134999513626099","0.9134999513626099","0.9134999513626099"
"94491","0.9133999943733215","0.9133999943733215","0.9133999943733215"
"94502","0.9134999513626099","0.9134999513626099","0.9134999513626099"
"94513","0.9133999943733215","0.9133999943733215","0.9133999943733215"
"94524","0.9133999943733215","0.9133999943733215","0.9133999943733215"
"94535","0.9134999513626099","0.9134999513626099","0.9134999513626099"
"94546","0.913599967956543","0.913599967956543","0.913599967956543"
"94557","0.913599967956543","0.913599967956543","0.913599967956543"
"94568","0.9136999845504761","0.9136999845504761","0.9136999845504761"
"94579","0.9136999845504761","0.9136999845504761","0.9136999845504761"
"94590","0.9136999845504761","0.9136999845504761","0.9136999845504761"
"94601","0.913599967956543","0.913599967956543","0.913599967956543"
"94612","0.9134999513626099","0.9134999513626099","0.9134999513626099"
"94623","0.913599967956543","0.913599967956543","0.913599967956543"
"94634","0.9136999845504761","0.9136999845504761","0.9136999845504761"
"94645","0.9136999845504761","0.9136999845504761","0.9136999845504761"
"94656","0.913599967956543","0.913599967956543","0.913599967956543"
"94667","0.913599967956543","0.913599967956543","0.913599967956543"
"94678","0.9136999845504761","0.9136999845504761","0.9136999845504761"
"94689","0.9136999845504761","0.9136999845504761","0.9136999845504761"
"94700","0.9136999845504761","0.9136999845504761","0.9136999845504761"
"94711","0.913599967956543","0.913599967956543","0.913599967956543"
"94722","0.9136999845504761","0.9136999845504761","0.9136999845504761"
"94733","0.9138000011444092","0.9138000011444092","0.9138000011444092"
"94744","0.913599967956543","0.913599967956543","0.913599967956543"
"94755","0.9136999845504761","0.9136999845504761","0.9136999845504761"
"94766","0.9136999845504761","0.9136999845504761","0.9136999845504761"
"94777","0.9138000011444092","0.9138000011444092","0.9138000011444092"
"94788","0.9139999747276306","0.9139999747276306","0.9139999747276306"
"94799","0.9140999913215637","0.9140999913215637","0.9140999913215637"
"94810","0.9140999913215637","0.9140999913215637","0.9140999913215637"
"94821","0.9139999747276306","0.9139999747276306","0.9139999747276306"
"94832","0.9139999747276306","0.9139999747276306","0.9139999747276306"
"94843","0.9139999747276306","0.9139999747276306","0.9139999747276306"
"94854","0.914199948310852","0.914199948310852","0.914199948310852"
"94865","0.914199948310852","0.914199948310852","0.914199948310852"
"94876","0.9142999649047852","0.9142999649047852","0.9142999649047852"
"94887","0.9143999814987183","0.9143999814987183","0.9143999814987183"
"94898","0.9142999649047852","0.9142999649047852","0.9142999649047852"
"94909","0.9142999649047852","0.9142999649047852","0.9142999649047852"
"94920","0.9143999814987183","0.9143999814987183","0.9143999814987183"
"94931","0.914199948310852","0.914199948310852","0.914199948310852"
"94942","0.914199948310852","0.914199948310852","0.914199948310852"
"94953","0.9144999980926514","0.9144999980926514","0.9144999980926514"
"94964","0.9143999814987183","0.9143999814987183","0.9143999814987183"
"94975","0.9144999980926514","0.9144999980926514","0.9144999980926514"
"94986","0.9142999649047852","0.9142999649047852","0.9142999649047852"
"94997","0.914199948310852","0.914199948310852","0.914199948310852"
"95008","0.9142999649047852","0.9142999649047852","0.9142999649047852"
"95019","0.9144999980926514","0.9144999980926514","0.9144999980926514"
"95030","0.9143999814987183","0.9143999814987183","0.9143999814987183"
"95041","0.9145999550819397","0.9145999550819397","0.9145999550819397"
"95052","0.9147999882698059","0.9147999882698059","0.9147999882698059"
"95063","0.9147999882698059","0.9147999882698059","0.9147999882698059"
"95074","0.9146999716758728","0.9146999716758728","0.9146999716758728"
"95085","0.9147999882698059","0.9147999882698059","0.9147999882698059"
"95096","0.9146999716758728","0.9146999716758728","0.9146999716758728"
"95107","0.9145999550819397","0.9145999550819397","0.9145999550819397"
"95118","0.9144999980926514","0.9144999980926514","0.9144999980926514"
"95129","0.9145999550819397","0.9145999550819397","0.9145999550819397"
"95140","0.9146999716758728","0.9146999716758728","0.9146999716758728"
"95151","0.9146999716758728","0.9146999716758728","0.9146999716758728"
"95162","0.914900004863739","0.914900004863739","0.914900004863739"
"95173","0.914900004863739","0.914900004863739","0.914900004863739"
"95184","0.9146999716758728","0.9146999716758728","0.9146999716758728"
"95195","0.9147999882698059","0.9147999882698059","0.9147999882698059"
"95206","0.9150999784469604","0.9150999784469604","0.9150999784469604"
"95217","0.9150999784469604","0.9150999784469604","0.9150999784469604"
"95228","0.9150999784469604","0.9150999784469604","0.9150999784469604"
"95239","0.9149999618530273","0.9149999618530273","0.9149999618530273"
"95250","0.9149999618530273","0.9149999618530273","0.9149999618530273"
"95261","0.9150999784469604","0.9150999784469604","0.9150999784469604"
"95272","0.9151999950408936","0.9151999950408936","0.9151999950408936"
"95283","0.9149999618530273","0.9149999618530273","0.9149999618530273"
"95294","0.9150999784469604","0.9150999784469604","0.9150999784469604"
"95305","0.9149999618530273","0.9149999618530273","0.9149999618530273"
"95316","0.9150999784469604","0.9150999784469604","0.9150999784469604"
"95327","0.9150999784469604","0.9150999784469604","0.9150999784469604"
"95338","0.9151999950408936","0.9151999950408936","0.9151999950408936"
"95349","0.9150999784469604","0.9150999784469604","0.9150999784469604"
"95360","0.9152999520301819","0.9152999520301819","0.9152999520301819"
"95371","0.9152999520301819","0.9152999520301819","0.9152999520301819"
"95382","0.9152999520301819","0.9152999520301819","0.9152999520301819"
"95393","0.915399968624115","0.915399968624115","0.915399968624115"
"95404","0.9152999520301819","0.9152999520301819","0.9152999520301819"
"95415","0.9152999520301819","0.9152999520301819","0.9152999520301819"
"95426","0.9152999520301819","0.9152999520301819","0.9152999520301819"
"95437","0.9152999520301819","0.9152999520301819","0.9152999520301819"
"95448","0.9152999520301819","0.9152999520301819","0.9152999520301819"
"95459","0.9154999852180481","0.9154999852180481","0.9154999852180481"
"95470","0.9152999520301819","0.9152999520301819","0.9152999520301819"
"95481","0.915399968624115","0.915399968624115","0.915399968624115"
"95492","0.9156000018119812","0.9156000018119812","0.9156000018119812"
"95503","0.9156999588012695","0.9156999588012695","0.9156999588012695"
"95514","0.9157999753952026","0.9157999753952026","0.9157999753952026"
"95525","0.9156999588012695","0.9156999588012695","0.9156999588012695"
"95536","0.9157999753952026","0.9157999753952026","0.9157999753952026"
"95547","0.9157999753952026","0.9157999753952026","0.9157999753952026"
"95558","0.9158999919891357","0.9158999919891357","0.9158999919891357"
"95569","0.9159999489784241","0.9159999489784241","0.9159999489784241"
"95580","0.9157999753952026","0.9157999753952026","0.9157999753952026"
"95591","0.9158999919891357","0.9158999919891357","0.9158999919891357"
"95602","0.9160999655723572","0.9160999655723572","0.9160999655723572"
"95613","0.9160999655723572","0.9160999655723572","0.9160999655723572"
"95624","0.9161999821662903","0.9161999821662903","0.9161999821662903"
"95635","0.9162999987602234","0.9162999987602234","0.9162999987602234"
"95646","0.9161999821662903","0.9161999821662903","0.9161999821662903"
"95657","0.9161999821662903","0.9161999821662903","0.9161999821662903"
"95668","0.9160999655723572","0.9160999655723572","0.9160999655723572"
"95679","0.9160999655723572","0.9160999655723572","0.9160999655723572"
"95690","0.9160999655723572","0.9160999655723572","0.9160999655723572"
"95701","0.9160999655723572","0.9160999655723572","0.9160999655723572"
"95712","0.9160999655723572","0.9160999655723572","0.9160999655723572"
"95723","0.9160999655723572","0.9160999655723572","0.9160999655723572"
"95734","0.9160999655723572","0.9160999655723572","0.9160999655723572"
"95745","0.9161999821662903","0.9161999821662903","0.9161999821662903"
"95756","0.9162999987602234","0.9162999987602234","0.9162999987602234"
"95767","0.9161999821662903","0.9161999821662903","0.9161999821662903"
"95778","0.9163999557495117","0.9163999557495117","0.9163999557495117"
"95789","0.9163999557495117","0.9163999557495117","0.9163999557495117"
"95800","0.9163999557495117","0.9163999557495117","0.9163999557495117"
"95811","0.9164999723434448","0.9164999723434448","0.9164999723434448"
"95822","0.9163999557495117","0.9163999557495117","0.9163999557495117"
"95833","0.9163999557495117","0.9163999557495117","0.9163999557495117"
"95844","0.9163999557495117","0.9163999557495117","0.9163999557495117"
"95855","0.9163999557495117","0.9163999557495117","0.9163999557495117"
"95866","0.9163999557495117","0.9163999557495117","0.9163999557495117"
"95877","0.9164999723434448","0.9164999723434448","0.9164999723434448"
"95888","0.9164999723434448","0.9164999723434448","0.9164999723434448"
"95899","0.9164999723434448","0.9164999723434448","0.9164999723434448"
"95910","0.9165999889373779","0.9165999889373779","0.9165999889373779"
"95921","0.9164999723434448","0.9164999723434448","0.9164999723434448"
"95932","0.9164999723434448","0.9164999723434448","0.9164999723434448"
"95943","0.9165999889373779","0.9165999889373779","0.9165999889373779"
"95954","0.9164999723434448","0.9164999723434448","0.9164999723434448"
"95965","0.916700005531311","0.916700005531311","0.916700005531311"
"95976","0.9168999791145325","0.9168999791145325","0.9168999791145325"
"95987","0.9167999625205994","0.9167999625205994","0.9167999625205994"
"95998","0.9168999791145325","0.9168999791145325","0.9168999791145325"
"96009","0.9170999526977539","0.9170999526977539","0.9170999526977539"
"96020","0.9170999526977539","0.9170999526977539","0.9170999526977539"
"96031","0.9168999791145325","0.9168999791145325","0.9168999791145325"
"96042","0.9169999957084656","0.9169999957084656","0.9169999957084656"
"96053","0.9169999957084656","0.9169999957084656","0.9169999957084656"
"96064","0.9169999957084656","0.9169999957084656","0.9169999957084656"
"96075","0.9170999526977539","0.9170999526977539","0.9170999526977539"
"96086","0.9169999957084656","0.9169999957084656","0.9169999957084656"
"96097","0.9169999957084656","0.9169999957084656","0.9169999957084656"
"96108","0.9169999957084656","0.9169999957084656","0.9169999957084656"
"96119","0.9169999957084656","0.9169999957084656","0.9169999957084656"
"96130","0.9170999526977539","0.9170999526977539","0.9170999526977539"
"96141","0.9169999957084656","0.9169999957084656","0.9169999957084656"
"96152","0.9169999957084656","0.9169999957084656","0.9169999957084656"
"96163","0.917199969291687","0.917199969291687","0.917199969291687"
"96174","0.917199969291687","0.917199969291687","0.917199969291687"
"96185","0.917199969291687","0.917199969291687","0.917199969291687"
"96196","0.917199969291687","0.917199969291687","0.917199969291687"
"96207","0.917199969291687","0.917199969291687","0.917199969291687"
"96218","0.917199969291687","0.917199969291687","0.917199969291687"
"96229","0.917199969291687","0.917199969291687","0.917199969291687"
"96240","0.917199969291687","0.917199969291687","0.917199969291687"
"96251","0.917199969291687","0.917199969291687","0.917199969291687"
"96262","0.917199969291687","0.917199969291687","0.917199969291687"
"96273","0.9170999526977539","0.9170999526977539","0.9170999526977539"
"96284","0.917199969291687","0.917199969291687","0.917199969291687"
"96295","0.9172999858856201","0.9172999858856201","0.9172999858856201"
"96306","0.9172999858856201","0.9172999858856201","0.9172999858856201"
"96317","0.9172999858856201","0.9172999858856201","0.9172999858856201"
"96328","0.917199969291687","0.917199969291687","0.917199969291687"
"96339","0.917199969291687","0.917199969291687","0.917199969291687"
"96350","0.917199969291687","0.917199969291687","0.917199969291687"
"96361","0.917199969291687","0.917199969291687","0.917199969291687"
"96372","0.917199969291687","0.917199969291687","0.917199969291687"
"96383","0.9172999858856201","0.9172999858856201","0.9172999858856201"
"96394","0.9174999594688416","0.9174999594688416","0.9174999594688416"
"96405","0.917199969291687","0.917199969291687","0.917199969291687"
"96416","0.9174999594688416","0.9174999594688416","0.9174999594688416"
"96427","0.9172999858856201","0.9172999858856201","0.9172999858856201"
"96438","0.9174000024795532","0.9174000024795532","0.9174000024795532"
"96449","0.9172999858856201","0.9172999858856201","0.9172999858856201"
"96460","0.9174999594688416","0.9174999594688416","0.9174999594688416"
"96471","0.9172999858856201","0.9172999858856201","0.9172999858856201"
"96482","0.9172999858856201","0.9172999858856201","0.9172999858856201"
"96493","0.9174000024795532","0.9174000024795532","0.9174000024795532"
"96504","0.9175999760627747","0.9175999760627747","0.9175999760627747"
"96515","0.9175999760627747","0.9175999760627747","0.9175999760627747"
"96526","0.9175999760627747","0.9175999760627747","0.9175999760627747"
"96537","0.9174000024795532","0.9174000024795532","0.9174000024795532"
"96548","0.9175999760627747","0.9175999760627747","0.9175999760627747"
"96559","0.9175999760627747","0.9175999760627747","0.9175999760627747"
"96570","0.9176999926567078","0.9176999926567078","0.9176999926567078"
"96581","0.9176999926567078","0.9176999926567078","0.9176999926567078"
"96592","0.9176999926567078","0.9176999926567078","0.9176999926567078"
"96603","0.9178999662399292","0.9178999662399292","0.9178999662399292"
"96614","0.9179999828338623","0.9179999828338623","0.9179999828338623"
"96625","0.9179999828338623","0.9179999828338623","0.9179999828338623"
"96636","0.9179999828338623","0.9179999828338623","0.9179999828338623"
"96647","0.9178999662399292","0.9178999662399292","0.9178999662399292"
"96658","0.9180999994277954","0.9180999994277954","0.9180999994277954"
"96669","0.9180999994277954","0.9180999994277954","0.9180999994277954"
"96680","0.9182999730110168","0.9182999730110168","0.9182999730110168"
"96691","0.9181999564170837","0.9181999564170837","0.9181999564170837"
"96702","0.9181999564170837","0.9181999564170837","0.9181999564170837"
"96713","0.9180999994277954","0.9180999994277954","0.9180999994277954"
"96724","0.9179999828338623","0.9179999828338623","0.9179999828338623"
"96735","0.9179999828338623","0.9179999828338623","0.9179999828338623"
"96746","0.9180999994277954","0.9180999994277954","0.9180999994277954"
"96757","0.9180999994277954","0.9180999994277954","0.9180999994277954"
"96768","0.9180999994277954","0.9180999994277954","0.9180999994277954"
"96779","0.9179999828338623","0.9179999828338623","0.9179999828338623"
"96790","0.9181999564170837","0.9181999564170837","0.9181999564170837"
"96801","0.9180999994277954","0.9180999994277954","0.9180999994277954"
"96812","0.9181999564170837","0.9181999564170837","0.9181999564170837"
"96823","0.9181999564170837","0.9181999564170837","0.9181999564170837"
"96834","0.9182999730110168","0.9182999730110168","0.9182999730110168"
"96845","0.9182999730110168","0.9182999730110168","0.9182999730110168"
"96856","0.9181999564170837","0.9181999564170837","0.9181999564170837"
"96867","0.91839998960495","0.91839998960495","0.91839998960495"
"96878","0.91839998960495","0.91839998960495","0.91839998960495"
"96889","0.9185000061988831","0.9185000061988831","0.9185000061988831"
"96900","0.9181999564170837","0.9181999564170837","0.9181999564170837"
"96911","0.9181999564170837","0.9181999564170837","0.9181999564170837"
"96922","0.9185000061988831","0.9185000061988831","0.9185000061988831"
"96933","0.91839998960495","0.91839998960495","0.91839998960495"
"96944","0.9181999564170837","0.9181999564170837","0.9181999564170837"
"96955","0.9182999730110168","0.9182999730110168","0.9182999730110168"
"96966","0.9182999730110168","0.9182999730110168","0.9182999730110168"
"96977","0.9185000061988831","0.9185000061988831","0.9185000061988831"
"96988","0.91839998960495","0.91839998960495","0.91839998960495"
"96999","0.9182999730110168","0.9182999730110168","0.9182999730110168"
"97010","0.9182999730110168","0.9182999730110168","0.9182999730110168"
"97021","0.9182999730110168","0.9182999730110168","0.9182999730110168"
"97032","0.91839998960495","0.91839998960495","0.91839998960495"
"97043","0.9185999631881714","0.9185999631881714","0.9185999631881714"
"97054","0.9185000061988831","0.9185000061988831","0.9185000061988831"
"97065","0.9185999631881714","0.9185999631881714","0.9185999631881714"
"97076","0.9185999631881714","0.9185999631881714","0.9185999631881714"
"97087","0.9188999533653259","0.9188999533653259","0.9188999533653259"
"97098","0.9188999533653259","0.9188999533653259","0.9188999533653259"
"97109","0.9188999533653259","0.9188999533653259","0.9188999533653259"
"97120","0.9188999533653259","0.9188999533653259","0.9188999533653259"
"97131","0.9188999533653259","0.9188999533653259","0.9188999533653259"
"97142","0.918999969959259","0.918999969959259","0.918999969959259"
"97153","0.9187999963760376","0.9187999963760376","0.9187999963760376"
"97164","0.9188999533653259","0.9188999533653259","0.9188999533653259"
"97175","0.9188999533653259","0.9188999533653259","0.9188999533653259"
"97186","0.9188999533653259","0.9188999533653259","0.9188999533653259"
"97197","0.9188999533653259","0.9188999533653259","0.9188999533653259"
"97208","0.9192000031471252","0.9192000031471252","0.9192000031471252"
"97219","0.9190999865531921","0.9190999865531921","0.9190999865531921"
"97230","0.9192000031471252","0.9192000031471252","0.9192000031471252"
"97241","0.9192000031471252","0.9192000031471252","0.9192000031471252"
"97252","0.9192999601364136","0.9192999601364136","0.9192999601364136"
"97263","0.9192999601364136","0.9192999601364136","0.9192999601364136"
"97274","0.9193999767303467","0.9193999767303467","0.9193999767303467"
"97285","0.9192999601364136","0.9192999601364136","0.9192999601364136"
"97296","0.9193999767303467","0.9193999767303467","0.9193999767303467"
"97307","0.9192999601364136","0.9192999601364136","0.9192999601364136"
"97318","0.9192999601364136","0.9192999601364136","0.9192999601364136"
"97329","0.9192999601364136","0.9192999601364136","0.9192999601364136"
"97340","0.9193999767303467","0.9193999767303467","0.9193999767303467"
"97351","0.9194999933242798","0.9194999933242798","0.9194999933242798"
"97362","0.9194999933242798","0.9194999933242798","0.9194999933242798"
"97373","0.9195999503135681","0.9195999503135681","0.9195999503135681"
"97384","0.9194999933242798","0.9194999933242798","0.9194999933242798"
"97395","0.9194999933242798","0.9194999933242798","0.9194999933242798"
"97406","0.9194999933242798","0.9194999933242798","0.9194999933242798"
"97417","0.9195999503135681","0.9195999503135681","0.9195999503135681"
"97428","0.9196999669075012","0.9196999669075012","0.9196999669075012"
"97439","0.9195999503135681","0.9195999503135681","0.9195999503135681"
"97450","0.9195999503135681","0.9195999503135681","0.9195999503135681"
"97461","0.9195999503135681","0.9195999503135681","0.9195999503135681"
"97472","0.9195999503135681","0.9195999503135681","0.9195999503135681"
"97483","0.9195999503135681","0.9195999503135681","0.9195999503135681"
"97494","0.9195999503135681","0.9195999503135681","0.9195999503135681"
"97505","0.9194999933242798","0.9194999933242798","0.9194999933242798"
"97516","0.9194999933242798","0.9194999933242798","0.9194999933242798"
"97527","0.9194999933242798","0.9194999933242798","0.9194999933242798"
"97538","0.9194999933242798","0.9194999933242798","0.9194999933242798"
"97549","0.9194999933242798","0.9194999933242798","0.9194999933242798"
"97560","0.9194999933242798","0.9194999933242798","0.9194999933242798"
"97571","0.9194999933242798","0.9194999933242798","0.9194999933242798"
"97582","0.9194999933242798","0.9194999933242798","0.9194999933242798"
"97593","0.9196999669075012","0.9196999669075012","0.9196999669075012"
"97604","0.9196999669075012","0.9196999669075012","0.9196999669075012"
"97615","0.9196999669075012","0.9196999669075012","0.9196999669075012"
"97626","0.9197999835014343","0.9197999835014343","0.9197999835014343"
"97637","0.9197999835014343","0.9197999835014343","0.9197999835014343"
"97648","0.9197999835014343","0.9197999835014343","0.9197999835014343"
"97659","0.9199000000953674","0.9199000000953674","0.9199000000953674"
"97670","0.9199000000953674","0.9199000000953674","0.9199000000953674"
"97681","0.9199000000953674","0.9199000000953674","0.9199000000953674"
"97692","0.9197999835014343","0.9197999835014343","0.9197999835014343"
"97703","0.9199000000953674","0.9199000000953674","0.9199000000953674"
"97714","0.9199000000953674","0.9199000000953674","0.9199000000953674"
"97725","0.9197999835014343","0.9197999835014343","0.9197999835014343"
"97736","0.9199000000953674","0.9199000000953674","0.9199000000953674"
"97747","0.9211999773979187","0.9211999773979187","0.9211999773979187"
"97758","0.9212999939918518","0.9212999939918518","0.9212999939918518"
"97769","0.9213999509811401","0.9213999509811401","0.9213999509811401"
"97780","0.9213999509811401","0.9213999509811401","0.9213999509811401"
"97791","0.9211999773979187","0.9211999773979187","0.9211999773979187"
"97802","0.9211999773979187","0.9211999773979187","0.9211999773979187"
"97813","0.9212999939918518","0.9212999939918518","0.9212999939918518"
"97824","0.9212999939918518","0.9212999939918518","0.9212999939918518"
"97835","0.9213999509811401","0.9213999509811401","0.9213999509811401"
"97846","0.9211999773979187","0.9211999773979187","0.9211999773979187"
"97857","0.9211999773979187","0.9211999773979187","0.9211999773979187"
"97868","0.9197999835014343","0.9197999835014343","0.9197999835014343"
"97879","0.9197999835014343","0.9197999835014343","0.9197999835014343"
"97890","0.9211999773979187","0.9211999773979187","0.9211999773979187"
"97901","0.9212999939918518","0.9212999939918518","0.9212999939918518"
"97912","0.9213999509811401","0.9213999509811401","0.9213999509811401"
"97923","0.9213999509811401","0.9213999509811401","0.9213999509811401"
"97934","0.9214999675750732","0.9214999675750732","0.9214999675750732"
"97945","0.9215999841690063","0.9215999841690063","0.9215999841690063"
"97956","0.9214999675750732","0.9214999675750732","0.9214999675750732"
"97967","0.9214999675750732","0.9214999675750732","0.9214999675750732"
"97978","0.9214999675750732","0.9214999675750732","0.9214999675750732"
"97989","0.9215999841690063","0.9215999841690063","0.9215999841690063"
"98000","0.9215999841690063","0.9215999841690063","0.9215999841690063"
"98011","0.9215999841690063","0.9215999841690063","0.9215999841690063"
"98022","0.9214999675750732","0.9214999675750732","0.9214999675750732"
"98033","0.9215999841690063","0.9215999841690063","0.9215999841690063"
"98044","0.9215999841690063","0.9215999841690063","0.9215999841690063"
"98055","0.9215999841690063","0.9215999841690063","0.9215999841690063"
"98066","0.9215999841690063","0.9215999841690063","0.9215999841690063"
"98077","0.9217000007629395","0.9217000007629395","0.9217000007629395"
"98088","0.9215999841690063","0.9215999841690063","0.9215999841690063"
"98099","0.9218999743461609","0.9218999743461609","0.9218999743461609"
"98110","0.9218999743461609","0.9218999743461609","0.9218999743461609"
"98121","0.9218999743461609","0.9218999743461609","0.9218999743461609"
"98132","0.9218999743461609","0.9218999743461609","0.9218999743461609"
"98143","0.921999990940094","0.921999990940094","0.921999990940094"
"98154","0.921999990940094","0.921999990940094","0.921999990940094"
"98165","0.921999990940094","0.921999990940094","0.921999990940094"
"98176","0.9218999743461609","0.9218999743461609","0.9218999743461609"
"98187","0.921999990940094","0.921999990940094","0.921999990940094"
"98198","0.921999990940094","0.921999990940094","0.921999990940094"
"98209","0.921999990940094","0.921999990940094","0.921999990940094"
"98220","0.9218999743461609","0.9218999743461609","0.9218999743461609"
"98231","0.921999990940094","0.921999990940094","0.921999990940094"
"98242","0.921999990940094","0.921999990940094","0.921999990940094"
"98253","0.9220999479293823","0.9220999479293823","0.9220999479293823"
"98264","0.9221999645233154","0.9221999645233154","0.9221999645233154"
"98275","0.9223999977111816","0.9223999977111816","0.9223999977111816"
"98286","0.9223999977111816","0.9223999977111816","0.9223999977111816"
"98297","0.9223999977111816","0.9223999977111816","0.9223999977111816"
"98308","0.92249995470047","0.92249995470047","0.92249995470047"
"98319","0.92249995470047","0.92249995470047","0.92249995470047"
"98330","0.9223999977111816","0.9223999977111816","0.9223999977111816"
"98341","0.9223999977111816","0.9223999977111816","0.9223999977111816"
"98352","0.92249995470047","0.92249995470047","0.92249995470047"
"98363","0.92249995470047","0.92249995470047","0.92249995470047"
"98374","0.9225999712944031","0.9225999712944031","0.9225999712944031"
"98385","0.9225999712944031","0.9225999712944031","0.9225999712944031"
"98396","0.9226999878883362","0.9226999878883362","0.9226999878883362"
"98407","0.9226999878883362","0.9226999878883362","0.9226999878883362"
"98418","0.9226999878883362","0.9226999878883362","0.9226999878883362"
"98429","0.9226999878883362","0.9226999878883362","0.9226999878883362"
"98440","0.9226999878883362","0.9226999878883362","0.9226999878883362"
"98451","0.9226999878883362","0.9226999878883362","0.9226999878883362"
"98462","0.9226999878883362","0.9226999878883362","0.9226999878883362"
"98473","0.9226999878883362","0.9226999878883362","0.9226999878883362"
"98484","0.9225999712944031","0.9225999712944031","0.9225999712944031"
"98495","0.9228000044822693","0.9228000044822693","0.9228000044822693"
"98506","0.9228999614715576","0.9228999614715576","0.9228999614715576"
"98517","0.9228999614715576","0.9228999614715576","0.9228999614715576"
"98528","0.9228999614715576","0.9228999614715576","0.9228999614715576"
"98539","0.9228000044822693","0.9228000044822693","0.9228000044822693"
"98550","0.9229999780654907","0.9229999780654907","0.9229999780654907"
"98561","0.9230999946594238","0.9230999946594238","0.9230999946594238"
"98572","0.9230999946594238","0.9230999946594238","0.9230999946594238"
"98583","0.9231999516487122","0.9231999516487122","0.9231999516487122"
"98594","0.9231999516487122","0.9231999516487122","0.9231999516487122"
"98605","0.9230999946594238","0.9230999946594238","0.9230999946594238"
"98616","0.9230999946594238","0.9230999946594238","0.9230999946594238"
"98627","0.9230999946594238","0.9230999946594238","0.9230999946594238"
"98638","0.9231999516487122","0.9231999516487122","0.9231999516487122"
"98649","0.9231999516487122","0.9231999516487122","0.9231999516487122"
"98660","0.9231999516487122","0.9231999516487122","0.9231999516487122"
"98671","0.9232999682426453","0.9232999682426453","0.9232999682426453"
"98682","0.9231999516487122","0.9231999516487122","0.9231999516487122"
"98693","0.9231999516487122","0.9231999516487122","0.9231999516487122"
"98704","0.9233999848365784","0.9233999848365784","0.9233999848365784"
"98715","0.9233999848365784","0.9233999848365784","0.9233999848365784"
"98726","0.9233999848365784","0.9233999848365784","0.9233999848365784"
"98737","0.9233999848365784","0.9233999848365784","0.9233999848365784"
"98748","0.9233999848365784","0.9233999848365784","0.9233999848365784"
"98759","0.9233999848365784","0.9233999848365784","0.9233999848365784"
"98770","0.9235000014305115","0.9235000014305115","0.9235000014305115"
"98781","0.9235000014305115","0.9235000014305115","0.9235000014305115"
"98792","0.9235999584197998","0.9235999584197998","0.9235999584197998"
"98803","0.9235999584197998","0.9235999584197998","0.9235999584197998"
"98814","0.9235000014305115","0.9235000014305115","0.9235000014305115"
"98825","0.9233999848365784","0.9233999848365784","0.9233999848365784"
"98836","0.9233999848365784","0.9233999848365784","0.9233999848365784"
"98847","0.9233999848365784","0.9233999848365784","0.9233999848365784"
"98858","0.9235000014305115","0.9235000014305115","0.9235000014305115"
"98869","0.9235000014305115","0.9235000014305115","0.9235000014305115"
"98880","0.9235999584197998","0.9235999584197998","0.9235999584197998"
"98891","0.9235999584197998","0.9235999584197998","0.9235999584197998"
"98902","0.9235000014305115","0.9235000014305115","0.9235000014305115"
"98913","0.9235999584197998","0.9235999584197998","0.9235999584197998"
"98924","0.9235999584197998","0.9235999584197998","0.9235999584197998"
"98935","0.9235999584197998","0.9235999584197998","0.9235999584197998"
"98946","0.9235999584197998","0.9235999584197998","0.9235999584197998"
"98957","0.9235999584197998","0.9235999584197998","0.9235999584197998"
"98968","0.9235999584197998","0.9235999584197998","0.9235999584197998"
"98979","0.9236999750137329","0.9236999750137329","0.9236999750137329"
"98990","0.9236999750137329","0.9236999750137329","0.9236999750137329"
"99001","0.9236999750137329","0.9236999750137329","0.9236999750137329"
"99012","0.9236999750137329","0.9236999750137329","0.9236999750137329"
"99023","0.9236999750137329","0.9236999750137329","0.9236999750137329"
"99034","0.9236999750137329","0.9236999750137329","0.9236999750137329"
"99045","0.9236999750137329","0.9236999750137329","0.9236999750137329"
"99056","0.9236999750137329","0.9236999750137329","0.9236999750137329"
"99067","0.9236999750137329","0.9236999750137329","0.9236999750137329"
"99078","0.9236999750137329","0.9236999750137329","0.9236999750137329"
"99089","0.9236999750137329","0.9236999750137329","0.9236999750137329"
"99100","0.9235999584197998","0.9235999584197998","0.9235999584197998"
"99111","0.9235999584197998","0.9235999584197998","0.9235999584197998"
"99122","0.9236999750137329","0.9236999750137329","0.9236999750137329"
"99133","0.9236999750137329","0.9236999750137329","0.9236999750137329"
"99144","0.923799991607666","0.923799991607666","0.923799991607666"
"99155","0.9236999750137329","0.9236999750137329","0.9236999750137329"
"99166","0.923799991607666","0.923799991607666","0.923799991607666"
"99177","0.923799991607666","0.923799991607666","0.923799991607666"
"99188","0.923799991607666","0.923799991607666","0.923799991607666"
"99199","0.923799991607666","0.923799991607666","0.923799991607666"
"99210","0.9238999485969543","0.9238999485969543","0.9238999485969543"
"99221","0.9239999651908875","0.9239999651908875","0.9239999651908875"
"99232","0.9239999651908875","0.9239999651908875","0.9239999651908875"
"99243","0.9239999651908875","0.9239999651908875","0.9239999651908875"
"99254","0.9239999651908875","0.9239999651908875","0.9239999651908875"
"99265","0.9239999651908875","0.9239999651908875","0.9239999651908875"
"99276","0.9239999651908875","0.9239999651908875","0.9239999651908875"
"99287","0.9238999485969543","0.9238999485969543","0.9238999485969543"
"99298","0.9240999817848206","0.9240999817848206","0.9240999817848206"
"99309","0.9240999817848206","0.9240999817848206","0.9240999817848206"
"99320","0.9241999983787537","0.9241999983787537","0.9241999983787537"
"99331","0.9240999817848206","0.9240999817848206","0.9240999817848206"
"99342","0.9241999983787537","0.9241999983787537","0.9241999983787537"
"99353","0.9241999983787537","0.9241999983787537","0.9241999983787537"
"99364","0.9241999983787537","0.9241999983787537","0.9241999983787537"
"99375","0.9240999817848206","0.9240999817848206","0.9240999817848206"
"99386","0.9240999817848206","0.9240999817848206","0.9240999817848206"
"99397","0.924299955368042","0.924299955368042","0.924299955368042"
"99408","0.924299955368042","0.924299955368042","0.924299955368042"
"99419","0.9241999983787537","0.9241999983787537","0.9241999983787537"
"99430","0.9241999983787537","0.9241999983787537","0.9241999983787537"
"99441","0.924299955368042","0.924299955368042","0.924299955368042"
"99452","0.9241999983787537","0.9241999983787537","0.9241999983787537"
"99463","0.9243999719619751","0.9243999719619751","0.9243999719619751"
"99474","0.924299955368042","0.924299955368042","0.924299955368042"
"99485","0.924299955368042","0.924299955368042","0.924299955368042"
"99496","0.9243999719619751","0.9243999719619751","0.9243999719619751"
"99507","0.9243999719619751","0.9243999719619751","0.9243999719619751"
"99518","0.9243999719619751","0.9243999719619751","0.9243999719619751"
"99529","0.924299955368042","0.924299955368042","0.924299955368042"
"99540","0.9244999885559082","0.9244999885559082","0.9244999885559082"
"99551","0.9244999885559082","0.9244999885559082","0.9244999885559082"
"99562","0.9244999885559082","0.9244999885559082","0.9244999885559082"
"99573","0.9244999885559082","0.9244999885559082","0.9244999885559082"
"99584","0.9244999885559082","0.9244999885559082","0.9244999885559082"
"99595","0.9243999719619751","0.9243999719619751","0.9243999719619751"
"99606","0.9243999719619751","0.9243999719619751","0.9243999719619751"
"99617","0.9243999719619751","0.9243999719619751","0.9243999719619751"
"99628","0.9243999719619751","0.9243999719619751","0.9243999719619751"
"99639","0.9243999719619751","0.9243999719619751","0.9243999719619751"
"99650","0.9243999719619751","0.9243999719619751","0.9243999719619751"
"99661","0.9243999719619751","0.9243999719619751","0.9243999719619751"
"99672","0.9244999885559082","0.9244999885559082","0.9244999885559082"
"99683","0.9244999885559082","0.9244999885559082","0.9244999885559082"
"99694","0.9246000051498413","0.9246000051498413","0.9246000051498413"
"99705","0.9244999885559082","0.9244999885559082","0.9244999885559082"
"99716","0.9246999621391296","0.9246999621391296","0.9246999621391296"
"99727","0.9246000051498413","0.9246000051498413","0.9246000051498413"
"99738","0.9246000051498413","0.9246000051498413","0.9246000051498413"
"99749","0.9246000051498413","0.9246000051498413","0.9246000051498413"
"99760","0.9246000051498413","0.9246000051498413","0.9246000051498413"
"99771","0.9246000051498413","0.9246000051498413","0.9246000051498413"
"99782","0.9246000051498413","0.9246000051498413","0.9246000051498413"
"99793","0.9246000051498413","0.9246000051498413","0.9246000051498413"
"99804","0.9246000051498413","0.9246000051498413","0.9246000051498413"
"99815","0.9246000051498413","0.9246000051498413","0.9246000051498413"
"99826","0.9246000051498413","0.9246000051498413","0.9246000051498413"
"99837","0.9246000051498413","0.9246000051498413","0.9246000051498413"
"99848","0.9246000051498413","0.9246000051498413","0.9246000051498413"
"99859","0.9247999787330627","0.9247999787330627","0.9247999787330627"
"99870","0.9246999621391296","0.9246999621391296","0.9246999621391296"
"99881","0.9246999621391296","0.9246999621391296","0.9246999621391296"
"99892","0.9246999621391296","0.9246999621391296","0.9246999621391296"
"99903","0.9246999621391296","0.9246999621391296","0.9246999621391296"
"99914","0.9247999787330627","0.9247999787330627","0.9247999787330627"
"99925","0.9247999787330627","0.9247999787330627","0.9247999787330627"
"99936","0.9247999787330627","0.9247999787330627","0.9247999787330627"
"99947","0.9248999953269958","0.9248999953269958","0.9248999953269958"
"99958","0.9248999953269958","0.9248999953269958","0.9248999953269958"
"99969","0.9249999523162842","0.9249999523162842","0.9249999523162842"
"99980","0.9248999953269958","0.9248999953269958","0.9248999953269958"
"99991","0.9249999523162842","0.9249999523162842","0.9249999523162842"
"100002","0.9249999523162842","0.9249999523162842","0.9249999523162842"
"100013","0.9249999523162842","0.9249999523162842","0.9249999523162842"
"100024","0.9249999523162842","0.9249999523162842","0.9249999523162842"
"100035","0.9248999953269958","0.9248999953269958","0.9248999953269958"
"100046","0.9248999953269958","0.9248999953269958","0.9248999953269958"
"100057","0.9249999523162842","0.9249999523162842","0.9249999523162842"
"100068","0.9250999689102173","0.9250999689102173","0.9250999689102173"
"100079","0.9249999523162842","0.9249999523162842","0.9249999523162842"
"100090","0.9250999689102173","0.9250999689102173","0.9250999689102173"
"100101","0.9250999689102173","0.9250999689102173","0.9250999689102173"
"100112","0.9250999689102173","0.9250999689102173","0.9250999689102173"
"100123","0.9250999689102173","0.9250999689102173","0.9250999689102173"
"100134","0.9250999689102173","0.9250999689102173","0.9250999689102173"
"100145","0.9250999689102173","0.9250999689102173","0.9250999689102173"
"100156","0.9250999689102173","0.9250999689102173","0.9250999689102173"
"100167","0.9250999689102173","0.9250999689102173","0.9250999689102173"
"100178","0.9250999689102173","0.9250999689102173","0.9250999689102173"
"100189","0.9250999689102173","0.9250999689102173","0.9250999689102173"
"100200","0.9250999689102173","0.9250999689102173","0.9250999689102173"
"100211","0.9250999689102173","0.9250999689102173","0.9250999689102173"
"100222","0.9250999689102173","0.9250999689102173","0.9250999689102173"
"100233","0.9250999689102173","0.9250999689102173","0.9250999689102173"
"100244","0.9250999689102173","0.9250999689102173","0.9250999689102173"
"100255","0.9250999689102173","0.9250999689102173","0.9250999689102173"
"100266","0.9250999689102173","0.9250999689102173","0.9250999689102173"
"100277","0.9251999855041504","0.9251999855041504","0.9251999855041504"
"100288","0.9251999855041504","0.9251999855041504","0.9251999855041504"
"100299","0.9253000020980835","0.9253000020980835","0.9253000020980835"
"100310","0.9253000020980835","0.9253000020980835","0.9253000020980835"
"100321","0.9253999590873718","0.9253999590873718","0.9253999590873718"
"100332","0.9253999590873718","0.9253999590873718","0.9253999590873718"
"100343","0.9253000020980835","0.9253000020980835","0.9253000020980835"
"100354","0.9253999590873718","0.9253999590873718","0.9253999590873718"
"100365","0.9253999590873718","0.9253999590873718","0.9253999590873718"
"100376","0.9251999855041504","0.9251999855041504","0.9251999855041504"
"100387","0.9253999590873718","0.9253999590873718","0.9253999590873718"
"100398","0.9253999590873718","0.9253999590873718","0.9253999590873718"
"100409","0.9251999855041504","0.9251999855041504","0.9251999855041504"
"100420","0.9253999590873718","0.9253999590873718","0.9253999590873718"
"100431","0.9251999855041504","0.9251999855041504","0.9251999855041504"
"100442","0.9251999855041504","0.9251999855041504","0.9251999855041504"
"100453","0.9253999590873718","0.9253999590873718","0.9253999590873718"
"100464","0.9254999756813049","0.9254999756813049","0.9254999756813049"
"100475","0.9254999756813049","0.9254999756813049","0.9254999756813049"
"100486","0.925599992275238","0.925599992275238","0.925599992275238"
"100497","0.9254999756813049","0.9254999756813049","0.9254999756813049"
"100508","0.925599992275238","0.925599992275238","0.925599992275238"
"100519","0.9256999492645264","0.9256999492645264","0.9256999492645264"
"100530","0.9257999658584595","0.9257999658584595","0.9257999658584595"
"100541","0.925599992275238","0.925599992275238","0.925599992275238"
"100552","0.925599992275238","0.925599992275238","0.925599992275238"
"100563","0.9254999756813049","0.9254999756813049","0.9254999756813049"
"100574","0.9253999590873718","0.9253999590873718","0.9253999590873718"
"100585","0.9253000020980835","0.9253000020980835","0.9253000020980835"
"100596","0.9253000020980835","0.9253000020980835","0.9253000020980835"
"100607","0.9254999756813049","0.9254999756813049","0.9254999756813049"
"100618","0.9253000020980835","0.9253000020980835","0.9253000020980835"
"100629","0.9253999590873718","0.9253999590873718","0.9253999590873718"
"100640","0.9254999756813049","0.9254999756813049","0.9254999756813049"
"100651","0.9256999492645264","0.9256999492645264","0.9256999492645264"
"100662","0.9256999492645264","0.9256999492645264","0.9256999492645264"
"100673","0.925599992275238","0.925599992275238","0.925599992275238"
"100684","0.9254999756813049","0.9254999756813049","0.9254999756813049"
"100695","0.9254999756813049","0.9254999756813049","0.9254999756813049"
"100706","0.925599992275238","0.925599992275238","0.925599992275238"
"100717","0.9256999492645264","0.9256999492645264","0.9256999492645264"
"100728","0.9257999658584595","0.9257999658584595","0.9257999658584595"
"100739","0.9254999756813049","0.9254999756813049","0.9254999756813049"
"100750","0.925599992275238","0.925599992275238","0.925599992275238"
"100761","0.9256999492645264","0.9256999492645264","0.9256999492645264"
"100772","0.9256999492645264","0.9256999492645264","0.9256999492645264"
"100783","0.9256999492645264","0.9256999492645264","0.9256999492645264"
"100794","0.9256999492645264","0.9256999492645264","0.9256999492645264"
"100805","0.9254999756813049","0.9254999756813049","0.9254999756813049"
"100816","0.9254999756813049","0.9254999756813049","0.9254999756813049"
"100827","0.9254999756813049","0.9254999756813049","0.9254999756813049"
"100838","0.9254999756813049","0.9254999756813049","0.9254999756813049"
"100849","0.925599992275238","0.925599992275238","0.925599992275238"
"100860","0.925599992275238","0.925599992275238","0.925599992275238"
"100871","0.9256999492645264","0.9256999492645264","0.9256999492645264"
"100882","0.9256999492645264","0.9256999492645264","0.9256999492645264"
"100893","0.925599992275238","0.925599992275238","0.925599992275238"
"100904","0.9256999492645264","0.9256999492645264","0.9256999492645264"
"100915","0.925599992275238","0.925599992275238","0.925599992275238"
"100926","0.9256999492645264","0.9256999492645264","0.9256999492645264"
"100937","0.9256999492645264","0.9256999492645264","0.9256999492645264"
"100948","0.9256999492645264","0.9256999492645264","0.9256999492645264"
"100959","0.925599992275238","0.925599992275238","0.925599992275238"
"100970","0.9256999492645264","0.9256999492645264","0.9256999492645264"
"100981","0.9254999756813049","0.9254999756813049","0.9254999756813049"
"100992","0.9254999756813049","0.9254999756813049","0.9254999756813049"
"101003","0.9253999590873718","0.9253999590873718","0.9253999590873718"
"101014","0.925599992275238","0.925599992275238","0.925599992275238"
"101025","0.925599992275238","0.925599992275238","0.925599992275238"
"101036","0.925599992275238","0.925599992275238","0.925599992275238"
"101047","0.925599992275238","0.925599992275238","0.925599992275238"
"101058","0.925599992275238","0.925599992275238","0.925599992275238"
"101069","0.9256999492645264","0.9256999492645264","0.9256999492645264"
"101080","0.9258999824523926","0.9258999824523926","0.9258999824523926"
"101091","0.9257999658584595","0.9257999658584595","0.9257999658584595"
"101102","0.9258999824523926","0.9258999824523926","0.9258999824523926"
"101113","0.9257999658584595","0.9257999658584595","0.9257999658584595"
"101124","0.9258999824523926","0.9258999824523926","0.9258999824523926"
"101135","0.9257999658584595","0.9257999658584595","0.9257999658584595"
"101146","0.9258999824523926","0.9258999824523926","0.9258999824523926"
"101157","0.9258999824523926","0.9258999824523926","0.9258999824523926"
"101168","0.9257999658584595","0.9257999658584595","0.9257999658584595"
"101179","0.9258999824523926","0.9258999824523926","0.9258999824523926"
"101190","0.9258999824523926","0.9258999824523926","0.9258999824523926"
"101201","0.9258999824523926","0.9258999824523926","0.9258999824523926"
"101212","0.9258999824523926","0.9258999824523926","0.9258999824523926"
"101223","0.9258999824523926","0.9258999824523926","0.9258999824523926"
"101234","0.9258999824523926","0.9258999824523926","0.9258999824523926"
"101245","0.9258999824523926","0.9258999824523926","0.9258999824523926"
"101256","0.9258999824523926","0.9258999824523926","0.9258999824523926"
"101267","0.9258999824523926","0.9258999824523926","0.9258999824523926"
"101278","0.9258999824523926","0.9258999824523926","0.9258999824523926"
"101289","0.9258999824523926","0.9258999824523926","0.9258999824523926"
"101300","0.9258999824523926","0.9258999824523926","0.9258999824523926"
"101311","0.9258999824523926","0.9258999824523926","0.9258999824523926"
"101322","0.9258999824523926","0.9258999824523926","0.9258999824523926"
"101333","0.9258999824523926","0.9258999824523926","0.9258999824523926"
"101344","0.9258999824523926","0.9258999824523926","0.9258999824523926"
"101355","0.9258999824523926","0.9258999824523926","0.9258999824523926"
"101366","0.9258999824523926","0.9258999824523926","0.9258999824523926"
"101377","0.9258999824523926","0.9258999824523926","0.9258999824523926"
"101388","0.9258999824523926","0.9258999824523926","0.9258999824523926"
"101399","0.9258999824523926","0.9258999824523926","0.9258999824523926"
"101410","0.9259999990463257","0.9259999990463257","0.9259999990463257"
"101421","0.926099956035614","0.926099956035614","0.926099956035614"
"101432","0.9259999990463257","0.9259999990463257","0.9259999990463257"
"101443","0.926099956035614","0.926099956035614","0.926099956035614"
"101454","0.9261999726295471","0.9261999726295471","0.9261999726295471"
"101465","0.9261999726295471","0.9261999726295471","0.9261999726295471"
"101476","0.926099956035614","0.926099956035614","0.926099956035614"
"101487","0.926099956035614","0.926099956035614","0.926099956035614"
"101498","0.9261999726295471","0.9261999726295471","0.9261999726295471"
"101509","0.9261999726295471","0.9261999726295471","0.9261999726295471"
"101520","0.9261999726295471","0.9261999726295471","0.9261999726295471"
"101531","0.9261999726295471","0.9261999726295471","0.9261999726295471"
"101542","0.9261999726295471","0.9261999726295471","0.9261999726295471"
"101553","0.926099956035614","0.926099956035614","0.926099956035614"
"101564","0.926099956035614","0.926099956035614","0.926099956035614"
"101575","0.926099956035614","0.926099956035614","0.926099956035614"
"101586","0.926099956035614","0.926099956035614","0.926099956035614"
"101597","0.926099956035614","0.926099956035614","0.926099956035614"
"101608","0.926099956035614","0.926099956035614","0.926099956035614"
"101619","0.926099956035614","0.926099956035614","0.926099956035614"
"101630","0.9261999726295471","0.9261999726295471","0.9261999726295471"
"101641","0.926099956035614","0.926099956035614","0.926099956035614"
"101652","0.926099956035614","0.926099956035614","0.926099956035614"
"101663","0.926099956035614","0.926099956035614","0.926099956035614"
"101674","0.9261999726295471","0.9261999726295471","0.9261999726295471"
"101685","0.9261999726295471","0.9261999726295471","0.9261999726295471"
"101696","0.9261999726295471","0.9261999726295471","0.9261999726295471"
"101707","0.9262999892234802","0.9262999892234802","0.9262999892234802"
"101718","0.9262999892234802","0.9262999892234802","0.9262999892234802"
"101729","0.9262999892234802","0.9262999892234802","0.9262999892234802"
"101740","0.9264000058174133","0.9264000058174133","0.9264000058174133"
"101751","0.9264000058174133","0.9264000058174133","0.9264000058174133"
"101762","0.9264000058174133","0.9264000058174133","0.9264000058174133"
"101773","0.9264000058174133","0.9264000058174133","0.9264000058174133"
"101784","0.9264999628067017","0.9264999628067017","0.9264999628067017"
"101795","0.9264000058174133","0.9264000058174133","0.9264000058174133"
"101806","0.9264000058174133","0.9264000058174133","0.9264000058174133"
"101817","0.9265999794006348","0.9265999794006348","0.9265999794006348"
"101828","0.9265999794006348","0.9265999794006348","0.9265999794006348"
"101839","0.9264999628067017","0.9264999628067017","0.9264999628067017"
"101850","0.9264999628067017","0.9264999628067017","0.9264999628067017"
"101861","0.9265999794006348","0.9265999794006348","0.9265999794006348"
"101872","0.9266999959945679","0.9266999959945679","0.9266999959945679"
"101883","0.9265999794006348","0.9265999794006348","0.9265999794006348"
"101894","0.9265999794006348","0.9265999794006348","0.9265999794006348"
"101905","0.9265999794006348","0.9265999794006348","0.9265999794006348"
"101916","0.9266999959945679","0.9266999959945679","0.9266999959945679"
"101927","0.9266999959945679","0.9266999959945679","0.9266999959945679"
"101938","0.9268999695777893","0.9268999695777893","0.9268999695777893"
"101949","0.9267999529838562","0.9267999529838562","0.9267999529838562"
"101960","0.9267999529838562","0.9267999529838562","0.9267999529838562"
"101971","0.9268999695777893","0.9268999695777893","0.9268999695777893"
"101982","0.9268999695777893","0.9268999695777893","0.9268999695777893"
"101993","0.9268999695777893","0.9268999695777893","0.9268999695777893"
"102004","0.9268999695777893","0.9268999695777893","0.9268999695777893"
"102015","0.9269999861717224","0.9269999861717224","0.9269999861717224"
"102026","0.9269999861717224","0.9269999861717224","0.9269999861717224"
"102037","0.9271000027656555","0.9271000027656555","0.9271000027656555"
"102048","0.9271000027656555","0.9271000027656555","0.9271000027656555"
"102059","0.9271000027656555","0.9271000027656555","0.9271000027656555"
"102070","0.9271000027656555","0.9271000027656555","0.9271000027656555"
"102081","0.9269999861717224","0.9269999861717224","0.9269999861717224"
"102092","0.9269999861717224","0.9269999861717224","0.9269999861717224"
"102103","0.9269999861717224","0.9269999861717224","0.9269999861717224"
"102114","0.9269999861717224","0.9269999861717224","0.9269999861717224"
"102125","0.9271000027656555","0.9271000027656555","0.9271000027656555"
"102136","0.9271000027656555","0.9271000027656555","0.9271000027656555"
"102147","0.927299976348877","0.927299976348877","0.927299976348877"
"102158","0.9271000027656555","0.9271000027656555","0.9271000027656555"
"102169","0.9271000027656555","0.9271000027656555","0.9271000027656555"
"102180","0.9271000027656555","0.9271000027656555","0.9271000027656555"
"102191","0.9271000027656555","0.9271000027656555","0.9271000027656555"
"102202","0.9269999861717224","0.9269999861717224","0.9269999861717224"
"102213","0.9271000027656555","0.9271000027656555","0.9271000027656555"
"102224","0.9271000027656555","0.9271000027656555","0.9271000027656555"
"102235","0.9269999861717224","0.9269999861717224","0.9269999861717224"
"102246","0.9268999695777893","0.9268999695777893","0.9268999695777893"
"102257","0.9269999861717224","0.9269999861717224","0.9269999861717224"
"102268","0.9271000027656555","0.9271000027656555","0.9271000027656555"
"102279","0.9271999597549438","0.9271999597549438","0.9271999597549438"
"102290","0.9271999597549438","0.9271999597549438","0.9271999597549438"
"102301","0.9271999597549438","0.9271999597549438","0.9271999597549438"
"102312","0.9271999597549438","0.9271999597549438","0.9271999597549438"
"102323","0.9271999597549438","0.9271999597549438","0.9271999597549438"
"102334","0.9271000027656555","0.9271000027656555","0.9271000027656555"
"102345","0.9271000027656555","0.9271000027656555","0.9271000027656555"
"102356","0.9271000027656555","0.9271000027656555","0.9271000027656555"
"102367","0.9271000027656555","0.9271000027656555","0.9271000027656555"
"102378","0.9271999597549438","0.9271999597549438","0.9271999597549438"
"102389","0.9271999597549438","0.9271999597549438","0.9271999597549438"
"102400","0.9271999597549438","0.9271999597549438","0.9271999597549438"
"102411","0.927299976348877","0.927299976348877","0.927299976348877"
"102422","0.927299976348877","0.927299976348877","0.927299976348877"
"102433","0.9273999929428101","0.9273999929428101","0.9273999929428101"
"102444","0.9273999929428101","0.9273999929428101","0.9273999929428101"
"102455","0.9273999929428101","0.9273999929428101","0.9273999929428101"
"102466","0.9273999929428101","0.9273999929428101","0.9273999929428101"
"102477","0.9273999929428101","0.9273999929428101","0.9273999929428101"
"102488","0.9273999929428101","0.9273999929428101","0.9273999929428101"
"102499","0.9273999929428101","0.9273999929428101","0.9273999929428101"
"102510","0.9273999929428101","0.9273999929428101","0.9273999929428101"
"102521","0.9273999929428101","0.9273999929428101","0.9273999929428101"
"102532","0.9274999499320984","0.9274999499320984","0.9274999499320984"
"102543","0.9274999499320984","0.9274999499320984","0.9274999499320984"
"102554","0.9271999597549438","0.9271999597549438","0.9271999597549438"
"102565","0.927299976348877","0.927299976348877","0.927299976348877"
"102576","0.9274999499320984","0.9274999499320984","0.9274999499320984"
"102587","0.9273999929428101","0.9273999929428101","0.9273999929428101"
"102598","0.9273999929428101","0.9273999929428101","0.9273999929428101"
"102609","0.9273999929428101","0.9273999929428101","0.9273999929428101"
"102620","0.9274999499320984","0.9274999499320984","0.9274999499320984"
"102631","0.9274999499320984","0.9274999499320984","0.9274999499320984"
"102642","0.9274999499320984","0.9274999499320984","0.9274999499320984"
"102653","0.9274999499320984","0.9274999499320984","0.9274999499320984"
"102664","0.9274999499320984","0.9274999499320984","0.9274999499320984"
"102675","0.9274999499320984","0.9274999499320984","0.9274999499320984"
"102686","0.9274999499320984","0.9274999499320984","0.9274999499320984"
"102697","0.9274999499320984","0.9274999499320984","0.9274999499320984"
"102708","0.9274999499320984","0.9274999499320984","0.9274999499320984"
"102719","0.9274999499320984","0.9274999499320984","0.9274999499320984"
"102730","0.9275999665260315","0.9275999665260315","0.9275999665260315"
"102741","0.9275999665260315","0.9275999665260315","0.9275999665260315"
"102752","0.9275999665260315","0.9275999665260315","0.9275999665260315"
"102763","0.9275999665260315","0.9275999665260315","0.9275999665260315"
"102774","0.9275999665260315","0.9275999665260315","0.9275999665260315"
"102785","0.9275999665260315","0.9275999665260315","0.9275999665260315"
"102796","0.9275999665260315","0.9275999665260315","0.9275999665260315"
"102807","0.9275999665260315","0.9275999665260315","0.9275999665260315"
"102818","0.9275999665260315","0.9275999665260315","0.9275999665260315"
"102829","0.9275999665260315","0.9275999665260315","0.9275999665260315"
"102840","0.9275999665260315","0.9275999665260315","0.9275999665260315"
"102851","0.9276999831199646","0.9276999831199646","0.9276999831199646"
"102862","0.9275999665260315","0.9275999665260315","0.9275999665260315"
"102873","0.9276999831199646","0.9276999831199646","0.9276999831199646"
"102884","0.9276999831199646","0.9276999831199646","0.9276999831199646"
"102895","0.9276999831199646","0.9276999831199646","0.9276999831199646"
"102906","0.927899956703186","0.927899956703186","0.927899956703186"
"102917","0.9277999997138977","0.9277999997138977","0.9277999997138977"
"102928","0.9277999997138977","0.9277999997138977","0.9277999997138977"
"102939","0.9277999997138977","0.9277999997138977","0.9277999997138977"
"102950","0.9277999997138977","0.9277999997138977","0.9277999997138977"
"102961","0.9277999997138977","0.9277999997138977","0.9277999997138977"
"102972","0.9277999997138977","0.9277999997138977","0.9277999997138977"
"102983","0.9277999997138977","0.9277999997138977","0.9277999997138977"
"102994","0.9277999997138977","0.9277999997138977","0.9277999997138977"
"103005","0.927899956703186","0.927899956703186","0.927899956703186"
"103016","0.927899956703186","0.927899956703186","0.927899956703186"
"103027","0.927899956703186","0.927899956703186","0.927899956703186"
"103038","0.927899956703186","0.927899956703186","0.927899956703186"
"103049","0.927899956703186","0.927899956703186","0.927899956703186"
"103060","0.927899956703186","0.927899956703186","0.927899956703186"
"103071","0.927899956703186","0.927899956703186","0.927899956703186"
"103082","0.927899956703186","0.927899956703186","0.927899956703186"
"103093","0.927899956703186","0.927899956703186","0.927899956703186"
"103104","0.927899956703186","0.927899956703186","0.927899956703186"
"103115","0.927899956703186","0.927899956703186","0.927899956703186"
"103126","0.9279999732971191","0.9279999732971191","0.9279999732971191"
"103137","0.9279999732971191","0.9279999732971191","0.9279999732971191"
"103148","0.9279999732971191","0.9279999732971191","0.9279999732971191"
"103159","0.9282999634742737","0.9282999634742737","0.9282999634742737"
"103170","0.9282999634742737","0.9282999634742737","0.9282999634742737"
"103181","0.9282999634742737","0.9282999634742737","0.9282999634742737"
"103192","0.9282999634742737","0.9282999634742737","0.9282999634742737"
"103203","0.9282999634742737","0.9282999634742737","0.9282999634742737"
"103214","0.9281999468803406","0.9281999468803406","0.9281999468803406"
"103225","0.9282999634742737","0.9282999634742737","0.9282999634742737"
"103236","0.9282999634742737","0.9282999634742737","0.9282999634742737"
"103247","0.9284999966621399","0.9284999966621399","0.9284999966621399"
"103258","0.9283999800682068","0.9283999800682068","0.9283999800682068"
"103269","0.9284999966621399","0.9284999966621399","0.9284999966621399"
"103280","0.9284999966621399","0.9284999966621399","0.9284999966621399"
"103291","0.9286999702453613","0.9286999702453613","0.9286999702453613"
"103302","0.9286999702453613","0.9286999702453613","0.9286999702453613"
"103313","0.9286999702453613","0.9286999702453613","0.9286999702453613"
"103324","0.9286999702453613","0.9286999702453613","0.9286999702453613"
"103335","0.9286999702453613","0.9286999702453613","0.9286999702453613"
"103346","0.9285999536514282","0.9285999536514282","0.9285999536514282"
"103357","0.9285999536514282","0.9285999536514282","0.9285999536514282"
"103368","0.9285999536514282","0.9285999536514282","0.9285999536514282"
"103379","0.9287999868392944","0.9287999868392944","0.9287999868392944"
"103390","0.9289000034332275","0.9289000034332275","0.9289000034332275"
"103401","0.9287999868392944","0.9287999868392944","0.9287999868392944"
"103412","0.9289000034332275","0.9289000034332275","0.9289000034332275"
"103423","0.9287999868392944","0.9287999868392944","0.9287999868392944"
"103434","0.9286999702453613","0.9286999702453613","0.9286999702453613"
"103445","0.9286999702453613","0.9286999702453613","0.9286999702453613"
"103456","0.9286999702453613","0.9286999702453613","0.9286999702453613"
"103467","0.9287999868392944","0.9287999868392944","0.9287999868392944"
"103478","0.9287999868392944","0.9287999868392944","0.9287999868392944"
"103489","0.9289000034332275","0.9289000034332275","0.9289000034332275"
"103500","0.9289000034332275","0.9289000034332275","0.9289000034332275"
"103511","0.9289000034332275","0.9289000034332275","0.9289000034332275"
"103522","0.9287999868392944","0.9287999868392944","0.9287999868392944"
"103533","0.9289000034332275","0.9289000034332275","0.9289000034332275"
"103544","0.9289000034332275","0.9289000034332275","0.9289000034332275"
"103555","0.9289000034332275","0.9289000034332275","0.9289000034332275"
"103566","0.9289000034332275","0.9289000034332275","0.9289000034332275"
"103577","0.9289999604225159","0.9289999604225159","0.9289999604225159"
"103588","0.9289000034332275","0.9289000034332275","0.9289000034332275"
"103599","0.9289000034332275","0.9289000034332275","0.9289000034332275"
"103610","0.9289999604225159","0.9289999604225159","0.9289999604225159"
"103621","0.9289999604225159","0.9289999604225159","0.9289999604225159"
"103632","0.9289999604225159","0.9289999604225159","0.9289999604225159"
"103643","0.9289999604225159","0.9289999604225159","0.9289999604225159"
"103654","0.9289999604225159","0.9289999604225159","0.9289999604225159"
"103665","0.9289999604225159","0.9289999604225159","0.9289999604225159"
"103676","0.9289999604225159","0.9289999604225159","0.9289999604225159"
"103687","0.9289999604225159","0.9289999604225159","0.9289999604225159"
"103698","0.9289999604225159","0.9289999604225159","0.9289999604225159"
"103709","0.9289999604225159","0.9289999604225159","0.9289999604225159"
"103720","0.9289999604225159","0.9289999604225159","0.9289999604225159"
"103731","0.9289000034332275","0.9289000034332275","0.9289000034332275"
"103742","0.9289999604225159","0.9289999604225159","0.9289999604225159"
"103753","0.929099977016449","0.929099977016449","0.929099977016449"
"103764","0.929099977016449","0.929099977016449","0.929099977016449"
"103775","0.9289000034332275","0.9289000034332275","0.9289000034332275"
"103786","0.9289999604225159","0.9289999604225159","0.9289999604225159"
"103797","0.929099977016449","0.929099977016449","0.929099977016449"
"103808","0.9291999936103821","0.9291999936103821","0.9291999936103821"
"103819","0.929099977016449","0.929099977016449","0.929099977016449"
"103830","0.9292999505996704","0.9292999505996704","0.9292999505996704"
"103841","0.9293999671936035","0.9293999671936035","0.9293999671936035"
"103852","0.9293999671936035","0.9293999671936035","0.9293999671936035"
"103863","0.9293999671936035","0.9293999671936035","0.9293999671936035"
"103874","0.9292999505996704","0.9292999505996704","0.9292999505996704"
"103885","0.9293999671936035","0.9293999671936035","0.9293999671936035"
"103896","0.9293999671936035","0.9293999671936035","0.9293999671936035"
"103907","0.9293999671936035","0.9293999671936035","0.9293999671936035"
"103918","0.9294999837875366","0.9294999837875366","0.9294999837875366"
"103929","0.9294999837875366","0.9294999837875366","0.9294999837875366"
"103940","0.9296000003814697","0.9296000003814697","0.9296000003814697"
"103951","0.9294999837875366","0.9294999837875366","0.9294999837875366"
"103962","0.9293999671936035","0.9293999671936035","0.9293999671936035"
"103973","0.9296000003814697","0.9296000003814697","0.9296000003814697"
"103984","0.9294999837875366","0.9294999837875366","0.9294999837875366"
"103995","0.9296000003814697","0.9296000003814697","0.9296000003814697"
"104006","0.9296000003814697","0.9296000003814697","0.9296000003814697"
"104017","0.9296999573707581","0.9296999573707581","0.9296999573707581"
"104028","0.9296999573707581","0.9296999573707581","0.9296999573707581"
"104039","0.9296999573707581","0.9296999573707581","0.9296999573707581"
"104050","0.9294999837875366","0.9294999837875366","0.9294999837875366"
"104061","0.9294999837875366","0.9294999837875366","0.9294999837875366"
"104072","0.9296000003814697","0.9296000003814697","0.9296000003814697"
"104083","0.9294999837875366","0.9294999837875366","0.9294999837875366"
"104094","0.9293999671936035","0.9293999671936035","0.9293999671936035"
"104105","0.9293999671936035","0.9293999671936035","0.9293999671936035"
"104116","0.9293999671936035","0.9293999671936035","0.9293999671936035"
"104127","0.9294999837875366","0.9294999837875366","0.9294999837875366"
"104138","0.9294999837875366","0.9294999837875366","0.9294999837875366"
"104149","0.9296999573707581","0.9296999573707581","0.9296999573707581"
"104160","0.9294999837875366","0.9294999837875366","0.9294999837875366"
"104171","0.9296999573707581","0.9296999573707581","0.9296999573707581"
"104182","0.9296000003814697","0.9296000003814697","0.9296000003814697"
"104193","0.9296000003814697","0.9296000003814697","0.9296000003814697"
"104204","0.9294999837875366","0.9294999837875366","0.9294999837875366"
"104215","0.9296999573707581","0.9296999573707581","0.9296999573707581"
"104226","0.9296000003814697","0.9296000003814697","0.9296000003814697"
"104237","0.9296000003814697","0.9296000003814697","0.9296000003814697"
"104248","0.9294999837875366","0.9294999837875366","0.9294999837875366"
"104259","0.9296999573707581","0.9296999573707581","0.9296999573707581"
"104270","0.9296000003814697","0.9296000003814697","0.9296000003814697"
"104281","0.9296000003814697","0.9296000003814697","0.9296000003814697"
"104292","0.9296000003814697","0.9296000003814697","0.9296000003814697"
"104303","0.9296000003814697","0.9296000003814697","0.9296000003814697"
"104314","0.9296000003814697","0.9296000003814697","0.9296000003814697"
"104325","0.9296000003814697","0.9296000003814697","0.9296000003814697"
"104336","0.9296000003814697","0.9296000003814697","0.9296000003814697"
"104347","0.9296999573707581","0.9296999573707581","0.9296999573707581"
"104358","0.9296999573707581","0.9296999573707581","0.9296999573707581"
"104369","0.9296999573707581","0.9296999573707581","0.9296999573707581"
"104380","0.9296999573707581","0.9296999573707581","0.9296999573707581"
"104391","0.9296999573707581","0.9296999573707581","0.9296999573707581"
"104402","0.9297999739646912","0.9297999739646912","0.9297999739646912"
"104413","0.9297999739646912","0.9297999739646912","0.9297999739646912"
"104424","0.9297999739646912","0.9297999739646912","0.9297999739646912"
"104435","0.9298999905586243","0.9298999905586243","0.9298999905586243"
"104446","0.9298999905586243","0.9298999905586243","0.9298999905586243"
"104457","0.9298999905586243","0.9298999905586243","0.9298999905586243"
"104468","0.9298999905586243","0.9298999905586243","0.9298999905586243"
"104479","0.9298999905586243","0.9298999905586243","0.9298999905586243"
"104490","0.9299999475479126","0.9299999475479126","0.9299999475479126"
"104501","0.9300999641418457","0.9300999641418457","0.9300999641418457"
"104512","0.9301999807357788","0.9301999807357788","0.9301999807357788"
"104523","0.9301999807357788","0.9301999807357788","0.9301999807357788"
"104534","0.9300999641418457","0.9300999641418457","0.9300999641418457"
"104545","0.9301999807357788","0.9301999807357788","0.9301999807357788"
"104556","0.9301999807357788","0.9301999807357788","0.9301999807357788"
"104567","0.9300999641418457","0.9300999641418457","0.9300999641418457"
"104578","0.9300999641418457","0.9300999641418457","0.9300999641418457"
"104589","0.9301999807357788","0.9301999807357788","0.9301999807357788"
"104600","0.9301999807357788","0.9301999807357788","0.9301999807357788"
"104611","0.9301999807357788","0.9301999807357788","0.9301999807357788"
"104622","0.9300999641418457","0.9300999641418457","0.9300999641418457"
"104633","0.9301999807357788","0.9301999807357788","0.9301999807357788"
"104644","0.9301999807357788","0.9301999807357788","0.9301999807357788"
"104655","0.9301999807357788","0.9301999807357788","0.9301999807357788"
"104666","0.9301999807357788","0.9301999807357788","0.9301999807357788"
"104677","0.9300999641418457","0.9300999641418457","0.9300999641418457"
"104688","0.9301999807357788","0.9301999807357788","0.9301999807357788"
"104699","0.9302999973297119","0.9302999973297119","0.9302999973297119"
"104710","0.9302999973297119","0.9302999973297119","0.9302999973297119"
"104721","0.9302999973297119","0.9302999973297119","0.9302999973297119"
"104732","0.9302999973297119","0.9302999973297119","0.9302999973297119"
"104743","0.9303999543190002","0.9303999543190002","0.9303999543190002"
"104754","0.9303999543190002","0.9303999543190002","0.9303999543190002"
"104765","0.9304999709129333","0.9304999709129333","0.9304999709129333"
"104776","0.9305999875068665","0.9305999875068665","0.9305999875068665"
"104787","0.9304999709129333","0.9304999709129333","0.9304999709129333"
"104798","0.9305999875068665","0.9305999875068665","0.9305999875068665"
"104809","0.9304999709129333","0.9304999709129333","0.9304999709129333"
"104820","0.9304999709129333","0.9304999709129333","0.9304999709129333"
"104831","0.9303999543190002","0.9303999543190002","0.9303999543190002"
"104842","0.9304999709129333","0.9304999709129333","0.9304999709129333"
"104853","0.9305999875068665","0.9305999875068665","0.9305999875068665"
"104864","0.9305999875068665","0.9305999875068665","0.9305999875068665"
"104875","0.9307000041007996","0.9307000041007996","0.9307000041007996"
"104886","0.9307000041007996","0.9307000041007996","0.9307000041007996"
"104897","0.9305999875068665","0.9305999875068665","0.9305999875068665"
"104908","0.9305999875068665","0.9305999875068665","0.9305999875068665"
"104919","0.9305999875068665","0.9305999875068665","0.9305999875068665"
"104930","0.9307000041007996","0.9307000041007996","0.9307000041007996"
"104941","0.9305999875068665","0.9305999875068665","0.9305999875068665"
"104952","0.9307999610900879","0.9307999610900879","0.9307999610900879"
"104963","0.9307000041007996","0.9307000041007996","0.9307000041007996"
"104974","0.9307000041007996","0.9307000041007996","0.9307000041007996"
"104985","0.9307000041007996","0.9307000041007996","0.9307000041007996"
"104996","0.9305999875068665","0.9305999875068665","0.9305999875068665"
"105007","0.9305999875068665","0.9305999875068665","0.9305999875068665"
"105018","0.9307999610900879","0.9307999610900879","0.9307999610900879"
"105029","0.9307999610900879","0.9307999610900879","0.9307999610900879"
"105040","0.9307999610900879","0.9307999610900879","0.9307999610900879"
"105051","0.930899977684021","0.930899977684021","0.930899977684021"
"105062","0.930899977684021","0.930899977684021","0.930899977684021"
"105073","0.930899977684021","0.930899977684021","0.930899977684021"
"105084","0.9309999942779541","0.9309999942779541","0.9309999942779541"
"105095","0.9310999512672424","0.9310999512672424","0.9310999512672424"
"105106","0.9311999678611755","0.9311999678611755","0.9311999678611755"
"105117","0.9310999512672424","0.9310999512672424","0.9310999512672424"
"105128","0.9310999512672424","0.9310999512672424","0.9310999512672424"
"105139","0.9310999512672424","0.9310999512672424","0.9310999512672424"
"105150","0.9310999512672424","0.9310999512672424","0.9310999512672424"
"105161","0.9309999942779541","0.9309999942779541","0.9309999942779541"
"105172","0.9309999942779541","0.9309999942779541","0.9309999942779541"
"105183","0.9309999942779541","0.9309999942779541","0.9309999942779541"
"105194","0.9310999512672424","0.9310999512672424","0.9310999512672424"
"105205","0.9310999512672424","0.9310999512672424","0.9310999512672424"
"105216","0.9310999512672424","0.9310999512672424","0.9310999512672424"
"105227","0.9310999512672424","0.9310999512672424","0.9310999512672424"
"105238","0.9311999678611755","0.9311999678611755","0.9311999678611755"
"105249","0.9312999844551086","0.9312999844551086","0.9312999844551086"
"105260","0.9312999844551086","0.9312999844551086","0.9312999844551086"
"105271","0.9310999512672424","0.9310999512672424","0.9310999512672424"
"105282","0.9310999512672424","0.9310999512672424","0.9310999512672424"
"105293","0.9311999678611755","0.9311999678611755","0.9311999678611755"
"105304","0.9311999678611755","0.9311999678611755","0.9311999678611755"
"105315","0.9312999844551086","0.9312999844551086","0.9312999844551086"
"105326","0.9314000010490417","0.9314000010490417","0.9314000010490417"
"105337","0.9314999580383301","0.9314999580383301","0.9314999580383301"
"105348","0.9315999746322632","0.9315999746322632","0.9315999746322632"
"105359","0.9315999746322632","0.9315999746322632","0.9315999746322632"
"105370","0.9315999746322632","0.9315999746322632","0.9315999746322632"
"105381","0.9315999746322632","0.9315999746322632","0.9315999746322632"
"105392","0.9316999912261963","0.9316999912261963","0.9316999912261963"
"105403","0.9317999482154846","0.9317999482154846","0.9317999482154846"
"105414","0.9317999482154846","0.9317999482154846","0.9317999482154846"
"105425","0.9317999482154846","0.9317999482154846","0.9317999482154846"
"105436","0.9318999648094177","0.9318999648094177","0.9318999648094177"
"105447","0.9317999482154846","0.9317999482154846","0.9317999482154846"
"105458","0.9318999648094177","0.9318999648094177","0.9318999648094177"
"105469","0.9317999482154846","0.9317999482154846","0.9317999482154846"
"105480","0.9315999746322632","0.9315999746322632","0.9315999746322632"
"105491","0.9317999482154846","0.9317999482154846","0.9317999482154846"
"105502","0.9319999814033508","0.9319999814033508","0.9319999814033508"
"105513","0.9318999648094177","0.9318999648094177","0.9318999648094177"
"105524","0.9318999648094177","0.9318999648094177","0.9318999648094177"
"105535","0.9318999648094177","0.9318999648094177","0.9318999648094177"
"105546","0.9318999648094177","0.9318999648094177","0.9318999648094177"
"105557","0.9318999648094177","0.9318999648094177","0.9318999648094177"
"105568","0.9318999648094177","0.9318999648094177","0.9318999648094177"
"105579","0.9320999979972839","0.9320999979972839","0.9320999979972839"
"105590","0.9319999814033508","0.9319999814033508","0.9319999814033508"
"105601","0.9320999979972839","0.9320999979972839","0.9320999979972839"
"105612","0.9322999715805054","0.9322999715805054","0.9322999715805054"
"105623","0.9322999715805054","0.9322999715805054","0.9322999715805054"
"105634","0.9320999979972839","0.9320999979972839","0.9320999979972839"
"105645","0.9321999549865723","0.9321999549865723","0.9321999549865723"
"105656","0.9320999979972839","0.9320999979972839","0.9320999979972839"
"105667","0.9322999715805054","0.9322999715805054","0.9322999715805054"
"105678","0.9321999549865723","0.9321999549865723","0.9321999549865723"
"105689","0.9322999715805054","0.9322999715805054","0.9322999715805054"
"105700","0.9323999881744385","0.9323999881744385","0.9323999881744385"
"105711","0.9325000047683716","0.9325000047683716","0.9325000047683716"
"105722","0.9325000047683716","0.9325000047683716","0.9325000047683716"
"105733","0.9325000047683716","0.9325000047683716","0.9325000047683716"
"105744","0.9325000047683716","0.9325000047683716","0.9325000047683716"
"105755","0.9325000047683716","0.9325000047683716","0.9325000047683716"
"105766","0.9325999617576599","0.9325999617576599","0.9325999617576599"
"105777","0.9325999617576599","0.9325999617576599","0.9325999617576599"
"105788","0.9325999617576599","0.9325999617576599","0.9325999617576599"
"105799","0.9325999617576599","0.9325999617576599","0.9325999617576599"
"105810","0.932699978351593","0.932699978351593","0.932699978351593"
"105821","0.9325999617576599","0.9325999617576599","0.9325999617576599"
"105832","0.9325000047683716","0.9325000047683716","0.9325000047683716"
"105843","0.9325000047683716","0.9325000047683716","0.9325000047683716"
"105854","0.9327999949455261","0.9327999949455261","0.9327999949455261"
"105865","0.932699978351593","0.932699978351593","0.932699978351593"
"105876","0.9325999617576599","0.9325999617576599","0.9325999617576599"
"105887","0.932699978351593","0.932699978351593","0.932699978351593"
"105898","0.9327999949455261","0.9327999949455261","0.9327999949455261"
"105909","0.9328999519348145","0.9328999519348145","0.9328999519348145"
"105920","0.9327999949455261","0.9327999949455261","0.9327999949455261"
"105931","0.9327999949455261","0.9327999949455261","0.9327999949455261"
"105942","0.9327999949455261","0.9327999949455261","0.9327999949455261"
"105953","0.932699978351593","0.932699978351593","0.932699978351593"
"105964","0.932699978351593","0.932699978351593","0.932699978351593"
"105975","0.932699978351593","0.932699978351593","0.932699978351593"
"105986","0.9327999949455261","0.9327999949455261","0.9327999949455261"
"105997","0.9327999949455261","0.9327999949455261","0.9327999949455261"
"106008","0.9327999949455261","0.9327999949455261","0.9327999949455261"
"106019","0.932699978351593","0.932699978351593","0.932699978351593"
"106030","0.9327999949455261","0.9327999949455261","0.9327999949455261"
"106041","0.9328999519348145","0.9328999519348145","0.9328999519348145"
"106052","0.9327999949455261","0.9327999949455261","0.9327999949455261"
"106063","0.9327999949455261","0.9327999949455261","0.9327999949455261"
"106074","0.9328999519348145","0.9328999519348145","0.9328999519348145"
"106085","0.9327999949455261","0.9327999949455261","0.9327999949455261"
"106096","0.9329999685287476","0.9329999685287476","0.9329999685287476"
"106107","0.9329999685287476","0.9329999685287476","0.9329999685287476"
"106118","0.9329999685287476","0.9329999685287476","0.9329999685287476"
"106129","0.9332000017166138","0.9332000017166138","0.9332000017166138"
"106140","0.9332999587059021","0.9332999587059021","0.9332999587059021"
"106151","0.9332999587059021","0.9332999587059021","0.9332999587059021"
"106162","0.9333999752998352","0.9333999752998352","0.9333999752998352"
"106173","0.9332999587059021","0.9332999587059021","0.9332999587059021"
"106184","0.9332999587059021","0.9332999587059021","0.9332999587059021"
"106195","0.9332999587059021","0.9332999587059021","0.9332999587059021"
"106206","0.9332999587059021","0.9332999587059021","0.9332999587059021"
"106217","0.9332999587059021","0.9332999587059021","0.9332999587059021"
"106228","0.9333999752998352","0.9333999752998352","0.9333999752998352"
"106239","0.9332999587059021","0.9332999587059021","0.9332999587059021"
"106250","0.9333999752998352","0.9333999752998352","0.9333999752998352"
"106261","0.9332999587059021","0.9332999587059021","0.9332999587059021"
"106272","0.9332999587059021","0.9332999587059021","0.9332999587059021"
"106283","0.9332999587059021","0.9332999587059021","0.9332999587059021"
"106294","0.9332000017166138","0.9332000017166138","0.9332000017166138"
"106305","0.9332000017166138","0.9332000017166138","0.9332000017166138"
"106316","0.9332000017166138","0.9332000017166138","0.9332000017166138"
"106327","0.9332000017166138","0.9332000017166138","0.9332000017166138"
"106338","0.9332000017166138","0.9332000017166138","0.9332000017166138"
"106349","0.9330999851226807","0.9330999851226807","0.9330999851226807"
"106360","0.9332000017166138","0.9332000017166138","0.9332000017166138"
"106371","0.9332999587059021","0.9332999587059021","0.9332999587059021"
"106382","0.9332000017166138","0.9332000017166138","0.9332000017166138"
"106393","0.9332000017166138","0.9332000017166138","0.9332000017166138"
"106404","0.9329999685287476","0.9329999685287476","0.9329999685287476"
"106415","0.9329999685287476","0.9329999685287476","0.9329999685287476"
"106426","0.9332000017166138","0.9332000017166138","0.9332000017166138"
"106437","0.9330999851226807","0.9330999851226807","0.9330999851226807"
"106448","0.9329999685287476","0.9329999685287476","0.9329999685287476"
"106459","0.9329999685287476","0.9329999685287476","0.9329999685287476"
"106470","0.9329999685287476","0.9329999685287476","0.9329999685287476"
"106481","0.9330999851226807","0.9330999851226807","0.9330999851226807"
"106492","0.9330999851226807","0.9330999851226807","0.9330999851226807"
"106503","0.9329999685287476","0.9329999685287476","0.9329999685287476"
"106514","0.9330999851226807","0.9330999851226807","0.9330999851226807"
"106525","0.9330999851226807","0.9330999851226807","0.9330999851226807"
"106536","0.9330999851226807","0.9330999851226807","0.9330999851226807"
"106547","0.9330999851226807","0.9330999851226807","0.9330999851226807"
"106558","0.9329999685287476","0.9329999685287476","0.9329999685287476"
"106569","0.9329999685287476","0.9329999685287476","0.9329999685287476"
"106580","0.9332000017166138","0.9332000017166138","0.9332000017166138"
"106591","0.9330999851226807","0.9330999851226807","0.9330999851226807"
"106602","0.9330999851226807","0.9330999851226807","0.9330999851226807"
"106613","0.9332000017166138","0.9332000017166138","0.9332000017166138"
"106624","0.9332000017166138","0.9332000017166138","0.9332000017166138"
"106635","0.9332999587059021","0.9332999587059021","0.9332999587059021"
"106646","0.9332999587059021","0.9332999587059021","0.9332999587059021"
"106657","0.9332999587059021","0.9332999587059021","0.9332999587059021"
"106668","0.9332999587059021","0.9332999587059021","0.9332999587059021"
"106679","0.9333999752998352","0.9333999752998352","0.9333999752998352"
"106690","0.9333999752998352","0.9333999752998352","0.9333999752998352"
"106701","0.9334999918937683","0.9334999918937683","0.9334999918937683"
"106712","0.9334999918937683","0.9334999918937683","0.9334999918937683"
"106723","0.9334999918937683","0.9334999918937683","0.9334999918937683"
"106734","0.9335999488830566","0.9335999488830566","0.9335999488830566"
"106745","0.9335999488830566","0.9335999488830566","0.9335999488830566"
"106756","0.9335999488830566","0.9335999488830566","0.9335999488830566"
"106767","0.9336999654769897","0.9336999654769897","0.9336999654769897"
"106778","0.9336999654769897","0.9336999654769897","0.9336999654769897"
"106789","0.9336999654769897","0.9336999654769897","0.9336999654769897"
"106800","0.9337999820709229","0.9337999820709229","0.9337999820709229"
"106811","0.9337999820709229","0.9337999820709229","0.9337999820709229"
"106822","0.9337999820709229","0.9337999820709229","0.9337999820709229"
"106833","0.933899998664856","0.933899998664856","0.933899998664856"
"106844","0.933899998664856","0.933899998664856","0.933899998664856"
"106855","0.933899998664856","0.933899998664856","0.933899998664856"
"106866","0.933899998664856","0.933899998664856","0.933899998664856"
"106877","0.933899998664856","0.933899998664856","0.933899998664856"
"106888","0.9337999820709229","0.9337999820709229","0.9337999820709229"
"106899","0.933899998664856","0.933899998664856","0.933899998664856"
"106910","0.9339999556541443","0.9339999556541443","0.9339999556541443"
"106921","0.933899998664856","0.933899998664856","0.933899998664856"
"106932","0.933899998664856","0.933899998664856","0.933899998664856"
"106943","0.933899998664856","0.933899998664856","0.933899998664856"
"106954","0.9339999556541443","0.9339999556541443","0.9339999556541443"
"106965","0.9339999556541443","0.9339999556541443","0.9339999556541443"
"106976","0.9339999556541443","0.9339999556541443","0.9339999556541443"
"106987","0.9340999722480774","0.9340999722480774","0.9340999722480774"
"106998","0.9340999722480774","0.9340999722480774","0.9340999722480774"
"107009","0.9343000054359436","0.9343000054359436","0.9343000054359436"
"107020","0.9343999624252319","0.9343999624252319","0.9343999624252319"
"107031","0.9343000054359436","0.9343000054359436","0.9343000054359436"
"107042","0.9341999888420105","0.9341999888420105","0.9341999888420105"
"107053","0.9340999722480774","0.9340999722480774","0.9340999722480774"
"107064","0.9343999624252319","0.9343999624252319","0.9343999624252319"
"107075","0.9343999624252319","0.9343999624252319","0.9343999624252319"
"107086","0.9343999624252319","0.9343999624252319","0.9343999624252319"
"107097","0.9343999624252319","0.9343999624252319","0.9343999624252319"
"107108","0.9343999624252319","0.9343999624252319","0.9343999624252319"
"107119","0.9343999624252319","0.9343999624252319","0.9343999624252319"
"107130","0.9343999624252319","0.9343999624252319","0.9343999624252319"
"107141","0.934499979019165","0.934499979019165","0.934499979019165"
"107152","0.9343999624252319","0.9343999624252319","0.9343999624252319"
"107163","0.9343999624252319","0.9343999624252319","0.9343999624252319"
"107174","0.9343999624252319","0.9343999624252319","0.9343999624252319"
"107185","0.9345999956130981","0.9345999956130981","0.9345999956130981"
"107196","0.9346999526023865","0.9346999526023865","0.9346999526023865"
"107207","0.9345999956130981","0.9345999956130981","0.9345999956130981"
"107218","0.9346999526023865","0.9346999526023865","0.9346999526023865"
"107229","0.9345999956130981","0.9345999956130981","0.9345999956130981"
"107240","0.9345999956130981","0.9345999956130981","0.9345999956130981"
"107251","0.934499979019165","0.934499979019165","0.934499979019165"
"107262","0.934499979019165","0.934499979019165","0.934499979019165"
"107273","0.934499979019165","0.934499979019165","0.934499979019165"
"107284","0.9343999624252319","0.9343999624252319","0.9343999624252319"
"107295","0.9343999624252319","0.9343999624252319","0.9343999624252319"
"107306","0.934499979019165","0.934499979019165","0.934499979019165"
"107317","0.934499979019165","0.934499979019165","0.934499979019165"
"107328","0.934499979019165","0.934499979019165","0.934499979019165"
"107339","0.9346999526023865","0.9346999526023865","0.9346999526023865"
"107350","0.9346999526023865","0.9346999526023865","0.9346999526023865"
"107361","0.9346999526023865","0.9346999526023865","0.9346999526023865"
"107372","0.9347999691963196","0.9347999691963196","0.9347999691963196"
"107383","0.9348999857902527","0.9348999857902527","0.9348999857902527"
"107394","0.9350999593734741","0.9350999593734741","0.9350999593734741"
"107405","0.9350999593734741","0.9350999593734741","0.9350999593734741"
"107416","0.9350999593734741","0.9350999593734741","0.9350999593734741"
"107427","0.9350000023841858","0.9350000023841858","0.9350000023841858"
"107438","0.9348999857902527","0.9348999857902527","0.9348999857902527"
"107449","0.9348999857902527","0.9348999857902527","0.9348999857902527"
"107460","0.9350000023841858","0.9350000023841858","0.9350000023841858"
"107471","0.9350999593734741","0.9350999593734741","0.9350999593734741"
"107482","0.9351999759674072","0.9351999759674072","0.9351999759674072"
"107493","0.9352999925613403","0.9352999925613403","0.9352999925613403"
"107504","0.9350999593734741","0.9350999593734741","0.9350999593734741"
"107515","0.9352999925613403","0.9352999925613403","0.9352999925613403"
"107526","0.9351999759674072","0.9351999759674072","0.9351999759674072"
"107537","0.9350999593734741","0.9350999593734741","0.9350999593734741"
"107548","0.9350999593734741","0.9350999593734741","0.9350999593734741"
"107559","0.9350999593734741","0.9350999593734741","0.9350999593734741"
"107570","0.9350999593734741","0.9350999593734741","0.9350999593734741"
"107581","0.9350999593734741","0.9350999593734741","0.9350999593734741"
"107592","0.9351999759674072","0.9351999759674072","0.9351999759674072"
"107603","0.9350999593734741","0.9350999593734741","0.9350999593734741"
"107614","0.9351999759674072","0.9351999759674072","0.9351999759674072"
"107625","0.9350000023841858","0.9350000023841858","0.9350000023841858"
"107636","0.9350999593734741","0.9350999593734741","0.9350999593734741"
"107647","0.9352999925613403","0.9352999925613403","0.9352999925613403"
"107658","0.9352999925613403","0.9352999925613403","0.9352999925613403"
"107669","0.9354999661445618","0.9354999661445618","0.9354999661445618"
"107680","0.9353999495506287","0.9353999495506287","0.9353999495506287"
"107691","0.9352999925613403","0.9352999925613403","0.9352999925613403"
"107702","0.9352999925613403","0.9352999925613403","0.9352999925613403"
"107713","0.9353999495506287","0.9353999495506287","0.9353999495506287"
"107724","0.9353999495506287","0.9353999495506287","0.9353999495506287"
"107735","0.9352999925613403","0.9352999925613403","0.9352999925613403"
"107746","0.9352999925613403","0.9352999925613403","0.9352999925613403"
"107757","0.9352999925613403","0.9352999925613403","0.9352999925613403"
"107768","0.9352999925613403","0.9352999925613403","0.9352999925613403"
"107779","0.9352999925613403","0.9352999925613403","0.9352999925613403"
"107790","0.9351999759674072","0.9351999759674072","0.9351999759674072"
"107801","0.9351999759674072","0.9351999759674072","0.9351999759674072"
"107812","0.9351999759674072","0.9351999759674072","0.9351999759674072"
"107823","0.9351999759674072","0.9351999759674072","0.9351999759674072"
"107834","0.9351999759674072","0.9351999759674072","0.9351999759674072"
"107845","0.9351999759674072","0.9351999759674072","0.9351999759674072"
"107856","0.9351999759674072","0.9351999759674072","0.9351999759674072"
"107867","0.9351999759674072","0.9351999759674072","0.9351999759674072"
"107878","0.9351999759674072","0.9351999759674072","0.9351999759674072"
"107889","0.9351999759674072","0.9351999759674072","0.9351999759674072"
"107900","0.9351999759674072","0.9351999759674072","0.9351999759674072"
"107911","0.9350999593734741","0.9350999593734741","0.9350999593734741"
"107922","0.9352999925613403","0.9352999925613403","0.9352999925613403"
"107933","0.9353999495506287","0.9353999495506287","0.9353999495506287"
"107944","0.9353999495506287","0.9353999495506287","0.9353999495506287"
"107955","0.9353999495506287","0.9353999495506287","0.9353999495506287"
"107966","0.9353999495506287","0.9353999495506287","0.9353999495506287"
"107977","0.9354999661445618","0.9354999661445618","0.9354999661445618"
"107988","0.9354999661445618","0.9354999661445618","0.9354999661445618"
"107999","0.9353999495506287","0.9353999495506287","0.9353999495506287"
"108010","0.9353999495506287","0.9353999495506287","0.9353999495506287"
"108021","0.9353999495506287","0.9353999495506287","0.9353999495506287"
"108032","0.9353999495506287","0.9353999495506287","0.9353999495506287"
"108043","0.9353999495506287","0.9353999495506287","0.9353999495506287"
"108054","0.9353999495506287","0.9353999495506287","0.9353999495506287"
"108065","0.9353999495506287","0.9353999495506287","0.9353999495506287"
"108076","0.9353999495506287","0.9353999495506287","0.9353999495506287"
"108087","0.9352999925613403","0.9352999925613403","0.9352999925613403"
"108098","0.9352999925613403","0.9352999925613403","0.9352999925613403"
"108109","0.9352999925613403","0.9352999925613403","0.9352999925613403"
"108120","0.9353999495506287","0.9353999495506287","0.9353999495506287"
"108131","0.9355999827384949","0.9355999827384949","0.9355999827384949"
"108142","0.9354999661445618","0.9354999661445618","0.9354999661445618"
"108153","0.9353999495506287","0.9353999495506287","0.9353999495506287"
"108164","0.9355999827384949","0.9355999827384949","0.9355999827384949"
"108175","0.9355999827384949","0.9355999827384949","0.9355999827384949"
"108186","0.935699999332428","0.935699999332428","0.935699999332428"
"108197","0.935699999332428","0.935699999332428","0.935699999332428"
"108208","0.9355999827384949","0.9355999827384949","0.9355999827384949"
"108219","0.9355999827384949","0.9355999827384949","0.9355999827384949"
"108230","0.935699999332428","0.935699999332428","0.935699999332428"
"108241","0.9358999729156494","0.9358999729156494","0.9358999729156494"
"108252","0.9358999729156494","0.9358999729156494","0.9358999729156494"
"108263","0.9358999729156494","0.9358999729156494","0.9358999729156494"
"108274","0.9358999729156494","0.9358999729156494","0.9358999729156494"
"108285","0.9358999729156494","0.9358999729156494","0.9358999729156494"
"108296","0.9359999895095825","0.9359999895095825","0.9359999895095825"
"108307","0.9361000061035156","0.9361000061035156","0.9361000061035156"
"108318","0.936199963092804","0.936199963092804","0.936199963092804"
"108329","0.936199963092804","0.936199963092804","0.936199963092804"
"108340","0.936199963092804","0.936199963092804","0.936199963092804"
"108351","0.936199963092804","0.936199963092804","0.936199963092804"
"108362","0.9362999796867371","0.9362999796867371","0.9362999796867371"
"108373","0.936199963092804","0.936199963092804","0.936199963092804"
"108384","0.936199963092804","0.936199963092804","0.936199963092804"
"108395","0.9361000061035156","0.9361000061035156","0.9361000061035156"
"108406","0.9359999895095825","0.9359999895095825","0.9359999895095825"
"108417","0.9361000061035156","0.9361000061035156","0.9361000061035156"
"108428","0.936199963092804","0.936199963092804","0.936199963092804"
"108439","0.936199963092804","0.936199963092804","0.936199963092804"
"108450","0.936199963092804","0.936199963092804","0.936199963092804"
"108461","0.936199963092804","0.936199963092804","0.936199963092804"
"108472","0.936199963092804","0.936199963092804","0.936199963092804"
"108483","0.9362999796867371","0.9362999796867371","0.9362999796867371"
"108494","0.9363999962806702","0.9363999962806702","0.9363999962806702"
"108505","0.9363999962806702","0.9363999962806702","0.9363999962806702"
"108516","0.9362999796867371","0.9362999796867371","0.9362999796867371"
"108527","0.9362999796867371","0.9362999796867371","0.9362999796867371"
"108538","0.936199963092804","0.936199963092804","0.936199963092804"
"108549","0.9362999796867371","0.9362999796867371","0.9362999796867371"
"108560","0.9362999796867371","0.9362999796867371","0.9362999796867371"
"108571","0.936199963092804","0.936199963092804","0.936199963092804"
"108582","0.9363999962806702","0.9363999962806702","0.9363999962806702"
"108593","0.9363999962806702","0.9363999962806702","0.9363999962806702"
"108604","0.9362999796867371","0.9362999796867371","0.9362999796867371"
"108615","0.9363999962806702","0.9363999962806702","0.9363999962806702"
"108626","0.9363999962806702","0.9363999962806702","0.9363999962806702"
"108637","0.9364999532699585","0.9364999532699585","0.9364999532699585"
"108648","0.9364999532699585","0.9364999532699585","0.9364999532699585"
"108659","0.9364999532699585","0.9364999532699585","0.9364999532699585"
"108670","0.9364999532699585","0.9364999532699585","0.9364999532699585"
"108681","0.9366999864578247","0.9366999864578247","0.9366999864578247"
"108692","0.9365999698638916","0.9365999698638916","0.9365999698638916"
"108703","0.9365999698638916","0.9365999698638916","0.9365999698638916"
"108714","0.9365999698638916","0.9365999698638916","0.9365999698638916"
"108725","0.9365999698638916","0.9365999698638916","0.9365999698638916"
"108736","0.9366999864578247","0.9366999864578247","0.9366999864578247"
"108747","0.9366999864578247","0.9366999864578247","0.9366999864578247"
"108758","0.9366999864578247","0.9366999864578247","0.9366999864578247"
"108769","0.9366999864578247","0.9366999864578247","0.9366999864578247"
"108780","0.9366999864578247","0.9366999864578247","0.9366999864578247"
"108791","0.9366999864578247","0.9366999864578247","0.9366999864578247"
"108802","0.9368000030517578","0.9368000030517578","0.9368000030517578"
"108813","0.9368000030517578","0.9368000030517578","0.9368000030517578"
"108824","0.9368999600410461","0.9368999600410461","0.9368999600410461"
"108835","0.9369999766349792","0.9369999766349792","0.9369999766349792"
"108846","0.9369999766349792","0.9369999766349792","0.9369999766349792"
"108857","0.9370999932289124","0.9370999932289124","0.9370999932289124"
"108868","0.9368999600410461","0.9368999600410461","0.9368999600410461"
"108879","0.9368000030517578","0.9368000030517578","0.9368000030517578"
"108890","0.9368999600410461","0.9368999600410461","0.9368999600410461"
"108901","0.9369999766349792","0.9369999766349792","0.9369999766349792"
"108912","0.9371999502182007","0.9371999502182007","0.9371999502182007"
"108923","0.9371999502182007","0.9371999502182007","0.9371999502182007"
"108934","0.9371999502182007","0.9371999502182007","0.9371999502182007"
"108945","0.9371999502182007","0.9371999502182007","0.9371999502182007"
"108956","0.9370999932289124","0.9370999932289124","0.9370999932289124"
"108967","0.9369999766349792","0.9369999766349792","0.9369999766349792"
"108978","0.9370999932289124","0.9370999932289124","0.9370999932289124"
"108989","0.9371999502182007","0.9371999502182007","0.9371999502182007"
"109000","0.9371999502182007","0.9371999502182007","0.9371999502182007"
"109011","0.9371999502182007","0.9371999502182007","0.9371999502182007"
"109022","0.9371999502182007","0.9371999502182007","0.9371999502182007"
"109033","0.9371999502182007","0.9371999502182007","0.9371999502182007"
"109044","0.9372999668121338","0.9372999668121338","0.9372999668121338"
"109055","0.9370999932289124","0.9370999932289124","0.9370999932289124"
"109066","0.9370999932289124","0.9370999932289124","0.9370999932289124"
"109077","0.9371999502182007","0.9371999502182007","0.9371999502182007"
"109088","0.9373999834060669","0.9373999834060669","0.9373999834060669"
"109099","0.9372999668121338","0.9372999668121338","0.9372999668121338"
"109110","0.9372999668121338","0.9372999668121338","0.9372999668121338"
"109121","0.9372999668121338","0.9372999668121338","0.9372999668121338"
"109132","0.9372999668121338","0.9372999668121338","0.9372999668121338"
"109143","0.9372999668121338","0.9372999668121338","0.9372999668121338"
"109154","0.9372999668121338","0.9372999668121338","0.9372999668121338"
"109165","0.9372999668121338","0.9372999668121338","0.9372999668121338"
"109176","0.9373999834060669","0.9373999834060669","0.9373999834060669"
"109187","0.9373999834060669","0.9373999834060669","0.9373999834060669"
"109198","0.9373999834060669","0.9373999834060669","0.9373999834060669"
"109209","0.9373999834060669","0.9373999834060669","0.9373999834060669"
"109220","0.9373999834060669","0.9373999834060669","0.9373999834060669"
"109231","0.9373999834060669","0.9373999834060669","0.9373999834060669"
"109242","0.9373999834060669","0.9373999834060669","0.9373999834060669"
"109253","0.9373999834060669","0.9373999834060669","0.9373999834060669"
"109264","0.9373999834060669","0.9373999834060669","0.9373999834060669"
"109275","0.9372999668121338","0.9372999668121338","0.9372999668121338"
"109286","0.9372999668121338","0.9372999668121338","0.9372999668121338"
"109297","0.9372999668121338","0.9372999668121338","0.9372999668121338"
"109308","0.9372999668121338","0.9372999668121338","0.9372999668121338"
"109319","0.9373999834060669","0.9373999834060669","0.9373999834060669"
"109330","0.9373999834060669","0.9373999834060669","0.9373999834060669"
"109341","0.9373999834060669","0.9373999834060669","0.9373999834060669"
"109352","0.9373999834060669","0.9373999834060669","0.9373999834060669"
"109363","0.9373999834060669","0.9373999834060669","0.9373999834060669"
"109374","0.9373999834060669","0.9373999834060669","0.9373999834060669"
"109385","0.9375","0.9375","0.9375"
"109396","0.9373999834060669","0.9373999834060669","0.9373999834060669"
"109407","0.9373999834060669","0.9373999834060669","0.9373999834060669"
"109418","0.9375","0.9375","0.9375"
"109429","0.9375","0.9375","0.9375"
"109440","0.9375","0.9375","0.9375"
"109451","0.9375","0.9375","0.9375"
"109462","0.9375","0.9375","0.9375"
"109473","0.9375","0.9375","0.9375"
"109484","0.9373999834060669","0.9373999834060669","0.9373999834060669"
"109495","0.9373999834060669","0.9373999834060669","0.9373999834060669"
"109506","0.9375","0.9375","0.9375"
"109517","0.9373999834060669","0.9373999834060669","0.9373999834060669"
"109528","0.9376999735832214","0.9376999735832214","0.9376999735832214"
"109539","0.9376999735832214","0.9376999735832214","0.9376999735832214"
"109550","0.9375999569892883","0.9375999569892883","0.9375999569892883"
"109561","0.9376999735832214","0.9376999735832214","0.9376999735832214"
"109572","0.9377999901771545","0.9377999901771545","0.9377999901771545"
"109583","0.9378999471664429","0.9378999471664429","0.9378999471664429"
"109594","0.9378999471664429","0.9378999471664429","0.9378999471664429"
"109605","0.9378999471664429","0.9378999471664429","0.9378999471664429"
"109616","0.9377999901771545","0.9377999901771545","0.9377999901771545"
"109627","0.9375999569892883","0.9375999569892883","0.9375999569892883"
"109638","0.9376999735832214","0.9376999735832214","0.9376999735832214"
"109649","0.9375999569892883","0.9375999569892883","0.9375999569892883"
"109660","0.9377999901771545","0.9377999901771545","0.9377999901771545"
"109671","0.9377999901771545","0.9377999901771545","0.9377999901771545"
"109682","0.9378999471664429","0.9378999471664429","0.9378999471664429"
"109693","0.9380999803543091","0.9380999803543091","0.9380999803543091"
"109704","0.9380999803543091","0.9380999803543091","0.9380999803543091"
"109715","0.937999963760376","0.937999963760376","0.937999963760376"
"109726","0.9380999803543091","0.9380999803543091","0.9380999803543091"
"109737","0.9381999969482422","0.9381999969482422","0.9381999969482422"
"109748","0.9382999539375305","0.9382999539375305","0.9382999539375305"
"109759","0.937999963760376","0.937999963760376","0.937999963760376"
"109770","0.9380999803543091","0.9380999803543091","0.9380999803543091"
"109781","0.9380999803543091","0.9380999803543091","0.9380999803543091"
"109792","0.9381999969482422","0.9381999969482422","0.9381999969482422"
"109803","0.9380999803543091","0.9380999803543091","0.9380999803543091"
"109814","0.9377999901771545","0.9377999901771545","0.9377999901771545"
"109825","0.9378999471664429","0.9378999471664429","0.9378999471664429"
"109836","0.9378999471664429","0.9378999471664429","0.9378999471664429"
"109847","0.9378999471664429","0.9378999471664429","0.9378999471664429"
"109858","0.9377999901771545","0.9377999901771545","0.9377999901771545"
"109869","0.9376999735832214","0.9376999735832214","0.9376999735832214"
"109880","0.9377999901771545","0.9377999901771545","0.9377999901771545"
"109891","0.9378999471664429","0.9378999471664429","0.9378999471664429"
"109902","0.9380999803543091","0.9380999803543091","0.9380999803543091"
"109913","0.9382999539375305","0.9382999539375305","0.9382999539375305"
"109924","0.9380999803543091","0.9380999803543091","0.9380999803543091"
"109935","0.937999963760376","0.937999963760376","0.937999963760376"
"109946","0.9380999803543091","0.9380999803543091","0.9380999803543091"
"109957","0.9380999803543091","0.9380999803543091","0.9380999803543091"
"109968","0.9380999803543091","0.9380999803543091","0.9380999803543091"
"109979","0.9382999539375305","0.9382999539375305","0.9382999539375305"
"109990","0.9382999539375305","0.9382999539375305","0.9382999539375305"