"Step","Readout, CN=2, B0=0, B1=0, K=128, L=32, N=16, p_B=0.75, p_C=0.75, B=4, eps=0, lamb=1e-09 - ic1_acc","Readout, CN=2, B0=0, B1=0, K=128, L=32, N=16, p_B=0.75, p_C=0.75, B=4, eps=0, lamb=1e-09 - ic1_acc__MIN","Readout, CN=2, B0=0, B1=0, K=128, L=32, N=16, p_B=0.75, p_C=0.75, B=4, eps=0, lamb=1e-09 - ic1_acc__MAX"
"1","0.03370000049471855","0.03370000049471855","0.03370000049471855"
"12","0.03539999946951866","0.03539999946951866","0.03539999946951866"
"23","0.037299998104572296","0.037299998104572296","0.037299998104572296"
"34","0.03959999978542328","0.03959999978542328","0.03959999978542328"
"45","0.04149999842047691","0.04149999842047691","0.04149999842047691"
"56","0.04319999739527702","0.04319999739527702","0.04319999739527702"
"67","0.045399997383356094","0.045399997383356094","0.045399997383356094"
"78","0.047599997371435165","0.047599997371435165","0.047599997371435165"
"89","0.04919999837875366","0.04919999837875366","0.04919999837875366"
"100","0.05219999700784683","0.05219999700784683","0.05219999700784683"
"111","0.053999997675418854","0.053999997675418854","0.053999997675418854"
"122","0.055799998342990875","0.055799998342990875","0.055799998342990875"
"133","0.058399997651576996","0.058399997651576996","0.058399997651576996"
"144","0.06069999933242798","0.06069999933242798","0.06069999933242798"
"155","0.06269999593496323","0.06269999593496323","0.06269999593496323"
"166","0.06560000032186508","0.06560000032186508","0.06560000032186508"
"177","0.06870000064373016","0.06870000064373016","0.06870000064373016"
"188","0.07079999893903732","0.07079999893903732","0.07079999893903732"
"199","0.07419999688863754","0.07419999688863754","0.07419999688863754"
"210","0.07660000026226044","0.07660000026226044","0.07660000026226044"
"221","0.07939999550580978","0.07939999550580978","0.07939999550580978"
"232","0.08169999718666077","0.08169999718666077","0.08169999718666077"
"243","0.08479999750852585","0.08479999750852585","0.08479999750852585"
"254","0.08729999512434006","0.08729999512434006","0.08729999512434006"
"265","0.08959999680519104","0.08959999680519104","0.08959999680519104"
"276","0.09239999949932098","0.09239999949932098","0.09239999949932098"
"287","0.09510000050067902","0.09510000050067902","0.09510000050067902"
"298","0.09769999980926514","0.09769999980926514","0.09769999980926514"
"309","0.10159999877214432","0.10159999877214432","0.10159999877214432"
"320","0.1054999977350235","0.1054999977350235","0.1054999977350235"
"331","0.10969999432563782","0.10969999432563782","0.10969999432563782"
"342","0.11309999972581863","0.11309999972581863","0.11309999972581863"
"353","0.11659999936819077","0.11659999936819077","0.11659999936819077"
"364","0.12060000002384186","0.12060000002384186","0.12060000002384186"
"375","0.12449999898672104","0.12449999898672104","0.12449999898672104"
"386","0.12919999659061432","0.12919999659061432","0.12919999659061432"
"397","0.13239999115467072","0.13239999115467072","0.13239999115467072"
"408","0.13509999215602875","0.13509999215602875","0.13509999215602875"
"419","0.14069999754428864","0.14069999754428864","0.14069999754428864"
"430","0.1436000019311905","0.1436000019311905","0.1436000019311905"
"441","0.14710000157356262","0.14710000157356262","0.14710000157356262"
"452","0.14949999749660492","0.14949999749660492","0.14949999749660492"
"463","0.15349999070167542","0.15349999070167542","0.15349999070167542"
"474","0.15639999508857727","0.15639999508857727","0.15639999508857727"
"485","0.1606999933719635","0.1606999933719635","0.1606999933719635"
"496","0.16339999437332153","0.16339999437332153","0.16339999437332153"
"507","0.16669999063014984","0.16669999063014984","0.16669999063014984"
"518","0.1703999936580658","0.1703999936580658","0.1703999936580658"
"529","0.17339999973773956","0.17339999973773956","0.17339999973773956"
"540","0.17559999227523804","0.17559999227523804","0.17559999227523804"
"551","0.179299995303154","0.179299995303154","0.179299995303154"
"562","0.1816999912261963","0.1816999912261963","0.1816999912261963"
"573","0.1850999891757965","0.1850999891757965","0.1850999891757965"
"584","0.18779999017715454","0.18779999017715454","0.18779999017715454"
"595","0.19039998948574066","0.19039998948574066","0.19039998948574066"
"606","0.19249999523162842","0.19249999523162842","0.19249999523162842"
"617","0.19619999825954437","0.19619999825954437","0.19619999825954437"
"628","0.1981000006198883","0.1981000006198883","0.1981000006198883"
"639","0.20069999992847443","0.20069999992847443","0.20069999992847443"
"650","0.20349998772144318","0.20349998772144318","0.20349998772144318"
"661","0.2061000019311905","0.2061000019311905","0.2061000019311905"
"672","0.2087000012397766","0.2087000012397766","0.2087000012397766"
"683","0.2110999971628189","0.2110999971628189","0.2110999971628189"
"694","0.21310000121593475","0.21310000121593475","0.21310000121593475"
"705","0.21570000052452087","0.21570000052452087","0.21570000052452087"
"716","0.21859999001026154","0.21859999001026154","0.21859999001026154"
"727","0.22059999406337738","0.22059999406337738","0.22059999406337738"
"738","0.22219999134540558","0.22219999134540558","0.22219999134540558"
"749","0.2239999920129776","0.2239999920129776","0.2239999920129776"
"760","0.22579999268054962","0.22579999268054962","0.22579999268054962"
"771","0.22839999198913574","0.22839999198913574","0.22839999198913574"
"782","0.22939999401569366","0.22939999401569366","0.22939999401569366"
"793","0.2305999994277954","0.2305999994277954","0.2305999994277954"
"804","0.2320999950170517","0.2320999950170517","0.2320999950170517"
"815","0.2345999926328659","0.2345999926328659","0.2345999926328659"
"826","0.23539999127388","0.23539999127388","0.23539999127388"
"837","0.2369999885559082","0.2369999885559082","0.2369999885559082"
"848","0.23899999260902405","0.23899999260902405","0.23899999260902405"
"859","0.23959998786449432","0.23959998786449432","0.23959998786449432"
"870","0.24079999327659607","0.24079999327659607","0.24079999327659607"
"881","0.24199999868869781","0.24199999868869781","0.24199999868869781"
"892","0.24390000104904175","0.24390000104904175","0.24390000104904175"
"903","0.24449999630451202","0.24449999630451202","0.24449999630451202"
"914","0.2458999902009964","0.2458999902009964","0.2458999902009964"
"925","0.24819999933242798","0.24819999933242798","0.24819999933242798"
"936","0.24929998815059662","0.24929998815059662","0.24929998815059662"
"947","0.2505999803543091","0.2505999803543091","0.2505999803543091"
"958","0.25110000371932983","0.25110000371932983","0.25110000371932983"
"969","0.2515999972820282","0.2515999972820282","0.2515999972820282"
"980","0.2531000077724457","0.2531000077724457","0.2531000077724457"
"991","0.2540000081062317","0.2540000081062317","0.2540000081062317"
"1002","0.2549000084400177","0.2549000084400177","0.2549000084400177"
"1013","0.2556000053882599","0.2556000053882599","0.2556000053882599"
"1024","0.2556999921798706","0.2556999921798706","0.2556999921798706"
"1035","0.2565999925136566","0.2565999925136566","0.2565999925136566"
"1046","0.25689998269081116","0.25689998269081116","0.25689998269081116"
"1057","0.25849997997283936","0.25849997997283936","0.25849997997283936"
"1068","0.2587999999523163","0.2587999999523163","0.2587999999523163"
"1079","0.26010000705718994","0.26010000705718994","0.26010000705718994"
"1090","0.2602999806404114","0.2602999806404114","0.2602999806404114"
"1101","0.2613999843597412","0.2613999843597412","0.2613999843597412"
"1112","0.2620999813079834","0.2620999813079834","0.2620999813079834"
"1123","0.26249998807907104","0.26249998807907104","0.26249998807907104"
"1134","0.2635999917984009","0.2635999917984009","0.2635999917984009"
"1145","0.26350000500679016","0.26350000500679016","0.26350000500679016"
"1156","0.26409998536109924","0.26409998536109924","0.26409998536109924"
"1167","0.26499998569488525","0.26499998569488525","0.26499998569488525"
"1178","0.2655999958515167","0.2655999958515167","0.2655999958515167"
"1189","0.2655999958515167","0.2655999958515167","0.2655999958515167"
"1200","0.26659998297691345","0.26659998297691345","0.26659998297691345"
"1211","0.26819998025894165","0.26819998025894165","0.26819998025894165"
"1222","0.2685000002384186","0.2685000002384186","0.2685000002384186"
"1233","0.2676999866962433","0.2676999866962433","0.2676999866962433"
"1244","0.2683999836444855","0.2683999836444855","0.2683999836444855"
"1255","0.26980000734329224","0.26980000734329224","0.26980000734329224"
"1266","0.2710999846458435","0.2710999846458435","0.2710999846458435"
"1277","0.2719999849796295","0.2719999849796295","0.2719999849796295"
"1288","0.27239999175071716","0.27239999175071716","0.27239999175071716"
"1299","0.2727999985218048","0.2727999985218048","0.2727999985218048"
"1310","0.272599995136261","0.272599995136261","0.272599995136261"
"1321","0.2736999988555908","0.2736999988555908","0.2736999988555908"
"1332","0.274399995803833","0.274399995803833","0.274399995803833"
"1343","0.2750999927520752","0.2750999927520752","0.2750999927520752"
"1354","0.275299996137619","0.275299996137619","0.275299996137619"
"1365","0.27539998292922974","0.27539998292922974","0.27539998292922974"
"1376","0.2751999795436859","0.2751999795436859","0.2751999795436859"
"1387","0.2757999897003174","0.2757999897003174","0.2757999897003174"
"1398","0.2760999798774719","0.2760999798774719","0.2760999798774719"
"1409","0.2766999900341034","0.2766999900341034","0.2766999900341034"
"1420","0.27789998054504395","0.27789998054504395","0.27789998054504395"
"1431","0.27799999713897705","0.27799999713897705","0.27799999713897705"
"1442","0.27789998054504395","0.27789998054504395","0.27789998054504395"
"1453","0.2784999907016754","0.2784999907016754","0.2784999907016754"
"1464","0.27789998054504395","0.27789998054504395","0.27789998054504395"
"1475","0.27809998393058777","0.27809998393058777","0.27809998393058777"
"1486","0.27869999408721924","0.27869999408721924","0.27869999408721924"
"1497","0.2791000008583069","0.2791000008583069","0.2791000008583069"
"1508","0.27950000762939453","0.27950000762939453","0.27950000762939453"
"1519","0.2800999879837036","0.2800999879837036","0.2800999879837036"
"1530","0.280599981546402","0.280599981546402","0.280599981546402"
"1541","0.28119999170303345","0.28119999170303345","0.28119999170303345"
"1552","0.281499981880188","0.281499981880188","0.281499981880188"
"1563","0.28139999508857727","0.28139999508857727","0.28139999508857727"
"1574","0.28129997849464417","0.28129997849464417","0.28129997849464417"
"1585","0.28139999508857727","0.28139999508857727","0.28139999508857727"
"1596","0.28129997849464417","0.28129997849464417","0.28129997849464417"
"1607","0.2816999852657318","0.2816999852657318","0.2816999852657318"
"1618","0.2821999788284302","0.2821999788284302","0.2821999788284302"
"1629","0.28290000557899475","0.28290000557899475","0.28290000557899475"
"1640","0.2831999957561493","0.2831999957561493","0.2831999957561493"
"1651","0.28329998254776","0.28329998254776","0.28329998254776"
"1662","0.28439998626708984","0.28439998626708984","0.28439998626708984"
"1673","0.2838999927043915","0.2838999927043915","0.2838999927043915"
"1684","0.2838999927043915","0.2838999927043915","0.2838999927043915"
"1695","0.2838999927043915","0.2838999927043915","0.2838999927043915"
"1706","0.2838999927043915","0.2838999927043915","0.2838999927043915"
"1717","0.28439998626708984","0.28439998626708984","0.28439998626708984"
"1728","0.2854999899864197","0.2854999899864197","0.2854999899864197"
"1739","0.2856000065803528","0.2856000065803528","0.2856000065803528"
"1750","0.28439998626708984","0.28439998626708984","0.28439998626708984"
"1761","0.2857999801635742","0.2857999801635742","0.2857999801635742"
"1772","0.2858999967575073","0.2858999967575073","0.2858999967575073"
"1783","0.2865000069141388","0.2865000069141388","0.2865000069141388"
"1794","0.28619998693466187","0.28619998693466187","0.28619998693466187"
"1805","0.2865000069141388","0.2865000069141388","0.2865000069141388"
"1816","0.28679999709129333","0.28679999709129333","0.28679999709129333"
"1827","0.2874000072479248","0.2874000072479248","0.2874000072479248"
"1838","0.2863999903202057","0.2863999903202057","0.2863999903202057"
"1849","0.28759998083114624","0.28759998083114624","0.28759998083114624"
"1860","0.28859999775886536","0.28859999775886536","0.28859999775886536"
"1871","0.2888999879360199","0.2888999879360199","0.2888999879360199"
"1882","0.2906000018119812","0.2906000018119812","0.2906000018119812"
"1893","0.2906999886035919","0.2906999886035919","0.2906999886035919"
"1904","0.2912999987602234","0.2912999987602234","0.2912999987602234"
"1915","0.2915000021457672","0.2915000021457672","0.2915000021457672"
"1926","0.29269999265670776","0.29269999265670776","0.29269999265670776"
"1937","0.29330000281333923","0.29330000281333923","0.29330000281333923"
"1948","0.29350000619888306","0.29350000619888306","0.29350000619888306"
"1959","0.2936999797821045","0.2936999797821045","0.2936999797821045"
"1970","0.29339998960494995","0.29339998960494995","0.29339998960494995"
"1981","0.2936999797821045","0.2936999797821045","0.2936999797821045"
"1992","0.2947999835014343","0.2947999835014343","0.2947999835014343"
"2003","0.29589998722076416","0.29589998722076416","0.29589998722076416"
"2014","0.29580000042915344","0.29580000042915344","0.29580000042915344"
"2025","0.2962999939918518","0.2962999939918518","0.2962999939918518"
"2036","0.2962999939918518","0.2962999939918518","0.2962999939918518"
"2047","0.29589998722076416","0.29589998722076416","0.29589998722076416"
"2058","0.2962999939918518","0.2962999939918518","0.2962999939918518"
"2069","0.29589998722076416","0.29589998722076416","0.29589998722076416"
"2080","0.29600000381469727","0.29600000381469727","0.29600000381469727"
"2091","0.29670000076293945","0.29670000076293945","0.29670000076293945"
"2102","0.2963999807834625","0.2963999807834625","0.2963999807834625"
"2113","0.29670000076293945","0.29670000076293945","0.29670000076293945"
"2124","0.2970999777317047","0.2970999777317047","0.2970999777317047"
"2135","0.2979999780654907","0.2979999780654907","0.2979999780654907"
"2146","0.2976999878883362","0.2976999878883362","0.2976999878883362"
"2157","0.29789999127388","0.29789999127388","0.29789999127388"
"2168","0.2985000014305115","0.2985000014305115","0.2985000014305115"
"2179","0.29839998483657837","0.29839998483657837","0.29839998483657837"
"2190","0.29889997839927673","0.29889997839927673","0.29889997839927673"
"2201","0.29889997839927673","0.29889997839927673","0.29889997839927673"
"2212","0.2992999851703644","0.2992999851703644","0.2992999851703644"
"2223","0.2992999851703644","0.2992999851703644","0.2992999851703644"
"2234","0.29999998211860657","0.29999998211860657","0.29999998211860657"
"2245","0.29999998211860657","0.29999998211860657","0.29999998211860657"
"2256","0.3003000020980835","0.3003000020980835","0.3003000020980835"
"2267","0.3003999888896942","0.3003999888896942","0.3003999888896942"
"2278","0.3003999888896942","0.3003999888896942","0.3003999888896942"
"2289","0.29999998211860657","0.29999998211860657","0.29999998211860657"
"2300","0.3000999987125397","0.3000999987125397","0.3000999987125397"
"2311","0.3009999990463257","0.3009999990463257","0.3009999990463257"
"2322","0.3010999858379364","0.3010999858379364","0.3010999858379364"
"2333","0.30140000581741333","0.30140000581741333","0.30140000581741333"
"2344","0.30300000309944153","0.30300000309944153","0.30300000309944153"
"2355","0.3027999997138977","0.3027999997138977","0.3027999997138977"
"2366","0.3026999831199646","0.3026999831199646","0.3026999831199646"
"2377","0.30309998989105225","0.30309998989105225","0.30309998989105225"
"2388","0.3037000000476837","0.3037000000476837","0.3037000000476837"
"2399","0.3035999834537506","0.3035999834537506","0.3035999834537506"
"2410","0.30399999022483826","0.30399999022483826","0.30399999022483826"
"2421","0.3041999936103821","0.3041999936103821","0.3041999936103821"
"2432","0.3046000003814697","0.3046000003814697","0.3046000003814697"
"2443","0.3050999939441681","0.3050999939441681","0.3050999939441681"
"2454","0.30570000410079956","0.30570000410079956","0.30570000410079956"
"2465","0.305899977684021","0.305899977684021","0.305899977684021"
"2476","0.3057999908924103","0.3057999908924103","0.3057999908924103"
"2487","0.30649998784065247","0.30649998784065247","0.30649998784065247"
"2498","0.3075000047683716","0.3075000047683716","0.3075000047683716"
"2509","0.30809998512268066","0.30809998512268066","0.30809998512268066"
"2520","0.30799999833106995","0.30799999833106995","0.30799999833106995"
"2531","0.3075999915599823","0.3075999915599823","0.3075999915599823"
"2542","0.3082999885082245","0.3082999885082245","0.3082999885082245"
"2553","0.3077999949455261","0.3077999949455261","0.3077999949455261"
"2564","0.30820000171661377","0.30820000171661377","0.30820000171661377"
"2575","0.3077999949455261","0.3077999949455261","0.3077999949455261"
"2586","0.3077999949455261","0.3077999949455261","0.3077999949455261"
"2597","0.30820000171661377","0.30820000171661377","0.30820000171661377"
"2608","0.30879998207092285","0.30879998207092285","0.30879998207092285"
"2619","0.3091999888420105","0.3091999888420105","0.3091999888420105"
"2630","0.30859997868537903","0.30859997868537903","0.30859997868537903"
"2641","0.30949997901916504","0.30949997901916504","0.30949997901916504"
"2652","0.31139999628067017","0.31139999628067017","0.31139999628067017"
"2663","0.3105999827384949","0.3105999827384949","0.3105999827384949"
"2674","0.3111000061035156","0.3111000061035156","0.3111000061035156"
"2685","0.3114999830722809","0.3114999830722809","0.3114999830722809"
"2696","0.31129997968673706","0.31129997968673706","0.31129997968673706"
"2707","0.3114999830722809","0.3114999830722809","0.3114999830722809"
"2718","0.3114999830722809","0.3114999830722809","0.3114999830722809"
"2729","0.3114999830722809","0.3114999830722809","0.3114999830722809"
"2740","0.31139999628067017","0.31139999628067017","0.31139999628067017"
"2751","0.3114999830722809","0.3114999830722809","0.3114999830722809"
"2762","0.3122999966144562","0.3122999966144562","0.3122999966144562"
"2773","0.3125999867916107","0.3125999867916107","0.3125999867916107"
"2784","0.31290000677108765","0.31290000677108765","0.31290000677108765"
"2795","0.3130999803543091","0.3130999803543091","0.3130999803543091"
"2806","0.31369999051094055","0.31369999051094055","0.31369999051094055"
"2817","0.313400000333786","0.313400000333786","0.313400000333786"
"2828","0.31360000371932983","0.31360000371932983","0.31360000371932983"
"2839","0.313400000333786","0.313400000333786","0.313400000333786"
"2850","0.31379997730255127","0.31379997730255127","0.31379997730255127"
"2861","0.3141999840736389","0.3141999840736389","0.3141999840736389"
"2872","0.3141999840736389","0.3141999840736389","0.3141999840736389"
"2883","0.3146999776363373","0.3146999776363373","0.3146999776363373"
"2894","0.3148999810218811","0.3148999810218811","0.3148999810218811"
"2905","0.3154999911785126","0.3154999911785126","0.3154999911785126"
"2916","0.3165999948978424","0.3165999948978424","0.3165999948978424"
"2927","0.3172000050544739","0.3172000050544739","0.3172000050544739"
"2938","0.3172999918460846","0.3172999918460846","0.3172999918460846"
"2949","0.3172999918460846","0.3172999918460846","0.3172999918460846"
"2960","0.3172999918460846","0.3172999918460846","0.3172999918460846"
"2971","0.31769999861717224","0.31769999861717224","0.31769999861717224"
"2982","0.3172000050544739","0.3172000050544739","0.3172000050544739"
"2993","0.31769999861717224","0.31769999861717224","0.31769999861717224"
"3004","0.31769999861717224","0.31769999861717224","0.31769999861717224"
"3015","0.3182999789714813","0.3182999789714813","0.3182999789714813"
"3026","0.3181000053882599","0.3181000053882599","0.3181000053882599"
"3037","0.31869998574256897","0.31869998574256897","0.31869998574256897"
"3048","0.3190000057220459","0.3190000057220459","0.3190000057220459"
"3059","0.31929999589920044","0.31929999589920044","0.31929999589920044"
"3070","0.3190999925136566","0.3190999925136566","0.3190999925136566"
"3081","0.31939998269081116","0.31939998269081116","0.31939998269081116"
"3092","0.3197000026702881","0.3197000026702881","0.3197000026702881"
"3103","0.3199000060558319","0.3199000060558319","0.3199000060558319"
"3114","0.32009997963905334","0.32009997963905334","0.32009997963905334"
"3125","0.3206999897956848","0.3206999897956848","0.3206999897956848"
"3136","0.321399986743927","0.321399986743927","0.321399986743927"
"3147","0.32189998030662537","0.32189998030662537","0.32189998030662537"
"3158","0.3215999901294708","0.3215999901294708","0.3215999901294708"
"3169","0.3222000002861023","0.3222000002861023","0.3222000002861023"
"3180","0.3228999972343445","0.3228999972343445","0.3228999972343445"
"3191","0.3222000002861023","0.3222000002861023","0.3222000002861023"
"3202","0.3229999840259552","0.3229999840259552","0.3229999840259552"
"3213","0.3231000006198883","0.3231000006198883","0.3231000006198883"
"3224","0.3231000006198883","0.3231000006198883","0.3231000006198883"
"3235","0.3229999840259552","0.3229999840259552","0.3229999840259552"
"3246","0.3237999975681305","0.3237999975681305","0.3237999975681305"
"3257","0.32429999113082886","0.32429999113082886","0.32429999113082886"
"3268","0.3243999779224396","0.3243999779224396","0.3243999779224396"
"3279","0.3240000009536743","0.3240000009536743","0.3240000009536743"
"3290","0.32420000433921814","0.32420000433921814","0.32420000433921814"
"3301","0.32420000433921814","0.32420000433921814","0.32420000433921814"
"3312","0.32420000433921814","0.32420000433921814","0.32420000433921814"
"3323","0.3240000009536743","0.3240000009536743","0.3240000009536743"
"3334","0.32409998774528503","0.32409998774528503","0.32409998774528503"
"3345","0.3244999945163727","0.3244999945163727","0.3244999945163727"
"3356","0.32499998807907104","0.32499998807907104","0.32499998807907104"
"3367","0.32519999146461487","0.32519999146461487","0.32519999146461487"
"3378","0.32580000162124634","0.32580000162124634","0.32580000162124634"
"3389","0.32589998841285706","0.32589998841285706","0.32589998841285706"
"3400","0.3260999917984009","0.3260999917984009","0.3260999917984009"
"3411","0.3261999785900116","0.3261999785900116","0.3261999785900116"
"3422","0.32670000195503235","0.32670000195503235","0.32670000195503235"
"3433","0.3263999819755554","0.3263999819755554","0.3263999819755554"
"3444","0.32679998874664307","0.32679998874664307","0.32679998874664307"
"3455","0.32739999890327454","0.32739999890327454","0.32739999890327454"
"3466","0.32729998230934143","0.32729998230934143","0.32729998230934143"
"3477","0.32749998569488525","0.32749998569488525","0.32749998569488525"
"3488","0.32839998602867126","0.32839998602867126","0.32839998602867126"
"3499","0.32819998264312744","0.32819998264312744","0.32819998264312744"
"3510","0.3287000060081482","0.3287000060081482","0.3287000060081482"
"3521","0.3287000060081482","0.3287000060081482","0.3287000060081482"
"3532","0.32819998264312744","0.32819998264312744","0.32819998264312744"
"3543","0.32819998264312744","0.32819998264312744","0.32819998264312744"
"3554","0.3287000060081482","0.3287000060081482","0.3287000060081482"
"3565","0.3287999927997589","0.3287999927997589","0.3287999927997589"
"3576","0.3294000029563904","0.3294000029563904","0.3294000029563904"
"3587","0.3294000029563904","0.3294000029563904","0.3294000029563904"
"3598","0.32889997959136963","0.32889997959136963","0.32889997959136963"
"3609","0.3296000063419342","0.3296000063419342","0.3296000063419342"
"3620","0.3303000032901764","0.3303000032901764","0.3303000032901764"
"3631","0.3303000032901764","0.3303000032901764","0.3303000032901764"
"3642","0.3303999900817871","0.3303999900817871","0.3303999900817871"
"3653","0.32999998331069946","0.32999998331069946","0.32999998331069946"
"3664","0.32999998331069946","0.32999998331069946","0.32999998331069946"
"3675","0.3296000063419342","0.3296000063419342","0.3296000063419342"
"3686","0.3296999931335449","0.3296999931335449","0.3296999931335449"
"3697","0.3303999900817871","0.3303999900817871","0.3303999900817871"
"3708","0.3304999768733978","0.3304999768733978","0.3304999768733978"
"3719","0.3312000036239624","0.3312000036239624","0.3312000036239624"
"3730","0.3310000002384186","0.3310000002384186","0.3310000002384186"
"3741","0.3319999873638153","0.3319999873638153","0.3319999873638153"
"3752","0.3325999975204468","0.3325999975204468","0.3325999975204468"
"3763","0.33309999108314514","0.33309999108314514","0.33309999108314514"
"3774","0.33319997787475586","0.33319997787475586","0.33319997787475586"
"3785","0.3337000012397766","0.3337000012397766","0.3337000012397766"
"3796","0.3333999812602997","0.3333999812602997","0.3333999812602997"
"3807","0.33379998803138733","0.33379998803138733","0.33379998803138733"
"3818","0.3343999981880188","0.3343999981880188","0.3343999981880188"
"3829","0.3342999815940857","0.3342999815940857","0.3342999815940857"
"3840","0.3352999985218048","0.3352999985218048","0.3352999985218048"
"3851","0.3349999785423279","0.3349999785423279","0.3349999785423279"
"3862","0.33559998869895935","0.33559998869895935","0.33559998869895935"
"3873","0.3360999822616577","0.3360999822616577","0.3360999822616577"
"3884","0.3361999988555908","0.3361999988555908","0.3361999988555908"
"3895","0.3375000059604645","0.3375000059604645","0.3375000059604645"
"3906","0.337799996137619","0.337799996137619","0.337799996137619"
"3917","0.3382999897003174","0.3382999897003174","0.3382999897003174"
"3928","0.3384000062942505","0.3384000062942505","0.3384000062942505"
"3939","0.33799999952316284","0.33799999952316284","0.33799999952316284"
"3950","0.33869999647140503","0.33869999647140503","0.33869999647140503"
"3961","0.33889999985694885","0.33889999985694885","0.33889999985694885"
"3972","0.3392999768257141","0.3392999768257141","0.3392999768257141"
"3983","0.33959999680519104","0.33959999680519104","0.33959999680519104"
"3994","0.33969998359680176","0.33969998359680176","0.33969998359680176"
"4005","0.33949998021125793","0.33949998021125793","0.33949998021125793"
"4016","0.3393999934196472","0.3393999934196472","0.3393999934196472"
"4027","0.3398999869823456","0.3398999869823456","0.3398999869823456"
"4038","0.3401999771595001","0.3401999771595001","0.3401999771595001"
"4049","0.3401999771595001","0.3401999771595001","0.3401999771595001"
"4060","0.3409000039100647","0.3409000039100647","0.3409000039100647"
"4071","0.34039998054504395","0.34039998054504395","0.34039998054504395"
"4082","0.34109997749328613","0.34109997749328613","0.34109997749328613"
"4093","0.34129998087882996","0.34129998087882996","0.34129998087882996"
"4104","0.3418000042438507","0.3418000042438507","0.3418000042438507"
"4115","0.34219998121261597","0.34219998121261597","0.34219998121261597"
"4126","0.3427000045776367","0.3427000045776367","0.3427000045776367"
"4137","0.34289997816085815","0.34289997816085815","0.34289997816085815"
"4148","0.34279999136924744","0.34279999136924744","0.34279999136924744"
"4159","0.34299999475479126","0.34299999475479126","0.34299999475479126"
"4170","0.34360000491142273","0.34360000491142273","0.34360000491142273"
"4181","0.34389999508857727","0.34389999508857727","0.34389999508857727"
"4192","0.3441999852657318","0.3441999852657318","0.3441999852657318"
"4203","0.34450000524520874","0.34450000524520874","0.34450000524520874"
"4214","0.34450000524520874","0.34450000524520874","0.34450000524520874"
"4225","0.3447999954223633","0.3447999954223633","0.3447999954223633"
"4236","0.3450999855995178","0.3450999855995178","0.3450999855995178"
"4247","0.3449999988079071","0.3449999988079071","0.3449999988079071"
"4258","0.3450999855995178","0.3450999855995178","0.3450999855995178"
"4269","0.34619998931884766","0.34619998931884766","0.34619998931884766"
"4280","0.34709998965263367","0.34709998965263367","0.34709998965263367"
"4291","0.34689998626708984","0.34689998626708984","0.34689998626708984"
"4302","0.34769999980926514","0.34769999980926514","0.34769999980926514"
"4313","0.3482999801635742","0.3482999801635742","0.3482999801635742"
"4324","0.3490999937057495","0.3490999937057495","0.3490999937057495"
"4335","0.34919998049736023","0.34919998049736023","0.34919998049736023"
"4346","0.3490999937057495","0.3490999937057495","0.3490999937057495"
"4357","0.3490999937057495","0.3490999937057495","0.3490999937057495"
"4368","0.34950000047683716","0.34950000047683716","0.34950000047683716"
"4379","0.349700003862381","0.349700003862381","0.349700003862381"
"4390","0.3499999940395355","0.3499999940395355","0.3499999940395355"
"4401","0.35009998083114624","0.35009998083114624","0.35009998083114624"
"4412","0.3504999876022339","0.3504999876022339","0.3504999876022339"
"4423","0.35040000081062317","0.35040000081062317","0.35040000081062317"
"4434","0.3511999845504761","0.3511999845504761","0.3511999845504761"
"4445","0.35179999470710754","0.35179999470710754","0.35179999470710754"
"4456","0.35179999470710754","0.35179999470710754","0.35179999470710754"
"4467","0.35269999504089355","0.35269999504089355","0.35269999504089355"
"4478","0.3531000018119812","0.3531000018119812","0.3531000018119812"
"4489","0.35359999537467957","0.35359999537467957","0.35359999537467957"
"4500","0.35429999232292175","0.35429999232292175","0.35429999232292175"
"4511","0.3546999990940094","0.3546999990940094","0.3546999990940094"
"4522","0.35519999265670776","0.35519999265670776","0.35519999265670776"
"4533","0.35519999265670776","0.35519999265670776","0.35519999265670776"
"4544","0.3547999858856201","0.3547999858856201","0.3547999858856201"
"4555","0.35589998960494995","0.35589998960494995","0.35589998960494995"
"4566","0.35589998960494995","0.35589998960494995","0.35589998960494995"
"4577","0.3563999831676483","0.3563999831676483","0.3563999831676483"
"4588","0.35670000314712524","0.35670000314712524","0.35670000314712524"
"4599","0.3572999835014343","0.3572999835014343","0.3572999835014343"
"4610","0.35760000348091125","0.35760000348091125","0.35760000348091125"
"4621","0.35760000348091125","0.35760000348091125","0.35760000348091125"
"4632","0.357699990272522","0.357699990272522","0.357699990272522"
"4643","0.3580999970436096","0.3580999970436096","0.3580999970436096"
"4654","0.35920000076293945","0.35920000076293945","0.35920000076293945"
"4665","0.35920000076293945","0.35920000076293945","0.35920000076293945"
"4676","0.359499990940094","0.359499990940094","0.359499990940094"
"4687","0.35989999771118164","0.35989999771118164","0.35989999771118164"
"4698","0.36010000109672546","0.36010000109672546","0.36010000109672546"
"4709","0.3601999878883362","0.3601999878883362","0.3601999878883362"
"4720","0.35999998450279236","0.35999998450279236","0.35999998450279236"
"4731","0.36079999804496765","0.36079999804496765","0.36079999804496765"
"4742","0.361299991607666","0.361299991607666","0.361299991607666"
"4753","0.36149999499320984","0.36149999499320984","0.36149999499320984"
"4764","0.36159998178482056","0.36159998178482056","0.36159998178482056"
"4775","0.3628999888896942","0.3628999888896942","0.3628999888896942"
"4786","0.3628999888896942","0.3628999888896942","0.3628999888896942"
"4797","0.36329999566078186","0.36329999566078186","0.36329999566078186"
"4808","0.3637000024318695","0.3637000024318695","0.3637000024318695"
"4819","0.36389997601509094","0.36389997601509094","0.36389997601509094"
"4830","0.3646000027656555","0.3646000027656555","0.3646000027656555"
"4841","0.3649999797344208","0.3649999797344208","0.3649999797344208"
"4852","0.36569997668266296","0.36569997668266296","0.36569997668266296"
"4863","0.3653999865055084","0.3653999865055084","0.3653999865055084"
"4874","0.3658999800682068","0.3658999800682068","0.3658999800682068"
"4885","0.3660999834537506","0.3660999834537506","0.3660999834537506"
"4896","0.36640000343322754","0.36640000343322754","0.36640000343322754"
"4907","0.3666999936103821","0.3666999936103821","0.3666999936103821"
"4918","0.3669999837875366","0.3669999837875366","0.3669999837875366"
"4929","0.36719998717308044","0.36719998717308044","0.36719998717308044"
"4940","0.367499977350235","0.367499977350235","0.367499977350235"
"4951","0.3677999973297119","0.3677999973297119","0.3677999973297119"
"4962","0.3677999973297119","0.3677999973297119","0.3677999973297119"
"4973","0.3684999942779541","0.3684999942779541","0.3684999942779541"
"4984","0.3685999810695648","0.3685999810695648","0.3685999810695648"
"4995","0.36899998784065247","0.36899998784065247","0.36899998784065247"
"5006","0.3693999946117401","0.3693999946117401","0.3693999946117401"
"5017","0.3700000047683716","0.3700000047683716","0.3700000047683716"
"5028","0.36980000138282776","0.36980000138282776","0.36980000138282776"
"5039","0.3700999915599823","0.3700999915599823","0.3700999915599823"
"5050","0.370199978351593","0.370199978351593","0.370199978351593"
"5061","0.3709000051021576","0.3709000051021576","0.3709000051021576"
"5072","0.37129998207092285","0.37129998207092285","0.37129998207092285"
"5083","0.3718999922275543","0.3718999922275543","0.3718999922275543"
"5094","0.3714999854564667","0.3714999854564667","0.3714999854564667"
"5105","0.3718999922275543","0.3718999922275543","0.3718999922275543"
"5116","0.37209999561309814","0.37209999561309814","0.37209999561309814"
"5127","0.3723999857902527","0.3723999857902527","0.3723999857902527"
"5138","0.3726999759674072","0.3726999759674072","0.3726999759674072"
"5149","0.3732999861240387","0.3732999861240387","0.3732999861240387"
"5160","0.37289997935295105","0.37289997935295105","0.37289997935295105"
"5171","0.3732999861240387","0.3732999861240387","0.3732999861240387"
"5182","0.37359997630119324","0.37359997630119324","0.37359997630119324"
"5193","0.3734999895095825","0.3734999895095825","0.3734999895095825"
"5204","0.37379997968673706","0.37379997968673706","0.37379997968673706"
"5215","0.37389999628067017","0.37389999628067017","0.37389999628067017"
"5226","0.37389999628067017","0.37389999628067017","0.37389999628067017"
"5237","0.37469998002052307","0.37469998002052307","0.37469998002052307"
"5248","0.3747999966144562","0.3747999966144562","0.3747999966144562"
"5259","0.3752000033855438","0.3752000033855438","0.3752000033855438"
"5270","0.37539997696876526","0.37539997696876526","0.37539997696876526"
"5281","0.375900000333786","0.375900000333786","0.375900000333786"
"5292","0.3756999969482422","0.3756999969482422","0.3756999969482422"
"5303","0.37610000371932983","0.37610000371932983","0.37610000371932983"
"5314","0.3764999806880951","0.3764999806880951","0.3764999806880951"
"5325","0.37629997730255127","0.37629997730255127","0.37629997730255127"
"5336","0.376800000667572","0.376800000667572","0.376800000667572"
"5347","0.3775999844074249","0.3775999844074249","0.3775999844074249"
"5358","0.37779998779296875","0.37779998779296875","0.37779998779296875"
"5369","0.37779998779296875","0.37779998779296875","0.37779998779296875"
"5380","0.3779999911785126","0.3779999911785126","0.3779999911785126"
"5391","0.37880000472068787","0.37880000472068787","0.37880000472068787"
"5402","0.3788999915122986","0.3788999915122986","0.3788999915122986"
"5413","0.37939998507499695","0.37939998507499695","0.37939998507499695"
"5424","0.38019999861717224","0.38019999861717224","0.38019999861717224"
"5435","0.3799999952316284","0.3799999952316284","0.3799999952316284"
"5446","0.38009998202323914","0.38009998202323914","0.38009998202323914"
"5457","0.38099998235702515","0.38099998235702515","0.38099998235702515"
"5468","0.3804999887943268","0.3804999887943268","0.3804999887943268"
"5479","0.38099998235702515","0.38099998235702515","0.38099998235702515"
"5490","0.3813000023365021","0.3813000023365021","0.3813000023365021"
"5501","0.38169997930526733","0.38169997930526733","0.38169997930526733"
"5512","0.38189998269081116","0.38189998269081116","0.38189998269081116"
"5523","0.3822999894618988","0.3822999894618988","0.3822999894618988"
"5534","0.38169997930526733","0.38169997930526733","0.38169997930526733"
"5545","0.3822999894618988","0.3822999894618988","0.3822999894618988"
"5556","0.38279998302459717","0.38279998302459717","0.38279998302459717"
"5567","0.3831000030040741","0.3831000030040741","0.3831000030040741"
"5578","0.38339999318122864","0.38339999318122864","0.38339999318122864"
"5589","0.3831999897956848","0.3831999897956848","0.3831999897956848"
"5600","0.3837999999523163","0.3837999999523163","0.3837999999523163"
"5611","0.3840999901294708","0.3840999901294708","0.3840999901294708"
"5622","0.3840999901294708","0.3840999901294708","0.3840999901294708"
"5633","0.38419997692108154","0.38419997692108154","0.38419997692108154"
"5644","0.38449999690055847","0.38449999690055847","0.38449999690055847"
"5655","0.38519999384880066","0.38519999384880066","0.38519999384880066"
"5666","0.3853999972343445","0.3853999972343445","0.3853999972343445"
"5677","0.38589999079704285","0.38589999079704285","0.38589999079704285"
"5688","0.38609999418258667","0.38609999418258667","0.38609999418258667"
"5699","0.38670000433921814","0.38670000433921814","0.38670000433921814"
"5710","0.38659998774528503","0.38659998774528503","0.38659998774528503"
"5721","0.3869999945163727","0.3869999945163727","0.3869999945163727"
"5732","0.3872999846935272","0.3872999846935272","0.3872999846935272"
"5743","0.38749998807907104","0.38749998807907104","0.38749998807907104"
"5754","0.38749998807907104","0.38749998807907104","0.38749998807907104"
"5765","0.38760000467300415","0.38760000467300415","0.38760000467300415"
"5776","0.38749998807907104","0.38749998807907104","0.38749998807907104"
"5787","0.38819998502731323","0.38819998502731323","0.38819998502731323"
"5798","0.38819998502731323","0.38819998502731323","0.38819998502731323"
"5809","0.3885999917984009","0.3885999917984009","0.3885999917984009"
"5820","0.3887999951839447","0.3887999951839447","0.3887999951839447"
"5831","0.3886999785900116","0.3886999785900116","0.3886999785900116"
"5842","0.38909998536109924","0.38909998536109924","0.38909998536109924"
"5853","0.3893999755382538","0.3893999755382538","0.3893999755382538"
"5864","0.3893999755382538","0.3893999755382538","0.3893999755382538"
"5875","0.3896999955177307","0.3896999955177307","0.3896999955177307"
"5886","0.38999998569488525","0.38999998569488525","0.38999998569488525"
"5897","0.3903999924659729","0.3903999924659729","0.3903999924659729"
"5908","0.3904999792575836","0.3904999792575836","0.3904999792575836"
"5919","0.39069998264312744","0.39069998264312744","0.39069998264312744"
"5930","0.39089998602867126","0.39089998602867126","0.39089998602867126"
"5941","0.3910999894142151","0.3910999894142151","0.3910999894142151"
"5952","0.3919999897480011","0.3919999897480011","0.3919999897480011"
"5963","0.3920999765396118","0.3920999765396118","0.3920999765396118"
"5974","0.39229997992515564","0.39229997992515564","0.39229997992515564"
"5985","0.39259999990463257","0.39259999990463257","0.39259999990463257"
"5996","0.3928000032901764","0.3928000032901764","0.3928000032901764"
"6007","0.39259999990463257","0.39259999990463257","0.39259999990463257"
"6018","0.3928999900817871","0.3928999900817871","0.3928999900817871"
"6029","0.3928000032901764","0.3928000032901764","0.3928000032901764"
"6040","0.3933999836444855","0.3933999836444855","0.3933999836444855"
"6051","0.39309999346733093","0.39309999346733093","0.39309999346733093"
"6062","0.3935999870300293","0.3935999870300293","0.3935999870300293"
"6073","0.3935999870300293","0.3935999870300293","0.3935999870300293"
"6084","0.39399999380111694","0.39399999380111694","0.39399999380111694"
"6095","0.39419999718666077","0.39419999718666077","0.39419999718666077"
"6106","0.3944000005722046","0.3944000005722046","0.3944000005722046"
"6117","0.3950999975204468","0.3950999975204468","0.3950999975204468"
"6128","0.39469999074935913","0.39469999074935913","0.39469999074935913"
"6139","0.39489999413490295","0.39489999413490295","0.39489999413490295"
"6150","0.39569997787475586","0.39569997787475586","0.39569997787475586"
"6161","0.39569997787475586","0.39569997787475586","0.39569997787475586"
"6172","0.39629998803138733","0.39629998803138733","0.39629998803138733"
"6183","0.3968999981880188","0.3968999981880188","0.3968999981880188"
"6194","0.39739999175071716","0.39739999175071716","0.39739999175071716"
"6205","0.3971000015735626","0.3971000015735626","0.3971000015735626"
"6216","0.3978999853134155","0.3978999853134155","0.3978999853134155"
"6227","0.39819997549057007","0.39819997549057007","0.39819997549057007"
"6238","0.3985999822616577","0.3985999822616577","0.3985999822616577"
"6249","0.39890000224113464","0.39890000224113464","0.39890000224113464"
"6260","0.398499995470047","0.398499995470047","0.398499995470047"
"6271","0.3991999924182892","0.3991999924182892","0.3991999924182892"
"6282","0.3994999825954437","0.3994999825954437","0.3994999825954437"
"6293","0.4001999795436859","0.4001999795436859","0.4001999795436859"
"6304","0.4007999897003174","0.4007999897003174","0.4007999897003174"
"6315","0.40049999952316284","0.40049999952316284","0.40049999952316284"
"6326","0.40059998631477356","0.40059998631477356","0.40059998631477356"
"6337","0.4007999897003174","0.4007999897003174","0.4007999897003174"
"6348","0.4009999930858612","0.4009999930858612","0.4009999930858612"
"6359","0.40139999985694885","0.40139999985694885","0.40139999985694885"
"6370","0.40139999985694885","0.40139999985694885","0.40139999985694885"
"6381","0.40119999647140503","0.40119999647140503","0.40119999647140503"
"6392","0.4017999768257141","0.4017999768257141","0.4017999768257141"
"6403","0.4016999900341034","0.4016999900341034","0.4016999900341034"
"6414","0.4016000032424927","0.4016000032424927","0.4016000032424927"
"6425","0.4010999798774719","0.4010999798774719","0.4010999798774719"
"6436","0.4016999900341034","0.4016999900341034","0.4016999900341034"
"6447","0.40209999680519104","0.40209999680519104","0.40209999680519104"
"6458","0.40209999680519104","0.40209999680519104","0.40209999680519104"
"6469","0.40230000019073486","0.40230000019073486","0.40230000019073486"
"6480","0.4025000035762787","0.4025000035762787","0.4025000035762787"
"6491","0.40289998054504395","0.40289998054504395","0.40289998054504395"
"6502","0.4027999937534332","0.4027999937534332","0.4027999937534332"
"6513","0.40309998393058777","0.40309998393058777","0.40309998393058777"
"6524","0.4032000005245209","0.4032000005245209","0.4032000005245209"
"6535","0.4034000039100647","0.4034000039100647","0.4034000039100647"
"6546","0.4032000005245209","0.4032000005245209","0.4032000005245209"
"6557","0.4034000039100647","0.4034000039100647","0.4034000039100647"
"6568","0.40359997749328613","0.40359997749328613","0.40359997749328613"
"6579","0.40369999408721924","0.40369999408721924","0.40369999408721924"
"6590","0.40459999442100525","0.40459999442100525","0.40459999442100525"
"6601","0.4043999910354614","0.4043999910354614","0.4043999910354614"
"6612","0.40469998121261597","0.40469998121261597","0.40469998121261597"
"6623","0.4050000011920929","0.4050000011920929","0.4050000011920929"
"6634","0.40469998121261597","0.40469998121261597","0.40469998121261597"
"6645","0.405599981546402","0.405599981546402","0.405599981546402"
"6656","0.405599981546402","0.405599981546402","0.405599981546402"
"6667","0.4056999981403351","0.4056999981403351","0.4056999981403351"
"6678","0.40629997849464417","0.40629997849464417","0.40629997849464417"
"6689","0.4065999984741211","0.4065999984741211","0.4065999984741211"
"6700","0.4057999849319458","0.4057999849319458","0.4057999849319458"
"6711","0.40629997849464417","0.40629997849464417","0.40629997849464417"
"6722","0.4065999984741211","0.4065999984741211","0.4065999984741211"
"6733","0.40709999203681946","0.40709999203681946","0.40709999203681946"
"6744","0.4072999954223633","0.4072999954223633","0.4072999954223633"
"6755","0.4072999954223633","0.4072999954223633","0.4072999954223633"
"6766","0.40779998898506165","0.40779998898506165","0.40779998898506165"
"6777","0.407399982213974","0.407399982213974","0.407399982213974"
"6788","0.4077000021934509","0.4077000021934509","0.4077000021934509"
"6799","0.4081999957561493","0.4081999957561493","0.4081999957561493"
"6810","0.40869998931884766","0.40869998931884766","0.40869998931884766"
"6821","0.40869998931884766","0.40869998931884766","0.40869998931884766"
"6832","0.4092999994754791","0.4092999994754791","0.4092999994754791"
"6843","0.40939998626708984","0.40939998626708984","0.40939998626708984"
"6854","0.4098999798297882","0.4098999798297882","0.4098999798297882"
"6865","0.4096999764442444","0.4096999764442444","0.4096999764442444"
"6876","0.4104999899864197","0.4104999899864197","0.4104999899864197"
"6887","0.4104999899864197","0.4104999899864197","0.4104999899864197"
"6898","0.41019999980926514","0.41019999980926514","0.41019999980926514"
"6909","0.4108999967575073","0.4108999967575073","0.4108999967575073"
"6920","0.41119998693466187","0.41119998693466187","0.41119998693466187"
"6931","0.4107999801635742","0.4107999801635742","0.4107999801635742"
"6942","0.4107999801635742","0.4107999801635742","0.4107999801635742"
"6953","0.41130000352859497","0.41130000352859497","0.41130000352859497"
"6964","0.41189998388290405","0.41189998388290405","0.41189998388290405"
"6975","0.41189998388290405","0.41189998388290405","0.41189998388290405"
"6986","0.41200000047683716","0.41200000047683716","0.41200000047683716"
"6997","0.4122999906539917","0.4122999906539917","0.4122999906539917"
"7008","0.413100004196167","0.413100004196167","0.413100004196167"
"7019","0.4129999876022339","0.4129999876022339","0.4129999876022339"
"7030","0.4131999909877777","0.4131999909877777","0.4131999909877777"
"7041","0.41359999775886536","0.41359999775886536","0.41359999775886536"
"7052","0.4136999845504761","0.4136999845504761","0.4136999845504761"
"7063","0.4139999747276306","0.4139999747276306","0.4139999747276306"
"7074","0.41419997811317444","0.41419997811317444","0.41419997811317444"
"7085","0.4138999879360199","0.4138999879360199","0.4138999879360199"
"7096","0.41429999470710754","0.41429999470710754","0.41429999470710754"
"7107","0.4145999848842621","0.4145999848842621","0.4145999848842621"
"7118","0.4148999750614166","0.4148999750614166","0.4148999750614166"
"7129","0.41499999165534973","0.41499999165534973","0.41499999165534973"
"7140","0.41499999165534973","0.41499999165534973","0.41499999165534973"
"7151","0.4153999984264374","0.4153999984264374","0.4153999984264374"
"7162","0.41599997878074646","0.41599997878074646","0.41599997878074646"
"7173","0.41599997878074646","0.41599997878074646","0.41599997878074646"
"7184","0.4162999987602234","0.4162999987602234","0.4162999987602234"
"7195","0.41609999537467957","0.41609999537467957","0.41609999537467957"
"7206","0.41609999537467957","0.41609999537467957","0.41609999537467957"
"7217","0.41609999537467957","0.41609999537467957","0.41609999537467957"
"7228","0.41689997911453247","0.41689997911453247","0.41689997911453247"
"7239","0.4163999855518341","0.4163999855518341","0.4163999855518341"
"7250","0.41599997878074646","0.41599997878074646","0.41599997878074646"
"7261","0.41659998893737793","0.41659998893737793","0.41659998893737793"
"7272","0.41609999537467957","0.41609999537467957","0.41609999537467957"
"7283","0.4165000021457672","0.4165000021457672","0.4165000021457672"
"7294","0.4170999825000763","0.4170999825000763","0.4170999825000763"
"7305","0.4171999990940094","0.4171999990940094","0.4171999990940094"
"7316","0.4171999990940094","0.4171999990940094","0.4171999990940094"
"7327","0.4172999858856201","0.4172999858856201","0.4172999858856201"
"7338","0.4172999858856201","0.4172999858856201","0.4172999858856201"
"7349","0.4177999794483185","0.4177999794483185","0.4177999794483185"
"7360","0.4177999794483185","0.4177999794483185","0.4177999794483185"
"7371","0.4178999960422516","0.4178999960422516","0.4178999960422516"
"7382","0.4180999994277954","0.4180999994277954","0.4180999994277954"
"7393","0.41830000281333923","0.41830000281333923","0.41830000281333923"
"7404","0.41839998960494995","0.41839998960494995","0.41839998960494995"
"7415","0.41839998960494995","0.41839998960494995","0.41839998960494995"
"7426","0.4189999997615814","0.4189999997615814","0.4189999997615814"
"7437","0.41909998655319214","0.41909998655319214","0.41909998655319214"
"7448","0.4187999963760376","0.4187999963760376","0.4187999963760376"
"7459","0.41920000314712524","0.41920000314712524","0.41920000314712524"
"7470","0.4193999767303467","0.4193999767303467","0.4193999767303467"
"7481","0.41990000009536743","0.41990000009536743","0.41990000009536743"
"7492","0.41990000009536743","0.41990000009536743","0.41990000009536743"
"7503","0.4194999933242798","0.4194999933242798","0.4194999933242798"
"7514","0.4195999801158905","0.4195999801158905","0.4195999801158905"
"7525","0.41929998993873596","0.41929998993873596","0.41929998993873596"
"7536","0.4196999967098236","0.4196999967098236","0.4196999967098236"
"7547","0.4196999967098236","0.4196999967098236","0.4196999967098236"
"7558","0.41999998688697815","0.41999998688697815","0.41999998688697815"
"7569","0.420199990272522","0.420199990272522","0.420199990272522"
"7580","0.4204999804496765","0.4204999804496765","0.4204999804496765"
"7591","0.42069998383522034","0.42069998383522034","0.42069998383522034"
"7602","0.42069998383522034","0.42069998383522034","0.42069998383522034"
"7613","0.421099990606308","0.421099990606308","0.421099990606308"
"7624","0.421099990606308","0.421099990606308","0.421099990606308"
"7635","0.421099990606308","0.421099990606308","0.421099990606308"
"7646","0.42170000076293945","0.42170000076293945","0.42170000076293945"
"7657","0.42170000076293945","0.42170000076293945","0.42170000076293945"
"7668","0.4221999943256378","0.4221999943256378","0.4221999943256378"
"7679","0.4220999777317047","0.4220999777317047","0.4220999777317047"
"7690","0.4226999878883362","0.4226999878883362","0.4226999878883362"
"7701","0.4221999943256378","0.4221999943256378","0.4221999943256378"
"7712","0.42239999771118164","0.42239999771118164","0.42239999771118164"
"7723","0.42229998111724854","0.42229998111724854","0.42229998111724854"
"7734","0.42239999771118164","0.42239999771118164","0.42239999771118164"
"7745","0.42309999465942383","0.42309999465942383","0.42309999465942383"
"7756","0.4229999780654907","0.4229999780654907","0.4229999780654907"
"7767","0.42329999804496765","0.42329999804496765","0.42329999804496765"
"7778","0.4236999750137329","0.4236999750137329","0.4236999750137329"
"7789","0.42389997839927673","0.42389997839927673","0.42389997839927673"
"7800","0.4236999750137329","0.4236999750137329","0.4236999750137329"
"7811","0.4235000014305115","0.4235000014305115","0.4235000014305115"
"7822","0.42419999837875366","0.42419999837875366","0.42419999837875366"
"7833","0.4244999885559082","0.4244999885559082","0.4244999885559082"
"7844","0.42479997873306274","0.42479997873306274","0.42479997873306274"
"7855","0.42499998211860657","0.42499998211860657","0.42499998211860657"
"7866","0.42499998211860657","0.42499998211860657","0.42499998211860657"
"7877","0.42569997906684875","0.42569997906684875","0.42569997906684875"
"7888","0.4253999888896942","0.4253999888896942","0.4253999888896942"
"7899","0.4259999990463257","0.4259999990463257","0.4259999990463257"
"7910","0.42569997906684875","0.42569997906684875","0.42569997906684875"
"7921","0.4253999888896942","0.4253999888896942","0.4253999888896942"
"7932","0.42559999227523804","0.42559999227523804","0.42559999227523804"
"7943","0.42549997568130493","0.42549997568130493","0.42549997568130493"
"7954","0.42579999566078186","0.42579999566078186","0.42579999566078186"
"7965","0.4253999888896942","0.4253999888896942","0.4253999888896942"
"7976","0.42579999566078186","0.42579999566078186","0.42579999566078186"
"7987","0.4258999824523926","0.4258999824523926","0.4258999824523926"
"7998","0.4258999824523926","0.4258999824523926","0.4258999824523926"
"8009","0.42549997568130493","0.42549997568130493","0.42549997568130493"
"8020","0.4253000020980835","0.4253000020980835","0.4253000020980835"
"8031","0.42569997906684875","0.42569997906684875","0.42569997906684875"
"8042","0.4259999990463257","0.4259999990463257","0.4259999990463257"
"8053","0.4250999987125397","0.4250999987125397","0.4250999987125397"
"8064","0.42549997568130493","0.42549997568130493","0.42549997568130493"
"8075","0.4258999824523926","0.4258999824523926","0.4258999824523926"
"8086","0.4259999990463257","0.4259999990463257","0.4259999990463257"
"8097","0.42559999227523804","0.42559999227523804","0.42559999227523804"
"8108","0.42639997601509094","0.42639997601509094","0.42639997601509094"
"8119","0.4267999827861786","0.4267999827861786","0.4267999827861786"
"8130","0.4262000024318695","0.4262000024318695","0.4262000024318695"
"8141","0.4267999827861786","0.4267999827861786","0.4267999827861786"
"8152","0.4269999861717224","0.4269999861717224","0.4269999861717224"
"8163","0.4269999861717224","0.4269999861717224","0.4269999861717224"
"8174","0.42649999260902405","0.42649999260902405","0.42649999260902405"
"8185","0.4271000027656555","0.4271000027656555","0.4271000027656555"
"8196","0.4271000027656555","0.4271000027656555","0.4271000027656555"
"8207","0.42729997634887695","0.42729997634887695","0.42729997634887695"
"8218","0.42729997634887695","0.42729997634887695","0.42729997634887695"
"8229","0.42719998955726624","0.42719998955726624","0.42719998955726624"
"8240","0.4275999963283539","0.4275999963283539","0.4275999963283539"
"8251","0.4274999797344208","0.4274999797344208","0.4274999797344208"
"8262","0.42819997668266296","0.42819997668266296","0.42819997668266296"
"8273","0.42819997668266296","0.42819997668266296","0.42819997668266296"
"8284","0.4284999966621399","0.4284999966621399","0.4284999966621399"
"8295","0.4285999834537506","0.4285999834537506","0.4285999834537506"
"8306","0.4293999969959259","0.4293999969959259","0.4293999969959259"
"8317","0.4296000003814697","0.4296000003814697","0.4296000003814697"
"8328","0.4296000003814697","0.4296000003814697","0.4296000003814697"
"8339","0.42989999055862427","0.42989999055862427","0.42989999055862427"
"8350","0.4302999973297119","0.4302999973297119","0.4302999973297119"
"8361","0.4300999939441681","0.4300999939441681","0.4300999939441681"
"8372","0.429999977350235","0.429999977350235","0.429999977350235"
"8383","0.43039998412132263","0.43039998412132263","0.43039998412132263"
"8394","0.43050000071525574","0.43050000071525574","0.43050000071525574"
"8405","0.4301999807357788","0.4301999807357788","0.4301999807357788"
"8416","0.4302999973297119","0.4302999973297119","0.4302999973297119"
"8427","0.43059998750686646","0.43059998750686646","0.43059998750686646"
"8438","0.43059998750686646","0.43059998750686646","0.43059998750686646"
"8449","0.4306999742984772","0.4306999742984772","0.4306999742984772"
"8460","0.4309999942779541","0.4309999942779541","0.4309999942779541"
"8471","0.43140000104904175","0.43140000104904175","0.43140000104904175"
"8482","0.43149998784065247","0.43149998784065247","0.43149998784065247"
"8493","0.4318999946117401","0.4318999946117401","0.4318999946117401"
"8504","0.43230000138282776","0.43230000138282776","0.43230000138282776"
"8515","0.4323999881744385","0.4323999881744385","0.4323999881744385"
"8526","0.4323999881744385","0.4323999881744385","0.4323999881744385"
"8537","0.4325999915599823","0.4325999915599823","0.4325999915599823"
"8548","0.4325999915599823","0.4325999915599823","0.4325999915599823"
"8559","0.43299999833106995","0.43299999833106995","0.43299999833106995"
"8570","0.4325999915599823","0.4325999915599823","0.4325999915599823"
"8581","0.43289998173713684","0.43289998173713684","0.43289998173713684"
"8592","0.43309998512268066","0.43309998512268066","0.43309998512268066"
"8603","0.43320000171661377","0.43320000171661377","0.43320000171661377"
"8614","0.43320000171661377","0.43320000171661377","0.43320000171661377"
"8625","0.43309998512268066","0.43309998512268066","0.43309998512268066"
"8636","0.43320000171661377","0.43320000171661377","0.43320000171661377"
"8647","0.43309998512268066","0.43309998512268066","0.43309998512268066"
"8658","0.4341000020503998","0.4341000020503998","0.4341000020503998"
"8669","0.4342999756336212","0.4342999756336212","0.4342999756336212"
"8680","0.43469998240470886","0.43469998240470886","0.43469998240470886"
"8691","0.4348999857902527","0.4348999857902527","0.4348999857902527"
"8702","0.4343999922275543","0.4343999922275543","0.4343999922275543"
"8713","0.43479999899864197","0.43479999899864197","0.43479999899864197"
"8724","0.4351999759674072","0.4351999759674072","0.4351999759674072"
"8735","0.43479999899864197","0.43479999899864197","0.43479999899864197"
"8746","0.43469998240470886","0.43469998240470886","0.43469998240470886"
"8757","0.4348999857902527","0.4348999857902527","0.4348999857902527"
"8768","0.43459999561309814","0.43459999561309814","0.43459999561309814"
"8779","0.43479999899864197","0.43479999899864197","0.43479999899864197"
"8790","0.4343999922275543","0.4343999922275543","0.4343999922275543"
"8801","0.43479999899864197","0.43479999899864197","0.43479999899864197"
"8812","0.4348999857902527","0.4348999857902527","0.4348999857902527"
"8823","0.4351999759674072","0.4351999759674072","0.4351999759674072"
"8834","0.4348999857902527","0.4348999857902527","0.4348999857902527"
"8845","0.4351999759674072","0.4351999759674072","0.4351999759674072"
"8856","0.4351999759674072","0.4351999759674072","0.4351999759674072"
"8867","0.4350000023841858","0.4350000023841858","0.4350000023841858"
"8878","0.4350000023841858","0.4350000023841858","0.4350000023841858"
"8889","0.4355999827384949","0.4355999827384949","0.4355999827384949"
"8900","0.4357999861240387","0.4357999861240387","0.4357999861240387"
"8911","0.43549999594688416","0.43549999594688416","0.43549999594688416"
"8922","0.4357999861240387","0.4357999861240387","0.4357999861240387"
"8933","0.4359000027179718","0.4359000027179718","0.4359000027179718"
"8944","0.4359000027179718","0.4359000027179718","0.4359000027179718"
"8955","0.4359999895095825","0.4359999895095825","0.4359999895095825"
"8966","0.435699999332428","0.435699999332428","0.435699999332428"
"8977","0.43549999594688416","0.43549999594688416","0.43549999594688416"
"8988","0.4359000027179718","0.4359000027179718","0.4359000027179718"
"8999","0.4359999895095825","0.4359999895095825","0.4359999895095825"
"9010","0.4359999895095825","0.4359999895095825","0.4359999895095825"
"9021","0.4357999861240387","0.4357999861240387","0.4357999861240387"
"9032","0.435699999332428","0.435699999332428","0.435699999332428"
"9043","0.4357999861240387","0.4357999861240387","0.4357999861240387"
"9054","0.4357999861240387","0.4357999861240387","0.4357999861240387"
"9065","0.4355999827384949","0.4355999827384949","0.4355999827384949"
"9076","0.4359000027179718","0.4359000027179718","0.4359000027179718"
"9087","0.43629997968673706","0.43629997968673706","0.43629997968673706"
"9098","0.43639999628067017","0.43639999628067017","0.43639999628067017"
"9109","0.4364999830722809","0.4364999830722809","0.4364999830722809"
"9120","0.43629997968673706","0.43629997968673706","0.43629997968673706"
"9131","0.43639999628067017","0.43639999628067017","0.43639999628067017"
"9142","0.43689998984336853","0.43689998984336853","0.43689998984336853"
"9153","0.43709999322891235","0.43709999322891235","0.43709999322891235"
"9164","0.43719998002052307","0.43719998002052307","0.43719998002052307"
"9175","0.4373999834060669","0.4373999834060669","0.4373999834060669"
"9186","0.4373999834060669","0.4373999834060669","0.4373999834060669"
"9197","0.4372999966144562","0.4372999966144562","0.4372999966144562"
"9208","0.4372999966144562","0.4372999966144562","0.4372999966144562"
"9219","0.43719998002052307","0.43719998002052307","0.43719998002052307"
"9230","0.4377000033855438","0.4377000033855438","0.4377000033855438"
"9241","0.4377000033855438","0.4377000033855438","0.4377000033855438"
"9252","0.4375","0.4375","0.4375"
"9263","0.4375999867916107","0.4375999867916107","0.4375999867916107"
"9274","0.4375999867916107","0.4375999867916107","0.4375999867916107"
"9285","0.4377000033855438","0.4377000033855438","0.4377000033855438"
"9296","0.43789997696876526","0.43789997696876526","0.43789997696876526"
"9307","0.4375999867916107","0.4375999867916107","0.4375999867916107"
"9318","0.4375999867916107","0.4375999867916107","0.4375999867916107"
"9329","0.43799999356269836","0.43799999356269836","0.43799999356269836"
"9340","0.43849998712539673","0.43849998712539673","0.43849998712539673"
"9351","0.438400000333786","0.438400000333786","0.438400000333786"
"9362","0.43879997730255127","0.43879997730255127","0.43879997730255127"
"9373","0.43799999356269836","0.43799999356269836","0.43799999356269836"
"9384","0.43869999051094055","0.43869999051094055","0.43869999051094055"
"9395","0.43860000371932983","0.43860000371932983","0.43860000371932983"
"9406","0.43860000371932983","0.43860000371932983","0.43860000371932983"
"9417","0.4389999806880951","0.4389999806880951","0.4389999806880951"
"9428","0.4390999972820282","0.4390999972820282","0.4390999972820282"
"9439","0.439300000667572","0.439300000667572","0.439300000667572"
"9450","0.439300000667572","0.439300000667572","0.439300000667572"
"9461","0.4388999938964844","0.4388999938964844","0.4388999938964844"
"9472","0.439300000667572","0.439300000667572","0.439300000667572"
"9483","0.4390999972820282","0.4390999972820282","0.4390999972820282"
"9494","0.43879997730255127","0.43879997730255127","0.43879997730255127"
"9505","0.4389999806880951","0.4389999806880951","0.4389999806880951"
"9516","0.4390999972820282","0.4390999972820282","0.4390999972820282"
"9527","0.43939998745918274","0.43939998745918274","0.43939998745918274"
"9538","0.439300000667572","0.439300000667572","0.439300000667572"
"9549","0.4397999942302704","0.4397999942302704","0.4397999942302704"
"9560","0.4396999776363373","0.4396999776363373","0.4396999776363373"
"9571","0.4396999776363373","0.4396999776363373","0.4396999776363373"
"9582","0.4396999776363373","0.4396999776363373","0.4396999776363373"
"9593","0.4397999942302704","0.4397999942302704","0.4397999942302704"
"9604","0.4397999942302704","0.4397999942302704","0.4397999942302704"
"9615","0.4399999976158142","0.4399999976158142","0.4399999976158142"
"9626","0.4398999810218811","0.4398999810218811","0.4398999810218811"
"9637","0.4400999844074249","0.4400999844074249","0.4400999844074249"
"9648","0.4405999779701233","0.4405999779701233","0.4405999779701233"
"9659","0.44119998812675476","0.44119998812675476","0.44119998812675476"
"9670","0.4408999979496002","0.4408999979496002","0.4408999979496002"
"9681","0.44029998779296875","0.44029998779296875","0.44029998779296875"
"9692","0.4406999945640564","0.4406999945640564","0.4406999945640564"
"9703","0.4405999779701233","0.4405999779701233","0.4405999779701233"
"9714","0.4407999813556671","0.4407999813556671","0.4407999813556671"
"9725","0.4408999979496002","0.4408999979496002","0.4408999979496002"
"9736","0.4407999813556671","0.4407999813556671","0.4407999813556671"
"9747","0.4406999945640564","0.4406999945640564","0.4406999945640564"
"9758","0.4407999813556671","0.4407999813556671","0.4407999813556671"
"9769","0.4406999945640564","0.4406999945640564","0.4406999945640564"
"9780","0.44119998812675476","0.44119998812675476","0.44119998812675476"
"9791","0.4412999749183655","0.4412999749183655","0.4412999749183655"
"9802","0.44189998507499695","0.44189998507499695","0.44189998507499695"
"9813","0.44189998507499695","0.44189998507499695","0.44189998507499695"
"9824","0.4416999816894531","0.4416999816894531","0.4416999816894531"
"9835","0.4421999752521515","0.4421999752521515","0.4421999752521515"
"9846","0.4422999918460846","0.4422999918460846","0.4422999918460846"
"9857","0.4424999952316284","0.4424999952316284","0.4424999952316284"
"9868","0.4422999918460846","0.4422999918460846","0.4422999918460846"
"9879","0.4421999752521515","0.4421999752521515","0.4421999752521515"
"9890","0.4423999786376953","0.4423999786376953","0.4423999786376953"
"9901","0.44259998202323914","0.44259998202323914","0.44259998202323914"
"9912","0.4422999918460846","0.4422999918460846","0.4422999918460846"
"9923","0.44279998540878296","0.44279998540878296","0.44279998540878296"
"9934","0.44290000200271606","0.44290000200271606","0.44290000200271606"
"9945","0.44290000200271606","0.44290000200271606","0.44290000200271606"
"9956","0.44269999861717224","0.44269999861717224","0.44269999861717224"
"9967","0.44269999861717224","0.44269999861717224","0.44269999861717224"
"9978","0.44269999861717224","0.44269999861717224","0.44269999861717224"
"9989","0.4422999918460846","0.4422999918460846","0.4422999918460846"
"10000","0.44279998540878296","0.44279998540878296","0.44279998540878296"
"10011","0.44290000200271606","0.44290000200271606","0.44290000200271606"
"10022","0.44290000200271606","0.44290000200271606","0.44290000200271606"
"10033","0.4429999887943268","0.4429999887943268","0.4429999887943268"
"10044","0.44290000200271606","0.44290000200271606","0.44290000200271606"
"10055","0.4432999789714813","0.4432999789714813","0.4432999789714813"
"10066","0.4431999921798706","0.4431999921798706","0.4431999921798706"
"10077","0.4430999755859375","0.4430999755859375","0.4430999755859375"
"10088","0.44349998235702515","0.44349998235702515","0.44349998235702515"
"10099","0.4431999921798706","0.4431999921798706","0.4431999921798706"
"10110","0.4438999891281128","0.4438999891281128","0.4438999891281128"
"10121","0.44339999556541443","0.44339999556541443","0.44339999556541443"
"10132","0.44369998574256897","0.44369998574256897","0.44369998574256897"
"10143","0.4438000023365021","0.4438000023365021","0.4438000023365021"
"10154","0.44349998235702515","0.44349998235702515","0.44349998235702515"
"10165","0.4438000023365021","0.4438000023365021","0.4438000023365021"
"10176","0.44359999895095825","0.44359999895095825","0.44359999895095825"
"10187","0.4438999891281128","0.4438999891281128","0.4438999891281128"
"10198","0.4440999925136566","0.4440999925136566","0.4440999925136566"
"10209","0.44439998269081116","0.44439998269081116","0.44439998269081116"
"10220","0.444599986076355","0.444599986076355","0.444599986076355"
"10231","0.444599986076355","0.444599986076355","0.444599986076355"
"10242","0.4447000026702881","0.4447000026702881","0.4447000026702881"
"10253","0.4447000026702881","0.4447000026702881","0.4447000026702881"
"10264","0.4449999928474426","0.4449999928474426","0.4449999928474426"
"10275","0.444599986076355","0.444599986076355","0.444599986076355"
"10286","0.444599986076355","0.444599986076355","0.444599986076355"
"10297","0.44449999928474426","0.44449999928474426","0.44449999928474426"
"10308","0.44449999928474426","0.44449999928474426","0.44449999928474426"
"10319","0.4447999894618988","0.4447999894618988","0.4447999894618988"
"10330","0.44439998269081116","0.44439998269081116","0.44439998269081116"
"10341","0.444599986076355","0.444599986076355","0.444599986076355"
"10352","0.4447000026702881","0.4447000026702881","0.4447000026702881"
"10363","0.4449999928474426","0.4449999928474426","0.4449999928474426"
"10374","0.44509997963905334","0.44509997963905334","0.44509997963905334"
"10385","0.4449999928474426","0.4449999928474426","0.4449999928474426"
"10396","0.4453999996185303","0.4453999996185303","0.4453999996185303"
"10407","0.4447000026702881","0.4447000026702881","0.4447000026702881"
"10418","0.44529998302459717","0.44529998302459717","0.44529998302459717"
"10429","0.44529998302459717","0.44529998302459717","0.44529998302459717"
"10440","0.44529998302459717","0.44529998302459717","0.44529998302459717"
"10451","0.44519999623298645","0.44519999623298645","0.44519999623298645"
"10462","0.4453999996185303","0.4453999996185303","0.4453999996185303"
"10473","0.445499986410141","0.445499986410141","0.445499986410141"
"10484","0.4456000030040741","0.4456000030040741","0.4456000030040741"
"10495","0.44589999318122864","0.44589999318122864","0.44589999318122864"
"10506","0.44609999656677246","0.44609999656677246","0.44609999656677246"
"10517","0.4462999999523163","0.4462999999523163","0.4462999999523163"
"10528","0.4465999901294708","0.4465999901294708","0.4465999901294708"
"10539","0.44699999690055847","0.44699999690055847","0.44699999690055847"
"10550","0.44669997692108154","0.44669997692108154","0.44669997692108154"
"10561","0.4465999901294708","0.4465999901294708","0.4465999901294708"
"10572","0.44739997386932373","0.44739997386932373","0.44739997386932373"
"10583","0.4472000002861023","0.4472000002861023","0.4472000002861023"
"10594","0.44699999690055847","0.44699999690055847","0.44699999690055847"
"10605","0.4472000002861023","0.4472000002861023","0.4472000002861023"
"10616","0.44739997386932373","0.44739997386932373","0.44739997386932373"
"10627","0.4472000002861023","0.4472000002861023","0.4472000002861023"
"10638","0.4477999806404114","0.4477999806404114","0.4477999806404114"
"10649","0.44739997386932373","0.44739997386932373","0.44739997386932373"
"10660","0.447299987077713","0.447299987077713","0.447299987077713"
"10671","0.44749999046325684","0.44749999046325684","0.44749999046325684"
"10682","0.44769999384880066","0.44769999384880066","0.44769999384880066"
"10693","0.4477999806404114","0.4477999806404114","0.4477999806404114"
"10704","0.44769999384880066","0.44769999384880066","0.44769999384880066"
"10715","0.4481000006198883","0.4481000006198883","0.4481000006198883"
"10726","0.44739997386932373","0.44739997386932373","0.44739997386932373"
"10737","0.44759997725486755","0.44759997725486755","0.44759997725486755"
"10748","0.44759997725486755","0.44759997725486755","0.44759997725486755"
"10759","0.44739997386932373","0.44739997386932373","0.44739997386932373"
"10770","0.44739997386932373","0.44739997386932373","0.44739997386932373"
"10781","0.4477999806404114","0.4477999806404114","0.4477999806404114"
"10792","0.4479999840259552","0.4479999840259552","0.4479999840259552"
"10803","0.44769999384880066","0.44769999384880066","0.44769999384880066"
"10814","0.44769999384880066","0.44769999384880066","0.44769999384880066"
"10825","0.4477999806404114","0.4477999806404114","0.4477999806404114"
"10836","0.4479999840259552","0.4479999840259552","0.4479999840259552"
"10847","0.4478999972343445","0.4478999972343445","0.4478999972343445"
"10858","0.448199987411499","0.448199987411499","0.448199987411499"
"10869","0.44849997758865356","0.44849997758865356","0.44849997758865356"
"10880","0.44829997420310974","0.44829997420310974","0.44829997420310974"
"10891","0.44839999079704285","0.44839999079704285","0.44839999079704285"
"10902","0.44829997420310974","0.44829997420310974","0.44829997420310974"
"10913","0.4490000009536743","0.4490000009536743","0.4490000009536743"
"10924","0.4490000009536743","0.4490000009536743","0.4490000009536743"
"10935","0.44929999113082886","0.44929999113082886","0.44929999113082886"
"10946","0.4490000009536743","0.4490000009536743","0.4490000009536743"
"10957","0.4493999779224396","0.4493999779224396","0.4493999779224396"
"10968","0.4493999779224396","0.4493999779224396","0.4493999779224396"
"10979","0.4496999979019165","0.4496999979019165","0.4496999979019165"
"10990","0.4496999979019165","0.4496999979019165","0.4496999979019165"
"11001","0.4496999979019165","0.4496999979019165","0.4496999979019165"
"11012","0.4499000012874603","0.4499000012874603","0.4499000012874603"
"11023","0.45009997487068176","0.45009997487068176","0.45009997487068176"
"11034","0.4502999782562256","0.4502999782562256","0.4502999782562256"
"11045","0.4504999816417694","0.4504999816417694","0.4504999816417694"
"11056","0.45069998502731323","0.45069998502731323","0.45069998502731323"
"11067","0.45080000162124634","0.45080000162124634","0.45080000162124634"
"11078","0.4511999785900116","0.4511999785900116","0.4511999785900116"
"11089","0.4511999785900116","0.4511999785900116","0.4511999785900116"
"11100","0.45179998874664307","0.45179998874664307","0.45179998874664307"
"11111","0.4514999985694885","0.4514999985694885","0.4514999985694885"
"11122","0.45159998536109924","0.45159998536109924","0.45159998536109924"
"11133","0.4514999985694885","0.4514999985694885","0.4514999985694885"
"11144","0.45159998536109924","0.45159998536109924","0.45159998536109924"
"11155","0.4518999755382538","0.4518999755382538","0.4518999755382538"
"11166","0.4520999789237976","0.4520999789237976","0.4520999789237976"
"11177","0.4519999921321869","0.4519999921321869","0.4519999921321869"
"11188","0.4519999921321869","0.4519999921321869","0.4519999921321869"
"11199","0.45159998536109924","0.45159998536109924","0.45159998536109924"
"11210","0.4512999951839447","0.4512999951839447","0.4512999951839447"
"11221","0.4513999819755554","0.4513999819755554","0.4513999819755554"
"11232","0.4513999819755554","0.4513999819755554","0.4513999819755554"
"11243","0.45159998536109924","0.45159998536109924","0.45159998536109924"
"11254","0.45159998536109924","0.45159998536109924","0.45159998536109924"
"11265","0.45159998536109924","0.45159998536109924","0.45159998536109924"
"11276","0.4514999985694885","0.4514999985694885","0.4514999985694885"
"11287","0.45170000195503235","0.45170000195503235","0.45170000195503235"
"11298","0.4513999819755554","0.4513999819755554","0.4513999819755554"
"11309","0.4513999819755554","0.4513999819755554","0.4513999819755554"
"11320","0.45159998536109924","0.45159998536109924","0.45159998536109924"
"11331","0.4520999789237976","0.4520999789237976","0.4520999789237976"
"11342","0.45179998874664307","0.45179998874664307","0.45179998874664307"
"11353","0.45179998874664307","0.45179998874664307","0.45179998874664307"
"11364","0.45179998874664307","0.45179998874664307","0.45179998874664307"
"11375","0.45229998230934143","0.45229998230934143","0.45229998230934143"
"11386","0.45239999890327454","0.45239999890327454","0.45239999890327454"
"11397","0.4520999789237976","0.4520999789237976","0.4520999789237976"
"11408","0.4521999955177307","0.4521999955177307","0.4521999955177307"
"11419","0.45249998569488525","0.45249998569488525","0.45249998569488525"
"11430","0.45249998569488525","0.45249998569488525","0.45249998569488525"
"11441","0.4521999955177307","0.4521999955177307","0.4521999955177307"
"11452","0.45229998230934143","0.45229998230934143","0.45229998230934143"
"11463","0.45249998569488525","0.45249998569488525","0.45249998569488525"
"11474","0.4520999789237976","0.4520999789237976","0.4520999789237976"
"11485","0.45229998230934143","0.45229998230934143","0.45229998230934143"
"11496","0.45260000228881836","0.45260000228881836","0.45260000228881836"
"11507","0.45249998569488525","0.45249998569488525","0.45249998569488525"
"11518","0.45239999890327454","0.45239999890327454","0.45239999890327454"
"11529","0.4528999924659729","0.4528999924659729","0.4528999924659729"
"11540","0.45319998264312744","0.45319998264312744","0.45319998264312744"
"11551","0.4530999958515167","0.4530999958515167","0.4530999958515167"
"11562","0.4530999958515167","0.4530999958515167","0.4530999958515167"
"11573","0.45329999923706055","0.45329999923706055","0.45329999923706055"
"11584","0.45319998264312744","0.45319998264312744","0.45319998264312744"
"11595","0.45319998264312744","0.45319998264312744","0.45319998264312744"
"11606","0.4536999762058258","0.4536999762058258","0.4536999762058258"
"11617","0.45399999618530273","0.45399999618530273","0.45399999618530273"
"11628","0.45329999923706055","0.45329999923706055","0.45329999923706055"
"11639","0.45339998602867126","0.45339998602867126","0.45339998602867126"
"11650","0.4530999958515167","0.4530999958515167","0.4530999958515167"
"11661","0.45339998602867126","0.45339998602867126","0.45339998602867126"
"11672","0.45339998602867126","0.45339998602867126","0.45339998602867126"
"11683","0.4536999762058258","0.4536999762058258","0.4536999762058258"
"11694","0.45389997959136963","0.45389997959136963","0.45389997959136963"
"11705","0.45409998297691345","0.45409998297691345","0.45409998297691345"
"11716","0.4537999927997589","0.4537999927997589","0.4537999927997589"
"11727","0.4537999927997589","0.4537999927997589","0.4537999927997589"
"11738","0.45419999957084656","0.45419999957084656","0.45419999957084656"
"11749","0.45409998297691345","0.45409998297691345","0.45409998297691345"
"11760","0.45479997992515564","0.45479997992515564","0.45479997992515564"
"11771","0.45499998331069946","0.45499998331069946","0.45499998331069946"
"11782","0.45509999990463257","0.45509999990463257","0.45509999990463257"
"11793","0.45499998331069946","0.45499998331069946","0.45499998331069946"
"11804","0.45509999990463257","0.45509999990463257","0.45509999990463257"
"11815","0.45499998331069946","0.45499998331069946","0.45499998331069946"
"11826","0.45509999990463257","0.45509999990463257","0.45509999990463257"
"11837","0.45499998331069946","0.45499998331069946","0.45499998331069946"
"11848","0.45489999651908875","0.45489999651908875","0.45489999651908875"
"11859","0.45479997992515564","0.45479997992515564","0.45479997992515564"
"11870","0.45489999651908875","0.45489999651908875","0.45489999651908875"
"11881","0.4553000032901764","0.4553000032901764","0.4553000032901764"
"11892","0.4553000032901764","0.4553000032901764","0.4553000032901764"
"11903","0.4560000002384186","0.4560000002384186","0.4560000002384186"
"11914","0.4553999900817871","0.4553999900817871","0.4553999900817871"
"11925","0.4560999870300293","0.4560999870300293","0.4560999870300293"
"11936","0.4560000002384186","0.4560000002384186","0.4560000002384186"
"11947","0.45579999685287476","0.45579999685287476","0.45579999685287476"
"11958","0.45619997382164","0.45619997382164","0.45619997382164"
"11969","0.45639997720718384","0.45639997720718384","0.45639997720718384"
"11980","0.45669999718666077","0.45669999718666077","0.45669999718666077"
"11991","0.457099974155426","0.457099974155426","0.457099974155426"
"12002","0.4576999843120575","0.4576999843120575","0.4576999843120575"
"12013","0.4576999843120575","0.4576999843120575","0.4576999843120575"
"12024","0.4578000009059906","0.4578000009059906","0.4578000009059906"
"12035","0.45749998092651367","0.45749998092651367","0.45749998092651367"
"12046","0.45729997754096985","0.45729997754096985","0.45729997754096985"
"12057","0.4576999843120575","0.4576999843120575","0.4576999843120575"
"12068","0.45749998092651367","0.45749998092651367","0.45749998092651367"
"12079","0.4575999975204468","0.4575999975204468","0.4575999975204468"
"12090","0.4578999876976013","0.4578999876976013","0.4578999876976013"
"12101","0.45799997448921204","0.45799997448921204","0.45799997448921204"
"12112","0.45829999446868896","0.45829999446868896","0.45829999446868896"
"12123","0.4583999812602997","0.4583999812602997","0.4583999812602997"
"12134","0.45829999446868896","0.45829999446868896","0.45829999446868896"
"12145","0.4585999846458435","0.4585999846458435","0.4585999846458435"
"12156","0.45819997787475586","0.45819997787475586","0.45819997787475586"
"12167","0.4585999846458435","0.4585999846458435","0.4585999846458435"
"12178","0.4587000012397766","0.4587000012397766","0.4587000012397766"
"12189","0.4592999815940857","0.4592999815940857","0.4592999815940857"
"12200","0.4592999815940857","0.4592999815940857","0.4592999815940857"
"12211","0.4594999849796295","0.4594999849796295","0.4594999849796295"
"12222","0.45969998836517334","0.45969998836517334","0.45969998836517334"
"12233","0.4592999815940857","0.4592999815940857","0.4592999815940857"
"12244","0.4592999815940857","0.4592999815940857","0.4592999815940857"
"12255","0.459199994802475","0.459199994802475","0.459199994802475"
"12266","0.45969998836517334","0.45969998836517334","0.45969998836517334"
"12277","0.4593999981880188","0.4593999981880188","0.4593999981880188"
"12288","0.4599999785423279","0.4599999785423279","0.4599999785423279"
"12299","0.45979997515678406","0.45979997515678406","0.45979997515678406"
"12310","0.4603999853134155","0.4603999853134155","0.4603999853134155"
"12321","0.4601999819278717","0.4601999819278717","0.4601999819278717"
"12332","0.46050000190734863","0.46050000190734863","0.46050000190734863"
"12343","0.46059998869895935","0.46059998869895935","0.46059998869895935"
"12354","0.4607999920845032","0.4607999920845032","0.4607999920845032"
"12365","0.46069997549057007","0.46069997549057007","0.46069997549057007"
"12376","0.460999995470047","0.460999995470047","0.460999995470047"
"12387","0.46050000190734863","0.46050000190734863","0.46050000190734863"
"12398","0.460999995470047","0.460999995470047","0.460999995470047"
"12409","0.4611999988555908","0.4611999988555908","0.4611999988555908"
"12420","0.4611999988555908","0.4611999988555908","0.4611999988555908"
"12431","0.4608999788761139","0.4608999788761139","0.4608999788761139"
"12442","0.4611999988555908","0.4611999988555908","0.4611999988555908"
"12453","0.4611999988555908","0.4611999988555908","0.4611999988555908"
"12464","0.4611999988555908","0.4611999988555908","0.4611999988555908"
"12475","0.4611999988555908","0.4611999988555908","0.4611999988555908"
"12486","0.461899995803833","0.461899995803833","0.461899995803833"
"12497","0.461899995803833","0.461899995803833","0.461899995803833"
"12508","0.46140000224113464","0.46140000224113464","0.46140000224113464"
"12519","0.46209999918937683","0.46209999918937683","0.46209999918937683"
"12530","0.4624999761581421","0.4624999761581421","0.4624999761581421"
"12541","0.4624999761581421","0.4624999761581421","0.4624999761581421"
"12552","0.462799996137619","0.462799996137619","0.462799996137619"
"12563","0.4624999761581421","0.4624999761581421","0.4624999761581421"
"12574","0.462799996137619","0.462799996137619","0.462799996137619"
"12585","0.4624999761581421","0.4624999761581421","0.4624999761581421"
"12596","0.4626999795436859","0.4626999795436859","0.4626999795436859"
"12607","0.46299999952316284","0.46299999952316284","0.46299999952316284"
"12618","0.46289998292922974","0.46289998292922974","0.46289998292922974"
"12629","0.46299999952316284","0.46299999952316284","0.46299999952316284"
"12640","0.4632999897003174","0.4632999897003174","0.4632999897003174"
"12651","0.46320000290870667","0.46320000290870667","0.46320000290870667"
"12662","0.4632999897003174","0.4632999897003174","0.4632999897003174"
"12673","0.4633999764919281","0.4633999764919281","0.4633999764919281"
"12684","0.46369999647140503","0.46369999647140503","0.46369999647140503"
"12695","0.4634999930858612","0.4634999930858612","0.4634999930858612"
"12706","0.46389999985694885","0.46389999985694885","0.46389999985694885"
"12717","0.4641999900341034","0.4641999900341034","0.4641999900341034"
"12728","0.4640999734401703","0.4640999734401703","0.4640999734401703"
"12739","0.46379998326301575","0.46379998326301575","0.46379998326301575"
"12750","0.46389999985694885","0.46389999985694885","0.46389999985694885"
"12761","0.4640999734401703","0.4640999734401703","0.4640999734401703"
"12772","0.46449998021125793","0.46449998021125793","0.46449998021125793"
"12783","0.46459999680519104","0.46459999680519104","0.46459999680519104"
"12794","0.46480000019073486","0.46480000019073486","0.46480000019073486"
"12805","0.4648999869823456","0.4648999869823456","0.4648999869823456"
"12816","0.4648999869823456","0.4648999869823456","0.4648999869823456"
"12827","0.46480000019073486","0.46480000019073486","0.46480000019073486"
"12838","0.4650999903678894","0.4650999903678894","0.4650999903678894"
"12849","0.4643999934196472","0.4643999934196472","0.4643999934196472"
"12860","0.46480000019073486","0.46480000019073486","0.46480000019073486"
"12871","0.46480000019073486","0.46480000019073486","0.46480000019073486"
"12882","0.4648999869823456","0.4648999869823456","0.4648999869823456"
"12893","0.4648999869823456","0.4648999869823456","0.4648999869823456"
"12904","0.4649999737739563","0.4649999737739563","0.4649999737739563"
"12915","0.4652999937534332","0.4652999937534332","0.4652999937534332"
"12926","0.46539998054504395","0.46539998054504395","0.46539998054504395"
"12937","0.46539998054504395","0.46539998054504395","0.46539998054504395"
"12948","0.4651999771595001","0.4651999771595001","0.4651999771595001"
"12959","0.4650999903678894","0.4650999903678894","0.4650999903678894"
"12970","0.46539998054504395","0.46539998054504395","0.46539998054504395"
"12981","0.4652999937534332","0.4652999937534332","0.4652999937534332"
"12992","0.4657000005245209","0.4657000005245209","0.4657000005245209"
"13003","0.4659999907016754","0.4659999907016754","0.4659999907016754"
"13014","0.4659999907016754","0.4659999907016754","0.4659999907016754"
"13025","0.46609997749328613","0.46609997749328613","0.46609997749328613"
"13036","0.46549999713897705","0.46549999713897705","0.46549999713897705"
"13047","0.46619999408721924","0.46619999408721924","0.46619999408721924"
"13058","0.4664999842643738","0.4664999842643738","0.4664999842643738"
"13069","0.46619999408721924","0.46619999408721924","0.46619999408721924"
"13080","0.46609997749328613","0.46609997749328613","0.46609997749328613"
"13091","0.46639999747276306","0.46639999747276306","0.46639999747276306"
"13102","0.4664999842643738","0.4664999842643738","0.4664999842643738"
"13113","0.46619999408721924","0.46619999408721924","0.46619999408721924"
"13124","0.4666000008583069","0.4666000008583069","0.4666000008583069"
"13135","0.4659999907016754","0.4659999907016754","0.4659999907016754"
"13146","0.46609997749328613","0.46609997749328613","0.46609997749328613"
"13157","0.46639999747276306","0.46639999747276306","0.46639999747276306"
"13168","0.46629998087882996","0.46629998087882996","0.46629998087882996"
"13179","0.4666999876499176","0.4666999876499176","0.4666999876499176"
"13190","0.4667999744415283","0.4667999744415283","0.4667999744415283"
"13201","0.4666000008583069","0.4666000008583069","0.4666000008583069"
"13212","0.4666999876499176","0.4666999876499176","0.4666999876499176"
"13223","0.46709999442100525","0.46709999442100525","0.46709999442100525"
"13234","0.46719998121261597","0.46719998121261597","0.46719998121261597"
"13245","0.4672999978065491","0.4672999978065491","0.4672999978065491"
"13256","0.4672999978065491","0.4672999978065491","0.4672999978065491"
"13267","0.46709999442100525","0.46709999442100525","0.46709999442100525"
"13278","0.4675000011920929","0.4675000011920929","0.4675000011920929"
"13289","0.4672999978065491","0.4672999978065491","0.4672999978065491"
"13300","0.4675000011920929","0.4675000011920929","0.4675000011920929"
"13311","0.46789997816085815","0.46789997816085815","0.46789997816085815"
"13322","0.46789997816085815","0.46789997816085815","0.46789997816085815"
"13333","0.468099981546402","0.468099981546402","0.468099981546402"
"13344","0.4675999879837036","0.4675999879837036","0.4675999879837036"
"13355","0.46799999475479126","0.46799999475479126","0.46799999475479126"
"13366","0.46789997816085815","0.46789997816085815","0.46789997816085815"
"13377","0.4681999981403351","0.4681999981403351","0.4681999981403351"
"13388","0.4682999849319458","0.4682999849319458","0.4682999849319458"
"13399","0.4684000015258789","0.4684000015258789","0.4684000015258789"
"13410","0.4684000015258789","0.4684000015258789","0.4684000015258789"
"13421","0.4690999984741211","0.4690999984741211","0.4690999984741211"
"13432","0.46939998865127563","0.46939998865127563","0.46939998865127563"
"13443","0.4696999788284302","0.4696999788284302","0.4696999788284302"
"13454","0.4697999954223633","0.4697999954223633","0.4697999954223633"
"13465","0.4702000021934509","0.4702000021934509","0.4702000021934509"
"13476","0.4696999788284302","0.4696999788284302","0.4696999788284302"
"13487","0.4699999988079071","0.4699999988079071","0.4699999988079071"
"13498","0.4697999954223633","0.4697999954223633","0.4697999954223633"
"13509","0.469899982213974","0.469899982213974","0.469899982213974"
"13520","0.46949997544288635","0.46949997544288635","0.46949997544288635"
"13531","0.4693000018596649","0.4693000018596649","0.4693000018596649"
"13542","0.4696999788284302","0.4696999788284302","0.4696999788284302"
"13553","0.4699999988079071","0.4699999988079071","0.4699999988079071"
"13564","0.4700999855995178","0.4700999855995178","0.4700999855995178"
"13575","0.4708999991416931","0.4708999991416931","0.4708999991416931"
"13586","0.47039997577667236","0.47039997577667236","0.47039997577667236"
"13597","0.47049999237060547","0.47049999237060547","0.47049999237060547"
"13608","0.4705999791622162","0.4705999791622162","0.4705999791622162"
"13619","0.47039997577667236","0.47039997577667236","0.47039997577667236"
"13630","0.4706999957561493","0.4706999957561493","0.4706999957561493"
"13641","0.47079998254776","0.47079998254776","0.47079998254776"
"13652","0.47079998254776","0.47079998254776","0.47079998254776"
"13663","0.47110000252723694","0.47110000252723694","0.47110000252723694"
"13674","0.4708999991416931","0.4708999991416931","0.4708999991416931"
"13685","0.4708999991416931","0.4708999991416931","0.4708999991416931"
"13696","0.47099998593330383","0.47099998593330383","0.47099998593330383"
"13707","0.4708999991416931","0.4708999991416931","0.4708999991416931"
"13718","0.4712999761104584","0.4712999761104584","0.4712999761104584"
"13729","0.47110000252723694","0.47110000252723694","0.47110000252723694"
"13740","0.4714999794960022","0.4714999794960022","0.4714999794960022"
"13751","0.471699982881546","0.471699982881546","0.471699982881546"
"13762","0.4715999960899353","0.4715999960899353","0.4715999960899353"
"13773","0.4715999960899353","0.4715999960899353","0.4715999960899353"
"13784","0.4714999794960022","0.4714999794960022","0.4714999794960022"
"13795","0.4714999794960022","0.4714999794960022","0.4714999794960022"
"13806","0.47119998931884766","0.47119998931884766","0.47119998931884766"
"13817","0.47189998626708984","0.47189998626708984","0.47189998626708984"
"13828","0.4717999994754791","0.4717999994754791","0.4717999994754791"
"13839","0.471699982881546","0.471699982881546","0.471699982881546"
"13850","0.4715999960899353","0.4715999960899353","0.4715999960899353"
"13861","0.47189998626708984","0.47189998626708984","0.47189998626708984"
"13872","0.4721999764442444","0.4721999764442444","0.4721999764442444"
"13883","0.4723999798297882","0.4723999798297882","0.4723999798297882"
"13894","0.4722999930381775","0.4722999930381775","0.4722999930381775"
"13905","0.4728999733924866","0.4728999733924866","0.4728999733924866"
"13916","0.4731999933719635","0.4731999933719635","0.4731999933719635"
"13927","0.4730999767780304","0.4730999767780304","0.4730999767780304"
"13938","0.4730999767780304","0.4730999767780304","0.4730999767780304"
"13949","0.4733999967575073","0.4733999967575073","0.4733999967575073"
"13960","0.47349998354911804","0.47349998354911804","0.47349998354911804"
"13971","0.47369998693466187","0.47369998693466187","0.47369998693466187"
"13982","0.47360000014305115","0.47360000014305115","0.47360000014305115"
"13993","0.47360000014305115","0.47360000014305115","0.47360000014305115"
"14004","0.4740999937057495","0.4740999937057495","0.4740999937057495"
"14015","0.4738999903202057","0.4738999903202057","0.4738999903202057"
"14026","0.4737999737262726","0.4737999737262726","0.4737999737262726"
"14037","0.4739999771118164","0.4739999771118164","0.4739999771118164"
"14048","0.47439998388290405","0.47439998388290405","0.47439998388290405"
"14059","0.4745999872684479","0.4745999872684479","0.4745999872684479"
"14070","0.47419998049736023","0.47419998049736023","0.47419998049736023"
"14081","0.4747999906539917","0.4747999906539917","0.4747999906539917"
"14092","0.4745999872684479","0.4745999872684479","0.4745999872684479"
"14103","0.4747999906539917","0.4747999906539917","0.4747999906539917"
"14114","0.47509998083114624","0.47509998083114624","0.47509998083114624"
"14125","0.47540000081062317","0.47540000081062317","0.47540000081062317"
"14136","0.4754999876022339","0.4754999876022339","0.4754999876022339"
"14147","0.47589999437332153","0.47589999437332153","0.47589999437332153"
"14158","0.4755999743938446","0.4755999743938446","0.4755999743938446"
"14169","0.47529998421669006","0.47529998421669006","0.47529998421669006"
"14180","0.4755999743938446","0.4755999743938446","0.4755999743938446"
"14191","0.4757999777793884","0.4757999777793884","0.4757999777793884"
"14202","0.4754999876022339","0.4754999876022339","0.4754999876022339"
"14213","0.47589999437332153","0.47589999437332153","0.47589999437332153"
"14224","0.4755999743938446","0.4755999743938446","0.4755999743938446"
"14235","0.47589999437332153","0.47589999437332153","0.47589999437332153"
"14246","0.4763000011444092","0.4763000011444092","0.4763000011444092"
"14257","0.47669997811317444","0.47669997811317444","0.47669997811317444"
"14268","0.47669997811317444","0.47669997811317444","0.47669997811317444"
"14279","0.47669997811317444","0.47669997811317444","0.47669997811317444"
"14290","0.4772999882698059","0.4772999882698059","0.4772999882698059"
"14301","0.4778999984264374","0.4778999984264374","0.4778999984264374"
"14312","0.4773999750614166","0.4773999750614166","0.4773999750614166"
"14323","0.47749999165534973","0.47749999165534973","0.47749999165534973"
"14334","0.4777999818325043","0.4777999818325043","0.4777999818325043"
"14345","0.4772999882698059","0.4772999882698059","0.4772999882698059"
"14356","0.4773999750614166","0.4773999750614166","0.4773999750614166"
"14367","0.47749999165534973","0.47749999165534973","0.47749999165534973"
"14378","0.4770999848842621","0.4770999848842621","0.4770999848842621"
"14389","0.4772999882698059","0.4772999882698059","0.4772999882698059"
"14400","0.47759997844696045","0.47759997844696045","0.47759997844696045"
"14411","0.47759997844696045","0.47759997844696045","0.47759997844696045"
"14422","0.4778999984264374","0.4778999984264374","0.4778999984264374"
"14433","0.4779999852180481","0.4779999852180481","0.4779999852180481"
"14444","0.47829997539520264","0.47829997539520264","0.47829997539520264"
"14455","0.47849997878074646","0.47849997878074646","0.47849997878074646"
"14466","0.4781000018119812","0.4781000018119812","0.4781000018119812"
"14477","0.4786999821662903","0.4786999821662903","0.4786999821662903"
"14488","0.4790000021457672","0.4790000021457672","0.4790000021457672"
"14499","0.47859999537467957","0.47859999537467957","0.47859999537467957"
"14510","0.47839999198913574","0.47839999198913574","0.47839999198913574"
"14521","0.4781999886035919","0.4781999886035919","0.4781999886035919"
"14532","0.47859999537467957","0.47859999537467957","0.47859999537467957"
"14543","0.4786999821662903","0.4786999821662903","0.4786999821662903"
"14554","0.4787999987602234","0.4787999987602234","0.4787999987602234"
"14565","0.47919997572898865","0.47919997572898865","0.47919997572898865"
"14576","0.4796999990940094","0.4796999990940094","0.4796999990940094"
"14587","0.4795999825000763","0.4795999825000763","0.4795999825000763"
"14598","0.4797999858856201","0.4797999858856201","0.4797999858856201"
"14609","0.48009997606277466","0.48009997606277466","0.48009997606277466"
"14620","0.4796999990940094","0.4796999990940094","0.4796999990940094"
"14631","0.48009997606277466","0.48009997606277466","0.48009997606277466"
"14642","0.4804999828338623","0.4804999828338623","0.4804999828338623"
"14653","0.48009997606277466","0.48009997606277466","0.48009997606277466"
"14664","0.48069998621940613","0.48069998621940613","0.48069998621940613"
"14675","0.4804999828338623","0.4804999828338623","0.4804999828338623"
"14686","0.48069998621940613","0.48069998621940613","0.48069998621940613"
"14697","0.4810999929904938","0.4810999929904938","0.4810999929904938"
"14708","0.4811999797821045","0.4811999797821045","0.4811999797821045"
"14719","0.4813999831676483","0.4813999831676483","0.4813999831676483"
"14730","0.4813999831676483","0.4813999831676483","0.4813999831676483"
"14741","0.4812999963760376","0.4812999963760376","0.4812999963760376"
"14752","0.4818999767303467","0.4818999767303467","0.4818999767303467"
"14763","0.48159998655319214","0.48159998655319214","0.48159998655319214"
"14774","0.48179998993873596","0.48179998993873596","0.48179998993873596"
"14785","0.4818999767303467","0.4818999767303467","0.4818999767303467"
"14796","0.48179998993873596","0.48179998993873596","0.48179998993873596"
"14807","0.48179998993873596","0.48179998993873596","0.48179998993873596"
"14818","0.48169997334480286","0.48169997334480286","0.48169997334480286"
"14829","0.4819999933242798","0.4819999933242798","0.4819999933242798"
"14840","0.4822999835014343","0.4822999835014343","0.4822999835014343"
"14851","0.48240000009536743","0.48240000009536743","0.48240000009536743"
"14862","0.4829999804496765","0.4829999804496765","0.4829999804496765"
"14873","0.482699990272522","0.482699990272522","0.482699990272522"
"14884","0.4829999804496765","0.4829999804496765","0.4829999804496765"
"14895","0.4827999770641327","0.4827999770641327","0.4827999770641327"
"14906","0.4827999770641327","0.4827999770641327","0.4827999770641327"
"14917","0.4827999770641327","0.4827999770641327","0.4827999770641327"
"14928","0.4830999970436096","0.4830999970436096","0.4830999970436096"
"14939","0.483599990606308","0.483599990606308","0.483599990606308"
"14950","0.4829999804496765","0.4829999804496765","0.4829999804496765"
"14961","0.48319998383522034","0.48319998383522034","0.48319998383522034"
"14972","0.4830999970436096","0.4830999970436096","0.4830999970436096"
"14983","0.4834999740123749","0.4834999740123749","0.4834999740123749"
"14994","0.48409998416900635","0.48409998416900635","0.48409998416900635"
"15005","0.48420000076293945","0.48420000076293945","0.48420000076293945"
"15016","0.4845999777317047","0.4845999777317047","0.4845999777317047"
"15027","0.4845999777317047","0.4845999777317047","0.4845999777317047"
"15038","0.4845999777317047","0.4845999777317047","0.4845999777317047"
"15049","0.484499990940094","0.484499990940094","0.484499990940094"
"15060","0.4845999777317047","0.4845999777317047","0.4845999777317047"
"15071","0.48489999771118164","0.48489999771118164","0.48489999771118164"
"15082","0.48489999771118164","0.48489999771118164","0.48489999771118164"
"15093","0.48479998111724854","0.48479998111724854","0.48479998111724854"
"15104","0.48489999771118164","0.48489999771118164","0.48489999771118164"
"15115","0.48510000109672546","0.48510000109672546","0.48510000109672546"
"15126","0.4854999780654907","0.4854999780654907","0.4854999780654907"
"15137","0.4854999780654907","0.4854999780654907","0.4854999780654907"
"15148","0.48539999127388","0.48539999127388","0.48539999127388"
"15159","0.48510000109672546","0.48510000109672546","0.48510000109672546"
"15170","0.48559999465942383","0.48559999465942383","0.48559999465942383"
"15181","0.4851999878883362","0.4851999878883362","0.4851999878883362"
"15192","0.4852999746799469","0.4852999746799469","0.4852999746799469"
"15203","0.48589998483657837","0.48589998483657837","0.48589998483657837"
"15214","0.48589998483657837","0.48589998483657837","0.48589998483657837"
"15225","0.4860999882221222","0.4860999882221222","0.4860999882221222"
"15236","0.4860999882221222","0.4860999882221222","0.4860999882221222"
"15247","0.48659998178482056","0.48659998178482056","0.48659998178482056"
"15258","0.48669999837875366","0.48669999837875366","0.48669999837875366"
"15269","0.48669999837875366","0.48669999837875366","0.48669999837875366"
"15280","0.4869000017642975","0.4869000017642975","0.4869000017642975"
"15291","0.48729997873306274","0.48729997873306274","0.48729997873306274"
"15302","0.48659998178482056","0.48659998178482056","0.48659998178482056"
"15313","0.4867999851703644","0.4867999851703644","0.4867999851703644"
"15324","0.4870999753475189","0.4870999753475189","0.4870999753475189"
"15335","0.4870999753475189","0.4870999753475189","0.4870999753475189"
"15346","0.487199991941452","0.487199991941452","0.487199991941452"
"15357","0.4869999885559082","0.4869999885559082","0.4869999885559082"
"15368","0.4870999753475189","0.4870999753475189","0.4870999753475189"
"15379","0.487199991941452","0.487199991941452","0.487199991941452"
"15390","0.487199991941452","0.487199991941452","0.487199991941452"
"15401","0.48729997873306274","0.48729997873306274","0.48729997873306274"
"15412","0.48729997873306274","0.48729997873306274","0.48729997873306274"
"15423","0.4878999888896942","0.4878999888896942","0.4878999888896942"
"15434","0.48799997568130493","0.48799997568130493","0.48799997568130493"
"15445","0.4878999888896942","0.4878999888896942","0.4878999888896942"
"15456","0.48829999566078186","0.48829999566078186","0.48829999566078186"
"15467","0.4878000020980835","0.4878000020980835","0.4878000020980835"
"15478","0.48819997906684875","0.48819997906684875","0.48819997906684875"
"15489","0.4884999990463257","0.4884999990463257","0.4884999990463257"
"15500","0.4887000024318695","0.4887000024318695","0.4887000024318695"
"15511","0.48889997601509094","0.48889997601509094","0.48889997601509094"
"15522","0.48889997601509094","0.48889997601509094","0.48889997601509094"
"15533","0.48919999599456787","0.48919999599456787","0.48919999599456787"
"15544","0.48919999599456787","0.48919999599456787","0.48919999599456787"
"15555","0.4892999827861786","0.4892999827861786","0.4892999827861786"
"15566","0.48919999599456787","0.48919999599456787","0.48919999599456787"
"15577","0.4887999892234802","0.4887999892234802","0.4887999892234802"
"15588","0.48889997601509094","0.48889997601509094","0.48889997601509094"
"15599","0.48969998955726624","0.48969998955726624","0.48969998955726624"
"15610","0.4901999831199646","0.4901999831199646","0.4901999831199646"
"15621","0.4894999861717224","0.4894999861717224","0.4894999861717224"
"15632","0.48989999294281006","0.48989999294281006","0.48989999294281006"
"15643","0.4902999997138977","0.4902999997138977","0.4902999997138977"
"15654","0.4899999797344208","0.4899999797344208","0.4899999797344208"
"15665","0.4900999963283539","0.4900999963283539","0.4900999963283539"
"15676","0.4902999997138977","0.4902999997138977","0.4902999997138977"
"15687","0.49079999327659607","0.49079999327659607","0.49079999327659607"
"15698","0.49059998989105225","0.49059998989105225","0.49059998989105225"
"15709","0.49079999327659607","0.49079999327659607","0.49079999327659607"
"15720","0.4909999966621399","0.4909999966621399","0.4909999966621399"
"15731","0.4912000000476837","0.4912000000476837","0.4912000000476837"
"15742","0.4916999936103821","0.4916999936103821","0.4916999936103821"
"15753","0.49129998683929443","0.49129998683929443","0.49129998683929443"
"15764","0.4910999834537506","0.4910999834537506","0.4910999834537506"
"15775","0.491599977016449","0.491599977016449","0.491599977016449"
"15786","0.491599977016449","0.491599977016449","0.491599977016449"
"15797","0.49219998717308044","0.49219998717308044","0.49219998717308044"
"15808","0.49229997396469116","0.49229997396469116","0.49229997396469116"
"15819","0.4921000003814697","0.4921000003814697","0.4921000003814697"
"15830","0.492499977350235","0.492499977350235","0.492499977350235"
"15841","0.4927999973297119","0.4927999973297119","0.4927999973297119"
"15852","0.4927999973297119","0.4927999973297119","0.4927999973297119"
"15863","0.49309998750686646","0.49309998750686646","0.49309998750686646"
"15874","0.4927999973297119","0.4927999973297119","0.4927999973297119"
"15885","0.49300000071525574","0.49300000071525574","0.49300000071525574"
"15896","0.4927999973297119","0.4927999973297119","0.4927999973297119"
"15907","0.49309998750686646","0.49309998750686646","0.49309998750686646"
"15918","0.49300000071525574","0.49300000071525574","0.49300000071525574"
"15929","0.49309998750686646","0.49309998750686646","0.49309998750686646"
"15940","0.49300000071525574","0.49300000071525574","0.49300000071525574"
"15951","0.49300000071525574","0.49300000071525574","0.49300000071525574"
"15962","0.493399977684021","0.493399977684021","0.493399977684021"
"15973","0.493399977684021","0.493399977684021","0.493399977684021"
"15984","0.4931999742984772","0.4931999742984772","0.4931999742984772"
"15995","0.4932999908924103","0.4932999908924103","0.4932999908924103"
"16006","0.4932999908924103","0.4932999908924103","0.4932999908924103"
"16017","0.4934999942779541","0.4934999942779541","0.4934999942779541"
"16028","0.4936999976634979","0.4936999976634979","0.4936999976634979"
"16039","0.4940999746322632","0.4940999746322632","0.4940999746322632"
"16050","0.4940999746322632","0.4940999746322632","0.4940999746322632"
"16061","0.495199978351593","0.495199978351593","0.495199978351593"
"16072","0.495199978351593","0.495199978351593","0.495199978351593"
"16083","0.495199978351593","0.495199978351593","0.495199978351593"
"16094","0.4950999915599823","0.4950999915599823","0.4950999915599823"
"16105","0.4950999915599823","0.4950999915599823","0.4950999915599823"
"16116","0.495199978351593","0.495199978351593","0.495199978351593"
"16127","0.4950999915599823","0.4950999915599823","0.4950999915599823"
"16138","0.49559998512268066","0.49559998512268066","0.49559998512268066"
"16149","0.49570000171661377","0.49570000171661377","0.49570000171661377"
"16160","0.4958999752998352","0.4958999752998352","0.4958999752998352"
"16171","0.49619999527931213","0.49619999527931213","0.49619999527931213"
"16182","0.49609997868537903","0.49609997868537903","0.49609997868537903"
"16193","0.4966000020503998","0.4966000020503998","0.4966000020503998"
"16204","0.4968999922275543","0.4968999922275543","0.4968999922275543"
"16215","0.49699997901916504","0.49699997901916504","0.49699997901916504"
"16226","0.49719998240470886","0.49719998240470886","0.49719998240470886"
"16237","0.4975999891757965","0.4975999891757965","0.4975999891757965"
"16248","0.4975999891757965","0.4975999891757965","0.4975999891757965"
"16259","0.4980999827384949","0.4980999827384949","0.4980999827384949"
"16270","0.49799999594688416","0.49799999594688416","0.49799999594688416"
"16281","0.4980999827384949","0.4980999827384949","0.4980999827384949"
"16292","0.4980999827384949","0.4980999827384949","0.4980999827384949"
"16303","0.4984999895095825","0.4984999895095825","0.4984999895095825"
"16314","0.49869999289512634","0.49869999289512634","0.49869999289512634"
"16325","0.49879997968673706","0.49879997968673706","0.49879997968673706"
"16336","0.499099999666214","0.499099999666214","0.499099999666214"
"16347","0.4992999732494354","0.4992999732494354","0.4992999732494354"
"16358","0.499099999666214","0.499099999666214","0.499099999666214"
"16369","0.49939998984336853","0.49939998984336853","0.49939998984336853"
"16380","0.4991999864578247","0.4991999864578247","0.4991999864578247"
"16391","0.499099999666214","0.499099999666214","0.499099999666214"
"16402","0.49949997663497925","0.49949997663497925","0.49949997663497925"
"16413","0.4997999966144562","0.4997999966144562","0.4997999966144562"
"16424","0.5001000165939331","0.5001000165939331","0.5001000165939331"
"16435","0.5001999735832214","0.5001999735832214","0.5001999735832214"
"16446","0.5005999803543091","0.5005999803543091","0.5005999803543091"
"16457","0.5004000067710876","0.5004000067710876","0.5004000067710876"
"16468","0.5002999901771545","0.5002999901771545","0.5002999901771545"
"16479","0.5001999735832214","0.5001999735832214","0.5001999735832214"
"16490","0.5004000067710876","0.5004000067710876","0.5004000067710876"
"16501","0.5006999969482422","0.5006999969482422","0.5006999969482422"
"16512","0.5008999705314636","0.5008999705314636","0.5008999705314636"
"16523","0.5009999871253967","0.5009999871253967","0.5009999871253967"
"16534","0.5013999938964844","0.5013999938964844","0.5013999938964844"
"16545","0.5012999773025513","0.5012999773025513","0.5012999773025513"
"16556","0.5011999607086182","0.5011999607086182","0.5011999607086182"
"16567","0.5015000104904175","0.5015000104904175","0.5015000104904175"
"16578","0.501800000667572","0.501800000667572","0.501800000667572"
"16589","0.5016999840736389","0.5016999840736389","0.5016999840736389"
"16600","0.5020999908447266","0.5020999908447266","0.5020999908447266"
"16611","0.5019999742507935","0.5019999742507935","0.5019999742507935"
"16622","0.5022000074386597","0.5022000074386597","0.5022000074386597"
"16633","0.5024999976158142","0.5024999976158142","0.5024999976158142"
"16644","0.5023999810218811","0.5023999810218811","0.5023999810218811"
"16655","0.5023999810218811","0.5023999810218811","0.5023999810218811"
"16666","0.5026000142097473","0.5026000142097473","0.5026000142097473"
"16677","0.5026000142097473","0.5026000142097473","0.5026000142097473"
"16688","0.5024999976158142","0.5024999976158142","0.5024999976158142"
"16699","0.5024999976158142","0.5024999976158142","0.5024999976158142"
"16710","0.5030999779701233","0.5030999779701233","0.5030999779701233"
"16721","0.5029999613761902","0.5029999613761902","0.5029999613761902"
"16732","0.5029000043869019","0.5029000043869019","0.5029000043869019"
"16743","0.5030999779701233","0.5030999779701233","0.5030999779701233"
"16754","0.5034999847412109","0.5034999847412109","0.5034999847412109"
"16765","0.5033999681472778","0.5033999681472778","0.5033999681472778"
"16776","0.503600001335144","0.503600001335144","0.503600001335144"
"16787","0.5036999583244324","0.5036999583244324","0.5036999583244324"
"16798","0.5038999915122986","0.5038999915122986","0.5038999915122986"
"16809","0.5038999915122986","0.5038999915122986","0.5038999915122986"
"16820","0.5041999816894531","0.5041999816894531","0.5041999816894531"
"16831","0.5040000081062317","0.5040000081062317","0.5040000081062317"
"16842","0.5038999915122986","0.5038999915122986","0.5038999915122986"
"16853","0.5040000081062317","0.5040000081062317","0.5040000081062317"
"16864","0.503600001335144","0.503600001335144","0.503600001335144"
"16875","0.5041999816894531","0.5041999816894531","0.5041999816894531"
"16886","0.5048999786376953","0.5048999786376953","0.5048999786376953"
"16897","0.5048999786376953","0.5048999786376953","0.5048999786376953"
"16908","0.5048999786376953","0.5048999786376953","0.5048999786376953"
"16919","0.5048999786376953","0.5048999786376953","0.5048999786376953"
"16930","0.505299985408783","0.505299985408783","0.505299985408783"
"16941","0.5051999688148499","0.5051999688148499","0.5051999688148499"
"16952","0.5054999589920044","0.5054999589920044","0.5054999589920044"
"16963","0.5051999688148499","0.5051999688148499","0.5051999688148499"
"16974","0.5047999620437622","0.5047999620437622","0.5047999620437622"
"16985","0.505299985408783","0.505299985408783","0.505299985408783"
"16996","0.505899965763092","0.505899965763092","0.505899965763092"
"17007","0.5063999891281128","0.5063999891281128","0.5063999891281128"
"17018","0.5062999725341797","0.5062999725341797","0.5062999725341797"
"17029","0.5062999725341797","0.5062999725341797","0.5062999725341797"
"17040","0.5060999989509583","0.5060999989509583","0.5060999989509583"
"17051","0.5062999725341797","0.5062999725341797","0.5062999725341797"
"17062","0.5065000057220459","0.5065000057220459","0.5065000057220459"
"17073","0.5066999793052673","0.5066999793052673","0.5066999793052673"
"17084","0.5069000124931335","0.5069000124931335","0.5069000124931335"
"17095","0.507099986076355","0.507099986076355","0.507099986076355"
"17106","0.5072000026702881","0.5072000026702881","0.5072000026702881"
"17117","0.5073999762535095","0.5073999762535095","0.5073999762535095"
"17128","0.5072000026702881","0.5072000026702881","0.5072000026702881"
"17139","0.5073999762535095","0.5073999762535095","0.5073999762535095"
"17150","0.5072999596595764","0.5072999596595764","0.5072999596595764"
"17161","0.5072999596595764","0.5072999596595764","0.5072999596595764"
"17172","0.5072999596595764","0.5072999596595764","0.5072999596595764"
"17183","0.5078999996185303","0.5078999996185303","0.5078999996185303"
"17194","0.5080999732017517","0.5080999732017517","0.5080999732017517"
"17205","0.5080999732017517","0.5080999732017517","0.5080999732017517"
"17216","0.5081999897956848","0.5081999897956848","0.5081999897956848"
"17227","0.5080999732017517","0.5080999732017517","0.5080999732017517"
"17238","0.5083999633789062","0.5083999633789062","0.5083999633789062"
"17249","0.5081999897956848","0.5081999897956848","0.5081999897956848"
"17260","0.5084999799728394","0.5084999799728394","0.5084999799728394"
"17271","0.5085999965667725","0.5085999965667725","0.5085999965667725"
"17282","0.5090999603271484","0.5090999603271484","0.5090999603271484"
"17293","0.5092999935150146","0.5092999935150146","0.5092999935150146"
"17304","0.5094999670982361","0.5094999670982361","0.5094999670982361"
"17315","0.5094000101089478","0.5094000101089478","0.5094000101089478"
"17326","0.5095999836921692","0.5095999836921692","0.5095999836921692"
"17337","0.5095999836921692","0.5095999836921692","0.5095999836921692"
"17348","0.5099999904632568","0.5099999904632568","0.5099999904632568"
"17359","0.5101000070571899","0.5101000070571899","0.5101000070571899"
"17370","0.5098999738693237","0.5098999738693237","0.5098999738693237"
"17381","0.5105000138282776","0.5105000138282776","0.5105000138282776"
"17392","0.5108000040054321","0.5108000040054321","0.5108000040054321"
"17403","0.510699987411499","0.510699987411499","0.510699987411499"
"17414","0.510699987411499","0.510699987411499","0.510699987411499"
"17425","0.5109999775886536","0.5109999775886536","0.5109999775886536"
"17436","0.5110999941825867","0.5110999941825867","0.5110999941825867"
"17447","0.510699987411499","0.510699987411499","0.510699987411499"
"17458","0.5108999609947205","0.5108999609947205","0.5108999609947205"
"17469","0.5110999941825867","0.5110999941825867","0.5110999941825867"
"17480","0.5112999677658081","0.5112999677658081","0.5112999677658081"
"17491","0.5113999843597412","0.5113999843597412","0.5113999843597412"
"17502","0.5115000009536743","0.5115000009536743","0.5115000009536743"
"17513","0.5115999579429626","0.5115999579429626","0.5115999579429626"
"17524","0.5116999745368958","0.5116999745368958","0.5116999745368958"
"17535","0.5121999979019165","0.5121999979019165","0.5121999979019165"
"17546","0.5117999911308289","0.5117999911308289","0.5117999911308289"
"17557","0.5117999911308289","0.5117999911308289","0.5117999911308289"
"17568","0.5117999911308289","0.5117999911308289","0.5117999911308289"
"17579","0.5117999911308289","0.5117999911308289","0.5117999911308289"
"17590","0.5120999813079834","0.5120999813079834","0.5120999813079834"
"17601","0.5123000144958496","0.5123000144958496","0.5123000144958496"
"17612","0.5119999647140503","0.5119999647140503","0.5119999647140503"
"17623","0.5119999647140503","0.5119999647140503","0.5119999647140503"
"17634","0.5121999979019165","0.5121999979019165","0.5121999979019165"
"17645","0.5130000114440918","0.5130000114440918","0.5130000114440918"
"17656","0.5128999948501587","0.5128999948501587","0.5128999948501587"
"17667","0.5130000114440918","0.5130000114440918","0.5130000114440918"
"17678","0.5130999684333801","0.5130999684333801","0.5130999684333801"
"17689","0.5131999850273132","0.5131999850273132","0.5131999850273132"
"17700","0.5135999917984009","0.5135999917984009","0.5135999917984009"
"17711","0.5133999586105347","0.5133999586105347","0.5133999586105347"
"17722","0.5134999752044678","0.5134999752044678","0.5134999752044678"
"17733","0.5133999586105347","0.5133999586105347","0.5133999586105347"
"17744","0.5133999586105347","0.5133999586105347","0.5133999586105347"
"17755","0.5138999819755554","0.5138999819755554","0.5138999819755554"
"17766","0.5135999917984009","0.5135999917984009","0.5135999917984009"
"17777","0.5141000151634216","0.5141000151634216","0.5141000151634216"
"17788","0.5142999887466431","0.5142999887466431","0.5142999887466431"
"17799","0.5144999623298645","0.5144999623298645","0.5144999623298645"
"17810","0.5146999955177307","0.5146999955177307","0.5146999955177307"
"17821","0.5145999789237976","0.5145999789237976","0.5145999789237976"
"17832","0.5148999691009521","0.5148999691009521","0.5148999691009521"
"17843","0.5152999758720398","0.5152999758720398","0.5152999758720398"
"17854","0.5153999924659729","0.5153999924659729","0.5153999924659729"
"17865","0.5155999660491943","0.5155999660491943","0.5155999660491943"
"17876","0.5156999826431274","0.5156999826431274","0.5156999826431274"
"17887","0.5156999826431274","0.5156999826431274","0.5156999826431274"
"17898","0.5157999992370605","0.5157999992370605","0.5157999992370605"
"17909","0.5162000060081482","0.5162000060081482","0.5162000060081482"
"17920","0.5162000060081482","0.5162000060081482","0.5162000060081482"
"17931","0.5167999863624573","0.5167999863624573","0.5167999863624573"
"17942","0.5171999931335449","0.5171999931335449","0.5171999931335449"
"17953","0.5171999931335449","0.5171999931335449","0.5171999931335449"
"17964","0.5175999999046326","0.5175999999046326","0.5175999999046326"
"17975","0.5174999833106995","0.5174999833106995","0.5174999833106995"
"17986","0.5174999833106995","0.5174999833106995","0.5174999833106995"
"17997","0.5175999999046326","0.5175999999046326","0.5175999999046326"
"18008","0.5178999900817871","0.5178999900817871","0.5178999900817871"
"18019","0.5178999900817871","0.5178999900817871","0.5178999900817871"
"18030","0.5182999968528748","0.5182999968528748","0.5182999968528748"
"18041","0.5182999968528748","0.5182999968528748","0.5182999968528748"
"18052","0.5180999636650085","0.5180999636650085","0.5180999636650085"
"18063","0.5185999870300293","0.5185999870300293","0.5185999870300293"
"18074","0.5184000134468079","0.5184000134468079","0.5184000134468079"
"18085","0.5185999870300293","0.5185999870300293","0.5185999870300293"
"18096","0.5184000134468079","0.5184000134468079","0.5184000134468079"
"18107","0.5187000036239624","0.5187000036239624","0.5187000036239624"
"18118","0.5188999772071838","0.5188999772071838","0.5188999772071838"
"18129","0.51910001039505","0.51910001039505","0.51910001039505"
"18140","0.5194000005722046","0.5194000005722046","0.5194000005722046"
"18151","0.5194000005722046","0.5194000005722046","0.5194000005722046"
"18162","0.5196999907493591","0.5196999907493591","0.5196999907493591"
"18173","0.5198000073432922","0.5198000073432922","0.5198000073432922"
"18184","0.5200999975204468","0.5200999975204468","0.5200999975204468"
"18195","0.5202999711036682","0.5202999711036682","0.5202999711036682"
"18206","0.5209999680519104","0.5209999680519104","0.5209999680519104"
"18217","0.5212000012397766","0.5212000012397766","0.5212000012397766"
"18228","0.521399974822998","0.521399974822998","0.521399974822998"
"18239","0.5216000080108643","0.5216000080108643","0.5216000080108643"
"18250","0.5220000147819519","0.5220000147819519","0.5220000147819519"
"18261","0.5223999619483948","0.5223999619483948","0.5223999619483948"
"18272","0.5224999785423279","0.5224999785423279","0.5224999785423279"
"18283","0.5227000117301941","0.5227000117301941","0.5227000117301941"
"18294","0.5227000117301941","0.5227000117301941","0.5227000117301941"
"18305","0.5228999853134155","0.5228999853134155","0.5228999853134155"
"18316","0.5230000019073486","0.5230000019073486","0.5230000019073486"
"18327","0.5227000117301941","0.5227000117301941","0.5227000117301941"
"18338","0.523099958896637","0.523099958896637","0.523099958896637"
"18349","0.5232999920845032","0.5232999920845032","0.5232999920845032"
"18360","0.523099958896637","0.523099958896637","0.523099958896637"
"18371","0.5234999656677246","0.5234999656677246","0.5234999656677246"
"18382","0.5238999724388123","0.5238999724388123","0.5238999724388123"
"18393","0.5241000056266785","0.5241000056266785","0.5241000056266785"
"18404","0.5245999693870544","0.5245999693870544","0.5245999693870544"
"18415","0.5242999792098999","0.5242999792098999","0.5242999792098999"
"18426","0.5242999792098999","0.5242999792098999","0.5242999792098999"
"18437","0.5242999792098999","0.5242999792098999","0.5242999792098999"
"18448","0.5242999792098999","0.5242999792098999","0.5242999792098999"
"18459","0.5241000056266785","0.5241000056266785","0.5241000056266785"
"18470","0.5245999693870544","0.5245999693870544","0.5245999693870544"
"18481","0.524899959564209","0.524899959564209","0.524899959564209"
"18492","0.5250999927520752","0.5250999927520752","0.5250999927520752"
"18503","0.5252999663352966","0.5252999663352966","0.5252999663352966"
"18514","0.525600016117096","0.525600016117096","0.525600016117096"
"18525","0.5259999632835388","0.5259999632835388","0.5259999632835388"
"18536","0.5264999866485596","0.5264999866485596","0.5264999866485596"
"18547","0.5260999798774719","0.5260999798774719","0.5260999798774719"
"18558","0.5260999798774719","0.5260999798774719","0.5260999798774719"
"18569","0.5266000032424927","0.5266000032424927","0.5266000032424927"
"18580","0.526699960231781","0.526699960231781","0.526699960231781"
"18591","0.5268999934196472","0.5268999934196472","0.5268999934196472"
"18602","0.5268999934196472","0.5268999934196472","0.5268999934196472"
"18613","0.5273000001907349","0.5273000001907349","0.5273000001907349"
"18624","0.5273999571800232","0.5273999571800232","0.5273999571800232"
"18635","0.5273000001907349","0.5273000001907349","0.5273000001907349"
"18646","0.5275999903678894","0.5275999903678894","0.5275999903678894"
"18657","0.5277999639511108","0.5277999639511108","0.5277999639511108"
"18668","0.527999997138977","0.527999997138977","0.527999997138977"
"18679","0.527999997138977","0.527999997138977","0.527999997138977"
"18690","0.5282999873161316","0.5282999873161316","0.5282999873161316"
"18701","0.5285999774932861","0.5285999774932861","0.5285999774932861"
"18712","0.5285999774932861","0.5285999774932861","0.5285999774932861"
"18723","0.5289999842643738","0.5289999842643738","0.5289999842643738"
"18734","0.5288000106811523","0.5288000106811523","0.5288000106811523"
"18745","0.5288999676704407","0.5288999676704407","0.5288999676704407"
"18756","0.5292999744415283","0.5292999744415283","0.5292999744415283"
"18767","0.5295999646186829","0.5295999646186829","0.5295999646186829"
"18778","0.529699981212616","0.529699981212616","0.529699981212616"
"18789","0.5291000008583069","0.5291000008583069","0.5291000008583069"
"18800","0.5295999646186829","0.5295999646186829","0.5295999646186829"
"18811","0.5295999646186829","0.5295999646186829","0.5295999646186829"
"18822","0.5302000045776367","0.5302000045776367","0.5302000045776367"
"18833","0.5304999947547913","0.5304999947547913","0.5304999947547913"
"18844","0.5303999781608582","0.5303999781608582","0.5303999781608582"
"18855","0.5306999683380127","0.5306999683380127","0.5306999683380127"
"18866","0.5315999984741211","0.5315999984741211","0.5315999984741211"
"18877","0.5317000150680542","0.5317000150680542","0.5317000150680542"
"18888","0.5317999720573425","0.5317999720573425","0.5317999720573425"
"18899","0.5320000052452087","0.5320000052452087","0.5320000052452087"
"18910","0.5320999622344971","0.5320999622344971","0.5320999622344971"
"18921","0.5321999788284302","0.5321999788284302","0.5321999788284302"
"18932","0.5322999954223633","0.5322999954223633","0.5322999954223633"
"18943","0.5320999622344971","0.5320999622344971","0.5320999622344971"
"18954","0.5325999855995178","0.5325999855995178","0.5325999855995178"
"18965","0.5327000021934509","0.5327000021934509","0.5327000021934509"
"18976","0.5327999591827393","0.5327999591827393","0.5327999591827393"
"18987","0.53329998254776","0.53329998254776","0.53329998254776"
"18998","0.5331999659538269","0.5331999659538269","0.5331999659538269"
"19009","0.5336999893188477","0.5336999893188477","0.5336999893188477"
"19020","0.5339999794960022","0.5339999794960022","0.5339999794960022"
"19031","0.5339999794960022","0.5339999794960022","0.5339999794960022"
"19042","0.5335000157356262","0.5335000157356262","0.5335000157356262"
"19053","0.5339999794960022","0.5339999794960022","0.5339999794960022"
"19064","0.5339999794960022","0.5339999794960022","0.5339999794960022"
"19075","0.5345999598503113","0.5345999598503113","0.5345999598503113"
"19086","0.5346999764442444","0.5346999764442444","0.5346999764442444"
"19097","0.5346999764442444","0.5346999764442444","0.5346999764442444"
"19108","0.535099983215332","0.535099983215332","0.535099983215332"
"19119","0.5352999567985535","0.5352999567985535","0.5352999567985535"
"19130","0.5356000065803528","0.5356000065803528","0.5356000065803528"
"19141","0.5356000065803528","0.5356000065803528","0.5356000065803528"
"19152","0.5358999967575073","0.5358999967575073","0.5358999967575073"
"19163","0.5361999869346619","0.5361999869346619","0.5361999869346619"
"19174","0.5364999771118164","0.5364999771118164","0.5364999771118164"
"19185","0.5372999906539917","0.5372999906539917","0.5372999906539917"
"19196","0.5370999574661255","0.5370999574661255","0.5370999574661255"
"19207","0.5374000072479248","0.5374000072479248","0.5374000072479248"
"19218","0.5378999710083008","0.5378999710083008","0.5378999710083008"
"19229","0.538100004196167","0.538100004196167","0.538100004196167"
"19240","0.5378999710083008","0.5378999710083008","0.5378999710083008"
"19251","0.5379999876022339","0.5379999876022339","0.5379999876022339"
"19262","0.5379999876022339","0.5379999876022339","0.5379999876022339"
"19273","0.5381999611854553","0.5381999611854553","0.5381999611854553"
"19284","0.5381999611854553","0.5381999611854553","0.5381999611854553"
"19295","0.5386999845504761","0.5386999845504761","0.5386999845504761"
"19306","0.5388999581336975","0.5388999581336975","0.5388999581336975"
"19317","0.5388000011444092","0.5388000011444092","0.5388000011444092"
"19328","0.5388000011444092","0.5388000011444092","0.5388000011444092"
"19339","0.5388999581336975","0.5388999581336975","0.5388999581336975"
"19350","0.5386999845504761","0.5386999845504761","0.5386999845504761"
"19361","0.5392999649047852","0.5392999649047852","0.5392999649047852"
"19372","0.5392999649047852","0.5392999649047852","0.5392999649047852"
"19383","0.5393999814987183","0.5393999814987183","0.5393999814987183"
"19394","0.5400999784469604","0.5400999784469604","0.5400999784469604"
"19405","0.5404999852180481","0.5404999852180481","0.5404999852180481"
"19416","0.5410000085830688","0.5410000085830688","0.5410000085830688"
"19427","0.5411999821662903","0.5411999821662903","0.5411999821662903"
"19438","0.5410999655723572","0.5410999655723572","0.5410999655723572"
"19449","0.5414000153541565","0.5414000153541565","0.5414000153541565"
"19460","0.5412999987602234","0.5412999987602234","0.5412999987602234"
"19471","0.5410999655723572","0.5410999655723572","0.5410999655723572"
"19482","0.5417999625205994","0.5417999625205994","0.5417999625205994"
"19493","0.5424000024795532","0.5424000024795532","0.5424000024795532"
"19504","0.5421000123023987","0.5421000123023987","0.5421000123023987"
"19515","0.5421000123023987","0.5421000123023987","0.5421000123023987"
"19526","0.5422999858856201","0.5422999858856201","0.5422999858856201"
"19537","0.5425999760627747","0.5425999760627747","0.5425999760627747"
"19548","0.5432000160217285","0.5432000160217285","0.5432000160217285"
"19559","0.5436999797821045","0.5436999797821045","0.5436999797821045"
"19570","0.5435999631881714","0.5435999631881714","0.5435999631881714"
"19581","0.5439000129699707","0.5439000129699707","0.5439000129699707"
"19592","0.5435999631881714","0.5435999631881714","0.5435999631881714"
"19603","0.5435999631881714","0.5435999631881714","0.5435999631881714"
"19614","0.5435000061988831","0.5435000061988831","0.5435000061988831"
"19625","0.5439000129699707","0.5439000129699707","0.5439000129699707"
"19636","0.5440999865531921","0.5440999865531921","0.5440999865531921"
"19647","0.543999969959259","0.543999969959259","0.543999969959259"
"19658","0.5444999933242798","0.5444999933242798","0.5444999933242798"
"19669","0.5449000000953674","0.5449000000953674","0.5449000000953674"
"19680","0.5446000099182129","0.5446000099182129","0.5446000099182129"
"19691","0.5446999669075012","0.5446999669075012","0.5446999669075012"
"19702","0.5450999736785889","0.5450999736785889","0.5450999736785889"
"19713","0.5454999804496765","0.5454999804496765","0.5454999804496765"
"19724","0.5457000136375427","0.5457000136375427","0.5457000136375427"
"19735","0.5453999638557434","0.5453999638557434","0.5453999638557434"
"19746","0.545799970626831","0.545799970626831","0.545799970626831"
"19757","0.5460999608039856","0.5460999608039856","0.5460999608039856"
"19768","0.545799970626831","0.545799970626831","0.545799970626831"
"19779","0.5464000105857849","0.5464000105857849","0.5464000105857849"
"19790","0.5462999939918518","0.5462999939918518","0.5462999939918518"
"19801","0.5467999577522278","0.5467999577522278","0.5467999577522278"
"19812","0.5467999577522278","0.5467999577522278","0.5467999577522278"
"19823","0.5472999811172485","0.5472999811172485","0.5472999811172485"
"19834","0.5471999645233154","0.5471999645233154","0.5471999645233154"
"19845","0.5472999811172485","0.5472999811172485","0.5472999811172485"
"19856","0.5475000143051147","0.5475000143051147","0.5475000143051147"
"19867","0.5479999780654907","0.5479999780654907","0.5479999780654907"
"19878","0.5483999848365784","0.5483999848365784","0.5483999848365784"
"19889","0.5489000082015991","0.5489000082015991","0.5489000082015991"
"19900","0.5489999651908875","0.5489999651908875","0.5489999651908875"
"19911","0.5494999885559082","0.5494999885559082","0.5494999885559082"
"19922","0.5498999953269958","0.5498999953269958","0.5498999953269958"
"19933","0.5497999787330627","0.5497999787330627","0.5497999787330627"
"19944","0.5501999855041504","0.5501999855041504","0.5501999855041504"
"19955","0.5504999756813049","0.5504999756813049","0.5504999756813049"
"19966","0.5503000020980835","0.5503000020980835","0.5503000020980835"
"19977","0.5507999658584595","0.5507999658584595","0.5507999658584595"
"19988","0.5508999824523926","0.5508999824523926","0.5508999824523926"
"19999","0.5509999990463257","0.5509999990463257","0.5509999990463257"
"20010","0.5509999990463257","0.5509999990463257","0.5509999990463257"
"20021","0.5508999824523926","0.5508999824523926","0.5508999824523926"
"20032","0.5511000156402588","0.5511000156402588","0.5511000156402588"
"20043","0.5511000156402588","0.5511000156402588","0.5511000156402588"
"20054","0.5516999959945679","0.5516999959945679","0.5516999959945679"
"20065","0.5516999959945679","0.5516999959945679","0.5516999959945679"
"20076","0.5519999861717224","0.5519999861717224","0.5519999861717224"
"20087","0.5518999695777893","0.5518999695777893","0.5518999695777893"
"20098","0.5523999929428101","0.5523999929428101","0.5523999929428101"
"20109","0.5523999929428101","0.5523999929428101","0.5523999929428101"
"20120","0.5526999831199646","0.5526999831199646","0.5526999831199646"
"20131","0.552899956703186","0.552899956703186","0.552899956703186"
"20142","0.5527999997138977","0.5527999997138977","0.5527999997138977"
"20153","0.552899956703186","0.552899956703186","0.552899956703186"
"20164","0.5529999732971191","0.5529999732971191","0.5529999732971191"
"20175","0.5532999634742737","0.5532999634742737","0.5532999634742737"
"20186","0.5533999800682068","0.5533999800682068","0.5533999800682068"
"20197","0.5534999966621399","0.5534999966621399","0.5534999966621399"
"20208","0.5541999936103821","0.5541999936103821","0.5541999936103821"
"20219","0.5539999604225159","0.5539999604225159","0.5539999604225159"
"20230","0.5541999936103821","0.5541999936103821","0.5541999936103821"
"20241","0.5541999936103821","0.5541999936103821","0.5541999936103821"
"20252","0.5541999936103821","0.5541999936103821","0.5541999936103821"
"20263","0.5544999837875366","0.5544999837875366","0.5544999837875366"
"20274","0.5548999905586243","0.5548999905586243","0.5548999905586243"
"20285","0.5547999739646912","0.5547999739646912","0.5547999739646912"
"20296","0.5550000071525574","0.5550000071525574","0.5550000071525574"
"20307","0.5552999973297119","0.5552999973297119","0.5552999973297119"
"20318","0.5557000041007996","0.5557000041007996","0.5557000041007996"
"20329","0.5557999610900879","0.5557999610900879","0.5557999610900879"
"20340","0.5561000108718872","0.5561000108718872","0.5561000108718872"
"20351","0.5564000010490417","0.5564000010490417","0.5564000010490417"
"20362","0.5562999844551086","0.5562999844551086","0.5562999844551086"
"20373","0.5570999979972839","0.5570999979972839","0.5570999979972839"
"20384","0.5570999979972839","0.5570999979972839","0.5570999979972839"
"20395","0.5570999979972839","0.5570999979972839","0.5570999979972839"
"20406","0.5573999881744385","0.5573999881744385","0.5573999881744385"
"20417","0.5573999881744385","0.5573999881744385","0.5573999881744385"
"20428","0.5579999685287476","0.5579999685287476","0.5579999685287476"
"20439","0.5579000115394592","0.5579000115394592","0.5579000115394592"
"20450","0.5577999949455261","0.5577999949455261","0.5577999949455261"
"20461","0.5575999617576599","0.5575999617576599","0.5575999617576599"
"20472","0.5583999752998352","0.5583999752998352","0.5583999752998352"
"20483","0.5584999918937683","0.5584999918937683","0.5584999918937683"
"20494","0.5584999918937683","0.5584999918937683","0.5584999918937683"
"20505","0.5587999820709229","0.5587999820709229","0.5587999820709229"
"20516","0.5590999722480774","0.5590999722480774","0.5590999722480774"
"20527","0.5593999624252319","0.5593999624252319","0.5593999624252319"
"20538","0.5595999956130981","0.5595999956130981","0.5595999956130981"
"20549","0.5595999956130981","0.5595999956130981","0.5595999956130981"
"20560","0.559499979019165","0.559499979019165","0.559499979019165"
"20571","0.5595999956130981","0.5595999956130981","0.5595999956130981"
"20582","0.5598999857902527","0.5598999857902527","0.5598999857902527"
"20593","0.5600000023841858","0.5600000023841858","0.5600000023841858"
"20604","0.5602999925613403","0.5602999925613403","0.5602999925613403"
"20615","0.5601999759674072","0.5601999759674072","0.5601999759674072"
"20626","0.5604000091552734","0.5604000091552734","0.5604000091552734"
"20637","0.5604000091552734","0.5604000091552734","0.5604000091552734"
"20648","0.560699999332428","0.560699999332428","0.560699999332428"
"20659","0.5608999729156494","0.5608999729156494","0.5608999729156494"
"20670","0.560699999332428","0.560699999332428","0.560699999332428"
"20681","0.5612999796867371","0.5612999796867371","0.5612999796867371"
"20692","0.5612999796867371","0.5612999796867371","0.5612999796867371"
"20703","0.5607999563217163","0.5607999563217163","0.5607999563217163"
"20714","0.5612999796867371","0.5612999796867371","0.5612999796867371"
"20725","0.5618000030517578","0.5618000030517578","0.5618000030517578"
"20736","0.5622999668121338","0.5622999668121338","0.5622999668121338"
"20747","0.5623999834060669","0.5623999834060669","0.5623999834060669"
"20758","0.5622999668121338","0.5622999668121338","0.5622999668121338"
"20769","0.5622999668121338","0.5622999668121338","0.5622999668121338"
"20780","0.5626999735832214","0.5626999735832214","0.5626999735832214"
"20791","0.562999963760376","0.562999963760376","0.562999963760376"
"20802","0.5631999969482422","0.5631999969482422","0.5631999969482422"
"20813","0.5633999705314636","0.5633999705314636","0.5633999705314636"
"20824","0.5633000135421753","0.5633000135421753","0.5633000135421753"
"20835","0.5636000037193298","0.5636000037193298","0.5636000037193298"
"20846","0.564300000667572","0.564300000667572","0.564300000667572"
"20857","0.5643999576568604","0.5643999576568604","0.5643999576568604"
"20868","0.5645999908447266","0.5645999908447266","0.5645999908447266"
"20879","0.5651999711990356","0.5651999711990356","0.5651999711990356"
"20890","0.5648999810218811","0.5648999810218811","0.5648999810218811"
"20901","0.5652999877929688","0.5652999877929688","0.5652999877929688"
"20912","0.5655999779701233","0.5655999779701233","0.5655999779701233"
"20923","0.5656999945640564","0.5656999945640564","0.5656999945640564"
"20934","0.5656999945640564","0.5656999945640564","0.5656999945640564"
"20945","0.5661999583244324","0.5661999583244324","0.5661999583244324"
"20956","0.5661999583244324","0.5661999583244324","0.5661999583244324"
"20967","0.56659996509552","0.56659996509552","0.56659996509552"
"20978","0.5666999816894531","0.5666999816894531","0.5666999816894531"
"20989","0.5672999620437622","0.5672999620437622","0.5672999620437622"
"21000","0.5676999688148499","0.5676999688148499","0.5676999688148499"
"21011","0.5673999786376953","0.5673999786376953","0.5673999786376953"
"21022","0.5676000118255615","0.5676000118255615","0.5676000118255615"
"21033","0.5680999755859375","0.5680999755859375","0.5680999755859375"
"21044","0.5681999921798706","0.5681999921798706","0.5681999921798706"
"21055","0.5681999921798706","0.5681999921798706","0.5681999921798706"
"21066","0.5684999823570251","0.5684999823570251","0.5684999823570251"
"21077","0.5684999823570251","0.5684999823570251","0.5684999823570251"
"21088","0.5690000057220459","0.5690000057220459","0.5690000057220459"
"21099","0.5694000124931335","0.5694000124931335","0.5694000124931335"
"21110","0.5694999694824219","0.5694999694824219","0.5694999694824219"
"21121","0.5699999928474426","0.5699999928474426","0.5699999928474426"
"21132","0.5699999928474426","0.5699999928474426","0.5699999928474426"
"21143","0.5703999996185303","0.5703999996185303","0.5703999996185303"
"21154","0.5697999596595764","0.5697999596595764","0.5697999596595764"
"21165","0.5702999830245972","0.5702999830245972","0.5702999830245972"
"21176","0.5702999830245972","0.5702999830245972","0.5702999830245972"
"21187","0.5706999897956848","0.5706999897956848","0.5706999897956848"
"21198","0.5709999799728394","0.5709999799728394","0.5709999799728394"
"21209","0.5709999799728394","0.5709999799728394","0.5709999799728394"
"21220","0.5708999633789062","0.5708999633789062","0.5708999633789062"
"21231","0.571399986743927","0.571399986743927","0.571399986743927"
"21242","0.5715999603271484","0.5715999603271484","0.5715999603271484"
"21253","0.5720999836921692","0.5720999836921692","0.5720999836921692"
"21264","0.5720999836921692","0.5720999836921692","0.5720999836921692"
"21275","0.5727999806404114","0.5727999806404114","0.5727999806404114"
"21286","0.5727999806404114","0.5727999806404114","0.5727999806404114"
"21297","0.5722999572753906","0.5722999572753906","0.5722999572753906"
"21308","0.5726000070571899","0.5726000070571899","0.5726000070571899"
"21319","0.573199987411499","0.573199987411499","0.573199987411499"
"21330","0.573199987411499","0.573199987411499","0.573199987411499"
"21341","0.5737000107765198","0.5737000107765198","0.5737000107765198"
"21352","0.5735999941825867","0.5735999941825867","0.5735999941825867"
"21363","0.5740000009536743","0.5740000009536743","0.5740000009536743"
"21374","0.5740999579429626","0.5740999579429626","0.5740999579429626"
"21385","0.5741999745368958","0.5741999745368958","0.5741999745368958"
"21396","0.5744999647140503","0.5744999647140503","0.5744999647140503"
"21407","0.5745999813079834","0.5745999813079834","0.5745999813079834"
"21418","0.5748000144958496","0.5748000144958496","0.5748000144958496"
"21429","0.5751000046730042","0.5751000046730042","0.5751000046730042"
"21440","0.5751999616622925","0.5751999616622925","0.5751999616622925"
"21451","0.5752999782562256","0.5752999782562256","0.5752999782562256"
"21462","0.5755000114440918","0.5755000114440918","0.5755000114440918"
"21473","0.5752999782562256","0.5752999782562256","0.5752999782562256"
"21484","0.5753999948501587","0.5753999948501587","0.5753999948501587"
"21495","0.5758000016212463","0.5758000016212463","0.5758000016212463"
"21506","0.5755999684333801","0.5755999684333801","0.5755999684333801"
"21517","0.5760999917984009","0.5760999917984009","0.5760999917984009"
"21528","0.5759999752044678","0.5759999752044678","0.5759999752044678"
"21539","0.5759999752044678","0.5759999752044678","0.5759999752044678"
"21550","0.5759999752044678","0.5759999752044678","0.5759999752044678"
"21561","0.576200008392334","0.576200008392334","0.576200008392334"
"21572","0.5766000151634216","0.5766000151634216","0.5766000151634216"
"21583","0.5766000151634216","0.5766000151634216","0.5766000151634216"
"21594","0.5769999623298645","0.5769999623298645","0.5769999623298645"
"21605","0.5774999856948853","0.5774999856948853","0.5774999856948853"
"21616","0.5777999758720398","0.5777999758720398","0.5777999758720398"
"21627","0.5776000022888184","0.5776000022888184","0.5776000022888184"
"21638","0.578000009059906","0.578000009059906","0.578000009059906"
"21649","0.5782999992370605","0.5782999992370605","0.5782999992370605"
"21660","0.5785999894142151","0.5785999894142151","0.5785999894142151"
"21671","0.5785999894142151","0.5785999894142151","0.5785999894142151"
"21682","0.5787000060081482","0.5787000060081482","0.5787000060081482"
"21693","0.5788999795913696","0.5788999795913696","0.5788999795913696"
"21704","0.5794999599456787","0.5794999599456787","0.5794999599456787"
"21715","0.5796999931335449","0.5796999931335449","0.5796999931335449"
"21726","0.579800009727478","0.579800009727478","0.579800009727478"
"21737","0.5798999667167664","0.5798999667167664","0.5798999667167664"
"21748","0.5806999802589417","0.5806999802589417","0.5806999802589417"
"21759","0.5805999636650085","0.5805999636650085","0.5805999636650085"
"21770","0.5807999968528748","0.5807999968528748","0.5807999968528748"
"21781","0.5810999870300293","0.5810999870300293","0.5810999870300293"
"21792","0.5816999673843384","0.5816999673843384","0.5816999673843384"
"21803","0.5817999839782715","0.5817999839782715","0.5817999839782715"
"21814","0.5821999907493591","0.5821999907493591","0.5821999907493591"
"21825","0.5819999575614929","0.5819999575614929","0.5819999575614929"
"21836","0.5821999907493591","0.5821999907493591","0.5821999907493591"
"21847","0.582099974155426","0.582099974155426","0.582099974155426"
"21858","0.5823000073432922","0.5823000073432922","0.5823000073432922"
"21869","0.5821999907493591","0.5821999907493591","0.5821999907493591"
"21880","0.5824999809265137","0.5824999809265137","0.5824999809265137"
"21891","0.5827999711036682","0.5827999711036682","0.5827999711036682"
"21902","0.5830000042915344","0.5830000042915344","0.5830000042915344"
"21913","0.5827999711036682","0.5827999711036682","0.5827999711036682"
"21924","0.5827999711036682","0.5827999711036682","0.5827999711036682"
"21935","0.5827999711036682","0.5827999711036682","0.5827999711036682"
"21946","0.5831999778747559","0.5831999778747559","0.5831999778747559"
"21957","0.5835999846458435","0.5835999846458435","0.5835999846458435"
"21968","0.5837000012397766","0.5837000012397766","0.5837000012397766"
"21979","0.5841999650001526","0.5841999650001526","0.5841999650001526"
"21990","0.5845000147819519","0.5845000147819519","0.5845000147819519"
"22001","0.5845999717712402","0.5845999717712402","0.5845999717712402"
"22012","0.5849999785423279","0.5849999785423279","0.5849999785423279"
"22023","0.5852000117301941","0.5852000117301941","0.5852000117301941"
"22034","0.5853999853134155","0.5853999853134155","0.5853999853134155"
"22045","0.5856999754905701","0.5856999754905701","0.5856999754905701"
"22056","0.5856999754905701","0.5856999754905701","0.5856999754905701"
"22067","0.5859999656677246","0.5859999656677246","0.5859999656677246"
"22078","0.5864999890327454","0.5864999890327454","0.5864999890327454"
"22089","0.5863999724388123","0.5863999724388123","0.5863999724388123"
"22100","0.5870000123977661","0.5870000123977661","0.5870000123977661"
"22111","0.5870000123977661","0.5870000123977661","0.5870000123977661"
"22122","0.587399959564209","0.587399959564209","0.587399959564209"
"22133","0.5874999761581421","0.5874999761581421","0.5874999761581421"
"22144","0.5874999761581421","0.5874999761581421","0.5874999761581421"
"22155","0.5875999927520752","0.5875999927520752","0.5875999927520752"
"22166","0.5878999829292297","0.5878999829292297","0.5878999829292297"
"22177","0.5881999731063843","0.5881999731063843","0.5881999731063843"
"22188","0.5881999731063843","0.5881999731063843","0.5881999731063843"
"22199","0.5882999897003174","0.5882999897003174","0.5882999897003174"
"22210","0.5884000062942505","0.5884000062942505","0.5884000062942505"
"22221","0.588699996471405","0.588699996471405","0.588699996471405"
"22232","0.5884999632835388","0.5884999632835388","0.5884999632835388"
"22243","0.589199960231781","0.589199960231781","0.589199960231781"
"22254","0.5895999670028687","0.5895999670028687","0.5895999670028687"
"22265","0.5893999934196472","0.5893999934196472","0.5893999934196472"
"22276","0.5893999934196472","0.5893999934196472","0.5893999934196472"
"22287","0.5895000100135803","0.5895000100135803","0.5895000100135803"
"22298","0.5898999571800232","0.5898999571800232","0.5898999571800232"
"22309","0.5902000069618225","0.5902000069618225","0.5902000069618225"
"22320","0.590399980545044","0.590399980545044","0.590399980545044"
"22331","0.5906999707221985","0.5906999707221985","0.5906999707221985"
"22342","0.5910999774932861","0.5910999774932861","0.5910999774932861"
"22353","0.5913999676704407","0.5913999676704407","0.5913999676704407"
"22364","0.5914999842643738","0.5914999842643738","0.5914999842643738"
"22375","0.5918999910354614","0.5918999910354614","0.5918999910354614"
"22386","0.5918999910354614","0.5918999910354614","0.5918999910354614"
"22397","0.5922999978065491","0.5922999978065491","0.5922999978065491"
"22408","0.5922999978065491","0.5922999978065491","0.5922999978065491"
"22419","0.5924000144004822","0.5924000144004822","0.5924000144004822"
"22430","0.5924000144004822","0.5924000144004822","0.5924000144004822"
"22441","0.5924999713897705","0.5924999713897705","0.5924999713897705"
"22452","0.592799961566925","0.592799961566925","0.592799961566925"
"22463","0.5932999849319458","0.5932999849319458","0.5932999849319458"
"22474","0.5932999849319458","0.5932999849319458","0.5932999849319458"
"22485","0.5934999585151672","0.5934999585151672","0.5934999585151672"
"22496","0.5934000015258789","0.5934000015258789","0.5934000015258789"
"22507","0.5938000082969666","0.5938000082969666","0.5938000082969666"
"22518","0.5938999652862549","0.5938999652862549","0.5938999652862549"
"22529","0.5938999652862549","0.5938999652862549","0.5938999652862549"
"22540","0.5940999984741211","0.5940999984741211","0.5940999984741211"
"22551","0.5942999720573425","0.5942999720573425","0.5942999720573425"
"22562","0.5942999720573425","0.5942999720573425","0.5942999720573425"
"22573","0.5946999788284302","0.5946999788284302","0.5946999788284302"
"22584","0.5946999788284302","0.5946999788284302","0.5946999788284302"
"22595","0.5952999591827393","0.5952999591827393","0.5952999591827393"
"22606","0.5952999591827393","0.5952999591827393","0.5952999591827393"
"22617","0.5954999923706055","0.5954999923706055","0.5954999923706055"
"22628","0.5956000089645386","0.5956000089645386","0.5956000089645386"
"22639","0.59579998254776","0.59579998254776","0.59579998254776"
"22650","0.5961999893188477","0.5961999893188477","0.5961999893188477"
"22661","0.5967999696731567","0.5967999696731567","0.5967999696731567"
"22672","0.5967000126838684","0.5967000126838684","0.5967000126838684"
"22683","0.597000002861023","0.597000002861023","0.597000002861023"
"22694","0.5968999862670898","0.5968999862670898","0.5968999862670898"
"22705","0.5972999930381775","0.5972999930381775","0.5972999930381775"
"22716","0.5977999567985535","0.5977999567985535","0.5977999567985535"
"22727","0.5977999567985535","0.5977999567985535","0.5977999567985535"
"22738","0.5983999967575073","0.5983999967575073","0.5983999967575073"
"22749","0.5985999703407288","0.5985999703407288","0.5985999703407288"
"22760","0.5988999605178833","0.5988999605178833","0.5988999605178833"
"22771","0.599299967288971","0.599299967288971","0.599299967288971"
"22782","0.599399983882904","0.599399983882904","0.599399983882904"
"22793","0.599299967288971","0.599299967288971","0.599299967288971"
"22804","0.599299967288971","0.599299967288971","0.599299967288971"
"22815","0.599399983882904","0.599399983882904","0.599399983882904"
"22826","0.5999999642372131","0.5999999642372131","0.5999999642372131"
"22837","0.6003000140190125","0.6003000140190125","0.6003000140190125"
"22848","0.6003000140190125","0.6003000140190125","0.6003000140190125"
"22859","0.6003000140190125","0.6003000140190125","0.6003000140190125"
"22870","0.6003000140190125","0.6003000140190125","0.6003000140190125"
"22881","0.6004999876022339","0.6004999876022339","0.6004999876022339"
"22892","0.6004999876022339","0.6004999876022339","0.6004999876022339"
"22903","0.6008999943733215","0.6008999943733215","0.6008999943733215"
"22914","0.6007999777793884","0.6007999777793884","0.6007999777793884"
"22925","0.6011999845504761","0.6011999845504761","0.6011999845504761"
"22936","0.6011999845504761","0.6011999845504761","0.6011999845504761"
"22947","0.6013999581336975","0.6013999581336975","0.6013999581336975"
"22958","0.6017000079154968","0.6017000079154968","0.6017000079154968"
"22969","0.6017000079154968","0.6017000079154968","0.6017000079154968"
"22980","0.6017999649047852","0.6017999649047852","0.6017999649047852"
"22991","0.6018999814987183","0.6018999814987183","0.6018999814987183"
"23002","0.6019999980926514","0.6019999980926514","0.6019999980926514"
"23013","0.602400004863739","0.602400004863739","0.602400004863739"
"23024","0.602400004863739","0.602400004863739","0.602400004863739"
"23035","0.6025999784469604","0.6025999784469604","0.6025999784469604"
"23046","0.6031999588012695","0.6031999588012695","0.6031999588012695"
"23057","0.6032999753952026","0.6032999753952026","0.6032999753952026"
"23068","0.6036999821662903","0.6036999821662903","0.6036999821662903"
"23079","0.6040999889373779","0.6040999889373779","0.6040999889373779"
"23090","0.604200005531311","0.604200005531311","0.604200005531311"
"23101","0.6042999625205994","0.6042999625205994","0.6042999625205994"
"23112","0.604699969291687","0.604699969291687","0.604699969291687"
"23123","0.6051999926567078","0.6051999926567078","0.6051999926567078"
"23134","0.6050999760627747","0.6050999760627747","0.6050999760627747"
"23145","0.6056999564170837","0.6056999564170837","0.6056999564170837"
"23156","0.60589998960495","0.60589998960495","0.60589998960495"
"23167","0.60589998960495","0.60589998960495","0.60589998960495"
"23178","0.6060000061988831","0.6060000061988831","0.6060000061988831"
"23189","0.6056999564170837","0.6056999564170837","0.6056999564170837"
"23200","0.6056999564170837","0.6056999564170837","0.6056999564170837"
"23211","0.6060999631881714","0.6060999631881714","0.6060999631881714"
"23222","0.6062999963760376","0.6062999963760376","0.6062999963760376"
"23233","0.6067000031471252","0.6067000031471252","0.6067000031471252"
"23244","0.6067000031471252","0.6067000031471252","0.6067000031471252"
"23255","0.6069999933242798","0.6069999933242798","0.6069999933242798"
"23266","0.6071999669075012","0.6071999669075012","0.6071999669075012"
"23277","0.607699990272522","0.607699990272522","0.607699990272522"
"23288","0.6078000068664551","0.6078000068664551","0.6078000068664551"
"23299","0.6079999804496765","0.6079999804496765","0.6079999804496765"
"23310","0.6080999970436096","0.6080999970436096","0.6080999970436096"
"23321","0.6083999872207642","0.6083999872207642","0.6083999872207642"
"23332","0.6082000136375427","0.6082000136375427","0.6082000136375427"
"23343","0.6085000038146973","0.6085000038146973","0.6085000038146973"
"23354","0.6086999773979187","0.6086999773979187","0.6086999773979187"
"23365","0.6087999939918518","0.6087999939918518","0.6087999939918518"
"23376","0.6092999577522278","0.6092999577522278","0.6092999577522278"
"23387","0.6096000075340271","0.6096000075340271","0.6096000075340271"
"23398","0.6097999811172485","0.6097999811172485","0.6097999811172485"
"23409","0.6101999878883362","0.6101999878883362","0.6101999878883362"
"23420","0.6101999878883362","0.6101999878883362","0.6101999878883362"
"23431","0.6104999780654907","0.6104999780654907","0.6104999780654907"
"23442","0.6104999780654907","0.6104999780654907","0.6104999780654907"
"23453","0.6110000014305115","0.6110000014305115","0.6110000014305115"
"23464","0.6114000082015991","0.6114000082015991","0.6114000082015991"
"23475","0.6115999817848206","0.6115999817848206","0.6115999817848206"
"23486","0.6114999651908875","0.6114999651908875","0.6114999651908875"
"23497","0.6114000082015991","0.6114000082015991","0.6114000082015991"
"23508","0.6118999719619751","0.6118999719619751","0.6118999719619751"
"23519","0.611799955368042","0.611799955368042","0.611799955368042"
"23530","0.6121000051498413","0.6121000051498413","0.6121000051498413"
"23541","0.6118999719619751","0.6118999719619751","0.6118999719619751"
"23552","0.612500011920929","0.612500011920929","0.612500011920929"
"23563","0.6123999953269958","0.6123999953269958","0.6123999953269958"
"23574","0.612500011920929","0.612500011920929","0.612500011920929"
"23585","0.613099992275238","0.613099992275238","0.613099992275238"
"23596","0.613099992275238","0.613099992275238","0.613099992275238"
"23607","0.6133999824523926","0.6133999824523926","0.6133999824523926"
"23618","0.6134999990463257","0.6134999990463257","0.6134999990463257"
"23629","0.6136999726295471","0.6136999726295471","0.6136999726295471"
"23640","0.613599956035614","0.613599956035614","0.613599956035614"
"23651","0.6139000058174133","0.6139000058174133","0.6139000058174133"
"23662","0.6146999597549438","0.6146999597549438","0.6146999597549438"
"23673","0.6152999997138977","0.6152999997138977","0.6152999997138977"
"23684","0.6155999898910522","0.6155999898910522","0.6155999898910522"
"23695","0.6155999898910522","0.6155999898910522","0.6155999898910522"
"23706","0.6158999800682068","0.6158999800682068","0.6158999800682068"
"23717","0.616100013256073","0.616100013256073","0.616100013256073"
"23728","0.6161999702453613","0.6161999702453613","0.6161999702453613"
"23739","0.616100013256073","0.616100013256073","0.616100013256073"
"23750","0.6164000034332275","0.6164000034332275","0.6164000034332275"
"23761","0.6162999868392944","0.6162999868392944","0.6162999868392944"
"23772","0.616599977016449","0.616599977016449","0.616599977016449"
"23783","0.6166999936103821","0.6166999936103821","0.6166999936103821"
"23794","0.6168000102043152","0.6168000102043152","0.6168000102043152"
"23805","0.6169999837875366","0.6169999837875366","0.6169999837875366"
"23816","0.6173999905586243","0.6173999905586243","0.6173999905586243"
"23827","0.6175000071525574","0.6175000071525574","0.6175000071525574"
"23838","0.6177999973297119","0.6177999973297119","0.6177999973297119"
"23849","0.6177999973297119","0.6177999973297119","0.6177999973297119"
"23860","0.6182999610900879","0.6182999610900879","0.6182999610900879"
"23871","0.6184999942779541","0.6184999942779541","0.6184999942779541"
"23882","0.6184999942779541","0.6184999942779541","0.6184999942779541"
"23893","0.6186000108718872","0.6186000108718872","0.6186000108718872"
"23904","0.6186999678611755","0.6186999678611755","0.6186999678611755"
"23915","0.6190999746322632","0.6190999746322632","0.6190999746322632"
"23926","0.6190999746322632","0.6190999746322632","0.6190999746322632"
"23937","0.6193000078201294","0.6193000078201294","0.6193000078201294"
"23948","0.6194999814033508","0.6194999814033508","0.6194999814033508"
"23959","0.6198999881744385","0.6198999881744385","0.6198999881744385"
"23970","0.6198999881744385","0.6198999881744385","0.6198999881744385"
"23981","0.6200999617576599","0.6200999617576599","0.6200999617576599"
"23992","0.6200999617576599","0.6200999617576599","0.6200999617576599"
"24003","0.6202999949455261","0.6202999949455261","0.6202999949455261"
"24014","0.6205999851226807","0.6205999851226807","0.6205999851226807"
"24025","0.6205999851226807","0.6205999851226807","0.6205999851226807"
"24036","0.6207999587059021","0.6207999587059021","0.6207999587059021"
"24047","0.6211999654769897","0.6211999654769897","0.6211999654769897"
"24058","0.6216999888420105","0.6216999888420105","0.6216999888420105"
"24069","0.6218000054359436","0.6218000054359436","0.6218000054359436"
"24080","0.6218999624252319","0.6218999624252319","0.6218999624252319"
"24091","0.621999979019165","0.621999979019165","0.621999979019165"
"24102","0.6223999857902527","0.6223999857902527","0.6223999857902527"
"24113","0.6226999759674072","0.6226999759674072","0.6226999759674072"
"24124","0.623199999332428","0.623199999332428","0.623199999332428"
"24135","0.6234999895095825","0.6234999895095825","0.6234999895095825"
"24146","0.6233999729156494","0.6233999729156494","0.6233999729156494"
"24157","0.6237999796867371","0.6237999796867371","0.6237999796867371"
"24168","0.6243000030517578","0.6243000030517578","0.6243000030517578"
"24179","0.6247000098228455","0.6247000098228455","0.6247000098228455"
"24190","0.6247999668121338","0.6247999668121338","0.6247999668121338"
"24201","0.625","0.625","0.625"
"24212","0.625","0.625","0.625"
"24223","0.6251999735832214","0.6251999735832214","0.6251999735832214"
"24234","0.6256999969482422","0.6256999969482422","0.6256999969482422"
"24245","0.6258999705314636","0.6258999705314636","0.6258999705314636"
"24256","0.6261000037193298","0.6261000037193298","0.6261000037193298"
"24267","0.6261999607086182","0.6261999607086182","0.6261999607086182"
"24278","0.6262999773025513","0.6262999773025513","0.6262999773025513"
"24289","0.6269999742507935","0.6269999742507935","0.6269999742507935"
"24300","0.6266999840736389","0.6266999840736389","0.6266999840736389"
"24311","0.6269999742507935","0.6269999742507935","0.6269999742507935"
"24322","0.627299964427948","0.627299964427948","0.627299964427948"
"24333","0.6274999976158142","0.6274999976158142","0.6274999976158142"
"24344","0.6275999546051025","0.6275999546051025","0.6275999546051025"
"24355","0.6277999877929688","0.6277999877929688","0.6277999877929688"
"24366","0.6283999681472778","0.6283999681472778","0.6283999681472778"
"24377","0.6288999915122986","0.6288999915122986","0.6288999915122986"
"24388","0.6287999749183655","0.6287999749183655","0.6287999749183655"
"24399","0.62909996509552","0.62909996509552","0.62909996509552"
"24410","0.6295999884605408","0.6295999884605408","0.6295999884605408"
"24421","0.6297999620437622","0.6297999620437622","0.6297999620437622"
"24432","0.6301000118255615","0.6301000118255615","0.6301000118255615"
"24443","0.6308000087738037","0.6308000087738037","0.6308000087738037"
"24454","0.6309999823570251","0.6309999823570251","0.6309999823570251"
"24465","0.6312999725341797","0.6312999725341797","0.6312999725341797"
"24476","0.6315999627113342","0.6315999627113342","0.6315999627113342"
"24487","0.6322000026702881","0.6322000026702881","0.6322000026702881"
"24498","0.6323999762535095","0.6323999762535095","0.6323999762535095"
"24509","0.6329999566078186","0.6329999566078186","0.6329999566078186"
"24520","0.6330999732017517","0.6330999732017517","0.6330999732017517"
"24531","0.6330999732017517","0.6330999732017517","0.6330999732017517"
"24542","0.6337000131607056","0.6337000131607056","0.6337000131607056"
"24553","0.633899986743927","0.633899986743927","0.633899986743927"
"24564","0.6341999769210815","0.6341999769210815","0.6341999769210815"
"24575","0.6340000033378601","0.6340000033378601","0.6340000033378601"
"24586","0.6344999670982361","0.6344999670982361","0.6344999670982361"
"24597","0.6344999670982361","0.6344999670982361","0.6344999670982361"
"24608","0.6347999572753906","0.6347999572753906","0.6347999572753906"
"24619","0.6349999904632568","0.6349999904632568","0.6349999904632568"
"24630","0.6351000070571899","0.6351000070571899","0.6351000070571899"
"24641","0.635699987411499","0.635699987411499","0.635699987411499"
"24652","0.6359999775886536","0.6359999775886536","0.6359999775886536"
"24663","0.6362000107765198","0.6362000107765198","0.6362000107765198"
"24674","0.6362000107765198","0.6362000107765198","0.6362000107765198"
"24685","0.6365000009536743","0.6365000009536743","0.6365000009536743"
"24696","0.6363999843597412","0.6363999843597412","0.6363999843597412"
"24707","0.636900007724762","0.636900007724762","0.636900007724762"
"24718","0.6372999548912048","0.6372999548912048","0.6372999548912048"
"24729","0.6376000046730042","0.6376000046730042","0.6376000046730042"
"24740","0.6377999782562256","0.6377999782562256","0.6377999782562256"
"24751","0.6380000114440918","0.6380000114440918","0.6380000114440918"
"24762","0.6380000114440918","0.6380000114440918","0.6380000114440918"
"24773","0.6383000016212463","0.6383000016212463","0.6383000016212463"
"24784","0.6383000016212463","0.6383000016212463","0.6383000016212463"
"24795","0.6384999752044678","0.6384999752044678","0.6384999752044678"
"24806","0.6388999819755554","0.6388999819755554","0.6388999819755554"
"24817","0.6392999887466431","0.6392999887466431","0.6392999887466431"
"24828","0.6394999623298645","0.6394999623298645","0.6394999623298645"
"24839","0.6394000053405762","0.6394000053405762","0.6394000053405762"
"24850","0.6396999955177307","0.6396999955177307","0.6396999955177307"
"24861","0.6401999592781067","0.6401999592781067","0.6401999592781067"
"24872","0.6401999592781067","0.6401999592781067","0.6401999592781067"
"24883","0.6405999660491943","0.6405999660491943","0.6405999660491943"
"24894","0.640500009059906","0.640500009059906","0.640500009059906"
"24905","0.6408999562263489","0.6408999562263489","0.6408999562263489"
"24916","0.640999972820282","0.640999972820282","0.640999972820282"
"24927","0.6410999894142151","0.6410999894142151","0.6410999894142151"
"24938","0.6414999961853027","0.6414999961853027","0.6414999961853027"
"24949","0.6416999697685242","0.6416999697685242","0.6416999697685242"
"24960","0.6416999697685242","0.6416999697685242","0.6416999697685242"
"24971","0.6416000127792358","0.6416000127792358","0.6416000127792358"
"24982","0.6419000029563904","0.6419000029563904","0.6419000029563904"
"24993","0.6419000029563904","0.6419000029563904","0.6419000029563904"
"25004","0.6423999667167664","0.6423999667167664","0.6423999667167664"
"25015","0.6424999833106995","0.6424999833106995","0.6424999833106995"
"25026","0.6424999833106995","0.6424999833106995","0.6424999833106995"
"25037","0.6425999999046326","0.6425999999046326","0.6425999999046326"
"25048","0.6423999667167664","0.6423999667167664","0.6423999667167664"
"25059","0.6426999568939209","0.6426999568939209","0.6426999568939209"
"25070","0.6431999802589417","0.6431999802589417","0.6431999802589417"
"25081","0.6434999704360962","0.6434999704360962","0.6434999704360962"
"25092","0.6435999870300293","0.6435999870300293","0.6435999870300293"
"25103","0.6435999870300293","0.6435999870300293","0.6435999870300293"
"25114","0.6441999673843384","0.6441999673843384","0.6441999673843384"
"25125","0.6444999575614929","0.6444999575614929","0.6444999575614929"
"25136","0.6448000073432922","0.6448000073432922","0.6448000073432922"
"25147","0.6449999809265137","0.6449999809265137","0.6449999809265137"
"25158","0.6453999876976013","0.6453999876976013","0.6453999876976013"
"25169","0.6455999612808228","0.6455999612808228","0.6455999612808228"
"25180","0.6460999846458435","0.6460999846458435","0.6460999846458435"
"25191","0.6460999846458435","0.6460999846458435","0.6460999846458435"
"25202","0.6460999846458435","0.6460999846458435","0.6460999846458435"
"25213","0.6467999815940857","0.6467999815940857","0.6467999815940857"
"25224","0.6470999717712402","0.6470999717712402","0.6470999717712402"
"25235","0.6473000049591064","0.6473000049591064","0.6473000049591064"
"25246","0.6480000019073486","0.6480000019073486","0.6480000019073486"
"25257","0.6484000086784363","0.6484000086784363","0.6484000086784363"
"25268","0.6489999890327454","0.6489999890327454","0.6489999890327454"
"25279","0.6487999558448792","0.6487999558448792","0.6487999558448792"
"25290","0.6486999988555908","0.6486999988555908","0.6486999988555908"
"25301","0.6487999558448792","0.6487999558448792","0.6487999558448792"
"25312","0.6491999626159668","0.6491999626159668","0.6491999626159668"
"25323","0.649399995803833","0.649399995803833","0.649399995803833"
"25334","0.6496999859809875","0.6496999859809875","0.6496999859809875"
"25345","0.6496999859809875","0.6496999859809875","0.6496999859809875"
"25356","0.6502000093460083","0.6502000093460083","0.6502000093460083"
"25367","0.6500999927520752","0.6500999927520752","0.6500999927520752"
"25378","0.6504999995231628","0.6504999995231628","0.6504999995231628"
"25389","0.6507999897003174","0.6507999897003174","0.6507999897003174"
"25400","0.6509999632835388","0.6509999632835388","0.6509999632835388"
"25411","0.6514999866485596","0.6514999866485596","0.6514999866485596"
"25422","0.6516000032424927","0.6516000032424927","0.6516000032424927"
"25433","0.6517999768257141","0.6517999768257141","0.6517999768257141"
"25444","0.6518999934196472","0.6518999934196472","0.6518999934196472"
"25455","0.6520000100135803","0.6520000100135803","0.6520000100135803"
"25466","0.6520999670028687","0.6520999670028687","0.6520999670028687"
"25477","0.6523000001907349","0.6523000001907349","0.6523000001907349"
"25488","0.6527000069618225","0.6527000069618225","0.6527000069618225"
"25499","0.6527000069618225","0.6527000069618225","0.6527000069618225"
"25510","0.652999997138977","0.652999997138977","0.652999997138977"
"25521","0.6541000008583069","0.6541000008583069","0.6541000008583069"
"25532","0.6539999842643738","0.6539999842643738","0.6539999842643738"
"25543","0.6541999578475952","0.6541999578475952","0.6541999578475952"
"25554","0.6548999547958374","0.6548999547958374","0.6548999547958374"
"25565","0.6549999713897705","0.6549999713897705","0.6549999713897705"
"25576","0.6547999978065491","0.6547999978065491","0.6547999978065491"
"25587","0.6550999879837036","0.6550999879837036","0.6550999879837036"
"25598","0.6556999683380127","0.6556999683380127","0.6556999683380127"
"25609","0.6560999751091003","0.6560999751091003","0.6560999751091003"
"25620","0.6556999683380127","0.6556999683380127","0.6556999683380127"
"25631","0.656499981880188","0.656499981880188","0.656499981880188"
"25642","0.6565999984741211","0.6565999984741211","0.6565999984741211"
"25653","0.6567999720573425","0.6567999720573425","0.6567999720573425"
"25664","0.6570999622344971","0.6570999622344971","0.6570999622344971"
"25675","0.6567999720573425","0.6567999720573425","0.6567999720573425"
"25686","0.6572999954223633","0.6572999954223633","0.6572999954223633"
"25697","0.6574999690055847","0.6574999690055847","0.6574999690055847"
"25708","0.6577000021934509","0.6577000021934509","0.6577000021934509"
"25719","0.6578999757766724","0.6578999757766724","0.6578999757766724"
"25730","0.6581999659538269","0.6581999659538269","0.6581999659538269"
"25741","0.65829998254776","0.65829998254776","0.65829998254776"
"25752","0.6586999893188477","0.6586999893188477","0.6586999893188477"
"25763","0.6583999991416931","0.6583999991416931","0.6583999991416931"
"25774","0.6588999629020691","0.6588999629020691","0.6588999629020691"
"25785","0.6589999794960022","0.6589999794960022","0.6589999794960022"
"25796","0.6592999696731567","0.6592999696731567","0.6592999696731567"
"25807","0.6592000126838684","0.6592000126838684","0.6592000126838684"
"25818","0.6596999764442444","0.6596999764442444","0.6596999764442444"
"25829","0.6599999666213989","0.6599999666213989","0.6599999666213989"
"25840","0.6601999998092651","0.6601999998092651","0.6601999998092651"
"25851","0.6601999998092651","0.6601999998092651","0.6601999998092651"
"25862","0.6603999733924866","0.6603999733924866","0.6603999733924866"
"25873","0.6602999567985535","0.6602999567985535","0.6602999567985535"
"25884","0.6606000065803528","0.6606000065803528","0.6606000065803528"
"25895","0.6607999801635742","0.6607999801635742","0.6607999801635742"
"25906","0.6610999703407288","0.6610999703407288","0.6610999703407288"
"25917","0.6610999703407288","0.6610999703407288","0.6610999703407288"
"25928","0.661300003528595","0.661300003528595","0.661300003528595"
"25939","0.6621999740600586","0.6621999740600586","0.6621999740600586"
"25950","0.6620000004768372","0.6620000004768372","0.6620000004768372"
"25961","0.6624999642372131","0.6624999642372131","0.6624999642372131"
"25972","0.6627999544143677","0.6627999544143677","0.6627999544143677"
"25983","0.663100004196167","0.663100004196167","0.663100004196167"
"25994","0.663599967956543","0.663599967956543","0.663599967956543"
"26005","0.6639999747276306","0.6639999747276306","0.6639999747276306"
"26016","0.6644999980926514","0.6644999980926514","0.6644999980926514"
"26027","0.6642999649047852","0.6642999649047852","0.6642999649047852"
"26038","0.6645999550819397","0.6645999550819397","0.6645999550819397"
"26049","0.6651999950408936","0.6651999950408936","0.6651999950408936"
"26060","0.6654999852180481","0.6654999852180481","0.6654999852180481"
"26071","0.6654999852180481","0.6654999852180481","0.6654999852180481"
"26082","0.6654999852180481","0.6654999852180481","0.6654999852180481"
"26093","0.6658999919891357","0.6658999919891357","0.6658999919891357"
"26104","0.6660999655723572","0.6660999655723572","0.6660999655723572"
"26115","0.6661999821662903","0.6661999821662903","0.6661999821662903"
"26126","0.6663999557495117","0.6663999557495117","0.6663999557495117"
"26137","0.6664999723434448","0.6664999723434448","0.6664999723434448"
"26148","0.666700005531311","0.666700005531311","0.666700005531311"
"26159","0.667199969291687","0.667199969291687","0.667199969291687"
"26170","0.6672999858856201","0.6672999858856201","0.6672999858856201"
"26181","0.6678999662399292","0.6678999662399292","0.6678999662399292"
"26192","0.6679999828338623","0.6679999828338623","0.6679999828338623"
"26203","0.6685000061988831","0.6685000061988831","0.6685000061988831"
"26214","0.668999969959259","0.668999969959259","0.668999969959259"
"26225","0.6690999865531921","0.6690999865531921","0.6690999865531921"
"26236","0.6694999933242798","0.6694999933242798","0.6694999933242798"
"26247","0.6697999835014343","0.6697999835014343","0.6697999835014343"
"26258","0.6694999933242798","0.6694999933242798","0.6694999933242798"
"26269","0.6696999669075012","0.6696999669075012","0.6696999669075012"
"26280","0.670199990272522","0.670199990272522","0.670199990272522"
"26291","0.670699954032898","0.670699954032898","0.670699954032898"
"26302","0.6710999608039856","0.6710999608039856","0.6710999608039856"
"26313","0.6714999675750732","0.6714999675750732","0.6714999675750732"
"26324","0.671999990940094","0.671999990940094","0.671999990940094"
"26335","0.6718999743461609","0.6718999743461609","0.6718999743461609"
"26346","0.67249995470047","0.67249995470047","0.67249995470047"
"26357","0.6725999712944031","0.6725999712944031","0.6725999712944031"
"26368","0.6728999614715576","0.6728999614715576","0.6728999614715576"
"26379","0.6732000112533569","0.6732000112533569","0.6732000112533569"
"26390","0.6739000082015991","0.6739000082015991","0.6739000082015991"
"26401","0.6741999983787537","0.6741999983787537","0.6741999983787537"
"26412","0.675000011920929","0.675000011920929","0.675000011920929"
"26423","0.6753999590873718","0.6753999590873718","0.6753999590873718"
"26434","0.6753000020980835","0.6753000020980835","0.6753000020980835"
"26445","0.675599992275238","0.675599992275238","0.675599992275238"
"26456","0.6761999726295471","0.6761999726295471","0.6761999726295471"
"26467","0.6765999794006348","0.6765999794006348","0.6765999794006348"
"26478","0.6768999695777893","0.6768999695777893","0.6768999695777893"
"26489","0.6768999695777893","0.6768999695777893","0.6768999695777893"
"26500","0.677299976348877","0.677299976348877","0.677299976348877"
"26511","0.6779999732971191","0.6779999732971191","0.6779999732971191"
"26522","0.6782999634742737","0.6782999634742737","0.6782999634742737"
"26533","0.6785999536514282","0.6785999536514282","0.6785999536514282"
"26544","0.6785999536514282","0.6785999536514282","0.6785999536514282"
"26555","0.6789999604225159","0.6789999604225159","0.6789999604225159"
"26566","0.6791999936103821","0.6791999936103821","0.6791999936103821"
"26577","0.6794999837875366","0.6794999837875366","0.6794999837875366"
"26588","0.6797999739646912","0.6797999739646912","0.6797999739646912"
"26599","0.6800000071525574","0.6800000071525574","0.6800000071525574"
"26610","0.6801999807357788","0.6801999807357788","0.6801999807357788"
"26621","0.6803999543190002","0.6803999543190002","0.6803999543190002"
"26632","0.6807000041007996","0.6807000041007996","0.6807000041007996"
"26643","0.6811999678611755","0.6811999678611755","0.6811999678611755"
"26654","0.6818000078201294","0.6818000078201294","0.6818000078201294"
"26665","0.6819999814033508","0.6819999814033508","0.6819999814033508"
"26676","0.6819999814033508","0.6819999814033508","0.6819999814033508"
"26687","0.6822999715805054","0.6822999715805054","0.6822999715805054"
"26698","0.682699978351593","0.682699978351593","0.682699978351593"
"26709","0.6837999820709229","0.6837999820709229","0.6837999820709229"
"26720","0.6841999888420105","0.6841999888420105","0.6841999888420105"
"26731","0.6843999624252319","0.6843999624252319","0.6843999624252319"
"26742","0.6847999691963196","0.6847999691963196","0.6847999691963196"
"26753","0.6850999593734741","0.6850999593734741","0.6850999593734741"
"26764","0.6855999827384949","0.6855999827384949","0.6855999827384949"
"26775","0.6861000061035156","0.6861000061035156","0.6861000061035156"
"26786","0.6863999962806702","0.6863999962806702","0.6863999962806702"
"26797","0.6865999698638916","0.6865999698638916","0.6865999698638916"
"26808","0.6868000030517578","0.6868000030517578","0.6868000030517578"
"26819","0.6868999600410461","0.6868999600410461","0.6868999600410461"
"26830","0.6872999668121338","0.6872999668121338","0.6872999668121338"
"26841","0.6875","0.6875","0.6875"
"26852","0.6877999901771545","0.6877999901771545","0.6877999901771545"
"26863","0.6880999803543091","0.6880999803543091","0.6880999803543091"
"26874","0.6883999705314636","0.6883999705314636","0.6883999705314636"
"26885","0.6884999871253967","0.6884999871253967","0.6884999871253967"
"26896","0.6886000037193298","0.6886000037193298","0.6886000037193298"
"26907","0.6890000104904175","0.6890000104904175","0.6890000104904175"
"26918","0.689300000667572","0.689300000667572","0.689300000667572"
"26929","0.6895999908447266","0.6895999908447266","0.6895999908447266"
"26940","0.689799964427948","0.689799964427948","0.689799964427948"
"26951","0.6901999711990356","0.6901999711990356","0.6901999711990356"
"26962","0.6904000043869019","0.6904000043869019","0.6904000043869019"
"26973","0.6908000111579895","0.6908000111579895","0.6908000111579895"
"26984","0.691100001335144","0.691100001335144","0.691100001335144"
"26995","0.6913999915122986","0.6913999915122986","0.6913999915122986"
"27006","0.69159996509552","0.69159996509552","0.69159996509552"
"27017","0.6917999982833862","0.6917999982833862","0.6917999982833862"
"27028","0.6922000050544739","0.6922000050544739","0.6922000050544739"
"27039","0.6922000050544739","0.6922000050544739","0.6922000050544739"
"27050","0.6923999786376953","0.6923999786376953","0.6923999786376953"
"27061","0.6923999786376953","0.6923999786376953","0.6923999786376953"
"27072","0.6926999688148499","0.6926999688148499","0.6926999688148499"
"27083","0.6929000020027161","0.6929000020027161","0.6929000020027161"
"27094","0.6934999823570251","0.6934999823570251","0.6934999823570251"
"27105","0.6936999559402466","0.6936999559402466","0.6936999559402466"
"27116","0.6938999891281128","0.6938999891281128","0.6938999891281128"
"27127","0.6940999627113342","0.6940999627113342","0.6940999627113342"
"27138","0.6941999793052673","0.6941999793052673","0.6941999793052673"
"27149","0.6944999694824219","0.6944999694824219","0.6944999694824219"
"27160","0.6948999762535095","0.6948999762535095","0.6948999762535095"
"27171","0.6948999762535095","0.6948999762535095","0.6948999762535095"
"27182","0.6953999996185303","0.6953999996185303","0.6953999996185303"
"27193","0.6956999897956848","0.6956999897956848","0.6956999897956848"
"27204","0.6958999633789062","0.6958999633789062","0.6958999633789062"
"27215","0.6959999799728394","0.6959999799728394","0.6959999799728394"
"27226","0.696399986743927","0.696399986743927","0.696399986743927"
"27237","0.6969000101089478","0.6969000101089478","0.6969000101089478"
"27248","0.6970999836921692","0.6970999836921692","0.6970999836921692"
"27259","0.6978999972343445","0.6978999972343445","0.6978999972343445"
"27270","0.6976999640464783","0.6976999640464783","0.6976999640464783"
"27281","0.6983000040054321","0.6983000040054321","0.6983000040054321"
"27292","0.6985999941825867","0.6985999941825867","0.6985999941825867"
"27303","0.6990999579429626","0.6990999579429626","0.6990999579429626"
"27314","0.699400007724762","0.699400007724762","0.699400007724762"
"27325","0.6994999647140503","0.6994999647140503","0.6994999647140503"
"27336","0.6997999548912048","0.6997999548912048","0.6997999548912048"
"27347","0.6997999548912048","0.6997999548912048","0.6997999548912048"
"27358","0.6997999548912048","0.6997999548912048","0.6997999548912048"
"27369","0.7001000046730042","0.7001000046730042","0.7001000046730042"
"27380","0.7001999616622925","0.7001999616622925","0.7001999616622925"
"27391","0.7002999782562256","0.7002999782562256","0.7002999782562256"
"27402","0.7005000114440918","0.7005000114440918","0.7005000114440918"
"27413","0.7006999850273132","0.7006999850273132","0.7006999850273132"
"27424","0.7006999850273132","0.7006999850273132","0.7006999850273132"
"27435","0.7010999917984009","0.7010999917984009","0.7010999917984009"
"27446","0.7013999819755554","0.7013999819755554","0.7013999819755554"
"27457","0.7017999887466431","0.7017999887466431","0.7017999887466431"
"27468","0.7020999789237976","0.7020999789237976","0.7020999789237976"
"27479","0.7024999856948853","0.7024999856948853","0.7024999856948853"
"27490","0.7026999592781067","0.7026999592781067","0.7026999592781067"
"27501","0.7032999992370605","0.7032999992370605","0.7032999992370605"
"27512","0.7040999531745911","0.7040999531745911","0.7040999531745911"
"27523","0.7044000029563904","0.7044000029563904","0.7044000029563904"
"27534","0.7048999667167664","0.7048999667167664","0.7048999667167664"
"27545","0.7050999999046326","0.7050999999046326","0.7050999999046326"
"27556","0.7050999999046326","0.7050999999046326","0.7050999999046326"
"27567","0.7055000066757202","0.7055000066757202","0.7055000066757202"
"27578","0.7055999636650085","0.7055999636650085","0.7055999636650085"
"27589","0.7058999538421631","0.7058999538421631","0.7058999538421631"
"27600","0.7058999538421631","0.7058999538421631","0.7058999538421631"
"27611","0.7063999772071838","0.7063999772071838","0.7063999772071838"
"27622","0.70660001039505","0.70660001039505","0.70660001039505"
"27633","0.7067999839782715","0.7067999839782715","0.7067999839782715"
"27644","0.7069999575614929","0.7069999575614929","0.7069999575614929"
"27655","0.7073000073432922","0.7073000073432922","0.7073000073432922"
"27666","0.7075999975204468","0.7075999975204468","0.7075999975204468"
"27677","0.7078999876976013","0.7078999876976013","0.7078999876976013"
"27688","0.7084000110626221","0.7084000110626221","0.7084000110626221"
"27699","0.7084999680519104","0.7084999680519104","0.7084999680519104"
"27710","0.708899974822998","0.708899974822998","0.708899974822998"
"27721","0.7089999914169312","0.7089999914169312","0.7089999914169312"
"27732","0.7095999717712402","0.7095999717712402","0.7095999717712402"
"27743","0.7099999785423279","0.7099999785423279","0.7099999785423279"
"27754","0.710599958896637","0.710599958896637","0.710599958896637"
"27765","0.7109000086784363","0.7109000086784363","0.7109000086784363"
"27776","0.7112999558448792","0.7112999558448792","0.7112999558448792"
"27787","0.7112999558448792","0.7112999558448792","0.7112999558448792"
"27798","0.7114999890327454","0.7114999890327454","0.7114999890327454"
"27809","0.711899995803833","0.711899995803833","0.711899995803833"
"27820","0.7123000025749207","0.7123000025749207","0.7123000025749207"
"27831","0.7127000093460083","0.7127000093460083","0.7127000093460083"
"27842","0.7129999995231628","0.7129999995231628","0.7129999995231628"
"27853","0.7131999731063843","0.7131999731063843","0.7131999731063843"
"27864","0.7135999798774719","0.7135999798774719","0.7135999798774719"
"27875","0.7141000032424927","0.7141000032424927","0.7141000032424927"
"27886","0.714199960231781","0.714199960231781","0.714199960231781"
"27897","0.714199960231781","0.714199960231781","0.714199960231781"
"27908","0.7145000100135803","0.7145000100135803","0.7145000100135803"
"27919","0.7146999835968018","0.7146999835968018","0.7146999835968018"
"27930","0.7149999737739563","0.7149999737739563","0.7149999737739563"
"27941","0.7152999639511108","0.7152999639511108","0.7152999639511108"
"27952","0.7152999639511108","0.7152999639511108","0.7152999639511108"
"27963","0.7156999707221985","0.7156999707221985","0.7156999707221985"
"27974","0.7159000039100647","0.7159000039100647","0.7159000039100647"
"27985","0.7160999774932861","0.7160999774932861","0.7160999774932861"
"27996","0.7160999774932861","0.7160999774932861","0.7160999774932861"
"28007","0.7163000106811523","0.7163000106811523","0.7163000106811523"
"28018","0.7167999744415283","0.7167999744415283","0.7167999744415283"
"28029","0.7166999578475952","0.7166999578475952","0.7166999578475952"
"28040","0.7170999646186829","0.7170999646186829","0.7170999646186829"
"28051","0.7170999646186829","0.7170999646186829","0.7170999646186829"
"28062","0.7174999713897705","0.7174999713897705","0.7174999713897705"
"28073","0.7174999713897705","0.7174999713897705","0.7174999713897705"
"28084","0.717799961566925","0.717799961566925","0.717799961566925"
"28095","0.7181000113487244","0.7181000113487244","0.7181000113487244"
"28106","0.7184999585151672","0.7184999585151672","0.7184999585151672"
"28117","0.7186999917030334","0.7186999917030334","0.7186999917030334"
"28128","0.7188999652862549","0.7188999652862549","0.7188999652862549"
"28139","0.7195000052452087","0.7195000052452087","0.7195000052452087"
"28150","0.7195999622344971","0.7195999622344971","0.7195999622344971"
"28161","0.7196999788284302","0.7196999788284302","0.7196999788284302"
"28172","0.7198999524116516","0.7198999524116516","0.7198999524116516"
"28183","0.7200999855995178","0.7200999855995178","0.7200999855995178"
"28194","0.7202000021934509","0.7202000021934509","0.7202000021934509"
"28205","0.7204999923706055","0.7204999923706055","0.7204999923706055"
"28216","0.7206999659538269","0.7206999659538269","0.7206999659538269"
"28227","0.7209999561309814","0.7209999561309814","0.7209999561309814"
"28238","0.7213000059127808","0.7213000059127808","0.7213000059127808"
"28249","0.7210999727249146","0.7210999727249146","0.7210999727249146"
"28260","0.7216999530792236","0.7216999530792236","0.7216999530792236"
"28271","0.7218999862670898","0.7218999862670898","0.7218999862670898"
"28282","0.7217999696731567","0.7217999696731567","0.7217999696731567"
"28293","0.7220999598503113","0.7220999598503113","0.7220999598503113"
"28304","0.7227999567985535","0.7227999567985535","0.7227999567985535"
"28315","0.7231999635696411","0.7231999635696411","0.7231999635696411"
"28326","0.7234999537467957","0.7234999537467957","0.7234999537467957"
"28337","0.7236999869346619","0.7236999869346619","0.7236999869346619"
"28348","0.7238999605178833","0.7238999605178833","0.7238999605178833"
"28359","0.7239999771118164","0.7239999771118164","0.7239999771118164"
"28370","0.7240999937057495","0.7240999937057495","0.7240999937057495"
"28381","0.7245999574661255","0.7245999574661255","0.7245999574661255"
"28392","0.7247999906539917","0.7247999906539917","0.7247999906539917"
"28403","0.7251999974250793","0.7251999974250793","0.7251999974250793"
"28414","0.7254999876022339","0.7254999876022339","0.7254999876022339"
"28425","0.7258999943733215","0.7258999943733215","0.7258999943733215"
"28436","0.726099967956543","0.726099967956543","0.726099967956543"
"28447","0.7263000011444092","0.7263000011444092","0.7263000011444092"
"28458","0.7267999649047852","0.7267999649047852","0.7267999649047852"
"28469","0.7271999716758728","0.7271999716758728","0.7271999716758728"
"28480","0.7279999852180481","0.7279999852180481","0.7279999852180481"
"28491","0.7283999919891357","0.7283999919891357","0.7283999919891357"
"28502","0.7285999655723572","0.7285999655723572","0.7285999655723572"
"28513","0.7289999723434448","0.7289999723434448","0.7289999723434448"
"28524","0.7294999957084656","0.7294999957084656","0.7294999957084656"
"28535","0.729699969291687","0.729699969291687","0.729699969291687"
"28546","0.7299999594688416","0.7299999594688416","0.7299999594688416"
"28557","0.7301999926567078","0.7301999926567078","0.7301999926567078"
"28568","0.7304999828338623","0.7304999828338623","0.7304999828338623"
"28579","0.7304999828338623","0.7304999828338623","0.7304999828338623"
"28590","0.7305999994277954","0.7305999994277954","0.7305999994277954"
"28601","0.7310999631881714","0.7310999631881714","0.7310999631881714"
"28612","0.73089998960495","0.73089998960495","0.73089998960495"
"28623","0.73089998960495","0.73089998960495","0.73089998960495"
"28634","0.7311999797821045","0.7311999797821045","0.7311999797821045"
"28645","0.7312999963760376","0.7312999963760376","0.7312999963760376"
"28656","0.7312999963760376","0.7312999963760376","0.7312999963760376"
"28667","0.7317999601364136","0.7317999601364136","0.7317999601364136"
"28678","0.7318999767303467","0.7318999767303467","0.7318999767303467"
"28689","0.7322999835014343","0.7322999835014343","0.7322999835014343"
"28700","0.732699990272522","0.732699990272522","0.732699990272522"
"28711","0.7333999872207642","0.7333999872207642","0.7333999872207642"
"28722","0.7335999608039856","0.7335999608039856","0.7335999608039856"
"28733","0.7337999939918518","0.7337999939918518","0.7337999939918518"
"28744","0.7339000105857849","0.7339000105857849","0.7339000105857849"
"28755","0.7337999939918518","0.7337999939918518","0.7337999939918518"
"28766","0.7339999675750732","0.7339999675750732","0.7339999675750732"
"28777","0.7342999577522278","0.7342999577522278","0.7342999577522278"
"28788","0.7346000075340271","0.7346000075340271","0.7346000075340271"
"28799","0.7346000075340271","0.7346000075340271","0.7346000075340271"
"28810","0.7347999811172485","0.7347999811172485","0.7347999811172485"
"28821","0.7348999977111816","0.7348999977111816","0.7348999977111816"
"28832","0.7350999712944031","0.7350999712944031","0.7350999712944031"
"28843","0.7351999878883362","0.7351999878883362","0.7351999878883362"
"28854","0.7351999878883362","0.7351999878883362","0.7351999878883362"
"28865","0.7354999780654907","0.7354999780654907","0.7354999780654907"
"28876","0.7356999516487122","0.7356999516487122","0.7356999516487122"
"28887","0.7357999682426453","0.7357999682426453","0.7357999682426453"
"28898","0.736299991607666","0.736299991607666","0.736299991607666"
"28909","0.736299991607666","0.736299991607666","0.736299991607666"
"28920","0.7368999719619751","0.7368999719619751","0.7368999719619751"
"28931","0.7371000051498413","0.7371000051498413","0.7371000051498413"
"28942","0.7371000051498413","0.7371000051498413","0.7371000051498413"
"28953","0.7373999953269958","0.7373999953269958","0.7373999953269958"
"28964","0.7378000020980835","0.7378000020980835","0.7378000020980835"
"28975","0.7382000088691711","0.7382000088691711","0.7382000088691711"
"28986","0.7384999990463257","0.7384999990463257","0.7384999990463257"
"28997","0.738599956035614","0.738599956035614","0.738599956035614"
"29008","0.7386999726295471","0.7386999726295471","0.7386999726295471"
"29019","0.7389000058174133","0.7389000058174133","0.7389000058174133"
"29030","0.7390999794006348","0.7390999794006348","0.7390999794006348"
"29041","0.7387999892234802","0.7387999892234802","0.7387999892234802"
"29052","0.7389999628067017","0.7389999628067017","0.7389999628067017"
"29063","0.7396000027656555","0.7396000027656555","0.7396000027656555"
"29074","0.7401999831199646","0.7401999831199646","0.7401999831199646"
"29085","0.7402999997138977","0.7402999997138977","0.7402999997138977"
"29096","0.740399956703186","0.740399956703186","0.740399956703186"
"29107","0.7407999634742737","0.7407999634742737","0.7407999634742737"
"29118","0.7407999634742737","0.7407999634742737","0.7407999634742737"
"29129","0.7412999868392944","0.7412999868392944","0.7412999868392944"
"29140","0.7414000034332275","0.7414000034332275","0.7414000034332275"
"29151","0.7414999604225159","0.7414999604225159","0.7414999604225159"
"29162","0.7418999671936035","0.7418999671936035","0.7418999671936035"
"29173","0.7421999573707581","0.7421999573707581","0.7421999573707581"
"29184","0.7421999573707581","0.7421999573707581","0.7421999573707581"
"29195","0.7425000071525574","0.7425000071525574","0.7425000071525574"
"29206","0.7426999807357788","0.7426999807357788","0.7426999807357788"
"29217","0.7430999875068665","0.7430999875068665","0.7430999875068665"
"29228","0.743399977684021","0.743399977684021","0.743399977684021"
"29239","0.7436999678611755","0.7436999678611755","0.7436999678611755"
"29250","0.743399977684021","0.743399977684021","0.743399977684021"
"29261","0.7434999942779541","0.7434999942779541","0.7434999942779541"
"29272","0.7439000010490417","0.7439000010490417","0.7439000010490417"
"29283","0.7439000010490417","0.7439000010490417","0.7439000010490417"
"29294","0.7443000078201294","0.7443000078201294","0.7443000078201294"
"29305","0.7444999814033508","0.7444999814033508","0.7444999814033508"
"29316","0.7444999814033508","0.7444999814033508","0.7444999814033508"
"29327","0.7445999979972839","0.7445999979972839","0.7445999979972839"
"29338","0.7448999881744385","0.7448999881744385","0.7448999881744385"
"29349","0.7453999519348145","0.7453999519348145","0.7453999519348145"
"29360","0.7457000017166138","0.7457000017166138","0.7457000017166138"
"29371","0.7461999654769897","0.7461999654769897","0.7461999654769897"
"29382","0.7462999820709229","0.7462999820709229","0.7462999820709229"
"29393","0.7468000054359436","0.7468000054359436","0.7468000054359436"
"29404","0.7471999526023865","0.7471999526023865","0.7471999526023865"
"29415","0.7477999925613403","0.7477999925613403","0.7477999925613403"
"29426","0.7476999759674072","0.7476999759674072","0.7476999759674072"
"29437","0.7479000091552734","0.7479000091552734","0.7479000091552734"
"29448","0.7482999563217163","0.7482999563217163","0.7482999563217163"
"29459","0.7482999563217163","0.7482999563217163","0.7482999563217163"
"29470","0.7489999532699585","0.7489999532699585","0.7489999532699585"
"29481","0.7493000030517578","0.7493000030517578","0.7493000030517578"
"29492","0.7493000030517578","0.7493000030517578","0.7493000030517578"
"29503","0.7495999932289124","0.7495999932289124","0.7495999932289124"
"29514","0.7497000098228455","0.7497000098228455","0.7497000098228455"
"29525","0.7505999803543091","0.7505999803543091","0.7505999803543091"
"29536","0.7509999871253967","0.7509999871253967","0.7509999871253967"
"29547","0.7511999607086182","0.7511999607086182","0.7511999607086182"
"29558","0.7515000104904175","0.7515000104904175","0.7515000104904175"
"29569","0.7515000104904175","0.7515000104904175","0.7515000104904175"
"29580","0.7515000104904175","0.7515000104904175","0.7515000104904175"
"29591","0.751800000667572","0.751800000667572","0.751800000667572"
"29602","0.7520999908447266","0.7520999908447266","0.7520999908447266"
"29613","0.7523999810218811","0.7523999810218811","0.7523999810218811"
"29624","0.7526999711990356","0.7526999711990356","0.7526999711990356"
"29635","0.7529999613761902","0.7529999613761902","0.7529999613761902"
"29646","0.7532999515533447","0.7532999515533447","0.7532999515533447"
"29657","0.753600001335144","0.753600001335144","0.753600001335144"
"29668","0.75409996509552","0.75409996509552","0.75409996509552"
"29679","0.7541999816894531","0.7541999816894531","0.7541999816894531"
"29690","0.7542999982833862","0.7542999982833862","0.7542999982833862"
"29701","0.7544999718666077","0.7544999718666077","0.7544999718666077"
"29712","0.7547000050544739","0.7547000050544739","0.7547000050544739"
"29723","0.7550999522209167","0.7550999522209167","0.7550999522209167"
"29734","0.755299985408783","0.755299985408783","0.755299985408783"
"29745","0.755899965763092","0.755899965763092","0.755899965763092"
"29756","0.7560999989509583","0.7560999989509583","0.7560999989509583"
"29767","0.7565999627113342","0.7565999627113342","0.7565999627113342"
"29778","0.7566999793052673","0.7566999793052673","0.7566999793052673"
"29789","0.7572000026702881","0.7572000026702881","0.7572000026702881"
"29800","0.7574999928474426","0.7574999928474426","0.7574999928474426"
"29811","0.7576000094413757","0.7576000094413757","0.7576000094413757"
"29822","0.7585999965667725","0.7585999965667725","0.7585999965667725"
"29833","0.7584999799728394","0.7584999799728394","0.7584999799728394"
"29844","0.7584999799728394","0.7584999799728394","0.7584999799728394"
"29855","0.7585999965667725","0.7585999965667725","0.7585999965667725"
"29866","0.7587999701499939","0.7587999701499939","0.7587999701499939"
"29877","0.7592999935150146","0.7592999935150146","0.7592999935150146"
"29888","0.7594999670982361","0.7594999670982361","0.7594999670982361"
"29899","0.7597000002861023","0.7597000002861023","0.7597000002861023"
"29910","0.7595999836921692","0.7595999836921692","0.7595999836921692"
"29921","0.7601000070571899","0.7601000070571899","0.7601000070571899"
"29932","0.7601999640464783","0.7601999640464783","0.7601999640464783"
"29943","0.7602999806404114","0.7602999806404114","0.7602999806404114"
"29954","0.760699987411499","0.760699987411499","0.760699987411499"
"29965","0.7608000040054321","0.7608000040054321","0.7608000040054321"
"29976","0.7610999941825867","0.7610999941825867","0.7610999941825867"
"29987","0.7613999843597412","0.7613999843597412","0.7613999843597412"
"29998","0.7617999911308289","0.7617999911308289","0.7617999911308289"
"30009","0.7616999745368958","0.7616999745368958","0.7616999745368958"
"30020","0.7619999647140503","0.7619999647140503","0.7619999647140503"
"30031","0.7620999813079834","0.7620999813079834","0.7620999813079834"
"30042","0.7621999979019165","0.7621999979019165","0.7621999979019165"
"30053","0.762499988079071","0.762499988079071","0.762499988079071"
"30064","0.7626999616622925","0.7626999616622925","0.7626999616622925"
"30075","0.762999951839447","0.762999951839447","0.762999951839447"
"30086","0.7631999850273132","0.7631999850273132","0.7631999850273132"
"30097","0.762999951839447","0.762999951839447","0.762999951839447"
"30108","0.7634999752044678","0.7634999752044678","0.7634999752044678"
"30119","0.7630999684333801","0.7630999684333801","0.7630999684333801"
"30130","0.7633000016212463","0.7633000016212463","0.7633000016212463"
"30141","0.7634999752044678","0.7634999752044678","0.7634999752044678"
"30152","0.76419997215271","0.76419997215271","0.76419997215271"
"30163","0.7642999887466431","0.7642999887466431","0.7642999887466431"
"30174","0.7645999789237976","0.7645999789237976","0.7645999789237976"
"30185","0.7648999691009521","0.7648999691009521","0.7648999691009521"
"30196","0.7649999856948853","0.7649999856948853","0.7649999856948853"
"30207","0.7651999592781067","0.7651999592781067","0.7651999592781067"
"30218","0.7653999924659729","0.7653999924659729","0.7653999924659729"
"30229","0.7652999758720398","0.7652999758720398","0.7652999758720398"
"30240","0.7656999826431274","0.7656999826431274","0.7656999826431274"
"30251","0.765999972820282","0.765999972820282","0.765999972820282"
"30262","0.7660999894142151","0.7660999894142151","0.7660999894142151"
"30273","0.7660999894142151","0.7660999894142151","0.7660999894142151"
"30284","0.7667999863624573","0.7667999863624573","0.7667999863624573"
"30295","0.7669999599456787","0.7669999599456787","0.7669999599456787"
"30306","0.7670999765396118","0.7670999765396118","0.7670999765396118"
"30317","0.767300009727478","0.767300009727478","0.767300009727478"
"30328","0.7674999833106995","0.7674999833106995","0.7674999833106995"
"30339","0.7674999833106995","0.7674999833106995","0.7674999833106995"
"30350","0.767799973487854","0.767799973487854","0.767799973487854"
"30361","0.7680000066757202","0.7680000066757202","0.7680000066757202"
"30372","0.7680999636650085","0.7680999636650085","0.7680999636650085"
"30383","0.7683999538421631","0.7683999538421631","0.7683999538421631"
"30394","0.7685999870300293","0.7685999870300293","0.7685999870300293"
"30405","0.7691999673843384","0.7691999673843384","0.7691999673843384"
"30416","0.7691999673843384","0.7691999673843384","0.7691999673843384"
"30427","0.769599974155426","0.769599974155426","0.769599974155426"
"30438","0.7696999907493591","0.7696999907493591","0.7696999907493591"
"30449","0.7699999809265137","0.7699999809265137","0.7699999809265137"
"30460","0.7699999809265137","0.7699999809265137","0.7699999809265137"
"30471","0.7702999711036682","0.7702999711036682","0.7702999711036682"
"30482","0.7702999711036682","0.7702999711036682","0.7702999711036682"
"30493","0.7705000042915344","0.7705000042915344","0.7705000042915344"
"30504","0.770799994468689","0.770799994468689","0.770799994468689"
"30515","0.7710999846458435","0.7710999846458435","0.7710999846458435"
"30526","0.7712999582290649","0.7712999582290649","0.7712999582290649"
"30537","0.7716999650001526","0.7716999650001526","0.7716999650001526"
"30548","0.7718999981880188","0.7718999981880188","0.7718999981880188"
"30559","0.7720999717712402","0.7720999717712402","0.7720999717712402"
"30570","0.7721999883651733","0.7721999883651733","0.7721999883651733"
"30581","0.772599995136261","0.772599995136261","0.772599995136261"
"30592","0.7728999853134155","0.7728999853134155","0.7728999853134155"
"30603","0.773099958896637","0.773099958896637","0.773099958896637"
"30614","0.7734000086784363","0.7734000086784363","0.7734000086784363"
"30625","0.7741000056266785","0.7741000056266785","0.7741000056266785"
"30636","0.7741000056266785","0.7741000056266785","0.7741000056266785"
"30647","0.7742999792098999","0.7742999792098999","0.7742999792098999"
"30658","0.7742999792098999","0.7742999792098999","0.7742999792098999"
"30669","0.7749999761581421","0.7749999761581421","0.7749999761581421"
"30680","0.7753999829292297","0.7753999829292297","0.7753999829292297"
"30691","0.7754999995231628","0.7754999995231628","0.7754999995231628"
"30702","0.7753999829292297","0.7753999829292297","0.7753999829292297"
"30713","0.7755999565124512","0.7755999565124512","0.7755999565124512"
"30724","0.7755999565124512","0.7755999565124512","0.7755999565124512"
"30735","0.7759999632835388","0.7759999632835388","0.7759999632835388"
"30746","0.776199996471405","0.776199996471405","0.776199996471405"
"30757","0.7762999534606934","0.7762999534606934","0.7762999534606934"
"30768","0.7762999534606934","0.7762999534606934","0.7762999534606934"
"30779","0.776699960231781","0.776699960231781","0.776699960231781"
"30790","0.7770000100135803","0.7770000100135803","0.7770000100135803"
"30801","0.7770999670028687","0.7770999670028687","0.7770999670028687"
"30812","0.7770000100135803","0.7770000100135803","0.7770000100135803"
"30823","0.7771999835968018","0.7771999835968018","0.7771999835968018"
"30834","0.7771999835968018","0.7771999835968018","0.7771999835968018"
"30845","0.7771999835968018","0.7771999835968018","0.7771999835968018"
"30856","0.7777000069618225","0.7777000069618225","0.7777000069618225"
"30867","0.777899980545044","0.777899980545044","0.777899980545044"
"30878","0.7780999541282654","0.7780999541282654","0.7780999541282654"
"30889","0.7781999707221985","0.7781999707221985","0.7781999707221985"
"30900","0.7782999873161316","0.7782999873161316","0.7782999873161316"
"30911","0.778499960899353","0.778499960899353","0.778499960899353"
"30922","0.7786999940872192","0.7786999940872192","0.7786999940872192"
"30933","0.7787999510765076","0.7787999510765076","0.7787999510765076"
"30944","0.7789999842643738","0.7789999842643738","0.7789999842643738"
"30955","0.7792999744415283","0.7792999744415283","0.7792999744415283"
"30966","0.7792999744415283","0.7792999744415283","0.7792999744415283"
"30977","0.7795000076293945","0.7795000076293945","0.7795000076293945"
"30988","0.7795000076293945","0.7795000076293945","0.7795000076293945"
"30999","0.7795000076293945","0.7795000076293945","0.7795000076293945"
"31010","0.779699981212616","0.779699981212616","0.779699981212616"
"31021","0.7799999713897705","0.7799999713897705","0.7799999713897705"
"31032","0.7802000045776367","0.7802000045776367","0.7802000045776367"
"31043","0.780299961566925","0.780299961566925","0.780299961566925"
"31054","0.7805999517440796","0.7805999517440796","0.7805999517440796"
"31065","0.7805999517440796","0.7805999517440796","0.7805999517440796"
"31076","0.7807999849319458","0.7807999849319458","0.7807999849319458"
"31087","0.7806999683380127","0.7806999683380127","0.7806999683380127"
"31098","0.7810999751091003","0.7810999751091003","0.7810999751091003"
"31109","0.7813000082969666","0.7813000082969666","0.7813000082969666"
"31120","0.7813999652862549","0.7813999652862549","0.7813999652862549"
"31131","0.7816999554634094","0.7816999554634094","0.7816999554634094"
"31142","0.7816999554634094","0.7816999554634094","0.7816999554634094"
"31153","0.7817999720573425","0.7817999720573425","0.7817999720573425"
"31164","0.7820000052452087","0.7820000052452087","0.7820000052452087"
"31175","0.7820999622344971","0.7820999622344971","0.7820999622344971"
"31186","0.7824999690055847","0.7824999690055847","0.7824999690055847"
"31197","0.7827000021934509","0.7827000021934509","0.7827000021934509"
"31208","0.7829999923706055","0.7829999923706055","0.7829999923706055"
"31219","0.7831000089645386","0.7831000089645386","0.7831000089645386"
"31230","0.78329998254776","0.78329998254776","0.78329998254776"
"31241","0.7835999727249146","0.7835999727249146","0.7835999727249146"
"31252","0.7838000059127808","0.7838000059127808","0.7838000059127808"
"31263","0.7838999629020691","0.7838999629020691","0.7838999629020691"
"31274","0.7838999629020691","0.7838999629020691","0.7838999629020691"
"31285","0.7839999794960022","0.7839999794960022","0.7839999794960022"
"31296","0.784500002861023","0.784500002861023","0.784500002861023"
"31307","0.7845999598503113","0.7845999598503113","0.7845999598503113"
"31318","0.7847999930381775","0.7847999930381775","0.7847999930381775"
"31329","0.7847999930381775","0.7847999930381775","0.7847999930381775"
"31340","0.7851999998092651","0.7851999998092651","0.7851999998092651"
"31351","0.7852999567985535","0.7852999567985535","0.7852999567985535"
"31362","0.7854999899864197","0.7854999899864197","0.7854999899864197"
"31373","0.7854999899864197","0.7854999899864197","0.7854999899864197"
"31384","0.7856000065803528","0.7856000065803528","0.7856000065803528"
"31395","0.7857999801635742","0.7857999801635742","0.7857999801635742"
"31406","0.7861999869346619","0.7861999869346619","0.7861999869346619"
"31417","0.7861999869346619","0.7861999869346619","0.7861999869346619"
"31428","0.7863999605178833","0.7863999605178833","0.7863999605178833"
"31439","0.7865999937057495","0.7865999937057495","0.7865999937057495"
"31450","0.786799967288971","0.786799967288971","0.786799967288971"
"31461","0.786899983882904","0.786899983882904","0.786899983882904"
"31472","0.7870000004768372","0.7870000004768372","0.7870000004768372"
"31483","0.7870999574661255","0.7870999574661255","0.7870999574661255"
"31494","0.7874999642372131","0.7874999642372131","0.7874999642372131"
"31505","0.7875999808311462","0.7875999808311462","0.7875999808311462"
"31516","0.7879999876022339","0.7879999876022339","0.7879999876022339"
"31527","0.788100004196167","0.788100004196167","0.788100004196167"
"31538","0.7882999777793884","0.7882999777793884","0.7882999777793884"
"31549","0.788599967956543","0.788599967956543","0.788599967956543"
"31560","0.7888999581336975","0.7888999581336975","0.7888999581336975"
"31571","0.7892999649047852","0.7892999649047852","0.7892999649047852"
"31582","0.7892999649047852","0.7892999649047852","0.7892999649047852"
"31593","0.7892999649047852","0.7892999649047852","0.7892999649047852"
"31604","0.7894999980926514","0.7894999980926514","0.7894999980926514"
"31615","0.7893999814987183","0.7893999814987183","0.7893999814987183"
"31626","0.7892999649047852","0.7892999649047852","0.7892999649047852"
"31637","0.7895999550819397","0.7895999550819397","0.7895999550819397"
"31648","0.7896999716758728","0.7896999716758728","0.7896999716758728"
"31659","0.7897999882698059","0.7897999882698059","0.7897999882698059"
"31670","0.7900999784469604","0.7900999784469604","0.7900999784469604"
"31681","0.7908999919891357","0.7908999919891357","0.7908999919891357"
"31692","0.7908999919891357","0.7908999919891357","0.7908999919891357"
"31703","0.7914999723434448","0.7914999723434448","0.7914999723434448"
"31714","0.791700005531311","0.791700005531311","0.791700005531311"
"31725","0.7917999625205994","0.7917999625205994","0.7917999625205994"
"31736","0.7917999625205994","0.7917999625205994","0.7917999625205994"
"31747","0.792199969291687","0.792199969291687","0.792199969291687"
"31758","0.7924999594688416","0.7924999594688416","0.7924999594688416"
"31769","0.7928000092506409","0.7928000092506409","0.7928000092506409"
"31780","0.7926999926567078","0.7926999926567078","0.7926999926567078"
"31791","0.7928999662399292","0.7928999662399292","0.7928999662399292"
"31802","0.7930999994277954","0.7930999994277954","0.7930999994277954"
"31813","0.79339998960495","0.79339998960495","0.79339998960495"
"31824","0.79339998960495","0.79339998960495","0.79339998960495"
"31835","0.79339998960495","0.79339998960495","0.79339998960495"
"31846","0.7935000061988831","0.7935000061988831","0.7935000061988831"
"31857","0.7937999963760376","0.7937999963760376","0.7937999963760376"
"31868","0.7940999865531921","0.7940999865531921","0.7940999865531921"
"31879","0.7942000031471252","0.7942000031471252","0.7942000031471252"
"31890","0.7942999601364136","0.7942999601364136","0.7942999601364136"
"31901","0.7943999767303467","0.7943999767303467","0.7943999767303467"
"31912","0.7943999767303467","0.7943999767303467","0.7943999767303467"
"31923","0.7944999933242798","0.7944999933242798","0.7944999933242798"
"31934","0.7945999503135681","0.7945999503135681","0.7945999503135681"
"31945","0.7946999669075012","0.7946999669075012","0.7946999669075012"
"31956","0.7949999570846558","0.7949999570846558","0.7949999570846558"
"31967","0.7949999570846558","0.7949999570846558","0.7949999570846558"
"31978","0.795199990272522","0.795199990272522","0.795199990272522"
"31989","0.7955999970436096","0.7955999970436096","0.7955999970436096"
"32000","0.7955999970436096","0.7955999970436096","0.7955999970436096"
"32011","0.795799970626831","0.795799970626831","0.795799970626831"
"32022","0.7958999872207642","0.7958999872207642","0.7958999872207642"
"32033","0.7961999773979187","0.7961999773979187","0.7961999773979187"
"32044","0.7967999577522278","0.7967999577522278","0.7967999577522278"
"32055","0.796999990940094","0.796999990940094","0.796999990940094"
"32066","0.7968999743461609","0.7968999743461609","0.7968999743461609"
"32077","0.7971000075340271","0.7971000075340271","0.7971000075340271"
"32088","0.7971000075340271","0.7971000075340271","0.7971000075340271"
"32099","0.79749995470047","0.79749995470047","0.79749995470047"
"32110","0.7973999977111816","0.7973999977111816","0.7973999977111816"
"32121","0.79749995470047","0.79749995470047","0.79749995470047"
"32132","0.7978000044822693","0.7978000044822693","0.7978000044822693"
"32143","0.7978999614715576","0.7978999614715576","0.7978999614715576"
"32154","0.7978999614715576","0.7978999614715576","0.7978999614715576"
"32165","0.7979999780654907","0.7979999780654907","0.7979999780654907"
"32176","0.7980999946594238","0.7980999946594238","0.7980999946594238"
"32187","0.7985000014305115","0.7985000014305115","0.7985000014305115"
"32198","0.7985999584197998","0.7985999584197998","0.7985999584197998"
"32209","0.7986999750137329","0.7986999750137329","0.7986999750137329"
"32220","0.798799991607666","0.798799991607666","0.798799991607666"
"32231","0.7990999817848206","0.7990999817848206","0.7990999817848206"
"32242","0.7991999983787537","0.7991999983787537","0.7991999983787537"
"32253","0.7994999885559082","0.7994999885559082","0.7994999885559082"
"32264","0.7996000051498413","0.7996000051498413","0.7996000051498413"
"32275","0.8000999689102173","0.8000999689102173","0.8000999689102173"
"32286","0.8003999590873718","0.8003999590873718","0.8003999590873718"
"32297","0.800599992275238","0.800599992275238","0.800599992275238"
"32308","0.8007999658584595","0.8007999658584595","0.8007999658584595"
"32319","0.8009999990463257","0.8009999990463257","0.8009999990463257"
"32330","0.8014999628067017","0.8014999628067017","0.8014999628067017"
"32341","0.8015999794006348","0.8015999794006348","0.8015999794006348"
"32352","0.8019999861717224","0.8019999861717224","0.8019999861717224"
"32363","0.8019999861717224","0.8019999861717224","0.8019999861717224"
"32374","0.8021999597549438","0.8021999597549438","0.8021999597549438"
"32385","0.8025999665260315","0.8025999665260315","0.8025999665260315"
"32396","0.8025999665260315","0.8025999665260315","0.8025999665260315"
"32407","0.802899956703186","0.802899956703186","0.802899956703186"
"32418","0.8030999898910522","0.8030999898910522","0.8030999898910522"
"32429","0.8032000064849854","0.8032000064849854","0.8032000064849854"
"32440","0.8034999966621399","0.8034999966621399","0.8034999966621399"
"32451","0.8033999800682068","0.8033999800682068","0.8033999800682068"
"32462","0.8035999536514282","0.8035999536514282","0.8035999536514282"
"32473","0.8034999966621399","0.8034999966621399","0.8034999966621399"
"32484","0.8035999536514282","0.8035999536514282","0.8035999536514282"
"32495","0.8039000034332275","0.8039000034332275","0.8039000034332275"
"32506","0.8037999868392944","0.8037999868392944","0.8037999868392944"
"32517","0.8039999604225159","0.8039999604225159","0.8039999604225159"
"32528","0.8037999868392944","0.8037999868392944","0.8037999868392944"
"32539","0.8041999936103821","0.8041999936103821","0.8041999936103821"
"32550","0.8042999505996704","0.8042999505996704","0.8042999505996704"
"32561","0.8044999837875366","0.8044999837875366","0.8044999837875366"
"32572","0.8046999573707581","0.8046999573707581","0.8046999573707581"
"32583","0.8046000003814697","0.8046000003814697","0.8046000003814697"
"32594","0.8046000003814697","0.8046000003814697","0.8046000003814697"
"32605","0.8050000071525574","0.8050000071525574","0.8050000071525574"
"32616","0.8050000071525574","0.8050000071525574","0.8050000071525574"
"32627","0.8050000071525574","0.8050000071525574","0.8050000071525574"
"32638","0.8051999807357788","0.8051999807357788","0.8051999807357788"
"32649","0.8054999709129333","0.8054999709129333","0.8054999709129333"
"32660","0.8057000041007996","0.8057000041007996","0.8057000041007996"
"32671","0.805899977684021","0.805899977684021","0.805899977684021"
"32682","0.8059999942779541","0.8059999942779541","0.8059999942779541"
"32693","0.8064000010490417","0.8064000010490417","0.8064000010490417"
"32704","0.8064999580383301","0.8064999580383301","0.8064999580383301"
"32715","0.8066999912261963","0.8066999912261963","0.8066999912261963"
"32726","0.8068999648094177","0.8068999648094177","0.8068999648094177"
"32737","0.8070999979972839","0.8070999979972839","0.8070999979972839"
"32748","0.8068999648094177","0.8068999648094177","0.8068999648094177"
"32759","0.8069999814033508","0.8069999814033508","0.8069999814033508"
"32770","0.8069999814033508","0.8069999814033508","0.8069999814033508"
"32781","0.8072999715805054","0.8072999715805054","0.8072999715805054"
"32792","0.807699978351593","0.807699978351593","0.807699978351593"
"32803","0.8075000047683716","0.8075000047683716","0.8075000047683716"
"32814","0.807699978351593","0.807699978351593","0.807699978351593"
"32825","0.8077999949455261","0.8077999949455261","0.8077999949455261"
"32836","0.8077999949455261","0.8077999949455261","0.8077999949455261"
"32847","0.8079999685287476","0.8079999685287476","0.8079999685287476"
"32858","0.8079999685287476","0.8079999685287476","0.8079999685287476"
"32869","0.8080999851226807","0.8080999851226807","0.8080999851226807"
"32880","0.8082999587059021","0.8082999587059021","0.8082999587059021"
"32891","0.8084999918937683","0.8084999918937683","0.8084999918937683"
"32902","0.8086999654769897","0.8086999654769897","0.8086999654769897"
"32913","0.808899998664856","0.808899998664856","0.808899998664856"
"32924","0.808899998664856","0.808899998664856","0.808899998664856"
"32935","0.8093000054359436","0.8093000054359436","0.8093000054359436"
"32946","0.8093000054359436","0.8093000054359436","0.8093000054359436"
"32957","0.8095999956130981","0.8095999956130981","0.8095999956130981"
"32968","0.8097999691963196","0.8097999691963196","0.8097999691963196"
"32979","0.8097999691963196","0.8097999691963196","0.8097999691963196"
"32990","0.8097999691963196","0.8097999691963196","0.8097999691963196"
"33001","0.8097999691963196","0.8097999691963196","0.8097999691963196"
"33012","0.8098999857902527","0.8098999857902527","0.8098999857902527"
"33023","0.8100000023841858","0.8100000023841858","0.8100000023841858"
"33034","0.8100000023841858","0.8100000023841858","0.8100000023841858"
"33045","0.8101999759674072","0.8101999759674072","0.8101999759674072"
"33056","0.8104999661445618","0.8104999661445618","0.8104999661445618"
"33067","0.8105999827384949","0.8105999827384949","0.8105999827384949"
"33078","0.8105999827384949","0.8105999827384949","0.8105999827384949"
"33089","0.8108999729156494","0.8108999729156494","0.8108999729156494"
"33100","0.8111000061035156","0.8111000061035156","0.8111000061035156"
"33111","0.8112999796867371","0.8112999796867371","0.8112999796867371"
"33122","0.8112999796867371","0.8112999796867371","0.8112999796867371"
"33133","0.8114999532699585","0.8114999532699585","0.8114999532699585"
"33144","0.8116999864578247","0.8116999864578247","0.8116999864578247"
"33155","0.8115999698638916","0.8115999698638916","0.8115999698638916"
"33166","0.8114999532699585","0.8114999532699585","0.8114999532699585"
"33177","0.8115999698638916","0.8115999698638916","0.8115999698638916"
"33188","0.8116999864578247","0.8116999864578247","0.8116999864578247"
"33199","0.8120999932289124","0.8120999932289124","0.8120999932289124"
"33210","0.8121999502182007","0.8121999502182007","0.8121999502182007"
"33221","0.8123999834060669","0.8123999834060669","0.8123999834060669"
"33232","0.8123999834060669","0.8123999834060669","0.8123999834060669"
"33243","0.8125","0.8125","0.8125"
"33254","0.8126999735832214","0.8126999735832214","0.8126999735832214"
"33265","0.8129000067710876","0.8129000067710876","0.8129000067710876"
"33276","0.8127999901771545","0.8127999901771545","0.8127999901771545"
"33287","0.8127999901771545","0.8127999901771545","0.8127999901771545"
"33298","0.8130999803543091","0.8130999803543091","0.8130999803543091"
"33309","0.8130999803543091","0.8130999803543091","0.8130999803543091"
"33320","0.8132999539375305","0.8132999539375305","0.8132999539375305"
"33331","0.8132999539375305","0.8132999539375305","0.8132999539375305"
"33342","0.8132999539375305","0.8132999539375305","0.8132999539375305"
"33353","0.8133999705314636","0.8133999705314636","0.8133999705314636"
"33364","0.8133999705314636","0.8133999705314636","0.8133999705314636"
"33375","0.8133999705314636","0.8133999705314636","0.8133999705314636"
"33386","0.8134999871253967","0.8134999871253967","0.8134999871253967"
"33397","0.8136999607086182","0.8136999607086182","0.8136999607086182"
"33408","0.8140999674797058","0.8140999674797058","0.8140999674797058"
"33419","0.8140999674797058","0.8140999674797058","0.8140999674797058"
"33430","0.8141999840736389","0.8141999840736389","0.8141999840736389"
"33441","0.8143999576568604","0.8143999576568604","0.8143999576568604"
"33452","0.8147000074386597","0.8147000074386597","0.8147000074386597"
"33463","0.814799964427948","0.814799964427948","0.814799964427948"
"33474","0.8147000074386597","0.8147000074386597","0.8147000074386597"
"33485","0.8147000074386597","0.8147000074386597","0.8147000074386597"
"33496","0.8149999976158142","0.8149999976158142","0.8149999976158142"
"33507","0.8151999711990356","0.8151999711990356","0.8151999711990356"
"33518","0.8152999877929688","0.8152999877929688","0.8152999877929688"
"33529","0.8154000043869019","0.8154000043869019","0.8154000043869019"
"33540","0.8155999779701233","0.8155999779701233","0.8155999779701233"
"33551","0.8157999515533447","0.8157999515533447","0.8157999515533447"
"33562","0.8159999847412109","0.8159999847412109","0.8159999847412109"
"33573","0.816100001335144","0.816100001335144","0.816100001335144"
"33584","0.8161999583244324","0.8161999583244324","0.8161999583244324"
"33595","0.8162999749183655","0.8162999749183655","0.8162999749183655"
"33606","0.8162999749183655","0.8162999749183655","0.8162999749183655"
"33617","0.8163999915122986","0.8163999915122986","0.8163999915122986"
"33628","0.8163999915122986","0.8163999915122986","0.8163999915122986"
"33639","0.8165000081062317","0.8165000081062317","0.8165000081062317"
"33650","0.8167999982833862","0.8167999982833862","0.8167999982833862"
"33661","0.8169999718666077","0.8169999718666077","0.8169999718666077"
"33672","0.8169999718666077","0.8169999718666077","0.8169999718666077"
"33683","0.8172000050544739","0.8172000050544739","0.8172000050544739"
"33694","0.8172999620437622","0.8172999620437622","0.8172999620437622"
"33705","0.8172999620437622","0.8172999620437622","0.8172999620437622"
"33716","0.8173999786376953","0.8173999786376953","0.8173999786376953"
"33727","0.8173999786376953","0.8173999786376953","0.8173999786376953"
"33738","0.8174999952316284","0.8174999952316284","0.8174999952316284"
"33749","0.8179000020027161","0.8179000020027161","0.8179000020027161"
"33760","0.8179000020027161","0.8179000020027161","0.8179000020027161"
"33771","0.818399965763092","0.818399965763092","0.818399965763092"
"33782","0.8184999823570251","0.8184999823570251","0.8184999823570251"
"33793","0.8184999823570251","0.8184999823570251","0.8184999823570251"
"33804","0.8190999627113342","0.8190999627113342","0.8190999627113342"
"33815","0.8191999793052673","0.8191999793052673","0.8191999793052673"
"33826","0.8191999793052673","0.8191999793052673","0.8191999793052673"
"33837","0.8193999528884888","0.8193999528884888","0.8193999528884888"
"33848","0.8193999528884888","0.8193999528884888","0.8193999528884888"
"33859","0.819599986076355","0.819599986076355","0.819599986076355"
"33870","0.8197000026702881","0.8197000026702881","0.8197000026702881"
"33881","0.8198999762535095","0.8198999762535095","0.8198999762535095"
"33892","0.8199999928474426","0.8199999928474426","0.8199999928474426"
"33903","0.820099949836731","0.820099949836731","0.820099949836731"
"33914","0.8199999928474426","0.8199999928474426","0.8199999928474426"
"33925","0.820099949836731","0.820099949836731","0.820099949836731"
"33936","0.8201999664306641","0.8201999664306641","0.8201999664306641"
"33947","0.8202999830245972","0.8202999830245972","0.8202999830245972"
"33958","0.8203999996185303","0.8203999996185303","0.8203999996185303"
"33969","0.8204999566078186","0.8204999566078186","0.8204999566078186"
"33980","0.8204999566078186","0.8204999566078186","0.8204999566078186"
"33991","0.8205999732017517","0.8205999732017517","0.8205999732017517"
"34002","0.8208000063896179","0.8208000063896179","0.8208000063896179"
"34013","0.8209999799728394","0.8209999799728394","0.8209999799728394"
"34024","0.821399986743927","0.821399986743927","0.821399986743927"
"34035","0.8215000033378601","0.8215000033378601","0.8215000033378601"
"34046","0.8217999935150146","0.8217999935150146","0.8217999935150146"
"34057","0.8217999935150146","0.8217999935150146","0.8217999935150146"
"34068","0.8219999670982361","0.8219999670982361","0.8219999670982361"
"34079","0.8224999904632568","0.8224999904632568","0.8224999904632568"
"34090","0.8228999972343445","0.8228999972343445","0.8228999972343445"
"34101","0.8229999542236328","0.8229999542236328","0.8229999542236328"
"34112","0.8229999542236328","0.8229999542236328","0.8229999542236328"
"34123","0.8233000040054321","0.8233000040054321","0.8233000040054321"
"34134","0.823199987411499","0.823199987411499","0.823199987411499"
"34145","0.8234999775886536","0.8234999775886536","0.8234999775886536"
"34156","0.8235999941825867","0.8235999941825867","0.8235999941825867"
"34167","0.8237999677658081","0.8237999677658081","0.8237999677658081"
"34178","0.8235999941825867","0.8235999941825867","0.8235999941825867"
"34189","0.8235999941825867","0.8235999941825867","0.8235999941825867"
"34200","0.8238999843597412","0.8238999843597412","0.8238999843597412"
"34211","0.8241999745368958","0.8241999745368958","0.8241999745368958"
"34222","0.8242999911308289","0.8242999911308289","0.8242999911308289"
"34233","0.8241999745368958","0.8241999745368958","0.8241999745368958"
"34244","0.8242999911308289","0.8242999911308289","0.8242999911308289"
"34255","0.8246999979019165","0.8246999979019165","0.8246999979019165"
"34266","0.8245999813079834","0.8245999813079834","0.8245999813079834"
"34277","0.8248999714851379","0.8248999714851379","0.8248999714851379"
"34288","0.8247999548912048","0.8247999548912048","0.8247999548912048"
"34299","0.8251000046730042","0.8251000046730042","0.8251000046730042"
"34310","0.8251999616622925","0.8251999616622925","0.8251999616622925"
"34321","0.8252999782562256","0.8252999782562256","0.8252999782562256"
"34332","0.8253999948501587","0.8253999948501587","0.8253999948501587"
"34343","0.825499951839447","0.825499951839447","0.825499951839447"
"34354","0.8258000016212463","0.8258000016212463","0.8258000016212463"
"34365","0.8258000016212463","0.8258000016212463","0.8258000016212463"
"34376","0.8259999752044678","0.8259999752044678","0.8259999752044678"
"34387","0.8263999819755554","0.8263999819755554","0.8263999819755554"
"34398","0.8263999819755554","0.8263999819755554","0.8263999819755554"
"34409","0.8265999555587769","0.8265999555587769","0.8265999555587769"
"34420","0.8267999887466431","0.8267999887466431","0.8267999887466431"
"34431","0.8270999789237976","0.8270999789237976","0.8270999789237976"
"34442","0.8269999623298645","0.8269999623298645","0.8269999623298645"
"34453","0.8273999691009521","0.8273999691009521","0.8273999691009521"
"34464","0.8276000022888184","0.8276000022888184","0.8276000022888184"
"34475","0.8276000022888184","0.8276000022888184","0.8276000022888184"
"34486","0.8276999592781067","0.8276999592781067","0.8276999592781067"
"34497","0.8281999826431274","0.8281999826431274","0.8281999826431274"
"34508","0.8283999562263489","0.8283999562263489","0.8283999562263489"
"34519","0.8283999562263489","0.8283999562263489","0.8283999562263489"
"34530","0.8285999894142151","0.8285999894142151","0.8285999894142151"
"34541","0.8283999562263489","0.8283999562263489","0.8283999562263489"
"34552","0.8285999894142151","0.8285999894142151","0.8285999894142151"
"34563","0.8285999894142151","0.8285999894142151","0.8285999894142151"
"34574","0.8287999629974365","0.8287999629974365","0.8287999629974365"
"34585","0.8288999795913696","0.8288999795913696","0.8288999795913696"
"34596","0.8289999961853027","0.8289999961853027","0.8289999961853027"
"34607","0.8289999961853027","0.8289999961853027","0.8289999961853027"
"34618","0.8291999697685242","0.8291999697685242","0.8291999697685242"
"34629","0.8294999599456787","0.8294999599456787","0.8294999599456787"
"34640","0.8294999599456787","0.8294999599456787","0.8294999599456787"
"34651","0.8295999765396118","0.8295999765396118","0.8295999765396118"
"34662","0.8299999833106995","0.8299999833106995","0.8299999833106995"
"34673","0.8298999667167664","0.8298999667167664","0.8298999667167664"
"34684","0.8300999999046326","0.8300999999046326","0.8300999999046326"
"34695","0.8301999568939209","0.8301999568939209","0.8301999568939209"
"34706","0.8301999568939209","0.8301999568939209","0.8301999568939209"
"34717","0.830299973487854","0.830299973487854","0.830299973487854"
"34728","0.830299973487854","0.830299973487854","0.830299973487854"
"34739","0.8303999900817871","0.8303999900817871","0.8303999900817871"
"34750","0.8303999900817871","0.8303999900817871","0.8303999900817871"
"34761","0.8303999900817871","0.8303999900817871","0.8303999900817871"
"34772","0.8305000066757202","0.8305000066757202","0.8305000066757202"
"34783","0.8305000066757202","0.8305000066757202","0.8305000066757202"
"34794","0.8307999968528748","0.8307999968528748","0.8307999968528748"
"34805","0.8308999538421631","0.8308999538421631","0.8308999538421631"
"34816","0.8308999538421631","0.8308999538421631","0.8308999538421631"
"34827","0.8308999538421631","0.8308999538421631","0.8308999538421631"
"34838","0.8310999870300293","0.8310999870300293","0.8310999870300293"
"34849","0.8310999870300293","0.8310999870300293","0.8310999870300293"
"34860","0.8313999772071838","0.8313999772071838","0.8313999772071838"
"34871","0.8314999938011169","0.8314999938011169","0.8314999938011169"
"34882","0.8317999839782715","0.8317999839782715","0.8317999839782715"
"34893","0.8319000005722046","0.8319000005722046","0.8319000005722046"
"34904","0.832099974155426","0.832099974155426","0.832099974155426"
"34915","0.8321999907493591","0.8321999907493591","0.8321999907493591"
"34926","0.8323000073432922","0.8323000073432922","0.8323000073432922"
"34937","0.832099974155426","0.832099974155426","0.832099974155426"
"34948","0.8323999643325806","0.8323999643325806","0.8323999643325806"
"34959","0.8324999809265137","0.8324999809265137","0.8324999809265137"
"34970","0.8330000042915344","0.8330000042915344","0.8330000042915344"
"34981","0.8330999612808228","0.8330999612808228","0.8330999612808228"
"34992","0.833299994468689","0.833299994468689","0.833299994468689"
"35003","0.833299994468689","0.833299994468689","0.833299994468689"
"35014","0.833299994468689","0.833299994468689","0.833299994468689"
"35025","0.833299994468689","0.833299994468689","0.833299994468689"
"35036","0.8334999680519104","0.8334999680519104","0.8334999680519104"
"35047","0.8334999680519104","0.8334999680519104","0.8334999680519104"
"35058","0.8334999680519104","0.8334999680519104","0.8334999680519104"
"35069","0.8335999846458435","0.8335999846458435","0.8335999846458435"
"35080","0.8337000012397766","0.8337000012397766","0.8337000012397766"
"35091","0.8337999582290649","0.8337999582290649","0.8337999582290649"
"35102","0.833899974822998","0.833899974822998","0.833899974822998"
"35113","0.833899974822998","0.833899974822998","0.833899974822998"
"35124","0.8339999914169312","0.8339999914169312","0.8339999914169312"
"35135","0.8341000080108643","0.8341000080108643","0.8341000080108643"
"35146","0.8342999815940857","0.8342999815940857","0.8342999815940857"
"35157","0.8343999981880188","0.8343999981880188","0.8343999981880188"
"35168","0.8341999650001526","0.8341999650001526","0.8341999650001526"
"35179","0.8341999650001526","0.8341999650001526","0.8341999650001526"
"35190","0.8345999717712402","0.8345999717712402","0.8345999717712402"
"35201","0.8344999551773071","0.8344999551773071","0.8344999551773071"
"35212","0.8345999717712402","0.8345999717712402","0.8345999717712402"
"35223","0.8348999619483948","0.8348999619483948","0.8348999619483948"
"35234","0.8348999619483948","0.8348999619483948","0.8348999619483948"
"35245","0.835099995136261","0.835099995136261","0.835099995136261"
"35256","0.835099995136261","0.835099995136261","0.835099995136261"
"35267","0.8353999853134155","0.8353999853134155","0.8353999853134155"
"35278","0.8355000019073486","0.8355000019073486","0.8355000019073486"
"35289","0.8357999920845032","0.8357999920845032","0.8357999920845032"
"35300","0.8359999656677246","0.8359999656677246","0.8359999656677246"
"35311","0.8361999988555908","0.8361999988555908","0.8361999988555908"
"35322","0.8363999724388123","0.8363999724388123","0.8363999724388123"
"35333","0.8363999724388123","0.8363999724388123","0.8363999724388123"
"35344","0.8362999558448792","0.8362999558448792","0.8362999558448792"
"35355","0.8363999724388123","0.8363999724388123","0.8363999724388123"
"35366","0.8366999626159668","0.8366999626159668","0.8366999626159668"
"35377","0.8366999626159668","0.8366999626159668","0.8366999626159668"
"35388","0.8367999792098999","0.8367999792098999","0.8367999792098999"
"35399","0.836899995803833","0.836899995803833","0.836899995803833"
"35410","0.8370999693870544","0.8370999693870544","0.8370999693870544"
"35421","0.8373000025749207","0.8373000025749207","0.8373000025749207"
"35432","0.837399959564209","0.837399959564209","0.837399959564209"
"35443","0.8374999761581421","0.8374999761581421","0.8374999761581421"
"35454","0.837399959564209","0.837399959564209","0.837399959564209"
"35465","0.8374999761581421","0.8374999761581421","0.8374999761581421"
"35476","0.8375999927520752","0.8375999927520752","0.8375999927520752"
"35487","0.8376999497413635","0.8376999497413635","0.8376999497413635"
"35498","0.8376999497413635","0.8376999497413635","0.8376999497413635"
"35509","0.8378999829292297","0.8378999829292297","0.8378999829292297"
"35520","0.8380999565124512","0.8380999565124512","0.8380999565124512"
"35531","0.8381999731063843","0.8381999731063843","0.8381999731063843"
"35542","0.8384999632835388","0.8384999632835388","0.8384999632835388"
"35553","0.8385999798774719","0.8385999798774719","0.8385999798774719"
"35564","0.8384999632835388","0.8384999632835388","0.8384999632835388"
"35575","0.838699996471405","0.838699996471405","0.838699996471405"
"35586","0.838699996471405","0.838699996471405","0.838699996471405"
"35597","0.838699996471405","0.838699996471405","0.838699996471405"
"35608","0.838699996471405","0.838699996471405","0.838699996471405"
"35619","0.838699996471405","0.838699996471405","0.838699996471405"
"35630","0.8389999866485596","0.8389999866485596","0.8389999866485596"
"35641","0.8389999866485596","0.8389999866485596","0.8389999866485596"
"35652","0.8389999866485596","0.8389999866485596","0.8389999866485596"
"35663","0.8393999934196472","0.8393999934196472","0.8393999934196472"
"35674","0.8395999670028687","0.8395999670028687","0.8395999670028687"
"35685","0.8395999670028687","0.8395999670028687","0.8395999670028687"
"35696","0.8395999670028687","0.8395999670028687","0.8395999670028687"
"35707","0.8396999835968018","0.8396999835968018","0.8396999835968018"
"35718","0.8396999835968018","0.8396999835968018","0.8396999835968018"
"35729","0.8396999835968018","0.8396999835968018","0.8396999835968018"
"35740","0.8396999835968018","0.8396999835968018","0.8396999835968018"
"35751","0.8398999571800232","0.8398999571800232","0.8398999571800232"
"35762","0.8398999571800232","0.8398999571800232","0.8398999571800232"
"35773","0.8402999639511108","0.8402999639511108","0.8402999639511108"
"35784","0.8402999639511108","0.8402999639511108","0.8402999639511108"
"35795","0.840499997138977","0.840499997138977","0.840499997138977"
"35806","0.840499997138977","0.840499997138977","0.840499997138977"
"35817","0.8406999707221985","0.8406999707221985","0.8406999707221985"
"35828","0.8407999873161316","0.8407999873161316","0.8407999873161316"
"35839","0.8409000039100647","0.8409000039100647","0.8409000039100647"
"35850","0.8409000039100647","0.8409000039100647","0.8409000039100647"
"35861","0.8410999774932861","0.8410999774932861","0.8410999774932861"
"35872","0.8411999940872192","0.8411999940872192","0.8411999940872192"
"35883","0.8414999842643738","0.8414999842643738","0.8414999842643738"
"35894","0.8417999744415283","0.8417999744415283","0.8417999744415283"
"35905","0.8417999744415283","0.8417999744415283","0.8417999744415283"
"35916","0.8418999910354614","0.8418999910354614","0.8418999910354614"
"35927","0.842199981212616","0.842199981212616","0.842199981212616"
"35938","0.8420999646186829","0.8420999646186829","0.8420999646186829"
"35949","0.842199981212616","0.842199981212616","0.842199981212616"
"35960","0.842199981212616","0.842199981212616","0.842199981212616"
"35971","0.8422999978065491","0.8422999978065491","0.8422999978065491"
"35982","0.8422999978065491","0.8422999978065491","0.8422999978065491"
"35993","0.8424999713897705","0.8424999713897705","0.8424999713897705"
"36004","0.842799961566925","0.842799961566925","0.842799961566925"
"36015","0.8430999517440796","0.8430999517440796","0.8430999517440796"
"36026","0.8432999849319458","0.8432999849319458","0.8432999849319458"
"36037","0.8434000015258789","0.8434000015258789","0.8434000015258789"
"36048","0.8435999751091003","0.8435999751091003","0.8435999751091003"
"36059","0.8435999751091003","0.8435999751091003","0.8435999751091003"
"36070","0.8435999751091003","0.8435999751091003","0.8435999751091003"
"36081","0.8438000082969666","0.8438000082969666","0.8438000082969666"
"36092","0.843999981880188","0.843999981880188","0.843999981880188"
"36103","0.843999981880188","0.843999981880188","0.843999981880188"
"36114","0.8440999984741211","0.8440999984741211","0.8440999984741211"
"36125","0.8442999720573425","0.8442999720573425","0.8442999720573425"
"36136","0.8442999720573425","0.8442999720573425","0.8442999720573425"
"36147","0.8445999622344971","0.8445999622344971","0.8445999622344971"
"36158","0.8447999954223633","0.8447999954223633","0.8447999954223633"
"36169","0.8448999524116516","0.8448999524116516","0.8448999524116516"
"36180","0.8450999855995178","0.8450999855995178","0.8450999855995178"
"36191","0.8450999855995178","0.8450999855995178","0.8450999855995178"
"36202","0.8450999855995178","0.8450999855995178","0.8450999855995178"
"36213","0.8450999855995178","0.8450999855995178","0.8450999855995178"
"36224","0.8452000021934509","0.8452000021934509","0.8452000021934509"
"36235","0.8452999591827393","0.8452999591827393","0.8452999591827393"
"36246","0.8455999493598938","0.8455999493598938","0.8455999493598938"
"36257","0.8455999493598938","0.8455999493598938","0.8455999493598938"
"36268","0.8458999991416931","0.8458999991416931","0.8458999991416931"
"36279","0.8459999561309814","0.8459999561309814","0.8459999561309814"
"36290","0.8458999991416931","0.8458999991416931","0.8458999991416931"
"36301","0.8458999991416931","0.8458999991416931","0.8458999991416931"
"36312","0.8459999561309814","0.8459999561309814","0.8459999561309814"
"36323","0.8460999727249146","0.8460999727249146","0.8460999727249146"
"36334","0.8463999629020691","0.8463999629020691","0.8463999629020691"
"36345","0.8465999960899353","0.8465999960899353","0.8465999960899353"
"36356","0.8467999696731567","0.8467999696731567","0.8467999696731567"
"36367","0.8468999862670898","0.8468999862670898","0.8468999862670898"
"36378","0.847000002861023","0.847000002861023","0.847000002861023"
"36389","0.847000002861023","0.847000002861023","0.847000002861023"
"36400","0.8472999930381775","0.8472999930381775","0.8472999930381775"
"36411","0.8473999500274658","0.8473999500274658","0.8473999500274658"
"36422","0.8473999500274658","0.8473999500274658","0.8473999500274658"
"36433","0.8473999500274658","0.8473999500274658","0.8473999500274658"
"36444","0.8473999500274658","0.8473999500274658","0.8473999500274658"
"36455","0.847599983215332","0.847599983215332","0.847599983215332"
"36466","0.8477999567985535","0.8477999567985535","0.8477999567985535"
"36477","0.8478999733924866","0.8478999733924866","0.8478999733924866"
"36488","0.8479999899864197","0.8479999899864197","0.8479999899864197"
"36499","0.8479999899864197","0.8479999899864197","0.8479999899864197"
"36510","0.8482999801635742","0.8482999801635742","0.8482999801635742"
"36521","0.8483999967575073","0.8483999967575073","0.8483999967575073"
"36532","0.8484999537467957","0.8484999537467957","0.8484999537467957"
"36543","0.8485999703407288","0.8485999703407288","0.8485999703407288"
"36554","0.848800003528595","0.848800003528595","0.848800003528595"
"36565","0.8489999771118164","0.8489999771118164","0.8489999771118164"
"36576","0.8491999506950378","0.8491999506950378","0.8491999506950378"
"36587","0.849299967288971","0.849299967288971","0.849299967288971"
"36598","0.849399983882904","0.849399983882904","0.849399983882904"
"36609","0.8495000004768372","0.8495000004768372","0.8495000004768372"
"36620","0.8495000004768372","0.8495000004768372","0.8495000004768372"
"36631","0.8495999574661255","0.8495999574661255","0.8495999574661255"
"36642","0.8495999574661255","0.8495999574661255","0.8495999574661255"
"36653","0.8497999906539917","0.8497999906539917","0.8497999906539917"
"36664","0.8499999642372131","0.8499999642372131","0.8499999642372131"
"36675","0.8499000072479248","0.8499000072479248","0.8499000072479248"
"36686","0.8501999974250793","0.8501999974250793","0.8501999974250793"
"36697","0.8502999544143677","0.8502999544143677","0.8502999544143677"
"36708","0.8503999710083008","0.8503999710083008","0.8503999710083008"
"36719","0.850600004196167","0.850600004196167","0.850600004196167"
"36730","0.8506999611854553","0.8506999611854553","0.8506999611854553"
"36741","0.8506999611854553","0.8506999611854553","0.8506999611854553"
"36752","0.8506999611854553","0.8506999611854553","0.8506999611854553"
"36763","0.8506999611854553","0.8506999611854553","0.8506999611854553"
"36774","0.8507999777793884","0.8507999777793884","0.8507999777793884"
"36785","0.8507999777793884","0.8507999777793884","0.8507999777793884"
"36796","0.8508999943733215","0.8508999943733215","0.8508999943733215"
"36807","0.8508999943733215","0.8508999943733215","0.8508999943733215"
"36818","0.8508999943733215","0.8508999943733215","0.8508999943733215"
"36829","0.8508999943733215","0.8508999943733215","0.8508999943733215"
"36840","0.8508999943733215","0.8508999943733215","0.8508999943733215"
"36851","0.851099967956543","0.851099967956543","0.851099967956543"
"36862","0.8511999845504761","0.8511999845504761","0.8511999845504761"
"36873","0.8514999747276306","0.8514999747276306","0.8514999747276306"
"36884","0.8514999747276306","0.8514999747276306","0.8514999747276306"
"36895","0.8515999913215637","0.8515999913215637","0.8515999913215637"
"36906","0.8517000079154968","0.8517000079154968","0.8517000079154968"
"36917","0.8518999814987183","0.8518999814987183","0.8518999814987183"
"36928","0.8518999814987183","0.8518999814987183","0.8518999814987183"
"36939","0.8518999814987183","0.8518999814987183","0.8518999814987183"
"36950","0.8519999980926514","0.8519999980926514","0.8519999980926514"
"36961","0.8520999550819397","0.8520999550819397","0.8520999550819397"
"36972","0.8522999882698059","0.8522999882698059","0.8522999882698059"
"36983","0.8524999618530273","0.8524999618530273","0.8524999618530273"
"36994","0.8525999784469604","0.8525999784469604","0.8525999784469604"
"37005","0.8526999950408936","0.8526999950408936","0.8526999950408936"
"37016","0.8526999950408936","0.8526999950408936","0.8526999950408936"
"37027","0.8525999784469604","0.8525999784469604","0.8525999784469604"
"37038","0.852899968624115","0.852899968624115","0.852899968624115"
"37049","0.8531999588012695","0.8531999588012695","0.8531999588012695"
"37060","0.8532999753952026","0.8532999753952026","0.8532999753952026"
"37071","0.8533999919891357","0.8533999919891357","0.8533999919891357"
"37082","0.8531999588012695","0.8531999588012695","0.8531999588012695"
"37093","0.8533999919891357","0.8533999919891357","0.8533999919891357"
"37104","0.8533999919891357","0.8533999919891357","0.8533999919891357"
"37115","0.8535999655723572","0.8535999655723572","0.8535999655723572"
"37126","0.8536999821662903","0.8536999821662903","0.8536999821662903"
"37137","0.8538999557495117","0.8538999557495117","0.8538999557495117"
"37148","0.8538999557495117","0.8538999557495117","0.8538999557495117"
"37159","0.8539999723434448","0.8539999723434448","0.8539999723434448"
"37170","0.8539999723434448","0.8539999723434448","0.8539999723434448"
"37181","0.8540999889373779","0.8540999889373779","0.8540999889373779"
"37192","0.8542999625205994","0.8542999625205994","0.8542999625205994"
"37203","0.8542999625205994","0.8542999625205994","0.8542999625205994"
"37214","0.8545999526977539","0.8545999526977539","0.8545999526977539"
"37225","0.854699969291687","0.854699969291687","0.854699969291687"
"37236","0.8544999957084656","0.8544999957084656","0.8544999957084656"
"37247","0.8547999858856201","0.8547999858856201","0.8547999858856201"
"37258","0.8549999594688416","0.8549999594688416","0.8549999594688416"
"37269","0.8550999760627747","0.8550999760627747","0.8550999760627747"
"37280","0.8550999760627747","0.8550999760627747","0.8550999760627747"
"37291","0.8553999662399292","0.8553999662399292","0.8553999662399292"
"37302","0.8552999496459961","0.8552999496459961","0.8552999496459961"
"37313","0.8553999662399292","0.8553999662399292","0.8553999662399292"
"37324","0.8553999662399292","0.8553999662399292","0.8553999662399292"
"37335","0.8557999730110168","0.8557999730110168","0.8557999730110168"
"37346","0.8557999730110168","0.8557999730110168","0.8557999730110168"
"37357","0.8557999730110168","0.8557999730110168","0.8557999730110168"
"37368","0.8561999797821045","0.8561999797821045","0.8561999797821045"
"37379","0.856499969959259","0.856499969959259","0.856499969959259"
"37390","0.8567000031471252","0.8567000031471252","0.8567000031471252"
"37401","0.8572999835014343","0.8572999835014343","0.8572999835014343"
"37412","0.8572999835014343","0.8572999835014343","0.8572999835014343"
"37423","0.8575999736785889","0.8575999736785889","0.8575999736785889"
"37434","0.8575999736785889","0.8575999736785889","0.8575999736785889"
"37445","0.857699990272522","0.857699990272522","0.857699990272522"
"37456","0.8579999804496765","0.8579999804496765","0.8579999804496765"
"37467","0.8580999970436096","0.8580999970436096","0.8580999970436096"
"37478","0.8583999872207642","0.8583999872207642","0.8583999872207642"
"37489","0.8585999608039856","0.8585999608039856","0.8585999608039856"
"37500","0.8585000038146973","0.8585000038146973","0.8585000038146973"
"37511","0.8587999939918518","0.8587999939918518","0.8587999939918518"
"37522","0.8586999773979187","0.8586999773979187","0.8586999773979187"
"37533","0.8589999675750732","0.8589999675750732","0.8589999675750732"
"37544","0.8589999675750732","0.8589999675750732","0.8589999675750732"
"37555","0.8588999509811401","0.8588999509811401","0.8588999509811401"
"37566","0.8592000007629395","0.8592000007629395","0.8592000007629395"
"37577","0.8592000007629395","0.8592000007629395","0.8592000007629395"
"37588","0.8590999841690063","0.8590999841690063","0.8590999841690063"
"37599","0.85999995470047","0.85999995470047","0.85999995470047"
"37610","0.8600999712944031","0.8600999712944031","0.8600999712944031"
"37621","0.8605999946594238","0.8605999946594238","0.8605999946594238"
"37632","0.8606999516487122","0.8606999516487122","0.8606999516487122"
"37643","0.8606999516487122","0.8606999516487122","0.8606999516487122"
"37654","0.8610000014305115","0.8610000014305115","0.8610000014305115"
"37665","0.8610000014305115","0.8610000014305115","0.8610000014305115"
"37676","0.861299991607666","0.861299991607666","0.861299991607666"
"37687","0.8610999584197998","0.8610999584197998","0.8610999584197998"
"37698","0.8613999485969543","0.8613999485969543","0.8613999485969543"
"37709","0.8613999485969543","0.8613999485969543","0.8613999485969543"
"37720","0.8615999817848206","0.8615999817848206","0.8615999817848206"
"37731","0.8615999817848206","0.8615999817848206","0.8615999817848206"
"37742","0.8616999983787537","0.8616999983787537","0.8616999983787537"
"37753","0.8621000051498413","0.8621000051498413","0.8621000051498413"
"37764","0.8621999621391296","0.8621999621391296","0.8621999621391296"
"37775","0.8624999523162842","0.8624999523162842","0.8624999523162842"
"37786","0.8624999523162842","0.8624999523162842","0.8624999523162842"
"37797","0.8624999523162842","0.8624999523162842","0.8624999523162842"
"37808","0.8626999855041504","0.8626999855041504","0.8626999855041504"
"37819","0.8632999658584595","0.8632999658584595","0.8632999658584595"
"37830","0.8632999658584595","0.8632999658584595","0.8632999658584595"
"37841","0.8634999990463257","0.8634999990463257","0.8634999990463257"
"37852","0.8636999726295471","0.8636999726295471","0.8636999726295471"
"37863","0.8639999628067017","0.8639999628067017","0.8639999628067017"
"37874","0.8637999892234802","0.8637999892234802","0.8637999892234802"
"37885","0.8639999628067017","0.8639999628067017","0.8639999628067017"
"37896","0.8641999959945679","0.8641999959945679","0.8641999959945679"
"37907","0.8644999861717224","0.8644999861717224","0.8644999861717224"
"37918","0.8646000027656555","0.8646000027656555","0.8646000027656555"
"37929","0.8644999861717224","0.8644999861717224","0.8644999861717224"
"37940","0.8646000027656555","0.8646000027656555","0.8646000027656555"
"37951","0.8646000027656555","0.8646000027656555","0.8646000027656555"
"37962","0.8648999929428101","0.8648999929428101","0.8648999929428101"
"37973","0.8649999499320984","0.8649999499320984","0.8649999499320984"
"37984","0.8651999831199646","0.8651999831199646","0.8651999831199646"
"37995","0.8654999732971191","0.8654999732971191","0.8654999732971191"
"38006","0.8654999732971191","0.8654999732971191","0.8654999732971191"
"38017","0.8657000064849854","0.8657000064849854","0.8657000064849854"
"38028","0.8657000064849854","0.8657000064849854","0.8657000064849854"
"38039","0.8658999800682068","0.8658999800682068","0.8658999800682068"
"38050","0.8661999702453613","0.8661999702453613","0.8661999702453613"
"38061","0.8682000041007996","0.8682000041007996","0.8682000041007996"
"38072","0.868399977684021","0.868399977684021","0.868399977684021"
"38083","0.868399977684021","0.868399977684021","0.868399977684021"
"38094","0.8687999844551086","0.8687999844551086","0.8687999844551086"
"38105","0.8685999512672424","0.8685999512672424","0.8685999512672424"
"38116","0.8686999678611755","0.8686999678611755","0.8686999678611755"
"38127","0.8690999746322632","0.8690999746322632","0.8690999746322632"
"38138","0.8694999814033508","0.8694999814033508","0.8694999814033508"
"38149","0.8697999715805054","0.8697999715805054","0.8697999715805054"
"38160","0.8697999715805054","0.8697999715805054","0.8697999715805054"
"38171","0.8698999881744385","0.8698999881744385","0.8698999881744385"
"38182","0.8700000047683716","0.8700000047683716","0.8700000047683716"
"38193","0.8703999519348145","0.8703999519348145","0.8703999519348145"
"38204","0.8704999685287476","0.8704999685287476","0.8704999685287476"
"38215","0.8703999519348145","0.8703999519348145","0.8703999519348145"
"38226","0.8703999519348145","0.8703999519348145","0.8703999519348145"
"38237","0.8705999851226807","0.8705999851226807","0.8705999851226807"
"38248","0.8704999685287476","0.8704999685287476","0.8704999685287476"
"38259","0.8707000017166138","0.8707000017166138","0.8707000017166138"
"38270","0.8707999587059021","0.8707999587059021","0.8707999587059021"
"38281","0.8709999918937683","0.8709999918937683","0.8709999918937683"
"38292","0.8712999820709229","0.8712999820709229","0.8712999820709229"
"38303","0.871399998664856","0.871399998664856","0.871399998664856"
"38314","0.8716999888420105","0.8716999888420105","0.8716999888420105"
"38325","0.8716999888420105","0.8716999888420105","0.8716999888420105"
"38336","0.8718999624252319","0.8718999624252319","0.8718999624252319"
"38347","0.8722999691963196","0.8722999691963196","0.8722999691963196"
"38358","0.8723999857902527","0.8723999857902527","0.8723999857902527"
"38369","0.8726999759674072","0.8726999759674072","0.8726999759674072"
"38380","0.8726999759674072","0.8726999759674072","0.8726999759674072"
"38391","0.8727999925613403","0.8727999925613403","0.8727999925613403"
"38402","0.8729999661445618","0.8729999661445618","0.8729999661445618"
"38413","0.8729999661445618","0.8729999661445618","0.8729999661445618"
"38424","0.8728999495506287","0.8728999495506287","0.8728999495506287"
"38435","0.8728999495506287","0.8728999495506287","0.8728999495506287"
"38446","0.8729999661445618","0.8729999661445618","0.8729999661445618"
"38457","0.8730999827384949","0.8730999827384949","0.8730999827384949"
"38468","0.8730999827384949","0.8730999827384949","0.8730999827384949"
"38479","0.8734999895095825","0.8734999895095825","0.8734999895095825"
"38490","0.8736000061035156","0.8736000061035156","0.8736000061035156"
"38501","0.8736000061035156","0.8736000061035156","0.8736000061035156"
"38512","0.8737999796867371","0.8737999796867371","0.8737999796867371"
"38523","0.873699963092804","0.873699963092804","0.873699963092804"
"38534","0.8738999962806702","0.8738999962806702","0.8738999962806702"
"38545","0.8737999796867371","0.8737999796867371","0.8737999796867371"
"38556","0.8738999962806702","0.8738999962806702","0.8738999962806702"
"38567","0.8739999532699585","0.8739999532699585","0.8739999532699585"
"38578","0.8740999698638916","0.8740999698638916","0.8740999698638916"
"38589","0.8740999698638916","0.8740999698638916","0.8740999698638916"
"38600","0.8740999698638916","0.8740999698638916","0.8740999698638916"
"38611","0.8741999864578247","0.8741999864578247","0.8741999864578247"
"38622","0.8743999600410461","0.8743999600410461","0.8743999600410461"
"38633","0.8743999600410461","0.8743999600410461","0.8743999600410461"
"38644","0.8744999766349792","0.8744999766349792","0.8744999766349792"
"38655","0.8744999766349792","0.8744999766349792","0.8744999766349792"
"38666","0.8744999766349792","0.8744999766349792","0.8744999766349792"
"38677","0.8744999766349792","0.8744999766349792","0.8744999766349792"
"38688","0.8746999502182007","0.8746999502182007","0.8746999502182007"
"38699","0.875","0.875","0.875"
"38710","0.8748999834060669","0.8748999834060669","0.8748999834060669"
"38721","0.8748999834060669","0.8748999834060669","0.8748999834060669"
"38732","0.8748999834060669","0.8748999834060669","0.8748999834060669"
"38743","0.8750999569892883","0.8750999569892883","0.8750999569892883"
"38754","0.8750999569892883","0.8750999569892883","0.8750999569892883"
"38765","0.8751999735832214","0.8751999735832214","0.8751999735832214"
"38776","0.8751999735832214","0.8751999735832214","0.8751999735832214"
"38787","0.8754000067710876","0.8754000067710876","0.8754000067710876"
"38798","0.8752999901771545","0.8752999901771545","0.8752999901771545"
"38809","0.875499963760376","0.875499963760376","0.875499963760376"
"38820","0.8755999803543091","0.8755999803543091","0.8755999803543091"
"38831","0.8761000037193298","0.8761000037193298","0.8761000037193298"
"38842","0.8761999607086182","0.8761999607086182","0.8761999607086182"
"38853","0.8765999674797058","0.8765999674797058","0.8765999674797058"
"38864","0.8766999840736389","0.8766999840736389","0.8766999840736389"
"38875","0.8768999576568604","0.8768999576568604","0.8768999576568604"
"38886","0.8768999576568604","0.8768999576568604","0.8768999576568604"
"38897","0.8769999742507935","0.8769999742507935","0.8769999742507935"
"38908","0.877299964427948","0.877299964427948","0.877299964427948"
"38919","0.8774999976158142","0.8774999976158142","0.8774999976158142"
"38930","0.8773999810218811","0.8773999810218811","0.8773999810218811"
"38941","0.8775999546051025","0.8775999546051025","0.8775999546051025"
"38952","0.8776999711990356","0.8776999711990356","0.8776999711990356"
"38963","0.8777999877929688","0.8777999877929688","0.8777999877929688"
"38974","0.8777999877929688","0.8777999877929688","0.8777999877929688"
"38985","0.8779000043869019","0.8779000043869019","0.8779000043869019"
"38996","0.8782999515533447","0.8782999515533447","0.8782999515533447"
"39007","0.878600001335144","0.878600001335144","0.878600001335144"
"39018","0.878600001335144","0.878600001335144","0.878600001335144"
"39029","0.8787999749183655","0.8787999749183655","0.8787999749183655"
"39040","0.87909996509552","0.87909996509552","0.87909996509552"
"39051","0.87909996509552","0.87909996509552","0.87909996509552"
"39062","0.87909996509552","0.87909996509552","0.87909996509552"
"39073","0.8792999982833862","0.8792999982833862","0.8792999982833862"
"39084","0.8793999552726746","0.8793999552726746","0.8793999552726746"
"39095","0.8797000050544739","0.8797000050544739","0.8797000050544739"
"39106","0.8797000050544739","0.8797000050544739","0.8797000050544739"
"39117","0.8795999884605408","0.8795999884605408","0.8795999884605408"
"39128","0.8798999786376953","0.8798999786376953","0.8798999786376953"
"39139","0.8800999522209167","0.8800999522209167","0.8800999522209167"
"39150","0.8801999688148499","0.8801999688148499","0.8801999688148499"
"39161","0.8801999688148499","0.8801999688148499","0.8801999688148499"
"39172","0.8804000020027161","0.8804000020027161","0.8804000020027161"
"39183","0.8804999589920044","0.8804999589920044","0.8804999589920044"
"39194","0.8805999755859375","0.8805999755859375","0.8805999755859375"
"39205","0.8804999589920044","0.8804999589920044","0.8804999589920044"
"39216","0.8805999755859375","0.8805999755859375","0.8805999755859375"
"39227","0.8804999589920044","0.8804999589920044","0.8804999589920044"
"39238","0.880899965763092","0.880899965763092","0.880899965763092"
"39249","0.880899965763092","0.880899965763092","0.880899965763092"
"39260","0.880899965763092","0.880899965763092","0.880899965763092"
"39271","0.880899965763092","0.880899965763092","0.880899965763092"
"39282","0.8809999823570251","0.8809999823570251","0.8809999823570251"
"39293","0.880899965763092","0.880899965763092","0.880899965763092"
"39304","0.8810999989509583","0.8810999989509583","0.8810999989509583"
"39315","0.8812999725341797","0.8812999725341797","0.8812999725341797"
"39326","0.8812999725341797","0.8812999725341797","0.8812999725341797"
"39337","0.8812999725341797","0.8812999725341797","0.8812999725341797"
"39348","0.8812999725341797","0.8812999725341797","0.8812999725341797"
"39359","0.8815999627113342","0.8815999627113342","0.8815999627113342"
"39370","0.8815000057220459","0.8815000057220459","0.8815000057220459"
"39381","0.8815000057220459","0.8815000057220459","0.8815000057220459"
"39392","0.8818999528884888","0.8818999528884888","0.8818999528884888"
"39403","0.8817999958992004","0.8817999958992004","0.8817999958992004"
"39414","0.8818999528884888","0.8818999528884888","0.8818999528884888"
"39425","0.882099986076355","0.882099986076355","0.882099986076355"
"39436","0.882099986076355","0.882099986076355","0.882099986076355"
"39447","0.8822999596595764","0.8822999596595764","0.8822999596595764"
"39458","0.8822999596595764","0.8822999596595764","0.8822999596595764"
"39469","0.8824999928474426","0.8824999928474426","0.8824999928474426"
"39480","0.882599949836731","0.882599949836731","0.882599949836731"
"39491","0.8827999830245972","0.8827999830245972","0.8827999830245972"
"39502","0.8828999996185303","0.8828999996185303","0.8828999996185303"
"39513","0.8829999566078186","0.8829999566078186","0.8829999566078186"
"39524","0.8829999566078186","0.8829999566078186","0.8829999566078186"
"39535","0.8831999897956848","0.8831999897956848","0.8831999897956848"
"39546","0.8833000063896179","0.8833000063896179","0.8833000063896179"
"39557","0.8833000063896179","0.8833000063896179","0.8833000063896179"
"39568","0.8833999633789062","0.8833999633789062","0.8833999633789062"
"39579","0.8834999799728394","0.8834999799728394","0.8834999799728394"
"39590","0.8835999965667725","0.8835999965667725","0.8835999965667725"
"39601","0.8835999965667725","0.8835999965667725","0.8835999965667725"
"39612","0.8836999535560608","0.8836999535560608","0.8836999535560608"
"39623","0.8833999633789062","0.8833999633789062","0.8833999633789062"
"39634","0.8834999799728394","0.8834999799728394","0.8834999799728394"
"39645","0.8834999799728394","0.8834999799728394","0.8834999799728394"
"39656","0.8837999701499939","0.8837999701499939","0.8837999701499939"
"39667","0.8837999701499939","0.8837999701499939","0.8837999701499939"
"39678","0.8837999701499939","0.8837999701499939","0.8837999701499939"
"39689","0.883899986743927","0.883899986743927","0.883899986743927"
"39700","0.8840000033378601","0.8840000033378601","0.8840000033378601"
"39711","0.8840999603271484","0.8840999603271484","0.8840999603271484"
"39722","0.8841999769210815","0.8841999769210815","0.8841999769210815"
"39733","0.884399950504303","0.884399950504303","0.884399950504303"
"39744","0.8842999935150146","0.8842999935150146","0.8842999935150146"
"39755","0.8845999836921692","0.8845999836921692","0.8845999836921692"
"39766","0.884399950504303","0.884399950504303","0.884399950504303"
"39777","0.8842999935150146","0.8842999935150146","0.8842999935150146"
"39788","0.8845999836921692","0.8845999836921692","0.8845999836921692"
"39799","0.8844999670982361","0.8844999670982361","0.8844999670982361"
"39810","0.8845999836921692","0.8845999836921692","0.8845999836921692"
"39821","0.8845999836921692","0.8845999836921692","0.8845999836921692"
"39832","0.8847000002861023","0.8847000002861023","0.8847000002861023"
"39843","0.8847999572753906","0.8847999572753906","0.8847999572753906"
"39854","0.8847999572753906","0.8847999572753906","0.8847999572753906"
"39865","0.8851000070571899","0.8851000070571899","0.8851000070571899"
"39876","0.8851000070571899","0.8851000070571899","0.8851000070571899"
"39887","0.8851999640464783","0.8851999640464783","0.8851999640464783"
"39898","0.8851999640464783","0.8851999640464783","0.8851999640464783"
"39909","0.8852999806404114","0.8852999806404114","0.8852999806404114"
"39920","0.8853999972343445","0.8853999972343445","0.8853999972343445"
"39931","0.8853999972343445","0.8853999972343445","0.8853999972343445"
"39942","0.8854999542236328","0.8854999542236328","0.8854999542236328"
"39953","0.8854999542236328","0.8854999542236328","0.8854999542236328"
"39964","0.8855999708175659","0.8855999708175659","0.8855999708175659"
"39975","0.8855999708175659","0.8855999708175659","0.8855999708175659"
"39986","0.8855999708175659","0.8855999708175659","0.8855999708175659"
"39997","0.8855999708175659","0.8855999708175659","0.8855999708175659"
"40008","0.885699987411499","0.885699987411499","0.885699987411499"
"40019","0.8858000040054321","0.8858000040054321","0.8858000040054321"
"40030","0.8859999775886536","0.8859999775886536","0.8859999775886536"
"40041","0.8858999609947205","0.8858999609947205","0.8858999609947205"
"40052","0.8858999609947205","0.8858999609947205","0.8858999609947205"
"40063","0.8858999609947205","0.8858999609947205","0.8858999609947205"
"40074","0.8859999775886536","0.8859999775886536","0.8859999775886536"
"40085","0.886199951171875","0.886199951171875","0.886199951171875"
"40096","0.8862999677658081","0.8862999677658081","0.8862999677658081"
"40107","0.8863999843597412","0.8863999843597412","0.8863999843597412"
"40118","0.8865999579429626","0.8865999579429626","0.8865999579429626"
"40129","0.8865000009536743","0.8865000009536743","0.8865000009536743"
"40140","0.8866999745368958","0.8866999745368958","0.8866999745368958"
"40151","0.8867999911308289","0.8867999911308289","0.8867999911308289"
"40162","0.8866999745368958","0.8866999745368958","0.8866999745368958"
"40173","0.8868999481201172","0.8868999481201172","0.8868999481201172"
"40184","0.8870999813079834","0.8870999813079834","0.8870999813079834"
"40195","0.8870999813079834","0.8870999813079834","0.8870999813079834"
"40206","0.8870999813079834","0.8870999813079834","0.8870999813079834"
"40217","0.8871999979019165","0.8871999979019165","0.8871999979019165"
"40228","0.8872999548912048","0.8872999548912048","0.8872999548912048"
"40239","0.887499988079071","0.887499988079071","0.887499988079071"
"40250","0.887499988079071","0.887499988079071","0.887499988079071"
"40261","0.887499988079071","0.887499988079071","0.887499988079071"
"40272","0.8876999616622925","0.8876999616622925","0.8876999616622925"
"40283","0.887999951839447","0.887999951839447","0.887999951839447"
"40294","0.887999951839447","0.887999951839447","0.887999951839447"
"40305","0.887999951839447","0.887999951839447","0.887999951839447"
"40316","0.8880999684333801","0.8880999684333801","0.8880999684333801"
"40327","0.8881999850273132","0.8881999850273132","0.8881999850273132"
"40338","0.8881999850273132","0.8881999850273132","0.8881999850273132"
"40349","0.8881999850273132","0.8881999850273132","0.8881999850273132"
"40360","0.8883000016212463","0.8883000016212463","0.8883000016212463"
"40371","0.8886999487876892","0.8886999487876892","0.8886999487876892"
"40382","0.8885999917984009","0.8885999917984009","0.8885999917984009"
"40393","0.8885999917984009","0.8885999917984009","0.8885999917984009"
"40404","0.8885999917984009","0.8885999917984009","0.8885999917984009"
"40415","0.8886999487876892","0.8886999487876892","0.8886999487876892"
"40426","0.8890999555587769","0.8890999555587769","0.8890999555587769"
"40437","0.8890999555587769","0.8890999555587769","0.8890999555587769"
"40448","0.88919997215271","0.88919997215271","0.88919997215271"
"40459","0.8894000053405762","0.8894000053405762","0.8894000053405762"
"40470","0.8895999789237976","0.8895999789237976","0.8895999789237976"
"40481","0.8895999789237976","0.8895999789237976","0.8895999789237976"
"40492","0.8895999789237976","0.8895999789237976","0.8895999789237976"
"40503","0.8895999789237976","0.8895999789237976","0.8895999789237976"
"40514","0.8896999955177307","0.8896999955177307","0.8896999955177307"
"40525","0.8901000022888184","0.8901000022888184","0.8901000022888184"
"40536","0.8901000022888184","0.8901000022888184","0.8901000022888184"
"40547","0.8901000022888184","0.8901000022888184","0.8901000022888184"
"40558","0.8903999924659729","0.8903999924659729","0.8903999924659729"
"40569","0.8904999494552612","0.8904999494552612","0.8904999494552612"
"40580","0.8905999660491943","0.8905999660491943","0.8905999660491943"
"40591","0.8907999992370605","0.8907999992370605","0.8907999992370605"
"40602","0.8907999992370605","0.8907999992370605","0.8907999992370605"
"40613","0.890999972820282","0.890999972820282","0.890999972820282"
"40624","0.8908999562263489","0.8908999562263489","0.8908999562263489"
"40635","0.8913999795913696","0.8913999795913696","0.8913999795913696"
"40646","0.8915999531745911","0.8915999531745911","0.8915999531745911"
"40657","0.8919999599456787","0.8919999599456787","0.8919999599456787"
"40668","0.8917999863624573","0.8917999863624573","0.8917999863624573"
"40679","0.8917999863624573","0.8917999863624573","0.8917999863624573"
"40690","0.8919999599456787","0.8919999599456787","0.8919999599456787"
"40701","0.8920999765396118","0.8920999765396118","0.8920999765396118"
"40712","0.8922999501228333","0.8922999501228333","0.8922999501228333"
"40723","0.8922999501228333","0.8922999501228333","0.8922999501228333"
"40734","0.8922999501228333","0.8922999501228333","0.8922999501228333"
"40745","0.8923999667167664","0.8923999667167664","0.8923999667167664"
"40756","0.8924999833106995","0.8924999833106995","0.8924999833106995"
"40767","0.892799973487854","0.892799973487854","0.892799973487854"
"40778","0.892799973487854","0.892799973487854","0.892799973487854"
"40789","0.892799973487854","0.892799973487854","0.892799973487854"
"40800","0.8928999900817871","0.8928999900817871","0.8928999900817871"
"40811","0.892799973487854","0.892799973487854","0.892799973487854"
"40822","0.8928999900817871","0.8928999900817871","0.8928999900817871"
"40833","0.8930000066757202","0.8930000066757202","0.8930000066757202"
"40844","0.8930000066757202","0.8930000066757202","0.8930000066757202"
"40855","0.8930999636650085","0.8930999636650085","0.8930999636650085"
"40866","0.8932999968528748","0.8932999968528748","0.8932999968528748"
"40877","0.8931999802589417","0.8931999802589417","0.8931999802589417"
"40888","0.8933999538421631","0.8933999538421631","0.8933999538421631"
"40899","0.8932999968528748","0.8932999968528748","0.8932999968528748"
"40910","0.8932999968528748","0.8932999968528748","0.8932999968528748"
"40921","0.8935999870300293","0.8935999870300293","0.8935999870300293"
"40932","0.8934999704360962","0.8934999704360962","0.8934999704360962"
"40943","0.8938999772071838","0.8938999772071838","0.8938999772071838"
"40954","0.8938999772071838","0.8938999772071838","0.8938999772071838"
"40965","0.8937999606132507","0.8937999606132507","0.8937999606132507"
"40976","0.8938999772071838","0.8938999772071838","0.8938999772071838"
"40987","0.8938999772071838","0.8938999772071838","0.8938999772071838"
"40998","0.8939999938011169","0.8939999938011169","0.8939999938011169"
"41009","0.8939999938011169","0.8939999938011169","0.8939999938011169"
"41020","0.8940999507904053","0.8940999507904053","0.8940999507904053"
"41031","0.8940999507904053","0.8940999507904053","0.8940999507904053"
"41042","0.8940999507904053","0.8940999507904053","0.8940999507904053"
"41053","0.8940999507904053","0.8940999507904053","0.8940999507904053"
"41064","0.8942999839782715","0.8942999839782715","0.8942999839782715"
"41075","0.8944000005722046","0.8944000005722046","0.8944000005722046"
"41086","0.8944999575614929","0.8944999575614929","0.8944999575614929"
"41097","0.8944999575614929","0.8944999575614929","0.8944999575614929"
"41108","0.8947999477386475","0.8947999477386475","0.8947999477386475"
"41119","0.8946999907493591","0.8946999907493591","0.8946999907493591"
"41130","0.8947999477386475","0.8947999477386475","0.8947999477386475"
"41141","0.8949999809265137","0.8949999809265137","0.8949999809265137"
"41152","0.8948999643325806","0.8948999643325806","0.8948999643325806"
"41163","0.8947999477386475","0.8947999477386475","0.8947999477386475"
"41174","0.8947999477386475","0.8947999477386475","0.8947999477386475"
"41185","0.8949999809265137","0.8949999809265137","0.8949999809265137"
"41196","0.8948999643325806","0.8948999643325806","0.8948999643325806"
"41207","0.8948999643325806","0.8948999643325806","0.8948999643325806"
"41218","0.8951999545097351","0.8951999545097351","0.8951999545097351"
"41229","0.8952999711036682","0.8952999711036682","0.8952999711036682"
"41240","0.8952999711036682","0.8952999711036682","0.8952999711036682"
"41251","0.8952999711036682","0.8952999711036682","0.8952999711036682"
"41262","0.8952999711036682","0.8952999711036682","0.8952999711036682"
"41273","0.8952999711036682","0.8952999711036682","0.8952999711036682"
"41284","0.8955000042915344","0.8955000042915344","0.8955000042915344"
"41295","0.8955000042915344","0.8955000042915344","0.8955000042915344"
"41306","0.8953999876976013","0.8953999876976013","0.8953999876976013"
"41317","0.8956999778747559","0.8956999778747559","0.8956999778747559"
"41328","0.895799994468689","0.895799994468689","0.895799994468689"
"41339","0.8958999514579773","0.8958999514579773","0.8958999514579773"
"41350","0.8958999514579773","0.8958999514579773","0.8958999514579773"
"41361","0.8960999846458435","0.8960999846458435","0.8960999846458435"
"41372","0.8962000012397766","0.8962000012397766","0.8962000012397766"
"41383","0.8962999582290649","0.8962999582290649","0.8962999582290649"
"41394","0.896399974822998","0.896399974822998","0.896399974822998"
"41405","0.896399974822998","0.896399974822998","0.896399974822998"
"41416","0.896399974822998","0.896399974822998","0.896399974822998"
"41427","0.896399974822998","0.896399974822998","0.896399974822998"
"41438","0.8965999484062195","0.8965999484062195","0.8965999484062195"
"41449","0.8965999484062195","0.8965999484062195","0.8965999484062195"
"41460","0.8964999914169312","0.8964999914169312","0.8964999914169312"
"41471","0.8966999650001526","0.8966999650001526","0.8966999650001526"
"41482","0.8968999981880188","0.8968999981880188","0.8968999981880188"
"41493","0.8970999717712402","0.8970999717712402","0.8970999717712402"
"41504","0.8971999883651733","0.8971999883651733","0.8971999883651733"
"41515","0.8973999619483948","0.8973999619483948","0.8973999619483948"
"41526","0.8974999785423279","0.8974999785423279","0.8974999785423279"
"41537","0.8974999785423279","0.8974999785423279","0.8974999785423279"
"41548","0.8974999785423279","0.8974999785423279","0.8974999785423279"
"41559","0.897599995136261","0.897599995136261","0.897599995136261"
"41570","0.8978999853134155","0.8978999853134155","0.8978999853134155"
"41581","0.898099958896637","0.898099958896637","0.898099958896637"
"41592","0.898099958896637","0.898099958896637","0.898099958896637"
"41603","0.898099958896637","0.898099958896637","0.898099958896637"
"41614","0.898099958896637","0.898099958896637","0.898099958896637"
"41625","0.8983999490737915","0.8983999490737915","0.8983999490737915"
"41636","0.8983999490737915","0.8983999490737915","0.8983999490737915"
"41647","0.8985999822616577","0.8985999822616577","0.8985999822616577"
"41658","0.8985999822616577","0.8985999822616577","0.8985999822616577"
"41669","0.8982999920845032","0.8982999920845032","0.8982999920845032"
"41680","0.8986999988555908","0.8986999988555908","0.8986999988555908"
"41691","0.8985999822616577","0.8985999822616577","0.8985999822616577"
"41702","0.8985999822616577","0.8985999822616577","0.8985999822616577"
"41713","0.8987999558448792","0.8987999558448792","0.8987999558448792"
"41724","0.8988999724388123","0.8988999724388123","0.8988999724388123"
"41735","0.8988999724388123","0.8988999724388123","0.8988999724388123"
"41746","0.8988999724388123","0.8988999724388123","0.8988999724388123"
"41757","0.8989999890327454","0.8989999890327454","0.8989999890327454"
"41768","0.8987999558448792","0.8987999558448792","0.8987999558448792"
"41779","0.8989999890327454","0.8989999890327454","0.8989999890327454"
"41790","0.8986999988555908","0.8986999988555908","0.8986999988555908"
"41801","0.8986999988555908","0.8986999988555908","0.8986999988555908"
"41812","0.8988999724388123","0.8988999724388123","0.8988999724388123"
"41823","0.8991000056266785","0.8991000056266785","0.8991000056266785"
"41834","0.8991999626159668","0.8991999626159668","0.8991999626159668"
"41845","0.8994999527931213","0.8994999527931213","0.8994999527931213"
"41856","0.8996999859809875","0.8996999859809875","0.8996999859809875"
"41867","0.8998000025749207","0.8998000025749207","0.8998000025749207"
"41878","0.8998000025749207","0.8998000025749207","0.8998000025749207"
"41889","0.8999999761581421","0.8999999761581421","0.8999999761581421"
"41900","0.9002999663352966","0.9002999663352966","0.9002999663352966"
"41911","0.9001999497413635","0.9001999497413635","0.9001999497413635"
"41922","0.9001999497413635","0.9001999497413635","0.9001999497413635"
"41933","0.9002999663352966","0.9002999663352966","0.9002999663352966"
"41944","0.9006999731063843","0.9006999731063843","0.9006999731063843"
"41955","0.9009000062942505","0.9009000062942505","0.9009000062942505"
"41966","0.9007999897003174","0.9007999897003174","0.9007999897003174"
"41977","0.9009000062942505","0.9009000062942505","0.9009000062942505"
"41988","0.9009000062942505","0.9009000062942505","0.9009000062942505"
"41999","0.9009000062942505","0.9009000062942505","0.9009000062942505"
"42010","0.9009999632835388","0.9009999632835388","0.9009999632835388"
"42021","0.9009000062942505","0.9009000062942505","0.9009000062942505"
"42032","0.9009999632835388","0.9009999632835388","0.9009999632835388"
"42043","0.9009999632835388","0.9009999632835388","0.9009999632835388"
"42054","0.9009000062942505","0.9009000062942505","0.9009000062942505"
"42065","0.9010999798774719","0.9010999798774719","0.9010999798774719"
"42076","0.9009999632835388","0.9009999632835388","0.9009999632835388"
"42087","0.9009999632835388","0.9009999632835388","0.9009999632835388"
"42098","0.9009999632835388","0.9009999632835388","0.9009999632835388"
"42109","0.9009999632835388","0.9009999632835388","0.9009999632835388"
"42120","0.9010999798774719","0.9010999798774719","0.9010999798774719"
"42131","0.9012999534606934","0.9012999534606934","0.9012999534606934"
"42142","0.9013999700546265","0.9013999700546265","0.9013999700546265"
"42153","0.9012999534606934","0.9012999534606934","0.9012999534606934"
"42164","0.9012999534606934","0.9012999534606934","0.9012999534606934"
"42175","0.9013999700546265","0.9013999700546265","0.9013999700546265"
"42186","0.9013999700546265","0.9013999700546265","0.9013999700546265"
"42197","0.901699960231781","0.901699960231781","0.901699960231781"
"42208","0.9017999768257141","0.9017999768257141","0.9017999768257141"
"42219","0.9018999934196472","0.9018999934196472","0.9018999934196472"
"42230","0.9019999504089355","0.9019999504089355","0.9019999504089355"
"42241","0.9019999504089355","0.9019999504089355","0.9019999504089355"
"42252","0.9019999504089355","0.9019999504089355","0.9019999504089355"
"42263","0.9019999504089355","0.9019999504089355","0.9019999504089355"
"42274","0.9018999934196472","0.9018999934196472","0.9018999934196472"
"42285","0.9019999504089355","0.9019999504089355","0.9019999504089355"
"42296","0.9019999504089355","0.9019999504089355","0.9019999504089355"
"42307","0.9019999504089355","0.9019999504089355","0.9019999504089355"
"42318","0.9020999670028687","0.9020999670028687","0.9020999670028687"
"42329","0.9021999835968018","0.9021999835968018","0.9021999835968018"
"42340","0.9020999670028687","0.9020999670028687","0.9020999670028687"
"42351","0.9020999670028687","0.9020999670028687","0.9020999670028687"
"42362","0.9020999670028687","0.9020999670028687","0.9020999670028687"
"42373","0.9021999835968018","0.9021999835968018","0.9021999835968018"
"42384","0.9023000001907349","0.9023000001907349","0.9023000001907349"
"42395","0.9023000001907349","0.9023000001907349","0.9023000001907349"
"42406","0.9021999835968018","0.9021999835968018","0.9021999835968018"
"42417","0.9023999571800232","0.9023999571800232","0.9023999571800232"
"42428","0.9023999571800232","0.9023999571800232","0.9023999571800232"
"42439","0.9024999737739563","0.9024999737739563","0.9024999737739563"
"42450","0.9025999903678894","0.9025999903678894","0.9025999903678894"
"42461","0.9027000069618225","0.9027000069618225","0.9027000069618225"
"42472","0.9027000069618225","0.9027000069618225","0.9027000069618225"
"42483","0.902899980545044","0.902899980545044","0.902899980545044"
"42494","0.902899980545044","0.902899980545044","0.902899980545044"
"42505","0.902999997138977","0.902999997138977","0.902999997138977"
"42516","0.902999997138977","0.902999997138977","0.902999997138977"
"42527","0.9030999541282654","0.9030999541282654","0.9030999541282654"
"42538","0.903499960899353","0.903499960899353","0.903499960899353"
"42549","0.9035999774932861","0.9035999774932861","0.9035999774932861"
"42560","0.9035999774932861","0.9035999774932861","0.9035999774932861"
"42571","0.9035999774932861","0.9035999774932861","0.9035999774932861"
"42582","0.9035999774932861","0.9035999774932861","0.9035999774932861"
"42593","0.9035999774932861","0.9035999774932861","0.9035999774932861"
"42604","0.9035999774932861","0.9035999774932861","0.9035999774932861"
"42615","0.9036999940872192","0.9036999940872192","0.9036999940872192"
"42626","0.9036999940872192","0.9036999940872192","0.9036999940872192"
"42637","0.9037999510765076","0.9037999510765076","0.9037999510765076"
"42648","0.9036999940872192","0.9036999940872192","0.9036999940872192"
"42659","0.9037999510765076","0.9037999510765076","0.9037999510765076"
"42670","0.9037999510765076","0.9037999510765076","0.9037999510765076"
"42681","0.9038999676704407","0.9038999676704407","0.9038999676704407"
"42692","0.9039999842643738","0.9039999842643738","0.9039999842643738"
"42703","0.9041999578475952","0.9041999578475952","0.9041999578475952"
"42714","0.9042999744415283","0.9042999744415283","0.9042999744415283"
"42725","0.9043999910354614","0.9043999910354614","0.9043999910354614"
"42736","0.9043999910354614","0.9043999910354614","0.9043999910354614"
"42747","0.9043999910354614","0.9043999910354614","0.9043999910354614"
"42758","0.9044999480247498","0.9044999480247498","0.9044999480247498"
"42769","0.9044999480247498","0.9044999480247498","0.9044999480247498"
"42780","0.9043999910354614","0.9043999910354614","0.9043999910354614"
"42791","0.9043999910354614","0.9043999910354614","0.9043999910354614"
"42802","0.9043999910354614","0.9043999910354614","0.9043999910354614"
"42813","0.9045999646186829","0.9045999646186829","0.9045999646186829"
"42824","0.9044999480247498","0.9044999480247498","0.9044999480247498"
"42835","0.9045999646186829","0.9045999646186829","0.9045999646186829"
"42846","0.9045999646186829","0.9045999646186829","0.9045999646186829"
"42857","0.9045999646186829","0.9045999646186829","0.9045999646186829"
"42868","0.9045999646186829","0.9045999646186829","0.9045999646186829"
"42879","0.904699981212616","0.904699981212616","0.904699981212616"
"42890","0.9047999978065491","0.9047999978065491","0.9047999978065491"
"42901","0.904699981212616","0.904699981212616","0.904699981212616"
"42912","0.9047999978065491","0.9047999978065491","0.9047999978065491"
"42923","0.904699981212616","0.904699981212616","0.904699981212616"
"42934","0.9047999978065491","0.9047999978065491","0.9047999978065491"
"42945","0.9047999978065491","0.9047999978065491","0.9047999978065491"
"42956","0.9047999978065491","0.9047999978065491","0.9047999978065491"
"42967","0.9047999978065491","0.9047999978065491","0.9047999978065491"
"42978","0.9047999978065491","0.9047999978065491","0.9047999978065491"
"42989","0.9047999978065491","0.9047999978065491","0.9047999978065491"
"43000","0.9049999713897705","0.9049999713897705","0.9049999713897705"
"43011","0.9048999547958374","0.9048999547958374","0.9048999547958374"
"43022","0.9048999547958374","0.9048999547958374","0.9048999547958374"
"43033","0.9048999547958374","0.9048999547958374","0.9048999547958374"
"43044","0.9049999713897705","0.9049999713897705","0.9049999713897705"
"43055","0.9049999713897705","0.9049999713897705","0.9049999713897705"
"43066","0.9050999879837036","0.9050999879837036","0.9050999879837036"
"43077","0.9049999713897705","0.9049999713897705","0.9049999713897705"
"43088","0.9050999879837036","0.9050999879837036","0.9050999879837036"
"43099","0.9052000045776367","0.9052000045776367","0.9052000045776367"
"43110","0.9052000045776367","0.9052000045776367","0.9052000045776367"
"43121","0.9052000045776367","0.9052000045776367","0.9052000045776367"
"43132","0.905299961566925","0.905299961566925","0.905299961566925"
"43143","0.905299961566925","0.905299961566925","0.905299961566925"
"43154","0.905299961566925","0.905299961566925","0.905299961566925"
"43165","0.905299961566925","0.905299961566925","0.905299961566925"
"43176","0.9053999781608582","0.9053999781608582","0.9053999781608582"
"43187","0.9055999517440796","0.9055999517440796","0.9055999517440796"
"43198","0.9055999517440796","0.9055999517440796","0.9055999517440796"
"43209","0.9055999517440796","0.9055999517440796","0.9055999517440796"
"43220","0.9055999517440796","0.9055999517440796","0.9055999517440796"
"43231","0.9055999517440796","0.9055999517440796","0.9055999517440796"
"43242","0.9055999517440796","0.9055999517440796","0.9055999517440796"
"43253","0.9054999947547913","0.9054999947547913","0.9054999947547913"
"43264","0.9055999517440796","0.9055999517440796","0.9055999517440796"
"43275","0.9054999947547913","0.9054999947547913","0.9054999947547913"
"43286","0.9054999947547913","0.9054999947547913","0.9054999947547913"
"43297","0.9054999947547913","0.9054999947547913","0.9054999947547913"
"43308","0.9055999517440796","0.9055999517440796","0.9055999517440796"
"43319","0.9055999517440796","0.9055999517440796","0.9055999517440796"
"43330","0.9057999849319458","0.9057999849319458","0.9057999849319458"
"43341","0.9059000015258789","0.9059000015258789","0.9059000015258789"
"43352","0.9057999849319458","0.9057999849319458","0.9057999849319458"
"43363","0.9057999849319458","0.9057999849319458","0.9057999849319458"
"43374","0.9059000015258789","0.9059000015258789","0.9059000015258789"
"43385","0.9059999585151672","0.9059999585151672","0.9059999585151672"
"43396","0.9060999751091003","0.9060999751091003","0.9060999751091003"
"43407","0.9059999585151672","0.9059999585151672","0.9059999585151672"
"43418","0.9060999751091003","0.9060999751091003","0.9060999751091003"
"43429","0.9060999751091003","0.9060999751091003","0.9060999751091003"
"43440","0.9060999751091003","0.9060999751091003","0.9060999751091003"
"43451","0.9061999917030334","0.9061999917030334","0.9061999917030334"
"43462","0.9062999486923218","0.9062999486923218","0.9062999486923218"
"43473","0.9062999486923218","0.9062999486923218","0.9062999486923218"
"43484","0.906499981880188","0.906499981880188","0.906499981880188"
"43495","0.9065999984741211","0.9065999984741211","0.9065999984741211"
"43506","0.9065999984741211","0.9065999984741211","0.9065999984741211"
"43517","0.9065999984741211","0.9065999984741211","0.9065999984741211"
"43528","0.906499981880188","0.906499981880188","0.906499981880188"
"43539","0.9068999886512756","0.9068999886512756","0.9068999886512756"
"43550","0.9070999622344971","0.9070999622344971","0.9070999622344971"
"43561","0.9071999788284302","0.9071999788284302","0.9071999788284302"
"43572","0.9071999788284302","0.9071999788284302","0.9071999788284302"
"43583","0.9071999788284302","0.9071999788284302","0.9071999788284302"
"43594","0.9070999622344971","0.9070999622344971","0.9070999622344971"
"43605","0.9079999923706055","0.9079999923706055","0.9079999923706055"
"43616","0.9085999727249146","0.9085999727249146","0.9085999727249146"
"43627","0.9084999561309814","0.9084999561309814","0.9084999561309814"
"43638","0.9085999727249146","0.9085999727249146","0.9085999727249146"
"43649","0.9089999794960022","0.9089999794960022","0.9089999794960022"
"43660","0.9088999629020691","0.9088999629020691","0.9088999629020691"
"43671","0.9091999530792236","0.9091999530792236","0.9091999530792236"
"43682","0.9089999794960022","0.9089999794960022","0.9089999794960022"
"43693","0.9085999727249146","0.9085999727249146","0.9085999727249146"
"43704","0.9090999960899353","0.9090999960899353","0.9090999960899353"
"43715","0.9091999530792236","0.9091999530792236","0.9091999530792236"
"43726","0.909500002861023","0.909500002861023","0.909500002861023"
"43737","0.9096999764442444","0.9096999764442444","0.9096999764442444"
"43748","0.9096999764442444","0.9096999764442444","0.9096999764442444"
"43759","0.9098999500274658","0.9098999500274658","0.9098999500274658"
"43770","0.9098999500274658","0.9098999500274658","0.9098999500274658"
"43781","0.9098999500274658","0.9098999500274658","0.9098999500274658"
"43792","0.9097999930381775","0.9097999930381775","0.9097999930381775"
"43803","0.9098999500274658","0.9098999500274658","0.9098999500274658"
"43814","0.910099983215332","0.910099983215332","0.910099983215332"
"43825","0.910099983215332","0.910099983215332","0.910099983215332"
"43836","0.910099983215332","0.910099983215332","0.910099983215332"
"43847","0.910099983215332","0.910099983215332","0.910099983215332"
"43858","0.910099983215332","0.910099983215332","0.910099983215332"
"43869","0.910099983215332","0.910099983215332","0.910099983215332"
"43880","0.910099983215332","0.910099983215332","0.910099983215332"
"43891","0.9099999666213989","0.9099999666213989","0.9099999666213989"
"43902","0.9101999998092651","0.9101999998092651","0.9101999998092651"
"43913","0.9101999998092651","0.9101999998092651","0.9101999998092651"
"43924","0.9103999733924866","0.9103999733924866","0.9103999733924866"
"43935","0.9106000065803528","0.9106000065803528","0.9106000065803528"
"43946","0.9107999801635742","0.9107999801635742","0.9107999801635742"
"43957","0.9107999801635742","0.9107999801635742","0.9107999801635742"
"43968","0.9106999635696411","0.9106999635696411","0.9106999635696411"
"43979","0.9108999967575073","0.9108999967575073","0.9108999967575073"
"43990","0.9109999537467957","0.9109999537467957","0.9109999537467957"
"44001","0.9109999537467957","0.9109999537467957","0.9109999537467957"
"44012","0.9111999869346619","0.9111999869346619","0.9111999869346619"
"44023","0.9111999869346619","0.9111999869346619","0.9111999869346619"
"44034","0.9111999869346619","0.9111999869346619","0.9111999869346619"
"44045","0.9111999869346619","0.9111999869346619","0.9111999869346619"
"44056","0.9111999869346619","0.9111999869346619","0.9111999869346619"
"44067","0.9111999869346619","0.9111999869346619","0.9111999869346619"
"44078","0.9111999869346619","0.9111999869346619","0.9111999869346619"
"44089","0.9111999869346619","0.9111999869346619","0.9111999869346619"
"44100","0.9113999605178833","0.9113999605178833","0.9113999605178833"
"44111","0.9114999771118164","0.9114999771118164","0.9114999771118164"
"44122","0.9114999771118164","0.9114999771118164","0.9114999771118164"
"44133","0.9116999506950378","0.9116999506950378","0.9116999506950378"
"44144","0.9114999771118164","0.9114999771118164","0.9114999771118164"
"44155","0.9115999937057495","0.9115999937057495","0.9115999937057495"
"44166","0.9115999937057495","0.9115999937057495","0.9115999937057495"
"44177","0.9116999506950378","0.9116999506950378","0.9116999506950378"
"44188","0.9116999506950378","0.9116999506950378","0.9116999506950378"
"44199","0.9116999506950378","0.9116999506950378","0.9116999506950378"
"44210","0.9116999506950378","0.9116999506950378","0.9116999506950378"
"44221","0.9115999937057495","0.9115999937057495","0.9115999937057495"
"44232","0.9116999506950378","0.9116999506950378","0.9116999506950378"
"44243","0.911799967288971","0.911799967288971","0.911799967288971"
"44254","0.911799967288971","0.911799967288971","0.911799967288971"
"44265","0.9120000004768372","0.9120000004768372","0.9120000004768372"
"44276","0.9120999574661255","0.9120999574661255","0.9120999574661255"
"44287","0.9120999574661255","0.9120999574661255","0.9120999574661255"
"44298","0.9121999740600586","0.9121999740600586","0.9121999740600586"
"44309","0.9121999740600586","0.9121999740600586","0.9121999740600586"
"44320","0.9122999906539917","0.9122999906539917","0.9122999906539917"
"44331","0.9125999808311462","0.9125999808311462","0.9125999808311462"
"44342","0.9125999808311462","0.9125999808311462","0.9125999808311462"
"44353","0.9127999544143677","0.9127999544143677","0.9127999544143677"
"44364","0.9126999974250793","0.9126999974250793","0.9126999974250793"
"44375","0.9127999544143677","0.9127999544143677","0.9127999544143677"
"44386","0.9126999974250793","0.9126999974250793","0.9126999974250793"
"44397","0.9126999974250793","0.9126999974250793","0.9126999974250793"
"44408","0.9126999974250793","0.9126999974250793","0.9126999974250793"
"44419","0.9125999808311462","0.9125999808311462","0.9125999808311462"
"44430","0.9125999808311462","0.9125999808311462","0.9125999808311462"
"44441","0.9126999974250793","0.9126999974250793","0.9126999974250793"
"44452","0.9126999974250793","0.9126999974250793","0.9126999974250793"
"44463","0.9125999808311462","0.9125999808311462","0.9125999808311462"
"44474","0.9127999544143677","0.9127999544143677","0.9127999544143677"
"44485","0.9127999544143677","0.9127999544143677","0.9127999544143677"
"44496","0.9128999710083008","0.9128999710083008","0.9128999710083008"
"44507","0.9129999876022339","0.9129999876022339","0.9129999876022339"
"44518","0.913100004196167","0.913100004196167","0.913100004196167"
"44529","0.913100004196167","0.913100004196167","0.913100004196167"
"44540","0.913100004196167","0.913100004196167","0.913100004196167"
"44551","0.9132999777793884","0.9132999777793884","0.9132999777793884"
"44562","0.9132999777793884","0.9132999777793884","0.9132999777793884"
"44573","0.9132999777793884","0.9132999777793884","0.9132999777793884"
"44584","0.9132999777793884","0.9132999777793884","0.9132999777793884"
"44595","0.9133999943733215","0.9133999943733215","0.9133999943733215"
"44606","0.9133999943733215","0.9133999943733215","0.9133999943733215"
"44617","0.9132999777793884","0.9132999777793884","0.9132999777793884"
"44628","0.9134999513626099","0.9134999513626099","0.9134999513626099"
"44639","0.9134999513626099","0.9134999513626099","0.9134999513626099"
"44650","0.913599967956543","0.913599967956543","0.913599967956543"
"44661","0.913599967956543","0.913599967956543","0.913599967956543"
"44672","0.913599967956543","0.913599967956543","0.913599967956543"
"44683","0.9138000011444092","0.9138000011444092","0.9138000011444092"
"44694","0.9138000011444092","0.9138000011444092","0.9138000011444092"
"44705","0.9138999581336975","0.9138999581336975","0.9138999581336975"
"44716","0.9140999913215637","0.9140999913215637","0.9140999913215637"
"44727","0.914199948310852","0.914199948310852","0.914199948310852"
"44738","0.9142999649047852","0.9142999649047852","0.9142999649047852"
"44749","0.9143999814987183","0.9143999814987183","0.9143999814987183"
"44760","0.9145999550819397","0.9145999550819397","0.9145999550819397"
"44771","0.9144999980926514","0.9144999980926514","0.9144999980926514"
"44782","0.9143999814987183","0.9143999814987183","0.9143999814987183"
"44793","0.9145999550819397","0.9145999550819397","0.9145999550819397"
"44804","0.9145999550819397","0.9145999550819397","0.9145999550819397"
"44815","0.9146999716758728","0.9146999716758728","0.9146999716758728"
"44826","0.9146999716758728","0.9146999716758728","0.9146999716758728"
"44837","0.9147999882698059","0.9147999882698059","0.9147999882698059"
"44848","0.914900004863739","0.914900004863739","0.914900004863739"
"44859","0.9147999882698059","0.9147999882698059","0.9147999882698059"
"44870","0.9147999882698059","0.9147999882698059","0.9147999882698059"
"44881","0.9147999882698059","0.9147999882698059","0.9147999882698059"
"44892","0.9150999784469604","0.9150999784469604","0.9150999784469604"
"44903","0.9151999950408936","0.9151999950408936","0.9151999950408936"
"44914","0.9151999950408936","0.9151999950408936","0.9151999950408936"
"44925","0.9150999784469604","0.9150999784469604","0.9150999784469604"
"44936","0.9151999950408936","0.9151999950408936","0.9151999950408936"
"44947","0.9151999950408936","0.9151999950408936","0.9151999950408936"
"44958","0.9150999784469604","0.9150999784469604","0.9150999784469604"
"44969","0.9149999618530273","0.9149999618530273","0.9149999618530273"
"44980","0.9150999784469604","0.9150999784469604","0.9150999784469604"
"44991","0.9150999784469604","0.9150999784469604","0.9150999784469604"
"45002","0.9150999784469604","0.9150999784469604","0.9150999784469604"
"45013","0.9151999950408936","0.9151999950408936","0.9151999950408936"
"45024","0.9156000018119812","0.9156000018119812","0.9156000018119812"
"45035","0.9156999588012695","0.9156999588012695","0.9156999588012695"
"45046","0.9156999588012695","0.9156999588012695","0.9156999588012695"
"45057","0.9157999753952026","0.9157999753952026","0.9157999753952026"
"45068","0.9158999919891357","0.9158999919891357","0.9158999919891357"
"45079","0.9160999655723572","0.9160999655723572","0.9160999655723572"
"45090","0.9159999489784241","0.9159999489784241","0.9159999489784241"
"45101","0.9159999489784241","0.9159999489784241","0.9159999489784241"
"45112","0.9159999489784241","0.9159999489784241","0.9159999489784241"
"45123","0.9159999489784241","0.9159999489784241","0.9159999489784241"
"45134","0.9160999655723572","0.9160999655723572","0.9160999655723572"
"45145","0.9161999821662903","0.9161999821662903","0.9161999821662903"
"45156","0.9162999987602234","0.9162999987602234","0.9162999987602234"
"45167","0.9161999821662903","0.9161999821662903","0.9161999821662903"
"45178","0.9162999987602234","0.9162999987602234","0.9162999987602234"
"45189","0.9163999557495117","0.9163999557495117","0.9163999557495117"
"45200","0.9164999723434448","0.9164999723434448","0.9164999723434448"
"45211","0.9165999889373779","0.9165999889373779","0.9165999889373779"
"45222","0.9165999889373779","0.9165999889373779","0.9165999889373779"
"45233","0.9164999723434448","0.9164999723434448","0.9164999723434448"
"45244","0.916700005531311","0.916700005531311","0.916700005531311"
"45255","0.916700005531311","0.916700005531311","0.916700005531311"
"45266","0.916700005531311","0.916700005531311","0.916700005531311"
"45277","0.9167999625205994","0.9167999625205994","0.9167999625205994"
"45288","0.9169999957084656","0.9169999957084656","0.9169999957084656"
"45299","0.9170999526977539","0.9170999526977539","0.9170999526977539"
"45310","0.9170999526977539","0.9170999526977539","0.9170999526977539"
"45321","0.917199969291687","0.917199969291687","0.917199969291687"
"45332","0.9170999526977539","0.9170999526977539","0.9170999526977539"
"45343","0.9170999526977539","0.9170999526977539","0.9170999526977539"
"45354","0.9170999526977539","0.9170999526977539","0.9170999526977539"
"45365","0.9170999526977539","0.9170999526977539","0.9170999526977539"
"45376","0.917199969291687","0.917199969291687","0.917199969291687"
"45387","0.917199969291687","0.917199969291687","0.917199969291687"
"45398","0.9172999858856201","0.9172999858856201","0.9172999858856201"
"45409","0.9174999594688416","0.9174999594688416","0.9174999594688416"
"45420","0.9174999594688416","0.9174999594688416","0.9174999594688416"
"45431","0.9175999760627747","0.9175999760627747","0.9175999760627747"
"45442","0.9174999594688416","0.9174999594688416","0.9174999594688416"
"45453","0.9175999760627747","0.9175999760627747","0.9175999760627747"
"45464","0.9174000024795532","0.9174000024795532","0.9174000024795532"
"45475","0.9175999760627747","0.9175999760627747","0.9175999760627747"
"45486","0.9175999760627747","0.9175999760627747","0.9175999760627747"
"45497","0.9177999496459961","0.9177999496459961","0.9177999496459961"
"45508","0.9177999496459961","0.9177999496459961","0.9177999496459961"
"45519","0.9177999496459961","0.9177999496459961","0.9177999496459961"
"45530","0.9177999496459961","0.9177999496459961","0.9177999496459961"
"45541","0.9178999662399292","0.9178999662399292","0.9178999662399292"
"45552","0.9178999662399292","0.9178999662399292","0.9178999662399292"
"45563","0.9178999662399292","0.9178999662399292","0.9178999662399292"
"45574","0.9179999828338623","0.9179999828338623","0.9179999828338623"
"45585","0.9178999662399292","0.9178999662399292","0.9178999662399292"
"45596","0.9177999496459961","0.9177999496459961","0.9177999496459961"
"45607","0.9178999662399292","0.9178999662399292","0.9178999662399292"
"45618","0.9179999828338623","0.9179999828338623","0.9179999828338623"
"45629","0.9180999994277954","0.9180999994277954","0.9180999994277954"
"45640","0.9180999994277954","0.9180999994277954","0.9180999994277954"
"45651","0.9178999662399292","0.9178999662399292","0.9178999662399292"
"45662","0.9180999994277954","0.9180999994277954","0.9180999994277954"
"45673","0.9180999994277954","0.9180999994277954","0.9180999994277954"
"45684","0.9180999994277954","0.9180999994277954","0.9180999994277954"
"45695","0.9180999994277954","0.9180999994277954","0.9180999994277954"
"45706","0.9180999994277954","0.9180999994277954","0.9180999994277954"
"45717","0.9180999994277954","0.9180999994277954","0.9180999994277954"
"45728","0.9180999994277954","0.9180999994277954","0.9180999994277954"
"45739","0.9181999564170837","0.9181999564170837","0.9181999564170837"
"45750","0.9182999730110168","0.9182999730110168","0.9182999730110168"
"45761","0.91839998960495","0.91839998960495","0.91839998960495"
"45772","0.9182999730110168","0.9182999730110168","0.9182999730110168"
"45783","0.9182999730110168","0.9182999730110168","0.9182999730110168"
"45794","0.9185000061988831","0.9185000061988831","0.9185000061988831"
"45805","0.9185000061988831","0.9185000061988831","0.9185000061988831"
"45816","0.9185999631881714","0.9185999631881714","0.9185999631881714"
"45827","0.9185999631881714","0.9185999631881714","0.9185999631881714"
"45838","0.9185999631881714","0.9185999631881714","0.9185999631881714"
"45849","0.9185999631881714","0.9185999631881714","0.9185999631881714"
"45860","0.9185999631881714","0.9185999631881714","0.9185999631881714"
"45871","0.9185999631881714","0.9185999631881714","0.9185999631881714"
"45882","0.9185999631881714","0.9185999631881714","0.9185999631881714"
"45893","0.9185999631881714","0.9185999631881714","0.9185999631881714"
"45904","0.9185999631881714","0.9185999631881714","0.9185999631881714"
"45915","0.9186999797821045","0.9186999797821045","0.9186999797821045"
"45926","0.9186999797821045","0.9186999797821045","0.9186999797821045"
"45937","0.9186999797821045","0.9186999797821045","0.9186999797821045"
"45948","0.9187999963760376","0.9187999963760376","0.9187999963760376"
"45959","0.9187999963760376","0.9187999963760376","0.9187999963760376"
"45970","0.9187999963760376","0.9187999963760376","0.9187999963760376"
"45981","0.9187999963760376","0.9187999963760376","0.9187999963760376"
"45992","0.9188999533653259","0.9188999533653259","0.9188999533653259"
"46003","0.9188999533653259","0.9188999533653259","0.9188999533653259"
"46014","0.918999969959259","0.918999969959259","0.918999969959259"
"46025","0.9192000031471252","0.9192000031471252","0.9192000031471252"
"46036","0.9192999601364136","0.9192999601364136","0.9192999601364136"
"46047","0.9192999601364136","0.9192999601364136","0.9192999601364136"
"46058","0.9193999767303467","0.9193999767303467","0.9193999767303467"
"46069","0.9194999933242798","0.9194999933242798","0.9194999933242798"
"46080","0.9195999503135681","0.9195999503135681","0.9195999503135681"
"46091","0.9195999503135681","0.9195999503135681","0.9195999503135681"
"46102","0.9196999669075012","0.9196999669075012","0.9196999669075012"
"46113","0.9196999669075012","0.9196999669075012","0.9196999669075012"
"46124","0.9196999669075012","0.9196999669075012","0.9196999669075012"
"46135","0.9196999669075012","0.9196999669075012","0.9196999669075012"
"46146","0.9196999669075012","0.9196999669075012","0.9196999669075012"
"46157","0.9197999835014343","0.9197999835014343","0.9197999835014343"
"46168","0.9197999835014343","0.9197999835014343","0.9197999835014343"
"46179","0.9196999669075012","0.9196999669075012","0.9196999669075012"
"46190","0.9196999669075012","0.9196999669075012","0.9196999669075012"
"46201","0.9197999835014343","0.9197999835014343","0.9197999835014343"
"46212","0.9196999669075012","0.9196999669075012","0.9196999669075012"
"46223","0.9199000000953674","0.9199000000953674","0.9199000000953674"
"46234","0.9200999736785889","0.9200999736785889","0.9200999736785889"
"46245","0.920199990272522","0.920199990272522","0.920199990272522"
"46256","0.920199990272522","0.920199990272522","0.920199990272522"
"46267","0.920199990272522","0.920199990272522","0.920199990272522"
"46278","0.920199990272522","0.920199990272522","0.920199990272522"
"46289","0.920199990272522","0.920199990272522","0.920199990272522"
"46300","0.920199990272522","0.920199990272522","0.920199990272522"
"46311","0.9203999638557434","0.9203999638557434","0.9203999638557434"
"46322","0.9203999638557434","0.9203999638557434","0.9203999638557434"
"46333","0.9203999638557434","0.9203999638557434","0.9203999638557434"
"46344","0.9203999638557434","0.9203999638557434","0.9203999638557434"
"46355","0.9203999638557434","0.9203999638557434","0.9203999638557434"
"46366","0.9204999804496765","0.9204999804496765","0.9204999804496765"
"46377","0.9204999804496765","0.9204999804496765","0.9204999804496765"
"46388","0.920699954032898","0.920699954032898","0.920699954032898"
"46399","0.920799970626831","0.920799970626831","0.920799970626831"
"46410","0.920699954032898","0.920699954032898","0.920699954032898"
"46421","0.920699954032898","0.920699954032898","0.920699954032898"
"46432","0.920699954032898","0.920699954032898","0.920699954032898"
"46443","0.920799970626831","0.920799970626831","0.920799970626831"
"46454","0.920799970626831","0.920799970626831","0.920799970626831"
"46465","0.9210000038146973","0.9210000038146973","0.9210000038146973"
"46476","0.9210000038146973","0.9210000038146973","0.9210000038146973"
"46487","0.9210999608039856","0.9210999608039856","0.9210999608039856"
"46498","0.9210999608039856","0.9210999608039856","0.9210999608039856"
"46509","0.9210999608039856","0.9210999608039856","0.9210999608039856"
"46520","0.9210999608039856","0.9210999608039856","0.9210999608039856"
"46531","0.9210999608039856","0.9210999608039856","0.9210999608039856"
"46542","0.9210999608039856","0.9210999608039856","0.9210999608039856"
"46553","0.9210000038146973","0.9210000038146973","0.9210000038146973"
"46564","0.9210999608039856","0.9210999608039856","0.9210999608039856"
"46575","0.9211999773979187","0.9211999773979187","0.9211999773979187"
"46586","0.9211999773979187","0.9211999773979187","0.9211999773979187"
"46597","0.9211999773979187","0.9211999773979187","0.9211999773979187"
"46608","0.9212999939918518","0.9212999939918518","0.9212999939918518"
"46619","0.9212999939918518","0.9212999939918518","0.9212999939918518"
"46630","0.9213999509811401","0.9213999509811401","0.9213999509811401"
"46641","0.9214999675750732","0.9214999675750732","0.9214999675750732"
"46652","0.9214999675750732","0.9214999675750732","0.9214999675750732"
"46663","0.9215999841690063","0.9215999841690063","0.9215999841690063"
"46674","0.9215999841690063","0.9215999841690063","0.9215999841690063"
"46685","0.9215999841690063","0.9215999841690063","0.9215999841690063"
"46696","0.9217999577522278","0.9217999577522278","0.9217999577522278"
"46707","0.9217000007629395","0.9217000007629395","0.9217000007629395"
"46718","0.9217000007629395","0.9217000007629395","0.9217000007629395"
"46729","0.9218999743461609","0.9218999743461609","0.9218999743461609"
"46740","0.9218999743461609","0.9218999743461609","0.9218999743461609"
"46751","0.9217999577522278","0.9217999577522278","0.9217999577522278"
"46762","0.9217999577522278","0.9217999577522278","0.9217999577522278"
"46773","0.9217999577522278","0.9217999577522278","0.9217999577522278"
"46784","0.9217999577522278","0.9217999577522278","0.9217999577522278"
"46795","0.9217999577522278","0.9217999577522278","0.9217999577522278"
"46806","0.9218999743461609","0.9218999743461609","0.9218999743461609"
"46817","0.921999990940094","0.921999990940094","0.921999990940094"
"46828","0.921999990940094","0.921999990940094","0.921999990940094"
"46839","0.921999990940094","0.921999990940094","0.921999990940094"
"46850","0.921999990940094","0.921999990940094","0.921999990940094"
"46861","0.921999990940094","0.921999990940094","0.921999990940094"
"46872","0.9220999479293823","0.9220999479293823","0.9220999479293823"
"46883","0.921999990940094","0.921999990940094","0.921999990940094"
"46894","0.9221999645233154","0.9221999645233154","0.9221999645233154"
"46905","0.9221999645233154","0.9221999645233154","0.9221999645233154"
"46916","0.9222999811172485","0.9222999811172485","0.9222999811172485"
"46927","0.9223999977111816","0.9223999977111816","0.9223999977111816"
"46938","0.9222999811172485","0.9222999811172485","0.9222999811172485"
"46949","0.9222999811172485","0.9222999811172485","0.9222999811172485"
"46960","0.9223999977111816","0.9223999977111816","0.9223999977111816"
"46971","0.9225999712944031","0.9225999712944031","0.9225999712944031"
"46982","0.9225999712944031","0.9225999712944031","0.9225999712944031"
"46993","0.9226999878883362","0.9226999878883362","0.9226999878883362"
"47004","0.9226999878883362","0.9226999878883362","0.9226999878883362"
"47015","0.9228000044822693","0.9228000044822693","0.9228000044822693"
"47026","0.9225999712944031","0.9225999712944031","0.9225999712944031"
"47037","0.9225999712944031","0.9225999712944031","0.9225999712944031"
"47048","0.9225999712944031","0.9225999712944031","0.9225999712944031"
"47059","0.9226999878883362","0.9226999878883362","0.9226999878883362"
"47070","0.9228000044822693","0.9228000044822693","0.9228000044822693"
"47081","0.9228000044822693","0.9228000044822693","0.9228000044822693"
"47092","0.9228000044822693","0.9228000044822693","0.9228000044822693"
"47103","0.9228999614715576","0.9228999614715576","0.9228999614715576"
"47114","0.9229999780654907","0.9229999780654907","0.9229999780654907"
"47125","0.9229999780654907","0.9229999780654907","0.9229999780654907"
"47136","0.9230999946594238","0.9230999946594238","0.9230999946594238"
"47147","0.9230999946594238","0.9230999946594238","0.9230999946594238"
"47158","0.9230999946594238","0.9230999946594238","0.9230999946594238"
"47169","0.9231999516487122","0.9231999516487122","0.9231999516487122"
"47180","0.9231999516487122","0.9231999516487122","0.9231999516487122"
"47191","0.9231999516487122","0.9231999516487122","0.9231999516487122"
"47202","0.9230999946594238","0.9230999946594238","0.9230999946594238"
"47213","0.9230999946594238","0.9230999946594238","0.9230999946594238"
"47224","0.9230999946594238","0.9230999946594238","0.9230999946594238"
"47235","0.9231999516487122","0.9231999516487122","0.9231999516487122"
"47246","0.9232999682426453","0.9232999682426453","0.9232999682426453"
"47257","0.9233999848365784","0.9233999848365784","0.9233999848365784"
"47268","0.9235000014305115","0.9235000014305115","0.9235000014305115"
"47279","0.9235000014305115","0.9235000014305115","0.9235000014305115"
"47290","0.9235000014305115","0.9235000014305115","0.9235000014305115"
"47301","0.9236999750137329","0.9236999750137329","0.9236999750137329"
"47312","0.923799991607666","0.923799991607666","0.923799991607666"
"47323","0.9236999750137329","0.9236999750137329","0.9236999750137329"
"47334","0.923799991607666","0.923799991607666","0.923799991607666"
"47345","0.9239999651908875","0.9239999651908875","0.9239999651908875"
"47356","0.9239999651908875","0.9239999651908875","0.9239999651908875"
"47367","0.9239999651908875","0.9239999651908875","0.9239999651908875"
"47378","0.9240999817848206","0.9240999817848206","0.9240999817848206"
"47389","0.9239999651908875","0.9239999651908875","0.9239999651908875"
"47400","0.9239999651908875","0.9239999651908875","0.9239999651908875"
"47411","0.9239999651908875","0.9239999651908875","0.9239999651908875"
"47422","0.9241999983787537","0.9241999983787537","0.9241999983787537"
"47433","0.9241999983787537","0.9241999983787537","0.9241999983787537"
"47444","0.9241999983787537","0.9241999983787537","0.9241999983787537"
"47455","0.924299955368042","0.924299955368042","0.924299955368042"
"47466","0.924299955368042","0.924299955368042","0.924299955368042"
"47477","0.9241999983787537","0.9241999983787537","0.9241999983787537"
"47488","0.9241999983787537","0.9241999983787537","0.9241999983787537"
"47499","0.924299955368042","0.924299955368042","0.924299955368042"
"47510","0.9243999719619751","0.9243999719619751","0.9243999719619751"
"47521","0.9243999719619751","0.9243999719619751","0.9243999719619751"
"47532","0.9246000051498413","0.9246000051498413","0.9246000051498413"
"47543","0.9247999787330627","0.9247999787330627","0.9247999787330627"
"47554","0.9247999787330627","0.9247999787330627","0.9247999787330627"
"47565","0.9246999621391296","0.9246999621391296","0.9246999621391296"
"47576","0.9246999621391296","0.9246999621391296","0.9246999621391296"
"47587","0.9249999523162842","0.9249999523162842","0.9249999523162842"
"47598","0.9249999523162842","0.9249999523162842","0.9249999523162842"
"47609","0.9250999689102173","0.9250999689102173","0.9250999689102173"
"47620","0.9251999855041504","0.9251999855041504","0.9251999855041504"
"47631","0.9251999855041504","0.9251999855041504","0.9251999855041504"
"47642","0.9253000020980835","0.9253000020980835","0.9253000020980835"
"47653","0.9253000020980835","0.9253000020980835","0.9253000020980835"
"47664","0.9253000020980835","0.9253000020980835","0.9253000020980835"
"47675","0.9253000020980835","0.9253000020980835","0.9253000020980835"
"47686","0.9253999590873718","0.9253999590873718","0.9253999590873718"
"47697","0.9253999590873718","0.9253999590873718","0.9253999590873718"
"47708","0.9254999756813049","0.9254999756813049","0.9254999756813049"
"47719","0.9254999756813049","0.9254999756813049","0.9254999756813049"
"47730","0.9254999756813049","0.9254999756813049","0.9254999756813049"
"47741","0.9256999492645264","0.9256999492645264","0.9256999492645264"
"47752","0.925599992275238","0.925599992275238","0.925599992275238"
"47763","0.9258999824523926","0.9258999824523926","0.9258999824523926"
"47774","0.9259999990463257","0.9259999990463257","0.9259999990463257"
"47785","0.9259999990463257","0.9259999990463257","0.9259999990463257"
"47796","0.9259999990463257","0.9259999990463257","0.9259999990463257"
"47807","0.9259999990463257","0.9259999990463257","0.9259999990463257"
"47818","0.9262999892234802","0.9262999892234802","0.9262999892234802"
"47829","0.9264000058174133","0.9264000058174133","0.9264000058174133"
"47840","0.9264999628067017","0.9264999628067017","0.9264999628067017"
"47851","0.9264000058174133","0.9264000058174133","0.9264000058174133"
"47862","0.9264999628067017","0.9264999628067017","0.9264999628067017"
"47873","0.9266999959945679","0.9266999959945679","0.9266999959945679"
"47884","0.9264999628067017","0.9264999628067017","0.9264999628067017"
"47895","0.9267999529838562","0.9267999529838562","0.9267999529838562"
"47906","0.9266999959945679","0.9266999959945679","0.9266999959945679"
"47917","0.9266999959945679","0.9266999959945679","0.9266999959945679"
"47928","0.9268999695777893","0.9268999695777893","0.9268999695777893"
"47939","0.9268999695777893","0.9268999695777893","0.9268999695777893"
"47950","0.9267999529838562","0.9267999529838562","0.9267999529838562"
"47961","0.9267999529838562","0.9267999529838562","0.9267999529838562"
"47972","0.9268999695777893","0.9268999695777893","0.9268999695777893"
"47983","0.9268999695777893","0.9268999695777893","0.9268999695777893"
"47994","0.9268999695777893","0.9268999695777893","0.9268999695777893"
"48005","0.9269999861717224","0.9269999861717224","0.9269999861717224"
"48016","0.9269999861717224","0.9269999861717224","0.9269999861717224"
"48027","0.9269999861717224","0.9269999861717224","0.9269999861717224"
"48038","0.9269999861717224","0.9269999861717224","0.9269999861717224"
"48049","0.9269999861717224","0.9269999861717224","0.9269999861717224"
"48060","0.9271000027656555","0.9271000027656555","0.9271000027656555"
"48071","0.9271999597549438","0.9271999597549438","0.9271999597549438"
"48082","0.9273999929428101","0.9273999929428101","0.9273999929428101"
"48093","0.9274999499320984","0.9274999499320984","0.9274999499320984"
"48104","0.9276999831199646","0.9276999831199646","0.9276999831199646"
"48115","0.9277999997138977","0.9277999997138977","0.9277999997138977"
"48126","0.9277999997138977","0.9277999997138977","0.9277999997138977"
"48137","0.9276999831199646","0.9276999831199646","0.9276999831199646"
"48148","0.9277999997138977","0.9277999997138977","0.9277999997138977"
"48159","0.927899956703186","0.927899956703186","0.927899956703186"
"48170","0.9280999898910522","0.9280999898910522","0.9280999898910522"
"48181","0.9281999468803406","0.9281999468803406","0.9281999468803406"
"48192","0.9280999898910522","0.9280999898910522","0.9280999898910522"
"48203","0.9281999468803406","0.9281999468803406","0.9281999468803406"
"48214","0.9281999468803406","0.9281999468803406","0.9281999468803406"
"48225","0.9282999634742737","0.9282999634742737","0.9282999634742737"
"48236","0.9283999800682068","0.9283999800682068","0.9283999800682068"
"48247","0.9282999634742737","0.9282999634742737","0.9282999634742737"
"48258","0.9283999800682068","0.9283999800682068","0.9283999800682068"
"48269","0.9282999634742737","0.9282999634742737","0.9282999634742737"
"48280","0.9283999800682068","0.9283999800682068","0.9283999800682068"
"48291","0.9284999966621399","0.9284999966621399","0.9284999966621399"
"48302","0.9283999800682068","0.9283999800682068","0.9283999800682068"
"48313","0.9284999966621399","0.9284999966621399","0.9284999966621399"
"48324","0.9285999536514282","0.9285999536514282","0.9285999536514282"
"48335","0.9284999966621399","0.9284999966621399","0.9284999966621399"
"48346","0.9284999966621399","0.9284999966621399","0.9284999966621399"
"48357","0.9284999966621399","0.9284999966621399","0.9284999966621399"
"48368","0.9286999702453613","0.9286999702453613","0.9286999702453613"
"48379","0.9287999868392944","0.9287999868392944","0.9287999868392944"
"48390","0.9285999536514282","0.9285999536514282","0.9285999536514282"
"48401","0.9289000034332275","0.9289000034332275","0.9289000034332275"
"48412","0.9289999604225159","0.9289999604225159","0.9289999604225159"
"48423","0.9289999604225159","0.9289999604225159","0.9289999604225159"
"48434","0.929099977016449","0.929099977016449","0.929099977016449"
"48445","0.929099977016449","0.929099977016449","0.929099977016449"
"48456","0.929099977016449","0.929099977016449","0.929099977016449"
"48467","0.929099977016449","0.929099977016449","0.929099977016449"
"48478","0.929099977016449","0.929099977016449","0.929099977016449"
"48489","0.929099977016449","0.929099977016449","0.929099977016449"
"48500","0.929099977016449","0.929099977016449","0.929099977016449"
"48511","0.9291999936103821","0.9291999936103821","0.9291999936103821"
"48522","0.9291999936103821","0.9291999936103821","0.9291999936103821"
"48533","0.9291999936103821","0.9291999936103821","0.9291999936103821"
"48544","0.9291999936103821","0.9291999936103821","0.9291999936103821"
"48555","0.9292999505996704","0.9292999505996704","0.9292999505996704"
"48566","0.9292999505996704","0.9292999505996704","0.9292999505996704"
"48577","0.9293999671936035","0.9293999671936035","0.9293999671936035"
"48588","0.9291999936103821","0.9291999936103821","0.9291999936103821"
"48599","0.9294999837875366","0.9294999837875366","0.9294999837875366"
"48610","0.9294999837875366","0.9294999837875366","0.9294999837875366"
"48621","0.9294999837875366","0.9294999837875366","0.9294999837875366"
"48632","0.9294999837875366","0.9294999837875366","0.9294999837875366"
"48643","0.9296000003814697","0.9296000003814697","0.9296000003814697"
"48654","0.9296000003814697","0.9296000003814697","0.9296000003814697"
"48665","0.9296000003814697","0.9296000003814697","0.9296000003814697"
"48676","0.9296000003814697","0.9296000003814697","0.9296000003814697"
"48687","0.9293999671936035","0.9293999671936035","0.9293999671936035"
"48698","0.9293999671936035","0.9293999671936035","0.9293999671936035"
"48709","0.9296000003814697","0.9296000003814697","0.9296000003814697"
"48720","0.9296000003814697","0.9296000003814697","0.9296000003814697"
"48731","0.9296000003814697","0.9296000003814697","0.9296000003814697"
"48742","0.9296000003814697","0.9296000003814697","0.9296000003814697"
"48753","0.9296999573707581","0.9296999573707581","0.9296999573707581"
"48764","0.9296000003814697","0.9296000003814697","0.9296000003814697"
"48775","0.9296000003814697","0.9296000003814697","0.9296000003814697"
"48786","0.9296999573707581","0.9296999573707581","0.9296999573707581"
"48797","0.9297999739646912","0.9297999739646912","0.9297999739646912"
"48808","0.9298999905586243","0.9298999905586243","0.9298999905586243"
"48819","0.9299999475479126","0.9299999475479126","0.9299999475479126"
"48830","0.9299999475479126","0.9299999475479126","0.9299999475479126"
"48841","0.9300999641418457","0.9300999641418457","0.9300999641418457"
"48852","0.9299999475479126","0.9299999475479126","0.9299999475479126"
"48863","0.9300999641418457","0.9300999641418457","0.9300999641418457"
"48874","0.9301999807357788","0.9301999807357788","0.9301999807357788"
"48885","0.9301999807357788","0.9301999807357788","0.9301999807357788"
"48896","0.9302999973297119","0.9302999973297119","0.9302999973297119"
"48907","0.9304999709129333","0.9304999709129333","0.9304999709129333"
"48918","0.9303999543190002","0.9303999543190002","0.9303999543190002"
"48929","0.9304999709129333","0.9304999709129333","0.9304999709129333"
"48940","0.9304999709129333","0.9304999709129333","0.9304999709129333"
"48951","0.9304999709129333","0.9304999709129333","0.9304999709129333"
"48962","0.9304999709129333","0.9304999709129333","0.9304999709129333"
"48973","0.9304999709129333","0.9304999709129333","0.9304999709129333"
"48984","0.9304999709129333","0.9304999709129333","0.9304999709129333"
"48995","0.9304999709129333","0.9304999709129333","0.9304999709129333"
"49006","0.9304999709129333","0.9304999709129333","0.9304999709129333"
"49017","0.9304999709129333","0.9304999709129333","0.9304999709129333"
"49028","0.9304999709129333","0.9304999709129333","0.9304999709129333"
"49039","0.9304999709129333","0.9304999709129333","0.9304999709129333"
"49050","0.9304999709129333","0.9304999709129333","0.9304999709129333"
"49061","0.9304999709129333","0.9304999709129333","0.9304999709129333"
"49072","0.9304999709129333","0.9304999709129333","0.9304999709129333"
"49083","0.9304999709129333","0.9304999709129333","0.9304999709129333"
"49094","0.9304999709129333","0.9304999709129333","0.9304999709129333"
"49105","0.9304999709129333","0.9304999709129333","0.9304999709129333"
"49116","0.9305999875068665","0.9305999875068665","0.9305999875068665"
"49127","0.9307999610900879","0.9307999610900879","0.9307999610900879"
"49138","0.9307999610900879","0.9307999610900879","0.9307999610900879"
"49149","0.930899977684021","0.930899977684021","0.930899977684021"
"49160","0.930899977684021","0.930899977684021","0.930899977684021"
"49171","0.930899977684021","0.930899977684021","0.930899977684021"
"49182","0.9309999942779541","0.9309999942779541","0.9309999942779541"
"49193","0.9311999678611755","0.9311999678611755","0.9311999678611755"
"49204","0.9312999844551086","0.9312999844551086","0.9312999844551086"
"49215","0.9312999844551086","0.9312999844551086","0.9312999844551086"
"49226","0.9314000010490417","0.9314000010490417","0.9314000010490417"
"49237","0.9312999844551086","0.9312999844551086","0.9312999844551086"
"49248","0.9312999844551086","0.9312999844551086","0.9312999844551086"
"49259","0.9312999844551086","0.9312999844551086","0.9312999844551086"
"49270","0.9312999844551086","0.9312999844551086","0.9312999844551086"
"49281","0.9314999580383301","0.9314999580383301","0.9314999580383301"
"49292","0.9315999746322632","0.9315999746322632","0.9315999746322632"
"49303","0.9316999912261963","0.9316999912261963","0.9316999912261963"
"49314","0.9317999482154846","0.9317999482154846","0.9317999482154846"
"49325","0.9316999912261963","0.9316999912261963","0.9316999912261963"
"49336","0.9317999482154846","0.9317999482154846","0.9317999482154846"
"49347","0.9317999482154846","0.9317999482154846","0.9317999482154846"
"49358","0.9317999482154846","0.9317999482154846","0.9317999482154846"
"49369","0.9319999814033508","0.9319999814033508","0.9319999814033508"
"49380","0.9319999814033508","0.9319999814033508","0.9319999814033508"
"49391","0.9319999814033508","0.9319999814033508","0.9319999814033508"
"49402","0.9320999979972839","0.9320999979972839","0.9320999979972839"
"49413","0.9319999814033508","0.9319999814033508","0.9319999814033508"
"49424","0.9320999979972839","0.9320999979972839","0.9320999979972839"
"49435","0.9321999549865723","0.9321999549865723","0.9321999549865723"
"49446","0.9322999715805054","0.9322999715805054","0.9322999715805054"
"49457","0.9323999881744385","0.9323999881744385","0.9323999881744385"
"49468","0.9323999881744385","0.9323999881744385","0.9323999881744385"
"49479","0.9322999715805054","0.9322999715805054","0.9322999715805054"
"49490","0.9321999549865723","0.9321999549865723","0.9321999549865723"
"49501","0.9321999549865723","0.9321999549865723","0.9321999549865723"
"49512","0.9322999715805054","0.9322999715805054","0.9322999715805054"
"49523","0.9322999715805054","0.9322999715805054","0.9322999715805054"
"49534","0.9323999881744385","0.9323999881744385","0.9323999881744385"
"49545","0.9322999715805054","0.9322999715805054","0.9322999715805054"
"49556","0.9322999715805054","0.9322999715805054","0.9322999715805054"
"49567","0.9325000047683716","0.9325000047683716","0.9325000047683716"
"49578","0.9323999881744385","0.9323999881744385","0.9323999881744385"
"49589","0.9325000047683716","0.9325000047683716","0.9325000047683716"
"49600","0.9325999617576599","0.9325999617576599","0.9325999617576599"
"49611","0.932699978351593","0.932699978351593","0.932699978351593"
"49622","0.9325999617576599","0.9325999617576599","0.9325999617576599"
"49633","0.932699978351593","0.932699978351593","0.932699978351593"
"49644","0.932699978351593","0.932699978351593","0.932699978351593"
"49655","0.932699978351593","0.932699978351593","0.932699978351593"
"49666","0.9327999949455261","0.9327999949455261","0.9327999949455261"
"49677","0.9329999685287476","0.9329999685287476","0.9329999685287476"
"49688","0.9329999685287476","0.9329999685287476","0.9329999685287476"
"49699","0.9329999685287476","0.9329999685287476","0.9329999685287476"
"49710","0.9329999685287476","0.9329999685287476","0.9329999685287476"
"49721","0.9329999685287476","0.9329999685287476","0.9329999685287476"
"49732","0.9329999685287476","0.9329999685287476","0.9329999685287476"
"49743","0.9329999685287476","0.9329999685287476","0.9329999685287476"
"49754","0.9330999851226807","0.9330999851226807","0.9330999851226807"
"49765","0.9330999851226807","0.9330999851226807","0.9330999851226807"
"49776","0.9330999851226807","0.9330999851226807","0.9330999851226807"
"49787","0.9332000017166138","0.9332000017166138","0.9332000017166138"
"49798","0.9332000017166138","0.9332000017166138","0.9332000017166138"
"49809","0.9332000017166138","0.9332000017166138","0.9332000017166138"
"49820","0.9332000017166138","0.9332000017166138","0.9332000017166138"
"49831","0.9332999587059021","0.9332999587059021","0.9332999587059021"
"49842","0.9332000017166138","0.9332000017166138","0.9332000017166138"
"49853","0.9332999587059021","0.9332999587059021","0.9332999587059021"
"49864","0.9332000017166138","0.9332000017166138","0.9332000017166138"
"49875","0.9332000017166138","0.9332000017166138","0.9332000017166138"
"49886","0.9332000017166138","0.9332000017166138","0.9332000017166138"
"49897","0.9332999587059021","0.9332999587059021","0.9332999587059021"
"49908","0.9333999752998352","0.9333999752998352","0.9333999752998352"
"49919","0.9332999587059021","0.9332999587059021","0.9332999587059021"
"49930","0.9333999752998352","0.9333999752998352","0.9333999752998352"
"49941","0.9334999918937683","0.9334999918937683","0.9334999918937683"
"49952","0.9334999918937683","0.9334999918937683","0.9334999918937683"
"49963","0.9333999752998352","0.9333999752998352","0.9333999752998352"
"49974","0.9333999752998352","0.9333999752998352","0.9333999752998352"
"49985","0.9333999752998352","0.9333999752998352","0.9333999752998352"
"49996","0.9333999752998352","0.9333999752998352","0.9333999752998352"
"50007","0.9333999752998352","0.9333999752998352","0.9333999752998352"
"50018","0.9333999752998352","0.9333999752998352","0.9333999752998352"
"50029","0.9333999752998352","0.9333999752998352","0.9333999752998352"
"50040","0.9333999752998352","0.9333999752998352","0.9333999752998352"
"50051","0.9333999752998352","0.9333999752998352","0.9333999752998352"
"50062","0.9333999752998352","0.9333999752998352","0.9333999752998352"
"50073","0.9333999752998352","0.9333999752998352","0.9333999752998352"
"50084","0.9333999752998352","0.9333999752998352","0.9333999752998352"
"50095","0.9334999918937683","0.9334999918937683","0.9334999918937683"
"50106","0.9334999918937683","0.9334999918937683","0.9334999918937683"
"50117","0.9333999752998352","0.9333999752998352","0.9333999752998352"
"50128","0.9335999488830566","0.9335999488830566","0.9335999488830566"
"50139","0.9335999488830566","0.9335999488830566","0.9335999488830566"
"50150","0.9337999820709229","0.9337999820709229","0.9337999820709229"
"50161","0.933899998664856","0.933899998664856","0.933899998664856"
"50172","0.9339999556541443","0.9339999556541443","0.9339999556541443"
"50183","0.933899998664856","0.933899998664856","0.933899998664856"
"50194","0.933899998664856","0.933899998664856","0.933899998664856"
"50205","0.9340999722480774","0.9340999722480774","0.9340999722480774"
"50216","0.9341999888420105","0.9341999888420105","0.9341999888420105"
"50227","0.9343000054359436","0.9343000054359436","0.9343000054359436"
"50238","0.9343000054359436","0.9343000054359436","0.9343000054359436"
"50249","0.9340999722480774","0.9340999722480774","0.9340999722480774"
"50260","0.9343000054359436","0.9343000054359436","0.9343000054359436"
"50271","0.9343000054359436","0.9343000054359436","0.9343000054359436"
"50282","0.9343999624252319","0.9343999624252319","0.9343999624252319"
"50293","0.9343999624252319","0.9343999624252319","0.9343999624252319"
"50304","0.9343000054359436","0.9343000054359436","0.9343000054359436"
"50315","0.934499979019165","0.934499979019165","0.934499979019165"
"50326","0.9345999956130981","0.9345999956130981","0.9345999956130981"
"50337","0.9346999526023865","0.9346999526023865","0.9346999526023865"
"50348","0.9345999956130981","0.9345999956130981","0.9345999956130981"
"50359","0.9346999526023865","0.9346999526023865","0.9346999526023865"
"50370","0.9347999691963196","0.9347999691963196","0.9347999691963196"
"50381","0.9347999691963196","0.9347999691963196","0.9347999691963196"
"50392","0.9348999857902527","0.9348999857902527","0.9348999857902527"
"50403","0.9348999857902527","0.9348999857902527","0.9348999857902527"
"50414","0.9348999857902527","0.9348999857902527","0.9348999857902527"
"50425","0.9348999857902527","0.9348999857902527","0.9348999857902527"
"50436","0.9348999857902527","0.9348999857902527","0.9348999857902527"
"50447","0.9348999857902527","0.9348999857902527","0.9348999857902527"
"50458","0.9348999857902527","0.9348999857902527","0.9348999857902527"
"50469","0.9348999857902527","0.9348999857902527","0.9348999857902527"
"50480","0.9348999857902527","0.9348999857902527","0.9348999857902527"
"50491","0.9348999857902527","0.9348999857902527","0.9348999857902527"
"50502","0.9348999857902527","0.9348999857902527","0.9348999857902527"
"50513","0.9348999857902527","0.9348999857902527","0.9348999857902527"
"50524","0.9347999691963196","0.9347999691963196","0.9347999691963196"
"50535","0.9347999691963196","0.9347999691963196","0.9347999691963196"
"50546","0.9347999691963196","0.9347999691963196","0.9347999691963196"
"50557","0.9347999691963196","0.9347999691963196","0.9347999691963196"
"50568","0.9348999857902527","0.9348999857902527","0.9348999857902527"
"50579","0.9347999691963196","0.9347999691963196","0.9347999691963196"
"50590","0.9350999593734741","0.9350999593734741","0.9350999593734741"
"50601","0.9350000023841858","0.9350000023841858","0.9350000023841858"
"50612","0.9350000023841858","0.9350000023841858","0.9350000023841858"
"50623","0.9350000023841858","0.9350000023841858","0.9350000023841858"
"50634","0.9350999593734741","0.9350999593734741","0.9350999593734741"
"50645","0.9351999759674072","0.9351999759674072","0.9351999759674072"
"50656","0.9351999759674072","0.9351999759674072","0.9351999759674072"
"50667","0.9351999759674072","0.9351999759674072","0.9351999759674072"
"50678","0.9350999593734741","0.9350999593734741","0.9350999593734741"
"50689","0.9353999495506287","0.9353999495506287","0.9353999495506287"
"50700","0.9351999759674072","0.9351999759674072","0.9351999759674072"
"50711","0.9353999495506287","0.9353999495506287","0.9353999495506287"
"50722","0.9353999495506287","0.9353999495506287","0.9353999495506287"
"50733","0.9354999661445618","0.9354999661445618","0.9354999661445618"
"50744","0.935699999332428","0.935699999332428","0.935699999332428"
"50755","0.9355999827384949","0.9355999827384949","0.9355999827384949"
"50766","0.9355999827384949","0.9355999827384949","0.9355999827384949"
"50777","0.9355999827384949","0.9355999827384949","0.9355999827384949"
"50788","0.9357999563217163","0.9357999563217163","0.9357999563217163"
"50799","0.9359999895095825","0.9359999895095825","0.9359999895095825"
"50810","0.9361000061035156","0.9361000061035156","0.9361000061035156"
"50821","0.9361000061035156","0.9361000061035156","0.9361000061035156"
"50832","0.936199963092804","0.936199963092804","0.936199963092804"
"50843","0.936199963092804","0.936199963092804","0.936199963092804"
"50854","0.936199963092804","0.936199963092804","0.936199963092804"
"50865","0.936199963092804","0.936199963092804","0.936199963092804"
"50876","0.936199963092804","0.936199963092804","0.936199963092804"
"50887","0.9362999796867371","0.9362999796867371","0.9362999796867371"
"50898","0.9362999796867371","0.9362999796867371","0.9362999796867371"
"50909","0.9362999796867371","0.9362999796867371","0.9362999796867371"
"50920","0.9362999796867371","0.9362999796867371","0.9362999796867371"
"50931","0.9362999796867371","0.9362999796867371","0.9362999796867371"
"50942","0.9362999796867371","0.9362999796867371","0.9362999796867371"
"50953","0.9362999796867371","0.9362999796867371","0.9362999796867371"
"50964","0.9362999796867371","0.9362999796867371","0.9362999796867371"
"50975","0.9362999796867371","0.9362999796867371","0.9362999796867371"
"50986","0.9362999796867371","0.9362999796867371","0.9362999796867371"
"50997","0.9362999796867371","0.9362999796867371","0.9362999796867371"
"51008","0.9363999962806702","0.9363999962806702","0.9363999962806702"
"51019","0.9363999962806702","0.9363999962806702","0.9363999962806702"
"51030","0.9364999532699585","0.9364999532699585","0.9364999532699585"
"51041","0.9363999962806702","0.9363999962806702","0.9363999962806702"
"51052","0.9366999864578247","0.9366999864578247","0.9366999864578247"
"51063","0.9368999600410461","0.9368999600410461","0.9368999600410461"
"51074","0.9368999600410461","0.9368999600410461","0.9368999600410461"
"51085","0.9368999600410461","0.9368999600410461","0.9368999600410461"
"51096","0.9368000030517578","0.9368000030517578","0.9368000030517578"
"51107","0.9368999600410461","0.9368999600410461","0.9368999600410461"
"51118","0.9368999600410461","0.9368999600410461","0.9368999600410461"
"51129","0.9368999600410461","0.9368999600410461","0.9368999600410461"
"51140","0.9370999932289124","0.9370999932289124","0.9370999932289124"
"51151","0.9369999766349792","0.9369999766349792","0.9369999766349792"
"51162","0.9368999600410461","0.9368999600410461","0.9368999600410461"
"51173","0.9369999766349792","0.9369999766349792","0.9369999766349792"
"51184","0.9369999766349792","0.9369999766349792","0.9369999766349792"
"51195","0.9368999600410461","0.9368999600410461","0.9368999600410461"
"51206","0.9369999766349792","0.9369999766349792","0.9369999766349792"
"51217","0.9370999932289124","0.9370999932289124","0.9370999932289124"
"51228","0.9371999502182007","0.9371999502182007","0.9371999502182007"
"51239","0.9371999502182007","0.9371999502182007","0.9371999502182007"
"51250","0.9371999502182007","0.9371999502182007","0.9371999502182007"
"51261","0.9372999668121338","0.9372999668121338","0.9372999668121338"
"51272","0.9372999668121338","0.9372999668121338","0.9372999668121338"
"51283","0.9372999668121338","0.9372999668121338","0.9372999668121338"
"51294","0.9373999834060669","0.9373999834060669","0.9373999834060669"
"51305","0.9373999834060669","0.9373999834060669","0.9373999834060669"
"51316","0.9373999834060669","0.9373999834060669","0.9373999834060669"
"51327","0.9373999834060669","0.9373999834060669","0.9373999834060669"
"51338","0.9373999834060669","0.9373999834060669","0.9373999834060669"
"51349","0.9375","0.9375","0.9375"
"51360","0.9375","0.9375","0.9375"
"51371","0.9375","0.9375","0.9375"
"51382","0.9373999834060669","0.9373999834060669","0.9373999834060669"
"51393","0.9373999834060669","0.9373999834060669","0.9373999834060669"
"51404","0.9373999834060669","0.9373999834060669","0.9373999834060669"
"51415","0.9372999668121338","0.9372999668121338","0.9372999668121338"
"51426","0.9372999668121338","0.9372999668121338","0.9372999668121338"
"51437","0.9373999834060669","0.9373999834060669","0.9373999834060669"
"51448","0.9375","0.9375","0.9375"
"51459","0.9375","0.9375","0.9375"
"51470","0.9373999834060669","0.9373999834060669","0.9373999834060669"
"51481","0.9376999735832214","0.9376999735832214","0.9376999735832214"
"51492","0.9376999735832214","0.9376999735832214","0.9376999735832214"
"51503","0.9375999569892883","0.9375999569892883","0.9375999569892883"
"51514","0.9375999569892883","0.9375999569892883","0.9375999569892883"
"51525","0.9375999569892883","0.9375999569892883","0.9375999569892883"
"51536","0.9375999569892883","0.9375999569892883","0.9375999569892883"
"51547","0.9376999735832214","0.9376999735832214","0.9376999735832214"
"51558","0.9376999735832214","0.9376999735832214","0.9376999735832214"
"51569","0.9375999569892883","0.9375999569892883","0.9375999569892883"
"51580","0.9375","0.9375","0.9375"
"51591","0.9375999569892883","0.9375999569892883","0.9375999569892883"
"51602","0.9377999901771545","0.9377999901771545","0.9377999901771545"
"51613","0.9378999471664429","0.9378999471664429","0.9378999471664429"
"51624","0.9377999901771545","0.9377999901771545","0.9377999901771545"
"51635","0.9377999901771545","0.9377999901771545","0.9377999901771545"
"51646","0.9376999735832214","0.9376999735832214","0.9376999735832214"
"51657","0.9377999901771545","0.9377999901771545","0.9377999901771545"
"51668","0.9377999901771545","0.9377999901771545","0.9377999901771545"
"51679","0.937999963760376","0.937999963760376","0.937999963760376"
"51690","0.937999963760376","0.937999963760376","0.937999963760376"
"51701","0.9381999969482422","0.9381999969482422","0.9381999969482422"
"51712","0.9378999471664429","0.9378999471664429","0.9378999471664429"
"51723","0.9377999901771545","0.9377999901771545","0.9377999901771545"
"51734","0.9380999803543091","0.9380999803543091","0.9380999803543091"
"51745","0.9381999969482422","0.9381999969482422","0.9381999969482422"
"51756","0.9380999803543091","0.9380999803543091","0.9380999803543091"
"51767","0.9380999803543091","0.9380999803543091","0.9380999803543091"
"51778","0.9382999539375305","0.9382999539375305","0.9382999539375305"
"51789","0.9384999871253967","0.9384999871253967","0.9384999871253967"
"51800","0.9384999871253967","0.9384999871253967","0.9384999871253967"
"51811","0.9384999871253967","0.9384999871253967","0.9384999871253967"
"51822","0.9386000037193298","0.9386000037193298","0.9386000037193298"
"51833","0.9386000037193298","0.9386000037193298","0.9386000037193298"
"51844","0.9384999871253967","0.9384999871253967","0.9384999871253967"
"51855","0.9384999871253967","0.9384999871253967","0.9384999871253967"
"51866","0.9384999871253967","0.9384999871253967","0.9384999871253967"
"51877","0.9384999871253967","0.9384999871253967","0.9384999871253967"
"51888","0.9386000037193298","0.9386000037193298","0.9386000037193298"
"51899","0.9384999871253967","0.9384999871253967","0.9384999871253967"
"51910","0.9386000037193298","0.9386000037193298","0.9386000037193298"
"51921","0.9386999607086182","0.9386999607086182","0.9386999607086182"
"51932","0.9386999607086182","0.9386999607086182","0.9386999607086182"
"51943","0.9386000037193298","0.9386000037193298","0.9386000037193298"
"51954","0.9387999773025513","0.9387999773025513","0.9387999773025513"
"51965","0.9388999938964844","0.9388999938964844","0.9388999938964844"
"51976","0.9388999938964844","0.9388999938964844","0.9388999938964844"
"51987","0.9388999938964844","0.9388999938964844","0.9388999938964844"
"51998","0.9390999674797058","0.9390999674797058","0.9390999674797058"
"52009","0.9389999508857727","0.9389999508857727","0.9389999508857727"
"52020","0.9390999674797058","0.9390999674797058","0.9390999674797058"
"52031","0.9390999674797058","0.9390999674797058","0.9390999674797058"
"52042","0.9390999674797058","0.9390999674797058","0.9390999674797058"
"52053","0.9390999674797058","0.9390999674797058","0.9390999674797058"
"52064","0.9390999674797058","0.9390999674797058","0.9390999674797058"
"52075","0.9391999840736389","0.9391999840736389","0.9391999840736389"
"52086","0.9390999674797058","0.9390999674797058","0.9390999674797058"
"52097","0.939300000667572","0.939300000667572","0.939300000667572"
"52108","0.9393999576568604","0.9393999576568604","0.9393999576568604"
"52119","0.9393999576568604","0.9393999576568604","0.9393999576568604"
"52130","0.9393999576568604","0.9393999576568604","0.9393999576568604"
"52141","0.9394999742507935","0.9394999742507935","0.9394999742507935"
"52152","0.9394999742507935","0.9394999742507935","0.9394999742507935"
"52163","0.9394999742507935","0.9394999742507935","0.9394999742507935"
"52174","0.9394999742507935","0.9394999742507935","0.9394999742507935"
"52185","0.9394999742507935","0.9394999742507935","0.9394999742507935"
"52196","0.9394999742507935","0.9394999742507935","0.9394999742507935"
"52207","0.9394999742507935","0.9394999742507935","0.9394999742507935"
"52218","0.9394999742507935","0.9394999742507935","0.9394999742507935"
"52229","0.9394999742507935","0.9394999742507935","0.9394999742507935"
"52240","0.9394999742507935","0.9394999742507935","0.9394999742507935"
"52251","0.9394999742507935","0.9394999742507935","0.9394999742507935"
"52262","0.9394999742507935","0.9394999742507935","0.9394999742507935"
"52273","0.9394999742507935","0.9394999742507935","0.9394999742507935"
"52284","0.9394999742507935","0.9394999742507935","0.9394999742507935"
"52295","0.9394999742507935","0.9394999742507935","0.9394999742507935"
"52306","0.9394999742507935","0.9394999742507935","0.9394999742507935"
"52317","0.9395999908447266","0.9395999908447266","0.9395999908447266"
"52328","0.9395999908447266","0.9395999908447266","0.9395999908447266"
"52339","0.9396999478340149","0.9396999478340149","0.9396999478340149"
"52350","0.9396999478340149","0.9396999478340149","0.9396999478340149"
"52361","0.939799964427948","0.939799964427948","0.939799964427948"
"52372","0.939799964427948","0.939799964427948","0.939799964427948"
"52383","0.939799964427948","0.939799964427948","0.939799964427948"
"52394","0.9398999810218811","0.9398999810218811","0.9398999810218811"
"52405","0.9400999546051025","0.9400999546051025","0.9400999546051025"
"52416","0.9399999976158142","0.9399999976158142","0.9399999976158142"
"52427","0.9398999810218811","0.9398999810218811","0.9398999810218811"
"52438","0.9398999810218811","0.9398999810218811","0.9398999810218811"
"52449","0.9398999810218811","0.9398999810218811","0.9398999810218811"
"52460","0.9398999810218811","0.9398999810218811","0.9398999810218811"
"52471","0.9398999810218811","0.9398999810218811","0.9398999810218811"
"52482","0.939799964427948","0.939799964427948","0.939799964427948"
"52493","0.939799964427948","0.939799964427948","0.939799964427948"
"52504","0.9398999810218811","0.9398999810218811","0.9398999810218811"
"52515","0.9398999810218811","0.9398999810218811","0.9398999810218811"
"52526","0.939799964427948","0.939799964427948","0.939799964427948"
"52537","0.9396999478340149","0.9396999478340149","0.9396999478340149"
"52548","0.9396999478340149","0.9396999478340149","0.9396999478340149"
"52559","0.9398999810218811","0.9398999810218811","0.9398999810218811"
"52570","0.9398999810218811","0.9398999810218811","0.9398999810218811"
"52581","0.9399999976158142","0.9399999976158142","0.9399999976158142"
"52592","0.9399999976158142","0.9399999976158142","0.9399999976158142"
"52603","0.9399999976158142","0.9399999976158142","0.9399999976158142"
"52614","0.9399999976158142","0.9399999976158142","0.9399999976158142"
"52625","0.9399999976158142","0.9399999976158142","0.9399999976158142"
"52636","0.9399999976158142","0.9399999976158142","0.9399999976158142"
"52647","0.9400999546051025","0.9400999546051025","0.9400999546051025"
"52658","0.9399999976158142","0.9399999976158142","0.9399999976158142"
"52669","0.9401999711990356","0.9401999711990356","0.9401999711990356"
"52680","0.9402999877929688","0.9402999877929688","0.9402999877929688"
"52691","0.9402999877929688","0.9402999877929688","0.9402999877929688"
"52702","0.9402999877929688","0.9402999877929688","0.9402999877929688"
"52713","0.9402999877929688","0.9402999877929688","0.9402999877929688"
"52724","0.9402999877929688","0.9402999877929688","0.9402999877929688"
"52735","0.9402999877929688","0.9402999877929688","0.9402999877929688"
"52746","0.9404000043869019","0.9404000043869019","0.9404000043869019"
"52757","0.9402999877929688","0.9402999877929688","0.9402999877929688"
"52768","0.9404000043869019","0.9404000043869019","0.9404000043869019"
"52779","0.9402999877929688","0.9402999877929688","0.9402999877929688"
"52790","0.9402999877929688","0.9402999877929688","0.9402999877929688"
"52801","0.9402999877929688","0.9402999877929688","0.9402999877929688"
"52812","0.9402999877929688","0.9402999877929688","0.9402999877929688"
"52823","0.9402999877929688","0.9402999877929688","0.9402999877929688"
"52834","0.9402999877929688","0.9402999877929688","0.9402999877929688"
"52845","0.9402999877929688","0.9402999877929688","0.9402999877929688"
"52856","0.9404000043869019","0.9404000043869019","0.9404000043869019"
"52867","0.9404000043869019","0.9404000043869019","0.9404000043869019"
"52878","0.9404000043869019","0.9404000043869019","0.9404000043869019"
"52889","0.9404000043869019","0.9404000043869019","0.9404000043869019"
"52900","0.9404000043869019","0.9404000043869019","0.9404000043869019"
"52911","0.9404000043869019","0.9404000043869019","0.9404000043869019"
"52922","0.9402999877929688","0.9402999877929688","0.9402999877929688"
"52933","0.9404000043869019","0.9404000043869019","0.9404000043869019"
"52944","0.9402999877929688","0.9402999877929688","0.9402999877929688"
"52955","0.9404000043869019","0.9404000043869019","0.9404000043869019"
"52966","0.9404000043869019","0.9404000043869019","0.9404000043869019"
"52977","0.9402999877929688","0.9402999877929688","0.9402999877929688"
"52988","0.9404000043869019","0.9404000043869019","0.9404000043869019"
"52999","0.9404999613761902","0.9404999613761902","0.9404999613761902"
"53010","0.9404999613761902","0.9404999613761902","0.9404999613761902"
"53021","0.9404999613761902","0.9404999613761902","0.9404999613761902"
"53032","0.9404000043869019","0.9404000043869019","0.9404000043869019"
"53043","0.9404000043869019","0.9404000043869019","0.9404000043869019"
"53054","0.9404000043869019","0.9404000043869019","0.9404000043869019"
"53065","0.9404000043869019","0.9404000043869019","0.9404000043869019"
"53076","0.9404000043869019","0.9404000043869019","0.9404000043869019"
"53087","0.9405999779701233","0.9405999779701233","0.9405999779701233"
"53098","0.9406999945640564","0.9406999945640564","0.9406999945640564"
"53109","0.9407999515533447","0.9407999515533447","0.9407999515533447"
"53120","0.9407999515533447","0.9407999515533447","0.9407999515533447"
"53131","0.9407999515533447","0.9407999515533447","0.9407999515533447"
"53142","0.9407999515533447","0.9407999515533447","0.9407999515533447"
"53153","0.9407999515533447","0.9407999515533447","0.9407999515533447"
"53164","0.9407999515533447","0.9407999515533447","0.9407999515533447"
"53175","0.9407999515533447","0.9407999515533447","0.9407999515533447"
"53186","0.9407999515533447","0.9407999515533447","0.9407999515533447"
"53197","0.9407999515533447","0.9407999515533447","0.9407999515533447"
"53208","0.9407999515533447","0.9407999515533447","0.9407999515533447"
"53219","0.9407999515533447","0.9407999515533447","0.9407999515533447"
"53230","0.9407999515533447","0.9407999515533447","0.9407999515533447"
"53241","0.941100001335144","0.941100001335144","0.941100001335144"
"53252","0.941100001335144","0.941100001335144","0.941100001335144"
"53263","0.941100001335144","0.941100001335144","0.941100001335144"
"53274","0.941100001335144","0.941100001335144","0.941100001335144"
"53285","0.941100001335144","0.941100001335144","0.941100001335144"
"53296","0.941100001335144","0.941100001335144","0.941100001335144"
"53307","0.941100001335144","0.941100001335144","0.941100001335144"
"53318","0.941100001335144","0.941100001335144","0.941100001335144"
"53329","0.941100001335144","0.941100001335144","0.941100001335144"
"53340","0.941100001335144","0.941100001335144","0.941100001335144"
"53351","0.9411999583244324","0.9411999583244324","0.9411999583244324"
"53362","0.9411999583244324","0.9411999583244324","0.9411999583244324"
"53373","0.9411999583244324","0.9411999583244324","0.9411999583244324"
"53384","0.9411999583244324","0.9411999583244324","0.9411999583244324"
"53395","0.9411999583244324","0.9411999583244324","0.9411999583244324"
"53406","0.9411999583244324","0.9411999583244324","0.9411999583244324"
"53417","0.9413999915122986","0.9413999915122986","0.9413999915122986"
"53428","0.9412999749183655","0.9412999749183655","0.9412999749183655"
"53439","0.9412999749183655","0.9412999749183655","0.9412999749183655"
"53450","0.9412999749183655","0.9412999749183655","0.9412999749183655"
"53461","0.9413999915122986","0.9413999915122986","0.9413999915122986"
"53472","0.9414999485015869","0.9414999485015869","0.9414999485015869"
"53483","0.9414999485015869","0.9414999485015869","0.9414999485015869"
"53494","0.9414999485015869","0.9414999485015869","0.9414999485015869"
"53505","0.9414999485015869","0.9414999485015869","0.9414999485015869"
"53516","0.94159996509552","0.94159996509552","0.94159996509552"
"53527","0.94159996509552","0.94159996509552","0.94159996509552"
"53538","0.9416999816894531","0.9416999816894531","0.9416999816894531"
"53549","0.9416999816894531","0.9416999816894531","0.9416999816894531"
"53560","0.9418999552726746","0.9418999552726746","0.9418999552726746"
"53571","0.9420999884605408","0.9420999884605408","0.9420999884605408"
"53582","0.9420999884605408","0.9420999884605408","0.9420999884605408"
"53593","0.9419999718666077","0.9419999718666077","0.9419999718666077"
"53604","0.9422000050544739","0.9422000050544739","0.9422000050544739"
"53615","0.9422000050544739","0.9422000050544739","0.9422000050544739"
"53626","0.9420999884605408","0.9420999884605408","0.9420999884605408"
"53637","0.9422000050544739","0.9422000050544739","0.9422000050544739"
"53648","0.9422999620437622","0.9422999620437622","0.9422999620437622"
"53659","0.9423999786376953","0.9423999786376953","0.9423999786376953"
"53670","0.9422999620437622","0.9422999620437622","0.9422999620437622"
"53681","0.9424999952316284","0.9424999952316284","0.9424999952316284"
"53692","0.9424999952316284","0.9424999952316284","0.9424999952316284"
"53703","0.9424999952316284","0.9424999952316284","0.9424999952316284"
"53714","0.9423999786376953","0.9423999786376953","0.9423999786376953"
"53725","0.9424999952316284","0.9424999952316284","0.9424999952316284"
"53736","0.9423999786376953","0.9423999786376953","0.9423999786376953"
"53747","0.9422999620437622","0.9422999620437622","0.9422999620437622"
"53758","0.9422999620437622","0.9422999620437622","0.9422999620437622"
"53769","0.9422999620437622","0.9422999620437622","0.9422999620437622"
"53780","0.9422999620437622","0.9422999620437622","0.9422999620437622"
"53791","0.9423999786376953","0.9423999786376953","0.9423999786376953"
"53802","0.9422999620437622","0.9422999620437622","0.9422999620437622"
"53813","0.9423999786376953","0.9423999786376953","0.9423999786376953"
"53824","0.9423999786376953","0.9423999786376953","0.9423999786376953"
"53835","0.9423999786376953","0.9423999786376953","0.9423999786376953"
"53846","0.9423999786376953","0.9423999786376953","0.9423999786376953"
"53857","0.9424999952316284","0.9424999952316284","0.9424999952316284"
"53868","0.9426999688148499","0.9426999688148499","0.9426999688148499"
"53879","0.9425999522209167","0.9425999522209167","0.9425999522209167"
"53890","0.942799985408783","0.942799985408783","0.942799985408783"
"53901","0.942799985408783","0.942799985408783","0.942799985408783"
"53912","0.942799985408783","0.942799985408783","0.942799985408783"
"53923","0.9429000020027161","0.9429000020027161","0.9429000020027161"
"53934","0.942799985408783","0.942799985408783","0.942799985408783"
"53945","0.9425999522209167","0.9425999522209167","0.9425999522209167"
"53956","0.9425999522209167","0.9425999522209167","0.9425999522209167"
"53967","0.9425999522209167","0.9425999522209167","0.9425999522209167"
"53978","0.9429999589920044","0.9429999589920044","0.9429999589920044"
"53989","0.9430999755859375","0.9430999755859375","0.9430999755859375"
"54000","0.9430999755859375","0.9430999755859375","0.9430999755859375"
"54011","0.9430999755859375","0.9430999755859375","0.9430999755859375"
"54022","0.9430999755859375","0.9430999755859375","0.9430999755859375"
"54033","0.9431999921798706","0.9431999921798706","0.9431999921798706"
"54044","0.9430999755859375","0.9430999755859375","0.9430999755859375"
"54055","0.9430999755859375","0.9430999755859375","0.9430999755859375"
"54066","0.9431999921798706","0.9431999921798706","0.9431999921798706"
"54077","0.9432999491691589","0.9432999491691589","0.9432999491691589"
"54088","0.9430999755859375","0.9430999755859375","0.9430999755859375"
"54099","0.9431999921798706","0.9431999921798706","0.9431999921798706"
"54110","0.9431999921798706","0.9431999921798706","0.9431999921798706"
"54121","0.9431999921798706","0.9431999921798706","0.9431999921798706"
"54132","0.9431999921798706","0.9431999921798706","0.9431999921798706"
"54143","0.9431999921798706","0.9431999921798706","0.9431999921798706"
"54154","0.9432999491691589","0.9432999491691589","0.9432999491691589"
"54165","0.943399965763092","0.943399965763092","0.943399965763092"
"54176","0.943399965763092","0.943399965763092","0.943399965763092"
"54187","0.9432999491691589","0.9432999491691589","0.9432999491691589"
"54198","0.9434999823570251","0.9434999823570251","0.9434999823570251"
"54209","0.943399965763092","0.943399965763092","0.943399965763092"
"54220","0.9434999823570251","0.9434999823570251","0.9434999823570251"
"54231","0.9435999989509583","0.9435999989509583","0.9435999989509583"
"54242","0.9436999559402466","0.9436999559402466","0.9436999559402466"
"54253","0.9437999725341797","0.9437999725341797","0.9437999725341797"
"54264","0.9437999725341797","0.9437999725341797","0.9437999725341797"
"54275","0.9436999559402466","0.9436999559402466","0.9436999559402466"
"54286","0.9438999891281128","0.9438999891281128","0.9438999891281128"
"54297","0.9438999891281128","0.9438999891281128","0.9438999891281128"
"54308","0.9438999891281128","0.9438999891281128","0.9438999891281128"
"54319","0.9440000057220459","0.9440000057220459","0.9440000057220459"
"54330","0.9440000057220459","0.9440000057220459","0.9440000057220459"
"54341","0.9440999627113342","0.9440999627113342","0.9440999627113342"
"54352","0.9440000057220459","0.9440000057220459","0.9440000057220459"
"54363","0.9441999793052673","0.9441999793052673","0.9441999793052673"
"54374","0.9441999793052673","0.9441999793052673","0.9441999793052673"
"54385","0.9442999958992004","0.9442999958992004","0.9442999958992004"
"54396","0.9442999958992004","0.9442999958992004","0.9442999958992004"
"54407","0.9442999958992004","0.9442999958992004","0.9442999958992004"
"54418","0.9443999528884888","0.9443999528884888","0.9443999528884888"
"54429","0.9443999528884888","0.9443999528884888","0.9443999528884888"
"54440","0.9443999528884888","0.9443999528884888","0.9443999528884888"
"54451","0.9443999528884888","0.9443999528884888","0.9443999528884888"
"54462","0.9443999528884888","0.9443999528884888","0.9443999528884888"
"54473","0.9443999528884888","0.9443999528884888","0.9443999528884888"
"54484","0.9443999528884888","0.9443999528884888","0.9443999528884888"
"54495","0.944599986076355","0.944599986076355","0.944599986076355"
"54506","0.944599986076355","0.944599986076355","0.944599986076355"
"54517","0.944599986076355","0.944599986076355","0.944599986076355"
"54528","0.9447000026702881","0.9447000026702881","0.9447000026702881"
"54539","0.9447000026702881","0.9447000026702881","0.9447000026702881"
"54550","0.9447000026702881","0.9447000026702881","0.9447000026702881"
"54561","0.9447000026702881","0.9447000026702881","0.9447000026702881"
"54572","0.9447000026702881","0.9447000026702881","0.9447000026702881"
"54583","0.9447000026702881","0.9447000026702881","0.9447000026702881"
"54594","0.9447000026702881","0.9447000026702881","0.9447000026702881"
"54605","0.9447999596595764","0.9447999596595764","0.9447999596595764"
"54616","0.9448999762535095","0.9448999762535095","0.9448999762535095"
"54627","0.9448999762535095","0.9448999762535095","0.9448999762535095"
"54638","0.9448999762535095","0.9448999762535095","0.9448999762535095"
"54649","0.9449999928474426","0.9449999928474426","0.9449999928474426"
"54660","0.945099949836731","0.945099949836731","0.945099949836731"
"54671","0.945099949836731","0.945099949836731","0.945099949836731"
"54682","0.945099949836731","0.945099949836731","0.945099949836731"
"54693","0.945099949836731","0.945099949836731","0.945099949836731"
"54704","0.945099949836731","0.945099949836731","0.945099949836731"
"54715","0.9451999664306641","0.9451999664306641","0.9451999664306641"
"54726","0.9451999664306641","0.9451999664306641","0.9451999664306641"
"54737","0.9451999664306641","0.9451999664306641","0.9451999664306641"
"54748","0.9453999996185303","0.9453999996185303","0.9453999996185303"
"54759","0.9454999566078186","0.9454999566078186","0.9454999566078186"
"54770","0.9456999897956848","0.9456999897956848","0.9456999897956848"
"54781","0.9455999732017517","0.9455999732017517","0.9455999732017517"
"54792","0.9453999996185303","0.9453999996185303","0.9453999996185303"
"54803","0.9456999897956848","0.9456999897956848","0.9456999897956848"
"54814","0.9457999467849731","0.9457999467849731","0.9457999467849731"
"54825","0.9457999467849731","0.9457999467849731","0.9457999467849731"
"54836","0.9458999633789062","0.9458999633789062","0.9458999633789062"
"54847","0.9458999633789062","0.9458999633789062","0.9458999633789062"
"54858","0.9457999467849731","0.9457999467849731","0.9457999467849731"
"54869","0.9457999467849731","0.9457999467849731","0.9457999467849731"
"54880","0.9458999633789062","0.9458999633789062","0.9458999633789062"
"54891","0.9458999633789062","0.9458999633789062","0.9458999633789062"
"54902","0.9457999467849731","0.9457999467849731","0.9457999467849731"
"54913","0.9457999467849731","0.9457999467849731","0.9457999467849731"
"54924","0.9458999633789062","0.9458999633789062","0.9458999633789062"
"54935","0.9458999633789062","0.9458999633789062","0.9458999633789062"
"54946","0.9459999799728394","0.9459999799728394","0.9459999799728394"
"54957","0.9462999701499939","0.9462999701499939","0.9462999701499939"
"54968","0.9462999701499939","0.9462999701499939","0.9462999701499939"
"54979","0.9462999701499939","0.9462999701499939","0.9462999701499939"
"54990","0.9462999701499939","0.9462999701499939","0.9462999701499939"
"55001","0.9461999535560608","0.9461999535560608","0.9461999535560608"
"55012","0.9461999535560608","0.9461999535560608","0.9461999535560608"
"55023","0.9462999701499939","0.9462999701499939","0.9462999701499939"
"55034","0.9462999701499939","0.9462999701499939","0.9462999701499939"
"55045","0.9462999701499939","0.9462999701499939","0.9462999701499939"
"55056","0.9462999701499939","0.9462999701499939","0.9462999701499939"
"55067","0.9462999701499939","0.9462999701499939","0.9462999701499939"
"55078","0.9462999701499939","0.9462999701499939","0.9462999701499939"
"55089","0.946399986743927","0.946399986743927","0.946399986743927"
"55100","0.9462999701499939","0.9462999701499939","0.9462999701499939"
"55111","0.946399986743927","0.946399986743927","0.946399986743927"
"55122","0.9462999701499939","0.9462999701499939","0.9462999701499939"
"55133","0.946399986743927","0.946399986743927","0.946399986743927"
"55144","0.946399986743927","0.946399986743927","0.946399986743927"
"55155","0.9465000033378601","0.9465000033378601","0.9465000033378601"
"55166","0.9465999603271484","0.9465999603271484","0.9465999603271484"
"55177","0.9465999603271484","0.9465999603271484","0.9465999603271484"
"55188","0.9465999603271484","0.9465999603271484","0.9465999603271484"
"55199","0.9466999769210815","0.9466999769210815","0.9466999769210815"
"55210","0.9466999769210815","0.9466999769210815","0.9466999769210815"
"55221","0.9465999603271484","0.9465999603271484","0.9465999603271484"
"55232","0.9467999935150146","0.9467999935150146","0.9467999935150146"
"55243","0.9466999769210815","0.9466999769210815","0.9466999769210815"
"55254","0.9466999769210815","0.9466999769210815","0.9466999769210815"
"55265","0.9467999935150146","0.9467999935150146","0.9467999935150146"
"55276","0.9467999935150146","0.9467999935150146","0.9467999935150146"
"55287","0.9467999935150146","0.9467999935150146","0.9467999935150146"
"55298","0.9466999769210815","0.9466999769210815","0.9466999769210815"
"55309","0.9466999769210815","0.9466999769210815","0.9466999769210815"
"55320","0.9467999935150146","0.9467999935150146","0.9467999935150146"
"55331","0.9467999935150146","0.9467999935150146","0.9467999935150146"
"55342","0.9467999935150146","0.9467999935150146","0.9467999935150146"
"55353","0.9469999670982361","0.9469999670982361","0.9469999670982361"
"55364","0.9469999670982361","0.9469999670982361","0.9469999670982361"
"55375","0.9469999670982361","0.9469999670982361","0.9469999670982361"
"55386","0.9469999670982361","0.9469999670982361","0.9469999670982361"
"55397","0.946899950504303","0.946899950504303","0.946899950504303"
"55408","0.946899950504303","0.946899950504303","0.946899950504303"
"55419","0.9467999935150146","0.9467999935150146","0.9467999935150146"
"55430","0.946899950504303","0.946899950504303","0.946899950504303"
"55441","0.9469999670982361","0.9469999670982361","0.9469999670982361"
"55452","0.9470999836921692","0.9470999836921692","0.9470999836921692"
"55463","0.9470999836921692","0.9470999836921692","0.9470999836921692"
"55474","0.9470999836921692","0.9470999836921692","0.9470999836921692"
"55485","0.9472000002861023","0.9472000002861023","0.9472000002861023"
"55496","0.9470999836921692","0.9470999836921692","0.9470999836921692"
"55507","0.9470999836921692","0.9470999836921692","0.9470999836921692"
"55518","0.9472000002861023","0.9472000002861023","0.9472000002861023"
"55529","0.9470999836921692","0.9470999836921692","0.9470999836921692"
"55540","0.9470999836921692","0.9470999836921692","0.9470999836921692"
"55551","0.9472999572753906","0.9472999572753906","0.9472999572753906"
"55562","0.9472999572753906","0.9472999572753906","0.9472999572753906"
"55573","0.9472000002861023","0.9472000002861023","0.9472000002861023"
"55584","0.9470999836921692","0.9470999836921692","0.9470999836921692"
"55595","0.9470999836921692","0.9470999836921692","0.9470999836921692"
"55606","0.9470999836921692","0.9470999836921692","0.9470999836921692"
"55617","0.9470999836921692","0.9470999836921692","0.9470999836921692"
"55628","0.9472000002861023","0.9472000002861023","0.9472000002861023"
"55639","0.9472999572753906","0.9472999572753906","0.9472999572753906"
"55650","0.9473999738693237","0.9473999738693237","0.9473999738693237"
"55661","0.9473999738693237","0.9473999738693237","0.9473999738693237"
"55672","0.9472999572753906","0.9472999572753906","0.9472999572753906"
"55683","0.9473999738693237","0.9473999738693237","0.9473999738693237"
"55694","0.9473999738693237","0.9473999738693237","0.9473999738693237"
"55705","0.9473999738693237","0.9473999738693237","0.9473999738693237"
"55716","0.9473999738693237","0.9473999738693237","0.9473999738693237"
"55727","0.9473999738693237","0.9473999738693237","0.9473999738693237"
"55738","0.9477999806404114","0.9477999806404114","0.9477999806404114"
"55749","0.9477999806404114","0.9477999806404114","0.9477999806404114"
"55760","0.9477999806404114","0.9477999806404114","0.9477999806404114"
"55771","0.9477999806404114","0.9477999806404114","0.9477999806404114"
"55782","0.9477999806404114","0.9477999806404114","0.9477999806404114"
"55793","0.9477999806404114","0.9477999806404114","0.9477999806404114"
"55804","0.9477999806404114","0.9477999806404114","0.9477999806404114"
"55815","0.9477999806404114","0.9477999806404114","0.9477999806404114"
"55826","0.9475999474525452","0.9475999474525452","0.9475999474525452"
"55837","0.9476999640464783","0.9476999640464783","0.9476999640464783"
"55848","0.9476999640464783","0.9476999640464783","0.9476999640464783"
"55859","0.9477999806404114","0.9477999806404114","0.9477999806404114"
"55870","0.9477999806404114","0.9477999806404114","0.9477999806404114"
"55881","0.9477999806404114","0.9477999806404114","0.9477999806404114"
"55892","0.9477999806404114","0.9477999806404114","0.9477999806404114"
"55903","0.9479999542236328","0.9479999542236328","0.9479999542236328"
"55914","0.9478999972343445","0.9478999972343445","0.9478999972343445"
"55925","0.9479999542236328","0.9479999542236328","0.9479999542236328"
"55936","0.9478999972343445","0.9478999972343445","0.9478999972343445"
"55947","0.9479999542236328","0.9479999542236328","0.9479999542236328"
"55958","0.9480999708175659","0.9480999708175659","0.9480999708175659"
"55969","0.9480999708175659","0.9480999708175659","0.9480999708175659"
"55980","0.9480999708175659","0.9480999708175659","0.9480999708175659"
"55991","0.9480999708175659","0.9480999708175659","0.9480999708175659"
"56002","0.9479999542236328","0.9479999542236328","0.9479999542236328"
"56013","0.9480999708175659","0.9480999708175659","0.9480999708175659"
"56024","0.9480999708175659","0.9480999708175659","0.9480999708175659"
"56035","0.948199987411499","0.948199987411499","0.948199987411499"
"56046","0.9480999708175659","0.9480999708175659","0.9480999708175659"
"56057","0.9480999708175659","0.9480999708175659","0.9480999708175659"
"56068","0.9480999708175659","0.9480999708175659","0.9480999708175659"
"56079","0.948199987411499","0.948199987411499","0.948199987411499"
"56090","0.948199987411499","0.948199987411499","0.948199987411499"
"56101","0.948199987411499","0.948199987411499","0.948199987411499"
"56112","0.948199987411499","0.948199987411499","0.948199987411499"
"56123","0.9483000040054321","0.9483000040054321","0.9483000040054321"
"56134","0.9483000040054321","0.9483000040054321","0.9483000040054321"
"56145","0.948199987411499","0.948199987411499","0.948199987411499"
"56156","0.9480999708175659","0.9480999708175659","0.9480999708175659"
"56167","0.948199987411499","0.948199987411499","0.948199987411499"
"56178","0.948199987411499","0.948199987411499","0.948199987411499"
"56189","0.948199987411499","0.948199987411499","0.948199987411499"
"56200","0.948199987411499","0.948199987411499","0.948199987411499"
"56211","0.9483000040054321","0.9483000040054321","0.9483000040054321"
"56222","0.9483000040054321","0.9483000040054321","0.9483000040054321"
"56233","0.9483000040054321","0.9483000040054321","0.9483000040054321"
"56244","0.9483000040054321","0.9483000040054321","0.9483000040054321"
"56255","0.9483999609947205","0.9483999609947205","0.9483999609947205"
"56266","0.9483999609947205","0.9483999609947205","0.9483999609947205"
"56277","0.9483999609947205","0.9483999609947205","0.9483999609947205"
"56288","0.9483999609947205","0.9483999609947205","0.9483999609947205"
"56299","0.9484999775886536","0.9484999775886536","0.9484999775886536"
"56310","0.9484999775886536","0.9484999775886536","0.9484999775886536"
"56321","0.9485999941825867","0.9485999941825867","0.9485999941825867"
"56332","0.9485999941825867","0.9485999941825867","0.9485999941825867"
"56343","0.9485999941825867","0.9485999941825867","0.9485999941825867"
"56354","0.9485999941825867","0.9485999941825867","0.9485999941825867"
"56365","0.9485999941825867","0.9485999941825867","0.9485999941825867"
"56376","0.9485999941825867","0.9485999941825867","0.9485999941825867"
"56387","0.9485999941825867","0.9485999941825867","0.9485999941825867"
"56398","0.9485999941825867","0.9485999941825867","0.9485999941825867"
"56409","0.9485999941825867","0.9485999941825867","0.9485999941825867"
"56420","0.9485999941825867","0.9485999941825867","0.9485999941825867"
"56431","0.9485999941825867","0.9485999941825867","0.9485999941825867"
"56442","0.9484999775886536","0.9484999775886536","0.9484999775886536"
"56453","0.9485999941825867","0.9485999941825867","0.9485999941825867"
"56464","0.9485999941825867","0.9485999941825867","0.9485999941825867"
"56475","0.9485999941825867","0.9485999941825867","0.9485999941825867"
"56486","0.9485999941825867","0.9485999941825867","0.9485999941825867"
"56497","0.9485999941825867","0.9485999941825867","0.9485999941825867"
"56508","0.948699951171875","0.948699951171875","0.948699951171875"
"56519","0.9483999609947205","0.9483999609947205","0.9483999609947205"
"56530","0.9484999775886536","0.9484999775886536","0.9484999775886536"
"56541","0.9483999609947205","0.9483999609947205","0.9483999609947205"
"56552","0.9484999775886536","0.9484999775886536","0.9484999775886536"
"56563","0.9484999775886536","0.9484999775886536","0.9484999775886536"
"56574","0.9484999775886536","0.9484999775886536","0.9484999775886536"
"56585","0.9484999775886536","0.9484999775886536","0.9484999775886536"
"56596","0.9484999775886536","0.9484999775886536","0.9484999775886536"
"56607","0.9484999775886536","0.9484999775886536","0.9484999775886536"
"56618","0.9484999775886536","0.9484999775886536","0.9484999775886536"
"56629","0.9484999775886536","0.9484999775886536","0.9484999775886536"
"56640","0.9484999775886536","0.9484999775886536","0.9484999775886536"
"56651","0.9484999775886536","0.9484999775886536","0.9484999775886536"
"56662","0.9484999775886536","0.9484999775886536","0.9484999775886536"
"56673","0.9484999775886536","0.9484999775886536","0.9484999775886536"
"56684","0.9484999775886536","0.9484999775886536","0.9484999775886536"
"56695","0.9485999941825867","0.9485999941825867","0.9485999941825867"
"56706","0.9484999775886536","0.9484999775886536","0.9484999775886536"
"56717","0.9485999941825867","0.9485999941825867","0.9485999941825867"
"56728","0.9485999941825867","0.9485999941825867","0.9485999941825867"
"56739","0.9484999775886536","0.9484999775886536","0.9484999775886536"
"56750","0.9484999775886536","0.9484999775886536","0.9484999775886536"
"56761","0.9484999775886536","0.9484999775886536","0.9484999775886536"
"56772","0.9484999775886536","0.9484999775886536","0.9484999775886536"
"56783","0.9485999941825867","0.9485999941825867","0.9485999941825867"
"56794","0.9485999941825867","0.9485999941825867","0.9485999941825867"
"56805","0.9485999941825867","0.9485999941825867","0.9485999941825867"
"56816","0.9485999941825867","0.9485999941825867","0.9485999941825867"
"56827","0.9485999941825867","0.9485999941825867","0.9485999941825867"
"56838","0.9485999941825867","0.9485999941825867","0.9485999941825867"
"56849","0.9485999941825867","0.9485999941825867","0.9485999941825867"
"56860","0.9485999941825867","0.9485999941825867","0.9485999941825867"
"56871","0.9485999941825867","0.9485999941825867","0.9485999941825867"
"56882","0.9485999941825867","0.9485999941825867","0.9485999941825867"
"56893","0.9485999941825867","0.9485999941825867","0.9485999941825867"
"56904","0.9485999941825867","0.9485999941825867","0.9485999941825867"
"56915","0.9485999941825867","0.9485999941825867","0.9485999941825867"
"56926","0.948699951171875","0.948699951171875","0.948699951171875"
"56937","0.948699951171875","0.948699951171875","0.948699951171875"
"56948","0.948699951171875","0.948699951171875","0.948699951171875"
"56959","0.9485999941825867","0.9485999941825867","0.9485999941825867"
"56970","0.948699951171875","0.948699951171875","0.948699951171875"
"56981","0.948699951171875","0.948699951171875","0.948699951171875"
"56992","0.948699951171875","0.948699951171875","0.948699951171875"
"57003","0.948699951171875","0.948699951171875","0.948699951171875"
"57014","0.9487999677658081","0.9487999677658081","0.9487999677658081"
"57025","0.9487999677658081","0.9487999677658081","0.9487999677658081"
"57036","0.9487999677658081","0.9487999677658081","0.9487999677658081"
"57047","0.9487999677658081","0.9487999677658081","0.9487999677658081"
"57058","0.9487999677658081","0.9487999677658081","0.9487999677658081"
"57069","0.9487999677658081","0.9487999677658081","0.9487999677658081"
"57080","0.9487999677658081","0.9487999677658081","0.9487999677658081"
"57091","0.9487999677658081","0.9487999677658081","0.9487999677658081"
"57102","0.9487999677658081","0.9487999677658081","0.9487999677658081"
"57113","0.9487999677658081","0.9487999677658081","0.9487999677658081"
"57124","0.9487999677658081","0.9487999677658081","0.9487999677658081"
"57135","0.9487999677658081","0.9487999677658081","0.9487999677658081"
"57146","0.9487999677658081","0.9487999677658081","0.9487999677658081"
"57157","0.9487999677658081","0.9487999677658081","0.9487999677658081"
"57168","0.9488999843597412","0.9488999843597412","0.9488999843597412"
"57179","0.9488999843597412","0.9488999843597412","0.9488999843597412"
"57190","0.9488999843597412","0.9488999843597412","0.9488999843597412"
"57201","0.9488999843597412","0.9488999843597412","0.9488999843597412"
"57212","0.9488999843597412","0.9488999843597412","0.9488999843597412"
"57223","0.9488999843597412","0.9488999843597412","0.9488999843597412"
"57234","0.9488999843597412","0.9488999843597412","0.9488999843597412"
"57245","0.9488999843597412","0.9488999843597412","0.9488999843597412"
"57256","0.9490000009536743","0.9490000009536743","0.9490000009536743"
"57267","0.9490999579429626","0.9490999579429626","0.9490999579429626"
"57278","0.9490000009536743","0.9490000009536743","0.9490000009536743"
"57289","0.9490999579429626","0.9490999579429626","0.9490999579429626"
"57300","0.9490999579429626","0.9490999579429626","0.9490999579429626"
"57311","0.9490999579429626","0.9490999579429626","0.9490999579429626"
"57322","0.9491999745368958","0.9491999745368958","0.9491999745368958"
"57333","0.9491999745368958","0.9491999745368958","0.9491999745368958"
"57344","0.9491999745368958","0.9491999745368958","0.9491999745368958"
"57355","0.9491999745368958","0.9491999745368958","0.9491999745368958"
"57366","0.9491999745368958","0.9491999745368958","0.9491999745368958"
"57377","0.9492999911308289","0.9492999911308289","0.9492999911308289"
"57388","0.9492999911308289","0.9492999911308289","0.9492999911308289"
"57399","0.9492999911308289","0.9492999911308289","0.9492999911308289"
"57410","0.9492999911308289","0.9492999911308289","0.9492999911308289"
"57421","0.9492999911308289","0.9492999911308289","0.9492999911308289"
"57432","0.9492999911308289","0.9492999911308289","0.9492999911308289"
"57443","0.9492999911308289","0.9492999911308289","0.9492999911308289"
"57454","0.9492999911308289","0.9492999911308289","0.9492999911308289"
"57465","0.9492999911308289","0.9492999911308289","0.9492999911308289"
"57476","0.9492999911308289","0.9492999911308289","0.9492999911308289"
"57487","0.9492999911308289","0.9492999911308289","0.9492999911308289"
"57498","0.9493999481201172","0.9493999481201172","0.9493999481201172"
"57509","0.9493999481201172","0.9493999481201172","0.9493999481201172"
"57520","0.9494999647140503","0.9494999647140503","0.9494999647140503"
"57531","0.9494999647140503","0.9494999647140503","0.9494999647140503"
"57542","0.9494999647140503","0.9494999647140503","0.9494999647140503"
"57553","0.9494999647140503","0.9494999647140503","0.9494999647140503"
"57564","0.9494999647140503","0.9494999647140503","0.9494999647140503"
"57575","0.9493999481201172","0.9493999481201172","0.9493999481201172"
"57586","0.9493999481201172","0.9493999481201172","0.9493999481201172"
"57597","0.9493999481201172","0.9493999481201172","0.9493999481201172"
"57608","0.9493999481201172","0.9493999481201172","0.9493999481201172"
"57619","0.9494999647140503","0.9494999647140503","0.9494999647140503"
"57630","0.9494999647140503","0.9494999647140503","0.9494999647140503"
"57641","0.9494999647140503","0.9494999647140503","0.9494999647140503"
"57652","0.9494999647140503","0.9494999647140503","0.9494999647140503"
"57663","0.9494999647140503","0.9494999647140503","0.9494999647140503"
"57674","0.9494999647140503","0.9494999647140503","0.9494999647140503"
"57685","0.9495999813079834","0.9495999813079834","0.9495999813079834"
"57696","0.9495999813079834","0.9495999813079834","0.9495999813079834"
"57707","0.9495999813079834","0.9495999813079834","0.9495999813079834"
"57718","0.9495999813079834","0.9495999813079834","0.9495999813079834"
"57729","0.9495999813079834","0.9495999813079834","0.9495999813079834"
"57740","0.9495999813079834","0.9495999813079834","0.9495999813079834"
"57751","0.9495999813079834","0.9495999813079834","0.9495999813079834"
"57762","0.9495999813079834","0.9495999813079834","0.9495999813079834"
"57773","0.9495999813079834","0.9495999813079834","0.9495999813079834"
"57784","0.9497999548912048","0.9497999548912048","0.9497999548912048"
"57795","0.9496999979019165","0.9496999979019165","0.9496999979019165"
"57806","0.9497999548912048","0.9497999548912048","0.9497999548912048"
"57817","0.9497999548912048","0.9497999548912048","0.9497999548912048"
"57828","0.9498999714851379","0.9498999714851379","0.9498999714851379"
"57839","0.9497999548912048","0.9497999548912048","0.9497999548912048"
"57850","0.9497999548912048","0.9497999548912048","0.9497999548912048"
"57861","0.9498999714851379","0.9498999714851379","0.9498999714851379"
"57872","0.9498999714851379","0.9498999714851379","0.9498999714851379"
"57883","0.9498999714851379","0.9498999714851379","0.9498999714851379"
"57894","0.9497999548912048","0.9497999548912048","0.9497999548912048"
"57905","0.9497999548912048","0.9497999548912048","0.9497999548912048"
"57916","0.9498999714851379","0.9498999714851379","0.9498999714851379"
"57927","0.9497999548912048","0.9497999548912048","0.9497999548912048"
"57938","0.9497999548912048","0.9497999548912048","0.9497999548912048"
"57949","0.9497999548912048","0.9497999548912048","0.9497999548912048"
"57960","0.9497999548912048","0.9497999548912048","0.9497999548912048"
"57971","0.9497999548912048","0.9497999548912048","0.9497999548912048"
"57982","0.9497999548912048","0.9497999548912048","0.9497999548912048"
"57993","0.9497999548912048","0.9497999548912048","0.9497999548912048"
"58004","0.9497999548912048","0.9497999548912048","0.9497999548912048"
"58015","0.9497999548912048","0.9497999548912048","0.9497999548912048"
"58026","0.9498999714851379","0.9498999714851379","0.9498999714851379"
"58037","0.949999988079071","0.949999988079071","0.949999988079071"
"58048","0.949999988079071","0.949999988079071","0.949999988079071"
"58059","0.949999988079071","0.949999988079071","0.949999988079071"
"58070","0.949999988079071","0.949999988079071","0.949999988079071"
"58081","0.9501000046730042","0.9501000046730042","0.9501000046730042"
"58092","0.9501000046730042","0.9501000046730042","0.9501000046730042"
"58103","0.9501000046730042","0.9501000046730042","0.9501000046730042"
"58114","0.9501000046730042","0.9501000046730042","0.9501000046730042"
"58125","0.9501000046730042","0.9501000046730042","0.9501000046730042"
"58136","0.9501999616622925","0.9501999616622925","0.9501999616622925"
"58147","0.9501000046730042","0.9501000046730042","0.9501000046730042"
"58158","0.9501000046730042","0.9501000046730042","0.9501000046730042"
"58169","0.9501999616622925","0.9501999616622925","0.9501999616622925"
"58180","0.9503999948501587","0.9503999948501587","0.9503999948501587"
"58191","0.9502999782562256","0.9502999782562256","0.9502999782562256"
"58202","0.9503999948501587","0.9503999948501587","0.9503999948501587"
"58213","0.9502999782562256","0.9502999782562256","0.9502999782562256"
"58224","0.9502999782562256","0.9502999782562256","0.9502999782562256"
"58235","0.9502999782562256","0.9502999782562256","0.9502999782562256"
"58246","0.9502999782562256","0.9502999782562256","0.9502999782562256"
"58257","0.9503999948501587","0.9503999948501587","0.9503999948501587"
"58268","0.9503999948501587","0.9503999948501587","0.9503999948501587"
"58279","0.9502999782562256","0.9502999782562256","0.9502999782562256"
"58290","0.9503999948501587","0.9503999948501587","0.9503999948501587"
"58301","0.9503999948501587","0.9503999948501587","0.9503999948501587"
"58312","0.9503999948501587","0.9503999948501587","0.9503999948501587"
"58323","0.950499951839447","0.950499951839447","0.950499951839447"
"58334","0.9503999948501587","0.9503999948501587","0.9503999948501587"
"58345","0.9503999948501587","0.9503999948501587","0.9503999948501587"
"58356","0.950499951839447","0.950499951839447","0.950499951839447"
"58367","0.950499951839447","0.950499951839447","0.950499951839447"
"58378","0.9506999850273132","0.9506999850273132","0.9506999850273132"
"58389","0.9506999850273132","0.9506999850273132","0.9506999850273132"
"58400","0.9508000016212463","0.9508000016212463","0.9508000016212463"
"58411","0.9508000016212463","0.9508000016212463","0.9508000016212463"
"58422","0.9508000016212463","0.9508000016212463","0.9508000016212463"
"58433","0.9506999850273132","0.9506999850273132","0.9506999850273132"
"58444","0.9508000016212463","0.9508000016212463","0.9508000016212463"
"58455","0.9506999850273132","0.9506999850273132","0.9506999850273132"
"58466","0.9506999850273132","0.9506999850273132","0.9506999850273132"
"58477","0.9506999850273132","0.9506999850273132","0.9506999850273132"
"58488","0.9508000016212463","0.9508000016212463","0.9508000016212463"
"58499","0.9506999850273132","0.9506999850273132","0.9506999850273132"
"58510","0.9506999850273132","0.9506999850273132","0.9506999850273132"
"58521","0.9508000016212463","0.9508000016212463","0.9508000016212463"
"58532","0.9509999752044678","0.9509999752044678","0.9509999752044678"
"58543","0.9510999917984009","0.9510999917984009","0.9510999917984009"
"58554","0.9509999752044678","0.9509999752044678","0.9509999752044678"
"58565","0.9508000016212463","0.9508000016212463","0.9508000016212463"
"58576","0.9509999752044678","0.9509999752044678","0.9509999752044678"
"58587","0.9508000016212463","0.9508000016212463","0.9508000016212463"
"58598","0.9509999752044678","0.9509999752044678","0.9509999752044678"
"58609","0.9508999586105347","0.9508999586105347","0.9508999586105347"
"58620","0.9509999752044678","0.9509999752044678","0.9509999752044678"
"58631","0.9509999752044678","0.9509999752044678","0.9509999752044678"
"58642","0.9509999752044678","0.9509999752044678","0.9509999752044678"
"58653","0.9509999752044678","0.9509999752044678","0.9509999752044678"
"58664","0.9509999752044678","0.9509999752044678","0.9509999752044678"
"58675","0.9510999917984009","0.9510999917984009","0.9510999917984009"
"58686","0.9510999917984009","0.9510999917984009","0.9510999917984009"
"58697","0.9509999752044678","0.9509999752044678","0.9509999752044678"
"58708","0.9509999752044678","0.9509999752044678","0.9509999752044678"
"58719","0.9511999487876892","0.9511999487876892","0.9511999487876892"
"58730","0.9511999487876892","0.9511999487876892","0.9511999487876892"
"58741","0.9512999653816223","0.9512999653816223","0.9512999653816223"
"58752","0.9513999819755554","0.9513999819755554","0.9513999819755554"
"58763","0.9513999819755554","0.9513999819755554","0.9513999819755554"
"58774","0.9514999985694885","0.9514999985694885","0.9514999985694885"
"58785","0.95169997215271","0.95169997215271","0.95169997215271"
"58796","0.95169997215271","0.95169997215271","0.95169997215271"
"58807","0.95169997215271","0.95169997215271","0.95169997215271"
"58818","0.9515999555587769","0.9515999555587769","0.9515999555587769"
"58829","0.95169997215271","0.95169997215271","0.95169997215271"
"58840","0.9515999555587769","0.9515999555587769","0.9515999555587769"
"58851","0.9515999555587769","0.9515999555587769","0.9515999555587769"
"58862","0.9514999985694885","0.9514999985694885","0.9514999985694885"
"58873","0.95169997215271","0.95169997215271","0.95169997215271"
"58884","0.9515999555587769","0.9515999555587769","0.9515999555587769"
"58895","0.9515999555587769","0.9515999555587769","0.9515999555587769"
"58906","0.95169997215271","0.95169997215271","0.95169997215271"
"58917","0.95169997215271","0.95169997215271","0.95169997215271"
"58928","0.9514999985694885","0.9514999985694885","0.9514999985694885"
"58939","0.9515999555587769","0.9515999555587769","0.9515999555587769"
"58950","0.95169997215271","0.95169997215271","0.95169997215271"
"58961","0.9515999555587769","0.9515999555587769","0.9515999555587769"
"58972","0.95169997215271","0.95169997215271","0.95169997215271"
"58983","0.95169997215271","0.95169997215271","0.95169997215271"
"58994","0.95169997215271","0.95169997215271","0.95169997215271"
"59005","0.95169997215271","0.95169997215271","0.95169997215271"
"59016","0.95169997215271","0.95169997215271","0.95169997215271"
"59027","0.9517999887466431","0.9517999887466431","0.9517999887466431"
"59038","0.95169997215271","0.95169997215271","0.95169997215271"
"59049","0.95169997215271","0.95169997215271","0.95169997215271"
"59060","0.95169997215271","0.95169997215271","0.95169997215271"
"59071","0.9517999887466431","0.9517999887466431","0.9517999887466431"
"59082","0.9519000053405762","0.9519000053405762","0.9519000053405762"
"59093","0.9519000053405762","0.9519000053405762","0.9519000053405762"
"59104","0.9519000053405762","0.9519000053405762","0.9519000053405762"
"59115","0.9519000053405762","0.9519000053405762","0.9519000053405762"
"59126","0.9519999623298645","0.9519999623298645","0.9519999623298645"
"59137","0.9519999623298645","0.9519999623298645","0.9519999623298645"
"59148","0.9519999623298645","0.9519999623298645","0.9519999623298645"
"59159","0.9519999623298645","0.9519999623298645","0.9519999623298645"
"59170","0.9519999623298645","0.9519999623298645","0.9519999623298645"
"59181","0.9519000053405762","0.9519000053405762","0.9519000053405762"
"59192","0.9519000053405762","0.9519000053405762","0.9519000053405762"
"59203","0.9519999623298645","0.9519999623298645","0.9519999623298645"
"59214","0.9519999623298645","0.9519999623298645","0.9519999623298645"
"59225","0.9519000053405762","0.9519000053405762","0.9519000053405762"
"59236","0.9519999623298645","0.9519999623298645","0.9519999623298645"
"59247","0.9519999623298645","0.9519999623298645","0.9519999623298645"
"59258","0.9519999623298645","0.9519999623298645","0.9519999623298645"
"59269","0.9519000053405762","0.9519000053405762","0.9519000053405762"
"59280","0.9519000053405762","0.9519000053405762","0.9519000053405762"
"59291","0.9520999789237976","0.9520999789237976","0.9520999789237976"
"59302","0.9519999623298645","0.9519999623298645","0.9519999623298645"
"59313","0.9520999789237976","0.9520999789237976","0.9520999789237976"
"59324","0.9519999623298645","0.9519999623298645","0.9519999623298645"
"59335","0.9519999623298645","0.9519999623298645","0.9519999623298645"
"59346","0.9519999623298645","0.9519999623298645","0.9519999623298645"
"59357","0.9519999623298645","0.9519999623298645","0.9519999623298645"
"59368","0.9521999955177307","0.9521999955177307","0.9521999955177307"
"59379","0.9521999955177307","0.9521999955177307","0.9521999955177307"
"59390","0.952299952507019","0.952299952507019","0.952299952507019"
"59401","0.952299952507019","0.952299952507019","0.952299952507019"
"59412","0.9521999955177307","0.9521999955177307","0.9521999955177307"
"59423","0.9521999955177307","0.9521999955177307","0.9521999955177307"
"59434","0.9521999955177307","0.9521999955177307","0.9521999955177307"
"59445","0.9521999955177307","0.9521999955177307","0.9521999955177307"
"59456","0.9521999955177307","0.9521999955177307","0.9521999955177307"
"59467","0.9521999955177307","0.9521999955177307","0.9521999955177307"
"59478","0.9521999955177307","0.9521999955177307","0.9521999955177307"
"59489","0.9520999789237976","0.9520999789237976","0.9520999789237976"
"59500","0.9520999789237976","0.9520999789237976","0.9520999789237976"
"59511","0.9521999955177307","0.9521999955177307","0.9521999955177307"
"59522","0.952299952507019","0.952299952507019","0.952299952507019"
"59533","0.952299952507019","0.952299952507019","0.952299952507019"
"59544","0.952299952507019","0.952299952507019","0.952299952507019"
"59555","0.952299952507019","0.952299952507019","0.952299952507019"
"59566","0.952299952507019","0.952299952507019","0.952299952507019"
"59577","0.9521999955177307","0.9521999955177307","0.9521999955177307"
"59588","0.952299952507019","0.952299952507019","0.952299952507019"
"59599","0.9524999856948853","0.9524999856948853","0.9524999856948853"
"59610","0.9523999691009521","0.9523999691009521","0.9523999691009521"
"59621","0.9523999691009521","0.9523999691009521","0.9523999691009521"
"59632","0.9521999955177307","0.9521999955177307","0.9521999955177307"
"59643","0.952299952507019","0.952299952507019","0.952299952507019"
"59654","0.9524999856948853","0.9524999856948853","0.9524999856948853"
"59665","0.9524999856948853","0.9524999856948853","0.9524999856948853"
"59676","0.9524999856948853","0.9524999856948853","0.9524999856948853"
"59687","0.9524999856948853","0.9524999856948853","0.9524999856948853"
"59698","0.9524999856948853","0.9524999856948853","0.9524999856948853"
"59709","0.9526000022888184","0.9526000022888184","0.9526000022888184"
"59720","0.9524999856948853","0.9524999856948853","0.9524999856948853"
"59731","0.9526000022888184","0.9526000022888184","0.9526000022888184"
"59742","0.9526000022888184","0.9526000022888184","0.9526000022888184"
"59753","0.9526000022888184","0.9526000022888184","0.9526000022888184"
"59764","0.9526000022888184","0.9526000022888184","0.9526000022888184"
"59775","0.9526999592781067","0.9526999592781067","0.9526999592781067"
"59786","0.9526000022888184","0.9526000022888184","0.9526000022888184"
"59797","0.9526999592781067","0.9526999592781067","0.9526999592781067"
"59808","0.9526999592781067","0.9526999592781067","0.9526999592781067"
"59819","0.9526999592781067","0.9526999592781067","0.9526999592781067"
"59830","0.9526999592781067","0.9526999592781067","0.9526999592781067"
"59841","0.9526999592781067","0.9526999592781067","0.9526999592781067"
"59852","0.9527999758720398","0.9527999758720398","0.9527999758720398"
"59863","0.9526999592781067","0.9526999592781067","0.9526999592781067"
"59874","0.9526999592781067","0.9526999592781067","0.9526999592781067"
"59885","0.9526999592781067","0.9526999592781067","0.9526999592781067"
"59896","0.9526000022888184","0.9526000022888184","0.9526000022888184"
"59907","0.9527999758720398","0.9527999758720398","0.9527999758720398"
"59918","0.9527999758720398","0.9527999758720398","0.9527999758720398"
"59929","0.9527999758720398","0.9527999758720398","0.9527999758720398"
"59940","0.9528999924659729","0.9528999924659729","0.9528999924659729"
"59951","0.9528999924659729","0.9528999924659729","0.9528999924659729"
"59962","0.9528999924659729","0.9528999924659729","0.9528999924659729"
"59973","0.9528999924659729","0.9528999924659729","0.9528999924659729"
"59984","0.9528999924659729","0.9528999924659729","0.9528999924659729"
"59995","0.9528999924659729","0.9528999924659729","0.9528999924659729"
"60006","0.9528999924659729","0.9528999924659729","0.9528999924659729"
"60017","0.9528999924659729","0.9528999924659729","0.9528999924659729"
"60028","0.9528999924659729","0.9528999924659729","0.9528999924659729"
"60039","0.9528999924659729","0.9528999924659729","0.9528999924659729"
"60050","0.9528999924659729","0.9528999924659729","0.9528999924659729"
"60061","0.9528999924659729","0.9528999924659729","0.9528999924659729"
"60072","0.9528999924659729","0.9528999924659729","0.9528999924659729"
"60083","0.9528999924659729","0.9528999924659729","0.9528999924659729"
"60094","0.9528999924659729","0.9528999924659729","0.9528999924659729"
"60105","0.9528999924659729","0.9528999924659729","0.9528999924659729"
"60116","0.9528999924659729","0.9528999924659729","0.9528999924659729"
"60127","0.9528999924659729","0.9528999924659729","0.9528999924659729"
"60138","0.9529999494552612","0.9529999494552612","0.9529999494552612"
"60149","0.9529999494552612","0.9529999494552612","0.9529999494552612"
"60160","0.9529999494552612","0.9529999494552612","0.9529999494552612"
"60171","0.9529999494552612","0.9529999494552612","0.9529999494552612"
"60182","0.9530999660491943","0.9530999660491943","0.9530999660491943"
"60193","0.9530999660491943","0.9530999660491943","0.9530999660491943"
"60204","0.9530999660491943","0.9530999660491943","0.9530999660491943"
"60215","0.9529999494552612","0.9529999494552612","0.9529999494552612"
"60226","0.9528999924659729","0.9528999924659729","0.9528999924659729"
"60237","0.9528999924659729","0.9528999924659729","0.9528999924659729"
"60248","0.9530999660491943","0.9530999660491943","0.9530999660491943"
"60259","0.9531999826431274","0.9531999826431274","0.9531999826431274"
"60270","0.9531999826431274","0.9531999826431274","0.9531999826431274"
"60281","0.9531999826431274","0.9531999826431274","0.9531999826431274"
"60292","0.9530999660491943","0.9530999660491943","0.9530999660491943"
"60303","0.9530999660491943","0.9530999660491943","0.9530999660491943"
"60314","0.9530999660491943","0.9530999660491943","0.9530999660491943"
"60325","0.9531999826431274","0.9531999826431274","0.9531999826431274"
"60336","0.9531999826431274","0.9531999826431274","0.9531999826431274"
"60347","0.9531999826431274","0.9531999826431274","0.9531999826431274"
"60358","0.9531999826431274","0.9531999826431274","0.9531999826431274"
"60369","0.9532999992370605","0.9532999992370605","0.9532999992370605"
"60380","0.9533999562263489","0.9533999562263489","0.9533999562263489"
"60391","0.9533999562263489","0.9533999562263489","0.9533999562263489"
"60402","0.9533999562263489","0.9533999562263489","0.9533999562263489"
"60413","0.9533999562263489","0.9533999562263489","0.9533999562263489"
"60424","0.9533999562263489","0.9533999562263489","0.9533999562263489"
"60435","0.9533999562263489","0.9533999562263489","0.9533999562263489"
"60446","0.9532999992370605","0.9532999992370605","0.9532999992370605"
"60457","0.9533999562263489","0.9533999562263489","0.9533999562263489"
"60468","0.9533999562263489","0.9533999562263489","0.9533999562263489"
"60479","0.9533999562263489","0.9533999562263489","0.9533999562263489"
"60490","0.9533999562263489","0.9533999562263489","0.9533999562263489"
"60501","0.9533999562263489","0.9533999562263489","0.9533999562263489"
"60512","0.9532999992370605","0.9532999992370605","0.9532999992370605"
"60523","0.9531999826431274","0.9531999826431274","0.9531999826431274"
"60534","0.9531999826431274","0.9531999826431274","0.9531999826431274"
"60545","0.9531999826431274","0.9531999826431274","0.9531999826431274"
"60556","0.9532999992370605","0.9532999992370605","0.9532999992370605"
"60567","0.9532999992370605","0.9532999992370605","0.9532999992370605"
"60578","0.9532999992370605","0.9532999992370605","0.9532999992370605"
"60589","0.9532999992370605","0.9532999992370605","0.9532999992370605"
"60600","0.9533999562263489","0.9533999562263489","0.9533999562263489"
"60611","0.953499972820282","0.953499972820282","0.953499972820282"
"60622","0.9532999992370605","0.9532999992370605","0.9532999992370605"
"60633","0.9532999992370605","0.9532999992370605","0.9532999992370605"
"60644","0.953499972820282","0.953499972820282","0.953499972820282"
"60655","0.9535999894142151","0.9535999894142151","0.9535999894142151"
"60666","0.9533999562263489","0.9533999562263489","0.9533999562263489"
"60677","0.953499972820282","0.953499972820282","0.953499972820282"
"60688","0.953499972820282","0.953499972820282","0.953499972820282"
"60699","0.953499972820282","0.953499972820282","0.953499972820282"
"60710","0.9535999894142151","0.9535999894142151","0.9535999894142151"
"60721","0.9535999894142151","0.9535999894142151","0.9535999894142151"
"60732","0.953499972820282","0.953499972820282","0.953499972820282"
"60743","0.9538999795913696","0.9538999795913696","0.9538999795913696"
"60754","0.9538999795913696","0.9538999795913696","0.9538999795913696"
"60765","0.9539999961853027","0.9539999961853027","0.9539999961853027"
"60776","0.9539999961853027","0.9539999961853027","0.9539999961853027"
"60787","0.9538999795913696","0.9538999795913696","0.9538999795913696"
"60798","0.9539999961853027","0.9539999961853027","0.9539999961853027"
"60809","0.9539999961853027","0.9539999961853027","0.9539999961853027"
"60820","0.9538999795913696","0.9538999795913696","0.9538999795913696"
"60831","0.9538999795913696","0.9538999795913696","0.9538999795913696"
"60842","0.9540999531745911","0.9540999531745911","0.9540999531745911"
"60853","0.9539999961853027","0.9539999961853027","0.9539999961853027"
"60864","0.9539999961853027","0.9539999961853027","0.9539999961853027"
"60875","0.9538999795913696","0.9538999795913696","0.9538999795913696"
"60886","0.9538999795913696","0.9538999795913696","0.9538999795913696"
"60897","0.9538999795913696","0.9538999795913696","0.9538999795913696"
"60908","0.9539999961853027","0.9539999961853027","0.9539999961853027"
"60919","0.9540999531745911","0.9540999531745911","0.9540999531745911"
"60930","0.9540999531745911","0.9540999531745911","0.9540999531745911"
"60941","0.9540999531745911","0.9540999531745911","0.9540999531745911"
"60952","0.9540999531745911","0.9540999531745911","0.9540999531745911"
"60963","0.9540999531745911","0.9540999531745911","0.9540999531745911"
"60974","0.9541999697685242","0.9541999697685242","0.9541999697685242"
"60985","0.9541999697685242","0.9541999697685242","0.9541999697685242"
"60996","0.9541999697685242","0.9541999697685242","0.9541999697685242"
"61007","0.9541999697685242","0.9541999697685242","0.9541999697685242"
"61018","0.9541999697685242","0.9541999697685242","0.9541999697685242"
"61029","0.9541999697685242","0.9541999697685242","0.9541999697685242"
"61040","0.9542999863624573","0.9542999863624573","0.9542999863624573"
"61051","0.9542999863624573","0.9542999863624573","0.9542999863624573"
"61062","0.9542999863624573","0.9542999863624573","0.9542999863624573"
"61073","0.9542999863624573","0.9542999863624573","0.9542999863624573"
"61084","0.9542999863624573","0.9542999863624573","0.9542999863624573"
"61095","0.9542999863624573","0.9542999863624573","0.9542999863624573"
"61106","0.9544000029563904","0.9544000029563904","0.9544000029563904"
"61117","0.9544999599456787","0.9544999599456787","0.9544999599456787"
"61128","0.9544999599456787","0.9544999599456787","0.9544999599456787"
"61139","0.9545999765396118","0.9545999765396118","0.9545999765396118"
"61150","0.9544999599456787","0.9544999599456787","0.9544999599456787"
"61161","0.9544999599456787","0.9544999599456787","0.9544999599456787"
"61172","0.9544999599456787","0.9544999599456787","0.9544999599456787"
"61183","0.9544999599456787","0.9544999599456787","0.9544999599456787"
"61194","0.9544999599456787","0.9544999599456787","0.9544999599456787"
"61205","0.9545999765396118","0.9545999765396118","0.9545999765396118"
"61216","0.9546999931335449","0.9546999931335449","0.9546999931335449"
"61227","0.9546999931335449","0.9546999931335449","0.9546999931335449"
"61238","0.9547999501228333","0.9547999501228333","0.9547999501228333"
"61249","0.9547999501228333","0.9547999501228333","0.9547999501228333"
"61260","0.9547999501228333","0.9547999501228333","0.9547999501228333"
"61271","0.9546999931335449","0.9546999931335449","0.9546999931335449"
"61282","0.9547999501228333","0.9547999501228333","0.9547999501228333"
"61293","0.9547999501228333","0.9547999501228333","0.9547999501228333"
"61304","0.9546999931335449","0.9546999931335449","0.9546999931335449"
"61315","0.9546999931335449","0.9546999931335449","0.9546999931335449"
"61326","0.9546999931335449","0.9546999931335449","0.9546999931335449"
"61337","0.9546999931335449","0.9546999931335449","0.9546999931335449"
"61348","0.9546999931335449","0.9546999931335449","0.9546999931335449"
"61359","0.9546999931335449","0.9546999931335449","0.9546999931335449"
"61370","0.9546999931335449","0.9546999931335449","0.9546999931335449"
"61381","0.9547999501228333","0.9547999501228333","0.9547999501228333"
"61392","0.9547999501228333","0.9547999501228333","0.9547999501228333"
"61403","0.9547999501228333","0.9547999501228333","0.9547999501228333"
"61414","0.9547999501228333","0.9547999501228333","0.9547999501228333"
"61425","0.9547999501228333","0.9547999501228333","0.9547999501228333"
"61436","0.9548999667167664","0.9548999667167664","0.9548999667167664"
"61447","0.9547999501228333","0.9547999501228333","0.9547999501228333"
"61458","0.9548999667167664","0.9548999667167664","0.9548999667167664"
"61469","0.9548999667167664","0.9548999667167664","0.9548999667167664"
"61480","0.9549999833106995","0.9549999833106995","0.9549999833106995"
"61491","0.9547999501228333","0.9547999501228333","0.9547999501228333"
"61502","0.9548999667167664","0.9548999667167664","0.9548999667167664"
"61513","0.9548999667167664","0.9548999667167664","0.9548999667167664"
"61524","0.9548999667167664","0.9548999667167664","0.9548999667167664"
"61535","0.9548999667167664","0.9548999667167664","0.9548999667167664"
"61546","0.9548999667167664","0.9548999667167664","0.9548999667167664"
"61557","0.9550999999046326","0.9550999999046326","0.9550999999046326"
"61568","0.9550999999046326","0.9550999999046326","0.9550999999046326"
"61579","0.9550999999046326","0.9550999999046326","0.9550999999046326"
"61590","0.9548999667167664","0.9548999667167664","0.9548999667167664"
"61601","0.9549999833106995","0.9549999833106995","0.9549999833106995"
"61612","0.9549999833106995","0.9549999833106995","0.9549999833106995"
"61623","0.9549999833106995","0.9549999833106995","0.9549999833106995"
"61634","0.9550999999046326","0.9550999999046326","0.9550999999046326"
"61645","0.9550999999046326","0.9550999999046326","0.9550999999046326"
"61656","0.9549999833106995","0.9549999833106995","0.9549999833106995"
"61667","0.9550999999046326","0.9550999999046326","0.9550999999046326"
"61678","0.9550999999046326","0.9550999999046326","0.9550999999046326"
"61689","0.9550999999046326","0.9550999999046326","0.9550999999046326"
"61700","0.9550999999046326","0.9550999999046326","0.9550999999046326"
"61711","0.9550999999046326","0.9550999999046326","0.9550999999046326"
"61722","0.9551999568939209","0.9551999568939209","0.9551999568939209"
"61733","0.9551999568939209","0.9551999568939209","0.9551999568939209"
"61744","0.9551999568939209","0.9551999568939209","0.9551999568939209"
"61755","0.9551999568939209","0.9551999568939209","0.9551999568939209"
"61766","0.9551999568939209","0.9551999568939209","0.9551999568939209"
"61777","0.9551999568939209","0.9551999568939209","0.9551999568939209"
"61788","0.9551999568939209","0.9551999568939209","0.9551999568939209"
"61799","0.9551999568939209","0.9551999568939209","0.9551999568939209"
"61810","0.9551999568939209","0.9551999568939209","0.9551999568939209"
"61821","0.9551999568939209","0.9551999568939209","0.9551999568939209"
"61832","0.9551999568939209","0.9551999568939209","0.9551999568939209"
"61843","0.9551999568939209","0.9551999568939209","0.9551999568939209"
"61854","0.9551999568939209","0.9551999568939209","0.9551999568939209"
"61865","0.9551999568939209","0.9551999568939209","0.9551999568939209"
"61876","0.9551999568939209","0.9551999568939209","0.9551999568939209"
"61887","0.9551999568939209","0.9551999568939209","0.9551999568939209"
"61898","0.955299973487854","0.955299973487854","0.955299973487854"
"61909","0.955299973487854","0.955299973487854","0.955299973487854"
"61920","0.955299973487854","0.955299973487854","0.955299973487854"
"61931","0.955299973487854","0.955299973487854","0.955299973487854"
"61942","0.9553999900817871","0.9553999900817871","0.9553999900817871"
"61953","0.9553999900817871","0.9553999900817871","0.9553999900817871"
"61964","0.9555999636650085","0.9555999636650085","0.9555999636650085"
"61975","0.9555999636650085","0.9555999636650085","0.9555999636650085"
"61986","0.9555999636650085","0.9555999636650085","0.9555999636650085"
"61997","0.9556999802589417","0.9556999802589417","0.9556999802589417"
"62008","0.9556999802589417","0.9556999802589417","0.9556999802589417"
"62019","0.9557999968528748","0.9557999968528748","0.9557999968528748"
"62030","0.9557999968528748","0.9557999968528748","0.9557999968528748"
"62041","0.9556999802589417","0.9556999802589417","0.9556999802589417"
"62052","0.9557999968528748","0.9557999968528748","0.9557999968528748"
"62063","0.9557999968528748","0.9557999968528748","0.9557999968528748"
"62074","0.9557999968528748","0.9557999968528748","0.9557999968528748"
"62085","0.9557999968528748","0.9557999968528748","0.9557999968528748"
"62096","0.9557999968528748","0.9557999968528748","0.9557999968528748"
"62107","0.9557999968528748","0.9557999968528748","0.9557999968528748"
"62118","0.9556999802589417","0.9556999802589417","0.9556999802589417"
"62129","0.9557999968528748","0.9557999968528748","0.9557999968528748"
"62140","0.9557999968528748","0.9557999968528748","0.9557999968528748"
"62151","0.9557999968528748","0.9557999968528748","0.9557999968528748"
"62162","0.9557999968528748","0.9557999968528748","0.9557999968528748"
"62173","0.9558999538421631","0.9558999538421631","0.9558999538421631"
"62184","0.9559999704360962","0.9559999704360962","0.9559999704360962"
"62195","0.9560999870300293","0.9560999870300293","0.9560999870300293"
"62206","0.9560999870300293","0.9560999870300293","0.9560999870300293"
"62217","0.9560999870300293","0.9560999870300293","0.9560999870300293"
"62228","0.9560999870300293","0.9560999870300293","0.9560999870300293"
"62239","0.9560999870300293","0.9560999870300293","0.9560999870300293"
"62250","0.9562999606132507","0.9562999606132507","0.9562999606132507"
"62261","0.9563999772071838","0.9563999772071838","0.9563999772071838"
"62272","0.9563999772071838","0.9563999772071838","0.9563999772071838"
"62283","0.9563999772071838","0.9563999772071838","0.9563999772071838"
"62294","0.9563999772071838","0.9563999772071838","0.9563999772071838"
"62305","0.9560999870300293","0.9560999870300293","0.9560999870300293"
"62316","0.9562000036239624","0.9562000036239624","0.9562000036239624"
"62327","0.9563999772071838","0.9563999772071838","0.9563999772071838"
"62338","0.9563999772071838","0.9563999772071838","0.9563999772071838"
"62349","0.9563999772071838","0.9563999772071838","0.9563999772071838"
"62360","0.9563999772071838","0.9563999772071838","0.9563999772071838"
"62371","0.9563999772071838","0.9563999772071838","0.9563999772071838"
"62382","0.9563999772071838","0.9563999772071838","0.9563999772071838"
"62393","0.9563999772071838","0.9563999772071838","0.9563999772071838"
"62404","0.9563999772071838","0.9563999772071838","0.9563999772071838"
"62415","0.9564999938011169","0.9564999938011169","0.9564999938011169"
"62426","0.9564999938011169","0.9564999938011169","0.9564999938011169"
"62437","0.9564999938011169","0.9564999938011169","0.9564999938011169"
"62448","0.9564999938011169","0.9564999938011169","0.9564999938011169"
"62459","0.9564999938011169","0.9564999938011169","0.9564999938011169"
"62470","0.9564999938011169","0.9564999938011169","0.9564999938011169"
"62481","0.9565999507904053","0.9565999507904053","0.9565999507904053"
"62492","0.9566999673843384","0.9566999673843384","0.9566999673843384"
"62503","0.9565999507904053","0.9565999507904053","0.9565999507904053"
"62514","0.9565999507904053","0.9565999507904053","0.9565999507904053"
"62525","0.9566999673843384","0.9566999673843384","0.9566999673843384"
"62536","0.9566999673843384","0.9566999673843384","0.9566999673843384"
"62547","0.9566999673843384","0.9566999673843384","0.9566999673843384"
"62558","0.9566999673843384","0.9566999673843384","0.9566999673843384"
"62569","0.9566999673843384","0.9566999673843384","0.9566999673843384"
"62580","0.9566999673843384","0.9566999673843384","0.9566999673843384"
"62591","0.9566999673843384","0.9566999673843384","0.9566999673843384"
"62602","0.9567999839782715","0.9567999839782715","0.9567999839782715"
"62613","0.9569000005722046","0.9569000005722046","0.9569000005722046"
"62624","0.9567999839782715","0.9567999839782715","0.9567999839782715"
"62635","0.9567999839782715","0.9567999839782715","0.9567999839782715"
"62646","0.9569000005722046","0.9569000005722046","0.9569000005722046"
"62657","0.9569000005722046","0.9569000005722046","0.9569000005722046"
"62668","0.9569000005722046","0.9569000005722046","0.9569000005722046"
"62679","0.9569000005722046","0.9569000005722046","0.9569000005722046"
"62690","0.9569000005722046","0.9569000005722046","0.9569000005722046"
"62701","0.9567999839782715","0.9567999839782715","0.9567999839782715"
"62712","0.9567999839782715","0.9567999839782715","0.9567999839782715"
"62723","0.9567999839782715","0.9567999839782715","0.9567999839782715"
"62734","0.9567999839782715","0.9567999839782715","0.9567999839782715"
"62745","0.9569999575614929","0.9569999575614929","0.9569999575614929"
"62756","0.957099974155426","0.957099974155426","0.957099974155426"
"62767","0.957099974155426","0.957099974155426","0.957099974155426"
"62778","0.957099974155426","0.957099974155426","0.957099974155426"
"62789","0.957099974155426","0.957099974155426","0.957099974155426"
"62800","0.957099974155426","0.957099974155426","0.957099974155426"
"62811","0.957099974155426","0.957099974155426","0.957099974155426"
"62822","0.957099974155426","0.957099974155426","0.957099974155426"
"62833","0.957099974155426","0.957099974155426","0.957099974155426"
"62844","0.957099974155426","0.957099974155426","0.957099974155426"
"62855","0.957099974155426","0.957099974155426","0.957099974155426"
"62866","0.957099974155426","0.957099974155426","0.957099974155426"
"62877","0.957099974155426","0.957099974155426","0.957099974155426"
"62888","0.957099974155426","0.957099974155426","0.957099974155426"
"62899","0.957099974155426","0.957099974155426","0.957099974155426"
"62910","0.957099974155426","0.957099974155426","0.957099974155426"
"62921","0.9571999907493591","0.9571999907493591","0.9571999907493591"
"62932","0.9571999907493591","0.9571999907493591","0.9571999907493591"
"62943","0.9571999907493591","0.9571999907493591","0.9571999907493591"
"62954","0.9571999907493591","0.9571999907493591","0.9571999907493591"
"62965","0.957099974155426","0.957099974155426","0.957099974155426"
"62976","0.9572999477386475","0.9572999477386475","0.9572999477386475"
"62987","0.9572999477386475","0.9572999477386475","0.9572999477386475"
"62998","0.9572999477386475","0.9572999477386475","0.9572999477386475"
"63009","0.9572999477386475","0.9572999477386475","0.9572999477386475"
"63020","0.9572999477386475","0.9572999477386475","0.9572999477386475"
"63031","0.9571999907493591","0.9571999907493591","0.9571999907493591"
"63042","0.9572999477386475","0.9572999477386475","0.9572999477386475"
"63053","0.9572999477386475","0.9572999477386475","0.9572999477386475"
"63064","0.9572999477386475","0.9572999477386475","0.9572999477386475"
"63075","0.9572999477386475","0.9572999477386475","0.9572999477386475"
"63086","0.9572999477386475","0.9572999477386475","0.9572999477386475"
"63097","0.9572999477386475","0.9572999477386475","0.9572999477386475"
"63108","0.9572999477386475","0.9572999477386475","0.9572999477386475"
"63119","0.9573999643325806","0.9573999643325806","0.9573999643325806"
"63130","0.9573999643325806","0.9573999643325806","0.9573999643325806"
"63141","0.9573999643325806","0.9573999643325806","0.9573999643325806"
"63152","0.9573999643325806","0.9573999643325806","0.9573999643325806"
"63163","0.9572999477386475","0.9572999477386475","0.9572999477386475"
"63174","0.9572999477386475","0.9572999477386475","0.9572999477386475"
"63185","0.9573999643325806","0.9573999643325806","0.9573999643325806"
"63196","0.9573999643325806","0.9573999643325806","0.9573999643325806"
"63207","0.9573999643325806","0.9573999643325806","0.9573999643325806"
"63218","0.9574999809265137","0.9574999809265137","0.9574999809265137"
"63229","0.9574999809265137","0.9574999809265137","0.9574999809265137"
"63240","0.9575999975204468","0.9575999975204468","0.9575999975204468"
"63251","0.9575999975204468","0.9575999975204468","0.9575999975204468"
"63262","0.9576999545097351","0.9576999545097351","0.9576999545097351"
"63273","0.9576999545097351","0.9576999545097351","0.9576999545097351"
"63284","0.9576999545097351","0.9576999545097351","0.9576999545097351"
"63295","0.9576999545097351","0.9576999545097351","0.9576999545097351"
"63306","0.9576999545097351","0.9576999545097351","0.9576999545097351"
"63317","0.9576999545097351","0.9576999545097351","0.9576999545097351"
"63328","0.9576999545097351","0.9576999545097351","0.9576999545097351"
"63339","0.9575999975204468","0.9575999975204468","0.9575999975204468"
"63350","0.9574999809265137","0.9574999809265137","0.9574999809265137"
"63361","0.9574999809265137","0.9574999809265137","0.9574999809265137"
"63372","0.9574999809265137","0.9574999809265137","0.9574999809265137"
"63383","0.9574999809265137","0.9574999809265137","0.9574999809265137"
"63394","0.9574999809265137","0.9574999809265137","0.9574999809265137"
"63405","0.9574999809265137","0.9574999809265137","0.9574999809265137"
"63416","0.9574999809265137","0.9574999809265137","0.9574999809265137"
"63427","0.9575999975204468","0.9575999975204468","0.9575999975204468"
"63438","0.9575999975204468","0.9575999975204468","0.9575999975204468"
"63449","0.9575999975204468","0.9575999975204468","0.9575999975204468"
"63460","0.9575999975204468","0.9575999975204468","0.9575999975204468"
"63471","0.9576999545097351","0.9576999545097351","0.9576999545097351"
"63482","0.9576999545097351","0.9576999545097351","0.9576999545097351"
"63493","0.9577999711036682","0.9577999711036682","0.9577999711036682"
"63504","0.9578999876976013","0.9578999876976013","0.9578999876976013"
"63515","0.9578999876976013","0.9578999876976013","0.9578999876976013"
"63526","0.9577999711036682","0.9577999711036682","0.9577999711036682"
"63537","0.9577999711036682","0.9577999711036682","0.9577999711036682"
"63548","0.9577999711036682","0.9577999711036682","0.9577999711036682"
"63559","0.9577999711036682","0.9577999711036682","0.9577999711036682"
"63570","0.9577999711036682","0.9577999711036682","0.9577999711036682"
"63581","0.9577999711036682","0.9577999711036682","0.9577999711036682"
"63592","0.9576999545097351","0.9576999545097351","0.9576999545097351"
"63603","0.9577999711036682","0.9577999711036682","0.9577999711036682"
"63614","0.9576999545097351","0.9576999545097351","0.9576999545097351"
"63625","0.9576999545097351","0.9576999545097351","0.9576999545097351"
"63636","0.9577999711036682","0.9577999711036682","0.9577999711036682"
"63647","0.9576999545097351","0.9576999545097351","0.9576999545097351"
"63658","0.9577999711036682","0.9577999711036682","0.9577999711036682"
"63669","0.9577999711036682","0.9577999711036682","0.9577999711036682"
"63680","0.9577999711036682","0.9577999711036682","0.9577999711036682"
"63691","0.9578999876976013","0.9578999876976013","0.9578999876976013"
"63702","0.9578999876976013","0.9578999876976013","0.9578999876976013"
"63713","0.9578999876976013","0.9578999876976013","0.9578999876976013"
"63724","0.9578999876976013","0.9578999876976013","0.9578999876976013"
"63735","0.9578999876976013","0.9578999876976013","0.9578999876976013"
"63746","0.9578999876976013","0.9578999876976013","0.9578999876976013"
"63757","0.9578999876976013","0.9578999876976013","0.9578999876976013"
"63768","0.9577999711036682","0.9577999711036682","0.9577999711036682"
"63779","0.9577999711036682","0.9577999711036682","0.9577999711036682"
"63790","0.9577999711036682","0.9577999711036682","0.9577999711036682"
"63801","0.9577999711036682","0.9577999711036682","0.9577999711036682"
"63812","0.9578999876976013","0.9578999876976013","0.9578999876976013"
"63823","0.9578999876976013","0.9578999876976013","0.9578999876976013"
"63834","0.9578999876976013","0.9578999876976013","0.9578999876976013"
"63845","0.9577999711036682","0.9577999711036682","0.9577999711036682"
"63856","0.9578999876976013","0.9578999876976013","0.9578999876976013"
"63867","0.9580000042915344","0.9580000042915344","0.9580000042915344"
"63878","0.9580999612808228","0.9580999612808228","0.9580999612808228"
"63889","0.9581999778747559","0.9581999778747559","0.9581999778747559"
"63900","0.9581999778747559","0.9581999778747559","0.9581999778747559"
"63911","0.9581999778747559","0.9581999778747559","0.9581999778747559"
"63922","0.9580999612808228","0.9580999612808228","0.9580999612808228"
"63933","0.9581999778747559","0.9581999778747559","0.9581999778747559"
"63944","0.9580999612808228","0.9580999612808228","0.9580999612808228"
"63955","0.9580999612808228","0.9580999612808228","0.9580999612808228"
"63966","0.9580999612808228","0.9580999612808228","0.9580999612808228"
"63977","0.9580999612808228","0.9580999612808228","0.9580999612808228"
"63988","0.9580999612808228","0.9580999612808228","0.9580999612808228"
"63999","0.9580999612808228","0.9580999612808228","0.9580999612808228"
"64010","0.9580999612808228","0.9580999612808228","0.9580999612808228"
"64021","0.9580999612808228","0.9580999612808228","0.9580999612808228"
"64032","0.9580999612808228","0.9580999612808228","0.9580999612808228"
"64043","0.9580999612808228","0.9580999612808228","0.9580999612808228"
"64054","0.9581999778747559","0.9581999778747559","0.9581999778747559"
"64065","0.9581999778747559","0.9581999778747559","0.9581999778747559"
"64076","0.9581999778747559","0.9581999778747559","0.9581999778747559"
"64087","0.9580999612808228","0.9580999612808228","0.9580999612808228"
"64098","0.9580000042915344","0.9580000042915344","0.9580000042915344"
"64109","0.9580999612808228","0.9580999612808228","0.9580999612808228"
"64120","0.9581999778747559","0.9581999778747559","0.9581999778747559"
"64131","0.9583999514579773","0.9583999514579773","0.9583999514579773"
"64142","0.958299994468689","0.958299994468689","0.958299994468689"
"64153","0.9581999778747559","0.9581999778747559","0.9581999778747559"
"64164","0.9580999612808228","0.9580999612808228","0.9580999612808228"
"64175","0.9580999612808228","0.9580999612808228","0.9580999612808228"
"64186","0.9580999612808228","0.9580999612808228","0.9580999612808228"
"64197","0.9580999612808228","0.9580999612808228","0.9580999612808228"
"64208","0.9580999612808228","0.9580999612808228","0.9580999612808228"
"64219","0.9580000042915344","0.9580000042915344","0.9580000042915344"
"64230","0.9580999612808228","0.9580999612808228","0.9580999612808228"
"64241","0.9581999778747559","0.9581999778747559","0.9581999778747559"
"64252","0.9581999778747559","0.9581999778747559","0.9581999778747559"
"64263","0.9581999778747559","0.9581999778747559","0.9581999778747559"
"64274","0.9580000042915344","0.9580000042915344","0.9580000042915344"
"64285","0.9580000042915344","0.9580000042915344","0.9580000042915344"
"64296","0.9580000042915344","0.9580000042915344","0.9580000042915344"
"64307","0.9580000042915344","0.9580000042915344","0.9580000042915344"
"64318","0.9580000042915344","0.9580000042915344","0.9580000042915344"
"64329","0.9580000042915344","0.9580000042915344","0.9580000042915344"
"64340","0.9580000042915344","0.9580000042915344","0.9580000042915344"
"64351","0.9580000042915344","0.9580000042915344","0.9580000042915344"
"64362","0.9580999612808228","0.9580999612808228","0.9580999612808228"
"64373","0.9580999612808228","0.9580999612808228","0.9580999612808228"
"64384","0.9580999612808228","0.9580999612808228","0.9580999612808228"
"64395","0.9580000042915344","0.9580000042915344","0.9580000042915344"
"64406","0.9580000042915344","0.9580000042915344","0.9580000042915344"
"64417","0.9580999612808228","0.9580999612808228","0.9580999612808228"
"64428","0.9581999778747559","0.9581999778747559","0.9581999778747559"
"64439","0.9581999778747559","0.9581999778747559","0.9581999778747559"
"64450","0.958299994468689","0.958299994468689","0.958299994468689"
"64461","0.958299994468689","0.958299994468689","0.958299994468689"
"64472","0.958299994468689","0.958299994468689","0.958299994468689"
"64483","0.9581999778747559","0.9581999778747559","0.9581999778747559"
"64494","0.958299994468689","0.958299994468689","0.958299994468689"
"64505","0.9581999778747559","0.9581999778747559","0.9581999778747559"
"64516","0.9581999778747559","0.9581999778747559","0.9581999778747559"
"64527","0.9581999778747559","0.9581999778747559","0.9581999778747559"
"64538","0.9581999778747559","0.9581999778747559","0.9581999778747559"
"64549","0.9581999778747559","0.9581999778747559","0.9581999778747559"
"64560","0.9581999778747559","0.9581999778747559","0.9581999778747559"
"64571","0.9581999778747559","0.9581999778747559","0.9581999778747559"
"64582","0.958299994468689","0.958299994468689","0.958299994468689"
"64593","0.958299994468689","0.958299994468689","0.958299994468689"
"64604","0.9581999778747559","0.9581999778747559","0.9581999778747559"
"64615","0.958299994468689","0.958299994468689","0.958299994468689"
"64626","0.9583999514579773","0.9583999514579773","0.9583999514579773"
"64637","0.9583999514579773","0.9583999514579773","0.9583999514579773"
"64648","0.958299994468689","0.958299994468689","0.958299994468689"
"64659","0.9581999778747559","0.9581999778747559","0.9581999778747559"
"64670","0.958299994468689","0.958299994468689","0.958299994468689"
"64681","0.958299994468689","0.958299994468689","0.958299994468689"
"64692","0.958299994468689","0.958299994468689","0.958299994468689"
"64703","0.958299994468689","0.958299994468689","0.958299994468689"
"64714","0.9581999778747559","0.9581999778747559","0.9581999778747559"
"64725","0.9581999778747559","0.9581999778747559","0.9581999778747559"
"64736","0.9581999778747559","0.9581999778747559","0.9581999778747559"
"64747","0.9581999778747559","0.9581999778747559","0.9581999778747559"
"64758","0.9581999778747559","0.9581999778747559","0.9581999778747559"
"64769","0.9581999778747559","0.9581999778747559","0.9581999778747559"
"64780","0.9581999778747559","0.9581999778747559","0.9581999778747559"
"64791","0.9581999778747559","0.9581999778747559","0.9581999778747559"
"64802","0.9581999778747559","0.9581999778747559","0.9581999778747559"
"64813","0.958299994468689","0.958299994468689","0.958299994468689"
"64824","0.958299994468689","0.958299994468689","0.958299994468689"
"64835","0.958299994468689","0.958299994468689","0.958299994468689"
"64846","0.958299994468689","0.958299994468689","0.958299994468689"
"64857","0.958299994468689","0.958299994468689","0.958299994468689"
"64868","0.958299994468689","0.958299994468689","0.958299994468689"
"64879","0.9584999680519104","0.9584999680519104","0.9584999680519104"
"64890","0.9584999680519104","0.9584999680519104","0.9584999680519104"
"64901","0.958299994468689","0.958299994468689","0.958299994468689"
"64912","0.958299994468689","0.958299994468689","0.958299994468689"
"64923","0.9585999846458435","0.9585999846458435","0.9585999846458435"
"64934","0.9585999846458435","0.9585999846458435","0.9585999846458435"
"64945","0.9585999846458435","0.9585999846458435","0.9585999846458435"
"64956","0.9587000012397766","0.9587000012397766","0.9587000012397766"
"64967","0.958899974822998","0.958899974822998","0.958899974822998"
"64978","0.9587999582290649","0.9587999582290649","0.9587999582290649"
"64989","0.9587999582290649","0.9587999582290649","0.9587999582290649"
"65000","0.9587999582290649","0.9587999582290649","0.9587999582290649"
"65011","0.9587999582290649","0.9587999582290649","0.9587999582290649"
"65022","0.9587999582290649","0.9587999582290649","0.9587999582290649"
"65033","0.9587999582290649","0.9587999582290649","0.9587999582290649"
"65044","0.9587999582290649","0.9587999582290649","0.9587999582290649"
"65055","0.9587999582290649","0.9587999582290649","0.9587999582290649"
"65066","0.9587999582290649","0.9587999582290649","0.9587999582290649"
"65077","0.9587999582290649","0.9587999582290649","0.9587999582290649"
"65088","0.9587999582290649","0.9587999582290649","0.9587999582290649"
"65099","0.9587999582290649","0.9587999582290649","0.9587999582290649"
"65110","0.9587999582290649","0.9587999582290649","0.9587999582290649"
"65121","0.9587999582290649","0.9587999582290649","0.9587999582290649"
"65132","0.958899974822998","0.958899974822998","0.958899974822998"
"65143","0.958899974822998","0.958899974822998","0.958899974822998"
"65154","0.958899974822998","0.958899974822998","0.958899974822998"
"65165","0.958899974822998","0.958899974822998","0.958899974822998"
"65176","0.958899974822998","0.958899974822998","0.958899974822998"
"65187","0.958899974822998","0.958899974822998","0.958899974822998"
"65198","0.958899974822998","0.958899974822998","0.958899974822998"
"65209","0.958899974822998","0.958899974822998","0.958899974822998"
"65220","0.958899974822998","0.958899974822998","0.958899974822998"
"65231","0.958899974822998","0.958899974822998","0.958899974822998"
"65242","0.9589999914169312","0.9589999914169312","0.9589999914169312"
"65253","0.9589999914169312","0.9589999914169312","0.9589999914169312"
"65264","0.9589999914169312","0.9589999914169312","0.9589999914169312"
"65275","0.9589999914169312","0.9589999914169312","0.9589999914169312"
"65286","0.9589999914169312","0.9589999914169312","0.9589999914169312"
"65297","0.9589999914169312","0.9589999914169312","0.9589999914169312"
"65308","0.9589999914169312","0.9589999914169312","0.9589999914169312"
"65319","0.9589999914169312","0.9589999914169312","0.9589999914169312"
"65330","0.9589999914169312","0.9589999914169312","0.9589999914169312"
"65341","0.9589999914169312","0.9589999914169312","0.9589999914169312"
"65352","0.9589999914169312","0.9589999914169312","0.9589999914169312"
"65363","0.9589999914169312","0.9589999914169312","0.9589999914169312"
"65374","0.9589999914169312","0.9589999914169312","0.9589999914169312"
"65385","0.9589999914169312","0.9589999914169312","0.9589999914169312"
"65396","0.9590999484062195","0.9590999484062195","0.9590999484062195"
"65407","0.9589999914169312","0.9589999914169312","0.9589999914169312"
"65418","0.9590999484062195","0.9590999484062195","0.9590999484062195"
"65429","0.9591999650001526","0.9591999650001526","0.9591999650001526"
"65440","0.9591999650001526","0.9591999650001526","0.9591999650001526"
"65451","0.9591999650001526","0.9591999650001526","0.9591999650001526"
"65462","0.9591999650001526","0.9591999650001526","0.9591999650001526"
"65473","0.9591999650001526","0.9591999650001526","0.9591999650001526"
"65484","0.9591999650001526","0.9591999650001526","0.9591999650001526"
"65495","0.9592999815940857","0.9592999815940857","0.9592999815940857"
"65506","0.9593999981880188","0.9593999981880188","0.9593999981880188"
"65517","0.9593999981880188","0.9593999981880188","0.9593999981880188"
"65528","0.9593999981880188","0.9593999981880188","0.9593999981880188"
"65539","0.9593999981880188","0.9593999981880188","0.9593999981880188"
"65550","0.9593999981880188","0.9593999981880188","0.9593999981880188"
"65561","0.9593999981880188","0.9593999981880188","0.9593999981880188"
"65572","0.9593999981880188","0.9593999981880188","0.9593999981880188"
"65583","0.9593999981880188","0.9593999981880188","0.9593999981880188"
"65594","0.9592999815940857","0.9592999815940857","0.9592999815940857"
"65605","0.9592999815940857","0.9592999815940857","0.9592999815940857"
"65616","0.9593999981880188","0.9593999981880188","0.9593999981880188"
"65627","0.9594999551773071","0.9594999551773071","0.9594999551773071"
"65638","0.9594999551773071","0.9594999551773071","0.9594999551773071"
"65649","0.9594999551773071","0.9594999551773071","0.9594999551773071"
"65660","0.9594999551773071","0.9594999551773071","0.9594999551773071"
"65671","0.9593999981880188","0.9593999981880188","0.9593999981880188"
"65682","0.9594999551773071","0.9594999551773071","0.9594999551773071"
"65693","0.9593999981880188","0.9593999981880188","0.9593999981880188"
"65704","0.9593999981880188","0.9593999981880188","0.9593999981880188"
"65715","0.9593999981880188","0.9593999981880188","0.9593999981880188"
"65726","0.9593999981880188","0.9593999981880188","0.9593999981880188"
"65737","0.9593999981880188","0.9593999981880188","0.9593999981880188"
"65748","0.9594999551773071","0.9594999551773071","0.9594999551773071"
"65759","0.9594999551773071","0.9594999551773071","0.9594999551773071"
"65770","0.9595999717712402","0.9595999717712402","0.9595999717712402"
"65781","0.9595999717712402","0.9595999717712402","0.9595999717712402"
"65792","0.9595999717712402","0.9595999717712402","0.9595999717712402"
"65803","0.9595999717712402","0.9595999717712402","0.9595999717712402"
"65814","0.9595999717712402","0.9595999717712402","0.9595999717712402"
"65825","0.9595999717712402","0.9595999717712402","0.9595999717712402"
"65836","0.9595999717712402","0.9595999717712402","0.9595999717712402"
"65847","0.9595999717712402","0.9595999717712402","0.9595999717712402"
"65858","0.9595999717712402","0.9595999717712402","0.9595999717712402"
"65869","0.9595999717712402","0.9595999717712402","0.9595999717712402"
"65880","0.9595999717712402","0.9595999717712402","0.9595999717712402"
"65891","0.9595999717712402","0.9595999717712402","0.9595999717712402"
"65902","0.9595999717712402","0.9595999717712402","0.9595999717712402"
"65913","0.9595999717712402","0.9595999717712402","0.9595999717712402"
"65924","0.9598000049591064","0.9598000049591064","0.9598000049591064"
"65935","0.9598000049591064","0.9598000049591064","0.9598000049591064"
"65946","0.9598000049591064","0.9598000049591064","0.9598000049591064"
"65957","0.9598000049591064","0.9598000049591064","0.9598000049591064"
"65968","0.9598999619483948","0.9598999619483948","0.9598999619483948"
"65979","0.9598999619483948","0.9598999619483948","0.9598999619483948"
"65990","0.9598000049591064","0.9598000049591064","0.9598000049591064"
"66001","0.9598999619483948","0.9598999619483948","0.9598999619483948"
"66012","0.9598000049591064","0.9598000049591064","0.9598000049591064"
"66023","0.9598000049591064","0.9598000049591064","0.9598000049591064"
"66034","0.9598000049591064","0.9598000049591064","0.9598000049591064"
"66045","0.9598999619483948","0.9598999619483948","0.9598999619483948"
"66056","0.9599999785423279","0.9599999785423279","0.9599999785423279"
"66067","0.9599999785423279","0.9599999785423279","0.9599999785423279"
"66078","0.9599999785423279","0.9599999785423279","0.9599999785423279"
"66089","0.9599999785423279","0.9599999785423279","0.9599999785423279"
"66100","0.9599999785423279","0.9599999785423279","0.9599999785423279"
"66111","0.9599999785423279","0.9599999785423279","0.9599999785423279"
"66122","0.9598999619483948","0.9598999619483948","0.9598999619483948"
"66133","0.9599999785423279","0.9599999785423279","0.9599999785423279"
"66144","0.9599999785423279","0.9599999785423279","0.9599999785423279"
"66155","0.9599999785423279","0.9599999785423279","0.9599999785423279"
"66166","0.9599999785423279","0.9599999785423279","0.9599999785423279"
"66177","0.9599999785423279","0.9599999785423279","0.9599999785423279"
"66188","0.9599999785423279","0.9599999785423279","0.9599999785423279"
"66199","0.960099995136261","0.960099995136261","0.960099995136261"
"66210","0.960099995136261","0.960099995136261","0.960099995136261"
"66221","0.960099995136261","0.960099995136261","0.960099995136261"
"66232","0.960099995136261","0.960099995136261","0.960099995136261"
"66243","0.9599999785423279","0.9599999785423279","0.9599999785423279"
"66254","0.9599999785423279","0.9599999785423279","0.9599999785423279"
"66265","0.960099995136261","0.960099995136261","0.960099995136261"
"66276","0.9599999785423279","0.9599999785423279","0.9599999785423279"
"66287","0.960099995136261","0.960099995136261","0.960099995136261"
"66298","0.960099995136261","0.960099995136261","0.960099995136261"
"66309","0.960099995136261","0.960099995136261","0.960099995136261"
"66320","0.960099995136261","0.960099995136261","0.960099995136261"
"66331","0.960099995136261","0.960099995136261","0.960099995136261"
"66342","0.960099995136261","0.960099995136261","0.960099995136261"
"66353","0.960099995136261","0.960099995136261","0.960099995136261"
"66364","0.960099995136261","0.960099995136261","0.960099995136261"
"66375","0.960099995136261","0.960099995136261","0.960099995136261"
"66386","0.960099995136261","0.960099995136261","0.960099995136261"
"66397","0.9601999521255493","0.9601999521255493","0.9601999521255493"
"66408","0.9601999521255493","0.9601999521255493","0.9601999521255493"
"66419","0.9601999521255493","0.9601999521255493","0.9601999521255493"
"66430","0.9601999521255493","0.9601999521255493","0.9601999521255493"
"66441","0.9601999521255493","0.9601999521255493","0.9601999521255493"
"66452","0.9601999521255493","0.9601999521255493","0.9601999521255493"
"66463","0.9601999521255493","0.9601999521255493","0.9601999521255493"
"66474","0.9601999521255493","0.9601999521255493","0.9601999521255493"
"66485","0.9601999521255493","0.9601999521255493","0.9601999521255493"
"66496","0.9602999687194824","0.9602999687194824","0.9602999687194824"
"66507","0.9602999687194824","0.9602999687194824","0.9602999687194824"
"66518","0.9602999687194824","0.9602999687194824","0.9602999687194824"
"66529","0.9602999687194824","0.9602999687194824","0.9602999687194824"
"66540","0.9602999687194824","0.9602999687194824","0.9602999687194824"
"66551","0.9601999521255493","0.9601999521255493","0.9601999521255493"
"66562","0.9602999687194824","0.9602999687194824","0.9602999687194824"
"66573","0.9602999687194824","0.9602999687194824","0.9602999687194824"
"66584","0.9602999687194824","0.9602999687194824","0.9602999687194824"
"66595","0.9602999687194824","0.9602999687194824","0.9602999687194824"
"66606","0.9602999687194824","0.9602999687194824","0.9602999687194824"
"66617","0.9602999687194824","0.9602999687194824","0.9602999687194824"
"66628","0.9602999687194824","0.9602999687194824","0.9602999687194824"
"66639","0.9602999687194824","0.9602999687194824","0.9602999687194824"
"66650","0.9602999687194824","0.9602999687194824","0.9602999687194824"
"66661","0.9602999687194824","0.9602999687194824","0.9602999687194824"
"66672","0.9602999687194824","0.9602999687194824","0.9602999687194824"
"66683","0.9602999687194824","0.9602999687194824","0.9602999687194824"
"66694","0.9602999687194824","0.9602999687194824","0.9602999687194824"
"66705","0.9601999521255493","0.9601999521255493","0.9601999521255493"
"66716","0.9601999521255493","0.9601999521255493","0.9601999521255493"
"66727","0.9601999521255493","0.9601999521255493","0.9601999521255493"
"66738","0.9602999687194824","0.9602999687194824","0.9602999687194824"
"66749","0.9603999853134155","0.9603999853134155","0.9603999853134155"
"66760","0.9603999853134155","0.9603999853134155","0.9603999853134155"
"66771","0.9603999853134155","0.9603999853134155","0.9603999853134155"
"66782","0.9603999853134155","0.9603999853134155","0.9603999853134155"
"66793","0.9603999853134155","0.9603999853134155","0.9603999853134155"
"66804","0.9603999853134155","0.9603999853134155","0.9603999853134155"
"66815","0.9605000019073486","0.9605000019073486","0.9605000019073486"
"66826","0.960599958896637","0.960599958896637","0.960599958896637"
"66837","0.9606999754905701","0.9606999754905701","0.9606999754905701"
"66848","0.9606999754905701","0.9606999754905701","0.9606999754905701"
"66859","0.9606999754905701","0.9606999754905701","0.9606999754905701"
"66870","0.9606999754905701","0.9606999754905701","0.9606999754905701"
"66881","0.960599958896637","0.960599958896637","0.960599958896637"
"66892","0.9606999754905701","0.9606999754905701","0.9606999754905701"
"66903","0.960599958896637","0.960599958896637","0.960599958896637"
"66914","0.960599958896637","0.960599958896637","0.960599958896637"
"66925","0.9606999754905701","0.9606999754905701","0.9606999754905701"
"66936","0.9606999754905701","0.9606999754905701","0.9606999754905701"
"66947","0.960599958896637","0.960599958896637","0.960599958896637"
"66958","0.960599958896637","0.960599958896637","0.960599958896637"
"66969","0.960599958896637","0.960599958896637","0.960599958896637"
"66980","0.960599958896637","0.960599958896637","0.960599958896637"
"66991","0.960599958896637","0.960599958896637","0.960599958896637"
"67002","0.9606999754905701","0.9606999754905701","0.9606999754905701"
"67013","0.9606999754905701","0.9606999754905701","0.9606999754905701"
"67024","0.9606999754905701","0.9606999754905701","0.9606999754905701"
"67035","0.9606999754905701","0.9606999754905701","0.9606999754905701"
"67046","0.9606999754905701","0.9606999754905701","0.9606999754905701"
"67057","0.9606999754905701","0.9606999754905701","0.9606999754905701"
"67068","0.9606999754905701","0.9606999754905701","0.9606999754905701"
"67079","0.9607999920845032","0.9607999920845032","0.9607999920845032"
"67090","0.9606999754905701","0.9606999754905701","0.9606999754905701"
"67101","0.9607999920845032","0.9607999920845032","0.9607999920845032"
"67112","0.9607999920845032","0.9607999920845032","0.9607999920845032"
"67123","0.9607999920845032","0.9607999920845032","0.9607999920845032"
"67134","0.9607999920845032","0.9607999920845032","0.9607999920845032"
"67145","0.9607999920845032","0.9607999920845032","0.9607999920845032"
"67156","0.9608999490737915","0.9608999490737915","0.9608999490737915"
"67167","0.9608999490737915","0.9608999490737915","0.9608999490737915"
"67178","0.9608999490737915","0.9608999490737915","0.9608999490737915"
"67189","0.9608999490737915","0.9608999490737915","0.9608999490737915"
"67200","0.9608999490737915","0.9608999490737915","0.9608999490737915"
"67211","0.9609999656677246","0.9609999656677246","0.9609999656677246"
"67222","0.9609999656677246","0.9609999656677246","0.9609999656677246"
"67233","0.9609999656677246","0.9609999656677246","0.9609999656677246"
"67244","0.9609999656677246","0.9609999656677246","0.9609999656677246"
"67255","0.9609999656677246","0.9609999656677246","0.9609999656677246"
"67266","0.9609999656677246","0.9609999656677246","0.9609999656677246"
"67277","0.9609999656677246","0.9609999656677246","0.9609999656677246"
"67288","0.9609999656677246","0.9609999656677246","0.9609999656677246"
"67299","0.9609999656677246","0.9609999656677246","0.9609999656677246"
"67310","0.9610999822616577","0.9610999822616577","0.9610999822616577"
"67321","0.9610999822616577","0.9610999822616577","0.9610999822616577"
"67332","0.9610999822616577","0.9610999822616577","0.9610999822616577"
"67343","0.9610999822616577","0.9610999822616577","0.9610999822616577"
"67354","0.9610999822616577","0.9610999822616577","0.9610999822616577"
"67365","0.9611999988555908","0.9611999988555908","0.9611999988555908"
"67376","0.9610999822616577","0.9610999822616577","0.9610999822616577"
"67387","0.9610999822616577","0.9610999822616577","0.9610999822616577"
"67398","0.9611999988555908","0.9611999988555908","0.9611999988555908"
"67409","0.9610999822616577","0.9610999822616577","0.9610999822616577"
"67420","0.9610999822616577","0.9610999822616577","0.9610999822616577"
"67431","0.9611999988555908","0.9611999988555908","0.9611999988555908"
"67442","0.9610999822616577","0.9610999822616577","0.9610999822616577"
"67453","0.9611999988555908","0.9611999988555908","0.9611999988555908"
"67464","0.9612999558448792","0.9612999558448792","0.9612999558448792"
"67475","0.9612999558448792","0.9612999558448792","0.9612999558448792"
"67486","0.9612999558448792","0.9612999558448792","0.9612999558448792"
"67497","0.9612999558448792","0.9612999558448792","0.9612999558448792"
"67508","0.9613999724388123","0.9613999724388123","0.9613999724388123"
"67519","0.9613999724388123","0.9613999724388123","0.9613999724388123"
"67530","0.9613999724388123","0.9613999724388123","0.9613999724388123"
"67541","0.9613999724388123","0.9613999724388123","0.9613999724388123"
"67552","0.9613999724388123","0.9613999724388123","0.9613999724388123"
"67563","0.9614999890327454","0.9614999890327454","0.9614999890327454"
"67574","0.9613999724388123","0.9613999724388123","0.9613999724388123"
"67585","0.9613999724388123","0.9613999724388123","0.9613999724388123"
"67596","0.9613999724388123","0.9613999724388123","0.9613999724388123"
"67607","0.9613999724388123","0.9613999724388123","0.9613999724388123"
"67618","0.9613999724388123","0.9613999724388123","0.9613999724388123"
"67629","0.9613999724388123","0.9613999724388123","0.9613999724388123"
"67640","0.9613999724388123","0.9613999724388123","0.9613999724388123"
"67651","0.9614999890327454","0.9614999890327454","0.9614999890327454"
"67662","0.9614999890327454","0.9614999890327454","0.9614999890327454"
"67673","0.9614999890327454","0.9614999890327454","0.9614999890327454"
"67684","0.9614999890327454","0.9614999890327454","0.9614999890327454"
"67695","0.9614999890327454","0.9614999890327454","0.9614999890327454"
"67706","0.9614999890327454","0.9614999890327454","0.9614999890327454"
"67717","0.9614999890327454","0.9614999890327454","0.9614999890327454"
"67728","0.9614999890327454","0.9614999890327454","0.9614999890327454"
"67739","0.9614999890327454","0.9614999890327454","0.9614999890327454"
"67750","0.9614999890327454","0.9614999890327454","0.9614999890327454"
"67761","0.9614999890327454","0.9614999890327454","0.9614999890327454"
"67772","0.9614999890327454","0.9614999890327454","0.9614999890327454"
"67783","0.9614999890327454","0.9614999890327454","0.9614999890327454"
"67794","0.9614999890327454","0.9614999890327454","0.9614999890327454"
"67805","0.9614999890327454","0.9614999890327454","0.9614999890327454"
"67816","0.9614999890327454","0.9614999890327454","0.9614999890327454"
"67827","0.9614999890327454","0.9614999890327454","0.9614999890327454"
"67838","0.9614999890327454","0.9614999890327454","0.9614999890327454"
"67849","0.9614999890327454","0.9614999890327454","0.9614999890327454"
"67860","0.9614999890327454","0.9614999890327454","0.9614999890327454"
"67871","0.9614999890327454","0.9614999890327454","0.9614999890327454"
"67882","0.9614999890327454","0.9614999890327454","0.9614999890327454"
"67893","0.9614999890327454","0.9614999890327454","0.9614999890327454"
"67904","0.9614999890327454","0.9614999890327454","0.9614999890327454"
"67915","0.9614999890327454","0.9614999890327454","0.9614999890327454"
"67926","0.9614999890327454","0.9614999890327454","0.9614999890327454"
"67937","0.9614999890327454","0.9614999890327454","0.9614999890327454"
"67948","0.9615999460220337","0.9615999460220337","0.9615999460220337"
"67959","0.9615999460220337","0.9615999460220337","0.9615999460220337"
"67970","0.9615999460220337","0.9615999460220337","0.9615999460220337"
"67981","0.9615999460220337","0.9615999460220337","0.9615999460220337"
"67992","0.9615999460220337","0.9615999460220337","0.9615999460220337"
"68003","0.9615999460220337","0.9615999460220337","0.9615999460220337"
"68014","0.9615999460220337","0.9615999460220337","0.9615999460220337"
"68025","0.9615999460220337","0.9615999460220337","0.9615999460220337"
"68036","0.9616999626159668","0.9616999626159668","0.9616999626159668"
"68047","0.9615999460220337","0.9615999460220337","0.9615999460220337"
"68058","0.9615999460220337","0.9615999460220337","0.9615999460220337"
"68069","0.9615999460220337","0.9615999460220337","0.9615999460220337"
"68080","0.9615999460220337","0.9615999460220337","0.9615999460220337"
"68091","0.9615999460220337","0.9615999460220337","0.9615999460220337"
"68102","0.9615999460220337","0.9615999460220337","0.9615999460220337"
"68113","0.9615999460220337","0.9615999460220337","0.9615999460220337"
"68124","0.9616999626159668","0.9616999626159668","0.9616999626159668"
"68135","0.9617999792098999","0.9617999792098999","0.9617999792098999"
"68146","0.9616999626159668","0.9616999626159668","0.9616999626159668"
"68157","0.9616999626159668","0.9616999626159668","0.9616999626159668"
"68168","0.9616999626159668","0.9616999626159668","0.9616999626159668"
"68179","0.9616999626159668","0.9616999626159668","0.9616999626159668"
"68190","0.9616999626159668","0.9616999626159668","0.9616999626159668"
"68201","0.9616999626159668","0.9616999626159668","0.9616999626159668"
"68212","0.9616999626159668","0.9616999626159668","0.9616999626159668"
"68223","0.9616999626159668","0.9616999626159668","0.9616999626159668"
"68234","0.9617999792098999","0.9617999792098999","0.9617999792098999"
"68245","0.9616999626159668","0.9616999626159668","0.9616999626159668"
"68256","0.9617999792098999","0.9617999792098999","0.9617999792098999"
"68267","0.961899995803833","0.961899995803833","0.961899995803833"
"68278","0.961899995803833","0.961899995803833","0.961899995803833"
"68289","0.961899995803833","0.961899995803833","0.961899995803833"
"68300","0.9619999527931213","0.9619999527931213","0.9619999527931213"
"68311","0.961899995803833","0.961899995803833","0.961899995803833"
"68322","0.9619999527931213","0.9619999527931213","0.9619999527931213"
"68333","0.9620999693870544","0.9620999693870544","0.9620999693870544"
"68344","0.9620999693870544","0.9620999693870544","0.9620999693870544"
"68355","0.9620999693870544","0.9620999693870544","0.9620999693870544"
"68366","0.9620999693870544","0.9620999693870544","0.9620999693870544"
"68377","0.9620999693870544","0.9620999693870544","0.9620999693870544"
"68388","0.9620999693870544","0.9620999693870544","0.9620999693870544"
"68399","0.9620999693870544","0.9620999693870544","0.9620999693870544"
"68410","0.9620999693870544","0.9620999693870544","0.9620999693870544"
"68421","0.9620999693870544","0.9620999693870544","0.9620999693870544"
"68432","0.9620999693870544","0.9620999693870544","0.9620999693870544"
"68443","0.9620999693870544","0.9620999693870544","0.9620999693870544"
"68454","0.9620999693870544","0.9620999693870544","0.9620999693870544"
"68465","0.9620999693870544","0.9620999693870544","0.9620999693870544"
"68476","0.9621999859809875","0.9621999859809875","0.9621999859809875"
"68487","0.9620999693870544","0.9620999693870544","0.9620999693870544"
"68498","0.9620999693870544","0.9620999693870544","0.9620999693870544"
"68509","0.9620999693870544","0.9620999693870544","0.9620999693870544"
"68520","0.9619999527931213","0.9619999527931213","0.9619999527931213"
"68531","0.9619999527931213","0.9619999527931213","0.9619999527931213"
"68542","0.9620999693870544","0.9620999693870544","0.9620999693870544"
"68553","0.9621999859809875","0.9621999859809875","0.9621999859809875"
"68564","0.9621999859809875","0.9621999859809875","0.9621999859809875"
"68575","0.9621999859809875","0.9621999859809875","0.9621999859809875"
"68586","0.9621999859809875","0.9621999859809875","0.9621999859809875"
"68597","0.9621999859809875","0.9621999859809875","0.9621999859809875"
"68608","0.9621999859809875","0.9621999859809875","0.9621999859809875"
"68619","0.9621999859809875","0.9621999859809875","0.9621999859809875"
"68630","0.9621999859809875","0.9621999859809875","0.9621999859809875"
"68641","0.9621999859809875","0.9621999859809875","0.9621999859809875"
"68652","0.9621999859809875","0.9621999859809875","0.9621999859809875"
"68663","0.9621999859809875","0.9621999859809875","0.9621999859809875"
"68674","0.9621999859809875","0.9621999859809875","0.9621999859809875"
"68685","0.9621999859809875","0.9621999859809875","0.9621999859809875"
"68696","0.9621999859809875","0.9621999859809875","0.9621999859809875"
"68707","0.9621999859809875","0.9621999859809875","0.9621999859809875"
"68718","0.9621999859809875","0.9621999859809875","0.9621999859809875"
"68729","0.9621999859809875","0.9621999859809875","0.9621999859809875"
"68740","0.9621999859809875","0.9621999859809875","0.9621999859809875"
"68751","0.9621999859809875","0.9621999859809875","0.9621999859809875"
"68762","0.9621999859809875","0.9621999859809875","0.9621999859809875"
"68773","0.9621999859809875","0.9621999859809875","0.9621999859809875"
"68784","0.9621999859809875","0.9621999859809875","0.9621999859809875"
"68795","0.9621999859809875","0.9621999859809875","0.9621999859809875"
"68806","0.9621999859809875","0.9621999859809875","0.9621999859809875"
"68817","0.9621999859809875","0.9621999859809875","0.9621999859809875"
"68828","0.9621999859809875","0.9621999859809875","0.9621999859809875"
"68839","0.9621999859809875","0.9621999859809875","0.9621999859809875"
"68850","0.9621999859809875","0.9621999859809875","0.9621999859809875"
"68861","0.9621999859809875","0.9621999859809875","0.9621999859809875"
"68872","0.9621999859809875","0.9621999859809875","0.9621999859809875"
"68883","0.9621999859809875","0.9621999859809875","0.9621999859809875"
"68894","0.9621999859809875","0.9621999859809875","0.9621999859809875"
"68905","0.9621999859809875","0.9621999859809875","0.9621999859809875"
"68916","0.9621999859809875","0.9621999859809875","0.9621999859809875"
"68927","0.9621999859809875","0.9621999859809875","0.9621999859809875"
"68938","0.9621999859809875","0.9621999859809875","0.9621999859809875"
"68949","0.9621999859809875","0.9621999859809875","0.9621999859809875"
"68960","0.9621999859809875","0.9621999859809875","0.9621999859809875"
"68971","0.9621999859809875","0.9621999859809875","0.9621999859809875"
"68982","0.9621999859809875","0.9621999859809875","0.9621999859809875"
"68993","0.9621999859809875","0.9621999859809875","0.9621999859809875"
"69004","0.9621999859809875","0.9621999859809875","0.9621999859809875"
"69015","0.9621999859809875","0.9621999859809875","0.9621999859809875"
"69026","0.9621999859809875","0.9621999859809875","0.9621999859809875"
"69037","0.9621999859809875","0.9621999859809875","0.9621999859809875"
"69048","0.9621999859809875","0.9621999859809875","0.9621999859809875"
"69059","0.9621999859809875","0.9621999859809875","0.9621999859809875"
"69070","0.9623000025749207","0.9623000025749207","0.9623000025749207"
"69081","0.9621999859809875","0.9621999859809875","0.9621999859809875"
"69092","0.9621999859809875","0.9621999859809875","0.9621999859809875"
"69103","0.9621999859809875","0.9621999859809875","0.9621999859809875"
"69114","0.9621999859809875","0.9621999859809875","0.9621999859809875"
"69125","0.9623000025749207","0.9623000025749207","0.9623000025749207"
"69136","0.9621999859809875","0.9621999859809875","0.9621999859809875"
"69147","0.962399959564209","0.962399959564209","0.962399959564209"
"69158","0.962399959564209","0.962399959564209","0.962399959564209"
"69169","0.962399959564209","0.962399959564209","0.962399959564209"
"69180","0.9626999497413635","0.9626999497413635","0.9626999497413635"
"69191","0.9626999497413635","0.9626999497413635","0.9626999497413635"
"69202","0.9626999497413635","0.9626999497413635","0.9626999497413635"
"69213","0.9626999497413635","0.9626999497413635","0.9626999497413635"
"69224","0.9626999497413635","0.9626999497413635","0.9626999497413635"
"69235","0.9626999497413635","0.9626999497413635","0.9626999497413635"
"69246","0.9626999497413635","0.9626999497413635","0.9626999497413635"
"69257","0.9626999497413635","0.9626999497413635","0.9626999497413635"
"69268","0.9626999497413635","0.9626999497413635","0.9626999497413635"
"69279","0.9627999663352966","0.9627999663352966","0.9627999663352966"
"69290","0.9627999663352966","0.9627999663352966","0.9627999663352966"
"69301","0.9627999663352966","0.9627999663352966","0.9627999663352966"
"69312","0.9627999663352966","0.9627999663352966","0.9627999663352966"
"69323","0.9629999995231628","0.9629999995231628","0.9629999995231628"
"69334","0.9629999995231628","0.9629999995231628","0.9629999995231628"
"69345","0.9629999995231628","0.9629999995231628","0.9629999995231628"
"69356","0.9629999995231628","0.9629999995231628","0.9629999995231628"
"69367","0.9629999995231628","0.9629999995231628","0.9629999995231628"
"69378","0.9629999995231628","0.9629999995231628","0.9629999995231628"
"69389","0.9628999829292297","0.9628999829292297","0.9628999829292297"
"69400","0.9628999829292297","0.9628999829292297","0.9628999829292297"
"69411","0.9628999829292297","0.9628999829292297","0.9628999829292297"
"69422","0.9628999829292297","0.9628999829292297","0.9628999829292297"
"69433","0.9628999829292297","0.9628999829292297","0.9628999829292297"
"69444","0.9629999995231628","0.9629999995231628","0.9629999995231628"
"69455","0.9629999995231628","0.9629999995231628","0.9629999995231628"
"69466","0.9629999995231628","0.9629999995231628","0.9629999995231628"
"69477","0.9629999995231628","0.9629999995231628","0.9629999995231628"
"69488","0.9629999995231628","0.9629999995231628","0.9629999995231628"
"69499","0.9629999995231628","0.9629999995231628","0.9629999995231628"
"69510","0.9630999565124512","0.9630999565124512","0.9630999565124512"
"69521","0.9629999995231628","0.9629999995231628","0.9629999995231628"
"69532","0.9630999565124512","0.9630999565124512","0.9630999565124512"
"69543","0.9630999565124512","0.9630999565124512","0.9630999565124512"
"69554","0.9630999565124512","0.9630999565124512","0.9630999565124512"
"69565","0.9631999731063843","0.9631999731063843","0.9631999731063843"
"69576","0.9632999897003174","0.9632999897003174","0.9632999897003174"
"69587","0.9632999897003174","0.9632999897003174","0.9632999897003174"
"69598","0.9633999466896057","0.9633999466896057","0.9633999466896057"
"69609","0.9631999731063843","0.9631999731063843","0.9631999731063843"
"69620","0.9631999731063843","0.9631999731063843","0.9631999731063843"
"69631","0.9631999731063843","0.9631999731063843","0.9631999731063843"
"69642","0.9631999731063843","0.9631999731063843","0.9631999731063843"
"69653","0.9631999731063843","0.9631999731063843","0.9631999731063843"
"69664","0.9631999731063843","0.9631999731063843","0.9631999731063843"
"69675","0.9631999731063843","0.9631999731063843","0.9631999731063843"
"69686","0.9631999731063843","0.9631999731063843","0.9631999731063843"
"69697","0.9633999466896057","0.9633999466896057","0.9633999466896057"
"69708","0.9633999466896057","0.9633999466896057","0.9633999466896057"
"69719","0.9633999466896057","0.9633999466896057","0.9633999466896057"
"69730","0.9634999632835388","0.9634999632835388","0.9634999632835388"
"69741","0.9634999632835388","0.9634999632835388","0.9634999632835388"
"69752","0.9635999798774719","0.9635999798774719","0.9635999798774719"
"69763","0.9635999798774719","0.9635999798774719","0.9635999798774719"
"69774","0.9635999798774719","0.9635999798774719","0.9635999798774719"
"69785","0.9634999632835388","0.9634999632835388","0.9634999632835388"
"69796","0.9634999632835388","0.9634999632835388","0.9634999632835388"
"69807","0.9634999632835388","0.9634999632835388","0.9634999632835388"
"69818","0.9634999632835388","0.9634999632835388","0.9634999632835388"
"69829","0.9634999632835388","0.9634999632835388","0.9634999632835388"
"69840","0.9634999632835388","0.9634999632835388","0.9634999632835388"
"69851","0.9635999798774719","0.9635999798774719","0.9635999798774719"
"69862","0.963699996471405","0.963699996471405","0.963699996471405"
"69873","0.9635999798774719","0.9635999798774719","0.9635999798774719"
"69884","0.963699996471405","0.963699996471405","0.963699996471405"
"69895","0.963699996471405","0.963699996471405","0.963699996471405"
"69906","0.963699996471405","0.963699996471405","0.963699996471405"
"69917","0.9635999798774719","0.9635999798774719","0.9635999798774719"
"69928","0.9635999798774719","0.9635999798774719","0.9635999798774719"
"69939","0.9635999798774719","0.9635999798774719","0.9635999798774719"
"69950","0.963699996471405","0.963699996471405","0.963699996471405"
"69961","0.963699996471405","0.963699996471405","0.963699996471405"
"69972","0.963699996471405","0.963699996471405","0.963699996471405"
"69983","0.963699996471405","0.963699996471405","0.963699996471405"
"69994","0.963699996471405","0.963699996471405","0.963699996471405"
"70005","0.963699996471405","0.963699996471405","0.963699996471405"
"70016","0.963699996471405","0.963699996471405","0.963699996471405"
"70027","0.963699996471405","0.963699996471405","0.963699996471405"
"70038","0.9637999534606934","0.9637999534606934","0.9637999534606934"
"70049","0.9638999700546265","0.9638999700546265","0.9638999700546265"
"70060","0.9638999700546265","0.9638999700546265","0.9638999700546265"
"70071","0.9638999700546265","0.9638999700546265","0.9638999700546265"
"70082","0.9638999700546265","0.9638999700546265","0.9638999700546265"
"70093","0.9639999866485596","0.9639999866485596","0.9639999866485596"
"70104","0.9638999700546265","0.9638999700546265","0.9638999700546265"
"70115","0.9638999700546265","0.9638999700546265","0.9638999700546265"
"70126","0.9638999700546265","0.9638999700546265","0.9638999700546265"
"70137","0.9638999700546265","0.9638999700546265","0.9638999700546265"
"70148","0.9638999700546265","0.9638999700546265","0.9638999700546265"
"70159","0.9637999534606934","0.9637999534606934","0.9637999534606934"
"70170","0.9638999700546265","0.9638999700546265","0.9638999700546265"
"70181","0.9638999700546265","0.9638999700546265","0.9638999700546265"
"70192","0.9641000032424927","0.9641000032424927","0.9641000032424927"
"70203","0.9639999866485596","0.9639999866485596","0.9639999866485596"
"70214","0.9641000032424927","0.9641000032424927","0.9641000032424927"
"70225","0.9641000032424927","0.9641000032424927","0.9641000032424927"
"70236","0.9641000032424927","0.9641000032424927","0.9641000032424927"
"70247","0.9641000032424927","0.9641000032424927","0.9641000032424927"
"70258","0.9641000032424927","0.9641000032424927","0.9641000032424927"
"70269","0.9641000032424927","0.9641000032424927","0.9641000032424927"
"70280","0.9641000032424927","0.9641000032424927","0.9641000032424927"
"70291","0.9641000032424927","0.9641000032424927","0.9641000032424927"
"70302","0.9641000032424927","0.9641000032424927","0.9641000032424927"
"70313","0.9641000032424927","0.9641000032424927","0.9641000032424927"
"70324","0.9641000032424927","0.9641000032424927","0.9641000032424927"
"70335","0.9641000032424927","0.9641000032424927","0.9641000032424927"
"70346","0.9641000032424927","0.9641000032424927","0.9641000032424927"
"70357","0.964199960231781","0.964199960231781","0.964199960231781"
"70368","0.964199960231781","0.964199960231781","0.964199960231781"
"70379","0.964199960231781","0.964199960231781","0.964199960231781"
"70390","0.964199960231781","0.964199960231781","0.964199960231781"
"70401","0.964199960231781","0.964199960231781","0.964199960231781"
"70412","0.964199960231781","0.964199960231781","0.964199960231781"
"70423","0.964199960231781","0.964199960231781","0.964199960231781"
"70434","0.9642999768257141","0.9642999768257141","0.9642999768257141"
"70445","0.9642999768257141","0.9642999768257141","0.9642999768257141"
"70456","0.9642999768257141","0.9642999768257141","0.9642999768257141"
"70467","0.9642999768257141","0.9642999768257141","0.9642999768257141"
"70478","0.9642999768257141","0.9642999768257141","0.9642999768257141"
"70489","0.9642999768257141","0.9642999768257141","0.9642999768257141"
"70500","0.9643999934196472","0.9643999934196472","0.9643999934196472"
"70511","0.9643999934196472","0.9643999934196472","0.9643999934196472"
"70522","0.9643999934196472","0.9643999934196472","0.9643999934196472"
"70533","0.9643999934196472","0.9643999934196472","0.9643999934196472"
"70544","0.9643999934196472","0.9643999934196472","0.9643999934196472"
"70555","0.9643999934196472","0.9643999934196472","0.9643999934196472"
"70566","0.9643999934196472","0.9643999934196472","0.9643999934196472"
"70577","0.9643999934196472","0.9643999934196472","0.9643999934196472"
"70588","0.9643999934196472","0.9643999934196472","0.9643999934196472"
"70599","0.9643999934196472","0.9643999934196472","0.9643999934196472"
"70610","0.9643999934196472","0.9643999934196472","0.9643999934196472"
"70621","0.9643999934196472","0.9643999934196472","0.9643999934196472"
"70632","0.9643999934196472","0.9643999934196472","0.9643999934196472"
"70643","0.9643999934196472","0.9643999934196472","0.9643999934196472"
"70654","0.9643999934196472","0.9643999934196472","0.9643999934196472"
"70665","0.9643999934196472","0.9643999934196472","0.9643999934196472"
"70676","0.9643999934196472","0.9643999934196472","0.9643999934196472"
"70687","0.9643999934196472","0.9643999934196472","0.9643999934196472"
"70698","0.9643999934196472","0.9643999934196472","0.9643999934196472"
"70709","0.9643999934196472","0.9643999934196472","0.9643999934196472"
"70720","0.9643999934196472","0.9643999934196472","0.9643999934196472"
"70731","0.9643999934196472","0.9643999934196472","0.9643999934196472"
"70742","0.9643999934196472","0.9643999934196472","0.9643999934196472"
"70753","0.9643999934196472","0.9643999934196472","0.9643999934196472"
"70764","0.9643999934196472","0.9643999934196472","0.9643999934196472"
"70775","0.9643999934196472","0.9643999934196472","0.9643999934196472"
"70786","0.9643999934196472","0.9643999934196472","0.9643999934196472"
"70797","0.9643999934196472","0.9643999934196472","0.9643999934196472"
"70808","0.9643999934196472","0.9643999934196472","0.9643999934196472"
"70819","0.9643999934196472","0.9643999934196472","0.9643999934196472"
"70830","0.9643999934196472","0.9643999934196472","0.9643999934196472"
"70841","0.9643999934196472","0.9643999934196472","0.9643999934196472"
"70852","0.9644999504089355","0.9644999504089355","0.9644999504089355"
"70863","0.9644999504089355","0.9644999504089355","0.9644999504089355"
"70874","0.9644999504089355","0.9644999504089355","0.9644999504089355"
"70885","0.9645999670028687","0.9645999670028687","0.9645999670028687"
"70896","0.9644999504089355","0.9644999504089355","0.9644999504089355"
"70907","0.9644999504089355","0.9644999504089355","0.9644999504089355"
"70918","0.9645999670028687","0.9645999670028687","0.9645999670028687"
"70929","0.9646999835968018","0.9646999835968018","0.9646999835968018"
"70940","0.9646999835968018","0.9646999835968018","0.9646999835968018"
"70951","0.9646999835968018","0.9646999835968018","0.9646999835968018"
"70962","0.9646999835968018","0.9646999835968018","0.9646999835968018"
"70973","0.9646999835968018","0.9646999835968018","0.9646999835968018"
"70984","0.9646999835968018","0.9646999835968018","0.9646999835968018"
"70995","0.9646999835968018","0.9646999835968018","0.9646999835968018"
"71006","0.9646999835968018","0.9646999835968018","0.9646999835968018"
"71017","0.9646999835968018","0.9646999835968018","0.9646999835968018"
"71028","0.9646999835968018","0.9646999835968018","0.9646999835968018"
"71039","0.9646999835968018","0.9646999835968018","0.9646999835968018"
"71050","0.9645999670028687","0.9645999670028687","0.9645999670028687"
"71061","0.9645999670028687","0.9645999670028687","0.9645999670028687"
"71072","0.9648000001907349","0.9648000001907349","0.9648000001907349"
"71083","0.9648000001907349","0.9648000001907349","0.9648000001907349"
"71094","0.9648999571800232","0.9648999571800232","0.9648999571800232"
"71105","0.9648999571800232","0.9648999571800232","0.9648999571800232"
"71116","0.9649999737739563","0.9649999737739563","0.9649999737739563"
"71127","0.9649999737739563","0.9649999737739563","0.9649999737739563"
"71138","0.9649999737739563","0.9649999737739563","0.9649999737739563"
"71149","0.9650999903678894","0.9650999903678894","0.9650999903678894"
"71160","0.9650999903678894","0.9650999903678894","0.9650999903678894"
"71171","0.9651999473571777","0.9651999473571777","0.9651999473571777"
"71182","0.9650999903678894","0.9650999903678894","0.9650999903678894"
"71193","0.9650999903678894","0.9650999903678894","0.9650999903678894"
"71204","0.9651999473571777","0.9651999473571777","0.9651999473571777"
"71215","0.9651999473571777","0.9651999473571777","0.9651999473571777"
"71226","0.9651999473571777","0.9651999473571777","0.9651999473571777"
"71237","0.9650999903678894","0.9650999903678894","0.9650999903678894"
"71248","0.9651999473571777","0.9651999473571777","0.9651999473571777"
"71259","0.9651999473571777","0.9651999473571777","0.9651999473571777"
"71270","0.9651999473571777","0.9651999473571777","0.9651999473571777"
"71281","0.9651999473571777","0.9651999473571777","0.9651999473571777"
"71292","0.9651999473571777","0.9651999473571777","0.9651999473571777"
"71303","0.9651999473571777","0.9651999473571777","0.9651999473571777"
"71314","0.9651999473571777","0.9651999473571777","0.9651999473571777"
"71325","0.9651999473571777","0.9651999473571777","0.9651999473571777"
"71336","0.9651999473571777","0.9651999473571777","0.9651999473571777"
"71347","0.9651999473571777","0.9651999473571777","0.9651999473571777"
"71358","0.9651999473571777","0.9651999473571777","0.9651999473571777"
"71369","0.9652999639511108","0.9652999639511108","0.9652999639511108"
"71380","0.9651999473571777","0.9651999473571777","0.9651999473571777"
"71391","0.9651999473571777","0.9651999473571777","0.9651999473571777"
"71402","0.9651999473571777","0.9651999473571777","0.9651999473571777"
"71413","0.9651999473571777","0.9651999473571777","0.9651999473571777"
"71424","0.9652999639511108","0.9652999639511108","0.9652999639511108"
"71435","0.9651999473571777","0.9651999473571777","0.9651999473571777"
"71446","0.9651999473571777","0.9651999473571777","0.9651999473571777"
"71457","0.9651999473571777","0.9651999473571777","0.9651999473571777"
"71468","0.9651999473571777","0.9651999473571777","0.9651999473571777"
"71479","0.9652999639511108","0.9652999639511108","0.9652999639511108"
"71490","0.9652999639511108","0.9652999639511108","0.9652999639511108"
"71501","0.9652999639511108","0.9652999639511108","0.9652999639511108"
"71512","0.965399980545044","0.965399980545044","0.965399980545044"
"71523","0.965399980545044","0.965399980545044","0.965399980545044"
"71534","0.9652999639511108","0.9652999639511108","0.9652999639511108"
"71545","0.965499997138977","0.965499997138977","0.965499997138977"
"71556","0.965499997138977","0.965499997138977","0.965499997138977"
"71567","0.965499997138977","0.965499997138977","0.965499997138977"
"71578","0.965499997138977","0.965499997138977","0.965499997138977"
"71589","0.9655999541282654","0.9655999541282654","0.9655999541282654"
"71600","0.965499997138977","0.965499997138977","0.965499997138977"
"71611","0.965499997138977","0.965499997138977","0.965499997138977"
"71622","0.9655999541282654","0.9655999541282654","0.9655999541282654"
"71633","0.9655999541282654","0.9655999541282654","0.9655999541282654"
"71644","0.965499997138977","0.965499997138977","0.965499997138977"
"71655","0.9655999541282654","0.9655999541282654","0.9655999541282654"
"71666","0.9655999541282654","0.9655999541282654","0.9655999541282654"
"71677","0.9655999541282654","0.9655999541282654","0.9655999541282654"
"71688","0.965499997138977","0.965499997138977","0.965499997138977"
"71699","0.965499997138977","0.965499997138977","0.965499997138977"
"71710","0.965499997138977","0.965499997138977","0.965499997138977"
"71721","0.965499997138977","0.965499997138977","0.965499997138977"
"71732","0.965499997138977","0.965499997138977","0.965499997138977"
"71743","0.9655999541282654","0.9655999541282654","0.9655999541282654"
"71754","0.9656999707221985","0.9656999707221985","0.9656999707221985"
"71765","0.9655999541282654","0.9655999541282654","0.9655999541282654"
"71776","0.9655999541282654","0.9655999541282654","0.9655999541282654"
"71787","0.9655999541282654","0.9655999541282654","0.9655999541282654"
"71798","0.9655999541282654","0.9655999541282654","0.9655999541282654"
"71809","0.9655999541282654","0.9655999541282654","0.9655999541282654"
"71820","0.965499997138977","0.965499997138977","0.965499997138977"
"71831","0.965499997138977","0.965499997138977","0.965499997138977"
"71842","0.9655999541282654","0.9655999541282654","0.9655999541282654"
"71853","0.9655999541282654","0.9655999541282654","0.9655999541282654"
"71864","0.9656999707221985","0.9656999707221985","0.9656999707221985"
"71875","0.9656999707221985","0.9656999707221985","0.9656999707221985"
"71886","0.9656999707221985","0.9656999707221985","0.9656999707221985"
"71897","0.9656999707221985","0.9656999707221985","0.9656999707221985"
"71908","0.9656999707221985","0.9656999707221985","0.9656999707221985"
"71919","0.9657999873161316","0.9657999873161316","0.9657999873161316"
"71930","0.9657999873161316","0.9657999873161316","0.9657999873161316"
"71941","0.9659000039100647","0.9659000039100647","0.9659000039100647"
"71952","0.9657999873161316","0.9657999873161316","0.9657999873161316"
"71963","0.9657999873161316","0.9657999873161316","0.9657999873161316"
"71974","0.9657999873161316","0.9657999873161316","0.9657999873161316"
"71985","0.9659000039100647","0.9659000039100647","0.9659000039100647"
"71996","0.9659000039100647","0.9659000039100647","0.9659000039100647"
"72007","0.9659000039100647","0.9659000039100647","0.9659000039100647"
"72018","0.9659000039100647","0.9659000039100647","0.9659000039100647"
"72029","0.9659000039100647","0.9659000039100647","0.9659000039100647"
"72040","0.9659000039100647","0.9659000039100647","0.9659000039100647"
"72051","0.9659000039100647","0.9659000039100647","0.9659000039100647"
"72062","0.9659000039100647","0.9659000039100647","0.9659000039100647"
"72073","0.9659000039100647","0.9659000039100647","0.9659000039100647"
"72084","0.9659000039100647","0.9659000039100647","0.9659000039100647"
"72095","0.9659000039100647","0.9659000039100647","0.9659000039100647"
"72106","0.9659000039100647","0.9659000039100647","0.9659000039100647"
"72117","0.9659000039100647","0.9659000039100647","0.9659000039100647"
"72128","0.9659000039100647","0.9659000039100647","0.9659000039100647"
"72139","0.9659000039100647","0.9659000039100647","0.9659000039100647"
"72150","0.9659000039100647","0.9659000039100647","0.9659000039100647"
"72161","0.9659000039100647","0.9659000039100647","0.9659000039100647"
"72172","0.9659000039100647","0.9659000039100647","0.9659000039100647"
"72183","0.9659000039100647","0.9659000039100647","0.9659000039100647"
"72194","0.9659000039100647","0.9659000039100647","0.9659000039100647"
"72205","0.9659000039100647","0.9659000039100647","0.9659000039100647"
"72216","0.9659000039100647","0.9659000039100647","0.9659000039100647"
"72227","0.9659000039100647","0.9659000039100647","0.9659000039100647"
"72238","0.9659000039100647","0.9659000039100647","0.9659000039100647"
"72249","0.9659000039100647","0.9659000039100647","0.9659000039100647"
"72260","0.9659000039100647","0.9659000039100647","0.9659000039100647"
"72271","0.9659000039100647","0.9659000039100647","0.9659000039100647"
"72282","0.9659000039100647","0.9659000039100647","0.9659000039100647"
"72293","0.9659000039100647","0.9659000039100647","0.9659000039100647"
"72304","0.9659000039100647","0.9659000039100647","0.9659000039100647"
"72315","0.9659000039100647","0.9659000039100647","0.9659000039100647"
"72326","0.9659000039100647","0.9659000039100647","0.9659000039100647"
"72337","0.965999960899353","0.965999960899353","0.965999960899353"
"72348","0.965999960899353","0.965999960899353","0.965999960899353"
"72359","0.965999960899353","0.965999960899353","0.965999960899353"
"72370","0.9659000039100647","0.9659000039100647","0.9659000039100647"
"72381","0.9659000039100647","0.9659000039100647","0.9659000039100647"
"72392","0.9659000039100647","0.9659000039100647","0.9659000039100647"
"72403","0.9659000039100647","0.9659000039100647","0.9659000039100647"
"72414","0.9659000039100647","0.9659000039100647","0.9659000039100647"
"72425","0.9659000039100647","0.9659000039100647","0.9659000039100647"
"72436","0.965999960899353","0.965999960899353","0.965999960899353"
"72447","0.965999960899353","0.965999960899353","0.965999960899353"
"72458","0.965999960899353","0.965999960899353","0.965999960899353"
"72469","0.9659000039100647","0.9659000039100647","0.9659000039100647"
"72480","0.9659000039100647","0.9659000039100647","0.9659000039100647"
"72491","0.9660999774932861","0.9660999774932861","0.9660999774932861"
"72502","0.9660999774932861","0.9660999774932861","0.9660999774932861"
"72513","0.9661999940872192","0.9661999940872192","0.9661999940872192"
"72524","0.9660999774932861","0.9660999774932861","0.9660999774932861"
"72535","0.9660999774932861","0.9660999774932861","0.9660999774932861"
"72546","0.9660999774932861","0.9660999774932861","0.9660999774932861"
"72557","0.9660999774932861","0.9660999774932861","0.9660999774932861"
"72568","0.9661999940872192","0.9661999940872192","0.9661999940872192"
"72579","0.9661999940872192","0.9661999940872192","0.9661999940872192"
"72590","0.9661999940872192","0.9661999940872192","0.9661999940872192"
"72601","0.9662999510765076","0.9662999510765076","0.9662999510765076"
"72612","0.9663999676704407","0.9663999676704407","0.9663999676704407"
"72623","0.9662999510765076","0.9662999510765076","0.9662999510765076"
"72634","0.9662999510765076","0.9662999510765076","0.9662999510765076"
"72645","0.9662999510765076","0.9662999510765076","0.9662999510765076"
"72656","0.9663999676704407","0.9663999676704407","0.9663999676704407"
"72667","0.9663999676704407","0.9663999676704407","0.9663999676704407"
"72678","0.9664999842643738","0.9664999842643738","0.9664999842643738"
"72689","0.9663999676704407","0.9663999676704407","0.9663999676704407"
"72700","0.9662999510765076","0.9662999510765076","0.9662999510765076"
"72711","0.9664999842643738","0.9664999842643738","0.9664999842643738"
"72722","0.9663999676704407","0.9663999676704407","0.9663999676704407"
"72733","0.9663999676704407","0.9663999676704407","0.9663999676704407"
"72744","0.9662999510765076","0.9662999510765076","0.9662999510765076"
"72755","0.9662999510765076","0.9662999510765076","0.9662999510765076"
"72766","0.9662999510765076","0.9662999510765076","0.9662999510765076"
"72777","0.9663999676704407","0.9663999676704407","0.9663999676704407"
"72788","0.9663999676704407","0.9663999676704407","0.9663999676704407"
"72799","0.9663999676704407","0.9663999676704407","0.9663999676704407"
"72810","0.9663999676704407","0.9663999676704407","0.9663999676704407"
"72821","0.9663999676704407","0.9663999676704407","0.9663999676704407"
"72832","0.9663999676704407","0.9663999676704407","0.9663999676704407"
"72843","0.9663999676704407","0.9663999676704407","0.9663999676704407"
"72854","0.9663999676704407","0.9663999676704407","0.9663999676704407"
"72865","0.9663999676704407","0.9663999676704407","0.9663999676704407"
"72876","0.9663999676704407","0.9663999676704407","0.9663999676704407"
"72887","0.9662999510765076","0.9662999510765076","0.9662999510765076"
"72898","0.9663999676704407","0.9663999676704407","0.9663999676704407"
"72909","0.9663999676704407","0.9663999676704407","0.9663999676704407"
"72920","0.9662999510765076","0.9662999510765076","0.9662999510765076"
"72931","0.9662999510765076","0.9662999510765076","0.9662999510765076"
"72942","0.9662999510765076","0.9662999510765076","0.9662999510765076"
"72953","0.9662999510765076","0.9662999510765076","0.9662999510765076"
"72964","0.9662999510765076","0.9662999510765076","0.9662999510765076"
"72975","0.9663999676704407","0.9663999676704407","0.9663999676704407"
"72986","0.9663999676704407","0.9663999676704407","0.9663999676704407"
"72997","0.9666000008583069","0.9666000008583069","0.9666000008583069"
"73008","0.9664999842643738","0.9664999842643738","0.9664999842643738"
"73019","0.9666000008583069","0.9666000008583069","0.9666000008583069"
"73030","0.9666999578475952","0.9666999578475952","0.9666999578475952"
"73041","0.9666000008583069","0.9666000008583069","0.9666000008583069"
"73052","0.9666999578475952","0.9666999578475952","0.9666999578475952"
"73063","0.9666000008583069","0.9666000008583069","0.9666000008583069"
"73074","0.9666999578475952","0.9666999578475952","0.9666999578475952"
"73085","0.9666000008583069","0.9666000008583069","0.9666000008583069"
"73096","0.9666999578475952","0.9666999578475952","0.9666999578475952"
"73107","0.9666000008583069","0.9666000008583069","0.9666000008583069"
"73118","0.9666999578475952","0.9666999578475952","0.9666999578475952"
"73129","0.9666999578475952","0.9666999578475952","0.9666999578475952"
"73140","0.9667999744415283","0.9667999744415283","0.9667999744415283"
"73151","0.9667999744415283","0.9667999744415283","0.9667999744415283"
"73162","0.9666999578475952","0.9666999578475952","0.9666999578475952"
"73173","0.9666999578475952","0.9666999578475952","0.9666999578475952"
"73184","0.9666999578475952","0.9666999578475952","0.9666999578475952"
"73195","0.9666999578475952","0.9666999578475952","0.9666999578475952"
"73206","0.9666999578475952","0.9666999578475952","0.9666999578475952"
"73217","0.9666999578475952","0.9666999578475952","0.9666999578475952"
"73228","0.9666999578475952","0.9666999578475952","0.9666999578475952"
"73239","0.9666999578475952","0.9666999578475952","0.9666999578475952"
"73250","0.9666999578475952","0.9666999578475952","0.9666999578475952"
"73261","0.9666999578475952","0.9666999578475952","0.9666999578475952"
"73272","0.9666999578475952","0.9666999578475952","0.9666999578475952"
"73283","0.9666999578475952","0.9666999578475952","0.9666999578475952"
"73294","0.9666999578475952","0.9666999578475952","0.9666999578475952"
"73305","0.9666999578475952","0.9666999578475952","0.9666999578475952"
"73316","0.9666999578475952","0.9666999578475952","0.9666999578475952"
"73327","0.9666999578475952","0.9666999578475952","0.9666999578475952"
"73338","0.9666000008583069","0.9666000008583069","0.9666000008583069"
"73349","0.9666000008583069","0.9666000008583069","0.9666000008583069"
"73360","0.9666999578475952","0.9666999578475952","0.9666999578475952"
"73371","0.9667999744415283","0.9667999744415283","0.9667999744415283"
"73382","0.9667999744415283","0.9667999744415283","0.9667999744415283"
"73393","0.9667999744415283","0.9667999744415283","0.9667999744415283"
"73404","0.9667999744415283","0.9667999744415283","0.9667999744415283"
"73415","0.9667999744415283","0.9667999744415283","0.9667999744415283"
"73426","0.9667999744415283","0.9667999744415283","0.9667999744415283"
"73437","0.9667999744415283","0.9667999744415283","0.9667999744415283"
"73448","0.9668999910354614","0.9668999910354614","0.9668999910354614"
"73459","0.9668999910354614","0.9668999910354614","0.9668999910354614"
"73470","0.9668999910354614","0.9668999910354614","0.9668999910354614"
"73481","0.9668999910354614","0.9668999910354614","0.9668999910354614"
"73492","0.9668999910354614","0.9668999910354614","0.9668999910354614"
"73503","0.9668999910354614","0.9668999910354614","0.9668999910354614"
"73514","0.9668999910354614","0.9668999910354614","0.9668999910354614"
"73525","0.9668999910354614","0.9668999910354614","0.9668999910354614"
"73536","0.9668999910354614","0.9668999910354614","0.9668999910354614"
"73547","0.9668999910354614","0.9668999910354614","0.9668999910354614"
"73558","0.9668999910354614","0.9668999910354614","0.9668999910354614"
"73569","0.9668999910354614","0.9668999910354614","0.9668999910354614"
"73580","0.9668999910354614","0.9668999910354614","0.9668999910354614"
"73591","0.9668999910354614","0.9668999910354614","0.9668999910354614"
"73602","0.9668999910354614","0.9668999910354614","0.9668999910354614"
"73613","0.9668999910354614","0.9668999910354614","0.9668999910354614"
"73624","0.9667999744415283","0.9667999744415283","0.9667999744415283"
"73635","0.9667999744415283","0.9667999744415283","0.9667999744415283"
"73646","0.9668999910354614","0.9668999910354614","0.9668999910354614"
"73657","0.9668999910354614","0.9668999910354614","0.9668999910354614"
"73668","0.9668999910354614","0.9668999910354614","0.9668999910354614"
"73679","0.9668999910354614","0.9668999910354614","0.9668999910354614"
"73690","0.9668999910354614","0.9668999910354614","0.9668999910354614"
"73701","0.9669999480247498","0.9669999480247498","0.9669999480247498"
"73712","0.9670999646186829","0.9670999646186829","0.9670999646186829"
"73723","0.967199981212616","0.967199981212616","0.967199981212616"
"73734","0.967199981212616","0.967199981212616","0.967199981212616"
"73745","0.967199981212616","0.967199981212616","0.967199981212616"
"73756","0.9670999646186829","0.9670999646186829","0.9670999646186829"
"73767","0.967199981212616","0.967199981212616","0.967199981212616"
"73778","0.9673999547958374","0.9673999547958374","0.9673999547958374"
"73789","0.9672999978065491","0.9672999978065491","0.9672999978065491"
"73800","0.9672999978065491","0.9672999978065491","0.9672999978065491"
"73811","0.967199981212616","0.967199981212616","0.967199981212616"
"73822","0.967199981212616","0.967199981212616","0.967199981212616"
"73833","0.9673999547958374","0.9673999547958374","0.9673999547958374"
"73844","0.9672999978065491","0.9672999978065491","0.9672999978065491"
"73855","0.9673999547958374","0.9673999547958374","0.9673999547958374"
"73866","0.967199981212616","0.967199981212616","0.967199981212616"
"73877","0.967199981212616","0.967199981212616","0.967199981212616"
"73888","0.9672999978065491","0.9672999978065491","0.9672999978065491"
"73899","0.967199981212616","0.967199981212616","0.967199981212616"
"73910","0.9672999978065491","0.9672999978065491","0.9672999978065491"
"73921","0.9673999547958374","0.9673999547958374","0.9673999547958374"
"73932","0.9672999978065491","0.9672999978065491","0.9672999978065491"
"73943","0.9673999547958374","0.9673999547958374","0.9673999547958374"
"73954","0.9673999547958374","0.9673999547958374","0.9673999547958374"
"73965","0.9673999547958374","0.9673999547958374","0.9673999547958374"
"73976","0.9673999547958374","0.9673999547958374","0.9673999547958374"
"73987","0.9673999547958374","0.9673999547958374","0.9673999547958374"
"73998","0.9674999713897705","0.9674999713897705","0.9674999713897705"
"74009","0.9675999879837036","0.9675999879837036","0.9675999879837036"
"74020","0.9675999879837036","0.9675999879837036","0.9675999879837036"
"74031","0.9674999713897705","0.9674999713897705","0.9674999713897705"
"74042","0.9675999879837036","0.9675999879837036","0.9675999879837036"
"74053","0.9675999879837036","0.9675999879837036","0.9675999879837036"
"74064","0.9677000045776367","0.9677000045776367","0.9677000045776367"
"74075","0.9677000045776367","0.9677000045776367","0.9677000045776367"
"74086","0.9677000045776367","0.9677000045776367","0.9677000045776367"
"74097","0.9677000045776367","0.9677000045776367","0.9677000045776367"
"74108","0.9677000045776367","0.9677000045776367","0.9677000045776367"
"74119","0.9677000045776367","0.9677000045776367","0.9677000045776367"
"74130","0.9677000045776367","0.9677000045776367","0.9677000045776367"
"74141","0.9677000045776367","0.9677000045776367","0.9677000045776367"
"74152","0.9677000045776367","0.9677000045776367","0.9677000045776367"
"74163","0.9675999879837036","0.9675999879837036","0.9675999879837036"
"74174","0.9677000045776367","0.9677000045776367","0.9677000045776367"
"74185","0.9677000045776367","0.9677000045776367","0.9677000045776367"
"74196","0.9677000045776367","0.9677000045776367","0.9677000045776367"
"74207","0.9675999879837036","0.9675999879837036","0.9675999879837036"
"74218","0.9675999879837036","0.9675999879837036","0.9675999879837036"
"74229","0.9675999879837036","0.9675999879837036","0.9675999879837036"
"74240","0.9675999879837036","0.9675999879837036","0.9675999879837036"
"74251","0.9675999879837036","0.9675999879837036","0.9675999879837036"
"74262","0.9675999879837036","0.9675999879837036","0.9675999879837036"
"74273","0.9675999879837036","0.9675999879837036","0.9675999879837036"
"74284","0.9675999879837036","0.9675999879837036","0.9675999879837036"
"74295","0.9675999879837036","0.9675999879837036","0.9675999879837036"
"74306","0.9675999879837036","0.9675999879837036","0.9675999879837036"
"74317","0.9675999879837036","0.9675999879837036","0.9675999879837036"
"74328","0.9675999879837036","0.9675999879837036","0.9675999879837036"
"74339","0.9675999879837036","0.9675999879837036","0.9675999879837036"
"74350","0.9675999879837036","0.9675999879837036","0.9675999879837036"
"74361","0.9675999879837036","0.9675999879837036","0.9675999879837036"
"74372","0.9675999879837036","0.9675999879837036","0.9675999879837036"
"74383","0.9675999879837036","0.9675999879837036","0.9675999879837036"
"74394","0.9675999879837036","0.9675999879837036","0.9675999879837036"
"74405","0.9675999879837036","0.9675999879837036","0.9675999879837036"
"74416","0.9675999879837036","0.9675999879837036","0.9675999879837036"
"74427","0.9675999879837036","0.9675999879837036","0.9675999879837036"
"74438","0.9675999879837036","0.9675999879837036","0.9675999879837036"
"74449","0.9675999879837036","0.9675999879837036","0.9675999879837036"
"74460","0.9675999879837036","0.9675999879837036","0.9675999879837036"
"74471","0.9675999879837036","0.9675999879837036","0.9675999879837036"
"74482","0.9675999879837036","0.9675999879837036","0.9675999879837036"
"74493","0.9675999879837036","0.9675999879837036","0.9675999879837036"
"74504","0.9675999879837036","0.9675999879837036","0.9675999879837036"
"74515","0.9675999879837036","0.9675999879837036","0.9675999879837036"
"74526","0.9675999879837036","0.9675999879837036","0.9675999879837036"
"74537","0.9675999879837036","0.9675999879837036","0.9675999879837036"
"74548","0.9675999879837036","0.9675999879837036","0.9675999879837036"
"74559","0.9675999879837036","0.9675999879837036","0.9675999879837036"
"74570","0.9675999879837036","0.9675999879837036","0.9675999879837036"
"74581","0.9675999879837036","0.9675999879837036","0.9675999879837036"
"74592","0.9675999879837036","0.9675999879837036","0.9675999879837036"
"74603","0.9677000045776367","0.9677000045776367","0.9677000045776367"
"74614","0.967799961566925","0.967799961566925","0.967799961566925"
"74625","0.967799961566925","0.967799961566925","0.967799961566925"
"74636","0.967799961566925","0.967799961566925","0.967799961566925"
"74647","0.967799961566925","0.967799961566925","0.967799961566925"
"74658","0.9677000045776367","0.9677000045776367","0.9677000045776367"
"74669","0.967799961566925","0.967799961566925","0.967799961566925"
"74680","0.967799961566925","0.967799961566925","0.967799961566925"
"74691","0.967799961566925","0.967799961566925","0.967799961566925"
"74702","0.967799961566925","0.967799961566925","0.967799961566925"
"74713","0.967799961566925","0.967799961566925","0.967799961566925"
"74724","0.967799961566925","0.967799961566925","0.967799961566925"
"74735","0.967799961566925","0.967799961566925","0.967799961566925"
"74746","0.967799961566925","0.967799961566925","0.967799961566925"
"74757","0.967799961566925","0.967799961566925","0.967799961566925"
"74768","0.9678999781608582","0.9678999781608582","0.9678999781608582"
"74779","0.9678999781608582","0.9678999781608582","0.9678999781608582"
"74790","0.9678999781608582","0.9678999781608582","0.9678999781608582"
"74801","0.9679999947547913","0.9679999947547913","0.9679999947547913"
"74812","0.9679999947547913","0.9679999947547913","0.9679999947547913"
"74823","0.967799961566925","0.967799961566925","0.967799961566925"
"74834","0.9678999781608582","0.9678999781608582","0.9678999781608582"
"74845","0.9678999781608582","0.9678999781608582","0.9678999781608582"
"74856","0.967799961566925","0.967799961566925","0.967799961566925"
"74867","0.9678999781608582","0.9678999781608582","0.9678999781608582"
"74878","0.967799961566925","0.967799961566925","0.967799961566925"
"74889","0.9679999947547913","0.9679999947547913","0.9679999947547913"
"74900","0.9679999947547913","0.9679999947547913","0.9679999947547913"
"74911","0.9679999947547913","0.9679999947547913","0.9679999947547913"
"74922","0.9678999781608582","0.9678999781608582","0.9678999781608582"
"74933","0.9679999947547913","0.9679999947547913","0.9679999947547913"
"74944","0.9678999781608582","0.9678999781608582","0.9678999781608582"
"74955","0.9678999781608582","0.9678999781608582","0.9678999781608582"
"74966","0.9678999781608582","0.9678999781608582","0.9678999781608582"
"74977","0.9679999947547913","0.9679999947547913","0.9679999947547913"
"74988","0.9679999947547913","0.9679999947547913","0.9679999947547913"
"74999","0.9679999947547913","0.9679999947547913","0.9679999947547913"
"75010","0.9679999947547913","0.9679999947547913","0.9679999947547913"
"75021","0.9679999947547913","0.9679999947547913","0.9679999947547913"
"75032","0.9679999947547913","0.9679999947547913","0.9679999947547913"
"75043","0.9680999517440796","0.9680999517440796","0.9680999517440796"
"75054","0.9680999517440796","0.9680999517440796","0.9680999517440796"
"75065","0.9680999517440796","0.9680999517440796","0.9680999517440796"
"75076","0.9681999683380127","0.9681999683380127","0.9681999683380127"
"75087","0.9681999683380127","0.9681999683380127","0.9681999683380127"
"75098","0.9681999683380127","0.9681999683380127","0.9681999683380127"
"75109","0.9681999683380127","0.9681999683380127","0.9681999683380127"
"75120","0.9681999683380127","0.9681999683380127","0.9681999683380127"
"75131","0.9682999849319458","0.9682999849319458","0.9682999849319458"
"75142","0.9681999683380127","0.9681999683380127","0.9681999683380127"
"75153","0.9681999683380127","0.9681999683380127","0.9681999683380127"
"75164","0.9681999683380127","0.9681999683380127","0.9681999683380127"
"75175","0.9681999683380127","0.9681999683380127","0.9681999683380127"
"75186","0.9681999683380127","0.9681999683380127","0.9681999683380127"
"75197","0.9681999683380127","0.9681999683380127","0.9681999683380127"
"75208","0.9681999683380127","0.9681999683380127","0.9681999683380127"
"75219","0.9681999683380127","0.9681999683380127","0.9681999683380127"
"75230","0.9681999683380127","0.9681999683380127","0.9681999683380127"
"75241","0.9681999683380127","0.9681999683380127","0.9681999683380127"
"75252","0.9682999849319458","0.9682999849319458","0.9682999849319458"
"75263","0.9682999849319458","0.9682999849319458","0.9682999849319458"
"75274","0.9682999849319458","0.9682999849319458","0.9682999849319458"
"75285","0.9682999849319458","0.9682999849319458","0.9682999849319458"
"75296","0.9682999849319458","0.9682999849319458","0.9682999849319458"
"75307","0.9682999849319458","0.9682999849319458","0.9682999849319458"
"75318","0.9682999849319458","0.9682999849319458","0.9682999849319458"
"75329","0.9682999849319458","0.9682999849319458","0.9682999849319458"
"75340","0.9682999849319458","0.9682999849319458","0.9682999849319458"
"75351","0.9682999849319458","0.9682999849319458","0.9682999849319458"
"75362","0.9682999849319458","0.9682999849319458","0.9682999849319458"
"75373","0.9682999849319458","0.9682999849319458","0.9682999849319458"
"75384","0.9682999849319458","0.9682999849319458","0.9682999849319458"
"75395","0.9682999849319458","0.9682999849319458","0.9682999849319458"
"75406","0.9682999849319458","0.9682999849319458","0.9682999849319458"
"75417","0.9681999683380127","0.9681999683380127","0.9681999683380127"
"75428","0.9681999683380127","0.9681999683380127","0.9681999683380127"
"75439","0.9681999683380127","0.9681999683380127","0.9681999683380127"
"75450","0.9681999683380127","0.9681999683380127","0.9681999683380127"
"75461","0.9681999683380127","0.9681999683380127","0.9681999683380127"
"75472","0.9681999683380127","0.9681999683380127","0.9681999683380127"
"75483","0.9681999683380127","0.9681999683380127","0.9681999683380127"
"75494","0.9681999683380127","0.9681999683380127","0.9681999683380127"
"75505","0.9682999849319458","0.9682999849319458","0.9682999849319458"
"75516","0.9682999849319458","0.9682999849319458","0.9682999849319458"
"75527","0.9682999849319458","0.9682999849319458","0.9682999849319458"
"75538","0.9682999849319458","0.9682999849319458","0.9682999849319458"
"75549","0.9684000015258789","0.9684000015258789","0.9684000015258789"
"75560","0.9684000015258789","0.9684000015258789","0.9684000015258789"
"75571","0.9684000015258789","0.9684000015258789","0.9684000015258789"
"75582","0.9684000015258789","0.9684000015258789","0.9684000015258789"
"75593","0.9684999585151672","0.9684999585151672","0.9684999585151672"
"75604","0.9684999585151672","0.9684999585151672","0.9684999585151672"
"75615","0.9684999585151672","0.9684999585151672","0.9684999585151672"
"75626","0.9684999585151672","0.9684999585151672","0.9684999585151672"
"75637","0.9685999751091003","0.9685999751091003","0.9685999751091003"
"75648","0.9685999751091003","0.9685999751091003","0.9685999751091003"
"75659","0.9684999585151672","0.9684999585151672","0.9684999585151672"
"75670","0.9684999585151672","0.9684999585151672","0.9684999585151672"
"75681","0.9684999585151672","0.9684999585151672","0.9684999585151672"
"75692","0.9685999751091003","0.9685999751091003","0.9685999751091003"
"75703","0.9685999751091003","0.9685999751091003","0.9685999751091003"
"75714","0.9685999751091003","0.9685999751091003","0.9685999751091003"
"75725","0.9685999751091003","0.9685999751091003","0.9685999751091003"
"75736","0.9685999751091003","0.9685999751091003","0.9685999751091003"
"75747","0.9685999751091003","0.9685999751091003","0.9685999751091003"
"75758","0.9685999751091003","0.9685999751091003","0.9685999751091003"
"75769","0.9685999751091003","0.9685999751091003","0.9685999751091003"
"75780","0.9685999751091003","0.9685999751091003","0.9685999751091003"
"75791","0.9685999751091003","0.9685999751091003","0.9685999751091003"
"75802","0.9685999751091003","0.9685999751091003","0.9685999751091003"
"75813","0.9685999751091003","0.9685999751091003","0.9685999751091003"
"75824","0.9685999751091003","0.9685999751091003","0.9685999751091003"
"75835","0.9685999751091003","0.9685999751091003","0.9685999751091003"
"75846","0.9685999751091003","0.9685999751091003","0.9685999751091003"
"75857","0.9685999751091003","0.9685999751091003","0.9685999751091003"
"75868","0.9685999751091003","0.9685999751091003","0.9685999751091003"
"75879","0.9685999751091003","0.9685999751091003","0.9685999751091003"
"75890","0.9685999751091003","0.9685999751091003","0.9685999751091003"
"75901","0.9685999751091003","0.9685999751091003","0.9685999751091003"
"75912","0.9685999751091003","0.9685999751091003","0.9685999751091003"
"75923","0.9686999917030334","0.9686999917030334","0.9686999917030334"
"75934","0.9685999751091003","0.9685999751091003","0.9685999751091003"
"75945","0.9685999751091003","0.9685999751091003","0.9685999751091003"
"75956","0.9685999751091003","0.9685999751091003","0.9685999751091003"
"75967","0.9685999751091003","0.9685999751091003","0.9685999751091003"
"75978","0.9685999751091003","0.9685999751091003","0.9685999751091003"
"75989","0.9685999751091003","0.9685999751091003","0.9685999751091003"
"76000","0.9685999751091003","0.9685999751091003","0.9685999751091003"
"76011","0.9686999917030334","0.9686999917030334","0.9686999917030334"
"76022","0.9685999751091003","0.9685999751091003","0.9685999751091003"
"76033","0.9685999751091003","0.9685999751091003","0.9685999751091003"
"76044","0.9685999751091003","0.9685999751091003","0.9685999751091003"
"76055","0.9685999751091003","0.9685999751091003","0.9685999751091003"
"76066","0.9686999917030334","0.9686999917030334","0.9686999917030334"
"76077","0.9686999917030334","0.9686999917030334","0.9686999917030334"
"76088","0.9687999486923218","0.9687999486923218","0.9687999486923218"
"76099","0.9687999486923218","0.9687999486923218","0.9687999486923218"
"76110","0.9687999486923218","0.9687999486923218","0.9687999486923218"
"76121","0.9687999486923218","0.9687999486923218","0.9687999486923218"
"76132","0.9687999486923218","0.9687999486923218","0.9687999486923218"
"76143","0.9687999486923218","0.9687999486923218","0.9687999486923218"
"76154","0.9687999486923218","0.9687999486923218","0.9687999486923218"
"76165","0.9688999652862549","0.9688999652862549","0.9688999652862549"
"76176","0.9688999652862549","0.9688999652862549","0.9688999652862549"
"76187","0.9688999652862549","0.9688999652862549","0.9688999652862549"
"76198","0.968999981880188","0.968999981880188","0.968999981880188"
"76209","0.9688999652862549","0.9688999652862549","0.9688999652862549"
"76220","0.968999981880188","0.968999981880188","0.968999981880188"
"76231","0.968999981880188","0.968999981880188","0.968999981880188"
"76242","0.968999981880188","0.968999981880188","0.968999981880188"
"76253","0.968999981880188","0.968999981880188","0.968999981880188"
"76264","0.968999981880188","0.968999981880188","0.968999981880188"
"76275","0.9688999652862549","0.9688999652862549","0.9688999652862549"
"76286","0.968999981880188","0.968999981880188","0.968999981880188"
"76297","0.968999981880188","0.968999981880188","0.968999981880188"
"76308","0.968999981880188","0.968999981880188","0.968999981880188"
"76319","0.968999981880188","0.968999981880188","0.968999981880188"
"76330","0.968999981880188","0.968999981880188","0.968999981880188"
"76341","0.968999981880188","0.968999981880188","0.968999981880188"
"76352","0.968999981880188","0.968999981880188","0.968999981880188"
"76363","0.968999981880188","0.968999981880188","0.968999981880188"
"76374","0.968999981880188","0.968999981880188","0.968999981880188"
"76385","0.968999981880188","0.968999981880188","0.968999981880188"
"76396","0.968999981880188","0.968999981880188","0.968999981880188"
"76407","0.968999981880188","0.968999981880188","0.968999981880188"
"76418","0.968999981880188","0.968999981880188","0.968999981880188"
"76429","0.968999981880188","0.968999981880188","0.968999981880188"
"76440","0.968999981880188","0.968999981880188","0.968999981880188"
"76451","0.968999981880188","0.968999981880188","0.968999981880188"
"76462","0.968999981880188","0.968999981880188","0.968999981880188"
"76473","0.968999981880188","0.968999981880188","0.968999981880188"
"76484","0.968999981880188","0.968999981880188","0.968999981880188"
"76495","0.968999981880188","0.968999981880188","0.968999981880188"
"76506","0.968999981880188","0.968999981880188","0.968999981880188"
"76517","0.968999981880188","0.968999981880188","0.968999981880188"
"76528","0.968999981880188","0.968999981880188","0.968999981880188"
"76539","0.968999981880188","0.968999981880188","0.968999981880188"
"76550","0.968999981880188","0.968999981880188","0.968999981880188"
"76561","0.968999981880188","0.968999981880188","0.968999981880188"
"76572","0.968999981880188","0.968999981880188","0.968999981880188"
"76583","0.968999981880188","0.968999981880188","0.968999981880188"
"76594","0.9688999652862549","0.9688999652862549","0.9688999652862549"
"76605","0.9688999652862549","0.9688999652862549","0.9688999652862549"
"76616","0.9688999652862549","0.9688999652862549","0.9688999652862549"
"76627","0.9688999652862549","0.9688999652862549","0.9688999652862549"
"76638","0.9688999652862549","0.9688999652862549","0.9688999652862549"
"76649","0.9688999652862549","0.9688999652862549","0.9688999652862549"
"76660","0.9688999652862549","0.9688999652862549","0.9688999652862549"
"76671","0.968999981880188","0.968999981880188","0.968999981880188"
"76682","0.9688999652862549","0.9688999652862549","0.9688999652862549"
"76693","0.9688999652862549","0.9688999652862549","0.9688999652862549"
"76704","0.9688999652862549","0.9688999652862549","0.9688999652862549"
"76715","0.9688999652862549","0.9688999652862549","0.9688999652862549"
"76726","0.968999981880188","0.968999981880188","0.968999981880188"
"76737","0.968999981880188","0.968999981880188","0.968999981880188"
"76748","0.968999981880188","0.968999981880188","0.968999981880188"
"76759","0.9690999984741211","0.9690999984741211","0.9690999984741211"
"76770","0.9690999984741211","0.9690999984741211","0.9690999984741211"
"76781","0.9690999984741211","0.9690999984741211","0.9690999984741211"
"76792","0.9690999984741211","0.9690999984741211","0.9690999984741211"
"76803","0.9690999984741211","0.9690999984741211","0.9690999984741211"
"76814","0.9690999984741211","0.9690999984741211","0.9690999984741211"
"76825","0.9690999984741211","0.9690999984741211","0.9690999984741211"
"76836","0.9690999984741211","0.9690999984741211","0.9690999984741211"
"76847","0.9690999984741211","0.9690999984741211","0.9690999984741211"
"76858","0.9691999554634094","0.9691999554634094","0.9691999554634094"
"76869","0.9691999554634094","0.9691999554634094","0.9691999554634094"
"76880","0.9691999554634094","0.9691999554634094","0.9691999554634094"
"76891","0.9691999554634094","0.9691999554634094","0.9691999554634094"
"76902","0.9691999554634094","0.9691999554634094","0.9691999554634094"
"76913","0.9691999554634094","0.9691999554634094","0.9691999554634094"
"76924","0.9691999554634094","0.9691999554634094","0.9691999554634094"
"76935","0.9692999720573425","0.9692999720573425","0.9692999720573425"
"76946","0.9692999720573425","0.9692999720573425","0.9692999720573425"
"76957","0.9691999554634094","0.9691999554634094","0.9691999554634094"
"76968","0.9692999720573425","0.9692999720573425","0.9692999720573425"
"76979","0.9692999720573425","0.9692999720573425","0.9692999720573425"
"76990","0.9692999720573425","0.9692999720573425","0.9692999720573425"
"77001","0.9692999720573425","0.9692999720573425","0.9692999720573425"
"77012","0.9692999720573425","0.9692999720573425","0.9692999720573425"
"77023","0.9692999720573425","0.9692999720573425","0.9692999720573425"
"77034","0.9692999720573425","0.9692999720573425","0.9692999720573425"
"77045","0.9692999720573425","0.9692999720573425","0.9692999720573425"
"77056","0.9692999720573425","0.9692999720573425","0.9692999720573425"
"77067","0.9692999720573425","0.9692999720573425","0.9692999720573425"
"77078","0.9692999720573425","0.9692999720573425","0.9692999720573425"
"77089","0.9692999720573425","0.9692999720573425","0.9692999720573425"
"77100","0.9692999720573425","0.9692999720573425","0.9692999720573425"
"77111","0.9691999554634094","0.9691999554634094","0.9691999554634094"
"77122","0.9691999554634094","0.9691999554634094","0.9691999554634094"
"77133","0.9691999554634094","0.9691999554634094","0.9691999554634094"
"77144","0.9691999554634094","0.9691999554634094","0.9691999554634094"
"77155","0.9691999554634094","0.9691999554634094","0.9691999554634094"
"77166","0.9692999720573425","0.9692999720573425","0.9692999720573425"
"77177","0.9692999720573425","0.9692999720573425","0.9692999720573425"
"77188","0.9692999720573425","0.9692999720573425","0.9692999720573425"
"77199","0.9692999720573425","0.9692999720573425","0.9692999720573425"
"77210","0.9691999554634094","0.9691999554634094","0.9691999554634094"
"77221","0.9691999554634094","0.9691999554634094","0.9691999554634094"
"77232","0.9691999554634094","0.9691999554634094","0.9691999554634094"
"77243","0.9691999554634094","0.9691999554634094","0.9691999554634094"
"77254","0.9692999720573425","0.9692999720573425","0.9692999720573425"
"77265","0.9692999720573425","0.9692999720573425","0.9692999720573425"
"77276","0.9691999554634094","0.9691999554634094","0.9691999554634094"
"77287","0.9691999554634094","0.9691999554634094","0.9691999554634094"
"77298","0.9691999554634094","0.9691999554634094","0.9691999554634094"
"77309","0.9692999720573425","0.9692999720573425","0.9692999720573425"
"77320","0.9692999720573425","0.9692999720573425","0.9692999720573425"
"77331","0.9693999886512756","0.9693999886512756","0.9693999886512756"
"77342","0.9691999554634094","0.9691999554634094","0.9691999554634094"
"77353","0.9691999554634094","0.9691999554634094","0.9691999554634094"
"77364","0.9691999554634094","0.9691999554634094","0.9691999554634094"
"77375","0.9692999720573425","0.9692999720573425","0.9692999720573425"
"77386","0.9692999720573425","0.9692999720573425","0.9692999720573425"
"77397","0.9692999720573425","0.9692999720573425","0.9692999720573425"
"77408","0.9692999720573425","0.9692999720573425","0.9692999720573425"
"77419","0.9692999720573425","0.9692999720573425","0.9692999720573425"
"77430","0.9693999886512756","0.9693999886512756","0.9693999886512756"
"77441","0.9692999720573425","0.9692999720573425","0.9692999720573425"
"77452","0.9692999720573425","0.9692999720573425","0.9692999720573425"
"77463","0.9692999720573425","0.9692999720573425","0.9692999720573425"
"77474","0.9692999720573425","0.9692999720573425","0.9692999720573425"
"77485","0.9692999720573425","0.9692999720573425","0.9692999720573425"
"77496","0.9692999720573425","0.9692999720573425","0.9692999720573425"
"77507","0.9692999720573425","0.9692999720573425","0.9692999720573425"
"77518","0.9692999720573425","0.9692999720573425","0.9692999720573425"
"77529","0.9692999720573425","0.9692999720573425","0.9692999720573425"
"77540","0.9692999720573425","0.9692999720573425","0.9692999720573425"
"77551","0.9692999720573425","0.9692999720573425","0.9692999720573425"
"77562","0.9692999720573425","0.9692999720573425","0.9692999720573425"
"77573","0.9692999720573425","0.9692999720573425","0.9692999720573425"
"77584","0.9693999886512756","0.9693999886512756","0.9693999886512756"
"77595","0.9693999886512756","0.9693999886512756","0.9693999886512756"
"77606","0.9693999886512756","0.9693999886512756","0.9693999886512756"
"77617","0.9693999886512756","0.9693999886512756","0.9693999886512756"
"77628","0.9693999886512756","0.9693999886512756","0.9693999886512756"
"77639","0.9693999886512756","0.9693999886512756","0.9693999886512756"
"77650","0.9695000052452087","0.9695000052452087","0.9695000052452087"
"77661","0.9693999886512756","0.9693999886512756","0.9693999886512756"
"77672","0.9693999886512756","0.9693999886512756","0.9693999886512756"
"77683","0.9695000052452087","0.9695000052452087","0.9695000052452087"
"77694","0.9695999622344971","0.9695999622344971","0.9695999622344971"
"77705","0.9695000052452087","0.9695000052452087","0.9695000052452087"
"77716","0.9695000052452087","0.9695000052452087","0.9695000052452087"
"77727","0.9695000052452087","0.9695000052452087","0.9695000052452087"
"77738","0.9695000052452087","0.9695000052452087","0.9695000052452087"
"77749","0.9695999622344971","0.9695999622344971","0.9695999622344971"
"77760","0.9696999788284302","0.9696999788284302","0.9696999788284302"
"77771","0.9695999622344971","0.9695999622344971","0.9695999622344971"
"77782","0.9695999622344971","0.9695999622344971","0.9695999622344971"
"77793","0.9696999788284302","0.9696999788284302","0.9696999788284302"
"77804","0.9696999788284302","0.9696999788284302","0.9696999788284302"
"77815","0.9696999788284302","0.9696999788284302","0.9696999788284302"
"77826","0.9696999788284302","0.9696999788284302","0.9696999788284302"
"77837","0.9696999788284302","0.9696999788284302","0.9696999788284302"
"77848","0.9696999788284302","0.9696999788284302","0.9696999788284302"
"77859","0.9696999788284302","0.9696999788284302","0.9696999788284302"
"77870","0.9696999788284302","0.9696999788284302","0.9696999788284302"
"77881","0.9697999954223633","0.9697999954223633","0.9697999954223633"
"77892","0.9697999954223633","0.9697999954223633","0.9697999954223633"
"77903","0.9696999788284302","0.9696999788284302","0.9696999788284302"
"77914","0.9697999954223633","0.9697999954223633","0.9697999954223633"
"77925","0.9697999954223633","0.9697999954223633","0.9697999954223633"
"77936","0.9696999788284302","0.9696999788284302","0.9696999788284302"
"77947","0.9697999954223633","0.9697999954223633","0.9697999954223633"
"77958","0.9697999954223633","0.9697999954223633","0.9697999954223633"
"77969","0.9698999524116516","0.9698999524116516","0.9698999524116516"
"77980","0.9698999524116516","0.9698999524116516","0.9698999524116516"
"77991","0.9698999524116516","0.9698999524116516","0.9698999524116516"
"78002","0.9698999524116516","0.9698999524116516","0.9698999524116516"
"78013","0.9699999690055847","0.9699999690055847","0.9699999690055847"
"78024","0.9699999690055847","0.9699999690055847","0.9699999690055847"
"78035","0.9698999524116516","0.9698999524116516","0.9698999524116516"
"78046","0.9698999524116516","0.9698999524116516","0.9698999524116516"
"78057","0.9698999524116516","0.9698999524116516","0.9698999524116516"
"78068","0.9698999524116516","0.9698999524116516","0.9698999524116516"
"78079","0.9698999524116516","0.9698999524116516","0.9698999524116516"
"78090","0.9698999524116516","0.9698999524116516","0.9698999524116516"
"78101","0.9698999524116516","0.9698999524116516","0.9698999524116516"
"78112","0.9698999524116516","0.9698999524116516","0.9698999524116516"
"78123","0.9698999524116516","0.9698999524116516","0.9698999524116516"
"78134","0.9698999524116516","0.9698999524116516","0.9698999524116516"
"78145","0.9698999524116516","0.9698999524116516","0.9698999524116516"
"78156","0.9698999524116516","0.9698999524116516","0.9698999524116516"
"78167","0.9698999524116516","0.9698999524116516","0.9698999524116516"
"78178","0.9698999524116516","0.9698999524116516","0.9698999524116516"
"78189","0.9699999690055847","0.9699999690055847","0.9699999690055847"
"78200","0.9699999690055847","0.9699999690055847","0.9699999690055847"
"78211","0.9700999855995178","0.9700999855995178","0.9700999855995178"
"78222","0.9700999855995178","0.9700999855995178","0.9700999855995178"
"78233","0.9700999855995178","0.9700999855995178","0.9700999855995178"
"78244","0.9700999855995178","0.9700999855995178","0.9700999855995178"
"78255","0.9699999690055847","0.9699999690055847","0.9699999690055847"
"78266","0.9699999690055847","0.9699999690055847","0.9699999690055847"
"78277","0.9700999855995178","0.9700999855995178","0.9700999855995178"
"78288","0.9699999690055847","0.9699999690055847","0.9699999690055847"
"78299","0.9700999855995178","0.9700999855995178","0.9700999855995178"
"78310","0.9700999855995178","0.9700999855995178","0.9700999855995178"
"78321","0.9700999855995178","0.9700999855995178","0.9700999855995178"
"78332","0.9700999855995178","0.9700999855995178","0.9700999855995178"
"78343","0.9700999855995178","0.9700999855995178","0.9700999855995178"
"78354","0.9700999855995178","0.9700999855995178","0.9700999855995178"
"78365","0.9700999855995178","0.9700999855995178","0.9700999855995178"
"78376","0.9700999855995178","0.9700999855995178","0.9700999855995178"
"78387","0.9700999855995178","0.9700999855995178","0.9700999855995178"
"78398","0.9700999855995178","0.9700999855995178","0.9700999855995178"
"78409","0.9700999855995178","0.9700999855995178","0.9700999855995178"
"78420","0.9702000021934509","0.9702000021934509","0.9702000021934509"
"78431","0.9703999757766724","0.9703999757766724","0.9703999757766724"
"78442","0.9702999591827393","0.9702999591827393","0.9702999591827393"
"78453","0.9702999591827393","0.9702999591827393","0.9702999591827393"
"78464","0.9704999923706055","0.9704999923706055","0.9704999923706055"
"78475","0.9703999757766724","0.9703999757766724","0.9703999757766724"
"78486","0.9703999757766724","0.9703999757766724","0.9703999757766724"
"78497","0.9704999923706055","0.9704999923706055","0.9704999923706055"
"78508","0.9703999757766724","0.9703999757766724","0.9703999757766724"
"78519","0.9703999757766724","0.9703999757766724","0.9703999757766724"
"78530","0.9702999591827393","0.9702999591827393","0.9702999591827393"
"78541","0.9702999591827393","0.9702999591827393","0.9702999591827393"
"78552","0.9702999591827393","0.9702999591827393","0.9702999591827393"
"78563","0.9702999591827393","0.9702999591827393","0.9702999591827393"
"78574","0.9702999591827393","0.9702999591827393","0.9702999591827393"
"78585","0.9702999591827393","0.9702999591827393","0.9702999591827393"
"78596","0.9702999591827393","0.9702999591827393","0.9702999591827393"
"78607","0.9702999591827393","0.9702999591827393","0.9702999591827393"
"78618","0.9702999591827393","0.9702999591827393","0.9702999591827393"
"78629","0.9702999591827393","0.9702999591827393","0.9702999591827393"
"78640","0.9702999591827393","0.9702999591827393","0.9702999591827393"
"78651","0.9703999757766724","0.9703999757766724","0.9703999757766724"
"78662","0.9703999757766724","0.9703999757766724","0.9703999757766724"
"78673","0.9703999757766724","0.9703999757766724","0.9703999757766724"
"78684","0.9703999757766724","0.9703999757766724","0.9703999757766724"
"78695","0.9703999757766724","0.9703999757766724","0.9703999757766724"
"78706","0.9703999757766724","0.9703999757766724","0.9703999757766724"
"78717","0.9703999757766724","0.9703999757766724","0.9703999757766724"
"78728","0.9703999757766724","0.9703999757766724","0.9703999757766724"
"78739","0.9703999757766724","0.9703999757766724","0.9703999757766724"
"78750","0.9703999757766724","0.9703999757766724","0.9703999757766724"
"78761","0.9703999757766724","0.9703999757766724","0.9703999757766724"
"78772","0.9703999757766724","0.9703999757766724","0.9703999757766724"
"78783","0.9703999757766724","0.9703999757766724","0.9703999757766724"
"78794","0.9703999757766724","0.9703999757766724","0.9703999757766724"
"78805","0.9703999757766724","0.9703999757766724","0.9703999757766724"
"78816","0.9704999923706055","0.9704999923706055","0.9704999923706055"
"78827","0.9705999493598938","0.9705999493598938","0.9705999493598938"
"78838","0.9704999923706055","0.9704999923706055","0.9704999923706055"
"78849","0.9704999923706055","0.9704999923706055","0.9704999923706055"
"78860","0.9703999757766724","0.9703999757766724","0.9703999757766724"
"78871","0.9703999757766724","0.9703999757766724","0.9703999757766724"
"78882","0.9703999757766724","0.9703999757766724","0.9703999757766724"
"78893","0.9703999757766724","0.9703999757766724","0.9703999757766724"
"78904","0.9703999757766724","0.9703999757766724","0.9703999757766724"
"78915","0.9703999757766724","0.9703999757766724","0.9703999757766724"
"78926","0.9703999757766724","0.9703999757766724","0.9703999757766724"
"78937","0.9703999757766724","0.9703999757766724","0.9703999757766724"
"78948","0.9703999757766724","0.9703999757766724","0.9703999757766724"
"78959","0.9704999923706055","0.9704999923706055","0.9704999923706055"
"78970","0.9703999757766724","0.9703999757766724","0.9703999757766724"
"78981","0.9704999923706055","0.9704999923706055","0.9704999923706055"
"78992","0.9704999923706055","0.9704999923706055","0.9704999923706055"
"79003","0.9704999923706055","0.9704999923706055","0.9704999923706055"
"79014","0.9704999923706055","0.9704999923706055","0.9704999923706055"
"79025","0.9704999923706055","0.9704999923706055","0.9704999923706055"
"79036","0.9706999659538269","0.9706999659538269","0.9706999659538269"
"79047","0.9706999659538269","0.9706999659538269","0.9706999659538269"
"79058","0.9706999659538269","0.9706999659538269","0.9706999659538269"
"79069","0.9706999659538269","0.9706999659538269","0.9706999659538269"
"79080","0.9706999659538269","0.9706999659538269","0.9706999659538269"
"79091","0.9705999493598938","0.9705999493598938","0.9705999493598938"
"79102","0.9705999493598938","0.9705999493598938","0.9705999493598938"
"79113","0.9705999493598938","0.9705999493598938","0.9705999493598938"
"79124","0.9705999493598938","0.9705999493598938","0.9705999493598938"
"79135","0.9705999493598938","0.9705999493598938","0.9705999493598938"
"79146","0.9705999493598938","0.9705999493598938","0.9705999493598938"
"79157","0.9706999659538269","0.9706999659538269","0.9706999659538269"
"79168","0.9706999659538269","0.9706999659538269","0.9706999659538269"
"79179","0.97079998254776","0.97079998254776","0.97079998254776"
"79190","0.9706999659538269","0.9706999659538269","0.9706999659538269"
"79201","0.9706999659538269","0.9706999659538269","0.9706999659538269"
"79212","0.9706999659538269","0.9706999659538269","0.9706999659538269"
"79223","0.9706999659538269","0.9706999659538269","0.9706999659538269"
"79234","0.9706999659538269","0.9706999659538269","0.9706999659538269"
"79245","0.9706999659538269","0.9706999659538269","0.9706999659538269"
"79256","0.9706999659538269","0.9706999659538269","0.9706999659538269"
"79267","0.9706999659538269","0.9706999659538269","0.9706999659538269"
"79278","0.97079998254776","0.97079998254776","0.97079998254776"
"79289","0.97079998254776","0.97079998254776","0.97079998254776"
"79300","0.97079998254776","0.97079998254776","0.97079998254776"
"79311","0.9706999659538269","0.9706999659538269","0.9706999659538269"
"79322","0.97079998254776","0.97079998254776","0.97079998254776"
"79333","0.97079998254776","0.97079998254776","0.97079998254776"
"79344","0.97079998254776","0.97079998254776","0.97079998254776"
"79355","0.9708999991416931","0.9708999991416931","0.9708999991416931"
"79366","0.9708999991416931","0.9708999991416931","0.9708999991416931"
"79377","0.9708999991416931","0.9708999991416931","0.9708999991416931"
"79388","0.9708999991416931","0.9708999991416931","0.9708999991416931"
"79399","0.9708999991416931","0.9708999991416931","0.9708999991416931"
"79410","0.9708999991416931","0.9708999991416931","0.9708999991416931"
"79421","0.9708999991416931","0.9708999991416931","0.9708999991416931"
"79432","0.9709999561309814","0.9709999561309814","0.9709999561309814"
"79443","0.9710999727249146","0.9710999727249146","0.9710999727249146"
"79454","0.9710999727249146","0.9710999727249146","0.9710999727249146"
"79465","0.9710999727249146","0.9710999727249146","0.9710999727249146"
"79476","0.9711999893188477","0.9711999893188477","0.9711999893188477"
"79487","0.9711999893188477","0.9711999893188477","0.9711999893188477"
"79498","0.9711999893188477","0.9711999893188477","0.9711999893188477"
"79509","0.9711999893188477","0.9711999893188477","0.9711999893188477"
"79520","0.9711999893188477","0.9711999893188477","0.9711999893188477"
"79531","0.9710999727249146","0.9710999727249146","0.9710999727249146"
"79542","0.9710999727249146","0.9710999727249146","0.9710999727249146"
"79553","0.9710999727249146","0.9710999727249146","0.9710999727249146"
"79564","0.9710999727249146","0.9710999727249146","0.9710999727249146"
"79575","0.9710999727249146","0.9710999727249146","0.9710999727249146"
"79586","0.9710999727249146","0.9710999727249146","0.9710999727249146"
"79597","0.9710999727249146","0.9710999727249146","0.9710999727249146"
"79608","0.9710999727249146","0.9710999727249146","0.9710999727249146"
"79619","0.9710999727249146","0.9710999727249146","0.9710999727249146"
"79630","0.9710999727249146","0.9710999727249146","0.9710999727249146"
"79641","0.9709999561309814","0.9709999561309814","0.9709999561309814"
"79652","0.9709999561309814","0.9709999561309814","0.9709999561309814"
"79663","0.9710999727249146","0.9710999727249146","0.9710999727249146"
"79674","0.9711999893188477","0.9711999893188477","0.9711999893188477"
"79685","0.9711999893188477","0.9711999893188477","0.9711999893188477"
"79696","0.9711999893188477","0.9711999893188477","0.9711999893188477"
"79707","0.9711999893188477","0.9711999893188477","0.9711999893188477"
"79718","0.9711999893188477","0.9711999893188477","0.9711999893188477"
"79729","0.971299946308136","0.971299946308136","0.971299946308136"
"79740","0.971299946308136","0.971299946308136","0.971299946308136"
"79751","0.971299946308136","0.971299946308136","0.971299946308136"
"79762","0.971299946308136","0.971299946308136","0.971299946308136"
"79773","0.971299946308136","0.971299946308136","0.971299946308136"
"79784","0.971299946308136","0.971299946308136","0.971299946308136"
"79795","0.971299946308136","0.971299946308136","0.971299946308136"
"79806","0.971299946308136","0.971299946308136","0.971299946308136"
"79817","0.971299946308136","0.971299946308136","0.971299946308136"
"79828","0.971299946308136","0.971299946308136","0.971299946308136"
"79839","0.971299946308136","0.971299946308136","0.971299946308136"
"79850","0.971299946308136","0.971299946308136","0.971299946308136"
"79861","0.971299946308136","0.971299946308136","0.971299946308136"
"79872","0.971299946308136","0.971299946308136","0.971299946308136"
"79883","0.971299946308136","0.971299946308136","0.971299946308136"
"79894","0.9711999893188477","0.9711999893188477","0.9711999893188477"
"79905","0.971299946308136","0.971299946308136","0.971299946308136"
"79916","0.971299946308136","0.971299946308136","0.971299946308136"
"79927","0.971299946308136","0.971299946308136","0.971299946308136"
"79938","0.9713999629020691","0.9713999629020691","0.9713999629020691"
"79949","0.9713999629020691","0.9713999629020691","0.9713999629020691"
"79960","0.9713999629020691","0.9713999629020691","0.9713999629020691"
"79971","0.9713999629020691","0.9713999629020691","0.9713999629020691"
"79982","0.9713999629020691","0.9713999629020691","0.9713999629020691"
"79993","0.9713999629020691","0.9713999629020691","0.9713999629020691"
"80004","0.9713999629020691","0.9713999629020691","0.9713999629020691"
"80015","0.9713999629020691","0.9713999629020691","0.9713999629020691"
"80026","0.9713999629020691","0.9713999629020691","0.9713999629020691"
"80037","0.9713999629020691","0.9713999629020691","0.9713999629020691"
"80048","0.9713999629020691","0.9713999629020691","0.9713999629020691"
"80059","0.9713999629020691","0.9713999629020691","0.9713999629020691"
"80070","0.9713999629020691","0.9713999629020691","0.9713999629020691"
"80081","0.9713999629020691","0.9713999629020691","0.9713999629020691"
"80092","0.9713999629020691","0.9713999629020691","0.9713999629020691"
"80103","0.9713999629020691","0.9713999629020691","0.9713999629020691"
"80114","0.9713999629020691","0.9713999629020691","0.9713999629020691"
"80125","0.9713999629020691","0.9713999629020691","0.9713999629020691"
"80136","0.9713999629020691","0.9713999629020691","0.9713999629020691"
"80147","0.9713999629020691","0.9713999629020691","0.9713999629020691"
"80158","0.9713999629020691","0.9713999629020691","0.9713999629020691"
"80169","0.9713999629020691","0.9713999629020691","0.9713999629020691"
"80180","0.9713999629020691","0.9713999629020691","0.9713999629020691"
"80191","0.9713999629020691","0.9713999629020691","0.9713999629020691"
"80202","0.9713999629020691","0.9713999629020691","0.9713999629020691"
"80213","0.9713999629020691","0.9713999629020691","0.9713999629020691"
"80224","0.9713999629020691","0.9713999629020691","0.9713999629020691"
"80235","0.9713999629020691","0.9713999629020691","0.9713999629020691"
"80246","0.9713999629020691","0.9713999629020691","0.9713999629020691"
"80257","0.9713999629020691","0.9713999629020691","0.9713999629020691"
"80268","0.9713999629020691","0.9713999629020691","0.9713999629020691"
"80279","0.9713999629020691","0.9713999629020691","0.9713999629020691"
"80290","0.9713999629020691","0.9713999629020691","0.9713999629020691"
"80301","0.9713999629020691","0.9713999629020691","0.9713999629020691"
"80312","0.9713999629020691","0.9713999629020691","0.9713999629020691"
"80323","0.9713999629020691","0.9713999629020691","0.9713999629020691"
"80334","0.9714999794960022","0.9714999794960022","0.9714999794960022"
"80345","0.9714999794960022","0.9714999794960022","0.9714999794960022"
"80356","0.9714999794960022","0.9714999794960022","0.9714999794960022"
"80367","0.9714999794960022","0.9714999794960022","0.9714999794960022"
"80378","0.9714999794960022","0.9714999794960022","0.9714999794960022"
"80389","0.9714999794960022","0.9714999794960022","0.9714999794960022"
"80400","0.9714999794960022","0.9714999794960022","0.9714999794960022"
"80411","0.9714999794960022","0.9714999794960022","0.9714999794960022"
"80422","0.9714999794960022","0.9714999794960022","0.9714999794960022"
"80433","0.9714999794960022","0.9714999794960022","0.9714999794960022"
"80444","0.9714999794960022","0.9714999794960022","0.9714999794960022"
"80455","0.9714999794960022","0.9714999794960022","0.9714999794960022"
"80466","0.9714999794960022","0.9714999794960022","0.9714999794960022"
"80477","0.9714999794960022","0.9714999794960022","0.9714999794960022"
"80488","0.9714999794960022","0.9714999794960022","0.9714999794960022"
"80499","0.9714999794960022","0.9714999794960022","0.9714999794960022"
"80510","0.9714999794960022","0.9714999794960022","0.9714999794960022"
"80521","0.9714999794960022","0.9714999794960022","0.9714999794960022"
"80532","0.9714999794960022","0.9714999794960022","0.9714999794960022"
"80543","0.9714999794960022","0.9714999794960022","0.9714999794960022"
"80554","0.9714999794960022","0.9714999794960022","0.9714999794960022"
"80565","0.9714999794960022","0.9714999794960022","0.9714999794960022"
"80576","0.9714999794960022","0.9714999794960022","0.9714999794960022"
"80587","0.9715999960899353","0.9715999960899353","0.9715999960899353"
"80598","0.9715999960899353","0.9715999960899353","0.9715999960899353"
"80609","0.9715999960899353","0.9715999960899353","0.9715999960899353"
"80620","0.9715999960899353","0.9715999960899353","0.9715999960899353"
"80631","0.9715999960899353","0.9715999960899353","0.9715999960899353"
"80642","0.9715999960899353","0.9715999960899353","0.9715999960899353"
"80653","0.9715999960899353","0.9715999960899353","0.9715999960899353"
"80664","0.9715999960899353","0.9715999960899353","0.9715999960899353"
"80675","0.9715999960899353","0.9715999960899353","0.9715999960899353"
"80686","0.9715999960899353","0.9715999960899353","0.9715999960899353"
"80697","0.9715999960899353","0.9715999960899353","0.9715999960899353"
"80708","0.9715999960899353","0.9715999960899353","0.9715999960899353"
"80719","0.9715999960899353","0.9715999960899353","0.9715999960899353"
"80730","0.9716999530792236","0.9716999530792236","0.9716999530792236"
"80741","0.9716999530792236","0.9716999530792236","0.9716999530792236"
"80752","0.9716999530792236","0.9716999530792236","0.9716999530792236"
"80763","0.9718999862670898","0.9718999862670898","0.9718999862670898"
"80774","0.9718999862670898","0.9718999862670898","0.9718999862670898"
"80785","0.9717999696731567","0.9717999696731567","0.9717999696731567"
"80796","0.9717999696731567","0.9717999696731567","0.9717999696731567"
"80807","0.9717999696731567","0.9717999696731567","0.9717999696731567"
"80818","0.9717999696731567","0.9717999696731567","0.9717999696731567"
"80829","0.9717999696731567","0.9717999696731567","0.9717999696731567"
"80840","0.9717999696731567","0.9717999696731567","0.9717999696731567"
"80851","0.9717999696731567","0.9717999696731567","0.9717999696731567"
"80862","0.9718999862670898","0.9718999862670898","0.9718999862670898"
"80873","0.9717999696731567","0.9717999696731567","0.9717999696731567"
"80884","0.972000002861023","0.972000002861023","0.972000002861023"
"80895","0.972000002861023","0.972000002861023","0.972000002861023"
"80906","0.9718999862670898","0.9718999862670898","0.9718999862670898"
"80917","0.9718999862670898","0.9718999862670898","0.9718999862670898"
"80928","0.9718999862670898","0.9718999862670898","0.9718999862670898"
"80939","0.9718999862670898","0.9718999862670898","0.9718999862670898"
"80950","0.9718999862670898","0.9718999862670898","0.9718999862670898"
"80961","0.9718999862670898","0.9718999862670898","0.9718999862670898"
"80972","0.9718999862670898","0.9718999862670898","0.9718999862670898"
"80983","0.9718999862670898","0.9718999862670898","0.9718999862670898"
"80994","0.9718999862670898","0.9718999862670898","0.9718999862670898"
"81005","0.9718999862670898","0.9718999862670898","0.9718999862670898"
"81016","0.9718999862670898","0.9718999862670898","0.9718999862670898"
"81027","0.9718999862670898","0.9718999862670898","0.9718999862670898"
"81038","0.9718999862670898","0.9718999862670898","0.9718999862670898"
"81049","0.9718999862670898","0.9718999862670898","0.9718999862670898"
"81060","0.9718999862670898","0.9718999862670898","0.9718999862670898"
"81071","0.9718999862670898","0.9718999862670898","0.9718999862670898"
"81082","0.9718999862670898","0.9718999862670898","0.9718999862670898"
"81093","0.9718999862670898","0.9718999862670898","0.9718999862670898"
"81104","0.9718999862670898","0.9718999862670898","0.9718999862670898"
"81115","0.9718999862670898","0.9718999862670898","0.9718999862670898"
"81126","0.9718999862670898","0.9718999862670898","0.9718999862670898"
"81137","0.9718999862670898","0.9718999862670898","0.9718999862670898"
"81148","0.9718999862670898","0.9718999862670898","0.9718999862670898"
"81159","0.9718999862670898","0.9718999862670898","0.9718999862670898"
"81170","0.9718999862670898","0.9718999862670898","0.9718999862670898"
"81181","0.9718999862670898","0.9718999862670898","0.9718999862670898"
"81192","0.9718999862670898","0.9718999862670898","0.9718999862670898"
"81203","0.9718999862670898","0.9718999862670898","0.9718999862670898"
"81214","0.9718999862670898","0.9718999862670898","0.9718999862670898"
"81225","0.9718999862670898","0.9718999862670898","0.9718999862670898"
"81236","0.9718999862670898","0.9718999862670898","0.9718999862670898"
"81247","0.9718999862670898","0.9718999862670898","0.9718999862670898"
"81258","0.972000002861023","0.972000002861023","0.972000002861023"
"81269","0.972000002861023","0.972000002861023","0.972000002861023"
"81280","0.972000002861023","0.972000002861023","0.972000002861023"
"81291","0.9718999862670898","0.9718999862670898","0.9718999862670898"
"81302","0.9718999862670898","0.9718999862670898","0.9718999862670898"
"81313","0.9718999862670898","0.9718999862670898","0.9718999862670898"
"81324","0.9718999862670898","0.9718999862670898","0.9718999862670898"
"81335","0.9718999862670898","0.9718999862670898","0.9718999862670898"
"81346","0.9718999862670898","0.9718999862670898","0.9718999862670898"
"81357","0.9718999862670898","0.9718999862670898","0.9718999862670898"
"81368","0.972000002861023","0.972000002861023","0.972000002861023"
"81379","0.972000002861023","0.972000002861023","0.972000002861023"
"81390","0.9720999598503113","0.9720999598503113","0.9720999598503113"
"81401","0.9720999598503113","0.9720999598503113","0.9720999598503113"
"81412","0.972000002861023","0.972000002861023","0.972000002861023"
"81423","0.972000002861023","0.972000002861023","0.972000002861023"
"81434","0.972000002861023","0.972000002861023","0.972000002861023"
"81445","0.972000002861023","0.972000002861023","0.972000002861023"
"81456","0.9720999598503113","0.9720999598503113","0.9720999598503113"
"81467","0.9720999598503113","0.9720999598503113","0.9720999598503113"
"81478","0.9720999598503113","0.9720999598503113","0.9720999598503113"
"81489","0.9720999598503113","0.9720999598503113","0.9720999598503113"
"81500","0.9720999598503113","0.9720999598503113","0.9720999598503113"
"81511","0.9720999598503113","0.9720999598503113","0.9720999598503113"
"81522","0.9720999598503113","0.9720999598503113","0.9720999598503113"
"81533","0.9720999598503113","0.9720999598503113","0.9720999598503113"
"81544","0.9720999598503113","0.9720999598503113","0.9720999598503113"
"81555","0.9720999598503113","0.9720999598503113","0.9720999598503113"
"81566","0.9720999598503113","0.9720999598503113","0.9720999598503113"
"81577","0.9720999598503113","0.9720999598503113","0.9720999598503113"
"81588","0.9720999598503113","0.9720999598503113","0.9720999598503113"
"81599","0.9720999598503113","0.9720999598503113","0.9720999598503113"
"81610","0.9720999598503113","0.9720999598503113","0.9720999598503113"
"81621","0.9720999598503113","0.9720999598503113","0.9720999598503113"
"81632","0.9720999598503113","0.9720999598503113","0.9720999598503113"
"81643","0.9720999598503113","0.9720999598503113","0.9720999598503113"
"81654","0.9720999598503113","0.9720999598503113","0.9720999598503113"
"81665","0.972000002861023","0.972000002861023","0.972000002861023"
"81676","0.972000002861023","0.972000002861023","0.972000002861023"
"81687","0.9720999598503113","0.9720999598503113","0.9720999598503113"
"81698","0.9720999598503113","0.9720999598503113","0.9720999598503113"
"81709","0.972000002861023","0.972000002861023","0.972000002861023"
"81720","0.972000002861023","0.972000002861023","0.972000002861023"
"81731","0.972000002861023","0.972000002861023","0.972000002861023"
"81742","0.9720999598503113","0.9720999598503113","0.9720999598503113"
"81753","0.9720999598503113","0.9720999598503113","0.9720999598503113"
"81764","0.9720999598503113","0.9720999598503113","0.9720999598503113"
"81775","0.9721999764442444","0.9721999764442444","0.9721999764442444"
"81786","0.9721999764442444","0.9721999764442444","0.9721999764442444"
"81797","0.9721999764442444","0.9721999764442444","0.9721999764442444"
"81808","0.9722999930381775","0.9722999930381775","0.9722999930381775"
"81819","0.9722999930381775","0.9722999930381775","0.9722999930381775"
"81830","0.9722999930381775","0.9722999930381775","0.9722999930381775"
"81841","0.9722999930381775","0.9722999930381775","0.9722999930381775"
"81852","0.9723999500274658","0.9723999500274658","0.9723999500274658"
"81863","0.9723999500274658","0.9723999500274658","0.9723999500274658"
"81874","0.9723999500274658","0.9723999500274658","0.9723999500274658"
"81885","0.9722999930381775","0.9722999930381775","0.9722999930381775"
"81896","0.9722999930381775","0.9722999930381775","0.9722999930381775"
"81907","0.9722999930381775","0.9722999930381775","0.9722999930381775"
"81918","0.9722999930381775","0.9722999930381775","0.9722999930381775"
"81929","0.9722999930381775","0.9722999930381775","0.9722999930381775"
"81940","0.9722999930381775","0.9722999930381775","0.9722999930381775"
"81951","0.9722999930381775","0.9722999930381775","0.9722999930381775"
"81962","0.9722999930381775","0.9722999930381775","0.9722999930381775"
"81973","0.9722999930381775","0.9722999930381775","0.9722999930381775"
"81984","0.9721999764442444","0.9721999764442444","0.9721999764442444"
"81995","0.9721999764442444","0.9721999764442444","0.9721999764442444"
"82006","0.9721999764442444","0.9721999764442444","0.9721999764442444"
"82017","0.9721999764442444","0.9721999764442444","0.9721999764442444"
"82028","0.9721999764442444","0.9721999764442444","0.9721999764442444"
"82039","0.9721999764442444","0.9721999764442444","0.9721999764442444"
"82050","0.9721999764442444","0.9721999764442444","0.9721999764442444"
"82061","0.9722999930381775","0.9722999930381775","0.9722999930381775"
"82072","0.9722999930381775","0.9722999930381775","0.9722999930381775"
"82083","0.9722999930381775","0.9722999930381775","0.9722999930381775"
"82094","0.9722999930381775","0.9722999930381775","0.9722999930381775"
"82105","0.9721999764442444","0.9721999764442444","0.9721999764442444"
"82116","0.9722999930381775","0.9722999930381775","0.9722999930381775"
"82127","0.9722999930381775","0.9722999930381775","0.9722999930381775"
"82138","0.9722999930381775","0.9722999930381775","0.9722999930381775"
"82149","0.9722999930381775","0.9722999930381775","0.9722999930381775"
"82160","0.9722999930381775","0.9722999930381775","0.9722999930381775"
"82171","0.9722999930381775","0.9722999930381775","0.9722999930381775"
"82182","0.9722999930381775","0.9722999930381775","0.9722999930381775"
"82193","0.9722999930381775","0.9722999930381775","0.9722999930381775"
"82204","0.9722999930381775","0.9722999930381775","0.9722999930381775"
"82215","0.9722999930381775","0.9722999930381775","0.9722999930381775"
"82226","0.9722999930381775","0.9722999930381775","0.9722999930381775"
"82237","0.9723999500274658","0.9723999500274658","0.9723999500274658"
"82248","0.9723999500274658","0.9723999500274658","0.9723999500274658"
"82259","0.9723999500274658","0.9723999500274658","0.9723999500274658"
"82270","0.9724999666213989","0.9724999666213989","0.9724999666213989"
"82281","0.9724999666213989","0.9724999666213989","0.9724999666213989"
"82292","0.9724999666213989","0.9724999666213989","0.9724999666213989"
"82303","0.9724999666213989","0.9724999666213989","0.9724999666213989"
"82314","0.9723999500274658","0.9723999500274658","0.9723999500274658"
"82325","0.972599983215332","0.972599983215332","0.972599983215332"
"82336","0.972599983215332","0.972599983215332","0.972599983215332"
"82347","0.972599983215332","0.972599983215332","0.972599983215332"
"82358","0.9724999666213989","0.9724999666213989","0.9724999666213989"
"82369","0.9724999666213989","0.9724999666213989","0.9724999666213989"
"82380","0.9726999998092651","0.9726999998092651","0.9726999998092651"
"82391","0.972599983215332","0.972599983215332","0.972599983215332"
"82402","0.9726999998092651","0.9726999998092651","0.9726999998092651"
"82413","0.972599983215332","0.972599983215332","0.972599983215332"
"82424","0.9726999998092651","0.9726999998092651","0.9726999998092651"
"82435","0.9724999666213989","0.9724999666213989","0.9724999666213989"
"82446","0.972599983215332","0.972599983215332","0.972599983215332"
"82457","0.9724999666213989","0.9724999666213989","0.9724999666213989"
"82468","0.9724999666213989","0.9724999666213989","0.9724999666213989"
"82479","0.9724999666213989","0.9724999666213989","0.9724999666213989"
"82490","0.9724999666213989","0.9724999666213989","0.9724999666213989"
"82501","0.9724999666213989","0.9724999666213989","0.9724999666213989"
"82512","0.9724999666213989","0.9724999666213989","0.9724999666213989"
"82523","0.9724999666213989","0.9724999666213989","0.9724999666213989"
"82534","0.9724999666213989","0.9724999666213989","0.9724999666213989"
"82545","0.9724999666213989","0.9724999666213989","0.9724999666213989"
"82556","0.9724999666213989","0.9724999666213989","0.9724999666213989"
"82567","0.9724999666213989","0.9724999666213989","0.9724999666213989"
"82578","0.9724999666213989","0.9724999666213989","0.9724999666213989"
"82589","0.9724999666213989","0.9724999666213989","0.9724999666213989"
"82600","0.9724999666213989","0.9724999666213989","0.9724999666213989"
"82611","0.9724999666213989","0.9724999666213989","0.9724999666213989"
"82622","0.9724999666213989","0.9724999666213989","0.9724999666213989"
"82633","0.972599983215332","0.972599983215332","0.972599983215332"
"82644","0.972599983215332","0.972599983215332","0.972599983215332"
"82655","0.972599983215332","0.972599983215332","0.972599983215332"
"82666","0.972599983215332","0.972599983215332","0.972599983215332"
"82677","0.972599983215332","0.972599983215332","0.972599983215332"
"82688","0.972599983215332","0.972599983215332","0.972599983215332"
"82699","0.972599983215332","0.972599983215332","0.972599983215332"
"82710","0.9726999998092651","0.9726999998092651","0.9726999998092651"
"82721","0.9726999998092651","0.9726999998092651","0.9726999998092651"
"82732","0.9726999998092651","0.9726999998092651","0.9726999998092651"
"82743","0.9726999998092651","0.9726999998092651","0.9726999998092651"
"82754","0.9726999998092651","0.9726999998092651","0.9726999998092651"
"82765","0.9726999998092651","0.9726999998092651","0.9726999998092651"
"82776","0.9726999998092651","0.9726999998092651","0.9726999998092651"
"82787","0.9728999733924866","0.9728999733924866","0.9728999733924866"
"82798","0.9727999567985535","0.9727999567985535","0.9727999567985535"
"82809","0.9728999733924866","0.9728999733924866","0.9728999733924866"
"82820","0.9728999733924866","0.9728999733924866","0.9728999733924866"
"82831","0.9728999733924866","0.9728999733924866","0.9728999733924866"
"82842","0.9728999733924866","0.9728999733924866","0.9728999733924866"
"82853","0.9728999733924866","0.9728999733924866","0.9728999733924866"
"82864","0.9728999733924866","0.9728999733924866","0.9728999733924866"
"82875","0.9728999733924866","0.9728999733924866","0.9728999733924866"
"82886","0.9728999733924866","0.9728999733924866","0.9728999733924866"
"82897","0.9728999733924866","0.9728999733924866","0.9728999733924866"
"82908","0.9727999567985535","0.9727999567985535","0.9727999567985535"
"82919","0.9728999733924866","0.9728999733924866","0.9728999733924866"
"82930","0.9728999733924866","0.9728999733924866","0.9728999733924866"
"82941","0.9727999567985535","0.9727999567985535","0.9727999567985535"
"82952","0.9727999567985535","0.9727999567985535","0.9727999567985535"
"82963","0.9727999567985535","0.9727999567985535","0.9727999567985535"
"82974","0.9727999567985535","0.9727999567985535","0.9727999567985535"
"82985","0.9727999567985535","0.9727999567985535","0.9727999567985535"
"82996","0.9728999733924866","0.9728999733924866","0.9728999733924866"
"83007","0.9727999567985535","0.9727999567985535","0.9727999567985535"
"83018","0.9727999567985535","0.9727999567985535","0.9727999567985535"
"83029","0.9727999567985535","0.9727999567985535","0.9727999567985535"
"83040","0.9727999567985535","0.9727999567985535","0.9727999567985535"
"83051","0.9727999567985535","0.9727999567985535","0.9727999567985535"
"83062","0.9727999567985535","0.9727999567985535","0.9727999567985535"
"83073","0.9727999567985535","0.9727999567985535","0.9727999567985535"
"83084","0.9727999567985535","0.9727999567985535","0.9727999567985535"
"83095","0.9728999733924866","0.9728999733924866","0.9728999733924866"
"83106","0.9728999733924866","0.9728999733924866","0.9728999733924866"
"83117","0.9728999733924866","0.9728999733924866","0.9728999733924866"
"83128","0.9728999733924866","0.9728999733924866","0.9728999733924866"
"83139","0.9729999899864197","0.9729999899864197","0.9729999899864197"
"83150","0.9728999733924866","0.9728999733924866","0.9728999733924866"
"83161","0.9728999733924866","0.9728999733924866","0.9728999733924866"
"83172","0.9728999733924866","0.9728999733924866","0.9728999733924866"
"83183","0.973099946975708","0.973099946975708","0.973099946975708"
"83194","0.973099946975708","0.973099946975708","0.973099946975708"
"83205","0.973099946975708","0.973099946975708","0.973099946975708"
"83216","0.973099946975708","0.973099946975708","0.973099946975708"
"83227","0.973099946975708","0.973099946975708","0.973099946975708"
"83238","0.973099946975708","0.973099946975708","0.973099946975708"
"83249","0.973099946975708","0.973099946975708","0.973099946975708"
"83260","0.9729999899864197","0.9729999899864197","0.9729999899864197"
"83271","0.973099946975708","0.973099946975708","0.973099946975708"
"83282","0.973099946975708","0.973099946975708","0.973099946975708"
"83293","0.973099946975708","0.973099946975708","0.973099946975708"
"83304","0.973099946975708","0.973099946975708","0.973099946975708"
"83315","0.973099946975708","0.973099946975708","0.973099946975708"
"83326","0.973099946975708","0.973099946975708","0.973099946975708"
"83337","0.973099946975708","0.973099946975708","0.973099946975708"
"83348","0.973099946975708","0.973099946975708","0.973099946975708"
"83359","0.973099946975708","0.973099946975708","0.973099946975708"
"83370","0.973099946975708","0.973099946975708","0.973099946975708"
"83381","0.973099946975708","0.973099946975708","0.973099946975708"
"83392","0.973099946975708","0.973099946975708","0.973099946975708"
"83403","0.9729999899864197","0.9729999899864197","0.9729999899864197"
"83414","0.9729999899864197","0.9729999899864197","0.9729999899864197"
"83425","0.9729999899864197","0.9729999899864197","0.9729999899864197"
"83436","0.9729999899864197","0.9729999899864197","0.9729999899864197"
"83447","0.973099946975708","0.973099946975708","0.973099946975708"
"83458","0.9729999899864197","0.9729999899864197","0.9729999899864197"
"83469","0.9729999899864197","0.9729999899864197","0.9729999899864197"
"83480","0.9729999899864197","0.9729999899864197","0.9729999899864197"
"83491","0.9729999899864197","0.9729999899864197","0.9729999899864197"
"83502","0.9729999899864197","0.9729999899864197","0.9729999899864197"
"83513","0.973099946975708","0.973099946975708","0.973099946975708"
"83524","0.973099946975708","0.973099946975708","0.973099946975708"
"83535","0.973099946975708","0.973099946975708","0.973099946975708"
"83546","0.973099946975708","0.973099946975708","0.973099946975708"
"83557","0.973099946975708","0.973099946975708","0.973099946975708"
"83568","0.973099946975708","0.973099946975708","0.973099946975708"
"83579","0.973099946975708","0.973099946975708","0.973099946975708"
"83590","0.973099946975708","0.973099946975708","0.973099946975708"
"83601","0.973099946975708","0.973099946975708","0.973099946975708"
"83612","0.973099946975708","0.973099946975708","0.973099946975708"
"83623","0.9731999635696411","0.9731999635696411","0.9731999635696411"
"83634","0.9731999635696411","0.9731999635696411","0.9731999635696411"
"83645","0.9731999635696411","0.9731999635696411","0.9731999635696411"
"83656","0.9731999635696411","0.9731999635696411","0.9731999635696411"
"83667","0.9731999635696411","0.9731999635696411","0.9731999635696411"
"83678","0.973099946975708","0.973099946975708","0.973099946975708"
"83689","0.9731999635696411","0.9731999635696411","0.9731999635696411"
"83700","0.973099946975708","0.973099946975708","0.973099946975708"
"83711","0.973099946975708","0.973099946975708","0.973099946975708"
"83722","0.973099946975708","0.973099946975708","0.973099946975708"
"83733","0.973099946975708","0.973099946975708","0.973099946975708"
"83744","0.973099946975708","0.973099946975708","0.973099946975708"
"83755","0.973099946975708","0.973099946975708","0.973099946975708"
"83766","0.973099946975708","0.973099946975708","0.973099946975708"
"83777","0.973099946975708","0.973099946975708","0.973099946975708"
"83788","0.973099946975708","0.973099946975708","0.973099946975708"
"83799","0.9731999635696411","0.9731999635696411","0.9731999635696411"
"83810","0.9731999635696411","0.9731999635696411","0.9731999635696411"
"83821","0.973099946975708","0.973099946975708","0.973099946975708"
"83832","0.973099946975708","0.973099946975708","0.973099946975708"
"83843","0.973099946975708","0.973099946975708","0.973099946975708"
"83854","0.973099946975708","0.973099946975708","0.973099946975708"
"83865","0.973099946975708","0.973099946975708","0.973099946975708"
"83876","0.973099946975708","0.973099946975708","0.973099946975708"
"83887","0.973099946975708","0.973099946975708","0.973099946975708"
"83898","0.973099946975708","0.973099946975708","0.973099946975708"
"83909","0.973099946975708","0.973099946975708","0.973099946975708"
"83920","0.973099946975708","0.973099946975708","0.973099946975708"
"83931","0.973099946975708","0.973099946975708","0.973099946975708"
"83942","0.973099946975708","0.973099946975708","0.973099946975708"
"83953","0.973099946975708","0.973099946975708","0.973099946975708"
"83964","0.973099946975708","0.973099946975708","0.973099946975708"
"83975","0.973099946975708","0.973099946975708","0.973099946975708"
"83986","0.973099946975708","0.973099946975708","0.973099946975708"
"83997","0.973099946975708","0.973099946975708","0.973099946975708"
"84008","0.9731999635696411","0.9731999635696411","0.9731999635696411"
"84019","0.973099946975708","0.973099946975708","0.973099946975708"
"84030","0.9731999635696411","0.9731999635696411","0.9731999635696411"
"84041","0.9731999635696411","0.9731999635696411","0.9731999635696411"
"84052","0.9731999635696411","0.9731999635696411","0.9731999635696411"
"84063","0.9732999801635742","0.9732999801635742","0.9732999801635742"
"84074","0.9731999635696411","0.9731999635696411","0.9731999635696411"
"84085","0.9732999801635742","0.9732999801635742","0.9732999801635742"
"84096","0.9732999801635742","0.9732999801635742","0.9732999801635742"
"84107","0.9732999801635742","0.9732999801635742","0.9732999801635742"
"84118","0.9732999801635742","0.9732999801635742","0.9732999801635742"
"84129","0.9732999801635742","0.9732999801635742","0.9732999801635742"
"84140","0.9732999801635742","0.9732999801635742","0.9732999801635742"
"84151","0.9732999801635742","0.9732999801635742","0.9732999801635742"
"84162","0.9732999801635742","0.9732999801635742","0.9732999801635742"
"84173","0.9732999801635742","0.9732999801635742","0.9732999801635742"
"84184","0.9732999801635742","0.9732999801635742","0.9732999801635742"
"84195","0.9732999801635742","0.9732999801635742","0.9732999801635742"
"84206","0.9732999801635742","0.9732999801635742","0.9732999801635742"
"84217","0.9732999801635742","0.9732999801635742","0.9732999801635742"
"84228","0.9732999801635742","0.9732999801635742","0.9732999801635742"
"84239","0.9732999801635742","0.9732999801635742","0.9732999801635742"
"84250","0.9733999967575073","0.9733999967575073","0.9733999967575073"
"84261","0.9733999967575073","0.9733999967575073","0.9733999967575073"
"84272","0.9733999967575073","0.9733999967575073","0.9733999967575073"
"84283","0.9733999967575073","0.9733999967575073","0.9733999967575073"
"84294","0.9733999967575073","0.9733999967575073","0.9733999967575073"
"84305","0.9733999967575073","0.9733999967575073","0.9733999967575073"
"84316","0.9733999967575073","0.9733999967575073","0.9733999967575073"
"84327","0.9733999967575073","0.9733999967575073","0.9733999967575073"
"84338","0.9733999967575073","0.9733999967575073","0.9733999967575073"
"84349","0.9733999967575073","0.9733999967575073","0.9733999967575073"
"84360","0.9733999967575073","0.9733999967575073","0.9733999967575073"
"84371","0.9733999967575073","0.9733999967575073","0.9733999967575073"
"84382","0.9733999967575073","0.9733999967575073","0.9733999967575073"
"84393","0.9733999967575073","0.9733999967575073","0.9733999967575073"
"84404","0.9733999967575073","0.9733999967575073","0.9733999967575073"
"84415","0.9733999967575073","0.9733999967575073","0.9733999967575073"
"84426","0.9733999967575073","0.9733999967575073","0.9733999967575073"
"84437","0.9733999967575073","0.9733999967575073","0.9733999967575073"
"84448","0.9734999537467957","0.9734999537467957","0.9734999537467957"
"84459","0.9734999537467957","0.9734999537467957","0.9734999537467957"
"84470","0.9734999537467957","0.9734999537467957","0.9734999537467957"
"84481","0.9734999537467957","0.9734999537467957","0.9734999537467957"
"84492","0.9734999537467957","0.9734999537467957","0.9734999537467957"
"84503","0.9734999537467957","0.9734999537467957","0.9734999537467957"
"84514","0.9734999537467957","0.9734999537467957","0.9734999537467957"
"84525","0.9734999537467957","0.9734999537467957","0.9734999537467957"
"84536","0.9734999537467957","0.9734999537467957","0.9734999537467957"
"84547","0.9734999537467957","0.9734999537467957","0.9734999537467957"
"84558","0.9734999537467957","0.9734999537467957","0.9734999537467957"
"84569","0.9734999537467957","0.9734999537467957","0.9734999537467957"
"84580","0.9734999537467957","0.9734999537467957","0.9734999537467957"
"84591","0.9734999537467957","0.9734999537467957","0.9734999537467957"
"84602","0.9734999537467957","0.9734999537467957","0.9734999537467957"
"84613","0.9734999537467957","0.9734999537467957","0.9734999537467957"
"84624","0.9734999537467957","0.9734999537467957","0.9734999537467957"
"84635","0.9734999537467957","0.9734999537467957","0.9734999537467957"
"84646","0.9734999537467957","0.9734999537467957","0.9734999537467957"
"84657","0.9734999537467957","0.9734999537467957","0.9734999537467957"
"84668","0.9734999537467957","0.9734999537467957","0.9734999537467957"
"84679","0.9734999537467957","0.9734999537467957","0.9734999537467957"
"84690","0.9734999537467957","0.9734999537467957","0.9734999537467957"
"84701","0.9734999537467957","0.9734999537467957","0.9734999537467957"
"84712","0.9734999537467957","0.9734999537467957","0.9734999537467957"
"84723","0.9734999537467957","0.9734999537467957","0.9734999537467957"
"84734","0.9734999537467957","0.9734999537467957","0.9734999537467957"
"84745","0.9734999537467957","0.9734999537467957","0.9734999537467957"
"84756","0.9734999537467957","0.9734999537467957","0.9734999537467957"
"84767","0.9734999537467957","0.9734999537467957","0.9734999537467957"
"84778","0.9734999537467957","0.9734999537467957","0.9734999537467957"
"84789","0.9734999537467957","0.9734999537467957","0.9734999537467957"
"84800","0.9734999537467957","0.9734999537467957","0.9734999537467957"
"84811","0.9734999537467957","0.9734999537467957","0.9734999537467957"
"84822","0.9734999537467957","0.9734999537467957","0.9734999537467957"
"84833","0.9734999537467957","0.9734999537467957","0.9734999537467957"
"84844","0.9734999537467957","0.9734999537467957","0.9734999537467957"
"84855","0.9734999537467957","0.9734999537467957","0.9734999537467957"
"84866","0.9734999537467957","0.9734999537467957","0.9734999537467957"
"84877","0.9734999537467957","0.9734999537467957","0.9734999537467957"
"84888","0.9734999537467957","0.9734999537467957","0.9734999537467957"
"84899","0.9734999537467957","0.9734999537467957","0.9734999537467957"
"84910","0.9734999537467957","0.9734999537467957","0.9734999537467957"
"84921","0.9735999703407288","0.9735999703407288","0.9735999703407288"
"84932","0.9734999537467957","0.9734999537467957","0.9734999537467957"
"84943","0.9735999703407288","0.9735999703407288","0.9735999703407288"
"84954","0.9734999537467957","0.9734999537467957","0.9734999537467957"
"84965","0.9735999703407288","0.9735999703407288","0.9735999703407288"
"84976","0.9734999537467957","0.9734999537467957","0.9734999537467957"
"84987","0.9733999967575073","0.9733999967575073","0.9733999967575073"
"84998","0.9734999537467957","0.9734999537467957","0.9734999537467957"
"85009","0.9733999967575073","0.9733999967575073","0.9733999967575073"
"85020","0.9734999537467957","0.9734999537467957","0.9734999537467957"
"85031","0.9733999967575073","0.9733999967575073","0.9733999967575073"
"85042","0.9734999537467957","0.9734999537467957","0.9734999537467957"
"85053","0.9734999537467957","0.9734999537467957","0.9734999537467957"
"85064","0.9735999703407288","0.9735999703407288","0.9735999703407288"
"85075","0.9734999537467957","0.9734999537467957","0.9734999537467957"
"85086","0.9734999537467957","0.9734999537467957","0.9734999537467957"
"85097","0.9735999703407288","0.9735999703407288","0.9735999703407288"
"85108","0.9735999703407288","0.9735999703407288","0.9735999703407288"
"85119","0.9735999703407288","0.9735999703407288","0.9735999703407288"
"85130","0.9734999537467957","0.9734999537467957","0.9734999537467957"
"85141","0.9734999537467957","0.9734999537467957","0.9734999537467957"
"85152","0.9735999703407288","0.9735999703407288","0.9735999703407288"
"85163","0.9734999537467957","0.9734999537467957","0.9734999537467957"
"85174","0.9734999537467957","0.9734999537467957","0.9734999537467957"
"85185","0.9734999537467957","0.9734999537467957","0.9734999537467957"
"85196","0.9734999537467957","0.9734999537467957","0.9734999537467957"
"85207","0.9734999537467957","0.9734999537467957","0.9734999537467957"
"85218","0.9734999537467957","0.9734999537467957","0.9734999537467957"
"85229","0.9734999537467957","0.9734999537467957","0.9734999537467957"
"85240","0.9735999703407288","0.9735999703407288","0.9735999703407288"
"85251","0.9735999703407288","0.9735999703407288","0.9735999703407288"
"85262","0.9734999537467957","0.9734999537467957","0.9734999537467957"
"85273","0.9735999703407288","0.9735999703407288","0.9735999703407288"
"85284","0.9735999703407288","0.9735999703407288","0.9735999703407288"
"85295","0.9734999537467957","0.9734999537467957","0.9734999537467957"
"85306","0.9735999703407288","0.9735999703407288","0.9735999703407288"
"85317","0.9734999537467957","0.9734999537467957","0.9734999537467957"
"85328","0.9735999703407288","0.9735999703407288","0.9735999703407288"
"85339","0.9736999869346619","0.9736999869346619","0.9736999869346619"
"85350","0.9736999869346619","0.9736999869346619","0.9736999869346619"
"85361","0.973800003528595","0.973800003528595","0.973800003528595"
"85372","0.973800003528595","0.973800003528595","0.973800003528595"
"85383","0.9736999869346619","0.9736999869346619","0.9736999869346619"
"85394","0.9736999869346619","0.9736999869346619","0.9736999869346619"
"85405","0.9736999869346619","0.9736999869346619","0.9736999869346619"
"85416","0.973800003528595","0.973800003528595","0.973800003528595"
"85427","0.973800003528595","0.973800003528595","0.973800003528595"
"85438","0.973800003528595","0.973800003528595","0.973800003528595"
"85449","0.973800003528595","0.973800003528595","0.973800003528595"
"85460","0.973800003528595","0.973800003528595","0.973800003528595"
"85471","0.973800003528595","0.973800003528595","0.973800003528595"
"85482","0.973800003528595","0.973800003528595","0.973800003528595"
"85493","0.973800003528595","0.973800003528595","0.973800003528595"
"85504","0.973800003528595","0.973800003528595","0.973800003528595"
"85515","0.973800003528595","0.973800003528595","0.973800003528595"
"85526","0.973800003528595","0.973800003528595","0.973800003528595"
"85537","0.973800003528595","0.973800003528595","0.973800003528595"
"85548","0.973800003528595","0.973800003528595","0.973800003528595"
"85559","0.973800003528595","0.973800003528595","0.973800003528595"
"85570","0.973800003528595","0.973800003528595","0.973800003528595"
"85581","0.973800003528595","0.973800003528595","0.973800003528595"
"85592","0.973800003528595","0.973800003528595","0.973800003528595"
"85603","0.973800003528595","0.973800003528595","0.973800003528595"
"85614","0.973800003528595","0.973800003528595","0.973800003528595"
"85625","0.973800003528595","0.973800003528595","0.973800003528595"
"85636","0.973800003528595","0.973800003528595","0.973800003528595"
"85647","0.9738999605178833","0.9738999605178833","0.9738999605178833"
"85658","0.9738999605178833","0.9738999605178833","0.9738999605178833"
"85669","0.973800003528595","0.973800003528595","0.973800003528595"
"85680","0.973800003528595","0.973800003528595","0.973800003528595"
"85691","0.9738999605178833","0.9738999605178833","0.9738999605178833"
"85702","0.9738999605178833","0.9738999605178833","0.9738999605178833"
"85713","0.9738999605178833","0.9738999605178833","0.9738999605178833"
"85724","0.9738999605178833","0.9738999605178833","0.9738999605178833"
"85735","0.9738999605178833","0.9738999605178833","0.9738999605178833"
"85746","0.9738999605178833","0.9738999605178833","0.9738999605178833"
"85757","0.9738999605178833","0.9738999605178833","0.9738999605178833"
"85768","0.9738999605178833","0.9738999605178833","0.9738999605178833"
"85779","0.9738999605178833","0.9738999605178833","0.9738999605178833"
"85790","0.9739999771118164","0.9739999771118164","0.9739999771118164"
"85801","0.9739999771118164","0.9739999771118164","0.9739999771118164"
"85812","0.9739999771118164","0.9739999771118164","0.9739999771118164"
"85823","0.9739999771118164","0.9739999771118164","0.9739999771118164"
"85834","0.9740999937057495","0.9740999937057495","0.9740999937057495"
"85845","0.9739999771118164","0.9739999771118164","0.9739999771118164"
"85856","0.9739999771118164","0.9739999771118164","0.9739999771118164"
"85867","0.9739999771118164","0.9739999771118164","0.9739999771118164"
"85878","0.9739999771118164","0.9739999771118164","0.9739999771118164"
"85889","0.9739999771118164","0.9739999771118164","0.9739999771118164"
"85900","0.9739999771118164","0.9739999771118164","0.9739999771118164"
"85911","0.9739999771118164","0.9739999771118164","0.9739999771118164"
"85922","0.9739999771118164","0.9739999771118164","0.9739999771118164"
"85933","0.9739999771118164","0.9739999771118164","0.9739999771118164"
"85944","0.9739999771118164","0.9739999771118164","0.9739999771118164"
"85955","0.9739999771118164","0.9739999771118164","0.9739999771118164"
"85966","0.9739999771118164","0.9739999771118164","0.9739999771118164"
"85977","0.9739999771118164","0.9739999771118164","0.9739999771118164"
"85988","0.9739999771118164","0.9739999771118164","0.9739999771118164"
"85999","0.9739999771118164","0.9739999771118164","0.9739999771118164"
"86010","0.9739999771118164","0.9739999771118164","0.9739999771118164"
"86021","0.9740999937057495","0.9740999937057495","0.9740999937057495"
"86032","0.9740999937057495","0.9740999937057495","0.9740999937057495"
"86043","0.9740999937057495","0.9740999937057495","0.9740999937057495"
"86054","0.9741999506950378","0.9741999506950378","0.9741999506950378"
"86065","0.9741999506950378","0.9741999506950378","0.9741999506950378"
"86076","0.9741999506950378","0.9741999506950378","0.9741999506950378"
"86087","0.9741999506950378","0.9741999506950378","0.9741999506950378"
"86098","0.9741999506950378","0.9741999506950378","0.9741999506950378"
"86109","0.9740999937057495","0.9740999937057495","0.9740999937057495"
"86120","0.9740999937057495","0.9740999937057495","0.9740999937057495"
"86131","0.9740999937057495","0.9740999937057495","0.9740999937057495"
"86142","0.9740999937057495","0.9740999937057495","0.9740999937057495"
"86153","0.9741999506950378","0.9741999506950378","0.9741999506950378"
"86164","0.9740999937057495","0.9740999937057495","0.9740999937057495"
"86175","0.9741999506950378","0.9741999506950378","0.9741999506950378"
"86186","0.9741999506950378","0.9741999506950378","0.9741999506950378"
"86197","0.9741999506950378","0.9741999506950378","0.9741999506950378"
"86208","0.9741999506950378","0.9741999506950378","0.9741999506950378"
"86219","0.9740999937057495","0.9740999937057495","0.9740999937057495"
"86230","0.9740999937057495","0.9740999937057495","0.9740999937057495"
"86241","0.9741999506950378","0.9741999506950378","0.9741999506950378"
"86252","0.9741999506950378","0.9741999506950378","0.9741999506950378"
"86263","0.9741999506950378","0.9741999506950378","0.9741999506950378"
"86274","0.974299967288971","0.974299967288971","0.974299967288971"
"86285","0.974299967288971","0.974299967288971","0.974299967288971"
"86296","0.974399983882904","0.974399983882904","0.974399983882904"
"86307","0.974399983882904","0.974399983882904","0.974399983882904"
"86318","0.974399983882904","0.974399983882904","0.974399983882904"
"86329","0.974399983882904","0.974399983882904","0.974399983882904"
"86340","0.974399983882904","0.974399983882904","0.974399983882904"
"86351","0.974399983882904","0.974399983882904","0.974399983882904"
"86362","0.974399983882904","0.974399983882904","0.974399983882904"
"86373","0.974399983882904","0.974399983882904","0.974399983882904"
"86384","0.974399983882904","0.974399983882904","0.974399983882904"
"86395","0.974399983882904","0.974399983882904","0.974399983882904"
"86406","0.974399983882904","0.974399983882904","0.974399983882904"
"86417","0.974299967288971","0.974299967288971","0.974299967288971"
"86428","0.974399983882904","0.974399983882904","0.974399983882904"
"86439","0.974399983882904","0.974399983882904","0.974399983882904"
"86450","0.974399983882904","0.974399983882904","0.974399983882904"
"86461","0.974399983882904","0.974399983882904","0.974399983882904"
"86472","0.974399983882904","0.974399983882904","0.974399983882904"
"86483","0.974399983882904","0.974399983882904","0.974399983882904"
"86494","0.974399983882904","0.974399983882904","0.974399983882904"
"86505","0.9745000004768372","0.9745000004768372","0.9745000004768372"
"86516","0.9745999574661255","0.9745999574661255","0.9745999574661255"
"86527","0.9745999574661255","0.9745999574661255","0.9745999574661255"
"86538","0.9745000004768372","0.9745000004768372","0.9745000004768372"
"86549","0.9745999574661255","0.9745999574661255","0.9745999574661255"
"86560","0.9745000004768372","0.9745000004768372","0.9745000004768372"
"86571","0.9745999574661255","0.9745999574661255","0.9745999574661255"
"86582","0.9745999574661255","0.9745999574661255","0.9745999574661255"
"86593","0.9745999574661255","0.9745999574661255","0.9745999574661255"
"86604","0.9745000004768372","0.9745000004768372","0.9745000004768372"
"86615","0.9745999574661255","0.9745999574661255","0.9745999574661255"
"86626","0.9745000004768372","0.9745000004768372","0.9745000004768372"
"86637","0.9745999574661255","0.9745999574661255","0.9745999574661255"
"86648","0.9745999574661255","0.9745999574661255","0.9745999574661255"
"86659","0.9745999574661255","0.9745999574661255","0.9745999574661255"
"86670","0.9745999574661255","0.9745999574661255","0.9745999574661255"
"86681","0.9745999574661255","0.9745999574661255","0.9745999574661255"
"86692","0.9745999574661255","0.9745999574661255","0.9745999574661255"
"86703","0.9745999574661255","0.9745999574661255","0.9745999574661255"
"86714","0.9745999574661255","0.9745999574661255","0.9745999574661255"
"86725","0.9745999574661255","0.9745999574661255","0.9745999574661255"
"86736","0.9745999574661255","0.9745999574661255","0.9745999574661255"
"86747","0.9745999574661255","0.9745999574661255","0.9745999574661255"
"86758","0.9746999740600586","0.9746999740600586","0.9746999740600586"
"86769","0.9745999574661255","0.9745999574661255","0.9745999574661255"
"86780","0.9746999740600586","0.9746999740600586","0.9746999740600586"
"86791","0.9746999740600586","0.9746999740600586","0.9746999740600586"
"86802","0.9747999906539917","0.9747999906539917","0.9747999906539917"
"86813","0.9746999740600586","0.9746999740600586","0.9746999740600586"
"86824","0.9747999906539917","0.9747999906539917","0.9747999906539917"
"86835","0.9746999740600586","0.9746999740600586","0.9746999740600586"
"86846","0.9746999740600586","0.9746999740600586","0.9746999740600586"
"86857","0.9746999740600586","0.9746999740600586","0.9746999740600586"
"86868","0.9746999740600586","0.9746999740600586","0.9746999740600586"
"86879","0.9746999740600586","0.9746999740600586","0.9746999740600586"
"86890","0.9746999740600586","0.9746999740600586","0.9746999740600586"
"86901","0.9747999906539917","0.9747999906539917","0.9747999906539917"
"86912","0.9747999906539917","0.9747999906539917","0.9747999906539917"
"86923","0.9746999740600586","0.9746999740600586","0.9746999740600586"
"86934","0.9747999906539917","0.9747999906539917","0.9747999906539917"
"86945","0.9747999906539917","0.9747999906539917","0.9747999906539917"
"86956","0.9747999906539917","0.9747999906539917","0.9747999906539917"
"86967","0.9747999906539917","0.9747999906539917","0.9747999906539917"
"86978","0.9746999740600586","0.9746999740600586","0.9746999740600586"
"86989","0.9747999906539917","0.9747999906539917","0.9747999906539917"
"87000","0.9746999740600586","0.9746999740600586","0.9746999740600586"
"87011","0.97489994764328","0.97489994764328","0.97489994764328"
"87022","0.9746999740600586","0.9746999740600586","0.9746999740600586"
"87033","0.9746999740600586","0.9746999740600586","0.9746999740600586"
"87044","0.9746999740600586","0.9746999740600586","0.9746999740600586"
"87055","0.9746999740600586","0.9746999740600586","0.9746999740600586"
"87066","0.9746999740600586","0.9746999740600586","0.9746999740600586"
"87077","0.9746999740600586","0.9746999740600586","0.9746999740600586"
"87088","0.9746999740600586","0.9746999740600586","0.9746999740600586"
"87099","0.9746999740600586","0.9746999740600586","0.9746999740600586"
"87110","0.9746999740600586","0.9746999740600586","0.9746999740600586"
"87121","0.9746999740600586","0.9746999740600586","0.9746999740600586"
"87132","0.9749999642372131","0.9749999642372131","0.9749999642372131"
"87143","0.97489994764328","0.97489994764328","0.97489994764328"
"87154","0.97489994764328","0.97489994764328","0.97489994764328"
"87165","0.97489994764328","0.97489994764328","0.97489994764328"
"87176","0.97489994764328","0.97489994764328","0.97489994764328"
"87187","0.97489994764328","0.97489994764328","0.97489994764328"
"87198","0.97489994764328","0.97489994764328","0.97489994764328"
"87209","0.9749999642372131","0.9749999642372131","0.9749999642372131"
"87220","0.9749999642372131","0.9749999642372131","0.9749999642372131"
"87231","0.9749999642372131","0.9749999642372131","0.9749999642372131"
"87242","0.9749999642372131","0.9749999642372131","0.9749999642372131"
"87253","0.9749999642372131","0.9749999642372131","0.9749999642372131"
"87264","0.9749999642372131","0.9749999642372131","0.9749999642372131"
"87275","0.9750999808311462","0.9750999808311462","0.9750999808311462"
"87286","0.9750999808311462","0.9750999808311462","0.9750999808311462"
"87297","0.9749999642372131","0.9749999642372131","0.9749999642372131"
"87308","0.9750999808311462","0.9750999808311462","0.9750999808311462"
"87319","0.9749999642372131","0.9749999642372131","0.9749999642372131"
"87330","0.9749999642372131","0.9749999642372131","0.9749999642372131"
"87341","0.9749999642372131","0.9749999642372131","0.9749999642372131"
"87352","0.9749999642372131","0.9749999642372131","0.9749999642372131"
"87363","0.9749999642372131","0.9749999642372131","0.9749999642372131"
"87374","0.9749999642372131","0.9749999642372131","0.9749999642372131"
"87385","0.9749999642372131","0.9749999642372131","0.9749999642372131"
"87396","0.9749999642372131","0.9749999642372131","0.9749999642372131"
"87407","0.9750999808311462","0.9750999808311462","0.9750999808311462"
"87418","0.9750999808311462","0.9750999808311462","0.9750999808311462"
"87429","0.9749999642372131","0.9749999642372131","0.9749999642372131"
"87440","0.9751999974250793","0.9751999974250793","0.9751999974250793"
"87451","0.9750999808311462","0.9750999808311462","0.9750999808311462"
"87462","0.9750999808311462","0.9750999808311462","0.9750999808311462"
"87473","0.9750999808311462","0.9750999808311462","0.9750999808311462"
"87484","0.9750999808311462","0.9750999808311462","0.9750999808311462"
"87495","0.9750999808311462","0.9750999808311462","0.9750999808311462"
"87506","0.9750999808311462","0.9750999808311462","0.9750999808311462"
"87517","0.9750999808311462","0.9750999808311462","0.9750999808311462"
"87528","0.9750999808311462","0.9750999808311462","0.9750999808311462"
"87539","0.9750999808311462","0.9750999808311462","0.9750999808311462"
"87550","0.9750999808311462","0.9750999808311462","0.9750999808311462"
"87561","0.9750999808311462","0.9750999808311462","0.9750999808311462"
"87572","0.9750999808311462","0.9750999808311462","0.9750999808311462"
"87583","0.9750999808311462","0.9750999808311462","0.9750999808311462"
"87594","0.9751999974250793","0.9751999974250793","0.9751999974250793"
"87605","0.9751999974250793","0.9751999974250793","0.9751999974250793"
"87616","0.9751999974250793","0.9751999974250793","0.9751999974250793"
"87627","0.9750999808311462","0.9750999808311462","0.9750999808311462"
"87638","0.9750999808311462","0.9750999808311462","0.9750999808311462"
"87649","0.9750999808311462","0.9750999808311462","0.9750999808311462"
"87660","0.9750999808311462","0.9750999808311462","0.9750999808311462"
"87671","0.9750999808311462","0.9750999808311462","0.9750999808311462"
"87682","0.9750999808311462","0.9750999808311462","0.9750999808311462"
"87693","0.9750999808311462","0.9750999808311462","0.9750999808311462"
"87704","0.9750999808311462","0.9750999808311462","0.9750999808311462"
"87715","0.9751999974250793","0.9751999974250793","0.9751999974250793"
"87726","0.9750999808311462","0.9750999808311462","0.9750999808311462"
"87737","0.9750999808311462","0.9750999808311462","0.9750999808311462"
"87748","0.9750999808311462","0.9750999808311462","0.9750999808311462"
"87759","0.9750999808311462","0.9750999808311462","0.9750999808311462"
"87770","0.9750999808311462","0.9750999808311462","0.9750999808311462"
"87781","0.9750999808311462","0.9750999808311462","0.9750999808311462"
"87792","0.9750999808311462","0.9750999808311462","0.9750999808311462"
"87803","0.9749999642372131","0.9749999642372131","0.9749999642372131"
"87814","0.9750999808311462","0.9750999808311462","0.9750999808311462"
"87825","0.9750999808311462","0.9750999808311462","0.9750999808311462"
"87836","0.9750999808311462","0.9750999808311462","0.9750999808311462"
"87847","0.9750999808311462","0.9750999808311462","0.9750999808311462"
"87858","0.9750999808311462","0.9750999808311462","0.9750999808311462"
"87869","0.9750999808311462","0.9750999808311462","0.9750999808311462"
"87880","0.9750999808311462","0.9750999808311462","0.9750999808311462"
"87891","0.9750999808311462","0.9750999808311462","0.9750999808311462"
"87902","0.9749999642372131","0.9749999642372131","0.9749999642372131"
"87913","0.9749999642372131","0.9749999642372131","0.9749999642372131"
"87924","0.9749999642372131","0.9749999642372131","0.9749999642372131"
"87935","0.9749999642372131","0.9749999642372131","0.9749999642372131"
"87946","0.9752999544143677","0.9752999544143677","0.9752999544143677"
"87957","0.9750999808311462","0.9750999808311462","0.9750999808311462"
"87968","0.9751999974250793","0.9751999974250793","0.9751999974250793"
"87979","0.9750999808311462","0.9750999808311462","0.9750999808311462"
"87990","0.9750999808311462","0.9750999808311462","0.9750999808311462"
"88001","0.9750999808311462","0.9750999808311462","0.9750999808311462"
"88012","0.9750999808311462","0.9750999808311462","0.9750999808311462"
"88023","0.9750999808311462","0.9750999808311462","0.9750999808311462"
"88034","0.9751999974250793","0.9751999974250793","0.9751999974250793"
"88045","0.9751999974250793","0.9751999974250793","0.9751999974250793"
"88056","0.9751999974250793","0.9751999974250793","0.9751999974250793"
"88067","0.9751999974250793","0.9751999974250793","0.9751999974250793"
"88078","0.9751999974250793","0.9751999974250793","0.9751999974250793"
"88089","0.9751999974250793","0.9751999974250793","0.9751999974250793"
"88100","0.9751999974250793","0.9751999974250793","0.9751999974250793"
"88111","0.9750999808311462","0.9750999808311462","0.9750999808311462"
"88122","0.9750999808311462","0.9750999808311462","0.9750999808311462"
"88133","0.9751999974250793","0.9751999974250793","0.9751999974250793"
"88144","0.9750999808311462","0.9750999808311462","0.9750999808311462"
"88155","0.9750999808311462","0.9750999808311462","0.9750999808311462"
"88166","0.9750999808311462","0.9750999808311462","0.9750999808311462"
"88177","0.9750999808311462","0.9750999808311462","0.9750999808311462"
"88188","0.9750999808311462","0.9750999808311462","0.9750999808311462"
"88199","0.9750999808311462","0.9750999808311462","0.9750999808311462"
"88210","0.9750999808311462","0.9750999808311462","0.9750999808311462"
"88221","0.9750999808311462","0.9750999808311462","0.9750999808311462"
"88232","0.9750999808311462","0.9750999808311462","0.9750999808311462"
"88243","0.9750999808311462","0.9750999808311462","0.9750999808311462"
"88254","0.9750999808311462","0.9750999808311462","0.9750999808311462"
"88265","0.9751999974250793","0.9751999974250793","0.9751999974250793"
"88276","0.9751999974250793","0.9751999974250793","0.9751999974250793"
"88287","0.9751999974250793","0.9751999974250793","0.9751999974250793"
"88298","0.9750999808311462","0.9750999808311462","0.9750999808311462"
"88309","0.9751999974250793","0.9751999974250793","0.9751999974250793"
"88320","0.9751999974250793","0.9751999974250793","0.9751999974250793"
"88331","0.9751999974250793","0.9751999974250793","0.9751999974250793"
"88342","0.9750999808311462","0.9750999808311462","0.9750999808311462"
"88353","0.9750999808311462","0.9750999808311462","0.9750999808311462"
"88364","0.9750999808311462","0.9750999808311462","0.9750999808311462"
"88375","0.9750999808311462","0.9750999808311462","0.9750999808311462"
"88386","0.9751999974250793","0.9751999974250793","0.9751999974250793"
"88397","0.9751999974250793","0.9751999974250793","0.9751999974250793"
"88408","0.9751999974250793","0.9751999974250793","0.9751999974250793"
"88419","0.9751999974250793","0.9751999974250793","0.9751999974250793"
"88430","0.9751999974250793","0.9751999974250793","0.9751999974250793"
"88441","0.9751999974250793","0.9751999974250793","0.9751999974250793"
"88452","0.9751999974250793","0.9751999974250793","0.9751999974250793"
"88463","0.9753999710083008","0.9753999710083008","0.9753999710083008"
"88474","0.9752999544143677","0.9752999544143677","0.9752999544143677"
"88485","0.9752999544143677","0.9752999544143677","0.9752999544143677"
"88496","0.9752999544143677","0.9752999544143677","0.9752999544143677"
"88507","0.9752999544143677","0.9752999544143677","0.9752999544143677"
"88518","0.9752999544143677","0.9752999544143677","0.9752999544143677"
"88529","0.9752999544143677","0.9752999544143677","0.9752999544143677"
"88540","0.9753999710083008","0.9753999710083008","0.9753999710083008"
"88551","0.9754999876022339","0.9754999876022339","0.9754999876022339"
"88562","0.9754999876022339","0.9754999876022339","0.9754999876022339"
"88573","0.9753999710083008","0.9753999710083008","0.9753999710083008"
"88584","0.9752999544143677","0.9752999544143677","0.9752999544143677"
"88595","0.9753999710083008","0.9753999710083008","0.9753999710083008"
"88606","0.9754999876022339","0.9754999876022339","0.9754999876022339"
"88617","0.9752999544143677","0.9752999544143677","0.9752999544143677"
"88628","0.9753999710083008","0.9753999710083008","0.9753999710083008"
"88639","0.9753999710083008","0.9753999710083008","0.9753999710083008"
"88650","0.9753999710083008","0.9753999710083008","0.9753999710083008"
"88661","0.9753999710083008","0.9753999710083008","0.9753999710083008"
"88672","0.9753999710083008","0.9753999710083008","0.9753999710083008"
"88683","0.9753999710083008","0.9753999710083008","0.9753999710083008"
"88694","0.9753999710083008","0.9753999710083008","0.9753999710083008"
"88705","0.9753999710083008","0.9753999710083008","0.9753999710083008"
"88716","0.9752999544143677","0.9752999544143677","0.9752999544143677"
"88727","0.9753999710083008","0.9753999710083008","0.9753999710083008"
"88738","0.9753999710083008","0.9753999710083008","0.9753999710083008"
"88749","0.9754999876022339","0.9754999876022339","0.9754999876022339"
"88760","0.9753999710083008","0.9753999710083008","0.9753999710083008"
"88771","0.9753999710083008","0.9753999710083008","0.9753999710083008"
"88782","0.9753999710083008","0.9753999710083008","0.9753999710083008"
"88793","0.9753999710083008","0.9753999710083008","0.9753999710083008"
"88804","0.9753999710083008","0.9753999710083008","0.9753999710083008"
"88815","0.9753999710083008","0.9753999710083008","0.9753999710083008"
"88826","0.9753999710083008","0.9753999710083008","0.9753999710083008"
"88837","0.9753999710083008","0.9753999710083008","0.9753999710083008"
"88848","0.9754999876022339","0.9754999876022339","0.9754999876022339"
"88859","0.9753999710083008","0.9753999710083008","0.9753999710083008"
"88870","0.9753999710083008","0.9753999710083008","0.9753999710083008"
"88881","0.9753999710083008","0.9753999710083008","0.9753999710083008"
"88892","0.9754999876022339","0.9754999876022339","0.9754999876022339"
"88903","0.9753999710083008","0.9753999710083008","0.9753999710083008"
"88914","0.9754999876022339","0.9754999876022339","0.9754999876022339"
"88925","0.9754999876022339","0.9754999876022339","0.9754999876022339"
"88936","0.9754999876022339","0.9754999876022339","0.9754999876022339"
"88947","0.9754999876022339","0.9754999876022339","0.9754999876022339"
"88958","0.9754999876022339","0.9754999876022339","0.9754999876022339"
"88969","0.9754999876022339","0.9754999876022339","0.9754999876022339"
"88980","0.9754999876022339","0.9754999876022339","0.9754999876022339"
"88991","0.9754999876022339","0.9754999876022339","0.9754999876022339"
"89002","0.9754999876022339","0.9754999876022339","0.9754999876022339"
"89013","0.9754999876022339","0.9754999876022339","0.9754999876022339"
"89024","0.9754999876022339","0.9754999876022339","0.9754999876022339"
"89035","0.9754999876022339","0.9754999876022339","0.9754999876022339"
"89046","0.9754999876022339","0.9754999876022339","0.9754999876022339"
"89057","0.9753999710083008","0.9753999710083008","0.9753999710083008"
"89068","0.975600004196167","0.975600004196167","0.975600004196167"
"89079","0.9754999876022339","0.9754999876022339","0.9754999876022339"
"89090","0.9754999876022339","0.9754999876022339","0.9754999876022339"
"89101","0.9754999876022339","0.9754999876022339","0.9754999876022339"
"89112","0.9754999876022339","0.9754999876022339","0.9754999876022339"
"89123","0.9754999876022339","0.9754999876022339","0.9754999876022339"
"89134","0.9754999876022339","0.9754999876022339","0.9754999876022339"
"89145","0.975600004196167","0.975600004196167","0.975600004196167"
"89156","0.975600004196167","0.975600004196167","0.975600004196167"
"89167","0.975600004196167","0.975600004196167","0.975600004196167"
"89178","0.9754999876022339","0.9754999876022339","0.9754999876022339"
"89189","0.975600004196167","0.975600004196167","0.975600004196167"
"89200","0.9754999876022339","0.9754999876022339","0.9754999876022339"
"89211","0.9754999876022339","0.9754999876022339","0.9754999876022339"
"89222","0.9754999876022339","0.9754999876022339","0.9754999876022339"
"89233","0.9754999876022339","0.9754999876022339","0.9754999876022339"
"89244","0.9754999876022339","0.9754999876022339","0.9754999876022339"
"89255","0.9754999876022339","0.9754999876022339","0.9754999876022339"
"89266","0.9754999876022339","0.9754999876022339","0.9754999876022339"
"89277","0.975600004196167","0.975600004196167","0.975600004196167"
"89288","0.9756999611854553","0.9756999611854553","0.9756999611854553"
"89299","0.9756999611854553","0.9756999611854553","0.9756999611854553"
"89310","0.9756999611854553","0.9756999611854553","0.9756999611854553"
"89321","0.9756999611854553","0.9756999611854553","0.9756999611854553"
"89332","0.9756999611854553","0.9756999611854553","0.9756999611854553"
"89343","0.9756999611854553","0.9756999611854553","0.9756999611854553"
"89354","0.9756999611854553","0.9756999611854553","0.9756999611854553"
"89365","0.9756999611854553","0.9756999611854553","0.9756999611854553"
"89376","0.9756999611854553","0.9756999611854553","0.9756999611854553"
"89387","0.9756999611854553","0.9756999611854553","0.9756999611854553"
"89398","0.9756999611854553","0.9756999611854553","0.9756999611854553"
"89409","0.9756999611854553","0.9756999611854553","0.9756999611854553"
"89420","0.9756999611854553","0.9756999611854553","0.9756999611854553"
"89431","0.9756999611854553","0.9756999611854553","0.9756999611854553"
"89442","0.975600004196167","0.975600004196167","0.975600004196167"
"89453","0.9756999611854553","0.9756999611854553","0.9756999611854553"
"89464","0.9756999611854553","0.9756999611854553","0.9756999611854553"
"89475","0.9756999611854553","0.9756999611854553","0.9756999611854553"
"89486","0.9756999611854553","0.9756999611854553","0.9756999611854553"
"89497","0.975600004196167","0.975600004196167","0.975600004196167"
"89508","0.975600004196167","0.975600004196167","0.975600004196167"
"89519","0.9756999611854553","0.9756999611854553","0.9756999611854553"
"89530","0.9756999611854553","0.9756999611854553","0.9756999611854553"
"89541","0.9756999611854553","0.9756999611854553","0.9756999611854553"
"89552","0.9756999611854553","0.9756999611854553","0.9756999611854553"
"89563","0.9756999611854553","0.9756999611854553","0.9756999611854553"
"89574","0.975600004196167","0.975600004196167","0.975600004196167"
"89585","0.9756999611854553","0.9756999611854553","0.9756999611854553"
"89596","0.9756999611854553","0.9756999611854553","0.9756999611854553"
"89607","0.9756999611854553","0.9756999611854553","0.9756999611854553"
"89618","0.9756999611854553","0.9756999611854553","0.9756999611854553"
"89629","0.9756999611854553","0.9756999611854553","0.9756999611854553"
"89640","0.9756999611854553","0.9756999611854553","0.9756999611854553"
"89651","0.9756999611854553","0.9756999611854553","0.9756999611854553"
"89662","0.9756999611854553","0.9756999611854553","0.9756999611854553"
"89673","0.9756999611854553","0.9756999611854553","0.9756999611854553"
"89684","0.9756999611854553","0.9756999611854553","0.9756999611854553"
"89695","0.9756999611854553","0.9756999611854553","0.9756999611854553"
"89706","0.9756999611854553","0.9756999611854553","0.9756999611854553"
"89717","0.9756999611854553","0.9756999611854553","0.9756999611854553"
"89728","0.9756999611854553","0.9756999611854553","0.9756999611854553"
"89739","0.9756999611854553","0.9756999611854553","0.9756999611854553"
"89750","0.9756999611854553","0.9756999611854553","0.9756999611854553"
"89761","0.9756999611854553","0.9756999611854553","0.9756999611854553"
"89772","0.9756999611854553","0.9756999611854553","0.9756999611854553"
"89783","0.9756999611854553","0.9756999611854553","0.9756999611854553"
"89794","0.9756999611854553","0.9756999611854553","0.9756999611854553"
"89805","0.9756999611854553","0.9756999611854553","0.9756999611854553"
"89816","0.9756999611854553","0.9756999611854553","0.9756999611854553"
"89827","0.9756999611854553","0.9756999611854553","0.9756999611854553"
"89838","0.9756999611854553","0.9756999611854553","0.9756999611854553"
"89849","0.9756999611854553","0.9756999611854553","0.9756999611854553"
"89860","0.9756999611854553","0.9756999611854553","0.9756999611854553"
"89871","0.9756999611854553","0.9756999611854553","0.9756999611854553"
"89882","0.9756999611854553","0.9756999611854553","0.9756999611854553"
"89893","0.9756999611854553","0.9756999611854553","0.9756999611854553"
"89904","0.9756999611854553","0.9756999611854553","0.9756999611854553"
"89915","0.9756999611854553","0.9756999611854553","0.9756999611854553"
"89926","0.9756999611854553","0.9756999611854553","0.9756999611854553"
"89937","0.9756999611854553","0.9756999611854553","0.9756999611854553"
"89948","0.9756999611854553","0.9756999611854553","0.9756999611854553"
"89959","0.9756999611854553","0.9756999611854553","0.9756999611854553"
"89970","0.9756999611854553","0.9756999611854553","0.9756999611854553"
"89981","0.9756999611854553","0.9756999611854553","0.9756999611854553"
"89992","0.9757999777793884","0.9757999777793884","0.9757999777793884"
"90003","0.9757999777793884","0.9757999777793884","0.9757999777793884"
"90014","0.9757999777793884","0.9757999777793884","0.9757999777793884"
"90025","0.9757999777793884","0.9757999777793884","0.9757999777793884"
"90036","0.9757999777793884","0.9757999777793884","0.9757999777793884"
"90047","0.9757999777793884","0.9757999777793884","0.9757999777793884"
"90058","0.9757999777793884","0.9757999777793884","0.9757999777793884"
"90069","0.9757999777793884","0.9757999777793884","0.9757999777793884"
"90080","0.9757999777793884","0.9757999777793884","0.9757999777793884"
"90091","0.9757999777793884","0.9757999777793884","0.9757999777793884"
"90102","0.9757999777793884","0.9757999777793884","0.9757999777793884"
"90113","0.9757999777793884","0.9757999777793884","0.9757999777793884"
"90124","0.9757999777793884","0.9757999777793884","0.9757999777793884"
"90135","0.9757999777793884","0.9757999777793884","0.9757999777793884"
"90146","0.9757999777793884","0.9757999777793884","0.9757999777793884"
"90157","0.9757999777793884","0.9757999777793884","0.9757999777793884"
"90168","0.9757999777793884","0.9757999777793884","0.9757999777793884"
"90179","0.9757999777793884","0.9757999777793884","0.9757999777793884"
"90190","0.9757999777793884","0.9757999777793884","0.9757999777793884"
"90201","0.9757999777793884","0.9757999777793884","0.9757999777793884"
"90212","0.9758999943733215","0.9758999943733215","0.9758999943733215"
"90223","0.9758999943733215","0.9758999943733215","0.9758999943733215"
"90234","0.9757999777793884","0.9757999777793884","0.9757999777793884"
"90245","0.9757999777793884","0.9757999777793884","0.9757999777793884"
"90256","0.9757999777793884","0.9757999777793884","0.9757999777793884"
"90267","0.9757999777793884","0.9757999777793884","0.9757999777793884"
"90278","0.9759999513626099","0.9759999513626099","0.9759999513626099"
"90289","0.9759999513626099","0.9759999513626099","0.9759999513626099"
"90300","0.9759999513626099","0.9759999513626099","0.9759999513626099"
"90311","0.9759999513626099","0.9759999513626099","0.9759999513626099"
"90322","0.9759999513626099","0.9759999513626099","0.9759999513626099"
"90333","0.9758999943733215","0.9758999943733215","0.9758999943733215"
"90344","0.9759999513626099","0.9759999513626099","0.9759999513626099"
"90355","0.9758999943733215","0.9758999943733215","0.9758999943733215"
"90366","0.9758999943733215","0.9758999943733215","0.9758999943733215"
"90377","0.9758999943733215","0.9758999943733215","0.9758999943733215"
"90388","0.9758999943733215","0.9758999943733215","0.9758999943733215"
"90399","0.9758999943733215","0.9758999943733215","0.9758999943733215"
"90410","0.9758999943733215","0.9758999943733215","0.9758999943733215"
"90421","0.9758999943733215","0.9758999943733215","0.9758999943733215"
"90432","0.9758999943733215","0.9758999943733215","0.9758999943733215"
"90443","0.9758999943733215","0.9758999943733215","0.9758999943733215"
"90454","0.9758999943733215","0.9758999943733215","0.9758999943733215"
"90465","0.9758999943733215","0.9758999943733215","0.9758999943733215"
"90476","0.9759999513626099","0.9759999513626099","0.9759999513626099"
"90487","0.9758999943733215","0.9758999943733215","0.9758999943733215"
"90498","0.9758999943733215","0.9758999943733215","0.9758999943733215"
"90509","0.9758999943733215","0.9758999943733215","0.9758999943733215"
"90520","0.9759999513626099","0.9759999513626099","0.9759999513626099"
"90531","0.9759999513626099","0.9759999513626099","0.9759999513626099"
"90542","0.9759999513626099","0.9759999513626099","0.9759999513626099"
"90553","0.9759999513626099","0.9759999513626099","0.9759999513626099"
"90564","0.9759999513626099","0.9759999513626099","0.9759999513626099"
"90575","0.9759999513626099","0.9759999513626099","0.9759999513626099"
"90586","0.9759999513626099","0.9759999513626099","0.9759999513626099"
"90597","0.9758999943733215","0.9758999943733215","0.9758999943733215"
"90608","0.9759999513626099","0.9759999513626099","0.9759999513626099"
"90619","0.9758999943733215","0.9758999943733215","0.9758999943733215"
"90630","0.9758999943733215","0.9758999943733215","0.9758999943733215"
"90641","0.9758999943733215","0.9758999943733215","0.9758999943733215"
"90652","0.9758999943733215","0.9758999943733215","0.9758999943733215"
"90663","0.9759999513626099","0.9759999513626099","0.9759999513626099"
"90674","0.9759999513626099","0.9759999513626099","0.9759999513626099"
"90685","0.9759999513626099","0.9759999513626099","0.9759999513626099"
"90696","0.9759999513626099","0.9759999513626099","0.9759999513626099"
"90707","0.9759999513626099","0.9759999513626099","0.9759999513626099"
"90718","0.9759999513626099","0.9759999513626099","0.9759999513626099"
"90729","0.9759999513626099","0.9759999513626099","0.9759999513626099"
"90740","0.9759999513626099","0.9759999513626099","0.9759999513626099"
"90751","0.9759999513626099","0.9759999513626099","0.9759999513626099"
"90762","0.9759999513626099","0.9759999513626099","0.9759999513626099"
"90773","0.9759999513626099","0.9759999513626099","0.9759999513626099"
"90784","0.9759999513626099","0.9759999513626099","0.9759999513626099"
"90795","0.9759999513626099","0.9759999513626099","0.9759999513626099"
"90806","0.9759999513626099","0.9759999513626099","0.9759999513626099"
"90817","0.9759999513626099","0.9759999513626099","0.9759999513626099"
"90828","0.9759999513626099","0.9759999513626099","0.9759999513626099"
"90839","0.9759999513626099","0.9759999513626099","0.9759999513626099"
"90850","0.9759999513626099","0.9759999513626099","0.9759999513626099"
"90861","0.9759999513626099","0.9759999513626099","0.9759999513626099"
"90872","0.9759999513626099","0.9759999513626099","0.9759999513626099"
"90883","0.976099967956543","0.976099967956543","0.976099967956543"
"90894","0.9759999513626099","0.9759999513626099","0.9759999513626099"
"90905","0.976099967956543","0.976099967956543","0.976099967956543"
"90916","0.976099967956543","0.976099967956543","0.976099967956543"
"90927","0.976099967956543","0.976099967956543","0.976099967956543"
"90938","0.976099967956543","0.976099967956543","0.976099967956543"
"90949","0.976099967956543","0.976099967956543","0.976099967956543"
"90960","0.976099967956543","0.976099967956543","0.976099967956543"
"90971","0.976099967956543","0.976099967956543","0.976099967956543"
"90982","0.976099967956543","0.976099967956543","0.976099967956543"
"90993","0.9759999513626099","0.9759999513626099","0.9759999513626099"
"91004","0.9759999513626099","0.9759999513626099","0.9759999513626099"
"91015","0.976099967956543","0.976099967956543","0.976099967956543"
"91026","0.976099967956543","0.976099967956543","0.976099967956543"
"91037","0.976099967956543","0.976099967956543","0.976099967956543"
"91048","0.976099967956543","0.976099967956543","0.976099967956543"
"91059","0.976099967956543","0.976099967956543","0.976099967956543"
"91070","0.976099967956543","0.976099967956543","0.976099967956543"
"91081","0.976099967956543","0.976099967956543","0.976099967956543"
"91092","0.976099967956543","0.976099967956543","0.976099967956543"
"91103","0.976099967956543","0.976099967956543","0.976099967956543"
"91114","0.976099967956543","0.976099967956543","0.976099967956543"
"91125","0.9761999845504761","0.9761999845504761","0.9761999845504761"
"91136","0.9761999845504761","0.9761999845504761","0.9761999845504761"
"91147","0.9761999845504761","0.9761999845504761","0.9761999845504761"
"91158","0.9761999845504761","0.9761999845504761","0.9761999845504761"
"91169","0.9761999845504761","0.9761999845504761","0.9761999845504761"
"91180","0.9761999845504761","0.9761999845504761","0.9761999845504761"
"91191","0.976099967956543","0.976099967956543","0.976099967956543"
"91202","0.976099967956543","0.976099967956543","0.976099967956543"
"91213","0.9761999845504761","0.9761999845504761","0.9761999845504761"
"91224","0.9761999845504761","0.9761999845504761","0.9761999845504761"
"91235","0.9761999845504761","0.9761999845504761","0.9761999845504761"
"91246","0.9761999845504761","0.9761999845504761","0.9761999845504761"
"91257","0.9761999845504761","0.9761999845504761","0.9761999845504761"
"91268","0.9763000011444092","0.9763000011444092","0.9763000011444092"
"91279","0.9761999845504761","0.9761999845504761","0.9761999845504761"
"91290","0.9761999845504761","0.9761999845504761","0.9761999845504761"
"91301","0.9761999845504761","0.9761999845504761","0.9761999845504761"
"91312","0.9761999845504761","0.9761999845504761","0.9761999845504761"
"91323","0.9763000011444092","0.9763000011444092","0.9763000011444092"
"91334","0.9763000011444092","0.9763000011444092","0.9763000011444092"
"91345","0.9761999845504761","0.9761999845504761","0.9761999845504761"
"91356","0.9763000011444092","0.9763000011444092","0.9763000011444092"
"91367","0.9763000011444092","0.9763000011444092","0.9763000011444092"
"91378","0.9763000011444092","0.9763000011444092","0.9763000011444092"
"91389","0.9763000011444092","0.9763000011444092","0.9763000011444092"
"91400","0.9763000011444092","0.9763000011444092","0.9763000011444092"
"91411","0.9763000011444092","0.9763000011444092","0.9763000011444092"
"91422","0.9763999581336975","0.9763999581336975","0.9763999581336975"
"91433","0.9763999581336975","0.9763999581336975","0.9763999581336975"
"91444","0.9763999581336975","0.9763999581336975","0.9763999581336975"
"91455","0.9763999581336975","0.9763999581336975","0.9763999581336975"
"91466","0.9763999581336975","0.9763999581336975","0.9763999581336975"
"91477","0.9763999581336975","0.9763999581336975","0.9763999581336975"
"91488","0.9763999581336975","0.9763999581336975","0.9763999581336975"
"91499","0.9763000011444092","0.9763000011444092","0.9763000011444092"
"91510","0.9763000011444092","0.9763000011444092","0.9763000011444092"
"91521","0.9763999581336975","0.9763999581336975","0.9763999581336975"
"91532","0.9763000011444092","0.9763000011444092","0.9763000011444092"
"91543","0.9763000011444092","0.9763000011444092","0.9763000011444092"
"91554","0.9763000011444092","0.9763000011444092","0.9763000011444092"
"91565","0.9763000011444092","0.9763000011444092","0.9763000011444092"
"91576","0.9763000011444092","0.9763000011444092","0.9763000011444092"
"91587","0.9763000011444092","0.9763000011444092","0.9763000011444092"
"91598","0.9763000011444092","0.9763000011444092","0.9763000011444092"
"91609","0.9763000011444092","0.9763000011444092","0.9763000011444092"
"91620","0.9763000011444092","0.9763000011444092","0.9763000011444092"
"91631","0.9763000011444092","0.9763000011444092","0.9763000011444092"
"91642","0.9763000011444092","0.9763000011444092","0.9763000011444092"
"91653","0.9763000011444092","0.9763000011444092","0.9763000011444092"
"91664","0.9763000011444092","0.9763000011444092","0.9763000011444092"
"91675","0.9763000011444092","0.9763000011444092","0.9763000011444092"
"91686","0.9763000011444092","0.9763000011444092","0.9763000011444092"
"91697","0.9763000011444092","0.9763000011444092","0.9763000011444092"
"91708","0.9763000011444092","0.9763000011444092","0.9763000011444092"
"91719","0.9763000011444092","0.9763000011444092","0.9763000011444092"
"91730","0.9763000011444092","0.9763000011444092","0.9763000011444092"
"91741","0.9763000011444092","0.9763000011444092","0.9763000011444092"
"91752","0.9763000011444092","0.9763000011444092","0.9763000011444092"
"91763","0.9763000011444092","0.9763000011444092","0.9763000011444092"
"91774","0.9763000011444092","0.9763000011444092","0.9763000011444092"
"91785","0.9763000011444092","0.9763000011444092","0.9763000011444092"
"91796","0.9763000011444092","0.9763000011444092","0.9763000011444092"
"91807","0.9763000011444092","0.9763000011444092","0.9763000011444092"
"91818","0.9763000011444092","0.9763000011444092","0.9763000011444092"
"91829","0.9763000011444092","0.9763000011444092","0.9763000011444092"
"91840","0.9763000011444092","0.9763000011444092","0.9763000011444092"
"91851","0.9763000011444092","0.9763000011444092","0.9763000011444092"
"91862","0.9763000011444092","0.9763000011444092","0.9763000011444092"
"91873","0.9763000011444092","0.9763000011444092","0.9763000011444092"
"91884","0.9763000011444092","0.9763000011444092","0.9763000011444092"
"91895","0.9763000011444092","0.9763000011444092","0.9763000011444092"
"91906","0.9763000011444092","0.9763000011444092","0.9763000011444092"
"91917","0.9763000011444092","0.9763000011444092","0.9763000011444092"
"91928","0.9763000011444092","0.9763000011444092","0.9763000011444092"
"91939","0.9763000011444092","0.9763000011444092","0.9763000011444092"
"91950","0.9763000011444092","0.9763000011444092","0.9763000011444092"
"91961","0.9763000011444092","0.9763000011444092","0.9763000011444092"
"91972","0.9763000011444092","0.9763000011444092","0.9763000011444092"
"91983","0.9763000011444092","0.9763000011444092","0.9763000011444092"
"91994","0.9763000011444092","0.9763000011444092","0.9763000011444092"
"92005","0.9763000011444092","0.9763000011444092","0.9763000011444092"
"92016","0.9763000011444092","0.9763000011444092","0.9763000011444092"
"92027","0.9763000011444092","0.9763000011444092","0.9763000011444092"
"92038","0.9763000011444092","0.9763000011444092","0.9763000011444092"
"92049","0.9763000011444092","0.9763000011444092","0.9763000011444092"
"92060","0.9763000011444092","0.9763000011444092","0.9763000011444092"
"92071","0.9763000011444092","0.9763000011444092","0.9763000011444092"
"92082","0.9763000011444092","0.9763000011444092","0.9763000011444092"
"92093","0.9763000011444092","0.9763000011444092","0.9763000011444092"
"92104","0.9763000011444092","0.9763000011444092","0.9763000011444092"
"92115","0.9763000011444092","0.9763000011444092","0.9763000011444092"
"92126","0.9763000011444092","0.9763000011444092","0.9763000011444092"
"92137","0.9763000011444092","0.9763000011444092","0.9763000011444092"
"92148","0.9763000011444092","0.9763000011444092","0.9763000011444092"
"92159","0.9764999747276306","0.9764999747276306","0.9764999747276306"
"92170","0.9764999747276306","0.9764999747276306","0.9764999747276306"
"92181","0.9763999581336975","0.9763999581336975","0.9763999581336975"
"92192","0.9764999747276306","0.9764999747276306","0.9764999747276306"
"92203","0.9763999581336975","0.9763999581336975","0.9763999581336975"
"92214","0.9763999581336975","0.9763999581336975","0.9763999581336975"
"92225","0.9764999747276306","0.9764999747276306","0.9764999747276306"
"92236","0.9764999747276306","0.9764999747276306","0.9764999747276306"
"92247","0.9764999747276306","0.9764999747276306","0.9764999747276306"
"92258","0.9764999747276306","0.9764999747276306","0.9764999747276306"
"92269","0.9764999747276306","0.9764999747276306","0.9764999747276306"
"92280","0.9764999747276306","0.9764999747276306","0.9764999747276306"
"92291","0.9764999747276306","0.9764999747276306","0.9764999747276306"
"92302","0.9764999747276306","0.9764999747276306","0.9764999747276306"
"92313","0.9764999747276306","0.9764999747276306","0.9764999747276306"
"92324","0.9765999913215637","0.9765999913215637","0.9765999913215637"
"92335","0.9765999913215637","0.9765999913215637","0.9765999913215637"
"92346","0.9764999747276306","0.9764999747276306","0.9764999747276306"
"92357","0.9764999747276306","0.9764999747276306","0.9764999747276306"
"92368","0.9765999913215637","0.9765999913215637","0.9765999913215637"
"92379","0.9765999913215637","0.9765999913215637","0.9765999913215637"
"92390","0.9765999913215637","0.9765999913215637","0.9765999913215637"
"92401","0.9765999913215637","0.9765999913215637","0.9765999913215637"
"92412","0.9765999913215637","0.9765999913215637","0.9765999913215637"
"92423","0.9765999913215637","0.9765999913215637","0.9765999913215637"
"92434","0.9765999913215637","0.9765999913215637","0.9765999913215637"
"92445","0.9765999913215637","0.9765999913215637","0.9765999913215637"
"92456","0.9765999913215637","0.9765999913215637","0.9765999913215637"
"92467","0.9765999913215637","0.9765999913215637","0.9765999913215637"
"92478","0.9765999913215637","0.9765999913215637","0.9765999913215637"
"92489","0.9765999913215637","0.9765999913215637","0.9765999913215637"
"92500","0.9765999913215637","0.9765999913215637","0.9765999913215637"
"92511","0.9765999913215637","0.9765999913215637","0.9765999913215637"
"92522","0.9765999913215637","0.9765999913215637","0.9765999913215637"
"92533","0.9765999913215637","0.9765999913215637","0.9765999913215637"
"92544","0.9765999913215637","0.9765999913215637","0.9765999913215637"
"92555","0.9765999913215637","0.9765999913215637","0.9765999913215637"
"92566","0.9765999913215637","0.9765999913215637","0.9765999913215637"
"92577","0.9765999913215637","0.9765999913215637","0.9765999913215637"
"92588","0.9765999913215637","0.9765999913215637","0.9765999913215637"
"92599","0.9765999913215637","0.9765999913215637","0.9765999913215637"
"92610","0.9765999913215637","0.9765999913215637","0.9765999913215637"
"92621","0.9765999913215637","0.9765999913215637","0.9765999913215637"
"92632","0.9765999913215637","0.9765999913215637","0.9765999913215637"
"92643","0.9765999913215637","0.9765999913215637","0.9765999913215637"
"92654","0.9765999913215637","0.9765999913215637","0.9765999913215637"
"92665","0.9765999913215637","0.9765999913215637","0.9765999913215637"
"92676","0.9765999913215637","0.9765999913215637","0.9765999913215637"
"92687","0.9765999913215637","0.9765999913215637","0.9765999913215637"
"92698","0.9765999913215637","0.9765999913215637","0.9765999913215637"
"92709","0.9765999913215637","0.9765999913215637","0.9765999913215637"
"92720","0.9765999913215637","0.9765999913215637","0.9765999913215637"
"92731","0.9765999913215637","0.9765999913215637","0.9765999913215637"
"92742","0.9765999913215637","0.9765999913215637","0.9765999913215637"
"92753","0.9765999913215637","0.9765999913215637","0.9765999913215637"
"92764","0.9765999913215637","0.9765999913215637","0.9765999913215637"
"92775","0.9765999913215637","0.9765999913215637","0.9765999913215637"
"92786","0.9765999913215637","0.9765999913215637","0.9765999913215637"
"92797","0.9765999913215637","0.9765999913215637","0.9765999913215637"
"92808","0.9765999913215637","0.9765999913215637","0.9765999913215637"
"92819","0.9765999913215637","0.9765999913215637","0.9765999913215637"
"92830","0.9765999913215637","0.9765999913215637","0.9765999913215637"
"92841","0.9765999913215637","0.9765999913215637","0.9765999913215637"
"92852","0.9765999913215637","0.9765999913215637","0.9765999913215637"
"92863","0.9765999913215637","0.9765999913215637","0.9765999913215637"
"92874","0.9765999913215637","0.9765999913215637","0.9765999913215637"
"92885","0.9765999913215637","0.9765999913215637","0.9765999913215637"
"92896","0.9765999913215637","0.9765999913215637","0.9765999913215637"
"92907","0.9765999913215637","0.9765999913215637","0.9765999913215637"
"92918","0.9765999913215637","0.9765999913215637","0.9765999913215637"
"92929","0.9765999913215637","0.9765999913215637","0.9765999913215637"
"92940","0.9765999913215637","0.9765999913215637","0.9765999913215637"
"92951","0.9765999913215637","0.9765999913215637","0.9765999913215637"
"92962","0.9765999913215637","0.9765999913215637","0.9765999913215637"
"92973","0.9765999913215637","0.9765999913215637","0.9765999913215637"
"92984","0.9765999913215637","0.9765999913215637","0.9765999913215637"
"92995","0.9765999913215637","0.9765999913215637","0.9765999913215637"
"93006","0.9765999913215637","0.9765999913215637","0.9765999913215637"
"93017","0.9765999913215637","0.9765999913215637","0.9765999913215637"
"93028","0.9765999913215637","0.9765999913215637","0.9765999913215637"
"93039","0.9765999913215637","0.9765999913215637","0.9765999913215637"
"93050","0.9764999747276306","0.9764999747276306","0.9764999747276306"
"93061","0.9765999913215637","0.9765999913215637","0.9765999913215637"
"93072","0.9764999747276306","0.9764999747276306","0.9764999747276306"
"93083","0.9765999913215637","0.9765999913215637","0.9765999913215637"
"93094","0.9764999747276306","0.9764999747276306","0.9764999747276306"
"93105","0.9764999747276306","0.9764999747276306","0.9764999747276306"
"93116","0.9764999747276306","0.9764999747276306","0.9764999747276306"
"93127","0.9765999913215637","0.9765999913215637","0.9765999913215637"
"93138","0.9765999913215637","0.9765999913215637","0.9765999913215637"
"93149","0.976699948310852","0.976699948310852","0.976699948310852"
"93160","0.976699948310852","0.976699948310852","0.976699948310852"
"93171","0.976699948310852","0.976699948310852","0.976699948310852"
"93182","0.976699948310852","0.976699948310852","0.976699948310852"
"93193","0.976699948310852","0.976699948310852","0.976699948310852"
"93204","0.976699948310852","0.976699948310852","0.976699948310852"
"93215","0.976699948310852","0.976699948310852","0.976699948310852"
"93226","0.976699948310852","0.976699948310852","0.976699948310852"
"93237","0.976699948310852","0.976699948310852","0.976699948310852"
"93248","0.976699948310852","0.976699948310852","0.976699948310852"
"93259","0.976699948310852","0.976699948310852","0.976699948310852"
"93270","0.976699948310852","0.976699948310852","0.976699948310852"
"93281","0.976699948310852","0.976699948310852","0.976699948310852"
"93292","0.976699948310852","0.976699948310852","0.976699948310852"
"93303","0.976699948310852","0.976699948310852","0.976699948310852"
"93314","0.976699948310852","0.976699948310852","0.976699948310852"
"93325","0.976699948310852","0.976699948310852","0.976699948310852"
"93336","0.976699948310852","0.976699948310852","0.976699948310852"
"93347","0.976699948310852","0.976699948310852","0.976699948310852"
"93358","0.9767999649047852","0.9767999649047852","0.9767999649047852"
"93369","0.9767999649047852","0.9767999649047852","0.9767999649047852"
"93380","0.9767999649047852","0.9767999649047852","0.9767999649047852"
"93391","0.9767999649047852","0.9767999649047852","0.9767999649047852"
"93402","0.9767999649047852","0.9767999649047852","0.9767999649047852"
"93413","0.9767999649047852","0.9767999649047852","0.9767999649047852"
"93424","0.9767999649047852","0.9767999649047852","0.9767999649047852"
"93435","0.9767999649047852","0.9767999649047852","0.9767999649047852"
"93446","0.9767999649047852","0.9767999649047852","0.9767999649047852"
"93457","0.9767999649047852","0.9767999649047852","0.9767999649047852"
"93468","0.9767999649047852","0.9767999649047852","0.9767999649047852"
"93479","0.9767999649047852","0.9767999649047852","0.9767999649047852"
"93490","0.9767999649047852","0.9767999649047852","0.9767999649047852"
"93501","0.9767999649047852","0.9767999649047852","0.9767999649047852"
"93512","0.9767999649047852","0.9767999649047852","0.9767999649047852"
"93523","0.9767999649047852","0.9767999649047852","0.9767999649047852"
"93534","0.9767999649047852","0.9767999649047852","0.9767999649047852"
"93545","0.9767999649047852","0.9767999649047852","0.9767999649047852"
"93556","0.9767999649047852","0.9767999649047852","0.9767999649047852"
"93567","0.9767999649047852","0.9767999649047852","0.9767999649047852"
"93578","0.9767999649047852","0.9767999649047852","0.9767999649047852"
"93589","0.9767999649047852","0.9767999649047852","0.9767999649047852"
"93600","0.9767999649047852","0.9767999649047852","0.9767999649047852"
"93611","0.9767999649047852","0.9767999649047852","0.9767999649047852"
"93622","0.9767999649047852","0.9767999649047852","0.9767999649047852"
"93633","0.9767999649047852","0.9767999649047852","0.9767999649047852"
"93644","0.9767999649047852","0.9767999649047852","0.9767999649047852"
"93655","0.9767999649047852","0.9767999649047852","0.9767999649047852"
"93666","0.9767999649047852","0.9767999649047852","0.9767999649047852"
"93677","0.9767999649047852","0.9767999649047852","0.9767999649047852"
"93688","0.9767999649047852","0.9767999649047852","0.9767999649047852"
"93699","0.9767999649047852","0.9767999649047852","0.9767999649047852"
"93710","0.9767999649047852","0.9767999649047852","0.9767999649047852"
"93721","0.9767999649047852","0.9767999649047852","0.9767999649047852"
"93732","0.9767999649047852","0.9767999649047852","0.9767999649047852"
"93743","0.9767999649047852","0.9767999649047852","0.9767999649047852"
"93754","0.9767999649047852","0.9767999649047852","0.9767999649047852"
"93765","0.9767999649047852","0.9767999649047852","0.9767999649047852"
"93776","0.9767999649047852","0.9767999649047852","0.9767999649047852"
"93787","0.9767999649047852","0.9767999649047852","0.9767999649047852"
"93798","0.9767999649047852","0.9767999649047852","0.9767999649047852"
"93809","0.9767999649047852","0.9767999649047852","0.9767999649047852"
"93820","0.9767999649047852","0.9767999649047852","0.9767999649047852"
"93831","0.9767999649047852","0.9767999649047852","0.9767999649047852"
"93842","0.9767999649047852","0.9767999649047852","0.9767999649047852"
"93853","0.9767999649047852","0.9767999649047852","0.9767999649047852"
"93864","0.9767999649047852","0.9767999649047852","0.9767999649047852"
"93875","0.9767999649047852","0.9767999649047852","0.9767999649047852"
"93886","0.9767999649047852","0.9767999649047852","0.9767999649047852"
"93897","0.9767999649047852","0.9767999649047852","0.9767999649047852"
"93908","0.9767999649047852","0.9767999649047852","0.9767999649047852"
"93919","0.9767999649047852","0.9767999649047852","0.9767999649047852"
"93930","0.9767999649047852","0.9767999649047852","0.9767999649047852"
"93941","0.9767999649047852","0.9767999649047852","0.9767999649047852"
"93952","0.9767999649047852","0.9767999649047852","0.9767999649047852"
"93963","0.9767999649047852","0.9767999649047852","0.9767999649047852"
"93974","0.9767999649047852","0.9767999649047852","0.9767999649047852"
"93985","0.9767999649047852","0.9767999649047852","0.9767999649047852"
"93996","0.9767999649047852","0.9767999649047852","0.9767999649047852"
"94007","0.9767999649047852","0.9767999649047852","0.9767999649047852"
"94018","0.9767999649047852","0.9767999649047852","0.9767999649047852"
"94029","0.9767999649047852","0.9767999649047852","0.9767999649047852"
"94040","0.9767999649047852","0.9767999649047852","0.9767999649047852"
"94051","0.9767999649047852","0.9767999649047852","0.9767999649047852"
"94062","0.9767999649047852","0.9767999649047852","0.9767999649047852"
"94073","0.9767999649047852","0.9767999649047852","0.9767999649047852"
"94084","0.9767999649047852","0.9767999649047852","0.9767999649047852"
"94095","0.9767999649047852","0.9767999649047852","0.9767999649047852"
"94106","0.9767999649047852","0.9767999649047852","0.9767999649047852"
"94117","0.9767999649047852","0.9767999649047852","0.9767999649047852"
"94128","0.9767999649047852","0.9767999649047852","0.9767999649047852"
"94139","0.9768999814987183","0.9768999814987183","0.9768999814987183"
"94150","0.9768999814987183","0.9768999814987183","0.9768999814987183"
"94161","0.9768999814987183","0.9768999814987183","0.9768999814987183"
"94172","0.9768999814987183","0.9768999814987183","0.9768999814987183"
"94183","0.9768999814987183","0.9768999814987183","0.9768999814987183"
"94194","0.9768999814987183","0.9768999814987183","0.9768999814987183"
"94205","0.9768999814987183","0.9768999814987183","0.9768999814987183"
"94216","0.9768999814987183","0.9768999814987183","0.9768999814987183"
"94227","0.9768999814987183","0.9768999814987183","0.9768999814987183"
"94238","0.9768999814987183","0.9768999814987183","0.9768999814987183"
"94249","0.9768999814987183","0.9768999814987183","0.9768999814987183"
"94260","0.9768999814987183","0.9768999814987183","0.9768999814987183"
"94271","0.9768999814987183","0.9768999814987183","0.9768999814987183"
"94282","0.9768999814987183","0.9768999814987183","0.9768999814987183"
"94293","0.9768999814987183","0.9768999814987183","0.9768999814987183"
"94304","0.9768999814987183","0.9768999814987183","0.9768999814987183"
"94315","0.9767999649047852","0.9767999649047852","0.9767999649047852"
"94326","0.9768999814987183","0.9768999814987183","0.9768999814987183"
"94337","0.9768999814987183","0.9768999814987183","0.9768999814987183"
"94348","0.9767999649047852","0.9767999649047852","0.9767999649047852"
"94359","0.9767999649047852","0.9767999649047852","0.9767999649047852"
"94370","0.9768999814987183","0.9768999814987183","0.9768999814987183"
"94381","0.9768999814987183","0.9768999814987183","0.9768999814987183"
"94392","0.9768999814987183","0.9768999814987183","0.9768999814987183"
"94403","0.9768999814987183","0.9768999814987183","0.9768999814987183"
"94414","0.9769999980926514","0.9769999980926514","0.9769999980926514"
"94425","0.9769999980926514","0.9769999980926514","0.9769999980926514"
"94436","0.9769999980926514","0.9769999980926514","0.9769999980926514"
"94447","0.9768999814987183","0.9768999814987183","0.9768999814987183"
"94458","0.9769999980926514","0.9769999980926514","0.9769999980926514"
"94469","0.9769999980926514","0.9769999980926514","0.9769999980926514"
"94480","0.9769999980926514","0.9769999980926514","0.9769999980926514"
"94491","0.9769999980926514","0.9769999980926514","0.9769999980926514"
"94502","0.9769999980926514","0.9769999980926514","0.9769999980926514"
"94513","0.9769999980926514","0.9769999980926514","0.9769999980926514"
"94524","0.9769999980926514","0.9769999980926514","0.9769999980926514"
"94535","0.9769999980926514","0.9769999980926514","0.9769999980926514"
"94546","0.9769999980926514","0.9769999980926514","0.9769999980926514"
"94557","0.9769999980926514","0.9769999980926514","0.9769999980926514"
"94568","0.9770999550819397","0.9770999550819397","0.9770999550819397"
"94579","0.9770999550819397","0.9770999550819397","0.9770999550819397"
"94590","0.9770999550819397","0.9770999550819397","0.9770999550819397"
"94601","0.9770999550819397","0.9770999550819397","0.9770999550819397"
"94612","0.9770999550819397","0.9770999550819397","0.9770999550819397"
"94623","0.9770999550819397","0.9770999550819397","0.9770999550819397"
"94634","0.9769999980926514","0.9769999980926514","0.9769999980926514"
"94645","0.9770999550819397","0.9770999550819397","0.9770999550819397"
"94656","0.9769999980926514","0.9769999980926514","0.9769999980926514"
"94667","0.9770999550819397","0.9770999550819397","0.9770999550819397"
"94678","0.9771999716758728","0.9771999716758728","0.9771999716758728"
"94689","0.9770999550819397","0.9770999550819397","0.9770999550819397"
"94700","0.9770999550819397","0.9770999550819397","0.9770999550819397"
"94711","0.9770999550819397","0.9770999550819397","0.9770999550819397"
"94722","0.9770999550819397","0.9770999550819397","0.9770999550819397"
"94733","0.9770999550819397","0.9770999550819397","0.9770999550819397"
"94744","0.9771999716758728","0.9771999716758728","0.9771999716758728"
"94755","0.9771999716758728","0.9771999716758728","0.9771999716758728"
"94766","0.9770999550819397","0.9770999550819397","0.9770999550819397"
"94777","0.9770999550819397","0.9770999550819397","0.9770999550819397"
"94788","0.9771999716758728","0.9771999716758728","0.9771999716758728"
"94799","0.9771999716758728","0.9771999716758728","0.9771999716758728"
"94810","0.9771999716758728","0.9771999716758728","0.9771999716758728"
"94821","0.9772999882698059","0.9772999882698059","0.9772999882698059"
"94832","0.9772999882698059","0.9772999882698059","0.9772999882698059"
"94843","0.9771999716758728","0.9771999716758728","0.9771999716758728"
"94854","0.9771999716758728","0.9771999716758728","0.9771999716758728"
"94865","0.9771999716758728","0.9771999716758728","0.9771999716758728"
"94876","0.9771999716758728","0.9771999716758728","0.9771999716758728"
"94887","0.9771999716758728","0.9771999716758728","0.9771999716758728"
"94898","0.9771999716758728","0.9771999716758728","0.9771999716758728"
"94909","0.9771999716758728","0.9771999716758728","0.9771999716758728"
"94920","0.9771999716758728","0.9771999716758728","0.9771999716758728"
"94931","0.9771999716758728","0.9771999716758728","0.9771999716758728"
"94942","0.9771999716758728","0.9771999716758728","0.9771999716758728"
"94953","0.9771999716758728","0.9771999716758728","0.9771999716758728"
"94964","0.9771999716758728","0.9771999716758728","0.9771999716758728"
"94975","0.9771999716758728","0.9771999716758728","0.9771999716758728"
"94986","0.9771999716758728","0.9771999716758728","0.9771999716758728"
"94997","0.9771999716758728","0.9771999716758728","0.9771999716758728"
"95008","0.9771999716758728","0.9771999716758728","0.9771999716758728"
"95019","0.9771999716758728","0.9771999716758728","0.9771999716758728"
"95030","0.9771999716758728","0.9771999716758728","0.9771999716758728"
"95041","0.9771999716758728","0.9771999716758728","0.9771999716758728"
"95052","0.9772999882698059","0.9772999882698059","0.9772999882698059"
"95063","0.977400004863739","0.977400004863739","0.977400004863739"
"95074","0.9774999618530273","0.9774999618530273","0.9774999618530273"
"95085","0.9776999950408936","0.9776999950408936","0.9776999950408936"
"95096","0.9776999950408936","0.9776999950408936","0.9776999950408936"
"95107","0.9776999950408936","0.9776999950408936","0.9776999950408936"
"95118","0.9776999950408936","0.9776999950408936","0.9776999950408936"
"95129","0.9776999950408936","0.9776999950408936","0.9776999950408936"
"95140","0.9776999950408936","0.9776999950408936","0.9776999950408936"
"95151","0.9776999950408936","0.9776999950408936","0.9776999950408936"
"95162","0.9776999950408936","0.9776999950408936","0.9776999950408936"
"95173","0.9776999950408936","0.9776999950408936","0.9776999950408936"
"95184","0.9776999950408936","0.9776999950408936","0.9776999950408936"
"95195","0.9776999950408936","0.9776999950408936","0.9776999950408936"
"95206","0.9776999950408936","0.9776999950408936","0.9776999950408936"
"95217","0.977899968624115","0.977899968624115","0.977899968624115"
"95228","0.977899968624115","0.977899968624115","0.977899968624115"
"95239","0.977899968624115","0.977899968624115","0.977899968624115"
"95250","0.977899968624115","0.977899968624115","0.977899968624115"
"95261","0.9779999852180481","0.9779999852180481","0.9779999852180481"
"95272","0.977899968624115","0.977899968624115","0.977899968624115"
"95283","0.9784999489784241","0.9784999489784241","0.9784999489784241"
"95294","0.9785999655723572","0.9785999655723572","0.9785999655723572"
"95305","0.9785999655723572","0.9785999655723572","0.9785999655723572"
"95316","0.9785999655723572","0.9785999655723572","0.9785999655723572"
"95327","0.9784999489784241","0.9784999489784241","0.9784999489784241"
"95338","0.9784999489784241","0.9784999489784241","0.9784999489784241"
"95349","0.9785999655723572","0.9785999655723572","0.9785999655723572"
"95360","0.9784999489784241","0.9784999489784241","0.9784999489784241"
"95371","0.9784999489784241","0.9784999489784241","0.9784999489784241"
"95382","0.9784999489784241","0.9784999489784241","0.9784999489784241"
"95393","0.9784999489784241","0.9784999489784241","0.9784999489784241"
"95404","0.9784999489784241","0.9784999489784241","0.9784999489784241"
"95415","0.9784999489784241","0.9784999489784241","0.9784999489784241"
"95426","0.9783999919891357","0.9783999919891357","0.9783999919891357"
"95437","0.9781999588012695","0.9781999588012695","0.9781999588012695"
"95448","0.9781000018119812","0.9781000018119812","0.9781000018119812"
"95459","0.977899968624115","0.977899968624115","0.977899968624115"
"95470","0.977899968624115","0.977899968624115","0.977899968624115"
"95481","0.977899968624115","0.977899968624115","0.977899968624115"
"95492","0.977899968624115","0.977899968624115","0.977899968624115"
"95503","0.9779999852180481","0.9779999852180481","0.9779999852180481"
"95514","0.9779999852180481","0.9779999852180481","0.9779999852180481"
"95525","0.9779999852180481","0.9779999852180481","0.9779999852180481"
"95536","0.9779999852180481","0.9779999852180481","0.9779999852180481"
"95547","0.9779999852180481","0.9779999852180481","0.9779999852180481"
"95558","0.9779999852180481","0.9779999852180481","0.9779999852180481"
"95569","0.977899968624115","0.977899968624115","0.977899968624115"
"95580","0.9777999520301819","0.9777999520301819","0.9777999520301819"
"95591","0.9777999520301819","0.9777999520301819","0.9777999520301819"
"95602","0.9777999520301819","0.9777999520301819","0.9777999520301819"
"95613","0.977899968624115","0.977899968624115","0.977899968624115"
"95624","0.9777999520301819","0.9777999520301819","0.9777999520301819"
"95635","0.977400004863739","0.977400004863739","0.977400004863739"
"95646","0.977400004863739","0.977400004863739","0.977400004863739"
"95657","0.977400004863739","0.977400004863739","0.977400004863739"
"95668","0.977400004863739","0.977400004863739","0.977400004863739"
"95679","0.977400004863739","0.977400004863739","0.977400004863739"
"95690","0.977400004863739","0.977400004863739","0.977400004863739"
"95701","0.977400004863739","0.977400004863739","0.977400004863739"
"95712","0.977400004863739","0.977400004863739","0.977400004863739"
"95723","0.977400004863739","0.977400004863739","0.977400004863739"
"95734","0.977400004863739","0.977400004863739","0.977400004863739"
"95745","0.977400004863739","0.977400004863739","0.977400004863739"
"95756","0.977400004863739","0.977400004863739","0.977400004863739"
"95767","0.9775999784469604","0.9775999784469604","0.9775999784469604"
"95778","0.9777999520301819","0.9777999520301819","0.9777999520301819"
"95789","0.9776999950408936","0.9776999950408936","0.9776999950408936"
"95800","0.9777999520301819","0.9777999520301819","0.9777999520301819"
"95811","0.977899968624115","0.977899968624115","0.977899968624115"
"95822","0.9777999520301819","0.9777999520301819","0.9777999520301819"
"95833","0.977899968624115","0.977899968624115","0.977899968624115"
"95844","0.9777999520301819","0.9777999520301819","0.9777999520301819"
"95855","0.977899968624115","0.977899968624115","0.977899968624115"
"95866","0.9781000018119812","0.9781000018119812","0.9781000018119812"
"95877","0.9781000018119812","0.9781000018119812","0.9781000018119812"
"95888","0.977899968624115","0.977899968624115","0.977899968624115"
"95899","0.9781000018119812","0.9781000018119812","0.9781000018119812"
"95910","0.9781000018119812","0.9781000018119812","0.9781000018119812"
"95921","0.9781000018119812","0.9781000018119812","0.9781000018119812"
"95932","0.9781999588012695","0.9781999588012695","0.9781999588012695"
"95943","0.9781000018119812","0.9781000018119812","0.9781000018119812"
"95954","0.9781000018119812","0.9781000018119812","0.9781000018119812"
"95965","0.9781000018119812","0.9781000018119812","0.9781000018119812"
"95976","0.9781000018119812","0.9781000018119812","0.9781000018119812"
"95987","0.9781000018119812","0.9781000018119812","0.9781000018119812"
"95998","0.9781000018119812","0.9781000018119812","0.9781000018119812"
"96009","0.9779999852180481","0.9779999852180481","0.9779999852180481"
"96020","0.9781000018119812","0.9781000018119812","0.9781000018119812"
"96031","0.9781000018119812","0.9781000018119812","0.9781000018119812"
"96042","0.9781000018119812","0.9781000018119812","0.9781000018119812"
"96053","0.9781000018119812","0.9781000018119812","0.9781000018119812"
"96064","0.9781000018119812","0.9781000018119812","0.9781000018119812"
"96075","0.9781999588012695","0.9781999588012695","0.9781999588012695"
"96086","0.9781000018119812","0.9781000018119812","0.9781000018119812"
"96097","0.9784999489784241","0.9784999489784241","0.9784999489784241"
"96108","0.9785999655723572","0.9785999655723572","0.9785999655723572"
"96119","0.9786999821662903","0.9786999821662903","0.9786999821662903"
"96130","0.9785999655723572","0.9785999655723572","0.9785999655723572"
"96141","0.9786999821662903","0.9786999821662903","0.9786999821662903"
"96152","0.9786999821662903","0.9786999821662903","0.9786999821662903"
"96163","0.9783999919891357","0.9783999919891357","0.9783999919891357"
"96174","0.9781999588012695","0.9781999588012695","0.9781999588012695"
"96185","0.9781999588012695","0.9781999588012695","0.9781999588012695"
"96196","0.9781999588012695","0.9781999588012695","0.9781999588012695"
"96207","0.9781999588012695","0.9781999588012695","0.9781999588012695"
"96218","0.9784999489784241","0.9784999489784241","0.9784999489784241"
"96229","0.9786999821662903","0.9786999821662903","0.9786999821662903"
"96240","0.9787999987602234","0.9787999987602234","0.9787999987602234"
"96251","0.9790999889373779","0.9790999889373779","0.9790999889373779"
"96262","0.9790999889373779","0.9790999889373779","0.9790999889373779"
"96273","0.9790999889373779","0.9790999889373779","0.9790999889373779"
"96284","0.9790999889373779","0.9790999889373779","0.9790999889373779"
"96295","0.9790999889373779","0.9790999889373779","0.9790999889373779"
"96306","0.9790999889373779","0.9790999889373779","0.9790999889373779"
"96317","0.9790999889373779","0.9790999889373779","0.9790999889373779"
"96328","0.9790999889373779","0.9790999889373779","0.9790999889373779"
"96339","0.9791999459266663","0.9791999459266663","0.9791999459266663"
"96350","0.9791999459266663","0.9791999459266663","0.9791999459266663"
"96361","0.9792999625205994","0.9792999625205994","0.9792999625205994"
"96372","0.9792999625205994","0.9792999625205994","0.9792999625205994"
"96383","0.9791999459266663","0.9791999459266663","0.9791999459266663"
"96394","0.9791999459266663","0.9791999459266663","0.9791999459266663"
"96405","0.9790999889373779","0.9790999889373779","0.9790999889373779"
"96416","0.9791999459266663","0.9791999459266663","0.9791999459266663"
"96427","0.9792999625205994","0.9792999625205994","0.9792999625205994"
"96438","0.9792999625205994","0.9792999625205994","0.9792999625205994"
"96449","0.9792999625205994","0.9792999625205994","0.9792999625205994"
"96460","0.9792999625205994","0.9792999625205994","0.9792999625205994"
"96471","0.9792999625205994","0.9792999625205994","0.9792999625205994"
"96482","0.9792999625205994","0.9792999625205994","0.9792999625205994"
"96493","0.9792999625205994","0.9792999625205994","0.9792999625205994"
"96504","0.9791999459266663","0.9791999459266663","0.9791999459266663"
"96515","0.9791999459266663","0.9791999459266663","0.9791999459266663"
"96526","0.9791999459266663","0.9791999459266663","0.9791999459266663"
"96537","0.9790999889373779","0.9790999889373779","0.9790999889373779"
"96548","0.9791999459266663","0.9791999459266663","0.9791999459266663"
"96559","0.9792999625205994","0.9792999625205994","0.9792999625205994"
"96570","0.9792999625205994","0.9792999625205994","0.9792999625205994"
"96581","0.9792999625205994","0.9792999625205994","0.9792999625205994"
"96592","0.9793999791145325","0.9793999791145325","0.9793999791145325"
"96603","0.9793999791145325","0.9793999791145325","0.9793999791145325"
"96614","0.9793999791145325","0.9793999791145325","0.9793999791145325"
"96625","0.9794999957084656","0.9794999957084656","0.9794999957084656"
"96636","0.9794999957084656","0.9794999957084656","0.9794999957084656"
"96647","0.9795999526977539","0.9795999526977539","0.9795999526977539"
"96658","0.9793999791145325","0.9793999791145325","0.9793999791145325"
"96669","0.9795999526977539","0.9795999526977539","0.9795999526977539"
"96680","0.9793999791145325","0.9793999791145325","0.9793999791145325"
"96691","0.9795999526977539","0.9795999526977539","0.9795999526977539"
"96702","0.9795999526977539","0.9795999526977539","0.9795999526977539"
"96713","0.9793999791145325","0.9793999791145325","0.9793999791145325"
"96724","0.979699969291687","0.979699969291687","0.979699969291687"
"96735","0.979699969291687","0.979699969291687","0.979699969291687"
"96746","0.979699969291687","0.979699969291687","0.979699969291687"
"96757","0.979699969291687","0.979699969291687","0.979699969291687"
"96768","0.9797999858856201","0.9797999858856201","0.9797999858856201"
"96779","0.9797999858856201","0.9797999858856201","0.9797999858856201"
"96790","0.9797999858856201","0.9797999858856201","0.9797999858856201"
"96801","0.9797999858856201","0.9797999858856201","0.9797999858856201"
"96812","0.9797999858856201","0.9797999858856201","0.9797999858856201"
"96823","0.9797999858856201","0.9797999858856201","0.9797999858856201"
"96834","0.9797999858856201","0.9797999858856201","0.9797999858856201"
"96845","0.9797999858856201","0.9797999858856201","0.9797999858856201"
"96856","0.9797999858856201","0.9797999858856201","0.9797999858856201"
"96867","0.9797999858856201","0.9797999858856201","0.9797999858856201"
"96878","0.9797999858856201","0.9797999858856201","0.9797999858856201"
"96889","0.9797999858856201","0.9797999858856201","0.9797999858856201"
"96900","0.9797999858856201","0.9797999858856201","0.9797999858856201"
"96911","0.9797999858856201","0.9797999858856201","0.9797999858856201"
"96922","0.9797999858856201","0.9797999858856201","0.9797999858856201"
"96933","0.9797999858856201","0.9797999858856201","0.9797999858856201"
"96944","0.9797999858856201","0.9797999858856201","0.9797999858856201"
"96955","0.9797999858856201","0.9797999858856201","0.9797999858856201"
"96966","0.9797999858856201","0.9797999858856201","0.9797999858856201"
"96977","0.9797999858856201","0.9797999858856201","0.9797999858856201"
"96988","0.9797999858856201","0.9797999858856201","0.9797999858856201"
"96999","0.9797999858856201","0.9797999858856201","0.9797999858856201"
"97010","0.9797999858856201","0.9797999858856201","0.9797999858856201"
"97021","0.9797999858856201","0.9797999858856201","0.9797999858856201"
"97032","0.9797999858856201","0.9797999858856201","0.9797999858856201"
"97043","0.9797999858856201","0.9797999858856201","0.9797999858856201"
"97054","0.9797999858856201","0.9797999858856201","0.9797999858856201"
"97065","0.9799000024795532","0.9799000024795532","0.9799000024795532"
"97076","0.9799000024795532","0.9799000024795532","0.9799000024795532"
"97087","0.9799000024795532","0.9799000024795532","0.9799000024795532"
"97098","0.9799000024795532","0.9799000024795532","0.9799000024795532"
"97109","0.9799000024795532","0.9799000024795532","0.9799000024795532"
"97120","0.9799000024795532","0.9799000024795532","0.9799000024795532"
"97131","0.9799000024795532","0.9799000024795532","0.9799000024795532"
"97142","0.9799000024795532","0.9799000024795532","0.9799000024795532"
"97153","0.9799000024795532","0.9799000024795532","0.9799000024795532"
"97164","0.9799000024795532","0.9799000024795532","0.9799000024795532"
"97175","0.9799000024795532","0.9799000024795532","0.9799000024795532"
"97186","0.9799000024795532","0.9799000024795532","0.9799000024795532"
"97197","0.9799000024795532","0.9799000024795532","0.9799000024795532"
"97208","0.9799000024795532","0.9799000024795532","0.9799000024795532"
"97219","0.9799000024795532","0.9799000024795532","0.9799000024795532"
"97230","0.9799000024795532","0.9799000024795532","0.9799000024795532"
"97241","0.9799000024795532","0.9799000024795532","0.9799000024795532"
"97252","0.9799000024795532","0.9799000024795532","0.9799000024795532"
"97263","0.9799000024795532","0.9799000024795532","0.9799000024795532"
"97274","0.9799000024795532","0.9799000024795532","0.9799000024795532"
"97285","0.9799000024795532","0.9799000024795532","0.9799000024795532"
"97296","0.9799000024795532","0.9799000024795532","0.9799000024795532"
"97307","0.9799000024795532","0.9799000024795532","0.9799000024795532"
"97318","0.9799000024795532","0.9799000024795532","0.9799000024795532"
"97329","0.9799000024795532","0.9799000024795532","0.9799000024795532"
"97340","0.9799000024795532","0.9799000024795532","0.9799000024795532"
"97351","0.9799000024795532","0.9799000024795532","0.9799000024795532"
"97362","0.9799000024795532","0.9799000024795532","0.9799000024795532"
"97373","0.9799000024795532","0.9799000024795532","0.9799000024795532"
"97384","0.9799000024795532","0.9799000024795532","0.9799000024795532"
"97395","0.9799000024795532","0.9799000024795532","0.9799000024795532"
"97406","0.9799000024795532","0.9799000024795532","0.9799000024795532"
"97417","0.9799000024795532","0.9799000024795532","0.9799000024795532"
"97428","0.9799000024795532","0.9799000024795532","0.9799000024795532"
"97439","0.9799000024795532","0.9799000024795532","0.9799000024795532"
"97450","0.9799000024795532","0.9799000024795532","0.9799000024795532"
"97461","0.9799000024795532","0.9799000024795532","0.9799000024795532"
"97472","0.9799000024795532","0.9799000024795532","0.9799000024795532"
"97483","0.9799000024795532","0.9799000024795532","0.9799000024795532"
"97494","0.9799000024795532","0.9799000024795532","0.9799000024795532"
"97505","0.9799000024795532","0.9799000024795532","0.9799000024795532"
"97516","0.9799000024795532","0.9799000024795532","0.9799000024795532"
"97527","0.9799000024795532","0.9799000024795532","0.9799000024795532"
"97538","0.9799999594688416","0.9799999594688416","0.9799999594688416"
"97549","0.9799999594688416","0.9799999594688416","0.9799999594688416"
"97560","0.9799999594688416","0.9799999594688416","0.9799999594688416"
"97571","0.9799999594688416","0.9799999594688416","0.9799999594688416"
"97582","0.9799999594688416","0.9799999594688416","0.9799999594688416"
"97593","0.9799999594688416","0.9799999594688416","0.9799999594688416"
"97604","0.9799999594688416","0.9799999594688416","0.9799999594688416"
"97615","0.9799999594688416","0.9799999594688416","0.9799999594688416"
"97626","0.9799999594688416","0.9799999594688416","0.9799999594688416"
"97637","0.9799999594688416","0.9799999594688416","0.9799999594688416"
"97648","0.9799999594688416","0.9799999594688416","0.9799999594688416"
"97659","0.9799999594688416","0.9799999594688416","0.9799999594688416"
"97670","0.9799999594688416","0.9799999594688416","0.9799999594688416"
"97681","0.9799999594688416","0.9799999594688416","0.9799999594688416"
"97692","0.9799999594688416","0.9799999594688416","0.9799999594688416"
"97703","0.9799999594688416","0.9799999594688416","0.9799999594688416"
"97714","0.9799999594688416","0.9799999594688416","0.9799999594688416"
"97725","0.9799999594688416","0.9799999594688416","0.9799999594688416"
"97736","0.9799999594688416","0.9799999594688416","0.9799999594688416"
"97747","0.9799999594688416","0.9799999594688416","0.9799999594688416"
"97758","0.9799999594688416","0.9799999594688416","0.9799999594688416"
"97769","0.9799999594688416","0.9799999594688416","0.9799999594688416"
"97780","0.9799999594688416","0.9799999594688416","0.9799999594688416"
"97791","0.9800999760627747","0.9800999760627747","0.9800999760627747"
"97802","0.9800999760627747","0.9800999760627747","0.9800999760627747"
"97813","0.9801999926567078","0.9801999926567078","0.9801999926567078"
"97824","0.9801999926567078","0.9801999926567078","0.9801999926567078"
"97835","0.9801999926567078","0.9801999926567078","0.9801999926567078"
"97846","0.9801999926567078","0.9801999926567078","0.9801999926567078"
"97857","0.9801999926567078","0.9801999926567078","0.9801999926567078"
"97868","0.9801999926567078","0.9801999926567078","0.9801999926567078"
"97879","0.9801999926567078","0.9801999926567078","0.9801999926567078"
"97890","0.9800999760627747","0.9800999760627747","0.9800999760627747"
"97901","0.9800999760627747","0.9800999760627747","0.9800999760627747"
"97912","0.9801999926567078","0.9801999926567078","0.9801999926567078"
"97923","0.9801999926567078","0.9801999926567078","0.9801999926567078"
"97934","0.9801999926567078","0.9801999926567078","0.9801999926567078"
"97945","0.9801999926567078","0.9801999926567078","0.9801999926567078"
"97956","0.9800999760627747","0.9800999760627747","0.9800999760627747"
"97967","0.9800999760627747","0.9800999760627747","0.9800999760627747"
"97978","0.9801999926567078","0.9801999926567078","0.9801999926567078"
"97989","0.9800999760627747","0.9800999760627747","0.9800999760627747"
"98000","0.9801999926567078","0.9801999926567078","0.9801999926567078"
"98011","0.9801999926567078","0.9801999926567078","0.9801999926567078"
"98022","0.9800999760627747","0.9800999760627747","0.9800999760627747"
"98033","0.9802999496459961","0.9802999496459961","0.9802999496459961"
"98044","0.9802999496459961","0.9802999496459961","0.9802999496459961"
"98055","0.9801999926567078","0.9801999926567078","0.9801999926567078"
"98066","0.9801999926567078","0.9801999926567078","0.9801999926567078"
"98077","0.9801999926567078","0.9801999926567078","0.9801999926567078"
"98088","0.9801999926567078","0.9801999926567078","0.9801999926567078"
"98099","0.9801999926567078","0.9801999926567078","0.9801999926567078"
"98110","0.9801999926567078","0.9801999926567078","0.9801999926567078"
"98121","0.9800999760627747","0.9800999760627747","0.9800999760627747"
"98132","0.9800999760627747","0.9800999760627747","0.9800999760627747"
"98143","0.9800999760627747","0.9800999760627747","0.9800999760627747"
"98154","0.9800999760627747","0.9800999760627747","0.9800999760627747"
"98165","0.9800999760627747","0.9800999760627747","0.9800999760627747"
"98176","0.9800999760627747","0.9800999760627747","0.9800999760627747"
"98187","0.9800999760627747","0.9800999760627747","0.9800999760627747"
"98198","0.9800999760627747","0.9800999760627747","0.9800999760627747"
"98209","0.9800999760627747","0.9800999760627747","0.9800999760627747"
"98220","0.9800999760627747","0.9800999760627747","0.9800999760627747"
"98231","0.9800999760627747","0.9800999760627747","0.9800999760627747"
"98242","0.9800999760627747","0.9800999760627747","0.9800999760627747"
"98253","0.9800999760627747","0.9800999760627747","0.9800999760627747"
"98264","0.9800999760627747","0.9800999760627747","0.9800999760627747"
"98275","0.9801999926567078","0.9801999926567078","0.9801999926567078"
"98286","0.9801999926567078","0.9801999926567078","0.9801999926567078"
"98297","0.9802999496459961","0.9802999496459961","0.9802999496459961"
"98308","0.9801999926567078","0.9801999926567078","0.9801999926567078"
"98319","0.9801999926567078","0.9801999926567078","0.9801999926567078"
"98330","0.9801999926567078","0.9801999926567078","0.9801999926567078"
"98341","0.9801999926567078","0.9801999926567078","0.9801999926567078"
"98352","0.9802999496459961","0.9802999496459961","0.9802999496459961"
"98363","0.9802999496459961","0.9802999496459961","0.9802999496459961"
"98374","0.9802999496459961","0.9802999496459961","0.9802999496459961"
"98385","0.9802999496459961","0.9802999496459961","0.9802999496459961"
"98396","0.9801999926567078","0.9801999926567078","0.9801999926567078"
"98407","0.9801999926567078","0.9801999926567078","0.9801999926567078"
"98418","0.9801999926567078","0.9801999926567078","0.9801999926567078"
"98429","0.9801999926567078","0.9801999926567078","0.9801999926567078"
"98440","0.9801999926567078","0.9801999926567078","0.9801999926567078"
"98451","0.9801999926567078","0.9801999926567078","0.9801999926567078"
"98462","0.9802999496459961","0.9802999496459961","0.9802999496459961"
"98473","0.9801999926567078","0.9801999926567078","0.9801999926567078"
"98484","0.9801999926567078","0.9801999926567078","0.9801999926567078"
"98495","0.9801999926567078","0.9801999926567078","0.9801999926567078"
"98506","0.9801999926567078","0.9801999926567078","0.9801999926567078"
"98517","0.9801999926567078","0.9801999926567078","0.9801999926567078"
"98528","0.9802999496459961","0.9802999496459961","0.9802999496459961"
"98539","0.9801999926567078","0.9801999926567078","0.9801999926567078"
"98550","0.9802999496459961","0.9802999496459961","0.9802999496459961"
"98561","0.9802999496459961","0.9802999496459961","0.9802999496459961"
"98572","0.9801999926567078","0.9801999926567078","0.9801999926567078"
"98583","0.9802999496459961","0.9802999496459961","0.9802999496459961"
"98594","0.9802999496459961","0.9802999496459961","0.9802999496459961"
"98605","0.9802999496459961","0.9802999496459961","0.9802999496459961"
"98616","0.9802999496459961","0.9802999496459961","0.9802999496459961"
"98627","0.9802999496459961","0.9802999496459961","0.9802999496459961"
"98638","0.9802999496459961","0.9802999496459961","0.9802999496459961"
"98649","0.9802999496459961","0.9802999496459961","0.9802999496459961"
"98660","0.9802999496459961","0.9802999496459961","0.9802999496459961"
"98671","0.9802999496459961","0.9802999496459961","0.9802999496459961"
"98682","0.9802999496459961","0.9802999496459961","0.9802999496459961"
"98693","0.9802999496459961","0.9802999496459961","0.9802999496459961"
"98704","0.9802999496459961","0.9802999496459961","0.9802999496459961"
"98715","0.9802999496459961","0.9802999496459961","0.9802999496459961"
"98726","0.9802999496459961","0.9802999496459961","0.9802999496459961"
"98737","0.9802999496459961","0.9802999496459961","0.9802999496459961"
"98748","0.9802999496459961","0.9802999496459961","0.9802999496459961"
"98759","0.9802999496459961","0.9802999496459961","0.9802999496459961"
"98770","0.9802999496459961","0.9802999496459961","0.9802999496459961"
"98781","0.9802999496459961","0.9802999496459961","0.9802999496459961"
"98792","0.9802999496459961","0.9802999496459961","0.9802999496459961"
"98803","0.9802999496459961","0.9802999496459961","0.9802999496459961"
"98814","0.9802999496459961","0.9802999496459961","0.9802999496459961"
"98825","0.9801999926567078","0.9801999926567078","0.9801999926567078"
"98836","0.9802999496459961","0.9802999496459961","0.9802999496459961"
"98847","0.9802999496459961","0.9802999496459961","0.9802999496459961"
"98858","0.9802999496459961","0.9802999496459961","0.9802999496459961"
"98869","0.9801999926567078","0.9801999926567078","0.9801999926567078"
"98880","0.9801999926567078","0.9801999926567078","0.9801999926567078"
"98891","0.9801999926567078","0.9801999926567078","0.9801999926567078"
"98902","0.9801999926567078","0.9801999926567078","0.9801999926567078"
"98913","0.9801999926567078","0.9801999926567078","0.9801999926567078"
"98924","0.9801999926567078","0.9801999926567078","0.9801999926567078"
"98935","0.9802999496459961","0.9802999496459961","0.9802999496459961"
"98946","0.9802999496459961","0.9802999496459961","0.9802999496459961"
"98957","0.9801999926567078","0.9801999926567078","0.9801999926567078"
"98968","0.9802999496459961","0.9802999496459961","0.9802999496459961"
"98979","0.9802999496459961","0.9802999496459961","0.9802999496459961"
"98990","0.9802999496459961","0.9802999496459961","0.9802999496459961"
"99001","0.9801999926567078","0.9801999926567078","0.9801999926567078"
"99012","0.9801999926567078","0.9801999926567078","0.9801999926567078"
"99023","0.9802999496459961","0.9802999496459961","0.9802999496459961"
"99034","0.9802999496459961","0.9802999496459961","0.9802999496459961"
"99045","0.9802999496459961","0.9802999496459961","0.9802999496459961"
"99056","0.9802999496459961","0.9802999496459961","0.9802999496459961"
"99067","0.9802999496459961","0.9802999496459961","0.9802999496459961"
"99078","0.9802999496459961","0.9802999496459961","0.9802999496459961"
"99089","0.9802999496459961","0.9802999496459961","0.9802999496459961"
"99100","0.9802999496459961","0.9802999496459961","0.9802999496459961"
"99111","0.9802999496459961","0.9802999496459961","0.9802999496459961"
"99122","0.9802999496459961","0.9802999496459961","0.9802999496459961"
"99133","0.9802999496459961","0.9802999496459961","0.9802999496459961"
"99144","0.9802999496459961","0.9802999496459961","0.9802999496459961"
"99155","0.9802999496459961","0.9802999496459961","0.9802999496459961"
"99166","0.9802999496459961","0.9802999496459961","0.9802999496459961"
"99177","0.9802999496459961","0.9802999496459961","0.9802999496459961"
"99188","0.9802999496459961","0.9802999496459961","0.9802999496459961"
"99199","0.9802999496459961","0.9802999496459961","0.9802999496459961"
"99210","0.9802999496459961","0.9802999496459961","0.9802999496459961"
"99221","0.9803999662399292","0.9803999662399292","0.9803999662399292"
"99232","0.9803999662399292","0.9803999662399292","0.9803999662399292"
"99243","0.9803999662399292","0.9803999662399292","0.9803999662399292"
"99254","0.9803999662399292","0.9803999662399292","0.9803999662399292"
"99265","0.9802999496459961","0.9802999496459961","0.9802999496459961"
"99276","0.9803999662399292","0.9803999662399292","0.9803999662399292"
"99287","0.9802999496459961","0.9802999496459961","0.9802999496459961"
"99298","0.9803999662399292","0.9803999662399292","0.9803999662399292"
"99309","0.9803999662399292","0.9803999662399292","0.9803999662399292"
"99320","0.9803999662399292","0.9803999662399292","0.9803999662399292"
"99331","0.9803999662399292","0.9803999662399292","0.9803999662399292"
"99342","0.9803999662399292","0.9803999662399292","0.9803999662399292"
"99353","0.9803999662399292","0.9803999662399292","0.9803999662399292"
"99364","0.9803999662399292","0.9803999662399292","0.9803999662399292"
"99375","0.9803999662399292","0.9803999662399292","0.9803999662399292"
"99386","0.9803999662399292","0.9803999662399292","0.9803999662399292"
"99397","0.9803999662399292","0.9803999662399292","0.9803999662399292"
"99408","0.9803999662399292","0.9803999662399292","0.9803999662399292"
"99419","0.9803999662399292","0.9803999662399292","0.9803999662399292"
"99430","0.9803999662399292","0.9803999662399292","0.9803999662399292"
"99441","0.9803999662399292","0.9803999662399292","0.9803999662399292"
"99452","0.9804999828338623","0.9804999828338623","0.9804999828338623"
"99463","0.9804999828338623","0.9804999828338623","0.9804999828338623"
"99474","0.9804999828338623","0.9804999828338623","0.9804999828338623"
"99485","0.9804999828338623","0.9804999828338623","0.9804999828338623"
"99496","0.9804999828338623","0.9804999828338623","0.9804999828338623"
"99507","0.9804999828338623","0.9804999828338623","0.9804999828338623"
"99518","0.9804999828338623","0.9804999828338623","0.9804999828338623"
"99529","0.9804999828338623","0.9804999828338623","0.9804999828338623"
"99540","0.9803999662399292","0.9803999662399292","0.9803999662399292"
"99551","0.9803999662399292","0.9803999662399292","0.9803999662399292"
"99562","0.9803999662399292","0.9803999662399292","0.9803999662399292"
"99573","0.9803999662399292","0.9803999662399292","0.9803999662399292"
"99584","0.9803999662399292","0.9803999662399292","0.9803999662399292"
"99595","0.9803999662399292","0.9803999662399292","0.9803999662399292"
"99606","0.9803999662399292","0.9803999662399292","0.9803999662399292"
"99617","0.9803999662399292","0.9803999662399292","0.9803999662399292"
"99628","0.9803999662399292","0.9803999662399292","0.9803999662399292"
"99639","0.9803999662399292","0.9803999662399292","0.9803999662399292"
"99650","0.9803999662399292","0.9803999662399292","0.9803999662399292"
"99661","0.9803999662399292","0.9803999662399292","0.9803999662399292"
"99672","0.9803999662399292","0.9803999662399292","0.9803999662399292"
"99683","0.9803999662399292","0.9803999662399292","0.9803999662399292"
"99694","0.9803999662399292","0.9803999662399292","0.9803999662399292"
"99705","0.9803999662399292","0.9803999662399292","0.9803999662399292"
"99716","0.9803999662399292","0.9803999662399292","0.9803999662399292"
"99727","0.9803999662399292","0.9803999662399292","0.9803999662399292"
"99738","0.9803999662399292","0.9803999662399292","0.9803999662399292"
"99749","0.9803999662399292","0.9803999662399292","0.9803999662399292"
"99760","0.9803999662399292","0.9803999662399292","0.9803999662399292"
"99771","0.9803999662399292","0.9803999662399292","0.9803999662399292"
"99782","0.9803999662399292","0.9803999662399292","0.9803999662399292"
"99793","0.9803999662399292","0.9803999662399292","0.9803999662399292"
"99804","0.9803999662399292","0.9803999662399292","0.9803999662399292"
"99815","0.9803999662399292","0.9803999662399292","0.9803999662399292"
"99826","0.9803999662399292","0.9803999662399292","0.9803999662399292"
"99837","0.9803999662399292","0.9803999662399292","0.9803999662399292"
"99848","0.9803999662399292","0.9803999662399292","0.9803999662399292"
"99859","0.9803999662399292","0.9803999662399292","0.9803999662399292"
"99870","0.9803999662399292","0.9803999662399292","0.9803999662399292"
"99881","0.9803999662399292","0.9803999662399292","0.9803999662399292"
"99892","0.9803999662399292","0.9803999662399292","0.9803999662399292"
"99903","0.9804999828338623","0.9804999828338623","0.9804999828338623"
"99914","0.9804999828338623","0.9804999828338623","0.9804999828338623"
"99925","0.9804999828338623","0.9804999828338623","0.9804999828338623"
"99936","0.9804999828338623","0.9804999828338623","0.9804999828338623"
"99947","0.9804999828338623","0.9804999828338623","0.9804999828338623"
"99958","0.9804999828338623","0.9804999828338623","0.9804999828338623"
"99969","0.9804999828338623","0.9804999828338623","0.9804999828338623"
"99980","0.9804999828338623","0.9804999828338623","0.9804999828338623"
"99991","0.9804999828338623","0.9804999828338623","0.9804999828338623"
"100002","0.9804999828338623","0.9804999828338623","0.9804999828338623"
"100013","0.9804999828338623","0.9804999828338623","0.9804999828338623"
"100024","0.9804999828338623","0.9804999828338623","0.9804999828338623"
"100035","0.9804999828338623","0.9804999828338623","0.9804999828338623"
"100046","0.9804999828338623","0.9804999828338623","0.9804999828338623"
"100057","0.9804999828338623","0.9804999828338623","0.9804999828338623"
"100068","0.9804999828338623","0.9804999828338623","0.9804999828338623"
"100079","0.9804999828338623","0.9804999828338623","0.9804999828338623"
"100090","0.9804999828338623","0.9804999828338623","0.9804999828338623"
"100101","0.9804999828338623","0.9804999828338623","0.9804999828338623"
"100112","0.9804999828338623","0.9804999828338623","0.9804999828338623"
"100123","0.9804999828338623","0.9804999828338623","0.9804999828338623"
"100134","0.9804999828338623","0.9804999828338623","0.9804999828338623"
"100145","0.9804999828338623","0.9804999828338623","0.9804999828338623"
"100156","0.9804999828338623","0.9804999828338623","0.9804999828338623"
"100167","0.9804999828338623","0.9804999828338623","0.9804999828338623"
"100178","0.9804999828338623","0.9804999828338623","0.9804999828338623"
"100189","0.9804999828338623","0.9804999828338623","0.9804999828338623"
"100200","0.9804999828338623","0.9804999828338623","0.9804999828338623"
"100211","0.9804999828338623","0.9804999828338623","0.9804999828338623"
"100222","0.9803999662399292","0.9803999662399292","0.9803999662399292"
"100233","0.9804999828338623","0.9804999828338623","0.9804999828338623"
"100244","0.9805999994277954","0.9805999994277954","0.9805999994277954"
"100255","0.9804999828338623","0.9804999828338623","0.9804999828338623"
"100266","0.9803999662399292","0.9803999662399292","0.9803999662399292"
"100277","0.9803999662399292","0.9803999662399292","0.9803999662399292"
"100288","0.9805999994277954","0.9805999994277954","0.9805999994277954"
"100299","0.9805999994277954","0.9805999994277954","0.9805999994277954"
"100310","0.9805999994277954","0.9805999994277954","0.9805999994277954"
"100321","0.9804999828338623","0.9804999828338623","0.9804999828338623"
"100332","0.9805999994277954","0.9805999994277954","0.9805999994277954"
"100343","0.9804999828338623","0.9804999828338623","0.9804999828338623"
"100354","0.9804999828338623","0.9804999828338623","0.9804999828338623"
"100365","0.9804999828338623","0.9804999828338623","0.9804999828338623"
"100376","0.9803999662399292","0.9803999662399292","0.9803999662399292"
"100387","0.9804999828338623","0.9804999828338623","0.9804999828338623"
"100398","0.9805999994277954","0.9805999994277954","0.9805999994277954"
"100409","0.9805999994277954","0.9805999994277954","0.9805999994277954"
"100420","0.9804999828338623","0.9804999828338623","0.9804999828338623"
"100431","0.9805999994277954","0.9805999994277954","0.9805999994277954"
"100442","0.9804999828338623","0.9804999828338623","0.9804999828338623"
"100453","0.9804999828338623","0.9804999828338623","0.9804999828338623"
"100464","0.9805999994277954","0.9805999994277954","0.9805999994277954"
"100475","0.9804999828338623","0.9804999828338623","0.9804999828338623"
"100486","0.9804999828338623","0.9804999828338623","0.9804999828338623"
"100497","0.9804999828338623","0.9804999828338623","0.9804999828338623"
"100508","0.9803999662399292","0.9803999662399292","0.9803999662399292"
"100519","0.9803999662399292","0.9803999662399292","0.9803999662399292"
"100530","0.9803999662399292","0.9803999662399292","0.9803999662399292"
"100541","0.9804999828338623","0.9804999828338623","0.9804999828338623"
"100552","0.9804999828338623","0.9804999828338623","0.9804999828338623"
"100563","0.9804999828338623","0.9804999828338623","0.9804999828338623"
"100574","0.9804999828338623","0.9804999828338623","0.9804999828338623"
"100585","0.9804999828338623","0.9804999828338623","0.9804999828338623"
"100596","0.9804999828338623","0.9804999828338623","0.9804999828338623"
"100607","0.9804999828338623","0.9804999828338623","0.9804999828338623"
"100618","0.9804999828338623","0.9804999828338623","0.9804999828338623"
"100629","0.9804999828338623","0.9804999828338623","0.9804999828338623"
"100640","0.9804999828338623","0.9804999828338623","0.9804999828338623"
"100651","0.9803999662399292","0.9803999662399292","0.9803999662399292"
"100662","0.9804999828338623","0.9804999828338623","0.9804999828338623"
"100673","0.9804999828338623","0.9804999828338623","0.9804999828338623"
"100684","0.9804999828338623","0.9804999828338623","0.9804999828338623"
"100695","0.9804999828338623","0.9804999828338623","0.9804999828338623"
"100706","0.9804999828338623","0.9804999828338623","0.9804999828338623"
"100717","0.9804999828338623","0.9804999828338623","0.9804999828338623"
"100728","0.9804999828338623","0.9804999828338623","0.9804999828338623"
"100739","0.9804999828338623","0.9804999828338623","0.9804999828338623"
"100750","0.9804999828338623","0.9804999828338623","0.9804999828338623"
"100761","0.9804999828338623","0.9804999828338623","0.9804999828338623"
"100772","0.9805999994277954","0.9805999994277954","0.9805999994277954"
"100783","0.9805999994277954","0.9805999994277954","0.9805999994277954"
"100794","0.9806999564170837","0.9806999564170837","0.9806999564170837"
"100805","0.9806999564170837","0.9806999564170837","0.9806999564170837"
"100816","0.9806999564170837","0.9806999564170837","0.9806999564170837"
"100827","0.9806999564170837","0.9806999564170837","0.9806999564170837"
"100838","0.9806999564170837","0.9806999564170837","0.9806999564170837"
"100849","0.9807999730110168","0.9807999730110168","0.9807999730110168"
"100860","0.9805999994277954","0.9805999994277954","0.9805999994277954"
"100871","0.9805999994277954","0.9805999994277954","0.9805999994277954"
"100882","0.9805999994277954","0.9805999994277954","0.9805999994277954"
"100893","0.9805999994277954","0.9805999994277954","0.9805999994277954"
"100904","0.9805999994277954","0.9805999994277954","0.9805999994277954"
"100915","0.9805999994277954","0.9805999994277954","0.9805999994277954"
"100926","0.9806999564170837","0.9806999564170837","0.9806999564170837"
"100937","0.9806999564170837","0.9806999564170837","0.9806999564170837"
"100948","0.9806999564170837","0.9806999564170837","0.9806999564170837"
"100959","0.9806999564170837","0.9806999564170837","0.9806999564170837"
"100970","0.9807999730110168","0.9807999730110168","0.9807999730110168"
"100981","0.9806999564170837","0.9806999564170837","0.9806999564170837"
"100992","0.9807999730110168","0.9807999730110168","0.9807999730110168"
"101003","0.9807999730110168","0.9807999730110168","0.9807999730110168"
"101014","0.9807999730110168","0.9807999730110168","0.9807999730110168"
"101025","0.9806999564170837","0.9806999564170837","0.9806999564170837"
"101036","0.9806999564170837","0.9806999564170837","0.9806999564170837"
"101047","0.9806999564170837","0.9806999564170837","0.9806999564170837"
"101058","0.9805999994277954","0.9805999994277954","0.9805999994277954"
"101069","0.9807999730110168","0.9807999730110168","0.9807999730110168"
"101080","0.9807999730110168","0.9807999730110168","0.9807999730110168"
"101091","0.9805999994277954","0.9805999994277954","0.9805999994277954"
"101102","0.9804999828338623","0.9804999828338623","0.9804999828338623"
"101113","0.9805999994277954","0.9805999994277954","0.9805999994277954"
"101124","0.9805999994277954","0.9805999994277954","0.9805999994277954"
"101135","0.9805999994277954","0.9805999994277954","0.9805999994277954"
"101146","0.9805999994277954","0.9805999994277954","0.9805999994277954"
"101157","0.9805999994277954","0.9805999994277954","0.9805999994277954"
"101168","0.9804999828338623","0.9804999828338623","0.9804999828338623"
"101179","0.9804999828338623","0.9804999828338623","0.9804999828338623"
"101190","0.9804999828338623","0.9804999828338623","0.9804999828338623"
"101201","0.9805999994277954","0.9805999994277954","0.9805999994277954"
"101212","0.9805999994277954","0.9805999994277954","0.9805999994277954"
"101223","0.9807999730110168","0.9807999730110168","0.9807999730110168"
"101234","0.9806999564170837","0.9806999564170837","0.9806999564170837"
"101245","0.98089998960495","0.98089998960495","0.98089998960495"
"101256","0.9807999730110168","0.9807999730110168","0.9807999730110168"
"101267","0.9807999730110168","0.9807999730110168","0.9807999730110168"
"101278","0.9807999730110168","0.9807999730110168","0.9807999730110168"
"101289","0.9807999730110168","0.9807999730110168","0.9807999730110168"
"101300","0.9807999730110168","0.9807999730110168","0.9807999730110168"
"101311","0.9807999730110168","0.9807999730110168","0.9807999730110168"
"101322","0.9806999564170837","0.9806999564170837","0.9806999564170837"
"101333","0.9806999564170837","0.9806999564170837","0.9806999564170837"
"101344","0.9806999564170837","0.9806999564170837","0.9806999564170837"
"101355","0.9806999564170837","0.9806999564170837","0.9806999564170837"
"101366","0.9806999564170837","0.9806999564170837","0.9806999564170837"
"101377","0.9806999564170837","0.9806999564170837","0.9806999564170837"
"101388","0.9806999564170837","0.9806999564170837","0.9806999564170837"
"101399","0.9807999730110168","0.9807999730110168","0.9807999730110168"
"101410","0.9807999730110168","0.9807999730110168","0.9807999730110168"
"101421","0.9807999730110168","0.9807999730110168","0.9807999730110168"
"101432","0.9807999730110168","0.9807999730110168","0.9807999730110168"
"101443","0.9807999730110168","0.9807999730110168","0.9807999730110168"
"101454","0.9807999730110168","0.9807999730110168","0.9807999730110168"
"101465","0.9807999730110168","0.9807999730110168","0.9807999730110168"
"101476","0.9807999730110168","0.9807999730110168","0.9807999730110168"
"101487","0.9807999730110168","0.9807999730110168","0.9807999730110168"
"101498","0.9807999730110168","0.9807999730110168","0.9807999730110168"
"101509","0.9807999730110168","0.9807999730110168","0.9807999730110168"
"101520","0.9807999730110168","0.9807999730110168","0.9807999730110168"
"101531","0.9809999465942383","0.9809999465942383","0.9809999465942383"
"101542","0.9809999465942383","0.9809999465942383","0.9809999465942383"
"101553","0.9809999465942383","0.9809999465942383","0.9809999465942383"
"101564","0.9809999465942383","0.9809999465942383","0.9809999465942383"
"101575","0.9809999465942383","0.9809999465942383","0.9809999465942383"
"101586","0.98089998960495","0.98089998960495","0.98089998960495"
"101597","0.9809999465942383","0.9809999465942383","0.9809999465942383"
"101608","0.9809999465942383","0.9809999465942383","0.9809999465942383"
"101619","0.9809999465942383","0.9809999465942383","0.9809999465942383"
"101630","0.9809999465942383","0.9809999465942383","0.9809999465942383"
"101641","0.9809999465942383","0.9809999465942383","0.9809999465942383"
"101652","0.98089998960495","0.98089998960495","0.98089998960495"
"101663","0.98089998960495","0.98089998960495","0.98089998960495"
"101674","0.98089998960495","0.98089998960495","0.98089998960495"
"101685","0.98089998960495","0.98089998960495","0.98089998960495"
"101696","0.9807999730110168","0.9807999730110168","0.9807999730110168"
"101707","0.9807999730110168","0.9807999730110168","0.9807999730110168"
"101718","0.9807999730110168","0.9807999730110168","0.9807999730110168"
"101729","0.9807999730110168","0.9807999730110168","0.9807999730110168"
"101740","0.9807999730110168","0.9807999730110168","0.9807999730110168"
"101751","0.9807999730110168","0.9807999730110168","0.9807999730110168"
"101762","0.9807999730110168","0.9807999730110168","0.9807999730110168"
"101773","0.9807999730110168","0.9807999730110168","0.9807999730110168"
"101784","0.98089998960495","0.98089998960495","0.98089998960495"
"101795","0.98089998960495","0.98089998960495","0.98089998960495"
"101806","0.98089998960495","0.98089998960495","0.98089998960495"
"101817","0.9807999730110168","0.9807999730110168","0.9807999730110168"
"101828","0.9807999730110168","0.9807999730110168","0.9807999730110168"
"101839","0.98089998960495","0.98089998960495","0.98089998960495"
"101850","0.9807999730110168","0.9807999730110168","0.9807999730110168"
"101861","0.98089998960495","0.98089998960495","0.98089998960495"
"101872","0.98089998960495","0.98089998960495","0.98089998960495"
"101883","0.98089998960495","0.98089998960495","0.98089998960495"
"101894","0.98089998960495","0.98089998960495","0.98089998960495"
"101905","0.98089998960495","0.98089998960495","0.98089998960495"
"101916","0.98089998960495","0.98089998960495","0.98089998960495"
"101927","0.98089998960495","0.98089998960495","0.98089998960495"
"101938","0.98089998960495","0.98089998960495","0.98089998960495"
"101949","0.98089998960495","0.98089998960495","0.98089998960495"
"101960","0.98089998960495","0.98089998960495","0.98089998960495"
"101971","0.98089998960495","0.98089998960495","0.98089998960495"
"101982","0.98089998960495","0.98089998960495","0.98089998960495"
"101993","0.98089998960495","0.98089998960495","0.98089998960495"
"102004","0.9809999465942383","0.9809999465942383","0.9809999465942383"
"102015","0.98089998960495","0.98089998960495","0.98089998960495"
"102026","0.98089998960495","0.98089998960495","0.98089998960495"
"102037","0.9809999465942383","0.9809999465942383","0.9809999465942383"
"102048","0.9809999465942383","0.9809999465942383","0.9809999465942383"
"102059","0.9809999465942383","0.9809999465942383","0.9809999465942383"
"102070","0.9809999465942383","0.9809999465942383","0.9809999465942383"
"102081","0.9809999465942383","0.9809999465942383","0.9809999465942383"
"102092","0.9809999465942383","0.9809999465942383","0.9809999465942383"
"102103","0.9809999465942383","0.9809999465942383","0.9809999465942383"
"102114","0.9809999465942383","0.9809999465942383","0.9809999465942383"
"102125","0.9809999465942383","0.9809999465942383","0.9809999465942383"
"102136","0.9809999465942383","0.9809999465942383","0.9809999465942383"
"102147","0.9809999465942383","0.9809999465942383","0.9809999465942383"
"102158","0.9809999465942383","0.9809999465942383","0.9809999465942383"
"102169","0.9809999465942383","0.9809999465942383","0.9809999465942383"
"102180","0.98089998960495","0.98089998960495","0.98089998960495"
"102191","0.98089998960495","0.98089998960495","0.98089998960495"
"102202","0.98089998960495","0.98089998960495","0.98089998960495"
"102213","0.98089998960495","0.98089998960495","0.98089998960495"
"102224","0.98089998960495","0.98089998960495","0.98089998960495"
"102235","0.98089998960495","0.98089998960495","0.98089998960495"
"102246","0.98089998960495","0.98089998960495","0.98089998960495"
"102257","0.98089998960495","0.98089998960495","0.98089998960495"
"102268","0.98089998960495","0.98089998960495","0.98089998960495"
"102279","0.98089998960495","0.98089998960495","0.98089998960495"
"102290","0.98089998960495","0.98089998960495","0.98089998960495"
"102301","0.98089998960495","0.98089998960495","0.98089998960495"
"102312","0.98089998960495","0.98089998960495","0.98089998960495"
"102323","0.9807999730110168","0.9807999730110168","0.9807999730110168"
"102334","0.9807999730110168","0.9807999730110168","0.9807999730110168"
"102345","0.9807999730110168","0.9807999730110168","0.9807999730110168"
"102356","0.98089998960495","0.98089998960495","0.98089998960495"
"102367","0.98089998960495","0.98089998960495","0.98089998960495"
"102378","0.98089998960495","0.98089998960495","0.98089998960495"
"102389","0.9809999465942383","0.9809999465942383","0.9809999465942383"
"102400","0.9809999465942383","0.9809999465942383","0.9809999465942383"
"102411","0.9809999465942383","0.9809999465942383","0.9809999465942383"
"102422","0.9809999465942383","0.9809999465942383","0.9809999465942383"
"102433","0.9809999465942383","0.9809999465942383","0.9809999465942383"
"102444","0.9809999465942383","0.9809999465942383","0.9809999465942383"
"102455","0.9809999465942383","0.9809999465942383","0.9809999465942383"
"102466","0.9809999465942383","0.9809999465942383","0.9809999465942383"
"102477","0.9809999465942383","0.9809999465942383","0.9809999465942383"
"102488","0.9810999631881714","0.9810999631881714","0.9810999631881714"
"102499","0.9809999465942383","0.9809999465942383","0.9809999465942383"
"102510","0.9809999465942383","0.9809999465942383","0.9809999465942383"
"102521","0.9810999631881714","0.9810999631881714","0.9810999631881714"
"102532","0.9810999631881714","0.9810999631881714","0.9810999631881714"
"102543","0.9811999797821045","0.9811999797821045","0.9811999797821045"
"102554","0.9811999797821045","0.9811999797821045","0.9811999797821045"
"102565","0.9811999797821045","0.9811999797821045","0.9811999797821045"
"102576","0.9810999631881714","0.9810999631881714","0.9810999631881714"
"102587","0.9811999797821045","0.9811999797821045","0.9811999797821045"
"102598","0.9811999797821045","0.9811999797821045","0.9811999797821045"
"102609","0.9811999797821045","0.9811999797821045","0.9811999797821045"
"102620","0.9811999797821045","0.9811999797821045","0.9811999797821045"
"102631","0.9811999797821045","0.9811999797821045","0.9811999797821045"
"102642","0.9811999797821045","0.9811999797821045","0.9811999797821045"
"102653","0.9811999797821045","0.9811999797821045","0.9811999797821045"
"102664","0.9811999797821045","0.9811999797821045","0.9811999797821045"
"102675","0.9812999963760376","0.9812999963760376","0.9812999963760376"
"102686","0.9811999797821045","0.9811999797821045","0.9811999797821045"
"102697","0.9812999963760376","0.9812999963760376","0.9812999963760376"
"102708","0.9812999963760376","0.9812999963760376","0.9812999963760376"
"102719","0.9812999963760376","0.9812999963760376","0.9812999963760376"
"102730","0.9812999963760376","0.9812999963760376","0.9812999963760376"
"102741","0.9812999963760376","0.9812999963760376","0.9812999963760376"
"102752","0.9812999963760376","0.9812999963760376","0.9812999963760376"
"102763","0.9812999963760376","0.9812999963760376","0.9812999963760376"
"102774","0.9812999963760376","0.9812999963760376","0.9812999963760376"
"102785","0.9812999963760376","0.9812999963760376","0.9812999963760376"
"102796","0.9812999963760376","0.9812999963760376","0.9812999963760376"
"102807","0.9812999963760376","0.9812999963760376","0.9812999963760376"
"102818","0.9812999963760376","0.9812999963760376","0.9812999963760376"
"102829","0.9812999963760376","0.9812999963760376","0.9812999963760376"
"102840","0.9812999963760376","0.9812999963760376","0.9812999963760376"
"102851","0.9813999533653259","0.9813999533653259","0.9813999533653259"
"102862","0.9813999533653259","0.9813999533653259","0.9813999533653259"
"102873","0.9813999533653259","0.9813999533653259","0.9813999533653259"
"102884","0.9813999533653259","0.9813999533653259","0.9813999533653259"
"102895","0.9813999533653259","0.9813999533653259","0.9813999533653259"
"102906","0.9813999533653259","0.9813999533653259","0.9813999533653259"
"102917","0.9813999533653259","0.9813999533653259","0.9813999533653259"
"102928","0.9813999533653259","0.9813999533653259","0.9813999533653259"
"102939","0.9813999533653259","0.9813999533653259","0.9813999533653259"
"102950","0.9813999533653259","0.9813999533653259","0.9813999533653259"
"102961","0.9812999963760376","0.9812999963760376","0.9812999963760376"
"102972","0.9813999533653259","0.9813999533653259","0.9813999533653259"
"102983","0.9812999963760376","0.9812999963760376","0.9812999963760376"
"102994","0.9812999963760376","0.9812999963760376","0.9812999963760376"
"103005","0.9812999963760376","0.9812999963760376","0.9812999963760376"
"103016","0.9812999963760376","0.9812999963760376","0.9812999963760376"
"103027","0.9811999797821045","0.9811999797821045","0.9811999797821045"
"103038","0.9811999797821045","0.9811999797821045","0.9811999797821045"
"103049","0.9811999797821045","0.9811999797821045","0.9811999797821045"
"103060","0.9811999797821045","0.9811999797821045","0.9811999797821045"
"103071","0.9812999963760376","0.9812999963760376","0.9812999963760376"
"103082","0.9812999963760376","0.9812999963760376","0.9812999963760376"
"103093","0.9811999797821045","0.9811999797821045","0.9811999797821045"
"103104","0.9812999963760376","0.9812999963760376","0.9812999963760376"
"103115","0.9813999533653259","0.9813999533653259","0.9813999533653259"
"103126","0.9813999533653259","0.9813999533653259","0.9813999533653259"
"103137","0.9813999533653259","0.9813999533653259","0.9813999533653259"
"103148","0.9813999533653259","0.9813999533653259","0.9813999533653259"
"103159","0.9813999533653259","0.9813999533653259","0.9813999533653259"
"103170","0.9813999533653259","0.9813999533653259","0.9813999533653259"
"103181","0.9813999533653259","0.9813999533653259","0.9813999533653259"
"103192","0.9813999533653259","0.9813999533653259","0.9813999533653259"
"103203","0.9813999533653259","0.9813999533653259","0.9813999533653259"
"103214","0.9813999533653259","0.9813999533653259","0.9813999533653259"
"103225","0.9813999533653259","0.9813999533653259","0.9813999533653259"
"103236","0.9813999533653259","0.9813999533653259","0.9813999533653259"
"103247","0.9813999533653259","0.9813999533653259","0.9813999533653259"
"103258","0.9813999533653259","0.9813999533653259","0.9813999533653259"
"103269","0.9813999533653259","0.9813999533653259","0.9813999533653259"
"103280","0.9813999533653259","0.9813999533653259","0.9813999533653259"
"103291","0.9813999533653259","0.9813999533653259","0.9813999533653259"
"103302","0.9813999533653259","0.9813999533653259","0.9813999533653259"
"103313","0.9813999533653259","0.9813999533653259","0.9813999533653259"
"103324","0.9813999533653259","0.9813999533653259","0.9813999533653259"
"103335","0.9813999533653259","0.9813999533653259","0.9813999533653259"
"103346","0.9813999533653259","0.9813999533653259","0.9813999533653259"
"103357","0.9813999533653259","0.9813999533653259","0.9813999533653259"
"103368","0.9813999533653259","0.9813999533653259","0.9813999533653259"
"103379","0.9813999533653259","0.9813999533653259","0.9813999533653259"
"103390","0.9813999533653259","0.9813999533653259","0.9813999533653259"
"103401","0.9813999533653259","0.9813999533653259","0.9813999533653259"
"103412","0.9813999533653259","0.9813999533653259","0.9813999533653259"
"103423","0.9813999533653259","0.9813999533653259","0.9813999533653259"
"103434","0.9813999533653259","0.9813999533653259","0.9813999533653259"
"103445","0.9813999533653259","0.9813999533653259","0.9813999533653259"
"103456","0.9813999533653259","0.9813999533653259","0.9813999533653259"
"103467","0.9813999533653259","0.9813999533653259","0.9813999533653259"
"103478","0.9813999533653259","0.9813999533653259","0.9813999533653259"
"103489","0.9813999533653259","0.9813999533653259","0.9813999533653259"
"103500","0.9813999533653259","0.9813999533653259","0.9813999533653259"
"103511","0.9813999533653259","0.9813999533653259","0.9813999533653259"
"103522","0.9813999533653259","0.9813999533653259","0.9813999533653259"
"103533","0.9813999533653259","0.9813999533653259","0.9813999533653259"
"103544","0.9813999533653259","0.9813999533653259","0.9813999533653259"
"103555","0.9813999533653259","0.9813999533653259","0.9813999533653259"
"103566","0.9813999533653259","0.9813999533653259","0.9813999533653259"
"103577","0.9813999533653259","0.9813999533653259","0.9813999533653259"
"103588","0.9813999533653259","0.9813999533653259","0.9813999533653259"
"103599","0.9813999533653259","0.9813999533653259","0.9813999533653259"
"103610","0.9813999533653259","0.9813999533653259","0.9813999533653259"
"103621","0.9813999533653259","0.9813999533653259","0.9813999533653259"
"103632","0.9813999533653259","0.9813999533653259","0.9813999533653259"
"103643","0.9813999533653259","0.9813999533653259","0.9813999533653259"
"103654","0.9813999533653259","0.9813999533653259","0.9813999533653259"
"103665","0.9813999533653259","0.9813999533653259","0.9813999533653259"
"103676","0.9813999533653259","0.9813999533653259","0.9813999533653259"
"103687","0.9813999533653259","0.9813999533653259","0.9813999533653259"
"103698","0.9813999533653259","0.9813999533653259","0.9813999533653259"
"103709","0.9813999533653259","0.9813999533653259","0.9813999533653259"
"103720","0.9813999533653259","0.9813999533653259","0.9813999533653259"
"103731","0.9813999533653259","0.9813999533653259","0.9813999533653259"
"103742","0.9813999533653259","0.9813999533653259","0.9813999533653259"
"103753","0.9813999533653259","0.9813999533653259","0.9813999533653259"
"103764","0.9813999533653259","0.9813999533653259","0.9813999533653259"
"103775","0.9813999533653259","0.9813999533653259","0.9813999533653259"
"103786","0.9813999533653259","0.9813999533653259","0.9813999533653259"
"103797","0.9813999533653259","0.9813999533653259","0.9813999533653259"
"103808","0.9813999533653259","0.9813999533653259","0.9813999533653259"
"103819","0.9813999533653259","0.9813999533653259","0.9813999533653259"
"103830","0.9813999533653259","0.9813999533653259","0.9813999533653259"
"103841","0.9813999533653259","0.9813999533653259","0.9813999533653259"
"103852","0.9813999533653259","0.9813999533653259","0.9813999533653259"
"103863","0.9813999533653259","0.9813999533653259","0.9813999533653259"
"103874","0.9813999533653259","0.9813999533653259","0.9813999533653259"
"103885","0.9813999533653259","0.9813999533653259","0.9813999533653259"
"103896","0.9813999533653259","0.9813999533653259","0.9813999533653259"
"103907","0.9813999533653259","0.9813999533653259","0.9813999533653259"
"103918","0.9813999533653259","0.9813999533653259","0.9813999533653259"
"103929","0.9813999533653259","0.9813999533653259","0.9813999533653259"
"103940","0.9813999533653259","0.9813999533653259","0.9813999533653259"
"103951","0.9813999533653259","0.9813999533653259","0.9813999533653259"
"103962","0.9813999533653259","0.9813999533653259","0.9813999533653259"
"103973","0.981499969959259","0.981499969959259","0.981499969959259"
"103984","0.981499969959259","0.981499969959259","0.981499969959259"
"103995","0.981499969959259","0.981499969959259","0.981499969959259"
"104006","0.981499969959259","0.981499969959259","0.981499969959259"
"104017","0.981499969959259","0.981499969959259","0.981499969959259"
"104028","0.981499969959259","0.981499969959259","0.981499969959259"
"104039","0.9813999533653259","0.9813999533653259","0.9813999533653259"
"104050","0.981499969959259","0.981499969959259","0.981499969959259"
"104061","0.981499969959259","0.981499969959259","0.981499969959259"
"104072","0.981499969959259","0.981499969959259","0.981499969959259"
"104083","0.981499969959259","0.981499969959259","0.981499969959259"
"104094","0.981499969959259","0.981499969959259","0.981499969959259"
"104105","0.981499969959259","0.981499969959259","0.981499969959259"
"104116","0.981499969959259","0.981499969959259","0.981499969959259"
"104127","0.981499969959259","0.981499969959259","0.981499969959259"
"104138","0.981499969959259","0.981499969959259","0.981499969959259"
"104149","0.981499969959259","0.981499969959259","0.981499969959259"
"104160","0.981499969959259","0.981499969959259","0.981499969959259"
"104171","0.981499969959259","0.981499969959259","0.981499969959259"
"104182","0.981499969959259","0.981499969959259","0.981499969959259"
"104193","0.981499969959259","0.981499969959259","0.981499969959259"
"104204","0.981499969959259","0.981499969959259","0.981499969959259"
"104215","0.9813999533653259","0.9813999533653259","0.9813999533653259"
"104226","0.981499969959259","0.981499969959259","0.981499969959259"
"104237","0.981499969959259","0.981499969959259","0.981499969959259"
"104248","0.9813999533653259","0.9813999533653259","0.9813999533653259"
"104259","0.9813999533653259","0.9813999533653259","0.9813999533653259"
"104270","0.9813999533653259","0.9813999533653259","0.9813999533653259"
"104281","0.981499969959259","0.981499969959259","0.981499969959259"
"104292","0.981499969959259","0.981499969959259","0.981499969959259"
"104303","0.981499969959259","0.981499969959259","0.981499969959259"
"104314","0.981499969959259","0.981499969959259","0.981499969959259"
"104325","0.981499969959259","0.981499969959259","0.981499969959259"
"104336","0.981499969959259","0.981499969959259","0.981499969959259"
"104347","0.981499969959259","0.981499969959259","0.981499969959259"
"104358","0.981499969959259","0.981499969959259","0.981499969959259"
"104369","0.981499969959259","0.981499969959259","0.981499969959259"
"104380","0.981499969959259","0.981499969959259","0.981499969959259"
"104391","0.981499969959259","0.981499969959259","0.981499969959259"
"104402","0.981499969959259","0.981499969959259","0.981499969959259"
"104413","0.981499969959259","0.981499969959259","0.981499969959259"
"104424","0.981499969959259","0.981499969959259","0.981499969959259"
"104435","0.981499969959259","0.981499969959259","0.981499969959259"
"104446","0.981499969959259","0.981499969959259","0.981499969959259"
"104457","0.981499969959259","0.981499969959259","0.981499969959259"
"104468","0.981499969959259","0.981499969959259","0.981499969959259"
"104479","0.981499969959259","0.981499969959259","0.981499969959259"
"104490","0.981499969959259","0.981499969959259","0.981499969959259"
"104501","0.981499969959259","0.981499969959259","0.981499969959259"
"104512","0.981499969959259","0.981499969959259","0.981499969959259"
"104523","0.981499969959259","0.981499969959259","0.981499969959259"
"104534","0.981499969959259","0.981499969959259","0.981499969959259"
"104545","0.981499969959259","0.981499969959259","0.981499969959259"
"104556","0.981499969959259","0.981499969959259","0.981499969959259"
"104567","0.981499969959259","0.981499969959259","0.981499969959259"
"104578","0.981499969959259","0.981499969959259","0.981499969959259"
"104589","0.981499969959259","0.981499969959259","0.981499969959259"
"104600","0.981499969959259","0.981499969959259","0.981499969959259"
"104611","0.981499969959259","0.981499969959259","0.981499969959259"
"104622","0.981499969959259","0.981499969959259","0.981499969959259"
"104633","0.981499969959259","0.981499969959259","0.981499969959259"
"104644","0.981499969959259","0.981499969959259","0.981499969959259"
"104655","0.981499969959259","0.981499969959259","0.981499969959259"
"104666","0.981499969959259","0.981499969959259","0.981499969959259"
"104677","0.981499969959259","0.981499969959259","0.981499969959259"
"104688","0.981499969959259","0.981499969959259","0.981499969959259"
"104699","0.981499969959259","0.981499969959259","0.981499969959259"
"104710","0.981499969959259","0.981499969959259","0.981499969959259"
"104721","0.981499969959259","0.981499969959259","0.981499969959259"
"104732","0.981499969959259","0.981499969959259","0.981499969959259"
"104743","0.981499969959259","0.981499969959259","0.981499969959259"
"104754","0.981499969959259","0.981499969959259","0.981499969959259"
"104765","0.981499969959259","0.981499969959259","0.981499969959259"
"104776","0.981499969959259","0.981499969959259","0.981499969959259"
"104787","0.981499969959259","0.981499969959259","0.981499969959259"
"104798","0.981499969959259","0.981499969959259","0.981499969959259"
"104809","0.981499969959259","0.981499969959259","0.981499969959259"
"104820","0.981499969959259","0.981499969959259","0.981499969959259"
"104831","0.981499969959259","0.981499969959259","0.981499969959259"
"104842","0.981499969959259","0.981499969959259","0.981499969959259"
"104853","0.981499969959259","0.981499969959259","0.981499969959259"
"104864","0.981499969959259","0.981499969959259","0.981499969959259"
"104875","0.981499969959259","0.981499969959259","0.981499969959259"
"104886","0.981499969959259","0.981499969959259","0.981499969959259"
"104897","0.981499969959259","0.981499969959259","0.981499969959259"
"104908","0.981499969959259","0.981499969959259","0.981499969959259"
"104919","0.981499969959259","0.981499969959259","0.981499969959259"
"104930","0.981499969959259","0.981499969959259","0.981499969959259"
"104941","0.981499969959259","0.981499969959259","0.981499969959259"
"104952","0.981499969959259","0.981499969959259","0.981499969959259"
"104963","0.981499969959259","0.981499969959259","0.981499969959259"
"104974","0.981499969959259","0.981499969959259","0.981499969959259"
"104985","0.981499969959259","0.981499969959259","0.981499969959259"
"104996","0.9815999865531921","0.9815999865531921","0.9815999865531921"
"105007","0.9815999865531921","0.9815999865531921","0.9815999865531921"
"105018","0.9815999865531921","0.9815999865531921","0.9815999865531921"
"105029","0.9815999865531921","0.9815999865531921","0.9815999865531921"
"105040","0.9815999865531921","0.9815999865531921","0.9815999865531921"
"105051","0.9815999865531921","0.9815999865531921","0.9815999865531921"
"105062","0.9815999865531921","0.9815999865531921","0.9815999865531921"
"105073","0.9815999865531921","0.9815999865531921","0.9815999865531921"
"105084","0.981499969959259","0.981499969959259","0.981499969959259"
"105095","0.9815999865531921","0.9815999865531921","0.9815999865531921"
"105106","0.9815999865531921","0.9815999865531921","0.9815999865531921"
"105117","0.9815999865531921","0.9815999865531921","0.9815999865531921"
"105128","0.9817000031471252","0.9817000031471252","0.9817000031471252"
"105139","0.9815999865531921","0.9815999865531921","0.9815999865531921"
"105150","0.9817000031471252","0.9817000031471252","0.9817000031471252"
"105161","0.9817000031471252","0.9817000031471252","0.9817000031471252"
"105172","0.9817000031471252","0.9817000031471252","0.9817000031471252"
"105183","0.9817000031471252","0.9817000031471252","0.9817000031471252"
"105194","0.9817000031471252","0.9817000031471252","0.9817000031471252"
"105205","0.9817000031471252","0.9817000031471252","0.9817000031471252"
"105216","0.9817000031471252","0.9817000031471252","0.9817000031471252"
"105227","0.9817000031471252","0.9817000031471252","0.9817000031471252"
"105238","0.9817000031471252","0.9817000031471252","0.9817000031471252"
"105249","0.9817000031471252","0.9817000031471252","0.9817000031471252"
"105260","0.9817000031471252","0.9817000031471252","0.9817000031471252"
"105271","0.9817000031471252","0.9817000031471252","0.9817000031471252"
"105282","0.9817000031471252","0.9817000031471252","0.9817000031471252"
"105293","0.9817000031471252","0.9817000031471252","0.9817000031471252"
"105304","0.9817000031471252","0.9817000031471252","0.9817000031471252"
"105315","0.9817000031471252","0.9817000031471252","0.9817000031471252"
"105326","0.9817000031471252","0.9817000031471252","0.9817000031471252"
"105337","0.9817000031471252","0.9817000031471252","0.9817000031471252"
"105348","0.9817000031471252","0.9817000031471252","0.9817000031471252"
"105359","0.9817000031471252","0.9817000031471252","0.9817000031471252"
"105370","0.9817000031471252","0.9817000031471252","0.9817000031471252"
"105381","0.9817000031471252","0.9817000031471252","0.9817000031471252"
"105392","0.9817000031471252","0.9817000031471252","0.9817000031471252"
"105403","0.9817000031471252","0.9817000031471252","0.9817000031471252"
"105414","0.9817000031471252","0.9817000031471252","0.9817000031471252"
"105425","0.9817000031471252","0.9817000031471252","0.9817000031471252"
"105436","0.9817000031471252","0.9817000031471252","0.9817000031471252"
"105447","0.9817000031471252","0.9817000031471252","0.9817000031471252"
"105458","0.9817000031471252","0.9817000031471252","0.9817000031471252"
"105469","0.9817000031471252","0.9817000031471252","0.9817000031471252"
"105480","0.9817000031471252","0.9817000031471252","0.9817000031471252"
"105491","0.9817000031471252","0.9817000031471252","0.9817000031471252"
"105502","0.9817000031471252","0.9817000031471252","0.9817000031471252"
"105513","0.9817000031471252","0.9817000031471252","0.9817000031471252"
"105524","0.9817000031471252","0.9817000031471252","0.9817000031471252"
"105535","0.9817000031471252","0.9817000031471252","0.9817000031471252"
"105546","0.9817000031471252","0.9817000031471252","0.9817000031471252"
"105557","0.9817000031471252","0.9817000031471252","0.9817000031471252"
"105568","0.9817000031471252","0.9817000031471252","0.9817000031471252"
"105579","0.9817000031471252","0.9817000031471252","0.9817000031471252"
"105590","0.9817000031471252","0.9817000031471252","0.9817000031471252"
"105601","0.9817000031471252","0.9817000031471252","0.9817000031471252"
"105612","0.9817000031471252","0.9817000031471252","0.9817000031471252"
"105623","0.9817000031471252","0.9817000031471252","0.9817000031471252"
"105634","0.9817000031471252","0.9817000031471252","0.9817000031471252"
"105645","0.9817000031471252","0.9817000031471252","0.9817000031471252"
"105656","0.9817000031471252","0.9817000031471252","0.9817000031471252"
"105667","0.9817000031471252","0.9817000031471252","0.9817000031471252"
"105678","0.9817000031471252","0.9817000031471252","0.9817000031471252"
"105689","0.9817000031471252","0.9817000031471252","0.9817000031471252"
"105700","0.9817000031471252","0.9817000031471252","0.9817000031471252"
"105711","0.9817000031471252","0.9817000031471252","0.9817000031471252"
"105722","0.9817000031471252","0.9817000031471252","0.9817000031471252"
"105733","0.9817000031471252","0.9817000031471252","0.9817000031471252"
"105744","0.9817000031471252","0.9817000031471252","0.9817000031471252"
"105755","0.9817000031471252","0.9817000031471252","0.9817000031471252"
"105766","0.9817000031471252","0.9817000031471252","0.9817000031471252"
"105777","0.9817000031471252","0.9817000031471252","0.9817000031471252"
"105788","0.9817000031471252","0.9817000031471252","0.9817000031471252"
"105799","0.9817000031471252","0.9817000031471252","0.9817000031471252"
"105810","0.9817000031471252","0.9817000031471252","0.9817000031471252"
"105821","0.9817000031471252","0.9817000031471252","0.9817000031471252"
"105832","0.9817000031471252","0.9817000031471252","0.9817000031471252"
"105843","0.9817000031471252","0.9817000031471252","0.9817000031471252"
"105854","0.9817000031471252","0.9817000031471252","0.9817000031471252"
"105865","0.9817000031471252","0.9817000031471252","0.9817000031471252"
"105876","0.9817000031471252","0.9817000031471252","0.9817000031471252"
"105887","0.9817000031471252","0.9817000031471252","0.9817000031471252"
"105898","0.9817000031471252","0.9817000031471252","0.9817000031471252"
"105909","0.9817000031471252","0.9817000031471252","0.9817000031471252"
"105920","0.9817999601364136","0.9817999601364136","0.9817999601364136"
"105931","0.9817999601364136","0.9817999601364136","0.9817999601364136"
"105942","0.9817999601364136","0.9817999601364136","0.9817999601364136"
"105953","0.9817999601364136","0.9817999601364136","0.9817999601364136"
"105964","0.9817000031471252","0.9817000031471252","0.9817000031471252"
"105975","0.9817000031471252","0.9817000031471252","0.9817000031471252"
"105986","0.9817000031471252","0.9817000031471252","0.9817000031471252"
"105997","0.9817000031471252","0.9817000031471252","0.9817000031471252"
"106008","0.9817000031471252","0.9817000031471252","0.9817000031471252"
"106019","0.9817000031471252","0.9817000031471252","0.9817000031471252"
"106030","0.9817000031471252","0.9817000031471252","0.9817000031471252"
"106041","0.9817000031471252","0.9817000031471252","0.9817000031471252"
"106052","0.9817999601364136","0.9817999601364136","0.9817999601364136"
"106063","0.9817999601364136","0.9817999601364136","0.9817999601364136"
"106074","0.9817999601364136","0.9817999601364136","0.9817999601364136"
"106085","0.9817999601364136","0.9817999601364136","0.9817999601364136"
"106096","0.9817999601364136","0.9817999601364136","0.9817999601364136"
"106107","0.9817999601364136","0.9817999601364136","0.9817999601364136"
"106118","0.9817999601364136","0.9817999601364136","0.9817999601364136"
"106129","0.9817999601364136","0.9817999601364136","0.9817999601364136"
"106140","0.9817999601364136","0.9817999601364136","0.9817999601364136"
"106151","0.9817999601364136","0.9817999601364136","0.9817999601364136"
"106162","0.9817999601364136","0.9817999601364136","0.9817999601364136"
"106173","0.9818999767303467","0.9818999767303467","0.9818999767303467"
"106184","0.9818999767303467","0.9818999767303467","0.9818999767303467"
"106195","0.9817999601364136","0.9817999601364136","0.9817999601364136"
"106206","0.9817999601364136","0.9817999601364136","0.9817999601364136"
"106217","0.9817999601364136","0.9817999601364136","0.9817999601364136"
"106228","0.9817999601364136","0.9817999601364136","0.9817999601364136"
"106239","0.9817999601364136","0.9817999601364136","0.9817999601364136"
"106250","0.9817999601364136","0.9817999601364136","0.9817999601364136"
"106261","0.9817999601364136","0.9817999601364136","0.9817999601364136"
"106272","0.9817999601364136","0.9817999601364136","0.9817999601364136"
"106283","0.9817999601364136","0.9817999601364136","0.9817999601364136"
"106294","0.9817999601364136","0.9817999601364136","0.9817999601364136"
"106305","0.9817999601364136","0.9817999601364136","0.9817999601364136"
"106316","0.9817999601364136","0.9817999601364136","0.9817999601364136"
"106327","0.9817999601364136","0.9817999601364136","0.9817999601364136"
"106338","0.9817999601364136","0.9817999601364136","0.9817999601364136"
"106349","0.9817999601364136","0.9817999601364136","0.9817999601364136"
"106360","0.9817999601364136","0.9817999601364136","0.9817999601364136"
"106371","0.9817999601364136","0.9817999601364136","0.9817999601364136"
"106382","0.9817999601364136","0.9817999601364136","0.9817999601364136"
"106393","0.9817999601364136","0.9817999601364136","0.9817999601364136"
"106404","0.9817999601364136","0.9817999601364136","0.9817999601364136"
"106415","0.9817999601364136","0.9817999601364136","0.9817999601364136"
"106426","0.9817999601364136","0.9817999601364136","0.9817999601364136"
"106437","0.9818999767303467","0.9818999767303467","0.9818999767303467"
"106448","0.9818999767303467","0.9818999767303467","0.9818999767303467"
"106459","0.9819999933242798","0.9819999933242798","0.9819999933242798"
"106470","0.9819999933242798","0.9819999933242798","0.9819999933242798"
"106481","0.9819999933242798","0.9819999933242798","0.9819999933242798"
"106492","0.9819999933242798","0.9819999933242798","0.9819999933242798"
"106503","0.9819999933242798","0.9819999933242798","0.9819999933242798"
"106514","0.9819999933242798","0.9819999933242798","0.9819999933242798"
"106525","0.9819999933242798","0.9819999933242798","0.9819999933242798"
"106536","0.9819999933242798","0.9819999933242798","0.9819999933242798"
"106547","0.9819999933242798","0.9819999933242798","0.9819999933242798"
"106558","0.9819999933242798","0.9819999933242798","0.9819999933242798"
"106569","0.9821999669075012","0.9821999669075012","0.9821999669075012"
"106580","0.9821999669075012","0.9821999669075012","0.9821999669075012"
"106591","0.9819999933242798","0.9819999933242798","0.9819999933242798"
"106602","0.9819999933242798","0.9819999933242798","0.9819999933242798"
"106613","0.9819999933242798","0.9819999933242798","0.9819999933242798"
"106624","0.9819999933242798","0.9819999933242798","0.9819999933242798"
"106635","0.9819999933242798","0.9819999933242798","0.9819999933242798"
"106646","0.9819999933242798","0.9819999933242798","0.9819999933242798"
"106657","0.9819999933242798","0.9819999933242798","0.9819999933242798"
"106668","0.9820999503135681","0.9820999503135681","0.9820999503135681"
"106679","0.9821999669075012","0.9821999669075012","0.9821999669075012"
"106690","0.9819999933242798","0.9819999933242798","0.9819999933242798"
"106701","0.9819999933242798","0.9819999933242798","0.9819999933242798"
"106712","0.9820999503135681","0.9820999503135681","0.9820999503135681"
"106723","0.9820999503135681","0.9820999503135681","0.9820999503135681"
"106734","0.9820999503135681","0.9820999503135681","0.9820999503135681"
"106745","0.9820999503135681","0.9820999503135681","0.9820999503135681"
"106756","0.9821999669075012","0.9821999669075012","0.9821999669075012"
"106767","0.9821999669075012","0.9821999669075012","0.9821999669075012"
"106778","0.9821999669075012","0.9821999669075012","0.9821999669075012"
"106789","0.9822999835014343","0.9822999835014343","0.9822999835014343"
"106800","0.9822999835014343","0.9822999835014343","0.9822999835014343"
"106811","0.9822999835014343","0.9822999835014343","0.9822999835014343"
"106822","0.9822999835014343","0.9822999835014343","0.9822999835014343"
"106833","0.9822999835014343","0.9822999835014343","0.9822999835014343"
"106844","0.9822999835014343","0.9822999835014343","0.9822999835014343"
"106855","0.9822999835014343","0.9822999835014343","0.9822999835014343"
"106866","0.9822999835014343","0.9822999835014343","0.9822999835014343"
"106877","0.9821999669075012","0.9821999669075012","0.9821999669075012"
"106888","0.9822999835014343","0.9822999835014343","0.9822999835014343"
"106899","0.9822999835014343","0.9822999835014343","0.9822999835014343"
"106910","0.9822999835014343","0.9822999835014343","0.9822999835014343"
"106921","0.9821999669075012","0.9821999669075012","0.9821999669075012"
"106932","0.9822999835014343","0.9822999835014343","0.9822999835014343"
"106943","0.9821999669075012","0.9821999669075012","0.9821999669075012"
"106954","0.9822999835014343","0.9822999835014343","0.9822999835014343"
"106965","0.9822999835014343","0.9822999835014343","0.9822999835014343"
"106976","0.9824000000953674","0.9824000000953674","0.9824000000953674"
"106987","0.9824000000953674","0.9824000000953674","0.9824000000953674"
"106998","0.9824000000953674","0.9824000000953674","0.9824000000953674"
"107009","0.9822999835014343","0.9822999835014343","0.9822999835014343"
"107020","0.9822999835014343","0.9822999835014343","0.9822999835014343"
"107031","0.9822999835014343","0.9822999835014343","0.9822999835014343"
"107042","0.9822999835014343","0.9822999835014343","0.9822999835014343"
"107053","0.9824000000953674","0.9824000000953674","0.9824000000953674"
"107064","0.9824000000953674","0.9824000000953674","0.9824000000953674"
"107075","0.9824000000953674","0.9824000000953674","0.9824000000953674"
"107086","0.9824999570846558","0.9824999570846558","0.9824999570846558"
"107097","0.9824999570846558","0.9824999570846558","0.9824999570846558"
"107108","0.9824999570846558","0.9824999570846558","0.9824999570846558"
"107119","0.9824999570846558","0.9824999570846558","0.9824999570846558"
"107130","0.9825999736785889","0.9825999736785889","0.9825999736785889"
"107141","0.9825999736785889","0.9825999736785889","0.9825999736785889"
"107152","0.9824000000953674","0.9824000000953674","0.9824000000953674"
"107163","0.9824000000953674","0.9824000000953674","0.9824000000953674"
"107174","0.9824999570846558","0.9824999570846558","0.9824999570846558"
"107185","0.9824999570846558","0.9824999570846558","0.9824999570846558"
"107196","0.9824999570846558","0.9824999570846558","0.9824999570846558"
"107207","0.9824000000953674","0.9824000000953674","0.9824000000953674"
"107218","0.9824000000953674","0.9824000000953674","0.9824000000953674"
"107229","0.9824000000953674","0.9824000000953674","0.9824000000953674"
"107240","0.9825999736785889","0.9825999736785889","0.9825999736785889"
"107251","0.9825999736785889","0.9825999736785889","0.9825999736785889"
"107262","0.9825999736785889","0.9825999736785889","0.9825999736785889"
"107273","0.9825999736785889","0.9825999736785889","0.9825999736785889"
"107284","0.9825999736785889","0.9825999736785889","0.9825999736785889"
"107295","0.9825999736785889","0.9825999736785889","0.9825999736785889"
"107306","0.9825999736785889","0.9825999736785889","0.9825999736785889"
"107317","0.9825999736785889","0.9825999736785889","0.9825999736785889"
"107328","0.9825999736785889","0.9825999736785889","0.9825999736785889"
"107339","0.9825999736785889","0.9825999736785889","0.9825999736785889"
"107350","0.9825999736785889","0.9825999736785889","0.9825999736785889"
"107361","0.9825999736785889","0.9825999736785889","0.9825999736785889"
"107372","0.9824999570846558","0.9824999570846558","0.9824999570846558"
"107383","0.9824999570846558","0.9824999570846558","0.9824999570846558"
"107394","0.9824999570846558","0.9824999570846558","0.9824999570846558"
"107405","0.9824000000953674","0.9824000000953674","0.9824000000953674"
"107416","0.9824000000953674","0.9824000000953674","0.9824000000953674"
"107427","0.9824000000953674","0.9824000000953674","0.9824000000953674"
"107438","0.9824000000953674","0.9824000000953674","0.9824000000953674"
"107449","0.9824999570846558","0.9824999570846558","0.9824999570846558"
"107460","0.9824999570846558","0.9824999570846558","0.9824999570846558"
"107471","0.9825999736785889","0.9825999736785889","0.9825999736785889"
"107482","0.9825999736785889","0.9825999736785889","0.9825999736785889"
"107493","0.9825999736785889","0.9825999736785889","0.9825999736785889"
"107504","0.9825999736785889","0.9825999736785889","0.9825999736785889"
"107515","0.9825999736785889","0.9825999736785889","0.9825999736785889"
"107526","0.9825999736785889","0.9825999736785889","0.9825999736785889"
"107537","0.9825999736785889","0.9825999736785889","0.9825999736785889"
"107548","0.9825999736785889","0.9825999736785889","0.9825999736785889"
"107559","0.9825999736785889","0.9825999736785889","0.9825999736785889"
"107570","0.9825999736785889","0.9825999736785889","0.9825999736785889"
"107581","0.9825999736785889","0.9825999736785889","0.9825999736785889"
"107592","0.9825999736785889","0.9825999736785889","0.9825999736785889"
"107603","0.9825999736785889","0.9825999736785889","0.9825999736785889"
"107614","0.9825999736785889","0.9825999736785889","0.9825999736785889"
"107625","0.9825999736785889","0.9825999736785889","0.9825999736785889"
"107636","0.982699990272522","0.982699990272522","0.982699990272522"
"107647","0.9825999736785889","0.9825999736785889","0.9825999736785889"
"107658","0.982699990272522","0.982699990272522","0.982699990272522"
"107669","0.982699990272522","0.982699990272522","0.982699990272522"
"107680","0.982699990272522","0.982699990272522","0.982699990272522"
"107691","0.982699990272522","0.982699990272522","0.982699990272522"
"107702","0.982699990272522","0.982699990272522","0.982699990272522"
"107713","0.982699990272522","0.982699990272522","0.982699990272522"
"107724","0.982699990272522","0.982699990272522","0.982699990272522"
"107735","0.982699990272522","0.982699990272522","0.982699990272522"
"107746","0.982699990272522","0.982699990272522","0.982699990272522"
"107757","0.982699990272522","0.982699990272522","0.982699990272522"
"107768","0.982699990272522","0.982699990272522","0.982699990272522"
"107779","0.982699990272522","0.982699990272522","0.982699990272522"
"107790","0.982699990272522","0.982699990272522","0.982699990272522"
"107801","0.982699990272522","0.982699990272522","0.982699990272522"
"107812","0.982699990272522","0.982699990272522","0.982699990272522"
"107823","0.982699990272522","0.982699990272522","0.982699990272522"
"107834","0.982699990272522","0.982699990272522","0.982699990272522"
"107845","0.982699990272522","0.982699990272522","0.982699990272522"
"107856","0.982699990272522","0.982699990272522","0.982699990272522"
"107867","0.9825999736785889","0.9825999736785889","0.9825999736785889"
"107878","0.982699990272522","0.982699990272522","0.982699990272522"
"107889","0.982699990272522","0.982699990272522","0.982699990272522"
"107900","0.9825999736785889","0.9825999736785889","0.9825999736785889"
"107911","0.9827999472618103","0.9827999472618103","0.9827999472618103"
"107922","0.9827999472618103","0.9827999472618103","0.9827999472618103"
"107933","0.982699990272522","0.982699990272522","0.982699990272522"
"107944","0.9827999472618103","0.9827999472618103","0.9827999472618103"
"107955","0.9827999472618103","0.9827999472618103","0.9827999472618103"
"107966","0.9827999472618103","0.9827999472618103","0.9827999472618103"
"107977","0.9827999472618103","0.9827999472618103","0.9827999472618103"
"107988","0.9827999472618103","0.9827999472618103","0.9827999472618103"
"107999","0.9827999472618103","0.9827999472618103","0.9827999472618103"
"108010","0.9827999472618103","0.9827999472618103","0.9827999472618103"
"108021","0.9827999472618103","0.9827999472618103","0.9827999472618103"
"108032","0.9827999472618103","0.9827999472618103","0.9827999472618103"
"108043","0.9827999472618103","0.9827999472618103","0.9827999472618103"
"108054","0.9827999472618103","0.9827999472618103","0.9827999472618103"
"108065","0.9827999472618103","0.9827999472618103","0.9827999472618103"
"108076","0.9827999472618103","0.9827999472618103","0.9827999472618103"
"108087","0.9827999472618103","0.9827999472618103","0.9827999472618103"
"108098","0.9827999472618103","0.9827999472618103","0.9827999472618103"
"108109","0.9827999472618103","0.9827999472618103","0.9827999472618103"
"108120","0.9827999472618103","0.9827999472618103","0.9827999472618103"
"108131","0.9827999472618103","0.9827999472618103","0.9827999472618103"
"108142","0.9827999472618103","0.9827999472618103","0.9827999472618103"
"108153","0.9827999472618103","0.9827999472618103","0.9827999472618103"
"108164","0.9827999472618103","0.9827999472618103","0.9827999472618103"
"108175","0.9827999472618103","0.9827999472618103","0.9827999472618103"
"108186","0.9827999472618103","0.9827999472618103","0.9827999472618103"
"108197","0.9827999472618103","0.9827999472618103","0.9827999472618103"
"108208","0.9827999472618103","0.9827999472618103","0.9827999472618103"
"108219","0.9827999472618103","0.9827999472618103","0.9827999472618103"
"108230","0.9827999472618103","0.9827999472618103","0.9827999472618103"
"108241","0.9827999472618103","0.9827999472618103","0.9827999472618103"
"108252","0.9827999472618103","0.9827999472618103","0.9827999472618103"
"108263","0.9827999472618103","0.9827999472618103","0.9827999472618103"
"108274","0.9827999472618103","0.9827999472618103","0.9827999472618103"
"108285","0.9827999472618103","0.9827999472618103","0.9827999472618103"
"108296","0.9827999472618103","0.9827999472618103","0.9827999472618103"
"108307","0.9827999472618103","0.9827999472618103","0.9827999472618103"
"108318","0.9827999472618103","0.9827999472618103","0.9827999472618103"
"108329","0.9827999472618103","0.9827999472618103","0.9827999472618103"
"108340","0.9827999472618103","0.9827999472618103","0.9827999472618103"
"108351","0.9827999472618103","0.9827999472618103","0.9827999472618103"
"108362","0.9827999472618103","0.9827999472618103","0.9827999472618103"
"108373","0.9827999472618103","0.9827999472618103","0.9827999472618103"
"108384","0.9827999472618103","0.9827999472618103","0.9827999472618103"
"108395","0.9827999472618103","0.9827999472618103","0.9827999472618103"
"108406","0.9827999472618103","0.9827999472618103","0.9827999472618103"
"108417","0.9827999472618103","0.9827999472618103","0.9827999472618103"
"108428","0.9827999472618103","0.9827999472618103","0.9827999472618103"
"108439","0.9827999472618103","0.9827999472618103","0.9827999472618103"
"108450","0.9827999472618103","0.9827999472618103","0.9827999472618103"
"108461","0.982699990272522","0.982699990272522","0.982699990272522"
"108472","0.9827999472618103","0.9827999472618103","0.9827999472618103"
"108483","0.9827999472618103","0.9827999472618103","0.9827999472618103"
"108494","0.9827999472618103","0.9827999472618103","0.9827999472618103"
"108505","0.9827999472618103","0.9827999472618103","0.9827999472618103"
"108516","0.9827999472618103","0.9827999472618103","0.9827999472618103"
"108527","0.9827999472618103","0.9827999472618103","0.9827999472618103"
"108538","0.9827999472618103","0.9827999472618103","0.9827999472618103"
"108549","0.9827999472618103","0.9827999472618103","0.9827999472618103"
"108560","0.9827999472618103","0.9827999472618103","0.9827999472618103"
"108571","0.9827999472618103","0.9827999472618103","0.9827999472618103"
"108582","0.9827999472618103","0.9827999472618103","0.9827999472618103"
"108593","0.9827999472618103","0.9827999472618103","0.9827999472618103"
"108604","0.9828999638557434","0.9828999638557434","0.9828999638557434"
"108615","0.9828999638557434","0.9828999638557434","0.9828999638557434"
"108626","0.9827999472618103","0.9827999472618103","0.9827999472618103"
"108637","0.9827999472618103","0.9827999472618103","0.9827999472618103"
"108648","0.9827999472618103","0.9827999472618103","0.9827999472618103"
"108659","0.9827999472618103","0.9827999472618103","0.9827999472618103"
"108670","0.9827999472618103","0.9827999472618103","0.9827999472618103"
"108681","0.9827999472618103","0.9827999472618103","0.9827999472618103"
"108692","0.9828999638557434","0.9828999638557434","0.9828999638557434"
"108703","0.9827999472618103","0.9827999472618103","0.9827999472618103"
"108714","0.9827999472618103","0.9827999472618103","0.9827999472618103"
"108725","0.9827999472618103","0.9827999472618103","0.9827999472618103"
"108736","0.9827999472618103","0.9827999472618103","0.9827999472618103"
"108747","0.9827999472618103","0.9827999472618103","0.9827999472618103"
"108758","0.9827999472618103","0.9827999472618103","0.9827999472618103"
"108769","0.9828999638557434","0.9828999638557434","0.9828999638557434"
"108780","0.9828999638557434","0.9828999638557434","0.9828999638557434"
"108791","0.9828999638557434","0.9828999638557434","0.9828999638557434"
"108802","0.9828999638557434","0.9828999638557434","0.9828999638557434"
"108813","0.9828999638557434","0.9828999638557434","0.9828999638557434"
"108824","0.9828999638557434","0.9828999638557434","0.9828999638557434"
"108835","0.9828999638557434","0.9828999638557434","0.9828999638557434"
"108846","0.9828999638557434","0.9828999638557434","0.9828999638557434"
"108857","0.9827999472618103","0.9827999472618103","0.9827999472618103"
"108868","0.9827999472618103","0.9827999472618103","0.9827999472618103"
"108879","0.9827999472618103","0.9827999472618103","0.9827999472618103"
"108890","0.9827999472618103","0.9827999472618103","0.9827999472618103"
"108901","0.9827999472618103","0.9827999472618103","0.9827999472618103"
"108912","0.9827999472618103","0.9827999472618103","0.9827999472618103"
"108923","0.9828999638557434","0.9828999638557434","0.9828999638557434"
"108934","0.9827999472618103","0.9827999472618103","0.9827999472618103"
"108945","0.9828999638557434","0.9828999638557434","0.9828999638557434"
"108956","0.9829999804496765","0.9829999804496765","0.9829999804496765"
"108967","0.9828999638557434","0.9828999638557434","0.9828999638557434"
"108978","0.9829999804496765","0.9829999804496765","0.9829999804496765"
"108989","0.9829999804496765","0.9829999804496765","0.9829999804496765"
"109000","0.9828999638557434","0.9828999638557434","0.9828999638557434"
"109011","0.9828999638557434","0.9828999638557434","0.9828999638557434"
"109022","0.9828999638557434","0.9828999638557434","0.9828999638557434"
"109033","0.9828999638557434","0.9828999638557434","0.9828999638557434"
"109044","0.9829999804496765","0.9829999804496765","0.9829999804496765"
"109055","0.9829999804496765","0.9829999804496765","0.9829999804496765"
"109066","0.9829999804496765","0.9829999804496765","0.9829999804496765"
"109077","0.9828999638557434","0.9828999638557434","0.9828999638557434"
"109088","0.9828999638557434","0.9828999638557434","0.9828999638557434"
"109099","0.9828999638557434","0.9828999638557434","0.9828999638557434"
"109110","0.9828999638557434","0.9828999638557434","0.9828999638557434"
"109121","0.9828999638557434","0.9828999638557434","0.9828999638557434"
"109132","0.9828999638557434","0.9828999638557434","0.9828999638557434"
"109143","0.9828999638557434","0.9828999638557434","0.9828999638557434"
"109154","0.9828999638557434","0.9828999638557434","0.9828999638557434"
"109165","0.9828999638557434","0.9828999638557434","0.9828999638557434"
"109176","0.9828999638557434","0.9828999638557434","0.9828999638557434"
"109187","0.9828999638557434","0.9828999638557434","0.9828999638557434"
"109198","0.9828999638557434","0.9828999638557434","0.9828999638557434"
"109209","0.9828999638557434","0.9828999638557434","0.9828999638557434"
"109220","0.9828999638557434","0.9828999638557434","0.9828999638557434"
"109231","0.9828999638557434","0.9828999638557434","0.9828999638557434"
"109242","0.9828999638557434","0.9828999638557434","0.9828999638557434"
"109253","0.9828999638557434","0.9828999638557434","0.9828999638557434"
"109264","0.9828999638557434","0.9828999638557434","0.9828999638557434"
"109275","0.9828999638557434","0.9828999638557434","0.9828999638557434"
"109286","0.9827999472618103","0.9827999472618103","0.9827999472618103"
"109297","0.9827999472618103","0.9827999472618103","0.9827999472618103"
"109308","0.9827999472618103","0.9827999472618103","0.9827999472618103"
"109319","0.9828999638557434","0.9828999638557434","0.9828999638557434"
"109330","0.9828999638557434","0.9828999638557434","0.9828999638557434"
"109341","0.9828999638557434","0.9828999638557434","0.9828999638557434"
"109352","0.9828999638557434","0.9828999638557434","0.9828999638557434"
"109363","0.9828999638557434","0.9828999638557434","0.9828999638557434"
"109374","0.9829999804496765","0.9829999804496765","0.9829999804496765"
"109385","0.9829999804496765","0.9829999804496765","0.9829999804496765"
"109396","0.9829999804496765","0.9829999804496765","0.9829999804496765"
"109407","0.9829999804496765","0.9829999804496765","0.9829999804496765"
"109418","0.9828999638557434","0.9828999638557434","0.9828999638557434"
"109429","0.9829999804496765","0.9829999804496765","0.9829999804496765"
"109440","0.9829999804496765","0.9829999804496765","0.9829999804496765"
"109451","0.9829999804496765","0.9829999804496765","0.9829999804496765"
"109462","0.9829999804496765","0.9829999804496765","0.9829999804496765"
"109473","0.9829999804496765","0.9829999804496765","0.9829999804496765"
"109484","0.9829999804496765","0.9829999804496765","0.9829999804496765"
"109495","0.9829999804496765","0.9829999804496765","0.9829999804496765"
"109506","0.9829999804496765","0.9829999804496765","0.9829999804496765"
"109517","0.9829999804496765","0.9829999804496765","0.9829999804496765"
"109528","0.9829999804496765","0.9829999804496765","0.9829999804496765"
"109539","0.9829999804496765","0.9829999804496765","0.9829999804496765"
"109550","0.9828999638557434","0.9828999638557434","0.9828999638557434"
"109561","0.9829999804496765","0.9829999804496765","0.9829999804496765"
"109572","0.9829999804496765","0.9829999804496765","0.9829999804496765"
"109583","0.9829999804496765","0.9829999804496765","0.9829999804496765"
"109594","0.9829999804496765","0.9829999804496765","0.9829999804496765"
"109605","0.9829999804496765","0.9829999804496765","0.9829999804496765"
"109616","0.9829999804496765","0.9829999804496765","0.9829999804496765"
"109627","0.9829999804496765","0.9829999804496765","0.9829999804496765"
"109638","0.9829999804496765","0.9829999804496765","0.9829999804496765"
"109649","0.9829999804496765","0.9829999804496765","0.9829999804496765"
"109660","0.9829999804496765","0.9829999804496765","0.9829999804496765"
"109671","0.9829999804496765","0.9829999804496765","0.9829999804496765"
"109682","0.9829999804496765","0.9829999804496765","0.9829999804496765"
"109693","0.9829999804496765","0.9829999804496765","0.9829999804496765"
"109704","0.9829999804496765","0.9829999804496765","0.9829999804496765"
"109715","0.9829999804496765","0.9829999804496765","0.9829999804496765"
"109726","0.9829999804496765","0.9829999804496765","0.9829999804496765"
"109737","0.9829999804496765","0.9829999804496765","0.9829999804496765"
"109748","0.9829999804496765","0.9829999804496765","0.9829999804496765"
"109759","0.9829999804496765","0.9829999804496765","0.9829999804496765"
"109770","0.9829999804496765","0.9829999804496765","0.9829999804496765"
"109781","0.9829999804496765","0.9829999804496765","0.9829999804496765"
"109792","0.9829999804496765","0.9829999804496765","0.9829999804496765"
"109803","0.9829999804496765","0.9829999804496765","0.9829999804496765"
"109814","0.9829999804496765","0.9829999804496765","0.9829999804496765"
"109825","0.9829999804496765","0.9829999804496765","0.9829999804496765"
"109836","0.9829999804496765","0.9829999804496765","0.9829999804496765"
"109847","0.9829999804496765","0.9829999804496765","0.9829999804496765"
"109858","0.9829999804496765","0.9829999804496765","0.9829999804496765"
"109869","0.9829999804496765","0.9829999804496765","0.9829999804496765"
"109880","0.9829999804496765","0.9829999804496765","0.9829999804496765"
"109891","0.9829999804496765","0.9829999804496765","0.9829999804496765"
"109902","0.9829999804496765","0.9829999804496765","0.9829999804496765"
"109913","0.9829999804496765","0.9829999804496765","0.9829999804496765"
"109924","0.9829999804496765","0.9829999804496765","0.9829999804496765"
"109935","0.9829999804496765","0.9829999804496765","0.9829999804496765"
"109946","0.9829999804496765","0.9829999804496765","0.9829999804496765"
"109957","0.9829999804496765","0.9829999804496765","0.9829999804496765"
"109968","0.9829999804496765","0.9829999804496765","0.9829999804496765"
"109979","0.9829999804496765","0.9829999804496765","0.9829999804496765"
"109990","0.9829999804496765","0.9829999804496765","0.9829999804496765"