"Step","Readout, CN=2, B0=0, B1=0, K=128, L=32, N=16, p_B=0.75, p_C=0.75, B=8, eps=0, lamb=1e-09 - ic1_acc","Readout, CN=2, B0=0, B1=0, K=128, L=32, N=16, p_B=0.75, p_C=0.75, B=8, eps=0, lamb=1e-09 - ic1_acc__MIN","Readout, CN=2, B0=0, B1=0, K=128, L=32, N=16, p_B=0.75, p_C=0.75, B=8, eps=0, lamb=1e-09 - ic1_acc__MAX"
"1","0.031199999153614044","0.031199999153614044","0.031199999153614044"
"12","0.03500000014901161","0.03500000014901161","0.03500000014901161"
"23","0.04179999977350235","0.04179999977350235","0.04179999977350235"
"34","0.045399997383356094","0.045399997383356094","0.045399997383356094"
"45","0.051500000059604645","0.051500000059604645","0.051500000059604645"
"56","0.05979999899864197","0.05979999899864197","0.05979999899864197"
"67","0.06920000165700912","0.06920000165700912","0.06920000165700912"
"78","0.08179999887943268","0.08179999887943268","0.08179999887943268"
"89","0.09339999407529831","0.09339999407529831","0.09339999407529831"
"100","0.10719999670982361","0.10719999670982361","0.10719999670982361"
"111","0.1193000003695488","0.1193000003695488","0.1193000003695488"
"122","0.13169999420642853","0.13169999420642853","0.13169999420642853"
"133","0.14549998939037323","0.14549998939037323","0.14549998939037323"
"144","0.15799999237060547","0.15799999237060547","0.15799999237060547"
"155","0.17329999804496765","0.17329999804496765","0.17329999804496765"
"166","0.18850000202655792","0.18850000202655792","0.18850000202655792"
"177","0.20309999585151672","0.20309999585151672","0.20309999585151672"
"188","0.219200000166893","0.219200000166893","0.219200000166893"
"199","0.2337999939918518","0.2337999939918518","0.2337999939918518"
"210","0.2506999969482422","0.2506999969482422","0.2506999969482422"
"221","0.2636999785900116","0.2636999785900116","0.2636999785900116"
"232","0.27399998903274536","0.27399998903274536","0.27399998903274536"
"243","0.2888999879360199","0.2888999879360199","0.2888999879360199"
"254","0.3003999888896942","0.3003999888896942","0.3003999888896942"
"265","0.31349998712539673","0.31349998712539673","0.31349998712539673"
"276","0.3262999951839447","0.3262999951839447","0.3262999951839447"
"287","0.337799996137619","0.337799996137619","0.337799996137619"
"298","0.3481999933719635","0.3481999933719635","0.3481999933719635"
"309","0.3579999804496765","0.3579999804496765","0.3579999804496765"
"320","0.36579999327659607","0.36579999327659607","0.36579999327659607"
"331","0.3747999966144562","0.3747999966144562","0.3747999966144562"
"342","0.382999986410141","0.382999986410141","0.382999986410141"
"353","0.39100000262260437","0.39100000262260437","0.39100000262260437"
"364","0.3976999819278717","0.3976999819278717","0.3976999819278717"
"375","0.4052000045776367","0.4052000045776367","0.4052000045776367"
"386","0.4114999771118164","0.4114999771118164","0.4114999771118164"
"397","0.41819998621940613","0.41819998621940613","0.41819998621940613"
"408","0.42419999837875366","0.42419999837875366","0.42419999837875366"
"419","0.429099977016449","0.429099977016449","0.429099977016449"
"430","0.43320000171661377","0.43320000171661377","0.43320000171661377"
"441","0.4398999810218811","0.4398999810218811","0.4398999810218811"
"452","0.44579997658729553","0.44579997658729553","0.44579997658729553"
"463","0.4497999846935272","0.4497999846935272","0.4497999846935272"
"474","0.45409998297691345","0.45409998297691345","0.45409998297691345"
"485","0.4576999843120575","0.4576999843120575","0.4576999843120575"
"496","0.4602999985218048","0.4602999985218048","0.4602999985218048"
"507","0.46299999952316284","0.46299999952316284","0.46299999952316284"
"518","0.46609997749328613","0.46609997749328613","0.46609997749328613"
"529","0.46799999475479126","0.46799999475479126","0.46799999475479126"
"540","0.471699982881546","0.471699982881546","0.471699982881546"
"551","0.4745999872684479","0.4745999872684479","0.4745999872684479"
"562","0.4772000014781952","0.4772000014781952","0.4772000014781952"
"573","0.47919997572898865","0.47919997572898865","0.47919997572898865"
"584","0.48240000009536743","0.48240000009536743","0.48240000009536743"
"595","0.4836999773979187","0.4836999773979187","0.4836999773979187"
"606","0.48489999771118164","0.48489999771118164","0.48489999771118164"
"617","0.48659998178482056","0.48659998178482056","0.48659998178482056"
"628","0.48639997839927673","0.48639997839927673","0.48639997839927673"
"639","0.4876999855041504","0.4876999855041504","0.4876999855041504"
"650","0.48819997906684875","0.48819997906684875","0.48819997906684875"
"661","0.4887999892234802","0.4887999892234802","0.4887999892234802"
"672","0.49069997668266296","0.49069997668266296","0.49069997668266296"
"683","0.4917999804019928","0.4917999804019928","0.4917999804019928"
"694","0.4927999973297119","0.4927999973297119","0.4927999973297119"
"705","0.4943999946117401","0.4943999946117401","0.4943999946117401"
"716","0.49619999527931213","0.49619999527931213","0.49619999527931213"
"727","0.4973999857902527","0.4973999857902527","0.4973999857902527"
"738","0.49799999594688416","0.49799999594688416","0.49799999594688416"
"749","0.4983999729156494","0.4983999729156494","0.4983999729156494"
"760","0.4973999857902527","0.4973999857902527","0.4973999857902527"
"771","0.49939998984336853","0.49939998984336853","0.49939998984336853"
"782","0.5004000067710876","0.5004000067710876","0.5004000067710876"
"793","0.5011000037193298","0.5011000037193298","0.5011000037193298"
"804","0.4998999834060669","0.4998999834060669","0.4998999834060669"
"815","0.5009999871253967","0.5009999871253967","0.5009999871253967"
"826","0.5015999674797058","0.5015999674797058","0.5015999674797058"
"837","0.5012999773025513","0.5012999773025513","0.5012999773025513"
"848","0.5011999607086182","0.5011999607086182","0.5011999607086182"
"859","0.502299964427948","0.502299964427948","0.502299964427948"
"870","0.5023999810218811","0.5023999810218811","0.5023999810218811"
"881","0.5026000142097473","0.5026000142097473","0.5026000142097473"
"892","0.5045999884605408","0.5045999884605408","0.5045999884605408"
"903","0.5044999718666077","0.5044999718666077","0.5044999718666077"
"914","0.5062000155448914","0.5062000155448914","0.5062000155448914"
"925","0.5084999799728394","0.5084999799728394","0.5084999799728394"
"936","0.5091999769210815","0.5091999769210815","0.5091999769210815"
"947","0.5087999701499939","0.5087999701499939","0.5087999701499939"
"958","0.5101000070571899","0.5101000070571899","0.5101000070571899"
"969","0.5098999738693237","0.5098999738693237","0.5098999738693237"
"980","0.510699987411499","0.510699987411499","0.510699987411499"
"991","0.5108999609947205","0.5108999609947205","0.5108999609947205"
"1002","0.5119999647140503","0.5119999647140503","0.5119999647140503"
"1013","0.5127999782562256","0.5127999782562256","0.5127999782562256"
"1024","0.5130000114440918","0.5130000114440918","0.5130000114440918"
"1035","0.5127999782562256","0.5127999782562256","0.5127999782562256"
"1046","0.5137999653816223","0.5137999653816223","0.5137999653816223"
"1057","0.5139999985694885","0.5139999985694885","0.5139999985694885"
"1068","0.5137999653816223","0.5137999653816223","0.5137999653816223"
"1079","0.5142999887466431","0.5142999887466431","0.5142999887466431"
"1090","0.5144000053405762","0.5144000053405762","0.5144000053405762"
"1101","0.5148000121116638","0.5148000121116638","0.5148000121116638"
"1112","0.5137999653816223","0.5137999653816223","0.5137999653816223"
"1123","0.5148999691009521","0.5148999691009521","0.5148999691009521"
"1134","0.515999972820282","0.515999972820282","0.515999972820282"
"1145","0.5163999795913696","0.5163999795913696","0.5163999795913696"
"1156","0.5170999765396118","0.5170999765396118","0.5170999765396118"
"1167","0.5169999599456787","0.5169999599456787","0.5169999599456787"
"1178","0.5185999870300293","0.5185999870300293","0.5185999870300293"
"1189","0.5194999575614929","0.5194999575614929","0.5194999575614929"
"1200","0.5205000042915344","0.5205000042915344","0.5205000042915344"
"1211","0.5202999711036682","0.5202999711036682","0.5202999711036682"
"1222","0.5198999643325806","0.5198999643325806","0.5198999643325806"
"1233","0.5189999938011169","0.5189999938011169","0.5189999938011169"
"1244","0.5200999975204468","0.5200999975204468","0.5200999975204468"
"1255","0.5200999975204468","0.5200999975204468","0.5200999975204468"
"1266","0.5199999809265137","0.5199999809265137","0.5199999809265137"
"1277","0.5205000042915344","0.5205000042915344","0.5205000042915344"
"1288","0.5206999778747559","0.5206999778747559","0.5206999778747559"
"1299","0.5220000147819519","0.5220000147819519","0.5220000147819519"
"1310","0.5212999582290649","0.5212999582290649","0.5212999582290649"
"1321","0.5217999815940857","0.5217999815940857","0.5217999815940857"
"1332","0.5227000117301941","0.5227000117301941","0.5227000117301941"
"1343","0.5241999626159668","0.5241999626159668","0.5241999626159668"
"1354","0.5245000123977661","0.5245000123977661","0.5245000123977661"
"1365","0.5252000093460083","0.5252000093460083","0.5252000093460083"
"1376","0.524899959564209","0.524899959564209","0.524899959564209"
"1387","0.5252000093460083","0.5252000093460083","0.5252000093460083"
"1398","0.5245999693870544","0.5245999693870544","0.5245999693870544"
"1409","0.5254999995231628","0.5254999995231628","0.5254999995231628"
"1420","0.5257999897003174","0.5257999897003174","0.5257999897003174"
"1431","0.5260999798774719","0.5260999798774719","0.5260999798774719"
"1442","0.5266000032424927","0.5266000032424927","0.5266000032424927"
"1453","0.526699960231781","0.526699960231781","0.526699960231781"
"1464","0.5263000130653381","0.5263000130653381","0.5263000130653381"
"1475","0.5275999903678894","0.5275999903678894","0.5275999903678894"
"1486","0.5277999639511108","0.5277999639511108","0.5277999639511108"
"1497","0.5282999873161316","0.5282999873161316","0.5282999873161316"
"1508","0.5293999910354614","0.5293999910354614","0.5293999910354614"
"1519","0.5292999744415283","0.5292999744415283","0.5292999744415283"
"1530","0.5295000076293945","0.5295000076293945","0.5295000076293945"
"1541","0.5299999713897705","0.5299999713897705","0.5299999713897705"
"1552","0.5310999751091003","0.5310999751091003","0.5310999751091003"
"1563","0.5315999984741211","0.5315999984741211","0.5315999984741211"
"1574","0.531499981880188","0.531499981880188","0.531499981880188"
"1585","0.5325999855995178","0.5325999855995178","0.5325999855995178"
"1596","0.5322999954223633","0.5322999954223633","0.5322999954223633"
"1607","0.5317000150680542","0.5317000150680542","0.5317000150680542"
"1618","0.5324000120162964","0.5324000120162964","0.5324000120162964"
"1629","0.5331000089645386","0.5331000089645386","0.5331000089645386"
"1640","0.5328999757766724","0.5328999757766724","0.5328999757766724"
"1651","0.5327000021934509","0.5327000021934509","0.5327000021934509"
"1662","0.5342000126838684","0.5342000126838684","0.5342000126838684"
"1673","0.53329998254776","0.53329998254776","0.53329998254776"
"1684","0.5329999923706055","0.5329999923706055","0.5329999923706055"
"1695","0.5333999991416931","0.5333999991416931","0.5333999991416931"
"1706","0.5347999930381775","0.5347999930381775","0.5347999930381775"
"1717","0.5349000096321106","0.5349000096321106","0.5349000096321106"
"1728","0.5351999998092651","0.5351999998092651","0.5351999998092651"
"1739","0.5361999869346619","0.5361999869346619","0.5361999869346619"
"1750","0.5367000102996826","0.5367000102996826","0.5367000102996826"
"1761","0.5374000072479248","0.5374000072479248","0.5374000072479248"
"1772","0.538100004196167","0.538100004196167","0.538100004196167"
"1783","0.5383999943733215","0.5383999943733215","0.5383999943733215"
"1794","0.5388000011444092","0.5388000011444092","0.5388000011444092"
"1805","0.538599967956543","0.538599967956543","0.538599967956543"
"1816","0.538599967956543","0.538599967956543","0.538599967956543"
"1827","0.5394999980926514","0.5394999980926514","0.5394999980926514"
"1838","0.5404999852180481","0.5404999852180481","0.5404999852180481"
"1849","0.540399968624115","0.540399968624115","0.540399968624115"
"1860","0.5417999625205994","0.5417999625205994","0.5417999625205994"
"1871","0.5425999760627747","0.5425999760627747","0.5425999760627747"
"1882","0.5424000024795532","0.5424000024795532","0.5424000024795532"
"1893","0.5425999760627747","0.5425999760627747","0.5425999760627747"
"1904","0.5432999730110168","0.5432999730110168","0.5432999730110168"
"1915","0.5429999828338623","0.5429999828338623","0.5429999828338623"
"1926","0.5439000129699707","0.5439000129699707","0.5439000129699707"
"1937","0.5442999601364136","0.5442999601364136","0.5442999601364136"
"1948","0.5450999736785889","0.5450999736785889","0.5450999736785889"
"1959","0.545799970626831","0.545799970626831","0.545799970626831"
"1970","0.5461999773979187","0.5461999773979187","0.5461999773979187"
"1981","0.5468999743461609","0.5468999743461609","0.5468999743461609"
"1992","0.5467000007629395","0.5467000007629395","0.5467000007629395"
"2003","0.5471999645233154","0.5471999645233154","0.5471999645233154"
"2014","0.546999990940094","0.546999990940094","0.546999990940094"
"2025","0.5475999712944031","0.5475999712944031","0.5475999712944031"
"2036","0.5475999712944031","0.5475999712944031","0.5475999712944031"
"2047","0.5483999848365784","0.5483999848365784","0.5483999848365784"
"2058","0.5482000112533569","0.5482000112533569","0.5482000112533569"
"2069","0.548799991607666","0.548799991607666","0.548799991607666"
"2080","0.5490999817848206","0.5490999817848206","0.5490999817848206"
"2091","0.5493000149726868","0.5493000149726868","0.5493000149726868"
"2102","0.5507000088691711","0.5507000088691711","0.5507000088691711"
"2113","0.5511000156402588","0.5511000156402588","0.5511000156402588"
"2124","0.5514999628067017","0.5514999628067017","0.5514999628067017"
"2135","0.551800012588501","0.551800012588501","0.551800012588501"
"2146","0.5529999732971191","0.5529999732971191","0.5529999732971191"
"2157","0.5537999868392944","0.5537999868392944","0.5537999868392944"
"2168","0.5539999604225159","0.5539999604225159","0.5539999604225159"
"2179","0.5548999905586243","0.5548999905586243","0.5548999905586243"
"2190","0.5554999709129333","0.5554999709129333","0.5554999709129333"
"2201","0.5557000041007996","0.5557000041007996","0.5557000041007996"
"2212","0.5564000010490417","0.5564000010490417","0.5564000010490417"
"2223","0.5566999912261963","0.5566999912261963","0.5566999912261963"
"2234","0.5564999580383301","0.5564999580383301","0.5564999580383301"
"2245","0.5575999617576599","0.5575999617576599","0.5575999617576599"
"2256","0.558899998664856","0.558899998664856","0.558899998664856"
"2267","0.5582999587059021","0.5582999587059021","0.5582999587059021"
"2278","0.5593999624252319","0.5593999624252319","0.5593999624252319"
"2289","0.5593000054359436","0.5593000054359436","0.5593000054359436"
"2300","0.5587999820709229","0.5587999820709229","0.5587999820709229"
"2311","0.5597000122070312","0.5597000122070312","0.5597000122070312"
"2322","0.5602999925613403","0.5602999925613403","0.5602999925613403"
"2333","0.5608999729156494","0.5608999729156494","0.5608999729156494"
"2344","0.5613999962806702","0.5613999962806702","0.5613999962806702"
"2355","0.5611000061035156","0.5611000061035156","0.5611000061035156"
"2366","0.5618999600410461","0.5618999600410461","0.5618999600410461"
"2377","0.5626999735832214","0.5626999735832214","0.5626999735832214"
"2388","0.5627999901771545","0.5627999901771545","0.5627999901771545"
"2399","0.5625999569892883","0.5625999569892883","0.5625999569892883"
"2410","0.5626999735832214","0.5626999735832214","0.5626999735832214"
"2421","0.5629000067710876","0.5629000067710876","0.5629000067710876"
"2432","0.5640000104904175","0.5640000104904175","0.5640000104904175"
"2443","0.564300000667572","0.564300000667572","0.564300000667572"
"2454","0.5644999742507935","0.5644999742507935","0.5644999742507935"
"2465","0.5649999976158142","0.5649999976158142","0.5649999976158142"
"2476","0.5658000111579895","0.5658000111579895","0.5658000111579895"
"2487","0.5654000043869019","0.5654000043869019","0.5654000043869019"
"2498","0.5654000043869019","0.5654000043869019","0.5654000043869019"
"2509","0.5661999583244324","0.5661999583244324","0.5661999583244324"
"2520","0.5658000111579895","0.5658000111579895","0.5658000111579895"
"2531","0.5662999749183655","0.5662999749183655","0.5662999749183655"
"2542","0.5666999816894531","0.5666999816894531","0.5666999816894531"
"2553","0.5672000050544739","0.5672000050544739","0.5672000050544739"
"2564","0.5680999755859375","0.5680999755859375","0.5680999755859375"
"2575","0.5691999793052673","0.5691999793052673","0.5691999793052673"
"2586","0.5694999694824219","0.5694999694824219","0.5694999694824219"
"2597","0.5697999596595764","0.5697999596595764","0.5697999596595764"
"2608","0.5699999928474426","0.5699999928474426","0.5699999928474426"
"2619","0.5710999965667725","0.5710999965667725","0.5710999965667725"
"2630","0.571399986743927","0.571399986743927","0.571399986743927"
"2641","0.571399986743927","0.571399986743927","0.571399986743927"
"2652","0.5719000101089478","0.5719000101089478","0.5719000101089478"
"2663","0.5726999640464783","0.5726999640464783","0.5726999640464783"
"2674","0.5735999941825867","0.5735999941825867","0.5735999941825867"
"2685","0.5737000107765198","0.5737000107765198","0.5737000107765198"
"2696","0.574400007724762","0.574400007724762","0.574400007724762"
"2707","0.5745999813079834","0.5745999813079834","0.5745999813079834"
"2718","0.5755999684333801","0.5755999684333801","0.5755999684333801"
"2729","0.5751999616622925","0.5751999616622925","0.5751999616622925"
"2740","0.5758000016212463","0.5758000016212463","0.5758000016212463"
"2751","0.5758000016212463","0.5758000016212463","0.5758000016212463"
"2762","0.5764999985694885","0.5764999985694885","0.5764999985694885"
"2773","0.5762999653816223","0.5762999653816223","0.5762999653816223"
"2784","0.5776000022888184","0.5776000022888184","0.5776000022888184"
"2795","0.5777999758720398","0.5777999758720398","0.5777999758720398"
"2806","0.5780999660491943","0.5780999660491943","0.5780999660491943"
"2817","0.5782999992370605","0.5782999992370605","0.5782999992370605"
"2828","0.578499972820282","0.578499972820282","0.578499972820282"
"2839","0.5785999894142151","0.5785999894142151","0.5785999894142151"
"2850","0.5794000029563904","0.5794000029563904","0.5794000029563904"
"2861","0.5798999667167664","0.5798999667167664","0.5798999667167664"
"2872","0.5805999636650085","0.5805999636650085","0.5805999636650085"
"2883","0.5805999636650085","0.5805999636650085","0.5805999636650085"
"2894","0.5812000036239624","0.5812000036239624","0.5812000036239624"
"2905","0.5816999673843384","0.5816999673843384","0.5816999673843384"
"2916","0.5824999809265137","0.5824999809265137","0.5824999809265137"
"2927","0.5830999612808228","0.5830999612808228","0.5830999612808228"
"2938","0.5837999582290649","0.5837999582290649","0.5837999582290649"
"2949","0.5843999981880188","0.5843999981880188","0.5843999981880188"
"2960","0.5845999717712402","0.5845999717712402","0.5845999717712402"
"2971","0.5845999717712402","0.5845999717712402","0.5845999717712402"
"2982","0.5849999785423279","0.5849999785423279","0.5849999785423279"
"2993","0.5856999754905701","0.5856999754905701","0.5856999754905701"
"3004","0.5860999822616577","0.5860999822616577","0.5860999822616577"
"3015","0.5871999859809875","0.5871999859809875","0.5871999859809875"
"3026","0.587399959564209","0.587399959564209","0.587399959564209"
"3037","0.5880999565124512","0.5880999565124512","0.5880999565124512"
"3048","0.5888999700546265","0.5888999700546265","0.5888999700546265"
"3059","0.5892999768257141","0.5892999768257141","0.5892999768257141"
"3070","0.5895000100135803","0.5895000100135803","0.5895000100135803"
"3081","0.5895000100135803","0.5895000100135803","0.5895000100135803"
"3092","0.5896999835968018","0.5896999835968018","0.5896999835968018"
"3103","0.5891000032424927","0.5891000032424927","0.5891000032424927"
"3114","0.5899999737739563","0.5899999737739563","0.5899999737739563"
"3125","0.5910999774932861","0.5910999774932861","0.5910999774932861"
"3136","0.5914999842643738","0.5914999842643738","0.5914999842643738"
"3147","0.5918999910354614","0.5918999910354614","0.5918999910354614"
"3158","0.5922999978065491","0.5922999978065491","0.5922999978065491"
"3169","0.5925999879837036","0.5925999879837036","0.5925999879837036"
"3180","0.5924000144004822","0.5924000144004822","0.5924000144004822"
"3191","0.5934999585151672","0.5934999585151672","0.5934999585151672"
"3202","0.593999981880188","0.593999981880188","0.593999981880188"
"3213","0.5940999984741211","0.5940999984741211","0.5940999984741211"
"3224","0.5941999554634094","0.5941999554634094","0.5941999554634094"
"3235","0.5954999923706055","0.5954999923706055","0.5954999923706055"
"3246","0.5952000021934509","0.5952000021934509","0.5952000021934509"
"3257","0.5961999893188477","0.5961999893188477","0.5961999893188477"
"3268","0.5967999696731567","0.5967999696731567","0.5967999696731567"
"3279","0.597000002861023","0.597000002861023","0.597000002861023"
"3290","0.5979999899864197","0.5979999899864197","0.5979999899864197"
"3301","0.5978999733924866","0.5978999733924866","0.5978999733924866"
"3312","0.5986999869346619","0.5986999869346619","0.5986999869346619"
"3323","0.599299967288971","0.599299967288971","0.599299967288971"
"3334","0.5996999740600586","0.5996999740600586","0.5996999740600586"
"3345","0.5995000004768372","0.5995000004768372","0.5995000004768372"
"3356","0.5995999574661255","0.5995999574661255","0.5995999574661255"
"3367","0.5999000072479248","0.5999000072479248","0.5999000072479248"
"3378","0.5995999574661255","0.5995999574661255","0.5995999574661255"
"3389","0.6004999876022339","0.6004999876022339","0.6004999876022339"
"3400","0.6007999777793884","0.6007999777793884","0.6007999777793884"
"3411","0.6013000011444092","0.6013000011444092","0.6013000011444092"
"3422","0.6019999980926514","0.6019999980926514","0.6019999980926514"
"3433","0.6022999882698059","0.6022999882698059","0.6022999882698059"
"3444","0.6022999882698059","0.6022999882698059","0.6022999882698059"
"3455","0.6021999716758728","0.6021999716758728","0.6021999716758728"
"3466","0.602400004863739","0.602400004863739","0.602400004863739"
"3477","0.6029999852180481","0.6029999852180481","0.6029999852180481"
"3488","0.6031000018119812","0.6031000018119812","0.6031000018119812"
"3499","0.6035999655723572","0.6035999655723572","0.6035999655723572"
"3510","0.604200005531311","0.604200005531311","0.604200005531311"
"3521","0.6049999594688416","0.6049999594688416","0.6049999594688416"
"3532","0.6049000024795532","0.6049000024795532","0.6049000024795532"
"3543","0.6055999994277954","0.6055999994277954","0.6055999994277954"
"3554","0.60589998960495","0.60589998960495","0.60589998960495"
"3565","0.607699990272522","0.607699990272522","0.607699990272522"
"3576","0.6078000068664551","0.6078000068664551","0.6078000068664551"
"3587","0.6085999608039856","0.6085999608039856","0.6085999608039856"
"3598","0.6087999939918518","0.6087999939918518","0.6087999939918518"
"3609","0.6085999608039856","0.6085999608039856","0.6085999608039856"
"3620","0.6089000105857849","0.6089000105857849","0.6089000105857849"
"3631","0.6089999675750732","0.6089999675750732","0.6089999675750732"
"3642","0.609499990940094","0.609499990940094","0.609499990940094"
"3653","0.6103999614715576","0.6103999614715576","0.6103999614715576"
"3664","0.6108999848365784","0.6108999848365784","0.6108999848365784"
"3675","0.6110000014305115","0.6110000014305115","0.6110000014305115"
"3686","0.6111999750137329","0.6111999750137329","0.6111999750137329"
"3697","0.6116999983787537","0.6116999983787537","0.6116999983787537"
"3708","0.6128999590873718","0.6128999590873718","0.6128999590873718"
"3719","0.6134999990463257","0.6134999990463257","0.6134999990463257"
"3730","0.6132000088691711","0.6132000088691711","0.6132000088691711"
"3741","0.6137999892234802","0.6137999892234802","0.6137999892234802"
"3752","0.6144999861717224","0.6144999861717224","0.6144999861717224"
"3763","0.614300012588501","0.614300012588501","0.614300012588501"
"3774","0.6150000095367432","0.6150000095367432","0.6150000095367432"
"3785","0.6148999929428101","0.6148999929428101","0.6148999929428101"
"3796","0.6151999831199646","0.6151999831199646","0.6151999831199646"
"3807","0.6152999997138977","0.6152999997138977","0.6152999997138977"
"3818","0.6158999800682068","0.6158999800682068","0.6158999800682068"
"3829","0.6157000064849854","0.6157000064849854","0.6157000064849854"
"3840","0.6164000034332275","0.6164000034332275","0.6164000034332275"
"3851","0.616599977016449","0.616599977016449","0.616599977016449"
"3862","0.6173999905586243","0.6173999905586243","0.6173999905586243"
"3873","0.618399977684021","0.618399977684021","0.618399977684021"
"3884","0.6186999678611755","0.6186999678611755","0.6186999678611755"
"3895","0.6187999844551086","0.6187999844551086","0.6187999844551086"
"3906","0.6193000078201294","0.6193000078201294","0.6193000078201294"
"3917","0.620199978351593","0.620199978351593","0.620199978351593"
"3928","0.6204000115394592","0.6204000115394592","0.6204000115394592"
"3939","0.6211999654769897","0.6211999654769897","0.6211999654769897"
"3950","0.6214999556541443","0.6214999556541443","0.6214999556541443"
"3961","0.6220999956130981","0.6220999956130981","0.6220999956130981"
"3972","0.6229000091552734","0.6229000091552734","0.6229000091552734"
"3983","0.6229999661445618","0.6229999661445618","0.6229999661445618"
"3994","0.6238999962806702","0.6238999962806702","0.6238999962806702"
"4005","0.6244999766349792","0.6244999766349792","0.6244999766349792"
"4016","0.6243000030517578","0.6243000030517578","0.6243000030517578"
"4027","0.6240999698638916","0.6240999698638916","0.6240999698638916"
"4038","0.6247000098228455","0.6247000098228455","0.6247000098228455"
"4049","0.6248999834060669","0.6248999834060669","0.6248999834060669"
"4060","0.6255999803543091","0.6255999803543091","0.6255999803543091"
"4071","0.6258999705314636","0.6258999705314636","0.6258999705314636"
"4082","0.6261999607086182","0.6261999607086182","0.6261999607086182"
"4093","0.6266999840736389","0.6266999840736389","0.6266999840736389"
"4104","0.6266999840736389","0.6266999840736389","0.6266999840736389"
"4115","0.6269999742507935","0.6269999742507935","0.6269999742507935"
"4126","0.6275999546051025","0.6275999546051025","0.6275999546051025"
"4137","0.6283000111579895","0.6283000111579895","0.6283000111579895"
"4148","0.6281999945640564","0.6281999945640564","0.6281999945640564"
"4159","0.6290000081062317","0.6290000081062317","0.6290000081062317"
"4170","0.62909996509552","0.62909996509552","0.62909996509552"
"4181","0.6297999620437622","0.6297999620437622","0.6297999620437622"
"4192","0.6301000118255615","0.6301000118255615","0.6301000118255615"
"4203","0.6304000020027161","0.6304000020027161","0.6304000020027161"
"4214","0.6299999952316284","0.6299999952316284","0.6299999952316284"
"4225","0.6301999688148499","0.6301999688148499","0.6301999688148499"
"4236","0.6315000057220459","0.6315000057220459","0.6315000057220459"
"4247","0.6317999958992004","0.6317999958992004","0.6317999958992004"
"4258","0.6322000026702881","0.6322000026702881","0.6322000026702881"
"4269","0.6333000063896179","0.6333000063896179","0.6333000063896179"
"4280","0.6334999799728394","0.6334999799728394","0.6334999799728394"
"4291","0.6337999701499939","0.6337999701499939","0.6337999701499939"
"4302","0.6348999738693237","0.6348999738693237","0.6348999738693237"
"4313","0.635699987411499","0.635699987411499","0.635699987411499"
"4324","0.6362000107765198","0.6362000107765198","0.6362000107765198"
"4335","0.6366999745368958","0.6366999745368958","0.6366999745368958"
"4346","0.6371999979019165","0.6371999979019165","0.6371999979019165"
"4357","0.6373999714851379","0.6373999714851379","0.6373999714851379"
"4368","0.6377999782562256","0.6377999782562256","0.6377999782562256"
"4379","0.6383000016212463","0.6383000016212463","0.6383000016212463"
"4390","0.6387999653816223","0.6387999653816223","0.6387999653816223"
"4401","0.6394000053405762","0.6394000053405762","0.6394000053405762"
"4412","0.6395999789237976","0.6395999789237976","0.6395999789237976"
"4423","0.6395999789237976","0.6395999789237976","0.6395999789237976"
"4434","0.6398999691009521","0.6398999691009521","0.6398999691009521"
"4445","0.6399999856948853","0.6399999856948853","0.6399999856948853"
"4456","0.6403999924659729","0.6403999924659729","0.6403999924659729"
"4467","0.6407999992370605","0.6407999992370605","0.6407999992370605"
"4478","0.640999972820282","0.640999972820282","0.640999972820282"
"4489","0.6412999629974365","0.6412999629974365","0.6412999629974365"
"4500","0.6421999931335449","0.6421999931335449","0.6421999931335449"
"4511","0.6424999833106995","0.6424999833106995","0.6424999833106995"
"4522","0.6431999802589417","0.6431999802589417","0.6431999802589417"
"4533","0.6430000066757202","0.6430000066757202","0.6430000066757202"
"4544","0.6441999673843384","0.6441999673843384","0.6441999673843384"
"4555","0.644599974155426","0.644599974155426","0.644599974155426"
"4566","0.6444999575614929","0.6444999575614929","0.6444999575614929"
"4577","0.6448999643325806","0.6448999643325806","0.6448999643325806"
"4588","0.6455000042915344","0.6455000042915344","0.6455000042915344"
"4599","0.6452999711036682","0.6452999711036682","0.6452999711036682"
"4610","0.6456999778747559","0.6456999778747559","0.6456999778747559"
"4621","0.6455999612808228","0.6455999612808228","0.6455999612808228"
"4632","0.6459000110626221","0.6459000110626221","0.6459000110626221"
"4643","0.6462999582290649","0.6462999582290649","0.6462999582290649"
"4654","0.6466000080108643","0.6466000080108643","0.6466000080108643"
"4665","0.6470999717712402","0.6470999717712402","0.6470999717712402"
"4676","0.6474999785423279","0.6474999785423279","0.6474999785423279"
"4687","0.648099958896637","0.648099958896637","0.648099958896637"
"4698","0.6481999754905701","0.6481999754905701","0.6481999754905701"
"4709","0.6481999754905701","0.6481999754905701","0.6481999754905701"
"4720","0.6488999724388123","0.6488999724388123","0.6488999724388123"
"4731","0.649399995803833","0.649399995803833","0.649399995803833"
"4742","0.649899959564209","0.649899959564209","0.649899959564209"
"4753","0.6500999927520752","0.6500999927520752","0.6500999927520752"
"4764","0.6500999927520752","0.6500999927520752","0.6500999927520752"
"4775","0.6505999565124512","0.6505999565124512","0.6505999565124512"
"4786","0.6509999632835388","0.6509999632835388","0.6509999632835388"
"4797","0.6518999934196472","0.6518999934196472","0.6518999934196472"
"4808","0.651699960231781","0.651699960231781","0.651699960231781"
"4819","0.6521999835968018","0.6521999835968018","0.6521999835968018"
"4830","0.6527999639511108","0.6527999639511108","0.6527999639511108"
"4841","0.6531999707221985","0.6531999707221985","0.6531999707221985"
"4852","0.6539999842643738","0.6539999842643738","0.6539999842643738"
"4863","0.6545999646186829","0.6545999646186829","0.6545999646186829"
"4874","0.6549999713897705","0.6549999713897705","0.6549999713897705"
"4885","0.6549999713897705","0.6549999713897705","0.6549999713897705"
"4896","0.6559000015258789","0.6559000015258789","0.6559000015258789"
"4907","0.6556999683380127","0.6556999683380127","0.6556999683380127"
"4918","0.6561999917030334","0.6561999917030334","0.6561999917030334"
"4929","0.6563000082969666","0.6563000082969666","0.6563000082969666"
"4940","0.6563999652862549","0.6563999652862549","0.6563999652862549"
"4951","0.6567999720573425","0.6567999720573425","0.6567999720573425"
"4962","0.6570000052452087","0.6570000052452087","0.6570000052452087"
"4973","0.6577999591827393","0.6577999591827393","0.6577999591827393"
"4984","0.6574999690055847","0.6574999690055847","0.6574999690055847"
"4995","0.6578999757766724","0.6578999757766724","0.6578999757766724"
"5006","0.6581999659538269","0.6581999659538269","0.6581999659538269"
"5017","0.6583999991416931","0.6583999991416931","0.6583999991416931"
"5028","0.6581000089645386","0.6581000089645386","0.6581000089645386"
"5039","0.6581000089645386","0.6581000089645386","0.6581000089645386"
"5050","0.65829998254776","0.65829998254776","0.65829998254776"
"5061","0.6583999991416931","0.6583999991416931","0.6583999991416931"
"5072","0.6589999794960022","0.6589999794960022","0.6589999794960022"
"5083","0.6595999598503113","0.6595999598503113","0.6595999598503113"
"5094","0.6596999764442444","0.6596999764442444","0.6596999764442444"
"5105","0.6601999998092651","0.6601999998092651","0.6601999998092651"
"5116","0.6609999537467957","0.6609999537467957","0.6609999537467957"
"5127","0.6610999703407288","0.6610999703407288","0.6610999703407288"
"5138","0.6614999771118164","0.6614999771118164","0.6614999771118164"
"5149","0.661899983882904","0.661899983882904","0.661899983882904"
"5160","0.6622999906539917","0.6622999906539917","0.6622999906539917"
"5171","0.6628999710083008","0.6628999710083008","0.6628999710083008"
"5182","0.6624000072479248","0.6624000072479248","0.6624000072479248"
"5193","0.663100004196167","0.663100004196167","0.663100004196167"
"5204","0.6638000011444092","0.6638000011444092","0.6638000011444092"
"5215","0.6640999913215637","0.6640999913215637","0.6640999913215637"
"5226","0.6642999649047852","0.6642999649047852","0.6642999649047852"
"5237","0.6643999814987183","0.6643999814987183","0.6643999814987183"
"5248","0.6645999550819397","0.6645999550819397","0.6645999550819397"
"5259","0.664900004863739","0.664900004863739","0.664900004863739"
"5270","0.6645999550819397","0.6645999550819397","0.6645999550819397"
"5281","0.6647999882698059","0.6647999882698059","0.6647999882698059"
"5292","0.6647999882698059","0.6647999882698059","0.6647999882698059"
"5303","0.664900004863739","0.664900004863739","0.664900004863739"
"5314","0.6653000116348267","0.6653000116348267","0.6653000116348267"
"5325","0.6654999852180481","0.6654999852180481","0.6654999852180481"
"5336","0.6656999588012695","0.6656999588012695","0.6656999588012695"
"5347","0.6658999919891357","0.6658999919891357","0.6658999919891357"
"5358","0.6657999753952026","0.6657999753952026","0.6657999753952026"
"5369","0.6663999557495117","0.6663999557495117","0.6663999557495117"
"5380","0.6668999791145325","0.6668999791145325","0.6668999791145325"
"5391","0.6672999858856201","0.6672999858856201","0.6672999858856201"
"5402","0.6674000024795532","0.6674000024795532","0.6674000024795532"
"5413","0.6681999564170837","0.6681999564170837","0.6681999564170837"
"5424","0.6685000061988831","0.6685000061988831","0.6685000061988831"
"5435","0.6685000061988831","0.6685000061988831","0.6685000061988831"
"5446","0.6687999963760376","0.6687999963760376","0.6687999963760376"
"5457","0.6688999533653259","0.6688999533653259","0.6688999533653259"
"5468","0.6687999963760376","0.6687999963760376","0.6687999963760376"
"5479","0.668999969959259","0.668999969959259","0.668999969959259"
"5490","0.6697999835014343","0.6697999835014343","0.6697999835014343"
"5501","0.6700999736785889","0.6700999736785889","0.6700999736785889"
"5512","0.6703999638557434","0.6703999638557434","0.6703999638557434"
"5523","0.6705999970436096","0.6705999970436096","0.6705999970436096"
"5534","0.670199990272522","0.670199990272522","0.670199990272522"
"5545","0.6710000038146973","0.6710000038146973","0.6710000038146973"
"5556","0.6714000105857849","0.6714000105857849","0.6714000105857849"
"5567","0.671999990940094","0.671999990940094","0.671999990940094"
"5578","0.6725999712944031","0.6725999712944031","0.6725999712944031"
"5589","0.6732999682426453","0.6732999682426453","0.6732999682426453"
"5600","0.6732999682426453","0.6732999682426453","0.6732999682426453"
"5611","0.6728999614715576","0.6728999614715576","0.6728999614715576"
"5622","0.6730999946594238","0.6730999946594238","0.6730999946594238"
"5633","0.6728999614715576","0.6728999614715576","0.6728999614715576"
"5644","0.6735999584197998","0.6735999584197998","0.6735999584197998"
"5655","0.673799991607666","0.673799991607666","0.673799991607666"
"5666","0.6739999651908875","0.6739999651908875","0.6739999651908875"
"5677","0.6747999787330627","0.6747999787330627","0.6747999787330627"
"5688","0.6746999621391296","0.6746999621391296","0.6746999621391296"
"5699","0.6748999953269958","0.6748999953269958","0.6748999953269958"
"5710","0.6757000088691711","0.6757000088691711","0.6757000088691711"
"5721","0.6757000088691711","0.6757000088691711","0.6757000088691711"
"5732","0.6759999990463257","0.6759999990463257","0.6759999990463257"
"5743","0.6764000058174133","0.6764000058174133","0.6764000058174133"
"5754","0.6768999695777893","0.6768999695777893","0.6768999695777893"
"5765","0.6771000027656555","0.6771000027656555","0.6771000027656555"
"5776","0.6771000027656555","0.6771000027656555","0.6771000027656555"
"5787","0.6773999929428101","0.6773999929428101","0.6773999929428101"
"5798","0.6775000095367432","0.6775000095367432","0.6775000095367432"
"5809","0.6775999665260315","0.6775999665260315","0.6775999665260315"
"5820","0.6776999831199646","0.6776999831199646","0.6776999831199646"
"5831","0.6777999997138977","0.6777999997138977","0.6777999997138977"
"5842","0.6776999831199646","0.6776999831199646","0.6776999831199646"
"5853","0.6776999831199646","0.6776999831199646","0.6776999831199646"
"5864","0.6784999966621399","0.6784999966621399","0.6784999966621399"
"5875","0.6785999536514282","0.6785999536514282","0.6785999536514282"
"5886","0.6793000102043152","0.6793000102043152","0.6793000102043152"
"5897","0.6793999671936035","0.6793999671936035","0.6793999671936035"
"5908","0.6796999573707581","0.6796999573707581","0.6796999573707581"
"5919","0.6798999905586243","0.6798999905586243","0.6798999905586243"
"5930","0.6800000071525574","0.6800000071525574","0.6800000071525574"
"5941","0.6800999641418457","0.6800999641418457","0.6800999641418457"
"5952","0.6801999807357788","0.6801999807357788","0.6801999807357788"
"5963","0.6801999807357788","0.6801999807357788","0.6801999807357788"
"5974","0.6800000071525574","0.6800000071525574","0.6800000071525574"
"5985","0.680899977684021","0.680899977684021","0.680899977684021"
"5996","0.6811999678611755","0.6811999678611755","0.6811999678611755"
"6007","0.6816999912261963","0.6816999912261963","0.6816999912261963"
"6018","0.6822999715805054","0.6822999715805054","0.6822999715805054"
"6029","0.6825999617576599","0.6825999617576599","0.6825999617576599"
"6040","0.6821999549865723","0.6821999549865723","0.6821999549865723"
"6051","0.6829000115394592","0.6829000115394592","0.6829000115394592"
"6062","0.6829999685287476","0.6829999685287476","0.6829999685287476"
"6073","0.6832999587059021","0.6832999587059021","0.6832999587059021"
"6084","0.6833999752998352","0.6833999752998352","0.6833999752998352"
"6095","0.6832999587059021","0.6832999587059021","0.6832999587059021"
"6106","0.6833999752998352","0.6833999752998352","0.6833999752998352"
"6117","0.6836000084877014","0.6836000084877014","0.6836000084877014"
"6128","0.683899998664856","0.683899998664856","0.683899998664856"
"6139","0.6839999556541443","0.6839999556541443","0.6839999556541443"
"6150","0.6843000054359436","0.6843000054359436","0.6843000054359436"
"6161","0.684499979019165","0.684499979019165","0.684499979019165"
"6172","0.6843999624252319","0.6843999624252319","0.6843999624252319"
"6183","0.6848999857902527","0.6848999857902527","0.6848999857902527"
"6194","0.6848999857902527","0.6848999857902527","0.6848999857902527"
"6205","0.6854999661445618","0.6854999661445618","0.6854999661445618"
"6216","0.6861000061035156","0.6861000061035156","0.6861000061035156"
"6227","0.6862999796867371","0.6862999796867371","0.6862999796867371"
"6238","0.6865999698638916","0.6865999698638916","0.6865999698638916"
"6249","0.6868999600410461","0.6868999600410461","0.6868999600410461"
"6260","0.6866999864578247","0.6866999864578247","0.6866999864578247"
"6271","0.6865999698638916","0.6865999698638916","0.6865999698638916"
"6282","0.6868999600410461","0.6868999600410461","0.6868999600410461"
"6293","0.6875","0.6875","0.6875"
"6304","0.6875","0.6875","0.6875"
"6315","0.6881999969482422","0.6881999969482422","0.6881999969482422"
"6326","0.6877999901771545","0.6877999901771545","0.6877999901771545"
"6337","0.6879000067710876","0.6879000067710876","0.6879000067710876"
"6348","0.6877999901771545","0.6877999901771545","0.6877999901771545"
"6359","0.6880999803543091","0.6880999803543091","0.6880999803543091"
"6370","0.6882999539375305","0.6882999539375305","0.6882999539375305"
"6381","0.6886000037193298","0.6886000037193298","0.6886000037193298"
"6392","0.6887999773025513","0.6887999773025513","0.6887999773025513"
"6403","0.6884999871253967","0.6884999871253967","0.6884999871253967"
"6414","0.6890000104904175","0.6890000104904175","0.6890000104904175"
"6425","0.6893999576568604","0.6893999576568604","0.6893999576568604"
"6436","0.6894999742507935","0.6894999742507935","0.6894999742507935"
"6447","0.689799964427948","0.689799964427948","0.689799964427948"
"6458","0.6898999810218811","0.6898999810218811","0.6898999810218811"
"6469","0.6898999810218811","0.6898999810218811","0.6898999810218811"
"6480","0.6899999976158142","0.6899999976158142","0.6899999976158142"
"6491","0.6901999711990356","0.6901999711990356","0.6901999711990356"
"6502","0.6904000043869019","0.6904000043869019","0.6904000043869019"
"6513","0.6905999779701233","0.6905999779701233","0.6905999779701233"
"6524","0.6906999945640564","0.6906999945640564","0.6906999945640564"
"6535","0.6905999779701233","0.6905999779701233","0.6905999779701233"
"6546","0.6909999847412109","0.6909999847412109","0.6909999847412109"
"6557","0.69159996509552","0.69159996509552","0.69159996509552"
"6568","0.6916999816894531","0.6916999816894531","0.6916999816894531"
"6579","0.6916999816894531","0.6916999816894531","0.6916999816894531"
"6590","0.6920999884605408","0.6920999884605408","0.6920999884605408"
"6601","0.6924999952316284","0.6924999952316284","0.6924999952316284"
"6612","0.6919999718666077","0.6919999718666077","0.6919999718666077"
"6623","0.6922999620437622","0.6922999620437622","0.6922999620437622"
"6634","0.6926000118255615","0.6926000118255615","0.6926000118255615"
"6645","0.6929000020027161","0.6929000020027161","0.6929000020027161"
"6656","0.6933000087738037","0.6933000087738037","0.6933000087738037"
"6667","0.6933000087738037","0.6933000087738037","0.6933000087738037"
"6678","0.693399965763092","0.693399965763092","0.693399965763092"
"6689","0.6934999823570251","0.6934999823570251","0.6934999823570251"
"6700","0.6938999891281128","0.6938999891281128","0.6938999891281128"
"6711","0.6941999793052673","0.6941999793052673","0.6941999793052673"
"6722","0.6940999627113342","0.6940999627113342","0.6940999627113342"
"6733","0.694599986076355","0.694599986076355","0.694599986076355"
"6744","0.6949999928474426","0.6949999928474426","0.6949999928474426"
"6755","0.6951999664306641","0.6951999664306641","0.6951999664306641"
"6766","0.6952999830245972","0.6952999830245972","0.6952999830245972"
"6777","0.6951999664306641","0.6951999664306641","0.6951999664306641"
"6788","0.6952999830245972","0.6952999830245972","0.6952999830245972"
"6799","0.6954999566078186","0.6954999566078186","0.6954999566078186"
"6810","0.6955999732017517","0.6955999732017517","0.6955999732017517"
"6821","0.6959999799728394","0.6959999799728394","0.6959999799728394"
"6832","0.6954999566078186","0.6954999566078186","0.6954999566078186"
"6843","0.6958999633789062","0.6958999633789062","0.6958999633789062"
"6854","0.6958000063896179","0.6958000063896179","0.6958000063896179"
"6865","0.6960999965667725","0.6960999965667725","0.6960999965667725"
"6876","0.6961999535560608","0.6961999535560608","0.6961999535560608"
"6887","0.6962999701499939","0.6962999701499939","0.6962999701499939"
"6898","0.6965000033378601","0.6965000033378601","0.6965000033378601"
"6909","0.6965000033378601","0.6965000033378601","0.6965000033378601"
"6920","0.6966999769210815","0.6966999769210815","0.6966999769210815"
"6931","0.6967999935150146","0.6967999935150146","0.6967999935150146"
"6942","0.6967999935150146","0.6967999935150146","0.6967999935150146"
"6953","0.6969000101089478","0.6969000101089478","0.6969000101089478"
"6964","0.6972000002861023","0.6972000002861023","0.6972000002861023"
"6975","0.6972999572753906","0.6972999572753906","0.6972999572753906"
"6986","0.6974999904632568","0.6974999904632568","0.6974999904632568"
"6997","0.6974999904632568","0.6974999904632568","0.6974999904632568"
"7008","0.6976999640464783","0.6976999640464783","0.6976999640464783"
"7019","0.6980999708175659","0.6980999708175659","0.6980999708175659"
"7030","0.6980999708175659","0.6980999708175659","0.6980999708175659"
"7041","0.6983000040054321","0.6983000040054321","0.6983000040054321"
"7052","0.6984999775886536","0.6984999775886536","0.6984999775886536"
"7063","0.6985999941825867","0.6985999941825867","0.6985999941825867"
"7074","0.6987999677658081","0.6987999677658081","0.6987999677658081"
"7085","0.6990999579429626","0.6990999579429626","0.6990999579429626"
"7096","0.6992999911308289","0.6992999911308289","0.6992999911308289"
"7107","0.6992999911308289","0.6992999911308289","0.6992999911308289"
"7118","0.6987000107765198","0.6987000107765198","0.6987000107765198"
"7129","0.6990999579429626","0.6990999579429626","0.6990999579429626"
"7140","0.6996999979019165","0.6996999979019165","0.6996999979019165"
"7151","0.699400007724762","0.699400007724762","0.699400007724762"
"7162","0.6992999911308289","0.6992999911308289","0.6992999911308289"
"7173","0.699999988079071","0.699999988079071","0.699999988079071"
"7184","0.7001999616622925","0.7001999616622925","0.7001999616622925"
"7195","0.7003999948501587","0.7003999948501587","0.7003999948501587"
"7206","0.7003999948501587","0.7003999948501587","0.7003999948501587"
"7217","0.7001999616622925","0.7001999616622925","0.7001999616622925"
"7228","0.6998999714851379","0.6998999714851379","0.6998999714851379"
"7239","0.7009999752044678","0.7009999752044678","0.7009999752044678"
"7250","0.701200008392334","0.701200008392334","0.701200008392334"
"7261","0.7017999887466431","0.7017999887466431","0.7017999887466431"
"7272","0.7015999555587769","0.7015999555587769","0.7015999555587769"
"7283","0.7019999623298645","0.7019999623298645","0.7019999623298645"
"7294","0.7021999955177307","0.7021999955177307","0.7021999955177307"
"7305","0.702299952507019","0.702299952507019","0.702299952507019"
"7316","0.7020999789237976","0.7020999789237976","0.7020999789237976"
"7327","0.7023999691009521","0.7023999691009521","0.7023999691009521"
"7338","0.7020999789237976","0.7020999789237976","0.7020999789237976"
"7349","0.7021999955177307","0.7021999955177307","0.7021999955177307"
"7360","0.7023999691009521","0.7023999691009521","0.7023999691009521"
"7371","0.7021999955177307","0.7021999955177307","0.7021999955177307"
"7382","0.7026000022888184","0.7026000022888184","0.7026000022888184"
"7393","0.7028999924659729","0.7028999924659729","0.7028999924659729"
"7404","0.703000009059906","0.703000009059906","0.703000009059906"
"7415","0.703499972820282","0.703499972820282","0.703499972820282"
"7426","0.7033999562263489","0.7033999562263489","0.7033999562263489"
"7437","0.7035999894142151","0.7035999894142151","0.7035999894142151"
"7448","0.7035999894142151","0.7035999894142151","0.7035999894142151"
"7459","0.7035999894142151","0.7035999894142151","0.7035999894142151"
"7470","0.7038999795913696","0.7038999795913696","0.7038999795913696"
"7481","0.7035999894142151","0.7035999894142151","0.7035999894142151"
"7492","0.7038999795913696","0.7038999795913696","0.7038999795913696"
"7503","0.7044000029563904","0.7044000029563904","0.7044000029563904"
"7514","0.7044000029563904","0.7044000029563904","0.7044000029563904"
"7525","0.7044000029563904","0.7044000029563904","0.7044000029563904"
"7536","0.7044999599456787","0.7044999599456787","0.7044999599456787"
"7547","0.7044999599456787","0.7044999599456787","0.7044999599456787"
"7558","0.7046999931335449","0.7046999931335449","0.7046999931335449"
"7569","0.7046999931335449","0.7046999931335449","0.7046999931335449"
"7580","0.704800009727478","0.704800009727478","0.704800009727478"
"7591","0.7044999599456787","0.7044999599456787","0.7044999599456787"
"7602","0.7046999931335449","0.7046999931335449","0.7046999931335449"
"7613","0.7051999568939209","0.7051999568939209","0.7051999568939209"
"7624","0.7057999968528748","0.7057999968528748","0.7057999968528748"
"7635","0.7055000066757202","0.7055000066757202","0.7055000066757202"
"7646","0.7050999999046326","0.7050999999046326","0.7050999999046326"
"7657","0.705299973487854","0.705299973487854","0.705299973487854"
"7668","0.7055000066757202","0.7055000066757202","0.7055000066757202"
"7679","0.7057999968528748","0.7057999968528748","0.7057999968528748"
"7690","0.7056999802589417","0.7056999802589417","0.7056999802589417"
"7701","0.7060999870300293","0.7060999870300293","0.7060999870300293"
"7712","0.7064999938011169","0.7064999938011169","0.7064999938011169"
"7723","0.7062999606132507","0.7062999606132507","0.7062999606132507"
"7734","0.7067999839782715","0.7067999839782715","0.7067999839782715"
"7745","0.7066999673843384","0.7066999673843384","0.7066999673843384"
"7756","0.70660001039505","0.70660001039505","0.70660001039505"
"7767","0.7066999673843384","0.7066999673843384","0.7066999673843384"
"7778","0.7066999673843384","0.7066999673843384","0.7066999673843384"
"7789","0.7069999575614929","0.7069999575614929","0.7069999575614929"
"7800","0.7069999575614929","0.7069999575614929","0.7069999575614929"
"7811","0.7073999643325806","0.7073999643325806","0.7073999643325806"
"7822","0.7073999643325806","0.7073999643325806","0.7073999643325806"
"7833","0.7076999545097351","0.7076999545097351","0.7076999545097351"
"7844","0.7073999643325806","0.7073999643325806","0.7073999643325806"
"7855","0.7073000073432922","0.7073000073432922","0.7073000073432922"
"7866","0.7075999975204468","0.7075999975204468","0.7075999975204468"
"7877","0.7076999545097351","0.7076999545097351","0.7076999545097351"
"7888","0.7077999711036682","0.7077999711036682","0.7077999711036682"
"7899","0.7080000042915344","0.7080000042915344","0.7080000042915344"
"7910","0.7080999612808228","0.7080999612808228","0.7080999612808228"
"7921","0.7080000042915344","0.7080000042915344","0.7080000042915344"
"7932","0.7081999778747559","0.7081999778747559","0.7081999778747559"
"7943","0.7081999778747559","0.7081999778747559","0.7081999778747559"
"7954","0.7084000110626221","0.7084000110626221","0.7084000110626221"
"7965","0.7084000110626221","0.7084000110626221","0.7084000110626221"
"7976","0.7085999846458435","0.7085999846458435","0.7085999846458435"
"7987","0.7084000110626221","0.7084000110626221","0.7084000110626221"
"7998","0.7087999582290649","0.7087999582290649","0.7087999582290649"
"8009","0.708899974822998","0.708899974822998","0.708899974822998"
"8020","0.7089999914169312","0.7089999914169312","0.7089999914169312"
"8031","0.7089999914169312","0.7089999914169312","0.7089999914169312"
"8042","0.7092999815940857","0.7092999815940857","0.7092999815940857"
"8053","0.7094999551773071","0.7094999551773071","0.7094999551773071"
"8064","0.7096999883651733","0.7096999883651733","0.7096999883651733"
"8075","0.7096999883651733","0.7096999883651733","0.7096999883651733"
"8086","0.7096999883651733","0.7096999883651733","0.7096999883651733"
"8097","0.7102000117301941","0.7102000117301941","0.7102000117301941"
"8108","0.7099999785423279","0.7099999785423279","0.7099999785423279"
"8119","0.7099999785423279","0.7099999785423279","0.7099999785423279"
"8130","0.7098999619483948","0.7098999619483948","0.7098999619483948"
"8141","0.7103999853134155","0.7103999853134155","0.7103999853134155"
"8152","0.710599958896637","0.710599958896637","0.710599958896637"
"8163","0.7107999920845032","0.7107999920845032","0.7107999920845032"
"8174","0.7109000086784363","0.7109000086784363","0.7109000086784363"
"8185","0.7111999988555908","0.7111999988555908","0.7111999988555908"
"8196","0.7114999890327454","0.7114999890327454","0.7114999890327454"
"8207","0.7119999527931213","0.7119999527931213","0.7119999527931213"
"8218","0.7114999890327454","0.7114999890327454","0.7114999890327454"
"8229","0.7123000025749207","0.7123000025749207","0.7123000025749207"
"8240","0.7123000025749207","0.7123000025749207","0.7123000025749207"
"8251","0.7121999859809875","0.7121999859809875","0.7121999859809875"
"8262","0.712399959564209","0.712399959564209","0.712399959564209"
"8273","0.7125999927520752","0.7125999927520752","0.7125999927520752"
"8284","0.7125999927520752","0.7125999927520752","0.7125999927520752"
"8295","0.7127000093460083","0.7127000093460083","0.7127000093460083"
"8306","0.7130999565124512","0.7130999565124512","0.7130999565124512"
"8317","0.7135999798774719","0.7135999798774719","0.7135999798774719"
"8328","0.7129999995231628","0.7129999995231628","0.7129999995231628"
"8339","0.7135999798774719","0.7135999798774719","0.7135999798774719"
"8350","0.7139999866485596","0.7139999866485596","0.7139999866485596"
"8361","0.7139999866485596","0.7139999866485596","0.7139999866485596"
"8372","0.7141000032424927","0.7141000032424927","0.7141000032424927"
"8383","0.7139999866485596","0.7139999866485596","0.7139999866485596"
"8394","0.7148999571800232","0.7148999571800232","0.7148999571800232"
"8405","0.7145000100135803","0.7145000100135803","0.7145000100135803"
"8416","0.7145999670028687","0.7145999670028687","0.7145999670028687"
"8427","0.7148999571800232","0.7148999571800232","0.7148999571800232"
"8438","0.7148000001907349","0.7148000001907349","0.7148000001907349"
"8449","0.7146999835968018","0.7146999835968018","0.7146999835968018"
"8460","0.7150999903678894","0.7150999903678894","0.7150999903678894"
"8471","0.7149999737739563","0.7149999737739563","0.7149999737739563"
"8482","0.7150999903678894","0.7150999903678894","0.7150999903678894"
"8493","0.7152000069618225","0.7152000069618225","0.7152000069618225"
"8504","0.7155999541282654","0.7155999541282654","0.7155999541282654"
"8515","0.7152000069618225","0.7152000069618225","0.7152000069618225"
"8526","0.7155999541282654","0.7155999541282654","0.7155999541282654"
"8537","0.7156999707221985","0.7156999707221985","0.7156999707221985"
"8548","0.715999960899353","0.715999960899353","0.715999960899353"
"8559","0.7161999940872192","0.7161999940872192","0.7161999940872192"
"8570","0.7161999940872192","0.7161999940872192","0.7161999940872192"
"8581","0.7161999940872192","0.7161999940872192","0.7161999940872192"
"8592","0.7163999676704407","0.7163999676704407","0.7163999676704407"
"8603","0.7163999676704407","0.7163999676704407","0.7163999676704407"
"8614","0.7163000106811523","0.7163000106811523","0.7163000106811523"
"8625","0.715999960899353","0.715999960899353","0.715999960899353"
"8636","0.715999960899353","0.715999960899353","0.715999960899353"
"8647","0.7163999676704407","0.7163999676704407","0.7163999676704407"
"8658","0.7167999744415283","0.7167999744415283","0.7167999744415283"
"8669","0.7170000076293945","0.7170000076293945","0.7170000076293945"
"8680","0.7163999676704407","0.7163999676704407","0.7163999676704407"
"8691","0.7166000008583069","0.7166000008583069","0.7166000008583069"
"8702","0.7170000076293945","0.7170000076293945","0.7170000076293945"
"8713","0.7172999978065491","0.7172999978065491","0.7172999978065491"
"8724","0.7170000076293945","0.7170000076293945","0.7170000076293945"
"8735","0.7174999713897705","0.7174999713897705","0.7174999713897705"
"8746","0.717199981212616","0.717199981212616","0.717199981212616"
"8757","0.7172999978065491","0.7172999978065491","0.7172999978065491"
"8768","0.7174999713897705","0.7174999713897705","0.7174999713897705"
"8779","0.717799961566925","0.717799961566925","0.717799961566925"
"8790","0.7173999547958374","0.7173999547958374","0.7173999547958374"
"8801","0.7177000045776367","0.7177000045776367","0.7177000045776367"
"8812","0.7178999781608582","0.7178999781608582","0.7178999781608582"
"8823","0.717799961566925","0.717799961566925","0.717799961566925"
"8834","0.7181000113487244","0.7181000113487244","0.7181000113487244"
"8845","0.7182999849319458","0.7182999849319458","0.7182999849319458"
"8856","0.7188999652862549","0.7188999652862549","0.7188999652862549"
"8867","0.7185999751091003","0.7185999751091003","0.7185999751091003"
"8878","0.7186999917030334","0.7186999917030334","0.7186999917030334"
"8889","0.7188000082969666","0.7188000082969666","0.7188000082969666"
"8900","0.7192999720573425","0.7192999720573425","0.7192999720573425"
"8911","0.7191999554634094","0.7191999554634094","0.7191999554634094"
"8922","0.7193999886512756","0.7193999886512756","0.7193999886512756"
"8933","0.7198999524116516","0.7198999524116516","0.7198999524116516"
"8944","0.7197999954223633","0.7197999954223633","0.7197999954223633"
"8955","0.7202000021934509","0.7202000021934509","0.7202000021934509"
"8966","0.7195999622344971","0.7195999622344971","0.7195999622344971"
"8977","0.7197999954223633","0.7197999954223633","0.7197999954223633"
"8988","0.7195000052452087","0.7195000052452087","0.7195000052452087"
"8999","0.7199999690055847","0.7199999690055847","0.7199999690055847"
"9010","0.7195999622344971","0.7195999622344971","0.7195999622344971"
"9021","0.7198999524116516","0.7198999524116516","0.7198999524116516"
"9032","0.7197999954223633","0.7197999954223633","0.7197999954223633"
"9043","0.7200999855995178","0.7200999855995178","0.7200999855995178"
"9054","0.7206000089645386","0.7206000089645386","0.7206000089645386"
"9065","0.7204999923706055","0.7204999923706055","0.7204999923706055"
"9076","0.7209999561309814","0.7209999561309814","0.7209999561309814"
"9087","0.7211999893188477","0.7211999893188477","0.7211999893188477"
"9098","0.7213000059127808","0.7213000059127808","0.7213000059127808"
"9109","0.7213999629020691","0.7213999629020691","0.7213999629020691"
"9120","0.7213000059127808","0.7213000059127808","0.7213000059127808"
"9131","0.7214999794960022","0.7214999794960022","0.7214999794960022"
"9142","0.7213999629020691","0.7213999629020691","0.7213999629020691"
"9153","0.7214999794960022","0.7214999794960022","0.7214999794960022"
"9164","0.7221999764442444","0.7221999764442444","0.7221999764442444"
"9175","0.7220999598503113","0.7220999598503113","0.7220999598503113"
"9186","0.7218999862670898","0.7218999862670898","0.7218999862670898"
"9197","0.722000002861023","0.722000002861023","0.722000002861023"
"9208","0.722000002861023","0.722000002861023","0.722000002861023"
"9219","0.722000002861023","0.722000002861023","0.722000002861023"
"9230","0.7222999930381775","0.7222999930381775","0.7222999930381775"
"9241","0.7221999764442444","0.7221999764442444","0.7221999764442444"
"9252","0.7222999930381775","0.7222999930381775","0.7222999930381775"
"9263","0.7227999567985535","0.7227999567985535","0.7227999567985535"
"9274","0.7227999567985535","0.7227999567985535","0.7227999567985535"
"9285","0.7231000065803528","0.7231000065803528","0.7231000065803528"
"9296","0.7231999635696411","0.7231999635696411","0.7231999635696411"
"9307","0.7233999967575073","0.7233999967575073","0.7233999967575073"
"9318","0.7234999537467957","0.7234999537467957","0.7234999537467957"
"9329","0.7240999937057495","0.7240999937057495","0.7240999937057495"
"9340","0.7240999937057495","0.7240999937057495","0.7240999937057495"
"9351","0.7240999937057495","0.7240999937057495","0.7240999937057495"
"9362","0.724399983882904","0.724399983882904","0.724399983882904"
"9373","0.7247999906539917","0.7247999906539917","0.7247999906539917"
"9384","0.7249000072479248","0.7249000072479248","0.7249000072479248"
"9395","0.7247999906539917","0.7247999906539917","0.7247999906539917"
"9406","0.7246999740600586","0.7246999740600586","0.7246999740600586"
"9417","0.7249000072479248","0.7249000072479248","0.7249000072479248"
"9428","0.7252999544143677","0.7252999544143677","0.7252999544143677"
"9439","0.7251999974250793","0.7251999974250793","0.7251999974250793"
"9450","0.7249000072479248","0.7249000072479248","0.7249000072479248"
"9461","0.7250999808311462","0.7250999808311462","0.7250999808311462"
"9472","0.7253999710083008","0.7253999710083008","0.7253999710083008"
"9483","0.7254999876022339","0.7254999876022339","0.7254999876022339"
"9494","0.7254999876022339","0.7254999876022339","0.7254999876022339"
"9505","0.725600004196167","0.725600004196167","0.725600004196167"
"9516","0.7256999611854553","0.7256999611854553","0.7256999611854553"
"9527","0.725600004196167","0.725600004196167","0.725600004196167"
"9538","0.7260000109672546","0.7260000109672546","0.7260000109672546"
"9549","0.7256999611854553","0.7256999611854553","0.7256999611854553"
"9560","0.7257999777793884","0.7257999777793884","0.7257999777793884"
"9571","0.726099967956543","0.726099967956543","0.726099967956543"
"9582","0.7264999747276306","0.7264999747276306","0.7264999747276306"
"9593","0.7268999814987183","0.7268999814987183","0.7268999814987183"
"9604","0.7267999649047852","0.7267999649047852","0.7267999649047852"
"9615","0.7267999649047852","0.7267999649047852","0.7267999649047852"
"9626","0.7267000079154968","0.7267000079154968","0.7267000079154968"
"9637","0.7268999814987183","0.7268999814987183","0.7268999814987183"
"9648","0.7270999550819397","0.7270999550819397","0.7270999550819397"
"9659","0.7272999882698059","0.7272999882698059","0.7272999882698059"
"9670","0.7275999784469604","0.7275999784469604","0.7275999784469604"
"9681","0.7276999950408936","0.7276999950408936","0.7276999950408936"
"9692","0.7282999753952026","0.7282999753952026","0.7282999753952026"
"9703","0.7281000018119812","0.7281000018119812","0.7281000018119812"
"9714","0.7282999753952026","0.7282999753952026","0.7282999753952026"
"9725","0.7285999655723572","0.7285999655723572","0.7285999655723572"
"9736","0.7287999987602234","0.7287999987602234","0.7287999987602234"
"9747","0.7290999889373779","0.7290999889373779","0.7290999889373779"
"9758","0.7288999557495117","0.7288999557495117","0.7288999557495117"
"9769","0.7293999791145325","0.7293999791145325","0.7293999791145325"
"9780","0.7294999957084656","0.7294999957084656","0.7294999957084656"
"9791","0.7293999791145325","0.7293999791145325","0.7293999791145325"
"9802","0.729200005531311","0.729200005531311","0.729200005531311"
"9813","0.729699969291687","0.729699969291687","0.729699969291687"
"9824","0.7292999625205994","0.7292999625205994","0.7292999625205994"
"9835","0.729699969291687","0.729699969291687","0.729699969291687"
"9846","0.7299000024795532","0.7299000024795532","0.7299000024795532"
"9857","0.7301999926567078","0.7301999926567078","0.7301999926567078"
"9868","0.7301999926567078","0.7301999926567078","0.7301999926567078"
"9879","0.7301999926567078","0.7301999926567078","0.7301999926567078"
"9890","0.7303000092506409","0.7303000092506409","0.7303000092506409"
"9901","0.7299000024795532","0.7299000024795532","0.7299000024795532"
"9912","0.7299000024795532","0.7299000024795532","0.7299000024795532"
"9923","0.7300999760627747","0.7300999760627747","0.7300999760627747"
"9934","0.7303000092506409","0.7303000092506409","0.7303000092506409"
"9945","0.7305999994277954","0.7305999994277954","0.7305999994277954"
"9956","0.7303999662399292","0.7303999662399292","0.7303999662399292"
"9967","0.7307999730110168","0.7307999730110168","0.7307999730110168"
"9978","0.7306999564170837","0.7306999564170837","0.7306999564170837"
"9989","0.7310999631881714","0.7310999631881714","0.7310999631881714"
"10000","0.7312999963760376","0.7312999963760376","0.7312999963760376"
"10011","0.7310999631881714","0.7310999631881714","0.7310999631881714"
"10022","0.7311999797821045","0.7311999797821045","0.7311999797821045"
"10033","0.7315999865531921","0.7315999865531921","0.7315999865531921"
"10044","0.7317000031471252","0.7317000031471252","0.7317000031471252"
"10055","0.7321000099182129","0.7321000099182129","0.7321000099182129"
"10066","0.7321000099182129","0.7321000099182129","0.7321000099182129"
"10077","0.7317999601364136","0.7317999601364136","0.7317999601364136"
"10088","0.7317000031471252","0.7317000031471252","0.7317000031471252"
"10099","0.7319999933242798","0.7319999933242798","0.7319999933242798"
"10110","0.7318999767303467","0.7318999767303467","0.7318999767303467"
"10121","0.7317999601364136","0.7317999601364136","0.7317999601364136"
"10132","0.7321000099182129","0.7321000099182129","0.7321000099182129"
"10143","0.7324000000953674","0.7324000000953674","0.7324000000953674"
"10154","0.7321000099182129","0.7321000099182129","0.7321000099182129"
"10165","0.7321000099182129","0.7321000099182129","0.7321000099182129"
"10176","0.7319999933242798","0.7319999933242798","0.7319999933242798"
"10187","0.7324999570846558","0.7324999570846558","0.7324999570846558"
"10198","0.7321999669075012","0.7321999669075012","0.7321999669075012"
"10209","0.7322999835014343","0.7322999835014343","0.7322999835014343"
"10220","0.7324999570846558","0.7324999570846558","0.7324999570846558"
"10231","0.7324999570846558","0.7324999570846558","0.7324999570846558"
"10242","0.732699990272522","0.732699990272522","0.732699990272522"
"10253","0.7330999970436096","0.7330999970436096","0.7330999970436096"
"10264","0.733199954032898","0.733199954032898","0.733199954032898"
"10275","0.7335000038146973","0.7335000038146973","0.7335000038146973"
"10286","0.7333999872207642","0.7333999872207642","0.7333999872207642"
"10297","0.733299970626831","0.733299970626831","0.733299970626831"
"10308","0.7337999939918518","0.7337999939918518","0.7337999939918518"
"10319","0.7339000105857849","0.7339000105857849","0.7339000105857849"
"10330","0.7339000105857849","0.7339000105857849","0.7339000105857849"
"10341","0.7337999939918518","0.7337999939918518","0.7337999939918518"
"10352","0.7343999743461609","0.7343999743461609","0.7343999743461609"
"10363","0.7346999645233154","0.7346999645233154","0.7346999645233154"
"10374","0.7346999645233154","0.7346999645233154","0.7346999645233154"
"10385","0.73499995470047","0.73499995470047","0.73499995470047"
"10396","0.7348999977111816","0.7348999977111816","0.7348999977111816"
"10407","0.7348999977111816","0.7348999977111816","0.7348999977111816"
"10418","0.7346999645233154","0.7346999645233154","0.7346999645233154"
"10429","0.7347999811172485","0.7347999811172485","0.7347999811172485"
"10440","0.7348999977111816","0.7348999977111816","0.7348999977111816"
"10451","0.7346999645233154","0.7346999645233154","0.7346999645233154"
"10462","0.7346999645233154","0.7346999645233154","0.7346999645233154"
"10473","0.7351999878883362","0.7351999878883362","0.7351999878883362"
"10484","0.7350999712944031","0.7350999712944031","0.7350999712944031"
"10495","0.7353999614715576","0.7353999614715576","0.7353999614715576"
"10506","0.7353000044822693","0.7353000044822693","0.7353000044822693"
"10517","0.7353000044822693","0.7353000044822693","0.7353000044822693"
"10528","0.7354999780654907","0.7354999780654907","0.7354999780654907"
"10539","0.7354999780654907","0.7354999780654907","0.7354999780654907"
"10550","0.7355999946594238","0.7355999946594238","0.7355999946594238"
"10561","0.7360000014305115","0.7360000014305115","0.7360000014305115"
"10572","0.7358999848365784","0.7358999848365784","0.7358999848365784"
"10583","0.7360000014305115","0.7360000014305115","0.7360000014305115"
"10594","0.7360999584197998","0.7360999584197998","0.7360999584197998"
"10605","0.7360999584197998","0.7360999584197998","0.7360999584197998"
"10616","0.7361999750137329","0.7361999750137329","0.7361999750137329"
"10627","0.7364000082015991","0.7364000082015991","0.7364000082015991"
"10638","0.7366999983787537","0.7366999983787537","0.7366999983787537"
"10649","0.7368999719619751","0.7368999719619751","0.7368999719619751"
"10660","0.7372999787330627","0.7372999787330627","0.7372999787330627"
"10671","0.7368999719619751","0.7368999719619751","0.7368999719619751"
"10682","0.7366999983787537","0.7366999983787537","0.7366999983787537"
"10693","0.7371000051498413","0.7371000051498413","0.7371000051498413"
"10704","0.7374999523162842","0.7374999523162842","0.7374999523162842"
"10715","0.7376999855041504","0.7376999855041504","0.7376999855041504"
"10726","0.7375999689102173","0.7375999689102173","0.7375999689102173"
"10737","0.7376999855041504","0.7376999855041504","0.7376999855041504"
"10748","0.7376999855041504","0.7376999855041504","0.7376999855041504"
"10759","0.738099992275238","0.738099992275238","0.738099992275238"
"10770","0.7379999756813049","0.7379999756813049","0.7379999756813049"
"10781","0.7378999590873718","0.7378999590873718","0.7378999590873718"
"10792","0.7379999756813049","0.7379999756813049","0.7379999756813049"
"10803","0.7382000088691711","0.7382000088691711","0.7382000088691711"
"10814","0.7383999824523926","0.7383999824523926","0.7383999824523926"
"10825","0.7382000088691711","0.7382000088691711","0.7382000088691711"
"10836","0.7382999658584595","0.7382999658584595","0.7382999658584595"
"10847","0.7382000088691711","0.7382000088691711","0.7382000088691711"
"10858","0.7386999726295471","0.7386999726295471","0.7386999726295471"
"10869","0.7386999726295471","0.7386999726295471","0.7386999726295471"
"10880","0.7394999861717224","0.7394999861717224","0.7394999861717224"
"10891","0.7393999695777893","0.7393999695777893","0.7393999695777893"
"10902","0.7396999597549438","0.7396999597549438","0.7396999597549438"
"10913","0.7396999597549438","0.7396999597549438","0.7396999597549438"
"10924","0.7396999597549438","0.7396999597549438","0.7396999597549438"
"10935","0.7396000027656555","0.7396000027656555","0.7396000027656555"
"10946","0.7396000027656555","0.7396000027656555","0.7396000027656555"
"10957","0.739799976348877","0.739799976348877","0.739799976348877"
"10968","0.7401999831199646","0.7401999831199646","0.7401999831199646"
"10979","0.7400000095367432","0.7400000095367432","0.7400000095367432"
"10990","0.7405999898910522","0.7405999898910522","0.7405999898910522"
"11001","0.7408999800682068","0.7408999800682068","0.7408999800682068"
"11012","0.7407000064849854","0.7407000064849854","0.7407000064849854"
"11023","0.7407999634742737","0.7407999634742737","0.7407999634742737"
"11034","0.7410999536514282","0.7410999536514282","0.7410999536514282"
"11045","0.7409999966621399","0.7409999966621399","0.7409999966621399"
"11056","0.7407999634742737","0.7407999634742737","0.7407999634742737"
"11067","0.7407000064849854","0.7407000064849854","0.7407000064849854"
"11078","0.7408999800682068","0.7408999800682068","0.7408999800682068"
"11089","0.7407999634742737","0.7407999634742737","0.7407999634742737"
"11100","0.7414000034332275","0.7414000034332275","0.7414000034332275"
"11111","0.7412999868392944","0.7412999868392944","0.7412999868392944"
"11122","0.7412999868392944","0.7412999868392944","0.7412999868392944"
"11133","0.7414999604225159","0.7414999604225159","0.7414999604225159"
"11144","0.7410999536514282","0.7410999536514282","0.7410999536514282"
"11155","0.7411999702453613","0.7411999702453613","0.7411999702453613"
"11166","0.7414000034332275","0.7414000034332275","0.7414000034332275"
"11177","0.741599977016449","0.741599977016449","0.741599977016449"
"11188","0.7422999739646912","0.7422999739646912","0.7422999739646912"
"11199","0.7421000003814697","0.7421000003814697","0.7421000003814697"
"11210","0.7421999573707581","0.7421999573707581","0.7421999573707581"
"11221","0.7425000071525574","0.7425000071525574","0.7425000071525574"
"11232","0.7426999807357788","0.7426999807357788","0.7426999807357788"
"11243","0.7426999807357788","0.7426999807357788","0.7426999807357788"
"11254","0.7426999807357788","0.7426999807357788","0.7426999807357788"
"11265","0.7427999973297119","0.7427999973297119","0.7427999973297119"
"11276","0.7427999973297119","0.7427999973297119","0.7427999973297119"
"11287","0.7429999709129333","0.7429999709129333","0.7429999709129333"
"11298","0.7432000041007996","0.7432000041007996","0.7432000041007996"
"11309","0.7430999875068665","0.7430999875068665","0.7430999875068665"
"11320","0.7429999709129333","0.7429999709129333","0.7429999709129333"
"11331","0.7432999610900879","0.7432999610900879","0.7432999610900879"
"11342","0.7429999709129333","0.7429999709129333","0.7429999709129333"
"11353","0.7428999543190002","0.7428999543190002","0.7428999543190002"
"11364","0.7430999875068665","0.7430999875068665","0.7430999875068665"
"11375","0.7429999709129333","0.7429999709129333","0.7429999709129333"
"11386","0.7432999610900879","0.7432999610900879","0.7432999610900879"
"11397","0.7434999942779541","0.7434999942779541","0.7434999942779541"
"11408","0.7436999678611755","0.7436999678611755","0.7436999678611755"
"11419","0.7439999580383301","0.7439999580383301","0.7439999580383301"
"11430","0.7439999580383301","0.7439999580383301","0.7439999580383301"
"11441","0.7443000078201294","0.7443000078201294","0.7443000078201294"
"11452","0.7439999580383301","0.7439999580383301","0.7439999580383301"
"11463","0.7441999912261963","0.7441999912261963","0.7441999912261963"
"11474","0.7443000078201294","0.7443000078201294","0.7443000078201294"
"11485","0.7443000078201294","0.7443000078201294","0.7443000078201294"
"11496","0.7447999715805054","0.7447999715805054","0.7447999715805054"
"11507","0.7447999715805054","0.7447999715805054","0.7447999715805054"
"11518","0.7447999715805054","0.7447999715805054","0.7447999715805054"
"11529","0.7450000047683716","0.7450000047683716","0.7450000047683716"
"11540","0.7452999949455261","0.7452999949455261","0.7452999949455261"
"11551","0.7450000047683716","0.7450000047683716","0.7450000047683716"
"11562","0.7453999519348145","0.7453999519348145","0.7453999519348145"
"11573","0.7454999685287476","0.7454999685287476","0.7454999685287476"
"11584","0.7457999587059021","0.7457999587059021","0.7457999587059021"
"11595","0.7461000084877014","0.7461000084877014","0.7461000084877014"
"11606","0.7461999654769897","0.7461999654769897","0.7461999654769897"
"11617","0.7461000084877014","0.7461000084877014","0.7461000084877014"
"11628","0.7461999654769897","0.7461999654769897","0.7461999654769897"
"11639","0.7458999752998352","0.7458999752998352","0.7458999752998352"
"11650","0.7462999820709229","0.7462999820709229","0.7462999820709229"
"11661","0.7461000084877014","0.7461000084877014","0.7461000084877014"
"11672","0.7462999820709229","0.7462999820709229","0.7462999820709229"
"11683","0.7461000084877014","0.7461000084877014","0.7461000084877014"
"11694","0.7462999820709229","0.7462999820709229","0.7462999820709229"
"11705","0.746399998664856","0.746399998664856","0.746399998664856"
"11716","0.7461999654769897","0.7461999654769897","0.7461999654769897"
"11727","0.7466999888420105","0.7466999888420105","0.7466999888420105"
"11738","0.7464999556541443","0.7464999556541443","0.7464999556541443"
"11749","0.746999979019165","0.746999979019165","0.746999979019165"
"11760","0.7475000023841858","0.7475000023841858","0.7475000023841858"
"11771","0.7470999956130981","0.7470999956130981","0.7470999956130981"
"11782","0.7472999691963196","0.7472999691963196","0.7472999691963196"
"11793","0.7472999691963196","0.7472999691963196","0.7472999691963196"
"11804","0.7472999691963196","0.7472999691963196","0.7472999691963196"
"11815","0.7473999857902527","0.7473999857902527","0.7473999857902527"
"11826","0.7475000023841858","0.7475000023841858","0.7475000023841858"
"11837","0.7476999759674072","0.7476999759674072","0.7476999759674072"
"11848","0.7472999691963196","0.7472999691963196","0.7472999691963196"
"11859","0.7477999925613403","0.7477999925613403","0.7477999925613403"
"11870","0.7475999593734741","0.7475999593734741","0.7475999593734741"
"11881","0.7475999593734741","0.7475999593734741","0.7475999593734741"
"11892","0.7479999661445618","0.7479999661445618","0.7479999661445618"
"11903","0.7483999729156494","0.7483999729156494","0.7483999729156494"
"11914","0.7480999827384949","0.7480999827384949","0.7480999827384949"
"11925","0.7479000091552734","0.7479000091552734","0.7479000091552734"
"11936","0.7475000023841858","0.7475000023841858","0.7475000023841858"
"11947","0.7472999691963196","0.7472999691963196","0.7472999691963196"
"11958","0.7470999956130981","0.7470999956130981","0.7470999956130981"
"11969","0.7472999691963196","0.7472999691963196","0.7472999691963196"
"11980","0.7475999593734741","0.7475999593734741","0.7475999593734741"
"11991","0.7476999759674072","0.7476999759674072","0.7476999759674072"
"12002","0.7475999593734741","0.7475999593734741","0.7475999593734741"
"12013","0.7476999759674072","0.7476999759674072","0.7476999759674072"
"12024","0.748199999332428","0.748199999332428","0.748199999332428"
"12035","0.7483999729156494","0.7483999729156494","0.7483999729156494"
"12046","0.7487999796867371","0.7487999796867371","0.7487999796867371"
"12057","0.7493000030517578","0.7493000030517578","0.7493000030517578"
"12068","0.7493999600410461","0.7493999600410461","0.7493999600410461"
"12079","0.7493999600410461","0.7493999600410461","0.7493999600410461"
"12090","0.7500999569892883","0.7500999569892883","0.7500999569892883"
"12101","0.75","0.75","0.75"
"12112","0.7500999569892883","0.7500999569892883","0.7500999569892883"
"12123","0.75","0.75","0.75"
"12134","0.7501999735832214","0.7501999735832214","0.7501999735832214"
"12145","0.7502999901771545","0.7502999901771545","0.7502999901771545"
"12156","0.7502999901771545","0.7502999901771545","0.7502999901771545"
"12167","0.7504000067710876","0.7504000067710876","0.7504000067710876"
"12178","0.7507999539375305","0.7507999539375305","0.7507999539375305"
"12189","0.7505999803543091","0.7505999803543091","0.7505999803543091"
"12200","0.7506999969482422","0.7506999969482422","0.7506999969482422"
"12211","0.7501999735832214","0.7501999735832214","0.7501999735832214"
"12222","0.7505999803543091","0.7505999803543091","0.7505999803543091"
"12233","0.7505999803543091","0.7505999803543091","0.7505999803543091"
"12244","0.7508999705314636","0.7508999705314636","0.7508999705314636"
"12255","0.7506999969482422","0.7506999969482422","0.7506999969482422"
"12266","0.7509999871253967","0.7509999871253967","0.7509999871253967"
"12277","0.7509999871253967","0.7509999871253967","0.7509999871253967"
"12288","0.7505999803543091","0.7505999803543091","0.7505999803543091"
"12299","0.7505999803543091","0.7505999803543091","0.7505999803543091"
"12310","0.7509999871253967","0.7509999871253967","0.7509999871253967"
"12321","0.7511000037193298","0.7511000037193298","0.7511000037193298"
"12332","0.7511999607086182","0.7511999607086182","0.7511999607086182"
"12343","0.7511000037193298","0.7511000037193298","0.7511000037193298"
"12354","0.7511999607086182","0.7511999607086182","0.7511999607086182"
"12365","0.7511000037193298","0.7511000037193298","0.7511000037193298"
"12376","0.7511999607086182","0.7511999607086182","0.7511999607086182"
"12387","0.7513999938964844","0.7513999938964844","0.7513999938964844"
"12398","0.7515000104904175","0.7515000104904175","0.7515000104904175"
"12409","0.7515000104904175","0.7515000104904175","0.7515000104904175"
"12420","0.7515999674797058","0.7515999674797058","0.7515999674797058"
"12431","0.7515999674797058","0.7515999674797058","0.7515999674797058"
"12442","0.7516999840736389","0.7516999840736389","0.7516999840736389"
"12453","0.7516999840736389","0.7516999840736389","0.7516999840736389"
"12464","0.751800000667572","0.751800000667572","0.751800000667572"
"12475","0.751800000667572","0.751800000667572","0.751800000667572"
"12486","0.7518999576568604","0.7518999576568604","0.7518999576568604"
"12497","0.752299964427948","0.752299964427948","0.752299964427948"
"12508","0.7523999810218811","0.7523999810218811","0.7523999810218811"
"12519","0.752299964427948","0.752299964427948","0.752299964427948"
"12530","0.7529000043869019","0.7529000043869019","0.7529000043869019"
"12541","0.7524999976158142","0.7524999976158142","0.7524999976158142"
"12552","0.7525999546051025","0.7525999546051025","0.7525999546051025"
"12563","0.7523999810218811","0.7523999810218811","0.7523999810218811"
"12574","0.7525999546051025","0.7525999546051025","0.7525999546051025"
"12585","0.7524999976158142","0.7524999976158142","0.7524999976158142"
"12596","0.7529999613761902","0.7529999613761902","0.7529999613761902"
"12607","0.7530999779701233","0.7530999779701233","0.7530999779701233"
"12618","0.7532999515533447","0.7532999515533447","0.7532999515533447"
"12629","0.7530999779701233","0.7530999779701233","0.7530999779701233"
"12640","0.7530999779701233","0.7530999779701233","0.7530999779701233"
"12651","0.7530999779701233","0.7530999779701233","0.7530999779701233"
"12662","0.7530999779701233","0.7530999779701233","0.7530999779701233"
"12673","0.7534999847412109","0.7534999847412109","0.7534999847412109"
"12684","0.7532999515533447","0.7532999515533447","0.7532999515533447"
"12695","0.75409996509552","0.75409996509552","0.75409996509552"
"12706","0.7540000081062317","0.7540000081062317","0.7540000081062317"
"12717","0.7540000081062317","0.7540000081062317","0.7540000081062317"
"12728","0.75409996509552","0.75409996509552","0.75409996509552"
"12739","0.7540000081062317","0.7540000081062317","0.7540000081062317"
"12750","0.7540000081062317","0.7540000081062317","0.7540000081062317"
"12761","0.7537999749183655","0.7537999749183655","0.7537999749183655"
"12772","0.7533999681472778","0.7533999681472778","0.7533999681472778"
"12783","0.753600001335144","0.753600001335144","0.753600001335144"
"12794","0.7541999816894531","0.7541999816894531","0.7541999816894531"
"12805","0.75409996509552","0.75409996509552","0.75409996509552"
"12816","0.7547000050544739","0.7547000050544739","0.7547000050544739"
"12827","0.7548999786376953","0.7548999786376953","0.7548999786376953"
"12838","0.7549999952316284","0.7549999952316284","0.7549999952316284"
"12849","0.755299985408783","0.755299985408783","0.755299985408783"
"12860","0.7554000020027161","0.7554000020027161","0.7554000020027161"
"12871","0.7550999522209167","0.7550999522209167","0.7550999522209167"
"12882","0.755299985408783","0.755299985408783","0.755299985408783"
"12893","0.7554000020027161","0.7554000020027161","0.7554000020027161"
"12904","0.7554999589920044","0.7554999589920044","0.7554999589920044"
"12915","0.7559999823570251","0.7559999823570251","0.7559999823570251"
"12926","0.7556999921798706","0.7556999921798706","0.7556999921798706"
"12937","0.7556999921798706","0.7556999921798706","0.7556999921798706"
"12948","0.7563999891281128","0.7563999891281128","0.7563999891281128"
"12959","0.7565000057220459","0.7565000057220459","0.7565000057220459"
"12970","0.7565000057220459","0.7565000057220459","0.7565000057220459"
"12981","0.7569999694824219","0.7569999694824219","0.7569999694824219"
"12992","0.7569999694824219","0.7569999694824219","0.7569999694824219"
"13003","0.757099986076355","0.757099986076355","0.757099986076355"
"13014","0.7572000026702881","0.7572000026702881","0.7572000026702881"
"13025","0.7569999694824219","0.7569999694824219","0.7569999694824219"
"13036","0.7572000026702881","0.7572000026702881","0.7572000026702881"
"13047","0.7572000026702881","0.7572000026702881","0.7572000026702881"
"13058","0.7578999996185303","0.7578999996185303","0.7578999996185303"
"13069","0.7579999566078186","0.7579999566078186","0.7579999566078186"
"13080","0.7580999732017517","0.7580999732017517","0.7580999732017517"
"13091","0.7583000063896179","0.7583000063896179","0.7583000063896179"
"13102","0.7581999897956848","0.7581999897956848","0.7581999897956848"
"13113","0.7583000063896179","0.7583000063896179","0.7583000063896179"
"13124","0.7583999633789062","0.7583999633789062","0.7583999633789062"
"13135","0.7583000063896179","0.7583000063896179","0.7583000063896179"
"13146","0.758899986743927","0.758899986743927","0.758899986743927"
"13157","0.7586999535560608","0.7586999535560608","0.7586999535560608"
"13168","0.7587999701499939","0.7587999701499939","0.7587999701499939"
"13179","0.7587999701499939","0.7587999701499939","0.7587999701499939"
"13190","0.7587999701499939","0.7587999701499939","0.7587999701499939"
"13201","0.7587999701499939","0.7587999701499939","0.7587999701499939"
"13212","0.7584999799728394","0.7584999799728394","0.7584999799728394"
"13223","0.7586999535560608","0.7586999535560608","0.7586999535560608"
"13234","0.7586999535560608","0.7586999535560608","0.7586999535560608"
"13245","0.7587999701499939","0.7587999701499939","0.7587999701499939"
"13256","0.7590000033378601","0.7590000033378601","0.7590000033378601"
"13267","0.7590999603271484","0.7590999603271484","0.7590999603271484"
"13278","0.7591999769210815","0.7591999769210815","0.7591999769210815"
"13289","0.7590000033378601","0.7590000033378601","0.7590000033378601"
"13300","0.7590999603271484","0.7590999603271484","0.7590999603271484"
"13311","0.758899986743927","0.758899986743927","0.758899986743927"
"13322","0.7592999935150146","0.7592999935150146","0.7592999935150146"
"13333","0.7594999670982361","0.7594999670982361","0.7594999670982361"
"13344","0.7597000002861023","0.7597000002861023","0.7597000002861023"
"13355","0.7597999572753906","0.7597999572753906","0.7597999572753906"
"13366","0.7597000002861023","0.7597000002861023","0.7597000002861023"
"13377","0.7597000002861023","0.7597000002861023","0.7597000002861023"
"13388","0.7597000002861023","0.7597000002861023","0.7597000002861023"
"13399","0.7594000101089478","0.7594000101089478","0.7594000101089478"
"13410","0.7597000002861023","0.7597000002861023","0.7597000002861023"
"13421","0.7601000070571899","0.7601000070571899","0.7601000070571899"
"13432","0.7601000070571899","0.7601000070571899","0.7601000070571899"
"13443","0.7601999640464783","0.7601999640464783","0.7601999640464783"
"13454","0.7603999972343445","0.7603999972343445","0.7603999972343445"
"13465","0.7605999708175659","0.7605999708175659","0.7605999708175659"
"13476","0.7609999775886536","0.7609999775886536","0.7609999775886536"
"13487","0.7610999941825867","0.7610999941825867","0.7610999941825867"
"13498","0.7613999843597412","0.7613999843597412","0.7613999843597412"
"13509","0.7615999579429626","0.7615999579429626","0.7615999579429626"
"13520","0.7619999647140503","0.7619999647140503","0.7619999647140503"
"13531","0.761900007724762","0.761900007724762","0.761900007724762"
"13542","0.761900007724762","0.761900007724762","0.761900007724762"
"13553","0.7617999911308289","0.7617999911308289","0.7617999911308289"
"13564","0.7616999745368958","0.7616999745368958","0.7616999745368958"
"13575","0.7617999911308289","0.7617999911308289","0.7617999911308289"
"13586","0.7621999979019165","0.7621999979019165","0.7621999979019165"
"13597","0.7619999647140503","0.7619999647140503","0.7619999647140503"
"13608","0.7619999647140503","0.7619999647140503","0.7619999647140503"
"13619","0.7619999647140503","0.7619999647140503","0.7619999647140503"
"13630","0.7626000046730042","0.7626000046730042","0.7626000046730042"
"13641","0.7626000046730042","0.7626000046730042","0.7626000046730042"
"13652","0.7627999782562256","0.7627999782562256","0.7627999782562256"
"13663","0.762999951839447","0.762999951839447","0.762999951839447"
"13674","0.7628999948501587","0.7628999948501587","0.7628999948501587"
"13685","0.7631999850273132","0.7631999850273132","0.7631999850273132"
"13696","0.762999951839447","0.762999951839447","0.762999951839447"
"13707","0.7633000016212463","0.7633000016212463","0.7633000016212463"
"13718","0.7633999586105347","0.7633999586105347","0.7633999586105347"
"13729","0.7639999985694885","0.7639999985694885","0.7639999985694885"
"13740","0.7637999653816223","0.7637999653816223","0.7637999653816223"
"13751","0.7638999819755554","0.7638999819755554","0.7638999819755554"
"13762","0.763700008392334","0.763700008392334","0.763700008392334"
"13773","0.7639999985694885","0.7639999985694885","0.7639999985694885"
"13784","0.7638999819755554","0.7638999819755554","0.7638999819755554"
"13795","0.7639999985694885","0.7639999985694885","0.7639999985694885"
"13806","0.7640999555587769","0.7640999555587769","0.7640999555587769"
"13817","0.7644999623298645","0.7644999623298645","0.7644999623298645"
"13828","0.7642999887466431","0.7642999887466431","0.7642999887466431"
"13839","0.7645999789237976","0.7645999789237976","0.7645999789237976"
"13850","0.7646999955177307","0.7646999955177307","0.7646999955177307"
"13861","0.764799952507019","0.764799952507019","0.764799952507019"
"13872","0.7644999623298645","0.7644999623298645","0.7644999623298645"
"13883","0.7649999856948853","0.7649999856948853","0.7649999856948853"
"13894","0.764799952507019","0.764799952507019","0.764799952507019"
"13905","0.764799952507019","0.764799952507019","0.764799952507019"
"13916","0.7649999856948853","0.7649999856948853","0.7649999856948853"
"13927","0.7651000022888184","0.7651000022888184","0.7651000022888184"
"13938","0.7649999856948853","0.7649999856948853","0.7649999856948853"
"13949","0.7645999789237976","0.7645999789237976","0.7645999789237976"
"13960","0.7651000022888184","0.7651000022888184","0.7651000022888184"
"13971","0.7651999592781067","0.7651999592781067","0.7651999592781067"
"13982","0.7651000022888184","0.7651000022888184","0.7651000022888184"
"13993","0.7651999592781067","0.7651999592781067","0.7651999592781067"
"14004","0.7652999758720398","0.7652999758720398","0.7652999758720398"
"14015","0.7656999826431274","0.7656999826431274","0.7656999826431274"
"14026","0.7653999924659729","0.7653999924659729","0.7653999924659729"
"14037","0.7655999660491943","0.7655999660491943","0.7655999660491943"
"14048","0.7657999992370605","0.7657999992370605","0.7657999992370605"
"14059","0.7660999894142151","0.7660999894142151","0.7660999894142151"
"14070","0.7658999562263489","0.7658999562263489","0.7658999562263489"
"14081","0.7660999894142151","0.7660999894142151","0.7660999894142151"
"14092","0.765999972820282","0.765999972820282","0.765999972820282"
"14103","0.7662999629974365","0.7662999629974365","0.7662999629974365"
"14114","0.7666999697685242","0.7666999697685242","0.7666999697685242"
"14125","0.7669999599456787","0.7669999599456787","0.7669999599456787"
"14136","0.7671999931335449","0.7671999931335449","0.7671999931335449"
"14147","0.7669999599456787","0.7669999599456787","0.7669999599456787"
"14158","0.7669999599456787","0.7669999599456787","0.7669999599456787"
"14169","0.7673999667167664","0.7673999667167664","0.7673999667167664"
"14180","0.7674999833106995","0.7674999833106995","0.7674999833106995"
"14191","0.767300009727478","0.767300009727478","0.767300009727478"
"14202","0.767799973487854","0.767799973487854","0.767799973487854"
"14213","0.7676999568939209","0.7676999568939209","0.7676999568939209"
"14224","0.7680999636650085","0.7680999636650085","0.7680999636650085"
"14235","0.7681999802589417","0.7681999802589417","0.7681999802589417"
"14246","0.7680000066757202","0.7680000066757202","0.7680000066757202"
"14257","0.7678999900817871","0.7678999900817871","0.7678999900817871"
"14268","0.7680999636650085","0.7680999636650085","0.7680999636650085"
"14279","0.7681999802589417","0.7681999802589417","0.7681999802589417"
"14290","0.7680999636650085","0.7680999636650085","0.7680999636650085"
"14301","0.7683999538421631","0.7683999538421631","0.7683999538421631"
"14312","0.7682999968528748","0.7682999968528748","0.7682999968528748"
"14323","0.7683999538421631","0.7683999538421631","0.7683999538421631"
"14334","0.7683999538421631","0.7683999538421631","0.7683999538421631"
"14345","0.7683999538421631","0.7683999538421631","0.7683999538421631"
"14356","0.7685999870300293","0.7685999870300293","0.7685999870300293"
"14367","0.7685999870300293","0.7685999870300293","0.7685999870300293"
"14378","0.7687000036239624","0.7687000036239624","0.7687000036239624"
"14389","0.7688999772071838","0.7688999772071838","0.7688999772071838"
"14400","0.7689999938011169","0.7689999938011169","0.7689999938011169"
"14411","0.7690999507904053","0.7690999507904053","0.7690999507904053"
"14422","0.7690999507904053","0.7690999507904053","0.7690999507904053"
"14433","0.7692999839782715","0.7692999839782715","0.7692999839782715"
"14444","0.7694999575614929","0.7694999575614929","0.7694999575614929"
"14455","0.7696999907493591","0.7696999907493591","0.7696999907493591"
"14466","0.7698999643325806","0.7698999643325806","0.7698999643325806"
"14477","0.7702999711036682","0.7702999711036682","0.7702999711036682"
"14488","0.7701999545097351","0.7701999545097351","0.7701999545097351"
"14499","0.7701999545097351","0.7701999545097351","0.7701999545097351"
"14510","0.7702999711036682","0.7702999711036682","0.7702999711036682"
"14521","0.7702999711036682","0.7702999711036682","0.7702999711036682"
"14532","0.7706999778747559","0.7706999778747559","0.7706999778747559"
"14543","0.7706999778747559","0.7706999778747559","0.7706999778747559"
"14554","0.7706999778747559","0.7706999778747559","0.7706999778747559"
"14565","0.7701999545097351","0.7701999545097351","0.7701999545097351"
"14576","0.7706999778747559","0.7706999778747559","0.7706999778747559"
"14587","0.7709999680519104","0.7709999680519104","0.7709999680519104"
"14598","0.7705000042915344","0.7705000042915344","0.7705000042915344"
"14609","0.7706999778747559","0.7706999778747559","0.7706999778747559"
"14620","0.7708999514579773","0.7708999514579773","0.7708999514579773"
"14631","0.7708999514579773","0.7708999514579773","0.7708999514579773"
"14642","0.7710999846458435","0.7710999846458435","0.7710999846458435"
"14653","0.7712000012397766","0.7712000012397766","0.7712000012397766"
"14664","0.7712999582290649","0.7712999582290649","0.7712999582290649"
"14675","0.7712000012397766","0.7712000012397766","0.7712000012397766"
"14686","0.7712000012397766","0.7712000012397766","0.7712000012397766"
"14697","0.7712000012397766","0.7712000012397766","0.7712000012397766"
"14708","0.771399974822998","0.771399974822998","0.771399974822998"
"14719","0.7712000012397766","0.7712000012397766","0.7712000012397766"
"14730","0.771399974822998","0.771399974822998","0.771399974822998"
"14741","0.7716999650001526","0.7716999650001526","0.7716999650001526"
"14752","0.7714999914169312","0.7714999914169312","0.7714999914169312"
"14763","0.7714999914169312","0.7714999914169312","0.7714999914169312"
"14774","0.7717999815940857","0.7717999815940857","0.7717999815940857"
"14785","0.7717999815940857","0.7717999815940857","0.7717999815940857"
"14796","0.7717999815940857","0.7717999815940857","0.7717999815940857"
"14807","0.7717999815940857","0.7717999815940857","0.7717999815940857"
"14818","0.7716000080108643","0.7716000080108643","0.7716000080108643"
"14829","0.7717999815940857","0.7717999815940857","0.7717999815940857"
"14840","0.7717999815940857","0.7717999815940857","0.7717999815940857"
"14851","0.7723000049591064","0.7723000049591064","0.7723000049591064"
"14862","0.7724999785423279","0.7724999785423279","0.7724999785423279"
"14873","0.7723000049591064","0.7723000049591064","0.7723000049591064"
"14884","0.7723000049591064","0.7723000049591064","0.7723000049591064"
"14895","0.7721999883651733","0.7721999883651733","0.7721999883651733"
"14906","0.7724999785423279","0.7724999785423279","0.7724999785423279"
"14917","0.7724999785423279","0.7724999785423279","0.7724999785423279"
"14928","0.7726999521255493","0.7726999521255493","0.7726999521255493"
"14939","0.7728999853134155","0.7728999853134155","0.7728999853134155"
"14950","0.7730000019073486","0.7730000019073486","0.7730000019073486"
"14961","0.7731999754905701","0.7731999754905701","0.7731999754905701"
"14972","0.7736999988555908","0.7736999988555908","0.7736999988555908"
"14983","0.7734999656677246","0.7734999656677246","0.7734999656677246"
"14994","0.7731999754905701","0.7731999754905701","0.7731999754905701"
"15005","0.7736999988555908","0.7736999988555908","0.7736999988555908"
"15016","0.7735999822616577","0.7735999822616577","0.7735999822616577"
"15027","0.7738999724388123","0.7738999724388123","0.7738999724388123"
"15038","0.7742999792098999","0.7742999792098999","0.7742999792098999"
"15049","0.7735999822616577","0.7735999822616577","0.7735999822616577"
"15060","0.7735999822616577","0.7735999822616577","0.7735999822616577"
"15071","0.7737999558448792","0.7737999558448792","0.7737999558448792"
"15082","0.7739999890327454","0.7739999890327454","0.7739999890327454"
"15093","0.7741000056266785","0.7741000056266785","0.7741000056266785"
"15104","0.7742999792098999","0.7742999792098999","0.7742999792098999"
"15115","0.7742999792098999","0.7742999792098999","0.7742999792098999"
"15126","0.7744999527931213","0.7744999527931213","0.7744999527931213"
"15137","0.7744999527931213","0.7744999527931213","0.7744999527931213"
"15148","0.7746999859809875","0.7746999859809875","0.7746999859809875"
"15159","0.7748000025749207","0.7748000025749207","0.7748000025749207"
"15170","0.774899959564209","0.774899959564209","0.774899959564209"
"15181","0.7750999927520752","0.7750999927520752","0.7750999927520752"
"15192","0.7746999859809875","0.7746999859809875","0.7746999859809875"
"15203","0.7745999693870544","0.7745999693870544","0.7745999693870544"
"15214","0.7749999761581421","0.7749999761581421","0.7749999761581421"
"15225","0.7752000093460083","0.7752000093460083","0.7752000093460083"
"15236","0.7752999663352966","0.7752999663352966","0.7752999663352966"
"15247","0.7752000093460083","0.7752000093460083","0.7752000093460083"
"15258","0.7750999927520752","0.7750999927520752","0.7750999927520752"
"15269","0.7752999663352966","0.7752999663352966","0.7752999663352966"
"15280","0.7752000093460083","0.7752000093460083","0.7752000093460083"
"15291","0.7753999829292297","0.7753999829292297","0.7753999829292297"
"15302","0.7755999565124512","0.7755999565124512","0.7755999565124512"
"15313","0.7755999565124512","0.7755999565124512","0.7755999565124512"
"15324","0.7756999731063843","0.7756999731063843","0.7756999731063843"
"15335","0.7757999897003174","0.7757999897003174","0.7757999897003174"
"15346","0.7755999565124512","0.7755999565124512","0.7755999565124512"
"15357","0.7757999897003174","0.7757999897003174","0.7757999897003174"
"15368","0.7759999632835388","0.7759999632835388","0.7759999632835388"
"15379","0.776199996471405","0.776199996471405","0.776199996471405"
"15390","0.776199996471405","0.776199996471405","0.776199996471405"
"15401","0.7763999700546265","0.7763999700546265","0.7763999700546265"
"15412","0.7766000032424927","0.7766000032424927","0.7766000032424927"
"15423","0.7764999866485596","0.7764999866485596","0.7764999866485596"
"15434","0.7764999866485596","0.7764999866485596","0.7764999866485596"
"15445","0.776699960231781","0.776699960231781","0.776699960231781"
"15456","0.7768999934196472","0.7768999934196472","0.7768999934196472"
"15467","0.7770000100135803","0.7770000100135803","0.7770000100135803"
"15478","0.776699960231781","0.776699960231781","0.776699960231781"
"15489","0.7770000100135803","0.7770000100135803","0.7770000100135803"
"15500","0.7773000001907349","0.7773000001907349","0.7773000001907349"
"15511","0.7777999639511108","0.7777999639511108","0.7777999639511108"
"15522","0.7777999639511108","0.7777999639511108","0.7777999639511108"
"15533","0.7774999737739563","0.7774999737739563","0.7774999737739563"
"15544","0.777999997138977","0.777999997138977","0.777999997138977"
"15555","0.7780999541282654","0.7780999541282654","0.7780999541282654"
"15566","0.7784000039100647","0.7784000039100647","0.7784000039100647"
"15577","0.7784000039100647","0.7784000039100647","0.7784000039100647"
"15588","0.778499960899353","0.778499960899353","0.778499960899353"
"15599","0.7785999774932861","0.7785999774932861","0.7785999774932861"
"15610","0.7786999940872192","0.7786999940872192","0.7786999940872192"
"15621","0.7792999744415283","0.7792999744415283","0.7792999744415283"
"15632","0.7791000008583069","0.7791000008583069","0.7791000008583069"
"15643","0.7795000076293945","0.7795000076293945","0.7795000076293945"
"15654","0.7793999910354614","0.7793999910354614","0.7793999910354614"
"15665","0.7797999978065491","0.7797999978065491","0.7797999978065491"
"15676","0.779699981212616","0.779699981212616","0.779699981212616"
"15687","0.7795999646186829","0.7795999646186829","0.7795999646186829"
"15698","0.7795999646186829","0.7795999646186829","0.7795999646186829"
"15709","0.7798999547958374","0.7798999547958374","0.7798999547958374"
"15720","0.7799999713897705","0.7799999713897705","0.7799999713897705"
"15731","0.7799999713897705","0.7799999713897705","0.7799999713897705"
"15742","0.780299961566925","0.780299961566925","0.780299961566925"
"15753","0.7804999947547913","0.7804999947547913","0.7804999947547913"
"15764","0.7805999517440796","0.7805999517440796","0.7805999517440796"
"15775","0.7809999585151672","0.7809999585151672","0.7809999585151672"
"15786","0.7809999585151672","0.7809999585151672","0.7809999585151672"
"15797","0.7809999585151672","0.7809999585151672","0.7809999585151672"
"15808","0.7809000015258789","0.7809000015258789","0.7809000015258789"
"15819","0.7810999751091003","0.7810999751091003","0.7810999751091003"
"15830","0.7809999585151672","0.7809999585151672","0.7809999585151672"
"15841","0.7809000015258789","0.7809000015258789","0.7809000015258789"
"15852","0.7810999751091003","0.7810999751091003","0.7810999751091003"
"15863","0.7811999917030334","0.7811999917030334","0.7811999917030334"
"15874","0.7813000082969666","0.7813000082969666","0.7813000082969666"
"15885","0.7809999585151672","0.7809999585151672","0.7809999585151672"
"15896","0.7809000015258789","0.7809000015258789","0.7809000015258789"
"15907","0.7809000015258789","0.7809000015258789","0.7809000015258789"
"15918","0.7811999917030334","0.7811999917030334","0.7811999917030334"
"15929","0.7810999751091003","0.7810999751091003","0.7810999751091003"
"15940","0.7811999917030334","0.7811999917030334","0.7811999917030334"
"15951","0.7813999652862549","0.7813999652862549","0.7813999652862549"
"15962","0.7809000015258789","0.7809000015258789","0.7809000015258789"
"15973","0.7809999585151672","0.7809999585151672","0.7809999585151672"
"15984","0.7813999652862549","0.7813999652862549","0.7813999652862549"
"15995","0.7813999652862549","0.7813999652862549","0.7813999652862549"
"16006","0.781499981880188","0.781499981880188","0.781499981880188"
"16017","0.7818999886512756","0.7818999886512756","0.7818999886512756"
"16028","0.7823999524116516","0.7823999524116516","0.7823999524116516"
"16039","0.7825999855995178","0.7825999855995178","0.7825999855995178"
"16050","0.7824999690055847","0.7824999690055847","0.7824999690055847"
"16061","0.7822999954223633","0.7822999954223633","0.7822999954223633"
"16072","0.7825999855995178","0.7825999855995178","0.7825999855995178"
"16083","0.7824999690055847","0.7824999690055847","0.7824999690055847"
"16094","0.7825999855995178","0.7825999855995178","0.7825999855995178"
"16105","0.7825999855995178","0.7825999855995178","0.7825999855995178"
"16116","0.7829999923706055","0.7829999923706055","0.7829999923706055"
"16127","0.7829999923706055","0.7829999923706055","0.7829999923706055"
"16138","0.7836999893188477","0.7836999893188477","0.7836999893188477"
"16149","0.7835999727249146","0.7835999727249146","0.7835999727249146"
"16160","0.7836999893188477","0.7836999893188477","0.7836999893188477"
"16171","0.7835999727249146","0.7835999727249146","0.7835999727249146"
"16182","0.7835999727249146","0.7835999727249146","0.7835999727249146"
"16193","0.7834999561309814","0.7834999561309814","0.7834999561309814"
"16204","0.7833999991416931","0.7833999991416931","0.7833999991416931"
"16215","0.7834999561309814","0.7834999561309814","0.7834999561309814"
"16226","0.7835999727249146","0.7835999727249146","0.7835999727249146"
"16237","0.7838000059127808","0.7838000059127808","0.7838000059127808"
"16248","0.7838999629020691","0.7838999629020691","0.7838999629020691"
"16259","0.7838999629020691","0.7838999629020691","0.7838999629020691"
"16270","0.7840999960899353","0.7840999960899353","0.7840999960899353"
"16281","0.7842999696731567","0.7842999696731567","0.7842999696731567"
"16292","0.7842999696731567","0.7842999696731567","0.7842999696731567"
"16303","0.7842999696731567","0.7842999696731567","0.7842999696731567"
"16314","0.784500002861023","0.784500002861023","0.784500002861023"
"16325","0.7847999930381775","0.7847999930381775","0.7847999930381775"
"16336","0.7847999930381775","0.7847999930381775","0.7847999930381775"
"16347","0.7849999666213989","0.7849999666213989","0.7849999666213989"
"16358","0.7846999764442444","0.7846999764442444","0.7846999764442444"
"16369","0.7846999764442444","0.7846999764442444","0.7846999764442444"
"16380","0.7846999764442444","0.7846999764442444","0.7846999764442444"
"16391","0.7849000096321106","0.7849000096321106","0.7849000096321106"
"16402","0.7847999930381775","0.7847999930381775","0.7847999930381775"
"16413","0.7849000096321106","0.7849000096321106","0.7849000096321106"
"16424","0.784500002861023","0.784500002861023","0.784500002861023"
"16435","0.785099983215332","0.785099983215332","0.785099983215332"
"16446","0.7852999567985535","0.7852999567985535","0.7852999567985535"
"16457","0.7851999998092651","0.7851999998092651","0.7851999998092651"
"16468","0.7851999998092651","0.7851999998092651","0.7851999998092651"
"16479","0.7852999567985535","0.7852999567985535","0.7852999567985535"
"16490","0.7854999899864197","0.7854999899864197","0.7854999899864197"
"16501","0.7856999635696411","0.7856999635696411","0.7856999635696411"
"16512","0.7856000065803528","0.7856000065803528","0.7856000065803528"
"16523","0.7860999703407288","0.7860999703407288","0.7860999703407288"
"16534","0.7857999801635742","0.7857999801635742","0.7857999801635742"
"16545","0.7858999967575073","0.7858999967575073","0.7858999967575073"
"16556","0.7864999771118164","0.7864999771118164","0.7864999771118164"
"16567","0.7861999869346619","0.7861999869346619","0.7861999869346619"
"16578","0.7865999937057495","0.7865999937057495","0.7865999937057495"
"16589","0.786899983882904","0.786899983882904","0.786899983882904"
"16600","0.786899983882904","0.786899983882904","0.786899983882904"
"16611","0.7871999740600586","0.7871999740600586","0.7871999740600586"
"16622","0.7872999906539917","0.7872999906539917","0.7872999906539917"
"16633","0.7871999740600586","0.7871999740600586","0.7871999740600586"
"16644","0.7875999808311462","0.7875999808311462","0.7875999808311462"
"16655","0.7875999808311462","0.7875999808311462","0.7875999808311462"
"16666","0.7875999808311462","0.7875999808311462","0.7875999808311462"
"16677","0.7876999974250793","0.7876999974250793","0.7876999974250793"
"16688","0.7877999544143677","0.7877999544143677","0.7877999544143677"
"16699","0.7875999808311462","0.7875999808311462","0.7875999808311462"
"16710","0.7879999876022339","0.7879999876022339","0.7879999876022339"
"16721","0.7878999710083008","0.7878999710083008","0.7878999710083008"
"16732","0.788599967956543","0.788599967956543","0.788599967956543"
"16743","0.788599967956543","0.788599967956543","0.788599967956543"
"16754","0.788599967956543","0.788599967956543","0.788599967956543"
"16765","0.7884999513626099","0.7884999513626099","0.7884999513626099"
"16776","0.788599967956543","0.788599967956543","0.788599967956543"
"16787","0.7888000011444092","0.7888000011444092","0.7888000011444092"
"16798","0.7890999913215637","0.7890999913215637","0.7890999913215637"
"16809","0.7889999747276306","0.7889999747276306","0.7889999747276306"
"16820","0.7889999747276306","0.7889999747276306","0.7889999747276306"
"16831","0.7889999747276306","0.7889999747276306","0.7889999747276306"
"16842","0.7889999747276306","0.7889999747276306","0.7889999747276306"
"16853","0.7889999747276306","0.7889999747276306","0.7889999747276306"
"16864","0.7892000079154968","0.7892000079154968","0.7892000079154968"
"16875","0.7888999581336975","0.7888999581336975","0.7888999581336975"
"16886","0.7892000079154968","0.7892000079154968","0.7892000079154968"
"16897","0.7893999814987183","0.7893999814987183","0.7893999814987183"
"16908","0.7896999716758728","0.7896999716758728","0.7896999716758728"
"16919","0.7897999882698059","0.7897999882698059","0.7897999882698059"
"16930","0.7896999716758728","0.7896999716758728","0.7896999716758728"
"16941","0.7899999618530273","0.7899999618530273","0.7899999618530273"
"16952","0.7897999882698059","0.7897999882698059","0.7897999882698059"
"16963","0.789900004863739","0.789900004863739","0.789900004863739"
"16974","0.7900999784469604","0.7900999784469604","0.7900999784469604"
"16985","0.7900999784469604","0.7900999784469604","0.7900999784469604"
"16996","0.7901999950408936","0.7901999950408936","0.7901999950408936"
"17007","0.7901999950408936","0.7901999950408936","0.7901999950408936"
"17018","0.7900999784469604","0.7900999784469604","0.7900999784469604"
"17029","0.7899999618530273","0.7899999618530273","0.7899999618530273"
"17040","0.790399968624115","0.790399968624115","0.790399968624115"
"17051","0.7902999520301819","0.7902999520301819","0.7902999520301819"
"17062","0.7902999520301819","0.7902999520301819","0.7902999520301819"
"17073","0.7904999852180481","0.7904999852180481","0.7904999852180481"
"17084","0.7906999588012695","0.7906999588012695","0.7906999588012695"
"17095","0.7907999753952026","0.7907999753952026","0.7907999753952026"
"17106","0.7907999753952026","0.7907999753952026","0.7907999753952026"
"17117","0.7906999588012695","0.7906999588012695","0.7906999588012695"
"17128","0.7908999919891357","0.7908999919891357","0.7908999919891357"
"17139","0.7907999753952026","0.7907999753952026","0.7907999753952026"
"17150","0.7910000085830688","0.7910000085830688","0.7910000085830688"
"17161","0.7908999919891357","0.7908999919891357","0.7908999919891357"
"17172","0.7912999987602234","0.7912999987602234","0.7912999987602234"
"17183","0.7913999557495117","0.7913999557495117","0.7913999557495117"
"17194","0.7911999821662903","0.7911999821662903","0.7911999821662903"
"17205","0.791700005531311","0.791700005531311","0.791700005531311"
"17216","0.7915999889373779","0.7915999889373779","0.7915999889373779"
"17227","0.791700005531311","0.791700005531311","0.791700005531311"
"17238","0.7917999625205994","0.7917999625205994","0.7917999625205994"
"17249","0.7917999625205994","0.7917999625205994","0.7917999625205994"
"17260","0.7920999526977539","0.7920999526977539","0.7920999526977539"
"17271","0.7918999791145325","0.7918999791145325","0.7918999791145325"
"17282","0.7918999791145325","0.7918999791145325","0.7918999791145325"
"17293","0.792199969291687","0.792199969291687","0.792199969291687"
"17304","0.7924000024795532","0.7924000024795532","0.7924000024795532"
"17315","0.792199969291687","0.792199969291687","0.792199969291687"
"17326","0.7920999526977539","0.7920999526977539","0.7920999526977539"
"17337","0.7920999526977539","0.7920999526977539","0.7920999526977539"
"17348","0.7920999526977539","0.7920999526977539","0.7920999526977539"
"17359","0.7926999926567078","0.7926999926567078","0.7926999926567078"
"17370","0.7925999760627747","0.7925999760627747","0.7925999760627747"
"17381","0.7929999828338623","0.7929999828338623","0.7929999828338623"
"17392","0.7929999828338623","0.7929999828338623","0.7929999828338623"
"17403","0.7932999730110168","0.7932999730110168","0.7932999730110168"
"17414","0.7935000061988831","0.7935000061988831","0.7935000061988831"
"17425","0.7937999963760376","0.7937999963760376","0.7937999963760376"
"17436","0.7935999631881714","0.7935999631881714","0.7935999631881714"
"17447","0.7935999631881714","0.7935999631881714","0.7935999631881714"
"17458","0.793999969959259","0.793999969959259","0.793999969959259"
"17469","0.7940999865531921","0.7940999865531921","0.7940999865531921"
"17480","0.7940999865531921","0.7940999865531921","0.7940999865531921"
"17491","0.7944999933242798","0.7944999933242798","0.7944999933242798"
"17502","0.7945999503135681","0.7945999503135681","0.7945999503135681"
"17513","0.7943999767303467","0.7943999767303467","0.7943999767303467"
"17524","0.7949000000953674","0.7949000000953674","0.7949000000953674"
"17535","0.7947999835014343","0.7947999835014343","0.7947999835014343"
"17546","0.7950999736785889","0.7950999736785889","0.7950999736785889"
"17557","0.7954999804496765","0.7954999804496765","0.7954999804496765"
"17568","0.7953999638557434","0.7953999638557434","0.7953999638557434"
"17579","0.7958999872207642","0.7958999872207642","0.7958999872207642"
"17590","0.7960000038146973","0.7960000038146973","0.7960000038146973"
"17601","0.7960000038146973","0.7960000038146973","0.7960000038146973"
"17612","0.7962999939918518","0.7962999939918518","0.7962999939918518"
"17623","0.7960999608039856","0.7960999608039856","0.7960999608039856"
"17634","0.7960999608039856","0.7960999608039856","0.7960999608039856"
"17645","0.7962999939918518","0.7962999939918518","0.7962999939918518"
"17656","0.7965999841690063","0.7965999841690063","0.7965999841690063"
"17667","0.7967000007629395","0.7967000007629395","0.7967000007629395"
"17678","0.7967999577522278","0.7967999577522278","0.7967999577522278"
"17689","0.7971000075340271","0.7971000075340271","0.7971000075340271"
"17700","0.7971000075340271","0.7971000075340271","0.7971000075340271"
"17711","0.7971999645233154","0.7971999645233154","0.7971999645233154"
"17722","0.79749995470047","0.79749995470047","0.79749995470047"
"17733","0.7971000075340271","0.7971000075340271","0.7971000075340271"
"17744","0.7973999977111816","0.7973999977111816","0.7973999977111816"
"17755","0.7975999712944031","0.7975999712944031","0.7975999712944031"
"17766","0.79749995470047","0.79749995470047","0.79749995470047"
"17777","0.7973999977111816","0.7973999977111816","0.7973999977111816"
"17788","0.7975999712944031","0.7975999712944031","0.7975999712944031"
"17799","0.7975999712944031","0.7975999712944031","0.7975999712944031"
"17810","0.7976999878883362","0.7976999878883362","0.7976999878883362"
"17821","0.7975999712944031","0.7975999712944031","0.7975999712944031"
"17832","0.7979999780654907","0.7979999780654907","0.7979999780654907"
"17843","0.7981999516487122","0.7981999516487122","0.7981999516487122"
"17854","0.7985000014305115","0.7985000014305115","0.7985000014305115"
"17865","0.7983999848365784","0.7983999848365784","0.7983999848365784"
"17876","0.7985000014305115","0.7985000014305115","0.7985000014305115"
"17887","0.7985999584197998","0.7985999584197998","0.7985999584197998"
"17898","0.7986999750137329","0.7986999750137329","0.7986999750137329"
"17909","0.7986999750137329","0.7986999750137329","0.7986999750137329"
"17920","0.7989000082015991","0.7989000082015991","0.7989000082015991"
"17931","0.7990999817848206","0.7990999817848206","0.7990999817848206"
"17942","0.7990999817848206","0.7990999817848206","0.7990999817848206"
"17953","0.7991999983787537","0.7991999983787537","0.7991999983787537"
"17964","0.7991999983787537","0.7991999983787537","0.7991999983787537"
"17975","0.7998999953269958","0.7998999953269958","0.7998999953269958"
"17986","0.7996999621391296","0.7996999621391296","0.7996999621391296"
"17997","0.7998999953269958","0.7998999953269958","0.7998999953269958"
"18008","0.7997999787330627","0.7997999787330627","0.7997999787330627"
"18019","0.7999999523162842","0.7999999523162842","0.7999999523162842"
"18030","0.8003000020980835","0.8003000020980835","0.8003000020980835"
"18041","0.800599992275238","0.800599992275238","0.800599992275238"
"18052","0.8007999658584595","0.8007999658584595","0.8007999658584595"
"18063","0.800599992275238","0.800599992275238","0.800599992275238"
"18074","0.8004999756813049","0.8004999756813049","0.8004999756813049"
"18085","0.8003000020980835","0.8003000020980835","0.8003000020980835"
"18096","0.8003000020980835","0.8003000020980835","0.8003000020980835"
"18107","0.800599992275238","0.800599992275238","0.800599992275238"
"18118","0.800599992275238","0.800599992275238","0.800599992275238"
"18129","0.800599992275238","0.800599992275238","0.800599992275238"
"18140","0.8007999658584595","0.8007999658584595","0.8007999658584595"
"18151","0.8008999824523926","0.8008999824523926","0.8008999824523926"
"18162","0.8008999824523926","0.8008999824523926","0.8008999824523926"
"18173","0.8008999824523926","0.8008999824523926","0.8008999824523926"
"18184","0.8011999726295471","0.8011999726295471","0.8011999726295471"
"18195","0.8007999658584595","0.8007999658584595","0.8007999658584595"
"18206","0.8007999658584595","0.8007999658584595","0.8007999658584595"
"18217","0.8007999658584595","0.8007999658584595","0.8007999658584595"
"18228","0.8012999892234802","0.8012999892234802","0.8012999892234802"
"18239","0.8014000058174133","0.8014000058174133","0.8014000058174133"
"18250","0.8015999794006348","0.8015999794006348","0.8015999794006348"
"18261","0.8015999794006348","0.8015999794006348","0.8015999794006348"
"18272","0.8016999959945679","0.8016999959945679","0.8016999959945679"
"18283","0.8018999695777893","0.8018999695777893","0.8018999695777893"
"18294","0.8017999529838562","0.8017999529838562","0.8017999529838562"
"18305","0.8021000027656555","0.8021000027656555","0.8021000027656555"
"18316","0.8024999499320984","0.8024999499320984","0.8024999499320984"
"18327","0.8023999929428101","0.8023999929428101","0.8023999929428101"
"18338","0.8023999929428101","0.8023999929428101","0.8023999929428101"
"18349","0.8021999597549438","0.8021999597549438","0.8021999597549438"
"18360","0.8021999597549438","0.8021999597549438","0.8021999597549438"
"18371","0.8024999499320984","0.8024999499320984","0.8024999499320984"
"18382","0.8024999499320984","0.8024999499320984","0.8024999499320984"
"18393","0.8027999997138977","0.8027999997138977","0.8027999997138977"
"18404","0.8027999997138977","0.8027999997138977","0.8027999997138977"
"18415","0.8025999665260315","0.8025999665260315","0.8025999665260315"
"18426","0.8027999997138977","0.8027999997138977","0.8027999997138977"
"18437","0.8029999732971191","0.8029999732971191","0.8029999732971191"
"18448","0.8030999898910522","0.8030999898910522","0.8030999898910522"
"18459","0.8032000064849854","0.8032000064849854","0.8032000064849854"
"18470","0.8030999898910522","0.8030999898910522","0.8030999898910522"
"18481","0.8032000064849854","0.8032000064849854","0.8032000064849854"
"18492","0.8032999634742737","0.8032999634742737","0.8032999634742737"
"18503","0.8036999702453613","0.8036999702453613","0.8036999702453613"
"18514","0.8035999536514282","0.8035999536514282","0.8035999536514282"
"18525","0.8035999536514282","0.8035999536514282","0.8035999536514282"
"18536","0.8034999966621399","0.8034999966621399","0.8034999966621399"
"18547","0.8039000034332275","0.8039000034332275","0.8039000034332275"
"18558","0.804099977016449","0.804099977016449","0.804099977016449"
"18569","0.8043999671936035","0.8043999671936035","0.8043999671936035"
"18580","0.8042999505996704","0.8042999505996704","0.8042999505996704"
"18591","0.8046999573707581","0.8046999573707581","0.8046999573707581"
"18602","0.8048999905586243","0.8048999905586243","0.8048999905586243"
"18613","0.8048999905586243","0.8048999905586243","0.8048999905586243"
"18624","0.8050999641418457","0.8050999641418457","0.8050999641418457"
"18635","0.8055999875068665","0.8055999875068665","0.8055999875068665"
"18646","0.8055999875068665","0.8055999875068665","0.8055999875068665"
"18657","0.805899977684021","0.805899977684021","0.805899977684021"
"18668","0.8057000041007996","0.8057000041007996","0.8057000041007996"
"18679","0.8057000041007996","0.8057000041007996","0.8057000041007996"
"18690","0.8057000041007996","0.8057000041007996","0.8057000041007996"
"18701","0.805899977684021","0.805899977684021","0.805899977684021"
"18712","0.8061999678611755","0.8061999678611755","0.8061999678611755"
"18723","0.8060999512672424","0.8060999512672424","0.8060999512672424"
"18734","0.8064999580383301","0.8064999580383301","0.8064999580383301"
"18745","0.8064999580383301","0.8064999580383301","0.8064999580383301"
"18756","0.8065999746322632","0.8065999746322632","0.8065999746322632"
"18767","0.8068000078201294","0.8068000078201294","0.8068000078201294"
"18778","0.8070999979972839","0.8070999979972839","0.8070999979972839"
"18789","0.8070999979972839","0.8070999979972839","0.8070999979972839"
"18800","0.8068999648094177","0.8068999648094177","0.8068999648094177"
"18811","0.8075000047683716","0.8075000047683716","0.8075000047683716"
"18822","0.8078999519348145","0.8078999519348145","0.8078999519348145"
"18833","0.8080999851226807","0.8080999851226807","0.8080999851226807"
"18844","0.8082000017166138","0.8082000017166138","0.8082000017166138"
"18855","0.8086000084877014","0.8086000084877014","0.8086000084877014"
"18866","0.8086000084877014","0.8086000084877014","0.8086000084877014"
"18877","0.8086000084877014","0.8086000084877014","0.8086000084877014"
"18888","0.8084999918937683","0.8084999918937683","0.8084999918937683"
"18899","0.8086000084877014","0.8086000084877014","0.8086000084877014"
"18910","0.8087999820709229","0.8087999820709229","0.8087999820709229"
"18921","0.8089999556541443","0.8089999556541443","0.8089999556541443"
"18932","0.8090999722480774","0.8090999722480774","0.8090999722480774"
"18943","0.8089999556541443","0.8089999556541443","0.8089999556541443"
"18954","0.8091999888420105","0.8091999888420105","0.8091999888420105"
"18965","0.8093000054359436","0.8093000054359436","0.8093000054359436"
"18976","0.8093000054359436","0.8093000054359436","0.8093000054359436"
"18987","0.8093999624252319","0.8093999624252319","0.8093999624252319"
"18998","0.8096999526023865","0.8096999526023865","0.8096999526023865"
"19009","0.8097999691963196","0.8097999691963196","0.8097999691963196"
"19020","0.8093999624252319","0.8093999624252319","0.8093999624252319"
"19031","0.8097999691963196","0.8097999691963196","0.8097999691963196"
"19042","0.8095999956130981","0.8095999956130981","0.8095999956130981"
"19053","0.8100000023841858","0.8100000023841858","0.8100000023841858"
"19064","0.8098999857902527","0.8098999857902527","0.8098999857902527"
"19075","0.8100999593734741","0.8100999593734741","0.8100999593734741"
"19086","0.8100999593734741","0.8100999593734741","0.8100999593734741"
"19097","0.8101999759674072","0.8101999759674072","0.8101999759674072"
"19108","0.8104000091552734","0.8104000091552734","0.8104000091552734"
"19119","0.8105999827384949","0.8105999827384949","0.8105999827384949"
"19130","0.8105999827384949","0.8105999827384949","0.8105999827384949"
"19141","0.810699999332428","0.810699999332428","0.810699999332428"
"19152","0.8102999925613403","0.8102999925613403","0.8102999925613403"
"19163","0.8105999827384949","0.8105999827384949","0.8105999827384949"
"19174","0.8105999827384949","0.8105999827384949","0.8105999827384949"
"19185","0.8104999661445618","0.8104999661445618","0.8104999661445618"
"19196","0.810699999332428","0.810699999332428","0.810699999332428"
"19207","0.8105999827384949","0.8105999827384949","0.8105999827384949"
"19218","0.8111000061035156","0.8111000061035156","0.8111000061035156"
"19229","0.8107999563217163","0.8107999563217163","0.8107999563217163"
"19240","0.8111000061035156","0.8111000061035156","0.8111000061035156"
"19251","0.8112999796867371","0.8112999796867371","0.8112999796867371"
"19262","0.8112999796867371","0.8112999796867371","0.8112999796867371"
"19273","0.8112999796867371","0.8112999796867371","0.8112999796867371"
"19284","0.8112999796867371","0.8112999796867371","0.8112999796867371"
"19295","0.8113999962806702","0.8113999962806702","0.8113999962806702"
"19306","0.8115999698638916","0.8115999698638916","0.8115999698638916"
"19317","0.8115999698638916","0.8115999698638916","0.8115999698638916"
"19328","0.8121999502182007","0.8121999502182007","0.8121999502182007"
"19339","0.8122999668121338","0.8122999668121338","0.8122999668121338"
"19350","0.8125999569892883","0.8125999569892883","0.8125999569892883"
"19361","0.8123999834060669","0.8123999834060669","0.8123999834060669"
"19372","0.8130999803543091","0.8130999803543091","0.8130999803543091"
"19383","0.8131999969482422","0.8131999969482422","0.8131999969482422"
"19394","0.8131999969482422","0.8131999969482422","0.8131999969482422"
"19405","0.8132999539375305","0.8132999539375305","0.8132999539375305"
"19416","0.8132999539375305","0.8132999539375305","0.8132999539375305"
"19427","0.8134999871253967","0.8134999871253967","0.8134999871253967"
"19438","0.8136000037193298","0.8136000037193298","0.8136000037193298"
"19449","0.8136999607086182","0.8136999607086182","0.8136999607086182"
"19460","0.8137999773025513","0.8137999773025513","0.8137999773025513"
"19471","0.8141999840736389","0.8141999840736389","0.8141999840736389"
"19482","0.8139999508857727","0.8139999508857727","0.8139999508857727"
"19493","0.8144999742507935","0.8144999742507935","0.8144999742507935"
"19504","0.8143999576568604","0.8143999576568604","0.8143999576568604"
"19515","0.814799964427948","0.814799964427948","0.814799964427948"
"19526","0.8147000074386597","0.8147000074386597","0.8147000074386597"
"19537","0.8151999711990356","0.8151999711990356","0.8151999711990356"
"19548","0.8150999546051025","0.8150999546051025","0.8150999546051025"
"19559","0.8154999613761902","0.8154999613761902","0.8154999613761902"
"19570","0.8155999779701233","0.8155999779701233","0.8155999779701233"
"19581","0.8158999681472778","0.8158999681472778","0.8158999681472778"
"19592","0.8158999681472778","0.8158999681472778","0.8158999681472778"
"19603","0.816100001335144","0.816100001335144","0.816100001335144"
"19614","0.8158999681472778","0.8158999681472778","0.8158999681472778"
"19625","0.8163999915122986","0.8163999915122986","0.8163999915122986"
"19636","0.8162999749183655","0.8162999749183655","0.8162999749183655"
"19647","0.8166999816894531","0.8166999816894531","0.8166999816894531"
"19658","0.81659996509552","0.81659996509552","0.81659996509552"
"19669","0.8167999982833862","0.8167999982833862","0.8167999982833862"
"19680","0.8169999718666077","0.8169999718666077","0.8169999718666077"
"19691","0.8168999552726746","0.8168999552726746","0.8168999552726746"
"19702","0.8169999718666077","0.8169999718666077","0.8169999718666077"
"19713","0.8168999552726746","0.8168999552726746","0.8168999552726746"
"19724","0.8172000050544739","0.8172000050544739","0.8172000050544739"
"19735","0.8174999952316284","0.8174999952316284","0.8174999952316284"
"19746","0.8175999522209167","0.8175999522209167","0.8175999522209167"
"19757","0.8175999522209167","0.8175999522209167","0.8175999522209167"
"19768","0.8179000020027161","0.8179000020027161","0.8179000020027161"
"19779","0.8181999921798706","0.8181999921798706","0.8181999921798706"
"19790","0.8181999921798706","0.8181999921798706","0.8181999921798706"
"19801","0.8180999755859375","0.8180999755859375","0.8180999755859375"
"19812","0.8180999755859375","0.8180999755859375","0.8180999755859375"
"19823","0.8183000087738037","0.8183000087738037","0.8183000087738037"
"19834","0.8185999989509583","0.8185999989509583","0.8185999989509583"
"19845","0.8183000087738037","0.8183000087738037","0.8183000087738037"
"19856","0.8181999921798706","0.8181999921798706","0.8181999921798706"
"19867","0.818399965763092","0.818399965763092","0.818399965763092"
"19878","0.8184999823570251","0.8184999823570251","0.8184999823570251"
"19889","0.8185999989509583","0.8185999989509583","0.8185999989509583"
"19900","0.8188999891281128","0.8188999891281128","0.8188999891281128"
"19911","0.8188999891281128","0.8188999891281128","0.8188999891281128"
"19922","0.8185999989509583","0.8185999989509583","0.8185999989509583"
"19933","0.8187999725341797","0.8187999725341797","0.8187999725341797"
"19944","0.8186999559402466","0.8186999559402466","0.8186999559402466"
"19955","0.8186999559402466","0.8186999559402466","0.8186999559402466"
"19966","0.8190000057220459","0.8190000057220459","0.8190000057220459"
"19977","0.8191999793052673","0.8191999793052673","0.8191999793052673"
"19988","0.819599986076355","0.819599986076355","0.819599986076355"
"19999","0.819599986076355","0.819599986076355","0.819599986076355"
"20010","0.819599986076355","0.819599986076355","0.819599986076355"
"20021","0.8194999694824219","0.8194999694824219","0.8194999694824219"
"20032","0.819599986076355","0.819599986076355","0.819599986076355"
"20043","0.819599986076355","0.819599986076355","0.819599986076355"
"20054","0.8194999694824219","0.8194999694824219","0.8194999694824219"
"20065","0.8197000026702881","0.8197000026702881","0.8197000026702881"
"20076","0.8198999762535095","0.8198999762535095","0.8198999762535095"
"20087","0.8199999928474426","0.8199999928474426","0.8199999928474426"
"20098","0.8201999664306641","0.8201999664306641","0.8201999664306641"
"20109","0.8202999830245972","0.8202999830245972","0.8202999830245972"
"20120","0.8201999664306641","0.8201999664306641","0.8201999664306641"
"20131","0.8203999996185303","0.8203999996185303","0.8203999996185303"
"20142","0.8204999566078186","0.8204999566078186","0.8204999566078186"
"20153","0.8208000063896179","0.8208000063896179","0.8208000063896179"
"20164","0.8209999799728394","0.8209999799728394","0.8209999799728394"
"20175","0.8208000063896179","0.8208000063896179","0.8208000063896179"
"20186","0.8208000063896179","0.8208000063896179","0.8208000063896179"
"20197","0.8208999633789062","0.8208999633789062","0.8208999633789062"
"20208","0.8208999633789062","0.8208999633789062","0.8208999633789062"
"20219","0.8205999732017517","0.8205999732017517","0.8205999732017517"
"20230","0.8212999701499939","0.8212999701499939","0.8212999701499939"
"20241","0.8215000033378601","0.8215000033378601","0.8215000033378601"
"20252","0.8215000033378601","0.8215000033378601","0.8215000033378601"
"20263","0.821399986743927","0.821399986743927","0.821399986743927"
"20274","0.8216999769210815","0.8216999769210815","0.8216999769210815"
"20285","0.8215000033378601","0.8215000033378601","0.8215000033378601"
"20296","0.821899950504303","0.821899950504303","0.821899950504303"
"20307","0.821899950504303","0.821899950504303","0.821899950504303"
"20318","0.8222000002861023","0.8222000002861023","0.8222000002861023"
"20329","0.8224999904632568","0.8224999904632568","0.8224999904632568"
"20340","0.8228999972343445","0.8228999972343445","0.8228999972343445"
"20351","0.8228999972343445","0.8228999972343445","0.8228999972343445"
"20362","0.8228999972343445","0.8228999972343445","0.8228999972343445"
"20373","0.8229999542236328","0.8229999542236328","0.8229999542236328"
"20384","0.8233999609947205","0.8233999609947205","0.8233999609947205"
"20395","0.823699951171875","0.823699951171875","0.823699951171875"
"20406","0.8234999775886536","0.8234999775886536","0.8234999775886536"
"20417","0.8235999941825867","0.8235999941825867","0.8235999941825867"
"20428","0.8238999843597412","0.8238999843597412","0.8238999843597412"
"20439","0.8240999579429626","0.8240999579429626","0.8240999579429626"
"20450","0.8240999579429626","0.8240999579429626","0.8240999579429626"
"20461","0.8240999579429626","0.8240999579429626","0.8240999579429626"
"20472","0.8242999911308289","0.8242999911308289","0.8242999911308289"
"20483","0.8241999745368958","0.8241999745368958","0.8241999745368958"
"20494","0.8244999647140503","0.8244999647140503","0.8244999647140503"
"20505","0.8246999979019165","0.8246999979019165","0.8246999979019165"
"20516","0.8245999813079834","0.8245999813079834","0.8245999813079834"
"20527","0.8245999813079834","0.8245999813079834","0.8245999813079834"
"20538","0.8245999813079834","0.8245999813079834","0.8245999813079834"
"20549","0.8247999548912048","0.8247999548912048","0.8247999548912048"
"20560","0.8247999548912048","0.8247999548912048","0.8247999548912048"
"20571","0.824999988079071","0.824999988079071","0.824999988079071"
"20582","0.8248999714851379","0.8248999714851379","0.8248999714851379"
"20593","0.8251999616622925","0.8251999616622925","0.8251999616622925"
"20604","0.8253999948501587","0.8253999948501587","0.8253999948501587"
"20615","0.8251999616622925","0.8251999616622925","0.8251999616622925"
"20626","0.8253999948501587","0.8253999948501587","0.8253999948501587"
"20637","0.825499951839447","0.825499951839447","0.825499951839447"
"20648","0.8255999684333801","0.8255999684333801","0.8255999684333801"
"20659","0.8255999684333801","0.8255999684333801","0.8255999684333801"
"20670","0.8258000016212463","0.8258000016212463","0.8258000016212463"
"20681","0.8258999586105347","0.8258999586105347","0.8258999586105347"
"20692","0.8259999752044678","0.8259999752044678","0.8259999752044678"
"20703","0.826200008392334","0.826200008392334","0.826200008392334"
"20714","0.8260999917984009","0.8260999917984009","0.8260999917984009"
"20725","0.826200008392334","0.826200008392334","0.826200008392334"
"20736","0.8263999819755554","0.8263999819755554","0.8263999819755554"
"20747","0.8264999985694885","0.8264999985694885","0.8264999985694885"
"20758","0.8264999985694885","0.8264999985694885","0.8264999985694885"
"20769","0.8267999887466431","0.8267999887466431","0.8267999887466431"
"20780","0.8264999985694885","0.8264999985694885","0.8264999985694885"
"20791","0.82669997215271","0.82669997215271","0.82669997215271"
"20802","0.82669997215271","0.82669997215271","0.82669997215271"
"20813","0.8269000053405762","0.8269000053405762","0.8269000053405762"
"20824","0.8270999789237976","0.8270999789237976","0.8270999789237976"
"20835","0.8269999623298645","0.8269999623298645","0.8269999623298645"
"20846","0.8270999789237976","0.8270999789237976","0.8270999789237976"
"20857","0.8269000053405762","0.8269000053405762","0.8269000053405762"
"20868","0.8274999856948853","0.8274999856948853","0.8274999856948853"
"20879","0.8273999691009521","0.8273999691009521","0.8273999691009521"
"20890","0.8274999856948853","0.8274999856948853","0.8274999856948853"
"20901","0.8273999691009521","0.8273999691009521","0.8273999691009521"
"20912","0.8276999592781067","0.8276999592781067","0.8276999592781067"
"20923","0.8273999691009521","0.8273999691009521","0.8273999691009521"
"20934","0.8273999691009521","0.8273999691009521","0.8273999691009521"
"20945","0.8277999758720398","0.8277999758720398","0.8277999758720398"
"20956","0.8279999494552612","0.8279999494552612","0.8279999494552612"
"20967","0.8281999826431274","0.8281999826431274","0.8281999826431274"
"20978","0.8283999562263489","0.8283999562263489","0.8283999562263489"
"20989","0.8282999992370605","0.8282999992370605","0.8282999992370605"
"21000","0.828499972820282","0.828499972820282","0.828499972820282"
"21011","0.8282999992370605","0.8282999992370605","0.8282999992370605"
"21022","0.828499972820282","0.828499972820282","0.828499972820282"
"21033","0.8288999795913696","0.8288999795913696","0.8288999795913696"
"21044","0.8291999697685242","0.8291999697685242","0.8291999697685242"
"21055","0.8294000029563904","0.8294000029563904","0.8294000029563904"
"21066","0.8291999697685242","0.8291999697685242","0.8291999697685242"
"21077","0.8297999501228333","0.8297999501228333","0.8297999501228333"
"21088","0.8294999599456787","0.8294999599456787","0.8294999599456787"
"21099","0.8301999568939209","0.8301999568939209","0.8301999568939209"
"21110","0.8303999900817871","0.8303999900817871","0.8303999900817871"
"21121","0.8301999568939209","0.8301999568939209","0.8301999568939209"
"21132","0.8300999999046326","0.8300999999046326","0.8300999999046326"
"21143","0.8303999900817871","0.8303999900817871","0.8303999900817871"
"21154","0.8305000066757202","0.8305000066757202","0.8305000066757202"
"21165","0.8307999968528748","0.8307999968528748","0.8307999968528748"
"21176","0.8305999636650085","0.8305999636650085","0.8305999636650085"
"21187","0.8305999636650085","0.8305999636650085","0.8305999636650085"
"21198","0.8308999538421631","0.8308999538421631","0.8308999538421631"
"21209","0.8308999538421631","0.8308999538421631","0.8308999538421631"
"21220","0.8308999538421631","0.8308999538421631","0.8308999538421631"
"21231","0.8312999606132507","0.8312999606132507","0.8312999606132507"
"21242","0.8312999606132507","0.8312999606132507","0.8312999606132507"
"21253","0.8312999606132507","0.8312999606132507","0.8312999606132507"
"21264","0.8313999772071838","0.8313999772071838","0.8313999772071838"
"21275","0.8312000036239624","0.8312000036239624","0.8312000036239624"
"21286","0.8312999606132507","0.8312999606132507","0.8312999606132507"
"21297","0.8314999938011169","0.8314999938011169","0.8314999938011169"
"21308","0.8316999673843384","0.8316999673843384","0.8316999673843384"
"21319","0.8316999673843384","0.8316999673843384","0.8316999673843384"
"21330","0.8317999839782715","0.8317999839782715","0.8317999839782715"
"21341","0.8317999839782715","0.8317999839782715","0.8317999839782715"
"21352","0.8319000005722046","0.8319000005722046","0.8319000005722046"
"21363","0.8316999673843384","0.8316999673843384","0.8316999673843384"
"21374","0.8316999673843384","0.8316999673843384","0.8316999673843384"
"21385","0.8319000005722046","0.8319000005722046","0.8319000005722046"
"21396","0.8317999839782715","0.8317999839782715","0.8317999839782715"
"21407","0.8317999839782715","0.8317999839782715","0.8317999839782715"
"21418","0.8321999907493591","0.8321999907493591","0.8321999907493591"
"21429","0.8323000073432922","0.8323000073432922","0.8323000073432922"
"21440","0.8323999643325806","0.8323999643325806","0.8323999643325806"
"21451","0.8324999809265137","0.8324999809265137","0.8324999809265137"
"21462","0.8323999643325806","0.8323999643325806","0.8323999643325806"
"21473","0.8325999975204468","0.8325999975204468","0.8325999975204468"
"21484","0.8328999876976013","0.8328999876976013","0.8328999876976013"
"21495","0.8330999612808228","0.8330999612808228","0.8330999612808228"
"21506","0.8331999778747559","0.8331999778747559","0.8331999778747559"
"21517","0.8331999778747559","0.8331999778747559","0.8331999778747559"
"21528","0.8331999778747559","0.8331999778747559","0.8331999778747559"
"21539","0.8331999778747559","0.8331999778747559","0.8331999778747559"
"21550","0.8337000012397766","0.8337000012397766","0.8337000012397766"
"21561","0.833899974822998","0.833899974822998","0.833899974822998"
"21572","0.833899974822998","0.833899974822998","0.833899974822998"
"21583","0.8341000080108643","0.8341000080108643","0.8341000080108643"
"21594","0.8342999815940857","0.8342999815940857","0.8342999815940857"
"21605","0.8342999815940857","0.8342999815940857","0.8342999815940857"
"21616","0.8344999551773071","0.8344999551773071","0.8344999551773071"
"21627","0.8343999981880188","0.8343999981880188","0.8343999981880188"
"21638","0.8342999815940857","0.8342999815940857","0.8342999815940857"
"21649","0.8343999981880188","0.8343999981880188","0.8343999981880188"
"21660","0.8345999717712402","0.8345999717712402","0.8345999717712402"
"21671","0.8346999883651733","0.8346999883651733","0.8346999883651733"
"21682","0.8348999619483948","0.8348999619483948","0.8348999619483948"
"21693","0.8349999785423279","0.8349999785423279","0.8349999785423279"
"21704","0.8352999687194824","0.8352999687194824","0.8352999687194824"
"21715","0.8355000019073486","0.8355000019073486","0.8355000019073486"
"21726","0.8357999920845032","0.8357999920845032","0.8357999920845032"
"21737","0.8359000086784363","0.8359000086784363","0.8359000086784363"
"21748","0.8357999920845032","0.8357999920845032","0.8357999920845032"
"21759","0.8363999724388123","0.8363999724388123","0.8363999724388123"
"21770","0.8360999822616577","0.8360999822616577","0.8360999822616577"
"21781","0.8363999724388123","0.8363999724388123","0.8363999724388123"
"21792","0.8361999988555908","0.8361999988555908","0.8361999988555908"
"21803","0.8366000056266785","0.8366000056266785","0.8366000056266785"
"21814","0.8366999626159668","0.8366999626159668","0.8366999626159668"
"21825","0.8364999890327454","0.8364999890327454","0.8364999890327454"
"21836","0.8367999792098999","0.8367999792098999","0.8367999792098999"
"21847","0.8370999693870544","0.8370999693870544","0.8370999693870544"
"21858","0.836899995803833","0.836899995803833","0.836899995803833"
"21869","0.8367999792098999","0.8367999792098999","0.8367999792098999"
"21880","0.836899995803833","0.836899995803833","0.836899995803833"
"21891","0.8369999527931213","0.8369999527931213","0.8369999527931213"
"21902","0.8373000025749207","0.8373000025749207","0.8373000025749207"
"21913","0.8375999927520752","0.8375999927520752","0.8375999927520752"
"21924","0.8376999497413635","0.8376999497413635","0.8376999497413635"
"21935","0.8376999497413635","0.8376999497413635","0.8376999497413635"
"21946","0.8379999995231628","0.8379999995231628","0.8379999995231628"
"21957","0.8377999663352966","0.8377999663352966","0.8377999663352966"
"21968","0.8378999829292297","0.8378999829292297","0.8378999829292297"
"21979","0.8377999663352966","0.8377999663352966","0.8377999663352966"
"21990","0.8384000062942505","0.8384000062942505","0.8384000062942505"
"22001","0.8384000062942505","0.8384000062942505","0.8384000062942505"
"22012","0.8385999798774719","0.8385999798774719","0.8385999798774719"
"22023","0.8384999632835388","0.8384999632835388","0.8384999632835388"
"22034","0.838699996471405","0.838699996471405","0.838699996471405"
"22045","0.8387999534606934","0.8387999534606934","0.8387999534606934"
"22056","0.8388999700546265","0.8388999700546265","0.8388999700546265"
"22067","0.8388999700546265","0.8388999700546265","0.8388999700546265"
"22078","0.8391000032424927","0.8391000032424927","0.8391000032424927"
"22089","0.8393999934196472","0.8393999934196472","0.8393999934196472"
"22100","0.8393999934196472","0.8393999934196472","0.8393999934196472"
"22111","0.8396999835968018","0.8396999835968018","0.8396999835968018"
"22122","0.8398999571800232","0.8398999571800232","0.8398999571800232"
"22133","0.8398999571800232","0.8398999571800232","0.8398999571800232"
"22144","0.8400999903678894","0.8400999903678894","0.8400999903678894"
"22155","0.8400999903678894","0.8400999903678894","0.8400999903678894"
"22166","0.8402000069618225","0.8402000069618225","0.8402000069618225"
"22177","0.840399980545044","0.840399980545044","0.840399980545044"
"22188","0.8402999639511108","0.8402999639511108","0.8402999639511108"
"22199","0.8402999639511108","0.8402999639511108","0.8402999639511108"
"22210","0.840499997138977","0.840499997138977","0.840499997138977"
"22221","0.8405999541282654","0.8405999541282654","0.8405999541282654"
"22232","0.8407999873161316","0.8407999873161316","0.8407999873161316"
"22243","0.8405999541282654","0.8405999541282654","0.8405999541282654"
"22254","0.8406999707221985","0.8406999707221985","0.8406999707221985"
"22265","0.8409000039100647","0.8409000039100647","0.8409000039100647"
"22276","0.8409000039100647","0.8409000039100647","0.8409000039100647"
"22287","0.8412999510765076","0.8412999510765076","0.8412999510765076"
"22298","0.8413999676704407","0.8413999676704407","0.8413999676704407"
"22309","0.8414999842643738","0.8414999842643738","0.8414999842643738"
"22320","0.8416999578475952","0.8416999578475952","0.8416999578475952"
"22331","0.8418999910354614","0.8418999910354614","0.8418999910354614"
"22342","0.8423999547958374","0.8423999547958374","0.8423999547958374"
"22353","0.8424999713897705","0.8424999713897705","0.8424999713897705"
"22364","0.842199981212616","0.842199981212616","0.842199981212616"
"22375","0.8423999547958374","0.8423999547958374","0.8423999547958374"
"22386","0.842799961566925","0.842799961566925","0.842799961566925"
"22397","0.8429999947547913","0.8429999947547913","0.8429999947547913"
"22408","0.8429999947547913","0.8429999947547913","0.8429999947547913"
"22419","0.842799961566925","0.842799961566925","0.842799961566925"
"22430","0.842799961566925","0.842799961566925","0.842799961566925"
"22441","0.842799961566925","0.842799961566925","0.842799961566925"
"22452","0.8425999879837036","0.8425999879837036","0.8425999879837036"
"22463","0.8427000045776367","0.8427000045776367","0.8427000045776367"
"22474","0.8432999849319458","0.8432999849319458","0.8432999849319458"
"22485","0.8430999517440796","0.8430999517440796","0.8430999517440796"
"22496","0.8434999585151672","0.8434999585151672","0.8434999585151672"
"22507","0.8435999751091003","0.8435999751091003","0.8435999751091003"
"22518","0.8436999917030334","0.8436999917030334","0.8436999917030334"
"22529","0.8432999849319458","0.8432999849319458","0.8432999849319458"
"22540","0.8431999683380127","0.8431999683380127","0.8431999683380127"
"22551","0.8438000082969666","0.8438000082969666","0.8438000082969666"
"22562","0.8438000082969666","0.8438000082969666","0.8438000082969666"
"22573","0.8438999652862549","0.8438999652862549","0.8438999652862549"
"22584","0.8441999554634094","0.8441999554634094","0.8441999554634094"
"22595","0.8442999720573425","0.8442999720573425","0.8442999720573425"
"22606","0.8441999554634094","0.8441999554634094","0.8441999554634094"
"22617","0.8442999720573425","0.8442999720573425","0.8442999720573425"
"22628","0.8445000052452087","0.8445000052452087","0.8445000052452087"
"22639","0.8447999954223633","0.8447999954223633","0.8447999954223633"
"22650","0.8448999524116516","0.8448999524116516","0.8448999524116516"
"22661","0.8449999690055847","0.8449999690055847","0.8449999690055847"
"22672","0.8449999690055847","0.8449999690055847","0.8449999690055847"
"22683","0.8452999591827393","0.8452999591827393","0.8452999591827393"
"22694","0.8456999659538269","0.8456999659538269","0.8456999659538269"
"22705","0.8454999923706055","0.8454999923706055","0.8454999923706055"
"22716","0.8455999493598938","0.8455999493598938","0.8455999493598938"
"22727","0.8452999591827393","0.8452999591827393","0.8452999591827393"
"22738","0.8452999591827393","0.8452999591827393","0.8452999591827393"
"22749","0.8459999561309814","0.8459999561309814","0.8459999561309814"
"22760","0.8460999727249146","0.8460999727249146","0.8460999727249146"
"22771","0.8461999893188477","0.8461999893188477","0.8461999893188477"
"22782","0.8459999561309814","0.8459999561309814","0.8459999561309814"
"22793","0.8463000059127808","0.8463000059127808","0.8463000059127808"
"22804","0.8464999794960022","0.8464999794960022","0.8464999794960022"
"22815","0.8463999629020691","0.8463999629020691","0.8463999629020691"
"22826","0.8464999794960022","0.8464999794960022","0.8464999794960022"
"22837","0.8467999696731567","0.8467999696731567","0.8467999696731567"
"22848","0.8468999862670898","0.8468999862670898","0.8468999862670898"
"22859","0.8470999598503113","0.8470999598503113","0.8470999598503113"
"22870","0.8471999764442444","0.8471999764442444","0.8471999764442444"
"22881","0.8470999598503113","0.8470999598503113","0.8470999598503113"
"22892","0.8471999764442444","0.8471999764442444","0.8471999764442444"
"22903","0.847000002861023","0.847000002861023","0.847000002861023"
"22914","0.8470999598503113","0.8470999598503113","0.8470999598503113"
"22925","0.8470999598503113","0.8470999598503113","0.8470999598503113"
"22936","0.8470999598503113","0.8470999598503113","0.8470999598503113"
"22947","0.8468999862670898","0.8468999862670898","0.8468999862670898"
"22958","0.8471999764442444","0.8471999764442444","0.8471999764442444"
"22969","0.8468999862670898","0.8468999862670898","0.8468999862670898"
"22980","0.8468999862670898","0.8468999862670898","0.8468999862670898"
"22991","0.8470999598503113","0.8470999598503113","0.8470999598503113"
"23002","0.8471999764442444","0.8471999764442444","0.8471999764442444"
"23013","0.8473999500274658","0.8473999500274658","0.8473999500274658"
"23024","0.8473999500274658","0.8473999500274658","0.8473999500274658"
"23035","0.8473999500274658","0.8473999500274658","0.8473999500274658"
"23046","0.8479999899864197","0.8479999899864197","0.8479999899864197"
"23057","0.8481999635696411","0.8481999635696411","0.8481999635696411"
"23068","0.8485999703407288","0.8485999703407288","0.8485999703407288"
"23079","0.8486999869346619","0.8486999869346619","0.8486999869346619"
"23090","0.8486999869346619","0.8486999869346619","0.8486999869346619"
"23101","0.8489999771118164","0.8489999771118164","0.8489999771118164"
"23112","0.8489999771118164","0.8489999771118164","0.8489999771118164"
"23123","0.8489999771118164","0.8489999771118164","0.8489999771118164"
"23134","0.8488999605178833","0.8488999605178833","0.8488999605178833"
"23145","0.8490999937057495","0.8490999937057495","0.8490999937057495"
"23156","0.8489999771118164","0.8489999771118164","0.8489999771118164"
"23167","0.8489999771118164","0.8489999771118164","0.8489999771118164"
"23178","0.8490999937057495","0.8490999937057495","0.8490999937057495"
"23189","0.849299967288971","0.849299967288971","0.849299967288971"
"23200","0.8495000004768372","0.8495000004768372","0.8495000004768372"
"23211","0.849399983882904","0.849399983882904","0.849399983882904"
"23222","0.849399983882904","0.849399983882904","0.849399983882904"
"23233","0.849399983882904","0.849399983882904","0.849399983882904"
"23244","0.8491999506950378","0.8491999506950378","0.8491999506950378"
"23255","0.8496999740600586","0.8496999740600586","0.8496999740600586"
"23266","0.8499000072479248","0.8499000072479248","0.8499000072479248"
"23277","0.8500999808311462","0.8500999808311462","0.8500999808311462"
"23288","0.8500999808311462","0.8500999808311462","0.8500999808311462"
"23299","0.8502999544143677","0.8502999544143677","0.8502999544143677"
"23310","0.8504999876022339","0.8504999876022339","0.8504999876022339"
"23321","0.8506999611854553","0.8506999611854553","0.8506999611854553"
"23332","0.8506999611854553","0.8506999611854553","0.8506999611854553"
"23343","0.8506999611854553","0.8506999611854553","0.8506999611854553"
"23354","0.8507999777793884","0.8507999777793884","0.8507999777793884"
"23365","0.8509999513626099","0.8509999513626099","0.8509999513626099"
"23376","0.851099967956543","0.851099967956543","0.851099967956543"
"23387","0.8509999513626099","0.8509999513626099","0.8509999513626099"
"23398","0.8511999845504761","0.8511999845504761","0.8511999845504761"
"23409","0.8511999845504761","0.8511999845504761","0.8511999845504761"
"23420","0.8514999747276306","0.8514999747276306","0.8514999747276306"
"23431","0.8515999913215637","0.8515999913215637","0.8515999913215637"
"23442","0.8514999747276306","0.8514999747276306","0.8514999747276306"
"23453","0.8513999581336975","0.8513999581336975","0.8513999581336975"
"23464","0.8515999913215637","0.8515999913215637","0.8515999913215637"
"23475","0.8517000079154968","0.8517000079154968","0.8517000079154968"
"23486","0.8517000079154968","0.8517000079154968","0.8517000079154968"
"23497","0.8519999980926514","0.8519999980926514","0.8519999980926514"
"23508","0.852400004863739","0.852400004863739","0.852400004863739"
"23519","0.8524999618530273","0.8524999618530273","0.8524999618530273"
"23530","0.8526999950408936","0.8526999950408936","0.8526999950408936"
"23541","0.8525999784469604","0.8525999784469604","0.8525999784469604"
"23552","0.8529999852180481","0.8529999852180481","0.8529999852180481"
"23563","0.8529999852180481","0.8529999852180481","0.8529999852180481"
"23574","0.8532999753952026","0.8532999753952026","0.8532999753952026"
"23585","0.8531999588012695","0.8531999588012695","0.8531999588012695"
"23596","0.8531999588012695","0.8531999588012695","0.8531999588012695"
"23607","0.8532999753952026","0.8532999753952026","0.8532999753952026"
"23618","0.8534999489784241","0.8534999489784241","0.8534999489784241"
"23629","0.8536999821662903","0.8536999821662903","0.8536999821662903"
"23640","0.8537999987602234","0.8537999987602234","0.8537999987602234"
"23651","0.8537999987602234","0.8537999987602234","0.8537999987602234"
"23662","0.8537999987602234","0.8537999987602234","0.8537999987602234"
"23673","0.8537999987602234","0.8537999987602234","0.8537999987602234"
"23684","0.8536999821662903","0.8536999821662903","0.8536999821662903"
"23695","0.8540999889373779","0.8540999889373779","0.8540999889373779"
"23706","0.8538999557495117","0.8538999557495117","0.8538999557495117"
"23717","0.854200005531311","0.854200005531311","0.854200005531311"
"23728","0.8544999957084656","0.8544999957084656","0.8544999957084656"
"23739","0.854699969291687","0.854699969291687","0.854699969291687"
"23750","0.854699969291687","0.854699969291687","0.854699969291687"
"23761","0.8545999526977539","0.8545999526977539","0.8545999526977539"
"23772","0.8549999594688416","0.8549999594688416","0.8549999594688416"
"23783","0.8549999594688416","0.8549999594688416","0.8549999594688416"
"23794","0.8549000024795532","0.8549000024795532","0.8549000024795532"
"23805","0.8549000024795532","0.8549000024795532","0.8549000024795532"
"23816","0.8550999760627747","0.8550999760627747","0.8550999760627747"
"23827","0.8554999828338623","0.8554999828338623","0.8554999828338623"
"23838","0.8555999994277954","0.8555999994277954","0.8555999994277954"
"23849","0.8552999496459961","0.8552999496459961","0.8552999496459961"
"23860","0.8553999662399292","0.8553999662399292","0.8553999662399292"
"23871","0.8552999496459961","0.8552999496459961","0.8552999496459961"
"23882","0.8552999496459961","0.8552999496459961","0.8552999496459961"
"23893","0.8554999828338623","0.8554999828338623","0.8554999828338623"
"23904","0.8554999828338623","0.8554999828338623","0.8554999828338623"
"23915","0.85589998960495","0.85589998960495","0.85589998960495"
"23926","0.8563999533653259","0.8563999533653259","0.8563999533653259"
"23937","0.8560000061988831","0.8560000061988831","0.8560000061988831"
"23948","0.8561999797821045","0.8561999797821045","0.8561999797821045"
"23959","0.856499969959259","0.856499969959259","0.856499969959259"
"23970","0.8565999865531921","0.8565999865531921","0.8565999865531921"
"23981","0.8567999601364136","0.8567999601364136","0.8567999601364136"
"23992","0.8567000031471252","0.8567000031471252","0.8567000031471252"
"24003","0.8567999601364136","0.8567999601364136","0.8567999601364136"
"24014","0.8569999933242798","0.8569999933242798","0.8569999933242798"
"24025","0.8572999835014343","0.8572999835014343","0.8572999835014343"
"24036","0.8572999835014343","0.8572999835014343","0.8572999835014343"
"24047","0.8574000000953674","0.8574000000953674","0.8574000000953674"
"24058","0.8574000000953674","0.8574000000953674","0.8574000000953674"
"24069","0.8578000068664551","0.8578000068664551","0.8578000068664551"
"24080","0.8579999804496765","0.8579999804496765","0.8579999804496765"
"24091","0.8580999970436096","0.8580999970436096","0.8580999970436096"
"24102","0.8585000038146973","0.8585000038146973","0.8585000038146973"
"24113","0.8583999872207642","0.8583999872207642","0.8583999872207642"
"24124","0.8588999509811401","0.8588999509811401","0.8588999509811401"
"24135","0.8583999872207642","0.8583999872207642","0.8583999872207642"
"24146","0.8587999939918518","0.8587999939918518","0.8587999939918518"
"24157","0.8586999773979187","0.8586999773979187","0.8586999773979187"
"24168","0.8588999509811401","0.8588999509811401","0.8588999509811401"
"24179","0.8592999577522278","0.8592999577522278","0.8592999577522278"
"24190","0.8592999577522278","0.8592999577522278","0.8592999577522278"
"24201","0.859499990940094","0.859499990940094","0.859499990940094"
"24212","0.8593999743461609","0.8593999743461609","0.8593999743461609"
"24223","0.8597999811172485","0.8597999811172485","0.8597999811172485"
"24234","0.85999995470047","0.85999995470047","0.85999995470047"
"24245","0.8596000075340271","0.8596000075340271","0.8596000075340271"
"24256","0.8598999977111816","0.8598999977111816","0.8598999977111816"
"24267","0.8600999712944031","0.8600999712944031","0.8600999712944031"
"24278","0.85999995470047","0.85999995470047","0.85999995470047"
"24289","0.8600999712944031","0.8600999712944031","0.8600999712944031"
"24300","0.8601999878883362","0.8601999878883362","0.8601999878883362"
"24311","0.8600999712944031","0.8600999712944031","0.8600999712944031"
"24322","0.8603000044822693","0.8603000044822693","0.8603000044822693"
"24333","0.8605999946594238","0.8605999946594238","0.8605999946594238"
"24344","0.8605999946594238","0.8605999946594238","0.8605999946594238"
"24355","0.8606999516487122","0.8606999516487122","0.8606999516487122"
"24366","0.8607999682426453","0.8607999682426453","0.8607999682426453"
"24377","0.8608999848365784","0.8608999848365784","0.8608999848365784"
"24388","0.8610999584197998","0.8610999584197998","0.8610999584197998"
"24399","0.8610000014305115","0.8610000014305115","0.8610000014305115"
"24410","0.8611999750137329","0.8611999750137329","0.8611999750137329"
"24421","0.8610999584197998","0.8610999584197998","0.8610999584197998"
"24432","0.8613999485969543","0.8613999485969543","0.8613999485969543"
"24443","0.861299991607666","0.861299991607666","0.861299991607666"
"24454","0.861299991607666","0.861299991607666","0.861299991607666"
"24465","0.8614999651908875","0.8614999651908875","0.8614999651908875"
"24476","0.8615999817848206","0.8615999817848206","0.8615999817848206"
"24487","0.861299991607666","0.861299991607666","0.861299991607666"
"24498","0.8614999651908875","0.8614999651908875","0.8614999651908875"
"24509","0.8614999651908875","0.8614999651908875","0.8614999651908875"
"24520","0.8613999485969543","0.8613999485969543","0.8613999485969543"
"24531","0.8615999817848206","0.8615999817848206","0.8615999817848206"
"24542","0.8619999885559082","0.8619999885559082","0.8619999885559082"
"24553","0.8618999719619751","0.8618999719619751","0.8618999719619751"
"24564","0.8619999885559082","0.8619999885559082","0.8619999885559082"
"24575","0.8619999885559082","0.8619999885559082","0.8619999885559082"
"24586","0.8621000051498413","0.8621000051498413","0.8621000051498413"
"24597","0.8621999621391296","0.8621999621391296","0.8621999621391296"
"24608","0.8621000051498413","0.8621000051498413","0.8621000051498413"
"24619","0.8621000051498413","0.8621000051498413","0.8621000051498413"
"24630","0.8622999787330627","0.8622999787330627","0.8622999787330627"
"24641","0.8623999953269958","0.8623999953269958","0.8623999953269958"
"24652","0.8625999689102173","0.8625999689102173","0.8625999689102173"
"24663","0.8625999689102173","0.8625999689102173","0.8625999689102173"
"24674","0.8629999756813049","0.8629999756813049","0.8629999756813049"
"24685","0.8628999590873718","0.8628999590873718","0.8628999590873718"
"24696","0.8633999824523926","0.8633999824523926","0.8633999824523926"
"24707","0.8636999726295471","0.8636999726295471","0.8636999726295471"
"24718","0.8639999628067017","0.8639999628067017","0.8639999628067017"
"24729","0.8639999628067017","0.8639999628067017","0.8639999628067017"
"24740","0.8640999794006348","0.8640999794006348","0.8640999794006348"
"24751","0.8639999628067017","0.8639999628067017","0.8639999628067017"
"24762","0.8640999794006348","0.8640999794006348","0.8640999794006348"
"24773","0.8642999529838562","0.8642999529838562","0.8642999529838562"
"24784","0.8644999861717224","0.8644999861717224","0.8644999861717224"
"24795","0.8643999695777893","0.8643999695777893","0.8643999695777893"
"24806","0.8642999529838562","0.8642999529838562","0.8642999529838562"
"24817","0.8643999695777893","0.8643999695777893","0.8643999695777893"
"24828","0.8644999861717224","0.8644999861717224","0.8644999861717224"
"24839","0.8644999861717224","0.8644999861717224","0.8644999861717224"
"24850","0.8648999929428101","0.8648999929428101","0.8648999929428101"
"24861","0.8649999499320984","0.8649999499320984","0.8649999499320984"
"24872","0.8651999831199646","0.8651999831199646","0.8651999831199646"
"24883","0.8651999831199646","0.8651999831199646","0.8651999831199646"
"24894","0.8650999665260315","0.8650999665260315","0.8650999665260315"
"24905","0.865399956703186","0.865399956703186","0.865399956703186"
"24916","0.865399956703186","0.865399956703186","0.865399956703186"
"24927","0.8652999997138977","0.8652999997138977","0.8652999997138977"
"24938","0.8654999732971191","0.8654999732971191","0.8654999732971191"
"24949","0.8652999997138977","0.8652999997138977","0.8652999997138977"
"24960","0.8655999898910522","0.8655999898910522","0.8655999898910522"
"24971","0.865399956703186","0.865399956703186","0.865399956703186"
"24982","0.8657000064849854","0.8657000064849854","0.8657000064849854"
"24993","0.8658999800682068","0.8658999800682068","0.8658999800682068"
"25004","0.8659999966621399","0.8659999966621399","0.8659999966621399"
"25015","0.8659999966621399","0.8659999966621399","0.8659999966621399"
"25026","0.8660999536514282","0.8660999536514282","0.8660999536514282"
"25037","0.8660999536514282","0.8660999536514282","0.8660999536514282"
"25048","0.8664000034332275","0.8664000034332275","0.8664000034332275"
"25059","0.8661999702453613","0.8661999702453613","0.8661999702453613"
"25070","0.8664999604225159","0.8664999604225159","0.8664999604225159"
"25081","0.8664999604225159","0.8664999604225159","0.8664999604225159"
"25092","0.866599977016449","0.866599977016449","0.866599977016449"
"25103","0.8667999505996704","0.8667999505996704","0.8667999505996704"
"25114","0.8671000003814697","0.8671000003814697","0.8671000003814697"
"25125","0.8675000071525574","0.8675000071525574","0.8675000071525574"
"25136","0.8675999641418457","0.8675999641418457","0.8675999641418457"
"25147","0.8675999641418457","0.8675999641418457","0.8675999641418457"
"25158","0.8675999641418457","0.8675999641418457","0.8675999641418457"
"25169","0.8678999543190002","0.8678999543190002","0.8678999543190002"
"25180","0.8682000041007996","0.8682000041007996","0.8682000041007996"
"25191","0.868399977684021","0.868399977684021","0.868399977684021"
"25202","0.8682000041007996","0.8682000041007996","0.8682000041007996"
"25213","0.8684999942779541","0.8684999942779541","0.8684999942779541"
"25224","0.8686999678611755","0.8686999678611755","0.8686999678611755"
"25235","0.8682999610900879","0.8682999610900879","0.8682999610900879"
"25246","0.8685999512672424","0.8685999512672424","0.8685999512672424"
"25257","0.8687999844551086","0.8687999844551086","0.8687999844551086"
"25268","0.8686999678611755","0.8686999678611755","0.8686999678611755"
"25279","0.8687999844551086","0.8687999844551086","0.8687999844551086"
"25290","0.8693999648094177","0.8693999648094177","0.8693999648094177"
"25301","0.8695999979972839","0.8695999979972839","0.8695999979972839"
"25312","0.8694999814033508","0.8694999814033508","0.8694999814033508"
"25323","0.8693999648094177","0.8693999648094177","0.8693999648094177"
"25334","0.8698999881744385","0.8698999881744385","0.8698999881744385"
"25345","0.8702999949455261","0.8702999949455261","0.8702999949455261"
"25356","0.8703999519348145","0.8703999519348145","0.8703999519348145"
"25367","0.8704999685287476","0.8704999685287476","0.8704999685287476"
"25378","0.8707999587059021","0.8707999587059021","0.8707999587059021"
"25389","0.8709999918937683","0.8709999918937683","0.8709999918937683"
"25400","0.8708999752998352","0.8708999752998352","0.8708999752998352"
"25411","0.8714999556541443","0.8714999556541443","0.8714999556541443"
"25422","0.8718999624252319","0.8718999624252319","0.8718999624252319"
"25433","0.8720999956130981","0.8720999956130981","0.8720999956130981"
"25444","0.8721999526023865","0.8721999526023865","0.8721999526023865"
"25455","0.8720999956130981","0.8720999956130981","0.8720999956130981"
"25466","0.8723999857902527","0.8723999857902527","0.8723999857902527"
"25477","0.8725000023841858","0.8725000023841858","0.8725000023841858"
"25488","0.8727999925613403","0.8727999925613403","0.8727999925613403"
"25499","0.8728999495506287","0.8728999495506287","0.8728999495506287"
"25510","0.8727999925613403","0.8727999925613403","0.8727999925613403"
"25521","0.8728999495506287","0.8728999495506287","0.8728999495506287"
"25532","0.8729999661445618","0.8729999661445618","0.8729999661445618"
"25543","0.8732999563217163","0.8732999563217163","0.8732999563217163"
"25554","0.8732999563217163","0.8732999563217163","0.8732999563217163"
"25565","0.873199999332428","0.873199999332428","0.873199999332428"
"25576","0.8732999563217163","0.8732999563217163","0.8732999563217163"
"25587","0.873199999332428","0.873199999332428","0.873199999332428"
"25598","0.8733999729156494","0.8733999729156494","0.8733999729156494"
"25609","0.873699963092804","0.873699963092804","0.873699963092804"
"25620","0.8738999962806702","0.8738999962806702","0.8738999962806702"
"25631","0.8738999962806702","0.8738999962806702","0.8738999962806702"
"25642","0.8737999796867371","0.8737999796867371","0.8737999796867371"
"25653","0.8738999962806702","0.8738999962806702","0.8738999962806702"
"25664","0.8739999532699585","0.8739999532699585","0.8739999532699585"
"25675","0.8739999532699585","0.8739999532699585","0.8739999532699585"
"25686","0.8737999796867371","0.8737999796867371","0.8737999796867371"
"25697","0.8738999962806702","0.8738999962806702","0.8738999962806702"
"25708","0.8738999962806702","0.8738999962806702","0.8738999962806702"
"25719","0.8743000030517578","0.8743000030517578","0.8743000030517578"
"25730","0.8745999932289124","0.8745999932289124","0.8745999932289124"
"25741","0.8745999932289124","0.8745999932289124","0.8745999932289124"
"25752","0.8744999766349792","0.8744999766349792","0.8744999766349792"
"25763","0.8745999932289124","0.8745999932289124","0.8745999932289124"
"25774","0.8743000030517578","0.8743000030517578","0.8743000030517578"
"25785","0.8747999668121338","0.8747999668121338","0.8747999668121338"
"25796","0.875","0.875","0.875"
"25807","0.8747999668121338","0.8747999668121338","0.8747999668121338"
"25818","0.8747999668121338","0.8747999668121338","0.8747999668121338"
"25829","0.8747999668121338","0.8747999668121338","0.8747999668121338"
"25840","0.8750999569892883","0.8750999569892883","0.8750999569892883"
"25851","0.8754000067710876","0.8754000067710876","0.8754000067710876"
"25862","0.875499963760376","0.875499963760376","0.875499963760376"
"25873","0.8755999803543091","0.8755999803543091","0.8755999803543091"
"25884","0.8756999969482422","0.8756999969482422","0.8756999969482422"
"25895","0.8759999871253967","0.8759999871253967","0.8759999871253967"
"25906","0.8757999539375305","0.8757999539375305","0.8757999539375305"
"25917","0.8758999705314636","0.8758999705314636","0.8758999705314636"
"25928","0.8757999539375305","0.8757999539375305","0.8757999539375305"
"25939","0.8761999607086182","0.8761999607086182","0.8761999607086182"
"25950","0.8761999607086182","0.8761999607086182","0.8761999607086182"
"25961","0.8761999607086182","0.8761999607086182","0.8761999607086182"
"25972","0.8764999508857727","0.8764999508857727","0.8764999508857727"
"25983","0.8764999508857727","0.8764999508857727","0.8764999508857727"
"25994","0.8763999938964844","0.8763999938964844","0.8763999938964844"
"26005","0.8766999840736389","0.8766999840736389","0.8766999840736389"
"26016","0.8766999840736389","0.8766999840736389","0.8766999840736389"
"26027","0.8766999840736389","0.8766999840736389","0.8766999840736389"
"26038","0.8764999508857727","0.8764999508857727","0.8764999508857727"
"26049","0.8768999576568604","0.8768999576568604","0.8768999576568604"
"26060","0.8772000074386597","0.8772000074386597","0.8772000074386597"
"26071","0.8773999810218811","0.8773999810218811","0.8773999810218811"
"26082","0.8773999810218811","0.8773999810218811","0.8773999810218811"
"26093","0.8773999810218811","0.8773999810218811","0.8773999810218811"
"26104","0.8775999546051025","0.8775999546051025","0.8775999546051025"
"26115","0.8777999877929688","0.8777999877929688","0.8777999877929688"
"26126","0.8775999546051025","0.8775999546051025","0.8775999546051025"
"26137","0.8775999546051025","0.8775999546051025","0.8775999546051025"
"26148","0.8774999976158142","0.8774999976158142","0.8774999976158142"
"26159","0.8776999711990356","0.8776999711990356","0.8776999711990356"
"26170","0.8779000043869019","0.8779000043869019","0.8779000043869019"
"26181","0.8779999613761902","0.8779999613761902","0.8779999613761902"
"26192","0.8780999779701233","0.8780999779701233","0.8780999779701233"
"26203","0.8779000043869019","0.8779000043869019","0.8779000043869019"
"26214","0.8779000043869019","0.8779000043869019","0.8779000043869019"
"26225","0.8779999613761902","0.8779999613761902","0.8779999613761902"
"26236","0.8781999945640564","0.8781999945640564","0.8781999945640564"
"26247","0.8783999681472778","0.8783999681472778","0.8783999681472778"
"26258","0.8781999945640564","0.8781999945640564","0.8781999945640564"
"26269","0.8784999847412109","0.8784999847412109","0.8784999847412109"
"26280","0.8784999847412109","0.8784999847412109","0.8784999847412109"
"26291","0.878600001335144","0.878600001335144","0.878600001335144"
"26302","0.8787999749183655","0.8787999749183655","0.8787999749183655"
"26313","0.8789999485015869","0.8789999485015869","0.8789999485015869"
"26324","0.8789999485015869","0.8789999485015869","0.8789999485015869"
"26335","0.8789999485015869","0.8789999485015869","0.8789999485015869"
"26346","0.8788999915122986","0.8788999915122986","0.8788999915122986"
"26357","0.8789999485015869","0.8789999485015869","0.8789999485015869"
"26368","0.8788999915122986","0.8788999915122986","0.8788999915122986"
"26379","0.8791999816894531","0.8791999816894531","0.8791999816894531"
"26390","0.8795999884605408","0.8795999884605408","0.8795999884605408"
"26401","0.8792999982833862","0.8792999982833862","0.8792999982833862"
"26412","0.8795999884605408","0.8795999884605408","0.8795999884605408"
"26423","0.8793999552726746","0.8793999552726746","0.8793999552726746"
"26434","0.8799999952316284","0.8799999952316284","0.8799999952316284"
"26445","0.8799999952316284","0.8799999952316284","0.8799999952316284"
"26456","0.8801999688148499","0.8801999688148499","0.8801999688148499"
"26467","0.8801999688148499","0.8801999688148499","0.8801999688148499"
"26478","0.8801999688148499","0.8801999688148499","0.8801999688148499"
"26489","0.8804000020027161","0.8804000020027161","0.8804000020027161"
"26500","0.8805999755859375","0.8805999755859375","0.8805999755859375"
"26511","0.8804999589920044","0.8804999589920044","0.8804999589920044"
"26522","0.8804999589920044","0.8804999589920044","0.8804999589920044"
"26533","0.8806999921798706","0.8806999921798706","0.8806999921798706"
"26544","0.8809999823570251","0.8809999823570251","0.8809999823570251"
"26555","0.8809999823570251","0.8809999823570251","0.8809999823570251"
"26566","0.8810999989509583","0.8810999989509583","0.8810999989509583"
"26577","0.8811999559402466","0.8811999559402466","0.8811999559402466"
"26588","0.8810999989509583","0.8810999989509583","0.8810999989509583"
"26599","0.880899965763092","0.880899965763092","0.880899965763092"
"26610","0.8811999559402466","0.8811999559402466","0.8811999559402466"
"26621","0.8810999989509583","0.8810999989509583","0.8810999989509583"
"26632","0.8812999725341797","0.8812999725341797","0.8812999725341797"
"26643","0.8811999559402466","0.8811999559402466","0.8811999559402466"
"26654","0.8813999891281128","0.8813999891281128","0.8813999891281128"
"26665","0.8816999793052673","0.8816999793052673","0.8816999793052673"
"26676","0.8816999793052673","0.8816999793052673","0.8816999793052673"
"26687","0.882099986076355","0.882099986076355","0.882099986076355"
"26698","0.8818999528884888","0.8818999528884888","0.8818999528884888"
"26709","0.8819999694824219","0.8819999694824219","0.8819999694824219"
"26720","0.8818999528884888","0.8818999528884888","0.8818999528884888"
"26731","0.882099986076355","0.882099986076355","0.882099986076355"
"26742","0.8822999596595764","0.8822999596595764","0.8822999596595764"
"26753","0.8823999762535095","0.8823999762535095","0.8823999762535095"
"26764","0.8824999928474426","0.8824999928474426","0.8824999928474426"
"26775","0.8826999664306641","0.8826999664306641","0.8826999664306641"
"26786","0.8826999664306641","0.8826999664306641","0.8826999664306641"
"26797","0.8827999830245972","0.8827999830245972","0.8827999830245972"
"26808","0.882599949836731","0.882599949836731","0.882599949836731"
"26819","0.8828999996185303","0.8828999996185303","0.8828999996185303"
"26830","0.8830999732017517","0.8830999732017517","0.8830999732017517"
"26841","0.8831999897956848","0.8831999897956848","0.8831999897956848"
"26852","0.8833999633789062","0.8833999633789062","0.8833999633789062"
"26863","0.8833000063896179","0.8833000063896179","0.8833000063896179"
"26874","0.8833999633789062","0.8833999633789062","0.8833999633789062"
"26885","0.8837999701499939","0.8837999701499939","0.8837999701499939"
"26896","0.884399950504303","0.884399950504303","0.884399950504303"
"26907","0.8841999769210815","0.8841999769210815","0.8841999769210815"
"26918","0.8842999935150146","0.8842999935150146","0.8842999935150146"
"26929","0.8842999935150146","0.8842999935150146","0.8842999935150146"
"26940","0.8844999670982361","0.8844999670982361","0.8844999670982361"
"26951","0.884399950504303","0.884399950504303","0.884399950504303"
"26962","0.8842999935150146","0.8842999935150146","0.8842999935150146"
"26973","0.8847000002861023","0.8847000002861023","0.8847000002861023"
"26984","0.8851999640464783","0.8851999640464783","0.8851999640464783"
"26995","0.8853999972343445","0.8853999972343445","0.8853999972343445"
"27006","0.8855999708175659","0.8855999708175659","0.8855999708175659"
"27017","0.8854999542236328","0.8854999542236328","0.8854999542236328"
"27028","0.8855999708175659","0.8855999708175659","0.8855999708175659"
"27039","0.885699987411499","0.885699987411499","0.885699987411499"
"27050","0.885699987411499","0.885699987411499","0.885699987411499"
"27061","0.8855999708175659","0.8855999708175659","0.8855999708175659"
"27072","0.885699987411499","0.885699987411499","0.885699987411499"
"27083","0.8859999775886536","0.8859999775886536","0.8859999775886536"
"27094","0.8859999775886536","0.8859999775886536","0.8859999775886536"
"27105","0.886199951171875","0.886199951171875","0.886199951171875"
"27116","0.8862999677658081","0.8862999677658081","0.8862999677658081"
"27127","0.8863999843597412","0.8863999843597412","0.8863999843597412"
"27138","0.8862999677658081","0.8862999677658081","0.8862999677658081"
"27149","0.8863999843597412","0.8863999843597412","0.8863999843597412"
"27160","0.8865999579429626","0.8865999579429626","0.8865999579429626"
"27171","0.8865999579429626","0.8865999579429626","0.8865999579429626"
"27182","0.8866999745368958","0.8866999745368958","0.8866999745368958"
"27193","0.8868999481201172","0.8868999481201172","0.8868999481201172"
"27204","0.8869999647140503","0.8869999647140503","0.8869999647140503"
"27215","0.8872999548912048","0.8872999548912048","0.8872999548912048"
"27226","0.887499988079071","0.887499988079071","0.887499988079071"
"27237","0.8876000046730042","0.8876000046730042","0.8876000046730042"
"27248","0.8877999782562256","0.8877999782562256","0.8877999782562256"
"27259","0.8876000046730042","0.8876000046730042","0.8876000046730042"
"27270","0.887999951839447","0.887999951839447","0.887999951839447"
"27281","0.887999951839447","0.887999951839447","0.887999951839447"
"27292","0.8878999948501587","0.8878999948501587","0.8878999948501587"
"27303","0.8880999684333801","0.8880999684333801","0.8880999684333801"
"27314","0.8883000016212463","0.8883000016212463","0.8883000016212463"
"27325","0.8883000016212463","0.8883000016212463","0.8883000016212463"
"27336","0.8883000016212463","0.8883000016212463","0.8883000016212463"
"27347","0.8883999586105347","0.8883999586105347","0.8883999586105347"
"27358","0.8883000016212463","0.8883000016212463","0.8883000016212463"
"27369","0.8888999819755554","0.8888999819755554","0.8888999819755554"
"27380","0.8889999985694885","0.8889999985694885","0.8889999985694885"
"27391","0.8889999985694885","0.8889999985694885","0.8889999985694885"
"27402","0.88919997215271","0.88919997215271","0.88919997215271"
"27413","0.8894999623298645","0.8894999623298645","0.8894999623298645"
"27424","0.8895999789237976","0.8895999789237976","0.8895999789237976"
"27435","0.8895999789237976","0.8895999789237976","0.8895999789237976"
"27446","0.8895999789237976","0.8895999789237976","0.8895999789237976"
"27457","0.8895999789237976","0.8895999789237976","0.8895999789237976"
"27468","0.8898999691009521","0.8898999691009521","0.8898999691009521"
"27479","0.8898999691009521","0.8898999691009521","0.8898999691009521"
"27490","0.8901999592781067","0.8901999592781067","0.8901999592781067"
"27501","0.8901999592781067","0.8901999592781067","0.8901999592781067"
"27512","0.8902999758720398","0.8902999758720398","0.8902999758720398"
"27523","0.8904999494552612","0.8904999494552612","0.8904999494552612"
"27534","0.8906999826431274","0.8906999826431274","0.8906999826431274"
"27545","0.8908999562263489","0.8908999562263489","0.8908999562263489"
"27556","0.890999972820282","0.890999972820282","0.890999972820282"
"27567","0.890999972820282","0.890999972820282","0.890999972820282"
"27578","0.890999972820282","0.890999972820282","0.890999972820282"
"27589","0.8910999894142151","0.8910999894142151","0.8910999894142151"
"27600","0.8912000060081482","0.8912000060081482","0.8912000060081482"
"27611","0.8913999795913696","0.8913999795913696","0.8913999795913696"
"27622","0.8913999795913696","0.8913999795913696","0.8913999795913696"
"27633","0.8917999863624573","0.8917999863624573","0.8917999863624573"
"27644","0.8916999697685242","0.8916999697685242","0.8916999697685242"
"27655","0.8920999765396118","0.8920999765396118","0.8920999765396118"
"27666","0.8919999599456787","0.8919999599456787","0.8919999599456787"
"27677","0.8920999765396118","0.8920999765396118","0.8920999765396118"
"27688","0.8919999599456787","0.8919999599456787","0.8919999599456787"
"27699","0.8920999765396118","0.8920999765396118","0.8920999765396118"
"27710","0.8922999501228333","0.8922999501228333","0.8922999501228333"
"27721","0.8924999833106995","0.8924999833106995","0.8924999833106995"
"27732","0.8925999999046326","0.8925999999046326","0.8925999999046326"
"27743","0.8925999999046326","0.8925999999046326","0.8925999999046326"
"27754","0.8925999999046326","0.8925999999046326","0.8925999999046326"
"27765","0.8926999568939209","0.8926999568939209","0.8926999568939209"
"27776","0.8926999568939209","0.8926999568939209","0.8926999568939209"
"27787","0.892799973487854","0.892799973487854","0.892799973487854"
"27798","0.8930000066757202","0.8930000066757202","0.8930000066757202"
"27809","0.8930000066757202","0.8930000066757202","0.8930000066757202"
"27820","0.8933999538421631","0.8933999538421631","0.8933999538421631"
"27831","0.8935999870300293","0.8935999870300293","0.8935999870300293"
"27842","0.8935999870300293","0.8935999870300293","0.8935999870300293"
"27853","0.8934999704360962","0.8934999704360962","0.8934999704360962"
"27864","0.8937999606132507","0.8937999606132507","0.8937999606132507"
"27875","0.8938999772071838","0.8938999772071838","0.8938999772071838"
"27886","0.8938999772071838","0.8938999772071838","0.8938999772071838"
"27897","0.8939999938011169","0.8939999938011169","0.8939999938011169"
"27908","0.8940999507904053","0.8940999507904053","0.8940999507904053"
"27919","0.8941999673843384","0.8941999673843384","0.8941999673843384"
"27930","0.8941999673843384","0.8941999673843384","0.8941999673843384"
"27941","0.8941999673843384","0.8941999673843384","0.8941999673843384"
"27952","0.8942999839782715","0.8942999839782715","0.8942999839782715"
"27963","0.8944000005722046","0.8944000005722046","0.8944000005722046"
"27974","0.8944999575614929","0.8944999575614929","0.8944999575614929"
"27985","0.8946999907493591","0.8946999907493591","0.8946999907493591"
"27996","0.8948999643325806","0.8948999643325806","0.8948999643325806"
"28007","0.8949999809265137","0.8949999809265137","0.8949999809265137"
"28018","0.8951999545097351","0.8951999545097351","0.8951999545097351"
"28029","0.8953999876976013","0.8953999876976013","0.8953999876976013"
"28040","0.8956999778747559","0.8956999778747559","0.8956999778747559"
"28051","0.8955999612808228","0.8955999612808228","0.8955999612808228"
"28062","0.8955000042915344","0.8955000042915344","0.8955000042915344"
"28073","0.8959999680519104","0.8959999680519104","0.8959999680519104"
"28084","0.8959999680519104","0.8959999680519104","0.8959999680519104"
"28095","0.8959999680519104","0.8959999680519104","0.8959999680519104"
"28106","0.8960999846458435","0.8960999846458435","0.8960999846458435"
"28117","0.8959999680519104","0.8959999680519104","0.8959999680519104"
"28128","0.8962000012397766","0.8962000012397766","0.8962000012397766"
"28139","0.896399974822998","0.896399974822998","0.896399974822998"
"28150","0.8965999484062195","0.8965999484062195","0.8965999484062195"
"28161","0.8964999914169312","0.8964999914169312","0.8964999914169312"
"28172","0.896399974822998","0.896399974822998","0.896399974822998"
"28183","0.8966999650001526","0.8966999650001526","0.8966999650001526"
"28194","0.8962999582290649","0.8962999582290649","0.8962999582290649"
"28205","0.8966999650001526","0.8966999650001526","0.8966999650001526"
"28216","0.8965999484062195","0.8965999484062195","0.8965999484062195"
"28227","0.8967999815940857","0.8967999815940857","0.8967999815940857"
"28238","0.8968999981880188","0.8968999981880188","0.8968999981880188"
"28249","0.8969999551773071","0.8969999551773071","0.8969999551773071"
"28260","0.8970999717712402","0.8970999717712402","0.8970999717712402"
"28271","0.8968999981880188","0.8968999981880188","0.8968999981880188"
"28282","0.8969999551773071","0.8969999551773071","0.8969999551773071"
"28293","0.8971999883651733","0.8971999883651733","0.8971999883651733"
"28304","0.8973000049591064","0.8973000049591064","0.8973000049591064"
"28315","0.8973999619483948","0.8973999619483948","0.8973999619483948"
"28326","0.8971999883651733","0.8971999883651733","0.8971999883651733"
"28337","0.8974999785423279","0.8974999785423279","0.8974999785423279"
"28348","0.8974999785423279","0.8974999785423279","0.8974999785423279"
"28359","0.897599995136261","0.897599995136261","0.897599995136261"
"28370","0.8977999687194824","0.8977999687194824","0.8977999687194824"
"28381","0.8978999853134155","0.8978999853134155","0.8978999853134155"
"28392","0.8978999853134155","0.8978999853134155","0.8978999853134155"
"28403","0.898099958896637","0.898099958896637","0.898099958896637"
"28414","0.8982999920845032","0.8982999920845032","0.8982999920845032"
"28425","0.8982999920845032","0.8982999920845032","0.8982999920845032"
"28436","0.8980000019073486","0.8980000019073486","0.8980000019073486"
"28447","0.8981999754905701","0.8981999754905701","0.8981999754905701"
"28458","0.8983999490737915","0.8983999490737915","0.8983999490737915"
"28469","0.8983999490737915","0.8983999490737915","0.8983999490737915"
"28480","0.8983999490737915","0.8983999490737915","0.8983999490737915"
"28491","0.8984999656677246","0.8984999656677246","0.8984999656677246"
"28502","0.8984999656677246","0.8984999656677246","0.8984999656677246"
"28513","0.8986999988555908","0.8986999988555908","0.8986999988555908"
"28524","0.8986999988555908","0.8986999988555908","0.8986999988555908"
"28535","0.8986999988555908","0.8986999988555908","0.8986999988555908"
"28546","0.8986999988555908","0.8986999988555908","0.8986999988555908"
"28557","0.8986999988555908","0.8986999988555908","0.8986999988555908"
"28568","0.8988999724388123","0.8988999724388123","0.8988999724388123"
"28579","0.8991000056266785","0.8991000056266785","0.8991000056266785"
"28590","0.8988999724388123","0.8988999724388123","0.8988999724388123"
"28601","0.8988999724388123","0.8988999724388123","0.8988999724388123"
"28612","0.8988999724388123","0.8988999724388123","0.8988999724388123"
"28623","0.8988999724388123","0.8988999724388123","0.8988999724388123"
"28634","0.8991999626159668","0.8991999626159668","0.8991999626159668"
"28645","0.8992999792098999","0.8992999792098999","0.8992999792098999"
"28656","0.8992999792098999","0.8992999792098999","0.8992999792098999"
"28667","0.8992999792098999","0.8992999792098999","0.8992999792098999"
"28678","0.8992999792098999","0.8992999792098999","0.8992999792098999"
"28689","0.8996999859809875","0.8996999859809875","0.8996999859809875"
"28700","0.8994999527931213","0.8994999527931213","0.8994999527931213"
"28711","0.8996999859809875","0.8996999859809875","0.8996999859809875"
"28722","0.8998000025749207","0.8998000025749207","0.8998000025749207"
"28733","0.9000999927520752","0.9000999927520752","0.9000999927520752"
"28744","0.9001999497413635","0.9001999497413635","0.9001999497413635"
"28755","0.9001999497413635","0.9001999497413635","0.9001999497413635"
"28766","0.9003999829292297","0.9003999829292297","0.9003999829292297"
"28777","0.9002999663352966","0.9002999663352966","0.9002999663352966"
"28788","0.9004999995231628","0.9004999995231628","0.9004999995231628"
"28799","0.9003999829292297","0.9003999829292297","0.9003999829292297"
"28810","0.9003999829292297","0.9003999829292297","0.9003999829292297"
"28821","0.9003999829292297","0.9003999829292297","0.9003999829292297"
"28832","0.9004999995231628","0.9004999995231628","0.9004999995231628"
"28843","0.9004999995231628","0.9004999995231628","0.9004999995231628"
"28854","0.9004999995231628","0.9004999995231628","0.9004999995231628"
"28865","0.9003999829292297","0.9003999829292297","0.9003999829292297"
"28876","0.9005999565124512","0.9005999565124512","0.9005999565124512"
"28887","0.9006999731063843","0.9006999731063843","0.9006999731063843"
"28898","0.9006999731063843","0.9006999731063843","0.9006999731063843"
"28909","0.9009999632835388","0.9009999632835388","0.9009999632835388"
"28920","0.9010999798774719","0.9010999798774719","0.9010999798774719"
"28931","0.9010999798774719","0.9010999798774719","0.9010999798774719"
"28942","0.901199996471405","0.901199996471405","0.901199996471405"
"28953","0.901199996471405","0.901199996471405","0.901199996471405"
"28964","0.9013999700546265","0.9013999700546265","0.9013999700546265"
"28975","0.9013999700546265","0.9013999700546265","0.9013999700546265"
"28986","0.9014999866485596","0.9014999866485596","0.9014999866485596"
"28997","0.901699960231781","0.901699960231781","0.901699960231781"
"29008","0.9016000032424927","0.9016000032424927","0.9016000032424927"
"29019","0.9017999768257141","0.9017999768257141","0.9017999768257141"
"29030","0.9021999835968018","0.9021999835968018","0.9021999835968018"
"29041","0.9021999835968018","0.9021999835968018","0.9021999835968018"
"29052","0.9021999835968018","0.9021999835968018","0.9021999835968018"
"29063","0.9023999571800232","0.9023999571800232","0.9023999571800232"
"29074","0.9024999737739563","0.9024999737739563","0.9024999737739563"
"29085","0.9027999639511108","0.9027999639511108","0.9027999639511108"
"29096","0.9027999639511108","0.9027999639511108","0.9027999639511108"
"29107","0.902999997138977","0.902999997138977","0.902999997138977"
"29118","0.9030999541282654","0.9030999541282654","0.9030999541282654"
"29129","0.9030999541282654","0.9030999541282654","0.9030999541282654"
"29140","0.9030999541282654","0.9030999541282654","0.9030999541282654"
"29151","0.9032999873161316","0.9032999873161316","0.9032999873161316"
"29162","0.9032999873161316","0.9032999873161316","0.9032999873161316"
"29173","0.903499960899353","0.903499960899353","0.903499960899353"
"29184","0.9035999774932861","0.9035999774932861","0.9035999774932861"
"29195","0.9038999676704407","0.9038999676704407","0.9038999676704407"
"29206","0.9039999842643738","0.9039999842643738","0.9039999842643738"
"29217","0.9036999940872192","0.9036999940872192","0.9036999940872192"
"29228","0.9037999510765076","0.9037999510765076","0.9037999510765076"
"29239","0.9039999842643738","0.9039999842643738","0.9039999842643738"
"29250","0.9042999744415283","0.9042999744415283","0.9042999744415283"
"29261","0.9041000008583069","0.9041000008583069","0.9041000008583069"
"29272","0.9041000008583069","0.9041000008583069","0.9041000008583069"
"29283","0.9039999842643738","0.9039999842643738","0.9039999842643738"
"29294","0.9037999510765076","0.9037999510765076","0.9037999510765076"
"29305","0.9041000008583069","0.9041000008583069","0.9041000008583069"
"29316","0.9042999744415283","0.9042999744415283","0.9042999744415283"
"29327","0.9042999744415283","0.9042999744415283","0.9042999744415283"
"29338","0.9042999744415283","0.9042999744415283","0.9042999744415283"
"29349","0.9045999646186829","0.9045999646186829","0.9045999646186829"
"29360","0.9048999547958374","0.9048999547958374","0.9048999547958374"
"29371","0.9047999978065491","0.9047999978065491","0.9047999978065491"
"29382","0.9049999713897705","0.9049999713897705","0.9049999713897705"
"29393","0.9047999978065491","0.9047999978065491","0.9047999978065491"
"29404","0.9048999547958374","0.9048999547958374","0.9048999547958374"
"29415","0.9049999713897705","0.9049999713897705","0.9049999713897705"
"29426","0.9052000045776367","0.9052000045776367","0.9052000045776367"
"29437","0.9049999713897705","0.9049999713897705","0.9049999713897705"
"29448","0.9052000045776367","0.9052000045776367","0.9052000045776367"
"29459","0.9050999879837036","0.9050999879837036","0.9050999879837036"
"29470","0.9049999713897705","0.9049999713897705","0.9049999713897705"
"29481","0.9049999713897705","0.9049999713897705","0.9049999713897705"
"29492","0.9052000045776367","0.9052000045776367","0.9052000045776367"
"29503","0.9054999947547913","0.9054999947547913","0.9054999947547913"
"29514","0.9053999781608582","0.9053999781608582","0.9053999781608582"
"29525","0.9055999517440796","0.9055999517440796","0.9055999517440796"
"29536","0.9054999947547913","0.9054999947547913","0.9054999947547913"
"29547","0.9056999683380127","0.9056999683380127","0.9056999683380127"
"29558","0.9059000015258789","0.9059000015258789","0.9059000015258789"
"29569","0.9059000015258789","0.9059000015258789","0.9059000015258789"
"29580","0.9060999751091003","0.9060999751091003","0.9060999751091003"
"29591","0.9062999486923218","0.9062999486923218","0.9062999486923218"
"29602","0.9062999486923218","0.9062999486923218","0.9062999486923218"
"29613","0.9063999652862549","0.9063999652862549","0.9063999652862549"
"29624","0.9062999486923218","0.9062999486923218","0.9062999486923218"
"29635","0.9063999652862549","0.9063999652862549","0.9063999652862549"
"29646","0.9065999984741211","0.9065999984741211","0.9065999984741211"
"29657","0.9070000052452087","0.9070000052452087","0.9070000052452087"
"29668","0.9070000052452087","0.9070000052452087","0.9070000052452087"
"29679","0.9071999788284302","0.9071999788284302","0.9071999788284302"
"29690","0.9070999622344971","0.9070999622344971","0.9070999622344971"
"29701","0.9070000052452087","0.9070000052452087","0.9070000052452087"
"29712","0.9070999622344971","0.9070999622344971","0.9070999622344971"
"29723","0.9072999954223633","0.9072999954223633","0.9072999954223633"
"29734","0.9072999954223633","0.9072999954223633","0.9072999954223633"
"29745","0.9071999788284302","0.9071999788284302","0.9071999788284302"
"29756","0.9074999690055847","0.9074999690055847","0.9074999690055847"
"29767","0.9074999690055847","0.9074999690055847","0.9074999690055847"
"29778","0.9073999524116516","0.9073999524116516","0.9073999524116516"
"29789","0.9074999690055847","0.9074999690055847","0.9074999690055847"
"29800","0.9077000021934509","0.9077000021934509","0.9077000021934509"
"29811","0.9078999757766724","0.9078999757766724","0.9078999757766724"
"29822","0.9079999923706055","0.9079999923706055","0.9079999923706055"
"29833","0.9081999659538269","0.9081999659538269","0.9081999659538269"
"29844","0.9080999493598938","0.9080999493598938","0.9080999493598938"
"29855","0.9084999561309814","0.9084999561309814","0.9084999561309814"
"29866","0.9084999561309814","0.9084999561309814","0.9084999561309814"
"29877","0.9084999561309814","0.9084999561309814","0.9084999561309814"
"29888","0.9088999629020691","0.9088999629020691","0.9088999629020691"
"29899","0.9089999794960022","0.9089999794960022","0.9089999794960022"
"29910","0.9089999794960022","0.9089999794960022","0.9089999794960022"
"29921","0.9090999960899353","0.9090999960899353","0.9090999960899353"
"29932","0.9089999794960022","0.9089999794960022","0.9089999794960022"
"29943","0.9090999960899353","0.9090999960899353","0.9090999960899353"
"29954","0.9092999696731567","0.9092999696731567","0.9092999696731567"
"29965","0.9092999696731567","0.9092999696731567","0.9092999696731567"
"29976","0.9090999960899353","0.9090999960899353","0.9090999960899353"
"29987","0.9091999530792236","0.9091999530792236","0.9091999530792236"
"29998","0.9090999960899353","0.9090999960899353","0.9090999960899353"
"30009","0.9091999530792236","0.9091999530792236","0.9091999530792236"
"30020","0.9092999696731567","0.9092999696731567","0.9092999696731567"
"30031","0.909500002861023","0.909500002861023","0.909500002861023"
"30042","0.9096999764442444","0.9096999764442444","0.9096999764442444"
"30053","0.9097999930381775","0.9097999930381775","0.9097999930381775"
"30064","0.9097999930381775","0.9097999930381775","0.9097999930381775"
"30075","0.9096999764442444","0.9096999764442444","0.9096999764442444"
"30086","0.9098999500274658","0.9098999500274658","0.9098999500274658"
"30097","0.9099999666213989","0.9099999666213989","0.9099999666213989"
"30108","0.9098999500274658","0.9098999500274658","0.9098999500274658"
"30119","0.910099983215332","0.910099983215332","0.910099983215332"
"30130","0.9098999500274658","0.9098999500274658","0.9098999500274658"
"30141","0.9102999567985535","0.9102999567985535","0.9102999567985535"
"30152","0.910099983215332","0.910099983215332","0.910099983215332"
"30163","0.910099983215332","0.910099983215332","0.910099983215332"
"30174","0.9101999998092651","0.9101999998092651","0.9101999998092651"
"30185","0.9101999998092651","0.9101999998092651","0.9101999998092651"
"30196","0.9104999899864197","0.9104999899864197","0.9104999899864197"
"30207","0.9106000065803528","0.9106000065803528","0.9106000065803528"
"30218","0.9104999899864197","0.9104999899864197","0.9104999899864197"
"30229","0.9104999899864197","0.9104999899864197","0.9104999899864197"
"30240","0.9103999733924866","0.9103999733924866","0.9103999733924866"
"30251","0.9103999733924866","0.9103999733924866","0.9103999733924866"
"30262","0.9106000065803528","0.9106000065803528","0.9106000065803528"
"30273","0.9104999899864197","0.9104999899864197","0.9104999899864197"
"30284","0.9106999635696411","0.9106999635696411","0.9106999635696411"
"30295","0.9107999801635742","0.9107999801635742","0.9107999801635742"
"30306","0.9109999537467957","0.9109999537467957","0.9109999537467957"
"30317","0.9106999635696411","0.9106999635696411","0.9106999635696411"
"30328","0.9110999703407288","0.9110999703407288","0.9110999703407288"
"30339","0.9108999967575073","0.9108999967575073","0.9108999967575073"
"30350","0.9109999537467957","0.9109999537467957","0.9109999537467957"
"30361","0.9110999703407288","0.9110999703407288","0.9110999703407288"
"30372","0.9109999537467957","0.9109999537467957","0.9109999537467957"
"30383","0.9111999869346619","0.9111999869346619","0.9111999869346619"
"30394","0.9110999703407288","0.9110999703407288","0.9110999703407288"
"30405","0.9110999703407288","0.9110999703407288","0.9110999703407288"
"30416","0.9114999771118164","0.9114999771118164","0.9114999771118164"
"30427","0.911799967288971","0.911799967288971","0.911799967288971"
"30438","0.911799967288971","0.911799967288971","0.911799967288971"
"30449","0.9120000004768372","0.9120000004768372","0.9120000004768372"
"30460","0.9120000004768372","0.9120000004768372","0.9120000004768372"
"30471","0.911799967288971","0.911799967288971","0.911799967288971"
"30482","0.9120999574661255","0.9120999574661255","0.9120999574661255"
"30493","0.9120999574661255","0.9120999574661255","0.9120999574661255"
"30504","0.9120999574661255","0.9120999574661255","0.9120999574661255"
"30515","0.91239994764328","0.91239994764328","0.91239994764328"
"30526","0.91239994764328","0.91239994764328","0.91239994764328"
"30537","0.9125999808311462","0.9125999808311462","0.9125999808311462"
"30548","0.9124999642372131","0.9124999642372131","0.9124999642372131"
"30559","0.91239994764328","0.91239994764328","0.91239994764328"
"30570","0.9125999808311462","0.9125999808311462","0.9125999808311462"
"30581","0.9127999544143677","0.9127999544143677","0.9127999544143677"
"30592","0.9128999710083008","0.9128999710083008","0.9128999710083008"
"30603","0.913100004196167","0.913100004196167","0.913100004196167"
"30614","0.913100004196167","0.913100004196167","0.913100004196167"
"30625","0.9136999845504761","0.9136999845504761","0.9136999845504761"
"30636","0.9138999581336975","0.9138999581336975","0.9138999581336975"
"30647","0.9140999913215637","0.9140999913215637","0.9140999913215637"
"30658","0.9140999913215637","0.9140999913215637","0.9140999913215637"
"30669","0.9139999747276306","0.9139999747276306","0.9139999747276306"
"30680","0.9140999913215637","0.9140999913215637","0.9140999913215637"
"30691","0.9142999649047852","0.9142999649047852","0.9142999649047852"
"30702","0.9143999814987183","0.9143999814987183","0.9143999814987183"
"30713","0.9144999980926514","0.9144999980926514","0.9144999980926514"
"30724","0.9146999716758728","0.9146999716758728","0.9146999716758728"
"30735","0.914900004863739","0.914900004863739","0.914900004863739"
"30746","0.914900004863739","0.914900004863739","0.914900004863739"
"30757","0.914900004863739","0.914900004863739","0.914900004863739"
"30768","0.914900004863739","0.914900004863739","0.914900004863739"
"30779","0.914900004863739","0.914900004863739","0.914900004863739"
"30790","0.9149999618530273","0.9149999618530273","0.9149999618530273"
"30801","0.9150999784469604","0.9150999784469604","0.9150999784469604"
"30812","0.9151999950408936","0.9151999950408936","0.9151999950408936"
"30823","0.915399968624115","0.915399968624115","0.915399968624115"
"30834","0.915399968624115","0.915399968624115","0.915399968624115"
"30845","0.9152999520301819","0.9152999520301819","0.9152999520301819"
"30856","0.915399968624115","0.915399968624115","0.915399968624115"
"30867","0.9156000018119812","0.9156000018119812","0.9156000018119812"
"30878","0.9154999852180481","0.9154999852180481","0.9154999852180481"
"30889","0.9156000018119812","0.9156000018119812","0.9156000018119812"
"30900","0.9156000018119812","0.9156000018119812","0.9156000018119812"
"30911","0.9156000018119812","0.9156000018119812","0.9156000018119812"
"30922","0.9156999588012695","0.9156999588012695","0.9156999588012695"
"30933","0.9158999919891357","0.9158999919891357","0.9158999919891357"
"30944","0.9160999655723572","0.9160999655723572","0.9160999655723572"
"30955","0.9161999821662903","0.9161999821662903","0.9161999821662903"
"30966","0.9164999723434448","0.9164999723434448","0.9164999723434448"
"30977","0.9162999987602234","0.9162999987602234","0.9162999987602234"
"30988","0.9163999557495117","0.9163999557495117","0.9163999557495117"
"30999","0.9163999557495117","0.9163999557495117","0.9163999557495117"
"31010","0.9165999889373779","0.9165999889373779","0.9165999889373779"
"31021","0.9165999889373779","0.9165999889373779","0.9165999889373779"
"31032","0.916700005531311","0.916700005531311","0.916700005531311"
"31043","0.9167999625205994","0.9167999625205994","0.9167999625205994"
"31054","0.9167999625205994","0.9167999625205994","0.9167999625205994"
"31065","0.9165999889373779","0.9165999889373779","0.9165999889373779"
"31076","0.9167999625205994","0.9167999625205994","0.9167999625205994"
"31087","0.9167999625205994","0.9167999625205994","0.9167999625205994"
"31098","0.9167999625205994","0.9167999625205994","0.9167999625205994"
"31109","0.917199969291687","0.917199969291687","0.917199969291687"
"31120","0.9170999526977539","0.9170999526977539","0.9170999526977539"
"31131","0.9172999858856201","0.9172999858856201","0.9172999858856201"
"31142","0.9174000024795532","0.9174000024795532","0.9174000024795532"
"31153","0.917199969291687","0.917199969291687","0.917199969291687"
"31164","0.9172999858856201","0.9172999858856201","0.9172999858856201"
"31175","0.9175999760627747","0.9175999760627747","0.9175999760627747"
"31186","0.9174999594688416","0.9174999594688416","0.9174999594688416"
"31197","0.9177999496459961","0.9177999496459961","0.9177999496459961"
"31208","0.9177999496459961","0.9177999496459961","0.9177999496459961"
"31219","0.9180999994277954","0.9180999994277954","0.9180999994277954"
"31230","0.9182999730110168","0.9182999730110168","0.9182999730110168"
"31241","0.9185000061988831","0.9185000061988831","0.9185000061988831"
"31252","0.9185000061988831","0.9185000061988831","0.9185000061988831"
"31263","0.9185000061988831","0.9185000061988831","0.9185000061988831"
"31274","0.9185999631881714","0.9185999631881714","0.9185999631881714"
"31285","0.9188999533653259","0.9188999533653259","0.9188999533653259"
"31296","0.9188999533653259","0.9188999533653259","0.9188999533653259"
"31307","0.918999969959259","0.918999969959259","0.918999969959259"
"31318","0.9190999865531921","0.9190999865531921","0.9190999865531921"
"31329","0.9192000031471252","0.9192000031471252","0.9192000031471252"
"31340","0.9192999601364136","0.9192999601364136","0.9192999601364136"
"31351","0.9193999767303467","0.9193999767303467","0.9193999767303467"
"31362","0.9193999767303467","0.9193999767303467","0.9193999767303467"
"31373","0.9194999933242798","0.9194999933242798","0.9194999933242798"
"31384","0.9193999767303467","0.9193999767303467","0.9193999767303467"
"31395","0.9194999933242798","0.9194999933242798","0.9194999933242798"
"31406","0.9194999933242798","0.9194999933242798","0.9194999933242798"
"31417","0.9192999601364136","0.9192999601364136","0.9192999601364136"
"31428","0.9192999601364136","0.9192999601364136","0.9192999601364136"
"31439","0.9195999503135681","0.9195999503135681","0.9195999503135681"
"31450","0.9195999503135681","0.9195999503135681","0.9195999503135681"
"31461","0.9199000000953674","0.9199000000953674","0.9199000000953674"
"31472","0.9196999669075012","0.9196999669075012","0.9196999669075012"
"31483","0.9199000000953674","0.9199000000953674","0.9199000000953674"
"31494","0.9199999570846558","0.9199999570846558","0.9199999570846558"
"31505","0.9200999736785889","0.9200999736785889","0.9200999736785889"
"31516","0.9202999472618103","0.9202999472618103","0.9202999472618103"
"31527","0.9202999472618103","0.9202999472618103","0.9202999472618103"
"31538","0.9202999472618103","0.9202999472618103","0.9202999472618103"
"31549","0.9204999804496765","0.9204999804496765","0.9204999804496765"
"31560","0.9205999970436096","0.9205999970436096","0.9205999970436096"
"31571","0.9204999804496765","0.9204999804496765","0.9204999804496765"
"31582","0.9205999970436096","0.9205999970436096","0.9205999970436096"
"31593","0.920799970626831","0.920799970626831","0.920799970626831"
"31604","0.920799970626831","0.920799970626831","0.920799970626831"
"31615","0.920699954032898","0.920699954032898","0.920699954032898"
"31626","0.920799970626831","0.920799970626831","0.920799970626831"
"31637","0.920799970626831","0.920799970626831","0.920799970626831"
"31648","0.920799970626831","0.920799970626831","0.920799970626831"
"31659","0.9205999970436096","0.9205999970436096","0.9205999970436096"
"31670","0.9205999970436096","0.9205999970436096","0.9205999970436096"
"31681","0.920799970626831","0.920799970626831","0.920799970626831"
"31692","0.9210999608039856","0.9210999608039856","0.9210999608039856"
"31703","0.9210000038146973","0.9210000038146973","0.9210000038146973"
"31714","0.9213999509811401","0.9213999509811401","0.9213999509811401"
"31725","0.9214999675750732","0.9214999675750732","0.9214999675750732"
"31736","0.9215999841690063","0.9215999841690063","0.9215999841690063"
"31747","0.9214999675750732","0.9214999675750732","0.9214999675750732"
"31758","0.9217999577522278","0.9217999577522278","0.9217999577522278"
"31769","0.9217999577522278","0.9217999577522278","0.9217999577522278"
"31780","0.9218999743461609","0.9218999743461609","0.9218999743461609"
"31791","0.921999990940094","0.921999990940094","0.921999990940094"
"31802","0.9221999645233154","0.9221999645233154","0.9221999645233154"
"31813","0.9222999811172485","0.9222999811172485","0.9222999811172485"
"31824","0.92249995470047","0.92249995470047","0.92249995470047"
"31835","0.9225999712944031","0.9225999712944031","0.9225999712944031"
"31846","0.9225999712944031","0.9225999712944031","0.9225999712944031"
"31857","0.9226999878883362","0.9226999878883362","0.9226999878883362"
"31868","0.9226999878883362","0.9226999878883362","0.9226999878883362"
"31879","0.9230999946594238","0.9230999946594238","0.9230999946594238"
"31890","0.9231999516487122","0.9231999516487122","0.9231999516487122"
"31901","0.9231999516487122","0.9231999516487122","0.9231999516487122"
"31912","0.9230999946594238","0.9230999946594238","0.9230999946594238"
"31923","0.9232999682426453","0.9232999682426453","0.9232999682426453"
"31934","0.9236999750137329","0.9236999750137329","0.9236999750137329"
"31945","0.923799991607666","0.923799991607666","0.923799991607666"
"31956","0.923799991607666","0.923799991607666","0.923799991607666"
"31967","0.9239999651908875","0.9239999651908875","0.9239999651908875"
"31978","0.923799991607666","0.923799991607666","0.923799991607666"
"31989","0.9236999750137329","0.9236999750137329","0.9236999750137329"
"32000","0.923799991607666","0.923799991607666","0.923799991607666"
"32011","0.923799991607666","0.923799991607666","0.923799991607666"
"32022","0.9238999485969543","0.9238999485969543","0.9238999485969543"
"32033","0.9239999651908875","0.9239999651908875","0.9239999651908875"
"32044","0.9240999817848206","0.9240999817848206","0.9240999817848206"
"32055","0.9239999651908875","0.9239999651908875","0.9239999651908875"
"32066","0.924299955368042","0.924299955368042","0.924299955368042"
"32077","0.9241999983787537","0.9241999983787537","0.9241999983787537"
"32088","0.924299955368042","0.924299955368042","0.924299955368042"
"32099","0.9243999719619751","0.9243999719619751","0.9243999719619751"
"32110","0.9246000051498413","0.9246000051498413","0.9246000051498413"
"32121","0.9244999885559082","0.9244999885559082","0.9244999885559082"
"32132","0.9246999621391296","0.9246999621391296","0.9246999621391296"
"32143","0.9247999787330627","0.9247999787330627","0.9247999787330627"
"32154","0.9248999953269958","0.9248999953269958","0.9248999953269958"
"32165","0.9253999590873718","0.9253999590873718","0.9253999590873718"
"32176","0.9253999590873718","0.9253999590873718","0.9253999590873718"
"32187","0.9254999756813049","0.9254999756813049","0.9254999756813049"
"32198","0.9253000020980835","0.9253000020980835","0.9253000020980835"
"32209","0.9254999756813049","0.9254999756813049","0.9254999756813049"
"32220","0.9256999492645264","0.9256999492645264","0.9256999492645264"
"32231","0.9257999658584595","0.9257999658584595","0.9257999658584595"
"32242","0.9258999824523926","0.9258999824523926","0.9258999824523926"
"32253","0.926099956035614","0.926099956035614","0.926099956035614"
"32264","0.9259999990463257","0.9259999990463257","0.9259999990463257"
"32275","0.926099956035614","0.926099956035614","0.926099956035614"
"32286","0.9261999726295471","0.9261999726295471","0.9261999726295471"
"32297","0.9261999726295471","0.9261999726295471","0.9261999726295471"
"32308","0.9264000058174133","0.9264000058174133","0.9264000058174133"
"32319","0.9264999628067017","0.9264999628067017","0.9264999628067017"
"32330","0.9265999794006348","0.9265999794006348","0.9265999794006348"
"32341","0.9265999794006348","0.9265999794006348","0.9265999794006348"
"32352","0.9266999959945679","0.9266999959945679","0.9266999959945679"
"32363","0.9267999529838562","0.9267999529838562","0.9267999529838562"
"32374","0.9267999529838562","0.9267999529838562","0.9267999529838562"
"32385","0.9267999529838562","0.9267999529838562","0.9267999529838562"
"32396","0.9267999529838562","0.9267999529838562","0.9267999529838562"
"32407","0.9266999959945679","0.9266999959945679","0.9266999959945679"
"32418","0.9267999529838562","0.9267999529838562","0.9267999529838562"
"32429","0.9268999695777893","0.9268999695777893","0.9268999695777893"
"32440","0.9271000027656555","0.9271000027656555","0.9271000027656555"
"32451","0.9271000027656555","0.9271000027656555","0.9271000027656555"
"32462","0.9271999597549438","0.9271999597549438","0.9271999597549438"
"32473","0.927299976348877","0.927299976348877","0.927299976348877"
"32484","0.9273999929428101","0.9273999929428101","0.9273999929428101"
"32495","0.9271999597549438","0.9271999597549438","0.9271999597549438"
"32506","0.9274999499320984","0.9274999499320984","0.9274999499320984"
"32517","0.9275999665260315","0.9275999665260315","0.9275999665260315"
"32528","0.9277999997138977","0.9277999997138977","0.9277999997138977"
"32539","0.9275999665260315","0.9275999665260315","0.9275999665260315"
"32550","0.927899956703186","0.927899956703186","0.927899956703186"
"32561","0.927899956703186","0.927899956703186","0.927899956703186"
"32572","0.927899956703186","0.927899956703186","0.927899956703186"
"32583","0.9279999732971191","0.9279999732971191","0.9279999732971191"
"32594","0.9279999732971191","0.9279999732971191","0.9279999732971191"
"32605","0.9281999468803406","0.9281999468803406","0.9281999468803406"
"32616","0.9282999634742737","0.9282999634742737","0.9282999634742737"
"32627","0.9282999634742737","0.9282999634742737","0.9282999634742737"
"32638","0.9283999800682068","0.9283999800682068","0.9283999800682068"
"32649","0.9281999468803406","0.9281999468803406","0.9281999468803406"
"32660","0.9281999468803406","0.9281999468803406","0.9281999468803406"
"32671","0.9282999634742737","0.9282999634742737","0.9282999634742737"
"32682","0.9283999800682068","0.9283999800682068","0.9283999800682068"
"32693","0.9282999634742737","0.9282999634742737","0.9282999634742737"
"32704","0.9284999966621399","0.9284999966621399","0.9284999966621399"
"32715","0.9284999966621399","0.9284999966621399","0.9284999966621399"
"32726","0.9283999800682068","0.9283999800682068","0.9283999800682068"
"32737","0.9285999536514282","0.9285999536514282","0.9285999536514282"
"32748","0.9285999536514282","0.9285999536514282","0.9285999536514282"
"32759","0.9289999604225159","0.9289999604225159","0.9289999604225159"
"32770","0.9289000034332275","0.9289000034332275","0.9289000034332275"
"32781","0.9289000034332275","0.9289000034332275","0.9289000034332275"
"32792","0.9289000034332275","0.9289000034332275","0.9289000034332275"
"32803","0.9287999868392944","0.9287999868392944","0.9287999868392944"
"32814","0.9289000034332275","0.9289000034332275","0.9289000034332275"
"32825","0.929099977016449","0.929099977016449","0.929099977016449"
"32836","0.9289999604225159","0.9289999604225159","0.9289999604225159"
"32847","0.929099977016449","0.929099977016449","0.929099977016449"
"32858","0.929099977016449","0.929099977016449","0.929099977016449"
"32869","0.9291999936103821","0.9291999936103821","0.9291999936103821"
"32880","0.9292999505996704","0.9292999505996704","0.9292999505996704"
"32891","0.9292999505996704","0.9292999505996704","0.9292999505996704"
"32902","0.9292999505996704","0.9292999505996704","0.9292999505996704"
"32913","0.9291999936103821","0.9291999936103821","0.9291999936103821"
"32924","0.9292999505996704","0.9292999505996704","0.9292999505996704"
"32935","0.9292999505996704","0.9292999505996704","0.9292999505996704"
"32946","0.9294999837875366","0.9294999837875366","0.9294999837875366"
"32957","0.9293999671936035","0.9293999671936035","0.9293999671936035"
"32968","0.9296000003814697","0.9296000003814697","0.9296000003814697"
"32979","0.9296999573707581","0.9296999573707581","0.9296999573707581"
"32990","0.9296000003814697","0.9296000003814697","0.9296000003814697"
"33001","0.9298999905586243","0.9298999905586243","0.9298999905586243"
"33012","0.9301999807357788","0.9301999807357788","0.9301999807357788"
"33023","0.9301999807357788","0.9301999807357788","0.9301999807357788"
"33034","0.9301999807357788","0.9301999807357788","0.9301999807357788"
"33045","0.9302999973297119","0.9302999973297119","0.9302999973297119"
"33056","0.9304999709129333","0.9304999709129333","0.9304999709129333"
"33067","0.9303999543190002","0.9303999543190002","0.9303999543190002"
"33078","0.9304999709129333","0.9304999709129333","0.9304999709129333"
"33089","0.9305999875068665","0.9305999875068665","0.9305999875068665"
"33100","0.9305999875068665","0.9305999875068665","0.9305999875068665"
"33111","0.9305999875068665","0.9305999875068665","0.9305999875068665"
"33122","0.9304999709129333","0.9304999709129333","0.9304999709129333"
"33133","0.9304999709129333","0.9304999709129333","0.9304999709129333"
"33144","0.9304999709129333","0.9304999709129333","0.9304999709129333"
"33155","0.9303999543190002","0.9303999543190002","0.9303999543190002"
"33166","0.9305999875068665","0.9305999875068665","0.9305999875068665"
"33177","0.9305999875068665","0.9305999875068665","0.9305999875068665"
"33188","0.9305999875068665","0.9305999875068665","0.9305999875068665"
"33199","0.9305999875068665","0.9305999875068665","0.9305999875068665"
"33210","0.9305999875068665","0.9305999875068665","0.9305999875068665"
"33221","0.9305999875068665","0.9305999875068665","0.9305999875068665"
"33232","0.9305999875068665","0.9305999875068665","0.9305999875068665"
"33243","0.9307000041007996","0.9307000041007996","0.9307000041007996"
"33254","0.9307000041007996","0.9307000041007996","0.9307000041007996"
"33265","0.9307999610900879","0.9307999610900879","0.9307999610900879"
"33276","0.9307999610900879","0.9307999610900879","0.9307999610900879"
"33287","0.9307999610900879","0.9307999610900879","0.9307999610900879"
"33298","0.9307999610900879","0.9307999610900879","0.9307999610900879"
"33309","0.930899977684021","0.930899977684021","0.930899977684021"
"33320","0.930899977684021","0.930899977684021","0.930899977684021"
"33331","0.9310999512672424","0.9310999512672424","0.9310999512672424"
"33342","0.9311999678611755","0.9311999678611755","0.9311999678611755"
"33353","0.9312999844551086","0.9312999844551086","0.9312999844551086"
"33364","0.9314000010490417","0.9314000010490417","0.9314000010490417"
"33375","0.9314000010490417","0.9314000010490417","0.9314000010490417"
"33386","0.9314000010490417","0.9314000010490417","0.9314000010490417"
"33397","0.9312999844551086","0.9312999844551086","0.9312999844551086"
"33408","0.9315999746322632","0.9315999746322632","0.9315999746322632"
"33419","0.9317999482154846","0.9317999482154846","0.9317999482154846"
"33430","0.9316999912261963","0.9316999912261963","0.9316999912261963"
"33441","0.9316999912261963","0.9316999912261963","0.9316999912261963"
"33452","0.9317999482154846","0.9317999482154846","0.9317999482154846"
"33463","0.9318999648094177","0.9318999648094177","0.9318999648094177"
"33474","0.9318999648094177","0.9318999648094177","0.9318999648094177"
"33485","0.9317999482154846","0.9317999482154846","0.9317999482154846"
"33496","0.9316999912261963","0.9316999912261963","0.9316999912261963"
"33507","0.9317999482154846","0.9317999482154846","0.9317999482154846"
"33518","0.9319999814033508","0.9319999814033508","0.9319999814033508"
"33529","0.9321999549865723","0.9321999549865723","0.9321999549865723"
"33540","0.9320999979972839","0.9320999979972839","0.9320999979972839"
"33551","0.9321999549865723","0.9321999549865723","0.9321999549865723"
"33562","0.9322999715805054","0.9322999715805054","0.9322999715805054"
"33573","0.9323999881744385","0.9323999881744385","0.9323999881744385"
"33584","0.9323999881744385","0.9323999881744385","0.9323999881744385"
"33595","0.9325000047683716","0.9325000047683716","0.9325000047683716"
"33606","0.9323999881744385","0.9323999881744385","0.9323999881744385"
"33617","0.9325000047683716","0.9325000047683716","0.9325000047683716"
"33628","0.9325999617576599","0.9325999617576599","0.9325999617576599"
"33639","0.9325999617576599","0.9325999617576599","0.9325999617576599"
"33650","0.9325999617576599","0.9325999617576599","0.9325999617576599"
"33661","0.932699978351593","0.932699978351593","0.932699978351593"
"33672","0.9323999881744385","0.9323999881744385","0.9323999881744385"
"33683","0.932699978351593","0.932699978351593","0.932699978351593"
"33694","0.932699978351593","0.932699978351593","0.932699978351593"
"33705","0.9327999949455261","0.9327999949455261","0.9327999949455261"
"33716","0.9327999949455261","0.9327999949455261","0.9327999949455261"
"33727","0.9330999851226807","0.9330999851226807","0.9330999851226807"
"33738","0.9332000017166138","0.9332000017166138","0.9332000017166138"
"33749","0.9333999752998352","0.9333999752998352","0.9333999752998352"
"33760","0.9332999587059021","0.9332999587059021","0.9332999587059021"
"33771","0.9332000017166138","0.9332000017166138","0.9332000017166138"
"33782","0.9334999918937683","0.9334999918937683","0.9334999918937683"
"33793","0.9334999918937683","0.9334999918937683","0.9334999918937683"
"33804","0.9334999918937683","0.9334999918937683","0.9334999918937683"
"33815","0.9333999752998352","0.9333999752998352","0.9333999752998352"
"33826","0.9334999918937683","0.9334999918937683","0.9334999918937683"
"33837","0.9335999488830566","0.9335999488830566","0.9335999488830566"
"33848","0.9336999654769897","0.9336999654769897","0.9336999654769897"
"33859","0.9337999820709229","0.9337999820709229","0.9337999820709229"
"33870","0.933899998664856","0.933899998664856","0.933899998664856"
"33881","0.9337999820709229","0.9337999820709229","0.9337999820709229"
"33892","0.9339999556541443","0.9339999556541443","0.9339999556541443"
"33903","0.9340999722480774","0.9340999722480774","0.9340999722480774"
"33914","0.9339999556541443","0.9339999556541443","0.9339999556541443"
"33925","0.9339999556541443","0.9339999556541443","0.9339999556541443"
"33936","0.9339999556541443","0.9339999556541443","0.9339999556541443"
"33947","0.9340999722480774","0.9340999722480774","0.9340999722480774"
"33958","0.9341999888420105","0.9341999888420105","0.9341999888420105"
"33969","0.934499979019165","0.934499979019165","0.934499979019165"
"33980","0.9343000054359436","0.9343000054359436","0.9343000054359436"
"33991","0.9343999624252319","0.9343999624252319","0.9343999624252319"
"34002","0.9343999624252319","0.9343999624252319","0.9343999624252319"
"34013","0.934499979019165","0.934499979019165","0.934499979019165"
"34024","0.9345999956130981","0.9345999956130981","0.9345999956130981"
"34035","0.9348999857902527","0.9348999857902527","0.9348999857902527"
"34046","0.9348999857902527","0.9348999857902527","0.9348999857902527"
"34057","0.9350000023841858","0.9350000023841858","0.9350000023841858"
"34068","0.9351999759674072","0.9351999759674072","0.9351999759674072"
"34079","0.9352999925613403","0.9352999925613403","0.9352999925613403"
"34090","0.9352999925613403","0.9352999925613403","0.9352999925613403"
"34101","0.9353999495506287","0.9353999495506287","0.9353999495506287"
"34112","0.9354999661445618","0.9354999661445618","0.9354999661445618"
"34123","0.9357999563217163","0.9357999563217163","0.9357999563217163"
"34134","0.9357999563217163","0.9357999563217163","0.9357999563217163"
"34145","0.935699999332428","0.935699999332428","0.935699999332428"
"34156","0.9357999563217163","0.9357999563217163","0.9357999563217163"
"34167","0.9357999563217163","0.9357999563217163","0.9357999563217163"
"34178","0.9357999563217163","0.9357999563217163","0.9357999563217163"
"34189","0.9359999895095825","0.9359999895095825","0.9359999895095825"
"34200","0.9359999895095825","0.9359999895095825","0.9359999895095825"
"34211","0.9361000061035156","0.9361000061035156","0.9361000061035156"
"34222","0.9361000061035156","0.9361000061035156","0.9361000061035156"
"34233","0.9361000061035156","0.9361000061035156","0.9361000061035156"
"34244","0.936199963092804","0.936199963092804","0.936199963092804"
"34255","0.936199963092804","0.936199963092804","0.936199963092804"
"34266","0.9363999962806702","0.9363999962806702","0.9363999962806702"
"34277","0.9365999698638916","0.9365999698638916","0.9365999698638916"
"34288","0.9365999698638916","0.9365999698638916","0.9365999698638916"
"34299","0.9365999698638916","0.9365999698638916","0.9365999698638916"
"34310","0.9368000030517578","0.9368000030517578","0.9368000030517578"
"34321","0.9366999864578247","0.9366999864578247","0.9366999864578247"
"34332","0.9368000030517578","0.9368000030517578","0.9368000030517578"
"34343","0.9366999864578247","0.9366999864578247","0.9366999864578247"
"34354","0.9368999600410461","0.9368999600410461","0.9368999600410461"
"34365","0.9369999766349792","0.9369999766349792","0.9369999766349792"
"34376","0.9370999932289124","0.9370999932289124","0.9370999932289124"
"34387","0.9371999502182007","0.9371999502182007","0.9371999502182007"
"34398","0.9369999766349792","0.9369999766349792","0.9369999766349792"
"34409","0.9370999932289124","0.9370999932289124","0.9370999932289124"
"34420","0.9370999932289124","0.9370999932289124","0.9370999932289124"
"34431","0.9370999932289124","0.9370999932289124","0.9370999932289124"
"34442","0.9370999932289124","0.9370999932289124","0.9370999932289124"
"34453","0.9369999766349792","0.9369999766349792","0.9369999766349792"
"34464","0.9371999502182007","0.9371999502182007","0.9371999502182007"
"34475","0.9371999502182007","0.9371999502182007","0.9371999502182007"
"34486","0.9372999668121338","0.9372999668121338","0.9372999668121338"
"34497","0.9369999766349792","0.9369999766349792","0.9369999766349792"
"34508","0.9370999932289124","0.9370999932289124","0.9370999932289124"
"34519","0.9370999932289124","0.9370999932289124","0.9370999932289124"
"34530","0.9372999668121338","0.9372999668121338","0.9372999668121338"
"34541","0.9372999668121338","0.9372999668121338","0.9372999668121338"
"34552","0.9373999834060669","0.9373999834060669","0.9373999834060669"
"34563","0.9375","0.9375","0.9375"
"34574","0.9375","0.9375","0.9375"
"34585","0.9375","0.9375","0.9375"
"34596","0.9376999735832214","0.9376999735832214","0.9376999735832214"
"34607","0.9375999569892883","0.9375999569892883","0.9375999569892883"
"34618","0.9375","0.9375","0.9375"
"34629","0.9376999735832214","0.9376999735832214","0.9376999735832214"
"34640","0.9377999901771545","0.9377999901771545","0.9377999901771545"
"34651","0.9377999901771545","0.9377999901771545","0.9377999901771545"
"34662","0.9377999901771545","0.9377999901771545","0.9377999901771545"
"34673","0.9378999471664429","0.9378999471664429","0.9378999471664429"
"34684","0.937999963760376","0.937999963760376","0.937999963760376"
"34695","0.9381999969482422","0.9381999969482422","0.9381999969482422"
"34706","0.9381999969482422","0.9381999969482422","0.9381999969482422"
"34717","0.9383999705314636","0.9383999705314636","0.9383999705314636"
"34728","0.9383999705314636","0.9383999705314636","0.9383999705314636"
"34739","0.9383999705314636","0.9383999705314636","0.9383999705314636"
"34750","0.9387999773025513","0.9387999773025513","0.9387999773025513"
"34761","0.9386999607086182","0.9386999607086182","0.9386999607086182"
"34772","0.9388999938964844","0.9388999938964844","0.9388999938964844"
"34783","0.9386000037193298","0.9386000037193298","0.9386000037193298"
"34794","0.9386999607086182","0.9386999607086182","0.9386999607086182"
"34805","0.9388999938964844","0.9388999938964844","0.9388999938964844"
"34816","0.9390999674797058","0.9390999674797058","0.9390999674797058"
"34827","0.9390999674797058","0.9390999674797058","0.9390999674797058"
"34838","0.9389999508857727","0.9389999508857727","0.9389999508857727"
"34849","0.9389999508857727","0.9389999508857727","0.9389999508857727"
"34860","0.939300000667572","0.939300000667572","0.939300000667572"
"34871","0.9390999674797058","0.9390999674797058","0.9390999674797058"
"34882","0.9390999674797058","0.9390999674797058","0.9390999674797058"
"34893","0.9390999674797058","0.9390999674797058","0.9390999674797058"
"34904","0.9391999840736389","0.9391999840736389","0.9391999840736389"
"34915","0.939300000667572","0.939300000667572","0.939300000667572"
"34926","0.939300000667572","0.939300000667572","0.939300000667572"
"34937","0.9395999908447266","0.9395999908447266","0.9395999908447266"
"34948","0.9395999908447266","0.9395999908447266","0.9395999908447266"
"34959","0.9394999742507935","0.9394999742507935","0.9394999742507935"
"34970","0.9395999908447266","0.9395999908447266","0.9395999908447266"
"34981","0.9396999478340149","0.9396999478340149","0.9396999478340149"
"34992","0.9396999478340149","0.9396999478340149","0.9396999478340149"
"35003","0.9399999976158142","0.9399999976158142","0.9399999976158142"
"35014","0.9399999976158142","0.9399999976158142","0.9399999976158142"
"35025","0.9398999810218811","0.9398999810218811","0.9398999810218811"
"35036","0.9398999810218811","0.9398999810218811","0.9398999810218811"
"35047","0.9398999810218811","0.9398999810218811","0.9398999810218811"
"35058","0.9399999976158142","0.9399999976158142","0.9399999976158142"
"35069","0.9400999546051025","0.9400999546051025","0.9400999546051025"
"35080","0.9400999546051025","0.9400999546051025","0.9400999546051025"
"35091","0.9401999711990356","0.9401999711990356","0.9401999711990356"
"35102","0.939799964427948","0.939799964427948","0.939799964427948"
"35113","0.9398999810218811","0.9398999810218811","0.9398999810218811"
"35124","0.9399999976158142","0.9399999976158142","0.9399999976158142"
"35135","0.9404000043869019","0.9404000043869019","0.9404000043869019"
"35146","0.9404000043869019","0.9404000043869019","0.9404000043869019"
"35157","0.9406999945640564","0.9406999945640564","0.9406999945640564"
"35168","0.9405999779701233","0.9405999779701233","0.9405999779701233"
"35179","0.9405999779701233","0.9405999779701233","0.9405999779701233"
"35190","0.9407999515533447","0.9407999515533447","0.9407999515533447"
"35201","0.9407999515533447","0.9407999515533447","0.9407999515533447"
"35212","0.9407999515533447","0.9407999515533447","0.9407999515533447"
"35223","0.9407999515533447","0.9407999515533447","0.9407999515533447"
"35234","0.9408999681472778","0.9408999681472778","0.9408999681472778"
"35245","0.9409999847412109","0.9409999847412109","0.9409999847412109"
"35256","0.9409999847412109","0.9409999847412109","0.9409999847412109"
"35267","0.9408999681472778","0.9408999681472778","0.9408999681472778"
"35278","0.9409999847412109","0.9409999847412109","0.9409999847412109"
"35289","0.941100001335144","0.941100001335144","0.941100001335144"
"35300","0.9409999847412109","0.9409999847412109","0.9409999847412109"
"35311","0.9411999583244324","0.9411999583244324","0.9411999583244324"
"35322","0.9412999749183655","0.9412999749183655","0.9412999749183655"
"35333","0.9413999915122986","0.9413999915122986","0.9413999915122986"
"35344","0.9414999485015869","0.9414999485015869","0.9414999485015869"
"35355","0.9414999485015869","0.9414999485015869","0.9414999485015869"
"35366","0.9416999816894531","0.9416999816894531","0.9416999816894531"
"35377","0.9417999982833862","0.9417999982833862","0.9417999982833862"
"35388","0.9416999816894531","0.9416999816894531","0.9416999816894531"
"35399","0.94159996509552","0.94159996509552","0.94159996509552"
"35410","0.9417999982833862","0.9417999982833862","0.9417999982833862"
"35421","0.9419999718666077","0.9419999718666077","0.9419999718666077"
"35432","0.9418999552726746","0.9418999552726746","0.9418999552726746"
"35443","0.9419999718666077","0.9419999718666077","0.9419999718666077"
"35454","0.9419999718666077","0.9419999718666077","0.9419999718666077"
"35465","0.9419999718666077","0.9419999718666077","0.9419999718666077"
"35476","0.9419999718666077","0.9419999718666077","0.9419999718666077"
"35487","0.9420999884605408","0.9420999884605408","0.9420999884605408"
"35498","0.9420999884605408","0.9420999884605408","0.9420999884605408"
"35509","0.9422000050544739","0.9422000050544739","0.9422000050544739"
"35520","0.9423999786376953","0.9423999786376953","0.9423999786376953"
"35531","0.9424999952316284","0.9424999952316284","0.9424999952316284"
"35542","0.9426999688148499","0.9426999688148499","0.9426999688148499"
"35553","0.942799985408783","0.942799985408783","0.942799985408783"
"35564","0.9429999589920044","0.9429999589920044","0.9429999589920044"
"35575","0.9429999589920044","0.9429999589920044","0.9429999589920044"
"35586","0.9429999589920044","0.9429999589920044","0.9429999589920044"
"35597","0.9429999589920044","0.9429999589920044","0.9429999589920044"
"35608","0.9431999921798706","0.9431999921798706","0.9431999921798706"
"35619","0.9432999491691589","0.9432999491691589","0.9432999491691589"
"35630","0.9432999491691589","0.9432999491691589","0.9432999491691589"
"35641","0.9432999491691589","0.9432999491691589","0.9432999491691589"
"35652","0.943399965763092","0.943399965763092","0.943399965763092"
"35663","0.943399965763092","0.943399965763092","0.943399965763092"
"35674","0.9434999823570251","0.9434999823570251","0.9434999823570251"
"35685","0.9434999823570251","0.9434999823570251","0.9434999823570251"
"35696","0.9434999823570251","0.9434999823570251","0.9434999823570251"
"35707","0.9434999823570251","0.9434999823570251","0.9434999823570251"
"35718","0.9435999989509583","0.9435999989509583","0.9435999989509583"
"35729","0.9436999559402466","0.9436999559402466","0.9436999559402466"
"35740","0.9435999989509583","0.9435999989509583","0.9435999989509583"
"35751","0.9437999725341797","0.9437999725341797","0.9437999725341797"
"35762","0.9438999891281128","0.9438999891281128","0.9438999891281128"
"35773","0.9440000057220459","0.9440000057220459","0.9440000057220459"
"35784","0.9441999793052673","0.9441999793052673","0.9441999793052673"
"35795","0.9440999627113342","0.9440999627113342","0.9440999627113342"
"35806","0.9440999627113342","0.9440999627113342","0.9440999627113342"
"35817","0.9440999627113342","0.9440999627113342","0.9440999627113342"
"35828","0.9442999958992004","0.9442999958992004","0.9442999958992004"
"35839","0.9444999694824219","0.9444999694824219","0.9444999694824219"
"35850","0.9444999694824219","0.9444999694824219","0.9444999694824219"
"35861","0.944599986076355","0.944599986076355","0.944599986076355"
"35872","0.944599986076355","0.944599986076355","0.944599986076355"
"35883","0.944599986076355","0.944599986076355","0.944599986076355"
"35894","0.944599986076355","0.944599986076355","0.944599986076355"
"35905","0.944599986076355","0.944599986076355","0.944599986076355"
"35916","0.9447000026702881","0.9447000026702881","0.9447000026702881"
"35927","0.9447000026702881","0.9447000026702881","0.9447000026702881"
"35938","0.9447000026702881","0.9447000026702881","0.9447000026702881"
"35949","0.9447000026702881","0.9447000026702881","0.9447000026702881"
"35960","0.9447000026702881","0.9447000026702881","0.9447000026702881"
"35971","0.9447000026702881","0.9447000026702881","0.9447000026702881"
"35982","0.9447000026702881","0.9447000026702881","0.9447000026702881"
"35993","0.9447000026702881","0.9447000026702881","0.9447000026702881"
"36004","0.9447000026702881","0.9447000026702881","0.9447000026702881"
"36015","0.9447000026702881","0.9447000026702881","0.9447000026702881"
"36026","0.9448999762535095","0.9448999762535095","0.9448999762535095"
"36037","0.9447999596595764","0.9447999596595764","0.9447999596595764"
"36048","0.9448999762535095","0.9448999762535095","0.9448999762535095"
"36059","0.9447999596595764","0.9447999596595764","0.9447999596595764"
"36070","0.9447999596595764","0.9447999596595764","0.9447999596595764"
"36081","0.945099949836731","0.945099949836731","0.945099949836731"
"36092","0.9452999830245972","0.9452999830245972","0.9452999830245972"
"36103","0.9453999996185303","0.9453999996185303","0.9453999996185303"
"36114","0.9453999996185303","0.9453999996185303","0.9453999996185303"
"36125","0.9454999566078186","0.9454999566078186","0.9454999566078186"
"36136","0.9456999897956848","0.9456999897956848","0.9456999897956848"
"36147","0.9453999996185303","0.9453999996185303","0.9453999996185303"
"36158","0.9454999566078186","0.9454999566078186","0.9454999566078186"
"36169","0.9455999732017517","0.9455999732017517","0.9455999732017517"
"36180","0.9457999467849731","0.9457999467849731","0.9457999467849731"
"36191","0.9459999799728394","0.9459999799728394","0.9459999799728394"
"36202","0.9459999799728394","0.9459999799728394","0.9459999799728394"
"36213","0.9459999799728394","0.9459999799728394","0.9459999799728394"
"36224","0.9460999965667725","0.9460999965667725","0.9460999965667725"
"36235","0.9460999965667725","0.9460999965667725","0.9460999965667725"
"36246","0.9461999535560608","0.9461999535560608","0.9461999535560608"
"36257","0.9462999701499939","0.9462999701499939","0.9462999701499939"
"36268","0.9461999535560608","0.9461999535560608","0.9461999535560608"
"36279","0.9461999535560608","0.9461999535560608","0.9461999535560608"
"36290","0.946399986743927","0.946399986743927","0.946399986743927"
"36301","0.946399986743927","0.946399986743927","0.946399986743927"
"36312","0.9465000033378601","0.9465000033378601","0.9465000033378601"
"36323","0.946399986743927","0.946399986743927","0.946399986743927"
"36334","0.946399986743927","0.946399986743927","0.946399986743927"
"36345","0.9465000033378601","0.9465000033378601","0.9465000033378601"
"36356","0.9465000033378601","0.9465000033378601","0.9465000033378601"
"36367","0.946899950504303","0.946899950504303","0.946899950504303"
"36378","0.9466999769210815","0.9466999769210815","0.9466999769210815"
"36389","0.9467999935150146","0.9467999935150146","0.9467999935150146"
"36400","0.946899950504303","0.946899950504303","0.946899950504303"
"36411","0.9469999670982361","0.9469999670982361","0.9469999670982361"
"36422","0.9469999670982361","0.9469999670982361","0.9469999670982361"
"36433","0.9472000002861023","0.9472000002861023","0.9472000002861023"
"36444","0.9472000002861023","0.9472000002861023","0.9472000002861023"
"36455","0.9472000002861023","0.9472000002861023","0.9472000002861023"
"36466","0.9472000002861023","0.9472000002861023","0.9472000002861023"
"36477","0.9470999836921692","0.9470999836921692","0.9470999836921692"
"36488","0.9472999572753906","0.9472999572753906","0.9472999572753906"
"36499","0.9472000002861023","0.9472000002861023","0.9472000002861023"
"36510","0.9474999904632568","0.9474999904632568","0.9474999904632568"
"36521","0.9473999738693237","0.9473999738693237","0.9473999738693237"
"36532","0.9473999738693237","0.9473999738693237","0.9473999738693237"
"36543","0.9473999738693237","0.9473999738693237","0.9473999738693237"
"36554","0.9474999904632568","0.9474999904632568","0.9474999904632568"
"36565","0.9475999474525452","0.9475999474525452","0.9475999474525452"
"36576","0.9474999904632568","0.9474999904632568","0.9474999904632568"
"36587","0.9473999738693237","0.9473999738693237","0.9473999738693237"
"36598","0.9476999640464783","0.9476999640464783","0.9476999640464783"
"36609","0.9476999640464783","0.9476999640464783","0.9476999640464783"
"36620","0.9473999738693237","0.9473999738693237","0.9473999738693237"
"36631","0.9474999904632568","0.9474999904632568","0.9474999904632568"
"36642","0.9473999738693237","0.9473999738693237","0.9473999738693237"
"36653","0.9473999738693237","0.9473999738693237","0.9473999738693237"
"36664","0.9473999738693237","0.9473999738693237","0.9473999738693237"
"36675","0.9474999904632568","0.9474999904632568","0.9474999904632568"
"36686","0.9477999806404114","0.9477999806404114","0.9477999806404114"
"36697","0.9478999972343445","0.9478999972343445","0.9478999972343445"
"36708","0.9478999972343445","0.9478999972343445","0.9478999972343445"
"36719","0.9479999542236328","0.9479999542236328","0.9479999542236328"
"36730","0.9479999542236328","0.9479999542236328","0.9479999542236328"
"36741","0.9478999972343445","0.9478999972343445","0.9478999972343445"
"36752","0.9479999542236328","0.9479999542236328","0.9479999542236328"
"36763","0.9478999972343445","0.9478999972343445","0.9478999972343445"
"36774","0.9478999972343445","0.9478999972343445","0.9478999972343445"
"36785","0.9478999972343445","0.9478999972343445","0.9478999972343445"
"36796","0.9478999972343445","0.9478999972343445","0.9478999972343445"
"36807","0.9477999806404114","0.9477999806404114","0.9477999806404114"
"36818","0.9478999972343445","0.9478999972343445","0.9478999972343445"
"36829","0.9479999542236328","0.9479999542236328","0.9479999542236328"
"36840","0.9479999542236328","0.9479999542236328","0.9479999542236328"
"36851","0.9479999542236328","0.9479999542236328","0.9479999542236328"
"36862","0.9480999708175659","0.9480999708175659","0.9480999708175659"
"36873","0.9479999542236328","0.9479999542236328","0.9479999542236328"
"36884","0.948199987411499","0.948199987411499","0.948199987411499"
"36895","0.948199987411499","0.948199987411499","0.948199987411499"
"36906","0.9483000040054321","0.9483000040054321","0.9483000040054321"
"36917","0.9484999775886536","0.9484999775886536","0.9484999775886536"
"36928","0.9484999775886536","0.9484999775886536","0.9484999775886536"
"36939","0.948699951171875","0.948699951171875","0.948699951171875"
"36950","0.948699951171875","0.948699951171875","0.948699951171875"
"36961","0.948699951171875","0.948699951171875","0.948699951171875"
"36972","0.948699951171875","0.948699951171875","0.948699951171875"
"36983","0.9490000009536743","0.9490000009536743","0.9490000009536743"
"36994","0.9488999843597412","0.9488999843597412","0.9488999843597412"
"37005","0.9491999745368958","0.9491999745368958","0.9491999745368958"
"37016","0.9492999911308289","0.9492999911308289","0.9492999911308289"
"37027","0.9492999911308289","0.9492999911308289","0.9492999911308289"
"37038","0.9493999481201172","0.9493999481201172","0.9493999481201172"
"37049","0.9495999813079834","0.9495999813079834","0.9495999813079834"
"37060","0.9497999548912048","0.9497999548912048","0.9497999548912048"
"37071","0.9497999548912048","0.9497999548912048","0.9497999548912048"
"37082","0.9497999548912048","0.9497999548912048","0.9497999548912048"
"37093","0.9497999548912048","0.9497999548912048","0.9497999548912048"
"37104","0.9498999714851379","0.9498999714851379","0.9498999714851379"
"37115","0.9498999714851379","0.9498999714851379","0.9498999714851379"
"37126","0.9498999714851379","0.9498999714851379","0.9498999714851379"
"37137","0.949999988079071","0.949999988079071","0.949999988079071"
"37148","0.9501999616622925","0.9501999616622925","0.9501999616622925"
"37159","0.9502999782562256","0.9502999782562256","0.9502999782562256"
"37170","0.9501999616622925","0.9501999616622925","0.9501999616622925"
"37181","0.9501999616622925","0.9501999616622925","0.9501999616622925"
"37192","0.9501999616622925","0.9501999616622925","0.9501999616622925"
"37203","0.9502999782562256","0.9502999782562256","0.9502999782562256"
"37214","0.9501999616622925","0.9501999616622925","0.9501999616622925"
"37225","0.9502999782562256","0.9502999782562256","0.9502999782562256"
"37236","0.9502999782562256","0.9502999782562256","0.9502999782562256"
"37247","0.9502999782562256","0.9502999782562256","0.9502999782562256"
"37258","0.9503999948501587","0.9503999948501587","0.9503999948501587"
"37269","0.950499951839447","0.950499951839447","0.950499951839447"
"37280","0.9506999850273132","0.9506999850273132","0.9506999850273132"
"37291","0.9506999850273132","0.9506999850273132","0.9506999850273132"
"37302","0.9506999850273132","0.9506999850273132","0.9506999850273132"
"37313","0.9506999850273132","0.9506999850273132","0.9506999850273132"
"37324","0.9506999850273132","0.9506999850273132","0.9506999850273132"
"37335","0.9505999684333801","0.9505999684333801","0.9505999684333801"
"37346","0.9506999850273132","0.9506999850273132","0.9506999850273132"
"37357","0.9509999752044678","0.9509999752044678","0.9509999752044678"
"37368","0.9508999586105347","0.9508999586105347","0.9508999586105347"
"37379","0.9509999752044678","0.9509999752044678","0.9509999752044678"
"37390","0.9510999917984009","0.9510999917984009","0.9510999917984009"
"37401","0.9510999917984009","0.9510999917984009","0.9510999917984009"
"37412","0.9510999917984009","0.9510999917984009","0.9510999917984009"
"37423","0.9510999917984009","0.9510999917984009","0.9510999917984009"
"37434","0.9511999487876892","0.9511999487876892","0.9511999487876892"
"37445","0.9511999487876892","0.9511999487876892","0.9511999487876892"
"37456","0.9510999917984009","0.9510999917984009","0.9510999917984009"
"37467","0.9510999917984009","0.9510999917984009","0.9510999917984009"
"37478","0.9510999917984009","0.9510999917984009","0.9510999917984009"
"37489","0.9510999917984009","0.9510999917984009","0.9510999917984009"
"37500","0.9510999917984009","0.9510999917984009","0.9510999917984009"
"37511","0.9511999487876892","0.9511999487876892","0.9511999487876892"
"37522","0.9511999487876892","0.9511999487876892","0.9511999487876892"
"37533","0.9511999487876892","0.9511999487876892","0.9511999487876892"
"37544","0.9512999653816223","0.9512999653816223","0.9512999653816223"
"37555","0.9512999653816223","0.9512999653816223","0.9512999653816223"
"37566","0.9512999653816223","0.9512999653816223","0.9512999653816223"
"37577","0.9512999653816223","0.9512999653816223","0.9512999653816223"
"37588","0.9512999653816223","0.9512999653816223","0.9512999653816223"
"37599","0.9513999819755554","0.9513999819755554","0.9513999819755554"
"37610","0.9514999985694885","0.9514999985694885","0.9514999985694885"
"37621","0.9514999985694885","0.9514999985694885","0.9514999985694885"
"37632","0.9514999985694885","0.9514999985694885","0.9514999985694885"
"37643","0.95169997215271","0.95169997215271","0.95169997215271"
"37654","0.95169997215271","0.95169997215271","0.95169997215271"
"37665","0.9517999887466431","0.9517999887466431","0.9517999887466431"
"37676","0.95169997215271","0.95169997215271","0.95169997215271"
"37687","0.9519999623298645","0.9519999623298645","0.9519999623298645"
"37698","0.9519000053405762","0.9519000053405762","0.9519000053405762"
"37709","0.9517999887466431","0.9517999887466431","0.9517999887466431"
"37720","0.9519000053405762","0.9519000053405762","0.9519000053405762"
"37731","0.95169997215271","0.95169997215271","0.95169997215271"
"37742","0.9517999887466431","0.9517999887466431","0.9517999887466431"
"37753","0.9519000053405762","0.9519000053405762","0.9519000053405762"
"37764","0.9520999789237976","0.9520999789237976","0.9520999789237976"
"37775","0.952299952507019","0.952299952507019","0.952299952507019"
"37786","0.952299952507019","0.952299952507019","0.952299952507019"
"37797","0.9526000022888184","0.9526000022888184","0.9526000022888184"
"37808","0.9526999592781067","0.9526999592781067","0.9526999592781067"
"37819","0.952299952507019","0.952299952507019","0.952299952507019"
"37830","0.9526000022888184","0.9526000022888184","0.9526000022888184"
"37841","0.9526999592781067","0.9526999592781067","0.9526999592781067"
"37852","0.9526999592781067","0.9526999592781067","0.9526999592781067"
"37863","0.9527999758720398","0.9527999758720398","0.9527999758720398"
"37874","0.9527999758720398","0.9527999758720398","0.9527999758720398"
"37885","0.9527999758720398","0.9527999758720398","0.9527999758720398"
"37896","0.9527999758720398","0.9527999758720398","0.9527999758720398"
"37907","0.9528999924659729","0.9528999924659729","0.9528999924659729"
"37918","0.9529999494552612","0.9529999494552612","0.9529999494552612"
"37929","0.9529999494552612","0.9529999494552612","0.9529999494552612"
"37940","0.9529999494552612","0.9529999494552612","0.9529999494552612"
"37951","0.9529999494552612","0.9529999494552612","0.9529999494552612"
"37962","0.9530999660491943","0.9530999660491943","0.9530999660491943"
"37973","0.9530999660491943","0.9530999660491943","0.9530999660491943"
"37984","0.9531999826431274","0.9531999826431274","0.9531999826431274"
"37995","0.9531999826431274","0.9531999826431274","0.9531999826431274"
"38006","0.9530999660491943","0.9530999660491943","0.9530999660491943"
"38017","0.9531999826431274","0.9531999826431274","0.9531999826431274"
"38028","0.9533999562263489","0.9533999562263489","0.9533999562263489"
"38039","0.953499972820282","0.953499972820282","0.953499972820282"
"38050","0.953499972820282","0.953499972820282","0.953499972820282"
"38061","0.953499972820282","0.953499972820282","0.953499972820282"
"38072","0.9533999562263489","0.9533999562263489","0.9533999562263489"
"38083","0.9533999562263489","0.9533999562263489","0.9533999562263489"
"38094","0.9533999562263489","0.9533999562263489","0.9533999562263489"
"38105","0.9532999992370605","0.9532999992370605","0.9532999992370605"
"38116","0.9532999992370605","0.9532999992370605","0.9532999992370605"
"38127","0.953499972820282","0.953499972820282","0.953499972820282"
"38138","0.953499972820282","0.953499972820282","0.953499972820282"
"38149","0.953499972820282","0.953499972820282","0.953499972820282"
"38160","0.9536999464035034","0.9536999464035034","0.9536999464035034"
"38171","0.9536999464035034","0.9536999464035034","0.9536999464035034"
"38182","0.9536999464035034","0.9536999464035034","0.9536999464035034"
"38193","0.9536999464035034","0.9536999464035034","0.9536999464035034"
"38204","0.9536999464035034","0.9536999464035034","0.9536999464035034"
"38215","0.9537999629974365","0.9537999629974365","0.9537999629974365"
"38226","0.9537999629974365","0.9537999629974365","0.9537999629974365"
"38237","0.9537999629974365","0.9537999629974365","0.9537999629974365"
"38248","0.9537999629974365","0.9537999629974365","0.9537999629974365"
"38259","0.9537999629974365","0.9537999629974365","0.9537999629974365"
"38270","0.9537999629974365","0.9537999629974365","0.9537999629974365"
"38281","0.9537999629974365","0.9537999629974365","0.9537999629974365"
"38292","0.9537999629974365","0.9537999629974365","0.9537999629974365"
"38303","0.9537999629974365","0.9537999629974365","0.9537999629974365"
"38314","0.9537999629974365","0.9537999629974365","0.9537999629974365"
"38325","0.9537999629974365","0.9537999629974365","0.9537999629974365"
"38336","0.9537999629974365","0.9537999629974365","0.9537999629974365"
"38347","0.9537999629974365","0.9537999629974365","0.9537999629974365"
"38358","0.9538999795913696","0.9538999795913696","0.9538999795913696"
"38369","0.9537999629974365","0.9537999629974365","0.9537999629974365"
"38380","0.9539999961853027","0.9539999961853027","0.9539999961853027"
"38391","0.9539999961853027","0.9539999961853027","0.9539999961853027"
"38402","0.9539999961853027","0.9539999961853027","0.9539999961853027"
"38413","0.9540999531745911","0.9540999531745911","0.9540999531745911"
"38424","0.9540999531745911","0.9540999531745911","0.9540999531745911"
"38435","0.9540999531745911","0.9540999531745911","0.9540999531745911"
"38446","0.9540999531745911","0.9540999531745911","0.9540999531745911"
"38457","0.9540999531745911","0.9540999531745911","0.9540999531745911"
"38468","0.9541999697685242","0.9541999697685242","0.9541999697685242"
"38479","0.9542999863624573","0.9542999863624573","0.9542999863624573"
"38490","0.9542999863624573","0.9542999863624573","0.9542999863624573"
"38501","0.9544000029563904","0.9544000029563904","0.9544000029563904"
"38512","0.9544999599456787","0.9544999599456787","0.9544999599456787"
"38523","0.9545999765396118","0.9545999765396118","0.9545999765396118"
"38534","0.9546999931335449","0.9546999931335449","0.9546999931335449"
"38545","0.9546999931335449","0.9546999931335449","0.9546999931335449"
"38556","0.9548999667167664","0.9548999667167664","0.9548999667167664"
"38567","0.9549999833106995","0.9549999833106995","0.9549999833106995"
"38578","0.9548999667167664","0.9548999667167664","0.9548999667167664"
"38589","0.9549999833106995","0.9549999833106995","0.9549999833106995"
"38600","0.9549999833106995","0.9549999833106995","0.9549999833106995"
"38611","0.9550999999046326","0.9550999999046326","0.9550999999046326"
"38622","0.9550999999046326","0.9550999999046326","0.9550999999046326"
"38633","0.9550999999046326","0.9550999999046326","0.9550999999046326"
"38644","0.9550999999046326","0.9550999999046326","0.9550999999046326"
"38655","0.9550999999046326","0.9550999999046326","0.9550999999046326"
"38666","0.9551999568939209","0.9551999568939209","0.9551999568939209"
"38677","0.9551999568939209","0.9551999568939209","0.9551999568939209"
"38688","0.9551999568939209","0.9551999568939209","0.9551999568939209"
"38699","0.955299973487854","0.955299973487854","0.955299973487854"
"38710","0.9551999568939209","0.9551999568939209","0.9551999568939209"
"38721","0.955299973487854","0.955299973487854","0.955299973487854"
"38732","0.9554999470710754","0.9554999470710754","0.9554999470710754"
"38743","0.9553999900817871","0.9553999900817871","0.9553999900817871"
"38754","0.9553999900817871","0.9553999900817871","0.9553999900817871"
"38765","0.9556999802589417","0.9556999802589417","0.9556999802589417"
"38776","0.9557999968528748","0.9557999968528748","0.9557999968528748"
"38787","0.9558999538421631","0.9558999538421631","0.9558999538421631"
"38798","0.9558999538421631","0.9558999538421631","0.9558999538421631"
"38809","0.9559999704360962","0.9559999704360962","0.9559999704360962"
"38820","0.9559999704360962","0.9559999704360962","0.9559999704360962"
"38831","0.9559999704360962","0.9559999704360962","0.9559999704360962"
"38842","0.9559999704360962","0.9559999704360962","0.9559999704360962"
"38853","0.9559999704360962","0.9559999704360962","0.9559999704360962"
"38864","0.9560999870300293","0.9560999870300293","0.9560999870300293"
"38875","0.9558999538421631","0.9558999538421631","0.9558999538421631"
"38886","0.9559999704360962","0.9559999704360962","0.9559999704360962"
"38897","0.9562000036239624","0.9562000036239624","0.9562000036239624"
"38908","0.9562000036239624","0.9562000036239624","0.9562000036239624"
"38919","0.9562000036239624","0.9562000036239624","0.9562000036239624"
"38930","0.9562999606132507","0.9562999606132507","0.9562999606132507"
"38941","0.9562999606132507","0.9562999606132507","0.9562999606132507"
"38952","0.9564999938011169","0.9564999938011169","0.9564999938011169"
"38963","0.9564999938011169","0.9564999938011169","0.9564999938011169"
"38974","0.9564999938011169","0.9564999938011169","0.9564999938011169"
"38985","0.9564999938011169","0.9564999938011169","0.9564999938011169"
"38996","0.9567999839782715","0.9567999839782715","0.9567999839782715"
"39007","0.9567999839782715","0.9567999839782715","0.9567999839782715"
"39018","0.9567999839782715","0.9567999839782715","0.9567999839782715"
"39029","0.9567999839782715","0.9567999839782715","0.9567999839782715"
"39040","0.9567999839782715","0.9567999839782715","0.9567999839782715"
"39051","0.9567999839782715","0.9567999839782715","0.9567999839782715"
"39062","0.9567999839782715","0.9567999839782715","0.9567999839782715"
"39073","0.9567999839782715","0.9567999839782715","0.9567999839782715"
"39084","0.9567999839782715","0.9567999839782715","0.9567999839782715"
"39095","0.9567999839782715","0.9567999839782715","0.9567999839782715"
"39106","0.9567999839782715","0.9567999839782715","0.9567999839782715"
"39117","0.9569000005722046","0.9569000005722046","0.9569000005722046"
"39128","0.9569000005722046","0.9569000005722046","0.9569000005722046"
"39139","0.9569000005722046","0.9569000005722046","0.9569000005722046"
"39150","0.9569000005722046","0.9569000005722046","0.9569000005722046"
"39161","0.9569000005722046","0.9569000005722046","0.9569000005722046"
"39172","0.9569999575614929","0.9569999575614929","0.9569999575614929"
"39183","0.9569999575614929","0.9569999575614929","0.9569999575614929"
"39194","0.9569999575614929","0.9569999575614929","0.9569999575614929"
"39205","0.957099974155426","0.957099974155426","0.957099974155426"
"39216","0.957099974155426","0.957099974155426","0.957099974155426"
"39227","0.957099974155426","0.957099974155426","0.957099974155426"
"39238","0.957099974155426","0.957099974155426","0.957099974155426"
"39249","0.9571999907493591","0.9571999907493591","0.9571999907493591"
"39260","0.9571999907493591","0.9571999907493591","0.9571999907493591"
"39271","0.9571999907493591","0.9571999907493591","0.9571999907493591"
"39282","0.9572999477386475","0.9572999477386475","0.9572999477386475"
"39293","0.9571999907493591","0.9571999907493591","0.9571999907493591"
"39304","0.9571999907493591","0.9571999907493591","0.9571999907493591"
"39315","0.9571999907493591","0.9571999907493591","0.9571999907493591"
"39326","0.9572999477386475","0.9572999477386475","0.9572999477386475"
"39337","0.9572999477386475","0.9572999477386475","0.9572999477386475"
"39348","0.9573999643325806","0.9573999643325806","0.9573999643325806"
"39359","0.9573999643325806","0.9573999643325806","0.9573999643325806"
"39370","0.9573999643325806","0.9573999643325806","0.9573999643325806"
"39381","0.9574999809265137","0.9574999809265137","0.9574999809265137"
"39392","0.9574999809265137","0.9574999809265137","0.9574999809265137"
"39403","0.9574999809265137","0.9574999809265137","0.9574999809265137"
"39414","0.9575999975204468","0.9575999975204468","0.9575999975204468"
"39425","0.9575999975204468","0.9575999975204468","0.9575999975204468"
"39436","0.9575999975204468","0.9575999975204468","0.9575999975204468"
"39447","0.9575999975204468","0.9575999975204468","0.9575999975204468"
"39458","0.9575999975204468","0.9575999975204468","0.9575999975204468"
"39469","0.9575999975204468","0.9575999975204468","0.9575999975204468"
"39480","0.9577999711036682","0.9577999711036682","0.9577999711036682"
"39491","0.9577999711036682","0.9577999711036682","0.9577999711036682"
"39502","0.9577999711036682","0.9577999711036682","0.9577999711036682"
"39513","0.9577999711036682","0.9577999711036682","0.9577999711036682"
"39524","0.9577999711036682","0.9577999711036682","0.9577999711036682"
"39535","0.9577999711036682","0.9577999711036682","0.9577999711036682"
"39546","0.9577999711036682","0.9577999711036682","0.9577999711036682"
"39557","0.9577999711036682","0.9577999711036682","0.9577999711036682"
"39568","0.9577999711036682","0.9577999711036682","0.9577999711036682"
"39579","0.9577999711036682","0.9577999711036682","0.9577999711036682"
"39590","0.9578999876976013","0.9578999876976013","0.9578999876976013"
"39601","0.9578999876976013","0.9578999876976013","0.9578999876976013"
"39612","0.9578999876976013","0.9578999876976013","0.9578999876976013"
"39623","0.9580000042915344","0.9580000042915344","0.9580000042915344"
"39634","0.9580999612808228","0.9580999612808228","0.9580999612808228"
"39645","0.9580999612808228","0.9580999612808228","0.9580999612808228"
"39656","0.958299994468689","0.958299994468689","0.958299994468689"
"39667","0.958299994468689","0.958299994468689","0.958299994468689"
"39678","0.958299994468689","0.958299994468689","0.958299994468689"
"39689","0.958299994468689","0.958299994468689","0.958299994468689"
"39700","0.958299994468689","0.958299994468689","0.958299994468689"
"39711","0.958299994468689","0.958299994468689","0.958299994468689"
"39722","0.9583999514579773","0.9583999514579773","0.9583999514579773"
"39733","0.9583999514579773","0.9583999514579773","0.9583999514579773"
"39744","0.9584999680519104","0.9584999680519104","0.9584999680519104"
"39755","0.9584999680519104","0.9584999680519104","0.9584999680519104"
"39766","0.9584999680519104","0.9584999680519104","0.9584999680519104"
"39777","0.9584999680519104","0.9584999680519104","0.9584999680519104"
"39788","0.9585999846458435","0.9585999846458435","0.9585999846458435"
"39799","0.9585999846458435","0.9585999846458435","0.9585999846458435"
"39810","0.9585999846458435","0.9585999846458435","0.9585999846458435"
"39821","0.9584999680519104","0.9584999680519104","0.9584999680519104"
"39832","0.9585999846458435","0.9585999846458435","0.9585999846458435"
"39843","0.9584999680519104","0.9584999680519104","0.9584999680519104"
"39854","0.9584999680519104","0.9584999680519104","0.9584999680519104"
"39865","0.9585999846458435","0.9585999846458435","0.9585999846458435"
"39876","0.9587000012397766","0.9587000012397766","0.9587000012397766"
"39887","0.9587000012397766","0.9587000012397766","0.9587000012397766"
"39898","0.9587999582290649","0.9587999582290649","0.9587999582290649"
"39909","0.9589999914169312","0.9589999914169312","0.9589999914169312"
"39920","0.9589999914169312","0.9589999914169312","0.9589999914169312"
"39931","0.958899974822998","0.958899974822998","0.958899974822998"
"39942","0.958899974822998","0.958899974822998","0.958899974822998"
"39953","0.9587999582290649","0.9587999582290649","0.9587999582290649"
"39964","0.958899974822998","0.958899974822998","0.958899974822998"
"39975","0.958899974822998","0.958899974822998","0.958899974822998"
"39986","0.958899974822998","0.958899974822998","0.958899974822998"
"39997","0.958899974822998","0.958899974822998","0.958899974822998"
"40008","0.958899974822998","0.958899974822998","0.958899974822998"
"40019","0.958899974822998","0.958899974822998","0.958899974822998"
"40030","0.958899974822998","0.958899974822998","0.958899974822998"
"40041","0.958899974822998","0.958899974822998","0.958899974822998"
"40052","0.958899974822998","0.958899974822998","0.958899974822998"
"40063","0.958899974822998","0.958899974822998","0.958899974822998"
"40074","0.9589999914169312","0.9589999914169312","0.9589999914169312"
"40085","0.9589999914169312","0.9589999914169312","0.9589999914169312"
"40096","0.9589999914169312","0.9589999914169312","0.9589999914169312"
"40107","0.9589999914169312","0.9589999914169312","0.9589999914169312"
"40118","0.9590999484062195","0.9590999484062195","0.9590999484062195"
"40129","0.9590999484062195","0.9590999484062195","0.9590999484062195"
"40140","0.9590999484062195","0.9590999484062195","0.9590999484062195"
"40151","0.9591999650001526","0.9591999650001526","0.9591999650001526"
"40162","0.9590999484062195","0.9590999484062195","0.9590999484062195"
"40173","0.9591999650001526","0.9591999650001526","0.9591999650001526"
"40184","0.9591999650001526","0.9591999650001526","0.9591999650001526"
"40195","0.9592999815940857","0.9592999815940857","0.9592999815940857"
"40206","0.9593999981880188","0.9593999981880188","0.9593999981880188"
"40217","0.9595999717712402","0.9595999717712402","0.9595999717712402"
"40228","0.9596999883651733","0.9596999883651733","0.9596999883651733"
"40239","0.9596999883651733","0.9596999883651733","0.9596999883651733"
"40250","0.9598000049591064","0.9598000049591064","0.9598000049591064"
"40261","0.9598999619483948","0.9598999619483948","0.9598999619483948"
"40272","0.9598000049591064","0.9598000049591064","0.9598000049591064"
"40283","0.9598999619483948","0.9598999619483948","0.9598999619483948"
"40294","0.9599999785423279","0.9599999785423279","0.9599999785423279"
"40305","0.9599999785423279","0.9599999785423279","0.9599999785423279"
"40316","0.9599999785423279","0.9599999785423279","0.9599999785423279"
"40327","0.9599999785423279","0.9599999785423279","0.9599999785423279"
"40338","0.9599999785423279","0.9599999785423279","0.9599999785423279"
"40349","0.960099995136261","0.960099995136261","0.960099995136261"
"40360","0.960099995136261","0.960099995136261","0.960099995136261"
"40371","0.9601999521255493","0.9601999521255493","0.9601999521255493"
"40382","0.9601999521255493","0.9601999521255493","0.9601999521255493"
"40393","0.9601999521255493","0.9601999521255493","0.9601999521255493"
"40404","0.9601999521255493","0.9601999521255493","0.9601999521255493"
"40415","0.9603999853134155","0.9603999853134155","0.9603999853134155"
"40426","0.9603999853134155","0.9603999853134155","0.9603999853134155"
"40437","0.9603999853134155","0.9603999853134155","0.9603999853134155"
"40448","0.9602999687194824","0.9602999687194824","0.9602999687194824"
"40459","0.9603999853134155","0.9603999853134155","0.9603999853134155"
"40470","0.9603999853134155","0.9603999853134155","0.9603999853134155"
"40481","0.9605000019073486","0.9605000019073486","0.9605000019073486"
"40492","0.960599958896637","0.960599958896637","0.960599958896637"
"40503","0.960599958896637","0.960599958896637","0.960599958896637"
"40514","0.960599958896637","0.960599958896637","0.960599958896637"
"40525","0.9606999754905701","0.9606999754905701","0.9606999754905701"
"40536","0.9606999754905701","0.9606999754905701","0.9606999754905701"
"40547","0.9606999754905701","0.9606999754905701","0.9606999754905701"
"40558","0.9606999754905701","0.9606999754905701","0.9606999754905701"
"40569","0.9607999920845032","0.9607999920845032","0.9607999920845032"
"40580","0.9607999920845032","0.9607999920845032","0.9607999920845032"
"40591","0.9608999490737915","0.9608999490737915","0.9608999490737915"
"40602","0.9608999490737915","0.9608999490737915","0.9608999490737915"
"40613","0.9608999490737915","0.9608999490737915","0.9608999490737915"
"40624","0.9607999920845032","0.9607999920845032","0.9607999920845032"
"40635","0.9606999754905701","0.9606999754905701","0.9606999754905701"
"40646","0.9608999490737915","0.9608999490737915","0.9608999490737915"
"40657","0.9608999490737915","0.9608999490737915","0.9608999490737915"
"40668","0.9608999490737915","0.9608999490737915","0.9608999490737915"
"40679","0.9608999490737915","0.9608999490737915","0.9608999490737915"
"40690","0.9608999490737915","0.9608999490737915","0.9608999490737915"
"40701","0.9608999490737915","0.9608999490737915","0.9608999490737915"
"40712","0.9609999656677246","0.9609999656677246","0.9609999656677246"
"40723","0.9610999822616577","0.9610999822616577","0.9610999822616577"
"40734","0.9610999822616577","0.9610999822616577","0.9610999822616577"
"40745","0.9609999656677246","0.9609999656677246","0.9609999656677246"
"40756","0.9610999822616577","0.9610999822616577","0.9610999822616577"
"40767","0.9609999656677246","0.9609999656677246","0.9609999656677246"
"40778","0.9609999656677246","0.9609999656677246","0.9609999656677246"
"40789","0.9609999656677246","0.9609999656677246","0.9609999656677246"
"40800","0.9609999656677246","0.9609999656677246","0.9609999656677246"
"40811","0.9610999822616577","0.9610999822616577","0.9610999822616577"
"40822","0.9610999822616577","0.9610999822616577","0.9610999822616577"
"40833","0.9610999822616577","0.9610999822616577","0.9610999822616577"
"40844","0.9611999988555908","0.9611999988555908","0.9611999988555908"
"40855","0.9613999724388123","0.9613999724388123","0.9613999724388123"
"40866","0.9612999558448792","0.9612999558448792","0.9612999558448792"
"40877","0.9611999988555908","0.9611999988555908","0.9611999988555908"
"40888","0.9611999988555908","0.9611999988555908","0.9611999988555908"
"40899","0.9611999988555908","0.9611999988555908","0.9611999988555908"
"40910","0.9611999988555908","0.9611999988555908","0.9611999988555908"
"40921","0.9612999558448792","0.9612999558448792","0.9612999558448792"
"40932","0.9613999724388123","0.9613999724388123","0.9613999724388123"
"40943","0.9614999890327454","0.9614999890327454","0.9614999890327454"
"40954","0.9614999890327454","0.9614999890327454","0.9614999890327454"
"40965","0.9613999724388123","0.9613999724388123","0.9613999724388123"
"40976","0.9616999626159668","0.9616999626159668","0.9616999626159668"
"40987","0.9617999792098999","0.9617999792098999","0.9617999792098999"
"40998","0.9616999626159668","0.9616999626159668","0.9616999626159668"
"41009","0.9616999626159668","0.9616999626159668","0.9616999626159668"
"41020","0.9616999626159668","0.9616999626159668","0.9616999626159668"
"41031","0.9616999626159668","0.9616999626159668","0.9616999626159668"
"41042","0.9616999626159668","0.9616999626159668","0.9616999626159668"
"41053","0.9617999792098999","0.9617999792098999","0.9617999792098999"
"41064","0.9617999792098999","0.9617999792098999","0.9617999792098999"
"41075","0.9617999792098999","0.9617999792098999","0.9617999792098999"
"41086","0.961899995803833","0.961899995803833","0.961899995803833"
"41097","0.961899995803833","0.961899995803833","0.961899995803833"
"41108","0.961899995803833","0.961899995803833","0.961899995803833"
"41119","0.961899995803833","0.961899995803833","0.961899995803833"
"41130","0.961899995803833","0.961899995803833","0.961899995803833"
"41141","0.961899995803833","0.961899995803833","0.961899995803833"
"41152","0.9619999527931213","0.9619999527931213","0.9619999527931213"
"41163","0.9619999527931213","0.9619999527931213","0.9619999527931213"
"41174","0.9620999693870544","0.9620999693870544","0.9620999693870544"
"41185","0.9620999693870544","0.9620999693870544","0.9620999693870544"
"41196","0.9620999693870544","0.9620999693870544","0.9620999693870544"
"41207","0.9620999693870544","0.9620999693870544","0.9620999693870544"
"41218","0.9621999859809875","0.9621999859809875","0.9621999859809875"
"41229","0.9621999859809875","0.9621999859809875","0.9621999859809875"
"41240","0.9621999859809875","0.9621999859809875","0.9621999859809875"
"41251","0.9623000025749207","0.9623000025749207","0.9623000025749207"
"41262","0.9623000025749207","0.9623000025749207","0.9623000025749207"
"41273","0.9623000025749207","0.9623000025749207","0.9623000025749207"
"41284","0.9623000025749207","0.9623000025749207","0.9623000025749207"
"41295","0.962399959564209","0.962399959564209","0.962399959564209"
"41306","0.9625999927520752","0.9625999927520752","0.9625999927520752"
"41317","0.962399959564209","0.962399959564209","0.962399959564209"
"41328","0.9625999927520752","0.9625999927520752","0.9625999927520752"
"41339","0.9625999927520752","0.9625999927520752","0.9625999927520752"
"41350","0.9625999927520752","0.9625999927520752","0.9625999927520752"
"41361","0.9625999927520752","0.9625999927520752","0.9625999927520752"
"41372","0.9625999927520752","0.9625999927520752","0.9625999927520752"
"41383","0.9626999497413635","0.9626999497413635","0.9626999497413635"
"41394","0.9626999497413635","0.9626999497413635","0.9626999497413635"
"41405","0.9627999663352966","0.9627999663352966","0.9627999663352966"
"41416","0.9628999829292297","0.9628999829292297","0.9628999829292297"
"41427","0.9627999663352966","0.9627999663352966","0.9627999663352966"
"41438","0.9628999829292297","0.9628999829292297","0.9628999829292297"
"41449","0.9629999995231628","0.9629999995231628","0.9629999995231628"
"41460","0.9629999995231628","0.9629999995231628","0.9629999995231628"
"41471","0.9627999663352966","0.9627999663352966","0.9627999663352966"
"41482","0.9628999829292297","0.9628999829292297","0.9628999829292297"
"41493","0.9627999663352966","0.9627999663352966","0.9627999663352966"
"41504","0.9627999663352966","0.9627999663352966","0.9627999663352966"
"41515","0.9628999829292297","0.9628999829292297","0.9628999829292297"
"41526","0.9627999663352966","0.9627999663352966","0.9627999663352966"
"41537","0.9628999829292297","0.9628999829292297","0.9628999829292297"
"41548","0.9628999829292297","0.9628999829292297","0.9628999829292297"
"41559","0.9628999829292297","0.9628999829292297","0.9628999829292297"
"41570","0.9629999995231628","0.9629999995231628","0.9629999995231628"
"41581","0.9628999829292297","0.9628999829292297","0.9628999829292297"
"41592","0.9628999829292297","0.9628999829292297","0.9628999829292297"
"41603","0.9628999829292297","0.9628999829292297","0.9628999829292297"
"41614","0.9629999995231628","0.9629999995231628","0.9629999995231628"
"41625","0.9629999995231628","0.9629999995231628","0.9629999995231628"
"41636","0.9630999565124512","0.9630999565124512","0.9630999565124512"
"41647","0.9630999565124512","0.9630999565124512","0.9630999565124512"
"41658","0.9629999995231628","0.9629999995231628","0.9629999995231628"
"41669","0.9629999995231628","0.9629999995231628","0.9629999995231628"
"41680","0.9631999731063843","0.9631999731063843","0.9631999731063843"
"41691","0.9630999565124512","0.9630999565124512","0.9630999565124512"
"41702","0.9631999731063843","0.9631999731063843","0.9631999731063843"
"41713","0.9632999897003174","0.9632999897003174","0.9632999897003174"
"41724","0.9632999897003174","0.9632999897003174","0.9632999897003174"
"41735","0.9632999897003174","0.9632999897003174","0.9632999897003174"
"41746","0.9631999731063843","0.9631999731063843","0.9631999731063843"
"41757","0.9633999466896057","0.9633999466896057","0.9633999466896057"
"41768","0.9634999632835388","0.9634999632835388","0.9634999632835388"
"41779","0.9634999632835388","0.9634999632835388","0.9634999632835388"
"41790","0.9634999632835388","0.9634999632835388","0.9634999632835388"
"41801","0.9635999798774719","0.9635999798774719","0.9635999798774719"
"41812","0.9635999798774719","0.9635999798774719","0.9635999798774719"
"41823","0.9635999798774719","0.9635999798774719","0.9635999798774719"
"41834","0.9635999798774719","0.9635999798774719","0.9635999798774719"
"41845","0.9635999798774719","0.9635999798774719","0.9635999798774719"
"41856","0.963699996471405","0.963699996471405","0.963699996471405"
"41867","0.963699996471405","0.963699996471405","0.963699996471405"
"41878","0.963699996471405","0.963699996471405","0.963699996471405"
"41889","0.963699996471405","0.963699996471405","0.963699996471405"
"41900","0.963699996471405","0.963699996471405","0.963699996471405"
"41911","0.963699996471405","0.963699996471405","0.963699996471405"
"41922","0.963699996471405","0.963699996471405","0.963699996471405"
"41933","0.963699996471405","0.963699996471405","0.963699996471405"
"41944","0.963699996471405","0.963699996471405","0.963699996471405"
"41955","0.9637999534606934","0.9637999534606934","0.9637999534606934"
"41966","0.9637999534606934","0.9637999534606934","0.9637999534606934"
"41977","0.9637999534606934","0.9637999534606934","0.9637999534606934"
"41988","0.9637999534606934","0.9637999534606934","0.9637999534606934"
"41999","0.9637999534606934","0.9637999534606934","0.9637999534606934"
"42010","0.9638999700546265","0.9638999700546265","0.9638999700546265"
"42021","0.9639999866485596","0.9639999866485596","0.9639999866485596"
"42032","0.9639999866485596","0.9639999866485596","0.9639999866485596"
"42043","0.9641000032424927","0.9641000032424927","0.9641000032424927"
"42054","0.9641000032424927","0.9641000032424927","0.9641000032424927"
"42065","0.9639999866485596","0.9639999866485596","0.9639999866485596"
"42076","0.9641000032424927","0.9641000032424927","0.9641000032424927"
"42087","0.964199960231781","0.964199960231781","0.964199960231781"
"42098","0.964199960231781","0.964199960231781","0.964199960231781"
"42109","0.964199960231781","0.964199960231781","0.964199960231781"
"42120","0.964199960231781","0.964199960231781","0.964199960231781"
"42131","0.9642999768257141","0.9642999768257141","0.9642999768257141"
"42142","0.9642999768257141","0.9642999768257141","0.9642999768257141"
"42153","0.9642999768257141","0.9642999768257141","0.9642999768257141"
"42164","0.9643999934196472","0.9643999934196472","0.9643999934196472"
"42175","0.9644999504089355","0.9644999504089355","0.9644999504089355"
"42186","0.9643999934196472","0.9643999934196472","0.9643999934196472"
"42197","0.9643999934196472","0.9643999934196472","0.9643999934196472"
"42208","0.9643999934196472","0.9643999934196472","0.9643999934196472"
"42219","0.9643999934196472","0.9643999934196472","0.9643999934196472"
"42230","0.9643999934196472","0.9643999934196472","0.9643999934196472"
"42241","0.9643999934196472","0.9643999934196472","0.9643999934196472"
"42252","0.9643999934196472","0.9643999934196472","0.9643999934196472"
"42263","0.9644999504089355","0.9644999504089355","0.9644999504089355"
"42274","0.9645999670028687","0.9645999670028687","0.9645999670028687"
"42285","0.9646999835968018","0.9646999835968018","0.9646999835968018"
"42296","0.9646999835968018","0.9646999835968018","0.9646999835968018"
"42307","0.9646999835968018","0.9646999835968018","0.9646999835968018"
"42318","0.9646999835968018","0.9646999835968018","0.9646999835968018"
"42329","0.9646999835968018","0.9646999835968018","0.9646999835968018"
"42340","0.9648000001907349","0.9648000001907349","0.9648000001907349"
"42351","0.9646999835968018","0.9646999835968018","0.9646999835968018"
"42362","0.9648000001907349","0.9648000001907349","0.9648000001907349"
"42373","0.9648000001907349","0.9648000001907349","0.9648000001907349"
"42384","0.9648999571800232","0.9648999571800232","0.9648999571800232"
"42395","0.9648999571800232","0.9648999571800232","0.9648999571800232"
"42406","0.9648999571800232","0.9648999571800232","0.9648999571800232"
"42417","0.9648999571800232","0.9648999571800232","0.9648999571800232"
"42428","0.9648999571800232","0.9648999571800232","0.9648999571800232"
"42439","0.9648999571800232","0.9648999571800232","0.9648999571800232"
"42450","0.9648999571800232","0.9648999571800232","0.9648999571800232"
"42461","0.9648999571800232","0.9648999571800232","0.9648999571800232"
"42472","0.9649999737739563","0.9649999737739563","0.9649999737739563"
"42483","0.9649999737739563","0.9649999737739563","0.9649999737739563"
"42494","0.9650999903678894","0.9650999903678894","0.9650999903678894"
"42505","0.9650999903678894","0.9650999903678894","0.9650999903678894"
"42516","0.9650999903678894","0.9650999903678894","0.9650999903678894"
"42527","0.9650999903678894","0.9650999903678894","0.9650999903678894"
"42538","0.9650999903678894","0.9650999903678894","0.9650999903678894"
"42549","0.9650999903678894","0.9650999903678894","0.9650999903678894"
"42560","0.9650999903678894","0.9650999903678894","0.9650999903678894"
"42571","0.9650999903678894","0.9650999903678894","0.9650999903678894"
"42582","0.9651999473571777","0.9651999473571777","0.9651999473571777"
"42593","0.9651999473571777","0.9651999473571777","0.9651999473571777"
"42604","0.9651999473571777","0.9651999473571777","0.9651999473571777"
"42615","0.965399980545044","0.965399980545044","0.965399980545044"
"42626","0.9651999473571777","0.9651999473571777","0.9651999473571777"
"42637","0.9652999639511108","0.9652999639511108","0.9652999639511108"
"42648","0.9652999639511108","0.9652999639511108","0.9652999639511108"
"42659","0.965399980545044","0.965399980545044","0.965399980545044"
"42670","0.965499997138977","0.965499997138977","0.965499997138977"
"42681","0.965499997138977","0.965499997138977","0.965499997138977"
"42692","0.9655999541282654","0.9655999541282654","0.9655999541282654"
"42703","0.965499997138977","0.965499997138977","0.965499997138977"
"42714","0.965499997138977","0.965499997138977","0.965499997138977"
"42725","0.965499997138977","0.965499997138977","0.965499997138977"
"42736","0.965499997138977","0.965499997138977","0.965499997138977"
"42747","0.9655999541282654","0.9655999541282654","0.9655999541282654"
"42758","0.9656999707221985","0.9656999707221985","0.9656999707221985"
"42769","0.9655999541282654","0.9655999541282654","0.9655999541282654"
"42780","0.9655999541282654","0.9655999541282654","0.9655999541282654"
"42791","0.9656999707221985","0.9656999707221985","0.9656999707221985"
"42802","0.9656999707221985","0.9656999707221985","0.9656999707221985"
"42813","0.9657999873161316","0.9657999873161316","0.9657999873161316"
"42824","0.9657999873161316","0.9657999873161316","0.9657999873161316"
"42835","0.9659000039100647","0.9659000039100647","0.9659000039100647"
"42846","0.9659000039100647","0.9659000039100647","0.9659000039100647"
"42857","0.9659000039100647","0.9659000039100647","0.9659000039100647"
"42868","0.9659000039100647","0.9659000039100647","0.9659000039100647"
"42879","0.9659000039100647","0.9659000039100647","0.9659000039100647"
"42890","0.9659000039100647","0.9659000039100647","0.9659000039100647"
"42901","0.9659000039100647","0.9659000039100647","0.9659000039100647"
"42912","0.9659000039100647","0.9659000039100647","0.9659000039100647"
"42923","0.9659000039100647","0.9659000039100647","0.9659000039100647"
"42934","0.9659000039100647","0.9659000039100647","0.9659000039100647"
"42945","0.9659000039100647","0.9659000039100647","0.9659000039100647"
"42956","0.9659000039100647","0.9659000039100647","0.9659000039100647"
"42967","0.9659000039100647","0.9659000039100647","0.9659000039100647"
"42978","0.9659000039100647","0.9659000039100647","0.9659000039100647"
"42989","0.9659000039100647","0.9659000039100647","0.9659000039100647"
"43000","0.9659000039100647","0.9659000039100647","0.9659000039100647"
"43011","0.9659000039100647","0.9659000039100647","0.9659000039100647"
"43022","0.9659000039100647","0.9659000039100647","0.9659000039100647"
"43033","0.9659000039100647","0.9659000039100647","0.9659000039100647"
"43044","0.9659000039100647","0.9659000039100647","0.9659000039100647"
"43055","0.9659000039100647","0.9659000039100647","0.9659000039100647"
"43066","0.9659000039100647","0.9659000039100647","0.9659000039100647"
"43077","0.9659000039100647","0.9659000039100647","0.9659000039100647"
"43088","0.9659000039100647","0.9659000039100647","0.9659000039100647"
"43099","0.9659000039100647","0.9659000039100647","0.9659000039100647"
"43110","0.9659000039100647","0.9659000039100647","0.9659000039100647"
"43121","0.965999960899353","0.965999960899353","0.965999960899353"
"43132","0.9659000039100647","0.9659000039100647","0.9659000039100647"
"43143","0.9659000039100647","0.9659000039100647","0.9659000039100647"
"43154","0.965999960899353","0.965999960899353","0.965999960899353"
"43165","0.9660999774932861","0.9660999774932861","0.9660999774932861"
"43176","0.9660999774932861","0.9660999774932861","0.9660999774932861"
"43187","0.9661999940872192","0.9661999940872192","0.9661999940872192"
"43198","0.9661999940872192","0.9661999940872192","0.9661999940872192"
"43209","0.9661999940872192","0.9661999940872192","0.9661999940872192"
"43220","0.9661999940872192","0.9661999940872192","0.9661999940872192"
"43231","0.9662999510765076","0.9662999510765076","0.9662999510765076"
"43242","0.9662999510765076","0.9662999510765076","0.9662999510765076"
"43253","0.9664999842643738","0.9664999842643738","0.9664999842643738"
"43264","0.9664999842643738","0.9664999842643738","0.9664999842643738"
"43275","0.9666000008583069","0.9666000008583069","0.9666000008583069"
"43286","0.9666999578475952","0.9666999578475952","0.9666999578475952"
"43297","0.9666999578475952","0.9666999578475952","0.9666999578475952"
"43308","0.9667999744415283","0.9667999744415283","0.9667999744415283"
"43319","0.9667999744415283","0.9667999744415283","0.9667999744415283"
"43330","0.9667999744415283","0.9667999744415283","0.9667999744415283"
"43341","0.9667999744415283","0.9667999744415283","0.9667999744415283"
"43352","0.9667999744415283","0.9667999744415283","0.9667999744415283"
"43363","0.9667999744415283","0.9667999744415283","0.9667999744415283"
"43374","0.9667999744415283","0.9667999744415283","0.9667999744415283"
"43385","0.9667999744415283","0.9667999744415283","0.9667999744415283"
"43396","0.9667999744415283","0.9667999744415283","0.9667999744415283"
"43407","0.9667999744415283","0.9667999744415283","0.9667999744415283"
"43418","0.9667999744415283","0.9667999744415283","0.9667999744415283"
"43429","0.9667999744415283","0.9667999744415283","0.9667999744415283"
"43440","0.9667999744415283","0.9667999744415283","0.9667999744415283"
"43451","0.9667999744415283","0.9667999744415283","0.9667999744415283"
"43462","0.9668999910354614","0.9668999910354614","0.9668999910354614"
"43473","0.9668999910354614","0.9668999910354614","0.9668999910354614"
"43484","0.9667999744415283","0.9667999744415283","0.9667999744415283"
"43495","0.9667999744415283","0.9667999744415283","0.9667999744415283"
"43506","0.9668999910354614","0.9668999910354614","0.9668999910354614"
"43517","0.9669999480247498","0.9669999480247498","0.9669999480247498"
"43528","0.9669999480247498","0.9669999480247498","0.9669999480247498"
"43539","0.9670999646186829","0.9670999646186829","0.9670999646186829"
"43550","0.9670999646186829","0.9670999646186829","0.9670999646186829"
"43561","0.967199981212616","0.967199981212616","0.967199981212616"
"43572","0.967199981212616","0.967199981212616","0.967199981212616"
"43583","0.967199981212616","0.967199981212616","0.967199981212616"
"43594","0.967199981212616","0.967199981212616","0.967199981212616"
"43605","0.9673999547958374","0.9673999547958374","0.9673999547958374"
"43616","0.9673999547958374","0.9673999547958374","0.9673999547958374"
"43627","0.9675999879837036","0.9675999879837036","0.9675999879837036"
"43638","0.9675999879837036","0.9675999879837036","0.9675999879837036"
"43649","0.9677000045776367","0.9677000045776367","0.9677000045776367"
"43660","0.9677000045776367","0.9677000045776367","0.9677000045776367"
"43671","0.967799961566925","0.967799961566925","0.967799961566925"
"43682","0.967799961566925","0.967799961566925","0.967799961566925"
"43693","0.967799961566925","0.967799961566925","0.967799961566925"
"43704","0.967799961566925","0.967799961566925","0.967799961566925"
"43715","0.9679999947547913","0.9679999947547913","0.9679999947547913"
"43726","0.9679999947547913","0.9679999947547913","0.9679999947547913"
"43737","0.9679999947547913","0.9679999947547913","0.9679999947547913"
"43748","0.9679999947547913","0.9679999947547913","0.9679999947547913"
"43759","0.9679999947547913","0.9679999947547913","0.9679999947547913"
"43770","0.9680999517440796","0.9680999517440796","0.9680999517440796"
"43781","0.9679999947547913","0.9679999947547913","0.9679999947547913"
"43792","0.9680999517440796","0.9680999517440796","0.9680999517440796"
"43803","0.9681999683380127","0.9681999683380127","0.9681999683380127"
"43814","0.9682999849319458","0.9682999849319458","0.9682999849319458"
"43825","0.9682999849319458","0.9682999849319458","0.9682999849319458"
"43836","0.9684000015258789","0.9684000015258789","0.9684000015258789"
"43847","0.9684000015258789","0.9684000015258789","0.9684000015258789"
"43858","0.9684000015258789","0.9684000015258789","0.9684000015258789"
"43869","0.9684000015258789","0.9684000015258789","0.9684000015258789"
"43880","0.9684000015258789","0.9684000015258789","0.9684000015258789"
"43891","0.9684000015258789","0.9684000015258789","0.9684000015258789"
"43902","0.9684000015258789","0.9684000015258789","0.9684000015258789"
"43913","0.9684000015258789","0.9684000015258789","0.9684000015258789"
"43924","0.9684000015258789","0.9684000015258789","0.9684000015258789"
"43935","0.9684000015258789","0.9684000015258789","0.9684000015258789"
"43946","0.9684000015258789","0.9684000015258789","0.9684000015258789"
"43957","0.9684000015258789","0.9684000015258789","0.9684000015258789"
"43968","0.9684999585151672","0.9684999585151672","0.9684999585151672"
"43979","0.9684999585151672","0.9684999585151672","0.9684999585151672"
"43990","0.9684999585151672","0.9684999585151672","0.9684999585151672"
"44001","0.9685999751091003","0.9685999751091003","0.9685999751091003"
"44012","0.9685999751091003","0.9685999751091003","0.9685999751091003"
"44023","0.9685999751091003","0.9685999751091003","0.9685999751091003"
"44034","0.9686999917030334","0.9686999917030334","0.9686999917030334"
"44045","0.9686999917030334","0.9686999917030334","0.9686999917030334"
"44056","0.9687999486923218","0.9687999486923218","0.9687999486923218"
"44067","0.9687999486923218","0.9687999486923218","0.9687999486923218"
"44078","0.9688999652862549","0.9688999652862549","0.9688999652862549"
"44089","0.968999981880188","0.968999981880188","0.968999981880188"
"44100","0.9687999486923218","0.9687999486923218","0.9687999486923218"
"44111","0.968999981880188","0.968999981880188","0.968999981880188"
"44122","0.9690999984741211","0.9690999984741211","0.9690999984741211"
"44133","0.9690999984741211","0.9690999984741211","0.9690999984741211"
"44144","0.9690999984741211","0.9690999984741211","0.9690999984741211"
"44155","0.9690999984741211","0.9690999984741211","0.9690999984741211"
"44166","0.968999981880188","0.968999981880188","0.968999981880188"
"44177","0.968999981880188","0.968999981880188","0.968999981880188"
"44188","0.968999981880188","0.968999981880188","0.968999981880188"
"44199","0.968999981880188","0.968999981880188","0.968999981880188"
"44210","0.968999981880188","0.968999981880188","0.968999981880188"
"44221","0.9691999554634094","0.9691999554634094","0.9691999554634094"
"44232","0.9691999554634094","0.9691999554634094","0.9691999554634094"
"44243","0.9691999554634094","0.9691999554634094","0.9691999554634094"
"44254","0.9691999554634094","0.9691999554634094","0.9691999554634094"
"44265","0.9691999554634094","0.9691999554634094","0.9691999554634094"
"44276","0.9691999554634094","0.9691999554634094","0.9691999554634094"
"44287","0.9692999720573425","0.9692999720573425","0.9692999720573425"
"44298","0.9692999720573425","0.9692999720573425","0.9692999720573425"
"44309","0.9691999554634094","0.9691999554634094","0.9691999554634094"
"44320","0.9692999720573425","0.9692999720573425","0.9692999720573425"
"44331","0.9693999886512756","0.9693999886512756","0.9693999886512756"
"44342","0.9693999886512756","0.9693999886512756","0.9693999886512756"
"44353","0.9692999720573425","0.9692999720573425","0.9692999720573425"
"44364","0.9692999720573425","0.9692999720573425","0.9692999720573425"
"44375","0.9693999886512756","0.9693999886512756","0.9693999886512756"
"44386","0.9693999886512756","0.9693999886512756","0.9693999886512756"
"44397","0.9695000052452087","0.9695000052452087","0.9695000052452087"
"44408","0.9695000052452087","0.9695000052452087","0.9695000052452087"
"44419","0.9693999886512756","0.9693999886512756","0.9693999886512756"
"44430","0.9695000052452087","0.9695000052452087","0.9695000052452087"
"44441","0.9693999886512756","0.9693999886512756","0.9693999886512756"
"44452","0.9693999886512756","0.9693999886512756","0.9693999886512756"
"44463","0.9693999886512756","0.9693999886512756","0.9693999886512756"
"44474","0.9693999886512756","0.9693999886512756","0.9693999886512756"
"44485","0.9693999886512756","0.9693999886512756","0.9693999886512756"
"44496","0.9693999886512756","0.9693999886512756","0.9693999886512756"
"44507","0.9695000052452087","0.9695000052452087","0.9695000052452087"
"44518","0.9695999622344971","0.9695999622344971","0.9695999622344971"
"44529","0.9695999622344971","0.9695999622344971","0.9695999622344971"
"44540","0.9695999622344971","0.9695999622344971","0.9695999622344971"
"44551","0.9696999788284302","0.9696999788284302","0.9696999788284302"
"44562","0.9696999788284302","0.9696999788284302","0.9696999788284302"
"44573","0.9695999622344971","0.9695999622344971","0.9695999622344971"
"44584","0.9697999954223633","0.9697999954223633","0.9697999954223633"
"44595","0.9697999954223633","0.9697999954223633","0.9697999954223633"
"44606","0.9698999524116516","0.9698999524116516","0.9698999524116516"
"44617","0.9698999524116516","0.9698999524116516","0.9698999524116516"
"44628","0.9698999524116516","0.9698999524116516","0.9698999524116516"
"44639","0.9698999524116516","0.9698999524116516","0.9698999524116516"
"44650","0.9699999690055847","0.9699999690055847","0.9699999690055847"
"44661","0.9699999690055847","0.9699999690055847","0.9699999690055847"
"44672","0.9699999690055847","0.9699999690055847","0.9699999690055847"
"44683","0.9698999524116516","0.9698999524116516","0.9698999524116516"
"44694","0.9699999690055847","0.9699999690055847","0.9699999690055847"
"44705","0.9700999855995178","0.9700999855995178","0.9700999855995178"
"44716","0.9702000021934509","0.9702000021934509","0.9702000021934509"
"44727","0.9702000021934509","0.9702000021934509","0.9702000021934509"
"44738","0.9703999757766724","0.9703999757766724","0.9703999757766724"
"44749","0.9704999923706055","0.9704999923706055","0.9704999923706055"
"44760","0.9704999923706055","0.9704999923706055","0.9704999923706055"
"44771","0.9703999757766724","0.9703999757766724","0.9703999757766724"
"44782","0.9703999757766724","0.9703999757766724","0.9703999757766724"
"44793","0.9703999757766724","0.9703999757766724","0.9703999757766724"
"44804","0.9703999757766724","0.9703999757766724","0.9703999757766724"
"44815","0.9703999757766724","0.9703999757766724","0.9703999757766724"
"44826","0.9703999757766724","0.9703999757766724","0.9703999757766724"
"44837","0.9703999757766724","0.9703999757766724","0.9703999757766724"
"44848","0.9703999757766724","0.9703999757766724","0.9703999757766724"
"44859","0.9704999923706055","0.9704999923706055","0.9704999923706055"
"44870","0.9703999757766724","0.9703999757766724","0.9703999757766724"
"44881","0.9704999923706055","0.9704999923706055","0.9704999923706055"
"44892","0.9705999493598938","0.9705999493598938","0.9705999493598938"
"44903","0.9706999659538269","0.9706999659538269","0.9706999659538269"
"44914","0.9706999659538269","0.9706999659538269","0.9706999659538269"
"44925","0.9706999659538269","0.9706999659538269","0.9706999659538269"
"44936","0.9706999659538269","0.9706999659538269","0.9706999659538269"
"44947","0.9706999659538269","0.9706999659538269","0.9706999659538269"
"44958","0.9706999659538269","0.9706999659538269","0.9706999659538269"
"44969","0.9706999659538269","0.9706999659538269","0.9706999659538269"
"44980","0.9706999659538269","0.9706999659538269","0.9706999659538269"
"44991","0.9706999659538269","0.9706999659538269","0.9706999659538269"
"45002","0.9706999659538269","0.9706999659538269","0.9706999659538269"
"45013","0.97079998254776","0.97079998254776","0.97079998254776"
"45024","0.97079998254776","0.97079998254776","0.97079998254776"
"45035","0.97079998254776","0.97079998254776","0.97079998254776"
"45046","0.97079998254776","0.97079998254776","0.97079998254776"
"45057","0.9708999991416931","0.9708999991416931","0.9708999991416931"
"45068","0.9708999991416931","0.9708999991416931","0.9708999991416931"
"45079","0.9709999561309814","0.9709999561309814","0.9709999561309814"
"45090","0.9710999727249146","0.9710999727249146","0.9710999727249146"
"45101","0.9708999991416931","0.9708999991416931","0.9708999991416931"
"45112","0.9708999991416931","0.9708999991416931","0.9708999991416931"
"45123","0.9709999561309814","0.9709999561309814","0.9709999561309814"
"45134","0.9708999991416931","0.9708999991416931","0.9708999991416931"
"45145","0.9709999561309814","0.9709999561309814","0.9709999561309814"
"45156","0.9709999561309814","0.9709999561309814","0.9709999561309814"
"45167","0.9709999561309814","0.9709999561309814","0.9709999561309814"
"45178","0.9709999561309814","0.9709999561309814","0.9709999561309814"
"45189","0.9709999561309814","0.9709999561309814","0.9709999561309814"
"45200","0.9709999561309814","0.9709999561309814","0.9709999561309814"
"45211","0.9709999561309814","0.9709999561309814","0.9709999561309814"
"45222","0.9709999561309814","0.9709999561309814","0.9709999561309814"
"45233","0.9710999727249146","0.9710999727249146","0.9710999727249146"
"45244","0.9709999561309814","0.9709999561309814","0.9709999561309814"
"45255","0.9711999893188477","0.9711999893188477","0.9711999893188477"
"45266","0.9711999893188477","0.9711999893188477","0.9711999893188477"
"45277","0.9711999893188477","0.9711999893188477","0.9711999893188477"
"45288","0.971299946308136","0.971299946308136","0.971299946308136"
"45299","0.971299946308136","0.971299946308136","0.971299946308136"
"45310","0.9711999893188477","0.9711999893188477","0.9711999893188477"
"45321","0.9711999893188477","0.9711999893188477","0.9711999893188477"
"45332","0.9711999893188477","0.9711999893188477","0.9711999893188477"
"45343","0.971299946308136","0.971299946308136","0.971299946308136"
"45354","0.971299946308136","0.971299946308136","0.971299946308136"
"45365","0.971299946308136","0.971299946308136","0.971299946308136"
"45376","0.971299946308136","0.971299946308136","0.971299946308136"
"45387","0.971299946308136","0.971299946308136","0.971299946308136"
"45398","0.971299946308136","0.971299946308136","0.971299946308136"
"45409","0.971299946308136","0.971299946308136","0.971299946308136"
"45420","0.9711999893188477","0.9711999893188477","0.9711999893188477"
"45431","0.9711999893188477","0.9711999893188477","0.9711999893188477"
"45442","0.9711999893188477","0.9711999893188477","0.9711999893188477"
"45453","0.971299946308136","0.971299946308136","0.971299946308136"
"45464","0.971299946308136","0.971299946308136","0.971299946308136"
"45475","0.971299946308136","0.971299946308136","0.971299946308136"
"45486","0.971299946308136","0.971299946308136","0.971299946308136"
"45497","0.9713999629020691","0.9713999629020691","0.9713999629020691"
"45508","0.9714999794960022","0.9714999794960022","0.9714999794960022"
"45519","0.9715999960899353","0.9715999960899353","0.9715999960899353"
"45530","0.9714999794960022","0.9714999794960022","0.9714999794960022"
"45541","0.9714999794960022","0.9714999794960022","0.9714999794960022"
"45552","0.9715999960899353","0.9715999960899353","0.9715999960899353"
"45563","0.9715999960899353","0.9715999960899353","0.9715999960899353"
"45574","0.9715999960899353","0.9715999960899353","0.9715999960899353"
"45585","0.9716999530792236","0.9716999530792236","0.9716999530792236"
"45596","0.9717999696731567","0.9717999696731567","0.9717999696731567"
"45607","0.9717999696731567","0.9717999696731567","0.9717999696731567"
"45618","0.9717999696731567","0.9717999696731567","0.9717999696731567"
"45629","0.9717999696731567","0.9717999696731567","0.9717999696731567"
"45640","0.9717999696731567","0.9717999696731567","0.9717999696731567"
"45651","0.9717999696731567","0.9717999696731567","0.9717999696731567"
"45662","0.9717999696731567","0.9717999696731567","0.9717999696731567"
"45673","0.9717999696731567","0.9717999696731567","0.9717999696731567"
"45684","0.972000002861023","0.972000002861023","0.972000002861023"
"45695","0.972000002861023","0.972000002861023","0.972000002861023"
"45706","0.972000002861023","0.972000002861023","0.972000002861023"
"45717","0.972000002861023","0.972000002861023","0.972000002861023"
"45728","0.972000002861023","0.972000002861023","0.972000002861023"
"45739","0.972000002861023","0.972000002861023","0.972000002861023"
"45750","0.972000002861023","0.972000002861023","0.972000002861023"
"45761","0.972000002861023","0.972000002861023","0.972000002861023"
"45772","0.972000002861023","0.972000002861023","0.972000002861023"
"45783","0.972000002861023","0.972000002861023","0.972000002861023"
"45794","0.972000002861023","0.972000002861023","0.972000002861023"
"45805","0.9720999598503113","0.9720999598503113","0.9720999598503113"
"45816","0.9720999598503113","0.9720999598503113","0.9720999598503113"
"45827","0.9720999598503113","0.9720999598503113","0.9720999598503113"
"45838","0.9720999598503113","0.9720999598503113","0.9720999598503113"
"45849","0.972000002861023","0.972000002861023","0.972000002861023"
"45860","0.972000002861023","0.972000002861023","0.972000002861023"
"45871","0.972000002861023","0.972000002861023","0.972000002861023"
"45882","0.972000002861023","0.972000002861023","0.972000002861023"
"45893","0.972000002861023","0.972000002861023","0.972000002861023"
"45904","0.972000002861023","0.972000002861023","0.972000002861023"
"45915","0.972000002861023","0.972000002861023","0.972000002861023"
"45926","0.972000002861023","0.972000002861023","0.972000002861023"
"45937","0.972000002861023","0.972000002861023","0.972000002861023"
"45948","0.9720999598503113","0.9720999598503113","0.9720999598503113"
"45959","0.9720999598503113","0.9720999598503113","0.9720999598503113"
"45970","0.9721999764442444","0.9721999764442444","0.9721999764442444"
"45981","0.9721999764442444","0.9721999764442444","0.9721999764442444"
"45992","0.9721999764442444","0.9721999764442444","0.9721999764442444"
"46003","0.9721999764442444","0.9721999764442444","0.9721999764442444"
"46014","0.9722999930381775","0.9722999930381775","0.9722999930381775"
"46025","0.9721999764442444","0.9721999764442444","0.9721999764442444"
"46036","0.9722999930381775","0.9722999930381775","0.9722999930381775"
"46047","0.9721999764442444","0.9721999764442444","0.9721999764442444"
"46058","0.9722999930381775","0.9722999930381775","0.9722999930381775"
"46069","0.9722999930381775","0.9722999930381775","0.9722999930381775"
"46080","0.9722999930381775","0.9722999930381775","0.9722999930381775"
"46091","0.9722999930381775","0.9722999930381775","0.9722999930381775"
"46102","0.9722999930381775","0.9722999930381775","0.9722999930381775"
"46113","0.9722999930381775","0.9722999930381775","0.9722999930381775"
"46124","0.9722999930381775","0.9722999930381775","0.9722999930381775"
"46135","0.9722999930381775","0.9722999930381775","0.9722999930381775"
"46146","0.9722999930381775","0.9722999930381775","0.9722999930381775"
"46157","0.9722999930381775","0.9722999930381775","0.9722999930381775"
"46168","0.9722999930381775","0.9722999930381775","0.9722999930381775"
"46179","0.9722999930381775","0.9722999930381775","0.9722999930381775"
"46190","0.9724999666213989","0.9724999666213989","0.9724999666213989"
"46201","0.9724999666213989","0.9724999666213989","0.9724999666213989"
"46212","0.9724999666213989","0.9724999666213989","0.9724999666213989"
"46223","0.9723999500274658","0.9723999500274658","0.9723999500274658"
"46234","0.9723999500274658","0.9723999500274658","0.9723999500274658"
"46245","0.9724999666213989","0.9724999666213989","0.9724999666213989"
"46256","0.9724999666213989","0.9724999666213989","0.9724999666213989"
"46267","0.9724999666213989","0.9724999666213989","0.9724999666213989"
"46278","0.9724999666213989","0.9724999666213989","0.9724999666213989"
"46289","0.9724999666213989","0.9724999666213989","0.9724999666213989"
"46300","0.9724999666213989","0.9724999666213989","0.9724999666213989"
"46311","0.9724999666213989","0.9724999666213989","0.9724999666213989"
"46322","0.972599983215332","0.972599983215332","0.972599983215332"
"46333","0.9724999666213989","0.9724999666213989","0.9724999666213989"
"46344","0.972599983215332","0.972599983215332","0.972599983215332"
"46355","0.9726999998092651","0.9726999998092651","0.9726999998092651"
"46366","0.9726999998092651","0.9726999998092651","0.9726999998092651"
"46377","0.9726999998092651","0.9726999998092651","0.9726999998092651"
"46388","0.9726999998092651","0.9726999998092651","0.9726999998092651"
"46399","0.9726999998092651","0.9726999998092651","0.9726999998092651"
"46410","0.9726999998092651","0.9726999998092651","0.9726999998092651"
"46421","0.9726999998092651","0.9726999998092651","0.9726999998092651"
"46432","0.9726999998092651","0.9726999998092651","0.9726999998092651"
"46443","0.9726999998092651","0.9726999998092651","0.9726999998092651"
"46454","0.9726999998092651","0.9726999998092651","0.9726999998092651"
"46465","0.9726999998092651","0.9726999998092651","0.9726999998092651"
"46476","0.9726999998092651","0.9726999998092651","0.9726999998092651"
"46487","0.972599983215332","0.972599983215332","0.972599983215332"
"46498","0.9726999998092651","0.9726999998092651","0.9726999998092651"
"46509","0.9726999998092651","0.9726999998092651","0.9726999998092651"
"46520","0.9726999998092651","0.9726999998092651","0.9726999998092651"
"46531","0.9726999998092651","0.9726999998092651","0.9726999998092651"
"46542","0.9726999998092651","0.9726999998092651","0.9726999998092651"
"46553","0.9726999998092651","0.9726999998092651","0.9726999998092651"
"46564","0.9726999998092651","0.9726999998092651","0.9726999998092651"
"46575","0.9727999567985535","0.9727999567985535","0.9727999567985535"
"46586","0.9727999567985535","0.9727999567985535","0.9727999567985535"
"46597","0.9727999567985535","0.9727999567985535","0.9727999567985535"
"46608","0.9728999733924866","0.9728999733924866","0.9728999733924866"
"46619","0.9728999733924866","0.9728999733924866","0.9728999733924866"
"46630","0.9728999733924866","0.9728999733924866","0.9728999733924866"
"46641","0.9728999733924866","0.9728999733924866","0.9728999733924866"
"46652","0.973099946975708","0.973099946975708","0.973099946975708"
"46663","0.9731999635696411","0.9731999635696411","0.9731999635696411"
"46674","0.9732999801635742","0.9732999801635742","0.9732999801635742"
"46685","0.9731999635696411","0.9731999635696411","0.9731999635696411"
"46696","0.973099946975708","0.973099946975708","0.973099946975708"
"46707","0.973099946975708","0.973099946975708","0.973099946975708"
"46718","0.973099946975708","0.973099946975708","0.973099946975708"
"46729","0.973099946975708","0.973099946975708","0.973099946975708"
"46740","0.9731999635696411","0.9731999635696411","0.9731999635696411"
"46751","0.9731999635696411","0.9731999635696411","0.9731999635696411"
"46762","0.9731999635696411","0.9731999635696411","0.9731999635696411"
"46773","0.973099946975708","0.973099946975708","0.973099946975708"
"46784","0.9731999635696411","0.9731999635696411","0.9731999635696411"
"46795","0.9732999801635742","0.9732999801635742","0.9732999801635742"
"46806","0.9731999635696411","0.9731999635696411","0.9731999635696411"
"46817","0.9731999635696411","0.9731999635696411","0.9731999635696411"
"46828","0.9731999635696411","0.9731999635696411","0.9731999635696411"
"46839","0.9731999635696411","0.9731999635696411","0.9731999635696411"
"46850","0.9731999635696411","0.9731999635696411","0.9731999635696411"
"46861","0.9731999635696411","0.9731999635696411","0.9731999635696411"
"46872","0.9731999635696411","0.9731999635696411","0.9731999635696411"
"46883","0.9731999635696411","0.9731999635696411","0.9731999635696411"
"46894","0.9733999967575073","0.9733999967575073","0.9733999967575073"
"46905","0.9733999967575073","0.9733999967575073","0.9733999967575073"
"46916","0.9733999967575073","0.9733999967575073","0.9733999967575073"
"46927","0.9733999967575073","0.9733999967575073","0.9733999967575073"
"46938","0.9733999967575073","0.9733999967575073","0.9733999967575073"
"46949","0.9733999967575073","0.9733999967575073","0.9733999967575073"
"46960","0.9733999967575073","0.9733999967575073","0.9733999967575073"
"46971","0.9732999801635742","0.9732999801635742","0.9732999801635742"
"46982","0.9732999801635742","0.9732999801635742","0.9732999801635742"
"46993","0.9732999801635742","0.9732999801635742","0.9732999801635742"
"47004","0.9732999801635742","0.9732999801635742","0.9732999801635742"
"47015","0.9733999967575073","0.9733999967575073","0.9733999967575073"
"47026","0.9733999967575073","0.9733999967575073","0.9733999967575073"
"47037","0.9732999801635742","0.9732999801635742","0.9732999801635742"
"47048","0.9732999801635742","0.9732999801635742","0.9732999801635742"
"47059","0.9732999801635742","0.9732999801635742","0.9732999801635742"
"47070","0.9732999801635742","0.9732999801635742","0.9732999801635742"
"47081","0.9732999801635742","0.9732999801635742","0.9732999801635742"
"47092","0.9733999967575073","0.9733999967575073","0.9733999967575073"
"47103","0.9734999537467957","0.9734999537467957","0.9734999537467957"
"47114","0.9733999967575073","0.9733999967575073","0.9733999967575073"
"47125","0.9733999967575073","0.9733999967575073","0.9733999967575073"
"47136","0.9734999537467957","0.9734999537467957","0.9734999537467957"
"47147","0.9735999703407288","0.9735999703407288","0.9735999703407288"
"47158","0.9735999703407288","0.9735999703407288","0.9735999703407288"
"47169","0.973800003528595","0.973800003528595","0.973800003528595"
"47180","0.9735999703407288","0.9735999703407288","0.9735999703407288"
"47191","0.973800003528595","0.973800003528595","0.973800003528595"
"47202","0.973800003528595","0.973800003528595","0.973800003528595"
"47213","0.9738999605178833","0.9738999605178833","0.9738999605178833"
"47224","0.9738999605178833","0.9738999605178833","0.9738999605178833"
"47235","0.9739999771118164","0.9739999771118164","0.9739999771118164"
"47246","0.9738999605178833","0.9738999605178833","0.9738999605178833"
"47257","0.9739999771118164","0.9739999771118164","0.9739999771118164"
"47268","0.9739999771118164","0.9739999771118164","0.9739999771118164"
"47279","0.9738999605178833","0.9738999605178833","0.9738999605178833"
"47290","0.9739999771118164","0.9739999771118164","0.9739999771118164"
"47301","0.9739999771118164","0.9739999771118164","0.9739999771118164"
"47312","0.9739999771118164","0.9739999771118164","0.9739999771118164"
"47323","0.9739999771118164","0.9739999771118164","0.9739999771118164"
"47334","0.9739999771118164","0.9739999771118164","0.9739999771118164"
"47345","0.9739999771118164","0.9739999771118164","0.9739999771118164"
"47356","0.9739999771118164","0.9739999771118164","0.9739999771118164"
"47367","0.9739999771118164","0.9739999771118164","0.9739999771118164"
"47378","0.9739999771118164","0.9739999771118164","0.9739999771118164"
"47389","0.9739999771118164","0.9739999771118164","0.9739999771118164"
"47400","0.9739999771118164","0.9739999771118164","0.9739999771118164"
"47411","0.9739999771118164","0.9739999771118164","0.9739999771118164"
"47422","0.9740999937057495","0.9740999937057495","0.9740999937057495"
"47433","0.9740999937057495","0.9740999937057495","0.9740999937057495"
"47444","0.9740999937057495","0.9740999937057495","0.9740999937057495"
"47455","0.9740999937057495","0.9740999937057495","0.9740999937057495"
"47466","0.9740999937057495","0.9740999937057495","0.9740999937057495"
"47477","0.9740999937057495","0.9740999937057495","0.9740999937057495"
"47488","0.9740999937057495","0.9740999937057495","0.9740999937057495"
"47499","0.9740999937057495","0.9740999937057495","0.9740999937057495"
"47510","0.9739999771118164","0.9739999771118164","0.9739999771118164"
"47521","0.9740999937057495","0.9740999937057495","0.9740999937057495"
"47532","0.9741999506950378","0.9741999506950378","0.9741999506950378"
"47543","0.9740999937057495","0.9740999937057495","0.9740999937057495"
"47554","0.9741999506950378","0.9741999506950378","0.9741999506950378"
"47565","0.9741999506950378","0.9741999506950378","0.9741999506950378"
"47576","0.9741999506950378","0.9741999506950378","0.9741999506950378"
"47587","0.9741999506950378","0.9741999506950378","0.9741999506950378"
"47598","0.9741999506950378","0.9741999506950378","0.9741999506950378"
"47609","0.9741999506950378","0.9741999506950378","0.9741999506950378"
"47620","0.9741999506950378","0.9741999506950378","0.9741999506950378"
"47631","0.9741999506950378","0.9741999506950378","0.9741999506950378"
"47642","0.9741999506950378","0.9741999506950378","0.9741999506950378"
"47653","0.974299967288971","0.974299967288971","0.974299967288971"
"47664","0.974299967288971","0.974299967288971","0.974299967288971"
"47675","0.974299967288971","0.974299967288971","0.974299967288971"
"47686","0.974299967288971","0.974299967288971","0.974299967288971"
"47697","0.974299967288971","0.974299967288971","0.974299967288971"
"47708","0.974299967288971","0.974299967288971","0.974299967288971"
"47719","0.974299967288971","0.974299967288971","0.974299967288971"
"47730","0.974299967288971","0.974299967288971","0.974299967288971"
"47741","0.974399983882904","0.974399983882904","0.974399983882904"
"47752","0.974399983882904","0.974399983882904","0.974399983882904"
"47763","0.974399983882904","0.974399983882904","0.974399983882904"
"47774","0.974399983882904","0.974399983882904","0.974399983882904"
"47785","0.974399983882904","0.974399983882904","0.974399983882904"
"47796","0.9745000004768372","0.9745000004768372","0.9745000004768372"
"47807","0.9746999740600586","0.9746999740600586","0.9746999740600586"
"47818","0.9747999906539917","0.9747999906539917","0.9747999906539917"
"47829","0.9747999906539917","0.9747999906539917","0.9747999906539917"
"47840","0.9747999906539917","0.9747999906539917","0.9747999906539917"
"47851","0.9746999740600586","0.9746999740600586","0.9746999740600586"
"47862","0.97489994764328","0.97489994764328","0.97489994764328"
"47873","0.97489994764328","0.97489994764328","0.97489994764328"
"47884","0.97489994764328","0.97489994764328","0.97489994764328"
"47895","0.97489994764328","0.97489994764328","0.97489994764328"
"47906","0.97489994764328","0.97489994764328","0.97489994764328"
"47917","0.97489994764328","0.97489994764328","0.97489994764328"
"47928","0.9747999906539917","0.9747999906539917","0.9747999906539917"
"47939","0.97489994764328","0.97489994764328","0.97489994764328"
"47950","0.9749999642372131","0.9749999642372131","0.9749999642372131"
"47961","0.9749999642372131","0.9749999642372131","0.9749999642372131"
"47972","0.9750999808311462","0.9750999808311462","0.9750999808311462"
"47983","0.9750999808311462","0.9750999808311462","0.9750999808311462"
"47994","0.9751999974250793","0.9751999974250793","0.9751999974250793"
"48005","0.9752999544143677","0.9752999544143677","0.9752999544143677"
"48016","0.9752999544143677","0.9752999544143677","0.9752999544143677"
"48027","0.9751999974250793","0.9751999974250793","0.9751999974250793"
"48038","0.9752999544143677","0.9752999544143677","0.9752999544143677"
"48049","0.9750999808311462","0.9750999808311462","0.9750999808311462"
"48060","0.9752999544143677","0.9752999544143677","0.9752999544143677"
"48071","0.9753999710083008","0.9753999710083008","0.9753999710083008"
"48082","0.9752999544143677","0.9752999544143677","0.9752999544143677"
"48093","0.9754999876022339","0.9754999876022339","0.9754999876022339"
"48104","0.975600004196167","0.975600004196167","0.975600004196167"
"48115","0.9756999611854553","0.9756999611854553","0.9756999611854553"
"48126","0.9756999611854553","0.9756999611854553","0.9756999611854553"
"48137","0.9756999611854553","0.9756999611854553","0.9756999611854553"
"48148","0.9756999611854553","0.9756999611854553","0.9756999611854553"
"48159","0.9756999611854553","0.9756999611854553","0.9756999611854553"
"48170","0.9757999777793884","0.9757999777793884","0.9757999777793884"
"48181","0.9757999777793884","0.9757999777793884","0.9757999777793884"
"48192","0.9758999943733215","0.9758999943733215","0.9758999943733215"
"48203","0.9758999943733215","0.9758999943733215","0.9758999943733215"
"48214","0.9758999943733215","0.9758999943733215","0.9758999943733215"
"48225","0.9758999943733215","0.9758999943733215","0.9758999943733215"
"48236","0.9759999513626099","0.9759999513626099","0.9759999513626099"
"48247","0.9758999943733215","0.9758999943733215","0.9758999943733215"
"48258","0.9759999513626099","0.9759999513626099","0.9759999513626099"
"48269","0.9759999513626099","0.9759999513626099","0.9759999513626099"
"48280","0.976099967956543","0.976099967956543","0.976099967956543"
"48291","0.976099967956543","0.976099967956543","0.976099967956543"
"48302","0.976099967956543","0.976099967956543","0.976099967956543"
"48313","0.976099967956543","0.976099967956543","0.976099967956543"
"48324","0.976099967956543","0.976099967956543","0.976099967956543"
"48335","0.976099967956543","0.976099967956543","0.976099967956543"
"48346","0.976099967956543","0.976099967956543","0.976099967956543"
"48357","0.976099967956543","0.976099967956543","0.976099967956543"
"48368","0.976099967956543","0.976099967956543","0.976099967956543"
"48379","0.976099967956543","0.976099967956543","0.976099967956543"
"48390","0.976099967956543","0.976099967956543","0.976099967956543"
"48401","0.976099967956543","0.976099967956543","0.976099967956543"
"48412","0.976099967956543","0.976099967956543","0.976099967956543"
"48423","0.976099967956543","0.976099967956543","0.976099967956543"
"48434","0.976099967956543","0.976099967956543","0.976099967956543"
"48445","0.9761999845504761","0.9761999845504761","0.9761999845504761"
"48456","0.9763000011444092","0.9763000011444092","0.9763000011444092"
"48467","0.9763000011444092","0.9763000011444092","0.9763000011444092"
"48478","0.9763999581336975","0.9763999581336975","0.9763999581336975"
"48489","0.9763999581336975","0.9763999581336975","0.9763999581336975"
"48500","0.9763999581336975","0.9763999581336975","0.9763999581336975"
"48511","0.9763999581336975","0.9763999581336975","0.9763999581336975"
"48522","0.9763999581336975","0.9763999581336975","0.9763999581336975"
"48533","0.9763999581336975","0.9763999581336975","0.9763999581336975"
"48544","0.9764999747276306","0.9764999747276306","0.9764999747276306"
"48555","0.9764999747276306","0.9764999747276306","0.9764999747276306"
"48566","0.9764999747276306","0.9764999747276306","0.9764999747276306"
"48577","0.9764999747276306","0.9764999747276306","0.9764999747276306"
"48588","0.9764999747276306","0.9764999747276306","0.9764999747276306"
"48599","0.9764999747276306","0.9764999747276306","0.9764999747276306"
"48610","0.9764999747276306","0.9764999747276306","0.9764999747276306"
"48621","0.9764999747276306","0.9764999747276306","0.9764999747276306"
"48632","0.9763999581336975","0.9763999581336975","0.9763999581336975"
"48643","0.9764999747276306","0.9764999747276306","0.9764999747276306"
"48654","0.9764999747276306","0.9764999747276306","0.9764999747276306"
"48665","0.9764999747276306","0.9764999747276306","0.9764999747276306"
"48676","0.9764999747276306","0.9764999747276306","0.9764999747276306"
"48687","0.9764999747276306","0.9764999747276306","0.9764999747276306"
"48698","0.9764999747276306","0.9764999747276306","0.9764999747276306"
"48709","0.9764999747276306","0.9764999747276306","0.9764999747276306"
"48720","0.9764999747276306","0.9764999747276306","0.9764999747276306"
"48731","0.9764999747276306","0.9764999747276306","0.9764999747276306"
"48742","0.9764999747276306","0.9764999747276306","0.9764999747276306"
"48753","0.9764999747276306","0.9764999747276306","0.9764999747276306"
"48764","0.9764999747276306","0.9764999747276306","0.9764999747276306"
"48775","0.9764999747276306","0.9764999747276306","0.9764999747276306"
"48786","0.9764999747276306","0.9764999747276306","0.9764999747276306"
"48797","0.9764999747276306","0.9764999747276306","0.9764999747276306"
"48808","0.9764999747276306","0.9764999747276306","0.9764999747276306"
"48819","0.9764999747276306","0.9764999747276306","0.9764999747276306"
"48830","0.976699948310852","0.976699948310852","0.976699948310852"
"48841","0.976699948310852","0.976699948310852","0.976699948310852"
"48852","0.976699948310852","0.976699948310852","0.976699948310852"
"48863","0.9765999913215637","0.9765999913215637","0.9765999913215637"
"48874","0.9765999913215637","0.9765999913215637","0.9765999913215637"
"48885","0.976699948310852","0.976699948310852","0.976699948310852"
"48896","0.976699948310852","0.976699948310852","0.976699948310852"
"48907","0.976699948310852","0.976699948310852","0.976699948310852"
"48918","0.976699948310852","0.976699948310852","0.976699948310852"
"48929","0.976699948310852","0.976699948310852","0.976699948310852"
"48940","0.9765999913215637","0.9765999913215637","0.9765999913215637"
"48951","0.9765999913215637","0.9765999913215637","0.9765999913215637"
"48962","0.976699948310852","0.976699948310852","0.976699948310852"
"48973","0.9767999649047852","0.9767999649047852","0.9767999649047852"
"48984","0.9767999649047852","0.9767999649047852","0.9767999649047852"
"48995","0.9767999649047852","0.9767999649047852","0.9767999649047852"
"49006","0.9767999649047852","0.9767999649047852","0.9767999649047852"
"49017","0.9768999814987183","0.9768999814987183","0.9768999814987183"
"49028","0.9769999980926514","0.9769999980926514","0.9769999980926514"
"49039","0.9769999980926514","0.9769999980926514","0.9769999980926514"
"49050","0.9769999980926514","0.9769999980926514","0.9769999980926514"
"49061","0.9769999980926514","0.9769999980926514","0.9769999980926514"
"49072","0.9769999980926514","0.9769999980926514","0.9769999980926514"
"49083","0.9770999550819397","0.9770999550819397","0.9770999550819397"
"49094","0.9770999550819397","0.9770999550819397","0.9770999550819397"
"49105","0.9770999550819397","0.9770999550819397","0.9770999550819397"
"49116","0.9770999550819397","0.9770999550819397","0.9770999550819397"
"49127","0.9770999550819397","0.9770999550819397","0.9770999550819397"
"49138","0.9770999550819397","0.9770999550819397","0.9770999550819397"
"49149","0.9770999550819397","0.9770999550819397","0.9770999550819397"
"49160","0.9770999550819397","0.9770999550819397","0.9770999550819397"
"49171","0.9770999550819397","0.9770999550819397","0.9770999550819397"
"49182","0.9770999550819397","0.9770999550819397","0.9770999550819397"
"49193","0.9770999550819397","0.9770999550819397","0.9770999550819397"
"49204","0.9770999550819397","0.9770999550819397","0.9770999550819397"
"49215","0.9770999550819397","0.9770999550819397","0.9770999550819397"
"49226","0.9770999550819397","0.9770999550819397","0.9770999550819397"
"49237","0.9771999716758728","0.9771999716758728","0.9771999716758728"
"49248","0.9771999716758728","0.9771999716758728","0.9771999716758728"
"49259","0.9771999716758728","0.9771999716758728","0.9771999716758728"
"49270","0.977400004863739","0.977400004863739","0.977400004863739"
"49281","0.977400004863739","0.977400004863739","0.977400004863739"
"49292","0.9774999618530273","0.9774999618530273","0.9774999618530273"
"49303","0.9775999784469604","0.9775999784469604","0.9775999784469604"
"49314","0.9774999618530273","0.9774999618530273","0.9774999618530273"
"49325","0.9774999618530273","0.9774999618530273","0.9774999618530273"
"49336","0.9775999784469604","0.9775999784469604","0.9775999784469604"
"49347","0.9775999784469604","0.9775999784469604","0.9775999784469604"
"49358","0.9779999852180481","0.9779999852180481","0.9779999852180481"
"49369","0.9779999852180481","0.9779999852180481","0.9779999852180481"
"49380","0.9779999852180481","0.9779999852180481","0.9779999852180481"
"49391","0.9779999852180481","0.9779999852180481","0.9779999852180481"
"49402","0.9779999852180481","0.9779999852180481","0.9779999852180481"
"49413","0.9779999852180481","0.9779999852180481","0.9779999852180481"
"49424","0.977899968624115","0.977899968624115","0.977899968624115"
"49435","0.9779999852180481","0.9779999852180481","0.9779999852180481"
"49446","0.9779999852180481","0.9779999852180481","0.9779999852180481"
"49457","0.977899968624115","0.977899968624115","0.977899968624115"
"49468","0.9779999852180481","0.9779999852180481","0.9779999852180481"
"49479","0.9779999852180481","0.9779999852180481","0.9779999852180481"
"49490","0.9781000018119812","0.9781000018119812","0.9781000018119812"
"49501","0.9781000018119812","0.9781000018119812","0.9781000018119812"
"49512","0.9781999588012695","0.9781999588012695","0.9781999588012695"
"49523","0.9781999588012695","0.9781999588012695","0.9781999588012695"
"49534","0.9781999588012695","0.9781999588012695","0.9781999588012695"
"49545","0.9781999588012695","0.9781999588012695","0.9781999588012695"
"49556","0.9781999588012695","0.9781999588012695","0.9781999588012695"
"49567","0.9781999588012695","0.9781999588012695","0.9781999588012695"
"49578","0.9781999588012695","0.9781999588012695","0.9781999588012695"
"49589","0.9781999588012695","0.9781999588012695","0.9781999588012695"
"49600","0.9782999753952026","0.9782999753952026","0.9782999753952026"
"49611","0.9782999753952026","0.9782999753952026","0.9782999753952026"
"49622","0.9783999919891357","0.9783999919891357","0.9783999919891357"
"49633","0.9783999919891357","0.9783999919891357","0.9783999919891357"
"49644","0.9783999919891357","0.9783999919891357","0.9783999919891357"
"49655","0.9783999919891357","0.9783999919891357","0.9783999919891357"
"49666","0.9783999919891357","0.9783999919891357","0.9783999919891357"
"49677","0.9783999919891357","0.9783999919891357","0.9783999919891357"
"49688","0.9784999489784241","0.9784999489784241","0.9784999489784241"
"49699","0.9783999919891357","0.9783999919891357","0.9783999919891357"
"49710","0.9784999489784241","0.9784999489784241","0.9784999489784241"
"49721","0.9784999489784241","0.9784999489784241","0.9784999489784241"
"49732","0.9784999489784241","0.9784999489784241","0.9784999489784241"
"49743","0.9784999489784241","0.9784999489784241","0.9784999489784241"
"49754","0.9784999489784241","0.9784999489784241","0.9784999489784241"
"49765","0.9785999655723572","0.9785999655723572","0.9785999655723572"
"49776","0.9784999489784241","0.9784999489784241","0.9784999489784241"
"49787","0.9785999655723572","0.9785999655723572","0.9785999655723572"
"49798","0.9786999821662903","0.9786999821662903","0.9786999821662903"
"49809","0.9786999821662903","0.9786999821662903","0.9786999821662903"
"49820","0.9787999987602234","0.9787999987602234","0.9787999987602234"
"49831","0.9787999987602234","0.9787999987602234","0.9787999987602234"
"49842","0.9787999987602234","0.9787999987602234","0.9787999987602234"
"49853","0.9787999987602234","0.9787999987602234","0.9787999987602234"
"49864","0.9787999987602234","0.9787999987602234","0.9787999987602234"
"49875","0.9787999987602234","0.9787999987602234","0.9787999987602234"
"49886","0.9788999557495117","0.9788999557495117","0.9788999557495117"
"49897","0.9788999557495117","0.9788999557495117","0.9788999557495117"
"49908","0.9789999723434448","0.9789999723434448","0.9789999723434448"
"49919","0.9789999723434448","0.9789999723434448","0.9789999723434448"
"49930","0.9789999723434448","0.9789999723434448","0.9789999723434448"
"49941","0.9789999723434448","0.9789999723434448","0.9789999723434448"
"49952","0.9789999723434448","0.9789999723434448","0.9789999723434448"
"49963","0.9789999723434448","0.9789999723434448","0.9789999723434448"
"49974","0.9789999723434448","0.9789999723434448","0.9789999723434448"
"49985","0.9789999723434448","0.9789999723434448","0.9789999723434448"
"49996","0.9789999723434448","0.9789999723434448","0.9789999723434448"
"50007","0.9789999723434448","0.9789999723434448","0.9789999723434448"
"50018","0.9789999723434448","0.9789999723434448","0.9789999723434448"
"50029","0.9789999723434448","0.9789999723434448","0.9789999723434448"
"50040","0.9789999723434448","0.9789999723434448","0.9789999723434448"
"50051","0.9790999889373779","0.9790999889373779","0.9790999889373779"
"50062","0.9789999723434448","0.9789999723434448","0.9789999723434448"
"50073","0.9789999723434448","0.9789999723434448","0.9789999723434448"
"50084","0.9791999459266663","0.9791999459266663","0.9791999459266663"
"50095","0.9791999459266663","0.9791999459266663","0.9791999459266663"
"50106","0.9791999459266663","0.9791999459266663","0.9791999459266663"
"50117","0.9792999625205994","0.9792999625205994","0.9792999625205994"
"50128","0.9792999625205994","0.9792999625205994","0.9792999625205994"
"50139","0.9792999625205994","0.9792999625205994","0.9792999625205994"
"50150","0.9792999625205994","0.9792999625205994","0.9792999625205994"
"50161","0.9792999625205994","0.9792999625205994","0.9792999625205994"
"50172","0.9792999625205994","0.9792999625205994","0.9792999625205994"
"50183","0.9792999625205994","0.9792999625205994","0.9792999625205994"
"50194","0.9792999625205994","0.9792999625205994","0.9792999625205994"
"50205","0.9792999625205994","0.9792999625205994","0.9792999625205994"
"50216","0.9792999625205994","0.9792999625205994","0.9792999625205994"
"50227","0.9792999625205994","0.9792999625205994","0.9792999625205994"
"50238","0.9792999625205994","0.9792999625205994","0.9792999625205994"
"50249","0.9792999625205994","0.9792999625205994","0.9792999625205994"
"50260","0.9792999625205994","0.9792999625205994","0.9792999625205994"
"50271","0.9792999625205994","0.9792999625205994","0.9792999625205994"
"50282","0.9792999625205994","0.9792999625205994","0.9792999625205994"
"50293","0.9792999625205994","0.9792999625205994","0.9792999625205994"
"50304","0.9792999625205994","0.9792999625205994","0.9792999625205994"
"50315","0.9793999791145325","0.9793999791145325","0.9793999791145325"
"50326","0.9793999791145325","0.9793999791145325","0.9793999791145325"
"50337","0.9793999791145325","0.9793999791145325","0.9793999791145325"
"50348","0.9793999791145325","0.9793999791145325","0.9793999791145325"
"50359","0.9793999791145325","0.9793999791145325","0.9793999791145325"
"50370","0.9793999791145325","0.9793999791145325","0.9793999791145325"
"50381","0.9793999791145325","0.9793999791145325","0.9793999791145325"
"50392","0.9793999791145325","0.9793999791145325","0.9793999791145325"
"50403","0.9793999791145325","0.9793999791145325","0.9793999791145325"
"50414","0.9794999957084656","0.9794999957084656","0.9794999957084656"
"50425","0.9794999957084656","0.9794999957084656","0.9794999957084656"
"50436","0.9794999957084656","0.9794999957084656","0.9794999957084656"
"50447","0.9794999957084656","0.9794999957084656","0.9794999957084656"
"50458","0.9794999957084656","0.9794999957084656","0.9794999957084656"
"50469","0.9794999957084656","0.9794999957084656","0.9794999957084656"
"50480","0.9795999526977539","0.9795999526977539","0.9795999526977539"
"50491","0.9795999526977539","0.9795999526977539","0.9795999526977539"
"50502","0.9795999526977539","0.9795999526977539","0.9795999526977539"
"50513","0.979699969291687","0.979699969291687","0.979699969291687"
"50524","0.979699969291687","0.979699969291687","0.979699969291687"
"50535","0.979699969291687","0.979699969291687","0.979699969291687"
"50546","0.979699969291687","0.979699969291687","0.979699969291687"
"50557","0.979699969291687","0.979699969291687","0.979699969291687"
"50568","0.9797999858856201","0.9797999858856201","0.9797999858856201"
"50579","0.9797999858856201","0.9797999858856201","0.9797999858856201"
"50590","0.9797999858856201","0.9797999858856201","0.9797999858856201"
"50601","0.9797999858856201","0.9797999858856201","0.9797999858856201"
"50612","0.9797999858856201","0.9797999858856201","0.9797999858856201"
"50623","0.9797999858856201","0.9797999858856201","0.9797999858856201"
"50634","0.9797999858856201","0.9797999858856201","0.9797999858856201"
"50645","0.9797999858856201","0.9797999858856201","0.9797999858856201"
"50656","0.9797999858856201","0.9797999858856201","0.9797999858856201"
"50667","0.9797999858856201","0.9797999858856201","0.9797999858856201"
"50678","0.9797999858856201","0.9797999858856201","0.9797999858856201"
"50689","0.9797999858856201","0.9797999858856201","0.9797999858856201"
"50700","0.9797999858856201","0.9797999858856201","0.9797999858856201"
"50711","0.9799000024795532","0.9799000024795532","0.9799000024795532"
"50722","0.9797999858856201","0.9797999858856201","0.9797999858856201"
"50733","0.9797999858856201","0.9797999858856201","0.9797999858856201"
"50744","0.9799000024795532","0.9799000024795532","0.9799000024795532"
"50755","0.9799000024795532","0.9799000024795532","0.9799000024795532"
"50766","0.9797999858856201","0.9797999858856201","0.9797999858856201"
"50777","0.9797999858856201","0.9797999858856201","0.9797999858856201"
"50788","0.9797999858856201","0.9797999858856201","0.9797999858856201"
"50799","0.9797999858856201","0.9797999858856201","0.9797999858856201"
"50810","0.9797999858856201","0.9797999858856201","0.9797999858856201"
"50821","0.9799000024795532","0.9799000024795532","0.9799000024795532"
"50832","0.9797999858856201","0.9797999858856201","0.9797999858856201"
"50843","0.9799000024795532","0.9799000024795532","0.9799000024795532"
"50854","0.9799999594688416","0.9799999594688416","0.9799999594688416"
"50865","0.9799999594688416","0.9799999594688416","0.9799999594688416"
"50876","0.9799999594688416","0.9799999594688416","0.9799999594688416"
"50887","0.9799999594688416","0.9799999594688416","0.9799999594688416"
"50898","0.9800999760627747","0.9800999760627747","0.9800999760627747"
"50909","0.9800999760627747","0.9800999760627747","0.9800999760627747"
"50920","0.9800999760627747","0.9800999760627747","0.9800999760627747"
"50931","0.9800999760627747","0.9800999760627747","0.9800999760627747"
"50942","0.9800999760627747","0.9800999760627747","0.9800999760627747"
"50953","0.9800999760627747","0.9800999760627747","0.9800999760627747"
"50964","0.9800999760627747","0.9800999760627747","0.9800999760627747"
"50975","0.9800999760627747","0.9800999760627747","0.9800999760627747"
"50986","0.9800999760627747","0.9800999760627747","0.9800999760627747"
"50997","0.9800999760627747","0.9800999760627747","0.9800999760627747"
"51008","0.9800999760627747","0.9800999760627747","0.9800999760627747"
"51019","0.9800999760627747","0.9800999760627747","0.9800999760627747"
"51030","0.9800999760627747","0.9800999760627747","0.9800999760627747"
"51041","0.9800999760627747","0.9800999760627747","0.9800999760627747"
"51052","0.9800999760627747","0.9800999760627747","0.9800999760627747"
"51063","0.9800999760627747","0.9800999760627747","0.9800999760627747"
"51074","0.9800999760627747","0.9800999760627747","0.9800999760627747"
"51085","0.9800999760627747","0.9800999760627747","0.9800999760627747"
"51096","0.9801999926567078","0.9801999926567078","0.9801999926567078"
"51107","0.9801999926567078","0.9801999926567078","0.9801999926567078"
"51118","0.9801999926567078","0.9801999926567078","0.9801999926567078"
"51129","0.9801999926567078","0.9801999926567078","0.9801999926567078"
"51140","0.9801999926567078","0.9801999926567078","0.9801999926567078"
"51151","0.9801999926567078","0.9801999926567078","0.9801999926567078"
"51162","0.9801999926567078","0.9801999926567078","0.9801999926567078"
"51173","0.9801999926567078","0.9801999926567078","0.9801999926567078"
"51184","0.9801999926567078","0.9801999926567078","0.9801999926567078"
"51195","0.9800999760627747","0.9800999760627747","0.9800999760627747"
"51206","0.9801999926567078","0.9801999926567078","0.9801999926567078"
"51217","0.9803999662399292","0.9803999662399292","0.9803999662399292"
"51228","0.9803999662399292","0.9803999662399292","0.9803999662399292"
"51239","0.9803999662399292","0.9803999662399292","0.9803999662399292"
"51250","0.9803999662399292","0.9803999662399292","0.9803999662399292"
"51261","0.9803999662399292","0.9803999662399292","0.9803999662399292"
"51272","0.9802999496459961","0.9802999496459961","0.9802999496459961"
"51283","0.9803999662399292","0.9803999662399292","0.9803999662399292"
"51294","0.9804999828338623","0.9804999828338623","0.9804999828338623"
"51305","0.9804999828338623","0.9804999828338623","0.9804999828338623"
"51316","0.9804999828338623","0.9804999828338623","0.9804999828338623"
"51327","0.9805999994277954","0.9805999994277954","0.9805999994277954"
"51338","0.9805999994277954","0.9805999994277954","0.9805999994277954"
"51349","0.9806999564170837","0.9806999564170837","0.9806999564170837"
"51360","0.9805999994277954","0.9805999994277954","0.9805999994277954"
"51371","0.9806999564170837","0.9806999564170837","0.9806999564170837"
"51382","0.9806999564170837","0.9806999564170837","0.9806999564170837"
"51393","0.9806999564170837","0.9806999564170837","0.9806999564170837"
"51404","0.9806999564170837","0.9806999564170837","0.9806999564170837"
"51415","0.9806999564170837","0.9806999564170837","0.9806999564170837"
"51426","0.9807999730110168","0.9807999730110168","0.9807999730110168"
"51437","0.9807999730110168","0.9807999730110168","0.9807999730110168"
"51448","0.9807999730110168","0.9807999730110168","0.9807999730110168"
"51459","0.9807999730110168","0.9807999730110168","0.9807999730110168"
"51470","0.9807999730110168","0.9807999730110168","0.9807999730110168"
"51481","0.9807999730110168","0.9807999730110168","0.9807999730110168"
"51492","0.9807999730110168","0.9807999730110168","0.9807999730110168"
"51503","0.9807999730110168","0.9807999730110168","0.9807999730110168"
"51514","0.9807999730110168","0.9807999730110168","0.9807999730110168"
"51525","0.9807999730110168","0.9807999730110168","0.9807999730110168"
"51536","0.9807999730110168","0.9807999730110168","0.9807999730110168"
"51547","0.9807999730110168","0.9807999730110168","0.9807999730110168"
"51558","0.9807999730110168","0.9807999730110168","0.9807999730110168"
"51569","0.9807999730110168","0.9807999730110168","0.9807999730110168"
"51580","0.98089998960495","0.98089998960495","0.98089998960495"
"51591","0.98089998960495","0.98089998960495","0.98089998960495"
"51602","0.98089998960495","0.98089998960495","0.98089998960495"
"51613","0.98089998960495","0.98089998960495","0.98089998960495"
"51624","0.98089998960495","0.98089998960495","0.98089998960495"
"51635","0.98089998960495","0.98089998960495","0.98089998960495"
"51646","0.9809999465942383","0.9809999465942383","0.9809999465942383"
"51657","0.9809999465942383","0.9809999465942383","0.9809999465942383"
"51668","0.9809999465942383","0.9809999465942383","0.9809999465942383"
"51679","0.9809999465942383","0.9809999465942383","0.9809999465942383"
"51690","0.9810999631881714","0.9810999631881714","0.9810999631881714"
"51701","0.9810999631881714","0.9810999631881714","0.9810999631881714"
"51712","0.9810999631881714","0.9810999631881714","0.9810999631881714"
"51723","0.9810999631881714","0.9810999631881714","0.9810999631881714"
"51734","0.9810999631881714","0.9810999631881714","0.9810999631881714"
"51745","0.9810999631881714","0.9810999631881714","0.9810999631881714"
"51756","0.9810999631881714","0.9810999631881714","0.9810999631881714"
"51767","0.9809999465942383","0.9809999465942383","0.9809999465942383"
"51778","0.9810999631881714","0.9810999631881714","0.9810999631881714"
"51789","0.9810999631881714","0.9810999631881714","0.9810999631881714"
"51800","0.9811999797821045","0.9811999797821045","0.9811999797821045"
"51811","0.9810999631881714","0.9810999631881714","0.9810999631881714"
"51822","0.9810999631881714","0.9810999631881714","0.9810999631881714"
"51833","0.9810999631881714","0.9810999631881714","0.9810999631881714"
"51844","0.9810999631881714","0.9810999631881714","0.9810999631881714"
"51855","0.9811999797821045","0.9811999797821045","0.9811999797821045"
"51866","0.9810999631881714","0.9810999631881714","0.9810999631881714"
"51877","0.9810999631881714","0.9810999631881714","0.9810999631881714"
"51888","0.9811999797821045","0.9811999797821045","0.9811999797821045"
"51899","0.9812999963760376","0.9812999963760376","0.9812999963760376"
"51910","0.9812999963760376","0.9812999963760376","0.9812999963760376"
"51921","0.9812999963760376","0.9812999963760376","0.9812999963760376"
"51932","0.9812999963760376","0.9812999963760376","0.9812999963760376"
"51943","0.9812999963760376","0.9812999963760376","0.9812999963760376"
"51954","0.9812999963760376","0.9812999963760376","0.9812999963760376"
"51965","0.9810999631881714","0.9810999631881714","0.9810999631881714"
"51976","0.9812999963760376","0.9812999963760376","0.9812999963760376"
"51987","0.9811999797821045","0.9811999797821045","0.9811999797821045"
"51998","0.9811999797821045","0.9811999797821045","0.9811999797821045"
"52009","0.9811999797821045","0.9811999797821045","0.9811999797821045"
"52020","0.9811999797821045","0.9811999797821045","0.9811999797821045"
"52031","0.9810999631881714","0.9810999631881714","0.9810999631881714"
"52042","0.9812999963760376","0.9812999963760376","0.9812999963760376"
"52053","0.9812999963760376","0.9812999963760376","0.9812999963760376"
"52064","0.9812999963760376","0.9812999963760376","0.9812999963760376"
"52075","0.9812999963760376","0.9812999963760376","0.9812999963760376"
"52086","0.9812999963760376","0.9812999963760376","0.9812999963760376"
"52097","0.9812999963760376","0.9812999963760376","0.9812999963760376"
"52108","0.9812999963760376","0.9812999963760376","0.9812999963760376"
"52119","0.9812999963760376","0.9812999963760376","0.9812999963760376"
"52130","0.9812999963760376","0.9812999963760376","0.9812999963760376"
"52141","0.9812999963760376","0.9812999963760376","0.9812999963760376"
"52152","0.9812999963760376","0.9812999963760376","0.9812999963760376"
"52163","0.9812999963760376","0.9812999963760376","0.9812999963760376"
"52174","0.9812999963760376","0.9812999963760376","0.9812999963760376"
"52185","0.9813999533653259","0.9813999533653259","0.9813999533653259"
"52196","0.9813999533653259","0.9813999533653259","0.9813999533653259"
"52207","0.9813999533653259","0.9813999533653259","0.9813999533653259"
"52218","0.981499969959259","0.981499969959259","0.981499969959259"
"52229","0.981499969959259","0.981499969959259","0.981499969959259"
"52240","0.981499969959259","0.981499969959259","0.981499969959259"
"52251","0.981499969959259","0.981499969959259","0.981499969959259"
"52262","0.981499969959259","0.981499969959259","0.981499969959259"
"52273","0.9815999865531921","0.9815999865531921","0.9815999865531921"
"52284","0.9815999865531921","0.9815999865531921","0.9815999865531921"
"52295","0.9815999865531921","0.9815999865531921","0.9815999865531921"
"52306","0.9815999865531921","0.9815999865531921","0.9815999865531921"
"52317","0.9815999865531921","0.9815999865531921","0.9815999865531921"
"52328","0.9815999865531921","0.9815999865531921","0.9815999865531921"
"52339","0.9815999865531921","0.9815999865531921","0.9815999865531921"
"52350","0.9815999865531921","0.9815999865531921","0.9815999865531921"
"52361","0.9815999865531921","0.9815999865531921","0.9815999865531921"
"52372","0.9815999865531921","0.9815999865531921","0.9815999865531921"
"52383","0.9815999865531921","0.9815999865531921","0.9815999865531921"
"52394","0.9815999865531921","0.9815999865531921","0.9815999865531921"
"52405","0.9815999865531921","0.9815999865531921","0.9815999865531921"
"52416","0.9815999865531921","0.9815999865531921","0.9815999865531921"
"52427","0.9817000031471252","0.9817000031471252","0.9817000031471252"
"52438","0.9817000031471252","0.9817000031471252","0.9817000031471252"
"52449","0.9817000031471252","0.9817000031471252","0.9817000031471252"
"52460","0.9817000031471252","0.9817000031471252","0.9817000031471252"
"52471","0.9817000031471252","0.9817000031471252","0.9817000031471252"
"52482","0.9817999601364136","0.9817999601364136","0.9817999601364136"
"52493","0.9817999601364136","0.9817999601364136","0.9817999601364136"
"52504","0.9817999601364136","0.9817999601364136","0.9817999601364136"
"52515","0.9817999601364136","0.9817999601364136","0.9817999601364136"
"52526","0.9817999601364136","0.9817999601364136","0.9817999601364136"
"52537","0.9817999601364136","0.9817999601364136","0.9817999601364136"
"52548","0.9817999601364136","0.9817999601364136","0.9817999601364136"
"52559","0.9817999601364136","0.9817999601364136","0.9817999601364136"
"52570","0.9817999601364136","0.9817999601364136","0.9817999601364136"
"52581","0.9817999601364136","0.9817999601364136","0.9817999601364136"
"52592","0.9818999767303467","0.9818999767303467","0.9818999767303467"
"52603","0.9818999767303467","0.9818999767303467","0.9818999767303467"
"52614","0.9819999933242798","0.9819999933242798","0.9819999933242798"
"52625","0.9819999933242798","0.9819999933242798","0.9819999933242798"
"52636","0.9819999933242798","0.9819999933242798","0.9819999933242798"
"52647","0.9819999933242798","0.9819999933242798","0.9819999933242798"
"52658","0.9819999933242798","0.9819999933242798","0.9819999933242798"
"52669","0.9819999933242798","0.9819999933242798","0.9819999933242798"
"52680","0.9819999933242798","0.9819999933242798","0.9819999933242798"
"52691","0.9819999933242798","0.9819999933242798","0.9819999933242798"
"52702","0.9819999933242798","0.9819999933242798","0.9819999933242798"
"52713","0.9819999933242798","0.9819999933242798","0.9819999933242798"
"52724","0.9820999503135681","0.9820999503135681","0.9820999503135681"
"52735","0.9819999933242798","0.9819999933242798","0.9819999933242798"
"52746","0.9820999503135681","0.9820999503135681","0.9820999503135681"
"52757","0.9819999933242798","0.9819999933242798","0.9819999933242798"
"52768","0.9820999503135681","0.9820999503135681","0.9820999503135681"
"52779","0.9819999933242798","0.9819999933242798","0.9819999933242798"
"52790","0.9819999933242798","0.9819999933242798","0.9819999933242798"
"52801","0.9819999933242798","0.9819999933242798","0.9819999933242798"
"52812","0.9819999933242798","0.9819999933242798","0.9819999933242798"
"52823","0.9819999933242798","0.9819999933242798","0.9819999933242798"
"52834","0.9819999933242798","0.9819999933242798","0.9819999933242798"
"52845","0.9820999503135681","0.9820999503135681","0.9820999503135681"
"52856","0.9821999669075012","0.9821999669075012","0.9821999669075012"
"52867","0.9820999503135681","0.9820999503135681","0.9820999503135681"
"52878","0.9820999503135681","0.9820999503135681","0.9820999503135681"
"52889","0.9820999503135681","0.9820999503135681","0.9820999503135681"
"52900","0.9820999503135681","0.9820999503135681","0.9820999503135681"
"52911","0.9820999503135681","0.9820999503135681","0.9820999503135681"
"52922","0.9820999503135681","0.9820999503135681","0.9820999503135681"
"52933","0.9820999503135681","0.9820999503135681","0.9820999503135681"
"52944","0.9820999503135681","0.9820999503135681","0.9820999503135681"
"52955","0.9821999669075012","0.9821999669075012","0.9821999669075012"
"52966","0.9821999669075012","0.9821999669075012","0.9821999669075012"
"52977","0.9821999669075012","0.9821999669075012","0.9821999669075012"
"52988","0.9821999669075012","0.9821999669075012","0.9821999669075012"
"52999","0.9822999835014343","0.9822999835014343","0.9822999835014343"
"53010","0.9821999669075012","0.9821999669075012","0.9821999669075012"
"53021","0.9822999835014343","0.9822999835014343","0.9822999835014343"
"53032","0.9822999835014343","0.9822999835014343","0.9822999835014343"
"53043","0.9824000000953674","0.9824000000953674","0.9824000000953674"
"53054","0.9822999835014343","0.9822999835014343","0.9822999835014343"
"53065","0.9822999835014343","0.9822999835014343","0.9822999835014343"
"53076","0.9822999835014343","0.9822999835014343","0.9822999835014343"
"53087","0.9824000000953674","0.9824000000953674","0.9824000000953674"
"53098","0.9824000000953674","0.9824000000953674","0.9824000000953674"
"53109","0.9824000000953674","0.9824000000953674","0.9824000000953674"
"53120","0.9822999835014343","0.9822999835014343","0.9822999835014343"
"53131","0.9822999835014343","0.9822999835014343","0.9822999835014343"
"53142","0.9824000000953674","0.9824000000953674","0.9824000000953674"
"53153","0.9824000000953674","0.9824000000953674","0.9824000000953674"
"53164","0.9824000000953674","0.9824000000953674","0.9824000000953674"
"53175","0.9824000000953674","0.9824000000953674","0.9824000000953674"
"53186","0.9824000000953674","0.9824000000953674","0.9824000000953674"
"53197","0.9824000000953674","0.9824000000953674","0.9824000000953674"
"53208","0.9824000000953674","0.9824000000953674","0.9824000000953674"
"53219","0.9824000000953674","0.9824000000953674","0.9824000000953674"
"53230","0.9824000000953674","0.9824000000953674","0.9824000000953674"
"53241","0.9824000000953674","0.9824000000953674","0.9824000000953674"
"53252","0.9824000000953674","0.9824000000953674","0.9824000000953674"
"53263","0.9824000000953674","0.9824000000953674","0.9824000000953674"
"53274","0.9824000000953674","0.9824000000953674","0.9824000000953674"
"53285","0.9824000000953674","0.9824000000953674","0.9824000000953674"
"53296","0.9824000000953674","0.9824000000953674","0.9824000000953674"
"53307","0.9824000000953674","0.9824000000953674","0.9824000000953674"
"53318","0.9824000000953674","0.9824000000953674","0.9824000000953674"
"53329","0.9824000000953674","0.9824000000953674","0.9824000000953674"
"53340","0.9824000000953674","0.9824000000953674","0.9824000000953674"
"53351","0.9824000000953674","0.9824000000953674","0.9824000000953674"
"53362","0.9824999570846558","0.9824999570846558","0.9824999570846558"
"53373","0.9824999570846558","0.9824999570846558","0.9824999570846558"
"53384","0.9824999570846558","0.9824999570846558","0.9824999570846558"
"53395","0.9824999570846558","0.9824999570846558","0.9824999570846558"
"53406","0.9824999570846558","0.9824999570846558","0.9824999570846558"
"53417","0.9824999570846558","0.9824999570846558","0.9824999570846558"
"53428","0.9824999570846558","0.9824999570846558","0.9824999570846558"
"53439","0.9824999570846558","0.9824999570846558","0.9824999570846558"
"53450","0.9824999570846558","0.9824999570846558","0.9824999570846558"
"53461","0.9824999570846558","0.9824999570846558","0.9824999570846558"
"53472","0.9824999570846558","0.9824999570846558","0.9824999570846558"
"53483","0.9824999570846558","0.9824999570846558","0.9824999570846558"
"53494","0.9824999570846558","0.9824999570846558","0.9824999570846558"
"53505","0.9824999570846558","0.9824999570846558","0.9824999570846558"
"53516","0.9824999570846558","0.9824999570846558","0.9824999570846558"
"53527","0.9824999570846558","0.9824999570846558","0.9824999570846558"
"53538","0.9824999570846558","0.9824999570846558","0.9824999570846558"
"53549","0.9825999736785889","0.9825999736785889","0.9825999736785889"
"53560","0.9825999736785889","0.9825999736785889","0.9825999736785889"
"53571","0.9825999736785889","0.9825999736785889","0.9825999736785889"
"53582","0.9825999736785889","0.9825999736785889","0.9825999736785889"
"53593","0.9825999736785889","0.9825999736785889","0.9825999736785889"
"53604","0.9825999736785889","0.9825999736785889","0.9825999736785889"
"53615","0.9825999736785889","0.9825999736785889","0.9825999736785889"
"53626","0.9825999736785889","0.9825999736785889","0.9825999736785889"
"53637","0.9825999736785889","0.9825999736785889","0.9825999736785889"
"53648","0.9825999736785889","0.9825999736785889","0.9825999736785889"
"53659","0.9825999736785889","0.9825999736785889","0.9825999736785889"
"53670","0.9825999736785889","0.9825999736785889","0.9825999736785889"
"53681","0.9825999736785889","0.9825999736785889","0.9825999736785889"
"53692","0.9825999736785889","0.9825999736785889","0.9825999736785889"
"53703","0.9825999736785889","0.9825999736785889","0.9825999736785889"
"53714","0.9825999736785889","0.9825999736785889","0.9825999736785889"
"53725","0.9825999736785889","0.9825999736785889","0.9825999736785889"
"53736","0.9825999736785889","0.9825999736785889","0.9825999736785889"
"53747","0.9825999736785889","0.9825999736785889","0.9825999736785889"
"53758","0.9825999736785889","0.9825999736785889","0.9825999736785889"
"53769","0.9825999736785889","0.9825999736785889","0.9825999736785889"
"53780","0.9825999736785889","0.9825999736785889","0.9825999736785889"
"53791","0.9825999736785889","0.9825999736785889","0.9825999736785889"
"53802","0.9825999736785889","0.9825999736785889","0.9825999736785889"
"53813","0.9825999736785889","0.9825999736785889","0.9825999736785889"
"53824","0.9825999736785889","0.9825999736785889","0.9825999736785889"
"53835","0.9825999736785889","0.9825999736785889","0.9825999736785889"
"53846","0.9825999736785889","0.9825999736785889","0.9825999736785889"
"53857","0.9825999736785889","0.9825999736785889","0.9825999736785889"
"53868","0.9825999736785889","0.9825999736785889","0.9825999736785889"
"53879","0.9825999736785889","0.9825999736785889","0.9825999736785889"
"53890","0.9825999736785889","0.9825999736785889","0.9825999736785889"
"53901","0.9825999736785889","0.9825999736785889","0.9825999736785889"
"53912","0.9825999736785889","0.9825999736785889","0.9825999736785889"
"53923","0.9825999736785889","0.9825999736785889","0.9825999736785889"
"53934","0.9825999736785889","0.9825999736785889","0.9825999736785889"
"53945","0.9825999736785889","0.9825999736785889","0.9825999736785889"
"53956","0.982699990272522","0.982699990272522","0.982699990272522"
"53967","0.982699990272522","0.982699990272522","0.982699990272522"
"53978","0.982699990272522","0.982699990272522","0.982699990272522"
"53989","0.982699990272522","0.982699990272522","0.982699990272522"
"54000","0.9825999736785889","0.9825999736785889","0.9825999736785889"
"54011","0.982699990272522","0.982699990272522","0.982699990272522"
"54022","0.9827999472618103","0.9827999472618103","0.9827999472618103"
"54033","0.982699990272522","0.982699990272522","0.982699990272522"
"54044","0.982699990272522","0.982699990272522","0.982699990272522"
"54055","0.982699990272522","0.982699990272522","0.982699990272522"
"54066","0.9827999472618103","0.9827999472618103","0.9827999472618103"
"54077","0.9828999638557434","0.9828999638557434","0.9828999638557434"
"54088","0.9828999638557434","0.9828999638557434","0.9828999638557434"
"54099","0.9828999638557434","0.9828999638557434","0.9828999638557434"
"54110","0.9828999638557434","0.9828999638557434","0.9828999638557434"
"54121","0.9828999638557434","0.9828999638557434","0.9828999638557434"
"54132","0.9828999638557434","0.9828999638557434","0.9828999638557434"
"54143","0.9828999638557434","0.9828999638557434","0.9828999638557434"
"54154","0.9828999638557434","0.9828999638557434","0.9828999638557434"
"54165","0.9828999638557434","0.9828999638557434","0.9828999638557434"
"54176","0.9828999638557434","0.9828999638557434","0.9828999638557434"
"54187","0.9829999804496765","0.9829999804496765","0.9829999804496765"
"54198","0.9829999804496765","0.9829999804496765","0.9829999804496765"
"54209","0.9828999638557434","0.9828999638557434","0.9828999638557434"
"54220","0.9828999638557434","0.9828999638557434","0.9828999638557434"
"54231","0.9828999638557434","0.9828999638557434","0.9828999638557434"
"54242","0.9828999638557434","0.9828999638557434","0.9828999638557434"
"54253","0.9828999638557434","0.9828999638557434","0.9828999638557434"
"54264","0.9828999638557434","0.9828999638557434","0.9828999638557434"
"54275","0.9828999638557434","0.9828999638557434","0.9828999638557434"
"54286","0.9828999638557434","0.9828999638557434","0.9828999638557434"
"54297","0.9828999638557434","0.9828999638557434","0.9828999638557434"
"54308","0.9828999638557434","0.9828999638557434","0.9828999638557434"
"54319","0.9828999638557434","0.9828999638557434","0.9828999638557434"
"54330","0.9828999638557434","0.9828999638557434","0.9828999638557434"
"54341","0.9828999638557434","0.9828999638557434","0.9828999638557434"
"54352","0.9828999638557434","0.9828999638557434","0.9828999638557434"
"54363","0.9828999638557434","0.9828999638557434","0.9828999638557434"
"54374","0.9828999638557434","0.9828999638557434","0.9828999638557434"
"54385","0.9828999638557434","0.9828999638557434","0.9828999638557434"
"54396","0.9829999804496765","0.9829999804496765","0.9829999804496765"
"54407","0.9829999804496765","0.9829999804496765","0.9829999804496765"
"54418","0.9829999804496765","0.9829999804496765","0.9829999804496765"
"54429","0.9830999970436096","0.9830999970436096","0.9830999970436096"
"54440","0.9830999970436096","0.9830999970436096","0.9830999970436096"
"54451","0.9829999804496765","0.9829999804496765","0.9829999804496765"
"54462","0.9829999804496765","0.9829999804496765","0.9829999804496765"
"54473","0.9829999804496765","0.9829999804496765","0.9829999804496765"
"54484","0.9829999804496765","0.9829999804496765","0.9829999804496765"
"54495","0.9830999970436096","0.9830999970436096","0.9830999970436096"
"54506","0.9829999804496765","0.9829999804496765","0.9829999804496765"
"54517","0.9829999804496765","0.9829999804496765","0.9829999804496765"
"54528","0.9829999804496765","0.9829999804496765","0.9829999804496765"
"54539","0.9830999970436096","0.9830999970436096","0.9830999970436096"
"54550","0.9830999970436096","0.9830999970436096","0.9830999970436096"
"54561","0.9830999970436096","0.9830999970436096","0.9830999970436096"
"54572","0.983199954032898","0.983199954032898","0.983199954032898"
"54583","0.9830999970436096","0.9830999970436096","0.9830999970436096"
"54594","0.9830999970436096","0.9830999970436096","0.9830999970436096"
"54605","0.9830999970436096","0.9830999970436096","0.9830999970436096"
"54616","0.983199954032898","0.983199954032898","0.983199954032898"
"54627","0.983199954032898","0.983199954032898","0.983199954032898"
"54638","0.983299970626831","0.983299970626831","0.983299970626831"
"54649","0.983299970626831","0.983299970626831","0.983299970626831"
"54660","0.983299970626831","0.983299970626831","0.983299970626831"
"54671","0.9833999872207642","0.9833999872207642","0.9833999872207642"
"54682","0.9835999608039856","0.9835999608039856","0.9835999608039856"
"54693","0.9835999608039856","0.9835999608039856","0.9835999608039856"
"54704","0.9835000038146973","0.9835000038146973","0.9835000038146973"
"54715","0.9835000038146973","0.9835000038146973","0.9835000038146973"
"54726","0.9835000038146973","0.9835000038146973","0.9835000038146973"
"54737","0.9835999608039856","0.9835999608039856","0.9835999608039856"
"54748","0.9835999608039856","0.9835999608039856","0.9835999608039856"
"54759","0.9835999608039856","0.9835999608039856","0.9835999608039856"
"54770","0.9835999608039856","0.9835999608039856","0.9835999608039856"
"54781","0.9835999608039856","0.9835999608039856","0.9835999608039856"
"54792","0.9835999608039856","0.9835999608039856","0.9835999608039856"
"54803","0.9835999608039856","0.9835999608039856","0.9835999608039856"
"54814","0.9835999608039856","0.9835999608039856","0.9835999608039856"
"54825","0.9835999608039856","0.9835999608039856","0.9835999608039856"
"54836","0.9836999773979187","0.9836999773979187","0.9836999773979187"
"54847","0.9836999773979187","0.9836999773979187","0.9836999773979187"
"54858","0.9835999608039856","0.9835999608039856","0.9835999608039856"
"54869","0.9835999608039856","0.9835999608039856","0.9835999608039856"
"54880","0.9835999608039856","0.9835999608039856","0.9835999608039856"
"54891","0.9835999608039856","0.9835999608039856","0.9835999608039856"
"54902","0.9835999608039856","0.9835999608039856","0.9835999608039856"
"54913","0.9835999608039856","0.9835999608039856","0.9835999608039856"
"54924","0.9835999608039856","0.9835999608039856","0.9835999608039856"
"54935","0.9835999608039856","0.9835999608039856","0.9835999608039856"
"54946","0.9835999608039856","0.9835999608039856","0.9835999608039856"
"54957","0.9835999608039856","0.9835999608039856","0.9835999608039856"
"54968","0.9835999608039856","0.9835999608039856","0.9835999608039856"
"54979","0.9835999608039856","0.9835999608039856","0.9835999608039856"
"54990","0.9836999773979187","0.9836999773979187","0.9836999773979187"
"55001","0.9836999773979187","0.9836999773979187","0.9836999773979187"
"55012","0.9836999773979187","0.9836999773979187","0.9836999773979187"
"55023","0.9836999773979187","0.9836999773979187","0.9836999773979187"
"55034","0.9836999773979187","0.9836999773979187","0.9836999773979187"
"55045","0.9836999773979187","0.9836999773979187","0.9836999773979187"
"55056","0.9836999773979187","0.9836999773979187","0.9836999773979187"
"55067","0.9836999773979187","0.9836999773979187","0.9836999773979187"
"55078","0.9836999773979187","0.9836999773979187","0.9836999773979187"
"55089","0.9837999939918518","0.9837999939918518","0.9837999939918518"
"55100","0.9836999773979187","0.9836999773979187","0.9836999773979187"
"55111","0.9836999773979187","0.9836999773979187","0.9836999773979187"
"55122","0.9836999773979187","0.9836999773979187","0.9836999773979187"
"55133","0.9837999939918518","0.9837999939918518","0.9837999939918518"
"55144","0.9837999939918518","0.9837999939918518","0.9837999939918518"
"55155","0.9838999509811401","0.9838999509811401","0.9838999509811401"
"55166","0.9837999939918518","0.9837999939918518","0.9837999939918518"
"55177","0.9838999509811401","0.9838999509811401","0.9838999509811401"
"55188","0.9838999509811401","0.9838999509811401","0.9838999509811401"
"55199","0.9838999509811401","0.9838999509811401","0.9838999509811401"
"55210","0.9838999509811401","0.9838999509811401","0.9838999509811401"
"55221","0.9837999939918518","0.9837999939918518","0.9837999939918518"
"55232","0.9838999509811401","0.9838999509811401","0.9838999509811401"
"55243","0.9839999675750732","0.9839999675750732","0.9839999675750732"
"55254","0.9838999509811401","0.9838999509811401","0.9838999509811401"
"55265","0.9838999509811401","0.9838999509811401","0.9838999509811401"
"55276","0.9838999509811401","0.9838999509811401","0.9838999509811401"
"55287","0.9839999675750732","0.9839999675750732","0.9839999675750732"
"55298","0.9839999675750732","0.9839999675750732","0.9839999675750732"
"55309","0.9838999509811401","0.9838999509811401","0.9838999509811401"
"55320","0.9838999509811401","0.9838999509811401","0.9838999509811401"
"55331","0.9839999675750732","0.9839999675750732","0.9839999675750732"
"55342","0.9839999675750732","0.9839999675750732","0.9839999675750732"
"55353","0.9839999675750732","0.9839999675750732","0.9839999675750732"
"55364","0.9839999675750732","0.9839999675750732","0.9839999675750732"
"55375","0.9839999675750732","0.9839999675750732","0.9839999675750732"
"55386","0.9839999675750732","0.9839999675750732","0.9839999675750732"
"55397","0.9839999675750732","0.9839999675750732","0.9839999675750732"
"55408","0.9839999675750732","0.9839999675750732","0.9839999675750732"
"55419","0.9839999675750732","0.9839999675750732","0.9839999675750732"
"55430","0.9839999675750732","0.9839999675750732","0.9839999675750732"
"55441","0.9839999675750732","0.9839999675750732","0.9839999675750732"
"55452","0.9842000007629395","0.9842000007629395","0.9842000007629395"
"55463","0.9840999841690063","0.9840999841690063","0.9840999841690063"
"55474","0.9839999675750732","0.9839999675750732","0.9839999675750732"
"55485","0.9840999841690063","0.9840999841690063","0.9840999841690063"
"55496","0.9842999577522278","0.9842999577522278","0.9842999577522278"
"55507","0.9842999577522278","0.9842999577522278","0.9842999577522278"
"55518","0.9842999577522278","0.9842999577522278","0.9842999577522278"
"55529","0.9842999577522278","0.9842999577522278","0.9842999577522278"
"55540","0.9842999577522278","0.9842999577522278","0.9842999577522278"
"55551","0.9842999577522278","0.9842999577522278","0.9842999577522278"
"55562","0.9842000007629395","0.9842000007629395","0.9842000007629395"
"55573","0.9842000007629395","0.9842000007629395","0.9842000007629395"
"55584","0.9842999577522278","0.9842999577522278","0.9842999577522278"
"55595","0.9842999577522278","0.9842999577522278","0.9842999577522278"
"55606","0.9842999577522278","0.9842999577522278","0.9842999577522278"
"55617","0.9842999577522278","0.9842999577522278","0.9842999577522278"
"55628","0.9843999743461609","0.9843999743461609","0.9843999743461609"
"55639","0.9842999577522278","0.9842999577522278","0.9842999577522278"
"55650","0.9842000007629395","0.9842000007629395","0.9842000007629395"
"55661","0.9842999577522278","0.9842999577522278","0.9842999577522278"
"55672","0.9842999577522278","0.9842999577522278","0.9842999577522278"
"55683","0.9843999743461609","0.9843999743461609","0.9843999743461609"
"55694","0.984499990940094","0.984499990940094","0.984499990940094"
"55705","0.984499990940094","0.984499990940094","0.984499990940094"
"55716","0.984499990940094","0.984499990940094","0.984499990940094"
"55727","0.984499990940094","0.984499990940094","0.984499990940094"
"55738","0.984499990940094","0.984499990940094","0.984499990940094"
"55749","0.984499990940094","0.984499990940094","0.984499990940094"
"55760","0.984499990940094","0.984499990940094","0.984499990940094"
"55771","0.984499990940094","0.984499990940094","0.984499990940094"
"55782","0.984499990940094","0.984499990940094","0.984499990940094"
"55793","0.984499990940094","0.984499990940094","0.984499990940094"
"55804","0.984499990940094","0.984499990940094","0.984499990940094"
"55815","0.984499990940094","0.984499990940094","0.984499990940094"
"55826","0.984499990940094","0.984499990940094","0.984499990940094"
"55837","0.984499990940094","0.984499990940094","0.984499990940094"
"55848","0.984499990940094","0.984499990940094","0.984499990940094"
"55859","0.9845999479293823","0.9845999479293823","0.9845999479293823"
"55870","0.9845999479293823","0.9845999479293823","0.9845999479293823"
"55881","0.9845999479293823","0.9845999479293823","0.9845999479293823"
"55892","0.9845999479293823","0.9845999479293823","0.9845999479293823"
"55903","0.9845999479293823","0.9845999479293823","0.9845999479293823"
"55914","0.9845999479293823","0.9845999479293823","0.9845999479293823"
"55925","0.9845999479293823","0.9845999479293823","0.9845999479293823"
"55936","0.9845999479293823","0.9845999479293823","0.9845999479293823"
"55947","0.9845999479293823","0.9845999479293823","0.9845999479293823"
"55958","0.9845999479293823","0.9845999479293823","0.9845999479293823"
"55969","0.9845999479293823","0.9845999479293823","0.9845999479293823"
"55980","0.9846999645233154","0.9846999645233154","0.9846999645233154"
"55991","0.9846999645233154","0.9846999645233154","0.9846999645233154"
"56002","0.9846999645233154","0.9846999645233154","0.9846999645233154"
"56013","0.9846999645233154","0.9846999645233154","0.9846999645233154"
"56024","0.9846999645233154","0.9846999645233154","0.9846999645233154"
"56035","0.9846999645233154","0.9846999645233154","0.9846999645233154"
"56046","0.9846999645233154","0.9846999645233154","0.9846999645233154"
"56057","0.9846999645233154","0.9846999645233154","0.9846999645233154"
"56068","0.9846999645233154","0.9846999645233154","0.9846999645233154"
"56079","0.9846999645233154","0.9846999645233154","0.9846999645233154"
"56090","0.9846999645233154","0.9846999645233154","0.9846999645233154"
"56101","0.9846999645233154","0.9846999645233154","0.9846999645233154"
"56112","0.9846999645233154","0.9846999645233154","0.9846999645233154"
"56123","0.9846999645233154","0.9846999645233154","0.9846999645233154"
"56134","0.9847999811172485","0.9847999811172485","0.9847999811172485"
"56145","0.9846999645233154","0.9846999645233154","0.9846999645233154"
"56156","0.9846999645233154","0.9846999645233154","0.9846999645233154"
"56167","0.9847999811172485","0.9847999811172485","0.9847999811172485"
"56178","0.9847999811172485","0.9847999811172485","0.9847999811172485"
"56189","0.9847999811172485","0.9847999811172485","0.9847999811172485"
"56200","0.9847999811172485","0.9847999811172485","0.9847999811172485"
"56211","0.9847999811172485","0.9847999811172485","0.9847999811172485"
"56222","0.9847999811172485","0.9847999811172485","0.9847999811172485"
"56233","0.9848999977111816","0.9848999977111816","0.9848999977111816"
"56244","0.9848999977111816","0.9848999977111816","0.9848999977111816"
"56255","0.9848999977111816","0.9848999977111816","0.9848999977111816"
"56266","0.9848999977111816","0.9848999977111816","0.9848999977111816"
"56277","0.9847999811172485","0.9847999811172485","0.9847999811172485"
"56288","0.9848999977111816","0.9848999977111816","0.9848999977111816"
"56299","0.9847999811172485","0.9847999811172485","0.9847999811172485"
"56310","0.9847999811172485","0.9847999811172485","0.9847999811172485"
"56321","0.9847999811172485","0.9847999811172485","0.9847999811172485"
"56332","0.9847999811172485","0.9847999811172485","0.9847999811172485"
"56343","0.9847999811172485","0.9847999811172485","0.9847999811172485"
"56354","0.9847999811172485","0.9847999811172485","0.9847999811172485"
"56365","0.9847999811172485","0.9847999811172485","0.9847999811172485"
"56376","0.9847999811172485","0.9847999811172485","0.9847999811172485"
"56387","0.9847999811172485","0.9847999811172485","0.9847999811172485"
"56398","0.9847999811172485","0.9847999811172485","0.9847999811172485"
"56409","0.9847999811172485","0.9847999811172485","0.9847999811172485"
"56420","0.9847999811172485","0.9847999811172485","0.9847999811172485"
"56431","0.9848999977111816","0.9848999977111816","0.9848999977111816"
"56442","0.9847999811172485","0.9847999811172485","0.9847999811172485"
"56453","0.9847999811172485","0.9847999811172485","0.9847999811172485"
"56464","0.9848999977111816","0.9848999977111816","0.9848999977111816"
"56475","0.9848999977111816","0.9848999977111816","0.9848999977111816"
"56486","0.9848999977111816","0.9848999977111816","0.9848999977111816"
"56497","0.9848999977111816","0.9848999977111816","0.9848999977111816"
"56508","0.9848999977111816","0.9848999977111816","0.9848999977111816"
"56519","0.98499995470047","0.98499995470047","0.98499995470047"
"56530","0.98499995470047","0.98499995470047","0.98499995470047"
"56541","0.98499995470047","0.98499995470047","0.98499995470047"
"56552","0.98499995470047","0.98499995470047","0.98499995470047"
"56563","0.98499995470047","0.98499995470047","0.98499995470047"
"56574","0.98499995470047","0.98499995470047","0.98499995470047"
"56585","0.98499995470047","0.98499995470047","0.98499995470047"
"56596","0.98499995470047","0.98499995470047","0.98499995470047"
"56607","0.98499995470047","0.98499995470047","0.98499995470047"
"56618","0.98499995470047","0.98499995470047","0.98499995470047"
"56629","0.9850999712944031","0.9850999712944031","0.9850999712944031"
"56640","0.98499995470047","0.98499995470047","0.98499995470047"
"56651","0.9850999712944031","0.9850999712944031","0.9850999712944031"
"56662","0.9851999878883362","0.9851999878883362","0.9851999878883362"
"56673","0.9851999878883362","0.9851999878883362","0.9851999878883362"
"56684","0.9851999878883362","0.9851999878883362","0.9851999878883362"
"56695","0.9851999878883362","0.9851999878883362","0.9851999878883362"
"56706","0.9851999878883362","0.9851999878883362","0.9851999878883362"
"56717","0.9853000044822693","0.9853000044822693","0.9853000044822693"
"56728","0.9851999878883362","0.9851999878883362","0.9851999878883362"
"56739","0.9851999878883362","0.9851999878883362","0.9851999878883362"
"56750","0.9851999878883362","0.9851999878883362","0.9851999878883362"
"56761","0.9851999878883362","0.9851999878883362","0.9851999878883362"
"56772","0.9853000044822693","0.9853000044822693","0.9853000044822693"
"56783","0.9851999878883362","0.9851999878883362","0.9851999878883362"
"56794","0.9851999878883362","0.9851999878883362","0.9851999878883362"
"56805","0.9851999878883362","0.9851999878883362","0.9851999878883362"
"56816","0.9851999878883362","0.9851999878883362","0.9851999878883362"
"56827","0.9851999878883362","0.9851999878883362","0.9851999878883362"
"56838","0.9851999878883362","0.9851999878883362","0.9851999878883362"
"56849","0.9851999878883362","0.9851999878883362","0.9851999878883362"
"56860","0.9853000044822693","0.9853000044822693","0.9853000044822693"
"56871","0.9853000044822693","0.9853000044822693","0.9853000044822693"
"56882","0.9853000044822693","0.9853000044822693","0.9853000044822693"
"56893","0.9853000044822693","0.9853000044822693","0.9853000044822693"
"56904","0.9853000044822693","0.9853000044822693","0.9853000044822693"
"56915","0.9853000044822693","0.9853000044822693","0.9853000044822693"
"56926","0.9853000044822693","0.9853000044822693","0.9853000044822693"
"56937","0.9853000044822693","0.9853000044822693","0.9853000044822693"
"56948","0.9853000044822693","0.9853000044822693","0.9853000044822693"
"56959","0.9853000044822693","0.9853000044822693","0.9853000044822693"
"56970","0.9853000044822693","0.9853000044822693","0.9853000044822693"
"56981","0.9853000044822693","0.9853000044822693","0.9853000044822693"
"56992","0.9853000044822693","0.9853000044822693","0.9853000044822693"
"57003","0.9853000044822693","0.9853000044822693","0.9853000044822693"
"57014","0.9853000044822693","0.9853000044822693","0.9853000044822693"
"57025","0.9853000044822693","0.9853000044822693","0.9853000044822693"
"57036","0.9853000044822693","0.9853000044822693","0.9853000044822693"
"57047","0.9853000044822693","0.9853000044822693","0.9853000044822693"
"57058","0.9853000044822693","0.9853000044822693","0.9853000044822693"
"57069","0.9853000044822693","0.9853000044822693","0.9853000044822693"
"57080","0.9853999614715576","0.9853999614715576","0.9853999614715576"
"57091","0.9853999614715576","0.9853999614715576","0.9853999614715576"
"57102","0.9853000044822693","0.9853000044822693","0.9853000044822693"
"57113","0.9853000044822693","0.9853000044822693","0.9853000044822693"
"57124","0.9853000044822693","0.9853000044822693","0.9853000044822693"
"57135","0.9853000044822693","0.9853000044822693","0.9853000044822693"
"57146","0.9853000044822693","0.9853000044822693","0.9853000044822693"
"57157","0.9853000044822693","0.9853000044822693","0.9853000044822693"
"57168","0.9853000044822693","0.9853000044822693","0.9853000044822693"
"57179","0.9853000044822693","0.9853000044822693","0.9853000044822693"
"57190","0.9853999614715576","0.9853999614715576","0.9853999614715576"
"57201","0.9853999614715576","0.9853999614715576","0.9853999614715576"
"57212","0.9853999614715576","0.9853999614715576","0.9853999614715576"
"57223","0.9853999614715576","0.9853999614715576","0.9853999614715576"
"57234","0.9854999780654907","0.9854999780654907","0.9854999780654907"
"57245","0.9854999780654907","0.9854999780654907","0.9854999780654907"
"57256","0.9854999780654907","0.9854999780654907","0.9854999780654907"
"57267","0.9854999780654907","0.9854999780654907","0.9854999780654907"
"57278","0.9854999780654907","0.9854999780654907","0.9854999780654907"
"57289","0.9854999780654907","0.9854999780654907","0.9854999780654907"
"57300","0.9854999780654907","0.9854999780654907","0.9854999780654907"
"57311","0.9854999780654907","0.9854999780654907","0.9854999780654907"
"57322","0.9853999614715576","0.9853999614715576","0.9853999614715576"
"57333","0.9854999780654907","0.9854999780654907","0.9854999780654907"
"57344","0.9853999614715576","0.9853999614715576","0.9853999614715576"
"57355","0.9854999780654907","0.9854999780654907","0.9854999780654907"
"57366","0.9854999780654907","0.9854999780654907","0.9854999780654907"
"57377","0.9854999780654907","0.9854999780654907","0.9854999780654907"
"57388","0.9854999780654907","0.9854999780654907","0.9854999780654907"
"57399","0.9854999780654907","0.9854999780654907","0.9854999780654907"
"57410","0.9854999780654907","0.9854999780654907","0.9854999780654907"
"57421","0.9854999780654907","0.9854999780654907","0.9854999780654907"
"57432","0.9855999946594238","0.9855999946594238","0.9855999946594238"
"57443","0.9854999780654907","0.9854999780654907","0.9854999780654907"
"57454","0.9855999946594238","0.9855999946594238","0.9855999946594238"
"57465","0.9854999780654907","0.9854999780654907","0.9854999780654907"
"57476","0.9854999780654907","0.9854999780654907","0.9854999780654907"
"57487","0.9854999780654907","0.9854999780654907","0.9854999780654907"
"57498","0.9854999780654907","0.9854999780654907","0.9854999780654907"
"57509","0.9854999780654907","0.9854999780654907","0.9854999780654907"
"57520","0.9854999780654907","0.9854999780654907","0.9854999780654907"
"57531","0.9854999780654907","0.9854999780654907","0.9854999780654907"
"57542","0.9854999780654907","0.9854999780654907","0.9854999780654907"
"57553","0.9854999780654907","0.9854999780654907","0.9854999780654907"
"57564","0.9855999946594238","0.9855999946594238","0.9855999946594238"
"57575","0.9855999946594238","0.9855999946594238","0.9855999946594238"
"57586","0.9855999946594238","0.9855999946594238","0.9855999946594238"
"57597","0.9855999946594238","0.9855999946594238","0.9855999946594238"
"57608","0.9855999946594238","0.9855999946594238","0.9855999946594238"
"57619","0.9855999946594238","0.9855999946594238","0.9855999946594238"
"57630","0.9855999946594238","0.9855999946594238","0.9855999946594238"
"57641","0.9855999946594238","0.9855999946594238","0.9855999946594238"
"57652","0.9855999946594238","0.9855999946594238","0.9855999946594238"
"57663","0.9855999946594238","0.9855999946594238","0.9855999946594238"
"57674","0.9855999946594238","0.9855999946594238","0.9855999946594238"
"57685","0.9855999946594238","0.9855999946594238","0.9855999946594238"
"57696","0.9855999946594238","0.9855999946594238","0.9855999946594238"
"57707","0.9855999946594238","0.9855999946594238","0.9855999946594238"
"57718","0.9855999946594238","0.9855999946594238","0.9855999946594238"
"57729","0.9855999946594238","0.9855999946594238","0.9855999946594238"
"57740","0.9855999946594238","0.9855999946594238","0.9855999946594238"
"57751","0.9855999946594238","0.9855999946594238","0.9855999946594238"
"57762","0.9855999946594238","0.9855999946594238","0.9855999946594238"
"57773","0.9855999946594238","0.9855999946594238","0.9855999946594238"
"57784","0.9856999516487122","0.9856999516487122","0.9856999516487122"
"57795","0.9856999516487122","0.9856999516487122","0.9856999516487122"
"57806","0.9856999516487122","0.9856999516487122","0.9856999516487122"
"57817","0.9856999516487122","0.9856999516487122","0.9856999516487122"
"57828","0.9856999516487122","0.9856999516487122","0.9856999516487122"
"57839","0.9856999516487122","0.9856999516487122","0.9856999516487122"
"57850","0.9856999516487122","0.9856999516487122","0.9856999516487122"
"57861","0.9856999516487122","0.9856999516487122","0.9856999516487122"
"57872","0.9856999516487122","0.9856999516487122","0.9856999516487122"
"57883","0.9856999516487122","0.9856999516487122","0.9856999516487122"
"57894","0.9856999516487122","0.9856999516487122","0.9856999516487122"
"57905","0.9856999516487122","0.9856999516487122","0.9856999516487122"
"57916","0.9856999516487122","0.9856999516487122","0.9856999516487122"
"57927","0.9856999516487122","0.9856999516487122","0.9856999516487122"
"57938","0.9856999516487122","0.9856999516487122","0.9856999516487122"
"57949","0.9856999516487122","0.9856999516487122","0.9856999516487122"
"57960","0.9856999516487122","0.9856999516487122","0.9856999516487122"
"57971","0.9856999516487122","0.9856999516487122","0.9856999516487122"
"57982","0.9856999516487122","0.9856999516487122","0.9856999516487122"
"57993","0.9856999516487122","0.9856999516487122","0.9856999516487122"
"58004","0.9856999516487122","0.9856999516487122","0.9856999516487122"
"58015","0.9856999516487122","0.9856999516487122","0.9856999516487122"
"58026","0.9856999516487122","0.9856999516487122","0.9856999516487122"
"58037","0.9856999516487122","0.9856999516487122","0.9856999516487122"
"58048","0.9856999516487122","0.9856999516487122","0.9856999516487122"
"58059","0.9856999516487122","0.9856999516487122","0.9856999516487122"
"58070","0.9856999516487122","0.9856999516487122","0.9856999516487122"
"58081","0.9856999516487122","0.9856999516487122","0.9856999516487122"
"58092","0.9856999516487122","0.9856999516487122","0.9856999516487122"
"58103","0.9856999516487122","0.9856999516487122","0.9856999516487122"
"58114","0.9856999516487122","0.9856999516487122","0.9856999516487122"
"58125","0.9856999516487122","0.9856999516487122","0.9856999516487122"
"58136","0.9856999516487122","0.9856999516487122","0.9856999516487122"
"58147","0.9856999516487122","0.9856999516487122","0.9856999516487122"
"58158","0.9856999516487122","0.9856999516487122","0.9856999516487122"
"58169","0.9856999516487122","0.9856999516487122","0.9856999516487122"
"58180","0.9856999516487122","0.9856999516487122","0.9856999516487122"
"58191","0.9856999516487122","0.9856999516487122","0.9856999516487122"
"58202","0.9856999516487122","0.9856999516487122","0.9856999516487122"
"58213","0.9856999516487122","0.9856999516487122","0.9856999516487122"
"58224","0.9856999516487122","0.9856999516487122","0.9856999516487122"
"58235","0.9856999516487122","0.9856999516487122","0.9856999516487122"
"58246","0.9856999516487122","0.9856999516487122","0.9856999516487122"
"58257","0.9856999516487122","0.9856999516487122","0.9856999516487122"
"58268","0.9856999516487122","0.9856999516487122","0.9856999516487122"
"58279","0.9856999516487122","0.9856999516487122","0.9856999516487122"
"58290","0.9856999516487122","0.9856999516487122","0.9856999516487122"
"58301","0.9856999516487122","0.9856999516487122","0.9856999516487122"
"58312","0.9856999516487122","0.9856999516487122","0.9856999516487122"
"58323","0.9857999682426453","0.9857999682426453","0.9857999682426453"
"58334","0.9857999682426453","0.9857999682426453","0.9857999682426453"
"58345","0.9857999682426453","0.9857999682426453","0.9857999682426453"
"58356","0.9857999682426453","0.9857999682426453","0.9857999682426453"
"58367","0.9857999682426453","0.9857999682426453","0.9857999682426453"
"58378","0.9857999682426453","0.9857999682426453","0.9857999682426453"
"58389","0.9857999682426453","0.9857999682426453","0.9857999682426453"
"58400","0.9857999682426453","0.9857999682426453","0.9857999682426453"
"58411","0.9857999682426453","0.9857999682426453","0.9857999682426453"
"58422","0.9857999682426453","0.9857999682426453","0.9857999682426453"
"58433","0.9857999682426453","0.9857999682426453","0.9857999682426453"
"58444","0.9857999682426453","0.9857999682426453","0.9857999682426453"
"58455","0.9857999682426453","0.9857999682426453","0.9857999682426453"
"58466","0.9857999682426453","0.9857999682426453","0.9857999682426453"
"58477","0.9857999682426453","0.9857999682426453","0.9857999682426453"
"58488","0.9856999516487122","0.9856999516487122","0.9856999516487122"
"58499","0.9856999516487122","0.9856999516487122","0.9856999516487122"
"58510","0.9856999516487122","0.9856999516487122","0.9856999516487122"
"58521","0.9856999516487122","0.9856999516487122","0.9856999516487122"
"58532","0.9856999516487122","0.9856999516487122","0.9856999516487122"
"58543","0.9856999516487122","0.9856999516487122","0.9856999516487122"
"58554","0.9856999516487122","0.9856999516487122","0.9856999516487122"
"58565","0.9856999516487122","0.9856999516487122","0.9856999516487122"
"58576","0.9856999516487122","0.9856999516487122","0.9856999516487122"
"58587","0.9855999946594238","0.9855999946594238","0.9855999946594238"
"58598","0.9856999516487122","0.9856999516487122","0.9856999516487122"
"58609","0.9856999516487122","0.9856999516487122","0.9856999516487122"
"58620","0.9856999516487122","0.9856999516487122","0.9856999516487122"
"58631","0.9857999682426453","0.9857999682426453","0.9857999682426453"
"58642","0.9856999516487122","0.9856999516487122","0.9856999516487122"
"58653","0.9857999682426453","0.9857999682426453","0.9857999682426453"
"58664","0.9856999516487122","0.9856999516487122","0.9856999516487122"
"58675","0.9857999682426453","0.9857999682426453","0.9857999682426453"
"58686","0.9858999848365784","0.9858999848365784","0.9858999848365784"
"58697","0.9856999516487122","0.9856999516487122","0.9856999516487122"
"58708","0.9858999848365784","0.9858999848365784","0.9858999848365784"
"58719","0.9858999848365784","0.9858999848365784","0.9858999848365784"
"58730","0.9858999848365784","0.9858999848365784","0.9858999848365784"
"58741","0.9857999682426453","0.9857999682426453","0.9857999682426453"
"58752","0.9857999682426453","0.9857999682426453","0.9857999682426453"
"58763","0.9857999682426453","0.9857999682426453","0.9857999682426453"
"58774","0.9860000014305115","0.9860000014305115","0.9860000014305115"
"58785","0.9860000014305115","0.9860000014305115","0.9860000014305115"
"58796","0.9858999848365784","0.9858999848365784","0.9858999848365784"
"58807","0.9858999848365784","0.9858999848365784","0.9858999848365784"
"58818","0.9858999848365784","0.9858999848365784","0.9858999848365784"
"58829","0.9858999848365784","0.9858999848365784","0.9858999848365784"
"58840","0.9860000014305115","0.9860000014305115","0.9860000014305115"
"58851","0.9860000014305115","0.9860000014305115","0.9860000014305115"
"58862","0.9860000014305115","0.9860000014305115","0.9860000014305115"
"58873","0.9860999584197998","0.9860999584197998","0.9860999584197998"
"58884","0.9860000014305115","0.9860000014305115","0.9860000014305115"
"58895","0.9860999584197998","0.9860999584197998","0.9860999584197998"
"58906","0.9860999584197998","0.9860999584197998","0.9860999584197998"
"58917","0.9860999584197998","0.9860999584197998","0.9860999584197998"
"58928","0.9860999584197998","0.9860999584197998","0.9860999584197998"
"58939","0.9860999584197998","0.9860999584197998","0.9860999584197998"
"58950","0.9860000014305115","0.9860000014305115","0.9860000014305115"
"58961","0.9860000014305115","0.9860000014305115","0.9860000014305115"
"58972","0.9860000014305115","0.9860000014305115","0.9860000014305115"
"58983","0.9860999584197998","0.9860999584197998","0.9860999584197998"
"58994","0.9860999584197998","0.9860999584197998","0.9860999584197998"
"59005","0.9860000014305115","0.9860000014305115","0.9860000014305115"
"59016","0.9860000014305115","0.9860000014305115","0.9860000014305115"
"59027","0.9860000014305115","0.9860000014305115","0.9860000014305115"
"59038","0.9860000014305115","0.9860000014305115","0.9860000014305115"
"59049","0.9860000014305115","0.9860000014305115","0.9860000014305115"
"59060","0.9860999584197998","0.9860999584197998","0.9860999584197998"
"59071","0.9860999584197998","0.9860999584197998","0.9860999584197998"
"59082","0.9860999584197998","0.9860999584197998","0.9860999584197998"
"59093","0.9860999584197998","0.9860999584197998","0.9860999584197998"
"59104","0.9860999584197998","0.9860999584197998","0.9860999584197998"
"59115","0.9860999584197998","0.9860999584197998","0.9860999584197998"
"59126","0.9860999584197998","0.9860999584197998","0.9860999584197998"
"59137","0.9860999584197998","0.9860999584197998","0.9860999584197998"
"59148","0.9860999584197998","0.9860999584197998","0.9860999584197998"
"59159","0.9860999584197998","0.9860999584197998","0.9860999584197998"
"59170","0.9860999584197998","0.9860999584197998","0.9860999584197998"
"59181","0.9860999584197998","0.9860999584197998","0.9860999584197998"
"59192","0.9860000014305115","0.9860000014305115","0.9860000014305115"
"59203","0.9860999584197998","0.9860999584197998","0.9860999584197998"
"59214","0.9860999584197998","0.9860999584197998","0.9860999584197998"
"59225","0.9861999750137329","0.9861999750137329","0.9861999750137329"
"59236","0.9861999750137329","0.9861999750137329","0.9861999750137329"
"59247","0.9860999584197998","0.9860999584197998","0.9860999584197998"
"59258","0.9860999584197998","0.9860999584197998","0.9860999584197998"
"59269","0.9860999584197998","0.9860999584197998","0.9860999584197998"
"59280","0.9860999584197998","0.9860999584197998","0.9860999584197998"
"59291","0.9860999584197998","0.9860999584197998","0.9860999584197998"
"59302","0.9860999584197998","0.9860999584197998","0.9860999584197998"
"59313","0.9860999584197998","0.9860999584197998","0.9860999584197998"
"59324","0.9860999584197998","0.9860999584197998","0.9860999584197998"
"59335","0.9860999584197998","0.9860999584197998","0.9860999584197998"
"59346","0.9860999584197998","0.9860999584197998","0.9860999584197998"
"59357","0.9860999584197998","0.9860999584197998","0.9860999584197998"
"59368","0.9860999584197998","0.9860999584197998","0.9860999584197998"
"59379","0.9861999750137329","0.9861999750137329","0.9861999750137329"
"59390","0.9861999750137329","0.9861999750137329","0.9861999750137329"
"59401","0.9861999750137329","0.9861999750137329","0.9861999750137329"
"59412","0.9861999750137329","0.9861999750137329","0.9861999750137329"
"59423","0.9861999750137329","0.9861999750137329","0.9861999750137329"
"59434","0.9861999750137329","0.9861999750137329","0.9861999750137329"
"59445","0.9861999750137329","0.9861999750137329","0.9861999750137329"
"59456","0.9861999750137329","0.9861999750137329","0.9861999750137329"
"59467","0.9861999750137329","0.9861999750137329","0.9861999750137329"
"59478","0.9861999750137329","0.9861999750137329","0.9861999750137329"
"59489","0.9861999750137329","0.9861999750137329","0.9861999750137329"
"59500","0.9861999750137329","0.9861999750137329","0.9861999750137329"
"59511","0.9861999750137329","0.9861999750137329","0.9861999750137329"
"59522","0.9861999750137329","0.9861999750137329","0.9861999750137329"
"59533","0.9861999750137329","0.9861999750137329","0.9861999750137329"
"59544","0.9861999750137329","0.9861999750137329","0.9861999750137329"
"59555","0.986299991607666","0.986299991607666","0.986299991607666"
"59566","0.986299991607666","0.986299991607666","0.986299991607666"
"59577","0.986299991607666","0.986299991607666","0.986299991607666"
"59588","0.986299991607666","0.986299991607666","0.986299991607666"
"59599","0.986299991607666","0.986299991607666","0.986299991607666"
"59610","0.986299991607666","0.986299991607666","0.986299991607666"
"59621","0.986299991607666","0.986299991607666","0.986299991607666"
"59632","0.9861999750137329","0.9861999750137329","0.9861999750137329"
"59643","0.986299991607666","0.986299991607666","0.986299991607666"
"59654","0.986299991607666","0.986299991607666","0.986299991607666"
"59665","0.986299991607666","0.986299991607666","0.986299991607666"
"59676","0.986299991607666","0.986299991607666","0.986299991607666"
"59687","0.986299991607666","0.986299991607666","0.986299991607666"
"59698","0.986299991607666","0.986299991607666","0.986299991607666"
"59709","0.9863999485969543","0.9863999485969543","0.9863999485969543"
"59720","0.9863999485969543","0.9863999485969543","0.9863999485969543"
"59731","0.9863999485969543","0.9863999485969543","0.9863999485969543"
"59742","0.9863999485969543","0.9863999485969543","0.9863999485969543"
"59753","0.9863999485969543","0.9863999485969543","0.9863999485969543"
"59764","0.9863999485969543","0.9863999485969543","0.9863999485969543"
"59775","0.9863999485969543","0.9863999485969543","0.9863999485969543"
"59786","0.9863999485969543","0.9863999485969543","0.9863999485969543"
"59797","0.9863999485969543","0.9863999485969543","0.9863999485969543"
"59808","0.9863999485969543","0.9863999485969543","0.9863999485969543"
"59819","0.9863999485969543","0.9863999485969543","0.9863999485969543"
"59830","0.9863999485969543","0.9863999485969543","0.9863999485969543"
"59841","0.9863999485969543","0.9863999485969543","0.9863999485969543"
"59852","0.9863999485969543","0.9863999485969543","0.9863999485969543"
"59863","0.9863999485969543","0.9863999485969543","0.9863999485969543"
"59874","0.9863999485969543","0.9863999485969543","0.9863999485969543"
"59885","0.9863999485969543","0.9863999485969543","0.9863999485969543"
"59896","0.9863999485969543","0.9863999485969543","0.9863999485969543"
"59907","0.986299991607666","0.986299991607666","0.986299991607666"
"59918","0.986299991607666","0.986299991607666","0.986299991607666"
"59929","0.986299991607666","0.986299991607666","0.986299991607666"
"59940","0.986299991607666","0.986299991607666","0.986299991607666"
"59951","0.986299991607666","0.986299991607666","0.986299991607666"
"59962","0.986299991607666","0.986299991607666","0.986299991607666"
"59973","0.986299991607666","0.986299991607666","0.986299991607666"
"59984","0.986299991607666","0.986299991607666","0.986299991607666"
"59995","0.986299991607666","0.986299991607666","0.986299991607666"
"60006","0.986299991607666","0.986299991607666","0.986299991607666"
"60017","0.986299991607666","0.986299991607666","0.986299991607666"
"60028","0.986299991607666","0.986299991607666","0.986299991607666"
"60039","0.9863999485969543","0.9863999485969543","0.9863999485969543"
"60050","0.9863999485969543","0.9863999485969543","0.9863999485969543"
"60061","0.9863999485969543","0.9863999485969543","0.9863999485969543"
"60072","0.9863999485969543","0.9863999485969543","0.9863999485969543"
"60083","0.9864999651908875","0.9864999651908875","0.9864999651908875"
"60094","0.9864999651908875","0.9864999651908875","0.9864999651908875"
"60105","0.9864999651908875","0.9864999651908875","0.9864999651908875"
"60116","0.9863999485969543","0.9863999485969543","0.9863999485969543"
"60127","0.9863999485969543","0.9863999485969543","0.9863999485969543"
"60138","0.9863999485969543","0.9863999485969543","0.9863999485969543"
"60149","0.9863999485969543","0.9863999485969543","0.9863999485969543"
"60160","0.9863999485969543","0.9863999485969543","0.9863999485969543"
"60171","0.9863999485969543","0.9863999485969543","0.9863999485969543"
"60182","0.9863999485969543","0.9863999485969543","0.9863999485969543"
"60193","0.9863999485969543","0.9863999485969543","0.9863999485969543"
"60204","0.9863999485969543","0.9863999485969543","0.9863999485969543"
"60215","0.9863999485969543","0.9863999485969543","0.9863999485969543"
"60226","0.9863999485969543","0.9863999485969543","0.9863999485969543"
"60237","0.9863999485969543","0.9863999485969543","0.9863999485969543"
"60248","0.9863999485969543","0.9863999485969543","0.9863999485969543"
"60259","0.9863999485969543","0.9863999485969543","0.9863999485969543"
"60270","0.9863999485969543","0.9863999485969543","0.9863999485969543"
"60281","0.9863999485969543","0.9863999485969543","0.9863999485969543"
"60292","0.9863999485969543","0.9863999485969543","0.9863999485969543"
"60303","0.9863999485969543","0.9863999485969543","0.9863999485969543"
"60314","0.9863999485969543","0.9863999485969543","0.9863999485969543"
"60325","0.9863999485969543","0.9863999485969543","0.9863999485969543"
"60336","0.9863999485969543","0.9863999485969543","0.9863999485969543"
"60347","0.9863999485969543","0.9863999485969543","0.9863999485969543"
"60358","0.9863999485969543","0.9863999485969543","0.9863999485969543"
"60369","0.9863999485969543","0.9863999485969543","0.9863999485969543"
"60380","0.9863999485969543","0.9863999485969543","0.9863999485969543"
"60391","0.9863999485969543","0.9863999485969543","0.9863999485969543"
"60402","0.9863999485969543","0.9863999485969543","0.9863999485969543"
"60413","0.9863999485969543","0.9863999485969543","0.9863999485969543"
"60424","0.9863999485969543","0.9863999485969543","0.9863999485969543"
"60435","0.9863999485969543","0.9863999485969543","0.9863999485969543"
"60446","0.9863999485969543","0.9863999485969543","0.9863999485969543"
"60457","0.9863999485969543","0.9863999485969543","0.9863999485969543"
"60468","0.9864999651908875","0.9864999651908875","0.9864999651908875"
"60479","0.9864999651908875","0.9864999651908875","0.9864999651908875"
"60490","0.9864999651908875","0.9864999651908875","0.9864999651908875"
"60501","0.9864999651908875","0.9864999651908875","0.9864999651908875"
"60512","0.9864999651908875","0.9864999651908875","0.9864999651908875"
"60523","0.9864999651908875","0.9864999651908875","0.9864999651908875"
"60534","0.9863999485969543","0.9863999485969543","0.9863999485969543"
"60545","0.9863999485969543","0.9863999485969543","0.9863999485969543"
"60556","0.9863999485969543","0.9863999485969543","0.9863999485969543"
"60567","0.9863999485969543","0.9863999485969543","0.9863999485969543"
"60578","0.9863999485969543","0.9863999485969543","0.9863999485969543"
"60589","0.9864999651908875","0.9864999651908875","0.9864999651908875"
"60600","0.9864999651908875","0.9864999651908875","0.9864999651908875"
"60611","0.9864999651908875","0.9864999651908875","0.9864999651908875"
"60622","0.9864999651908875","0.9864999651908875","0.9864999651908875"
"60633","0.9864999651908875","0.9864999651908875","0.9864999651908875"
"60644","0.9864999651908875","0.9864999651908875","0.9864999651908875"
"60655","0.9864999651908875","0.9864999651908875","0.9864999651908875"
"60666","0.9864999651908875","0.9864999651908875","0.9864999651908875"
"60677","0.9864999651908875","0.9864999651908875","0.9864999651908875"
"60688","0.9864999651908875","0.9864999651908875","0.9864999651908875"
"60699","0.9864999651908875","0.9864999651908875","0.9864999651908875"
"60710","0.9864999651908875","0.9864999651908875","0.9864999651908875"
"60721","0.9864999651908875","0.9864999651908875","0.9864999651908875"
"60732","0.9865999817848206","0.9865999817848206","0.9865999817848206"
"60743","0.9865999817848206","0.9865999817848206","0.9865999817848206"
"60754","0.9865999817848206","0.9865999817848206","0.9865999817848206"
"60765","0.9865999817848206","0.9865999817848206","0.9865999817848206"
"60776","0.9865999817848206","0.9865999817848206","0.9865999817848206"
"60787","0.9865999817848206","0.9865999817848206","0.9865999817848206"
"60798","0.9865999817848206","0.9865999817848206","0.9865999817848206"
"60809","0.9865999817848206","0.9865999817848206","0.9865999817848206"
"60820","0.9865999817848206","0.9865999817848206","0.9865999817848206"
"60831","0.9865999817848206","0.9865999817848206","0.9865999817848206"
"60842","0.9865999817848206","0.9865999817848206","0.9865999817848206"
"60853","0.9865999817848206","0.9865999817848206","0.9865999817848206"
"60864","0.9865999817848206","0.9865999817848206","0.9865999817848206"
"60875","0.9865999817848206","0.9865999817848206","0.9865999817848206"
"60886","0.9865999817848206","0.9865999817848206","0.9865999817848206"
"60897","0.9865999817848206","0.9865999817848206","0.9865999817848206"
"60908","0.9865999817848206","0.9865999817848206","0.9865999817848206"
"60919","0.9865999817848206","0.9865999817848206","0.9865999817848206"
"60930","0.9865999817848206","0.9865999817848206","0.9865999817848206"
"60941","0.9865999817848206","0.9865999817848206","0.9865999817848206"
"60952","0.9865999817848206","0.9865999817848206","0.9865999817848206"
"60963","0.9865999817848206","0.9865999817848206","0.9865999817848206"
"60974","0.9865999817848206","0.9865999817848206","0.9865999817848206"
"60985","0.9865999817848206","0.9865999817848206","0.9865999817848206"
"60996","0.9865999817848206","0.9865999817848206","0.9865999817848206"
"61007","0.9865999817848206","0.9865999817848206","0.9865999817848206"
"61018","0.9865999817848206","0.9865999817848206","0.9865999817848206"
"61029","0.9865999817848206","0.9865999817848206","0.9865999817848206"
"61040","0.9865999817848206","0.9865999817848206","0.9865999817848206"
"61051","0.9865999817848206","0.9865999817848206","0.9865999817848206"
"61062","0.9865999817848206","0.9865999817848206","0.9865999817848206"
"61073","0.9865999817848206","0.9865999817848206","0.9865999817848206"
"61084","0.9865999817848206","0.9865999817848206","0.9865999817848206"
"61095","0.9865999817848206","0.9865999817848206","0.9865999817848206"
"61106","0.9865999817848206","0.9865999817848206","0.9865999817848206"
"61117","0.9865999817848206","0.9865999817848206","0.9865999817848206"
"61128","0.9865999817848206","0.9865999817848206","0.9865999817848206"
"61139","0.9865999817848206","0.9865999817848206","0.9865999817848206"
"61150","0.9865999817848206","0.9865999817848206","0.9865999817848206"
"61161","0.9865999817848206","0.9865999817848206","0.9865999817848206"
"61172","0.9865999817848206","0.9865999817848206","0.9865999817848206"
"61183","0.9865999817848206","0.9865999817848206","0.9865999817848206"
"61194","0.9865999817848206","0.9865999817848206","0.9865999817848206"
"61205","0.9865999817848206","0.9865999817848206","0.9865999817848206"
"61216","0.9865999817848206","0.9865999817848206","0.9865999817848206"
"61227","0.9865999817848206","0.9865999817848206","0.9865999817848206"
"61238","0.9865999817848206","0.9865999817848206","0.9865999817848206"
"61249","0.9865999817848206","0.9865999817848206","0.9865999817848206"
"61260","0.9865999817848206","0.9865999817848206","0.9865999817848206"
"61271","0.9865999817848206","0.9865999817848206","0.9865999817848206"
"61282","0.9865999817848206","0.9865999817848206","0.9865999817848206"
"61293","0.9865999817848206","0.9865999817848206","0.9865999817848206"
"61304","0.9865999817848206","0.9865999817848206","0.9865999817848206"
"61315","0.9865999817848206","0.9865999817848206","0.9865999817848206"
"61326","0.9865999817848206","0.9865999817848206","0.9865999817848206"
"61337","0.9865999817848206","0.9865999817848206","0.9865999817848206"
"61348","0.9865999817848206","0.9865999817848206","0.9865999817848206"
"61359","0.9865999817848206","0.9865999817848206","0.9865999817848206"
"61370","0.9865999817848206","0.9865999817848206","0.9865999817848206"
"61381","0.9865999817848206","0.9865999817848206","0.9865999817848206"
"61392","0.9865999817848206","0.9865999817848206","0.9865999817848206"
"61403","0.9865999817848206","0.9865999817848206","0.9865999817848206"
"61414","0.9865999817848206","0.9865999817848206","0.9865999817848206"
"61425","0.9865999817848206","0.9865999817848206","0.9865999817848206"
"61436","0.9865999817848206","0.9865999817848206","0.9865999817848206"
"61447","0.9865999817848206","0.9865999817848206","0.9865999817848206"
"61458","0.9865999817848206","0.9865999817848206","0.9865999817848206"
"61469","0.9865999817848206","0.9865999817848206","0.9865999817848206"
"61480","0.9865999817848206","0.9865999817848206","0.9865999817848206"
"61491","0.9865999817848206","0.9865999817848206","0.9865999817848206"
"61502","0.9865999817848206","0.9865999817848206","0.9865999817848206"
"61513","0.9865999817848206","0.9865999817848206","0.9865999817848206"
"61524","0.9865999817848206","0.9865999817848206","0.9865999817848206"
"61535","0.9865999817848206","0.9865999817848206","0.9865999817848206"
"61546","0.9865999817848206","0.9865999817848206","0.9865999817848206"
"61557","0.9865999817848206","0.9865999817848206","0.9865999817848206"
"61568","0.9865999817848206","0.9865999817848206","0.9865999817848206"
"61579","0.9865999817848206","0.9865999817848206","0.9865999817848206"
"61590","0.9865999817848206","0.9865999817848206","0.9865999817848206"
"61601","0.9865999817848206","0.9865999817848206","0.9865999817848206"
"61612","0.9865999817848206","0.9865999817848206","0.9865999817848206"
"61623","0.9865999817848206","0.9865999817848206","0.9865999817848206"
"61634","0.9865999817848206","0.9865999817848206","0.9865999817848206"
"61645","0.9865999817848206","0.9865999817848206","0.9865999817848206"
"61656","0.9865999817848206","0.9865999817848206","0.9865999817848206"
"61667","0.9865999817848206","0.9865999817848206","0.9865999817848206"
"61678","0.9865999817848206","0.9865999817848206","0.9865999817848206"
"61689","0.9865999817848206","0.9865999817848206","0.9865999817848206"
"61700","0.9865999817848206","0.9865999817848206","0.9865999817848206"
"61711","0.9865999817848206","0.9865999817848206","0.9865999817848206"
"61722","0.9865999817848206","0.9865999817848206","0.9865999817848206"
"61733","0.9865999817848206","0.9865999817848206","0.9865999817848206"
"61744","0.9865999817848206","0.9865999817848206","0.9865999817848206"
"61755","0.9865999817848206","0.9865999817848206","0.9865999817848206"
"61766","0.9865999817848206","0.9865999817848206","0.9865999817848206"
"61777","0.9865999817848206","0.9865999817848206","0.9865999817848206"
"61788","0.9865999817848206","0.9865999817848206","0.9865999817848206"
"61799","0.9865999817848206","0.9865999817848206","0.9865999817848206"
"61810","0.9865999817848206","0.9865999817848206","0.9865999817848206"
"61821","0.9866999983787537","0.9866999983787537","0.9866999983787537"
"61832","0.9865999817848206","0.9865999817848206","0.9865999817848206"
"61843","0.9866999983787537","0.9866999983787537","0.9866999983787537"
"61854","0.9866999983787537","0.9866999983787537","0.9866999983787537"
"61865","0.9866999983787537","0.9866999983787537","0.9866999983787537"
"61876","0.9866999983787537","0.9866999983787537","0.9866999983787537"
"61887","0.9866999983787537","0.9866999983787537","0.9866999983787537"
"61898","0.9866999983787537","0.9866999983787537","0.9866999983787537"
"61909","0.9866999983787537","0.9866999983787537","0.9866999983787537"
"61920","0.9866999983787537","0.9866999983787537","0.9866999983787537"
"61931","0.9866999983787537","0.9866999983787537","0.9866999983787537"
"61942","0.9866999983787537","0.9866999983787537","0.9866999983787537"
"61953","0.9865999817848206","0.9865999817848206","0.9865999817848206"
"61964","0.9865999817848206","0.9865999817848206","0.9865999817848206"
"61975","0.9865999817848206","0.9865999817848206","0.9865999817848206"
"61986","0.9865999817848206","0.9865999817848206","0.9865999817848206"
"61997","0.9866999983787537","0.9866999983787537","0.9866999983787537"
"62008","0.9866999983787537","0.9866999983787537","0.9866999983787537"
"62019","0.9866999983787537","0.9866999983787537","0.9866999983787537"
"62030","0.9866999983787537","0.9866999983787537","0.9866999983787537"
"62041","0.9865999817848206","0.9865999817848206","0.9865999817848206"
"62052","0.9866999983787537","0.9866999983787537","0.9866999983787537"
"62063","0.9866999983787537","0.9866999983787537","0.9866999983787537"
"62074","0.9866999983787537","0.9866999983787537","0.9866999983787537"
"62085","0.9866999983787537","0.9866999983787537","0.9866999983787537"
"62096","0.9866999983787537","0.9866999983787537","0.9866999983787537"
"62107","0.9866999983787537","0.9866999983787537","0.9866999983787537"
"62118","0.9866999983787537","0.9866999983787537","0.9866999983787537"
"62129","0.9866999983787537","0.9866999983787537","0.9866999983787537"
"62140","0.9866999983787537","0.9866999983787537","0.9866999983787537"
"62151","0.9868999719619751","0.9868999719619751","0.9868999719619751"
"62162","0.9868999719619751","0.9868999719619751","0.9868999719619751"
"62173","0.9868999719619751","0.9868999719619751","0.9868999719619751"
"62184","0.9868999719619751","0.9868999719619751","0.9868999719619751"
"62195","0.9868999719619751","0.9868999719619751","0.9868999719619751"
"62206","0.986799955368042","0.986799955368042","0.986799955368042"
"62217","0.9868999719619751","0.9868999719619751","0.9868999719619751"
"62228","0.986799955368042","0.986799955368042","0.986799955368042"
"62239","0.9868999719619751","0.9868999719619751","0.9868999719619751"
"62250","0.9868999719619751","0.9868999719619751","0.9868999719619751"
"62261","0.9868999719619751","0.9868999719619751","0.9868999719619751"
"62272","0.9868999719619751","0.9868999719619751","0.9868999719619751"
"62283","0.9868999719619751","0.9868999719619751","0.9868999719619751"
"62294","0.9868999719619751","0.9868999719619751","0.9868999719619751"
"62305","0.9868999719619751","0.9868999719619751","0.9868999719619751"
"62316","0.9868999719619751","0.9868999719619751","0.9868999719619751"
"62327","0.9868999719619751","0.9868999719619751","0.9868999719619751"
"62338","0.986799955368042","0.986799955368042","0.986799955368042"
"62349","0.986799955368042","0.986799955368042","0.986799955368042"
"62360","0.986799955368042","0.986799955368042","0.986799955368042"
"62371","0.986799955368042","0.986799955368042","0.986799955368042"
"62382","0.986799955368042","0.986799955368042","0.986799955368042"
"62393","0.9868999719619751","0.9868999719619751","0.9868999719619751"
"62404","0.9868999719619751","0.9868999719619751","0.9868999719619751"
"62415","0.9868999719619751","0.9868999719619751","0.9868999719619751"
"62426","0.9868999719619751","0.9868999719619751","0.9868999719619751"
"62437","0.9868999719619751","0.9868999719619751","0.9868999719619751"
"62448","0.9868999719619751","0.9868999719619751","0.9868999719619751"
"62459","0.9868999719619751","0.9868999719619751","0.9868999719619751"
"62470","0.9869999885559082","0.9869999885559082","0.9869999885559082"
"62481","0.9869999885559082","0.9869999885559082","0.9869999885559082"
"62492","0.9868999719619751","0.9868999719619751","0.9868999719619751"
"62503","0.9869999885559082","0.9869999885559082","0.9869999885559082"
"62514","0.9869999885559082","0.9869999885559082","0.9869999885559082"
"62525","0.9869999885559082","0.9869999885559082","0.9869999885559082"
"62536","0.9869999885559082","0.9869999885559082","0.9869999885559082"
"62547","0.9869999885559082","0.9869999885559082","0.9869999885559082"
"62558","0.9868999719619751","0.9868999719619751","0.9868999719619751"
"62569","0.9868999719619751","0.9868999719619751","0.9868999719619751"
"62580","0.9868999719619751","0.9868999719619751","0.9868999719619751"
"62591","0.9868999719619751","0.9868999719619751","0.9868999719619751"
"62602","0.9868999719619751","0.9868999719619751","0.9868999719619751"
"62613","0.9868999719619751","0.9868999719619751","0.9868999719619751"
"62624","0.9868999719619751","0.9868999719619751","0.9868999719619751"
"62635","0.9869999885559082","0.9869999885559082","0.9869999885559082"
"62646","0.9868999719619751","0.9868999719619751","0.9868999719619751"
"62657","0.9868999719619751","0.9868999719619751","0.9868999719619751"
"62668","0.9869999885559082","0.9869999885559082","0.9869999885559082"
"62679","0.9869999885559082","0.9869999885559082","0.9869999885559082"
"62690","0.9868999719619751","0.9868999719619751","0.9868999719619751"
"62701","0.9869999885559082","0.9869999885559082","0.9869999885559082"
"62712","0.9869999885559082","0.9869999885559082","0.9869999885559082"
"62723","0.9869999885559082","0.9869999885559082","0.9869999885559082"
"62734","0.9869999885559082","0.9869999885559082","0.9869999885559082"
"62745","0.9869999885559082","0.9869999885559082","0.9869999885559082"
"62756","0.9869999885559082","0.9869999885559082","0.9869999885559082"
"62767","0.9869999885559082","0.9869999885559082","0.9869999885559082"
"62778","0.9869999885559082","0.9869999885559082","0.9869999885559082"
"62789","0.9869999885559082","0.9869999885559082","0.9869999885559082"
"62800","0.9869999885559082","0.9869999885559082","0.9869999885559082"
"62811","0.9869999885559082","0.9869999885559082","0.9869999885559082"
"62822","0.9869999885559082","0.9869999885559082","0.9869999885559082"
"62833","0.9870999455451965","0.9870999455451965","0.9870999455451965"
"62844","0.9870999455451965","0.9870999455451965","0.9870999455451965"
"62855","0.9870999455451965","0.9870999455451965","0.9870999455451965"
"62866","0.9870999455451965","0.9870999455451965","0.9870999455451965"
"62877","0.9869999885559082","0.9869999885559082","0.9869999885559082"
"62888","0.9869999885559082","0.9869999885559082","0.9869999885559082"
"62899","0.9869999885559082","0.9869999885559082","0.9869999885559082"
"62910","0.9869999885559082","0.9869999885559082","0.9869999885559082"
"62921","0.9869999885559082","0.9869999885559082","0.9869999885559082"
"62932","0.9869999885559082","0.9869999885559082","0.9869999885559082"
"62943","0.9869999885559082","0.9869999885559082","0.9869999885559082"
"62954","0.9869999885559082","0.9869999885559082","0.9869999885559082"
"62965","0.9869999885559082","0.9869999885559082","0.9869999885559082"
"62976","0.9869999885559082","0.9869999885559082","0.9869999885559082"
"62987","0.9869999885559082","0.9869999885559082","0.9869999885559082"
"62998","0.9869999885559082","0.9869999885559082","0.9869999885559082"
"63009","0.9869999885559082","0.9869999885559082","0.9869999885559082"
"63020","0.9869999885559082","0.9869999885559082","0.9869999885559082"
"63031","0.9869999885559082","0.9869999885559082","0.9869999885559082"
"63042","0.9869999885559082","0.9869999885559082","0.9869999885559082"
"63053","0.9869999885559082","0.9869999885559082","0.9869999885559082"
"63064","0.9869999885559082","0.9869999885559082","0.9869999885559082"
"63075","0.9869999885559082","0.9869999885559082","0.9869999885559082"
"63086","0.9869999885559082","0.9869999885559082","0.9869999885559082"
"63097","0.9869999885559082","0.9869999885559082","0.9869999885559082"
"63108","0.9869999885559082","0.9869999885559082","0.9869999885559082"
"63119","0.9869999885559082","0.9869999885559082","0.9869999885559082"
"63130","0.9869999885559082","0.9869999885559082","0.9869999885559082"
"63141","0.9869999885559082","0.9869999885559082","0.9869999885559082"
"63152","0.9869999885559082","0.9869999885559082","0.9869999885559082"
"63163","0.9869999885559082","0.9869999885559082","0.9869999885559082"
"63174","0.9869999885559082","0.9869999885559082","0.9869999885559082"
"63185","0.9869999885559082","0.9869999885559082","0.9869999885559082"
"63196","0.9869999885559082","0.9869999885559082","0.9869999885559082"
"63207","0.9869999885559082","0.9869999885559082","0.9869999885559082"
"63218","0.9870999455451965","0.9870999455451965","0.9870999455451965"
"63229","0.9869999885559082","0.9869999885559082","0.9869999885559082"
"63240","0.9870999455451965","0.9870999455451965","0.9870999455451965"
"63251","0.9870999455451965","0.9870999455451965","0.9870999455451965"
"63262","0.9870999455451965","0.9870999455451965","0.9870999455451965"
"63273","0.9870999455451965","0.9870999455451965","0.9870999455451965"
"63284","0.9870999455451965","0.9870999455451965","0.9870999455451965"
"63295","0.9870999455451965","0.9870999455451965","0.9870999455451965"
"63306","0.9870999455451965","0.9870999455451965","0.9870999455451965"
"63317","0.9870999455451965","0.9870999455451965","0.9870999455451965"
"63328","0.9870999455451965","0.9870999455451965","0.9870999455451965"
"63339","0.9870999455451965","0.9870999455451965","0.9870999455451965"
"63350","0.9870999455451965","0.9870999455451965","0.9870999455451965"
"63361","0.9870999455451965","0.9870999455451965","0.9870999455451965"
"63372","0.9870999455451965","0.9870999455451965","0.9870999455451965"
"63383","0.9870999455451965","0.9870999455451965","0.9870999455451965"
"63394","0.9870999455451965","0.9870999455451965","0.9870999455451965"
"63405","0.9870999455451965","0.9870999455451965","0.9870999455451965"
"63416","0.9870999455451965","0.9870999455451965","0.9870999455451965"
"63427","0.9870999455451965","0.9870999455451965","0.9870999455451965"
"63438","0.9870999455451965","0.9870999455451965","0.9870999455451965"
"63449","0.9870999455451965","0.9870999455451965","0.9870999455451965"
"63460","0.9870999455451965","0.9870999455451965","0.9870999455451965"
"63471","0.9870999455451965","0.9870999455451965","0.9870999455451965"
"63482","0.9870999455451965","0.9870999455451965","0.9870999455451965"
"63493","0.9870999455451965","0.9870999455451965","0.9870999455451965"
"63504","0.9871999621391296","0.9871999621391296","0.9871999621391296"
"63515","0.9870999455451965","0.9870999455451965","0.9870999455451965"
"63526","0.9870999455451965","0.9870999455451965","0.9870999455451965"
"63537","0.9870999455451965","0.9870999455451965","0.9870999455451965"
"63548","0.9870999455451965","0.9870999455451965","0.9870999455451965"
"63559","0.9870999455451965","0.9870999455451965","0.9870999455451965"
"63570","0.9870999455451965","0.9870999455451965","0.9870999455451965"
"63581","0.9870999455451965","0.9870999455451965","0.9870999455451965"
"63592","0.9870999455451965","0.9870999455451965","0.9870999455451965"
"63603","0.9870999455451965","0.9870999455451965","0.9870999455451965"
"63614","0.9870999455451965","0.9870999455451965","0.9870999455451965"
"63625","0.9870999455451965","0.9870999455451965","0.9870999455451965"
"63636","0.9871999621391296","0.9871999621391296","0.9871999621391296"
"63647","0.9871999621391296","0.9871999621391296","0.9871999621391296"
"63658","0.9871999621391296","0.9871999621391296","0.9871999621391296"
"63669","0.9872999787330627","0.9872999787330627","0.9872999787330627"
"63680","0.9872999787330627","0.9872999787330627","0.9872999787330627"
"63691","0.9872999787330627","0.9872999787330627","0.9872999787330627"
"63702","0.9871999621391296","0.9871999621391296","0.9871999621391296"
"63713","0.9872999787330627","0.9872999787330627","0.9872999787330627"
"63724","0.9872999787330627","0.9872999787330627","0.9872999787330627"
"63735","0.9871999621391296","0.9871999621391296","0.9871999621391296"
"63746","0.9872999787330627","0.9872999787330627","0.9872999787330627"
"63757","0.9872999787330627","0.9872999787330627","0.9872999787330627"
"63768","0.9872999787330627","0.9872999787330627","0.9872999787330627"
"63779","0.9872999787330627","0.9872999787330627","0.9872999787330627"
"63790","0.9872999787330627","0.9872999787330627","0.9872999787330627"
"63801","0.9872999787330627","0.9872999787330627","0.9872999787330627"
"63812","0.9872999787330627","0.9872999787330627","0.9872999787330627"
"63823","0.9872999787330627","0.9872999787330627","0.9872999787330627"
"63834","0.9872999787330627","0.9872999787330627","0.9872999787330627"
"63845","0.9872999787330627","0.9872999787330627","0.9872999787330627"
"63856","0.9872999787330627","0.9872999787330627","0.9872999787330627"
"63867","0.9872999787330627","0.9872999787330627","0.9872999787330627"
"63878","0.9872999787330627","0.9872999787330627","0.9872999787330627"
"63889","0.9872999787330627","0.9872999787330627","0.9872999787330627"
"63900","0.9872999787330627","0.9872999787330627","0.9872999787330627"
"63911","0.9872999787330627","0.9872999787330627","0.9872999787330627"
"63922","0.9872999787330627","0.9872999787330627","0.9872999787330627"
"63933","0.9872999787330627","0.9872999787330627","0.9872999787330627"
"63944","0.9872999787330627","0.9872999787330627","0.9872999787330627"
"63955","0.9872999787330627","0.9872999787330627","0.9872999787330627"
"63966","0.9872999787330627","0.9872999787330627","0.9872999787330627"
"63977","0.9872999787330627","0.9872999787330627","0.9872999787330627"
"63988","0.9872999787330627","0.9872999787330627","0.9872999787330627"
"63999","0.9872999787330627","0.9872999787330627","0.9872999787330627"
"64010","0.9872999787330627","0.9872999787330627","0.9872999787330627"
"64021","0.9872999787330627","0.9872999787330627","0.9872999787330627"
"64032","0.9872999787330627","0.9872999787330627","0.9872999787330627"
"64043","0.9872999787330627","0.9872999787330627","0.9872999787330627"
"64054","0.9872999787330627","0.9872999787330627","0.9872999787330627"
"64065","0.9872999787330627","0.9872999787330627","0.9872999787330627"
"64076","0.9872999787330627","0.9872999787330627","0.9872999787330627"
"64087","0.9872999787330627","0.9872999787330627","0.9872999787330627"
"64098","0.9872999787330627","0.9872999787330627","0.9872999787330627"
"64109","0.9872999787330627","0.9872999787330627","0.9872999787330627"
"64120","0.9872999787330627","0.9872999787330627","0.9872999787330627"
"64131","0.9872999787330627","0.9872999787330627","0.9872999787330627"
"64142","0.9872999787330627","0.9872999787330627","0.9872999787330627"
"64153","0.9872999787330627","0.9872999787330627","0.9872999787330627"
"64164","0.9872999787330627","0.9872999787330627","0.9872999787330627"
"64175","0.9872999787330627","0.9872999787330627","0.9872999787330627"
"64186","0.9872999787330627","0.9872999787330627","0.9872999787330627"
"64197","0.9872999787330627","0.9872999787330627","0.9872999787330627"
"64208","0.9872999787330627","0.9872999787330627","0.9872999787330627"
"64219","0.9872999787330627","0.9872999787330627","0.9872999787330627"
"64230","0.9872999787330627","0.9872999787330627","0.9872999787330627"
"64241","0.9872999787330627","0.9872999787330627","0.9872999787330627"
"64252","0.9872999787330627","0.9872999787330627","0.9872999787330627"
"64263","0.9872999787330627","0.9872999787330627","0.9872999787330627"
"64274","0.9872999787330627","0.9872999787330627","0.9872999787330627"
"64285","0.9872999787330627","0.9872999787330627","0.9872999787330627"
"64296","0.9872999787330627","0.9872999787330627","0.9872999787330627"
"64307","0.9872999787330627","0.9872999787330627","0.9872999787330627"
"64318","0.9872999787330627","0.9872999787330627","0.9872999787330627"
"64329","0.9872999787330627","0.9872999787330627","0.9872999787330627"
"64340","0.9872999787330627","0.9872999787330627","0.9872999787330627"
"64351","0.9872999787330627","0.9872999787330627","0.9872999787330627"
"64362","0.9872999787330627","0.9872999787330627","0.9872999787330627"
"64373","0.9872999787330627","0.9872999787330627","0.9872999787330627"
"64384","0.9872999787330627","0.9872999787330627","0.9872999787330627"
"64395","0.9872999787330627","0.9872999787330627","0.9872999787330627"
"64406","0.9872999787330627","0.9872999787330627","0.9872999787330627"
"64417","0.9872999787330627","0.9872999787330627","0.9872999787330627"
"64428","0.9872999787330627","0.9872999787330627","0.9872999787330627"
"64439","0.9872999787330627","0.9872999787330627","0.9872999787330627"
"64450","0.9872999787330627","0.9872999787330627","0.9872999787330627"
"64461","0.9872999787330627","0.9872999787330627","0.9872999787330627"
"64472","0.9872999787330627","0.9872999787330627","0.9872999787330627"
"64483","0.9872999787330627","0.9872999787330627","0.9872999787330627"
"64494","0.9872999787330627","0.9872999787330627","0.9872999787330627"
"64505","0.9872999787330627","0.9872999787330627","0.9872999787330627"
"64516","0.9872999787330627","0.9872999787330627","0.9872999787330627"
"64527","0.9872999787330627","0.9872999787330627","0.9872999787330627"
"64538","0.9872999787330627","0.9872999787330627","0.9872999787330627"
"64549","0.9872999787330627","0.9872999787330627","0.9872999787330627"
"64560","0.9872999787330627","0.9872999787330627","0.9872999787330627"
"64571","0.9872999787330627","0.9872999787330627","0.9872999787330627"
"64582","0.9872999787330627","0.9872999787330627","0.9872999787330627"
"64593","0.9872999787330627","0.9872999787330627","0.9872999787330627"
"64604","0.9872999787330627","0.9872999787330627","0.9872999787330627"
"64615","0.9872999787330627","0.9872999787330627","0.9872999787330627"
"64626","0.9872999787330627","0.9872999787330627","0.9872999787330627"
"64637","0.9872999787330627","0.9872999787330627","0.9872999787330627"
"64648","0.9872999787330627","0.9872999787330627","0.9872999787330627"
"64659","0.9872999787330627","0.9872999787330627","0.9872999787330627"
"64670","0.9872999787330627","0.9872999787330627","0.9872999787330627"
"64681","0.9872999787330627","0.9872999787330627","0.9872999787330627"
"64692","0.9872999787330627","0.9872999787330627","0.9872999787330627"
"64703","0.9872999787330627","0.9872999787330627","0.9872999787330627"
"64714","0.9872999787330627","0.9872999787330627","0.9872999787330627"
"64725","0.9872999787330627","0.9872999787330627","0.9872999787330627"
"64736","0.9872999787330627","0.9872999787330627","0.9872999787330627"
"64747","0.9872999787330627","0.9872999787330627","0.9872999787330627"
"64758","0.9872999787330627","0.9872999787330627","0.9872999787330627"
"64769","0.9872999787330627","0.9872999787330627","0.9872999787330627"
"64780","0.9873999953269958","0.9873999953269958","0.9873999953269958"
"64791","0.9873999953269958","0.9873999953269958","0.9873999953269958"
"64802","0.9873999953269958","0.9873999953269958","0.9873999953269958"
"64813","0.9873999953269958","0.9873999953269958","0.9873999953269958"
"64824","0.9873999953269958","0.9873999953269958","0.9873999953269958"
"64835","0.9873999953269958","0.9873999953269958","0.9873999953269958"
"64846","0.9873999953269958","0.9873999953269958","0.9873999953269958"
"64857","0.9873999953269958","0.9873999953269958","0.9873999953269958"
"64868","0.9873999953269958","0.9873999953269958","0.9873999953269958"
"64879","0.9873999953269958","0.9873999953269958","0.9873999953269958"
"64890","0.9873999953269958","0.9873999953269958","0.9873999953269958"
"64901","0.9873999953269958","0.9873999953269958","0.9873999953269958"
"64912","0.9873999953269958","0.9873999953269958","0.9873999953269958"
"64923","0.9873999953269958","0.9873999953269958","0.9873999953269958"
"64934","0.9873999953269958","0.9873999953269958","0.9873999953269958"
"64945","0.9873999953269958","0.9873999953269958","0.9873999953269958"
"64956","0.9873999953269958","0.9873999953269958","0.9873999953269958"
"64967","0.9873999953269958","0.9873999953269958","0.9873999953269958"
"64978","0.9873999953269958","0.9873999953269958","0.9873999953269958"
"64989","0.9873999953269958","0.9873999953269958","0.9873999953269958"
"65000","0.9873999953269958","0.9873999953269958","0.9873999953269958"
"65011","0.9873999953269958","0.9873999953269958","0.9873999953269958"
"65022","0.9873999953269958","0.9873999953269958","0.9873999953269958"
"65033","0.9873999953269958","0.9873999953269958","0.9873999953269958"
"65044","0.9873999953269958","0.9873999953269958","0.9873999953269958"
"65055","0.9873999953269958","0.9873999953269958","0.9873999953269958"
"65066","0.9873999953269958","0.9873999953269958","0.9873999953269958"
"65077","0.9873999953269958","0.9873999953269958","0.9873999953269958"
"65088","0.9873999953269958","0.9873999953269958","0.9873999953269958"
"65099","0.9873999953269958","0.9873999953269958","0.9873999953269958"
"65110","0.9873999953269958","0.9873999953269958","0.9873999953269958"
"65121","0.9873999953269958","0.9873999953269958","0.9873999953269958"
"65132","0.9873999953269958","0.9873999953269958","0.9873999953269958"
"65143","0.9873999953269958","0.9873999953269958","0.9873999953269958"
"65154","0.9873999953269958","0.9873999953269958","0.9873999953269958"
"65165","0.9873999953269958","0.9873999953269958","0.9873999953269958"
"65176","0.9873999953269958","0.9873999953269958","0.9873999953269958"
"65187","0.9873999953269958","0.9873999953269958","0.9873999953269958"
"65198","0.9873999953269958","0.9873999953269958","0.9873999953269958"
"65209","0.9873999953269958","0.9873999953269958","0.9873999953269958"
"65220","0.9873999953269958","0.9873999953269958","0.9873999953269958"
"65231","0.9873999953269958","0.9873999953269958","0.9873999953269958"
"65242","0.9873999953269958","0.9873999953269958","0.9873999953269958"
"65253","0.9873999953269958","0.9873999953269958","0.9873999953269958"
"65264","0.9873999953269958","0.9873999953269958","0.9873999953269958"
"65275","0.9873999953269958","0.9873999953269958","0.9873999953269958"
"65286","0.9872999787330627","0.9872999787330627","0.9872999787330627"
"65297","0.9872999787330627","0.9872999787330627","0.9872999787330627"
"65308","0.9873999953269958","0.9873999953269958","0.9873999953269958"
"65319","0.9872999787330627","0.9872999787330627","0.9872999787330627"
"65330","0.9873999953269958","0.9873999953269958","0.9873999953269958"
"65341","0.9873999953269958","0.9873999953269958","0.9873999953269958"
"65352","0.9873999953269958","0.9873999953269958","0.9873999953269958"
"65363","0.9873999953269958","0.9873999953269958","0.9873999953269958"
"65374","0.9873999953269958","0.9873999953269958","0.9873999953269958"
"65385","0.9873999953269958","0.9873999953269958","0.9873999953269958"
"65396","0.9873999953269958","0.9873999953269958","0.9873999953269958"
"65407","0.9873999953269958","0.9873999953269958","0.9873999953269958"
"65418","0.9873999953269958","0.9873999953269958","0.9873999953269958"
"65429","0.9873999953269958","0.9873999953269958","0.9873999953269958"
"65440","0.9873999953269958","0.9873999953269958","0.9873999953269958"
"65451","0.9873999953269958","0.9873999953269958","0.9873999953269958"
"65462","0.9873999953269958","0.9873999953269958","0.9873999953269958"
"65473","0.9873999953269958","0.9873999953269958","0.9873999953269958"
"65484","0.9873999953269958","0.9873999953269958","0.9873999953269958"
"65495","0.9873999953269958","0.9873999953269958","0.9873999953269958"
"65506","0.9873999953269958","0.9873999953269958","0.9873999953269958"
"65517","0.9873999953269958","0.9873999953269958","0.9873999953269958"
"65528","0.9873999953269958","0.9873999953269958","0.9873999953269958"
"65539","0.9873999953269958","0.9873999953269958","0.9873999953269958"
"65550","0.9873999953269958","0.9873999953269958","0.9873999953269958"
"65561","0.9873999953269958","0.9873999953269958","0.9873999953269958"
"65572","0.9873999953269958","0.9873999953269958","0.9873999953269958"
"65583","0.9873999953269958","0.9873999953269958","0.9873999953269958"
"65594","0.9873999953269958","0.9873999953269958","0.9873999953269958"
"65605","0.9873999953269958","0.9873999953269958","0.9873999953269958"
"65616","0.9873999953269958","0.9873999953269958","0.9873999953269958"
"65627","0.9873999953269958","0.9873999953269958","0.9873999953269958"
"65638","0.9873999953269958","0.9873999953269958","0.9873999953269958"
"65649","0.9873999953269958","0.9873999953269958","0.9873999953269958"
"65660","0.9873999953269958","0.9873999953269958","0.9873999953269958"
"65671","0.9873999953269958","0.9873999953269958","0.9873999953269958"
"65682","0.9873999953269958","0.9873999953269958","0.9873999953269958"
"65693","0.9873999953269958","0.9873999953269958","0.9873999953269958"
"65704","0.9873999953269958","0.9873999953269958","0.9873999953269958"
"65715","0.9873999953269958","0.9873999953269958","0.9873999953269958"
"65726","0.9873999953269958","0.9873999953269958","0.9873999953269958"
"65737","0.9873999953269958","0.9873999953269958","0.9873999953269958"
"65748","0.9873999953269958","0.9873999953269958","0.9873999953269958"
"65759","0.9873999953269958","0.9873999953269958","0.9873999953269958"
"65770","0.9873999953269958","0.9873999953269958","0.9873999953269958"
"65781","0.9873999953269958","0.9873999953269958","0.9873999953269958"
"65792","0.9873999953269958","0.9873999953269958","0.9873999953269958"
"65803","0.9874999523162842","0.9874999523162842","0.9874999523162842"
"65814","0.9874999523162842","0.9874999523162842","0.9874999523162842"
"65825","0.9874999523162842","0.9874999523162842","0.9874999523162842"
"65836","0.9874999523162842","0.9874999523162842","0.9874999523162842"
"65847","0.9874999523162842","0.9874999523162842","0.9874999523162842"
"65858","0.9874999523162842","0.9874999523162842","0.9874999523162842"
"65869","0.9874999523162842","0.9874999523162842","0.9874999523162842"
"65880","0.9874999523162842","0.9874999523162842","0.9874999523162842"
"65891","0.9874999523162842","0.9874999523162842","0.9874999523162842"
"65902","0.9874999523162842","0.9874999523162842","0.9874999523162842"
"65913","0.9874999523162842","0.9874999523162842","0.9874999523162842"
"65924","0.9874999523162842","0.9874999523162842","0.9874999523162842"
"65935","0.9874999523162842","0.9874999523162842","0.9874999523162842"
"65946","0.9874999523162842","0.9874999523162842","0.9874999523162842"
"65957","0.9874999523162842","0.9874999523162842","0.9874999523162842"
"65968","0.9874999523162842","0.9874999523162842","0.9874999523162842"
"65979","0.9874999523162842","0.9874999523162842","0.9874999523162842"
"65990","0.9874999523162842","0.9874999523162842","0.9874999523162842"
"66001","0.9874999523162842","0.9874999523162842","0.9874999523162842"
"66012","0.9874999523162842","0.9874999523162842","0.9874999523162842"
"66023","0.9874999523162842","0.9874999523162842","0.9874999523162842"
"66034","0.9874999523162842","0.9874999523162842","0.9874999523162842"
"66045","0.9874999523162842","0.9874999523162842","0.9874999523162842"
"66056","0.9874999523162842","0.9874999523162842","0.9874999523162842"
"66067","0.9874999523162842","0.9874999523162842","0.9874999523162842"
"66078","0.9874999523162842","0.9874999523162842","0.9874999523162842"
"66089","0.9874999523162842","0.9874999523162842","0.9874999523162842"
"66100","0.9874999523162842","0.9874999523162842","0.9874999523162842"
"66111","0.9874999523162842","0.9874999523162842","0.9874999523162842"
"66122","0.9874999523162842","0.9874999523162842","0.9874999523162842"
"66133","0.9874999523162842","0.9874999523162842","0.9874999523162842"
"66144","0.9874999523162842","0.9874999523162842","0.9874999523162842"
"66155","0.9874999523162842","0.9874999523162842","0.9874999523162842"
"66166","0.9874999523162842","0.9874999523162842","0.9874999523162842"
"66177","0.9874999523162842","0.9874999523162842","0.9874999523162842"
"66188","0.9874999523162842","0.9874999523162842","0.9874999523162842"
"66199","0.9874999523162842","0.9874999523162842","0.9874999523162842"
"66210","0.9874999523162842","0.9874999523162842","0.9874999523162842"
"66221","0.9874999523162842","0.9874999523162842","0.9874999523162842"
"66232","0.9874999523162842","0.9874999523162842","0.9874999523162842"
"66243","0.9874999523162842","0.9874999523162842","0.9874999523162842"
"66254","0.9874999523162842","0.9874999523162842","0.9874999523162842"
"66265","0.9874999523162842","0.9874999523162842","0.9874999523162842"
"66276","0.9874999523162842","0.9874999523162842","0.9874999523162842"
"66287","0.9874999523162842","0.9874999523162842","0.9874999523162842"
"66298","0.9874999523162842","0.9874999523162842","0.9874999523162842"
"66309","0.9874999523162842","0.9874999523162842","0.9874999523162842"
"66320","0.9875999689102173","0.9875999689102173","0.9875999689102173"
"66331","0.9875999689102173","0.9875999689102173","0.9875999689102173"
"66342","0.9875999689102173","0.9875999689102173","0.9875999689102173"
"66353","0.9875999689102173","0.9875999689102173","0.9875999689102173"
"66364","0.9874999523162842","0.9874999523162842","0.9874999523162842"
"66375","0.9875999689102173","0.9875999689102173","0.9875999689102173"
"66386","0.9875999689102173","0.9875999689102173","0.9875999689102173"
"66397","0.9875999689102173","0.9875999689102173","0.9875999689102173"
"66408","0.9875999689102173","0.9875999689102173","0.9875999689102173"
"66419","0.9875999689102173","0.9875999689102173","0.9875999689102173"
"66430","0.9875999689102173","0.9875999689102173","0.9875999689102173"
"66441","0.9875999689102173","0.9875999689102173","0.9875999689102173"
"66452","0.9875999689102173","0.9875999689102173","0.9875999689102173"
"66463","0.9875999689102173","0.9875999689102173","0.9875999689102173"
"66474","0.9875999689102173","0.9875999689102173","0.9875999689102173"
"66485","0.9875999689102173","0.9875999689102173","0.9875999689102173"
"66496","0.9875999689102173","0.9875999689102173","0.9875999689102173"
"66507","0.9875999689102173","0.9875999689102173","0.9875999689102173"
"66518","0.9875999689102173","0.9875999689102173","0.9875999689102173"
"66529","0.9875999689102173","0.9875999689102173","0.9875999689102173"
"66540","0.9875999689102173","0.9875999689102173","0.9875999689102173"
"66551","0.9875999689102173","0.9875999689102173","0.9875999689102173"
"66562","0.9875999689102173","0.9875999689102173","0.9875999689102173"
"66573","0.9875999689102173","0.9875999689102173","0.9875999689102173"
"66584","0.9875999689102173","0.9875999689102173","0.9875999689102173"
"66595","0.9875999689102173","0.9875999689102173","0.9875999689102173"
"66606","0.9875999689102173","0.9875999689102173","0.9875999689102173"
"66617","0.9875999689102173","0.9875999689102173","0.9875999689102173"
"66628","0.9875999689102173","0.9875999689102173","0.9875999689102173"
"66639","0.9875999689102173","0.9875999689102173","0.9875999689102173"
"66650","0.9875999689102173","0.9875999689102173","0.9875999689102173"
"66661","0.9875999689102173","0.9875999689102173","0.9875999689102173"
"66672","0.9875999689102173","0.9875999689102173","0.9875999689102173"
"66683","0.9875999689102173","0.9875999689102173","0.9875999689102173"
"66694","0.9875999689102173","0.9875999689102173","0.9875999689102173"
"66705","0.9875999689102173","0.9875999689102173","0.9875999689102173"
"66716","0.9875999689102173","0.9875999689102173","0.9875999689102173"
"66727","0.9875999689102173","0.9875999689102173","0.9875999689102173"
"66738","0.9875999689102173","0.9875999689102173","0.9875999689102173"
"66749","0.9875999689102173","0.9875999689102173","0.9875999689102173"
"66760","0.9875999689102173","0.9875999689102173","0.9875999689102173"
"66771","0.9875999689102173","0.9875999689102173","0.9875999689102173"
"66782","0.9875999689102173","0.9875999689102173","0.9875999689102173"
"66793","0.9875999689102173","0.9875999689102173","0.9875999689102173"
"66804","0.9875999689102173","0.9875999689102173","0.9875999689102173"
"66815","0.9875999689102173","0.9875999689102173","0.9875999689102173"
"66826","0.9875999689102173","0.9875999689102173","0.9875999689102173"
"66837","0.9875999689102173","0.9875999689102173","0.9875999689102173"
"66848","0.9875999689102173","0.9875999689102173","0.9875999689102173"
"66859","0.9875999689102173","0.9875999689102173","0.9875999689102173"
"66870","0.9875999689102173","0.9875999689102173","0.9875999689102173"
"66881","0.9875999689102173","0.9875999689102173","0.9875999689102173"
"66892","0.9875999689102173","0.9875999689102173","0.9875999689102173"
"66903","0.9875999689102173","0.9875999689102173","0.9875999689102173"
"66914","0.9875999689102173","0.9875999689102173","0.9875999689102173"
"66925","0.9875999689102173","0.9875999689102173","0.9875999689102173"
"66936","0.9875999689102173","0.9875999689102173","0.9875999689102173"
"66947","0.9875999689102173","0.9875999689102173","0.9875999689102173"
"66958","0.9875999689102173","0.9875999689102173","0.9875999689102173"
"66969","0.9875999689102173","0.9875999689102173","0.9875999689102173"
"66980","0.9875999689102173","0.9875999689102173","0.9875999689102173"
"66991","0.9875999689102173","0.9875999689102173","0.9875999689102173"
"67002","0.9875999689102173","0.9875999689102173","0.9875999689102173"
"67013","0.9875999689102173","0.9875999689102173","0.9875999689102173"
"67024","0.9876999855041504","0.9876999855041504","0.9876999855041504"
"67035","0.9876999855041504","0.9876999855041504","0.9876999855041504"
"67046","0.9876999855041504","0.9876999855041504","0.9876999855041504"
"67057","0.9876999855041504","0.9876999855041504","0.9876999855041504"
"67068","0.9876999855041504","0.9876999855041504","0.9876999855041504"
"67079","0.9878000020980835","0.9878000020980835","0.9878000020980835"
"67090","0.9878000020980835","0.9878000020980835","0.9878000020980835"
"67101","0.9878000020980835","0.9878000020980835","0.9878000020980835"
"67112","0.9878999590873718","0.9878999590873718","0.9878999590873718"
"67123","0.9878999590873718","0.9878999590873718","0.9878999590873718"
"67134","0.9878999590873718","0.9878999590873718","0.9878999590873718"
"67145","0.9878999590873718","0.9878999590873718","0.9878999590873718"
"67156","0.9878999590873718","0.9878999590873718","0.9878999590873718"
"67167","0.9878999590873718","0.9878999590873718","0.9878999590873718"
"67178","0.9878999590873718","0.9878999590873718","0.9878999590873718"
"67189","0.9878999590873718","0.9878999590873718","0.9878999590873718"
"67200","0.9878999590873718","0.9878999590873718","0.9878999590873718"
"67211","0.9878999590873718","0.9878999590873718","0.9878999590873718"
"67222","0.9878999590873718","0.9878999590873718","0.9878999590873718"
"67233","0.9878999590873718","0.9878999590873718","0.9878999590873718"
"67244","0.9878999590873718","0.9878999590873718","0.9878999590873718"
"67255","0.9878999590873718","0.9878999590873718","0.9878999590873718"
"67266","0.9878999590873718","0.9878999590873718","0.9878999590873718"
"67277","0.9878999590873718","0.9878999590873718","0.9878999590873718"
"67288","0.9878999590873718","0.9878999590873718","0.9878999590873718"
"67299","0.9878999590873718","0.9878999590873718","0.9878999590873718"
"67310","0.9878999590873718","0.9878999590873718","0.9878999590873718"
"67321","0.9878999590873718","0.9878999590873718","0.9878999590873718"
"67332","0.9878999590873718","0.9878999590873718","0.9878999590873718"
"67343","0.9878999590873718","0.9878999590873718","0.9878999590873718"
"67354","0.9878999590873718","0.9878999590873718","0.9878999590873718"
"67365","0.9878999590873718","0.9878999590873718","0.9878999590873718"
"67376","0.9879999756813049","0.9879999756813049","0.9879999756813049"
"67387","0.9879999756813049","0.9879999756813049","0.9879999756813049"
"67398","0.9879999756813049","0.9879999756813049","0.9879999756813049"
"67409","0.9879999756813049","0.9879999756813049","0.9879999756813049"
"67420","0.9879999756813049","0.9879999756813049","0.9879999756813049"
"67431","0.9879999756813049","0.9879999756813049","0.9879999756813049"
"67442","0.9879999756813049","0.9879999756813049","0.9879999756813049"
"67453","0.9879999756813049","0.9879999756813049","0.9879999756813049"
"67464","0.9879999756813049","0.9879999756813049","0.9879999756813049"
"67475","0.9879999756813049","0.9879999756813049","0.9879999756813049"
"67486","0.9879999756813049","0.9879999756813049","0.9879999756813049"
"67497","0.9879999756813049","0.9879999756813049","0.9879999756813049"
"67508","0.9879999756813049","0.9879999756813049","0.9879999756813049"
"67519","0.9879999756813049","0.9879999756813049","0.9879999756813049"
"67530","0.9879999756813049","0.9879999756813049","0.9879999756813049"
"67541","0.9879999756813049","0.9879999756813049","0.9879999756813049"
"67552","0.9879999756813049","0.9879999756813049","0.9879999756813049"
"67563","0.9879999756813049","0.9879999756813049","0.9879999756813049"
"67574","0.9879999756813049","0.9879999756813049","0.9879999756813049"
"67585","0.9879999756813049","0.9879999756813049","0.9879999756813049"
"67596","0.9879999756813049","0.9879999756813049","0.9879999756813049"
"67607","0.9879999756813049","0.9879999756813049","0.9879999756813049"
"67618","0.9879999756813049","0.9879999756813049","0.9879999756813049"
"67629","0.9879999756813049","0.9879999756813049","0.9879999756813049"
"67640","0.9879999756813049","0.9879999756813049","0.9879999756813049"
"67651","0.9879999756813049","0.9879999756813049","0.9879999756813049"
"67662","0.9879999756813049","0.9879999756813049","0.9879999756813049"
"67673","0.9879999756813049","0.9879999756813049","0.9879999756813049"
"67684","0.9879999756813049","0.9879999756813049","0.9879999756813049"
"67695","0.9879999756813049","0.9879999756813049","0.9879999756813049"
"67706","0.9879999756813049","0.9879999756813049","0.9879999756813049"
"67717","0.9879999756813049","0.9879999756813049","0.9879999756813049"
"67728","0.9879999756813049","0.9879999756813049","0.9879999756813049"
"67739","0.9879999756813049","0.9879999756813049","0.9879999756813049"
"67750","0.9879999756813049","0.9879999756813049","0.9879999756813049"
"67761","0.9879999756813049","0.9879999756813049","0.9879999756813049"
"67772","0.9879999756813049","0.9879999756813049","0.9879999756813049"
"67783","0.9879999756813049","0.9879999756813049","0.9879999756813049"
"67794","0.9879999756813049","0.9879999756813049","0.9879999756813049"
"67805","0.9879999756813049","0.9879999756813049","0.9879999756813049"
"67816","0.9879999756813049","0.9879999756813049","0.9879999756813049"
"67827","0.9879999756813049","0.9879999756813049","0.9879999756813049"
"67838","0.9879999756813049","0.9879999756813049","0.9879999756813049"
"67849","0.9879999756813049","0.9879999756813049","0.9879999756813049"
"67860","0.9879999756813049","0.9879999756813049","0.9879999756813049"
"67871","0.9879999756813049","0.9879999756813049","0.9879999756813049"
"67882","0.988099992275238","0.988099992275238","0.988099992275238"
"67893","0.9881999492645264","0.9881999492645264","0.9881999492645264"
"67904","0.988099992275238","0.988099992275238","0.988099992275238"
"67915","0.9881999492645264","0.9881999492645264","0.9881999492645264"
"67926","0.9881999492645264","0.9881999492645264","0.9881999492645264"
"67937","0.9881999492645264","0.9881999492645264","0.9881999492645264"
"67948","0.9881999492645264","0.9881999492645264","0.9881999492645264"
"67959","0.9881999492645264","0.9881999492645264","0.9881999492645264"
"67970","0.9881999492645264","0.9881999492645264","0.9881999492645264"
"67981","0.9881999492645264","0.9881999492645264","0.9881999492645264"
"67992","0.9881999492645264","0.9881999492645264","0.9881999492645264"
"68003","0.9881999492645264","0.9881999492645264","0.9881999492645264"
"68014","0.9881999492645264","0.9881999492645264","0.9881999492645264"
"68025","0.9881999492645264","0.9881999492645264","0.9881999492645264"
"68036","0.9881999492645264","0.9881999492645264","0.9881999492645264"
"68047","0.9881999492645264","0.9881999492645264","0.9881999492645264"
"68058","0.9881999492645264","0.9881999492645264","0.9881999492645264"
"68069","0.9881999492645264","0.9881999492645264","0.9881999492645264"
"68080","0.9881999492645264","0.9881999492645264","0.9881999492645264"
"68091","0.9881999492645264","0.9881999492645264","0.9881999492645264"
"68102","0.9881999492645264","0.9881999492645264","0.9881999492645264"
"68113","0.9881999492645264","0.9881999492645264","0.9881999492645264"
"68124","0.9881999492645264","0.9881999492645264","0.9881999492645264"
"68135","0.9881999492645264","0.9881999492645264","0.9881999492645264"
"68146","0.9881999492645264","0.9881999492645264","0.9881999492645264"
"68157","0.9881999492645264","0.9881999492645264","0.9881999492645264"
"68168","0.9882999658584595","0.9882999658584595","0.9882999658584595"
"68179","0.9882999658584595","0.9882999658584595","0.9882999658584595"
"68190","0.9881999492645264","0.9881999492645264","0.9881999492645264"
"68201","0.9881999492645264","0.9881999492645264","0.9881999492645264"
"68212","0.9881999492645264","0.9881999492645264","0.9881999492645264"
"68223","0.9881999492645264","0.9881999492645264","0.9881999492645264"
"68234","0.9881999492645264","0.9881999492645264","0.9881999492645264"
"68245","0.9881999492645264","0.9881999492645264","0.9881999492645264"
"68256","0.9881999492645264","0.9881999492645264","0.9881999492645264"
"68267","0.9881999492645264","0.9881999492645264","0.9881999492645264"
"68278","0.9881999492645264","0.9881999492645264","0.9881999492645264"
"68289","0.9881999492645264","0.9881999492645264","0.9881999492645264"
"68300","0.9881999492645264","0.9881999492645264","0.9881999492645264"
"68311","0.9882999658584595","0.9882999658584595","0.9882999658584595"
"68322","0.9881999492645264","0.9881999492645264","0.9881999492645264"
"68333","0.9882999658584595","0.9882999658584595","0.9882999658584595"
"68344","0.9883999824523926","0.9883999824523926","0.9883999824523926"
"68355","0.9883999824523926","0.9883999824523926","0.9883999824523926"
"68366","0.9883999824523926","0.9883999824523926","0.9883999824523926"
"68377","0.9883999824523926","0.9883999824523926","0.9883999824523926"
"68388","0.9883999824523926","0.9883999824523926","0.9883999824523926"
"68399","0.9884999990463257","0.9884999990463257","0.9884999990463257"
"68410","0.9883999824523926","0.9883999824523926","0.9883999824523926"
"68421","0.9884999990463257","0.9884999990463257","0.9884999990463257"
"68432","0.9884999990463257","0.9884999990463257","0.9884999990463257"
"68443","0.9884999990463257","0.9884999990463257","0.9884999990463257"
"68454","0.9884999990463257","0.9884999990463257","0.9884999990463257"
"68465","0.9884999990463257","0.9884999990463257","0.9884999990463257"
"68476","0.9884999990463257","0.9884999990463257","0.9884999990463257"
"68487","0.9884999990463257","0.9884999990463257","0.9884999990463257"
"68498","0.9884999990463257","0.9884999990463257","0.9884999990463257"
"68509","0.9884999990463257","0.9884999990463257","0.9884999990463257"
"68520","0.9884999990463257","0.9884999990463257","0.9884999990463257"
"68531","0.9884999990463257","0.9884999990463257","0.9884999990463257"
"68542","0.9884999990463257","0.9884999990463257","0.9884999990463257"
"68553","0.9884999990463257","0.9884999990463257","0.9884999990463257"
"68564","0.9884999990463257","0.9884999990463257","0.9884999990463257"
"68575","0.9884999990463257","0.9884999990463257","0.9884999990463257"
"68586","0.9884999990463257","0.9884999990463257","0.9884999990463257"
"68597","0.9884999990463257","0.9884999990463257","0.9884999990463257"
"68608","0.9884999990463257","0.9884999990463257","0.9884999990463257"
"68619","0.9884999990463257","0.9884999990463257","0.9884999990463257"
"68630","0.9884999990463257","0.9884999990463257","0.9884999990463257"
"68641","0.9884999990463257","0.9884999990463257","0.9884999990463257"
"68652","0.9884999990463257","0.9884999990463257","0.9884999990463257"
"68663","0.9884999990463257","0.9884999990463257","0.9884999990463257"
"68674","0.9884999990463257","0.9884999990463257","0.9884999990463257"
"68685","0.9884999990463257","0.9884999990463257","0.9884999990463257"
"68696","0.9884999990463257","0.9884999990463257","0.9884999990463257"
"68707","0.9884999990463257","0.9884999990463257","0.9884999990463257"
"68718","0.9884999990463257","0.9884999990463257","0.9884999990463257"
"68729","0.9884999990463257","0.9884999990463257","0.9884999990463257"
"68740","0.9884999990463257","0.9884999990463257","0.9884999990463257"
"68751","0.9884999990463257","0.9884999990463257","0.9884999990463257"
"68762","0.9884999990463257","0.9884999990463257","0.9884999990463257"
"68773","0.9884999990463257","0.9884999990463257","0.9884999990463257"
"68784","0.9884999990463257","0.9884999990463257","0.9884999990463257"
"68795","0.9884999990463257","0.9884999990463257","0.9884999990463257"
"68806","0.9884999990463257","0.9884999990463257","0.9884999990463257"
"68817","0.9884999990463257","0.9884999990463257","0.9884999990463257"
"68828","0.9884999990463257","0.9884999990463257","0.9884999990463257"
"68839","0.9884999990463257","0.9884999990463257","0.9884999990463257"
"68850","0.988599956035614","0.988599956035614","0.988599956035614"
"68861","0.988599956035614","0.988599956035614","0.988599956035614"
"68872","0.988599956035614","0.988599956035614","0.988599956035614"
"68883","0.988599956035614","0.988599956035614","0.988599956035614"
"68894","0.988599956035614","0.988599956035614","0.988599956035614"
"68905","0.988599956035614","0.988599956035614","0.988599956035614"
"68916","0.988599956035614","0.988599956035614","0.988599956035614"
"68927","0.988599956035614","0.988599956035614","0.988599956035614"
"68938","0.988599956035614","0.988599956035614","0.988599956035614"
"68949","0.988599956035614","0.988599956035614","0.988599956035614"
"68960","0.988599956035614","0.988599956035614","0.988599956035614"
"68971","0.988599956035614","0.988599956035614","0.988599956035614"
"68982","0.988599956035614","0.988599956035614","0.988599956035614"
"68993","0.988599956035614","0.988599956035614","0.988599956035614"
"69004","0.988599956035614","0.988599956035614","0.988599956035614"
"69015","0.988599956035614","0.988599956035614","0.988599956035614"
"69026","0.988599956035614","0.988599956035614","0.988599956035614"
"69037","0.988599956035614","0.988599956035614","0.988599956035614"
"69048","0.988599956035614","0.988599956035614","0.988599956035614"
"69059","0.988599956035614","0.988599956035614","0.988599956035614"
"69070","0.988599956035614","0.988599956035614","0.988599956035614"
"69081","0.988599956035614","0.988599956035614","0.988599956035614"
"69092","0.988599956035614","0.988599956035614","0.988599956035614"
"69103","0.988599956035614","0.988599956035614","0.988599956035614"
"69114","0.988599956035614","0.988599956035614","0.988599956035614"
"69125","0.988599956035614","0.988599956035614","0.988599956035614"
"69136","0.988599956035614","0.988599956035614","0.988599956035614"
"69147","0.988599956035614","0.988599956035614","0.988599956035614"
"69158","0.988599956035614","0.988599956035614","0.988599956035614"
"69169","0.988599956035614","0.988599956035614","0.988599956035614"
"69180","0.988599956035614","0.988599956035614","0.988599956035614"
"69191","0.988599956035614","0.988599956035614","0.988599956035614"
"69202","0.988599956035614","0.988599956035614","0.988599956035614"
"69213","0.988599956035614","0.988599956035614","0.988599956035614"
"69224","0.988599956035614","0.988599956035614","0.988599956035614"
"69235","0.988599956035614","0.988599956035614","0.988599956035614"
"69246","0.988599956035614","0.988599956035614","0.988599956035614"
"69257","0.988599956035614","0.988599956035614","0.988599956035614"
"69268","0.988599956035614","0.988599956035614","0.988599956035614"
"69279","0.988599956035614","0.988599956035614","0.988599956035614"
"69290","0.988599956035614","0.988599956035614","0.988599956035614"
"69301","0.9886999726295471","0.9886999726295471","0.9886999726295471"
"69312","0.9886999726295471","0.9886999726295471","0.9886999726295471"
"69323","0.9886999726295471","0.9886999726295471","0.9886999726295471"
"69334","0.9886999726295471","0.9886999726295471","0.9886999726295471"
"69345","0.9886999726295471","0.9886999726295471","0.9886999726295471"
"69356","0.9886999726295471","0.9886999726295471","0.9886999726295471"
"69367","0.9886999726295471","0.9886999726295471","0.9886999726295471"
"69378","0.9886999726295471","0.9886999726295471","0.9886999726295471"
"69389","0.9886999726295471","0.9886999726295471","0.9886999726295471"
"69400","0.9886999726295471","0.9886999726295471","0.9886999726295471"
"69411","0.9886999726295471","0.9886999726295471","0.9886999726295471"
"69422","0.9886999726295471","0.9886999726295471","0.9886999726295471"
"69433","0.9886999726295471","0.9886999726295471","0.9886999726295471"
"69444","0.9886999726295471","0.9886999726295471","0.9886999726295471"
"69455","0.9886999726295471","0.9886999726295471","0.9886999726295471"
"69466","0.9886999726295471","0.9886999726295471","0.9886999726295471"
"69477","0.9886999726295471","0.9886999726295471","0.9886999726295471"
"69488","0.9886999726295471","0.9886999726295471","0.9886999726295471"
"69499","0.9886999726295471","0.9886999726295471","0.9886999726295471"
"69510","0.9886999726295471","0.9886999726295471","0.9886999726295471"
"69521","0.9886999726295471","0.9886999726295471","0.9886999726295471"
"69532","0.9887999892234802","0.9887999892234802","0.9887999892234802"
"69543","0.9887999892234802","0.9887999892234802","0.9887999892234802"
"69554","0.9887999892234802","0.9887999892234802","0.9887999892234802"
"69565","0.9887999892234802","0.9887999892234802","0.9887999892234802"
"69576","0.9887999892234802","0.9887999892234802","0.9887999892234802"
"69587","0.9887999892234802","0.9887999892234802","0.9887999892234802"
"69598","0.9887999892234802","0.9887999892234802","0.9887999892234802"
"69609","0.9887999892234802","0.9887999892234802","0.9887999892234802"
"69620","0.9887999892234802","0.9887999892234802","0.9887999892234802"
"69631","0.9888999462127686","0.9888999462127686","0.9888999462127686"
"69642","0.9887999892234802","0.9887999892234802","0.9887999892234802"
"69653","0.9887999892234802","0.9887999892234802","0.9887999892234802"
"69664","0.9887999892234802","0.9887999892234802","0.9887999892234802"
"69675","0.9886999726295471","0.9886999726295471","0.9886999726295471"
"69686","0.9887999892234802","0.9887999892234802","0.9887999892234802"
"69697","0.9887999892234802","0.9887999892234802","0.9887999892234802"
"69708","0.9887999892234802","0.9887999892234802","0.9887999892234802"
"69719","0.9887999892234802","0.9887999892234802","0.9887999892234802"
"69730","0.9887999892234802","0.9887999892234802","0.9887999892234802"
"69741","0.9886999726295471","0.9886999726295471","0.9886999726295471"
"69752","0.9886999726295471","0.9886999726295471","0.9886999726295471"
"69763","0.9886999726295471","0.9886999726295471","0.9886999726295471"
"69774","0.9886999726295471","0.9886999726295471","0.9886999726295471"
"69785","0.9886999726295471","0.9886999726295471","0.9886999726295471"
"69796","0.9886999726295471","0.9886999726295471","0.9886999726295471"
"69807","0.9886999726295471","0.9886999726295471","0.9886999726295471"
"69818","0.9886999726295471","0.9886999726295471","0.9886999726295471"
"69829","0.9886999726295471","0.9886999726295471","0.9886999726295471"
"69840","0.9886999726295471","0.9886999726295471","0.9886999726295471"
"69851","0.9886999726295471","0.9886999726295471","0.9886999726295471"
"69862","0.9886999726295471","0.9886999726295471","0.9886999726295471"
"69873","0.9887999892234802","0.9887999892234802","0.9887999892234802"
"69884","0.9887999892234802","0.9887999892234802","0.9887999892234802"
"69895","0.9887999892234802","0.9887999892234802","0.9887999892234802"
"69906","0.9887999892234802","0.9887999892234802","0.9887999892234802"
"69917","0.9887999892234802","0.9887999892234802","0.9887999892234802"
"69928","0.9887999892234802","0.9887999892234802","0.9887999892234802"
"69939","0.9887999892234802","0.9887999892234802","0.9887999892234802"
"69950","0.9887999892234802","0.9887999892234802","0.9887999892234802"
"69961","0.9887999892234802","0.9887999892234802","0.9887999892234802"
"69972","0.9887999892234802","0.9887999892234802","0.9887999892234802"
"69983","0.9887999892234802","0.9887999892234802","0.9887999892234802"
"69994","0.9887999892234802","0.9887999892234802","0.9887999892234802"
"70005","0.9887999892234802","0.9887999892234802","0.9887999892234802"
"70016","0.9888999462127686","0.9888999462127686","0.9888999462127686"
"70027","0.9888999462127686","0.9888999462127686","0.9888999462127686"
"70038","0.9888999462127686","0.9888999462127686","0.9888999462127686"
"70049","0.9888999462127686","0.9888999462127686","0.9888999462127686"
"70060","0.9888999462127686","0.9888999462127686","0.9888999462127686"
"70071","0.9888999462127686","0.9888999462127686","0.9888999462127686"
"70082","0.9888999462127686","0.9888999462127686","0.9888999462127686"
"70093","0.9888999462127686","0.9888999462127686","0.9888999462127686"
"70104","0.9888999462127686","0.9888999462127686","0.9888999462127686"
"70115","0.9888999462127686","0.9888999462127686","0.9888999462127686"
"70126","0.9888999462127686","0.9888999462127686","0.9888999462127686"
"70137","0.9888999462127686","0.9888999462127686","0.9888999462127686"
"70148","0.9888999462127686","0.9888999462127686","0.9888999462127686"
"70159","0.9887999892234802","0.9887999892234802","0.9887999892234802"
"70170","0.9888999462127686","0.9888999462127686","0.9888999462127686"
"70181","0.9888999462127686","0.9888999462127686","0.9888999462127686"
"70192","0.9888999462127686","0.9888999462127686","0.9888999462127686"
"70203","0.9888999462127686","0.9888999462127686","0.9888999462127686"
"70214","0.9888999462127686","0.9888999462127686","0.9888999462127686"
"70225","0.9888999462127686","0.9888999462127686","0.9888999462127686"
"70236","0.9888999462127686","0.9888999462127686","0.9888999462127686"
"70247","0.9888999462127686","0.9888999462127686","0.9888999462127686"
"70258","0.9888999462127686","0.9888999462127686","0.9888999462127686"
"70269","0.9888999462127686","0.9888999462127686","0.9888999462127686"
"70280","0.9888999462127686","0.9888999462127686","0.9888999462127686"
"70291","0.9888999462127686","0.9888999462127686","0.9888999462127686"
"70302","0.9888999462127686","0.9888999462127686","0.9888999462127686"
"70313","0.9888999462127686","0.9888999462127686","0.9888999462127686"
"70324","0.9888999462127686","0.9888999462127686","0.9888999462127686"
"70335","0.9888999462127686","0.9888999462127686","0.9888999462127686"
"70346","0.9888999462127686","0.9888999462127686","0.9888999462127686"
"70357","0.9888999462127686","0.9888999462127686","0.9888999462127686"
"70368","0.9889999628067017","0.9889999628067017","0.9889999628067017"
"70379","0.9888999462127686","0.9888999462127686","0.9888999462127686"
"70390","0.9888999462127686","0.9888999462127686","0.9888999462127686"
"70401","0.9889999628067017","0.9889999628067017","0.9889999628067017"
"70412","0.9889999628067017","0.9889999628067017","0.9889999628067017"
"70423","0.9889999628067017","0.9889999628067017","0.9889999628067017"
"70434","0.9889999628067017","0.9889999628067017","0.9889999628067017"
"70445","0.9889999628067017","0.9889999628067017","0.9889999628067017"
"70456","0.9889999628067017","0.9889999628067017","0.9889999628067017"
"70467","0.9889999628067017","0.9889999628067017","0.9889999628067017"
"70478","0.9889999628067017","0.9889999628067017","0.9889999628067017"
"70489","0.9889999628067017","0.9889999628067017","0.9889999628067017"
"70500","0.9889999628067017","0.9889999628067017","0.9889999628067017"
"70511","0.9889999628067017","0.9889999628067017","0.9889999628067017"
"70522","0.9889999628067017","0.9889999628067017","0.9889999628067017"
"70533","0.9889999628067017","0.9889999628067017","0.9889999628067017"
"70544","0.9889999628067017","0.9889999628067017","0.9889999628067017"
"70555","0.9890999794006348","0.9890999794006348","0.9890999794006348"
"70566","0.9890999794006348","0.9890999794006348","0.9890999794006348"
"70577","0.9890999794006348","0.9890999794006348","0.9890999794006348"
"70588","0.9889999628067017","0.9889999628067017","0.9889999628067017"
"70599","0.9890999794006348","0.9890999794006348","0.9890999794006348"
"70610","0.9891999959945679","0.9891999959945679","0.9891999959945679"
"70621","0.9890999794006348","0.9890999794006348","0.9890999794006348"
"70632","0.9891999959945679","0.9891999959945679","0.9891999959945679"
"70643","0.9891999959945679","0.9891999959945679","0.9891999959945679"
"70654","0.9891999959945679","0.9891999959945679","0.9891999959945679"
"70665","0.9891999959945679","0.9891999959945679","0.9891999959945679"
"70676","0.9891999959945679","0.9891999959945679","0.9891999959945679"
"70687","0.9891999959945679","0.9891999959945679","0.9891999959945679"
"70698","0.9891999959945679","0.9891999959945679","0.9891999959945679"
"70709","0.9891999959945679","0.9891999959945679","0.9891999959945679"
"70720","0.9891999959945679","0.9891999959945679","0.9891999959945679"
"70731","0.9891999959945679","0.9891999959945679","0.9891999959945679"
"70742","0.9891999959945679","0.9891999959945679","0.9891999959945679"
"70753","0.9891999959945679","0.9891999959945679","0.9891999959945679"
"70764","0.9891999959945679","0.9891999959945679","0.9891999959945679"
"70775","0.9891999959945679","0.9891999959945679","0.9891999959945679"
"70786","0.9891999959945679","0.9891999959945679","0.9891999959945679"
"70797","0.9891999959945679","0.9891999959945679","0.9891999959945679"
"70808","0.9891999959945679","0.9891999959945679","0.9891999959945679"
"70819","0.9891999959945679","0.9891999959945679","0.9891999959945679"
"70830","0.9891999959945679","0.9891999959945679","0.9891999959945679"
"70841","0.9891999959945679","0.9891999959945679","0.9891999959945679"
"70852","0.9891999959945679","0.9891999959945679","0.9891999959945679"
"70863","0.9891999959945679","0.9891999959945679","0.9891999959945679"
"70874","0.9891999959945679","0.9891999959945679","0.9891999959945679"
"70885","0.9891999959945679","0.9891999959945679","0.9891999959945679"
"70896","0.9891999959945679","0.9891999959945679","0.9891999959945679"
"70907","0.9891999959945679","0.9891999959945679","0.9891999959945679"
"70918","0.9891999959945679","0.9891999959945679","0.9891999959945679"
"70929","0.9891999959945679","0.9891999959945679","0.9891999959945679"
"70940","0.9891999959945679","0.9891999959945679","0.9891999959945679"
"70951","0.9891999959945679","0.9891999959945679","0.9891999959945679"
"70962","0.9891999959945679","0.9891999959945679","0.9891999959945679"
"70973","0.9891999959945679","0.9891999959945679","0.9891999959945679"
"70984","0.9891999959945679","0.9891999959945679","0.9891999959945679"
"70995","0.9891999959945679","0.9891999959945679","0.9891999959945679"
"71006","0.9891999959945679","0.9891999959945679","0.9891999959945679"
"71017","0.9891999959945679","0.9891999959945679","0.9891999959945679"
"71028","0.9891999959945679","0.9891999959945679","0.9891999959945679"
"71039","0.9891999959945679","0.9891999959945679","0.9891999959945679"
"71050","0.9891999959945679","0.9891999959945679","0.9891999959945679"
"71061","0.9891999959945679","0.9891999959945679","0.9891999959945679"
"71072","0.9891999959945679","0.9891999959945679","0.9891999959945679"
"71083","0.9891999959945679","0.9891999959945679","0.9891999959945679"
"71094","0.9891999959945679","0.9891999959945679","0.9891999959945679"
"71105","0.9891999959945679","0.9891999959945679","0.9891999959945679"
"71116","0.9891999959945679","0.9891999959945679","0.9891999959945679"
"71127","0.9891999959945679","0.9891999959945679","0.9891999959945679"
"71138","0.9891999959945679","0.9891999959945679","0.9891999959945679"
"71149","0.9891999959945679","0.9891999959945679","0.9891999959945679"
"71160","0.9891999959945679","0.9891999959945679","0.9891999959945679"
"71171","0.9891999959945679","0.9891999959945679","0.9891999959945679"
"71182","0.9892999529838562","0.9892999529838562","0.9892999529838562"
"71193","0.9892999529838562","0.9892999529838562","0.9892999529838562"
"71204","0.9892999529838562","0.9892999529838562","0.9892999529838562"
"71215","0.9892999529838562","0.9892999529838562","0.9892999529838562"
"71226","0.9892999529838562","0.9892999529838562","0.9892999529838562"
"71237","0.9892999529838562","0.9892999529838562","0.9892999529838562"
"71248","0.9892999529838562","0.9892999529838562","0.9892999529838562"
"71259","0.9892999529838562","0.9892999529838562","0.9892999529838562"
"71270","0.9892999529838562","0.9892999529838562","0.9892999529838562"
"71281","0.9892999529838562","0.9892999529838562","0.9892999529838562"
"71292","0.9892999529838562","0.9892999529838562","0.9892999529838562"
"71303","0.9892999529838562","0.9892999529838562","0.9892999529838562"
"71314","0.9892999529838562","0.9892999529838562","0.9892999529838562"
"71325","0.9892999529838562","0.9892999529838562","0.9892999529838562"
"71336","0.9892999529838562","0.9892999529838562","0.9892999529838562"
"71347","0.9892999529838562","0.9892999529838562","0.9892999529838562"
"71358","0.9892999529838562","0.9892999529838562","0.9892999529838562"
"71369","0.9892999529838562","0.9892999529838562","0.9892999529838562"
"71380","0.9892999529838562","0.9892999529838562","0.9892999529838562"
"71391","0.9892999529838562","0.9892999529838562","0.9892999529838562"
"71402","0.9892999529838562","0.9892999529838562","0.9892999529838562"
"71413","0.9892999529838562","0.9892999529838562","0.9892999529838562"
"71424","0.9892999529838562","0.9892999529838562","0.9892999529838562"
"71435","0.9892999529838562","0.9892999529838562","0.9892999529838562"
"71446","0.9892999529838562","0.9892999529838562","0.9892999529838562"
"71457","0.9892999529838562","0.9892999529838562","0.9892999529838562"
"71468","0.9892999529838562","0.9892999529838562","0.9892999529838562"
"71479","0.9892999529838562","0.9892999529838562","0.9892999529838562"
"71490","0.9892999529838562","0.9892999529838562","0.9892999529838562"
"71501","0.9892999529838562","0.9892999529838562","0.9892999529838562"
"71512","0.9893999695777893","0.9893999695777893","0.9893999695777893"
"71523","0.9893999695777893","0.9893999695777893","0.9893999695777893"
"71534","0.9893999695777893","0.9893999695777893","0.9893999695777893"
"71545","0.9893999695777893","0.9893999695777893","0.9893999695777893"
"71556","0.9893999695777893","0.9893999695777893","0.9893999695777893"
"71567","0.9893999695777893","0.9893999695777893","0.9893999695777893"
"71578","0.9893999695777893","0.9893999695777893","0.9893999695777893"
"71589","0.9893999695777893","0.9893999695777893","0.9893999695777893"
"71600","0.9894999861717224","0.9894999861717224","0.9894999861717224"
"71611","0.9894999861717224","0.9894999861717224","0.9894999861717224"
"71622","0.9894999861717224","0.9894999861717224","0.9894999861717224"
"71633","0.9894999861717224","0.9894999861717224","0.9894999861717224"
"71644","0.9894999861717224","0.9894999861717224","0.9894999861717224"
"71655","0.9894999861717224","0.9894999861717224","0.9894999861717224"
"71666","0.9894999861717224","0.9894999861717224","0.9894999861717224"
"71677","0.9894999861717224","0.9894999861717224","0.9894999861717224"
"71688","0.9894999861717224","0.9894999861717224","0.9894999861717224"
"71699","0.9894999861717224","0.9894999861717224","0.9894999861717224"
"71710","0.9893999695777893","0.9893999695777893","0.9893999695777893"
"71721","0.9893999695777893","0.9893999695777893","0.9893999695777893"
"71732","0.9894999861717224","0.9894999861717224","0.9894999861717224"
"71743","0.9894999861717224","0.9894999861717224","0.9894999861717224"
"71754","0.9894999861717224","0.9894999861717224","0.9894999861717224"
"71765","0.9893999695777893","0.9893999695777893","0.9893999695777893"
"71776","0.9893999695777893","0.9893999695777893","0.9893999695777893"
"71787","0.9894999861717224","0.9894999861717224","0.9894999861717224"
"71798","0.9894999861717224","0.9894999861717224","0.9894999861717224"
"71809","0.9894999861717224","0.9894999861717224","0.9894999861717224"
"71820","0.9894999861717224","0.9894999861717224","0.9894999861717224"
"71831","0.9894999861717224","0.9894999861717224","0.9894999861717224"
"71842","0.9894999861717224","0.9894999861717224","0.9894999861717224"
"71853","0.9894999861717224","0.9894999861717224","0.9894999861717224"
"71864","0.9894999861717224","0.9894999861717224","0.9894999861717224"
"71875","0.9894999861717224","0.9894999861717224","0.9894999861717224"
"71886","0.9894999861717224","0.9894999861717224","0.9894999861717224"
"71897","0.9894999861717224","0.9894999861717224","0.9894999861717224"
"71908","0.9894999861717224","0.9894999861717224","0.9894999861717224"
"71919","0.9894999861717224","0.9894999861717224","0.9894999861717224"
"71930","0.9894999861717224","0.9894999861717224","0.9894999861717224"
"71941","0.9894999861717224","0.9894999861717224","0.9894999861717224"
"71952","0.9894999861717224","0.9894999861717224","0.9894999861717224"
"71963","0.9894999861717224","0.9894999861717224","0.9894999861717224"
"71974","0.9894999861717224","0.9894999861717224","0.9894999861717224"
"71985","0.9894999861717224","0.9894999861717224","0.9894999861717224"
"71996","0.9894999861717224","0.9894999861717224","0.9894999861717224"
"72007","0.9894999861717224","0.9894999861717224","0.9894999861717224"
"72018","0.9894999861717224","0.9894999861717224","0.9894999861717224"
"72029","0.9894999861717224","0.9894999861717224","0.9894999861717224"
"72040","0.9894999861717224","0.9894999861717224","0.9894999861717224"
"72051","0.9894999861717224","0.9894999861717224","0.9894999861717224"
"72062","0.9896000027656555","0.9896000027656555","0.9896000027656555"
"72073","0.9894999861717224","0.9894999861717224","0.9894999861717224"
"72084","0.9894999861717224","0.9894999861717224","0.9894999861717224"
"72095","0.9894999861717224","0.9894999861717224","0.9894999861717224"
"72106","0.9896000027656555","0.9896000027656555","0.9896000027656555"
"72117","0.9896000027656555","0.9896000027656555","0.9896000027656555"
"72128","0.9896000027656555","0.9896000027656555","0.9896000027656555"
"72139","0.9896999597549438","0.9896999597549438","0.9896999597549438"
"72150","0.9896000027656555","0.9896000027656555","0.9896000027656555"
"72161","0.9896999597549438","0.9896999597549438","0.9896999597549438"
"72172","0.989799976348877","0.989799976348877","0.989799976348877"
"72183","0.989799976348877","0.989799976348877","0.989799976348877"
"72194","0.989799976348877","0.989799976348877","0.989799976348877"
"72205","0.989799976348877","0.989799976348877","0.989799976348877"
"72216","0.9896999597549438","0.9896999597549438","0.9896999597549438"
"72227","0.9896999597549438","0.9896999597549438","0.9896999597549438"
"72238","0.9896999597549438","0.9896999597549438","0.9896999597549438"
"72249","0.9896999597549438","0.9896999597549438","0.9896999597549438"
"72260","0.989799976348877","0.989799976348877","0.989799976348877"
"72271","0.989799976348877","0.989799976348877","0.989799976348877"
"72282","0.989799976348877","0.989799976348877","0.989799976348877"
"72293","0.989799976348877","0.989799976348877","0.989799976348877"
"72304","0.989799976348877","0.989799976348877","0.989799976348877"
"72315","0.989799976348877","0.989799976348877","0.989799976348877"
"72326","0.989799976348877","0.989799976348877","0.989799976348877"
"72337","0.989799976348877","0.989799976348877","0.989799976348877"
"72348","0.989799976348877","0.989799976348877","0.989799976348877"
"72359","0.989799976348877","0.989799976348877","0.989799976348877"
"72370","0.989799976348877","0.989799976348877","0.989799976348877"
"72381","0.989799976348877","0.989799976348877","0.989799976348877"
"72392","0.989799976348877","0.989799976348877","0.989799976348877"
"72403","0.989799976348877","0.989799976348877","0.989799976348877"
"72414","0.989799976348877","0.989799976348877","0.989799976348877"
"72425","0.989799976348877","0.989799976348877","0.989799976348877"
"72436","0.989799976348877","0.989799976348877","0.989799976348877"
"72447","0.989799976348877","0.989799976348877","0.989799976348877"
"72458","0.989799976348877","0.989799976348877","0.989799976348877"
"72469","0.989799976348877","0.989799976348877","0.989799976348877"
"72480","0.989799976348877","0.989799976348877","0.989799976348877"
"72491","0.989799976348877","0.989799976348877","0.989799976348877"
"72502","0.989799976348877","0.989799976348877","0.989799976348877"
"72513","0.989799976348877","0.989799976348877","0.989799976348877"
"72524","0.9898999929428101","0.9898999929428101","0.9898999929428101"
"72535","0.9898999929428101","0.9898999929428101","0.9898999929428101"
"72546","0.9898999929428101","0.9898999929428101","0.9898999929428101"
"72557","0.9898999929428101","0.9898999929428101","0.9898999929428101"
"72568","0.9898999929428101","0.9898999929428101","0.9898999929428101"
"72579","0.9898999929428101","0.9898999929428101","0.9898999929428101"
"72590","0.9898999929428101","0.9898999929428101","0.9898999929428101"
"72601","0.9898999929428101","0.9898999929428101","0.9898999929428101"
"72612","0.9898999929428101","0.9898999929428101","0.9898999929428101"
"72623","0.989799976348877","0.989799976348877","0.989799976348877"
"72634","0.989799976348877","0.989799976348877","0.989799976348877"
"72645","0.989799976348877","0.989799976348877","0.989799976348877"
"72656","0.989799976348877","0.989799976348877","0.989799976348877"
"72667","0.989799976348877","0.989799976348877","0.989799976348877"
"72678","0.989799976348877","0.989799976348877","0.989799976348877"
"72689","0.989799976348877","0.989799976348877","0.989799976348877"
"72700","0.989799976348877","0.989799976348877","0.989799976348877"
"72711","0.989799976348877","0.989799976348877","0.989799976348877"
"72722","0.989799976348877","0.989799976348877","0.989799976348877"
"72733","0.989799976348877","0.989799976348877","0.989799976348877"
"72744","0.989799976348877","0.989799976348877","0.989799976348877"
"72755","0.989799976348877","0.989799976348877","0.989799976348877"
"72766","0.989799976348877","0.989799976348877","0.989799976348877"
"72777","0.989799976348877","0.989799976348877","0.989799976348877"
"72788","0.989799976348877","0.989799976348877","0.989799976348877"
"72799","0.989799976348877","0.989799976348877","0.989799976348877"
"72810","0.989799976348877","0.989799976348877","0.989799976348877"
"72821","0.989799976348877","0.989799976348877","0.989799976348877"
"72832","0.9898999929428101","0.9898999929428101","0.9898999929428101"
"72843","0.9898999929428101","0.9898999929428101","0.9898999929428101"
"72854","0.9898999929428101","0.9898999929428101","0.9898999929428101"
"72865","0.989799976348877","0.989799976348877","0.989799976348877"
"72876","0.989799976348877","0.989799976348877","0.989799976348877"
"72887","0.989799976348877","0.989799976348877","0.989799976348877"
"72898","0.989799976348877","0.989799976348877","0.989799976348877"
"72909","0.989799976348877","0.989799976348877","0.989799976348877"
"72920","0.989799976348877","0.989799976348877","0.989799976348877"
"72931","0.989799976348877","0.989799976348877","0.989799976348877"
"72942","0.9898999929428101","0.9898999929428101","0.9898999929428101"
"72953","0.9898999929428101","0.9898999929428101","0.9898999929428101"
"72964","0.9899999499320984","0.9899999499320984","0.9899999499320984"
"72975","0.9899999499320984","0.9899999499320984","0.9899999499320984"
"72986","0.9899999499320984","0.9899999499320984","0.9899999499320984"
"72997","0.9899999499320984","0.9899999499320984","0.9899999499320984"
"73008","0.9899999499320984","0.9899999499320984","0.9899999499320984"
"73019","0.9899999499320984","0.9899999499320984","0.9899999499320984"
"73030","0.9898999929428101","0.9898999929428101","0.9898999929428101"
"73041","0.9898999929428101","0.9898999929428101","0.9898999929428101"
"73052","0.9899999499320984","0.9899999499320984","0.9899999499320984"
"73063","0.9899999499320984","0.9899999499320984","0.9899999499320984"
"73074","0.9899999499320984","0.9899999499320984","0.9899999499320984"
"73085","0.9899999499320984","0.9899999499320984","0.9899999499320984"
"73096","0.9899999499320984","0.9899999499320984","0.9899999499320984"
"73107","0.9900999665260315","0.9900999665260315","0.9900999665260315"
"73118","0.9899999499320984","0.9899999499320984","0.9899999499320984"
"73129","0.9900999665260315","0.9900999665260315","0.9900999665260315"
"73140","0.9900999665260315","0.9900999665260315","0.9900999665260315"
"73151","0.9899999499320984","0.9899999499320984","0.9899999499320984"
"73162","0.9900999665260315","0.9900999665260315","0.9900999665260315"
"73173","0.9900999665260315","0.9900999665260315","0.9900999665260315"
"73184","0.9900999665260315","0.9900999665260315","0.9900999665260315"
"73195","0.9900999665260315","0.9900999665260315","0.9900999665260315"
"73206","0.9900999665260315","0.9900999665260315","0.9900999665260315"
"73217","0.9900999665260315","0.9900999665260315","0.9900999665260315"
"73228","0.9900999665260315","0.9900999665260315","0.9900999665260315"
"73239","0.9900999665260315","0.9900999665260315","0.9900999665260315"
"73250","0.9900999665260315","0.9900999665260315","0.9900999665260315"
"73261","0.9900999665260315","0.9900999665260315","0.9900999665260315"
"73272","0.9900999665260315","0.9900999665260315","0.9900999665260315"
"73283","0.9900999665260315","0.9900999665260315","0.9900999665260315"
"73294","0.9900999665260315","0.9900999665260315","0.9900999665260315"
"73305","0.9900999665260315","0.9900999665260315","0.9900999665260315"
"73316","0.9900999665260315","0.9900999665260315","0.9900999665260315"
"73327","0.9900999665260315","0.9900999665260315","0.9900999665260315"
"73338","0.9900999665260315","0.9900999665260315","0.9900999665260315"
"73349","0.9900999665260315","0.9900999665260315","0.9900999665260315"
"73360","0.9900999665260315","0.9900999665260315","0.9900999665260315"
"73371","0.9900999665260315","0.9900999665260315","0.9900999665260315"
"73382","0.9900999665260315","0.9900999665260315","0.9900999665260315"
"73393","0.9900999665260315","0.9900999665260315","0.9900999665260315"
"73404","0.9900999665260315","0.9900999665260315","0.9900999665260315"
"73415","0.9900999665260315","0.9900999665260315","0.9900999665260315"
"73426","0.9900999665260315","0.9900999665260315","0.9900999665260315"
"73437","0.9900999665260315","0.9900999665260315","0.9900999665260315"
"73448","0.9900999665260315","0.9900999665260315","0.9900999665260315"
"73459","0.9900999665260315","0.9900999665260315","0.9900999665260315"
"73470","0.9901999831199646","0.9901999831199646","0.9901999831199646"
"73481","0.9900999665260315","0.9900999665260315","0.9900999665260315"
"73492","0.9900999665260315","0.9900999665260315","0.9900999665260315"
"73503","0.9901999831199646","0.9901999831199646","0.9901999831199646"
"73514","0.9900999665260315","0.9900999665260315","0.9900999665260315"
"73525","0.9900999665260315","0.9900999665260315","0.9900999665260315"
"73536","0.9900999665260315","0.9900999665260315","0.9900999665260315"
"73547","0.9901999831199646","0.9901999831199646","0.9901999831199646"
"73558","0.9901999831199646","0.9901999831199646","0.9901999831199646"
"73569","0.9901999831199646","0.9901999831199646","0.9901999831199646"
"73580","0.9900999665260315","0.9900999665260315","0.9900999665260315"
"73591","0.9901999831199646","0.9901999831199646","0.9901999831199646"
"73602","0.9901999831199646","0.9901999831199646","0.9901999831199646"
"73613","0.9900999665260315","0.9900999665260315","0.9900999665260315"
"73624","0.9901999831199646","0.9901999831199646","0.9901999831199646"
"73635","0.9901999831199646","0.9901999831199646","0.9901999831199646"
"73646","0.9901999831199646","0.9901999831199646","0.9901999831199646"
"73657","0.9901999831199646","0.9901999831199646","0.9901999831199646"
"73668","0.9901999831199646","0.9901999831199646","0.9901999831199646"
"73679","0.9901999831199646","0.9901999831199646","0.9901999831199646"
"73690","0.9901999831199646","0.9901999831199646","0.9901999831199646"
"73701","0.9901999831199646","0.9901999831199646","0.9901999831199646"
"73712","0.9901999831199646","0.9901999831199646","0.9901999831199646"
"73723","0.9901999831199646","0.9901999831199646","0.9901999831199646"
"73734","0.9901999831199646","0.9901999831199646","0.9901999831199646"
"73745","0.9901999831199646","0.9901999831199646","0.9901999831199646"
"73756","0.9901999831199646","0.9901999831199646","0.9901999831199646"
"73767","0.9901999831199646","0.9901999831199646","0.9901999831199646"
"73778","0.9901999831199646","0.9901999831199646","0.9901999831199646"
"73789","0.9901999831199646","0.9901999831199646","0.9901999831199646"
"73800","0.9902999997138977","0.9902999997138977","0.9902999997138977"
"73811","0.9902999997138977","0.9902999997138977","0.9902999997138977"
"73822","0.990399956703186","0.990399956703186","0.990399956703186"
"73833","0.9905999898910522","0.9905999898910522","0.9905999898910522"
"73844","0.9905999898910522","0.9905999898910522","0.9905999898910522"
"73855","0.9904999732971191","0.9904999732971191","0.9904999732971191"
"73866","0.9905999898910522","0.9905999898910522","0.9905999898910522"
"73877","0.9904999732971191","0.9904999732971191","0.9904999732971191"
"73888","0.9904999732971191","0.9904999732971191","0.9904999732971191"
"73899","0.9904999732971191","0.9904999732971191","0.9904999732971191"
"73910","0.9904999732971191","0.9904999732971191","0.9904999732971191"
"73921","0.9904999732971191","0.9904999732971191","0.9904999732971191"
"73932","0.9905999898910522","0.9905999898910522","0.9905999898910522"
"73943","0.9905999898910522","0.9905999898910522","0.9905999898910522"
"73954","0.9904999732971191","0.9904999732971191","0.9904999732971191"
"73965","0.9904999732971191","0.9904999732971191","0.9904999732971191"
"73976","0.9904999732971191","0.9904999732971191","0.9904999732971191"
"73987","0.9904999732971191","0.9904999732971191","0.9904999732971191"
"73998","0.9904999732971191","0.9904999732971191","0.9904999732971191"
"74009","0.9904999732971191","0.9904999732971191","0.9904999732971191"
"74020","0.9904999732971191","0.9904999732971191","0.9904999732971191"
"74031","0.9905999898910522","0.9905999898910522","0.9905999898910522"
"74042","0.9905999898910522","0.9905999898910522","0.9905999898910522"
"74053","0.9905999898910522","0.9905999898910522","0.9905999898910522"
"74064","0.9905999898910522","0.9905999898910522","0.9905999898910522"
"74075","0.9905999898910522","0.9905999898910522","0.9905999898910522"
"74086","0.9905999898910522","0.9905999898910522","0.9905999898910522"
"74097","0.9905999898910522","0.9905999898910522","0.9905999898910522"
"74108","0.9905999898910522","0.9905999898910522","0.9905999898910522"
"74119","0.9904999732971191","0.9904999732971191","0.9904999732971191"
"74130","0.9904999732971191","0.9904999732971191","0.9904999732971191"
"74141","0.9904999732971191","0.9904999732971191","0.9904999732971191"
"74152","0.9904999732971191","0.9904999732971191","0.9904999732971191"
"74163","0.9904999732971191","0.9904999732971191","0.9904999732971191"
"74174","0.9905999898910522","0.9905999898910522","0.9905999898910522"
"74185","0.9904999732971191","0.9904999732971191","0.9904999732971191"
"74196","0.9904999732971191","0.9904999732971191","0.9904999732971191"
"74207","0.9904999732971191","0.9904999732971191","0.9904999732971191"
"74218","0.9905999898910522","0.9905999898910522","0.9905999898910522"
"74229","0.9905999898910522","0.9905999898910522","0.9905999898910522"
"74240","0.9905999898910522","0.9905999898910522","0.9905999898910522"
"74251","0.9904999732971191","0.9904999732971191","0.9904999732971191"
"74262","0.9904999732971191","0.9904999732971191","0.9904999732971191"
"74273","0.9905999898910522","0.9905999898910522","0.9905999898910522"
"74284","0.9905999898910522","0.9905999898910522","0.9905999898910522"
"74295","0.9905999898910522","0.9905999898910522","0.9905999898910522"
"74306","0.9904999732971191","0.9904999732971191","0.9904999732971191"
"74317","0.9905999898910522","0.9905999898910522","0.9905999898910522"
"74328","0.9904999732971191","0.9904999732971191","0.9904999732971191"
"74339","0.9904999732971191","0.9904999732971191","0.9904999732971191"
"74350","0.9905999898910522","0.9905999898910522","0.9905999898910522"
"74361","0.990399956703186","0.990399956703186","0.990399956703186"
"74372","0.990399956703186","0.990399956703186","0.990399956703186"
"74383","0.990399956703186","0.990399956703186","0.990399956703186"
"74394","0.990399956703186","0.990399956703186","0.990399956703186"
"74405","0.990399956703186","0.990399956703186","0.990399956703186"
"74416","0.990399956703186","0.990399956703186","0.990399956703186"
"74427","0.9904999732971191","0.9904999732971191","0.9904999732971191"
"74438","0.990399956703186","0.990399956703186","0.990399956703186"
"74449","0.9905999898910522","0.9905999898910522","0.9905999898910522"
"74460","0.9904999732971191","0.9904999732971191","0.9904999732971191"
"74471","0.990399956703186","0.990399956703186","0.990399956703186"
"74482","0.9904999732971191","0.9904999732971191","0.9904999732971191"
"74493","0.9905999898910522","0.9905999898910522","0.9905999898910522"
"74504","0.9905999898910522","0.9905999898910522","0.9905999898910522"
"74515","0.9905999898910522","0.9905999898910522","0.9905999898910522"
"74526","0.9904999732971191","0.9904999732971191","0.9904999732971191"
"74537","0.9904999732971191","0.9904999732971191","0.9904999732971191"
"74548","0.9904999732971191","0.9904999732971191","0.9904999732971191"
"74559","0.9905999898910522","0.9905999898910522","0.9905999898910522"
"74570","0.9904999732971191","0.9904999732971191","0.9904999732971191"
"74581","0.9904999732971191","0.9904999732971191","0.9904999732971191"
"74592","0.9905999898910522","0.9905999898910522","0.9905999898910522"
"74603","0.9905999898910522","0.9905999898910522","0.9905999898910522"
"74614","0.9904999732971191","0.9904999732971191","0.9904999732971191"
"74625","0.9904999732971191","0.9904999732971191","0.9904999732971191"
"74636","0.9904999732971191","0.9904999732971191","0.9904999732971191"
"74647","0.9904999732971191","0.9904999732971191","0.9904999732971191"
"74658","0.990399956703186","0.990399956703186","0.990399956703186"
"74669","0.990399956703186","0.990399956703186","0.990399956703186"
"74680","0.9902999997138977","0.9902999997138977","0.9902999997138977"
"74691","0.9902999997138977","0.9902999997138977","0.9902999997138977"
"74702","0.9902999997138977","0.9902999997138977","0.9902999997138977"
"74713","0.9902999997138977","0.9902999997138977","0.9902999997138977"
"74724","0.9902999997138977","0.9902999997138977","0.9902999997138977"
"74735","0.9902999997138977","0.9902999997138977","0.9902999997138977"
"74746","0.9902999997138977","0.9902999997138977","0.9902999997138977"
"74757","0.9902999997138977","0.9902999997138977","0.9902999997138977"
"74768","0.9902999997138977","0.9902999997138977","0.9902999997138977"
"74779","0.9902999997138977","0.9902999997138977","0.9902999997138977"
"74790","0.9902999997138977","0.9902999997138977","0.9902999997138977"
"74801","0.9902999997138977","0.9902999997138977","0.9902999997138977"
"74812","0.9902999997138977","0.9902999997138977","0.9902999997138977"
"74823","0.9902999997138977","0.9902999997138977","0.9902999997138977"
"74834","0.9902999997138977","0.9902999997138977","0.9902999997138977"
"74845","0.9902999997138977","0.9902999997138977","0.9902999997138977"
"74856","0.990399956703186","0.990399956703186","0.990399956703186"
"74867","0.9902999997138977","0.9902999997138977","0.9902999997138977"
"74878","0.9902999997138977","0.9902999997138977","0.9902999997138977"
"74889","0.990399956703186","0.990399956703186","0.990399956703186"
"74900","0.9902999997138977","0.9902999997138977","0.9902999997138977"
"74911","0.990399956703186","0.990399956703186","0.990399956703186"
"74922","0.9902999997138977","0.9902999997138977","0.9902999997138977"
"74933","0.9902999997138977","0.9902999997138977","0.9902999997138977"
"74944","0.990399956703186","0.990399956703186","0.990399956703186"
"74955","0.990399956703186","0.990399956703186","0.990399956703186"
"74966","0.990399956703186","0.990399956703186","0.990399956703186"
"74977","0.9904999732971191","0.9904999732971191","0.9904999732971191"
"74988","0.9904999732971191","0.9904999732971191","0.9904999732971191"
"74999","0.9904999732971191","0.9904999732971191","0.9904999732971191"
"75010","0.9904999732971191","0.9904999732971191","0.9904999732971191"
"75021","0.9904999732971191","0.9904999732971191","0.9904999732971191"
"75032","0.9904999732971191","0.9904999732971191","0.9904999732971191"
"75043","0.9905999898910522","0.9905999898910522","0.9905999898910522"
"75054","0.9905999898910522","0.9905999898910522","0.9905999898910522"
"75065","0.9905999898910522","0.9905999898910522","0.9905999898910522"
"75076","0.9905999898910522","0.9905999898910522","0.9905999898910522"
"75087","0.9904999732971191","0.9904999732971191","0.9904999732971191"
"75098","0.9904999732971191","0.9904999732971191","0.9904999732971191"
"75109","0.9904999732971191","0.9904999732971191","0.9904999732971191"
"75120","0.9905999898910522","0.9905999898910522","0.9905999898910522"
"75131","0.9904999732971191","0.9904999732971191","0.9904999732971191"
"75142","0.9904999732971191","0.9904999732971191","0.9904999732971191"
"75153","0.9904999732971191","0.9904999732971191","0.9904999732971191"
"75164","0.9904999732971191","0.9904999732971191","0.9904999732971191"
"75175","0.9905999898910522","0.9905999898910522","0.9905999898910522"
"75186","0.9905999898910522","0.9905999898910522","0.9905999898910522"
"75197","0.9905999898910522","0.9905999898910522","0.9905999898910522"
"75208","0.9906999468803406","0.9906999468803406","0.9906999468803406"
"75219","0.9906999468803406","0.9906999468803406","0.9906999468803406"
"75230","0.9905999898910522","0.9905999898910522","0.9905999898910522"
"75241","0.9905999898910522","0.9905999898910522","0.9905999898910522"
"75252","0.9905999898910522","0.9905999898910522","0.9905999898910522"
"75263","0.9905999898910522","0.9905999898910522","0.9905999898910522"
"75274","0.9905999898910522","0.9905999898910522","0.9905999898910522"
"75285","0.9905999898910522","0.9905999898910522","0.9905999898910522"
"75296","0.9906999468803406","0.9906999468803406","0.9906999468803406"
"75307","0.9905999898910522","0.9905999898910522","0.9905999898910522"
"75318","0.9905999898910522","0.9905999898910522","0.9905999898910522"
"75329","0.9906999468803406","0.9906999468803406","0.9906999468803406"
"75340","0.9906999468803406","0.9906999468803406","0.9906999468803406"
"75351","0.9906999468803406","0.9906999468803406","0.9906999468803406"
"75362","0.9906999468803406","0.9906999468803406","0.9906999468803406"
"75373","0.9906999468803406","0.9906999468803406","0.9906999468803406"
"75384","0.9906999468803406","0.9906999468803406","0.9906999468803406"
"75395","0.9906999468803406","0.9906999468803406","0.9906999468803406"
"75406","0.9906999468803406","0.9906999468803406","0.9906999468803406"
"75417","0.9907999634742737","0.9907999634742737","0.9907999634742737"
"75428","0.9907999634742737","0.9907999634742737","0.9907999634742737"
"75439","0.9907999634742737","0.9907999634742737","0.9907999634742737"
"75450","0.9906999468803406","0.9906999468803406","0.9906999468803406"
"75461","0.9907999634742737","0.9907999634742737","0.9907999634742737"
"75472","0.9907999634742737","0.9907999634742737","0.9907999634742737"
"75483","0.9906999468803406","0.9906999468803406","0.9906999468803406"
"75494","0.9907999634742737","0.9907999634742737","0.9907999634742737"
"75505","0.9907999634742737","0.9907999634742737","0.9907999634742737"
"75516","0.9907999634742737","0.9907999634742737","0.9907999634742737"
"75527","0.9906999468803406","0.9906999468803406","0.9906999468803406"
"75538","0.9907999634742737","0.9907999634742737","0.9907999634742737"
"75549","0.9907999634742737","0.9907999634742737","0.9907999634742737"
"75560","0.9907999634742737","0.9907999634742737","0.9907999634742737"
"75571","0.9907999634742737","0.9907999634742737","0.9907999634742737"
"75582","0.9907999634742737","0.9907999634742737","0.9907999634742737"
"75593","0.9906999468803406","0.9906999468803406","0.9906999468803406"
"75604","0.9906999468803406","0.9906999468803406","0.9906999468803406"
"75615","0.9906999468803406","0.9906999468803406","0.9906999468803406"
"75626","0.9908999800682068","0.9908999800682068","0.9908999800682068"
"75637","0.9908999800682068","0.9908999800682068","0.9908999800682068"
"75648","0.9908999800682068","0.9908999800682068","0.9908999800682068"
"75659","0.9908999800682068","0.9908999800682068","0.9908999800682068"
"75670","0.9908999800682068","0.9908999800682068","0.9908999800682068"
"75681","0.9908999800682068","0.9908999800682068","0.9908999800682068"
"75692","0.9908999800682068","0.9908999800682068","0.9908999800682068"
"75703","0.9908999800682068","0.9908999800682068","0.9908999800682068"
"75714","0.9908999800682068","0.9908999800682068","0.9908999800682068"
"75725","0.9908999800682068","0.9908999800682068","0.9908999800682068"
"75736","0.9908999800682068","0.9908999800682068","0.9908999800682068"
"75747","0.9908999800682068","0.9908999800682068","0.9908999800682068"
"75758","0.9908999800682068","0.9908999800682068","0.9908999800682068"
"75769","0.9908999800682068","0.9908999800682068","0.9908999800682068"
"75780","0.9908999800682068","0.9908999800682068","0.9908999800682068"
"75791","0.9908999800682068","0.9908999800682068","0.9908999800682068"
"75802","0.9908999800682068","0.9908999800682068","0.9908999800682068"
"75813","0.9908999800682068","0.9908999800682068","0.9908999800682068"
"75824","0.9908999800682068","0.9908999800682068","0.9908999800682068"
"75835","0.9908999800682068","0.9908999800682068","0.9908999800682068"
"75846","0.9908999800682068","0.9908999800682068","0.9908999800682068"
"75857","0.9908999800682068","0.9908999800682068","0.9908999800682068"
"75868","0.9908999800682068","0.9908999800682068","0.9908999800682068"
"75879","0.9908999800682068","0.9908999800682068","0.9908999800682068"
"75890","0.9908999800682068","0.9908999800682068","0.9908999800682068"
"75901","0.9908999800682068","0.9908999800682068","0.9908999800682068"
"75912","0.9908999800682068","0.9908999800682068","0.9908999800682068"
"75923","0.9908999800682068","0.9908999800682068","0.9908999800682068"
"75934","0.9908999800682068","0.9908999800682068","0.9908999800682068"
"75945","0.9908999800682068","0.9908999800682068","0.9908999800682068"
"75956","0.9908999800682068","0.9908999800682068","0.9908999800682068"
"75967","0.9908999800682068","0.9908999800682068","0.9908999800682068"
"75978","0.9908999800682068","0.9908999800682068","0.9908999800682068"
"75989","0.9908999800682068","0.9908999800682068","0.9908999800682068"
"76000","0.9908999800682068","0.9908999800682068","0.9908999800682068"
"76011","0.9908999800682068","0.9908999800682068","0.9908999800682068"
"76022","0.9908999800682068","0.9908999800682068","0.9908999800682068"
"76033","0.9908999800682068","0.9908999800682068","0.9908999800682068"
"76044","0.9909999966621399","0.9909999966621399","0.9909999966621399"
"76055","0.9909999966621399","0.9909999966621399","0.9909999966621399"
"76066","0.9908999800682068","0.9908999800682068","0.9908999800682068"
"76077","0.9908999800682068","0.9908999800682068","0.9908999800682068"
"76088","0.9908999800682068","0.9908999800682068","0.9908999800682068"
"76099","0.9909999966621399","0.9909999966621399","0.9909999966621399"
"76110","0.9909999966621399","0.9909999966621399","0.9909999966621399"
"76121","0.9909999966621399","0.9909999966621399","0.9909999966621399"
"76132","0.9909999966621399","0.9909999966621399","0.9909999966621399"
"76143","0.9910999536514282","0.9910999536514282","0.9910999536514282"
"76154","0.9910999536514282","0.9910999536514282","0.9910999536514282"
"76165","0.9910999536514282","0.9910999536514282","0.9910999536514282"
"76176","0.9910999536514282","0.9910999536514282","0.9910999536514282"
"76187","0.9910999536514282","0.9910999536514282","0.9910999536514282"
"76198","0.9910999536514282","0.9910999536514282","0.9910999536514282"
"76209","0.9910999536514282","0.9910999536514282","0.9910999536514282"
"76220","0.9910999536514282","0.9910999536514282","0.9910999536514282"
"76231","0.9911999702453613","0.9911999702453613","0.9911999702453613"
"76242","0.9911999702453613","0.9911999702453613","0.9911999702453613"
"76253","0.9911999702453613","0.9911999702453613","0.9911999702453613"
"76264","0.9911999702453613","0.9911999702453613","0.9911999702453613"
"76275","0.9911999702453613","0.9911999702453613","0.9911999702453613"
"76286","0.9911999702453613","0.9911999702453613","0.9911999702453613"
"76297","0.9910999536514282","0.9910999536514282","0.9910999536514282"
"76308","0.9910999536514282","0.9910999536514282","0.9910999536514282"
"76319","0.9910999536514282","0.9910999536514282","0.9910999536514282"
"76330","0.9910999536514282","0.9910999536514282","0.9910999536514282"
"76341","0.9910999536514282","0.9910999536514282","0.9910999536514282"
"76352","0.9911999702453613","0.9911999702453613","0.9911999702453613"
"76363","0.9911999702453613","0.9911999702453613","0.9911999702453613"
"76374","0.9911999702453613","0.9911999702453613","0.9911999702453613"
"76385","0.9911999702453613","0.9911999702453613","0.9911999702453613"
"76396","0.9911999702453613","0.9911999702453613","0.9911999702453613"
"76407","0.9911999702453613","0.9911999702453613","0.9911999702453613"
"76418","0.9911999702453613","0.9911999702453613","0.9911999702453613"
"76429","0.9911999702453613","0.9911999702453613","0.9911999702453613"
"76440","0.9911999702453613","0.9911999702453613","0.9911999702453613"
"76451","0.9911999702453613","0.9911999702453613","0.9911999702453613"
"76462","0.9911999702453613","0.9911999702453613","0.9911999702453613"
"76473","0.9911999702453613","0.9911999702453613","0.9911999702453613"
"76484","0.9911999702453613","0.9911999702453613","0.9911999702453613"
"76495","0.9911999702453613","0.9911999702453613","0.9911999702453613"
"76506","0.9911999702453613","0.9911999702453613","0.9911999702453613"
"76517","0.9911999702453613","0.9911999702453613","0.9911999702453613"
"76528","0.9911999702453613","0.9911999702453613","0.9911999702453613"
"76539","0.9911999702453613","0.9911999702453613","0.9911999702453613"
"76550","0.9911999702453613","0.9911999702453613","0.9911999702453613"
"76561","0.9911999702453613","0.9911999702453613","0.9911999702453613"
"76572","0.9911999702453613","0.9911999702453613","0.9911999702453613"
"76583","0.9911999702453613","0.9911999702453613","0.9911999702453613"
"76594","0.9911999702453613","0.9911999702453613","0.9911999702453613"
"76605","0.9911999702453613","0.9911999702453613","0.9911999702453613"
"76616","0.9911999702453613","0.9911999702453613","0.9911999702453613"
"76627","0.9911999702453613","0.9911999702453613","0.9911999702453613"
"76638","0.9911999702453613","0.9911999702453613","0.9911999702453613"
"76649","0.9911999702453613","0.9911999702453613","0.9911999702453613"
"76660","0.9911999702453613","0.9911999702453613","0.9911999702453613"
"76671","0.9911999702453613","0.9911999702453613","0.9911999702453613"
"76682","0.9911999702453613","0.9911999702453613","0.9911999702453613"
"76693","0.9911999702453613","0.9911999702453613","0.9911999702453613"
"76704","0.9911999702453613","0.9911999702453613","0.9911999702453613"
"76715","0.9911999702453613","0.9911999702453613","0.9911999702453613"
"76726","0.9911999702453613","0.9911999702453613","0.9911999702453613"
"76737","0.9911999702453613","0.9911999702453613","0.9911999702453613"
"76748","0.9911999702453613","0.9911999702453613","0.9911999702453613"
"76759","0.9911999702453613","0.9911999702453613","0.9911999702453613"
"76770","0.9911999702453613","0.9911999702453613","0.9911999702453613"
"76781","0.9911999702453613","0.9911999702453613","0.9911999702453613"
"76792","0.9911999702453613","0.9911999702453613","0.9911999702453613"
"76803","0.9911999702453613","0.9911999702453613","0.9911999702453613"
"76814","0.9911999702453613","0.9911999702453613","0.9911999702453613"
"76825","0.9911999702453613","0.9911999702453613","0.9911999702453613"
"76836","0.9911999702453613","0.9911999702453613","0.9911999702453613"
"76847","0.9911999702453613","0.9911999702453613","0.9911999702453613"
"76858","0.9911999702453613","0.9911999702453613","0.9911999702453613"
"76869","0.9911999702453613","0.9911999702453613","0.9911999702453613"
"76880","0.9911999702453613","0.9911999702453613","0.9911999702453613"
"76891","0.9911999702453613","0.9911999702453613","0.9911999702453613"
"76902","0.9911999702453613","0.9911999702453613","0.9911999702453613"
"76913","0.9911999702453613","0.9911999702453613","0.9911999702453613"
"76924","0.9911999702453613","0.9911999702453613","0.9911999702453613"
"76935","0.9911999702453613","0.9911999702453613","0.9911999702453613"
"76946","0.9911999702453613","0.9911999702453613","0.9911999702453613"
"76957","0.9911999702453613","0.9911999702453613","0.9911999702453613"
"76968","0.9911999702453613","0.9911999702453613","0.9911999702453613"
"76979","0.9911999702453613","0.9911999702453613","0.9911999702453613"
"76990","0.9911999702453613","0.9911999702453613","0.9911999702453613"
"77001","0.9911999702453613","0.9911999702453613","0.9911999702453613"
"77012","0.9911999702453613","0.9911999702453613","0.9911999702453613"
"77023","0.9911999702453613","0.9911999702453613","0.9911999702453613"
"77034","0.9911999702453613","0.9911999702453613","0.9911999702453613"
"77045","0.9911999702453613","0.9911999702453613","0.9911999702453613"
"77056","0.9911999702453613","0.9911999702453613","0.9911999702453613"
"77067","0.9911999702453613","0.9911999702453613","0.9911999702453613"
"77078","0.9911999702453613","0.9911999702453613","0.9911999702453613"
"77089","0.9911999702453613","0.9911999702453613","0.9911999702453613"
"77100","0.9911999702453613","0.9911999702453613","0.9911999702453613"
"77111","0.9911999702453613","0.9911999702453613","0.9911999702453613"
"77122","0.9911999702453613","0.9911999702453613","0.9911999702453613"
"77133","0.9911999702453613","0.9911999702453613","0.9911999702453613"
"77144","0.9911999702453613","0.9911999702453613","0.9911999702453613"
"77155","0.9911999702453613","0.9911999702453613","0.9911999702453613"
"77166","0.9911999702453613","0.9911999702453613","0.9911999702453613"
"77177","0.9911999702453613","0.9911999702453613","0.9911999702453613"
"77188","0.9911999702453613","0.9911999702453613","0.9911999702453613"
"77199","0.9911999702453613","0.9911999702453613","0.9911999702453613"
"77210","0.9911999702453613","0.9911999702453613","0.9911999702453613"
"77221","0.9912999868392944","0.9912999868392944","0.9912999868392944"
"77232","0.9912999868392944","0.9912999868392944","0.9912999868392944"
"77243","0.9912999868392944","0.9912999868392944","0.9912999868392944"
"77254","0.9912999868392944","0.9912999868392944","0.9912999868392944"
"77265","0.9912999868392944","0.9912999868392944","0.9912999868392944"
"77276","0.9912999868392944","0.9912999868392944","0.9912999868392944"
"77287","0.9912999868392944","0.9912999868392944","0.9912999868392944"
"77298","0.9912999868392944","0.9912999868392944","0.9912999868392944"
"77309","0.9912999868392944","0.9912999868392944","0.9912999868392944"
"77320","0.9912999868392944","0.9912999868392944","0.9912999868392944"
"77331","0.9912999868392944","0.9912999868392944","0.9912999868392944"
"77342","0.9912999868392944","0.9912999868392944","0.9912999868392944"
"77353","0.9912999868392944","0.9912999868392944","0.9912999868392944"
"77364","0.9912999868392944","0.9912999868392944","0.9912999868392944"
"77375","0.9912999868392944","0.9912999868392944","0.9912999868392944"
"77386","0.9912999868392944","0.9912999868392944","0.9912999868392944"
"77397","0.9912999868392944","0.9912999868392944","0.9912999868392944"
"77408","0.9912999868392944","0.9912999868392944","0.9912999868392944"
"77419","0.9912999868392944","0.9912999868392944","0.9912999868392944"
"77430","0.9912999868392944","0.9912999868392944","0.9912999868392944"
"77441","0.9912999868392944","0.9912999868392944","0.9912999868392944"
"77452","0.9912999868392944","0.9912999868392944","0.9912999868392944"
"77463","0.9912999868392944","0.9912999868392944","0.9912999868392944"
"77474","0.9912999868392944","0.9912999868392944","0.9912999868392944"
"77485","0.9912999868392944","0.9912999868392944","0.9912999868392944"
"77496","0.9912999868392944","0.9912999868392944","0.9912999868392944"
"77507","0.9912999868392944","0.9912999868392944","0.9912999868392944"
"77518","0.9912999868392944","0.9912999868392944","0.9912999868392944"
"77529","0.9912999868392944","0.9912999868392944","0.9912999868392944"
"77540","0.9912999868392944","0.9912999868392944","0.9912999868392944"
"77551","0.9912999868392944","0.9912999868392944","0.9912999868392944"
"77562","0.9912999868392944","0.9912999868392944","0.9912999868392944"
"77573","0.9912999868392944","0.9912999868392944","0.9912999868392944"
"77584","0.9912999868392944","0.9912999868392944","0.9912999868392944"
"77595","0.9912999868392944","0.9912999868392944","0.9912999868392944"
"77606","0.9912999868392944","0.9912999868392944","0.9912999868392944"
"77617","0.9912999868392944","0.9912999868392944","0.9912999868392944"
"77628","0.9912999868392944","0.9912999868392944","0.9912999868392944"
"77639","0.9912999868392944","0.9912999868392944","0.9912999868392944"
"77650","0.9912999868392944","0.9912999868392944","0.9912999868392944"
"77661","0.9912999868392944","0.9912999868392944","0.9912999868392944"
"77672","0.9912999868392944","0.9912999868392944","0.9912999868392944"
"77683","0.9912999868392944","0.9912999868392944","0.9912999868392944"
"77694","0.9912999868392944","0.9912999868392944","0.9912999868392944"
"77705","0.9914000034332275","0.9914000034332275","0.9914000034332275"
"77716","0.9914000034332275","0.9914000034332275","0.9914000034332275"
"77727","0.9914000034332275","0.9914000034332275","0.9914000034332275"
"77738","0.9914000034332275","0.9914000034332275","0.9914000034332275"
"77749","0.9914000034332275","0.9914000034332275","0.9914000034332275"
"77760","0.9914000034332275","0.9914000034332275","0.9914000034332275"
"77771","0.9914999604225159","0.9914999604225159","0.9914999604225159"
"77782","0.9914999604225159","0.9914999604225159","0.9914999604225159"
"77793","0.9914999604225159","0.9914999604225159","0.9914999604225159"
"77804","0.9914999604225159","0.9914999604225159","0.9914999604225159"
"77815","0.9914999604225159","0.9914999604225159","0.9914999604225159"
"77826","0.9914999604225159","0.9914999604225159","0.9914999604225159"
"77837","0.9914999604225159","0.9914999604225159","0.9914999604225159"
"77848","0.9914000034332275","0.9914000034332275","0.9914000034332275"
"77859","0.9914000034332275","0.9914000034332275","0.9914000034332275"
"77870","0.9914000034332275","0.9914000034332275","0.9914000034332275"
"77881","0.9914000034332275","0.9914000034332275","0.9914000034332275"
"77892","0.9914999604225159","0.9914999604225159","0.9914999604225159"
"77903","0.9914999604225159","0.9914999604225159","0.9914999604225159"
"77914","0.9914999604225159","0.9914999604225159","0.9914999604225159"
"77925","0.9914999604225159","0.9914999604225159","0.9914999604225159"
"77936","0.9914999604225159","0.9914999604225159","0.9914999604225159"
"77947","0.9914999604225159","0.9914999604225159","0.9914999604225159"
"77958","0.9914999604225159","0.9914999604225159","0.9914999604225159"
"77969","0.991599977016449","0.991599977016449","0.991599977016449"
"77980","0.991599977016449","0.991599977016449","0.991599977016449"
"77991","0.991599977016449","0.991599977016449","0.991599977016449"
"78002","0.991599977016449","0.991599977016449","0.991599977016449"
"78013","0.991599977016449","0.991599977016449","0.991599977016449"
"78024","0.991599977016449","0.991599977016449","0.991599977016449"
"78035","0.991599977016449","0.991599977016449","0.991599977016449"
"78046","0.991599977016449","0.991599977016449","0.991599977016449"
"78057","0.991599977016449","0.991599977016449","0.991599977016449"
"78068","0.9914999604225159","0.9914999604225159","0.9914999604225159"
"78079","0.991599977016449","0.991599977016449","0.991599977016449"
"78090","0.991599977016449","0.991599977016449","0.991599977016449"
"78101","0.9914000034332275","0.9914000034332275","0.9914000034332275"
"78112","0.9914000034332275","0.9914000034332275","0.9914000034332275"
"78123","0.9914000034332275","0.9914000034332275","0.9914000034332275"
"78134","0.9914000034332275","0.9914000034332275","0.9914000034332275"
"78145","0.9914000034332275","0.9914000034332275","0.9914000034332275"
"78156","0.9914999604225159","0.9914999604225159","0.9914999604225159"
"78167","0.9914999604225159","0.9914999604225159","0.9914999604225159"
"78178","0.9914999604225159","0.9914999604225159","0.9914999604225159"
"78189","0.9914999604225159","0.9914999604225159","0.9914999604225159"
"78200","0.9914999604225159","0.9914999604225159","0.9914999604225159"
"78211","0.991599977016449","0.991599977016449","0.991599977016449"
"78222","0.9914999604225159","0.9914999604225159","0.9914999604225159"
"78233","0.9914999604225159","0.9914999604225159","0.9914999604225159"
"78244","0.991599977016449","0.991599977016449","0.991599977016449"
"78255","0.991599977016449","0.991599977016449","0.991599977016449"
"78266","0.991599977016449","0.991599977016449","0.991599977016449"
"78277","0.9914999604225159","0.9914999604225159","0.9914999604225159"
"78288","0.9914999604225159","0.9914999604225159","0.9914999604225159"
"78299","0.9914999604225159","0.9914999604225159","0.9914999604225159"
"78310","0.9914999604225159","0.9914999604225159","0.9914999604225159"
"78321","0.991599977016449","0.991599977016449","0.991599977016449"
"78332","0.9914999604225159","0.9914999604225159","0.9914999604225159"
"78343","0.9914999604225159","0.9914999604225159","0.9914999604225159"
"78354","0.9914999604225159","0.9914999604225159","0.9914999604225159"
"78365","0.9914999604225159","0.9914999604225159","0.9914999604225159"
"78376","0.991599977016449","0.991599977016449","0.991599977016449"
"78387","0.991599977016449","0.991599977016449","0.991599977016449"
"78398","0.991599977016449","0.991599977016449","0.991599977016449"
"78409","0.991599977016449","0.991599977016449","0.991599977016449"
"78420","0.991599977016449","0.991599977016449","0.991599977016449"
"78431","0.991599977016449","0.991599977016449","0.991599977016449"
"78442","0.991599977016449","0.991599977016449","0.991599977016449"
"78453","0.991599977016449","0.991599977016449","0.991599977016449"
"78464","0.991599977016449","0.991599977016449","0.991599977016449"
"78475","0.991599977016449","0.991599977016449","0.991599977016449"
"78486","0.991599977016449","0.991599977016449","0.991599977016449"
"78497","0.991599977016449","0.991599977016449","0.991599977016449"
"78508","0.991599977016449","0.991599977016449","0.991599977016449"
"78519","0.991599977016449","0.991599977016449","0.991599977016449"
"78530","0.991599977016449","0.991599977016449","0.991599977016449"
"78541","0.991599977016449","0.991599977016449","0.991599977016449"
"78552","0.991599977016449","0.991599977016449","0.991599977016449"
"78563","0.991599977016449","0.991599977016449","0.991599977016449"
"78574","0.991599977016449","0.991599977016449","0.991599977016449"
"78585","0.991599977016449","0.991599977016449","0.991599977016449"
"78596","0.991599977016449","0.991599977016449","0.991599977016449"
"78607","0.991599977016449","0.991599977016449","0.991599977016449"
"78618","0.991599977016449","0.991599977016449","0.991599977016449"
"78629","0.991599977016449","0.991599977016449","0.991599977016449"
"78640","0.991599977016449","0.991599977016449","0.991599977016449"
"78651","0.991599977016449","0.991599977016449","0.991599977016449"
"78662","0.991599977016449","0.991599977016449","0.991599977016449"
"78673","0.991599977016449","0.991599977016449","0.991599977016449"
"78684","0.991599977016449","0.991599977016449","0.991599977016449"
"78695","0.991599977016449","0.991599977016449","0.991599977016449"
"78706","0.991599977016449","0.991599977016449","0.991599977016449"
"78717","0.991599977016449","0.991599977016449","0.991599977016449"
"78728","0.991599977016449","0.991599977016449","0.991599977016449"
"78739","0.991599977016449","0.991599977016449","0.991599977016449"
"78750","0.991599977016449","0.991599977016449","0.991599977016449"
"78761","0.991599977016449","0.991599977016449","0.991599977016449"
"78772","0.991599977016449","0.991599977016449","0.991599977016449"
"78783","0.991599977016449","0.991599977016449","0.991599977016449"
"78794","0.9917999505996704","0.9917999505996704","0.9917999505996704"
"78805","0.9917999505996704","0.9917999505996704","0.9917999505996704"
"78816","0.9917999505996704","0.9917999505996704","0.9917999505996704"
"78827","0.9917999505996704","0.9917999505996704","0.9917999505996704"
"78838","0.9916999936103821","0.9916999936103821","0.9916999936103821"
"78849","0.9916999936103821","0.9916999936103821","0.9916999936103821"
"78860","0.9917999505996704","0.9917999505996704","0.9917999505996704"
"78871","0.9916999936103821","0.9916999936103821","0.9916999936103821"
"78882","0.9916999936103821","0.9916999936103821","0.9916999936103821"
"78893","0.9917999505996704","0.9917999505996704","0.9917999505996704"
"78904","0.9916999936103821","0.9916999936103821","0.9916999936103821"
"78915","0.991599977016449","0.991599977016449","0.991599977016449"
"78926","0.9916999936103821","0.9916999936103821","0.9916999936103821"
"78937","0.9916999936103821","0.9916999936103821","0.9916999936103821"
"78948","0.9916999936103821","0.9916999936103821","0.9916999936103821"
"78959","0.9916999936103821","0.9916999936103821","0.9916999936103821"
"78970","0.9916999936103821","0.9916999936103821","0.9916999936103821"
"78981","0.9916999936103821","0.9916999936103821","0.9916999936103821"
"78992","0.9916999936103821","0.9916999936103821","0.9916999936103821"
"79003","0.9917999505996704","0.9917999505996704","0.9917999505996704"
"79014","0.9916999936103821","0.9916999936103821","0.9916999936103821"
"79025","0.9917999505996704","0.9917999505996704","0.9917999505996704"
"79036","0.9917999505996704","0.9917999505996704","0.9917999505996704"
"79047","0.9917999505996704","0.9917999505996704","0.9917999505996704"
"79058","0.9916999936103821","0.9916999936103821","0.9916999936103821"
"79069","0.9916999936103821","0.9916999936103821","0.9916999936103821"
"79080","0.9917999505996704","0.9917999505996704","0.9917999505996704"
"79091","0.9917999505996704","0.9917999505996704","0.9917999505996704"
"79102","0.9917999505996704","0.9917999505996704","0.9917999505996704"
"79113","0.9917999505996704","0.9917999505996704","0.9917999505996704"
"79124","0.9917999505996704","0.9917999505996704","0.9917999505996704"
"79135","0.9917999505996704","0.9917999505996704","0.9917999505996704"
"79146","0.9917999505996704","0.9917999505996704","0.9917999505996704"
"79157","0.9917999505996704","0.9917999505996704","0.9917999505996704"
"79168","0.9917999505996704","0.9917999505996704","0.9917999505996704"
"79179","0.9917999505996704","0.9917999505996704","0.9917999505996704"
"79190","0.9917999505996704","0.9917999505996704","0.9917999505996704"
"79201","0.9917999505996704","0.9917999505996704","0.9917999505996704"
"79212","0.9917999505996704","0.9917999505996704","0.9917999505996704"
"79223","0.9916999936103821","0.9916999936103821","0.9916999936103821"
"79234","0.9917999505996704","0.9917999505996704","0.9917999505996704"
"79245","0.9916999936103821","0.9916999936103821","0.9916999936103821"
"79256","0.9916999936103821","0.9916999936103821","0.9916999936103821"
"79267","0.9916999936103821","0.9916999936103821","0.9916999936103821"
"79278","0.9916999936103821","0.9916999936103821","0.9916999936103821"
"79289","0.9916999936103821","0.9916999936103821","0.9916999936103821"
"79300","0.9917999505996704","0.9917999505996704","0.9917999505996704"
"79311","0.9917999505996704","0.9917999505996704","0.9917999505996704"
"79322","0.9917999505996704","0.9917999505996704","0.9917999505996704"
"79333","0.9917999505996704","0.9917999505996704","0.9917999505996704"
"79344","0.9917999505996704","0.9917999505996704","0.9917999505996704"
"79355","0.9917999505996704","0.9917999505996704","0.9917999505996704"
"79366","0.9917999505996704","0.9917999505996704","0.9917999505996704"
"79377","0.9917999505996704","0.9917999505996704","0.9917999505996704"
"79388","0.9917999505996704","0.9917999505996704","0.9917999505996704"
"79399","0.9917999505996704","0.9917999505996704","0.9917999505996704"
"79410","0.9917999505996704","0.9917999505996704","0.9917999505996704"
"79421","0.9917999505996704","0.9917999505996704","0.9917999505996704"
"79432","0.9917999505996704","0.9917999505996704","0.9917999505996704"
"79443","0.9917999505996704","0.9917999505996704","0.9917999505996704"
"79454","0.9917999505996704","0.9917999505996704","0.9917999505996704"
"79465","0.9917999505996704","0.9917999505996704","0.9917999505996704"
"79476","0.9917999505996704","0.9917999505996704","0.9917999505996704"
"79487","0.9917999505996704","0.9917999505996704","0.9917999505996704"
"79498","0.9917999505996704","0.9917999505996704","0.9917999505996704"
"79509","0.9917999505996704","0.9917999505996704","0.9917999505996704"
"79520","0.9917999505996704","0.9917999505996704","0.9917999505996704"
"79531","0.9917999505996704","0.9917999505996704","0.9917999505996704"
"79542","0.9917999505996704","0.9917999505996704","0.9917999505996704"
"79553","0.9917999505996704","0.9917999505996704","0.9917999505996704"
"79564","0.9917999505996704","0.9917999505996704","0.9917999505996704"
"79575","0.9917999505996704","0.9917999505996704","0.9917999505996704"
"79586","0.9917999505996704","0.9917999505996704","0.9917999505996704"
"79597","0.9917999505996704","0.9917999505996704","0.9917999505996704"
"79608","0.9917999505996704","0.9917999505996704","0.9917999505996704"
"79619","0.9917999505996704","0.9917999505996704","0.9917999505996704"
"79630","0.9917999505996704","0.9917999505996704","0.9917999505996704"
"79641","0.9917999505996704","0.9917999505996704","0.9917999505996704"
"79652","0.9917999505996704","0.9917999505996704","0.9917999505996704"
"79663","0.9917999505996704","0.9917999505996704","0.9917999505996704"
"79674","0.9917999505996704","0.9917999505996704","0.9917999505996704"
"79685","0.9917999505996704","0.9917999505996704","0.9917999505996704"
"79696","0.9917999505996704","0.9917999505996704","0.9917999505996704"
"79707","0.9917999505996704","0.9917999505996704","0.9917999505996704"
"79718","0.9917999505996704","0.9917999505996704","0.9917999505996704"
"79729","0.9917999505996704","0.9917999505996704","0.9917999505996704"
"79740","0.9917999505996704","0.9917999505996704","0.9917999505996704"
"79751","0.9917999505996704","0.9917999505996704","0.9917999505996704"
"79762","0.9917999505996704","0.9917999505996704","0.9917999505996704"
"79773","0.9917999505996704","0.9917999505996704","0.9917999505996704"
"79784","0.9917999505996704","0.9917999505996704","0.9917999505996704"
"79795","0.9917999505996704","0.9917999505996704","0.9917999505996704"
"79806","0.9917999505996704","0.9917999505996704","0.9917999505996704"
"79817","0.9917999505996704","0.9917999505996704","0.9917999505996704"
"79828","0.9917999505996704","0.9917999505996704","0.9917999505996704"
"79839","0.9917999505996704","0.9917999505996704","0.9917999505996704"
"79850","0.9917999505996704","0.9917999505996704","0.9917999505996704"
"79861","0.9917999505996704","0.9917999505996704","0.9917999505996704"
"79872","0.9917999505996704","0.9917999505996704","0.9917999505996704"
"79883","0.9917999505996704","0.9917999505996704","0.9917999505996704"
"79894","0.9917999505996704","0.9917999505996704","0.9917999505996704"
"79905","0.9917999505996704","0.9917999505996704","0.9917999505996704"
"79916","0.9917999505996704","0.9917999505996704","0.9917999505996704"
"79927","0.9917999505996704","0.9917999505996704","0.9917999505996704"
"79938","0.9917999505996704","0.9917999505996704","0.9917999505996704"
"79949","0.9917999505996704","0.9917999505996704","0.9917999505996704"
"79960","0.9917999505996704","0.9917999505996704","0.9917999505996704"
"79971","0.9917999505996704","0.9917999505996704","0.9917999505996704"
"79982","0.9917999505996704","0.9917999505996704","0.9917999505996704"
"79993","0.9917999505996704","0.9917999505996704","0.9917999505996704"
"80004","0.9917999505996704","0.9917999505996704","0.9917999505996704"
"80015","0.9917999505996704","0.9917999505996704","0.9917999505996704"
"80026","0.9917999505996704","0.9917999505996704","0.9917999505996704"
"80037","0.9917999505996704","0.9917999505996704","0.9917999505996704"
"80048","0.9917999505996704","0.9917999505996704","0.9917999505996704"
"80059","0.9917999505996704","0.9917999505996704","0.9917999505996704"
"80070","0.9917999505996704","0.9917999505996704","0.9917999505996704"
"80081","0.9917999505996704","0.9917999505996704","0.9917999505996704"
"80092","0.9917999505996704","0.9917999505996704","0.9917999505996704"
"80103","0.9917999505996704","0.9917999505996704","0.9917999505996704"
"80114","0.9917999505996704","0.9917999505996704","0.9917999505996704"
"80125","0.9917999505996704","0.9917999505996704","0.9917999505996704"
"80136","0.9917999505996704","0.9917999505996704","0.9917999505996704"
"80147","0.9917999505996704","0.9917999505996704","0.9917999505996704"
"80158","0.9917999505996704","0.9917999505996704","0.9917999505996704"
"80169","0.9917999505996704","0.9917999505996704","0.9917999505996704"
"80180","0.9917999505996704","0.9917999505996704","0.9917999505996704"
"80191","0.9918999671936035","0.9918999671936035","0.9918999671936035"
"80202","0.9918999671936035","0.9918999671936035","0.9918999671936035"
"80213","0.9918999671936035","0.9918999671936035","0.9918999671936035"
"80224","0.9918999671936035","0.9918999671936035","0.9918999671936035"
"80235","0.9918999671936035","0.9918999671936035","0.9918999671936035"
"80246","0.9918999671936035","0.9918999671936035","0.9918999671936035"
"80257","0.9918999671936035","0.9918999671936035","0.9918999671936035"
"80268","0.9918999671936035","0.9918999671936035","0.9918999671936035"
"80279","0.9918999671936035","0.9918999671936035","0.9918999671936035"
"80290","0.9918999671936035","0.9918999671936035","0.9918999671936035"
"80301","0.9918999671936035","0.9918999671936035","0.9918999671936035"
"80312","0.9918999671936035","0.9918999671936035","0.9918999671936035"
"80323","0.9918999671936035","0.9918999671936035","0.9918999671936035"
"80334","0.9918999671936035","0.9918999671936035","0.9918999671936035"
"80345","0.9918999671936035","0.9918999671936035","0.9918999671936035"
"80356","0.9918999671936035","0.9918999671936035","0.9918999671936035"
"80367","0.9918999671936035","0.9918999671936035","0.9918999671936035"
"80378","0.9918999671936035","0.9918999671936035","0.9918999671936035"
"80389","0.9919999837875366","0.9919999837875366","0.9919999837875366"
"80400","0.9919999837875366","0.9919999837875366","0.9919999837875366"
"80411","0.9919999837875366","0.9919999837875366","0.9919999837875366"
"80422","0.9919999837875366","0.9919999837875366","0.9919999837875366"
"80433","0.9919999837875366","0.9919999837875366","0.9919999837875366"
"80444","0.9919999837875366","0.9919999837875366","0.9919999837875366"
"80455","0.9919999837875366","0.9919999837875366","0.9919999837875366"
"80466","0.9919999837875366","0.9919999837875366","0.9919999837875366"
"80477","0.9919999837875366","0.9919999837875366","0.9919999837875366"
"80488","0.9919999837875366","0.9919999837875366","0.9919999837875366"
"80499","0.9919999837875366","0.9919999837875366","0.9919999837875366"
"80510","0.9919999837875366","0.9919999837875366","0.9919999837875366"
"80521","0.9919999837875366","0.9919999837875366","0.9919999837875366"
"80532","0.9919999837875366","0.9919999837875366","0.9919999837875366"
"80543","0.9919999837875366","0.9919999837875366","0.9919999837875366"
"80554","0.9919999837875366","0.9919999837875366","0.9919999837875366"
"80565","0.9919999837875366","0.9919999837875366","0.9919999837875366"
"80576","0.9919999837875366","0.9919999837875366","0.9919999837875366"
"80587","0.9919999837875366","0.9919999837875366","0.9919999837875366"
"80598","0.9919999837875366","0.9919999837875366","0.9919999837875366"
"80609","0.9919999837875366","0.9919999837875366","0.9919999837875366"
"80620","0.9919999837875366","0.9919999837875366","0.9919999837875366"
"80631","0.9919999837875366","0.9919999837875366","0.9919999837875366"
"80642","0.9919999837875366","0.9919999837875366","0.9919999837875366"
"80653","0.9919999837875366","0.9919999837875366","0.9919999837875366"
"80664","0.9919999837875366","0.9919999837875366","0.9919999837875366"
"80675","0.9919999837875366","0.9919999837875366","0.9919999837875366"
"80686","0.9919999837875366","0.9919999837875366","0.9919999837875366"
"80697","0.9919999837875366","0.9919999837875366","0.9919999837875366"
"80708","0.9919999837875366","0.9919999837875366","0.9919999837875366"
"80719","0.9919999837875366","0.9919999837875366","0.9919999837875366"
"80730","0.9919999837875366","0.9919999837875366","0.9919999837875366"
"80741","0.9919999837875366","0.9919999837875366","0.9919999837875366"
"80752","0.9919999837875366","0.9919999837875366","0.9919999837875366"
"80763","0.9919999837875366","0.9919999837875366","0.9919999837875366"
"80774","0.9919999837875366","0.9919999837875366","0.9919999837875366"
"80785","0.9919999837875366","0.9919999837875366","0.9919999837875366"
"80796","0.9919999837875366","0.9919999837875366","0.9919999837875366"
"80807","0.9919999837875366","0.9919999837875366","0.9919999837875366"
"80818","0.9919999837875366","0.9919999837875366","0.9919999837875366"
"80829","0.9919999837875366","0.9919999837875366","0.9919999837875366"
"80840","0.9919999837875366","0.9919999837875366","0.9919999837875366"
"80851","0.9919999837875366","0.9919999837875366","0.9919999837875366"
"80862","0.9919999837875366","0.9919999837875366","0.9919999837875366"
"80873","0.9919999837875366","0.9919999837875366","0.9919999837875366"
"80884","0.9921000003814697","0.9921000003814697","0.9921000003814697"
"80895","0.9919999837875366","0.9919999837875366","0.9919999837875366"
"80906","0.9919999837875366","0.9919999837875366","0.9919999837875366"
"80917","0.9919999837875366","0.9919999837875366","0.9919999837875366"
"80928","0.9919999837875366","0.9919999837875366","0.9919999837875366"
"80939","0.9919999837875366","0.9919999837875366","0.9919999837875366"
"80950","0.9919999837875366","0.9919999837875366","0.9919999837875366"
"80961","0.9921000003814697","0.9921000003814697","0.9921000003814697"
"80972","0.9921000003814697","0.9921000003814697","0.9921000003814697"
"80983","0.9921000003814697","0.9921000003814697","0.9921000003814697"
"80994","0.9921000003814697","0.9921000003814697","0.9921000003814697"
"81005","0.9919999837875366","0.9919999837875366","0.9919999837875366"
"81016","0.9921000003814697","0.9921000003814697","0.9921000003814697"
"81027","0.9918999671936035","0.9918999671936035","0.9918999671936035"
"81038","0.9921000003814697","0.9921000003814697","0.9921000003814697"
"81049","0.9921000003814697","0.9921000003814697","0.9921000003814697"
"81060","0.9919999837875366","0.9919999837875366","0.9919999837875366"
"81071","0.9921000003814697","0.9921000003814697","0.9921000003814697"
"81082","0.9919999837875366","0.9919999837875366","0.9919999837875366"
"81093","0.9919999837875366","0.9919999837875366","0.9919999837875366"
"81104","0.9918999671936035","0.9918999671936035","0.9918999671936035"
"81115","0.9918999671936035","0.9918999671936035","0.9918999671936035"
"81126","0.9919999837875366","0.9919999837875366","0.9919999837875366"
"81137","0.9918999671936035","0.9918999671936035","0.9918999671936035"
"81148","0.9918999671936035","0.9918999671936035","0.9918999671936035"
"81159","0.9918999671936035","0.9918999671936035","0.9918999671936035"
"81170","0.9918999671936035","0.9918999671936035","0.9918999671936035"
"81181","0.9918999671936035","0.9918999671936035","0.9918999671936035"
"81192","0.9921000003814697","0.9921000003814697","0.9921000003814697"
"81203","0.9919999837875366","0.9919999837875366","0.9919999837875366"
"81214","0.9921000003814697","0.9921000003814697","0.9921000003814697"
"81225","0.9921000003814697","0.9921000003814697","0.9921000003814697"
"81236","0.9921000003814697","0.9921000003814697","0.9921000003814697"
"81247","0.9921000003814697","0.9921000003814697","0.9921000003814697"
"81258","0.9921000003814697","0.9921000003814697","0.9921000003814697"
"81269","0.9921000003814697","0.9921000003814697","0.9921000003814697"
"81280","0.9921000003814697","0.9921000003814697","0.9921000003814697"
"81291","0.9921000003814697","0.9921000003814697","0.9921000003814697"
"81302","0.9921000003814697","0.9921000003814697","0.9921000003814697"
"81313","0.9921000003814697","0.9921000003814697","0.9921000003814697"
"81324","0.9921000003814697","0.9921000003814697","0.9921000003814697"
"81335","0.9921000003814697","0.9921000003814697","0.9921000003814697"
"81346","0.9919999837875366","0.9919999837875366","0.9919999837875366"
"81357","0.9919999837875366","0.9919999837875366","0.9919999837875366"
"81368","0.9919999837875366","0.9919999837875366","0.9919999837875366"
"81379","0.9919999837875366","0.9919999837875366","0.9919999837875366"
"81390","0.9919999837875366","0.9919999837875366","0.9919999837875366"
"81401","0.9919999837875366","0.9919999837875366","0.9919999837875366"
"81412","0.9919999837875366","0.9919999837875366","0.9919999837875366"
"81423","0.9919999837875366","0.9919999837875366","0.9919999837875366"
"81434","0.9919999837875366","0.9919999837875366","0.9919999837875366"
"81445","0.9919999837875366","0.9919999837875366","0.9919999837875366"
"81456","0.9919999837875366","0.9919999837875366","0.9919999837875366"
"81467","0.9919999837875366","0.9919999837875366","0.9919999837875366"
"81478","0.9919999837875366","0.9919999837875366","0.9919999837875366"
"81489","0.9919999837875366","0.9919999837875366","0.9919999837875366"
"81500","0.9919999837875366","0.9919999837875366","0.9919999837875366"
"81511","0.9919999837875366","0.9919999837875366","0.9919999837875366"
"81522","0.9919999837875366","0.9919999837875366","0.9919999837875366"
"81533","0.9919999837875366","0.9919999837875366","0.9919999837875366"
"81544","0.9919999837875366","0.9919999837875366","0.9919999837875366"
"81555","0.9919999837875366","0.9919999837875366","0.9919999837875366"
"81566","0.9919999837875366","0.9919999837875366","0.9919999837875366"
"81577","0.9919999837875366","0.9919999837875366","0.9919999837875366"
"81588","0.9919999837875366","0.9919999837875366","0.9919999837875366"
"81599","0.9919999837875366","0.9919999837875366","0.9919999837875366"
"81610","0.9921000003814697","0.9921000003814697","0.9921000003814697"
"81621","0.9921000003814697","0.9921000003814697","0.9921000003814697"
"81632","0.9921000003814697","0.9921000003814697","0.9921000003814697"
"81643","0.9921000003814697","0.9921000003814697","0.9921000003814697"
"81654","0.9919999837875366","0.9919999837875366","0.9919999837875366"
"81665","0.9921000003814697","0.9921000003814697","0.9921000003814697"
"81676","0.9921000003814697","0.9921000003814697","0.9921000003814697"
"81687","0.9921000003814697","0.9921000003814697","0.9921000003814697"
"81698","0.9921000003814697","0.9921000003814697","0.9921000003814697"
"81709","0.9921000003814697","0.9921000003814697","0.9921000003814697"
"81720","0.9921000003814697","0.9921000003814697","0.9921000003814697"
"81731","0.9921000003814697","0.9921000003814697","0.9921000003814697"
"81742","0.9921000003814697","0.9921000003814697","0.9921000003814697"
"81753","0.9921000003814697","0.9921000003814697","0.9921000003814697"
"81764","0.9921000003814697","0.9921000003814697","0.9921000003814697"
"81775","0.9921000003814697","0.9921000003814697","0.9921000003814697"
"81786","0.9921000003814697","0.9921000003814697","0.9921000003814697"
"81797","0.9921999573707581","0.9921999573707581","0.9921999573707581"
"81808","0.9921999573707581","0.9921999573707581","0.9921999573707581"
"81819","0.9921999573707581","0.9921999573707581","0.9921999573707581"
"81830","0.9921999573707581","0.9921999573707581","0.9921999573707581"
"81841","0.9921999573707581","0.9921999573707581","0.9921999573707581"
"81852","0.9921999573707581","0.9921999573707581","0.9921999573707581"
"81863","0.9921999573707581","0.9921999573707581","0.9921999573707581"
"81874","0.9921999573707581","0.9921999573707581","0.9921999573707581"
"81885","0.9921999573707581","0.9921999573707581","0.9921999573707581"
"81896","0.9921999573707581","0.9921999573707581","0.9921999573707581"
"81907","0.9921999573707581","0.9921999573707581","0.9921999573707581"
"81918","0.9921999573707581","0.9921999573707581","0.9921999573707581"
"81929","0.9921999573707581","0.9921999573707581","0.9921999573707581"
"81940","0.9921999573707581","0.9921999573707581","0.9921999573707581"
"81951","0.9921999573707581","0.9921999573707581","0.9921999573707581"
"81962","0.9921999573707581","0.9921999573707581","0.9921999573707581"
"81973","0.9921999573707581","0.9921999573707581","0.9921999573707581"
"81984","0.9921999573707581","0.9921999573707581","0.9921999573707581"
"81995","0.9921999573707581","0.9921999573707581","0.9921999573707581"
"82006","0.9921999573707581","0.9921999573707581","0.9921999573707581"
"82017","0.9921999573707581","0.9921999573707581","0.9921999573707581"
"82028","0.9921999573707581","0.9921999573707581","0.9921999573707581"
"82039","0.9921999573707581","0.9921999573707581","0.9921999573707581"
"82050","0.9921999573707581","0.9921999573707581","0.9921999573707581"
"82061","0.9921999573707581","0.9921999573707581","0.9921999573707581"
"82072","0.9921999573707581","0.9921999573707581","0.9921999573707581"
"82083","0.9921999573707581","0.9921999573707581","0.9921999573707581"
"82094","0.9921999573707581","0.9921999573707581","0.9921999573707581"
"82105","0.9921999573707581","0.9921999573707581","0.9921999573707581"
"82116","0.9921999573707581","0.9921999573707581","0.9921999573707581"
"82127","0.9921999573707581","0.9921999573707581","0.9921999573707581"
"82138","0.9921999573707581","0.9921999573707581","0.9921999573707581"
"82149","0.9921999573707581","0.9921999573707581","0.9921999573707581"
"82160","0.9921999573707581","0.9921999573707581","0.9921999573707581"
"82171","0.9921999573707581","0.9921999573707581","0.9921999573707581"
"82182","0.9921999573707581","0.9921999573707581","0.9921999573707581"
"82193","0.9921999573707581","0.9921999573707581","0.9921999573707581"
"82204","0.9921999573707581","0.9921999573707581","0.9921999573707581"
"82215","0.9921999573707581","0.9921999573707581","0.9921999573707581"
"82226","0.9921999573707581","0.9921999573707581","0.9921999573707581"
"82237","0.9921999573707581","0.9921999573707581","0.9921999573707581"
"82248","0.9921999573707581","0.9921999573707581","0.9921999573707581"
"82259","0.9921999573707581","0.9921999573707581","0.9921999573707581"
"82270","0.9921999573707581","0.9921999573707581","0.9921999573707581"
"82281","0.9921999573707581","0.9921999573707581","0.9921999573707581"
"82292","0.9921999573707581","0.9921999573707581","0.9921999573707581"
"82303","0.9921999573707581","0.9921999573707581","0.9921999573707581"
"82314","0.9921999573707581","0.9921999573707581","0.9921999573707581"
"82325","0.9921999573707581","0.9921999573707581","0.9921999573707581"
"82336","0.9921999573707581","0.9921999573707581","0.9921999573707581"
"82347","0.9921999573707581","0.9921999573707581","0.9921999573707581"
"82358","0.9921999573707581","0.9921999573707581","0.9921999573707581"
"82369","0.9921999573707581","0.9921999573707581","0.9921999573707581"
"82380","0.9921999573707581","0.9921999573707581","0.9921999573707581"
"82391","0.9921999573707581","0.9921999573707581","0.9921999573707581"
"82402","0.9921999573707581","0.9921999573707581","0.9921999573707581"
"82413","0.9921999573707581","0.9921999573707581","0.9921999573707581"
"82424","0.9921999573707581","0.9921999573707581","0.9921999573707581"
"82435","0.9921999573707581","0.9921999573707581","0.9921999573707581"
"82446","0.9921999573707581","0.9921999573707581","0.9921999573707581"
"82457","0.9921999573707581","0.9921999573707581","0.9921999573707581"
"82468","0.9921999573707581","0.9921999573707581","0.9921999573707581"
"82479","0.9921999573707581","0.9921999573707581","0.9921999573707581"
"82490","0.9921999573707581","0.9921999573707581","0.9921999573707581"
"82501","0.9921999573707581","0.9921999573707581","0.9921999573707581"
"82512","0.9921999573707581","0.9921999573707581","0.9921999573707581"
"82523","0.9921999573707581","0.9921999573707581","0.9921999573707581"
"82534","0.9921999573707581","0.9921999573707581","0.9921999573707581"
"82545","0.9921999573707581","0.9921999573707581","0.9921999573707581"
"82556","0.9921999573707581","0.9921999573707581","0.9921999573707581"
"82567","0.9921999573707581","0.9921999573707581","0.9921999573707581"
"82578","0.9921999573707581","0.9921999573707581","0.9921999573707581"
"82589","0.9921999573707581","0.9921999573707581","0.9921999573707581"
"82600","0.9921999573707581","0.9921999573707581","0.9921999573707581"
"82611","0.9921999573707581","0.9921999573707581","0.9921999573707581"
"82622","0.9921999573707581","0.9921999573707581","0.9921999573707581"
"82633","0.9921999573707581","0.9921999573707581","0.9921999573707581"
"82644","0.9921999573707581","0.9921999573707581","0.9921999573707581"
"82655","0.9921999573707581","0.9921999573707581","0.9921999573707581"
"82666","0.9921999573707581","0.9921999573707581","0.9921999573707581"
"82677","0.9921999573707581","0.9921999573707581","0.9921999573707581"
"82688","0.9921999573707581","0.9921999573707581","0.9921999573707581"
"82699","0.9921999573707581","0.9921999573707581","0.9921999573707581"
"82710","0.9921999573707581","0.9921999573707581","0.9921999573707581"
"82721","0.9921999573707581","0.9921999573707581","0.9921999573707581"
"82732","0.9921999573707581","0.9921999573707581","0.9921999573707581"
"82743","0.9921999573707581","0.9921999573707581","0.9921999573707581"
"82754","0.9921999573707581","0.9921999573707581","0.9921999573707581"
"82765","0.9921999573707581","0.9921999573707581","0.9921999573707581"
"82776","0.9921999573707581","0.9921999573707581","0.9921999573707581"
"82787","0.9921999573707581","0.9921999573707581","0.9921999573707581"
"82798","0.9921999573707581","0.9921999573707581","0.9921999573707581"
"82809","0.9921999573707581","0.9921999573707581","0.9921999573707581"
"82820","0.9921999573707581","0.9921999573707581","0.9921999573707581"
"82831","0.9921999573707581","0.9921999573707581","0.9921999573707581"
"82842","0.9921999573707581","0.9921999573707581","0.9921999573707581"
"82853","0.9921999573707581","0.9921999573707581","0.9921999573707581"
"82864","0.9921999573707581","0.9921999573707581","0.9921999573707581"
"82875","0.9921999573707581","0.9921999573707581","0.9921999573707581"
"82886","0.9921999573707581","0.9921999573707581","0.9921999573707581"
"82897","0.9921999573707581","0.9921999573707581","0.9921999573707581"
"82908","0.9921999573707581","0.9921999573707581","0.9921999573707581"
"82919","0.9921999573707581","0.9921999573707581","0.9921999573707581"
"82930","0.9921999573707581","0.9921999573707581","0.9921999573707581"
"82941","0.9921999573707581","0.9921999573707581","0.9921999573707581"
"82952","0.9921999573707581","0.9921999573707581","0.9921999573707581"
"82963","0.9921999573707581","0.9921999573707581","0.9921999573707581"
"82974","0.9921999573707581","0.9921999573707581","0.9921999573707581"
"82985","0.9921999573707581","0.9921999573707581","0.9921999573707581"
"82996","0.9921999573707581","0.9921999573707581","0.9921999573707581"
"83007","0.9921999573707581","0.9921999573707581","0.9921999573707581"
"83018","0.9921999573707581","0.9921999573707581","0.9921999573707581"
"83029","0.9921999573707581","0.9921999573707581","0.9921999573707581"
"83040","0.9921999573707581","0.9921999573707581","0.9921999573707581"
"83051","0.9921999573707581","0.9921999573707581","0.9921999573707581"
"83062","0.9921999573707581","0.9921999573707581","0.9921999573707581"
"83073","0.9921999573707581","0.9921999573707581","0.9921999573707581"
"83084","0.9921999573707581","0.9921999573707581","0.9921999573707581"
"83095","0.9921999573707581","0.9921999573707581","0.9921999573707581"
"83106","0.9921999573707581","0.9921999573707581","0.9921999573707581"
"83117","0.9921999573707581","0.9921999573707581","0.9921999573707581"
"83128","0.9921999573707581","0.9921999573707581","0.9921999573707581"
"83139","0.9921999573707581","0.9921999573707581","0.9921999573707581"
"83150","0.9921999573707581","0.9921999573707581","0.9921999573707581"
"83161","0.9921999573707581","0.9921999573707581","0.9921999573707581"
"83172","0.9921999573707581","0.9921999573707581","0.9921999573707581"
"83183","0.9921999573707581","0.9921999573707581","0.9921999573707581"
"83194","0.9921999573707581","0.9921999573707581","0.9921999573707581"
"83205","0.9921999573707581","0.9921999573707581","0.9921999573707581"
"83216","0.9921999573707581","0.9921999573707581","0.9921999573707581"
"83227","0.9921999573707581","0.9921999573707581","0.9921999573707581"
"83238","0.9921999573707581","0.9921999573707581","0.9921999573707581"
"83249","0.9921999573707581","0.9921999573707581","0.9921999573707581"
"83260","0.9921999573707581","0.9921999573707581","0.9921999573707581"
"83271","0.9921999573707581","0.9921999573707581","0.9921999573707581"
"83282","0.9921999573707581","0.9921999573707581","0.9921999573707581"
"83293","0.9921999573707581","0.9921999573707581","0.9921999573707581"
"83304","0.9921999573707581","0.9921999573707581","0.9921999573707581"
"83315","0.9921999573707581","0.9921999573707581","0.9921999573707581"
"83326","0.9921999573707581","0.9921999573707581","0.9921999573707581"
"83337","0.9921999573707581","0.9921999573707581","0.9921999573707581"
"83348","0.9921999573707581","0.9921999573707581","0.9921999573707581"
"83359","0.9921999573707581","0.9921999573707581","0.9921999573707581"
"83370","0.9921999573707581","0.9921999573707581","0.9921999573707581"
"83381","0.9921999573707581","0.9921999573707581","0.9921999573707581"
"83392","0.9921999573707581","0.9921999573707581","0.9921999573707581"
"83403","0.9921999573707581","0.9921999573707581","0.9921999573707581"
"83414","0.9921999573707581","0.9921999573707581","0.9921999573707581"
"83425","0.9921999573707581","0.9921999573707581","0.9921999573707581"
"83436","0.9921999573707581","0.9921999573707581","0.9921999573707581"
"83447","0.9921999573707581","0.9921999573707581","0.9921999573707581"
"83458","0.9921999573707581","0.9921999573707581","0.9921999573707581"
"83469","0.9921999573707581","0.9921999573707581","0.9921999573707581"
"83480","0.9921999573707581","0.9921999573707581","0.9921999573707581"
"83491","0.9921999573707581","0.9921999573707581","0.9921999573707581"
"83502","0.9921999573707581","0.9921999573707581","0.9921999573707581"
"83513","0.9921999573707581","0.9921999573707581","0.9921999573707581"
"83524","0.9921999573707581","0.9921999573707581","0.9921999573707581"
"83535","0.9921999573707581","0.9921999573707581","0.9921999573707581"
"83546","0.9921999573707581","0.9921999573707581","0.9921999573707581"
"83557","0.9921999573707581","0.9921999573707581","0.9921999573707581"
"83568","0.9921999573707581","0.9921999573707581","0.9921999573707581"
"83579","0.9921999573707581","0.9921999573707581","0.9921999573707581"
"83590","0.9921999573707581","0.9921999573707581","0.9921999573707581"
"83601","0.9921999573707581","0.9921999573707581","0.9921999573707581"
"83612","0.9921999573707581","0.9921999573707581","0.9921999573707581"
"83623","0.9921999573707581","0.9921999573707581","0.9921999573707581"
"83634","0.9921999573707581","0.9921999573707581","0.9921999573707581"
"83645","0.9921999573707581","0.9921999573707581","0.9921999573707581"
"83656","0.9921999573707581","0.9921999573707581","0.9921999573707581"
"83667","0.9921999573707581","0.9921999573707581","0.9921999573707581"
"83678","0.9921999573707581","0.9921999573707581","0.9921999573707581"
"83689","0.9921999573707581","0.9921999573707581","0.9921999573707581"
"83700","0.9921999573707581","0.9921999573707581","0.9921999573707581"
"83711","0.9921999573707581","0.9921999573707581","0.9921999573707581"
"83722","0.9921999573707581","0.9921999573707581","0.9921999573707581"
"83733","0.9921999573707581","0.9921999573707581","0.9921999573707581"
"83744","0.9921999573707581","0.9921999573707581","0.9921999573707581"
"83755","0.9921999573707581","0.9921999573707581","0.9921999573707581"
"83766","0.9921999573707581","0.9921999573707581","0.9921999573707581"
"83777","0.9921999573707581","0.9921999573707581","0.9921999573707581"
"83788","0.9921999573707581","0.9921999573707581","0.9921999573707581"
"83799","0.9921999573707581","0.9921999573707581","0.9921999573707581"
"83810","0.9921999573707581","0.9921999573707581","0.9921999573707581"
"83821","0.9921999573707581","0.9921999573707581","0.9921999573707581"
"83832","0.9921999573707581","0.9921999573707581","0.9921999573707581"
"83843","0.9921999573707581","0.9921999573707581","0.9921999573707581"
"83854","0.9921999573707581","0.9921999573707581","0.9921999573707581"
"83865","0.9921999573707581","0.9921999573707581","0.9921999573707581"
"83876","0.9921999573707581","0.9921999573707581","0.9921999573707581"
"83887","0.9921999573707581","0.9921999573707581","0.9921999573707581"
"83898","0.9921999573707581","0.9921999573707581","0.9921999573707581"
"83909","0.9921999573707581","0.9921999573707581","0.9921999573707581"
"83920","0.9921999573707581","0.9921999573707581","0.9921999573707581"
"83931","0.9921999573707581","0.9921999573707581","0.9921999573707581"
"83942","0.9921999573707581","0.9921999573707581","0.9921999573707581"
"83953","0.9921999573707581","0.9921999573707581","0.9921999573707581"
"83964","0.9921999573707581","0.9921999573707581","0.9921999573707581"
"83975","0.9921999573707581","0.9921999573707581","0.9921999573707581"
"83986","0.9921999573707581","0.9921999573707581","0.9921999573707581"
"83997","0.9922999739646912","0.9922999739646912","0.9922999739646912"
"84008","0.9921999573707581","0.9921999573707581","0.9921999573707581"
"84019","0.9921999573707581","0.9921999573707581","0.9921999573707581"
"84030","0.9921999573707581","0.9921999573707581","0.9921999573707581"
"84041","0.9921999573707581","0.9921999573707581","0.9921999573707581"
"84052","0.9921999573707581","0.9921999573707581","0.9921999573707581"
"84063","0.9921999573707581","0.9921999573707581","0.9921999573707581"
"84074","0.9922999739646912","0.9922999739646912","0.9922999739646912"
"84085","0.9922999739646912","0.9922999739646912","0.9922999739646912"
"84096","0.9922999739646912","0.9922999739646912","0.9922999739646912"
"84107","0.9922999739646912","0.9922999739646912","0.9922999739646912"
"84118","0.9923999905586243","0.9923999905586243","0.9923999905586243"
"84129","0.9923999905586243","0.9923999905586243","0.9923999905586243"
"84140","0.9923999905586243","0.9923999905586243","0.9923999905586243"
"84151","0.9923999905586243","0.9923999905586243","0.9923999905586243"
"84162","0.9923999905586243","0.9923999905586243","0.9923999905586243"
"84173","0.9923999905586243","0.9923999905586243","0.9923999905586243"
"84184","0.9923999905586243","0.9923999905586243","0.9923999905586243"
"84195","0.9923999905586243","0.9923999905586243","0.9923999905586243"
"84206","0.9923999905586243","0.9923999905586243","0.9923999905586243"
"84217","0.9923999905586243","0.9923999905586243","0.9923999905586243"
"84228","0.9923999905586243","0.9923999905586243","0.9923999905586243"
"84239","0.9923999905586243","0.9923999905586243","0.9923999905586243"
"84250","0.9923999905586243","0.9923999905586243","0.9923999905586243"
"84261","0.9923999905586243","0.9923999905586243","0.9923999905586243"
"84272","0.9923999905586243","0.9923999905586243","0.9923999905586243"
"84283","0.9923999905586243","0.9923999905586243","0.9923999905586243"
"84294","0.9923999905586243","0.9923999905586243","0.9923999905586243"
"84305","0.9923999905586243","0.9923999905586243","0.9923999905586243"
"84316","0.9923999905586243","0.9923999905586243","0.9923999905586243"
"84327","0.9923999905586243","0.9923999905586243","0.9923999905586243"
"84338","0.9923999905586243","0.9923999905586243","0.9923999905586243"
"84349","0.9923999905586243","0.9923999905586243","0.9923999905586243"
"84360","0.9923999905586243","0.9923999905586243","0.9923999905586243"
"84371","0.9924999475479126","0.9924999475479126","0.9924999475479126"
"84382","0.9923999905586243","0.9923999905586243","0.9923999905586243"
"84393","0.9924999475479126","0.9924999475479126","0.9924999475479126"
"84404","0.9924999475479126","0.9924999475479126","0.9924999475479126"
"84415","0.9924999475479126","0.9924999475479126","0.9924999475479126"
"84426","0.9924999475479126","0.9924999475479126","0.9924999475479126"
"84437","0.9924999475479126","0.9924999475479126","0.9924999475479126"
"84448","0.9924999475479126","0.9924999475479126","0.9924999475479126"
"84459","0.9924999475479126","0.9924999475479126","0.9924999475479126"
"84470","0.9924999475479126","0.9924999475479126","0.9924999475479126"
"84481","0.9924999475479126","0.9924999475479126","0.9924999475479126"
"84492","0.9924999475479126","0.9924999475479126","0.9924999475479126"
"84503","0.9924999475479126","0.9924999475479126","0.9924999475479126"
"84514","0.9924999475479126","0.9924999475479126","0.9924999475479126"
"84525","0.9925999641418457","0.9925999641418457","0.9925999641418457"
"84536","0.9924999475479126","0.9924999475479126","0.9924999475479126"
"84547","0.9924999475479126","0.9924999475479126","0.9924999475479126"
"84558","0.9924999475479126","0.9924999475479126","0.9924999475479126"
"84569","0.9924999475479126","0.9924999475479126","0.9924999475479126"
"84580","0.9924999475479126","0.9924999475479126","0.9924999475479126"
"84591","0.9924999475479126","0.9924999475479126","0.9924999475479126"
"84602","0.9924999475479126","0.9924999475479126","0.9924999475479126"
"84613","0.9924999475479126","0.9924999475479126","0.9924999475479126"
"84624","0.9924999475479126","0.9924999475479126","0.9924999475479126"
"84635","0.9924999475479126","0.9924999475479126","0.9924999475479126"
"84646","0.9924999475479126","0.9924999475479126","0.9924999475479126"
"84657","0.9924999475479126","0.9924999475479126","0.9924999475479126"
"84668","0.9924999475479126","0.9924999475479126","0.9924999475479126"
"84679","0.9924999475479126","0.9924999475479126","0.9924999475479126"
"84690","0.9924999475479126","0.9924999475479126","0.9924999475479126"
"84701","0.9924999475479126","0.9924999475479126","0.9924999475479126"
"84712","0.9924999475479126","0.9924999475479126","0.9924999475479126"
"84723","0.9924999475479126","0.9924999475479126","0.9924999475479126"
"84734","0.9924999475479126","0.9924999475479126","0.9924999475479126"
"84745","0.9924999475479126","0.9924999475479126","0.9924999475479126"
"84756","0.9924999475479126","0.9924999475479126","0.9924999475479126"
"84767","0.9924999475479126","0.9924999475479126","0.9924999475479126"
"84778","0.9926999807357788","0.9926999807357788","0.9926999807357788"
"84789","0.9926999807357788","0.9926999807357788","0.9926999807357788"
"84800","0.9926999807357788","0.9926999807357788","0.9926999807357788"
"84811","0.9925999641418457","0.9925999641418457","0.9925999641418457"
"84822","0.9925999641418457","0.9925999641418457","0.9925999641418457"
"84833","0.9926999807357788","0.9926999807357788","0.9926999807357788"
"84844","0.9926999807357788","0.9926999807357788","0.9926999807357788"
"84855","0.9926999807357788","0.9926999807357788","0.9926999807357788"
"84866","0.9926999807357788","0.9926999807357788","0.9926999807357788"
"84877","0.9925999641418457","0.9925999641418457","0.9925999641418457"
"84888","0.9926999807357788","0.9926999807357788","0.9926999807357788"
"84899","0.9926999807357788","0.9926999807357788","0.9926999807357788"
"84910","0.9926999807357788","0.9926999807357788","0.9926999807357788"
"84921","0.9926999807357788","0.9926999807357788","0.9926999807357788"
"84932","0.9926999807357788","0.9926999807357788","0.9926999807357788"
"84943","0.9926999807357788","0.9926999807357788","0.9926999807357788"
"84954","0.9926999807357788","0.9926999807357788","0.9926999807357788"
"84965","0.9926999807357788","0.9926999807357788","0.9926999807357788"
"84976","0.9926999807357788","0.9926999807357788","0.9926999807357788"
"84987","0.9926999807357788","0.9926999807357788","0.9926999807357788"
"84998","0.9926999807357788","0.9926999807357788","0.9926999807357788"
"85009","0.9926999807357788","0.9926999807357788","0.9926999807357788"
"85020","0.9926999807357788","0.9926999807357788","0.9926999807357788"
"85031","0.9926999807357788","0.9926999807357788","0.9926999807357788"
"85042","0.9926999807357788","0.9926999807357788","0.9926999807357788"
"85053","0.9926999807357788","0.9926999807357788","0.9926999807357788"
"85064","0.9926999807357788","0.9926999807357788","0.9926999807357788"
"85075","0.9926999807357788","0.9926999807357788","0.9926999807357788"
"85086","0.9926999807357788","0.9926999807357788","0.9926999807357788"
"85097","0.9926999807357788","0.9926999807357788","0.9926999807357788"
"85108","0.9926999807357788","0.9926999807357788","0.9926999807357788"
"85119","0.9926999807357788","0.9926999807357788","0.9926999807357788"
"85130","0.9926999807357788","0.9926999807357788","0.9926999807357788"
"85141","0.9926999807357788","0.9926999807357788","0.9926999807357788"
"85152","0.9926999807357788","0.9926999807357788","0.9926999807357788"
"85163","0.9926999807357788","0.9926999807357788","0.9926999807357788"
"85174","0.9926999807357788","0.9926999807357788","0.9926999807357788"
"85185","0.9926999807357788","0.9926999807357788","0.9926999807357788"
"85196","0.9926999807357788","0.9926999807357788","0.9926999807357788"
"85207","0.9926999807357788","0.9926999807357788","0.9926999807357788"
"85218","0.9926999807357788","0.9926999807357788","0.9926999807357788"
"85229","0.9926999807357788","0.9926999807357788","0.9926999807357788"
"85240","0.9926999807357788","0.9926999807357788","0.9926999807357788"
"85251","0.9926999807357788","0.9926999807357788","0.9926999807357788"
"85262","0.9926999807357788","0.9926999807357788","0.9926999807357788"
"85273","0.9926999807357788","0.9926999807357788","0.9926999807357788"
"85284","0.9926999807357788","0.9926999807357788","0.9926999807357788"
"85295","0.9926999807357788","0.9926999807357788","0.9926999807357788"
"85306","0.9926999807357788","0.9926999807357788","0.9926999807357788"
"85317","0.9926999807357788","0.9926999807357788","0.9926999807357788"
"85328","0.9926999807357788","0.9926999807357788","0.9926999807357788"
"85339","0.9926999807357788","0.9926999807357788","0.9926999807357788"
"85350","0.9926999807357788","0.9926999807357788","0.9926999807357788"
"85361","0.9926999807357788","0.9926999807357788","0.9926999807357788"
"85372","0.9926999807357788","0.9926999807357788","0.9926999807357788"
"85383","0.9926999807357788","0.9926999807357788","0.9926999807357788"
"85394","0.9926999807357788","0.9926999807357788","0.9926999807357788"
"85405","0.9926999807357788","0.9926999807357788","0.9926999807357788"
"85416","0.9926999807357788","0.9926999807357788","0.9926999807357788"
"85427","0.9926999807357788","0.9926999807357788","0.9926999807357788"
"85438","0.9926999807357788","0.9926999807357788","0.9926999807357788"
"85449","0.9926999807357788","0.9926999807357788","0.9926999807357788"
"85460","0.9926999807357788","0.9926999807357788","0.9926999807357788"
"85471","0.9926999807357788","0.9926999807357788","0.9926999807357788"
"85482","0.9926999807357788","0.9926999807357788","0.9926999807357788"
"85493","0.9926999807357788","0.9926999807357788","0.9926999807357788"
"85504","0.9926999807357788","0.9926999807357788","0.9926999807357788"
"85515","0.9926999807357788","0.9926999807357788","0.9926999807357788"
"85526","0.9926999807357788","0.9926999807357788","0.9926999807357788"
"85537","0.9926999807357788","0.9926999807357788","0.9926999807357788"
"85548","0.9926999807357788","0.9926999807357788","0.9926999807357788"
"85559","0.9926999807357788","0.9926999807357788","0.9926999807357788"
"85570","0.9926999807357788","0.9926999807357788","0.9926999807357788"
"85581","0.9926999807357788","0.9926999807357788","0.9926999807357788"
"85592","0.9926999807357788","0.9926999807357788","0.9926999807357788"
"85603","0.9926999807357788","0.9926999807357788","0.9926999807357788"
"85614","0.9926999807357788","0.9926999807357788","0.9926999807357788"
"85625","0.9926999807357788","0.9926999807357788","0.9926999807357788"
"85636","0.9926999807357788","0.9926999807357788","0.9926999807357788"
"85647","0.9926999807357788","0.9926999807357788","0.9926999807357788"
"85658","0.9926999807357788","0.9926999807357788","0.9926999807357788"
"85669","0.9926999807357788","0.9926999807357788","0.9926999807357788"
"85680","0.9926999807357788","0.9926999807357788","0.9926999807357788"
"85691","0.9926999807357788","0.9926999807357788","0.9926999807357788"
"85702","0.9926999807357788","0.9926999807357788","0.9926999807357788"
"85713","0.9926999807357788","0.9926999807357788","0.9926999807357788"
"85724","0.9926999807357788","0.9926999807357788","0.9926999807357788"
"85735","0.9926999807357788","0.9926999807357788","0.9926999807357788"
"85746","0.9926999807357788","0.9926999807357788","0.9926999807357788"
"85757","0.9926999807357788","0.9926999807357788","0.9926999807357788"
"85768","0.9926999807357788","0.9926999807357788","0.9926999807357788"
"85779","0.9926999807357788","0.9926999807357788","0.9926999807357788"
"85790","0.9926999807357788","0.9926999807357788","0.9926999807357788"
"85801","0.9926999807357788","0.9926999807357788","0.9926999807357788"
"85812","0.9926999807357788","0.9926999807357788","0.9926999807357788"
"85823","0.9926999807357788","0.9926999807357788","0.9926999807357788"
"85834","0.9926999807357788","0.9926999807357788","0.9926999807357788"
"85845","0.9926999807357788","0.9926999807357788","0.9926999807357788"
"85856","0.9926999807357788","0.9926999807357788","0.9926999807357788"
"85867","0.9926999807357788","0.9926999807357788","0.9926999807357788"
"85878","0.9926999807357788","0.9926999807357788","0.9926999807357788"
"85889","0.9926999807357788","0.9926999807357788","0.9926999807357788"
"85900","0.9926999807357788","0.9926999807357788","0.9926999807357788"
"85911","0.9926999807357788","0.9926999807357788","0.9926999807357788"
"85922","0.9926999807357788","0.9926999807357788","0.9926999807357788"
"85933","0.9926999807357788","0.9926999807357788","0.9926999807357788"
"85944","0.9926999807357788","0.9926999807357788","0.9926999807357788"
"85955","0.9926999807357788","0.9926999807357788","0.9926999807357788"
"85966","0.9926999807357788","0.9926999807357788","0.9926999807357788"
"85977","0.9926999807357788","0.9926999807357788","0.9926999807357788"
"85988","0.9926999807357788","0.9926999807357788","0.9926999807357788"
"85999","0.9926999807357788","0.9926999807357788","0.9926999807357788"
"86010","0.9926999807357788","0.9926999807357788","0.9926999807357788"
"86021","0.9926999807357788","0.9926999807357788","0.9926999807357788"
"86032","0.9926999807357788","0.9926999807357788","0.9926999807357788"
"86043","0.9926999807357788","0.9926999807357788","0.9926999807357788"
"86054","0.9926999807357788","0.9926999807357788","0.9926999807357788"
"86065","0.9926999807357788","0.9926999807357788","0.9926999807357788"
"86076","0.9926999807357788","0.9926999807357788","0.9926999807357788"
"86087","0.9926999807357788","0.9926999807357788","0.9926999807357788"
"86098","0.9926999807357788","0.9926999807357788","0.9926999807357788"
"86109","0.9926999807357788","0.9926999807357788","0.9926999807357788"
"86120","0.9926999807357788","0.9926999807357788","0.9926999807357788"
"86131","0.9926999807357788","0.9926999807357788","0.9926999807357788"
"86142","0.9926999807357788","0.9926999807357788","0.9926999807357788"
"86153","0.9926999807357788","0.9926999807357788","0.9926999807357788"
"86164","0.9927999973297119","0.9927999973297119","0.9927999973297119"
"86175","0.9927999973297119","0.9927999973297119","0.9927999973297119"
"86186","0.9927999973297119","0.9927999973297119","0.9927999973297119"
"86197","0.9927999973297119","0.9927999973297119","0.9927999973297119"
"86208","0.9927999973297119","0.9927999973297119","0.9927999973297119"
"86219","0.9927999973297119","0.9927999973297119","0.9927999973297119"
"86230","0.9927999973297119","0.9927999973297119","0.9927999973297119"
"86241","0.9927999973297119","0.9927999973297119","0.9927999973297119"
"86252","0.9927999973297119","0.9927999973297119","0.9927999973297119"
"86263","0.9927999973297119","0.9927999973297119","0.9927999973297119"
"86274","0.9927999973297119","0.9927999973297119","0.9927999973297119"
"86285","0.9927999973297119","0.9927999973297119","0.9927999973297119"
"86296","0.9927999973297119","0.9927999973297119","0.9927999973297119"
"86307","0.9927999973297119","0.9927999973297119","0.9927999973297119"
"86318","0.9926999807357788","0.9926999807357788","0.9926999807357788"
"86329","0.9927999973297119","0.9927999973297119","0.9927999973297119"
"86340","0.9927999973297119","0.9927999973297119","0.9927999973297119"
"86351","0.9927999973297119","0.9927999973297119","0.9927999973297119"
"86362","0.9927999973297119","0.9927999973297119","0.9927999973297119"
"86373","0.9928999543190002","0.9928999543190002","0.9928999543190002"
"86384","0.9928999543190002","0.9928999543190002","0.9928999543190002"
"86395","0.9928999543190002","0.9928999543190002","0.9928999543190002"
"86406","0.9928999543190002","0.9928999543190002","0.9928999543190002"
"86417","0.9928999543190002","0.9928999543190002","0.9928999543190002"
"86428","0.9928999543190002","0.9928999543190002","0.9928999543190002"
"86439","0.9928999543190002","0.9928999543190002","0.9928999543190002"
"86450","0.9929999709129333","0.9929999709129333","0.9929999709129333"
"86461","0.9928999543190002","0.9928999543190002","0.9928999543190002"
"86472","0.9928999543190002","0.9928999543190002","0.9928999543190002"
"86483","0.9928999543190002","0.9928999543190002","0.9928999543190002"
"86494","0.9929999709129333","0.9929999709129333","0.9929999709129333"
"86505","0.9929999709129333","0.9929999709129333","0.9929999709129333"
"86516","0.9929999709129333","0.9929999709129333","0.9929999709129333"
"86527","0.9928999543190002","0.9928999543190002","0.9928999543190002"
"86538","0.9928999543190002","0.9928999543190002","0.9928999543190002"
"86549","0.9928999543190002","0.9928999543190002","0.9928999543190002"
"86560","0.9928999543190002","0.9928999543190002","0.9928999543190002"
"86571","0.9928999543190002","0.9928999543190002","0.9928999543190002"
"86582","0.9928999543190002","0.9928999543190002","0.9928999543190002"
"86593","0.9928999543190002","0.9928999543190002","0.9928999543190002"
"86604","0.9928999543190002","0.9928999543190002","0.9928999543190002"
"86615","0.9928999543190002","0.9928999543190002","0.9928999543190002"
"86626","0.9928999543190002","0.9928999543190002","0.9928999543190002"
"86637","0.9929999709129333","0.9929999709129333","0.9929999709129333"
"86648","0.9928999543190002","0.9928999543190002","0.9928999543190002"
"86659","0.9928999543190002","0.9928999543190002","0.9928999543190002"
"86670","0.9928999543190002","0.9928999543190002","0.9928999543190002"
"86681","0.9929999709129333","0.9929999709129333","0.9929999709129333"
"86692","0.9930999875068665","0.9930999875068665","0.9930999875068665"
"86703","0.9930999875068665","0.9930999875068665","0.9930999875068665"
"86714","0.9930999875068665","0.9930999875068665","0.9930999875068665"
"86725","0.9930999875068665","0.9930999875068665","0.9930999875068665"
"86736","0.9929999709129333","0.9929999709129333","0.9929999709129333"
"86747","0.9930999875068665","0.9930999875068665","0.9930999875068665"
"86758","0.9930999875068665","0.9930999875068665","0.9930999875068665"
"86769","0.9930999875068665","0.9930999875068665","0.9930999875068665"
"86780","0.9930999875068665","0.9930999875068665","0.9930999875068665"
"86791","0.9929999709129333","0.9929999709129333","0.9929999709129333"
"86802","0.9929999709129333","0.9929999709129333","0.9929999709129333"
"86813","0.9930999875068665","0.9930999875068665","0.9930999875068665"
"86824","0.9930999875068665","0.9930999875068665","0.9930999875068665"
"86835","0.9930999875068665","0.9930999875068665","0.9930999875068665"
"86846","0.9930999875068665","0.9930999875068665","0.9930999875068665"
"86857","0.9929999709129333","0.9929999709129333","0.9929999709129333"
"86868","0.9929999709129333","0.9929999709129333","0.9929999709129333"
"86879","0.9930999875068665","0.9930999875068665","0.9930999875068665"
"86890","0.9930999875068665","0.9930999875068665","0.9930999875068665"
"86901","0.9930999875068665","0.9930999875068665","0.9930999875068665"
"86912","0.9930999875068665","0.9930999875068665","0.9930999875068665"
"86923","0.9929999709129333","0.9929999709129333","0.9929999709129333"
"86934","0.9929999709129333","0.9929999709129333","0.9929999709129333"
"86945","0.9929999709129333","0.9929999709129333","0.9929999709129333"
"86956","0.9929999709129333","0.9929999709129333","0.9929999709129333"
"86967","0.9929999709129333","0.9929999709129333","0.9929999709129333"
"86978","0.9929999709129333","0.9929999709129333","0.9929999709129333"
"86989","0.9929999709129333","0.9929999709129333","0.9929999709129333"
"87000","0.9930999875068665","0.9930999875068665","0.9930999875068665"
"87011","0.9930999875068665","0.9930999875068665","0.9930999875068665"
"87022","0.9930999875068665","0.9930999875068665","0.9930999875068665"
"87033","0.9929999709129333","0.9929999709129333","0.9929999709129333"
"87044","0.9929999709129333","0.9929999709129333","0.9929999709129333"
"87055","0.9929999709129333","0.9929999709129333","0.9929999709129333"
"87066","0.9929999709129333","0.9929999709129333","0.9929999709129333"
"87077","0.9929999709129333","0.9929999709129333","0.9929999709129333"
"87088","0.9929999709129333","0.9929999709129333","0.9929999709129333"
"87099","0.9929999709129333","0.9929999709129333","0.9929999709129333"
"87110","0.9929999709129333","0.9929999709129333","0.9929999709129333"
"87121","0.9929999709129333","0.9929999709129333","0.9929999709129333"
"87132","0.9929999709129333","0.9929999709129333","0.9929999709129333"
"87143","0.9929999709129333","0.9929999709129333","0.9929999709129333"
"87154","0.9929999709129333","0.9929999709129333","0.9929999709129333"
"87165","0.9929999709129333","0.9929999709129333","0.9929999709129333"
"87176","0.9929999709129333","0.9929999709129333","0.9929999709129333"
"87187","0.9929999709129333","0.9929999709129333","0.9929999709129333"
"87198","0.9929999709129333","0.9929999709129333","0.9929999709129333"
"87209","0.9929999709129333","0.9929999709129333","0.9929999709129333"
"87220","0.9929999709129333","0.9929999709129333","0.9929999709129333"
"87231","0.9929999709129333","0.9929999709129333","0.9929999709129333"
"87242","0.9929999709129333","0.9929999709129333","0.9929999709129333"
"87253","0.9929999709129333","0.9929999709129333","0.9929999709129333"
"87264","0.9929999709129333","0.9929999709129333","0.9929999709129333"
"87275","0.9929999709129333","0.9929999709129333","0.9929999709129333"
"87286","0.9929999709129333","0.9929999709129333","0.9929999709129333"
"87297","0.9929999709129333","0.9929999709129333","0.9929999709129333"
"87308","0.9928999543190002","0.9928999543190002","0.9928999543190002"
"87319","0.9929999709129333","0.9929999709129333","0.9929999709129333"
"87330","0.9928999543190002","0.9928999543190002","0.9928999543190002"
"87341","0.9929999709129333","0.9929999709129333","0.9929999709129333"
"87352","0.9928999543190002","0.9928999543190002","0.9928999543190002"
"87363","0.9929999709129333","0.9929999709129333","0.9929999709129333"
"87374","0.9927999973297119","0.9927999973297119","0.9927999973297119"
"87385","0.9930999875068665","0.9930999875068665","0.9930999875068665"
"87396","0.9929999709129333","0.9929999709129333","0.9929999709129333"
"87407","0.9929999709129333","0.9929999709129333","0.9929999709129333"
"87418","0.9929999709129333","0.9929999709129333","0.9929999709129333"
"87429","0.9929999709129333","0.9929999709129333","0.9929999709129333"
"87440","0.9929999709129333","0.9929999709129333","0.9929999709129333"
"87451","0.9929999709129333","0.9929999709129333","0.9929999709129333"
"87462","0.9929999709129333","0.9929999709129333","0.9929999709129333"
"87473","0.9929999709129333","0.9929999709129333","0.9929999709129333"
"87484","0.9929999709129333","0.9929999709129333","0.9929999709129333"
"87495","0.9929999709129333","0.9929999709129333","0.9929999709129333"
"87506","0.9929999709129333","0.9929999709129333","0.9929999709129333"
"87517","0.9929999709129333","0.9929999709129333","0.9929999709129333"
"87528","0.9929999709129333","0.9929999709129333","0.9929999709129333"
"87539","0.9929999709129333","0.9929999709129333","0.9929999709129333"
"87550","0.9929999709129333","0.9929999709129333","0.9929999709129333"
"87561","0.9929999709129333","0.9929999709129333","0.9929999709129333"
"87572","0.9929999709129333","0.9929999709129333","0.9929999709129333"
"87583","0.9929999709129333","0.9929999709129333","0.9929999709129333"
"87594","0.9929999709129333","0.9929999709129333","0.9929999709129333"
"87605","0.9929999709129333","0.9929999709129333","0.9929999709129333"
"87616","0.9929999709129333","0.9929999709129333","0.9929999709129333"
"87627","0.9929999709129333","0.9929999709129333","0.9929999709129333"
"87638","0.9929999709129333","0.9929999709129333","0.9929999709129333"
"87649","0.9929999709129333","0.9929999709129333","0.9929999709129333"
"87660","0.9929999709129333","0.9929999709129333","0.9929999709129333"
"87671","0.9929999709129333","0.9929999709129333","0.9929999709129333"
"87682","0.9929999709129333","0.9929999709129333","0.9929999709129333"
"87693","0.9929999709129333","0.9929999709129333","0.9929999709129333"
"87704","0.9929999709129333","0.9929999709129333","0.9929999709129333"
"87715","0.9929999709129333","0.9929999709129333","0.9929999709129333"
"87726","0.9929999709129333","0.9929999709129333","0.9929999709129333"
"87737","0.9929999709129333","0.9929999709129333","0.9929999709129333"
"87748","0.9929999709129333","0.9929999709129333","0.9929999709129333"
"87759","0.9929999709129333","0.9929999709129333","0.9929999709129333"
"87770","0.9929999709129333","0.9929999709129333","0.9929999709129333"
"87781","0.9929999709129333","0.9929999709129333","0.9929999709129333"
"87792","0.9929999709129333","0.9929999709129333","0.9929999709129333"
"87803","0.9929999709129333","0.9929999709129333","0.9929999709129333"
"87814","0.9929999709129333","0.9929999709129333","0.9929999709129333"
"87825","0.9929999709129333","0.9929999709129333","0.9929999709129333"
"87836","0.9929999709129333","0.9929999709129333","0.9929999709129333"
"87847","0.9929999709129333","0.9929999709129333","0.9929999709129333"
"87858","0.9930999875068665","0.9930999875068665","0.9930999875068665"
"87869","0.9930999875068665","0.9930999875068665","0.9930999875068665"
"87880","0.9929999709129333","0.9929999709129333","0.9929999709129333"
"87891","0.9929999709129333","0.9929999709129333","0.9929999709129333"
"87902","0.9929999709129333","0.9929999709129333","0.9929999709129333"
"87913","0.9929999709129333","0.9929999709129333","0.9929999709129333"
"87924","0.9932000041007996","0.9932000041007996","0.9932000041007996"
"87935","0.9929999709129333","0.9929999709129333","0.9929999709129333"
"87946","0.9932000041007996","0.9932000041007996","0.9932000041007996"
"87957","0.9930999875068665","0.9930999875068665","0.9930999875068665"
"87968","0.9930999875068665","0.9930999875068665","0.9930999875068665"
"87979","0.9930999875068665","0.9930999875068665","0.9930999875068665"
"87990","0.9930999875068665","0.9930999875068665","0.9930999875068665"
"88001","0.9930999875068665","0.9930999875068665","0.9930999875068665"
"88012","0.9930999875068665","0.9930999875068665","0.9930999875068665"
"88023","0.9930999875068665","0.9930999875068665","0.9930999875068665"
"88034","0.9930999875068665","0.9930999875068665","0.9930999875068665"
"88045","0.9930999875068665","0.9930999875068665","0.9930999875068665"
"88056","0.9930999875068665","0.9930999875068665","0.9930999875068665"
"88067","0.9930999875068665","0.9930999875068665","0.9930999875068665"
"88078","0.9932000041007996","0.9932000041007996","0.9932000041007996"
"88089","0.9930999875068665","0.9930999875068665","0.9930999875068665"
"88100","0.9932000041007996","0.9932000041007996","0.9932000041007996"
"88111","0.9930999875068665","0.9930999875068665","0.9930999875068665"
"88122","0.9930999875068665","0.9930999875068665","0.9930999875068665"
"88133","0.9930999875068665","0.9930999875068665","0.9930999875068665"
"88144","0.9930999875068665","0.9930999875068665","0.9930999875068665"
"88155","0.9932000041007996","0.9932000041007996","0.9932000041007996"
"88166","0.9932000041007996","0.9932000041007996","0.9932000041007996"
"88177","0.9932000041007996","0.9932000041007996","0.9932000041007996"
"88188","0.9932000041007996","0.9932000041007996","0.9932000041007996"
"88199","0.9932000041007996","0.9932000041007996","0.9932000041007996"
"88210","0.9932000041007996","0.9932000041007996","0.9932000041007996"
"88221","0.9932000041007996","0.9932000041007996","0.9932000041007996"
"88232","0.9932000041007996","0.9932000041007996","0.9932000041007996"
"88243","0.9932000041007996","0.9932000041007996","0.9932000041007996"
"88254","0.9932000041007996","0.9932000041007996","0.9932000041007996"
"88265","0.9932000041007996","0.9932000041007996","0.9932000041007996"
"88276","0.9932000041007996","0.9932000041007996","0.9932000041007996"
"88287","0.9932000041007996","0.9932000041007996","0.9932000041007996"
"88298","0.9932000041007996","0.9932000041007996","0.9932000041007996"
"88309","0.9932000041007996","0.9932000041007996","0.9932000041007996"
"88320","0.9932000041007996","0.9932000041007996","0.9932000041007996"
"88331","0.9932000041007996","0.9932000041007996","0.9932000041007996"
"88342","0.9932000041007996","0.9932000041007996","0.9932000041007996"
"88353","0.9932000041007996","0.9932000041007996","0.9932000041007996"
"88364","0.9932000041007996","0.9932000041007996","0.9932000041007996"
"88375","0.9932000041007996","0.9932000041007996","0.9932000041007996"
"88386","0.9932000041007996","0.9932000041007996","0.9932000041007996"
"88397","0.9932000041007996","0.9932000041007996","0.9932000041007996"
"88408","0.9932000041007996","0.9932000041007996","0.9932000041007996"
"88419","0.9932000041007996","0.9932000041007996","0.9932000041007996"
"88430","0.9932000041007996","0.9932000041007996","0.9932000041007996"
"88441","0.9932000041007996","0.9932000041007996","0.9932000041007996"
"88452","0.9932000041007996","0.9932000041007996","0.9932000041007996"
"88463","0.9932000041007996","0.9932000041007996","0.9932000041007996"
"88474","0.9932000041007996","0.9932000041007996","0.9932000041007996"
"88485","0.9932000041007996","0.9932000041007996","0.9932000041007996"
"88496","0.9932999610900879","0.9932999610900879","0.9932999610900879"
"88507","0.993399977684021","0.993399977684021","0.993399977684021"
"88518","0.993399977684021","0.993399977684021","0.993399977684021"
"88529","0.993399977684021","0.993399977684021","0.993399977684021"
"88540","0.993399977684021","0.993399977684021","0.993399977684021"
"88551","0.993399977684021","0.993399977684021","0.993399977684021"
"88562","0.993399977684021","0.993399977684021","0.993399977684021"
"88573","0.993399977684021","0.993399977684021","0.993399977684021"
"88584","0.993399977684021","0.993399977684021","0.993399977684021"
"88595","0.993399977684021","0.993399977684021","0.993399977684021"
"88606","0.993399977684021","0.993399977684021","0.993399977684021"
"88617","0.993399977684021","0.993399977684021","0.993399977684021"
"88628","0.993399977684021","0.993399977684021","0.993399977684021"
"88639","0.993399977684021","0.993399977684021","0.993399977684021"
"88650","0.993399977684021","0.993399977684021","0.993399977684021"
"88661","0.993399977684021","0.993399977684021","0.993399977684021"
"88672","0.993399977684021","0.993399977684021","0.993399977684021"
"88683","0.993399977684021","0.993399977684021","0.993399977684021"
"88694","0.993399977684021","0.993399977684021","0.993399977684021"
"88705","0.993399977684021","0.993399977684021","0.993399977684021"
"88716","0.9934999942779541","0.9934999942779541","0.9934999942779541"
"88727","0.993399977684021","0.993399977684021","0.993399977684021"
"88738","0.9934999942779541","0.9934999942779541","0.9934999942779541"
"88749","0.9934999942779541","0.9934999942779541","0.9934999942779541"
"88760","0.9934999942779541","0.9934999942779541","0.9934999942779541"
"88771","0.9934999942779541","0.9934999942779541","0.9934999942779541"
"88782","0.9934999942779541","0.9934999942779541","0.9934999942779541"
"88793","0.9934999942779541","0.9934999942779541","0.9934999942779541"
"88804","0.9934999942779541","0.9934999942779541","0.9934999942779541"
"88815","0.9934999942779541","0.9934999942779541","0.9934999942779541"
"88826","0.9934999942779541","0.9934999942779541","0.9934999942779541"
"88837","0.9934999942779541","0.9934999942779541","0.9934999942779541"
"88848","0.9934999942779541","0.9934999942779541","0.9934999942779541"
"88859","0.9934999942779541","0.9934999942779541","0.9934999942779541"
"88870","0.9934999942779541","0.9934999942779541","0.9934999942779541"
"88881","0.9934999942779541","0.9934999942779541","0.9934999942779541"
"88892","0.9934999942779541","0.9934999942779541","0.9934999942779541"
"88903","0.9934999942779541","0.9934999942779541","0.9934999942779541"
"88914","0.9934999942779541","0.9934999942779541","0.9934999942779541"
"88925","0.9934999942779541","0.9934999942779541","0.9934999942779541"
"88936","0.9934999942779541","0.9934999942779541","0.9934999942779541"
"88947","0.9934999942779541","0.9934999942779541","0.9934999942779541"
"88958","0.9934999942779541","0.9934999942779541","0.9934999942779541"
"88969","0.9934999942779541","0.9934999942779541","0.9934999942779541"
"88980","0.9934999942779541","0.9934999942779541","0.9934999942779541"
"88991","0.9934999942779541","0.9934999942779541","0.9934999942779541"
"89002","0.9934999942779541","0.9934999942779541","0.9934999942779541"
"89013","0.9934999942779541","0.9934999942779541","0.9934999942779541"
"89024","0.9934999942779541","0.9934999942779541","0.9934999942779541"
"89035","0.9934999942779541","0.9934999942779541","0.9934999942779541"
"89046","0.9934999942779541","0.9934999942779541","0.9934999942779541"
"89057","0.9934999942779541","0.9934999942779541","0.9934999942779541"
"89068","0.9934999942779541","0.9934999942779541","0.9934999942779541"
"89079","0.9934999942779541","0.9934999942779541","0.9934999942779541"
"89090","0.9934999942779541","0.9934999942779541","0.9934999942779541"
"89101","0.9934999942779541","0.9934999942779541","0.9934999942779541"
"89112","0.9934999942779541","0.9934999942779541","0.9934999942779541"
"89123","0.9934999942779541","0.9934999942779541","0.9934999942779541"
"89134","0.9934999942779541","0.9934999942779541","0.9934999942779541"
"89145","0.9934999942779541","0.9934999942779541","0.9934999942779541"
"89156","0.9934999942779541","0.9934999942779541","0.9934999942779541"
"89167","0.9934999942779541","0.9934999942779541","0.9934999942779541"
"89178","0.9934999942779541","0.9934999942779541","0.9934999942779541"
"89189","0.9934999942779541","0.9934999942779541","0.9934999942779541"
"89200","0.9934999942779541","0.9934999942779541","0.9934999942779541"
"89211","0.9934999942779541","0.9934999942779541","0.9934999942779541"
"89222","0.9934999942779541","0.9934999942779541","0.9934999942779541"
"89233","0.9934999942779541","0.9934999942779541","0.9934999942779541"
"89244","0.9934999942779541","0.9934999942779541","0.9934999942779541"
"89255","0.9934999942779541","0.9934999942779541","0.9934999942779541"
"89266","0.9934999942779541","0.9934999942779541","0.9934999942779541"
"89277","0.9934999942779541","0.9934999942779541","0.9934999942779541"
"89288","0.9934999942779541","0.9934999942779541","0.9934999942779541"
"89299","0.9934999942779541","0.9934999942779541","0.9934999942779541"
"89310","0.9934999942779541","0.9934999942779541","0.9934999942779541"
"89321","0.9934999942779541","0.9934999942779541","0.9934999942779541"
"89332","0.9934999942779541","0.9934999942779541","0.9934999942779541"
"89343","0.9934999942779541","0.9934999942779541","0.9934999942779541"
"89354","0.9934999942779541","0.9934999942779541","0.9934999942779541"
"89365","0.9934999942779541","0.9934999942779541","0.9934999942779541"
"89376","0.9934999942779541","0.9934999942779541","0.9934999942779541"
"89387","0.9934999942779541","0.9934999942779541","0.9934999942779541"
"89398","0.9934999942779541","0.9934999942779541","0.9934999942779541"
"89409","0.9934999942779541","0.9934999942779541","0.9934999942779541"
"89420","0.9934999942779541","0.9934999942779541","0.9934999942779541"
"89431","0.9934999942779541","0.9934999942779541","0.9934999942779541"
"89442","0.9934999942779541","0.9934999942779541","0.9934999942779541"
"89453","0.9934999942779541","0.9934999942779541","0.9934999942779541"
"89464","0.9934999942779541","0.9934999942779541","0.9934999942779541"
"89475","0.9934999942779541","0.9934999942779541","0.9934999942779541"
"89486","0.9934999942779541","0.9934999942779541","0.9934999942779541"
"89497","0.9934999942779541","0.9934999942779541","0.9934999942779541"
"89508","0.9934999942779541","0.9934999942779541","0.9934999942779541"
"89519","0.9934999942779541","0.9934999942779541","0.9934999942779541"
"89530","0.9934999942779541","0.9934999942779541","0.9934999942779541"
"89541","0.9934999942779541","0.9934999942779541","0.9934999942779541"
"89552","0.9934999942779541","0.9934999942779541","0.9934999942779541"
"89563","0.9934999942779541","0.9934999942779541","0.9934999942779541"
"89574","0.9934999942779541","0.9934999942779541","0.9934999942779541"
"89585","0.9934999942779541","0.9934999942779541","0.9934999942779541"
"89596","0.9934999942779541","0.9934999942779541","0.9934999942779541"
"89607","0.9934999942779541","0.9934999942779541","0.9934999942779541"
"89618","0.9934999942779541","0.9934999942779541","0.9934999942779541"
"89629","0.9934999942779541","0.9934999942779541","0.9934999942779541"
"89640","0.9934999942779541","0.9934999942779541","0.9934999942779541"
"89651","0.9934999942779541","0.9934999942779541","0.9934999942779541"
"89662","0.9934999942779541","0.9934999942779541","0.9934999942779541"
"89673","0.9934999942779541","0.9934999942779541","0.9934999942779541"
"89684","0.9934999942779541","0.9934999942779541","0.9934999942779541"
"89695","0.9934999942779541","0.9934999942779541","0.9934999942779541"
"89706","0.9934999942779541","0.9934999942779541","0.9934999942779541"
"89717","0.9934999942779541","0.9934999942779541","0.9934999942779541"
"89728","0.9934999942779541","0.9934999942779541","0.9934999942779541"
"89739","0.9934999942779541","0.9934999942779541","0.9934999942779541"
"89750","0.9934999942779541","0.9934999942779541","0.9934999942779541"
"89761","0.9934999942779541","0.9934999942779541","0.9934999942779541"
"89772","0.9934999942779541","0.9934999942779541","0.9934999942779541"
"89783","0.9934999942779541","0.9934999942779541","0.9934999942779541"
"89794","0.9934999942779541","0.9934999942779541","0.9934999942779541"
"89805","0.9934999942779541","0.9934999942779541","0.9934999942779541"
"89816","0.9934999942779541","0.9934999942779541","0.9934999942779541"
"89827","0.9934999942779541","0.9934999942779541","0.9934999942779541"
"89838","0.9934999942779541","0.9934999942779541","0.9934999942779541"
"89849","0.9934999942779541","0.9934999942779541","0.9934999942779541"
"89860","0.9934999942779541","0.9934999942779541","0.9934999942779541"
"89871","0.9934999942779541","0.9934999942779541","0.9934999942779541"
"89882","0.9934999942779541","0.9934999942779541","0.9934999942779541"
"89893","0.9934999942779541","0.9934999942779541","0.9934999942779541"
"89904","0.9934999942779541","0.9934999942779541","0.9934999942779541"
"89915","0.9934999942779541","0.9934999942779541","0.9934999942779541"
"89926","0.9934999942779541","0.9934999942779541","0.9934999942779541"
"89937","0.9934999942779541","0.9934999942779541","0.9934999942779541"
"89948","0.9934999942779541","0.9934999942779541","0.9934999942779541"
"89959","0.9934999942779541","0.9934999942779541","0.9934999942779541"
"89970","0.9934999942779541","0.9934999942779541","0.9934999942779541"
"89981","0.9934999942779541","0.9934999942779541","0.9934999942779541"
"89992","0.9934999942779541","0.9934999942779541","0.9934999942779541"
"90003","0.9934999942779541","0.9934999942779541","0.9934999942779541"
"90014","0.9935999512672424","0.9935999512672424","0.9935999512672424"
"90025","0.9935999512672424","0.9935999512672424","0.9935999512672424"
"90036","0.9935999512672424","0.9935999512672424","0.9935999512672424"
"90047","0.9935999512672424","0.9935999512672424","0.9935999512672424"
"90058","0.9935999512672424","0.9935999512672424","0.9935999512672424"
"90069","0.9935999512672424","0.9935999512672424","0.9935999512672424"
"90080","0.9936999678611755","0.9936999678611755","0.9936999678611755"
"90091","0.9935999512672424","0.9935999512672424","0.9935999512672424"
"90102","0.9936999678611755","0.9936999678611755","0.9936999678611755"
"90113","0.9935999512672424","0.9935999512672424","0.9935999512672424"
"90124","0.9935999512672424","0.9935999512672424","0.9935999512672424"
"90135","0.9935999512672424","0.9935999512672424","0.9935999512672424"
"90146","0.9935999512672424","0.9935999512672424","0.9935999512672424"
"90157","0.9935999512672424","0.9935999512672424","0.9935999512672424"
"90168","0.9936999678611755","0.9936999678611755","0.9936999678611755"
"90179","0.9936999678611755","0.9936999678611755","0.9936999678611755"
"90190","0.9936999678611755","0.9936999678611755","0.9936999678611755"
"90201","0.9936999678611755","0.9936999678611755","0.9936999678611755"
"90212","0.9936999678611755","0.9936999678611755","0.9936999678611755"
"90223","0.9936999678611755","0.9936999678611755","0.9936999678611755"
"90234","0.9936999678611755","0.9936999678611755","0.9936999678611755"
"90245","0.9936999678611755","0.9936999678611755","0.9936999678611755"
"90256","0.9936999678611755","0.9936999678611755","0.9936999678611755"
"90267","0.9936999678611755","0.9936999678611755","0.9936999678611755"
"90278","0.9936999678611755","0.9936999678611755","0.9936999678611755"
"90289","0.9936999678611755","0.9936999678611755","0.9936999678611755"
"90300","0.9936999678611755","0.9936999678611755","0.9936999678611755"
"90311","0.9936999678611755","0.9936999678611755","0.9936999678611755"
"90322","0.9936999678611755","0.9936999678611755","0.9936999678611755"
"90333","0.9936999678611755","0.9936999678611755","0.9936999678611755"
"90344","0.9936999678611755","0.9936999678611755","0.9936999678611755"
"90355","0.9936999678611755","0.9936999678611755","0.9936999678611755"
"90366","0.9936999678611755","0.9936999678611755","0.9936999678611755"
"90377","0.9936999678611755","0.9936999678611755","0.9936999678611755"
"90388","0.9936999678611755","0.9936999678611755","0.9936999678611755"
"90399","0.9936999678611755","0.9936999678611755","0.9936999678611755"
"90410","0.9936999678611755","0.9936999678611755","0.9936999678611755"
"90421","0.9936999678611755","0.9936999678611755","0.9936999678611755"
"90432","0.9936999678611755","0.9936999678611755","0.9936999678611755"
"90443","0.9936999678611755","0.9936999678611755","0.9936999678611755"
"90454","0.9936999678611755","0.9936999678611755","0.9936999678611755"
"90465","0.9937999844551086","0.9937999844551086","0.9937999844551086"
"90476","0.9937999844551086","0.9937999844551086","0.9937999844551086"
"90487","0.9937999844551086","0.9937999844551086","0.9937999844551086"
"90498","0.9937999844551086","0.9937999844551086","0.9937999844551086"
"90509","0.9936999678611755","0.9936999678611755","0.9936999678611755"
"90520","0.9936999678611755","0.9936999678611755","0.9936999678611755"
"90531","0.9936999678611755","0.9936999678611755","0.9936999678611755"
"90542","0.9936999678611755","0.9936999678611755","0.9936999678611755"
"90553","0.9936999678611755","0.9936999678611755","0.9936999678611755"
"90564","0.9936999678611755","0.9936999678611755","0.9936999678611755"
"90575","0.9936999678611755","0.9936999678611755","0.9936999678611755"
"90586","0.9936999678611755","0.9936999678611755","0.9936999678611755"
"90597","0.9936999678611755","0.9936999678611755","0.9936999678611755"
"90608","0.9936999678611755","0.9936999678611755","0.9936999678611755"
"90619","0.9936999678611755","0.9936999678611755","0.9936999678611755"
"90630","0.9936999678611755","0.9936999678611755","0.9936999678611755"
"90641","0.9937999844551086","0.9937999844551086","0.9937999844551086"
"90652","0.9937999844551086","0.9937999844551086","0.9937999844551086"
"90663","0.9937999844551086","0.9937999844551086","0.9937999844551086"
"90674","0.9937999844551086","0.9937999844551086","0.9937999844551086"
"90685","0.9937999844551086","0.9937999844551086","0.9937999844551086"
"90696","0.9937999844551086","0.9937999844551086","0.9937999844551086"
"90707","0.9937999844551086","0.9937999844551086","0.9937999844551086"
"90718","0.9937999844551086","0.9937999844551086","0.9937999844551086"
"90729","0.9937999844551086","0.9937999844551086","0.9937999844551086"
"90740","0.9937999844551086","0.9937999844551086","0.9937999844551086"
"90751","0.9936999678611755","0.9936999678611755","0.9936999678611755"
"90762","0.9937999844551086","0.9937999844551086","0.9937999844551086"
"90773","0.9939000010490417","0.9939000010490417","0.9939000010490417"
"90784","0.9937999844551086","0.9937999844551086","0.9937999844551086"
"90795","0.9939000010490417","0.9939000010490417","0.9939000010490417"
"90806","0.9939000010490417","0.9939000010490417","0.9939000010490417"
"90817","0.9939000010490417","0.9939000010490417","0.9939000010490417"
"90828","0.9939000010490417","0.9939000010490417","0.9939000010490417"
"90839","0.9939000010490417","0.9939000010490417","0.9939000010490417"
"90850","0.9939000010490417","0.9939000010490417","0.9939000010490417"
"90861","0.9939000010490417","0.9939000010490417","0.9939000010490417"
"90872","0.9939000010490417","0.9939000010490417","0.9939000010490417"
"90883","0.9939000010490417","0.9939000010490417","0.9939000010490417"
"90894","0.9939000010490417","0.9939000010490417","0.9939000010490417"
"90905","0.9939000010490417","0.9939000010490417","0.9939000010490417"
"90916","0.9939000010490417","0.9939000010490417","0.9939000010490417"
"90927","0.9939000010490417","0.9939000010490417","0.9939000010490417"
"90938","0.9939000010490417","0.9939000010490417","0.9939000010490417"
"90949","0.9939000010490417","0.9939000010490417","0.9939000010490417"
"90960","0.9939000010490417","0.9939000010490417","0.9939000010490417"
"90971","0.9939000010490417","0.9939000010490417","0.9939000010490417"
"90982","0.9939000010490417","0.9939000010490417","0.9939000010490417"
"90993","0.9939000010490417","0.9939000010490417","0.9939000010490417"
"91004","0.9939000010490417","0.9939000010490417","0.9939000010490417"
"91015","0.9939000010490417","0.9939000010490417","0.9939000010490417"
"91026","0.9939000010490417","0.9939000010490417","0.9939000010490417"
"91037","0.9939000010490417","0.9939000010490417","0.9939000010490417"
"91048","0.9939000010490417","0.9939000010490417","0.9939000010490417"
"91059","0.9939000010490417","0.9939000010490417","0.9939000010490417"
"91070","0.9939000010490417","0.9939000010490417","0.9939000010490417"
"91081","0.9939000010490417","0.9939000010490417","0.9939000010490417"
"91092","0.9939000010490417","0.9939000010490417","0.9939000010490417"
"91103","0.9939000010490417","0.9939000010490417","0.9939000010490417"
"91114","0.9939000010490417","0.9939000010490417","0.9939000010490417"
"91125","0.9939000010490417","0.9939000010490417","0.9939000010490417"
"91136","0.9939000010490417","0.9939000010490417","0.9939000010490417"
"91147","0.9939000010490417","0.9939000010490417","0.9939000010490417"
"91158","0.9939000010490417","0.9939000010490417","0.9939000010490417"
"91169","0.9939000010490417","0.9939000010490417","0.9939000010490417"
"91180","0.9939000010490417","0.9939000010490417","0.9939000010490417"
"91191","0.9939000010490417","0.9939000010490417","0.9939000010490417"
"91202","0.9939000010490417","0.9939000010490417","0.9939000010490417"
"91213","0.9939000010490417","0.9939000010490417","0.9939000010490417"
"91224","0.9939000010490417","0.9939000010490417","0.9939000010490417"
"91235","0.9939000010490417","0.9939000010490417","0.9939000010490417"
"91246","0.9939000010490417","0.9939000010490417","0.9939000010490417"
"91257","0.9939000010490417","0.9939000010490417","0.9939000010490417"
"91268","0.9939000010490417","0.9939000010490417","0.9939000010490417"
"91279","0.9939000010490417","0.9939000010490417","0.9939000010490417"
"91290","0.9939000010490417","0.9939000010490417","0.9939000010490417"
"91301","0.9939000010490417","0.9939000010490417","0.9939000010490417"
"91312","0.9939000010490417","0.9939000010490417","0.9939000010490417"
"91323","0.9939000010490417","0.9939000010490417","0.9939000010490417"
"91334","0.9939000010490417","0.9939000010490417","0.9939000010490417"
"91345","0.9939000010490417","0.9939000010490417","0.9939000010490417"
"91356","0.9939000010490417","0.9939000010490417","0.9939000010490417"
"91367","0.9939000010490417","0.9939000010490417","0.9939000010490417"
"91378","0.9939000010490417","0.9939000010490417","0.9939000010490417"
"91389","0.9939000010490417","0.9939000010490417","0.9939000010490417"
"91400","0.9939000010490417","0.9939000010490417","0.9939000010490417"
"91411","0.9939000010490417","0.9939000010490417","0.9939000010490417"
"91422","0.9939000010490417","0.9939000010490417","0.9939000010490417"
"91433","0.9939000010490417","0.9939000010490417","0.9939000010490417"
"91444","0.9939000010490417","0.9939000010490417","0.9939000010490417"
"91455","0.9939000010490417","0.9939000010490417","0.9939000010490417"
"91466","0.9939000010490417","0.9939000010490417","0.9939000010490417"
"91477","0.9939000010490417","0.9939000010490417","0.9939000010490417"
"91488","0.9939000010490417","0.9939000010490417","0.9939000010490417"
"91499","0.9939000010490417","0.9939000010490417","0.9939000010490417"
"91510","0.9939000010490417","0.9939000010490417","0.9939000010490417"
"91521","0.9939000010490417","0.9939000010490417","0.9939000010490417"
"91532","0.9939000010490417","0.9939000010490417","0.9939000010490417"
"91543","0.9939000010490417","0.9939000010490417","0.9939000010490417"
"91554","0.9939000010490417","0.9939000010490417","0.9939000010490417"
"91565","0.9939000010490417","0.9939000010490417","0.9939000010490417"
"91576","0.9939000010490417","0.9939000010490417","0.9939000010490417"
"91587","0.9939000010490417","0.9939000010490417","0.9939000010490417"
"91598","0.9939000010490417","0.9939000010490417","0.9939000010490417"
"91609","0.9939000010490417","0.9939000010490417","0.9939000010490417"
"91620","0.9939000010490417","0.9939000010490417","0.9939000010490417"
"91631","0.9939000010490417","0.9939000010490417","0.9939000010490417"
"91642","0.9939000010490417","0.9939000010490417","0.9939000010490417"
"91653","0.9939000010490417","0.9939000010490417","0.9939000010490417"
"91664","0.9939000010490417","0.9939000010490417","0.9939000010490417"
"91675","0.9939000010490417","0.9939000010490417","0.9939000010490417"
"91686","0.9939000010490417","0.9939000010490417","0.9939000010490417"
"91697","0.9939000010490417","0.9939000010490417","0.9939000010490417"
"91708","0.9939000010490417","0.9939000010490417","0.9939000010490417"
"91719","0.9939000010490417","0.9939000010490417","0.9939000010490417"
"91730","0.9939000010490417","0.9939000010490417","0.9939000010490417"
"91741","0.9939000010490417","0.9939000010490417","0.9939000010490417"
"91752","0.9939000010490417","0.9939000010490417","0.9939000010490417"
"91763","0.9939000010490417","0.9939000010490417","0.9939000010490417"
"91774","0.9939000010490417","0.9939000010490417","0.9939000010490417"
"91785","0.9939000010490417","0.9939000010490417","0.9939000010490417"
"91796","0.9939000010490417","0.9939000010490417","0.9939000010490417"
"91807","0.9939000010490417","0.9939000010490417","0.9939000010490417"
"91818","0.9939000010490417","0.9939000010490417","0.9939000010490417"
"91829","0.9939000010490417","0.9939000010490417","0.9939000010490417"
"91840","0.9939000010490417","0.9939000010490417","0.9939000010490417"
"91851","0.9939000010490417","0.9939000010490417","0.9939000010490417"
"91862","0.9939000010490417","0.9939000010490417","0.9939000010490417"
"91873","0.9939000010490417","0.9939000010490417","0.9939000010490417"
"91884","0.9939000010490417","0.9939000010490417","0.9939000010490417"
"91895","0.9939000010490417","0.9939000010490417","0.9939000010490417"
"91906","0.9939000010490417","0.9939000010490417","0.9939000010490417"
"91917","0.9939000010490417","0.9939000010490417","0.9939000010490417"
"91928","0.9939000010490417","0.9939000010490417","0.9939000010490417"
"91939","0.9939000010490417","0.9939000010490417","0.9939000010490417"
"91950","0.9939000010490417","0.9939000010490417","0.9939000010490417"
"91961","0.9939000010490417","0.9939000010490417","0.9939000010490417"
"91972","0.9939000010490417","0.9939000010490417","0.9939000010490417"
"91983","0.9939000010490417","0.9939000010490417","0.9939000010490417"
"91994","0.9939000010490417","0.9939000010490417","0.9939000010490417"
"92005","0.9939000010490417","0.9939000010490417","0.9939000010490417"
"92016","0.9939999580383301","0.9939999580383301","0.9939999580383301"
"92027","0.9939000010490417","0.9939000010490417","0.9939000010490417"
"92038","0.9939000010490417","0.9939000010490417","0.9939000010490417"
"92049","0.9939000010490417","0.9939000010490417","0.9939000010490417"
"92060","0.9939999580383301","0.9939999580383301","0.9939999580383301"
"92071","0.9939000010490417","0.9939000010490417","0.9939000010490417"
"92082","0.9939000010490417","0.9939000010490417","0.9939000010490417"
"92093","0.9939000010490417","0.9939000010490417","0.9939000010490417"
"92104","0.9939999580383301","0.9939999580383301","0.9939999580383301"
"92115","0.9939999580383301","0.9939999580383301","0.9939999580383301"
"92126","0.9939999580383301","0.9939999580383301","0.9939999580383301"
"92137","0.9939999580383301","0.9939999580383301","0.9939999580383301"
"92148","0.9939000010490417","0.9939000010490417","0.9939000010490417"
"92159","0.9939000010490417","0.9939000010490417","0.9939000010490417"
"92170","0.9939000010490417","0.9939000010490417","0.9939000010490417"
"92181","0.9939000010490417","0.9939000010490417","0.9939000010490417"
"92192","0.9939000010490417","0.9939000010490417","0.9939000010490417"
"92203","0.9939000010490417","0.9939000010490417","0.9939000010490417"
"92214","0.9939000010490417","0.9939000010490417","0.9939000010490417"
"92225","0.9939000010490417","0.9939000010490417","0.9939000010490417"
"92236","0.9939000010490417","0.9939000010490417","0.9939000010490417"
"92247","0.9939999580383301","0.9939999580383301","0.9939999580383301"
"92258","0.9939999580383301","0.9939999580383301","0.9939999580383301"
"92269","0.9939999580383301","0.9939999580383301","0.9939999580383301"
"92280","0.9939999580383301","0.9939999580383301","0.9939999580383301"
"92291","0.9939999580383301","0.9939999580383301","0.9939999580383301"
"92302","0.9939999580383301","0.9939999580383301","0.9939999580383301"
"92313","0.9939000010490417","0.9939000010490417","0.9939000010490417"
"92324","0.9939000010490417","0.9939000010490417","0.9939000010490417"
"92335","0.9939000010490417","0.9939000010490417","0.9939000010490417"
"92346","0.9939999580383301","0.9939999580383301","0.9939999580383301"
"92357","0.9939000010490417","0.9939000010490417","0.9939000010490417"
"92368","0.9939999580383301","0.9939999580383301","0.9939999580383301"
"92379","0.9939999580383301","0.9939999580383301","0.9939999580383301"
"92390","0.9939999580383301","0.9939999580383301","0.9939999580383301"
"92401","0.9939999580383301","0.9939999580383301","0.9939999580383301"
"92412","0.9939999580383301","0.9939999580383301","0.9939999580383301"
"92423","0.9939999580383301","0.9939999580383301","0.9939999580383301"
"92434","0.9939999580383301","0.9939999580383301","0.9939999580383301"
"92445","0.9939999580383301","0.9939999580383301","0.9939999580383301"
"92456","0.9939999580383301","0.9939999580383301","0.9939999580383301"
"92467","0.9939999580383301","0.9939999580383301","0.9939999580383301"
"92478","0.9939999580383301","0.9939999580383301","0.9939999580383301"
"92489","0.9939999580383301","0.9939999580383301","0.9939999580383301"
"92500","0.9939999580383301","0.9939999580383301","0.9939999580383301"
"92511","0.9939999580383301","0.9939999580383301","0.9939999580383301"
"92522","0.9939999580383301","0.9939999580383301","0.9939999580383301"
"92533","0.9939999580383301","0.9939999580383301","0.9939999580383301"
"92544","0.9939999580383301","0.9939999580383301","0.9939999580383301"
"92555","0.9939999580383301","0.9939999580383301","0.9939999580383301"
"92566","0.9939999580383301","0.9939999580383301","0.9939999580383301"
"92577","0.9939999580383301","0.9939999580383301","0.9939999580383301"
"92588","0.9939999580383301","0.9939999580383301","0.9939999580383301"
"92599","0.9939999580383301","0.9939999580383301","0.9939999580383301"
"92610","0.9939999580383301","0.9939999580383301","0.9939999580383301"
"92621","0.9939999580383301","0.9939999580383301","0.9939999580383301"
"92632","0.9939999580383301","0.9939999580383301","0.9939999580383301"
"92643","0.9939999580383301","0.9939999580383301","0.9939999580383301"
"92654","0.9940999746322632","0.9940999746322632","0.9940999746322632"
"92665","0.9940999746322632","0.9940999746322632","0.9940999746322632"
"92676","0.9940999746322632","0.9940999746322632","0.9940999746322632"
"92687","0.9940999746322632","0.9940999746322632","0.9940999746322632"
"92698","0.9939999580383301","0.9939999580383301","0.9939999580383301"
"92709","0.9940999746322632","0.9940999746322632","0.9940999746322632"
"92720","0.9939999580383301","0.9939999580383301","0.9939999580383301"
"92731","0.9939999580383301","0.9939999580383301","0.9939999580383301"
"92742","0.9939999580383301","0.9939999580383301","0.9939999580383301"
"92753","0.9939999580383301","0.9939999580383301","0.9939999580383301"
"92764","0.9939999580383301","0.9939999580383301","0.9939999580383301"
"92775","0.9940999746322632","0.9940999746322632","0.9940999746322632"
"92786","0.9941999912261963","0.9941999912261963","0.9941999912261963"
"92797","0.9941999912261963","0.9941999912261963","0.9941999912261963"
"92808","0.9940999746322632","0.9940999746322632","0.9940999746322632"
"92819","0.9940999746322632","0.9940999746322632","0.9940999746322632"
"92830","0.9941999912261963","0.9941999912261963","0.9941999912261963"
"92841","0.9941999912261963","0.9941999912261963","0.9941999912261963"
"92852","0.9941999912261963","0.9941999912261963","0.9941999912261963"
"92863","0.9941999912261963","0.9941999912261963","0.9941999912261963"
"92874","0.9941999912261963","0.9941999912261963","0.9941999912261963"
"92885","0.9941999912261963","0.9941999912261963","0.9941999912261963"
"92896","0.9941999912261963","0.9941999912261963","0.9941999912261963"
"92907","0.9941999912261963","0.9941999912261963","0.9941999912261963"
"92918","0.9941999912261963","0.9941999912261963","0.9941999912261963"
"92929","0.9941999912261963","0.9941999912261963","0.9941999912261963"
"92940","0.9941999912261963","0.9941999912261963","0.9941999912261963"
"92951","0.9941999912261963","0.9941999912261963","0.9941999912261963"
"92962","0.9941999912261963","0.9941999912261963","0.9941999912261963"
"92973","0.9941999912261963","0.9941999912261963","0.9941999912261963"
"92984","0.9941999912261963","0.9941999912261963","0.9941999912261963"
"92995","0.9941999912261963","0.9941999912261963","0.9941999912261963"
"93006","0.9941999912261963","0.9941999912261963","0.9941999912261963"
"93017","0.9941999912261963","0.9941999912261963","0.9941999912261963"
"93028","0.9941999912261963","0.9941999912261963","0.9941999912261963"
"93039","0.9941999912261963","0.9941999912261963","0.9941999912261963"
"93050","0.9941999912261963","0.9941999912261963","0.9941999912261963"
"93061","0.9941999912261963","0.9941999912261963","0.9941999912261963"
"93072","0.9941999912261963","0.9941999912261963","0.9941999912261963"
"93083","0.9941999912261963","0.9941999912261963","0.9941999912261963"
"93094","0.9941999912261963","0.9941999912261963","0.9941999912261963"
"93105","0.9941999912261963","0.9941999912261963","0.9941999912261963"
"93116","0.9941999912261963","0.9941999912261963","0.9941999912261963"
"93127","0.9941999912261963","0.9941999912261963","0.9941999912261963"
"93138","0.9941999912261963","0.9941999912261963","0.9941999912261963"
"93149","0.9941999912261963","0.9941999912261963","0.9941999912261963"
"93160","0.9941999912261963","0.9941999912261963","0.9941999912261963"
"93171","0.9941999912261963","0.9941999912261963","0.9941999912261963"
"93182","0.9941999912261963","0.9941999912261963","0.9941999912261963"
"93193","0.9941999912261963","0.9941999912261963","0.9941999912261963"
"93204","0.9941999912261963","0.9941999912261963","0.9941999912261963"
"93215","0.9942999482154846","0.9942999482154846","0.9942999482154846"
"93226","0.9942999482154846","0.9942999482154846","0.9942999482154846"
"93237","0.9942999482154846","0.9942999482154846","0.9942999482154846"
"93248","0.9942999482154846","0.9942999482154846","0.9942999482154846"
"93259","0.9942999482154846","0.9942999482154846","0.9942999482154846"
"93270","0.9942999482154846","0.9942999482154846","0.9942999482154846"
"93281","0.9942999482154846","0.9942999482154846","0.9942999482154846"
"93292","0.9942999482154846","0.9942999482154846","0.9942999482154846"
"93303","0.9942999482154846","0.9942999482154846","0.9942999482154846"
"93314","0.9942999482154846","0.9942999482154846","0.9942999482154846"
"93325","0.9942999482154846","0.9942999482154846","0.9942999482154846"
"93336","0.9942999482154846","0.9942999482154846","0.9942999482154846"
"93347","0.9942999482154846","0.9942999482154846","0.9942999482154846"
"93358","0.9942999482154846","0.9942999482154846","0.9942999482154846"
"93369","0.9942999482154846","0.9942999482154846","0.9942999482154846"
"93380","0.9942999482154846","0.9942999482154846","0.9942999482154846"
"93391","0.9942999482154846","0.9942999482154846","0.9942999482154846"
"93402","0.9942999482154846","0.9942999482154846","0.9942999482154846"
"93413","0.9942999482154846","0.9942999482154846","0.9942999482154846"
"93424","0.9942999482154846","0.9942999482154846","0.9942999482154846"
"93435","0.9942999482154846","0.9942999482154846","0.9942999482154846"
"93446","0.9942999482154846","0.9942999482154846","0.9942999482154846"
"93457","0.9942999482154846","0.9942999482154846","0.9942999482154846"
"93468","0.9942999482154846","0.9942999482154846","0.9942999482154846"
"93479","0.9942999482154846","0.9942999482154846","0.9942999482154846"
"93490","0.9942999482154846","0.9942999482154846","0.9942999482154846"
"93501","0.9942999482154846","0.9942999482154846","0.9942999482154846"
"93512","0.9942999482154846","0.9942999482154846","0.9942999482154846"
"93523","0.9942999482154846","0.9942999482154846","0.9942999482154846"
"93534","0.9942999482154846","0.9942999482154846","0.9942999482154846"
"93545","0.9942999482154846","0.9942999482154846","0.9942999482154846"
"93556","0.9942999482154846","0.9942999482154846","0.9942999482154846"
"93567","0.9942999482154846","0.9942999482154846","0.9942999482154846"
"93578","0.9942999482154846","0.9942999482154846","0.9942999482154846"
"93589","0.9942999482154846","0.9942999482154846","0.9942999482154846"
"93600","0.9942999482154846","0.9942999482154846","0.9942999482154846"
"93611","0.9942999482154846","0.9942999482154846","0.9942999482154846"
"93622","0.9942999482154846","0.9942999482154846","0.9942999482154846"
"93633","0.9942999482154846","0.9942999482154846","0.9942999482154846"
"93644","0.9942999482154846","0.9942999482154846","0.9942999482154846"
"93655","0.9942999482154846","0.9942999482154846","0.9942999482154846"
"93666","0.9942999482154846","0.9942999482154846","0.9942999482154846"
"93677","0.9942999482154846","0.9942999482154846","0.9942999482154846"
"93688","0.9942999482154846","0.9942999482154846","0.9942999482154846"
"93699","0.9942999482154846","0.9942999482154846","0.9942999482154846"
"93710","0.9942999482154846","0.9942999482154846","0.9942999482154846"
"93721","0.9942999482154846","0.9942999482154846","0.9942999482154846"
"93732","0.9942999482154846","0.9942999482154846","0.9942999482154846"
"93743","0.9942999482154846","0.9942999482154846","0.9942999482154846"
"93754","0.9942999482154846","0.9942999482154846","0.9942999482154846"
"93765","0.9942999482154846","0.9942999482154846","0.9942999482154846"
"93776","0.9942999482154846","0.9942999482154846","0.9942999482154846"
"93787","0.9942999482154846","0.9942999482154846","0.9942999482154846"
"93798","0.9942999482154846","0.9942999482154846","0.9942999482154846"
"93809","0.9942999482154846","0.9942999482154846","0.9942999482154846"
"93820","0.9942999482154846","0.9942999482154846","0.9942999482154846"
"93831","0.9942999482154846","0.9942999482154846","0.9942999482154846"
"93842","0.9942999482154846","0.9942999482154846","0.9942999482154846"
"93853","0.9942999482154846","0.9942999482154846","0.9942999482154846"
"93864","0.9942999482154846","0.9942999482154846","0.9942999482154846"
"93875","0.9942999482154846","0.9942999482154846","0.9942999482154846"
"93886","0.9942999482154846","0.9942999482154846","0.9942999482154846"
"93897","0.9942999482154846","0.9942999482154846","0.9942999482154846"
"93908","0.9942999482154846","0.9942999482154846","0.9942999482154846"
"93919","0.9942999482154846","0.9942999482154846","0.9942999482154846"
"93930","0.9942999482154846","0.9942999482154846","0.9942999482154846"
"93941","0.9942999482154846","0.9942999482154846","0.9942999482154846"
"93952","0.9942999482154846","0.9942999482154846","0.9942999482154846"
"93963","0.9942999482154846","0.9942999482154846","0.9942999482154846"
"93974","0.9942999482154846","0.9942999482154846","0.9942999482154846"
"93985","0.9942999482154846","0.9942999482154846","0.9942999482154846"
"93996","0.9942999482154846","0.9942999482154846","0.9942999482154846"
"94007","0.9942999482154846","0.9942999482154846","0.9942999482154846"
"94018","0.9942999482154846","0.9942999482154846","0.9942999482154846"
"94029","0.9942999482154846","0.9942999482154846","0.9942999482154846"
"94040","0.9942999482154846","0.9942999482154846","0.9942999482154846"
"94051","0.9942999482154846","0.9942999482154846","0.9942999482154846"
"94062","0.9942999482154846","0.9942999482154846","0.9942999482154846"
"94073","0.9942999482154846","0.9942999482154846","0.9942999482154846"
"94084","0.9942999482154846","0.9942999482154846","0.9942999482154846"
"94095","0.9942999482154846","0.9942999482154846","0.9942999482154846"
"94106","0.9942999482154846","0.9942999482154846","0.9942999482154846"
"94117","0.9942999482154846","0.9942999482154846","0.9942999482154846"
"94128","0.9942999482154846","0.9942999482154846","0.9942999482154846"
"94139","0.9942999482154846","0.9942999482154846","0.9942999482154846"
"94150","0.9942999482154846","0.9942999482154846","0.9942999482154846"
"94161","0.9942999482154846","0.9942999482154846","0.9942999482154846"
"94172","0.9942999482154846","0.9942999482154846","0.9942999482154846"
"94183","0.9942999482154846","0.9942999482154846","0.9942999482154846"
"94194","0.9942999482154846","0.9942999482154846","0.9942999482154846"
"94205","0.9942999482154846","0.9942999482154846","0.9942999482154846"
"94216","0.9942999482154846","0.9942999482154846","0.9942999482154846"
"94227","0.9942999482154846","0.9942999482154846","0.9942999482154846"
"94238","0.9942999482154846","0.9942999482154846","0.9942999482154846"
"94249","0.9942999482154846","0.9942999482154846","0.9942999482154846"
"94260","0.9942999482154846","0.9942999482154846","0.9942999482154846"
"94271","0.9942999482154846","0.9942999482154846","0.9942999482154846"
"94282","0.9942999482154846","0.9942999482154846","0.9942999482154846"
"94293","0.9942999482154846","0.9942999482154846","0.9942999482154846"
"94304","0.9942999482154846","0.9942999482154846","0.9942999482154846"
"94315","0.9942999482154846","0.9942999482154846","0.9942999482154846"
"94326","0.9942999482154846","0.9942999482154846","0.9942999482154846"
"94337","0.9942999482154846","0.9942999482154846","0.9942999482154846"
"94348","0.9942999482154846","0.9942999482154846","0.9942999482154846"
"94359","0.9942999482154846","0.9942999482154846","0.9942999482154846"
"94370","0.9942999482154846","0.9942999482154846","0.9942999482154846"
"94381","0.9942999482154846","0.9942999482154846","0.9942999482154846"
"94392","0.9942999482154846","0.9942999482154846","0.9942999482154846"
"94403","0.9942999482154846","0.9942999482154846","0.9942999482154846"
"94414","0.9942999482154846","0.9942999482154846","0.9942999482154846"
"94425","0.9942999482154846","0.9942999482154846","0.9942999482154846"
"94436","0.9942999482154846","0.9942999482154846","0.9942999482154846"
"94447","0.9942999482154846","0.9942999482154846","0.9942999482154846"
"94458","0.9942999482154846","0.9942999482154846","0.9942999482154846"
"94469","0.9942999482154846","0.9942999482154846","0.9942999482154846"
"94480","0.9942999482154846","0.9942999482154846","0.9942999482154846"
"94491","0.9942999482154846","0.9942999482154846","0.9942999482154846"
"94502","0.9942999482154846","0.9942999482154846","0.9942999482154846"
"94513","0.9942999482154846","0.9942999482154846","0.9942999482154846"
"94524","0.9942999482154846","0.9942999482154846","0.9942999482154846"
"94535","0.9942999482154846","0.9942999482154846","0.9942999482154846"
"94546","0.9942999482154846","0.9942999482154846","0.9942999482154846"
"94557","0.9942999482154846","0.9942999482154846","0.9942999482154846"
"94568","0.9942999482154846","0.9942999482154846","0.9942999482154846"
"94579","0.9942999482154846","0.9942999482154846","0.9942999482154846"
"94590","0.9942999482154846","0.9942999482154846","0.9942999482154846"
"94601","0.9942999482154846","0.9942999482154846","0.9942999482154846"
"94612","0.9942999482154846","0.9942999482154846","0.9942999482154846"
"94623","0.9942999482154846","0.9942999482154846","0.9942999482154846"
"94634","0.9942999482154846","0.9942999482154846","0.9942999482154846"
"94645","0.9942999482154846","0.9942999482154846","0.9942999482154846"
"94656","0.9942999482154846","0.9942999482154846","0.9942999482154846"
"94667","0.9942999482154846","0.9942999482154846","0.9942999482154846"
"94678","0.9942999482154846","0.9942999482154846","0.9942999482154846"
"94689","0.9942999482154846","0.9942999482154846","0.9942999482154846"
"94700","0.9942999482154846","0.9942999482154846","0.9942999482154846"
"94711","0.9942999482154846","0.9942999482154846","0.9942999482154846"
"94722","0.9942999482154846","0.9942999482154846","0.9942999482154846"
"94733","0.9942999482154846","0.9942999482154846","0.9942999482154846"
"94744","0.9942999482154846","0.9942999482154846","0.9942999482154846"
"94755","0.9942999482154846","0.9942999482154846","0.9942999482154846"
"94766","0.9942999482154846","0.9942999482154846","0.9942999482154846"
"94777","0.9942999482154846","0.9942999482154846","0.9942999482154846"
"94788","0.9942999482154846","0.9942999482154846","0.9942999482154846"
"94799","0.9942999482154846","0.9942999482154846","0.9942999482154846"
"94810","0.9942999482154846","0.9942999482154846","0.9942999482154846"
"94821","0.9942999482154846","0.9942999482154846","0.9942999482154846"
"94832","0.9942999482154846","0.9942999482154846","0.9942999482154846"
"94843","0.9942999482154846","0.9942999482154846","0.9942999482154846"
"94854","0.9942999482154846","0.9942999482154846","0.9942999482154846"
"94865","0.9942999482154846","0.9942999482154846","0.9942999482154846"
"94876","0.9942999482154846","0.9942999482154846","0.9942999482154846"
"94887","0.9942999482154846","0.9942999482154846","0.9942999482154846"
"94898","0.9942999482154846","0.9942999482154846","0.9942999482154846"
"94909","0.9942999482154846","0.9942999482154846","0.9942999482154846"
"94920","0.9943999648094177","0.9943999648094177","0.9943999648094177"
"94931","0.9943999648094177","0.9943999648094177","0.9943999648094177"
"94942","0.9943999648094177","0.9943999648094177","0.9943999648094177"
"94953","0.9943999648094177","0.9943999648094177","0.9943999648094177"
"94964","0.9943999648094177","0.9943999648094177","0.9943999648094177"
"94975","0.9943999648094177","0.9943999648094177","0.9943999648094177"
"94986","0.9943999648094177","0.9943999648094177","0.9943999648094177"
"94997","0.9943999648094177","0.9943999648094177","0.9943999648094177"
"95008","0.9943999648094177","0.9943999648094177","0.9943999648094177"
"95019","0.9943999648094177","0.9943999648094177","0.9943999648094177"
"95030","0.9943999648094177","0.9943999648094177","0.9943999648094177"
"95041","0.9943999648094177","0.9943999648094177","0.9943999648094177"
"95052","0.9943999648094177","0.9943999648094177","0.9943999648094177"
"95063","0.9943999648094177","0.9943999648094177","0.9943999648094177"
"95074","0.9943999648094177","0.9943999648094177","0.9943999648094177"
"95085","0.9943999648094177","0.9943999648094177","0.9943999648094177"
"95096","0.9943999648094177","0.9943999648094177","0.9943999648094177"
"95107","0.9943999648094177","0.9943999648094177","0.9943999648094177"
"95118","0.9943999648094177","0.9943999648094177","0.9943999648094177"
"95129","0.9943999648094177","0.9943999648094177","0.9943999648094177"
"95140","0.9943999648094177","0.9943999648094177","0.9943999648094177"
"95151","0.9943999648094177","0.9943999648094177","0.9943999648094177"
"95162","0.9943999648094177","0.9943999648094177","0.9943999648094177"
"95173","0.9943999648094177","0.9943999648094177","0.9943999648094177"
"95184","0.9943999648094177","0.9943999648094177","0.9943999648094177"
"95195","0.9943999648094177","0.9943999648094177","0.9943999648094177"
"95206","0.9943999648094177","0.9943999648094177","0.9943999648094177"
"95217","0.9943999648094177","0.9943999648094177","0.9943999648094177"
"95228","0.9943999648094177","0.9943999648094177","0.9943999648094177"
"95239","0.9943999648094177","0.9943999648094177","0.9943999648094177"
"95250","0.9943999648094177","0.9943999648094177","0.9943999648094177"
"95261","0.9943999648094177","0.9943999648094177","0.9943999648094177"
"95272","0.9943999648094177","0.9943999648094177","0.9943999648094177"
"95283","0.9943999648094177","0.9943999648094177","0.9943999648094177"
"95294","0.9943999648094177","0.9943999648094177","0.9943999648094177"
"95305","0.9944999814033508","0.9944999814033508","0.9944999814033508"
"95316","0.9944999814033508","0.9944999814033508","0.9944999814033508"
"95327","0.9944999814033508","0.9944999814033508","0.9944999814033508"
"95338","0.9944999814033508","0.9944999814033508","0.9944999814033508"
"95349","0.9944999814033508","0.9944999814033508","0.9944999814033508"
"95360","0.9944999814033508","0.9944999814033508","0.9944999814033508"
"95371","0.9944999814033508","0.9944999814033508","0.9944999814033508"
"95382","0.9944999814033508","0.9944999814033508","0.9944999814033508"
"95393","0.9944999814033508","0.9944999814033508","0.9944999814033508"
"95404","0.9944999814033508","0.9944999814033508","0.9944999814033508"
"95415","0.9944999814033508","0.9944999814033508","0.9944999814033508"
"95426","0.9944999814033508","0.9944999814033508","0.9944999814033508"
"95437","0.9944999814033508","0.9944999814033508","0.9944999814033508"
"95448","0.9944999814033508","0.9944999814033508","0.9944999814033508"
"95459","0.9944999814033508","0.9944999814033508","0.9944999814033508"
"95470","0.9944999814033508","0.9944999814033508","0.9944999814033508"
"95481","0.9944999814033508","0.9944999814033508","0.9944999814033508"
"95492","0.9944999814033508","0.9944999814033508","0.9944999814033508"
"95503","0.9944999814033508","0.9944999814033508","0.9944999814033508"
"95514","0.9944999814033508","0.9944999814033508","0.9944999814033508"
"95525","0.9944999814033508","0.9944999814033508","0.9944999814033508"
"95536","0.9944999814033508","0.9944999814033508","0.9944999814033508"
"95547","0.9944999814033508","0.9944999814033508","0.9944999814033508"
"95558","0.9944999814033508","0.9944999814033508","0.9944999814033508"
"95569","0.9944999814033508","0.9944999814033508","0.9944999814033508"
"95580","0.9944999814033508","0.9944999814033508","0.9944999814033508"
"95591","0.9944999814033508","0.9944999814033508","0.9944999814033508"
"95602","0.9944999814033508","0.9944999814033508","0.9944999814033508"
"95613","0.9944999814033508","0.9944999814033508","0.9944999814033508"
"95624","0.9944999814033508","0.9944999814033508","0.9944999814033508"
"95635","0.9944999814033508","0.9944999814033508","0.9944999814033508"
"95646","0.9944999814033508","0.9944999814033508","0.9944999814033508"
"95657","0.9944999814033508","0.9944999814033508","0.9944999814033508"
"95668","0.9944999814033508","0.9944999814033508","0.9944999814033508"
"95679","0.9944999814033508","0.9944999814033508","0.9944999814033508"
"95690","0.9944999814033508","0.9944999814033508","0.9944999814033508"
"95701","0.9944999814033508","0.9944999814033508","0.9944999814033508"
"95712","0.9944999814033508","0.9944999814033508","0.9944999814033508"
"95723","0.9944999814033508","0.9944999814033508","0.9944999814033508"
"95734","0.9944999814033508","0.9944999814033508","0.9944999814033508"
"95745","0.9944999814033508","0.9944999814033508","0.9944999814033508"
"95756","0.9944999814033508","0.9944999814033508","0.9944999814033508"
"95767","0.9944999814033508","0.9944999814033508","0.9944999814033508"
"95778","0.9944999814033508","0.9944999814033508","0.9944999814033508"
"95789","0.9944999814033508","0.9944999814033508","0.9944999814033508"
"95800","0.9945999979972839","0.9945999979972839","0.9945999979972839"
"95811","0.9945999979972839","0.9945999979972839","0.9945999979972839"
"95822","0.9945999979972839","0.9945999979972839","0.9945999979972839"
"95833","0.9945999979972839","0.9945999979972839","0.9945999979972839"
"95844","0.9945999979972839","0.9945999979972839","0.9945999979972839"
"95855","0.9945999979972839","0.9945999979972839","0.9945999979972839"
"95866","0.9945999979972839","0.9945999979972839","0.9945999979972839"
"95877","0.9945999979972839","0.9945999979972839","0.9945999979972839"
"95888","0.9945999979972839","0.9945999979972839","0.9945999979972839"
"95899","0.9945999979972839","0.9945999979972839","0.9945999979972839"
"95910","0.9945999979972839","0.9945999979972839","0.9945999979972839"
"95921","0.9945999979972839","0.9945999979972839","0.9945999979972839"
"95932","0.9945999979972839","0.9945999979972839","0.9945999979972839"
"95943","0.9945999979972839","0.9945999979972839","0.9945999979972839"
"95954","0.9945999979972839","0.9945999979972839","0.9945999979972839"
"95965","0.9945999979972839","0.9945999979972839","0.9945999979972839"
"95976","0.9945999979972839","0.9945999979972839","0.9945999979972839"
"95987","0.9945999979972839","0.9945999979972839","0.9945999979972839"
"95998","0.9945999979972839","0.9945999979972839","0.9945999979972839"
"96009","0.9945999979972839","0.9945999979972839","0.9945999979972839"
"96020","0.9945999979972839","0.9945999979972839","0.9945999979972839"
"96031","0.9944999814033508","0.9944999814033508","0.9944999814033508"
"96042","0.9944999814033508","0.9944999814033508","0.9944999814033508"
"96053","0.9944999814033508","0.9944999814033508","0.9944999814033508"
"96064","0.9944999814033508","0.9944999814033508","0.9944999814033508"
"96075","0.9945999979972839","0.9945999979972839","0.9945999979972839"
"96086","0.9945999979972839","0.9945999979972839","0.9945999979972839"
"96097","0.9945999979972839","0.9945999979972839","0.9945999979972839"
"96108","0.9945999979972839","0.9945999979972839","0.9945999979972839"
"96119","0.9946999549865723","0.9946999549865723","0.9946999549865723"
"96130","0.9945999979972839","0.9945999979972839","0.9945999979972839"
"96141","0.9945999979972839","0.9945999979972839","0.9945999979972839"
"96152","0.9944999814033508","0.9944999814033508","0.9944999814033508"
"96163","0.9944999814033508","0.9944999814033508","0.9944999814033508"
"96174","0.9944999814033508","0.9944999814033508","0.9944999814033508"
"96185","0.9944999814033508","0.9944999814033508","0.9944999814033508"
"96196","0.9944999814033508","0.9944999814033508","0.9944999814033508"
"96207","0.9945999979972839","0.9945999979972839","0.9945999979972839"
"96218","0.9945999979972839","0.9945999979972839","0.9945999979972839"
"96229","0.9945999979972839","0.9945999979972839","0.9945999979972839"
"96240","0.9945999979972839","0.9945999979972839","0.9945999979972839"
"96251","0.9945999979972839","0.9945999979972839","0.9945999979972839"
"96262","0.9945999979972839","0.9945999979972839","0.9945999979972839"
"96273","0.9945999979972839","0.9945999979972839","0.9945999979972839"
"96284","0.9945999979972839","0.9945999979972839","0.9945999979972839"
"96295","0.9945999979972839","0.9945999979972839","0.9945999979972839"
"96306","0.9945999979972839","0.9945999979972839","0.9945999979972839"
"96317","0.9945999979972839","0.9945999979972839","0.9945999979972839"
"96328","0.9945999979972839","0.9945999979972839","0.9945999979972839"
"96339","0.9945999979972839","0.9945999979972839","0.9945999979972839"
"96350","0.9946999549865723","0.9946999549865723","0.9946999549865723"
"96361","0.9946999549865723","0.9946999549865723","0.9946999549865723"
"96372","0.9946999549865723","0.9946999549865723","0.9946999549865723"
"96383","0.9946999549865723","0.9946999549865723","0.9946999549865723"
"96394","0.9946999549865723","0.9946999549865723","0.9946999549865723"
"96405","0.9945999979972839","0.9945999979972839","0.9945999979972839"
"96416","0.9945999979972839","0.9945999979972839","0.9945999979972839"
"96427","0.9945999979972839","0.9945999979972839","0.9945999979972839"
"96438","0.9945999979972839","0.9945999979972839","0.9945999979972839"
"96449","0.9945999979972839","0.9945999979972839","0.9945999979972839"
"96460","0.9945999979972839","0.9945999979972839","0.9945999979972839"
"96471","0.9945999979972839","0.9945999979972839","0.9945999979972839"
"96482","0.9945999979972839","0.9945999979972839","0.9945999979972839"
"96493","0.9945999979972839","0.9945999979972839","0.9945999979972839"
"96504","0.9945999979972839","0.9945999979972839","0.9945999979972839"
"96515","0.9945999979972839","0.9945999979972839","0.9945999979972839"
"96526","0.9945999979972839","0.9945999979972839","0.9945999979972839"
"96537","0.9945999979972839","0.9945999979972839","0.9945999979972839"
"96548","0.9945999979972839","0.9945999979972839","0.9945999979972839"
"96559","0.9945999979972839","0.9945999979972839","0.9945999979972839"
"96570","0.9945999979972839","0.9945999979972839","0.9945999979972839"
"96581","0.9945999979972839","0.9945999979972839","0.9945999979972839"
"96592","0.9945999979972839","0.9945999979972839","0.9945999979972839"
"96603","0.9945999979972839","0.9945999979972839","0.9945999979972839"
"96614","0.9945999979972839","0.9945999979972839","0.9945999979972839"
"96625","0.9945999979972839","0.9945999979972839","0.9945999979972839"
"96636","0.9945999979972839","0.9945999979972839","0.9945999979972839"
"96647","0.9945999979972839","0.9945999979972839","0.9945999979972839"
"96658","0.9945999979972839","0.9945999979972839","0.9945999979972839"
"96669","0.9945999979972839","0.9945999979972839","0.9945999979972839"
"96680","0.9945999979972839","0.9945999979972839","0.9945999979972839"
"96691","0.9945999979972839","0.9945999979972839","0.9945999979972839"
"96702","0.9945999979972839","0.9945999979972839","0.9945999979972839"
"96713","0.9945999979972839","0.9945999979972839","0.9945999979972839"
"96724","0.9945999979972839","0.9945999979972839","0.9945999979972839"
"96735","0.9945999979972839","0.9945999979972839","0.9945999979972839"
"96746","0.9945999979972839","0.9945999979972839","0.9945999979972839"
"96757","0.9945999979972839","0.9945999979972839","0.9945999979972839"
"96768","0.9945999979972839","0.9945999979972839","0.9945999979972839"
"96779","0.9945999979972839","0.9945999979972839","0.9945999979972839"
"96790","0.9945999979972839","0.9945999979972839","0.9945999979972839"
"96801","0.9945999979972839","0.9945999979972839","0.9945999979972839"
"96812","0.9945999979972839","0.9945999979972839","0.9945999979972839"
"96823","0.9945999979972839","0.9945999979972839","0.9945999979972839"
"96834","0.9945999979972839","0.9945999979972839","0.9945999979972839"
"96845","0.9945999979972839","0.9945999979972839","0.9945999979972839"
"96856","0.9945999979972839","0.9945999979972839","0.9945999979972839"
"96867","0.9945999979972839","0.9945999979972839","0.9945999979972839"
"96878","0.9945999979972839","0.9945999979972839","0.9945999979972839"
"96889","0.9945999979972839","0.9945999979972839","0.9945999979972839"
"96900","0.9945999979972839","0.9945999979972839","0.9945999979972839"
"96911","0.9945999979972839","0.9945999979972839","0.9945999979972839"
"96922","0.9945999979972839","0.9945999979972839","0.9945999979972839"
"96933","0.9945999979972839","0.9945999979972839","0.9945999979972839"
"96944","0.9945999979972839","0.9945999979972839","0.9945999979972839"
"96955","0.9945999979972839","0.9945999979972839","0.9945999979972839"
"96966","0.9945999979972839","0.9945999979972839","0.9945999979972839"
"96977","0.9945999979972839","0.9945999979972839","0.9945999979972839"
"96988","0.9945999979972839","0.9945999979972839","0.9945999979972839"
"96999","0.9945999979972839","0.9945999979972839","0.9945999979972839"
"97010","0.9945999979972839","0.9945999979972839","0.9945999979972839"
"97021","0.9945999979972839","0.9945999979972839","0.9945999979972839"
"97032","0.9945999979972839","0.9945999979972839","0.9945999979972839"
"97043","0.9945999979972839","0.9945999979972839","0.9945999979972839"
"97054","0.9945999979972839","0.9945999979972839","0.9945999979972839"
"97065","0.9945999979972839","0.9945999979972839","0.9945999979972839"
"97076","0.9945999979972839","0.9945999979972839","0.9945999979972839"
"97087","0.9945999979972839","0.9945999979972839","0.9945999979972839"
"97098","0.9945999979972839","0.9945999979972839","0.9945999979972839"
"97109","0.9945999979972839","0.9945999979972839","0.9945999979972839"
"97120","0.9945999979972839","0.9945999979972839","0.9945999979972839"
"97131","0.9945999979972839","0.9945999979972839","0.9945999979972839"
"97142","0.9946999549865723","0.9946999549865723","0.9946999549865723"
"97153","0.9946999549865723","0.9946999549865723","0.9946999549865723"
"97164","0.9945999979972839","0.9945999979972839","0.9945999979972839"
"97175","0.9945999979972839","0.9945999979972839","0.9945999979972839"
"97186","0.9945999979972839","0.9945999979972839","0.9945999979972839"
"97197","0.9946999549865723","0.9946999549865723","0.9946999549865723"
"97208","0.9946999549865723","0.9946999549865723","0.9946999549865723"
"97219","0.9946999549865723","0.9946999549865723","0.9946999549865723"
"97230","0.9946999549865723","0.9946999549865723","0.9946999549865723"
"97241","0.9946999549865723","0.9946999549865723","0.9946999549865723"
"97252","0.9946999549865723","0.9946999549865723","0.9946999549865723"
"97263","0.9947999715805054","0.9947999715805054","0.9947999715805054"
"97274","0.9947999715805054","0.9947999715805054","0.9947999715805054"
"97285","0.9946999549865723","0.9946999549865723","0.9946999549865723"
"97296","0.9946999549865723","0.9946999549865723","0.9946999549865723"
"97307","0.9946999549865723","0.9946999549865723","0.9946999549865723"
"97318","0.9946999549865723","0.9946999549865723","0.9946999549865723"
"97329","0.9946999549865723","0.9946999549865723","0.9946999549865723"
"97340","0.9947999715805054","0.9947999715805054","0.9947999715805054"
"97351","0.9946999549865723","0.9946999549865723","0.9946999549865723"
"97362","0.9945999979972839","0.9945999979972839","0.9945999979972839"
"97373","0.9946999549865723","0.9946999549865723","0.9946999549865723"
"97384","0.9946999549865723","0.9946999549865723","0.9946999549865723"
"97395","0.9946999549865723","0.9946999549865723","0.9946999549865723"
"97406","0.9946999549865723","0.9946999549865723","0.9946999549865723"
"97417","0.9946999549865723","0.9946999549865723","0.9946999549865723"
"97428","0.9946999549865723","0.9946999549865723","0.9946999549865723"
"97439","0.9946999549865723","0.9946999549865723","0.9946999549865723"
"97450","0.9946999549865723","0.9946999549865723","0.9946999549865723"
"97461","0.9946999549865723","0.9946999549865723","0.9946999549865723"
"97472","0.9946999549865723","0.9946999549865723","0.9946999549865723"
"97483","0.9946999549865723","0.9946999549865723","0.9946999549865723"
"97494","0.9946999549865723","0.9946999549865723","0.9946999549865723"
"97505","0.9946999549865723","0.9946999549865723","0.9946999549865723"
"97516","0.9946999549865723","0.9946999549865723","0.9946999549865723"
"97527","0.9946999549865723","0.9946999549865723","0.9946999549865723"
"97538","0.9946999549865723","0.9946999549865723","0.9946999549865723"
"97549","0.9946999549865723","0.9946999549865723","0.9946999549865723"
"97560","0.9946999549865723","0.9946999549865723","0.9946999549865723"
"97571","0.9947999715805054","0.9947999715805054","0.9947999715805054"
"97582","0.9947999715805054","0.9947999715805054","0.9947999715805054"
"97593","0.9947999715805054","0.9947999715805054","0.9947999715805054"
"97604","0.9947999715805054","0.9947999715805054","0.9947999715805054"
"97615","0.9947999715805054","0.9947999715805054","0.9947999715805054"
"97626","0.9947999715805054","0.9947999715805054","0.9947999715805054"
"97637","0.9947999715805054","0.9947999715805054","0.9947999715805054"
"97648","0.9947999715805054","0.9947999715805054","0.9947999715805054"
"97659","0.9947999715805054","0.9947999715805054","0.9947999715805054"
"97670","0.9947999715805054","0.9947999715805054","0.9947999715805054"
"97681","0.9947999715805054","0.9947999715805054","0.9947999715805054"
"97692","0.9947999715805054","0.9947999715805054","0.9947999715805054"
"97703","0.9947999715805054","0.9947999715805054","0.9947999715805054"
"97714","0.9947999715805054","0.9947999715805054","0.9947999715805054"
"97725","0.9947999715805054","0.9947999715805054","0.9947999715805054"
"97736","0.9947999715805054","0.9947999715805054","0.9947999715805054"
"97747","0.9947999715805054","0.9947999715805054","0.9947999715805054"
"97758","0.9947999715805054","0.9947999715805054","0.9947999715805054"
"97769","0.9947999715805054","0.9947999715805054","0.9947999715805054"
"97780","0.9947999715805054","0.9947999715805054","0.9947999715805054"
"97791","0.9947999715805054","0.9947999715805054","0.9947999715805054"
"97802","0.9947999715805054","0.9947999715805054","0.9947999715805054"
"97813","0.9947999715805054","0.9947999715805054","0.9947999715805054"
"97824","0.9947999715805054","0.9947999715805054","0.9947999715805054"
"97835","0.9947999715805054","0.9947999715805054","0.9947999715805054"
"97846","0.9948999881744385","0.9948999881744385","0.9948999881744385"
"97857","0.9948999881744385","0.9948999881744385","0.9948999881744385"
"97868","0.9947999715805054","0.9947999715805054","0.9947999715805054"
"97879","0.9947999715805054","0.9947999715805054","0.9947999715805054"
"97890","0.9948999881744385","0.9948999881744385","0.9948999881744385"
"97901","0.9948999881744385","0.9948999881744385","0.9948999881744385"
"97912","0.9947999715805054","0.9947999715805054","0.9947999715805054"
"97923","0.9947999715805054","0.9947999715805054","0.9947999715805054"
"97934","0.9947999715805054","0.9947999715805054","0.9947999715805054"
"97945","0.9948999881744385","0.9948999881744385","0.9948999881744385"
"97956","0.9948999881744385","0.9948999881744385","0.9948999881744385"
"97967","0.9948999881744385","0.9948999881744385","0.9948999881744385"
"97978","0.9948999881744385","0.9948999881744385","0.9948999881744385"
"97989","0.9948999881744385","0.9948999881744385","0.9948999881744385"
"98000","0.9947999715805054","0.9947999715805054","0.9947999715805054"
"98011","0.9947999715805054","0.9947999715805054","0.9947999715805054"
"98022","0.9947999715805054","0.9947999715805054","0.9947999715805054"
"98033","0.9947999715805054","0.9947999715805054","0.9947999715805054"
"98044","0.9947999715805054","0.9947999715805054","0.9947999715805054"
"98055","0.9948999881744385","0.9948999881744385","0.9948999881744385"
"98066","0.9948999881744385","0.9948999881744385","0.9948999881744385"
"98077","0.9948999881744385","0.9948999881744385","0.9948999881744385"
"98088","0.9948999881744385","0.9948999881744385","0.9948999881744385"
"98099","0.9948999881744385","0.9948999881744385","0.9948999881744385"
"98110","0.9948999881744385","0.9948999881744385","0.9948999881744385"
"98121","0.9948999881744385","0.9948999881744385","0.9948999881744385"
"98132","0.9947999715805054","0.9947999715805054","0.9947999715805054"
"98143","0.9947999715805054","0.9947999715805054","0.9947999715805054"
"98154","0.9947999715805054","0.9947999715805054","0.9947999715805054"
"98165","0.9947999715805054","0.9947999715805054","0.9947999715805054"
"98176","0.9947999715805054","0.9947999715805054","0.9947999715805054"
"98187","0.9947999715805054","0.9947999715805054","0.9947999715805054"
"98198","0.9947999715805054","0.9947999715805054","0.9947999715805054"
"98209","0.9947999715805054","0.9947999715805054","0.9947999715805054"
"98220","0.9948999881744385","0.9948999881744385","0.9948999881744385"
"98231","0.9948999881744385","0.9948999881744385","0.9948999881744385"
"98242","0.9948999881744385","0.9948999881744385","0.9948999881744385"
"98253","0.9948999881744385","0.9948999881744385","0.9948999881744385"
"98264","0.9947999715805054","0.9947999715805054","0.9947999715805054"
"98275","0.9947999715805054","0.9947999715805054","0.9947999715805054"
"98286","0.9947999715805054","0.9947999715805054","0.9947999715805054"
"98297","0.9947999715805054","0.9947999715805054","0.9947999715805054"
"98308","0.9948999881744385","0.9948999881744385","0.9948999881744385"
"98319","0.9948999881744385","0.9948999881744385","0.9948999881744385"
"98330","0.9948999881744385","0.9948999881744385","0.9948999881744385"
"98341","0.9948999881744385","0.9948999881744385","0.9948999881744385"
"98352","0.9948999881744385","0.9948999881744385","0.9948999881744385"
"98363","0.9948999881744385","0.9948999881744385","0.9948999881744385"
"98374","0.9947999715805054","0.9947999715805054","0.9947999715805054"
"98385","0.9947999715805054","0.9947999715805054","0.9947999715805054"
"98396","0.9947999715805054","0.9947999715805054","0.9947999715805054"
"98407","0.9947999715805054","0.9947999715805054","0.9947999715805054"
"98418","0.9947999715805054","0.9947999715805054","0.9947999715805054"
"98429","0.9947999715805054","0.9947999715805054","0.9947999715805054"
"98440","0.9947999715805054","0.9947999715805054","0.9947999715805054"
"98451","0.9948999881744385","0.9948999881744385","0.9948999881744385"
"98462","0.9947999715805054","0.9947999715805054","0.9947999715805054"
"98473","0.9947999715805054","0.9947999715805054","0.9947999715805054"
"98484","0.9947999715805054","0.9947999715805054","0.9947999715805054"
"98495","0.9947999715805054","0.9947999715805054","0.9947999715805054"
"98506","0.9947999715805054","0.9947999715805054","0.9947999715805054"
"98517","0.9947999715805054","0.9947999715805054","0.9947999715805054"
"98528","0.9947999715805054","0.9947999715805054","0.9947999715805054"
"98539","0.9947999715805054","0.9947999715805054","0.9947999715805054"
"98550","0.9947999715805054","0.9947999715805054","0.9947999715805054"
"98561","0.9947999715805054","0.9947999715805054","0.9947999715805054"
"98572","0.9947999715805054","0.9947999715805054","0.9947999715805054"
"98583","0.9947999715805054","0.9947999715805054","0.9947999715805054"
"98594","0.9947999715805054","0.9947999715805054","0.9947999715805054"
"98605","0.9947999715805054","0.9947999715805054","0.9947999715805054"
"98616","0.9947999715805054","0.9947999715805054","0.9947999715805054"
"98627","0.9947999715805054","0.9947999715805054","0.9947999715805054"
"98638","0.9947999715805054","0.9947999715805054","0.9947999715805054"
"98649","0.9947999715805054","0.9947999715805054","0.9947999715805054"
"98660","0.9947999715805054","0.9947999715805054","0.9947999715805054"
"98671","0.9947999715805054","0.9947999715805054","0.9947999715805054"
"98682","0.9947999715805054","0.9947999715805054","0.9947999715805054"
"98693","0.9947999715805054","0.9947999715805054","0.9947999715805054"
"98704","0.9947999715805054","0.9947999715805054","0.9947999715805054"
"98715","0.9947999715805054","0.9947999715805054","0.9947999715805054"
"98726","0.9947999715805054","0.9947999715805054","0.9947999715805054"
"98737","0.9947999715805054","0.9947999715805054","0.9947999715805054"
"98748","0.9947999715805054","0.9947999715805054","0.9947999715805054"
"98759","0.9947999715805054","0.9947999715805054","0.9947999715805054"
"98770","0.9947999715805054","0.9947999715805054","0.9947999715805054"
"98781","0.9947999715805054","0.9947999715805054","0.9947999715805054"
"98792","0.9947999715805054","0.9947999715805054","0.9947999715805054"
"98803","0.9947999715805054","0.9947999715805054","0.9947999715805054"
"98814","0.9947999715805054","0.9947999715805054","0.9947999715805054"
"98825","0.9947999715805054","0.9947999715805054","0.9947999715805054"
"98836","0.9947999715805054","0.9947999715805054","0.9947999715805054"
"98847","0.9948999881744385","0.9948999881744385","0.9948999881744385"
"98858","0.9948999881744385","0.9948999881744385","0.9948999881744385"
"98869","0.9948999881744385","0.9948999881744385","0.9948999881744385"
"98880","0.9948999881744385","0.9948999881744385","0.9948999881744385"
"98891","0.9948999881744385","0.9948999881744385","0.9948999881744385"
"98902","0.9948999881744385","0.9948999881744385","0.9948999881744385"
"98913","0.9948999881744385","0.9948999881744385","0.9948999881744385"
"98924","0.9949999451637268","0.9949999451637268","0.9949999451637268"
"98935","0.9949999451637268","0.9949999451637268","0.9949999451637268"
"98946","0.9950999617576599","0.9950999617576599","0.9950999617576599"
"98957","0.9950999617576599","0.9950999617576599","0.9950999617576599"
"98968","0.9950999617576599","0.9950999617576599","0.9950999617576599"
"98979","0.9950999617576599","0.9950999617576599","0.9950999617576599"
"98990","0.9950999617576599","0.9950999617576599","0.9950999617576599"
"99001","0.9950999617576599","0.9950999617576599","0.9950999617576599"
"99012","0.9950999617576599","0.9950999617576599","0.9950999617576599"
"99023","0.9950999617576599","0.9950999617576599","0.9950999617576599"
"99034","0.9950999617576599","0.9950999617576599","0.9950999617576599"
"99045","0.9950999617576599","0.9950999617576599","0.9950999617576599"
"99056","0.9950999617576599","0.9950999617576599","0.9950999617576599"
"99067","0.9949999451637268","0.9949999451637268","0.9949999451637268"
"99078","0.9950999617576599","0.9950999617576599","0.9950999617576599"
"99089","0.9950999617576599","0.9950999617576599","0.9950999617576599"
"99100","0.9950999617576599","0.9950999617576599","0.9950999617576599"
"99111","0.9950999617576599","0.9950999617576599","0.9950999617576599"
"99122","0.9950999617576599","0.9950999617576599","0.9950999617576599"
"99133","0.9950999617576599","0.9950999617576599","0.9950999617576599"
"99144","0.9950999617576599","0.9950999617576599","0.9950999617576599"
"99155","0.9950999617576599","0.9950999617576599","0.9950999617576599"
"99166","0.9950999617576599","0.9950999617576599","0.9950999617576599"
"99177","0.9950999617576599","0.9950999617576599","0.9950999617576599"
"99188","0.9950999617576599","0.9950999617576599","0.9950999617576599"
"99199","0.9950999617576599","0.9950999617576599","0.9950999617576599"
"99210","0.9950999617576599","0.9950999617576599","0.9950999617576599"
"99221","0.9950999617576599","0.9950999617576599","0.9950999617576599"
"99232","0.9950999617576599","0.9950999617576599","0.9950999617576599"
"99243","0.9950999617576599","0.9950999617576599","0.9950999617576599"
"99254","0.9950999617576599","0.9950999617576599","0.9950999617576599"
"99265","0.9950999617576599","0.9950999617576599","0.9950999617576599"
"99276","0.9950999617576599","0.9950999617576599","0.9950999617576599"
"99287","0.9950999617576599","0.9950999617576599","0.9950999617576599"
"99298","0.9950999617576599","0.9950999617576599","0.9950999617576599"
"99309","0.9950999617576599","0.9950999617576599","0.9950999617576599"
"99320","0.9950999617576599","0.9950999617576599","0.9950999617576599"
"99331","0.9950999617576599","0.9950999617576599","0.9950999617576599"
"99342","0.9950999617576599","0.9950999617576599","0.9950999617576599"
"99353","0.9950999617576599","0.9950999617576599","0.9950999617576599"
"99364","0.9950999617576599","0.9950999617576599","0.9950999617576599"
"99375","0.9950999617576599","0.9950999617576599","0.9950999617576599"
"99386","0.9950999617576599","0.9950999617576599","0.9950999617576599"
"99397","0.9950999617576599","0.9950999617576599","0.9950999617576599"
"99408","0.9950999617576599","0.9950999617576599","0.9950999617576599"
"99419","0.9950999617576599","0.9950999617576599","0.9950999617576599"
"99430","0.9950999617576599","0.9950999617576599","0.9950999617576599"
"99441","0.9950999617576599","0.9950999617576599","0.9950999617576599"
"99452","0.9950999617576599","0.9950999617576599","0.9950999617576599"
"99463","0.9950999617576599","0.9950999617576599","0.9950999617576599"
"99474","0.9950999617576599","0.9950999617576599","0.9950999617576599"
"99485","0.9950999617576599","0.9950999617576599","0.9950999617576599"
"99496","0.9950999617576599","0.9950999617576599","0.9950999617576599"
"99507","0.9950999617576599","0.9950999617576599","0.9950999617576599"
"99518","0.9950999617576599","0.9950999617576599","0.9950999617576599"
"99529","0.9950999617576599","0.9950999617576599","0.9950999617576599"
"99540","0.9950999617576599","0.9950999617576599","0.9950999617576599"
"99551","0.9950999617576599","0.9950999617576599","0.9950999617576599"
"99562","0.9950999617576599","0.9950999617576599","0.9950999617576599"
"99573","0.9950999617576599","0.9950999617576599","0.9950999617576599"
"99584","0.9950999617576599","0.9950999617576599","0.9950999617576599"
"99595","0.9950999617576599","0.9950999617576599","0.9950999617576599"
"99606","0.9950999617576599","0.9950999617576599","0.9950999617576599"
"99617","0.9950999617576599","0.9950999617576599","0.9950999617576599"
"99628","0.9950999617576599","0.9950999617576599","0.9950999617576599"
"99639","0.9950999617576599","0.9950999617576599","0.9950999617576599"
"99650","0.9950999617576599","0.9950999617576599","0.9950999617576599"
"99661","0.9950999617576599","0.9950999617576599","0.9950999617576599"
"99672","0.9950999617576599","0.9950999617576599","0.9950999617576599"
"99683","0.9950999617576599","0.9950999617576599","0.9950999617576599"
"99694","0.9950999617576599","0.9950999617576599","0.9950999617576599"
"99705","0.9950999617576599","0.9950999617576599","0.9950999617576599"
"99716","0.9950999617576599","0.9950999617576599","0.9950999617576599"
"99727","0.9950999617576599","0.9950999617576599","0.9950999617576599"
"99738","0.9950999617576599","0.9950999617576599","0.9950999617576599"
"99749","0.9950999617576599","0.9950999617576599","0.9950999617576599"
"99760","0.9950999617576599","0.9950999617576599","0.9950999617576599"
"99771","0.9950999617576599","0.9950999617576599","0.9950999617576599"
"99782","0.9950999617576599","0.9950999617576599","0.9950999617576599"
"99793","0.9950999617576599","0.9950999617576599","0.9950999617576599"
"99804","0.9950999617576599","0.9950999617576599","0.9950999617576599"
"99815","0.9950999617576599","0.9950999617576599","0.9950999617576599"
"99826","0.9950999617576599","0.9950999617576599","0.9950999617576599"
"99837","0.9950999617576599","0.9950999617576599","0.9950999617576599"
"99848","0.9950999617576599","0.9950999617576599","0.9950999617576599"
"99859","0.9950999617576599","0.9950999617576599","0.9950999617576599"
"99870","0.9950999617576599","0.9950999617576599","0.9950999617576599"
"99881","0.9950999617576599","0.9950999617576599","0.9950999617576599"
"99892","0.9950999617576599","0.9950999617576599","0.9950999617576599"
"99903","0.9950999617576599","0.9950999617576599","0.9950999617576599"
"99914","0.9950999617576599","0.9950999617576599","0.9950999617576599"
"99925","0.9950999617576599","0.9950999617576599","0.9950999617576599"
"99936","0.9950999617576599","0.9950999617576599","0.9950999617576599"
"99947","0.9950999617576599","0.9950999617576599","0.9950999617576599"
"99958","0.9950999617576599","0.9950999617576599","0.9950999617576599"
"99969","0.9950999617576599","0.9950999617576599","0.9950999617576599"
"99980","0.9950999617576599","0.9950999617576599","0.9950999617576599"
"99991","0.9950999617576599","0.9950999617576599","0.9950999617576599"
"100002","0.9950999617576599","0.9950999617576599","0.9950999617576599"
"100013","0.9950999617576599","0.9950999617576599","0.9950999617576599"
"100024","0.9950999617576599","0.9950999617576599","0.9950999617576599"
"100035","0.9950999617576599","0.9950999617576599","0.9950999617576599"
"100046","0.9950999617576599","0.9950999617576599","0.9950999617576599"
"100057","0.9950999617576599","0.9950999617576599","0.9950999617576599"
"100068","0.9950999617576599","0.9950999617576599","0.9950999617576599"
"100079","0.9950999617576599","0.9950999617576599","0.9950999617576599"
"100090","0.9950999617576599","0.9950999617576599","0.9950999617576599"
"100101","0.9950999617576599","0.9950999617576599","0.9950999617576599"
"100112","0.9950999617576599","0.9950999617576599","0.9950999617576599"
"100123","0.9950999617576599","0.9950999617576599","0.9950999617576599"
"100134","0.9950999617576599","0.9950999617576599","0.9950999617576599"
"100145","0.9950999617576599","0.9950999617576599","0.9950999617576599"
"100156","0.9950999617576599","0.9950999617576599","0.9950999617576599"
"100167","0.9950999617576599","0.9950999617576599","0.9950999617576599"
"100178","0.9950999617576599","0.9950999617576599","0.9950999617576599"
"100189","0.9950999617576599","0.9950999617576599","0.9950999617576599"
"100200","0.9950999617576599","0.9950999617576599","0.9950999617576599"
"100211","0.9950999617576599","0.9950999617576599","0.9950999617576599"
"100222","0.9950999617576599","0.9950999617576599","0.9950999617576599"
"100233","0.9950999617576599","0.9950999617576599","0.9950999617576599"
"100244","0.9950999617576599","0.9950999617576599","0.9950999617576599"
"100255","0.9950999617576599","0.9950999617576599","0.9950999617576599"
"100266","0.9950999617576599","0.9950999617576599","0.9950999617576599"
"100277","0.9950999617576599","0.9950999617576599","0.9950999617576599"
"100288","0.9950999617576599","0.9950999617576599","0.9950999617576599"
"100299","0.9950999617576599","0.9950999617576599","0.9950999617576599"
"100310","0.9950999617576599","0.9950999617576599","0.9950999617576599"
"100321","0.9950999617576599","0.9950999617576599","0.9950999617576599"
"100332","0.9950999617576599","0.9950999617576599","0.9950999617576599"
"100343","0.9950999617576599","0.9950999617576599","0.9950999617576599"
"100354","0.9950999617576599","0.9950999617576599","0.9950999617576599"
"100365","0.9950999617576599","0.9950999617576599","0.9950999617576599"
"100376","0.9950999617576599","0.9950999617576599","0.9950999617576599"
"100387","0.9950999617576599","0.9950999617576599","0.9950999617576599"
"100398","0.9950999617576599","0.9950999617576599","0.9950999617576599"
"100409","0.9950999617576599","0.9950999617576599","0.9950999617576599"
"100420","0.9950999617576599","0.9950999617576599","0.9950999617576599"
"100431","0.9950999617576599","0.9950999617576599","0.9950999617576599"
"100442","0.9950999617576599","0.9950999617576599","0.9950999617576599"
"100453","0.9950999617576599","0.9950999617576599","0.9950999617576599"
"100464","0.9950999617576599","0.9950999617576599","0.9950999617576599"
"100475","0.9950999617576599","0.9950999617576599","0.9950999617576599"
"100486","0.9950999617576599","0.9950999617576599","0.9950999617576599"
"100497","0.9950999617576599","0.9950999617576599","0.9950999617576599"
"100508","0.9950999617576599","0.9950999617576599","0.9950999617576599"
"100519","0.9950999617576599","0.9950999617576599","0.9950999617576599"
"100530","0.9950999617576599","0.9950999617576599","0.9950999617576599"
"100541","0.9950999617576599","0.9950999617576599","0.9950999617576599"
"100552","0.9950999617576599","0.9950999617576599","0.9950999617576599"
"100563","0.9950999617576599","0.9950999617576599","0.9950999617576599"
"100574","0.9950999617576599","0.9950999617576599","0.9950999617576599"
"100585","0.9950999617576599","0.9950999617576599","0.9950999617576599"
"100596","0.9950999617576599","0.9950999617576599","0.9950999617576599"
"100607","0.9950999617576599","0.9950999617576599","0.9950999617576599"
"100618","0.9950999617576599","0.9950999617576599","0.9950999617576599"
"100629","0.9950999617576599","0.9950999617576599","0.9950999617576599"
"100640","0.9950999617576599","0.9950999617576599","0.9950999617576599"
"100651","0.9950999617576599","0.9950999617576599","0.9950999617576599"
"100662","0.9950999617576599","0.9950999617576599","0.9950999617576599"
"100673","0.9950999617576599","0.9950999617576599","0.9950999617576599"
"100684","0.9950999617576599","0.9950999617576599","0.9950999617576599"
"100695","0.9950999617576599","0.9950999617576599","0.9950999617576599"
"100706","0.9950999617576599","0.9950999617576599","0.9950999617576599"
"100717","0.9950999617576599","0.9950999617576599","0.9950999617576599"
"100728","0.9950999617576599","0.9950999617576599","0.9950999617576599"
"100739","0.9950999617576599","0.9950999617576599","0.9950999617576599"
"100750","0.9950999617576599","0.9950999617576599","0.9950999617576599"
"100761","0.9950999617576599","0.9950999617576599","0.9950999617576599"
"100772","0.9950999617576599","0.9950999617576599","0.9950999617576599"
"100783","0.9950999617576599","0.9950999617576599","0.9950999617576599"
"100794","0.9950999617576599","0.9950999617576599","0.9950999617576599"
"100805","0.9950999617576599","0.9950999617576599","0.9950999617576599"
"100816","0.9950999617576599","0.9950999617576599","0.9950999617576599"
"100827","0.9950999617576599","0.9950999617576599","0.9950999617576599"
"100838","0.9950999617576599","0.9950999617576599","0.9950999617576599"
"100849","0.9950999617576599","0.9950999617576599","0.9950999617576599"
"100860","0.9950999617576599","0.9950999617576599","0.9950999617576599"
"100871","0.9950999617576599","0.9950999617576599","0.9950999617576599"
"100882","0.9950999617576599","0.9950999617576599","0.9950999617576599"
"100893","0.9950999617576599","0.9950999617576599","0.9950999617576599"
"100904","0.9950999617576599","0.9950999617576599","0.9950999617576599"
"100915","0.9950999617576599","0.9950999617576599","0.9950999617576599"
"100926","0.9950999617576599","0.9950999617576599","0.9950999617576599"
"100937","0.9950999617576599","0.9950999617576599","0.9950999617576599"
"100948","0.9950999617576599","0.9950999617576599","0.9950999617576599"
"100959","0.9950999617576599","0.9950999617576599","0.9950999617576599"
"100970","0.9950999617576599","0.9950999617576599","0.9950999617576599"
"100981","0.9950999617576599","0.9950999617576599","0.9950999617576599"
"100992","0.9950999617576599","0.9950999617576599","0.9950999617576599"
"101003","0.9950999617576599","0.9950999617576599","0.9950999617576599"
"101014","0.9950999617576599","0.9950999617576599","0.9950999617576599"
"101025","0.9950999617576599","0.9950999617576599","0.9950999617576599"
"101036","0.9950999617576599","0.9950999617576599","0.9950999617576599"
"101047","0.9950999617576599","0.9950999617576599","0.9950999617576599"
"101058","0.9950999617576599","0.9950999617576599","0.9950999617576599"
"101069","0.9950999617576599","0.9950999617576599","0.9950999617576599"
"101080","0.9950999617576599","0.9950999617576599","0.9950999617576599"
"101091","0.9950999617576599","0.9950999617576599","0.9950999617576599"
"101102","0.9950999617576599","0.9950999617576599","0.9950999617576599"
"101113","0.9950999617576599","0.9950999617576599","0.9950999617576599"
"101124","0.9950999617576599","0.9950999617576599","0.9950999617576599"
"101135","0.9950999617576599","0.9950999617576599","0.9950999617576599"
"101146","0.9950999617576599","0.9950999617576599","0.9950999617576599"
"101157","0.9950999617576599","0.9950999617576599","0.9950999617576599"
"101168","0.9950999617576599","0.9950999617576599","0.9950999617576599"
"101179","0.9950999617576599","0.9950999617576599","0.9950999617576599"
"101190","0.9950999617576599","0.9950999617576599","0.9950999617576599"
"101201","0.9950999617576599","0.9950999617576599","0.9950999617576599"
"101212","0.9950999617576599","0.9950999617576599","0.9950999617576599"
"101223","0.9950999617576599","0.9950999617576599","0.9950999617576599"
"101234","0.9950999617576599","0.9950999617576599","0.9950999617576599"
"101245","0.9950999617576599","0.9950999617576599","0.9950999617576599"
"101256","0.9950999617576599","0.9950999617576599","0.9950999617576599"
"101267","0.9950999617576599","0.9950999617576599","0.9950999617576599"
"101278","0.9950999617576599","0.9950999617576599","0.9950999617576599"
"101289","0.9950999617576599","0.9950999617576599","0.9950999617576599"
"101300","0.9950999617576599","0.9950999617576599","0.9950999617576599"
"101311","0.9950999617576599","0.9950999617576599","0.9950999617576599"
"101322","0.9950999617576599","0.9950999617576599","0.9950999617576599"
"101333","0.9950999617576599","0.9950999617576599","0.9950999617576599"
"101344","0.9950999617576599","0.9950999617576599","0.9950999617576599"
"101355","0.9950999617576599","0.9950999617576599","0.9950999617576599"
"101366","0.9950999617576599","0.9950999617576599","0.9950999617576599"
"101377","0.9950999617576599","0.9950999617576599","0.9950999617576599"
"101388","0.9950999617576599","0.9950999617576599","0.9950999617576599"
"101399","0.9950999617576599","0.9950999617576599","0.9950999617576599"
"101410","0.9950999617576599","0.9950999617576599","0.9950999617576599"
"101421","0.9950999617576599","0.9950999617576599","0.9950999617576599"
"101432","0.9950999617576599","0.9950999617576599","0.9950999617576599"
"101443","0.9950999617576599","0.9950999617576599","0.9950999617576599"
"101454","0.9950999617576599","0.9950999617576599","0.9950999617576599"
"101465","0.9950999617576599","0.9950999617576599","0.9950999617576599"
"101476","0.9950999617576599","0.9950999617576599","0.9950999617576599"
"101487","0.9950999617576599","0.9950999617576599","0.9950999617576599"
"101498","0.9950999617576599","0.9950999617576599","0.9950999617576599"
"101509","0.9950999617576599","0.9950999617576599","0.9950999617576599"
"101520","0.9950999617576599","0.9950999617576599","0.9950999617576599"
"101531","0.9950999617576599","0.9950999617576599","0.9950999617576599"
"101542","0.9950999617576599","0.9950999617576599","0.9950999617576599"
"101553","0.9950999617576599","0.9950999617576599","0.9950999617576599"
"101564","0.9950999617576599","0.9950999617576599","0.9950999617576599"
"101575","0.9950999617576599","0.9950999617576599","0.9950999617576599"
"101586","0.9950999617576599","0.9950999617576599","0.9950999617576599"
"101597","0.9950999617576599","0.9950999617576599","0.9950999617576599"
"101608","0.9950999617576599","0.9950999617576599","0.9950999617576599"
"101619","0.9950999617576599","0.9950999617576599","0.9950999617576599"
"101630","0.9950999617576599","0.9950999617576599","0.9950999617576599"
"101641","0.9950999617576599","0.9950999617576599","0.9950999617576599"
"101652","0.9950999617576599","0.9950999617576599","0.9950999617576599"
"101663","0.9950999617576599","0.9950999617576599","0.9950999617576599"
"101674","0.9950999617576599","0.9950999617576599","0.9950999617576599"
"101685","0.9950999617576599","0.9950999617576599","0.9950999617576599"
"101696","0.9950999617576599","0.9950999617576599","0.9950999617576599"
"101707","0.9950999617576599","0.9950999617576599","0.9950999617576599"
"101718","0.9950999617576599","0.9950999617576599","0.9950999617576599"
"101729","0.9950999617576599","0.9950999617576599","0.9950999617576599"
"101740","0.9950999617576599","0.9950999617576599","0.9950999617576599"
"101751","0.9950999617576599","0.9950999617576599","0.9950999617576599"
"101762","0.995199978351593","0.995199978351593","0.995199978351593"
"101773","0.995199978351593","0.995199978351593","0.995199978351593"
"101784","0.995199978351593","0.995199978351593","0.995199978351593"
"101795","0.995199978351593","0.995199978351593","0.995199978351593"
"101806","0.995199978351593","0.995199978351593","0.995199978351593"
"101817","0.995199978351593","0.995199978351593","0.995199978351593"
"101828","0.995199978351593","0.995199978351593","0.995199978351593"
"101839","0.995199978351593","0.995199978351593","0.995199978351593"
"101850","0.995199978351593","0.995199978351593","0.995199978351593"
"101861","0.995199978351593","0.995199978351593","0.995199978351593"
"101872","0.995199978351593","0.995199978351593","0.995199978351593"
"101883","0.995199978351593","0.995199978351593","0.995199978351593"
"101894","0.995199978351593","0.995199978351593","0.995199978351593"
"101905","0.995199978351593","0.995199978351593","0.995199978351593"
"101916","0.995199978351593","0.995199978351593","0.995199978351593"
"101927","0.995199978351593","0.995199978351593","0.995199978351593"
"101938","0.995199978351593","0.995199978351593","0.995199978351593"
"101949","0.995199978351593","0.995199978351593","0.995199978351593"
"101960","0.995199978351593","0.995199978351593","0.995199978351593"
"101971","0.995199978351593","0.995199978351593","0.995199978351593"
"101982","0.995199978351593","0.995199978351593","0.995199978351593"
"101993","0.995199978351593","0.995199978351593","0.995199978351593"
"102004","0.995199978351593","0.995199978351593","0.995199978351593"
"102015","0.995199978351593","0.995199978351593","0.995199978351593"
"102026","0.995199978351593","0.995199978351593","0.995199978351593"
"102037","0.995199978351593","0.995199978351593","0.995199978351593"
"102048","0.9952999949455261","0.9952999949455261","0.9952999949455261"
"102059","0.995199978351593","0.995199978351593","0.995199978351593"
"102070","0.995199978351593","0.995199978351593","0.995199978351593"
"102081","0.995199978351593","0.995199978351593","0.995199978351593"
"102092","0.995199978351593","0.995199978351593","0.995199978351593"
"102103","0.995199978351593","0.995199978351593","0.995199978351593"
"102114","0.995199978351593","0.995199978351593","0.995199978351593"
"102125","0.995199978351593","0.995199978351593","0.995199978351593"
"102136","0.995199978351593","0.995199978351593","0.995199978351593"
"102147","0.995199978351593","0.995199978351593","0.995199978351593"
"102158","0.995199978351593","0.995199978351593","0.995199978351593"
"102169","0.995199978351593","0.995199978351593","0.995199978351593"
"102180","0.995199978351593","0.995199978351593","0.995199978351593"
"102191","0.995199978351593","0.995199978351593","0.995199978351593"
"102202","0.995199978351593","0.995199978351593","0.995199978351593"
"102213","0.995199978351593","0.995199978351593","0.995199978351593"
"102224","0.995199978351593","0.995199978351593","0.995199978351593"
"102235","0.995199978351593","0.995199978351593","0.995199978351593"
"102246","0.995199978351593","0.995199978351593","0.995199978351593"
"102257","0.995199978351593","0.995199978351593","0.995199978351593"
"102268","0.9952999949455261","0.9952999949455261","0.9952999949455261"
"102279","0.9952999949455261","0.9952999949455261","0.9952999949455261"
"102290","0.995199978351593","0.995199978351593","0.995199978351593"
"102301","0.995199978351593","0.995199978351593","0.995199978351593"
"102312","0.995199978351593","0.995199978351593","0.995199978351593"
"102323","0.9952999949455261","0.9952999949455261","0.9952999949455261"
"102334","0.995199978351593","0.995199978351593","0.995199978351593"
"102345","0.995199978351593","0.995199978351593","0.995199978351593"
"102356","0.9952999949455261","0.9952999949455261","0.9952999949455261"
"102367","0.9952999949455261","0.9952999949455261","0.9952999949455261"
"102378","0.995199978351593","0.995199978351593","0.995199978351593"
"102389","0.995199978351593","0.995199978351593","0.995199978351593"
"102400","0.995199978351593","0.995199978351593","0.995199978351593"
"102411","0.995199978351593","0.995199978351593","0.995199978351593"
"102422","0.995199978351593","0.995199978351593","0.995199978351593"
"102433","0.995199978351593","0.995199978351593","0.995199978351593"
"102444","0.995199978351593","0.995199978351593","0.995199978351593"
"102455","0.995199978351593","0.995199978351593","0.995199978351593"
"102466","0.995199978351593","0.995199978351593","0.995199978351593"
"102477","0.995199978351593","0.995199978351593","0.995199978351593"
"102488","0.995199978351593","0.995199978351593","0.995199978351593"
"102499","0.995199978351593","0.995199978351593","0.995199978351593"
"102510","0.995199978351593","0.995199978351593","0.995199978351593"
"102521","0.995199978351593","0.995199978351593","0.995199978351593"
"102532","0.995199978351593","0.995199978351593","0.995199978351593"
"102543","0.995199978351593","0.995199978351593","0.995199978351593"
"102554","0.995199978351593","0.995199978351593","0.995199978351593"
"102565","0.9952999949455261","0.9952999949455261","0.9952999949455261"
"102576","0.9952999949455261","0.9952999949455261","0.9952999949455261"
"102587","0.9952999949455261","0.9952999949455261","0.9952999949455261"
"102598","0.9952999949455261","0.9952999949455261","0.9952999949455261"
"102609","0.9952999949455261","0.9952999949455261","0.9952999949455261"
"102620","0.9952999949455261","0.9952999949455261","0.9952999949455261"
"102631","0.9952999949455261","0.9952999949455261","0.9952999949455261"
"102642","0.9952999949455261","0.9952999949455261","0.9952999949455261"
"102653","0.9952999949455261","0.9952999949455261","0.9952999949455261"
"102664","0.9952999949455261","0.9952999949455261","0.9952999949455261"
"102675","0.9952999949455261","0.9952999949455261","0.9952999949455261"
"102686","0.9952999949455261","0.9952999949455261","0.9952999949455261"
"102697","0.9952999949455261","0.9952999949455261","0.9952999949455261"
"102708","0.9952999949455261","0.9952999949455261","0.9952999949455261"
"102719","0.9952999949455261","0.9952999949455261","0.9952999949455261"
"102730","0.9952999949455261","0.9952999949455261","0.9952999949455261"
"102741","0.9952999949455261","0.9952999949455261","0.9952999949455261"
"102752","0.9952999949455261","0.9952999949455261","0.9952999949455261"
"102763","0.9952999949455261","0.9952999949455261","0.9952999949455261"
"102774","0.9952999949455261","0.9952999949455261","0.9952999949455261"
"102785","0.9952999949455261","0.9952999949455261","0.9952999949455261"
"102796","0.9952999949455261","0.9952999949455261","0.9952999949455261"
"102807","0.9952999949455261","0.9952999949455261","0.9952999949455261"
"102818","0.9952999949455261","0.9952999949455261","0.9952999949455261"
"102829","0.9952999949455261","0.9952999949455261","0.9952999949455261"
"102840","0.9952999949455261","0.9952999949455261","0.9952999949455261"
"102851","0.9952999949455261","0.9952999949455261","0.9952999949455261"
"102862","0.9952999949455261","0.9952999949455261","0.9952999949455261"
"102873","0.9952999949455261","0.9952999949455261","0.9952999949455261"
"102884","0.9952999949455261","0.9952999949455261","0.9952999949455261"
"102895","0.9952999949455261","0.9952999949455261","0.9952999949455261"
"102906","0.9952999949455261","0.9952999949455261","0.9952999949455261"
"102917","0.9952999949455261","0.9952999949455261","0.9952999949455261"
"102928","0.9952999949455261","0.9952999949455261","0.9952999949455261"
"102939","0.9952999949455261","0.9952999949455261","0.9952999949455261"
"102950","0.9952999949455261","0.9952999949455261","0.9952999949455261"
"102961","0.9952999949455261","0.9952999949455261","0.9952999949455261"
"102972","0.9952999949455261","0.9952999949455261","0.9952999949455261"
"102983","0.9952999949455261","0.9952999949455261","0.9952999949455261"
"102994","0.9952999949455261","0.9952999949455261","0.9952999949455261"
"103005","0.9952999949455261","0.9952999949455261","0.9952999949455261"
"103016","0.9952999949455261","0.9952999949455261","0.9952999949455261"
"103027","0.9952999949455261","0.9952999949455261","0.9952999949455261"
"103038","0.9952999949455261","0.9952999949455261","0.9952999949455261"
"103049","0.9952999949455261","0.9952999949455261","0.9952999949455261"
"103060","0.9952999949455261","0.9952999949455261","0.9952999949455261"
"103071","0.9952999949455261","0.9952999949455261","0.9952999949455261"
"103082","0.9952999949455261","0.9952999949455261","0.9952999949455261"
"103093","0.9952999949455261","0.9952999949455261","0.9952999949455261"
"103104","0.9952999949455261","0.9952999949455261","0.9952999949455261"
"103115","0.9952999949455261","0.9952999949455261","0.9952999949455261"
"103126","0.9952999949455261","0.9952999949455261","0.9952999949455261"
"103137","0.9952999949455261","0.9952999949455261","0.9952999949455261"
"103148","0.9952999949455261","0.9952999949455261","0.9952999949455261"
"103159","0.9952999949455261","0.9952999949455261","0.9952999949455261"
"103170","0.9952999949455261","0.9952999949455261","0.9952999949455261"
"103181","0.9952999949455261","0.9952999949455261","0.9952999949455261"
"103192","0.9952999949455261","0.9952999949455261","0.9952999949455261"
"103203","0.9952999949455261","0.9952999949455261","0.9952999949455261"
"103214","0.9952999949455261","0.9952999949455261","0.9952999949455261"
"103225","0.9952999949455261","0.9952999949455261","0.9952999949455261"
"103236","0.9952999949455261","0.9952999949455261","0.9952999949455261"
"103247","0.9952999949455261","0.9952999949455261","0.9952999949455261"
"103258","0.9952999949455261","0.9952999949455261","0.9952999949455261"
"103269","0.9952999949455261","0.9952999949455261","0.9952999949455261"
"103280","0.9952999949455261","0.9952999949455261","0.9952999949455261"
"103291","0.9952999949455261","0.9952999949455261","0.9952999949455261"
"103302","0.9952999949455261","0.9952999949455261","0.9952999949455261"
"103313","0.9952999949455261","0.9952999949455261","0.9952999949455261"
"103324","0.9952999949455261","0.9952999949455261","0.9952999949455261"
"103335","0.9952999949455261","0.9952999949455261","0.9952999949455261"
"103346","0.9952999949455261","0.9952999949455261","0.9952999949455261"
"103357","0.9952999949455261","0.9952999949455261","0.9952999949455261"
"103368","0.9952999949455261","0.9952999949455261","0.9952999949455261"
"103379","0.9952999949455261","0.9952999949455261","0.9952999949455261"
"103390","0.9952999949455261","0.9952999949455261","0.9952999949455261"
"103401","0.9952999949455261","0.9952999949455261","0.9952999949455261"
"103412","0.9952999949455261","0.9952999949455261","0.9952999949455261"
"103423","0.9952999949455261","0.9952999949455261","0.9952999949455261"
"103434","0.9952999949455261","0.9952999949455261","0.9952999949455261"
"103445","0.9952999949455261","0.9952999949455261","0.9952999949455261"
"103456","0.9952999949455261","0.9952999949455261","0.9952999949455261"
"103467","0.9952999949455261","0.9952999949455261","0.9952999949455261"
"103478","0.9952999949455261","0.9952999949455261","0.9952999949455261"
"103489","0.9952999949455261","0.9952999949455261","0.9952999949455261"
"103500","0.9952999949455261","0.9952999949455261","0.9952999949455261"
"103511","0.9952999949455261","0.9952999949455261","0.9952999949455261"
"103522","0.9952999949455261","0.9952999949455261","0.9952999949455261"
"103533","0.9952999949455261","0.9952999949455261","0.9952999949455261"
"103544","0.9952999949455261","0.9952999949455261","0.9952999949455261"
"103555","0.9952999949455261","0.9952999949455261","0.9952999949455261"
"103566","0.9952999949455261","0.9952999949455261","0.9952999949455261"
"103577","0.9952999949455261","0.9952999949455261","0.9952999949455261"
"103588","0.9952999949455261","0.9952999949455261","0.9952999949455261"
"103599","0.9952999949455261","0.9952999949455261","0.9952999949455261"
"103610","0.9952999949455261","0.9952999949455261","0.9952999949455261"
"103621","0.9952999949455261","0.9952999949455261","0.9952999949455261"
"103632","0.9952999949455261","0.9952999949455261","0.9952999949455261"
"103643","0.9952999949455261","0.9952999949455261","0.9952999949455261"
"103654","0.9952999949455261","0.9952999949455261","0.9952999949455261"
"103665","0.9952999949455261","0.9952999949455261","0.9952999949455261"
"103676","0.9952999949455261","0.9952999949455261","0.9952999949455261"
"103687","0.9952999949455261","0.9952999949455261","0.9952999949455261"
"103698","0.9952999949455261","0.9952999949455261","0.9952999949455261"
"103709","0.9952999949455261","0.9952999949455261","0.9952999949455261"
"103720","0.9952999949455261","0.9952999949455261","0.9952999949455261"
"103731","0.9952999949455261","0.9952999949455261","0.9952999949455261"
"103742","0.9952999949455261","0.9952999949455261","0.9952999949455261"
"103753","0.9952999949455261","0.9952999949455261","0.9952999949455261"
"103764","0.9952999949455261","0.9952999949455261","0.9952999949455261"
"103775","0.9952999949455261","0.9952999949455261","0.9952999949455261"
"103786","0.9952999949455261","0.9952999949455261","0.9952999949455261"
"103797","0.9952999949455261","0.9952999949455261","0.9952999949455261"
"103808","0.9952999949455261","0.9952999949455261","0.9952999949455261"
"103819","0.9952999949455261","0.9952999949455261","0.9952999949455261"
"103830","0.9952999949455261","0.9952999949455261","0.9952999949455261"
"103841","0.9952999949455261","0.9952999949455261","0.9952999949455261"
"103852","0.9952999949455261","0.9952999949455261","0.9952999949455261"
"103863","0.9952999949455261","0.9952999949455261","0.9952999949455261"
"103874","0.9952999949455261","0.9952999949455261","0.9952999949455261"
"103885","0.9952999949455261","0.9952999949455261","0.9952999949455261"
"103896","0.9952999949455261","0.9952999949455261","0.9952999949455261"
"103907","0.9952999949455261","0.9952999949455261","0.9952999949455261"
"103918","0.9952999949455261","0.9952999949455261","0.9952999949455261"
"103929","0.9952999949455261","0.9952999949455261","0.9952999949455261"
"103940","0.9952999949455261","0.9952999949455261","0.9952999949455261"
"103951","0.9952999949455261","0.9952999949455261","0.9952999949455261"
"103962","0.9952999949455261","0.9952999949455261","0.9952999949455261"
"103973","0.9952999949455261","0.9952999949455261","0.9952999949455261"
"103984","0.9952999949455261","0.9952999949455261","0.9952999949455261"
"103995","0.9952999949455261","0.9952999949455261","0.9952999949455261"
"104006","0.9952999949455261","0.9952999949455261","0.9952999949455261"
"104017","0.9952999949455261","0.9952999949455261","0.9952999949455261"
"104028","0.9952999949455261","0.9952999949455261","0.9952999949455261"
"104039","0.9952999949455261","0.9952999949455261","0.9952999949455261"
"104050","0.9952999949455261","0.9952999949455261","0.9952999949455261"
"104061","0.9952999949455261","0.9952999949455261","0.9952999949455261"
"104072","0.9952999949455261","0.9952999949455261","0.9952999949455261"
"104083","0.9952999949455261","0.9952999949455261","0.9952999949455261"
"104094","0.9952999949455261","0.9952999949455261","0.9952999949455261"
"104105","0.9952999949455261","0.9952999949455261","0.9952999949455261"
"104116","0.9952999949455261","0.9952999949455261","0.9952999949455261"
"104127","0.9953999519348145","0.9953999519348145","0.9953999519348145"
"104138","0.9952999949455261","0.9952999949455261","0.9952999949455261"
"104149","0.9953999519348145","0.9953999519348145","0.9953999519348145"
"104160","0.9953999519348145","0.9953999519348145","0.9953999519348145"
"104171","0.9952999949455261","0.9952999949455261","0.9952999949455261"
"104182","0.9953999519348145","0.9953999519348145","0.9953999519348145"
"104193","0.9953999519348145","0.9953999519348145","0.9953999519348145"
"104204","0.9953999519348145","0.9953999519348145","0.9953999519348145"
"104215","0.9953999519348145","0.9953999519348145","0.9953999519348145"
"104226","0.9953999519348145","0.9953999519348145","0.9953999519348145"
"104237","0.9953999519348145","0.9953999519348145","0.9953999519348145"
"104248","0.9953999519348145","0.9953999519348145","0.9953999519348145"
"104259","0.9953999519348145","0.9953999519348145","0.9953999519348145"
"104270","0.9953999519348145","0.9953999519348145","0.9953999519348145"
"104281","0.9953999519348145","0.9953999519348145","0.9953999519348145"
"104292","0.9953999519348145","0.9953999519348145","0.9953999519348145"
"104303","0.9953999519348145","0.9953999519348145","0.9953999519348145"
"104314","0.9953999519348145","0.9953999519348145","0.9953999519348145"
"104325","0.9953999519348145","0.9953999519348145","0.9953999519348145"
"104336","0.9953999519348145","0.9953999519348145","0.9953999519348145"
"104347","0.9953999519348145","0.9953999519348145","0.9953999519348145"
"104358","0.9953999519348145","0.9953999519348145","0.9953999519348145"
"104369","0.9953999519348145","0.9953999519348145","0.9953999519348145"
"104380","0.9953999519348145","0.9953999519348145","0.9953999519348145"
"104391","0.9953999519348145","0.9953999519348145","0.9953999519348145"
"104402","0.9953999519348145","0.9953999519348145","0.9953999519348145"
"104413","0.9953999519348145","0.9953999519348145","0.9953999519348145"
"104424","0.9953999519348145","0.9953999519348145","0.9953999519348145"
"104435","0.9953999519348145","0.9953999519348145","0.9953999519348145"
"104446","0.9953999519348145","0.9953999519348145","0.9953999519348145"
"104457","0.9954999685287476","0.9954999685287476","0.9954999685287476"
"104468","0.9954999685287476","0.9954999685287476","0.9954999685287476"
"104479","0.9954999685287476","0.9954999685287476","0.9954999685287476"
"104490","0.9954999685287476","0.9954999685287476","0.9954999685287476"
"104501","0.9954999685287476","0.9954999685287476","0.9954999685287476"
"104512","0.9954999685287476","0.9954999685287476","0.9954999685287476"
"104523","0.9954999685287476","0.9954999685287476","0.9954999685287476"
"104534","0.9954999685287476","0.9954999685287476","0.9954999685287476"
"104545","0.9954999685287476","0.9954999685287476","0.9954999685287476"
"104556","0.9954999685287476","0.9954999685287476","0.9954999685287476"
"104567","0.9954999685287476","0.9954999685287476","0.9954999685287476"
"104578","0.9954999685287476","0.9954999685287476","0.9954999685287476"
"104589","0.9954999685287476","0.9954999685287476","0.9954999685287476"
"104600","0.9954999685287476","0.9954999685287476","0.9954999685287476"
"104611","0.9954999685287476","0.9954999685287476","0.9954999685287476"
"104622","0.9954999685287476","0.9954999685287476","0.9954999685287476"
"104633","0.9954999685287476","0.9954999685287476","0.9954999685287476"
"104644","0.9954999685287476","0.9954999685287476","0.9954999685287476"
"104655","0.9954999685287476","0.9954999685287476","0.9954999685287476"
"104666","0.9954999685287476","0.9954999685287476","0.9954999685287476"
"104677","0.9954999685287476","0.9954999685287476","0.9954999685287476"
"104688","0.9954999685287476","0.9954999685287476","0.9954999685287476"
"104699","0.9954999685287476","0.9954999685287476","0.9954999685287476"
"104710","0.9954999685287476","0.9954999685287476","0.9954999685287476"
"104721","0.9954999685287476","0.9954999685287476","0.9954999685287476"
"104732","0.9954999685287476","0.9954999685287476","0.9954999685287476"
"104743","0.9954999685287476","0.9954999685287476","0.9954999685287476"
"104754","0.9954999685287476","0.9954999685287476","0.9954999685287476"
"104765","0.9954999685287476","0.9954999685287476","0.9954999685287476"
"104776","0.9954999685287476","0.9954999685287476","0.9954999685287476"
"104787","0.9954999685287476","0.9954999685287476","0.9954999685287476"
"104798","0.9954999685287476","0.9954999685287476","0.9954999685287476"
"104809","0.9954999685287476","0.9954999685287476","0.9954999685287476"
"104820","0.9954999685287476","0.9954999685287476","0.9954999685287476"
"104831","0.9954999685287476","0.9954999685287476","0.9954999685287476"
"104842","0.9954999685287476","0.9954999685287476","0.9954999685287476"
"104853","0.9954999685287476","0.9954999685287476","0.9954999685287476"
"104864","0.9954999685287476","0.9954999685287476","0.9954999685287476"
"104875","0.9954999685287476","0.9954999685287476","0.9954999685287476"
"104886","0.9954999685287476","0.9954999685287476","0.9954999685287476"
"104897","0.9954999685287476","0.9954999685287476","0.9954999685287476"
"104908","0.9954999685287476","0.9954999685287476","0.9954999685287476"
"104919","0.9954999685287476","0.9954999685287476","0.9954999685287476"
"104930","0.9954999685287476","0.9954999685287476","0.9954999685287476"
"104941","0.9954999685287476","0.9954999685287476","0.9954999685287476"
"104952","0.9954999685287476","0.9954999685287476","0.9954999685287476"
"104963","0.9954999685287476","0.9954999685287476","0.9954999685287476"
"104974","0.9954999685287476","0.9954999685287476","0.9954999685287476"
"104985","0.9954999685287476","0.9954999685287476","0.9954999685287476"
"104996","0.9954999685287476","0.9954999685287476","0.9954999685287476"
"105007","0.9954999685287476","0.9954999685287476","0.9954999685287476"
"105018","0.9954999685287476","0.9954999685287476","0.9954999685287476"
"105029","0.9954999685287476","0.9954999685287476","0.9954999685287476"
"105040","0.9954999685287476","0.9954999685287476","0.9954999685287476"
"105051","0.9954999685287476","0.9954999685287476","0.9954999685287476"
"105062","0.9954999685287476","0.9954999685287476","0.9954999685287476"
"105073","0.9954999685287476","0.9954999685287476","0.9954999685287476"
"105084","0.9954999685287476","0.9954999685287476","0.9954999685287476"
"105095","0.9954999685287476","0.9954999685287476","0.9954999685287476"
"105106","0.9954999685287476","0.9954999685287476","0.9954999685287476"
"105117","0.9954999685287476","0.9954999685287476","0.9954999685287476"
"105128","0.9954999685287476","0.9954999685287476","0.9954999685287476"
"105139","0.9954999685287476","0.9954999685287476","0.9954999685287476"
"105150","0.9954999685287476","0.9954999685287476","0.9954999685287476"
"105161","0.9954999685287476","0.9954999685287476","0.9954999685287476"
"105172","0.9954999685287476","0.9954999685287476","0.9954999685287476"
"105183","0.9954999685287476","0.9954999685287476","0.9954999685287476"
"105194","0.9954999685287476","0.9954999685287476","0.9954999685287476"
"105205","0.9954999685287476","0.9954999685287476","0.9954999685287476"
"105216","0.9954999685287476","0.9954999685287476","0.9954999685287476"
"105227","0.9954999685287476","0.9954999685287476","0.9954999685287476"
"105238","0.9954999685287476","0.9954999685287476","0.9954999685287476"
"105249","0.9954999685287476","0.9954999685287476","0.9954999685287476"
"105260","0.9954999685287476","0.9954999685287476","0.9954999685287476"
"105271","0.9954999685287476","0.9954999685287476","0.9954999685287476"
"105282","0.9954999685287476","0.9954999685287476","0.9954999685287476"
"105293","0.9954999685287476","0.9954999685287476","0.9954999685287476"
"105304","0.9954999685287476","0.9954999685287476","0.9954999685287476"
"105315","0.9954999685287476","0.9954999685287476","0.9954999685287476"
"105326","0.9954999685287476","0.9954999685287476","0.9954999685287476"
"105337","0.9954999685287476","0.9954999685287476","0.9954999685287476"
"105348","0.9954999685287476","0.9954999685287476","0.9954999685287476"
"105359","0.9954999685287476","0.9954999685287476","0.9954999685287476"
"105370","0.9954999685287476","0.9954999685287476","0.9954999685287476"
"105381","0.9954999685287476","0.9954999685287476","0.9954999685287476"
"105392","0.9954999685287476","0.9954999685287476","0.9954999685287476"
"105403","0.9954999685287476","0.9954999685287476","0.9954999685287476"
"105414","0.9954999685287476","0.9954999685287476","0.9954999685287476"
"105425","0.9954999685287476","0.9954999685287476","0.9954999685287476"
"105436","0.9954999685287476","0.9954999685287476","0.9954999685287476"
"105447","0.9954999685287476","0.9954999685287476","0.9954999685287476"
"105458","0.9954999685287476","0.9954999685287476","0.9954999685287476"
"105469","0.9954999685287476","0.9954999685287476","0.9954999685287476"
"105480","0.9954999685287476","0.9954999685287476","0.9954999685287476"
"105491","0.9954999685287476","0.9954999685287476","0.9954999685287476"
"105502","0.9954999685287476","0.9954999685287476","0.9954999685287476"
"105513","0.9954999685287476","0.9954999685287476","0.9954999685287476"
"105524","0.9954999685287476","0.9954999685287476","0.9954999685287476"
"105535","0.9954999685287476","0.9954999685287476","0.9954999685287476"
"105546","0.9954999685287476","0.9954999685287476","0.9954999685287476"
"105557","0.9954999685287476","0.9954999685287476","0.9954999685287476"
"105568","0.9954999685287476","0.9954999685287476","0.9954999685287476"
"105579","0.9954999685287476","0.9954999685287476","0.9954999685287476"
"105590","0.9954999685287476","0.9954999685287476","0.9954999685287476"
"105601","0.9954999685287476","0.9954999685287476","0.9954999685287476"
"105612","0.9954999685287476","0.9954999685287476","0.9954999685287476"
"105623","0.9954999685287476","0.9954999685287476","0.9954999685287476"
"105634","0.9954999685287476","0.9954999685287476","0.9954999685287476"
"105645","0.9954999685287476","0.9954999685287476","0.9954999685287476"
"105656","0.9954999685287476","0.9954999685287476","0.9954999685287476"
"105667","0.9954999685287476","0.9954999685287476","0.9954999685287476"
"105678","0.9954999685287476","0.9954999685287476","0.9954999685287476"
"105689","0.9954999685287476","0.9954999685287476","0.9954999685287476"
"105700","0.9954999685287476","0.9954999685287476","0.9954999685287476"
"105711","0.9954999685287476","0.9954999685287476","0.9954999685287476"
"105722","0.9954999685287476","0.9954999685287476","0.9954999685287476"
"105733","0.9954999685287476","0.9954999685287476","0.9954999685287476"
"105744","0.9954999685287476","0.9954999685287476","0.9954999685287476"
"105755","0.9954999685287476","0.9954999685287476","0.9954999685287476"
"105766","0.9954999685287476","0.9954999685287476","0.9954999685287476"
"105777","0.9954999685287476","0.9954999685287476","0.9954999685287476"
"105788","0.9954999685287476","0.9954999685287476","0.9954999685287476"
"105799","0.9954999685287476","0.9954999685287476","0.9954999685287476"
"105810","0.9954999685287476","0.9954999685287476","0.9954999685287476"
"105821","0.9954999685287476","0.9954999685287476","0.9954999685287476"
"105832","0.9954999685287476","0.9954999685287476","0.9954999685287476"
"105843","0.9954999685287476","0.9954999685287476","0.9954999685287476"
"105854","0.9954999685287476","0.9954999685287476","0.9954999685287476"
"105865","0.9954999685287476","0.9954999685287476","0.9954999685287476"
"105876","0.9954999685287476","0.9954999685287476","0.9954999685287476"
"105887","0.9954999685287476","0.9954999685287476","0.9954999685287476"
"105898","0.9954999685287476","0.9954999685287476","0.9954999685287476"
"105909","0.9954999685287476","0.9954999685287476","0.9954999685287476"
"105920","0.9954999685287476","0.9954999685287476","0.9954999685287476"
"105931","0.9954999685287476","0.9954999685287476","0.9954999685287476"
"105942","0.9954999685287476","0.9954999685287476","0.9954999685287476"
"105953","0.9954999685287476","0.9954999685287476","0.9954999685287476"
"105964","0.9954999685287476","0.9954999685287476","0.9954999685287476"
"105975","0.9954999685287476","0.9954999685287476","0.9954999685287476"
"105986","0.9954999685287476","0.9954999685287476","0.9954999685287476"
"105997","0.9954999685287476","0.9954999685287476","0.9954999685287476"
"106008","0.9954999685287476","0.9954999685287476","0.9954999685287476"
"106019","0.9954999685287476","0.9954999685287476","0.9954999685287476"
"106030","0.9954999685287476","0.9954999685287476","0.9954999685287476"
"106041","0.9954999685287476","0.9954999685287476","0.9954999685287476"
"106052","0.9954999685287476","0.9954999685287476","0.9954999685287476"
"106063","0.9954999685287476","0.9954999685287476","0.9954999685287476"
"106074","0.9954999685287476","0.9954999685287476","0.9954999685287476"
"106085","0.9954999685287476","0.9954999685287476","0.9954999685287476"
"106096","0.9954999685287476","0.9954999685287476","0.9954999685287476"
"106107","0.9954999685287476","0.9954999685287476","0.9954999685287476"
"106118","0.9954999685287476","0.9954999685287476","0.9954999685287476"
"106129","0.9954999685287476","0.9954999685287476","0.9954999685287476"
"106140","0.9954999685287476","0.9954999685287476","0.9954999685287476"
"106151","0.9954999685287476","0.9954999685287476","0.9954999685287476"
"106162","0.9954999685287476","0.9954999685287476","0.9954999685287476"
"106173","0.9954999685287476","0.9954999685287476","0.9954999685287476"
"106184","0.9954999685287476","0.9954999685287476","0.9954999685287476"
"106195","0.9954999685287476","0.9954999685287476","0.9954999685287476"
"106206","0.9954999685287476","0.9954999685287476","0.9954999685287476"
"106217","0.9954999685287476","0.9954999685287476","0.9954999685287476"
"106228","0.9954999685287476","0.9954999685287476","0.9954999685287476"
"106239","0.9954999685287476","0.9954999685287476","0.9954999685287476"
"106250","0.9954999685287476","0.9954999685287476","0.9954999685287476"
"106261","0.9954999685287476","0.9954999685287476","0.9954999685287476"
"106272","0.9954999685287476","0.9954999685287476","0.9954999685287476"
"106283","0.9954999685287476","0.9954999685287476","0.9954999685287476"
"106294","0.9954999685287476","0.9954999685287476","0.9954999685287476"
"106305","0.9954999685287476","0.9954999685287476","0.9954999685287476"
"106316","0.9954999685287476","0.9954999685287476","0.9954999685287476"
"106327","0.9954999685287476","0.9954999685287476","0.9954999685287476"
"106338","0.9954999685287476","0.9954999685287476","0.9954999685287476"
"106349","0.9954999685287476","0.9954999685287476","0.9954999685287476"
"106360","0.9954999685287476","0.9954999685287476","0.9954999685287476"
"106371","0.9954999685287476","0.9954999685287476","0.9954999685287476"
"106382","0.9954999685287476","0.9954999685287476","0.9954999685287476"
"106393","0.9954999685287476","0.9954999685287476","0.9954999685287476"
"106404","0.9954999685287476","0.9954999685287476","0.9954999685287476"
"106415","0.9954999685287476","0.9954999685287476","0.9954999685287476"
"106426","0.9954999685287476","0.9954999685287476","0.9954999685287476"
"106437","0.9954999685287476","0.9954999685287476","0.9954999685287476"
"106448","0.9954999685287476","0.9954999685287476","0.9954999685287476"
"106459","0.9954999685287476","0.9954999685287476","0.9954999685287476"
"106470","0.9954999685287476","0.9954999685287476","0.9954999685287476"
"106481","0.9954999685287476","0.9954999685287476","0.9954999685287476"
"106492","0.9954999685287476","0.9954999685287476","0.9954999685287476"
"106503","0.9954999685287476","0.9954999685287476","0.9954999685287476"
"106514","0.9954999685287476","0.9954999685287476","0.9954999685287476"
"106525","0.9954999685287476","0.9954999685287476","0.9954999685287476"
"106536","0.9954999685287476","0.9954999685287476","0.9954999685287476"
"106547","0.9954999685287476","0.9954999685287476","0.9954999685287476"
"106558","0.9954999685287476","0.9954999685287476","0.9954999685287476"
"106569","0.9954999685287476","0.9954999685287476","0.9954999685287476"
"106580","0.9954999685287476","0.9954999685287476","0.9954999685287476"
"106591","0.9954999685287476","0.9954999685287476","0.9954999685287476"
"106602","0.9954999685287476","0.9954999685287476","0.9954999685287476"
"106613","0.9954999685287476","0.9954999685287476","0.9954999685287476"
"106624","0.9954999685287476","0.9954999685287476","0.9954999685287476"
"106635","0.9954999685287476","0.9954999685287476","0.9954999685287476"
"106646","0.9954999685287476","0.9954999685287476","0.9954999685287476"
"106657","0.9954999685287476","0.9954999685287476","0.9954999685287476"
"106668","0.9954999685287476","0.9954999685287476","0.9954999685287476"
"106679","0.9954999685287476","0.9954999685287476","0.9954999685287476"
"106690","0.9954999685287476","0.9954999685287476","0.9954999685287476"
"106701","0.9954999685287476","0.9954999685287476","0.9954999685287476"
"106712","0.9954999685287476","0.9954999685287476","0.9954999685287476"
"106723","0.9954999685287476","0.9954999685287476","0.9954999685287476"
"106734","0.9954999685287476","0.9954999685287476","0.9954999685287476"
"106745","0.9954999685287476","0.9954999685287476","0.9954999685287476"
"106756","0.9954999685287476","0.9954999685287476","0.9954999685287476"
"106767","0.9954999685287476","0.9954999685287476","0.9954999685287476"
"106778","0.9954999685287476","0.9954999685287476","0.9954999685287476"
"106789","0.9954999685287476","0.9954999685287476","0.9954999685287476"
"106800","0.9954999685287476","0.9954999685287476","0.9954999685287476"
"106811","0.9954999685287476","0.9954999685287476","0.9954999685287476"
"106822","0.9954999685287476","0.9954999685287476","0.9954999685287476"
"106833","0.9954999685287476","0.9954999685287476","0.9954999685287476"
"106844","0.9954999685287476","0.9954999685287476","0.9954999685287476"
"106855","0.9954999685287476","0.9954999685287476","0.9954999685287476"
"106866","0.9954999685287476","0.9954999685287476","0.9954999685287476"
"106877","0.9954999685287476","0.9954999685287476","0.9954999685287476"
"106888","0.9954999685287476","0.9954999685287476","0.9954999685287476"
"106899","0.9954999685287476","0.9954999685287476","0.9954999685287476"
"106910","0.9954999685287476","0.9954999685287476","0.9954999685287476"
"106921","0.9954999685287476","0.9954999685287476","0.9954999685287476"
"106932","0.9954999685287476","0.9954999685287476","0.9954999685287476"
"106943","0.9954999685287476","0.9954999685287476","0.9954999685287476"
"106954","0.9954999685287476","0.9954999685287476","0.9954999685287476"
"106965","0.9954999685287476","0.9954999685287476","0.9954999685287476"
"106976","0.9954999685287476","0.9954999685287476","0.9954999685287476"
"106987","0.9954999685287476","0.9954999685287476","0.9954999685287476"
"106998","0.9954999685287476","0.9954999685287476","0.9954999685287476"
"107009","0.9954999685287476","0.9954999685287476","0.9954999685287476"
"107020","0.9954999685287476","0.9954999685287476","0.9954999685287476"
"107031","0.9954999685287476","0.9954999685287476","0.9954999685287476"
"107042","0.9954999685287476","0.9954999685287476","0.9954999685287476"
"107053","0.9954999685287476","0.9954999685287476","0.9954999685287476"
"107064","0.9954999685287476","0.9954999685287476","0.9954999685287476"
"107075","0.9954999685287476","0.9954999685287476","0.9954999685287476"
"107086","0.9954999685287476","0.9954999685287476","0.9954999685287476"
"107097","0.9954999685287476","0.9954999685287476","0.9954999685287476"
"107108","0.9954999685287476","0.9954999685287476","0.9954999685287476"
"107119","0.9954999685287476","0.9954999685287476","0.9954999685287476"
"107130","0.9954999685287476","0.9954999685287476","0.9954999685287476"
"107141","0.9954999685287476","0.9954999685287476","0.9954999685287476"
"107152","0.9954999685287476","0.9954999685287476","0.9954999685287476"
"107163","0.9954999685287476","0.9954999685287476","0.9954999685287476"
"107174","0.9954999685287476","0.9954999685287476","0.9954999685287476"
"107185","0.9954999685287476","0.9954999685287476","0.9954999685287476"
"107196","0.9954999685287476","0.9954999685287476","0.9954999685287476"
"107207","0.9954999685287476","0.9954999685287476","0.9954999685287476"
"107218","0.9954999685287476","0.9954999685287476","0.9954999685287476"
"107229","0.9954999685287476","0.9954999685287476","0.9954999685287476"
"107240","0.9954999685287476","0.9954999685287476","0.9954999685287476"
"107251","0.9954999685287476","0.9954999685287476","0.9954999685287476"
"107262","0.9954999685287476","0.9954999685287476","0.9954999685287476"
"107273","0.9954999685287476","0.9954999685287476","0.9954999685287476"
"107284","0.9954999685287476","0.9954999685287476","0.9954999685287476"
"107295","0.9954999685287476","0.9954999685287476","0.9954999685287476"
"107306","0.9954999685287476","0.9954999685287476","0.9954999685287476"
"107317","0.9954999685287476","0.9954999685287476","0.9954999685287476"
"107328","0.9954999685287476","0.9954999685287476","0.9954999685287476"
"107339","0.9954999685287476","0.9954999685287476","0.9954999685287476"
"107350","0.9954999685287476","0.9954999685287476","0.9954999685287476"
"107361","0.9954999685287476","0.9954999685287476","0.9954999685287476"
"107372","0.9954999685287476","0.9954999685287476","0.9954999685287476"
"107383","0.9954999685287476","0.9954999685287476","0.9954999685287476"
"107394","0.9954999685287476","0.9954999685287476","0.9954999685287476"
"107405","0.9954999685287476","0.9954999685287476","0.9954999685287476"
"107416","0.9954999685287476","0.9954999685287476","0.9954999685287476"
"107427","0.9954999685287476","0.9954999685287476","0.9954999685287476"
"107438","0.9954999685287476","0.9954999685287476","0.9954999685287476"
"107449","0.9954999685287476","0.9954999685287476","0.9954999685287476"
"107460","0.9954999685287476","0.9954999685287476","0.9954999685287476"
"107471","0.9954999685287476","0.9954999685287476","0.9954999685287476"
"107482","0.9954999685287476","0.9954999685287476","0.9954999685287476"
"107493","0.9954999685287476","0.9954999685287476","0.9954999685287476"
"107504","0.9954999685287476","0.9954999685287476","0.9954999685287476"
"107515","0.9954999685287476","0.9954999685287476","0.9954999685287476"
"107526","0.9954999685287476","0.9954999685287476","0.9954999685287476"
"107537","0.9954999685287476","0.9954999685287476","0.9954999685287476"
"107548","0.9954999685287476","0.9954999685287476","0.9954999685287476"
"107559","0.9954999685287476","0.9954999685287476","0.9954999685287476"
"107570","0.9954999685287476","0.9954999685287476","0.9954999685287476"
"107581","0.9954999685287476","0.9954999685287476","0.9954999685287476"
"107592","0.9954999685287476","0.9954999685287476","0.9954999685287476"
"107603","0.9954999685287476","0.9954999685287476","0.9954999685287476"
"107614","0.9954999685287476","0.9954999685287476","0.9954999685287476"
"107625","0.9954999685287476","0.9954999685287476","0.9954999685287476"
"107636","0.9954999685287476","0.9954999685287476","0.9954999685287476"
"107647","0.9954999685287476","0.9954999685287476","0.9954999685287476"
"107658","0.9954999685287476","0.9954999685287476","0.9954999685287476"
"107669","0.9954999685287476","0.9954999685287476","0.9954999685287476"
"107680","0.9954999685287476","0.9954999685287476","0.9954999685287476"
"107691","0.9954999685287476","0.9954999685287476","0.9954999685287476"
"107702","0.9954999685287476","0.9954999685287476","0.9954999685287476"
"107713","0.9954999685287476","0.9954999685287476","0.9954999685287476"
"107724","0.9954999685287476","0.9954999685287476","0.9954999685287476"
"107735","0.9954999685287476","0.9954999685287476","0.9954999685287476"
"107746","0.9954999685287476","0.9954999685287476","0.9954999685287476"
"107757","0.9954999685287476","0.9954999685287476","0.9954999685287476"
"107768","0.9954999685287476","0.9954999685287476","0.9954999685287476"
"107779","0.9954999685287476","0.9954999685287476","0.9954999685287476"
"107790","0.9954999685287476","0.9954999685287476","0.9954999685287476"
"107801","0.9954999685287476","0.9954999685287476","0.9954999685287476"
"107812","0.9954999685287476","0.9954999685287476","0.9954999685287476"
"107823","0.9954999685287476","0.9954999685287476","0.9954999685287476"
"107834","0.9954999685287476","0.9954999685287476","0.9954999685287476"
"107845","0.9954999685287476","0.9954999685287476","0.9954999685287476"
"107856","0.9954999685287476","0.9954999685287476","0.9954999685287476"
"107867","0.9954999685287476","0.9954999685287476","0.9954999685287476"
"107878","0.9954999685287476","0.9954999685287476","0.9954999685287476"
"107889","0.9954999685287476","0.9954999685287476","0.9954999685287476"
"107900","0.9954999685287476","0.9954999685287476","0.9954999685287476"
"107911","0.9954999685287476","0.9954999685287476","0.9954999685287476"
"107922","0.9954999685287476","0.9954999685287476","0.9954999685287476"
"107933","0.9954999685287476","0.9954999685287476","0.9954999685287476"
"107944","0.9954999685287476","0.9954999685287476","0.9954999685287476"
"107955","0.9954999685287476","0.9954999685287476","0.9954999685287476"
"107966","0.9954999685287476","0.9954999685287476","0.9954999685287476"
"107977","0.9954999685287476","0.9954999685287476","0.9954999685287476"
"107988","0.9954999685287476","0.9954999685287476","0.9954999685287476"
"107999","0.9954999685287476","0.9954999685287476","0.9954999685287476"
"108010","0.9954999685287476","0.9954999685287476","0.9954999685287476"
"108021","0.9954999685287476","0.9954999685287476","0.9954999685287476"
"108032","0.9954999685287476","0.9954999685287476","0.9954999685287476"
"108043","0.9954999685287476","0.9954999685287476","0.9954999685287476"
"108054","0.9954999685287476","0.9954999685287476","0.9954999685287476"
"108065","0.9954999685287476","0.9954999685287476","0.9954999685287476"
"108076","0.9954999685287476","0.9954999685287476","0.9954999685287476"
"108087","0.9954999685287476","0.9954999685287476","0.9954999685287476"
"108098","0.9954999685287476","0.9954999685287476","0.9954999685287476"
"108109","0.9954999685287476","0.9954999685287476","0.9954999685287476"
"108120","0.9954999685287476","0.9954999685287476","0.9954999685287476"
"108131","0.9954999685287476","0.9954999685287476","0.9954999685287476"
"108142","0.9954999685287476","0.9954999685287476","0.9954999685287476"
"108153","0.9954999685287476","0.9954999685287476","0.9954999685287476"
"108164","0.9954999685287476","0.9954999685287476","0.9954999685287476"
"108175","0.9954999685287476","0.9954999685287476","0.9954999685287476"
"108186","0.9954999685287476","0.9954999685287476","0.9954999685287476"
"108197","0.9954999685287476","0.9954999685287476","0.9954999685287476"
"108208","0.9954999685287476","0.9954999685287476","0.9954999685287476"
"108219","0.9954999685287476","0.9954999685287476","0.9954999685287476"
"108230","0.9954999685287476","0.9954999685287476","0.9954999685287476"
"108241","0.9954999685287476","0.9954999685287476","0.9954999685287476"
"108252","0.9954999685287476","0.9954999685287476","0.9954999685287476"
"108263","0.9954999685287476","0.9954999685287476","0.9954999685287476"
"108274","0.9954999685287476","0.9954999685287476","0.9954999685287476"
"108285","0.9954999685287476","0.9954999685287476","0.9954999685287476"
"108296","0.9954999685287476","0.9954999685287476","0.9954999685287476"
"108307","0.9954999685287476","0.9954999685287476","0.9954999685287476"
"108318","0.9954999685287476","0.9954999685287476","0.9954999685287476"
"108329","0.9954999685287476","0.9954999685287476","0.9954999685287476"
"108340","0.9954999685287476","0.9954999685287476","0.9954999685287476"
"108351","0.9954999685287476","0.9954999685287476","0.9954999685287476"
"108362","0.9954999685287476","0.9954999685287476","0.9954999685287476"
"108373","0.9954999685287476","0.9954999685287476","0.9954999685287476"
"108384","0.9954999685287476","0.9954999685287476","0.9954999685287476"
"108395","0.9954999685287476","0.9954999685287476","0.9954999685287476"
"108406","0.9954999685287476","0.9954999685287476","0.9954999685287476"
"108417","0.9954999685287476","0.9954999685287476","0.9954999685287476"
"108428","0.9954999685287476","0.9954999685287476","0.9954999685287476"
"108439","0.9954999685287476","0.9954999685287476","0.9954999685287476"
"108450","0.9954999685287476","0.9954999685287476","0.9954999685287476"
"108461","0.9954999685287476","0.9954999685287476","0.9954999685287476"
"108472","0.9954999685287476","0.9954999685287476","0.9954999685287476"
"108483","0.9954999685287476","0.9954999685287476","0.9954999685287476"
"108494","0.9954999685287476","0.9954999685287476","0.9954999685287476"
"108505","0.9954999685287476","0.9954999685287476","0.9954999685287476"
"108516","0.9954999685287476","0.9954999685287476","0.9954999685287476"
"108527","0.9954999685287476","0.9954999685287476","0.9954999685287476"
"108538","0.9954999685287476","0.9954999685287476","0.9954999685287476"
"108549","0.9954999685287476","0.9954999685287476","0.9954999685287476"
"108560","0.9954999685287476","0.9954999685287476","0.9954999685287476"
"108571","0.9954999685287476","0.9954999685287476","0.9954999685287476"
"108582","0.9954999685287476","0.9954999685287476","0.9954999685287476"
"108593","0.9954999685287476","0.9954999685287476","0.9954999685287476"
"108604","0.9954999685287476","0.9954999685287476","0.9954999685287476"
"108615","0.9954999685287476","0.9954999685287476","0.9954999685287476"
"108626","0.9954999685287476","0.9954999685287476","0.9954999685287476"
"108637","0.9954999685287476","0.9954999685287476","0.9954999685287476"
"108648","0.9954999685287476","0.9954999685287476","0.9954999685287476"
"108659","0.9954999685287476","0.9954999685287476","0.9954999685287476"
"108670","0.9954999685287476","0.9954999685287476","0.9954999685287476"
"108681","0.9954999685287476","0.9954999685287476","0.9954999685287476"
"108692","0.9954999685287476","0.9954999685287476","0.9954999685287476"
"108703","0.9954999685287476","0.9954999685287476","0.9954999685287476"
"108714","0.9954999685287476","0.9954999685287476","0.9954999685287476"
"108725","0.9954999685287476","0.9954999685287476","0.9954999685287476"
"108736","0.9954999685287476","0.9954999685287476","0.9954999685287476"
"108747","0.9954999685287476","0.9954999685287476","0.9954999685287476"
"108758","0.9954999685287476","0.9954999685287476","0.9954999685287476"
"108769","0.9954999685287476","0.9954999685287476","0.9954999685287476"
"108780","0.9954999685287476","0.9954999685287476","0.9954999685287476"
"108791","0.9954999685287476","0.9954999685287476","0.9954999685287476"
"108802","0.9954999685287476","0.9954999685287476","0.9954999685287476"
"108813","0.9954999685287476","0.9954999685287476","0.9954999685287476"
"108824","0.9954999685287476","0.9954999685287476","0.9954999685287476"
"108835","0.9954999685287476","0.9954999685287476","0.9954999685287476"
"108846","0.9954999685287476","0.9954999685287476","0.9954999685287476"
"108857","0.9954999685287476","0.9954999685287476","0.9954999685287476"
"108868","0.9954999685287476","0.9954999685287476","0.9954999685287476"
"108879","0.9954999685287476","0.9954999685287476","0.9954999685287476"
"108890","0.9954999685287476","0.9954999685287476","0.9954999685287476"
"108901","0.9954999685287476","0.9954999685287476","0.9954999685287476"
"108912","0.9954999685287476","0.9954999685287476","0.9954999685287476"
"108923","0.9954999685287476","0.9954999685287476","0.9954999685287476"
"108934","0.9954999685287476","0.9954999685287476","0.9954999685287476"
"108945","0.9954999685287476","0.9954999685287476","0.9954999685287476"
"108956","0.9954999685287476","0.9954999685287476","0.9954999685287476"
"108967","0.9954999685287476","0.9954999685287476","0.9954999685287476"
"108978","0.9954999685287476","0.9954999685287476","0.9954999685287476"
"108989","0.9954999685287476","0.9954999685287476","0.9954999685287476"
"109000","0.9954999685287476","0.9954999685287476","0.9954999685287476"
"109011","0.9954999685287476","0.9954999685287476","0.9954999685287476"
"109022","0.9954999685287476","0.9954999685287476","0.9954999685287476"
"109033","0.9954999685287476","0.9954999685287476","0.9954999685287476"
"109044","0.9954999685287476","0.9954999685287476","0.9954999685287476"
"109055","0.9954999685287476","0.9954999685287476","0.9954999685287476"
"109066","0.9954999685287476","0.9954999685287476","0.9954999685287476"
"109077","0.9954999685287476","0.9954999685287476","0.9954999685287476"
"109088","0.9954999685287476","0.9954999685287476","0.9954999685287476"
"109099","0.9954999685287476","0.9954999685287476","0.9954999685287476"
"109110","0.9954999685287476","0.9954999685287476","0.9954999685287476"
"109121","0.9954999685287476","0.9954999685287476","0.9954999685287476"
"109132","0.9954999685287476","0.9954999685287476","0.9954999685287476"
"109143","0.9954999685287476","0.9954999685287476","0.9954999685287476"
"109154","0.9954999685287476","0.9954999685287476","0.9954999685287476"
"109165","0.9954999685287476","0.9954999685287476","0.9954999685287476"
"109176","0.9954999685287476","0.9954999685287476","0.9954999685287476"
"109187","0.9954999685287476","0.9954999685287476","0.9954999685287476"
"109198","0.9954999685287476","0.9954999685287476","0.9954999685287476"
"109209","0.9954999685287476","0.9954999685287476","0.9954999685287476"
"109220","0.9954999685287476","0.9954999685287476","0.9954999685287476"
"109231","0.9954999685287476","0.9954999685287476","0.9954999685287476"
"109242","0.9954999685287476","0.9954999685287476","0.9954999685287476"
"109253","0.9954999685287476","0.9954999685287476","0.9954999685287476"
"109264","0.9954999685287476","0.9954999685287476","0.9954999685287476"
"109275","0.9954999685287476","0.9954999685287476","0.9954999685287476"
"109286","0.9954999685287476","0.9954999685287476","0.9954999685287476"
"109297","0.9954999685287476","0.9954999685287476","0.9954999685287476"
"109308","0.9954999685287476","0.9954999685287476","0.9954999685287476"
"109319","0.9954999685287476","0.9954999685287476","0.9954999685287476"
"109330","0.9954999685287476","0.9954999685287476","0.9954999685287476"
"109341","0.9954999685287476","0.9954999685287476","0.9954999685287476"
"109352","0.9954999685287476","0.9954999685287476","0.9954999685287476"
"109363","0.9954999685287476","0.9954999685287476","0.9954999685287476"
"109374","0.9954999685287476","0.9954999685287476","0.9954999685287476"
"109385","0.9954999685287476","0.9954999685287476","0.9954999685287476"
"109396","0.9954999685287476","0.9954999685287476","0.9954999685287476"
"109407","0.9954999685287476","0.9954999685287476","0.9954999685287476"
"109418","0.9954999685287476","0.9954999685287476","0.9954999685287476"
"109429","0.9954999685287476","0.9954999685287476","0.9954999685287476"
"109440","0.9954999685287476","0.9954999685287476","0.9954999685287476"
"109451","0.9955999851226807","0.9955999851226807","0.9955999851226807"
"109462","0.9955999851226807","0.9955999851226807","0.9955999851226807"
"109473","0.9955999851226807","0.9955999851226807","0.9955999851226807"
"109484","0.9955999851226807","0.9955999851226807","0.9955999851226807"
"109495","0.9954999685287476","0.9954999685287476","0.9954999685287476"
"109506","0.9954999685287476","0.9954999685287476","0.9954999685287476"
"109517","0.9955999851226807","0.9955999851226807","0.9955999851226807"
"109528","0.9954999685287476","0.9954999685287476","0.9954999685287476"
"109539","0.9954999685287476","0.9954999685287476","0.9954999685287476"
"109550","0.9954999685287476","0.9954999685287476","0.9954999685287476"
"109561","0.9954999685287476","0.9954999685287476","0.9954999685287476"
"109572","0.9954999685287476","0.9954999685287476","0.9954999685287476"
"109583","0.9954999685287476","0.9954999685287476","0.9954999685287476"
"109594","0.9954999685287476","0.9954999685287476","0.9954999685287476"
"109605","0.9955999851226807","0.9955999851226807","0.9955999851226807"
"109616","0.9955999851226807","0.9955999851226807","0.9955999851226807"
"109627","0.9954999685287476","0.9954999685287476","0.9954999685287476"
"109638","0.9955999851226807","0.9955999851226807","0.9955999851226807"
"109649","0.9954999685287476","0.9954999685287476","0.9954999685287476"
"109660","0.9955999851226807","0.9955999851226807","0.9955999851226807"
"109671","0.9955999851226807","0.9955999851226807","0.9955999851226807"
"109682","0.9957000017166138","0.9957000017166138","0.9957000017166138"
"109693","0.9957000017166138","0.9957000017166138","0.9957000017166138"
"109704","0.9957000017166138","0.9957000017166138","0.9957000017166138"
"109715","0.9957000017166138","0.9957000017166138","0.9957000017166138"
"109726","0.9957000017166138","0.9957000017166138","0.9957000017166138"
"109737","0.9957000017166138","0.9957000017166138","0.9957000017166138"
"109748","0.9957000017166138","0.9957000017166138","0.9957000017166138"
"109759","0.9957000017166138","0.9957000017166138","0.9957000017166138"
"109770","0.9957000017166138","0.9957000017166138","0.9957000017166138"
"109781","0.9957000017166138","0.9957000017166138","0.9957000017166138"
"109792","0.9957000017166138","0.9957000017166138","0.9957000017166138"
"109803","0.9957000017166138","0.9957000017166138","0.9957000017166138"
"109814","0.9957000017166138","0.9957000017166138","0.9957000017166138"
"109825","0.9957000017166138","0.9957000017166138","0.9957000017166138"
"109836","0.9957000017166138","0.9957000017166138","0.9957000017166138"
"109847","0.9957000017166138","0.9957000017166138","0.9957000017166138"
"109858","0.9957000017166138","0.9957000017166138","0.9957000017166138"
"109869","0.9957000017166138","0.9957000017166138","0.9957000017166138"
"109880","0.9957000017166138","0.9957000017166138","0.9957000017166138"
"109891","0.9957000017166138","0.9957000017166138","0.9957000017166138"
"109902","0.9957000017166138","0.9957000017166138","0.9957000017166138"
"109913","0.9957000017166138","0.9957000017166138","0.9957000017166138"
"109924","0.9957000017166138","0.9957000017166138","0.9957000017166138"
"109935","0.9957000017166138","0.9957000017166138","0.9957000017166138"
"109946","0.9957000017166138","0.9957000017166138","0.9957000017166138"
"109957","0.9957000017166138","0.9957000017166138","0.9957000017166138"
"109968","0.9957000017166138","0.9957000017166138","0.9957000017166138"
"109979","0.9957000017166138","0.9957000017166138","0.9957000017166138"
"109990","0.9957000017166138","0.9957000017166138","0.9957000017166138"