"Step","Readout, K=512, L=8, p_B=0.5, p_C=0.5, B=4, eps=0 - ic1_acc","Readout, K=512, L=8, p_B=0.5, p_C=0.5, B=4, eps=0 - ic1_acc__MIN","Readout, K=512, L=8, p_B=0.5, p_C=0.5, B=4, eps=0 - ic1_acc__MAX","Readout, K=512, L=8, p_B=0.5, p_C=0.5, B=4, eps=0 - ic2_acc","Readout, K=512, L=8, p_B=0.5, p_C=0.5, B=4, eps=0 - ic2_acc__MIN","Readout, K=512, L=8, p_B=0.5, p_C=0.5, B=4, eps=0 - ic2_acc__MAX","Readout, K=512, L=8, p_B=0.5, p_C=0.5, B=4, eps=0 - iw_acc","Readout, K=512, L=8, p_B=0.5, p_C=0.5, B=4, eps=0 - iw_acc__MIN","Readout, K=512, L=8, p_B=0.5, p_C=0.5, B=4, eps=0 - iw_acc__MAX","Readout, K=512, L=8, p_B=0.5, p_C=0.5, B=4, eps=0 - test_acc","Readout, K=512, L=8, p_B=0.5, p_C=0.5, B=4, eps=0 - test_acc__MIN","Readout, K=512, L=8, p_B=0.5, p_C=0.5, B=4, eps=0 - test_acc__MAX","Readout, K=512, L=128, p_B=0.5, p_C=0.5, B=4, eps=0 - ic1_acc","Readout, K=512, L=128, p_B=0.5, p_C=0.5, B=4, eps=0 - ic1_acc__MIN","Readout, K=512, L=128, p_B=0.5, p_C=0.5, B=4, eps=0 - ic1_acc__MAX","Readout, K=512, L=128, p_B=0.5, p_C=0.5, B=4, eps=0 - ic2_acc","Readout, K=512, L=128, p_B=0.5, p_C=0.5, B=4, eps=0 - ic2_acc__MIN","Readout, K=512, L=128, p_B=0.5, p_C=0.5, B=4, eps=0 - ic2_acc__MAX","Readout, K=512, L=128, p_B=0.5, p_C=0.5, B=4, eps=0 - iw_acc","Readout, K=512, L=128, p_B=0.5, p_C=0.5, B=4, eps=0 - iw_acc__MIN","Readout, K=512, L=128, p_B=0.5, p_C=0.5, B=4, eps=0 - iw_acc__MAX","Readout, K=512, L=128, p_B=0.5, p_C=0.5, B=4, eps=0 - test_acc","Readout, K=512, L=128, p_B=0.5, p_C=0.5, B=4, eps=0 - test_acc__MIN","Readout, K=512, L=128, p_B=0.5, p_C=0.5, B=4, eps=0 - test_acc__MAX","Readout, K=512, L=16, p_B=0.5, p_C=0.5, B=4, eps=0 - ic1_acc","Readout, K=512, L=16, p_B=0.5, p_C=0.5, B=4, eps=0 - ic1_acc__MIN","Readout, K=512, L=16, p_B=0.5, p_C=0.5, B=4, eps=0 - ic1_acc__MAX","Readout, K=512, L=16, p_B=0.5, p_C=0.5, B=4, eps=0 - ic2_acc","Readout, K=512, L=16, p_B=0.5, p_C=0.5, B=4, eps=0 - ic2_acc__MIN","Readout, K=512, L=16, p_B=0.5, p_C=0.5, B=4, eps=0 - ic2_acc__MAX","Readout, K=512, L=16, p_B=0.5, p_C=0.5, B=4, eps=0 - iw_acc","Readout, K=512, L=16, p_B=0.5, p_C=0.5, B=4, eps=0 - iw_acc__MIN","Readout, K=512, L=16, p_B=0.5, p_C=0.5, B=4, eps=0 - iw_acc__MAX","Readout, K=512, L=16, p_B=0.5, p_C=0.5, B=4, eps=0 - test_acc","Readout, K=512, L=16, p_B=0.5, p_C=0.5, B=4, eps=0 - test_acc__MIN","Readout, K=512, L=16, p_B=0.5, p_C=0.5, B=4, eps=0 - test_acc__MAX","Readout, K=512, L=64, p_B=0.5, p_C=0.5, B=4, eps=0 - ic1_acc","Readout, K=512, L=64, p_B=0.5, p_C=0.5, B=4, eps=0 - ic1_acc__MIN","Readout, K=512, L=64, p_B=0.5, p_C=0.5, B=4, eps=0 - ic1_acc__MAX","Readout, K=512, L=64, p_B=0.5, p_C=0.5, B=4, eps=0 - ic2_acc","Readout, K=512, L=64, p_B=0.5, p_C=0.5, B=4, eps=0 - ic2_acc__MIN","Readout, K=512, L=64, p_B=0.5, p_C=0.5, B=4, eps=0 - ic2_acc__MAX","Readout, K=512, L=64, p_B=0.5, p_C=0.5, B=4, eps=0 - iw_acc","Readout, K=512, L=64, p_B=0.5, p_C=0.5, B=4, eps=0 - iw_acc__MIN","Readout, K=512, L=64, p_B=0.5, p_C=0.5, B=4, eps=0 - iw_acc__MAX","Readout, K=512, L=64, p_B=0.5, p_C=0.5, B=4, eps=0 - test_acc","Readout, K=512, L=64, p_B=0.5, p_C=0.5, B=4, eps=0 - test_acc__MIN","Readout, K=512, L=64, p_B=0.5, p_C=0.5, B=4, eps=0 - test_acc__MAX","Readout, K=512, L=32, p_B=0.5, p_C=0.5, B=4, eps=0 - ic1_acc","Readout, K=512, L=32, p_B=0.5, p_C=0.5, B=4, eps=0 - ic1_acc__MIN","Readout, K=512, L=32, p_B=0.5, p_C=0.5, B=4, eps=0 - ic1_acc__MAX","Readout, K=512, L=32, p_B=0.5, p_C=0.5, B=4, eps=0 - ic2_acc","Readout, K=512, L=32, p_B=0.5, p_C=0.5, B=4, eps=0 - ic2_acc__MIN","Readout, K=512, L=32, p_B=0.5, p_C=0.5, B=4, eps=0 - ic2_acc__MAX","Readout, K=512, L=32, p_B=0.5, p_C=0.5, B=4, eps=0 - iw_acc","Readout, K=512, L=32, p_B=0.5, p_C=0.5, B=4, eps=0 - iw_acc__MIN","Readout, K=512, L=32, p_B=0.5, p_C=0.5, B=4, eps=0 - iw_acc__MAX","Readout, K=512, L=32, p_B=0.5, p_C=0.5, B=4, eps=0 - test_acc","Readout, K=512, L=32, p_B=0.5, p_C=0.5, B=4, eps=0 - test_acc__MIN","Readout, K=512, L=32, p_B=0.5, p_C=0.5, B=4, eps=0 - test_acc__MAX"
"1","0.30559998750686646","0.30559998750686646","0.30559998750686646","0.28759998083114624","0.28759998083114624","0.28759998083114624","0.1266999989748001","0.1266999989748001","0.1266999989748001","0.2529999911785126","0.2529999911785126","0.2529999911785126","0.010099999606609344","0.010099999606609344","0.010099999606609344","0.010799999348819256","0.010799999348819256","0.010799999348819256","0.008200000040233135","0.008200000040233135","0.008200000040233135","0.007999999448657036","0.007999999448657036","0.007999999448657036","0.1736999899148941","0.1736999899148941","0.1736999899148941","0.18310000002384186","0.18310000002384186","0.18310000002384186","0.06359999626874924","0.06359999626874924","0.06359999626874924","0.1607999950647354","0.1607999950647354","0.1607999950647354","0.03959999978542328","0.03959999978542328","0.03959999978542328","0.028199998661875725","0.028199998661875725","0.028199998661875725","0.016499999910593033","0.016499999910593033","0.016499999910593033","0.025100000202655792","0.025100000202655792","0.025100000202655792","0.07090000063180923","0.07090000063180923","0.07090000063180923","0.058399997651576996","0.058399997651576996","0.058399997651576996","0.03139999881386757","0.03139999881386757","0.03139999881386757","0.05570000037550926","0.05570000037550926","0.05570000037550926"
"12","0.5733999609947205","0.5733999609947205","0.5733999609947205","0.5730999708175659","0.5730999708175659","0.5730999708175659","0.1265999972820282","0.1265999972820282","0.1265999972820282","0.4657000005245209","0.4657000005245209","0.4657000005245209","0.07440000027418137","0.07440000027418137","0.07440000027418137","0.07580000162124634","0.07580000162124634","0.07580000162124634","0.009999999776482582","0.009999999776482582","0.009999999776482582","0.06159999966621399","0.06159999966621399","0.06159999966621399","0.5016999840736389","0.5016999840736389","0.5016999840736389","0.5097000002861023","0.5097000002861023","0.5097000002861023","0.06199999898672104","0.06199999898672104","0.06199999898672104","0.3983999788761139","0.3983999788761139","0.3983999788761139","0.23899999260902405","0.23899999260902405","0.23899999260902405","0.20919999480247498","0.20919999480247498","0.20919999480247498","0.016499999910593033","0.016499999910593033","0.016499999910593033","0.16279999911785126","0.16279999911785126","0.16279999911785126","0.33149999380111694","0.33149999380111694","0.33149999380111694","0.32749998569488525","0.32749998569488525","0.32749998569488525","0.032899998128414154","0.032899998128414154","0.032899998128414154","0.2639999985694885","0.2639999985694885","0.2639999985694885"
"23","0.5874999761581421","0.5874999761581421","0.5874999761581421","0.5924000144004822","0.5924000144004822","0.5924000144004822","0.12939999997615814","0.12939999997615814","0.12939999997615814","0.4787999987602234","0.4787999987602234","0.4787999987602234","0.17809998989105225","0.17809998989105225","0.17809998989105225","0.16679999232292175","0.16679999232292175","0.16679999232292175","0.013799999840557575","0.013799999840557575","0.013799999840557575","0.14249999821186066","0.14249999821186066","0.14249999821186066","0.5568000078201294","0.5568000078201294","0.5568000078201294","0.5717999935150146","0.5717999935150146","0.5717999935150146","0.06149999797344208","0.06149999797344208","0.06149999797344208","0.43939998745918274","0.43939998745918274","0.43939998745918274","0.4194999933242798","0.4194999933242798","0.4194999933242798","0.4122999906539917","0.4122999906539917","0.4122999906539917","0.02149999886751175","0.02149999886751175","0.02149999886751175","0.31129997968673706","0.31129997968673706","0.31129997968673706","0.5030999779701233","0.5030999779701233","0.5030999779701233","0.5011000037193298","0.5011000037193298","0.5011000037193298","0.03529999777674675","0.03529999777674675","0.03529999777674675","0.3877999782562256","0.3877999782562256","0.3877999782562256"
"34","0.6279000043869019","0.6279000043869019","0.6279000043869019","0.632099986076355","0.632099986076355","0.632099986076355","0.1306999921798706","0.1306999921798706","0.1306999921798706","0.508899986743927","0.508899986743927","0.508899986743927","0.27140000462532043","0.27140000462532043","0.27140000462532043","0.27230000495910645","0.27230000495910645","0.27230000495910645","0.013299999758601189","0.013299999758601189","0.013299999758601189","0.23089998960494995","0.23089998960494995","0.23089998960494995","0.6297000050544739","0.6297000050544739","0.6297000050544739","0.6416000127792358","0.6416000127792358","0.6416000127792358","0.0640999972820282","0.0640999972820282","0.0640999972820282","0.4869999885559082","0.4869999885559082","0.4869999885559082","0.5151000022888184","0.5151000022888184","0.5151000022888184","0.5005999803543091","0.5005999803543091","0.5005999803543091","0.02329999953508377","0.02329999953508377","0.02329999953508377","0.4001999795436859","0.4001999795436859","0.4001999795436859","0.5566999912261963","0.5566999912261963","0.5566999912261963","0.5554999709129333","0.5554999709129333","0.5554999709129333","0.04010000079870224","0.04010000079870224","0.04010000079870224","0.4390999972820282","0.4390999972820282","0.4390999972820282"
"45","0.743399977684021","0.743399977684021","0.743399977684021","0.7533999681472778","0.7533999681472778","0.7533999681472778","0.13269999623298645","0.13269999623298645","0.13269999623298645","0.5959999561309814","0.5959999561309814","0.5959999561309814","0.39969998598098755","0.39969998598098755","0.39969998598098755","0.40129998326301575","0.40129998326301575","0.40129998326301575","0.0139999995008111","0.0139999995008111","0.0139999995008111","0.33009999990463257","0.33009999990463257","0.33009999990463257","0.8060999512672424","0.8060999512672424","0.8060999512672424","0.8237999677658081","0.8237999677658081","0.8237999677658081","0.06859999895095825","0.06859999895095825","0.06859999895095825","0.6292999982833862","0.6292999982833862","0.6292999982833862","0.6714000105857849","0.6714000105857849","0.6714000105857849","0.6823999881744385","0.6823999881744385","0.6823999881744385","0.02410000003874302","0.02410000003874302","0.02410000003874302","0.5322999954223633","0.5322999954223633","0.5322999954223633","0.7561999559402466","0.7561999559402466","0.7561999559402466","0.7554999589920044","0.7554999589920044","0.7554999589920044","0.044199999421834946","0.044199999421834946","0.044199999421834946","0.5866000056266785","0.5866000056266785","0.5866000056266785"
"56","0.8775999546051025","0.8775999546051025","0.8775999546051025","0.8805999755859375","0.8805999755859375","0.8805999755859375","0.14010000228881836","0.14010000228881836","0.14010000228881836","0.6985999941825867","0.6985999941825867","0.6985999941825867","0.6887999773025513","0.6887999773025513","0.6887999773025513","0.70169997215271","0.70169997215271","0.70169997215271","0.022599998861551285","0.022599998861551285","0.022599998861551285","0.543999969959259","0.543999969959259","0.543999969959259","0.9261999726295471","0.9261999726295471","0.9261999726295471","0.9380999803543091","0.9380999803543091","0.9380999803543091","0.07239999622106552","0.07239999622106552","0.07239999622106552","0.7184000015258789","0.7184000015258789","0.7184000015258789","0.9115999937057495","0.9115999937057495","0.9115999937057495","0.9213999509811401","0.9213999509811401","0.9213999509811401","0.029999999329447746","0.029999999329447746","0.029999999329447746","0.7116999626159668","0.7116999626159668","0.7116999626159668","0.9200999736785889","0.9200999736785889","0.9200999736785889","0.9246000051498413","0.9246000051498413","0.9246000051498413","0.04989999905228615","0.04989999905228615","0.04989999905228615","0.7190999984741211","0.7190999984741211","0.7190999984741211"
"67","0.9156999588012695","0.9156999588012695","0.9156999588012695","0.9337999820709229","0.9337999820709229","0.9337999820709229","0.1387999951839447","0.1387999951839447","0.1387999951839447","0.733199954032898","0.733199954032898","0.733199954032898","0.9476999640464783","0.9476999640464783","0.9476999640464783","0.9521999955177307","0.9521999955177307","0.9521999955177307","0.0357000008225441","0.0357000008225441","0.0357000008225441","0.7245000004768372","0.7245000004768372","0.7245000004768372","0.9828999638557434","0.9828999638557434","0.9828999638557434","0.9853999614715576","0.9853999614715576","0.9853999614715576","0.07349999994039536","0.07349999994039536","0.07349999994039536","0.7599999904632568","0.7599999904632568","0.7599999904632568","0.9881999492645264","0.9881999492645264","0.9881999492645264","0.9863999485969543","0.9863999485969543","0.9863999485969543","0.03619999811053276","0.03619999811053276","0.03619999811053276","0.7565000057220459","0.7565000057220459","0.7565000057220459","0.975600004196167","0.975600004196167","0.975600004196167","0.9786999821662903","0.9786999821662903","0.9786999821662903","0.054999999701976776","0.054999999701976776","0.054999999701976776","0.7604999542236328","0.7604999542236328","0.7604999542236328"
"78","0.9684999585151672","0.9684999585151672","0.9684999585151672","0.976699948310852","0.976699948310852","0.976699948310852","0.14409999549388885","0.14409999549388885","0.14409999549388885","0.7681999802589417","0.7681999802589417","0.7681999802589417","0.9923999905586243","0.9923999905586243","0.9923999905586243","0.9944999814033508","0.9944999814033508","0.9944999814033508","0.0625","0.0625","0.0625","0.7619999647140503","0.7619999647140503","0.7619999647140503","0.995199978351593","0.995199978351593","0.995199978351593","0.9939999580383301","0.9939999580383301","0.9939999580383301","0.07989999651908875","0.07989999651908875","0.07989999651908875","0.7700999975204468","0.7700999975204468","0.7700999975204468","0.9972999691963196","0.9972999691963196","0.9972999691963196","0.9966999888420105","0.9966999888420105","0.9966999888420105","0.0494999997317791","0.0494999997317791","0.0494999997317791","0.7671999931335449","0.7671999931335449","0.7671999931335449","0.9943999648094177","0.9943999648094177","0.9943999648094177","0.9924999475479126","0.9924999475479126","0.9924999475479126","0.07119999825954437","0.07119999825954437","0.07119999825954437","0.7730000019073486","0.7730000019073486","0.7730000019073486"
"89","0.9847999811172485","0.9847999811172485","0.9847999811172485","0.9910999536514282","0.9910999536514282","0.9910999536514282","0.14630000293254852","0.14630000293254852","0.14630000293254852","0.7833999991416931","0.7833999991416931","0.7833999991416931","0.9975000023841858","0.9975000023841858","0.9975000023841858","0.9975000023841858","0.9975000023841858","0.9975000023841858","0.08609999716281891","0.08609999716281891","0.08609999716281891","0.7718999981880188","0.7718999981880188","0.7718999981880188","0.9979999661445618","0.9979999661445618","0.9979999661445618","0.9977999925613403","0.9977999925613403","0.9977999925613403","0.0762999951839447","0.0762999951839447","0.0762999951839447","0.7719999551773071","0.7719999551773071","0.7719999551773071","0.9987999796867371","0.9987999796867371","0.9987999796867371","0.9985999464988708","0.9985999464988708","0.9985999464988708","0.06599999964237213","0.06599999964237213","0.06599999964237213","0.7723999619483948","0.7723999619483948","0.7723999619483948","0.9975000023841858","0.9975000023841858","0.9975000023841858","0.9985999464988708","0.9985999464988708","0.9985999464988708","0.07849999517202377","0.07849999517202377","0.07849999517202377","0.779699981212616","0.779699981212616","0.779699981212616"
"100","0.9901999831199646","0.9901999831199646","0.9901999831199646","0.9939000010490417","0.9939000010490417","0.9939000010490417","0.14499999582767487","0.14499999582767487","0.14499999582767487","0.7852999567985535","0.7852999567985535","0.7852999567985535","0.9983999729156494","0.9983999729156494","0.9983999729156494","0.9983999729156494","0.9983999729156494","0.9983999729156494","0.07759999483823776","0.07759999483823776","0.07759999483823776","0.7702999711036682","0.7702999711036682","0.7702999711036682","0.998699963092804","0.998699963092804","0.998699963092804","0.9989999532699585","0.9989999532699585","0.9989999532699585","0.08219999819993973","0.08219999819993973","0.08219999819993973","0.7753999829292297","0.7753999829292297","0.7753999829292297","0.9993999600410461","0.9993999600410461","0.9993999600410461","0.9994999766349792","0.9994999766349792","0.9994999766349792","0.07509999722242355","0.07509999722242355","0.07509999722242355","0.7727999687194824","0.7727999687194824","0.7727999687194824","0.9987999796867371","0.9987999796867371","0.9987999796867371","0.9995999932289124","0.9995999932289124","0.9995999932289124","0.08819999545812607","0.08819999545812607","0.08819999545812607","0.7820000052452087","0.7820000052452087","0.7820000052452087"
"111","0.9980999827384949","0.9980999827384949","0.9980999827384949","0.9993000030517578","0.9993000030517578","0.9993000030517578","0.15199999511241913","0.15199999511241913","0.15199999511241913","0.7886999845504761","0.7886999845504761","0.7886999845504761","0.9989999532699585","0.9989999532699585","0.9989999532699585","0.9996999502182007","0.9996999502182007","0.9996999502182007","0.10260000079870224","0.10260000079870224","0.10260000079870224","0.7763999700546265","0.7763999700546265","0.7763999700546265","0.9994999766349792","0.9994999766349792","0.9994999766349792","0.9991999864578247","0.9991999864578247","0.9991999864578247","0.09389999508857727","0.09389999508857727","0.09389999508857727","0.7756999731063843","0.7756999731063843","0.7756999731063843","0.9998999834060669","0.9998999834060669","0.9998999834060669","0.9993999600410461","0.9993999600410461","0.9993999600410461","0.08179999887943268","0.08179999887943268","0.08179999887943268","0.7760999798774719","0.7760999798774719","0.7760999798774719","0.9995999932289124","0.9995999932289124","0.9995999932289124","0.9998999834060669","0.9998999834060669","0.9998999834060669","0.07880000025033951","0.07880000025033951","0.07880000025033951","0.7798999547958374","0.7798999547958374","0.7798999547958374"
"122","0.9966999888420105","0.9966999888420105","0.9966999888420105","0.9993000030517578","0.9993000030517578","0.9993000030517578","0.15569999814033508","0.15569999814033508","0.15569999814033508","0.792199969291687","0.792199969291687","0.792199969291687","0.9995999932289124","0.9995999932289124","0.9995999932289124","0.9993999600410461","0.9993999600410461","0.9993999600410461","0.1232999935746193","0.1232999935746193","0.1232999935746193","0.7804999947547913","0.7804999947547913","0.7804999947547913","0.9994999766349792","0.9994999766349792","0.9994999766349792","0.9996999502182007","0.9996999502182007","0.9996999502182007","0.10209999978542328","0.10209999978542328","0.10209999978542328","0.7791999578475952","0.7791999578475952","0.7791999578475952","0.9996999502182007","0.9996999502182007","0.9996999502182007","0.9998999834060669","0.9998999834060669","0.9998999834060669","0.10289999842643738","0.10289999842643738","0.10289999842643738","0.7817999720573425","0.7817999720573425","0.7817999720573425","0.9993000030517578","0.9993000030517578","0.9993000030517578","0.9998999834060669","0.9998999834060669","0.9998999834060669","0.11369999498128891","0.11369999498128891","0.11369999498128891","0.7884999513626099","0.7884999513626099","0.7884999513626099"
"133","0.998699963092804","0.998699963092804","0.998699963092804","0.9997999668121338","0.9997999668121338","0.9997999668121338","0.16300000250339508","0.16300000250339508","0.16300000250339508","0.7935000061988831","0.7935000061988831","0.7935000061988831","0.9998999834060669","0.9998999834060669","0.9998999834060669","0.9997999668121338","0.9997999668121338","0.9997999668121338","0.16099999845027924","0.16099999845027924","0.16099999845027924","0.7899999618530273","0.7899999618530273","0.7899999618530273","0.9996999502182007","0.9996999502182007","0.9996999502182007","0.9996999502182007","0.9996999502182007","0.9996999502182007","0.10830000042915344","0.10830000042915344","0.10830000042915344","0.7809000015258789","0.7809000015258789","0.7809000015258789","1","1","1","0.9997999668121338","0.9997999668121338","0.9997999668121338","0.09719999879598618","0.09719999879598618","0.09719999879598618","0.781499981880188","0.781499981880188","0.781499981880188","0.9993999600410461","0.9993999600410461","0.9993999600410461","1","1","1","0.11959999799728394","0.11959999799728394","0.11959999799728394","0.7913999557495117","0.7913999557495117","0.7913999557495117"
"144","0.9993000030517578","0.9993000030517578","0.9993000030517578","0.9998999834060669","0.9998999834060669","0.9998999834060669","0.16499999165534973","0.16499999165534973","0.16499999165534973","0.7932999730110168","0.7932999730110168","0.7932999730110168","0.9998999834060669","0.9998999834060669","0.9998999834060669","0.9996999502182007","0.9996999502182007","0.9996999502182007","0.15539999306201935","0.15539999306201935","0.15539999306201935","0.7872999906539917","0.7872999906539917","0.7872999906539917","1","1","1","0.9998999834060669","0.9998999834060669","0.9998999834060669","0.10899999737739563","0.10899999737739563","0.10899999737739563","0.7803999781608582","0.7803999781608582","0.7803999781608582","0.9998999834060669","0.9998999834060669","0.9998999834060669","0.9998999834060669","0.9998999834060669","0.9998999834060669","0.12780000269412994","0.12780000269412994","0.12780000269412994","0.7881999611854553","0.7881999611854553","0.7881999611854553","0.9996999502182007","0.9996999502182007","0.9996999502182007","0.9998999834060669","0.9998999834060669","0.9998999834060669","0.13740000128746033","0.13740000128746033","0.13740000128746033","0.7953000068664551","0.7953000068664551","0.7953000068664551"
"155","0.9997999668121338","0.9997999668121338","0.9997999668121338","0.9998999834060669","0.9998999834060669","0.9998999834060669","0.1809999942779541","0.1809999942779541","0.1809999942779541","0.7976999878883362","0.7976999878883362","0.7976999878883362","0.9998999834060669","0.9998999834060669","0.9998999834060669","0.9997999668121338","0.9997999668121338","0.9997999668121338","0.19769999384880066","0.19769999384880066","0.19769999384880066","0.7990999817848206","0.7990999817848206","0.7990999817848206","0.9998999834060669","0.9998999834060669","0.9998999834060669","0.9998999834060669","0.9998999834060669","0.9998999834060669","0.12349999696016312","0.12349999696016312","0.12349999696016312","0.7815999984741211","0.7815999984741211","0.7815999984741211","0.9997999668121338","0.9997999668121338","0.9997999668121338","1","1","1","0.14000000059604645","0.14000000059604645","0.14000000059604645","0.7897999882698059","0.7897999882698059","0.7897999882698059","0.9997999668121338","0.9997999668121338","0.9997999668121338","1","1","1","0.13379999995231628","0.13379999995231628","0.13379999995231628","0.795199990272522","0.795199990272522","0.795199990272522"
"166","0.9997999668121338","0.9997999668121338","0.9997999668121338","0.9997999668121338","0.9997999668121338","0.9997999668121338","0.1876000016927719","0.1876000016927719","0.1876000016927719","0.7991999983787537","0.7991999983787537","0.7991999983787537","0.9997999668121338","0.9997999668121338","0.9997999668121338","0.9998999834060669","0.9998999834060669","0.9998999834060669","0.2298000007867813","0.2298000007867813","0.2298000007867813","0.8054999709129333","0.8054999709129333","0.8054999709129333","0.9998999834060669","0.9998999834060669","0.9998999834060669","0.9998999834060669","0.9998999834060669","0.9998999834060669","0.12780000269412994","0.12780000269412994","0.12780000269412994","0.7838999629020691","0.7838999629020691","0.7838999629020691","0.9998999834060669","0.9998999834060669","0.9998999834060669","1","1","1","0.16040000319480896","0.16040000319480896","0.16040000319480896","0.7943999767303467","0.7943999767303467","0.7943999767303467","0.9996999502182007","0.9996999502182007","0.9996999502182007","1","1","1","0.1394999921321869","0.1394999921321869","0.1394999921321869","0.7963999509811401","0.7963999509811401","0.7963999509811401"
"177","0.9993000030517578","0.9993000030517578","0.9993000030517578","0.9998999834060669","0.9998999834060669","0.9998999834060669","0.19990000128746033","0.19990000128746033","0.19990000128746033","0.8011999726295471","0.8011999726295471","0.8011999726295471","0.9998999834060669","0.9998999834060669","0.9998999834060669","1","1","1","0.2442999929189682","0.2442999929189682","0.2442999929189682","0.8086999654769897","0.8086999654769897","0.8086999654769897","0.9998999834060669","0.9998999834060669","0.9998999834060669","0.9998999834060669","0.9998999834060669","0.9998999834060669","0.13830000162124634","0.13830000162124634","0.13830000162124634","0.7871999740600586","0.7871999740600586","0.7871999740600586","0.9998999834060669","0.9998999834060669","0.9998999834060669","1","1","1","0.1533999890089035","0.1533999890089035","0.1533999890089035","0.7922999858856201","0.7922999858856201","0.7922999858856201","0.9996999502182007","0.9996999502182007","0.9996999502182007","1","1","1","0.14549998939037323","0.14549998939037323","0.14549998939037323","0.7989999651908875","0.7989999651908875","0.7989999651908875"
"188","0.9996999502182007","0.9996999502182007","0.9996999502182007","1","1","1","0.20520000159740448","0.20520000159740448","0.20520000159740448","0.802899956703186","0.802899956703186","0.802899956703186","0.9993000030517578","0.9993000030517578","0.9993000030517578","0.9996999502182007","0.9996999502182007","0.9996999502182007","0.23959998786449432","0.23959998786449432","0.23959998786449432","0.8102999925613403","0.8102999925613403","0.8102999925613403","0.9998999834060669","0.9998999834060669","0.9998999834060669","0.9998999834060669","0.9998999834060669","0.9998999834060669","0.1445000022649765","0.1445000022649765","0.1445000022649765","0.7893999814987183","0.7893999814987183","0.7893999814987183","1","1","1","1","1","1","0.1679999977350235","0.1679999977350235","0.1679999977350235","0.7960999608039856","0.7960999608039856","0.7960999608039856","0.9996999502182007","0.9996999502182007","0.9996999502182007","1","1","1","0.1615999937057495","0.1615999937057495","0.1615999937057495","0.8018999695777893","0.8018999695777893","0.8018999695777893"
"199","0.9998999834060669","0.9998999834060669","0.9998999834060669","1","1","1","0.20979999005794525","0.20979999005794525","0.20979999005794525","0.8062999844551086","0.8062999844551086","0.8062999844551086","0.9998999834060669","0.9998999834060669","0.9998999834060669","1","1","1","0.26089999079704285","0.26089999079704285","0.26089999079704285","0.8173999786376953","0.8173999786376953","0.8173999786376953","0.9998999834060669","0.9998999834060669","0.9998999834060669","1","1","1","0.15230000019073486","0.15230000019073486","0.15230000019073486","0.7914999723434448","0.7914999723434448","0.7914999723434448","0.9998999834060669","0.9998999834060669","0.9998999834060669","1","1","1","0.17629998922348022","0.17629998922348022","0.17629998922348022","0.8004999756813049","0.8004999756813049","0.8004999756813049","0.9997999668121338","0.9997999668121338","0.9997999668121338","1","1","1","0.16189999878406525","0.16189999878406525","0.16189999878406525","0.800599992275238","0.800599992275238","0.800599992275238"
"210","0.9998999834060669","0.9998999834060669","0.9998999834060669","1","1","1","0.22619999945163727","0.22619999945163727","0.22619999945163727","0.8070999979972839","0.8070999979972839","0.8070999979972839","1","1","1","0.9998999834060669","0.9998999834060669","0.9998999834060669","0.2793999910354614","0.2793999910354614","0.2793999910354614","0.8191999793052673","0.8191999793052673","0.8191999793052673","0.9997999668121338","0.9997999668121338","0.9997999668121338","1","1","1","0.16339999437332153","0.16339999437332153","0.16339999437332153","0.7928999662399292","0.7928999662399292","0.7928999662399292","0.9997999668121338","0.9997999668121338","0.9997999668121338","1","1","1","0.1824999898672104","0.1824999898672104","0.1824999898672104","0.8008999824523926","0.8008999824523926","0.8008999824523926","0.9996999502182007","0.9996999502182007","0.9996999502182007","1","1","1","0.19249999523162842","0.19249999523162842","0.19249999523162842","0.8093999624252319","0.8093999624252319","0.8093999624252319"
"221","1","1","1","1","1","1","0.23399999737739563","0.23399999737739563","0.23399999737739563","0.8118999600410461","0.8118999600410461","0.8118999600410461","1","1","1","1","1","1","0.25949999690055847","0.25949999690055847","0.25949999690055847","0.8133999705314636","0.8133999705314636","0.8133999705314636","1","1","1","1","1","1","0.17599999904632568","0.17599999904632568","0.17599999904632568","0.7942999601364136","0.7942999601364136","0.7942999601364136","0.9998999834060669","0.9998999834060669","0.9998999834060669","1","1","1","0.17819999158382416","0.17819999158382416","0.17819999158382416","0.8024999499320984","0.8024999499320984","0.8024999499320984","0.9997999668121338","0.9997999668121338","0.9997999668121338","1","1","1","0.1914999932050705","0.1914999932050705","0.1914999932050705","0.8096999526023865","0.8096999526023865","0.8096999526023865"
"232","0.9998999834060669","0.9998999834060669","0.9998999834060669","1","1","1","0.23899999260902405","0.23899999260902405","0.23899999260902405","0.8112999796867371","0.8112999796867371","0.8112999796867371","0.9998999834060669","0.9998999834060669","0.9998999834060669","1","1","1","0.3114999830722809","0.3114999830722809","0.3114999830722809","0.8276999592781067","0.8276999592781067","0.8276999592781067","1","1","1","1","1","1","0.18320000171661377","0.18320000171661377","0.18320000171661377","0.7994999885559082","0.7994999885559082","0.7994999885559082","1","1","1","1","1","1","0.19449999928474426","0.19449999928474426","0.19449999928474426","0.8052999973297119","0.8052999973297119","0.8052999973297119","0.9997999668121338","0.9997999668121338","0.9997999668121338","1","1","1","0.19589999318122864","0.19589999318122864","0.19589999318122864","0.808899998664856","0.808899998664856","0.808899998664856"
"243","0.9998999834060669","0.9998999834060669","0.9998999834060669","1","1","1","0.24689999222755432","0.24689999222755432","0.24689999222755432","0.8134999871253967","0.8134999871253967","0.8134999871253967","1","1","1","1","1","1","0.3333999812602997","0.3333999812602997","0.3333999812602997","0.8316999673843384","0.8316999673843384","0.8316999673843384","1","1","1","1","1","1","0.17839999496936798","0.17839999496936798","0.17839999496936798","0.7983999848365784","0.7983999848365784","0.7983999848365784","0.9998999834060669","0.9998999834060669","0.9998999834060669","0.9998999834060669","0.9998999834060669","0.9998999834060669","0.21449999511241913","0.21449999511241913","0.21449999511241913","0.8118999600410461","0.8118999600410461","0.8118999600410461","0.9998999834060669","0.9998999834060669","0.9998999834060669","1","1","1","0.17219999432563782","0.17219999432563782","0.17219999432563782","0.8066999912261963","0.8066999912261963","0.8066999912261963"
"254","1","1","1","1","1","1","0.24689999222755432","0.24689999222755432","0.24689999222755432","0.8123999834060669","0.8123999834060669","0.8123999834060669","1","1","1","1","1","1","0.3203999996185303","0.3203999996185303","0.3203999996185303","0.8287000060081482","0.8287000060081482","0.8287000060081482","1","1","1","1","1","1","0.17479999363422394","0.17479999363422394","0.17479999363422394","0.7964999675750732","0.7964999675750732","0.7964999675750732","0.9997999668121338","0.9997999668121338","0.9997999668121338","1","1","1","0.20080000162124634","0.20080000162124634","0.20080000162124634","0.8071999549865723","0.8071999549865723","0.8071999549865723","0.9997999668121338","0.9997999668121338","0.9997999668121338","1","1","1","0.20960000157356262","0.20960000157356262","0.20960000157356262","0.8132999539375305","0.8132999539375305","0.8132999539375305"
"265","0.9998999834060669","0.9998999834060669","0.9998999834060669","1","1","1","0.2624000012874603","0.2624000012874603","0.2624000012874603","0.8179000020027161","0.8179000020027161","0.8179000020027161","1","1","1","1","1","1","0.32499998807907104","0.32499998807907104","0.32499998807907104","0.8317999839782715","0.8317999839782715","0.8317999839782715","1","1","1","1","1","1","0.18469999730587006","0.18469999730587006","0.18469999730587006","0.7993999719619751","0.7993999719619751","0.7993999719619751","1","1","1","1","1","1","0.20600000023841858","0.20600000023841858","0.20600000023841858","0.8083999752998352","0.8083999752998352","0.8083999752998352","0.9993999600410461","0.9993999600410461","0.9993999600410461","1","1","1","0.23009999096393585","0.23009999096393585","0.23009999096393585","0.8193999528884888","0.8193999528884888","0.8193999528884888"
"276","1","1","1","1","1","1","0.27399998903274536","0.27399998903274536","0.27399998903274536","0.8211999535560608","0.8211999535560608","0.8211999535560608","1","1","1","1","1","1","0.3109000027179718","0.3109000027179718","0.3109000027179718","0.8278999924659729","0.8278999924659729","0.8278999924659729","0.9998999834060669","0.9998999834060669","0.9998999834060669","1","1","1","0.21149998903274536","0.21149998903274536","0.21149998903274536","0.8054999709129333","0.8054999709129333","0.8054999709129333","1","1","1","1","1","1","0.2368999868631363","0.2368999868631363","0.2368999868631363","0.8137999773025513","0.8137999773025513","0.8137999773025513","0.9994999766349792","0.9994999766349792","0.9994999766349792","1","1","1","0.23029999434947968","0.23029999434947968","0.23029999434947968","0.8184999823570251","0.8184999823570251","0.8184999823570251"
"287","1","1","1","1","1","1","0.27459999918937683","0.27459999918937683","0.27459999918937683","0.8222000002861023","0.8222000002861023","0.8222000002861023","1","1","1","1","1","1","0.30570000410079956","0.30570000410079956","0.30570000410079956","0.826200008392334","0.826200008392334","0.826200008392334","1","1","1","1","1","1","0.19519999623298645","0.19519999623298645","0.19519999623298645","0.8008999824523926","0.8008999824523926","0.8008999824523926","0.9998999834060669","0.9998999834060669","0.9998999834060669","1","1","1","0.22989998757839203","0.22989998757839203","0.22989998757839203","0.8122999668121338","0.8122999668121338","0.8122999668121338","0.9997999668121338","0.9997999668121338","0.9997999668121338","1","1","1","0.2224999964237213","0.2224999964237213","0.2224999964237213","0.8157999515533447","0.8157999515533447","0.8157999515533447"
"298","0.9998999834060669","0.9998999834060669","0.9998999834060669","1","1","1","0.28859999775886536","0.28859999775886536","0.28859999775886536","0.8247999548912048","0.8247999548912048","0.8247999548912048","1","1","1","1","1","1","0.3522000014781952","0.3522000014781952","0.3522000014781952","0.8391000032424927","0.8391000032424927","0.8391000032424927","0.9998999834060669","0.9998999834060669","0.9998999834060669","0.9998999834060669","0.9998999834060669","0.9998999834060669","0.19869999587535858","0.19869999587535858","0.19869999587535858","0.8018999695777893","0.8018999695777893","0.8018999695777893","1","1","1","1","1","1","0.24269999563694","0.24269999563694","0.24269999563694","0.8152999877929688","0.8152999877929688","0.8152999877929688","0.9998999834060669","0.9998999834060669","0.9998999834060669","1","1","1","0.22219999134540558","0.22219999134540558","0.22219999134540558","0.81659996509552","0.81659996509552","0.81659996509552"
"309","1","1","1","1","1","1","0.28619998693466187","0.28619998693466187","0.28619998693466187","0.8251999616622925","0.8251999616622925","0.8251999616622925","1","1","1","1","1","1","0.35599997639656067","0.35599997639656067","0.35599997639656067","0.8406999707221985","0.8406999707221985","0.8406999707221985","1","1","1","1","1","1","0.20809999108314514","0.20809999108314514","0.20809999108314514","0.8054999709129333","0.8054999709129333","0.8054999709129333","1","1","1","1","1","1","0.24369999766349792","0.24369999766349792","0.24369999766349792","0.814799964427948","0.814799964427948","0.814799964427948","0.9996999502182007","0.9996999502182007","0.9996999502182007","1","1","1","0.2345999926328659","0.2345999926328659","0.2345999926328659","0.8215000033378601","0.8215000033378601","0.8215000033378601"
"320","0.9998999834060669","0.9998999834060669","0.9998999834060669","1","1","1","0.29429998993873596","0.29429998993873596","0.29429998993873596","0.826200008392334","0.826200008392334","0.826200008392334","1","1","1","1","1","1","0.3351999819278717","0.3351999819278717","0.3351999819278717","0.8348999619483948","0.8348999619483948","0.8348999619483948","1","1","1","1","1","1","0.22869999706745148","0.22869999706745148","0.22869999706745148","0.8090999722480774","0.8090999722480774","0.8090999722480774","0.9998999834060669","0.9998999834060669","0.9998999834060669","1","1","1","0.21719999611377716","0.21719999611377716","0.21719999611377716","0.8082999587059021","0.8082999587059021","0.8082999587059021","0.9997999668121338","0.9997999668121338","0.9997999668121338","1","1","1","0.22119998931884766","0.22119998931884766","0.22119998931884766","0.8148999810218811","0.8148999810218811","0.8148999810218811"
"331","1","1","1","1","1","1","0.2881999909877777","0.2881999909877777","0.2881999909877777","0.8244999647140503","0.8244999647140503","0.8244999647140503","1","1","1","1","1","1","0.3545999825000763","0.3545999825000763","0.3545999825000763","0.8398999571800232","0.8398999571800232","0.8398999571800232","1","1","1","1","1","1","0.2255999892950058","0.2255999892950058","0.2255999892950058","0.8072999715805054","0.8072999715805054","0.8072999715805054","1","1","1","1","1","1","0.2459999918937683","0.2459999918937683","0.2459999918937683","0.8184999823570251","0.8184999823570251","0.8184999823570251","0.9997999668121338","0.9997999668121338","0.9997999668121338","1","1","1","0.24069999158382416","0.24069999158382416","0.24069999158382416","0.8211999535560608","0.8211999535560608","0.8211999535560608"
"342","1","1","1","1","1","1","0.30949997901916504","0.30949997901916504","0.30949997901916504","0.8283999562263489","0.8283999562263489","0.8283999562263489","1","1","1","1","1","1","0.3714999854564667","0.3714999854564667","0.3714999854564667","0.8416000008583069","0.8416000008583069","0.8416000008583069","1","1","1","1","1","1","0.22509999573230743","0.22509999573230743","0.22509999573230743","0.8075000047683716","0.8075000047683716","0.8075000047683716","1","1","1","1","1","1","0.25849997997283936","0.25849997997283936","0.25849997997283936","0.8215999603271484","0.8215999603271484","0.8215999603271484","0.9995999932289124","0.9995999932289124","0.9995999932289124","1","1","1","0.24009999632835388","0.24009999632835388","0.24009999632835388","0.8245999813079834","0.8245999813079834","0.8245999813079834"
"353","1","1","1","1","1","1","0.30390000343322754","0.30390000343322754","0.30390000343322754","0.8271999955177307","0.8271999955177307","0.8271999955177307","0.9998999834060669","0.9998999834060669","0.9998999834060669","1","1","1","0.3743000030517578","0.3743000030517578","0.3743000030517578","0.8414999842643738","0.8414999842643738","0.8414999842643738","1","1","1","1","1","1","0.23629999160766602","0.23629999160766602","0.23629999160766602","0.811199963092804","0.811199963092804","0.811199963092804","1","1","1","1","1","1","0.2572000026702881","0.2572000026702881","0.2572000026702881","0.8198999762535095","0.8198999762535095","0.8198999762535095","0.9997999668121338","0.9997999668121338","0.9997999668121338","1","1","1","0.23929999768733978","0.23929999768733978","0.23929999768733978","0.8208000063896179","0.8208000063896179","0.8208000063896179"
"364","1","1","1","1","1","1","0.31709998846054077","0.31709998846054077","0.31709998846054077","0.8303999900817871","0.8303999900817871","0.8303999900817871","1","1","1","1","1","1","0.34860000014305115","0.34860000014305115","0.34860000014305115","0.835599958896637","0.835599958896637","0.835599958896637","1","1","1","1","1","1","0.22919999063014984","0.22919999063014984","0.22919999063014984","0.8109999895095825","0.8109999895095825","0.8109999895095825","1","1","1","1","1","1","0.25949999690055847","0.25949999690055847","0.25949999690055847","0.8206999897956848","0.8206999897956848","0.8206999897956848","0.9998999834060669","0.9998999834060669","0.9998999834060669","1","1","1","0.24199999868869781","0.24199999868869781","0.24199999868869781","0.8208000063896179","0.8208000063896179","0.8208000063896179"
"375","1","1","1","1","1","1","0.31619998812675476","0.31619998812675476","0.31619998812675476","0.8313999772071838","0.8313999772071838","0.8313999772071838","0.9998999834060669","0.9998999834060669","0.9998999834060669","1","1","1","0.33409997820854187","0.33409997820854187","0.33409997820854187","0.8316999673843384","0.8316999673843384","0.8316999673843384","0.9998999834060669","0.9998999834060669","0.9998999834060669","0.9998999834060669","0.9998999834060669","0.9998999834060669","0.25679999589920044","0.25679999589920044","0.25679999589920044","0.814799964427948","0.814799964427948","0.814799964427948","1","1","1","1","1","1","0.2556000053882599","0.2556000053882599","0.2556000053882599","0.8219999670982361","0.8219999670982361","0.8219999670982361","0.9996999502182007","0.9996999502182007","0.9996999502182007","1","1","1","0.26249998807907104","0.26249998807907104","0.26249998807907104","0.8260999917984009","0.8260999917984009","0.8260999917984009"
"386","0.9998999834060669","0.9998999834060669","0.9998999834060669","1","1","1","0.3303000032901764","0.3303000032901764","0.3303000032901764","0.8323000073432922","0.8323000073432922","0.8323000073432922","1","1","1","1","1","1","0.3709999918937683","0.3709999918937683","0.3709999918937683","0.8396999835968018","0.8396999835968018","0.8396999835968018","1","1","1","1","1","1","0.2465999871492386","0.2465999871492386","0.2465999871492386","0.8149999976158142","0.8149999976158142","0.8149999976158142","1","1","1","0.9998999834060669","0.9998999834060669","0.9998999834060669","0.26649999618530273","0.26649999618530273","0.26649999618530273","0.8226000070571899","0.8226000070571899","0.8226000070571899","0.9997999668121338","0.9997999668121338","0.9997999668121338","1","1","1","0.25040000677108765","0.25040000677108765","0.25040000677108765","0.8233999609947205","0.8233999609947205","0.8233999609947205"
"397","1","1","1","1","1","1","0.32889997959136963","0.32889997959136963","0.32889997959136963","0.8331999778747559","0.8331999778747559","0.8331999778747559","1","1","1","1","1","1","0.3741999864578247","0.3741999864578247","0.3741999864578247","0.840999960899353","0.840999960899353","0.840999960899353","1","1","1","1","1","1","0.23639999330043793","0.23639999330043793","0.23639999330043793","0.8149999976158142","0.8149999976158142","0.8149999976158142","0.9998999834060669","0.9998999834060669","0.9998999834060669","1","1","1","0.2791000008583069","0.2791000008583069","0.2791000008583069","0.8259999752044678","0.8259999752044678","0.8259999752044678","0.9995999932289124","0.9995999932289124","0.9995999932289124","1","1","1","0.2651999890804291","0.2651999890804291","0.2651999890804291","0.8262999653816223","0.8262999653816223","0.8262999653816223"
"408","1","1","1","1","1","1","0.3018999993801117","0.3018999993801117","0.3018999993801117","0.8301999568939209","0.8301999568939209","0.8301999568939209","1","1","1","1","1","1","0.3781999945640564","0.3781999945640564","0.3781999945640564","0.8416000008583069","0.8416000008583069","0.8416000008583069","1","1","1","1","1","1","0.2498999983072281","0.2498999983072281","0.2498999983072281","0.8147000074386597","0.8147000074386597","0.8147000074386597","1","1","1","1","1","1","0.26269999146461487","0.26269999146461487","0.26269999146461487","0.821899950504303","0.821899950504303","0.821899950504303","0.9997999668121338","0.9997999668121338","0.9997999668121338","1","1","1","0.25450000166893005","0.25450000166893005","0.25450000166893005","0.8227999806404114","0.8227999806404114","0.8227999806404114"
"419","1","1","1","1","1","1","0.33629998564720154","0.33629998564720154","0.33629998564720154","0.8378999829292297","0.8378999829292297","0.8378999829292297","1","1","1","0.9998999834060669","0.9998999834060669","0.9998999834060669","0.38109999895095825","0.38109999895095825","0.38109999895095825","0.8435999751091003","0.8435999751091003","0.8435999751091003","1","1","1","1","1","1","0.262800008058548","0.262800008058548","0.262800008058548","0.8220999836921692","0.8220999836921692","0.8220999836921692","1","1","1","1","1","1","0.27410000562667847","0.27410000562667847","0.27410000562667847","0.8251999616622925","0.8251999616622925","0.8251999616622925","0.9997999668121338","0.9997999668121338","0.9997999668121338","1","1","1","0.23729999363422394","0.23729999363422394","0.23729999363422394","0.8216999769210815","0.8216999769210815","0.8216999769210815"
"430","1","1","1","1","1","1","0.33319997787475586","0.33319997787475586","0.33319997787475586","0.8349999785423279","0.8349999785423279","0.8349999785423279","1","1","1","1","1","1","0.36879998445510864","0.36879998445510864","0.36879998445510864","0.8394999504089355","0.8394999504089355","0.8394999504089355","1","1","1","1","1","1","0.24379999935626984","0.24379999935626984","0.24379999935626984","0.8143999576568604","0.8143999576568604","0.8143999576568604","1","1","1","1","1","1","0.28189998865127563","0.28189998865127563","0.28189998865127563","0.8290999531745911","0.8290999531745911","0.8290999531745911","0.9997999668121338","0.9997999668121338","0.9997999668121338","1","1","1","0.2671999931335449","0.2671999931335449","0.2671999931335449","0.8291999697685242","0.8291999697685242","0.8291999697685242"
"441","1","1","1","1","1","1","0.31700000166893005","0.31700000166893005","0.31700000166893005","0.8289999961853027","0.8289999961853027","0.8289999961853027","1","1","1","1","1","1","0.37950000166893005","0.37950000166893005","0.37950000166893005","0.8441999554634094","0.8441999554634094","0.8441999554634094","1","1","1","1","1","1","0.2578999996185303","0.2578999996185303","0.2578999996185303","0.8168999552726746","0.8168999552726746","0.8168999552726746","1","1","1","1","1","1","0.2557999789714813","0.2557999789714813","0.2557999789714813","0.8215999603271484","0.8215999603271484","0.8215999603271484","0.9996999502182007","0.9996999502182007","0.9996999502182007","1","1","1","0.2857999801635742","0.2857999801635742","0.2857999801635742","0.8333999514579773","0.8333999514579773","0.8333999514579773"
"452","1","1","1","1","1","1","0.33709999918937683","0.33709999918937683","0.33709999918937683","0.8359000086784363","0.8359000086784363","0.8359000086784363","1","1","1","1","1","1","0.3791999816894531","0.3791999816894531","0.3791999816894531","0.8448999524116516","0.8448999524116516","0.8448999524116516","1","1","1","1","1","1","0.27079999446868896","0.27079999446868896","0.27079999446868896","0.8226000070571899","0.8226000070571899","0.8226000070571899","1","1","1","1","1","1","0.26350000500679016","0.26350000500679016","0.26350000500679016","0.8230999708175659","0.8230999708175659","0.8230999708175659","0.9998999834060669","0.9998999834060669","0.9998999834060669","1","1","1","0.2523999810218811","0.2523999810218811","0.2523999810218811","0.8260999917984009","0.8260999917984009","0.8260999917984009"
"463","1","1","1","1","1","1","0.3416000008583069","0.3416000008583069","0.3416000008583069","0.8360999822616577","0.8360999822616577","0.8360999822616577","1","1","1","1","1","1","0.3919999897480011","0.3919999897480011","0.3919999897480011","0.8470999598503113","0.8470999598503113","0.8470999598503113","1","1","1","1","1","1","0.26179999113082886","0.26179999113082886","0.26179999113082886","0.8192999958992004","0.8192999958992004","0.8192999958992004","1","1","1","1","1","1","0.2786000072956085","0.2786000072956085","0.2786000072956085","0.8283999562263489","0.8283999562263489","0.8283999562263489","0.9996999502182007","0.9996999502182007","0.9996999502182007","1","1","1","0.26420000195503235","0.26420000195503235","0.26420000195503235","0.8287000060081482","0.8287000060081482","0.8287000060081482"
"474","1","1","1","1","1","1","0.34109997749328613","0.34109997749328613","0.34109997749328613","0.8349999785423279","0.8349999785423279","0.8349999785423279","1","1","1","1","1","1","0.39089998602867126","0.39089998602867126","0.39089998602867126","0.8456999659538269","0.8456999659538269","0.8456999659538269","1","1","1","1","1","1","0.27809998393058777","0.27809998393058777","0.27809998393058777","0.8240000009536743","0.8240000009536743","0.8240000009536743","1","1","1","1","1","1","0.2744999825954437","0.2744999825954437","0.2744999825954437","0.8269000053405762","0.8269000053405762","0.8269000053405762","0.9998999834060669","0.9998999834060669","0.9998999834060669","1","1","1","0.273499995470047","0.273499995470047","0.273499995470047","0.8299999833106995","0.8299999833106995","0.8299999833106995"
"485","1","1","1","1","1","1","0.3497999906539917","0.3497999906539917","0.3497999906539917","0.8402000069618225","0.8402000069618225","0.8402000069618225","1","1","1","1","1","1","0.3666999936103821","0.3666999936103821","0.3666999936103821","0.839199960231781","0.839199960231781","0.839199960231781","1","1","1","1","1","1","0.28290000557899475","0.28290000557899475","0.28290000557899475","0.8228999972343445","0.8228999972343445","0.8228999972343445","1","1","1","1","1","1","0.2818000018596649","0.2818000018596649","0.2818000018596649","0.8287999629974365","0.8287999629974365","0.8287999629974365","1","1","1","1","1","1","0.2736999988555908","0.2736999988555908","0.2736999988555908","0.8312999606132507","0.8312999606132507","0.8312999606132507"
"496","1","1","1","1","1","1","0.34279999136924744","0.34279999136924744","0.34279999136924744","0.8363999724388123","0.8363999724388123","0.8363999724388123","1","1","1","1","1","1","0.369299978017807","0.369299978017807","0.369299978017807","0.8387999534606934","0.8387999534606934","0.8387999534606934","1","1","1","1","1","1","0.27869999408721924","0.27869999408721924","0.27869999408721924","0.8230999708175659","0.8230999708175659","0.8230999708175659","1","1","1","1","1","1","0.26759999990463257","0.26759999990463257","0.26759999990463257","0.8245999813079834","0.8245999813079834","0.8245999813079834","1","1","1","1","1","1","0.2671000063419342","0.2671000063419342","0.2671000063419342","0.8292999863624573","0.8292999863624573","0.8292999863624573"
"507","1","1","1","1","1","1","0.335999995470047","0.335999995470047","0.335999995470047","0.8339999914169312","0.8339999914169312","0.8339999914169312","1","1","1","1","1","1","0.38359999656677246","0.38359999656677246","0.38359999656677246","0.8442999720573425","0.8442999720573425","0.8442999720573425","1","1","1","1","1","1","0.27549999952316284","0.27549999952316284","0.27549999952316284","0.8216999769210815","0.8216999769210815","0.8216999769210815","1","1","1","1","1","1","0.27709999680519104","0.27709999680519104","0.27709999680519104","0.8269000053405762","0.8269000053405762","0.8269000053405762","0.9998999834060669","0.9998999834060669","0.9998999834060669","1","1","1","0.275299996137619","0.275299996137619","0.275299996137619","0.8325999975204468","0.8325999975204468","0.8325999975204468"
"518","1","1","1","1","1","1","0.35659998655319214","0.35659998655319214","0.35659998655319214","0.840499997138977","0.840499997138977","0.840499997138977","1","1","1","1","1","1","0.3990999758243561","0.3990999758243561","0.3990999758243561","0.8485999703407288","0.8485999703407288","0.8485999703407288","1","1","1","1","1","1","0.28669998049736023","0.28669998049736023","0.28669998049736023","0.8256999850273132","0.8256999850273132","0.8256999850273132","1","1","1","1","1","1","0.2806999981403351","0.2806999981403351","0.2806999981403351","0.827299952507019","0.827299952507019","0.827299952507019","1","1","1","1","1","1","0.2782000005245209","0.2782000005245209","0.2782000005245209","0.8295999765396118","0.8295999765396118","0.8295999765396118"
"529","1","1","1","1","1","1","0.35599997639656067","0.35599997639656067","0.35599997639656067","0.8384999632835388","0.8384999632835388","0.8384999632835388","1","1","1","1","1","1","0.3852999806404114","0.3852999806404114","0.3852999806404114","0.8432999849319458","0.8432999849319458","0.8432999849319458","1","1","1","1","1","1","0.27160000801086426","0.27160000801086426","0.27160000801086426","0.8204999566078186","0.8204999566078186","0.8204999566078186","1","1","1","1","1","1","0.27889999747276306","0.27889999747276306","0.27889999747276306","0.8264999985694885","0.8264999985694885","0.8264999985694885","0.9998999834060669","0.9998999834060669","0.9998999834060669","1","1","1","0.2741999924182892","0.2741999924182892","0.2741999924182892","0.8288999795913696","0.8288999795913696","0.8288999795913696"
"540","1","1","1","1","1","1","0.3504999876022339","0.3504999876022339","0.3504999876022339","0.8388999700546265","0.8388999700546265","0.8388999700546265","1","1","1","1","1","1","0.3967999815940857","0.3967999815940857","0.3967999815940857","0.8484999537467957","0.8484999537467957","0.8484999537467957","1","1","1","1","1","1","0.26980000734329224","0.26980000734329224","0.26980000734329224","0.8212999701499939","0.8212999701499939","0.8212999701499939","1","1","1","1","1","1","0.29909998178482056","0.29909998178482056","0.29909998178482056","0.8315999507904053","0.8315999507904053","0.8315999507904053","1","1","1","1","1","1","0.26980000734329224","0.26980000734329224","0.26980000734329224","0.8300999999046326","0.8300999999046326","0.8300999999046326"
"551","1","1","1","1","1","1","0.3540000021457672","0.3540000021457672","0.3540000021457672","0.8379999995231628","0.8379999995231628","0.8379999995231628","1","1","1","1","1","1","0.3960999846458435","0.3960999846458435","0.3960999846458435","0.8441999554634094","0.8441999554634094","0.8441999554634094","1","1","1","1","1","1","0.2793999910354614","0.2793999910354614","0.2793999910354614","0.8223999738693237","0.8223999738693237","0.8223999738693237","1","1","1","1","1","1","0.28839999437332153","0.28839999437332153","0.28839999437332153","0.8300999999046326","0.8300999999046326","0.8300999999046326","0.9998999834060669","0.9998999834060669","0.9998999834060669","1","1","1","0.2773999869823456","0.2773999869823456","0.2773999869823456","0.8301999568939209","0.8301999568939209","0.8301999568939209"
"562","1","1","1","1","1","1","0.36809998750686646","0.36809998750686646","0.36809998750686646","0.8422999978065491","0.8422999978065491","0.8422999978065491","1","1","1","1","1","1","0.4027999937534332","0.4027999937534332","0.4027999937534332","0.8467999696731567","0.8467999696731567","0.8467999696731567","1","1","1","1","1","1","0.28999999165534973","0.28999999165534973","0.28999999165534973","0.8240999579429626","0.8240999579429626","0.8240999579429626","1","1","1","1","1","1","0.2902999818325043","0.2902999818325043","0.2902999818325043","0.8288999795913696","0.8288999795913696","0.8288999795913696","1","1","1","1","1","1","0.2628999948501587","0.2628999948501587","0.2628999948501587","0.8256999850273132","0.8256999850273132","0.8256999850273132"
"573","1","1","1","1","1","1","0.3662000000476837","0.3662000000476837","0.3662000000476837","0.842199981212616","0.842199981212616","0.842199981212616","1","1","1","1","1","1","0.4220999777317047","0.4220999777317047","0.4220999777317047","0.8508999943733215","0.8508999943733215","0.8508999943733215","0.9997999668121338","0.9997999668121338","0.9997999668121338","1","1","1","0.2996000051498413","0.2996000051498413","0.2996000051498413","0.8252999782562256","0.8252999782562256","0.8252999782562256","1","1","1","1","1","1","0.3066999912261963","0.3066999912261963","0.3066999912261963","0.8333999514579773","0.8333999514579773","0.8333999514579773","1","1","1","1","1","1","0.27059999108314514","0.27059999108314514","0.27059999108314514","0.827299952507019","0.827299952507019","0.827299952507019"
"584","1","1","1","1","1","1","0.3651999831199646","0.3651999831199646","0.3651999831199646","0.8434999585151672","0.8434999585151672","0.8434999585151672","1","1","1","1","1","1","0.41509997844696045","0.41509997844696045","0.41509997844696045","0.8522999882698059","0.8522999882698059","0.8522999882698059","1","1","1","1","1","1","0.26589998602867126","0.26589998602867126","0.26589998602867126","0.8190999627113342","0.8190999627113342","0.8190999627113342","1","1","1","1","1","1","0.29339998960494995","0.29339998960494995","0.29339998960494995","0.8287999629974365","0.8287999629974365","0.8287999629974365","0.9998999834060669","0.9998999834060669","0.9998999834060669","1","1","1","0.274399995803833","0.274399995803833","0.274399995803833","0.8295999765396118","0.8295999765396118","0.8295999765396118"
"595","1","1","1","1","1","1","0.36309999227523804","0.36309999227523804","0.36309999227523804","0.8427000045776367","0.8427000045776367","0.8427000045776367","1","1","1","1","1","1","0.41849997639656067","0.41849997639656067","0.41849997639656067","0.8514999747276306","0.8514999747276306","0.8514999747276306","1","1","1","1","1","1","0.29170000553131104","0.29170000553131104","0.29170000553131104","0.8222999572753906","0.8222999572753906","0.8222999572753906","1","1","1","1","1","1","0.29789999127388","0.29789999127388","0.29789999127388","0.832099974155426","0.832099974155426","0.832099974155426","0.9998999834060669","0.9998999834060669","0.9998999834060669","1","1","1","0.2797999978065491","0.2797999978065491","0.2797999978065491","0.8305999636650085","0.8305999636650085","0.8305999636650085"
"606","1","1","1","1","1","1","0.36789998412132263","0.36789998412132263","0.36789998412132263","0.8438000082969666","0.8438000082969666","0.8438000082969666","1","1","1","1","1","1","0.41290000081062317","0.41290000081062317","0.41290000081062317","0.8522999882698059","0.8522999882698059","0.8522999882698059","1","1","1","1","1","1","0.28209999203681946","0.28209999203681946","0.28209999203681946","0.8209999799728394","0.8209999799728394","0.8209999799728394","1","1","1","1","1","1","0.2903999984264374","0.2903999984264374","0.2903999984264374","0.8280999660491943","0.8280999660491943","0.8280999660491943","0.9997999668121338","0.9997999668121338","0.9997999668121338","1","1","1","0.27619999647140503","0.27619999647140503","0.27619999647140503","0.8301999568939209","0.8301999568939209","0.8301999568939209"
"617","1","1","1","1","1","1","0.36730000376701355","0.36730000376701355","0.36730000376701355","0.8432999849319458","0.8432999849319458","0.8432999849319458","1","1","1","1","1","1","0.41689997911453247","0.41689997911453247","0.41689997911453247","0.8545999526977539","0.8545999526977539","0.8545999526977539","0.9998999834060669","0.9998999834060669","0.9998999834060669","1","1","1","0.2953999936580658","0.2953999936580658","0.2953999936580658","0.8247999548912048","0.8247999548912048","0.8247999548912048","1","1","1","1","1","1","0.28039997816085815","0.28039997816085815","0.28039997816085815","0.8260999917984009","0.8260999917984009","0.8260999917984009","0.9998999834060669","0.9998999834060669","0.9998999834060669","1","1","1","0.27149999141693115","0.27149999141693115","0.27149999141693115","0.8289999961853027","0.8289999961853027","0.8289999961853027"
"628","1","1","1","1","1","1","0.376800000667572","0.376800000667572","0.376800000667572","0.8449999690055847","0.8449999690055847","0.8449999690055847","1","1","1","1","1","1","0.41819998621940613","0.41819998621940613","0.41819998621940613","0.8532999753952026","0.8532999753952026","0.8532999753952026","1","1","1","1","1","1","0.28049999475479126","0.28049999475479126","0.28049999475479126","0.8234999775886536","0.8234999775886536","0.8234999775886536","1","1","1","1","1","1","0.3005000054836273","0.3005000054836273","0.3005000054836273","0.8306999802589417","0.8306999802589417","0.8306999802589417","1","1","1","1","1","1","0.2703000009059906","0.2703000009059906","0.2703000009059906","0.8283999562263489","0.8283999562263489","0.8283999562263489"
"639","1","1","1","1","1","1","0.3798999786376953","0.3798999786376953","0.3798999786376953","0.8458999991416931","0.8458999991416931","0.8458999991416931","1","1","1","1","1","1","0.40629997849464417","0.40629997849464417","0.40629997849464417","0.8509999513626099","0.8509999513626099","0.8509999513626099","0.9997999668121338","0.9997999668121338","0.9997999668121338","1","1","1","0.3010999858379364","0.3010999858379364","0.3010999858379364","0.8274999856948853","0.8274999856948853","0.8274999856948853","1","1","1","1","1","1","0.3017999827861786","0.3017999827861786","0.3017999827861786","0.8300999999046326","0.8300999999046326","0.8300999999046326","0.9997999668121338","0.9997999668121338","0.9997999668121338","1","1","1","0.2816999852657318","0.2816999852657318","0.2816999852657318","0.8309999704360962","0.8309999704360962","0.8309999704360962"
"650","1","1","1","1","1","1","0.36579999327659607","0.36579999327659607","0.36579999327659607","0.8398000001907349","0.8398000001907349","0.8398000001907349","1","1","1","1","1","1","0.41519999504089355","0.41519999504089355","0.41519999504089355","0.8499999642372131","0.8499999642372131","0.8499999642372131","1","1","1","1","1","1","0.29999998211860657","0.29999998211860657","0.29999998211860657","0.825499951839447","0.825499951839447","0.825499951839447","1","1","1","1","1","1","0.29989999532699585","0.29989999532699585","0.29989999532699585","0.8297999501228333","0.8297999501228333","0.8297999501228333","0.9998999834060669","0.9998999834060669","0.9998999834060669","1","1","1","0.27889999747276306","0.27889999747276306","0.27889999747276306","0.8303999900817871","0.8303999900817871","0.8303999900817871"
"661","1","1","1","1","1","1","0.37610000371932983","0.37610000371932983","0.37610000371932983","0.8452000021934509","0.8452000021934509","0.8452000021934509","1","1","1","1","1","1","0.41359999775886536","0.41359999775886536","0.41359999775886536","0.8517999649047852","0.8517999649047852","0.8517999649047852","1","1","1","1","1","1","0.3084000051021576","0.3084000051021576","0.3084000051021576","0.8277999758720398","0.8277999758720398","0.8277999758720398","1","1","1","1","1","1","0.2911999821662903","0.2911999821662903","0.2911999821662903","0.8285999894142151","0.8285999894142151","0.8285999894142151","0.9998999834060669","0.9998999834060669","0.9998999834060669","1","1","1","0.27559998631477356","0.27559998631477356","0.27559998631477356","0.8283999562263489","0.8283999562263489","0.8283999562263489"
"672","1","1","1","1","1","1","0.3780999779701233","0.3780999779701233","0.3780999779701233","0.8450999855995178","0.8450999855995178","0.8450999855995178","1","1","1","1","1","1","0.4174000024795532","0.4174000024795532","0.4174000024795532","0.8509999513626099","0.8509999513626099","0.8509999513626099","1","1","1","1","1","1","0.2970999777317047","0.2970999777317047","0.2970999777317047","0.82669997215271","0.82669997215271","0.82669997215271","1","1","1","1","1","1","0.2962999939918518","0.2962999939918518","0.2962999939918518","0.8301999568939209","0.8301999568939209","0.8301999568939209","0.9996999502182007","0.9996999502182007","0.9996999502182007","1","1","1","0.28189998865127563","0.28189998865127563","0.28189998865127563","0.8301999568939209","0.8301999568939209","0.8301999568939209"
"683","1","1","1","1","1","1","0.3734000027179718","0.3734000027179718","0.3734000027179718","0.8422999978065491","0.8422999978065491","0.8422999978065491","1","1","1","1","1","1","0.4211999773979187","0.4211999773979187","0.4211999773979187","0.8513000011444092","0.8513000011444092","0.8513000011444092","1","1","1","1","1","1","0.3001999855041504","0.3001999855041504","0.3001999855041504","0.8279999494552612","0.8279999494552612","0.8279999494552612","1","1","1","1","1","1","0.29339998960494995","0.29339998960494995","0.29339998960494995","0.8296999931335449","0.8296999931335449","0.8296999931335449","0.9998999834060669","0.9998999834060669","0.9998999834060669","1","1","1","0.27649998664855957","0.27649998664855957","0.27649998664855957","0.8301999568939209","0.8301999568939209","0.8301999568939209"
"694","1","1","1","1","1","1","0.3714999854564667","0.3714999854564667","0.3714999854564667","0.8422999978065491","0.8422999978065491","0.8422999978065491","1","1","1","1","1","1","0.4161999821662903","0.4161999821662903","0.4161999821662903","0.8497999906539917","0.8497999906539917","0.8497999906539917","1","1","1","1","1","1","0.29269999265670776","0.29269999265670776","0.29269999265670776","0.8252999782562256","0.8252999782562256","0.8252999782562256","1","1","1","1","1","1","0.30329999327659607","0.30329999327659607","0.30329999327659607","0.8327999711036682","0.8327999711036682","0.8327999711036682","1","1","1","1","1","1","0.2838999927043915","0.2838999927043915","0.2838999927043915","0.8312000036239624","0.8312000036239624","0.8312000036239624"
"705","1","1","1","1","1","1","0.3757999837398529","0.3757999837398529","0.3757999837398529","0.8420999646186829","0.8420999646186829","0.8420999646186829","1","1","1","1","1","1","0.4108999967575073","0.4108999967575073","0.4108999967575073","0.852899968624115","0.852899968624115","0.852899968624115","1","1","1","1","1","1","0.28949999809265137","0.28949999809265137","0.28949999809265137","0.8228999972343445","0.8228999972343445","0.8228999972343445","1","1","1","1","1","1","0.30559998750686646","0.30559998750686646","0.30559998750686646","0.8325999975204468","0.8325999975204468","0.8325999975204468","0.9998999834060669","0.9998999834060669","0.9998999834060669","1","1","1","0.28279998898506165","0.28279998898506165","0.28279998898506165","0.8283999562263489","0.8283999562263489","0.8283999562263489"
"716","1","1","1","1","1","1","0.3831000030040741","0.3831000030040741","0.3831000030040741","0.847599983215332","0.847599983215332","0.847599983215332","1","1","1","1","1","1","0.40070000290870667","0.40070000290870667","0.40070000290870667","0.8489999771118164","0.8489999771118164","0.8489999771118164","1","1","1","1","1","1","0.29260000586509705","0.29260000586509705","0.29260000586509705","0.8248999714851379","0.8248999714851379","0.8248999714851379","1","1","1","1","1","1","0.29499998688697815","0.29499998688697815","0.29499998688697815","0.8294999599456787","0.8294999599456787","0.8294999599456787","0.9997999668121338","0.9997999668121338","0.9997999668121338","1","1","1","0.28679999709129333","0.28679999709129333","0.28679999709129333","0.8310999870300293","0.8310999870300293","0.8310999870300293"
"727","1","1","1","1","1","1","0.38429999351501465","0.38429999351501465","0.38429999351501465","0.8470999598503113","0.8470999598503113","0.8470999598503113","1","1","1","1","1","1","0.39899998903274536","0.39899998903274536","0.39899998903274536","0.8496999740600586","0.8496999740600586","0.8496999740600586","1","1","1","1","1","1","0.2886999845504761","0.2886999845504761","0.2886999845504761","0.8227999806404114","0.8227999806404114","0.8227999806404114","1","1","1","1","1","1","0.3082999885082245","0.3082999885082245","0.3082999885082245","0.8331999778747559","0.8331999778747559","0.8331999778747559","0.9998999834060669","0.9998999834060669","0.9998999834060669","1","1","1","0.2735999822616577","0.2735999822616577","0.2735999822616577","0.8276000022888184","0.8276000022888184","0.8276000022888184"
"738","1","1","1","1","1","1","0.38169997930526733","0.38169997930526733","0.38169997930526733","0.8467999696731567","0.8467999696731567","0.8467999696731567","1","1","1","1","1","1","0.406499981880188","0.406499981880188","0.406499981880188","0.8489999771118164","0.8489999771118164","0.8489999771118164","1","1","1","1","1","1","0.2962999939918518","0.2962999939918518","0.2962999939918518","0.8264999985694885","0.8264999985694885","0.8264999985694885","1","1","1","1","1","1","0.29589998722076416","0.29589998722076416","0.29589998722076416","0.8316999673843384","0.8316999673843384","0.8316999673843384","0.9997999668121338","0.9997999668121338","0.9997999668121338","1","1","1","0.28630000352859497","0.28630000352859497","0.28630000352859497","0.8313999772071838","0.8313999772071838","0.8313999772071838"
"749","1","1","1","1","1","1","0.3847000002861023","0.3847000002861023","0.3847000002861023","0.847000002861023","0.847000002861023","0.847000002861023","1","1","1","1","1","1","0.40799999237060547","0.40799999237060547","0.40799999237060547","0.8509999513626099","0.8509999513626099","0.8509999513626099","1","1","1","1","1","1","0.30379998683929443","0.30379998683929443","0.30379998683929443","0.8273999691009521","0.8273999691009521","0.8273999691009521","1","1","1","1","1","1","0.2963999807834625","0.2963999807834625","0.2963999807834625","0.8337999582290649","0.8337999582290649","0.8337999582290649","0.9998999834060669","0.9998999834060669","0.9998999834060669","1","1","1","0.274399995803833","0.274399995803833","0.274399995803833","0.8303999900817871","0.8303999900817871","0.8303999900817871"
"760","1","1","1","1","1","1","0.3847000002861023","0.3847000002861023","0.3847000002861023","0.8461999893188477","0.8461999893188477","0.8461999893188477","1","1","1","1","1","1","0.38189998269081116","0.38189998269081116","0.38189998269081116","0.8430999517440796","0.8430999517440796","0.8430999517440796","1","1","1","1","1","1","0.3044999837875366","0.3044999837875366","0.3044999837875366","0.8258000016212463","0.8258000016212463","0.8258000016212463","1","1","1","1","1","1","0.30059999227523804","0.30059999227523804","0.30059999227523804","0.8330000042915344","0.8330000042915344","0.8330000042915344","1","1","1","1","1","1","0.2815999984741211","0.2815999984741211","0.2815999984741211","0.8309999704360962","0.8309999704360962","0.8309999704360962"
"771","1","1","1","1","1","1","0.3781999945640564","0.3781999945640564","0.3781999945640564","0.8435999751091003","0.8435999751091003","0.8435999751091003","1","1","1","1","1","1","0.38589999079704285","0.38589999079704285","0.38589999079704285","0.8446999788284302","0.8446999788284302","0.8446999788284302","1","1","1","1","1","1","0.2955999970436096","0.2955999970436096","0.2955999970436096","0.8235999941825867","0.8235999941825867","0.8235999941825867","1","1","1","1","1","1","0.3139999806880951","0.3139999806880951","0.3139999806880951","0.8371999859809875","0.8371999859809875","0.8371999859809875","0.9998999834060669","0.9998999834060669","0.9998999834060669","1","1","1","0.29350000619888306","0.29350000619888306","0.29350000619888306","0.8335999846458435","0.8335999846458435","0.8335999846458435"
"782","1","1","1","1","1","1","0.37849998474121094","0.37849998474121094","0.37849998474121094","0.8440999984741211","0.8440999984741211","0.8440999984741211","1","1","1","1","1","1","0.4050000011920929","0.4050000011920929","0.4050000011920929","0.851099967956543","0.851099967956543","0.851099967956543","1","1","1","1","1","1","0.30979999899864197","0.30979999899864197","0.30979999899864197","0.827299952507019","0.827299952507019","0.827299952507019","1","1","1","1","1","1","0.3150999844074249","0.3150999844074249","0.3150999844074249","0.8381999731063843","0.8381999731063843","0.8381999731063843","0.9996999502182007","0.9996999502182007","0.9996999502182007","1","1","1","0.2857999801635742","0.2857999801635742","0.2857999801635742","0.8325999975204468","0.8325999975204468","0.8325999975204468"
"793","1","1","1","1","1","1","0.37529999017715454","0.37529999017715454","0.37529999017715454","0.8442999720573425","0.8442999720573425","0.8442999720573425","1","1","1","1","1","1","0.3986999988555908","0.3986999988555908","0.3986999988555908","0.849399983882904","0.849399983882904","0.849399983882904","0.9998999834060669","0.9998999834060669","0.9998999834060669","1","1","1","0.3150999844074249","0.3150999844074249","0.3150999844074249","0.8305999636650085","0.8305999636650085","0.8305999636650085","1","1","1","1","1","1","0.3163999915122986","0.3163999915122986","0.3163999915122986","0.8344999551773071","0.8344999551773071","0.8344999551773071","1","1","1","1","1","1","0.275299996137619","0.275299996137619","0.275299996137619","0.8290999531745911","0.8290999531745911","0.8290999531745911"
"804","1","1","1","1","1","1","0.38819998502731323","0.38819998502731323","0.38819998502731323","0.8452000021934509","0.8452000021934509","0.8452000021934509","1","1","1","1","1","1","0.4050000011920929","0.4050000011920929","0.4050000011920929","0.8500999808311462","0.8500999808311462","0.8500999808311462","1","1","1","1","1","1","0.31279999017715454","0.31279999017715454","0.31279999017715454","0.8278999924659729","0.8278999924659729","0.8278999924659729","1","1","1","1","1","1","0.3057999908924103","0.3057999908924103","0.3057999908924103","0.8312000036239624","0.8312000036239624","0.8312000036239624","0.9998999834060669","0.9998999834060669","0.9998999834060669","1","1","1","0.28209999203681946","0.28209999203681946","0.28209999203681946","0.8301999568939209","0.8301999568939209","0.8301999568939209"
"815","1","1","1","1","1","1","0.3888999819755554","0.3888999819755554","0.3888999819755554","0.8460999727249146","0.8460999727249146","0.8460999727249146","1","1","1","1","1","1","0.4088999927043915","0.4088999927043915","0.4088999927043915","0.8521999716758728","0.8521999716758728","0.8521999716758728","1","1","1","1","1","1","0.30219998955726624","0.30219998955726624","0.30219998955726624","0.8258999586105347","0.8258999586105347","0.8258999586105347","1","1","1","1","1","1","0.29499998688697815","0.29499998688697815","0.29499998688697815","0.8300999999046326","0.8300999999046326","0.8300999999046326","0.9997999668121338","0.9997999668121338","0.9997999668121338","1","1","1","0.287200003862381","0.287200003862381","0.287200003862381","0.8325999975204468","0.8325999975204468","0.8325999975204468"
"826","1","1","1","1","1","1","0.38679999113082886","0.38679999113082886","0.38679999113082886","0.8461999893188477","0.8461999893188477","0.8461999893188477","1","1","1","1","1","1","0.4287000000476837","0.4287000000476837","0.4287000000476837","0.8550999760627747","0.8550999760627747","0.8550999760627747","1","1","1","1","1","1","0.29099997878074646","0.29099997878074646","0.29099997878074646","0.8219999670982361","0.8219999670982361","0.8219999670982361","1","1","1","1","1","1","0.2947999835014343","0.2947999835014343","0.2947999835014343","0.8327999711036682","0.8327999711036682","0.8327999711036682","1","1","1","1","1","1","0.29170000553131104","0.29170000553131104","0.29170000553131104","0.8333999514579773","0.8333999514579773","0.8333999514579773"
"837","1","1","1","1","1","1","0.36579999327659607","0.36579999327659607","0.36579999327659607","0.8407999873161316","0.8407999873161316","0.8407999873161316","1","1","1","1","1","1","0.42409998178482056","0.42409998178482056","0.42409998178482056","0.8561999797821045","0.8561999797821045","0.8561999797821045","1","1","1","1","1","1","0.3114999830722809","0.3114999830722809","0.3114999830722809","0.8280999660491943","0.8280999660491943","0.8280999660491943","1","1","1","1","1","1","0.3157999813556671","0.3157999813556671","0.3157999813556671","0.8375999927520752","0.8375999927520752","0.8375999927520752","1","1","1","1","1","1","0.2954999804496765","0.2954999804496765","0.2954999804496765","0.8337999582290649","0.8337999582290649","0.8337999582290649"
"848","1","1","1","1","1","1","0.3921999931335449","0.3921999931335449","0.3921999931335449","0.8481000065803528","0.8481000065803528","0.8481000065803528","1","1","1","1","1","1","0.41920000314712524","0.41920000314712524","0.41920000314712524","0.8555999994277954","0.8555999994277954","0.8555999994277954","1","1","1","1","1","1","0.3077999949455261","0.3077999949455261","0.3077999949455261","0.8287000060081482","0.8287000060081482","0.8287000060081482","1","1","1","1","1","1","0.2920999825000763","0.2920999825000763","0.2920999825000763","0.8310999870300293","0.8310999870300293","0.8310999870300293","0.9998999834060669","0.9998999834060669","0.9998999834060669","1","1","1","0.2906000018119812","0.2906000018119812","0.2906000018119812","0.8324999809265137","0.8324999809265137","0.8324999809265137"
"859","1","1","1","1","1","1","0.39399999380111694","0.39399999380111694","0.39399999380111694","0.8484999537467957","0.8484999537467957","0.8484999537467957","1","1","1","1","1","1","0.43609997630119324","0.43609997630119324","0.43609997630119324","0.8603999614715576","0.8603999614715576","0.8603999614715576","1","1","1","1","1","1","0.3182999789714813","0.3182999789714813","0.3182999789714813","0.8307999968528748","0.8307999968528748","0.8307999968528748","1","1","1","1","1","1","0.3019999861717224","0.3019999861717224","0.3019999861717224","0.8337000012397766","0.8337000012397766","0.8337000012397766","0.9998999834060669","0.9998999834060669","0.9998999834060669","1","1","1","0.2924000024795532","0.2924000024795532","0.2924000024795532","0.8333999514579773","0.8333999514579773","0.8333999514579773"
"870","1","1","1","1","1","1","0.38580000400543213","0.38580000400543213","0.38580000400543213","0.8463000059127808","0.8463000059127808","0.8463000059127808","1","1","1","1","1","1","0.43479999899864197","0.43479999899864197","0.43479999899864197","0.8587999939918518","0.8587999939918518","0.8587999939918518","1","1","1","1","1","1","0.31290000677108765","0.31290000677108765","0.31290000677108765","0.8287999629974365","0.8287999629974365","0.8287999629974365","1","1","1","1","1","1","0.3024999797344208","0.3024999797344208","0.3024999797344208","0.8344999551773071","0.8344999551773071","0.8344999551773071","0.9998999834060669","0.9998999834060669","0.9998999834060669","1","1","1","0.28859999775886536","0.28859999775886536","0.28859999775886536","0.8323000073432922","0.8323000073432922","0.8323000073432922"
"881","1","1","1","1","1","1","0.3815999925136566","0.3815999925136566","0.3815999925136566","0.8463999629020691","0.8463999629020691","0.8463999629020691","1","1","1","1","1","1","0.4343999922275543","0.4343999922275543","0.4343999922275543","0.8616999983787537","0.8616999983787537","0.8616999983787537","1","1","1","1","1","1","0.3181999921798706","0.3181999921798706","0.3181999921798706","0.8297999501228333","0.8297999501228333","0.8297999501228333","1","1","1","1","1","1","0.31769999861717224","0.31769999861717224","0.31769999861717224","0.8352999687194824","0.8352999687194824","0.8352999687194824","1","1","1","1","1","1","0.296099990606308","0.296099990606308","0.296099990606308","0.8339999914169312","0.8339999914169312","0.8339999914169312"
"892","1","1","1","1","1","1","0.3813000023365021","0.3813000023365021","0.3813000023365021","0.8454999923706055","0.8454999923706055","0.8454999923706055","1","1","1","1","1","1","0.4424999952316284","0.4424999952316284","0.4424999952316284","0.8606999516487122","0.8606999516487122","0.8606999516487122","1","1","1","1","1","1","0.31859999895095825","0.31859999895095825","0.31859999895095825","0.8296999931335449","0.8296999931335449","0.8296999931335449","1","1","1","1","1","1","0.31029999256134033","0.31029999256134033","0.31029999256134033","0.8355000019073486","0.8355000019073486","0.8355000019073486","0.9997999668121338","0.9997999668121338","0.9997999668121338","1","1","1","0.2865999937057495","0.2865999937057495","0.2865999937057495","0.8317999839782715","0.8317999839782715","0.8317999839782715"
"903","1","1","1","1","1","1","0.38749998807907104","0.38749998807907104","0.38749998807907104","0.847000002861023","0.847000002861023","0.847000002861023","1","1","1","1","1","1","0.43050000071525574","0.43050000071525574","0.43050000071525574","0.8565999865531921","0.8565999865531921","0.8565999865531921","1","1","1","1","1","1","0.29490000009536743","0.29490000009536743","0.29490000009536743","0.8259999752044678","0.8259999752044678","0.8259999752044678","1","1","1","1","1","1","0.32089999318122864","0.32089999318122864","0.32089999318122864","0.8367999792098999","0.8367999792098999","0.8367999792098999","1","1","1","1","1","1","0.2946999967098236","0.2946999967098236","0.2946999967098236","0.8346999883651733","0.8346999883651733","0.8346999883651733"
"914","1","1","1","1","1","1","0.3928000032901764","0.3928000032901764","0.3928000032901764","0.8463999629020691","0.8463999629020691","0.8463999629020691","1","1","1","1","1","1","0.429099977016449","0.429099977016449","0.429099977016449","0.857699990272522","0.857699990272522","0.857699990272522","1","1","1","1","1","1","0.30489999055862427","0.30489999055862427","0.30489999055862427","0.8280999660491943","0.8280999660491943","0.8280999660491943","1","1","1","1","1","1","0.3107999861240387","0.3107999861240387","0.3107999861240387","0.8362999558448792","0.8362999558448792","0.8362999558448792","0.9998999834060669","0.9998999834060669","0.9998999834060669","1","1","1","0.27889999747276306","0.27889999747276306","0.27889999747276306","0.8306999802589417","0.8306999802589417","0.8306999802589417"
"925","1","1","1","1","1","1","0.3950999975204468","0.3950999975204468","0.3950999975204468","0.8476999998092651","0.8476999998092651","0.8476999998092651","1","1","1","1","1","1","0.42409998178482056","0.42409998178482056","0.42409998178482056","0.856499969959259","0.856499969959259","0.856499969959259","1","1","1","1","1","1","0.3154999911785126","0.3154999911785126","0.3154999911785126","0.8319999575614929","0.8319999575614929","0.8319999575614929","1","1","1","1","1","1","0.3057999908924103","0.3057999908924103","0.3057999908924103","0.8341999650001526","0.8341999650001526","0.8341999650001526","0.9998999834060669","0.9998999834060669","0.9998999834060669","1","1","1","0.2969000041484833","0.2969000041484833","0.2969000041484833","0.8360999822616577","0.8360999822616577","0.8360999822616577"
"936","1","1","1","1","1","1","0.39319998025894165","0.39319998025894165","0.39319998025894165","0.8486999869346619","0.8486999869346619","0.8486999869346619","1","1","1","1","1","1","0.42800000309944153","0.42800000309944153","0.42800000309944153","0.8561999797821045","0.8561999797821045","0.8561999797821045","1","1","1","1","1","1","0.3109000027179718","0.3109000027179718","0.3109000027179718","0.8299999833106995","0.8299999833106995","0.8299999833106995","1","1","1","1","1","1","0.29409998655319214","0.29409998655319214","0.29409998655319214","0.8314999938011169","0.8314999938011169","0.8314999938011169","0.9998999834060669","0.9998999834060669","0.9998999834060669","1","1","1","0.2987000048160553","0.2987000048160553","0.2987000048160553","0.8342999815940857","0.8342999815940857","0.8342999815940857"
"947","1","1","1","1","1","1","0.3969999849796295","0.3969999849796295","0.3969999849796295","0.8482999801635742","0.8482999801635742","0.8482999801635742","1","1","1","1","1","1","0.43689998984336853","0.43689998984336853","0.43689998984336853","0.8605999946594238","0.8605999946594238","0.8605999946594238","1","1","1","1","1","1","0.3050000071525574","0.3050000071525574","0.3050000071525574","0.8294000029563904","0.8294000029563904","0.8294000029563904","1","1","1","1","1","1","0.3024999797344208","0.3024999797344208","0.3024999797344208","0.8324999809265137","0.8324999809265137","0.8324999809265137","1","1","1","1","1","1","0.29499998688697815","0.29499998688697815","0.29499998688697815","0.8337000012397766","0.8337000012397766","0.8337000012397766"
"958","1","1","1","1","1","1","0.3933999836444855","0.3933999836444855","0.3933999836444855","0.8474999666213989","0.8474999666213989","0.8474999666213989","1","1","1","1","1","1","0.421099990606308","0.421099990606308","0.421099990606308","0.856499969959259","0.856499969959259","0.856499969959259","1","1","1","1","1","1","0.319599986076355","0.319599986076355","0.319599986076355","0.8333999514579773","0.8333999514579773","0.8333999514579773","1","1","1","1","1","1","0.30079999566078186","0.30079999566078186","0.30079999566078186","0.8309999704360962","0.8309999704360962","0.8309999704360962","0.9998999834060669","0.9998999834060669","0.9998999834060669","1","1","1","0.3005000054836273","0.3005000054836273","0.3005000054836273","0.835099995136261","0.835099995136261","0.835099995136261"
"969","1","1","1","1","1","1","0.3992999792098999","0.3992999792098999","0.3992999792098999","0.8495999574661255","0.8495999574661255","0.8495999574661255","1","1","1","1","1","1","0.4132999777793884","0.4132999777793884","0.4132999777793884","0.856499969959259","0.856499969959259","0.856499969959259","1","1","1","1","1","1","0.3109999895095825","0.3109999895095825","0.3109999895095825","0.8303999900817871","0.8303999900817871","0.8303999900817871","1","1","1","1","1","1","0.29670000076293945","0.29670000076293945","0.29670000076293945","0.8299999833106995","0.8299999833106995","0.8299999833106995","0.9998999834060669","0.9998999834060669","0.9998999834060669","1","1","1","0.3075999915599823","0.3075999915599823","0.3075999915599823","0.8361999988555908","0.8361999988555908","0.8361999988555908"
"980","1","1","1","1","1","1","0.39719998836517334","0.39719998836517334","0.39719998836517334","0.8489999771118164","0.8489999771118164","0.8489999771118164","1","1","1","1","1","1","0.42549997568130493","0.42549997568130493","0.42549997568130493","0.8583999872207642","0.8583999872207642","0.8583999872207642","1","1","1","1","1","1","0.31630000472068787","0.31630000472068787","0.31630000472068787","0.8333999514579773","0.8333999514579773","0.8333999514579773","1","1","1","1","1","1","0.30309998989105225","0.30309998989105225","0.30309998989105225","0.8314999938011169","0.8314999938011169","0.8314999938011169","0.9998999834060669","0.9998999834060669","0.9998999834060669","1","1","1","0.2955999970436096","0.2955999970436096","0.2955999970436096","0.8337000012397766","0.8337000012397766","0.8337000012397766"
"991","1","1","1","1","1","1","0.39249998331069946","0.39249998331069946","0.39249998331069946","0.8464999794960022","0.8464999794960022","0.8464999794960022","1","1","1","1","1","1","0.42399999499320984","0.42399999499320984","0.42399999499320984","0.8557999730110168","0.8557999730110168","0.8557999730110168","1","1","1","1","1","1","0.3260999917984009","0.3260999917984009","0.3260999917984009","0.8346999883651733","0.8346999883651733","0.8346999883651733","1","1","1","1","1","1","0.28380000591278076","0.28380000591278076","0.28380000591278076","0.826200008392334","0.826200008392334","0.826200008392334","0.9998999834060669","0.9998999834060669","0.9998999834060669","1","1","1","0.2992999851703644","0.2992999851703644","0.2992999851703644","0.8346999883651733","0.8346999883651733","0.8346999883651733"
"1002","1","1","1","1","1","1","0.3879999816417694","0.3879999816417694","0.3879999816417694","0.8466999530792236","0.8466999530792236","0.8466999530792236","1","1","1","1","1","1","0.43320000171661377","0.43320000171661377","0.43320000171661377","0.8604999780654907","0.8604999780654907","0.8604999780654907","1","1","1","1","1","1","0.3130999803543091","0.3130999803543091","0.3130999803543091","0.8319000005722046","0.8319000005722046","0.8319000005722046","1","1","1","1","1","1","0.2954999804496765","0.2954999804496765","0.2954999804496765","0.8285999894142151","0.8285999894142151","0.8285999894142151","0.9998999834060669","0.9998999834060669","0.9998999834060669","1","1","1","0.30149999260902405","0.30149999260902405","0.30149999260902405","0.8359000086784363","0.8359000086784363","0.8359000086784363"
"1013","1","1","1","1","1","1","0.38830000162124634","0.38830000162124634","0.38830000162124634","0.847599983215332","0.847599983215332","0.847599983215332","1","1","1","1","1","1","0.4430999755859375","0.4430999755859375","0.4430999755859375","0.8629999756813049","0.8629999756813049","0.8629999756813049","1","1","1","1","1","1","0.3224000036716461","0.3224000036716461","0.3224000036716461","0.8341000080108643","0.8341000080108643","0.8341000080108643","1","1","1","1","1","1","0.30539998412132263","0.30539998412132263","0.30539998412132263","0.8306999802589417","0.8306999802589417","0.8306999802589417","0.9998999834060669","0.9998999834060669","0.9998999834060669","1","1","1","0.3091999888420105","0.3091999888420105","0.3091999888420105","0.8363999724388123","0.8363999724388123","0.8363999724388123"
"1024","1","1","1","1","1","1","0.3935000002384186","0.3935000002384186","0.3935000002384186","0.8485999703407288","0.8485999703407288","0.8485999703407288","1","1","1","1","1","1","0.42239999771118164","0.42239999771118164","0.42239999771118164","0.8549999594688416","0.8549999594688416","0.8549999594688416","1","1","1","1","1","1","0.3166999816894531","0.3166999816894531","0.3166999816894531","0.8319000005722046","0.8319000005722046","0.8319000005722046","1","1","1","1","1","1","0.32739999890327454","0.32739999890327454","0.32739999890327454","0.8379999995231628","0.8379999995231628","0.8379999995231628","0.9998999834060669","0.9998999834060669","0.9998999834060669","1","1","1","0.3075000047683716","0.3075000047683716","0.3075000047683716","0.8366000056266785","0.8366000056266785","0.8366000056266785"
"1035","1","1","1","1","1","1","0.3877999782562256","0.3877999782562256","0.3877999782562256","0.847599983215332","0.847599983215332","0.847599983215332","1","1","1","1","1","1","0.4332999885082245","0.4332999885082245","0.4332999885082245","0.8585000038146973","0.8585000038146973","0.8585000038146973","1","1","1","1","1","1","0.313400000333786","0.313400000333786","0.313400000333786","0.8319000005722046","0.8319000005722046","0.8319000005722046","1","1","1","1","1","1","0.3139999806880951","0.3139999806880951","0.3139999806880951","0.8353999853134155","0.8353999853134155","0.8353999853134155","0.9998999834060669","0.9998999834060669","0.9998999834060669","1","1","1","0.3147999942302704","0.3147999942302704","0.3147999942302704","0.8377999663352966","0.8377999663352966","0.8377999663352966"
"1046","1","1","1","1","1","1","0.38429999351501465","0.38429999351501465","0.38429999351501465","0.8461999893188477","0.8461999893188477","0.8461999893188477","1","1","1","1","1","1","0.43449997901916504","0.43449997901916504","0.43449997901916504","0.858199954032898","0.858199954032898","0.858199954032898","1","1","1","1","1","1","0.31630000472068787","0.31630000472068787","0.31630000472068787","0.8323999643325806","0.8323999643325806","0.8323999643325806","1","1","1","1","1","1","0.30309998989105225","0.30309998989105225","0.30309998989105225","0.8337999582290649","0.8337999582290649","0.8337999582290649","0.9998999834060669","0.9998999834060669","0.9998999834060669","1","1","1","0.30979999899864197","0.30979999899864197","0.30979999899864197","0.8352999687194824","0.8352999687194824","0.8352999687194824"
"1057","1","1","1","1","1","1","0.3905999958515167","0.3905999958515167","0.3905999958515167","0.8474999666213989","0.8474999666213989","0.8474999666213989","1","1","1","1","1","1","0.43529999256134033","0.43529999256134033","0.43529999256134033","0.85999995470047","0.85999995470047","0.85999995470047","1","1","1","1","1","1","0.3093999922275543","0.3093999922275543","0.3093999922275543","0.8299999833106995","0.8299999833106995","0.8299999833106995","1","1","1","1","1","1","0.29749998450279236","0.29749998450279236","0.29749998450279236","0.8312000036239624","0.8312000036239624","0.8312000036239624","0.9998999834060669","0.9998999834060669","0.9998999834060669","1","1","1","0.306799978017807","0.306799978017807","0.306799978017807","0.8357999920845032","0.8357999920845032","0.8357999920845032"
"1068","1","1","1","1","1","1","0.38659998774528503","0.38659998774528503","0.38659998774528503","0.8460999727249146","0.8460999727249146","0.8460999727249146","1","1","1","1","1","1","0.4284999966621399","0.4284999966621399","0.4284999966621399","0.8567000031471252","0.8567000031471252","0.8567000031471252","1","1","1","1","1","1","0.31029999256134033","0.31029999256134033","0.31029999256134033","0.8294000029563904","0.8294000029563904","0.8294000029563904","1","1","1","1","1","1","0.30550000071525574","0.30550000071525574","0.30550000071525574","0.8323999643325806","0.8323999643325806","0.8323999643325806","0.9998999834060669","0.9998999834060669","0.9998999834060669","1","1","1","0.306799978017807","0.306799978017807","0.306799978017807","0.8351999521255493","0.8351999521255493","0.8351999521255493"
"1079","1","1","1","1","1","1","0.3788999915122986","0.3788999915122986","0.3788999915122986","0.8443999886512756","0.8443999886512756","0.8443999886512756","1","1","1","1","1","1","0.43369999527931213","0.43369999527931213","0.43369999527931213","0.857699990272522","0.857699990272522","0.857699990272522","1","1","1","1","1","1","0.3163999915122986","0.3163999915122986","0.3163999915122986","0.8324999809265137","0.8324999809265137","0.8324999809265137","1","1","1","1","1","1","0.30059999227523804","0.30059999227523804","0.30059999227523804","0.8315999507904053","0.8315999507904053","0.8315999507904053","1","1","1","1","1","1","0.2963999807834625","0.2963999807834625","0.2963999807834625","0.8342999815940857","0.8342999815940857","0.8342999815940857"
"1090","1","1","1","1","1","1","0.3901999890804291","0.3901999890804291","0.3901999890804291","0.8479999899864197","0.8479999899864197","0.8479999899864197","1","1","1","1","1","1","0.4163999855518341","0.4163999855518341","0.4163999855518341","0.8519999980926514","0.8519999980926514","0.8519999980926514","1","1","1","1","1","1","0.3084000051021576","0.3084000051021576","0.3084000051021576","0.8285999894142151","0.8285999894142151","0.8285999894142151","1","1","1","1","1","1","0.310699999332428","0.310699999332428","0.310699999332428","0.8348000049591064","0.8348000049591064","0.8348000049591064","1","1","1","1","1","1","0.30489999055862427","0.30489999055862427","0.30489999055862427","0.8366999626159668","0.8366999626159668","0.8366999626159668"
"1101","1","1","1","1","1","1","0.39989998936653137","0.39989998936653137","0.39989998936653137","0.8489999771118164","0.8489999771118164","0.8489999771118164","1","1","1","1","1","1","0.4287000000476837","0.4287000000476837","0.4287000000476837","0.8565999865531921","0.8565999865531921","0.8565999865531921","1","1","1","1","1","1","0.3125999867916107","0.3125999867916107","0.3125999867916107","0.8301999568939209","0.8301999568939209","0.8301999568939209","1","1","1","1","1","1","0.31630000472068787","0.31630000472068787","0.31630000472068787","0.8353999853134155","0.8353999853134155","0.8353999853134155","0.9998999834060669","0.9998999834060669","0.9998999834060669","1","1","1","0.30149999260902405","0.30149999260902405","0.30149999260902405","0.8353999853134155","0.8353999853134155","0.8353999853134155"
"1112","1","1","1","1","1","1","0.39259999990463257","0.39259999990463257","0.39259999990463257","0.8484999537467957","0.8484999537467957","0.8484999537467957","1","1","1","1","1","1","0.4138999879360199","0.4138999879360199","0.4138999879360199","0.851099967956543","0.851099967956543","0.851099967956543","1","1","1","1","1","1","0.31759998202323914","0.31759998202323914","0.31759998202323914","0.8313999772071838","0.8313999772071838","0.8313999772071838","1","1","1","1","1","1","0.306799978017807","0.306799978017807","0.306799978017807","0.8328999876976013","0.8328999876976013","0.8328999876976013","1","1","1","1","1","1","0.2994999885559082","0.2994999885559082","0.2994999885559082","0.8343999981880188","0.8343999981880188","0.8343999981880188"
"1123","1","1","1","1","1","1","0.3977999985218048","0.3977999985218048","0.3977999985218048","0.8496999740600586","0.8496999740600586","0.8496999740600586","1","1","1","1","1","1","0.40849998593330383","0.40849998593330383","0.40849998593330383","0.8508999943733215","0.8508999943733215","0.8508999943733215","1","1","1","1","1","1","0.3111000061035156","0.3111000061035156","0.3111000061035156","0.8303999900817871","0.8303999900817871","0.8303999900817871","1","1","1","1","1","1","0.30809998512268066","0.30809998512268066","0.30809998512268066","0.8344999551773071","0.8344999551773071","0.8344999551773071","1","1","1","1","1","1","0.3001999855041504","0.3001999855041504","0.3001999855041504","0.8351999521255493","0.8351999521255493","0.8351999521255493"
"1134","1","1","1","1","1","1","0.39899998903274536","0.39899998903274536","0.39899998903274536","0.848800003528595","0.848800003528595","0.848800003528595","1","1","1","1","1","1","0.40059998631477356","0.40059998631477356","0.40059998631477356","0.8459999561309814","0.8459999561309814","0.8459999561309814","1","1","1","1","1","1","0.3188999891281128","0.3188999891281128","0.3188999891281128","0.8327999711036682","0.8327999711036682","0.8327999711036682","1","1","1","1","1","1","0.31619998812675476","0.31619998812675476","0.31619998812675476","0.8366999626159668","0.8366999626159668","0.8366999626159668","0.9998999834060669","0.9998999834060669","0.9998999834060669","1","1","1","0.29350000619888306","0.29350000619888306","0.29350000619888306","0.8330000042915344","0.8330000042915344","0.8330000042915344"
"1145","1","1","1","1","1","1","0.3919999897480011","0.3919999897480011","0.3919999897480011","0.8484999537467957","0.8484999537467957","0.8484999537467957","1","1","1","1","1","1","0.4105999767780304","0.4105999767780304","0.4105999767780304","0.852400004863739","0.852400004863739","0.852400004863739","1","1","1","1","1","1","0.31459999084472656","0.31459999084472656","0.31459999084472656","0.8291999697685242","0.8291999697685242","0.8291999697685242","1","1","1","1","1","1","0.3224000036716461","0.3224000036716461","0.3224000036716461","0.8366999626159668","0.8366999626159668","0.8366999626159668","1","1","1","1","1","1","0.3017999827861786","0.3017999827861786","0.3017999827861786","0.8355000019073486","0.8355000019073486","0.8355000019073486"
"1156","1","1","1","1","1","1","0.39389997720718384","0.39389997720718384","0.39389997720718384","0.8476999998092651","0.8476999998092651","0.8476999998092651","1","1","1","1","1","1","0.43860000371932983","0.43860000371932983","0.43860000371932983","0.8592999577522278","0.8592999577522278","0.8592999577522278","1","1","1","1","1","1","0.31689998507499695","0.31689998507499695","0.31689998507499695","0.8319999575614929","0.8319999575614929","0.8319999575614929","1","1","1","1","1","1","0.30709999799728394","0.30709999799728394","0.30709999799728394","0.8339999914169312","0.8339999914169312","0.8339999914169312","0.9998999834060669","0.9998999834060669","0.9998999834060669","1","1","1","0.3033999800682068","0.3033999800682068","0.3033999800682068","0.8364999890327454","0.8364999890327454","0.8364999890327454"
"1167","1","1","1","1","1","1","0.3951999843120575","0.3951999843120575","0.3951999843120575","0.8481999635696411","0.8481999635696411","0.8481999635696411","1","1","1","1","1","1","0.4429999887943268","0.4429999887943268","0.4429999887943268","0.8575999736785889","0.8575999736785889","0.8575999736785889","1","1","1","1","1","1","0.31849998235702515","0.31849998235702515","0.31849998235702515","0.8316999673843384","0.8316999673843384","0.8316999673843384","1","1","1","1","1","1","0.3249000012874603","0.3249000012874603","0.3249000012874603","0.8381999731063843","0.8381999731063843","0.8381999731063843","0.9998999834060669","0.9998999834060669","0.9998999834060669","1","1","1","0.29420000314712524","0.29420000314712524","0.29420000314712524","0.8335999846458435","0.8335999846458435","0.8335999846458435"
"1178","1","1","1","1","1","1","0.3889999985694885","0.3889999985694885","0.3889999985694885","0.8470999598503113","0.8470999598503113","0.8470999598503113","1","1","1","1","1","1","0.45409998297691345","0.45409998297691345","0.45409998297691345","0.8589999675750732","0.8589999675750732","0.8589999675750732","1","1","1","1","1","1","0.3188999891281128","0.3188999891281128","0.3188999891281128","0.8333999514579773","0.8333999514579773","0.8333999514579773","1","1","1","1","1","1","0.29839998483657837","0.29839998483657837","0.29839998483657837","0.8317999839782715","0.8317999839782715","0.8317999839782715","0.9998999834060669","0.9998999834060669","0.9998999834060669","1","1","1","0.28630000352859497","0.28630000352859497","0.28630000352859497","0.8313999772071838","0.8313999772071838","0.8313999772071838"
"1189","1","1","1","1","1","1","0.3959999978542328","0.3959999978542328","0.3959999978542328","0.8486999869346619","0.8486999869346619","0.8486999869346619","1","1","1","1","1","1","0.4470999836921692","0.4470999836921692","0.4470999836921692","0.8618999719619751","0.8618999719619751","0.8618999719619751","1","1","1","1","1","1","0.3181000053882599","0.3181000053882599","0.3181000053882599","0.8325999975204468","0.8325999975204468","0.8325999975204468","1","1","1","1","1","1","0.32829999923706055","0.32829999923706055","0.32829999923706055","0.8391000032424927","0.8391000032424927","0.8391000032424927","1","1","1","1","1","1","0.2906000018119812","0.2906000018119812","0.2906000018119812","0.8341000080108643","0.8341000080108643","0.8341000080108643"
"1200","1","1","1","1","1","1","0.39089998602867126","0.39089998602867126","0.39089998602867126","0.8473999500274658","0.8473999500274658","0.8473999500274658","1","1","1","1","1","1","0.44189998507499695","0.44189998507499695","0.44189998507499695","0.8607999682426453","0.8607999682426453","0.8607999682426453","1","1","1","1","1","1","0.3349999785423279","0.3349999785423279","0.3349999785423279","0.8348000049591064","0.8348000049591064","0.8348000049591064","1","1","1","1","1","1","0.31439998745918274","0.31439998745918274","0.31439998745918274","0.8334999680519104","0.8334999680519104","0.8334999680519104","1","1","1","1","1","1","0.2915000021457672","0.2915000021457672","0.2915000021457672","0.8330999612808228","0.8330999612808228","0.8330999612808228"
"1211","1","1","1","1","1","1","0.3896999955177307","0.3896999955177307","0.3896999955177307","0.8464999794960022","0.8464999794960022","0.8464999794960022","1","1","1","1","1","1","0.45509999990463257","0.45509999990463257","0.45509999990463257","0.8613999485969543","0.8613999485969543","0.8613999485969543","1","1","1","1","1","1","0.3237999975681305","0.3237999975681305","0.3237999975681305","0.8333999514579773","0.8333999514579773","0.8333999514579773","1","1","1","1","1","1","0.322299987077713","0.322299987077713","0.322299987077713","0.8371999859809875","0.8371999859809875","0.8371999859809875","1","1","1","1","1","1","0.2953000068664551","0.2953000068664551","0.2953000068664551","0.8353999853134155","0.8353999853134155","0.8353999853134155"
"1222","1","1","1","1","1","1","0.4057999849319458","0.4057999849319458","0.4057999849319458","0.8503999710083008","0.8503999710083008","0.8503999710083008","1","1","1","1","1","1","0.44519999623298645","0.44519999623298645","0.44519999623298645","0.8629999756813049","0.8629999756813049","0.8629999756813049","1","1","1","1","1","1","0.3229999840259552","0.3229999840259552","0.3229999840259552","0.8317999839782715","0.8317999839782715","0.8317999839782715","1","1","1","1","1","1","0.3255999982357025","0.3255999982357025","0.3255999982357025","0.8381999731063843","0.8381999731063843","0.8381999731063843","1","1","1","1","1","1","0.2879999876022339","0.2879999876022339","0.2879999876022339","0.8334999680519104","0.8334999680519104","0.8334999680519104"
"1233","1","1","1","1","1","1","0.3969999849796295","0.3969999849796295","0.3969999849796295","0.8481999635696411","0.8481999635696411","0.8481999635696411","1","1","1","1","1","1","0.4504999816417694","0.4504999816417694","0.4504999816417694","0.8616999983787537","0.8616999983787537","0.8616999983787537","1","1","1","1","1","1","0.32829999923706055","0.32829999923706055","0.32829999923706055","0.8355000019073486","0.8355000019073486","0.8355000019073486","1","1","1","1","1","1","0.3140999972820282","0.3140999972820282","0.3140999972820282","0.837399959564209","0.837399959564209","0.837399959564209","1","1","1","1","1","1","0.29649999737739563","0.29649999737739563","0.29649999737739563","0.833899974822998","0.833899974822998","0.833899974822998"
"1244","1","1","1","1","1","1","0.3977999985218048","0.3977999985218048","0.3977999985218048","0.8484999537467957","0.8484999537467957","0.8484999537467957","1","1","1","1","1","1","0.448199987411499","0.448199987411499","0.448199987411499","0.8603000044822693","0.8603000044822693","0.8603000044822693","1","1","1","1","1","1","0.31939998269081116","0.31939998269081116","0.31939998269081116","0.8314999938011169","0.8314999938011169","0.8314999938011169","1","1","1","1","1","1","0.3098999857902527","0.3098999857902527","0.3098999857902527","0.8357999920845032","0.8357999920845032","0.8357999920845032","1","1","1","1","1","1","0.2903999984264374","0.2903999984264374","0.2903999984264374","0.8319000005722046","0.8319000005722046","0.8319000005722046"
"1255","1","1","1","1","1","1","0.39659997820854187","0.39659997820854187","0.39659997820854187","0.8489999771118164","0.8489999771118164","0.8489999771118164","1","1","1","1","1","1","0.45080000162124634","0.45080000162124634","0.45080000162124634","0.8633999824523926","0.8633999824523926","0.8633999824523926","1","1","1","1","1","1","0.3199999928474426","0.3199999928474426","0.3199999928474426","0.8315999507904053","0.8315999507904053","0.8315999507904053","1","1","1","1","1","1","0.30889999866485596","0.30889999866485596","0.30889999866485596","0.8345999717712402","0.8345999717712402","0.8345999717712402","1","1","1","1","1","1","0.29789999127388","0.29789999127388","0.29789999127388","0.8343999981880188","0.8343999981880188","0.8343999981880188"
"1266","1","1","1","1","1","1","0.40149998664855957","0.40149998664855957","0.40149998664855957","0.8507999777793884","0.8507999777793884","0.8507999777793884","1","1","1","1","1","1","0.43939998745918274","0.43939998745918274","0.43939998745918274","0.8600999712944031","0.8600999712944031","0.8600999712944031","1","1","1","1","1","1","0.3271999955177307","0.3271999955177307","0.3271999955177307","0.8330999612808228","0.8330999612808228","0.8330999612808228","1","1","1","1","1","1","0.3077999949455261","0.3077999949455261","0.3077999949455261","0.835599958896637","0.835599958896637","0.835599958896637","1","1","1","1","1","1","0.3075000047683716","0.3075000047683716","0.3075000047683716","0.8369999527931213","0.8369999527931213","0.8369999527931213"
"1277","1","1","1","1","1","1","0.4057999849319458","0.4057999849319458","0.4057999849319458","0.8503999710083008","0.8503999710083008","0.8503999710083008","1","1","1","1","1","1","0.4341000020503998","0.4341000020503998","0.4341000020503998","0.8570999503135681","0.8570999503135681","0.8570999503135681","1","1","1","1","1","1","0.3344999849796295","0.3344999849796295","0.3344999849796295","0.8346999883651733","0.8346999883651733","0.8346999883651733","1","1","1","1","1","1","0.3051999807357788","0.3051999807357788","0.3051999807357788","0.8346999883651733","0.8346999883651733","0.8346999883651733","1","1","1","1","1","1","0.30699998140335083","0.30699998140335083","0.30699998140335083","0.837399959564209","0.837399959564209","0.837399959564209"
"1288","1","1","1","1","1","1","0.3896999955177307","0.3896999955177307","0.3896999955177307","0.847000002861023","0.847000002861023","0.847000002861023","1","1","1","1","1","1","0.436599999666214","0.436599999666214","0.436599999666214","0.8596000075340271","0.8596000075340271","0.8596000075340271","1","1","1","1","1","1","0.31029999256134033","0.31029999256134033","0.31029999256134033","0.8294000029563904","0.8294000029563904","0.8294000029563904","1","1","1","1","1","1","0.31929999589920044","0.31929999589920044","0.31929999589920044","0.8378999829292297","0.8378999829292297","0.8378999829292297","1","1","1","1","1","1","0.29760000109672546","0.29760000109672546","0.29760000109672546","0.8349999785423279","0.8349999785423279","0.8349999785423279"
"1299","1","1","1","1","1","1","0.3953999876976013","0.3953999876976013","0.3953999876976013","0.8473999500274658","0.8473999500274658","0.8473999500274658","1","1","1","1","1","1","0.438400000333786","0.438400000333786","0.438400000333786","0.8578999638557434","0.8578999638557434","0.8578999638557434","1","1","1","1","1","1","0.33550000190734863","0.33550000190734863","0.33550000190734863","0.8375999927520752","0.8375999927520752","0.8375999927520752","1","1","1","1","1","1","0.3150999844074249","0.3150999844074249","0.3150999844074249","0.8367999792098999","0.8367999792098999","0.8367999792098999","1","1","1","1","1","1","0.30730000138282776","0.30730000138282776","0.30730000138282776","0.8367999792098999","0.8367999792098999","0.8367999792098999"
"1310","1","1","1","1","1","1","0.396699994802475","0.396699994802475","0.396699994802475","0.8481000065803528","0.8481000065803528","0.8481000065803528","1","1","1","1","1","1","0.44039997458457947","0.44039997458457947","0.44039997458457947","0.8605999946594238","0.8605999946594238","0.8605999946594238","1","1","1","1","1","1","0.336899995803833","0.336899995803833","0.336899995803833","0.8361999988555908","0.8361999988555908","0.8361999988555908","1","1","1","1","1","1","0.31119999289512634","0.31119999289512634","0.31119999289512634","0.8374999761581421","0.8374999761581421","0.8374999761581421","1","1","1","1","1","1","0.3021000027656555","0.3021000027656555","0.3021000027656555","0.835099995136261","0.835099995136261","0.835099995136261"
"1321","1","1","1","1","1","1","0.3969999849796295","0.3969999849796295","0.3969999849796295","0.8488999605178833","0.8488999605178833","0.8488999605178833","1","1","1","1","1","1","0.4262000024318695","0.4262000024318695","0.4262000024318695","0.858299970626831","0.858299970626831","0.858299970626831","1","1","1","1","1","1","0.3511999845504761","0.3511999845504761","0.3511999845504761","0.840399980545044","0.840399980545044","0.840399980545044","1","1","1","1","1","1","0.3123999834060669","0.3123999834060669","0.3123999834060669","0.838699996471405","0.838699996471405","0.838699996471405","1","1","1","1","1","1","0.30329999327659607","0.30329999327659607","0.30329999327659607","0.8348000049591064","0.8348000049591064","0.8348000049591064"
"1332","1","1","1","1","1","1","0.4016000032424927","0.4016000032424927","0.4016000032424927","0.8495999574661255","0.8495999574661255","0.8495999574661255","1","1","1","1","1","1","0.4219000041484833","0.4219000041484833","0.4219000041484833","0.858199954032898","0.858199954032898","0.858199954032898","1","1","1","1","1","1","0.33949998021125793","0.33949998021125793","0.33949998021125793","0.8366999626159668","0.8366999626159668","0.8366999626159668","1","1","1","1","1","1","0.31769999861717224","0.31769999861717224","0.31769999861717224","0.8392999768257141","0.8392999768257141","0.8392999768257141","1","1","1","1","1","1","0.3066999912261963","0.3066999912261963","0.3066999912261963","0.8364999890327454","0.8364999890327454","0.8364999890327454"
"1343","1","1","1","1","1","1","0.40619999170303345","0.40619999170303345","0.40619999170303345","0.8503999710083008","0.8503999710083008","0.8503999710083008","1","1","1","1","1","1","0.42989999055862427","0.42989999055862427","0.42989999055862427","0.8596000075340271","0.8596000075340271","0.8596000075340271","1","1","1","1","1","1","0.3409999907016754","0.3409999907016754","0.3409999907016754","0.8367999792098999","0.8367999792098999","0.8367999792098999","1","1","1","1","1","1","0.3249000012874603","0.3249000012874603","0.3249000012874603","0.8385999798774719","0.8385999798774719","0.8385999798774719","1","1","1","1","1","1","0.311599999666214","0.311599999666214","0.311599999666214","0.8384999632835388","0.8384999632835388","0.8384999632835388"
"1354","1","1","1","1","1","1","0.39389997720718384","0.39389997720718384","0.39389997720718384","0.8471999764442444","0.8471999764442444","0.8471999764442444","1","1","1","1","1","1","0.4461999833583832","0.4461999833583832","0.4461999833583832","0.8625999689102173","0.8625999689102173","0.8625999689102173","1","1","1","1","1","1","0.33949998021125793","0.33949998021125793","0.33949998021125793","0.8374999761581421","0.8374999761581421","0.8374999761581421","1","1","1","1","1","1","0.33159998059272766","0.33159998059272766","0.33159998059272766","0.8402000069618225","0.8402000069618225","0.8402000069618225","1","1","1","1","1","1","0.3000999987125397","0.3000999987125397","0.3000999987125397","0.8356999754905701","0.8356999754905701","0.8356999754905701"
"1365","1","1","1","1","1","1","0.4066999852657318","0.4066999852657318","0.4066999852657318","0.8502999544143677","0.8502999544143677","0.8502999544143677","1","1","1","1","1","1","0.44179999828338623","0.44179999828338623","0.44179999828338623","0.8606999516487122","0.8606999516487122","0.8606999516487122","1","1","1","1","1","1","0.3463999927043915","0.3463999927043915","0.3463999927043915","0.8391000032424927","0.8391000032424927","0.8391000032424927","1","1","1","1","1","1","0.31049999594688416","0.31049999594688416","0.31049999594688416","0.8357999920845032","0.8357999920845032","0.8357999920845032","1","1","1","1","1","1","0.314300000667572","0.314300000667572","0.314300000667572","0.8387999534606934","0.8387999534606934","0.8387999534606934"
"1376","1","1","1","1","1","1","0.406499981880188","0.406499981880188","0.406499981880188","0.8511999845504761","0.8511999845504761","0.8511999845504761","1","1","1","1","1","1","0.4554999768733978","0.4554999768733978","0.4554999768733978","0.8629999756813049","0.8629999756813049","0.8629999756813049","1","1","1","1","1","1","0.3499999940395355","0.3499999940395355","0.3499999940395355","0.8382999897003174","0.8382999897003174","0.8382999897003174","1","1","1","1","1","1","0.3138999938964844","0.3138999938964844","0.3138999938964844","0.835099995136261","0.835099995136261","0.835099995136261","1","1","1","1","1","1","0.3060999810695648","0.3060999810695648","0.3060999810695648","0.8370999693870544","0.8370999693870544","0.8370999693870544"
"1387","1","1","1","1","1","1","0.4090999960899353","0.4090999960899353","0.4090999960899353","0.8515999913215637","0.8515999913215637","0.8515999913215637","1","1","1","1","1","1","0.4324999749660492","0.4324999749660492","0.4324999749660492","0.8568999767303467","0.8568999767303467","0.8568999767303467","1","1","1","1","1","1","0.34779998660087585","0.34779998660087585","0.34779998660087585","0.839199960231781","0.839199960231781","0.839199960231781","1","1","1","1","1","1","0.31520000100135803","0.31520000100135803","0.31520000100135803","0.8349999785423279","0.8349999785423279","0.8349999785423279","1","1","1","1","1","1","0.3111000061035156","0.3111000061035156","0.3111000061035156","0.8374999761581421","0.8374999761581421","0.8374999761581421"
"1398","1","1","1","1","1","1","0.4096999764442444","0.4096999764442444","0.4096999764442444","0.8509999513626099","0.8509999513626099","0.8509999513626099","1","1","1","1","1","1","0.4391999840736389","0.4391999840736389","0.4391999840736389","0.8568999767303467","0.8568999767303467","0.8568999767303467","1","1","1","1","1","1","0.33379998803138733","0.33379998803138733","0.33379998803138733","0.8352999687194824","0.8352999687194824","0.8352999687194824","1","1","1","1","1","1","0.313400000333786","0.313400000333786","0.313400000333786","0.8342999815940857","0.8342999815940857","0.8342999815940857","1","1","1","1","1","1","0.2994000017642975","0.2994000017642975","0.2994000017642975","0.833299994468689","0.833299994468689","0.833299994468689"
"1409","1","1","1","1","1","1","0.39879998564720154","0.39879998564720154","0.39879998564720154","0.8490999937057495","0.8490999937057495","0.8490999937057495","1","1","1","1","1","1","0.45089998841285706","0.45089998841285706","0.45089998841285706","0.8603999614715576","0.8603999614715576","0.8603999614715576","1","1","1","1","1","1","0.33379998803138733","0.33379998803138733","0.33379998803138733","0.8357999920845032","0.8357999920845032","0.8357999920845032","1","1","1","1","1","1","0.31439998745918274","0.31439998745918274","0.31439998745918274","0.8341999650001526","0.8341999650001526","0.8341999650001526","1","1","1","1","1","1","0.30469998717308044","0.30469998717308044","0.30469998717308044","0.8348999619483948","0.8348999619483948","0.8348999619483948"
"1420","1","1","1","1","1","1","0.3985999822616577","0.3985999822616577","0.3985999822616577","0.8481000065803528","0.8481000065803528","0.8481000065803528","1","1","1","1","1","1","0.44769999384880066","0.44769999384880066","0.44769999384880066","0.8611999750137329","0.8611999750137329","0.8611999750137329","1","1","1","1","1","1","0.3384000062942505","0.3384000062942505","0.3384000062942505","0.8377999663352966","0.8377999663352966","0.8377999663352966","1","1","1","1","1","1","0.3244999945163727","0.3244999945163727","0.3244999945163727","0.8367999792098999","0.8367999792098999","0.8367999792098999","1","1","1","1","1","1","0.30069997906684875","0.30069997906684875","0.30069997906684875","0.8341000080108643","0.8341000080108643","0.8341000080108643"
"1431","1","1","1","1","1","1","0.4138000011444092","0.4138000011444092","0.4138000011444092","0.8531999588012695","0.8531999588012695","0.8531999588012695","1","1","1","1","1","1","0.44419997930526733","0.44419997930526733","0.44419997930526733","0.8578000068664551","0.8578000068664551","0.8578000068664551","1","1","1","1","1","1","0.3308999836444855","0.3308999836444855","0.3308999836444855","0.8359999656677246","0.8359999656677246","0.8359999656677246","1","1","1","1","1","1","0.32600000500679016","0.32600000500679016","0.32600000500679016","0.8366000056266785","0.8366000056266785","0.8366000056266785","1","1","1","1","1","1","0.2955999970436096","0.2955999970436096","0.2955999970436096","0.8334999680519104","0.8334999680519104","0.8334999680519104"
"1442","1","1","1","1","1","1","0.4147999882698059","0.4147999882698059","0.4147999882698059","0.8513999581336975","0.8513999581336975","0.8513999581336975","1","1","1","1","1","1","0.4323999881744385","0.4323999881744385","0.4323999881744385","0.8544999957084656","0.8544999957084656","0.8544999957084656","1","1","1","1","1","1","0.33139997720718384","0.33139997720718384","0.33139997720718384","0.8346999883651733","0.8346999883651733","0.8346999883651733","1","1","1","1","1","1","0.3158999979496002","0.3158999979496002","0.3158999979496002","0.8369999527931213","0.8369999527931213","0.8369999527931213","1","1","1","1","1","1","0.296999990940094","0.296999990940094","0.296999990940094","0.833899974822998","0.833899974822998","0.833899974822998"
"1453","1","1","1","1","1","1","0.4139999747276306","0.4139999747276306","0.4139999747276306","0.8517999649047852","0.8517999649047852","0.8517999649047852","1","1","1","1","1","1","0.4496999979019165","0.4496999979019165","0.4496999979019165","0.8596000075340271","0.8596000075340271","0.8596000075340271","1","1","1","1","1","1","0.34379997849464417","0.34379997849464417","0.34379997849464417","0.8381999731063843","0.8381999731063843","0.8381999731063843","1","1","1","1","1","1","0.3021000027656555","0.3021000027656555","0.3021000027656555","0.8334999680519104","0.8334999680519104","0.8334999680519104","1","1","1","1","1","1","0.3057999908924103","0.3057999908924103","0.3057999908924103","0.8352999687194824","0.8352999687194824","0.8352999687194824"
"1464","1","1","1","1","1","1","0.40849998593330383","0.40849998593330383","0.40849998593330383","0.8482999801635742","0.8482999801635742","0.8482999801635742","1","1","1","1","1","1","0.44269999861717224","0.44269999861717224","0.44269999861717224","0.8590999841690063","0.8590999841690063","0.8590999841690063","1","1","1","1","1","1","0.3358999788761139","0.3358999788761139","0.3358999788761139","0.836899995803833","0.836899995803833","0.836899995803833","1","1","1","1","1","1","0.305899977684021","0.305899977684021","0.305899977684021","0.8348000049591064","0.8348000049591064","0.8348000049591064","0.9998999834060669","0.9998999834060669","0.9998999834060669","1","1","1","0.3084999918937683","0.3084999918937683","0.3084999918937683","0.8366999626159668","0.8366999626159668","0.8366999626159668"
"1475","1","1","1","1","1","1","0.4075999855995178","0.4075999855995178","0.4075999855995178","0.8483999967575073","0.8483999967575073","0.8483999967575073","1","1","1","1","1","1","0.44699999690055847","0.44699999690055847","0.44699999690055847","0.8613999485969543","0.8613999485969543","0.8613999485969543","1","1","1","1","1","1","0.3418000042438507","0.3418000042438507","0.3418000042438507","0.8377999663352966","0.8377999663352966","0.8377999663352966","1","1","1","1","1","1","0.30629998445510864","0.30629998445510864","0.30629998445510864","0.8330000042915344","0.8330000042915344","0.8330000042915344","1","1","1","1","1","1","0.3125999867916107","0.3125999867916107","0.3125999867916107","0.8379999995231628","0.8379999995231628","0.8379999995231628"
"1486","1","1","1","1","1","1","0.41419997811317444","0.41419997811317444","0.41419997811317444","0.8508999943733215","0.8508999943733215","0.8508999943733215","1","1","1","1","1","1","0.44529998302459717","0.44529998302459717","0.44529998302459717","0.8590999841690063","0.8590999841690063","0.8590999841690063","1","1","1","1","1","1","0.3441999852657318","0.3441999852657318","0.3441999852657318","0.8388999700546265","0.8388999700546265","0.8388999700546265","1","1","1","1","1","1","0.30640000104904175","0.30640000104904175","0.30640000104904175","0.833899974822998","0.833899974822998","0.833899974822998","1","1","1","1","1","1","0.3173999786376953","0.3173999786376953","0.3173999786376953","0.8389999866485596","0.8389999866485596","0.8389999866485596"
"1497","1","1","1","1","1","1","0.41279998421669006","0.41279998421669006","0.41279998421669006","0.8533999919891357","0.8533999919891357","0.8533999919891357","1","1","1","1","1","1","0.44339999556541443","0.44339999556541443","0.44339999556541443","0.8606999516487122","0.8606999516487122","0.8606999516487122","1","1","1","1","1","1","0.3375000059604645","0.3375000059604645","0.3375000059604645","0.8366000056266785","0.8366000056266785","0.8366000056266785","1","1","1","1","1","1","0.31299999356269836","0.31299999356269836","0.31299999356269836","0.8348999619483948","0.8348999619483948","0.8348999619483948","1","1","1","1","1","1","0.31700000166893005","0.31700000166893005","0.31700000166893005","0.8379999995231628","0.8379999995231628","0.8379999995231628"
"1508","1","1","1","1","1","1","0.40959998965263367","0.40959998965263367","0.40959998965263367","0.8499000072479248","0.8499000072479248","0.8499000072479248","1","1","1","1","1","1","0.44290000200271606","0.44290000200271606","0.44290000200271606","0.8616999983787537","0.8616999983787537","0.8616999983787537","1","1","1","1","1","1","0.3366999924182892","0.3366999924182892","0.3366999924182892","0.8361999988555908","0.8361999988555908","0.8361999988555908","1","1","1","1","1","1","0.3166999816894531","0.3166999816894531","0.3166999816894531","0.835099995136261","0.835099995136261","0.835099995136261","1","1","1","1","1","1","0.30629998445510864","0.30629998445510864","0.30629998445510864","0.8351999521255493","0.8351999521255493","0.8351999521255493"
"1519","1","1","1","1","1","1","0.4059000015258789","0.4059000015258789","0.4059000015258789","0.8470999598503113","0.8470999598503113","0.8470999598503113","1","1","1","1","1","1","0.43209999799728394","0.43209999799728394","0.43209999799728394","0.8600999712944031","0.8600999712944031","0.8600999712944031","1","1","1","1","1","1","0.3310999870300293","0.3310999870300293","0.3310999870300293","0.8359999656677246","0.8359999656677246","0.8359999656677246","1","1","1","1","1","1","0.3165999948978424","0.3165999948978424","0.3165999948978424","0.8349999785423279","0.8349999785423279","0.8349999785423279","1","1","1","1","1","1","0.313400000333786","0.313400000333786","0.313400000333786","0.837399959564209","0.837399959564209","0.837399959564209"
"1530","1","1","1","1","1","1","0.40379998087882996","0.40379998087882996","0.40379998087882996","0.8496999740600586","0.8496999740600586","0.8496999740600586","1","1","1","1","1","1","0.4397999942302704","0.4397999942302704","0.4397999942302704","0.85999995470047","0.85999995470047","0.85999995470047","1","1","1","1","1","1","0.3375999927520752","0.3375999927520752","0.3375999927520752","0.8366000056266785","0.8366000056266785","0.8366000056266785","1","1","1","1","1","1","0.3158999979496002","0.3158999979496002","0.3158999979496002","0.8337000012397766","0.8337000012397766","0.8337000012397766","1","1","1","1","1","1","0.3163999915122986","0.3163999915122986","0.3163999915122986","0.8393999934196472","0.8393999934196472","0.8393999934196472"
"1541","1","1","1","1","1","1","0.4057999849319458","0.4057999849319458","0.4057999849319458","0.8500999808311462","0.8500999808311462","0.8500999808311462","1","1","1","1","1","1","0.4364999830722809","0.4364999830722809","0.4364999830722809","0.8593999743461609","0.8593999743461609","0.8593999743461609","1","1","1","1","1","1","0.3456999957561493","0.3456999957561493","0.3456999957561493","0.8402000069618225","0.8402000069618225","0.8402000069618225","1","1","1","1","1","1","0.3148999810218811","0.3148999810218811","0.3148999810218811","0.8339999914169312","0.8339999914169312","0.8339999914169312","1","1","1","1","1","1","0.3061999976634979","0.3061999976634979","0.3061999976634979","0.835099995136261","0.835099995136261","0.835099995136261"
"1552","1","1","1","1","1","1","0.3983999788761139","0.3983999788761139","0.3983999788761139","0.8479999899864197","0.8479999899864197","0.8479999899864197","1","1","1","1","1","1","0.43869999051094055","0.43869999051094055","0.43869999051094055","0.8596999645233154","0.8596999645233154","0.8596999645233154","1","1","1","1","1","1","0.34119999408721924","0.34119999408721924","0.34119999408721924","0.8391000032424927","0.8391000032424927","0.8391000032424927","1","1","1","1","1","1","0.31450000405311584","0.31450000405311584","0.31450000405311584","0.8334999680519104","0.8334999680519104","0.8334999680519104","0.9998999834060669","0.9998999834060669","0.9998999834060669","1","1","1","0.3181999921798706","0.3181999921798706","0.3181999921798706","0.8402000069618225","0.8402000069618225","0.8402000069618225"
"1563","1","1","1","1","1","1","0.40299999713897705","0.40299999713897705","0.40299999713897705","0.8500999808311462","0.8500999808311462","0.8500999808311462","1","1","1","1","1","1","0.42559999227523804","0.42559999227523804","0.42559999227523804","0.8571999669075012","0.8571999669075012","0.8571999669075012","1","1","1","1","1","1","0.3489999771118164","0.3489999771118164","0.3489999771118164","0.8411999940872192","0.8411999940872192","0.8411999940872192","1","1","1","1","1","1","0.3138999938964844","0.3138999938964844","0.3138999938964844","0.8337000012397766","0.8337000012397766","0.8337000012397766","1","1","1","1","1","1","0.3132999837398529","0.3132999837398529","0.3132999837398529","0.8398999571800232","0.8398999571800232","0.8398999571800232"
"1574","1","1","1","1","1","1","0.39969998598098755","0.39969998598098755","0.39969998598098755","0.847599983215332","0.847599983215332","0.847599983215332","1","1","1","1","1","1","0.44759997725486755","0.44759997725486755","0.44759997725486755","0.8646000027656555","0.8646000027656555","0.8646000027656555","1","1","1","1","1","1","0.3483999967575073","0.3483999967575073","0.3483999967575073","0.8384999632835388","0.8384999632835388","0.8384999632835388","1","1","1","1","1","1","0.3042999804019928","0.3042999804019928","0.3042999804019928","0.8316999673843384","0.8316999673843384","0.8316999673843384","1","1","1","1","1","1","0.30550000071525574","0.30550000071525574","0.30550000071525574","0.8359999656677246","0.8359999656677246","0.8359999656677246"
"1585","1","1","1","1","1","1","0.41179999709129333","0.41179999709129333","0.41179999709129333","0.8522999882698059","0.8522999882698059","0.8522999882698059","1","1","1","1","1","1","0.4490000009536743","0.4490000009536743","0.4490000009536743","0.8624999523162842","0.8624999523162842","0.8624999523162842","1","1","1","1","1","1","0.33469998836517334","0.33469998836517334","0.33469998836517334","0.8391000032424927","0.8391000032424927","0.8391000032424927","1","1","1","1","1","1","0.30489999055862427","0.30489999055862427","0.30489999055862427","0.8319000005722046","0.8319000005722046","0.8319000005722046","1","1","1","1","1","1","0.30390000343322754","0.30390000343322754","0.30390000343322754","0.8364999890327454","0.8364999890327454","0.8364999890327454"
"1596","1","1","1","1","1","1","0.4104999899864197","0.4104999899864197","0.4104999899864197","0.8513999581336975","0.8513999581336975","0.8513999581336975","1","1","1","1","1","1","0.444599986076355","0.444599986076355","0.444599986076355","0.8610999584197998","0.8610999584197998","0.8610999584197998","1","1","1","1","1","1","0.32839998602867126","0.32839998602867126","0.32839998602867126","0.8360999822616577","0.8360999822616577","0.8360999822616577","1","1","1","1","1","1","0.2994999885559082","0.2994999885559082","0.2994999885559082","0.8313999772071838","0.8313999772071838","0.8313999772071838","1","1","1","1","1","1","0.30809998512268066","0.30809998512268066","0.30809998512268066","0.8363999724388123","0.8363999724388123","0.8363999724388123"
"1607","1","1","1","1","1","1","0.41679999232292175","0.41679999232292175","0.41679999232292175","0.8525999784469604","0.8525999784469604","0.8525999784469604","1","1","1","1","1","1","0.4390999972820282","0.4390999972820282","0.4390999972820282","0.8610999584197998","0.8610999584197998","0.8610999584197998","1","1","1","1","1","1","0.3308999836444855","0.3308999836444855","0.3308999836444855","0.8369999527931213","0.8369999527931213","0.8369999527931213","1","1","1","1","1","1","0.31189998984336853","0.31189998984336853","0.31189998984336853","0.835099995136261","0.835099995136261","0.835099995136261","1","1","1","1","1","1","0.3042999804019928","0.3042999804019928","0.3042999804019928","0.835599958896637","0.835599958896637","0.835599958896637"
"1618","1","1","1","1","1","1","0.41359999775886536","0.41359999775886536","0.41359999775886536","0.852899968624115","0.852899968624115","0.852899968624115","1","1","1","1","1","1","0.42499998211860657","0.42499998211860657","0.42499998211860657","0.8563999533653259","0.8563999533653259","0.8563999533653259","1","1","1","1","1","1","0.33409997820854187","0.33409997820854187","0.33409997820854187","0.8362999558448792","0.8362999558448792","0.8362999558448792","1","1","1","1","1","1","0.3026999831199646","0.3026999831199646","0.3026999831199646","0.8312999606132507","0.8312999606132507","0.8312999606132507","1","1","1","1","1","1","0.30300000309944153","0.30300000309944153","0.30300000309944153","0.8366999626159668","0.8366999626159668","0.8366999626159668"
"1629","1","1","1","1","1","1","0.4107999801635742","0.4107999801635742","0.4107999801635742","0.8520999550819397","0.8520999550819397","0.8520999550819397","1","1","1","1","1","1","0.4278999865055084","0.4278999865055084","0.4278999865055084","0.854699969291687","0.854699969291687","0.854699969291687","1","1","1","1","1","1","0.33660000562667847","0.33660000562667847","0.33660000562667847","0.8356999754905701","0.8356999754905701","0.8356999754905701","1","1","1","1","1","1","0.31529998779296875","0.31529998779296875","0.31529998779296875","0.8351999521255493","0.8351999521255493","0.8351999521255493","1","1","1","1","1","1","0.290800005197525","0.290800005197525","0.290800005197525","0.8326999545097351","0.8326999545097351","0.8326999545097351"
"1640","1","1","1","1","1","1","0.4139999747276306","0.4139999747276306","0.4139999747276306","0.8547999858856201","0.8547999858856201","0.8547999858856201","1","1","1","1","1","1","0.4287000000476837","0.4287000000476837","0.4287000000476837","0.8574000000953674","0.8574000000953674","0.8574000000953674","1","1","1","1","1","1","0.3479999899864197","0.3479999899864197","0.3479999899864197","0.8384000062942505","0.8384000062942505","0.8384000062942505","1","1","1","1","1","1","0.3127000033855438","0.3127000033855438","0.3127000033855438","0.8325999975204468","0.8325999975204468","0.8325999975204468","1","1","1","1","1","1","0.30379998683929443","0.30379998683929443","0.30379998683929443","0.8348999619483948","0.8348999619483948","0.8348999619483948"
"1651","1","1","1","1","1","1","0.4114999771118164","0.4114999771118164","0.4114999771118164","0.8515999913215637","0.8515999913215637","0.8515999913215637","1","1","1","1","1","1","0.4364999830722809","0.4364999830722809","0.4364999830722809","0.8565999865531921","0.8565999865531921","0.8565999865531921","1","1","1","1","1","1","0.349700003862381","0.349700003862381","0.349700003862381","0.8384000062942505","0.8384000062942505","0.8384000062942505","1","1","1","1","1","1","0.31200000643730164","0.31200000643730164","0.31200000643730164","0.8319999575614929","0.8319999575614929","0.8319999575614929","1","1","1","1","1","1","0.30309998989105225","0.30309998989105225","0.30309998989105225","0.8351999521255493","0.8351999521255493","0.8351999521255493"
"1662","1","1","1","1","1","1","0.4148999750614166","0.4148999750614166","0.4148999750614166","0.8557999730110168","0.8557999730110168","0.8557999730110168","1","1","1","1","1","1","0.4447999894618988","0.4447999894618988","0.4447999894618988","0.8631999492645264","0.8631999492645264","0.8631999492645264","1","1","1","1","1","1","0.34459999203681946","0.34459999203681946","0.34459999203681946","0.8373000025749207","0.8373000025749207","0.8373000025749207","1","1","1","1","1","1","0.32099997997283936","0.32099997997283936","0.32099997997283936","0.8361999988555908","0.8361999988555908","0.8361999988555908","1","1","1","1","1","1","0.3017999827861786","0.3017999827861786","0.3017999827861786","0.8348999619483948","0.8348999619483948","0.8348999619483948"
"1673","1","1","1","1","1","1","0.4047999978065491","0.4047999978065491","0.4047999978065491","0.8502999544143677","0.8502999544143677","0.8502999544143677","1","1","1","1","1","1","0.4527999758720398","0.4527999758720398","0.4527999758720398","0.8649999499320984","0.8649999499320984","0.8649999499320984","1","1","1","1","1","1","0.34209999442100525","0.34209999442100525","0.34209999442100525","0.8352999687194824","0.8352999687194824","0.8352999687194824","1","1","1","1","1","1","0.31450000405311584","0.31450000405311584","0.31450000405311584","0.8369999527931213","0.8369999527931213","0.8369999527931213","1","1","1","1","1","1","0.31369999051094055","0.31369999051094055","0.31369999051094055","0.8374999761581421","0.8374999761581421","0.8374999761581421"
"1684","1","1","1","1","1","1","0.39809998869895935","0.39809998869895935","0.39809998869895935","0.8499000072479248","0.8499000072479248","0.8499000072479248","1","1","1","1","1","1","0.4399999976158142","0.4399999976158142","0.4399999976158142","0.8605999946594238","0.8605999946594238","0.8605999946594238","1","1","1","1","1","1","0.34779998660087585","0.34779998660087585","0.34779998660087585","0.8380999565124512","0.8380999565124512","0.8380999565124512","1","1","1","1","1","1","0.31859999895095825","0.31859999895095825","0.31859999895095825","0.835599958896637","0.835599958896637","0.835599958896637","1","1","1","1","1","1","0.3037000000476837","0.3037000000476837","0.3037000000476837","0.8359000086784363","0.8359000086784363","0.8359000086784363"
"1695","1","1","1","1","1","1","0.4071999788284302","0.4071999788284302","0.4071999788284302","0.8504999876022339","0.8504999876022339","0.8504999876022339","1","1","1","1","1","1","0.44110000133514404","0.44110000133514404","0.44110000133514404","0.8626999855041504","0.8626999855041504","0.8626999855041504","1","1","1","1","1","1","0.35009998083114624","0.35009998083114624","0.35009998083114624","0.8376999497413635","0.8376999497413635","0.8376999497413635","1","1","1","1","1","1","0.30809998512268066","0.30809998512268066","0.30809998512268066","0.8346999883651733","0.8346999883651733","0.8346999883651733","1","1","1","1","1","1","0.29819998145103455","0.29819998145103455","0.29819998145103455","0.8334999680519104","0.8334999680519104","0.8334999680519104"
"1706","1","1","1","1","1","1","0.4048999845981598","0.4048999845981598","0.4048999845981598","0.8502999544143677","0.8502999544143677","0.8502999544143677","1","1","1","1","1","1","0.4343999922275543","0.4343999922275543","0.4343999922275543","0.8603000044822693","0.8603000044822693","0.8603000044822693","1","1","1","1","1","1","0.3472999930381775","0.3472999930381775","0.3472999930381775","0.8387999534606934","0.8387999534606934","0.8387999534606934","1","1","1","1","1","1","0.3146999776363373","0.3146999776363373","0.3146999776363373","0.8355000019073486","0.8355000019073486","0.8355000019073486","1","1","1","1","1","1","0.296099990606308","0.296099990606308","0.296099990606308","0.8319000005722046","0.8319000005722046","0.8319000005722046"
"1717","1","1","1","1","1","1","0.3937999904155731","0.3937999904155731","0.3937999904155731","0.8485999703407288","0.8485999703407288","0.8485999703407288","1","1","1","1","1","1","0.44209998846054077","0.44209998846054077","0.44209998846054077","0.8625999689102173","0.8625999689102173","0.8625999689102173","1","1","1","1","1","1","0.3463999927043915","0.3463999927043915","0.3463999927043915","0.8378999829292297","0.8378999829292297","0.8378999829292297","1","1","1","1","1","1","0.31790000200271606","0.31790000200271606","0.31790000200271606","0.8356999754905701","0.8356999754905701","0.8356999754905701","1","1","1","1","1","1","0.3075000047683716","0.3075000047683716","0.3075000047683716","0.8356999754905701","0.8356999754905701","0.8356999754905701"
"1728","1","1","1","1","1","1","0.4229999780654907","0.4229999780654907","0.4229999780654907","0.85589998960495","0.85589998960495","0.85589998960495","1","1","1","1","1","1","0.44699999690055847","0.44699999690055847","0.44699999690055847","0.8640999794006348","0.8640999794006348","0.8640999794006348","1","1","1","1","1","1","0.3369999825954437","0.3369999825954437","0.3369999825954437","0.8351999521255493","0.8351999521255493","0.8351999521255493","1","1","1","1","1","1","0.3109999895095825","0.3109999895095825","0.3109999895095825","0.833299994468689","0.833299994468689","0.833299994468689","1","1","1","1","1","1","0.30879998207092285","0.30879998207092285","0.30879998207092285","0.8369999527931213","0.8369999527931213","0.8369999527931213"
"1739","1","1","1","1","1","1","0.42319998145103455","0.42319998145103455","0.42319998145103455","0.854699969291687","0.854699969291687","0.854699969291687","1","1","1","1","1","1","0.4389999806880951","0.4389999806880951","0.4389999806880951","0.861799955368042","0.861799955368042","0.861799955368042","1","1","1","1","1","1","0.3481999933719635","0.3481999933719635","0.3481999933719635","0.8385999798774719","0.8385999798774719","0.8385999798774719","1","1","1","1","1","1","0.3091999888420105","0.3091999888420105","0.3091999888420105","0.833299994468689","0.833299994468689","0.833299994468689","1","1","1","1","1","1","0.3158999979496002","0.3158999979496002","0.3158999979496002","0.8370999693870544","0.8370999693870544","0.8370999693870544"
"1750","1","1","1","1","1","1","0.41259998083114624","0.41259998083114624","0.41259998083114624","0.8535999655723572","0.8535999655723572","0.8535999655723572","1","1","1","1","1","1","0.44529998302459717","0.44529998302459717","0.44529998302459717","0.8641999959945679","0.8641999959945679","0.8641999959945679","1","1","1","1","1","1","0.35259997844696045","0.35259997844696045","0.35259997844696045","0.8402000069618225","0.8402000069618225","0.8402000069618225","1","1","1","1","1","1","0.31679999828338623","0.31679999828338623","0.31679999828338623","0.8335999846458435","0.8335999846458435","0.8335999846458435","1","1","1","1","1","1","0.3068999946117401","0.3068999946117401","0.3068999946117401","0.8363999724388123","0.8363999724388123","0.8363999724388123"
"1761","1","1","1","1","1","1","0.4169999957084656","0.4169999957084656","0.4169999957084656","0.854200005531311","0.854200005531311","0.854200005531311","1","1","1","1","1","1","0.45179998874664307","0.45179998874664307","0.45179998874664307","0.8621999621391296","0.8621999621391296","0.8621999621391296","1","1","1","1","1","1","0.34599998593330383","0.34599998593330383","0.34599998593330383","0.8373000025749207","0.8373000025749207","0.8373000025749207","1","1","1","1","1","1","0.3123999834060669","0.3123999834060669","0.3123999834060669","0.8346999883651733","0.8346999883651733","0.8346999883651733","1","1","1","1","1","1","0.3155999779701233","0.3155999779701233","0.3155999779701233","0.8371999859809875","0.8371999859809875","0.8371999859809875"
"1772","1","1","1","1","1","1","0.40829998254776","0.40829998254776","0.40829998254776","0.8509999513626099","0.8509999513626099","0.8509999513626099","1","1","1","1","1","1","0.44349998235702515","0.44349998235702515","0.44349998235702515","0.8608999848365784","0.8608999848365784","0.8608999848365784","1","1","1","1","1","1","0.3472999930381775","0.3472999930381775","0.3472999930381775","0.838699996471405","0.838699996471405","0.838699996471405","1","1","1","1","1","1","0.3073999881744385","0.3073999881744385","0.3073999881744385","0.8333999514579773","0.8333999514579773","0.8333999514579773","1","1","1","1","1","1","0.3138999938964844","0.3138999938964844","0.3138999938964844","0.8381999731063843","0.8381999731063843","0.8381999731063843"
"1783","1","1","1","1","1","1","0.41419997811317444","0.41419997811317444","0.41419997811317444","0.8511999845504761","0.8511999845504761","0.8511999845504761","1","1","1","1","1","1","0.42419999837875366","0.42419999837875366","0.42419999837875366","0.8585000038146973","0.8585000038146973","0.8585000038146973","1","1","1","1","1","1","0.35580000281333923","0.35580000281333923","0.35580000281333923","0.8424999713897705","0.8424999713897705","0.8424999713897705","1","1","1","1","1","1","0.3158999979496002","0.3158999979496002","0.3158999979496002","0.8361999988555908","0.8361999988555908","0.8361999988555908","1","1","1","1","1","1","0.30489999055862427","0.30489999055862427","0.30489999055862427","0.8352999687194824","0.8352999687194824","0.8352999687194824"
"1794","1","1","1","1","1","1","0.4072999954223633","0.4072999954223633","0.4072999954223633","0.8495000004768372","0.8495000004768372","0.8495000004768372","1","1","1","1","1","1","0.42559999227523804","0.42559999227523804","0.42559999227523804","0.8572999835014343","0.8572999835014343","0.8572999835014343","1","1","1","1","1","1","0.34219998121261597","0.34219998121261597","0.34219998121261597","0.8374999761581421","0.8374999761581421","0.8374999761581421","1","1","1","1","1","1","0.31200000643730164","0.31200000643730164","0.31200000643730164","0.8345999717712402","0.8345999717712402","0.8345999717712402","1","1","1","1","1","1","0.3109999895095825","0.3109999895095825","0.3109999895095825","0.837399959564209","0.837399959564209","0.837399959564209"
"1805","1","1","1","1","1","1","0.41819998621940613","0.41819998621940613","0.41819998621940613","0.8525999784469604","0.8525999784469604","0.8525999784469604","1","1","1","1","1","1","0.4271000027656555","0.4271000027656555","0.4271000027656555","0.8578999638557434","0.8578999638557434","0.8578999638557434","1","1","1","1","1","1","0.3482999801635742","0.3482999801635742","0.3482999801635742","0.838699996471405","0.838699996471405","0.838699996471405","1","1","1","1","1","1","0.31869998574256897","0.31869998574256897","0.31869998574256897","0.8353999853134155","0.8353999853134155","0.8353999853134155","1","1","1","1","1","1","0.31129997968673706","0.31129997968673706","0.31129997968673706","0.8382999897003174","0.8382999897003174","0.8382999897003174"
"1816","1","1","1","1","1","1","0.41110000014305115","0.41110000014305115","0.41110000014305115","0.8515999913215637","0.8515999913215637","0.8515999913215637","1","1","1","1","1","1","0.44419997930526733","0.44419997930526733","0.44419997930526733","0.8619999885559082","0.8619999885559082","0.8619999885559082","1","1","1","1","1","1","0.3458999991416931","0.3458999991416931","0.3458999991416931","0.8387999534606934","0.8387999534606934","0.8387999534606934","1","1","1","1","1","1","0.31049999594688416","0.31049999594688416","0.31049999594688416","0.8333999514579773","0.8333999514579773","0.8333999514579773","1","1","1","1","1","1","0.3051999807357788","0.3051999807357788","0.3051999807357788","0.8344999551773071","0.8344999551773071","0.8344999551773071"
"1827","1","1","1","1","1","1","0.4059999883174896","0.4059999883174896","0.4059999883174896","0.8507999777793884","0.8507999777793884","0.8507999777793884","1","1","1","1","1","1","0.44689998030662537","0.44689998030662537","0.44689998030662537","0.8634999990463257","0.8634999990463257","0.8634999990463257","1","1","1","1","1","1","0.33889999985694885","0.33889999985694885","0.33889999985694885","0.8367999792098999","0.8367999792098999","0.8367999792098999","1","1","1","1","1","1","0.3147999942302704","0.3147999942302704","0.3147999942302704","0.8349999785423279","0.8349999785423279","0.8349999785423279","1","1","1","1","1","1","0.3091000020503998","0.3091000020503998","0.3091000020503998","0.8366000056266785","0.8366000056266785","0.8366000056266785"
"1838","1","1","1","1","1","1","0.41179999709129333","0.41179999709129333","0.41179999709129333","0.851099967956543","0.851099967956543","0.851099967956543","1","1","1","1","1","1","0.4479999840259552","0.4479999840259552","0.4479999840259552","0.8641999959945679","0.8641999959945679","0.8641999959945679","1","1","1","1","1","1","0.3337000012397766","0.3337000012397766","0.3337000012397766","0.8357999920845032","0.8357999920845032","0.8357999920845032","1","1","1","1","1","1","0.3157999813556671","0.3157999813556671","0.3157999813556671","0.8337000012397766","0.8337000012397766","0.8337000012397766","1","1","1","1","1","1","0.3050999939441681","0.3050999939441681","0.3050999939441681","0.835099995136261","0.835099995136261","0.835099995136261"
"1849","1","1","1","1","1","1","0.41189998388290405","0.41189998388290405","0.41189998388290405","0.8522999882698059","0.8522999882698059","0.8522999882698059","1","1","1","1","1","1","0.44929999113082886","0.44929999113082886","0.44929999113082886","0.8631999492645264","0.8631999492645264","0.8631999492645264","1","1","1","1","1","1","0.33169999718666077","0.33169999718666077","0.33169999718666077","0.8352999687194824","0.8352999687194824","0.8352999687194824","1","1","1","1","1","1","0.31869998574256897","0.31869998574256897","0.31869998574256897","0.8353999853134155","0.8353999853134155","0.8353999853134155","1","1","1","1","1","1","0.30809998512268066","0.30809998512268066","0.30809998512268066","0.835099995136261","0.835099995136261","0.835099995136261"
"1860","1","1","1","1","1","1","0.409199982881546","0.409199982881546","0.409199982881546","0.8500999808311462","0.8500999808311462","0.8500999808311462","1","1","1","1","1","1","0.44339999556541443","0.44339999556541443","0.44339999556541443","0.8605999946594238","0.8605999946594238","0.8605999946594238","1","1","1","1","1","1","0.33980000019073486","0.33980000019073486","0.33980000019073486","0.837399959564209","0.837399959564209","0.837399959564209","1","1","1","1","1","1","0.3084000051021576","0.3084000051021576","0.3084000051021576","0.8324999809265137","0.8324999809265137","0.8324999809265137","1","1","1","1","1","1","0.3021000027656555","0.3021000027656555","0.3021000027656555","0.8352999687194824","0.8352999687194824","0.8352999687194824"
"1871","1","1","1","1","1","1","0.4131999909877777","0.4131999909877777","0.4131999909877777","0.8517999649047852","0.8517999649047852","0.8517999649047852","1","1","1","1","1","1","0.4408999979496002","0.4408999979496002","0.4408999979496002","0.858199954032898","0.858199954032898","0.858199954032898","1","1","1","1","1","1","0.3402999937534332","0.3402999937534332","0.3402999937534332","0.8375999927520752","0.8375999927520752","0.8375999927520752","1","1","1","1","1","1","0.3155999779701233","0.3155999779701233","0.3155999779701233","0.8353999853134155","0.8353999853134155","0.8353999853134155","1","1","1","1","1","1","0.3034999966621399","0.3034999966621399","0.3034999966621399","0.8348999619483948","0.8348999619483948","0.8348999619483948"
"1882","1","1","1","1","1","1","0.4113999903202057","0.4113999903202057","0.4113999903202057","0.8522999882698059","0.8522999882698059","0.8522999882698059","1","1","1","1","1","1","0.46239998936653137","0.46239998936653137","0.46239998936653137","0.8662999868392944","0.8662999868392944","0.8662999868392944","1","1","1","1","1","1","0.32899999618530273","0.32899999618530273","0.32899999618530273","0.8349999785423279","0.8349999785423279","0.8349999785423279","1","1","1","1","1","1","0.30859997868537903","0.30859997868537903","0.30859997868537903","0.8310999870300293","0.8310999870300293","0.8310999870300293","1","1","1","1","1","1","0.30059999227523804","0.30059999227523804","0.30059999227523804","0.833899974822998","0.833899974822998","0.833899974822998"
"1893","1","1","1","1","1","1","0.4148999750614166","0.4148999750614166","0.4148999750614166","0.8531999588012695","0.8531999588012695","0.8531999588012695","1","1","1","1","1","1","0.4740999937057495","0.4740999937057495","0.4740999937057495","0.8664000034332275","0.8664000034332275","0.8664000034332275","1","1","1","1","1","1","0.34880000352859497","0.34880000352859497","0.34880000352859497","0.8396999835968018","0.8396999835968018","0.8396999835968018","1","1","1","1","1","1","0.31529998779296875","0.31529998779296875","0.31529998779296875","0.833899974822998","0.833899974822998","0.833899974822998","1","1","1","1","1","1","0.3008999824523926","0.3008999824523926","0.3008999824523926","0.8330000042915344","0.8330000042915344","0.8330000042915344"
"1904","1","1","1","1","1","1","0.41749998927116394","0.41749998927116394","0.41749998927116394","0.854200005531311","0.854200005531311","0.854200005531311","1","1","1","1","1","1","0.44839999079704285","0.44839999079704285","0.44839999079704285","0.8597999811172485","0.8597999811172485","0.8597999811172485","1","1","1","1","1","1","0.3527999818325043","0.3527999818325043","0.3527999818325043","0.840999960899353","0.840999960899353","0.840999960899353","1","1","1","1","1","1","0.3146999776363373","0.3146999776363373","0.3146999776363373","0.8344999551773071","0.8344999551773071","0.8344999551773071","1","1","1","1","1","1","0.2969000041484833","0.2969000041484833","0.2969000041484833","0.8327999711036682","0.8327999711036682","0.8327999711036682"
"1915","1","1","1","1","1","1","0.4236999750137329","0.4236999750137329","0.4236999750137329","0.8554999828338623","0.8554999828338623","0.8554999828338623","1","1","1","1","1","1","0.44849997758865356","0.44849997758865356","0.44849997758865356","0.858199954032898","0.858199954032898","0.858199954032898","1","1","1","1","1","1","0.34599998593330383","0.34599998593330383","0.34599998593330383","0.8387999534606934","0.8387999534606934","0.8387999534606934","1","1","1","1","1","1","0.32029998302459717","0.32029998302459717","0.32029998302459717","0.8364999890327454","0.8364999890327454","0.8364999890327454","1","1","1","1","1","1","0.2904999852180481","0.2904999852180481","0.2904999852180481","0.8328999876976013","0.8328999876976013","0.8328999876976013"
"1926","1","1","1","1","1","1","0.42559999227523804","0.42559999227523804","0.42559999227523804","0.8570999503135681","0.8570999503135681","0.8570999503135681","1","1","1","1","1","1","0.4432999789714813","0.4432999789714813","0.4432999789714813","0.8589999675750732","0.8589999675750732","0.8589999675750732","1","1","1","1","1","1","0.34950000047683716","0.34950000047683716","0.34950000047683716","0.8391000032424927","0.8391000032424927","0.8391000032424927","1","1","1","1","1","1","0.32089999318122864","0.32089999318122864","0.32089999318122864","0.8349999785423279","0.8349999785423279","0.8349999785423279","1","1","1","1","1","1","0.2938999831676483","0.2938999831676483","0.2938999831676483","0.8323000073432922","0.8323000073432922","0.8323000073432922"
"1937","1","1","1","1","1","1","0.4122999906539917","0.4122999906539917","0.4122999906539917","0.8527999520301819","0.8527999520301819","0.8527999520301819","1","1","1","1","1","1","0.4366999864578247","0.4366999864578247","0.4366999864578247","0.859499990940094","0.859499990940094","0.859499990940094","1","1","1","1","1","1","0.3443000018596649","0.3443000018596649","0.3443000018596649","0.8366000056266785","0.8366000056266785","0.8366000056266785","1","1","1","1","1","1","0.29339998960494995","0.29339998960494995","0.29339998960494995","0.8278999924659729","0.8278999924659729","0.8278999924659729","1","1","1","1","1","1","0.27230000495910645","0.27230000495910645","0.27230000495910645","0.8263999819755554","0.8263999819755554","0.8263999819755554"
"1948","1","1","1","1","1","1","0.42329999804496765","0.42329999804496765","0.42329999804496765","0.8565999865531921","0.8565999865531921","0.8565999865531921","1","1","1","1","1","1","0.45329999923706055","0.45329999923706055","0.45329999923706055","0.8633999824523926","0.8633999824523926","0.8633999824523926","1","1","1","1","1","1","0.35339999198913574","0.35339999198913574","0.35339999198913574","0.8387999534606934","0.8387999534606934","0.8387999534606934","1","1","1","1","1","1","0.31439998745918274","0.31439998745918274","0.31439998745918274","0.8337999582290649","0.8337999582290649","0.8337999582290649","1","1","1","1","1","1","0.2945999801158905","0.2945999801158905","0.2945999801158905","0.8326999545097351","0.8326999545097351","0.8326999545097351"
"1959","1","1","1","1","1","1","0.4275999963283539","0.4275999963283539","0.4275999963283539","0.8587999939918518","0.8587999939918518","0.8587999939918518","1","1","1","1","1","1","0.4503999948501587","0.4503999948501587","0.4503999948501587","0.861799955368042","0.861799955368042","0.861799955368042","1","1","1","1","1","1","0.3515999913215637","0.3515999913215637","0.3515999913215637","0.8402000069618225","0.8402000069618225","0.8402000069618225","1","1","1","1","1","1","0.310699999332428","0.310699999332428","0.310699999332428","0.8307999968528748","0.8307999968528748","0.8307999968528748","1","1","1","1","1","1","0.30239999294281006","0.30239999294281006","0.30239999294281006","0.8334999680519104","0.8334999680519104","0.8334999680519104"
"1970","1","1","1","1","1","1","0.42879998683929443","0.42879998683929443","0.42879998683929443","0.858299970626831","0.858299970626831","0.858299970626831","1","1","1","1","1","1","0.4377000033855438","0.4377000033855438","0.4377000033855438","0.8562999963760376","0.8562999963760376","0.8562999963760376","1","1","1","1","1","1","0.34860000014305115","0.34860000014305115","0.34860000014305115","0.8400999903678894","0.8400999903678894","0.8400999903678894","1","1","1","1","1","1","0.30219998955726624","0.30219998955726624","0.30219998955726624","0.8301999568939209","0.8301999568939209","0.8301999568939209","1","1","1","1","1","1","0.2944999933242798","0.2944999933242798","0.2944999933242798","0.8335999846458435","0.8335999846458435","0.8335999846458435"
"1981","1","1","1","1","1","1","0.4251999855041504","0.4251999855041504","0.4251999855041504","0.8551999926567078","0.8551999926567078","0.8551999926567078","1","1","1","1","1","1","0.4465999901294708","0.4465999901294708","0.4465999901294708","0.8603000044822693","0.8603000044822693","0.8603000044822693","1","1","1","1","1","1","0.35659998655319214","0.35659998655319214","0.35659998655319214","0.8420999646186829","0.8420999646186829","0.8420999646186829","1","1","1","1","1","1","0.29979997873306274","0.29979997873306274","0.29979997873306274","0.8301999568939209","0.8301999568939209","0.8301999568939209","1","1","1","1","1","1","0.29760000109672546","0.29760000109672546","0.29760000109672546","0.8331999778747559","0.8331999778747559","0.8331999778747559"
"1992","1","1","1","1","1","1","0.4283999800682068","0.4283999800682068","0.4283999800682068","0.8578000068664551","0.8578000068664551","0.8578000068664551","1","1","1","1","1","1","0.4478999972343445","0.4478999972343445","0.4478999972343445","0.8596999645233154","0.8596999645233154","0.8596999645233154","1","1","1","1","1","1","0.3425000011920929","0.3425000011920929","0.3425000011920929","0.8378999829292297","0.8378999829292297","0.8378999829292297","1","1","1","1","1","1","0.3100000023841858","0.3100000023841858","0.3100000023841858","0.8331999778747559","0.8331999778747559","0.8331999778747559","1","1","1","1","1","1","0.2856000065803528","0.2856000065803528","0.2856000065803528","0.8305000066757202","0.8305000066757202","0.8305000066757202"
"2003","1","1","1","1","1","1","0.42969998717308044","0.42969998717308044","0.42969998717308044","0.858299970626831","0.858299970626831","0.858299970626831","1","1","1","1","1","1","0.43719998002052307","0.43719998002052307","0.43719998002052307","0.8588999509811401","0.8588999509811401","0.8588999509811401","1","1","1","1","1","1","0.34599998593330383","0.34599998593330383","0.34599998593330383","0.8387999534606934","0.8387999534606934","0.8387999534606934","1","1","1","1","1","1","0.30820000171661377","0.30820000171661377","0.30820000171661377","0.8321999907493591","0.8321999907493591","0.8321999907493591","1","1","1","1","1","1","0.3068999946117401","0.3068999946117401","0.3068999946117401","0.837399959564209","0.837399959564209","0.837399959564209"
"2014","1","1","1","1","1","1","0.4292999804019928","0.4292999804019928","0.4292999804019928","0.8571999669075012","0.8571999669075012","0.8571999669075012","1","1","1","1","1","1","0.439300000667572","0.439300000667572","0.439300000667572","0.8589999675750732","0.8589999675750732","0.8589999675750732","1","1","1","1","1","1","0.34709998965263367","0.34709998965263367","0.34709998965263367","0.8384999632835388","0.8384999632835388","0.8384999632835388","1","1","1","1","1","1","0.3102000057697296","0.3102000057697296","0.3102000057697296","0.8334999680519104","0.8334999680519104","0.8334999680519104","1","1","1","1","1","1","0.30959999561309814","0.30959999561309814","0.30959999561309814","0.838699996471405","0.838699996471405","0.838699996471405"
"2025","1","1","1","1","1","1","0.4307999908924103","0.4307999908924103","0.4307999908924103","0.8583999872207642","0.8583999872207642","0.8583999872207642","1","1","1","1","1","1","0.44359999895095825","0.44359999895095825","0.44359999895095825","0.8580999970436096","0.8580999970436096","0.8580999970436096","1","1","1","1","1","1","0.3452000021934509","0.3452000021934509","0.3452000021934509","0.8382999897003174","0.8382999897003174","0.8382999897003174","1","1","1","1","1","1","0.3093999922275543","0.3093999922275543","0.3093999922275543","0.8342999815940857","0.8342999815940857","0.8342999815940857","1","1","1","1","1","1","0.3077999949455261","0.3077999949455261","0.3077999949455261","0.8381999731063843","0.8381999731063843","0.8381999731063843"
"2036","1","1","1","1","1","1","0.4251999855041504","0.4251999855041504","0.4251999855041504","0.8555999994277954","0.8555999994277954","0.8555999994277954","1","1","1","1","1","1","0.4399999976158142","0.4399999976158142","0.4399999976158142","0.8578000068664551","0.8578000068664551","0.8578000068664551","1","1","1","1","1","1","0.3425999879837036","0.3425999879837036","0.3425999879837036","0.838699996471405","0.838699996471405","0.838699996471405","1","1","1","1","1","1","0.3118000030517578","0.3118000030517578","0.3118000030517578","0.8366000056266785","0.8366000056266785","0.8366000056266785","1","1","1","1","1","1","0.3091000020503998","0.3091000020503998","0.3091000020503998","0.835599958896637","0.835599958896637","0.835599958896637"
"2047","1","1","1","1","1","1","0.42159998416900635","0.42159998416900635","0.42159998416900635","0.8536999821662903","0.8536999821662903","0.8536999821662903","1","1","1","1","1","1","0.43939998745918274","0.43939998745918274","0.43939998745918274","0.8590999841690063","0.8590999841690063","0.8590999841690063","1","1","1","1","1","1","0.3423999845981598","0.3423999845981598","0.3423999845981598","0.8382999897003174","0.8382999897003174","0.8382999897003174","1","1","1","1","1","1","0.31540000438690186","0.31540000438690186","0.31540000438690186","0.8366999626159668","0.8366999626159668","0.8366999626159668","1","1","1","1","1","1","0.2906999886035919","0.2906999886035919","0.2906999886035919","0.8333999514579773","0.8333999514579773","0.8333999514579773"
"2058","1","1","1","1","1","1","0.43379998207092285","0.43379998207092285","0.43379998207092285","0.8571999669075012","0.8571999669075012","0.8571999669075012","1","1","1","1","1","1","0.44519999623298645","0.44519999623298645","0.44519999623298645","0.8601999878883362","0.8601999878883362","0.8601999878883362","1","1","1","1","1","1","0.34039998054504395","0.34039998054504395","0.34039998054504395","0.8384999632835388","0.8384999632835388","0.8384999632835388","1","1","1","1","1","1","0.31859999895095825","0.31859999895095825","0.31859999895095825","0.8376999497413635","0.8376999497413635","0.8376999497413635","1","1","1","1","1","1","0.30399999022483826","0.30399999022483826","0.30399999022483826","0.8357999920845032","0.8357999920845032","0.8357999920845032"
"2069","1","1","1","1","1","1","0.42339998483657837","0.42339998483657837","0.42339998483657837","0.8550999760627747","0.8550999760627747","0.8550999760627747","1","1","1","1","1","1","0.43529999256134033","0.43529999256134033","0.43529999256134033","0.8588999509811401","0.8588999509811401","0.8588999509811401","1","1","1","1","1","1","0.34389999508857727","0.34389999508857727","0.34389999508857727","0.8393999934196472","0.8393999934196472","0.8393999934196472","1","1","1","1","1","1","0.31349998712539673","0.31349998712539673","0.31349998712539673","0.8345999717712402","0.8345999717712402","0.8345999717712402","1","1","1","1","1","1","0.3102000057697296","0.3102000057697296","0.3102000057697296","0.8379999995231628","0.8379999995231628","0.8379999995231628"
"2080","1","1","1","1","1","1","0.429099977016449","0.429099977016449","0.429099977016449","0.8562999963760376","0.8562999963760376","0.8562999963760376","1","1","1","1","1","1","0.43529999256134033","0.43529999256134033","0.43529999256134033","0.8569999933242798","0.8569999933242798","0.8569999933242798","1","1","1","1","1","1","0.344899982213974","0.344899982213974","0.344899982213974","0.8399999737739563","0.8399999737739563","0.8399999737739563","1","1","1","1","1","1","0.30879998207092285","0.30879998207092285","0.30879998207092285","0.8342999815940857","0.8342999815940857","0.8342999815940857","1","1","1","1","1","1","0.3165999948978424","0.3165999948978424","0.3165999948978424","0.8384000062942505","0.8384000062942505","0.8384000062942505"
"2091","1","1","1","1","1","1","0.42969998717308044","0.42969998717308044","0.42969998717308044","0.8567000031471252","0.8567000031471252","0.8567000031471252","1","1","1","1","1","1","0.4327999949455261","0.4327999949455261","0.4327999949455261","0.8556999564170837","0.8556999564170837","0.8556999564170837","1","1","1","1","1","1","0.34039998054504395","0.34039998054504395","0.34039998054504395","0.8389999866485596","0.8389999866485596","0.8389999866485596","1","1","1","1","1","1","0.31630000472068787","0.31630000472068787","0.31630000472068787","0.8357999920845032","0.8357999920845032","0.8357999920845032","1","1","1","1","1","1","0.32089999318122864","0.32089999318122864","0.32089999318122864","0.8378999829292297","0.8378999829292297","0.8378999829292297"
"2102","1","1","1","1","1","1","0.4294999837875366","0.4294999837875366","0.4294999837875366","0.8570999503135681","0.8570999503135681","0.8570999503135681","1","1","1","1","1","1","0.4465999901294708","0.4465999901294708","0.4465999901294708","0.8589999675750732","0.8589999675750732","0.8589999675750732","1","1","1","1","1","1","0.34199997782707214","0.34199997782707214","0.34199997782707214","0.8381999731063843","0.8381999731063843","0.8381999731063843","1","1","1","1","1","1","0.31679999828338623","0.31679999828338623","0.31679999828338623","0.8367999792098999","0.8367999792098999","0.8367999792098999","1","1","1","1","1","1","0.32029998302459717","0.32029998302459717","0.32029998302459717","0.8398999571800232","0.8398999571800232","0.8398999571800232"
"2113","1","1","1","1","1","1","0.4287000000476837","0.4287000000476837","0.4287000000476837","0.856499969959259","0.856499969959259","0.856499969959259","1","1","1","1","1","1","0.46149998903274536","0.46149998903274536","0.46149998903274536","0.8637999892234802","0.8637999892234802","0.8637999892234802","1","1","1","1","1","1","0.34869998693466187","0.34869998693466187","0.34869998693466187","0.8387999534606934","0.8387999534606934","0.8387999534606934","1","1","1","1","1","1","0.31290000677108765","0.31290000677108765","0.31290000677108765","0.8360999822616577","0.8360999822616577","0.8360999822616577","1","1","1","1","1","1","0.31439998745918274","0.31439998745918274","0.31439998745918274","0.8391000032424927","0.8391000032424927","0.8391000032424927"
"2124","1","1","1","1","1","1","0.4236999750137329","0.4236999750137329","0.4236999750137329","0.8567000031471252","0.8567000031471252","0.8567000031471252","1","1","1","1","1","1","0.4610999822616577","0.4610999822616577","0.4610999822616577","0.8628000020980835","0.8628000020980835","0.8628000020980835","1","1","1","1","1","1","0.3402999937534332","0.3402999937534332","0.3402999937534332","0.8381999731063843","0.8381999731063843","0.8381999731063843","1","1","1","1","1","1","0.3073999881744385","0.3073999881744385","0.3073999881744385","0.8348000049591064","0.8348000049591064","0.8348000049591064","1","1","1","1","1","1","0.3093000054359436","0.3093000054359436","0.3093000054359436","0.837399959564209","0.837399959564209","0.837399959564209"
"2135","1","1","1","1","1","1","0.4213999807834625","0.4213999807834625","0.4213999807834625","0.8549000024795532","0.8549000024795532","0.8549000024795532","1","1","1","1","1","1","0.45819997787475586","0.45819997787475586","0.45819997787475586","0.8631999492645264","0.8631999492645264","0.8631999492645264","1","1","1","1","1","1","0.34860000014305115","0.34860000014305115","0.34860000014305115","0.8392999768257141","0.8392999768257141","0.8392999768257141","1","1","1","1","1","1","0.31139999628067017","0.31139999628067017","0.31139999628067017","0.8363999724388123","0.8363999724388123","0.8363999724388123","1","1","1","1","1","1","0.31299999356269836","0.31299999356269836","0.31299999356269836","0.836899995803833","0.836899995803833","0.836899995803833"
"2146","1","1","1","1","1","1","0.4262999892234802","0.4262999892234802","0.4262999892234802","0.8570999503135681","0.8570999503135681","0.8570999503135681","1","1","1","1","1","1","0.45819997787475586","0.45819997787475586","0.45819997787475586","0.8628000020980835","0.8628000020980835","0.8628000020980835","1","1","1","1","1","1","0.3489999771118164","0.3489999771118164","0.3489999771118164","0.8402999639511108","0.8402999639511108","0.8402999639511108","1","1","1","1","1","1","0.305899977684021","0.305899977684021","0.305899977684021","0.8348999619483948","0.8348999619483948","0.8348999619483948","1","1","1","1","1","1","0.3166999816894531","0.3166999816894531","0.3166999816894531","0.8375999927520752","0.8375999927520752","0.8375999927520752"
"2157","1","1","1","1","1","1","0.413100004196167","0.413100004196167","0.413100004196167","0.852899968624115","0.852899968624115","0.852899968624115","1","1","1","1","1","1","0.4690999984741211","0.4690999984741211","0.4690999984741211","0.8657000064849854","0.8657000064849854","0.8657000064849854","1","1","1","1","1","1","0.3464999794960022","0.3464999794960022","0.3464999794960022","0.8396999835968018","0.8396999835968018","0.8396999835968018","1","1","1","1","1","1","0.3116999864578247","0.3116999864578247","0.3116999864578247","0.8342999815940857","0.8342999815940857","0.8342999815940857","1","1","1","1","1","1","0.31290000677108765","0.31290000677108765","0.31290000677108765","0.8359999656677246","0.8359999656677246","0.8359999656677246"
"2168","1","1","1","1","1","1","0.4258999824523926","0.4258999824523926","0.4258999824523926","0.8567999601364136","0.8567999601364136","0.8567999601364136","1","1","1","1","1","1","0.4583999812602997","0.4583999812602997","0.4583999812602997","0.8621999621391296","0.8621999621391296","0.8621999621391296","1","1","1","1","1","1","0.34199997782707214","0.34199997782707214","0.34199997782707214","0.8380999565124512","0.8380999565124512","0.8380999565124512","1","1","1","1","1","1","0.3084000051021576","0.3084000051021576","0.3084000051021576","0.8327999711036682","0.8327999711036682","0.8327999711036682","1","1","1","1","1","1","0.3098999857902527","0.3098999857902527","0.3098999857902527","0.8362999558448792","0.8362999558448792","0.8362999558448792"
"2179","1","1","1","1","1","1","0.4226999878883362","0.4226999878883362","0.4226999878883362","0.8574000000953674","0.8574000000953674","0.8574000000953674","1","1","1","1","1","1","0.46389999985694885","0.46389999985694885","0.46389999985694885","0.8634999990463257","0.8634999990463257","0.8634999990463257","1","1","1","1","1","1","0.34129998087882996","0.34129998087882996","0.34129998087882996","0.839199960231781","0.839199960231781","0.839199960231781","1","1","1","1","1","1","0.3046000003814697","0.3046000003814697","0.3046000003814697","0.8342999815940857","0.8342999815940857","0.8342999815940857","1","1","1","1","1","1","0.3154999911785126","0.3154999911785126","0.3154999911785126","0.8385999798774719","0.8385999798774719","0.8385999798774719"
"2190","1","1","1","1","1","1","0.42409998178482056","0.42409998178482056","0.42409998178482056","0.8572999835014343","0.8572999835014343","0.8572999835014343","1","1","1","1","1","1","0.46289998292922974","0.46289998292922974","0.46289998292922974","0.8628000020980835","0.8628000020980835","0.8628000020980835","1","1","1","1","1","1","0.34379997849464417","0.34379997849464417","0.34379997849464417","0.8388999700546265","0.8388999700546265","0.8388999700546265","1","1","1","1","1","1","0.3019999861717224","0.3019999861717224","0.3019999861717224","0.8339999914169312","0.8339999914169312","0.8339999914169312","1","1","1","1","1","1","0.31290000677108765","0.31290000677108765","0.31290000677108765","0.8369999527931213","0.8369999527931213","0.8369999527931213"
"2201","1","1","1","1","1","1","0.4220999777317047","0.4220999777317047","0.4220999777317047","0.8562999963760376","0.8562999963760376","0.8562999963760376","1","1","1","1","1","1","0.45739999413490295","0.45739999413490295","0.45739999413490295","0.861299991607666","0.861299991607666","0.861299991607666","1","1","1","1","1","1","0.34950000047683716","0.34950000047683716","0.34950000047683716","0.8402999639511108","0.8402999639511108","0.8402999639511108","1","1","1","1","1","1","0.3024999797344208","0.3024999797344208","0.3024999797344208","0.8330999612808228","0.8330999612808228","0.8330999612808228","1","1","1","1","1","1","0.3215000033378601","0.3215000033378601","0.3215000033378601","0.8385999798774719","0.8385999798774719","0.8385999798774719"
"2212","1","1","1","1","1","1","0.4204999804496765","0.4204999804496765","0.4204999804496765","0.854200005531311","0.854200005531311","0.854200005531311","1","1","1","1","1","1","0.4731999933719635","0.4731999933719635","0.4731999933719635","0.8671000003814697","0.8671000003814697","0.8671000003814697","1","1","1","1","1","1","0.3522999882698059","0.3522999882698059","0.3522999882698059","0.8399999737739563","0.8399999737739563","0.8399999737739563","1","1","1","1","1","1","0.2987000048160553","0.2987000048160553","0.2987000048160553","0.8328999876976013","0.8328999876976013","0.8328999876976013","1","1","1","1","1","1","0.31790000200271606","0.31790000200271606","0.31790000200271606","0.8369999527931213","0.8369999527931213","0.8369999527931213"
"2223","1","1","1","1","1","1","0.4268999993801117","0.4268999993801117","0.4268999993801117","0.8570999503135681","0.8570999503135681","0.8570999503135681","1","1","1","1","1","1","0.46609997749328613","0.46609997749328613","0.46609997749328613","0.8649999499320984","0.8649999499320984","0.8649999499320984","1","1","1","1","1","1","0.3499999940395355","0.3499999940395355","0.3499999940395355","0.8396999835968018","0.8396999835968018","0.8396999835968018","1","1","1","1","1","1","0.30140000581741333","0.30140000581741333","0.30140000581741333","0.8319000005722046","0.8319000005722046","0.8319000005722046","1","1","1","1","1","1","0.32420000433921814","0.32420000433921814","0.32420000433921814","0.839199960231781","0.839199960231781","0.839199960231781"
"2234","1","1","1","1","1","1","0.4291999936103821","0.4291999936103821","0.4291999936103821","0.8575999736785889","0.8575999736785889","0.8575999736785889","1","1","1","1","1","1","0.4664999842643738","0.4664999842643738","0.4664999842643738","0.8648999929428101","0.8648999929428101","0.8648999929428101","1","1","1","1","1","1","0.35199999809265137","0.35199999809265137","0.35199999809265137","0.8402000069618225","0.8402000069618225","0.8402000069618225","1","1","1","1","1","1","0.3044999837875366","0.3044999837875366","0.3044999837875366","0.8328999876976013","0.8328999876976013","0.8328999876976013","1","1","1","1","1","1","0.3224000036716461","0.3224000036716461","0.3224000036716461","0.8382999897003174","0.8382999897003174","0.8382999897003174"
"2245","1","1","1","1","1","1","0.42669999599456787","0.42669999599456787","0.42669999599456787","0.8556999564170837","0.8556999564170837","0.8556999564170837","1","1","1","1","1","1","0.459199994802475","0.459199994802475","0.459199994802475","0.863099992275238","0.863099992275238","0.863099992275238","1","1","1","1","1","1","0.3471999764442444","0.3471999764442444","0.3471999764442444","0.8384999632835388","0.8384999632835388","0.8384999632835388","1","1","1","1","1","1","0.3105999827384949","0.3105999827384949","0.3105999827384949","0.8348000049591064","0.8348000049591064","0.8348000049591064","1","1","1","1","1","1","0.3098999857902527","0.3098999857902527","0.3098999857902527","0.835599958896637","0.835599958896637","0.835599958896637"
"2256","1","1","1","1","1","1","0.4162999987602234","0.4162999987602234","0.4162999987602234","0.8520999550819397","0.8520999550819397","0.8520999550819397","1","1","1","1","1","1","0.46949997544288635","0.46949997544288635","0.46949997544288635","0.8667999505996704","0.8667999505996704","0.8667999505996704","1","1","1","1","1","1","0.3515999913215637","0.3515999913215637","0.3515999913215637","0.8396999835968018","0.8396999835968018","0.8396999835968018","1","1","1","1","1","1","0.3116999864578247","0.3116999864578247","0.3116999864578247","0.8356999754905701","0.8356999754905701","0.8356999754905701","1","1","1","1","1","1","0.31029999256134033","0.31029999256134033","0.31029999256134033","0.8341999650001526","0.8341999650001526","0.8341999650001526"
"2267","1","1","1","1","1","1","0.42499998211860657","0.42499998211860657","0.42499998211860657","0.85589998960495","0.85589998960495","0.85589998960495","1","1","1","1","1","1","0.46549999713897705","0.46549999713897705","0.46549999713897705","0.8633999824523926","0.8633999824523926","0.8633999824523926","1","1","1","1","1","1","0.352400004863739","0.352400004863739","0.352400004863739","0.8402999639511108","0.8402999639511108","0.8402999639511108","1","1","1","1","1","1","0.3075999915599823","0.3075999915599823","0.3075999915599823","0.8330000042915344","0.8330000042915344","0.8330000042915344","1","1","1","1","1","1","0.319599986076355","0.319599986076355","0.319599986076355","0.8375999927520752","0.8375999927520752","0.8375999927520752"
"2278","1","1","1","1","1","1","0.4274999797344208","0.4274999797344208","0.4274999797344208","0.8562999963760376","0.8562999963760376","0.8562999963760376","1","1","1","1","1","1","0.46129998564720154","0.46129998564720154","0.46129998564720154","0.8621000051498413","0.8621000051498413","0.8621000051498413","1","1","1","1","1","1","0.35819998383522034","0.35819998383522034","0.35819998383522034","0.8430999517440796","0.8430999517440796","0.8430999517440796","1","1","1","1","1","1","0.30399999022483826","0.30399999022483826","0.30399999022483826","0.8319999575614929","0.8319999575614929","0.8319999575614929","1","1","1","1","1","1","0.3190999925136566","0.3190999925136566","0.3190999925136566","0.837399959564209","0.837399959564209","0.837399959564209"
"2289","1","1","1","1","1","1","0.42899999022483826","0.42899999022483826","0.42899999022483826","0.8578999638557434","0.8578999638557434","0.8578999638557434","1","1","1","1","1","1","0.45499998331069946","0.45499998331069946","0.45499998331069946","0.8605999946594238","0.8605999946594238","0.8605999946594238","1","1","1","1","1","1","0.3513999879360199","0.3513999879360199","0.3513999879360199","0.8413999676704407","0.8413999676704407","0.8413999676704407","1","1","1","1","1","1","0.30329999327659607","0.30329999327659607","0.30329999327659607","0.832099974155426","0.832099974155426","0.832099974155426","1","1","1","1","1","1","0.31689998507499695","0.31689998507499695","0.31689998507499695","0.8381999731063843","0.8381999731063843","0.8381999731063843"
"2300","1","1","1","1","1","1","0.42479997873306274","0.42479997873306274","0.42479997873306274","0.8544999957084656","0.8544999957084656","0.8544999957084656","1","1","1","1","1","1","0.45619997382164","0.45619997382164","0.45619997382164","0.8618999719619751","0.8618999719619751","0.8618999719619751","1","1","1","1","1","1","0.35670000314712524","0.35670000314712524","0.35670000314712524","0.8430999517440796","0.8430999517440796","0.8430999517440796","1","1","1","1","1","1","0.31759998202323914","0.31759998202323914","0.31759998202323914","0.8341000080108643","0.8341000080108643","0.8341000080108643","1","1","1","1","1","1","0.3109999895095825","0.3109999895095825","0.3109999895095825","0.8366999626159668","0.8366999626159668","0.8366999626159668"
"2311","1","1","1","1","1","1","0.4244999885559082","0.4244999885559082","0.4244999885559082","0.8557999730110168","0.8557999730110168","0.8557999730110168","1","1","1","1","1","1","0.4493999779224396","0.4493999779224396","0.4493999779224396","0.8585999608039856","0.8585999608039856","0.8585999608039856","1","1","1","1","1","1","0.3545999825000763","0.3545999825000763","0.3545999825000763","0.8420999646186829","0.8420999646186829","0.8420999646186829","1","1","1","1","1","1","0.30300000309944153","0.30300000309944153","0.30300000309944153","0.8317999839782715","0.8317999839782715","0.8317999839782715","1","1","1","1","1","1","0.31349998712539673","0.31349998712539673","0.31349998712539673","0.8357999920845032","0.8357999920845032","0.8357999920845032"
"2322","1","1","1","1","1","1","0.421099990606308","0.421099990606308","0.421099990606308","0.8539999723434448","0.8539999723434448","0.8539999723434448","1","1","1","1","1","1","0.45509999990463257","0.45509999990463257","0.45509999990463257","0.8611999750137329","0.8611999750137329","0.8611999750137329","1","1","1","1","1","1","0.35519999265670776","0.35519999265670776","0.35519999265670776","0.8420000076293945","0.8420000076293945","0.8420000076293945","1","1","1","1","1","1","0.3035999834537506","0.3035999834537506","0.3035999834537506","0.8319999575614929","0.8319999575614929","0.8319999575614929","1","1","1","1","1","1","0.3156999945640564","0.3156999945640564","0.3156999945640564","0.8370999693870544","0.8370999693870544","0.8370999693870544"
"2333","1","1","1","1","1","1","0.42229998111724854","0.42229998111724854","0.42229998111724854","0.8560000061988831","0.8560000061988831","0.8560000061988831","1","1","1","1","1","1","0.4641999900341034","0.4641999900341034","0.4641999900341034","0.8626999855041504","0.8626999855041504","0.8626999855041504","1","1","1","1","1","1","0.3434000015258789","0.3434000015258789","0.3434000015258789","0.8387999534606934","0.8387999534606934","0.8387999534606934","1","1","1","1","1","1","0.30309998989105225","0.30309998989105225","0.30309998989105225","0.8310999870300293","0.8310999870300293","0.8310999870300293","1","1","1","1","1","1","0.3100999891757965","0.3100999891757965","0.3100999891757965","0.8351999521255493","0.8351999521255493","0.8351999521255493"
"2344","1","1","1","1","1","1","0.42229998111724854","0.42229998111724854","0.42229998111724854","0.8552999496459961","0.8552999496459961","0.8552999496459961","1","1","1","1","1","1","0.4666999876499176","0.4666999876499176","0.4666999876499176","0.8650999665260315","0.8650999665260315","0.8650999665260315","1","1","1","1","1","1","0.351500004529953","0.351500004529953","0.351500004529953","0.840399980545044","0.840399980545044","0.840399980545044","1","1","1","1","1","1","0.30570000410079956","0.30570000410079956","0.30570000410079956","0.8307999968528748","0.8307999968528748","0.8307999968528748","1","1","1","1","1","1","0.3215000033378601","0.3215000033378601","0.3215000033378601","0.8376999497413635","0.8376999497413635","0.8376999497413635"
"2355","1","1","1","1","1","1","0.41929998993873596","0.41929998993873596","0.41929998993873596","0.854200005531311","0.854200005531311","0.854200005531311","1","1","1","1","1","1","0.45669999718666077","0.45669999718666077","0.45669999718666077","0.8621999621391296","0.8621999621391296","0.8621999621391296","1","1","1","1","1","1","0.3498999774456024","0.3498999774456024","0.3498999774456024","0.8396999835968018","0.8396999835968018","0.8396999835968018","1","1","1","1","1","1","0.30809998512268066","0.30809998512268066","0.30809998512268066","0.8324999809265137","0.8324999809265137","0.8324999809265137","1","1","1","1","1","1","0.305899977684021","0.305899977684021","0.305899977684021","0.8359000086784363","0.8359000086784363","0.8359000086784363"
"2366","1","1","1","1","1","1","0.42579999566078186","0.42579999566078186","0.42579999566078186","0.8563999533653259","0.8563999533653259","0.8563999533653259","1","1","1","1","1","1","0.46939998865127563","0.46939998865127563","0.46939998865127563","0.8650999665260315","0.8650999665260315","0.8650999665260315","1","1","1","1","1","1","0.350600004196167","0.350600004196167","0.350600004196167","0.8395999670028687","0.8395999670028687","0.8395999670028687","1","1","1","1","1","1","0.32179999351501465","0.32179999351501465","0.32179999351501465","0.8348999619483948","0.8348999619483948","0.8348999619483948","1","1","1","1","1","1","0.311599999666214","0.311599999666214","0.311599999666214","0.8371999859809875","0.8371999859809875","0.8371999859809875"
"2377","1","1","1","1","1","1","0.42479997873306274","0.42479997873306274","0.42479997873306274","0.8563999533653259","0.8563999533653259","0.8563999533653259","1","1","1","1","1","1","0.45899999141693115","0.45899999141693115","0.45899999141693115","0.863599956035614","0.863599956035614","0.863599956035614","1","1","1","1","1","1","0.3522999882698059","0.3522999882698059","0.3522999882698059","0.8384999632835388","0.8384999632835388","0.8384999632835388","1","1","1","1","1","1","0.3294999897480011","0.3294999897480011","0.3294999897480011","0.8357999920845032","0.8357999920845032","0.8357999920845032","1","1","1","1","1","1","0.3141999840736389","0.3141999840736389","0.3141999840736389","0.8387999534606934","0.8387999534606934","0.8387999534606934"
"2388","1","1","1","1","1","1","0.42409998178482056","0.42409998178482056","0.42409998178482056","0.8545999526977539","0.8545999526977539","0.8545999526977539","1","1","1","1","1","1","0.4529999792575836","0.4529999792575836","0.4529999792575836","0.8625999689102173","0.8625999689102173","0.8625999689102173","1","1","1","1","1","1","0.358599990606308","0.358599990606308","0.358599990606308","0.8413999676704407","0.8413999676704407","0.8413999676704407","1","1","1","1","1","1","0.31349998712539673","0.31349998712539673","0.31349998712539673","0.8330999612808228","0.8330999612808228","0.8330999612808228","1","1","1","1","1","1","0.3148999810218811","0.3148999810218811","0.3148999810218811","0.8398999571800232","0.8398999571800232","0.8398999571800232"
"2399","1","1","1","1","1","1","0.4278999865055084","0.4278999865055084","0.4278999865055084","0.8553999662399292","0.8553999662399292","0.8553999662399292","1","1","1","1","1","1","0.45889997482299805","0.45889997482299805","0.45889997482299805","0.8621000051498413","0.8621000051498413","0.8621000051498413","1","1","1","1","1","1","0.3568999767303467","0.3568999767303467","0.3568999767303467","0.8412999510765076","0.8412999510765076","0.8412999510765076","1","1","1","1","1","1","0.31219998002052307","0.31219998002052307","0.31219998002052307","0.8325999975204468","0.8325999975204468","0.8325999975204468","1","1","1","1","1","1","0.30709999799728394","0.30709999799728394","0.30709999799728394","0.8366999626159668","0.8366999626159668","0.8366999626159668"
"2410","1","1","1","1","1","1","0.42639997601509094","0.42639997601509094","0.42639997601509094","0.856499969959259","0.856499969959259","0.856499969959259","1","1","1","1","1","1","0.45389997959136963","0.45389997959136963","0.45389997959136963","0.8611999750137329","0.8611999750137329","0.8611999750137329","1","1","1","1","1","1","0.3546999990940094","0.3546999990940094","0.3546999990940094","0.8413999676704407","0.8413999676704407","0.8413999676704407","1","1","1","1","1","1","0.310699999332428","0.310699999332428","0.310699999332428","0.8343999981880188","0.8343999981880188","0.8343999981880188","1","1","1","1","1","1","0.30239999294281006","0.30239999294281006","0.30239999294281006","0.8359000086784363","0.8359000086784363","0.8359000086784363"
"2421","1","1","1","1","1","1","0.4244000017642975","0.4244000017642975","0.4244000017642975","0.8555999994277954","0.8555999994277954","0.8555999994277954","1","1","1","1","1","1","0.4592999815940857","0.4592999815940857","0.4592999815940857","0.8639000058174133","0.8639000058174133","0.8639000058174133","1","1","1","1","1","1","0.3506999909877777","0.3506999909877777","0.3506999909877777","0.8410999774932861","0.8410999774932861","0.8410999774932861","1","1","1","1","1","1","0.3141999840736389","0.3141999840736389","0.3141999840736389","0.835599958896637","0.835599958896637","0.835599958896637","1","1","1","1","1","1","0.30230000615119934","0.30230000615119934","0.30230000615119934","0.8366999626159668","0.8366999626159668","0.8366999626159668"
"2432","1","1","1","1","1","1","0.42159998416900635","0.42159998416900635","0.42159998416900635","0.8532999753952026","0.8532999753952026","0.8532999753952026","1","1","1","1","1","1","0.46149998903274536","0.46149998903274536","0.46149998903274536","0.8664000034332275","0.8664000034332275","0.8664000034332275","1","1","1","1","1","1","0.35249999165534973","0.35249999165534973","0.35249999165534973","0.840999960899353","0.840999960899353","0.840999960899353","1","1","1","1","1","1","0.313400000333786","0.313400000333786","0.313400000333786","0.8341000080108643","0.8341000080108643","0.8341000080108643","1","1","1","1","1","1","0.3125999867916107","0.3125999867916107","0.3125999867916107","0.838699996471405","0.838699996471405","0.838699996471405"
"2443","1","1","1","1","1","1","0.42399999499320984","0.42399999499320984","0.42399999499320984","0.8537999987602234","0.8537999987602234","0.8537999987602234","1","1","1","1","1","1","0.45879998803138733","0.45879998803138733","0.45879998803138733","0.8661999702453613","0.8661999702453613","0.8661999702453613","1","1","1","1","1","1","0.35040000081062317","0.35040000081062317","0.35040000081062317","0.8399999737739563","0.8399999737739563","0.8399999737739563","1","1","1","1","1","1","0.32170000672340393","0.32170000672340393","0.32170000672340393","0.8361999988555908","0.8361999988555908","0.8361999988555908","1","1","1","1","1","1","0.3089999854564667","0.3089999854564667","0.3089999854564667","0.8371999859809875","0.8371999859809875","0.8371999859809875"
"2454","1","1","1","1","1","1","0.4244999885559082","0.4244999885559082","0.4244999885559082","0.854699969291687","0.854699969291687","0.854699969291687","1","1","1","1","1","1","0.4603999853134155","0.4603999853134155","0.4603999853134155","0.8669999837875366","0.8669999837875366","0.8669999837875366","1","1","1","1","1","1","0.3407000005245209","0.3407000005245209","0.3407000005245209","0.8391000032424927","0.8391000032424927","0.8391000032424927","1","1","1","1","1","1","0.310699999332428","0.310699999332428","0.310699999332428","0.833899974822998","0.833899974822998","0.833899974822998","1","1","1","1","1","1","0.31200000643730164","0.31200000643730164","0.31200000643730164","0.8379999995231628","0.8379999995231628","0.8379999995231628"
"2465","1","1","1","1","1","1","0.4229999780654907","0.4229999780654907","0.4229999780654907","0.8544999957084656","0.8544999957084656","0.8544999957084656","1","1","1","1","1","1","0.4599999785423279","0.4599999785423279","0.4599999785423279","0.8649999499320984","0.8649999499320984","0.8649999499320984","1","1","1","1","1","1","0.3452000021934509","0.3452000021934509","0.3452000021934509","0.8394999504089355","0.8394999504089355","0.8394999504089355","1","1","1","1","1","1","0.31209999322891235","0.31209999322891235","0.31209999322891235","0.8348999619483948","0.8348999619483948","0.8348999619483948","1","1","1","1","1","1","0.3141999840736389","0.3141999840736389","0.3141999840736389","0.8379999995231628","0.8379999995231628","0.8379999995231628"
"2476","1","1","1","1","1","1","0.42319998145103455","0.42319998145103455","0.42319998145103455","0.8542999625205994","0.8542999625205994","0.8542999625205994","1","1","1","1","1","1","0.45649999380111694","0.45649999380111694","0.45649999380111694","0.8633999824523926","0.8633999824523926","0.8633999824523926","1","1","1","1","1","1","0.3515999913215637","0.3515999913215637","0.3515999913215637","0.8411999940872192","0.8411999940872192","0.8411999940872192","1","1","1","1","1","1","0.3091000020503998","0.3091000020503998","0.3091000020503998","0.8335999846458435","0.8335999846458435","0.8335999846458435","1","1","1","1","1","1","0.3051999807357788","0.3051999807357788","0.3051999807357788","0.8366000056266785","0.8366000056266785","0.8366000056266785"
"2487","1","1","1","1","1","1","0.42669999599456787","0.42669999599456787","0.42669999599456787","0.8555999994277954","0.8555999994277954","0.8555999994277954","1","1","1","1","1","1","0.45739999413490295","0.45739999413490295","0.45739999413490295","0.8640999794006348","0.8640999794006348","0.8640999794006348","1","1","1","1","1","1","0.34450000524520874","0.34450000524520874","0.34450000524520874","0.8398999571800232","0.8398999571800232","0.8398999571800232","1","1","1","1","1","1","0.31869998574256897","0.31869998574256897","0.31869998574256897","0.8353999853134155","0.8353999853134155","0.8353999853134155","1","1","1","1","1","1","0.3107999861240387","0.3107999861240387","0.3107999861240387","0.8380999565124512","0.8380999565124512","0.8380999565124512"
"2498","1","1","1","1","1","1","0.42419999837875366","0.42419999837875366","0.42419999837875366","0.85589998960495","0.85589998960495","0.85589998960495","1","1","1","1","1","1","0.45719999074935913","0.45719999074935913","0.45719999074935913","0.8644999861717224","0.8644999861717224","0.8644999861717224","1","1","1","1","1","1","0.3570999801158905","0.3570999801158905","0.3570999801158905","0.8420000076293945","0.8420000076293945","0.8420000076293945","1","1","1","1","1","1","0.3190000057220459","0.3190000057220459","0.3190000057220459","0.8348000049591064","0.8348000049591064","0.8348000049591064","1","1","1","1","1","1","0.3109000027179718","0.3109000027179718","0.3109000027179718","0.8381999731063843","0.8381999731063843","0.8381999731063843"
"2509","1","1","1","1","1","1","0.421999990940094","0.421999990940094","0.421999990940094","0.8540999889373779","0.8540999889373779","0.8540999889373779","1","1","1","1","1","1","0.4456000030040741","0.4456000030040741","0.4456000030040741","0.8633999824523926","0.8633999824523926","0.8633999824523926","1","1","1","1","1","1","0.3554999828338623","0.3554999828338623","0.3554999828338623","0.8406999707221985","0.8406999707221985","0.8406999707221985","1","1","1","1","1","1","0.32189998030662537","0.32189998030662537","0.32189998030662537","0.8366999626159668","0.8366999626159668","0.8366999626159668","1","1","1","1","1","1","0.307699978351593","0.307699978351593","0.307699978351593","0.8369999527931213","0.8369999527931213","0.8369999527931213"
"2520","1","1","1","1","1","1","0.4202999770641327","0.4202999770641327","0.4202999770641327","0.8514999747276306","0.8514999747276306","0.8514999747276306","1","1","1","1","1","1","0.44589999318122864","0.44589999318122864","0.44589999318122864","0.8636999726295471","0.8636999726295471","0.8636999726295471","1","1","1","1","1","1","0.35199999809265137","0.35199999809265137","0.35199999809265137","0.8407999873161316","0.8407999873161316","0.8407999873161316","1","1","1","1","1","1","0.31290000677108765","0.31290000677108765","0.31290000677108765","0.8345999717712402","0.8345999717712402","0.8345999717712402","1","1","1","1","1","1","0.31209999322891235","0.31209999322891235","0.31209999322891235","0.8381999731063843","0.8381999731063843","0.8381999731063843"
"2531","1","1","1","1","1","1","0.42329999804496765","0.42329999804496765","0.42329999804496765","0.8560999631881714","0.8560999631881714","0.8560999631881714","1","1","1","1","1","1","0.4416999816894531","0.4416999816894531","0.4416999816894531","0.8605999946594238","0.8605999946594238","0.8605999946594238","1","1","1","1","1","1","0.34630000591278076","0.34630000591278076","0.34630000591278076","0.839199960231781","0.839199960231781","0.839199960231781","1","1","1","1","1","1","0.31520000100135803","0.31520000100135803","0.31520000100135803","0.8346999883651733","0.8346999883651733","0.8346999883651733","1","1","1","1","1","1","0.3148999810218811","0.3148999810218811","0.3148999810218811","0.8387999534606934","0.8387999534606934","0.8387999534606934"
"2542","1","1","1","1","1","1","0.42289999127388","0.42289999127388","0.42289999127388","0.856499969959259","0.856499969959259","0.856499969959259","1","1","1","1","1","1","0.4438999891281128","0.4438999891281128","0.4438999891281128","0.8616999983787537","0.8616999983787537","0.8616999983787537","1","1","1","1","1","1","0.3467999994754791","0.3467999994754791","0.3467999994754791","0.840399980545044","0.840399980545044","0.840399980545044","1","1","1","1","1","1","0.3164999783039093","0.3164999783039093","0.3164999783039093","0.8353999853134155","0.8353999853134155","0.8353999853134155","1","1","1","1","1","1","0.3077999949455261","0.3077999949455261","0.3077999949455261","0.8380999565124512","0.8380999565124512","0.8380999565124512"
"2553","1","1","1","1","1","1","0.4258999824523926","0.4258999824523926","0.4258999824523926","0.8572999835014343","0.8572999835014343","0.8572999835014343","1","1","1","1","1","1","0.4398999810218811","0.4398999810218811","0.4398999810218811","0.8592999577522278","0.8592999577522278","0.8592999577522278","1","1","1","1","1","1","0.35199999809265137","0.35199999809265137","0.35199999809265137","0.8411999940872192","0.8411999940872192","0.8411999940872192","1","1","1","1","1","1","0.3155999779701233","0.3155999779701233","0.3155999779701233","0.835599958896637","0.835599958896637","0.835599958896637","1","1","1","1","1","1","0.31200000643730164","0.31200000643730164","0.31200000643730164","0.8389999866485596","0.8389999866485596","0.8389999866485596"
"2564","1","1","1","1","1","1","0.4277999997138977","0.4277999997138977","0.4277999997138977","0.8569999933242798","0.8569999933242798","0.8569999933242798","1","1","1","1","1","1","0.4440999925136566","0.4440999925136566","0.4440999925136566","0.8646999597549438","0.8646999597549438","0.8646999597549438","1","1","1","1","1","1","0.3562999963760376","0.3562999963760376","0.3562999963760376","0.8420000076293945","0.8420000076293945","0.8420000076293945","1","1","1","1","1","1","0.3164999783039093","0.3164999783039093","0.3164999783039093","0.8369999527931213","0.8369999527931213","0.8369999527931213","1","1","1","1","1","1","0.31529998779296875","0.31529998779296875","0.31529998779296875","0.8392999768257141","0.8392999768257141","0.8392999768257141"
"2575","1","1","1","1","1","1","0.4296000003814697","0.4296000003814697","0.4296000003814697","0.8567999601364136","0.8567999601364136","0.8567999601364136","1","1","1","1","1","1","0.439300000667572","0.439300000667572","0.439300000667572","0.8621999621391296","0.8621999621391296","0.8621999621391296","1","1","1","1","1","1","0.3546999990940094","0.3546999990940094","0.3546999990940094","0.8416999578475952","0.8416999578475952","0.8416999578475952","1","1","1","1","1","1","0.3100000023841858","0.3100000023841858","0.3100000023841858","0.8333999514579773","0.8333999514579773","0.8333999514579773","1","1","1","1","1","1","0.321399986743927","0.321399986743927","0.321399986743927","0.8414999842643738","0.8414999842643738","0.8414999842643738"
"2586","1","1","1","1","1","1","0.4277999997138977","0.4277999997138977","0.4277999997138977","0.8565999865531921","0.8565999865531921","0.8565999865531921","1","1","1","1","1","1","0.435699999332428","0.435699999332428","0.435699999332428","0.8607999682426453","0.8607999682426453","0.8607999682426453","1","1","1","1","1","1","0.3498999774456024","0.3498999774456024","0.3498999774456024","0.8411999940872192","0.8411999940872192","0.8411999940872192","1","1","1","1","1","1","0.3215999901294708","0.3215999901294708","0.3215999901294708","0.8371999859809875","0.8371999859809875","0.8371999859809875","1","1","1","1","1","1","0.32170000672340393","0.32170000672340393","0.32170000672340393","0.8414999842643738","0.8414999842643738","0.8414999842643738"
"2597","1","1","1","1","1","1","0.4332999885082245","0.4332999885082245","0.4332999885082245","0.8586999773979187","0.8586999773979187","0.8586999773979187","1","1","1","1","1","1","0.432699978351593","0.432699978351593","0.432699978351593","0.8604999780654907","0.8604999780654907","0.8604999780654907","1","1","1","1","1","1","0.3497999906539917","0.3497999906539917","0.3497999906539917","0.8395999670028687","0.8395999670028687","0.8395999670028687","1","1","1","1","1","1","0.3304999768733978","0.3304999768733978","0.3304999768733978","0.8394999504089355","0.8394999504089355","0.8394999504089355","1","1","1","1","1","1","0.3231000006198883","0.3231000006198883","0.3231000006198883","0.8420999646186829","0.8420999646186829","0.8420999646186829"
"2608","1","1","1","1","1","1","0.4334999918937683","0.4334999918937683","0.4334999918937683","0.8589999675750732","0.8589999675750732","0.8589999675750732","1","1","1","1","1","1","0.4351999759674072","0.4351999759674072","0.4351999759674072","0.8585000038146973","0.8585000038146973","0.8585000038146973","1","1","1","1","1","1","0.34779998660087585","0.34779998660087585","0.34779998660087585","0.8402000069618225","0.8402000069618225","0.8402000069618225","1","1","1","1","1","1","0.33159998059272766","0.33159998059272766","0.33159998059272766","0.8384999632835388","0.8384999632835388","0.8384999632835388","1","1","1","1","1","1","0.32189998030662537","0.32189998030662537","0.32189998030662537","0.8420000076293945","0.8420000076293945","0.8420000076293945"
"2619","1","1","1","1","1","1","0.43469998240470886","0.43469998240470886","0.43469998240470886","0.8583999872207642","0.8583999872207642","0.8583999872207642","1","1","1","1","1","1","0.4496999979019165","0.4496999979019165","0.4496999979019165","0.8607999682426453","0.8607999682426453","0.8607999682426453","1","1","1","1","1","1","0.3544999957084656","0.3544999957084656","0.3544999957084656","0.8406999707221985","0.8406999707221985","0.8406999707221985","1","1","1","1","1","1","0.32269999384880066","0.32269999384880066","0.32269999384880066","0.8370999693870544","0.8370999693870544","0.8370999693870544","1","1","1","1","1","1","0.31349998712539673","0.31349998712539673","0.31349998712539673","0.8384999632835388","0.8384999632835388","0.8384999632835388"
"2630","1","1","1","1","1","1","0.43209999799728394","0.43209999799728394","0.43209999799728394","0.8562999963760376","0.8562999963760376","0.8562999963760376","1","1","1","1","1","1","0.44259998202323914","0.44259998202323914","0.44259998202323914","0.858199954032898","0.858199954032898","0.858199954032898","1","1","1","1","1","1","0.353300005197525","0.353300005197525","0.353300005197525","0.8411999940872192","0.8411999940872192","0.8411999940872192","1","1","1","1","1","1","0.33570000529289246","0.33570000529289246","0.33570000529289246","0.8410999774932861","0.8410999774932861","0.8410999774932861","1","1","1","1","1","1","0.30660000443458557","0.30660000443458557","0.30660000443458557","0.8369999527931213","0.8369999527931213","0.8369999527931213"
"2641","1","1","1","1","1","1","0.42989999055862427","0.42989999055862427","0.42989999055862427","0.8568999767303467","0.8568999767303467","0.8568999767303467","1","1","1","1","1","1","0.438400000333786","0.438400000333786","0.438400000333786","0.8560999631881714","0.8560999631881714","0.8560999631881714","1","1","1","1","1","1","0.3610000014305115","0.3610000014305115","0.3610000014305115","0.8441999554634094","0.8441999554634094","0.8441999554634094","1","1","1","1","1","1","0.33390000462532043","0.33390000462532043","0.33390000462532043","0.8406999707221985","0.8406999707221985","0.8406999707221985","0.9998999834060669","0.9998999834060669","0.9998999834060669","1","1","1","0.31630000472068787","0.31630000472068787","0.31630000472068787","0.8396999835968018","0.8396999835968018","0.8396999835968018"
"2652","1","1","1","1","1","1","0.436599999666214","0.436599999666214","0.436599999666214","0.8574000000953674","0.8574000000953674","0.8574000000953674","1","1","1","1","1","1","0.44699999690055847","0.44699999690055847","0.44699999690055847","0.8600999712944031","0.8600999712944031","0.8600999712944031","1","1","1","1","1","1","0.3540000021457672","0.3540000021457672","0.3540000021457672","0.842799961566925","0.842799961566925","0.842799961566925","1","1","1","1","1","1","0.33319997787475586","0.33319997787475586","0.33319997787475586","0.840399980545044","0.840399980545044","0.840399980545044","1","1","1","1","1","1","0.31610000133514404","0.31610000133514404","0.31610000133514404","0.8395999670028687","0.8395999670028687","0.8395999670028687"
"2663","1","1","1","1","1","1","0.4294999837875366","0.4294999837875366","0.4294999837875366","0.8578999638557434","0.8578999638557434","0.8578999638557434","1","1","1","1","1","1","0.44509997963905334","0.44509997963905334","0.44509997963905334","0.8585000038146973","0.8585000038146973","0.8585000038146973","1","1","1","1","1","1","0.353300005197525","0.353300005197525","0.353300005197525","0.8424999713897705","0.8424999713897705","0.8424999713897705","1","1","1","1","1","1","0.33249998092651367","0.33249998092651367","0.33249998092651367","0.8396999835968018","0.8396999835968018","0.8396999835968018","1","1","1","1","1","1","0.3164999783039093","0.3164999783039093","0.3164999783039093","0.8394999504089355","0.8394999504089355","0.8394999504089355"
"2674","1","1","1","1","1","1","0.4327999949455261","0.4327999949455261","0.4327999949455261","0.8579999804496765","0.8579999804496765","0.8579999804496765","1","1","1","1","1","1","0.4423999786376953","0.4423999786376953","0.4423999786376953","0.8611999750137329","0.8611999750137329","0.8611999750137329","1","1","1","1","1","1","0.35510000586509705","0.35510000586509705","0.35510000586509705","0.8420999646186829","0.8420999646186829","0.8420999646186829","1","1","1","1","1","1","0.33079999685287476","0.33079999685287476","0.33079999685287476","0.8398000001907349","0.8398000001907349","0.8398000001907349","1","1","1","1","1","1","0.3089999854564667","0.3089999854564667","0.3089999854564667","0.8369999527931213","0.8369999527931213","0.8369999527931213"
"2685","1","1","1","1","1","1","0.4339999854564667","0.4339999854564667","0.4339999854564667","0.8583999872207642","0.8583999872207642","0.8583999872207642","1","1","1","1","1","1","0.4504999816417694","0.4504999816417694","0.4504999816417694","0.8603999614715576","0.8603999614715576","0.8603999614715576","1","1","1","1","1","1","0.35589998960494995","0.35589998960494995","0.35589998960494995","0.8422999978065491","0.8422999978065491","0.8422999978065491","1","1","1","1","1","1","0.3326999843120575","0.3326999843120575","0.3326999843120575","0.840399980545044","0.840399980545044","0.840399980545044","1","1","1","1","1","1","0.30949997901916504","0.30949997901916504","0.30949997901916504","0.8374999761581421","0.8374999761581421","0.8374999761581421"
"2696","1","1","1","1","1","1","0.4302999973297119","0.4302999973297119","0.4302999973297119","0.858299970626831","0.858299970626831","0.858299970626831","1","1","1","1","1","1","0.4456999897956848","0.4456999897956848","0.4456999897956848","0.8604999780654907","0.8604999780654907","0.8604999780654907","1","1","1","1","1","1","0.3603000044822693","0.3603000044822693","0.3603000044822693","0.8432999849319458","0.8432999849319458","0.8432999849319458","1","1","1","1","1","1","0.3434000015258789","0.3434000015258789","0.3434000015258789","0.8420000076293945","0.8420000076293945","0.8420000076293945","1","1","1","1","1","1","0.3035999834537506","0.3035999834537506","0.3035999834537506","0.835099995136261","0.835099995136261","0.835099995136261"
"2707","1","1","1","1","1","1","0.43709999322891235","0.43709999322891235","0.43709999322891235","0.8603999614715576","0.8603999614715576","0.8603999614715576","1","1","1","1","1","1","0.43959999084472656","0.43959999084472656","0.43959999084472656","0.8583999872207642","0.8583999872207642","0.8583999872207642","1","1","1","1","1","1","0.3568999767303467","0.3568999767303467","0.3568999767303467","0.8418999910354614","0.8418999910354614","0.8418999910354614","1","1","1","1","1","1","0.32979997992515564","0.32979997992515564","0.32979997992515564","0.8389999866485596","0.8389999866485596","0.8389999866485596","1","1","1","1","1","1","0.3107999861240387","0.3107999861240387","0.3107999861240387","0.8363999724388123","0.8363999724388123","0.8363999724388123"
"2718","1","1","1","1","1","1","0.43469998240470886","0.43469998240470886","0.43469998240470886","0.8593999743461609","0.8593999743461609","0.8593999743461609","1","1","1","1","1","1","0.4494999945163727","0.4494999945163727","0.4494999945163727","0.8607999682426453","0.8607999682426453","0.8607999682426453","1","1","1","1","1","1","0.35839998722076416","0.35839998722076416","0.35839998722076416","0.8420999646186829","0.8420999646186829","0.8420999646186829","1","1","1","1","1","1","0.32670000195503235","0.32670000195503235","0.32670000195503235","0.8388999700546265","0.8388999700546265","0.8388999700546265","1","1","1","1","1","1","0.3148999810218811","0.3148999810218811","0.3148999810218811","0.8381999731063843","0.8381999731063843","0.8381999731063843"
"2729","1","1","1","1","1","1","0.4301999807357788","0.4301999807357788","0.4301999807357788","0.8574000000953674","0.8574000000953674","0.8574000000953674","1","1","1","1","1","1","0.44859999418258667","0.44859999418258667","0.44859999418258667","0.8593999743461609","0.8593999743461609","0.8593999743461609","1","1","1","1","1","1","0.36789998412132263","0.36789998412132263","0.36789998412132263","0.8420999646186829","0.8420999646186829","0.8420999646186829","1","1","1","1","1","1","0.32409998774528503","0.32409998774528503","0.32409998774528503","0.8384000062942505","0.8384000062942505","0.8384000062942505","1","1","1","1","1","1","0.32019999623298645","0.32019999623298645","0.32019999623298645","0.8405999541282654","0.8405999541282654","0.8405999541282654"
"2740","1","1","1","1","1","1","0.435699999332428","0.435699999332428","0.435699999332428","0.8589999675750732","0.8589999675750732","0.8589999675750732","1","1","1","1","1","1","0.459199994802475","0.459199994802475","0.459199994802475","0.8613999485969543","0.8613999485969543","0.8613999485969543","1","1","1","1","1","1","0.3617999851703644","0.3617999851703644","0.3617999851703644","0.8411999940872192","0.8411999940872192","0.8411999940872192","1","1","1","1","1","1","0.3149999976158142","0.3149999976158142","0.3149999976158142","0.8359000086784363","0.8359000086784363","0.8359000086784363","1","1","1","1","1","1","0.32519999146461487","0.32519999146461487","0.32519999146461487","0.8420999646186829","0.8420999646186829","0.8420999646186829"
"2751","1","1","1","1","1","1","0.4287000000476837","0.4287000000476837","0.4287000000476837","0.8578999638557434","0.8578999638557434","0.8578999638557434","1","1","1","1","1","1","0.46309998631477356","0.46309998631477356","0.46309998631477356","0.8632999658584595","0.8632999658584595","0.8632999658584595","1","1","1","1","1","1","0.3465999960899353","0.3465999960899353","0.3465999960899353","0.837399959564209","0.837399959564209","0.837399959564209","1","1","1","1","1","1","0.3147999942302704","0.3147999942302704","0.3147999942302704","0.8351999521255493","0.8351999521255493","0.8351999521255493","1","1","1","1","1","1","0.33329999446868896","0.33329999446868896","0.33329999446868896","0.8440999984741211","0.8440999984741211","0.8440999984741211"
"2762","1","1","1","1","1","1","0.4244000017642975","0.4244000017642975","0.4244000017642975","0.8556999564170837","0.8556999564170837","0.8556999564170837","1","1","1","1","1","1","0.46129998564720154","0.46129998564720154","0.46129998564720154","0.8631999492645264","0.8631999492645264","0.8631999492645264","1","1","1","1","1","1","0.353300005197525","0.353300005197525","0.353300005197525","0.8384999632835388","0.8384999632835388","0.8384999632835388","1","1","1","1","1","1","0.3138999938964844","0.3138999938964844","0.3138999938964844","0.8361999988555908","0.8361999988555908","0.8361999988555908","1","1","1","1","1","1","0.33820000290870667","0.33820000290870667","0.33820000290870667","0.8430999517440796","0.8430999517440796","0.8430999517440796"
"2773","1","1","1","1","1","1","0.4245999753475189","0.4245999753475189","0.4245999753475189","0.8555999994277954","0.8555999994277954","0.8555999994277954","1","1","1","1","1","1","0.4652999937534332","0.4652999937534332","0.4652999937534332","0.8598999977111816","0.8598999977111816","0.8598999977111816","1","1","1","1","1","1","0.3465999960899353","0.3465999960899353","0.3465999960899353","0.8370999693870544","0.8370999693870544","0.8370999693870544","1","1","1","1","1","1","0.313400000333786","0.313400000333786","0.313400000333786","0.8362999558448792","0.8362999558448792","0.8362999558448792","1","1","1","1","1","1","0.3294999897480011","0.3294999897480011","0.3294999897480011","0.8409000039100647","0.8409000039100647","0.8409000039100647"
"2784","1","1","1","1","1","1","0.4194999933242798","0.4194999933242798","0.4194999933242798","0.8562999963760376","0.8562999963760376","0.8562999963760376","1","1","1","1","1","1","0.4830999970436096","0.4830999970436096","0.4830999970436096","0.8680999875068665","0.8680999875068665","0.8680999875068665","1","1","1","1","1","1","0.35670000314712524","0.35670000314712524","0.35670000314712524","0.8409000039100647","0.8409000039100647","0.8409000039100647","1","1","1","1","1","1","0.3156999945640564","0.3156999945640564","0.3156999945640564","0.836899995803833","0.836899995803833","0.836899995803833","1","1","1","1","1","1","0.2946999967098236","0.2946999967098236","0.2946999967098236","0.8327999711036682","0.8327999711036682","0.8327999711036682"
"2795","1","1","1","1","1","1","0.4212999939918518","0.4212999939918518","0.4212999939918518","0.8552999496459961","0.8552999496459961","0.8552999496459961","1","1","1","1","1","1","0.4608999788761139","0.4608999788761139","0.4608999788761139","0.8613999485969543","0.8613999485969543","0.8613999485969543","1","1","1","1","1","1","0.34769999980926514","0.34769999980926514","0.34769999980926514","0.8375999927520752","0.8375999927520752","0.8375999927520752","1","1","1","1","1","1","0.31360000371932983","0.31360000371932983","0.31360000371932983","0.8369999527931213","0.8369999527931213","0.8369999527931213","1","1","1","1","1","1","0.32670000195503235","0.32670000195503235","0.32670000195503235","0.8407999873161316","0.8407999873161316","0.8407999873161316"
"2806","1","1","1","1","1","1","0.4220999777317047","0.4220999777317047","0.4220999777317047","0.8544999957084656","0.8544999957084656","0.8544999957084656","1","1","1","1","1","1","0.46619999408721924","0.46619999408721924","0.46619999408721924","0.8654999732971191","0.8654999732971191","0.8654999732971191","1","1","1","1","1","1","0.35679998993873596","0.35679998993873596","0.35679998993873596","0.8407999873161316","0.8407999873161316","0.8407999873161316","1","1","1","1","1","1","0.3089999854564667","0.3089999854564667","0.3089999854564667","0.8349999785423279","0.8349999785423279","0.8349999785423279","1","1","1","1","1","1","0.3280999958515167","0.3280999958515167","0.3280999958515167","0.8398999571800232","0.8398999571800232","0.8398999571800232"
"2817","1","1","1","1","1","1","0.4251999855041504","0.4251999855041504","0.4251999855041504","0.8567999601364136","0.8567999601364136","0.8567999601364136","1","1","1","1","1","1","0.4624999761581421","0.4624999761581421","0.4624999761581421","0.8642999529838562","0.8642999529838562","0.8642999529838562","1","1","1","1","1","1","0.3560999929904938","0.3560999929904938","0.3560999929904938","0.8411999940872192","0.8411999940872192","0.8411999940872192","1","1","1","1","1","1","0.3118000030517578","0.3118000030517578","0.3118000030517578","0.8349999785423279","0.8349999785423279","0.8349999785423279","1","1","1","1","1","1","0.3312999904155731","0.3312999904155731","0.3312999904155731","0.8411999940872192","0.8411999940872192","0.8411999940872192"
"2828","1","1","1","1","1","1","0.421999990940094","0.421999990940094","0.421999990940094","0.8563999533653259","0.8563999533653259","0.8563999533653259","1","1","1","1","1","1","0.44509997963905334","0.44509997963905334","0.44509997963905334","0.863099992275238","0.863099992275238","0.863099992275238","1","1","1","1","1","1","0.35599997639656067","0.35599997639656067","0.35599997639656067","0.8410999774932861","0.8410999774932861","0.8410999774932861","1","1","1","1","1","1","0.3172999918460846","0.3172999918460846","0.3172999918460846","0.835599958896637","0.835599958896637","0.835599958896637","1","1","1","1","1","1","0.3181999921798706","0.3181999921798706","0.3181999921798706","0.8385999798774719","0.8385999798774719","0.8385999798774719"
"2839","1","1","1","1","1","1","0.4219000041484833","0.4219000041484833","0.4219000041484833","0.8553999662399292","0.8553999662399292","0.8553999662399292","1","1","1","1","1","1","0.4391999840736389","0.4391999840736389","0.4391999840736389","0.8613999485969543","0.8613999485969543","0.8613999485969543","1","1","1","1","1","1","0.3520999848842621","0.3520999848842621","0.3520999848842621","0.8391000032424927","0.8391000032424927","0.8391000032424927","1","1","1","1","1","1","0.3188999891281128","0.3188999891281128","0.3188999891281128","0.8357999920845032","0.8357999920845032","0.8357999920845032","1","1","1","1","1","1","0.3269999921321869","0.3269999921321869","0.3269999921321869","0.840999960899353","0.840999960899353","0.840999960899353"
"2850","1","1","1","1","1","1","0.4277999997138977","0.4277999997138977","0.4277999997138977","0.85589998960495","0.85589998960495","0.85589998960495","1","1","1","1","1","1","0.45479997992515564","0.45479997992515564","0.45479997992515564","0.8633999824523926","0.8633999824523926","0.8633999824523926","1","1","1","1","1","1","0.3572999835014343","0.3572999835014343","0.3572999835014343","0.8405999541282654","0.8405999541282654","0.8405999541282654","1","1","1","1","1","1","0.3224000036716461","0.3224000036716461","0.3224000036716461","0.8380999565124512","0.8380999565124512","0.8380999565124512","1","1","1","1","1","1","0.33550000190734863","0.33550000190734863","0.33550000190734863","0.8425999879837036","0.8425999879837036","0.8425999879837036"
"2861","1","1","1","1","1","1","0.423799991607666","0.423799991607666","0.423799991607666","0.8554999828338623","0.8554999828338623","0.8554999828338623","1","1","1","1","1","1","0.44579997658729553","0.44579997658729553","0.44579997658729553","0.8616999983787537","0.8616999983787537","0.8616999983787537","1","1","1","1","1","1","0.3522999882698059","0.3522999882698059","0.3522999882698059","0.8389999866485596","0.8389999866485596","0.8389999866485596","1","1","1","1","1","1","0.31610000133514404","0.31610000133514404","0.31610000133514404","0.8341000080108643","0.8341000080108643","0.8341000080108643","1","1","1","1","1","1","0.3319000005722046","0.3319000005722046","0.3319000005722046","0.8430999517440796","0.8430999517440796","0.8430999517440796"
"2872","1","1","1","1","1","1","0.4211999773979187","0.4211999773979187","0.4211999773979187","0.8555999994277954","0.8555999994277954","0.8555999994277954","1","1","1","1","1","1","0.4472000002861023","0.4472000002861023","0.4472000002861023","0.8643999695777893","0.8643999695777893","0.8643999695777893","1","1","1","1","1","1","0.35839998722076416","0.35839998722076416","0.35839998722076416","0.8420000076293945","0.8420000076293945","0.8420000076293945","1","1","1","1","1","1","0.2994000017642975","0.2994000017642975","0.2994000017642975","0.8309999704360962","0.8309999704360962","0.8309999704360962","1","1","1","1","1","1","0.32819998264312744","0.32819998264312744","0.32819998264312744","0.8427000045776367","0.8427000045776367","0.8427000045776367"
"2883","1","1","1","1","1","1","0.42989999055862427","0.42989999055862427","0.42989999055862427","0.8570999503135681","0.8570999503135681","0.8570999503135681","1","1","1","1","1","1","0.4521999955177307","0.4521999955177307","0.4521999955177307","0.8637999892234802","0.8637999892234802","0.8637999892234802","1","1","1","1","1","1","0.34689998626708984","0.34689998626708984","0.34689998626708984","0.8388999700546265","0.8388999700546265","0.8388999700546265","1","1","1","1","1","1","0.30709999799728394","0.30709999799728394","0.30709999799728394","0.8349999785423279","0.8349999785423279","0.8349999785423279","1","1","1","1","1","1","0.33480000495910645","0.33480000495910645","0.33480000495910645","0.8431999683380127","0.8431999683380127","0.8431999683380127"
"2894","1","1","1","1","1","1","0.4250999987125397","0.4250999987125397","0.4250999987125397","0.8540999889373779","0.8540999889373779","0.8540999889373779","1","1","1","1","1","1","0.45350000262260437","0.45350000262260437","0.45350000262260437","0.8655999898910522","0.8655999898910522","0.8655999898910522","1","1","1","1","1","1","0.34950000047683716","0.34950000047683716","0.34950000047683716","0.8402999639511108","0.8402999639511108","0.8402999639511108","1","1","1","1","1","1","0.3122999966144562","0.3122999966144562","0.3122999966144562","0.8357999920845032","0.8357999920845032","0.8357999920845032","1","1","1","1","1","1","0.32189998030662537","0.32189998030662537","0.32189998030662537","0.8409000039100647","0.8409000039100647","0.8409000039100647"
"2905","1","1","1","1","1","1","0.42569997906684875","0.42569997906684875","0.42569997906684875","0.8550999760627747","0.8550999760627747","0.8550999760627747","1","1","1","1","1","1","0.4569000005722046","0.4569000005722046","0.4569000005722046","0.866599977016449","0.866599977016449","0.866599977016449","1","1","1","1","1","1","0.35569998621940613","0.35569998621940613","0.35569998621940613","0.8405999541282654","0.8405999541282654","0.8405999541282654","1","1","1","1","1","1","0.31299999356269836","0.31299999356269836","0.31299999356269836","0.8366000056266785","0.8366000056266785","0.8366000056266785","1","1","1","1","1","1","0.3190000057220459","0.3190000057220459","0.3190000057220459","0.839199960231781","0.839199960231781","0.839199960231781"
"2916","1","1","1","1","1","1","0.4235999882221222","0.4235999882221222","0.4235999882221222","0.8562999963760376","0.8562999963760376","0.8562999963760376","1","1","1","1","1","1","0.45799997448921204","0.45799997448921204","0.45799997448921204","0.8657000064849854","0.8657000064849854","0.8657000064849854","1","1","1","1","1","1","0.36079999804496765","0.36079999804496765","0.36079999804496765","0.8418999910354614","0.8418999910354614","0.8418999910354614","1","1","1","1","1","1","0.31219998002052307","0.31219998002052307","0.31219998002052307","0.8355000019073486","0.8355000019073486","0.8355000019073486","1","1","1","1","1","1","0.32019999623298645","0.32019999623298645","0.32019999623298645","0.8402999639511108","0.8402999639511108","0.8402999639511108"
"2927","1","1","1","1","1","1","0.42739999294281006","0.42739999294281006","0.42739999294281006","0.8587999939918518","0.8587999939918518","0.8587999939918518","1","1","1","1","1","1","0.46320000290870667","0.46320000290870667","0.46320000290870667","0.8662999868392944","0.8662999868392944","0.8662999868392944","1","1","1","1","1","1","0.3596999943256378","0.3596999943256378","0.3596999943256378","0.8429999947547913","0.8429999947547913","0.8429999947547913","1","1","1","1","1","1","0.31200000643730164","0.31200000643730164","0.31200000643730164","0.8360999822616577","0.8360999822616577","0.8360999822616577","1","1","1","1","1","1","0.3181000053882599","0.3181000053882599","0.3181000053882599","0.8391000032424927","0.8391000032424927","0.8391000032424927"
"2938","1","1","1","1","1","1","0.4138999879360199","0.4138999879360199","0.4138999879360199","0.8508999943733215","0.8508999943733215","0.8508999943733215","1","1","1","1","1","1","0.4521999955177307","0.4521999955177307","0.4521999955177307","0.8649999499320984","0.8649999499320984","0.8649999499320984","1","1","1","1","1","1","0.3693999946117401","0.3693999946117401","0.3693999946117401","0.8454999923706055","0.8454999923706055","0.8454999923706055","1","1","1","1","1","1","0.3157999813556671","0.3157999813556671","0.3157999813556671","0.836899995803833","0.836899995803833","0.836899995803833","1","1","1","1","1","1","0.31369999051094055","0.31369999051094055","0.31369999051094055","0.8387999534606934","0.8387999534606934","0.8387999534606934"
"2949","1","1","1","1","1","1","0.43320000171661377","0.43320000171661377","0.43320000171661377","0.8593999743461609","0.8593999743461609","0.8593999743461609","1","1","1","1","1","1","0.45080000162124634","0.45080000162124634","0.45080000162124634","0.865399956703186","0.865399956703186","0.865399956703186","1","1","1","1","1","1","0.3723999857902527","0.3723999857902527","0.3723999857902527","0.8456999659538269","0.8456999659538269","0.8456999659538269","1","1","1","1","1","1","0.3109000027179718","0.3109000027179718","0.3109000027179718","0.8376999497413635","0.8376999497413635","0.8376999497413635","1","1","1","1","1","1","0.314300000667572","0.314300000667572","0.314300000667572","0.8394999504089355","0.8394999504089355","0.8394999504089355"
"2960","1","1","1","1","1","1","0.43959999084472656","0.43959999084472656","0.43959999084472656","0.859499990940094","0.859499990940094","0.859499990940094","1","1","1","1","1","1","0.4431999921798706","0.4431999921798706","0.4431999921798706","0.8622999787330627","0.8622999787330627","0.8622999787330627","1","1","1","1","1","1","0.3667999804019928","0.3667999804019928","0.3667999804019928","0.8450999855995178","0.8450999855995178","0.8450999855995178","1","1","1","1","1","1","0.3147999942302704","0.3147999942302704","0.3147999942302704","0.8376999497413635","0.8376999497413635","0.8376999497413635","1","1","1","1","1","1","0.31529998779296875","0.31529998779296875","0.31529998779296875","0.8398000001907349","0.8398000001907349","0.8398000001907349"
"2971","1","1","1","1","1","1","0.4359999895095825","0.4359999895095825","0.4359999895095825","0.8588999509811401","0.8588999509811401","0.8588999509811401","1","1","1","1","1","1","0.44849997758865356","0.44849997758865356","0.44849997758865356","0.861799955368042","0.861799955368042","0.861799955368042","1","1","1","1","1","1","0.3642999827861786","0.3642999827861786","0.3642999827861786","0.8447999954223633","0.8447999954223633","0.8447999954223633","1","1","1","1","1","1","0.3190999925136566","0.3190999925136566","0.3190999925136566","0.8387999534606934","0.8387999534606934","0.8387999534606934","1","1","1","1","1","1","0.3111000061035156","0.3111000061035156","0.3111000061035156","0.839199960231781","0.839199960231781","0.839199960231781"
"2982","1","1","1","1","1","1","0.4327999949455261","0.4327999949455261","0.4327999949455261","0.8579999804496765","0.8579999804496765","0.8579999804496765","1","1","1","1","1","1","0.4510999917984009","0.4510999917984009","0.4510999917984009","0.8628000020980835","0.8628000020980835","0.8628000020980835","1","1","1","1","1","1","0.3569999933242798","0.3569999933242798","0.3569999933242798","0.8422999978065491","0.8422999978065491","0.8422999978065491","1","1","1","1","1","1","0.3203999996185303","0.3203999996185303","0.3203999996185303","0.8387999534606934","0.8387999534606934","0.8387999534606934","1","1","1","1","1","1","0.3156999945640564","0.3156999945640564","0.3156999945640564","0.8399999737739563","0.8399999737739563","0.8399999737739563"
"2993","1","1","1","1","1","1","0.43479999899864197","0.43479999899864197","0.43479999899864197","0.8580999970436096","0.8580999970436096","0.8580999970436096","1","1","1","1","1","1","0.4487999975681305","0.4487999975681305","0.4487999975681305","0.8624999523162842","0.8624999523162842","0.8624999523162842","1","1","1","1","1","1","0.3531999886035919","0.3531999886035919","0.3531999886035919","0.8420000076293945","0.8420000076293945","0.8420000076293945","1","1","1","1","1","1","0.32170000672340393","0.32170000672340393","0.32170000672340393","0.8377999663352966","0.8377999663352966","0.8377999663352966","1","1","1","1","1","1","0.3130999803543091","0.3130999803543091","0.3130999803543091","0.8394999504089355","0.8394999504089355","0.8394999504089355"
"3004","1","1","1","1","1","1","0.43609997630119324","0.43609997630119324","0.43609997630119324","0.8580999970436096","0.8580999970436096","0.8580999970436096","1","1","1","1","1","1","0.44999998807907104","0.44999998807907104","0.44999998807907104","0.8621999621391296","0.8621999621391296","0.8621999621391296","1","1","1","1","1","1","0.36569997668266296","0.36569997668266296","0.36569997668266296","0.8428999781608582","0.8428999781608582","0.8428999781608582","1","1","1","1","1","1","0.3264999985694885","0.3264999985694885","0.3264999985694885","0.838699996471405","0.838699996471405","0.838699996471405","1","1","1","1","1","1","0.3163999915122986","0.3163999915122986","0.3163999915122986","0.8394999504089355","0.8394999504089355","0.8394999504089355"
"3015","1","1","1","1","1","1","0.43549999594688416","0.43549999594688416","0.43549999594688416","0.859499990940094","0.859499990940094","0.859499990940094","1","1","1","1","1","1","0.45080000162124634","0.45080000162124634","0.45080000162124634","0.85999995470047","0.85999995470047","0.85999995470047","1","1","1","1","1","1","0.3617999851703644","0.3617999851703644","0.3617999851703644","0.8425999879837036","0.8425999879837036","0.8425999879837036","1","1","1","1","1","1","0.3228999972343445","0.3228999972343445","0.3228999972343445","0.8374999761581421","0.8374999761581421","0.8374999761581421","1","1","1","1","1","1","0.31379997730255127","0.31379997730255127","0.31379997730255127","0.8387999534606934","0.8387999534606934","0.8387999534606934"
"3026","1","1","1","1","1","1","0.42579999566078186","0.42579999566078186","0.42579999566078186","0.8551999926567078","0.8551999926567078","0.8551999926567078","1","1","1","1","1","1","0.4578000009059906","0.4578000009059906","0.4578000009059906","0.8639999628067017","0.8639999628067017","0.8639999628067017","1","1","1","1","1","1","0.36389997601509094","0.36389997601509094","0.36389997601509094","0.8431999683380127","0.8431999683380127","0.8431999683380127","1","1","1","1","1","1","0.31779998540878296","0.31779998540878296","0.31779998540878296","0.8367999792098999","0.8367999792098999","0.8367999792098999","1","1","1","1","1","1","0.31119999289512634","0.31119999289512634","0.31119999289512634","0.8385999798774719","0.8385999798774719","0.8385999798774719"
"3037","1","1","1","1","1","1","0.4332999885082245","0.4332999885082245","0.4332999885082245","0.8596999645233154","0.8596999645233154","0.8596999645233154","1","1","1","1","1","1","0.4530999958515167","0.4530999958515167","0.4530999958515167","0.8621000051498413","0.8621000051498413","0.8621000051498413","1","1","1","1","1","1","0.3572999835014343","0.3572999835014343","0.3572999835014343","0.8442999720573425","0.8442999720573425","0.8442999720573425","1","1","1","1","1","1","0.33009999990463257","0.33009999990463257","0.33009999990463257","0.8398999571800232","0.8398999571800232","0.8398999571800232","1","1","1","1","1","1","0.32409998774528503","0.32409998774528503","0.32409998774528503","0.8434999585151672","0.8434999585151672","0.8434999585151672"
"3048","1","1","1","1","1","1","0.42809998989105225","0.42809998989105225","0.42809998989105225","0.856499969959259","0.856499969959259","0.856499969959259","1","1","1","1","1","1","0.45009997487068176","0.45009997487068176","0.45009997487068176","0.8603999614715576","0.8603999614715576","0.8603999614715576","1","1","1","1","1","1","0.3506999909877777","0.3506999909877777","0.3506999909877777","0.8412999510765076","0.8412999510765076","0.8412999510765076","1","1","1","1","1","1","0.33219999074935913","0.33219999074935913","0.33219999074935913","0.8402999639511108","0.8402999639511108","0.8402999639511108","1","1","1","1","1","1","0.3229999840259552","0.3229999840259552","0.3229999840259552","0.8413999676704407","0.8413999676704407","0.8413999676704407"
"3059","1","1","1","1","1","1","0.43140000104904175","0.43140000104904175","0.43140000104904175","0.857699990272522","0.857699990272522","0.857699990272522","1","1","1","1","1","1","0.44369998574256897","0.44369998574256897","0.44369998574256897","0.8585000038146973","0.8585000038146973","0.8585000038146973","1","1","1","1","1","1","0.3563999831676483","0.3563999831676483","0.3563999831676483","0.8418999910354614","0.8418999910354614","0.8418999910354614","1","1","1","1","1","1","0.3249000012874603","0.3249000012874603","0.3249000012874603","0.8371999859809875","0.8371999859809875","0.8371999859809875","1","1","1","1","1","1","0.3222000002861023","0.3222000002861023","0.3222000002861023","0.8411999940872192","0.8411999940872192","0.8411999940872192"
"3070","1","1","1","1","1","1","0.4226999878883362","0.4226999878883362","0.4226999878883362","0.8545999526977539","0.8545999526977539","0.8545999526977539","1","1","1","1","1","1","0.44020000100135803","0.44020000100135803","0.44020000100135803","0.8561999797821045","0.8561999797821045","0.8561999797821045","1","1","1","1","1","1","0.3540000021457672","0.3540000021457672","0.3540000021457672","0.840399980545044","0.840399980545044","0.840399980545044","1","1","1","1","1","1","0.33709999918937683","0.33709999918937683","0.33709999918937683","0.8402000069618225","0.8402000069618225","0.8402000069618225","1","1","1","1","1","1","0.3208000063896179","0.3208000063896179","0.3208000063896179","0.8413999676704407","0.8413999676704407","0.8413999676704407"
"3081","1","1","1","1","1","1","0.4339999854564667","0.4339999854564667","0.4339999854564667","0.858199954032898","0.858199954032898","0.858199954032898","1","1","1","1","1","1","0.4341999888420105","0.4341999888420105","0.4341999888420105","0.8547999858856201","0.8547999858856201","0.8547999858856201","1","1","1","1","1","1","0.3580999970436096","0.3580999970436096","0.3580999970436096","0.8411999940872192","0.8411999940872192","0.8411999940872192","1","1","1","1","1","1","0.3215000033378601","0.3215000033378601","0.3215000033378601","0.8379999995231628","0.8379999995231628","0.8379999995231628","1","1","1","1","1","1","0.31769999861717224","0.31769999861717224","0.31769999861717224","0.8399999737739563","0.8399999737739563","0.8399999737739563"
"3092","1","1","1","1","1","1","0.4227999746799469","0.4227999746799469","0.4227999746799469","0.8534999489784241","0.8534999489784241","0.8534999489784241","1","1","1","1","1","1","0.42289999127388","0.42289999127388","0.42289999127388","0.8527999520301819","0.8527999520301819","0.8527999520301819","1","1","1","1","1","1","0.3540000021457672","0.3540000021457672","0.3540000021457672","0.8396999835968018","0.8396999835968018","0.8396999835968018","1","1","1","1","1","1","0.3319999873638153","0.3319999873638153","0.3319999873638153","0.8396999835968018","0.8396999835968018","0.8396999835968018","1","1","1","1","1","1","0.3228999972343445","0.3228999972343445","0.3228999972343445","0.8412999510765076","0.8412999510765076","0.8412999510765076"
"3103","1","1","1","1","1","1","0.43140000104904175","0.43140000104904175","0.43140000104904175","0.8592999577522278","0.8592999577522278","0.8592999577522278","1","1","1","1","1","1","0.430899977684021","0.430899977684021","0.430899977684021","0.8563999533653259","0.8563999533653259","0.8563999533653259","1","1","1","1","1","1","0.353300005197525","0.353300005197525","0.353300005197525","0.8392999768257141","0.8392999768257141","0.8392999768257141","1","1","1","1","1","1","0.3334999978542328","0.3334999978542328","0.3334999978542328","0.8389999866485596","0.8389999866485596","0.8389999866485596","1","1","1","1","1","1","0.3246999979019165","0.3246999979019165","0.3246999979019165","0.842199981212616","0.842199981212616","0.842199981212616"
"3114","1","1","1","1","1","1","0.42329999804496765","0.42329999804496765","0.42329999804496765","0.8554999828338623","0.8554999828338623","0.8554999828338623","1","1","1","1","1","1","0.4404999911785126","0.4404999911785126","0.4404999911785126","0.8570999503135681","0.8570999503135681","0.8570999503135681","1","1","1","1","1","1","0.3561999797821045","0.3561999797821045","0.3561999797821045","0.8402999639511108","0.8402999639511108","0.8402999639511108","1","1","1","1","1","1","0.3400000035762787","0.3400000035762787","0.3400000035762787","0.8423999547958374","0.8423999547958374","0.8423999547958374","1","1","1","1","1","1","0.31919997930526733","0.31919997930526733","0.31919997930526733","0.8402999639511108","0.8402999639511108","0.8402999639511108"
"3125","1","1","1","1","1","1","0.4332999885082245","0.4332999885082245","0.4332999885082245","0.8597999811172485","0.8597999811172485","0.8597999811172485","1","1","1","1","1","1","0.42559999227523804","0.42559999227523804","0.42559999227523804","0.8532999753952026","0.8532999753952026","0.8532999753952026","1","1","1","1","1","1","0.35259997844696045","0.35259997844696045","0.35259997844696045","0.839199960231781","0.839199960231781","0.839199960231781","1","1","1","1","1","1","0.3425999879837036","0.3425999879837036","0.3425999879837036","0.8416999578475952","0.8416999578475952","0.8416999578475952","1","1","1","1","1","1","0.3156999945640564","0.3156999945640564","0.3156999945640564","0.8392999768257141","0.8392999768257141","0.8392999768257141"
"3136","1","1","1","1","1","1","0.43639999628067017","0.43639999628067017","0.43639999628067017","0.85999995470047","0.85999995470047","0.85999995470047","1","1","1","1","1","1","0.4323999881744385","0.4323999881744385","0.4323999881744385","0.8557999730110168","0.8557999730110168","0.8557999730110168","1","1","1","1","1","1","0.3546999990940094","0.3546999990940094","0.3546999990940094","0.8393999934196472","0.8393999934196472","0.8393999934196472","1","1","1","1","1","1","0.3346000015735626","0.3346000015735626","0.3346000015735626","0.8416999578475952","0.8416999578475952","0.8416999578475952","1","1","1","1","1","1","0.30979999899864197","0.30979999899864197","0.30979999899864197","0.8380999565124512","0.8380999565124512","0.8380999565124512"
"3147","1","1","1","1","1","1","0.4276999831199646","0.4276999831199646","0.4276999831199646","0.8574000000953674","0.8574000000953674","0.8574000000953674","1","1","1","1","1","1","0.4278999865055084","0.4278999865055084","0.4278999865055084","0.8547999858856201","0.8547999858856201","0.8547999858856201","1","1","1","1","1","1","0.3561999797821045","0.3561999797821045","0.3561999797821045","0.840399980545044","0.840399980545044","0.840399980545044","1","1","1","1","1","1","0.33390000462532043","0.33390000462532043","0.33390000462532043","0.840399980545044","0.840399980545044","0.840399980545044","1","1","1","1","1","1","0.3091000020503998","0.3091000020503998","0.3091000020503998","0.837399959564209","0.837399959564209","0.837399959564209"
"3158","1","1","1","1","1","1","0.41519999504089355","0.41519999504089355","0.41519999504089355","0.8526999950408936","0.8526999950408936","0.8526999950408936","1","1","1","1","1","1","0.43779999017715454","0.43779999017715454","0.43779999017715454","0.858299970626831","0.858299970626831","0.858299970626831","1","1","1","1","1","1","0.3513999879360199","0.3513999879360199","0.3513999879360199","0.8409000039100647","0.8409000039100647","0.8409000039100647","1","1","1","1","1","1","0.3434999883174896","0.3434999883174896","0.3434999883174896","0.8417999744415283","0.8417999744415283","0.8417999744415283","1","1","1","1","1","1","0.3125","0.3125","0.3125","0.8375999927520752","0.8375999927520752","0.8375999927520752"
"3169","1","1","1","1","1","1","0.4350000023841858","0.4350000023841858","0.4350000023841858","0.8601999878883362","0.8601999878883362","0.8601999878883362","1","1","1","1","1","1","0.4333999752998352","0.4333999752998352","0.4333999752998352","0.8574000000953674","0.8574000000953674","0.8574000000953674","1","1","1","1","1","1","0.3528999984264374","0.3528999984264374","0.3528999984264374","0.8398000001907349","0.8398000001907349","0.8398000001907349","1","1","1","1","1","1","0.33139997720718384","0.33139997720718384","0.33139997720718384","0.8384999632835388","0.8384999632835388","0.8384999632835388","1","1","1","1","1","1","0.306799978017807","0.306799978017807","0.306799978017807","0.8367999792098999","0.8367999792098999","0.8367999792098999"
"3180","1","1","1","1","1","1","0.4269999861717224","0.4269999861717224","0.4269999861717224","0.856499969959259","0.856499969959259","0.856499969959259","1","1","1","1","1","1","0.42890000343322754","0.42890000343322754","0.42890000343322754","0.8572999835014343","0.8572999835014343","0.8572999835014343","1","1","1","1","1","1","0.35839998722076416","0.35839998722076416","0.35839998722076416","0.8405999541282654","0.8405999541282654","0.8405999541282654","1","1","1","1","1","1","0.33649998903274536","0.33649998903274536","0.33649998903274536","0.8422999978065491","0.8422999978065491","0.8422999978065491","1","1","1","1","1","1","0.3111000061035156","0.3111000061035156","0.3111000061035156","0.8384000062942505","0.8384000062942505","0.8384000062942505"
"3191","1","1","1","1","1","1","0.4318999946117401","0.4318999946117401","0.4318999946117401","0.8575999736785889","0.8575999736785889","0.8575999736785889","1","1","1","1","1","1","0.42479997873306274","0.42479997873306274","0.42479997873306274","0.8539999723434448","0.8539999723434448","0.8539999723434448","1","1","1","1","1","1","0.35349997878074646","0.35349997878074646","0.35349997878074646","0.8377999663352966","0.8377999663352966","0.8377999663352966","1","1","1","1","1","1","0.3423999845981598","0.3423999845981598","0.3423999845981598","0.8412999510765076","0.8412999510765076","0.8412999510765076","1","1","1","1","1","1","0.3179999887943268","0.3179999887943268","0.3179999887943268","0.8398000001907349","0.8398000001907349","0.8398000001907349"
"3202","1","1","1","1","1","1","0.43209999799728394","0.43209999799728394","0.43209999799728394","0.858299970626831","0.858299970626831","0.858299970626831","1","1","1","1","1","1","0.4333999752998352","0.4333999752998352","0.4333999752998352","0.858199954032898","0.858199954032898","0.858199954032898","1","1","1","1","1","1","0.3531999886035919","0.3531999886035919","0.3531999886035919","0.8398999571800232","0.8398999571800232","0.8398999571800232","1","1","1","1","1","1","0.3384000062942505","0.3384000062942505","0.3384000062942505","0.842199981212616","0.842199981212616","0.842199981212616","1","1","1","1","1","1","0.31349998712539673","0.31349998712539673","0.31349998712539673","0.8385999798774719","0.8385999798774719","0.8385999798774719"
"3213","1","1","1","1","1","1","0.43149998784065247","0.43149998784065247","0.43149998784065247","0.858299970626831","0.858299970626831","0.858299970626831","1","1","1","1","1","1","0.4283999800682068","0.4283999800682068","0.4283999800682068","0.8578999638557434","0.8578999638557434","0.8578999638557434","1","1","1","1","1","1","0.35920000076293945","0.35920000076293945","0.35920000076293945","0.8395999670028687","0.8395999670028687","0.8395999670028687","1","1","1","1","1","1","0.3312000036239624","0.3312000036239624","0.3312000036239624","0.8424999713897705","0.8424999713897705","0.8424999713897705","1","1","1","1","1","1","0.3278999924659729","0.3278999924659729","0.3278999924659729","0.842199981212616","0.842199981212616","0.842199981212616"
"3224","1","1","1","1","1","1","0.4258999824523926","0.4258999824523926","0.4258999824523926","0.8560999631881714","0.8560999631881714","0.8560999631881714","1","1","1","1","1","1","0.4366999864578247","0.4366999864578247","0.4366999864578247","0.8601999878883362","0.8601999878883362","0.8601999878883362","1","1","1","1","1","1","0.3536999821662903","0.3536999821662903","0.3536999821662903","0.8389999866485596","0.8389999866485596","0.8389999866485596","1","1","1","1","1","1","0.33799999952316284","0.33799999952316284","0.33799999952316284","0.8435999751091003","0.8435999751091003","0.8435999751091003","1","1","1","1","1","1","0.31949999928474426","0.31949999928474426","0.31949999928474426","0.840399980545044","0.840399980545044","0.840399980545044"
"3235","1","1","1","1","1","1","0.43149998784065247","0.43149998784065247","0.43149998784065247","0.8571999669075012","0.8571999669075012","0.8571999669075012","1","1","1","1","1","1","0.4462999999523163","0.4462999999523163","0.4462999999523163","0.8622999787330627","0.8622999787330627","0.8622999787330627","1","1","1","1","1","1","0.3513000011444092","0.3513000011444092","0.3513000011444092","0.8370999693870544","0.8370999693870544","0.8370999693870544","1","1","1","1","1","1","0.33069998025894165","0.33069998025894165","0.33069998025894165","0.8411999940872192","0.8411999940872192","0.8411999940872192","1","1","1","1","1","1","0.32679998874664307","0.32679998874664307","0.32679998874664307","0.8410999774932861","0.8410999774932861","0.8410999774932861"
"3246","1","1","1","1","1","1","0.43199998140335083","0.43199998140335083","0.43199998140335083","0.8590999841690063","0.8590999841690063","0.8590999841690063","1","1","1","1","1","1","0.4510999917984009","0.4510999917984009","0.4510999917984009","0.8639000058174133","0.8639000058174133","0.8639000058174133","1","1","1","1","1","1","0.3452000021934509","0.3452000021934509","0.3452000021934509","0.8351999521255493","0.8351999521255493","0.8351999521255493","1","1","1","1","1","1","0.33969998359680176","0.33969998359680176","0.33969998359680176","0.8416999578475952","0.8416999578475952","0.8416999578475952","1","1","1","1","1","1","0.3312999904155731","0.3312999904155731","0.3312999904155731","0.8424999713897705","0.8424999713897705","0.8424999713897705"
"3257","1","1","1","1","1","1","0.42309999465942383","0.42309999465942383","0.42309999465942383","0.8549999594688416","0.8549999594688416","0.8549999594688416","1","1","1","1","1","1","0.4518999755382538","0.4518999755382538","0.4518999755382538","0.8616999983787537","0.8616999983787537","0.8616999983787537","1","1","1","1","1","1","0.3529999852180481","0.3529999852180481","0.3529999852180481","0.8379999995231628","0.8379999995231628","0.8379999995231628","1","1","1","1","1","1","0.3025999963283539","0.3025999963283539","0.3025999963283539","0.833899974822998","0.833899974822998","0.833899974822998","1","1","1","1","1","1","0.31689998507499695","0.31689998507499695","0.31689998507499695","0.8398000001907349","0.8398000001907349","0.8398000001907349"
"3268","1","1","1","1","1","1","0.4205999970436096","0.4205999970436096","0.4205999970436096","0.8539999723434448","0.8539999723434448","0.8539999723434448","1","1","1","1","1","1","0.468999981880188","0.468999981880188","0.468999981880188","0.8650999665260315","0.8650999665260315","0.8650999665260315","1","1","1","1","1","1","0.34869998693466187","0.34869998693466187","0.34869998693466187","0.8359000086784363","0.8359000086784363","0.8359000086784363","1","1","1","1","1","1","0.32429999113082886","0.32429999113082886","0.32429999113082886","0.840399980545044","0.840399980545044","0.840399980545044","1","1","1","1","1","1","0.31869998574256897","0.31869998574256897","0.31869998574256897","0.8396999835968018","0.8396999835968018","0.8396999835968018"
"3279","1","1","1","1","1","1","0.4334999918937683","0.4334999918937683","0.4334999918937683","0.8590999841690063","0.8590999841690063","0.8590999841690063","1","1","1","1","1","1","0.4553999900817871","0.4553999900817871","0.4553999900817871","0.861799955368042","0.861799955368042","0.861799955368042","1","1","1","1","1","1","0.34529998898506165","0.34529998898506165","0.34529998898506165","0.8359000086784363","0.8359000086784363","0.8359000086784363","1","1","1","1","1","1","0.3249000012874603","0.3249000012874603","0.3249000012874603","0.839199960231781","0.839199960231781","0.839199960231781","1","1","1","1","1","1","0.3157999813556671","0.3157999813556671","0.3157999813556671","0.8387999534606934","0.8387999534606934","0.8387999534606934"
"3290","1","1","1","1","1","1","0.42829999327659607","0.42829999327659607","0.42829999327659607","0.8574000000953674","0.8574000000953674","0.8574000000953674","1","1","1","1","1","1","0.46209999918937683","0.46209999918937683","0.46209999918937683","0.8628999590873718","0.8628999590873718","0.8628999590873718","1","1","1","1","1","1","0.3538999855518341","0.3538999855518341","0.3538999855518341","0.8388999700546265","0.8388999700546265","0.8388999700546265","1","1","1","1","1","1","0.3375999927520752","0.3375999927520752","0.3375999927520752","0.8418999910354614","0.8418999910354614","0.8418999910354614","1","1","1","1","1","1","0.3269999921321869","0.3269999921321869","0.3269999921321869","0.8406999707221985","0.8406999707221985","0.8406999707221985"
"3301","1","1","1","1","1","1","0.4291999936103821","0.4291999936103821","0.4291999936103821","0.8574000000953674","0.8574000000953674","0.8574000000953674","1","1","1","1","1","1","0.45170000195503235","0.45170000195503235","0.45170000195503235","0.8607999682426453","0.8607999682426453","0.8607999682426453","1","1","1","1","1","1","0.3538999855518341","0.3538999855518341","0.3538999855518341","0.8400999903678894","0.8400999903678894","0.8400999903678894","1","1","1","1","1","1","0.33559998869895935","0.33559998869895935","0.33559998869895935","0.8412999510765076","0.8412999510765076","0.8412999510765076","1","1","1","1","1","1","0.32690000534057617","0.32690000534057617","0.32690000534057617","0.840999960899353","0.840999960899353","0.840999960899353"
"3312","1","1","1","1","1","1","0.42649999260902405","0.42649999260902405","0.42649999260902405","0.854699969291687","0.854699969291687","0.854699969291687","1","1","1","1","1","1","0.46289998292922974","0.46289998292922974","0.46289998292922974","0.8654999732971191","0.8654999732971191","0.8654999732971191","1","1","1","1","1","1","0.3588999807834625","0.3588999807834625","0.3588999807834625","0.8399999737739563","0.8399999737739563","0.8399999737739563","1","1","1","1","1","1","0.34209999442100525","0.34209999442100525","0.34209999442100525","0.8438000082969666","0.8438000082969666","0.8438000082969666","1","1","1","1","1","1","0.3319000005722046","0.3319000005722046","0.3319000005722046","0.842799961566925","0.842799961566925","0.842799961566925"
"3323","1","1","1","1","1","1","0.4323999881744385","0.4323999881744385","0.4323999881744385","0.8568999767303467","0.8568999767303467","0.8568999767303467","1","1","1","1","1","1","0.4624999761581421","0.4624999761581421","0.4624999761581421","0.8649999499320984","0.8649999499320984","0.8649999499320984","1","1","1","1","1","1","0.3549000024795532","0.3549000024795532","0.3549000024795532","0.8393999934196472","0.8393999934196472","0.8393999934196472","1","1","1","1","1","1","0.34360000491142273","0.34360000491142273","0.34360000491142273","0.8450999855995178","0.8450999855995178","0.8450999855995178","1","1","1","1","1","1","0.3224000036716461","0.3224000036716461","0.3224000036716461","0.8393999934196472","0.8393999934196472","0.8393999934196472"
"3334","1","1","1","1","1","1","0.4285999834537506","0.4285999834537506","0.4285999834537506","0.8567000031471252","0.8567000031471252","0.8567000031471252","1","1","1","1","1","1","0.4578999876976013","0.4578999876976013","0.4578999876976013","0.8639999628067017","0.8639999628067017","0.8639999628067017","1","1","1","1","1","1","0.3571999967098236","0.3571999967098236","0.3571999967098236","0.8384000062942505","0.8384000062942505","0.8384000062942505","1","1","1","1","1","1","0.33959999680519104","0.33959999680519104","0.33959999680519104","0.8452999591827393","0.8452999591827393","0.8452999591827393","1","1","1","1","1","1","0.31139999628067017","0.31139999628067017","0.31139999628067017","0.835599958896637","0.835599958896637","0.835599958896637"
"3345","1","1","1","1","1","1","0.43129998445510864","0.43129998445510864","0.43129998445510864","0.8578000068664551","0.8578000068664551","0.8578000068664551","1","1","1","1","1","1","0.4545999765396118","0.4545999765396118","0.4545999765396118","0.863099992275238","0.863099992275238","0.863099992275238","1","1","1","1","1","1","0.3604999780654907","0.3604999780654907","0.3604999780654907","0.8398999571800232","0.8398999571800232","0.8398999571800232","1","1","1","1","1","1","0.33390000462532043","0.33390000462532043","0.33390000462532043","0.8445999622344971","0.8445999622344971","0.8445999622344971","1","1","1","1","1","1","0.31459999084472656","0.31459999084472656","0.31459999084472656","0.836899995803833","0.836899995803833","0.836899995803833"
"3356","1","1","1","1","1","1","0.4296000003814697","0.4296000003814697","0.4296000003814697","0.8567999601364136","0.8567999601364136","0.8567999601364136","1","1","1","1","1","1","0.45339998602867126","0.45339998602867126","0.45339998602867126","0.8644999861717224","0.8644999861717224","0.8644999861717224","1","1","1","1","1","1","0.36800000071525574","0.36800000071525574","0.36800000071525574","0.8411999940872192","0.8411999940872192","0.8411999940872192","1","1","1","1","1","1","0.3304999768733978","0.3304999768733978","0.3304999768733978","0.8412999510765076","0.8412999510765076","0.8412999510765076","1","1","1","1","1","1","0.3114999830722809","0.3114999830722809","0.3114999830722809","0.8373000025749207","0.8373000025749207","0.8373000025749207"
"3367","1","1","1","1","1","1","0.4293999969959259","0.4293999969959259","0.4293999969959259","0.8578000068664551","0.8578000068664551","0.8578000068664551","1","1","1","1","1","1","0.4502999782562256","0.4502999782562256","0.4502999782562256","0.8639000058174133","0.8639000058174133","0.8639000058174133","1","1","1","1","1","1","0.3659999966621399","0.3659999966621399","0.3659999966621399","0.8416000008583069","0.8416000008583069","0.8416000008583069","1","1","1","1","1","1","0.3349999785423279","0.3349999785423279","0.3349999785423279","0.8406999707221985","0.8406999707221985","0.8406999707221985","1","1","1","1","1","1","0.30959999561309814","0.30959999561309814","0.30959999561309814","0.8356999754905701","0.8356999754905701","0.8356999754905701"
"3378","1","1","1","1","1","1","0.42890000343322754","0.42890000343322754","0.42890000343322754","0.8574000000953674","0.8574000000953674","0.8574000000953674","1","1","1","1","1","1","0.44509997963905334","0.44509997963905334","0.44509997963905334","0.8610000014305115","0.8610000014305115","0.8610000014305115","1","1","1","1","1","1","0.3596999943256378","0.3596999943256378","0.3596999943256378","0.840499997138977","0.840499997138977","0.840499997138977","1","1","1","1","1","1","0.3346000015735626","0.3346000015735626","0.3346000015735626","0.8393999934196472","0.8393999934196472","0.8393999934196472","1","1","1","1","1","1","0.31540000438690186","0.31540000438690186","0.31540000438690186","0.8366000056266785","0.8366000056266785","0.8366000056266785"
"3389","1","1","1","1","1","1","0.43619999289512634","0.43619999289512634","0.43619999289512634","0.8579999804496765","0.8579999804496765","0.8579999804496765","1","1","1","1","1","1","0.4585999846458435","0.4585999846458435","0.4585999846458435","0.864799976348877","0.864799976348877","0.864799976348877","1","1","1","1","1","1","0.3538999855518341","0.3538999855518341","0.3538999855518341","0.8394999504089355","0.8394999504089355","0.8394999504089355","1","1","1","1","1","1","0.3172000050544739","0.3172000050544739","0.3172000050544739","0.8357999920845032","0.8357999920845032","0.8357999920845032","1","1","1","1","1","1","0.31759998202323914","0.31759998202323914","0.31759998202323914","0.8380999565124512","0.8380999565124512","0.8380999565124512"
"3400","1","1","1","1","1","1","0.43459999561309814","0.43459999561309814","0.43459999561309814","0.8569999933242798","0.8569999933242798","0.8569999933242798","1","1","1","1","1","1","0.45249998569488525","0.45249998569488525","0.45249998569488525","0.8621000051498413","0.8621000051498413","0.8621000051498413","1","1","1","1","1","1","0.35599997639656067","0.35599997639656067","0.35599997639656067","0.8396999835968018","0.8396999835968018","0.8396999835968018","1","1","1","1","1","1","0.32099997997283936","0.32099997997283936","0.32099997997283936","0.8369999527931213","0.8369999527931213","0.8369999527931213","1","1","1","1","1","1","0.3164999783039093","0.3164999783039093","0.3164999783039093","0.8374999761581421","0.8374999761581421","0.8374999761581421"
"3411","1","1","1","1","1","1","0.4333999752998352","0.4333999752998352","0.4333999752998352","0.8568999767303467","0.8568999767303467","0.8568999767303467","1","1","1","1","1","1","0.46309998631477356","0.46309998631477356","0.46309998631477356","0.8664000034332275","0.8664000034332275","0.8664000034332275","1","1","1","1","1","1","0.35349997878074646","0.35349997878074646","0.35349997878074646","0.8398999571800232","0.8398999571800232","0.8398999571800232","1","1","1","1","1","1","0.31619998812675476","0.31619998812675476","0.31619998812675476","0.835099995136261","0.835099995136261","0.835099995136261","1","1","1","1","1","1","0.3245999813079834","0.3245999813079834","0.3245999813079834","0.839199960231781","0.839199960231781","0.839199960231781"
"3422","1","1","1","1","1","1","0.4341999888420105","0.4341999888420105","0.4341999888420105","0.8563999533653259","0.8563999533653259","0.8563999533653259","1","1","1","1","1","1","0.45879998803138733","0.45879998803138733","0.45879998803138733","0.8662999868392944","0.8662999868392944","0.8662999868392944","1","1","1","1","1","1","0.35920000076293945","0.35920000076293945","0.35920000076293945","0.8409000039100647","0.8409000039100647","0.8409000039100647","1","1","1","1","1","1","0.3197000026702881","0.3197000026702881","0.3197000026702881","0.8362999558448792","0.8362999558448792","0.8362999558448792","1","1","1","1","1","1","0.3254999816417694","0.3254999816417694","0.3254999816417694","0.840399980545044","0.840399980545044","0.840399980545044"
"3433","1","1","1","1","1","1","0.43639999628067017","0.43639999628067017","0.43639999628067017","0.8578999638557434","0.8578999638557434","0.8578999638557434","1","1","1","1","1","1","0.4764999747276306","0.4764999747276306","0.4764999747276306","0.870199978351593","0.870199978351593","0.870199978351593","1","1","1","1","1","1","0.34929999709129333","0.34929999709129333","0.34929999709129333","0.8364999890327454","0.8364999890327454","0.8364999890327454","1","1","1","1","1","1","0.32189998030662537","0.32189998030662537","0.32189998030662537","0.8359000086784363","0.8359000086784363","0.8359000086784363","1","1","1","1","1","1","0.32899999618530273","0.32899999618530273","0.32899999618530273","0.8398000001907349","0.8398000001907349","0.8398000001907349"
"3444","1","1","1","1","1","1","0.4348999857902527","0.4348999857902527","0.4348999857902527","0.8578000068664551","0.8578000068664551","0.8578000068664551","1","1","1","1","1","1","0.4700999855995178","0.4700999855995178","0.4700999855995178","0.8700000047683716","0.8700000047683716","0.8700000047683716","1","1","1","1","1","1","0.34549999237060547","0.34549999237060547","0.34549999237060547","0.836899995803833","0.836899995803833","0.836899995803833","1","1","1","1","1","1","0.3206999897956848","0.3206999897956848","0.3206999897956848","0.8366000056266785","0.8366000056266785","0.8366000056266785","1","1","1","1","1","1","0.3262999951839447","0.3262999951839447","0.3262999951839447","0.8398000001907349","0.8398000001907349","0.8398000001907349"
"3455","1","1","1","1","1","1","0.4245999753475189","0.4245999753475189","0.4245999753475189","0.8542999625205994","0.8542999625205994","0.8542999625205994","1","1","1","1","1","1","0.46309998631477356","0.46309998631477356","0.46309998631477356","0.8676999807357788","0.8676999807357788","0.8676999807357788","1","1","1","1","1","1","0.3511999845504761","0.3511999845504761","0.3511999845504761","0.8381999731063843","0.8381999731063843","0.8381999731063843","1","1","1","1","1","1","0.3244999945163727","0.3244999945163727","0.3244999945163727","0.8375999927520752","0.8375999927520752","0.8375999927520752","1","1","1","1","1","1","0.3149999976158142","0.3149999976158142","0.3149999976158142","0.8371999859809875","0.8371999859809875","0.8371999859809875"
"3466","1","1","1","1","1","1","0.4315999746322632","0.4315999746322632","0.4315999746322632","0.8571999669075012","0.8571999669075012","0.8571999669075012","1","1","1","1","1","1","0.46299999952316284","0.46299999952316284","0.46299999952316284","0.8689999580383301","0.8689999580383301","0.8689999580383301","1","1","1","1","1","1","0.350600004196167","0.350600004196167","0.350600004196167","0.837399959564209","0.837399959564209","0.837399959564209","1","1","1","1","1","1","0.31700000166893005","0.31700000166893005","0.31700000166893005","0.8380999565124512","0.8380999565124512","0.8380999565124512","1","1","1","1","1","1","0.3114999830722809","0.3114999830722809","0.3114999830722809","0.8361999988555908","0.8361999988555908","0.8361999988555908"
"3477","1","1","1","1","1","1","0.42819997668266296","0.42819997668266296","0.42819997668266296","0.8561999797821045","0.8561999797821045","0.8561999797821045","1","1","1","1","1","1","0.4499000012874603","0.4499000012874603","0.4499000012874603","0.8641999959945679","0.8641999959945679","0.8641999959945679","1","1","1","1","1","1","0.351500004529953","0.351500004529953","0.351500004529953","0.8379999995231628","0.8379999995231628","0.8379999995231628","1","1","1","1","1","1","0.322299987077713","0.322299987077713","0.322299987077713","0.838699996471405","0.838699996471405","0.838699996471405","1","1","1","1","1","1","0.3172999918460846","0.3172999918460846","0.3172999918460846","0.8373000025749207","0.8373000025749207","0.8373000025749207"
"3488","1","1","1","1","1","1","0.4309999942779541","0.4309999942779541","0.4309999942779541","0.8587999939918518","0.8587999939918518","0.8587999939918518","1","1","1","1","1","1","0.47259998321533203","0.47259998321533203","0.47259998321533203","0.8689000010490417","0.8689000010490417","0.8689000010490417","1","1","1","1","1","1","0.35189998149871826","0.35189998149871826","0.35189998149871826","0.8379999995231628","0.8379999995231628","0.8379999995231628","1","1","1","1","1","1","0.32089999318122864","0.32089999318122864","0.32089999318122864","0.8380999565124512","0.8380999565124512","0.8380999565124512","1","1","1","1","1","1","0.31630000472068787","0.31630000472068787","0.31630000472068787","0.8388999700546265","0.8388999700546265","0.8388999700546265"
"3499","1","1","1","1","1","1","0.4284999966621399","0.4284999966621399","0.4284999966621399","0.8572999835014343","0.8572999835014343","0.8572999835014343","1","1","1","1","1","1","0.47349998354911804","0.47349998354911804","0.47349998354911804","0.8689000010490417","0.8689000010490417","0.8689000010490417","1","1","1","1","1","1","0.35599997639656067","0.35599997639656067","0.35599997639656067","0.8394999504089355","0.8394999504089355","0.8394999504089355","1","1","1","1","1","1","0.3215999901294708","0.3215999901294708","0.3215999901294708","0.8384999632835388","0.8384999632835388","0.8384999632835388","1","1","1","1","1","1","0.3172999918460846","0.3172999918460846","0.3172999918460846","0.8375999927520752","0.8375999927520752","0.8375999927520752"
"3510","1","1","1","1","1","1","0.42829999327659607","0.42829999327659607","0.42829999327659607","0.8562999963760376","0.8562999963760376","0.8562999963760376","1","1","1","1","1","1","0.4562999904155731","0.4562999904155731","0.4562999904155731","0.8661999702453613","0.8661999702453613","0.8661999702453613","1","1","1","1","1","1","0.3522999882698059","0.3522999882698059","0.3522999882698059","0.8377999663352966","0.8377999663352966","0.8377999663352966","1","1","1","1","1","1","0.31200000643730164","0.31200000643730164","0.31200000643730164","0.8351999521255493","0.8351999521255493","0.8351999521255493","1","1","1","1","1","1","0.3181999921798706","0.3181999921798706","0.3181999921798706","0.8376999497413635","0.8376999497413635","0.8376999497413635"
"3521","1","1","1","1","1","1","0.4275999963283539","0.4275999963283539","0.4275999963283539","0.8563999533653259","0.8563999533653259","0.8563999533653259","1","1","1","1","1","1","0.4616999924182892","0.4616999924182892","0.4616999924182892","0.8641999959945679","0.8641999959945679","0.8641999959945679","1","1","1","1","1","1","0.3643999993801117","0.3643999993801117","0.3643999993801117","0.8412999510765076","0.8412999510765076","0.8412999510765076","1","1","1","1","1","1","0.31929999589920044","0.31929999589920044","0.31929999589920044","0.8373000025749207","0.8373000025749207","0.8373000025749207","1","1","1","1","1","1","0.31599998474121094","0.31599998474121094","0.31599998474121094","0.8382999897003174","0.8382999897003174","0.8382999897003174"
"3532","1","1","1","1","1","1","0.43140000104904175","0.43140000104904175","0.43140000104904175","0.8592000007629395","0.8592000007629395","0.8592000007629395","1","1","1","1","1","1","0.46299999952316284","0.46299999952316284","0.46299999952316284","0.8660999536514282","0.8660999536514282","0.8660999536514282","1","1","1","1","1","1","0.3481999933719635","0.3481999933719635","0.3481999933719635","0.8379999995231628","0.8379999995231628","0.8379999995231628","1","1","1","1","1","1","0.30789998173713684","0.30789998173713684","0.30789998173713684","0.8348999619483948","0.8348999619483948","0.8348999619483948","1","1","1","1","1","1","0.30820000171661377","0.30820000171661377","0.30820000171661377","0.8355000019073486","0.8355000019073486","0.8355000019073486"
"3543","1","1","1","1","1","1","0.4277999997138977","0.4277999997138977","0.4277999997138977","0.8592999577522278","0.8592999577522278","0.8592999577522278","1","1","1","1","1","1","0.4520999789237976","0.4520999789237976","0.4520999789237976","0.863099992275238","0.863099992275238","0.863099992275238","1","1","1","1","1","1","0.3489999771118164","0.3489999771118164","0.3489999771118164","0.8385999798774719","0.8385999798774719","0.8385999798774719","1","1","1","1","1","1","0.3091000020503998","0.3091000020503998","0.3091000020503998","0.8352999687194824","0.8352999687194824","0.8352999687194824","1","1","1","1","1","1","0.3227999806404114","0.3227999806404114","0.3227999806404114","0.8384999632835388","0.8384999632835388","0.8384999632835388"
"3554","1","1","1","1","1","1","0.4212999939918518","0.4212999939918518","0.4212999939918518","0.8557999730110168","0.8557999730110168","0.8557999730110168","1","1","1","1","1","1","0.4537999927997589","0.4537999927997589","0.4537999927997589","0.865399956703186","0.865399956703186","0.865399956703186","1","1","1","1","1","1","0.3537999987602234","0.3537999987602234","0.3537999987602234","0.8398999571800232","0.8398999571800232","0.8398999571800232","1","1","1","1","1","1","0.3057999908924103","0.3057999908924103","0.3057999908924103","0.8353999853134155","0.8353999853134155","0.8353999853134155","1","1","1","1","1","1","0.31450000405311584","0.31450000405311584","0.31450000405311584","0.8364999890327454","0.8364999890327454","0.8364999890327454"
"3565","1","1","1","1","1","1","0.4283999800682068","0.4283999800682068","0.4283999800682068","0.8567000031471252","0.8567000031471252","0.8567000031471252","1","1","1","1","1","1","0.46299999952316284","0.46299999952316284","0.46299999952316284","0.8652999997138977","0.8652999997138977","0.8652999997138977","1","1","1","1","1","1","0.3531000018119812","0.3531000018119812","0.3531000018119812","0.8394999504089355","0.8394999504089355","0.8394999504089355","1","1","1","1","1","1","0.3118000030517578","0.3118000030517578","0.3118000030517578","0.8374999761581421","0.8374999761581421","0.8374999761581421","1","1","1","1","1","1","0.3139999806880951","0.3139999806880951","0.3139999806880951","0.8367999792098999","0.8367999792098999","0.8367999792098999"
"3576","1","1","1","1","1","1","0.42719998955726624","0.42719998955726624","0.42719998955726624","0.8574999570846558","0.8574999570846558","0.8574999570846558","1","1","1","1","1","1","0.46639999747276306","0.46639999747276306","0.46639999747276306","0.8671999573707581","0.8671999573707581","0.8671999573707581","1","1","1","1","1","1","0.337799996137619","0.337799996137619","0.337799996137619","0.835099995136261","0.835099995136261","0.835099995136261","1","1","1","1","1","1","0.3114999830722809","0.3114999830722809","0.3114999830722809","0.8362999558448792","0.8362999558448792","0.8362999558448792","1","1","1","1","1","1","0.3109000027179718","0.3109000027179718","0.3109000027179718","0.8359999656677246","0.8359999656677246","0.8359999656677246"
"3587","1","1","1","1","1","1","0.41749998927116394","0.41749998927116394","0.41749998927116394","0.8539999723434448","0.8539999723434448","0.8539999723434448","1","1","1","1","1","1","0.4650999903678894","0.4650999903678894","0.4650999903678894","0.8673999905586243","0.8673999905586243","0.8673999905586243","1","1","1","1","1","1","0.3434999883174896","0.3434999883174896","0.3434999883174896","0.8369999527931213","0.8369999527931213","0.8369999527931213","1","1","1","1","1","1","0.3102000057697296","0.3102000057697296","0.3102000057697296","0.8359000086784363","0.8359000086784363","0.8359000086784363","1","1","1","1","1","1","0.31759998202323914","0.31759998202323914","0.31759998202323914","0.8388999700546265","0.8388999700546265","0.8388999700546265"
"3598","1","1","1","1","1","1","0.42489999532699585","0.42489999532699585","0.42489999532699585","0.8561999797821045","0.8561999797821045","0.8561999797821045","1","1","1","1","1","1","0.45479997992515564","0.45479997992515564","0.45479997992515564","0.8639999628067017","0.8639999628067017","0.8639999628067017","1","1","1","1","1","1","0.3434000015258789","0.3434000015258789","0.3434000015258789","0.8366999626159668","0.8366999626159668","0.8366999626159668","1","1","1","1","1","1","0.3061999976634979","0.3061999976634979","0.3061999976634979","0.8339999914169312","0.8339999914169312","0.8339999914169312","1","1","1","1","1","1","0.3245999813079834","0.3245999813079834","0.3245999813079834","0.8398000001907349","0.8398000001907349","0.8398000001907349"
"3609","1","1","1","1","1","1","0.4227999746799469","0.4227999746799469","0.4227999746799469","0.8560999631881714","0.8560999631881714","0.8560999631881714","1","1","1","1","1","1","0.4502999782562256","0.4502999782562256","0.4502999782562256","0.8637999892234802","0.8637999892234802","0.8637999892234802","1","1","1","1","1","1","0.3416999876499176","0.3416999876499176","0.3416999876499176","0.8353999853134155","0.8353999853134155","0.8353999853134155","1","1","1","1","1","1","0.307699978351593","0.307699978351593","0.307699978351593","0.8339999914169312","0.8339999914169312","0.8339999914169312","1","1","1","1","1","1","0.3148999810218811","0.3148999810218811","0.3148999810218811","0.8363999724388123","0.8363999724388123","0.8363999724388123"
"3620","1","1","1","1","1","1","0.4226999878883362","0.4226999878883362","0.4226999878883362","0.856499969959259","0.856499969959259","0.856499969959259","1","1","1","1","1","1","0.4511999785900116","0.4511999785900116","0.4511999785900116","0.8655999898910522","0.8655999898910522","0.8655999898910522","1","1","1","1","1","1","0.34860000014305115","0.34860000014305115","0.34860000014305115","0.8385999798774719","0.8385999798774719","0.8385999798774719","1","1","1","1","1","1","0.3000999987125397","0.3000999987125397","0.3000999987125397","0.8331999778747559","0.8331999778747559","0.8331999778747559","1","1","1","1","1","1","0.3157999813556671","0.3157999813556671","0.3157999813556671","0.8376999497413635","0.8376999497413635","0.8376999497413635"
"3631","1","1","1","1","1","1","0.4293999969959259","0.4293999969959259","0.4293999969959259","0.8575999736785889","0.8575999736785889","0.8575999736785889","1","1","1","1","1","1","0.4509999752044678","0.4509999752044678","0.4509999752044678","0.8634999990463257","0.8634999990463257","0.8634999990463257","1","1","1","1","1","1","0.3312000036239624","0.3312000036239624","0.3312000036239624","0.835099995136261","0.835099995136261","0.835099995136261","1","1","1","1","1","1","0.31299999356269836","0.31299999356269836","0.31299999356269836","0.8345999717712402","0.8345999717712402","0.8345999717712402","1","1","1","1","1","1","0.3263999819755554","0.3263999819755554","0.3263999819755554","0.8389999866485596","0.8389999866485596","0.8389999866485596"
"3642","1","1","1","1","1","1","0.41449999809265137","0.41449999809265137","0.41449999809265137","0.850600004196167","0.850600004196167","0.850600004196167","1","1","1","1","1","1","0.4502999782562256","0.4502999782562256","0.4502999782562256","0.8629999756813049","0.8629999756813049","0.8629999756813049","1","1","1","1","1","1","0.3482999801635742","0.3482999801635742","0.3482999801635742","0.8374999761581421","0.8374999761581421","0.8374999761581421","1","1","1","1","1","1","0.32019999623298645","0.32019999623298645","0.32019999623298645","0.8369999527931213","0.8369999527931213","0.8369999527931213","1","1","1","1","1","1","0.3212999999523163","0.3212999999523163","0.3212999999523163","0.8373000025749207","0.8373000025749207","0.8373000025749207"
"3653","1","1","1","1","1","1","0.4260999858379364","0.4260999858379364","0.4260999858379364","0.8567999601364136","0.8567999601364136","0.8567999601364136","1","1","1","1","1","1","0.45659998059272766","0.45659998059272766","0.45659998059272766","0.8644999861717224","0.8644999861717224","0.8644999861717224","1","1","1","1","1","1","0.35019999742507935","0.35019999742507935","0.35019999742507935","0.8361999988555908","0.8361999988555908","0.8361999988555908","1","1","1","1","1","1","0.31939998269081116","0.31939998269081116","0.31939998269081116","0.8370999693870544","0.8370999693870544","0.8370999693870544","1","1","1","1","1","1","0.3188000023365021","0.3188000023365021","0.3188000023365021","0.8374999761581421","0.8374999761581421","0.8374999761581421"
"3664","1","1","1","1","1","1","0.4258999824523926","0.4258999824523926","0.4258999824523926","0.8572999835014343","0.8572999835014343","0.8572999835014343","1","1","1","1","1","1","0.45619997382164","0.45619997382164","0.45619997382164","0.8658999800682068","0.8658999800682068","0.8658999800682068","1","1","1","1","1","1","0.35259997844696045","0.35259997844696045","0.35259997844696045","0.8376999497413635","0.8376999497413635","0.8376999497413635","1","1","1","1","1","1","0.3222000002861023","0.3222000002861023","0.3222000002861023","0.8359000086784363","0.8359000086784363","0.8359000086784363","1","1","1","1","1","1","0.3279999792575836","0.3279999792575836","0.3279999792575836","0.8384999632835388","0.8384999632835388","0.8384999632835388"
"3675","1","1","1","1","1","1","0.42409998178482056","0.42409998178482056","0.42409998178482056","0.8578000068664551","0.8578000068664551","0.8578000068664551","1","1","1","1","1","1","0.4544000029563904","0.4544000029563904","0.4544000029563904","0.8644999861717224","0.8644999861717224","0.8644999861717224","1","1","1","1","1","1","0.3536999821662903","0.3536999821662903","0.3536999821662903","0.8382999897003174","0.8382999897003174","0.8382999897003174","1","1","1","1","1","1","0.33550000190734863","0.33550000190734863","0.33550000190734863","0.8391000032424927","0.8391000032424927","0.8391000032424927","1","1","1","1","1","1","0.32009997963905334","0.32009997963905334","0.32009997963905334","0.8396999835968018","0.8396999835968018","0.8396999835968018"
"3686","1","1","1","1","1","1","0.4250999987125397","0.4250999987125397","0.4250999987125397","0.8568999767303467","0.8568999767303467","0.8568999767303467","1","1","1","1","1","1","0.45339998602867126","0.45339998602867126","0.45339998602867126","0.8639999628067017","0.8639999628067017","0.8639999628067017","1","1","1","1","1","1","0.35019999742507935","0.35019999742507935","0.35019999742507935","0.8371999859809875","0.8371999859809875","0.8371999859809875","1","1","1","1","1","1","0.3304999768733978","0.3304999768733978","0.3304999768733978","0.8384999632835388","0.8384999632835388","0.8384999632835388","1","1","1","1","1","1","0.3130999803543091","0.3130999803543091","0.3130999803543091","0.8384999632835388","0.8384999632835388","0.8384999632835388"
"3697","1","1","1","1","1","1","0.42739999294281006","0.42739999294281006","0.42739999294281006","0.8563999533653259","0.8563999533653259","0.8563999533653259","1","1","1","1","1","1","0.44999998807907104","0.44999998807907104","0.44999998807907104","0.8621000051498413","0.8621000051498413","0.8621000051498413","1","1","1","1","1","1","0.3578999936580658","0.3578999936580658","0.3578999936580658","0.8395999670028687","0.8395999670028687","0.8395999670028687","1","1","1","1","1","1","0.3181999921798706","0.3181999921798706","0.3181999921798706","0.8359999656677246","0.8359999656677246","0.8359999656677246","1","1","1","1","1","1","0.31839999556541443","0.31839999556541443","0.31839999556541443","0.8384999632835388","0.8384999632835388","0.8384999632835388"
"3708","1","1","1","1","1","1","0.432699978351593","0.432699978351593","0.432699978351593","0.858299970626831","0.858299970626831","0.858299970626831","1","1","1","1","1","1","0.4537999927997589","0.4537999927997589","0.4537999927997589","0.8622999787330627","0.8622999787330627","0.8622999787330627","1","1","1","1","1","1","0.3569999933242798","0.3569999933242798","0.3569999933242798","0.8394999504089355","0.8394999504089355","0.8394999504089355","1","1","1","1","1","1","0.3125999867916107","0.3125999867916107","0.3125999867916107","0.8361999988555908","0.8361999988555908","0.8361999988555908","1","1","1","1","1","1","0.3147999942302704","0.3147999942302704","0.3147999942302704","0.8371999859809875","0.8371999859809875","0.8371999859809875"
"3719","1","1","1","1","1","1","0.42980000376701355","0.42980000376701355","0.42980000376701355","0.8587999939918518","0.8587999939918518","0.8587999939918518","1","1","1","1","1","1","0.45170000195503235","0.45170000195503235","0.45170000195503235","0.8626999855041504","0.8626999855041504","0.8626999855041504","1","1","1","1","1","1","0.3546999990940094","0.3546999990940094","0.3546999990940094","0.839199960231781","0.839199960231781","0.839199960231781","1","1","1","1","1","1","0.32009997963905334","0.32009997963905334","0.32009997963905334","0.8375999927520752","0.8375999927520752","0.8375999927520752","1","1","1","1","1","1","0.3118000030517578","0.3118000030517578","0.3118000030517578","0.8348000049591064","0.8348000049591064","0.8348000049591064"
"3730","1","1","1","1","1","1","0.4278999865055084","0.4278999865055084","0.4278999865055084","0.8575999736785889","0.8575999736785889","0.8575999736785889","1","1","1","1","1","1","0.4560000002384186","0.4560000002384186","0.4560000002384186","0.8648999929428101","0.8648999929428101","0.8648999929428101","1","1","1","1","1","1","0.3472999930381775","0.3472999930381775","0.3472999930381775","0.8375999927520752","0.8375999927520752","0.8375999927520752","1","1","1","1","1","1","0.32099997997283936","0.32099997997283936","0.32099997997283936","0.8395999670028687","0.8395999670028687","0.8395999670028687","1","1","1","1","1","1","0.311599999666214","0.311599999666214","0.311599999666214","0.8362999558448792","0.8362999558448792","0.8362999558448792"
"3741","1","1","1","1","1","1","0.429099977016449","0.429099977016449","0.429099977016449","0.8586999773979187","0.8586999773979187","0.8586999773979187","1","1","1","1","1","1","0.45899999141693115","0.45899999141693115","0.45899999141693115","0.8651999831199646","0.8651999831199646","0.8651999831199646","1","1","1","1","1","1","0.3472999930381775","0.3472999930381775","0.3472999930381775","0.8369999527931213","0.8369999527931213","0.8369999527931213","1","1","1","1","1","1","0.3139999806880951","0.3139999806880951","0.3139999806880951","0.837399959564209","0.837399959564209","0.837399959564209","1","1","1","1","1","1","0.30799999833106995","0.30799999833106995","0.30799999833106995","0.835099995136261","0.835099995136261","0.835099995136261"
"3752","1","1","1","1","1","1","0.43359997868537903","0.43359997868537903","0.43359997868537903","0.8593999743461609","0.8593999743461609","0.8593999743461609","1","1","1","1","1","1","0.45579999685287476","0.45579999685287476","0.45579999685287476","0.8629999756813049","0.8629999756813049","0.8629999756813049","1","1","1","1","1","1","0.3452000021934509","0.3452000021934509","0.3452000021934509","0.8379999995231628","0.8379999995231628","0.8379999995231628","1","1","1","1","1","1","0.32989999651908875","0.32989999651908875","0.32989999651908875","0.8388999700546265","0.8388999700546265","0.8388999700546265","1","1","1","1","1","1","0.3190999925136566","0.3190999925136566","0.3190999925136566","0.8385999798774719","0.8385999798774719","0.8385999798774719"
"3763","1","1","1","1","1","1","0.430899977684021","0.430899977684021","0.430899977684021","0.8583999872207642","0.8583999872207642","0.8583999872207642","1","1","1","1","1","1","0.4666000008583069","0.4666000008583069","0.4666000008583069","0.8662999868392944","0.8662999868392944","0.8662999868392944","1","1","1","1","1","1","0.3443000018596649","0.3443000018596649","0.3443000018596649","0.8384000062942505","0.8384000062942505","0.8384000062942505","1","1","1","1","1","1","0.32349997758865356","0.32349997758865356","0.32349997758865356","0.8370999693870544","0.8370999693870544","0.8370999693870544","1","1","1","1","1","1","0.320499986410141","0.320499986410141","0.320499986410141","0.8398999571800232","0.8398999571800232","0.8398999571800232"
"3774","1","1","1","1","1","1","0.4219000041484833","0.4219000041484833","0.4219000041484833","0.8552999496459961","0.8552999496459961","0.8552999496459961","1","1","1","1","1","1","0.46449998021125793","0.46449998021125793","0.46449998021125793","0.8657000064849854","0.8657000064849854","0.8657000064849854","1","1","1","1","1","1","0.35429999232292175","0.35429999232292175","0.35429999232292175","0.8402999639511108","0.8402999639511108","0.8402999639511108","1","1","1","1","1","1","0.3252999782562256","0.3252999782562256","0.3252999782562256","0.8371999859809875","0.8371999859809875","0.8371999859809875","1","1","1","1","1","1","0.31859999895095825","0.31859999895095825","0.31859999895095825","0.8379999995231628","0.8379999995231628","0.8379999995231628"
"3785","1","1","1","1","1","1","0.4197999835014343","0.4197999835014343","0.4197999835014343","0.8555999994277954","0.8555999994277954","0.8555999994277954","1","1","1","1","1","1","0.4745999872684479","0.4745999872684479","0.4745999872684479","0.868399977684021","0.868399977684021","0.868399977684021","1","1","1","1","1","1","0.35580000281333923","0.35580000281333923","0.35580000281333923","0.8411999940872192","0.8411999940872192","0.8411999940872192","1","1","1","1","1","1","0.33980000019073486","0.33980000019073486","0.33980000019073486","0.8411999940872192","0.8411999940872192","0.8411999940872192","1","1","1","1","1","1","0.32179999351501465","0.32179999351501465","0.32179999351501465","0.8395999670028687","0.8395999670028687","0.8395999670028687"
"3796","1","1","1","1","1","1","0.42639997601509094","0.42639997601509094","0.42639997601509094","0.8580999970436096","0.8580999970436096","0.8580999970436096","1","1","1","1","1","1","0.46059998869895935","0.46059998869895935","0.46059998869895935","0.8668999671936035","0.8668999671936035","0.8668999671936035","1","1","1","1","1","1","0.34849998354911804","0.34849998354911804","0.34849998354911804","0.8384000062942505","0.8384000062942505","0.8384000062942505","1","1","1","1","1","1","0.3287999927997589","0.3287999927997589","0.3287999927997589","0.8373000025749207","0.8373000025749207","0.8373000025749207","1","1","1","1","1","1","0.31779998540878296","0.31779998540878296","0.31779998540878296","0.8388999700546265","0.8388999700546265","0.8388999700546265"
"3807","1","1","1","1","1","1","0.4271000027656555","0.4271000027656555","0.4271000027656555","0.8585000038146973","0.8585000038146973","0.8585000038146973","1","1","1","1","1","1","0.46320000290870667","0.46320000290870667","0.46320000290870667","0.8660999536514282","0.8660999536514282","0.8660999536514282","1","1","1","1","1","1","0.3498999774456024","0.3498999774456024","0.3498999774456024","0.8400999903678894","0.8400999903678894","0.8400999903678894","1","1","1","1","1","1","0.33239999413490295","0.33239999413490295","0.33239999413490295","0.8392999768257141","0.8392999768257141","0.8392999768257141","1","1","1","1","1","1","0.3247999846935272","0.3247999846935272","0.3247999846935272","0.8407999873161316","0.8407999873161316","0.8407999873161316"
"3818","1","1","1","1","1","1","0.4262999892234802","0.4262999892234802","0.4262999892234802","0.8578999638557434","0.8578999638557434","0.8578999638557434","1","1","1","1","1","1","0.4732999801635742","0.4732999801635742","0.4732999801635742","0.8664999604225159","0.8664999604225159","0.8664999604225159","1","1","1","1","1","1","0.3504999876022339","0.3504999876022339","0.3504999876022339","0.8392999768257141","0.8392999768257141","0.8392999768257141","1","1","1","1","1","1","0.3353999853134155","0.3353999853134155","0.3353999853134155","0.8393999934196472","0.8393999934196472","0.8393999934196472","1","1","1","1","1","1","0.33229997754096985","0.33229997754096985","0.33229997754096985","0.8424999713897705","0.8424999713897705","0.8424999713897705"
"3829","1","1","1","1","1","1","0.43039998412132263","0.43039998412132263","0.43039998412132263","0.8575999736785889","0.8575999736785889","0.8575999736785889","1","1","1","1","1","1","0.45879998803138733","0.45879998803138733","0.45879998803138733","0.8637999892234802","0.8637999892234802","0.8637999892234802","1","1","1","1","1","1","0.3529999852180481","0.3529999852180481","0.3529999852180481","0.8384000062942505","0.8384000062942505","0.8384000062942505","1","1","1","1","1","1","0.33820000290870667","0.33820000290870667","0.33820000290870667","0.8411999940872192","0.8411999940872192","0.8411999940872192","1","1","1","1","1","1","0.3264999985694885","0.3264999985694885","0.3264999985694885","0.8413999676704407","0.8413999676704407","0.8413999676704407"
"3840","1","1","1","1","1","1","0.4316999912261963","0.4316999912261963","0.4316999912261963","0.858199954032898","0.858199954032898","0.858199954032898","1","1","1","1","1","1","0.45019999146461487","0.45019999146461487","0.45019999146461487","0.8610999584197998","0.8610999584197998","0.8610999584197998","1","1","1","1","1","1","0.3531999886035919","0.3531999886035919","0.3531999886035919","0.8381999731063843","0.8381999731063843","0.8381999731063843","1","1","1","1","1","1","0.3296999931335449","0.3296999931335449","0.3296999931335449","0.8385999798774719","0.8385999798774719","0.8385999798774719","1","1","1","1","1","1","0.33079999685287476","0.33079999685287476","0.33079999685287476","0.8417999744415283","0.8417999744415283","0.8417999744415283"
"3851","1","1","1","1","1","1","0.4301999807357788","0.4301999807357788","0.4301999807357788","0.8589999675750732","0.8589999675750732","0.8589999675750732","1","1","1","1","1","1","0.4666000008583069","0.4666000008583069","0.4666000008583069","0.8639999628067017","0.8639999628067017","0.8639999628067017","1","1","1","1","1","1","0.35510000586509705","0.35510000586509705","0.35510000586509705","0.8399999737739563","0.8399999737739563","0.8399999737739563","1","1","1","1","1","1","0.3278999924659729","0.3278999924659729","0.3278999924659729","0.8393999934196472","0.8393999934196472","0.8393999934196472","1","1","1","1","1","1","0.3353999853134155","0.3353999853134155","0.3353999853134155","0.8432999849319458","0.8432999849319458","0.8432999849319458"
"3862","1","1","1","1","1","1","0.43219998478889465","0.43219998478889465","0.43219998478889465","0.857699990272522","0.857699990272522","0.857699990272522","1","1","1","1","1","1","0.4635999798774719","0.4635999798774719","0.4635999798774719","0.8628000020980835","0.8628000020980835","0.8628000020980835","1","1","1","1","1","1","0.3522000014781952","0.3522000014781952","0.3522000014781952","0.8377999663352966","0.8377999663352966","0.8377999663352966","1","1","1","1","1","1","0.3269999921321869","0.3269999921321869","0.3269999921321869","0.8416999578475952","0.8416999578475952","0.8416999578475952","1","1","1","1","1","1","0.32589998841285706","0.32589998841285706","0.32589998841285706","0.8398999571800232","0.8398999571800232","0.8398999571800232"
"3873","1","1","1","1","1","1","0.4291999936103821","0.4291999936103821","0.4291999936103821","0.8547999858856201","0.8547999858856201","0.8547999858856201","1","1","1","1","1","1","0.46309998631477356","0.46309998631477356","0.46309998631477356","0.8649999499320984","0.8649999499320984","0.8649999499320984","1","1","1","1","1","1","0.35510000586509705","0.35510000586509705","0.35510000586509705","0.8389999866485596","0.8389999866485596","0.8389999866485596","1","1","1","1","1","1","0.3252999782562256","0.3252999782562256","0.3252999782562256","0.8393999934196472","0.8393999934196472","0.8393999934196472","1","1","1","1","1","1","0.33159998059272766","0.33159998059272766","0.33159998059272766","0.840399980545044","0.840399980545044","0.840399980545044"
"3884","1","1","1","1","1","1","0.43299999833106995","0.43299999833106995","0.43299999833106995","0.85589998960495","0.85589998960495","0.85589998960495","1","1","1","1","1","1","0.46799999475479126","0.46799999475479126","0.46799999475479126","0.8659999966621399","0.8659999966621399","0.8659999966621399","1","1","1","1","1","1","0.361299991607666","0.361299991607666","0.361299991607666","0.840499997138977","0.840499997138977","0.840499997138977","1","1","1","1","1","1","0.32919999957084656","0.32919999957084656","0.32919999957084656","0.840399980545044","0.840399980545044","0.840399980545044","1","1","1","1","1","1","0.3158999979496002","0.3158999979496002","0.3158999979496002","0.8384000062942505","0.8384000062942505","0.8384000062942505"
"3895","1","1","1","1","1","1","0.42899999022483826","0.42899999022483826","0.42899999022483826","0.8553999662399292","0.8553999662399292","0.8553999662399292","1","1","1","1","1","1","0.4712999761104584","0.4712999761104584","0.4712999761104584","0.8664999604225159","0.8664999604225159","0.8664999604225159","1","1","1","1","1","1","0.35839998722076416","0.35839998722076416","0.35839998722076416","0.8389999866485596","0.8389999866485596","0.8389999866485596","1","1","1","1","1","1","0.336899995803833","0.336899995803833","0.336899995803833","0.8412999510765076","0.8412999510765076","0.8412999510765076","1","1","1","1","1","1","0.33069998025894165","0.33069998025894165","0.33069998025894165","0.8413999676704407","0.8413999676704407","0.8413999676704407"
"3906","1","1","1","1","1","1","0.436599999666214","0.436599999666214","0.436599999666214","0.8587999939918518","0.8587999939918518","0.8587999939918518","1","1","1","1","1","1","0.4666000008583069","0.4666000008583069","0.4666000008583069","0.8657000064849854","0.8657000064849854","0.8657000064849854","1","1","1","1","1","1","0.36389997601509094","0.36389997601509094","0.36389997601509094","0.8427000045776367","0.8427000045776367","0.8427000045776367","1","1","1","1","1","1","0.3357999920845032","0.3357999920845032","0.3357999920845032","0.8407999873161316","0.8407999873161316","0.8407999873161316","1","1","1","1","1","1","0.32749998569488525","0.32749998569488525","0.32749998569488525","0.8410999774932861","0.8410999774932861","0.8410999774932861"
"3917","1","1","1","1","1","1","0.4311999976634979","0.4311999976634979","0.4311999976634979","0.8544999957084656","0.8544999957084656","0.8544999957084656","1","1","1","1","1","1","0.4705999791622162","0.4705999791622162","0.4705999791622162","0.866599977016449","0.866599977016449","0.866599977016449","1","1","1","1","1","1","0.35850000381469727","0.35850000381469727","0.35850000381469727","0.8407999873161316","0.8407999873161316","0.8407999873161316","1","1","1","1","1","1","0.3308999836444855","0.3308999836444855","0.3308999836444855","0.840999960899353","0.840999960899353","0.840999960899353","1","1","1","1","1","1","0.32839998602867126","0.32839998602867126","0.32839998602867126","0.8395999670028687","0.8395999670028687","0.8395999670028687"
"3928","1","1","1","1","1","1","0.4253000020980835","0.4253000020980835","0.4253000020980835","0.8547999858856201","0.8547999858856201","0.8547999858856201","1","1","1","1","1","1","0.46050000190734863","0.46050000190734863","0.46050000190734863","0.8636999726295471","0.8636999726295471","0.8636999726295471","1","1","1","1","1","1","0.3662000000476837","0.3662000000476837","0.3662000000476837","0.8414999842643738","0.8414999842643738","0.8414999842643738","1","1","1","1","1","1","0.33489999175071716","0.33489999175071716","0.33489999175071716","0.8412999510765076","0.8412999510765076","0.8412999510765076","1","1","1","1","1","1","0.3254999816417694","0.3254999816417694","0.3254999816417694","0.840999960899353","0.840999960899353","0.840999960899353"
"3939","1","1","1","1","1","1","0.42639997601509094","0.42639997601509094","0.42639997601509094","0.8567999601364136","0.8567999601364136","0.8567999601364136","1","1","1","1","1","1","0.45649999380111694","0.45649999380111694","0.45649999380111694","0.8631999492645264","0.8631999492645264","0.8631999492645264","1","1","1","1","1","1","0.37119999527931213","0.37119999527931213","0.37119999527931213","0.8445999622344971","0.8445999622344971","0.8445999622344971","1","1","1","1","1","1","0.3270999789237976","0.3270999789237976","0.3270999789237976","0.8396999835968018","0.8396999835968018","0.8396999835968018","1","1","1","1","1","1","0.32889997959136963","0.32889997959136963","0.32889997959136963","0.842199981212616","0.842199981212616","0.842199981212616"
"3950","1","1","1","1","1","1","0.42319998145103455","0.42319998145103455","0.42319998145103455","0.8535999655723572","0.8535999655723572","0.8535999655723572","1","1","1","1","1","1","0.45649999380111694","0.45649999380111694","0.45649999380111694","0.8629999756813049","0.8629999756813049","0.8629999756813049","1","1","1","1","1","1","0.36640000343322754","0.36640000343322754","0.36640000343322754","0.842199981212616","0.842199981212616","0.842199981212616","1","1","1","1","1","1","0.3301999866962433","0.3301999866962433","0.3301999866962433","0.8393999934196472","0.8393999934196472","0.8393999934196472","1","1","1","1","1","1","0.33309999108314514","0.33309999108314514","0.33309999108314514","0.8422999978065491","0.8422999978065491","0.8422999978065491"
"3961","1","1","1","1","1","1","0.4276999831199646","0.4276999831199646","0.4276999831199646","0.8549000024795532","0.8549000024795532","0.8549000024795532","1","1","1","1","1","1","0.4545999765396118","0.4545999765396118","0.4545999765396118","0.8623999953269958","0.8623999953269958","0.8623999953269958","1","1","1","1","1","1","0.36399999260902405","0.36399999260902405","0.36399999260902405","0.8420999646186829","0.8420999646186829","0.8420999646186829","1","1","1","1","1","1","0.32409998774528503","0.32409998774528503","0.32409998774528503","0.8389999866485596","0.8389999866485596","0.8389999866485596","1","1","1","1","1","1","0.33139997720718384","0.33139997720718384","0.33139997720718384","0.8399999737739563","0.8399999737739563","0.8399999737739563"
"3972","1","1","1","1","1","1","0.43449997901916504","0.43449997901916504","0.43449997901916504","0.8570999503135681","0.8570999503135681","0.8570999503135681","1","1","1","1","1","1","0.45489999651908875","0.45489999651908875","0.45489999651908875","0.8619999885559082","0.8619999885559082","0.8619999885559082","1","1","1","1","1","1","0.3586999773979187","0.3586999773979187","0.3586999773979187","0.8409000039100647","0.8409000039100647","0.8409000039100647","1","1","1","1","1","1","0.3172999918460846","0.3172999918460846","0.3172999918460846","0.8361999988555908","0.8361999988555908","0.8361999988555908","1","1","1","1","1","1","0.32819998264312744","0.32819998264312744","0.32819998264312744","0.8405999541282654","0.8405999541282654","0.8405999541282654"
"3983","1","1","1","1","1","1","0.42569997906684875","0.42569997906684875","0.42569997906684875","0.8554999828338623","0.8554999828338623","0.8554999828338623","1","1","1","1","1","1","0.462799996137619","0.462799996137619","0.462799996137619","0.8639000058174133","0.8639000058174133","0.8639000058174133","1","1","1","1","1","1","0.34869998693466187","0.34869998693466187","0.34869998693466187","0.840399980545044","0.840399980545044","0.840399980545044","1","1","1","1","1","1","0.3253999948501587","0.3253999948501587","0.3253999948501587","0.8381999731063843","0.8381999731063843","0.8381999731063843","1","1","1","1","1","1","0.33079999685287476","0.33079999685287476","0.33079999685287476","0.8416000008583069","0.8416000008583069","0.8416000008583069"
"3994","1","1","1","1","1","1","0.42339998483657837","0.42339998483657837","0.42339998483657837","0.854200005531311","0.854200005531311","0.854200005531311","1","1","1","1","1","1","0.45339998602867126","0.45339998602867126","0.45339998602867126","0.8614999651908875","0.8614999651908875","0.8614999651908875","1","1","1","1","1","1","0.36890000104904175","0.36890000104904175","0.36890000104904175","0.8441999554634094","0.8441999554634094","0.8441999554634094","1","1","1","1","1","1","0.32330000400543213","0.32330000400543213","0.32330000400543213","0.8382999897003174","0.8382999897003174","0.8382999897003174","1","1","1","1","1","1","0.33149999380111694","0.33149999380111694","0.33149999380111694","0.8413999676704407","0.8413999676704407","0.8413999676704407"
"4005","1","1","1","1","1","1","0.4268999993801117","0.4268999993801117","0.4268999993801117","0.856499969959259","0.856499969959259","0.856499969959259","1","1","1","1","1","1","0.4626999795436859","0.4626999795436859","0.4626999795436859","0.8636999726295471","0.8636999726295471","0.8636999726295471","1","1","1","1","1","1","0.3676999807357788","0.3676999807357788","0.3676999807357788","0.8446999788284302","0.8446999788284302","0.8446999788284302","1","1","1","1","1","1","0.3255999982357025","0.3255999982357025","0.3255999982357025","0.8388999700546265","0.8388999700546265","0.8388999700546265","1","1","1","1","1","1","0.3278000056743622","0.3278000056743622","0.3278000056743622","0.840499997138977","0.840499997138977","0.840499997138977"
"4016","1","1","1","1","1","1","0.4178999960422516","0.4178999960422516","0.4178999960422516","0.8549000024795532","0.8549000024795532","0.8549000024795532","1","1","1","1","1","1","0.460099995136261","0.460099995136261","0.460099995136261","0.8628000020980835","0.8628000020980835","0.8628000020980835","1","1","1","1","1","1","0.3718000054359436","0.3718000054359436","0.3718000054359436","0.8454999923706055","0.8454999923706055","0.8454999923706055","1","1","1","1","1","1","0.3253999948501587","0.3253999948501587","0.3253999948501587","0.8387999534606934","0.8387999534606934","0.8387999534606934","1","1","1","1","1","1","0.33319997787475586","0.33319997787475586","0.33319997787475586","0.8431999683380127","0.8431999683380127","0.8431999683380127"
"4027","1","1","1","1","1","1","0.42239999771118164","0.42239999771118164","0.42239999771118164","0.8537999987602234","0.8537999987602234","0.8537999987602234","1","1","1","1","1","1","0.460999995470047","0.460999995470047","0.460999995470047","0.8626999855041504","0.8626999855041504","0.8626999855041504","1","1","1","1","1","1","0.3577999770641327","0.3577999770641327","0.3577999770641327","0.8402000069618225","0.8402000069618225","0.8402000069618225","1","1","1","1","1","1","0.3255999982357025","0.3255999982357025","0.3255999982357025","0.8382999897003174","0.8382999897003174","0.8382999897003174","1","1","1","1","1","1","0.3328000009059906","0.3328000009059906","0.3328000009059906","0.8442999720573425","0.8442999720573425","0.8442999720573425"
"4038","1","1","1","1","1","1","0.42229998111724854","0.42229998111724854","0.42229998111724854","0.8555999994277954","0.8555999994277954","0.8555999994277954","1","1","1","1","1","1","0.45569998025894165","0.45569998025894165","0.45569998025894165","0.8615999817848206","0.8615999817848206","0.8615999817848206","1","1","1","1","1","1","0.3659999966621399","0.3659999966621399","0.3659999966621399","0.842799961566925","0.842799961566925","0.842799961566925","1","1","1","1","1","1","0.33319997787475586","0.33319997787475586","0.33319997787475586","0.8402999639511108","0.8402999639511108","0.8402999639511108","1","1","1","1","1","1","0.33469998836517334","0.33469998836517334","0.33469998836517334","0.843999981880188","0.843999981880188","0.843999981880188"
"4049","1","1","1","1","1","1","0.4154999852180481","0.4154999852180481","0.4154999852180481","0.852400004863739","0.852400004863739","0.852400004863739","1","1","1","1","1","1","0.46389999985694885","0.46389999985694885","0.46389999985694885","0.8634999990463257","0.8634999990463257","0.8634999990463257","1","1","1","1","1","1","0.36149999499320984","0.36149999499320984","0.36149999499320984","0.8417999744415283","0.8417999744415283","0.8417999744415283","1","1","1","1","1","1","0.32429999113082886","0.32429999113082886","0.32429999113082886","0.8380999565124512","0.8380999565124512","0.8380999565124512","1","1","1","1","1","1","0.32999998331069946","0.32999998331069946","0.32999998331069946","0.8423999547958374","0.8423999547958374","0.8423999547958374"
"4060","1","1","1","1","1","1","0.4205999970436096","0.4205999970436096","0.4205999970436096","0.8542999625205994","0.8542999625205994","0.8542999625205994","1","1","1","1","1","1","0.4569000005722046","0.4569000005722046","0.4569000005722046","0.8628999590873718","0.8628999590873718","0.8628999590873718","1","1","1","1","1","1","0.3643999993801117","0.3643999993801117","0.3643999993801117","0.8431999683380127","0.8431999683380127","0.8431999683380127","1","1","1","1","1","1","0.337799996137619","0.337799996137619","0.337799996137619","0.8420999646186829","0.8420999646186829","0.8420999646186829","1","1","1","1","1","1","0.3287000060081482","0.3287000060081482","0.3287000060081482","0.8420000076293945","0.8420000076293945","0.8420000076293945"
"4071","1","1","1","1","1","1","0.4203999936580658","0.4203999936580658","0.4203999936580658","0.8535999655723572","0.8535999655723572","0.8535999655723572","1","1","1","1","1","1","0.47119998931884766","0.47119998931884766","0.47119998931884766","0.8677999973297119","0.8677999973297119","0.8677999973297119","1","1","1","1","1","1","0.35850000381469727","0.35850000381469727","0.35850000381469727","0.8416000008583069","0.8416000008583069","0.8416000008583069","1","1","1","1","1","1","0.3287000060081482","0.3287000060081482","0.3287000060081482","0.838699996471405","0.838699996471405","0.838699996471405","1","1","1","1","1","1","0.32089999318122864","0.32089999318122864","0.32089999318122864","0.8373000025749207","0.8373000025749207","0.8373000025749207"
"4082","1","1","1","1","1","1","0.4220999777317047","0.4220999777317047","0.4220999777317047","0.8539999723434448","0.8539999723434448","0.8539999723434448","1","1","1","1","1","1","0.4693000018596649","0.4693000018596649","0.4693000018596649","0.8680999875068665","0.8680999875068665","0.8680999875068665","1","1","1","1","1","1","0.3552999794483185","0.3552999794483185","0.3552999794483185","0.8400999903678894","0.8400999903678894","0.8400999903678894","1","1","1","1","1","1","0.3243999779224396","0.3243999779224396","0.3243999779224396","0.8376999497413635","0.8376999497413635","0.8376999497413635","1","1","1","1","1","1","0.3172000050544739","0.3172000050544739","0.3172000050544739","0.837399959564209","0.837399959564209","0.837399959564209"
"4093","1","1","1","1","1","1","0.424699991941452","0.424699991941452","0.424699991941452","0.8538999557495117","0.8538999557495117","0.8538999557495117","1","1","1","1","1","1","0.47999998927116394","0.47999998927116394","0.47999998927116394","0.8695999979972839","0.8695999979972839","0.8695999979972839","1","1","1","1","1","1","0.3634999990463257","0.3634999990463257","0.3634999990463257","0.842199981212616","0.842199981212616","0.842199981212616","1","1","1","1","1","1","0.3278999924659729","0.3278999924659729","0.3278999924659729","0.8391000032424927","0.8391000032424927","0.8391000032424927","1","1","1","1","1","1","0.31679999828338623","0.31679999828338623","0.31679999828338623","0.837399959564209","0.837399959564209","0.837399959564209"
"4104","1","1","1","1","1","1","0.42639997601509094","0.42639997601509094","0.42639997601509094","0.8553999662399292","0.8553999662399292","0.8553999662399292","1","1","1","1","1","1","0.47749999165534973","0.47749999165534973","0.47749999165534973","0.8685999512672424","0.8685999512672424","0.8685999512672424","1","1","1","1","1","1","0.36159998178482056","0.36159998178482056","0.36159998178482056","0.8416000008583069","0.8416000008583069","0.8416000008583069","1","1","1","1","1","1","0.33249998092651367","0.33249998092651367","0.33249998092651367","0.8391000032424927","0.8391000032424927","0.8391000032424927","1","1","1","1","1","1","0.31790000200271606","0.31790000200271606","0.31790000200271606","0.8363999724388123","0.8363999724388123","0.8363999724388123"
"4115","1","1","1","1","1","1","0.42559999227523804","0.42559999227523804","0.42559999227523804","0.8561999797821045","0.8561999797821045","0.8561999797821045","1","1","1","1","1","1","0.4640999734401703","0.4640999734401703","0.4640999734401703","0.8660999536514282","0.8660999536514282","0.8660999536514282","1","1","1","1","1","1","0.36890000104904175","0.36890000104904175","0.36890000104904175","0.8441999554634094","0.8441999554634094","0.8441999554634094","1","1","1","1","1","1","0.3279999792575836","0.3279999792575836","0.3279999792575836","0.8393999934196472","0.8393999934196472","0.8393999934196472","1","1","1","1","1","1","0.3208000063896179","0.3208000063896179","0.3208000063896179","0.8374999761581421","0.8374999761581421","0.8374999761581421"
"4126","1","1","1","1","1","1","0.4316999912261963","0.4316999912261963","0.4316999912261963","0.8571999669075012","0.8571999669075012","0.8571999669075012","1","1","1","1","1","1","0.46050000190734863","0.46050000190734863","0.46050000190734863","0.8637999892234802","0.8637999892234802","0.8637999892234802","1","1","1","1","1","1","0.3714999854564667","0.3714999854564667","0.3714999854564667","0.8447999954223633","0.8447999954223633","0.8447999954223633","1","1","1","1","1","1","0.3312999904155731","0.3312999904155731","0.3312999904155731","0.8385999798774719","0.8385999798774719","0.8385999798774719","1","1","1","1","1","1","0.3105999827384949","0.3105999827384949","0.3105999827384949","0.8348999619483948","0.8348999619483948","0.8348999619483948"
"4137","1","1","1","1","1","1","0.42819997668266296","0.42819997668266296","0.42819997668266296","0.8569999933242798","0.8569999933242798","0.8569999933242798","1","1","1","1","1","1","0.46140000224113464","0.46140000224113464","0.46140000224113464","0.8643999695777893","0.8643999695777893","0.8643999695777893","1","1","1","1","1","1","0.3691999912261963","0.3691999912261963","0.3691999912261963","0.8445999622344971","0.8445999622344971","0.8445999622344971","1","1","1","1","1","1","0.3312000036239624","0.3312000036239624","0.3312000036239624","0.8391000032424927","0.8391000032424927","0.8391000032424927","1","1","1","1","1","1","0.31939998269081116","0.31939998269081116","0.31939998269081116","0.8374999761581421","0.8374999761581421","0.8374999761581421"
"4148","1","1","1","1","1","1","0.424699991941452","0.424699991941452","0.424699991941452","0.8550999760627747","0.8550999760627747","0.8550999760627747","1","1","1","1","1","1","0.4657999873161316","0.4657999873161316","0.4657999873161316","0.865399956703186","0.865399956703186","0.865399956703186","1","1","1","1","1","1","0.37129998207092285","0.37129998207092285","0.37129998207092285","0.8458999991416931","0.8458999991416931","0.8458999991416931","1","1","1","1","1","1","0.32679998874664307","0.32679998874664307","0.32679998874664307","0.8389999866485596","0.8389999866485596","0.8389999866485596","1","1","1","1","1","1","0.31689998507499695","0.31689998507499695","0.31689998507499695","0.8360999822616577","0.8360999822616577","0.8360999822616577"
"4159","1","1","1","1","1","1","0.42899999022483826","0.42899999022483826","0.42899999022483826","0.8567000031471252","0.8567000031471252","0.8567000031471252","1","1","1","1","1","1","0.4619999825954437","0.4619999825954437","0.4619999825954437","0.8648999929428101","0.8648999929428101","0.8648999929428101","1","1","1","1","1","1","0.36719998717308044","0.36719998717308044","0.36719998717308044","0.8442999720573425","0.8442999720573425","0.8442999720573425","1","1","1","1","1","1","0.31779998540878296","0.31779998540878296","0.31779998540878296","0.8360999822616577","0.8360999822616577","0.8360999822616577","1","1","1","1","1","1","0.3199000060558319","0.3199000060558319","0.3199000060558319","0.837399959564209","0.837399959564209","0.837399959564209"
"4170","1","1","1","1","1","1","0.4213999807834625","0.4213999807834625","0.4213999807834625","0.8549999594688416","0.8549999594688416","0.8549999594688416","1","1","1","1","1","1","0.4675999879837036","0.4675999879837036","0.4675999879837036","0.8664000034332275","0.8664000034332275","0.8664000034332275","1","1","1","1","1","1","0.3617999851703644","0.3617999851703644","0.3617999851703644","0.8434000015258789","0.8434000015258789","0.8434000015258789","1","1","1","1","1","1","0.3172000050544739","0.3172000050544739","0.3172000050544739","0.8362999558448792","0.8362999558448792","0.8362999558448792","1","1","1","1","1","1","0.3287999927997589","0.3287999927997589","0.3287999927997589","0.840399980545044","0.840399980545044","0.840399980545044"
"4181","1","1","1","1","1","1","0.41449999809265137","0.41449999809265137","0.41449999809265137","0.8529999852180481","0.8529999852180481","0.8529999852180481","1","1","1","1","1","1","0.46789997816085815","0.46789997816085815","0.46789997816085815","0.8657999634742737","0.8657999634742737","0.8657999634742737","1","1","1","1","1","1","0.36309999227523804","0.36309999227523804","0.36309999227523804","0.8435999751091003","0.8435999751091003","0.8435999751091003","1","1","1","1","1","1","0.3287999927997589","0.3287999927997589","0.3287999927997589","0.8384000062942505","0.8384000062942505","0.8384000062942505","1","1","1","1","1","1","0.3172000050544739","0.3172000050544739","0.3172000050544739","0.8369999527931213","0.8369999527931213","0.8369999527931213"
"4192","1","1","1","1","1","1","0.42879998683929443","0.42879998683929443","0.42879998683929443","0.85589998960495","0.85589998960495","0.85589998960495","1","1","1","1","1","1","0.4488999843597412","0.4488999843597412","0.4488999843597412","0.8621999621391296","0.8621999621391296","0.8621999621391296","1","1","1","1","1","1","0.35409998893737793","0.35409998893737793","0.35409998893737793","0.840399980545044","0.840399980545044","0.840399980545044","1","1","1","1","1","1","0.3212999999523163","0.3212999999523163","0.3212999999523163","0.8363999724388123","0.8363999724388123","0.8363999724388123","1","1","1","1","1","1","0.3227999806404114","0.3227999806404114","0.3227999806404114","0.8399999737739563","0.8399999737739563","0.8399999737739563"
"4203","1","1","1","1","1","1","0.43149998784065247","0.43149998784065247","0.43149998784065247","0.8575999736785889","0.8575999736785889","0.8575999736785889","1","1","1","1","1","1","0.45649999380111694","0.45649999380111694","0.45649999380111694","0.8640999794006348","0.8640999794006348","0.8640999794006348","1","1","1","1","1","1","0.3671000003814697","0.3671000003814697","0.3671000003814697","0.8440999984741211","0.8440999984741211","0.8440999984741211","1","1","1","1","1","1","0.32259997725486755","0.32259997725486755","0.32259997725486755","0.8356999754905701","0.8356999754905701","0.8356999754905701","1","1","1","1","1","1","0.3319999873638153","0.3319999873638153","0.3319999873638153","0.8424999713897705","0.8424999713897705","0.8424999713897705"
"4214","1","1","1","1","1","1","0.42729997634887695","0.42729997634887695","0.42729997634887695","0.8567999601364136","0.8567999601364136","0.8567999601364136","1","1","1","1","1","1","0.45479997992515564","0.45479997992515564","0.45479997992515564","0.8643999695777893","0.8643999695777893","0.8643999695777893","1","1","1","1","1","1","0.3628999888896942","0.3628999888896942","0.3628999888896942","0.842799961566925","0.842799961566925","0.842799961566925","1","1","1","1","1","1","0.3244999945163727","0.3244999945163727","0.3244999945163727","0.8371999859809875","0.8371999859809875","0.8371999859809875","1","1","1","1","1","1","0.3141999840736389","0.3141999840736389","0.3141999840736389","0.8388999700546265","0.8388999700546265","0.8388999700546265"
"4225","1","1","1","1","1","1","0.4350000023841858","0.4350000023841858","0.4350000023841858","0.8585000038146973","0.8585000038146973","0.8585000038146973","1","1","1","1","1","1","0.4642999768257141","0.4642999768257141","0.4642999768257141","0.8662999868392944","0.8662999868392944","0.8662999868392944","1","1","1","1","1","1","0.36579999327659607","0.36579999327659607","0.36579999327659607","0.8438000082969666","0.8438000082969666","0.8438000082969666","1","1","1","1","1","1","0.3278999924659729","0.3278999924659729","0.3278999924659729","0.8373000025749207","0.8373000025749207","0.8373000025749207","1","1","1","1","1","1","0.32189998030662537","0.32189998030662537","0.32189998030662537","0.8406999707221985","0.8406999707221985","0.8406999707221985"
"4236","1","1","1","1","1","1","0.43050000071525574","0.43050000071525574","0.43050000071525574","0.8578999638557434","0.8578999638557434","0.8578999638557434","1","1","1","1","1","1","0.4619999825954437","0.4619999825954437","0.4619999825954437","0.8658999800682068","0.8658999800682068","0.8658999800682068","1","1","1","1","1","1","0.3637999892234802","0.3637999892234802","0.3637999892234802","0.8431999683380127","0.8431999683380127","0.8431999683380127","1","1","1","1","1","1","0.32499998807907104","0.32499998807907104","0.32499998807907104","0.837399959564209","0.837399959564209","0.837399959564209","1","1","1","1","1","1","0.3190999925136566","0.3190999925136566","0.3190999925136566","0.8391000032424927","0.8391000032424927","0.8391000032424927"
"4247","1","1","1","1","1","1","0.4293999969959259","0.4293999969959259","0.4293999969959259","0.8579999804496765","0.8579999804496765","0.8579999804496765","1","1","1","1","1","1","0.4672999978065491","0.4672999978065491","0.4672999978065491","0.8659999966621399","0.8659999966621399","0.8659999966621399","1","1","1","1","1","1","0.35929998755455017","0.35929998755455017","0.35929998755455017","0.8424999713897705","0.8424999713897705","0.8424999713897705","1","1","1","1","1","1","0.3285999894142151","0.3285999894142151","0.3285999894142151","0.8367999792098999","0.8367999792098999","0.8367999792098999","1","1","1","1","1","1","0.3296000063419342","0.3296000063419342","0.3296000063419342","0.840499997138977","0.840499997138977","0.840499997138977"
"4258","1","1","1","1","1","1","0.4221999943256378","0.4221999943256378","0.4221999943256378","0.8539999723434448","0.8539999723434448","0.8539999723434448","1","1","1","1","1","1","0.45969998836517334","0.45969998836517334","0.45969998836517334","0.8646000027656555","0.8646000027656555","0.8646000027656555","1","1","1","1","1","1","0.3612000048160553","0.3612000048160553","0.3612000048160553","0.8431999683380127","0.8431999683380127","0.8431999683380127","1","1","1","1","1","1","0.3296999931335449","0.3296999931335449","0.3296999931335449","0.8375999927520752","0.8375999927520752","0.8375999927520752","1","1","1","1","1","1","0.335099995136261","0.335099995136261","0.335099995136261","0.8424999713897705","0.8424999713897705","0.8424999713897705"
"4269","1","1","1","1","1","1","0.4309999942779541","0.4309999942779541","0.4309999942779541","0.8588999509811401","0.8588999509811401","0.8588999509811401","1","1","1","1","1","1","0.45889997482299805","0.45889997482299805","0.45889997482299805","0.8661999702453613","0.8661999702453613","0.8661999702453613","1","1","1","1","1","1","0.3562999963760376","0.3562999963760376","0.3562999963760376","0.842799961566925","0.842799961566925","0.842799961566925","1","1","1","1","1","1","0.32760000228881836","0.32760000228881836","0.32760000228881836","0.8379999995231628","0.8379999995231628","0.8379999995231628","1","1","1","1","1","1","0.3287000060081482","0.3287000060081482","0.3287000060081482","0.8410999774932861","0.8410999774932861","0.8410999774932861"
"4280","1","1","1","1","1","1","0.4332999885082245","0.4332999885082245","0.4332999885082245","0.8585000038146973","0.8585000038146973","0.8585000038146973","1","1","1","1","1","1","0.4502999782562256","0.4502999782562256","0.4502999782562256","0.8621000051498413","0.8621000051498413","0.8621000051498413","1","1","1","1","1","1","0.35740000009536743","0.35740000009536743","0.35740000009536743","0.8416999578475952","0.8416999578475952","0.8416999578475952","1","1","1","1","1","1","0.3285999894142151","0.3285999894142151","0.3285999894142151","0.8367999792098999","0.8367999792098999","0.8367999792098999","1","1","1","1","1","1","0.3432999849319458","0.3432999849319458","0.3432999849319458","0.8445000052452087","0.8445000052452087","0.8445000052452087"
"4291","1","1","1","1","1","1","0.4372999966144562","0.4372999966144562","0.4372999966144562","0.8593999743461609","0.8593999743461609","0.8593999743461609","1","1","1","1","1","1","0.4643999934196472","0.4643999934196472","0.4643999934196472","0.8654999732971191","0.8654999732971191","0.8654999732971191","1","1","1","1","1","1","0.367499977350235","0.367499977350235","0.367499977350235","0.8452999591827393","0.8452999591827393","0.8452999591827393","1","1","1","1","1","1","0.3344999849796295","0.3344999849796295","0.3344999849796295","0.8389999866485596","0.8389999866485596","0.8389999866485596","1","1","1","1","1","1","0.33550000190734863","0.33550000190734863","0.33550000190734863","0.8417999744415283","0.8417999744415283","0.8417999744415283"
"4302","1","1","1","1","1","1","0.43149998784065247","0.43149998784065247","0.43149998784065247","0.858299970626831","0.858299970626831","0.858299970626831","1","1","1","1","1","1","0.4642999768257141","0.4642999768257141","0.4642999768257141","0.8664000034332275","0.8664000034332275","0.8664000034332275","1","1","1","1","1","1","0.3667999804019928","0.3667999804019928","0.3667999804019928","0.8440999984741211","0.8440999984741211","0.8440999984741211","1","1","1","1","1","1","0.32909998297691345","0.32909998297691345","0.32909998297691345","0.8374999761581421","0.8374999761581421","0.8374999761581421","1","1","1","1","1","1","0.32919999957084656","0.32919999957084656","0.32919999957084656","0.8398000001907349","0.8398000001907349","0.8398000001907349"
"4313","1","1","1","1","1","1","0.4275999963283539","0.4275999963283539","0.4275999963283539","0.8567999601364136","0.8567999601364136","0.8567999601364136","1","1","1","1","1","1","0.4624999761581421","0.4624999761581421","0.4624999761581421","0.8654999732971191","0.8654999732971191","0.8654999732971191","1","1","1","1","1","1","0.35999998450279236","0.35999998450279236","0.35999998450279236","0.8430999517440796","0.8430999517440796","0.8430999517440796","1","1","1","1","1","1","0.32979997992515564","0.32979997992515564","0.32979997992515564","0.8376999497413635","0.8376999497413635","0.8376999497413635","1","1","1","1","1","1","0.3328999876976013","0.3328999876976013","0.3328999876976013","0.8422999978065491","0.8422999978065491","0.8422999978065491"
"4324","1","1","1","1","1","1","0.430899977684021","0.430899977684021","0.430899977684021","0.8590999841690063","0.8590999841690063","0.8590999841690063","1","1","1","1","1","1","0.46059998869895935","0.46059998869895935","0.46059998869895935","0.863599956035614","0.863599956035614","0.863599956035614","1","1","1","1","1","1","0.35189998149871826","0.35189998149871826","0.35189998149871826","0.8412999510765076","0.8412999510765076","0.8412999510765076","1","1","1","1","1","1","0.34039998054504395","0.34039998054504395","0.34039998054504395","0.8396999835968018","0.8396999835968018","0.8396999835968018","1","1","1","1","1","1","0.3326999843120575","0.3326999843120575","0.3326999843120575","0.8417999744415283","0.8417999744415283","0.8417999744415283"
"4335","1","1","1","1","1","1","0.4306999742984772","0.4306999742984772","0.4306999742984772","0.858299970626831","0.858299970626831","0.858299970626831","1","1","1","1","1","1","0.46050000190734863","0.46050000190734863","0.46050000190734863","0.8646000027656555","0.8646000027656555","0.8646000027656555","1","1","1","1","1","1","0.3662000000476837","0.3662000000476837","0.3662000000476837","0.8443999886512756","0.8443999886512756","0.8443999886512756","1","1","1","1","1","1","0.3278000056743622","0.3278000056743622","0.3278000056743622","0.8369999527931213","0.8369999527931213","0.8369999527931213","1","1","1","1","1","1","0.3402999937534332","0.3402999937534332","0.3402999937534332","0.8434000015258789","0.8434000015258789","0.8434000015258789"
"4346","1","1","1","1","1","1","0.43199998140335083","0.43199998140335083","0.43199998140335083","0.8590999841690063","0.8590999841690063","0.8590999841690063","1","1","1","1","1","1","0.4513999819755554","0.4513999819755554","0.4513999819755554","0.8621000051498413","0.8621000051498413","0.8621000051498413","1","1","1","1","1","1","0.3646000027656555","0.3646000027656555","0.3646000027656555","0.843999981880188","0.843999981880188","0.843999981880188","1","1","1","1","1","1","0.33550000190734863","0.33550000190734863","0.33550000190734863","0.8384000062942505","0.8384000062942505","0.8384000062942505","1","1","1","1","1","1","0.3366999924182892","0.3366999924182892","0.3366999924182892","0.8418999910354614","0.8418999910354614","0.8418999910354614"
"4357","1","1","1","1","1","1","0.43959999084472656","0.43959999084472656","0.43959999084472656","0.8616999983787537","0.8616999983787537","0.8616999983787537","1","1","1","1","1","1","0.4617999792098999","0.4617999792098999","0.4617999792098999","0.8632999658584595","0.8632999658584595","0.8632999658584595","1","1","1","1","1","1","0.3633999824523926","0.3633999824523926","0.3633999824523926","0.8434999585151672","0.8434999585151672","0.8434999585151672","1","1","1","1","1","1","0.3346000015735626","0.3346000015735626","0.3346000015735626","0.840499997138977","0.840499997138977","0.840499997138977","1","1","1","1","1","1","0.33570000529289246","0.33570000529289246","0.33570000529289246","0.8427000045776367","0.8427000045776367","0.8427000045776367"
"4368","1","1","1","1","1","1","0.4341999888420105","0.4341999888420105","0.4341999888420105","0.8586999773979187","0.8586999773979187","0.8586999773979187","1","1","1","1","1","1","0.445499986410141","0.445499986410141","0.445499986410141","0.8606999516487122","0.8606999516487122","0.8606999516487122","1","1","1","1","1","1","0.3649999797344208","0.3649999797344208","0.3649999797344208","0.8452000021934509","0.8452000021934509","0.8452000021934509","1","1","1","1","1","1","0.34849998354911804","0.34849998354911804","0.34849998354911804","0.8432999849319458","0.8432999849319458","0.8432999849319458","1","1","1","1","1","1","0.335099995136261","0.335099995136261","0.335099995136261","0.8425999879837036","0.8425999879837036","0.8425999879837036"
"4379","1","1","1","1","1","1","0.43039998412132263","0.43039998412132263","0.43039998412132263","0.858299970626831","0.858299970626831","0.858299970626831","1","1","1","1","1","1","0.4512999951839447","0.4512999951839447","0.4512999951839447","0.8608999848365784","0.8608999848365784","0.8608999848365784","1","1","1","1","1","1","0.3625999987125397","0.3625999987125397","0.3625999987125397","0.8448999524116516","0.8448999524116516","0.8448999524116516","1","1","1","1","1","1","0.34849998354911804","0.34849998354911804","0.34849998354911804","0.8423999547958374","0.8423999547958374","0.8423999547958374","1","1","1","1","1","1","0.3351999819278717","0.3351999819278717","0.3351999819278717","0.8435999751091003","0.8435999751091003","0.8435999751091003"
"4390","1","1","1","1","1","1","0.43379998207092285","0.43379998207092285","0.43379998207092285","0.8585999608039856","0.8585999608039856","0.8585999608039856","1","1","1","1","1","1","0.45489999651908875","0.45489999651908875","0.45489999651908875","0.8610999584197998","0.8610999584197998","0.8610999584197998","1","1","1","1","1","1","0.36159998178482056","0.36159998178482056","0.36159998178482056","0.8434000015258789","0.8434000015258789","0.8434000015258789","1","1","1","1","1","1","0.3391000032424927","0.3391000032424927","0.3391000032424927","0.8402999639511108","0.8402999639511108","0.8402999639511108","1","1","1","1","1","1","0.3360999822616577","0.3360999822616577","0.3360999822616577","0.8438999652862549","0.8438999652862549","0.8438999652862549"
"4401","1","1","1","1","1","1","0.4343999922275543","0.4343999922275543","0.4343999922275543","0.8589999675750732","0.8589999675750732","0.8589999675750732","1","1","1","1","1","1","0.4502999782562256","0.4502999782562256","0.4502999782562256","0.8575999736785889","0.8575999736785889","0.8575999736785889","1","1","1","1","1","1","0.3662000000476837","0.3662000000476837","0.3662000000476837","0.8450999855995178","0.8450999855995178","0.8450999855995178","1","1","1","1","1","1","0.34049999713897705","0.34049999713897705","0.34049999713897705","0.842199981212616","0.842199981212616","0.842199981212616","1","1","1","1","1","1","0.3407999873161316","0.3407999873161316","0.3407999873161316","0.8445999622344971","0.8445999622344971","0.8445999622344971"
"4412","1","1","1","1","1","1","0.4350000023841858","0.4350000023841858","0.4350000023841858","0.8597999811172485","0.8597999811172485","0.8597999811172485","1","1","1","1","1","1","0.46369999647140503","0.46369999647140503","0.46369999647140503","0.8613999485969543","0.8613999485969543","0.8613999485969543","1","1","1","1","1","1","0.36399999260902405","0.36399999260902405","0.36399999260902405","0.8441999554634094","0.8441999554634094","0.8441999554634094","1","1","1","1","1","1","0.33409997820854187","0.33409997820854187","0.33409997820854187","0.8412999510765076","0.8412999510765076","0.8412999510765076","1","1","1","1","1","1","0.3376999795436859","0.3376999795436859","0.3376999795436859","0.8445000052452087","0.8445000052452087","0.8445000052452087"
"4423","1","1","1","1","1","1","0.439300000667572","0.439300000667572","0.439300000667572","0.8600999712944031","0.8600999712944031","0.8600999712944031","1","1","1","1","1","1","0.4616999924182892","0.4616999924182892","0.4616999924182892","0.8619999885559082","0.8619999885559082","0.8619999885559082","1","1","1","1","1","1","0.36409997940063477","0.36409997940063477","0.36409997940063477","0.8440999984741211","0.8440999984741211","0.8440999984741211","1","1","1","1","1","1","0.34709998965263367","0.34709998965263367","0.34709998965263367","0.842199981212616","0.842199981212616","0.842199981212616","1","1","1","1","1","1","0.3330000042915344","0.3330000042915344","0.3330000042915344","0.8416999578475952","0.8416999578475952","0.8416999578475952"
"4434","1","1","1","1","1","1","0.43849998712539673","0.43849998712539673","0.43849998712539673","0.8596000075340271","0.8596000075340271","0.8596000075340271","1","1","1","1","1","1","0.4585999846458435","0.4585999846458435","0.4585999846458435","0.861299991607666","0.861299991607666","0.861299991607666","1","1","1","1","1","1","0.37129998207092285","0.37129998207092285","0.37129998207092285","0.8456999659538269","0.8456999659538269","0.8456999659538269","1","1","1","1","1","1","0.33559998869895935","0.33559998869895935","0.33559998869895935","0.8400999903678894","0.8400999903678894","0.8400999903678894","1","1","1","1","1","1","0.32850000262260437","0.32850000262260437","0.32850000262260437","0.8416999578475952","0.8416999578475952","0.8416999578475952"
"4445","1","1","1","1","1","1","0.4423999786376953","0.4423999786376953","0.4423999786376953","0.8601999878883362","0.8601999878883362","0.8601999878883362","1","1","1","1","1","1","0.4558999836444855","0.4558999836444855","0.4558999836444855","0.8606999516487122","0.8606999516487122","0.8606999516487122","1","1","1","1","1","1","0.3723999857902527","0.3723999857902527","0.3723999857902527","0.84579998254776","0.84579998254776","0.84579998254776","1","1","1","1","1","1","0.33739998936653137","0.33739998936653137","0.33739998936653137","0.8402000069618225","0.8402000069618225","0.8402000069618225","1","1","1","1","1","1","0.3188000023365021","0.3188000023365021","0.3188000023365021","0.8399999737739563","0.8399999737739563","0.8399999737739563"
"4456","1","1","1","1","1","1","0.4359999895095825","0.4359999895095825","0.4359999895095825","0.8597999811172485","0.8597999811172485","0.8597999811172485","1","1","1","1","1","1","0.4526999890804291","0.4526999890804291","0.4526999890804291","0.8613999485969543","0.8613999485969543","0.8613999485969543","1","1","1","1","1","1","0.368399977684021","0.368399977684021","0.368399977684021","0.8455999493598938","0.8455999493598938","0.8455999493598938","1","1","1","1","1","1","0.33889999985694885","0.33889999985694885","0.33889999985694885","0.8402000069618225","0.8402000069618225","0.8402000069618225","1","1","1","1","1","1","0.31759998202323914","0.31759998202323914","0.31759998202323914","0.8396999835968018","0.8396999835968018","0.8396999835968018"
"4467","1","1","1","1","1","1","0.4406999945640564","0.4406999945640564","0.4406999945640564","0.8611999750137329","0.8611999750137329","0.8611999750137329","1","1","1","1","1","1","0.4486999809741974","0.4486999809741974","0.4486999809741974","0.8611999750137329","0.8611999750137329","0.8611999750137329","1","1","1","1","1","1","0.36309999227523804","0.36309999227523804","0.36309999227523804","0.8438000082969666","0.8438000082969666","0.8438000082969666","1","1","1","1","1","1","0.3261999785900116","0.3261999785900116","0.3261999785900116","0.8377999663352966","0.8377999663352966","0.8377999663352966","1","1","1","1","1","1","0.31290000677108765","0.31290000677108765","0.31290000677108765","0.8374999761581421","0.8374999761581421","0.8374999761581421"
"4478","1","1","1","1","1","1","0.44290000200271606","0.44290000200271606","0.44290000200271606","0.8614999651908875","0.8614999651908875","0.8614999651908875","1","1","1","1","1","1","0.45229998230934143","0.45229998230934143","0.45229998230934143","0.861299991607666","0.861299991607666","0.861299991607666","1","1","1","1","1","1","0.3700000047683716","0.3700000047683716","0.3700000047683716","0.8465999960899353","0.8465999960899353","0.8465999960899353","1","1","1","1","1","1","0.32899999618530273","0.32899999618530273","0.32899999618530273","0.8385999798774719","0.8385999798774719","0.8385999798774719","1","1","1","1","1","1","0.3154999911785126","0.3154999911785126","0.3154999911785126","0.8384999632835388","0.8384999632835388","0.8384999632835388"
"4489","1","1","1","1","1","1","0.44189998507499695","0.44189998507499695","0.44189998507499695","0.8601999878883362","0.8601999878883362","0.8601999878883362","1","1","1","1","1","1","0.44749999046325684","0.44749999046325684","0.44749999046325684","0.8611999750137329","0.8611999750137329","0.8611999750137329","1","1","1","1","1","1","0.3628999888896942","0.3628999888896942","0.3628999888896942","0.8438999652862549","0.8438999652862549","0.8438999652862549","1","1","1","1","1","1","0.3252999782562256","0.3252999782562256","0.3252999782562256","0.837399959564209","0.837399959564209","0.837399959564209","1","1","1","1","1","1","0.3157999813556671","0.3157999813556671","0.3157999813556671","0.8384000062942505","0.8384000062942505","0.8384000062942505"
"4500","1","1","1","1","1","1","0.4366999864578247","0.4366999864578247","0.4366999864578247","0.8603999614715576","0.8603999614715576","0.8603999614715576","1","1","1","1","1","1","0.4527999758720398","0.4527999758720398","0.4527999758720398","0.8632999658584595","0.8632999658584595","0.8632999658584595","1","1","1","1","1","1","0.3579999804496765","0.3579999804496765","0.3579999804496765","0.8422999978065491","0.8422999978065491","0.8422999978065491","1","1","1","1","1","1","0.33069998025894165","0.33069998025894165","0.33069998025894165","0.840499997138977","0.840499997138977","0.840499997138977","1","1","1","1","1","1","0.3181000053882599","0.3181000053882599","0.3181000053882599","0.8388999700546265","0.8388999700546265","0.8388999700546265"
"4511","1","1","1","1","1","1","0.4375","0.4375","0.4375","0.8608999848365784","0.8608999848365784","0.8608999848365784","1","1","1","1","1","1","0.45159998536109924","0.45159998536109924","0.45159998536109924","0.8621999621391296","0.8621999621391296","0.8621999621391296","1","1","1","1","1","1","0.3610000014305115","0.3610000014305115","0.3610000014305115","0.8429999947547913","0.8429999947547913","0.8429999947547913","1","1","1","1","1","1","0.3212999999523163","0.3212999999523163","0.3212999999523163","0.8378999829292297","0.8378999829292297","0.8378999829292297","1","1","1","1","1","1","0.3199999928474426","0.3199999928474426","0.3199999928474426","0.8384999632835388","0.8384999632835388","0.8384999632835388"
"4522","1","1","1","1","1","1","0.43629997968673706","0.43629997968673706","0.43629997968673706","0.859499990940094","0.859499990940094","0.859499990940094","1","1","1","1","1","1","0.45479997992515564","0.45479997992515564","0.45479997992515564","0.8621999621391296","0.8621999621391296","0.8621999621391296","1","1","1","1","1","1","0.3658999800682068","0.3658999800682068","0.3658999800682068","0.8438999652862549","0.8438999652862549","0.8438999652862549","1","1","1","1","1","1","0.3296999931335449","0.3296999931335449","0.3296999931335449","0.8398999571800232","0.8398999571800232","0.8398999571800232","1","1","1","1","1","1","0.32170000672340393","0.32170000672340393","0.32170000672340393","0.8402000069618225","0.8402000069618225","0.8402000069618225"
"4533","1","1","1","1","1","1","0.43939998745918274","0.43939998745918274","0.43939998745918274","0.8603999614715576","0.8603999614715576","0.8603999614715576","1","1","1","1","1","1","0.45089998841285706","0.45089998841285706","0.45089998841285706","0.8621999621391296","0.8621999621391296","0.8621999621391296","1","1","1","1","1","1","0.3709000051021576","0.3709000051021576","0.3709000051021576","0.8446999788284302","0.8446999788284302","0.8446999788284302","1","1","1","1","1","1","0.323199987411499","0.323199987411499","0.323199987411499","0.8381999731063843","0.8381999731063843","0.8381999731063843","1","1","1","1","1","1","0.32349997758865356","0.32349997758865356","0.32349997758865356","0.8409000039100647","0.8409000039100647","0.8409000039100647"
"4544","1","1","1","1","1","1","0.44039997458457947","0.44039997458457947","0.44039997458457947","0.8596999645233154","0.8596999645233154","0.8596999645233154","1","1","1","1","1","1","0.4530999958515167","0.4530999958515167","0.4530999958515167","0.8626999855041504","0.8626999855041504","0.8626999855041504","1","1","1","1","1","1","0.37049999833106995","0.37049999833106995","0.37049999833106995","0.8443999886512756","0.8443999886512756","0.8443999886512756","1","1","1","1","1","1","0.32839998602867126","0.32839998602867126","0.32839998602867126","0.840999960899353","0.840999960899353","0.840999960899353","1","1","1","1","1","1","0.3278000056743622","0.3278000056743622","0.3278000056743622","0.8410999774932861","0.8410999774932861","0.8410999774932861"
"4555","1","1","1","1","1","1","0.4381999969482422","0.4381999969482422","0.4381999969482422","0.858199954032898","0.858199954032898","0.858199954032898","1","1","1","1","1","1","0.460999995470047","0.460999995470047","0.460999995470047","0.861799955368042","0.861799955368042","0.861799955368042","1","1","1","1","1","1","0.368399977684021","0.368399977684021","0.368399977684021","0.8438000082969666","0.8438000082969666","0.8438000082969666","1","1","1","1","1","1","0.3312000036239624","0.3312000036239624","0.3312000036239624","0.8400999903678894","0.8400999903678894","0.8400999903678894","1","1","1","1","1","1","0.33329999446868896","0.33329999446868896","0.33329999446868896","0.8418999910354614","0.8418999910354614","0.8418999910354614"
"4566","1","1","1","1","1","1","0.4359999895095825","0.4359999895095825","0.4359999895095825","0.8590999841690063","0.8590999841690063","0.8590999841690063","1","1","1","1","1","1","0.4470999836921692","0.4470999836921692","0.4470999836921692","0.8604999780654907","0.8604999780654907","0.8604999780654907","1","1","1","1","1","1","0.3779999911785126","0.3779999911785126","0.3779999911785126","0.8472999930381775","0.8472999930381775","0.8472999930381775","1","1","1","1","1","1","0.33239999413490295","0.33239999413490295","0.33239999413490295","0.8424999713897705","0.8424999713897705","0.8424999713897705","1","1","1","1","1","1","0.3360999822616577","0.3360999822616577","0.3360999822616577","0.8425999879837036","0.8425999879837036","0.8425999879837036"
"4577","1","1","1","1","1","1","0.44200000166893005","0.44200000166893005","0.44200000166893005","0.85999995470047","0.85999995470047","0.85999995470047","1","1","1","1","1","1","0.4465000033378601","0.4465000033378601","0.4465000033378601","0.8611999750137329","0.8611999750137329","0.8611999750137329","1","1","1","1","1","1","0.38009998202323914","0.38009998202323914","0.38009998202323914","0.849299967288971","0.849299967288971","0.849299967288971","1","1","1","1","1","1","0.3303999900817871","0.3303999900817871","0.3303999900817871","0.840999960899353","0.840999960899353","0.840999960899353","1","1","1","1","1","1","0.33169999718666077","0.33169999718666077","0.33169999718666077","0.8434000015258789","0.8434000015258789","0.8434000015258789"
"4588","1","1","1","1","1","1","0.4359999895095825","0.4359999895095825","0.4359999895095825","0.8580999970436096","0.8580999970436096","0.8580999970436096","1","1","1","1","1","1","0.4673999845981598","0.4673999845981598","0.4673999845981598","0.8689999580383301","0.8689999580383301","0.8689999580383301","1","1","1","1","1","1","0.37199997901916504","0.37199997901916504","0.37199997901916504","0.8460999727249146","0.8460999727249146","0.8460999727249146","1","1","1","1","1","1","0.33379998803138733","0.33379998803138733","0.33379998803138733","0.840399980545044","0.840399980545044","0.840399980545044","1","1","1","1","1","1","0.3243999779224396","0.3243999779224396","0.3243999779224396","0.842199981212616","0.842199981212616","0.842199981212616"
"4599","1","1","1","1","1","1","0.42890000343322754","0.42890000343322754","0.42890000343322754","0.8567999601364136","0.8567999601364136","0.8567999601364136","1","1","1","1","1","1","0.45889997482299805","0.45889997482299805","0.45889997482299805","0.8641999959945679","0.8641999959945679","0.8641999959945679","1","1","1","1","1","1","0.37299999594688416","0.37299999594688416","0.37299999594688416","0.8463999629020691","0.8463999629020691","0.8463999629020691","1","1","1","1","1","1","0.3400000035762787","0.3400000035762787","0.3400000035762787","0.8414999842643738","0.8414999842643738","0.8414999842643738","1","1","1","1","1","1","0.3227999806404114","0.3227999806404114","0.3227999806404114","0.8413999676704407","0.8413999676704407","0.8413999676704407"
"4610","1","1","1","1","1","1","0.43639999628067017","0.43639999628067017","0.43639999628067017","0.8588999509811401","0.8588999509811401","0.8588999509811401","1","1","1","1","1","1","0.45579999685287476","0.45579999685287476","0.45579999685287476","0.8619999885559082","0.8619999885559082","0.8619999885559082","1","1","1","1","1","1","0.37929999828338623","0.37929999828338623","0.37929999828338623","0.848800003528595","0.848800003528595","0.848800003528595","1","1","1","1","1","1","0.34199997782707214","0.34199997782707214","0.34199997782707214","0.8429999947547913","0.8429999947547913","0.8429999947547913","1","1","1","1","1","1","0.3247999846935272","0.3247999846935272","0.3247999846935272","0.8407999873161316","0.8407999873161316","0.8407999873161316"
"4621","1","1","1","1","1","1","0.43609997630119324","0.43609997630119324","0.43609997630119324","0.8583999872207642","0.8583999872207642","0.8583999872207642","1","1","1","1","1","1","0.4560000002384186","0.4560000002384186","0.4560000002384186","0.8646999597549438","0.8646999597549438","0.8646999597549438","1","1","1","1","1","1","0.37449997663497925","0.37449997663497925","0.37449997663497925","0.8476999998092651","0.8476999998092651","0.8476999998092651","1","1","1","1","1","1","0.3434999883174896","0.3434999883174896","0.3434999883174896","0.8434999585151672","0.8434999585151672","0.8434999585151672","1","1","1","1","1","1","0.3228999972343445","0.3228999972343445","0.3228999972343445","0.8396999835968018","0.8396999835968018","0.8396999835968018"
"4632","1","1","1","1","1","1","0.4284999966621399","0.4284999966621399","0.4284999966621399","0.8560999631881714","0.8560999631881714","0.8560999631881714","1","1","1","1","1","1","0.4551999866962433","0.4551999866962433","0.4551999866962433","0.8628999590873718","0.8628999590873718","0.8628999590873718","1","1","1","1","1","1","0.37379997968673706","0.37379997968673706","0.37379997968673706","0.8476999998092651","0.8476999998092651","0.8476999998092651","1","1","1","1","1","1","0.3334999978542328","0.3334999978542328","0.3334999978542328","0.8412999510765076","0.8412999510765076","0.8412999510765076","1","1","1","1","1","1","0.3224000036716461","0.3224000036716461","0.3224000036716461","0.8398000001907349","0.8398000001907349","0.8398000001907349"
"4643","1","1","1","1","1","1","0.4381999969482422","0.4381999969482422","0.4381999969482422","0.8586999773979187","0.8586999773979187","0.8586999773979187","1","1","1","1","1","1","0.4535999894142151","0.4535999894142151","0.4535999894142151","0.861799955368042","0.861799955368042","0.861799955368042","1","1","1","1","1","1","0.37209999561309814","0.37209999561309814","0.37209999561309814","0.8463000059127808","0.8463000059127808","0.8463000059127808","1","1","1","1","1","1","0.33799999952316284","0.33799999952316284","0.33799999952316284","0.840399980545044","0.840399980545044","0.840399980545044","1","1","1","1","1","1","0.32569998502731323","0.32569998502731323","0.32569998502731323","0.8413999676704407","0.8413999676704407","0.8413999676704407"
"4654","1","1","1","1","1","1","0.4309999942779541","0.4309999942779541","0.4309999942779541","0.8549999594688416","0.8549999594688416","0.8549999594688416","1","1","1","1","1","1","0.4509999752044678","0.4509999752044678","0.4509999752044678","0.8623999953269958","0.8623999953269958","0.8623999953269958","1","1","1","1","1","1","0.3659999966621399","0.3659999966621399","0.3659999966621399","0.8440999984741211","0.8440999984741211","0.8440999984741211","1","1","1","1","1","1","0.3346000015735626","0.3346000015735626","0.3346000015735626","0.8398000001907349","0.8398000001907349","0.8398000001907349","1","1","1","1","1","1","0.3150999844074249","0.3150999844074249","0.3150999844074249","0.8384999632835388","0.8384999632835388","0.8384999632835388"
"4665","1","1","1","1","1","1","0.43320000171661377","0.43320000171661377","0.43320000171661377","0.8569999933242798","0.8569999933242798","0.8569999933242798","1","1","1","1","1","1","0.45419999957084656","0.45419999957084656","0.45419999957084656","0.861799955368042","0.861799955368042","0.861799955368042","1","1","1","1","1","1","0.36479997634887695","0.36479997634887695","0.36479997634887695","0.8445000052452087","0.8445000052452087","0.8445000052452087","1","1","1","1","1","1","0.3304999768733978","0.3304999768733978","0.3304999768733978","0.8395999670028687","0.8395999670028687","0.8395999670028687","1","1","1","1","1","1","0.32170000672340393","0.32170000672340393","0.32170000672340393","0.8410999774932861","0.8410999774932861","0.8410999774932861"
"4676","1","1","1","1","1","1","0.435699999332428","0.435699999332428","0.435699999332428","0.8565999865531921","0.8565999865531921","0.8565999865531921","1","1","1","1","1","1","0.444599986076355","0.444599986076355","0.444599986076355","0.8596000075340271","0.8596000075340271","0.8596000075340271","1","1","1","1","1","1","0.36469998955726624","0.36469998955726624","0.36469998955726624","0.8445000052452087","0.8445000052452087","0.8445000052452087","1","1","1","1","1","1","0.3328999876976013","0.3328999876976013","0.3328999876976013","0.8393999934196472","0.8393999934196472","0.8393999934196472","1","1","1","1","1","1","0.32760000228881836","0.32760000228881836","0.32760000228881836","0.8420000076293945","0.8420000076293945","0.8420000076293945"
"4687","1","1","1","1","1","1","0.421999990940094","0.421999990940094","0.421999990940094","0.8535999655723572","0.8535999655723572","0.8535999655723572","1","1","1","1","1","1","0.44929999113082886","0.44929999113082886","0.44929999113082886","0.8604999780654907","0.8604999780654907","0.8604999780654907","1","1","1","1","1","1","0.35670000314712524","0.35670000314712524","0.35670000314712524","0.842799961566925","0.842799961566925","0.842799961566925","1","1","1","1","1","1","0.33640000224113464","0.33640000224113464","0.33640000224113464","0.8416000008583069","0.8416000008583069","0.8416000008583069","1","1","1","1","1","1","0.3264999985694885","0.3264999985694885","0.3264999985694885","0.8420000076293945","0.8420000076293945","0.8420000076293945"
"4698","1","1","1","1","1","1","0.4283999800682068","0.4283999800682068","0.4283999800682068","0.8545999526977539","0.8545999526977539","0.8545999526977539","1","1","1","1","1","1","0.4465000033378601","0.4465000033378601","0.4465000033378601","0.8610000014305115","0.8610000014305115","0.8610000014305115","1","1","1","1","1","1","0.3637000024318695","0.3637000024318695","0.3637000024318695","0.8431999683380127","0.8431999683380127","0.8431999683380127","1","1","1","1","1","1","0.3366999924182892","0.3366999924182892","0.3366999924182892","0.8409000039100647","0.8409000039100647","0.8409000039100647","1","1","1","1","1","1","0.3312000036239624","0.3312000036239624","0.3312000036239624","0.8430999517440796","0.8430999517440796","0.8430999517440796"
"4709","1","1","1","1","1","1","0.4277999997138977","0.4277999997138977","0.4277999997138977","0.8565999865531921","0.8565999865531921","0.8565999865531921","1","1","1","1","1","1","0.44369998574256897","0.44369998574256897","0.44369998574256897","0.8588999509811401","0.8588999509811401","0.8588999509811401","1","1","1","1","1","1","0.3634999990463257","0.3634999990463257","0.3634999990463257","0.8434000015258789","0.8434000015258789","0.8434000015258789","1","1","1","1","1","1","0.32989999651908875","0.32989999651908875","0.32989999651908875","0.840399980545044","0.840399980545044","0.840399980545044","1","1","1","1","1","1","0.3376999795436859","0.3376999795436859","0.3376999795436859","0.8456999659538269","0.8456999659538269","0.8456999659538269"
"4720","1","1","1","1","1","1","0.4311999976634979","0.4311999976634979","0.4311999976634979","0.8572999835014343","0.8572999835014343","0.8572999835014343","1","1","1","1","1","1","0.43709999322891235","0.43709999322891235","0.43709999322891235","0.8578999638557434","0.8578999638557434","0.8578999638557434","1","1","1","1","1","1","0.3716999888420105","0.3716999888420105","0.3716999888420105","0.8448999524116516","0.8448999524116516","0.8448999524116516","1","1","1","1","1","1","0.33660000562667847","0.33660000562667847","0.33660000562667847","0.8392999768257141","0.8392999768257141","0.8392999768257141","1","1","1","1","1","1","0.3337000012397766","0.3337000012397766","0.3337000012397766","0.8449999690055847","0.8449999690055847","0.8449999690055847"
"4731","1","1","1","1","1","1","0.430899977684021","0.430899977684021","0.430899977684021","0.8578999638557434","0.8578999638557434","0.8578999638557434","1","1","1","1","1","1","0.44439998269081116","0.44439998269081116","0.44439998269081116","0.8587999939918518","0.8587999939918518","0.8587999939918518","1","1","1","1","1","1","0.3646000027656555","0.3646000027656555","0.3646000027656555","0.8425999879837036","0.8425999879837036","0.8425999879837036","1","1","1","1","1","1","0.3418999910354614","0.3418999910354614","0.3418999910354614","0.8427000045776367","0.8427000045776367","0.8427000045776367","1","1","1","1","1","1","0.3261999785900116","0.3261999785900116","0.3261999785900116","0.842199981212616","0.842199981212616","0.842199981212616"
"4742","1","1","1","1","1","1","0.4302999973297119","0.4302999973297119","0.4302999973297119","0.8565999865531921","0.8565999865531921","0.8565999865531921","1","1","1","1","1","1","0.4551999866962433","0.4551999866962433","0.4551999866962433","0.8634999990463257","0.8634999990463257","0.8634999990463257","1","1","1","1","1","1","0.35019999742507935","0.35019999742507935","0.35019999742507935","0.8407999873161316","0.8407999873161316","0.8407999873161316","1","1","1","1","1","1","0.3335999846458435","0.3335999846458435","0.3335999846458435","0.8414999842643738","0.8414999842643738","0.8414999842643738","1","1","1","1","1","1","0.3325999975204468","0.3325999975204468","0.3325999975204468","0.8434999585151672","0.8434999585151672","0.8434999585151672"
"4753","1","1","1","1","1","1","0.42829999327659607","0.42829999327659607","0.42829999327659607","0.8567000031471252","0.8567000031471252","0.8567000031471252","1","1","1","1","1","1","0.4596000015735626","0.4596000015735626","0.4596000015735626","0.8640999794006348","0.8640999794006348","0.8640999794006348","1","1","1","1","1","1","0.3651999831199646","0.3651999831199646","0.3651999831199646","0.8434000015258789","0.8434000015258789","0.8434000015258789","1","1","1","1","1","1","0.3385999798774719","0.3385999798774719","0.3385999798774719","0.8406999707221985","0.8406999707221985","0.8406999707221985","1","1","1","1","1","1","0.3360999822616577","0.3360999822616577","0.3360999822616577","0.8449999690055847","0.8449999690055847","0.8449999690055847"
"4764","1","1","1","1","1","1","0.43209999799728394","0.43209999799728394","0.43209999799728394","0.8583999872207642","0.8583999872207642","0.8583999872207642","1","1","1","1","1","1","0.4594999849796295","0.4594999849796295","0.4594999849796295","0.8637999892234802","0.8637999892234802","0.8637999892234802","1","1","1","1","1","1","0.3637999892234802","0.3637999892234802","0.3637999892234802","0.8427000045776367","0.8427000045776367","0.8427000045776367","1","1","1","1","1","1","0.33959999680519104","0.33959999680519104","0.33959999680519104","0.8405999541282654","0.8405999541282654","0.8405999541282654","1","1","1","1","1","1","0.32519999146461487","0.32519999146461487","0.32519999146461487","0.8425999879837036","0.8425999879837036","0.8425999879837036"
"4775","1","1","1","1","1","1","0.43369999527931213","0.43369999527931213","0.43369999527931213","0.8590999841690063","0.8590999841690063","0.8590999841690063","1","1","1","1","1","1","0.4690999984741211","0.4690999984741211","0.4690999984741211","0.8646999597549438","0.8646999597549438","0.8646999597549438","1","1","1","1","1","1","0.3684999942779541","0.3684999942779541","0.3684999942779541","0.8438999652862549","0.8438999652862549","0.8438999652862549","1","1","1","1","1","1","0.33719998598098755","0.33719998598098755","0.33719998598098755","0.8399999737739563","0.8399999737739563","0.8399999737739563","1","1","1","1","1","1","0.32359999418258667","0.32359999418258667","0.32359999418258667","0.8406999707221985","0.8406999707221985","0.8406999707221985"
"4786","1","1","1","1","1","1","0.43289998173713684","0.43289998173713684","0.43289998173713684","0.8593999743461609","0.8593999743461609","0.8593999743461609","1","1","1","1","1","1","0.46859997510910034","0.46859997510910034","0.46859997510910034","0.8664000034332275","0.8664000034332275","0.8664000034332275","1","1","1","1","1","1","0.3635999858379364","0.3635999858379364","0.3635999858379364","0.8435999751091003","0.8435999751091003","0.8435999751091003","1","1","1","1","1","1","0.3425999879837036","0.3425999879837036","0.3425999879837036","0.8440999984741211","0.8440999984741211","0.8440999984741211","1","1","1","1","1","1","0.31679999828338623","0.31679999828338623","0.31679999828338623","0.8394999504089355","0.8394999504089355","0.8394999504089355"
"4797","1","1","1","1","1","1","0.4293999969959259","0.4293999969959259","0.4293999969959259","0.857699990272522","0.857699990272522","0.857699990272522","1","1","1","1","1","1","0.4587000012397766","0.4587000012397766","0.4587000012397766","0.863099992275238","0.863099992275238","0.863099992275238","1","1","1","1","1","1","0.36309999227523804","0.36309999227523804","0.36309999227523804","0.8445000052452087","0.8445000052452087","0.8445000052452087","1","1","1","1","1","1","0.3358999788761139","0.3358999788761139","0.3358999788761139","0.840999960899353","0.840999960899353","0.840999960899353","1","1","1","1","1","1","0.31700000166893005","0.31700000166893005","0.31700000166893005","0.8398999571800232","0.8398999571800232","0.8398999571800232"
"4808","1","1","1","1","1","1","0.4253999888896942","0.4253999888896942","0.4253999888896942","0.8570999503135681","0.8570999503135681","0.8570999503135681","1","1","1","1","1","1","0.45389997959136963","0.45389997959136963","0.45389997959136963","0.8608999848365784","0.8608999848365784","0.8608999848365784","1","1","1","1","1","1","0.370199978351593","0.370199978351593","0.370199978351593","0.8458999991416931","0.8458999991416931","0.8458999991416931","1","1","1","1","1","1","0.33219999074935913","0.33219999074935913","0.33219999074935913","0.8411999940872192","0.8411999940872192","0.8411999940872192","1","1","1","1","1","1","0.32170000672340393","0.32170000672340393","0.32170000672340393","0.8412999510765076","0.8412999510765076","0.8412999510765076"
"4819","1","1","1","1","1","1","0.42489999532699585","0.42489999532699585","0.42489999532699585","0.8556999564170837","0.8556999564170837","0.8556999564170837","1","1","1","1","1","1","0.4530999958515167","0.4530999958515167","0.4530999958515167","0.8614999651908875","0.8614999651908875","0.8614999651908875","1","1","1","1","1","1","0.36399999260902405","0.36399999260902405","0.36399999260902405","0.8445000052452087","0.8445000052452087","0.8445000052452087","1","1","1","1","1","1","0.3349999785423279","0.3349999785423279","0.3349999785423279","0.842799961566925","0.842799961566925","0.842799961566925","1","1","1","1","1","1","0.3240000009536743","0.3240000009536743","0.3240000009536743","0.8412999510765076","0.8412999510765076","0.8412999510765076"
"4830","1","1","1","1","1","1","0.43299999833106995","0.43299999833106995","0.43299999833106995","0.8588999509811401","0.8588999509811401","0.8588999509811401","1","1","1","1","1","1","0.4505999982357025","0.4505999982357025","0.4505999982357025","0.8621000051498413","0.8621000051498413","0.8621000051498413","1","1","1","1","1","1","0.36910000443458557","0.36910000443458557","0.36910000443458557","0.8436999917030334","0.8436999917030334","0.8436999917030334","1","1","1","1","1","1","0.33820000290870667","0.33820000290870667","0.33820000290870667","0.8412999510765076","0.8412999510765076","0.8412999510765076","1","1","1","1","1","1","0.33239999413490295","0.33239999413490295","0.33239999413490295","0.8432999849319458","0.8432999849319458","0.8432999849319458"
"4841","1","1","1","1","1","1","0.42739999294281006","0.42739999294281006","0.42739999294281006","0.8567999601364136","0.8567999601364136","0.8567999601364136","1","1","1","1","1","1","0.4502999782562256","0.4502999782562256","0.4502999782562256","0.8610000014305115","0.8610000014305115","0.8610000014305115","1","1","1","1","1","1","0.3658999800682068","0.3658999800682068","0.3658999800682068","0.8432999849319458","0.8432999849319458","0.8432999849319458","1","1","1","1","1","1","0.3465999960899353","0.3465999960899353","0.3465999960899353","0.8436999917030334","0.8436999917030334","0.8436999917030334","1","1","1","1","1","1","0.3237999975681305","0.3237999975681305","0.3237999975681305","0.8412999510765076","0.8412999510765076","0.8412999510765076"
"4852","1","1","1","1","1","1","0.42989999055862427","0.42989999055862427","0.42989999055862427","0.8570999503135681","0.8570999503135681","0.8570999503135681","1","1","1","1","1","1","0.45899999141693115","0.45899999141693115","0.45899999141693115","0.8622999787330627","0.8622999787330627","0.8622999787330627","1","1","1","1","1","1","0.3723999857902527","0.3723999857902527","0.3723999857902527","0.8454999923706055","0.8454999923706055","0.8454999923706055","1","1","1","1","1","1","0.34610000252723694","0.34610000252723694","0.34610000252723694","0.8441999554634094","0.8441999554634094","0.8441999554634094","1","1","1","1","1","1","0.32189998030662537","0.32189998030662537","0.32189998030662537","0.8402999639511108","0.8402999639511108","0.8402999639511108"
"4863","1","1","1","1","1","1","0.43719998002052307","0.43719998002052307","0.43719998002052307","0.8598999977111816","0.8598999977111816","0.8598999977111816","1","1","1","1","1","1","0.4499000012874603","0.4499000012874603","0.4499000012874603","0.8625999689102173","0.8625999689102173","0.8625999689102173","1","1","1","1","1","1","0.3651999831199646","0.3651999831199646","0.3651999831199646","0.843999981880188","0.843999981880188","0.843999981880188","1","1","1","1","1","1","0.3449999988079071","0.3449999988079071","0.3449999988079071","0.8447999954223633","0.8447999954223633","0.8447999954223633","1","1","1","1","1","1","0.32499998807907104","0.32499998807907104","0.32499998807907104","0.8405999541282654","0.8405999541282654","0.8405999541282654"
"4874","1","1","1","1","1","1","0.42569997906684875","0.42569997906684875","0.42569997906684875","0.854699969291687","0.854699969291687","0.854699969291687","1","1","1","1","1","1","0.4530999958515167","0.4530999958515167","0.4530999958515167","0.8628999590873718","0.8628999590873718","0.8628999590873718","1","1","1","1","1","1","0.368399977684021","0.368399977684021","0.368399977684021","0.8454999923706055","0.8454999923706055","0.8454999923706055","1","1","1","1","1","1","0.3425000011920929","0.3425000011920929","0.3425000011920929","0.8438000082969666","0.8438000082969666","0.8438000082969666","1","1","1","1","1","1","0.32659998536109924","0.32659998536109924","0.32659998536109924","0.8411999940872192","0.8411999940872192","0.8411999940872192"
"4885","1","1","1","1","1","1","0.4269999861717224","0.4269999861717224","0.4269999861717224","0.856499969959259","0.856499969959259","0.856499969959259","1","1","1","1","1","1","0.4510999917984009","0.4510999917984009","0.4510999917984009","0.8622999787330627","0.8622999787330627","0.8622999787330627","1","1","1","1","1","1","0.36649999022483826","0.36649999022483826","0.36649999022483826","0.8449999690055847","0.8449999690055847","0.8449999690055847","1","1","1","1","1","1","0.3507999777793884","0.3507999777793884","0.3507999777793884","0.8470999598503113","0.8470999598503113","0.8470999598503113","1","1","1","1","1","1","0.3125999867916107","0.3125999867916107","0.3125999867916107","0.8385999798774719","0.8385999798774719","0.8385999798774719"
"4896","1","1","1","1","1","1","0.42479997873306274","0.42479997873306274","0.42479997873306274","0.8560999631881714","0.8560999631881714","0.8560999631881714","1","1","1","1","1","1","0.4415999948978424","0.4415999948978424","0.4415999948978424","0.861799955368042","0.861799955368042","0.861799955368042","1","1","1","1","1","1","0.3595999777317047","0.3595999777317047","0.3595999777317047","0.8436999917030334","0.8436999917030334","0.8436999917030334","1","1","1","1","1","1","0.34199997782707214","0.34199997782707214","0.34199997782707214","0.842799961566925","0.842799961566925","0.842799961566925","1","1","1","1","1","1","0.31839999556541443","0.31839999556541443","0.31839999556541443","0.8396999835968018","0.8396999835968018","0.8396999835968018"
"4907","1","1","1","1","1","1","0.4204999804496765","0.4204999804496765","0.4204999804496765","0.8554999828338623","0.8554999828338623","0.8554999828338623","1","1","1","1","1","1","0.45159998536109924","0.45159998536109924","0.45159998536109924","0.8640999794006348","0.8640999794006348","0.8640999794006348","1","1","1","1","1","1","0.36059999465942383","0.36059999465942383","0.36059999465942383","0.8425999879837036","0.8425999879837036","0.8425999879837036","1","1","1","1","1","1","0.3360999822616577","0.3360999822616577","0.3360999822616577","0.8416999578475952","0.8416999578475952","0.8416999578475952","1","1","1","1","1","1","0.3203999996185303","0.3203999996185303","0.3203999996185303","0.8398999571800232","0.8398999571800232","0.8398999571800232"
"4918","1","1","1","1","1","1","0.42249998450279236","0.42249998450279236","0.42249998450279236","0.8549000024795532","0.8549000024795532","0.8549000024795532","1","1","1","1","1","1","0.46939998865127563","0.46939998865127563","0.46939998865127563","0.8672999739646912","0.8672999739646912","0.8672999739646912","1","1","1","1","1","1","0.3642999827861786","0.3642999827861786","0.3642999827861786","0.8431999683380127","0.8431999683380127","0.8431999683380127","1","1","1","1","1","1","0.33229997754096985","0.33229997754096985","0.33229997754096985","0.840499997138977","0.840499997138977","0.840499997138977","1","1","1","1","1","1","0.32589998841285706","0.32589998841285706","0.32589998841285706","0.840399980545044","0.840399980545044","0.840399980545044"
"4929","1","1","1","1","1","1","0.42409998178482056","0.42409998178482056","0.42409998178482056","0.8543999791145325","0.8543999791145325","0.8543999791145325","1","1","1","1","1","1","0.46699997782707214","0.46699997782707214","0.46699997782707214","0.8661999702453613","0.8661999702453613","0.8661999702453613","1","1","1","1","1","1","0.35929998755455017","0.35929998755455017","0.35929998755455017","0.8429999947547913","0.8429999947547913","0.8429999947547913","1","1","1","1","1","1","0.33229997754096985","0.33229997754096985","0.33229997754096985","0.840499997138977","0.840499997138977","0.840499997138977","1","1","1","1","1","1","0.3264999985694885","0.3264999985694885","0.3264999985694885","0.8402999639511108","0.8402999639511108","0.8402999639511108"
"4940","1","1","1","1","1","1","0.4244999885559082","0.4244999885559082","0.4244999885559082","0.854200005531311","0.854200005531311","0.854200005531311","1","1","1","1","1","1","0.4664999842643738","0.4664999842643738","0.4664999842643738","0.8654999732971191","0.8654999732971191","0.8654999732971191","1","1","1","1","1","1","0.36399999260902405","0.36399999260902405","0.36399999260902405","0.8430999517440796","0.8430999517440796","0.8430999517440796","1","1","1","1","1","1","0.33149999380111694","0.33149999380111694","0.33149999380111694","0.8414999842643738","0.8414999842643738","0.8414999842643738","1","1","1","1","1","1","0.31849998235702515","0.31849998235702515","0.31849998235702515","0.8391000032424927","0.8391000032424927","0.8391000032424927"
"4951","1","1","1","1","1","1","0.4259999990463257","0.4259999990463257","0.4259999990463257","0.8552999496459961","0.8552999496459961","0.8552999496459961","1","1","1","1","1","1","0.4602999985218048","0.4602999985218048","0.4602999985218048","0.8640999794006348","0.8640999794006348","0.8640999794006348","1","1","1","1","1","1","0.36559998989105225","0.36559998989105225","0.36559998989105225","0.8441999554634094","0.8441999554634094","0.8441999554634094","1","1","1","1","1","1","0.32839998602867126","0.32839998602867126","0.32839998602867126","0.8396999835968018","0.8396999835968018","0.8396999835968018","1","1","1","1","1","1","0.3148999810218811","0.3148999810218811","0.3148999810218811","0.8385999798774719","0.8385999798774719","0.8385999798774719"
"4962","1","1","1","1","1","1","0.42229998111724854","0.42229998111724854","0.42229998111724854","0.854699969291687","0.854699969291687","0.854699969291687","1","1","1","1","1","1","0.4651999771595001","0.4651999771595001","0.4651999771595001","0.8640999794006348","0.8640999794006348","0.8640999794006348","1","1","1","1","1","1","0.3626999855041504","0.3626999855041504","0.3626999855041504","0.8420999646186829","0.8420999646186829","0.8420999646186829","1","1","1","1","1","1","0.3330000042915344","0.3330000042915344","0.3330000042915344","0.8420000076293945","0.8420000076293945","0.8420000076293945","1","1","1","1","1","1","0.3091000020503998","0.3091000020503998","0.3091000020503998","0.8377999663352966","0.8377999663352966","0.8377999663352966"
"4973","1","1","1","1","1","1","0.42170000076293945","0.42170000076293945","0.42170000076293945","0.8535999655723572","0.8535999655723572","0.8535999655723572","1","1","1","1","1","1","0.46149998903274536","0.46149998903274536","0.46149998903274536","0.8626999855041504","0.8626999855041504","0.8626999855041504","1","1","1","1","1","1","0.35920000076293945","0.35920000076293945","0.35920000076293945","0.8424999713897705","0.8424999713897705","0.8424999713897705","1","1","1","1","1","1","0.33159998059272766","0.33159998059272766","0.33159998059272766","0.8412999510765076","0.8412999510765076","0.8412999510765076","1","1","1","1","1","1","0.3146999776363373","0.3146999776363373","0.3146999776363373","0.8387999534606934","0.8387999534606934","0.8387999534606934"
"4984","1","1","1","1","1","1","0.42489999532699585","0.42489999532699585","0.42489999532699585","0.854699969291687","0.854699969291687","0.854699969291687","1","1","1","1","1","1","0.4599999785423279","0.4599999785423279","0.4599999785423279","0.8644999861717224","0.8644999861717224","0.8644999861717224","1","1","1","1","1","1","0.35899999737739563","0.35899999737739563","0.35899999737739563","0.8423999547958374","0.8423999547958374","0.8423999547958374","1","1","1","1","1","1","0.3416999876499176","0.3416999876499176","0.3416999876499176","0.8417999744415283","0.8417999744415283","0.8417999744415283","1","1","1","1","1","1","0.3073999881744385","0.3073999881744385","0.3073999881744385","0.8373000025749207","0.8373000025749207","0.8373000025749207"
"4995","1","1","1","1","1","1","0.4258999824523926","0.4258999824523926","0.4258999824523926","0.8545999526977539","0.8545999526977539","0.8545999526977539","1","1","1","1","1","1","0.45239999890327454","0.45239999890327454","0.45239999890327454","0.861799955368042","0.861799955368042","0.861799955368042","1","1","1","1","1","1","0.36169999837875366","0.36169999837875366","0.36169999837875366","0.8429999947547913","0.8429999947547913","0.8429999947547913","1","1","1","1","1","1","0.3418999910354614","0.3418999910354614","0.3418999910354614","0.8429999947547913","0.8429999947547913","0.8429999947547913","1","1","1","1","1","1","0.3075999915599823","0.3075999915599823","0.3075999915599823","0.8385999798774719","0.8385999798774719","0.8385999798774719"
"5006","1","1","1","1","1","1","0.43379998207092285","0.43379998207092285","0.43379998207092285","0.8570999503135681","0.8570999503135681","0.8570999503135681","1","1","1","1","1","1","0.46140000224113464","0.46140000224113464","0.46140000224113464","0.8652999997138977","0.8652999997138977","0.8652999997138977","1","1","1","1","1","1","0.3480999767780304","0.3480999767780304","0.3480999767780304","0.8399999737739563","0.8399999737739563","0.8399999737739563","1","1","1","1","1","1","0.3308999836444855","0.3308999836444855","0.3308999836444855","0.8409000039100647","0.8409000039100647","0.8409000039100647","1","1","1","1","1","1","0.31299999356269836","0.31299999356269836","0.31299999356269836","0.8394999504089355","0.8394999504089355","0.8394999504089355"
"5017","1","1","1","1","1","1","0.42899999022483826","0.42899999022483826","0.42899999022483826","0.8565999865531921","0.8565999865531921","0.8565999865531921","1","1","1","1","1","1","0.4578999876976013","0.4578999876976013","0.4578999876976013","0.8650999665260315","0.8650999665260315","0.8650999665260315","1","1","1","1","1","1","0.35929998755455017","0.35929998755455017","0.35929998755455017","0.842799961566925","0.842799961566925","0.842799961566925","1","1","1","1","1","1","0.3360999822616577","0.3360999822616577","0.3360999822616577","0.8418999910354614","0.8418999910354614","0.8418999910354614","1","1","1","1","1","1","0.30730000138282776","0.30730000138282776","0.30730000138282776","0.8380999565124512","0.8380999565124512","0.8380999565124512"
"5028","1","1","1","1","1","1","0.439300000667572","0.439300000667572","0.439300000667572","0.8579999804496765","0.8579999804496765","0.8579999804496765","1","1","1","1","1","1","0.4643999934196472","0.4643999934196472","0.4643999934196472","0.8655999898910522","0.8655999898910522","0.8655999898910522","1","1","1","1","1","1","0.36010000109672546","0.36010000109672546","0.36010000109672546","0.8417999744415283","0.8417999744415283","0.8417999744415283","1","1","1","1","1","1","0.3296000063419342","0.3296000063419342","0.3296000063419342","0.8400999903678894","0.8400999903678894","0.8400999903678894","1","1","1","1","1","1","0.306799978017807","0.306799978017807","0.306799978017807","0.8375999927520752","0.8375999927520752","0.8375999927520752"
"5039","1","1","1","1","1","1","0.43879997730255127","0.43879997730255127","0.43879997730255127","0.8588999509811401","0.8588999509811401","0.8588999509811401","1","1","1","1","1","1","0.4584999978542328","0.4584999978542328","0.4584999978542328","0.8640999794006348","0.8640999794006348","0.8640999794006348","1","1","1","1","1","1","0.3698999881744385","0.3698999881744385","0.3698999881744385","0.8449999690055847","0.8449999690055847","0.8449999690055847","1","1","1","1","1","1","0.32569998502731323","0.32569998502731323","0.32569998502731323","0.8405999541282654","0.8405999541282654","0.8405999541282654","1","1","1","1","1","1","0.29829999804496765","0.29829999804496765","0.29829999804496765","0.8363999724388123","0.8363999724388123","0.8363999724388123"
"5050","1","1","1","1","1","1","0.44039997458457947","0.44039997458457947","0.44039997458457947","0.859499990940094","0.859499990940094","0.859499990940094","1","1","1","1","1","1","0.4567999839782715","0.4567999839782715","0.4567999839782715","0.8616999983787537","0.8616999983787537","0.8616999983787537","1","1","1","1","1","1","0.3726999759674072","0.3726999759674072","0.3726999759674072","0.8438999652862549","0.8438999652862549","0.8438999652862549","1","1","1","1","1","1","0.3384999930858612","0.3384999930858612","0.3384999930858612","0.8425999879837036","0.8425999879837036","0.8425999879837036","1","1","1","1","1","1","0.3024999797344208","0.3024999797344208","0.3024999797344208","0.8382999897003174","0.8382999897003174","0.8382999897003174"
"5061","1","1","1","1","1","1","0.43619999289512634","0.43619999289512634","0.43619999289512634","0.8579999804496765","0.8579999804496765","0.8579999804496765","1","1","1","1","1","1","0.45170000195503235","0.45170000195503235","0.45170000195503235","0.8634999990463257","0.8634999990463257","0.8634999990463257","1","1","1","1","1","1","0.3700000047683716","0.3700000047683716","0.3700000047683716","0.8452000021934509","0.8452000021934509","0.8452000021934509","1","1","1","1","1","1","0.34039998054504395","0.34039998054504395","0.34039998054504395","0.8452000021934509","0.8452000021934509","0.8452000021934509","1","1","1","1","1","1","0.3003999888896942","0.3003999888896942","0.3003999888896942","0.8363999724388123","0.8363999724388123","0.8363999724388123"
"5072","1","1","1","1","1","1","0.4422999918460846","0.4422999918460846","0.4422999918460846","0.8592999577522278","0.8592999577522278","0.8592999577522278","1","1","1","1","1","1","0.4587000012397766","0.4587000012397766","0.4587000012397766","0.8636999726295471","0.8636999726295471","0.8636999726295471","1","1","1","1","1","1","0.37459999322891235","0.37459999322891235","0.37459999322891235","0.8454999923706055","0.8454999923706055","0.8454999923706055","1","1","1","1","1","1","0.33649998903274536","0.33649998903274536","0.33649998903274536","0.8416999578475952","0.8416999578475952","0.8416999578475952","1","1","1","1","1","1","0.3102000057697296","0.3102000057697296","0.3102000057697296","0.8385999798774719","0.8385999798774719","0.8385999798774719"
"5083","1","1","1","1","1","1","0.44529998302459717","0.44529998302459717","0.44529998302459717","0.8583999872207642","0.8583999872207642","0.8583999872207642","1","1","1","1","1","1","0.4560000002384186","0.4560000002384186","0.4560000002384186","0.8641999959945679","0.8641999959945679","0.8641999959945679","1","1","1","1","1","1","0.3757999837398529","0.3757999837398529","0.3757999837398529","0.8452000021934509","0.8452000021934509","0.8452000021934509","1","1","1","1","1","1","0.32819998264312744","0.32819998264312744","0.32819998264312744","0.8400999903678894","0.8400999903678894","0.8400999903678894","1","1","1","1","1","1","0.31360000371932983","0.31360000371932983","0.31360000371932983","0.8391000032424927","0.8391000032424927","0.8391000032424927"
"5094","1","1","1","1","1","1","0.4497999846935272","0.4497999846935272","0.4497999846935272","0.8608999848365784","0.8608999848365784","0.8608999848365784","1","1","1","1","1","1","0.4479999840259552","0.4479999840259552","0.4479999840259552","0.8611999750137329","0.8611999750137329","0.8611999750137329","1","1","1","1","1","1","0.3642999827861786","0.3642999827861786","0.3642999827861786","0.842799961566925","0.842799961566925","0.842799961566925","1","1","1","1","1","1","0.3278000056743622","0.3278000056743622","0.3278000056743622","0.8393999934196472","0.8393999934196472","0.8393999934196472","1","1","1","1","1","1","0.30949997901916504","0.30949997901916504","0.30949997901916504","0.8366000056266785","0.8366000056266785","0.8366000056266785"
"5105","1","1","1","1","1","1","0.446399986743927","0.446399986743927","0.446399986743927","0.8611999750137329","0.8611999750137329","0.8611999750137329","1","1","1","1","1","1","0.45639997720718384","0.45639997720718384","0.45639997720718384","0.8618999719619751","0.8618999719619751","0.8618999719619751","1","1","1","1","1","1","0.3726999759674072","0.3726999759674072","0.3726999759674072","0.843999981880188","0.843999981880188","0.843999981880188","1","1","1","1","1","1","0.32269999384880066","0.32269999384880066","0.32269999384880066","0.8380999565124512","0.8380999565124512","0.8380999565124512","1","1","1","1","1","1","0.3188999891281128","0.3188999891281128","0.3188999891281128","0.8405999541282654","0.8405999541282654","0.8405999541282654"
"5116","1","1","1","1","1","1","0.45229998230934143","0.45229998230934143","0.45229998230934143","0.8611999750137329","0.8611999750137329","0.8611999750137329","1","1","1","1","1","1","0.45659998059272766","0.45659998059272766","0.45659998059272766","0.861299991607666","0.861299991607666","0.861299991607666","1","1","1","1","1","1","0.36559998989105225","0.36559998989105225","0.36559998989105225","0.8427000045776367","0.8427000045776367","0.8427000045776367","1","1","1","1","1","1","0.3296999931335449","0.3296999931335449","0.3296999931335449","0.840399980545044","0.840399980545044","0.840399980545044","1","1","1","1","1","1","0.3172999918460846","0.3172999918460846","0.3172999918460846","0.8389999866485596","0.8389999866485596","0.8389999866485596"
"5127","1","1","1","1","1","1","0.4456999897956848","0.4456999897956848","0.4456999897956848","0.8606999516487122","0.8606999516487122","0.8606999516487122","1","1","1","1","1","1","0.45879998803138733","0.45879998803138733","0.45879998803138733","0.8622999787330627","0.8622999787330627","0.8622999787330627","1","1","1","1","1","1","0.3671000003814697","0.3671000003814697","0.3671000003814697","0.8430999517440796","0.8430999517440796","0.8430999517440796","1","1","1","1","1","1","0.3385999798774719","0.3385999798774719","0.3385999798774719","0.8420000076293945","0.8420000076293945","0.8420000076293945","1","1","1","1","1","1","0.32189998030662537","0.32189998030662537","0.32189998030662537","0.840499997138977","0.840499997138977","0.840499997138977"
"5138","1","1","1","1","1","1","0.44589999318122864","0.44589999318122864","0.44589999318122864","0.8603999614715576","0.8603999614715576","0.8603999614715576","1","1","1","1","1","1","0.44419997930526733","0.44419997930526733","0.44419997930526733","0.8615999817848206","0.8615999817848206","0.8615999817848206","1","1","1","1","1","1","0.37459999322891235","0.37459999322891235","0.37459999322891235","0.8438999652862549","0.8438999652862549","0.8438999652862549","1","1","1","1","1","1","0.32679998874664307","0.32679998874664307","0.32679998874664307","0.8398999571800232","0.8398999571800232","0.8398999571800232","1","1","1","1","1","1","0.3228999972343445","0.3228999972343445","0.3228999972343445","0.8405999541282654","0.8405999541282654","0.8405999541282654"
"5149","1","1","1","1","1","1","0.4412999749183655","0.4412999749183655","0.4412999749183655","0.8596999645233154","0.8596999645233154","0.8596999645233154","1","1","1","1","1","1","0.45319998264312744","0.45319998264312744","0.45319998264312744","0.8646999597549438","0.8646999597549438","0.8646999597549438","1","1","1","1","1","1","0.36169999837875366","0.36169999837875366","0.36169999837875366","0.8422999978065491","0.8422999978065491","0.8422999978065491","1","1","1","1","1","1","0.33730000257492065","0.33730000257492065","0.33730000257492065","0.8420000076293945","0.8420000076293945","0.8420000076293945","1","1","1","1","1","1","0.32330000400543213","0.32330000400543213","0.32330000400543213","0.8409000039100647","0.8409000039100647","0.8409000039100647"
"5160","1","1","1","1","1","1","0.4438000023365021","0.4438000023365021","0.4438000023365021","0.85999995470047","0.85999995470047","0.85999995470047","1","1","1","1","1","1","0.45579999685287476","0.45579999685287476","0.45579999685287476","0.8649999499320984","0.8649999499320984","0.8649999499320984","1","1","1","1","1","1","0.3649999797344208","0.3649999797344208","0.3649999797344208","0.8434999585151672","0.8434999585151672","0.8434999585151672","1","1","1","1","1","1","0.3330000042915344","0.3330000042915344","0.3330000042915344","0.842199981212616","0.842199981212616","0.842199981212616","1","1","1","1","1","1","0.32099997997283936","0.32099997997283936","0.32099997997283936","0.840999960899353","0.840999960899353","0.840999960899353"
"5171","1","1","1","1","1","1","0.439300000667572","0.439300000667572","0.439300000667572","0.8585000038146973","0.8585000038146973","0.8585000038146973","1","1","1","1","1","1","0.44429999589920044","0.44429999589920044","0.44429999589920044","0.861299991607666","0.861299991607666","0.861299991607666","1","1","1","1","1","1","0.35979998111724854","0.35979998111724854","0.35979998111724854","0.8416999578475952","0.8416999578475952","0.8416999578475952","1","1","1","1","1","1","0.33660000562667847","0.33660000562667847","0.33660000562667847","0.8434999585151672","0.8434999585151672","0.8434999585151672","1","1","1","1","1","1","0.31209999322891235","0.31209999322891235","0.31209999322891235","0.8378999829292297","0.8378999829292297","0.8378999829292297"
"5182","1","1","1","1","1","1","0.4398999810218811","0.4398999810218811","0.4398999810218811","0.8586999773979187","0.8586999773979187","0.8586999773979187","1","1","1","1","1","1","0.44749999046325684","0.44749999046325684","0.44749999046325684","0.8622999787330627","0.8622999787330627","0.8622999787330627","1","1","1","1","1","1","0.353300005197525","0.353300005197525","0.353300005197525","0.840999960899353","0.840999960899353","0.840999960899353","1","1","1","1","1","1","0.3292999863624573","0.3292999863624573","0.3292999863624573","0.8417999744415283","0.8417999744415283","0.8417999744415283","1","1","1","1","1","1","0.31459999084472656","0.31459999084472656","0.31459999084472656","0.8379999995231628","0.8379999995231628","0.8379999995231628"
"5193","1","1","1","1","1","1","0.44259998202323914","0.44259998202323914","0.44259998202323914","0.8592999577522278","0.8592999577522278","0.8592999577522278","1","1","1","1","1","1","0.45329999923706055","0.45329999923706055","0.45329999923706055","0.8640999794006348","0.8640999794006348","0.8640999794006348","1","1","1","1","1","1","0.3536999821662903","0.3536999821662903","0.3536999821662903","0.8392999768257141","0.8392999768257141","0.8392999768257141","1","1","1","1","1","1","0.3319000005722046","0.3319000005722046","0.3319000005722046","0.8409000039100647","0.8409000039100647","0.8409000039100647","1","1","1","1","1","1","0.3093999922275543","0.3093999922275543","0.3093999922275543","0.8371999859809875","0.8371999859809875","0.8371999859809875"
"5204","1","1","1","1","1","1","0.4423999786376953","0.4423999786376953","0.4423999786376953","0.8587999939918518","0.8587999939918518","0.8587999939918518","1","1","1","1","1","1","0.4738999903202057","0.4738999903202057","0.4738999903202057","0.8675999641418457","0.8675999641418457","0.8675999641418457","1","1","1","1","1","1","0.3538999855518341","0.3538999855518341","0.3538999855518341","0.8396999835968018","0.8396999835968018","0.8396999835968018","1","1","1","1","1","1","0.3224000036716461","0.3224000036716461","0.3224000036716461","0.8393999934196472","0.8393999934196472","0.8393999934196472","1","1","1","1","1","1","0.3147999942302704","0.3147999942302704","0.3147999942302704","0.8385999798774719","0.8385999798774719","0.8385999798774719"
"5215","1","1","1","1","1","1","0.43369999527931213","0.43369999527931213","0.43369999527931213","0.8583999872207642","0.8583999872207642","0.8583999872207642","1","1","1","1","1","1","0.459199994802475","0.459199994802475","0.459199994802475","0.8641999959945679","0.8641999959945679","0.8641999959945679","1","1","1","1","1","1","0.3520999848842621","0.3520999848842621","0.3520999848842621","0.8382999897003174","0.8382999897003174","0.8382999897003174","1","1","1","1","1","1","0.32839998602867126","0.32839998602867126","0.32839998602867126","0.8402000069618225","0.8402000069618225","0.8402000069618225","1","1","1","1","1","1","0.31129997968673706","0.31129997968673706","0.31129997968673706","0.8380999565124512","0.8380999565124512","0.8380999565124512"
"5226","1","1","1","1","1","1","0.43860000371932983","0.43860000371932983","0.43860000371932983","0.8588999509811401","0.8588999509811401","0.8588999509811401","1","1","1","1","1","1","0.45799997448921204","0.45799997448921204","0.45799997448921204","0.8648999929428101","0.8648999929428101","0.8648999929428101","1","1","1","1","1","1","0.3511999845504761","0.3511999845504761","0.3511999845504761","0.8377999663352966","0.8377999663352966","0.8377999663352966","1","1","1","1","1","1","0.3369999825954437","0.3369999825954437","0.3369999825954437","0.8409000039100647","0.8409000039100647","0.8409000039100647","1","1","1","1","1","1","0.3125999867916107","0.3125999867916107","0.3125999867916107","0.8374999761581421","0.8374999761581421","0.8374999761581421"
"5237","1","1","1","1","1","1","0.43779999017715454","0.43779999017715454","0.43779999017715454","0.8596999645233154","0.8596999645233154","0.8596999645233154","1","1","1","1","1","1","0.4607999920845032","0.4607999920845032","0.4607999920845032","0.8658999800682068","0.8658999800682068","0.8658999800682068","1","1","1","1","1","1","0.35409998893737793","0.35409998893737793","0.35409998893737793","0.8399999737739563","0.8399999737739563","0.8399999737739563","1","1","1","1","1","1","0.34129998087882996","0.34129998087882996","0.34129998087882996","0.8423999547958374","0.8423999547958374","0.8423999547958374","1","1","1","1","1","1","0.31919997930526733","0.31919997930526733","0.31919997930526733","0.8402999639511108","0.8402999639511108","0.8402999639511108"
"5248","1","1","1","1","1","1","0.44029998779296875","0.44029998779296875","0.44029998779296875","0.8592000007629395","0.8592000007629395","0.8592000007629395","1","1","1","1","1","1","0.4527999758720398","0.4527999758720398","0.4527999758720398","0.8652999997138977","0.8652999997138977","0.8652999997138977","1","1","1","1","1","1","0.35439997911453247","0.35439997911453247","0.35439997911453247","0.8402000069618225","0.8402000069618225","0.8402000069618225","1","1","1","1","1","1","0.32850000262260437","0.32850000262260437","0.32850000262260437","0.8393999934196472","0.8393999934196472","0.8393999934196472","1","1","1","1","1","1","0.3166999816894531","0.3166999816894531","0.3166999816894531","0.8395999670028687","0.8395999670028687","0.8395999670028687"
"5259","1","1","1","1","1","1","0.43369999527931213","0.43369999527931213","0.43369999527931213","0.857699990272522","0.857699990272522","0.857699990272522","1","1","1","1","1","1","0.4510999917984009","0.4510999917984009","0.4510999917984009","0.8624999523162842","0.8624999523162842","0.8624999523162842","1","1","1","1","1","1","0.3563999831676483","0.3563999831676483","0.3563999831676483","0.8402000069618225","0.8402000069618225","0.8402000069618225","1","1","1","1","1","1","0.33739998936653137","0.33739998936653137","0.33739998936653137","0.8423999547958374","0.8423999547958374","0.8423999547958374","1","1","1","1","1","1","0.31619998812675476","0.31619998812675476","0.31619998812675476","0.8392999768257141","0.8392999768257141","0.8392999768257141"
"5270","1","1","1","1","1","1","0.4423999786376953","0.4423999786376953","0.4423999786376953","0.8592999577522278","0.8592999577522278","0.8592999577522278","1","1","1","1","1","1","0.4521999955177307","0.4521999955177307","0.4521999955177307","0.8636999726295471","0.8636999726295471","0.8636999726295471","1","1","1","1","1","1","0.3540000021457672","0.3540000021457672","0.3540000021457672","0.8399999737739563","0.8399999737739563","0.8399999737739563","1","1","1","1","1","1","0.3391999900341034","0.3391999900341034","0.3391999900341034","0.8435999751091003","0.8435999751091003","0.8435999751091003","1","1","1","1","1","1","0.3147999942302704","0.3147999942302704","0.3147999942302704","0.8384999632835388","0.8384999632835388","0.8384999632835388"
"5281","1","1","1","1","1","1","0.4405999779701233","0.4405999779701233","0.4405999779701233","0.8592999577522278","0.8592999577522278","0.8592999577522278","1","1","1","1","1","1","0.44669997692108154","0.44669997692108154","0.44669997692108154","0.861299991607666","0.861299991607666","0.861299991607666","1","1","1","1","1","1","0.351500004529953","0.351500004529953","0.351500004529953","0.8394999504089355","0.8394999504089355","0.8394999504089355","1","1","1","1","1","1","0.3321000039577484","0.3321000039577484","0.3321000039577484","0.8405999541282654","0.8405999541282654","0.8405999541282654","1","1","1","1","1","1","0.314300000667572","0.314300000667572","0.314300000667572","0.8385999798774719","0.8385999798774719","0.8385999798774719"
"5292","1","1","1","1","1","1","0.43320000171661377","0.43320000171661377","0.43320000171661377","0.8571999669075012","0.8571999669075012","0.8571999669075012","1","1","1","1","1","1","0.4576999843120575","0.4576999843120575","0.4576999843120575","0.8650999665260315","0.8650999665260315","0.8650999665260315","1","1","1","1","1","1","0.35839998722076416","0.35839998722076416","0.35839998722076416","0.8407999873161316","0.8407999873161316","0.8407999873161316","1","1","1","1","1","1","0.32670000195503235","0.32670000195503235","0.32670000195503235","0.8384000062942505","0.8384000062942505","0.8384000062942505","1","1","1","1","1","1","0.3125","0.3125","0.3125","0.8385999798774719","0.8385999798774719","0.8385999798774719"
"5303","1","1","1","1","1","1","0.44039997458457947","0.44039997458457947","0.44039997458457947","0.8598999977111816","0.8598999977111816","0.8598999977111816","1","1","1","1","1","1","0.45739999413490295","0.45739999413490295","0.45739999413490295","0.8631999492645264","0.8631999492645264","0.8631999492645264","1","1","1","1","1","1","0.35439997911453247","0.35439997911453247","0.35439997911453247","0.8377999663352966","0.8377999663352966","0.8377999663352966","1","1","1","1","1","1","0.32269999384880066","0.32269999384880066","0.32269999384880066","0.8388999700546265","0.8388999700546265","0.8388999700546265","1","1","1","1","1","1","0.3197000026702881","0.3197000026702881","0.3197000026702881","0.8402999639511108","0.8402999639511108","0.8402999639511108"
"5314","1","1","1","1","1","1","0.44020000100135803","0.44020000100135803","0.44020000100135803","0.8598999977111816","0.8598999977111816","0.8598999977111816","1","1","1","1","1","1","0.4465999901294708","0.4465999901294708","0.4465999901294708","0.8606999516487122","0.8606999516487122","0.8606999516487122","1","1","1","1","1","1","0.35839998722076416","0.35839998722076416","0.35839998722076416","0.8389999866485596","0.8389999866485596","0.8389999866485596","1","1","1","1","1","1","0.3261999785900116","0.3261999785900116","0.3261999785900116","0.8389999866485596","0.8389999866485596","0.8389999866485596","1","1","1","1","1","1","0.3236999809741974","0.3236999809741974","0.3236999809741974","0.8398999571800232","0.8398999571800232","0.8398999571800232"
"5325","1","1","1","1","1","1","0.4407999813556671","0.4407999813556671","0.4407999813556671","0.8588999509811401","0.8588999509811401","0.8588999509811401","1","1","1","1","1","1","0.45969998836517334","0.45969998836517334","0.45969998836517334","0.863599956035614","0.863599956035614","0.863599956035614","1","1","1","1","1","1","0.36239999532699585","0.36239999532699585","0.36239999532699585","0.8407999873161316","0.8407999873161316","0.8407999873161316","1","1","1","1","1","1","0.33249998092651367","0.33249998092651367","0.33249998092651367","0.8388999700546265","0.8388999700546265","0.8388999700546265","1","1","1","1","1","1","0.3227999806404114","0.3227999806404114","0.3227999806404114","0.8378999829292297","0.8378999829292297","0.8378999829292297"
"5336","1","1","1","1","1","1","0.444599986076355","0.444599986076355","0.444599986076355","0.8600999712944031","0.8600999712944031","0.8600999712944031","1","1","1","1","1","1","0.4608999788761139","0.4608999788761139","0.4608999788761139","0.8650999665260315","0.8650999665260315","0.8650999665260315","1","1","1","1","1","1","0.3635999858379364","0.3635999858379364","0.3635999858379364","0.840499997138977","0.840499997138977","0.840499997138977","1","1","1","1","1","1","0.3303999900817871","0.3303999900817871","0.3303999900817871","0.8396999835968018","0.8396999835968018","0.8396999835968018","1","1","1","1","1","1","0.31839999556541443","0.31839999556541443","0.31839999556541443","0.8376999497413635","0.8376999497413635","0.8376999497413635"
"5347","1","1","1","1","1","1","0.44589999318122864","0.44589999318122864","0.44589999318122864","0.8598999977111816","0.8598999977111816","0.8598999977111816","1","1","1","1","1","1","0.45729997754096985","0.45729997754096985","0.45729997754096985","0.863599956035614","0.863599956035614","0.863599956035614","1","1","1","1","1","1","0.3698999881744385","0.3698999881744385","0.3698999881744385","0.8424999713897705","0.8424999713897705","0.8424999713897705","1","1","1","1","1","1","0.3317999839782715","0.3317999839782715","0.3317999839782715","0.8407999873161316","0.8407999873161316","0.8407999873161316","1","1","1","1","1","1","0.32170000672340393","0.32170000672340393","0.32170000672340393","0.8378999829292297","0.8378999829292297","0.8378999829292297"
"5358","1","1","1","1","1","1","0.4456999897956848","0.4456999897956848","0.4456999897956848","0.8586999773979187","0.8586999773979187","0.8586999773979187","1","1","1","1","1","1","0.4681999981403351","0.4681999981403351","0.4681999981403351","0.8658999800682068","0.8658999800682068","0.8658999800682068","1","1","1","1","1","1","0.3630000054836273","0.3630000054836273","0.3630000054836273","0.840999960899353","0.840999960899353","0.840999960899353","1","1","1","1","1","1","0.3391000032424927","0.3391000032424927","0.3391000032424927","0.8425999879837036","0.8425999879837036","0.8425999879837036","1","1","1","1","1","1","0.322299987077713","0.322299987077713","0.322299987077713","0.8395999670028687","0.8395999670028687","0.8395999670028687"
"5369","1","1","1","1","1","1","0.44769999384880066","0.44769999384880066","0.44769999384880066","0.8597999811172485","0.8597999811172485","0.8597999811172485","1","1","1","1","1","1","0.4722999930381775","0.4722999930381775","0.4722999930381775","0.8659999966621399","0.8659999966621399","0.8659999966621399","1","1","1","1","1","1","0.36309999227523804","0.36309999227523804","0.36309999227523804","0.8420000076293945","0.8420000076293945","0.8420000076293945","1","1","1","1","1","1","0.3335999846458435","0.3335999846458435","0.3335999846458435","0.8402999639511108","0.8402999639511108","0.8402999639511108","1","1","1","1","1","1","0.32729998230934143","0.32729998230934143","0.32729998230934143","0.8422999978065491","0.8422999978065491","0.8422999978065491"
"5380","1","1","1","1","1","1","0.4465000033378601","0.4465000033378601","0.4465000033378601","0.8605999946594238","0.8605999946594238","0.8605999946594238","1","1","1","1","1","1","0.4651999771595001","0.4651999771595001","0.4651999771595001","0.8660999536514282","0.8660999536514282","0.8660999536514282","1","1","1","1","1","1","0.3254999816417694","0.3254999816417694","0.3254999816417694","0.8331999778747559","0.8331999778747559","0.8331999778747559","1","1","1","1","1","1","0.33249998092651367","0.33249998092651367","0.33249998092651367","0.8411999940872192","0.8411999940872192","0.8411999940872192","1","1","1","1","1","1","0.3236999809741974","0.3236999809741974","0.3236999809741974","0.8407999873161316","0.8407999873161316","0.8407999873161316"
"5391","1","1","1","1","1","1","0.44349998235702515","0.44349998235702515","0.44349998235702515","0.8596999645233154","0.8596999645233154","0.8596999645233154","1","1","1","1","1","1","0.45639997720718384","0.45639997720718384","0.45639997720718384","0.8640999794006348","0.8640999794006348","0.8640999794006348","1","1","1","1","1","1","0.351500004529953","0.351500004529953","0.351500004529953","0.8377999663352966","0.8377999663352966","0.8377999663352966","1","1","1","1","1","1","0.33159998059272766","0.33159998059272766","0.33159998059272766","0.8407999873161316","0.8407999873161316","0.8407999873161316","1","1","1","1","1","1","0.3172000050544739","0.3172000050544739","0.3172000050544739","0.8389999866485596","0.8389999866485596","0.8389999866485596"
"5402","1","1","1","1","1","1","0.43879997730255127","0.43879997730255127","0.43879997730255127","0.8585999608039856","0.8585999608039856","0.8585999608039856","1","1","1","1","1","1","0.460099995136261","0.460099995136261","0.460099995136261","0.8651999831199646","0.8651999831199646","0.8651999831199646","1","1","1","1","1","1","0.351500004529953","0.351500004529953","0.351500004529953","0.8391000032424927","0.8391000032424927","0.8391000032424927","1","1","1","1","1","1","0.3321000039577484","0.3321000039577484","0.3321000039577484","0.8414999842643738","0.8414999842643738","0.8414999842643738","1","1","1","1","1","1","0.3261999785900116","0.3261999785900116","0.3261999785900116","0.8412999510765076","0.8412999510765076","0.8412999510765076"
"5413","1","1","1","1","1","1","0.44269999861717224","0.44269999861717224","0.44269999861717224","0.8587999939918518","0.8587999939918518","0.8587999939918518","1","1","1","1","1","1","0.45239999890327454","0.45239999890327454","0.45239999890327454","0.8634999990463257","0.8634999990463257","0.8634999990463257","1","1","1","1","1","1","0.35749998688697815","0.35749998688697815","0.35749998688697815","0.8418999910354614","0.8418999910354614","0.8418999910354614","1","1","1","1","1","1","0.33309999108314514","0.33309999108314514","0.33309999108314514","0.8409000039100647","0.8409000039100647","0.8409000039100647","1","1","1","1","1","1","0.32729998230934143","0.32729998230934143","0.32729998230934143","0.8407999873161316","0.8407999873161316","0.8407999873161316"
"5424","1","1","1","1","1","1","0.4391999840736389","0.4391999840736389","0.4391999840736389","0.8587999939918518","0.8587999939918518","0.8587999939918518","1","1","1","1","1","1","0.446399986743927","0.446399986743927","0.446399986743927","0.8622999787330627","0.8622999787330627","0.8622999787330627","1","1","1","1","1","1","0.35929998755455017","0.35929998755455017","0.35929998755455017","0.8416999578475952","0.8416999578475952","0.8416999578475952","1","1","1","1","1","1","0.3252999782562256","0.3252999782562256","0.3252999782562256","0.8384000062942505","0.8384000062942505","0.8384000062942505","1","1","1","1","1","1","0.334199994802475","0.334199994802475","0.334199994802475","0.8425999879837036","0.8425999879837036","0.8425999879837036"
"5435","1","1","1","1","1","1","0.4408999979496002","0.4408999979496002","0.4408999979496002","0.8583999872207642","0.8583999872207642","0.8583999872207642","1","1","1","1","1","1","0.45749998092651367","0.45749998092651367","0.45749998092651367","0.8646000027656555","0.8646000027656555","0.8646000027656555","1","1","1","1","1","1","0.3561999797821045","0.3561999797821045","0.3561999797821045","0.8412999510765076","0.8412999510765076","0.8412999510765076","1","1","1","1","1","1","0.3279999792575836","0.3279999792575836","0.3279999792575836","0.8392999768257141","0.8392999768257141","0.8392999768257141","1","1","1","1","1","1","0.33789998292922974","0.33789998292922974","0.33789998292922974","0.842799961566925","0.842799961566925","0.842799961566925"
"5446","1","1","1","1","1","1","0.4399999976158142","0.4399999976158142","0.4399999976158142","0.8605999946594238","0.8605999946594238","0.8605999946594238","1","1","1","1","1","1","0.4649999737739563","0.4649999737739563","0.4649999737739563","0.8660999536514282","0.8660999536514282","0.8660999536514282","1","1","1","1","1","1","0.3646000027656555","0.3646000027656555","0.3646000027656555","0.8423999547958374","0.8423999547958374","0.8423999547958374","1","1","1","1","1","1","0.31689998507499695","0.31689998507499695","0.31689998507499695","0.8363999724388123","0.8363999724388123","0.8363999724388123","1","1","1","1","1","1","0.3278999924659729","0.3278999924659729","0.3278999924659729","0.8412999510765076","0.8412999510765076","0.8412999510765076"
"5457","1","1","1","1","1","1","0.4406999945640564","0.4406999945640564","0.4406999945640564","0.8596000075340271","0.8596000075340271","0.8596000075340271","1","1","1","1","1","1","0.45080000162124634","0.45080000162124634","0.45080000162124634","0.8623999953269958","0.8623999953269958","0.8623999953269958","1","1","1","1","1","1","0.3702999949455261","0.3702999949455261","0.3702999949455261","0.8431999683380127","0.8431999683380127","0.8431999683380127","1","1","1","1","1","1","0.3181000053882599","0.3181000053882599","0.3181000053882599","0.8375999927520752","0.8375999927520752","0.8375999927520752","1","1","1","1","1","1","0.32569998502731323","0.32569998502731323","0.32569998502731323","0.8395999670028687","0.8395999670028687","0.8395999670028687"
"5468","1","1","1","1","1","1","0.4372999966144562","0.4372999966144562","0.4372999966144562","0.8593999743461609","0.8593999743461609","0.8593999743461609","1","1","1","1","1","1","0.448199987411499","0.448199987411499","0.448199987411499","0.8605999946594238","0.8605999946594238","0.8605999946594238","1","1","1","1","1","1","0.3649999797344208","0.3649999797344208","0.3649999797344208","0.8424999713897705","0.8424999713897705","0.8424999713897705","1","1","1","1","1","1","0.30889999866485596","0.30889999866485596","0.30889999866485596","0.8353999853134155","0.8353999853134155","0.8353999853134155","1","1","1","1","1","1","0.32569998502731323","0.32569998502731323","0.32569998502731323","0.8389999866485596","0.8389999866485596","0.8389999866485596"
"5479","1","1","1","1","1","1","0.43549999594688416","0.43549999594688416","0.43549999594688416","0.8578999638557434","0.8578999638557434","0.8578999638557434","1","1","1","1","1","1","0.44679999351501465","0.44679999351501465","0.44679999351501465","0.8605999946594238","0.8605999946594238","0.8605999946594238","1","1","1","1","1","1","0.3671000003814697","0.3671000003814697","0.3671000003814697","0.8431999683380127","0.8431999683380127","0.8431999683380127","1","1","1","1","1","1","0.322299987077713","0.322299987077713","0.322299987077713","0.8371999859809875","0.8371999859809875","0.8371999859809875","1","1","1","1","1","1","0.32979997992515564","0.32979997992515564","0.32979997992515564","0.8409000039100647","0.8409000039100647","0.8409000039100647"
"5490","1","1","1","1","1","1","0.4423999786376953","0.4423999786376953","0.4423999786376953","0.8587999939918518","0.8587999939918518","0.8587999939918518","1","1","1","1","1","1","0.4530999958515167","0.4530999958515167","0.4530999958515167","0.8639999628067017","0.8639999628067017","0.8639999628067017","1","1","1","1","1","1","0.36569997668266296","0.36569997668266296","0.36569997668266296","0.8436999917030334","0.8436999917030334","0.8436999917030334","1","1","1","1","1","1","0.3181000053882599","0.3181000053882599","0.3181000053882599","0.8389999866485596","0.8389999866485596","0.8389999866485596","1","1","1","1","1","1","0.33649998903274536","0.33649998903274536","0.33649998903274536","0.8427000045776367","0.8427000045776367","0.8427000045776367"
"5501","1","1","1","1","1","1","0.4439999759197235","0.4439999759197235","0.4439999759197235","0.85999995470047","0.85999995470047","0.85999995470047","1","1","1","1","1","1","0.45389997959136963","0.45389997959136963","0.45389997959136963","0.8646999597549438","0.8646999597549438","0.8646999597549438","1","1","1","1","1","1","0.36249998211860657","0.36249998211860657","0.36249998211860657","0.8422999978065491","0.8422999978065491","0.8422999978065491","1","1","1","1","1","1","0.31529998779296875","0.31529998779296875","0.31529998779296875","0.8377999663352966","0.8377999663352966","0.8377999663352966","1","1","1","1","1","1","0.33009999990463257","0.33009999990463257","0.33009999990463257","0.8411999940872192","0.8411999940872192","0.8411999940872192"
"5512","1","1","1","1","1","1","0.4470999836921692","0.4470999836921692","0.4470999836921692","0.8611999750137329","0.8611999750137329","0.8611999750137329","1","1","1","1","1","1","0.4576999843120575","0.4576999843120575","0.4576999843120575","0.8648999929428101","0.8648999929428101","0.8648999929428101","1","1","1","1","1","1","0.3739999830722809","0.3739999830722809","0.3739999830722809","0.8452999591827393","0.8452999591827393","0.8452999591827393","1","1","1","1","1","1","0.3181999921798706","0.3181999921798706","0.3181999921798706","0.8395999670028687","0.8395999670028687","0.8395999670028687","1","1","1","1","1","1","0.32749998569488525","0.32749998569488525","0.32749998569488525","0.8409000039100647","0.8409000039100647","0.8409000039100647"
"5523","1","1","1","1","1","1","0.45239999890327454","0.45239999890327454","0.45239999890327454","0.8623999953269958","0.8623999953269958","0.8623999953269958","1","1","1","1","1","1","0.46230000257492065","0.46230000257492065","0.46230000257492065","0.8668999671936035","0.8668999671936035","0.8668999671936035","1","1","1","1","1","1","0.3684999942779541","0.3684999942779541","0.3684999942779541","0.8428999781608582","0.8428999781608582","0.8428999781608582","1","1","1","1","1","1","0.31630000472068787","0.31630000472068787","0.31630000472068787","0.8371999859809875","0.8371999859809875","0.8371999859809875","1","1","1","1","1","1","0.32989999651908875","0.32989999651908875","0.32989999651908875","0.8417999744415283","0.8417999744415283","0.8417999744415283"
"5534","1","1","1","1","1","1","0.45239999890327454","0.45239999890327454","0.45239999890327454","0.8622999787330627","0.8622999787330627","0.8622999787330627","1","1","1","1","1","1","0.4764999747276306","0.4764999747276306","0.4764999747276306","0.8675999641418457","0.8675999641418457","0.8675999641418457","1","1","1","1","1","1","0.3686999976634979","0.3686999976634979","0.3686999976634979","0.8438000082969666","0.8438000082969666","0.8438000082969666","1","1","1","1","1","1","0.31610000133514404","0.31610000133514404","0.31610000133514404","0.8362999558448792","0.8362999558448792","0.8362999558448792","1","1","1","1","1","1","0.3269999921321869","0.3269999921321869","0.3269999921321869","0.8395999670028687","0.8395999670028687","0.8395999670028687"
"5545","1","1","1","1","1","1","0.4527999758720398","0.4527999758720398","0.4527999758720398","0.8622999787330627","0.8622999787330627","0.8622999787330627","1","1","1","1","1","1","0.47189998626708984","0.47189998626708984","0.47189998626708984","0.8664000034332275","0.8664000034332275","0.8664000034332275","1","1","1","1","1","1","0.36879998445510864","0.36879998445510864","0.36879998445510864","0.8423999547958374","0.8423999547958374","0.8423999547958374","1","1","1","1","1","1","0.32170000672340393","0.32170000672340393","0.32170000672340393","0.8379999995231628","0.8379999995231628","0.8379999995231628","1","1","1","1","1","1","0.3220999836921692","0.3220999836921692","0.3220999836921692","0.8402000069618225","0.8402000069618225","0.8402000069618225"
"5556","1","1","1","1","1","1","0.45159998536109924","0.45159998536109924","0.45159998536109924","0.8622999787330627","0.8622999787330627","0.8622999787330627","1","1","1","1","1","1","0.48979997634887695","0.48979997634887695","0.48979997634887695","0.8727999925613403","0.8727999925613403","0.8727999925613403","1","1","1","1","1","1","0.37119999527931213","0.37119999527931213","0.37119999527931213","0.8424999713897705","0.8424999713897705","0.8424999713897705","1","1","1","1","1","1","0.3199999928474426","0.3199999928474426","0.3199999928474426","0.8370999693870544","0.8370999693870544","0.8370999693870544","1","1","1","1","1","1","0.32019999623298645","0.32019999623298645","0.32019999623298645","0.8394999504089355","0.8394999504089355","0.8394999504089355"
"5567","1","1","1","1","1","1","0.4496999979019165","0.4496999979019165","0.4496999979019165","0.8613999485969543","0.8613999485969543","0.8613999485969543","1","1","1","1","1","1","0.4870999753475189","0.4870999753475189","0.4870999753475189","0.8715999722480774","0.8715999722480774","0.8715999722480774","1","1","1","1","1","1","0.36800000071525574","0.36800000071525574","0.36800000071525574","0.8428999781608582","0.8428999781608582","0.8428999781608582","1","1","1","1","1","1","0.3173999786376953","0.3173999786376953","0.3173999786376953","0.836899995803833","0.836899995803833","0.836899995803833","1","1","1","1","1","1","0.31869998574256897","0.31869998574256897","0.31869998574256897","0.8394999504089355","0.8394999504089355","0.8394999504089355"
"5578","1","1","1","1","1","1","0.4510999917984009","0.4510999917984009","0.4510999917984009","0.8621000051498413","0.8621000051498413","0.8621000051498413","1","1","1","1","1","1","0.4837999939918518","0.4837999939918518","0.4837999939918518","0.8720999956130981","0.8720999956130981","0.8720999956130981","1","1","1","1","1","1","0.3653999865055084","0.3653999865055084","0.3653999865055084","0.8430999517440796","0.8430999517440796","0.8430999517440796","1","1","1","1","1","1","0.31459999084472656","0.31459999084472656","0.31459999084472656","0.8360999822616577","0.8360999822616577","0.8360999822616577","1","1","1","1","1","1","0.3229999840259552","0.3229999840259552","0.3229999840259552","0.8402000069618225","0.8402000069618225","0.8402000069618225"
"5589","1","1","1","1","1","1","0.44519999623298645","0.44519999623298645","0.44519999623298645","0.8610999584197998","0.8610999584197998","0.8610999584197998","1","1","1","1","1","1","0.4787999987602234","0.4787999987602234","0.4787999987602234","0.8693000078201294","0.8693000078201294","0.8693000078201294","1","1","1","1","1","1","0.3716999888420105","0.3716999888420105","0.3716999888420105","0.8430999517440796","0.8430999517440796","0.8430999517440796","1","1","1","1","1","1","0.31849998235702515","0.31849998235702515","0.31849998235702515","0.8360999822616577","0.8360999822616577","0.8360999822616577","1","1","1","1","1","1","0.32259997725486755","0.32259997725486755","0.32259997725486755","0.840399980545044","0.840399980545044","0.840399980545044"
"5600","1","1","1","1","1","1","0.44509997963905334","0.44509997963905334","0.44509997963905334","0.85999995470047","0.85999995470047","0.85999995470047","1","1","1","1","1","1","0.4690999984741211","0.4690999984741211","0.4690999984741211","0.8661999702453613","0.8661999702453613","0.8661999702453613","1","1","1","1","1","1","0.3684999942779541","0.3684999942779541","0.3684999942779541","0.842199981212616","0.842199981212616","0.842199981212616","1","1","1","1","1","1","0.3190000057220459","0.3190000057220459","0.3190000057220459","0.8378999829292297","0.8378999829292297","0.8378999829292297","1","1","1","1","1","1","0.3212999999523163","0.3212999999523163","0.3212999999523163","0.8392999768257141","0.8392999768257141","0.8392999768257141"
"5611","1","1","1","1","1","1","0.44849997758865356","0.44849997758865356","0.44849997758865356","0.8628000020980835","0.8628000020980835","0.8628000020980835","1","1","1","1","1","1","0.48259997367858887","0.48259997367858887","0.48259997367858887","0.8703999519348145","0.8703999519348145","0.8703999519348145","1","1","1","1","1","1","0.3815999925136566","0.3815999925136566","0.3815999925136566","0.8446999788284302","0.8446999788284302","0.8446999788284302","1","1","1","1","1","1","0.32919999957084656","0.32919999957084656","0.32919999957084656","0.8382999897003174","0.8382999897003174","0.8382999897003174","1","1","1","1","1","1","0.3264999985694885","0.3264999985694885","0.3264999985694885","0.8409000039100647","0.8409000039100647","0.8409000039100647"
"5622","1","1","1","1","1","1","0.4599999785423279","0.4599999785423279","0.4599999785423279","0.8637999892234802","0.8637999892234802","0.8637999892234802","1","1","1","1","1","1","0.48669999837875366","0.48669999837875366","0.48669999837875366","0.8715999722480774","0.8715999722480774","0.8715999722480774","1","1","1","1","1","1","0.3757999837398529","0.3757999837398529","0.3757999837398529","0.8443999886512756","0.8443999886512756","0.8443999886512756","1","1","1","1","1","1","0.32749998569488525","0.32749998569488525","0.32749998569488525","0.8378999829292297","0.8378999829292297","0.8378999829292297","1","1","1","1","1","1","0.3222000002861023","0.3222000002861023","0.3222000002861023","0.8399999737739563","0.8399999737739563","0.8399999737739563"
"5633","1","1","1","1","1","1","0.45389997959136963","0.45389997959136963","0.45389997959136963","0.8622999787330627","0.8622999787330627","0.8622999787330627","1","1","1","1","1","1","0.4615999758243561","0.4615999758243561","0.4615999758243561","0.8664999604225159","0.8664999604225159","0.8664999604225159","1","1","1","1","1","1","0.37950000166893005","0.37950000166893005","0.37950000166893005","0.8450999855995178","0.8450999855995178","0.8450999855995178","1","1","1","1","1","1","0.3303999900817871","0.3303999900817871","0.3303999900817871","0.8389999866485596","0.8389999866485596","0.8389999866485596","1","1","1","1","1","1","0.3222000002861023","0.3222000002861023","0.3222000002861023","0.8406999707221985","0.8406999707221985","0.8406999707221985"
"5644","1","1","1","1","1","1","0.45649999380111694","0.45649999380111694","0.45649999380111694","0.8628999590873718","0.8628999590873718","0.8628999590873718","1","1","1","1","1","1","0.47099998593330383","0.47099998593330383","0.47099998593330383","0.8689000010490417","0.8689000010490417","0.8689000010490417","1","1","1","1","1","1","0.3637000024318695","0.3637000024318695","0.3637000024318695","0.840399980545044","0.840399980545044","0.840399980545044","1","1","1","1","1","1","0.33789998292922974","0.33789998292922974","0.33789998292922974","0.8410999774932861","0.8410999774932861","0.8410999774932861","1","1","1","1","1","1","0.3321000039577484","0.3321000039577484","0.3321000039577484","0.8424999713897705","0.8424999713897705","0.8424999713897705"
"5655","1","1","1","1","1","1","0.45389997959136963","0.45389997959136963","0.45389997959136963","0.8621999621391296","0.8621999621391296","0.8621999621391296","1","1","1","1","1","1","0.46959999203681946","0.46959999203681946","0.46959999203681946","0.8668999671936035","0.8668999671936035","0.8668999671936035","1","1","1","1","1","1","0.3628999888896942","0.3628999888896942","0.3628999888896942","0.8413999676704407","0.8413999676704407","0.8413999676704407","1","1","1","1","1","1","0.3269999921321869","0.3269999921321869","0.3269999921321869","0.8380999565124512","0.8380999565124512","0.8380999565124512","1","1","1","1","1","1","0.32839998602867126","0.32839998602867126","0.32839998602867126","0.8422999978065491","0.8422999978065491","0.8422999978065491"
"5666","1","1","1","1","1","1","0.4553000032901764","0.4553000032901764","0.4553000032901764","0.8628000020980835","0.8628000020980835","0.8628000020980835","1","1","1","1","1","1","0.4699999988079071","0.4699999988079071","0.4699999988079071","0.8686999678611755","0.8686999678611755","0.8686999678611755","1","1","1","1","1","1","0.3747999966144562","0.3747999966144562","0.3747999966144562","0.8441999554634094","0.8441999554634094","0.8441999554634094","1","1","1","1","1","1","0.32909998297691345","0.32909998297691345","0.32909998297691345","0.8381999731063843","0.8381999731063843","0.8381999731063843","1","1","1","1","1","1","0.33079999685287476","0.33079999685287476","0.33079999685287476","0.8422999978065491","0.8422999978065491","0.8422999978065491"
"5677","1","1","1","1","1","1","0.4537999927997589","0.4537999927997589","0.4537999927997589","0.8622999787330627","0.8622999787330627","0.8622999787330627","1","1","1","1","1","1","0.4651999771595001","0.4651999771595001","0.4651999771595001","0.8667999505996704","0.8667999505996704","0.8667999505996704","1","1","1","1","1","1","0.36559998989105225","0.36559998989105225","0.36559998989105225","0.8416999578475952","0.8416999578475952","0.8416999578475952","1","1","1","1","1","1","0.32420000433921814","0.32420000433921814","0.32420000433921814","0.8359000086784363","0.8359000086784363","0.8359000086784363","1","1","1","1","1","1","0.32829999923706055","0.32829999923706055","0.32829999923706055","0.8416999578475952","0.8416999578475952","0.8416999578475952"
"5688","1","1","1","1","1","1","0.45969998836517334","0.45969998836517334","0.45969998836517334","0.8641999959945679","0.8641999959945679","0.8641999959945679","1","1","1","1","1","1","0.4700999855995178","0.4700999855995178","0.4700999855995178","0.8684999942779541","0.8684999942779541","0.8684999942779541","1","1","1","1","1","1","0.3580999970436096","0.3580999970436096","0.3580999970436096","0.8393999934196472","0.8393999934196472","0.8393999934196472","1","1","1","1","1","1","0.3276999890804291","0.3276999890804291","0.3276999890804291","0.8366000056266785","0.8366000056266785","0.8366000056266785","1","1","1","1","1","1","0.3203999996185303","0.3203999996185303","0.3203999996185303","0.839199960231781","0.839199960231781","0.839199960231781"
"5699","1","1","1","1","1","1","0.44829997420310974","0.44829997420310974","0.44829997420310974","0.8615999817848206","0.8615999817848206","0.8615999817848206","1","1","1","1","1","1","0.4634999930858612","0.4634999930858612","0.4634999930858612","0.8658999800682068","0.8658999800682068","0.8658999800682068","1","1","1","1","1","1","0.3643999993801117","0.3643999993801117","0.3643999993801117","0.8414999842643738","0.8414999842643738","0.8414999842643738","1","1","1","1","1","1","0.3243999779224396","0.3243999779224396","0.3243999779224396","0.8366000056266785","0.8366000056266785","0.8366000056266785","1","1","1","1","1","1","0.3303000032901764","0.3303000032901764","0.3303000032901764","0.8417999744415283","0.8417999744415283","0.8417999744415283"
"5710","1","1","1","1","1","1","0.45389997959136963","0.45389997959136963","0.45389997959136963","0.8628000020980835","0.8628000020980835","0.8628000020980835","1","1","1","1","1","1","0.4578999876976013","0.4578999876976013","0.4578999876976013","0.8639999628067017","0.8639999628067017","0.8639999628067017","1","1","1","1","1","1","0.3772999942302704","0.3772999942302704","0.3772999942302704","0.8447999954223633","0.8447999954223633","0.8447999954223633","1","1","1","1","1","1","0.3222000002861023","0.3222000002861023","0.3222000002861023","0.8356999754905701","0.8356999754905701","0.8356999754905701","1","1","1","1","1","1","0.3285999894142151","0.3285999894142151","0.3285999894142151","0.8411999940872192","0.8411999940872192","0.8411999940872192"
"5721","1","1","1","1","1","1","0.4535999894142151","0.4535999894142151","0.4535999894142151","0.863599956035614","0.863599956035614","0.863599956035614","1","1","1","1","1","1","0.4487999975681305","0.4487999975681305","0.4487999975681305","0.8623999953269958","0.8623999953269958","0.8623999953269958","1","1","1","1","1","1","0.37229999899864197","0.37229999899864197","0.37229999899864197","0.8430999517440796","0.8430999517440796","0.8430999517440796","1","1","1","1","1","1","0.3220999836921692","0.3220999836921692","0.3220999836921692","0.835599958896637","0.835599958896637","0.835599958896637","1","1","1","1","1","1","0.33899998664855957","0.33899998664855957","0.33899998664855957","0.8441999554634094","0.8441999554634094","0.8441999554634094"
"5732","1","1","1","1","1","1","0.4528999924659729","0.4528999924659729","0.4528999924659729","0.8634999990463257","0.8634999990463257","0.8634999990463257","1","1","1","1","1","1","0.45489999651908875","0.45489999651908875","0.45489999651908875","0.863099992275238","0.863099992275238","0.863099992275238","1","1","1","1","1","1","0.36569997668266296","0.36569997668266296","0.36569997668266296","0.8407999873161316","0.8407999873161316","0.8407999873161316","1","1","1","1","1","1","0.3328999876976013","0.3328999876976013","0.3328999876976013","0.8378999829292297","0.8378999829292297","0.8378999829292297","1","1","1","1","1","1","0.33159998059272766","0.33159998059272766","0.33159998059272766","0.8416999578475952","0.8416999578475952","0.8416999578475952"
"5743","1","1","1","1","1","1","0.4493999779224396","0.4493999779224396","0.4493999779224396","0.8618999719619751","0.8618999719619751","0.8618999719619751","1","1","1","1","1","1","0.44829997420310974","0.44829997420310974","0.44829997420310974","0.8615999817848206","0.8615999817848206","0.8615999817848206","1","1","1","1","1","1","0.3644999861717224","0.3644999861717224","0.3644999861717224","0.839199960231781","0.839199960231781","0.839199960231781","1","1","1","1","1","1","0.32409998774528503","0.32409998774528503","0.32409998774528503","0.835099995136261","0.835099995136261","0.835099995136261","1","1","1","1","1","1","0.3263999819755554","0.3263999819755554","0.3263999819755554","0.8424999713897705","0.8424999713897705","0.8424999713897705"
"5754","1","1","1","1","1","1","0.4520999789237976","0.4520999789237976","0.4520999789237976","0.8631999492645264","0.8631999492645264","0.8631999492645264","1","1","1","1","1","1","0.44589999318122864","0.44589999318122864","0.44589999318122864","0.8607999682426453","0.8607999682426453","0.8607999682426453","1","1","1","1","1","1","0.3667999804019928","0.3667999804019928","0.3667999804019928","0.8407999873161316","0.8407999873161316","0.8407999873161316","1","1","1","1","1","1","0.31769999861717224","0.31769999861717224","0.31769999861717224","0.8343999981880188","0.8343999981880188","0.8343999981880188","1","1","1","1","1","1","0.32359999418258667","0.32359999418258667","0.32359999418258667","0.8411999940872192","0.8411999940872192","0.8411999940872192"
"5765","1","1","1","1","1","1","0.44839999079704285","0.44839999079704285","0.44839999079704285","0.8626999855041504","0.8626999855041504","0.8626999855041504","1","1","1","1","1","1","0.444599986076355","0.444599986076355","0.444599986076355","0.8606999516487122","0.8606999516487122","0.8606999516487122","1","1","1","1","1","1","0.3686999976634979","0.3686999976634979","0.3686999976634979","0.8399999737739563","0.8399999737739563","0.8399999737739563","1","1","1","1","1","1","0.3312999904155731","0.3312999904155731","0.3312999904155731","0.8381999731063843","0.8381999731063843","0.8381999731063843","1","1","1","1","1","1","0.3150999844074249","0.3150999844074249","0.3150999844074249","0.8382999897003174","0.8382999897003174","0.8382999897003174"
"5776","1","1","1","1","1","1","0.4504999816417694","0.4504999816417694","0.4504999816417694","0.8628000020980835","0.8628000020980835","0.8628000020980835","1","1","1","1","1","1","0.4632999897003174","0.4632999897003174","0.4632999897003174","0.8675000071525574","0.8675000071525574","0.8675000071525574","1","1","1","1","1","1","0.36419999599456787","0.36419999599456787","0.36419999599456787","0.8398999571800232","0.8398999571800232","0.8398999571800232","1","1","1","1","1","1","0.32679998874664307","0.32679998874664307","0.32679998874664307","0.8357999920845032","0.8357999920845032","0.8357999920845032","1","1","1","1","1","1","0.313400000333786","0.313400000333786","0.313400000333786","0.8377999663352966","0.8377999663352966","0.8377999663352966"
"5787","1","1","1","1","1","1","0.45159998536109924","0.45159998536109924","0.45159998536109924","0.8639000058174133","0.8639000058174133","0.8639000058174133","1","1","1","1","1","1","0.4560999870300293","0.4560999870300293","0.4560999870300293","0.8649999499320984","0.8649999499320984","0.8649999499320984","1","1","1","1","1","1","0.3577999770641327","0.3577999770641327","0.3577999770641327","0.8394999504089355","0.8394999504089355","0.8394999504089355","1","1","1","1","1","1","0.32499998807907104","0.32499998807907104","0.32499998807907104","0.836899995803833","0.836899995803833","0.836899995803833","1","1","1","1","1","1","0.319599986076355","0.319599986076355","0.319599986076355","0.8389999866485596","0.8389999866485596","0.8389999866485596"
"5798","1","1","1","1","1","1","0.4519999921321869","0.4519999921321869","0.4519999921321869","0.8632999658584595","0.8632999658584595","0.8632999658584595","1","1","1","1","1","1","0.4607999920845032","0.4607999920845032","0.4607999920845032","0.8661999702453613","0.8661999702453613","0.8661999702453613","1","1","1","1","1","1","0.36069998145103455","0.36069998145103455","0.36069998145103455","0.8388999700546265","0.8388999700546265","0.8388999700546265","1","1","1","1","1","1","0.32199999690055847","0.32199999690055847","0.32199999690055847","0.8348000049591064","0.8348000049591064","0.8348000049591064","1","1","1","1","1","1","0.3140999972820282","0.3140999972820282","0.3140999972820282","0.8388999700546265","0.8388999700546265","0.8388999700546265"
"5809","1","1","1","1","1","1","0.45089998841285706","0.45089998841285706","0.45089998841285706","0.8621000051498413","0.8621000051498413","0.8621000051498413","1","1","1","1","1","1","0.47429999709129333","0.47429999709129333","0.47429999709129333","0.8684999942779541","0.8684999942779541","0.8684999942779541","1","1","1","1","1","1","0.3619000017642975","0.3619000017642975","0.3619000017642975","0.8409000039100647","0.8409000039100647","0.8409000039100647","1","1","1","1","1","1","0.3206999897956848","0.3206999897956848","0.3206999897956848","0.8334999680519104","0.8334999680519104","0.8334999680519104","1","1","1","1","1","1","0.3271999955177307","0.3271999955177307","0.3271999955177307","0.8416999578475952","0.8416999578475952","0.8416999578475952"
"5820","1","1","1","1","1","1","0.4504999816417694","0.4504999816417694","0.4504999816417694","0.8616999983787537","0.8616999983787537","0.8616999983787537","1","1","1","1","1","1","0.47759997844696045","0.47759997844696045","0.47759997844696045","0.8697999715805054","0.8697999715805054","0.8697999715805054","1","1","1","1","1","1","0.36550000309944153","0.36550000309944153","0.36550000309944153","0.8413999676704407","0.8413999676704407","0.8413999676704407","1","1","1","1","1","1","0.314300000667572","0.314300000667572","0.314300000667572","0.833299994468689","0.833299994468689","0.833299994468689","1","1","1","1","1","1","0.31949999928474426","0.31949999928474426","0.31949999928474426","0.8402000069618225","0.8402000069618225","0.8402000069618225"
"5831","1","1","1","1","1","1","0.4527999758720398","0.4527999758720398","0.4527999758720398","0.8618999719619751","0.8618999719619751","0.8618999719619751","1","1","1","1","1","1","0.4729999899864197","0.4729999899864197","0.4729999899864197","0.8693999648094177","0.8693999648094177","0.8693999648094177","1","1","1","1","1","1","0.37369999289512634","0.37369999289512634","0.37369999289512634","0.8425999879837036","0.8425999879837036","0.8425999879837036","1","1","1","1","1","1","0.32099997997283936","0.32099997997283936","0.32099997997283936","0.8359000086784363","0.8359000086784363","0.8359000086784363","1","1","1","1","1","1","0.3240000009536743","0.3240000009536743","0.3240000009536743","0.8405999541282654","0.8405999541282654","0.8405999541282654"
"5842","1","1","1","1","1","1","0.45719999074935913","0.45719999074935913","0.45719999074935913","0.8623999953269958","0.8623999953269958","0.8623999953269958","1","1","1","1","1","1","0.47939997911453247","0.47939997911453247","0.47939997911453247","0.8722999691963196","0.8722999691963196","0.8722999691963196","1","1","1","1","1","1","0.37139999866485596","0.37139999866485596","0.37139999866485596","0.8427000045776367","0.8427000045776367","0.8427000045776367","1","1","1","1","1","1","0.3270999789237976","0.3270999789237976","0.3270999789237976","0.8370999693870544","0.8370999693870544","0.8370999693870544","1","1","1","1","1","1","0.3278000056743622","0.3278000056743622","0.3278000056743622","0.8417999744415283","0.8417999744415283","0.8417999744415283"
"5853","1","1","1","1","1","1","0.4478999972343445","0.4478999972343445","0.4478999972343445","0.8605999946594238","0.8605999946594238","0.8605999946594238","1","1","1","1","1","1","0.47039997577667236","0.47039997577667236","0.47039997577667236","0.8687999844551086","0.8687999844551086","0.8687999844551086","1","1","1","1","1","1","0.36239999532699585","0.36239999532699585","0.36239999532699585","0.8416999578475952","0.8416999578475952","0.8416999578475952","1","1","1","1","1","1","0.3263999819755554","0.3263999819755554","0.3263999819755554","0.8366000056266785","0.8366000056266785","0.8366000056266785","1","1","1","1","1","1","0.33069998025894165","0.33069998025894165","0.33069998025894165","0.8429999947547913","0.8429999947547913","0.8429999947547913"
"5864","1","1","1","1","1","1","0.46149998903274536","0.46149998903274536","0.46149998903274536","0.8621000051498413","0.8621000051498413","0.8621000051498413","1","1","1","1","1","1","0.4708999991416931","0.4708999991416931","0.4708999991416931","0.8682000041007996","0.8682000041007996","0.8682000041007996","1","1","1","1","1","1","0.3637999892234802","0.3637999892234802","0.3637999892234802","0.8414999842643738","0.8414999842643738","0.8414999842643738","1","1","1","1","1","1","0.3328999876976013","0.3328999876976013","0.3328999876976013","0.8376999497413635","0.8376999497413635","0.8376999497413635","1","1","1","1","1","1","0.3330000042915344","0.3330000042915344","0.3330000042915344","0.8440999984741211","0.8440999984741211","0.8440999984741211"
"5875","1","1","1","1","1","1","0.45969998836517334","0.45969998836517334","0.45969998836517334","0.8618999719619751","0.8618999719619751","0.8618999719619751","1","1","1","1","1","1","0.47689998149871826","0.47689998149871826","0.47689998149871826","0.8689999580383301","0.8689999580383301","0.8689999580383301","1","1","1","1","1","1","0.36899998784065247","0.36899998784065247","0.36899998784065247","0.8427000045776367","0.8427000045776367","0.8427000045776367","1","1","1","1","1","1","0.3228999972343445","0.3228999972343445","0.3228999972343445","0.8352999687194824","0.8352999687194824","0.8352999687194824","1","1","1","1","1","1","0.32580000162124634","0.32580000162124634","0.32580000162124634","0.842199981212616","0.842199981212616","0.842199981212616"
"5886","1","1","1","1","1","1","0.46289998292922974","0.46289998292922974","0.46289998292922974","0.863099992275238","0.863099992275238","0.863099992275238","1","1","1","1","1","1","0.48159998655319214","0.48159998655319214","0.48159998655319214","0.8702999949455261","0.8702999949455261","0.8702999949455261","1","1","1","1","1","1","0.37199997901916504","0.37199997901916504","0.37199997901916504","0.8431999683380127","0.8431999683380127","0.8431999683380127","1","1","1","1","1","1","0.32989999651908875","0.32989999651908875","0.32989999651908875","0.8367999792098999","0.8367999792098999","0.8367999792098999","1","1","1","1","1","1","0.3351999819278717","0.3351999819278717","0.3351999819278717","0.8440999984741211","0.8440999984741211","0.8440999984741211"
"5897","1","1","1","1","1","1","0.4587000012397766","0.4587000012397766","0.4587000012397766","0.8634999990463257","0.8634999990463257","0.8634999990463257","1","1","1","1","1","1","0.4781000018119812","0.4781000018119812","0.4781000018119812","0.8696999549865723","0.8696999549865723","0.8696999549865723","1","1","1","1","1","1","0.36820000410079956","0.36820000410079956","0.36820000410079956","0.8413999676704407","0.8413999676704407","0.8413999676704407","1","1","1","1","1","1","0.3418999910354614","0.3418999910354614","0.3418999910354614","0.8392999768257141","0.8392999768257141","0.8392999768257141","1","1","1","1","1","1","0.33069998025894165","0.33069998025894165","0.33069998025894165","0.8429999947547913","0.8429999947547913","0.8429999947547913"
"5908","1","1","1","1","1","1","0.45899999141693115","0.45899999141693115","0.45899999141693115","0.8634999990463257","0.8634999990463257","0.8634999990463257","1","1","1","1","1","1","0.4697999954223633","0.4697999954223633","0.4697999954223633","0.8666999936103821","0.8666999936103821","0.8666999936103821","1","1","1","1","1","1","0.37449997663497925","0.37449997663497925","0.37449997663497925","0.842199981212616","0.842199981212616","0.842199981212616","1","1","1","1","1","1","0.3367999792098999","0.3367999792098999","0.3367999792098999","0.8375999927520752","0.8375999927520752","0.8375999927520752","1","1","1","1","1","1","0.32919999957084656","0.32919999957084656","0.32919999957084656","0.842199981212616","0.842199981212616","0.842199981212616"
"5919","1","1","1","1","1","1","0.4567999839782715","0.4567999839782715","0.4567999839782715","0.863099992275238","0.863099992275238","0.863099992275238","1","1","1","1","1","1","0.471699982881546","0.471699982881546","0.471699982881546","0.8673999905586243","0.8673999905586243","0.8673999905586243","1","1","1","1","1","1","0.3691999912261963","0.3691999912261963","0.3691999912261963","0.8416000008583069","0.8416000008583069","0.8416000008583069","1","1","1","1","1","1","0.33159998059272766","0.33159998059272766","0.33159998059272766","0.8367999792098999","0.8367999792098999","0.8367999792098999","1","1","1","1","1","1","0.3262999951839447","0.3262999951839447","0.3262999951839447","0.8422999978065491","0.8422999978065491","0.8422999978065491"
"5930","1","1","1","1","1","1","0.45669999718666077","0.45669999718666077","0.45669999718666077","0.8623999953269958","0.8623999953269958","0.8623999953269958","1","1","1","1","1","1","0.47029998898506165","0.47029998898506165","0.47029998898506165","0.8668999671936035","0.8668999671936035","0.8668999671936035","1","1","1","1","1","1","0.3676999807357788","0.3676999807357788","0.3676999807357788","0.8414999842643738","0.8414999842643738","0.8414999842643738","1","1","1","1","1","1","0.32899999618530273","0.32899999618530273","0.32899999618530273","0.835599958896637","0.835599958896637","0.835599958896637","1","1","1","1","1","1","0.3215999901294708","0.3215999901294708","0.3215999901294708","0.8406999707221985","0.8406999707221985","0.8406999707221985"
"5941","1","1","1","1","1","1","0.4545999765396118","0.4545999765396118","0.4545999765396118","0.8621000051498413","0.8621000051498413","0.8621000051498413","1","1","1","1","1","1","0.4643999934196472","0.4643999934196472","0.4643999934196472","0.8657000064849854","0.8657000064849854","0.8657000064849854","1","1","1","1","1","1","0.37629997730255127","0.37629997730255127","0.37629997730255127","0.8442999720573425","0.8442999720573425","0.8442999720573425","1","1","1","1","1","1","0.322299987077713","0.322299987077713","0.322299987077713","0.8348000049591064","0.8348000049591064","0.8348000049591064","1","1","1","1","1","1","0.3326999843120575","0.3326999843120575","0.3326999843120575","0.8438000082969666","0.8438000082969666","0.8438000082969666"
"5952","1","1","1","1","1","1","0.4554999768733978","0.4554999768733978","0.4554999768733978","0.8611999750137329","0.8611999750137329","0.8611999750137329","1","1","1","1","1","1","0.47119998931884766","0.47119998931884766","0.47119998931884766","0.8675000071525574","0.8675000071525574","0.8675000071525574","1","1","1","1","1","1","0.36489999294281006","0.36489999294281006","0.36489999294281006","0.8422999978065491","0.8422999978065491","0.8422999978065491","1","1","1","1","1","1","0.3220999836921692","0.3220999836921692","0.3220999836921692","0.8345999717712402","0.8345999717712402","0.8345999717712402","1","1","1","1","1","1","0.3392999768257141","0.3392999768257141","0.3392999768257141","0.84579998254776","0.84579998254776","0.84579998254776"
"5963","1","1","1","1","1","1","0.43209999799728394","0.43209999799728394","0.43209999799728394","0.8561999797821045","0.8561999797821045","0.8561999797821045","1","1","1","1","1","1","0.4585999846458435","0.4585999846458435","0.4585999846458435","0.8652999997138977","0.8652999997138977","0.8652999997138977","1","1","1","1","1","1","0.37229999899864197","0.37229999899864197","0.37229999899864197","0.8422999978065491","0.8422999978065491","0.8422999978065491","1","1","1","1","1","1","0.31369999051094055","0.31369999051094055","0.31369999051094055","0.8328999876976013","0.8328999876976013","0.8328999876976013","1","1","1","1","1","1","0.33480000495910645","0.33480000495910645","0.33480000495910645","0.843999981880188","0.843999981880188","0.843999981880188"
"5974","1","1","1","1","1","1","0.4640999734401703","0.4640999734401703","0.4640999734401703","0.8641999959945679","0.8641999959945679","0.8641999959945679","1","1","1","1","1","1","0.46239998936653137","0.46239998936653137","0.46239998936653137","0.8644999861717224","0.8644999861717224","0.8644999861717224","1","1","1","1","1","1","0.37109997868537903","0.37109997868537903","0.37109997868537903","0.8420000076293945","0.8420000076293945","0.8420000076293945","1","1","1","1","1","1","0.32099997997283936","0.32099997997283936","0.32099997997283936","0.835099995136261","0.835099995136261","0.835099995136261","1","1","1","1","1","1","0.33969998359680176","0.33969998359680176","0.33969998359680176","0.8467999696731567","0.8467999696731567","0.8467999696731567"
"5985","1","1","1","1","1","1","0.46379998326301575","0.46379998326301575","0.46379998326301575","0.8642999529838562","0.8642999529838562","0.8642999529838562","1","1","1","1","1","1","0.4672999978065491","0.4672999978065491","0.4672999978065491","0.8643999695777893","0.8643999695777893","0.8643999695777893","1","1","1","1","1","1","0.37219998240470886","0.37219998240470886","0.37219998240470886","0.8436999917030334","0.8436999917030334","0.8436999917030334","1","1","1","1","1","1","0.31759998202323914","0.31759998202323914","0.31759998202323914","0.8343999981880188","0.8343999981880188","0.8343999981880188","1","1","1","1","1","1","0.3349999785423279","0.3349999785423279","0.3349999785423279","0.8443999886512756","0.8443999886512756","0.8443999886512756"
"5996","1","1","1","1","1","1","0.46299999952316284","0.46299999952316284","0.46299999952316284","0.8639999628067017","0.8639999628067017","0.8639999628067017","1","1","1","1","1","1","0.4658999741077423","0.4658999741077423","0.4658999741077423","0.8659999966621399","0.8659999966621399","0.8659999966621399","1","1","1","1","1","1","0.3718000054359436","0.3718000054359436","0.3718000054359436","0.8434999585151672","0.8434999585151672","0.8434999585151672","1","1","1","1","1","1","0.32189998030662537","0.32189998030662537","0.32189998030662537","0.8379999995231628","0.8379999995231628","0.8379999995231628","1","1","1","1","1","1","0.3366999924182892","0.3366999924182892","0.3366999924182892","0.8445000052452087","0.8445000052452087","0.8445000052452087"
"6007","1","1","1","1","1","1","0.4635999798774719","0.4635999798774719","0.4635999798774719","0.8639999628067017","0.8639999628067017","0.8639999628067017","1","1","1","1","1","1","0.46369999647140503","0.46369999647140503","0.46369999647140503","0.8640999794006348","0.8640999794006348","0.8640999794006348","1","1","1","1","1","1","0.3643999993801117","0.3643999993801117","0.3643999993801117","0.8418999910354614","0.8418999910354614","0.8418999910354614","1","1","1","1","1","1","0.3238999843597412","0.3238999843597412","0.3238999843597412","0.8376999497413635","0.8376999497413635","0.8376999497413635","1","1","1","1","1","1","0.3425000011920929","0.3425000011920929","0.3425000011920929","0.8463999629020691","0.8463999629020691","0.8463999629020691"
"6018","1","1","1","1","1","1","0.4544999897480011","0.4544999897480011","0.4544999897480011","0.8618999719619751","0.8618999719619751","0.8618999719619751","1","1","1","1","1","1","0.4675000011920929","0.4675000011920929","0.4675000011920929","0.8637999892234802","0.8637999892234802","0.8637999892234802","1","1","1","1","1","1","0.3748999834060669","0.3748999834060669","0.3748999834060669","0.8432999849319458","0.8432999849319458","0.8432999849319458","1","1","1","1","1","1","0.32189998030662537","0.32189998030662537","0.32189998030662537","0.8376999497413635","0.8376999497413635","0.8376999497413635","1","1","1","1","1","1","0.33149999380111694","0.33149999380111694","0.33149999380111694","0.8442999720573425","0.8442999720573425","0.8442999720573425"
"6029","1","1","1","1","1","1","0.45909997820854187","0.45909997820854187","0.45909997820854187","0.8642999529838562","0.8642999529838562","0.8642999529838562","1","1","1","1","1","1","0.4693000018596649","0.4693000018596649","0.4693000018596649","0.8639000058174133","0.8639000058174133","0.8639000058174133","1","1","1","1","1","1","0.37129998207092285","0.37129998207092285","0.37129998207092285","0.8422999978065491","0.8422999978065491","0.8422999978065491","1","1","1","1","1","1","0.31450000405311584","0.31450000405311584","0.31450000405311584","0.8357999920845032","0.8357999920845032","0.8357999920845032","1","1","1","1","1","1","0.32670000195503235","0.32670000195503235","0.32670000195503235","0.8420999646186829","0.8420999646186829","0.8420999646186829"
"6040","1","1","1","1","1","1","0.45719999074935913","0.45719999074935913","0.45719999074935913","0.863099992275238","0.863099992275238","0.863099992275238","1","1","1","1","1","1","0.4706999957561493","0.4706999957561493","0.4706999957561493","0.863599956035614","0.863599956035614","0.863599956035614","1","1","1","1","1","1","0.37059998512268066","0.37059998512268066","0.37059998512268066","0.8410999774932861","0.8410999774932861","0.8410999774932861","1","1","1","1","1","1","0.32099997997283936","0.32099997997283936","0.32099997997283936","0.8376999497413635","0.8376999497413635","0.8376999497413635","1","1","1","1","1","1","0.33239999413490295","0.33239999413490295","0.33239999413490295","0.8441999554634094","0.8441999554634094","0.8441999554634094"
"6051","1","1","1","1","1","1","0.4617999792098999","0.4617999792098999","0.4617999792098999","0.8636999726295471","0.8636999726295471","0.8636999726295471","1","1","1","1","1","1","0.4575999975204468","0.4575999975204468","0.4575999975204468","0.8610000014305115","0.8610000014305115","0.8610000014305115","1","1","1","1","1","1","0.3714999854564667","0.3714999854564667","0.3714999854564667","0.8427000045776367","0.8427000045776367","0.8427000045776367","1","1","1","1","1","1","0.3212999999523163","0.3212999999523163","0.3212999999523163","0.8369999527931213","0.8369999527931213","0.8369999527931213","1","1","1","1","1","1","0.3361999988555908","0.3361999988555908","0.3361999988555908","0.8443999886512756","0.8443999886512756","0.8443999886512756"
"6062","1","1","1","1","1","1","0.45899999141693115","0.45899999141693115","0.45899999141693115","0.8637999892234802","0.8637999892234802","0.8637999892234802","1","1","1","1","1","1","0.4587000012397766","0.4587000012397766","0.4587000012397766","0.861299991607666","0.861299991607666","0.861299991607666","1","1","1","1","1","1","0.3596999943256378","0.3596999943256378","0.3596999943256378","0.8394999504089355","0.8394999504089355","0.8394999504089355","1","1","1","1","1","1","0.3222000002861023","0.3222000002861023","0.3222000002861023","0.8381999731063843","0.8381999731063843","0.8381999731063843","1","1","1","1","1","1","0.3317999839782715","0.3317999839782715","0.3317999839782715","0.8423999547958374","0.8423999547958374","0.8423999547958374"
"6073","1","1","1","1","1","1","0.4562999904155731","0.4562999904155731","0.4562999904155731","0.8622999787330627","0.8622999787330627","0.8622999787330627","1","1","1","1","1","1","0.4673999845981598","0.4673999845981598","0.4673999845981598","0.8628999590873718","0.8628999590873718","0.8628999590873718","1","1","1","1","1","1","0.3630000054836273","0.3630000054836273","0.3630000054836273","0.840399980545044","0.840399980545044","0.840399980545044","1","1","1","1","1","1","0.32339999079704285","0.32339999079704285","0.32339999079704285","0.8377999663352966","0.8377999663352966","0.8377999663352966","1","1","1","1","1","1","0.3326999843120575","0.3326999843120575","0.3326999843120575","0.8442999720573425","0.8442999720573425","0.8442999720573425"
"6084","1","1","1","1","1","1","0.4569999873638153","0.4569999873638153","0.4569999873638153","0.8621999621391296","0.8621999621391296","0.8621999621391296","1","1","1","1","1","1","0.46219998598098755","0.46219998598098755","0.46219998598098755","0.8623999953269958","0.8623999953269958","0.8623999953269958","1","1","1","1","1","1","0.36910000443458557","0.36910000443458557","0.36910000443458557","0.8424999713897705","0.8424999713897705","0.8424999713897705","1","1","1","1","1","1","0.32199999690055847","0.32199999690055847","0.32199999690055847","0.8374999761581421","0.8374999761581421","0.8374999761581421","1","1","1","1","1","1","0.33309999108314514","0.33309999108314514","0.33309999108314514","0.8420999646186829","0.8420999646186829","0.8420999646186829"
"6095","1","1","1","1","1","1","0.4558999836444855","0.4558999836444855","0.4558999836444855","0.8633999824523926","0.8633999824523926","0.8633999824523926","1","1","1","1","1","1","0.4626999795436859","0.4626999795436859","0.4626999795436859","0.8596999645233154","0.8596999645233154","0.8596999645233154","1","1","1","1","1","1","0.37299999594688416","0.37299999594688416","0.37299999594688416","0.8438000082969666","0.8438000082969666","0.8438000082969666","1","1","1","1","1","1","0.3228999972343445","0.3228999972343445","0.3228999972343445","0.8367999792098999","0.8367999792098999","0.8367999792098999","1","1","1","1","1","1","0.3278999924659729","0.3278999924659729","0.3278999924659729","0.8424999713897705","0.8424999713897705","0.8424999713897705"
"6106","1","1","1","1","1","1","0.4496999979019165","0.4496999979019165","0.4496999979019165","0.861799955368042","0.861799955368042","0.861799955368042","1","1","1","1","1","1","0.4635999798774719","0.4635999798774719","0.4635999798774719","0.8613999485969543","0.8613999485969543","0.8613999485969543","1","1","1","1","1","1","0.3601999878883362","0.3601999878883362","0.3601999878883362","0.8430999517440796","0.8430999517440796","0.8430999517440796","1","1","1","1","1","1","0.32919999957084656","0.32919999957084656","0.32919999957084656","0.8378999829292297","0.8378999829292297","0.8378999829292297","1","1","1","1","1","1","0.3358999788761139","0.3358999788761139","0.3358999788761139","0.8428999781608582","0.8428999781608582","0.8428999781608582"
"6117","1","1","1","1","1","1","0.45479997992515564","0.45479997992515564","0.45479997992515564","0.8625999689102173","0.8625999689102173","0.8625999689102173","1","1","1","1","1","1","0.46059998869895935","0.46059998869895935","0.46059998869895935","0.8610999584197998","0.8610999584197998","0.8610999584197998","1","1","1","1","1","1","0.36319997906684875","0.36319997906684875","0.36319997906684875","0.8434000015258789","0.8434000015258789","0.8434000015258789","1","1","1","1","1","1","0.3240000009536743","0.3240000009536743","0.3240000009536743","0.8361999988555908","0.8361999988555908","0.8361999988555908","1","1","1","1","1","1","0.3317999839782715","0.3317999839782715","0.3317999839782715","0.8417999744415283","0.8417999744415283","0.8417999744415283"
"6128","1","1","1","1","1","1","0.4505999982357025","0.4505999982357025","0.4505999982357025","0.8611999750137329","0.8611999750137329","0.8611999750137329","1","1","1","1","1","1","0.44929999113082886","0.44929999113082886","0.44929999113082886","0.858299970626831","0.858299970626831","0.858299970626831","1","1","1","1","1","1","0.3588999807834625","0.3588999807834625","0.3588999807834625","0.8412999510765076","0.8412999510765076","0.8412999510765076","1","1","1","1","1","1","0.3352999985218048","0.3352999985218048","0.3352999985218048","0.8395999670028687","0.8395999670028687","0.8395999670028687","1","1","1","1","1","1","0.32999998331069946","0.32999998331069946","0.32999998331069946","0.8420000076293945","0.8420000076293945","0.8420000076293945"
"6139","1","1","1","1","1","1","0.45179998874664307","0.45179998874664307","0.45179998874664307","0.8626999855041504","0.8626999855041504","0.8626999855041504","1","1","1","1","1","1","0.4448999762535095","0.4448999762535095","0.4448999762535095","0.8575999736785889","0.8575999736785889","0.8575999736785889","1","1","1","1","1","1","0.3684999942779541","0.3684999942779541","0.3684999942779541","0.8440999984741211","0.8440999984741211","0.8440999984741211","1","1","1","1","1","1","0.3270999789237976","0.3270999789237976","0.3270999789237976","0.8378999829292297","0.8378999829292297","0.8378999829292297","1","1","1","1","1","1","0.3328999876976013","0.3328999876976013","0.3328999876976013","0.8423999547958374","0.8423999547958374","0.8423999547958374"
"6150","1","1","1","1","1","1","0.44739997386932373","0.44739997386932373","0.44739997386932373","0.8616999983787537","0.8616999983787537","0.8616999983787537","1","1","1","1","1","1","0.4527999758720398","0.4527999758720398","0.4527999758720398","0.8616999983787537","0.8616999983787537","0.8616999983787537","1","1","1","1","1","1","0.37059998512268066","0.37059998512268066","0.37059998512268066","0.8441999554634094","0.8441999554634094","0.8441999554634094","1","1","1","1","1","1","0.33390000462532043","0.33390000462532043","0.33390000462532043","0.8388999700546265","0.8388999700546265","0.8388999700546265","1","1","1","1","1","1","0.32739999890327454","0.32739999890327454","0.32739999890327454","0.8429999947547913","0.8429999947547913","0.8429999947547913"
"6161","1","1","1","1","1","1","0.44929999113082886","0.44929999113082886","0.44929999113082886","0.8615999817848206","0.8615999817848206","0.8615999817848206","1","1","1","1","1","1","0.44849997758865356","0.44849997758865356","0.44849997758865356","0.8604999780654907","0.8604999780654907","0.8604999780654907","1","1","1","1","1","1","0.37279999256134033","0.37279999256134033","0.37279999256134033","0.8445999622344971","0.8445999622344971","0.8445999622344971","1","1","1","1","1","1","0.32889997959136963","0.32889997959136963","0.32889997959136963","0.8377999663352966","0.8377999663352966","0.8377999663352966","1","1","1","1","1","1","0.34119999408721924","0.34119999408721924","0.34119999408721924","0.8446999788284302","0.8446999788284302","0.8446999788284302"
"6172","1","1","1","1","1","1","0.4465999901294708","0.4465999901294708","0.4465999901294708","0.8611999750137329","0.8611999750137329","0.8611999750137329","1","1","1","1","1","1","0.45509999990463257","0.45509999990463257","0.45509999990463257","0.8597999811172485","0.8597999811172485","0.8597999811172485","1","1","1","1","1","1","0.36890000104904175","0.36890000104904175","0.36890000104904175","0.8442999720573425","0.8442999720573425","0.8442999720573425","1","1","1","1","1","1","0.3245999813079834","0.3245999813079834","0.3245999813079834","0.837399959564209","0.837399959564209","0.837399959564209","1","1","1","1","1","1","0.32850000262260437","0.32850000262260437","0.32850000262260437","0.8413999676704407","0.8413999676704407","0.8413999676704407"
"6183","1","1","1","1","1","1","0.44749999046325684","0.44749999046325684","0.44749999046325684","0.8608999848365784","0.8608999848365784","0.8608999848365784","1","1","1","1","1","1","0.45649999380111694","0.45649999380111694","0.45649999380111694","0.8618999719619751","0.8618999719619751","0.8618999719619751","1","1","1","1","1","1","0.375","0.375","0.375","0.8458999991416931","0.8458999991416931","0.8458999991416931","1","1","1","1","1","1","0.32519999146461487","0.32519999146461487","0.32519999146461487","0.8360999822616577","0.8360999822616577","0.8360999822616577","1","1","1","1","1","1","0.3334999978542328","0.3334999978542328","0.3334999978542328","0.8431999683380127","0.8431999683380127","0.8431999683380127"
"6194","1","1","1","1","1","1","0.45479997992515564","0.45479997992515564","0.45479997992515564","0.8632999658584595","0.8632999658584595","0.8632999658584595","1","1","1","1","1","1","0.4544000029563904","0.4544000029563904","0.4544000029563904","0.8618999719619751","0.8618999719619751","0.8618999719619751","1","1","1","1","1","1","0.3756999969482422","0.3756999969482422","0.3756999969482422","0.8443999886512756","0.8443999886512756","0.8443999886512756","1","1","1","1","1","1","0.3231000006198883","0.3231000006198883","0.3231000006198883","0.8363999724388123","0.8363999724388123","0.8363999724388123","1","1","1","1","1","1","0.33570000529289246","0.33570000529289246","0.33570000529289246","0.8450999855995178","0.8450999855995178","0.8450999855995178"
"6205","1","1","1","1","1","1","0.4521999955177307","0.4521999955177307","0.4521999955177307","0.8629999756813049","0.8629999756813049","0.8629999756813049","1","1","1","1","1","1","0.4643999934196472","0.4643999934196472","0.4643999934196472","0.8629999756813049","0.8629999756813049","0.8629999756813049","1","1","1","1","1","1","0.3718999922275543","0.3718999922275543","0.3718999922275543","0.8434999585151672","0.8434999585151672","0.8434999585151672","1","1","1","1","1","1","0.3164999783039093","0.3164999783039093","0.3164999783039093","0.835099995136261","0.835099995136261","0.835099995136261","1","1","1","1","1","1","0.3333999812602997","0.3333999812602997","0.3333999812602997","0.8434999585151672","0.8434999585151672","0.8434999585151672"
"6216","1","1","1","1","1","1","0.44579997658729553","0.44579997658729553","0.44579997658729553","0.859499990940094","0.859499990940094","0.859499990940094","1","1","1","1","1","1","0.4617999792098999","0.4617999792098999","0.4617999792098999","0.8613999485969543","0.8613999485969543","0.8613999485969543","1","1","1","1","1","1","0.3671000003814697","0.3671000003814697","0.3671000003814697","0.8429999947547913","0.8429999947547913","0.8429999947547913","1","1","1","1","1","1","0.3247999846935272","0.3247999846935272","0.3247999846935272","0.8366999626159668","0.8366999626159668","0.8366999626159668","1","1","1","1","1","1","0.3342999815940857","0.3342999815940857","0.3342999815940857","0.8445000052452087","0.8445000052452087","0.8445000052452087"
"6227","1","1","1","1","1","1","0.44439998269081116","0.44439998269081116","0.44439998269081116","0.8611999750137329","0.8611999750137329","0.8611999750137329","1","1","1","1","1","1","0.4633999764919281","0.4633999764919281","0.4633999764919281","0.8628000020980835","0.8628000020980835","0.8628000020980835","1","1","1","1","1","1","0.3667999804019928","0.3667999804019928","0.3667999804019928","0.842199981212616","0.842199981212616","0.842199981212616","1","1","1","1","1","1","0.3244999945163727","0.3244999945163727","0.3244999945163727","0.8367999792098999","0.8367999792098999","0.8367999792098999","1","1","1","1","1","1","0.33169999718666077","0.33169999718666077","0.33169999718666077","0.8424999713897705","0.8424999713897705","0.8424999713897705"
"6238","1","1","1","1","1","1","0.44759997725486755","0.44759997725486755","0.44759997725486755","0.8605999946594238","0.8605999946594238","0.8605999946594238","1","1","1","1","1","1","0.4585999846458435","0.4585999846458435","0.4585999846458435","0.8626999855041504","0.8626999855041504","0.8626999855041504","1","1","1","1","1","1","0.37289997935295105","0.37289997935295105","0.37289997935295105","0.8446999788284302","0.8446999788284302","0.8446999788284302","1","1","1","1","1","1","0.32850000262260437","0.32850000262260437","0.32850000262260437","0.8379999995231628","0.8379999995231628","0.8379999995231628","1","1","1","1","1","1","0.3328000009059906","0.3328000009059906","0.3328000009059906","0.8445000052452087","0.8445000052452087","0.8445000052452087"
"6249","1","1","1","1","1","1","0.4521999955177307","0.4521999955177307","0.4521999955177307","0.863099992275238","0.863099992275238","0.863099992275238","1","1","1","1","1","1","0.45829999446868896","0.45829999446868896","0.45829999446868896","0.8614999651908875","0.8614999651908875","0.8614999651908875","1","1","1","1","1","1","0.37469998002052307","0.37469998002052307","0.37469998002052307","0.8446999788284302","0.8446999788284302","0.8446999788284302","1","1","1","1","1","1","0.32420000433921814","0.32420000433921814","0.32420000433921814","0.8369999527931213","0.8369999527931213","0.8369999527931213","1","1","1","1","1","1","0.337799996137619","0.337799996137619","0.337799996137619","0.8447999954223633","0.8447999954223633","0.8447999954223633"
"6260","1","1","1","1","1","1","0.45559999346733093","0.45559999346733093","0.45559999346733093","0.8637999892234802","0.8637999892234802","0.8637999892234802","1","1","1","1","1","1","0.45389997959136963","0.45389997959136963","0.45389997959136963","0.8606999516487122","0.8606999516487122","0.8606999516487122","1","1","1","1","1","1","0.3788999915122986","0.3788999915122986","0.3788999915122986","0.8453999757766724","0.8453999757766724","0.8453999757766724","1","1","1","1","1","1","0.31949999928474426","0.31949999928474426","0.31949999928474426","0.8363999724388123","0.8363999724388123","0.8363999724388123","1","1","1","1","1","1","0.33969998359680176","0.33969998359680176","0.33969998359680176","0.8454999923706055","0.8454999923706055","0.8454999923706055"
"6271","1","1","1","1","1","1","0.44999998807907104","0.44999998807907104","0.44999998807907104","0.8619999885559082","0.8619999885559082","0.8619999885559082","1","1","1","1","1","1","0.44839999079704285","0.44839999079704285","0.44839999079704285","0.8615999817848206","0.8615999817848206","0.8615999817848206","1","1","1","1","1","1","0.3775999844074249","0.3775999844074249","0.3775999844074249","0.8453999757766724","0.8453999757766724","0.8453999757766724","1","1","1","1","1","1","0.32760000228881836","0.32760000228881836","0.32760000228881836","0.8380999565124512","0.8380999565124512","0.8380999565124512","1","1","1","1","1","1","0.33820000290870667","0.33820000290870667","0.33820000290870667","0.8438000082969666","0.8438000082969666","0.8438000082969666"
"6282","1","1","1","1","1","1","0.4535999894142151","0.4535999894142151","0.4535999894142151","0.861799955368042","0.861799955368042","0.861799955368042","1","1","1","1","1","1","0.4519999921321869","0.4519999921321869","0.4519999921321869","0.8603000044822693","0.8603000044822693","0.8603000044822693","1","1","1","1","1","1","0.38429999351501465","0.38429999351501465","0.38429999351501465","0.8467999696731567","0.8467999696731567","0.8467999696731567","1","1","1","1","1","1","0.32259997725486755","0.32259997725486755","0.32259997725486755","0.8360999822616577","0.8360999822616577","0.8360999822616577","1","1","1","1","1","1","0.3467999994754791","0.3467999994754791","0.3467999994754791","0.847000002861023","0.847000002861023","0.847000002861023"
"6293","1","1","1","1","1","1","0.4527999758720398","0.4527999758720398","0.4527999758720398","0.861799955368042","0.861799955368042","0.861799955368042","1","1","1","1","1","1","0.4487999975681305","0.4487999975681305","0.4487999975681305","0.8592000007629395","0.8592000007629395","0.8592000007629395","1","1","1","1","1","1","0.3807999789714813","0.3807999789714813","0.3807999789714813","0.8460999727249146","0.8460999727249146","0.8460999727249146","1","1","1","1","1","1","0.3172000050544739","0.3172000050544739","0.3172000050544739","0.8355000019073486","0.8355000019073486","0.8355000019073486","1","1","1","1","1","1","0.34579998254776","0.34579998254776","0.34579998254776","0.8465999960899353","0.8465999960899353","0.8465999960899353"
"6304","1","1","1","1","1","1","0.45179998874664307","0.45179998874664307","0.45179998874664307","0.863599956035614","0.863599956035614","0.863599956035614","1","1","1","1","1","1","0.445499986410141","0.445499986410141","0.445499986410141","0.8567000031471252","0.8567000031471252","0.8567000031471252","1","1","1","1","1","1","0.3771999776363373","0.3771999776363373","0.3771999776363373","0.8453999757766724","0.8453999757766724","0.8453999757766724","1","1","1","1","1","1","0.3197999894618988","0.3197999894618988","0.3197999894618988","0.8371999859809875","0.8371999859809875","0.8371999859809875","1","1","1","1","1","1","0.33390000462532043","0.33390000462532043","0.33390000462532043","0.8434000015258789","0.8434000015258789","0.8434000015258789"
"6315","1","1","1","1","1","1","0.44759997725486755","0.44759997725486755","0.44759997725486755","0.8615999817848206","0.8615999817848206","0.8615999817848206","1","1","1","1","1","1","0.45739999413490295","0.45739999413490295","0.45739999413490295","0.8593999743461609","0.8593999743461609","0.8593999743461609","1","1","1","1","1","1","0.3763999938964844","0.3763999938964844","0.3763999938964844","0.8463000059127808","0.8463000059127808","0.8463000059127808","1","1","1","1","1","1","0.3243999779224396","0.3243999779224396","0.3243999779224396","0.8378999829292297","0.8378999829292297","0.8378999829292297","1","1","1","1","1","1","0.3409000039100647","0.3409000039100647","0.3409000039100647","0.8447999954223633","0.8447999954223633","0.8447999954223633"
"6326","1","1","1","1","1","1","0.44759997725486755","0.44759997725486755","0.44759997725486755","0.861299991607666","0.861299991607666","0.861299991607666","1","1","1","1","1","1","0.4587000012397766","0.4587000012397766","0.4587000012397766","0.8597999811172485","0.8597999811172485","0.8597999811172485","1","1","1","1","1","1","0.3771999776363373","0.3771999776363373","0.3771999776363373","0.8452999591827393","0.8452999591827393","0.8452999591827393","1","1","1","1","1","1","0.32349997758865356","0.32349997758865356","0.32349997758865356","0.8369999527931213","0.8369999527931213","0.8369999527931213","1","1","1","1","1","1","0.33660000562667847","0.33660000562667847","0.33660000562667847","0.8434999585151672","0.8434999585151672","0.8434999585151672"
"6337","1","1","1","1","1","1","0.44749999046325684","0.44749999046325684","0.44749999046325684","0.8618999719619751","0.8618999719619751","0.8618999719619751","1","1","1","1","1","1","0.4607999920845032","0.4607999920845032","0.4607999920845032","0.8606999516487122","0.8606999516487122","0.8606999516487122","1","1","1","1","1","1","0.37529999017715454","0.37529999017715454","0.37529999017715454","0.8452999591827393","0.8452999591827393","0.8452999591827393","1","1","1","1","1","1","0.3215999901294708","0.3215999901294708","0.3215999901294708","0.8369999527931213","0.8369999527931213","0.8369999527931213","1","1","1","1","1","1","0.3513000011444092","0.3513000011444092","0.3513000011444092","0.8484999537467957","0.8484999537467957","0.8484999537467957"
"6348","1","1","1","1","1","1","0.44829997420310974","0.44829997420310974","0.44829997420310974","0.8614999651908875","0.8614999651908875","0.8614999651908875","1","1","1","1","1","1","0.46399998664855957","0.46399998664855957","0.46399998664855957","0.8628999590873718","0.8628999590873718","0.8628999590873718","1","1","1","1","1","1","0.3782999813556671","0.3782999813556671","0.3782999813556671","0.8463000059127808","0.8463000059127808","0.8463000059127808","1","1","1","1","1","1","0.3326999843120575","0.3326999843120575","0.3326999843120575","0.8402999639511108","0.8402999639511108","0.8402999639511108","1","1","1","1","1","1","0.3416999876499176","0.3416999876499176","0.3416999876499176","0.8450999855995178","0.8450999855995178","0.8450999855995178"
"6359","1","1","1","1","1","1","0.4493999779224396","0.4493999779224396","0.4493999779224396","0.8606999516487122","0.8606999516487122","0.8606999516487122","1","1","1","1","1","1","0.46149998903274536","0.46149998903274536","0.46149998903274536","0.8631999492645264","0.8631999492645264","0.8631999492645264","1","1","1","1","1","1","0.37439998984336853","0.37439998984336853","0.37439998984336853","0.8453999757766724","0.8453999757766724","0.8453999757766724","1","1","1","1","1","1","0.32760000228881836","0.32760000228881836","0.32760000228881836","0.8392999768257141","0.8392999768257141","0.8392999768257141","1","1","1","1","1","1","0.35359999537467957","0.35359999537467957","0.35359999537467957","0.8486999869346619","0.8486999869346619","0.8486999869346619"
"6370","1","1","1","1","1","1","0.4456000030040741","0.4456000030040741","0.4456000030040741","0.8597999811172485","0.8597999811172485","0.8597999811172485","1","1","1","1","1","1","0.47419998049736023","0.47419998049736023","0.47419998049736023","0.866599977016449","0.866599977016449","0.866599977016449","1","1","1","1","1","1","0.37779998779296875","0.37779998779296875","0.37779998779296875","0.8463000059127808","0.8463000059127808","0.8463000059127808","1","1","1","1","1","1","0.3328000009059906","0.3328000009059906","0.3328000009059906","0.8395999670028687","0.8395999670028687","0.8395999670028687","1","1","1","1","1","1","0.34199997782707214","0.34199997782707214","0.34199997782707214","0.8447999954223633","0.8447999954223633","0.8447999954223633"
"6381","1","1","1","1","1","1","0.44859999418258667","0.44859999418258667","0.44859999418258667","0.8605999946594238","0.8605999946594238","0.8605999946594238","1","1","1","1","1","1","0.47360000014305115","0.47360000014305115","0.47360000014305115","0.8652999997138977","0.8652999997138977","0.8652999997138977","1","1","1","1","1","1","0.37289997935295105","0.37289997935295105","0.37289997935295105","0.8447999954223633","0.8447999954223633","0.8447999954223633","1","1","1","1","1","1","0.32600000500679016","0.32600000500679016","0.32600000500679016","0.8378999829292297","0.8378999829292297","0.8378999829292297","1","1","1","1","1","1","0.33789998292922974","0.33789998292922974","0.33789998292922974","0.8450999855995178","0.8450999855995178","0.8450999855995178"
"6392","1","1","1","1","1","1","0.4448999762535095","0.4448999762535095","0.4448999762535095","0.8597999811172485","0.8597999811172485","0.8597999811172485","1","1","1","1","1","1","0.4773999750614166","0.4773999750614166","0.4773999750614166","0.8666999936103821","0.8666999936103821","0.8666999936103821","1","1","1","1","1","1","0.37459999322891235","0.37459999322891235","0.37459999322891235","0.8453999757766724","0.8453999757766724","0.8453999757766724","1","1","1","1","1","1","0.32819998264312744","0.32819998264312744","0.32819998264312744","0.8377999663352966","0.8377999663352966","0.8377999663352966","1","1","1","1","1","1","0.3328999876976013","0.3328999876976013","0.3328999876976013","0.8438999652862549","0.8438999652862549","0.8438999652862549"
"6403","1","1","1","1","1","1","0.44509997963905334","0.44509997963905334","0.44509997963905334","0.8592000007629395","0.8592000007629395","0.8592000007629395","1","1","1","1","1","1","0.46889999508857727","0.46889999508857727","0.46889999508857727","0.863599956035614","0.863599956035614","0.863599956035614","1","1","1","1","1","1","0.37439998984336853","0.37439998984336853","0.37439998984336853","0.8455999493598938","0.8455999493598938","0.8455999493598938","1","1","1","1","1","1","0.33799999952316284","0.33799999952316284","0.33799999952316284","0.8402999639511108","0.8402999639511108","0.8402999639511108","1","1","1","1","1","1","0.34439998865127563","0.34439998865127563","0.34439998865127563","0.8467999696731567","0.8467999696731567","0.8467999696731567"
"6414","1","1","1","1","1","1","0.44349998235702515","0.44349998235702515","0.44349998235702515","0.8586999773979187","0.8586999773979187","0.8586999773979187","1","1","1","1","1","1","0.4650999903678894","0.4650999903678894","0.4650999903678894","0.8626999855041504","0.8626999855041504","0.8626999855041504","1","1","1","1","1","1","0.3732999861240387","0.3732999861240387","0.3732999861240387","0.8448999524116516","0.8448999524116516","0.8448999524116516","1","1","1","1","1","1","0.34529998898506165","0.34529998898506165","0.34529998898506165","0.8427000045776367","0.8427000045776367","0.8427000045776367","1","1","1","1","1","1","0.34610000252723694","0.34610000252723694","0.34610000252723694","0.8470999598503113","0.8470999598503113","0.8470999598503113"
"6425","1","1","1","1","1","1","0.44279998540878296","0.44279998540878296","0.44279998540878296","0.8592999577522278","0.8592999577522278","0.8592999577522278","1","1","1","1","1","1","0.46889999508857727","0.46889999508857727","0.46889999508857727","0.8639000058174133","0.8639000058174133","0.8639000058174133","1","1","1","1","1","1","0.37469998002052307","0.37469998002052307","0.37469998002052307","0.8458999991416931","0.8458999991416931","0.8458999991416931","1","1","1","1","1","1","0.32989999651908875","0.32989999651908875","0.32989999651908875","0.8394999504089355","0.8394999504089355","0.8394999504089355","1","1","1","1","1","1","0.3385999798774719","0.3385999798774719","0.3385999798774719","0.8442999720573425","0.8442999720573425","0.8442999720573425"
"6436","1","1","1","1","1","1","0.445499986410141","0.445499986410141","0.445499986410141","0.8592000007629395","0.8592000007629395","0.8592000007629395","1","1","1","1","1","1","0.46309998631477356","0.46309998631477356","0.46309998631477356","0.8646999597549438","0.8646999597549438","0.8646999597549438","1","1","1","1","1","1","0.37139999866485596","0.37139999866485596","0.37139999866485596","0.8456999659538269","0.8456999659538269","0.8456999659538269","1","1","1","1","1","1","0.33009999990463257","0.33009999990463257","0.33009999990463257","0.8393999934196472","0.8393999934196472","0.8393999934196472","1","1","1","1","1","1","0.3393999934196472","0.3393999934196472","0.3393999934196472","0.843999981880188","0.843999981880188","0.843999981880188"
"6447","1","1","1","1","1","1","0.44209998846054077","0.44209998846054077","0.44209998846054077","0.8585000038146973","0.8585000038146973","0.8585000038146973","1","1","1","1","1","1","0.4611999988555908","0.4611999988555908","0.4611999988555908","0.863599956035614","0.863599956035614","0.863599956035614","1","1","1","1","1","1","0.3718999922275543","0.3718999922275543","0.3718999922275543","0.8463999629020691","0.8463999629020691","0.8463999629020691","1","1","1","1","1","1","0.3228999972343445","0.3228999972343445","0.3228999972343445","0.837399959564209","0.837399959564209","0.837399959564209","1","1","1","1","1","1","0.34199997782707214","0.34199997782707214","0.34199997782707214","0.8452999591827393","0.8452999591827393","0.8452999591827393"
"6458","1","1","1","1","1","1","0.4449999928474426","0.4449999928474426","0.4449999928474426","0.8596000075340271","0.8596000075340271","0.8596000075340271","1","1","1","1","1","1","0.46939998865127563","0.46939998865127563","0.46939998865127563","0.8646999597549438","0.8646999597549438","0.8646999597549438","1","1","1","1","1","1","0.36739999055862427","0.36739999055862427","0.36739999055862427","0.8438000082969666","0.8438000082969666","0.8438000082969666","1","1","1","1","1","1","0.3132999837398529","0.3132999837398529","0.3132999837398529","0.8348999619483948","0.8348999619483948","0.8348999619483948","1","1","1","1","1","1","0.3440999984741211","0.3440999984741211","0.3440999984741211","0.8465999960899353","0.8465999960899353","0.8465999960899353"
"6469","1","1","1","1","1","1","0.4430999755859375","0.4430999755859375","0.4430999755859375","0.8600999712944031","0.8600999712944031","0.8600999712944031","1","1","1","1","1","1","0.4593999981880188","0.4593999981880188","0.4593999981880188","0.8616999983787537","0.8616999983787537","0.8616999983787537","1","1","1","1","1","1","0.36489999294281006","0.36489999294281006","0.36489999294281006","0.8427000045776367","0.8427000045776367","0.8427000045776367","1","1","1","1","1","1","0.3111000061035156","0.3111000061035156","0.3111000061035156","0.8333999514579773","0.8333999514579773","0.8333999514579773","1","1","1","1","1","1","0.3382999897003174","0.3382999897003174","0.3382999897003174","0.8446999788284302","0.8446999788284302","0.8446999788284302"
"6480","1","1","1","1","1","1","0.44579997658729553","0.44579997658729553","0.44579997658729553","0.8600999712944031","0.8600999712944031","0.8600999712944031","1","1","1","1","1","1","0.4610999822616577","0.4610999822616577","0.4610999822616577","0.8621000051498413","0.8621000051498413","0.8621000051498413","1","1","1","1","1","1","0.36649999022483826","0.36649999022483826","0.36649999022483826","0.8427000045776367","0.8427000045776367","0.8427000045776367","1","1","1","1","1","1","0.31700000166893005","0.31700000166893005","0.31700000166893005","0.8356999754905701","0.8356999754905701","0.8356999754905701","1","1","1","1","1","1","0.3474999964237213","0.3474999964237213","0.3474999964237213","0.8463000059127808","0.8463000059127808","0.8463000059127808"
"6491","1","1","1","1","1","1","0.4505999982357025","0.4505999982357025","0.4505999982357025","0.8607999682426453","0.8607999682426453","0.8607999682426453","1","1","1","1","1","1","0.4681999981403351","0.4681999981403351","0.4681999981403351","0.8641999959945679","0.8641999959945679","0.8641999959945679","1","1","1","1","1","1","0.37610000371932983","0.37610000371932983","0.37610000371932983","0.8442999720573425","0.8442999720573425","0.8442999720573425","1","1","1","1","1","1","0.3227999806404114","0.3227999806404114","0.3227999806404114","0.8373000025749207","0.8373000025749207","0.8373000025749207","1","1","1","1","1","1","0.3479999899864197","0.3479999899864197","0.3479999899864197","0.8465999960899353","0.8465999960899353","0.8465999960899353"
"6502","1","1","1","1","1","1","0.4456000030040741","0.4456000030040741","0.4456000030040741","0.85999995470047","0.85999995470047","0.85999995470047","1","1","1","1","1","1","0.4651999771595001","0.4651999771595001","0.4651999771595001","0.8646000027656555","0.8646000027656555","0.8646000027656555","1","1","1","1","1","1","0.3734000027179718","0.3734000027179718","0.3734000027179718","0.8446999788284302","0.8446999788284302","0.8446999788284302","1","1","1","1","1","1","0.3231000006198883","0.3231000006198883","0.3231000006198883","0.8373000025749207","0.8373000025749207","0.8373000025749207","1","1","1","1","1","1","0.351500004529953","0.351500004529953","0.351500004529953","0.8476999998092651","0.8476999998092651","0.8476999998092651"
"6513","1","1","1","1","1","1","0.4416999816894531","0.4416999816894531","0.4416999816894531","0.8589999675750732","0.8589999675750732","0.8589999675750732","1","1","1","1","1","1","0.4733999967575073","0.4733999967575073","0.4733999967575073","0.8646000027656555","0.8646000027656555","0.8646000027656555","1","1","1","1","1","1","0.37109997868537903","0.37109997868537903","0.37109997868537903","0.843999981880188","0.843999981880188","0.843999981880188","1","1","1","1","1","1","0.3247999846935272","0.3247999846935272","0.3247999846935272","0.8377999663352966","0.8377999663352966","0.8377999663352966","1","1","1","1","1","1","0.3555999994277954","0.3555999994277954","0.3555999994277954","0.8490999937057495","0.8490999937057495","0.8490999937057495"
"6524","1","1","1","1","1","1","0.44269999861717224","0.44269999861717224","0.44269999861717224","0.8603999614715576","0.8603999614715576","0.8603999614715576","1","1","1","1","1","1","0.4578000009059906","0.4578000009059906","0.4578000009059906","0.8605999946594238","0.8605999946594238","0.8605999946594238","1","1","1","1","1","1","0.368399977684021","0.368399977684021","0.368399977684021","0.8434000015258789","0.8434000015258789","0.8434000015258789","1","1","1","1","1","1","0.32510000467300415","0.32510000467300415","0.32510000467300415","0.8359000086784363","0.8359000086784363","0.8359000086784363","1","1","1","1","1","1","0.3594000041484833","0.3594000041484833","0.3594000041484833","0.8495000004768372","0.8495000004768372","0.8495000004768372"
"6535","1","1","1","1","1","1","0.4429999887943268","0.4429999887943268","0.4429999887943268","0.8603000044822693","0.8603000044822693","0.8603000044822693","1","1","1","1","1","1","0.4666000008583069","0.4666000008583069","0.4666000008583069","0.8628999590873718","0.8628999590873718","0.8628999590873718","1","1","1","1","1","1","0.3676999807357788","0.3676999807357788","0.3676999807357788","0.8441999554634094","0.8441999554634094","0.8441999554634094","1","1","1","1","1","1","0.3255999982357025","0.3255999982357025","0.3255999982357025","0.8389999866485596","0.8389999866485596","0.8389999866485596","1","1","1","1","1","1","0.3568999767303467","0.3568999767303467","0.3568999767303467","0.8481999635696411","0.8481999635696411","0.8481999635696411"
"6546","1","1","1","1","1","1","0.4465999901294708","0.4465999901294708","0.4465999901294708","0.8605999946594238","0.8605999946594238","0.8605999946594238","1","1","1","1","1","1","0.4634999930858612","0.4634999930858612","0.4634999930858612","0.8633999824523926","0.8633999824523926","0.8633999824523926","1","1","1","1","1","1","0.37279999256134033","0.37279999256134033","0.37279999256134033","0.8447999954223633","0.8447999954223633","0.8447999954223633","1","1","1","1","1","1","0.31679999828338623","0.31679999828338623","0.31679999828338623","0.8371999859809875","0.8371999859809875","0.8371999859809875","1","1","1","1","1","1","0.351500004529953","0.351500004529953","0.351500004529953","0.8472999930381775","0.8472999930381775","0.8472999930381775"
"6557","1","1","1","1","1","1","0.4537999927997589","0.4537999927997589","0.4537999927997589","0.8607999682426453","0.8607999682426453","0.8607999682426453","1","1","1","1","1","1","0.45979997515678406","0.45979997515678406","0.45979997515678406","0.8621000051498413","0.8621000051498413","0.8621000051498413","1","1","1","1","1","1","0.36910000443458557","0.36910000443458557","0.36910000443458557","0.842799961566925","0.842799961566925","0.842799961566925","1","1","1","1","1","1","0.3203999996185303","0.3203999996185303","0.3203999996185303","0.8373000025749207","0.8373000025749207","0.8373000025749207","1","1","1","1","1","1","0.3537999987602234","0.3537999987602234","0.3537999987602234","0.8491999506950378","0.8491999506950378","0.8491999506950378"
"6568","1","1","1","1","1","1","0.4504999816417694","0.4504999816417694","0.4504999816417694","0.8628000020980835","0.8628000020980835","0.8628000020980835","1","1","1","1","1","1","0.4554999768733978","0.4554999768733978","0.4554999768733978","0.8618999719619751","0.8618999719619751","0.8618999719619751","1","1","1","1","1","1","0.36399999260902405","0.36399999260902405","0.36399999260902405","0.8434000015258789","0.8434000015258789","0.8434000015258789","1","1","1","1","1","1","0.3227999806404114","0.3227999806404114","0.3227999806404114","0.8380999565124512","0.8380999565124512","0.8380999565124512","1","1","1","1","1","1","0.34549999237060547","0.34549999237060547","0.34549999237060547","0.8461999893188477","0.8461999893188477","0.8461999893188477"
"6579","1","1","1","1","1","1","0.44509997963905334","0.44509997963905334","0.44509997963905334","0.8590999841690063","0.8590999841690063","0.8590999841690063","1","1","1","1","1","1","0.4511999785900116","0.4511999785900116","0.4511999785900116","0.8600999712944031","0.8600999712944031","0.8600999712944031","1","1","1","1","1","1","0.35670000314712524","0.35670000314712524","0.35670000314712524","0.840499997138977","0.840499997138977","0.840499997138977","1","1","1","1","1","1","0.3247999846935272","0.3247999846935272","0.3247999846935272","0.838699996471405","0.838699996471405","0.838699996471405","1","1","1","1","1","1","0.349700003862381","0.349700003862381","0.349700003862381","0.8471999764442444","0.8471999764442444","0.8471999764442444"
"6590","1","1","1","1","1","1","0.4368000030517578","0.4368000030517578","0.4368000030517578","0.8592000007629395","0.8592000007629395","0.8592000007629395","1","1","1","1","1","1","0.462799996137619","0.462799996137619","0.462799996137619","0.8639000058174133","0.8639000058174133","0.8639000058174133","1","1","1","1","1","1","0.36169999837875366","0.36169999837875366","0.36169999837875366","0.842799961566925","0.842799961566925","0.842799961566925","1","1","1","1","1","1","0.3310999870300293","0.3310999870300293","0.3310999870300293","0.8398999571800232","0.8398999571800232","0.8398999571800232","1","1","1","1","1","1","0.3579999804496765","0.3579999804496765","0.3579999804496765","0.8499999642372131","0.8499999642372131","0.8499999642372131"
"6601","1","1","1","1","1","1","0.44579997658729553","0.44579997658729553","0.44579997658729553","0.8610999584197998","0.8610999584197998","0.8610999584197998","1","1","1","1","1","1","0.45899999141693115","0.45899999141693115","0.45899999141693115","0.8644999861717224","0.8644999861717224","0.8644999861717224","1","1","1","1","1","1","0.3658999800682068","0.3658999800682068","0.3658999800682068","0.8442999720573425","0.8442999720573425","0.8442999720573425","1","1","1","1","1","1","0.3285999894142151","0.3285999894142151","0.3285999894142151","0.8373000025749207","0.8373000025749207","0.8373000025749207","1","1","1","1","1","1","0.3570999801158905","0.3570999801158905","0.3570999801158905","0.8488999605178833","0.8488999605178833","0.8488999605178833"
"6612","1","1","1","1","1","1","0.4486999809741974","0.4486999809741974","0.4486999809741974","0.8624999523162842","0.8624999523162842","0.8624999523162842","1","1","1","1","1","1","0.4554999768733978","0.4554999768733978","0.4554999768733978","0.8636999726295471","0.8636999726295471","0.8636999726295471","1","1","1","1","1","1","0.3644999861717224","0.3644999861717224","0.3644999861717224","0.8434000015258789","0.8434000015258789","0.8434000015258789","1","1","1","1","1","1","0.3244999945163727","0.3244999945163727","0.3244999945163727","0.8363999724388123","0.8363999724388123","0.8363999724388123","1","1","1","1","1","1","0.35510000586509705","0.35510000586509705","0.35510000586509705","0.8482999801635742","0.8482999801635742","0.8482999801635742"
"6623","1","1","1","1","1","1","0.4449999928474426","0.4449999928474426","0.4449999928474426","0.861799955368042","0.861799955368042","0.861799955368042","1","1","1","1","1","1","0.45389997959136963","0.45389997959136963","0.45389997959136963","0.8596999645233154","0.8596999645233154","0.8596999645233154","1","1","1","1","1","1","0.3634999990463257","0.3634999990463257","0.3634999990463257","0.8445000052452087","0.8445000052452087","0.8445000052452087","1","1","1","1","1","1","0.3326999843120575","0.3326999843120575","0.3326999843120575","0.8402999639511108","0.8402999639511108","0.8402999639511108","1","1","1","1","1","1","0.3497999906539917","0.3497999906539917","0.3497999906539917","0.8463999629020691","0.8463999629020691","0.8463999629020691"
"6634","1","1","1","1","1","1","0.44849997758865356","0.44849997758865356","0.44849997758865356","0.8619999885559082","0.8619999885559082","0.8619999885559082","1","1","1","1","1","1","0.4509999752044678","0.4509999752044678","0.4509999752044678","0.8623999953269958","0.8623999953269958","0.8623999953269958","1","1","1","1","1","1","0.35679998993873596","0.35679998993873596","0.35679998993873596","0.8416999578475952","0.8416999578475952","0.8416999578475952","1","1","1","1","1","1","0.32690000534057617","0.32690000534057617","0.32690000534057617","0.8373000025749207","0.8373000025749207","0.8373000025749207","1","1","1","1","1","1","0.35249999165534973","0.35249999165534973","0.35249999165534973","0.8483999967575073","0.8483999967575073","0.8483999967575073"
"6645","1","1","1","1","1","1","0.4449999928474426","0.4449999928474426","0.4449999928474426","0.8600999712944031","0.8600999712944031","0.8600999712944031","1","1","1","1","1","1","0.45499998331069946","0.45499998331069946","0.45499998331069946","0.863099992275238","0.863099992275238","0.863099992275238","1","1","1","1","1","1","0.3569999933242798","0.3569999933242798","0.3569999933242798","0.8422999978065491","0.8422999978065491","0.8422999978065491","1","1","1","1","1","1","0.33149999380111694","0.33149999380111694","0.33149999380111694","0.8379999995231628","0.8379999995231628","0.8379999995231628","1","1","1","1","1","1","0.3467999994754791","0.3467999994754791","0.3467999994754791","0.8477999567985535","0.8477999567985535","0.8477999567985535"
"6656","1","1","1","1","1","1","0.4462999999523163","0.4462999999523163","0.4462999999523163","0.8607999682426453","0.8607999682426453","0.8607999682426453","1","1","1","1","1","1","0.46309998631477356","0.46309998631477356","0.46309998631477356","0.8661999702453613","0.8661999702453613","0.8661999702453613","1","1","1","1","1","1","0.36329999566078186","0.36329999566078186","0.36329999566078186","0.8429999947547913","0.8429999947547913","0.8429999947547913","1","1","1","1","1","1","0.32760000228881836","0.32760000228881836","0.32760000228881836","0.8375999927520752","0.8375999927520752","0.8375999927520752","1","1","1","1","1","1","0.3537999987602234","0.3537999987602234","0.3537999987602234","0.8481999635696411","0.8481999635696411","0.8481999635696411"
"6667","1","1","1","1","1","1","0.4447999894618988","0.4447999894618988","0.4447999894618988","0.8610999584197998","0.8610999584197998","0.8610999584197998","1","1","1","1","1","1","0.47029998898506165","0.47029998898506165","0.47029998898506165","0.8672999739646912","0.8672999739646912","0.8672999739646912","1","1","1","1","1","1","0.3619999885559082","0.3619999885559082","0.3619999885559082","0.8435999751091003","0.8435999751091003","0.8435999751091003","1","1","1","1","1","1","0.3269999921321869","0.3269999921321869","0.3269999921321869","0.8407999873161316","0.8407999873161316","0.8407999873161316","1","1","1","1","1","1","0.34849998354911804","0.34849998354911804","0.34849998354911804","0.8477999567985535","0.8477999567985535","0.8477999567985535"
"6678","1","1","1","1","1","1","0.4504999816417694","0.4504999816417694","0.4504999816417694","0.8628999590873718","0.8628999590873718","0.8628999590873718","1","1","1","1","1","1","0.47419998049736023","0.47419998049736023","0.47419998049736023","0.8664000034332275","0.8664000034332275","0.8664000034332275","1","1","1","1","1","1","0.3628000020980835","0.3628000020980835","0.3628000020980835","0.8434999585151672","0.8434999585151672","0.8434999585151672","1","1","1","1","1","1","0.3236999809741974","0.3236999809741974","0.3236999809741974","0.8393999934196472","0.8393999934196472","0.8393999934196472","1","1","1","1","1","1","0.34059998393058777","0.34059998393058777","0.34059998393058777","0.8453999757766724","0.8453999757766724","0.8453999757766724"
"6689","1","1","1","1","1","1","0.44509997963905334","0.44509997963905334","0.44509997963905334","0.861799955368042","0.861799955368042","0.861799955368042","1","1","1","1","1","1","0.4558999836444855","0.4558999836444855","0.4558999836444855","0.8644999861717224","0.8644999861717224","0.8644999861717224","1","1","1","1","1","1","0.3659999966621399","0.3659999966621399","0.3659999966621399","0.8431999683380127","0.8431999683380127","0.8431999683380127","1","1","1","1","1","1","0.3255999982357025","0.3255999982357025","0.3255999982357025","0.8394999504089355","0.8394999504089355","0.8394999504089355","1","1","1","1","1","1","0.34880000352859497","0.34880000352859497","0.34880000352859497","0.8478999733924866","0.8478999733924866","0.8478999733924866"
"6700","1","1","1","1","1","1","0.4429999887943268","0.4429999887943268","0.4429999887943268","0.8618999719619751","0.8618999719619751","0.8618999719619751","1","1","1","1","1","1","0.461899995803833","0.461899995803833","0.461899995803833","0.8659999966621399","0.8659999966621399","0.8659999966621399","1","1","1","1","1","1","0.3660999834537506","0.3660999834537506","0.3660999834537506","0.8436999917030334","0.8436999917030334","0.8436999917030334","1","1","1","1","1","1","0.3328999876976013","0.3328999876976013","0.3328999876976013","0.8400999903678894","0.8400999903678894","0.8400999903678894","1","1","1","1","1","1","0.34139999747276306","0.34139999747276306","0.34139999747276306","0.8459999561309814","0.8459999561309814","0.8459999561309814"
"6711","1","1","1","1","1","1","0.4424999952316284","0.4424999952316284","0.4424999952316284","0.8621999621391296","0.8621999621391296","0.8621999621391296","1","1","1","1","1","1","0.4624999761581421","0.4624999761581421","0.4624999761581421","0.864799976348877","0.864799976348877","0.864799976348877","1","1","1","1","1","1","0.3700000047683716","0.3700000047683716","0.3700000047683716","0.8441999554634094","0.8441999554634094","0.8441999554634094","1","1","1","1","1","1","0.3317999839782715","0.3317999839782715","0.3317999839782715","0.8398999571800232","0.8398999571800232","0.8398999571800232","1","1","1","1","1","1","0.34199997782707214","0.34199997782707214","0.34199997782707214","0.8448999524116516","0.8448999524116516","0.8448999524116516"
"6722","1","1","1","1","1","1","0.43389999866485596","0.43389999866485596","0.43389999866485596","0.8578000068664551","0.8578000068664551","0.8578000068664551","1","1","1","1","1","1","0.4729999899864197","0.4729999899864197","0.4729999899864197","0.8676999807357788","0.8676999807357788","0.8676999807357788","1","1","1","1","1","1","0.37059998512268066","0.37059998512268066","0.37059998512268066","0.8455999493598938","0.8455999493598938","0.8455999493598938","1","1","1","1","1","1","0.33469998836517334","0.33469998836517334","0.33469998836517334","0.8391000032424927","0.8391000032424927","0.8391000032424927","1","1","1","1","1","1","0.33660000562667847","0.33660000562667847","0.33660000562667847","0.8434000015258789","0.8434000015258789","0.8434000015258789"
"6733","1","1","1","1","1","1","0.43619999289512634","0.43619999289512634","0.43619999289512634","0.8596999645233154","0.8596999645233154","0.8596999645233154","1","1","1","1","1","1","0.46559998393058777","0.46559998393058777","0.46559998393058777","0.8669999837875366","0.8669999837875366","0.8669999837875366","1","1","1","1","1","1","0.3619999885559082","0.3619999885559082","0.3619999885559082","0.8432999849319458","0.8432999849319458","0.8432999849319458","1","1","1","1","1","1","0.3271999955177307","0.3271999955177307","0.3271999955177307","0.837399959564209","0.837399959564209","0.837399959564209","1","1","1","1","1","1","0.3407999873161316","0.3407999873161316","0.3407999873161316","0.8438000082969666","0.8438000082969666","0.8438000082969666"
"6744","1","1","1","1","1","1","0.4368000030517578","0.4368000030517578","0.4368000030517578","0.8596999645233154","0.8596999645233154","0.8596999645233154","1","1","1","1","1","1","0.4615999758243561","0.4615999758243561","0.4615999758243561","0.8677999973297119","0.8677999973297119","0.8677999973297119","1","1","1","1","1","1","0.3660999834537506","0.3660999834537506","0.3660999834537506","0.8449999690055847","0.8449999690055847","0.8449999690055847","1","1","1","1","1","1","0.3238999843597412","0.3238999843597412","0.3238999843597412","0.8370999693870544","0.8370999693870544","0.8370999693870544","1","1","1","1","1","1","0.3352999985218048","0.3352999985218048","0.3352999985218048","0.843999981880188","0.843999981880188","0.843999981880188"
"6755","1","1","1","1","1","1","0.4396999776363373","0.4396999776363373","0.4396999776363373","0.8588999509811401","0.8588999509811401","0.8588999509811401","1","1","1","1","1","1","0.4576999843120575","0.4576999843120575","0.4576999843120575","0.8657000064849854","0.8657000064849854","0.8657000064849854","1","1","1","1","1","1","0.3779999911785126","0.3779999911785126","0.3779999911785126","0.8470999598503113","0.8470999598503113","0.8470999598503113","1","1","1","1","1","1","0.32420000433921814","0.32420000433921814","0.32420000433921814","0.8384000062942505","0.8384000062942505","0.8384000062942505","1","1","1","1","1","1","0.3261999785900116","0.3261999785900116","0.3261999785900116","0.8413999676704407","0.8413999676704407","0.8413999676704407"
"6766","1","1","1","1","1","1","0.4415999948978424","0.4415999948978424","0.4415999948978424","0.859499990940094","0.859499990940094","0.859499990940094","1","1","1","1","1","1","0.45809999108314514","0.45809999108314514","0.45809999108314514","0.8664999604225159","0.8664999604225159","0.8664999604225159","1","1","1","1","1","1","0.3686999976634979","0.3686999976634979","0.3686999976634979","0.8460999727249146","0.8460999727249146","0.8460999727249146","1","1","1","1","1","1","0.33249998092651367","0.33249998092651367","0.33249998092651367","0.8400999903678894","0.8400999903678894","0.8400999903678894","1","1","1","1","1","1","0.33660000562667847","0.33660000562667847","0.33660000562667847","0.843999981880188","0.843999981880188","0.843999981880188"
"6777","1","1","1","1","1","1","0.44369998574256897","0.44369998574256897","0.44369998574256897","0.8613999485969543","0.8613999485969543","0.8613999485969543","1","1","1","1","1","1","0.4575999975204468","0.4575999975204468","0.4575999975204468","0.8641999959945679","0.8641999959945679","0.8641999959945679","1","1","1","1","1","1","0.3773999810218811","0.3773999810218811","0.3773999810218811","0.8472999930381775","0.8472999930381775","0.8472999930381775","1","1","1","1","1","1","0.3319000005722046","0.3319000005722046","0.3319000005722046","0.8411999940872192","0.8411999940872192","0.8411999940872192","1","1","1","1","1","1","0.3360999822616577","0.3360999822616577","0.3360999822616577","0.843999981880188","0.843999981880188","0.843999981880188"
"6788","1","1","1","1","1","1","0.44519999623298645","0.44519999623298645","0.44519999623298645","0.8619999885559082","0.8619999885559082","0.8619999885559082","1","1","1","1","1","1","0.4635999798774719","0.4635999798774719","0.4635999798774719","0.8657999634742737","0.8657999634742737","0.8657999634742737","1","1","1","1","1","1","0.3726999759674072","0.3726999759674072","0.3726999759674072","0.8455999493598938","0.8455999493598938","0.8455999493598938","1","1","1","1","1","1","0.33399999141693115","0.33399999141693115","0.33399999141693115","0.840999960899353","0.840999960899353","0.840999960899353","1","1","1","1","1","1","0.33719998598098755","0.33719998598098755","0.33719998598098755","0.8441999554634094","0.8441999554634094","0.8441999554634094"
"6799","1","1","1","1","1","1","0.447299987077713","0.447299987077713","0.447299987077713","0.8626999855041504","0.8626999855041504","0.8626999855041504","1","1","1","1","1","1","0.47189998626708984","0.47189998626708984","0.47189998626708984","0.8655999898910522","0.8655999898910522","0.8655999898910522","1","1","1","1","1","1","0.37389999628067017","0.37389999628067017","0.37389999628067017","0.8459999561309814","0.8459999561309814","0.8459999561309814","1","1","1","1","1","1","0.33149999380111694","0.33149999380111694","0.33149999380111694","0.8414999842643738","0.8414999842643738","0.8414999842643738","1","1","1","1","1","1","0.3416999876499176","0.3416999876499176","0.3416999876499176","0.8446999788284302","0.8446999788284302","0.8446999788284302"
"6810","1","1","1","1","1","1","0.4416999816894531","0.4416999816894531","0.4416999816894531","0.8622999787330627","0.8622999787330627","0.8622999787330627","1","1","1","1","1","1","0.48479998111724854","0.48479998111724854","0.48479998111724854","0.8695999979972839","0.8695999979972839","0.8695999979972839","1","1","1","1","1","1","0.37119999527931213","0.37119999527931213","0.37119999527931213","0.84579998254776","0.84579998254776","0.84579998254776","1","1","1","1","1","1","0.32199999690055847","0.32199999690055847","0.32199999690055847","0.8378999829292297","0.8378999829292297","0.8378999829292297","1","1","1","1","1","1","0.3427000045776367","0.3427000045776367","0.3427000045776367","0.8452999591827393","0.8452999591827393","0.8452999591827393"
"6821","1","1","1","1","1","1","0.4377000033855438","0.4377000033855438","0.4377000033855438","0.8603999614715576","0.8603999614715576","0.8603999614715576","1","1","1","1","1","1","0.46959999203681946","0.46959999203681946","0.46959999203681946","0.8652999997138977","0.8652999997138977","0.8652999997138977","1","1","1","1","1","1","0.37229999899864197","0.37229999899864197","0.37229999899864197","0.84579998254776","0.84579998254776","0.84579998254776","1","1","1","1","1","1","0.32580000162124634","0.32580000162124634","0.32580000162124634","0.8399999737739563","0.8399999737739563","0.8399999737739563","1","1","1","1","1","1","0.33809998631477356","0.33809998631477356","0.33809998631477356","0.8447999954223633","0.8447999954223633","0.8447999954223633"
"6832","1","1","1","1","1","1","0.4389999806880951","0.4389999806880951","0.4389999806880951","0.8611999750137329","0.8611999750137329","0.8611999750137329","1","1","1","1","1","1","0.45819997787475586","0.45819997787475586","0.45819997787475586","0.8641999959945679","0.8641999959945679","0.8641999959945679","1","1","1","1","1","1","0.3662000000476837","0.3662000000476837","0.3662000000476837","0.8452000021934509","0.8452000021934509","0.8452000021934509","1","1","1","1","1","1","0.3197999894618988","0.3197999894618988","0.3197999894618988","0.8367999792098999","0.8367999792098999","0.8367999792098999","1","1","1","1","1","1","0.33899998664855957","0.33899998664855957","0.33899998664855957","0.8456999659538269","0.8456999659538269","0.8456999659538269"
"6843","1","1","1","1","1","1","0.4377000033855438","0.4377000033855438","0.4377000033855438","0.8610999584197998","0.8610999584197998","0.8610999584197998","1","1","1","1","1","1","0.4535999894142151","0.4535999894142151","0.4535999894142151","0.8628999590873718","0.8628999590873718","0.8628999590873718","1","1","1","1","1","1","0.3707999885082245","0.3707999885082245","0.3707999885082245","0.8470999598503113","0.8470999598503113","0.8470999598503113","1","1","1","1","1","1","0.31839999556541443","0.31839999556541443","0.31839999556541443","0.8374999761581421","0.8374999761581421","0.8374999761581421","1","1","1","1","1","1","0.3308999836444855","0.3308999836444855","0.3308999836444855","0.8425999879837036","0.8425999879837036","0.8425999879837036"
"6854","1","1","1","1","1","1","0.4368000030517578","0.4368000030517578","0.4368000030517578","0.8605999946594238","0.8605999946594238","0.8605999946594238","1","1","1","1","1","1","0.45509999990463257","0.45509999990463257","0.45509999990463257","0.8644999861717224","0.8644999861717224","0.8644999861717224","1","1","1","1","1","1","0.3619000017642975","0.3619000017642975","0.3619000017642975","0.8434999585151672","0.8434999585151672","0.8434999585151672","1","1","1","1","1","1","0.31939998269081116","0.31939998269081116","0.31939998269081116","0.8375999927520752","0.8375999927520752","0.8375999927520752","1","1","1","1","1","1","0.32429999113082886","0.32429999113082886","0.32429999113082886","0.8411999940872192","0.8411999940872192","0.8411999940872192"
"6865","1","1","1","1","1","1","0.43689998984336853","0.43689998984336853","0.43689998984336853","0.8600999712944031","0.8600999712944031","0.8600999712944031","1","1","1","1","1","1","0.46389999985694885","0.46389999985694885","0.46389999985694885","0.8657999634742737","0.8657999634742737","0.8657999634742737","1","1","1","1","1","1","0.3545999825000763","0.3545999825000763","0.3545999825000763","0.8431999683380127","0.8431999683380127","0.8431999683380127","1","1","1","1","1","1","0.33139997720718384","0.33139997720718384","0.33139997720718384","0.8405999541282654","0.8405999541282654","0.8405999541282654","1","1","1","1","1","1","0.33550000190734863","0.33550000190734863","0.33550000190734863","0.8430999517440796","0.8430999517440796","0.8430999517440796"
"6876","1","1","1","1","1","1","0.436599999666214","0.436599999666214","0.436599999666214","0.8606999516487122","0.8606999516487122","0.8606999516487122","1","1","1","1","1","1","0.4763000011444092","0.4763000011444092","0.4763000011444092","0.8686999678611755","0.8686999678611755","0.8686999678611755","1","1","1","1","1","1","0.3684999942779541","0.3684999942779541","0.3684999942779541","0.8463999629020691","0.8463999629020691","0.8463999629020691","1","1","1","1","1","1","0.3199000060558319","0.3199000060558319","0.3199000060558319","0.8380999565124512","0.8380999565124512","0.8380999565124512","1","1","1","1","1","1","0.3321000039577484","0.3321000039577484","0.3321000039577484","0.8430999517440796","0.8430999517440796","0.8430999517440796"
"6887","1","1","1","1","1","1","0.43860000371932983","0.43860000371932983","0.43860000371932983","0.8614999651908875","0.8614999651908875","0.8614999651908875","1","1","1","1","1","1","0.4733999967575073","0.4733999967575073","0.4733999967575073","0.8660999536514282","0.8660999536514282","0.8660999536514282","1","1","1","1","1","1","0.3685999810695648","0.3685999810695648","0.3685999810695648","0.8461999893188477","0.8461999893188477","0.8461999893188477","1","1","1","1","1","1","0.3294000029563904","0.3294000029563904","0.3294000029563904","0.8395999670028687","0.8395999670028687","0.8395999670028687","1","1","1","1","1","1","0.3280999958515167","0.3280999958515167","0.3280999958515167","0.8424999713897705","0.8424999713897705","0.8424999713897705"
"6898","1","1","1","1","1","1","0.44119998812675476","0.44119998812675476","0.44119998812675476","0.8613999485969543","0.8613999485969543","0.8613999485969543","1","1","1","1","1","1","0.4765999913215637","0.4765999913215637","0.4765999913215637","0.8672999739646912","0.8672999739646912","0.8672999739646912","1","1","1","1","1","1","0.3716000020503998","0.3716000020503998","0.3716000020503998","0.84579998254776","0.84579998254776","0.84579998254776","1","1","1","1","1","1","0.32729998230934143","0.32729998230934143","0.32729998230934143","0.8380999565124512","0.8380999565124512","0.8380999565124512","1","1","1","1","1","1","0.3255999982357025","0.3255999982357025","0.3255999982357025","0.8412999510765076","0.8412999510765076","0.8412999510765076"
"6909","1","1","1","1","1","1","0.44279998540878296","0.44279998540878296","0.44279998540878296","0.8593999743461609","0.8593999743461609","0.8593999743461609","1","1","1","1","1","1","0.48179998993873596","0.48179998993873596","0.48179998993873596","0.8696999549865723","0.8696999549865723","0.8696999549865723","1","1","1","1","1","1","0.36239999532699585","0.36239999532699585","0.36239999532699585","0.8447999954223633","0.8447999954223633","0.8447999954223633","1","1","1","1","1","1","0.32999998331069946","0.32999998331069946","0.32999998331069946","0.8402000069618225","0.8402000069618225","0.8402000069618225","1","1","1","1","1","1","0.32690000534057617","0.32690000534057617","0.32690000534057617","0.8416000008583069","0.8416000008583069","0.8416000008583069"
"6920","1","1","1","1","1","1","0.44689998030662537","0.44689998030662537","0.44689998030662537","0.8629999756813049","0.8629999756813049","0.8629999756813049","1","1","1","1","1","1","0.4836999773979187","0.4836999773979187","0.4836999773979187","0.8689000010490417","0.8689000010490417","0.8689000010490417","1","1","1","1","1","1","0.35499998927116394","0.35499998927116394","0.35499998927116394","0.8417999744415283","0.8417999744415283","0.8417999744415283","1","1","1","1","1","1","0.32889997959136963","0.32889997959136963","0.32889997959136963","0.8394999504089355","0.8394999504089355","0.8394999504089355","1","1","1","1","1","1","0.3330000042915344","0.3330000042915344","0.3330000042915344","0.8434000015258789","0.8434000015258789","0.8434000015258789"
"6931","1","1","1","1","1","1","0.44759997725486755","0.44759997725486755","0.44759997725486755","0.8616999983787537","0.8616999983787537","0.8616999983787537","1","1","1","1","1","1","0.48420000076293945","0.48420000076293945","0.48420000076293945","0.8679999709129333","0.8679999709129333","0.8679999709129333","1","1","1","1","1","1","0.36489999294281006","0.36489999294281006","0.36489999294281006","0.8431999683380127","0.8431999683380127","0.8431999683380127","1","1","1","1","1","1","0.3346000015735626","0.3346000015735626","0.3346000015735626","0.8406999707221985","0.8406999707221985","0.8406999707221985","1","1","1","1","1","1","0.3312000036239624","0.3312000036239624","0.3312000036239624","0.8425999879837036","0.8425999879837036","0.8425999879837036"
"6942","1","1","1","1","1","1","0.4478999972343445","0.4478999972343445","0.4478999972343445","0.8637999892234802","0.8637999892234802","0.8637999892234802","1","1","1","1","1","1","0.4797999858856201","0.4797999858856201","0.4797999858856201","0.868399977684021","0.868399977684021","0.868399977684021","1","1","1","1","1","1","0.3630000054836273","0.3630000054836273","0.3630000054836273","0.8434999585151672","0.8434999585151672","0.8434999585151672","1","1","1","1","1","1","0.3215999901294708","0.3215999901294708","0.3215999901294708","0.8361999988555908","0.8361999988555908","0.8361999988555908","1","1","1","1","1","1","0.3414999842643738","0.3414999842643738","0.3414999842643738","0.8455999493598938","0.8455999493598938","0.8455999493598938"
"6953","1","1","1","1","1","1","0.44609999656677246","0.44609999656677246","0.44609999656677246","0.8629999756813049","0.8629999756813049","0.8629999756813049","1","1","1","1","1","1","0.4765999913215637","0.4765999913215637","0.4765999913215637","0.8672999739646912","0.8672999739646912","0.8672999739646912","1","1","1","1","1","1","0.36959999799728394","0.36959999799728394","0.36959999799728394","0.8448999524116516","0.8448999524116516","0.8448999524116516","1","1","1","1","1","1","0.3228999972343445","0.3228999972343445","0.3228999972343445","0.837399959564209","0.837399959564209","0.837399959564209","1","1","1","1","1","1","0.33379998803138733","0.33379998803138733","0.33379998803138733","0.8430999517440796","0.8430999517440796","0.8430999517440796"
"6964","1","1","1","1","1","1","0.4496999979019165","0.4496999979019165","0.4496999979019165","0.8639000058174133","0.8639000058174133","0.8639000058174133","1","1","1","1","1","1","0.4668999910354614","0.4668999910354614","0.4668999910354614","0.8661999702453613","0.8661999702453613","0.8661999702453613","1","1","1","1","1","1","0.36579999327659607","0.36579999327659607","0.36579999327659607","0.8431999683380127","0.8431999683380127","0.8431999683380127","1","1","1","1","1","1","0.32170000672340393","0.32170000672340393","0.32170000672340393","0.8374999761581421","0.8374999761581421","0.8374999761581421","1","1","1","1","1","1","0.3391999900341034","0.3391999900341034","0.3391999900341034","0.8438999652862549","0.8438999652862549","0.8438999652862549"
"6975","1","1","1","1","1","1","0.447299987077713","0.447299987077713","0.447299987077713","0.8633999824523926","0.8633999824523926","0.8633999824523926","1","1","1","1","1","1","0.46379998326301575","0.46379998326301575","0.46379998326301575","0.863099992275238","0.863099992275238","0.863099992275238","1","1","1","1","1","1","0.36559998989105225","0.36559998989105225","0.36559998989105225","0.8420000076293945","0.8420000076293945","0.8420000076293945","1","1","1","1","1","1","0.3276999890804291","0.3276999890804291","0.3276999890804291","0.8402999639511108","0.8402999639511108","0.8402999639511108","1","1","1","1","1","1","0.33899998664855957","0.33899998664855957","0.33899998664855957","0.8456999659538269","0.8456999659538269","0.8456999659538269"
"6986","1","1","1","1","1","1","0.44200000166893005","0.44200000166893005","0.44200000166893005","0.8619999885559082","0.8619999885559082","0.8619999885559082","1","1","1","1","1","1","0.4666000008583069","0.4666000008583069","0.4666000008583069","0.8658999800682068","0.8658999800682068","0.8658999800682068","1","1","1","1","1","1","0.3617999851703644","0.3617999851703644","0.3617999851703644","0.8432999849319458","0.8432999849319458","0.8432999849319458","1","1","1","1","1","1","0.3173999786376953","0.3173999786376953","0.3173999786376953","0.8364999890327454","0.8364999890327454","0.8364999890327454","1","1","1","1","1","1","0.33550000190734863","0.33550000190734863","0.33550000190734863","0.8438999652862549","0.8438999652862549","0.8438999652862549"
"6997","1","1","1","1","1","1","0.4438000023365021","0.4438000023365021","0.4438000023365021","0.8623999953269958","0.8623999953269958","0.8623999953269958","1","1","1","1","1","1","0.4616999924182892","0.4616999924182892","0.4616999924182892","0.8668999671936035","0.8668999671936035","0.8668999671936035","1","1","1","1","1","1","0.36559998989105225","0.36559998989105225","0.36559998989105225","0.8428999781608582","0.8428999781608582","0.8428999781608582","1","1","1","1","1","1","0.32919999957084656","0.32919999957084656","0.32919999957084656","0.8391000032424927","0.8391000032424927","0.8391000032424927","1","1","1","1","1","1","0.34579998254776","0.34579998254776","0.34579998254776","0.8470999598503113","0.8470999598503113","0.8470999598503113"
"7008","1","1","1","1","1","1","0.44339999556541443","0.44339999556541443","0.44339999556541443","0.8626999855041504","0.8626999855041504","0.8626999855041504","1","1","1","1","1","1","0.45329999923706055","0.45329999923706055","0.45329999923706055","0.864799976348877","0.864799976348877","0.864799976348877","1","1","1","1","1","1","0.369299978017807","0.369299978017807","0.369299978017807","0.8448999524116516","0.8448999524116516","0.8448999524116516","1","1","1","1","1","1","0.3269999921321869","0.3269999921321869","0.3269999921321869","0.8395999670028687","0.8395999670028687","0.8395999670028687","1","1","1","1","1","1","0.3432999849319458","0.3432999849319458","0.3432999849319458","0.8461999893188477","0.8461999893188477","0.8461999893188477"
"7019","1","1","1","1","1","1","0.4408999979496002","0.4408999979496002","0.4408999979496002","0.8610000014305115","0.8610000014305115","0.8610000014305115","1","1","1","1","1","1","0.46050000190734863","0.46050000190734863","0.46050000190734863","0.8661999702453613","0.8661999702453613","0.8661999702453613","1","1","1","1","1","1","0.3625999987125397","0.3625999987125397","0.3625999987125397","0.8430999517440796","0.8430999517440796","0.8430999517440796","1","1","1","1","1","1","0.3270999789237976","0.3270999789237976","0.3270999789237976","0.8391000032424927","0.8391000032424927","0.8391000032424927","1","1","1","1","1","1","0.34209999442100525","0.34209999442100525","0.34209999442100525","0.8447999954223633","0.8447999954223633","0.8447999954223633"
"7030","1","1","1","1","1","1","0.43479999899864197","0.43479999899864197","0.43479999899864197","0.8596000075340271","0.8596000075340271","0.8596000075340271","1","1","1","1","1","1","0.46309998631477356","0.46309998631477356","0.46309998631477356","0.8667999505996704","0.8667999505996704","0.8667999505996704","1","1","1","1","1","1","0.3658999800682068","0.3658999800682068","0.3658999800682068","0.842799961566925","0.842799961566925","0.842799961566925","1","1","1","1","1","1","0.32850000262260437","0.32850000262260437","0.32850000262260437","0.8394999504089355","0.8394999504089355","0.8394999504089355","1","1","1","1","1","1","0.3432999849319458","0.3432999849319458","0.3432999849319458","0.8452999591827393","0.8452999591827393","0.8452999591827393"
"7041","1","1","1","1","1","1","0.43799999356269836","0.43799999356269836","0.43799999356269836","0.8596999645233154","0.8596999645233154","0.8596999645233154","1","1","1","1","1","1","0.4668999910354614","0.4668999910354614","0.4668999910354614","0.8684999942779541","0.8684999942779541","0.8684999942779541","1","1","1","1","1","1","0.36629998683929443","0.36629998683929443","0.36629998683929443","0.8442999720573425","0.8442999720573425","0.8442999720573425","1","1","1","1","1","1","0.33249998092651367","0.33249998092651367","0.33249998092651367","0.8402000069618225","0.8402000069618225","0.8402000069618225","1","1","1","1","1","1","0.33719998598098755","0.33719998598098755","0.33719998598098755","0.8434000015258789","0.8434000015258789","0.8434000015258789"
"7052","1","1","1","1","1","1","0.438400000333786","0.438400000333786","0.438400000333786","0.8607999682426453","0.8607999682426453","0.8607999682426453","1","1","1","1","1","1","0.4632999897003174","0.4632999897003174","0.4632999897003174","0.8655999898910522","0.8655999898910522","0.8655999898910522","1","1","1","1","1","1","0.3668999969959259","0.3668999969959259","0.3668999969959259","0.8434999585151672","0.8434999585151672","0.8434999585151672","1","1","1","1","1","1","0.3279999792575836","0.3279999792575836","0.3279999792575836","0.839199960231781","0.839199960231781","0.839199960231781","1","1","1","1","1","1","0.3303999900817871","0.3303999900817871","0.3303999900817871","0.8412999510765076","0.8412999510765076","0.8412999510765076"
"7063","1","1","1","1","1","1","0.4422999918460846","0.4422999918460846","0.4422999918460846","0.8613999485969543","0.8613999485969543","0.8613999485969543","1","1","1","1","1","1","0.4619999825954437","0.4619999825954437","0.4619999825954437","0.8671999573707581","0.8671999573707581","0.8671999573707581","1","1","1","1","1","1","0.36969998478889465","0.36969998478889465","0.36969998478889465","0.8449999690055847","0.8449999690055847","0.8449999690055847","1","1","1","1","1","1","0.3321000039577484","0.3321000039577484","0.3321000039577484","0.840999960899353","0.840999960899353","0.840999960899353","1","1","1","1","1","1","0.3385999798774719","0.3385999798774719","0.3385999798774719","0.8446999788284302","0.8446999788284302","0.8446999788284302"
"7074","1","1","1","1","1","1","0.438400000333786","0.438400000333786","0.438400000333786","0.8597999811172485","0.8597999811172485","0.8597999811172485","1","1","1","1","1","1","0.45969998836517334","0.45969998836517334","0.45969998836517334","0.8651999831199646","0.8651999831199646","0.8651999831199646","1","1","1","1","1","1","0.359499990940094","0.359499990940094","0.359499990940094","0.8413999676704407","0.8413999676704407","0.8413999676704407","1","1","1","1","1","1","0.3261999785900116","0.3261999785900116","0.3261999785900116","0.8396999835968018","0.8396999835968018","0.8396999835968018","1","1","1","1","1","1","0.3308999836444855","0.3308999836444855","0.3308999836444855","0.8424999713897705","0.8424999713897705","0.8424999713897705"
"7085","1","1","1","1","1","1","0.4422999918460846","0.4422999918460846","0.4422999918460846","0.8605999946594238","0.8605999946594238","0.8605999946594238","1","1","1","1","1","1","0.4596000015735626","0.4596000015735626","0.4596000015735626","0.8639000058174133","0.8639000058174133","0.8639000058174133","1","1","1","1","1","1","0.3586999773979187","0.3586999773979187","0.3586999773979187","0.8410999774932861","0.8410999774932861","0.8410999774932861","1","1","1","1","1","1","0.32679998874664307","0.32679998874664307","0.32679998874664307","0.8396999835968018","0.8396999835968018","0.8396999835968018","1","1","1","1","1","1","0.34199997782707214","0.34199997782707214","0.34199997782707214","0.8446999788284302","0.8446999788284302","0.8446999788284302"
"7096","1","1","1","1","1","1","0.4461999833583832","0.4461999833583832","0.4461999833583832","0.8611999750137329","0.8611999750137329","0.8611999750137329","1","1","1","1","1","1","0.4640999734401703","0.4640999734401703","0.4640999734401703","0.8659999966621399","0.8659999966621399","0.8659999966621399","1","1","1","1","1","1","0.3594000041484833","0.3594000041484833","0.3594000041484833","0.8417999744415283","0.8417999744415283","0.8417999744415283","1","1","1","1","1","1","0.3249000012874603","0.3249000012874603","0.3249000012874603","0.8384000062942505","0.8384000062942505","0.8384000062942505","1","1","1","1","1","1","0.33809998631477356","0.33809998631477356","0.33809998631477356","0.8430999517440796","0.8430999517440796","0.8430999517440796"
"7107","1","1","1","1","1","1","0.4447999894618988","0.4447999894618988","0.4447999894618988","0.861799955368042","0.861799955368042","0.861799955368042","1","1","1","1","1","1","0.46559998393058777","0.46559998393058777","0.46559998393058777","0.8667999505996704","0.8667999505996704","0.8667999505996704","1","1","1","1","1","1","0.36419999599456787","0.36419999599456787","0.36419999599456787","0.8425999879837036","0.8425999879837036","0.8425999879837036","1","1","1","1","1","1","0.3244999945163727","0.3244999945163727","0.3244999945163727","0.8387999534606934","0.8387999534606934","0.8387999534606934","1","1","1","1","1","1","0.3222000002861023","0.3222000002861023","0.3222000002861023","0.8410999774932861","0.8410999774932861","0.8410999774932861"
"7118","1","1","1","1","1","1","0.4447999894618988","0.4447999894618988","0.4447999894618988","0.8614999651908875","0.8614999651908875","0.8614999651908875","1","1","1","1","1","1","0.4657000005245209","0.4657000005245209","0.4657000005245209","0.8666999936103821","0.8666999936103821","0.8666999936103821","1","1","1","1","1","1","0.3544999957084656","0.3544999957084656","0.3544999957084656","0.840499997138977","0.840499997138977","0.840499997138977","1","1","1","1","1","1","0.3224000036716461","0.3224000036716461","0.3224000036716461","0.8385999798774719","0.8385999798774719","0.8385999798774719","1","1","1","1","1","1","0.3240000009536743","0.3240000009536743","0.3240000009536743","0.8420000076293945","0.8420000076293945","0.8420000076293945"
"7129","1","1","1","1","1","1","0.4553999900817871","0.4553999900817871","0.4553999900817871","0.8633999824523926","0.8633999824523926","0.8633999824523926","1","1","1","1","1","1","0.461899995803833","0.461899995803833","0.461899995803833","0.8657000064849854","0.8657000064849854","0.8657000064849854","1","1","1","1","1","1","0.35439997911453247","0.35439997911453247","0.35439997911453247","0.8398000001907349","0.8398000001907349","0.8398000001907349","1","1","1","1","1","1","0.3246999979019165","0.3246999979019165","0.3246999979019165","0.8380999565124512","0.8380999565124512","0.8380999565124512","1","1","1","1","1","1","0.32589998841285706","0.32589998841285706","0.32589998841285706","0.8402999639511108","0.8402999639511108","0.8402999639511108"
"7140","1","1","1","1","1","1","0.44699999690055847","0.44699999690055847","0.44699999690055847","0.8603999614715576","0.8603999614715576","0.8603999614715576","1","1","1","1","1","1","0.47189998626708984","0.47189998626708984","0.47189998626708984","0.8667999505996704","0.8667999505996704","0.8667999505996704","1","1","1","1","1","1","0.35569998621940613","0.35569998621940613","0.35569998621940613","0.8391000032424927","0.8391000032424927","0.8391000032424927","1","1","1","1","1","1","0.32499998807907104","0.32499998807907104","0.32499998807907104","0.838699996471405","0.838699996471405","0.838699996471405","1","1","1","1","1","1","0.32850000262260437","0.32850000262260437","0.32850000262260437","0.8420000076293945","0.8420000076293945","0.8420000076293945"
"7151","1","1","1","1","1","1","0.4465000033378601","0.4465000033378601","0.4465000033378601","0.8632999658584595","0.8632999658584595","0.8632999658584595","1","1","1","1","1","1","0.4690999984741211","0.4690999984741211","0.4690999984741211","0.8641999959945679","0.8641999959945679","0.8641999959945679","1","1","1","1","1","1","0.35589998960494995","0.35589998960494995","0.35589998960494995","0.8398999571800232","0.8398999571800232","0.8398999571800232","1","1","1","1","1","1","0.32839998602867126","0.32839998602867126","0.32839998602867126","0.8402000069618225","0.8402000069618225","0.8402000069618225","1","1","1","1","1","1","0.3325999975204468","0.3325999975204468","0.3325999975204468","0.842799961566925","0.842799961566925","0.842799961566925"
"7162","1","1","1","1","1","1","0.4413999915122986","0.4413999915122986","0.4413999915122986","0.8622999787330627","0.8622999787330627","0.8622999787330627","1","1","1","1","1","1","0.4675000011920929","0.4675000011920929","0.4675000011920929","0.8650999665260315","0.8650999665260315","0.8650999665260315","1","1","1","1","1","1","0.35760000348091125","0.35760000348091125","0.35760000348091125","0.8410999774932861","0.8410999774932861","0.8410999774932861","1","1","1","1","1","1","0.3375000059604645","0.3375000059604645","0.3375000059604645","0.8414999842643738","0.8414999842643738","0.8414999842643738","1","1","1","1","1","1","0.3310999870300293","0.3310999870300293","0.3310999870300293","0.8440999984741211","0.8440999984741211","0.8440999984741211"
"7173","1","1","1","1","1","1","0.444599986076355","0.444599986076355","0.444599986076355","0.8618999719619751","0.8618999719619751","0.8618999719619751","1","1","1","1","1","1","0.4617999792098999","0.4617999792098999","0.4617999792098999","0.8628000020980835","0.8628000020980835","0.8628000020980835","1","1","1","1","1","1","0.3564999997615814","0.3564999997615814","0.3564999997615814","0.840999960899353","0.840999960899353","0.840999960899353","1","1","1","1","1","1","0.3310999870300293","0.3310999870300293","0.3310999870300293","0.8410999774932861","0.8410999774932861","0.8410999774932861","1","1","1","1","1","1","0.32429999113082886","0.32429999113082886","0.32429999113082886","0.8406999707221985","0.8406999707221985","0.8406999707221985"
"7184","1","1","1","1","1","1","0.4481000006198883","0.4481000006198883","0.4481000006198883","0.8623999953269958","0.8623999953269958","0.8623999953269958","1","1","1","1","1","1","0.45569998025894165","0.45569998025894165","0.45569998025894165","0.8605999946594238","0.8605999946594238","0.8605999946594238","1","1","1","1","1","1","0.357699990272522","0.357699990272522","0.357699990272522","0.8427000045776367","0.8427000045776367","0.8427000045776367","1","1","1","1","1","1","0.33409997820854187","0.33409997820854187","0.33409997820854187","0.840999960899353","0.840999960899353","0.840999960899353","1","1","1","1","1","1","0.3237999975681305","0.3237999975681305","0.3237999975681305","0.839199960231781","0.839199960231781","0.839199960231781"
"7195","1","1","1","1","1","1","0.44449999928474426","0.44449999928474426","0.44449999928474426","0.8623999953269958","0.8623999953269958","0.8623999953269958","1","1","1","1","1","1","0.4721999764442444","0.4721999764442444","0.4721999764442444","0.8651999831199646","0.8651999831199646","0.8651999831199646","1","1","1","1","1","1","0.3662000000476837","0.3662000000476837","0.3662000000476837","0.8425999879837036","0.8425999879837036","0.8425999879837036","1","1","1","1","1","1","0.3357999920845032","0.3357999920845032","0.3357999920845032","0.840999960899353","0.840999960899353","0.840999960899353","1","1","1","1","1","1","0.32429999113082886","0.32429999113082886","0.32429999113082886","0.8402000069618225","0.8402000069618225","0.8402000069618225"
"7206","1","1","1","1","1","1","0.4477999806404114","0.4477999806404114","0.4477999806404114","0.8628999590873718","0.8628999590873718","0.8628999590873718","1","1","1","1","1","1","0.47689998149871826","0.47689998149871826","0.47689998149871826","0.8655999898910522","0.8655999898910522","0.8655999898910522","1","1","1","1","1","1","0.3637999892234802","0.3637999892234802","0.3637999892234802","0.842199981212616","0.842199981212616","0.842199981212616","1","1","1","1","1","1","0.33399999141693115","0.33399999141693115","0.33399999141693115","0.8400999903678894","0.8400999903678894","0.8400999903678894","1","1","1","1","1","1","0.3237999975681305","0.3237999975681305","0.3237999975681305","0.8402000069618225","0.8402000069618225","0.8402000069618225"
"7217","1","1","1","1","1","1","0.4512999951839447","0.4512999951839447","0.4512999951839447","0.8626999855041504","0.8626999855041504","0.8626999855041504","1","1","1","1","1","1","0.46129998564720154","0.46129998564720154","0.46129998564720154","0.8605999946594238","0.8605999946594238","0.8605999946594238","1","1","1","1","1","1","0.3771999776363373","0.3771999776363373","0.3771999776363373","0.8471999764442444","0.8471999764442444","0.8471999764442444","1","1","1","1","1","1","0.32749998569488525","0.32749998569488525","0.32749998569488525","0.8391000032424927","0.8391000032424927","0.8391000032424927","1","1","1","1","1","1","0.32510000467300415","0.32510000467300415","0.32510000467300415","0.8400999903678894","0.8400999903678894","0.8400999903678894"
"7228","1","1","1","1","1","1","0.45069998502731323","0.45069998502731323","0.45069998502731323","0.8629999756813049","0.8629999756813049","0.8629999756813049","1","1","1","1","1","1","0.47079998254776","0.47079998254776","0.47079998254776","0.8632999658584595","0.8632999658584595","0.8632999658584595","1","1","1","1","1","1","0.37700000405311584","0.37700000405311584","0.37700000405311584","0.8473999500274658","0.8473999500274658","0.8473999500274658","1","1","1","1","1","1","0.33390000462532043","0.33390000462532043","0.33390000462532043","0.8407999873161316","0.8407999873161316","0.8407999873161316","1","1","1","1","1","1","0.32760000228881836","0.32760000228881836","0.32760000228881836","0.839199960231781","0.839199960231781","0.839199960231781"
"7239","1","1","1","1","1","1","0.44759997725486755","0.44759997725486755","0.44759997725486755","0.8621999621391296","0.8621999621391296","0.8621999621391296","1","1","1","1","1","1","0.46799999475479126","0.46799999475479126","0.46799999475479126","0.8639999628067017","0.8639999628067017","0.8639999628067017","1","1","1","1","1","1","0.3682999908924103","0.3682999908924103","0.3682999908924103","0.8441999554634094","0.8441999554634094","0.8441999554634094","1","1","1","1","1","1","0.33069998025894165","0.33069998025894165","0.33069998025894165","0.8406999707221985","0.8406999707221985","0.8406999707221985","1","1","1","1","1","1","0.3432999849319458","0.3432999849319458","0.3432999849319458","0.8448999524116516","0.8448999524116516","0.8448999524116516"
"7250","1","1","1","1","1","1","0.4535999894142151","0.4535999894142151","0.4535999894142151","0.8637999892234802","0.8637999892234802","0.8637999892234802","1","1","1","1","1","1","0.4700999855995178","0.4700999855995178","0.4700999855995178","0.8643999695777893","0.8643999695777893","0.8643999695777893","1","1","1","1","1","1","0.3660999834537506","0.3660999834537506","0.3660999834537506","0.8436999917030334","0.8436999917030334","0.8436999917030334","1","1","1","1","1","1","0.32909998297691345","0.32909998297691345","0.32909998297691345","0.8400999903678894","0.8400999903678894","0.8400999903678894","1","1","1","1","1","1","0.33550000190734863","0.33550000190734863","0.33550000190734863","0.8427000045776367","0.8427000045776367","0.8427000045776367"
"7261","1","1","1","1","1","1","0.4497999846935272","0.4497999846935272","0.4497999846935272","0.863599956035614","0.863599956035614","0.863599956035614","1","1","1","1","1","1","0.4755999743938446","0.4755999743938446","0.4755999743938446","0.8662999868392944","0.8662999868392944","0.8662999868392944","1","1","1","1","1","1","0.3718000054359436","0.3718000054359436","0.3718000054359436","0.8452999591827393","0.8452999591827393","0.8452999591827393","1","1","1","1","1","1","0.3279999792575836","0.3279999792575836","0.3279999792575836","0.8399999737739563","0.8399999737739563","0.8399999737739563","1","1","1","1","1","1","0.3330000042915344","0.3330000042915344","0.3330000042915344","0.8416999578475952","0.8416999578475952","0.8416999578475952"
"7272","1","1","1","1","1","1","0.448199987411499","0.448199987411499","0.448199987411499","0.8629999756813049","0.8629999756813049","0.8629999756813049","1","1","1","1","1","1","0.47189998626708984","0.47189998626708984","0.47189998626708984","0.8664999604225159","0.8664999604225159","0.8664999604225159","1","1","1","1","1","1","0.3743000030517578","0.3743000030517578","0.3743000030517578","0.8445999622344971","0.8445999622344971","0.8445999622344971","1","1","1","1","1","1","0.32919999957084656","0.32919999957084656","0.32919999957084656","0.8406999707221985","0.8406999707221985","0.8406999707221985","1","1","1","1","1","1","0.34129998087882996","0.34129998087882996","0.34129998087882996","0.8431999683380127","0.8431999683380127","0.8431999683380127"
"7283","1","1","1","1","1","1","0.4503999948501587","0.4503999948501587","0.4503999948501587","0.8658999800682068","0.8658999800682068","0.8658999800682068","1","1","1","1","1","1","0.4652999937534332","0.4652999937534332","0.4652999937534332","0.8650999665260315","0.8650999665260315","0.8650999665260315","1","1","1","1","1","1","0.3652999997138977","0.3652999997138977","0.3652999997138977","0.843999981880188","0.843999981880188","0.843999981880188","1","1","1","1","1","1","0.3229999840259552","0.3229999840259552","0.3229999840259552","0.8389999866485596","0.8389999866485596","0.8389999866485596","1","1","1","1","1","1","0.3382999897003174","0.3382999897003174","0.3382999897003174","0.8438999652862549","0.8438999652862549","0.8438999652862549"
"7294","1","1","1","1","1","1","0.4536999762058258","0.4536999762058258","0.4536999762058258","0.8659999966621399","0.8659999966621399","0.8659999966621399","1","1","1","1","1","1","0.45019999146461487","0.45019999146461487","0.45019999146461487","0.8611999750137329","0.8611999750137329","0.8611999750137329","1","1","1","1","1","1","0.36069998145103455","0.36069998145103455","0.36069998145103455","0.8429999947547913","0.8429999947547913","0.8429999947547913","1","1","1","1","1","1","0.3215999901294708","0.3215999901294708","0.3215999901294708","0.8380999565124512","0.8380999565124512","0.8380999565124512","1","1","1","1","1","1","0.336899995803833","0.336899995803833","0.336899995803833","0.842799961566925","0.842799961566925","0.842799961566925"
"7305","1","1","1","1","1","1","0.4487999975681305","0.4487999975681305","0.4487999975681305","0.8640999794006348","0.8640999794006348","0.8640999794006348","1","1","1","1","1","1","0.46140000224113464","0.46140000224113464","0.46140000224113464","0.8644999861717224","0.8644999861717224","0.8644999861717224","1","1","1","1","1","1","0.36800000071525574","0.36800000071525574","0.36800000071525574","0.8438000082969666","0.8438000082969666","0.8438000082969666","1","1","1","1","1","1","0.32510000467300415","0.32510000467300415","0.32510000467300415","0.8395999670028687","0.8395999670028687","0.8395999670028687","1","1","1","1","1","1","0.32899999618530273","0.32899999618530273","0.32899999618530273","0.8409000039100647","0.8409000039100647","0.8409000039100647"
"7316","1","1","1","1","1","1","0.4432999789714813","0.4432999789714813","0.4432999789714813","0.8626999855041504","0.8626999855041504","0.8626999855041504","1","1","1","1","1","1","0.4554999768733978","0.4554999768733978","0.4554999768733978","0.8628000020980835","0.8628000020980835","0.8628000020980835","1","1","1","1","1","1","0.35359999537467957","0.35359999537467957","0.35359999537467957","0.840999960899353","0.840999960899353","0.840999960899353","1","1","1","1","1","1","0.32670000195503235","0.32670000195503235","0.32670000195503235","0.840399980545044","0.840399980545044","0.840399980545044","1","1","1","1","1","1","0.32670000195503235","0.32670000195503235","0.32670000195503235","0.839199960231781","0.839199960231781","0.839199960231781"
"7327","1","1","1","1","1","1","0.4513999819755554","0.4513999819755554","0.4513999819755554","0.8652999997138977","0.8652999997138977","0.8652999997138977","1","1","1","1","1","1","0.45489999651908875","0.45489999651908875","0.45489999651908875","0.8626999855041504","0.8626999855041504","0.8626999855041504","1","1","1","1","1","1","0.35599997639656067","0.35599997639656067","0.35599997639656067","0.8420999646186829","0.8420999646186829","0.8420999646186829","1","1","1","1","1","1","0.32420000433921814","0.32420000433921814","0.32420000433921814","0.8387999534606934","0.8387999534606934","0.8387999534606934","1","1","1","1","1","1","0.3392999768257141","0.3392999768257141","0.3392999768257141","0.8431999683380127","0.8431999683380127","0.8431999683380127"
"7338","1","1","1","1","1","1","0.4514999985694885","0.4514999985694885","0.4514999985694885","0.8646999597549438","0.8646999597549438","0.8646999597549438","1","1","1","1","1","1","0.4413999915122986","0.4413999915122986","0.4413999915122986","0.8588999509811401","0.8588999509811401","0.8588999509811401","1","1","1","1","1","1","0.3603000044822693","0.3603000044822693","0.3603000044822693","0.8434000015258789","0.8434000015258789","0.8434000015258789","1","1","1","1","1","1","0.3247999846935272","0.3247999846935272","0.3247999846935272","0.8402999639511108","0.8402999639511108","0.8402999639511108","1","1","1","1","1","1","0.3335999846458435","0.3335999846458435","0.3335999846458435","0.8429999947547913","0.8429999947547913","0.8429999947547913"
"7349","1","1","1","1","1","1","0.45489999651908875","0.45489999651908875","0.45489999651908875","0.8650999665260315","0.8650999665260315","0.8650999665260315","1","1","1","1","1","1","0.448199987411499","0.448199987411499","0.448199987411499","0.8604999780654907","0.8604999780654907","0.8604999780654907","1","1","1","1","1","1","0.3617999851703644","0.3617999851703644","0.3617999851703644","0.8434000015258789","0.8434000015258789","0.8434000015258789","1","1","1","1","1","1","0.3247999846935272","0.3247999846935272","0.3247999846935272","0.8391000032424927","0.8391000032424927","0.8391000032424927","1","1","1","1","1","1","0.3319000005722046","0.3319000005722046","0.3319000005722046","0.8417999744415283","0.8417999744415283","0.8417999744415283"
"7360","1","1","1","1","1","1","0.4551999866962433","0.4551999866962433","0.4551999866962433","0.8659999966621399","0.8659999966621399","0.8659999966621399","1","1","1","1","1","1","0.45249998569488525","0.45249998569488525","0.45249998569488525","0.8626999855041504","0.8626999855041504","0.8626999855041504","1","1","1","1","1","1","0.36089998483657837","0.36089998483657837","0.36089998483657837","0.8427000045776367","0.8427000045776367","0.8427000045776367","1","1","1","1","1","1","0.3238999843597412","0.3238999843597412","0.3238999843597412","0.8399999737739563","0.8399999737739563","0.8399999737739563","1","1","1","1","1","1","0.33730000257492065","0.33730000257492065","0.33730000257492065","0.8445000052452087","0.8445000052452087","0.8445000052452087"
"7371","1","1","1","1","1","1","0.4536999762058258","0.4536999762058258","0.4536999762058258","0.8666999936103821","0.8666999936103821","0.8666999936103821","1","1","1","1","1","1","0.45899999141693115","0.45899999141693115","0.45899999141693115","0.8646999597549438","0.8646999597549438","0.8646999597549438","1","1","1","1","1","1","0.3617999851703644","0.3617999851703644","0.3617999851703644","0.8446999788284302","0.8446999788284302","0.8446999788284302","1","1","1","1","1","1","0.32510000467300415","0.32510000467300415","0.32510000467300415","0.8389999866485596","0.8389999866485596","0.8389999866485596","1","1","1","1","1","1","0.33169999718666077","0.33169999718666077","0.33169999718666077","0.8414999842643738","0.8414999842643738","0.8414999842643738"
"7382","1","1","1","1","1","1","0.44679999351501465","0.44679999351501465","0.44679999351501465","0.8642999529838562","0.8642999529838562","0.8642999529838562","1","1","1","1","1","1","0.4562999904155731","0.4562999904155731","0.4562999904155731","0.8633999824523926","0.8633999824523926","0.8633999824523926","1","1","1","1","1","1","0.3564999997615814","0.3564999997615814","0.3564999997615814","0.8429999947547913","0.8429999947547913","0.8429999947547913","1","1","1","1","1","1","0.3285999894142151","0.3285999894142151","0.3285999894142151","0.8396999835968018","0.8396999835968018","0.8396999835968018","1","1","1","1","1","1","0.33399999141693115","0.33399999141693115","0.33399999141693115","0.8429999947547913","0.8429999947547913","0.8429999947547913"
"7393","1","1","1","1","1","1","0.44110000133514404","0.44110000133514404","0.44110000133514404","0.8641999959945679","0.8641999959945679","0.8641999959945679","1","1","1","1","1","1","0.44110000133514404","0.44110000133514404","0.44110000133514404","0.8600999712944031","0.8600999712944031","0.8600999712944031","1","1","1","1","1","1","0.35760000348091125","0.35760000348091125","0.35760000348091125","0.842799961566925","0.842799961566925","0.842799961566925","1","1","1","1","1","1","0.3253999948501587","0.3253999948501587","0.3253999948501587","0.8392999768257141","0.8392999768257141","0.8392999768257141","1","1","1","1","1","1","0.3335999846458435","0.3335999846458435","0.3335999846458435","0.8434999585151672","0.8434999585151672","0.8434999585151672"
"7404","1","1","1","1","1","1","0.4405999779701233","0.4405999779701233","0.4405999779701233","0.8628999590873718","0.8628999590873718","0.8628999590873718","1","1","1","1","1","1","0.45089998841285706","0.45089998841285706","0.45089998841285706","0.863099992275238","0.863099992275238","0.863099992275238","1","1","1","1","1","1","0.35429999232292175","0.35429999232292175","0.35429999232292175","0.8413999676704407","0.8413999676704407","0.8413999676704407","1","1","1","1","1","1","0.3179999887943268","0.3179999887943268","0.3179999887943268","0.8366999626159668","0.8366999626159668","0.8366999626159668","1","1","1","1","1","1","0.33379998803138733","0.33379998803138733","0.33379998803138733","0.8436999917030334","0.8436999917030334","0.8436999917030334"
"7415","1","1","1","1","1","1","0.44439998269081116","0.44439998269081116","0.44439998269081116","0.8633999824523926","0.8633999824523926","0.8633999824523926","1","1","1","1","1","1","0.44999998807907104","0.44999998807907104","0.44999998807907104","0.8625999689102173","0.8625999689102173","0.8625999689102173","1","1","1","1","1","1","0.36010000109672546","0.36010000109672546","0.36010000109672546","0.8429999947547913","0.8429999947547913","0.8429999947547913","1","1","1","1","1","1","0.31379997730255127","0.31379997730255127","0.31379997730255127","0.8352999687194824","0.8352999687194824","0.8352999687194824","1","1","1","1","1","1","0.33879998326301575","0.33879998326301575","0.33879998326301575","0.8440999984741211","0.8440999984741211","0.8440999984741211"
"7426","1","1","1","1","1","1","0.4398999810218811","0.4398999810218811","0.4398999810218811","0.8618999719619751","0.8618999719619751","0.8618999719619751","1","1","1","1","1","1","0.4569000005722046","0.4569000005722046","0.4569000005722046","0.8639999628067017","0.8639999628067017","0.8639999628067017","1","1","1","1","1","1","0.3529999852180481","0.3529999852180481","0.3529999852180481","0.8427000045776367","0.8427000045776367","0.8427000045776367","1","1","1","1","1","1","0.3220999836921692","0.3220999836921692","0.3220999836921692","0.8375999927520752","0.8375999927520752","0.8375999927520752","1","1","1","1","1","1","0.33489999175071716","0.33489999175071716","0.33489999175071716","0.8428999781608582","0.8428999781608582","0.8428999781608582"
"7437","1","1","1","1","1","1","0.44020000100135803","0.44020000100135803","0.44020000100135803","0.8616999983787537","0.8616999983787537","0.8616999983787537","1","1","1","1","1","1","0.46449998021125793","0.46449998021125793","0.46449998021125793","0.866599977016449","0.866599977016449","0.866599977016449","1","1","1","1","1","1","0.3511999845504761","0.3511999845504761","0.3511999845504761","0.842199981212616","0.842199981212616","0.842199981212616","1","1","1","1","1","1","0.3199999928474426","0.3199999928474426","0.3199999928474426","0.8356999754905701","0.8356999754905701","0.8356999754905701","1","1","1","1","1","1","0.33799999952316284","0.33799999952316284","0.33799999952316284","0.8431999683380127","0.8431999683380127","0.8431999683380127"
"7448","1","1","1","1","1","1","0.44209998846054077","0.44209998846054077","0.44209998846054077","0.8615999817848206","0.8615999817848206","0.8615999817848206","1","1","1","1","1","1","0.4537999927997589","0.4537999927997589","0.4537999927997589","0.8628999590873718","0.8628999590873718","0.8628999590873718","1","1","1","1","1","1","0.35899999737739563","0.35899999737739563","0.35899999737739563","0.8435999751091003","0.8435999751091003","0.8435999751091003","1","1","1","1","1","1","0.32330000400543213","0.32330000400543213","0.32330000400543213","0.8380999565124512","0.8380999565124512","0.8380999565124512","1","1","1","1","1","1","0.3319999873638153","0.3319999873638153","0.3319999873638153","0.8427000045776367","0.8427000045776367","0.8427000045776367"
"7459","1","1","1","1","1","1","0.44999998807907104","0.44999998807907104","0.44999998807907104","0.8639999628067017","0.8639999628067017","0.8639999628067017","1","1","1","1","1","1","0.4593999981880188","0.4593999981880188","0.4593999981880188","0.8652999997138977","0.8652999997138977","0.8652999997138977","1","1","1","1","1","1","0.350600004196167","0.350600004196167","0.350600004196167","0.8425999879837036","0.8425999879837036","0.8425999879837036","1","1","1","1","1","1","0.3262999951839447","0.3262999951839447","0.3262999951839447","0.8382999897003174","0.8382999897003174","0.8382999897003174","1","1","1","1","1","1","0.3346000015735626","0.3346000015735626","0.3346000015735626","0.8428999781608582","0.8428999781608582","0.8428999781608582"
"7470","1","1","1","1","1","1","0.44579997658729553","0.44579997658729553","0.44579997658729553","0.8631999492645264","0.8631999492645264","0.8631999492645264","1","1","1","1","1","1","0.4617999792098999","0.4617999792098999","0.4617999792098999","0.8657999634742737","0.8657999634742737","0.8657999634742737","1","1","1","1","1","1","0.3473999798297882","0.3473999798297882","0.3473999798297882","0.840999960899353","0.840999960899353","0.840999960899353","1","1","1","1","1","1","0.3197999894618988","0.3197999894618988","0.3197999894618988","0.8355000019073486","0.8355000019073486","0.8355000019073486","1","1","1","1","1","1","0.33719998598098755","0.33719998598098755","0.33719998598098755","0.8427000045776367","0.8427000045776367","0.8427000045776367"
"7481","1","1","1","1","1","1","0.43709999322891235","0.43709999322891235","0.43709999322891235","0.861299991607666","0.861299991607666","0.861299991607666","1","1","1","1","1","1","0.45899999141693115","0.45899999141693115","0.45899999141693115","0.864799976348877","0.864799976348877","0.864799976348877","1","1","1","1","1","1","0.3488999903202057","0.3488999903202057","0.3488999903202057","0.8416000008583069","0.8416000008583069","0.8416000008583069","1","1","1","1","1","1","0.32170000672340393","0.32170000672340393","0.32170000672340393","0.8363999724388123","0.8363999724388123","0.8363999724388123","1","1","1","1","1","1","0.32979997992515564","0.32979997992515564","0.32979997992515564","0.8396999835968018","0.8396999835968018","0.8396999835968018"
"7492","1","1","1","1","1","1","0.44579997658729553","0.44579997658729553","0.44579997658729553","0.8632999658584595","0.8632999658584595","0.8632999658584595","1","1","1","1","1","1","0.47769999504089355","0.47769999504089355","0.47769999504089355","0.8689999580383301","0.8689999580383301","0.8689999580383301","1","1","1","1","1","1","0.34769999980926514","0.34769999980926514","0.34769999980926514","0.8414999842643738","0.8414999842643738","0.8414999842643738","1","1","1","1","1","1","0.3156999945640564","0.3156999945640564","0.3156999945640564","0.8359999656677246","0.8359999656677246","0.8359999656677246","1","1","1","1","1","1","0.32179999351501465","0.32179999351501465","0.32179999351501465","0.8380999565124512","0.8380999565124512","0.8380999565124512"
"7503","1","1","1","1","1","1","0.45179998874664307","0.45179998874664307","0.45179998874664307","0.8644999861717224","0.8644999861717224","0.8644999861717224","1","1","1","1","1","1","0.47699999809265137","0.47699999809265137","0.47699999809265137","0.8684999942779541","0.8684999942779541","0.8684999942779541","1","1","1","1","1","1","0.3499999940395355","0.3499999940395355","0.3499999940395355","0.8410999774932861","0.8410999774932861","0.8410999774932861","1","1","1","1","1","1","0.31599998474121094","0.31599998474121094","0.31599998474121094","0.8349999785423279","0.8349999785423279","0.8349999785423279","1","1","1","1","1","1","0.3416000008583069","0.3416000008583069","0.3416000008583069","0.8431999683380127","0.8431999683380127","0.8431999683380127"
"7514","1","1","1","1","1","1","0.4554999768733978","0.4554999768733978","0.4554999768733978","0.8659999966621399","0.8659999966621399","0.8659999966621399","1","1","1","1","1","1","0.47909998893737793","0.47909998893737793","0.47909998893737793","0.8685999512672424","0.8685999512672424","0.8685999512672424","1","1","1","1","1","1","0.3480999767780304","0.3480999767780304","0.3480999767780304","0.840499997138977","0.840499997138977","0.840499997138977","1","1","1","1","1","1","0.3132999837398529","0.3132999837398529","0.3132999837398529","0.8341999650001526","0.8341999650001526","0.8341999650001526","1","1","1","1","1","1","0.33550000190734863","0.33550000190734863","0.33550000190734863","0.8425999879837036","0.8425999879837036","0.8425999879837036"
"7525","1","1","1","1","1","1","0.4461999833583832","0.4461999833583832","0.4461999833583832","0.8629999756813049","0.8629999756813049","0.8629999756813049","1","1","1","1","1","1","0.4700999855995178","0.4700999855995178","0.4700999855995178","0.8662999868392944","0.8662999868392944","0.8662999868392944","1","1","1","1","1","1","0.3479999899864197","0.3479999899864197","0.3479999899864197","0.8413999676704407","0.8413999676704407","0.8413999676704407","1","1","1","1","1","1","0.32979997992515564","0.32979997992515564","0.32979997992515564","0.8382999897003174","0.8382999897003174","0.8382999897003174","1","1","1","1","1","1","0.3440999984741211","0.3440999984741211","0.3440999984741211","0.843999981880188","0.843999981880188","0.843999981880188"
"7536","1","1","1","1","1","1","0.44669997692108154","0.44669997692108154","0.44669997692108154","0.8632999658584595","0.8632999658584595","0.8632999658584595","1","1","1","1","1","1","0.4551999866962433","0.4551999866962433","0.4551999866962433","0.8639999628067017","0.8639999628067017","0.8639999628067017","1","1","1","1","1","1","0.34759998321533203","0.34759998321533203","0.34759998321533203","0.8417999744415283","0.8417999744415283","0.8417999744415283","1","1","1","1","1","1","0.32979997992515564","0.32979997992515564","0.32979997992515564","0.8381999731063843","0.8381999731063843","0.8381999731063843","1","1","1","1","1","1","0.33640000224113464","0.33640000224113464","0.33640000224113464","0.8418999910354614","0.8418999910354614","0.8418999910354614"
"7547","1","1","1","1","1","1","0.4407999813556671","0.4407999813556671","0.4407999813556671","0.8621000051498413","0.8621000051498413","0.8621000051498413","1","1","1","1","1","1","0.4529999792575836","0.4529999792575836","0.4529999792575836","0.8648999929428101","0.8648999929428101","0.8648999929428101","1","1","1","1","1","1","0.3515999913215637","0.3515999913215637","0.3515999913215637","0.8420000076293945","0.8420000076293945","0.8420000076293945","1","1","1","1","1","1","0.320499986410141","0.320499986410141","0.320499986410141","0.836899995803833","0.836899995803833","0.836899995803833","1","1","1","1","1","1","0.3333999812602997","0.3333999812602997","0.3333999812602997","0.840399980545044","0.840399980545044","0.840399980545044"
"7558","1","1","1","1","1","1","0.4453999996185303","0.4453999996185303","0.4453999996185303","0.8633999824523926","0.8633999824523926","0.8633999824523926","1","1","1","1","1","1","0.46549999713897705","0.46549999713897705","0.46549999713897705","0.8675000071525574","0.8675000071525574","0.8675000071525574","1","1","1","1","1","1","0.351500004529953","0.351500004529953","0.351500004529953","0.8416000008583069","0.8416000008583069","0.8416000008583069","1","1","1","1","1","1","0.3262999951839447","0.3262999951839447","0.3262999951839447","0.8382999897003174","0.8382999897003174","0.8382999897003174","1","1","1","1","1","1","0.33229997754096985","0.33229997754096985","0.33229997754096985","0.8410999774932861","0.8410999774932861","0.8410999774932861"
"7569","1","1","1","1","1","1","0.44119998812675476","0.44119998812675476","0.44119998812675476","0.8623999953269958","0.8623999953269958","0.8623999953269958","1","1","1","1","1","1","0.47349998354911804","0.47349998354911804","0.47349998354911804","0.8693999648094177","0.8693999648094177","0.8693999648094177","1","1","1","1","1","1","0.3527999818325043","0.3527999818325043","0.3527999818325043","0.8416999578475952","0.8416999578475952","0.8416999578475952","1","1","1","1","1","1","0.32850000262260437","0.32850000262260437","0.32850000262260437","0.8384999632835388","0.8384999632835388","0.8384999632835388","1","1","1","1","1","1","0.3434000015258789","0.3434000015258789","0.3434000015258789","0.8438000082969666","0.8438000082969666","0.8438000082969666"
"7580","1","1","1","1","1","1","0.44859999418258667","0.44859999418258667","0.44859999418258667","0.863099992275238","0.863099992275238","0.863099992275238","1","1","1","1","1","1","0.4682999849319458","0.4682999849319458","0.4682999849319458","0.8664000034332275","0.8664000034332275","0.8664000034332275","1","1","1","1","1","1","0.3490999937057495","0.3490999937057495","0.3490999937057495","0.8412999510765076","0.8412999510765076","0.8412999510765076","1","1","1","1","1","1","0.3296000063419342","0.3296000063419342","0.3296000063419342","0.8391000032424927","0.8391000032424927","0.8391000032424927","1","1","1","1","1","1","0.337799996137619","0.337799996137619","0.337799996137619","0.8425999879837036","0.8425999879837036","0.8425999879837036"
"7591","1","1","1","1","1","1","0.4470999836921692","0.4470999836921692","0.4470999836921692","0.8640999794006348","0.8640999794006348","0.8640999794006348","1","1","1","1","1","1","0.4846999943256378","0.4846999943256378","0.4846999943256378","0.8700000047683716","0.8700000047683716","0.8700000047683716","1","1","1","1","1","1","0.33719998598098755","0.33719998598098755","0.33719998598098755","0.8388999700546265","0.8388999700546265","0.8388999700546265","1","1","1","1","1","1","0.3224000036716461","0.3224000036716461","0.3224000036716461","0.8380999565124512","0.8380999565124512","0.8380999565124512","1","1","1","1","1","1","0.3446999788284302","0.3446999788284302","0.3446999788284302","0.8442999720573425","0.8442999720573425","0.8442999720573425"
"7602","1","1","1","1","1","1","0.44679999351501465","0.44679999351501465","0.44679999351501465","0.8637999892234802","0.8637999892234802","0.8637999892234802","1","1","1","1","1","1","0.47859999537467957","0.47859999537467957","0.47859999537467957","0.8682000041007996","0.8682000041007996","0.8682000041007996","1","1","1","1","1","1","0.3414999842643738","0.3414999842643738","0.3414999842643738","0.8402000069618225","0.8402000069618225","0.8402000069618225","1","1","1","1","1","1","0.3229999840259552","0.3229999840259552","0.3229999840259552","0.8375999927520752","0.8375999927520752","0.8375999927520752","1","1","1","1","1","1","0.34289997816085815","0.34289997816085815","0.34289997816085815","0.8438999652862549","0.8438999652862549","0.8438999652862549"
"7613","1","1","1","1","1","1","0.4472000002861023","0.4472000002861023","0.4472000002861023","0.863099992275238","0.863099992275238","0.863099992275238","1","1","1","1","1","1","0.46699997782707214","0.46699997782707214","0.46699997782707214","0.8658999800682068","0.8658999800682068","0.8658999800682068","1","1","1","1","1","1","0.34389999508857727","0.34389999508857727","0.34389999508857727","0.8409000039100647","0.8409000039100647","0.8409000039100647","1","1","1","1","1","1","0.3199000060558319","0.3199000060558319","0.3199000060558319","0.8352999687194824","0.8352999687194824","0.8352999687194824","1","1","1","1","1","1","0.3447999954223633","0.3447999954223633","0.3447999954223633","0.8435999751091003","0.8435999751091003","0.8435999751091003"
"7624","1","1","1","1","1","1","0.45019999146461487","0.45019999146461487","0.45019999146461487","0.8642999529838562","0.8642999529838562","0.8642999529838562","1","1","1","1","1","1","0.46889999508857727","0.46889999508857727","0.46889999508857727","0.8657000064849854","0.8657000064849854","0.8657000064849854","1","1","1","1","1","1","0.34779998660087585","0.34779998660087585","0.34779998660087585","0.840499997138977","0.840499997138977","0.840499997138977","1","1","1","1","1","1","0.3301999866962433","0.3301999866962433","0.3301999866962433","0.8389999866485596","0.8389999866485596","0.8389999866485596","1","1","1","1","1","1","0.3423999845981598","0.3423999845981598","0.3423999845981598","0.8438999652862549","0.8438999652862549","0.8438999652862549"
"7635","1","1","1","1","1","1","0.44579997658729553","0.44579997658729553","0.44579997658729553","0.8624999523162842","0.8624999523162842","0.8624999523162842","1","1","1","1","1","1","0.46549999713897705","0.46549999713897705","0.46549999713897705","0.865399956703186","0.865399956703186","0.865399956703186","1","1","1","1","1","1","0.35830000042915344","0.35830000042915344","0.35830000042915344","0.8435999751091003","0.8435999751091003","0.8435999751091003","1","1","1","1","1","1","0.32829999923706055","0.32829999923706055","0.32829999923706055","0.8377999663352966","0.8377999663352966","0.8377999663352966","1","1","1","1","1","1","0.34540000557899475","0.34540000557899475","0.34540000557899475","0.8447999954223633","0.8447999954223633","0.8447999954223633"
"7646","1","1","1","1","1","1","0.4415999948978424","0.4415999948978424","0.4415999948978424","0.8616999983787537","0.8616999983787537","0.8616999983787537","1","1","1","1","1","1","0.4640999734401703","0.4640999734401703","0.4640999734401703","0.866599977016449","0.866599977016449","0.866599977016449","1","1","1","1","1","1","0.3596999943256378","0.3596999943256378","0.3596999943256378","0.8434000015258789","0.8434000015258789","0.8434000015258789","1","1","1","1","1","1","0.3227999806404114","0.3227999806404114","0.3227999806404114","0.8362999558448792","0.8362999558448792","0.8362999558448792","1","1","1","1","1","1","0.35439997911453247","0.35439997911453247","0.35439997911453247","0.8461999893188477","0.8461999893188477","0.8461999893188477"
"7657","1","1","1","1","1","1","0.43799999356269836","0.43799999356269836","0.43799999356269836","0.8610000014305115","0.8610000014305115","0.8610000014305115","1","1","1","1","1","1","0.4699999988079071","0.4699999988079071","0.4699999988079071","0.868399977684021","0.868399977684021","0.868399977684021","1","1","1","1","1","1","0.35519999265670776","0.35519999265670776","0.35519999265670776","0.8420000076293945","0.8420000076293945","0.8420000076293945","1","1","1","1","1","1","0.32429999113082886","0.32429999113082886","0.32429999113082886","0.8374999761581421","0.8374999761581421","0.8374999761581421","1","1","1","1","1","1","0.3472999930381775","0.3472999930381775","0.3472999930381775","0.8459999561309814","0.8459999561309814","0.8459999561309814"
"7668","1","1","1","1","1","1","0.43959999084472656","0.43959999084472656","0.43959999084472656","0.8628999590873718","0.8628999590873718","0.8628999590873718","1","1","1","1","1","1","0.47039997577667236","0.47039997577667236","0.47039997577667236","0.866599977016449","0.866599977016449","0.866599977016449","1","1","1","1","1","1","0.3450999855995178","0.3450999855995178","0.3450999855995178","0.8402000069618225","0.8402000069618225","0.8402000069618225","1","1","1","1","1","1","0.32739999890327454","0.32739999890327454","0.32739999890327454","0.8384000062942505","0.8384000062942505","0.8384000062942505","1","1","1","1","1","1","0.3464999794960022","0.3464999794960022","0.3464999794960022","0.8455999493598938","0.8455999493598938","0.8455999493598938"
"7679","1","1","1","1","1","1","0.4406999945640564","0.4406999945640564","0.4406999945640564","0.861299991607666","0.861299991607666","0.861299991607666","1","1","1","1","1","1","0.4651999771595001","0.4651999771595001","0.4651999771595001","0.8646000027656555","0.8646000027656555","0.8646000027656555","1","1","1","1","1","1","0.34769999980926514","0.34769999980926514","0.34769999980926514","0.840999960899353","0.840999960899353","0.840999960899353","1","1","1","1","1","1","0.32749998569488525","0.32749998569488525","0.32749998569488525","0.8389999866485596","0.8389999866485596","0.8389999866485596","1","1","1","1","1","1","0.3432999849319458","0.3432999849319458","0.3432999849319458","0.8442999720573425","0.8442999720573425","0.8442999720573425"
"7690","1","1","1","1","1","1","0.44689998030662537","0.44689998030662537","0.44689998030662537","0.8636999726295471","0.8636999726295471","0.8636999726295471","1","1","1","1","1","1","0.46469998359680176","0.46469998359680176","0.46469998359680176","0.8646000027656555","0.8646000027656555","0.8646000027656555","1","1","1","1","1","1","0.353300005197525","0.353300005197525","0.353300005197525","0.8431999683380127","0.8431999683380127","0.8431999683380127","1","1","1","1","1","1","0.33319997787475586","0.33319997787475586","0.33319997787475586","0.840999960899353","0.840999960899353","0.840999960899353","1","1","1","1","1","1","0.343999981880188","0.343999981880188","0.343999981880188","0.8455999493598938","0.8455999493598938","0.8455999493598938"
"7701","1","1","1","1","1","1","0.447299987077713","0.447299987077713","0.447299987077713","0.864799976348877","0.864799976348877","0.864799976348877","1","1","1","1","1","1","0.4706999957561493","0.4706999957561493","0.4706999957561493","0.8671999573707581","0.8671999573707581","0.8671999573707581","1","1","1","1","1","1","0.3463999927043915","0.3463999927043915","0.3463999927043915","0.8400999903678894","0.8400999903678894","0.8400999903678894","1","1","1","1","1","1","0.3312999904155731","0.3312999904155731","0.3312999904155731","0.8402999639511108","0.8402999639511108","0.8402999639511108","1","1","1","1","1","1","0.34700000286102295","0.34700000286102295","0.34700000286102295","0.8452999591827393","0.8452999591827393","0.8452999591827393"
"7712","1","1","1","1","1","1","0.4449999928474426","0.4449999928474426","0.4449999928474426","0.864799976348877","0.864799976348877","0.864799976348877","1","1","1","1","1","1","0.4728999733924866","0.4728999733924866","0.4728999733924866","0.866599977016449","0.866599977016449","0.866599977016449","1","1","1","1","1","1","0.32850000262260437","0.32850000262260437","0.32850000262260437","0.8353999853134155","0.8353999853134155","0.8353999853134155","1","1","1","1","1","1","0.32499998807907104","0.32499998807907104","0.32499998807907104","0.8384000062942505","0.8384000062942505","0.8384000062942505","1","1","1","1","1","1","0.34849998354911804","0.34849998354911804","0.34849998354911804","0.8446999788284302","0.8446999788284302","0.8446999788284302"
"7723","1","1","1","1","1","1","0.4381999969482422","0.4381999969482422","0.4381999969482422","0.8614999651908875","0.8614999651908875","0.8614999651908875","1","1","1","1","1","1","0.4675000011920929","0.4675000011920929","0.4675000011920929","0.8640999794006348","0.8640999794006348","0.8640999794006348","1","1","1","1","1","1","0.3463999927043915","0.3463999927043915","0.3463999927043915","0.840399980545044","0.840399980545044","0.840399980545044","1","1","1","1","1","1","0.33149999380111694","0.33149999380111694","0.33149999380111694","0.8389999866485596","0.8389999866485596","0.8389999866485596","1","1","1","1","1","1","0.34939998388290405","0.34939998388290405","0.34939998388290405","0.84579998254776","0.84579998254776","0.84579998254776"
"7734","1","1","1","1","1","1","0.44349998235702515","0.44349998235702515","0.44349998235702515","0.864799976348877","0.864799976348877","0.864799976348877","1","1","1","1","1","1","0.4772000014781952","0.4772000014781952","0.4772000014781952","0.8666999936103821","0.8666999936103821","0.8666999936103821","1","1","1","1","1","1","0.3473999798297882","0.3473999798297882","0.3473999798297882","0.8411999940872192","0.8411999940872192","0.8411999940872192","1","1","1","1","1","1","0.32819998264312744","0.32819998264312744","0.32819998264312744","0.8385999798774719","0.8385999798774719","0.8385999798774719","1","1","1","1","1","1","0.3449999988079071","0.3449999988079071","0.3449999988079071","0.8453999757766724","0.8453999757766724","0.8453999757766724"
"7745","1","1","1","1","1","1","0.43789997696876526","0.43789997696876526","0.43789997696876526","0.861799955368042","0.861799955368042","0.861799955368042","1","1","1","1","1","1","0.47699999809265137","0.47699999809265137","0.47699999809265137","0.8671999573707581","0.8671999573707581","0.8671999573707581","1","1","1","1","1","1","0.3479999899864197","0.3479999899864197","0.3479999899864197","0.8402999639511108","0.8402999639511108","0.8402999639511108","1","1","1","1","1","1","0.3407999873161316","0.3407999873161316","0.3407999873161316","0.8409000039100647","0.8409000039100647","0.8409000039100647","1","1","1","1","1","1","0.33559998869895935","0.33559998869895935","0.33559998869895935","0.8434999585151672","0.8434999585151672","0.8434999585151672"
"7756","1","1","1","1","1","1","0.4423999786376953","0.4423999786376953","0.4423999786376953","0.8639000058174133","0.8639000058174133","0.8639000058174133","1","1","1","1","1","1","0.4732999801635742","0.4732999801635742","0.4732999801635742","0.8675000071525574","0.8675000071525574","0.8675000071525574","1","1","1","1","1","1","0.3452000021934509","0.3452000021934509","0.3452000021934509","0.8400999903678894","0.8400999903678894","0.8400999903678894","1","1","1","1","1","1","0.3400999903678894","0.3400999903678894","0.3400999903678894","0.8409000039100647","0.8409000039100647","0.8409000039100647","1","1","1","1","1","1","0.3440999984741211","0.3440999984741211","0.3440999984741211","0.8440999984741211","0.8440999984741211","0.8440999984741211"
"7767","1","1","1","1","1","1","0.43789997696876526","0.43789997696876526","0.43789997696876526","0.8616999983787537","0.8616999983787537","0.8616999983787537","1","1","1","1","1","1","0.4812999963760376","0.4812999963760376","0.4812999963760376","0.8686999678611755","0.8686999678611755","0.8686999678611755","1","1","1","1","1","1","0.34869998693466187","0.34869998693466187","0.34869998693466187","0.8420000076293945","0.8420000076293945","0.8420000076293945","1","1","1","1","1","1","0.3385999798774719","0.3385999798774719","0.3385999798774719","0.8417999744415283","0.8417999744415283","0.8417999744415283","1","1","1","1","1","1","0.3481999933719635","0.3481999933719635","0.3481999933719635","0.8448999524116516","0.8448999524116516","0.8448999524116516"
"7778","1","1","1","1","1","1","0.4438999891281128","0.4438999891281128","0.4438999891281128","0.8636999726295471","0.8636999726295471","0.8636999726295471","1","1","1","1","1","1","0.4837999939918518","0.4837999939918518","0.4837999939918518","0.8680999875068665","0.8680999875068665","0.8680999875068665","1","1","1","1","1","1","0.34769999980926514","0.34769999980926514","0.34769999980926514","0.840999960899353","0.840999960899353","0.840999960899353","1","1","1","1","1","1","0.33229997754096985","0.33229997754096985","0.33229997754096985","0.840999960899353","0.840999960899353","0.840999960899353","1","1","1","1","1","1","0.3346000015735626","0.3346000015735626","0.3346000015735626","0.8417999744415283","0.8417999744415283","0.8417999744415283"
"7789","1","1","1","1","1","1","0.44579997658729553","0.44579997658729553","0.44579997658729553","0.8646999597549438","0.8646999597549438","0.8646999597549438","1","1","1","1","1","1","0.4876999855041504","0.4876999855041504","0.4876999855041504","0.8705999851226807","0.8705999851226807","0.8705999851226807","1","1","1","1","1","1","0.3549000024795532","0.3549000024795532","0.3549000024795532","0.8432999849319458","0.8432999849319458","0.8432999849319458","1","1","1","1","1","1","0.3427000045776367","0.3427000045776367","0.3427000045776367","0.8425999879837036","0.8425999879837036","0.8425999879837036","1","1","1","1","1","1","0.3481999933719635","0.3481999933719635","0.3481999933719635","0.8455999493598938","0.8455999493598938","0.8455999493598938"
"7800","1","1","1","1","1","1","0.44269999861717224","0.44269999861717224","0.44269999861717224","0.8623999953269958","0.8623999953269958","0.8623999953269958","1","1","1","1","1","1","0.49139997363090515","0.49139997363090515","0.49139997363090515","0.870199978351593","0.870199978351593","0.870199978351593","1","1","1","1","1","1","0.35249999165534973","0.35249999165534973","0.35249999165534973","0.8434999585151672","0.8434999585151672","0.8434999585151672","1","1","1","1","1","1","0.3328000009059906","0.3328000009059906","0.3328000009059906","0.8398999571800232","0.8398999571800232","0.8398999571800232","1","1","1","1","1","1","0.34849998354911804","0.34849998354911804","0.34849998354911804","0.8447999954223633","0.8447999954223633","0.8447999954223633"
"7811","1","1","1","1","1","1","0.4465999901294708","0.4465999901294708","0.4465999901294708","0.8646000027656555","0.8646000027656555","0.8646000027656555","1","1","1","1","1","1","0.48510000109672546","0.48510000109672546","0.48510000109672546","0.8697999715805054","0.8697999715805054","0.8697999715805054","1","1","1","1","1","1","0.3540000021457672","0.3540000021457672","0.3540000021457672","0.8428999781608582","0.8428999781608582","0.8428999781608582","1","1","1","1","1","1","0.34599998593330383","0.34599998593330383","0.34599998593330383","0.8428999781608582","0.8428999781608582","0.8428999781608582","1","1","1","1","1","1","0.35519999265670776","0.35519999265670776","0.35519999265670776","0.8460999727249146","0.8460999727249146","0.8460999727249146"
"7822","1","1","1","1","1","1","0.44269999861717224","0.44269999861717224","0.44269999861717224","0.8639000058174133","0.8639000058174133","0.8639000058174133","1","1","1","1","1","1","0.48079997301101685","0.48079997301101685","0.48079997301101685","0.8704999685287476","0.8704999685287476","0.8704999685287476","1","1","1","1","1","1","0.3568999767303467","0.3568999767303467","0.3568999767303467","0.8436999917030334","0.8436999917030334","0.8436999917030334","1","1","1","1","1","1","0.3393999934196472","0.3393999934196472","0.3393999934196472","0.8406999707221985","0.8406999707221985","0.8406999707221985","1","1","1","1","1","1","0.35670000314712524","0.35670000314712524","0.35670000314712524","0.8467999696731567","0.8467999696731567","0.8467999696731567"
"7833","1","1","1","1","1","1","0.445499986410141","0.445499986410141","0.445499986410141","0.8636999726295471","0.8636999726295471","0.8636999726295471","1","1","1","1","1","1","0.49719998240470886","0.49719998240470886","0.49719998240470886","0.875","0.875","0.875","1","1","1","1","1","1","0.3513999879360199","0.3513999879360199","0.3513999879360199","0.8409000039100647","0.8409000039100647","0.8409000039100647","1","1","1","1","1","1","0.3382999897003174","0.3382999897003174","0.3382999897003174","0.8420000076293945","0.8420000076293945","0.8420000076293945","1","1","1","1","1","1","0.35259997844696045","0.35259997844696045","0.35259997844696045","0.8446999788284302","0.8446999788284302","0.8446999788284302"
"7844","1","1","1","1","1","1","0.4438000023365021","0.4438000023365021","0.4438000023365021","0.8629999756813049","0.8629999756813049","0.8629999756813049","1","1","1","1","1","1","0.48639997839927673","0.48639997839927673","0.48639997839927673","0.870199978351593","0.870199978351593","0.870199978351593","1","1","1","1","1","1","0.3443000018596649","0.3443000018596649","0.3443000018596649","0.8402000069618225","0.8402000069618225","0.8402000069618225","1","1","1","1","1","1","0.33730000257492065","0.33730000257492065","0.33730000257492065","0.840399980545044","0.840399980545044","0.840399980545044","1","1","1","1","1","1","0.3499999940395355","0.3499999940395355","0.3499999940395355","0.8436999917030334","0.8436999917030334","0.8436999917030334"
"7855","1","1","1","1","1","1","0.4438000023365021","0.4438000023365021","0.4438000023365021","0.863099992275238","0.863099992275238","0.863099992275238","1","1","1","1","1","1","0.4921000003814697","0.4921000003814697","0.4921000003814697","0.8718000054359436","0.8718000054359436","0.8718000054359436","1","1","1","1","1","1","0.34779998660087585","0.34779998660087585","0.34779998660087585","0.8416000008583069","0.8416000008583069","0.8416000008583069","1","1","1","1","1","1","0.3369999825954437","0.3369999825954437","0.3369999825954437","0.842199981212616","0.842199981212616","0.842199981212616","1","1","1","1","1","1","0.35679998993873596","0.35679998993873596","0.35679998993873596","0.8466999530792236","0.8466999530792236","0.8466999530792236"
"7866","1","1","1","1","1","1","0.4449999928474426","0.4449999928474426","0.4449999928474426","0.8644999861717224","0.8644999861717224","0.8644999861717224","1","1","1","1","1","1","0.4903999865055084","0.4903999865055084","0.4903999865055084","0.8712999820709229","0.8712999820709229","0.8712999820709229","1","1","1","1","1","1","0.3431999981403351","0.3431999981403351","0.3431999981403351","0.8402999639511108","0.8402999639511108","0.8402999639511108","1","1","1","1","1","1","0.3285999894142151","0.3285999894142151","0.3285999894142151","0.8398999571800232","0.8398999571800232","0.8398999571800232","1","1","1","1","1","1","0.35189998149871826","0.35189998149871826","0.35189998149871826","0.8461999893188477","0.8461999893188477","0.8461999893188477"
"7877","1","1","1","1","1","1","0.4398999810218811","0.4398999810218811","0.4398999810218811","0.8614999651908875","0.8614999651908875","0.8614999651908875","1","1","1","1","1","1","0.48409998416900635","0.48409998416900635","0.48409998416900635","0.8693999648094177","0.8693999648094177","0.8693999648094177","1","1","1","1","1","1","0.34689998626708984","0.34689998626708984","0.34689998626708984","0.8413999676704407","0.8413999676704407","0.8413999676704407","1","1","1","1","1","1","0.3418999910354614","0.3418999910354614","0.3418999910354614","0.8432999849319458","0.8432999849319458","0.8432999849319458","1","1","1","1","1","1","0.3441999852657318","0.3441999852657318","0.3441999852657318","0.8445000052452087","0.8445000052452087","0.8445000052452087"
"7888","1","1","1","1","1","1","0.44020000100135803","0.44020000100135803","0.44020000100135803","0.8623999953269958","0.8623999953269958","0.8623999953269958","1","1","1","1","1","1","0.4777999818325043","0.4777999818325043","0.4777999818325043","0.8691999912261963","0.8691999912261963","0.8691999912261963","1","1","1","1","1","1","0.3401999771595001","0.3401999771595001","0.3401999771595001","0.8398999571800232","0.8398999571800232","0.8398999571800232","1","1","1","1","1","1","0.3351999819278717","0.3351999819278717","0.3351999819278717","0.842799961566925","0.842799961566925","0.842799961566925","1","1","1","1","1","1","0.3497999906539917","0.3497999906539917","0.3497999906539917","0.8465999960899353","0.8465999960899353","0.8465999960899353"
"7899","1","1","1","1","1","1","0.44020000100135803","0.44020000100135803","0.44020000100135803","0.8610000014305115","0.8610000014305115","0.8610000014305115","1","1","1","1","1","1","0.4675000011920929","0.4675000011920929","0.4675000011920929","0.8654999732971191","0.8654999732971191","0.8654999732971191","1","1","1","1","1","1","0.35089999437332153","0.35089999437332153","0.35089999437332153","0.8416999578475952","0.8416999578475952","0.8416999578475952","1","1","1","1","1","1","0.33379998803138733","0.33379998803138733","0.33379998803138733","0.8407999873161316","0.8407999873161316","0.8407999873161316","1","1","1","1","1","1","0.34209999442100525","0.34209999442100525","0.34209999442100525","0.8449999690055847","0.8449999690055847","0.8449999690055847"
"7910","1","1","1","1","1","1","0.4487999975681305","0.4487999975681305","0.4487999975681305","0.8652999997138977","0.8652999997138977","0.8652999997138977","1","1","1","1","1","1","0.4724999964237213","0.4724999964237213","0.4724999964237213","0.8680999875068665","0.8680999875068665","0.8680999875068665","1","1","1","1","1","1","0.335999995470047","0.335999995470047","0.335999995470047","0.8370999693870544","0.8370999693870544","0.8370999693870544","1","1","1","1","1","1","0.3353999853134155","0.3353999853134155","0.3353999853134155","0.8417999744415283","0.8417999744415283","0.8417999744415283","1","1","1","1","1","1","0.35359999537467957","0.35359999537467957","0.35359999537467957","0.8473999500274658","0.8473999500274658","0.8473999500274658"
"7921","1","1","1","1","1","1","0.4481000006198883","0.4481000006198883","0.4481000006198883","0.8631999492645264","0.8631999492645264","0.8631999492645264","1","1","1","1","1","1","0.4739999771118164","0.4739999771118164","0.4739999771118164","0.8679999709129333","0.8679999709129333","0.8679999709129333","1","1","1","1","1","1","0.34630000591278076","0.34630000591278076","0.34630000591278076","0.8398000001907349","0.8398000001907349","0.8398000001907349","1","1","1","1","1","1","0.33409997820854187","0.33409997820854187","0.33409997820854187","0.8414999842643738","0.8414999842643738","0.8414999842643738","1","1","1","1","1","1","0.33709999918937683","0.33709999918937683","0.33709999918937683","0.8425999879837036","0.8425999879837036","0.8425999879837036"
"7932","1","1","1","1","1","1","0.4494999945163727","0.4494999945163727","0.4494999945163727","0.8634999990463257","0.8634999990463257","0.8634999990463257","1","1","1","1","1","1","0.4706999957561493","0.4706999957561493","0.4706999957561493","0.8675999641418457","0.8675999641418457","0.8675999641418457","1","1","1","1","1","1","0.3544999957084656","0.3544999957084656","0.3544999957084656","0.842199981212616","0.842199981212616","0.842199981212616","1","1","1","1","1","1","0.33730000257492065","0.33730000257492065","0.33730000257492065","0.8423999547958374","0.8423999547958374","0.8423999547958374","1","1","1","1","1","1","0.33390000462532043","0.33390000462532043","0.33390000462532043","0.842799961566925","0.842799961566925","0.842799961566925"
"7943","1","1","1","1","1","1","0.4486999809741974","0.4486999809741974","0.4486999809741974","0.863599956035614","0.863599956035614","0.863599956035614","1","1","1","1","1","1","0.4717999994754791","0.4717999994754791","0.4717999994754791","0.8671000003814697","0.8671000003814697","0.8671000003814697","1","1","1","1","1","1","0.3455999791622162","0.3455999791622162","0.3455999791622162","0.8416999578475952","0.8416999578475952","0.8416999578475952","1","1","1","1","1","1","0.32580000162124634","0.32580000162124634","0.32580000162124634","0.8393999934196472","0.8393999934196472","0.8393999934196472","1","1","1","1","1","1","0.33390000462532043","0.33390000462532043","0.33390000462532043","0.8422999978065491","0.8422999978065491","0.8422999978065491"
"7954","1","1","1","1","1","1","0.44279998540878296","0.44279998540878296","0.44279998540878296","0.861799955368042","0.861799955368042","0.861799955368042","1","1","1","1","1","1","0.4870999753475189","0.4870999753475189","0.4870999753475189","0.8716999888420105","0.8716999888420105","0.8716999888420105","1","1","1","0.9997999668121338","0.9997999668121338","0.9997999668121338","0.3464999794960022","0.3464999794960022","0.3464999794960022","0.8402999639511108","0.8402999639511108","0.8402999639511108","1","1","1","1","1","1","0.32409998774528503","0.32409998774528503","0.32409998774528503","0.8396999835968018","0.8396999835968018","0.8396999835968018","1","1","1","1","1","1","0.33480000495910645","0.33480000495910645","0.33480000495910645","0.8417999744415283","0.8417999744415283","0.8417999744415283"
"7965","1","1","1","1","1","1","0.44829997420310974","0.44829997420310974","0.44829997420310974","0.8623999953269958","0.8623999953269958","0.8623999953269958","1","1","1","1","1","1","0.4869999885559082","0.4869999885559082","0.4869999885559082","0.8700999617576599","0.8700999617576599","0.8700999617576599","1","1","1","1","1","1","0.3531999886035919","0.3531999886035919","0.3531999886035919","0.8406999707221985","0.8406999707221985","0.8406999707221985","1","1","1","1","1","1","0.3252999782562256","0.3252999782562256","0.3252999782562256","0.8400999903678894","0.8400999903678894","0.8400999903678894","1","1","1","1","1","1","0.3312000036239624","0.3312000036239624","0.3312000036239624","0.8406999707221985","0.8406999707221985","0.8406999707221985"
"7976","1","1","1","1","1","1","0.45350000262260437","0.45350000262260437","0.45350000262260437","0.8652999997138977","0.8652999997138977","0.8652999997138977","1","1","1","1","1","1","0.48959997296333313","0.48959997296333313","0.48959997296333313","0.8708999752998352","0.8708999752998352","0.8708999752998352","1","1","1","1","1","1","0.3531999886035919","0.3531999886035919","0.3531999886035919","0.8414999842643738","0.8414999842643738","0.8414999842643738","1","1","1","1","1","1","0.3247999846935272","0.3247999846935272","0.3247999846935272","0.8384000062942505","0.8384000062942505","0.8384000062942505","1","1","1","1","1","1","0.3400000035762787","0.3400000035762787","0.3400000035762787","0.8432999849319458","0.8432999849319458","0.8432999849319458"
"7987","1","1","1","1","1","1","0.45729997754096985","0.45729997754096985","0.45729997754096985","0.8675000071525574","0.8675000071525574","0.8675000071525574","1","1","1","1","1","1","0.47699999809265137","0.47699999809265137","0.47699999809265137","0.8687999844551086","0.8687999844551086","0.8687999844551086","1","1","1","1","1","1","0.3612000048160553","0.3612000048160553","0.3612000048160553","0.8436999917030334","0.8436999917030334","0.8436999917030334","1","1","1","1","1","1","0.32819998264312744","0.32819998264312744","0.32819998264312744","0.840499997138977","0.840499997138977","0.840499997138977","1","1","1","1","1","1","0.3263999819755554","0.3263999819755554","0.3263999819755554","0.838699996471405","0.838699996471405","0.838699996471405"
"7998","1","1","1","1","1","1","0.45019999146461487","0.45019999146461487","0.45019999146461487","0.8654999732971191","0.8654999732971191","0.8654999732971191","1","1","1","1","1","1","0.4813999831676483","0.4813999831676483","0.4813999831676483","0.8687999844551086","0.8687999844551086","0.8687999844551086","1","1","1","1","1","1","0.3642999827861786","0.3642999827861786","0.3642999827861786","0.8445999622344971","0.8445999622344971","0.8445999622344971","1","1","1","1","1","1","0.3270999789237976","0.3270999789237976","0.3270999789237976","0.8409000039100647","0.8409000039100647","0.8409000039100647","1","1","1","1","1","1","0.33139997720718384","0.33139997720718384","0.33139997720718384","0.8407999873161316","0.8407999873161316","0.8407999873161316"
"8009","1","1","1","1","1","1","0.4536999762058258","0.4536999762058258","0.4536999762058258","0.8664000034332275","0.8664000034332275","0.8664000034332275","1","1","1","1","1","1","0.4690999984741211","0.4690999984741211","0.4690999984741211","0.866599977016449","0.866599977016449","0.866599977016449","1","1","1","1","1","1","0.36169999837875366","0.36169999837875366","0.36169999837875366","0.8440999984741211","0.8440999984741211","0.8440999984741211","1","1","1","1","1","1","0.32899999618530273","0.32899999618530273","0.32899999618530273","0.8396999835968018","0.8396999835968018","0.8396999835968018","1","1","1","1","1","1","0.3292999863624573","0.3292999863624573","0.3292999863624573","0.8393999934196472","0.8393999934196472","0.8393999934196472"
"8020","1","1","1","1","1","1","0.44419997930526733","0.44419997930526733","0.44419997930526733","0.8622999787330627","0.8622999787330627","0.8622999787330627","1","1","1","1","1","1","0.4617999792098999","0.4617999792098999","0.4617999792098999","0.8639999628067017","0.8639999628067017","0.8639999628067017","1","1","1","1","1","1","0.362199991941452","0.362199991941452","0.362199991941452","0.8442999720573425","0.8442999720573425","0.8442999720573425","1","1","1","1","1","1","0.3263999819755554","0.3263999819755554","0.3263999819755554","0.8398999571800232","0.8398999571800232","0.8398999571800232","1","1","1","1","1","1","0.3358999788761139","0.3358999788761139","0.3358999788761139","0.8420999646186829","0.8420999646186829","0.8420999646186829"
"8031","1","1","1","1","1","1","0.45089998841285706","0.45089998841285706","0.45089998841285706","0.8667999505996704","0.8667999505996704","0.8667999505996704","1","1","1","1","1","1","0.47609999775886536","0.47609999775886536","0.47609999775886536","0.8677999973297119","0.8677999973297119","0.8677999973297119","1","1","1","1","1","1","0.3578999936580658","0.3578999936580658","0.3578999936580658","0.8436999917030334","0.8436999917030334","0.8436999917030334","1","1","1","1","1","1","0.32739999890327454","0.32739999890327454","0.32739999890327454","0.8398000001907349","0.8398000001907349","0.8398000001907349","1","1","1","1","1","1","0.33719998598098755","0.33719998598098755","0.33719998598098755","0.8406999707221985","0.8406999707221985","0.8406999707221985"
"8042","1","1","1","1","1","1","0.45089998841285706","0.45089998841285706","0.45089998841285706","0.8655999898910522","0.8655999898910522","0.8655999898910522","1","1","1","1","1","1","0.47259998321533203","0.47259998321533203","0.47259998321533203","0.8661999702453613","0.8661999702453613","0.8661999702453613","1","1","1","1","1","1","0.3568999767303467","0.3568999767303467","0.3568999767303467","0.8429999947547913","0.8429999947547913","0.8429999947547913","1","1","1","1","1","1","0.32330000400543213","0.32330000400543213","0.32330000400543213","0.8391000032424927","0.8391000032424927","0.8391000032424927","1","1","1","1","1","1","0.33550000190734863","0.33550000190734863","0.33550000190734863","0.8410999774932861","0.8410999774932861","0.8410999774932861"
"8053","1","1","1","1","1","1","0.44769999384880066","0.44769999384880066","0.44769999384880066","0.8646999597549438","0.8646999597549438","0.8646999597549438","1","1","1","1","1","1","0.48009997606277466","0.48009997606277466","0.48009997606277466","0.8662999868392944","0.8662999868392944","0.8662999868392944","1","1","1","1","1","1","0.3563999831676483","0.3563999831676483","0.3563999831676483","0.8434000015258789","0.8434000015258789","0.8434000015258789","1","1","1","1","1","1","0.3254999816417694","0.3254999816417694","0.3254999816417694","0.8398000001907349","0.8398000001907349","0.8398000001907349","1","1","1","1","1","1","0.33709999918937683","0.33709999918937683","0.33709999918937683","0.8414999842643738","0.8414999842643738","0.8414999842643738"
"8064","1","1","1","1","1","1","0.44739997386932373","0.44739997386932373","0.44739997386932373","0.8621999621391296","0.8621999621391296","0.8621999621391296","1","1","1","1","1","1","0.4777999818325043","0.4777999818325043","0.4777999818325043","0.8671000003814697","0.8671000003814697","0.8671000003814697","1","1","1","1","1","1","0.3450999855995178","0.3450999855995178","0.3450999855995178","0.8394999504089355","0.8394999504089355","0.8394999504089355","1","1","1","1","1","1","0.3392999768257141","0.3392999768257141","0.3392999768257141","0.842799961566925","0.842799961566925","0.842799961566925","1","1","1","1","1","1","0.34119999408721924","0.34119999408721924","0.34119999408721924","0.8417999744415283","0.8417999744415283","0.8417999744415283"
"8075","1","1","1","1","1","1","0.4496999979019165","0.4496999979019165","0.4496999979019165","0.8636999726295471","0.8636999726295471","0.8636999726295471","1","1","1","1","1","1","0.4722999930381775","0.4722999930381775","0.4722999930381775","0.8673999905586243","0.8673999905586243","0.8673999905586243","1","1","1","1","1","1","0.3504999876022339","0.3504999876022339","0.3504999876022339","0.8413999676704407","0.8413999676704407","0.8413999676704407","1","1","1","1","1","1","0.3337000012397766","0.3337000012397766","0.3337000012397766","0.8409000039100647","0.8409000039100647","0.8409000039100647","1","1","1","1","1","1","0.3407999873161316","0.3407999873161316","0.3407999873161316","0.8424999713897705","0.8424999713897705","0.8424999713897705"
"8086","1","1","1","1","1","1","0.4520999789237976","0.4520999789237976","0.4520999789237976","0.8644999861717224","0.8644999861717224","0.8644999861717224","1","1","1","1","1","1","0.4714999794960022","0.4714999794960022","0.4714999794960022","0.8669999837875366","0.8669999837875366","0.8669999837875366","1","1","1","1","1","1","0.35929998755455017","0.35929998755455017","0.35929998755455017","0.8420999646186829","0.8420999646186829","0.8420999646186829","1","1","1","1","1","1","0.32819998264312744","0.32819998264312744","0.32819998264312744","0.8385999798774719","0.8385999798774719","0.8385999798774719","1","1","1","1","1","1","0.3418000042438507","0.3418000042438507","0.3418000042438507","0.8411999940872192","0.8411999940872192","0.8411999940872192"
"8097","1","1","1","1","1","1","0.4486999809741974","0.4486999809741974","0.4486999809741974","0.863599956035614","0.863599956035614","0.863599956035614","1","1","1","1","1","1","0.4761999845504761","0.4761999845504761","0.4761999845504761","0.8684999942779541","0.8684999942779541","0.8684999942779541","1","1","1","1","1","1","0.3578999936580658","0.3578999936580658","0.3578999936580658","0.8420999646186829","0.8420999646186829","0.8420999646186829","1","1","1","1","1","1","0.32679998874664307","0.32679998874664307","0.32679998874664307","0.8392999768257141","0.8392999768257141","0.8392999768257141","1","1","1","1","1","1","0.33079999685287476","0.33079999685287476","0.33079999685287476","0.8394999504089355","0.8394999504089355","0.8394999504089355"
"8108","1","1","1","1","1","1","0.4530999958515167","0.4530999958515167","0.4530999958515167","0.8658999800682068","0.8658999800682068","0.8658999800682068","1","1","1","1","1","1","0.4599999785423279","0.4599999785423279","0.4599999785423279","0.8640999794006348","0.8640999794006348","0.8640999794006348","1","1","1","1","1","1","0.35189998149871826","0.35189998149871826","0.35189998149871826","0.840999960899353","0.840999960899353","0.840999960899353","1","1","1","1","1","1","0.3294000029563904","0.3294000029563904","0.3294000029563904","0.8394999504089355","0.8394999504089355","0.8394999504089355","1","1","1","1","1","1","0.34209999442100525","0.34209999442100525","0.34209999442100525","0.8425999879837036","0.8425999879837036","0.8425999879837036"
"8119","1","1","1","1","1","1","0.44999998807907104","0.44999998807907104","0.44999998807907104","0.8650999665260315","0.8650999665260315","0.8650999665260315","1","1","1","1","1","1","0.4592999815940857","0.4592999815940857","0.4592999815940857","0.8644999861717224","0.8644999861717224","0.8644999861717224","1","1","1","1","1","1","0.3538999855518341","0.3538999855518341","0.3538999855518341","0.8427000045776367","0.8427000045776367","0.8427000045776367","1","1","1","1","1","1","0.3246999979019165","0.3246999979019165","0.3246999979019165","0.8389999866485596","0.8389999866485596","0.8389999866485596","1","1","1","1","1","1","0.3328999876976013","0.3328999876976013","0.3328999876976013","0.8411999940872192","0.8411999940872192","0.8411999940872192"
"8130","1","1","1","1","1","1","0.4490000009536743","0.4490000009536743","0.4490000009536743","0.8640999794006348","0.8640999794006348","0.8640999794006348","1","1","1","1","1","1","0.4713999927043915","0.4713999927043915","0.4713999927043915","0.8675999641418457","0.8675999641418457","0.8675999641418457","1","1","1","1","1","1","0.3495999872684479","0.3495999872684479","0.3495999872684479","0.8412999510765076","0.8412999510765076","0.8412999510765076","1","1","1","1","1","1","0.3303000032901764","0.3303000032901764","0.3303000032901764","0.8395999670028687","0.8395999670028687","0.8395999670028687","1","1","1","1","1","1","0.33550000190734863","0.33550000190734863","0.33550000190734863","0.8406999707221985","0.8406999707221985","0.8406999707221985"
"8141","1","1","1","1","1","1","0.43609997630119324","0.43609997630119324","0.43609997630119324","0.85999995470047","0.85999995470047","0.85999995470047","1","1","1","1","1","1","0.4602999985218048","0.4602999985218048","0.4602999985218048","0.8639000058174133","0.8639000058174133","0.8639000058174133","1","1","1","1","1","1","0.349700003862381","0.349700003862381","0.349700003862381","0.8416000008583069","0.8416000008583069","0.8416000008583069","1","1","1","1","1","1","0.3255999982357025","0.3255999982357025","0.3255999982357025","0.8384999632835388","0.8384999632835388","0.8384999632835388","1","1","1","1","1","1","0.34109997749328613","0.34109997749328613","0.34109997749328613","0.8434999585151672","0.8434999585151672","0.8434999585151672"
"8152","1","1","1","1","1","1","0.44699999690055847","0.44699999690055847","0.44699999690055847","0.8640999794006348","0.8640999794006348","0.8640999794006348","1","1","1","1","1","1","0.4585999846458435","0.4585999846458435","0.4585999846458435","0.8628000020980835","0.8628000020980835","0.8628000020980835","1","1","1","1","1","1","0.3563999831676483","0.3563999831676483","0.3563999831676483","0.8429999947547913","0.8429999947547913","0.8429999947547913","1","1","1","1","1","1","0.334199994802475","0.334199994802475","0.334199994802475","0.8405999541282654","0.8405999541282654","0.8405999541282654","1","1","1","1","1","1","0.34039998054504395","0.34039998054504395","0.34039998054504395","0.8440999984741211","0.8440999984741211","0.8440999984741211"
"8163","1","1","1","1","1","1","0.44859999418258667","0.44859999418258667","0.44859999418258667","0.8651999831199646","0.8651999831199646","0.8651999831199646","1","1","1","1","1","1","0.4544000029563904","0.4544000029563904","0.4544000029563904","0.8624999523162842","0.8624999523162842","0.8624999523162842","1","1","1","1","1","1","0.3455999791622162","0.3455999791622162","0.3455999791622162","0.8405999541282654","0.8405999541282654","0.8405999541282654","1","1","1","1","1","1","0.3344999849796295","0.3344999849796295","0.3344999849796295","0.8398000001907349","0.8398000001907349","0.8398000001907349","1","1","1","1","1","1","0.3398999869823456","0.3398999869823456","0.3398999869823456","0.8434999585151672","0.8434999585151672","0.8434999585151672"
"8174","1","1","1","1","1","1","0.4487999975681305","0.4487999975681305","0.4487999975681305","0.8654999732971191","0.8654999732971191","0.8654999732971191","1","1","1","1","1","1","0.45809999108314514","0.45809999108314514","0.45809999108314514","0.8639000058174133","0.8639000058174133","0.8639000058174133","1","1","1","1","1","1","0.3482999801635742","0.3482999801635742","0.3482999801635742","0.8407999873161316","0.8407999873161316","0.8407999873161316","1","1","1","1","1","1","0.33159998059272766","0.33159998059272766","0.33159998059272766","0.8394999504089355","0.8394999504089355","0.8394999504089355","1","1","1","1","1","1","0.343999981880188","0.343999981880188","0.343999981880188","0.8448999524116516","0.8448999524116516","0.8448999524116516"
"8185","1","1","1","1","1","1","0.44679999351501465","0.44679999351501465","0.44679999351501465","0.8639000058174133","0.8639000058174133","0.8639000058174133","1","1","1","1","1","1","0.46939998865127563","0.46939998865127563","0.46939998865127563","0.8668999671936035","0.8668999671936035","0.8668999671936035","1","1","1","1","1","1","0.346699982881546","0.346699982881546","0.346699982881546","0.8409000039100647","0.8409000039100647","0.8409000039100647","1","1","1","1","1","1","0.3312000036239624","0.3312000036239624","0.3312000036239624","0.8395999670028687","0.8395999670028687","0.8395999670028687","1","1","1","1","1","1","0.35259997844696045","0.35259997844696045","0.35259997844696045","0.8470999598503113","0.8470999598503113","0.8470999598503113"
"8196","1","1","1","1","1","1","0.44739997386932373","0.44739997386932373","0.44739997386932373","0.8649999499320984","0.8649999499320984","0.8649999499320984","1","1","1","1","1","1","0.4722999930381775","0.4722999930381775","0.4722999930381775","0.8658999800682068","0.8658999800682068","0.8658999800682068","1","1","1","1","1","1","0.34779998660087585","0.34779998660087585","0.34779998660087585","0.8414999842643738","0.8414999842643738","0.8414999842643738","1","1","1","1","1","1","0.33409997820854187","0.33409997820854187","0.33409997820854187","0.8396999835968018","0.8396999835968018","0.8396999835968018","1","1","1","1","1","1","0.344899982213974","0.344899982213974","0.344899982213974","0.8458999991416931","0.8458999991416931","0.8458999991416931"
"8207","1","1","1","1","1","1","0.445499986410141","0.445499986410141","0.445499986410141","0.864799976348877","0.864799976348877","0.864799976348877","1","1","1","1","1","1","0.4681999981403351","0.4681999981403351","0.4681999981403351","0.8646999597549438","0.8646999597549438","0.8646999597549438","1","1","1","1","1","1","0.3520999848842621","0.3520999848842621","0.3520999848842621","0.8434999585151672","0.8434999585151672","0.8434999585151672","1","1","1","1","1","1","0.32979997992515564","0.32979997992515564","0.32979997992515564","0.8381999731063843","0.8381999731063843","0.8381999731063843","1","1","1","1","1","1","0.33489999175071716","0.33489999175071716","0.33489999175071716","0.842799961566925","0.842799961566925","0.842799961566925"
"8218","1","1","1","1","1","1","0.4493999779224396","0.4493999779224396","0.4493999779224396","0.8654999732971191","0.8654999732971191","0.8654999732971191","1","1","1","1","1","1","0.47029998898506165","0.47029998898506165","0.47029998898506165","0.8657999634742737","0.8657999634742737","0.8657999634742737","1","1","1","1","1","1","0.35040000081062317","0.35040000081062317","0.35040000081062317","0.8428999781608582","0.8428999781608582","0.8428999781608582","1","1","1","1","1","1","0.3467999994754791","0.3467999994754791","0.3467999994754791","0.8413999676704407","0.8413999676704407","0.8413999676704407","1","1","1","1","1","1","0.343099981546402","0.343099981546402","0.343099981546402","0.8450999855995178","0.8450999855995178","0.8450999855995178"
"8229","1","1","1","1","1","1","0.4509999752044678","0.4509999752044678","0.4509999752044678","0.8643999695777893","0.8643999695777893","0.8643999695777893","1","1","1","1","1","1","0.47599998116493225","0.47599998116493225","0.47599998116493225","0.8654999732971191","0.8654999732971191","0.8654999732971191","1","1","1","1","1","1","0.35269999504089355","0.35269999504089355","0.35269999504089355","0.843999981880188","0.843999981880188","0.843999981880188","1","1","1","1","1","1","0.3325999975204468","0.3325999975204468","0.3325999975204468","0.8382999897003174","0.8382999897003174","0.8382999897003174","1","1","1","1","1","1","0.34759998321533203","0.34759998321533203","0.34759998321533203","0.8463999629020691","0.8463999629020691","0.8463999629020691"
"8240","1","1","1","1","1","1","0.45239999890327454","0.45239999890327454","0.45239999890327454","0.865399956703186","0.865399956703186","0.865399956703186","1","1","1","1","1","1","0.4756999909877777","0.4756999909877777","0.4756999909877777","0.8664999604225159","0.8664999604225159","0.8664999604225159","1","1","1","1","1","1","0.35019999742507935","0.35019999742507935","0.35019999742507935","0.8435999751091003","0.8435999751091003","0.8435999751091003","1","1","1","1","1","1","0.3326999843120575","0.3326999843120575","0.3326999843120575","0.8385999798774719","0.8385999798774719","0.8385999798774719","1","1","1","1","1","1","0.3455999791622162","0.3455999791622162","0.3455999791622162","0.8470999598503113","0.8470999598503113","0.8470999598503113"
"8251","1","1","1","1","1","1","0.4521999955177307","0.4521999955177307","0.4521999955177307","0.8658999800682068","0.8658999800682068","0.8658999800682068","1","1","1","1","1","1","0.4755999743938446","0.4755999743938446","0.4755999743938446","0.8667999505996704","0.8667999505996704","0.8667999505996704","1","1","1","1","1","1","0.34389999508857727","0.34389999508857727","0.34389999508857727","0.8413999676704407","0.8413999676704407","0.8413999676704407","1","1","1","1","1","1","0.3346000015735626","0.3346000015735626","0.3346000015735626","0.8394999504089355","0.8394999504089355","0.8394999504089355","1","1","1","1","1","1","0.3515999913215637","0.3515999913215637","0.3515999913215637","0.8466999530792236","0.8466999530792236","0.8466999530792236"
"8262","1","1","1","1","1","1","0.4510999917984009","0.4510999917984009","0.4510999917984009","0.8654999732971191","0.8654999732971191","0.8654999732971191","1","1","1","1","1","1","0.4714999794960022","0.4714999794960022","0.4714999794960022","0.8660999536514282","0.8660999536514282","0.8660999536514282","1","1","1","1","1","1","0.34630000591278076","0.34630000591278076","0.34630000591278076","0.8422999978065491","0.8422999978065491","0.8422999978065491","1","1","1","1","1","1","0.3337000012397766","0.3337000012397766","0.3337000012397766","0.8396999835968018","0.8396999835968018","0.8396999835968018","1","1","1","1","1","1","0.34529998898506165","0.34529998898506165","0.34529998898506165","0.8459999561309814","0.8459999561309814","0.8459999561309814"
"8273","1","1","1","1","1","1","0.44909998774528503","0.44909998774528503","0.44909998774528503","0.8651999831199646","0.8651999831199646","0.8651999831199646","1","1","1","1","1","1","0.4757999777793884","0.4757999777793884","0.4757999777793884","0.865399956703186","0.865399956703186","0.865399956703186","1","1","1","1","1","1","0.35349997878074646","0.35349997878074646","0.35349997878074646","0.8429999947547913","0.8429999947547913","0.8429999947547913","1","1","1","1","1","1","0.32580000162124634","0.32580000162124634","0.32580000162124634","0.837399959564209","0.837399959564209","0.837399959564209","1","1","1","1","1","1","0.3431999981403351","0.3431999981403351","0.3431999981403351","0.8436999917030334","0.8436999917030334","0.8436999917030334"
"8284","1","1","1","1","1","1","0.4470999836921692","0.4470999836921692","0.4470999836921692","0.863599956035614","0.863599956035614","0.863599956035614","1","1","1","1","1","1","0.47999998927116394","0.47999998927116394","0.47999998927116394","0.8650999665260315","0.8650999665260315","0.8650999665260315","1","1","1","1","1","1","0.35089999437332153","0.35089999437332153","0.35089999437332153","0.8425999879837036","0.8425999879837036","0.8425999879837036","1","1","1","1","1","1","0.3384000062942505","0.3384000062942505","0.3384000062942505","0.8388999700546265","0.8388999700546265","0.8388999700546265","1","1","1","1","1","1","0.33319997787475586","0.33319997787475586","0.33319997787475586","0.842799961566925","0.842799961566925","0.842799961566925"
"8295","1","1","1","1","1","1","0.4502999782562256","0.4502999782562256","0.4502999782562256","0.865399956703186","0.865399956703186","0.865399956703186","1","1","1","1","1","1","0.4691999852657318","0.4691999852657318","0.4691999852657318","0.8644999861717224","0.8644999861717224","0.8644999861717224","1","1","1","1","1","1","0.3586999773979187","0.3586999773979187","0.3586999773979187","0.8446999788284302","0.8446999788284302","0.8446999788284302","1","1","1","1","1","1","0.3346000015735626","0.3346000015735626","0.3346000015735626","0.8389999866485596","0.8389999866485596","0.8389999866485596","1","1","1","1","1","1","0.34759998321533203","0.34759998321533203","0.34759998321533203","0.8467999696731567","0.8467999696731567","0.8467999696731567"
"8306","1","1","1","1","1","1","0.45329999923706055","0.45329999923706055","0.45329999923706055","0.8651999831199646","0.8651999831199646","0.8651999831199646","1","1","1","1","1","1","0.46549999713897705","0.46549999713897705","0.46549999713897705","0.8625999689102173","0.8625999689102173","0.8625999689102173","1","1","1","1","1","1","0.35909998416900635","0.35909998416900635","0.35909998416900635","0.8445999622344971","0.8445999622344971","0.8445999622344971","1","1","1","1","1","1","0.3351999819278717","0.3351999819278717","0.3351999819278717","0.8395999670028687","0.8395999670028687","0.8395999670028687","1","1","1","1","1","1","0.3391000032424927","0.3391000032424927","0.3391000032424927","0.8470999598503113","0.8470999598503113","0.8470999598503113"
"8317","1","1","1","1","1","1","0.45179998874664307","0.45179998874664307","0.45179998874664307","0.8648999929428101","0.8648999929428101","0.8648999929428101","1","1","1","1","1","1","0.4810999929904938","0.4810999929904938","0.4810999929904938","0.8682000041007996","0.8682000041007996","0.8682000041007996","1","1","1","1","1","1","0.3580999970436096","0.3580999970436096","0.3580999970436096","0.8442999720573425","0.8442999720573425","0.8442999720573425","1","1","1","1","1","1","0.3238999843597412","0.3238999843597412","0.3238999843597412","0.835099995136261","0.835099995136261","0.835099995136261","1","1","1","1","1","1","0.3418999910354614","0.3418999910354614","0.3418999910354614","0.8464999794960022","0.8464999794960022","0.8464999794960022"
"8328","1","1","1","1","1","1","0.45339998602867126","0.45339998602867126","0.45339998602867126","0.8658999800682068","0.8658999800682068","0.8658999800682068","1","1","1","1","1","1","0.47039997577667236","0.47039997577667236","0.47039997577667236","0.8628999590873718","0.8628999590873718","0.8628999590873718","1","1","1","1","1","1","0.35899999737739563","0.35899999737739563","0.35899999737739563","0.8432999849319458","0.8432999849319458","0.8432999849319458","1","1","1","1","1","1","0.3325999975204468","0.3325999975204468","0.3325999975204468","0.8374999761581421","0.8374999761581421","0.8374999761581421","1","1","1","1","1","1","0.34540000557899475","0.34540000557899475","0.34540000557899475","0.8478999733924866","0.8478999733924866","0.8478999733924866"
"8339","1","1","1","1","1","1","0.45019999146461487","0.45019999146461487","0.45019999146461487","0.8646000027656555","0.8646000027656555","0.8646000027656555","1","1","1","1","1","1","0.4675999879837036","0.4675999879837036","0.4675999879837036","0.8631999492645264","0.8631999492645264","0.8631999492645264","1","1","1","1","1","1","0.35670000314712524","0.35670000314712524","0.35670000314712524","0.842799961566925","0.842799961566925","0.842799961566925","1","1","1","1","1","1","0.32829999923706055","0.32829999923706055","0.32829999923706055","0.8382999897003174","0.8382999897003174","0.8382999897003174","1","1","1","1","1","1","0.35189998149871826","0.35189998149871826","0.35189998149871826","0.8484999537467957","0.8484999537467957","0.8484999537467957"
"8350","1","1","1","1","1","1","0.43789997696876526","0.43789997696876526","0.43789997696876526","0.85999995470047","0.85999995470047","0.85999995470047","1","1","1","1","1","1","0.4668999910354614","0.4668999910354614","0.4668999910354614","0.8629999756813049","0.8629999756813049","0.8629999756813049","1","1","1","1","1","1","0.35580000281333923","0.35580000281333923","0.35580000281333923","0.8430999517440796","0.8430999517440796","0.8430999517440796","1","1","1","1","1","1","0.3264999985694885","0.3264999985694885","0.3264999985694885","0.8364999890327454","0.8364999890327454","0.8364999890327454","1","1","1","1","1","1","0.3511999845504761","0.3511999845504761","0.3511999845504761","0.8483999967575073","0.8483999967575073","0.8483999967575073"
"8361","1","1","1","1","1","1","0.4526999890804291","0.4526999890804291","0.4526999890804291","0.8634999990463257","0.8634999990463257","0.8634999990463257","1","1","1","1","1","1","0.46709999442100525","0.46709999442100525","0.46709999442100525","0.8632999658584595","0.8632999658584595","0.8632999658584595","1","1","1","1","1","1","0.3547999858856201","0.3547999858856201","0.3547999858856201","0.8428999781608582","0.8428999781608582","0.8428999781608582","1","1","1","1","1","1","0.31689998507499695","0.31689998507499695","0.31689998507499695","0.8343999981880188","0.8343999981880188","0.8343999981880188","1","1","1","1","1","1","0.34919998049736023","0.34919998049736023","0.34919998049736023","0.8483999967575073","0.8483999967575073","0.8483999967575073"
"8372","1","1","1","1","1","1","0.4544999897480011","0.4544999897480011","0.4544999897480011","0.8648999929428101","0.8648999929428101","0.8648999929428101","1","1","1","1","1","1","0.46320000290870667","0.46320000290870667","0.46320000290870667","0.865399956703186","0.865399956703186","0.865399956703186","1","1","1","1","1","1","0.3531999886035919","0.3531999886035919","0.3531999886035919","0.8422999978065491","0.8422999978065491","0.8422999978065491","1","1","1","1","1","1","0.31610000133514404","0.31610000133514404","0.31610000133514404","0.8342999815940857","0.8342999815940857","0.8342999815940857","1","1","1","1","1","1","0.3467999994754791","0.3467999994754791","0.3467999994754791","0.8461999893188477","0.8461999893188477","0.8461999893188477"
"8383","1","1","1","1","1","1","0.45229998230934143","0.45229998230934143","0.45229998230934143","0.8649999499320984","0.8649999499320984","0.8649999499320984","1","1","1","1","1","1","0.4615999758243561","0.4615999758243561","0.4615999758243561","0.8649999499320984","0.8649999499320984","0.8649999499320984","1","1","1","1","1","1","0.3555999994277954","0.3555999994277954","0.3555999994277954","0.842199981212616","0.842199981212616","0.842199981212616","1","1","1","1","1","1","0.32499998807907104","0.32499998807907104","0.32499998807907104","0.8374999761581421","0.8374999761581421","0.8374999761581421","1","1","1","1","1","1","0.34540000557899475","0.34540000557899475","0.34540000557899475","0.84579998254776","0.84579998254776","0.84579998254776"
"8394","1","1","1","1","1","1","0.45479997992515564","0.45479997992515564","0.45479997992515564","0.8644999861717224","0.8644999861717224","0.8644999861717224","1","1","1","1","1","1","0.45729997754096985","0.45729997754096985","0.45729997754096985","0.8633999824523926","0.8633999824523926","0.8633999824523926","1","1","1","1","1","1","0.3544999957084656","0.3544999957084656","0.3544999957084656","0.8422999978065491","0.8422999978065491","0.8422999978065491","1","1","1","1","1","1","0.32989999651908875","0.32989999651908875","0.32989999651908875","0.8394999504089355","0.8394999504089355","0.8394999504089355","1","1","1","1","1","1","0.34360000491142273","0.34360000491142273","0.34360000491142273","0.8440999984741211","0.8440999984741211","0.8440999984741211"
"8405","1","1","1","1","1","1","0.44849997758865356","0.44849997758865356","0.44849997758865356","0.861799955368042","0.861799955368042","0.861799955368042","1","1","1","1","1","1","0.4601999819278717","0.4601999819278717","0.4601999819278717","0.8632999658584595","0.8632999658584595","0.8632999658584595","1","1","1","1","1","1","0.35979998111724854","0.35979998111724854","0.35979998111724854","0.8434000015258789","0.8434000015258789","0.8434000015258789","1","1","1","1","1","1","0.3317999839782715","0.3317999839782715","0.3317999839782715","0.838699996471405","0.838699996471405","0.838699996471405","1","1","1","1","1","1","0.34779998660087585","0.34779998660087585","0.34779998660087585","0.8446999788284302","0.8446999788284302","0.8446999788284302"
"8416","1","1","1","1","1","1","0.45419999957084656","0.45419999957084656","0.45419999957084656","0.863599956035614","0.863599956035614","0.863599956035614","1","1","1","1","1","1","0.46219998598098755","0.46219998598098755","0.46219998598098755","0.8639999628067017","0.8639999628067017","0.8639999628067017","1","1","1","1","1","1","0.36389997601509094","0.36389997601509094","0.36389997601509094","0.8443999886512756","0.8443999886512756","0.8443999886512756","1","1","1","1","1","1","0.3271999955177307","0.3271999955177307","0.3271999955177307","0.838699996471405","0.838699996471405","0.838699996471405","1","1","1","1","1","1","0.34459999203681946","0.34459999203681946","0.34459999203681946","0.8449999690055847","0.8449999690055847","0.8449999690055847"
"8427","1","1","1","1","1","1","0.4521999955177307","0.4521999955177307","0.4521999955177307","0.8624999523162842","0.8624999523162842","0.8624999523162842","1","1","1","1","1","1","0.4585999846458435","0.4585999846458435","0.4585999846458435","0.8642999529838562","0.8642999529838562","0.8642999529838562","1","1","1","1","1","1","0.3610000014305115","0.3610000014305115","0.3610000014305115","0.8431999683380127","0.8431999683380127","0.8431999683380127","1","1","1","1","1","1","0.3296999931335449","0.3296999931335449","0.3296999931335449","0.8377999663352966","0.8377999663352966","0.8377999663352966","1","1","1","1","1","1","0.34459999203681946","0.34459999203681946","0.34459999203681946","0.8454999923706055","0.8454999923706055","0.8454999923706055"
"8438","1","1","1","1","1","1","0.4527999758720398","0.4527999758720398","0.4527999758720398","0.863599956035614","0.863599956035614","0.863599956035614","1","1","1","1","1","1","0.4607999920845032","0.4607999920845032","0.4607999920845032","0.8657999634742737","0.8657999634742737","0.8657999634742737","1","1","1","1","1","1","0.36239999532699585","0.36239999532699585","0.36239999532699585","0.8435999751091003","0.8435999751091003","0.8435999751091003","1","1","1","1","1","1","0.3296999931335449","0.3296999931335449","0.3296999931335449","0.8378999829292297","0.8378999829292297","0.8378999829292297","1","1","1","1","1","1","0.3319999873638153","0.3319999873638153","0.3319999873638153","0.8414999842643738","0.8414999842643738","0.8414999842643738"
"8449","1","1","1","1","1","1","0.4593999981880188","0.4593999981880188","0.4593999981880188","0.8652999997138977","0.8652999997138977","0.8652999997138977","1","1","1","1","1","1","0.4560000002384186","0.4560000002384186","0.4560000002384186","0.8626999855041504","0.8626999855041504","0.8626999855041504","1","1","1","1","1","1","0.34439998865127563","0.34439998865127563","0.34439998865127563","0.8405999541282654","0.8405999541282654","0.8405999541282654","1","1","1","1","1","1","0.33009999990463257","0.33009999990463257","0.33009999990463257","0.8384999632835388","0.8384999632835388","0.8384999632835388","1","1","1","1","1","1","0.32989999651908875","0.32989999651908875","0.32989999651908875","0.840999960899353","0.840999960899353","0.840999960899353"
"8460","1","1","1","1","1","1","0.45339998602867126","0.45339998602867126","0.45339998602867126","0.8633999824523926","0.8633999824523926","0.8633999824523926","1","1","1","1","1","1","0.45889997482299805","0.45889997482299805","0.45889997482299805","0.8651999831199646","0.8651999831199646","0.8651999831199646","1","1","1","1","1","1","0.36419999599456787","0.36419999599456787","0.36419999599456787","0.8448999524116516","0.8448999524116516","0.8448999524116516","1","1","1","1","1","1","0.33889999985694885","0.33889999985694885","0.33889999985694885","0.839199960231781","0.839199960231781","0.839199960231781","1","1","1","1","1","1","0.33399999141693115","0.33399999141693115","0.33399999141693115","0.8432999849319458","0.8432999849319458","0.8432999849319458"
"8471","1","1","1","1","1","1","0.45659998059272766","0.45659998059272766","0.45659998059272766","0.8634999990463257","0.8634999990463257","0.8634999990463257","1","1","1","1","1","1","0.45909997820854187","0.45909997820854187","0.45909997820854187","0.8649999499320984","0.8649999499320984","0.8649999499320984","1","1","1","1","1","1","0.35429999232292175","0.35429999232292175","0.35429999232292175","0.8425999879837036","0.8425999879837036","0.8425999879837036","1","1","1","1","1","1","0.33899998664855957","0.33899998664855957","0.33899998664855957","0.840499997138977","0.840499997138977","0.840499997138977","1","1","1","1","1","1","0.3344999849796295","0.3344999849796295","0.3344999849796295","0.8434000015258789","0.8434000015258789","0.8434000015258789"
"8482","1","1","1","1","1","1","0.4496999979019165","0.4496999979019165","0.4496999979019165","0.8624999523162842","0.8624999523162842","0.8624999523162842","1","1","1","1","1","1","0.4583999812602997","0.4583999812602997","0.4583999812602997","0.8639000058174133","0.8639000058174133","0.8639000058174133","1","1","1","1","1","1","0.35819998383522034","0.35819998383522034","0.35819998383522034","0.8427000045776367","0.8427000045776367","0.8427000045776367","1","1","1","1","1","1","0.3422999978065491","0.3422999978065491","0.3422999978065491","0.8423999547958374","0.8423999547958374","0.8423999547958374","1","1","1","1","1","1","0.3360999822616577","0.3360999822616577","0.3360999822616577","0.8448999524116516","0.8448999524116516","0.8448999524116516"
"8493","1","1","1","1","1","1","0.4544000029563904","0.4544000029563904","0.4544000029563904","0.8631999492645264","0.8631999492645264","0.8631999492645264","1","1","1","1","1","1","0.45659998059272766","0.45659998059272766","0.45659998059272766","0.8648999929428101","0.8648999929428101","0.8648999929428101","1","1","1","1","1","1","0.3561999797821045","0.3561999797821045","0.3561999797821045","0.8429999947547913","0.8429999947547913","0.8429999947547913","1","1","1","1","1","1","0.3474999964237213","0.3474999964237213","0.3474999964237213","0.8435999751091003","0.8435999751091003","0.8435999751091003","1","1","1","1","1","1","0.3319000005722046","0.3319000005722046","0.3319000005722046","0.8435999751091003","0.8435999751091003","0.8435999751091003"
"8504","1","1","1","1","1","1","0.4569999873638153","0.4569999873638153","0.4569999873638153","0.8654999732971191","0.8654999732971191","0.8654999732971191","1","1","1","1","1","1","0.45729997754096985","0.45729997754096985","0.45729997754096985","0.8646999597549438","0.8646999597549438","0.8646999597549438","1","1","1","1","1","1","0.3637000024318695","0.3637000024318695","0.3637000024318695","0.8441999554634094","0.8441999554634094","0.8441999554634094","1","1","1","1","1","1","0.34630000591278076","0.34630000591278076","0.34630000591278076","0.8427000045776367","0.8427000045776367","0.8427000045776367","1","1","1","1","1","1","0.33009999990463257","0.33009999990463257","0.33009999990463257","0.8432999849319458","0.8432999849319458","0.8432999849319458"
"8515","1","1","1","1","1","1","0.45399999618530273","0.45399999618530273","0.45399999618530273","0.8637999892234802","0.8637999892234802","0.8637999892234802","1","1","1","1","1","1","0.444599986076355","0.444599986076355","0.444599986076355","0.8623999953269958","0.8623999953269958","0.8623999953269958","1","1","1","1","1","1","0.3604999780654907","0.3604999780654907","0.3604999780654907","0.843999981880188","0.843999981880188","0.843999981880188","1","1","1","1","1","1","0.34109997749328613","0.34109997749328613","0.34109997749328613","0.8411999940872192","0.8411999940872192","0.8411999940872192","1","1","1","1","1","1","0.33319997787475586","0.33319997787475586","0.33319997787475586","0.8434999585151672","0.8434999585151672","0.8434999585151672"
"8526","1","1","1","1","1","1","0.45639997720718384","0.45639997720718384","0.45639997720718384","0.8644999861717224","0.8644999861717224","0.8644999861717224","1","1","1","1","1","1","0.4562999904155731","0.4562999904155731","0.4562999904155731","0.8657000064849854","0.8657000064849854","0.8657000064849854","1","1","1","1","1","1","0.35839998722076416","0.35839998722076416","0.35839998722076416","0.8420000076293945","0.8420000076293945","0.8420000076293945","1","1","1","1","1","1","0.3407000005245209","0.3407000005245209","0.3407000005245209","0.8416999578475952","0.8416999578475952","0.8416999578475952","1","1","1","1","1","1","0.32989999651908875","0.32989999651908875","0.32989999651908875","0.8430999517440796","0.8430999517440796","0.8430999517440796"
"8537","1","1","1","1","1","1","0.4521999955177307","0.4521999955177307","0.4521999955177307","0.8628000020980835","0.8628000020980835","0.8628000020980835","1","1","1","1","1","1","0.4510999917984009","0.4510999917984009","0.4510999917984009","0.8632999658584595","0.8632999658584595","0.8632999658584595","1","1","1","1","1","1","0.3586999773979187","0.3586999773979187","0.3586999773979187","0.8427000045776367","0.8427000045776367","0.8427000045776367","1","1","1","1","1","1","0.343099981546402","0.343099981546402","0.343099981546402","0.842799961566925","0.842799961566925","0.842799961566925","1","1","1","1","1","1","0.3360999822616577","0.3360999822616577","0.3360999822616577","0.8430999517440796","0.8430999517440796","0.8430999517440796"
"8548","1","1","1","1","1","1","0.45229998230934143","0.45229998230934143","0.45229998230934143","0.8629999756813049","0.8629999756813049","0.8629999756813049","1","1","1","1","1","1","0.4456999897956848","0.4456999897956848","0.4456999897956848","0.8631999492645264","0.8631999492645264","0.8631999492645264","1","1","1","1","1","1","0.3646000027656555","0.3646000027656555","0.3646000027656555","0.8453999757766724","0.8453999757766724","0.8453999757766724","1","1","1","1","1","1","0.34289997816085815","0.34289997816085815","0.34289997816085815","0.8423999547958374","0.8423999547958374","0.8423999547958374","1","1","1","1","1","1","0.33719998598098755","0.33719998598098755","0.33719998598098755","0.8441999554634094","0.8441999554634094","0.8441999554634094"
"8559","1","1","1","1","1","1","0.4486999809741974","0.4486999809741974","0.4486999809741974","0.8614999651908875","0.8614999651908875","0.8614999651908875","1","1","1","1","1","1","0.4472000002861023","0.4472000002861023","0.4472000002861023","0.8636999726295471","0.8636999726295471","0.8636999726295471","1","1","1","1","1","1","0.3660999834537506","0.3660999834537506","0.3660999834537506","0.8438999652862549","0.8438999652862549","0.8438999652862549","1","1","1","1","1","1","0.33570000529289246","0.33570000529289246","0.33570000529289246","0.8396999835968018","0.8396999835968018","0.8396999835968018","1","1","1","1","1","1","0.3333999812602997","0.3333999812602997","0.3333999812602997","0.8438000082969666","0.8438000082969666","0.8438000082969666"
"8570","1","1","1","1","1","1","0.45399999618530273","0.45399999618530273","0.45399999618530273","0.8641999959945679","0.8641999959945679","0.8641999959945679","1","1","1","1","1","1","0.4529999792575836","0.4529999792575836","0.4529999792575836","0.8642999529838562","0.8642999529838562","0.8642999529838562","1","1","1","1","1","1","0.36800000071525574","0.36800000071525574","0.36800000071525574","0.8446999788284302","0.8446999788284302","0.8446999788284302","1","1","1","1","1","1","0.33709999918937683","0.33709999918937683","0.33709999918937683","0.8402999639511108","0.8402999639511108","0.8402999639511108","1","1","1","1","1","1","0.33789998292922974","0.33789998292922974","0.33789998292922974","0.842799961566925","0.842799961566925","0.842799961566925"
"8581","1","1","1","1","1","1","0.4490000009536743","0.4490000009536743","0.4490000009536743","0.8631999492645264","0.8631999492645264","0.8631999492645264","1","1","1","1","1","1","0.46399998664855957","0.46399998664855957","0.46399998664855957","0.864799976348877","0.864799976348877","0.864799976348877","1","1","1","1","1","1","0.3588999807834625","0.3588999807834625","0.3588999807834625","0.842199981212616","0.842199981212616","0.842199981212616","1","1","1","1","1","1","0.32659998536109924","0.32659998536109924","0.32659998536109924","0.8388999700546265","0.8388999700546265","0.8388999700546265","1","1","1","1","1","1","0.3369999825954437","0.3369999825954437","0.3369999825954437","0.8431999683380127","0.8431999683380127","0.8431999683380127"
"8592","1","1","1","1","1","1","0.4511999785900116","0.4511999785900116","0.4511999785900116","0.8637999892234802","0.8637999892234802","0.8637999892234802","1","1","1","1","1","1","0.4635999798774719","0.4635999798774719","0.4635999798774719","0.8664000034332275","0.8664000034332275","0.8664000034332275","1","1","1","1","1","1","0.359499990940094","0.359499990940094","0.359499990940094","0.8424999713897705","0.8424999713897705","0.8424999713897705","1","1","1","1","1","1","0.33159998059272766","0.33159998059272766","0.33159998059272766","0.8398999571800232","0.8398999571800232","0.8398999571800232","1","1","1","1","1","1","0.3361999988555908","0.3361999988555908","0.3361999988555908","0.842799961566925","0.842799961566925","0.842799961566925"
"8603","1","1","1","1","1","1","0.4465999901294708","0.4465999901294708","0.4465999901294708","0.8631999492645264","0.8631999492645264","0.8631999492645264","1","1","1","1","1","1","0.4632999897003174","0.4632999897003174","0.4632999897003174","0.8666999936103821","0.8666999936103821","0.8666999936103821","1","1","1","1","1","1","0.3560999929904938","0.3560999929904938","0.3560999929904938","0.8420000076293945","0.8420000076293945","0.8420000076293945","1","1","1","1","1","1","0.3269999921321869","0.3269999921321869","0.3269999921321869","0.8384999632835388","0.8384999632835388","0.8384999632835388","1","1","1","1","1","1","0.34109997749328613","0.34109997749328613","0.34109997749328613","0.8431999683380127","0.8431999683380127","0.8431999683380127"
"8614","1","1","1","1","1","1","0.44699999690055847","0.44699999690055847","0.44699999690055847","0.8623999953269958","0.8623999953269958","0.8623999953269958","1","1","1","1","1","1","0.4610999822616577","0.4610999822616577","0.4610999822616577","0.8658999800682068","0.8658999800682068","0.8658999800682068","1","1","1","1","1","1","0.3594000041484833","0.3594000041484833","0.3594000041484833","0.8420999646186829","0.8420999646186829","0.8420999646186829","1","1","1","1","1","1","0.3330000042915344","0.3330000042915344","0.3330000042915344","0.8402999639511108","0.8402999639511108","0.8402999639511108","1","1","1","1","1","1","0.3335999846458435","0.3335999846458435","0.3335999846458435","0.8418999910354614","0.8418999910354614","0.8418999910354614"
"8625","1","1","1","1","1","1","0.4510999917984009","0.4510999917984009","0.4510999917984009","0.8641999959945679","0.8641999959945679","0.8641999959945679","1","1","1","1","1","1","0.462799996137619","0.462799996137619","0.462799996137619","0.8668999671936035","0.8668999671936035","0.8668999671936035","1","1","1","1","1","1","0.2985000014305115","0.2985000014305115","0.2985000014305115","0.82669997215271","0.82669997215271","0.82669997215271","1","1","1","1","1","1","0.32580000162124634","0.32580000162124634","0.32580000162124634","0.8394999504089355","0.8394999504089355","0.8394999504089355","1","1","1","1","1","1","0.33879998326301575","0.33879998326301575","0.33879998326301575","0.8438999652862549","0.8438999652862549","0.8438999652862549"
"8636","1","1","1","1","1","1","0.4544999897480011","0.4544999897480011","0.4544999897480011","0.8650999665260315","0.8650999665260315","0.8650999665260315","1","1","1","1","1","1","0.45739999413490295","0.45739999413490295","0.45739999413490295","0.865399956703186","0.865399956703186","0.865399956703186","1","1","1","1","1","1","0.3531999886035919","0.3531999886035919","0.3531999886035919","0.8398000001907349","0.8398000001907349","0.8398000001907349","1","1","1","1","1","1","0.32829999923706055","0.32829999923706055","0.32829999923706055","0.838699996471405","0.838699996471405","0.838699996471405","1","1","1","1","1","1","0.3393999934196472","0.3393999934196472","0.3393999934196472","0.8443999886512756","0.8443999886512756","0.8443999886512756"
"8647","1","1","1","1","1","1","0.4510999917984009","0.4510999917984009","0.4510999917984009","0.8628000020980835","0.8628000020980835","0.8628000020980835","1","1","1","1","1","1","0.4611999988555908","0.4611999988555908","0.4611999988555908","0.8682999610900879","0.8682999610900879","0.8682999610900879","1","1","1","1","1","1","0.36069998145103455","0.36069998145103455","0.36069998145103455","0.8420999646186829","0.8420999646186829","0.8420999646186829","1","1","1","1","1","1","0.33329999446868896","0.33329999446868896","0.33329999446868896","0.8402999639511108","0.8402999639511108","0.8402999639511108","1","1","1","1","1","1","0.33789998292922974","0.33789998292922974","0.33789998292922974","0.8422999978065491","0.8422999978065491","0.8422999978065491"
"8658","1","1","1","1","1","1","0.4544000029563904","0.4544000029563904","0.4544000029563904","0.8651999831199646","0.8651999831199646","0.8651999831199646","1","1","1","1","1","1","0.45509999990463257","0.45509999990463257","0.45509999990463257","0.8650999665260315","0.8650999665260315","0.8650999665260315","1","1","1","1","1","1","0.3644999861717224","0.3644999861717224","0.3644999861717224","0.8430999517440796","0.8430999517440796","0.8430999517440796","1","1","1","1","1","1","0.3334999978542328","0.3334999978542328","0.3334999978542328","0.8410999774932861","0.8410999774932861","0.8410999774932861","1","1","1","1","1","1","0.3409000039100647","0.3409000039100647","0.3409000039100647","0.8435999751091003","0.8435999751091003","0.8435999751091003"
"8669","1","1","1","1","1","1","0.4530999958515167","0.4530999958515167","0.4530999958515167","0.8644999861717224","0.8644999861717224","0.8644999861717224","1","1","1","1","1","1","0.4625999927520752","0.4625999927520752","0.4625999927520752","0.8655999898910522","0.8655999898910522","0.8655999898910522","1","1","1","1","1","1","0.37119999527931213","0.37119999527931213","0.37119999527931213","0.8448999524116516","0.8448999524116516","0.8448999524116516","1","1","1","1","1","1","0.32850000262260437","0.32850000262260437","0.32850000262260437","0.8410999774932861","0.8410999774932861","0.8410999774932861","1","1","1","1","1","1","0.33570000529289246","0.33570000529289246","0.33570000529289246","0.842199981212616","0.842199981212616","0.842199981212616"
"8680","1","1","1","1","1","1","0.45969998836517334","0.45969998836517334","0.45969998836517334","0.8646000027656555","0.8646000027656555","0.8646000027656555","1","1","1","1","1","1","0.46209999918937683","0.46209999918937683","0.46209999918937683","0.8668999671936035","0.8668999671936035","0.8668999671936035","1","1","1","1","1","1","0.36579999327659607","0.36579999327659607","0.36579999327659607","0.8438000082969666","0.8438000082969666","0.8438000082969666","1","1","1","1","1","1","0.33820000290870667","0.33820000290870667","0.33820000290870667","0.8425999879837036","0.8425999879837036","0.8425999879837036","1","1","1","1","1","1","0.323199987411499","0.323199987411499","0.323199987411499","0.8398000001907349","0.8398000001907349","0.8398000001907349"
"8691","1","1","1","1","1","1","0.45729997754096985","0.45729997754096985","0.45729997754096985","0.8642999529838562","0.8642999529838562","0.8642999529838562","1","1","1","1","1","1","0.46480000019073486","0.46480000019073486","0.46480000019073486","0.8672999739646912","0.8672999739646912","0.8672999739646912","1","1","1","1","1","1","0.3579999804496765","0.3579999804496765","0.3579999804496765","0.8424999713897705","0.8424999713897705","0.8424999713897705","1","1","1","1","1","1","0.3269999921321869","0.3269999921321869","0.3269999921321869","0.8410999774932861","0.8410999774932861","0.8410999774932861","1","1","1","1","1","1","0.3312000036239624","0.3312000036239624","0.3312000036239624","0.8418999910354614","0.8418999910354614","0.8418999910354614"
"8702","1","1","1","1","1","1","0.45389997959136963","0.45389997959136963","0.45389997959136963","0.8639999628067017","0.8639999628067017","0.8639999628067017","1","1","1","1","1","1","0.47589999437332153","0.47589999437332153","0.47589999437332153","0.8691999912261963","0.8691999912261963","0.8691999912261963","1","1","1","1","1","1","0.36329999566078186","0.36329999566078186","0.36329999566078186","0.8438000082969666","0.8438000082969666","0.8438000082969666","1","1","1","1","1","1","0.3246999979019165","0.3246999979019165","0.3246999979019165","0.8391000032424927","0.8391000032424927","0.8391000032424927","1","1","1","1","1","1","0.33969998359680176","0.33969998359680176","0.33969998359680176","0.8443999886512756","0.8443999886512756","0.8443999886512756"
"8713","1","1","1","1","1","1","0.4593999981880188","0.4593999981880188","0.4593999981880188","0.8657999634742737","0.8657999634742737","0.8657999634742737","1","1","1","1","1","1","0.47259998321533203","0.47259998321533203","0.47259998321533203","0.866599977016449","0.866599977016449","0.866599977016449","1","1","1","1","1","1","0.3659999966621399","0.3659999966621399","0.3659999966621399","0.8446999788284302","0.8446999788284302","0.8446999788284302","1","1","1","1","1","1","0.3344999849796295","0.3344999849796295","0.3344999849796295","0.840499997138977","0.840499997138977","0.840499997138977","1","1","1","1","1","1","0.3471999764442444","0.3471999764442444","0.3471999764442444","0.8455999493598938","0.8455999493598938","0.8455999493598938"
"8724","1","1","1","1","1","1","0.45479997992515564","0.45479997992515564","0.45479997992515564","0.8640999794006348","0.8640999794006348","0.8640999794006348","1","1","1","1","1","1","0.4731999933719635","0.4731999933719635","0.4731999933719635","0.8666999936103821","0.8666999936103821","0.8666999936103821","1","1","1","1","1","1","0.36319997906684875","0.36319997906684875","0.36319997906684875","0.8443999886512756","0.8443999886512756","0.8443999886512756","1","1","1","1","1","1","0.3375000059604645","0.3375000059604645","0.3375000059604645","0.8412999510765076","0.8412999510765076","0.8412999510765076","1","1","1","1","1","1","0.34109997749328613","0.34109997749328613","0.34109997749328613","0.8443999886512756","0.8443999886512756","0.8443999886512756"
"8735","1","1","1","1","1","1","0.45399999618530273","0.45399999618530273","0.45399999618530273","0.8641999959945679","0.8641999959945679","0.8641999959945679","1","1","1","1","1","1","0.4861999750137329","0.4861999750137329","0.4861999750137329","0.870199978351593","0.870199978351593","0.870199978351593","1","1","1","1","1","1","0.36229997873306274","0.36229997873306274","0.36229997873306274","0.8440999984741211","0.8440999984741211","0.8440999984741211","1","1","1","1","1","1","0.3287000060081482","0.3287000060081482","0.3287000060081482","0.8387999534606934","0.8387999534606934","0.8387999534606934","1","1","1","1","1","1","0.3416000008583069","0.3416000008583069","0.3416000008583069","0.8445999622344971","0.8445999622344971","0.8445999622344971"
"8746","1","1","1","1","1","1","0.44839999079704285","0.44839999079704285","0.44839999079704285","0.863099992275238","0.863099992275238","0.863099992275238","1","1","1","1","1","1","0.4739999771118164","0.4739999771118164","0.4739999771118164","0.8676999807357788","0.8676999807357788","0.8676999807357788","1","1","1","1","1","1","0.35830000042915344","0.35830000042915344","0.35830000042915344","0.842199981212616","0.842199981212616","0.842199981212616","1","1","1","1","1","1","0.3333999812602997","0.3333999812602997","0.3333999812602997","0.8410999774932861","0.8410999774932861","0.8410999774932861","1","1","1","1","1","1","0.3473999798297882","0.3473999798297882","0.3473999798297882","0.8459999561309814","0.8459999561309814","0.8459999561309814"
"8757","1","1","1","1","1","1","0.4414999783039093","0.4414999783039093","0.4414999783039093","0.8598999977111816","0.8598999977111816","0.8598999977111816","1","1","1","1","1","1","0.4717999994754791","0.4717999994754791","0.4717999994754791","0.868399977684021","0.868399977684021","0.868399977684021","1","1","1","1","1","1","0.3682999908924103","0.3682999908924103","0.3682999908924103","0.8454999923706055","0.8454999923706055","0.8454999923706055","1","1","1","1","1","1","0.33379998803138733","0.33379998803138733","0.33379998803138733","0.8410999774932861","0.8410999774932861","0.8410999774932861","1","1","1","1","1","1","0.3446999788284302","0.3446999788284302","0.3446999788284302","0.8452999591827393","0.8452999591827393","0.8452999591827393"
"8768","1","1","1","1","1","1","0.43879997730255127","0.43879997730255127","0.43879997730255127","0.8603000044822693","0.8603000044822693","0.8603000044822693","1","1","1","1","1","1","0.47259998321533203","0.47259998321533203","0.47259998321533203","0.8689999580383301","0.8689999580383301","0.8689999580383301","1","1","1","1","1","1","0.3700000047683716","0.3700000047683716","0.3700000047683716","0.8460999727249146","0.8460999727249146","0.8460999727249146","1","1","1","1","1","1","0.3353999853134155","0.3353999853134155","0.3353999853134155","0.8424999713897705","0.8424999713897705","0.8424999713897705","1","1","1","1","1","1","0.34450000524520874","0.34450000524520874","0.34450000524520874","0.8445999622344971","0.8445999622344971","0.8445999622344971"
"8779","1","1","1","1","1","1","0.44110000133514404","0.44110000133514404","0.44110000133514404","0.8610000014305115","0.8610000014305115","0.8610000014305115","1","1","1","1","1","1","0.4757999777793884","0.4757999777793884","0.4757999777793884","0.8693000078201294","0.8693000078201294","0.8693000078201294","1","1","1","1","1","1","0.36910000443458557","0.36910000443458557","0.36910000443458557","0.8449999690055847","0.8449999690055847","0.8449999690055847","1","1","1","1","1","1","0.3407999873161316","0.3407999873161316","0.3407999873161316","0.8430999517440796","0.8430999517440796","0.8430999517440796","1","1","1","1","1","1","0.34279999136924744","0.34279999136924744","0.34279999136924744","0.8450999855995178","0.8450999855995178","0.8450999855995178"
"8790","1","1","1","1","1","1","0.4412999749183655","0.4412999749183655","0.4412999749183655","0.861799955368042","0.861799955368042","0.861799955368042","1","1","1","1","1","1","0.4584999978542328","0.4584999978542328","0.4584999978542328","0.8660999536514282","0.8660999536514282","0.8660999536514282","1","1","1","1","1","1","0.3698999881744385","0.3698999881744385","0.3698999881744385","0.8461999893188477","0.8461999893188477","0.8461999893188477","1","1","1","1","1","1","0.34109997749328613","0.34109997749328613","0.34109997749328613","0.8416000008583069","0.8416000008583069","0.8416000008583069","1","1","1","1","1","1","0.3391999900341034","0.3391999900341034","0.3391999900341034","0.8448999524116516","0.8448999524116516","0.8448999524116516"
"8801","1","1","1","1","1","1","0.4431999921798706","0.4431999921798706","0.4431999921798706","0.8616999983787537","0.8616999983787537","0.8616999983787537","1","1","1","1","1","1","0.4542999863624573","0.4542999863624573","0.4542999863624573","0.8657999634742737","0.8657999634742737","0.8657999634742737","1","1","1","1","1","1","0.3685999810695648","0.3685999810695648","0.3685999810695648","0.8461999893188477","0.8461999893188477","0.8461999893188477","1","1","1","1","1","1","0.3393999934196472","0.3393999934196472","0.3393999934196472","0.8427000045776367","0.8427000045776367","0.8427000045776367","1","1","1","1","1","1","0.33640000224113464","0.33640000224113464","0.33640000224113464","0.8436999917030334","0.8436999917030334","0.8436999917030334"
"8812","1","1","1","1","1","1","0.4381999969482422","0.4381999969482422","0.4381999969482422","0.85999995470047","0.85999995470047","0.85999995470047","1","1","1","1","1","1","0.4593999981880188","0.4593999981880188","0.4593999981880188","0.8672999739646912","0.8672999739646912","0.8672999739646912","1","1","1","1","1","1","0.36409997940063477","0.36409997940063477","0.36409997940063477","0.8449999690055847","0.8449999690055847","0.8449999690055847","1","1","1","1","1","1","0.3253999948501587","0.3253999948501587","0.3253999948501587","0.8398000001907349","0.8398000001907349","0.8398000001907349","1","1","1","1","1","1","0.33709999918937683","0.33709999918937683","0.33709999918937683","0.8443999886512756","0.8443999886512756","0.8443999886512756"
"8823","1","1","1","1","1","1","0.44269999861717224","0.44269999861717224","0.44269999861717224","0.8614999651908875","0.8614999651908875","0.8614999651908875","1","1","1","1","1","1","0.4553999900817871","0.4553999900817871","0.4553999900817871","0.8658999800682068","0.8658999800682068","0.8658999800682068","1","1","1","1","1","1","0.36739999055862427","0.36739999055862427","0.36739999055862427","0.8461999893188477","0.8461999893188477","0.8461999893188477","1","1","1","1","1","1","0.336899995803833","0.336899995803833","0.336899995803833","0.840999960899353","0.840999960899353","0.840999960899353","1","1","1","1","1","1","0.3384000062942505","0.3384000062942505","0.3384000062942505","0.8438999652862549","0.8438999652862549","0.8438999652862549"
"8834","1","1","1","1","1","1","0.4438999891281128","0.4438999891281128","0.4438999891281128","0.861799955368042","0.861799955368042","0.861799955368042","1","1","1","1","1","1","0.4462999999523163","0.4462999999523163","0.4462999999523163","0.8636999726295471","0.8636999726295471","0.8636999726295471","1","1","1","1","1","1","0.37199997901916504","0.37199997901916504","0.37199997901916504","0.8472999930381775","0.8472999930381775","0.8472999930381775","1","1","1","1","1","1","0.3352999985218048","0.3352999985218048","0.3352999985218048","0.8414999842643738","0.8414999842643738","0.8414999842643738","1","1","1","1","1","1","0.3407000005245209","0.3407000005245209","0.3407000005245209","0.8458999991416931","0.8458999991416931","0.8458999991416931"
"8845","1","1","1","1","1","1","0.44849997758865356","0.44849997758865356","0.44849997758865356","0.863599956035614","0.863599956035614","0.863599956035614","1","1","1","1","1","1","0.4536999762058258","0.4536999762058258","0.4536999762058258","0.864799976348877","0.864799976348877","0.864799976348877","1","1","1","1","1","1","0.36739999055862427","0.36739999055862427","0.36739999055862427","0.8456999659538269","0.8456999659538269","0.8456999659538269","1","1","1","1","1","1","0.3328999876976013","0.3328999876976013","0.3328999876976013","0.840399980545044","0.840399980545044","0.840399980545044","1","1","1","1","1","1","0.34689998626708984","0.34689998626708984","0.34689998626708984","0.8486999869346619","0.8486999869346619","0.8486999869346619"
"8856","1","1","1","1","1","1","0.4535999894142151","0.4535999894142151","0.4535999894142151","0.8646000027656555","0.8646000027656555","0.8646000027656555","1","1","1","1","1","1","0.444599986076355","0.444599986076355","0.444599986076355","0.8633999824523926","0.8633999824523926","0.8633999824523926","1","1","1","1","1","1","0.3643999993801117","0.3643999993801117","0.3643999993801117","0.8434999585151672","0.8434999585151672","0.8434999585151672","1","1","1","1","1","1","0.34219998121261597","0.34219998121261597","0.34219998121261597","0.8432999849319458","0.8432999849319458","0.8432999849319458","1","1","1","1","1","1","0.34929999709129333","0.34929999709129333","0.34929999709129333","0.8470999598503113","0.8470999598503113","0.8470999598503113"
"8867","1","1","1","1","1","1","0.45419999957084656","0.45419999957084656","0.45419999957084656","0.8644999861717224","0.8644999861717224","0.8644999861717224","1","1","1","1","1","1","0.45350000262260437","0.45350000262260437","0.45350000262260437","0.8646000027656555","0.8646000027656555","0.8646000027656555","1","1","1","1","1","1","0.368399977684021","0.368399977684021","0.368399977684021","0.8442999720573425","0.8442999720573425","0.8442999720573425","1","1","1","1","1","1","0.3418999910354614","0.3418999910354614","0.3418999910354614","0.8435999751091003","0.8435999751091003","0.8435999751091003","1","1","1","1","1","1","0.3434999883174896","0.3434999883174896","0.3434999883174896","0.8463999629020691","0.8463999629020691","0.8463999629020691"
"8878","1","1","1","1","1","1","0.45179998874664307","0.45179998874664307","0.45179998874664307","0.8643999695777893","0.8643999695777893","0.8643999695777893","1","1","1","1","1","1","0.4635999798774719","0.4635999798774719","0.4635999798774719","0.8655999898910522","0.8655999898910522","0.8655999898910522","1","1","1","1","1","1","0.3700000047683716","0.3700000047683716","0.3700000047683716","0.8449999690055847","0.8449999690055847","0.8449999690055847","1","1","1","1","1","1","0.34790000319480896","0.34790000319480896","0.34790000319480896","0.8440999984741211","0.8440999984741211","0.8440999984741211","1","1","1","1","1","1","0.3479999899864197","0.3479999899864197","0.3479999899864197","0.8467999696731567","0.8467999696731567","0.8467999696731567"
"8889","1","1","1","1","1","1","0.4526999890804291","0.4526999890804291","0.4526999890804291","0.8639999628067017","0.8639999628067017","0.8639999628067017","1","1","1","1","1","1","0.45799997448921204","0.45799997448921204","0.45799997448921204","0.8621999621391296","0.8621999621391296","0.8621999621391296","1","1","1","1","1","1","0.3686999976634979","0.3686999976634979","0.3686999976634979","0.8450999855995178","0.8450999855995178","0.8450999855995178","1","1","1","1","1","1","0.3452000021934509","0.3452000021934509","0.3452000021934509","0.8448999524116516","0.8448999524116516","0.8448999524116516","1","1","1","1","1","1","0.35499998927116394","0.35499998927116394","0.35499998927116394","0.8485999703407288","0.8485999703407288","0.8485999703407288"
"8900","1","1","1","1","1","1","0.4527999758720398","0.4527999758720398","0.4527999758720398","0.8648999929428101","0.8648999929428101","0.8648999929428101","1","1","1","1","1","1","0.45989999175071716","0.45989999175071716","0.45989999175071716","0.8636999726295471","0.8636999726295471","0.8636999726295471","1","1","1","1","1","1","0.36629998683929443","0.36629998683929443","0.36629998683929443","0.8441999554634094","0.8441999554634094","0.8441999554634094","1","1","1","1","1","1","0.33949998021125793","0.33949998021125793","0.33949998021125793","0.8420000076293945","0.8420000076293945","0.8420000076293945","1","1","1","1","1","1","0.35089999437332153","0.35089999437332153","0.35089999437332153","0.8481000065803528","0.8481000065803528","0.8481000065803528"
"8911","1","1","1","1","1","1","0.45669999718666077","0.45669999718666077","0.45669999718666077","0.8658999800682068","0.8658999800682068","0.8658999800682068","1","1","1","1","1","1","0.4708999991416931","0.4708999991416931","0.4708999991416931","0.8664999604225159","0.8664999604225159","0.8664999604225159","1","1","1","1","1","1","0.3773999810218811","0.3773999810218811","0.3773999810218811","0.8456999659538269","0.8456999659538269","0.8456999659538269","1","1","1","1","1","1","0.3361999988555908","0.3361999988555908","0.3361999988555908","0.8394999504089355","0.8394999504089355","0.8394999504089355","1","1","1","1","1","1","0.3458999991416931","0.3458999991416931","0.3458999991416931","0.8473999500274658","0.8473999500274658","0.8473999500274658"
"8922","1","1","1","1","1","1","0.45260000228881836","0.45260000228881836","0.45260000228881836","0.8639999628067017","0.8639999628067017","0.8639999628067017","1","1","1","1","1","1","0.4746999740600586","0.4746999740600586","0.4746999740600586","0.8662999868392944","0.8662999868392944","0.8662999868392944","1","1","1","1","1","1","0.37229999899864197","0.37229999899864197","0.37229999899864197","0.8455999493598938","0.8455999493598938","0.8455999493598938","1","1","1","1","1","1","0.3366999924182892","0.3366999924182892","0.3366999924182892","0.842199981212616","0.842199981212616","0.842199981212616","1","1","1","1","1","1","0.3416999876499176","0.3416999876499176","0.3416999876499176","0.8463000059127808","0.8463000059127808","0.8463000059127808"
"8933","1","1","1","1","1","1","0.45559999346733093","0.45559999346733093","0.45559999346733093","0.8657000064849854","0.8657000064849854","0.8657000064849854","1","1","1","1","1","1","0.4666999876499176","0.4666999876499176","0.4666999876499176","0.8649999499320984","0.8649999499320984","0.8649999499320984","1","1","1","1","1","1","0.37289997935295105","0.37289997935295105","0.37289997935295105","0.8458999991416931","0.8458999991416931","0.8458999991416931","1","1","1","1","1","1","0.3488999903202057","0.3488999903202057","0.3488999903202057","0.8438000082969666","0.8438000082969666","0.8438000082969666","1","1","1","1","1","1","0.3490999937057495","0.3490999937057495","0.3490999937057495","0.848800003528595","0.848800003528595","0.848800003528595"
"8944","1","1","1","1","1","1","0.45229998230934143","0.45229998230934143","0.45229998230934143","0.8661999702453613","0.8661999702453613","0.8661999702453613","1","1","1","1","1","1","0.4587000012397766","0.4587000012397766","0.4587000012397766","0.863599956035614","0.863599956035614","0.863599956035614","1","1","1","1","1","1","0.3707999885082245","0.3707999885082245","0.3707999885082245","0.8445999622344971","0.8445999622344971","0.8445999622344971","1","1","1","1","1","1","0.33809998631477356","0.33809998631477356","0.33809998631477356","0.8430999517440796","0.8430999517440796","0.8430999517440796","1","1","1","1","1","1","0.34579998254776","0.34579998254776","0.34579998254776","0.8476999998092651","0.8476999998092651","0.8476999998092651"
"8955","1","1","1","1","1","1","0.44749999046325684","0.44749999046325684","0.44749999046325684","0.8643999695777893","0.8643999695777893","0.8643999695777893","1","1","1","1","1","1","0.45329999923706055","0.45329999923706055","0.45329999923706055","0.8632999658584595","0.8632999658584595","0.8632999658584595","1","1","1","1","1","1","0.37199997901916504","0.37199997901916504","0.37199997901916504","0.8445999622344971","0.8445999622344971","0.8445999622344971","1","1","1","1","1","1","0.33879998326301575","0.33879998326301575","0.33879998326301575","0.8428999781608582","0.8428999781608582","0.8428999781608582","1","1","1","1","1","1","0.3495999872684479","0.3495999872684479","0.3495999872684479","0.8484999537467957","0.8484999537467957","0.8484999537467957"
"8966","1","1","1","1","1","1","0.44759997725486755","0.44759997725486755","0.44759997725486755","0.8643999695777893","0.8643999695777893","0.8643999695777893","1","1","1","1","1","1","0.4509999752044678","0.4509999752044678","0.4509999752044678","0.864799976348877","0.864799976348877","0.864799976348877","1","1","1","1","1","1","0.36789998412132263","0.36789998412132263","0.36789998412132263","0.8452000021934509","0.8452000021934509","0.8452000021934509","1","1","1","1","1","1","0.33879998326301575","0.33879998326301575","0.33879998326301575","0.8427000045776367","0.8427000045776367","0.8427000045776367","1","1","1","1","1","1","0.3531000018119812","0.3531000018119812","0.3531000018119812","0.8490999937057495","0.8490999937057495","0.8490999937057495"
"8977","1","1","1","1","1","1","0.4478999972343445","0.4478999972343445","0.4478999972343445","0.8639000058174133","0.8639000058174133","0.8639000058174133","1","1","1","1","1","1","0.46299999952316284","0.46299999952316284","0.46299999952316284","0.8664999604225159","0.8664999604225159","0.8664999604225159","1","1","1","1","1","1","0.37379997968673706","0.37379997968673706","0.37379997968673706","0.8453999757766724","0.8453999757766724","0.8453999757766724","1","1","1","1","1","1","0.3434000015258789","0.3434000015258789","0.3434000015258789","0.8432999849319458","0.8432999849319458","0.8432999849319458","1","1","1","1","1","1","0.3125999867916107","0.3125999867916107","0.3125999867916107","0.8381999731063843","0.8381999731063843","0.8381999731063843"
"8988","1","1","1","1","1","1","0.4440999925136566","0.4440999925136566","0.4440999925136566","0.8624999523162842","0.8624999523162842","0.8624999523162842","1","1","1","1","1","1","0.4560000002384186","0.4560000002384186","0.4560000002384186","0.8626999855041504","0.8626999855041504","0.8626999855041504","1","1","1","1","1","1","0.3693999946117401","0.3693999946117401","0.3693999946117401","0.8458999991416931","0.8458999991416931","0.8458999991416931","1","1","1","1","1","1","0.3375999927520752","0.3375999927520752","0.3375999927520752","0.8424999713897705","0.8424999713897705","0.8424999713897705","1","1","1","1","1","1","0.3546999990940094","0.3546999990940094","0.3546999990940094","0.8488999605178833","0.8488999605178833","0.8488999605178833"
"8999","1","1","1","1","1","1","0.4499000012874603","0.4499000012874603","0.4499000012874603","0.8650999665260315","0.8650999665260315","0.8650999665260315","1","1","1","1","1","1","0.45009997487068176","0.45009997487068176","0.45009997487068176","0.8615999817848206","0.8615999817848206","0.8615999817848206","1","1","1","1","1","1","0.3666999936103821","0.3666999936103821","0.3666999936103821","0.8452000021934509","0.8452000021934509","0.8452000021934509","1","1","1","1","1","1","0.3416000008583069","0.3416000008583069","0.3416000008583069","0.8441999554634094","0.8441999554634094","0.8441999554634094","1","1","1","1","1","1","0.3425000011920929","0.3425000011920929","0.3425000011920929","0.8460999727249146","0.8460999727249146","0.8460999727249146"
"9010","1","1","1","1","1","1","0.44769999384880066","0.44769999384880066","0.44769999384880066","0.8626999855041504","0.8626999855041504","0.8626999855041504","1","1","1","1","1","1","0.45559999346733093","0.45559999346733093","0.45559999346733093","0.863599956035614","0.863599956035614","0.863599956035614","1","1","1","1","1","1","0.3709999918937683","0.3709999918937683","0.3709999918937683","0.8443999886512756","0.8443999886512756","0.8443999886512756","1","1","1","1","1","1","0.33820000290870667","0.33820000290870667","0.33820000290870667","0.8418999910354614","0.8418999910354614","0.8418999910354614","1","1","1","1","1","1","0.35009998083114624","0.35009998083114624","0.35009998083114624","0.8465999960899353","0.8465999960899353","0.8465999960899353"
"9021","1","1","1","1","1","1","0.45249998569488525","0.45249998569488525","0.45249998569488525","0.8643999695777893","0.8643999695777893","0.8643999695777893","1","1","1","1","1","1","0.46069997549057007","0.46069997549057007","0.46069997549057007","0.8644999861717224","0.8644999861717224","0.8644999861717224","1","1","1","1","1","1","0.37129998207092285","0.37129998207092285","0.37129998207092285","0.8460999727249146","0.8460999727249146","0.8460999727249146","1","1","1","1","1","1","0.33959999680519104","0.33959999680519104","0.33959999680519104","0.842799961566925","0.842799961566925","0.842799961566925","1","1","1","1","1","1","0.343099981546402","0.343099981546402","0.343099981546402","0.8461999893188477","0.8461999893188477","0.8461999893188477"
"9032","1","1","1","1","1","1","0.45350000262260437","0.45350000262260437","0.45350000262260437","0.864799976348877","0.864799976348877","0.864799976348877","1","1","1","1","1","1","0.46209999918937683","0.46209999918937683","0.46209999918937683","0.8646999597549438","0.8646999597549438","0.8646999597549438","1","1","1","1","1","1","0.373199999332428","0.373199999332428","0.373199999332428","0.8459999561309814","0.8459999561309814","0.8459999561309814","1","1","1","1","1","1","0.33719998598098755","0.33719998598098755","0.33719998598098755","0.8420999646186829","0.8420999646186829","0.8420999646186829","1","1","1","1","1","1","0.34289997816085815","0.34289997816085815","0.34289997816085815","0.8465999960899353","0.8465999960899353","0.8465999960899353"
"9043","1","1","1","1","1","1","0.4512999951839447","0.4512999951839447","0.4512999951839447","0.8646999597549438","0.8646999597549438","0.8646999597549438","1","1","1","1","1","1","0.462799996137619","0.462799996137619","0.462799996137619","0.8646999597549438","0.8646999597549438","0.8646999597549438","1","1","1","1","1","1","0.3709999918937683","0.3709999918937683","0.3709999918937683","0.84579998254776","0.84579998254776","0.84579998254776","1","1","1","1","1","1","0.34049999713897705","0.34049999713897705","0.34049999713897705","0.8422999978065491","0.8422999978065491","0.8422999978065491","1","1","1","1","1","1","0.34700000286102295","0.34700000286102295","0.34700000286102295","0.8483999967575073","0.8483999967575073","0.8483999967575073"
"9054","1","1","1","1","1","1","0.4542999863624573","0.4542999863624573","0.4542999863624573","0.8643999695777893","0.8643999695777893","0.8643999695777893","1","1","1","1","1","1","0.47039997577667236","0.47039997577667236","0.47039997577667236","0.8652999997138977","0.8652999997138977","0.8652999997138977","1","1","1","1","1","1","0.36969998478889465","0.36969998478889465","0.36969998478889465","0.8449999690055847","0.8449999690055847","0.8449999690055847","1","1","1","1","1","1","0.3414999842643738","0.3414999842643738","0.3414999842643738","0.8441999554634094","0.8441999554634094","0.8441999554634094","1","1","1","1","1","1","0.33789998292922974","0.33789998292922974","0.33789998292922974","0.8452999591827393","0.8452999591827393","0.8452999591827393"
"9065","1","1","1","1","1","1","0.4518999755382538","0.4518999755382538","0.4518999755382538","0.8646999597549438","0.8646999597549438","0.8646999597549438","1","1","1","1","1","1","0.46140000224113464","0.46140000224113464","0.46140000224113464","0.8639000058174133","0.8639000058174133","0.8639000058174133","1","1","1","1","1","1","0.36479997634887695","0.36479997634887695","0.36479997634887695","0.8435999751091003","0.8435999751091003","0.8435999751091003","1","1","1","1","1","1","0.3425999879837036","0.3425999879837036","0.3425999879837036","0.8445999622344971","0.8445999622344971","0.8445999622344971","1","1","1","1","1","1","0.34289997816085815","0.34289997816085815","0.34289997816085815","0.8472999930381775","0.8472999930381775","0.8472999930381775"
"9076","1","1","1","1","1","1","0.4593999981880188","0.4593999981880188","0.4593999981880188","0.8666999936103821","0.8666999936103821","0.8666999936103821","1","1","1","1","1","1","0.4545999765396118","0.4545999765396118","0.4545999765396118","0.8632999658584595","0.8632999658584595","0.8632999658584595","1","1","1","1","1","1","0.3651999831199646","0.3651999831199646","0.3651999831199646","0.8453999757766724","0.8453999757766724","0.8453999757766724","1","1","1","1","1","1","0.34049999713897705","0.34049999713897705","0.34049999713897705","0.8438000082969666","0.8438000082969666","0.8438000082969666","1","1","1","1","1","1","0.3418000042438507","0.3418000042438507","0.3418000042438507","0.8467999696731567","0.8467999696731567","0.8467999696731567"
"9087","1","1","1","1","1","1","0.4599999785423279","0.4599999785423279","0.4599999785423279","0.8669999837875366","0.8669999837875366","0.8669999837875366","1","1","1","1","1","1","0.46289998292922974","0.46289998292922974","0.46289998292922974","0.8646999597549438","0.8646999597549438","0.8646999597549438","1","1","1","1","1","1","0.370199978351593","0.370199978351593","0.370199978351593","0.8470999598503113","0.8470999598503113","0.8470999598503113","1","1","1","1","1","1","0.3367999792098999","0.3367999792098999","0.3367999792098999","0.8434000015258789","0.8434000015258789","0.8434000015258789","1","1","1","1","1","1","0.3431999981403351","0.3431999981403351","0.3431999981403351","0.8470999598503113","0.8470999598503113","0.8470999598503113"
"9098","1","1","1","1","1","1","0.45419999957084656","0.45419999957084656","0.45419999957084656","0.8646999597549438","0.8646999597549438","0.8646999597549438","1","1","1","1","1","1","0.46619999408721924","0.46619999408721924","0.46619999408721924","0.8654999732971191","0.8654999732971191","0.8654999732971191","1","1","1","1","1","1","0.3700999915599823","0.3700999915599823","0.3700999915599823","0.8454999923706055","0.8454999923706055","0.8454999923706055","1","1","1","1","1","1","0.334199994802475","0.334199994802475","0.334199994802475","0.8427000045776367","0.8427000045776367","0.8427000045776367","1","1","1","1","1","1","0.33879998326301575","0.33879998326301575","0.33879998326301575","0.8461999893188477","0.8461999893188477","0.8461999893188477"
"9109","1","1","1","1","1","1","0.4558999836444855","0.4558999836444855","0.4558999836444855","0.8659999966621399","0.8659999966621399","0.8659999966621399","1","1","1","1","1","1","0.46879997849464417","0.46879997849464417","0.46879997849464417","0.8657999634742737","0.8657999634742737","0.8657999634742737","1","1","1","1","1","1","0.3685999810695648","0.3685999810695648","0.3685999810695648","0.8467999696731567","0.8467999696731567","0.8467999696731567","1","1","1","1","1","1","0.3328999876976013","0.3328999876976013","0.3328999876976013","0.8416999578475952","0.8416999578475952","0.8416999578475952","1","1","1","1","1","1","0.33319997787475586","0.33319997787475586","0.33319997787475586","0.8452999591827393","0.8452999591827393","0.8452999591827393"
"9120","1","1","1","1","1","1","0.4592999815940857","0.4592999815940857","0.4592999815940857","0.8658999800682068","0.8658999800682068","0.8658999800682068","1","1","1","1","1","1","0.46369999647140503","0.46369999647140503","0.46369999647140503","0.8642999529838562","0.8642999529838562","0.8642999529838562","1","1","1","1","1","1","0.3764999806880951","0.3764999806880951","0.3764999806880951","0.8476999998092651","0.8476999998092651","0.8476999998092651","1","1","1","1","1","1","0.3402999937534332","0.3402999937534332","0.3402999937534332","0.8420000076293945","0.8420000076293945","0.8420000076293945","1","1","1","1","1","1","0.33309999108314514","0.33309999108314514","0.33309999108314514","0.8452999591827393","0.8452999591827393","0.8452999591827393"
"9131","1","1","1","1","1","1","0.45799997448921204","0.45799997448921204","0.45799997448921204","0.8662999868392944","0.8662999868392944","0.8662999868392944","1","1","1","1","1","1","0.46480000019073486","0.46480000019073486","0.46480000019073486","0.8667999505996704","0.8667999505996704","0.8667999505996704","1","1","1","1","1","1","0.3806999921798706","0.3806999921798706","0.3806999921798706","0.8477999567985535","0.8477999567985535","0.8477999567985535","1","1","1","1","1","1","0.34360000491142273","0.34360000491142273","0.34360000491142273","0.8424999713897705","0.8424999713897705","0.8424999713897705","1","1","1","1","1","1","0.336899995803833","0.336899995803833","0.336899995803833","0.8459999561309814","0.8459999561309814","0.8459999561309814"
"9142","1","1","1","1","1","1","0.46230000257492065","0.46230000257492065","0.46230000257492065","0.8664999604225159","0.8664999604225159","0.8664999604225159","1","1","1","1","1","1","0.4672999978065491","0.4672999978065491","0.4672999978065491","0.8664000034332275","0.8664000034332275","0.8664000034332275","1","1","1","1","1","1","0.3814999759197235","0.3814999759197235","0.3814999759197235","0.8478999733924866","0.8478999733924866","0.8478999733924866","1","1","1","1","1","1","0.33879998326301575","0.33879998326301575","0.33879998326301575","0.8420999646186829","0.8420999646186829","0.8420999646186829","1","1","1","1","1","1","0.3401999771595001","0.3401999771595001","0.3401999771595001","0.8467999696731567","0.8467999696731567","0.8467999696731567"
"9153","1","1","1","1","1","1","0.45979997515678406","0.45979997515678406","0.45979997515678406","0.8657000064849854","0.8657000064849854","0.8657000064849854","1","1","1","1","1","1","0.4691999852657318","0.4691999852657318","0.4691999852657318","0.866599977016449","0.866599977016449","0.866599977016449","1","1","1","1","1","1","0.37869998812675476","0.37869998812675476","0.37869998812675476","0.8481000065803528","0.8481000065803528","0.8481000065803528","1","1","1","1","1","1","0.33820000290870667","0.33820000290870667","0.33820000290870667","0.8429999947547913","0.8429999947547913","0.8429999947547913","1","1","1","1","1","1","0.3400999903678894","0.3400999903678894","0.3400999903678894","0.8461999893188477","0.8461999893188477","0.8461999893188477"
"9164","1","1","1","1","1","1","0.4578999876976013","0.4578999876976013","0.4578999876976013","0.8657999634742737","0.8657999634742737","0.8657999634742737","1","1","1","1","1","1","0.4626999795436859","0.4626999795436859","0.4626999795436859","0.8640999794006348","0.8640999794006348","0.8640999794006348","1","1","1","1","1","1","0.3766999840736389","0.3766999840736389","0.3766999840736389","0.8477999567985535","0.8477999567985535","0.8477999567985535","1","1","1","1","1","1","0.3431999981403351","0.3431999981403351","0.3431999981403351","0.8434000015258789","0.8434000015258789","0.8434000015258789","1","1","1","1","1","1","0.3335999846458435","0.3335999846458435","0.3335999846458435","0.8448999524116516","0.8448999524116516","0.8448999524116516"
"9175","1","1","1","1","1","1","0.4560999870300293","0.4560999870300293","0.4560999870300293","0.8657999634742737","0.8657999634742737","0.8657999634742737","1","1","1","1","1","1","0.45819997787475586","0.45819997787475586","0.45819997787475586","0.8639999628067017","0.8639999628067017","0.8639999628067017","1","1","1","1","1","1","0.3807999789714813","0.3807999789714813","0.3807999789714813","0.8472999930381775","0.8472999930381775","0.8472999930381775","1","1","1","1","1","1","0.34289997816085815","0.34289997816085815","0.34289997816085815","0.8416999578475952","0.8416999578475952","0.8416999578475952","1","1","1","1","1","1","0.3253999948501587","0.3253999948501587","0.3253999948501587","0.8430999517440796","0.8430999517440796","0.8430999517440796"
"9186","1","1","1","1","1","1","0.4617999792098999","0.4617999792098999","0.4617999792098999","0.8671000003814697","0.8671000003814697","0.8671000003814697","1","1","1","1","1","1","0.4518999755382538","0.4518999755382538","0.4518999755382538","0.8639999628067017","0.8639999628067017","0.8639999628067017","1","1","1","1","1","1","0.37950000166893005","0.37950000166893005","0.37950000166893005","0.8472999930381775","0.8472999930381775","0.8472999930381775","1","1","1","1","1","1","0.34129998087882996","0.34129998087882996","0.34129998087882996","0.8416000008583069","0.8416000008583069","0.8416000008583069","1","1","1","1","1","1","0.3244999945163727","0.3244999945163727","0.3244999945163727","0.8434000015258789","0.8434000015258789","0.8434000015258789"
"9197","1","1","1","1","1","1","0.4542999863624573","0.4542999863624573","0.4542999863624573","0.8636999726295471","0.8636999726295471","0.8636999726295471","1","1","1","1","1","1","0.4490000009536743","0.4490000009536743","0.4490000009536743","0.8628999590873718","0.8628999590873718","0.8628999590873718","1","1","1","1","1","1","0.3685999810695648","0.3685999810695648","0.3685999810695648","0.8453999757766724","0.8453999757766724","0.8453999757766724","1","1","1","1","1","1","0.336899995803833","0.336899995803833","0.336899995803833","0.8402999639511108","0.8402999639511108","0.8402999639511108","1","1","1","1","1","1","0.3253999948501587","0.3253999948501587","0.3253999948501587","0.8428999781608582","0.8428999781608582","0.8428999781608582"
"9208","1","1","1","1","1","1","0.45559999346733093","0.45559999346733093","0.45559999346733093","0.8654999732971191","0.8654999732971191","0.8654999732971191","1","1","1","1","1","1","0.45069998502731323","0.45069998502731323","0.45069998502731323","0.8625999689102173","0.8625999689102173","0.8625999689102173","1","1","1","1","1","1","0.3684999942779541","0.3684999942779541","0.3684999942779541","0.8453999757766724","0.8453999757766724","0.8453999757766724","1","1","1","1","1","1","0.33899998664855957","0.33899998664855957","0.33899998664855957","0.8416000008583069","0.8416000008583069","0.8416000008583069","1","1","1","1","1","1","0.3304999768733978","0.3304999768733978","0.3304999768733978","0.8459999561309814","0.8459999561309814","0.8459999561309814"
"9219","1","1","1","1","1","1","0.4599999785423279","0.4599999785423279","0.4599999785423279","0.8666999936103821","0.8666999936103821","0.8666999936103821","1","1","1","1","1","1","0.44829997420310974","0.44829997420310974","0.44829997420310974","0.8622999787330627","0.8622999787330627","0.8622999787330627","1","1","1","1","1","1","0.37229999899864197","0.37229999899864197","0.37229999899864197","0.8463000059127808","0.8463000059127808","0.8463000059127808","1","1","1","1","1","1","0.33239999413490295","0.33239999413490295","0.33239999413490295","0.8402000069618225","0.8402000069618225","0.8402000069618225","1","1","1","1","1","1","0.3280999958515167","0.3280999958515167","0.3280999958515167","0.8438999652862549","0.8438999652862549","0.8438999652862549"
"9230","1","1","1","1","1","1","0.4616999924182892","0.4616999924182892","0.4616999924182892","0.8669999837875366","0.8669999837875366","0.8669999837875366","1","1","1","1","1","1","0.4625999927520752","0.4625999927520752","0.4625999927520752","0.866599977016449","0.866599977016449","0.866599977016449","1","1","1","1","1","1","0.367499977350235","0.367499977350235","0.367499977350235","0.8445000052452087","0.8445000052452087","0.8445000052452087","1","1","1","1","1","1","0.33869999647140503","0.33869999647140503","0.33869999647140503","0.840399980545044","0.840399980545044","0.840399980545044","1","1","1","1","1","1","0.3310999870300293","0.3310999870300293","0.3310999870300293","0.8438000082969666","0.8438000082969666","0.8438000082969666"
"9241","1","1","1","1","1","1","0.44859999418258667","0.44859999418258667","0.44859999418258667","0.861799955368042","0.861799955368042","0.861799955368042","1","1","1","1","1","1","0.4642999768257141","0.4642999768257141","0.4642999768257141","0.8657999634742737","0.8657999634742737","0.8657999634742737","1","1","1","1","1","1","0.36139997839927673","0.36139997839927673","0.36139997839927673","0.8431999683380127","0.8431999683380127","0.8431999683380127","1","1","1","1","1","1","0.3391999900341034","0.3391999900341034","0.3391999900341034","0.8400999903678894","0.8400999903678894","0.8400999903678894","1","1","1","1","1","1","0.32850000262260437","0.32850000262260437","0.32850000262260437","0.8420999646186829","0.8420999646186829","0.8420999646186829"
"9252","1","1","1","1","1","1","0.45899999141693115","0.45899999141693115","0.45899999141693115","0.8652999997138977","0.8652999997138977","0.8652999997138977","1","1","1","1","1","1","0.4681999981403351","0.4681999981403351","0.4681999981403351","0.8666999936103821","0.8666999936103821","0.8666999936103821","1","1","1","1","1","1","0.36229997873306274","0.36229997873306274","0.36229997873306274","0.8434000015258789","0.8434000015258789","0.8434000015258789","1","1","1","1","1","1","0.3418999910354614","0.3418999910354614","0.3418999910354614","0.8416999578475952","0.8416999578475952","0.8416999578475952","1","1","1","1","1","1","0.3366999924182892","0.3366999924182892","0.3366999924182892","0.8445000052452087","0.8445000052452087","0.8445000052452087"
"9263","1","1","1","1","1","1","0.45819997787475586","0.45819997787475586","0.45819997787475586","0.8657000064849854","0.8657000064849854","0.8657000064849854","1","1","1","1","1","1","0.4593999981880188","0.4593999981880188","0.4593999981880188","0.8655999898910522","0.8655999898910522","0.8655999898910522","1","1","1","1","1","1","0.3653999865055084","0.3653999865055084","0.3653999865055084","0.8438000082969666","0.8438000082969666","0.8438000082969666","1","1","1","1","1","1","0.34209999442100525","0.34209999442100525","0.34209999442100525","0.8405999541282654","0.8405999541282654","0.8405999541282654","1","1","1","1","1","1","0.3212999999523163","0.3212999999523163","0.3212999999523163","0.8402000069618225","0.8402000069618225","0.8402000069618225"
"9274","1","1","1","1","1","1","0.45909997820854187","0.45909997820854187","0.45909997820854187","0.8644999861717224","0.8644999861717224","0.8644999861717224","1","1","1","1","1","1","0.4545999765396118","0.4545999765396118","0.4545999765396118","0.8640999794006348","0.8640999794006348","0.8640999794006348","1","1","1","1","1","1","0.36559998989105225","0.36559998989105225","0.36559998989105225","0.8447999954223633","0.8447999954223633","0.8447999954223633","1","1","1","1","1","1","0.3443000018596649","0.3443000018596649","0.3443000018596649","0.8411999940872192","0.8411999940872192","0.8411999940872192","1","1","1","1","1","1","0.3319000005722046","0.3319000005722046","0.3319000005722046","0.842199981212616","0.842199981212616","0.842199981212616"
"9285","1","1","1","1","1","1","0.4625999927520752","0.4625999927520752","0.4625999927520752","0.8660999536514282","0.8660999536514282","0.8660999536514282","1","1","1","1","1","1","0.44699999690055847","0.44699999690055847","0.44699999690055847","0.8644999861717224","0.8644999861717224","0.8644999861717224","1","1","1","1","1","1","0.3653999865055084","0.3653999865055084","0.3653999865055084","0.8438999652862549","0.8438999652862549","0.8438999652862549","1","1","1","1","1","1","0.336899995803833","0.336899995803833","0.336899995803833","0.8395999670028687","0.8395999670028687","0.8395999670028687","1","1","1","1","1","1","0.3319000005722046","0.3319000005722046","0.3319000005722046","0.8440999984741211","0.8440999984741211","0.8440999984741211"
"9296","1","1","1","1","1","1","0.460099995136261","0.460099995136261","0.460099995136261","0.8660999536514282","0.8660999536514282","0.8660999536514282","1","1","1","1","1","1","0.4503999948501587","0.4503999948501587","0.4503999948501587","0.8652999997138977","0.8652999997138977","0.8652999997138977","1","1","1","1","1","1","0.36389997601509094","0.36389997601509094","0.36389997601509094","0.8440999984741211","0.8440999984741211","0.8440999984741211","1","1","1","1","1","1","0.3308999836444855","0.3308999836444855","0.3308999836444855","0.8376999497413635","0.8376999497413635","0.8376999497413635","1","1","1","1","1","1","0.32850000262260437","0.32850000262260437","0.32850000262260437","0.8422999978065491","0.8422999978065491","0.8422999978065491"
"9307","1","1","1","1","1","1","0.45809999108314514","0.45809999108314514","0.45809999108314514","0.8652999997138977","0.8652999997138977","0.8652999997138977","1","1","1","1","1","1","0.4511999785900116","0.4511999785900116","0.4511999785900116","0.8633999824523926","0.8633999824523926","0.8633999824523926","1","1","1","1","1","1","0.36469998955726624","0.36469998955726624","0.36469998955726624","0.8443999886512756","0.8443999886512756","0.8443999886512756","1","1","1","1","1","1","0.33059999346733093","0.33059999346733093","0.33059999346733093","0.8375999927520752","0.8375999927520752","0.8375999927520752","1","1","1","1","1","1","0.32919999957084656","0.32919999957084656","0.32919999957084656","0.8431999683380127","0.8431999683380127","0.8431999683380127"
"9318","1","1","1","1","1","1","0.45409998297691345","0.45409998297691345","0.45409998297691345","0.863099992275238","0.863099992275238","0.863099992275238","1","1","1","1","1","1","0.45080000162124634","0.45080000162124634","0.45080000162124634","0.8623999953269958","0.8623999953269958","0.8623999953269958","1","1","1","1","1","1","0.36820000410079956","0.36820000410079956","0.36820000410079956","0.8459999561309814","0.8459999561309814","0.8459999561309814","1","1","1","1","1","1","0.34709998965263367","0.34709998965263367","0.34709998965263367","0.8410999774932861","0.8410999774932861","0.8410999774932861","1","1","1","1","1","1","0.32409998774528503","0.32409998774528503","0.32409998774528503","0.8416999578475952","0.8416999578475952","0.8416999578475952"
"9329","1","1","1","1","1","1","0.45419999957084656","0.45419999957084656","0.45419999957084656","0.8646000027656555","0.8646000027656555","0.8646000027656555","1","1","1","1","1","1","0.44339999556541443","0.44339999556541443","0.44339999556541443","0.8608999848365784","0.8608999848365784","0.8608999848365784","1","1","1","1","1","1","0.3630000054836273","0.3630000054836273","0.3630000054836273","0.8436999917030334","0.8436999917030334","0.8436999917030334","1","1","1","1","1","1","0.33550000190734863","0.33550000190734863","0.33550000190734863","0.8396999835968018","0.8396999835968018","0.8396999835968018","1","1","1","1","1","1","0.3263999819755554","0.3263999819755554","0.3263999819755554","0.8412999510765076","0.8412999510765076","0.8412999510765076"
"9340","1","1","1","1","1","1","0.45669999718666077","0.45669999718666077","0.45669999718666077","0.8648999929428101","0.8648999929428101","0.8648999929428101","1","1","1","1","1","1","0.44259998202323914","0.44259998202323914","0.44259998202323914","0.8605999946594238","0.8605999946594238","0.8605999946594238","1","1","1","1","1","1","0.362199991941452","0.362199991941452","0.362199991941452","0.843999981880188","0.843999981880188","0.843999981880188","1","1","1","1","1","1","0.3375000059604645","0.3375000059604645","0.3375000059604645","0.839199960231781","0.839199960231781","0.839199960231781","1","1","1","1","1","1","0.32690000534057617","0.32690000534057617","0.32690000534057617","0.8422999978065491","0.8422999978065491","0.8422999978065491"
"9351","1","1","1","1","1","1","0.4545999765396118","0.4545999765396118","0.4545999765396118","0.8649999499320984","0.8649999499320984","0.8649999499320984","1","1","1","1","1","1","0.447299987077713","0.447299987077713","0.447299987077713","0.8626999855041504","0.8626999855041504","0.8626999855041504","1","1","1","1","1","1","0.36229997873306274","0.36229997873306274","0.36229997873306274","0.8428999781608582","0.8428999781608582","0.8428999781608582","1","1","1","1","1","1","0.34209999442100525","0.34209999442100525","0.34209999442100525","0.8402999639511108","0.8402999639511108","0.8402999639511108","1","1","1","1","1","1","0.3384000062942505","0.3384000062942505","0.3384000062942505","0.8447999954223633","0.8447999954223633","0.8447999954223633"
"9362","1","1","1","1","1","1","0.4535999894142151","0.4535999894142151","0.4535999894142151","0.8649999499320984","0.8649999499320984","0.8649999499320984","1","1","1","1","1","1","0.444599986076355","0.444599986076355","0.444599986076355","0.8624999523162842","0.8624999523162842","0.8624999523162842","1","1","1","1","1","1","0.36389997601509094","0.36389997601509094","0.36389997601509094","0.8448999524116516","0.8448999524116516","0.8448999524116516","1","1","1","1","1","1","0.3360999822616577","0.3360999822616577","0.3360999822616577","0.8407999873161316","0.8407999873161316","0.8407999873161316","1","1","1","1","1","1","0.3280999958515167","0.3280999958515167","0.3280999958515167","0.8418999910354614","0.8418999910354614","0.8418999910354614"
"9373","1","1","1","1","1","1","0.4529999792575836","0.4529999792575836","0.4529999792575836","0.8654999732971191","0.8654999732971191","0.8654999732971191","1","1","1","1","1","1","0.45809999108314514","0.45809999108314514","0.45809999108314514","0.8654999732971191","0.8654999732971191","0.8654999732971191","1","1","1","1","1","1","0.36149999499320984","0.36149999499320984","0.36149999499320984","0.8441999554634094","0.8441999554634094","0.8441999554634094","1","1","1","1","1","1","0.3400999903678894","0.3400999903678894","0.3400999903678894","0.8402000069618225","0.8402000069618225","0.8402000069618225","1","1","1","1","1","1","0.3271999955177307","0.3271999955177307","0.3271999955177307","0.8413999676704407","0.8413999676704407","0.8413999676704407"
"9384","1","1","1","1","1","1","0.4657000005245209","0.4657000005245209","0.4657000005245209","0.8684999942779541","0.8684999942779541","0.8684999942779541","1","1","1","1","1","1","0.4546999931335449","0.4546999931335449","0.4546999931335449","0.8639000058174133","0.8639000058174133","0.8639000058174133","1","1","1","1","1","1","0.3587999939918518","0.3587999939918518","0.3587999939918518","0.8430999517440796","0.8430999517440796","0.8430999517440796","1","1","1","1","1","1","0.337799996137619","0.337799996137619","0.337799996137619","0.839199960231781","0.839199960231781","0.839199960231781","1","1","1","1","1","1","0.3263999819755554","0.3263999819755554","0.3263999819755554","0.8423999547958374","0.8423999547958374","0.8423999547958374"
"9395","1","1","1","1","1","1","0.460999995470047","0.460999995470047","0.460999995470047","0.8680999875068665","0.8680999875068665","0.8680999875068665","1","1","1","1","1","1","0.45559999346733093","0.45559999346733093","0.45559999346733093","0.863599956035614","0.863599956035614","0.863599956035614","1","1","1","1","1","1","0.36249998211860657","0.36249998211860657","0.36249998211860657","0.8445999622344971","0.8445999622344971","0.8445999622344971","1","1","1","1","1","1","0.3276999890804291","0.3276999890804291","0.3276999890804291","0.8374999761581421","0.8374999761581421","0.8374999761581421","1","1","1","1","1","1","0.3243999779224396","0.3243999779224396","0.3243999779224396","0.842199981212616","0.842199981212616","0.842199981212616"
"9406","1","1","1","1","1","1","0.4592999815940857","0.4592999815940857","0.4592999815940857","0.8661999702453613","0.8661999702453613","0.8661999702453613","1","1","1","1","1","1","0.44849997758865356","0.44849997758865356","0.44849997758865356","0.8615999817848206","0.8615999817848206","0.8615999817848206","1","1","1","1","1","1","0.36649999022483826","0.36649999022483826","0.36649999022483826","0.8455999493598938","0.8455999493598938","0.8455999493598938","1","1","1","1","1","1","0.3296000063419342","0.3296000063419342","0.3296000063419342","0.8376999497413635","0.8376999497413635","0.8376999497413635","1","1","1","1","1","1","0.32729998230934143","0.32729998230934143","0.32729998230934143","0.842199981212616","0.842199981212616","0.842199981212616"
"9417","1","1","1","1","1","1","0.45489999651908875","0.45489999651908875","0.45489999651908875","0.8673999905586243","0.8673999905586243","0.8673999905586243","1","1","1","1","1","1","0.4514999985694885","0.4514999985694885","0.4514999985694885","0.8600999712944031","0.8600999712944031","0.8600999712944031","1","1","1","1","1","1","0.3637999892234802","0.3637999892234802","0.3637999892234802","0.8452000021934509","0.8452000021934509","0.8452000021934509","1","1","1","1","1","1","0.3312000036239624","0.3312000036239624","0.3312000036239624","0.8387999534606934","0.8387999534606934","0.8387999534606934","1","1","1","1","1","1","0.32899999618530273","0.32899999618530273","0.32899999618530273","0.8432999849319458","0.8432999849319458","0.8432999849319458"
"9428","1","1","1","1","1","1","0.45719999074935913","0.45719999074935913","0.45719999074935913","0.8664000034332275","0.8664000034332275","0.8664000034332275","1","1","1","1","1","1","0.447299987077713","0.447299987077713","0.447299987077713","0.8604999780654907","0.8604999780654907","0.8604999780654907","1","1","1","1","1","1","0.3586999773979187","0.3586999773979187","0.3586999773979187","0.8449999690055847","0.8449999690055847","0.8449999690055847","1","1","1","1","1","1","0.34139999747276306","0.34139999747276306","0.34139999747276306","0.8417999744415283","0.8417999744415283","0.8417999744415283","1","1","1","1","1","1","0.3325999975204468","0.3325999975204468","0.3325999975204468","0.8434000015258789","0.8434000015258789","0.8434000015258789"
"9439","1","1","1","1","1","1","0.45899999141693115","0.45899999141693115","0.45899999141693115","0.8686999678611755","0.8686999678611755","0.8686999678611755","1","1","1","1","1","1","0.4424999952316284","0.4424999952316284","0.4424999952316284","0.8598999977111816","0.8598999977111816","0.8598999977111816","1","1","1","1","1","1","0.3630000054836273","0.3630000054836273","0.3630000054836273","0.8440999984741211","0.8440999984741211","0.8440999984741211","1","1","1","1","1","1","0.336899995803833","0.336899995803833","0.336899995803833","0.8411999940872192","0.8411999940872192","0.8411999940872192","1","1","1","1","1","1","0.3319000005722046","0.3319000005722046","0.3319000005722046","0.8423999547958374","0.8423999547958374","0.8423999547958374"
"9450","1","1","1","1","1","1","0.4616999924182892","0.4616999924182892","0.4616999924182892","0.8686999678611755","0.8686999678611755","0.8686999678611755","1","1","1","1","1","1","0.43779999017715454","0.43779999017715454","0.43779999017715454","0.858299970626831","0.858299970626831","0.858299970626831","1","1","1","1","1","1","0.36010000109672546","0.36010000109672546","0.36010000109672546","0.8447999954223633","0.8447999954223633","0.8447999954223633","1","1","1","1","1","1","0.3366999924182892","0.3366999924182892","0.3366999924182892","0.8400999903678894","0.8400999903678894","0.8400999903678894","1","1","1","1","1","1","0.32349997758865356","0.32349997758865356","0.32349997758865356","0.8405999541282654","0.8405999541282654","0.8405999541282654"
"9461","1","1","1","1","1","1","0.4657999873161316","0.4657999873161316","0.4657999873161316","0.8685999512672424","0.8685999512672424","0.8685999512672424","1","1","1","1","1","1","0.4448999762535095","0.4448999762535095","0.4448999762535095","0.8578999638557434","0.8578999638557434","0.8578999638557434","1","1","1","1","1","1","0.36550000309944153","0.36550000309944153","0.36550000309944153","0.84579998254776","0.84579998254776","0.84579998254776","1","1","1","1","1","1","0.33899998664855957","0.33899998664855957","0.33899998664855957","0.8416000008583069","0.8416000008583069","0.8416000008583069","1","1","1","1","1","1","0.32409998774528503","0.32409998774528503","0.32409998774528503","0.840399980545044","0.840399980545044","0.840399980545044"
"9472","1","1","1","1","1","1","0.4651999771595001","0.4651999771595001","0.4651999771595001","0.8689999580383301","0.8689999580383301","0.8689999580383301","1","1","1","1","1","1","0.4412999749183655","0.4412999749183655","0.4412999749183655","0.8603999614715576","0.8603999614715576","0.8603999614715576","1","1","1","1","1","1","0.362199991941452","0.362199991941452","0.362199991941452","0.8445000052452087","0.8445000052452087","0.8445000052452087","1","1","1","1","1","1","0.33489999175071716","0.33489999175071716","0.33489999175071716","0.8407999873161316","0.8407999873161316","0.8407999873161316","1","1","1","1","1","1","0.33329999446868896","0.33329999446868896","0.33329999446868896","0.8424999713897705","0.8424999713897705","0.8424999713897705"
"9483","1","1","1","1","1","1","0.45649999380111694","0.45649999380111694","0.45649999380111694","0.8657000064849854","0.8657000064849854","0.8657000064849854","1","1","1","1","1","1","0.45559999346733093","0.45559999346733093","0.45559999346733093","0.8623999953269958","0.8623999953269958","0.8623999953269958","1","1","1","1","1","1","0.3619000017642975","0.3619000017642975","0.3619000017642975","0.8440999984741211","0.8440999984741211","0.8440999984741211","1","1","1","1","1","1","0.3337000012397766","0.3337000012397766","0.3337000012397766","0.8398999571800232","0.8398999571800232","0.8398999571800232","1","1","1","1","1","1","0.3310999870300293","0.3310999870300293","0.3310999870300293","0.8416000008583069","0.8416000008583069","0.8416000008583069"
"9494","1","1","1","1","1","1","0.4585999846458435","0.4585999846458435","0.4585999846458435","0.8669999837875366","0.8669999837875366","0.8669999837875366","1","1","1","1","1","1","0.44599997997283936","0.44599997997283936","0.44599997997283936","0.8598999977111816","0.8598999977111816","0.8598999977111816","1","1","1","1","1","1","0.36489999294281006","0.36489999294281006","0.36489999294281006","0.8447999954223633","0.8447999954223633","0.8447999954223633","1","1","1","1","1","1","0.3337000012397766","0.3337000012397766","0.3337000012397766","0.840999960899353","0.840999960899353","0.840999960899353","1","1","1","1","1","1","0.32429999113082886","0.32429999113082886","0.32429999113082886","0.840999960899353","0.840999960899353","0.840999960899353"
"9505","1","1","1","1","1","1","0.4599999785423279","0.4599999785423279","0.4599999785423279","0.8678999543190002","0.8678999543190002","0.8678999543190002","1","1","1","1","1","1","0.4343999922275543","0.4343999922275543","0.4343999922275543","0.8588999509811401","0.8588999509811401","0.8588999509811401","1","1","1","1","1","1","0.36949998140335083","0.36949998140335083","0.36949998140335083","0.8465999960899353","0.8465999960899353","0.8465999960899353","1","1","1","1","1","1","0.3325999975204468","0.3325999975204468","0.3325999975204468","0.8395999670028687","0.8395999670028687","0.8395999670028687","1","1","1","1","1","1","0.33899998664855957","0.33899998664855957","0.33899998664855957","0.84579998254776","0.84579998254776","0.84579998254776"
"9516","1","1","1","1","1","1","0.45649999380111694","0.45649999380111694","0.45649999380111694","0.8662999868392944","0.8662999868392944","0.8662999868392944","1","1","1","1","1","1","0.4377000033855438","0.4377000033855438","0.4377000033855438","0.8585999608039856","0.8585999608039856","0.8585999608039856","1","1","1","1","1","1","0.3619000017642975","0.3619000017642975","0.3619000017642975","0.8445999622344971","0.8445999622344971","0.8445999622344971","1","1","1","1","1","1","0.3296000063419342","0.3296000063419342","0.3296000063419342","0.8388999700546265","0.8388999700546265","0.8388999700546265","1","1","1","1","1","1","0.337799996137619","0.337799996137619","0.337799996137619","0.8463999629020691","0.8463999629020691","0.8463999629020691"
"9527","1","1","1","1","1","1","0.4626999795436859","0.4626999795436859","0.4626999795436859","0.8678999543190002","0.8678999543190002","0.8678999543190002","1","1","1","1","1","1","0.43699997663497925","0.43699997663497925","0.43699997663497925","0.8580999970436096","0.8580999970436096","0.8580999970436096","1","1","1","1","1","1","0.3676999807357788","0.3676999807357788","0.3676999807357788","0.8463000059127808","0.8463000059127808","0.8463000059127808","1","1","1","1","1","1","0.3375000059604645","0.3375000059604645","0.3375000059604645","0.8413999676704407","0.8413999676704407","0.8413999676704407","1","1","1","1","1","1","0.3296000063419342","0.3296000063419342","0.3296000063419342","0.8420999646186829","0.8420999646186829","0.8420999646186829"
"9538","1","1","1","1","1","1","0.46320000290870667","0.46320000290870667","0.46320000290870667","0.8675000071525574","0.8675000071525574","0.8675000071525574","1","1","1","1","1","1","0.43289998173713684","0.43289998173713684","0.43289998173713684","0.8578000068664551","0.8578000068664551","0.8578000068664551","1","1","1","1","1","1","0.3730999827384949","0.3730999827384949","0.3730999827384949","0.847599983215332","0.847599983215332","0.847599983215332","1","1","1","1","1","1","0.3401999771595001","0.3401999771595001","0.3401999771595001","0.8416999578475952","0.8416999578475952","0.8416999578475952","1","1","1","1","1","1","0.3236999809741974","0.3236999809741974","0.3236999809741974","0.8412999510765076","0.8412999510765076","0.8412999510765076"
"9549","1","1","1","1","1","1","0.4649999737739563","0.4649999737739563","0.4649999737739563","0.8689999580383301","0.8689999580383301","0.8689999580383301","1","1","1","1","1","1","0.4423999786376953","0.4423999786376953","0.4423999786376953","0.8592999577522278","0.8592999577522278","0.8592999577522278","1","1","1","1","1","1","0.3750999867916107","0.3750999867916107","0.3750999867916107","0.8484999537467957","0.8484999537467957","0.8484999537467957","1","1","1","1","1","1","0.34109997749328613","0.34109997749328613","0.34109997749328613","0.842799961566925","0.842799961566925","0.842799961566925","1","1","1","1","1","1","0.33219999074935913","0.33219999074935913","0.33219999074935913","0.8424999713897705","0.8424999713897705","0.8424999713897705"
"9560","1","1","1","1","1","1","0.4650999903678894","0.4650999903678894","0.4650999903678894","0.8687999844551086","0.8687999844551086","0.8687999844551086","1","1","1","1","1","1","0.445499986410141","0.445499986410141","0.445499986410141","0.8604999780654907","0.8604999780654907","0.8604999780654907","1","1","1","1","1","1","0.3766999840736389","0.3766999840736389","0.3766999840736389","0.8479999899864197","0.8479999899864197","0.8479999899864197","1","1","1","1","1","1","0.3326999843120575","0.3326999843120575","0.3326999843120575","0.838699996471405","0.838699996471405","0.838699996471405","1","1","1","1","1","1","0.32670000195503235","0.32670000195503235","0.32670000195503235","0.8412999510765076","0.8412999510765076","0.8412999510765076"
"9571","1","1","1","1","1","1","0.4596000015735626","0.4596000015735626","0.4596000015735626","0.8658999800682068","0.8658999800682068","0.8658999800682068","1","1","1","1","1","1","0.4499000012874603","0.4499000012874603","0.4499000012874603","0.8611999750137329","0.8611999750137329","0.8611999750137329","1","1","1","1","1","1","0.3756999969482422","0.3756999969482422","0.3756999969482422","0.8468999862670898","0.8468999862670898","0.8468999862670898","1","1","1","1","1","1","0.3271999955177307","0.3271999955177307","0.3271999955177307","0.837399959564209","0.837399959564209","0.837399959564209","1","1","1","1","1","1","0.3276999890804291","0.3276999890804291","0.3276999890804291","0.8418999910354614","0.8418999910354614","0.8418999910354614"
"9582","1","1","1","1","1","1","0.46320000290870667","0.46320000290870667","0.46320000290870667","0.8677999973297119","0.8677999973297119","0.8677999973297119","1","1","1","1","1","1","0.4438000023365021","0.4438000023365021","0.4438000023365021","0.8592999577522278","0.8592999577522278","0.8592999577522278","1","1","1","1","1","1","0.3813999891281128","0.3813999891281128","0.3813999891281128","0.8491999506950378","0.8491999506950378","0.8491999506950378","1","1","1","1","1","1","0.3310999870300293","0.3310999870300293","0.3310999870300293","0.8379999995231628","0.8379999995231628","0.8379999995231628","1","1","1","1","1","1","0.3361999988555908","0.3361999988555908","0.3361999988555908","0.8440999984741211","0.8440999984741211","0.8440999984741211"
"9593","1","1","1","1","1","1","0.4578000009059906","0.4578000009059906","0.4578000009059906","0.8659999966621399","0.8659999966621399","0.8659999966621399","1","1","1","1","1","1","0.4421999752521515","0.4421999752521515","0.4421999752521515","0.8592999577522278","0.8592999577522278","0.8592999577522278","1","1","1","1","1","1","0.3734000027179718","0.3734000027179718","0.3734000027179718","0.8463000059127808","0.8463000059127808","0.8463000059127808","1","1","1","1","1","1","0.3287000060081482","0.3287000060081482","0.3287000060081482","0.8378999829292297","0.8378999829292297","0.8378999829292297","1","1","1","1","1","1","0.33869999647140503","0.33869999647140503","0.33869999647140503","0.8440999984741211","0.8440999984741211","0.8440999984741211"
"9604","1","1","1","1","1","1","0.46059998869895935","0.46059998869895935","0.46059998869895935","0.8668999671936035","0.8668999671936035","0.8668999671936035","1","1","1","1","1","1","0.4359000027179718","0.4359000027179718","0.4359000027179718","0.8589999675750732","0.8589999675750732","0.8589999675750732","1","1","1","1","1","1","0.3775999844074249","0.3775999844074249","0.3775999844074249","0.8463000059127808","0.8463000059127808","0.8463000059127808","1","1","1","1","1","1","0.3264999985694885","0.3264999985694885","0.3264999985694885","0.8376999497413635","0.8376999497413635","0.8376999497413635","1","1","1","1","1","1","0.3343999981880188","0.3343999981880188","0.3343999981880188","0.8445000052452087","0.8445000052452087","0.8445000052452087"
"9615","1","1","1","1","1","1","0.457099974155426","0.457099974155426","0.457099974155426","0.8648999929428101","0.8648999929428101","0.8648999929428101","1","1","1","1","1","1","0.44200000166893005","0.44200000166893005","0.44200000166893005","0.8610999584197998","0.8610999584197998","0.8610999584197998","1","1","1","1","1","1","0.37700000405311584","0.37700000405311584","0.37700000405311584","0.8473999500274658","0.8473999500274658","0.8473999500274658","1","1","1","1","1","1","0.3245999813079834","0.3245999813079834","0.3245999813079834","0.836899995803833","0.836899995803833","0.836899995803833","1","1","1","1","1","1","0.3385999798774719","0.3385999798774719","0.3385999798774719","0.8447999954223633","0.8447999954223633","0.8447999954223633"
"9626","1","1","1","1","1","1","0.4616999924182892","0.4616999924182892","0.4616999924182892","0.8675000071525574","0.8675000071525574","0.8675000071525574","1","1","1","1","1","1","0.4438000023365021","0.4438000023365021","0.4438000023365021","0.8610000014305115","0.8610000014305115","0.8610000014305115","1","1","1","1","1","1","0.375900000333786","0.375900000333786","0.375900000333786","0.8479999899864197","0.8479999899864197","0.8479999899864197","1","1","1","1","1","1","0.3199000060558319","0.3199000060558319","0.3199000060558319","0.8370999693870544","0.8370999693870544","0.8370999693870544","1","1","1","1","1","1","0.3351999819278717","0.3351999819278717","0.3351999819278717","0.8427000045776367","0.8427000045776367","0.8427000045776367"
"9637","1","1","1","1","1","1","0.4640999734401703","0.4640999734401703","0.4640999734401703","0.8671000003814697","0.8671000003814697","0.8671000003814697","1","1","1","1","1","1","0.44200000166893005","0.44200000166893005","0.44200000166893005","0.8604999780654907","0.8604999780654907","0.8604999780654907","1","1","1","1","1","1","0.382999986410141","0.382999986410141","0.382999986410141","0.8484999537467957","0.8484999537467957","0.8484999537467957","1","1","1","1","1","1","0.3262999951839447","0.3262999951839447","0.3262999951839447","0.8379999995231628","0.8379999995231628","0.8379999995231628","1","1","1","1","1","1","0.32839998602867126","0.32839998602867126","0.32839998602867126","0.842799961566925","0.842799961566925","0.842799961566925"
"9648","1","1","1","1","1","1","0.45799997448921204","0.45799997448921204","0.45799997448921204","0.8667999505996704","0.8667999505996704","0.8667999505996704","1","1","1","1","1","1","0.447299987077713","0.447299987077713","0.447299987077713","0.8607999682426453","0.8607999682426453","0.8607999682426453","1","1","1","1","1","1","0.3797000050544739","0.3797000050544739","0.3797000050544739","0.847599983215332","0.847599983215332","0.847599983215332","1","1","1","1","1","1","0.3358999788761139","0.3358999788761139","0.3358999788761139","0.8418999910354614","0.8418999910354614","0.8418999910354614","1","1","1","1","1","1","0.32999998331069946","0.32999998331069946","0.32999998331069946","0.842199981212616","0.842199981212616","0.842199981212616"
"9659","1","1","1","1","1","1","0.46480000019073486","0.46480000019073486","0.46480000019073486","0.8694999814033508","0.8694999814033508","0.8694999814033508","1","1","1","1","1","1","0.4514999985694885","0.4514999985694885","0.4514999985694885","0.8625999689102173","0.8625999689102173","0.8625999689102173","1","1","1","1","1","1","0.3732999861240387","0.3732999861240387","0.3732999861240387","0.8465999960899353","0.8465999960899353","0.8465999960899353","1","1","1","1","1","1","0.33959999680519104","0.33959999680519104","0.33959999680519104","0.8418999910354614","0.8418999910354614","0.8418999910354614","1","1","1","1","1","1","0.32829999923706055","0.32829999923706055","0.32829999923706055","0.8417999744415283","0.8417999744415283","0.8417999744415283"
"9670","1","1","1","1","1","1","0.46209999918937683","0.46209999918937683","0.46209999918937683","0.8691999912261963","0.8691999912261963","0.8691999912261963","1","1","1","1","1","1","0.4518999755382538","0.4518999755382538","0.4518999755382538","0.863599956035614","0.863599956035614","0.863599956035614","1","1","1","1","1","1","0.37119999527931213","0.37119999527931213","0.37119999527931213","0.8455999493598938","0.8455999493598938","0.8455999493598938","1","1","1","1","1","1","0.34759998321533203","0.34759998321533203","0.34759998321533203","0.8443999886512756","0.8443999886512756","0.8443999886512756","1","1","1","1","1","1","0.32850000262260437","0.32850000262260437","0.32850000262260437","0.8427000045776367","0.8427000045776367","0.8427000045776367"
"9681","1","1","1","1","1","1","0.459199994802475","0.459199994802475","0.459199994802475","0.8676999807357788","0.8676999807357788","0.8676999807357788","1","1","1","1","1","1","0.44369998574256897","0.44369998574256897","0.44369998574256897","0.8600999712944031","0.8600999712944031","0.8600999712944031","1","1","1","1","1","1","0.3788999915122986","0.3788999915122986","0.3788999915122986","0.847599983215332","0.847599983215332","0.847599983215332","1","1","1","1","1","1","0.34579998254776","0.34579998254776","0.34579998254776","0.8431999683380127","0.8431999683380127","0.8431999683380127","1","1","1","1","1","1","0.3353999853134155","0.3353999853134155","0.3353999853134155","0.8435999751091003","0.8435999751091003","0.8435999751091003"
"9692","1","1","1","1","1","1","0.46129998564720154","0.46129998564720154","0.46129998564720154","0.8698999881744385","0.8698999881744385","0.8698999881744385","1","1","1","1","1","1","0.4398999810218811","0.4398999810218811","0.4398999810218811","0.8610000014305115","0.8610000014305115","0.8610000014305115","1","1","1","1","1","1","0.37629997730255127","0.37629997730255127","0.37629997730255127","0.8459999561309814","0.8459999561309814","0.8459999561309814","1","1","1","1","1","1","0.3418999910354614","0.3418999910354614","0.3418999910354614","0.8429999947547913","0.8429999947547913","0.8429999947547913","1","1","1","1","1","1","0.33219999074935913","0.33219999074935913","0.33219999074935913","0.8434999585151672","0.8434999585151672","0.8434999585151672"
"9703","1","1","1","1","1","1","0.45969998836517334","0.45969998836517334","0.45969998836517334","0.8677999973297119","0.8677999973297119","0.8677999973297119","1","1","1","1","1","1","0.44269999861717224","0.44269999861717224","0.44269999861717224","0.8611999750137329","0.8611999750137329","0.8611999750137329","1","1","1","1","1","1","0.37950000166893005","0.37950000166893005","0.37950000166893005","0.8468999862670898","0.8468999862670898","0.8468999862670898","1","1","1","1","1","1","0.3423999845981598","0.3423999845981598","0.3423999845981598","0.8420000076293945","0.8420000076293945","0.8420000076293945","1","1","1","1","1","1","0.33799999952316284","0.33799999952316284","0.33799999952316284","0.8449999690055847","0.8449999690055847","0.8449999690055847"
"9714","1","1","1","1","1","1","0.45879998803138733","0.45879998803138733","0.45879998803138733","0.8682999610900879","0.8682999610900879","0.8682999610900879","1","1","1","1","1","1","0.4306999742984772","0.4306999742984772","0.4306999742984772","0.8589999675750732","0.8589999675750732","0.8589999675750732","1","1","1","1","1","1","0.3797999918460846","0.3797999918460846","0.3797999918460846","0.847000002861023","0.847000002861023","0.847000002861023","1","1","1","1","1","1","0.3353999853134155","0.3353999853134155","0.3353999853134155","0.8411999940872192","0.8411999940872192","0.8411999940872192","1","1","1","1","1","1","0.3308999836444855","0.3308999836444855","0.3308999836444855","0.8434999585151672","0.8434999585151672","0.8434999585151672"
"9725","1","1","1","1","1","1","0.4583999812602997","0.4583999812602997","0.4583999812602997","0.8684999942779541","0.8684999942779541","0.8684999942779541","1","1","1","1","1","1","0.43230000138282776","0.43230000138282776","0.43230000138282776","0.8579999804496765","0.8579999804496765","0.8579999804496765","1","1","1","1","1","1","0.382099986076355","0.382099986076355","0.382099986076355","0.8481000065803528","0.8481000065803528","0.8481000065803528","1","1","1","1","1","1","0.336899995803833","0.336899995803833","0.336899995803833","0.842199981212616","0.842199981212616","0.842199981212616","1","1","1","1","1","1","0.3382999897003174","0.3382999897003174","0.3382999897003174","0.8454999923706055","0.8454999923706055","0.8454999923706055"
"9736","1","1","1","1","1","1","0.4545999765396118","0.4545999765396118","0.4545999765396118","0.8650999665260315","0.8650999665260315","0.8650999665260315","1","1","1","1","1","1","0.42659997940063477","0.42659997940063477","0.42659997940063477","0.8572999835014343","0.8572999835014343","0.8572999835014343","1","1","1","1","1","1","0.3807999789714813","0.3807999789714813","0.3807999789714813","0.847000002861023","0.847000002861023","0.847000002861023","1","1","1","1","1","1","0.3351999819278717","0.3351999819278717","0.3351999819278717","0.8414999842643738","0.8414999842643738","0.8414999842643738","1","1","1","1","1","1","0.3337000012397766","0.3337000012397766","0.3337000012397766","0.8431999683380127","0.8431999683380127","0.8431999683380127"
"9747","1","1","1","1","1","1","0.46399998664855957","0.46399998664855957","0.46399998664855957","0.8697999715805054","0.8697999715805054","0.8697999715805054","1","1","1","1","1","1","0.4415999948978424","0.4415999948978424","0.4415999948978424","0.8611999750137329","0.8611999750137329","0.8611999750137329","1","1","1","1","1","1","0.38019999861717224","0.38019999861717224","0.38019999861717224","0.8465999960899353","0.8465999960899353","0.8465999960899353","1","1","1","1","1","1","0.3278999924659729","0.3278999924659729","0.3278999924659729","0.8399999737739563","0.8399999737739563","0.8399999737739563","1","1","1","1","1","1","0.3467999994754791","0.3467999994754791","0.3467999994754791","0.8452000021934509","0.8452000021934509","0.8452000021934509"
"9758","1","1","1","1","1","1","0.45729997754096985","0.45729997754096985","0.45729997754096985","0.8675000071525574","0.8675000071525574","0.8675000071525574","1","1","1","1","1","1","0.4382999837398529","0.4382999837398529","0.4382999837398529","0.8603999614715576","0.8603999614715576","0.8603999614715576","1","1","1","1","1","1","0.3856000006198883","0.3856000006198883","0.3856000006198883","0.8477999567985535","0.8477999567985535","0.8477999567985535","1","1","1","1","1","1","0.3342999815940857","0.3342999815940857","0.3342999815940857","0.840399980545044","0.840399980545044","0.840399980545044","1","1","1","1","1","1","0.34209999442100525","0.34209999442100525","0.34209999442100525","0.8445999622344971","0.8445999622344971","0.8445999622344971"
"9769","1","1","1","1","1","1","0.4652999937534332","0.4652999937534332","0.4652999937534332","0.8698999881744385","0.8698999881744385","0.8698999881744385","1","1","1","1","1","1","0.4413999915122986","0.4413999915122986","0.4413999915122986","0.8621999621391296","0.8621999621391296","0.8621999621391296","1","1","1","1","1","1","0.3763999938964844","0.3763999938964844","0.3763999938964844","0.8466999530792236","0.8466999530792236","0.8466999530792236","1","1","1","1","1","1","0.3296999931335449","0.3296999931335449","0.3296999931335449","0.8388999700546265","0.8388999700546265","0.8388999700546265","1","1","1","1","1","1","0.34049999713897705","0.34049999713897705","0.34049999713897705","0.8436999917030334","0.8436999917030334","0.8436999917030334"
"9780","1","1","1","1","1","1","0.4596000015735626","0.4596000015735626","0.4596000015735626","0.8687999844551086","0.8687999844551086","0.8687999844551086","1","1","1","1","1","1","0.4528999924659729","0.4528999924659729","0.4528999924659729","0.8658999800682068","0.8658999800682068","0.8658999800682068","1","1","1","1","1","1","0.37459999322891235","0.37459999322891235","0.37459999322891235","0.8453999757766724","0.8453999757766724","0.8453999757766724","1","1","1","1","1","1","0.3321000039577484","0.3321000039577484","0.3321000039577484","0.8406999707221985","0.8406999707221985","0.8406999707221985","1","1","1","1","1","1","0.3407999873161316","0.3407999873161316","0.3407999873161316","0.8440999984741211","0.8440999984741211","0.8440999984741211"
"9791","1","1","1","1","1","1","0.46309998631477356","0.46309998631477356","0.46309998631477356","0.8687999844551086","0.8687999844551086","0.8687999844551086","1","1","1","1","1","1","0.4536999762058258","0.4536999762058258","0.4536999762058258","0.865399956703186","0.865399956703186","0.865399956703186","1","1","1","1","1","1","0.37610000371932983","0.37610000371932983","0.37610000371932983","0.8456999659538269","0.8456999659538269","0.8456999659538269","1","1","1","1","1","1","0.3308999836444855","0.3308999836444855","0.3308999836444855","0.8407999873161316","0.8407999873161316","0.8407999873161316","1","1","1","1","1","1","0.3391999900341034","0.3391999900341034","0.3391999900341034","0.8438000082969666","0.8438000082969666","0.8438000082969666"
"9802","1","1","1","1","1","1","0.4592999815940857","0.4592999815940857","0.4592999815940857","0.8685999512672424","0.8685999512672424","0.8685999512672424","1","1","1","1","1","1","0.46709999442100525","0.46709999442100525","0.46709999442100525","0.8675999641418457","0.8675999641418457","0.8675999641418457","1","1","1","1","1","1","0.38659998774528503","0.38659998774528503","0.38659998774528503","0.8477999567985535","0.8477999567985535","0.8477999567985535","1","1","1","1","1","1","0.33229997754096985","0.33229997754096985","0.33229997754096985","0.8407999873161316","0.8407999873161316","0.8407999873161316","1","1","1","1","1","1","0.33949998021125793","0.33949998021125793","0.33949998021125793","0.8440999984741211","0.8440999984741211","0.8440999984741211"
"9813","1","1","1","1","1","1","0.4576999843120575","0.4576999843120575","0.4576999843120575","0.8675999641418457","0.8675999641418457","0.8675999641418457","1","1","1","1","1","1","0.45739999413490295","0.45739999413490295","0.45739999413490295","0.8657999634742737","0.8657999634742737","0.8657999634742737","1","1","1","1","1","1","0.3764999806880951","0.3764999806880951","0.3764999806880951","0.84579998254776","0.84579998254776","0.84579998254776","1","1","1","1","1","1","0.33980000019073486","0.33980000019073486","0.33980000019073486","0.8414999842643738","0.8414999842643738","0.8414999842643738","1","1","1","1","1","1","0.3401999771595001","0.3401999771595001","0.3401999771595001","0.8449999690055847","0.8449999690055847","0.8449999690055847"
"9824","1","1","1","1","1","1","0.4616999924182892","0.4616999924182892","0.4616999924182892","0.8687999844551086","0.8687999844551086","0.8687999844551086","1","1","1","1","1","1","0.4503999948501587","0.4503999948501587","0.4503999948501587","0.8646999597549438","0.8646999597549438","0.8646999597549438","1","1","1","1","1","1","0.38499999046325684","0.38499999046325684","0.38499999046325684","0.847599983215332","0.847599983215332","0.847599983215332","1","1","1","1","1","1","0.33559998869895935","0.33559998869895935","0.33559998869895935","0.8411999940872192","0.8411999940872192","0.8411999940872192","1","1","1","1","1","1","0.3351999819278717","0.3351999819278717","0.3351999819278717","0.8440999984741211","0.8440999984741211","0.8440999984741211"
"9835","1","1","1","1","1","1","0.4684000015258789","0.4684000015258789","0.4684000015258789","0.8702999949455261","0.8702999949455261","0.8702999949455261","1","1","1","1","1","1","0.44829997420310974","0.44829997420310974","0.44829997420310974","0.8632999658584595","0.8632999658584595","0.8632999658584595","1","1","1","1","1","1","0.38169997930526733","0.38169997930526733","0.38169997930526733","0.8452999591827393","0.8452999591827393","0.8452999591827393","1","1","1","1","1","1","0.33719998598098755","0.33719998598098755","0.33719998598098755","0.8416999578475952","0.8416999578475952","0.8416999578475952","1","1","1","1","1","1","0.34139999747276306","0.34139999747276306","0.34139999747276306","0.8447999954223633","0.8447999954223633","0.8447999954223633"
"9846","1","1","1","1","1","1","0.4624999761581421","0.4624999761581421","0.4624999761581421","0.866599977016449","0.866599977016449","0.866599977016449","1","1","1","1","1","1","0.448199987411499","0.448199987411499","0.448199987411499","0.8639999628067017","0.8639999628067017","0.8639999628067017","1","1","1","1","1","1","0.3766999840736389","0.3766999840736389","0.3766999840736389","0.8452000021934509","0.8452000021934509","0.8452000021934509","1","1","1","1","1","1","0.33879998326301575","0.33879998326301575","0.33879998326301575","0.8422999978065491","0.8422999978065491","0.8422999978065491","1","1","1","1","1","1","0.335999995470047","0.335999995470047","0.335999995470047","0.8430999517440796","0.8430999517440796","0.8430999517440796"
"9857","1","1","1","1","1","1","0.46699997782707214","0.46699997782707214","0.46699997782707214","0.8690999746322632","0.8690999746322632","0.8690999746322632","1","1","1","1","1","1","0.44579997658729553","0.44579997658729553","0.44579997658729553","0.863099992275238","0.863099992275238","0.863099992275238","1","1","1","1","1","1","0.37289997935295105","0.37289997935295105","0.37289997935295105","0.8442999720573425","0.8442999720573425","0.8442999720573425","1","1","1","1","1","1","0.33219999074935913","0.33219999074935913","0.33219999074935913","0.8409000039100647","0.8409000039100647","0.8409000039100647","1","1","1","1","1","1","0.3301999866962433","0.3301999866962433","0.3301999866962433","0.8416000008583069","0.8416000008583069","0.8416000008583069"
"9868","1","1","1","1","1","1","0.46069997549057007","0.46069997549057007","0.46069997549057007","0.8676999807357788","0.8676999807357788","0.8676999807357788","1","1","1","1","1","1","0.4357999861240387","0.4357999861240387","0.4357999861240387","0.8615999817848206","0.8615999817848206","0.8615999817848206","1","1","1","1","1","1","0.37549999356269836","0.37549999356269836","0.37549999356269836","0.8452999591827393","0.8452999591827393","0.8452999591827393","1","1","1","1","1","1","0.33709999918937683","0.33709999918937683","0.33709999918937683","0.8418999910354614","0.8418999910354614","0.8418999910354614","1","1","1","1","1","1","0.33570000529289246","0.33570000529289246","0.33570000529289246","0.8427000045776367","0.8427000045776367","0.8427000045776367"
"9879","1","1","1","1","1","1","0.4603999853134155","0.4603999853134155","0.4603999853134155","0.8662999868392944","0.8662999868392944","0.8662999868392944","1","1","1","1","1","1","0.43529999256134033","0.43529999256134033","0.43529999256134033","0.8593999743461609","0.8593999743461609","0.8593999743461609","1","1","1","1","1","1","0.3797000050544739","0.3797000050544739","0.3797000050544739","0.8452999591827393","0.8452999591827393","0.8452999591827393","1","1","1","1","1","1","0.33889999985694885","0.33889999985694885","0.33889999985694885","0.8416999578475952","0.8416999578475952","0.8416999578475952","1","1","1","1","1","1","0.34379997849464417","0.34379997849464417","0.34379997849464417","0.8456999659538269","0.8456999659538269","0.8456999659538269"
"9890","1","1","1","1","1","1","0.46059998869895935","0.46059998869895935","0.46059998869895935","0.8675000071525574","0.8675000071525574","0.8675000071525574","1","1","1","1","1","1","0.4400999844074249","0.4400999844074249","0.4400999844074249","0.8613999485969543","0.8613999485969543","0.8613999485969543","1","1","1","1","1","1","0.37369999289512634","0.37369999289512634","0.37369999289512634","0.8445999622344971","0.8445999622344971","0.8445999622344971","1","1","1","1","1","1","0.32569998502731323","0.32569998502731323","0.32569998502731323","0.8384000062942505","0.8384000062942505","0.8384000062942505","1","1","1","1","1","1","0.3391999900341034","0.3391999900341034","0.3391999900341034","0.8447999954223633","0.8447999954223633","0.8447999954223633"
"9901","1","1","1","1","1","1","0.46299999952316284","0.46299999952316284","0.46299999952316284","0.8687999844551086","0.8687999844551086","0.8687999844551086","1","1","1","1","1","1","0.44419997930526733","0.44419997930526733","0.44419997930526733","0.8624999523162842","0.8624999523162842","0.8624999523162842","1","1","1","1","1","1","0.3750999867916107","0.3750999867916107","0.3750999867916107","0.8446999788284302","0.8446999788284302","0.8446999788284302","1","1","1","1","1","1","0.3312000036239624","0.3312000036239624","0.3312000036239624","0.8394999504089355","0.8394999504089355","0.8394999504089355","1","1","1","1","1","1","0.34299999475479126","0.34299999475479126","0.34299999475479126","0.8442999720573425","0.8442999720573425","0.8442999720573425"
"9912","1","1","1","1","1","1","0.468099981546402","0.468099981546402","0.468099981546402","0.8693000078201294","0.8693000078201294","0.8693000078201294","1","1","1","1","1","1","0.44339999556541443","0.44339999556541443","0.44339999556541443","0.8621000051498413","0.8621000051498413","0.8621000051498413","1","1","1","1","1","1","0.36719998717308044","0.36719998717308044","0.36719998717308044","0.8429999947547913","0.8429999947547913","0.8429999947547913","1","1","1","1","1","1","0.3262999951839447","0.3262999951839447","0.3262999951839447","0.8385999798774719","0.8385999798774719","0.8385999798774719","1","1","1","1","1","1","0.3375999927520752","0.3375999927520752","0.3375999927520752","0.8432999849319458","0.8432999849319458","0.8432999849319458"
"9923","1","1","1","1","1","1","0.4723999798297882","0.4723999798297882","0.4723999798297882","0.8702999949455261","0.8702999949455261","0.8702999949455261","1","1","1","1","1","1","0.4479999840259552","0.4479999840259552","0.4479999840259552","0.8626999855041504","0.8626999855041504","0.8626999855041504","1","1","1","1","1","1","0.37439998984336853","0.37439998984336853","0.37439998984336853","0.8449999690055847","0.8449999690055847","0.8449999690055847","1","1","1","1","1","1","0.32600000500679016","0.32600000500679016","0.32600000500679016","0.8402999639511108","0.8402999639511108","0.8402999639511108","1","1","1","1","1","1","0.34289997816085815","0.34289997816085815","0.34289997816085815","0.8445000052452087","0.8445000052452087","0.8445000052452087"
"9934","1","1","1","1","1","1","0.4672999978065491","0.4672999978065491","0.4672999978065491","0.8685999512672424","0.8685999512672424","0.8685999512672424","1","1","1","1","1","1","0.4382999837398529","0.4382999837398529","0.4382999837398529","0.861799955368042","0.861799955368042","0.861799955368042","1","1","1","1","1","1","0.3779999911785126","0.3779999911785126","0.3779999911785126","0.8448999524116516","0.8448999524116516","0.8448999524116516","1","1","1","1","1","1","0.3287000060081482","0.3287000060081482","0.3287000060081482","0.840499997138977","0.840499997138977","0.840499997138977","1","1","1","1","1","1","0.32979997992515564","0.32979997992515564","0.32979997992515564","0.842199981212616","0.842199981212616","0.842199981212616"
"9945","1","1","1","1","1","1","0.4691999852657318","0.4691999852657318","0.4691999852657318","0.8682000041007996","0.8682000041007996","0.8682000041007996","1","1","1","1","1","1","0.44929999113082886","0.44929999113082886","0.44929999113082886","0.8628999590873718","0.8628999590873718","0.8628999590873718","1","1","1","1","1","1","0.3781999945640564","0.3781999945640564","0.3781999945640564","0.8453999757766724","0.8453999757766724","0.8453999757766724","1","1","1","1","1","1","0.3123999834060669","0.3123999834060669","0.3123999834060669","0.8377999663352966","0.8377999663352966","0.8377999663352966","1","1","1","1","1","1","0.33319997787475586","0.33319997787475586","0.33319997787475586","0.8417999744415283","0.8417999744415283","0.8417999744415283"
"9956","1","1","1","1","1","1","0.4705999791622162","0.4705999791622162","0.4705999791622162","0.8696999549865723","0.8696999549865723","0.8696999549865723","1","1","1","1","1","1","0.4575999975204468","0.4575999975204468","0.4575999975204468","0.8664999604225159","0.8664999604225159","0.8664999604225159","1","1","1","1","1","1","0.38189998269081116","0.38189998269081116","0.38189998269081116","0.8465999960899353","0.8465999960899353","0.8465999960899353","1","1","1","1","1","1","0.3181999921798706","0.3181999921798706","0.3181999921798706","0.8389999866485596","0.8389999866485596","0.8389999866485596","1","1","1","1","1","1","0.33570000529289246","0.33570000529289246","0.33570000529289246","0.8436999917030334","0.8436999917030334","0.8436999917030334"
"9967","1","1","1","1","1","1","0.46369999647140503","0.46369999647140503","0.46369999647140503","0.8671999573707581","0.8671999573707581","0.8671999573707581","1","1","1","1","1","1","0.45179998874664307","0.45179998874664307","0.45179998874664307","0.8639000058174133","0.8639000058174133","0.8639000058174133","1","1","1","1","1","1","0.3718999922275543","0.3718999922275543","0.3718999922275543","0.8430999517440796","0.8430999517440796","0.8430999517440796","1","1","1","1","1","1","0.32189998030662537","0.32189998030662537","0.32189998030662537","0.8381999731063843","0.8381999731063843","0.8381999731063843","1","1","1","1","1","1","0.3351999819278717","0.3351999819278717","0.3351999819278717","0.8436999917030334","0.8436999917030334","0.8436999917030334"
"9978","1","1","1","1","1","1","0.4616999924182892","0.4616999924182892","0.4616999924182892","0.8664000034332275","0.8664000034332275","0.8664000034332275","1","1","1","1","1","1","0.4558999836444855","0.4558999836444855","0.4558999836444855","0.8646999597549438","0.8646999597549438","0.8646999597549438","1","1","1","1","1","1","0.37389999628067017","0.37389999628067017","0.37389999628067017","0.8440999984741211","0.8440999984741211","0.8440999984741211","1","1","1","1","1","1","0.3244999945163727","0.3244999945163727","0.3244999945163727","0.8381999731063843","0.8381999731063843","0.8381999731063843","1","1","1","1","1","1","0.337799996137619","0.337799996137619","0.337799996137619","0.8448999524116516","0.8448999524116516","0.8448999524116516"
"9989","1","1","1","1","1","1","0.4616999924182892","0.4616999924182892","0.4616999924182892","0.8676999807357788","0.8676999807357788","0.8676999807357788","1","1","1","1","1","1","0.47269999980926514","0.47269999980926514","0.47269999980926514","0.8693000078201294","0.8693000078201294","0.8693000078201294","1","1","1","1","1","1","0.3686999976634979","0.3686999976634979","0.3686999976634979","0.8434000015258789","0.8434000015258789","0.8434000015258789","1","1","1","1","1","1","0.3244999945163727","0.3244999945163727","0.3244999945163727","0.8375999927520752","0.8375999927520752","0.8375999927520752","1","1","1","1","1","1","0.3427000045776367","0.3427000045776367","0.3427000045776367","0.8445999622344971","0.8445999622344971","0.8445999622344971"
"10000","1","1","1","1","1","1","0.46129998564720154","0.46129998564720154","0.46129998564720154","0.8666999936103821","0.8666999936103821","0.8666999936103821","1","1","1","1","1","1","0.47699999809265137","0.47699999809265137","0.47699999809265137","0.8700999617576599","0.8700999617576599","0.8700999617576599","1","1","1","1","1","1","0.3666999936103821","0.3666999936103821","0.3666999936103821","0.8434000015258789","0.8434000015258789","0.8434000015258789","1","1","1","1","1","1","0.3285999894142151","0.3285999894142151","0.3285999894142151","0.8405999541282654","0.8405999541282654","0.8405999541282654","1","1","1","1","1","1","0.33629998564720154","0.33629998564720154","0.33629998564720154","0.8438999652862549","0.8438999652862549","0.8438999652862549"
"10011","1","1","1","1","1","1","0.46309998631477356","0.46309998631477356","0.46309998631477356","0.8675999641418457","0.8675999641418457","0.8675999641418457","1","1","1","1","1","1","0.4721999764442444","0.4721999764442444","0.4721999764442444","0.8698999881744385","0.8698999881744385","0.8698999881744385","1","1","1","1","1","1","0.3755999803543091","0.3755999803543091","0.3755999803543091","0.8453999757766724","0.8453999757766724","0.8453999757766724","1","1","1","1","1","1","0.323199987411499","0.323199987411499","0.323199987411499","0.8369999527931213","0.8369999527931213","0.8369999527931213","1","1","1","1","1","1","0.3343999981880188","0.3343999981880188","0.3343999981880188","0.8431999683380127","0.8431999683380127","0.8431999683380127"
"10022","1","1","1","1","1","1","0.4650999903678894","0.4650999903678894","0.4650999903678894","0.8677999973297119","0.8677999973297119","0.8677999973297119","1","1","1","1","1","1","0.45909997820854187","0.45909997820854187","0.45909997820854187","0.8666999936103821","0.8666999936103821","0.8666999936103821","1","1","1","1","1","1","0.37459999322891235","0.37459999322891235","0.37459999322891235","0.8460999727249146","0.8460999727249146","0.8460999727249146","1","1","1","1","1","1","0.3278000056743622","0.3278000056743622","0.3278000056743622","0.8378999829292297","0.8378999829292297","0.8378999829292297","1","1","1","1","1","1","0.335099995136261","0.335099995136261","0.335099995136261","0.8425999879837036","0.8425999879837036","0.8425999879837036"
"10033","1","1","1","1","1","1","0.4602999985218048","0.4602999985218048","0.4602999985218048","0.8664000034332275","0.8664000034332275","0.8664000034332275","1","1","1","1","1","1","0.45909997820854187","0.45909997820854187","0.45909997820854187","0.8660999536514282","0.8660999536514282","0.8660999536514282","1","1","1","1","1","1","0.3700999915599823","0.3700999915599823","0.3700999915599823","0.8443999886512756","0.8443999886512756","0.8443999886512756","1","1","1","1","1","1","0.3224000036716461","0.3224000036716461","0.3224000036716461","0.8366999626159668","0.8366999626159668","0.8366999626159668","1","1","1","1","1","1","0.33949998021125793","0.33949998021125793","0.33949998021125793","0.8446999788284302","0.8446999788284302","0.8446999788284302"
"10044","1","1","1","1","1","1","0.46389999985694885","0.46389999985694885","0.46389999985694885","0.8671999573707581","0.8671999573707581","0.8671999573707581","1","1","1","1","1","1","0.45669999718666077","0.45669999718666077","0.45669999718666077","0.8643999695777893","0.8643999695777893","0.8643999695777893","1","1","1","1","1","1","0.3666999936103821","0.3666999936103821","0.3666999936103821","0.843999981880188","0.843999981880188","0.843999981880188","1","1","1","1","1","1","0.3261999785900116","0.3261999785900116","0.3261999785900116","0.8381999731063843","0.8381999731063843","0.8381999731063843","1","1","1","1","1","1","0.33730000257492065","0.33730000257492065","0.33730000257492065","0.842799961566925","0.842799961566925","0.842799961566925"
"10055","1","1","1","1","1","1","0.46399998664855957","0.46399998664855957","0.46399998664855957","0.8676999807357788","0.8676999807357788","0.8676999807357788","1","1","1","1","1","1","0.45639997720718384","0.45639997720718384","0.45639997720718384","0.865399956703186","0.865399956703186","0.865399956703186","1","1","1","1","1","1","0.36719998717308044","0.36719998717308044","0.36719998717308044","0.843999981880188","0.843999981880188","0.843999981880188","1","1","1","1","1","1","0.33739998936653137","0.33739998936653137","0.33739998936653137","0.8416999578475952","0.8416999578475952","0.8416999578475952","1","1","1","1","1","1","0.33469998836517334","0.33469998836517334","0.33469998836517334","0.8420999646186829","0.8420999646186829","0.8420999646186829"
"10066","1","1","1","1","1","1","0.46629998087882996","0.46629998087882996","0.46629998087882996","0.8682000041007996","0.8682000041007996","0.8682000041007996","1","1","1","1","1","1","0.4527999758720398","0.4527999758720398","0.4527999758720398","0.8633999824523926","0.8633999824523926","0.8633999824523926","1","1","1","1","1","1","0.36820000410079956","0.36820000410079956","0.36820000410079956","0.8447999954223633","0.8447999954223633","0.8447999954223633","1","1","1","1","1","1","0.3414999842643738","0.3414999842643738","0.3414999842643738","0.8438000082969666","0.8438000082969666","0.8438000082969666","1","1","1","1","1","1","0.3326999843120575","0.3326999843120575","0.3326999843120575","0.8405999541282654","0.8405999541282654","0.8405999541282654"
"10077","1","1","1","1","1","1","0.46889999508857727","0.46889999508857727","0.46889999508857727","0.8693999648094177","0.8693999648094177","0.8693999648094177","1","1","1","1","1","1","0.4493999779224396","0.4493999779224396","0.4493999779224396","0.8622999787330627","0.8622999787330627","0.8622999787330627","1","1","1","1","1","1","0.37379997968673706","0.37379997968673706","0.37379997968673706","0.8459999561309814","0.8459999561309814","0.8459999561309814","1","1","1","1","1","1","0.33820000290870667","0.33820000290870667","0.33820000290870667","0.8416999578475952","0.8416999578475952","0.8416999578475952","1","1","1","1","1","1","0.33629998564720154","0.33629998564720154","0.33629998564720154","0.8412999510765076","0.8412999510765076","0.8412999510765076"
"10088","1","1","1","1","1","1","0.4651999771595001","0.4651999771595001","0.4651999771595001","0.8678999543190002","0.8678999543190002","0.8678999543190002","1","1","1","1","1","1","0.4546999931335449","0.4546999931335449","0.4546999931335449","0.863099992275238","0.863099992275238","0.863099992275238","1","1","1","1","1","1","0.3691999912261963","0.3691999912261963","0.3691999912261963","0.8443999886512756","0.8443999886512756","0.8443999886512756","1","1","1","1","1","1","0.334199994802475","0.334199994802475","0.334199994802475","0.8407999873161316","0.8407999873161316","0.8407999873161316","1","1","1","1","1","1","0.3357999920845032","0.3357999920845032","0.3357999920845032","0.8406999707221985","0.8406999707221985","0.8406999707221985"
"10099","1","1","1","1","1","1","0.4651999771595001","0.4651999771595001","0.4651999771595001","0.8682999610900879","0.8682999610900879","0.8682999610900879","1","1","1","1","1","1","0.44609999656677246","0.44609999656677246","0.44609999656677246","0.8613999485969543","0.8613999485969543","0.8613999485969543","1","1","1","1","1","1","0.37359997630119324","0.37359997630119324","0.37359997630119324","0.84579998254776","0.84579998254776","0.84579998254776","1","1","1","1","1","1","0.3333999812602997","0.3333999812602997","0.3333999812602997","0.8406999707221985","0.8406999707221985","0.8406999707221985","1","1","1","1","1","1","0.3319999873638153","0.3319999873638153","0.3319999873638153","0.840499997138977","0.840499997138977","0.840499997138977"
"10110","1","1","1","1","1","1","0.46239998936653137","0.46239998936653137","0.46239998936653137","0.8671000003814697","0.8671000003814697","0.8671000003814697","1","1","1","1","1","1","0.44449999928474426","0.44449999928474426","0.44449999928474426","0.8625999689102173","0.8625999689102173","0.8625999689102173","1","1","1","1","1","1","0.370199978351593","0.370199978351593","0.370199978351593","0.8442999720573425","0.8442999720573425","0.8442999720573425","1","1","1","1","1","1","0.3351999819278717","0.3351999819278717","0.3351999819278717","0.8407999873161316","0.8407999873161316","0.8407999873161316","1","1","1","1","1","1","0.335999995470047","0.335999995470047","0.335999995470047","0.840999960899353","0.840999960899353","0.840999960899353"
"10121","1","1","1","1","1","1","0.46699997782707214","0.46699997782707214","0.46699997782707214","0.8682999610900879","0.8682999610900879","0.8682999610900879","1","1","1","1","1","1","0.4412999749183655","0.4412999749183655","0.4412999749183655","0.8610999584197998","0.8610999584197998","0.8610999584197998","1","1","1","1","1","1","0.3644999861717224","0.3644999861717224","0.3644999861717224","0.8438999652862549","0.8438999652862549","0.8438999652862549","1","1","1","1","1","1","0.33399999141693115","0.33399999141693115","0.33399999141693115","0.8414999842643738","0.8414999842643738","0.8414999842643738","1","1","1","1","1","1","0.3384999930858612","0.3384999930858612","0.3384999930858612","0.8411999940872192","0.8411999940872192","0.8411999940872192"
"10132","1","1","1","1","1","1","0.46469998359680176","0.46469998359680176","0.46469998359680176","0.8666999936103821","0.8666999936103821","0.8666999936103821","1","1","1","1","1","1","0.4323999881744385","0.4323999881744385","0.4323999881744385","0.858199954032898","0.858199954032898","0.858199954032898","1","1","1","1","1","1","0.3651999831199646","0.3651999831199646","0.3651999831199646","0.842799961566925","0.842799961566925","0.842799961566925","1","1","1","1","1","1","0.3254999816417694","0.3254999816417694","0.3254999816417694","0.8398000001907349","0.8398000001907349","0.8398000001907349","1","1","1","1","1","1","0.34849998354911804","0.34849998354911804","0.34849998354911804","0.8432999849319458","0.8432999849319458","0.8432999849319458"
"10143","1","1","1","1","1","1","0.46779999136924744","0.46779999136924744","0.46779999136924744","0.8693999648094177","0.8693999648094177","0.8693999648094177","1","1","1","1","1","1","0.435699999332428","0.435699999332428","0.435699999332428","0.8608999848365784","0.8608999848365784","0.8608999848365784","1","1","1","1","1","1","0.36419999599456787","0.36419999599456787","0.36419999599456787","0.8428999781608582","0.8428999781608582","0.8428999781608582","1","1","1","1","1","1","0.32749998569488525","0.32749998569488525","0.32749998569488525","0.8393999934196472","0.8393999934196472","0.8393999934196472","1","1","1","1","1","1","0.3425000011920929","0.3425000011920929","0.3425000011920929","0.8429999947547913","0.8429999947547913","0.8429999947547913"
"10154","1","1","1","1","1","1","0.46149998903274536","0.46149998903274536","0.46149998903274536","0.8668999671936035","0.8668999671936035","0.8668999671936035","1","1","1","1","1","1","0.444599986076355","0.444599986076355","0.444599986076355","0.8626999855041504","0.8626999855041504","0.8626999855041504","1","1","1","1","1","1","0.3612000048160553","0.3612000048160553","0.3612000048160553","0.8429999947547913","0.8429999947547913","0.8429999947547913","1","1","1","1","1","1","0.33159998059272766","0.33159998059272766","0.33159998059272766","0.8410999774932861","0.8410999774932861","0.8410999774932861","1","1","1","1","1","1","0.3422999978065491","0.3422999978065491","0.3422999978065491","0.8424999713897705","0.8424999713897705","0.8424999713897705"
"10165","1","1","1","1","1","1","0.46469998359680176","0.46469998359680176","0.46469998359680176","0.8680999875068665","0.8680999875068665","0.8680999875068665","1","1","1","1","1","1","0.43949997425079346","0.43949997425079346","0.43949997425079346","0.8601999878883362","0.8601999878883362","0.8601999878883362","1","1","1","1","1","1","0.3660999834537506","0.3660999834537506","0.3660999834537506","0.843999981880188","0.843999981880188","0.843999981880188","1","1","1","1","1","1","0.33079999685287476","0.33079999685287476","0.33079999685287476","0.8420999646186829","0.8420999646186829","0.8420999646186829","1","1","1","1","1","1","0.34289997816085815","0.34289997816085815","0.34289997816085815","0.8431999683380127","0.8431999683380127","0.8431999683380127"
"10176","1","1","1","1","1","1","0.4640999734401703","0.4640999734401703","0.4640999734401703","0.8682000041007996","0.8682000041007996","0.8682000041007996","1","1","1","1","1","1","0.43939998745918274","0.43939998745918274","0.43939998745918274","0.8616999983787537","0.8616999983787537","0.8616999983787537","1","1","1","1","1","1","0.362199991941452","0.362199991941452","0.362199991941452","0.8420000076293945","0.8420000076293945","0.8420000076293945","1","1","1","1","1","1","0.3335999846458435","0.3335999846458435","0.3335999846458435","0.8424999713897705","0.8424999713897705","0.8424999713897705","1","1","1","1","1","1","0.3409999907016754","0.3409999907016754","0.3409999907016754","0.8420999646186829","0.8420999646186829","0.8420999646186829"
"10187","1","1","1","1","1","1","0.46719998121261597","0.46719998121261597","0.46719998121261597","0.8685999512672424","0.8685999512672424","0.8685999512672424","1","1","1","1","1","1","0.4461999833583832","0.4461999833583832","0.4461999833583832","0.8621999621391296","0.8621999621391296","0.8621999621391296","1","1","1","1","1","1","0.3652999997138977","0.3652999997138977","0.3652999997138977","0.8416999578475952","0.8416999578475952","0.8416999578475952","1","1","1","1","1","1","0.3351999819278717","0.3351999819278717","0.3351999819278717","0.842199981212616","0.842199981212616","0.842199981212616","1","1","1","1","1","1","0.3344999849796295","0.3344999849796295","0.3344999849796295","0.8399999737739563","0.8399999737739563","0.8399999737739563"
"10198","1","1","1","1","1","1","0.46559998393058777","0.46559998393058777","0.46559998393058777","0.8676999807357788","0.8676999807357788","0.8676999807357788","1","1","1","1","1","1","0.4493999779224396","0.4493999779224396","0.4493999779224396","0.8624999523162842","0.8624999523162842","0.8624999523162842","1","1","1","1","1","1","0.3686999976634979","0.3686999976634979","0.3686999976634979","0.8440999984741211","0.8440999984741211","0.8440999984741211","1","1","1","1","1","1","0.33649998903274536","0.33649998903274536","0.33649998903274536","0.8425999879837036","0.8425999879837036","0.8425999879837036","1","1","1","1","1","1","0.34459999203681946","0.34459999203681946","0.34459999203681946","0.8438999652862549","0.8438999652862549","0.8438999652862549"
"10209","1","1","1","1","1","1","0.4650999903678894","0.4650999903678894","0.4650999903678894","0.868399977684021","0.868399977684021","0.868399977684021","1","1","1","1","1","1","0.457099974155426","0.457099974155426","0.457099974155426","0.8657000064849854","0.8657000064849854","0.8657000064849854","1","1","1","1","1","1","0.3686999976634979","0.3686999976634979","0.3686999976634979","0.8438999652862549","0.8438999652862549","0.8438999652862549","1","1","1","1","1","1","0.33739998936653137","0.33739998936653137","0.33739998936653137","0.8423999547958374","0.8423999547958374","0.8423999547958374","1","1","1","1","1","1","0.33869999647140503","0.33869999647140503","0.33869999647140503","0.8424999713897705","0.8424999713897705","0.8424999713897705"
"10220","1","1","1","1","1","1","0.4657000005245209","0.4657000005245209","0.4657000005245209","0.8679999709129333","0.8679999709129333","0.8679999709129333","1","1","1","1","1","1","0.4382999837398529","0.4382999837398529","0.4382999837398529","0.8605999946594238","0.8605999946594238","0.8605999946594238","1","1","1","1","1","1","0.374099999666214","0.374099999666214","0.374099999666214","0.8445999622344971","0.8445999622344971","0.8445999622344971","1","1","1","1","1","1","0.33319997787475586","0.33319997787475586","0.33319997787475586","0.8420000076293945","0.8420000076293945","0.8420000076293945","1","1","1","1","1","1","0.33730000257492065","0.33730000257492065","0.33730000257492065","0.8424999713897705","0.8424999713897705","0.8424999713897705"
"10231","1","1","1","1","1","1","0.4610999822616577","0.4610999822616577","0.4610999822616577","0.8669999837875366","0.8669999837875366","0.8669999837875366","1","1","1","1","1","1","0.4461999833583832","0.4461999833583832","0.4461999833583832","0.8616999983787537","0.8616999983787537","0.8616999983787537","1","1","1","1","1","1","0.38089999556541443","0.38089999556541443","0.38089999556541443","0.8463999629020691","0.8463999629020691","0.8463999629020691","1","1","1","1","1","1","0.32269999384880066","0.32269999384880066","0.32269999384880066","0.8412999510765076","0.8412999510765076","0.8412999510765076","1","1","1","1","1","1","0.336899995803833","0.336899995803833","0.336899995803833","0.8422999978065491","0.8422999978065491","0.8422999978065491"
"10242","1","1","1","1","1","1","0.46709999442100525","0.46709999442100525","0.46709999442100525","0.8682999610900879","0.8682999610900879","0.8682999610900879","1","1","1","1","1","1","0.457099974155426","0.457099974155426","0.457099974155426","0.8650999665260315","0.8650999665260315","0.8650999665260315","1","1","1","1","1","1","0.3799999952316284","0.3799999952316284","0.3799999952316284","0.8461999893188477","0.8461999893188477","0.8461999893188477","1","1","1","1","1","1","0.32729998230934143","0.32729998230934143","0.32729998230934143","0.8412999510765076","0.8412999510765076","0.8412999510765076","1","1","1","1","1","1","0.3330000042915344","0.3330000042915344","0.3330000042915344","0.8420000076293945","0.8420000076293945","0.8420000076293945"
"10253","1","1","1","1","1","1","0.44679999351501465","0.44679999351501465","0.44679999351501465","0.8625999689102173","0.8625999689102173","0.8625999689102173","1","1","1","1","1","1","0.45249998569488525","0.45249998569488525","0.45249998569488525","0.8629999756813049","0.8629999756813049","0.8629999756813049","1","1","1","1","1","1","0.3682999908924103","0.3682999908924103","0.3682999908924103","0.8434000015258789","0.8434000015258789","0.8434000015258789","1","1","1","1","1","1","0.32679998874664307","0.32679998874664307","0.32679998874664307","0.8402000069618225","0.8402000069618225","0.8402000069618225","1","1","1","1","1","1","0.33159998059272766","0.33159998059272766","0.33159998059272766","0.8409000039100647","0.8409000039100647","0.8409000039100647"
"10264","1","1","1","1","1","1","0.46469998359680176","0.46469998359680176","0.46469998359680176","0.8666999936103821","0.8666999936103821","0.8666999936103821","1","1","1","1","1","1","0.45499998331069946","0.45499998331069946","0.45499998331069946","0.8629999756813049","0.8629999756813049","0.8629999756813049","1","1","1","1","1","1","0.37359997630119324","0.37359997630119324","0.37359997630119324","0.8445999622344971","0.8445999622344971","0.8445999622344971","1","1","1","1","1","1","0.32269999384880066","0.32269999384880066","0.32269999384880066","0.8391000032424927","0.8391000032424927","0.8391000032424927","1","1","1","1","1","1","0.32850000262260437","0.32850000262260437","0.32850000262260437","0.840399980545044","0.840399980545044","0.840399980545044"
"10275","1","1","1","1","1","1","0.46879997849464417","0.46879997849464417","0.46879997849464417","0.8684999942779541","0.8684999942779541","0.8684999942779541","1","1","1","1","1","1","0.4462999999523163","0.4462999999523163","0.4462999999523163","0.8611999750137329","0.8611999750137329","0.8611999750137329","1","1","1","1","1","1","0.3700999915599823","0.3700999915599823","0.3700999915599823","0.8443999886512756","0.8443999886512756","0.8443999886512756","1","1","1","1","1","1","0.3222000002861023","0.3222000002861023","0.3222000002861023","0.839199960231781","0.839199960231781","0.839199960231781","1","1","1","1","1","1","0.33079999685287476","0.33079999685287476","0.33079999685287476","0.840999960899353","0.840999960899353","0.840999960899353"
"10286","1","1","1","1","1","1","0.47269999980926514","0.47269999980926514","0.47269999980926514","0.870199978351593","0.870199978351593","0.870199978351593","1","1","1","1","1","1","0.4397999942302704","0.4397999942302704","0.4397999942302704","0.8592999577522278","0.8592999577522278","0.8592999577522278","1","1","1","1","1","1","0.37279999256134033","0.37279999256134033","0.37279999256134033","0.8448999524116516","0.8448999524116516","0.8448999524116516","1","1","1","1","1","1","0.32109999656677246","0.32109999656677246","0.32109999656677246","0.8399999737739563","0.8399999737739563","0.8399999737739563","1","1","1","1","1","1","0.33409997820854187","0.33409997820854187","0.33409997820854187","0.8413999676704407","0.8413999676704407","0.8413999676704407"
"10297","1","1","1","1","1","1","0.47029998898506165","0.47029998898506165","0.47029998898506165","0.868399977684021","0.868399977684021","0.868399977684021","1","1","1","1","1","1","0.44769999384880066","0.44769999384880066","0.44769999384880066","0.8613999485969543","0.8613999485969543","0.8613999485969543","1","1","1","1","1","1","0.3788999915122986","0.3788999915122986","0.3788999915122986","0.8458999991416931","0.8458999991416931","0.8458999991416931","1","1","1","1","1","1","0.3215000033378601","0.3215000033378601","0.3215000033378601","0.840399980545044","0.840399980545044","0.840399980545044","1","1","1","1","1","1","0.3393999934196472","0.3393999934196472","0.3393999934196472","0.8429999947547913","0.8429999947547913","0.8429999947547913"
"10308","1","1","1","1","1","1","0.4672999978065491","0.4672999978065491","0.4672999978065491","0.8678999543190002","0.8678999543190002","0.8678999543190002","1","1","1","1","1","1","0.4575999975204468","0.4575999975204468","0.4575999975204468","0.8641999959945679","0.8641999959945679","0.8641999959945679","1","1","1","1","1","1","0.3707999885082245","0.3707999885082245","0.3707999885082245","0.8449999690055847","0.8449999690055847","0.8449999690055847","1","1","1","1","1","1","0.3303000032901764","0.3303000032901764","0.3303000032901764","0.8420000076293945","0.8420000076293945","0.8420000076293945","1","1","1","1","1","1","0.3326999843120575","0.3326999843120575","0.3326999843120575","0.8420000076293945","0.8420000076293945","0.8420000076293945"
"10319","1","1","1","1","1","1","0.47429999709129333","0.47429999709129333","0.47429999709129333","0.8682999610900879","0.8682999610900879","0.8682999610900879","1","1","1","1","1","1","0.4510999917984009","0.4510999917984009","0.4510999917984009","0.8621000051498413","0.8621000051498413","0.8621000051498413","1","1","1","1","1","1","0.3824999928474426","0.3824999928474426","0.3824999928474426","0.847599983215332","0.847599983215332","0.847599983215332","1","1","1","1","1","1","0.3294999897480011","0.3294999897480011","0.3294999897480011","0.8410999774932861","0.8410999774932861","0.8410999774932861","1","1","1","1","1","1","0.33640000224113464","0.33640000224113464","0.33640000224113464","0.8434000015258789","0.8434000015258789","0.8434000015258789"
"10330","1","1","1","1","1","1","0.47529998421669006","0.47529998421669006","0.47529998421669006","0.8700000047683716","0.8700000047683716","0.8700000047683716","1","1","1","1","1","1","0.4496999979019165","0.4496999979019165","0.4496999979019165","0.8625999689102173","0.8625999689102173","0.8625999689102173","1","1","1","1","1","1","0.373199999332428","0.373199999332428","0.373199999332428","0.8454999923706055","0.8454999923706055","0.8454999923706055","1","1","1","1","1","1","0.33229997754096985","0.33229997754096985","0.33229997754096985","0.8424999713897705","0.8424999713897705","0.8424999713897705","1","1","1","1","1","1","0.3352999985218048","0.3352999985218048","0.3352999985218048","0.8423999547958374","0.8423999547958374","0.8423999547958374"
"10341","1","1","1","1","1","1","0.47209998965263367","0.47209998965263367","0.47209998965263367","0.8687999844551086","0.8687999844551086","0.8687999844551086","1","1","1","1","1","1","0.44589999318122864","0.44589999318122864","0.44589999318122864","0.8613999485969543","0.8613999485969543","0.8613999485969543","1","1","1","1","1","1","0.37610000371932983","0.37610000371932983","0.37610000371932983","0.8458999991416931","0.8458999991416931","0.8458999991416931","1","1","1","1","1","1","0.3317999839782715","0.3317999839782715","0.3317999839782715","0.8409000039100647","0.8409000039100647","0.8409000039100647","1","1","1","1","1","1","0.3328000009059906","0.3328000009059906","0.3328000009059906","0.8414999842643738","0.8414999842643738","0.8414999842643738"
"10352","1","1","1","1","1","1","0.4499000012874603","0.4499000012874603","0.4499000012874603","0.8628000020980835","0.8628000020980835","0.8628000020980835","1","1","1","1","1","1","0.4438999891281128","0.4438999891281128","0.4438999891281128","0.8615999817848206","0.8615999817848206","0.8615999817848206","1","1","1","1","1","1","0.3741999864578247","0.3741999864578247","0.3741999864578247","0.84579998254776","0.84579998254776","0.84579998254776","1","1","1","1","1","1","0.32729998230934143","0.32729998230934143","0.32729998230934143","0.8398999571800232","0.8398999571800232","0.8398999571800232","1","1","1","1","1","1","0.32989999651908875","0.32989999651908875","0.32989999651908875","0.840999960899353","0.840999960899353","0.840999960899353"
"10363","1","1","1","1","1","1","0.47119998931884766","0.47119998931884766","0.47119998931884766","0.8694999814033508","0.8694999814033508","0.8694999814033508","1","1","1","1","1","1","0.4390999972820282","0.4390999972820282","0.4390999972820282","0.859499990940094","0.859499990940094","0.859499990940094","1","1","1","1","1","1","0.3828999996185303","0.3828999996185303","0.3828999996185303","0.847599983215332","0.847599983215332","0.847599983215332","1","1","1","1","1","1","0.3393999934196472","0.3393999934196472","0.3393999934196472","0.8414999842643738","0.8414999842643738","0.8414999842643738","1","1","1","1","1","1","0.33249998092651367","0.33249998092651367","0.33249998092651367","0.8420000076293945","0.8420000076293945","0.8420000076293945"
"10374","1","1","1","1","1","1","0.46289998292922974","0.46289998292922974","0.46289998292922974","0.8672999739646912","0.8672999739646912","0.8672999739646912","1","1","1","1","1","1","0.44599997997283936","0.44599997997283936","0.44599997997283936","0.863099992275238","0.863099992275238","0.863099992275238","1","1","1","1","1","1","0.38429999351501465","0.38429999351501465","0.38429999351501465","0.8482999801635742","0.8482999801635742","0.8482999801635742","1","1","1","1","1","1","0.3270999789237976","0.3270999789237976","0.3270999789237976","0.8398999571800232","0.8398999571800232","0.8398999571800232","1","1","1","1","1","1","0.3249000012874603","0.3249000012874603","0.3249000012874603","0.8409000039100647","0.8409000039100647","0.8409000039100647"
"10385","1","1","1","1","1","1","0.4619999825954437","0.4619999825954437","0.4619999825954437","0.8668999671936035","0.8668999671936035","0.8668999671936035","1","1","1","1","1","1","0.45909997820854187","0.45909997820854187","0.45909997820854187","0.8655999898910522","0.8655999898910522","0.8655999898910522","1","1","1","1","1","1","0.38419997692108154","0.38419997692108154","0.38419997692108154","0.8484999537467957","0.8484999537467957","0.8484999537467957","1","1","1","1","1","1","0.32359999418258667","0.32359999418258667","0.32359999418258667","0.8389999866485596","0.8389999866485596","0.8389999866485596","1","1","1","1","1","1","0.3252999782562256","0.3252999782562256","0.3252999782562256","0.8406999707221985","0.8406999707221985","0.8406999707221985"
"10396","1","1","1","1","1","1","0.4634999930858612","0.4634999930858612","0.4634999930858612","0.8682000041007996","0.8682000041007996","0.8682000041007996","1","1","1","1","1","1","0.46059998869895935","0.46059998869895935","0.46059998869895935","0.8649999499320984","0.8649999499320984","0.8649999499320984","1","1","1","1","1","1","0.38029998540878296","0.38029998540878296","0.38029998540878296","0.8458999991416931","0.8458999991416931","0.8458999991416931","1","1","1","1","1","1","0.32179999351501465","0.32179999351501465","0.32179999351501465","0.8387999534606934","0.8387999534606934","0.8387999534606934","1","1","1","1","1","1","0.32979997992515564","0.32979997992515564","0.32979997992515564","0.8423999547958374","0.8423999547958374","0.8423999547958374"
"10407","1","1","1","1","1","1","0.46219998598098755","0.46219998598098755","0.46219998598098755","0.8667999505996704","0.8667999505996704","0.8667999505996704","1","1","1","1","1","1","0.4481000006198883","0.4481000006198883","0.4481000006198883","0.8607999682426453","0.8607999682426453","0.8607999682426453","1","1","1","1","1","1","0.3747999966144562","0.3747999966144562","0.3747999966144562","0.8452000021934509","0.8452000021934509","0.8452000021934509","1","1","1","1","1","1","0.32999998331069946","0.32999998331069946","0.32999998331069946","0.8399999737739563","0.8399999737739563","0.8399999737739563","1","1","1","1","1","1","0.32499998807907104","0.32499998807907104","0.32499998807907104","0.8407999873161316","0.8407999873161316","0.8407999873161316"
"10418","1","1","1","1","1","1","0.4684000015258789","0.4684000015258789","0.4684000015258789","0.8686999678611755","0.8686999678611755","0.8686999678611755","1","1","1","1","1","1","0.44429999589920044","0.44429999589920044","0.44429999589920044","0.8574999570846558","0.8574999570846558","0.8574999570846558","1","1","1","1","1","1","0.38169997930526733","0.38169997930526733","0.38169997930526733","0.847599983215332","0.847599983215332","0.847599983215332","1","1","1","1","1","1","0.3312000036239624","0.3312000036239624","0.3312000036239624","0.8400999903678894","0.8400999903678894","0.8400999903678894","1","1","1","1","1","1","0.33319997787475586","0.33319997787475586","0.33319997787475586","0.8425999879837036","0.8425999879837036","0.8425999879837036"
"10429","1","1","1","1","1","1","0.46209999918937683","0.46209999918937683","0.46209999918937683","0.8673999905586243","0.8673999905586243","0.8673999905586243","1","1","1","1","1","1","0.45009997487068176","0.45009997487068176","0.45009997487068176","0.8611999750137329","0.8611999750137329","0.8611999750137329","1","1","1","1","1","1","0.38040000200271606","0.38040000200271606","0.38040000200271606","0.8474999666213989","0.8474999666213989","0.8474999666213989","1","1","1","1","1","1","0.3243999779224396","0.3243999779224396","0.3243999779224396","0.838699996471405","0.838699996471405","0.838699996471405","1","1","1","1","1","1","0.32909998297691345","0.32909998297691345","0.32909998297691345","0.8414999842643738","0.8414999842643738","0.8414999842643738"
"10440","1","1","1","1","1","1","0.46239998936653137","0.46239998936653137","0.46239998936653137","0.866599977016449","0.866599977016449","0.866599977016449","1","1","1","1","1","1","0.4496999979019165","0.4496999979019165","0.4496999979019165","0.8608999848365784","0.8608999848365784","0.8608999848365784","1","1","1","1","1","1","0.3823999762535095","0.3823999762535095","0.3823999762535095","0.8476999998092651","0.8476999998092651","0.8476999998092651","1","1","1","1","1","1","0.334199994802475","0.334199994802475","0.334199994802475","0.8400999903678894","0.8400999903678894","0.8400999903678894","1","1","1","1","1","1","0.3361999988555908","0.3361999988555908","0.3361999988555908","0.8429999947547913","0.8429999947547913","0.8429999947547913"
"10451","1","1","1","1","1","1","0.46459999680519104","0.46459999680519104","0.46459999680519104","0.8672999739646912","0.8672999739646912","0.8672999739646912","1","1","1","1","1","1","0.447299987077713","0.447299987077713","0.447299987077713","0.8614999651908875","0.8614999651908875","0.8614999651908875","1","1","1","1","1","1","0.38099998235702515","0.38099998235702515","0.38099998235702515","0.847000002861023","0.847000002861023","0.847000002861023","1","1","1","1","1","1","0.33399999141693115","0.33399999141693115","0.33399999141693115","0.8420999646186829","0.8420999646186829","0.8420999646186829","1","1","1","1","1","1","0.33409997820854187","0.33409997820854187","0.33409997820854187","0.8427000045776367","0.8427000045776367","0.8427000045776367"
"10462","1","1","1","1","1","1","0.4632999897003174","0.4632999897003174","0.4632999897003174","0.8661999702453613","0.8661999702453613","0.8661999702453613","1","1","1","1","1","1","0.444599986076355","0.444599986076355","0.444599986076355","0.8603000044822693","0.8603000044822693","0.8603000044822693","1","1","1","1","1","1","0.38349997997283936","0.38349997997283936","0.38349997997283936","0.847000002861023","0.847000002861023","0.847000002861023","1","1","1","1","1","1","0.32819998264312744","0.32819998264312744","0.32819998264312744","0.8398999571800232","0.8398999571800232","0.8398999571800232","1","1","1","1","1","1","0.32749998569488525","0.32749998569488525","0.32749998569488525","0.8411999940872192","0.8411999940872192","0.8411999940872192"
"10473","1","1","1","1","1","1","0.47349998354911804","0.47349998354911804","0.47349998354911804","0.8687999844551086","0.8687999844551086","0.8687999844551086","1","1","1","1","1","1","0.4499000012874603","0.4499000012874603","0.4499000012874603","0.8623999953269958","0.8623999953269958","0.8623999953269958","1","1","1","1","1","1","0.3783999979496002","0.3783999979496002","0.3783999979496002","0.8456999659538269","0.8456999659538269","0.8456999659538269","1","1","1","1","1","1","0.3317999839782715","0.3317999839782715","0.3317999839782715","0.8402000069618225","0.8402000069618225","0.8402000069618225","1","1","1","1","1","1","0.32889997959136963","0.32889997959136963","0.32889997959136963","0.8413999676704407","0.8413999676704407","0.8413999676704407"
"10484","1","1","1","1","1","1","0.46309998631477356","0.46309998631477356","0.46309998631477356","0.8652999997138977","0.8652999997138977","0.8652999997138977","1","1","1","1","1","1","0.4520999789237976","0.4520999789237976","0.4520999789237976","0.8632999658584595","0.8632999658584595","0.8632999658584595","1","1","1","1","1","1","0.3771999776363373","0.3771999776363373","0.3771999776363373","0.8452000021934509","0.8452000021934509","0.8452000021934509","1","1","1","1","1","1","0.3333999812602997","0.3333999812602997","0.3333999812602997","0.8409000039100647","0.8409000039100647","0.8409000039100647","1","1","1","1","1","1","0.3280999958515167","0.3280999958515167","0.3280999958515167","0.8406999707221985","0.8406999707221985","0.8406999707221985"
"10495","1","1","1","1","1","1","0.46619999408721924","0.46619999408721924","0.46619999408721924","0.8682999610900879","0.8682999610900879","0.8682999610900879","1","1","1","1","1","1","0.45579999685287476","0.45579999685287476","0.45579999685287476","0.8625999689102173","0.8625999689102173","0.8625999689102173","1","1","1","1","1","1","0.38189998269081116","0.38189998269081116","0.38189998269081116","0.8467999696731567","0.8467999696731567","0.8467999696731567","1","1","1","1","1","1","0.32749998569488525","0.32749998569488525","0.32749998569488525","0.8406999707221985","0.8406999707221985","0.8406999707221985","1","1","1","1","1","1","0.33059999346733093","0.33059999346733093","0.33059999346733093","0.8414999842643738","0.8414999842643738","0.8414999842643738"
"10506","1","1","1","1","1","1","0.4657999873161316","0.4657999873161316","0.4657999873161316","0.8672999739646912","0.8672999739646912","0.8672999739646912","1","1","1","1","1","1","0.462799996137619","0.462799996137619","0.462799996137619","0.8654999732971191","0.8654999732971191","0.8654999732971191","1","1","1","1","1","1","0.3823999762535095","0.3823999762535095","0.3823999762535095","0.8478999733924866","0.8478999733924866","0.8478999733924866","1","1","1","1","1","1","0.32349997758865356","0.32349997758865356","0.32349997758865356","0.8391000032424927","0.8391000032424927","0.8391000032424927","1","1","1","1","1","1","0.3321000039577484","0.3321000039577484","0.3321000039577484","0.8434999585151672","0.8434999585151672","0.8434999585151672"
"10517","1","1","1","1","1","1","0.4642999768257141","0.4642999768257141","0.4642999768257141","0.8659999966621399","0.8659999966621399","0.8659999966621399","1","1","1","1","1","1","0.461899995803833","0.461899995803833","0.461899995803833","0.8642999529838562","0.8642999529838562","0.8642999529838562","1","1","1","1","1","1","0.3840000033378601","0.3840000033378601","0.3840000033378601","0.8470999598503113","0.8470999598503113","0.8470999598503113","1","1","1","1","1","1","0.3238999843597412","0.3238999843597412","0.3238999843597412","0.8396999835968018","0.8396999835968018","0.8396999835968018","1","1","1","1","1","1","0.33009999990463257","0.33009999990463257","0.33009999990463257","0.8414999842643738","0.8414999842643738","0.8414999842643738"
"10528","1","1","1","1","1","1","0.4667999744415283","0.4667999744415283","0.4667999744415283","0.8671999573707581","0.8671999573707581","0.8671999573707581","1","1","1","1","1","1","0.4502999782562256","0.4502999782562256","0.4502999782562256","0.8621999621391296","0.8621999621391296","0.8621999621391296","1","1","1","1","1","1","0.37849998474121094","0.37849998474121094","0.37849998474121094","0.8452000021934509","0.8452000021934509","0.8452000021934509","1","1","1","1","1","1","0.3270999789237976","0.3270999789237976","0.3270999789237976","0.8394999504089355","0.8394999504089355","0.8394999504089355","1","1","1","1","1","1","0.3252999782562256","0.3252999782562256","0.3252999782562256","0.8405999541282654","0.8405999541282654","0.8405999541282654"
"10539","1","1","1","1","1","1","0.46719998121261597","0.46719998121261597","0.46719998121261597","0.8671000003814697","0.8671000003814697","0.8671000003814697","1","1","1","1","1","1","0.46069997549057007","0.46069997549057007","0.46069997549057007","0.8633999824523926","0.8633999824523926","0.8633999824523926","1","1","1","1","1","1","0.3789999783039093","0.3789999783039093","0.3789999783039093","0.8453999757766724","0.8453999757766724","0.8453999757766724","1","1","1","1","1","1","0.32760000228881836","0.32760000228881836","0.32760000228881836","0.8398000001907349","0.8398000001907349","0.8398000001907349","1","1","1","1","1","1","0.3206999897956848","0.3206999897956848","0.3206999897956848","0.8385999798774719","0.8385999798774719","0.8385999798774719"
"10550","1","1","1","1","1","1","0.46959999203681946","0.46959999203681946","0.46959999203681946","0.8680999875068665","0.8680999875068665","0.8680999875068665","1","1","1","1","1","1","0.45329999923706055","0.45329999923706055","0.45329999923706055","0.8631999492645264","0.8631999492645264","0.8631999492645264","1","1","1","1","1","1","0.3791999816894531","0.3791999816894531","0.3791999816894531","0.8456999659538269","0.8456999659538269","0.8456999659538269","1","1","1","1","1","1","0.3296999931335449","0.3296999931335449","0.3296999931335449","0.8399999737739563","0.8399999737739563","0.8399999737739563","1","1","1","1","1","1","0.32339999079704285","0.32339999079704285","0.32339999079704285","0.8398000001907349","0.8398000001907349","0.8398000001907349"
"10561","1","1","1","1","1","1","0.4700999855995178","0.4700999855995178","0.4700999855995178","0.8682000041007996","0.8682000041007996","0.8682000041007996","1","1","1","1","1","1","0.4616999924182892","0.4616999924182892","0.4616999924182892","0.8657000064849854","0.8657000064849854","0.8657000064849854","1","1","1","1","1","1","0.37199997901916504","0.37199997901916504","0.37199997901916504","0.8450999855995178","0.8450999855995178","0.8450999855995178","1","1","1","1","1","1","0.3220999836921692","0.3220999836921692","0.3220999836921692","0.8381999731063843","0.8381999731063843","0.8381999731063843","1","1","1","1","1","1","0.32249999046325684","0.32249999046325684","0.32249999046325684","0.8406999707221985","0.8406999707221985","0.8406999707221985"
"10572","1","1","1","1","1","1","0.46549999713897705","0.46549999713897705","0.46549999713897705","0.8675000071525574","0.8675000071525574","0.8675000071525574","1","1","1","1","1","1","0.45969998836517334","0.45969998836517334","0.45969998836517334","0.8667999505996704","0.8667999505996704","0.8667999505996704","1","1","1","1","1","1","0.37199997901916504","0.37199997901916504","0.37199997901916504","0.8449999690055847","0.8449999690055847","0.8449999690055847","1","1","1","1","1","1","0.319599986076355","0.319599986076355","0.319599986076355","0.8371999859809875","0.8371999859809875","0.8371999859809875","1","1","1","1","1","1","0.31450000405311584","0.31450000405311584","0.31450000405311584","0.8369999527931213","0.8369999527931213","0.8369999527931213"
"10583","1","1","1","1","1","1","0.46949997544288635","0.46949997544288635","0.46949997544288635","0.8678999543190002","0.8678999543190002","0.8678999543190002","1","1","1","1","1","1","0.4632999897003174","0.4632999897003174","0.4632999897003174","0.8660999536514282","0.8660999536514282","0.8660999536514282","1","1","1","1","1","1","0.36010000109672546","0.36010000109672546","0.36010000109672546","0.8424999713897705","0.8424999713897705","0.8424999713897705","1","1","1","1","1","1","0.32019999623298645","0.32019999623298645","0.32019999623298645","0.8384999632835388","0.8384999632835388","0.8384999632835388","1","1","1","1","1","1","0.32269999384880066","0.32269999384880066","0.32269999384880066","0.8387999534606934","0.8387999534606934","0.8387999534606934"
"10594","1","1","1","1","1","1","0.4697999954223633","0.4697999954223633","0.4697999954223633","0.8687999844551086","0.8687999844551086","0.8687999844551086","1","1","1","1","1","1","0.4594999849796295","0.4594999849796295","0.4594999849796295","0.865399956703186","0.865399956703186","0.865399956703186","1","1","1","1","1","1","0.37359997630119324","0.37359997630119324","0.37359997630119324","0.8453999757766724","0.8453999757766724","0.8453999757766724","1","1","1","1","1","1","0.3237999975681305","0.3237999975681305","0.3237999975681305","0.839199960231781","0.839199960231781","0.839199960231781","1","1","1","1","1","1","0.32330000400543213","0.32330000400543213","0.32330000400543213","0.8409000039100647","0.8409000039100647","0.8409000039100647"
"10605","1","1","1","1","1","1","0.4640999734401703","0.4640999734401703","0.4640999734401703","0.8672999739646912","0.8672999739646912","0.8672999739646912","1","1","1","1","1","1","0.45569998025894165","0.45569998025894165","0.45569998025894165","0.8643999695777893","0.8643999695777893","0.8643999695777893","1","1","1","1","1","1","0.37139999866485596","0.37139999866485596","0.37139999866485596","0.8446999788284302","0.8446999788284302","0.8446999788284302","1","1","1","1","1","1","0.3231000006198883","0.3231000006198883","0.3231000006198883","0.838699996471405","0.838699996471405","0.838699996471405","1","1","1","1","1","1","0.3287000060081482","0.3287000060081482","0.3287000060081482","0.8413999676704407","0.8413999676704407","0.8413999676704407"
"10616","1","1","1","1","1","1","0.47029998898506165","0.47029998898506165","0.47029998898506165","0.8679999709129333","0.8679999709129333","0.8679999709129333","1","1","1","1","1","1","0.460999995470047","0.460999995470047","0.460999995470047","0.8654999732971191","0.8654999732971191","0.8654999732971191","1","1","1","1","1","1","0.37139999866485596","0.37139999866485596","0.37139999866485596","0.8438000082969666","0.8438000082969666","0.8438000082969666","1","1","1","1","1","1","0.3236999809741974","0.3236999809741974","0.3236999809741974","0.8384999632835388","0.8384999632835388","0.8384999632835388","1","1","1","1","1","1","0.3328000009059906","0.3328000009059906","0.3328000009059906","0.8424999713897705","0.8424999713897705","0.8424999713897705"
"10627","1","1","1","1","1","1","0.46399998664855957","0.46399998664855957","0.46399998664855957","0.8684999942779541","0.8684999942779541","0.8684999942779541","1","1","1","1","1","1","0.46320000290870667","0.46320000290870667","0.46320000290870667","0.8654999732971191","0.8654999732971191","0.8654999732971191","1","1","1","1","1","1","0.37289997935295105","0.37289997935295105","0.37289997935295105","0.8448999524116516","0.8448999524116516","0.8448999524116516","1","1","1","1","1","1","0.31939998269081116","0.31939998269081116","0.31939998269081116","0.8374999761581421","0.8374999761581421","0.8374999761581421","1","1","1","1","1","1","0.3276999890804291","0.3276999890804291","0.3276999890804291","0.8417999744415283","0.8417999744415283","0.8417999744415283"
"10638","1","1","1","1","1","1","0.46629998087882996","0.46629998087882996","0.46629998087882996","0.8685999512672424","0.8685999512672424","0.8685999512672424","1","1","1","1","1","1","0.4505999982357025","0.4505999982357025","0.4505999982357025","0.8621999621391296","0.8621999621391296","0.8621999621391296","1","1","1","1","1","1","0.3619999885559082","0.3619999885559082","0.3619999885559082","0.842799961566925","0.842799961566925","0.842799961566925","1","1","1","1","1","1","0.3199000060558319","0.3199000060558319","0.3199000060558319","0.8387999534606934","0.8387999534606934","0.8387999534606934","1","1","1","1","1","1","0.335999995470047","0.335999995470047","0.335999995470047","0.8431999683380127","0.8431999683380127","0.8431999683380127"
"10649","1","1","1","1","1","1","0.4626999795436859","0.4626999795436859","0.4626999795436859","0.8671999573707581","0.8671999573707581","0.8671999573707581","1","1","1","1","1","1","0.4593999981880188","0.4593999981880188","0.4593999981880188","0.8650999665260315","0.8650999665260315","0.8650999665260315","1","1","1","1","1","1","0.3723999857902527","0.3723999857902527","0.3723999857902527","0.8446999788284302","0.8446999788284302","0.8446999788284302","1","1","1","1","1","1","0.3243999779224396","0.3243999779224396","0.3243999779224396","0.8385999798774719","0.8385999798774719","0.8385999798774719","1","1","1","1","1","1","0.34209999442100525","0.34209999442100525","0.34209999442100525","0.8445999622344971","0.8445999622344971","0.8445999622344971"
"10660","1","1","1","1","1","1","0.469899982213974","0.469899982213974","0.469899982213974","0.8694999814033508","0.8694999814033508","0.8694999814033508","1","1","1","1","1","1","0.45649999380111694","0.45649999380111694","0.45649999380111694","0.8628000020980835","0.8628000020980835","0.8628000020980835","1","1","1","1","1","1","0.3675999939441681","0.3675999939441681","0.3675999939441681","0.8432999849319458","0.8432999849319458","0.8432999849319458","1","1","1","1","1","1","0.3287000060081482","0.3287000060081482","0.3287000060081482","0.839199960231781","0.839199960231781","0.839199960231781","1","1","1","1","1","1","0.3392999768257141","0.3392999768257141","0.3392999768257141","0.8447999954223633","0.8447999954223633","0.8447999954223633"
"10671","1","1","1","1","1","1","0.47269999980926514","0.47269999980926514","0.47269999980926514","0.8687999844551086","0.8687999844551086","0.8687999844551086","1","1","1","1","1","1","0.45719999074935913","0.45719999074935913","0.45719999074935913","0.863599956035614","0.863599956035614","0.863599956035614","1","1","1","1","1","1","0.3659999966621399","0.3659999966621399","0.3659999966621399","0.8428999781608582","0.8428999781608582","0.8428999781608582","1","1","1","1","1","1","0.32909998297691345","0.32909998297691345","0.32909998297691345","0.8387999534606934","0.8387999534606934","0.8387999534606934","1","1","1","1","1","1","0.34610000252723694","0.34610000252723694","0.34610000252723694","0.8470999598503113","0.8470999598503113","0.8470999598503113"
"10682","1","1","1","1","1","1","0.4649999737739563","0.4649999737739563","0.4649999737739563","0.8675999641418457","0.8675999641418457","0.8675999641418457","1","1","1","1","1","1","0.4542999863624573","0.4542999863624573","0.4542999863624573","0.8616999983787537","0.8616999983787537","0.8616999983787537","1","1","1","1","1","1","0.36559998989105225","0.36559998989105225","0.36559998989105225","0.8427000045776367","0.8427000045776367","0.8427000045776367","1","1","1","1","1","1","0.32580000162124634","0.32580000162124634","0.32580000162124634","0.8387999534606934","0.8387999534606934","0.8387999534606934","1","1","1","1","1","1","0.3483999967575073","0.3483999967575073","0.3483999967575073","0.8456999659538269","0.8456999659538269","0.8456999659538269"
"10693","1","1","1","1","1","1","0.47699999809265137","0.47699999809265137","0.47699999809265137","0.8704999685287476","0.8704999685287476","0.8704999685287476","1","1","1","1","1","1","0.45399999618530273","0.45399999618530273","0.45399999618530273","0.8606999516487122","0.8606999516487122","0.8606999516487122","1","1","1","1","1","1","0.3643999993801117","0.3643999993801117","0.3643999993801117","0.8414999842643738","0.8414999842643738","0.8414999842643738","1","1","1","1","1","1","0.3237999975681305","0.3237999975681305","0.3237999975681305","0.8373000025749207","0.8373000025749207","0.8373000025749207","1","1","1","1","1","1","0.3391999900341034","0.3391999900341034","0.3391999900341034","0.8434999585151672","0.8434999585151672","0.8434999585151672"
"10704","1","1","1","1","1","1","0.47349998354911804","0.47349998354911804","0.47349998354911804","0.8686999678611755","0.8686999678611755","0.8686999678611755","1","1","1","1","1","1","0.44769999384880066","0.44769999384880066","0.44769999384880066","0.861299991607666","0.861299991607666","0.861299991607666","1","1","1","1","1","1","0.3700999915599823","0.3700999915599823","0.3700999915599823","0.8440999984741211","0.8440999984741211","0.8440999984741211","1","1","1","1","1","1","0.3247999846935272","0.3247999846935272","0.3247999846935272","0.8375999927520752","0.8375999927520752","0.8375999927520752","1","1","1","1","1","1","0.33719998598098755","0.33719998598098755","0.33719998598098755","0.8424999713897705","0.8424999713897705","0.8424999713897705"
"10715","1","1","1","1","1","1","0.4730999767780304","0.4730999767780304","0.4730999767780304","0.8693000078201294","0.8693000078201294","0.8693000078201294","1","1","1","1","1","1","0.4657999873161316","0.4657999873161316","0.4657999873161316","0.8648999929428101","0.8648999929428101","0.8648999929428101","1","1","1","1","1","1","0.3723999857902527","0.3723999857902527","0.3723999857902527","0.8438000082969666","0.8438000082969666","0.8438000082969666","1","1","1","1","1","1","0.32729998230934143","0.32729998230934143","0.32729998230934143","0.8391000032424927","0.8391000032424927","0.8391000032424927","1","1","1","1","1","1","0.3398999869823456","0.3398999869823456","0.3398999869823456","0.8438000082969666","0.8438000082969666","0.8438000082969666"
"10726","1","1","1","1","1","1","0.4702000021934509","0.4702000021934509","0.4702000021934509","0.8677999973297119","0.8677999973297119","0.8677999973297119","1","1","1","1","1","1","0.468099981546402","0.468099981546402","0.468099981546402","0.8652999997138977","0.8652999997138977","0.8652999997138977","1","1","1","1","1","1","0.37939998507499695","0.37939998507499695","0.37939998507499695","0.8453999757766724","0.8453999757766724","0.8453999757766724","1","1","1","1","1","1","0.3301999866962433","0.3301999866962433","0.3301999866962433","0.8394999504089355","0.8394999504089355","0.8394999504089355","1","1","1","1","1","1","0.3402999937534332","0.3402999937534332","0.3402999937534332","0.8441999554634094","0.8441999554634094","0.8441999554634094"
"10737","1","1","1","1","1","1","0.47529998421669006","0.47529998421669006","0.47529998421669006","0.8700000047683716","0.8700000047683716","0.8700000047683716","1","1","1","1","1","1","0.4732999801635742","0.4732999801635742","0.4732999801635742","0.8658999800682068","0.8658999800682068","0.8658999800682068","1","1","1","1","1","1","0.37469998002052307","0.37469998002052307","0.37469998002052307","0.8438999652862549","0.8438999652862549","0.8438999652862549","1","1","1","1","1","1","0.32839998602867126","0.32839998602867126","0.32839998602867126","0.8384000062942505","0.8384000062942505","0.8384000062942505","1","1","1","1","1","1","0.34049999713897705","0.34049999713897705","0.34049999713897705","0.8435999751091003","0.8435999751091003","0.8435999751091003"
"10748","1","1","1","1","1","1","0.469899982213974","0.469899982213974","0.469899982213974","0.8696999549865723","0.8696999549865723","0.8696999549865723","1","1","1","1","1","1","0.47859999537467957","0.47859999537467957","0.47859999537467957","0.8676999807357788","0.8676999807357788","0.8676999807357788","1","1","1","1","1","1","0.38040000200271606","0.38040000200271606","0.38040000200271606","0.8445000052452087","0.8445000052452087","0.8445000052452087","1","1","1","1","1","1","0.3260999917984009","0.3260999917984009","0.3260999917984009","0.8380999565124512","0.8380999565124512","0.8380999565124512","1","1","1","1","1","1","0.33480000495910645","0.33480000495910645","0.33480000495910645","0.8424999713897705","0.8424999713897705","0.8424999713897705"
"10759","1","1","1","1","1","1","0.47349998354911804","0.47349998354911804","0.47349998354911804","0.870199978351593","0.870199978351593","0.870199978351593","1","1","1","1","1","1","0.47349998354911804","0.47349998354911804","0.47349998354911804","0.868399977684021","0.868399977684021","0.868399977684021","1","1","1","1","1","1","0.3718999922275543","0.3718999922275543","0.3718999922275543","0.8454999923706055","0.8454999923706055","0.8454999923706055","1","1","1","1","1","1","0.32659998536109924","0.32659998536109924","0.32659998536109924","0.8381999731063843","0.8381999731063843","0.8381999731063843","1","1","1","1","1","1","0.33329999446868896","0.33329999446868896","0.33329999446868896","0.8423999547958374","0.8423999547958374","0.8423999547958374"
"10770","1","1","1","1","1","1","0.4713999927043915","0.4713999927043915","0.4713999927043915","0.8696999549865723","0.8696999549865723","0.8696999549865723","1","1","1","1","1","1","0.4705999791622162","0.4705999791622162","0.4705999791622162","0.8662999868392944","0.8662999868392944","0.8662999868392944","1","1","1","1","1","1","0.37869998812675476","0.37869998812675476","0.37869998812675476","0.8463999629020691","0.8463999629020691","0.8463999629020691","1","1","1","1","1","1","0.3261999785900116","0.3261999785900116","0.3261999785900116","0.8384000062942505","0.8384000062942505","0.8384000062942505","1","1","1","1","1","1","0.33719998598098755","0.33719998598098755","0.33719998598098755","0.8438999652862549","0.8438999652862549","0.8438999652862549"
"10781","1","1","1","1","1","1","0.47679999470710754","0.47679999470710754","0.47679999470710754","0.8705999851226807","0.8705999851226807","0.8705999851226807","1","1","1","1","1","1","0.47099998593330383","0.47099998593330383","0.47099998593330383","0.8672999739646912","0.8672999739646912","0.8672999739646912","1","1","1","1","1","1","0.37379997968673706","0.37379997968673706","0.37379997968673706","0.8458999991416931","0.8458999991416931","0.8458999991416931","1","1","1","1","1","1","0.337799996137619","0.337799996137619","0.337799996137619","0.8416000008583069","0.8416000008583069","0.8416000008583069","1","1","1","1","1","1","0.33959999680519104","0.33959999680519104","0.33959999680519104","0.8440999984741211","0.8440999984741211","0.8440999984741211"
"10792","1","1","1","1","1","1","0.4770999848842621","0.4770999848842621","0.4770999848842621","0.8707000017166138","0.8707000017166138","0.8707000017166138","1","1","1","1","1","1","0.47110000252723694","0.47110000252723694","0.47110000252723694","0.8673999905586243","0.8673999905586243","0.8673999905586243","1","1","1","1","1","1","0.3714999854564667","0.3714999854564667","0.3714999854564667","0.8459999561309814","0.8459999561309814","0.8459999561309814","1","1","1","1","1","1","0.32589998841285706","0.32589998841285706","0.32589998841285706","0.8374999761581421","0.8374999761581421","0.8374999761581421","1","1","1","1","1","1","0.3409000039100647","0.3409000039100647","0.3409000039100647","0.8452000021934509","0.8452000021934509","0.8452000021934509"
"10803","1","1","1","1","1","1","0.47909998893737793","0.47909998893737793","0.47909998893737793","0.8714999556541443","0.8714999556541443","0.8714999556541443","1","1","1","1","1","1","0.47189998626708984","0.47189998626708984","0.47189998626708984","0.8673999905586243","0.8673999905586243","0.8673999905586243","1","1","1","1","1","1","0.3700999915599823","0.3700999915599823","0.3700999915599823","0.8448999524116516","0.8448999524116516","0.8448999524116516","1","1","1","1","1","1","0.3346000015735626","0.3346000015735626","0.3346000015735626","0.8405999541282654","0.8405999541282654","0.8405999541282654","1","1","1","1","1","1","0.3391999900341034","0.3391999900341034","0.3391999900341034","0.8446999788284302","0.8446999788284302","0.8446999788284302"
"10814","1","1","1","1","1","1","0.48169997334480286","0.48169997334480286","0.48169997334480286","0.8733999729156494","0.8733999729156494","0.8733999729156494","1","1","1","1","1","1","0.48089998960494995","0.48089998960494995","0.48089998960494995","0.8684999942779541","0.8684999942779541","0.8684999942779541","1","1","1","1","1","1","0.3693999946117401","0.3693999946117401","0.3693999946117401","0.8455999493598938","0.8455999493598938","0.8455999493598938","1","1","1","1","1","1","0.3384000062942505","0.3384000062942505","0.3384000062942505","0.8394999504089355","0.8394999504089355","0.8394999504089355","1","1","1","1","1","1","0.3391999900341034","0.3391999900341034","0.3391999900341034","0.843999981880188","0.843999981880188","0.843999981880188"
"10825","1","1","1","1","1","1","0.48099997639656067","0.48099997639656067","0.48099997639656067","0.8722999691963196","0.8722999691963196","0.8722999691963196","1","1","1","1","1","1","0.47110000252723694","0.47110000252723694","0.47110000252723694","0.8664999604225159","0.8664999604225159","0.8664999604225159","1","1","1","1","1","1","0.369299978017807","0.369299978017807","0.369299978017807","0.8463000059127808","0.8463000059127808","0.8463000059127808","1","1","1","1","1","1","0.344899982213974","0.344899982213974","0.344899982213974","0.8414999842643738","0.8414999842643738","0.8414999842643738","1","1","1","1","1","1","0.3400999903678894","0.3400999903678894","0.3400999903678894","0.8453999757766724","0.8453999757766724","0.8453999757766724"
"10836","1","1","1","1","1","1","0.47540000081062317","0.47540000081062317","0.47540000081062317","0.8712999820709229","0.8712999820709229","0.8712999820709229","1","1","1","1","1","1","0.47450000047683716","0.47450000047683716","0.47450000047683716","0.8668999671936035","0.8668999671936035","0.8668999671936035","1","1","1","1","1","1","0.368399977684021","0.368399977684021","0.368399977684021","0.8447999954223633","0.8447999954223633","0.8447999954223633","1","1","1","1","1","1","0.33820000290870667","0.33820000290870667","0.33820000290870667","0.8393999934196472","0.8393999934196472","0.8393999934196472","1","1","1","1","1","1","0.3312000036239624","0.3312000036239624","0.3312000036239624","0.842199981212616","0.842199981212616","0.842199981212616"
"10847","1","1","1","1","1","1","0.47519999742507935","0.47519999742507935","0.47519999742507935","0.8715999722480774","0.8715999722480774","0.8715999722480774","1","1","1","1","1","1","0.47519999742507935","0.47519999742507935","0.47519999742507935","0.8667999505996704","0.8667999505996704","0.8667999505996704","1","1","1","1","1","1","0.3643999993801117","0.3643999993801117","0.3643999993801117","0.8429999947547913","0.8429999947547913","0.8429999947547913","1","1","1","1","1","1","0.32909998297691345","0.32909998297691345","0.32909998297691345","0.8381999731063843","0.8381999731063843","0.8381999731063843","1","1","1","1","1","1","0.32899999618530273","0.32899999618530273","0.32899999618530273","0.8435999751091003","0.8435999751091003","0.8435999751091003"
"10858","1","1","1","1","1","1","0.471699982881546","0.471699982881546","0.471699982881546","0.8698999881744385","0.8698999881744385","0.8698999881744385","1","1","1","1","1","1","0.47679999470710754","0.47679999470710754","0.47679999470710754","0.8685999512672424","0.8685999512672424","0.8685999512672424","1","1","1","1","1","1","0.35999998450279236","0.35999998450279236","0.35999998450279236","0.8420999646186829","0.8420999646186829","0.8420999646186829","1","1","1","1","1","1","0.3330000042915344","0.3330000042915344","0.3330000042915344","0.8388999700546265","0.8388999700546265","0.8388999700546265","1","1","1","1","1","1","0.3253999948501587","0.3253999948501587","0.3253999948501587","0.8416000008583069","0.8416000008583069","0.8416000008583069"
"10869","1","1","1","1","1","1","0.4746999740600586","0.4746999740600586","0.4746999740600586","0.8705999851226807","0.8705999851226807","0.8705999851226807","1","1","1","1","1","1","0.47749999165534973","0.47749999165534973","0.47749999165534973","0.8684999942779541","0.8684999942779541","0.8684999942779541","1","1","1","1","1","1","0.36559998989105225","0.36559998989105225","0.36559998989105225","0.8448999524116516","0.8448999524116516","0.8448999524116516","1","1","1","1","1","1","0.3310000002384186","0.3310000002384186","0.3310000002384186","0.8377999663352966","0.8377999663352966","0.8377999663352966","1","1","1","1","1","1","0.32909998297691345","0.32909998297691345","0.32909998297691345","0.8411999940872192","0.8411999940872192","0.8411999940872192"
"10880","1","1","1","1","1","1","0.4700999855995178","0.4700999855995178","0.4700999855995178","0.8693000078201294","0.8693000078201294","0.8693000078201294","1","1","1","1","1","1","0.4755999743938446","0.4755999743938446","0.4755999743938446","0.8678999543190002","0.8678999543190002","0.8678999543190002","1","1","1","1","1","1","0.36010000109672546","0.36010000109672546","0.36010000109672546","0.8427000045776367","0.8427000045776367","0.8427000045776367","1","1","1","1","1","1","0.3255999982357025","0.3255999982357025","0.3255999982357025","0.8363999724388123","0.8363999724388123","0.8363999724388123","1","1","1","1","1","1","0.3270999789237976","0.3270999789237976","0.3270999789237976","0.8425999879837036","0.8425999879837036","0.8425999879837036"
"10891","1","1","1","1","1","1","0.4722999930381775","0.4722999930381775","0.4722999930381775","0.870199978351593","0.870199978351593","0.870199978351593","1","1","1","1","1","1","0.484499990940094","0.484499990940094","0.484499990940094","0.8711999654769897","0.8711999654769897","0.8711999654769897","1","1","1","1","1","1","0.35989999771118164","0.35989999771118164","0.35989999771118164","0.8424999713897705","0.8424999713897705","0.8424999713897705","1","1","1","1","1","1","0.322299987077713","0.322299987077713","0.322299987077713","0.8359999656677246","0.8359999656677246","0.8359999656677246","1","1","1","1","1","1","0.3238999843597412","0.3238999843597412","0.3238999843597412","0.8414999842643738","0.8414999842643738","0.8414999842643738"
"10902","1","1","1","1","1","1","0.4664999842643738","0.4664999842643738","0.4664999842643738","0.8676999807357788","0.8676999807357788","0.8676999807357788","1","1","1","1","1","1","0.4869000017642975","0.4869000017642975","0.4869000017642975","0.8712999820709229","0.8712999820709229","0.8712999820709229","1","1","1","1","1","1","0.3668999969959259","0.3668999969959259","0.3668999969959259","0.843999981880188","0.843999981880188","0.843999981880188","1","1","1","1","1","1","0.31929999589920044","0.31929999589920044","0.31929999589920044","0.8353999853134155","0.8353999853134155","0.8353999853134155","1","1","1","1","1","1","0.3308999836444855","0.3308999836444855","0.3308999836444855","0.8427000045776367","0.8427000045776367","0.8427000045776367"
"10913","1","1","1","1","1","1","0.4684999883174896","0.4684999883174896","0.4684999883174896","0.8689000010490417","0.8689000010490417","0.8689000010490417","1","1","1","1","1","1","0.4887000024318695","0.4887000024318695","0.4887000024318695","0.8710999488830566","0.8710999488830566","0.8710999488830566","1","1","1","1","1","1","0.36739999055862427","0.36739999055862427","0.36739999055862427","0.8435999751091003","0.8435999751091003","0.8435999751091003","1","1","1","1","1","1","0.32909998297691345","0.32909998297691345","0.32909998297691345","0.837399959564209","0.837399959564209","0.837399959564209","1","1","1","1","1","1","0.33239999413490295","0.33239999413490295","0.33239999413490295","0.8424999713897705","0.8424999713897705","0.8424999713897705"
"10924","1","1","1","1","1","1","0.4682999849319458","0.4682999849319458","0.4682999849319458","0.8685999512672424","0.8685999512672424","0.8685999512672424","1","1","1","1","1","1","0.47589999437332153","0.47589999437332153","0.47589999437332153","0.8684999942779541","0.8684999942779541","0.8684999942779541","1","1","1","1","1","1","0.36649999022483826","0.36649999022483826","0.36649999022483826","0.8435999751091003","0.8435999751091003","0.8435999751091003","1","1","1","1","1","1","0.32760000228881836","0.32760000228881836","0.32760000228881836","0.8366999626159668","0.8366999626159668","0.8366999626159668","1","1","1","1","1","1","0.3220999836921692","0.3220999836921692","0.3220999836921692","0.8406999707221985","0.8406999707221985","0.8406999707221985"
"10935","1","1","1","1","1","1","0.46799999475479126","0.46799999475479126","0.46799999475479126","0.8689999580383301","0.8689999580383301","0.8689999580383301","1","1","1","1","1","1","0.4917999804019928","0.4917999804019928","0.4917999804019928","0.871999979019165","0.871999979019165","0.871999979019165","1","1","1","1","1","1","0.36229997873306274","0.36229997873306274","0.36229997873306274","0.8428999781608582","0.8428999781608582","0.8428999781608582","1","1","1","1","1","1","0.3157999813556671","0.3157999813556671","0.3157999813556671","0.8344999551773071","0.8344999551773071","0.8344999551773071","1","1","1","1","1","1","0.3203999996185303","0.3203999996185303","0.3203999996185303","0.8389999866485596","0.8389999866485596","0.8389999866485596"
"10946","1","1","1","1","1","1","0.4651999771595001","0.4651999771595001","0.4651999771595001","0.8675999641418457","0.8675999641418457","0.8675999641418457","1","1","1","1","1","1","0.4883999824523926","0.4883999824523926","0.4883999824523926","0.8716999888420105","0.8716999888420105","0.8716999888420105","1","1","1","1","1","1","0.3626999855041504","0.3626999855041504","0.3626999855041504","0.8432999849319458","0.8432999849319458","0.8432999849319458","1","1","1","1","1","1","0.3227999806404114","0.3227999806404114","0.3227999806404114","0.8364999890327454","0.8364999890327454","0.8364999890327454","1","1","1","1","1","1","0.31939998269081116","0.31939998269081116","0.31939998269081116","0.8389999866485596","0.8389999866485596","0.8389999866485596"
"10957","1","1","1","1","1","1","0.4599999785423279","0.4599999785423279","0.4599999785423279","0.8672999739646912","0.8672999739646912","0.8672999739646912","1","1","1","1","1","1","0.48069998621940613","0.48069998621940613","0.48069998621940613","0.8709999918937683","0.8709999918937683","0.8709999918937683","1","1","1","1","1","1","0.3628000020980835","0.3628000020980835","0.3628000020980835","0.8432999849319458","0.8432999849319458","0.8432999849319458","1","1","1","1","1","1","0.3147999942302704","0.3147999942302704","0.3147999942302704","0.8353999853134155","0.8353999853134155","0.8353999853134155","1","1","1","1","1","1","0.313400000333786","0.313400000333786","0.313400000333786","0.8388999700546265","0.8388999700546265","0.8388999700546265"
"10968","1","1","1","1","1","1","0.46140000224113464","0.46140000224113464","0.46140000224113464","0.8684999942779541","0.8684999942779541","0.8684999942779541","1","1","1","1","1","1","0.468099981546402","0.468099981546402","0.468099981546402","0.8684999942779541","0.8684999942779541","0.8684999942779541","1","1","1","1","1","1","0.36980000138282776","0.36980000138282776","0.36980000138282776","0.8438999652862549","0.8438999652862549","0.8438999652862549","1","1","1","1","1","1","0.3252999782562256","0.3252999782562256","0.3252999782562256","0.8371999859809875","0.8371999859809875","0.8371999859809875","1","1","1","1","1","1","0.32199999690055847","0.32199999690055847","0.32199999690055847","0.8405999541282654","0.8405999541282654","0.8405999541282654"
"10979","1","1","1","1","1","1","0.4615999758243561","0.4615999758243561","0.4615999758243561","0.8684999942779541","0.8684999942779541","0.8684999942779541","1","1","1","1","1","1","0.46779999136924744","0.46779999136924744","0.46779999136924744","0.8675999641418457","0.8675999641418457","0.8675999641418457","1","1","1","1","1","1","0.37139999866485596","0.37139999866485596","0.37139999866485596","0.8449999690055847","0.8449999690055847","0.8449999690055847","1","1","1","1","1","1","0.3227999806404114","0.3227999806404114","0.3227999806404114","0.8361999988555908","0.8361999988555908","0.8361999988555908","1","1","1","1","1","1","0.3179999887943268","0.3179999887943268","0.3179999887943268","0.8388999700546265","0.8388999700546265","0.8388999700546265"
"10990","1","1","1","1","1","1","0.46309998631477356","0.46309998631477356","0.46309998631477356","0.8684999942779541","0.8684999942779541","0.8684999942779541","1","1","1","1","1","1","0.4667999744415283","0.4667999744415283","0.4667999744415283","0.8669999837875366","0.8669999837875366","0.8669999837875366","1","1","1","1","1","1","0.3671000003814697","0.3671000003814697","0.3671000003814697","0.8438999652862549","0.8438999652862549","0.8438999652862549","1","1","1","1","1","1","0.32089999318122864","0.32089999318122864","0.32089999318122864","0.8355000019073486","0.8355000019073486","0.8355000019073486","1","1","1","1","1","1","0.3158999979496002","0.3158999979496002","0.3158999979496002","0.8380999565124512","0.8380999565124512","0.8380999565124512"