"Step","Readout, K=512, L=32, p_B=0.0, p_C=1.0, B=4, eps=0 - ic1_acc","Readout, K=512, L=32, p_B=0.0, p_C=1.0, B=4, eps=0 - ic1_acc__MIN","Readout, K=512, L=32, p_B=0.0, p_C=1.0, B=4, eps=0 - ic1_acc__MAX","Readout, K=512, L=32, p_B=0.0, p_C=1.0, B=4, eps=0 - ic2_acc","Readout, K=512, L=32, p_B=0.0, p_C=1.0, B=4, eps=0 - ic2_acc__MIN","Readout, K=512, L=32, p_B=0.0, p_C=1.0, B=4, eps=0 - ic2_acc__MAX","Readout, K=512, L=32, p_B=0.0, p_C=1.0, B=4, eps=0 - iw_acc","Readout, K=512, L=32, p_B=0.0, p_C=1.0, B=4, eps=0 - iw_acc__MIN","Readout, K=512, L=32, p_B=0.0, p_C=1.0, B=4, eps=0 - iw_acc__MAX","Readout, K=512, L=32, p_B=0.0, p_C=1.0, B=4, eps=0 - test_acc","Readout, K=512, L=32, p_B=0.0, p_C=1.0, B=4, eps=0 - test_acc__MIN","Readout, K=512, L=32, p_B=0.0, p_C=1.0, B=4, eps=0 - test_acc__MAX","Readout, K=512, L=32, p_B=1.0, p_C=0.0, B=4, eps=0 - ic1_acc","Readout, K=512, L=32, p_B=1.0, p_C=0.0, B=4, eps=0 - ic1_acc__MIN","Readout, K=512, L=32, p_B=1.0, p_C=0.0, B=4, eps=0 - ic1_acc__MAX","Readout, K=512, L=32, p_B=1.0, p_C=0.0, B=4, eps=0 - ic2_acc","Readout, K=512, L=32, p_B=1.0, p_C=0.0, B=4, eps=0 - ic2_acc__MIN","Readout, K=512, L=32, p_B=1.0, p_C=0.0, B=4, eps=0 - ic2_acc__MAX","Readout, K=512, L=32, p_B=1.0, p_C=0.0, B=4, eps=0 - iw_acc","Readout, K=512, L=32, p_B=1.0, p_C=0.0, B=4, eps=0 - iw_acc__MIN","Readout, K=512, L=32, p_B=1.0, p_C=0.0, B=4, eps=0 - iw_acc__MAX","Readout, K=512, L=32, p_B=1.0, p_C=0.0, B=4, eps=0 - test_acc","Readout, K=512, L=32, p_B=1.0, p_C=0.0, B=4, eps=0 - test_acc__MIN","Readout, K=512, L=32, p_B=1.0, p_C=0.0, B=4, eps=0 - test_acc__MAX","Readout, K=512, L=32, p_B=0.25, p_C=0.25, B=4, eps=0 - ic1_acc","Readout, K=512, L=32, p_B=0.25, p_C=0.25, B=4, eps=0 - ic1_acc__MIN","Readout, K=512, L=32, p_B=0.25, p_C=0.25, B=4, eps=0 - ic1_acc__MAX","Readout, K=512, L=32, p_B=0.25, p_C=0.25, B=4, eps=0 - ic2_acc","Readout, K=512, L=32, p_B=0.25, p_C=0.25, B=4, eps=0 - ic2_acc__MIN","Readout, K=512, L=32, p_B=0.25, p_C=0.25, B=4, eps=0 - ic2_acc__MAX","Readout, K=512, L=32, p_B=0.25, p_C=0.25, B=4, eps=0 - iw_acc","Readout, K=512, L=32, p_B=0.25, p_C=0.25, B=4, eps=0 - iw_acc__MIN","Readout, K=512, L=32, p_B=0.25, p_C=0.25, B=4, eps=0 - iw_acc__MAX","Readout, K=512, L=32, p_B=0.25, p_C=0.25, B=4, eps=0 - test_acc","Readout, K=512, L=32, p_B=0.25, p_C=0.25, B=4, eps=0 - test_acc__MIN","Readout, K=512, L=32, p_B=0.25, p_C=0.25, B=4, eps=0 - test_acc__MAX","Readout, K=512, L=32, p_B=0.5, p_C=0.5, B=4, eps=0 - ic1_acc","Readout, K=512, L=32, p_B=0.5, p_C=0.5, B=4, eps=0 - ic1_acc__MIN","Readout, K=512, L=32, p_B=0.5, p_C=0.5, B=4, eps=0 - ic1_acc__MAX","Readout, K=512, L=32, p_B=0.5, p_C=0.5, B=4, eps=0 - ic2_acc","Readout, K=512, L=32, p_B=0.5, p_C=0.5, B=4, eps=0 - ic2_acc__MIN","Readout, K=512, L=32, p_B=0.5, p_C=0.5, B=4, eps=0 - ic2_acc__MAX","Readout, K=512, L=32, p_B=0.5, p_C=0.5, B=4, eps=0 - iw_acc","Readout, K=512, L=32, p_B=0.5, p_C=0.5, B=4, eps=0 - iw_acc__MIN","Readout, K=512, L=32, p_B=0.5, p_C=0.5, B=4, eps=0 - iw_acc__MAX","Readout, K=512, L=32, p_B=0.5, p_C=0.5, B=4, eps=0 - test_acc","Readout, K=512, L=32, p_B=0.5, p_C=0.5, B=4, eps=0 - test_acc__MIN","Readout, K=512, L=32, p_B=0.5, p_C=0.5, B=4, eps=0 - test_acc__MAX","Readout, K=512, L=32, p_B=0.75, p_C=0.25, B=4, eps=0 - ic1_acc","Readout, K=512, L=32, p_B=0.75, p_C=0.25, B=4, eps=0 - ic1_acc__MIN","Readout, K=512, L=32, p_B=0.75, p_C=0.25, B=4, eps=0 - ic1_acc__MAX","Readout, K=512, L=32, p_B=0.75, p_C=0.25, B=4, eps=0 - ic2_acc","Readout, K=512, L=32, p_B=0.75, p_C=0.25, B=4, eps=0 - ic2_acc__MIN","Readout, K=512, L=32, p_B=0.75, p_C=0.25, B=4, eps=0 - ic2_acc__MAX","Readout, K=512, L=32, p_B=0.75, p_C=0.25, B=4, eps=0 - iw_acc","Readout, K=512, L=32, p_B=0.75, p_C=0.25, B=4, eps=0 - iw_acc__MIN","Readout, K=512, L=32, p_B=0.75, p_C=0.25, B=4, eps=0 - iw_acc__MAX","Readout, K=512, L=32, p_B=0.75, p_C=0.25, B=4, eps=0 - test_acc","Readout, K=512, L=32, p_B=0.75, p_C=0.25, B=4, eps=0 - test_acc__MIN","Readout, K=512, L=32, p_B=0.75, p_C=0.25, B=4, eps=0 - test_acc__MAX","Readout, K=512, L=32, p_B=0.25, p_C=0.75, B=4, eps=0 - ic1_acc","Readout, K=512, L=32, p_B=0.25, p_C=0.75, B=4, eps=0 - ic1_acc__MIN","Readout, K=512, L=32, p_B=0.25, p_C=0.75, B=4, eps=0 - ic1_acc__MAX","Readout, K=512, L=32, p_B=0.25, p_C=0.75, B=4, eps=0 - ic2_acc","Readout, K=512, L=32, p_B=0.25, p_C=0.75, B=4, eps=0 - ic2_acc__MIN","Readout, K=512, L=32, p_B=0.25, p_C=0.75, B=4, eps=0 - ic2_acc__MAX","Readout, K=512, L=32, p_B=0.25, p_C=0.75, B=4, eps=0 - iw_acc","Readout, K=512, L=32, p_B=0.25, p_C=0.75, B=4, eps=0 - iw_acc__MIN","Readout, K=512, L=32, p_B=0.25, p_C=0.75, B=4, eps=0 - iw_acc__MAX","Readout, K=512, L=32, p_B=0.25, p_C=0.75, B=4, eps=0 - test_acc","Readout, K=512, L=32, p_B=0.25, p_C=0.75, B=4, eps=0 - test_acc__MIN","Readout, K=512, L=32, p_B=0.25, p_C=0.75, B=4, eps=0 - test_acc__MAX","Readout, K=512, L=32, p_B=1.0, p_C=1.0, B=4, eps=0 - ic1_acc","Readout, K=512, L=32, p_B=1.0, p_C=1.0, B=4, eps=0 - ic1_acc__MIN","Readout, K=512, L=32, p_B=1.0, p_C=1.0, B=4, eps=0 - ic1_acc__MAX","Readout, K=512, L=32, p_B=1.0, p_C=1.0, B=4, eps=0 - ic2_acc","Readout, K=512, L=32, p_B=1.0, p_C=1.0, B=4, eps=0 - ic2_acc__MIN","Readout, K=512, L=32, p_B=1.0, p_C=1.0, B=4, eps=0 - ic2_acc__MAX","Readout, K=512, L=32, p_B=1.0, p_C=1.0, B=4, eps=0 - iw_acc","Readout, K=512, L=32, p_B=1.0, p_C=1.0, B=4, eps=0 - iw_acc__MIN","Readout, K=512, L=32, p_B=1.0, p_C=1.0, B=4, eps=0 - iw_acc__MAX","Readout, K=512, L=32, p_B=1.0, p_C=1.0, B=4, eps=0 - test_acc","Readout, K=512, L=32, p_B=1.0, p_C=1.0, B=4, eps=0 - test_acc__MIN","Readout, K=512, L=32, p_B=1.0, p_C=1.0, B=4, eps=0 - test_acc__MAX"
"1","0.07169999927282333","0.07169999927282333","0.07169999927282333","0.07539999485015869","0.07539999485015869","0.07539999485015869","0.031099999323487282","0.031099999323487282","0.031099999323487282","0.08579999953508377","0.08579999953508377","0.08579999953508377","0.0737999975681305","0.0737999975681305","0.0737999975681305","0.0802999958395958","0.0802999958395958","0.0802999958395958","0.034299999475479126","0.034299999475479126","0.034299999475479126","0.07800000160932541","0.07800000160932541","0.07800000160932541","0.04359999857842922","0.03720000013709068","0.04999999701976776","0.05374999903142452","0.04859999939799309","0.05889999866485596","0.03309999871999025","0.031099999323487282","0.035099998116493225","0.03684999980032444","0.034699998795986176","0.039000000804662704","0.0823499970138073","0.06599999964237213","0.09869999438524246","0.07114999741315842","0.04959999769926071","0.09269999712705612","0.03264999948441982","0.032099999487400055","0.03319999948143959","0.06485000066459179","0.05040000006556511","0.07930000126361847","0.0731000006198883","0.0731000006198883","0.0731000006198883","0.07899999618530273","0.07899999618530273","0.07899999618530273","0.030899999663233757","0.030899999663233757","0.030899999663233757","0.06369999796152115","0.06369999796152115","0.06369999796152115","0.05869999900460243","0.05869999900460243","0.05869999900460243","0.055799998342990875","0.055799998342990875","0.055799998342990875","0.029500000178813934","0.029500000178813934","0.029500000178813934","0.06669999659061432","0.06669999659061432","0.06669999659061432","0.08829999715089798","0.08829999715089798","0.08829999715089798","0.07750000059604645","0.07750000059604645","0.07750000059604645","0.03150000050663948","0.03150000050663948","0.03150000050663948","0.0714000016450882","0.0714000016450882","0.0714000016450882"
"12","0.44859999418258667","0.44859999418258667","0.44859999418258667","0.46769997477531433","0.46769997477531433","0.46769997477531433","0.031700000166893005","0.031700000166893005","0.031700000166893005","0.45809999108314514","0.45809999108314514","0.45809999108314514","0.48259997367858887","0.48259997367858887","0.48259997367858887","0.4966000020503998","0.4966000020503998","0.4966000020503998","0.03439999744296074","0.03439999744296074","0.03439999744296074","0.5185999870300293","0.5185999870300293","0.5185999870300293","0.2350499927997589","0.2329999953508377","0.23709999024868011","0.24809999018907547","0.2449999898672104","0.25119999051094055","0.036099998280406","0.03579999879002571","0.036399997770786285","0.1351499930024147","0.12709999084472656","0.14319999516010284","0.3870999962091446","0.3610999882221222","0.413100004196167","0.38099998235702515","0.369299978017807","0.3926999866962433","0.03464999794960022","0.032899998128414154","0.036399997770786285","0.29749999940395355","0.29089999198913574","0.30410000681877136","0.4519999921321869","0.4519999921321869","0.4519999921321869","0.4487999975681305","0.4487999975681305","0.4487999975681305","0.03439999744296074","0.03439999744296074","0.03439999744296074","0.39980000257492065","0.39980000257492065","0.39980000257492065","0.42409998178482056","0.42409998178482056","0.42409998178482056","0.41509997844696045","0.41509997844696045","0.41509997844696045","0.0340999998152256","0.0340999998152256","0.0340999998152256","0.3474999964237213","0.3474999964237213","0.3474999964237213","0.5123999714851379","0.5123999714851379","0.5123999714851379","0.48649999499320984","0.48649999499320984","0.48649999499320984","0.03370000049471855","0.03370000049471855","0.03370000049471855","0.4838999807834625","0.4838999807834625","0.4838999807834625"
"23","0.5356000065803528","0.5356000065803528","0.5356000065803528","0.5532999634742737","0.5532999634742737","0.5532999634742737","0.03449999913573265","0.03449999913573265","0.03449999913573265","0.545199990272522","0.545199990272522","0.545199990272522","0.5771999955177307","0.5771999955177307","0.5771999955177307","0.5907999873161316","0.5907999873161316","0.5907999873161316","0.03629999980330467","0.03629999980330467","0.03629999980330467","0.6096999645233154","0.6096999645233154","0.6096999645233154","0.3430500030517578","0.32510000467300415","0.3610000014305115","0.3619999885559082","0.36039999127388","0.3635999858379364","0.036399997770786285","0.03619999811053276","0.03659999743103981","0.1922999992966652","0.18639999628067017","0.19820000231266022","0.5072499811649323","0.49709999561309814","0.5173999667167664","0.504399985074997","0.5013999938964844","0.5073999762535095","0.037299999967217445","0.0364999994635582","0.038100000470876694","0.3956499844789505","0.39389997720718384","0.39739999175071716","0.5105999708175659","0.5105999708175659","0.5105999708175659","0.5203999876976013","0.5203999876976013","0.5203999876976013","0.0357000008225441","0.0357000008225441","0.0357000008225441","0.4499000012874603","0.4499000012874603","0.4499000012874603","0.5174999833106995","0.5174999833106995","0.5174999833106995","0.5087000131607056","0.5087000131607056","0.5087000131607056","0.030299998819828033","0.030299998819828033","0.030299998819828033","0.41509997844696045","0.41509997844696045","0.41509997844696045","0.5748999714851379","0.5748999714851379","0.5748999714851379","0.5699999928474426","0.5699999928474426","0.5699999928474426","0.033799998462200165","0.033799998462200165","0.033799998462200165","0.5634999871253967","0.5634999871253967","0.5634999871253967"
"34","0.7699999809265137","0.7699999809265137","0.7699999809265137","0.7815999984741211","0.7815999984741211","0.7815999984741211","0.034699998795986176","0.034699998795986176","0.034699998795986176","0.7694000005722046","0.7694000005722046","0.7694000005722046","0.7925999760627747","0.7925999760627747","0.7925999760627747","0.8242999911308289","0.8242999911308289","0.8242999911308289","0.04050000011920929","0.04050000011920929","0.04050000011920929","0.8432999849319458","0.8432999849319458","0.8432999849319458","0.4458499848842621","0.44419997930526733","0.44749999046325684","0.45194999873638153","0.4499000012874603","0.45399999618530273","0.03824999928474426","0.03799999877810478","0.03849999979138374","0.23399998992681503","0.23169998824596405","0.23629999160766602","0.5959499776363373","0.5938999652862549","0.5979999899864197","0.5961999893188477","0.5867999792098999","0.6055999994277954","0.038999998942017555","0.038599997758865356","0.039400000125169754","0.46479998528957367","0.45799997448921204","0.4715999960899353","0.6144999861717224","0.6144999861717224","0.6144999861717224","0.6275999546051025","0.6275999546051025","0.6275999546051025","0.03689999878406525","0.03689999878406525","0.03689999878406525","0.5410999655723572","0.5410999655723572","0.5410999655723572","0.608299970626831","0.608299970626831","0.608299970626831","0.6207000017166138","0.6207000017166138","0.6207000017166138","0.03359999880194664","0.03359999880194664","0.03359999880194664","0.5142999887466431","0.5142999887466431","0.5142999887466431","0.8115999698638916","0.8115999698638916","0.8115999698638916","0.809499979019165","0.809499979019165","0.809499979019165","0.03680000081658363","0.03680000081658363","0.03680000081658363","0.8078999519348145","0.8078999519348145","0.8078999519348145"
"45","0.9684000015258789","0.9684000015258789","0.9684000015258789","0.9702999591827393","0.9702999591827393","0.9702999591827393","0.041999999433755875","0.041999999433755875","0.041999999433755875","0.9704999923706055","0.9704999923706055","0.9704999923706055","0.9627999663352966","0.9627999663352966","0.9627999663352966","0.9714999794960022","0.9714999794960022","0.9714999794960022","0.04569999873638153","0.04569999873638153","0.04569999873638153","0.9827999472618103","0.9827999472618103","0.9827999472618103","0.472149983048439","0.46879997849464417","0.4754999876022339","0.48819999396800995","0.48809999227523804","0.48829999566078186","0.03914999961853027","0.03909999877214432","0.03920000046491623","0.2522999867796898","0.2458999902009964","0.2586999833583832","0.790149986743927","0.7849000096321106","0.7953999638557434","0.7974499762058258","0.7877999544143677","0.8070999979972839","0.0429999977350235","0.04209999740123749","0.04389999806880951","0.6093499660491943","0.6057999730110168","0.6128999590873718","0.8465999960899353","0.8465999960899353","0.8465999960899353","0.8669999837875366","0.8669999837875366","0.8669999837875366","0.045499999076128006","0.045499999076128006","0.045499999076128006","0.7282999753952026","0.7282999753952026","0.7282999753952026","0.8331999778747559","0.8331999778747559","0.8331999778747559","0.8458999991416931","0.8458999991416931","0.8458999991416931","0.038100000470876694","0.038100000470876694","0.038100000470876694","0.685699999332428","0.685699999332428","0.685699999332428","0.9837999939918518","0.9837999939918518","0.9837999939918518","0.9805999994277954","0.9805999994277954","0.9805999994277954","0.04309999942779541","0.04309999942779541","0.04309999942779541","0.9795999526977539","0.9795999526977539","0.9795999526977539"
"56","0.9965999722480774","0.9965999722480774","0.9965999722480774","0.9972999691963196","0.9972999691963196","0.9972999691963196","0.045499999076128006","0.045499999076128006","0.045499999076128006","0.9964999556541443","0.9964999556541443","0.9964999556541443","0.9924999475479126","0.9924999475479126","0.9924999475479126","0.9961999654769897","0.9961999654769897","0.9961999654769897","0.04649999737739563","0.04649999737739563","0.04649999737739563","0.9973999857902527","0.9973999857902527","0.9973999857902527","0.5402500033378601","0.5306000113487244","0.5498999953269958","0.5581499636173248","0.5500999689102173","0.5661999583244324","0.04249999858438969","0.041099999099969864","0.04389999806880951","0.28609998524188995","0.28279998898506165","0.28939998149871826","0.9441999793052673","0.939300000667572","0.9490999579429626","0.94964998960495","0.9440000057220459","0.955299973487854","0.05034999921917915","0.04939999803900719","0.05130000039935112","0.723499983549118","0.7209999561309814","0.7260000109672546","0.9734999537467957","0.9734999537467957","0.9734999537467957","0.9809999465942383","0.9809999465942383","0.9809999465942383","0.04829999804496765","0.04829999804496765","0.04829999804496765","0.8102999925613403","0.8102999925613403","0.8102999925613403","0.9649999737739563","0.9649999737739563","0.9649999737739563","0.9702999591827393","0.9702999591827393","0.9702999591827393","0.042899999767541885","0.042899999767541885","0.042899999767541885","0.7911999821662903","0.7911999821662903","0.7911999821662903","0.9993000030517578","0.9993000030517578","0.9993000030517578","0.9970999956130981","0.9970999956130981","0.9970999956130981","0.044599998742341995","0.044599998742341995","0.044599998742341995","0.9967999458312988","0.9967999458312988","0.9967999458312988"
"67","0.9989999532699585","0.9989999532699585","0.9989999532699585","0.9993999600410461","0.9993999600410461","0.9993999600410461","0.04609999805688858","0.04609999805688858","0.04609999805688858","0.9995999932289124","0.9995999932289124","0.9995999932289124","0.9973999857902527","0.9973999857902527","0.9973999857902527","0.9982999563217163","0.9982999563217163","0.9982999563217163","0.046299997717142105","0.046299997717142105","0.046299997717142105","0.9993000030517578","0.9993000030517578","0.9993000030517578","0.6143499910831451","0.5846999883651733","0.6439999938011169","0.6388499736785889","0.6033999919891357","0.674299955368042","0.04924999922513962","0.04569999873638153","0.052799999713897705","0.3239999860525131","0.31189998984336853","0.3360999822616577","0.989799976348877","0.9887999892234802","0.9907999634742737","0.9902499914169312","0.9901999831199646","0.9902999997138977","0.05360000021755695","0.05260000005364418","0.05460000038146973","0.7563999593257904","0.7561999559402466","0.7565999627113342","0.9898999929428101","0.9898999929428101","0.9898999929428101","0.9921999573707581","0.9921999573707581","0.9921999573707581","0.054899998009204865","0.054899998009204865","0.054899998009204865","0.8227999806404114","0.8227999806404114","0.8227999806404114","0.9937999844551086","0.9937999844551086","0.9937999844551086","0.9957000017166138","0.9957000017166138","0.9957000017166138","0.04470000043511391","0.04470000043511391","0.04470000043511391","0.8161999583244324","0.8161999583244324","0.8161999583244324","0.9997999668121338","0.9997999668121338","0.9997999668121338","0.9991999864578247","0.9991999864578247","0.9991999864578247","0.0429999977350235","0.0429999977350235","0.0429999977350235","0.9997999668121338","0.9997999668121338","0.9997999668121338"
"78","0.9998999834060669","0.9998999834060669","0.9998999834060669","0.9997999668121338","0.9997999668121338","0.9997999668121338","0.045499999076128006","0.045499999076128006","0.045499999076128006","0.9997999668121338","0.9997999668121338","0.9997999668121338","0.9989999532699585","0.9989999532699585","0.9989999532699585","0.9993999600410461","0.9993999600410461","0.9993999600410461","0.0471000000834465","0.0471000000834465","0.0471000000834465","1","1","1","0.7541499733924866","0.7428999543190002","0.7653999924659729","0.7857999801635742","0.7717999815940857","0.7997999787330627","0.05849999934434891","0.0551999993622303","0.061799999326467514","0.38429999351501465","0.3775999844074249","0.39100000262260437","0.9931999742984772","0.9894999861717224","0.9968999624252319","0.9948999881744385","0.993399977684021","0.996399998664856","0.06254999712109566","0.060999996960163116","0.0640999972820282","0.7623499929904938","0.7610999941825867","0.7635999917984009","0.9976999759674072","0.9976999759674072","0.9976999759674072","0.9985999464988708","0.9985999464988708","0.9985999464988708","0.06019999831914902","0.06019999831914902","0.06019999831914902","0.8273999691009521","0.8273999691009521","0.8273999691009521","0.9971999526023865","0.9971999526023865","0.9971999526023865","0.9979999661445618","0.9979999661445618","0.9979999661445618","0.048499997705221176","0.048499997705221176","0.048499997705221176","0.8183000087738037","0.8183000087738037","0.8183000087738037","0.9997999668121338","0.9997999668121338","0.9997999668121338","0.9993999600410461","0.9993999600410461","0.9993999600410461","0.04609999805688858","0.04609999805688858","0.04609999805688858","1","1","1"
"89","0.9998999834060669","0.9998999834060669","0.9998999834060669","0.9998999834060669","0.9998999834060669","0.9998999834060669","0.04490000009536743","0.04490000009536743","0.04490000009536743","1","1","1","0.9995999932289124","0.9995999932289124","0.9995999932289124","0.9995999932289124","0.9995999932289124","0.9995999932289124","0.046799998730421066","0.046799998730421066","0.046799998730421066","1","1","1","0.8812499940395355","0.8725000023841858","0.8899999856948853","0.9074999690055847","0.8994999527931213","0.9154999852180481","0.06960000097751617","0.06480000168085098","0.07440000027418137","0.44099998474121094","0.43539997935295105","0.4465999901294708","0.9980499744415283","0.9978999495506287","0.998199999332428","0.998449981212616","0.9980999827384949","0.9987999796867371","0.0713999979197979","0.07090000063180923","0.07189999520778656","0.7674499750137329","0.7665999531745911","0.7682999968528748","0.9973999857902527","0.9973999857902527","0.9973999857902527","0.9991999864578247","0.9991999864578247","0.9991999864578247","0.06780000030994415","0.06780000030994415","0.06780000030994415","0.8289999961853027","0.8289999961853027","0.8289999961853027","0.9985999464988708","0.9985999464988708","0.9985999464988708","0.9989999532699585","0.9989999532699585","0.9989999532699585","0.04729999974370003","0.04729999974370003","0.04729999974370003","0.818399965763092","0.818399965763092","0.818399965763092","1","1","1","0.9998999834060669","0.9998999834060669","0.9998999834060669","0.044599998742341995","0.044599998742341995","0.044599998742341995","1","1","1"
"100","1","1","1","1","1","1","0.04609999805688858","0.04609999805688858","0.04609999805688858","1","1","1","0.9998999834060669","0.9998999834060669","0.9998999834060669","0.9998999834060669","0.9998999834060669","0.9998999834060669","0.046299997717142105","0.046299997717142105","0.046299997717142105","1","1","1","0.955299973487854","0.9542999863624573","0.9562999606132507","0.9669499695301056","0.9644999504089355","0.9693999886512756","0.0916999988257885","0.0828000009059906","0.1005999967455864","0.47884999215602875","0.47049999237060547","0.487199991941452","0.9992999732494354","0.9988999962806702","0.9996999502182007","0.99959996342659","0.9994999766349792","0.9996999502182007","0.08294999971985817","0.08009999990463257","0.08579999953508377","0.7702999711036682","0.7685999870300293","0.7719999551773071","0.9991999864578247","0.9991999864578247","0.9991999864578247","0.9996999502182007","0.9996999502182007","0.9996999502182007","0.0731000006198883","0.0731000006198883","0.0731000006198883","0.8291999697685242","0.8291999697685242","0.8291999697685242","0.9997999668121338","0.9997999668121338","0.9997999668121338","0.9997999668121338","0.9997999668121338","0.9997999668121338","0.05159999802708626","0.05159999802708626","0.05159999802708626","0.8197999596595764","0.8197999596595764","0.8197999596595764","0.9998999834060669","0.9998999834060669","0.9998999834060669","0.9998999834060669","0.9998999834060669","0.9998999834060669","0.045399997383356094","0.045399997383356094","0.045399997383356094","1","1","1"
"111","1","1","1","1","1","1","0.04639999940991402","0.04639999940991402","0.04639999940991402","1","1","1","0.9998999834060669","0.9998999834060669","0.9998999834060669","0.9998999834060669","0.9998999834060669","0.9998999834060669","0.046799998730421066","0.046799998730421066","0.046799998730421066","1","1","1","0.9848999679088593","0.983199954032898","0.9865999817848206","0.9876499772071838","0.9860999584197998","0.9891999959945679","0.1128000020980835","0.09690000116825104","0.12870000302791595","0.5009999722242355","0.49069997668266296","0.5112999677658081","0.9996499717235565","0.9994999766349792","0.9997999668121338","0.9995999932289124","0.9995999932289124","0.9995999932289124","0.08764999732375145","0.08469999581575394","0.09059999883174896","0.7710999846458435","0.7702999711036682","0.7718999981880188","0.9993999600410461","0.9993999600410461","0.9993999600410461","1","1","1","0.0731000006198883","0.0731000006198883","0.0731000006198883","0.8299999833106995","0.8299999833106995","0.8299999833106995","0.9997999668121338","0.9997999668121338","0.9997999668121338","0.9993999600410461","0.9993999600410461","0.9993999600410461","0.057999998331069946","0.057999998331069946","0.057999998331069946","0.8217999935150146","0.8217999935150146","0.8217999935150146","1","1","1","1","1","1","0.045499999076128006","0.045499999076128006","0.045499999076128006","1","1","1"
"122","1","1","1","1","1","1","0.046799998730421066","0.046799998730421066","0.046799998730421066","1","1","1","0.9998999834060669","0.9998999834060669","0.9998999834060669","1","1","1","0.04739999771118164","0.04739999771118164","0.04739999771118164","1","1","1","0.9942499697208405","0.9941999912261963","0.9942999482154846","0.9961499869823456","0.9957000017166138","0.9965999722480774","0.12844999879598618","0.11869999766349792","0.13819999992847443","0.5095499753952026","0.5047999620437622","0.5142999887466431","0.9993999898433685","0.9993000030517578","0.9994999766349792","0.9997999668121338","0.9996999502182007","0.9998999834060669","0.10324999690055847","0.0965999960899353","0.10989999771118164","0.7775499522686005","0.7762999534606934","0.7787999510765076","0.9993000030517578","0.9993000030517578","0.9993000030517578","0.9998999834060669","0.9998999834060669","0.9998999834060669","0.09959999471902847","0.09959999471902847","0.09959999471902847","0.8356999754905701","0.8356999754905701","0.8356999754905701","0.9998999834060669","0.9998999834060669","0.9998999834060669","1","1","1","0.06269999593496323","0.06269999593496323","0.06269999593496323","0.8228999972343445","0.8228999972343445","0.8228999972343445","1","1","1","1","1","1","0.04529999941587448","0.04529999941587448","0.04529999941587448","1","1","1"
"133","1","1","1","1","1","1","0.045899998396635056","0.045899998396635056","0.045899998396635056","1","1","1","1","1","1","1","1","1","0.0471000000834465","0.0471000000834465","0.0471000000834465","1","1","1","0.9974499940872192","0.9966999888420105","0.998199999332428","0.998449981212616","0.9973999857902527","0.9994999766349792","0.15444999933242798","0.15039999783039093","0.15850000083446503","0.5274499952793121","0.5218999981880188","0.5329999923706055","0.9998499751091003","0.9997999668121338","0.9998999834060669","0.9997999966144562","0.9995999932289124","1","0.11269999668002129","0.11029999703168869","0.11509999632835388","0.7802999913692474","0.7786999940872192","0.7818999886512756","0.9995999932289124","0.9995999932289124","0.9995999932289124","0.9998999834060669","0.9998999834060669","0.9998999834060669","0.08659999817609787","0.08659999817609787","0.08659999817609787","0.8330000042915344","0.8330000042915344","0.8330000042915344","0.9998999834060669","0.9998999834060669","0.9998999834060669","0.9998999834060669","0.9998999834060669","0.9998999834060669","0.07009999454021454","0.07009999454021454","0.07009999454021454","0.8255999684333801","0.8255999684333801","0.8255999684333801","1","1","1","1","1","1","0.04490000009536743","0.04490000009536743","0.04490000009536743","1","1","1"
"144","1","1","1","1","1","1","0.04690000042319298","0.04690000042319298","0.04690000042319298","1","1","1","1","1","1","1","1","1","0.04699999839067459","0.04699999839067459","0.04699999839067459","1","1","1","0.9977999627590179","0.9967999458312988","0.9987999796867371","0.9982499480247498","0.9978999495506287","0.9985999464988708","0.18519999831914902","0.1793999969959259","0.19099999964237213","0.5421499907970428","0.5361999869346619","0.5480999946594238","1","1","1","1","1","1","0.11139999702572823","0.10499999672174454","0.11779999732971191","0.778249979019165","0.776699960231781","0.7797999978065491","0.9995999932289124","0.9995999932289124","0.9995999932289124","0.9998999834060669","0.9998999834060669","0.9998999834060669","0.09779999405145645","0.09779999405145645","0.09779999405145645","0.835099995136261","0.835099995136261","0.835099995136261","0.9998999834060669","0.9998999834060669","0.9998999834060669","0.9998999834060669","0.9998999834060669","0.9998999834060669","0.08190000057220459","0.08190000057220459","0.08190000057220459","0.8270999789237976","0.8270999789237976","0.8270999789237976","1","1","1","1","1","1","0.04600000008940697","0.04600000008940697","0.04600000008940697","1","1","1"
"155","1","1","1","1","1","1","0.047199998050928116","0.047199998050928116","0.047199998050928116","1","1","1","1","1","1","1","1","1","0.04649999737739563","0.04649999737739563","0.04649999737739563","1","1","1","0.9972999691963196","0.9953999519348145","0.9991999864578247","0.9978999495506287","0.9960999488830566","0.9996999502182007","0.22019999474287033","0.21619999408721924","0.22419999539852142","0.5628999769687653","0.5566999912261963","0.5690999627113342","0.9999499917030334","0.9998999834060669","1","0.9999499917030334","0.9998999834060669","1","0.11834999546408653","0.11329999566078186","0.1233999952673912","0.7804499864578247","0.7789999842643738","0.7818999886512756","0.9997999668121338","0.9997999668121338","0.9997999668121338","0.9998999834060669","0.9998999834060669","0.9998999834060669","0.09539999812841415","0.09539999812841415","0.09539999812841415","0.8361999988555908","0.8361999988555908","0.8361999988555908","0.9998999834060669","0.9998999834060669","0.9998999834060669","0.9997999668121338","0.9997999668121338","0.9997999668121338","0.09319999814033508","0.09319999814033508","0.09319999814033508","0.8300999999046326","0.8300999999046326","0.8300999999046326","1","1","1","1","1","1","0.04529999941587448","0.04529999941587448","0.04529999941587448","1","1","1"
"166","1","1","1","1","1","1","0.04699999839067459","0.04699999839067459","0.04699999839067459","1","1","1","1","1","1","1","1","1","0.04619999974966049","0.04619999974966049","0.04619999974966049","1","1","1","0.9929499626159668","0.9881999492645264","0.9976999759674072","0.9946999549865723","0.9910999536514282","0.9982999563217163","0.22419998794794083","0.18789999186992645","0.2604999840259552","0.5646999776363373","0.5392999649047852","0.5900999903678894","0.9998499751091003","0.9996999502182007","1","0.9999499917030334","0.9998999834060669","1","0.14454999566078186","0.14249999821186066","0.14659999310970306","0.7871999740600586","0.7853999733924866","0.7889999747276306","0.9997999668121338","0.9997999668121338","0.9997999668121338","1","1","1","0.10869999974966049","0.10869999974966049","0.10869999974966049","0.8371999859809875","0.8371999859809875","0.8371999859809875","1","1","1","1","1","1","0.09749999642372131","0.09749999642372131","0.09749999642372131","0.832099974155426","0.832099974155426","0.832099974155426","1","1","1","1","1","1","0.04559999704360962","0.04559999704360962","0.04559999704360962","1","1","1"
"177","1","1","1","1","1","1","0.04649999737739563","0.04649999737739563","0.04649999737739563","1","1","1","1","1","1","1","1","1","0.045499999076128006","0.045499999076128006","0.045499999076128006","1","1","1","0.9991999864578247","0.9991999864578247","0.9991999864578247","0.9987499713897705","0.9984999895095825","0.9989999532699585","0.26579999178647995","0.24929998815059662","0.2822999954223633","0.5887499749660492","0.5778999924659729","0.5995999574661255","0.9998999834060669","0.9997999668121338","1","1","1","1","0.15029999613761902","0.14259999990463257","0.15799999237060547","0.7890999615192413","0.7852999567985535","0.7928999662399292","0.9998999834060669","0.9998999834060669","0.9998999834060669","1","1","1","0.12199999392032623","0.12199999392032623","0.12199999392032623","0.840499997138977","0.840499997138977","0.840499997138977","1","1","1","0.9998999834060669","0.9998999834060669","0.9998999834060669","0.10749999433755875","0.10749999433755875","0.10749999433755875","0.833299994468689","0.833299994468689","0.833299994468689","1","1","1","1","1","1","0.04609999805688858","0.04609999805688858","0.04609999805688858","1","1","1"
"188","1","1","1","1","1","1","0.046299997717142105","0.046299997717142105","0.046299997717142105","1","1","1","1","1","1","1","1","1","0.046799998730421066","0.046799998730421066","0.046799998730421066","1","1","1","0.9990999698638916","0.998699963092804","0.9994999766349792","0.9994999766349792","0.9991999864578247","0.9997999668121338","0.24825000017881393","0.2313999980688095","0.26510000228881836","0.5780499875545502","0.5659999847412109","0.5900999903678894","0.9998999834060669","0.9997999668121338","1","1","1","1","0.1368499957025051","0.11400000005960464","0.15969999134540558","0.7845499813556671","0.7777999639511108","0.7912999987602234","0.9997999668121338","0.9997999668121338","0.9997999668121338","1","1","1","0.1290999948978424","0.1290999948978424","0.1290999948978424","0.8422999978065491","0.8422999978065491","0.8422999978065491","1","1","1","1","1","1","0.10249999910593033","0.10249999910593033","0.10249999910593033","0.8327999711036682","0.8327999711036682","0.8327999711036682","1","1","1","1","1","1","0.045899998396635056","0.045899998396635056","0.045899998396635056","1","1","1"
"199","1","1","1","1","1","1","0.04580000042915344","0.04580000042915344","0.04580000042915344","1","1","1","1","1","1","1","1","1","0.045499999076128006","0.045499999076128006","0.045499999076128006","1","1","1","0.9986999928951263","0.9980999827384949","0.9993000030517578","0.999049961566925","0.998699963092804","0.9993999600410461","0.2824999988079071","0.27619999647140503","0.2888000011444092","0.5969999730587006","0.5932999849319458","0.6006999611854553","0.9998999834060669","0.9998999834060669","0.9998999834060669","1","1","1","0.16324999183416367","0.15529999136924744","0.1711999922990799","0.7903499901294708","0.7888000011444092","0.7918999791145325","0.9998999834060669","0.9998999834060669","0.9998999834060669","1","1","1","0.14720000326633453","0.14720000326633453","0.14720000326633453","0.8446999788284302","0.8446999788284302","0.8446999788284302","1","1","1","1","1","1","0.12150000035762787","0.12150000035762787","0.12150000035762787","0.8366999626159668","0.8366999626159668","0.8366999626159668","1","1","1","1","1","1","0.04619999974966049","0.04619999974966049","0.04619999974966049","1","1","1"
"210","1","1","1","1","1","1","0.04639999940991402","0.04639999940991402","0.04639999940991402","1","1","1","1","1","1","1","1","1","0.04559999704360962","0.04559999704360962","0.04559999704360962","1","1","1","0.9981499910354614","0.996999979019165","0.9993000030517578","0.9987499713897705","0.9982999563217163","0.9991999864578247","0.295199990272522","0.2856999933719635","0.30469998717308044","0.6061499714851379","0.6006999611854553","0.6115999817848206","0.9999499917030334","0.9998999834060669","1","0.9999499917030334","0.9998999834060669","1","0.17264999449253082","0.15889999270439148","0.18639999628067017","0.7936999797821045","0.7892999649047852","0.7980999946594238","0.9998999834060669","0.9998999834060669","0.9998999834060669","1","1","1","0.14139999449253082","0.14139999449253082","0.14139999449253082","0.8431999683380127","0.8431999683380127","0.8431999683380127","1","1","1","1","1","1","0.1257999986410141","0.1257999986410141","0.1257999986410141","0.8345999717712402","0.8345999717712402","0.8345999717712402","1","1","1","1","1","1","0.04529999941587448","0.04529999941587448","0.04529999941587448","1","1","1"
"221","1","1","1","1","1","1","0.045899998396635056","0.045899998396635056","0.045899998396635056","1","1","1","1","1","1","1","1","1","0.045899998396635056","0.045899998396635056","0.045899998396635056","1","1","1","0.9976999759674072","0.9957000017166138","0.9996999502182007","0.9985999763011932","0.9975999593734741","0.9995999932289124","0.30284999310970306","0.29819998145103455","0.3075000047683716","0.6071999669075012","0.604699969291687","0.6096999645233154","1","1","1","1","1","1","0.18459999561309814","0.17549999058246613","0.19370000064373016","0.7973999679088593","0.793999969959259","0.8007999658584595","1","1","1","1","1","1","0.1403999924659729","0.1403999924659729","0.1403999924659729","0.8432999849319458","0.8432999849319458","0.8432999849319458","1","1","1","0.9998999834060669","0.9998999834060669","0.9998999834060669","0.15489999949932098","0.15489999949932098","0.15489999949932098","0.8423999547958374","0.8423999547958374","0.8423999547958374","1","1","1","1","1","1","0.04479999840259552","0.04479999840259552","0.04479999840259552","1","1","1"
"232","1","1","1","1","1","1","0.04619999974966049","0.04619999974966049","0.04619999974966049","1","1","1","1","1","1","1","1","1","0.045399997383356094","0.045399997383356094","0.045399997383356094","1","1","1","0.9988499581813812","0.9982999563217163","0.9993999600410461","0.9992499947547913","0.9991999864578247","0.9993000030517578","0.30719998478889465","0.2895999848842621","0.3247999846935272","0.613649994134903","0.5990999937057495","0.6281999945640564","1","1","1","1","1","1","0.20114999264478683","0.19439999759197235","0.20789998769760132","0.8017999827861786","0.7976999878883362","0.805899977684021","0.9998999834060669","0.9998999834060669","0.9998999834060669","1","1","1","0.15309999883174896","0.15309999883174896","0.15309999883174896","0.8470999598503113","0.8470999598503113","0.8470999598503113","1","1","1","1","1","1","0.11859999597072601","0.11859999597072601","0.11859999597072601","0.8343999981880188","0.8343999981880188","0.8343999981880188","1","1","1","1","1","1","0.044999998062849045","0.044999998062849045","0.044999998062849045","1","1","1"
"243","1","1","1","1","1","1","0.04659999907016754","0.04659999907016754","0.04659999907016754","1","1","1","1","1","1","1","1","1","0.04490000009536743","0.04490000009536743","0.04490000009536743","1","1","1","0.9988499581813812","0.9982999563217163","0.9993999600410461","0.9993999600410461","0.9989999532699585","0.9997999668121338","0.31804998219013214","0.31219998002052307","0.3238999843597412","0.6193999946117401","0.6139000058174133","0.6248999834060669","1","1","1","1","1","1","0.20229998975992203","0.18789999186992645","0.2166999876499176","0.8010499775409698","0.7960000038146973","0.8060999512672424","1","1","1","1","1","1","0.1485999971628189","0.1485999971628189","0.1485999971628189","0.8463000059127808","0.8463000059127808","0.8463000059127808","1","1","1","1","1","1","0.14319999516010284","0.14319999516010284","0.14319999516010284","0.8391000032424927","0.8391000032424927","0.8391000032424927","1","1","1","1","1","1","0.045099999755620956","0.045099999755620956","0.045099999755620956","1","1","1"
"254","1","1","1","1","1","1","0.04580000042915344","0.04580000042915344","0.04580000042915344","1","1","1","1","1","1","1","1","1","0.04580000042915344","0.04580000042915344","0.04580000042915344","1","1","1","0.9982499778270721","0.9971999526023865","0.9993000030517578","0.9985999464988708","0.9985999464988708","0.9985999464988708","0.3267499804496765","0.3164999783039093","0.3369999825954437","0.6196499764919281","0.6123999953269958","0.6268999576568604","1","1","1","1","1","1","0.21169999986886978","0.20340000092983246","0.2199999988079071","0.8050999641418457","0.8011999726295471","0.8089999556541443","0.9998999834060669","0.9998999834060669","0.9998999834060669","1","1","1","0.16259999573230743","0.16259999573230743","0.16259999573230743","0.8497999906539917","0.8497999906539917","0.8497999906539917","1","1","1","1","1","1","0.1306999921798706","0.1306999921798706","0.1306999921798706","0.8367999792098999","0.8367999792098999","0.8367999792098999","1","1","1","1","1","1","0.04529999941587448","0.04529999941587448","0.04529999941587448","1","1","1"
"265","1","1","1","1","1","1","0.04659999907016754","0.04659999907016754","0.04659999907016754","1","1","1","1","1","1","1","1","1","0.045399997383356094","0.045399997383356094","0.045399997383356094","1","1","1","0.9995999932289124","0.9991999864578247","1","0.9994999766349792","0.9993000030517578","0.9996999502182007","0.31344999372959137","0.3116999864578247","0.31520000100135803","0.6133999824523926","0.6089999675750732","0.6177999973297119","1","1","1","1","1","1","0.21564999222755432","0.20809999108314514","0.2231999933719635","0.8048999905586243","0.8015999794006348","0.8082000017166138","1","1","1","1","1","1","0.1551000028848648","0.1551000028848648","0.1551000028848648","0.8465999960899353","0.8465999960899353","0.8465999960899353","1","1","1","1","1","1","0.15160000324249268","0.15160000324249268","0.15160000324249268","0.838699996471405","0.838699996471405","0.838699996471405","1","1","1","1","1","1","0.04519999772310257","0.04519999772310257","0.04519999772310257","1","1","1"
"276","1","1","1","1","1","1","0.045899998396635056","0.045899998396635056","0.045899998396635056","1","1","1","1","1","1","1","1","1","0.04519999772310257","0.04519999772310257","0.04519999772310257","1","1","1","0.9996999800205231","0.9994999766349792","0.9998999834060669","0.9993999600410461","0.9990999698638916","0.9996999502182007","0.32979999482631683","0.3188000023365021","0.3407999873161316","0.6237499713897705","0.6168999671936035","0.6305999755859375","1","1","1","1","1","1","0.21489999443292618","0.20969998836517334","0.22010000050067902","0.8050499856472015","0.8008999824523926","0.8091999888420105","1","1","1","1","1","1","0.16509999334812164","0.16509999334812164","0.16509999334812164","0.8488999605178833","0.8488999605178833","0.8488999605178833","1","1","1","1","1","1","0.14909999072551727","0.14909999072551727","0.14909999072551727","0.8382999897003174","0.8382999897003174","0.8382999897003174","1","1","1","1","1","1","0.04519999772310257","0.04519999772310257","0.04519999772310257","1","1","1"
"287","1","1","1","1","1","1","0.04609999805688858","0.04609999805688858","0.04609999805688858","1","1","1","1","1","1","1","1","1","0.045399997383356094","0.045399997383356094","0.045399997383356094","1","1","1","0.9979499876499176","0.9959999918937683","0.9998999834060669","0.9993999600410461","0.9990999698638916","0.9996999502182007","0.33504998683929443","0.33249998092651367","0.3375999927520752","0.6289999783039093","0.6270999908447266","0.630899965763092","1","1","1","1","1","1","0.2198999896645546","0.21949999034404755","0.22029998898506165","0.808599978685379","0.8064000010490417","0.8107999563217163","1","1","1","1","1","1","0.1696999967098236","0.1696999967098236","0.1696999967098236","0.849299967288971","0.849299967288971","0.849299967288971","1","1","1","1","1","1","0.17329999804496765","0.17329999804496765","0.17329999804496765","0.8445000052452087","0.8445000052452087","0.8445000052452087","1","1","1","1","1","1","0.044999998062849045","0.044999998062849045","0.044999998062849045","1","1","1"
"298","1","1","1","1","1","1","0.046699997037649155","0.046699997037649155","0.046699997037649155","1","1","1","1","1","1","1","1","1","0.044999998062849045","0.044999998062849045","0.044999998062849045","1","1","1","0.9996999800205231","0.9993999600410461","1","0.9993999600410461","0.9989999532699585","0.9997999668121338","0.33444999158382416","0.3285999894142151","0.3402999937534332","0.6249499917030334","0.6209999918937683","0.6288999915122986","1","1","1","1","1","1","0.2255999967455864","0.21739999949932098","0.2337999939918518","0.8086499869823456","0.8036999702453613","0.8136000037193298","1","1","1","0.9998999834060669","0.9998999834060669","0.9998999834060669","0.1850000023841858","0.1850000023841858","0.1850000023841858","0.8515999913215637","0.8515999913215637","0.8515999913215637","1","1","1","1","1","1","0.1858000010251999","0.1858000010251999","0.1858000010251999","0.8466999530792236","0.8466999530792236","0.8466999530792236","1","1","1","1","1","1","0.045499999076128006","0.045499999076128006","0.045499999076128006","1","1","1"
"309","1","1","1","1","1","1","0.04699999839067459","0.04699999839067459","0.04699999839067459","1","1","1","1","1","1","1","1","1","0.04519999772310257","0.04519999772310257","0.04519999772310257","1","1","1","0.9997499883174896","0.9995999932289124","0.9998999834060669","0.9994499981403351","0.9993000030517578","0.9995999932289124","0.3410999923944473","0.33959999680519104","0.3425999879837036","0.6317499577999115","0.6311999559402466","0.6322999596595764","1","1","1","1","1","1","0.2253499999642372","0.2076999992132187","0.24300000071525574","0.8086499571800232","0.8021999597549438","0.8150999546051025","0.9998999834060669","0.9998999834060669","0.9998999834060669","1","1","1","0.1833999902009964","0.1833999902009964","0.1833999902009964","0.8525999784469604","0.8525999784469604","0.8525999784469604","1","1","1","1","1","1","0.18769998848438263","0.18769998848438263","0.18769998848438263","0.8481999635696411","0.8481999635696411","0.8481999635696411","1","1","1","1","1","1","0.045899998396635056","0.045899998396635056","0.045899998396635056","1","1","1"
"320","1","1","1","1","1","1","0.046699997037649155","0.046699997037649155","0.046699997037649155","1","1","1","1","1","1","1","1","1","0.045099999755620956","0.045099999755620956","0.045099999755620956","1","1","1","0.999099999666214","0.998199999332428","1","0.999349981546402","0.998699963092804","1","0.33274999260902405","0.3278999924659729","0.3375999927520752","0.6276999711990356","0.6266999840736389","0.6286999583244324","1","1","1","1","1","1","0.22929999232292175","0.21869999170303345","0.23989999294281006","0.8077499866485596","0.804099977016449","0.8113999962806702","0.9998999834060669","0.9998999834060669","0.9998999834060669","1","1","1","0.19689999520778656","0.19689999520778656","0.19689999520778656","0.8550999760627747","0.8550999760627747","0.8550999760627747","1","1","1","1","1","1","0.2029999941587448","0.2029999941587448","0.2029999941587448","0.8500999808311462","0.8500999808311462","0.8500999808311462","1","1","1","1","1","1","0.045499999076128006","0.045499999076128006","0.045499999076128006","1","1","1"
"331","1","1","1","1","1","1","0.04649999737739563","0.04649999737739563","0.04649999737739563","1","1","1","1","1","1","1","1","1","0.04479999840259552","0.04479999840259552","0.04479999840259552","1","1","1","0.9992499947547913","0.9984999895095825","1","0.9996999800205231","0.9995999932289124","0.9997999668121338","0.3414499908685684","0.33309999108314514","0.3497999906539917","0.630649983882904","0.6234999895095825","0.6377999782562256","1","1","1","1","1","1","0.2293499931693077","0.2175999879837036","0.2410999983549118","0.81004998087883","0.8046000003814697","0.8154999613761902","1","1","1","1","1","1","0.1899999976158142","0.1899999976158142","0.1899999976158142","0.8531000018119812","0.8531000018119812","0.8531000018119812","1","1","1","1","1","1","0.19769999384880066","0.19769999384880066","0.19769999384880066","0.849299967288971","0.849299967288971","0.849299967288971","1","1","1","1","1","1","0.04580000042915344","0.04580000042915344","0.04580000042915344","1","1","1"
"342","1","1","1","1","1","1","0.046699997037649155","0.046699997037649155","0.046699997037649155","1","1","1","1","1","1","1","1","1","0.044999998062849045","0.044999998062849045","0.044999998062849045","1","1","1","0.998699963092804","0.998699963092804","0.998699963092804","0.9990999698638916","0.9990999698638916","0.9990999698638916","0.34449999034404755","0.3400000035762787","0.3489999771118164","0.6340999901294708","0.6308000087738037","0.6373999714851379","1","1","1","1","1","1","0.25099998712539673","0.24779999256134033","0.2541999816894531","0.8149499595165253","0.8122999668121338","0.8175999522209167","0.9998999834060669","0.9998999834060669","0.9998999834060669","1","1","1","0.1770000010728836","0.1770000010728836","0.1770000010728836","0.8495999574661255","0.8495999574661255","0.8495999574661255","1","1","1","1","1","1","0.20269998908042908","0.20269998908042908","0.20269998908042908","0.8485999703407288","0.8485999703407288","0.8485999703407288","1","1","1","1","1","1","0.045399997383356094","0.045399997383356094","0.045399997383356094","1","1","1"
"353","1","1","1","1","1","1","0.046699997037649155","0.046699997037649155","0.046699997037649155","1","1","1","1","1","1","1","1","1","0.04429999738931656","0.04429999738931656","0.04429999738931656","1","1","1","0.9996500015258789","0.9993000030517578","1","0.9994999766349792","0.9993999600410461","0.9995999932289124","0.3471999913454056","0.34299999475479126","0.3513999879360199","0.6355999708175659","0.6304999589920044","0.6406999826431274","1","1","1","1","1","1","0.2515000030398369","0.24379999935626984","0.25920000672340393","0.8154999911785126","0.8104000091552734","0.8205999732017517","1","1","1","1","1","1","0.19139999151229858","0.19139999151229858","0.19139999151229858","0.8536999821662903","0.8536999821662903","0.8536999821662903","1","1","1","1","1","1","0.1800999939441681","0.1800999939441681","0.1800999939441681","0.8455999493598938","0.8455999493598938","0.8455999493598938","1","1","1","1","1","1","0.045899998396635056","0.045899998396635056","0.045899998396635056","1","1","1"
"364","1","1","1","1","1","1","0.045899998396635056","0.045899998396635056","0.045899998396635056","1","1","1","1","1","1","1","1","1","0.045399997383356094","0.045399997383356094","0.045399997383356094","1","1","1","0.9998499751091003","0.9996999502182007","1","0.9997999668121338","0.9997999668121338","0.9997999668121338","0.335549995303154","0.3255999982357025","0.34549999237060547","0.6288999617099762","0.6200999617576599","0.6376999616622925","1","1","1","1","1","1","0.2501999959349632","0.24969999492168427","0.2506999969482422","0.8152499794960022","0.8132999539375305","0.8172000050544739","1","1","1","1","1","1","0.19189999997615814","0.19189999997615814","0.19189999997615814","0.8531000018119812","0.8531000018119812","0.8531000018119812","1","1","1","1","1","1","0.21199999749660492","0.21199999749660492","0.21199999749660492","0.8515999913215637","0.8515999913215637","0.8515999913215637","1","1","1","1","1","1","0.045499999076128006","0.045499999076128006","0.045499999076128006","1","1","1"
"375","1","1","1","1","1","1","0.04699999839067459","0.04699999839067459","0.04699999839067459","1","1","1","1","1","1","1","1","1","0.04429999738931656","0.04429999738931656","0.04429999738931656","1","1","1","0.9996999800205231","0.9993999600410461","1","0.9998499751091003","0.9997999668121338","0.9998999834060669","0.3335999995470047","0.31679999828338623","0.35040000081062317","0.6301999986171722","0.6173999905586243","0.6430000066757202","1","1","1","1","1","1","0.2555999979376793","0.24719999730587006","0.2639999985694885","0.8161999583244324","0.8118999600410461","0.8204999566078186","1","1","1","1","1","1","0.19209998846054077","0.19209998846054077","0.19209998846054077","0.8527999520301819","0.8527999520301819","0.8527999520301819","1","1","1","1","1","1","0.22089999914169312","0.22089999914169312","0.22089999914169312","0.8520999550819397","0.8520999550819397","0.8520999550819397","1","1","1","1","1","1","0.04559999704360962","0.04559999704360962","0.04559999704360962","1","1","1"
"386","1","1","1","1","1","1","0.04659999907016754","0.04659999907016754","0.04659999907016754","1","1","1","1","1","1","1","1","1","0.04479999840259552","0.04479999840259552","0.04479999840259552","1","1","1","0.999349981546402","0.998699963092804","1","0.9996499717235565","0.9993999600410461","0.9998999834060669","0.35134999454021454","0.3458999991416931","0.35679998993873596","0.640749990940094","0.6406999826431274","0.6407999992370605","0.9999499917030334","0.9998999834060669","1","0.9999499917030334","0.9998999834060669","1","0.2495499923825264","0.24269999563694","0.2563999891281128","0.8151999711990356","0.8115999698638916","0.8187999725341797","1","1","1","1","1","1","0.19339999556541443","0.19339999556541443","0.19339999556541443","0.8517999649047852","0.8517999649047852","0.8517999649047852","1","1","1","1","1","1","0.22369998693466187","0.22369998693466187","0.22369998693466187","0.8538999557495117","0.8538999557495117","0.8538999557495117","1","1","1","1","1","1","0.04519999772310257","0.04519999772310257","0.04519999772310257","1","1","1"
"397","1","1","1","1","1","1","0.046799998730421066","0.046799998730421066","0.046799998730421066","1","1","1","1","1","1","1","1","1","0.044599998742341995","0.044599998742341995","0.044599998742341995","1","1","1","0.9993999898433685","0.9987999796867371","1","0.9997999668121338","0.9996999502182007","0.9998999834060669","0.3491999953985214","0.3440999984741211","0.35429999232292175","0.6379499733448029","0.635699987411499","0.6401999592781067","1","1","1","0.9999499917030334","0.9998999834060669","1","0.26100000739097595","0.2549000084400177","0.2671000063419342","0.8178499937057495","0.8138999938964844","0.8217999935150146","1","1","1","1","1","1","0.20739999413490295","0.20739999413490295","0.20739999413490295","0.8545999526977539","0.8545999526977539","0.8545999526977539","1","1","1","1","1","1","0.2061000019311905","0.2061000019311905","0.2061000019311905","0.850600004196167","0.850600004196167","0.850600004196167","1","1","1","1","1","1","0.045899998396635056","0.045899998396635056","0.045899998396635056","1","1","1"
"408","1","1","1","1","1","1","0.04739999771118164","0.04739999771118164","0.04739999771118164","1","1","1","1","1","1","1","1","1","0.044599998742341995","0.044599998742341995","0.044599998742341995","1","1","1","0.9995499849319458","0.9993000030517578","0.9997999668121338","0.9998999834060669","0.9997999668121338","1","0.34790000319480896","0.3391000032424927","0.35670000314712524","0.6361999809741974","0.6315999627113342","0.6407999992370605","1","1","1","1","1","1","0.25394999980926514","0.24529999494552612","0.26260000467300415","0.8149999976158142","0.8104000091552734","0.819599986076355","1","1","1","1","1","1","0.20520000159740448","0.20520000159740448","0.20520000159740448","0.854699969291687","0.854699969291687","0.854699969291687","1","1","1","1","1","1","0.21969999372959137","0.21969999372959137","0.21969999372959137","0.8531000018119812","0.8531000018119812","0.8531000018119812","1","1","1","1","1","1","0.045099999755620956","0.045099999755620956","0.045099999755620956","1","1","1"
"419","1","1","1","1","1","1","0.04619999974966049","0.04619999974966049","0.04619999974966049","1","1","1","1","1","1","1","1","1","0.044999998062849045","0.044999998062849045","0.044999998062849045","1","1","1","0.9996999800205231","0.9993999600410461","1","0.9998499751091003","0.9996999502182007","1","0.3416999876499176","0.33789998292922974","0.34549999237060547","0.6342499852180481","0.633899986743927","0.6345999836921692","1","1","1","1","1","1","0.26124998927116394","0.2532999813556671","0.26919999718666077","0.8167999684810638","0.8118999600410461","0.8216999769210815","0.9998999834060669","0.9998999834060669","0.9998999834060669","1","1","1","0.20899999141693115","0.20899999141693115","0.20899999141693115","0.8575999736785889","0.8575999736785889","0.8575999736785889","1","1","1","1","1","1","0.2184000015258789","0.2184000015258789","0.2184000015258789","0.8519999980926514","0.8519999980926514","0.8519999980926514","1","1","1","1","1","1","0.046299997717142105","0.046299997717142105","0.046299997717142105","1","1","1"
"430","1","1","1","1","1","1","0.046699997037649155","0.046699997037649155","0.046699997037649155","1","1","1","1","1","1","1","1","1","0.04360000044107437","0.04360000044107437","0.04360000044107437","1","1","1","0.9997499883174896","0.9994999766349792","1","0.9998499751091003","0.9997999668121338","0.9998999834060669","0.3430499881505966","0.33899998664855957","0.34709998965263367","0.6369499862194061","0.6358999609947205","0.6380000114440918","1","1","1","0.9999499917030334","0.9998999834060669","1","0.2551499977707863","0.2410999983549118","0.26919999718666077","0.8173999786376953","0.8116999864578247","0.8230999708175659","1","1","1","1","1","1","0.20309999585151672","0.20309999585151672","0.20309999585151672","0.8542999625205994","0.8542999625205994","0.8542999625205994","1","1","1","1","1","1","0.22169999778270721","0.22169999778270721","0.22169999778270721","0.8538999557495117","0.8538999557495117","0.8538999557495117","1","1","1","1","1","1","0.04600000008940697","0.04600000008940697","0.04600000008940697","1","1","1"
"441","1","1","1","1","1","1","0.04659999907016754","0.04659999907016754","0.04659999907016754","1","1","1","1","1","1","1","1","1","0.04470000043511391","0.04470000043511391","0.04470000043511391","1","1","1","0.9996500015258789","0.9993000030517578","1","1","1","1","0.3478499948978424","0.34389999508857727","0.35179999470710754","0.638299971818924","0.637499988079071","0.6390999555587769","1","1","1","1","1","1","0.2596999853849411","0.25209999084472656","0.26729997992515564","0.8171999752521515","0.8141999840736389","0.8201999664306641","1","1","1","1","1","1","0.21739999949932098","0.21739999949932098","0.21739999949932098","0.8578999638557434","0.8578999638557434","0.8578999638557434","1","1","1","1","1","1","0.2287999987602234","0.2287999987602234","0.2287999987602234","0.8532999753952026","0.8532999753952026","0.8532999753952026","1","1","1","1","1","1","0.04619999974966049","0.04619999974966049","0.04619999974966049","1","1","1"
"452","1","1","1","1","1","1","0.04690000042319298","0.04690000042319298","0.04690000042319298","1","1","1","1","1","1","1","1","1","0.044599998742341995","0.044599998742341995","0.044599998742341995","1","1","1","0.9994499981403351","0.9988999962806702","1","0.9996999800205231","0.9994999766349792","0.9998999834060669","0.35419999063014984","0.35249999165534973","0.35589998960494995","0.640099972486496","0.637499988079071","0.6426999568939209","1","1","1","1","1","1","0.2587999999523163","0.24529999494552612","0.27230000495910645","0.8165999948978424","0.8109999895095825","0.8222000002861023","0.9998999834060669","0.9998999834060669","0.9998999834060669","1","1","1","0.21649999916553497","0.21649999916553497","0.21649999916553497","0.8575999736785889","0.8575999736785889","0.8575999736785889","1","1","1","1","1","1","0.2313999980688095","0.2313999980688095","0.2313999980688095","0.8539999723434448","0.8539999723434448","0.8539999723434448","1","1","1","1","1","1","0.04519999772310257","0.04519999772310257","0.04519999772310257","1","1","1"
"463","1","1","1","1","1","1","0.047599997371435165","0.047599997371435165","0.047599997371435165","1","1","1","1","1","1","1","1","1","0.044599998742341995","0.044599998742341995","0.044599998742341995","1","1","1","0.9997499883174896","0.9995999932289124","0.9998999834060669","0.9996999800205231","0.9994999766349792","0.9998999834060669","0.3611999899148941","0.358599990606308","0.3637999892234802","0.6465999782085419","0.644599974155426","0.6485999822616577","1","1","1","1","1","1","0.25599999725818634","0.25270000100135803","0.25929999351501465","0.814300000667572","0.814300000667572","0.814300000667572","1","1","1","1","1","1","0.20889998972415924","0.20889998972415924","0.20889998972415924","0.8557999730110168","0.8557999730110168","0.8557999730110168","1","1","1","1","1","1","0.24210000038146973","0.24210000038146973","0.24210000038146973","0.8549999594688416","0.8549999594688416","0.8549999594688416","1","1","1","1","1","1","0.04569999873638153","0.04569999873638153","0.04569999873638153","1","1","1"
"474","1","1","1","1","1","1","0.04639999940991402","0.04639999940991402","0.04639999940991402","1","1","1","1","1","1","1","1","1","0.04349999874830246","0.04349999874830246","0.04349999874830246","1","1","1","0.9994999766349792","0.9990999698638916","0.9998999834060669","0.9997999668121338","0.9996999502182007","0.9998999834060669","0.3552499860525131","0.3398999869823456","0.37059998512268066","0.6428499817848206","0.6333999633789062","0.6523000001907349","1","1","1","1","1","1","0.26634998619556427","0.2620999813079834","0.27059999108314514","0.8194999694824219","0.8158999681472778","0.8230999708175659","1","1","1","1","1","1","0.21079999208450317","0.21079999208450317","0.21079999208450317","0.8575999736785889","0.8575999736785889","0.8575999736785889","1","1","1","1","1","1","0.2434999942779541","0.2434999942779541","0.2434999942779541","0.8552999496459961","0.8552999496459961","0.8552999496459961","1","1","1","1","1","1","0.045499999076128006","0.045499999076128006","0.045499999076128006","1","1","1"
"485","1","1","1","1","1","1","0.046299997717142105","0.046299997717142105","0.046299997717142105","1","1","1","1","1","1","1","1","1","0.043699998408555984","0.043699998408555984","0.043699998408555984","1","1","1","0.9998999834060669","0.9997999668121338","1","0.9998499751091003","0.9997999668121338","0.9998999834060669","0.3553999960422516","0.3499999940395355","0.36079999804496765","0.6432999968528748","0.6380000114440918","0.6485999822616577","1","1","1","1","1","1","0.26510000228881836","0.2556000053882599","0.27459999918937683","0.8188499808311462","0.8147000074386597","0.8229999542236328","1","1","1","0.9998999834060669","0.9998999834060669","0.9998999834060669","0.20499999821186066","0.20499999821186066","0.20499999821186066","0.8560000061988831","0.8560000061988831","0.8560000061988831","1","1","1","1","1","1","0.24959999322891235","0.24959999322891235","0.24959999322891235","0.8588999509811401","0.8588999509811401","0.8588999509811401","1","1","1","1","1","1","0.04580000042915344","0.04580000042915344","0.04580000042915344","1","1","1"
"496","1","1","1","1","1","1","0.047199998050928116","0.047199998050928116","0.047199998050928116","1","1","1","1","1","1","1","1","1","0.044199999421834946","0.044199999421834946","0.044199999421834946","1","1","1","0.9997999966144562","0.9995999932289124","1","0.9998999834060669","0.9998999834060669","0.9998999834060669","0.35660000145435333","0.34769999980926514","0.36550000309944153","0.6440499722957611","0.637499988079071","0.6505999565124512","1","1","1","1","1","1","0.26684999465942383","0.2629999816417694","0.27070000767707825","0.8182999789714813","0.8163999915122986","0.8201999664306641","1","1","1","1","1","1","0.20099999010562897","0.20099999010562897","0.20099999010562897","0.8550999760627747","0.8550999760627747","0.8550999760627747","1","1","1","1","1","1","0.24699999392032623","0.24699999392032623","0.24699999392032623","0.8563999533653259","0.8563999533653259","0.8563999533653259","1","1","1","1","1","1","0.045399997383356094","0.045399997383356094","0.045399997383356094","1","1","1"
"507","1","1","1","1","1","1","0.04729999974370003","0.04729999974370003","0.04729999974370003","1","1","1","1","1","1","1","1","1","0.043699998408555984","0.043699998408555984","0.043699998408555984","1","1","1","0.9996999800205231","0.9993999600410461","1","0.9998499751091003","0.9997999668121338","0.9998999834060669","0.3587999939918518","0.35740000009536743","0.3601999878883362","0.6447999775409698","0.6390999555587769","0.6504999995231628","1","1","1","1","1","1","0.2656499966979027","0.2498999983072281","0.28139999508857727","0.8185499608516693","0.812999963760376","0.8240999579429626","1","1","1","1","1","1","0.20799998939037323","0.20799998939037323","0.20799998939037323","0.856499969959259","0.856499969959259","0.856499969959259","1","1","1","1","1","1","0.24529999494552612","0.24529999494552612","0.24529999494552612","0.8561999797821045","0.8561999797821045","0.8561999797821045","1","1","1","1","1","1","0.04559999704360962","0.04559999704360962","0.04559999704360962","1","1","1"
"518","1","1","1","1","1","1","0.0471000000834465","0.0471000000834465","0.0471000000834465","1","1","1","1","1","1","1","1","1","0.04439999908208847","0.04439999908208847","0.04439999908208847","1","1","1","0.9998499751091003","0.9996999502182007","1","0.9998499751091003","0.9997999668121338","0.9998999834060669","0.3588999956846237","0.35249999165534973","0.3652999997138977","0.6444999873638153","0.6363999843597412","0.6525999903678894","1","1","1","0.9999499917030334","0.9998999834060669","1","0.2781999856233597","0.2581999897956848","0.29819998145103455","0.8211499750614166","0.814799964427948","0.8274999856948853","1","1","1","1","1","1","0.22619999945163727","0.22619999945163727","0.22619999945163727","0.8586999773979187","0.8586999773979187","0.8586999773979187","1","1","1","1","1","1","0.23709999024868011","0.23709999024868011","0.23709999024868011","0.8549999594688416","0.8549999594688416","0.8549999594688416","1","1","1","1","1","1","0.04569999873638153","0.04569999873638153","0.04569999873638153","1","1","1"
"529","1","1","1","1","1","1","0.04749999940395355","0.04749999940395355","0.04749999940395355","1","1","1","1","1","1","1","1","1","0.04360000044107437","0.04360000044107437","0.04360000044107437","1","1","1","0.9996999800205231","0.9993999600410461","1","0.9998999834060669","0.9998999834060669","0.9998999834060669","0.3613999933004379","0.3578999936580658","0.36489999294281006","0.6464499831199646","0.6398999691009521","0.652999997138977","1","1","1","1","1","1","0.27709999680519104","0.26919999718666077","0.2849999964237213","0.8202499747276306","0.8180999755859375","0.8223999738693237","1","1","1","1","1","1","0.2224999964237213","0.2224999964237213","0.2224999964237213","0.859499990940094","0.859499990940094","0.859499990940094","1","1","1","1","1","1","0.24199999868869781","0.24199999868869781","0.24199999868869781","0.8561999797821045","0.8561999797821045","0.8561999797821045","1","1","1","1","1","1","0.045399997383356094","0.045399997383356094","0.045399997383356094","1","1","1"
"540","1","1","1","1","1","1","0.046799998730421066","0.046799998730421066","0.046799998730421066","1","1","1","1","1","1","1","1","1","0.04360000044107437","0.04360000044107437","0.04360000044107437","1","1","1","1","1","1","0.9997499883174896","0.9995999932289124","0.9998999834060669","0.3549499809741974","0.35349997878074646","0.3563999831676483","0.6442499756813049","0.6365999579429626","0.6518999934196472","1","1","1","1","1","1","0.2740499824285507","0.2611999809741974","0.28689998388290405","0.8204499781131744","0.8154000043869019","0.825499951839447","1","1","1","1","1","1","0.21969999372959137","0.21969999372959137","0.21969999372959137","0.859499990940094","0.859499990940094","0.859499990940094","1","1","1","1","1","1","0.2500999867916107","0.2500999867916107","0.2500999867916107","0.8570999503135681","0.8570999503135681","0.8570999503135681","1","1","1","1","1","1","0.04569999873638153","0.04569999873638153","0.04569999873638153","1","1","1"
"551","1","1","1","1","1","1","0.04749999940395355","0.04749999940395355","0.04749999940395355","1","1","1","1","1","1","1","1","1","0.04360000044107437","0.04360000044107437","0.04360000044107437","1","1","1","0.9988999664783478","0.9979999661445618","0.9997999668121338","0.9992499649524689","0.998699963092804","0.9997999668121338","0.358149990439415","0.3482999801635742","0.36800000071525574","0.6392499804496765","0.6378999948501587","0.6405999660491943","1","1","1","1","1","1","0.26020000129938126","0.23770000040531158","0.2827000021934509","0.8171499669551849","0.811199963092804","0.8230999708175659","1","1","1","1","1","1","0.23469999432563782","0.23469999432563782","0.23469999432563782","0.8605999946594238","0.8605999946594238","0.8605999946594238","1","1","1","1","1","1","0.24169999361038208","0.24169999361038208","0.24169999361038208","0.856499969959259","0.856499969959259","0.856499969959259","1","1","1","1","1","1","0.04649999737739563","0.04649999737739563","0.04649999737739563","1","1","1"
"562","1","1","1","1","1","1","0.04659999907016754","0.04659999907016754","0.04659999907016754","1","1","1","1","1","1","1","1","1","0.043299999088048935","0.043299999088048935","0.043299999088048935","1","1","1","0.9999499917030334","0.9998999834060669","1","0.9998499751091003","0.9997999668121338","0.9998999834060669","0.3576499968767166","0.35580000281333923","0.359499990940094","0.6417499780654907","0.6335999965667725","0.649899959564209","1","1","1","1","1","1","0.2736999839544296","0.25599998235702515","0.2913999855518341","0.8199499845504761","0.8149999976158142","0.8248999714851379","1","1","1","1","1","1","0.23029999434947968","0.23029999434947968","0.23029999434947968","0.8604999780654907","0.8604999780654907","0.8604999780654907","1","1","1","1","1","1","0.2457999885082245","0.2457999885082245","0.2457999885082245","0.8567000031471252","0.8567000031471252","0.8567000031471252","1","1","1","1","1","1","0.04529999941587448","0.04529999941587448","0.04529999941587448","1","1","1"
"573","1","1","1","1","1","1","0.046799998730421066","0.046799998730421066","0.046799998730421066","1","1","1","1","1","1","1","1","1","0.04360000044107437","0.04360000044107437","0.04360000044107437","1","1","1","0.9998999834060669","0.9997999668121338","1","1","1","1","0.36149999499320984","0.35929998755455017","0.3637000024318695","0.645799994468689","0.637499988079071","0.6541000008583069","1","1","1","1","1","1","0.289249986410141","0.2646999955177307","0.31379997730255127","0.8253999948501587","0.8181999921798706","0.8325999975204468","1","1","1","1","1","1","0.2255999892950058","0.2255999892950058","0.2255999892950058","0.8592000007629395","0.8592000007629395","0.8592000007629395","1","1","1","1","1","1","0.25040000677108765","0.25040000677108765","0.25040000677108765","0.8561999797821045","0.8561999797821045","0.8561999797821045","1","1","1","1","1","1","0.04529999941587448","0.04529999941587448","0.04529999941587448","1","1","1"
"584","1","1","1","1","1","1","0.04659999907016754","0.04659999907016754","0.04659999907016754","1","1","1","1","1","1","1","1","1","0.043699998408555984","0.043699998408555984","0.043699998408555984","1","1","1","0.9999499917030334","0.9998999834060669","1","0.9998999834060669","0.9997999668121338","1","0.3558499813079834","0.3471999764442444","0.3644999861717224","0.6419499814510345","0.6333999633789062","0.6504999995231628","1","1","1","1","1","1","0.28839999437332153","0.27059999108314514","0.3061999976634979","0.8253499865531921","0.8215000033378601","0.8291999697685242","1","1","1","1","1","1","0.22699999809265137","0.22699999809265137","0.22699999809265137","0.8611999750137329","0.8611999750137329","0.8611999750137329","1","1","1","1","1","1","0.25040000677108765","0.25040000677108765","0.25040000677108765","0.85589998960495","0.85589998960495","0.85589998960495","1","1","1","1","1","1","0.04490000009536743","0.04490000009536743","0.04490000009536743","1","1","1"
"595","1","1","1","1","1","1","0.046299997717142105","0.046299997717142105","0.046299997717142105","1","1","1","1","1","1","1","1","1","0.04389999806880951","0.04389999806880951","0.04389999806880951","1","1","1","0.9997499883174896","0.9994999766349792","1","0.9997999668121338","0.9996999502182007","0.9998999834060669","0.37209998071193695","0.3649999797344208","0.3791999816894531","0.6496999859809875","0.6398000121116638","0.6595999598503113","1","1","1","1","1","1","0.2862499952316284","0.26499998569488525","0.3075000047683716","0.824349969625473","0.8175999522209167","0.8310999870300293","1","1","1","1","1","1","0.23009999096393585","0.23009999096393585","0.23009999096393585","0.8626999855041504","0.8626999855041504","0.8626999855041504","1","1","1","1","1","1","0.2586999833583832","0.2586999833583832","0.2586999833583832","0.8567999601364136","0.8567999601364136","0.8567999601364136","1","1","1","1","1","1","0.045899998396635056","0.045899998396635056","0.045899998396635056","1","1","1"
"606","1","1","1","1","1","1","0.04739999771118164","0.04739999771118164","0.04739999771118164","1","1","1","1","1","1","1","1","1","0.04389999806880951","0.04389999806880951","0.04389999806880951","1","1","1","0.9997499883174896","0.9994999766349792","1","0.9998499751091003","0.9996999502182007","1","0.3701999932527542","0.3686999976634979","0.3716999888420105","0.6513999998569489","0.6428999900817871","0.6599000096321106","1","1","1","1","1","1","0.26534999907016754","0.24009999632835388","0.2906000018119812","0.8189999759197235","0.8123999834060669","0.8255999684333801","1","1","1","1","1","1","0.23929999768733978","0.23929999768733978","0.23929999768733978","0.8626999855041504","0.8626999855041504","0.8626999855041504","1","1","1","1","1","1","0.2467999905347824","0.2467999905347824","0.2467999905347824","0.8560999631881714","0.8560999631881714","0.8560999631881714","1","1","1","1","1","1","0.044199999421834946","0.044199999421834946","0.044199999421834946","1","1","1"
"617","1","1","1","1","1","1","0.04729999974370003","0.04729999974370003","0.04729999974370003","1","1","1","1","1","1","1","1","1","0.043699998408555984","0.043699998408555984","0.043699998408555984","1","1","1","0.9989999830722809","0.9979999661445618","1","0.9997499883174896","0.9995999932289124","0.9998999834060669","0.37519998848438263","0.37129998207092285","0.3790999948978424","0.6513499915599823","0.6446999907493591","0.6579999923706055","1","1","1","1","1","1","0.28244999051094055","0.2636999785900116","0.3012000024318695","0.8236999809741974","0.8176999688148499","0.8296999931335449","1","1","1","1","1","1","0.2328999936580658","0.2328999936580658","0.2328999936580658","0.8614999651908875","0.8614999651908875","0.8614999651908875","1","1","1","1","1","1","0.2523999810218811","0.2523999810218811","0.2523999810218811","0.85589998960495","0.85589998960495","0.85589998960495","1","1","1","1","1","1","0.04519999772310257","0.04519999772310257","0.04519999772310257","1","1","1"
"628","1","1","1","1","1","1","0.04649999737739563","0.04649999737739563","0.04649999737739563","1","1","1","1","1","1","1","1","1","0.04360000044107437","0.04360000044107437","0.04360000044107437","1","1","1","0.9993999898433685","0.9987999796867371","1","0.9998499751091003","0.9996999502182007","1","0.36979998648166656","0.3693999946117401","0.370199978351593","0.6498499810695648","0.6448000073432922","0.6548999547958374","1","1","1","1","1","1","0.2885499894618988","0.27619999647140503","0.3008999824523926","0.8248999714851379","0.8204999566078186","0.8292999863624573","1","1","1","1","1","1","0.23829999566078186","0.23829999566078186","0.23829999566078186","0.8632999658584595","0.8632999658584595","0.8632999658584595","1","1","1","1","1","1","0.2459999918937683","0.2459999918937683","0.2459999918937683","0.8553999662399292","0.8553999662399292","0.8553999662399292","1","1","1","1","1","1","0.04490000009536743","0.04490000009536743","0.04490000009536743","1","1","1"
"639","1","1","1","1","1","1","0.046299997717142105","0.046299997717142105","0.046299997717142105","1","1","1","1","1","1","1","1","1","0.04389999806880951","0.04389999806880951","0.04389999806880951","1","1","1","0.9996999800205231","0.9993999600410461","1","0.9998999834060669","0.9998999834060669","0.9998999834060669","0.365899994969368","0.35850000381469727","0.3732999861240387","0.6464999914169312","0.637499988079071","0.6554999947547913","1","1","1","1","1","1","0.27525000274181366","0.2549000084400177","0.2955999970436096","0.8209499716758728","0.8150999546051025","0.8267999887466431","1","1","1","1","1","1","0.22709999978542328","0.22709999978542328","0.22709999978542328","0.8611999750137329","0.8611999750137329","0.8611999750137329","1","1","1","1","1","1","0.26350000500679016","0.26350000500679016","0.26350000500679016","0.857699990272522","0.857699990272522","0.857699990272522","1","1","1","1","1","1","0.04619999974966049","0.04619999974966049","0.04619999974966049","1","1","1"
"650","1","1","1","1","1","1","0.04739999771118164","0.04739999771118164","0.04739999771118164","1","1","1","1","1","1","1","1","1","0.04360000044107437","0.04360000044107437","0.04360000044107437","1","1","1","0.9996500015258789","0.9993000030517578","1","0.9998499751091003","0.9997999668121338","0.9998999834060669","0.3634999990463257","0.36079999804496765","0.3662000000476837","0.6455499827861786","0.6405999660491943","0.6504999995231628","1","1","1","1","1","1","0.28325000405311584","0.27300000190734863","0.29350000619888306","0.823449969291687","0.8194999694824219","0.8273999691009521","1","1","1","1","1","1","0.23189999163150787","0.23189999163150787","0.23189999163150787","0.8604999780654907","0.8604999780654907","0.8604999780654907","1","1","1","1","1","1","0.2613999843597412","0.2613999843597412","0.2613999843597412","0.8563999533653259","0.8563999533653259","0.8563999533653259","1","1","1","1","1","1","0.04569999873638153","0.04569999873638153","0.04569999873638153","1","1","1"
"661","1","1","1","1","1","1","0.04699999839067459","0.04699999839067459","0.04699999839067459","1","1","1","1","1","1","1","1","1","0.04319999739527702","0.04319999739527702","0.04319999739527702","1","1","1","0.9994499981403351","0.9988999962806702","1","0.9998499751091003","0.9997999668121338","0.9998999834060669","0.3639499992132187","0.3603000044822693","0.3675999939441681","0.6444500088691711","0.6380000114440918","0.6509000062942505","1","1","1","0.9999499917030334","0.9998999834060669","1","0.29284998774528503","0.2791999876499176","0.30649998784065247","0.8263499736785889","0.821399986743927","0.8312999606132507","1","1","1","1","1","1","0.24929998815059662","0.24929998815059662","0.24929998815059662","0.8641999959945679","0.8641999959945679","0.8641999959945679","1","1","1","1","1","1","0.25369998812675476","0.25369998812675476","0.25369998812675476","0.85589998960495","0.85589998960495","0.85589998960495","1","1","1","1","1","1","0.04609999805688858","0.04609999805688858","0.04609999805688858","1","1","1"
"672","1","1","1","1","1","1","0.04739999771118164","0.04739999771118164","0.04739999771118164","1","1","1","1","1","1","1","1","1","0.04399999976158142","0.04399999976158142","0.04399999976158142","1","1","1","0.999099999666214","0.998199999332428","1","0.9997499883174896","0.9995999932289124","0.9998999834060669","0.3579999953508377","0.3549000024795532","0.3610999882221222","0.642549991607666","0.638700008392334","0.646399974822998","1","1","1","1","1","1","0.282399982213974","0.25689998269081116","0.30789998173713684","0.8224999904632568","0.8152999877929688","0.8296999931335449","1","1","1","1","1","1","0.23770000040531158","0.23770000040531158","0.23770000040531158","0.8607999682426453","0.8607999682426453","0.8607999682426453","1","1","1","1","1","1","0.27160000801086426","0.27160000801086426","0.27160000801086426","0.8574000000953674","0.8574000000953674","0.8574000000953674","1","1","1","1","1","1","0.044999998062849045","0.044999998062849045","0.044999998062849045","1","1","1"
"683","1","1","1","1","1","1","0.04749999940395355","0.04749999940395355","0.04749999940395355","1","1","1","1","1","1","1","1","1","0.04360000044107437","0.04360000044107437","0.04360000044107437","1","1","1","0.9995499849319458","0.9990999698638916","1","0.9998499751091003","0.9996999502182007","1","0.368149995803833","0.36079999804496765","0.37549999356269836","0.6480999886989594","0.6413999795913696","0.6547999978065491","1","1","1","1","1","1","0.29579998552799225","0.28369998931884766","0.30789998173713684","0.8257499635219574","0.820099949836731","0.8313999772071838","1","1","1","1","1","1","0.24789999425411224","0.24789999425411224","0.24789999425411224","0.863599956035614","0.863599956035614","0.863599956035614","1","1","1","1","1","1","0.26989999413490295","0.26989999413490295","0.26989999413490295","0.8600999712944031","0.8600999712944031","0.8600999712944031","1","1","1","1","1","1","0.045099999755620956","0.045099999755620956","0.045099999755620956","1","1","1"
"694","1","1","1","1","1","1","0.04769999906420708","0.04769999906420708","0.04769999906420708","1","1","1","1","1","1","1","1","1","0.043299999088048935","0.043299999088048935","0.043299999088048935","1","1","1","0.9997999966144562","0.9995999932289124","1","0.9999499917030334","0.9998999834060669","1","0.36354999244213104","0.35249999165534973","0.37459999322891235","0.644599974155426","0.6324999928474426","0.6566999554634094","1","1","1","1","1","1","0.2955999970436096","0.28610000014305115","0.3050999939441681","0.8267499804496765","0.8216999769210815","0.8317999839782715","1","1","1","1","1","1","0.24219998717308044","0.24219998717308044","0.24219998717308044","0.8615999817848206","0.8615999817848206","0.8615999817848206","1","1","1","1","1","1","0.27140000462532043","0.27140000462532043","0.27140000462532043","0.8600999712944031","0.8600999712944031","0.8600999712944031","1","1","1","1","1","1","0.04519999772310257","0.04519999772310257","0.04519999772310257","1","1","1"
"705","1","1","1","1","1","1","0.0471000000834465","0.0471000000834465","0.0471000000834465","1","1","1","1","1","1","1","1","1","0.04360000044107437","0.04360000044107437","0.04360000044107437","1","1","1","0.9996999800205231","0.9993999600410461","1","0.9999499917030334","0.9998999834060669","1","0.3678499907255173","0.351500004529953","0.38419997692108154","0.6495499908924103","0.6335999965667725","0.6654999852180481","1","1","1","1","1","1","0.28894999623298645","0.2777000069618225","0.3001999855041504","0.8238999545574188","0.8193999528884888","0.8283999562263489","1","1","1","1","1","1","0.2352999895811081","0.2352999895811081","0.2352999895811081","0.8621999621391296","0.8621999621391296","0.8621999621391296","1","1","1","1","1","1","0.2718999981880188","0.2718999981880188","0.2718999981880188","0.8596000075340271","0.8596000075340271","0.8596000075340271","1","1","1","1","1","1","0.044499997049570084","0.044499997049570084","0.044499997049570084","1","1","1"
"716","1","1","1","1","1","1","0.04739999771118164","0.04739999771118164","0.04739999771118164","1","1","1","1","1","1","1","1","1","0.043299999088048935","0.043299999088048935","0.043299999088048935","1","1","1","0.9999499917030334","0.9998999834060669","1","0.9998499751091003","0.9997999668121338","0.9998999834060669","0.36319999396800995","0.3513999879360199","0.375","0.6480999886989594","0.6358000040054321","0.6603999733924866","1","1","1","1","1","1","0.2899499982595444","0.28519999980926514","0.2946999967098236","0.8248999714851379","0.8247999548912048","0.824999988079071","1","1","1","1","1","1","0.24009999632835388","0.24009999632835388","0.24009999632835388","0.8608999848365784","0.8608999848365784","0.8608999848365784","1","1","1","1","1","1","0.26159998774528503","0.26159998774528503","0.26159998774528503","0.8580999970436096","0.8580999970436096","0.8580999970436096","1","1","1","1","1","1","0.04529999941587448","0.04529999941587448","0.04529999941587448","1","1","1"
"727","1","1","1","1","1","1","0.04749999940395355","0.04749999940395355","0.04749999940395355","1","1","1","1","1","1","1","1","1","0.04389999806880951","0.04389999806880951","0.04389999806880951","1","1","1","0.9998499751091003","0.9997999668121338","0.9998999834060669","0.9998999834060669","0.9998999834060669","0.9998999834060669","0.36524999141693115","0.357699990272522","0.37279999256134033","0.6483999788761139","0.6385999917984009","0.6581999659538269","1","1","1","1","1","1","0.3007500022649765","0.28949999809265137","0.31200000643730164","0.8282999694347382","0.8238999843597412","0.8326999545097351","1","1","1","1","1","1","0.23389999568462372","0.23389999568462372","0.23389999568462372","0.8611999750137329","0.8611999750137329","0.8611999750137329","1","1","1","1","1","1","0.2615000009536743","0.2615000009536743","0.2615000009536743","0.8583999872207642","0.8583999872207642","0.8583999872207642","1","1","1","1","1","1","0.045099999755620956","0.045099999755620956","0.045099999755620956","1","1","1"
"738","1","1","1","1","1","1","0.04749999940395355","0.04749999940395355","0.04749999940395355","1","1","1","1","1","1","1","1","1","0.04399999976158142","0.04399999976158142","0.04399999976158142","1","1","1","0.9998499751091003","0.9996999502182007","1","0.9998999834060669","0.9998999834060669","0.9998999834060669","0.3595999926328659","0.35850000381469727","0.36069998145103455","0.6439499855041504","0.6388999819755554","0.6489999890327454","1","1","1","1","1","1","0.2963999956846237","0.28679999709129333","0.3059999942779541","0.8276999890804291","0.8242999911308289","0.8310999870300293","1","1","1","1","1","1","0.23519998788833618","0.23519998788833618","0.23519998788833618","0.8611999750137329","0.8611999750137329","0.8611999750137329","1","1","1","1","1","1","0.2777000069618225","0.2777000069618225","0.2777000069618225","0.8607999682426453","0.8607999682426453","0.8607999682426453","1","1","1","1","1","1","0.04479999840259552","0.04479999840259552","0.04479999840259552","1","1","1"
"749","1","1","1","1","1","1","0.04739999771118164","0.04739999771118164","0.04739999771118164","1","1","1","1","1","1","1","1","1","0.04339999705553055","0.04339999705553055","0.04339999705553055","1","1","1","0.9998499751091003","0.9997999668121338","0.9998999834060669","0.9998999834060669","0.9998999834060669","0.9998999834060669","0.36549998819828033","0.3568999767303467","0.374099999666214","0.6483999788761139","0.6362999677658081","0.6604999899864197","1","1","1","1","1","1","0.30239999294281006","0.30219998955726624","0.3025999963283539","0.8299499750137329","0.8285999894142151","0.8312999606132507","1","1","1","1","1","1","0.23479999601840973","0.23479999601840973","0.23479999601840973","0.8606999516487122","0.8606999516487122","0.8606999516487122","1","1","1","1","1","1","0.2726999819278717","0.2726999819278717","0.2726999819278717","0.8592000007629395","0.8592000007629395","0.8592000007629395","1","1","1","1","1","1","0.04569999873638153","0.04569999873638153","0.04569999873638153","1","1","1"
"760","1","1","1","1","1","1","0.04779999703168869","0.04779999703168869","0.04779999703168869","1","1","1","1","1","1","1","1","1","0.04339999705553055","0.04339999705553055","0.04339999705553055","1","1","1","0.9999499917030334","0.9998999834060669","1","0.9998999834060669","0.9998999834060669","0.9998999834060669","0.36534999310970306","0.35659998655319214","0.374099999666214","0.6492499709129333","0.6395999789237976","0.6588999629020691","1","1","1","1","1","1","0.30174998939037323","0.29429998993873596","0.3091999888420105","0.8287999927997589","0.8245999813079834","0.8330000042915344","1","1","1","1","1","1","0.22709999978542328","0.22709999978542328","0.22709999978542328","0.8606999516487122","0.8606999516487122","0.8606999516487122","1","1","1","1","1","1","0.27309998869895935","0.27309998869895935","0.27309998869895935","0.8600999712944031","0.8600999712944031","0.8600999712944031","1","1","1","1","1","1","0.04470000043511391","0.04470000043511391","0.04470000043511391","1","1","1"
"771","1","1","1","1","1","1","0.04769999906420708","0.04769999906420708","0.04769999906420708","1","1","1","1","1","1","1","1","1","0.04349999874830246","0.04349999874830246","0.04349999874830246","1","1","1","0.9999499917030334","0.9998999834060669","1","0.9998499751091003","0.9996999502182007","1","0.37049998342990875","0.370199978351593","0.3707999885082245","0.6518499851226807","0.6496999859809875","0.6539999842643738","1","1","1","1","1","1","0.29805000126361847","0.29440000653266907","0.30169999599456787","0.8274999856948853","0.8237999677658081","0.8312000036239624","1","1","1","1","1","1","0.2336999922990799","0.2336999922990799","0.2336999922990799","0.8628000020980835","0.8628000020980835","0.8628000020980835","1","1","1","1","1","1","0.26739999651908875","0.26739999651908875","0.26739999651908875","0.8587999939918518","0.8587999939918518","0.8587999939918518","1","1","1","1","1","1","0.045499999076128006","0.045499999076128006","0.045499999076128006","1","1","1"
"782","1","1","1","1","1","1","0.04749999940395355","0.04749999940395355","0.04749999940395355","1","1","1","1","1","1","1","1","1","0.043299999088048935","0.043299999088048935","0.043299999088048935","1","1","1","0.9998499751091003","0.9996999502182007","1","0.9998999834060669","0.9998999834060669","0.9998999834060669","0.3691999912261963","0.3669999837875366","0.37139999866485596","0.6515999734401703","0.6482999920845032","0.6548999547958374","1","1","1","1","1","1","0.2924000024795532","0.28380000591278076","0.3009999990463257","0.8264499604701996","0.821899950504303","0.8309999704360962","1","1","1","1","1","1","0.22819998860359192","0.22819998860359192","0.22819998860359192","0.8616999983787537","0.8616999983787537","0.8616999983787537","1","1","1","1","1","1","0.262800008058548","0.262800008058548","0.262800008058548","0.8583999872207642","0.8583999872207642","0.8583999872207642","1","1","1","1","1","1","0.045399997383356094","0.045399997383356094","0.045399997383356094","1","1","1"
"793","1","1","1","1","1","1","0.04749999940395355","0.04749999940395355","0.04749999940395355","1","1","1","1","1","1","1","1","1","0.04339999705553055","0.04339999705553055","0.04339999705553055","1","1","1","1","1","1","0.9998999834060669","0.9998999834060669","0.9998999834060669","0.36389999091625214","0.35760000348091125","0.370199978351593","0.6456499695777893","0.6405999660491943","0.6506999731063843","1","1","1","1","1","1","0.29394999146461487","0.2821999788284302","0.30570000410079956","0.8264999687671661","0.8212999701499939","0.8316999673843384","1","1","1","1","1","1","0.2386999875307083","0.2386999875307083","0.2386999875307083","0.8629999756813049","0.8629999756813049","0.8629999756813049","1","1","1","1","1","1","0.2786000072956085","0.2786000072956085","0.2786000072956085","0.8621000051498413","0.8621000051498413","0.8621000051498413","1","1","1","1","1","1","0.044999998062849045","0.044999998062849045","0.044999998062849045","1","1","1"
"804","1","1","1","1","1","1","0.04749999940395355","0.04749999940395355","0.04749999940395355","1","1","1","1","1","1","1","1","1","0.04309999942779541","0.04309999942779541","0.04309999942779541","1","1","1","0.9996999800205231","0.9993999600410461","1","0.9998999834060669","0.9997999668121338","1","0.3696499913930893","0.3625999987125397","0.3766999840736389","0.6511499881744385","0.6456999778747559","0.6565999984741211","1","1","1","1","1","1","0.2891499996185303","0.2856999933719635","0.29260000586509705","0.8241999745368958","0.820099949836731","0.8282999992370605","1","1","1","1","1","1","0.23709999024868011","0.23709999024868011","0.23709999024868011","0.8639000058174133","0.8639000058174133","0.8639000058174133","1","1","1","1","1","1","0.26899999380111694","0.26899999380111694","0.26899999380111694","0.8600999712944031","0.8600999712944031","0.8600999712944031","1","1","1","1","1","1","0.04479999840259552","0.04479999840259552","0.04479999840259552","1","1","1"
"815","1","1","1","1","1","1","0.047199998050928116","0.047199998050928116","0.047199998050928116","1","1","1","1","1","1","1","1","1","0.043299999088048935","0.043299999088048935","0.043299999088048935","1","1","1","0.9998999834060669","0.9997999668121338","1","0.9999499917030334","0.9998999834060669","1","0.36569999158382416","0.3630000054836273","0.368399977684021","0.6462499797344208","0.6425999999046326","0.649899959564209","1","1","1","1","1","1","0.29635000228881836","0.2800000011920929","0.3127000033855438","0.8267499804496765","0.8199999928474426","0.8334999680519104","1","1","1","1","1","1","0.2442999929189682","0.2442999929189682","0.2442999929189682","0.8643999695777893","0.8643999695777893","0.8643999695777893","1","1","1","1","1","1","0.2735999822616577","0.2735999822616577","0.2735999822616577","0.8605999946594238","0.8605999946594238","0.8605999946594238","1","1","1","1","1","1","0.04439999908208847","0.04439999908208847","0.04439999908208847","1","1","1"
"826","1","1","1","1","1","1","0.04739999771118164","0.04739999771118164","0.04739999771118164","1","1","1","1","1","1","1","1","1","0.043699998408555984","0.043699998408555984","0.043699998408555984","1","1","1","0.9999499917030334","0.9998999834060669","1","0.9999499917030334","0.9998999834060669","1","0.3692999929189682","0.36149999499320984","0.37709999084472656","0.6495999693870544","0.642799973487854","0.6563999652862549","1","1","1","1","1","1","0.2959499955177307","0.2797999978065491","0.31209999322891235","0.8265499770641327","0.8205999732017517","0.8324999809265137","1","1","1","1","1","1","0.24619999527931213","0.24619999527931213","0.24619999527931213","0.8629999756813049","0.8629999756813049","0.8629999756813049","1","1","1","1","1","1","0.26569998264312744","0.26569998264312744","0.26569998264312744","0.8603000044822693","0.8603000044822693","0.8603000044822693","1","1","1","1","1","1","0.04559999704360962","0.04559999704360962","0.04559999704360962","1","1","1"
"837","1","1","1","1","1","1","0.0471000000834465","0.0471000000834465","0.0471000000834465","1","1","1","1","1","1","1","1","1","0.042500000447034836","0.042500000447034836","0.042500000447034836","1","1","1","1","1","1","0.9999499917030334","0.9998999834060669","1","0.3698499947786331","0.36399999260902405","0.3756999969482422","0.6500000059604645","0.6473000049591064","0.6527000069618225","1","1","1","1","1","1","0.30319999158382416","0.29009997844696045","0.31630000472068787","0.828249990940094","0.8217999935150146","0.8346999883651733","1","1","1","1","1","1","0.23499999940395355","0.23499999940395355","0.23499999940395355","0.8615999817848206","0.8615999817848206","0.8615999817848206","1","1","1","1","1","1","0.2735999822616577","0.2735999822616577","0.2735999822616577","0.859499990940094","0.859499990940094","0.859499990940094","1","1","1","1","1","1","0.045499999076128006","0.045499999076128006","0.045499999076128006","1","1","1"
"848","1","1","1","1","1","1","0.04800000041723251","0.04800000041723251","0.04800000041723251","1","1","1","1","1","1","1","1","1","0.04339999705553055","0.04339999705553055","0.04339999705553055","1","1","1","0.9999499917030334","0.9998999834060669","1","0.9999499917030334","0.9998999834060669","1","0.37689998745918274","0.37369999289512634","0.38009998202323914","0.6548500061035156","0.6520000100135803","0.6577000021934509","1","1","1","1","1","1","0.3016499876976013","0.28999999165534973","0.3132999837398529","0.8283999860286713","0.823199987411499","0.8335999846458435","1","1","1","1","1","1","0.2441999912261963","0.2441999912261963","0.2441999912261963","0.863099992275238","0.863099992275238","0.863099992275238","1","1","1","1","1","1","0.2782999873161316","0.2782999873161316","0.2782999873161316","0.8610000014305115","0.8610000014305115","0.8610000014305115","1","1","1","1","1","1","0.04479999840259552","0.04479999840259552","0.04479999840259552","1","1","1"
"859","1","1","1","1","1","1","0.04839999973773956","0.04839999973773956","0.04839999973773956","1","1","1","1","1","1","1","1","1","0.04270000010728836","0.04270000010728836","0.04270000010728836","1","1","1","0.9998999834060669","0.9997999668121338","1","0.9999499917030334","0.9998999834060669","1","0.3684999942779541","0.3621000051498413","0.3748999834060669","0.6510999798774719","0.6496999859809875","0.6524999737739563","1","1","1","1","1","1","0.2961999922990799","0.28439998626708984","0.30799999833106995","0.8274999856948853","0.8219999670982361","0.8330000042915344","1","1","1","1","1","1","0.24369999766349792","0.24369999766349792","0.24369999766349792","0.8640999794006348","0.8640999794006348","0.8640999794006348","1","1","1","1","1","1","0.27799999713897705","0.27799999713897705","0.27799999713897705","0.8596999645233154","0.8596999645233154","0.8596999645233154","1","1","1","1","1","1","0.044999998062849045","0.044999998062849045","0.044999998062849045","1","1","1"
"870","1","1","1","1","1","1","0.0478999987244606","0.0478999987244606","0.0478999987244606","1","1","1","1","1","1","1","1","1","0.043299999088048935","0.043299999088048935","0.043299999088048935","1","1","1","0.9998499751091003","0.9997999668121338","0.9998999834060669","0.9997499883174896","0.9995999932289124","0.9998999834060669","0.37434999644756317","0.3716000020503998","0.37709999084472656","0.6538999974727631","0.6503999829292297","0.6574000120162964","1","1","1","1","1","1","0.29759998619556427","0.28999999165534973","0.3051999807357788","0.8258999884128571","0.8212999701499939","0.8305000066757202","1","1","1","1","1","1","0.23770000040531158","0.23770000040531158","0.23770000040531158","0.8625999689102173","0.8625999689102173","0.8625999689102173","1","1","1","1","1","1","0.27969998121261597","0.27969998121261597","0.27969998121261597","0.8603000044822693","0.8603000044822693","0.8603000044822693","1","1","1","1","1","1","0.04559999704360962","0.04559999704360962","0.04559999704360962","1","1","1"
"881","1","1","1","1","1","1","0.04800000041723251","0.04800000041723251","0.04800000041723251","1","1","1","1","1","1","1","1","1","0.042899999767541885","0.042899999767541885","0.042899999767541885","1","1","1","0.9999499917030334","0.9998999834060669","1","0.9998999834060669","0.9997999668121338","1","0.37334999442100525","0.3707999885082245","0.375900000333786","0.6512499749660492","0.6509999632835388","0.6514999866485596","1","1","1","1","1","1","0.2897999882698059","0.282399982213974","0.2971999943256378","0.8253999650478363","0.8212999701499939","0.8294999599456787","1","1","1","1","1","1","0.20719999074935913","0.20719999074935913","0.20719999074935913","0.8578999638557434","0.8578999638557434","0.8578999638557434","1","1","1","1","1","1","0.2655999958515167","0.2655999958515167","0.2655999958515167","0.8578000068664551","0.8578000068664551","0.8578000068664551","1","1","1","1","1","1","0.04479999840259552","0.04479999840259552","0.04479999840259552","1","1","1"
"892","1","1","1","1","1","1","0.04809999838471413","0.04809999838471413","0.04809999838471413","1","1","1","1","1","1","1","1","1","0.04319999739527702","0.04319999739527702","0.04319999739527702","1","1","1","0.9999499917030334","0.9998999834060669","1","0.9998999834060669","0.9998999834060669","0.9998999834060669","0.3749999850988388","0.37219998240470886","0.37779998779296875","0.6540999710559845","0.6485999822616577","0.6595999598503113","1","1","1","1","1","1","0.2854999899864197","0.26479998230934143","0.3061999976634979","0.8240499794483185","0.8172000050544739","0.8308999538421631","1","1","1","1","1","1","0.23549999296665192","0.23549999296665192","0.23549999296665192","0.8628999590873718","0.8628999590873718","0.8628999590873718","1","1","1","1","1","1","0.2742999792098999","0.2742999792098999","0.2742999792098999","0.8592999577522278","0.8592999577522278","0.8592999577522278","1","1","1","1","1","1","0.04529999941587448","0.04529999941587448","0.04529999941587448","1","1","1"
"903","1","1","1","1","1","1","0.0478999987244606","0.0478999987244606","0.0478999987244606","1","1","1","1","1","1","1","1","1","0.04339999705553055","0.04339999705553055","0.04339999705553055","1","1","1","0.9999499917030334","0.9998999834060669","1","0.9999499917030334","0.9998999834060669","1","0.3701999932527542","0.3684999942779541","0.3718999922275543","0.6522499620914459","0.6520999670028687","0.6523999571800232","1","1","1","1","1","1","0.29989999532699585","0.29899999499320984","0.30079999566078186","0.8281499743461609","0.825499951839447","0.8307999968528748","1","1","1","1","1","1","0.2418999969959259","0.2418999969959259","0.2418999969959259","0.8642999529838562","0.8642999529838562","0.8642999529838562","1","1","1","1","1","1","0.27549999952316284","0.27549999952316284","0.27549999952316284","0.85999995470047","0.85999995470047","0.85999995470047","1","1","1","1","1","1","0.045499999076128006","0.045499999076128006","0.045499999076128006","1","1","1"
"914","1","1","1","1","1","1","0.04779999703168869","0.04779999703168869","0.04779999703168869","1","1","1","1","1","1","1","1","1","0.042899999767541885","0.042899999767541885","0.042899999767541885","1","1","1","0.9998499751091003","0.9996999502182007","1","0.9998999834060669","0.9997999668121338","1","0.3817499876022339","0.37059998512268066","0.3928999900817871","0.6582499742507935","0.6554999947547913","0.6609999537467957","1","1","1","1","1","1","0.2925499975681305","0.2912999987602234","0.2937999963760376","0.8260499835014343","0.8235999941825867","0.828499972820282","1","1","1","1","1","1","0.24319998919963837","0.24319998919963837","0.24319998919963837","0.8643999695777893","0.8643999695777893","0.8643999695777893","1","1","1","1","1","1","0.2721000015735626","0.2721000015735626","0.2721000015735626","0.8606999516487122","0.8606999516487122","0.8606999516487122","1","1","1","1","1","1","0.04479999840259552","0.04479999840259552","0.04479999840259552","1","1","1"
"925","1","1","1","1","1","1","0.0478999987244606","0.0478999987244606","0.0478999987244606","1","1","1","1","1","1","1","1","1","0.042899999767541885","0.042899999767541885","0.042899999767541885","1","1","1","0.9999499917030334","0.9998999834060669","1","0.9998999834060669","0.9997999668121338","1","0.3869999796152115","0.3807999789714813","0.39319998025894165","0.6590999662876129","0.6578999757766724","0.6602999567985535","1","1","1","1","1","1","0.2925499826669693","0.2913999855518341","0.2936999797821045","0.8256999850273132","0.8228999972343445","0.828499972820282","1","1","1","1","1","1","0.23999999463558197","0.23999999463558197","0.23999999463558197","0.8629999756813049","0.8629999756813049","0.8629999756813049","1","1","1","1","1","1","0.27789998054504395","0.27789998054504395","0.27789998054504395","0.861299991607666","0.861299991607666","0.861299991607666","1","1","1","1","1","1","0.04479999840259552","0.04479999840259552","0.04479999840259552","1","1","1"
"936","1","1","1","1","1","1","0.047199998050928116","0.047199998050928116","0.047199998050928116","1","1","1","1","1","1","1","1","1","0.0429999977350235","0.0429999977350235","0.0429999977350235","1","1","1","0.9999499917030334","0.9998999834060669","1","0.9999499917030334","0.9998999834060669","1","0.38349999487400055","0.3831000030040741","0.383899986743927","0.6582500040531158","0.6574000120162964","0.6590999960899353","1","1","1","1","1","1","0.29979999363422394","0.2955999970436096","0.30399999022483826","0.829649955034256","0.825499951839447","0.8337999582290649","1","1","1","1","1","1","0.2513999938964844","0.2513999938964844","0.2513999938964844","0.8672999739646912","0.8672999739646912","0.8672999739646912","1","1","1","1","1","1","0.2858999967575073","0.2858999967575073","0.2858999967575073","0.8634999990463257","0.8634999990463257","0.8634999990463257","1","1","1","1","1","1","0.04580000042915344","0.04580000042915344","0.04580000042915344","1","1","1"
"947","1","1","1","1","1","1","0.047599997371435165","0.047599997371435165","0.047599997371435165","1","1","1","1","1","1","1","1","1","0.04270000010728836","0.04270000010728836","0.04270000010728836","1","1","1","0.9999499917030334","0.9998999834060669","1","0.9999499917030334","0.9998999834060669","1","0.37949998676776886","0.3780999779701233","0.38089999556541443","0.6556999981403351","0.6547999978065491","0.6565999984741211","1","1","1","1","1","1","0.29680000245571136","0.28790000081062317","0.30570000410079956","0.8294999599456787","0.8279999494552612","0.8309999704360962","1","1","1","1","1","1","0.25029999017715454","0.25029999017715454","0.25029999017715454","0.8657000064849854","0.8657000064849854","0.8657000064849854","1","1","1","1","1","1","0.2827000021934509","0.2827000021934509","0.2827000021934509","0.8611999750137329","0.8611999750137329","0.8611999750137329","1","1","1","1","1","1","0.04559999704360962","0.04559999704360962","0.04559999704360962","1","1","1"
"958","1","1","1","1","1","1","0.047599997371435165","0.047599997371435165","0.047599997371435165","1","1","1","1","1","1","1","1","1","0.042899999767541885","0.042899999767541885","0.042899999767541885","1","1","1","0.9999499917030334","0.9998999834060669","1","1","1","1","0.3850499838590622","0.3836999833583832","0.3863999843597412","0.6593499779701233","0.6592999696731567","0.6593999862670898","1","1","1","1","1","1","0.30089999735355377","0.29739999771118164","0.3043999969959259","0.8297999799251556","0.8259999752044678","0.8335999846458435","1","1","1","1","1","1","0.25279998779296875","0.25279998779296875","0.25279998779296875","0.8660999536514282","0.8660999536514282","0.8660999536514282","1","1","1","1","1","1","0.2777999937534332","0.2777999937534332","0.2777999937534332","0.8600999712944031","0.8600999712944031","0.8600999712944031","1","1","1","1","1","1","0.04519999772310257","0.04519999772310257","0.04519999772310257","1","1","1"
"969","1","1","1","1","1","1","0.04779999703168869","0.04779999703168869","0.04779999703168869","1","1","1","1","1","1","1","1","1","0.042799998074769974","0.042799998074769974","0.042799998074769974","1","1","1","0.9999499917030334","0.9998999834060669","1","1","1","1","0.3840999901294708","0.3783999979496002","0.38979998230934143","0.6572999954223633","0.6536999940872192","0.6608999967575073","1","1","1","1","1","1","0.29989999532699585","0.2947999835014343","0.3050000071525574","0.829399973154068","0.8269999623298645","0.8317999839782715","1","1","1","1","1","1","0.25669997930526733","0.25669997930526733","0.25669997930526733","0.8666999936103821","0.8666999936103821","0.8666999936103821","1","1","1","1","1","1","0.284199982881546","0.284199982881546","0.284199982881546","0.8616999983787537","0.8616999983787537","0.8616999983787537","1","1","1","1","1","1","0.04569999873638153","0.04569999873638153","0.04569999873638153","1","1","1"
"980","1","1","1","1","1","1","0.04779999703168869","0.04779999703168869","0.04779999703168869","1","1","1","1","1","1","1","1","1","0.04339999705553055","0.04339999705553055","0.04339999705553055","1","1","1","0.9998999834060669","0.9997999668121338","1","0.9999499917030334","0.9998999834060669","1","0.3842500001192093","0.3837999999523163","0.3847000002861023","0.6552999913692474","0.6550999879837036","0.6554999947547913","1","1","1","1","1","1","0.2935999929904938","0.28450000286102295","0.3026999831199646","0.8283499777317047","0.8222000002861023","0.8344999551773071","1","1","1","1","1","1","0.24139998853206635","0.24139998853206635","0.24139998853206635","0.8639000058174133","0.8639000058174133","0.8639000058174133","1","1","1","1","1","1","0.2842999994754791","0.2842999994754791","0.2842999994754791","0.8621999621391296","0.8621999621391296","0.8621999621391296","1","1","1","1","1","1","0.04580000042915344","0.04580000042915344","0.04580000042915344","1","1","1"
"991","1","1","1","1","1","1","0.04739999771118164","0.04739999771118164","0.04739999771118164","1","1","1","1","1","1","1","1","1","0.042399998754262924","0.042399998754262924","0.042399998754262924","1","1","1","0.9999499917030334","0.9998999834060669","1","1","1","1","0.37039999663829803","0.36649999022483826","0.3743000030517578","0.6478999853134155","0.6449999809265137","0.6507999897003174","1","1","1","1","1","1","0.2975499927997589","0.29649999737739563","0.2985999882221222","0.8276499807834625","0.824999988079071","0.830299973487854","1","1","1","1","1","1","0.2458999902009964","0.2458999902009964","0.2458999902009964","0.8648999929428101","0.8648999929428101","0.8648999929428101","1","1","1","1","1","1","0.28329998254776","0.28329998254776","0.28329998254776","0.8614999651908875","0.8614999651908875","0.8614999651908875","1","1","1","1","1","1","0.045399997383356094","0.045399997383356094","0.045399997383356094","1","1","1"
"1002","1","1","1","1","1","1","0.04769999906420708","0.04769999906420708","0.04769999906420708","1","1","1","1","1","1","1","1","1","0.04259999841451645","0.04259999841451645","0.04259999841451645","1","1","1","1","1","1","0.9999499917030334","0.9998999834060669","1","0.3810499906539917","0.3779999911785126","0.3840999901294708","0.6545999944210052","0.652999997138977","0.6561999917030334","1","1","1","1","1","1","0.29789999127388","0.2886999845504761","0.30709999799728394","0.8287999927997589","0.8240000009536743","0.8335999846458435","1","1","1","1","1","1","0.25200000405311584","0.25200000405311584","0.25200000405311584","0.8648999929428101","0.8648999929428101","0.8648999929428101","1","1","1","1","1","1","0.2897999882698059","0.2897999882698059","0.2897999882698059","0.8628999590873718","0.8628999590873718","0.8628999590873718","1","1","1","1","1","1","0.04490000009536743","0.04490000009536743","0.04490000009536743","1","1","1"
"1013","1","1","1","1","1","1","0.0478999987244606","0.0478999987244606","0.0478999987244606","1","1","1","1","1","1","1","1","1","0.0429999977350235","0.0429999977350235","0.0429999977350235","1","1","1","1","1","1","0.9999499917030334","0.9998999834060669","1","0.3734999895095825","0.36069998145103455","0.3862999975681305","0.6506499946117401","0.6450999975204468","0.6561999917030334","1","1","1","1","1","1","0.2957499921321869","0.289900004863739","0.30159997940063477","0.8287499845027924","0.8248999714851379","0.8325999975204468","1","1","1","1","1","1","0.258899986743927","0.258899986743927","0.258899986743927","0.8664000034332275","0.8664000034332275","0.8664000034332275","1","1","1","1","1","1","0.28540000319480896","0.28540000319480896","0.28540000319480896","0.8618999719619751","0.8618999719619751","0.8618999719619751","1","1","1","1","1","1","0.04569999873638153","0.04569999873638153","0.04569999873638153","1","1","1"
"1024","1","1","1","1","1","1","0.04820000007748604","0.04820000007748604","0.04820000007748604","1","1","1","1","1","1","1","1","1","0.04309999942779541","0.04309999942779541","0.04309999942779541","1","1","1","0.9999499917030334","0.9998999834060669","1","1","1","1","0.3759499788284302","0.3658999800682068","0.38599997758865356","0.6548999845981598","0.6502000093460083","0.6595999598503113","1","1","1","1","1","1","0.2975499927997589","0.2904999852180481","0.3046000003814697","0.8283499777317047","0.8240000009536743","0.8326999545097351","1","1","1","1","1","1","0.2549000084400177","0.2549000084400177","0.2549000084400177","0.8660999536514282","0.8660999536514282","0.8660999536514282","1","1","1","1","1","1","0.29170000553131104","0.29170000553131104","0.29170000553131104","0.8618999719619751","0.8618999719619751","0.8618999719619751","1","1","1","1","1","1","0.04470000043511391","0.04470000043511391","0.04470000043511391","1","1","1"
"1035","1","1","1","1","1","1","0.04729999974370003","0.04729999974370003","0.04729999974370003","1","1","1","1","1","1","1","1","1","0.042899999767541885","0.042899999767541885","0.042899999767541885","1","1","1","0.9999499917030334","0.9998999834060669","1","0.9999499917030334","0.9998999834060669","1","0.36504998803138733","0.3472999930381775","0.38279998302459717","0.6477499902248383","0.6384999752044678","0.6570000052452087","1","1","1","1","1","1","0.29509998857975006","0.2793999910354614","0.3107999861240387","0.8288500010967255","0.8215000033378601","0.8361999988555908","1","1","1","1","1","1","0.24639999866485596","0.24639999866485596","0.24639999866485596","0.8646000027656555","0.8646000027656555","0.8646000027656555","1","1","1","1","1","1","0.2935999929904938","0.2935999929904938","0.2935999929904938","0.8631999492645264","0.8631999492645264","0.8631999492645264","1","1","1","1","1","1","0.045399997383356094","0.045399997383356094","0.045399997383356094","1","1","1"
"1046","1","1","1","1","1","1","0.04699999839067459","0.04699999839067459","0.04699999839067459","1","1","1","1","1","1","1","1","1","0.042799998074769974","0.042799998074769974","0.042799998074769974","1","1","1","0.9999499917030334","0.9998999834060669","1","0.9998999834060669","0.9997999668121338","1","0.37164998054504395","0.3568999767303467","0.3863999843597412","0.6503999829292297","0.6428999900817871","0.6578999757766724","1","1","1","1","1","1","0.30519999563694","0.2994999885559082","0.3109000027179718","0.830949991941452","0.8281999826431274","0.8337000012397766","1","1","1","1","1","1","0.2583000063896179","0.2583000063896179","0.2583000063896179","0.8675999641418457","0.8675999641418457","0.8675999641418457","1","1","1","1","1","1","0.2800999879837036","0.2800999879837036","0.2800999879837036","0.8607999682426453","0.8607999682426453","0.8607999682426453","1","1","1","1","1","1","0.04569999873638153","0.04569999873638153","0.04569999873638153","1","1","1"
"1057","1","1","1","1","1","1","0.04749999940395355","0.04749999940395355","0.04749999940395355","1","1","1","1","1","1","1","1","1","0.04270000010728836","0.04270000010728836","0.04270000010728836","1","1","1","0.9998999834060669","0.9997999668121338","1","0.9998499751091003","0.9997999668121338","0.9998999834060669","0.3806999921798706","0.35989999771118164","0.40149998664855957","0.6558499932289124","0.6450999975204468","0.6665999889373779","1","1","1","1","1","1","0.31139999628067017","0.30079999566078186","0.32199999690055847","0.8328499794006348","0.828499972820282","0.8371999859809875","1","1","1","1","1","1","0.25380000472068787","0.25380000472068787","0.25380000472068787","0.8657999634742737","0.8657999634742737","0.8657999634742737","1","1","1","1","1","1","0.296099990606308","0.296099990606308","0.296099990606308","0.8625999689102173","0.8625999689102173","0.8625999689102173","1","1","1","1","1","1","0.04569999873638153","0.04569999873638153","0.04569999873638153","1","1","1"
"1068","1","1","1","1","1","1","0.0478999987244606","0.0478999987244606","0.0478999987244606","1","1","1","1","1","1","1","1","1","0.0429999977350235","0.0429999977350235","0.0429999977350235","1","1","1","0.9999499917030334","0.9998999834060669","1","0.9999499917030334","0.9998999834060669","1","0.36844998598098755","0.3529999852180481","0.383899986743927","0.6488499641418457","0.6423999667167664","0.655299961566925","1","1","1","1","1","1","0.313199982047081","0.30159997940063477","0.3247999846935272","0.8326999843120575","0.8269999623298645","0.8384000062942505","1","1","1","1","1","1","0.26089999079704285","0.26089999079704285","0.26089999079704285","0.8671999573707581","0.8671999573707581","0.8671999573707581","1","1","1","1","1","1","0.30059999227523804","0.30059999227523804","0.30059999227523804","0.8623999953269958","0.8623999953269958","0.8623999953269958","1","1","1","1","1","1","0.04569999873638153","0.04569999873638153","0.04569999873638153","1","1","1"
"1079","1","1","1","1","1","1","0.04779999703168869","0.04779999703168869","0.04779999703168869","1","1","1","1","1","1","1","1","1","0.0429999977350235","0.0429999977350235","0.0429999977350235","1","1","1","1","1","1","0.9999499917030334","0.9998999834060669","1","0.3807999789714813","0.37129998207092285","0.3902999758720398","0.6565499901771545","0.6532999873161316","0.6597999930381775","1","1","1","1","1","1","0.3024500012397766","0.29600000381469727","0.30889999866485596","0.8307999968528748","0.8276000022888184","0.8339999914169312","1","1","1","1","1","1","0.2549000084400177","0.2549000084400177","0.2549000084400177","0.8646999597549438","0.8646999597549438","0.8646999597549438","1","1","1","1","1","1","0.2830999791622162","0.2830999791622162","0.2830999791622162","0.8621999621391296","0.8621999621391296","0.8621999621391296","1","1","1","1","1","1","0.04569999873638153","0.04569999873638153","0.04569999873638153","1","1","1"
"1090","1","1","1","1","1","1","0.04809999838471413","0.04809999838471413","0.04809999838471413","1","1","1","1","1","1","1","1","1","0.0429999977350235","0.0429999977350235","0.0429999977350235","1","1","1","1","1","1","1","1","1","0.37754999101161957","0.3643999993801117","0.39069998264312744","0.6559500098228455","0.6477000117301941","0.6642000079154968","1","1","1","1","1","1","0.31440000236034393","0.3018999993801117","0.32690000534057617","0.8326499760150909","0.8270999789237976","0.8381999731063843","1","1","1","1","1","1","0.26600000262260437","0.26600000262260437","0.26600000262260437","0.8673999905586243","0.8673999905586243","0.8673999905586243","1","1","1","1","1","1","0.29889997839927673","0.29889997839927673","0.29889997839927673","0.8639999628067017","0.8639999628067017","0.8639999628067017","1","1","1","1","1","1","0.04559999704360962","0.04559999704360962","0.04559999704360962","1","1","1"
"1101","1","1","1","1","1","1","0.04800000041723251","0.04800000041723251","0.04800000041723251","1","1","1","1","1","1","1","1","1","0.04230000078678131","0.04230000078678131","0.04230000078678131","1","1","1","0.9999499917030334","0.9998999834060669","1","0.9999499917030334","0.9998999834060669","1","0.3742999881505966","0.366599977016449","0.38199999928474426","0.6548499763011932","0.6481999754905701","0.6614999771118164","1","1","1","0.9999499917030334","0.9998999834060669","1","0.31254999339580536","0.30149999260902405","0.32359999418258667","0.8305999934673309","0.8253999948501587","0.8357999920845032","1","1","1","1","1","1","0.2654999792575836","0.2654999792575836","0.2654999792575836","0.8668999671936035","0.8668999671936035","0.8668999671936035","1","1","1","1","1","1","0.29679998755455017","0.29679998755455017","0.29679998755455017","0.8634999990463257","0.8634999990463257","0.8634999990463257","1","1","1","1","1","1","0.044999998062849045","0.044999998062849045","0.044999998062849045","1","1","1"
"1112","1","1","1","1","1","1","0.04729999974370003","0.04729999974370003","0.04729999974370003","1","1","1","1","1","1","1","1","1","0.043299999088048935","0.043299999088048935","0.043299999088048935","1","1","1","1","1","1","0.9999499917030334","0.9998999834060669","1","0.3736499845981598","0.3651999831199646","0.382099986076355","0.654149979352951","0.6471999883651733","0.6610999703407288","1","1","1","1","1","1","0.31439998745918274","0.29679998755455017","0.3319999873638153","0.8324999809265137","0.8253999948501587","0.8395999670028687","1","1","1","1","1","1","0.2624000012874603","0.2624000012874603","0.2624000012874603","0.8675999641418457","0.8675999641418457","0.8675999641418457","1","1","1","1","1","1","0.28700000047683716","0.28700000047683716","0.28700000047683716","0.8613999485969543","0.8613999485969543","0.8613999485969543","1","1","1","1","1","1","0.04580000042915344","0.04580000042915344","0.04580000042915344","1","1","1"
"1123","1","1","1","1","1","1","0.04769999906420708","0.04769999906420708","0.04769999906420708","1","1","1","1","1","1","1","1","1","0.042799998074769974","0.042799998074769974","0.042799998074769974","1","1","1","0.9999499917030334","0.9998999834060669","1","1","1","1","0.37324999272823334","0.36469998955726624","0.38179999589920044","0.65174999833107","0.6442999839782715","0.6592000126838684","1","1","1","1","1","1","0.32109999656677246","0.3068999946117401","0.3352999985218048","0.8339499831199646","0.8274999856948853","0.840399980545044","1","1","1","1","1","1","0.2654999792575836","0.2654999792575836","0.2654999792575836","0.8682000041007996","0.8682000041007996","0.8682000041007996","1","1","1","1","1","1","0.3109999895095825","0.3109999895095825","0.3109999895095825","0.8658999800682068","0.8658999800682068","0.8658999800682068","1","1","1","1","1","1","0.045899998396635056","0.045899998396635056","0.045899998396635056","1","1","1"
"1134","1","1","1","1","1","1","0.04839999973773956","0.04839999973773956","0.04839999973773956","1","1","1","1","1","1","1","1","1","0.04270000010728836","0.04270000010728836","0.04270000010728836","1","1","1","0.9999499917030334","0.9998999834060669","1","1","1","1","0.36924998462200165","0.3635999858379364","0.3748999834060669","0.6504999697208405","0.6487999558448792","0.6521999835968018","1","1","1","1","1","1","0.3040499985218048","0.2946999967098236","0.313400000333786","0.8295999765396118","0.8233999609947205","0.8357999920845032","1","1","1","1","1","1","0.25279998779296875","0.25279998779296875","0.25279998779296875","0.8657000064849854","0.8657000064849854","0.8657000064849854","1","1","1","1","1","1","0.3035999834537506","0.3035999834537506","0.3035999834537506","0.865399956703186","0.865399956703186","0.865399956703186","1","1","1","1","1","1","0.04600000008940697","0.04600000008940697","0.04600000008940697","1","1","1"
"1145","1","1","1","1","1","1","0.04809999838471413","0.04809999838471413","0.04809999838471413","1","1","1","1","1","1","1","1","1","0.042399998754262924","0.042399998754262924","0.042399998754262924","1","1","1","1","1","1","1","1","1","0.3695499897003174","0.36629998683929443","0.37279999256134033","0.6520499885082245","0.6500999927520752","0.6539999842643738","1","1","1","1","1","1","0.3155499994754791","0.313400000333786","0.31769999861717224","0.8319499790668488","0.8290999531745911","0.8348000049591064","1","1","1","1","1","1","0.2523999810218811","0.2523999810218811","0.2523999810218811","0.8648999929428101","0.8648999929428101","0.8648999929428101","1","1","1","1","1","1","0.30649998784065247","0.30649998784065247","0.30649998784065247","0.8648999929428101","0.8648999929428101","0.8648999929428101","1","1","1","1","1","1","0.04649999737739563","0.04649999737739563","0.04649999737739563","1","1","1"
"1156","1","1","1","1","1","1","0.04829999804496765","0.04829999804496765","0.04829999804496765","1","1","1","1","1","1","1","1","1","0.042500000447034836","0.042500000447034836","0.042500000447034836","1","1","1","1","1","1","0.9999499917030334","0.9998999834060669","1","0.37519998848438263","0.36980000138282776","0.3805999755859375","0.6532999873161316","0.647599995136261","0.6589999794960022","1","1","1","1","1","1","0.3127499967813492","0.2994000017642975","0.3260999917984009","0.8314000070095062","0.826200008392334","0.8366000056266785","1","1","1","1","1","1","0.24650000035762787","0.24650000035762787","0.24650000035762787","0.8649999499320984","0.8649999499320984","0.8649999499320984","1","1","1","1","1","1","0.30799999833106995","0.30799999833106995","0.30799999833106995","0.8657999634742737","0.8657999634742737","0.8657999634742737","1","1","1","1","1","1","0.045399997383356094","0.045399997383356094","0.045399997383356094","1","1","1"
"1167","1","1","1","1","1","1","0.04809999838471413","0.04809999838471413","0.04809999838471413","1","1","1","1","1","1","1","1","1","0.042500000447034836","0.042500000447034836","0.042500000447034836","1","1","1","1","1","1","0.9999499917030334","0.9998999834060669","1","0.3702999949455261","0.35740000009536743","0.3831999897956848","0.6519999802112579","0.6450999975204468","0.6588999629020691","1","1","1","1","1","1","0.31129999458789825","0.30660000443458557","0.31599998474121094","0.8318499624729156","0.8279999494552612","0.8356999754905701","1","1","1","1","1","1","0.2654999792575836","0.2654999792575836","0.2654999792575836","0.8677999973297119","0.8677999973297119","0.8677999973297119","1","1","1","1","1","1","0.3174999952316284","0.3174999952316284","0.3174999952316284","0.8678999543190002","0.8678999543190002","0.8678999543190002","1","1","1","1","1","1","0.04490000009536743","0.04490000009536743","0.04490000009536743","1","1","1"
"1178","1","1","1","1","1","1","0.04829999804496765","0.04829999804496765","0.04829999804496765","1","1","1","1","1","1","1","1","1","0.042399998754262924","0.042399998754262924","0.042399998754262924","1","1","1","1","1","1","1","1","1","0.36800000071525574","0.3659999966621399","0.3700000047683716","0.6503999829292297","0.6487999558448792","0.6520000100135803","1","1","1","1","1","1","0.3101999908685684","0.3003999888896942","0.3199999928474426","0.8303499519824982","0.825499951839447","0.8351999521255493","1","1","1","1","1","1","0.2556999921798706","0.2556999921798706","0.2556999921798706","0.8664999604225159","0.8664999604225159","0.8664999604225159","1","1","1","1","1","1","0.31709998846054077","0.31709998846054077","0.31709998846054077","0.8679999709129333","0.8679999709129333","0.8679999709129333","1","1","1","1","1","1","0.045899998396635056","0.045899998396635056","0.045899998396635056","1","1","1"
"1189","1","1","1","1","1","1","0.04800000041723251","0.04800000041723251","0.04800000041723251","1","1","1","1","1","1","1","1","1","0.042899999767541885","0.042899999767541885","0.042899999767541885","1","1","1","1","1","1","1","1","1","0.3727499842643738","0.37219998240470886","0.3732999861240387","0.6547000110149384","0.6538000106811523","0.6556000113487244","1","1","1","1","1","1","0.3053999990224838","0.2987000048160553","0.31209999322891235","0.8294999897480011","0.8242999911308289","0.8346999883651733","1","1","1","1","1","1","0.26669999957084656","0.26669999957084656","0.26669999957084656","0.8678999543190002","0.8678999543190002","0.8678999543190002","1","1","1","1","1","1","0.30859997868537903","0.30859997868537903","0.30859997868537903","0.866599977016449","0.866599977016449","0.866599977016449","1","1","1","1","1","1","0.04519999772310257","0.04519999772310257","0.04519999772310257","1","1","1"
"1200","1","1","1","1","1","1","0.04729999974370003","0.04729999974370003","0.04729999974370003","1","1","1","1","1","1","1","1","1","0.04259999841451645","0.04259999841451645","0.04259999841451645","1","1","1","1","1","1","1","1","1","0.3718999922275543","0.3643999993801117","0.37939998507499695","0.6521999835968018","0.6473999619483948","0.6570000052452087","1","1","1","1","1","1","0.3095499873161316","0.29749998450279236","0.3215999901294708","0.8309999704360962","0.8240999579429626","0.8378999829292297","1","1","1","1","1","1","0.26080000400543213","0.26080000400543213","0.26080000400543213","0.8668999671936035","0.8668999671936035","0.8668999671936035","1","1","1","1","1","1","0.31279999017715454","0.31279999017715454","0.31279999017715454","0.8671000003814697","0.8671000003814697","0.8671000003814697","1","1","1","1","1","1","0.04529999941587448","0.04529999941587448","0.04529999941587448","1","1","1"
"1211","1","1","1","1","1","1","0.04779999703168869","0.04779999703168869","0.04779999703168869","1","1","1","1","1","1","1","1","1","0.042899999767541885","0.042899999767541885","0.042899999767541885","1","1","1","1","1","1","0.9999499917030334","0.9998999834060669","1","0.3692999929189682","0.3619999885559082","0.3765999972820282","0.649649977684021","0.6462999582290649","0.652999997138977","1","1","1","1","1","1","0.31700000166893005","0.30390000343322754","0.33009999990463257","0.8320499658584595","0.8258999586105347","0.8381999731063843","1","1","1","1","1","1","0.2669000029563904","0.2669000029563904","0.2669000029563904","0.8675999641418457","0.8675999641418457","0.8675999641418457","1","1","1","1","1","1","0.31779998540878296","0.31779998540878296","0.31779998540878296","0.8666999936103821","0.8666999936103821","0.8666999936103821","1","1","1","1","1","1","0.04519999772310257","0.04519999772310257","0.04519999772310257","1","1","1"
"1222","1","1","1","1","1","1","0.04779999703168869","0.04779999703168869","0.04779999703168869","1","1","1","1","1","1","1","1","1","0.042899999767541885","0.042899999767541885","0.042899999767541885","1","1","1","1","1","1","1","1","1","0.3799999952316284","0.3682999908924103","0.39169999957084656","0.655599981546402","0.6486999988555908","0.6624999642372131","1","1","1","0.9999499917030334","0.9998999834060669","1","0.30649998784065247","0.3026999831199646","0.31029999256134033","0.8294999599456787","0.8251999616622925","0.8337999582290649","1","1","1","1","1","1","0.2621999979019165","0.2621999979019165","0.2621999979019165","0.8675000071525574","0.8675000071525574","0.8675000071525574","1","1","1","1","1","1","0.3091999888420105","0.3091999888420105","0.3091999888420105","0.8682999610900879","0.8682999610900879","0.8682999610900879","1","1","1","1","1","1","0.04569999873638153","0.04569999873638153","0.04569999873638153","1","1","1"
"1233","1","1","1","1","1","1","0.04800000041723251","0.04800000041723251","0.04800000041723251","1","1","1","1","1","1","1","1","1","0.042899999767541885","0.042899999767541885","0.042899999767541885","1","1","1","1","1","1","0.9999499917030334","0.9998999834060669","1","0.3748999983072281","0.36419999599456787","0.3856000006198883","0.6549999713897705","0.6495999693870544","0.6603999733924866","1","1","1","1","1","1","0.3114500045776367","0.2996000051498413","0.32330000400543213","0.8297999799251556","0.8226000070571899","0.8369999527931213","1","1","1","1","1","1","0.2676999866962433","0.2676999866962433","0.2676999866962433","0.8680999875068665","0.8680999875068665","0.8680999875068665","1","1","1","1","1","1","0.30969998240470886","0.30969998240470886","0.30969998240470886","0.8685999512672424","0.8685999512672424","0.8685999512672424","1","1","1","1","1","1","0.04529999941587448","0.04529999941587448","0.04529999941587448","1","1","1"
"1244","1","1","1","1","1","1","0.047199998050928116","0.047199998050928116","0.047199998050928116","1","1","1","1","1","1","1","1","1","0.0429999977350235","0.0429999977350235","0.0429999977350235","1","1","1","1","1","1","1","1","1","0.3740999847650528","0.3626999855041504","0.3854999840259552","0.6538000106811523","0.6484000086784363","0.6592000126838684","1","1","1","1","1","1","0.2998500019311905","0.29490000009536743","0.30480000376701355","0.8271499574184418","0.8215999603271484","0.8326999545097351","1","1","1","1","1","1","0.2703000009059906","0.2703000009059906","0.2703000009059906","0.8679999709129333","0.8679999709129333","0.8679999709129333","1","1","1","1","1","1","0.31520000100135803","0.31520000100135803","0.31520000100135803","0.868399977684021","0.868399977684021","0.868399977684021","1","1","1","1","1","1","0.045099999755620956","0.045099999755620956","0.045099999755620956","1","1","1"
"1255","1","1","1","1","1","1","0.047599997371435165","0.047599997371435165","0.047599997371435165","1","1","1","1","1","1","1","1","1","0.042899999767541885","0.042899999767541885","0.042899999767541885","1","1","1","0.9999499917030334","0.9998999834060669","1","1","1","1","0.376149982213974","0.36949998140335083","0.38279998302459717","0.6535999774932861","0.6473999619483948","0.6597999930381775","1","1","1","1","1","1","0.30639998614788055","0.29269999265670776","0.32009997963905334","0.8280999958515167","0.8220999836921692","0.8341000080108643","1","1","1","1","1","1","0.2565999925136566","0.2565999925136566","0.2565999925136566","0.8651999831199646","0.8651999831199646","0.8651999831199646","1","1","1","1","1","1","0.305899977684021","0.305899977684021","0.305899977684021","0.8689999580383301","0.8689999580383301","0.8689999580383301","1","1","1","1","1","1","0.044999998062849045","0.044999998062849045","0.044999998062849045","1","1","1"
"1266","1","1","1","1","1","1","0.04829999804496765","0.04829999804496765","0.04829999804496765","1","1","1","1","1","1","1","1","1","0.042899999767541885","0.042899999767541885","0.042899999767541885","1","1","1","0.9999499917030334","0.9998999834060669","1","1","1","1","0.3738499879837036","0.3716999888420105","0.37599998712539673","0.6545999944210052","0.6517999768257141","0.6574000120162964","1","1","1","1","1","1","0.30254998803138733","0.2849999964237213","0.32009997963905334","0.8285000026226044","0.8215000033378601","0.8355000019073486","1","1","1","1","1","1","0.26019999384880066","0.26019999384880066","0.26019999384880066","0.8657999634742737","0.8657999634742737","0.8657999634742737","1","1","1","1","1","1","0.32109999656677246","0.32109999656677246","0.32109999656677246","0.8690999746322632","0.8690999746322632","0.8690999746322632","1","1","1","1","1","1","0.04569999873638153","0.04569999873638153","0.04569999873638153","1","1","1"
"1277","1","1","1","1","1","1","0.04820000007748604","0.04820000007748604","0.04820000007748604","1","1","1","1","1","1","1","1","1","0.043299999088048935","0.043299999088048935","0.043299999088048935","1","1","1","0.9999499917030334","0.9998999834060669","1","1","1","1","0.3731499910354614","0.36959999799728394","0.3766999840736389","0.6511499881744385","0.6477000117301941","0.6545999646186829","1","1","1","1","1","1","0.3041999936103821","0.29600000381469727","0.3123999834060669","0.8293499648571014","0.8244999647140503","0.8341999650001526","1","1","1","1","1","1","0.25380000472068787","0.25380000472068787","0.25380000472068787","0.8659999966621399","0.8659999966621399","0.8659999966621399","1","1","1","1","1","1","0.32259997725486755","0.32259997725486755","0.32259997725486755","0.8707999587059021","0.8707999587059021","0.8707999587059021","1","1","1","1","1","1","0.04609999805688858","0.04609999805688858","0.04609999805688858","1","1","1"
"1288","1","1","1","1","1","1","0.04749999940395355","0.04749999940395355","0.04749999940395355","1","1","1","1","1","1","1","1","1","0.04270000010728836","0.04270000010728836","0.04270000010728836","1","1","1","0.9999499917030334","0.9998999834060669","1","1","1","1","0.3661999851465225","0.36489999294281006","0.367499977350235","0.646699994802475","0.645799994468689","0.647599995136261","1","1","1","1","1","1","0.3123999983072281","0.29649999737739563","0.32829999923706055","0.8305499851703644","0.8234999775886536","0.8375999927520752","1","1","1","1","1","1","0.2636999785900116","0.2636999785900116","0.2636999785900116","0.8675000071525574","0.8675000071525574","0.8675000071525574","1","1","1","1","1","1","0.32089999318122864","0.32089999318122864","0.32089999318122864","0.870199978351593","0.870199978351593","0.870199978351593","1","1","1","1","1","1","0.04559999704360962","0.04559999704360962","0.04559999704360962","1","1","1"
"1299","1","1","1","1","1","1","0.04749999940395355","0.04749999940395355","0.04749999940395355","1","1","1","1","1","1","1","1","1","0.04349999874830246","0.04349999874830246","0.04349999874830246","1","1","1","0.9999499917030334","0.9998999834060669","1","0.9999499917030334","0.9998999834060669","1","0.3739999979734421","0.3662000000476837","0.38179999589920044","0.6513999700546265","0.6448999643325806","0.6578999757766724","1","1","1","1","1","1","0.3130500018596649","0.3003000020980835","0.32580000162124634","0.8308999836444855","0.824400007724762","0.837399959564209","1","1","1","1","1","1","0.2736999988555908","0.2736999988555908","0.2736999988555908","0.8695999979972839","0.8695999979972839","0.8695999979972839","1","1","1","1","1","1","0.31459999084472656","0.31459999084472656","0.31459999084472656","0.8693999648094177","0.8693999648094177","0.8693999648094177","1","1","1","1","1","1","0.04519999772310257","0.04519999772310257","0.04519999772310257","1","1","1"
"1310","1","1","1","1","1","1","0.04749999940395355","0.04749999940395355","0.04749999940395355","1","1","1","1","1","1","1","1","1","0.04309999942779541","0.04309999942779541","0.04309999942779541","1","1","1","0.9999499917030334","0.9998999834060669","1","1","1","1","0.37449999153614044","0.3730999827384949","0.375900000333786","0.6522499918937683","0.6480000019073486","0.656499981880188","1","1","1","1","1","1","0.30844999849796295","0.289000004529953","0.3278999924659729","0.8292499780654907","0.821899950504303","0.8366000056266785","1","1","1","1","1","1","0.26420000195503235","0.26420000195503235","0.26420000195503235","0.8672999739646912","0.8672999739646912","0.8672999739646912","1","1","1","1","1","1","0.31379997730255127","0.31379997730255127","0.31379997730255127","0.868399977684021","0.868399977684021","0.868399977684021","1","1","1","1","1","1","0.04580000042915344","0.04580000042915344","0.04580000042915344","1","1","1"
"1321","1","1","1","1","1","1","0.04739999771118164","0.04739999771118164","0.04739999771118164","1","1","1","1","1","1","1","1","1","0.04309999942779541","0.04309999942779541","0.04309999942779541","1","1","1","0.9999499917030334","0.9998999834060669","1","1","1","1","0.3707999885082245","0.36890000104904175","0.3726999759674072","0.6511499881744385","0.6509000062942505","0.6513999700546265","1","1","1","1","1","1","0.31439998745918274","0.29839998483657837","0.3303999900817871","0.8313999772071838","0.824999988079071","0.8377999663352966","1","1","1","1","1","1","0.2685999870300293","0.2685999870300293","0.2685999870300293","0.8686999678611755","0.8686999678611755","0.8686999678611755","1","1","1","1","1","1","0.31839999556541443","0.31839999556541443","0.31839999556541443","0.8689999580383301","0.8689999580383301","0.8689999580383301","1","1","1","1","1","1","0.04519999772310257","0.04519999772310257","0.04519999772310257","1","1","1"
"1332","1","1","1","1","1","1","0.04769999906420708","0.04769999906420708","0.04769999906420708","1","1","1","1","1","1","1","1","1","0.04209999740123749","0.04209999740123749","0.04209999740123749","1","1","1","0.9999499917030334","0.9998999834060669","1","1","1","1","0.3769499957561493","0.3752000033855438","0.37869998812675476","0.6552000045776367","0.6552000045776367","0.6552000045776367","1","1","1","1","1","1","0.3054499924182892","0.28349998593330383","0.32739999890327454","0.8289999663829803","0.821899950504303","0.8360999822616577","1","1","1","1","1","1","0.26479998230934143","0.26479998230934143","0.26479998230934143","0.8682999610900879","0.8682999610900879","0.8682999610900879","1","1","1","1","1","1","0.31709998846054077","0.31709998846054077","0.31709998846054077","0.8680999875068665","0.8680999875068665","0.8680999875068665","1","1","1","1","1","1","0.04529999941587448","0.04529999941587448","0.04529999941587448","1","1","1"
"1343","1","1","1","1","1","1","0.04739999771118164","0.04739999771118164","0.04739999771118164","1","1","1","1","1","1","1","1","1","0.043299999088048935","0.043299999088048935","0.043299999088048935","1","1","1","1","1","1","0.9999499917030334","0.9998999834060669","1","0.3728499859571457","0.36739999055862427","0.3782999813556671","0.6526499688625336","0.6481999754905701","0.6570999622344971","1","1","1","1","1","1","0.31189998984336853","0.2953999936580658","0.32839998602867126","0.8305999934673309","0.8226000070571899","0.8385999798774719","1","1","1","1","1","1","0.2775000035762787","0.2775000035762787","0.2775000035762787","0.8711999654769897","0.8711999654769897","0.8711999654769897","1","1","1","1","1","1","0.31679999828338623","0.31679999828338623","0.31679999828338623","0.8686999678611755","0.8686999678611755","0.8686999678611755","1","1","1","1","1","1","0.045399997383356094","0.045399997383356094","0.045399997383356094","1","1","1"
"1354","1","1","1","1","1","1","0.04769999906420708","0.04769999906420708","0.04769999906420708","1","1","1","1","1","1","1","1","1","0.04309999942779541","0.04309999942779541","0.04309999942779541","1","1","1","0.9999499917030334","0.9998999834060669","1","0.9999499917030334","0.9998999834060669","1","0.3767999857664108","0.3684999942779541","0.38509997725486755","0.6536999940872192","0.6496999859809875","0.6577000021934509","1","1","1","1","1","1","0.30684998631477356","0.2929999828338623","0.3206999897956848","0.8301999866962433","0.8253999948501587","0.8349999785423279","1","1","1","1","1","1","0.26969999074935913","0.26969999074935913","0.26969999074935913","0.8700999617576599","0.8700999617576599","0.8700999617576599","1","1","1","1","1","1","0.3026999831199646","0.3026999831199646","0.3026999831199646","0.8659999966621399","0.8659999966621399","0.8659999966621399","1","1","1","1","1","1","0.04580000042915344","0.04580000042915344","0.04580000042915344","1","1","1"
"1365","1","1","1","1","1","1","0.0478999987244606","0.0478999987244606","0.0478999987244606","1","1","1","1","1","1","1","1","1","0.042899999767541885","0.042899999767541885","0.042899999767541885","1","1","1","0.9999499917030334","0.9998999834060669","1","1","1","1","0.3742000013589859","0.3700000047683716","0.3783999979496002","0.6501499712467194","0.649899959564209","0.6503999829292297","1","1","1","1","1","1","0.3181999921798706","0.306799978017807","0.3296000063419342","0.8330999910831451","0.8277999758720398","0.8384000062942505","1","1","1","1","1","1","0.28129997849464417","0.28129997849464417","0.28129997849464417","0.8708999752998352","0.8708999752998352","0.8708999752998352","1","1","1","1","1","1","0.32189998030662537","0.32189998030662537","0.32189998030662537","0.8689000010490417","0.8689000010490417","0.8689000010490417","1","1","1","1","1","1","0.04559999704360962","0.04559999704360962","0.04559999704360962","1","1","1"
"1376","1","1","1","1","1","1","0.0478999987244606","0.0478999987244606","0.0478999987244606","1","1","1","1","1","1","1","1","1","0.04309999942779541","0.04309999942779541","0.04309999942779541","1","1","1","0.9999499917030334","0.9998999834060669","1","1","1","1","0.3717999905347824","0.3684999942779541","0.3750999867916107","0.6504999995231628","0.6484000086784363","0.6525999903678894","1","1","1","1","1","1","0.31029999256134033","0.29260000586509705","0.3279999792575836","0.8312499821186066","0.8238999843597412","0.8385999798774719","1","1","1","1","1","1","0.27539998292922974","0.27539998292922974","0.27539998292922974","0.8704999685287476","0.8704999685287476","0.8704999685287476","1","1","1","1","1","1","0.31299999356269836","0.31299999356269836","0.31299999356269836","0.8682999610900879","0.8682999610900879","0.8682999610900879","1","1","1","1","1","1","0.04569999873638153","0.04569999873638153","0.04569999873638153","1","1","1"
"1387","1","1","1","1","1","1","0.047599997371435165","0.047599997371435165","0.047599997371435165","1","1","1","1","1","1","1","1","1","0.04309999942779541","0.04309999942779541","0.04309999942779541","1","1","1","1","1","1","1","1","1","0.38109999895095825","0.3725000023841858","0.3896999955177307","0.6563999950885773","0.6559000015258789","0.6568999886512756","1","1","1","1","1","1","0.3114499896764755","0.30640000104904175","0.3164999783039093","0.8308499753475189","0.8259999752044678","0.8356999754905701","1","1","1","1","1","1","0.25360000133514404","0.25360000133514404","0.25360000133514404","0.8669999837875366","0.8669999837875366","0.8669999837875366","1","1","1","1","1","1","0.3157999813556671","0.3157999813556671","0.3157999813556671","0.8686999678611755","0.8686999678611755","0.8686999678611755","1","1","1","1","1","1","0.04529999941587448","0.04529999941587448","0.04529999941587448","1","1","1"
"1398","1","1","1","1","1","1","0.047599997371435165","0.047599997371435165","0.047599997371435165","1","1","1","1","1","1","1","1","1","0.04259999841451645","0.04259999841451645","0.04259999841451645","1","1","1","0.9999499917030334","0.9998999834060669","1","1","1","1","0.3819499909877777","0.37929999828338623","0.3845999836921692","0.6557999849319458","0.6513000130653381","0.6602999567985535","1","1","1","1","1","1","0.3189999908208847","0.31029999256134033","0.3276999890804291","0.8313999772071838","0.8260999917984009","0.8366999626159668","1","1","1","1","1","1","0.23979999125003815","0.23979999125003815","0.23979999125003815","0.8628000020980835","0.8628000020980835","0.8628000020980835","1","1","1","1","1","1","0.31360000371932983","0.31360000371932983","0.31360000371932983","0.8680999875068665","0.8680999875068665","0.8680999875068665","1","1","1","1","1","1","0.04519999772310257","0.04519999772310257","0.04519999772310257","1","1","1"
"1409","1","1","1","1","1","1","0.04769999906420708","0.04769999906420708","0.04769999906420708","1","1","1","1","1","1","1","1","1","0.04270000010728836","0.04270000010728836","0.04270000010728836","1","1","1","1","1","1","1","1","1","0.37164998054504395","0.36409997940063477","0.3791999816894531","0.6502999663352966","0.649899959564209","0.6506999731063843","1","1","1","1","1","1","0.31699998676776886","0.3060999810695648","0.3278999924659729","0.8327999711036682","0.8273999691009521","0.8381999731063843","1","1","1","1","1","1","0.25929999351501465","0.25929999351501465","0.25929999351501465","0.8689000010490417","0.8689000010490417","0.8689000010490417","1","1","1","1","1","1","0.3208000063896179","0.3208000063896179","0.3208000063896179","0.8689000010490417","0.8689000010490417","0.8689000010490417","1","1","1","1","1","1","0.04559999704360962","0.04559999704360962","0.04559999704360962","1","1","1"
"1420","1","1","1","1","1","1","0.046799998730421066","0.046799998730421066","0.046799998730421066","1","1","1","1","1","1","1","1","1","0.042899999767541885","0.042899999767541885","0.042899999767541885","1","1","1","0.9999499917030334","0.9998999834060669","1","0.9999499917030334","0.9998999834060669","1","0.37789998948574066","0.3775999844074249","0.3781999945640564","0.6554499864578247","0.6517999768257141","0.6590999960899353","1","1","1","1","1","1","0.3260999917984009","0.3114999830722809","0.3407000005245209","0.8330999910831451","0.8271999955177307","0.8389999866485596","1","1","1","1","1","1","0.26479998230934143","0.26479998230934143","0.26479998230934143","0.8693000078201294","0.8693000078201294","0.8693000078201294","1","1","1","1","1","1","0.32179999351501465","0.32179999351501465","0.32179999351501465","0.868399977684021","0.868399977684021","0.868399977684021","1","1","1","1","1","1","0.04580000042915344","0.04580000042915344","0.04580000042915344","1","1","1"
"1431","1","1","1","1","1","1","0.04769999906420708","0.04769999906420708","0.04769999906420708","1","1","1","1","1","1","1","1","1","0.04339999705553055","0.04339999705553055","0.04339999705553055","1","1","1","1","1","1","1","1","1","0.3811499923467636","0.36949998140335083","0.3928000032901764","0.6552999913692474","0.6516000032424927","0.6589999794960022","1","1","1","1","1","1","0.31494998931884766","0.2994999885559082","0.3303999900817871","0.8308500051498413","0.824400007724762","0.8373000025749207","1","1","1","1","1","1","0.2782999873161316","0.2782999873161316","0.2782999873161316","0.8720999956130981","0.8720999956130981","0.8720999956130981","1","1","1","1","1","1","0.2985000014305115","0.2985000014305115","0.2985000014305115","0.8657000064849854","0.8657000064849854","0.8657000064849854","1","1","1","1","1","1","0.045399997383356094","0.045399997383356094","0.045399997383356094","1","1","1"
"1442","1","1","1","1","1","1","0.04809999838471413","0.04809999838471413","0.04809999838471413","1","1","1","1","1","1","1","1","1","0.04270000010728836","0.04270000010728836","0.04270000010728836","1","1","1","0.9999499917030334","0.9998999834060669","1","1","1","1","0.3692999929189682","0.3646000027656555","0.3739999830722809","0.6520499885082245","0.6518999934196472","0.6521999835968018","1","1","1","1","1","1","0.32029999792575836","0.3102000057697296","0.3303999900817871","0.8329499959945679","0.8274999856948853","0.8384000062942505","1","1","1","1","1","1","0.262800008058548","0.262800008058548","0.262800008058548","0.8687999844551086","0.8687999844551086","0.8687999844551086","1","1","1","1","1","1","0.32409998774528503","0.32409998774528503","0.32409998774528503","0.8676999807357788","0.8676999807357788","0.8676999807357788","1","1","1","1","1","1","0.045499999076128006","0.045499999076128006","0.045499999076128006","1","1","1"
"1453","1","1","1","1","1","1","0.04739999771118164","0.04739999771118164","0.04739999771118164","1","1","1","1","1","1","1","1","1","0.042799998074769974","0.042799998074769974","0.042799998074769974","1","1","1","1","1","1","1","1","1","0.3727499842643738","0.3723999857902527","0.3730999827384949","0.6491999924182892","0.6460999846458435","0.6523000001907349","1","1","1","1","1","1","0.30604998767375946","0.2962999939918518","0.3157999813556671","0.8299499750137329","0.8241999745368958","0.8356999754905701","1","1","1","1","1","1","0.2628999948501587","0.2628999948501587","0.2628999948501587","0.8703999519348145","0.8703999519348145","0.8703999519348145","1","1","1","1","1","1","0.3243999779224396","0.3243999779224396","0.3243999779224396","0.8685999512672424","0.8685999512672424","0.8685999512672424","1","1","1","1","1","1","0.04529999941587448","0.04529999941587448","0.04529999941587448","1","1","1"
"1464","1","1","1","1","1","1","0.047599997371435165","0.047599997371435165","0.047599997371435165","1","1","1","1","1","1","1","1","1","0.042899999767541885","0.042899999767541885","0.042899999767541885","1","1","1","0.9999499917030334","0.9998999834060669","1","0.9999499917030334","0.9998999834060669","1","0.374549999833107","0.37209999561309814","0.37700000405311584","0.6505999863147736","0.6498000025749207","0.6513999700546265","1","1","1","1","1","1","0.31609998643398285","0.30719998478889465","0.32499998807907104","0.8307499885559082","0.8248999714851379","0.8366000056266785","1","1","1","1","1","1","0.27539998292922974","0.27539998292922974","0.27539998292922974","0.8714999556541443","0.8714999556541443","0.8714999556541443","1","1","1","1","1","1","0.32349997758865356","0.32349997758865356","0.32349997758865356","0.8685999512672424","0.8685999512672424","0.8685999512672424","1","1","1","1","1","1","0.045899998396635056","0.045899998396635056","0.045899998396635056","1","1","1"
"1475","1","1","1","1","1","1","0.047599997371435165","0.047599997371435165","0.047599997371435165","1","1","1","1","1","1","1","1","1","0.04319999739527702","0.04319999739527702","0.04319999739527702","1","1","1","0.9999499917030334","0.9998999834060669","1","0.9999499917030334","0.9998999834060669","1","0.3780499994754791","0.3702999949455261","0.38580000400543213","0.653549998998642","0.6504999995231628","0.6565999984741211","1","1","1","1","1","1","0.31779998540878296","0.3060999810695648","0.3294999897480011","0.8313499689102173","0.824999988079071","0.8376999497413635","1","1","1","1","1","1","0.2694999873638153","0.2694999873638153","0.2694999873638153","0.8700999617576599","0.8700999617576599","0.8700999617576599","1","1","1","1","1","1","0.3222000002861023","0.3222000002861023","0.3222000002861023","0.8697999715805054","0.8697999715805054","0.8697999715805054","1","1","1","1","1","1","0.04659999907016754","0.04659999907016754","0.04659999907016754","1","1","1"
"1486","1","1","1","1","1","1","0.04739999771118164","0.04739999771118164","0.04739999771118164","1","1","1","1","1","1","1","1","1","0.0429999977350235","0.0429999977350235","0.0429999977350235","1","1","1","1","1","1","1","1","1","0.37459999322891235","0.37039998173713684","0.37880000472068787","0.6487500071525574","0.6459000110626221","0.6516000032424927","1","1","1","1","1","1","0.31439998745918274","0.30969998240470886","0.3190999925136566","0.8310000002384186","0.8269000053405762","0.835099995136261","1","1","1","1","1","1","0.27239999175071716","0.27239999175071716","0.27239999175071716","0.8705999851226807","0.8705999851226807","0.8705999851226807","1","1","1","1","1","1","0.32199999690055847","0.32199999690055847","0.32199999690055847","0.8678999543190002","0.8678999543190002","0.8678999543190002","1","1","1","1","1","1","0.04600000008940697","0.04600000008940697","0.04600000008940697","1","1","1"
"1497","1","1","1","1","1","1","0.047199998050928116","0.047199998050928116","0.047199998050928116","1","1","1","1","1","1","1","1","1","0.043299999088048935","0.043299999088048935","0.043299999088048935","1","1","1","1","1","1","1","1","1","0.3895999789237976","0.3805999755859375","0.3985999822616577","0.6579499840736389","0.6539999842643738","0.661899983882904","1","1","1","1","1","1","0.3171999901533127","0.3105999827384949","0.3237999975681305","0.8321499824523926","0.8273999691009521","0.836899995803833","1","1","1","1","1","1","0.27309998869895935","0.27309998869895935","0.27309998869895935","0.8721999526023865","0.8721999526023865","0.8721999526023865","1","1","1","1","1","1","0.3125999867916107","0.3125999867916107","0.3125999867916107","0.8652999997138977","0.8652999997138977","0.8652999997138977","1","1","1","1","1","1","0.04600000008940697","0.04600000008940697","0.04600000008940697","1","1","1"
"1508","1","1","1","1","1","1","0.04800000041723251","0.04800000041723251","0.04800000041723251","1","1","1","1","1","1","1","1","1","0.04259999841451645","0.04259999841451645","0.04259999841451645","1","1","1","1","1","1","1","1","1","0.3750999867916107","0.36249998211860657","0.38769999146461487","0.6507499814033508","0.6426999568939209","0.6588000059127808","1","1","1","1","1","1","0.32374998927116394","0.3155999779701233","0.3319000005722046","0.8348499536514282","0.8297999501228333","0.8398999571800232","1","1","1","1","1","1","0.2581000030040741","0.2581000030040741","0.2581000030040741","0.868399977684021","0.868399977684021","0.868399977684021","1","1","1","1","1","1","0.3114999830722809","0.3114999830722809","0.3114999830722809","0.8660999536514282","0.8660999536514282","0.8660999536514282","1","1","1","1","1","1","0.04580000042915344","0.04580000042915344","0.04580000042915344","1","1","1"
"1519","1","1","1","1","1","1","0.04690000042319298","0.04690000042319298","0.04690000042319298","1","1","1","1","1","1","1","1","1","0.04349999874830246","0.04349999874830246","0.04349999874830246","1","1","1","1","1","1","0.9999499917030334","0.9998999834060669","1","0.37674999237060547","0.3698999881744385","0.38359999656677246","0.6528499722480774","0.6466999650001526","0.6589999794960022","1","1","1","1","1","1","0.31244999170303345","0.31039997935295105","0.31450000405311584","0.8316499888896942","0.8288999795913696","0.8343999981880188","1","1","1","1","1","1","0.2687000036239624","0.2687000036239624","0.2687000036239624","0.8693000078201294","0.8693000078201294","0.8693000078201294","1","1","1","1","1","1","0.31599998474121094","0.31599998474121094","0.31599998474121094","0.8672999739646912","0.8672999739646912","0.8672999739646912","1","1","1","1","1","1","0.045899998396635056","0.045899998396635056","0.045899998396635056","1","1","1"
"1530","1","1","1","1","1","1","0.04729999974370003","0.04729999974370003","0.04729999974370003","1","1","1","1","1","1","1","1","1","0.04319999739527702","0.04319999739527702","0.04319999739527702","1","1","1","1","1","1","1","1","1","0.37209999561309814","0.3643999993801117","0.3797999918460846","0.6516500115394592","0.6459000110626221","0.6574000120162964","1","1","1","1","1","1","0.3166999965906143","0.3125999867916107","0.3208000063896179","0.8321499526500702","0.8279999494552612","0.8362999558448792","1","1","1","1","1","1","0.2760999798774719","0.2760999798774719","0.2760999798774719","0.8707999587059021","0.8707999587059021","0.8707999587059021","1","1","1","1","1","1","0.3181000053882599","0.3181000053882599","0.3181000053882599","0.8664999604225159","0.8664999604225159","0.8664999604225159","1","1","1","1","1","1","0.04580000042915344","0.04580000042915344","0.04580000042915344","1","1","1"
"1541","1","1","1","1","1","1","0.04729999974370003","0.04729999974370003","0.04729999974370003","1","1","1","1","1","1","1","1","1","0.04309999942779541","0.04309999942779541","0.04309999942779541","1","1","1","0.9999499917030334","0.9998999834060669","1","1","1","1","0.3811499923467636","0.37610000371932983","0.3861999809741974","0.6553999781608582","0.651699960231781","0.6590999960899353","1","1","1","1","1","1","0.31414999067783356","0.310699999332428","0.31759998202323914","0.830549955368042","0.8283999562263489","0.8326999545097351","1","1","1","1","1","1","0.27699998021125793","0.27699998021125793","0.27699998021125793","0.8721999526023865","0.8721999526023865","0.8721999526023865","1","1","1","1","1","1","0.3125999867916107","0.3125999867916107","0.3125999867916107","0.866599977016449","0.866599977016449","0.866599977016449","1","1","1","1","1","1","0.045499999076128006","0.045499999076128006","0.045499999076128006","1","1","1"
"1552","1","1","1","1","1","1","0.0471000000834465","0.0471000000834465","0.0471000000834465","1","1","1","1","1","1","1","1","1","0.042799998074769974","0.042799998074769974","0.042799998074769974","1","1","1","1","1","1","1","1","1","0.3793499916791916","0.3698999881744385","0.3887999951839447","0.65379998087883","0.6466999650001526","0.6608999967575073","1","1","1","1","1","1","0.3194499909877777","0.31540000438690186","0.32349997758865356","0.8318999707698822","0.8281999826431274","0.835599958896637","1","1","1","1","1","1","0.28029999136924744","0.28029999136924744","0.28029999136924744","0.8712999820709229","0.8712999820709229","0.8712999820709229","1","1","1","1","1","1","0.3244999945163727","0.3244999945163727","0.3244999945163727","0.8682000041007996","0.8682000041007996","0.8682000041007996","1","1","1","1","1","1","0.04569999873638153","0.04569999873638153","0.04569999873638153","1","1","1"
"1563","1","1","1","1","1","1","0.0471000000834465","0.0471000000834465","0.0471000000834465","1","1","1","1","1","1","1","1","1","0.042899999767541885","0.042899999767541885","0.042899999767541885","1","1","1","0.9999499917030334","0.9998999834060669","1","1","1","1","0.3778499811887741","0.3667999804019928","0.3888999819755554","0.6532999873161316","0.6453999876976013","0.6611999869346619","1","1","1","1","1","1","0.3152499943971634","0.3084000051021576","0.3220999836921692","0.8303999900817871","0.8263999819755554","0.8343999981880188","1","1","1","1","1","1","0.2703999876976013","0.2703999876976013","0.2703999876976013","0.8686999678611755","0.8686999678611755","0.8686999678611755","1","1","1","1","1","1","0.32409998774528503","0.32409998774528503","0.32409998774528503","0.8682000041007996","0.8682000041007996","0.8682000041007996","1","1","1","1","1","1","0.045499999076128006","0.045499999076128006","0.045499999076128006","1","1","1"
"1574","1","1","1","1","1","1","0.04729999974370003","0.04729999974370003","0.04729999974370003","1","1","1","1","1","1","1","1","1","0.042799998074769974","0.042799998074769974","0.042799998074769974","1","1","1","1","1","1","1","1","1","0.3751499801874161","0.36969998478889465","0.3805999755859375","0.6509499549865723","0.6451999545097351","0.6566999554634094","1","1","1","1","1","1","0.3146499842405319","0.3114999830722809","0.31779998540878296","0.830949991941452","0.8274999856948853","0.8343999981880188","1","1","1","1","1","1","0.2685000002384186","0.2685000002384186","0.2685000002384186","0.8687999844551086","0.8687999844551086","0.8687999844551086","1","1","1","1","1","1","0.3263999819755554","0.3263999819755554","0.3263999819755554","0.8678999543190002","0.8678999543190002","0.8678999543190002","1","1","1","1","1","1","0.045499999076128006","0.045499999076128006","0.045499999076128006","1","1","1"
"1585","1","1","1","1","1","1","0.04779999703168869","0.04779999703168869","0.04779999703168869","1","1","1","1","1","1","1","1","1","0.0429999977350235","0.0429999977350235","0.0429999977350235","1","1","1","0.9999499917030334","0.9998999834060669","1","1","1","1","0.35419999063014984","0.33309999108314514","0.37529999017715454","0.6403999626636505","0.6250999569892883","0.6556999683380127","1","1","1","1","1","1","0.3166999816894531","0.3130999803543091","0.32029998302459717","0.8316999673843384","0.8283999562263489","0.8349999785423279","1","1","1","1","1","1","0.2782999873161316","0.2782999873161316","0.2782999873161316","0.870199978351593","0.870199978351593","0.870199978351593","1","1","1","1","1","1","0.30379998683929443","0.30379998683929443","0.30379998683929443","0.8660999536514282","0.8660999536514282","0.8660999536514282","1","1","1","1","1","1","0.04490000009536743","0.04490000009536743","0.04490000009536743","1","1","1"
"1596","1","1","1","1","1","1","0.04749999940395355","0.04749999940395355","0.04749999940395355","1","1","1","1","1","1","1","1","1","0.043299999088048935","0.043299999088048935","0.043299999088048935","1","1","1","1","1","1","1","1","1","0.36799998581409454","0.3554999828338623","0.3804999887943268","0.6480500102043152","0.6398000121116638","0.6563000082969666","1","1","1","1","1","1","0.3219999819993973","0.3098999857902527","0.33409997820854187","0.832999974489212","0.8277999758720398","0.8381999731063843","1","1","1","1","1","1","0.27950000762939453","0.27950000762939453","0.27950000762939453","0.8704999685287476","0.8704999685287476","0.8704999685287476","1","1","1","1","1","1","0.3243999779224396","0.3243999779224396","0.3243999779224396","0.8679999709129333","0.8679999709129333","0.8679999709129333","1","1","1","1","1","1","0.045899998396635056","0.045899998396635056","0.045899998396635056","1","1","1"
"1607","1","1","1","1","1","1","0.047199998050928116","0.047199998050928116","0.047199998050928116","1","1","1","1","1","1","1","1","1","0.04309999942779541","0.04309999942779541","0.04309999942779541","1","1","1","1","1","1","1","1","1","0.374799981713295","0.3651999831199646","0.38439998030662537","0.6518999934196472","0.6471999883651733","0.6565999984741211","1","1","1","1","1","1","0.3180999904870987","0.3100999891757965","0.3260999917984009","0.831849992275238","0.8271999955177307","0.8364999890327454","1","1","1","1","1","1","0.26829999685287476","0.26829999685287476","0.26829999685287476","0.8682000041007996","0.8682000041007996","0.8682000041007996","1","1","1","1","1","1","0.3150999844074249","0.3150999844074249","0.3150999844074249","0.8664000034332275","0.8664000034332275","0.8664000034332275","1","1","1","1","1","1","0.045399997383356094","0.045399997383356094","0.045399997383356094","1","1","1"
"1618","1","1","1","1","1","1","0.04739999771118164","0.04739999771118164","0.04739999771118164","1","1","1","1","1","1","1","1","1","0.043299999088048935","0.043299999088048935","0.043299999088048935","1","1","1","0.9999499917030334","0.9998999834060669","1","1","1","1","0.3828999847173691","0.3788999915122986","0.3868999779224396","0.6577999889850616","0.6538000106811523","0.661799967288971","1","1","1","1","1","1","0.3210499882698059","0.3027999997138977","0.3392999768257141","0.8333999812602997","0.8265999555587769","0.8402000069618225","1","1","1","1","1","1","0.26639997959136963","0.26639997959136963","0.26639997959136963","0.8673999905586243","0.8673999905586243","0.8673999905586243","1","1","1","1","1","1","0.3179999887943268","0.3179999887943268","0.3179999887943268","0.8664000034332275","0.8664000034332275","0.8664000034332275","1","1","1","1","1","1","0.045099999755620956","0.045099999755620956","0.045099999755620956","1","1","1"
"1629","1","1","1","1","1","1","0.04690000042319298","0.04690000042319298","0.04690000042319298","1","1","1","1","1","1","1","1","1","0.043299999088048935","0.043299999088048935","0.043299999088048935","1","1","1","1","1","1","0.9999499917030334","0.9998999834060669","1","0.3739999979734421","0.37279999256134033","0.3752000033855438","0.6533999741077423","0.6521999835968018","0.6545999646186829","1","1","1","1","1","1","0.3253999948501587","0.3141999840736389","0.33660000562667847","0.8347499966621399","0.8287000060081482","0.8407999873161316","1","1","1","1","1","1","0.26969999074935913","0.26969999074935913","0.26969999074935913","0.8677999973297119","0.8677999973297119","0.8677999973297119","1","1","1","1","1","1","0.31630000472068787","0.31630000472068787","0.31630000472068787","0.8671000003814697","0.8671000003814697","0.8671000003814697","1","1","1","1","1","1","0.04600000008940697","0.04600000008940697","0.04600000008940697","1","1","1"
"1640","1","1","1","1","1","1","0.047199998050928116","0.047199998050928116","0.047199998050928116","1","1","1","1","1","1","1","1","1","0.043299999088048935","0.043299999088048935","0.043299999088048935","1","1","1","1","1","1","1","1","1","0.3821999877691269","0.3757999837398529","0.3885999917984009","0.6555499732494354","0.6514999866485596","0.6595999598503113","1","1","1","1","1","1","0.319599986076355","0.3035999834537506","0.33559998869895935","0.8342999815940857","0.8278999924659729","0.8406999707221985","1","1","1","1","1","1","0.2524999976158142","0.2524999976158142","0.2524999976158142","0.8646999597549438","0.8646999597549438","0.8646999597549438","1","1","1","1","1","1","0.32330000400543213","0.32330000400543213","0.32330000400543213","0.8671000003814697","0.8671000003814697","0.8671000003814697","1","1","1","1","1","1","0.04519999772310257","0.04519999772310257","0.04519999772310257","1","1","1"
"1651","1","1","1","1","1","1","0.04729999974370003","0.04729999974370003","0.04729999974370003","1","1","1","1","1","1","1","1","1","0.042799998074769974","0.042799998074769974","0.042799998074769974","1","1","1","0.9999499917030334","0.9998999834060669","1","1","1","1","0.3813999891281128","0.3675999939441681","0.3951999843120575","0.6545999944210052","0.6466000080108643","0.6625999808311462","1","1","1","1","1","1","0.3212999999523163","0.3122999966144562","0.3303000032901764","0.8344999849796295","0.8299999833106995","0.8389999866485596","1","1","1","1","1","1","0.26440000534057617","0.26440000534057617","0.26440000534057617","0.8661999702453613","0.8661999702453613","0.8661999702453613","1","1","1","1","1","1","0.3296999931335449","0.3296999931335449","0.3296999931335449","0.8671999573707581","0.8671999573707581","0.8671999573707581","1","1","1","1","1","1","0.04519999772310257","0.04519999772310257","0.04519999772310257","1","1","1"
"1662","1","1","1","1","1","1","0.047599997371435165","0.047599997371435165","0.047599997371435165","1","1","1","1","1","1","1","1","1","0.043299999088048935","0.043299999088048935","0.043299999088048935","1","1","1","1","1","1","1","1","1","0.3740999847650528","0.3700999915599823","0.3780999779701233","0.652899980545044","0.649899959564209","0.6559000015258789","1","1","1","1","1","1","0.314750000834465","0.30959999561309814","0.3199000060558319","0.8332999646663666","0.8294999599456787","0.8370999693870544","1","1","1","1","1","1","0.2680000066757202","0.2680000066757202","0.2680000066757202","0.8678999543190002","0.8678999543190002","0.8678999543190002","1","1","1","1","1","1","0.31929999589920044","0.31929999589920044","0.31929999589920044","0.8658999800682068","0.8658999800682068","0.8658999800682068","1","1","1","1","1","1","0.04580000042915344","0.04580000042915344","0.04580000042915344","1","1","1"
"1673","1","1","1","1","1","1","0.047199998050928116","0.047199998050928116","0.047199998050928116","1","1","1","1","1","1","1","1","1","0.0429999977350235","0.0429999977350235","0.0429999977350235","1","1","1","1","1","1","1","1","1","0.37264998257160187","0.36569997668266296","0.37959998846054077","0.6522999703884125","0.6470999717712402","0.6574999690055847","1","1","1","1","1","1","0.3203999847173691","0.3107999861240387","0.32999998331069946","0.8343499898910522","0.8303999900817871","0.8382999897003174","1","1","1","1","1","1","0.26659998297691345","0.26659998297691345","0.26659998297691345","0.8682000041007996","0.8682000041007996","0.8682000041007996","1","1","1","1","1","1","0.3139999806880951","0.3139999806880951","0.3139999806880951","0.8660999536514282","0.8660999536514282","0.8660999536514282","1","1","1","1","1","1","0.044599998742341995","0.044599998742341995","0.044599998742341995","1","1","1"
"1684","1","1","1","1","1","1","0.047599997371435165","0.047599997371435165","0.047599997371435165","1","1","1","1","1","1","1","1","1","0.0429999977350235","0.0429999977350235","0.0429999977350235","1","1","1","1","1","1","1","1","1","0.3763999789953232","0.366599977016449","0.3861999809741974","0.6559999883174896","0.6495000123977661","0.6624999642372131","1","1","1","1","1","1","0.32329998910427094","0.3165999948978424","0.32999998331069946","0.834699958562851","0.8298999667167664","0.8394999504089355","1","1","1","1","1","1","0.27149999141693115","0.27149999141693115","0.27149999141693115","0.8682000041007996","0.8682000041007996","0.8682000041007996","1","1","1","1","1","1","0.32760000228881836","0.32760000228881836","0.32760000228881836","0.8680999875068665","0.8680999875068665","0.8680999875068665","1","1","1","1","1","1","0.04470000043511391","0.04470000043511391","0.04470000043511391","1","1","1"
"1695","1","1","1","1","1","1","0.04699999839067459","0.04699999839067459","0.04699999839067459","1","1","1","1","1","1","1","1","1","0.04270000010728836","0.04270000010728836","0.04270000010728836","1","1","1","1","1","1","1","1","1","0.383449986577034","0.36419999599456787","0.4026999771595001","0.6597000062465668","0.6473000049591064","0.6721000075340271","1","1","1","1","1","1","0.3200500011444092","0.3131999969482422","0.32690000534057617","0.8335500061511993","0.8287000060081482","0.8384000062942505","1","1","1","1","1","1","0.2736999988555908","0.2736999988555908","0.2736999988555908","0.8682000041007996","0.8682000041007996","0.8682000041007996","1","1","1","1","1","1","0.32259997725486755","0.32259997725486755","0.32259997725486755","0.8671999573707581","0.8671999573707581","0.8671999573707581","1","1","1","1","1","1","0.04529999941587448","0.04529999941587448","0.04529999941587448","1","1","1"
"1706","1","1","1","1","1","1","0.04739999771118164","0.04739999771118164","0.04739999771118164","1","1","1","1","1","1","1","1","1","0.04309999942779541","0.04309999942779541","0.04309999942779541","1","1","1","1","1","1","1","1","1","0.3858499974012375","0.3643999993801117","0.4072999954223633","0.6595499813556671","0.6452999711036682","0.673799991607666","1","1","1","1","1","1","0.31174999475479126","0.3012000024318695","0.322299987077713","0.831849992275238","0.8252999782562256","0.8384000062942505","1","1","1","1","1","1","0.27149999141693115","0.27149999141693115","0.27149999141693115","0.8693999648094177","0.8693999648094177","0.8693999648094177","1","1","1","1","1","1","0.3312000036239624","0.3312000036239624","0.3312000036239624","0.8689000010490417","0.8689000010490417","0.8689000010490417","1","1","1","1","1","1","0.04519999772310257","0.04519999772310257","0.04519999772310257","1","1","1"
"1717","1","1","1","1","1","1","0.047199998050928116","0.047199998050928116","0.047199998050928116","1","1","1","1","1","1","1","1","1","0.042899999767541885","0.042899999767541885","0.042899999767541885","1","1","1","1","1","1","1","1","1","0.3787499964237213","0.3610000014305115","0.39649999141693115","0.6549499928951263","0.6431999802589417","0.666700005531311","1","1","1","1","1","1","0.3097499907016754","0.30480000376701355","0.3146999776363373","0.8328999876976013","0.828499972820282","0.8373000025749207","1","1","1","1","1","1","0.2595999836921692","0.2595999836921692","0.2595999836921692","0.8659999966621399","0.8659999966621399","0.8659999966621399","1","1","1","1","1","1","0.3130999803543091","0.3130999803543091","0.3130999803543091","0.8657000064849854","0.8657000064849854","0.8657000064849854","1","1","1","1","1","1","0.04470000043511391","0.04470000043511391","0.04470000043511391","1","1","1"
"1728","1","1","1","1","1","1","0.04769999906420708","0.04769999906420708","0.04769999906420708","1","1","1","1","1","1","1","1","1","0.04270000010728836","0.04270000010728836","0.04270000010728836","1","1","1","1","1","1","1","1","1","0.38019998371601105","0.36629998683929443","0.39409998059272766","0.656499981880188","0.6444999575614929","0.6685000061988831","1","1","1","1","1","1","0.31254999339580536","0.30300000309944153","0.3220999836921692","0.833899974822998","0.8285999894142151","0.839199960231781","1","1","1","1","1","1","0.2719999849796295","0.2719999849796295","0.2719999849796295","0.8676999807357788","0.8676999807357788","0.8676999807357788","1","1","1","1","1","1","0.3229999840259552","0.3229999840259552","0.3229999840259552","0.8680999875068665","0.8680999875068665","0.8680999875068665","1","1","1","1","1","1","0.04569999873638153","0.04569999873638153","0.04569999873638153","1","1","1"
"1739","1","1","1","1","1","1","0.04739999771118164","0.04739999771118164","0.04739999771118164","1","1","1","1","1","1","1","1","1","0.042799998074769974","0.042799998074769974","0.042799998074769974","1","1","1","1","1","1","1","1","1","0.38044998049736023","0.36569997668266296","0.3951999843120575","0.6564499735832214","0.6456999778747559","0.667199969291687","1","1","1","1","1","1","0.3158999979496002","0.30640000104904175","0.3253999948501587","0.8337999880313873","0.8281999826431274","0.8393999934196472","1","1","1","1","1","1","0.2768999934196472","0.2768999934196472","0.2768999934196472","0.8691999912261963","0.8691999912261963","0.8691999912261963","1","1","1","1","1","1","0.3224000036716461","0.3224000036716461","0.3224000036716461","0.8680999875068665","0.8680999875068665","0.8680999875068665","1","1","1","1","1","1","0.04490000009536743","0.04490000009536743","0.04490000009536743","1","1","1"
"1750","1","1","1","1","1","1","0.04739999771118164","0.04739999771118164","0.04739999771118164","1","1","1","1","1","1","1","1","1","0.04259999841451645","0.04259999841451645","0.04259999841451645","1","1","1","1","1","1","1","1","1","0.3820499926805496","0.3662000000476837","0.3978999853134155","0.6584999859333038","0.646399974822998","0.6705999970436096","1","1","1","1","1","1","0.3205999881029129","0.307699978351593","0.3334999978542328","0.8355999886989594","0.8294000029563904","0.8417999744415283","1","1","1","1","1","1","0.2838999927043915","0.2838999927043915","0.2838999927043915","0.8707000017166138","0.8707000017166138","0.8707000017166138","1","1","1","1","1","1","0.3212999999523163","0.3212999999523163","0.3212999999523163","0.8680999875068665","0.8680999875068665","0.8680999875068665","1","1","1","1","1","1","0.04529999941587448","0.04529999941587448","0.04529999941587448","1","1","1"
"1761","1","1","1","1","1","1","0.04769999906420708","0.04769999906420708","0.04769999906420708","1","1","1","1","1","1","1","1","1","0.042899999767541885","0.042899999767541885","0.042899999767541885","1","1","1","1","1","1","1","1","1","0.3714499920606613","0.36789998412132263","0.375","0.6510999798774719","0.6480000019073486","0.6541999578475952","1","1","1","1","1","1","0.31039999425411224","0.30489999055862427","0.3158999979496002","0.8334499597549438","0.8291999697685242","0.8376999497413635","1","1","1","1","1","1","0.2724999785423279","0.2724999785423279","0.2724999785423279","0.8691999912261963","0.8691999912261963","0.8691999912261963","1","1","1","1","1","1","0.3317999839782715","0.3317999839782715","0.3317999839782715","0.8700000047683716","0.8700000047683716","0.8700000047683716","1","1","1","1","1","1","0.045499999076128006","0.045499999076128006","0.045499999076128006","1","1","1"
"1772","1","1","1","1","1","1","0.047199998050928116","0.047199998050928116","0.047199998050928116","1","1","1","1","1","1","1","1","1","0.042399998754262924","0.042399998754262924","0.042399998754262924","1","1","1","1","1","1","1","1","1","0.37334999442100525","0.3677999973297119","0.3788999915122986","0.6565999984741211","0.6523000001907349","0.6608999967575073","1","1","1","1","1","1","0.31254999339580536","0.2938999831676483","0.3312000036239624","0.8324499726295471","0.8238999843597412","0.840999960899353","1","1","1","1","1","1","0.28329998254776","0.28329998254776","0.28329998254776","0.870199978351593","0.870199978351593","0.870199978351593","1","1","1","1","1","1","0.32339999079704285","0.32339999079704285","0.32339999079704285","0.8676999807357788","0.8676999807357788","0.8676999807357788","1","1","1","1","1","1","0.04609999805688858","0.04609999805688858","0.04609999805688858","1","1","1"
"1783","1","1","1","1","1","1","0.04690000042319298","0.04690000042319298","0.04690000042319298","1","1","1","1","1","1","1","1","1","0.04309999942779541","0.04309999942779541","0.04309999942779541","1","1","1","1","1","1","1","1","1","0.3717999905347824","0.36980000138282776","0.37379997968673706","0.6529999673366547","0.6499999761581421","0.6559999585151672","1","1","1","1","1","1","0.3094500005245209","0.2903999984264374","0.32850000262260437","0.8310999870300293","0.8233000040054321","0.8388999700546265","1","1","1","1","1","1","0.2833999991416931","0.2833999991416931","0.2833999991416931","0.8710999488830566","0.8710999488830566","0.8710999488830566","1","1","1","1","1","1","0.3319000005722046","0.3319000005722046","0.3319000005722046","0.870199978351593","0.870199978351593","0.870199978351593","1","1","1","1","1","1","0.045399997383356094","0.045399997383356094","0.045399997383356094","1","1","1"
"1794","1","1","1","1","1","1","0.04739999771118164","0.04739999771118164","0.04739999771118164","1","1","1","1","1","1","1","1","1","0.042899999767541885","0.042899999767541885","0.042899999767541885","1","1","1","0.9999499917030334","0.9998999834060669","1","1","1","1","0.3709999918937683","0.36629998683929443","0.3756999969482422","0.6508999764919281","0.6446999907493591","0.6570999622344971","1","1","1","1","1","1","0.3189999908208847","0.3082999885082245","0.3296999931335449","0.8337000012397766","0.8271999955177307","0.8402000069618225","1","1","1","1","1","1","0.26109999418258667","0.26109999418258667","0.26109999418258667","0.8668999671936035","0.8668999671936035","0.8668999671936035","1","1","1","1","1","1","0.3393999934196472","0.3393999934196472","0.3393999934196472","0.8704999685287476","0.8704999685287476","0.8704999685287476","1","1","1","1","1","1","0.045099999755620956","0.045099999755620956","0.045099999755620956","1","1","1"
"1805","1","1","1","1","1","1","0.047599997371435165","0.047599997371435165","0.047599997371435165","1","1","1","1","1","1","1","1","1","0.042799998074769974","0.042799998074769974","0.042799998074769974","1","1","1","1","1","1","1","1","1","0.38199998438358307","0.37619999051094055","0.3877999782562256","0.6566999852657318","0.6513000130653381","0.6620999574661255","1","1","1","1","1","1","0.3169499784708023","0.30949997901916504","0.3243999779224396","0.8333499729633331","0.8280999660491943","0.8385999798774719","1","1","1","1","1","1","0.2798999845981598","0.2798999845981598","0.2798999845981598","0.8693999648094177","0.8693999648094177","0.8693999648094177","1","1","1","1","1","1","0.32729998230934143","0.32729998230934143","0.32729998230934143","0.8682000041007996","0.8682000041007996","0.8682000041007996","1","1","1","1","1","1","0.04479999840259552","0.04479999840259552","0.04479999840259552","1","1","1"
"1816","1","1","1","1","1","1","0.0471000000834465","0.0471000000834465","0.0471000000834465","1","1","1","1","1","1","1","1","1","0.04319999739527702","0.04319999739527702","0.04319999739527702","1","1","1","0.9999499917030334","0.9998999834060669","1","1","1","1","0.38899998366832733","0.38439998030662537","0.3935999870300293","0.6603999733924866","0.6548999547958374","0.6658999919891357","1","1","1","1","1","1","0.3076999932527542","0.3019999861717224","0.313400000333786","0.8305499851703644","0.8242999911308289","0.8367999792098999","1","1","1","1","1","1","0.2854999899864197","0.2854999899864197","0.2854999899864197","0.8710999488830566","0.8710999488830566","0.8710999488830566","1","1","1","1","1","1","0.3334999978542328","0.3334999978542328","0.3334999978542328","0.8697999715805054","0.8697999715805054","0.8697999715805054","1","1","1","1","1","1","0.04519999772310257","0.04519999772310257","0.04519999772310257","1","1","1"
"1827","1","1","1","1","1","1","0.047599997371435165","0.047599997371435165","0.047599997371435165","1","1","1","1","1","1","1","1","1","0.04319999739527702","0.04319999739527702","0.04319999739527702","1","1","1","0.9999499917030334","0.9998999834060669","1","1","1","1","0.37199999392032623","0.3626999855041504","0.3813000023365021","0.6523500084877014","0.6459000110626221","0.6588000059127808","1","1","1","1","1","1","0.31654998660087585","0.3130999803543091","0.3199999928474426","0.8327499628067017","0.827299952507019","0.8381999731063843","1","1","1","1","1","1","0.28529998660087585","0.28529998660087585","0.28529998660087585","0.8707000017166138","0.8707000017166138","0.8707000017166138","1","1","1","1","1","1","0.3244999945163727","0.3244999945163727","0.3244999945163727","0.868399977684021","0.868399977684021","0.868399977684021","1","1","1","1","1","1","0.045399997383356094","0.045399997383356094","0.045399997383356094","1","1","1"
"1838","1","1","1","1","1","1","0.0471000000834465","0.0471000000834465","0.0471000000834465","1","1","1","1","1","1","1","1","1","0.042899999767541885","0.042899999767541885","0.042899999767541885","1","1","1","1","1","1","1","1","1","0.38144999742507935","0.3797999918460846","0.3831000030040741","0.6564499735832214","0.6539999842643738","0.6588999629020691","1","1","1","1","1","1","0.31619998812675476","0.3125999867916107","0.3197999894618988","0.8332999646663666","0.8269999623298645","0.8395999670028687","1","1","1","1","1","1","0.27639999985694885","0.27639999985694885","0.27639999985694885","0.8702999949455261","0.8702999949455261","0.8702999949455261","1","1","1","1","1","1","0.32170000672340393","0.32170000672340393","0.32170000672340393","0.8684999942779541","0.8684999942779541","0.8684999942779541","1","1","1","1","1","1","0.04529999941587448","0.04529999941587448","0.04529999941587448","1","1","1"
"1849","1","1","1","1","1","1","0.04739999771118164","0.04739999771118164","0.04739999771118164","1","1","1","1","1","1","1","1","1","0.04270000010728836","0.04270000010728836","0.04270000010728836","1","1","1","1","1","1","1","1","1","0.37789998948574066","0.375900000333786","0.3798999786376953","0.6556000113487244","0.6513000130653381","0.6599000096321106","1","1","1","1","1","1","0.3192499876022339","0.3075999915599823","0.3308999836444855","0.8334999978542328","0.8242999911308289","0.8427000045776367","1","1","1","1","1","1","0.2822999954223633","0.2822999954223633","0.2822999954223633","0.8709999918937683","0.8709999918937683","0.8709999918937683","1","1","1","1","1","1","0.29420000314712524","0.29420000314712524","0.29420000314712524","0.8641999959945679","0.8641999959945679","0.8641999959945679","1","1","1","1","1","1","0.04479999840259552","0.04479999840259552","0.04479999840259552","1","1","1"
"1860","1","1","1","1","1","1","0.047199998050928116","0.047199998050928116","0.047199998050928116","1","1","1","1","1","1","1","1","1","0.042899999767541885","0.042899999767541885","0.042899999767541885","1","1","1","1","1","1","1","1","1","0.38009998202323914","0.37849998474121094","0.38169997930526733","0.6592499911785126","0.6552000045776367","0.6632999777793884","1","1","1","1","1","1","0.31299999356269836","0.3061999976634979","0.3197999894618988","0.8318499624729156","0.8255999684333801","0.8380999565124512","1","1","1","1","1","1","0.2789999842643738","0.2789999842643738","0.2789999842643738","0.8711999654769897","0.8711999654769897","0.8711999654769897","1","1","1","1","1","1","0.32089999318122864","0.32089999318122864","0.32089999318122864","0.8677999973297119","0.8677999973297119","0.8677999973297119","1","1","1","1","1","1","0.045399997383356094","0.045399997383356094","0.045399997383356094","1","1","1"
"1871","1","1","1","1","1","1","0.04699999839067459","0.04699999839067459","0.04699999839067459","1","1","1","1","1","1","1","1","1","0.04270000010728836","0.04270000010728836","0.04270000010728836","1","1","1","1","1","1","1","1","1","0.3697499930858612","0.36399999260902405","0.37549999356269836","0.6510500013828278","0.6468999981880188","0.6552000045776367","1","1","1","1","1","1","0.3185499906539917","0.311599999666214","0.3254999816417694","0.833899974822998","0.8281999826431274","0.8395999670028687","1","1","1","1","1","1","0.28509998321533203","0.28509998321533203","0.28509998321533203","0.8715999722480774","0.8715999722480774","0.8715999722480774","1","1","1","1","1","1","0.3215999901294708","0.3215999901294708","0.3215999901294708","0.8682000041007996","0.8682000041007996","0.8682000041007996","1","1","1","1","1","1","0.044999998062849045","0.044999998062849045","0.044999998062849045","1","1","1"
"1882","1","1","1","1","1","1","0.0471000000834465","0.0471000000834465","0.0471000000834465","1","1","1","1","1","1","1","1","1","0.0429999977350235","0.0429999977350235","0.0429999977350235","1","1","1","1","1","1","1","1","1","0.37504999339580536","0.3652999997138977","0.384799987077713","0.6547999680042267","0.6473999619483948","0.6621999740600586","1","1","1","1","1","1","0.31824998557567596","0.3179999887943268","0.31849998235702515","0.834199994802475","0.8300999999046326","0.8382999897003174","1","1","1","1","1","1","0.281499981880188","0.281499981880188","0.281499981880188","0.8707000017166138","0.8707000017166138","0.8707000017166138","1","1","1","1","1","1","0.3166999816894531","0.3166999816894531","0.3166999816894531","0.8658999800682068","0.8658999800682068","0.8658999800682068","1","1","1","1","1","1","0.045499999076128006","0.045499999076128006","0.045499999076128006","1","1","1"
"1893","1","1","1","1","1","1","0.04739999771118164","0.04739999771118164","0.04739999771118164","1","1","1","1","1","1","1","1","1","0.042899999767541885","0.042899999767541885","0.042899999767541885","1","1","1","1","1","1","1","1","1","0.3729499876499176","0.3653999865055084","0.3804999887943268","0.6536999940872192","0.6491000056266785","0.65829998254776","1","1","1","1","1","1","0.31424999237060547","0.3089999854564667","0.31949999928474426","0.8337499797344208","0.8278999924659729","0.8395999670028687","1","1","1","1","1","1","0.2825999855995178","0.2825999855995178","0.2825999855995178","0.8700999617576599","0.8700999617576599","0.8700999617576599","1","1","1","1","1","1","0.3190000057220459","0.3190000057220459","0.3190000057220459","0.8677999973297119","0.8677999973297119","0.8677999973297119","1","1","1","1","1","1","0.04519999772310257","0.04519999772310257","0.04519999772310257","1","1","1"
"1904","1","1","1","1","1","1","0.04699999839067459","0.04699999839067459","0.04699999839067459","1","1","1","1","1","1","1","1","1","0.04230000078678131","0.04230000078678131","0.04230000078678131","1","1","1","1","1","1","0.9999499917030334","0.9998999834060669","1","0.3781999796628952","0.3748999834060669","0.3814999759197235","0.6590499877929688","0.6559000015258789","0.6621999740600586","1","1","1","1","1","1","0.3187499940395355","0.31119999289512634","0.3262999951839447","0.8339999616146088","0.8280999660491943","0.8398999571800232","1","1","1","1","1","1","0.2786000072956085","0.2786000072956085","0.2786000072956085","0.8697999715805054","0.8697999715805054","0.8697999715805054","1","1","1","1","1","1","0.31459999084472656","0.31459999084472656","0.31459999084472656","0.8667999505996704","0.8667999505996704","0.8667999505996704","1","1","1","1","1","1","0.04479999840259552","0.04479999840259552","0.04479999840259552","1","1","1"
"1915","1","1","1","1","1","1","0.04749999940395355","0.04749999940395355","0.04749999940395355","1","1","1","1","1","1","1","1","1","0.042899999767541885","0.042899999767541885","0.042899999767541885","1","1","1","0.9999499917030334","0.9998999834060669","1","1","1","1","0.37744998931884766","0.370199978351593","0.3847000002861023","0.6560999751091003","0.6525999903678894","0.6595999598503113","1","1","1","1","1","1","0.31700000166893005","0.31630000472068787","0.31769999861717224","0.8326499760150909","0.8285999894142151","0.8366999626159668","1","1","1","1","1","1","0.28329998254776","0.28329998254776","0.28329998254776","0.8704999685287476","0.8704999685287476","0.8704999685287476","1","1","1","1","1","1","0.31540000438690186","0.31540000438690186","0.31540000438690186","0.8661999702453613","0.8661999702453613","0.8661999702453613","1","1","1","1","1","1","0.045099999755620956","0.045099999755620956","0.045099999755620956","1","1","1"
"1926","1","1","1","1","1","1","0.047599997371435165","0.047599997371435165","0.047599997371435165","1","1","1","1","1","1","1","1","1","0.042799998074769974","0.042799998074769974","0.042799998074769974","1","1","1","1","1","1","1","1","1","0.3726999908685684","0.3707999885082245","0.37459999322891235","0.6561999917030334","0.654699981212616","0.6577000021934509","1","1","1","1","1","1","0.3196999877691269","0.30719998478889465","0.33219999074935913","0.8346499800682068","0.8276999592781067","0.8416000008583069","1","1","1","1","1","1","0.2847000062465668","0.2847000062465668","0.2847000062465668","0.8716999888420105","0.8716999888420105","0.8716999888420105","1","1","1","1","1","1","0.3118000030517578","0.3118000030517578","0.3118000030517578","0.8657000064849854","0.8657000064849854","0.8657000064849854","1","1","1","1","1","1","0.045399997383356094","0.045399997383356094","0.045399997383356094","1","1","1"
"1937","1","1","1","1","1","1","0.047599997371435165","0.047599997371435165","0.047599997371435165","1","1","1","1","1","1","1","1","1","0.04259999841451645","0.04259999841451645","0.04259999841451645","1","1","1","1","1","1","1","1","1","0.38304997980594635","0.38259997963905334","0.38349997997283936","0.6603499948978424","0.6568999886512756","0.6638000011444092","1","1","1","1","1","1","0.3143499791622162","0.3051999807357788","0.32349997758865356","0.8336499929428101","0.8270999789237976","0.8402000069618225","1","1","1","1","1","1","0.2854999899864197","0.2854999899864197","0.2854999899864197","0.8714999556541443","0.8714999556541443","0.8714999556541443","1","1","1","1","1","1","0.3236999809741974","0.3236999809741974","0.3236999809741974","0.8668999671936035","0.8668999671936035","0.8668999671936035","1","1","1","1","1","1","0.04580000042915344","0.04580000042915344","0.04580000042915344","1","1","1"
"1948","1","1","1","1","1","1","0.04749999940395355","0.04749999940395355","0.04749999940395355","1","1","1","1","1","1","1","1","1","0.0421999990940094","0.0421999990940094","0.0421999990940094","1","1","1","1","1","1","1","1","1","0.3798999935388565","0.37950000166893005","0.38029998540878296","0.6589499711990356","0.6553999781608582","0.6624999642372131","1","1","1","1","1","1","0.3171499967575073","0.30559998750686646","0.3287000060081482","0.8333999812602997","0.8252999782562256","0.8414999842643738","1","1","1","1","1","1","0.28849998116493225","0.28849998116493225","0.28849998116493225","0.8707999587059021","0.8707999587059021","0.8707999587059021","1","1","1","1","1","1","0.3188999891281128","0.3188999891281128","0.3188999891281128","0.8673999905586243","0.8673999905586243","0.8673999905586243","1","1","1","1","1","1","0.045399997383356094","0.045399997383356094","0.045399997383356094","1","1","1"
"1959","1","1","1","1","1","1","0.0471000000834465","0.0471000000834465","0.0471000000834465","1","1","1","1","1","1","1","1","1","0.0429999977350235","0.0429999977350235","0.0429999977350235","1","1","1","1","1","1","1","1","1","0.3810499906539917","0.37959998846054077","0.3824999928474426","0.6592999994754791","0.6556000113487244","0.6629999876022339","1","1","1","1","1","1","0.3138999938964844","0.30399999022483826","0.3237999975681305","0.8331999778747559","0.8262999653816223","0.8400999903678894","1","1","1","1","1","1","0.28029999136924744","0.28029999136924744","0.28029999136924744","0.871999979019165","0.871999979019165","0.871999979019165","1","1","1","1","1","1","0.3211999833583832","0.3211999833583832","0.3211999833583832","0.8679999709129333","0.8679999709129333","0.8679999709129333","1","1","1","1","1","1","0.045099999755620956","0.045099999755620956","0.045099999755620956","1","1","1"
"1970","1","1","1","1","1","1","0.04729999974370003","0.04729999974370003","0.04729999974370003","1","1","1","1","1","1","1","1","1","0.04259999841451645","0.04259999841451645","0.04259999841451645","1","1","1","1","1","1","1","1","1","0.38349999487400055","0.37860000133514404","0.38839998841285706","0.6583499908447266","0.654699981212616","0.6620000004768372","1","1","1","1","1","1","0.31199999153614044","0.3084999918937683","0.3154999911785126","0.8308999836444855","0.8258999586105347","0.8359000086784363","1","1","1","1","1","1","0.2833999991416931","0.2833999991416931","0.2833999991416931","0.8712999820709229","0.8712999820709229","0.8712999820709229","1","1","1","1","1","1","0.3138999938964844","0.3138999938964844","0.3138999938964844","0.8668999671936035","0.8668999671936035","0.8668999671936035","1","1","1","1","1","1","0.04529999941587448","0.04529999941587448","0.04529999941587448","1","1","1"
"1981","1","1","1","1","1","1","0.04739999771118164","0.04739999771118164","0.04739999771118164","1","1","1","1","1","1","1","1","1","0.04259999841451645","0.04259999841451645","0.04259999841451645","1","1","1","0.9999499917030334","0.9998999834060669","1","1","1","1","0.37629999220371246","0.36719998717308044","0.3853999972343445","0.6566999852657318","0.6498000025749207","0.663599967956543","1","1","1","1","1","1","0.3128499835729599","0.2976999878883362","0.3279999792575836","0.8328000009059906","0.8251000046730042","0.840499997138977","1","1","1","1","1","1","0.27469998598098755","0.27469998598098755","0.27469998598098755","0.8700000047683716","0.8700000047683716","0.8700000047683716","1","1","1","1","1","1","0.31379997730255127","0.31379997730255127","0.31379997730255127","0.8661999702453613","0.8661999702453613","0.8661999702453613","1","1","1","1","1","1","0.04490000009536743","0.04490000009536743","0.04490000009536743","1","1","1"
"1992","1","1","1","1","1","1","0.04769999906420708","0.04769999906420708","0.04769999906420708","1","1","1","1","1","1","1","1","1","0.042500000447034836","0.042500000447034836","0.042500000447034836","1","1","1","1","1","1","1","1","1","0.3783999979496002","0.37459999322891235","0.3822000026702881","0.6580999791622162","0.6516000032424927","0.6645999550819397","1","1","1","1","1","1","0.3251499831676483","0.3060999810695648","0.3441999852657318","0.8344999849796295","0.8255999684333801","0.8434000015258789","1","1","1","1","1","1","0.27959999442100525","0.27959999442100525","0.27959999442100525","0.8697999715805054","0.8697999715805054","0.8697999715805054","1","1","1","1","1","1","0.3215000033378601","0.3215000033378601","0.3215000033378601","0.8675999641418457","0.8675999641418457","0.8675999641418457","1","1","1","1","1","1","0.045499999076128006","0.045499999076128006","0.045499999076128006","1","1","1"
"2003","1","1","1","1","1","1","0.04690000042319298","0.04690000042319298","0.04690000042319298","1","1","1","1","1","1","1","1","1","0.042899999767541885","0.042899999767541885","0.042899999767541885","1","1","1","1","1","1","1","1","1","0.38429999351501465","0.38359999656677246","0.38499999046325684","0.6580499708652496","0.6556999683380127","0.6603999733924866","1","1","1","1","1","1","0.32074999809265137","0.30709999799728394","0.3343999981880188","0.8345499932765961","0.8276000022888184","0.8414999842643738","1","1","1","1","1","1","0.27709999680519104","0.27709999680519104","0.27709999680519104","0.8694999814033508","0.8694999814033508","0.8694999814033508","1","1","1","1","1","1","0.3312999904155731","0.3312999904155731","0.3312999904155731","0.8691999912261963","0.8691999912261963","0.8691999912261963","1","1","1","1","1","1","0.04529999941587448","0.04529999941587448","0.04529999941587448","1","1","1"
"2014","1","1","1","1","1","1","0.04729999974370003","0.04729999974370003","0.04729999974370003","1","1","1","1","1","1","1","1","1","0.04259999841451645","0.04259999841451645","0.04259999841451645","1","1","1","1","1","1","1","1","1","0.37504999339580536","0.36719998717308044","0.3828999996185303","0.6542499661445618","0.6509999632835388","0.6574999690055847","1","1","1","1","1","1","0.32019999623298645","0.30959999561309814","0.33079999685287476","0.8341499865055084","0.8280999660491943","0.8402000069618225","1","1","1","1","1","1","0.26479998230934143","0.26479998230934143","0.26479998230934143","0.8676999807357788","0.8676999807357788","0.8676999807357788","1","1","1","1","1","1","0.32510000467300415","0.32510000467300415","0.32510000467300415","0.8684999942779541","0.8684999942779541","0.8684999942779541","1","1","1","1","1","1","0.04529999941587448","0.04529999941587448","0.04529999941587448","1","1","1"
"2025","1","1","1","1","1","1","0.04739999771118164","0.04739999771118164","0.04739999771118164","1","1","1","1","1","1","1","1","1","0.0429999977350235","0.0429999977350235","0.0429999977350235","1","1","1","1","1","1","1","1","1","0.3780999928712845","0.37529999017715454","0.38089999556541443","0.6568499803543091","0.6547999978065491","0.6588999629020691","1","1","1","1","1","1","0.3203499913215637","0.31139999628067017","0.3292999863624573","0.8347499668598175","0.8279999494552612","0.8414999842643738","1","1","1","1","1","1","0.2733999788761139","0.2733999788761139","0.2733999788761139","0.8678999543190002","0.8678999543190002","0.8678999543190002","1","1","1","1","1","1","0.3287000060081482","0.3287000060081482","0.3287000060081482","0.8685999512672424","0.8685999512672424","0.8685999512672424","1","1","1","1","1","1","0.046299997717142105","0.046299997717142105","0.046299997717142105","1","1","1"
"2036","1","1","1","1","1","1","0.046799998730421066","0.046799998730421066","0.046799998730421066","1","1","1","1","1","1","1","1","1","0.042399998754262924","0.042399998754262924","0.042399998754262924","1","1","1","1","1","1","1","1","1","0.3784499913454056","0.37299999594688416","0.383899986743927","0.65625","0.6559000015258789","0.6565999984741211","1","1","1","1","1","1","0.32544998824596405","0.31139999628067017","0.33949998021125793","0.8361499905586243","0.8292999863624573","0.8429999947547913","1","1","1","1","1","1","0.28509998321533203","0.28509998321533203","0.28509998321533203","0.8718000054359436","0.8718000054359436","0.8718000054359436","1","1","1","1","1","1","0.3351999819278717","0.3351999819278717","0.3351999819278717","0.8702999949455261","0.8702999949455261","0.8702999949455261","1","1","1","1","1","1","0.045499999076128006","0.045499999076128006","0.045499999076128006","1","1","1"
"2047","1","1","1","1","1","1","0.0471000000834465","0.0471000000834465","0.0471000000834465","1","1","1","1","1","1","1","1","1","0.04270000010728836","0.04270000010728836","0.04270000010728836","1","1","1","0.9999499917030334","0.9998999834060669","1","0.9999499917030334","0.9998999834060669","1","0.38554999232292175","0.38339999318122864","0.38769999146461487","0.6609499752521515","0.6595999598503113","0.6622999906539917","1","1","1","1","1","1","0.326449990272522","0.32189998030662537","0.3310000002384186","0.837799996137619","0.8325999975204468","0.8429999947547913","1","1","1","1","1","1","0.28459998965263367","0.28459998965263367","0.28459998965263367","0.8711999654769897","0.8711999654769897","0.8711999654769897","1","1","1","1","1","1","0.3352999985218048","0.3352999985218048","0.3352999985218048","0.8708999752998352","0.8708999752998352","0.8708999752998352","1","1","1","1","1","1","0.04559999704360962","0.04559999704360962","0.04559999704360962","1","1","1"
"2058","1","1","1","1","1","1","0.046699997037649155","0.046699997037649155","0.046699997037649155","1","1","1","1","1","1","1","1","1","0.04259999841451645","0.04259999841451645","0.04259999841451645","1","1","1","1","1","1","1","1","1","0.3869500011205673","0.38040000200271606","0.3935000002384186","0.6611499786376953","0.659500002861023","0.6627999544143677","1","1","1","1","1","1","0.33764998614788055","0.33159998059272766","0.34369999170303345","0.8393999934196472","0.8335999846458435","0.8452000021934509","1","1","1","1","1","1","0.2807999849319458","0.2807999849319458","0.2807999849319458","0.8712999820709229","0.8712999820709229","0.8712999820709229","1","1","1","1","1","1","0.33409997820854187","0.33409997820854187","0.33409997820854187","0.8691999912261963","0.8691999912261963","0.8691999912261963","1","1","1","1","1","1","0.045399997383356094","0.045399997383356094","0.045399997383356094","1","1","1"
"2069","1","1","1","1","1","1","0.04649999737739563","0.04649999737739563","0.04649999737739563","1","1","1","1","1","1","1","1","1","0.04230000078678131","0.04230000078678131","0.04230000078678131","1","1","1","1","1","1","1","1","1","0.3786499798297882","0.3766999840736389","0.3805999755859375","0.6580999791622162","0.6577000021934509","0.6584999561309814","1","1","1","1","1","1","0.3331499993801117","0.32269999384880066","0.34360000491142273","0.8375499844551086","0.8310999870300293","0.843999981880188","1","1","1","1","1","1","0.2865999937057495","0.2865999937057495","0.2865999937057495","0.8725000023841858","0.8725000023841858","0.8725000023841858","1","1","1","1","1","1","0.32739999890327454","0.32739999890327454","0.32739999890327454","0.868399977684021","0.868399977684021","0.868399977684021","1","1","1","1","1","1","0.045399997383356094","0.045399997383356094","0.045399997383356094","1","1","1"
"2080","1","1","1","1","1","1","0.04729999974370003","0.04729999974370003","0.04729999974370003","1","1","1","1","1","1","1","1","1","0.042500000447034836","0.042500000447034836","0.042500000447034836","1","1","1","1","1","1","1","1","1","0.3824499845504761","0.3806999921798706","0.38419997692108154","0.6597999930381775","0.6581000089645386","0.6614999771118164","1","1","1","1","1","1","0.32784999907016754","0.31949999928474426","0.3361999988555908","0.8365499973297119","0.8303999900817871","0.8427000045776367","1","1","1","1","1","1","0.27719998359680176","0.27719998359680176","0.27719998359680176","0.8694999814033508","0.8694999814033508","0.8694999814033508","1","1","1","1","1","1","0.3303000032901764","0.3303000032901764","0.3303000032901764","0.8682999610900879","0.8682999610900879","0.8682999610900879","1","1","1","1","1","1","0.045099999755620956","0.045099999755620956","0.045099999755620956","1","1","1"
"2091","1","1","1","1","1","1","0.04749999940395355","0.04749999940395355","0.04749999940395355","1","1","1","1","1","1","1","1","1","0.042899999767541885","0.042899999767541885","0.042899999767541885","1","1","1","1","1","1","1","1","1","0.37629999220371246","0.3723999857902527","0.38019999861717224","0.6577999889850616","0.6532999873161316","0.6622999906539917","1","1","1","1","1","1","0.32774999737739563","0.3179999887943268","0.3375000059604645","0.8364499807357788","0.8305999636650085","0.8422999978065491","1","1","1","1","1","1","0.27570000290870667","0.27570000290870667","0.27570000290870667","0.8702999949455261","0.8702999949455261","0.8702999949455261","1","1","1","1","1","1","0.334199994802475","0.334199994802475","0.334199994802475","0.8694999814033508","0.8694999814033508","0.8694999814033508","1","1","1","1","1","1","0.04559999704360962","0.04559999704360962","0.04559999704360962","1","1","1"
"2102","1","1","1","1","1","1","0.04699999839067459","0.04699999839067459","0.04699999839067459","1","1","1","1","1","1","1","1","1","0.04259999841451645","0.04259999841451645","0.04259999841451645","1","1","1","1","1","1","1","1","1","0.38029998540878296","0.3766999840736389","0.383899986743927","0.6583499908447266","0.6572999954223633","0.6593999862670898","1","1","1","1","1","1","0.3293999880552292","0.31189998984336853","0.34689998626708984","0.8367500007152557","0.8287000060081482","0.8447999954223633","1","1","1","1","1","1","0.2768000066280365","0.2768000066280365","0.2768000066280365","0.8702999949455261","0.8702999949455261","0.8702999949455261","1","1","1","1","1","1","0.3344999849796295","0.3344999849796295","0.3344999849796295","0.8693999648094177","0.8693999648094177","0.8693999648094177","1","1","1","1","1","1","0.045499999076128006","0.045499999076128006","0.045499999076128006","1","1","1"
"2113","1","1","1","1","1","1","0.04699999839067459","0.04699999839067459","0.04699999839067459","1","1","1","1","1","1","1","1","1","0.042899999767541885","0.042899999767541885","0.042899999767541885","1","1","1","1","1","1","1","1","1","0.3791999965906143","0.37610000371932983","0.3822999894618988","0.6588499844074249","0.6577000021934509","0.6599999666213989","1","1","1","1","1","1","0.322749987244606","0.3116999864578247","0.33379998803138733","0.8342500030994415","0.8282999992370605","0.8402000069618225","1","1","1","1","1","1","0.2825999855995178","0.2825999855995178","0.2825999855995178","0.8707999587059021","0.8707999587059021","0.8707999587059021","1","1","1","1","1","1","0.3416999876499176","0.3416999876499176","0.3416999876499176","0.8709999918937683","0.8709999918937683","0.8709999918937683","1","1","1","1","1","1","0.04490000009536743","0.04490000009536743","0.04490000009536743","1","1","1"
"2124","1","1","1","1","1","1","0.04699999839067459","0.04699999839067459","0.04699999839067459","1","1","1","1","1","1","1","1","1","0.042399998754262924","0.042399998754262924","0.042399998754262924","1","1","1","0.9999499917030334","0.9998999834060669","1","1","1","1","0.3776499927043915","0.36949998140335083","0.38580000400543213","0.6571499705314636","0.6553999781608582","0.6588999629020691","1","1","1","1","1","1","0.33479999005794525","0.3199999928474426","0.3495999872684479","0.8363999724388123","0.8294999599456787","0.8432999849319458","1","1","1","1","1","1","0.27879998087882996","0.27879998087882996","0.27879998087882996","0.8696999549865723","0.8696999549865723","0.8696999549865723","1","1","1","1","1","1","0.3319000005722046","0.3319000005722046","0.3319000005722046","0.8697999715805054","0.8697999715805054","0.8697999715805054","1","1","1","1","1","1","0.044599998742341995","0.044599998742341995","0.044599998742341995","1","1","1"
"2135","1","1","1","1","1","1","0.04639999940991402","0.04639999940991402","0.04639999940991402","1","1","1","1","1","1","1","1","1","0.04230000078678131","0.04230000078678131","0.04230000078678131","1","1","1","0.9999499917030334","0.9998999834060669","1","1","1","1","0.3817499876022339","0.3709999918937683","0.39249998331069946","0.6597000062465668","0.6559000015258789","0.6635000109672546","1","1","1","1","1","1","0.33104999363422394","0.3109000027179718","0.3511999845504761","0.8360999822616577","0.8276999592781067","0.8445000052452087","1","1","1","1","1","1","0.2865999937057495","0.2865999937057495","0.2865999937057495","0.8718000054359436","0.8718000054359436","0.8718000054359436","1","1","1","1","1","1","0.343099981546402","0.343099981546402","0.343099981546402","0.8716999888420105","0.8716999888420105","0.8716999888420105","1","1","1","1","1","1","0.04479999840259552","0.04479999840259552","0.04479999840259552","1","1","1"
"2146","1","1","1","1","1","1","0.04699999839067459","0.04699999839067459","0.04699999839067459","1","1","1","1","1","1","1","1","1","0.042500000447034836","0.042500000447034836","0.042500000447034836","1","1","1","0.9999499917030334","0.9998999834060669","1","1","1","1","0.38529999554157257","0.38089999556541443","0.3896999955177307","0.6593999862670898","0.6575999855995178","0.6611999869346619","1","1","1","1","1","1","0.32864999771118164","0.3093999922275543","0.34790000319480896","0.8363999724388123","0.8283999562263489","0.8443999886512756","1","1","1","1","1","1","0.27879998087882996","0.27879998087882996","0.27879998087882996","0.8704999685287476","0.8704999685287476","0.8704999685287476","1","1","1","1","1","1","0.3366999924182892","0.3366999924182892","0.3366999924182892","0.8712999820709229","0.8712999820709229","0.8712999820709229","1","1","1","1","1","1","0.04490000009536743","0.04490000009536743","0.04490000009536743","1","1","1"
"2157","1","1","1","1","1","1","0.047199998050928116","0.047199998050928116","0.047199998050928116","1","1","1","1","1","1","1","1","1","0.042399998754262924","0.042399998754262924","0.042399998754262924","1","1","1","0.9999499917030334","0.9998999834060669","1","1","1","1","0.37654998898506165","0.370199978351593","0.3828999996185303","0.6557999849319458","0.6525999903678894","0.6589999794960022","1","1","1","1","1","1","0.3292999863624573","0.31849998235702515","0.3400999903678894","0.8361999988555908","0.8289999961853027","0.8434000015258789","1","1","1","1","1","1","0.28189998865127563","0.28189998865127563","0.28189998865127563","0.8709999918937683","0.8709999918937683","0.8709999918937683","1","1","1","1","1","1","0.3285999894142151","0.3285999894142151","0.3285999894142151","0.8703999519348145","0.8703999519348145","0.8703999519348145","1","1","1","1","1","1","0.04490000009536743","0.04490000009536743","0.04490000009536743","1","1","1"
"2168","1","1","1","1","1","1","0.04690000042319298","0.04690000042319298","0.04690000042319298","1","1","1","1","1","1","1","1","1","0.042799998074769974","0.042799998074769974","0.042799998074769974","1","1","1","1","1","1","1","1","1","0.37779998779296875","0.37599998712539673","0.37959998846054077","0.6571499705314636","0.6566999554634094","0.6575999855995178","1","1","1","1","1","1","0.3249499946832657","0.3127000033855438","0.33719998598098755","0.8347999751567841","0.8283999562263489","0.8411999940872192","1","1","1","1","1","1","0.2807999849319458","0.2807999849319458","0.2807999849319458","0.8714999556541443","0.8714999556541443","0.8714999556541443","1","1","1","1","1","1","0.3294999897480011","0.3294999897480011","0.3294999897480011","0.8700000047683716","0.8700000047683716","0.8700000047683716","1","1","1","1","1","1","0.04519999772310257","0.04519999772310257","0.04519999772310257","1","1","1"
"2179","1","1","1","1","1","1","0.04729999974370003","0.04729999974370003","0.04729999974370003","1","1","1","1","1","1","1","1","1","0.04189999774098396","0.04189999774098396","0.04189999774098396","1","1","1","1","1","1","1","1","1","0.3781999945640564","0.3732999861240387","0.3831000030040741","0.6584499776363373","0.6581999659538269","0.6586999893188477","1","1","1","1","1","1","0.3290499895811081","0.3255999982357025","0.33249998092651367","0.8357499539852142","0.8308999538421631","0.8405999541282654","1","1","1","1","1","1","0.27410000562667847","0.27410000562667847","0.27410000562667847","0.8693999648094177","0.8693999648094177","0.8693999648094177","1","1","1","1","1","1","0.33980000019073486","0.33980000019073486","0.33980000019073486","0.8709999918937683","0.8709999918937683","0.8709999918937683","1","1","1","1","1","1","0.045099999755620956","0.045099999755620956","0.045099999755620956","1","1","1"
"2190","1","1","1","1","1","1","0.046799998730421066","0.046799998730421066","0.046799998730421066","1","1","1","1","1","1","1","1","1","0.042399998754262924","0.042399998754262924","0.042399998754262924","1","1","1","1","1","1","1","1","1","0.3739999979734421","0.3684999942779541","0.37950000166893005","0.6556999683380127","0.6545999646186829","0.6567999720573425","1","1","1","1","1","1","0.3311999887228012","0.3206999897956848","0.3416999876499176","0.8359999656677246","0.8290999531745911","0.8428999781608582","1","1","1","1","1","1","0.28189998865127563","0.28189998865127563","0.28189998865127563","0.8702999949455261","0.8702999949455261","0.8702999949455261","1","1","1","1","1","1","0.3398999869823456","0.3398999869823456","0.3398999869823456","0.8726999759674072","0.8726999759674072","0.8726999759674072","1","1","1","1","1","1","0.04490000009536743","0.04490000009536743","0.04490000009536743","1","1","1"
"2201","1","1","1","1","1","1","0.04729999974370003","0.04729999974370003","0.04729999974370003","1","1","1","1","1","1","1","1","1","0.04230000078678131","0.04230000078678131","0.04230000078678131","1","1","1","0.9999499917030334","0.9998999834060669","1","1","1","1","0.3767499774694443","0.36479997634887695","0.3886999785900116","0.6572499871253967","0.6538000106811523","0.6606999635696411","1","1","1","1","1","1","0.330049991607666","0.3132999837398529","0.3467999994754791","0.8363999724388123","0.8285999894142151","0.8441999554634094","1","1","1","1","1","1","0.28349998593330383","0.28349998593330383","0.28349998593330383","0.8712999820709229","0.8712999820709229","0.8712999820709229","1","1","1","1","1","1","0.35189998149871826","0.35189998149871826","0.35189998149871826","0.8733999729156494","0.8733999729156494","0.8733999729156494","1","1","1","1","1","1","0.04529999941587448","0.04529999941587448","0.04529999941587448","1","1","1"
"2212","1","1","1","1","1","1","0.047199998050928116","0.047199998050928116","0.047199998050928116","1","1","1","1","1","1","1","1","1","0.042500000447034836","0.042500000447034836","0.042500000447034836","1","1","1","1","1","1","1","1","1","0.3682999908924103","0.3668999969959259","0.36969998478889465","0.6518499553203583","0.6505999565124512","0.6530999541282654","1","1","1","1","1","1","0.33399999141693115","0.313400000333786","0.3545999825000763","0.8375499844551086","0.828499972820282","0.8465999960899353","1","1","1","1","1","1","0.288100004196167","0.288100004196167","0.288100004196167","0.8716999888420105","0.8716999888420105","0.8716999888420105","1","1","1","1","1","1","0.3366999924182892","0.3366999924182892","0.3366999924182892","0.8711999654769897","0.8711999654769897","0.8711999654769897","1","1","1","1","1","1","0.04490000009536743","0.04490000009536743","0.04490000009536743","1","1","1"
"2223","1","1","1","1","1","1","0.046799998730421066","0.046799998730421066","0.046799998730421066","1","1","1","1","1","1","1","1","1","0.04230000078678131","0.04230000078678131","0.04230000078678131","1","1","1","0.9999499917030334","0.9998999834060669","1","1","1","1","0.37869998812675476","0.3755999803543091","0.38179999589920044","0.657399982213974","0.6563000082969666","0.6584999561309814","1","1","1","1","1","1","0.3287999778985977","0.31379997730255127","0.34379997849464417","0.8360999822616577","0.8277999758720398","0.8443999886512756","1","1","1","1","1","1","0.2881999909877777","0.2881999909877777","0.2881999909877777","0.8710999488830566","0.8710999488830566","0.8710999488830566","1","1","1","1","1","1","0.34599998593330383","0.34599998593330383","0.34599998593330383","0.8732999563217163","0.8732999563217163","0.8732999563217163","1","1","1","1","1","1","0.04470000043511391","0.04470000043511391","0.04470000043511391","1","1","1"
"2234","1","1","1","1","1","1","0.046799998730421066","0.046799998730421066","0.046799998730421066","1","1","1","1","1","1","1","1","1","0.042399998754262924","0.042399998754262924","0.042399998754262924","1","1","1","0.9999499917030334","0.9998999834060669","1","1","1","1","0.3812999874353409","0.3766999840736389","0.38589999079704285","0.6579000055789948","0.6565999984741211","0.6592000126838684","1","1","1","1","1","1","0.3290499895811081","0.3182999789714813","0.33980000019073486","0.8360999822616577","0.8300999999046326","0.8420999646186829","1","1","1","1","1","1","0.29009997844696045","0.29009997844696045","0.29009997844696045","0.871399998664856","0.871399998664856","0.871399998664856","1","1","1","1","1","1","0.33799999952316284","0.33799999952316284","0.33799999952316284","0.871999979019165","0.871999979019165","0.871999979019165","1","1","1","1","1","1","0.04470000043511391","0.04470000043511391","0.04470000043511391","1","1","1"
"2245","1","1","1","1","1","1","0.04699999839067459","0.04699999839067459","0.04699999839067459","1","1","1","1","1","1","1","1","1","0.04209999740123749","0.04209999740123749","0.04209999740123749","1","1","1","1","1","1","1","1","1","0.3836499899625778","0.38099998235702515","0.3862999975681305","0.6575499773025513","0.6557999849319458","0.6592999696731567","1","1","1","1","1","1","0.3270999938249588","0.31450000405311584","0.33969998359680176","0.8342999815940857","0.8269000053405762","0.8416999578475952","1","1","1","1","1","1","0.287200003862381","0.287200003862381","0.287200003862381","0.8708999752998352","0.8708999752998352","0.8708999752998352","1","1","1","1","1","1","0.3515999913215637","0.3515999913215637","0.3515999913215637","0.8741999864578247","0.8741999864578247","0.8741999864578247","1","1","1","1","1","1","0.044999998062849045","0.044999998062849045","0.044999998062849045","1","1","1"
"2256","1","1","1","1","1","1","0.047599997371435165","0.047599997371435165","0.047599997371435165","1","1","1","1","1","1","1","1","1","0.042500000447034836","0.042500000447034836","0.042500000447034836","1","1","1","0.9999499917030334","0.9998999834060669","1","1","1","1","0.37449999153614044","0.3709000051021576","0.3780999779701233","0.6548999845981598","0.654699981212616","0.6550999879837036","1","1","1","1","1","1","0.3330499976873398","0.314300000667572","0.35179999470710754","0.8363499939441681","0.8276000022888184","0.8450999855995178","1","1","1","1","1","1","0.2922999858856201","0.2922999858856201","0.2922999858856201","0.8711999654769897","0.8711999654769897","0.8711999654769897","1","1","1","1","1","1","0.3385999798774719","0.3385999798774719","0.3385999798774719","0.8703999519348145","0.8703999519348145","0.8703999519348145","1","1","1","1","1","1","0.045099999755620956","0.045099999755620956","0.045099999755620956","1","1","1"
"2267","1","1","1","1","1","1","0.04749999940395355","0.04749999940395355","0.04749999940395355","1","1","1","1","1","1","1","1","1","0.04209999740123749","0.04209999740123749","0.04209999740123749","1","1","1","0.9999499917030334","0.9998999834060669","1","1","1","1","0.3673499971628189","0.3643999993801117","0.3702999949455261","0.6483499705791473","0.6470999717712402","0.6495999693870544","1","1","1","1","1","1","0.3313499838113785","0.31349998712539673","0.34919998049736023","0.8362999856472015","0.8288999795913696","0.8436999917030334","1","1","1","1","1","1","0.28849998116493225","0.28849998116493225","0.28849998116493225","0.8707000017166138","0.8707000017166138","0.8707000017166138","1","1","1","1","1","1","0.35909998416900635","0.35909998416900635","0.35909998416900635","0.8743999600410461","0.8743999600410461","0.8743999600410461","1","1","1","1","1","1","0.04479999840259552","0.04479999840259552","0.04479999840259552","1","1","1"
"2278","1","1","1","1","1","1","0.04739999771118164","0.04739999771118164","0.04739999771118164","1","1","1","1","1","1","1","1","1","0.04209999740123749","0.04209999740123749","0.04209999740123749","1","1","1","1","1","1","1","1","1","0.3722999840974808","0.3714999854564667","0.3730999827384949","0.6521500051021576","0.6516000032424927","0.6527000069618225","1","1","1","1","1","1","0.33550000190734863","0.31790000200271606","0.3531000018119812","0.8382999897003174","0.8310999870300293","0.8454999923706055","1","1","1","1","1","1","0.2827000021934509","0.2827000021934509","0.2827000021934509","0.8700000047683716","0.8700000047683716","0.8700000047683716","1","1","1","1","1","1","0.3464999794960022","0.3464999794960022","0.3464999794960022","0.8722999691963196","0.8722999691963196","0.8722999691963196","1","1","1","1","1","1","0.04490000009536743","0.04490000009536743","0.04490000009536743","1","1","1"
"2289","1","1","1","1","1","1","0.04739999771118164","0.04739999771118164","0.04739999771118164","1","1","1","1","1","1","1","1","1","0.04189999774098396","0.04189999774098396","0.04189999774098396","1","1","1","1","1","1","1","1","1","0.37014999985694885","0.35899999737739563","0.3813000023365021","0.6509999930858612","0.6459000110626221","0.6560999751091003","1","1","1","1","1","1","0.33614999055862427","0.31929999589920044","0.3529999852180481","0.8379999697208405","0.8312999606132507","0.8446999788284302","1","1","1","1","1","1","0.28209999203681946","0.28209999203681946","0.28209999203681946","0.8705999851226807","0.8705999851226807","0.8705999851226807","1","1","1","1","1","1","0.3431999981403351","0.3431999981403351","0.3431999981403351","0.8718000054359436","0.8718000054359436","0.8718000054359436","1","1","1","1","1","1","0.04519999772310257","0.04519999772310257","0.04519999772310257","1","1","1"
"2300","1","1","1","1","1","1","0.0471000000834465","0.0471000000834465","0.0471000000834465","1","1","1","1","1","1","1","1","1","0.04259999841451645","0.04259999841451645","0.04259999841451645","1","1","1","1","1","1","1","1","1","0.37164999544620514","0.36910000443458557","0.3741999864578247","0.6521499752998352","0.649899959564209","0.6543999910354614","1","1","1","1","1","1","0.3328000009059906","0.3111000061035156","0.3544999957084656","0.8371999859809875","0.8292999863624573","0.8450999855995178","1","1","1","1","1","1","0.2865999937057495","0.2865999937057495","0.2865999937057495","0.8710999488830566","0.8710999488830566","0.8710999488830566","1","1","1","1","1","1","0.3536999821662903","0.3536999821662903","0.3536999821662903","0.8740999698638916","0.8740999698638916","0.8740999698638916","1","1","1","1","1","1","0.045099999755620956","0.045099999755620956","0.045099999755620956","1","1","1"
"2311","1","1","1","1","1","1","0.04749999940395355","0.04749999940395355","0.04749999940395355","1","1","1","1","1","1","1","1","1","0.0421999990940094","0.0421999990940094","0.0421999990940094","1","1","1","1","1","1","1","1","1","0.36534999310970306","0.35850000381469727","0.37219998240470886","0.6485999822616577","0.648099958896637","0.6491000056266785","1","1","1","1","1","1","0.33079998195171356","0.31689998507499695","0.3446999788284302","0.8363499641418457","0.8294999599456787","0.8431999683380127","1","1","1","1","1","1","0.28949999809265137","0.28949999809265137","0.28949999809265137","0.871999979019165","0.871999979019165","0.871999979019165","1","1","1","1","1","1","0.3511999845504761","0.3511999845504761","0.3511999845504761","0.8734999895095825","0.8734999895095825","0.8734999895095825","1","1","1","1","1","1","0.04479999840259552","0.04479999840259552","0.04479999840259552","1","1","1"
"2322","1","1","1","1","1","1","0.04729999974370003","0.04729999974370003","0.04729999974370003","1","1","1","1","1","1","1","1","1","0.04230000078678131","0.04230000078678131","0.04230000078678131","1","1","1","1","1","1","1","1","1","0.3722499907016754","0.3642999827861786","0.38019999861717224","0.6512499749660492","0.6474999785423279","0.6549999713897705","1","1","1","1","1","1","0.3325499892234802","0.31529998779296875","0.3497999906539917","0.8378999531269073","0.8301999568939209","0.8455999493598938","1","1","1","1","1","1","0.28790000081062317","0.28790000081062317","0.28790000081062317","0.8703999519348145","0.8703999519348145","0.8703999519348145","1","1","1","1","1","1","0.35740000009536743","0.35740000009536743","0.35740000009536743","0.875","0.875","0.875","1","1","1","1","1","1","0.045499999076128006","0.045499999076128006","0.045499999076128006","1","1","1"
"2333","1","1","1","1","1","1","0.04769999906420708","0.04769999906420708","0.04769999906420708","1","1","1","1","1","1","1","1","1","0.042799998074769974","0.042799998074769974","0.042799998074769974","1","1","1","1","1","1","1","1","1","0.3735499978065491","0.3659999966621399","0.38109999895095825","0.6523999869823456","0.647599995136261","0.6571999788284302","1","1","1","1","1","1","0.33229999244213104","0.320499986410141","0.3440999984741211","0.8365999758243561","0.8299999833106995","0.8431999683380127","1","1","1","1","1","1","0.289000004529953","0.289000004529953","0.289000004529953","0.8689999580383301","0.8689999580383301","0.8689999580383301","1","1","1","1","1","1","0.3456999957561493","0.3456999957561493","0.3456999957561493","0.8733999729156494","0.8733999729156494","0.8733999729156494","1","1","1","1","1","1","0.04479999840259552","0.04479999840259552","0.04479999840259552","1","1","1"
"2344","1","1","1","1","1","1","0.04749999940395355","0.04749999940395355","0.04749999940395355","1","1","1","1","1","1","1","1","1","0.042500000447034836","0.042500000447034836","0.042500000447034836","1","1","1","1","1","1","1","1","1","0.37770000100135803","0.374099999666214","0.3813000023365021","0.6527499556541443","0.6523999571800232","0.6530999541282654","1","1","1","1","1","1","0.33754999935626984","0.3199999928474426","0.35510000586509705","0.8374999761581421","0.8303999900817871","0.8445999622344971","1","1","1","1","1","1","0.2872999906539917","0.2872999906539917","0.2872999906539917","0.8689000010490417","0.8689000010490417","0.8689000010490417","1","1","1","1","1","1","0.361299991607666","0.361299991607666","0.361299991607666","0.8750999569892883","0.8750999569892883","0.8750999569892883","1","1","1","1","1","1","0.044599998742341995","0.044599998742341995","0.044599998742341995","1","1","1"
"2355","1","1","1","1","1","1","0.04690000042319298","0.04690000042319298","0.04690000042319298","1","1","1","1","1","1","1","1","1","0.04270000010728836","0.04270000010728836","0.04270000010728836","1","1","1","1","1","1","1","1","1","0.3706499934196472","0.3637000024318695","0.3775999844074249","0.6515999734401703","0.6500999927520752","0.6530999541282654","1","1","1","1","1","1","0.34484998881816864","0.32829999923706055","0.36139997839927673","0.8390999734401703","0.8315999507904053","0.8465999960899353","1","1","1","1","1","1","0.28919997811317444","0.28919997811317444","0.28919997811317444","0.8705999851226807","0.8705999851226807","0.8705999851226807","1","1","1","1","1","1","0.32889997959136963","0.32889997959136963","0.32889997959136963","0.8693000078201294","0.8693000078201294","0.8693000078201294","1","1","1","1","1","1","0.045099999755620956","0.045099999755620956","0.045099999755620956","1","1","1"
"2366","1","1","1","1","1","1","0.04729999974370003","0.04729999974370003","0.04729999974370003","1","1","1","1","1","1","1","1","1","0.042399998754262924","0.042399998754262924","0.042399998754262924","1","1","1","1","1","1","1","1","1","0.37334999442100525","0.36809998750686646","0.37860000133514404","0.6542499959468842","0.6527000069618225","0.6557999849319458","1","1","1","1","1","1","0.3349999934434891","0.32249999046325684","0.3474999964237213","0.8371999859809875","0.8310999870300293","0.8432999849319458","1","1","1","1","1","1","0.2822999954223633","0.2822999954223633","0.2822999954223633","0.8695999979972839","0.8695999979972839","0.8695999979972839","1","1","1","1","1","1","0.33309999108314514","0.33309999108314514","0.33309999108314514","0.8708999752998352","0.8708999752998352","0.8708999752998352","1","1","1","1","1","1","0.04490000009536743","0.04490000009536743","0.04490000009536743","1","1","1"
"2377","1","1","1","1","1","1","0.047199998050928116","0.047199998050928116","0.047199998050928116","1","1","1","1","1","1","1","1","1","0.042399998754262924","0.042399998754262924","0.042399998754262924","1","1","1","1","1","1","1","1","1","0.37539999186992645","0.37379997968673706","0.37700000405311584","0.656499981880188","0.6531999707221985","0.6597999930381775","1","1","1","1","1","1","0.33344998955726624","0.31919997930526733","0.34769999980926514","0.837149977684021","0.8313999772071838","0.8428999781608582","1","1","1","1","1","1","0.2701999843120575","0.2701999843120575","0.2701999843120575","0.8687999844551086","0.8687999844551086","0.8687999844551086","1","1","1","1","1","1","0.3507999777793884","0.3507999777793884","0.3507999777793884","0.8743000030517578","0.8743000030517578","0.8743000030517578","1","1","1","1","1","1","0.044599998742341995","0.044599998742341995","0.044599998742341995","1","1","1"
"2388","1","1","1","1","1","1","0.047199998050928116","0.047199998050928116","0.047199998050928116","1","1","1","1","1","1","1","1","1","0.04259999841451645","0.04259999841451645","0.04259999841451645","1","1","1","1","1","1","1","1","1","0.37734998762607574","0.37439998984336853","0.38029998540878296","0.655599981546402","0.6547999978065491","0.6563999652862549","1","1","1","1","1","1","0.33264999091625214","0.31439998745918274","0.35089999437332153","0.8380999863147736","0.8299999833106995","0.8461999893188477","1","1","1","1","1","1","0.2678000032901764","0.2678000032901764","0.2678000032901764","0.868399977684021","0.868399977684021","0.868399977684021","1","1","1","1","1","1","0.3483999967575073","0.3483999967575073","0.3483999967575073","0.8723999857902527","0.8723999857902527","0.8723999857902527","1","1","1","1","1","1","0.04490000009536743","0.04490000009536743","0.04490000009536743","1","1","1"
"2399","1","1","1","1","1","1","0.0471000000834465","0.0471000000834465","0.0471000000834465","1","1","1","1","1","1","1","1","1","0.041999999433755875","0.041999999433755875","0.041999999433755875","1","1","1","1","1","1","1","1","1","0.37404999136924744","0.36899998784065247","0.3790999948978424","0.6537500023841858","0.6536999940872192","0.6538000106811523","1","1","1","1","1","1","0.337799996137619","0.3285999894142151","0.34700000286102295","0.8385999798774719","0.8325999975204468","0.8445999622344971","1","1","1","1","1","1","0.26969999074935913","0.26969999074935913","0.26969999074935913","0.8684999942779541","0.8684999942779541","0.8684999942779541","1","1","1","1","1","1","0.3360999822616577","0.3360999822616577","0.3360999822616577","0.8712999820709229","0.8712999820709229","0.8712999820709229","1","1","1","1","1","1","0.044999998062849045","0.044999998062849045","0.044999998062849045","1","1","1"
"2410","1","1","1","1","1","1","0.0471000000834465","0.0471000000834465","0.0471000000834465","1","1","1","1","1","1","1","1","1","0.04259999841451645","0.04259999841451645","0.04259999841451645","1","1","1","1","1","1","1","1","1","0.3823999911546707","0.3788999915122986","0.38589999079704285","0.6588499844074249","0.6586999893188477","0.6589999794960022","1","1","1","1","1","1","0.34244999289512634","0.33159998059272766","0.353300005197525","0.8395499885082245","0.8341000080108643","0.8449999690055847","1","1","1","1","1","1","0.24319998919963837","0.24319998919963837","0.24319998919963837","0.863099992275238","0.863099992275238","0.863099992275238","1","1","1","1","1","1","0.3376999795436859","0.3376999795436859","0.3376999795436859","0.8716999888420105","0.8716999888420105","0.8716999888420105","1","1","1","1","1","1","0.044999998062849045","0.044999998062849045","0.044999998062849045","1","1","1"
"2421","1","1","1","1","1","1","0.047199998050928116","0.047199998050928116","0.047199998050928116","1","1","1","1","1","1","1","1","1","0.0421999990940094","0.0421999990940094","0.0421999990940094","1","1","1","0.9998999834060669","0.9997999668121338","1","1","1","1","0.37960000336170197","0.37070000171661377","0.38850000500679016","0.6563999950885773","0.6539999842643738","0.6588000059127808","1","1","1","1","1","1","0.3380499929189682","0.32420000433921814","0.35189998149871826","0.8376999795436859","0.8316999673843384","0.8436999917030334","1","1","1","1","1","1","0.2710999846458435","0.2710999846458435","0.2710999846458435","0.8680999875068665","0.8680999875068665","0.8680999875068665","1","1","1","1","1","1","0.3425999879837036","0.3425999879837036","0.3425999879837036","0.8728999495506287","0.8728999495506287","0.8728999495506287","1","1","1","1","1","1","0.04490000009536743","0.04490000009536743","0.04490000009536743","1","1","1"
"2432","1","1","1","1","1","1","0.0471000000834465","0.0471000000834465","0.0471000000834465","1","1","1","1","1","1","1","1","1","0.04209999740123749","0.04209999740123749","0.04209999740123749","1","1","1","0.9998999834060669","0.9997999668121338","1","1","1","1","0.36694999039173126","0.36389997601509094","0.3700000047683716","0.6490499675273895","0.6481999754905701","0.649899959564209","1","1","1","1","1","1","0.3334999829530716","0.3139999806880951","0.3529999852180481","0.8370499908924103","0.8289999961853027","0.8450999855995178","1","1","1","1","1","1","0.2655999958515167","0.2655999958515167","0.2655999958515167","0.866599977016449","0.866599977016449","0.866599977016449","1","1","1","1","1","1","0.3326999843120575","0.3326999843120575","0.3326999843120575","0.8700999617576599","0.8700999617576599","0.8700999617576599","1","1","1","1","1","1","0.04490000009536743","0.04490000009536743","0.04490000009536743","1","1","1"
"2443","1","1","1","1","1","1","0.0471000000834465","0.0471000000834465","0.0471000000834465","1","1","1","1","1","1","1","1","1","0.042899999767541885","0.042899999767541885","0.042899999767541885","1","1","1","1","1","1","1","1","1","0.375450000166893","0.374099999666214","0.376800000667572","0.6552999913692474","0.6513999700546265","0.6592000126838684","1","1","1","1","1","1","0.3335999995470047","0.3127000033855438","0.3544999957084656","0.8372499942779541","0.8296999931335449","0.8447999954223633","1","1","1","1","1","1","0.2628999948501587","0.2628999948501587","0.2628999948501587","0.8662999868392944","0.8662999868392944","0.8662999868392944","1","1","1","1","1","1","0.32029998302459717","0.32029998302459717","0.32029998302459717","0.8675000071525574","0.8675000071525574","0.8675000071525574","1","1","1","1","1","1","0.04529999941587448","0.04529999941587448","0.04529999941587448","1","1","1"
"2454","1","1","1","1","1","1","0.04809999838471413","0.04809999838471413","0.04809999838471413","1","1","1","1","1","1","1","1","1","0.042500000447034836","0.042500000447034836","0.042500000447034836","1","1","1","1","1","1","1","1","1","0.3784499913454056","0.37379997968673706","0.3831000030040741","0.6577499806880951","0.6523000001907349","0.6631999611854553","1","1","1","1","1","1","0.32864999771118164","0.31200000643730164","0.34529998898506165","0.836249977350235","0.8295999765396118","0.8428999781608582","1","1","1","1","1","1","0.2671000063419342","0.2671000063419342","0.2671000063419342","0.866599977016449","0.866599977016449","0.866599977016449","1","1","1","1","1","1","0.34209999442100525","0.34209999442100525","0.34209999442100525","0.8721999526023865","0.8721999526023865","0.8721999526023865","1","1","1","1","1","1","0.044499997049570084","0.044499997049570084","0.044499997049570084","1","1","1"
"2465","1","1","1","1","1","1","0.0471000000834465","0.0471000000834465","0.0471000000834465","1","1","1","1","1","1","1","1","1","0.042500000447034836","0.042500000447034836","0.042500000447034836","1","1","1","1","1","1","1","1","1","0.37834998965263367","0.3755999803543091","0.38109999895095825","0.6559999883174896","0.6513999700546265","0.6606000065803528","1","1","1","1","1","1","0.3332500010728836","0.3127000033855438","0.3537999987602234","0.8371999561786652","0.8287999629974365","0.8455999493598938","1","1","1","1","1","1","0.2655999958515167","0.2655999958515167","0.2655999958515167","0.8657999634742737","0.8657999634742737","0.8657999634742737","1","1","1","1","1","1","0.3375999927520752","0.3375999927520752","0.3375999927520752","0.8728999495506287","0.8728999495506287","0.8728999495506287","1","1","1","1","1","1","0.044599998742341995","0.044599998742341995","0.044599998742341995","1","1","1"
"2476","1","1","1","1","1","1","0.04729999974370003","0.04729999974370003","0.04729999974370003","1","1","1","1","1","1","1","1","1","0.04230000078678131","0.04230000078678131","0.04230000078678131","1","1","1","1","1","1","1","1","1","0.3789999932050705","0.3775999844074249","0.38040000200271606","0.656499981880188","0.6559999585151672","0.6570000052452087","1","1","1","1","1","1","0.33629998564720154","0.3150999844074249","0.35749998688697815","0.8372499942779541","0.8287000060081482","0.84579998254776","1","1","1","1","1","1","0.26759999990463257","0.26759999990463257","0.26759999990463257","0.8652999997138977","0.8652999997138977","0.8652999997138977","1","1","1","1","1","1","0.33469998836517334","0.33469998836517334","0.33469998836517334","0.8716999888420105","0.8716999888420105","0.8716999888420105","1","1","1","1","1","1","0.04519999772310257","0.04519999772310257","0.04519999772310257","1","1","1"
"2487","1","1","1","1","1","1","0.04729999974370003","0.04729999974370003","0.04729999974370003","1","1","1","1","1","1","1","1","1","0.042500000447034836","0.042500000447034836","0.042500000447034836","1","1","1","1","1","1","1","1","1","0.3814999908208847","0.3813000023365021","0.38169997930526733","0.6573499739170074","0.6545999646186829","0.660099983215332","1","1","1","1","1","1","0.33159999549388885","0.31209999322891235","0.35109999775886536","0.8360999822616577","0.8288999795913696","0.8432999849319458","1","1","1","1","1","1","0.27549999952316284","0.27549999952316284","0.27549999952316284","0.8671000003814697","0.8671000003814697","0.8671000003814697","1","1","1","1","1","1","0.3432999849319458","0.3432999849319458","0.3432999849319458","0.8736000061035156","0.8736000061035156","0.8736000061035156","1","1","1","1","1","1","0.044999998062849045","0.044999998062849045","0.044999998062849045","1","1","1"
"2498","1","1","1","1","1","1","0.046799998730421066","0.046799998730421066","0.046799998730421066","1","1","1","1","1","1","1","1","1","0.04270000010728836","0.04270000010728836","0.04270000010728836","1","1","1","1","1","1","1","1","1","0.38669998943805695","0.38509997725486755","0.38830000162124634","0.6593999862670898","0.6579999923706055","0.6607999801635742","1","1","1","1","1","1","0.3355499804019928","0.3150999844074249","0.35599997639656067","0.8359999656677246","0.8280999660491943","0.8438999652862549","1","1","1","1","1","1","0.26429998874664307","0.26429998874664307","0.26429998874664307","0.8657999634742737","0.8657999634742737","0.8657999634742737","1","1","1","1","1","1","0.3391000032424927","0.3391000032424927","0.3391000032424927","0.871999979019165","0.871999979019165","0.871999979019165","1","1","1","1","1","1","0.04519999772310257","0.04519999772310257","0.04519999772310257","1","1","1"
"2509","1","1","1","1","1","1","0.04779999703168869","0.04779999703168869","0.04779999703168869","1","1","1","1","1","1","1","1","1","0.04230000078678131","0.04230000078678131","0.04230000078678131","1","1","1","1","1","1","1","1","1","0.38929998874664307","0.37689998745918274","0.4016999900341034","0.6626999974250793","0.6568999886512756","0.6685000061988831","1","1","1","1","1","1","0.33274999260902405","0.31209999322891235","0.35339999198913574","0.8354499638080597","0.82669997215271","0.8441999554634094","1","1","1","1","1","1","0.2721000015735626","0.2721000015735626","0.2721000015735626","0.8677999973297119","0.8677999973297119","0.8677999973297119","1","1","1","1","1","1","0.3319999873638153","0.3319999873638153","0.3319999873638153","0.8716999888420105","0.8716999888420105","0.8716999888420105","1","1","1","1","1","1","0.04519999772310257","0.04519999772310257","0.04519999772310257","1","1","1"
"2520","1","1","1","1","1","1","0.046699997037649155","0.046699997037649155","0.046699997037649155","1","1","1","1","1","1","1","1","1","0.0421999990940094","0.0421999990940094","0.0421999990940094","1","1","1","1","1","1","1","1","1","0.39194999635219574","0.3887999951839447","0.3950999975204468","0.6642999649047852","0.6613999605178833","0.667199969291687","1","1","1","1","1","1","0.33034999668598175","0.3043999969959259","0.3562999963760376","0.8351499736309052","0.8255999684333801","0.8446999788284302","1","1","1","1","1","1","0.28209999203681946","0.28209999203681946","0.28209999203681946","0.8693000078201294","0.8693000078201294","0.8693000078201294","1","1","1","1","1","1","0.3382999897003174","0.3382999897003174","0.3382999897003174","0.8708999752998352","0.8708999752998352","0.8708999752998352","1","1","1","1","1","1","0.044999998062849045","0.044999998062849045","0.044999998062849045","1","1","1"
"2531","1","1","1","1","1","1","0.04739999771118164","0.04739999771118164","0.04739999771118164","1","1","1","1","1","1","1","1","1","0.042500000447034836","0.042500000447034836","0.042500000447034836","1","1","1","1","1","1","1","1","1","0.38669998943805695","0.37939998507499695","0.39399999380111694","0.6583999991416931","0.6568999886512756","0.6599000096321106","1","1","1","1","1","1","0.33159999549388885","0.3109999895095825","0.3522000014781952","0.8347499668598175","0.8258999586105347","0.8435999751091003","1","1","1","1","1","1","0.2773999869823456","0.2773999869823456","0.2773999869823456","0.8671000003814697","0.8671000003814697","0.8671000003814697","1","1","1","1","1","1","0.33949998021125793","0.33949998021125793","0.33949998021125793","0.871399998664856","0.871399998664856","0.871399998664856","1","1","1","1","1","1","0.04490000009536743","0.04490000009536743","0.04490000009536743","1","1","1"
"2542","1","1","1","1","1","1","0.0471000000834465","0.0471000000834465","0.0471000000834465","1","1","1","1","1","1","1","1","1","0.042500000447034836","0.042500000447034836","0.042500000447034836","1","1","1","1","1","1","1","1","1","0.38919998705387115","0.38509997725486755","0.39329999685287476","0.6627999544143677","0.6627999544143677","0.6627999544143677","1","1","1","1","1","1","0.3205000013113022","0.30550000071525574","0.33550000190734863","0.8322999775409698","0.825499951839447","0.8391000032424927","1","1","1","1","1","1","0.2712000012397766","0.2712000012397766","0.2712000012397766","0.8669999837875366","0.8669999837875366","0.8669999837875366","1","1","1","1","1","1","0.3319000005722046","0.3319000005722046","0.3319000005722046","0.870199978351593","0.870199978351593","0.870199978351593","1","1","1","1","1","1","0.04429999738931656","0.04429999738931656","0.04429999738931656","1","1","1"
"2553","1","1","1","1","1","1","0.0471000000834465","0.0471000000834465","0.0471000000834465","1","1","1","1","1","1","1","1","1","0.04259999841451645","0.04259999841451645","0.04259999841451645","1","1","1","1","1","1","1","1","1","0.3883499950170517","0.37599998712539673","0.40070000290870667","0.6598999798297882","0.6574999690055847","0.6622999906539917","1","1","1","1","1","1","0.3280999958515167","0.3100000023841858","0.34619998931884766","0.8347999751567841","0.8263999819755554","0.8431999683380127","1","1","1","1","1","1","0.2815999984741211","0.2815999984741211","0.2815999984741211","0.8693000078201294","0.8693000078201294","0.8693000078201294","1","1","1","1","1","1","0.34129998087882996","0.34129998087882996","0.34129998087882996","0.8725000023841858","0.8725000023841858","0.8725000023841858","1","1","1","1","1","1","0.044999998062849045","0.044999998062849045","0.044999998062849045","1","1","1"
"2564","1","1","1","1","1","1","0.04690000042319298","0.04690000042319298","0.04690000042319298","1","1","1","1","1","1","1","1","1","0.04230000078678131","0.04230000078678131","0.04230000078678131","1","1","1","1","1","1","0.9999499917030334","0.9998999834060669","1","0.3901499807834625","0.38999998569488525","0.3902999758720398","0.6617499887943268","0.6586999893188477","0.6647999882698059","1","1","1","1","1","1","0.3307500034570694","0.3091000020503998","0.352400004863739","0.8349999785423279","0.8263999819755554","0.8435999751091003","1","1","1","1","1","1","0.2735999822616577","0.2735999822616577","0.2735999822616577","0.868399977684021","0.868399977684021","0.868399977684021","1","1","1","1","1","1","0.33379998803138733","0.33379998803138733","0.33379998803138733","0.870199978351593","0.870199978351593","0.870199978351593","1","1","1","1","1","1","0.04490000009536743","0.04490000009536743","0.04490000009536743","1","1","1"
"2575","1","1","1","1","1","1","0.047199998050928116","0.047199998050928116","0.047199998050928116","1","1","1","1","1","1","1","1","1","0.04169999808073044","0.04169999808073044","0.04169999808073044","1","1","1","1","1","1","1","1","1","0.3974999785423279","0.3929999768733978","0.40199998021125793","0.6645999848842621","0.6639999747276306","0.6651999950408936","1","1","1","1","1","1","0.3330499976873398","0.3131999969482422","0.3528999984264374","0.835099995136261","0.8269000053405762","0.8432999849319458","1","1","1","1","1","1","0.27379998564720154","0.27379998564720154","0.27379998564720154","0.8684999942779541","0.8684999942779541","0.8684999942779541","1","1","1","1","1","1","0.3228999972343445","0.3228999972343445","0.3228999972343445","0.8684999942779541","0.8684999942779541","0.8684999942779541","1","1","1","1","1","1","0.044599998742341995","0.044599998742341995","0.044599998742341995","1","1","1"
"2586","1","1","1","1","1","1","0.04729999974370003","0.04729999974370003","0.04729999974370003","1","1","1","1","1","1","1","1","1","0.04209999740123749","0.04209999740123749","0.04209999740123749","1","1","1","1","1","1","1","1","1","0.384799987077713","0.38339999318122864","0.3861999809741974","0.6607499718666077","0.6575999855995178","0.6638999581336975","1","1","1","1","1","1","0.3323499858379364","0.3163999915122986","0.3482999801635742","0.836249977350235","0.8288999795913696","0.8435999751091003","1","1","1","1","1","1","0.27300000190734863","0.27300000190734863","0.27300000190734863","0.8682000041007996","0.8682000041007996","0.8682000041007996","1","1","1","1","1","1","0.32829999923706055","0.32829999923706055","0.32829999923706055","0.870199978351593","0.870199978351593","0.870199978351593","1","1","1","1","1","1","0.04479999840259552","0.04479999840259552","0.04479999840259552","1","1","1"
"2597","1","1","1","1","1","1","0.04739999771118164","0.04739999771118164","0.04739999771118164","1","1","1","1","1","1","1","1","1","0.0421999990940094","0.0421999990940094","0.0421999990940094","1","1","1","0.9999499917030334","0.9998999834060669","1","1","1","1","0.3763999938964844","0.37459999322891235","0.3781999945640564","0.6558999717235565","0.6524999737739563","0.6592999696731567","1","1","1","1","1","1","0.3354499936103821","0.31439998745918274","0.3564999997615814","0.8366999626159668","0.8294999599456787","0.8438999652862549","1","1","1","1","1","1","0.27559998631477356","0.27559998631477356","0.27559998631477356","0.8690999746322632","0.8690999746322632","0.8690999746322632","1","1","1","1","1","1","0.33139997720718384","0.33139997720718384","0.33139997720718384","0.8711999654769897","0.8711999654769897","0.8711999654769897","1","1","1","1","1","1","0.044999998062849045","0.044999998062849045","0.044999998062849045","1","1","1"
"2608","1","1","1","1","1","1","0.04739999771118164","0.04739999771118164","0.04739999771118164","1","1","1","1","1","1","1","1","1","0.041999999433755875","0.041999999433755875","0.041999999433755875","1","1","1","0.9999499917030334","0.9998999834060669","1","1","1","1","0.3845999836921692","0.3791999816894531","0.38999998569488525","0.6573499739170074","0.6563999652862549","0.65829998254776","1","1","1","1","1","1","0.3320000022649765","0.31949999928474426","0.34450000524520874","0.8353999853134155","0.8291999697685242","0.8416000008583069","1","1","1","1","1","1","0.26759999990463257","0.26759999990463257","0.26759999990463257","0.8682999610900879","0.8682999610900879","0.8682999610900879","1","1","1","1","1","1","0.32899999618530273","0.32899999618530273","0.32899999618530273","0.871399998664856","0.871399998664856","0.871399998664856","1","1","1","1","1","1","0.04470000043511391","0.04470000043511391","0.04470000043511391","1","1","1"
"2619","1","1","1","1","1","1","0.04779999703168869","0.04779999703168869","0.04779999703168869","1","1","1","1","1","1","1","1","1","0.04230000078678131","0.04230000078678131","0.04230000078678131","1","1","1","0.9998999834060669","0.9997999668121338","1","1","1","1","0.3869999796152115","0.38099998235702515","0.3929999768733978","0.6603999733924866","0.6593999862670898","0.6613999605178833","1","1","1","1","1","1","0.3275499939918518","0.3125999867916107","0.3425000011920929","0.8346000015735626","0.8276000022888184","0.8416000008583069","1","1","1","1","1","1","0.273499995470047","0.273499995470047","0.273499995470047","0.868399977684021","0.868399977684021","0.868399977684021","1","1","1","1","1","1","0.3434999883174896","0.3434999883174896","0.3434999883174896","0.8728999495506287","0.8728999495506287","0.8728999495506287","1","1","1","1","1","1","0.04490000009536743","0.04490000009536743","0.04490000009536743","1","1","1"
"2630","1","1","1","1","1","1","0.04699999839067459","0.04699999839067459","0.04699999839067459","1","1","1","1","1","1","1","1","1","0.041999999433755875","0.041999999433755875","0.041999999433755875","1","1","1","0.9999499917030334","0.9998999834060669","1","1","1","1","0.3852999806404114","0.38329997658729553","0.3872999846935272","0.6582499742507935","0.6568999886512756","0.6595999598503113","1","1","1","1","1","1","0.326449990272522","0.3075999915599823","0.34529998898506165","0.8351999819278717","0.8271999955177307","0.8431999683380127","1","1","1","1","1","1","0.26019999384880066","0.26019999384880066","0.26019999384880066","0.8657000064849854","0.8657000064849854","0.8657000064849854","1","1","1","1","1","1","0.3319000005722046","0.3319000005722046","0.3319000005722046","0.8712999820709229","0.8712999820709229","0.8712999820709229","1","1","1","1","1","1","0.044199999421834946","0.044199999421834946","0.044199999421834946","1","1","1"
"2641","1","1","1","1","1","1","0.046799998730421066","0.046799998730421066","0.046799998730421066","1","1","1","1","1","1","1","1","1","0.042500000447034836","0.042500000447034836","0.042500000447034836","1","1","1","0.9999499917030334","0.9998999834060669","1","1","1","1","0.38865000009536743","0.3862999975681305","0.39100000262260437","0.6593999862670898","0.6565999984741211","0.6621999740600586","1","1","1","1","1","1","0.3272999972105026","0.3084999918937683","0.34610000252723694","0.8346999883651733","0.8271999955177307","0.842199981212616","1","1","1","1","1","1","0.27459999918937683","0.27459999918937683","0.27459999918937683","0.868399977684021","0.868399977684021","0.868399977684021","1","1","1","1","1","1","0.3342999815940857","0.3342999815940857","0.3342999815940857","0.8732999563217163","0.8732999563217163","0.8732999563217163","1","1","1","1","1","1","0.044499997049570084","0.044499997049570084","0.044499997049570084","1","1","1"
"2652","1","1","1","1","1","1","0.047599997371435165","0.047599997371435165","0.047599997371435165","1","1","1","1","1","1","1","1","1","0.04230000078678131","0.04230000078678131","0.04230000078678131","1","1","1","0.9999499917030334","0.9998999834060669","1","1","1","1","0.38829998672008514","0.3836999833583832","0.3928999900817871","0.6574999690055847","0.6506999731063843","0.6642999649047852","1","1","1","1","1","1","0.3307499885559082","0.30969998240470886","0.35179999470710754","0.8354499638080597","0.8279999494552612","0.8428999781608582","1","1","1","1","1","1","0.2696000039577484","0.2696000039577484","0.2696000039577484","0.8668999671936035","0.8668999671936035","0.8668999671936035","1","1","1","1","1","1","0.3244999945163727","0.3244999945163727","0.3244999945163727","0.8700999617576599","0.8700999617576599","0.8700999617576599","1","1","1","1","1","1","0.04479999840259552","0.04479999840259552","0.04479999840259552","1","1","1"
"2663","1","1","1","1","1","1","0.047599997371435165","0.047599997371435165","0.047599997371435165","1","1","1","1","1","1","1","1","1","0.04189999774098396","0.04189999774098396","0.04189999774098396","1","1","1","0.9999499917030334","0.9998999834060669","1","1","1","1","0.3941499888896942","0.38830000162124634","0.3999999761581421","0.6609499752521515","0.6593999862670898","0.6624999642372131","1","1","1","1","1","1","0.3254999816417694","0.30949997901916504","0.3414999842643738","0.8344999849796295","0.8277999758720398","0.8411999940872192","1","1","1","1","1","1","0.2701999843120575","0.2701999843120575","0.2701999843120575","0.8680999875068665","0.8680999875068665","0.8680999875068665","1","1","1","1","1","1","0.3369999825954437","0.3369999825954437","0.3369999825954437","0.8714999556541443","0.8714999556541443","0.8714999556541443","1","1","1","1","1","1","0.04439999908208847","0.04439999908208847","0.04439999908208847","1","1","1"
"2674","1","1","1","1","1","1","0.04739999771118164","0.04739999771118164","0.04739999771118164","1","1","1","1","1","1","1","1","1","0.04259999841451645","0.04259999841451645","0.04259999841451645","1","1","1","1","1","1","1","1","1","0.39444997906684875","0.38099998235702515","0.40789997577667236","0.6608999967575073","0.6536999940872192","0.6680999994277954","1","1","1","1","1","1","0.32804998755455017","0.3093999922275543","0.346699982881546","0.8343499600887299","0.8273999691009521","0.8412999510765076","1","1","1","1","1","1","0.2719999849796295","0.2719999849796295","0.2719999849796295","0.8682000041007996","0.8682000041007996","0.8682000041007996","1","1","1","1","1","1","0.3222000002861023","0.3222000002861023","0.3222000002861023","0.8682999610900879","0.8682999610900879","0.8682999610900879","1","1","1","1","1","1","0.04529999941587448","0.04529999941587448","0.04529999941587448","1","1","1"
"2685","1","1","1","1","1","1","0.047599997371435165","0.047599997371435165","0.047599997371435165","1","1","1","1","1","1","1","1","1","0.04259999841451645","0.04259999841451645","0.04259999841451645","1","1","1","1","1","1","1","1","1","0.39524999260902405","0.37849998474121094","0.41200000047683716","0.6650499999523163","0.6563000082969666","0.673799991607666","1","1","1","1","1","1","0.3234499990940094","0.3131999969482422","0.3337000012397766","0.8332499861717224","0.8280999660491943","0.8384000062942505","1","1","1","1","1","1","0.2759999930858612","0.2759999930858612","0.2759999930858612","0.8689000010490417","0.8689000010490417","0.8689000010490417","1","1","1","1","1","1","0.3276999890804291","0.3276999890804291","0.3276999890804291","0.8698999881744385","0.8698999881744385","0.8698999881744385","1","1","1","1","1","1","0.044599998742341995","0.044599998742341995","0.044599998742341995","1","1","1"
"2696","1","1","1","1","1","1","0.04729999974370003","0.04729999974370003","0.04729999974370003","1","1","1","1","1","1","1","1","1","0.042399998754262924","0.042399998754262924","0.042399998754262924","1","1","1","1","1","1","1","1","1","0.38589999079704285","0.3660999834537506","0.4056999981403351","0.6594999730587006","0.6517999768257141","0.667199969291687","1","1","1","1","1","1","0.32454998791217804","0.306799978017807","0.3422999978065491","0.8332499861717224","0.82669997215271","0.8398000001907349","1","1","1","1","1","1","0.27629998326301575","0.27629998326301575","0.27629998326301575","0.8686999678611755","0.8686999678611755","0.8686999678611755","1","1","1","1","1","1","0.3343999981880188","0.3343999981880188","0.3343999981880188","0.8722999691963196","0.8722999691963196","0.8722999691963196","1","1","1","1","1","1","0.045399997383356094","0.045399997383356094","0.045399997383356094","1","1","1"
"2707","1","1","1","1","1","1","0.04739999771118164","0.04739999771118164","0.04739999771118164","1","1","1","1","1","1","1","1","1","0.04209999740123749","0.04209999740123749","0.04209999740123749","1","1","1","1","1","1","1","1","1","0.3848999887704849","0.3643999993801117","0.40539997816085815","0.6599499881267548","0.6492999792098999","0.6705999970436096","1","1","1","1","1","1","0.3269999921321869","0.31610000133514404","0.33789998292922974","0.8336999714374542","0.8280999660491943","0.8392999768257141","1","1","1","1","1","1","0.2768999934196472","0.2768999934196472","0.2768999934196472","0.8684999942779541","0.8684999942779541","0.8684999942779541","1","1","1","1","1","1","0.34119999408721924","0.34119999408721924","0.34119999408721924","0.8723999857902527","0.8723999857902527","0.8723999857902527","1","1","1","1","1","1","0.044999998062849045","0.044999998062849045","0.044999998062849045","1","1","1"
"2718","1","1","1","1","1","1","0.04739999771118164","0.04739999771118164","0.04739999771118164","1","1","1","1","1","1","1","1","1","0.042799998074769974","0.042799998074769974","0.042799998074769974","1","1","1","0.9999499917030334","0.9998999834060669","1","1","1","1","0.38564999401569366","0.3677999973297119","0.4034999907016754","0.6581499874591827","0.6484000086784363","0.6678999662399292","1","1","1","1","1","1","0.32625000178813934","0.31360000371932983","0.33889999985694885","0.833899974822998","0.8279999494552612","0.8398000001907349","1","1","1","1","1","1","0.2705000042915344","0.2705000042915344","0.2705000042915344","0.8669999837875366","0.8669999837875366","0.8669999837875366","1","1","1","1","1","1","0.34059998393058777","0.34059998393058777","0.34059998393058777","0.8725999593734741","0.8725999593734741","0.8725999593734741","1","1","1","1","1","1","0.044599998742341995","0.044599998742341995","0.044599998742341995","1","1","1"
"2729","1","1","1","1","1","1","0.047599997371435165","0.047599997371435165","0.047599997371435165","1","1","1","1","1","1","1","1","1","0.04230000078678131","0.04230000078678131","0.04230000078678131","1","1","1","0.9999499917030334","0.9998999834060669","1","1","1","1","0.38509999215602875","0.3650999963283539","0.4050999879837036","0.6572999656200409","0.6487999558448792","0.6657999753952026","1","1","1","1","1","1","0.3271999955177307","0.31529998779296875","0.3391000032424927","0.8343999981880188","0.8282999992370605","0.840499997138977","1","1","1","1","1","1","0.26330000162124634","0.26330000162124634","0.26330000162124634","0.8660999536514282","0.8660999536514282","0.8660999536514282","1","1","1","1","1","1","0.3344999849796295","0.3344999849796295","0.3344999849796295","0.8721999526023865","0.8721999526023865","0.8721999526023865","1","1","1","1","1","1","0.04479999840259552","0.04479999840259552","0.04479999840259552","1","1","1"
"2740","1","1","1","1","1","1","0.047599997371435165","0.047599997371435165","0.047599997371435165","1","1","1","1","1","1","1","1","1","0.042399998754262924","0.042399998754262924","0.042399998754262924","1","1","1","0.9999499917030334","0.9998999834060669","1","1","1","1","0.3876499831676483","0.3748999834060669","0.40039998292922974","0.6578499674797058","0.6506999731063843","0.6649999618530273","1","1","1","1","1","1","0.31644998490810394","0.29889997839927673","0.33399999141693115","0.8313499689102173","0.8247999548912048","0.8378999829292297","1","1","1","1","1","1","0.2717999815940857","0.2717999815940857","0.2717999815940857","0.8671999573707581","0.8671999573707581","0.8671999573707581","1","1","1","1","1","1","0.33219999074935913","0.33219999074935913","0.33219999074935913","0.8722999691963196","0.8722999691963196","0.8722999691963196","1","1","1","1","1","1","0.044999998062849045","0.044999998062849045","0.044999998062849045","1","1","1"
"2751","1","1","1","1","1","1","0.047599997371435165","0.047599997371435165","0.047599997371435165","1","1","1","1","1","1","1","1","1","0.042500000447034836","0.042500000447034836","0.042500000447034836","1","1","1","1","1","1","1","1","1","0.3837999850511551","0.37629997730255127","0.3912999927997589","0.6586999893188477","0.6560999751091003","0.661300003528595","1","1","1","1","1","1","0.32899998128414154","0.3166999816894531","0.34129998087882996","0.834199994802475","0.8278999924659729","0.840499997138977","1","1","1","1","1","1","0.2768000066280365","0.2768000066280365","0.2768000066280365","0.8678999543190002","0.8678999543190002","0.8678999543190002","1","1","1","1","1","1","0.33309999108314514","0.33309999108314514","0.33309999108314514","0.8725000023841858","0.8725000023841858","0.8725000023841858","1","1","1","1","1","1","0.04490000009536743","0.04490000009536743","0.04490000009536743","1","1","1"
"2762","1","1","1","1","1","1","0.0471000000834465","0.0471000000834465","0.0471000000834465","1","1","1","1","1","1","1","1","1","0.042500000447034836","0.042500000447034836","0.042500000447034836","1","1","1","0.9999499917030334","0.9998999834060669","1","1","1","1","0.3863999843597412","0.38119998574256897","0.39159998297691345","0.6603499948978424","0.660099983215332","0.6606000065803528","1","1","1","1","1","1","0.3363499790430069","0.3252999782562256","0.3473999798297882","0.8355999886989594","0.8295999765396118","0.8416000008583069","1","1","1","1","1","1","0.2793999910354614","0.2793999910354614","0.2793999910354614","0.8689999580383301","0.8689999580383301","0.8689999580383301","1","1","1","1","1","1","0.3312999904155731","0.3312999904155731","0.3312999904155731","0.8716999888420105","0.8716999888420105","0.8716999888420105","1","1","1","1","1","1","0.044999998062849045","0.044999998062849045","0.044999998062849045","1","1","1"
"2773","1","1","1","1","1","1","0.04769999906420708","0.04769999906420708","0.04769999906420708","1","1","1","1","1","1","1","1","1","0.04230000078678131","0.04230000078678131","0.04230000078678131","1","1","1","1","1","1","1","1","1","0.37529999017715454","0.37119999527931213","0.37939998507499695","0.6547999978065491","0.6541000008583069","0.6554999947547913","1","1","1","1","1","1","0.3348499983549118","0.32420000433921814","0.34549999237060547","0.8347999751567841","0.8285999894142151","0.840999960899353","1","1","1","1","1","1","0.2847999930381775","0.2847999930381775","0.2847999930381775","0.8702999949455261","0.8702999949455261","0.8702999949455261","1","1","1","1","1","1","0.33409997820854187","0.33409997820854187","0.33409997820854187","0.871399998664856","0.871399998664856","0.871399998664856","1","1","1","1","1","1","0.045099999755620956","0.045099999755620956","0.045099999755620956","1","1","1"
"2784","1","1","1","1","1","1","0.047599997371435165","0.047599997371435165","0.047599997371435165","1","1","1","1","1","1","1","1","1","0.04230000078678131","0.04230000078678131","0.04230000078678131","1","1","1","0.9999499917030334","0.9998999834060669","1","1","1","1","0.37324999272823334","0.3635999858379364","0.3828999996185303","0.6531499922275543","0.6485999822616577","0.6577000021934509","1","1","1","1","1","1","0.33374999463558197","0.3237999975681305","0.34369999170303345","0.8348499834537506","0.8280999660491943","0.8416000008583069","1","1","1","1","1","1","0.2782000005245209","0.2782000005245209","0.2782000005245209","0.868399977684021","0.868399977684021","0.868399977684021","1","1","1","1","1","1","0.33820000290870667","0.33820000290870667","0.33820000290870667","0.8734999895095825","0.8734999895095825","0.8734999895095825","1","1","1","1","1","1","0.044499997049570084","0.044499997049570084","0.044499997049570084","1","1","1"
"2795","1","1","1","1","1","1","0.047199998050928116","0.047199998050928116","0.047199998050928116","1","1","1","1","1","1","1","1","1","0.04230000078678131","0.04230000078678131","0.04230000078678131","1","1","1","1","1","1","1","1","1","0.3785499930381775","0.36739999055862427","0.3896999955177307","0.6563499569892883","0.651699960231781","0.6609999537467957","1","1","1","1","1","1","0.3346499800682068","0.32819998264312744","0.34109997749328613","0.8361999690532684","0.8310999870300293","0.8412999510765076","1","1","1","1","1","1","0.28049999475479126","0.28049999475479126","0.28049999475479126","0.8698999881744385","0.8698999881744385","0.8698999881744385","1","1","1","1","1","1","0.3312000036239624","0.3312000036239624","0.3312000036239624","0.8722999691963196","0.8722999691963196","0.8722999691963196","1","1","1","1","1","1","0.04490000009536743","0.04490000009536743","0.04490000009536743","1","1","1"
"2806","1","1","1","1","1","1","0.047599997371435165","0.047599997371435165","0.047599997371435165","1","1","1","1","1","1","1","1","1","0.04259999841451645","0.04259999841451645","0.04259999841451645","1","1","1","0.9999499917030334","0.9998999834060669","1","1","1","1","0.37459999322891235","0.3628999888896942","0.3862999975681305","0.6523000001907349","0.6468999981880188","0.6577000021934509","1","1","1","1","1","1","0.3262999802827835","0.32009997963905334","0.33249998092651367","0.832999974489212","0.828499972820282","0.8374999761581421","1","1","1","1","1","1","0.2777000069618225","0.2777000069618225","0.2777000069618225","0.8675000071525574","0.8675000071525574","0.8675000071525574","1","1","1","1","1","1","0.33139997720718384","0.33139997720718384","0.33139997720718384","0.8722999691963196","0.8722999691963196","0.8722999691963196","1","1","1","1","1","1","0.04529999941587448","0.04529999941587448","0.04529999941587448","1","1","1"
"2817","1","1","1","1","1","1","0.047199998050928116","0.047199998050928116","0.047199998050928116","1","1","1","1","1","1","1","1","1","0.04230000078678131","0.04230000078678131","0.04230000078678131","1","1","1","0.9999499917030334","0.9998999834060669","1","1","1","1","0.3806999921798706","0.3698999881744385","0.39149999618530273","0.6561499834060669","0.6510999798774719","0.6611999869346619","1","1","1","1","1","1","0.3421499878168106","0.3301999866962433","0.35409998893737793","0.8378499746322632","0.8330999612808228","0.8425999879837036","1","1","1","1","1","1","0.2847999930381775","0.2847999930381775","0.2847999930381775","0.8711999654769897","0.8711999654769897","0.8711999654769897","1","1","1","1","1","1","0.33820000290870667","0.33820000290870667","0.33820000290870667","0.8732999563217163","0.8732999563217163","0.8732999563217163","1","1","1","1","1","1","0.044499997049570084","0.044499997049570084","0.044499997049570084","1","1","1"
"2828","1","1","1","1","1","1","0.04779999703168869","0.04779999703168869","0.04779999703168869","1","1","1","1","1","1","1","1","1","0.04259999841451645","0.04259999841451645","0.04259999841451645","1","1","1","0.9999499917030334","0.9998999834060669","1","1","1","1","0.3767999857664108","0.36569997668266296","0.3878999948501587","0.6558999717235565","0.6520999670028687","0.6596999764442444","1","1","1","1","1","1","0.3372499942779541","0.3246999979019165","0.3497999906539917","0.8358999788761139","0.8300999999046326","0.8416999578475952","1","1","1","1","1","1","0.2768000066280365","0.2768000066280365","0.2768000066280365","0.8677999973297119","0.8677999973297119","0.8677999973297119","1","1","1","1","1","1","0.3262999951839447","0.3262999951839447","0.3262999951839447","0.8718000054359436","0.8718000054359436","0.8718000054359436","1","1","1","1","1","1","0.04470000043511391","0.04470000043511391","0.04470000043511391","1","1","1"
"2839","1","1","1","1","1","1","0.04690000042319298","0.04690000042319298","0.04690000042319298","1","1","1","1","1","1","1","1","1","0.042500000447034836","0.042500000447034836","0.042500000447034836","1","1","1","0.9999499917030334","0.9998999834060669","1","1","1","1","0.3806999921798706","0.3637000024318695","0.3976999819278717","0.6578499972820282","0.6507999897003174","0.664900004863739","1","1","1","1","1","1","0.33799999952316284","0.3262999951839447","0.349700003862381","0.8369999825954437","0.8310999870300293","0.8428999781608582","1","1","1","1","1","1","0.28299999237060547","0.28299999237060547","0.28299999237060547","0.8700999617576599","0.8700999617576599","0.8700999617576599","1","1","1","1","1","1","0.32679998874664307","0.32679998874664307","0.32679998874664307","0.8725000023841858","0.8725000023841858","0.8725000023841858","1","1","1","1","1","1","0.04429999738931656","0.04429999738931656","0.04429999738931656","1","1","1"
"2850","1","1","1","1","1","1","0.04739999771118164","0.04739999771118164","0.04739999771118164","1","1","1","1","1","1","1","1","1","0.042799998074769974","0.042799998074769974","0.042799998074769974","1","1","1","1","1","1","1","1","1","0.37744998931884766","0.3649999797344208","0.38989999890327454","0.6563999950885773","0.651199996471405","0.6615999937057495","1","1","1","1","1","1","0.334649994969368","0.3190000057220459","0.35029998421669006","0.8367999792098999","0.830299973487854","0.8432999849319458","1","1","1","1","1","1","0.2906000018119812","0.2906000018119812","0.2906000018119812","0.8716999888420105","0.8716999888420105","0.8716999888420105","1","1","1","1","1","1","0.33559998869895935","0.33559998869895935","0.33559998869895935","0.8737999796867371","0.8737999796867371","0.8737999796867371","1","1","1","1","1","1","0.044999998062849045","0.044999998062849045","0.044999998062849045","1","1","1"
"2861","1","1","1","1","1","1","0.04729999974370003","0.04729999974370003","0.04729999974370003","1","1","1","1","1","1","1","1","1","0.04209999740123749","0.04209999740123749","0.04209999740123749","1","1","1","0.9999499917030334","0.9998999834060669","1","1","1","1","0.37849999964237213","0.37610000371932983","0.38089999556541443","0.6586999893188477","0.6567999720573425","0.6606000065803528","1","1","1","1","1","1","0.33959999680519104","0.32199999690055847","0.3571999967098236","0.8378999829292297","0.8323000073432922","0.8434999585151672","1","1","1","1","1","1","0.28599998354911804","0.28599998354911804","0.28599998354911804","0.8709999918937683","0.8709999918937683","0.8709999918937683","1","1","1","1","1","1","0.3369999825954437","0.3369999825954437","0.3369999825954437","0.8730999827384949","0.8730999827384949","0.8730999827384949","1","1","1","1","1","1","0.04479999840259552","0.04479999840259552","0.04479999840259552","1","1","1"
"2872","1","1","1","1","1","1","0.0471000000834465","0.0471000000834465","0.0471000000834465","1","1","1","1","1","1","1","1","1","0.04189999774098396","0.04189999774098396","0.04189999774098396","1","1","1","0.9999499917030334","0.9998999834060669","1","1","1","1","0.37484999001026154","0.3725000023841858","0.3771999776363373","0.6559499800205231","0.6518999934196472","0.6599999666213989","1","1","1","1","1","1","0.33249999582767487","0.31450000405311584","0.3504999876022339","0.8358499705791473","0.8285999894142151","0.8430999517440796","1","1","1","1","1","1","0.282399982213974","0.282399982213974","0.282399982213974","0.8691999912261963","0.8691999912261963","0.8691999912261963","1","1","1","1","1","1","0.33229997754096985","0.33229997754096985","0.33229997754096985","0.8723999857902527","0.8723999857902527","0.8723999857902527","1","1","1","1","1","1","0.04439999908208847","0.04439999908208847","0.04439999908208847","1","1","1"
"2883","1","1","1","1","1","1","0.04739999771118164","0.04739999771118164","0.04739999771118164","1","1","1","1","1","1","1","1","1","0.0421999990940094","0.0421999990940094","0.0421999990940094","1","1","1","0.9998999834060669","0.9997999668121338","1","1","1","1","0.37574999034404755","0.36809998750686646","0.38339999318122864","0.6559499800205231","0.6532999873161316","0.6585999727249146","1","1","1","1","1","1","0.33740000426769257","0.3206000030040741","0.35420000553131104","0.8370499908924103","0.8305000066757202","0.8435999751091003","1","1","1","1","1","1","0.28329998254776","0.28329998254776","0.28329998254776","0.8691999912261963","0.8691999912261963","0.8691999912261963","1","1","1","1","1","1","0.335999995470047","0.335999995470047","0.335999995470047","0.8730999827384949","0.8730999827384949","0.8730999827384949","1","1","1","1","1","1","0.04490000009536743","0.04490000009536743","0.04490000009536743","1","1","1"
"2894","1","1","1","1","1","1","0.04729999974370003","0.04729999974370003","0.04729999974370003","1","1","1","1","1","1","1","1","1","0.04259999841451645","0.04259999841451645","0.04259999841451645","1","1","1","1","1","1","1","1","1","0.376350000500679","0.36640000343322754","0.3862999975681305","0.6539499759674072","0.6485999822616577","0.6592999696731567","1","1","1","1","1","1","0.3395499885082245","0.3278999924659729","0.3511999845504761","0.8384999632835388","0.8334999680519104","0.8434999585151672","1","1","1","1","1","1","0.2830999791622162","0.2830999791622162","0.2830999791622162","0.8693999648094177","0.8693999648094177","0.8693999648094177","1","1","1","1","1","1","0.3351999819278717","0.3351999819278717","0.3351999819278717","0.8710999488830566","0.8710999488830566","0.8710999488830566","1","1","1","1","1","1","0.04479999840259552","0.04479999840259552","0.04479999840259552","1","1","1"
"2905","1","1","1","1","1","1","0.047199998050928116","0.047199998050928116","0.047199998050928116","1","1","1","1","1","1","1","1","1","0.0421999990940094","0.0421999990940094","0.0421999990940094","1","1","1","1","1","1","1","1","1","0.37959998846054077","0.37860000133514404","0.3805999755859375","0.6569499671459198","0.6545999646186829","0.6592999696731567","1","1","1","1","1","1","0.3337000012397766","0.3206000030040741","0.3467999994754791","0.8369999825954437","0.8319999575614929","0.8420000076293945","1","1","1","1","1","1","0.2824999988079071","0.2824999988079071","0.2824999988079071","0.8690999746322632","0.8690999746322632","0.8690999746322632","1","1","1","1","1","1","0.33009999990463257","0.33009999990463257","0.33009999990463257","0.871399998664856","0.871399998664856","0.871399998664856","1","1","1","1","1","1","0.04479999840259552","0.04479999840259552","0.04479999840259552","1","1","1"
"2916","1","1","1","1","1","1","0.04729999974370003","0.04729999974370003","0.04729999974370003","1","1","1","1","1","1","1","1","1","0.04209999740123749","0.04209999740123749","0.04209999740123749","1","1","1","1","1","1","1","1","1","0.37974999845027924","0.3797000050544739","0.3797999918460846","0.6573500037193298","0.6570000052452087","0.6577000021934509","1","1","1","1","1","1","0.33524999022483826","0.322299987077713","0.3481999933719635","0.8361499607563019","0.8297999501228333","0.8424999713897705","1","1","1","1","1","1","0.28439998626708984","0.28439998626708984","0.28439998626708984","0.8702999949455261","0.8702999949455261","0.8702999949455261","1","1","1","1","1","1","0.32420000433921814","0.32420000433921814","0.32420000433921814","0.8710999488830566","0.8710999488830566","0.8710999488830566","1","1","1","1","1","1","0.045399997383356094","0.045399997383356094","0.045399997383356094","1","1","1"
"2927","1","1","1","1","1","1","0.04699999839067459","0.04699999839067459","0.04699999839067459","1","1","1","1","1","1","1","1","1","0.0421999990940094","0.0421999990940094","0.0421999990940094","1","1","1","0.9999499917030334","0.9998999834060669","1","1","1","1","0.38109998404979706","0.38099998235702515","0.38119998574256897","0.6578999757766724","0.6577999591827393","0.6579999923706055","1","1","1","1","1","1","0.33344998955726624","0.321399986743927","0.34549999237060547","0.8369999527931213","0.8315999507904053","0.8423999547958374","1","1","1","1","1","1","0.2809999883174896","0.2809999883174896","0.2809999883174896","0.8693999648094177","0.8693999648094177","0.8693999648094177","1","1","1","1","1","1","0.3238999843597412","0.3238999843597412","0.3238999843597412","0.8705999851226807","0.8705999851226807","0.8705999851226807","1","1","1","1","1","1","0.04529999941587448","0.04529999941587448","0.04529999941587448","1","1","1"
"2938","1","1","1","1","1","1","0.04690000042319298","0.04690000042319298","0.04690000042319298","1","1","1","1","1","1","1","1","1","0.0421999990940094","0.0421999990940094","0.0421999990940094","1","1","1","0.9998999834060669","0.9997999668121338","1","1","1","1","0.38669998943805695","0.37929999828338623","0.39409998059272766","0.6610999703407288","0.6567999720573425","0.665399968624115","1","1","1","1","1","1","0.3316499888896942","0.3215999901294708","0.3416999876499176","0.8344999849796295","0.8285999894142151","0.840399980545044","1","1","1","1","1","1","0.29330000281333923","0.29330000281333923","0.29330000281333923","0.871999979019165","0.871999979019165","0.871999979019165","1","1","1","1","1","1","0.32690000534057617","0.32690000534057617","0.32690000534057617","0.871399998664856","0.871399998664856","0.871399998664856","1","1","1","1","1","1","0.045099999755620956","0.045099999755620956","0.045099999755620956","1","1","1"
"2949","1","1","1","1","1","1","0.04749999940395355","0.04749999940395355","0.04749999940395355","1","1","1","1","1","1","1","1","1","0.04230000078678131","0.04230000078678131","0.04230000078678131","1","1","1","0.9999499917030334","0.9998999834060669","1","1","1","1","0.37504999339580536","0.37229999899864197","0.37779998779296875","0.6543999910354614","0.6521999835968018","0.6565999984741211","1","1","1","1","1","1","0.3372499793767929","0.32979997992515564","0.3446999788284302","0.8366499841213226","0.8314999938011169","0.8417999744415283","1","1","1","1","1","1","0.2827000021934509","0.2827000021934509","0.2827000021934509","0.8693999648094177","0.8693999648094177","0.8693999648094177","1","1","1","1","1","1","0.3212999999523163","0.3212999999523163","0.3212999999523163","0.871399998664856","0.871399998664856","0.871399998664856","1","1","1","1","1","1","0.044499997049570084","0.044499997049570084","0.044499997049570084","1","1","1"
"2960","1","1","1","1","1","1","0.047199998050928116","0.047199998050928116","0.047199998050928116","1","1","1","1","1","1","1","1","1","0.042500000447034836","0.042500000447034836","0.042500000447034836","1","1","1","1","1","1","1","1","1","0.37334999442100525","0.37119999527931213","0.37549999356269836","0.6532500088214874","0.6520000100135803","0.6545000076293945","1","1","1","1","1","1","0.3356499969959259","0.3294999897480011","0.3418000042438507","0.8361999988555908","0.8312000036239624","0.8411999940872192","1","1","1","1","1","1","0.28610000014305115","0.28610000014305115","0.28610000014305115","0.8718999624252319","0.8718999624252319","0.8718999624252319","1","1","1","1","1","1","0.33980000019073486","0.33980000019073486","0.33980000019073486","0.8743000030517578","0.8743000030517578","0.8743000030517578","1","1","1","1","1","1","0.04479999840259552","0.04479999840259552","0.04479999840259552","1","1","1"
"2971","1","1","1","1","1","1","0.04739999771118164","0.04739999771118164","0.04739999771118164","1","1","1","1","1","1","1","1","1","0.041999999433755875","0.041999999433755875","0.041999999433755875","1","1","1","0.9999499917030334","0.9998999834060669","1","1","1","1","0.38134998083114624","0.38029998540878296","0.3823999762535095","0.6565499901771545","0.6523000001907349","0.6607999801635742","1","1","1","1","1","1","0.33309999108314514","0.3203999996185303","0.34579998254776","0.8357999920845032","0.8281999826431274","0.8434000015258789","1","1","1","1","1","1","0.2897999882698059","0.2897999882698059","0.2897999882698059","0.871999979019165","0.871999979019165","0.871999979019165","1","1","1","1","1","1","0.33079999685287476","0.33079999685287476","0.33079999685287476","0.871999979019165","0.871999979019165","0.871999979019165","1","1","1","1","1","1","0.044999998062849045","0.044999998062849045","0.044999998062849045","1","1","1"
"2982","1","1","1","1","1","1","0.04699999839067459","0.04699999839067459","0.04699999839067459","1","1","1","1","1","1","1","1","1","0.04259999841451645","0.04259999841451645","0.04259999841451645","1","1","1","0.9999499917030334","0.9998999834060669","1","1","1","1","0.3837999850511551","0.3831999897956848","0.38439998030662537","0.6584499776363373","0.6554999947547913","0.6613999605178833","1","1","1","1","1","1","0.3299500048160553","0.3172000050544739","0.3427000045776367","0.835099995136261","0.8274999856948853","0.8427000045776367","1","1","1","1","1","1","0.28669998049736023","0.28669998049736023","0.28669998049736023","0.871999979019165","0.871999979019165","0.871999979019165","1","1","1","1","1","1","0.337799996137619","0.337799996137619","0.337799996137619","0.8721999526023865","0.8721999526023865","0.8721999526023865","1","1","1","1","1","1","0.04479999840259552","0.04479999840259552","0.04479999840259552","1","1","1"
"2993","1","1","1","1","1","1","0.047599997371435165","0.047599997371435165","0.047599997371435165","1","1","1","1","1","1","1","1","1","0.042500000447034836","0.042500000447034836","0.042500000447034836","1","1","1","0.9999499917030334","0.9998999834060669","1","1","1","1","0.37209999561309814","0.36559998989105225","0.37860000133514404","0.652649998664856","0.647599995136261","0.6577000021934509","1","1","1","1","1","1","0.32774999737739563","0.3174999952316284","0.33799999952316284","0.8335999548435211","0.827299952507019","0.8398999571800232","1","1","1","1","1","1","0.2802000045776367","0.2802000045776367","0.2802000045776367","0.8709999918937683","0.8709999918937683","0.8709999918937683","1","1","1","1","1","1","0.3527999818325043","0.3527999818325043","0.3527999818325043","0.8748999834060669","0.8748999834060669","0.8748999834060669","1","1","1","1","1","1","0.045499999076128006","0.045499999076128006","0.045499999076128006","1","1","1"
"3004","1","1","1","1","1","1","0.04749999940395355","0.04749999940395355","0.04749999940395355","1","1","1","1","1","1","1","1","1","0.04209999740123749","0.04209999740123749","0.04209999740123749","1","1","1","1","1","1","1","1","1","0.3783999979496002","0.36800000071525574","0.3887999951839447","0.6550499796867371","0.6486999988555908","0.6613999605178833","1","1","1","1","1","1","0.3187499940395355","0.31049999594688416","0.3269999921321869","0.8312000036239624","0.8251000046730042","0.8373000025749207","1","1","1","1","1","1","0.2750000059604645","0.2750000059604645","0.2750000059604645","0.8695999979972839","0.8695999979972839","0.8695999979972839","1","1","1","1","1","1","0.35019999742507935","0.35019999742507935","0.35019999742507935","0.8732999563217163","0.8732999563217163","0.8732999563217163","1","1","1","1","1","1","0.04490000009536743","0.04490000009536743","0.04490000009536743","1","1","1"
"3015","1","1","1","1","1","1","0.04749999940395355","0.04749999940395355","0.04749999940395355","1","1","1","1","1","1","1","1","1","0.04270000010728836","0.04270000010728836","0.04270000010728836","1","1","1","1","1","1","1","1","1","0.3736499845981598","0.3667999804019928","0.3804999887943268","0.6529999673366547","0.6484999656677246","0.6574999690055847","1","1","1","1","1","1","0.3229999989271164","0.31139999628067017","0.3346000015735626","0.8327999711036682","0.8258999586105347","0.8396999835968018","1","1","1","1","1","1","0.27399998903274536","0.27399998903274536","0.27399998903274536","0.8707999587059021","0.8707999587059021","0.8707999587059021","1","1","1","1","1","1","0.3443000018596649","0.3443000018596649","0.3443000018596649","0.8725000023841858","0.8725000023841858","0.8725000023841858","1","1","1","1","1","1","0.04479999840259552","0.04479999840259552","0.04479999840259552","1","1","1"
"3026","1","1","1","1","1","1","0.04739999771118164","0.04739999771118164","0.04739999771118164","1","1","1","1","1","1","1","1","1","0.04270000010728836","0.04270000010728836","0.04270000010728836","1","1","1","0.9999499917030334","0.9998999834060669","1","1","1","1","0.3749999850988388","0.3700999915599823","0.3798999786376953","0.6522999703884125","0.6474999785423279","0.6570999622344971","1","1","1","1","1","1","0.32454998791217804","0.3123999834060669","0.3366999924182892","0.8334999978542328","0.824400007724762","0.8425999879837036","1","1","1","1","1","1","0.2789999842643738","0.2789999842643738","0.2789999842643738","0.8709999918937683","0.8709999918937683","0.8709999918937683","1","1","1","1","1","1","0.335999995470047","0.335999995470047","0.335999995470047","0.8718000054359436","0.8718000054359436","0.8718000054359436","1","1","1","1","1","1","0.044999998062849045","0.044999998062849045","0.044999998062849045","1","1","1"
"3037","1","1","1","1","1","1","0.04690000042319298","0.04690000042319298","0.04690000042319298","1","1","1","1","1","1","1","1","1","0.0421999990940094","0.0421999990940094","0.0421999990940094","1","1","1","1","1","1","1","1","1","0.3737499862909317","0.3707999885082245","0.3766999840736389","0.651449978351593","0.6477999687194824","0.6550999879837036","1","1","1","1","1","1","0.32329998910427094","0.313400000333786","0.33319997787475586","0.8324499726295471","0.8245999813079834","0.8402999639511108","1","1","1","1","1","1","0.2800000011920929","0.2800000011920929","0.2800000011920929","0.8704999685287476","0.8704999685287476","0.8704999685287476","1","1","1","1","1","1","0.3425999879837036","0.3425999879837036","0.3425999879837036","0.8733999729156494","0.8733999729156494","0.8733999729156494","1","1","1","1","1","1","0.04519999772310257","0.04519999772310257","0.04519999772310257","1","1","1"
"3048","1","1","1","1","1","1","0.04739999771118164","0.04739999771118164","0.04739999771118164","1","1","1","1","1","1","1","1","1","0.042399998754262924","0.042399998754262924","0.042399998754262924","1","1","1","1","1","1","1","1","1","0.3807999789714813","0.37379997968673706","0.3877999782562256","0.6572499871253967","0.6521999835968018","0.6622999906539917","1","1","1","1","1","1","0.3289499878883362","0.3190999925136566","0.33879998326301575","0.8342999815940857","0.8280999660491943","0.840499997138977","1","1","1","1","1","1","0.28129997849464417","0.28129997849464417","0.28129997849464417","0.8711999654769897","0.8711999654769897","0.8711999654769897","1","1","1","1","1","1","0.35029998421669006","0.35029998421669006","0.35029998421669006","0.8745999932289124","0.8745999932289124","0.8745999932289124","1","1","1","1","1","1","0.04519999772310257","0.04519999772310257","0.04519999772310257","1","1","1"
"3059","1","1","1","1","1","1","0.04739999771118164","0.04739999771118164","0.04739999771118164","1","1","1","1","1","1","1","1","1","0.04259999841451645","0.04259999841451645","0.04259999841451645","1","1","1","1","1","1","1","1","1","0.38624998927116394","0.385699987411499","0.38679999113082886","0.6592499911785126","0.6560999751091003","0.6624000072479248","1","1","1","1","1","1","0.32999999821186066","0.3237999975681305","0.3361999988555908","0.8342999815940857","0.8299999833106995","0.8385999798774719","1","1","1","1","1","1","0.26819998025894165","0.26819998025894165","0.26819998025894165","0.8677999973297119","0.8677999973297119","0.8677999973297119","1","1","1","1","1","1","0.32170000672340393","0.32170000672340393","0.32170000672340393","0.8696999549865723","0.8696999549865723","0.8696999549865723","1","1","1","1","1","1","0.044999998062849045","0.044999998062849045","0.044999998062849045","1","1","1"
"3070","1","1","1","1","1","1","0.046799998730421066","0.046799998730421066","0.046799998730421066","1","1","1","1","1","1","1","1","1","0.04259999841451645","0.04259999841451645","0.04259999841451645","1","1","1","0.9998999834060669","0.9997999668121338","1","1","1","1","0.38614998757839203","0.38339999318122864","0.3888999819755554","0.6597999930381775","0.6563000082969666","0.6632999777793884","1","1","1","1","1","1","0.3233499974012375","0.31790000200271606","0.3287999927997589","0.8324999809265137","0.8274999856948853","0.8374999761581421","1","1","1","1","1","1","0.27149999141693115","0.27149999141693115","0.27149999141693115","0.8693000078201294","0.8693000078201294","0.8693000078201294","1","1","1","1","1","1","0.3312999904155731","0.3312999904155731","0.3312999904155731","0.8710999488830566","0.8710999488830566","0.8710999488830566","1","1","1","1","1","1","0.04490000009536743","0.04490000009536743","0.04490000009536743","1","1","1"
"3081","1","1","1","1","1","1","0.04699999839067459","0.04699999839067459","0.04699999839067459","1","1","1","1","1","1","1","1","1","0.04230000078678131","0.04230000078678131","0.04230000078678131","1","1","1","0.9999499917030334","0.9998999834060669","1","1","1","1","0.3788999915122986","0.37369999289512634","0.3840999901294708","0.6559999883174896","0.6510999798774719","0.6608999967575073","1","1","1","1","1","1","0.31884999573230743","0.30399999022483826","0.3337000012397766","0.8318999707698822","0.8242999911308289","0.8394999504089355","1","1","1","1","1","1","0.280599981546402","0.280599981546402","0.280599981546402","0.8711999654769897","0.8711999654769897","0.8711999654769897","1","1","1","1","1","1","0.3366999924182892","0.3366999924182892","0.3366999924182892","0.8716999888420105","0.8716999888420105","0.8716999888420105","1","1","1","1","1","1","0.045099999755620956","0.045099999755620956","0.045099999755620956","1","1","1"
"3092","1","1","1","1","1","1","0.04729999974370003","0.04729999974370003","0.04729999974370003","1","1","1","1","1","1","1","1","1","0.042500000447034836","0.042500000447034836","0.042500000447034836","1","1","1","0.9999499917030334","0.9998999834060669","1","1","1","1","0.37869998812675476","0.37109997868537903","0.3862999975681305","0.6567499935626984","0.6500999927520752","0.6633999943733215","1","1","1","1","1","1","0.32749998569488525","0.32519999146461487","0.32979997992515564","0.8350999653339386","0.8298999667167664","0.8402999639511108","1","1","1","1","1","1","0.2782000005245209","0.2782000005245209","0.2782000005245209","0.8707000017166138","0.8707000017166138","0.8707000017166138","1","1","1","1","1","1","0.33009999990463257","0.33009999990463257","0.33009999990463257","0.8720999956130981","0.8720999956130981","0.8720999956130981","1","1","1","1","1","1","0.04529999941587448","0.04529999941587448","0.04529999941587448","1","1","1"
"3103","1","1","1","1","1","1","0.04729999974370003","0.04729999974370003","0.04729999974370003","1","1","1","1","1","1","1","1","1","0.04259999841451645","0.04259999841451645","0.04259999841451645","1","1","1","0.9999499917030334","0.9998999834060669","1","1","1","1","0.3780499994754791","0.3718000054359436","0.38429999351501465","0.6550999879837036","0.6514999866485596","0.6586999893188477","1","1","1","1","1","1","0.32694999873638153","0.32519999146461487","0.3287000060081482","0.8349999785423279","0.8303999900817871","0.8395999670028687","1","1","1","1","1","1","0.2700999975204468","0.2700999975204468","0.2700999975204468","0.8682000041007996","0.8682000041007996","0.8682000041007996","1","1","1","1","1","1","0.3357999920845032","0.3357999920845032","0.3357999920845032","0.8720999956130981","0.8720999956130981","0.8720999956130981","1","1","1","1","1","1","0.044999998062849045","0.044999998062849045","0.044999998062849045","1","1","1"
"3114","1","1","1","1","1","1","0.04729999974370003","0.04729999974370003","0.04729999974370003","1","1","1","1","1","1","1","1","1","0.04270000010728836","0.04270000010728836","0.04270000010728836","1","1","1","0.9999499917030334","0.9998999834060669","1","1","1","1","0.3730499893426895","0.3643999993801117","0.38169997930526733","0.6500999927520752","0.6428999900817871","0.6572999954223633","1","1","1","1","1","1","0.32659998536109924","0.3238999843597412","0.3292999863624573","0.8346999883651733","0.8313999772071838","0.8379999995231628","1","1","1","1","1","1","0.27059999108314514","0.27059999108314514","0.27059999108314514","0.8685999512672424","0.8685999512672424","0.8685999512672424","1","1","1","1","1","1","0.3249000012874603","0.3249000012874603","0.3249000012874603","0.8700999617576599","0.8700999617576599","0.8700999617576599","1","1","1","1","1","1","0.04529999941587448","0.04529999941587448","0.04529999941587448","1","1","1"
"3125","1","1","1","1","1","1","0.04699999839067459","0.04699999839067459","0.04699999839067459","1","1","1","1","1","1","1","1","1","0.042399998754262924","0.042399998754262924","0.042399998754262924","1","1","1","0.9999499917030334","0.9998999834060669","1","1","1","1","0.37644998729228973","0.3650999963283539","0.3877999782562256","0.653249979019165","0.6450999975204468","0.6613999605178833","1","1","1","1","1","1","0.32554998993873596","0.3243999779224396","0.32670000195503235","0.8339499533176422","0.8297999501228333","0.8380999565124512","1","1","1","1","1","1","0.275299996137619","0.275299996137619","0.275299996137619","0.8682999610900879","0.8682999610900879","0.8682999610900879","1","1","1","1","1","1","0.33399999141693115","0.33399999141693115","0.33399999141693115","0.8726999759674072","0.8726999759674072","0.8726999759674072","1","1","1","1","1","1","0.044599998742341995","0.044599998742341995","0.044599998742341995","1","1","1"
"3136","1","1","1","1","1","1","0.04729999974370003","0.04729999974370003","0.04729999974370003","1","1","1","1","1","1","1","1","1","0.042399998754262924","0.042399998754262924","0.042399998754262924","1","1","1","0.9999499917030334","0.9998999834060669","1","1","1","1","0.37244997918605804","0.3604999780654907","0.38439998030662537","0.6523999869823456","0.644599974155426","0.6601999998092651","1","1","1","1","1","1","0.3333499878644943","0.3276999890804291","0.33899998664855957","0.8358999788761139","0.8309999704360962","0.8407999873161316","1","1","1","1","1","1","0.2718999981880188","0.2718999981880188","0.2718999981880188","0.8687999844551086","0.8687999844551086","0.8687999844551086","1","1","1","1","1","1","0.34209999442100525","0.34209999442100525","0.34209999442100525","0.8727999925613403","0.8727999925613403","0.8727999925613403","1","1","1","1","1","1","0.04490000009536743","0.04490000009536743","0.04490000009536743","1","1","1"
"3147","1","1","1","1","1","1","0.04739999771118164","0.04739999771118164","0.04739999771118164","1","1","1","1","1","1","1","1","1","0.04259999841451645","0.04259999841451645","0.04259999841451645","1","1","1","0.9999499917030334","0.9998999834060669","1","1","1","1","0.375699982047081","0.37219998240470886","0.3791999816894531","0.6531499922275543","0.6510999798774719","0.6552000045776367","1","1","1","1","1","1","0.3307499885559082","0.32499998807907104","0.33649998903274536","0.8350999653339386","0.8306999802589417","0.8394999504089355","1","1","1","1","1","1","0.27619999647140503","0.27619999647140503","0.27619999647140503","0.8697999715805054","0.8697999715805054","0.8697999715805054","1","1","1","1","1","1","0.33390000462532043","0.33390000462532043","0.33390000462532043","0.871399998664856","0.871399998664856","0.871399998664856","1","1","1","1","1","1","0.04490000009536743","0.04490000009536743","0.04490000009536743","1","1","1"
"3158","1","1","1","1","1","1","0.0478999987244606","0.0478999987244606","0.0478999987244606","1","1","1","1","1","1","1","1","1","0.042399998754262924","0.042399998754262924","0.042399998754262924","1","1","1","0.9999499917030334","0.9998999834060669","1","1","1","1","0.37279999256134033","0.36649999022483826","0.3790999948978424","0.6523999571800232","0.648099958896637","0.6566999554634094","1","1","1","1","1","1","0.33364999294281006","0.32919999957084656","0.33809998631477356","0.8361499607563019","0.8319999575614929","0.8402999639511108","1","1","1","1","1","1","0.27300000190734863","0.27300000190734863","0.27300000190734863","0.8690999746322632","0.8690999746322632","0.8690999746322632","1","1","1","1","1","1","0.34790000319480896","0.34790000319480896","0.34790000319480896","0.873699963092804","0.873699963092804","0.873699963092804","1","1","1","1","1","1","0.045099999755620956","0.045099999755620956","0.045099999755620956","1","1","1"
"3169","1","1","1","1","1","1","0.047199998050928116","0.047199998050928116","0.047199998050928116","1","1","1","1","1","1","1","1","1","0.042399998754262924","0.042399998754262924","0.042399998754262924","1","1","1","0.9999499917030334","0.9998999834060669","1","1","1","1","0.3730499893426895","0.3669999837875366","0.3790999948978424","0.6500999629497528","0.6459999680519104","0.6541999578475952","1","1","1","1","1","1","0.330499991774559","0.32259997725486755","0.3384000062942505","0.8355999886989594","0.8300999999046326","0.8410999774932861","1","1","1","1","1","1","0.281499981880188","0.281499981880188","0.281499981880188","0.8709999918937683","0.8709999918937683","0.8709999918937683","1","1","1","1","1","1","0.33219999074935913","0.33219999074935913","0.33219999074935913","0.871399998664856","0.871399998664856","0.871399998664856","1","1","1","1","1","1","0.04519999772310257","0.04519999772310257","0.04519999772310257","1","1","1"
"3180","1","1","1","1","1","1","0.047199998050928116","0.047199998050928116","0.047199998050928116","1","1","1","1","1","1","1","1","1","0.042500000447034836","0.042500000447034836","0.042500000447034836","1","1","1","0.9999499917030334","0.9998999834060669","1","1","1","1","0.37689998745918274","0.368399977684021","0.3853999972343445","0.652349978685379","0.6468999981880188","0.6577999591827393","1","1","1","1","1","1","0.3389499932527542","0.32850000262260437","0.34939998388290405","0.8379499912261963","0.8323000073432922","0.8435999751091003","1","1","1","1","1","1","0.2807999849319458","0.2807999849319458","0.2807999849319458","0.8695999979972839","0.8695999979972839","0.8695999979972839","1","1","1","1","1","1","0.3304999768733978","0.3304999768733978","0.3304999768733978","0.8698999881744385","0.8698999881744385","0.8698999881744385","1","1","1","1","1","1","0.04490000009536743","0.04490000009536743","0.04490000009536743","1","1","1"
"3191","1","1","1","1","1","1","0.047599997371435165","0.047599997371435165","0.047599997371435165","1","1","1","1","1","1","1","1","1","0.04230000078678131","0.04230000078678131","0.04230000078678131","1","1","1","0.9999499917030334","0.9998999834060669","1","1","1","1","0.36924999952316284","0.3634999990463257","0.375","0.6513999998569489","0.6486999988555908","0.6541000008583069","1","1","1","1","1","1","0.3365499973297119","0.32519999146461487","0.34790000319480896","0.8370499908924103","0.8306999802589417","0.8434000015258789","1","1","1","1","1","1","0.28189998865127563","0.28189998865127563","0.28189998865127563","0.8712999820709229","0.8712999820709229","0.8712999820709229","1","1","1","1","1","1","0.3240000009536743","0.3240000009536743","0.3240000009536743","0.870199978351593","0.870199978351593","0.870199978351593","1","1","1","1","1","1","0.04479999840259552","0.04479999840259552","0.04479999840259552","1","1","1"
"3202","1","1","1","1","1","1","0.04739999771118164","0.04739999771118164","0.04739999771118164","1","1","1","1","1","1","1","1","1","0.04259999841451645","0.04259999841451645","0.04259999841451645","1","1","1","0.9999499917030334","0.9998999834060669","1","1","1","1","0.36944998800754547","0.36229997873306274","0.3765999972820282","0.6515499651432037","0.646399974822998","0.6566999554634094","1","1","1","1","1","1","0.33344998955726624","0.32739999890327454","0.33949998021125793","0.8363499641418457","0.8313999772071838","0.8412999510765076","1","1","1","1","1","1","0.2848999798297882","0.2848999798297882","0.2848999798297882","0.8708999752998352","0.8708999752998352","0.8708999752998352","1","1","1","1","1","1","0.3182999789714813","0.3182999789714813","0.3182999789714813","0.8694999814033508","0.8694999814033508","0.8694999814033508","1","1","1","1","1","1","0.044999998062849045","0.044999998062849045","0.044999998062849045","1","1","1"
"3213","1","1","1","1","1","1","0.047599997371435165","0.047599997371435165","0.047599997371435165","1","1","1","1","1","1","1","1","1","0.0421999990940094","0.0421999990940094","0.0421999990940094","1","1","1","0.9999499917030334","0.9998999834060669","1","1","1","1","0.38144999742507935","0.3659999966621399","0.3968999981880188","0.6573500037193298","0.649399995803833","0.6653000116348267","1","1","1","1","1","1","0.32729998230934143","0.3245999813079834","0.32999998331069946","0.8349999785423279","0.8306999802589417","0.8392999768257141","1","1","1","1","1","1","0.28669998049736023","0.28669998049736023","0.28669998049736023","0.8707999587059021","0.8707999587059021","0.8707999587059021","1","1","1","1","1","1","0.32099997997283936","0.32099997997283936","0.32099997997283936","0.8697999715805054","0.8697999715805054","0.8697999715805054","1","1","1","1","1","1","0.04490000009536743","0.04490000009536743","0.04490000009536743","1","1","1"
"3224","1","1","1","1","1","1","0.04699999839067459","0.04699999839067459","0.04699999839067459","1","1","1","1","1","1","1","1","1","0.0421999990940094","0.0421999990940094","0.0421999990940094","1","1","1","0.9999499917030334","0.9998999834060669","1","1","1","1","0.37109997868537903","0.36389997601509094","0.3782999813556671","0.6526999771595001","0.6470999717712402","0.65829998254776","1","1","1","1","1","1","0.3341499865055084","0.3269999921321869","0.34129998087882996","0.8366999626159668","0.8315999507904053","0.8417999744415283","1","1","1","1","1","1","0.28610000014305115","0.28610000014305115","0.28610000014305115","0.8709999918937683","0.8709999918937683","0.8709999918937683","1","1","1","1","1","1","0.3237999975681305","0.3237999975681305","0.3237999975681305","0.8694999814033508","0.8694999814033508","0.8694999814033508","1","1","1","1","1","1","0.04470000043511391","0.04470000043511391","0.04470000043511391","1","1","1"
"3235","1","1","1","1","1","1","0.04690000042319298","0.04690000042319298","0.04690000042319298","1","1","1","1","1","1","1","1","1","0.04230000078678131","0.04230000078678131","0.04230000078678131","1","1","1","0.9999499917030334","0.9998999834060669","1","1","1","1","0.3753499984741211","0.36820000410079956","0.3824999928474426","0.6529499888420105","0.6495999693870544","0.6563000082969666","1","1","1","1","1","1","0.3343999832868576","0.3247999846935272","0.343999981880188","0.8379499912261963","0.832099974155426","0.8438000082969666","1","1","1","1","1","1","0.2818000018596649","0.2818000018596649","0.2818000018596649","0.8704999685287476","0.8704999685287476","0.8704999685287476","1","1","1","1","1","1","0.3245999813079834","0.3245999813079834","0.3245999813079834","0.8694999814033508","0.8694999814033508","0.8694999814033508","1","1","1","1","1","1","0.044999998062849045","0.044999998062849045","0.044999998062849045","1","1","1"
"3246","1","1","1","1","1","1","0.046699997037649155","0.046699997037649155","0.046699997037649155","1","1","1","1","1","1","1","1","1","0.04209999740123749","0.04209999740123749","0.04209999740123749","1","1","1","0.9999499917030334","0.9998999834060669","1","1","1","1","0.3747500032186508","0.3716000020503998","0.37790000438690186","0.6522499620914459","0.6491999626159668","0.655299961566925","1","1","1","1","1","1","0.3318999856710434","0.3227999806404114","0.3409999907016754","0.8374499678611755","0.832099974155426","0.842799961566925","1","1","1","1","1","1","0.28209999203681946","0.28209999203681946","0.28209999203681946","0.8709999918937683","0.8709999918937683","0.8709999918937683","1","1","1","1","1","1","0.3269999921321869","0.3269999921321869","0.3269999921321869","0.8702999949455261","0.8702999949455261","0.8702999949455261","1","1","1","1","1","1","0.045399997383356094","0.045399997383356094","0.045399997383356094","1","1","1"
"3257","1","1","1","1","1","1","0.0471000000834465","0.0471000000834465","0.0471000000834465","1","1","1","1","1","1","1","1","1","0.0421999990940094","0.0421999990940094","0.0421999990940094","1","1","1","0.9999499917030334","0.9998999834060669","1","1","1","1","0.3763999789953232","0.37129998207092285","0.3814999759197235","0.6526499688625336","0.6488999724388123","0.6563999652862549","1","1","1","1","1","1","0.3309999853372574","0.32249999046325684","0.33949998021125793","0.8373999893665314","0.8325999975204468","0.842199981212616","1","1","1","1","1","1","0.2782999873161316","0.2782999873161316","0.2782999873161316","0.8702999949455261","0.8702999949455261","0.8702999949455261","1","1","1","1","1","1","0.3392999768257141","0.3392999768257141","0.3392999768257141","0.8721999526023865","0.8721999526023865","0.8721999526023865","1","1","1","1","1","1","0.04529999941587448","0.04529999941587448","0.04529999941587448","1","1","1"
"3268","1","1","1","1","1","1","0.047599997371435165","0.047599997371435165","0.047599997371435165","1","1","1","1","1","1","1","1","1","0.04270000010728836","0.04270000010728836","0.04270000010728836","1","1","1","0.9999499917030334","0.9998999834060669","1","1","1","1","0.3748999983072281","0.3734000027179718","0.3763999938964844","0.6548499763011932","0.6521999835968018","0.6574999690055847","1","1","1","1","1","1","0.32760000228881836","0.31540000438690186","0.33980000019073486","0.8354999721050262","0.8298999667167664","0.8410999774932861","1","1","1","1","1","1","0.2806999981403351","0.2806999981403351","0.2806999981403351","0.8693000078201294","0.8693000078201294","0.8693000078201294","1","1","1","1","1","1","0.33249998092651367","0.33249998092651367","0.33249998092651367","0.8720999956130981","0.8720999956130981","0.8720999956130981","1","1","1","1","1","1","0.04519999772310257","0.04519999772310257","0.04519999772310257","1","1","1"
"3279","1","1","1","1","1","1","0.04729999974370003","0.04729999974370003","0.04729999974370003","1","1","1","1","1","1","1","1","1","0.04270000010728836","0.04270000010728836","0.04270000010728836","1","1","1","0.9999499917030334","0.9998999834060669","1","1","1","1","0.3766999840736389","0.37379997968673706","0.37959998846054077","0.655599981546402","0.6524999737739563","0.6586999893188477","1","1","1","1","1","1","0.33159999549388885","0.32170000672340393","0.3414999842643738","0.837149977684021","0.8319999575614929","0.8422999978065491","1","1","1","1","1","1","0.2807999849319458","0.2807999849319458","0.2807999849319458","0.8693000078201294","0.8693000078201294","0.8693000078201294","1","1","1","1","1","1","0.3357999920845032","0.3357999920845032","0.3357999920845032","0.871399998664856","0.871399998664856","0.871399998664856","1","1","1","1","1","1","0.044499997049570084","0.044499997049570084","0.044499997049570084","1","1","1"
"3290","1","1","1","1","1","1","0.04739999771118164","0.04739999771118164","0.04739999771118164","1","1","1","1","1","1","1","1","1","0.0421999990940094","0.0421999990940094","0.0421999990940094","1","1","1","0.9999499917030334","0.9998999834060669","1","1","1","1","0.3747999966144562","0.37299999594688416","0.3765999972820282","0.6560499966144562","0.6509000062942505","0.6611999869346619","1","1","1","1","1","1","0.3348499834537506","0.32009997963905334","0.3495999872684479","0.8374999761581421","0.8316999673843384","0.8432999849319458","1","1","1","1","1","1","0.2791999876499176","0.2791999876499176","0.2791999876499176","0.870199978351593","0.870199978351593","0.870199978351593","1","1","1","1","1","1","0.3317999839782715","0.3317999839782715","0.3317999839782715","0.8712999820709229","0.8712999820709229","0.8712999820709229","1","1","1","1","1","1","0.044599998742341995","0.044599998742341995","0.044599998742341995","1","1","1"
"3301","1","1","1","1","1","1","0.04779999703168869","0.04779999703168869","0.04779999703168869","1","1","1","1","1","1","1","1","1","0.042399998754262924","0.042399998754262924","0.042399998754262924","1","1","1","0.9999499917030334","0.9998999834060669","1","1","1","1","0.3730999827384949","0.3698999881744385","0.37629997730255127","0.6541999876499176","0.6539999842643738","0.6543999910354614","1","1","1","1","1","1","0.33364999294281006","0.31929999589920044","0.3479999899864197","0.8373499810695648","0.8316999673843384","0.8429999947547913","1","1","1","1","1","1","0.2800000011920929","0.2800000011920929","0.2800000011920929","0.8703999519348145","0.8703999519348145","0.8703999519348145","1","1","1","1","1","1","0.3253999948501587","0.3253999948501587","0.3253999948501587","0.871399998664856","0.871399998664856","0.871399998664856","1","1","1","1","1","1","0.04490000009536743","0.04490000009536743","0.04490000009536743","1","1","1"
"3312","1","1","1","1","1","1","0.04739999771118164","0.04739999771118164","0.04739999771118164","1","1","1","1","1","1","1","1","1","0.04230000078678131","0.04230000078678131","0.04230000078678131","1","1","1","0.9999499917030334","0.9998999834060669","1","1","1","1","0.3787499964237213","0.3763999938964844","0.38109999895095825","0.6590000092983246","0.6545000076293945","0.6635000109672546","1","1","1","1","1","1","0.32999998331069946","0.3157999813556671","0.3441999852657318","0.836899995803833","0.8307999968528748","0.8429999947547913","1","1","1","1","1","1","0.27629998326301575","0.27629998326301575","0.27629998326301575","0.868399977684021","0.868399977684021","0.868399977684021","1","1","1","1","1","1","0.3312000036239624","0.3312000036239624","0.3312000036239624","0.8720999956130981","0.8720999956130981","0.8720999956130981","1","1","1","1","1","1","0.04479999840259552","0.04479999840259552","0.04479999840259552","1","1","1"
"3323","1","1","1","1","1","1","0.047199998050928116","0.047199998050928116","0.047199998050928116","1","1","1","1","1","1","1","1","1","0.042500000447034836","0.042500000447034836","0.042500000447034836","1","1","1","0.9999499917030334","0.9998999834060669","1","1","1","1","0.3746499866247177","0.37289997935295105","0.3763999938964844","0.6561000049114227","0.6523000001907349","0.6599000096321106","1","1","1","1","1","1","0.31714998185634613","0.3116999864578247","0.32259997725486755","0.8332499563694","0.8290999531745911","0.837399959564209","1","1","1","1","1","1","0.27539998292922974","0.27539998292922974","0.27539998292922974","0.8698999881744385","0.8698999881744385","0.8698999881744385","1","1","1","1","1","1","0.3416000008583069","0.3416000008583069","0.3416000008583069","0.873199999332428","0.873199999332428","0.873199999332428","1","1","1","1","1","1","0.04490000009536743","0.04490000009536743","0.04490000009536743","1","1","1"
"3334","1","1","1","1","1","1","0.047199998050928116","0.047199998050928116","0.047199998050928116","1","1","1","1","1","1","1","1","1","0.0421999990940094","0.0421999990940094","0.0421999990940094","1","1","1","0.9999499917030334","0.9998999834060669","1","1","1","1","0.37359999120235443","0.3718000054359436","0.37539997696876526","0.6557999849319458","0.6500999927520752","0.6614999771118164","1","1","1","1","1","1","0.32964999973773956","0.31290000677108765","0.3463999927043915","0.8372499942779541","0.8300999999046326","0.8443999886512756","1","1","1","1","1","1","0.27649998664855957","0.27649998664855957","0.27649998664855957","0.8697999715805054","0.8697999715805054","0.8697999715805054","1","1","1","1","1","1","0.33059999346733093","0.33059999346733093","0.33059999346733093","0.8718999624252319","0.8718999624252319","0.8718999624252319","1","1","1","1","1","1","0.04470000043511391","0.04470000043511391","0.04470000043511391","1","1","1"
"3345","1","1","1","1","1","1","0.04739999771118164","0.04739999771118164","0.04739999771118164","1","1","1","1","1","1","1","1","1","0.0421999990940094","0.0421999990940094","0.0421999990940094","1","1","1","1","1","1","1","1","1","0.3725000023841858","0.36890000104904175","0.37610000371932983","0.6536499857902527","0.651199996471405","0.6560999751091003","1","1","1","1","1","1","0.3301499933004379","0.31679999828338623","0.3434999883174896","0.838049978017807","0.8315999507904053","0.8445000052452087","1","1","1","1","1","1","0.27709999680519104","0.27709999680519104","0.27709999680519104","0.8700000047683716","0.8700000047683716","0.8700000047683716","1","1","1","1","1","1","0.34950000047683716","0.34950000047683716","0.34950000047683716","0.8747999668121338","0.8747999668121338","0.8747999668121338","1","1","1","1","1","1","0.04470000043511391","0.04470000043511391","0.04470000043511391","1","1","1"
"3356","1","1","1","1","1","1","0.04699999839067459","0.04699999839067459","0.04699999839067459","1","1","1","1","1","1","1","1","1","0.042399998754262924","0.042399998754262924","0.042399998754262924","1","1","1","1","1","1","1","1","1","0.3737500011920929","0.37229999899864197","0.3752000033855438","0.6548500061035156","0.6502000093460083","0.659500002861023","1","1","1","1","1","1","0.33319999277591705","0.32189998030662537","0.34450000524520874","0.8379999697208405","0.8316999673843384","0.8442999720573425","1","1","1","1","1","1","0.2782999873161316","0.2782999873161316","0.2782999873161316","0.8689999580383301","0.8689999580383301","0.8689999580383301","1","1","1","1","1","1","0.3449999988079071","0.3449999988079071","0.3449999988079071","0.8738999962806702","0.8738999962806702","0.8738999962806702","1","1","1","1","1","1","0.044599998742341995","0.044599998742341995","0.044599998742341995","1","1","1"
"3367","1","1","1","1","1","1","0.0471000000834465","0.0471000000834465","0.0471000000834465","1","1","1","1","1","1","1","1","1","0.042399998754262924","0.042399998754262924","0.042399998754262924","1","1","1","1","1","1","1","1","1","0.374549999833107","0.36980000138282776","0.37929999828338623","0.6558999717235565","0.6491999626159668","0.6625999808311462","1","1","1","1","1","1","0.33389998972415924","0.3188999891281128","0.3488999903202057","0.8386999666690826","0.8312999606132507","0.8460999727249146","1","1","1","1","1","1","0.27070000767707825","0.27070000767707825","0.27070000767707825","0.8679999709129333","0.8679999709129333","0.8679999709129333","1","1","1","1","1","1","0.3440999984741211","0.3440999984741211","0.3440999984741211","0.873199999332428","0.873199999332428","0.873199999332428","1","1","1","1","1","1","0.044499997049570084","0.044499997049570084","0.044499997049570084","1","1","1"
"3378","1","1","1","1","1","1","0.047199998050928116","0.047199998050928116","0.047199998050928116","1","1","1","1","1","1","1","1","1","0.042399998754262924","0.042399998754262924","0.042399998754262924","1","1","1","0.9998999834060669","0.9997999668121338","1","1","1","1","0.3839999884366989","0.38009998202323914","0.3878999948501587","0.6610999703407288","0.6602999567985535","0.661899983882904","1","1","1","1","1","1","0.3387499898672104","0.32009997963905334","0.35740000009536743","0.8390499651432037","0.8306999802589417","0.8473999500274658","1","1","1","1","1","1","0.27230000495910645","0.27230000495910645","0.27230000495910645","0.8690999746322632","0.8690999746322632","0.8690999746322632","1","1","1","1","1","1","0.3409000039100647","0.3409000039100647","0.3409000039100647","0.8728999495506287","0.8728999495506287","0.8728999495506287","1","1","1","1","1","1","0.04470000043511391","0.04470000043511391","0.04470000043511391","1","1","1"
"3389","1","1","1","1","1","1","0.04739999771118164","0.04739999771118164","0.04739999771118164","1","1","1","1","1","1","1","1","1","0.042500000447034836","0.042500000447034836","0.042500000447034836","1","1","1","0.9999499917030334","0.9998999834060669","1","1","1","1","0.3826499879360199","0.3766999840736389","0.3885999917984009","0.6613499820232391","0.6599000096321106","0.6627999544143677","1","1","1","1","1","1","0.33169999718666077","0.31709998846054077","0.34630000591278076","0.8372999727725983","0.8308999538421631","0.8436999917030334","1","1","1","1","1","1","0.27059999108314514","0.27059999108314514","0.27059999108314514","0.8690999746322632","0.8690999746322632","0.8690999746322632","1","1","1","1","1","1","0.33969998359680176","0.33969998359680176","0.33969998359680176","0.8729999661445618","0.8729999661445618","0.8729999661445618","1","1","1","1","1","1","0.045099999755620956","0.045099999755620956","0.045099999755620956","1","1","1"
"3400","1","1","1","1","1","1","0.046799998730421066","0.046799998730421066","0.046799998730421066","1","1","1","1","1","1","1","1","1","0.0421999990940094","0.0421999990940094","0.0421999990940094","1","1","1","0.9999499917030334","0.9998999834060669","1","1","1","1","0.37914998829364777","0.3763999938964844","0.38189998269081116","0.6587499976158142","0.6561999917030334","0.661300003528595","1","1","1","1","1","1","0.3325999826192856","0.31849998235702515","0.346699982881546","0.8373499810695648","0.8313999772071838","0.8432999849319458","1","1","1","1","1","1","0.2653999924659729","0.2653999924659729","0.2653999924659729","0.8676999807357788","0.8676999807357788","0.8676999807357788","1","1","1","1","1","1","0.3384999930858612","0.3384999930858612","0.3384999930858612","0.8716999888420105","0.8716999888420105","0.8716999888420105","1","1","1","1","1","1","0.044999998062849045","0.044999998062849045","0.044999998062849045","1","1","1"
"3411","1","1","1","1","1","1","0.04769999906420708","0.04769999906420708","0.04769999906420708","1","1","1","1","1","1","1","1","1","0.042500000447034836","0.042500000447034836","0.042500000447034836","1","1","1","1","1","1","1","1","1","0.38189998269081116","0.37539997696876526","0.38839998841285706","0.6595999896526337","0.6577000021934509","0.6614999771118164","1","1","1","1","1","1","0.3352999836206436","0.31939998269081116","0.3511999845504761","0.83924999833107","0.8321999907493591","0.8463000059127808","1","1","1","1","1","1","0.2680000066757202","0.2680000066757202","0.2680000066757202","0.8668999671936035","0.8668999671936035","0.8668999671936035","1","1","1","1","1","1","0.3352999985218048","0.3352999985218048","0.3352999985218048","0.8718999624252319","0.8718999624252319","0.8718999624252319","1","1","1","1","1","1","0.044499997049570084","0.044499997049570084","0.044499997049570084","1","1","1"
"3422","1","1","1","1","1","1","0.04690000042319298","0.04690000042319298","0.04690000042319298","1","1","1","1","1","1","1","1","1","0.04259999841451645","0.04259999841451645","0.04259999841451645","1","1","1","0.9999499917030334","0.9998999834060669","1","1","1","1","0.3844999819993973","0.3775999844074249","0.39139997959136963","0.6616500020027161","0.6608999967575073","0.6624000072479248","1","1","1","1","1","1","0.32964999973773956","0.31540000438690186","0.34389999508857727","0.8373499810695648","0.8301999568939209","0.8445000052452087","1","1","1","1","1","1","0.2719999849796295","0.2719999849796295","0.2719999849796295","0.868399977684021","0.868399977684021","0.868399977684021","1","1","1","1","1","1","0.3400999903678894","0.3400999903678894","0.3400999903678894","0.8722999691963196","0.8722999691963196","0.8722999691963196","1","1","1","1","1","1","0.044999998062849045","0.044999998062849045","0.044999998062849045","1","1","1"
"3433","1","1","1","1","1","1","0.047199998050928116","0.047199998050928116","0.047199998050928116","1","1","1","1","1","1","1","1","1","0.04230000078678131","0.04230000078678131","0.04230000078678131","1","1","1","1","1","1","1","1","1","0.3810499906539917","0.3752000033855438","0.3868999779224396","0.6597999632358551","0.6581999659538269","0.6613999605178833","1","1","1","1","1","1","0.32854998111724854","0.3146999776363373","0.3423999845981598","0.8369499742984772","0.8299999833106995","0.8438999652862549","1","1","1","1","1","1","0.27390000224113464","0.27390000224113464","0.27390000224113464","0.8677999973297119","0.8677999973297119","0.8677999973297119","1","1","1","1","1","1","0.33570000529289246","0.33570000529289246","0.33570000529289246","0.871399998664856","0.871399998664856","0.871399998664856","1","1","1","1","1","1","0.044999998062849045","0.044999998062849045","0.044999998062849045","1","1","1"
"3444","1","1","1","1","1","1","0.04739999771118164","0.04739999771118164","0.04739999771118164","1","1","1","1","1","1","1","1","1","0.042500000447034836","0.042500000447034836","0.042500000447034836","1","1","1","1","1","1","1","1","1","0.382099986076355","0.38089999556541443","0.38329997658729553","0.6603999733924866","0.654699981212616","0.6660999655723572","1","1","1","1","1","1","0.3331499993801117","0.3165999948978424","0.349700003862381","0.8383999764919281","0.8312999606132507","0.8454999923706055","1","1","1","1","1","1","0.2710999846458435","0.2710999846458435","0.2710999846458435","0.8676999807357788","0.8676999807357788","0.8676999807357788","1","1","1","1","1","1","0.32829999923706055","0.32829999923706055","0.32829999923706055","0.8723999857902527","0.8723999857902527","0.8723999857902527","1","1","1","1","1","1","0.04479999840259552","0.04479999840259552","0.04479999840259552","1","1","1"
"3455","1","1","1","1","1","1","0.04739999771118164","0.04739999771118164","0.04739999771118164","1","1","1","1","1","1","1","1","1","0.042500000447034836","0.042500000447034836","0.042500000447034836","1","1","1","0.9999499917030334","0.9998999834060669","1","1","1","1","0.388949990272522","0.3840000033378601","0.39389997720718384","0.6644499599933624","0.6624999642372131","0.6663999557495117","1","1","1","1","1","1","0.3405500054359436","0.32690000534057617","0.35420000553131104","0.8400499820709229","0.8324999809265137","0.847599983215332","1","1","1","1","1","1","0.26499998569488525","0.26499998569488525","0.26499998569488525","0.8660999536514282","0.8660999536514282","0.8660999536514282","1","1","1","1","1","1","0.33799999952316284","0.33799999952316284","0.33799999952316284","0.8718000054359436","0.8718000054359436","0.8718000054359436","1","1","1","1","1","1","0.044499997049570084","0.044499997049570084","0.044499997049570084","1","1","1"
"3466","1","1","1","1","1","1","0.04729999974370003","0.04729999974370003","0.04729999974370003","1","1","1","1","1","1","1","1","1","0.042799998074769974","0.042799998074769974","0.042799998074769974","1","1","1","0.9999499917030334","0.9998999834060669","1","1","1","1","0.38644999265670776","0.37770000100135803","0.3951999843120575","0.6620500087738037","0.6617000102996826","0.6624000072479248","1","1","1","1","1","1","0.33524999022483826","0.3197999894618988","0.3506999909877777","0.8386999666690826","0.8309999704360962","0.8463999629020691","1","1","1","1","1","1","0.26980000734329224","0.26980000734329224","0.26980000734329224","0.8676999807357788","0.8676999807357788","0.8676999807357788","1","1","1","1","1","1","0.3375999927520752","0.3375999927520752","0.3375999927520752","0.8720999956130981","0.8720999956130981","0.8720999956130981","1","1","1","1","1","1","0.04470000043511391","0.04470000043511391","0.04470000043511391","1","1","1"
"3477","1","1","1","1","1","1","0.046699997037649155","0.046699997037649155","0.046699997037649155","1","1","1","1","1","1","1","1","1","0.04230000078678131","0.04230000078678131","0.04230000078678131","1","1","1","0.9999499917030334","0.9998999834060669","1","1","1","1","0.3771999925374985","0.36890000104904175","0.3854999840259552","0.6578999757766724","0.6571999788284302","0.6585999727249146","1","1","1","1","1","1","0.3367999792098999","0.32349997758865356","0.35009998083114624","0.839199960231781","0.8327999711036682","0.8455999493598938","1","1","1","1","1","1","0.2721000015735626","0.2721000015735626","0.2721000015735626","0.8694999814033508","0.8694999814033508","0.8694999814033508","1","1","1","1","1","1","0.33379998803138733","0.33379998803138733","0.33379998803138733","0.8720999956130981","0.8720999956130981","0.8720999956130981","1","1","1","1","1","1","0.044999998062849045","0.044999998062849045","0.044999998062849045","1","1","1"
"3488","1","1","1","1","1","1","0.04739999771118164","0.04739999771118164","0.04739999771118164","1","1","1","1","1","1","1","1","1","0.042399998754262924","0.042399998754262924","0.042399998754262924","1","1","1","0.9999499917030334","0.9998999834060669","1","1","1","1","0.38019999861717224","0.3716000020503998","0.3887999951839447","0.6587499976158142","0.6570000052452087","0.6604999899864197","1","1","1","1","1","1","0.33444999158382416","0.3199000060558319","0.3489999771118164","0.838049978017807","0.8316999673843384","0.8443999886512756","1","1","1","1","1","1","0.26109999418258667","0.26109999418258667","0.26109999418258667","0.8672999739646912","0.8672999739646912","0.8672999739646912","1","1","1","1","1","1","0.33559998869895935","0.33559998869895935","0.33559998869895935","0.873199999332428","0.873199999332428","0.873199999332428","1","1","1","1","1","1","0.04439999908208847","0.04439999908208847","0.04439999908208847","1","1","1"
"3499","1","1","1","1","1","1","0.04699999839067459","0.04699999839067459","0.04699999839067459","1","1","1","1","1","1","1","1","1","0.04259999841451645","0.04259999841451645","0.04259999841451645","1","1","1","0.9999499917030334","0.9998999834060669","1","1","1","1","0.3787499815225601","0.3676999807357788","0.38979998230934143","0.6574499905109406","0.6574000120162964","0.6574999690055847","1","1","1","1","1","1","0.330949991941452","0.3155999779701233","0.34630000591278076","0.836249977350235","0.8294000029563904","0.8430999517440796","1","1","1","1","1","1","0.2791000008583069","0.2791000008583069","0.2791000008583069","0.8710999488830566","0.8710999488830566","0.8710999488830566","1","1","1","1","1","1","0.3287000060081482","0.3287000060081482","0.3287000060081482","0.8714999556541443","0.8714999556541443","0.8714999556541443","1","1","1","1","1","1","0.044599998742341995","0.044599998742341995","0.044599998742341995","1","1","1"
"3510","1","1","1","1","1","1","0.04729999974370003","0.04729999974370003","0.04729999974370003","1","1","1","1","1","1","1","1","1","0.04270000010728836","0.04270000010728836","0.04270000010728836","1","1","1","0.9999499917030334","0.9998999834060669","1","1","1","1","0.37619999051094055","0.36800000071525574","0.38439998030662537","0.6559499800205231","0.6557999849319458","0.6560999751091003","1","1","1","1","1","1","0.32510000467300415","0.3111000061035156","0.3391000032424927","0.8349999785423279","0.8278999924659729","0.8420999646186829","1","1","1","1","1","1","0.2709999978542328","0.2709999978542328","0.2709999978542328","0.8693999648094177","0.8693999648094177","0.8693999648094177","1","1","1","1","1","1","0.33309999108314514","0.33309999108314514","0.33309999108314514","0.8718000054359436","0.8718000054359436","0.8718000054359436","1","1","1","1","1","1","0.04490000009536743","0.04490000009536743","0.04490000009536743","1","1","1"
"3521","1","1","1","1","1","1","0.04749999940395355","0.04749999940395355","0.04749999940395355","1","1","1","1","1","1","1","1","1","0.042899999767541885","0.042899999767541885","0.042899999767541885","1","1","1","0.9999499917030334","0.9998999834060669","1","1","1","1","0.3775999993085861","0.36419999599456787","0.39100000262260437","0.6567999720573425","0.6553999781608582","0.6581999659538269","1","1","1","1","1","1","0.31919999420642853","0.30649998784065247","0.3319000005722046","0.8342999815940857","0.8269999623298645","0.8416000008583069","1","1","1","1","1","1","0.27570000290870667","0.27570000290870667","0.27570000290870667","0.8700999617576599","0.8700999617576599","0.8700999617576599","1","1","1","1","1","1","0.34129998087882996","0.34129998087882996","0.34129998087882996","0.8723999857902527","0.8723999857902527","0.8723999857902527","1","1","1","1","1","1","0.04479999840259552","0.04479999840259552","0.04479999840259552","1","1","1"
"3532","1","1","1","1","1","1","0.04739999771118164","0.04739999771118164","0.04739999771118164","1","1","1","1","1","1","1","1","1","0.042500000447034836","0.042500000447034836","0.042500000447034836","1","1","1","0.9999499917030334","0.9998999834060669","1","1","1","1","0.37754999101161957","0.368399977684021","0.38670000433921814","0.65829998254776","0.6577999591827393","0.6588000059127808","1","1","1","1","1","1","0.3274499922990799","0.31439998745918274","0.34049999713897705","0.8365499675273895","0.8305999636650085","0.8424999713897705","1","1","1","1","1","1","0.27549999952316284","0.27549999952316284","0.27549999952316284","0.8682000041007996","0.8682000041007996","0.8682000041007996","1","1","1","1","1","1","0.33009999990463257","0.33009999990463257","0.33009999990463257","0.871399998664856","0.871399998664856","0.871399998664856","1","1","1","1","1","1","0.044599998742341995","0.044599998742341995","0.044599998742341995","1","1","1"
"3543","1","1","1","1","1","1","0.04729999974370003","0.04729999974370003","0.04729999974370003","1","1","1","1","1","1","1","1","1","0.0421999990940094","0.0421999990940094","0.0421999990940094","1","1","1","0.9999499917030334","0.9998999834060669","1","1","1","1","0.37299999594688416","0.3628000020980835","0.3831999897956848","0.6554999947547913","0.6539999842643738","0.6570000052452087","1","1","1","1","1","1","0.3214000016450882","0.3093000054359436","0.3334999978542328","0.8346000015735626","0.8287000060081482","0.840499997138977","1","1","1","1","1","1","0.2768999934196472","0.2768999934196472","0.2768999934196472","0.8693000078201294","0.8693000078201294","0.8693000078201294","1","1","1","1","1","1","0.3334999978542328","0.3334999978542328","0.3334999978542328","0.871999979019165","0.871999979019165","0.871999979019165","1","1","1","1","1","1","0.04439999908208847","0.04439999908208847","0.04439999908208847","1","1","1"
"3554","1","1","1","1","1","1","0.04729999974370003","0.04729999974370003","0.04729999974370003","1","1","1","1","1","1","1","1","1","0.04259999841451645","0.04259999841451645","0.04259999841451645","1","1","1","0.9999499917030334","0.9998999834060669","1","1","1","1","0.37704998254776","0.3723999857902527","0.38169997930526733","0.6552499830722809","0.6545000076293945","0.6559999585151672","1","1","1","1","1","1","0.3280999958515167","0.3154999911785126","0.3407000005245209","0.8367999792098999","0.8291999697685242","0.8443999886512756","1","1","1","1","1","1","0.28540000319480896","0.28540000319480896","0.28540000319480896","0.8702999949455261","0.8702999949455261","0.8702999949455261","1","1","1","1","1","1","0.33149999380111694","0.33149999380111694","0.33149999380111694","0.8707000017166138","0.8707000017166138","0.8707000017166138","1","1","1","1","1","1","0.045099999755620956","0.045099999755620956","0.045099999755620956","1","1","1"
"3565","1","1","1","1","1","1","0.04690000042319298","0.04690000042319298","0.04690000042319298","1","1","1","1","1","1","1","1","1","0.04270000010728836","0.04270000010728836","0.04270000010728836","1","1","1","0.9999499917030334","0.9998999834060669","1","1","1","1","0.37949998676776886","0.37109997868537903","0.3878999948501587","0.6577000021934509","0.6574000120162964","0.6579999923706055","1","1","1","1","1","1","0.32809998095035553","0.31039997935295105","0.34579998254776","0.8358499705791473","0.8283999562263489","0.8432999849319458","1","1","1","1","1","1","0.29649999737739563","0.29649999737739563","0.29649999737739563","0.8711999654769897","0.8711999654769897","0.8711999654769897","1","1","1","1","1","1","0.32909998297691345","0.32909998297691345","0.32909998297691345","0.8700000047683716","0.8700000047683716","0.8700000047683716","1","1","1","1","1","1","0.044999998062849045","0.044999998062849045","0.044999998062849045","1","1","1"
"3576","1","1","1","1","1","1","0.04749999940395355","0.04749999940395355","0.04749999940395355","1","1","1","1","1","1","1","1","1","0.042399998754262924","0.042399998754262924","0.042399998754262924","1","1","1","0.9999499917030334","0.9998999834060669","1","1","1","1","0.3780499994754791","0.3718000054359436","0.38429999351501465","0.6556499898433685","0.6532999873161316","0.6579999923706055","1","1","1","1","1","1","0.3289499878883362","0.32589998841285706","0.3319999873638153","0.8366499841213226","0.8316999673843384","0.8416000008583069","1","1","1","1","1","1","0.28519999980926514","0.28519999980926514","0.28519999980926514","0.8696999549865723","0.8696999549865723","0.8696999549865723","1","1","1","1","1","1","0.33480000495910645","0.33480000495910645","0.33480000495910645","0.8712999820709229","0.8712999820709229","0.8712999820709229","1","1","1","1","1","1","0.044199999421834946","0.044199999421834946","0.044199999421834946","1","1","1"
"3587","1","1","1","1","1","1","0.04739999771118164","0.04739999771118164","0.04739999771118164","1","1","1","1","1","1","1","1","1","0.042399998754262924","0.042399998754262924","0.042399998754262924","1","1","1","0.9999499917030334","0.9998999834060669","1","1","1","1","0.37815000116825104","0.3709000051021576","0.3853999972343445","0.6563999652862549","0.655299961566925","0.6574999690055847","1","1","1","1","1","1","0.3260499835014343","0.32259997725486755","0.3294999897480011","0.8354499638080597","0.8305999636650085","0.8402999639511108","1","1","1","1","1","1","0.27889999747276306","0.27889999747276306","0.27889999747276306","0.8685999512672424","0.8685999512672424","0.8685999512672424","1","1","1","1","1","1","0.33660000562667847","0.33660000562667847","0.33660000562667847","0.8710999488830566","0.8710999488830566","0.8710999488830566","1","1","1","1","1","1","0.04479999840259552","0.04479999840259552","0.04479999840259552","1","1","1"
"3598","1","1","1","1","1","1","0.04749999940395355","0.04749999940395355","0.04749999940395355","1","1","1","1","1","1","1","1","1","0.04270000010728836","0.04270000010728836","0.04270000010728836","1","1","1","0.9999499917030334","0.9998999834060669","1","1","1","1","0.37279999256134033","0.36399999260902405","0.3815999925136566","0.6538499891757965","0.6535999774932861","0.6541000008583069","1","1","1","1","1","1","0.3276999890804291","0.3246999979019165","0.33069998025894165","0.8367999792098999","0.8328999876976013","0.8406999707221985","1","1","1","1","1","1","0.27879998087882996","0.27879998087882996","0.27879998087882996","0.8684999942779541","0.8684999942779541","0.8684999942779541","1","1","1","1","1","1","0.33809998631477356","0.33809998631477356","0.33809998631477356","0.8730999827384949","0.8730999827384949","0.8730999827384949","1","1","1","1","1","1","0.044599998742341995","0.044599998742341995","0.044599998742341995","1","1","1"
"3609","1","1","1","1","1","1","0.04699999839067459","0.04699999839067459","0.04699999839067459","1","1","1","1","1","1","1","1","1","0.042399998754262924","0.042399998754262924","0.042399998754262924","1","1","1","0.9999499917030334","0.9998999834060669","1","1","1","1","0.3791999965906143","0.36980000138282776","0.3885999917984009","0.6574499607086182","0.6566999554634094","0.6581999659538269","1","1","1","1","1","1","0.32759998738765717","0.32589998841285706","0.3292999863624573","0.8366499841213226","0.833899974822998","0.8393999934196472","1","1","1","1","1","1","0.27539998292922974","0.27539998292922974","0.27539998292922974","0.8682000041007996","0.8682000041007996","0.8682000041007996","1","1","1","1","1","1","0.33139997720718384","0.33139997720718384","0.33139997720718384","0.8721999526023865","0.8721999526023865","0.8721999526023865","1","1","1","1","1","1","0.044499997049570084","0.044499997049570084","0.044499997049570084","1","1","1"
"3620","1","1","1","1","1","1","0.0478999987244606","0.0478999987244606","0.0478999987244606","1","1","1","1","1","1","1","1","1","0.0421999990940094","0.0421999990940094","0.0421999990940094","1","1","1","0.9999499917030334","0.9998999834060669","1","1","1","1","0.3805999904870987","0.3766999840736389","0.38449999690055847","0.6572499871253967","0.6560999751091003","0.6583999991416931","1","1","1","1","1","1","0.330949991941452","0.32339999079704285","0.3384999930858612","0.8374999761581421","0.8355000019073486","0.8394999504089355","1","1","1","1","1","1","0.2735999822616577","0.2735999822616577","0.2735999822616577","0.8677999973297119","0.8677999973297119","0.8677999973297119","1","1","1","1","1","1","0.33379998803138733","0.33379998803138733","0.33379998803138733","0.871999979019165","0.871999979019165","0.871999979019165","1","1","1","1","1","1","0.04439999908208847","0.04439999908208847","0.04439999908208847","1","1","1"
"3631","1","1","1","1","1","1","0.04739999771118164","0.04739999771118164","0.04739999771118164","1","1","1","1","1","1","1","1","1","0.0421999990940094","0.0421999990940094","0.0421999990940094","1","1","1","0.9999499917030334","0.9998999834060669","1","1","1","1","0.3809499889612198","0.37709999084472656","0.384799987077713","0.6584999859333038","0.6574000120162964","0.6595999598503113","1","1","1","1","1","1","0.3229999989271164","0.31929999589920044","0.32670000195503235","0.8351500034332275","0.8305000066757202","0.8398000001907349","1","1","1","1","1","1","0.27320000529289246","0.27320000529289246","0.27320000529289246","0.8677999973297119","0.8677999973297119","0.8677999973297119","1","1","1","1","1","1","0.33409997820854187","0.33409997820854187","0.33409997820854187","0.8720999956130981","0.8720999956130981","0.8720999956130981","1","1","1","1","1","1","0.04479999840259552","0.04479999840259552","0.04479999840259552","1","1","1"
"3642","1","1","1","1","1","1","0.047599997371435165","0.047599997371435165","0.047599997371435165","1","1","1","1","1","1","1","1","1","0.042500000447034836","0.042500000447034836","0.042500000447034836","1","1","1","0.9999499917030334","0.9998999834060669","1","1","1","1","0.3789999932050705","0.37439998984336853","0.38359999656677246","0.655599981546402","0.6516000032424927","0.6595999598503113","1","1","1","1","1","1","0.3293999880552292","0.3243999779224396","0.3343999981880188","0.8360499739646912","0.8335999846458435","0.8384999632835388","1","1","1","1","1","1","0.27559998631477356","0.27559998631477356","0.27559998631477356","0.8687999844551086","0.8687999844551086","0.8687999844551086","1","1","1","1","1","1","0.3346000015735626","0.3346000015735626","0.3346000015735626","0.8712999820709229","0.8712999820709229","0.8712999820709229","1","1","1","1","1","1","0.044099997729063034","0.044099997729063034","0.044099997729063034","1","1","1"
"3653","1","1","1","1","1","1","0.04699999839067459","0.04699999839067459","0.04699999839067459","1","1","1","1","1","1","1","1","1","0.04230000078678131","0.04230000078678131","0.04230000078678131","1","1","1","0.9999499917030334","0.9998999834060669","1","1","1","1","0.37289999425411224","0.3650999963283539","0.3806999921798706","0.652599960565567","0.6509999632835388","0.6541999578475952","1","1","1","1","1","1","0.33159998059272766","0.3308999836444855","0.33229997754096985","0.8365999758243561","0.8337999582290649","0.8393999934196472","1","1","1","1","1","1","0.2777000069618225","0.2777000069618225","0.2777000069618225","0.8687999844551086","0.8687999844551086","0.8687999844551086","1","1","1","1","1","1","0.3366999924182892","0.3366999924182892","0.3366999924182892","0.8725000023841858","0.8725000023841858","0.8725000023841858","1","1","1","1","1","1","0.04399999976158142","0.04399999976158142","0.04399999976158142","1","1","1"
"3664","1","1","1","1","1","1","0.047599997371435165","0.047599997371435165","0.047599997371435165","1","1","1","1","1","1","1","1","1","0.042399998754262924","0.042399998754262924","0.042399998754262924","1","1","1","0.9999499917030334","0.9998999834060669","1","1","1","1","0.3720499873161316","0.366599977016449","0.3774999976158142","0.6517999768257141","0.651699960231781","0.6518999934196472","1","1","1","1","1","1","0.3357999920845032","0.33570000529289246","0.3358999788761139","0.8383499979972839","0.8348000049591064","0.8418999910354614","1","1","1","1","1","1","0.2766000032424927","0.2766000032424927","0.2766000032424927","0.8671999573707581","0.8671999573707581","0.8671999573707581","1","1","1","1","1","1","0.32349997758865356","0.32349997758865356","0.32349997758865356","0.8694999814033508","0.8694999814033508","0.8694999814033508","1","1","1","1","1","1","0.044199999421834946","0.044199999421834946","0.044199999421834946","1","1","1"
"3675","1","1","1","1","1","1","0.04779999703168869","0.04779999703168869","0.04779999703168869","1","1","1","1","1","1","1","1","1","0.04259999841451645","0.04259999841451645","0.04259999841451645","1","1","1","0.9999499917030334","0.9998999834060669","1","1","1","1","0.3782999962568283","0.3709999918937683","0.3856000006198883","0.6557999849319458","0.6536999940872192","0.6578999757766724","1","1","1","1","1","1","0.33709999918937683","0.335099995136261","0.3391000032424927","0.8393499851226807","0.8370999693870544","0.8416000008583069","1","1","1","1","1","1","0.2736999988555908","0.2736999988555908","0.2736999988555908","0.8664999604225159","0.8664999604225159","0.8664999604225159","1","1","1","1","1","1","0.3270999789237976","0.3270999789237976","0.3270999789237976","0.8695999979972839","0.8695999979972839","0.8695999979972839","1","1","1","1","1","1","0.044599998742341995","0.044599998742341995","0.044599998742341995","1","1","1"
"3686","1","1","1","1","1","1","0.047599997371435165","0.047599997371435165","0.047599997371435165","1","1","1","1","1","1","1","1","1","0.04209999740123749","0.04209999740123749","0.04209999740123749","1","1","1","0.9999499917030334","0.9998999834060669","1","1","1","1","0.3789999932050705","0.37849998474121094","0.37950000166893005","0.6565999686717987","0.6513999700546265","0.661799967288971","1","1","1","1","1","1","0.3389499932527542","0.33660000562667847","0.34129998087882996","0.838949978351593","0.8352999687194824","0.8425999879837036","1","1","1","1","1","1","0.27869999408721924","0.27869999408721924","0.27869999408721924","0.8678999543190002","0.8678999543190002","0.8678999543190002","1","1","1","1","1","1","0.32889997959136963","0.32889997959136963","0.32889997959136963","0.8704999685287476","0.8704999685287476","0.8704999685287476","1","1","1","1","1","1","0.04479999840259552","0.04479999840259552","0.04479999840259552","1","1","1"
"3697","1","1","1","1","1","1","0.0471000000834465","0.0471000000834465","0.0471000000834465","1","1","1","1","1","1","1","1","1","0.04230000078678131","0.04230000078678131","0.04230000078678131","1","1","1","0.9999499917030334","0.9998999834060669","1","1","1","1","0.3744499981403351","0.373199999332428","0.3756999969482422","0.6522499620914459","0.6477999687194824","0.6566999554634094","1","1","1","1","1","1","0.3297499865293503","0.32589998841285706","0.3335999846458435","0.8373999893665314","0.8343999981880188","0.840399980545044","1","1","1","1","1","1","0.28029999136924744","0.28029999136924744","0.28029999136924744","0.8677999973297119","0.8677999973297119","0.8677999973297119","1","1","1","1","1","1","0.3357999920845032","0.3357999920845032","0.3357999920845032","0.8716999888420105","0.8716999888420105","0.8716999888420105","1","1","1","1","1","1","0.04490000009536743","0.04490000009536743","0.04490000009536743","1","1","1"
"3708","1","1","1","1","1","1","0.04769999906420708","0.04769999906420708","0.04769999906420708","1","1","1","1","1","1","1","1","1","0.0421999990940094","0.0421999990940094","0.0421999990940094","1","1","1","0.9998999834060669","0.9997999668121338","1","1","1","1","0.3793499916791916","0.37779998779296875","0.38089999556541443","0.6533999741077423","0.6525999903678894","0.6541999578475952","1","1","1","1","1","1","0.33309999108314514","0.33249998092651367","0.3337000012397766","0.8387499749660492","0.8369999527931213","0.840499997138977","1","1","1","1","1","1","0.27320000529289246","0.27320000529289246","0.27320000529289246","0.8669999837875366","0.8669999837875366","0.8669999837875366","1","1","1","1","1","1","0.3312000036239624","0.3312000036239624","0.3312000036239624","0.8709999918937683","0.8709999918937683","0.8709999918937683","1","1","1","1","1","1","0.044599998742341995","0.044599998742341995","0.044599998742341995","1","1","1"
"3719","1","1","1","1","1","1","0.047599997371435165","0.047599997371435165","0.047599997371435165","1","1","1","1","1","1","1","1","1","0.04179999977350235","0.04179999977350235","0.04179999977350235","1","1","1","0.9999499917030334","0.9998999834060669","1","1","1","1","0.3780499994754791","0.3743000030517578","0.38179999589920044","0.6533999741077423","0.6495999693870544","0.6571999788284302","1","1","1","1","1","1","0.3387499898672104","0.33709999918937683","0.34039998054504395","0.8389999866485596","0.8366000056266785","0.8413999676704407","1","1","1","1","1","1","0.2604999840259552","0.2604999840259552","0.2604999840259552","0.865399956703186","0.865399956703186","0.865399956703186","1","1","1","1","1","1","0.33379998803138733","0.33379998803138733","0.33379998803138733","0.8722999691963196","0.8722999691963196","0.8722999691963196","1","1","1","1","1","1","0.044599998742341995","0.044599998742341995","0.044599998742341995","1","1","1"
"3730","1","1","1","1","1","1","0.04769999906420708","0.04769999906420708","0.04769999906420708","1","1","1","1","1","1","1","1","1","0.04230000078678131","0.04230000078678131","0.04230000078678131","1","1","1","0.9999499917030334","0.9998999834060669","1","1","1","1","0.38029998540878296","0.37959998846054077","0.38099998235702515","0.6537499725818634","0.6520999670028687","0.6553999781608582","1","1","1","1","1","1","0.3313499987125397","0.3303000032901764","0.33239999413490295","0.8378499746322632","0.8357999920845032","0.8398999571800232","1","1","1","1","1","1","0.2654999792575836","0.2654999792575836","0.2654999792575836","0.8657999634742737","0.8657999634742737","0.8657999634742737","1","1","1","1","1","1","0.334199994802475","0.334199994802475","0.334199994802475","0.8729999661445618","0.8729999661445618","0.8729999661445618","1","1","1","1","1","1","0.043800000101327896","0.043800000101327896","0.043800000101327896","1","1","1"
"3741","1","1","1","1","1","1","0.04820000007748604","0.04820000007748604","0.04820000007748604","1","1","1","1","1","1","1","1","1","0.04230000078678131","0.04230000078678131","0.04230000078678131","1","1","1","0.9999499917030334","0.9998999834060669","1","1","1","1","0.37484999001026154","0.369299978017807","0.38040000200271606","0.6508999764919281","0.6455999612808228","0.6561999917030334","1","1","1","1","1","1","0.3328999876976013","0.33159998059272766","0.334199994802475","0.8384499847888947","0.8366000056266785","0.8402999639511108","1","1","1","1","1","1","0.27239999175071716","0.27239999175071716","0.27239999175071716","0.866599977016449","0.866599977016449","0.866599977016449","1","1","1","1","1","1","0.32989999651908875","0.32989999651908875","0.32989999651908875","0.8720999956130981","0.8720999956130981","0.8720999956130981","1","1","1","1","1","1","0.04439999908208847","0.04439999908208847","0.04439999908208847","1","1","1"
"3752","1","1","1","1","1","1","0.047599997371435165","0.047599997371435165","0.047599997371435165","1","1","1","1","1","1","1","1","1","0.042399998754262924","0.042399998754262924","0.042399998754262924","1","1","1","0.9999499917030334","0.9998999834060669","1","1","1","1","0.37904998660087585","0.37619999051094055","0.38189998269081116","0.65379998087883","0.6500999927520752","0.6574999690055847","1","1","1","1","1","1","0.335999995470047","0.33059999346733093","0.34139999747276306","0.8384499847888947","0.8345999717712402","0.8422999978065491","1","1","1","1","1","1","0.27320000529289246","0.27320000529289246","0.27320000529289246","0.8667999505996704","0.8667999505996704","0.8667999505996704","1","1","1","1","1","1","0.3425999879837036","0.3425999879837036","0.3425999879837036","0.8736000061035156","0.8736000061035156","0.8736000061035156","1","1","1","1","1","1","0.044499997049570084","0.044499997049570084","0.044499997049570084","1","1","1"
"3763","1","1","1","1","1","1","0.047599997371435165","0.047599997371435165","0.047599997371435165","1","1","1","1","1","1","1","1","1","0.04209999740123749","0.04209999740123749","0.04209999740123749","1","1","1","0.9999499917030334","0.9998999834060669","1","1","1","1","0.37519998848438263","0.3698999881744385","0.3804999887943268","0.6525999903678894","0.6455000042915344","0.6596999764442444","1","1","1","1","1","1","0.3319999873638153","0.3269999921321869","0.3369999825954437","0.8385999798774719","0.8359000086784363","0.8412999510765076","1","1","1","1","1","1","0.2775999903678894","0.2775999903678894","0.2775999903678894","0.8684999942779541","0.8684999942779541","0.8684999942779541","1","1","1","1","1","1","0.3308999836444855","0.3308999836444855","0.3308999836444855","0.8709999918937683","0.8709999918937683","0.8709999918937683","1","1","1","1","1","1","0.04479999840259552","0.04479999840259552","0.04479999840259552","1","1","1"
"3774","1","1","1","1","1","1","0.04769999906420708","0.04769999906420708","0.04769999906420708","1","1","1","1","1","1","1","1","1","0.04259999841451645","0.04259999841451645","0.04259999841451645","1","1","1","0.9999499917030334","0.9998999834060669","1","1","1","1","0.38054998219013214","0.38029998540878296","0.3807999789714813","0.653549998998642","0.6514999866485596","0.6556000113487244","1","1","1","1","1","1","0.33344998955726624","0.33219999074935913","0.33469998836517334","0.8380999863147736","0.8357999920845032","0.840399980545044","1","1","1","1","1","1","0.28189998865127563","0.28189998865127563","0.28189998865127563","0.8689999580383301","0.8689999580383301","0.8689999580383301","1","1","1","1","1","1","0.32089999318122864","0.32089999318122864","0.32089999318122864","0.8693000078201294","0.8693000078201294","0.8693000078201294","1","1","1","1","1","1","0.04470000043511391","0.04470000043511391","0.04470000043511391","1","1","1"
"3785","1","1","1","1","1","1","0.04739999771118164","0.04739999771118164","0.04739999771118164","1","1","1","1","1","1","1","1","1","0.042399998754262924","0.042399998754262924","0.042399998754262924","1","1","1","0.9999499917030334","0.9998999834060669","1","1","1","1","0.3817499876022339","0.37849998474121094","0.38499999046325684","0.6553999781608582","0.6502999663352966","0.6604999899864197","1","1","1","1","1","1","0.3346000015735626","0.3319000005722046","0.33730000257492065","0.8382999897003174","0.8366000056266785","0.8399999737739563","1","1","1","1","1","1","0.28049999475479126","0.28049999475479126","0.28049999475479126","0.8689999580383301","0.8689999580383301","0.8689999580383301","1","1","1","1","1","1","0.3312000036239624","0.3312000036239624","0.3312000036239624","0.8710999488830566","0.8710999488830566","0.8710999488830566","1","1","1","1","1","1","0.04399999976158142","0.04399999976158142","0.04399999976158142","1","1","1"
"3796","1","1","1","1","1","1","0.047599997371435165","0.047599997371435165","0.047599997371435165","1","1","1","1","1","1","1","1","1","0.04230000078678131","0.04230000078678131","0.04230000078678131","1","1","1","0.9999499917030334","0.9998999834060669","1","1","1","1","0.3742999881505966","0.370199978351593","0.3783999979496002","0.6499499976634979","0.6453999876976013","0.6545000076293945","1","1","1","1","1","1","0.33454999327659607","0.33379998803138733","0.3352999985218048","0.8390499651432037","0.8370999693870544","0.840999960899353","1","1","1","1","1","1","0.28049999475479126","0.28049999475479126","0.28049999475479126","0.8684999942779541","0.8684999942779541","0.8684999942779541","1","1","1","1","1","1","0.3328000009059906","0.3328000009059906","0.3328000009059906","0.8715999722480774","0.8715999722480774","0.8715999722480774","1","1","1","1","1","1","0.04439999908208847","0.04439999908208847","0.04439999908208847","1","1","1"
"3807","1","1","1","1","1","1","0.04800000041723251","0.04800000041723251","0.04800000041723251","1","1","1","1","1","1","1","1","1","0.04209999740123749","0.04209999740123749","0.04209999740123749","1","1","1","0.9999499917030334","0.9998999834060669","1","1","1","1","0.3828999847173691","0.3741999864578247","0.39159998297691345","0.6535999774932861","0.6455999612808228","0.6615999937057495","1","1","1","1","1","1","0.33914998173713684","0.33249998092651367","0.34579998254776","0.8390999734401703","0.8363999724388123","0.8417999744415283","1","1","1","1","1","1","0.28519999980926514","0.28519999980926514","0.28519999980926514","0.8686999678611755","0.8686999678611755","0.8686999678611755","1","1","1","1","1","1","0.334199994802475","0.334199994802475","0.334199994802475","0.8707000017166138","0.8707000017166138","0.8707000017166138","1","1","1","1","1","1","0.04470000043511391","0.04470000043511391","0.04470000043511391","1","1","1"
"3818","1","1","1","1","1","1","0.047599997371435165","0.047599997371435165","0.047599997371435165","1","1","1","1","1","1","1","1","1","0.041999999433755875","0.041999999433755875","0.041999999433755875","1","1","1","0.9999499917030334","0.9998999834060669","1","1","1","1","0.3794499933719635","0.36969998478889465","0.38920000195503235","0.6534000039100647","0.6444000005722046","0.6624000072479248","1","1","1","1","1","1","0.33935000002384186","0.335099995136261","0.34360000491142273","0.8399499952793121","0.8364999890327454","0.8434000015258789","1","1","1","1","1","1","0.28540000319480896","0.28540000319480896","0.28540000319480896","0.8693999648094177","0.8693999648094177","0.8693999648094177","1","1","1","1","1","1","0.3238999843597412","0.3238999843597412","0.3238999843597412","0.8686999678611755","0.8686999678611755","0.8686999678611755","1","1","1","1","1","1","0.044099997729063034","0.044099997729063034","0.044099997729063034","1","1","1"
"3829","1","1","1","1","1","1","0.0471000000834465","0.0471000000834465","0.0471000000834465","1","1","1","1","1","1","1","1","1","0.042399998754262924","0.042399998754262924","0.042399998754262924","1","1","1","0.9999499917030334","0.9998999834060669","1","1","1","1","0.3861999809741974","0.37359997630119324","0.39879998564720154","0.6565999686717987","0.648099958896637","0.6650999784469604","1","1","1","1","1","1","0.34344999492168427","0.3431999981403351","0.34369999170303345","0.8399499952793121","0.8371999859809875","0.8427000045776367","1","1","1","1","1","1","0.2849999964237213","0.2849999964237213","0.2849999964237213","0.8695999979972839","0.8695999979972839","0.8695999979972839","1","1","1","1","1","1","0.32739999890327454","0.32739999890327454","0.32739999890327454","0.8698999881744385","0.8698999881744385","0.8698999881744385","1","1","1","1","1","1","0.04399999976158142","0.04399999976158142","0.04399999976158142","1","1","1"
"3840","1","1","1","1","1","1","0.04749999940395355","0.04749999940395355","0.04749999940395355","1","1","1","1","1","1","1","1","1","0.04209999740123749","0.04209999740123749","0.04209999740123749","1","1","1","0.9999499917030334","0.9998999834060669","1","1","1","1","0.3821999877691269","0.3757999837398529","0.3885999917984009","0.6550499796867371","0.6507999897003174","0.6592999696731567","1","1","1","1","1","1","0.34484998881816864","0.33799999952316284","0.35169997811317444","0.8399499654769897","0.8367999792098999","0.8430999517440796","1","1","1","1","1","1","0.28139999508857727","0.28139999508857727","0.28139999508857727","0.8698999881744385","0.8698999881744385","0.8698999881744385","1","1","1","1","1","1","0.3253999948501587","0.3253999948501587","0.3253999948501587","0.8690999746322632","0.8690999746322632","0.8690999746322632","1","1","1","1","1","1","0.044199999421834946","0.044199999421834946","0.044199999421834946","1","1","1"
"3851","1","1","1","1","1","1","0.04690000042319298","0.04690000042319298","0.04690000042319298","1","1","1","1","1","1","1","1","1","0.042500000447034836","0.042500000447034836","0.042500000447034836","1","1","1","0.9999499917030334","0.9998999834060669","1","1","1","1","0.3764500021934509","0.37610000371932983","0.376800000667572","0.6550499796867371","0.652899980545044","0.6571999788284302","1","1","1","1","1","1","0.330949991941452","0.32429999113082886","0.3375999927520752","0.8368499577045441","0.8337999582290649","0.8398999571800232","1","1","1","1","1","1","0.2830999791622162","0.2830999791622162","0.2830999791622162","0.8697999715805054","0.8697999715805054","0.8697999715805054","1","1","1","1","1","1","0.3139999806880951","0.3139999806880951","0.3139999806880951","0.8684999942779541","0.8684999942779541","0.8684999942779541","1","1","1","1","1","1","0.044599998742341995","0.044599998742341995","0.044599998742341995","1","1","1"
"3862","1","1","1","1","1","1","0.04739999771118164","0.04739999771118164","0.04739999771118164","1","1","1","1","1","1","1","1","1","0.042500000447034836","0.042500000447034836","0.042500000447034836","1","1","1","0.9999499917030334","0.9998999834060669","1","1","1","1","0.3760000020265579","0.36730000376701355","0.3847000002861023","0.6545999944210052","0.6478999853134155","0.661300003528595","1","1","1","1","1","1","0.34014999866485596","0.3325999975204468","0.34769999980926514","0.8387999832630157","0.8341000080108643","0.8434999585151672","1","1","1","1","1","1","0.2791000008583069","0.2791000008583069","0.2791000008583069","0.870199978351593","0.870199978351593","0.870199978351593","1","1","1","1","1","1","0.32189998030662537","0.32189998030662537","0.32189998030662537","0.8693000078201294","0.8693000078201294","0.8693000078201294","1","1","1","1","1","1","0.04429999738931656","0.04429999738931656","0.04429999738931656","1","1","1"
"3873","1","1","1","1","1","1","0.04739999771118164","0.04739999771118164","0.04739999771118164","1","1","1","1","1","1","1","1","1","0.04209999740123749","0.04209999740123749","0.04209999740123749","1","1","1","0.9999499917030334","0.9998999834060669","1","1","1","1","0.37434999644756317","0.3684999942779541","0.38019999861717224","0.6544499695301056","0.6473999619483948","0.6614999771118164","1","1","1","1","1","1","0.3419499844312668","0.3279999792575836","0.35589998960494995","0.8384999632835388","0.8333999514579773","0.8435999751091003","1","1","1","1","1","1","0.2888000011444092","0.2888000011444092","0.2888000011444092","0.8723999857902527","0.8723999857902527","0.8723999857902527","1","1","1","1","1","1","0.3263999819755554","0.3263999819755554","0.3263999819755554","0.8698999881744385","0.8698999881744385","0.8698999881744385","1","1","1","1","1","1","0.044599998742341995","0.044599998742341995","0.044599998742341995","1","1","1"
"3884","1","1","1","1","1","1","0.0471000000834465","0.0471000000834465","0.0471000000834465","1","1","1","1","1","1","1","1","1","0.0421999990940094","0.0421999990940094","0.0421999990940094","1","1","1","0.9999499917030334","0.9998999834060669","1","1","1","1","0.3778499960899353","0.362199991941452","0.3935000002384186","0.6543999910354614","0.6435999870300293","0.6651999950408936","1","1","1","1","1","1","0.34084999561309814","0.32989999651908875","0.35179999470710754","0.8380999565124512","0.8330999612808228","0.8430999517440796","1","1","1","1","1","1","0.2807999849319458","0.2807999849319458","0.2807999849319458","0.8696999549865723","0.8696999549865723","0.8696999549865723","1","1","1","1","1","1","0.33390000462532043","0.33390000462532043","0.33390000462532043","0.8710999488830566","0.8710999488830566","0.8710999488830566","1","1","1","1","1","1","0.04470000043511391","0.04470000043511391","0.04470000043511391","1","1","1"
"3895","1","1","1","1","1","1","0.04739999771118164","0.04739999771118164","0.04739999771118164","1","1","1","1","1","1","1","1","1","0.042399998754262924","0.042399998754262924","0.042399998754262924","1","1","1","0.9999499917030334","0.9998999834060669","1","1","1","1","0.3801499903202057","0.3747999966144562","0.3854999840259552","0.6545999646186829","0.6491999626159668","0.6599999666213989","1","1","1","1","1","1","0.33399999141693115","0.323199987411499","0.3447999954223633","0.8366999924182892","0.8324999809265137","0.8409000039100647","1","1","1","1","1","1","0.2857999801635742","0.2857999801635742","0.2857999801635742","0.8711999654769897","0.8711999654769897","0.8711999654769897","1","1","1","1","1","1","0.32850000262260437","0.32850000262260437","0.32850000262260437","0.8700999617576599","0.8700999617576599","0.8700999617576599","1","1","1","1","1","1","0.044499997049570084","0.044499997049570084","0.044499997049570084","1","1","1"
"3906","1","1","1","1","1","1","0.04739999771118164","0.04739999771118164","0.04739999771118164","1","1","1","1","1","1","1","1","1","0.0421999990940094","0.0421999990940094","0.0421999990940094","1","1","1","0.9999499917030334","0.9998999834060669","1","1","1","1","0.37960000336170197","0.3725000023841858","0.38670000433921814","0.6561499834060669","0.6513000130653381","0.6609999537467957","1","1","1","1","1","1","0.3424999862909317","0.3326999843120575","0.3522999882698059","0.8387499749660492","0.833899974822998","0.8435999751091003","1","1","1","1","1","1","0.2886999845504761","0.2886999845504761","0.2886999845504761","0.8718999624252319","0.8718999624252319","0.8718999624252319","1","1","1","1","1","1","0.3303999900817871","0.3303999900817871","0.3303999900817871","0.8710999488830566","0.8710999488830566","0.8710999488830566","1","1","1","1","1","1","0.044099997729063034","0.044099997729063034","0.044099997729063034","1","1","1"
"3917","1","1","1","1","1","1","0.04749999940395355","0.04749999940395355","0.04749999940395355","1","1","1","1","1","1","1","1","1","0.04209999740123749","0.04209999740123749","0.04209999740123749","1","1","1","0.9999499917030334","0.9998999834060669","1","1","1","1","0.3721499890089035","0.3644999861717224","0.3797999918460846","0.6527499854564667","0.6466999650001526","0.6588000059127808","1","1","1","1","1","1","0.3390499949455261","0.3285999894142151","0.34950000047683716","0.8383999764919281","0.833899974822998","0.8428999781608582","1","1","1","1","1","1","0.2904999852180481","0.2904999852180481","0.2904999852180481","0.8722999691963196","0.8722999691963196","0.8722999691963196","1","1","1","1","1","1","0.32909998297691345","0.32909998297691345","0.32909998297691345","0.8704999685287476","0.8704999685287476","0.8704999685287476","1","1","1","1","1","1","0.04429999738931656","0.04429999738931656","0.04429999738931656","1","1","1"
"3928","1","1","1","1","1","1","0.04769999906420708","0.04769999906420708","0.04769999906420708","1","1","1","1","1","1","1","1","1","0.042500000447034836","0.042500000447034836","0.042500000447034836","1","1","1","0.9999499917030334","0.9998999834060669","1","1","1","1","0.37414997816085815","0.3649999797344208","0.38329997658729553","0.6516999900341034","0.6444000005722046","0.6589999794960022","1","1","1","1","1","1","0.3374999910593033","0.32589998841285706","0.3490999937057495","0.8370499908924103","0.8325999975204468","0.8414999842643738","1","1","1","1","1","1","0.29089999198913574","0.29089999198913574","0.29089999198913574","0.8718999624252319","0.8718999624252319","0.8718999624252319","1","1","1","1","1","1","0.33390000462532043","0.33390000462532043","0.33390000462532043","0.8722999691963196","0.8722999691963196","0.8722999691963196","1","1","1","1","1","1","0.04479999840259552","0.04479999840259552","0.04479999840259552","1","1","1"
"3939","1","1","1","1","1","1","0.04749999940395355","0.04749999940395355","0.04749999940395355","1","1","1","1","1","1","1","1","1","0.04230000078678131","0.04230000078678131","0.04230000078678131","1","1","1","1","1","1","1","1","1","0.37724998593330383","0.3595999777317047","0.39489999413490295","0.6527499854564667","0.6406999826431274","0.6647999882698059","1","1","1","1","1","1","0.3398499935865402","0.3264999985694885","0.3531999886035919","0.8376999795436859","0.832099974155426","0.8432999849319458","1","1","1","1","1","1","0.26980000734329224","0.26980000734329224","0.26980000734329224","0.8673999905586243","0.8673999905586243","0.8673999905586243","1","1","1","1","1","1","0.3349999785423279","0.3349999785423279","0.3349999785423279","0.8723999857902527","0.8723999857902527","0.8723999857902527","1","1","1","1","1","1","0.04470000043511391","0.04470000043511391","0.04470000043511391","1","1","1"
"3950","1","1","1","1","1","1","0.04749999940395355","0.04749999940395355","0.04749999940395355","1","1","1","1","1","1","1","1","1","0.04259999841451645","0.04259999841451645","0.04259999841451645","1","1","1","1","1","1","1","1","1","0.3811499923467636","0.3716999888420105","0.3905999958515167","0.6578999757766724","0.6478999853134155","0.6678999662399292","1","1","1","1","1","1","0.3430499881505966","0.3319999873638153","0.35409998893737793","0.8382499814033508","0.8341000080108643","0.8423999547958374","1","1","1","1","1","1","0.2906999886035919","0.2906999886035919","0.2906999886035919","0.871399998664856","0.871399998664856","0.871399998664856","1","1","1","1","1","1","0.3294000029563904","0.3294000029563904","0.3294000029563904","0.8705999851226807","0.8705999851226807","0.8705999851226807","1","1","1","1","1","1","0.044199999421834946","0.044199999421834946","0.044199999421834946","1","1","1"
"3961","1","1","1","1","1","1","0.04769999906420708","0.04769999906420708","0.04769999906420708","1","1","1","1","1","1","1","1","1","0.04209999740123749","0.04209999740123749","0.04209999740123749","1","1","1","1","1","1","1","1","1","0.3782999813556671","0.3653999865055084","0.3911999762058258","0.6565999984741211","0.6468999981880188","0.6662999987602234","1","1","1","1","1","1","0.3343999981880188","0.3278000056743622","0.3409999907016754","0.8364999890327454","0.8327999711036682","0.8402000069618225","1","1","1","1","1","1","0.2872999906539917","0.2872999906539917","0.2872999906539917","0.8689000010490417","0.8689000010490417","0.8689000010490417","1","1","1","1","1","1","0.3308999836444855","0.3308999836444855","0.3308999836444855","0.8711999654769897","0.8711999654769897","0.8711999654769897","1","1","1","1","1","1","0.044599998742341995","0.044599998742341995","0.044599998742341995","1","1","1"
"3972","1","1","1","1","1","1","0.04769999906420708","0.04769999906420708","0.04769999906420708","1","1","1","1","1","1","1","1","1","0.04230000078678131","0.04230000078678131","0.04230000078678131","1","1","1","0.9999499917030334","0.9998999834060669","1","1","1","1","0.37904998660087585","0.37129998207092285","0.38679999113082886","0.6576999723911285","0.6502999663352966","0.6650999784469604","1","1","1","1","1","1","0.337799996137619","0.3303000032901764","0.34529998898506165","0.8368499875068665","0.8331999778747559","0.840499997138977","1","1","1","1","1","1","0.28529998660087585","0.28529998660087585","0.28529998660087585","0.8693999648094177","0.8693999648094177","0.8693999648094177","1","1","1","1","1","1","0.3245999813079834","0.3245999813079834","0.3245999813079834","0.8711999654769897","0.8711999654769897","0.8711999654769897","1","1","1","1","1","1","0.04439999908208847","0.04439999908208847","0.04439999908208847","1","1","1"
"3983","1","1","1","1","1","1","0.04769999906420708","0.04769999906420708","0.04769999906420708","1","1","1","1","1","1","1","1","1","0.042500000447034836","0.042500000447034836","0.042500000447034836","1","1","1","0.9999499917030334","0.9998999834060669","1","1","1","1","0.3827499896287918","0.3773999810218811","0.3880999982357025","0.6587999761104584","0.652899980545044","0.6646999716758728","1","1","1","1","1","1","0.33664998412132263","0.33559998869895935","0.3376999795436859","0.8365999758243561","0.8348999619483948","0.8382999897003174","1","1","1","1","1","1","0.29440000653266907","0.29440000653266907","0.29440000653266907","0.871999979019165","0.871999979019165","0.871999979019165","1","1","1","1","1","1","0.32569998502731323","0.32569998502731323","0.32569998502731323","0.8700999617576599","0.8700999617576599","0.8700999617576599","1","1","1","1","1","1","0.04429999738931656","0.04429999738931656","0.04429999738931656","1","1","1"
"3994","1","1","1","1","1","1","0.04749999940395355","0.04749999940395355","0.04749999940395355","1","1","1","1","1","1","1","1","1","0.04189999774098396","0.04189999774098396","0.04189999774098396","1","1","1","0.9999499917030334","0.9998999834060669","1","1","1","1","0.3787999898195267","0.3691999912261963","0.38839998841285706","0.6578499972820282","0.6525999903678894","0.663100004196167","1","1","1","1","1","1","0.3358500003814697","0.32919999957084656","0.3425000011920929","0.8370999693870544","0.8331999778747559","0.840999960899353","1","1","1","1","1","1","0.29179999232292175","0.29179999232292175","0.29179999232292175","0.8712999820709229","0.8712999820709229","0.8712999820709229","1","1","1","1","1","1","0.32269999384880066","0.32269999384880066","0.32269999384880066","0.8694999814033508","0.8694999814033508","0.8694999814033508","1","1","1","1","1","1","0.044099997729063034","0.044099997729063034","0.044099997729063034","1","1","1"
"4005","1","1","1","1","1","1","0.04779999703168869","0.04779999703168869","0.04779999703168869","1","1","1","1","1","1","1","1","1","0.042399998754262924","0.042399998754262924","0.042399998754262924","1","1","1","0.9999499917030334","0.9998999834060669","1","1","1","1","0.38119998574256897","0.36739999055862427","0.39499998092651367","0.6568000018596649","0.6473000049591064","0.6662999987602234","1","1","1","1","1","1","0.3409999907016754","0.3321000039577484","0.3498999774456024","0.8383999764919281","0.8344999551773071","0.8422999978065491","1","1","1","1","1","1","0.29339998960494995","0.29339998960494995","0.29339998960494995","0.8720999956130981","0.8720999956130981","0.8720999956130981","1","1","1","1","1","1","0.3310000002384186","0.3310000002384186","0.3310000002384186","0.871399998664856","0.871399998664856","0.871399998664856","1","1","1","1","1","1","0.044199999421834946","0.044199999421834946","0.044199999421834946","1","1","1"
"4016","1","1","1","1","1","1","0.04769999906420708","0.04769999906420708","0.04769999906420708","1","1","1","1","1","1","1","1","1","0.0421999990940094","0.0421999990940094","0.0421999990940094","1","1","1","0.9999499917030334","0.9998999834060669","1","1","1","1","0.37754999101161957","0.3718000054359436","0.38329997658729553","0.6552499830722809","0.6491000056266785","0.6613999605178833","1","1","1","1","1","1","0.3357999920845032","0.323199987411499","0.3483999967575073","0.8368499875068665","0.8328999876976013","0.8407999873161316","1","1","1","1","1","1","0.2858999967575073","0.2858999967575073","0.2858999967575073","0.8702999949455261","0.8702999949455261","0.8702999949455261","1","1","1","1","1","1","0.33660000562667847","0.33660000562667847","0.33660000562667847","0.8729999661445618","0.8729999661445618","0.8729999661445618","1","1","1","1","1","1","0.044099997729063034","0.044099997729063034","0.044099997729063034","1","1","1"
"4027","1","1","1","1","1","1","0.04769999906420708","0.04769999906420708","0.04769999906420708","1","1","1","1","1","1","1","1","1","0.04230000078678131","0.04230000078678131","0.04230000078678131","1","1","1","0.9999499917030334","0.9998999834060669","1","1","1","1","0.3746499866247177","0.3682999908924103","0.38099998235702515","0.6531499922275543","0.6474999785423279","0.6588000059127808","1","1","1","1","1","1","0.33409999310970306","0.3236999809741974","0.34450000524520874","0.836249977350235","0.8312999606132507","0.8411999940872192","1","1","1","1","1","1","0.2865999937057495","0.2865999937057495","0.2865999937057495","0.8707999587059021","0.8707999587059021","0.8707999587059021","1","1","1","1","1","1","0.3352999985218048","0.3352999985218048","0.3352999985218048","0.8721999526023865","0.8721999526023865","0.8721999526023865","1","1","1","1","1","1","0.04429999738931656","0.04429999738931656","0.04429999738931656","1","1","1"
"4038","1","1","1","1","1","1","0.047599997371435165","0.047599997371435165","0.047599997371435165","1","1","1","1","1","1","1","1","1","0.042399998754262924","0.042399998754262924","0.042399998754262924","1","1","1","0.9999499917030334","0.9998999834060669","1","1","1","1","0.3721499890089035","0.36389997601509094","0.38040000200271606","0.6511999666690826","0.6466999650001526","0.6556999683380127","1","1","1","1","1","1","0.3283499926328659","0.3111000061035156","0.3455999791622162","0.8363999724388123","0.8296999931335449","0.8430999517440796","1","1","1","1","1","1","0.28859999775886536","0.28859999775886536","0.28859999775886536","0.8705999851226807","0.8705999851226807","0.8705999851226807","1","1","1","1","1","1","0.33399999141693115","0.33399999141693115","0.33399999141693115","0.871999979019165","0.871999979019165","0.871999979019165","1","1","1","1","1","1","0.04479999840259552","0.04479999840259552","0.04479999840259552","1","1","1"
"4049","1","1","1","1","1","1","0.047199998050928116","0.047199998050928116","0.047199998050928116","1","1","1","1","1","1","1","1","1","0.0421999990940094","0.0421999990940094","0.0421999990940094","1","1","1","0.9999499917030334","0.9998999834060669","1","1","1","1","0.37674999237060547","0.3667999804019928","0.38670000433921814","0.653249979019165","0.6462999582290649","0.6601999998092651","1","1","1","1","1","1","0.3342999815940857","0.31939998269081116","0.34919998049736023","0.8371500074863434","0.8323000073432922","0.8420000076293945","1","1","1","1","1","1","0.28849998116493225","0.28849998116493225","0.28849998116493225","0.8718000054359436","0.8718000054359436","0.8718000054359436","1","1","1","1","1","1","0.3375000059604645","0.3375000059604645","0.3375000059604645","0.8712999820709229","0.8712999820709229","0.8712999820709229","1","1","1","1","1","1","0.04439999908208847","0.04439999908208847","0.04439999908208847","1","1","1"
"4060","1","1","1","1","1","1","0.04779999703168869","0.04779999703168869","0.04779999703168869","1","1","1","1","1","1","1","1","1","0.04230000078678131","0.04230000078678131","0.04230000078678131","1","1","1","0.9999499917030334","0.9998999834060669","1","1","1","1","0.3761499971151352","0.36640000343322754","0.38589999079704285","0.6534499824047089","0.6468999981880188","0.6599999666213989","1","1","1","1","1","1","0.33854998648166656","0.3276999890804291","0.34939998388290405","0.8376999795436859","0.8326999545097351","0.8427000045776367","1","1","1","1","1","1","0.2824999988079071","0.2824999988079071","0.2824999988079071","0.8705999851226807","0.8705999851226807","0.8705999851226807","1","1","1","1","1","1","0.33949998021125793","0.33949998021125793","0.33949998021125793","0.8718000054359436","0.8718000054359436","0.8718000054359436","1","1","1","1","1","1","0.044099997729063034","0.044099997729063034","0.044099997729063034","1","1","1"
"4071","1","1","1","1","1","1","0.04729999974370003","0.04729999974370003","0.04729999974370003","1","1","1","1","1","1","1","1","1","0.042399998754262924","0.042399998754262924","0.042399998754262924","1","1","1","0.9999499917030334","0.9998999834060669","1","1","1","1","0.3844499886035919","0.3783999979496002","0.3904999792575836","0.6573499739170074","0.6523999571800232","0.6622999906539917","1","1","1","1","1","1","0.3356499820947647","0.319599986076355","0.35169997811317444","0.8379999697208405","0.8319999575614929","0.843999981880188","1","1","1","1","1","1","0.2847999930381775","0.2847999930381775","0.2847999930381775","0.871399998664856","0.871399998664856","0.871399998664856","1","1","1","1","1","1","0.3422999978065491","0.3422999978065491","0.3422999978065491","0.8712999820709229","0.8712999820709229","0.8712999820709229","1","1","1","1","1","1","0.044199999421834946","0.044199999421834946","0.044199999421834946","1","1","1"
"4082","1","1","1","1","1","1","0.04829999804496765","0.04829999804496765","0.04829999804496765","1","1","1","1","1","1","1","1","1","0.04270000010728836","0.04270000010728836","0.04270000010728836","1","1","1","0.9999499917030334","0.9998999834060669","1","1","1","1","0.3823999911546707","0.3779999911785126","0.38679999113082886","0.6551499962806702","0.6532999873161316","0.6570000052452087","1","1","1","1","1","1","0.3325499892234802","0.31790000200271606","0.3471999764442444","0.8362999856472015","0.8307999968528748","0.8417999744415283","1","1","1","1","1","1","0.27809998393058777","0.27809998393058777","0.27809998393058777","0.8695999979972839","0.8695999979972839","0.8695999979972839","1","1","1","1","1","1","0.3449999988079071","0.3449999988079071","0.3449999988079071","0.8728999495506287","0.8728999495506287","0.8728999495506287","1","1","1","1","1","1","0.044599998742341995","0.044599998742341995","0.044599998742341995","1","1","1"
"4093","1","1","1","1","1","1","0.04749999940395355","0.04749999940395355","0.04749999940395355","1","1","1","1","1","1","1","1","1","0.042500000447034836","0.042500000447034836","0.042500000447034836","1","1","1","0.9999499917030334","0.9998999834060669","1","1","1","1","0.38039998710155487","0.37369999289512634","0.3870999813079834","0.6531499922275543","0.6480000019073486","0.65829998254776","1","1","1","1","1","1","0.33319999277591705","0.3208000063896179","0.3455999791622162","0.8375999629497528","0.8312999606132507","0.8438999652862549","1","1","1","1","1","1","0.28189998865127563","0.28189998865127563","0.28189998865127563","0.8703999519348145","0.8703999519348145","0.8703999519348145","1","1","1","1","1","1","0.3425000011920929","0.3425000011920929","0.3425000011920929","0.8727999925613403","0.8727999925613403","0.8727999925613403","1","1","1","1","1","1","0.044199999421834946","0.044199999421834946","0.044199999421834946","1","1","1"
"4104","1","1","1","1","1","1","0.047199998050928116","0.047199998050928116","0.047199998050928116","1","1","1","1","1","1","1","1","1","0.042500000447034836","0.042500000447034836","0.042500000447034836","1","1","1","0.9999499917030334","0.9998999834060669","1","1","1","1","0.382999986410141","0.3750999867916107","0.39089998602867126","0.6564499735832214","0.6500999927520752","0.6627999544143677","1","1","1","1","1","1","0.33139999210834503","0.31540000438690186","0.3473999798297882","0.837149977684021","0.8305999636650085","0.8436999917030334","1","1","1","1","1","1","0.2840999960899353","0.2840999960899353","0.2840999960899353","0.8693000078201294","0.8693000078201294","0.8693000078201294","1","1","1","1","1","1","0.33309999108314514","0.33309999108314514","0.33309999108314514","0.871399998664856","0.871399998664856","0.871399998664856","1","1","1","1","1","1","0.044099997729063034","0.044099997729063034","0.044099997729063034","1","1","1"
"4115","1","1","1","1","1","1","0.04749999940395355","0.04749999940395355","0.04749999940395355","1","1","1","1","1","1","1","1","1","0.04230000078678131","0.04230000078678131","0.04230000078678131","1","1","1","0.9999499917030334","0.9998999834060669","1","1","1","1","0.38714998960494995","0.37599998712539673","0.3982999920845032","0.6595999896526337","0.6502000093460083","0.668999969959259","1","1","1","1","1","1","0.32999998331069946","0.3211999833583832","0.33879998326301575","0.8369999825954437","0.8324999809265137","0.8414999842643738","1","1","1","1","1","1","0.28110000491142273","0.28110000491142273","0.28110000491142273","0.8691999912261963","0.8691999912261963","0.8691999912261963","1","1","1","1","1","1","0.3319999873638153","0.3319999873638153","0.3319999873638153","0.8721999526023865","0.8721999526023865","0.8721999526023865","1","1","1","1","1","1","0.044199999421834946","0.044199999421834946","0.044199999421834946","1","1","1"
"4126","1","1","1","1","1","1","0.04749999940395355","0.04749999940395355","0.04749999940395355","1","1","1","1","1","1","1","1","1","0.04259999841451645","0.04259999841451645","0.04259999841451645","1","1","1","0.9999499917030334","0.9998999834060669","1","1","1","1","0.391199991106987","0.38499999046325684","0.39739999175071716","0.6621499955654144","0.6570000052452087","0.6672999858856201","1","1","1","1","1","1","0.3249499946832657","0.31290000677108765","0.3369999825954437","0.8356499671936035","0.8309999704360962","0.8402999639511108","1","1","1","1","1","1","0.2848999798297882","0.2848999798297882","0.2848999798297882","0.8691999912261963","0.8691999912261963","0.8691999912261963","1","1","1","1","1","1","0.32760000228881836","0.32760000228881836","0.32760000228881836","0.8702999949455261","0.8702999949455261","0.8702999949455261","1","1","1","1","1","1","0.044499997049570084","0.044499997049570084","0.044499997049570084","1","1","1"
"4137","1","1","1","1","1","1","0.047199998050928116","0.047199998050928116","0.047199998050928116","1","1","1","1","1","1","1","1","1","0.042399998754262924","0.042399998754262924","0.042399998754262924","1","1","1","1","1","1","1","1","1","0.3917499929666519","0.38979998230934143","0.3937000036239624","0.6605499684810638","0.6578999757766724","0.6631999611854553","1","1","1","1","1","1","0.3276999890804291","0.3243999779224396","0.3310000002384186","0.8361499905586243","0.8335999846458435","0.838699996471405","1","1","1","1","1","1","0.28849998116493225","0.28849998116493225","0.28849998116493225","0.8700000047683716","0.8700000047683716","0.8700000047683716","1","1","1","1","1","1","0.3409999907016754","0.3409999907016754","0.3409999907016754","0.8720999956130981","0.8720999956130981","0.8720999956130981","1","1","1","1","1","1","0.044099997729063034","0.044099997729063034","0.044099997729063034","1","1","1"
"4148","1","1","1","1","1","1","0.047199998050928116","0.047199998050928116","0.047199998050928116","1","1","1","1","1","1","1","1","1","0.04230000078678131","0.04230000078678131","0.04230000078678131","1","1","1","0.9999499917030334","0.9998999834060669","1","1","1","1","0.3840999901294708","0.3813999891281128","0.38679999113082886","0.6579499840736389","0.6532999873161316","0.6625999808311462","1","1","1","1","1","1","0.3318999856710434","0.3179999887943268","0.34579998254776","0.8354499638080597","0.8290999531745911","0.8417999744415283","1","1","1","1","1","1","0.2842999994754791","0.2842999994754791","0.2842999994754791","0.8696999549865723","0.8696999549865723","0.8696999549865723","1","1","1","1","1","1","0.34209999442100525","0.34209999442100525","0.34209999442100525","0.873199999332428","0.873199999332428","0.873199999332428","1","1","1","1","1","1","0.04439999908208847","0.04439999908208847","0.04439999908208847","1","1","1"
"4159","1","1","1","1","1","1","0.04749999940395355","0.04749999940395355","0.04749999940395355","1","1","1","1","1","1","1","1","1","0.042500000447034836","0.042500000447034836","0.042500000447034836","1","1","1","1","1","1","1","1","1","0.3912999927997589","0.39069998264312744","0.3919000029563904","0.6614999771118164","0.6566999554634094","0.6662999987602234","1","1","1","1","1","1","0.3293999880552292","0.32249999046325684","0.33629998564720154","0.8368499875068665","0.8325999975204468","0.8410999774932861","1","1","1","1","1","1","0.2848999798297882","0.2848999798297882","0.2848999798297882","0.8703999519348145","0.8703999519348145","0.8703999519348145","1","1","1","1","1","1","0.3425000011920929","0.3425000011920929","0.3425000011920929","0.8736000061035156","0.8736000061035156","0.8736000061035156","1","1","1","1","1","1","0.04429999738931656","0.04429999738931656","0.04429999738931656","1","1","1"
"4170","1","1","1","1","1","1","0.04809999838471413","0.04809999838471413","0.04809999838471413","1","1","1","1","1","1","1","1","1","0.04259999841451645","0.04259999841451645","0.04259999841451645","1","1","1","0.9999499917030334","0.9998999834060669","1","1","1","1","0.3871999979019165","0.3824999928474426","0.3919000029563904","0.6597499847412109","0.6588000059127808","0.6606999635696411","1","1","1","1","1","1","0.33184999227523804","0.3271999955177307","0.33649998903274536","0.8366499841213226","0.8330999612808228","0.8402000069618225","1","1","1","1","1","1","0.2784999907016754","0.2784999907016754","0.2784999907016754","0.8687999844551086","0.8687999844551086","0.8687999844551086","1","1","1","1","1","1","0.3425000011920929","0.3425000011920929","0.3425000011920929","0.8729999661445618","0.8729999661445618","0.8729999661445618","1","1","1","1","1","1","0.044499997049570084","0.044499997049570084","0.044499997049570084","1","1","1"
"4181","1","1","1","1","1","1","0.04749999940395355","0.04749999940395355","0.04749999940395355","1","1","1","1","1","1","1","1","1","0.042799998074769974","0.042799998074769974","0.042799998074769974","1","1","1","0.9999499917030334","0.9998999834060669","1","1","1","1","0.39489999413490295","0.39329999685287476","0.39649999141693115","0.663049966096878","0.6595999598503113","0.6664999723434448","1","1","1","1","1","1","0.3324500024318695","0.32919999957084656","0.33570000529289246","0.8361499607563019","0.8323999643325806","0.8398999571800232","1","1","1","1","1","1","0.2793000042438507","0.2793000042438507","0.2793000042438507","0.868399977684021","0.868399977684021","0.868399977684021","1","1","1","1","1","1","0.3409999907016754","0.3409999907016754","0.3409999907016754","0.8732999563217163","0.8732999563217163","0.8732999563217163","1","1","1","1","1","1","0.044199999421834946","0.044199999421834946","0.044199999421834946","1","1","1"
"4192","1","1","1","1","1","1","0.04739999771118164","0.04739999771118164","0.04739999771118164","1","1","1","1","1","1","1","1","1","0.042799998074769974","0.042799998074769974","0.042799998074769974","1","1","1","0.9999499917030334","0.9998999834060669","1","1","1","1","0.383899986743927","0.382999986410141","0.384799987077713","0.6585999727249146","0.6559999585151672","0.6611999869346619","1","1","1","1","1","1","0.3305499851703644","0.32679998874664307","0.3342999815940857","0.8357499837875366","0.833899974822998","0.8375999927520752","1","1","1","1","1","1","0.27059999108314514","0.27059999108314514","0.27059999108314514","0.8675000071525574","0.8675000071525574","0.8675000071525574","1","1","1","1","1","1","0.3507999777793884","0.3507999777793884","0.3507999777793884","0.8740999698638916","0.8740999698638916","0.8740999698638916","1","1","1","1","1","1","0.04429999738931656","0.04429999738931656","0.04429999738931656","1","1","1"
"4203","1","1","1","1","1","1","0.04729999974370003","0.04729999974370003","0.04729999974370003","1","1","1","1","1","1","1","1","1","0.0421999990940094","0.0421999990940094","0.0421999990940094","1","1","1","0.9999499917030334","0.9998999834060669","1","1","1","1","0.3861500024795532","0.38580000400543213","0.3865000009536743","0.6571999788284302","0.6568999886512756","0.6574999690055847","1","1","1","1","1","1","0.3350500017404556","0.3328000009059906","0.33730000257492065","0.8366999626159668","0.8341999650001526","0.839199960231781","1","1","1","1","1","1","0.2750000059604645","0.2750000059604645","0.2750000059604645","0.8689000010490417","0.8689000010490417","0.8689000010490417","1","1","1","1","1","1","0.3369999825954437","0.3369999825954437","0.3369999825954437","0.8723999857902527","0.8723999857902527","0.8723999857902527","1","1","1","1","1","1","0.04439999908208847","0.04439999908208847","0.04439999908208847","1","1","1"
"4214","1","1","1","1","1","1","0.04739999771118164","0.04739999771118164","0.04739999771118164","1","1","1","1","1","1","1","1","1","0.042399998754262924","0.042399998754262924","0.042399998754262924","1","1","1","1","1","1","1","1","1","0.3890499770641327","0.38419997692108154","0.39389997720718384","0.6581999957561493","0.656499981880188","0.6599000096321106","1","1","1","1","1","1","0.33299998939037323","0.32569998502731323","0.3402999937534332","0.8361499607563019","0.835599958896637","0.8366999626159668","1","1","1","1","1","1","0.28119999170303345","0.28119999170303345","0.28119999170303345","0.8705999851226807","0.8705999851226807","0.8705999851226807","1","1","1","1","1","1","0.3455999791622162","0.3455999791622162","0.3455999791622162","0.8738999962806702","0.8738999962806702","0.8738999962806702","1","1","1","1","1","1","0.04429999738931656","0.04429999738931656","0.04429999738931656","1","1","1"
"4225","1","1","1","1","1","1","0.04749999940395355","0.04749999940395355","0.04749999940395355","1","1","1","1","1","1","1","1","1","0.04230000078678131","0.04230000078678131","0.04230000078678131","1","1","1","0.9999499917030334","0.9998999834060669","1","1","1","1","0.39399997889995575","0.3911999762058258","0.3967999815940857","0.663049966096878","0.6602999567985535","0.6657999753952026","1","1","1","1","1","1","0.3325999826192856","0.32999998331069946","0.3351999819278717","0.8373999893665314","0.8366000056266785","0.8381999731063843","1","1","1","1","1","1","0.2821999788284302","0.2821999788284302","0.2821999788284302","0.8703999519348145","0.8703999519348145","0.8703999519348145","1","1","1","1","1","1","0.3455999791622162","0.3455999791622162","0.3455999791622162","0.8729999661445618","0.8729999661445618","0.8729999661445618","1","1","1","1","1","1","0.04470000043511391","0.04470000043511391","0.04470000043511391","1","1","1"
"4236","1","1","1","1","1","1","0.04729999974370003","0.04729999974370003","0.04729999974370003","1","1","1","1","1","1","1","1","1","0.0421999990940094","0.0421999990940094","0.0421999990940094","1","1","1","0.9999499917030334","0.9998999834060669","1","1","1","1","0.3932499885559082","0.3863999843597412","0.4000999927520752","0.6620999574661255","0.6595999598503113","0.6645999550819397","1","1","1","1","1","1","0.334649994969368","0.3326999843120575","0.33660000562667847","0.8377499878406525","0.8355000019073486","0.8399999737739563","1","1","1","1","1","1","0.282399982213974","0.282399982213974","0.282399982213974","0.8695999979972839","0.8695999979972839","0.8695999979972839","1","1","1","1","1","1","0.3489999771118164","0.3489999771118164","0.3489999771118164","0.8740999698638916","0.8740999698638916","0.8740999698638916","1","1","1","1","1","1","0.044099997729063034","0.044099997729063034","0.044099997729063034","1","1","1"
"4247","1","1","1","1","1","1","0.04739999771118164","0.04739999771118164","0.04739999771118164","1","1","1","1","1","1","1","1","1","0.04270000010728836","0.04270000010728836","0.04270000010728836","1","1","1","0.9999499917030334","0.9998999834060669","1","1","1","1","0.3853999972343445","0.3813000023365021","0.3894999921321869","0.6590499877929688","0.6571999788284302","0.6608999967575073","1","1","1","1","1","1","0.3428499847650528","0.3400999903678894","0.3455999791622162","0.8380999863147736","0.8364999890327454","0.8396999835968018","1","1","1","1","1","1","0.2791000008583069","0.2791000008583069","0.2791000008583069","0.8689999580383301","0.8689999580383301","0.8689999580383301","1","1","1","1","1","1","0.34849998354911804","0.34849998354911804","0.34849998354911804","0.8739999532699585","0.8739999532699585","0.8739999532699585","1","1","1","1","1","1","0.04439999908208847","0.04439999908208847","0.04439999908208847","1","1","1"
"4258","1","1","1","1","1","1","0.04769999906420708","0.04769999906420708","0.04769999906420708","1","1","1","1","1","1","1","1","1","0.04230000078678131","0.04230000078678131","0.04230000078678131","1","1","1","0.9999499917030334","0.9998999834060669","1","1","1","1","0.38384999334812164","0.3783999979496002","0.38929998874664307","0.659199982881546","0.6588999629020691","0.659500002861023","1","1","1","1","1","1","0.34039999544620514","0.3353999853134155","0.34540000557899475","0.8376499712467194","0.8363999724388123","0.8388999700546265","1","1","1","1","1","1","0.27649998664855957","0.27649998664855957","0.27649998664855957","0.8689999580383301","0.8689999580383301","0.8689999580383301","1","1","1","1","1","1","0.3537999987602234","0.3537999987602234","0.3537999987602234","0.8754000067710876","0.8754000067710876","0.8754000067710876","1","1","1","1","1","1","0.044499997049570084","0.044499997049570084","0.044499997049570084","1","1","1"
"4269","1","1","1","1","1","1","0.04749999940395355","0.04749999940395355","0.04749999940395355","1","1","1","1","1","1","1","1","1","0.042500000447034836","0.042500000447034836","0.042500000447034836","1","1","1","0.9999499917030334","0.9998999834060669","1","1","1","1","0.38554999232292175","0.3790999948978424","0.3919999897480011","0.6610499918460846","0.6606000065803528","0.6614999771118164","1","1","1","1","1","1","0.34369999170303345","0.34129998087882996","0.34610000252723694","0.838049978017807","0.8362999558448792","0.8398000001907349","1","1","1","1","1","1","0.2775000035762787","0.2775000035762787","0.2775000035762787","0.8689999580383301","0.8689999580383301","0.8689999580383301","1","1","1","1","1","1","0.35189998149871826","0.35189998149871826","0.35189998149871826","0.8746999502182007","0.8746999502182007","0.8746999502182007","1","1","1","1","1","1","0.04470000043511391","0.04470000043511391","0.04470000043511391","1","1","1"
"4280","1","1","1","1","1","1","0.04729999974370003","0.04729999974370003","0.04729999974370003","1","1","1","1","1","1","1","1","1","0.042500000447034836","0.042500000447034836","0.042500000447034836","1","1","1","0.9999499917030334","0.9998999834060669","1","1","1","1","0.3792499899864197","0.3726999759674072","0.38580000400543213","0.6584999859333038","0.6581000089645386","0.6588999629020691","1","1","1","1","1","1","0.33819998800754547","0.3358999788761139","0.34049999713897705","0.8367999792098999","0.8337999582290649","0.8398000001907349","1","1","1","1","1","1","0.2870999872684479","0.2870999872684479","0.2870999872684479","0.8714999556541443","0.8714999556541443","0.8714999556541443","1","1","1","1","1","1","0.34759998321533203","0.34759998321533203","0.34759998321533203","0.873699963092804","0.873699963092804","0.873699963092804","1","1","1","1","1","1","0.04439999908208847","0.04439999908208847","0.04439999908208847","1","1","1"
"4291","1","1","1","1","1","1","0.04739999771118164","0.04739999771118164","0.04739999771118164","1","1","1","1","1","1","1","1","1","0.042399998754262924","0.042399998754262924","0.042399998754262924","1","1","1","0.9999499917030334","0.9998999834060669","1","1","1","1","0.38259999454021454","0.37779998779296875","0.3874000012874603","0.6581499874591827","0.6581000089645386","0.6581999659538269","1","1","1","1","1","1","0.3377999812364578","0.3335999846458435","0.34199997782707214","0.8378999829292297","0.8348000049591064","0.840999960899353","1","1","1","1","1","1","0.28349998593330383","0.28349998593330383","0.28349998593330383","0.871399998664856","0.871399998664856","0.871399998664856","1","1","1","1","1","1","0.3456999957561493","0.3456999957561493","0.3456999957561493","0.8730999827384949","0.8730999827384949","0.8730999827384949","1","1","1","1","1","1","0.04429999738931656","0.04429999738931656","0.04429999738931656","1","1","1"
"4302","1","1","1","1","1","1","0.047599997371435165","0.047599997371435165","0.047599997371435165","1","1","1","1","1","1","1","1","1","0.04230000078678131","0.04230000078678131","0.04230000078678131","1","1","1","0.9999499917030334","0.9998999834060669","1","1","1","1","0.377949982881546","0.37059998512268066","0.3852999806404114","0.6562999784946442","0.6496999859809875","0.6628999710083008","1","1","1","1","1","1","0.34094998240470886","0.3349999785423279","0.34689998626708984","0.8376499712467194","0.8334999680519104","0.8417999744415283","1","1","1","1","1","1","0.27869999408721924","0.27869999408721924","0.27869999408721924","0.8690999746322632","0.8690999746322632","0.8690999746322632","1","1","1","1","1","1","0.33239999413490295","0.33239999413490295","0.33239999413490295","0.8718000054359436","0.8718000054359436","0.8718000054359436","1","1","1","1","1","1","0.04439999908208847","0.04439999908208847","0.04439999908208847","1","1","1"
"4313","1","1","1","1","1","1","0.047199998050928116","0.047199998050928116","0.047199998050928116","1","1","1","1","1","1","1","1","1","0.041999999433755875","0.041999999433755875","0.041999999433755875","1","1","1","0.9999499917030334","0.9998999834060669","1","1","1","1","0.37869998812675476","0.3739999830722809","0.38339999318122864","0.6586999893188477","0.6535999774932861","0.6638000011444092","1","1","1","1","1","1","0.34014998376369476","0.33809998631477356","0.34219998121261597","0.8378999829292297","0.8348000049591064","0.840999960899353","1","1","1","1","1","1","0.28540000319480896","0.28540000319480896","0.28540000319480896","0.8702999949455261","0.8702999949455261","0.8702999949455261","1","1","1","1","1","1","0.33469998836517334","0.33469998836517334","0.33469998836517334","0.8726999759674072","0.8726999759674072","0.8726999759674072","1","1","1","1","1","1","0.04490000009536743","0.04490000009536743","0.04490000009536743","1","1","1"
"4324","1","1","1","1","1","1","0.04809999838471413","0.04809999838471413","0.04809999838471413","1","1","1","1","1","1","1","1","1","0.042399998754262924","0.042399998754262924","0.042399998754262924","1","1","1","0.9999499917030334","0.9998999834060669","1","1","1","1","0.3760499954223633","0.37279999256134033","0.37929999828338623","0.6559499800205231","0.6542999744415283","0.6575999855995178","1","1","1","1","1","1","0.3406499922275543","0.336899995803833","0.34439998865127563","0.8379999697208405","0.8342999815940857","0.8416999578475952","1","1","1","1","1","1","0.28540000319480896","0.28540000319480896","0.28540000319480896","0.8708999752998352","0.8708999752998352","0.8708999752998352","1","1","1","1","1","1","0.34059998393058777","0.34059998393058777","0.34059998393058777","0.8736000061035156","0.8736000061035156","0.8736000061035156","1","1","1","1","1","1","0.04439999908208847","0.04439999908208847","0.04439999908208847","1","1","1"
"4335","1","1","1","1","1","1","0.047599997371435165","0.047599997371435165","0.047599997371435165","1","1","1","1","1","1","1","1","1","0.04270000010728836","0.04270000010728836","0.04270000010728836","1","1","1","0.9999499917030334","0.9998999834060669","1","1","1","1","0.38564999401569366","0.3828999996185303","0.38839998841285706","0.6607999801635742","0.6575999855995178","0.6639999747276306","1","1","1","1","1","1","0.3417999893426895","0.33550000190734863","0.3480999767780304","0.8382999897003174","0.8342999815940857","0.8422999978065491","1","1","1","1","1","1","0.28139999508857727","0.28139999508857727","0.28139999508857727","0.870199978351593","0.870199978351593","0.870199978351593","1","1","1","1","1","1","0.3431999981403351","0.3431999981403351","0.3431999981403351","0.8732999563217163","0.8732999563217163","0.8732999563217163","1","1","1","1","1","1","0.044199999421834946","0.044199999421834946","0.044199999421834946","1","1","1"
"4346","1","1","1","1","1","1","0.04779999703168869","0.04779999703168869","0.04779999703168869","1","1","1","1","1","1","1","1","1","0.0421999990940094","0.0421999990940094","0.0421999990940094","1","1","1","0.9999499917030334","0.9998999834060669","1","1","1","1","0.390299990773201","0.3828999996185303","0.3976999819278717","0.6616499722003937","0.6545999646186829","0.6686999797821045","1","1","1","1","1","1","0.3476499915122986","0.33879998326301575","0.3564999997615814","0.8394499719142914","0.8351999521255493","0.8436999917030334","1","1","1","1","1","1","0.28360000252723694","0.28360000252723694","0.28360000252723694","0.8693000078201294","0.8693000078201294","0.8693000078201294","1","1","1","1","1","1","0.33869999647140503","0.33869999647140503","0.33869999647140503","0.8722999691963196","0.8722999691963196","0.8722999691963196","1","1","1","1","1","1","0.04429999738931656","0.04429999738931656","0.04429999738931656","1","1","1"
"4357","1","1","1","1","1","1","0.04690000042319298","0.04690000042319298","0.04690000042319298","1","1","1","1","1","1","1","1","1","0.04230000078678131","0.04230000078678131","0.04230000078678131","1","1","1","0.9999499917030334","0.9998999834060669","1","1","1","1","0.3909499943256378","0.382999986410141","0.39890000224113464","0.6620999872684479","0.6552000045776367","0.668999969959259","1","1","1","1","1","1","0.3366999924182892","0.33159998059272766","0.3418000042438507","0.8360999822616577","0.8325999975204468","0.8395999670028687","1","1","1","1","1","1","0.2791999876499176","0.2791999876499176","0.2791999876499176","0.8690999746322632","0.8690999746322632","0.8690999746322632","1","1","1","1","1","1","0.34779998660087585","0.34779998660087585","0.34779998660087585","0.8741999864578247","0.8741999864578247","0.8741999864578247","1","1","1","1","1","1","0.04429999738931656","0.04429999738931656","0.04429999738931656","1","1","1"
"4368","1","1","1","1","1","1","0.04729999974370003","0.04729999974370003","0.04729999974370003","1","1","1","1","1","1","1","1","1","0.04209999740123749","0.04209999740123749","0.04209999740123749","1","1","1","0.9999499917030334","0.9998999834060669","1","1","1","1","0.3881499916315079","0.3831000030040741","0.39319998025894165","0.6607999801635742","0.6550999879837036","0.6664999723434448","1","1","1","1","1","1","0.3334999829530716","0.3220999836921692","0.344899982213974","0.8353999555110931","0.8301999568939209","0.8405999541282654","1","1","1","1","1","1","0.2906999886035919","0.2906999886035919","0.2906999886035919","0.8708999752998352","0.8708999752998352","0.8708999752998352","1","1","1","1","1","1","0.33820000290870667","0.33820000290870667","0.33820000290870667","0.8727999925613403","0.8727999925613403","0.8727999925613403","1","1","1","1","1","1","0.04490000009536743","0.04490000009536743","0.04490000009536743","1","1","1"
"4379","1","1","1","1","1","1","0.04769999906420708","0.04769999906420708","0.04769999906420708","1","1","1","1","1","1","1","1","1","0.04230000078678131","0.04230000078678131","0.04230000078678131","1","1","1","1","1","1","1","1","1","0.3885499835014343","0.3791999816894531","0.3978999853134155","0.6612499952316284","0.6545000076293945","0.6679999828338623","1","1","1","1","1","1","0.3417999893426895","0.3310000002384186","0.35259997844696045","0.8369499742984772","0.8319999575614929","0.8418999910354614","1","1","1","1","1","1","0.2879999876022339","0.2879999876022339","0.2879999876022339","0.8707000017166138","0.8707000017166138","0.8707000017166138","1","1","1","1","1","1","0.3504999876022339","0.3504999876022339","0.3504999876022339","0.8756999969482422","0.8756999969482422","0.8756999969482422","1","1","1","1","1","1","0.04399999976158142","0.04399999976158142","0.04399999976158142","1","1","1"
"4390","1","1","1","1","1","1","0.04779999703168869","0.04779999703168869","0.04779999703168869","1","1","1","1","1","1","1","1","1","0.04259999841451645","0.04259999841451645","0.04259999841451645","1","1","1","1","1","1","1","1","1","0.38659998774528503","0.38419997692108154","0.3889999985694885","0.6603499948978424","0.6547999978065491","0.6658999919891357","1","1","1","1","1","1","0.3423999845981598","0.3351999819278717","0.3495999872684479","0.8378999829292297","0.8337999582290649","0.8420000076293945","1","1","1","1","1","1","0.2865000069141388","0.2865000069141388","0.2865000069141388","0.8704999685287476","0.8704999685287476","0.8704999685287476","1","1","1","1","1","1","0.3498999774456024","0.3498999774456024","0.3498999774456024","0.8756999969482422","0.8756999969482422","0.8756999969482422","1","1","1","1","1","1","0.04479999840259552","0.04479999840259552","0.04479999840259552","1","1","1"
"4401","1","1","1","1","1","1","0.04699999839067459","0.04699999839067459","0.04699999839067459","1","1","1","1","1","1","1","1","1","0.042500000447034836","0.042500000447034836","0.042500000447034836","1","1","1","1","1","1","1","1","1","0.3879999816417694","0.3877999782562256","0.38819998502731323","0.6602499783039093","0.656499981880188","0.6639999747276306","1","1","1","1","1","1","0.33649998903274536","0.32889997959136963","0.3440999984741211","0.8366999626159668","0.8327999711036682","0.8405999541282654","1","1","1","1","1","1","0.2902999818325043","0.2902999818325043","0.2902999818325043","0.8709999918937683","0.8709999918937683","0.8709999918937683","1","1","1","1","1","1","0.3497999906539917","0.3497999906539917","0.3497999906539917","0.8750999569892883","0.8750999569892883","0.8750999569892883","1","1","1","1","1","1","0.044599998742341995","0.044599998742341995","0.044599998742341995","1","1","1"
"4412","1","1","1","1","1","1","0.04749999940395355","0.04749999940395355","0.04749999940395355","1","1","1","1","1","1","1","1","1","0.042399998754262924","0.042399998754262924","0.042399998754262924","1","1","1","1","1","1","1","1","1","0.3853999823331833","0.37869998812675476","0.3920999765396118","0.6574499905109406","0.651199996471405","0.6636999845504761","1","1","1","1","1","1","0.3412500023841858","0.3337000012397766","0.34880000352859497","0.8373499810695648","0.8334999680519104","0.8411999940872192","1","1","1","1","1","1","0.28529998660087585","0.28529998660087585","0.28529998660087585","0.8705999851226807","0.8705999851226807","0.8705999851226807","1","1","1","1","1","1","0.3456999957561493","0.3456999957561493","0.3456999957561493","0.8741999864578247","0.8741999864578247","0.8741999864578247","1","1","1","1","1","1","0.044499997049570084","0.044499997049570084","0.044499997049570084","1","1","1"
"4423","1","1","1","1","1","1","0.04729999974370003","0.04729999974370003","0.04729999974370003","1","1","1","1","1","1","1","1","1","0.0421999990940094","0.0421999990940094","0.0421999990940094","1","1","1","0.9999499917030334","0.9998999834060669","1","1","1","1","0.37664999067783356","0.37469998002052307","0.37860000133514404","0.6556999981403351","0.6496999859809875","0.6617000102996826","1","1","1","1","1","1","0.34414999186992645","0.337799996137619","0.3504999876022339","0.8381499946117401","0.8339999914169312","0.8422999978065491","1","1","1","1","1","1","0.2913999855518341","0.2913999855518341","0.2913999855518341","0.871399998664856","0.871399998664856","0.871399998664856","1","1","1","1","1","1","0.3333999812602997","0.3333999812602997","0.3333999812602997","0.8725999593734741","0.8725999593734741","0.8725999593734741","1","1","1","1","1","1","0.04470000043511391","0.04470000043511391","0.04470000043511391","1","1","1"
"4434","1","1","1","1","1","1","0.04739999771118164","0.04739999771118164","0.04739999771118164","1","1","1","1","1","1","1","1","1","0.041999999433755875","0.041999999433755875","0.041999999433755875","1","1","1","0.9999499917030334","0.9998999834060669","1","1","1","1","0.38040000200271606","0.375900000333786","0.3849000036716461","0.6565499603748322","0.6487999558448792","0.6642999649047852","1","1","1","1","1","1","0.3464999943971634","0.34439998865127563","0.34860000014305115","0.8396500051021576","0.8373000025749207","0.8420000076293945","1","1","1","1","1","1","0.29089999198913574","0.29089999198913574","0.29089999198913574","0.8703999519348145","0.8703999519348145","0.8703999519348145","1","1","1","1","1","1","0.3455999791622162","0.3455999791622162","0.3455999791622162","0.8740999698638916","0.8740999698638916","0.8740999698638916","1","1","1","1","1","1","0.044099997729063034","0.044099997729063034","0.044099997729063034","1","1","1"
"4445","1","1","1","1","1","1","0.046699997037649155","0.046699997037649155","0.046699997037649155","1","1","1","1","1","1","1","1","1","0.042399998754262924","0.042399998754262924","0.042399998754262924","1","1","1","0.9999499917030334","0.9998999834060669","1","1","1","1","0.3801499903202057","0.3756999969482422","0.3845999836921692","0.6549999713897705","0.6492999792098999","0.6606999635696411","1","1","1","1","1","1","0.34679998457431793","0.34579998254776","0.34779998660087585","0.8391499817371368","0.8370999693870544","0.8411999940872192","1","1","1","1","1","1","0.2985999882221222","0.2985999882221222","0.2985999882221222","0.8720999956130981","0.8720999956130981","0.8720999956130981","1","1","1","1","1","1","0.3480999767780304","0.3480999767780304","0.3480999767780304","0.8745999932289124","0.8745999932289124","0.8745999932289124","1","1","1","1","1","1","0.044499997049570084","0.044499997049570084","0.044499997049570084","1","1","1"
"4456","1","1","1","1","1","1","0.0478999987244606","0.0478999987244606","0.0478999987244606","1","1","1","1","1","1","1","1","1","0.04230000078678131","0.04230000078678131","0.04230000078678131","1","1","1","1","1","1","1","1","1","0.3764999806880951","0.36969998478889465","0.38329997658729553","0.6539999842643738","0.6466999650001526","0.661300003528595","1","1","1","1","1","1","0.34699998795986176","0.3446999788284302","0.34929999709129333","0.8391499817371368","0.8367999792098999","0.8414999842643738","1","1","1","1","1","1","0.29839998483657837","0.29839998483657837","0.29839998483657837","0.8738999962806702","0.8738999962806702","0.8738999962806702","1","1","1","1","1","1","0.3418000042438507","0.3418000042438507","0.3418000042438507","0.8743999600410461","0.8743999600410461","0.8743999600410461","1","1","1","1","1","1","0.04429999738931656","0.04429999738931656","0.04429999738931656","1","1","1"
"4467","1","1","1","1","1","1","0.04779999703168869","0.04779999703168869","0.04779999703168869","1","1","1","1","1","1","1","1","1","0.042500000447034836","0.042500000447034836","0.042500000447034836","1","1","1","1","1","1","1","1","1","0.37869998812675476","0.37299999594688416","0.38439998030662537","0.6559999883174896","0.6498000025749207","0.6621999740600586","1","1","1","1","1","1","0.3427499830722809","0.3416999876499176","0.34379997849464417","0.8380999863147736","0.8361999988555908","0.8399999737739563","1","1","1","1","1","1","0.298799991607666","0.298799991607666","0.298799991607666","0.8725999593734741","0.8725999593734741","0.8725999593734741","1","1","1","1","1","1","0.3358999788761139","0.3358999788761139","0.3358999788761139","0.8730999827384949","0.8730999827384949","0.8730999827384949","1","1","1","1","1","1","0.044599998742341995","0.044599998742341995","0.044599998742341995","1","1","1"
"4478","1","1","1","1","1","1","0.046799998730421066","0.046799998730421066","0.046799998730421066","1","1","1","1","1","1","1","1","1","0.04259999841451645","0.04259999841451645","0.04259999841451645","1","1","1","0.9999499917030334","0.9998999834060669","1","1","1","1","0.3789999932050705","0.37880000472068787","0.3791999816894531","0.6575999855995178","0.6556000113487244","0.6595999598503113","1","1","1","1","1","1","0.33934998512268066","0.3279999792575836","0.3506999909877777","0.8375499844551086","0.833899974822998","0.8411999940872192","1","1","1","1","1","1","0.30149999260902405","0.30149999260902405","0.30149999260902405","0.8727999925613403","0.8727999925613403","0.8727999925613403","1","1","1","1","1","1","0.3418999910354614","0.3418999910354614","0.3418999910354614","0.8733999729156494","0.8733999729156494","0.8733999729156494","1","1","1","1","1","1","0.04439999908208847","0.04439999908208847","0.04439999908208847","1","1","1"
"4489","1","1","1","1","1","1","0.04699999839067459","0.04699999839067459","0.04699999839067459","1","1","1","1","1","1","1","1","1","0.0421999990940094","0.0421999990940094","0.0421999990940094","1","1","1","0.9999499917030334","0.9998999834060669","1","1","1","1","0.3779999911785126","0.3755999803543091","0.38040000200271606","0.6549499928951263","0.6523000001907349","0.6575999855995178","1","1","1","1","1","1","0.3431999981403351","0.33550000190734863","0.35089999437332153","0.8376499712467194","0.8339999914169312","0.8412999510765076","1","1","1","1","1","1","0.29809999465942383","0.29809999465942383","0.29809999465942383","0.8729999661445618","0.8729999661445618","0.8729999661445618","1","1","1","1","1","1","0.34700000286102295","0.34700000286102295","0.34700000286102295","0.875499963760376","0.875499963760376","0.875499963760376","1","1","1","1","1","1","0.044199999421834946","0.044199999421834946","0.044199999421834946","1","1","1"
"4500","1","1","1","1","1","1","0.04739999771118164","0.04739999771118164","0.04739999771118164","1","1","1","1","1","1","1","1","1","0.04270000010728836","0.04270000010728836","0.04270000010728836","1","1","1","0.9999499917030334","0.9998999834060669","1","1","1","1","0.38179999589920044","0.375900000333786","0.38769999146461487","0.6561499834060669","0.6507999897003174","0.6614999771118164","1","1","1","1","1","1","0.3371499925851822","0.3276999890804291","0.3465999960899353","0.8369499742984772","0.8328999876976013","0.840999960899353","1","1","1","1","1","1","0.290800005197525","0.290800005197525","0.290800005197525","0.8715999722480774","0.8715999722480774","0.8715999722480774","1","1","1","1","1","1","0.3360999822616577","0.3360999822616577","0.3360999822616577","0.8723999857902527","0.8723999857902527","0.8723999857902527","1","1","1","1","1","1","0.04439999908208847","0.04439999908208847","0.04439999908208847","1","1","1"
"4511","1","1","1","1","1","1","0.04729999974370003","0.04729999974370003","0.04729999974370003","1","1","1","1","1","1","1","1","1","0.042399998754262924","0.042399998754262924","0.042399998754262924","1","1","1","0.9999499917030334","0.9998999834060669","1","1","1","1","0.3807999938726425","0.3774999976158142","0.3840999901294708","0.6568499803543091","0.6541999578475952","0.659500002861023","1","1","1","1","1","1","0.3379499912261963","0.3321000039577484","0.34379997849464417","0.8365999758243561","0.8337000012397766","0.8394999504089355","1","1","1","1","1","1","0.29089999198913574","0.29089999198913574","0.29089999198913574","0.8709999918937683","0.8709999918937683","0.8709999918937683","1","1","1","1","1","1","0.3432999849319458","0.3432999849319458","0.3432999849319458","0.8738999962806702","0.8738999962806702","0.8738999962806702","1","1","1","1","1","1","0.04399999976158142","0.04399999976158142","0.04399999976158142","1","1","1"
"4522","1","1","1","1","1","1","0.04779999703168869","0.04779999703168869","0.04779999703168869","1","1","1","1","1","1","1","1","1","0.042500000447034836","0.042500000447034836","0.042500000447034836","1","1","1","1","1","1","1","1","1","0.3878999799489975","0.3805999755859375","0.3951999843120575","0.6588999927043915","0.652899980545044","0.664900004863739","1","1","1","1","1","1","0.33994999527931213","0.33399999141693115","0.3458999991416931","0.8379499614238739","0.8345999717712402","0.8412999510765076","1","1","1","1","1","1","0.2888999879360199","0.2888999879360199","0.2888999879360199","0.8708999752998352","0.8708999752998352","0.8708999752998352","1","1","1","1","1","1","0.33889999985694885","0.33889999985694885","0.33889999985694885","0.8738999962806702","0.8738999962806702","0.8738999962806702","1","1","1","1","1","1","0.044599998742341995","0.044599998742341995","0.044599998742341995","1","1","1"
"4533","1","1","1","1","1","1","0.04729999974370003","0.04729999974370003","0.04729999974370003","1","1","1","1","1","1","1","1","1","0.04230000078678131","0.04230000078678131","0.04230000078678131","1","1","1","1","1","1","1","1","1","0.3845999985933304","0.376800000667572","0.39239999651908875","0.6579999923706055","0.6524999737739563","0.6635000109672546","1","1","1","1","1","1","0.3349499851465225","0.3335999846458435","0.33629998564720154","0.8360500037670135","0.8355000019073486","0.8366000056266785","1","1","1","1","1","1","0.2883000075817108","0.2883000075817108","0.2883000075817108","0.8700000047683716","0.8700000047683716","0.8700000047683716","1","1","1","1","1","1","0.3361999988555908","0.3361999988555908","0.3361999988555908","0.873699963092804","0.873699963092804","0.873699963092804","1","1","1","1","1","1","0.044099997729063034","0.044099997729063034","0.044099997729063034","1","1","1"
"4544","1","1","1","1","1","1","0.047599997371435165","0.047599997371435165","0.047599997371435165","1","1","1","1","1","1","1","1","1","0.042899999767541885","0.042899999767541885","0.042899999767541885","1","1","1","0.9999499917030334","0.9998999834060669","1","1","1","1","0.38964998722076416","0.3781999945640564","0.4010999798774719","0.6622499823570251","0.6524999737739563","0.671999990940094","1","1","1","1","1","1","0.34334999322891235","0.33379998803138733","0.3528999984264374","0.8385499715805054","0.8356999754905701","0.8413999676704407","1","1","1","1","1","1","0.28129997849464417","0.28129997849464417","0.28129997849464417","0.8693999648094177","0.8693999648094177","0.8693999648094177","1","1","1","1","1","1","0.3346000015735626","0.3346000015735626","0.3346000015735626","0.8737999796867371","0.8737999796867371","0.8737999796867371","1","1","1","1","1","1","0.04470000043511391","0.04470000043511391","0.04470000043511391","1","1","1"
"4555","1","1","1","1","1","1","0.04739999771118164","0.04739999771118164","0.04739999771118164","1","1","1","1","1","1","1","1","1","0.042399998754262924","0.042399998754262924","0.042399998754262924","1","1","1","0.9999499917030334","0.9998999834060669","1","1","1","1","0.3821999877691269","0.37529999017715454","0.38909998536109924","0.6575999855995178","0.6507999897003174","0.6643999814987183","1","1","1","1","1","1","0.34289999306201935","0.3334999978542328","0.3522999882698059","0.8381499648094177","0.8345999717712402","0.8416999578475952","1","1","1","1","1","1","0.2791999876499176","0.2791999876499176","0.2791999876499176","0.8689999580383301","0.8689999580383301","0.8689999580383301","1","1","1","1","1","1","0.33319997787475586","0.33319997787475586","0.33319997787475586","0.8733999729156494","0.8733999729156494","0.8733999729156494","1","1","1","1","1","1","0.04399999976158142","0.04399999976158142","0.04399999976158142","1","1","1"
"4566","1","1","1","1","1","1","0.04769999906420708","0.04769999906420708","0.04769999906420708","1","1","1","1","1","1","1","1","1","0.04230000078678131","0.04230000078678131","0.04230000078678131","1","1","1","0.9999499917030334","0.9998999834060669","1","1","1","1","0.3895999938249588","0.3797000050544739","0.3994999825954437","0.6621999740600586","0.6536999940872192","0.670699954032898","1","1","1","1","1","1","0.3475499898195267","0.34289997816085815","0.3522000014781952","0.8404499888420105","0.8384000062942505","0.8424999713897705","1","1","1","1","1","1","0.28299999237060547","0.28299999237060547","0.28299999237060547","0.8693000078201294","0.8693000078201294","0.8693000078201294","1","1","1","1","1","1","0.3303999900817871","0.3303999900817871","0.3303999900817871","0.8728999495506287","0.8728999495506287","0.8728999495506287","1","1","1","1","1","1","0.044099997729063034","0.044099997729063034","0.044099997729063034","1","1","1"
"4577","1","1","1","1","1","1","0.04729999974370003","0.04729999974370003","0.04729999974370003","1","1","1","1","1","1","1","1","1","0.042399998754262924","0.042399998754262924","0.042399998754262924","1","1","1","0.9999499917030334","0.9998999834060669","1","1","1","1","0.3819499909877777","0.3765999972820282","0.3872999846935272","0.6601499915122986","0.6545000076293945","0.6657999753952026","1","1","1","1","1","1","0.3412499874830246","0.32659998536109924","0.35589998960494995","0.8382499814033508","0.833899974822998","0.8425999879837036","1","1","1","1","1","1","0.28290000557899475","0.28290000557899475","0.28290000557899475","0.8689000010490417","0.8689000010490417","0.8689000010490417","1","1","1","1","1","1","0.3423999845981598","0.3423999845981598","0.3423999845981598","0.8736000061035156","0.8736000061035156","0.8736000061035156","1","1","1","1","1","1","0.044499997049570084","0.044499997049570084","0.044499997049570084","1","1","1"
"4588","1","1","1","1","1","1","0.04779999703168869","0.04779999703168869","0.04779999703168869","1","1","1","1","1","1","1","1","1","0.04230000078678131","0.04230000078678131","0.04230000078678131","1","1","1","1","1","1","1","1","1","0.38294999301433563","0.3730999827384949","0.3928000032901764","0.659500002861023","0.6534000039100647","0.6656000018119812","1","1","1","1","1","1","0.35329999029636383","0.34299999475479126","0.3635999858379364","0.8407999873161316","0.8371999859809875","0.8443999886512756","1","1","1","1","1","1","0.287200003862381","0.287200003862381","0.287200003862381","0.8689999580383301","0.8689999580383301","0.8689999580383301","1","1","1","1","1","1","0.34059998393058777","0.34059998393058777","0.34059998393058777","0.8737999796867371","0.8737999796867371","0.8737999796867371","1","1","1","1","1","1","0.04439999908208847","0.04439999908208847","0.04439999908208847","1","1","1"
"4599","1","1","1","1","1","1","0.04729999974370003","0.04729999974370003","0.04729999974370003","1","1","1","1","1","1","1","1","1","0.04270000010728836","0.04270000010728836","0.04270000010728836","1","1","1","1","1","1","1","1","1","0.37084999680519104","0.357699990272522","0.3840000033378601","0.6513499915599823","0.6425999999046326","0.660099983215332","1","1","1","1","1","1","0.3464999943971634","0.3400999903678894","0.3528999984264374","0.8398500084877014","0.8359000086784363","0.8438000082969666","1","1","1","1","1","1","0.2930999994277954","0.2930999994277954","0.2930999994277954","0.8700999617576599","0.8700999617576599","0.8700999617576599","1","1","1","1","1","1","0.34459999203681946","0.34459999203681946","0.34459999203681946","0.8758999705314636","0.8758999705314636","0.8758999705314636","1","1","1","1","1","1","0.044199999421834946","0.044199999421834946","0.044199999421834946","1","1","1"
"4610","1","1","1","1","1","1","0.04779999703168869","0.04779999703168869","0.04779999703168869","1","1","1","1","1","1","1","1","1","0.042500000447034836","0.042500000447034836","0.042500000447034836","1","1","1","1","1","1","1","1","1","0.3839999884366989","0.3723999857902527","0.39559999108314514","0.659199982881546","0.6507999897003174","0.6675999760627747","1","1","1","1","1","1","0.3462499976158142","0.3431999981403351","0.34929999709129333","0.8390999734401703","0.8362999558448792","0.8418999910354614","1","1","1","1","1","1","0.28919997811317444","0.28919997811317444","0.28919997811317444","0.8697999715805054","0.8697999715805054","0.8697999715805054","1","1","1","1","1","1","0.3594000041484833","0.3594000041484833","0.3594000041484833","0.8772000074386597","0.8772000074386597","0.8772000074386597","1","1","1","1","1","1","0.044599998742341995","0.044599998742341995","0.044599998742341995","1","1","1"
"4621","1","1","1","1","1","1","0.04739999771118164","0.04739999771118164","0.04739999771118164","1","1","1","1","1","1","1","1","1","0.042500000447034836","0.042500000447034836","0.042500000447034836","1","1","1","1","1","1","1","1","1","0.3839999884366989","0.3653999865055084","0.4025999903678894","0.6604499816894531","0.6477999687194824","0.6730999946594238","1","1","1","1","1","1","0.34059998393058777","0.33719998598098755","0.343999981880188","0.8382999897003174","0.8359000086784363","0.8406999707221985","1","1","1","1","1","1","0.2919999957084656","0.2919999957084656","0.2919999957084656","0.8707999587059021","0.8707999587059021","0.8707999587059021","1","1","1","1","1","1","0.35749998688697815","0.35749998688697815","0.35749998688697815","0.8769999742507935","0.8769999742507935","0.8769999742507935","1","1","1","1","1","1","0.04399999976158142","0.04399999976158142","0.04399999976158142","1","1","1"
"4632","1","1","1","1","1","1","0.04779999703168869","0.04779999703168869","0.04779999703168869","1","1","1","1","1","1","1","1","1","0.0421999990940094","0.0421999990940094","0.0421999990940094","1","1","1","0.9999499917030334","0.9998999834060669","1","1","1","1","0.3841499835252762","0.3716999888420105","0.39659997820854187","0.6599499881267548","0.651199996471405","0.6686999797821045","1","1","1","1","1","1","0.34154999256134033","0.33980000019073486","0.3432999849319458","0.8401999771595001","0.8380999565124512","0.8422999978065491","1","1","1","1","1","1","0.2937999963760376","0.2937999963760376","0.2937999963760376","0.8722999691963196","0.8722999691963196","0.8722999691963196","1","1","1","1","1","1","0.33570000529289246","0.33570000529289246","0.33570000529289246","0.8738999962806702","0.8738999962806702","0.8738999962806702","1","1","1","1","1","1","0.044199999421834946","0.044199999421834946","0.044199999421834946","1","1","1"
"4643","1","1","1","1","1","1","0.04729999974370003","0.04729999974370003","0.04729999974370003","1","1","1","1","1","1","1","1","1","0.04230000078678131","0.04230000078678131","0.04230000078678131","1","1","1","0.9999499917030334","0.9998999834060669","1","1","1","1","0.38829998672008514","0.3755999803543091","0.4009999930858612","0.661300003528595","0.6520000100135803","0.6705999970436096","1","1","1","1","1","1","0.3480999916791916","0.3479999899864197","0.3481999933719635","0.8399499654769897","0.8381999731063843","0.8416999578475952","1","1","1","1","1","1","0.29109999537467957","0.29109999537467957","0.29109999537467957","0.8715999722480774","0.8715999722480774","0.8715999722480774","1","1","1","1","1","1","0.353300005197525","0.353300005197525","0.353300005197525","0.8773999810218811","0.8773999810218811","0.8773999810218811","1","1","1","1","1","1","0.04429999738931656","0.04429999738931656","0.04429999738931656","1","1","1"
"4654","1","1","1","1","1","1","0.047599997371435165","0.047599997371435165","0.047599997371435165","1","1","1","1","1","1","1","1","1","0.042399998754262924","0.042399998754262924","0.042399998754262924","1","1","1","1","1","1","1","1","1","0.3836999833583832","0.3791999816894531","0.38819998502731323","0.6584500074386597","0.6534000039100647","0.6635000109672546","1","1","1","1","1","1","0.3495999872684479","0.34779998660087585","0.3513999879360199","0.8396999835968018","0.8375999927520752","0.8417999744415283","1","1","1","1","1","1","0.28450000286102295","0.28450000286102295","0.28450000286102295","0.8689000010490417","0.8689000010490417","0.8689000010490417","1","1","1","1","1","1","0.35740000009536743","0.35740000009536743","0.35740000009536743","0.875499963760376","0.875499963760376","0.875499963760376","1","1","1","1","1","1","0.04439999908208847","0.04439999908208847","0.04439999908208847","1","1","1"
"4665","1","1","1","1","1","1","0.047199998050928116","0.047199998050928116","0.047199998050928116","1","1","1","1","1","1","1","1","1","0.042500000447034836","0.042500000447034836","0.042500000447034836","1","1","1","1","1","1","1","1","1","0.38269998133182526","0.38189998269081116","0.38349997997283936","0.6587499976158142","0.6563000082969666","0.6611999869346619","1","1","1","1","1","1","0.3470499962568283","0.34299999475479126","0.35109999775886536","0.8396999835968018","0.8385999798774719","0.8407999873161316","1","1","1","1","1","1","0.2766000032424927","0.2766000032424927","0.2766000032424927","0.8671999573707581","0.8671999573707581","0.8671999573707581","1","1","1","1","1","1","0.343999981880188","0.343999981880188","0.343999981880188","0.8734999895095825","0.8734999895095825","0.8734999895095825","1","1","1","1","1","1","0.044199999421834946","0.044199999421834946","0.044199999421834946","1","1","1"
"4676","1","1","1","1","1","1","0.047599997371435165","0.047599997371435165","0.047599997371435165","1","1","1","1","1","1","1","1","1","0.04230000078678131","0.04230000078678131","0.04230000078678131","1","1","1","0.9999499917030334","0.9998999834060669","1","1","1","1","0.3864999860525131","0.3863999843597412","0.38659998774528503","0.6592499911785126","0.656499981880188","0.6620000004768372","1","1","1","1","1","1","0.3481999933719635","0.34209999442100525","0.35429999232292175","0.840999960899353","0.8394999504089355","0.8424999713897705","1","1","1","1","1","1","0.29109999537467957","0.29109999537467957","0.29109999537467957","0.871399998664856","0.871399998664856","0.871399998664856","1","1","1","1","1","1","0.35029998421669006","0.35029998421669006","0.35029998421669006","0.8759999871253967","0.8759999871253967","0.8759999871253967","1","1","1","1","1","1","0.04399999976158142","0.04399999976158142","0.04399999976158142","1","1","1"
"4687","1","1","1","1","1","1","0.04769999906420708","0.04769999906420708","0.04769999906420708","1","1","1","1","1","1","1","1","1","0.042399998754262924","0.042399998754262924","0.042399998754262924","1","1","1","0.9999499917030334","0.9998999834060669","1","1","1","1","0.38659998774528503","0.38589999079704285","0.3872999846935272","0.6615999639034271","0.6602999567985535","0.6628999710083008","1","1","1","1","1","1","0.35099998116493225","0.3498999774456024","0.3520999848842621","0.841649979352951","0.8392999768257141","0.843999981880188","1","1","1","1","1","1","0.2802000045776367","0.2802000045776367","0.2802000045776367","0.8696999549865723","0.8696999549865723","0.8696999549865723","1","1","1","1","1","1","0.33799999952316284","0.33799999952316284","0.33799999952316284","0.8732999563217163","0.8732999563217163","0.8732999563217163","1","1","1","1","1","1","0.04470000043511391","0.04470000043511391","0.04470000043511391","1","1","1"
"4698","1","1","1","1","1","1","0.0471000000834465","0.0471000000834465","0.0471000000834465","1","1","1","1","1","1","1","1","1","0.04270000010728836","0.04270000010728836","0.04270000010728836","1","1","1","1","1","1","1","1","1","0.38724999129772186","0.3865000009536743","0.3879999816417694","0.6619999706745148","0.6584999561309814","0.6654999852180481","1","1","1","1","1","1","0.34289999306201935","0.33980000019073486","0.34599998593330383","0.8395499885082245","0.8375999927520752","0.8414999842643738","1","1","1","1","1","1","0.28189998865127563","0.28189998865127563","0.28189998865127563","0.8696999549865723","0.8696999549865723","0.8696999549865723","1","1","1","1","1","1","0.3471999764442444","0.3471999764442444","0.3471999764442444","0.8743000030517578","0.8743000030517578","0.8743000030517578","1","1","1","1","1","1","0.04439999908208847","0.04439999908208847","0.04439999908208847","1","1","1"
"4709","1","1","1","1","1","1","0.04739999771118164","0.04739999771118164","0.04739999771118164","1","1","1","1","1","1","1","1","1","0.0429999977350235","0.0429999977350235","0.0429999977350235","1","1","1","0.9999499917030334","0.9998999834060669","1","1","1","1","0.38099998235702515","0.3730999827384949","0.3888999819755554","0.65829998254776","0.6579999923706055","0.6585999727249146","1","1","1","1","1","1","0.3380499929189682","0.33660000562667847","0.33949998021125793","0.8387999832630157","0.8371999859809875","0.840399980545044","1","1","1","1","1","1","0.27799999713897705","0.27799999713897705","0.27799999713897705","0.8693999648094177","0.8693999648094177","0.8693999648094177","1","1","1","1","1","1","0.3529999852180481","0.3529999852180481","0.3529999852180481","0.8755999803543091","0.8755999803543091","0.8755999803543091","1","1","1","1","1","1","0.04429999738931656","0.04429999738931656","0.04429999738931656","1","1","1"
"4720","1","1","1","1","1","1","0.04779999703168869","0.04779999703168869","0.04779999703168869","1","1","1","1","1","1","1","1","1","0.0421999990940094","0.0421999990940094","0.0421999990940094","1","1","1","0.9999499917030334","0.9998999834060669","1","1","1","1","0.3805999904870987","0.37939998507499695","0.38179999589920044","0.6580999791622162","0.6547999978065491","0.6613999605178833","1","1","1","1","1","1","0.3455999940633774","0.3427000045776367","0.34849998354911804","0.8391499817371368","0.8381999731063843","0.8400999903678894","1","1","1","1","1","1","0.27639999985694885","0.27639999985694885","0.27639999985694885","0.8687999844551086","0.8687999844551086","0.8687999844551086","1","1","1","1","1","1","0.3446999788284302","0.3446999788284302","0.3446999788284302","0.873699963092804","0.873699963092804","0.873699963092804","1","1","1","1","1","1","0.04389999806880951","0.04389999806880951","0.04389999806880951","1","1","1"
"4731","1","1","1","1","1","1","0.04809999838471413","0.04809999838471413","0.04809999838471413","1","1","1","1","1","1","1","1","1","0.042399998754262924","0.042399998754262924","0.042399998754262924","1","1","1","0.9999499917030334","0.9998999834060669","1","1","1","1","0.381649985909462","0.3790999948978424","0.38419997692108154","0.6574499905109406","0.6554999947547913","0.6593999862670898","1","1","1","1","1","1","0.3398999869823456","0.3360999822616577","0.34369999170303345","0.8377499878406525","0.8363999724388123","0.8391000032424927","1","1","1","1","1","1","0.2833999991416931","0.2833999991416931","0.2833999991416931","0.8704999685287476","0.8704999685287476","0.8704999685287476","1","1","1","1","1","1","0.3434999883174896","0.3434999883174896","0.3434999883174896","0.873699963092804","0.873699963092804","0.873699963092804","1","1","1","1","1","1","0.044499997049570084","0.044499997049570084","0.044499997049570084","1","1","1"
"4742","1","1","1","1","1","1","0.04739999771118164","0.04739999771118164","0.04739999771118164","1","1","1","1","1","1","1","1","1","0.042399998754262924","0.042399998754262924","0.042399998754262924","1","1","1","1","1","1","1","1","1","0.38659998774528503","0.3805999755859375","0.39259999990463257","0.6625500023365021","0.6565999984741211","0.6685000061988831","1","1","1","1","1","1","0.3416000008583069","0.33730000257492065","0.3458999991416931","0.8382999897003174","0.835099995136261","0.8414999842643738","1","1","1","1","1","1","0.2750000059604645","0.2750000059604645","0.2750000059604645","0.8698999881744385","0.8698999881744385","0.8698999881744385","1","1","1","1","1","1","0.3425000011920929","0.3425000011920929","0.3425000011920929","0.8725000023841858","0.8725000023841858","0.8725000023841858","1","1","1","1","1","1","0.044599998742341995","0.044599998742341995","0.044599998742341995","1","1","1"
"4753","1","1","1","1","1","1","0.047599997371435165","0.047599997371435165","0.047599997371435165","1","1","1","1","1","1","1","1","1","0.04209999740123749","0.04209999740123749","0.04209999740123749","1","1","1","0.9999499917030334","0.9998999834060669","1","1","1","1","0.3844500035047531","0.3840000033378601","0.3849000036716461","0.6613999605178833","0.6570999622344971","0.6656999588012695","1","1","1","1","1","1","0.3390999883413315","0.3349999785423279","0.3431999981403351","0.8384499847888947","0.8364999890327454","0.840399980545044","1","1","1","1","1","1","0.2775999903678894","0.2775999903678894","0.2775999903678894","0.8700000047683716","0.8700000047683716","0.8700000047683716","1","1","1","1","1","1","0.3416999876499176","0.3416999876499176","0.3416999876499176","0.8718999624252319","0.8718999624252319","0.8718999624252319","1","1","1","1","1","1","0.044199999421834946","0.044199999421834946","0.044199999421834946","1","1","1"
"4764","1","1","1","1","1","1","0.04739999771118164","0.04739999771118164","0.04739999771118164","1","1","1","1","1","1","1","1","1","0.04209999740123749","0.04209999740123749","0.04209999740123749","1","1","1","0.9999499917030334","0.9998999834060669","1","1","1","1","0.39249998331069946","0.38679999113082886","0.39819997549057007","0.6657999753952026","0.6599999666213989","0.6715999841690063","1","1","1","1","1","1","0.3399999886751175","0.33969998359680176","0.3402999937534332","0.8377999663352966","0.8363999724388123","0.839199960231781","1","1","1","1","1","1","0.280599981546402","0.280599981546402","0.280599981546402","0.8697999715805054","0.8697999715805054","0.8697999715805054","1","1","1","1","1","1","0.3414999842643738","0.3414999842643738","0.3414999842643738","0.8716999888420105","0.8716999888420105","0.8716999888420105","1","1","1","1","1","1","0.04439999908208847","0.04439999908208847","0.04439999908208847","1","1","1"
"4775","1","1","1","1","1","1","0.04739999771118164","0.04739999771118164","0.04739999771118164","1","1","1","1","1","1","1","1","1","0.042500000447034836","0.042500000447034836","0.042500000447034836","1","1","1","0.9999499917030334","0.9998999834060669","1","1","1","1","0.3833499997854233","0.376800000667572","0.38989999890327454","0.6629499793052673","0.6628999710083008","0.6629999876022339","1","1","1","1","1","1","0.33709999918937683","0.3330000042915344","0.34119999408721924","0.8384499549865723","0.8351999521255493","0.8416999578475952","1","1","1","1","1","1","0.2806999981403351","0.2806999981403351","0.2806999981403351","0.8703999519348145","0.8703999519348145","0.8703999519348145","1","1","1","1","1","1","0.3423999845981598","0.3423999845981598","0.3423999845981598","0.8712999820709229","0.8712999820709229","0.8712999820709229","1","1","1","1","1","1","0.04439999908208847","0.04439999908208847","0.04439999908208847","1","1","1"
"4786","1","1","1","1","1","1","0.04749999940395355","0.04749999940395355","0.04749999940395355","1","1","1","1","1","1","1","1","1","0.04230000078678131","0.04230000078678131","0.04230000078678131","1","1","1","0.9999499917030334","0.9998999834060669","1","1","1","1","0.3894999921321869","0.384799987077713","0.39419999718666077","0.663349986076355","0.663100004196167","0.663599967956543","1","1","1","1","1","1","0.33674998581409454","0.33219999074935913","0.34129998087882996","0.837399959564209","0.8334999680519104","0.8412999510765076","1","1","1","1","1","1","0.2766000032424927","0.2766000032424927","0.2766000032424927","0.8697999715805054","0.8697999715805054","0.8697999715805054","1","1","1","1","1","1","0.34630000591278076","0.34630000591278076","0.34630000591278076","0.8726999759674072","0.8726999759674072","0.8726999759674072","1","1","1","1","1","1","0.044099997729063034","0.044099997729063034","0.044099997729063034","1","1","1"
"4797","1","1","1","1","1","1","0.04739999771118164","0.04739999771118164","0.04739999771118164","1","1","1","1","1","1","1","1","1","0.042399998754262924","0.042399998754262924","0.042399998754262924","1","1","1","0.9999499917030334","0.9998999834060669","1","1","1","1","0.3893499821424484","0.3861999809741974","0.39249998331069946","0.6647499799728394","0.6626999974250793","0.6667999625205994","1","1","1","1","1","1","0.3287999778985977","0.3243999779224396","0.33319997787475586","0.836499959230423","0.8333999514579773","0.8395999670028687","1","1","1","1","1","1","0.27730000019073486","0.27730000019073486","0.27730000019073486","0.8700999617576599","0.8700999617576599","0.8700999617576599","1","1","1","1","1","1","0.34950000047683716","0.34950000047683716","0.34950000047683716","0.8734999895095825","0.8734999895095825","0.8734999895095825","1","1","1","1","1","1","0.04429999738931656","0.04429999738931656","0.04429999738931656","1","1","1"
"4808","1","1","1","1","1","1","0.04749999940395355","0.04749999940395355","0.04749999940395355","1","1","1","1","1","1","1","1","1","0.04230000078678131","0.04230000078678131","0.04230000078678131","1","1","1","1","1","1","1","1","1","0.39284998178482056","0.3895999789237976","0.3960999846458435","0.6649999618530273","0.6642999649047852","0.6656999588012695","1","1","1","1","1","1","0.33219999074935913","0.3212999999523163","0.343099981546402","0.8371999859809875","0.8314999938011169","0.8428999781608582","1","1","1","1","1","1","0.2791000008583069","0.2791000008583069","0.2791000008583069","0.8700999617576599","0.8700999617576599","0.8700999617576599","1","1","1","1","1","1","0.3483999967575073","0.3483999967575073","0.3483999967575073","0.8730999827384949","0.8730999827384949","0.8730999827384949","1","1","1","1","1","1","0.044599998742341995","0.044599998742341995","0.044599998742341995","1","1","1"
"4819","1","1","1","1","1","1","0.04769999906420708","0.04769999906420708","0.04769999906420708","1","1","1","1","1","1","1","1","1","0.041999999433755875","0.041999999433755875","0.041999999433755875","1","1","1","1","1","1","1","1","1","0.3920000046491623","0.38760000467300415","0.39640000462532043","0.6650499701499939","0.6638999581336975","0.6661999821662903","1","1","1","1","1","1","0.3392999917268753","0.33219999074935913","0.3463999927043915","0.8381499648094177","0.8326999545097351","0.8435999751091003","1","1","1","1","1","1","0.27869999408721924","0.27869999408721924","0.27869999408721924","0.8697999715805054","0.8697999715805054","0.8697999715805054","1","1","1","1","1","1","0.3553999960422516","0.3553999960422516","0.3553999960422516","0.8736000061035156","0.8736000061035156","0.8736000061035156","1","1","1","1","1","1","0.044099997729063034","0.044099997729063034","0.044099997729063034","1","1","1"
"4830","1","1","1","1","1","1","0.04729999974370003","0.04729999974370003","0.04729999974370003","1","1","1","1","1","1","1","1","1","0.04270000010728836","0.04270000010728836","0.04270000010728836","1","1","1","1","1","1","1","1","1","0.3827499896287918","0.37770000100135803","0.3877999782562256","0.659500002861023","0.6583999991416931","0.6606000065803528","1","1","1","1","1","1","0.3317499905824661","0.3220999836921692","0.34139999747276306","0.8364999890327454","0.8310999870300293","0.8418999910354614","1","1","1","1","1","1","0.288100004196167","0.288100004196167","0.288100004196167","0.871399998664856","0.871399998664856","0.871399998664856","1","1","1","1","1","1","0.35999998450279236","0.35999998450279236","0.35999998450279236","0.8732999563217163","0.8732999563217163","0.8732999563217163","1","1","1","1","1","1","0.04439999908208847","0.04439999908208847","0.04439999908208847","1","1","1"
"4841","1","1","1","1","1","1","0.04769999906420708","0.04769999906420708","0.04769999906420708","1","1","1","1","1","1","1","1","1","0.04230000078678131","0.04230000078678131","0.04230000078678131","1","1","1","0.9999499917030334","0.9998999834060669","1","1","1","1","0.3839999884366989","0.37709999084472656","0.39089998602867126","0.6595499813556671","0.6585999727249146","0.6604999899864197","1","1","1","1","1","1","0.3298499882221222","0.32179999351501465","0.33789998292922974","0.8361499905586243","0.8307999968528748","0.8414999842643738","1","1","1","1","1","1","0.2865000069141388","0.2865000069141388","0.2865000069141388","0.8709999918937683","0.8709999918937683","0.8709999918937683","1","1","1","1","1","1","0.3570999801158905","0.3570999801158905","0.3570999801158905","0.8733999729156494","0.8733999729156494","0.8733999729156494","1","1","1","1","1","1","0.04470000043511391","0.04470000043511391","0.04470000043511391","1","1","1"
"4852","1","1","1","1","1","1","0.047599997371435165","0.047599997371435165","0.047599997371435165","1","1","1","1","1","1","1","1","1","0.04230000078678131","0.04230000078678131","0.04230000078678131","1","1","1","0.9999499917030334","0.9998999834060669","1","1","1","1","0.384799987077713","0.3772999942302704","0.39229997992515564","0.66034996509552","0.6567999720573425","0.6638999581336975","1","1","1","1","1","1","0.3319999873638153","0.3125999867916107","0.3513999879360199","0.8366999924182892","0.8289999961853027","0.8443999886512756","1","1","1","1","1","1","0.2865000069141388","0.2865000069141388","0.2865000069141388","0.8718999624252319","0.8718999624252319","0.8718999624252319","1","1","1","1","1","1","0.3536999821662903","0.3536999821662903","0.3536999821662903","0.8732999563217163","0.8732999563217163","0.8732999563217163","1","1","1","1","1","1","0.044199999421834946","0.044199999421834946","0.044199999421834946","1","1","1"
"4863","1","1","1","1","1","1","0.04729999974370003","0.04729999974370003","0.04729999974370003","1","1","1","1","1","1","1","1","1","0.04259999841451645","0.04259999841451645","0.04259999841451645","1","1","1","0.9999499917030334","0.9998999834060669","1","1","1","1","0.3862999975681305","0.38089999556541443","0.39169999957084656","0.6621999740600586","0.6614999771118164","0.6628999710083008","1","1","1","1","1","1","0.3192499876022339","0.31619998812675476","0.322299987077713","0.831849992275238","0.8310999870300293","0.8325999975204468","1","1","1","1","1","1","0.28610000014305115","0.28610000014305115","0.28610000014305115","0.8725000023841858","0.8725000023841858","0.8725000023841858","1","1","1","1","1","1","0.3531999886035919","0.3531999886035919","0.3531999886035919","0.8726999759674072","0.8726999759674072","0.8726999759674072","1","1","1","1","1","1","0.044199999421834946","0.044199999421834946","0.044199999421834946","1","1","1"
"4874","1","1","1","1","1","1","0.04779999703168869","0.04779999703168869","0.04779999703168869","1","1","1","1","1","1","1","1","1","0.04259999841451645","0.04259999841451645","0.04259999841451645","1","1","1","0.9999499917030334","0.9998999834060669","1","1","1","1","0.38214999437332153","0.3743000030517578","0.38999998569488525","0.6593999862670898","0.6570999622344971","0.6617000102996826","1","1","1","1","1","1","0.3311999887228012","0.3261999785900116","0.3361999988555908","0.8362999856472015","0.8337000012397766","0.8388999700546265","1","1","1","1","1","1","0.287200003862381","0.287200003862381","0.287200003862381","0.8721999526023865","0.8721999526023865","0.8721999526023865","1","1","1","1","1","1","0.34849998354911804","0.34849998354911804","0.34849998354911804","0.8727999925613403","0.8727999925613403","0.8727999925613403","1","1","1","1","1","1","0.04470000043511391","0.04470000043511391","0.04470000043511391","1","1","1"
"4885","1","1","1","1","1","1","0.047199998050928116","0.047199998050928116","0.047199998050928116","1","1","1","1","1","1","1","1","1","0.04209999740123749","0.04209999740123749","0.04209999740123749","1","1","1","0.9999499917030334","0.9998999834060669","1","1","1","1","0.3850499838590622","0.37779998779296875","0.39229997992515564","0.6591499745845795","0.6563999652862549","0.661899983882904","1","1","1","1","1","1","0.3313499987125397","0.3199999928474426","0.3427000045776367","0.835999995470047","0.8317999839782715","0.8402000069618225","1","1","1","1","1","1","0.28700000047683716","0.28700000047683716","0.28700000047683716","0.8716999888420105","0.8716999888420105","0.8716999888420105","1","1","1","1","1","1","0.35499998927116394","0.35499998927116394","0.35499998927116394","0.8747999668121338","0.8747999668121338","0.8747999668121338","1","1","1","1","1","1","0.044599998742341995","0.044599998742341995","0.044599998742341995","1","1","1"
"4896","1","1","1","1","1","1","0.0478999987244606","0.0478999987244606","0.0478999987244606","1","1","1","1","1","1","1","1","1","0.042500000447034836","0.042500000447034836","0.042500000447034836","1","1","1","0.9998999834060669","0.9997999668121338","1","1","1","1","0.38739998638629913","0.38499999046325684","0.38979998230934143","0.6604499816894531","0.6590999960899353","0.661799967288971","1","1","1","1","1","1","0.34014999866485596","0.3294000029563904","0.35089999437332153","0.8384999930858612","0.8339999914169312","0.8429999947547913","1","1","1","1","1","1","0.2888000011444092","0.2888000011444092","0.2888000011444092","0.871999979019165","0.871999979019165","0.871999979019165","1","1","1","1","1","1","0.3531000018119812","0.3531000018119812","0.3531000018119812","0.8743000030517578","0.8743000030517578","0.8743000030517578","1","1","1","1","1","1","0.044199999421834946","0.044199999421834946","0.044199999421834946","1","1","1"
"4907","1","1","1","1","1","1","0.047599997371435165","0.047599997371435165","0.047599997371435165","1","1","1","1","1","1","1","1","1","0.04230000078678131","0.04230000078678131","0.04230000078678131","1","1","1","0.9999499917030334","0.9998999834060669","1","1","1","1","0.3840499818325043","0.37939998507499695","0.3886999785900116","0.6596499681472778","0.6585999727249146","0.6606999635696411","1","1","1","1","1","1","0.3398999869823456","0.33079999685287476","0.3489999771118164","0.8377999663352966","0.833899974822998","0.8416999578475952","1","1","1","1","1","1","0.2879999876022339","0.2879999876022339","0.2879999876022339","0.8709999918937683","0.8709999918937683","0.8709999918937683","1","1","1","1","1","1","0.3554999828338623","0.3554999828338623","0.3554999828338623","0.8754000067710876","0.8754000067710876","0.8754000067710876","1","1","1","1","1","1","0.044099997729063034","0.044099997729063034","0.044099997729063034","1","1","1"
"4918","1","1","1","1","1","1","0.04729999974370003","0.04729999974370003","0.04729999974370003","1","1","1","1","1","1","1","1","1","0.04209999740123749","0.04209999740123749","0.04209999740123749","1","1","1","0.9999499917030334","0.9998999834060669","1","1","1","1","0.3858499825000763","0.385699987411499","0.38599997758865356","0.6592499911785126","0.6570000052452087","0.6614999771118164","1","1","1","1","1","1","0.33744998276233673","0.3328999876976013","0.34199997782707214","0.8375000059604645","0.8341000080108643","0.8409000039100647","1","1","1","1","1","1","0.2865000069141388","0.2865000069141388","0.2865000069141388","0.8707999587059021","0.8707999587059021","0.8707999587059021","1","1","1","1","1","1","0.3481999933719635","0.3481999933719635","0.3481999933719635","0.873199999332428","0.873199999332428","0.873199999332428","1","1","1","1","1","1","0.044499997049570084","0.044499997049570084","0.044499997049570084","1","1","1"
"4929","1","1","1","1","1","1","0.04739999771118164","0.04739999771118164","0.04739999771118164","1","1","1","1","1","1","1","1","1","0.04209999740123749","0.04209999740123749","0.04209999740123749","1","1","1","0.9999499917030334","0.9998999834060669","1","1","1","1","0.38294997811317444","0.3807999789714813","0.38509997725486755","0.6586999893188477","0.6585999727249146","0.6588000059127808","1","1","1","1","1","1","0.33424998819828033","0.3244999945163727","0.343999981880188","0.8369499742984772","0.8326999545097351","0.8411999940872192","1","1","1","1","1","1","0.28129997849464417","0.28129997849464417","0.28129997849464417","0.8702999949455261","0.8702999949455261","0.8702999949455261","1","1","1","1","1","1","0.3563999831676483","0.3563999831676483","0.3563999831676483","0.8743999600410461","0.8743999600410461","0.8743999600410461","1","1","1","1","1","1","0.04470000043511391","0.04470000043511391","0.04470000043511391","1","1","1"
"4940","1","1","1","1","1","1","0.04729999974370003","0.04729999974370003","0.04729999974370003","1","1","1","1","1","1","1","1","1","0.04230000078678131","0.04230000078678131","0.04230000078678131","1","1","1","0.9999499917030334","0.9998999834060669","1","1","1","1","0.3828999996185303","0.38089999556541443","0.3849000036716461","0.6598499715328217","0.6595999598503113","0.660099983215332","1","1","1","1","1","1","0.3343999981880188","0.32249999046325684","0.34630000591278076","0.8364499807357788","0.8317999839782715","0.8410999774932861","1","1","1","1","1","1","0.28859999775886536","0.28859999775886536","0.28859999775886536","0.8711999654769897","0.8711999654769897","0.8711999654769897","1","1","1","1","1","1","0.35109999775886536","0.35109999775886536","0.35109999775886536","0.873199999332428","0.873199999332428","0.873199999332428","1","1","1","1","1","1","0.044099997729063034","0.044099997729063034","0.044099997729063034","1","1","1"
"4951","1","1","1","1","1","1","0.04729999974370003","0.04729999974370003","0.04729999974370003","1","1","1","1","1","1","1","1","1","0.04209999740123749","0.04209999740123749","0.04209999740123749","1","1","1","0.9999499917030334","0.9998999834060669","1","1","1","1","0.38199999928474426","0.3774999976158142","0.3865000009536743","0.6580999791622162","0.6538999676704407","0.6622999906539917","1","1","1","1","1","1","0.33149999380111694","0.32589998841285706","0.33709999918937683","0.8356499969959259","0.8330000042915344","0.8382999897003174","1","1","1","1","1","1","0.2874000072479248","0.2874000072479248","0.2874000072479248","0.8716999888420105","0.8716999888420105","0.8716999888420105","1","1","1","1","1","1","0.3564999997615814","0.3564999997615814","0.3564999997615814","0.8736000061035156","0.8736000061035156","0.8736000061035156","1","1","1","1","1","1","0.044599998742341995","0.044599998742341995","0.044599998742341995","1","1","1"
"4962","1","1","1","1","1","1","0.047599997371435165","0.047599997371435165","0.047599997371435165","1","1","1","1","1","1","1","1","1","0.04259999841451645","0.04259999841451645","0.04259999841451645","1","1","1","0.9999499917030334","0.9998999834060669","1","1","1","1","0.37664999067783356","0.37599998712539673","0.3772999942302704","0.6568500101566315","0.6556000113487244","0.6581000089645386","1","1","1","1","1","1","0.3398499935865402","0.32749998569488525","0.3522000014781952","0.8383499979972839","0.8325999975204468","0.8440999984741211","1","1","1","1","1","1","0.28139999508857727","0.28139999508857727","0.28139999508857727","0.8693000078201294","0.8693000078201294","0.8693000078201294","1","1","1","1","1","1","0.3515999913215637","0.3515999913215637","0.3515999913215637","0.8730999827384949","0.8730999827384949","0.8730999827384949","1","1","1","1","1","1","0.04429999738931656","0.04429999738931656","0.04429999738931656","1","1","1"
"4973","1","1","1","1","1","1","0.04739999771118164","0.04739999771118164","0.04739999771118164","1","1","1","1","1","1","1","1","1","0.04259999841451645","0.04259999841451645","0.04259999841451645","1","1","1","0.9999499917030334","0.9998999834060669","1","1","1","1","0.376350000500679","0.3734000027179718","0.37929999828338623","0.6546500027179718","0.652999997138977","0.6563000082969666","1","1","1","1","1","1","0.3396499902009964","0.32919999957084656","0.35009998083114624","0.8384499847888947","0.8339999914169312","0.8428999781608582","1","1","1","1","1","1","0.2830999791622162","0.2830999791622162","0.2830999791622162","0.8700000047683716","0.8700000047683716","0.8700000047683716","1","1","1","1","1","1","0.3588999807834625","0.3588999807834625","0.3588999807834625","0.8743999600410461","0.8743999600410461","0.8743999600410461","1","1","1","1","1","1","0.044199999421834946","0.044199999421834946","0.044199999421834946","1","1","1"
"4984","1","1","1","1","1","1","0.04749999940395355","0.04749999940395355","0.04749999940395355","1","1","1","1","1","1","1","1","1","0.042399998754262924","0.042399998754262924","0.042399998754262924","1","1","1","0.9999499917030334","0.9998999834060669","1","1","1","1","0.37664999067783356","0.37529999017715454","0.3779999911785126","0.6559999883174896","0.6535999774932861","0.6583999991416931","1","1","1","1","1","1","0.3384999930858612","0.3263999819755554","0.350600004196167","0.837149977684021","0.8319999575614929","0.8422999978065491","1","1","1","1","1","1","0.2816999852657318","0.2816999852657318","0.2816999852657318","0.8710999488830566","0.8710999488830566","0.8710999488830566","1","1","1","1","1","1","0.3464999794960022","0.3464999794960022","0.3464999794960022","0.8727999925613403","0.8727999925613403","0.8727999925613403","1","1","1","1","1","1","0.04429999738931656","0.04429999738931656","0.04429999738931656","1","1","1"
"4995","1","1","1","1","1","1","0.0471000000834465","0.0471000000834465","0.0471000000834465","1","1","1","1","1","1","1","1","1","0.04179999977350235","0.04179999977350235","0.04179999977350235","1","1","1","0.9999499917030334","0.9998999834060669","1","1","1","1","0.3803499788045883","0.37199997901916504","0.3886999785900116","0.6587999761104584","0.6542999744415283","0.6632999777793884","1","1","1","1","1","1","0.3397499918937683","0.3278000056743622","0.35169997811317444","0.8377499878406525","0.8328999876976013","0.8425999879837036","1","1","1","1","1","1","0.2759000062942505","0.2759000062942505","0.2759000062942505","0.8696999549865723","0.8696999549865723","0.8696999549865723","1","1","1","1","1","1","0.35659998655319214","0.35659998655319214","0.35659998655319214","0.8730999827384949","0.8730999827384949","0.8730999827384949","1","1","1","1","1","1","0.044499997049570084","0.044499997049570084","0.044499997049570084","1","1","1"
"5006","1","1","1","1","1","1","0.047599997371435165","0.047599997371435165","0.047599997371435165","1","1","1","1","1","1","1","1","1","0.04189999774098396","0.04189999774098396","0.04189999774098396","1","1","1","0.9999499917030334","0.9998999834060669","1","1","1","1","0.3814999908208847","0.3718999922275543","0.3910999894142151","0.65829998254776","0.6525999903678894","0.6639999747276306","1","1","1","1","1","1","0.34279999136924744","0.3357999920845032","0.3497999906539917","0.8387499749660492","0.8357999920845032","0.8416999578475952","1","1","1","1","1","1","0.284199982881546","0.284199982881546","0.284199982881546","0.870199978351593","0.870199978351593","0.870199978351593","1","1","1","1","1","1","0.351500004529953","0.351500004529953","0.351500004529953","0.871999979019165","0.871999979019165","0.871999979019165","1","1","1","1","1","1","0.044099997729063034","0.044099997729063034","0.044099997729063034","1","1","1"
"5017","1","1","1","1","1","1","0.04729999974370003","0.04729999974370003","0.04729999974370003","1","1","1","1","1","1","1","1","1","0.04259999841451645","0.04259999841451645","0.04259999841451645","1","1","1","0.9999499917030334","0.9998999834060669","1","1","1","1","0.3823999911546707","0.3675999939441681","0.39719998836517334","0.656499981880188","0.6470999717712402","0.6658999919891357","1","1","1","1","1","1","0.3452499806880951","0.33969998359680176","0.3507999777793884","0.8401499688625336","0.8376999497413635","0.8425999879837036","1","1","1","1","1","1","0.27889999747276306","0.27889999747276306","0.27889999747276306","0.8696999549865723","0.8696999549865723","0.8696999549865723","1","1","1","1","1","1","0.3467999994754791","0.3467999994754791","0.3467999994754791","0.8723999857902527","0.8723999857902527","0.8723999857902527","1","1","1","1","1","1","0.044199999421834946","0.044199999421834946","0.044199999421834946","1","1","1"
"5028","1","1","1","1","1","1","0.047199998050928116","0.047199998050928116","0.047199998050928116","1","1","1","1","1","1","1","1","1","0.04230000078678131","0.04230000078678131","0.04230000078678131","1","1","1","0.9999499917030334","0.9998999834060669","1","1","1","1","0.3913999944925308","0.37439998984336853","0.4083999991416931","0.6632999777793884","0.6530999541282654","0.6735000014305115","1","1","1","1","1","1","0.34724998474121094","0.34459999203681946","0.3498999774456024","0.8402999639511108","0.8376999497413635","0.8428999781608582","1","1","1","1","1","1","0.2807999849319458","0.2807999849319458","0.2807999849319458","0.8707000017166138","0.8707000017166138","0.8707000017166138","1","1","1","1","1","1","0.3447999954223633","0.3447999954223633","0.3447999954223633","0.8723999857902527","0.8723999857902527","0.8723999857902527","1","1","1","1","1","1","0.044599998742341995","0.044599998742341995","0.044599998742341995","1","1","1"
"5039","1","1","1","1","1","1","0.0478999987244606","0.0478999987244606","0.0478999987244606","1","1","1","1","1","1","1","1","1","0.04259999841451645","0.04259999841451645","0.04259999841451645","1","1","1","0.9998999834060669","0.9997999668121338","1","1","1","1","0.3869500011205673","0.3797000050544739","0.39419999718666077","0.6604999899864197","0.6543999910354614","0.6665999889373779","1","1","1","1","1","1","0.3408999890089035","0.3344999849796295","0.3472999930381775","0.8392499685287476","0.8360999822616577","0.8423999547958374","1","1","1","1","1","1","0.28029999136924744","0.28029999136924744","0.28029999136924744","0.8700999617576599","0.8700999617576599","0.8700999617576599","1","1","1","1","1","1","0.3497999906539917","0.3497999906539917","0.3497999906539917","0.8732999563217163","0.8732999563217163","0.8732999563217163","1","1","1","1","1","1","0.04399999976158142","0.04399999976158142","0.04399999976158142","1","1","1"
"5050","1","1","1","1","1","1","0.04739999771118164","0.04739999771118164","0.04739999771118164","1","1","1","1","1","1","1","1","1","0.04270000010728836","0.04270000010728836","0.04270000010728836","1","1","1","0.9999499917030334","0.9998999834060669","1","1","1","1","0.39054998755455017","0.38089999556541443","0.4001999795436859","0.6625499725341797","0.6553999781608582","0.6696999669075012","1","1","1","1","1","1","0.35089999437332153","0.3391999900341034","0.3625999987125397","0.8410499691963196","0.8366999626159668","0.8453999757766724","1","1","1","1","1","1","0.287200003862381","0.287200003862381","0.287200003862381","0.870199978351593","0.870199978351593","0.870199978351593","1","1","1","1","1","1","0.32580000162124634","0.32580000162124634","0.32580000162124634","0.8687999844551086","0.8687999844551086","0.8687999844551086","1","1","1","1","1","1","0.044499997049570084","0.044499997049570084","0.044499997049570084","1","1","1"
"5061","1","1","1","1","1","1","0.04729999974370003","0.04729999974370003","0.04729999974370003","1","1","1","1","1","1","1","1","1","0.042399998754262924","0.042399998754262924","0.042399998754262924","1","1","1","0.9998999834060669","0.9997999668121338","1","1","1","1","0.3899499922990799","0.38439998030662537","0.3955000042915344","0.6635499894618988","0.6589999794960022","0.6680999994277954","1","1","1","1","1","1","0.3422499895095825","0.33799999952316284","0.3464999794960022","0.839599996805191","0.8371999859809875","0.8420000076293945","1","1","1","1","1","1","0.29679998755455017","0.29679998755455017","0.29679998755455017","0.8736000061035156","0.8736000061035156","0.8736000061035156","1","1","1","1","1","1","0.3353999853134155","0.3353999853134155","0.3353999853134155","0.8700999617576599","0.8700999617576599","0.8700999617576599","1","1","1","1","1","1","0.044199999421834946","0.044199999421834946","0.044199999421834946","1","1","1"
"5072","1","1","1","1","1","1","0.04769999906420708","0.04769999906420708","0.04769999906420708","1","1","1","1","1","1","1","1","1","0.04209999740123749","0.04209999740123749","0.04209999740123749","1","1","1","0.9998999834060669","0.9997999668121338","1","1","1","1","0.39629998803138733","0.3863999843597412","0.40619999170303345","0.6663999855518341","0.6592999696731567","0.6735000014305115","1","1","1","1","1","1","0.3415999859571457","0.3317999839782715","0.3513999879360199","0.8396999835968018","0.8364999890327454","0.8428999781608582","1","1","1","1","1","1","0.29659998416900635","0.29659998416900635","0.29659998416900635","0.8726999759674072","0.8726999759674072","0.8726999759674072","1","1","1","1","1","1","0.3325999975204468","0.3325999975204468","0.3325999975204468","0.8705999851226807","0.8705999851226807","0.8705999851226807","1","1","1","1","1","1","0.04439999908208847","0.04439999908208847","0.04439999908208847","1","1","1"
"5083","1","1","1","1","1","1","0.047199998050928116","0.047199998050928116","0.047199998050928116","1","1","1","1","1","1","1","1","1","0.042399998754262924","0.042399998754262924","0.042399998754262924","1","1","1","0.9999499917030334","0.9998999834060669","1","1","1","1","0.3881499916315079","0.3807999789714813","0.3955000042915344","0.662449985742569","0.6571999788284302","0.6676999926567078","1","1","1","1","1","1","0.335099995136261","0.32510000467300415","0.3450999855995178","0.8381499648094177","0.8348999619483948","0.8413999676704407","1","1","1","1","1","1","0.295199990272522","0.295199990272522","0.295199990272522","0.873199999332428","0.873199999332428","0.873199999332428","1","1","1","1","1","1","0.3312000036239624","0.3312000036239624","0.3312000036239624","0.8700000047683716","0.8700000047683716","0.8700000047683716","1","1","1","1","1","1","0.044199999421834946","0.044199999421834946","0.044199999421834946","1","1","1"
"5094","1","1","1","1","1","1","0.04749999940395355","0.04749999940395355","0.04749999940395355","1","1","1","1","1","1","1","1","1","0.04230000078678131","0.04230000078678131","0.04230000078678131","1","1","1","0.9998999834060669","0.9997999668121338","1","1","1","1","0.3931499868631363","0.38929998874664307","0.3969999849796295","0.6620999872684479","0.659500002861023","0.6646999716758728","1","1","1","1","1","1","0.341949999332428","0.33009999990463257","0.3537999987602234","0.8405999541282654","0.8362999558448792","0.8448999524116516","1","1","1","1","1","1","0.29440000653266907","0.29440000653266907","0.29440000653266907","0.8714999556541443","0.8714999556541443","0.8714999556541443","1","1","1","1","1","1","0.34059998393058777","0.34059998393058777","0.34059998393058777","0.8723999857902527","0.8723999857902527","0.8723999857902527","1","1","1","1","1","1","0.04399999976158142","0.04399999976158142","0.04399999976158142","1","1","1"
"5105","1","1","1","1","1","1","0.04739999771118164","0.04739999771118164","0.04739999771118164","1","1","1","1","1","1","1","1","1","0.0421999990940094","0.0421999990940094","0.0421999990940094","1","1","1","0.9999499917030334","0.9998999834060669","1","1","1","1","0.39149999618530273","0.3822000026702881","0.4007999897003174","0.6612999737262726","0.6577999591827393","0.6647999882698059","1","1","1","1","1","1","0.3395499885082245","0.3310000002384186","0.3480999767780304","0.8392499685287476","0.8351999521255493","0.8432999849319458","1","1","1","1","1","1","0.29999998211860657","0.29999998211860657","0.29999998211860657","0.8728999495506287","0.8728999495506287","0.8728999495506287","1","1","1","1","1","1","0.3292999863624573","0.3292999863624573","0.3292999863624573","0.8702999949455261","0.8702999949455261","0.8702999949455261","1","1","1","1","1","1","0.04429999738931656","0.04429999738931656","0.04429999738931656","1","1","1"
"5116","1","1","1","1","1","1","0.04749999940395355","0.04749999940395355","0.04749999940395355","1","1","1","1","1","1","1","1","1","0.04230000078678131","0.04230000078678131","0.04230000078678131","1","1","1","0.9999499917030334","0.9998999834060669","1","1","1","1","0.3890499919652939","0.3765999972820282","0.40149998664855957","0.6623499691486359","0.6548999547958374","0.6697999835014343","1","1","1","1","1","1","0.33934998512268066","0.32819998264312744","0.3504999876022339","0.8393499851226807","0.8342999815940857","0.8443999886512756","1","1","1","1","1","1","0.29989999532699585","0.29989999532699585","0.29989999532699585","0.8721999526023865","0.8721999526023865","0.8721999526023865","1","1","1","1","1","1","0.3312999904155731","0.3312999904155731","0.3312999904155731","0.8707000017166138","0.8707000017166138","0.8707000017166138","1","1","1","1","1","1","0.044499997049570084","0.044499997049570084","0.044499997049570084","1","1","1"
"5127","1","1","1","1","1","1","0.04749999940395355","0.04749999940395355","0.04749999940395355","1","1","1","1","1","1","1","1","1","0.04259999841451645","0.04259999841451645","0.04259999841451645","1","1","1","1","1","1","1","1","1","0.3879999965429306","0.3822000026702881","0.3937999904155731","0.6613499820232391","0.6567999720573425","0.6658999919891357","1","1","1","1","1","1","0.34094999730587006","0.3303000032901764","0.3515999913215637","0.8391499817371368","0.8355000019073486","0.842799961566925","1","1","1","1","1","1","0.29729998111724854","0.29729998111724854","0.29729998111724854","0.8732999563217163","0.8732999563217163","0.8732999563217163","1","1","1","1","1","1","0.3434000015258789","0.3434000015258789","0.3434000015258789","0.8718999624252319","0.8718999624252319","0.8718999624252319","1","1","1","1","1","1","0.044499997049570084","0.044499997049570084","0.044499997049570084","1","1","1"
"5138","1","1","1","1","1","1","0.04739999771118164","0.04739999771118164","0.04739999771118164","1","1","1","1","1","1","1","1","1","0.0421999990940094","0.0421999990940094","0.0421999990940094","1","1","1","1","1","1","1","1","1","0.38864998519420624","0.3798999786376953","0.39739999175071716","0.6595499813556671","0.6531999707221985","0.6658999919891357","1","1","1","1","1","1","0.33879998326301575","0.3335999846458435","0.343999981880188","0.8387500047683716","0.8366000056266785","0.8409000039100647","1","1","1","1","1","1","0.29809999465942383","0.29809999465942383","0.29809999465942383","0.8725000023841858","0.8725000023841858","0.8725000023841858","1","1","1","1","1","1","0.34849998354911804","0.34849998354911804","0.34849998354911804","0.8726999759674072","0.8726999759674072","0.8726999759674072","1","1","1","1","1","1","0.04470000043511391","0.04470000043511391","0.04470000043511391","1","1","1"
"5149","1","1","1","1","1","1","0.04739999771118164","0.04739999771118164","0.04739999771118164","1","1","1","1","1","1","1","1","1","0.04230000078678131","0.04230000078678131","0.04230000078678131","1","1","1","1","1","1","1","1","1","0.39079998433589935","0.37369999289512634","0.40789997577667236","0.6626499891281128","0.6520000100135803","0.6732999682426453","1","1","1","1","1","1","0.3420499861240387","0.3367999792098999","0.3472999930381775","0.8393499553203583","0.8380999565124512","0.8405999541282654","1","1","1","1","1","1","0.29440000653266907","0.29440000653266907","0.29440000653266907","0.871999979019165","0.871999979019165","0.871999979019165","1","1","1","1","1","1","0.34459999203681946","0.34459999203681946","0.34459999203681946","0.8727999925613403","0.8727999925613403","0.8727999925613403","1","1","1","1","1","1","0.04479999840259552","0.04479999840259552","0.04479999840259552","1","1","1"
"5160","1","1","1","1","1","1","0.04749999940395355","0.04749999940395355","0.04749999940395355","1","1","1","1","1","1","1","1","1","0.042799998074769974","0.042799998074769974","0.042799998074769974","1","1","1","1","1","1","1","1","1","0.39079998433589935","0.37599998712539673","0.405599981546402","0.6611999869346619","0.6523000001907349","0.6700999736785889","1","1","1","1","1","1","0.3452000021934509","0.33570000529289246","0.3546999990940094","0.8407999575138092","0.8376999497413635","0.8438999652862549","1","1","1","1","1","1","0.2870999872684479","0.2870999872684479","0.2870999872684479","0.8718999624252319","0.8718999624252319","0.8718999624252319","1","1","1","1","1","1","0.34540000557899475","0.34540000557899475","0.34540000557899475","0.8726999759674072","0.8726999759674072","0.8726999759674072","1","1","1","1","1","1","0.04439999908208847","0.04439999908208847","0.04439999908208847","1","1","1"
"5171","1","1","1","1","1","1","0.04749999940395355","0.04749999940395355","0.04749999940395355","1","1","1","1","1","1","1","1","1","0.04179999977350235","0.04179999977350235","0.04179999977350235","1","1","1","1","1","1","1","1","1","0.39079998433589935","0.38419997692108154","0.39739999175071716","0.6623999774456024","0.6568999886512756","0.6678999662399292","1","1","1","1","1","1","0.34389999508857727","0.3409000039100647","0.34689998626708984","0.8405499756336212","0.8392999768257141","0.8417999744415283","1","1","1","1","1","1","0.2881999909877777","0.2881999909877777","0.2881999909877777","0.8710999488830566","0.8710999488830566","0.8710999488830566","1","1","1","1","1","1","0.34139999747276306","0.34139999747276306","0.34139999747276306","0.8714999556541443","0.8714999556541443","0.8714999556541443","1","1","1","1","1","1","0.04470000043511391","0.04470000043511391","0.04470000043511391","1","1","1"
"5182","1","1","1","1","1","1","0.04769999906420708","0.04769999906420708","0.04769999906420708","1","1","1","1","1","1","1","1","1","0.04230000078678131","0.04230000078678131","0.04230000078678131","1","1","1","0.9999499917030334","0.9998999834060669","1","1","1","1","0.38769999146461487","0.3831000030040741","0.39229997992515564","0.6624499559402466","0.6584999561309814","0.6663999557495117","1","1","1","1","1","1","0.34459999203681946","0.3432999849319458","0.3458999991416931","0.8409999907016754","0.8407999873161316","0.8411999940872192","1","1","1","1","1","1","0.2858999967575073","0.2858999967575073","0.2858999967575073","0.8709999918937683","0.8709999918937683","0.8709999918937683","1","1","1","1","1","1","0.344899982213974","0.344899982213974","0.344899982213974","0.8715999722480774","0.8715999722480774","0.8715999722480774","1","1","1","1","1","1","0.044599998742341995","0.044599998742341995","0.044599998742341995","1","1","1"
"5193","1","1","1","1","1","1","0.04749999940395355","0.04749999940395355","0.04749999940395355","1","1","1","1","1","1","1","1","1","0.042399998754262924","0.042399998754262924","0.042399998754262924","1","1","1","0.9999499917030334","0.9998999834060669","1","1","1","1","0.38499999046325684","0.37860000133514404","0.39139997959136963","0.6595499813556671","0.6554999947547913","0.663599967956543","1","1","1","1","1","1","0.3257499933242798","0.31610000133514404","0.3353999853134155","0.8346499800682068","0.8337000012397766","0.835599958896637","1","1","1","1","1","1","0.2906000018119812","0.2906000018119812","0.2906000018119812","0.8718999624252319","0.8718999624252319","0.8718999624252319","1","1","1","1","1","1","0.3452000021934509","0.3452000021934509","0.3452000021934509","0.8716999888420105","0.8716999888420105","0.8716999888420105","1","1","1","1","1","1","0.044499997049570084","0.044499997049570084","0.044499997049570084","1","1","1"
"5204","1","1","1","1","1","1","0.04769999906420708","0.04769999906420708","0.04769999906420708","1","1","1","1","1","1","1","1","1","0.04230000078678131","0.04230000078678131","0.04230000078678131","1","1","1","0.9999499917030334","0.9998999834060669","1","1","1","1","0.3831999897956848","0.37369999289512634","0.3926999866962433","0.6584499776363373","0.6530999541282654","0.6638000011444092","1","1","1","1","1","1","0.34424997866153717","0.33069998025894165","0.3577999770641327","0.8392999768257141","0.8343999981880188","0.8441999554634094","1","1","1","1","1","1","0.29429998993873596","0.29429998993873596","0.29429998993873596","0.8718000054359436","0.8718000054359436","0.8718000054359436","1","1","1","1","1","1","0.343099981546402","0.343099981546402","0.343099981546402","0.871999979019165","0.871999979019165","0.871999979019165","1","1","1","1","1","1","0.04429999738931656","0.04429999738931656","0.04429999738931656","1","1","1"
"5215","1","1","1","1","1","1","0.04769999906420708","0.04769999906420708","0.04769999906420708","1","1","1","1","1","1","1","1","1","0.04259999841451645","0.04259999841451645","0.04259999841451645","1","1","1","0.9999499917030334","0.9998999834060669","1","1","1","1","0.38259997963905334","0.3791999816894531","0.38599997758865356","0.6586000025272369","0.6556000113487244","0.6615999937057495","1","1","1","1","1","1","0.34309999644756317","0.33489999175071716","0.3513000011444092","0.8393499851226807","0.8361999988555908","0.8424999713897705","1","1","1","1","1","1","0.2847999930381775","0.2847999930381775","0.2847999930381775","0.8707999587059021","0.8707999587059021","0.8707999587059021","1","1","1","1","1","1","0.3440999984741211","0.3440999984741211","0.3440999984741211","0.8725000023841858","0.8725000023841858","0.8725000023841858","1","1","1","1","1","1","0.04439999908208847","0.04439999908208847","0.04439999908208847","1","1","1"
"5226","1","1","1","1","1","1","0.04739999771118164","0.04739999771118164","0.04739999771118164","1","1","1","1","1","1","1","1","1","0.04259999841451645","0.04259999841451645","0.04259999841451645","1","1","1","0.9999499917030334","0.9998999834060669","1","1","1","1","0.3835499882698059","0.38329997658729553","0.3837999999523163","0.6591500043869019","0.6588000059127808","0.659500002861023","1","1","1","1","1","1","0.3436499834060669","0.32889997959136963","0.35839998722076416","0.8383999764919281","0.8337000012397766","0.8430999517440796","1","1","1","1","1","1","0.28519999980926514","0.28519999980926514","0.28519999980926514","0.8704999685287476","0.8704999685287476","0.8704999685287476","1","1","1","1","1","1","0.346699982881546","0.346699982881546","0.346699982881546","0.8737999796867371","0.8737999796867371","0.8737999796867371","1","1","1","1","1","1","0.04439999908208847","0.04439999908208847","0.04439999908208847","1","1","1"
"5237","1","1","1","1","1","1","0.04749999940395355","0.04749999940395355","0.04749999940395355","1","1","1","1","1","1","1","1","1","0.042500000447034836","0.042500000447034836","0.042500000447034836","1","1","1","0.9999499917030334","0.9998999834060669","1","1","1","1","0.38404999673366547","0.373199999332428","0.39489999413490295","0.6577999889850616","0.6510999798774719","0.6644999980926514","1","1","1","1","1","1","0.33844998478889465","0.3269999921321869","0.3498999774456024","0.8372499644756317","0.833899974822998","0.8405999541282654","1","1","1","1","1","1","0.28779998421669006","0.28779998421669006","0.28779998421669006","0.8712999820709229","0.8712999820709229","0.8712999820709229","1","1","1","1","1","1","0.3416999876499176","0.3416999876499176","0.3416999876499176","0.8721999526023865","0.8721999526023865","0.8721999526023865","1","1","1","1","1","1","0.04429999738931656","0.04429999738931656","0.04429999738931656","1","1","1"
"5248","1","1","1","1","1","1","0.04749999940395355","0.04749999940395355","0.04749999940395355","1","1","1","1","1","1","1","1","1","0.04270000010728836","0.04270000010728836","0.04270000010728836","1","1","1","0.9999499917030334","0.9998999834060669","1","1","1","1","0.3810499906539917","0.3739999830722809","0.3880999982357025","0.6567999720573425","0.6521999835968018","0.6613999605178833","1","1","1","1","1","1","0.34014998376369476","0.3303999900817871","0.3498999774456024","0.838049978017807","0.8344999551773071","0.8416000008583069","1","1","1","1","1","1","0.2865999937057495","0.2865999937057495","0.2865999937057495","0.871399998664856","0.871399998664856","0.871399998664856","1","1","1","1","1","1","0.3449999988079071","0.3449999988079071","0.3449999988079071","0.8730999827384949","0.8730999827384949","0.8730999827384949","1","1","1","1","1","1","0.044499997049570084","0.044499997049570084","0.044499997049570084","1","1","1"
"5259","1","1","1","1","1","1","0.047599997371435165","0.047599997371435165","0.047599997371435165","1","1","1","1","1","1","1","1","1","0.041999999433755875","0.041999999433755875","0.041999999433755875","1","1","1","0.9999499917030334","0.9998999834060669","1","1","1","1","0.3860499858856201","0.38189998269081116","0.3901999890804291","0.6605999767780304","0.6583999991416931","0.6627999544143677","1","1","1","1","1","1","0.3427499830722809","0.33629998564720154","0.34919998049736023","0.8378499746322632","0.8341999650001526","0.8414999842643738","1","1","1","1","1","1","0.2954999804496765","0.2954999804496765","0.2954999804496765","0.8722999691963196","0.8722999691963196","0.8722999691963196","1","1","1","1","1","1","0.343099981546402","0.343099981546402","0.343099981546402","0.8722999691963196","0.8722999691963196","0.8722999691963196","1","1","1","1","1","1","0.04429999738931656","0.04429999738931656","0.04429999738931656","1","1","1"
"5270","1","1","1","1","1","1","0.047599997371435165","0.047599997371435165","0.047599997371435165","1","1","1","1","1","1","1","1","1","0.042799998074769974","0.042799998074769974","0.042799998074769974","1","1","1","0.9999499917030334","0.9998999834060669","1","1","1","1","0.3860999792814255","0.3782999813556671","0.39389997720718384","0.660649985074997","0.6568999886512756","0.6643999814987183","1","1","1","1","1","1","0.34334999322891235","0.3342999815940857","0.352400004863739","0.8379999697208405","0.8341999650001526","0.8417999744415283","1","1","1","1","1","1","0.29659998416900635","0.29659998416900635","0.29659998416900635","0.8718999624252319","0.8718999624252319","0.8718999624252319","1","1","1","1","1","1","0.33949998021125793","0.33949998021125793","0.33949998021125793","0.8712999820709229","0.8712999820709229","0.8712999820709229","1","1","1","1","1","1","0.044199999421834946","0.044199999421834946","0.044199999421834946","1","1","1"
"5281","1","1","1","1","1","1","0.04739999771118164","0.04739999771118164","0.04739999771118164","1","1","1","1","1","1","1","1","1","0.042799998074769974","0.042799998074769974","0.042799998074769974","1","1","1","0.9999499917030334","0.9998999834060669","1","1","1","1","0.3868499845266342","0.3726999759674072","0.4009999930858612","0.6588999629020691","0.6523999571800232","0.665399968624115","1","1","1","1","1","1","0.34369999170303345","0.336899995803833","0.3504999876022339","0.8382499814033508","0.8359000086784363","0.8405999541282654","1","1","1","1","1","1","0.2994000017642975","0.2994000017642975","0.2994000017642975","0.8727999925613403","0.8727999925613403","0.8727999925613403","1","1","1","1","1","1","0.34860000014305115","0.34860000014305115","0.34860000014305115","0.8718000054359436","0.8718000054359436","0.8718000054359436","1","1","1","1","1","1","0.044499997049570084","0.044499997049570084","0.044499997049570084","1","1","1"
"5292","1","1","1","1","1","1","0.04800000041723251","0.04800000041723251","0.04800000041723251","1","1","1","1","1","1","1","1","1","0.042899999767541885","0.042899999767541885","0.042899999767541885","1","1","1","0.9999499917030334","0.9998999834060669","1","1","1","1","0.38884998857975006","0.3783999979496002","0.3992999792098999","0.6604999899864197","0.6549999713897705","0.6660000085830688","1","1","1","1","1","1","0.34734998643398285","0.34129998087882996","0.35339999198913574","0.8402499854564667","0.8377999663352966","0.8427000045776367","1","1","1","1","1","1","0.29889997839927673","0.29889997839927673","0.29889997839927673","0.8734999895095825","0.8734999895095825","0.8734999895095825","1","1","1","1","1","1","0.34689998626708984","0.34689998626708984","0.34689998626708984","0.871399998664856","0.871399998664856","0.871399998664856","1","1","1","1","1","1","0.044499997049570084","0.044499997049570084","0.044499997049570084","1","1","1"
"5303","1","1","1","1","1","1","0.04769999906420708","0.04769999906420708","0.04769999906420708","1","1","1","1","1","1","1","1","1","0.042399998754262924","0.042399998754262924","0.042399998754262924","1","1","1","0.9999499917030334","0.9998999834060669","1","1","1","1","0.3881499916315079","0.37549999356269836","0.4007999897003174","0.6586000025272369","0.6504999995231628","0.666700005531311","1","1","1","1","1","1","0.3461499810218811","0.33249998092651367","0.35979998111724854","0.8397499918937683","0.8348000049591064","0.8446999788284302","1","1","1","1","1","1","0.29749998450279236","0.29749998450279236","0.29749998450279236","0.8725999593734741","0.8725999593734741","0.8725999593734741","1","1","1","1","1","1","0.3488999903202057","0.3488999903202057","0.3488999903202057","0.8714999556541443","0.8714999556541443","0.8714999556541443","1","1","1","1","1","1","0.044199999421834946","0.044199999421834946","0.044199999421834946","1","1","1"
"5314","1","1","1","1","1","1","0.04769999906420708","0.04769999906420708","0.04769999906420708","1","1","1","1","1","1","1","1","1","0.04270000010728836","0.04270000010728836","0.04270000010728836","1","1","1","0.9999499917030334","0.9998999834060669","1","1","1","1","0.3868499845266342","0.37629997730255127","0.39739999175071716","0.6583999693393707","0.6524999737739563","0.6642999649047852","1","1","1","1","1","1","0.34014999866485596","0.3287999927997589","0.351500004529953","0.8382999897003174","0.833899974822998","0.8427000045776367","1","1","1","1","1","1","0.28279998898506165","0.28279998898506165","0.28279998898506165","0.8696999549865723","0.8696999549865723","0.8696999549865723","1","1","1","1","1","1","0.3497999906539917","0.3497999906539917","0.3497999906539917","0.8718999624252319","0.8718999624252319","0.8718999624252319","1","1","1","1","1","1","0.04439999908208847","0.04439999908208847","0.04439999908208847","1","1","1"
"5325","1","1","1","1","1","1","0.04800000041723251","0.04800000041723251","0.04800000041723251","1","1","1","1","1","1","1","1","1","0.0421999990940094","0.0421999990940094","0.0421999990940094","1","1","1","0.9999499917030334","0.9998999834060669","1","1","1","1","0.3854999989271164","0.38429999351501465","0.38670000433921814","0.6588000059127808","0.6583999991416931","0.6592000126838684","1","1","1","1","1","1","0.3358999937772751","0.3238999843597412","0.34790000319480896","0.837399959564209","0.8326999545097351","0.8420999646186829","1","1","1","1","1","1","0.28679999709129333","0.28679999709129333","0.28679999709129333","0.8708999752998352","0.8708999752998352","0.8708999752998352","1","1","1","1","1","1","0.34630000591278076","0.34630000591278076","0.34630000591278076","0.8709999918937683","0.8709999918937683","0.8709999918937683","1","1","1","1","1","1","0.04429999738931656","0.04429999738931656","0.04429999738931656","1","1","1"
"5336","1","1","1","1","1","1","0.04729999974370003","0.04729999974370003","0.04729999974370003","1","1","1","1","1","1","1","1","1","0.042500000447034836","0.042500000447034836","0.042500000447034836","1","1","1","0.9999499917030334","0.9998999834060669","1","1","1","1","0.3881999999284744","0.3822000026702881","0.39419999718666077","0.6601499915122986","0.6542999744415283","0.6660000085830688","1","1","1","1","1","1","0.3335999846458435","0.32429999113082886","0.34289997816085815","0.8369999825954437","0.8337999582290649","0.8402000069618225","1","1","1","1","1","1","0.289000004529953","0.289000004529953","0.289000004529953","0.871399998664856","0.871399998664856","0.871399998664856","1","1","1","1","1","1","0.3515999913215637","0.3515999913215637","0.3515999913215637","0.8725999593734741","0.8725999593734741","0.8725999593734741","1","1","1","1","1","1","0.04439999908208847","0.04439999908208847","0.04439999908208847","1","1","1"
"5347","1","1","1","1","1","1","0.047599997371435165","0.047599997371435165","0.047599997371435165","1","1","1","1","1","1","1","1","1","0.042799998074769974","0.042799998074769974","0.042799998074769974","1","1","1","0.9999499917030334","0.9998999834060669","1","1","1","1","0.3921999931335449","0.38679999113082886","0.397599995136261","0.6614499688148499","0.6577999591827393","0.6650999784469604","1","1","1","1","1","1","0.3413499891757965","0.33249998092651367","0.35019999742507935","0.838949978351593","0.8353999853134155","0.8424999713897705","1","1","1","1","1","1","0.2863999903202057","0.2863999903202057","0.2863999903202057","0.8710999488830566","0.8710999488830566","0.8710999488830566","1","1","1","1","1","1","0.34950000047683716","0.34950000047683716","0.34950000047683716","0.8721999526023865","0.8721999526023865","0.8721999526023865","1","1","1","1","1","1","0.044499997049570084","0.044499997049570084","0.044499997049570084","1","1","1"
"5358","1","1","1","1","1","1","0.04749999940395355","0.04749999940395355","0.04749999940395355","1","1","1","1","1","1","1","1","1","0.042799998074769974","0.042799998074769974","0.042799998074769974","1","1","1","0.9999499917030334","0.9998999834060669","1","1","1","1","0.38304997980594635","0.3726999759674072","0.3933999836444855","0.6574999690055847","0.6506999731063843","0.6642999649047852","1","1","1","1","1","1","0.3398499935865402","0.33550000190734863","0.3441999852657318","0.8395999670028687","0.8374999761581421","0.8416999578475952","1","1","1","1","1","1","0.2833999991416931","0.2833999991416931","0.2833999991416931","0.8696999549865723","0.8696999549865723","0.8696999549865723","1","1","1","1","1","1","0.35089999437332153","0.35089999437332153","0.35089999437332153","0.8715999722480774","0.8715999722480774","0.8715999722480774","1","1","1","1","1","1","0.044599998742341995","0.044599998742341995","0.044599998742341995","1","1","1"
"5369","1","1","1","1","1","1","0.04769999906420708","0.04769999906420708","0.04769999906420708","1","1","1","1","1","1","1","1","1","0.04270000010728836","0.04270000010728836","0.04270000010728836","1","1","1","0.9998999834060669","0.9997999668121338","1","1","1","1","0.3782999962568283","0.3684999942779541","0.3880999982357025","0.6555500030517578","0.649399995803833","0.6617000102996826","1","1","1","1","1","1","0.3419499844312668","0.3342999815940857","0.3495999872684479","0.8390999734401703","0.835599958896637","0.8425999879837036","1","1","1","1","1","1","0.2831999957561493","0.2831999957561493","0.2831999957561493","0.8709999918937683","0.8709999918937683","0.8709999918937683","1","1","1","1","1","1","0.35850000381469727","0.35850000381469727","0.35850000381469727","0.8734999895095825","0.8734999895095825","0.8734999895095825","1","1","1","1","1","1","0.044499997049570084","0.044499997049570084","0.044499997049570084","1","1","1"
"5380","1","1","1","1","1","1","0.047599997371435165","0.047599997371435165","0.047599997371435165","1","1","1","1","1","1","1","1","1","0.04259999841451645","0.04259999841451645","0.04259999841451645","1","1","1","0.9999499917030334","0.9998999834060669","1","1","1","1","0.38109999895095825","0.38040000200271606","0.38179999589920044","0.6557499766349792","0.6549999713897705","0.656499981880188","1","1","1","1","1","1","0.3425999879837036","0.3317999839782715","0.35339999198913574","0.8394999802112579","0.8352999687194824","0.8436999917030334","1","1","1","1","1","1","0.2815999984741211","0.2815999984741211","0.2815999984741211","0.8696999549865723","0.8696999549865723","0.8696999549865723","1","1","1","1","1","1","0.35749998688697815","0.35749998688697815","0.35749998688697815","0.8725999593734741","0.8725999593734741","0.8725999593734741","1","1","1","1","1","1","0.04429999738931656","0.04429999738931656","0.04429999738931656","1","1","1"
"5391","1","1","1","1","1","1","0.047599997371435165","0.047599997371435165","0.047599997371435165","1","1","1","1","1","1","1","1","1","0.042799998074769974","0.042799998074769974","0.042799998074769974","1","1","1","0.9999499917030334","0.9998999834060669","1","1","1","1","0.38244999945163727","0.37389999628067017","0.39100000262260437","0.6557999849319458","0.6502000093460083","0.6613999605178833","1","1","1","1","1","1","0.3396499902009964","0.3278999924659729","0.3513999879360199","0.8385500013828278","0.8348000049591064","0.8422999978065491","1","1","1","1","1","1","0.2865000069141388","0.2865000069141388","0.2865000069141388","0.8700999617576599","0.8700999617576599","0.8700999617576599","1","1","1","1","1","1","0.35679998993873596","0.35679998993873596","0.35679998993873596","0.8725999593734741","0.8725999593734741","0.8725999593734741","1","1","1","1","1","1","0.04470000043511391","0.04470000043511391","0.04470000043511391","1","1","1"
"5402","1","1","1","1","1","1","0.04729999974370003","0.04729999974370003","0.04729999974370003","1","1","1","1","1","1","1","1","1","0.0421999990940094","0.0421999990940094","0.0421999990940094","1","1","1","0.9999499917030334","0.9998999834060669","1","1","1","1","0.37914998829364777","0.37459999322891235","0.3836999833583832","0.6539499759674072","0.6520999670028687","0.6557999849319458","1","1","1","1","1","1","0.3405499905347824","0.33319997787475586","0.34790000319480896","0.8384999632835388","0.835599958896637","0.8413999676704407","1","1","1","1","1","1","0.2902999818325043","0.2902999818325043","0.2902999818325043","0.8703999519348145","0.8703999519348145","0.8703999519348145","1","1","1","1","1","1","0.36039999127388","0.36039999127388","0.36039999127388","0.873199999332428","0.873199999332428","0.873199999332428","1","1","1","1","1","1","0.04429999738931656","0.04429999738931656","0.04429999738931656","1","1","1"
"5413","1","1","1","1","1","1","0.04779999703168869","0.04779999703168869","0.04779999703168869","1","1","1","1","1","1","1","1","1","0.04270000010728836","0.04270000010728836","0.04270000010728836","1","1","1","0.9999499917030334","0.9998999834060669","1","1","1","1","0.3779499977827072","0.3628000020980835","0.39309999346733093","0.6550999581813812","0.6462999582290649","0.6638999581336975","1","1","1","1","1","1","0.3380499929189682","0.3278000056743622","0.3482999801635742","0.837799996137619","0.8330000042915344","0.8425999879837036","1","1","1","1","1","1","0.29809999465942383","0.29809999465942383","0.29809999465942383","0.8729999661445618","0.8729999661445618","0.8729999661445618","1","1","1","1","1","1","0.3561999797821045","0.3561999797821045","0.3561999797821045","0.8716999888420105","0.8716999888420105","0.8716999888420105","1","1","1","1","1","1","0.044599998742341995","0.044599998742341995","0.044599998742341995","1","1","1"
"5424","1","1","1","1","1","1","0.047599997371435165","0.047599997371435165","0.047599997371435165","1","1","1","1","1","1","1","1","1","0.042500000447034836","0.042500000447034836","0.042500000447034836","1","1","1","0.9999499917030334","0.9998999834060669","1","1","1","1","0.38234999775886536","0.3709999918937683","0.3937000036239624","0.6559499800205231","0.6477999687194824","0.6640999913215637","1","1","1","1","1","1","0.33934998512268066","0.3319999873638153","0.346699982881546","0.8386499881744385","0.8342999815940857","0.8429999947547913","1","1","1","1","1","1","0.29999998211860657","0.29999998211860657","0.29999998211860657","0.8712999820709229","0.8712999820709229","0.8712999820709229","1","1","1","1","1","1","0.34880000352859497","0.34880000352859497","0.34880000352859497","0.8708999752998352","0.8708999752998352","0.8708999752998352","1","1","1","1","1","1","0.04439999908208847","0.04439999908208847","0.04439999908208847","1","1","1"
"5435","1","1","1","1","1","1","0.04769999906420708","0.04769999906420708","0.04769999906420708","1","1","1","1","1","1","1","1","1","0.04270000010728836","0.04270000010728836","0.04270000010728836","1","1","1","0.9999499917030334","0.9998999834060669","1","1","1","1","0.38819998502731323","0.3732999861240387","0.40309998393058777","0.6597999930381775","0.6509000062942505","0.6686999797821045","1","1","1","1","1","1","0.3404499888420105","0.3264999985694885","0.35439997911453247","0.838699996471405","0.8337000012397766","0.8436999917030334","1","1","1","1","1","1","0.30230000615119934","0.30230000615119934","0.30230000615119934","0.8722999691963196","0.8722999691963196","0.8722999691963196","1","1","1","1","1","1","0.3490999937057495","0.3490999937057495","0.3490999937057495","0.8710999488830566","0.8710999488830566","0.8710999488830566","1","1","1","1","1","1","0.044499997049570084","0.044499997049570084","0.044499997049570084","1","1","1"
"5446","1","1","1","1","1","1","0.04739999771118164","0.04739999771118164","0.04739999771118164","1","1","1","1","1","1","1","1","1","0.04230000078678131","0.04230000078678131","0.04230000078678131","1","1","1","1","1","1","1","1","1","0.38434998691082","0.36879998445510864","0.39989998936653137","0.6587499678134918","0.6492999792098999","0.6681999564170837","1","1","1","1","1","1","0.3400999903678894","0.32739999890327454","0.3527999818325043","0.8383499681949615","0.8327999711036682","0.8438999652862549","1","1","1","1","1","1","0.29499998688697815","0.29499998688697815","0.29499998688697815","0.8721999526023865","0.8721999526023865","0.8721999526023865","1","1","1","1","1","1","0.3537999987602234","0.3537999987602234","0.3537999987602234","0.8718000054359436","0.8718000054359436","0.8718000054359436","1","1","1","1","1","1","0.04439999908208847","0.04439999908208847","0.04439999908208847","1","1","1"
"5457","1","1","1","1","1","1","0.047199998050928116","0.047199998050928116","0.047199998050928116","1","1","1","1","1","1","1","1","1","0.042399998754262924","0.042399998754262924","0.042399998754262924","1","1","1","0.9999499917030334","0.9998999834060669","1","1","1","1","0.38749998807907104","0.37279999256134033","0.40219998359680176","0.6610499918460846","0.6524999737739563","0.6696000099182129","1","1","1","1","1","1","0.33649998903274536","0.3310999870300293","0.3418999910354614","0.8382499814033508","0.8343999981880188","0.8420999646186829","1","1","1","1","1","1","0.29350000619888306","0.29350000619888306","0.29350000619888306","0.8710999488830566","0.8710999488830566","0.8710999488830566","1","1","1","1","1","1","0.3511999845504761","0.3511999845504761","0.3511999845504761","0.8712999820709229","0.8712999820709229","0.8712999820709229","1","1","1","1","1","1","0.04439999908208847","0.04439999908208847","0.04439999908208847","1","1","1"
"5468","1","1","1","1","1","1","0.04769999906420708","0.04769999906420708","0.04769999906420708","1","1","1","1","1","1","1","1","1","0.04270000010728836","0.04270000010728836","0.04270000010728836","1","1","1","0.9999499917030334","0.9998999834060669","1","1","1","1","0.3818499892950058","0.3684999942779541","0.3951999843120575","0.6552999913692474","0.6449999809265137","0.6656000018119812","1","1","1","1","1","1","0.33274999260902405","0.32109999656677246","0.34439998865127563","0.8379999697208405","0.833899974822998","0.8420999646186829","1","1","1","1","1","1","0.290800005197525","0.290800005197525","0.290800005197525","0.8712999820709229","0.8712999820709229","0.8712999820709229","1","1","1","1","1","1","0.35420000553131104","0.35420000553131104","0.35420000553131104","0.8718000054359436","0.8718000054359436","0.8718000054359436","1","1","1","1","1","1","0.044499997049570084","0.044499997049570084","0.044499997049570084","1","1","1"
"5479","1","1","1","1","1","1","0.047599997371435165","0.047599997371435165","0.047599997371435165","1","1","1","1","1","1","1","1","1","0.042399998754262924","0.042399998754262924","0.042399998754262924","1","1","1","0.9999499917030334","0.9998999834060669","1","1","1","1","0.3775999844074249","0.36159998178482056","0.3935999870300293","0.6543000042438507","0.6414999961853027","0.6671000123023987","1","1","1","1","1","1","0.33364999294281006","0.3222000002861023","0.3450999855995178","0.8383499979972839","0.8337000012397766","0.8429999947547913","1","1","1","1","1","1","0.2897999882698059","0.2897999882698059","0.2897999882698059","0.8700999617576599","0.8700999617576599","0.8700999617576599","1","1","1","1","1","1","0.3555999994277954","0.3555999994277954","0.3555999994277954","0.8725999593734741","0.8725999593734741","0.8725999593734741","1","1","1","1","1","1","0.04399999976158142","0.04399999976158142","0.04399999976158142","1","1","1"
"5490","1","1","1","1","1","1","0.0471000000834465","0.0471000000834465","0.0471000000834465","1","1","1","1","1","1","1","1","1","0.04259999841451645","0.04259999841451645","0.04259999841451645","1","1","1","0.9999499917030334","0.9998999834060669","1","1","1","1","0.3848000019788742","0.3743000030517578","0.3953000009059906","0.6547999978065491","0.647599995136261","0.6620000004768372","1","1","1","1","1","1","0.34234999120235443","0.32819998264312744","0.3564999997615814","0.840149998664856","0.833299994468689","0.847000002861023","1","1","1","1","1","1","0.30079999566078186","0.30079999566078186","0.30079999566078186","0.8721999526023865","0.8721999526023865","0.8721999526023865","1","1","1","1","1","1","0.35999998450279236","0.35999998450279236","0.35999998450279236","0.8734999895095825","0.8734999895095825","0.8734999895095825","1","1","1","1","1","1","0.04490000009536743","0.04490000009536743","0.04490000009536743","1","1","1"
"5501","1","1","1","1","1","1","0.047199998050928116","0.047199998050928116","0.047199998050928116","1","1","1","1","1","1","1","1","1","0.04259999841451645","0.04259999841451645","0.04259999841451645","1","1","1","0.9999499917030334","0.9998999834060669","1","1","1","1","0.38439999520778656","0.3725999891757965","0.3962000012397766","0.6561499834060669","0.647599995136261","0.6646999716758728","1","1","1","1","1","1","0.3408000022172928","0.3294000029563904","0.3522000014781952","0.8397499918937683","0.8335999846458435","0.8458999991416931","1","1","1","1","1","1","0.29909998178482056","0.29909998178482056","0.29909998178482056","0.8708999752998352","0.8708999752998352","0.8708999752998352","1","1","1","1","1","1","0.3499999940395355","0.3499999940395355","0.3499999940395355","0.8723999857902527","0.8723999857902527","0.8723999857902527","1","1","1","1","1","1","0.044099997729063034","0.044099997729063034","0.044099997729063034","1","1","1"
"5512","1","1","1","1","1","1","0.04729999974370003","0.04729999974370003","0.04729999974370003","1","1","1","1","1","1","1","1","1","0.04259999841451645","0.04259999841451645","0.04259999841451645","1","1","1","0.9999499917030334","0.9998999834060669","1","1","1","1","0.3878999948501587","0.3849000036716461","0.39089998602867126","0.6584999859333038","0.6545000076293945","0.6624999642372131","1","1","1","1","1","1","0.34359999001026154","0.3349999785423279","0.3522000014781952","0.840149998664856","0.8348000049591064","0.8454999923706055","1","1","1","1","1","1","0.29009997844696045","0.29009997844696045","0.29009997844696045","0.8703999519348145","0.8703999519348145","0.8703999519348145","1","1","1","1","1","1","0.34849998354911804","0.34849998354911804","0.34849998354911804","0.8718999624252319","0.8718999624252319","0.8718999624252319","1","1","1","1","1","1","0.04439999908208847","0.04439999908208847","0.04439999908208847","1","1","1"
"5523","1","1","1","1","1","1","0.04769999906420708","0.04769999906420708","0.04769999906420708","1","1","1","1","1","1","1","1","1","0.042799998074769974","0.042799998074769974","0.042799998074769974","1","1","1","0.9999499917030334","0.9998999834060669","1","1","1","1","0.3824999928474426","0.3709999918937683","0.39399999380111694","0.6553999781608582","0.6459999680519104","0.6647999882698059","1","1","1","1","1","1","0.34914998710155487","0.34529998898506165","0.3529999852180481","0.8405499756336212","0.8363999724388123","0.8446999788284302","1","1","1","1","1","1","0.29909998178482056","0.29909998178482056","0.29909998178482056","0.8725999593734741","0.8725999593734741","0.8725999593734741","1","1","1","1","1","1","0.3458999991416931","0.3458999991416931","0.3458999991416931","0.8712999820709229","0.8712999820709229","0.8712999820709229","1","1","1","1","1","1","0.044499997049570084","0.044499997049570084","0.044499997049570084","1","1","1"
"5534","1","1","1","1","1","1","0.04779999703168869","0.04779999703168869","0.04779999703168869","1","1","1","1","1","1","1","1","1","0.04270000010728836","0.04270000010728836","0.04270000010728836","1","1","1","0.9999499917030334","0.9998999834060669","1","1","1","1","0.38534998893737793","0.37770000100135803","0.3929999768733978","0.6576499938964844","0.6518999934196472","0.6633999943733215","1","1","1","1","1","1","0.3421500027179718","0.3330000042915344","0.3513000011444092","0.838949978351593","0.833299994468689","0.8445999622344971","1","1","1","1","1","1","0.29809999465942383","0.29809999465942383","0.29809999465942383","0.8708999752998352","0.8708999752998352","0.8708999752998352","1","1","1","1","1","1","0.3391999900341034","0.3391999900341034","0.3391999900341034","0.8700000047683716","0.8700000047683716","0.8700000047683716","1","1","1","1","1","1","0.044199999421834946","0.044199999421834946","0.044199999421834946","1","1","1"
"5545","1","1","1","1","1","1","0.04729999974370003","0.04729999974370003","0.04729999974370003","1","1","1","1","1","1","1","1","1","0.042500000447034836","0.042500000447034836","0.042500000447034836","1","1","1","0.9999499917030334","0.9998999834060669","1","1","1","1","0.38499999046325684","0.37529999017715454","0.39469999074935913","0.65829998254776","0.6509999632835388","0.6656000018119812","1","1","1","1","1","1","0.3467499911785126","0.34279999136924744","0.3506999909877777","0.8402999639511108","0.8363999724388123","0.8441999554634094","1","1","1","1","1","1","0.296999990940094","0.296999990940094","0.296999990940094","0.8711999654769897","0.8711999654769897","0.8711999654769897","1","1","1","1","1","1","0.34610000252723694","0.34610000252723694","0.34610000252723694","0.8722999691963196","0.8722999691963196","0.8722999691963196","1","1","1","1","1","1","0.044099997729063034","0.044099997729063034","0.044099997729063034","1","1","1"
"5556","1","1","1","1","1","1","0.04729999974370003","0.04729999974370003","0.04729999974370003","1","1","1","1","1","1","1","1","1","0.042399998754262924","0.042399998754262924","0.042399998754262924","1","1","1","0.9999499917030334","0.9998999834060669","1","1","1","1","0.3832999914884567","0.37790000438690186","0.3886999785900116","0.6566999852657318","0.652999997138977","0.6603999733924866","1","1","1","1","1","1","0.34324997663497925","0.3392999768257141","0.3471999764442444","0.8395499885082245","0.8356999754905701","0.8434000015258789","1","1","1","1","1","1","0.2913999855518341","0.2913999855518341","0.2913999855518341","0.8696999549865723","0.8696999549865723","0.8696999549865723","1","1","1","1","1","1","0.35179999470710754","0.35179999470710754","0.35179999470710754","0.8732999563217163","0.8732999563217163","0.8732999563217163","1","1","1","1","1","1","0.044199999421834946","0.044199999421834946","0.044199999421834946","1","1","1"
"5567","1","1","1","1","1","1","0.047199998050928116","0.047199998050928116","0.047199998050928116","1","1","1","1","1","1","1","1","1","0.042500000447034836","0.042500000447034836","0.042500000447034836","1","1","1","0.9999499917030334","0.9998999834060669","1","1","1","1","0.38259999454021454","0.37619999051094055","0.3889999985694885","0.6562999784946442","0.649899959564209","0.6626999974250793","1","1","1","1","1","1","0.34004998207092285","0.3344999849796295","0.3455999791622162","0.8385999798774719","0.8343999981880188","0.842799961566925","1","1","1","1","1","1","0.29510000348091125","0.29510000348091125","0.29510000348091125","0.871399998664856","0.871399998664856","0.871399998664856","1","1","1","1","1","1","0.3473999798297882","0.3473999798297882","0.3473999798297882","0.8728999495506287","0.8728999495506287","0.8728999495506287","1","1","1","1","1","1","0.04429999738931656","0.04429999738931656","0.04429999738931656","1","1","1"
"5578","1","1","1","1","1","1","0.04769999906420708","0.04769999906420708","0.04769999906420708","1","1","1","1","1","1","1","1","1","0.042500000447034836","0.042500000447034836","0.042500000447034836","1","1","1","0.9999499917030334","0.9998999834060669","1","1","1","1","0.38039998710155487","0.36969998478889465","0.3910999894142151","0.6554499864578247","0.646399974822998","0.6644999980926514","1","1","1","1","1","1","0.34359999001026154","0.3385999798774719","0.34860000014305115","0.8394999802112579","0.835599958896637","0.8434000015258789","1","1","1","1","1","1","0.3003000020980835","0.3003000020980835","0.3003000020980835","0.8725999593734741","0.8725999593734741","0.8725999593734741","1","1","1","1","1","1","0.35269999504089355","0.35269999504089355","0.35269999504089355","0.8741999864578247","0.8741999864578247","0.8741999864578247","1","1","1","1","1","1","0.04470000043511391","0.04470000043511391","0.04470000043511391","1","1","1"
"5589","1","1","1","1","1","1","0.04749999940395355","0.04749999940395355","0.04749999940395355","1","1","1","1","1","1","1","1","1","0.04259999841451645","0.04259999841451645","0.04259999841451645","1","1","1","0.9999499917030334","0.9998999834060669","1","1","1","1","0.3770499974489212","0.37229999899864197","0.38179999589920044","0.6535499691963196","0.6488999724388123","0.6581999659538269","1","1","1","1","1","1","0.34529998898506165","0.3360999822616577","0.3544999957084656","0.8395499885082245","0.833899974822998","0.8452000021934509","1","1","1","1","1","1","0.29749998450279236","0.29749998450279236","0.29749998450279236","0.8725999593734741","0.8725999593734741","0.8725999593734741","1","1","1","1","1","1","0.34790000319480896","0.34790000319480896","0.34790000319480896","0.8732999563217163","0.8732999563217163","0.8732999563217163","1","1","1","1","1","1","0.04429999738931656","0.04429999738931656","0.04429999738931656","1","1","1"
"5600","1","1","1","1","1","1","0.04739999771118164","0.04739999771118164","0.04739999771118164","1","1","1","1","1","1","1","1","1","0.042399998754262924","0.042399998754262924","0.042399998754262924","1","1","1","0.9999499917030334","0.9998999834060669","1","1","1","1","0.38769999146461487","0.376800000667572","0.3985999822616577","0.6593999862670898","0.6523000001907349","0.6664999723434448","1","1","1","1","1","1","0.34579998254776","0.33629998564720154","0.3552999794483185","0.8407999873161316","0.8360999822616577","0.8454999923706055","1","1","1","1","1","1","0.29179999232292175","0.29179999232292175","0.29179999232292175","0.8714999556541443","0.8714999556541443","0.8714999556541443","1","1","1","1","1","1","0.3515999913215637","0.3515999913215637","0.3515999913215637","0.875","0.875","0.875","1","1","1","1","1","1","0.044199999421834946","0.044199999421834946","0.044199999421834946","1","1","1"
"5611","1","1","1","1","1","1","0.047199998050928116","0.047199998050928116","0.047199998050928116","1","1","1","1","1","1","1","1","1","0.0421999990940094","0.0421999990940094","0.0421999990940094","1","1","1","0.9999499917030334","0.9998999834060669","1","1","1","1","0.38075000047683716","0.37929999828338623","0.3822000026702881","0.6570999622344971","0.6527999639511108","0.6613999605178833","1","1","1","1","1","1","0.3474999964237213","0.33399999141693115","0.3610000014305115","0.840149998664856","0.835099995136261","0.8452000021934509","1","1","1","1","1","1","0.29159998893737793","0.29159998893737793","0.29159998893737793","0.8720999956130981","0.8720999956130981","0.8720999956130981","1","1","1","1","1","1","0.3531999886035919","0.3531999886035919","0.3531999886035919","0.8754000067710876","0.8754000067710876","0.8754000067710876","1","1","1","1","1","1","0.044199999421834946","0.044199999421834946","0.044199999421834946","1","1","1"
"5622","1","1","1","1","1","1","0.0478999987244606","0.0478999987244606","0.0478999987244606","1","1","1","1","1","1","1","1","1","0.04230000078678131","0.04230000078678131","0.04230000078678131","1","1","1","0.9999499917030334","0.9998999834060669","1","1","1","1","0.3814999908208847","0.3725000023841858","0.3904999792575836","0.6581999659538269","0.6509999632835388","0.665399968624115","1","1","1","1","1","1","0.3422999978065491","0.3319000005722046","0.35269999504089355","0.8400499820709229","0.8353999853134155","0.8446999788284302","1","1","1","1","1","1","0.2928999960422516","0.2928999960422516","0.2928999960422516","0.8718999624252319","0.8718999624252319","0.8718999624252319","1","1","1","1","1","1","0.3458999991416931","0.3458999991416931","0.3458999991416931","0.8736000061035156","0.8736000061035156","0.8736000061035156","1","1","1","1","1","1","0.044199999421834946","0.044199999421834946","0.044199999421834946","1","1","1"
"5633","1","1","1","1","1","1","0.04779999703168869","0.04779999703168869","0.04779999703168869","1","1","1","1","1","1","1","1","1","0.042899999767541885","0.042899999767541885","0.042899999767541885","1","1","1","0.9999499917030334","0.9998999834060669","1","1","1","1","0.3848000019788742","0.38040000200271606","0.38920000195503235","0.6619499921798706","0.6565999984741211","0.6672999858856201","1","1","1","1","1","1","0.3453499972820282","0.3366999924182892","0.3540000021457672","0.8390999734401703","0.8349999785423279","0.8431999683380127","1","1","1","1","1","1","0.29420000314712524","0.29420000314712524","0.29420000314712524","0.8711999654769897","0.8711999654769897","0.8711999654769897","1","1","1","1","1","1","0.3416000008583069","0.3416000008583069","0.3416000008583069","0.8723999857902527","0.8723999857902527","0.8723999857902527","1","1","1","1","1","1","0.04399999976158142","0.04399999976158142","0.04399999976158142","1","1","1"
"5644","1","1","1","1","1","1","0.0478999987244606","0.0478999987244606","0.0478999987244606","1","1","1","1","1","1","1","1","1","0.042500000447034836","0.042500000447034836","0.042500000447034836","1","1","1","0.9999499917030334","0.9998999834060669","1","1","1","1","0.3841499835252762","0.3804999887943268","0.3877999782562256","0.6584999859333038","0.6542999744415283","0.6626999974250793","1","1","1","1","1","1","0.34439998865127563","0.33709999918937683","0.35169997811317444","0.8394999802112579","0.8355000019073486","0.8434999585151672","1","1","1","1","1","1","0.2922999858856201","0.2922999858856201","0.2922999858856201","0.8705999851226807","0.8705999851226807","0.8705999851226807","1","1","1","1","1","1","0.34700000286102295","0.34700000286102295","0.34700000286102295","0.8740999698638916","0.8740999698638916","0.8740999698638916","1","1","1","1","1","1","0.04429999738931656","0.04429999738931656","0.04429999738931656","1","1","1"
"5655","1","1","1","1","1","1","0.047599997371435165","0.047599997371435165","0.047599997371435165","1","1","1","1","1","1","1","1","1","0.042399998754262924","0.042399998754262924","0.042399998754262924","1","1","1","0.9999499917030334","0.9998999834060669","1","1","1","1","0.38474999368190765","0.38019999861717224","0.38929998874664307","0.6577499806880951","0.652899980545044","0.6625999808311462","1","1","1","1","1","1","0.34519998729228973","0.3384999930858612","0.35189998149871826","0.8395999670028687","0.8352999687194824","0.8438999652862549","1","1","1","1","1","1","0.2883000075817108","0.2883000075817108","0.2883000075817108","0.8707999587059021","0.8707999587059021","0.8707999587059021","1","1","1","1","1","1","0.3446999788284302","0.3446999788284302","0.3446999788284302","0.8744999766349792","0.8744999766349792","0.8744999766349792","1","1","1","1","1","1","0.04399999976158142","0.04399999976158142","0.04399999976158142","1","1","1"
"5666","1","1","1","1","1","1","0.04769999906420708","0.04769999906420708","0.04769999906420708","1","1","1","1","1","1","1","1","1","0.042799998074769974","0.042799998074769974","0.042799998074769974","1","1","1","0.9999499917030334","0.9998999834060669","1","1","1","1","0.39180000126361847","0.39100000262260437","0.39259999990463257","0.6613999903202057","0.6585999727249146","0.6642000079154968","1","1","1","1","1","1","0.3424999862909317","0.337799996137619","0.3471999764442444","0.8399499654769897","0.837399959564209","0.8424999713897705","1","1","1","1","1","1","0.2937999963760376","0.2937999963760376","0.2937999963760376","0.8708999752998352","0.8708999752998352","0.8708999752998352","1","1","1","1","1","1","0.3303999900817871","0.3303999900817871","0.3303999900817871","0.8711999654769897","0.8711999654769897","0.8711999654769897","1","1","1","1","1","1","0.044199999421834946","0.044199999421834946","0.044199999421834946","1","1","1"
"5677","1","1","1","1","1","1","0.04769999906420708","0.04769999906420708","0.04769999906420708","1","1","1","1","1","1","1","1","1","0.04309999942779541","0.04309999942779541","0.04309999942779541","1","1","1","0.9999499917030334","0.9998999834060669","1","1","1","1","0.3814999908208847","0.3807999789714813","0.3822000026702881","0.656499981880188","0.6532999873161316","0.6596999764442444","1","1","1","1","1","1","0.3455999940633774","0.3400000035762787","0.3511999845504761","0.8402499556541443","0.8376999497413635","0.842799961566925","1","1","1","1","1","1","0.29269999265670776","0.29269999265670776","0.29269999265670776","0.8708999752998352","0.8708999752998352","0.8708999752998352","1","1","1","1","1","1","0.34790000319480896","0.34790000319480896","0.34790000319480896","0.8743000030517578","0.8743000030517578","0.8743000030517578","1","1","1","1","1","1","0.044499997049570084","0.044499997049570084","0.044499997049570084","1","1","1"
"5688","1","1","1","1","1","1","0.04729999974370003","0.04729999974370003","0.04729999974370003","1","1","1","1","1","1","1","1","1","0.042799998074769974","0.042799998074769974","0.042799998074769974","1","1","1","0.9999499917030334","0.9998999834060669","1","1","1","1","0.3828499913215637","0.37939998507499695","0.3862999975681305","0.6572499573230743","0.6559999585151672","0.6584999561309814","1","1","1","1","1","1","0.3439999967813492","0.33640000224113464","0.3515999913215637","0.8390499651432037","0.8359999656677246","0.8420999646186829","1","1","1","1","1","1","0.2865000069141388","0.2865000069141388","0.2865000069141388","0.8696999549865723","0.8696999549865723","0.8696999549865723","1","1","1","1","1","1","0.34599998593330383","0.34599998593330383","0.34599998593330383","0.8732999563217163","0.8732999563217163","0.8732999563217163","1","1","1","1","1","1","0.04429999738931656","0.04429999738931656","0.04429999738931656","1","1","1"
"5699","1","1","1","1","1","1","0.04749999940395355","0.04749999940395355","0.04749999940395355","1","1","1","1","1","1","1","1","1","0.04259999841451645","0.04259999841451645","0.04259999841451645","1","1","1","0.9999499917030334","0.9998999834060669","1","1","1","1","0.38109998404979706","0.37849998474121094","0.3836999833583832","0.657150000333786","0.6552000045776367","0.6590999960899353","1","1","1","1","1","1","0.34929998219013214","0.33469998836517334","0.36389997601509094","0.8410999774932861","0.8349999785423279","0.8471999764442444","1","1","1","1","1","1","0.2818000018596649","0.2818000018596649","0.2818000018596649","0.8682999610900879","0.8682999610900879","0.8682999610900879","1","1","1","1","1","1","0.3366999924182892","0.3366999924182892","0.3366999924182892","0.8710999488830566","0.8710999488830566","0.8710999488830566","1","1","1","1","1","1","0.04439999908208847","0.04439999908208847","0.04439999908208847","1","1","1"
"5710","1","1","1","1","1","1","0.047599997371435165","0.047599997371435165","0.047599997371435165","1","1","1","1","1","1","1","1","1","0.042799998074769974","0.042799998074769974","0.042799998074769974","1","1","1","0.9999499917030334","0.9998999834060669","1","1","1","1","0.3768499940633774","0.3752000033855438","0.37849998474121094","0.6541999876499176","0.6527000069618225","0.6556999683380127","1","1","1","1","1","1","0.3514999896287918","0.343999981880188","0.35899999737739563","0.8417999744415283","0.8376999497413635","0.8458999991416931","1","1","1","1","1","1","0.298799991607666","0.298799991607666","0.298799991607666","0.8714999556541443","0.8714999556541443","0.8714999556541443","1","1","1","1","1","1","0.34379997849464417","0.34379997849464417","0.34379997849464417","0.8726999759674072","0.8726999759674072","0.8726999759674072","1","1","1","1","1","1","0.04389999806880951","0.04389999806880951","0.04389999806880951","1","1","1"
"5721","1","1","1","1","1","1","0.04769999906420708","0.04769999906420708","0.04769999906420708","1","1","1","1","1","1","1","1","1","0.04270000010728836","0.04270000010728836","0.04270000010728836","1","1","1","0.9999499917030334","0.9998999834060669","1","1","1","1","0.3722999840974808","0.37219998240470886","0.3723999857902527","0.6519499719142914","0.6491999626159668","0.654699981212616","1","1","1","1","1","1","0.3405499905347824","0.3330000042915344","0.3480999767780304","0.8394999802112579","0.835599958896637","0.8434000015258789","1","1","1","1","1","1","0.2962999939918518","0.2962999939918518","0.2962999939918518","0.8711999654769897","0.8711999654769897","0.8711999654769897","1","1","1","1","1","1","0.3463999927043915","0.3463999927043915","0.3463999927043915","0.8730999827384949","0.8730999827384949","0.8730999827384949","1","1","1","1","1","1","0.04399999976158142","0.04399999976158142","0.04399999976158142","1","1","1"
"5732","1","1","1","1","1","1","0.04739999771118164","0.04739999771118164","0.04739999771118164","1","1","1","1","1","1","1","1","1","0.04270000010728836","0.04270000010728836","0.04270000010728836","1","1","1","0.9999499917030334","0.9998999834060669","1","1","1","1","0.37334999442100525","0.36489999294281006","0.38179999589920044","0.6517999768257141","0.6425999999046326","0.6609999537467957","1","1","1","1","1","1","0.3529999852180481","0.34369999170303345","0.36229997873306274","0.8421999514102936","0.8376999497413635","0.8466999530792236","1","1","1","1","1","1","0.27959999442100525","0.27959999442100525","0.27959999442100525","0.8678999543190002","0.8678999543190002","0.8678999543190002","1","1","1","1","1","1","0.33789998292922974","0.33789998292922974","0.33789998292922974","0.8721999526023865","0.8721999526023865","0.8721999526023865","1","1","1","1","1","1","0.04429999738931656","0.04429999738931656","0.04429999738931656","1","1","1"
"5743","1","1","1","1","1","1","0.04779999703168869","0.04779999703168869","0.04779999703168869","1","1","1","1","1","1","1","1","1","0.042899999767541885","0.042899999767541885","0.042899999767541885","1","1","1","0.9999499917030334","0.9998999834060669","1","1","1","1","0.37904998660087585","0.3739999830722809","0.3840999901294708","0.6541000008583069","0.647599995136261","0.6606000065803528","1","1","1","1","1","1","0.349250003695488","0.3391000032424927","0.3594000041484833","0.8408499658107758","0.8367999792098999","0.8448999524116516","1","1","1","1","1","1","0.2857999801635742","0.2857999801635742","0.2857999801635742","0.8700000047683716","0.8700000047683716","0.8700000047683716","1","1","1","1","1","1","0.34049999713897705","0.34049999713897705","0.34049999713897705","0.8730999827384949","0.8730999827384949","0.8730999827384949","1","1","1","1","1","1","0.04389999806880951","0.04389999806880951","0.04389999806880951","1","1","1"
"5754","1","1","1","1","1","1","0.04800000041723251","0.04800000041723251","0.04800000041723251","1","1","1","1","1","1","1","1","1","0.042500000447034836","0.042500000447034836","0.042500000447034836","1","1","1","0.9999499917030334","0.9998999834060669","1","1","1","1","0.37824998795986176","0.3755999803543091","0.38089999556541443","0.6550999581813812","0.6523999571800232","0.6577999591827393","1","1","1","1","1","1","0.34394998848438263","0.3353999853134155","0.35249999165534973","0.8401999771595001","0.8361999988555908","0.8441999554634094","1","1","1","1","1","1","0.2847999930381775","0.2847999930381775","0.2847999930381775","0.8697999715805054","0.8697999715805054","0.8697999715805054","1","1","1","1","1","1","0.33489999175071716","0.33489999175071716","0.33489999175071716","0.8718000054359436","0.8718000054359436","0.8718000054359436","1","1","1","1","1","1","0.04389999806880951","0.04389999806880951","0.04389999806880951","1","1","1"
"5765","1","1","1","1","1","1","0.04800000041723251","0.04800000041723251","0.04800000041723251","1","1","1","1","1","1","1","1","1","0.042799998074769974","0.042799998074769974","0.042799998074769974","1","1","1","0.9999499917030334","0.9998999834060669","1","1","1","1","0.37609998881816864","0.3734999895095825","0.37869998812675476","0.653499960899353","0.6473999619483948","0.6595999598503113","1","1","1","1","1","1","0.3484499901533127","0.334199994802475","0.3626999855041504","0.841649979352951","0.8359000086784363","0.8473999500274658","1","1","1","1","1","1","0.2912999987602234","0.2912999987602234","0.2912999987602234","0.8707999587059021","0.8707999587059021","0.8707999587059021","1","1","1","1","1","1","0.3455999791622162","0.3455999791622162","0.3455999791622162","0.8743000030517578","0.8743000030517578","0.8743000030517578","1","1","1","1","1","1","0.044099997729063034","0.044099997729063034","0.044099997729063034","1","1","1"
"5776","1","1","1","1","1","1","0.04800000041723251","0.04800000041723251","0.04800000041723251","1","1","1","1","1","1","1","1","1","0.042899999767541885","0.042899999767541885","0.042899999767541885","1","1","1","0.9999499917030334","0.9998999834060669","1","1","1","1","0.3787499815225601","0.3775999844074249","0.3798999786376953","0.6547999978065491","0.6516000032424927","0.6579999923706055","1","1","1","1","1","1","0.34309999644756317","0.3328999876976013","0.353300005197525","0.8402999937534332","0.8359000086784363","0.8446999788284302","1","1","1","1","1","1","0.28689998388290405","0.28689998388290405","0.28689998388290405","0.8695999979972839","0.8695999979972839","0.8695999979972839","1","1","1","1","1","1","0.34459999203681946","0.34459999203681946","0.34459999203681946","0.8743000030517578","0.8743000030517578","0.8743000030517578","1","1","1","1","1","1","0.04429999738931656","0.04429999738931656","0.04429999738931656","1","1","1"
"5787","1","1","1","1","1","1","0.04729999974370003","0.04729999974370003","0.04729999974370003","1","1","1","1","1","1","1","1","1","0.042799998074769974","0.042799998074769974","0.042799998074769974","1","1","1","0.9999499917030334","0.9998999834060669","1","1","1","1","0.37644998729228973","0.3741999864578247","0.37869998812675476","0.655349999666214","0.6516000032424927","0.6590999960899353","1","1","1","1","1","1","0.34759998321533203","0.33969998359680176","0.3554999828338623","0.8415499627590179","0.837399959564209","0.8456999659538269","1","1","1","1","1","1","0.28299999237060547","0.28299999237060547","0.28299999237060547","0.8689000010490417","0.8689000010490417","0.8689000010490417","1","1","1","1","1","1","0.34299999475479126","0.34299999475479126","0.34299999475479126","0.8739999532699585","0.8739999532699585","0.8739999532699585","1","1","1","1","1","1","0.044099997729063034","0.044099997729063034","0.044099997729063034","1","1","1"
"5798","1","1","1","1","1","1","0.047599997371435165","0.047599997371435165","0.047599997371435165","1","1","1","1","1","1","1","1","1","0.04309999942779541","0.04309999942779541","0.04309999942779541","1","1","1","0.9999499917030334","0.9998999834060669","1","1","1","1","0.3802499920129776","0.37939998507499695","0.38109999895095825","0.6573500037193298","0.6552000045776367","0.659500002861023","1","1","1","1","1","1","0.34129999577999115","0.34049999713897705","0.34209999442100525","0.8388499915599823","0.8357999920845032","0.8418999910354614","1","1","1","1","1","1","0.27959999442100525","0.27959999442100525","0.27959999442100525","0.8700000047683716","0.8700000047683716","0.8700000047683716","1","1","1","1","1","1","0.34389999508857727","0.34389999508857727","0.34389999508857727","0.8734999895095825","0.8734999895095825","0.8734999895095825","1","1","1","1","1","1","0.04389999806880951","0.04389999806880951","0.04389999806880951","1","1","1"
"5809","1","1","1","1","1","1","0.04769999906420708","0.04769999906420708","0.04769999906420708","1","1","1","1","1","1","1","1","1","0.04259999841451645","0.04259999841451645","0.04259999841451645","1","1","1","0.9999499917030334","0.9998999834060669","1","1","1","1","0.3828499913215637","0.37950000166893005","0.3861999809741974","0.6574499905109406","0.6524999737739563","0.6624000072479248","1","1","1","1","1","1","0.3410999923944473","0.3335999846458435","0.34860000014305115","0.8390499651432037","0.8334999680519104","0.8445999622344971","1","1","1","1","1","1","0.28669998049736023","0.28669998049736023","0.28669998049736023","0.8700000047683716","0.8700000047683716","0.8700000047683716","1","1","1","1","1","1","0.3401999771595001","0.3401999771595001","0.3401999771595001","0.8725999593734741","0.8725999593734741","0.8725999593734741","1","1","1","1","1","1","0.044199999421834946","0.044199999421834946","0.044199999421834946","1","1","1"
"5820","1","1","1","1","1","1","0.04749999940395355","0.04749999940395355","0.04749999940395355","1","1","1","1","1","1","1","1","1","0.042500000447034836","0.042500000447034836","0.042500000447034836","1","1","1","1","1","1","1","1","1","0.38419999182224274","0.38099998235702515","0.3874000012874603","0.6583499908447266","0.656499981880188","0.6601999998092651","1","1","1","1","1","1","0.346699982881546","0.3441999852657318","0.34919998049736023","0.8401999771595001","0.8366999626159668","0.8436999917030334","1","1","1","1","1","1","0.2830999791622162","0.2830999791622162","0.2830999791622162","0.8689999580383301","0.8689999580383301","0.8689999580383301","1","1","1","1","1","1","0.33390000462532043","0.33390000462532043","0.33390000462532043","0.871999979019165","0.871999979019165","0.871999979019165","1","1","1","1","1","1","0.04429999738931656","0.04429999738931656","0.04429999738931656","1","1","1"
"5831","1","1","1","1","1","1","0.047599997371435165","0.047599997371435165","0.047599997371435165","1","1","1","1","1","1","1","1","1","0.04230000078678131","0.04230000078678131","0.04230000078678131","1","1","1","0.9999499917030334","0.9998999834060669","1","1","1","1","0.384799987077713","0.38019999861717224","0.3893999755382538","0.659199982881546","0.65829998254776","0.660099983215332","1","1","1","1","1","1","0.3386499881744385","0.33219999074935913","0.3450999855995178","0.8388999998569489","0.8339999914169312","0.8438000082969666","1","1","1","1","1","1","0.28349998593330383","0.28349998593330383","0.28349998593330383","0.8691999912261963","0.8691999912261963","0.8691999912261963","1","1","1","1","1","1","0.33409997820854187","0.33409997820854187","0.33409997820854187","0.8718000054359436","0.8718000054359436","0.8718000054359436","1","1","1","1","1","1","0.04399999976158142","0.04399999976158142","0.04399999976158142","1","1","1"
"5842","1","1","1","1","1","1","0.04809999838471413","0.04809999838471413","0.04809999838471413","1","1","1","1","1","1","1","1","1","0.04259999841451645","0.04259999841451645","0.04259999841451645","1","1","1","0.9999499917030334","0.9998999834060669","1","1","1","1","0.3766999989748001","0.3752000033855438","0.3781999945640564","0.6550500094890594","0.6513000130653381","0.6588000059127808","1","1","1","1","1","1","0.3455499857664108","0.3441999852657318","0.34689998626708984","0.8394999802112579","0.8371999859809875","0.8417999744415283","1","1","1","1","1","1","0.2849999964237213","0.2849999964237213","0.2849999964237213","0.8700999617576599","0.8700999617576599","0.8700999617576599","1","1","1","1","1","1","0.3352999985218048","0.3352999985218048","0.3352999985218048","0.8723999857902527","0.8723999857902527","0.8723999857902527","1","1","1","1","1","1","0.04349999874830246","0.04349999874830246","0.04349999874830246","1","1","1"
"5853","1","1","1","1","1","1","0.0478999987244606","0.0478999987244606","0.0478999987244606","1","1","1","1","1","1","1","1","1","0.042899999767541885","0.042899999767541885","0.042899999767541885","1","1","1","1","1","1","1","1","1","0.3824499845504761","0.38189998269081116","0.382999986410141","0.6570499837398529","0.6538999676704407","0.6601999998092651","1","1","1","1","1","1","0.35134997963905334","0.3480999767780304","0.3545999825000763","0.8414999842643738","0.838699996471405","0.8442999720573425","1","1","1","1","1","1","0.2830999791622162","0.2830999791622162","0.2830999791622162","0.8707000017166138","0.8707000017166138","0.8707000017166138","1","1","1","1","1","1","0.32989999651908875","0.32989999651908875","0.32989999651908875","0.8698999881744385","0.8698999881744385","0.8698999881744385","1","1","1","1","1","1","0.044199999421834946","0.044199999421834946","0.044199999421834946","1","1","1"
"5864","1","1","1","1","1","1","0.04769999906420708","0.04769999906420708","0.04769999906420708","1","1","1","1","1","1","1","1","1","0.04270000010728836","0.04270000010728836","0.04270000010728836","1","1","1","0.9999499917030334","0.9998999834060669","1","1","1","1","0.3809499889612198","0.3775999844074249","0.38429999351501465","0.6563999950885773","0.6563000082969666","0.656499981880188","1","1","1","1","1","1","0.3507999777793884","0.34379997849464417","0.3577999770641327","0.8414499759674072","0.8373000025749207","0.8455999493598938","1","1","1","1","1","1","0.2847000062465668","0.2847000062465668","0.2847000062465668","0.8707999587059021","0.8707999587059021","0.8707999587059021","1","1","1","1","1","1","0.3369999825954437","0.3369999825954437","0.3369999825954437","0.8711999654769897","0.8711999654769897","0.8711999654769897","1","1","1","1","1","1","0.044099997729063034","0.044099997729063034","0.044099997729063034","1","1","1"
"5875","1","1","1","1","1","1","0.047599997371435165","0.047599997371435165","0.047599997371435165","1","1","1","1","1","1","1","1","1","0.04259999841451645","0.04259999841451645","0.04259999841451645","1","1","1","0.9999499917030334","0.9998999834060669","1","1","1","1","0.37959998846054077","0.37299999594688416","0.3861999809741974","0.6565499901771545","0.6559000015258789","0.6571999788284302","1","1","1","1","1","1","0.34629999101161957","0.34289997816085815","0.349700003862381","0.840399980545044","0.8371999859809875","0.8435999751091003","1","1","1","1","1","1","0.28139999508857727","0.28139999508857727","0.28139999508857727","0.8698999881744385","0.8698999881744385","0.8698999881744385","1","1","1","1","1","1","0.3353999853134155","0.3353999853134155","0.3353999853134155","0.8716999888420105","0.8716999888420105","0.8716999888420105","1","1","1","1","1","1","0.044199999421834946","0.044199999421834946","0.044199999421834946","1","1","1"
"5886","1","1","1","1","1","1","0.04800000041723251","0.04800000041723251","0.04800000041723251","1","1","1","1","1","1","1","1","1","0.04259999841451645","0.04259999841451645","0.04259999841451645","1","1","1","0.9999499917030334","0.9998999834060669","1","1","1","1","0.37619999051094055","0.37539997696876526","0.37700000405311584","0.6546499729156494","0.6531999707221985","0.6560999751091003","1","1","1","1","1","1","0.3442999869585037","0.3335999846458435","0.35499998927116394","0.8392999768257141","0.833899974822998","0.8446999788284302","1","1","1","1","1","1","0.2809000015258789","0.2809000015258789","0.2809000015258789","0.8707000017166138","0.8707000017166138","0.8707000017166138","1","1","1","1","1","1","0.3342999815940857","0.3342999815940857","0.3342999815940857","0.8707999587059021","0.8707999587059021","0.8707999587059021","1","1","1","1","1","1","0.044099997729063034","0.044099997729063034","0.044099997729063034","1","1","1"
"5897","1","1","1","1","1","1","0.04820000007748604","0.04820000007748604","0.04820000007748604","1","1","1","1","1","1","1","1","1","0.042799998074769974","0.042799998074769974","0.042799998074769974","1","1","1","0.9999499917030334","0.9998999834060669","1","1","1","1","0.37734998762607574","0.3700999915599823","0.3845999836921692","0.6538999974727631","0.6516000032424927","0.6561999917030334","1","1","1","1","1","1","0.3445499837398529","0.3319999873638153","0.3570999801158905","0.8387999832630157","0.8323999643325806","0.8452000021934509","1","1","1","1","1","1","0.28509998321533203","0.28509998321533203","0.28509998321533203","0.870199978351593","0.870199978351593","0.870199978351593","1","1","1","1","1","1","0.33879998326301575","0.33879998326301575","0.33879998326301575","0.8725999593734741","0.8725999593734741","0.8725999593734741","1","1","1","1","1","1","0.04399999976158142","0.04399999976158142","0.04399999976158142","1","1","1"
"5908","1","1","1","1","1","1","0.04769999906420708","0.04769999906420708","0.04769999906420708","1","1","1","1","1","1","1","1","1","0.04339999705553055","0.04339999705553055","0.04339999705553055","1","1","1","0.9999499917030334","0.9998999834060669","1","1","1","1","0.37264999747276306","0.3652999997138977","0.3799999952316284","0.6500999927520752","0.6485999822616577","0.6516000032424927","1","1","1","1","1","1","0.3455499857664108","0.33949998021125793","0.3515999913215637","0.8396999835968018","0.8359999656677246","0.8434000015258789","1","1","1","1","1","1","0.2784000039100647","0.2784000039100647","0.2784000039100647","0.8693000078201294","0.8693000078201294","0.8693000078201294","1","1","1","1","1","1","0.3393999934196472","0.3393999934196472","0.3393999934196472","0.8721999526023865","0.8721999526023865","0.8721999526023865","1","1","1","1","1","1","0.04429999738931656","0.04429999738931656","0.04429999738931656","1","1","1"
"5919","1","1","1","1","1","1","0.04769999906420708","0.04769999906420708","0.04769999906420708","1","1","1","1","1","1","1","1","1","0.042899999767541885","0.042899999767541885","0.042899999767541885","1","1","1","0.9999499917030334","0.9998999834060669","1","1","1","1","0.3700999915599823","0.357699990272522","0.3824999928474426","0.651449978351593","0.646399974822998","0.656499981880188","1","1","1","1","1","1","0.3445499986410141","0.335099995136261","0.3540000021457672","0.8404999673366547","0.8353999853134155","0.8455999493598938","1","1","1","1","1","1","0.27469998598098755","0.27469998598098755","0.27469998598098755","0.8693000078201294","0.8693000078201294","0.8693000078201294","1","1","1","1","1","1","0.3414999842643738","0.3414999842643738","0.3414999842643738","0.8715999722480774","0.8715999722480774","0.8715999722480774","1","1","1","1","1","1","0.044099997729063034","0.044099997729063034","0.044099997729063034","1","1","1"
"5930","1","1","1","1","1","1","0.04800000041723251","0.04800000041723251","0.04800000041723251","1","1","1","1","1","1","1","1","1","0.04259999841451645","0.04259999841451645","0.04259999841451645","1","1","1","0.9999499917030334","0.9998999834060669","1","1","1","1","0.37324999272823334","0.3668999969959259","0.37959998846054077","0.6541999578475952","0.653499960899353","0.6548999547958374","1","1","1","1","1","1","0.33969998359680176","0.3304999768733978","0.3488999903202057","0.8383999764919281","0.8344999551773071","0.8422999978065491","1","1","1","1","1","1","0.2874999940395355","0.2874999940395355","0.2874999940395355","0.8710999488830566","0.8710999488830566","0.8710999488830566","1","1","1","1","1","1","0.35429999232292175","0.35429999232292175","0.35429999232292175","0.8751999735832214","0.8751999735832214","0.8751999735832214","1","1","1","1","1","1","0.043800000101327896","0.043800000101327896","0.043800000101327896","1","1","1"
"5941","1","1","1","1","1","1","0.0478999987244606","0.0478999987244606","0.0478999987244606","1","1","1","1","1","1","1","1","1","0.042899999767541885","0.042899999767541885","0.042899999767541885","1","1","1","1","1","1","1","1","1","0.37664999067783356","0.35979998111724854","0.3935000002384186","0.6557999849319458","0.6503999829292297","0.6611999869346619","1","1","1","1","1","1","0.33834999799728394","0.3325999975204468","0.3440999984741211","0.8382499814033508","0.835099995136261","0.8413999676704407","1","1","1","1","1","1","0.2840999960899353","0.2840999960899353","0.2840999960899353","0.8695999979972839","0.8695999979972839","0.8695999979972839","1","1","1","1","1","1","0.34779998660087585","0.34779998660087585","0.34779998660087585","0.8741999864578247","0.8741999864578247","0.8741999864578247","1","1","1","1","1","1","0.044499997049570084","0.044499997049570084","0.044499997049570084","1","1","1"
"5952","1","1","1","1","1","1","0.04809999838471413","0.04809999838471413","0.04809999838471413","1","1","1","1","1","1","1","1","1","0.042799998074769974","0.042799998074769974","0.042799998074769974","1","1","1","0.9999499917030334","0.9998999834060669","1","1","1","1","0.37814998626708984","0.36899998784065247","0.3872999846935272","0.6545499861240387","0.6513999700546265","0.6577000021934509","1","1","1","1","1","1","0.33869998157024384","0.33159998059272766","0.34579998254776","0.8382499814033508","0.8349999785423279","0.8414999842643738","1","1","1","1","1","1","0.28919997811317444","0.28919997811317444","0.28919997811317444","0.8715999722480774","0.8715999722480774","0.8715999722480774","1","1","1","1","1","1","0.35409998893737793","0.35409998893737793","0.35409998893737793","0.875","0.875","0.875","1","1","1","1","1","1","0.044199999421834946","0.044199999421834946","0.044199999421834946","1","1","1"
"5963","1","1","1","1","1","1","0.04820000007748604","0.04820000007748604","0.04820000007748604","1","1","1","1","1","1","1","1","1","0.042899999767541885","0.042899999767541885","0.042899999767541885","1","1","1","0.9999499917030334","0.9998999834060669","1","1","1","1","0.3769499957561493","0.3652999997138977","0.3885999917984009","0.6527999937534332","0.6484000086784363","0.6571999788284302","1","1","1","1","1","1","0.3424999862909317","0.33059999346733093","0.35439997911453247","0.8397999703884125","0.835599958896637","0.843999981880188","1","1","1","1","1","1","0.2897000014781952","0.2897000014781952","0.2897000014781952","0.8714999556541443","0.8714999556541443","0.8714999556541443","1","1","1","1","1","1","0.34450000524520874","0.34450000524520874","0.34450000524520874","0.8736000061035156","0.8736000061035156","0.8736000061035156","1","1","1","1","1","1","0.04389999806880951","0.04389999806880951","0.04389999806880951","1","1","1"
"5974","1","1","1","1","1","1","0.04800000041723251","0.04800000041723251","0.04800000041723251","1","1","1","1","1","1","1","1","1","0.04309999942779541","0.04309999942779541","0.04309999942779541","1","1","1","0.9999499917030334","0.9998999834060669","1","1","1","1","0.3778499960899353","0.3677999973297119","0.3878999948501587","0.6559999883174896","0.6543999910354614","0.6575999855995178","1","1","1","1","1","1","0.3419499844312668","0.3335999846458435","0.35029998421669006","0.8401499688625336","0.8360999822616577","0.8441999554634094","1","1","1","1","1","1","0.2833999991416931","0.2833999991416931","0.2833999991416931","0.8704999685287476","0.8704999685287476","0.8704999685287476","1","1","1","1","1","1","0.34059998393058777","0.34059998393058777","0.34059998393058777","0.8726999759674072","0.8726999759674072","0.8726999759674072","1","1","1","1","1","1","0.044199999421834946","0.044199999421834946","0.044199999421834946","1","1","1"
"5985","1","1","1","1","1","1","0.04749999940395355","0.04749999940395355","0.04749999940395355","1","1","1","1","1","1","1","1","1","0.042899999767541885","0.042899999767541885","0.042899999767541885","1","1","1","0.9999499917030334","0.9998999834060669","1","1","1","1","0.377499982714653","0.37039998173713684","0.3845999836921692","0.6551499664783478","0.6548999547958374","0.6553999781608582","1","1","1","1","1","1","0.3422999829053879","0.32889997959136963","0.35569998621940613","0.8397999703884125","0.833899974822998","0.8456999659538269","1","1","1","1","1","1","0.28769999742507935","0.28769999742507935","0.28769999742507935","0.8710999488830566","0.8710999488830566","0.8710999488830566","1","1","1","1","1","1","0.3321000039577484","0.3321000039577484","0.3321000039577484","0.8708999752998352","0.8708999752998352","0.8708999752998352","1","1","1","1","1","1","0.04439999908208847","0.04439999908208847","0.04439999908208847","1","1","1"
"5996","1","1","1","1","1","1","0.0478999987244606","0.0478999987244606","0.0478999987244606","1","1","1","1","1","1","1","1","1","0.0429999977350235","0.0429999977350235","0.0429999977350235","1","1","1","0.9999499917030334","0.9998999834060669","1","1","1","1","0.3803499937057495","0.3756999969482422","0.38499999046325684","0.6583499908447266","0.6578999757766724","0.6588000059127808","1","1","1","1","1","1","0.3482999950647354","0.3418999910354614","0.3546999990940094","0.8406999707221985","0.8362999558448792","0.8450999855995178","1","1","1","1","1","1","0.2920999825000763","0.2920999825000763","0.2920999825000763","0.8716999888420105","0.8716999888420105","0.8716999888420105","1","1","1","1","1","1","0.3358999788761139","0.3358999788761139","0.3358999788761139","0.871399998664856","0.871399998664856","0.871399998664856","1","1","1","1","1","1","0.04399999976158142","0.04399999976158142","0.04399999976158142","1","1","1"
"6007","1","1","1","1","1","1","0.04769999906420708","0.04769999906420708","0.04769999906420708","1","1","1","1","1","1","1","1","1","0.0429999977350235","0.0429999977350235","0.0429999977350235","1","1","1","0.9999499917030334","0.9998999834060669","1","1","1","1","0.3790999948978424","0.36959999799728394","0.3885999917984009","0.6563499867916107","0.6538999676704407","0.6588000059127808","1","1","1","1","1","1","0.34609998762607574","0.3384999930858612","0.3536999821662903","0.8408499658107758","0.8359999656677246","0.8456999659538269","1","1","1","1","1","1","0.28529998660087585","0.28529998660087585","0.28529998660087585","0.870199978351593","0.870199978351593","0.870199978351593","1","1","1","1","1","1","0.3416000008583069","0.3416000008583069","0.3416000008583069","0.8725999593734741","0.8725999593734741","0.8725999593734741","1","1","1","1","1","1","0.044199999421834946","0.044199999421834946","0.044199999421834946","1","1","1"
"6018","1","1","1","1","1","1","0.0478999987244606","0.0478999987244606","0.0478999987244606","1","1","1","1","1","1","1","1","1","0.042799998074769974","0.042799998074769974","0.042799998074769974","1","1","1","0.9999499917030334","0.9998999834060669","1","1","1","1","0.37539999186992645","0.3686999976634979","0.382099986076355","0.65379998087883","0.6510999798774719","0.656499981880188","1","1","1","1","1","1","0.3486499935388565","0.3425999879837036","0.3546999990940094","0.8399499952793121","0.8353999853134155","0.8445000052452087","1","1","1","1","1","1","0.2863999903202057","0.2863999903202057","0.2863999903202057","0.8704999685287476","0.8704999685287476","0.8704999685287476","1","1","1","1","1","1","0.3474999964237213","0.3474999964237213","0.3474999964237213","0.8726999759674072","0.8726999759674072","0.8726999759674072","1","1","1","1","1","1","0.04399999976158142","0.04399999976158142","0.04399999976158142","1","1","1"
"6029","1","1","1","1","1","1","0.04769999906420708","0.04769999906420708","0.04769999906420708","1","1","1","1","1","1","1","1","1","0.04309999942779541","0.04309999942779541","0.04309999942779541","1","1","1","0.9999499917030334","0.9998999834060669","1","1","1","1","0.3781999796628952","0.3669999837875366","0.3893999755382538","0.6558499932289124","0.652999997138977","0.6586999893188477","1","1","1","1","1","1","0.3458999842405319","0.33219999074935913","0.3595999777317047","0.8393999636173248","0.8334999680519104","0.8452999591827393","1","1","1","1","1","1","0.28790000081062317","0.28790000081062317","0.28790000081062317","0.8707000017166138","0.8707000017166138","0.8707000017166138","1","1","1","1","1","1","0.35499998927116394","0.35499998927116394","0.35499998927116394","0.8745999932289124","0.8745999932289124","0.8745999932289124","1","1","1","1","1","1","0.044199999421834946","0.044199999421834946","0.044199999421834946","1","1","1"
"6040","1","1","1","1","1","1","0.04800000041723251","0.04800000041723251","0.04800000041723251","1","1","1","1","1","1","1","1","1","0.04319999739527702","0.04319999739527702","0.04319999739527702","1","1","1","0.9999499917030334","0.9998999834060669","1","1","1","1","0.3747499883174896","0.36969998478889465","0.3797999918460846","0.6543499827384949","0.652999997138977","0.6556999683380127","1","1","1","1","1","1","0.3467999994754791","0.3294000029563904","0.36419999599456787","0.8398999869823456","0.8339999914169312","0.84579998254776","1","1","1","1","1","1","0.28999999165534973","0.28999999165534973","0.28999999165534973","0.8718000054359436","0.8718000054359436","0.8718000054359436","1","1","1","1","1","1","0.3603000044822693","0.3603000044822693","0.3603000044822693","0.8746999502182007","0.8746999502182007","0.8746999502182007","1","1","1","1","1","1","0.044099997729063034","0.044099997729063034","0.044099997729063034","1","1","1"
"6051","1","1","1","1","1","1","0.04729999974370003","0.04729999974370003","0.04729999974370003","1","1","1","1","1","1","1","1","1","0.042899999767541885","0.042899999767541885","0.042899999767541885","1","1","1","0.9999499917030334","0.9998999834060669","1","1","1","1","0.3762499839067459","0.3714999854564667","0.38099998235702515","0.654449999332428","0.6541000008583069","0.6547999978065491","1","1","1","1","1","1","0.34344999492168427","0.3294999897480011","0.35740000009536743","0.839599996805191","0.8343999981880188","0.8447999954223633","1","1","1","1","1","1","0.289900004863739","0.289900004863739","0.289900004863739","0.871399998664856","0.871399998664856","0.871399998664856","1","1","1","1","1","1","0.35429999232292175","0.35429999232292175","0.35429999232292175","0.8733999729156494","0.8733999729156494","0.8733999729156494","1","1","1","1","1","1","0.043800000101327896","0.043800000101327896","0.043800000101327896","1","1","1"
"6062","1","1","1","1","1","1","0.04809999838471413","0.04809999838471413","0.04809999838471413","1","1","1","1","1","1","1","1","1","0.0429999977350235","0.0429999977350235","0.0429999977350235","1","1","1","0.9999499917030334","0.9998999834060669","1","1","1","1","0.3772999942302704","0.37059998512268066","0.3840000033378601","0.6540499925613403","0.6523000001907349","0.6557999849319458","1","1","1","1","1","1","0.3418999910354614","0.33079999685287476","0.3529999852180481","0.8385499715805054","0.8331999778747559","0.8438999652862549","1","1","1","1","1","1","0.2856999933719635","0.2856999933719635","0.2856999933719635","0.8703999519348145","0.8703999519348145","0.8703999519348145","1","1","1","1","1","1","0.35670000314712524","0.35670000314712524","0.35670000314712524","0.8745999932289124","0.8745999932289124","0.8745999932289124","1","1","1","1","1","1","0.044099997729063034","0.044099997729063034","0.044099997729063034","1","1","1"
"6073","1","1","1","1","1","1","0.04779999703168869","0.04779999703168869","0.04779999703168869","1","1","1","1","1","1","1","1","1","0.042899999767541885","0.042899999767541885","0.042899999767541885","1","1","1","0.9999499917030334","0.9998999834060669","1","1","1","1","0.3784499913454056","0.37619999051094055","0.3806999921798706","0.6543499827384949","0.6539999842643738","0.654699981212616","1","1","1","1","1","1","0.32520000636577606","0.30410000681877136","0.34630000591278076","0.8339999914169312","0.826200008392334","0.8417999744415283","1","1","1","1","1","1","0.2848999798297882","0.2848999798297882","0.2848999798297882","0.8695999979972839","0.8695999979972839","0.8695999979972839","1","1","1","1","1","1","0.3572999835014343","0.3572999835014343","0.3572999835014343","0.8758999705314636","0.8758999705314636","0.8758999705314636","1","1","1","1","1","1","0.044099997729063034","0.044099997729063034","0.044099997729063034","1","1","1"
"6084","1","1","1","1","1","1","0.04769999906420708","0.04769999906420708","0.04769999906420708","1","1","1","1","1","1","1","1","1","0.042899999767541885","0.042899999767541885","0.042899999767541885","1","1","1","0.9999499917030334","0.9998999834060669","1","1","1","1","0.3783999979496002","0.3752000033855438","0.3815999925136566","0.6552999913692474","0.6545000076293945","0.6560999751091003","1","1","1","1","1","1","0.34334999322891235","0.32999998331069946","0.35670000314712524","0.8392499685287476","0.8345999717712402","0.8438999652862549","1","1","1","1","1","1","0.29249998927116394","0.29249998927116394","0.29249998927116394","0.8707000017166138","0.8707000017166138","0.8707000017166138","1","1","1","1","1","1","0.3568999767303467","0.3568999767303467","0.3568999767303467","0.8755999803543091","0.8755999803543091","0.8755999803543091","1","1","1","1","1","1","0.04439999908208847","0.04439999908208847","0.04439999908208847","1","1","1"
"6095","1","1","1","1","1","1","0.047599997371435165","0.047599997371435165","0.047599997371435165","1","1","1","1","1","1","1","1","1","0.04270000010728836","0.04270000010728836","0.04270000010728836","1","1","1","0.9999499917030334","0.9998999834060669","1","1","1","1","0.37939999997615814","0.3743000030517578","0.38449999690055847","0.6553499698638916","0.6535999774932861","0.6570999622344971","1","1","1","1","1","1","0.3398999869823456","0.3247999846935272","0.35499998927116394","0.8368999660015106","0.8301999568939209","0.8435999751091003","1","1","1","1","1","1","0.29109999537467957","0.29109999537467957","0.29109999537467957","0.8693000078201294","0.8693000078201294","0.8693000078201294","1","1","1","1","1","1","0.3537999987602234","0.3537999987602234","0.3537999987602234","0.8746999502182007","0.8746999502182007","0.8746999502182007","1","1","1","1","1","1","0.044199999421834946","0.044199999421834946","0.044199999421834946","1","1","1"
"6106","1","1","1","1","1","1","0.04800000041723251","0.04800000041723251","0.04800000041723251","1","1","1","1","1","1","1","1","1","0.042899999767541885","0.042899999767541885","0.042899999767541885","1","1","1","0.9999499917030334","0.9998999834060669","1","1","1","1","0.37709999084472656","0.3757999837398529","0.3783999979496002","0.6551499962806702","0.6532999873161316","0.6570000052452087","1","1","1","1","1","1","0.3400000035762787","0.3296000063419342","0.35040000081062317","0.8368999660015106","0.8308999538421631","0.8428999781608582","1","1","1","1","1","1","0.28859999775886536","0.28859999775886536","0.28859999775886536","0.8704999685287476","0.8704999685287476","0.8704999685287476","1","1","1","1","1","1","0.3601999878883362","0.3601999878883362","0.3601999878883362","0.8748999834060669","0.8748999834060669","0.8748999834060669","1","1","1","1","1","1","0.044199999421834946","0.044199999421834946","0.044199999421834946","1","1","1"
"6117","1","1","1","1","1","1","0.047599997371435165","0.047599997371435165","0.047599997371435165","1","1","1","1","1","1","1","1","1","0.042799998074769974","0.042799998074769974","0.042799998074769974","1","1","1","0.9999499917030334","0.9998999834060669","1","1","1","1","0.3820499926805496","0.374099999666214","0.38999998569488525","0.657399982213974","0.6520000100135803","0.6627999544143677","1","1","1","1","1","1","0.3407000005245209","0.32989999651908875","0.351500004529953","0.8365999758243561","0.8296999931335449","0.8434999585151672","1","1","1","1","1","1","0.2911999821662903","0.2911999821662903","0.2911999821662903","0.8694999814033508","0.8694999814033508","0.8694999814033508","1","1","1","1","1","1","0.3278000056743622","0.3278000056743622","0.3278000056743622","0.8696999549865723","0.8696999549865723","0.8696999549865723","1","1","1","1","1","1","0.04399999976158142","0.04399999976158142","0.04399999976158142","1","1","1"
"6128","1","1","1","1","1","1","0.0478999987244606","0.0478999987244606","0.0478999987244606","1","1","1","1","1","1","1","1","1","0.042799998074769974","0.042799998074769974","0.042799998074769974","1","1","1","0.9999499917030334","0.9998999834060669","1","1","1","1","0.3862999975681305","0.3849000036716461","0.38769999146461487","0.6599999666213989","0.6581999659538269","0.661799967288971","1","1","1","1","1","1","0.3418999910354614","0.32819998264312744","0.3555999994277954","0.8378500044345856","0.8312000036239624","0.8445000052452087","1","1","1","1","1","1","0.29440000653266907","0.29440000653266907","0.29440000653266907","0.8707000017166138","0.8707000017166138","0.8707000017166138","1","1","1","1","1","1","0.3447999954223633","0.3447999954223633","0.3447999954223633","0.8725999593734741","0.8725999593734741","0.8725999593734741","1","1","1","1","1","1","0.04389999806880951","0.04389999806880951","0.04389999806880951","1","1","1"
"6139","1","1","1","1","1","1","0.04829999804496765","0.04829999804496765","0.04829999804496765","1","1","1","1","1","1","1","1","1","0.043299999088048935","0.043299999088048935","0.043299999088048935","1","1","1","0.9999499917030334","0.9998999834060669","1","1","1","1","0.3827499896287918","0.3822999894618988","0.3831999897956848","0.6586499810218811","0.6552000045776367","0.6620999574661255","1","1","1","1","1","1","0.33969999849796295","0.3287000060081482","0.3506999909877777","0.8373499810695648","0.8323000073432922","0.8423999547958374","1","1","1","1","1","1","0.2938999831676483","0.2938999831676483","0.2938999831676483","0.8708999752998352","0.8708999752998352","0.8708999752998352","1","1","1","1","1","1","0.34939998388290405","0.34939998388290405","0.34939998388290405","0.873699963092804","0.873699963092804","0.873699963092804","1","1","1","1","1","1","0.044199999421834946","0.044199999421834946","0.044199999421834946","1","1","1"
"6150","1","1","1","1","1","1","0.04779999703168869","0.04779999703168869","0.04779999703168869","1","1","1","1","1","1","1","1","1","0.0429999977350235","0.0429999977350235","0.0429999977350235","1","1","1","0.9999499917030334","0.9998999834060669","1","1","1","1","0.381649985909462","0.38029998540878296","0.382999986410141","0.6574999988079071","0.6545000076293945","0.6604999899864197","1","1","1","1","1","1","0.33799998462200165","0.3276999890804291","0.3482999801635742","0.8366999626159668","0.8298999667167664","0.8434999585151672","1","1","1","1","1","1","0.31039997935295105","0.31039997935295105","0.31039997935295105","0.8745999932289124","0.8745999932289124","0.8745999932289124","1","1","1","1","1","1","0.3450999855995178","0.3450999855995178","0.3450999855995178","0.8729999661445618","0.8729999661445618","0.8729999661445618","1","1","1","1","1","1","0.04399999976158142","0.04399999976158142","0.04399999976158142","1","1","1"
"6161","1","1","1","1","1","1","0.0478999987244606","0.0478999987244606","0.0478999987244606","1","1","1","1","1","1","1","1","1","0.0429999977350235","0.0429999977350235","0.0429999977350235","1","1","1","0.9999499917030334","0.9998999834060669","1","1","1","1","0.38179999589920044","0.38019999861717224","0.38339999318122864","0.6570499837398529","0.6524999737739563","0.6615999937057495","1","1","1","1","1","1","0.3390499949455261","0.33059999346733093","0.3474999964237213","0.8375499844551086","0.8319000005722046","0.8431999683380127","1","1","1","1","1","1","0.29659998416900635","0.29659998416900635","0.29659998416900635","0.8718000054359436","0.8718000054359436","0.8718000054359436","1","1","1","1","1","1","0.3465999960899353","0.3465999960899353","0.3465999960899353","0.8734999895095825","0.8734999895095825","0.8734999895095825","1","1","1","1","1","1","0.04389999806880951","0.04389999806880951","0.04389999806880951","1","1","1"
"6172","1","1","1","1","1","1","0.04739999771118164","0.04739999771118164","0.04739999771118164","1","1","1","1","1","1","1","1","1","0.04270000010728836","0.04270000010728836","0.04270000010728836","1","1","1","0.9999499917030334","0.9998999834060669","1","1","1","1","0.3841499984264374","0.3797000050544739","0.3885999917984009","0.6593499779701233","0.6541999578475952","0.6644999980926514","1","1","1","1","1","1","0.34379997849464417","0.33949998021125793","0.3480999767780304","0.8380999863147736","0.8334999680519104","0.8427000045776367","1","1","1","1","1","1","0.29440000653266907","0.29440000653266907","0.29440000653266907","0.8707999587059021","0.8707999587059021","0.8707999587059021","1","1","1","1","1","1","0.34849998354911804","0.34849998354911804","0.34849998354911804","0.8737999796867371","0.8737999796867371","0.8737999796867371","1","1","1","1","1","1","0.04439999908208847","0.04439999908208847","0.04439999908208847","1","1","1"
"6183","1","1","1","1","1","1","0.04779999703168869","0.04779999703168869","0.04779999703168869","1","1","1","1","1","1","1","1","1","0.042899999767541885","0.042899999767541885","0.042899999767541885","1","1","1","0.9999499917030334","0.9998999834060669","1","1","1","1","0.38019998371601105","0.37289997935295105","0.38749998807907104","0.6554999649524689","0.6548999547958374","0.6560999751091003","1","1","1","1","1","1","0.34164999425411224","0.33399999141693115","0.34929999709129333","0.8383499681949615","0.8335999846458435","0.8430999517440796","1","1","1","1","1","1","0.28679999709129333","0.28679999709129333","0.28679999709129333","0.8700999617576599","0.8700999617576599","0.8700999617576599","1","1","1","1","1","1","0.3527999818325043","0.3527999818325043","0.3527999818325043","0.8739999532699585","0.8739999532699585","0.8739999532699585","1","1","1","1","1","1","0.044199999421834946","0.044199999421834946","0.044199999421834946","1","1","1"
"6194","1","1","1","1","1","1","0.04820000007748604","0.04820000007748604","0.04820000007748604","1","1","1","1","1","1","1","1","1","0.0429999977350235","0.0429999977350235","0.0429999977350235","1","1","1","0.9999499917030334","0.9998999834060669","1","1","1","1","0.38749998807907104","0.38119998574256897","0.3937999904155731","0.6578999757766724","0.6568999886512756","0.6588999629020691","0.9999499917030334","0.9998999834060669","1","1","1","1","0.344200000166893","0.335099995136261","0.353300005197525","0.8395499885082245","0.833899974822998","0.8452000021934509","1","1","1","1","1","1","0.28949999809265137","0.28949999809265137","0.28949999809265137","0.8702999949455261","0.8702999949455261","0.8702999949455261","1","1","1","1","1","1","0.35839998722076416","0.35839998722076416","0.35839998722076416","0.8743999600410461","0.8743999600410461","0.8743999600410461","1","1","1","1","1","1","0.04389999806880951","0.04389999806880951","0.04389999806880951","1","1","1"
"6205","1","1","1","1","1","1","0.04809999838471413","0.04809999838471413","0.04809999838471413","1","1","1","1","1","1","1","1","1","0.0429999977350235","0.0429999977350235","0.0429999977350235","1","1","1","0.9999499917030334","0.9998999834060669","1","1","1","1","0.38179999589920044","0.3707999885082245","0.3928000032901764","0.6574999690055847","0.6559999585151672","0.6589999794960022","1","1","1","1","1","1","0.34014998376369476","0.32589998841285706","0.35439997911453247","0.8385999798774719","0.8325999975204468","0.8445999622344971","1","1","1","1","1","1","0.29760000109672546","0.29760000109672546","0.29760000109672546","0.8723999857902527","0.8723999857902527","0.8723999857902527","1","1","1","1","1","1","0.35519999265670776","0.35519999265670776","0.35519999265670776","0.8738999962806702","0.8738999962806702","0.8738999962806702","1","1","1","1","1","1","0.04389999806880951","0.04389999806880951","0.04389999806880951","1","1","1"
"6216","1","1","1","1","1","1","0.048499997705221176","0.048499997705221176","0.048499997705221176","1","1","1","1","1","1","1","1","1","0.043299999088048935","0.043299999088048935","0.043299999088048935","1","1","1","0.9999499917030334","0.9998999834060669","1","1","1","1","0.38269998133182526","0.37469998002052307","0.39069998264312744","0.6581999957561493","0.6570000052452087","0.6593999862670898","1","1","1","1","1","1","0.33789999783039093","0.3244999945163727","0.3513000011444092","0.8378999829292297","0.8319999575614929","0.8438000082969666","1","1","1","1","1","1","0.2996000051498413","0.2996000051498413","0.2996000051498413","0.8729999661445618","0.8729999661445618","0.8729999661445618","1","1","1","1","1","1","0.35760000348091125","0.35760000348091125","0.35760000348091125","0.8738999962806702","0.8738999962806702","0.8738999962806702","1","1","1","1","1","1","0.04360000044107437","0.04360000044107437","0.04360000044107437","1","1","1"
"6227","1","1","1","1","1","1","0.04769999906420708","0.04769999906420708","0.04769999906420708","1","1","1","1","1","1","1","1","1","0.04349999874830246","0.04349999874830246","0.04349999874830246","1","1","1","0.9999499917030334","0.9998999834060669","1","1","1","1","0.38144998252391815","0.3750999867916107","0.3877999782562256","0.6577499806880951","0.6570000052452087","0.6584999561309814","1","1","1","1","1","1","0.3375999927520752","0.32979997992515564","0.34540000557899475","0.8376999795436859","0.8323999643325806","0.8429999947547913","1","1","1","1","1","1","0.29989999532699585","0.29989999532699585","0.29989999532699585","0.8726999759674072","0.8726999759674072","0.8726999759674072","1","1","1","1","1","1","0.36139997839927673","0.36139997839927673","0.36139997839927673","0.8758999705314636","0.8758999705314636","0.8758999705314636","1","1","1","1","1","1","0.043800000101327896","0.043800000101327896","0.043800000101327896","1","1","1"
"6238","1","1","1","1","1","1","0.04739999771118164","0.04739999771118164","0.04739999771118164","1","1","1","1","1","1","1","1","1","0.04309999942779541","0.04309999942779541","0.04309999942779541","1","1","1","0.9999499917030334","0.9998999834060669","1","1","1","1","0.38054998219013214","0.3757999837398529","0.3852999806404114","0.6553499698638916","0.654699981212616","0.6559999585151672","1","1","1","1","1","1","0.3462499976158142","0.337799996137619","0.3546999990940094","0.8389999866485596","0.833299994468689","0.8446999788284302","1","1","1","1","1","1","0.2818000018596649","0.2818000018596649","0.2818000018596649","0.8687999844551086","0.8687999844551086","0.8687999844551086","1","1","1","1","1","1","0.3659999966621399","0.3659999966621399","0.3659999966621399","0.8766999840736389","0.8766999840736389","0.8766999840736389","1","1","1","1","1","1","0.043800000101327896","0.043800000101327896","0.043800000101327896","1","1","1"
"6249","1","1","1","1","1","1","0.0478999987244606","0.0478999987244606","0.0478999987244606","1","1","1","1","1","1","1","1","1","0.04339999705553055","0.04339999705553055","0.04339999705553055","1","1","1","0.9999499917030334","0.9998999834060669","1","1","1","1","0.38669998943805695","0.38419997692108154","0.38920000195503235","0.6579999923706055","0.6572999954223633","0.6586999893188477","1","1","1","1","1","1","0.3417000025510788","0.33390000462532043","0.34950000047683716","0.8383999764919281","0.8330999612808228","0.8436999917030334","1","1","1","1","1","1","0.2865000069141388","0.2865000069141388","0.2865000069141388","0.8700999617576599","0.8700999617576599","0.8700999617576599","1","1","1","1","1","1","0.34049999713897705","0.34049999713897705","0.34049999713897705","0.871399998664856","0.871399998664856","0.871399998664856","1","1","1","1","1","1","0.04389999806880951","0.04389999806880951","0.04389999806880951","1","1","1"
"6260","1","1","1","1","1","1","0.04779999703168869","0.04779999703168869","0.04779999703168869","1","1","1","1","1","1","1","1","1","0.0429999977350235","0.0429999977350235","0.0429999977350235","1","1","1","0.9999499917030334","0.9998999834060669","1","1","1","1","0.3815999925136566","0.37950000166893005","0.3836999833583832","0.6559999883174896","0.6556000113487244","0.6563999652862549","1","1","1","1","1","1","0.34549999237060547","0.3393999934196472","0.3515999913215637","0.8388499617576599","0.8334999680519104","0.8441999554634094","1","1","1","1","1","1","0.28610000014305115","0.28610000014305115","0.28610000014305115","0.8702999949455261","0.8702999949455261","0.8702999949455261","1","1","1","1","1","1","0.3546999990940094","0.3546999990940094","0.3546999990940094","0.8728999495506287","0.8728999495506287","0.8728999495506287","1","1","1","1","1","1","0.04389999806880951","0.04389999806880951","0.04389999806880951","1","1","1"
"6271","1","1","1","1","1","1","0.047599997371435165","0.047599997371435165","0.047599997371435165","1","1","1","1","1","1","1","1","1","0.042799998074769974","0.042799998074769974","0.042799998074769974","1","1","1","0.9999499917030334","0.9998999834060669","1","1","1","1","0.38439998030662537","0.38259997963905334","0.3861999809741974","0.6569499671459198","0.6548999547958374","0.6589999794960022","1","1","1","1","1","1","0.3456999957561493","0.3416999876499176","0.349700003862381","0.8402499854564667","0.8360999822616577","0.8443999886512756","1","1","1","1","1","1","0.2904999852180481","0.2904999852180481","0.2904999852180481","0.8710999488830566","0.8710999488830566","0.8710999488830566","1","1","1","1","1","1","0.35599997639656067","0.35599997639656067","0.35599997639656067","0.8736000061035156","0.8736000061035156","0.8736000061035156","1","1","1","1","1","1","0.04399999976158142","0.04399999976158142","0.04399999976158142","1","1","1"
"6282","1","1","1","1","1","1","0.04739999771118164","0.04739999771118164","0.04739999771118164","1","1","1","1","1","1","1","1","1","0.0429999977350235","0.0429999977350235","0.0429999977350235","1","1","1","0.9999499917030334","0.9998999834060669","1","1","1","1","0.385249987244606","0.37119999527931213","0.3992999792098999","0.6580999791622162","0.6510999798774719","0.6650999784469604","1","1","1","1","1","1","0.3409999907016754","0.34039998054504395","0.3416000008583069","0.8385999798774719","0.8353999853134155","0.8417999744415283","1","1","1","1","1","1","0.29440000653266907","0.29440000653266907","0.29440000653266907","0.8723999857902527","0.8723999857902527","0.8723999857902527","1","1","1","1","1","1","0.36489999294281006","0.36489999294281006","0.36489999294281006","0.8751999735832214","0.8751999735832214","0.8751999735832214","1","1","1","1","1","1","0.044099997729063034","0.044099997729063034","0.044099997729063034","1","1","1"
"6293","1","1","1","1","1","1","0.04779999703168869","0.04779999703168869","0.04779999703168869","1","1","1","1","1","1","1","1","1","0.04309999942779541","0.04309999942779541","0.04309999942779541","1","1","1","0.9999499917030334","0.9998999834060669","1","1","1","1","0.3849499821662903","0.3771999776363373","0.3926999866962433","0.6586499810218811","0.6561999917030334","0.6610999703407288","1","1","1","1","1","1","0.3476499915122986","0.34700000286102295","0.3482999801635742","0.8398000001907349","0.8366000056266785","0.8429999947547913","1","1","1","1","1","1","0.29189997911453247","0.29189997911453247","0.29189997911453247","0.8709999918937683","0.8709999918937683","0.8709999918937683","1","1","1","1","1","1","0.3596999943256378","0.3596999943256378","0.3596999943256378","0.8741999864578247","0.8741999864578247","0.8741999864578247","1","1","1","1","1","1","0.043699998408555984","0.043699998408555984","0.043699998408555984","1","1","1"
"6304","1","1","1","1","1","1","0.047599997371435165","0.047599997371435165","0.047599997371435165","1","1","1","1","1","1","1","1","1","0.04319999739527702","0.04319999739527702","0.04319999739527702","1","1","1","0.9999499917030334","0.9998999834060669","1","1","1","1","0.38749998807907104","0.3764999806880951","0.398499995470047","0.6622499823570251","0.6590999960899353","0.665399968624115","0.9999499917030334","0.9998999834060669","1","1","1","1","0.3427499979734421","0.33959999680519104","0.3458999991416931","0.8387499749660492","0.8364999890327454","0.840999960899353","1","1","1","1","1","1","0.289000004529953","0.289000004529953","0.289000004529953","0.8712999820709229","0.8712999820709229","0.8712999820709229","1","1","1","1","1","1","0.36569997668266296","0.36569997668266296","0.36569997668266296","0.8752999901771545","0.8752999901771545","0.8752999901771545","1","1","1","1","1","1","0.044199999421834946","0.044199999421834946","0.044199999421834946","1","1","1"
"6315","1","1","1","1","1","1","0.047599997371435165","0.047599997371435165","0.047599997371435165","1","1","1","1","1","1","1","1","1","0.04309999942779541","0.04309999942779541","0.04309999942779541","1","1","1","0.9999499917030334","0.9998999834060669","1","1","1","1","0.3871999830007553","0.3766999840736389","0.3976999819278717","0.6599999964237213","0.6572999954223633","0.6626999974250793","1","1","1","1","1","1","0.33914999663829803","0.3391000032424927","0.3391999900341034","0.8378499746322632","0.835099995136261","0.8405999541282654","1","1","1","1","1","1","0.29339998960494995","0.29339998960494995","0.29339998960494995","0.8721999526023865","0.8721999526023865","0.8721999526023865","1","1","1","1","1","1","0.36229997873306274","0.36229997873306274","0.36229997873306274","0.8748999834060669","0.8748999834060669","0.8748999834060669","1","1","1","1","1","1","0.044099997729063034","0.044099997729063034","0.044099997729063034","1","1","1"
"6326","1","1","1","1","1","1","0.047599997371435165","0.047599997371435165","0.047599997371435165","1","1","1","1","1","1","1","1","1","0.04309999942779541","0.04309999942779541","0.04309999942779541","1","1","1","0.9999499917030334","0.9998999834060669","1","1","1","1","0.3841499835252762","0.37109997868537903","0.39719998836517334","0.6585999727249146","0.6525999903678894","0.6645999550819397","1","1","1","1","1","1","0.3398999869823456","0.3304999768733978","0.34929999709129333","0.8371999859809875","0.8310999870300293","0.8432999849319458","1","1","1","1","1","1","0.2920999825000763","0.2920999825000763","0.2920999825000763","0.871999979019165","0.871999979019165","0.871999979019165","1","1","1","1","1","1","0.3603000044822693","0.3603000044822693","0.3603000044822693","0.8741999864578247","0.8741999864578247","0.8741999864578247","1","1","1","1","1","1","0.04389999806880951","0.04389999806880951","0.04389999806880951","1","1","1"
"6337","1","1","1","1","1","1","0.047599997371435165","0.047599997371435165","0.047599997371435165","1","1","1","1","1","1","1","1","1","0.04270000010728836","0.04270000010728836","0.04270000010728836","1","1","1","0.9999499917030334","0.9998999834060669","1","1","1","1","0.38509999215602875","0.3791999816894531","0.39100000262260437","0.6581999957561493","0.6581000089645386","0.65829998254776","1","1","1","1","1","1","0.343549981713295","0.3333999812602997","0.3536999821662903","0.8394500017166138","0.8337000012397766","0.8452000021934509","1","1","1","1","1","1","0.29260000586509705","0.29260000586509705","0.29260000586509705","0.8716999888420105","0.8716999888420105","0.8716999888420105","1","1","1","1","1","1","0.3617999851703644","0.3617999851703644","0.3617999851703644","0.8736000061035156","0.8736000061035156","0.8736000061035156","1","1","1","1","1","1","0.04429999738931656","0.04429999738931656","0.04429999738931656","1","1","1"
"6348","1","1","1","1","1","1","0.04769999906420708","0.04769999906420708","0.04769999906420708","1","1","1","1","1","1","1","1","1","0.042799998074769974","0.042799998074769974","0.042799998074769974","1","1","1","0.9999499917030334","0.9998999834060669","1","1","1","1","0.3813999891281128","0.3725999891757965","0.3901999890804291","0.6566999852657318","0.6538000106811523","0.6595999598503113","1","1","1","1","1","1","0.33959999680519104","0.32670000195503235","0.35249999165534973","0.8385999798774719","0.8314999938011169","0.8456999659538269","1","1","1","1","1","1","0.29829999804496765","0.29829999804496765","0.29829999804496765","0.8718999624252319","0.8718999624252319","0.8718999624252319","1","1","1","1","1","1","0.3458999991416931","0.3458999991416931","0.3458999991416931","0.8720999956130981","0.8720999956130981","0.8720999956130981","1","1","1","1","1","1","0.04399999976158142","0.04399999976158142","0.04399999976158142","1","1","1"
"6359","1","1","1","1","1","1","0.04809999838471413","0.04809999838471413","0.04809999838471413","1","1","1","1","1","1","1","1","1","0.04270000010728836","0.04270000010728836","0.04270000010728836","1","1","1","0.9999499917030334","0.9998999834060669","1","1","1","1","0.3868499845266342","0.37959998846054077","0.39409998059272766","0.6589499711990356","0.6553999781608582","0.6624999642372131","1","1","1","1","1","1","0.3434999883174896","0.33329999446868896","0.3536999821662903","0.8407000005245209","0.835099995136261","0.8463000059127808","1","1","1","1","1","1","0.3003000020980835","0.3003000020980835","0.3003000020980835","0.8715999722480774","0.8715999722480774","0.8715999722480774","1","1","1","1","1","1","0.368399977684021","0.368399977684021","0.368399977684021","0.8756999969482422","0.8756999969482422","0.8756999969482422","1","1","1","1","1","1","0.04389999806880951","0.04389999806880951","0.04389999806880951","1","1","1"
"6370","1","1","1","1","1","1","0.04809999838471413","0.04809999838471413","0.04809999838471413","1","1","1","1","1","1","1","1","1","0.04259999841451645","0.04259999841451645","0.04259999841451645","1","1","1","0.9999499917030334","0.9998999834060669","1","1","1","1","0.38919998705387115","0.38169997930526733","0.396699994802475","0.6607999801635742","0.6583999991416931","0.6631999611854553","1","1","1","1","1","1","0.34709998965263367","0.337799996137619","0.3563999831676483","0.8407999873161316","0.8352999687194824","0.8463000059127808","1","1","1","1","1","1","0.295199990272522","0.295199990272522","0.295199990272522","0.871399998664856","0.871399998664856","0.871399998664856","1","1","1","1","1","1","0.35089999437332153","0.35089999437332153","0.35089999437332153","0.8733999729156494","0.8733999729156494","0.8733999729156494","1","1","1","1","1","1","0.043699998408555984","0.043699998408555984","0.043699998408555984","1","1","1"
"6381","1","1","1","1","1","1","0.04749999940395355","0.04749999940395355","0.04749999940395355","1","1","1","1","1","1","1","1","1","0.042799998074769974","0.042799998074769974","0.042799998074769974","1","1","1","0.9999499917030334","0.9998999834060669","1","1","1","1","0.38704998791217804","0.37289997935295105","0.40119999647140503","0.6596999764442444","0.6553999781608582","0.6639999747276306","1","1","1","1","1","1","0.34584999084472656","0.3407000005245209","0.35099998116493225","0.8417999744415283","0.8375999927520752","0.8459999561309814","1","1","1","1","1","1","0.29809999465942383","0.29809999465942383","0.29809999465942383","0.8712999820709229","0.8712999820709229","0.8712999820709229","1","1","1","1","1","1","0.3504999876022339","0.3504999876022339","0.3504999876022339","0.8736000061035156","0.8736000061035156","0.8736000061035156","1","1","1","1","1","1","0.044199999421834946","0.044199999421834946","0.044199999421834946","1","1","1"
"6392","1","1","1","1","1","1","0.0478999987244606","0.0478999987244606","0.0478999987244606","1","1","1","1","1","1","1","1","1","0.042500000447034836","0.042500000447034836","0.042500000447034836","1","1","1","0.9999499917030334","0.9998999834060669","1","1","1","1","0.3866499811410904","0.3748999834060669","0.3983999788761139","0.6588999927043915","0.654699981212616","0.663100004196167","1","1","1","1","1","1","0.34654998779296875","0.3360999822616577","0.3569999933242798","0.8411499857902527","0.8357999920845032","0.8464999794960022","1","1","1","1","1","1","0.2994000017642975","0.2994000017642975","0.2994000017642975","0.8714999556541443","0.8714999556541443","0.8714999556541443","1","1","1","1","1","1","0.3633999824523926","0.3633999824523926","0.3633999824523926","0.8732999563217163","0.8732999563217163","0.8732999563217163","1","1","1","1","1","1","0.044099997729063034","0.044099997729063034","0.044099997729063034","1","1","1"
"6403","1","1","1","1","1","1","0.047599997371435165","0.047599997371435165","0.047599997371435165","1","1","1","1","1","1","1","1","1","0.0429999977350235","0.0429999977350235","0.0429999977350235","1","1","1","1","1","1","1","1","1","0.39294999837875366","0.37880000472068787","0.40709999203681946","0.6639499962329865","0.6590999960899353","0.6687999963760376","1","1","1","1","1","1","0.34529998898506165","0.3334999978542328","0.3570999801158905","0.8416999578475952","0.835599958896637","0.8477999567985535","1","1","1","1","1","1","0.29739999771118164","0.29739999771118164","0.29739999771118164","0.8718000054359436","0.8718000054359436","0.8718000054359436","1","1","1","1","1","1","0.35040000081062317","0.35040000081062317","0.35040000081062317","0.8723999857902527","0.8723999857902527","0.8723999857902527","1","1","1","1","1","1","0.043699998408555984","0.043699998408555984","0.043699998408555984","1","1","1"
"6414","1","1","1","1","1","1","0.04769999906420708","0.04769999906420708","0.04769999906420708","1","1","1","1","1","1","1","1","1","0.042799998074769974","0.042799998074769974","0.042799998074769974","1","1","1","0.9999499917030334","0.9998999834060669","1","1","1","1","0.38644999265670776","0.3747999966144562","0.39809998869895935","0.6601999700069427","0.6575999855995178","0.6627999544143677","1","1","1","1","1","1","0.3434999883174896","0.34139999747276306","0.3455999791622162","0.840749979019165","0.8374999761581421","0.843999981880188","1","1","1","1","1","1","0.2902999818325043","0.2902999818325043","0.2902999818325043","0.8708999752998352","0.8708999752998352","0.8708999752998352","1","1","1","1","1","1","0.34529998898506165","0.34529998898506165","0.34529998898506165","0.8714999556541443","0.8714999556541443","0.8714999556541443","1","1","1","1","1","1","0.04349999874830246","0.04349999874830246","0.04349999874830246","1","1","1"
"6425","1","1","1","1","1","1","0.04779999703168869","0.04779999703168869","0.04779999703168869","1","1","1","1","1","1","1","1","1","0.042899999767541885","0.042899999767541885","0.042899999767541885","1","1","1","0.9999499917030334","0.9998999834060669","1","1","1","1","0.38724999129772186","0.3783999979496002","0.3960999846458435","0.661549985408783","0.6585999727249146","0.6644999980926514","1","1","1","1","1","1","0.34690000116825104","0.34049999713897705","0.353300005197525","0.8407999873161316","0.8355000019073486","0.8460999727249146","1","1","1","1","1","1","0.29109999537467957","0.29109999537467957","0.29109999537467957","0.8718000054359436","0.8718000054359436","0.8718000054359436","1","1","1","1","1","1","0.3594000041484833","0.3594000041484833","0.3594000041484833","0.8737999796867371","0.8737999796867371","0.8737999796867371","1","1","1","1","1","1","0.04319999739527702","0.04319999739527702","0.04319999739527702","1","1","1"
"6436","1","1","1","1","1","1","0.04749999940395355","0.04749999940395355","0.04749999940395355","1","1","1","1","1","1","1","1","1","0.042799998074769974","0.042799998074769974","0.042799998074769974","1","1","1","0.9999499917030334","0.9998999834060669","1","1","1","1","0.38974998891353607","0.3836999833583832","0.39579999446868896","0.6615999937057495","0.6578999757766724","0.6653000116348267","1","1","1","1","1","1","0.34334999322891235","0.3391999900341034","0.3474999964237213","0.8393999636173248","0.8351999521255493","0.8435999751091003","1","1","1","1","1","1","0.3000999987125397","0.3000999987125397","0.3000999987125397","0.871999979019165","0.871999979019165","0.871999979019165","1","1","1","1","1","1","0.3564999997615814","0.3564999997615814","0.3564999997615814","0.8738999962806702","0.8738999962806702","0.8738999962806702","1","1","1","1","1","1","0.044199999421834946","0.044199999421834946","0.044199999421834946","1","1","1"
"6447","1","1","1","1","1","1","0.04749999940395355","0.04749999940395355","0.04749999940395355","1","1","1","1","1","1","1","1","1","0.04309999942779541","0.04309999942779541","0.04309999942779541","1","1","1","0.9999499917030334","0.9998999834060669","1","1","1","1","0.3870999962091446","0.3862999975681305","0.3878999948501587","0.6586999893188477","0.6579999923706055","0.6593999862670898","1","1","1","1","1","1","0.3439999967813492","0.3418000042438507","0.34619998931884766","0.8393999934196472","0.835099995136261","0.8436999917030334","1","1","1","1","1","1","0.2929999828338623","0.2929999828338623","0.2929999828338623","0.8708999752998352","0.8708999752998352","0.8708999752998352","1","1","1","1","1","1","0.36169999837875366","0.36169999837875366","0.36169999837875366","0.8743000030517578","0.8743000030517578","0.8743000030517578","1","1","1","1","1","1","0.043699998408555984","0.043699998408555984","0.043699998408555984","1","1","1"
"6458","1","1","1","1","1","1","0.04739999771118164","0.04739999771118164","0.04739999771118164","1","1","1","1","1","1","1","1","1","0.04270000010728836","0.04270000010728836","0.04270000010728836","1","1","1","0.9999499917030334","0.9998999834060669","1","1","1","1","0.3872999846935272","0.38419997692108154","0.3903999924659729","0.6599999666213989","0.6589999794960022","0.6609999537467957","1","1","1","1","1","1","0.34129999577999115","0.3384000062942505","0.3441999852657318","0.8380999863147736","0.8335999846458435","0.8425999879837036","1","1","1","1","1","1","0.29350000619888306","0.29350000619888306","0.29350000619888306","0.8720999956130981","0.8720999956130981","0.8720999956130981","1","1","1","1","1","1","0.35839998722076416","0.35839998722076416","0.35839998722076416","0.8739999532699585","0.8739999532699585","0.8739999532699585","1","1","1","1","1","1","0.043699998408555984","0.043699998408555984","0.043699998408555984","1","1","1"
"6469","1","1","1","1","1","1","0.04739999771118164","0.04739999771118164","0.04739999771118164","1","1","1","1","1","1","1","1","1","0.042799998074769974","0.042799998074769974","0.042799998074769974","1","1","1","0.9999499917030334","0.9998999834060669","1","1","1","1","0.3885499835014343","0.3870999813079834","0.38999998569488525","0.6609500050544739","0.6588000059127808","0.663100004196167","1","1","1","1","1","1","0.3381499946117401","0.33169999718666077","0.34459999203681946","0.8379499912261963","0.8323000073432922","0.8435999751091003","1","1","1","1","1","1","0.2947999835014343","0.2947999835014343","0.2947999835014343","0.871399998664856","0.871399998664856","0.871399998664856","1","1","1","1","1","1","0.3511999845504761","0.3511999845504761","0.3511999845504761","0.8723999857902527","0.8723999857902527","0.8723999857902527","1","1","1","1","1","1","0.04389999806880951","0.04389999806880951","0.04389999806880951","1","1","1"
"6480","1","1","1","1","1","1","0.047599997371435165","0.047599997371435165","0.047599997371435165","1","1","1","1","1","1","1","1","1","0.042799998074769974","0.042799998074769974","0.042799998074769974","1","1","1","0.9999499917030334","0.9998999834060669","1","1","1","1","0.38085000216960907","0.376800000667572","0.3849000036716461","0.6575499773025513","0.6572999954223633","0.6577999591827393","1","1","1","1","1","1","0.3335999846458435","0.3326999843120575","0.3344999849796295","0.8372499942779541","0.833299994468689","0.8411999940872192","1","1","1","1","1","1","0.2856000065803528","0.2856000065803528","0.2856000065803528","0.8698999881744385","0.8698999881744385","0.8698999881744385","1","1","1","1","1","1","0.3552999794483185","0.3552999794483185","0.3552999794483185","0.8732999563217163","0.8732999563217163","0.8732999563217163","1","1","1","1","1","1","0.04389999806880951","0.04389999806880951","0.04389999806880951","1","1","1"
"6491","1","1","1","1","1","1","0.04800000041723251","0.04800000041723251","0.04800000041723251","1","1","1","1","1","1","1","1","1","0.043299999088048935","0.043299999088048935","0.043299999088048935","1","1","1","0.9999499917030334","0.9998999834060669","1","1","1","1","0.3913999944925308","0.3856000006198883","0.39719998836517334","0.6624999642372131","0.6574999690055847","0.6674999594688416","1","1","1","1","1","1","0.33595000207424164","0.33570000529289246","0.3361999988555908","0.8372999727725983","0.8330999612808228","0.8414999842643738","1","1","1","1","1","1","0.28769999742507935","0.28769999742507935","0.28769999742507935","0.8697999715805054","0.8697999715805054","0.8697999715805054","1","1","1","1","1","1","0.35999998450279236","0.35999998450279236","0.35999998450279236","0.8747999668121338","0.8747999668121338","0.8747999668121338","1","1","1","1","1","1","0.044099997729063034","0.044099997729063034","0.044099997729063034","1","1","1"
"6502","1","1","1","1","1","1","0.04820000007748604","0.04820000007748604","0.04820000007748604","1","1","1","1","1","1","1","1","1","0.04319999739527702","0.04319999739527702","0.04319999739527702","1","1","1","0.9999499917030334","0.9998999834060669","1","1","1","1","0.3803499937057495","0.37700000405311584","0.3836999833583832","0.65584996342659","0.6531999707221985","0.6584999561309814","1","1","1","1","1","1","0.33309999108314514","0.33229997754096985","0.33390000462532043","0.8364499807357788","0.8330000042915344","0.8398999571800232","1","1","1","1","1","1","0.2858999967575073","0.2858999967575073","0.2858999967575073","0.8696999549865723","0.8696999549865723","0.8696999549865723","1","1","1","1","1","1","0.35029998421669006","0.35029998421669006","0.35029998421669006","0.8730999827384949","0.8730999827384949","0.8730999827384949","1","1","1","1","1","1","0.04399999976158142","0.04399999976158142","0.04399999976158142","1","1","1"
"6513","1","1","1","1","1","1","0.04779999703168869","0.04779999703168869","0.04779999703168869","1","1","1","1","1","1","1","1","1","0.04270000010728836","0.04270000010728836","0.04270000010728836","1","1","1","0.9999499917030334","0.9998999834060669","1","1","1","1","0.3787999898195267","0.3748999834060669","0.38269999623298645","0.6535999774932861","0.6489999890327454","0.6581999659538269","1","1","1","1","1","1","0.33454999327659607","0.33239999413490295","0.3366999924182892","0.8368499875068665","0.8321999907493591","0.8414999842643738","1","1","1","1","1","1","0.288100004196167","0.288100004196167","0.288100004196167","0.8697999715805054","0.8697999715805054","0.8697999715805054","1","1","1","1","1","1","0.3666999936103821","0.3666999936103821","0.3666999936103821","0.875","0.875","0.875","1","1","1","1","1","1","0.043800000101327896","0.043800000101327896","0.043800000101327896","1","1","1"
"6524","1","1","1","1","1","1","0.0478999987244606","0.0478999987244606","0.0478999987244606","1","1","1","1","1","1","1","1","1","0.04270000010728836","0.04270000010728836","0.04270000010728836","1","1","1","0.9999499917030334","0.9998999834060669","1","1","1","1","0.38359998166561127","0.37599998712539673","0.3911999762058258","0.6578499972820282","0.6534000039100647","0.6622999906539917","1","1","1","1","1","1","0.3374999910593033","0.3343999981880188","0.34059998393058777","0.8383999764919281","0.8355000019073486","0.8412999510765076","1","1","1","1","1","1","0.28919997811317444","0.28919997811317444","0.28919997811317444","0.8704999685287476","0.8704999685287476","0.8704999685287476","1","1","1","1","1","1","0.35979998111724854","0.35979998111724854","0.35979998111724854","0.8740999698638916","0.8740999698638916","0.8740999698638916","1","1","1","1","1","1","0.044099997729063034","0.044099997729063034","0.044099997729063034","1","1","1"
"6535","1","1","1","1","1","1","0.04749999940395355","0.04749999940395355","0.04749999940395355","1","1","1","1","1","1","1","1","1","0.042500000447034836","0.042500000447034836","0.042500000447034836","1","1","1","0.9999499917030334","0.9998999834060669","1","1","1","1","0.38484999537467957","0.37549999356269836","0.39419999718666077","0.6579999923706055","0.6498000025749207","0.6661999821662903","1","1","1","1","1","1","0.3358999937772751","0.33570000529289246","0.3360999822616577","0.8376999795436859","0.8345999717712402","0.8407999873161316","1","1","1","1","1","1","0.29510000348091125","0.29510000348091125","0.29510000348091125","0.8718999624252319","0.8718999624252319","0.8718999624252319","1","1","1","1","1","1","0.349700003862381","0.349700003862381","0.349700003862381","0.8730999827384949","0.8730999827384949","0.8730999827384949","1","1","1","1","1","1","0.044099997729063034","0.044099997729063034","0.044099997729063034","1","1","1"
"6546","1","1","1","1","1","1","0.04800000041723251","0.04800000041723251","0.04800000041723251","1","1","1","1","1","1","1","1","1","0.042899999767541885","0.042899999767541885","0.042899999767541885","1","1","1","0.9999499917030334","0.9998999834060669","1","1","1","1","0.3865499943494797","0.3840000033378601","0.38909998536109924","0.6594999730587006","0.6568999886512756","0.6620999574661255","1","1","1","1","1","1","0.3362499922513962","0.3342999815940857","0.33820000290870667","0.8377499878406525","0.8346999883651733","0.8407999873161316","1","1","1","1","1","1","0.28779998421669006","0.28779998421669006","0.28779998421669006","0.8704999685287476","0.8704999685287476","0.8704999685287476","1","1","1","1","1","1","0.35420000553131104","0.35420000553131104","0.35420000553131104","0.873199999332428","0.873199999332428","0.873199999332428","1","1","1","1","1","1","0.04429999738931656","0.04429999738931656","0.04429999738931656","1","1","1"
"6557","1","1","1","1","1","1","0.0478999987244606","0.0478999987244606","0.0478999987244606","1","1","1","1","1","1","1","1","1","0.042500000447034836","0.042500000447034836","0.042500000447034836","1","1","1","0.9999499917030334","0.9998999834060669","1","1","1","1","0.3833499848842621","0.37529999017715454","0.39139997959136963","0.65829998254776","0.6499999761581421","0.6665999889373779","1","1","1","1","1","1","0.3385999947786331","0.33730000257492065","0.3398999869823456","0.8378999829292297","0.8359999656677246","0.8398000001907349","1","1","1","1","1","1","0.2856000065803528","0.2856000065803528","0.2856000065803528","0.8703999519348145","0.8703999519348145","0.8703999519348145","1","1","1","1","1","1","0.3212999999523163","0.3212999999523163","0.3212999999523163","0.8679999709129333","0.8679999709129333","0.8679999709129333","1","1","1","1","1","1","0.04389999806880951","0.04389999806880951","0.04389999806880951","1","1","1"
"6568","1","1","1","1","1","1","0.04809999838471413","0.04809999838471413","0.04809999838471413","1","1","1","1","1","1","1","1","1","0.04270000010728836","0.04270000010728836","0.04270000010728836","1","1","1","0.9999499917030334","0.9998999834060669","1","1","1","1","0.3840499818325043","0.37849998474121094","0.3895999789237976","0.6581999659538269","0.6527999639511108","0.663599967956543","1","1","1","1","1","1","0.34059998393058777","0.3400999903678894","0.34109997749328613","0.8384499847888947","0.8359999656677246","0.8409000039100647","1","1","1","1","1","1","0.28779998421669006","0.28779998421669006","0.28779998421669006","0.8711999654769897","0.8711999654769897","0.8711999654769897","1","1","1","1","1","1","0.35439997911453247","0.35439997911453247","0.35439997911453247","0.8738999962806702","0.8738999962806702","0.8738999962806702","1","1","1","1","1","1","0.043800000101327896","0.043800000101327896","0.043800000101327896","1","1","1"
"6579","1","1","1","1","1","1","0.04779999703168869","0.04779999703168869","0.04779999703168869","1","1","1","1","1","1","1","1","1","0.04270000010728836","0.04270000010728836","0.04270000010728836","1","1","1","0.9999499917030334","0.9998999834060669","1","1","1","1","0.38589999079704285","0.376800000667572","0.39499998092651367","0.6594999730587006","0.6520999670028687","0.6668999791145325","1","1","1","1","1","1","0.34485000371932983","0.34360000491142273","0.34610000252723694","0.8393499851226807","0.8359999656677246","0.8427000045776367","1","1","1","1","1","1","0.2992999851703644","0.2992999851703644","0.2992999851703644","0.8737999796867371","0.8737999796867371","0.8737999796867371","1","1","1","1","1","1","0.35259997844696045","0.35259997844696045","0.35259997844696045","0.8739999532699585","0.8739999532699585","0.8739999532699585","1","1","1","1","1","1","0.043800000101327896","0.043800000101327896","0.043800000101327896","1","1","1"
"6590","1","1","1","1","1","1","0.047599997371435165","0.047599997371435165","0.047599997371435165","1","1","1","1","1","1","1","1","1","0.0429999977350235","0.0429999977350235","0.0429999977350235","1","1","1","0.9999499917030334","0.9998999834060669","1","1","1","1","0.3871999979019165","0.3779999911785126","0.39640000462532043","0.6602999866008759","0.6520000100135803","0.6685999631881714","1","1","1","1","1","1","0.3474999815225601","0.343999981880188","0.35099998116493225","0.8398999571800232","0.8366999626159668","0.8430999517440796","1","1","1","1","1","1","0.29109999537467957","0.29109999537467957","0.29109999537467957","0.8726999759674072","0.8726999759674072","0.8726999759674072","1","1","1","1","1","1","0.35099998116493225","0.35099998116493225","0.35099998116493225","0.8739999532699585","0.8739999532699585","0.8739999532699585","1","1","1","1","1","1","0.043800000101327896","0.043800000101327896","0.043800000101327896","1","1","1"
"6601","1","1","1","1","1","1","0.0478999987244606","0.0478999987244606","0.0478999987244606","1","1","1","1","1","1","1","1","1","0.04259999841451645","0.04259999841451645","0.04259999841451645","1","1","1","0.9999499917030334","0.9998999834060669","1","1","1","1","0.3869999945163727","0.3847000002861023","0.38929998874664307","0.6585999727249146","0.6541999578475952","0.6629999876022339","1","1","1","1","1","1","0.3458999842405319","0.3409999907016754","0.3507999777793884","0.8397499918937683","0.8359000086784363","0.8435999751091003","1","1","1","1","1","1","0.2902999818325043","0.2902999818325043","0.2902999818325043","0.871999979019165","0.871999979019165","0.871999979019165","1","1","1","1","1","1","0.3522999882698059","0.3522999882698059","0.3522999882698059","0.8750999569892883","0.8750999569892883","0.8750999569892883","1","1","1","1","1","1","0.043699998408555984","0.043699998408555984","0.043699998408555984","1","1","1"
"6612","1","1","1","1","1","1","0.04829999804496765","0.04829999804496765","0.04829999804496765","1","1","1","1","1","1","1","1","1","0.042799998074769974","0.042799998074769974","0.042799998074769974","1","1","1","0.9999499917030334","0.9998999834060669","1","1","1","1","0.38419999182224274","0.382999986410141","0.3853999972343445","0.6585499942302704","0.6545000076293945","0.6625999808311462","1","1","1","1","1","1","0.3461499959230423","0.34459999203681946","0.34769999980926514","0.840399980545044","0.8371999859809875","0.8435999751091003","1","1","1","1","1","1","0.29670000076293945","0.29670000076293945","0.29670000076293945","0.8725000023841858","0.8725000023841858","0.8725000023841858","1","1","1","1","1","1","0.350600004196167","0.350600004196167","0.350600004196167","0.8740999698638916","0.8740999698638916","0.8740999698638916","1","1","1","1","1","1","0.043800000101327896","0.043800000101327896","0.043800000101327896","1","1","1"
"6623","1","1","1","1","1","1","0.04779999703168869","0.04779999703168869","0.04779999703168869","1","1","1","1","1","1","1","1","1","0.04270000010728836","0.04270000010728836","0.04270000010728836","1","1","1","0.9999499917030334","0.9998999834060669","1","1","1","1","0.38474999368190765","0.38189998269081116","0.38760000467300415","0.6592499911785126","0.6556000113487244","0.6628999710083008","1","1","1","1","1","1","0.34529998898506165","0.3333999812602997","0.3571999967098236","0.840399980545044","0.8353999853134155","0.8453999757766724","1","1","1","1","1","1","0.2955999970436096","0.2955999970436096","0.2955999970436096","0.871399998664856","0.871399998664856","0.871399998664856","1","1","1","1","1","1","0.359499990940094","0.359499990940094","0.359499990940094","0.8743000030517578","0.8743000030517578","0.8743000030517578","1","1","1","1","1","1","0.043299999088048935","0.043299999088048935","0.043299999088048935","1","1","1"
"6634","1","1","1","1","1","1","0.04800000041723251","0.04800000041723251","0.04800000041723251","1","1","1","1","1","1","1","1","1","0.042899999767541885","0.042899999767541885","0.042899999767541885","1","1","1","0.9999499917030334","0.9998999834060669","1","1","1","1","0.3872999846935272","0.3773999810218811","0.39719998836517334","0.6593999862670898","0.6518999934196472","0.6668999791145325","1","1","1","1","1","1","0.3405499905347824","0.33649998903274536","0.34459999203681946","0.8391499817371368","0.8353999853134155","0.8428999781608582","1","1","1","1","1","1","0.29569998383522034","0.29569998383522034","0.29569998383522034","0.871999979019165","0.871999979019165","0.871999979019165","1","1","1","1","1","1","0.35099998116493225","0.35099998116493225","0.35099998116493225","0.8739999532699585","0.8739999532699585","0.8739999532699585","1","1","1","1","1","1","0.043699998408555984","0.043699998408555984","0.043699998408555984","1","1","1"
"6645","1","1","1","1","1","1","0.04779999703168869","0.04779999703168869","0.04779999703168869","1","1","1","1","1","1","1","1","1","0.042899999767541885","0.042899999767541885","0.042899999767541885","1","1","1","1","1","1","1","1","1","0.38624998927116394","0.3836999833583832","0.3887999951839447","0.6586499810218811","0.6545999646186829","0.6626999974250793","1","1","1","1","1","1","0.3375999927520752","0.33079999685287476","0.34439998865127563","0.8384499847888947","0.8345999717712402","0.8422999978065491","1","1","1","1","1","1","0.2962000072002411","0.2962000072002411","0.2962000072002411","0.8718000054359436","0.8718000054359436","0.8718000054359436","1","1","1","1","1","1","0.3570999801158905","0.3570999801158905","0.3570999801158905","0.8741999864578247","0.8741999864578247","0.8741999864578247","1","1","1","1","1","1","0.043699998408555984","0.043699998408555984","0.043699998408555984","1","1","1"
"6656","1","1","1","1","1","1","0.04800000041723251","0.04800000041723251","0.04800000041723251","1","1","1","1","1","1","1","1","1","0.0429999977350235","0.0429999977350235","0.0429999977350235","1","1","1","0.9999499917030334","0.9998999834060669","1","1","1","1","0.39089998602867126","0.3905999958515167","0.3911999762058258","0.6623499691486359","0.660099983215332","0.6645999550819397","1","1","1","1","1","1","0.3445499986410141","0.3384999930858612","0.350600004196167","0.8398999869823456","0.8363999724388123","0.8434000015258789","1","1","1","1","1","1","0.2888000011444092","0.2888000011444092","0.2888000011444092","0.8708999752998352","0.8708999752998352","0.8708999752998352","1","1","1","1","1","1","0.3545999825000763","0.3545999825000763","0.3545999825000763","0.8727999925613403","0.8727999925613403","0.8727999925613403","1","1","1","1","1","1","0.04349999874830246","0.04349999874830246","0.04349999874830246","1","1","1"
"6667","1","1","1","1","1","1","0.04769999906420708","0.04769999906420708","0.04769999906420708","1","1","1","1","1","1","1","1","1","0.042899999767541885","0.042899999767541885","0.042899999767541885","1","1","1","0.9999499917030334","0.9998999834060669","1","1","1","1","0.385699987411499","0.38359999656677246","0.3877999782562256","0.6590999960899353","0.6586999893188477","0.659500002861023","1","1","1","1","1","1","0.3430499881505966","0.336899995803833","0.34919998049736023","0.8393499851226807","0.835099995136261","0.8435999751091003","1","1","1","1","1","1","0.30719998478889465","0.30719998478889465","0.30719998478889465","0.873199999332428","0.873199999332428","0.873199999332428","1","1","1","1","1","1","0.3538999855518341","0.3538999855518341","0.3538999855518341","0.8726999759674072","0.8726999759674072","0.8726999759674072","1","1","1","1","1","1","0.04429999738931656","0.04429999738931656","0.04429999738931656","1","1","1"
"6678","1","1","1","1","1","1","0.0478999987244606","0.0478999987244606","0.0478999987244606","1","1","1","1","1","1","1","1","1","0.04270000010728836","0.04270000010728836","0.04270000010728836","1","1","1","0.9999499917030334","0.9998999834060669","1","1","1","1","0.3840999901294708","0.38099998235702515","0.3871999979019165","0.6587499678134918","0.655299961566925","0.6621999740600586","1","1","1","1","1","1","0.3365999907255173","0.3301999866962433","0.34299999475479126","0.8371999859809875","0.8366000056266785","0.8377999663352966","1","1","1","1","1","1","0.28700000047683716","0.28700000047683716","0.28700000047683716","0.8694999814033508","0.8694999814033508","0.8694999814033508","1","1","1","1","1","1","0.3610000014305115","0.3610000014305115","0.3610000014305115","0.8748999834060669","0.8748999834060669","0.8748999834060669","1","1","1","1","1","1","0.044099997729063034","0.044099997729063034","0.044099997729063034","1","1","1"
"6689","1","1","1","1","1","1","0.04749999940395355","0.04749999940395355","0.04749999940395355","1","1","1","1","1","1","1","1","1","0.042899999767541885","0.042899999767541885","0.042899999767541885","1","1","1","0.9999499917030334","0.9998999834060669","1","1","1","1","0.3813999891281128","0.37849998474121094","0.38429999351501465","0.6567499935626984","0.6563000082969666","0.6571999788284302","1","1","1","1","1","1","0.34459999203681946","0.33469998836517334","0.3544999957084656","0.8396499752998352","0.8344999551773071","0.8447999954223633","1","1","1","1","1","1","0.29659998416900635","0.29659998416900635","0.29659998416900635","0.8718999624252319","0.8718999624252319","0.8718999624252319","1","1","1","1","1","1","0.3568999767303467","0.3568999767303467","0.3568999767303467","0.8740999698638916","0.8740999698638916","0.8740999698638916","1","1","1","1","1","1","0.043699998408555984","0.043699998408555984","0.043699998408555984","1","1","1"
"6700","1","1","1","1","1","1","0.04779999703168869","0.04779999703168869","0.04779999703168869","1","1","1","1","1","1","1","1","1","0.04270000010728836","0.04270000010728836","0.04270000010728836","1","1","1","0.9999499917030334","0.9998999834060669","1","1","1","1","0.3858499974012375","0.3828999996185303","0.3887999951839447","0.6573500037193298","0.6570000052452087","0.6577000021934509","1","1","1","1","1","1","0.3455499857664108","0.3418999910354614","0.34919998049736023","0.8397499620914459","0.8369999527931213","0.8424999713897705","1","1","1","1","1","1","0.29729998111724854","0.29729998111724854","0.29729998111724854","0.871999979019165","0.871999979019165","0.871999979019165","1","1","1","1","1","1","0.35429999232292175","0.35429999232292175","0.35429999232292175","0.8722999691963196","0.8722999691963196","0.8722999691963196","1","1","1","1","1","1","0.04389999806880951","0.04389999806880951","0.04389999806880951","1","1","1"
"6711","1","1","1","1","1","1","0.04839999973773956","0.04839999973773956","0.04839999973773956","1","1","1","1","1","1","1","1","1","0.042899999767541885","0.042899999767541885","0.042899999767541885","1","1","1","0.9999499917030334","0.9998999834060669","1","1","1","1","0.38434998691082","0.383899986743927","0.384799987077713","0.6572499871253967","0.6532999873161316","0.6611999869346619","1","1","1","1","1","1","0.3464999943971634","0.3434000015258789","0.3495999872684479","0.8400499820709229","0.836899995803833","0.8431999683380127","1","1","1","1","1","1","0.2857999801635742","0.2857999801635742","0.2857999801635742","0.870199978351593","0.870199978351593","0.870199978351593","1","1","1","1","1","1","0.3482999801635742","0.3482999801635742","0.3482999801635742","0.8718999624252319","0.8718999624252319","0.8718999624252319","1","1","1","1","1","1","0.04389999806880951","0.04389999806880951","0.04389999806880951","1","1","1"
"6722","1","1","1","1","1","1","0.04820000007748604","0.04820000007748604","0.04820000007748604","1","1","1","1","1","1","1","1","1","0.04259999841451645","0.04259999841451645","0.04259999841451645","1","1","1","0.9998999834060669","0.9997999668121338","1","1","1","1","0.38919998705387115","0.38359999656677246","0.39479997754096985","0.66034996509552","0.6599999666213989","0.6606999635696411","1","1","1","1","1","1","0.35009999573230743","0.3495999872684479","0.350600004196167","0.8413999676704407","0.8395999670028687","0.8431999683380127","1","1","1","1","1","1","0.29170000553131104","0.29170000553131104","0.29170000553131104","0.8705999851226807","0.8705999851226807","0.8705999851226807","1","1","1","1","1","1","0.3578999936580658","0.3578999936580658","0.3578999936580658","0.8727999925613403","0.8727999925613403","0.8727999925613403","1","1","1","1","1","1","0.04349999874830246","0.04349999874830246","0.04349999874830246","1","1","1"
"6733","1","1","1","1","1","1","0.04749999940395355","0.04749999940395355","0.04749999940395355","1","1","1","1","1","1","1","1","1","0.042799998074769974","0.042799998074769974","0.042799998074769974","1","1","1","0.9998999834060669","0.9997999668121338","1","1","1","1","0.39134998619556427","0.3799999952316284","0.4026999771595001","0.6599499881267548","0.6567999720573425","0.663100004196167","1","1","1","1","1","1","0.34164999425411224","0.3366999924182892","0.3465999960899353","0.8405499756336212","0.8369999527931213","0.8440999984741211","1","1","1","1","1","1","0.2919999957084656","0.2919999957084656","0.2919999957084656","0.8703999519348145","0.8703999519348145","0.8703999519348145","1","1","1","1","1","1","0.35179999470710754","0.35179999470710754","0.35179999470710754","0.8726999759674072","0.8726999759674072","0.8726999759674072","1","1","1","1","1","1","0.04360000044107437","0.04360000044107437","0.04360000044107437","1","1","1"
"6744","1","1","1","1","1","1","0.0478999987244606","0.0478999987244606","0.0478999987244606","1","1","1","1","1","1","1","1","1","0.042799998074769974","0.042799998074769974","0.042799998074769974","1","1","1","0.9999499917030334","0.9998999834060669","1","1","1","1","0.3947499841451645","0.39319998025894165","0.39629998803138733","0.6652499735355377","0.6620999574661255","0.66839998960495","1","1","1","1","1","1","0.33754999935626984","0.33480000495910645","0.3402999937534332","0.8391999900341034","0.8361999988555908","0.842199981212616","1","1","1","1","1","1","0.2854999899864197","0.2854999899864197","0.2854999899864197","0.8696999549865723","0.8696999549865723","0.8696999549865723","1","1","1","1","1","1","0.33390000462532043","0.33390000462532043","0.33390000462532043","0.870199978351593","0.870199978351593","0.870199978351593","1","1","1","1","1","1","0.04360000044107437","0.04360000044107437","0.04360000044107437","1","1","1"
"6755","1","1","1","1","1","1","0.0478999987244606","0.0478999987244606","0.0478999987244606","1","1","1","1","1","1","1","1","1","0.04270000010728836","0.04270000010728836","0.04270000010728836","1","1","1","0.9999499917030334","0.9998999834060669","1","1","1","1","0.39354999363422394","0.3928000032901764","0.3942999839782715","0.6618499755859375","0.6590999960899353","0.6645999550819397","1","1","1","1","1","1","0.335099995136261","0.3312000036239624","0.33899998664855957","0.8379499912261963","0.8346999883651733","0.8411999940872192","1","1","1","1","1","1","0.28540000319480896","0.28540000319480896","0.28540000319480896","0.8702999949455261","0.8702999949455261","0.8702999949455261","1","1","1","1","1","1","0.35439997911453247","0.35439997911453247","0.35439997911453247","0.8734999895095825","0.8734999895095825","0.8734999895095825","1","1","1","1","1","1","0.04339999705553055","0.04339999705553055","0.04339999705553055","1","1","1"
"6766","1","1","1","1","1","1","0.04820000007748604","0.04820000007748604","0.04820000007748604","1","1","1","1","1","1","1","1","1","0.0429999977350235","0.0429999977350235","0.0429999977350235","1","1","1","0.9999499917030334","0.9998999834060669","1","1","1","1","0.39229999482631683","0.3905999958515167","0.39399999380111694","0.6635499894618988","0.661899983882904","0.6651999950408936","1","1","1","1","1","1","0.3357499986886978","0.33329999446868896","0.33820000290870667","0.8377499878406525","0.8346999883651733","0.8407999873161316","1","1","1","1","1","1","0.2912999987602234","0.2912999987602234","0.2912999987602234","0.871399998664856","0.871399998664856","0.871399998664856","1","1","1","1","1","1","0.3431999981403351","0.3431999981403351","0.3431999981403351","0.8711999654769897","0.8711999654769897","0.8711999654769897","1","1","1","1","1","1","0.04349999874830246","0.04349999874830246","0.04349999874830246","1","1","1"
"6777","1","1","1","1","1","1","0.04809999838471413","0.04809999838471413","0.04809999838471413","1","1","1","1","1","1","1","1","1","0.04309999942779541","0.04309999942779541","0.04309999942779541","1","1","1","0.9999499917030334","0.9998999834060669","1","1","1","1","0.39169998466968536","0.38999998569488525","0.3933999836444855","0.6640499830245972","0.6633999943733215","0.6646999716758728","1","1","1","1","1","1","0.3365499973297119","0.3312000036239624","0.3418999910354614","0.8376999795436859","0.8328999876976013","0.8424999713897705","1","1","1","1","1","1","0.2897999882698059","0.2897999882698059","0.2897999882698059","0.8718000054359436","0.8718000054359436","0.8718000054359436","1","1","1","1","1","1","0.35040000081062317","0.35040000081062317","0.35040000081062317","0.8723999857902527","0.8723999857902527","0.8723999857902527","1","1","1","1","1","1","0.043699998408555984","0.043699998408555984","0.043699998408555984","1","1","1"
"6788","1","1","1","1","1","1","0.04800000041723251","0.04800000041723251","0.04800000041723251","1","1","1","1","1","1","1","1","1","0.04259999841451645","0.04259999841451645","0.04259999841451645","1","1","1","0.9999499917030334","0.9998999834060669","1","1","1","1","0.3885999917984009","0.3869999945163727","0.3901999890804291","0.6614999771118164","0.6586999893188477","0.6642999649047852","1","1","1","1","1","1","0.3366999924182892","0.3326999843120575","0.3407000005245209","0.8379999995231628","0.8339999914169312","0.8420000076293945","1","1","1","1","1","1","0.28949999809265137","0.28949999809265137","0.28949999809265137","0.8712999820709229","0.8712999820709229","0.8712999820709229","1","1","1","1","1","1","0.35109999775886536","0.35109999775886536","0.35109999775886536","0.8729999661445618","0.8729999661445618","0.8729999661445618","1","1","1","1","1","1","0.04360000044107437","0.04360000044107437","0.04360000044107437","1","1","1"
"6799","1","1","1","1","1","1","0.0478999987244606","0.0478999987244606","0.0478999987244606","1","1","1","1","1","1","1","1","1","0.042799998074769974","0.042799998074769974","0.042799998074769974","1","1","1","0.9998999834060669","0.9997999668121338","1","1","1","1","0.38929998874664307","0.3804999887943268","0.39809998869895935","0.6611499786376953","0.654699981212616","0.6675999760627747","1","1","1","1","1","1","0.33629998564720154","0.3353999853134155","0.33719998598098755","0.8380999863147736","0.8342999815940857","0.8418999910354614","1","1","1","1","1","1","0.2825999855995178","0.2825999855995178","0.2825999855995178","0.8714999556541443","0.8714999556541443","0.8714999556541443","1","1","1","1","1","1","0.343999981880188","0.343999981880188","0.343999981880188","0.8708999752998352","0.8708999752998352","0.8708999752998352","1","1","1","1","1","1","0.04349999874830246","0.04349999874830246","0.04349999874830246","1","1","1"
"6810","1","1","1","1","1","1","0.04800000041723251","0.04800000041723251","0.04800000041723251","1","1","1","1","1","1","1","1","1","0.04270000010728836","0.04270000010728836","0.04270000010728836","1","1","1","0.9999499917030334","0.9998999834060669","1","1","1","1","0.3915499895811081","0.3852999806404114","0.3977999985218048","0.6631999611854553","0.6584999561309814","0.6678999662399292","1","1","1","1","1","1","0.338249996304512","0.3375000059604645","0.33899998664855957","0.8383499681949615","0.8348999619483948","0.8417999744415283","1","1","1","1","1","1","0.28700000047683716","0.28700000047683716","0.28700000047683716","0.8720999956130981","0.8720999956130981","0.8720999956130981","1","1","1","1","1","1","0.3440999984741211","0.3440999984741211","0.3440999984741211","0.8710999488830566","0.8710999488830566","0.8710999488830566","1","1","1","1","1","1","0.04349999874830246","0.04349999874830246","0.04349999874830246","1","1","1"
"6821","1","1","1","1","1","1","0.04779999703168869","0.04779999703168869","0.04779999703168869","1","1","1","1","1","1","1","1","1","0.04309999942779541","0.04309999942779541","0.04309999942779541","1","1","1","0.9999499917030334","0.9998999834060669","1","1","1","1","0.39079999923706055","0.3874000012874603","0.39419999718666077","0.6612999737262726","0.6578999757766724","0.6646999716758728","1","1","1","1","1","1","0.34439998865127563","0.34199997782707214","0.3467999994754791","0.8414499759674072","0.8376999497413635","0.8452000021934509","1","1","1","1","1","1","0.29109999537467957","0.29109999537467957","0.29109999537467957","0.8723999857902527","0.8723999857902527","0.8723999857902527","1","1","1","1","1","1","0.34619998931884766","0.34619998931884766","0.34619998931884766","0.8718999624252319","0.8718999624252319","0.8718999624252319","1","1","1","1","1","1","0.043299999088048935","0.043299999088048935","0.043299999088048935","1","1","1"
"6832","1","1","1","1","1","1","0.04769999906420708","0.04769999906420708","0.04769999906420708","1","1","1","1","1","1","1","1","1","0.0429999977350235","0.0429999977350235","0.0429999977350235","1","1","1","0.9999499917030334","0.9998999834060669","1","1","1","1","0.38884998857975006","0.38169997930526733","0.3959999978542328","0.6602999567985535","0.6541999578475952","0.6663999557495117","1","1","1","1","1","1","0.3427499830722809","0.3423999845981598","0.343099981546402","0.8408499658107758","0.8381999731063843","0.8434999585151672","1","1","1","1","1","1","0.2856000065803528","0.2856000065803528","0.2856000065803528","0.8718999624252319","0.8718999624252319","0.8718999624252319","1","1","1","1","1","1","0.3423999845981598","0.3423999845981598","0.3423999845981598","0.8715999722480774","0.8715999722480774","0.8715999722480774","1","1","1","1","1","1","0.043699998408555984","0.043699998408555984","0.043699998408555984","1","1","1"
"6843","1","1","1","1","1","1","0.04800000041723251","0.04800000041723251","0.04800000041723251","1","1","1","1","1","1","1","1","1","0.04259999841451645","0.04259999841451645","0.04259999841451645","1","1","1","0.9999499917030334","0.9998999834060669","1","1","1","1","0.3888999819755554","0.3807999789714813","0.3969999849796295","0.6615999937057495","0.6561999917030334","0.6669999957084656","1","1","1","1","1","1","0.3403500020503998","0.3391000032424927","0.3416000008583069","0.8395499885082245","0.8375999927520752","0.8414999842643738","1","1","1","1","1","1","0.28859999775886536","0.28859999775886536","0.28859999775886536","0.8715999722480774","0.8715999722480774","0.8715999722480774","1","1","1","1","1","1","0.3555999994277954","0.3555999994277954","0.3555999994277954","0.8751999735832214","0.8751999735832214","0.8751999735832214","1","1","1","1","1","1","0.043800000101327896","0.043800000101327896","0.043800000101327896","1","1","1"
"6854","1","1","1","1","1","1","0.04779999703168869","0.04779999703168869","0.04779999703168869","1","1","1","1","1","1","1","1","1","0.042799998074769974","0.042799998074769974","0.042799998074769974","1","1","1","0.9999499917030334","0.9998999834060669","1","1","1","1","0.3842499852180481","0.3725999891757965","0.3958999812602997","0.6595499813556671","0.649899959564209","0.6692000031471252","1","1","1","1","1","1","0.3406499922275543","0.3352999985218048","0.34599998593330383","0.839849978685379","0.8387999534606934","0.8409000039100647","1","1","1","1","1","1","0.29429998993873596","0.29429998993873596","0.29429998993873596","0.8722999691963196","0.8722999691963196","0.8722999691963196","1","1","1","1","1","1","0.3479999899864197","0.3479999899864197","0.3479999899864197","0.873699963092804","0.873699963092804","0.873699963092804","1","1","1","1","1","1","0.04349999874830246","0.04349999874830246","0.04349999874830246","1","1","1"
"6865","1","1","1","1","1","1","0.0478999987244606","0.0478999987244606","0.0478999987244606","1","1","1","1","1","1","1","1","1","0.0429999977350235","0.0429999977350235","0.0429999977350235","1","1","1","0.9999499917030334","0.9998999834060669","1","1","1","1","0.3888999968767166","0.3799999952316284","0.3977999985218048","0.6619499921798706","0.6516000032424927","0.6722999811172485","1","1","1","1","1","1","0.338249996304512","0.3310999870300293","0.34540000557899475","0.8392499685287476","0.8378999829292297","0.8405999541282654","1","1","1","1","1","1","0.2903999984264374","0.2903999984264374","0.2903999984264374","0.8723999857902527","0.8723999857902527","0.8723999857902527","1","1","1","1","1","1","0.3482999801635742","0.3482999801635742","0.3482999801635742","0.8732999563217163","0.8732999563217163","0.8732999563217163","1","1","1","1","1","1","0.043699998408555984","0.043699998408555984","0.043699998408555984","1","1","1"
"6876","1","1","1","1","1","1","0.04800000041723251","0.04800000041723251","0.04800000041723251","1","1","1","1","1","1","1","1","1","0.04309999942779541","0.04309999942779541","0.04309999942779541","1","1","1","0.9999499917030334","0.9998999834060669","1","1","1","1","0.38944999873638153","0.38339999318122864","0.3955000042915344","0.6616999804973602","0.6545999646186829","0.6687999963760376","1","1","1","1","1","1","0.3395499885082245","0.3301999866962433","0.3488999903202057","0.8399999737739563","0.8394999504089355","0.840499997138977","1","1","1","1","1","1","0.29510000348091125","0.29510000348091125","0.29510000348091125","0.8726999759674072","0.8726999759674072","0.8726999759674072","1","1","1","1","1","1","0.34610000252723694","0.34610000252723694","0.34610000252723694","0.8723999857902527","0.8723999857902527","0.8723999857902527","1","1","1","1","1","1","0.043800000101327896","0.043800000101327896","0.043800000101327896","1","1","1"
"6887","1","1","1","1","1","1","0.047599997371435165","0.047599997371435165","0.047599997371435165","1","1","1","1","1","1","1","1","1","0.04270000010728836","0.04270000010728836","0.04270000010728836","1","1","1","0.9999499917030334","0.9998999834060669","1","1","1","1","0.38599999248981476","0.3840999901294708","0.3878999948501587","0.6586499810218811","0.6535999774932861","0.6636999845504761","1","1","1","1","1","1","0.3414999842643738","0.33879998326301575","0.3441999852657318","0.840749979019165","0.8384000062942505","0.8430999517440796","1","1","1","1","1","1","0.2912999987602234","0.2912999987602234","0.2912999987602234","0.8726999759674072","0.8726999759674072","0.8726999759674072","1","1","1","1","1","1","0.3431999981403351","0.3431999981403351","0.3431999981403351","0.8720999956130981","0.8720999956130981","0.8720999956130981","1","1","1","1","1","1","0.043800000101327896","0.043800000101327896","0.043800000101327896","1","1","1"
"6898","1","1","1","1","1","1","0.047599997371435165","0.047599997371435165","0.047599997371435165","1","1","1","1","1","1","1","1","1","0.04319999739527702","0.04319999739527702","0.04319999739527702","1","1","1","0.9999499917030334","0.9998999834060669","1","1","1","1","0.3858499825000763","0.3836999833583832","0.3879999816417694","0.6598499715328217","0.6542999744415283","0.665399968624115","1","1","1","1","1","1","0.3362499922513962","0.3321000039577484","0.34039998054504395","0.8387999832630157","0.8361999988555908","0.8413999676704407","1","1","1","1","1","1","0.2865000069141388","0.2865000069141388","0.2865000069141388","0.8722999691963196","0.8722999691963196","0.8722999691963196","1","1","1","1","1","1","0.3434999883174896","0.3434999883174896","0.3434999883174896","0.8720999956130981","0.8720999956130981","0.8720999956130981","1","1","1","1","1","1","0.04349999874830246","0.04349999874830246","0.04349999874830246","1","1","1"
"6909","1","1","1","1","1","1","0.04800000041723251","0.04800000041723251","0.04800000041723251","1","1","1","1","1","1","1","1","1","0.04309999942779541","0.04309999942779541","0.04309999942779541","1","1","1","0.9999499917030334","0.9998999834060669","1","1","1","1","0.3819499909877777","0.3806999921798706","0.3831999897956848","0.6572499871253967","0.652999997138977","0.6614999771118164","1","1","1","1","1","1","0.3358999937772751","0.3330000042915344","0.33879998326301575","0.8387499749660492","0.8356999754905701","0.8417999744415283","1","1","1","1","1","1","0.29600000381469727","0.29600000381469727","0.29600000381469727","0.8741999864578247","0.8741999864578247","0.8741999864578247","1","1","1","1","1","1","0.34389999508857727","0.34389999508857727","0.34389999508857727","0.8722999691963196","0.8722999691963196","0.8722999691963196","1","1","1","1","1","1","0.04399999976158142","0.04399999976158142","0.04399999976158142","1","1","1"
"6920","1","1","1","1","1","1","0.047599997371435165","0.047599997371435165","0.047599997371435165","1","1","1","1","1","1","1","1","1","0.04319999739527702","0.04319999739527702","0.04319999739527702","1","1","1","0.9999499917030334","0.9998999834060669","1","1","1","1","0.3839999884366989","0.3798999786376953","0.3880999982357025","0.6574499905109406","0.6559000015258789","0.6589999794960022","1","1","1","1","1","1","0.33294999599456787","0.3319000005722046","0.33399999141693115","0.8380999863147736","0.8346999883651733","0.8414999842643738","1","1","1","1","1","1","0.29659998416900635","0.29659998416900635","0.29659998416900635","0.8737999796867371","0.8737999796867371","0.8737999796867371","1","1","1","1","1","1","0.35269999504089355","0.35269999504089355","0.35269999504089355","0.8743999600410461","0.8743999600410461","0.8743999600410461","1","1","1","1","1","1","0.04389999806880951","0.04389999806880951","0.04389999806880951","1","1","1"
"6931","1","1","1","1","1","1","0.047599997371435165","0.047599997371435165","0.047599997371435165","1","1","1","1","1","1","1","1","1","0.04259999841451645","0.04259999841451645","0.04259999841451645","1","1","1","0.9999499917030334","0.9998999834060669","1","1","1","1","0.38749998807907104","0.38279998302459717","0.3921999931335449","0.6584999859333038","0.6560999751091003","0.6608999967575073","1","1","1","1","1","1","0.3229999989271164","0.313400000333786","0.3325999975204468","0.834149956703186","0.8337999582290649","0.8344999551773071","1","1","1","1","1","1","0.2945999801158905","0.2945999801158905","0.2945999801158905","0.8748999834060669","0.8748999834060669","0.8748999834060669","1","1","1","1","1","1","0.34219998121261597","0.34219998121261597","0.34219998121261597","0.8720999956130981","0.8720999956130981","0.8720999956130981","1","1","1","1","1","1","0.044099997729063034","0.044099997729063034","0.044099997729063034","1","1","1"
"6942","1","1","1","1","1","1","0.04769999906420708","0.04769999906420708","0.04769999906420708","1","1","1","1","1","1","1","1","1","0.04309999942779541","0.04309999942779541","0.04309999942779541","1","1","1","0.9999499917030334","0.9998999834060669","1","1","1","1","0.38739998638629913","0.38119998574256897","0.3935999870300293","0.6596499681472778","0.65829998254776","0.6609999537467957","1","1","1","1","1","1","0.3367999941110611","0.33329999446868896","0.3402999937534332","0.8376999795436859","0.8333999514579773","0.8420000076293945","1","1","1","1","1","1","0.29989999532699585","0.29989999532699585","0.29989999532699585","0.8743000030517578","0.8743000030517578","0.8743000030517578","1","1","1","1","1","1","0.3409000039100647","0.3409000039100647","0.3409000039100647","0.8710999488830566","0.8710999488830566","0.8710999488830566","1","1","1","1","1","1","0.04389999806880951","0.04389999806880951","0.04389999806880951","1","1","1"
"6953","1","1","1","1","1","1","0.0478999987244606","0.0478999987244606","0.0478999987244606","1","1","1","1","1","1","1","1","1","0.04259999841451645","0.04259999841451645","0.04259999841451645","1","1","1","0.9999499917030334","0.9998999834060669","1","1","1","1","0.38944999873638153","0.3871999979019165","0.39169999957084656","0.6599999666213989","0.6574999690055847","0.6624999642372131","1","1","1","1","1","1","0.33719998598098755","0.32519999146461487","0.34919998049736023","0.838049978017807","0.8323999643325806","0.8436999917030334","1","1","1","1","1","1","0.29919999837875366","0.29919999837875366","0.29919999837875366","0.8732999563217163","0.8732999563217163","0.8732999563217163","1","1","1","1","1","1","0.3342999815940857","0.3342999815940857","0.3342999815940857","0.8693000078201294","0.8693000078201294","0.8693000078201294","1","1","1","1","1","1","0.043800000101327896","0.043800000101327896","0.043800000101327896","1","1","1"
"6964","1","1","1","1","1","1","0.04820000007748604","0.04820000007748604","0.04820000007748604","1","1","1","1","1","1","1","1","1","0.042799998074769974","0.042799998074769974","0.042799998074769974","1","1","1","0.9999499917030334","0.9998999834060669","1","1","1","1","0.3924499899148941","0.3911999762058258","0.3937000036239624","0.6598499715328217","0.6575999855995178","0.6620999574661255","1","1","1","1","1","1","0.34309999644756317","0.33379998803138733","0.352400004863739","0.8391499817371368","0.8345999717712402","0.8436999917030334","1","1","1","1","1","1","0.30079999566078186","0.30079999566078186","0.30079999566078186","0.8741999864578247","0.8741999864578247","0.8741999864578247","1","1","1","1","1","1","0.34939998388290405","0.34939998388290405","0.34939998388290405","0.8739999532699585","0.8739999532699585","0.8739999532699585","1","1","1","1","1","1","0.043699998408555984","0.043699998408555984","0.043699998408555984","1","1","1"
"6975","1","1","1","1","1","1","0.04769999906420708","0.04769999906420708","0.04769999906420708","1","1","1","1","1","1","1","1","1","0.042500000447034836","0.042500000447034836","0.042500000447034836","1","1","1","0.9999499917030334","0.9998999834060669","1","1","1","1","0.39549998939037323","0.3935000002384186","0.3974999785423279","0.6628499925136566","0.6603999733924866","0.6653000116348267","1","1","1","1","1","1","0.3381499946117401","0.32919999957084656","0.34709998965263367","0.8379499614238739","0.8333999514579773","0.8424999713897705","1","1","1","1","1","1","0.29839998483657837","0.29839998483657837","0.29839998483657837","0.8743000030517578","0.8743000030517578","0.8743000030517578","1","1","1","1","1","1","0.3499999940395355","0.3499999940395355","0.3499999940395355","0.8733999729156494","0.8733999729156494","0.8733999729156494","1","1","1","1","1","1","0.04399999976158142","0.04399999976158142","0.04399999976158142","1","1","1"
"6986","1","1","1","1","1","1","0.04739999771118164","0.04739999771118164","0.04739999771118164","1","1","1","1","1","1","1","1","1","0.042500000447034836","0.042500000447034836","0.042500000447034836","1","1","1","0.9999499917030334","0.9998999834060669","1","1","1","1","0.39319998025894165","0.38419997692108154","0.40219998359680176","0.6612499952316284","0.6599000096321106","0.6625999808311462","1","1","1","1","1","1","0.3352999985218048","0.32510000467300415","0.34549999237060547","0.8376500010490417","0.8319000005722046","0.8434000015258789","1","1","1","1","1","1","0.2946999967098236","0.2946999967098236","0.2946999967098236","0.873699963092804","0.873699963092804","0.873699963092804","1","1","1","1","1","1","0.351500004529953","0.351500004529953","0.351500004529953","0.8745999932289124","0.8745999932289124","0.8745999932289124","1","1","1","1","1","1","0.043800000101327896","0.043800000101327896","0.043800000101327896","1","1","1"
"6997","1","1","1","1","1","1","0.04769999906420708","0.04769999906420708","0.04769999906420708","1","1","1","1","1","1","1","1","1","0.04270000010728836","0.04270000010728836","0.04270000010728836","1","1","1","0.9999499917030334","0.9998999834060669","1","1","1","1","0.3956499844789505","0.39139997959136963","0.39989998936653137","0.6613499820232391","0.660099983215332","0.6625999808311462","1","1","1","1","1","1","0.33374999463558197","0.32269999384880066","0.3447999954223633","0.837149977684021","0.8314999938011169","0.842799961566925","1","1","1","1","1","1","0.2906999886035919","0.2906999886035919","0.2906999886035919","0.8720999956130981","0.8720999956130981","0.8720999956130981","1","1","1","1","1","1","0.35169997811317444","0.35169997811317444","0.35169997811317444","0.8743999600410461","0.8743999600410461","0.8743999600410461","1","1","1","1","1","1","0.043699998408555984","0.043699998408555984","0.043699998408555984","1","1","1"
"7008","1","1","1","1","1","1","0.047599997371435165","0.047599997371435165","0.047599997371435165","1","1","1","1","1","1","1","1","1","0.0429999977350235","0.0429999977350235","0.0429999977350235","1","1","1","0.9999499917030334","0.9998999834060669","1","1","1","1","0.39524997770786285","0.39479997754096985","0.39569997787475586","0.6632999777793884","0.6603999733924866","0.6661999821662903","1","1","1","1","1","1","0.3316999822854996","0.32409998774528503","0.3392999768257141","0.8373499810695648","0.8327999711036682","0.8418999910354614","1","1","1","1","1","1","0.29729998111724854","0.29729998111724854","0.29729998111724854","0.8726999759674072","0.8726999759674072","0.8726999759674072","1","1","1","1","1","1","0.35439997911453247","0.35439997911453247","0.35439997911453247","0.8744999766349792","0.8744999766349792","0.8744999766349792","1","1","1","1","1","1","0.043800000101327896","0.043800000101327896","0.043800000101327896","1","1","1"
"7019","1","1","1","1","1","1","0.04749999940395355","0.04749999940395355","0.04749999940395355","1","1","1","1","1","1","1","1","1","0.042399998754262924","0.042399998754262924","0.042399998754262924","1","1","1","0.9999499917030334","0.9998999834060669","1","1","1","1","0.3949499875307083","0.3893999755382538","0.40049999952316284","0.663599967956543","0.661799967288971","0.665399968624115","1","1","1","1","1","1","0.33284997940063477","0.3270999789237976","0.3385999798774719","0.838049978017807","0.8341999650001526","0.8418999910354614","1","1","1","1","1","1","0.2945999801158905","0.2945999801158905","0.2945999801158905","0.8726999759674072","0.8726999759674072","0.8726999759674072","1","1","1","1","1","1","0.3472999930381775","0.3472999930381775","0.3472999930381775","0.8733999729156494","0.8733999729156494","0.8733999729156494","1","1","1","1","1","1","0.043800000101327896","0.043800000101327896","0.043800000101327896","1","1","1"
"7030","1","1","1","1","1","1","0.047599997371435165","0.047599997371435165","0.047599997371435165","1","1","1","1","1","1","1","1","1","0.04270000010728836","0.04270000010728836","0.04270000010728836","1","1","1","0.9999499917030334","0.9998999834060669","1","1","1","1","0.39774999022483826","0.39229997992515564","0.4032000005245209","0.6628999710083008","0.6614999771118164","0.6642999649047852","1","1","1","1","1","1","0.3353999853134155","0.32179999351501465","0.3489999771118164","0.838949978351593","0.8337000012397766","0.8441999554634094","1","1","1","1","1","1","0.29179999232292175","0.29179999232292175","0.29179999232292175","0.8730999827384949","0.8730999827384949","0.8730999827384949","1","1","1","1","1","1","0.34849998354911804","0.34849998354911804","0.34849998354911804","0.873199999332428","0.873199999332428","0.873199999332428","1","1","1","1","1","1","0.043800000101327896","0.043800000101327896","0.043800000101327896","1","1","1"
"7041","1","1","1","1","1","1","0.04779999703168869","0.04779999703168869","0.04779999703168869","1","1","1","1","1","1","1","1","1","0.042799998074769974","0.042799998074769974","0.042799998074769974","1","1","1","0.9999499917030334","0.9998999834060669","1","1","1","1","0.39524999260902405","0.39149999618530273","0.39899998903274536","0.6620999872684479","0.661300003528595","0.6628999710083008","1","1","1","1","1","1","0.33774998784065247","0.3292999863624573","0.34619998931884766","0.8391999900341034","0.8359000086784363","0.8424999713897705","1","1","1","1","1","1","0.3059999942779541","0.3059999942779541","0.3059999942779541","0.8743999600410461","0.8743999600410461","0.8743999600410461","1","1","1","1","1","1","0.3432999849319458","0.3432999849319458","0.3432999849319458","0.8718000054359436","0.8718000054359436","0.8718000054359436","1","1","1","1","1","1","0.043699998408555984","0.043699998408555984","0.043699998408555984","1","1","1"
"7052","1","1","1","1","1","1","0.04820000007748604","0.04820000007748604","0.04820000007748604","1","1","1","1","1","1","1","1","1","0.042899999767541885","0.042899999767541885","0.042899999767541885","1","1","1","0.9999499917030334","0.9998999834060669","1","1","1","1","0.39569999277591705","0.38999998569488525","0.40139999985694885","0.6619499921798706","0.661899983882904","0.6620000004768372","1","1","1","1","1","1","0.3372499942779541","0.32839998602867126","0.34610000252723694","0.8384499847888947","0.8345999717712402","0.8422999978065491","1","1","1","1","1","1","0.2936999797821045","0.2936999797821045","0.2936999797821045","0.8718000054359436","0.8718000054359436","0.8718000054359436","1","1","1","1","1","1","0.3537999987602234","0.3537999987602234","0.3537999987602234","0.8739999532699585","0.8739999532699585","0.8739999532699585","1","1","1","1","1","1","0.04389999806880951","0.04389999806880951","0.04389999806880951","1","1","1"
"7063","1","1","1","1","1","1","0.04769999906420708","0.04769999906420708","0.04769999906420708","1","1","1","1","1","1","1","1","1","0.04259999841451645","0.04259999841451645","0.04259999841451645","1","1","1","0.9999499917030334","0.9998999834060669","1","1","1","1","0.38954998552799225","0.38029998540878296","0.39879998564720154","0.6588499546051025","0.6566999554634094","0.6609999537467957","1","1","1","1","1","1","0.3349999934434891","0.3244999945163727","0.34549999237060547","0.8384499549865723","0.8333999514579773","0.8434999585151672","1","1","1","1","1","1","0.29679998755455017","0.29679998755455017","0.29679998755455017","0.8730999827384949","0.8730999827384949","0.8730999827384949","1","1","1","1","1","1","0.3498999774456024","0.3498999774456024","0.3498999774456024","0.8730999827384949","0.8730999827384949","0.8730999827384949","1","1","1","1","1","1","0.043699998408555984","0.043699998408555984","0.043699998408555984","1","1","1"
"7074","1","1","1","1","1","1","0.04779999703168869","0.04779999703168869","0.04779999703168869","1","1","1","1","1","1","1","1","1","0.04270000010728836","0.04270000010728836","0.04270000010728836","1","1","1","0.9999499917030334","0.9998999834060669","1","1","1","1","0.38499999046325684","0.382099986076355","0.3878999948501587","0.6561499834060669","0.6547999978065491","0.6574999690055847","1","1","1","1","1","1","0.33764998614788055","0.3247999846935272","0.3504999876022339","0.838299959897995","0.8319999575614929","0.8445999622344971","1","1","1","1","1","1","0.29670000076293945","0.29670000076293945","0.29670000076293945","0.8726999759674072","0.8726999759674072","0.8726999759674072","1","1","1","1","1","1","0.34929999709129333","0.34929999709129333","0.34929999709129333","0.8726999759674072","0.8726999759674072","0.8726999759674072","1","1","1","1","1","1","0.043800000101327896","0.043800000101327896","0.043800000101327896","1","1","1"
"7085","1","1","1","1","1","1","0.04749999940395355","0.04749999940395355","0.04749999940395355","1","1","1","1","1","1","1","1","1","0.04309999942779541","0.04309999942779541","0.04309999942779541","1","1","1","0.9999499917030334","0.9998999834060669","1","1","1","1","0.38634999096393585","0.38439998030662537","0.38830000162124634","0.6570999622344971","0.6538999676704407","0.6602999567985535","1","1","1","1","1","1","0.3340499997138977","0.32330000400543213","0.3447999954223633","0.8378999829292297","0.8328999876976013","0.8428999781608582","1","1","1","1","1","1","0.3050000071525574","0.3050000071525574","0.3050000071525574","0.873199999332428","0.873199999332428","0.873199999332428","1","1","1","1","1","1","0.3441999852657318","0.3441999852657318","0.3441999852657318","0.8716999888420105","0.8716999888420105","0.8716999888420105","1","1","1","1","1","1","0.043800000101327896","0.043800000101327896","0.043800000101327896","1","1","1"
"7096","1","1","1","1","1","1","0.04729999974370003","0.04729999974370003","0.04729999974370003","1","1","1","1","1","1","1","1","1","0.04309999942779541","0.04309999942779541","0.04309999942779541","1","1","1","0.9999499917030334","0.9998999834060669","1","1","1","1","0.390749990940094","0.3880999982357025","0.3933999836444855","0.660400003194809","0.6588000059127808","0.6620000004768372","1","1","1","1","1","1","0.3406999856233597","0.3333999812602997","0.3479999899864197","0.8397999703884125","0.8352999687194824","0.8442999720573425","1","1","1","1","1","1","0.3012000024318695","0.3012000024318695","0.3012000024318695","0.8727999925613403","0.8727999925613403","0.8727999925613403","1","1","1","1","1","1","0.3434999883174896","0.3434999883174896","0.3434999883174896","0.8723999857902527","0.8723999857902527","0.8723999857902527","1","1","1","1","1","1","0.043699998408555984","0.043699998408555984","0.043699998408555984","1","1","1"
"7107","1","1","1","1","1","1","0.0478999987244606","0.0478999987244606","0.0478999987244606","1","1","1","1","1","1","1","1","1","0.042799998074769974","0.042799998074769974","0.042799998074769974","1","1","1","0.9999499917030334","0.9998999834060669","1","1","1","1","0.38454999029636383","0.375900000333786","0.39319998025894165","0.6578499972820282","0.6563000082969666","0.6593999862670898","1","1","1","1","1","1","0.3380499929189682","0.32600000500679016","0.35009998083114624","0.8387499749660492","0.8335999846458435","0.8438999652862549","1","1","1","1","1","1","0.3008999824523926","0.3008999824523926","0.3008999824523926","0.8725999593734741","0.8725999593734741","0.8725999593734741","1","1","1","1","1","1","0.350600004196167","0.350600004196167","0.350600004196167","0.8745999932289124","0.8745999932289124","0.8745999932289124","1","1","1","1","1","1","0.043800000101327896","0.043800000101327896","0.043800000101327896","1","1","1"
"7118","1","1","1","1","1","1","0.04779999703168869","0.04779999703168869","0.04779999703168869","1","1","1","1","1","1","1","1","1","0.04319999739527702","0.04319999739527702","0.04319999739527702","1","1","1","0.9999499917030334","0.9998999834060669","1","1","1","1","0.3866499811410904","0.382999986410141","0.3902999758720398","0.6581999659538269","0.6577999591827393","0.6585999727249146","1","1","1","1","1","1","0.3385999947786331","0.32600000500679016","0.3511999845504761","0.8386499881744385","0.8335999846458435","0.8436999917030334","1","1","1","1","1","1","0.29600000381469727","0.29600000381469727","0.29600000381469727","0.8718000054359436","0.8718000054359436","0.8718000054359436","1","1","1","1","1","1","0.3465999960899353","0.3465999960899353","0.3465999960899353","0.8726999759674072","0.8726999759674072","0.8726999759674072","1","1","1","1","1","1","0.04339999705553055","0.04339999705553055","0.04339999705553055","1","1","1"
"7129","1","1","1","1","1","1","0.04820000007748604","0.04820000007748604","0.04820000007748604","1","1","1","1","1","1","1","1","1","0.04270000010728836","0.04270000010728836","0.04270000010728836","1","1","1","0.9999499917030334","0.9998999834060669","1","1","1","1","0.3889999985694885","0.3874000012874603","0.3905999958515167","0.6603499948978424","0.6601999998092651","0.6604999899864197","1","1","1","1","1","1","0.33694998919963837","0.3197999894618988","0.35409998893737793","0.839199960231781","0.8334999680519104","0.8448999524116516","1","1","1","1","1","1","0.3057999908924103","0.3057999908924103","0.3057999908924103","0.873199999332428","0.873199999332428","0.873199999332428","1","1","1","1","1","1","0.35099998116493225","0.35099998116493225","0.35099998116493225","0.8738999962806702","0.8738999962806702","0.8738999962806702","1","1","1","1","1","1","0.043800000101327896","0.043800000101327896","0.043800000101327896","1","1","1"
"7140","1","1","1","1","1","1","0.04829999804496765","0.04829999804496765","0.04829999804496765","1","1","1","1","1","1","1","1","1","0.04259999841451645","0.04259999841451645","0.04259999841451645","1","1","1","0.9999499917030334","0.9998999834060669","1","1","1","1","0.3908499926328659","0.39069998264312744","0.39100000262260437","0.661899983882904","0.659500002861023","0.6642999649047852","1","1","1","1","1","1","0.34074999392032623","0.3278999924659729","0.35359999537467957","0.8400000035762787","0.8355000019073486","0.8445000052452087","1","1","1","1","1","1","0.30879998207092285","0.30879998207092285","0.30879998207092285","0.8743999600410461","0.8743999600410461","0.8743999600410461","1","1","1","1","1","1","0.3431999981403351","0.3431999981403351","0.3431999981403351","0.8726999759674072","0.8726999759674072","0.8726999759674072","1","1","1","1","1","1","0.043699998408555984","0.043699998408555984","0.043699998408555984","1","1","1"
"7151","1","1","1","1","1","1","0.04839999973773956","0.04839999973773956","0.04839999973773956","1","1","1","1","1","1","1","1","1","0.042799998074769974","0.042799998074769974","0.042799998074769974","1","1","1","0.9999499917030334","0.9998999834060669","1","1","1","1","0.39114999771118164","0.3905999958515167","0.39169999957084656","0.6626999974250793","0.6583999991416931","0.6669999957084656","1","1","1","1","1","1","0.3402999937534332","0.3308999836444855","0.349700003862381","0.8391499519348145","0.8351999521255493","0.8430999517440796","1","1","1","1","1","1","0.30799999833106995","0.30799999833106995","0.30799999833106995","0.8741999864578247","0.8741999864578247","0.8741999864578247","1","1","1","1","1","1","0.3443000018596649","0.3443000018596649","0.3443000018596649","0.873199999332428","0.873199999332428","0.873199999332428","1","1","1","1","1","1","0.04389999806880951","0.04389999806880951","0.04389999806880951","1","1","1"
"7162","1","1","1","1","1","1","0.04779999703168869","0.04779999703168869","0.04779999703168869","1","1","1","1","1","1","1","1","1","0.04259999841451645","0.04259999841451645","0.04259999841451645","1","1","1","0.9999499917030334","0.9998999834060669","1","1","1","1","0.39684998989105225","0.3933999836444855","0.400299996137619","0.6649999618530273","0.6588999629020691","0.6710999608039856","1","1","1","1","1","1","0.3409000039100647","0.33480000495910645","0.34700000286102295","0.839849978685379","0.8357999920845032","0.8438999652862549","1","1","1","1","1","1","0.30079999566078186","0.30079999566078186","0.30079999566078186","0.8729999661445618","0.8729999661445618","0.8729999661445618","1","1","1","1","1","1","0.3545999825000763","0.3545999825000763","0.3545999825000763","0.875","0.875","0.875","1","1","1","1","1","1","0.04399999976158142","0.04399999976158142","0.04399999976158142","1","1","1"
"7173","1","1","1","1","1","1","0.04779999703168869","0.04779999703168869","0.04779999703168869","1","1","1","1","1","1","1","1","1","0.04270000010728836","0.04270000010728836","0.04270000010728836","1","1","1","0.9999499917030334","0.9998999834060669","1","1","1","1","0.3944999873638153","0.38909998536109924","0.39989998936653137","0.6637499630451202","0.6588999629020691","0.6685999631881714","1","1","1","1","1","1","0.3379499912261963","0.3319999873638153","0.34389999508857727","0.8386999666690826","0.8344999551773071","0.8428999781608582","1","1","1","1","1","1","0.30239999294281006","0.30239999294281006","0.30239999294281006","0.8739999532699585","0.8739999532699585","0.8739999532699585","1","1","1","1","1","1","0.36789998412132263","0.36789998412132263","0.36789998412132263","0.8768999576568604","0.8768999576568604","0.8768999576568604","1","1","1","1","1","1","0.04389999806880951","0.04389999806880951","0.04389999806880951","1","1","1"
"7184","1","1","1","1","1","1","0.04779999703168869","0.04779999703168869","0.04779999703168869","1","1","1","1","1","1","1","1","1","0.04319999739527702","0.04319999739527702","0.04319999739527702","1","1","1","1","1","1","1","1","1","0.3877999931573868","0.385699987411499","0.38989999890327454","0.6585999727249146","0.655299961566925","0.661899983882904","1","1","1","1","1","1","0.3431999832391739","0.33969998359680176","0.346699982881546","0.8394499719142914","0.8369999527931213","0.8418999910354614","1","1","1","1","1","1","0.3021000027656555","0.3021000027656555","0.3021000027656555","0.873199999332428","0.873199999332428","0.873199999332428","1","1","1","1","1","1","0.36719998717308044","0.36719998717308044","0.36719998717308044","0.8763999938964844","0.8763999938964844","0.8763999938964844","1","1","1","1","1","1","0.04389999806880951","0.04389999806880951","0.04389999806880951","1","1","1"
"7195","1","1","1","1","1","1","0.04779999703168869","0.04779999703168869","0.04779999703168869","1","1","1","1","1","1","1","1","1","0.042799998074769974","0.042799998074769974","0.042799998074769974","1","1","1","0.9999499917030334","0.9998999834060669","1","1","1","1","0.3891499936580658","0.38850000500679016","0.38979998230934143","0.6583999991416931","0.6561999917030334","0.6606000065803528","1","1","1","1","1","1","0.33799998462200165","0.33559998869895935","0.34039998054504395","0.8378499746322632","0.8344999551773071","0.8411999940872192","1","1","1","1","1","1","0.3000999987125397","0.3000999987125397","0.3000999987125397","0.8723999857902527","0.8723999857902527","0.8723999857902527","1","1","1","1","1","1","0.3633999824523926","0.3633999824523926","0.3633999824523926","0.8766999840736389","0.8766999840736389","0.8766999840736389","1","1","1","1","1","1","0.04360000044107437","0.04360000044107437","0.04360000044107437","1","1","1"
"7206","1","1","1","1","1","1","0.04749999940395355","0.04749999940395355","0.04749999940395355","1","1","1","1","1","1","1","1","1","0.04270000010728836","0.04270000010728836","0.04270000010728836","1","1","1","0.9999499917030334","0.9998999834060669","1","1","1","1","0.3907499760389328","0.38419997692108154","0.39729997515678406","0.6586000025272369","0.6516000032424927","0.6656000018119812","1","1","1","1","1","1","0.3414999842643738","0.3409999907016754","0.34199997782707214","0.8392499685287476","0.8374999761581421","0.840999960899353","1","1","1","1","1","1","0.2890999913215637","0.2890999913215637","0.2890999913215637","0.8697999715805054","0.8697999715805054","0.8697999715805054","1","1","1","1","1","1","0.3617999851703644","0.3617999851703644","0.3617999851703644","0.8755999803543091","0.8755999803543091","0.8755999803543091","1","1","1","1","1","1","0.04349999874830246","0.04349999874830246","0.04349999874830246","1","1","1"
"7217","1","1","1","1","1","1","0.04779999703168869","0.04779999703168869","0.04779999703168869","1","1","1","1","1","1","1","1","1","0.04259999841451645","0.04259999841451645","0.04259999841451645","1","1","1","0.9999499917030334","0.9998999834060669","1","1","1","1","0.38659998774528503","0.385699987411499","0.38749998807907104","0.6586999893188477","0.654699981212616","0.6626999974250793","1","1","1","1","1","1","0.34244999289512634","0.33640000224113464","0.34849998354911804","0.8391499817371368","0.8389999866485596","0.8392999768257141","1","1","1","1","1","1","0.30469998717308044","0.30469998717308044","0.30469998717308044","0.8726999759674072","0.8726999759674072","0.8726999759674072","1","1","1","1","1","1","0.36319997906684875","0.36319997906684875","0.36319997906684875","0.8757999539375305","0.8757999539375305","0.8757999539375305","1","1","1","1","1","1","0.04339999705553055","0.04339999705553055","0.04339999705553055","1","1","1"
"7228","1","1","1","1","1","1","0.04809999838471413","0.04809999838471413","0.04809999838471413","1","1","1","1","1","1","1","1","1","0.042799998074769974","0.042799998074769974","0.042799998074769974","1","1","1","0.9999499917030334","0.9998999834060669","1","1","1","1","0.3890499919652939","0.3828999996185303","0.3951999843120575","0.6597499549388885","0.6530999541282654","0.6663999557495117","1","1","1","1","1","1","0.34574998915195465","0.3407000005245209","0.3507999777793884","0.840149998664856","0.8393999934196472","0.8409000039100647","1","1","1","1","1","1","0.30079999566078186","0.30079999566078186","0.30079999566078186","0.8723999857902527","0.8723999857902527","0.8723999857902527","1","1","1","1","1","1","0.36059999465942383","0.36059999465942383","0.36059999465942383","0.8739999532699585","0.8739999532699585","0.8739999532699585","1","1","1","1","1","1","0.04349999874830246","0.04349999874830246","0.04349999874830246","1","1","1"
"7239","1","1","1","1","1","1","0.0478999987244606","0.0478999987244606","0.0478999987244606","1","1","1","1","1","1","1","1","1","0.04319999739527702","0.04319999739527702","0.04319999739527702","1","1","1","0.9999499917030334","0.9998999834060669","1","1","1","1","0.39079999923706055","0.38580000400543213","0.39579999446868896","0.6602499783039093","0.6541000008583069","0.6663999557495117","1","1","1","1","1","1","0.3487999886274338","0.34369999170303345","0.3538999855518341","0.8405500054359436","0.8391000032424927","0.8420000076293945","1","1","1","1","1","1","0.2979999780654907","0.2979999780654907","0.2979999780654907","0.8730999827384949","0.8730999827384949","0.8730999827384949","1","1","1","1","1","1","0.3527999818325043","0.3527999818325043","0.3527999818325043","0.8732999563217163","0.8732999563217163","0.8732999563217163","1","1","1","1","1","1","0.04360000044107437","0.04360000044107437","0.04360000044107437","1","1","1"
"7250","1","1","1","1","1","1","0.04820000007748604","0.04820000007748604","0.04820000007748604","1","1","1","1","1","1","1","1","1","0.0429999977350235","0.0429999977350235","0.0429999977350235","1","1","1","0.9999499917030334","0.9998999834060669","1","1","1","1","0.39169998466968536","0.39089998602867126","0.39249998331069946","0.6605999767780304","0.6549999713897705","0.6661999821662903","1","1","1","1","1","1","0.34744998812675476","0.343999981880188","0.35089999437332153","0.8397499620914459","0.8362999558448792","0.8431999683380127","1","1","1","1","1","1","0.30169999599456787","0.30169999599456787","0.30169999599456787","0.8721999526023865","0.8721999526023865","0.8721999526023865","1","1","1","1","1","1","0.3554999828338623","0.3554999828338623","0.3554999828338623","0.8741999864578247","0.8741999864578247","0.8741999864578247","1","1","1","1","1","1","0.04399999976158142","0.04399999976158142","0.04399999976158142","1","1","1"
"7261","1","1","1","1","1","1","0.04800000041723251","0.04800000041723251","0.04800000041723251","1","1","1","1","1","1","1","1","1","0.042899999767541885","0.042899999767541885","0.042899999767541885","1","1","1","0.9999499917030334","0.9998999834060669","1","1","1","1","0.38454999029636383","0.37929999828338623","0.38979998230934143","0.6570499837398529","0.6502000093460083","0.6638999581336975","0.9999499917030334","0.9998999834060669","1","1","1","1","0.3414499908685684","0.33489999175071716","0.3479999899864197","0.8388999700546265","0.8348999619483948","0.8428999781608582","1","1","1","1","1","1","0.28049999475479126","0.28049999475479126","0.28049999475479126","0.8671000003814697","0.8671000003814697","0.8671000003814697","1","1","1","1","1","1","0.35349997878074646","0.35349997878074646","0.35349997878074646","0.8748999834060669","0.8748999834060669","0.8748999834060669","1","1","1","1","1","1","0.04360000044107437","0.04360000044107437","0.04360000044107437","1","1","1"
"7272","1","1","1","1","1","1","0.04800000041723251","0.04800000041723251","0.04800000041723251","1","1","1","1","1","1","1","1","1","0.04270000010728836","0.04270000010728836","0.04270000010728836","1","1","1","0.9999499917030334","0.9998999834060669","1","1","1","1","0.38339999318122864","0.38179999589920044","0.38499999046325684","0.6572499573230743","0.653499960899353","0.6609999537467957","1","1","1","1","1","1","0.34289999306201935","0.3427000045776367","0.343099981546402","0.8404499590396881","0.8377999663352966","0.8430999517440796","1","1","1","1","1","1","0.2945999801158905","0.2945999801158905","0.2945999801158905","0.8714999556541443","0.8714999556541443","0.8714999556541443","1","1","1","1","1","1","0.3568999767303467","0.3568999767303467","0.3568999767303467","0.8751999735832214","0.8751999735832214","0.8751999735832214","1","1","1","1","1","1","0.043800000101327896","0.043800000101327896","0.043800000101327896","1","1","1"
"7283","1","1","1","1","1","1","0.04839999973773956","0.04839999973773956","0.04839999973773956","1","1","1","1","1","1","1","1","1","0.04259999841451645","0.04259999841451645","0.04259999841451645","1","1","1","0.9999499917030334","0.9998999834060669","1","1","1","1","0.3881499916315079","0.385699987411499","0.3905999958515167","0.6602999866008759","0.656499981880188","0.6640999913215637","1","1","1","1","1","1","0.3429500013589859","0.3352999985218048","0.350600004196167","0.8395499885082245","0.8353999853134155","0.8436999917030334","1","1","1","1","1","1","0.287200003862381","0.287200003862381","0.287200003862381","0.8702999949455261","0.8702999949455261","0.8702999949455261","1","1","1","1","1","1","0.3511999845504761","0.3511999845504761","0.3511999845504761","0.873199999332428","0.873199999332428","0.873199999332428","1","1","1","1","1","1","0.043800000101327896","0.043800000101327896","0.043800000101327896","1","1","1"
"7294","1","1","1","1","1","1","0.04829999804496765","0.04829999804496765","0.04829999804496765","1","1","1","1","1","1","1","1","1","0.04309999942779541","0.04309999942779541","0.04309999942779541","1","1","1","0.9999499917030334","0.9998999834060669","1","1","1","1","0.39204999804496765","0.38179999589920044","0.40230000019073486","0.6627500057220459","0.6534000039100647","0.6721000075340271","1","1","1","1","1","1","0.3369999974966049","0.3287999927997589","0.3452000021934509","0.8390499651432037","0.8348999619483948","0.8431999683380127","1","1","1","1","1","1","0.2872999906539917","0.2872999906539917","0.2872999906539917","0.8703999519348145","0.8703999519348145","0.8703999519348145","1","1","1","1","1","1","0.3507999777793884","0.3507999777793884","0.3507999777793884","0.8721999526023865","0.8721999526023865","0.8721999526023865","1","1","1","1","1","1","0.043699998408555984","0.043699998408555984","0.043699998408555984","1","1","1"
"7305","1","1","1","1","1","1","0.04769999906420708","0.04769999906420708","0.04769999906420708","1","1","1","1","1","1","1","1","1","0.04230000078678131","0.04230000078678131","0.04230000078678131","1","1","1","0.9999499917030334","0.9998999834060669","1","1","1","1","0.39434997737407684","0.3886999785900116","0.3999999761581421","0.6647499799728394","0.6577999591827393","0.6717000007629395","1","1","1","1","1","1","0.3420499861240387","0.33309999108314514","0.35099998116493225","0.8401499688625336","0.8360999822616577","0.8441999554634094","1","1","1","1","1","1","0.2938999831676483","0.2938999831676483","0.2938999831676483","0.8712999820709229","0.8712999820709229","0.8712999820709229","1","1","1","1","1","1","0.34860000014305115","0.34860000014305115","0.34860000014305115","0.8712999820709229","0.8712999820709229","0.8712999820709229","1","1","1","1","1","1","0.04349999874830246","0.04349999874830246","0.04349999874830246","1","1","1"
"7316","1","1","1","1","1","1","0.04800000041723251","0.04800000041723251","0.04800000041723251","1","1","1","1","1","1","1","1","1","0.042500000447034836","0.042500000447034836","0.042500000447034836","1","1","1","1","1","1","1","1","1","0.38624998927116394","0.3813000023365021","0.3911999762058258","0.6610499620437622","0.6556999683380127","0.6663999557495117","1","1","1","1","1","1","0.3410499840974808","0.3367999792098999","0.34529998898506165","0.8396999835968018","0.8370999693870544","0.8422999978065491","1","1","1","1","1","1","0.30079999566078186","0.30079999566078186","0.30079999566078186","0.8729999661445618","0.8729999661445618","0.8729999661445618","1","1","1","1","1","1","0.3391000032424927","0.3391000032424927","0.3391000032424927","0.8697999715805054","0.8697999715805054","0.8697999715805054","1","1","1","1","1","1","0.043699998408555984","0.043699998408555984","0.043699998408555984","1","1","1"
"7327","1","1","1","1","1","1","0.04800000041723251","0.04800000041723251","0.04800000041723251","1","1","1","1","1","1","1","1","1","0.04259999841451645","0.04259999841451645","0.04259999841451645","1","1","1","0.9999499917030334","0.9998999834060669","1","1","1","1","0.39164999127388","0.3894999921321869","0.3937999904155731","0.6616999804973602","0.6588000059127808","0.6645999550819397","1","1","1","1","1","1","0.33705000579357147","0.3287000060081482","0.34540000557899475","0.8391999900341034","0.8355000019073486","0.8428999781608582","1","1","1","1","1","1","0.29999998211860657","0.29999998211860657","0.29999998211860657","0.8723999857902527","0.8723999857902527","0.8723999857902527","1","1","1","1","1","1","0.34689998626708984","0.34689998626708984","0.34689998626708984","0.8712999820709229","0.8712999820709229","0.8712999820709229","1","1","1","1","1","1","0.043699998408555984","0.043699998408555984","0.043699998408555984","1","1","1"
"7338","1","1","1","1","1","1","0.04779999703168869","0.04779999703168869","0.04779999703168869","1","1","1","1","1","1","1","1","1","0.042500000447034836","0.042500000447034836","0.042500000447034836","1","1","1","0.9999499917030334","0.9998999834060669","1","1","1","1","0.38499999046325684","0.3799999952316284","0.38999998569488525","0.6584999859333038","0.6559000015258789","0.6610999703407288","1","1","1","1","1","1","0.33374999463558197","0.3260999917984009","0.34139999747276306","0.8387499749660492","0.8342999815940857","0.8431999683380127","1","1","1","1","1","1","0.29729998111724854","0.29729998111724854","0.29729998111724854","0.8725000023841858","0.8725000023841858","0.8725000023841858","1","1","1","1","1","1","0.34119999408721924","0.34119999408721924","0.34119999408721924","0.8716999888420105","0.8716999888420105","0.8716999888420105","1","1","1","1","1","1","0.04360000044107437","0.04360000044107437","0.04360000044107437","1","1","1"
"7349","1","1","1","1","1","1","0.04820000007748604","0.04820000007748604","0.04820000007748604","1","1","1","1","1","1","1","1","1","0.04270000010728836","0.04270000010728836","0.04270000010728836","1","1","1","0.9999499917030334","0.9998999834060669","1","1","1","1","0.38589999079704285","0.3822000026702881","0.3895999789237976","0.658050000667572","0.6568999886512756","0.6592000126838684","1","1","1","1","1","1","0.33524999022483826","0.33249998092651367","0.33799999952316284","0.8381499648094177","0.8362999558448792","0.8399999737739563","1","1","1","1","1","1","0.2944999933242798","0.2944999933242798","0.2944999933242798","0.8712999820709229","0.8712999820709229","0.8712999820709229","1","1","1","1","1","1","0.3489999771118164","0.3489999771118164","0.3489999771118164","0.8722999691963196","0.8722999691963196","0.8722999691963196","1","1","1","1","1","1","0.04339999705553055","0.04339999705553055","0.04339999705553055","1","1","1"
"7360","1","1","1","1","1","1","0.04820000007748604","0.04820000007748604","0.04820000007748604","1","1","1","1","1","1","1","1","1","0.04270000010728836","0.04270000010728836","0.04270000010728836","1","1","1","0.9999499917030334","0.9998999834060669","1","1","1","1","0.3851499855518341","0.3766999840736389","0.3935999870300293","0.65829998254776","0.653499960899353","0.663100004196167","1","1","1","1","1","1","0.3380499929189682","0.33399999141693115","0.34209999442100525","0.8388499915599823","0.835099995136261","0.8425999879837036","1","1","1","1","1","1","0.3042999804019928","0.3042999804019928","0.3042999804019928","0.873699963092804","0.873699963092804","0.873699963092804","1","1","1","1","1","1","0.3515999913215637","0.3515999913215637","0.3515999913215637","0.873199999332428","0.873199999332428","0.873199999332428","1","1","1","1","1","1","0.043699998408555984","0.043699998408555984","0.043699998408555984","1","1","1"
"7371","1","1","1","1","1","1","0.04820000007748604","0.04820000007748604","0.04820000007748604","1","1","1","1","1","1","1","1","1","0.04259999841451645","0.04259999841451645","0.04259999841451645","1","1","1","0.9999499917030334","0.9998999834060669","1","1","1","1","0.3918999880552292","0.38929998874664307","0.3944999873638153","0.6610499918460846","0.6588000059127808","0.6632999777793884","1","1","1","1","1","1","0.343999981880188","0.33969998359680176","0.3482999801635742","0.8417999744415283","0.8378999829292297","0.8456999659538269","1","1","1","1","1","1","0.30379998683929443","0.30379998683929443","0.30379998683929443","0.8732999563217163","0.8732999563217163","0.8732999563217163","1","1","1","1","1","1","0.3471999764442444","0.3471999764442444","0.3471999764442444","0.8712999820709229","0.8712999820709229","0.8712999820709229","1","1","1","1","1","1","0.04389999806880951","0.04389999806880951","0.04389999806880951","1","1","1"
"7382","1","1","1","1","1","1","0.04800000041723251","0.04800000041723251","0.04800000041723251","1","1","1","1","1","1","1","1","1","0.042899999767541885","0.042899999767541885","0.042899999767541885","1","1","1","0.9999499917030334","0.9998999834060669","1","1","1","1","0.3988499790430069","0.39479997754096985","0.40289998054504395","0.6629499793052673","0.6592999696731567","0.6665999889373779","1","1","1","1","1","1","0.34439998865127563","0.3401999771595001","0.34860000014305115","0.8416000008583069","0.836899995803833","0.8463000059127808","1","1","1","1","1","1","0.29420000314712524","0.29420000314712524","0.29420000314712524","0.8709999918937683","0.8709999918937683","0.8709999918937683","1","1","1","1","1","1","0.3531000018119812","0.3531000018119812","0.3531000018119812","0.8723999857902527","0.8723999857902527","0.8723999857902527","1","1","1","1","1","1","0.043800000101327896","0.043800000101327896","0.043800000101327896","1","1","1"
"7393","1","1","1","1","1","1","0.04769999906420708","0.04769999906420708","0.04769999906420708","1","1","1","1","1","1","1","1","1","0.04259999841451645","0.04259999841451645","0.04259999841451645","1","1","1","0.9999499917030334","0.9998999834060669","1","1","1","1","0.39069999754428864","0.38850000500679016","0.3928999900817871","0.6605499684810638","0.6592999696731567","0.661799967288971","1","1","1","1","1","1","0.33434998989105225","0.3261999785900116","0.3425000011920929","0.8373499810695648","0.8370999693870544","0.8375999927520752","1","1","1","1","1","1","0.28759998083114624","0.28759998083114624","0.28759998083114624","0.8697999715805054","0.8697999715805054","0.8697999715805054","1","1","1","1","1","1","0.3546999990940094","0.3546999990940094","0.3546999990940094","0.8725000023841858","0.8725000023841858","0.8725000023841858","1","1","1","1","1","1","0.04349999874830246","0.04349999874830246","0.04349999874830246","1","1","1"
"7404","1","1","1","1","1","1","0.0478999987244606","0.0478999987244606","0.0478999987244606","1","1","1","1","1","1","1","1","1","0.042799998074769974","0.042799998074769974","0.042799998074769974","1","1","1","0.9999499917030334","0.9998999834060669","1","1","1","1","0.389849990606308","0.38850000500679016","0.3911999762058258","0.6593999862670898","0.6570000052452087","0.661799967288971","1","1","1","1","1","1","0.3525499999523163","0.35109999775886536","0.3540000021457672","0.8425999879837036","0.8399999737739563","0.8452000021934509","1","1","1","1","1","1","0.29109999537467957","0.29109999537467957","0.29109999537467957","0.8708999752998352","0.8708999752998352","0.8708999752998352","1","1","1","1","1","1","0.35510000586509705","0.35510000586509705","0.35510000586509705","0.8721999526023865","0.8721999526023865","0.8721999526023865","1","1","1","1","1","1","0.043699998408555984","0.043699998408555984","0.043699998408555984","1","1","1"
"7415","1","1","1","1","1","1","0.04809999838471413","0.04809999838471413","0.04809999838471413","1","1","1","1","1","1","1","1","1","0.04270000010728836","0.04270000010728836","0.04270000010728836","1","1","1","0.9999499917030334","0.9998999834060669","1","1","1","1","0.389399990439415","0.38670000433921814","0.3920999765396118","0.6590999662876129","0.655299961566925","0.6628999710083008","1","1","1","1","1","1","0.34529998898506165","0.3400999903678894","0.3504999876022339","0.8415499925613403","0.8378999829292297","0.8452000021934509","1","1","1","1","1","1","0.2847999930381775","0.2847999930381775","0.2847999930381775","0.8702999949455261","0.8702999949455261","0.8702999949455261","1","1","1","1","1","1","0.35749998688697815","0.35749998688697815","0.35749998688697815","0.8739999532699585","0.8739999532699585","0.8739999532699585","1","1","1","1","1","1","0.043800000101327896","0.043800000101327896","0.043800000101327896","1","1","1"
"7426","1","1","1","1","1","1","0.04809999838471413","0.04809999838471413","0.04809999838471413","1","1","1","1","1","1","1","1","1","0.04259999841451645","0.04259999841451645","0.04259999841451645","1","1","1","0.9999499917030334","0.9998999834060669","1","1","1","1","0.3951999992132187","0.3919000029563904","0.398499995470047","0.6617999970912933","0.6615999937057495","0.6620000004768372","1","1","1","1","1","1","0.34025000035762787","0.33799999952316284","0.3425000011920929","0.8406499922275543","0.8384000062942505","0.8428999781608582","1","1","1","1","1","1","0.29330000281333923","0.29330000281333923","0.29330000281333923","0.8705999851226807","0.8705999851226807","0.8705999851226807","1","1","1","1","1","1","0.3594000041484833","0.3594000041484833","0.3594000041484833","0.8750999569892883","0.8750999569892883","0.8750999569892883","1","1","1","1","1","1","0.04360000044107437","0.04360000044107437","0.04360000044107437","1","1","1"
"7437","1","1","1","1","1","1","0.04820000007748604","0.04820000007748604","0.04820000007748604","1","1","1","1","1","1","1","1","1","0.04259999841451645","0.04259999841451645","0.04259999841451645","1","1","1","0.9999499917030334","0.9998999834060669","1","1","1","1","0.3947499990463257","0.3944000005722046","0.3950999975204468","0.6617999970912933","0.6597999930381775","0.6638000011444092","1","1","1","1","1","1","0.34129999577999115","0.33730000257492065","0.34529998898506165","0.8399999737739563","0.8378999829292297","0.8420999646186829","1","1","1","1","1","1","0.29179999232292175","0.29179999232292175","0.29179999232292175","0.8704999685287476","0.8704999685287476","0.8704999685287476","1","1","1","1","1","1","0.3671000003814697","0.3671000003814697","0.3671000003814697","0.8761000037193298","0.8761000037193298","0.8761000037193298","1","1","1","1","1","1","0.044099997729063034","0.044099997729063034","0.044099997729063034","1","1","1"
"7448","1","1","1","1","1","1","0.04820000007748604","0.04820000007748604","0.04820000007748604","1","1","1","1","1","1","1","1","1","0.04309999942779541","0.04309999942779541","0.04309999942779541","1","1","1","1","1","1","1","1","1","0.3966999799013138","0.3911999762058258","0.40219998359680176","0.6632499992847443","0.6588000059127808","0.6676999926567078","1","1","1","1","1","1","0.3388499915599823","0.335099995136261","0.3425999879837036","0.8387499749660492","0.8362999558448792","0.8411999940872192","1","1","1","1","1","1","0.2944999933242798","0.2944999933242798","0.2944999933242798","0.8709999918937683","0.8709999918937683","0.8709999918937683","1","1","1","1","1","1","0.35659998655319214","0.35659998655319214","0.35659998655319214","0.8745999932289124","0.8745999932289124","0.8745999932289124","1","1","1","1","1","1","0.04389999806880951","0.04389999806880951","0.04389999806880951","1","1","1"
"7459","1","1","1","1","1","1","0.04809999838471413","0.04809999838471413","0.04809999838471413","1","1","1","1","1","1","1","1","1","0.042799998074769974","0.042799998074769974","0.042799998074769974","1","1","1","0.9999499917030334","0.9998999834060669","1","1","1","1","0.4031499922275543","0.40049999952316284","0.4057999849319458","0.6676499843597412","0.6674999594688416","0.6678000092506409","1","1","1","1","1","1","0.3427499830722809","0.3349999785423279","0.3504999876022339","0.8409499824047089","0.8374999761581421","0.8443999886512756","1","1","1","1","1","1","0.28929999470710754","0.28929999470710754","0.28929999470710754","0.8704999685287476","0.8704999685287476","0.8704999685287476","1","1","1","1","1","1","0.3578999936580658","0.3578999936580658","0.3578999936580658","0.8755999803543091","0.8755999803543091","0.8755999803543091","1","1","1","1","1","1","0.043800000101327896","0.043800000101327896","0.043800000101327896","1","1","1"
"7470","1","1","1","1","1","1","0.04820000007748604","0.04820000007748604","0.04820000007748604","1","1","1","1","1","1","1","1","1","0.042399998754262924","0.042399998754262924","0.042399998754262924","1","1","1","0.9999499917030334","0.9998999834060669","1","1","1","1","0.40129999816417694","0.3977999985218048","0.4047999978065491","0.6657499969005585","0.6640999913215637","0.6674000024795532","1","1","1","1","1","1","0.34299999475479126","0.34049999713897705","0.34549999237060547","0.8405999839305878","0.8371999859809875","0.843999981880188","1","1","1","1","1","1","0.29819998145103455","0.29819998145103455","0.29819998145103455","0.8718999624252319","0.8718999624252319","0.8718999624252319","1","1","1","1","1","1","0.358599990606308","0.358599990606308","0.358599990606308","0.875","0.875","0.875","1","1","1","1","1","1","0.043800000101327896","0.043800000101327896","0.043800000101327896","1","1","1"
"7481","1","1","1","1","1","1","0.0478999987244606","0.0478999987244606","0.0478999987244606","1","1","1","1","1","1","1","1","1","0.04309999942779541","0.04309999942779541","0.04309999942779541","1","1","1","0.9999499917030334","0.9998999834060669","1","1","1","1","0.39090000092983246","0.3797000050544739","0.40209999680519104","0.6595999896526337","0.6557999849319458","0.6633999943733215","1","1","1","1","1","1","0.34279999136924744","0.33709999918937683","0.34849998354911804","0.8404499888420105","0.8357999920845032","0.8450999855995178","1","1","1","1","1","1","0.28540000319480896","0.28540000319480896","0.28540000319480896","0.870199978351593","0.870199978351593","0.870199978351593","1","1","1","1","1","1","0.3625999987125397","0.3625999987125397","0.3625999987125397","0.8755999803543091","0.8755999803543091","0.8755999803543091","1","1","1","1","1","1","0.04360000044107437","0.04360000044107437","0.04360000044107437","1","1","1"
"7492","1","1","1","1","1","1","0.04839999973773956","0.04839999973773956","0.04839999973773956","1","1","1","1","1","1","1","1","1","0.04270000010728836","0.04270000010728836","0.04270000010728836","1","1","1","0.9999499917030334","0.9998999834060669","1","1","1","1","0.3913999944925308","0.38819998502731323","0.3946000039577484","0.6611999869346619","0.6601999998092651","0.6621999740600586","1","1","1","1","1","1","0.34574998915195465","0.33809998631477356","0.35339999198913574","0.8407999575138092","0.835599958896637","0.8459999561309814","1","1","1","1","1","1","0.29260000586509705","0.29260000586509705","0.29260000586509705","0.8709999918937683","0.8709999918937683","0.8709999918937683","1","1","1","1","1","1","0.36469998955726624","0.36469998955726624","0.36469998955726624","0.8761000037193298","0.8761000037193298","0.8761000037193298","1","1","1","1","1","1","0.043800000101327896","0.043800000101327896","0.043800000101327896","1","1","1"
"7503","1","1","1","1","1","1","0.04809999838471413","0.04809999838471413","0.04809999838471413","1","1","1","1","1","1","1","1","1","0.042799998074769974","0.042799998074769974","0.042799998074769974","1","1","1","0.9999499917030334","0.9998999834060669","1","1","1","1","0.3934999853372574","0.3917999863624573","0.3951999843120575","0.6616499722003937","0.660099983215332","0.6631999611854553","1","1","1","1","1","1","0.34834998846054077","0.3407000005245209","0.35599997639656067","0.8411999642848969","0.8367999792098999","0.8455999493598938","1","1","1","1","1","1","0.2883000075817108","0.2883000075817108","0.2883000075817108","0.8705999851226807","0.8705999851226807","0.8705999851226807","1","1","1","1","1","1","0.35839998722076416","0.35839998722076416","0.35839998722076416","0.875","0.875","0.875","1","1","1","1","1","1","0.04389999806880951","0.04389999806880951","0.04389999806880951","1","1","1"
"7514","1","1","1","1","1","1","0.04800000041723251","0.04800000041723251","0.04800000041723251","1","1","1","1","1","1","1","1","1","0.04259999841451645","0.04259999841451645","0.04259999841451645","1","1","1","0.9999499917030334","0.9998999834060669","1","1","1","1","0.39604999125003815","0.3942999839782715","0.3977999985218048","0.6626499891281128","0.661300003528595","0.6639999747276306","1","1","1","1","1","1","0.35089999437332153","0.3422999978065491","0.359499990940094","0.8417499661445618","0.8367999792098999","0.8466999530792236","1","1","1","1","1","1","0.28509998321533203","0.28509998321533203","0.28509998321533203","0.8700000047683716","0.8700000047683716","0.8700000047683716","1","1","1","1","1","1","0.35499998927116394","0.35499998927116394","0.35499998927116394","0.8745999932289124","0.8745999932289124","0.8745999932289124","1","1","1","1","1","1","0.043699998408555984","0.043699998408555984","0.043699998408555984","1","1","1"
"7525","1","1","1","1","1","1","0.04779999703168869","0.04779999703168869","0.04779999703168869","1","1","1","1","1","1","1","1","1","0.042799998074769974","0.042799998074769974","0.042799998074769974","1","1","1","0.9999499917030334","0.9998999834060669","1","1","1","1","0.3941499888896942","0.3912999927997589","0.3969999849796295","0.661249965429306","0.6574999690055847","0.6649999618530273","1","1","1","1","1","1","0.34929999709129333","0.3425000011920929","0.3560999929904938","0.8416999876499176","0.8366000056266785","0.8467999696731567","1","1","1","1","1","1","0.2888999879360199","0.2888999879360199","0.2888999879360199","0.8704999685287476","0.8704999685287476","0.8704999685287476","1","1","1","1","1","1","0.35569998621940613","0.35569998621940613","0.35569998621940613","0.8756999969482422","0.8756999969482422","0.8756999969482422","1","1","1","1","1","1","0.044099997729063034","0.044099997729063034","0.044099997729063034","1","1","1"
"7536","1","1","1","1","1","1","0.0478999987244606","0.0478999987244606","0.0478999987244606","1","1","1","1","1","1","1","1","1","0.042899999767541885","0.042899999767541885","0.042899999767541885","1","1","1","0.9999499917030334","0.9998999834060669","1","1","1","1","0.38944999873638153","0.38670000433921814","0.3921999931335449","0.6575999855995178","0.6563999652862549","0.6588000059127808","1","1","1","1","1","1","0.34379999339580536","0.3391000032424927","0.34849998354911804","0.8406999707221985","0.8360999822616577","0.8452999591827393","1","1","1","1","1","1","0.2946999967098236","0.2946999967098236","0.2946999967098236","0.8721999526023865","0.8721999526023865","0.8721999526023865","1","1","1","1","1","1","0.346699982881546","0.346699982881546","0.346699982881546","0.8718999624252319","0.8718999624252319","0.8718999624252319","1","1","1","1","1","1","0.043800000101327896","0.043800000101327896","0.043800000101327896","1","1","1"
"7547","1","1","1","1","1","1","0.04800000041723251","0.04800000041723251","0.04800000041723251","1","1","1","1","1","1","1","1","1","0.0429999977350235","0.0429999977350235","0.0429999977350235","1","1","1","0.9999499917030334","0.9998999834060669","1","1","1","1","0.38404999673366547","0.37929999828338623","0.3887999951839447","0.6575999855995178","0.6563000082969666","0.6588999629020691","1","1","1","1","1","1","0.3408999890089035","0.33559998869895935","0.34619998931884766","0.8397999703884125","0.8360999822616577","0.8434999585151672","1","1","1","1","1","1","0.2953999936580658","0.2953999936580658","0.2953999936580658","0.8718000054359436","0.8718000054359436","0.8718000054359436","1","1","1","1","1","1","0.3522999882698059","0.3522999882698059","0.3522999882698059","0.8737999796867371","0.8737999796867371","0.8737999796867371","1","1","1","1","1","1","0.04389999806880951","0.04389999806880951","0.04389999806880951","1","1","1"
"7558","1","1","1","1","1","1","0.04829999804496765","0.04829999804496765","0.04829999804496765","1","1","1","1","1","1","1","1","1","0.04230000078678131","0.04230000078678131","0.04230000078678131","1","1","1","0.9999499917030334","0.9998999834060669","1","1","1","1","0.38974998891353607","0.3804999887943268","0.39899998903274536","0.6584499776363373","0.6530999541282654","0.6638000011444092","1","1","1","1","1","1","0.3476499915122986","0.33969998359680176","0.3555999994277954","0.842449963092804","0.8376999497413635","0.8471999764442444","1","1","1","1","1","1","0.30379998683929443","0.30379998683929443","0.30379998683929443","0.8725999593734741","0.8725999593734741","0.8725999593734741","1","1","1","1","1","1","0.35359999537467957","0.35359999537467957","0.35359999537467957","0.873699963092804","0.873699963092804","0.873699963092804","1","1","1","1","1","1","0.043699998408555984","0.043699998408555984","0.043699998408555984","1","1","1"
"7569","1","1","1","1","1","1","0.04809999838471413","0.04809999838471413","0.04809999838471413","1","1","1","1","1","1","1","1","1","0.042500000447034836","0.042500000447034836","0.042500000447034836","1","1","1","0.9999499917030334","0.9998999834060669","1","1","1","1","0.38224999606609344","0.3815999925136566","0.3828999996185303","0.6543499827384949","0.6541999578475952","0.6545000076293945","1","1","1","1","1","1","0.3489999920129776","0.33660000562667847","0.36139997839927673","0.842849999666214","0.8375999927520752","0.8481000065803528","1","1","1","1","1","1","0.30469998717308044","0.30469998717308044","0.30469998717308044","0.8726999759674072","0.8726999759674072","0.8726999759674072","1","1","1","1","1","1","0.357699990272522","0.357699990272522","0.357699990272522","0.8759999871253967","0.8759999871253967","0.8759999871253967","1","1","1","1","1","1","0.043699998408555984","0.043699998408555984","0.043699998408555984","1","1","1"
"7580","1","1","1","1","1","1","0.04809999838471413","0.04809999838471413","0.04809999838471413","1","1","1","1","1","1","1","1","1","0.04270000010728836","0.04270000010728836","0.04270000010728836","1","1","1","0.9999499917030334","0.9998999834060669","1","1","1","1","0.3871999979019165","0.38269999623298645","0.39169999957084656","0.6579000055789948","0.6559000015258789","0.6599000096321106","1","1","1","1","1","1","0.34529998898506165","0.3369999825954437","0.35359999537467957","0.84129998087883","0.8375999927520752","0.8449999690055847","1","1","1","1","1","1","0.2985999882221222","0.2985999882221222","0.2985999882221222","0.8725000023841858","0.8725000023841858","0.8725000023841858","1","1","1","1","1","1","0.3577999770641327","0.3577999770641327","0.3577999770641327","0.8758999705314636","0.8758999705314636","0.8758999705314636","1","1","1","1","1","1","0.043800000101327896","0.043800000101327896","0.043800000101327896","1","1","1"
"7591","1","1","1","1","1","1","0.04809999838471413","0.04809999838471413","0.04809999838471413","1","1","1","1","1","1","1","1","1","0.04270000010728836","0.04270000010728836","0.04270000010728836","1","1","1","0.9999499917030334","0.9998999834060669","1","1","1","1","0.3928999900817871","0.38999998569488525","0.39579999446868896","0.6615999639034271","0.6599999666213989","0.6631999611854553","1","1","1","1","1","1","0.34389999508857727","0.33379998803138733","0.3540000021457672","0.8412499725818634","0.8360999822616577","0.8463999629020691","1","1","1","1","1","1","0.29999998211860657","0.29999998211860657","0.29999998211860657","0.8736000061035156","0.8736000061035156","0.8736000061035156","1","1","1","1","1","1","0.3529999852180481","0.3529999852180481","0.3529999852180481","0.8752999901771545","0.8752999901771545","0.8752999901771545","1","1","1","1","1","1","0.04389999806880951","0.04389999806880951","0.04389999806880951","1","1","1"
"7602","1","1","1","1","1","1","0.04820000007748604","0.04820000007748604","0.04820000007748604","1","1","1","1","1","1","1","1","1","0.04259999841451645","0.04259999841451645","0.04259999841451645","1","1","1","0.9999499917030334","0.9998999834060669","1","1","1","1","0.3908499926328659","0.38839998841285706","0.39329999685287476","0.6602999866008759","0.6572999954223633","0.6632999777793884","1","1","1","1","1","1","0.3432999849319458","0.3287999927997589","0.3577999770641327","0.8411999940872192","0.8357999920845032","0.8465999960899353","1","1","1","1","1","1","0.29319998621940613","0.29319998621940613","0.29319998621940613","0.8714999556541443","0.8714999556541443","0.8714999556541443","1","1","1","1","1","1","0.35499998927116394","0.35499998927116394","0.35499998927116394","0.8745999932289124","0.8745999932289124","0.8745999932289124","1","1","1","1","1","1","0.043699998408555984","0.043699998408555984","0.043699998408555984","1","1","1"
"7613","1","1","1","1","1","1","0.0478999987244606","0.0478999987244606","0.0478999987244606","1","1","1","1","1","1","1","1","1","0.04259999841451645","0.04259999841451645","0.04259999841451645","1","1","1","0.9999499917030334","0.9998999834060669","1","1","1","1","0.390299990773201","0.3865000009536743","0.39409998059272766","0.6583999991416931","0.6545000076293945","0.6622999906539917","1","1","1","1","1","1","0.3505999892950058","0.33739998936653137","0.3637999892234802","0.84334996342659","0.8377999663352966","0.8488999605178833","1","1","1","1","1","1","0.30140000581741333","0.30140000581741333","0.30140000581741333","0.8729999661445618","0.8729999661445618","0.8729999661445618","1","1","1","1","1","1","0.3522000014781952","0.3522000014781952","0.3522000014781952","0.8748999834060669","0.8748999834060669","0.8748999834060669","1","1","1","1","1","1","0.04389999806880951","0.04389999806880951","0.04389999806880951","1","1","1"
"7624","1","1","1","1","1","1","0.04800000041723251","0.04800000041723251","0.04800000041723251","1","1","1","1","1","1","1","1","1","0.042799998074769974","0.042799998074769974","0.042799998074769974","1","1","1","0.9999499917030334","0.9998999834060669","1","1","1","1","0.39104999601840973","0.38670000433921814","0.3953999876976013","0.6598499715328217","0.655299961566925","0.6643999814987183","1","1","1","1","1","1","0.3517500013113022","0.3418000042438507","0.36169999837875366","0.8428999781608582","0.8384000062942505","0.8473999500274658","1","1","1","1","1","1","0.2947999835014343","0.2947999835014343","0.2947999835014343","0.8718000054359436","0.8718000054359436","0.8718000054359436","1","1","1","1","1","1","0.35109999775886536","0.35109999775886536","0.35109999775886536","0.8743999600410461","0.8743999600410461","0.8743999600410461","1","1","1","1","1","1","0.043699998408555984","0.043699998408555984","0.043699998408555984","1","1","1"
"7635","1","1","1","1","1","1","0.04829999804496765","0.04829999804496765","0.04829999804496765","1","1","1","1","1","1","1","1","1","0.042899999767541885","0.042899999767541885","0.042899999767541885","1","1","1","0.9999499917030334","0.9998999834060669","1","1","1","1","0.3877999782562256","0.3823999762535095","0.39319998025894165","0.6567999720573425","0.6520999670028687","0.6614999771118164","1","1","1","1","1","1","0.3469499945640564","0.336899995803833","0.3569999933242798","0.8409000039100647","0.8366000056266785","0.8452000021934509","1","1","1","1","1","1","0.2856000065803528","0.2856000065803528","0.2856000065803528","0.8702999949455261","0.8702999949455261","0.8702999949455261","1","1","1","1","1","1","0.35359999537467957","0.35359999537467957","0.35359999537467957","0.875","0.875","0.875","1","1","1","1","1","1","0.043800000101327896","0.043800000101327896","0.043800000101327896","1","1","1"
"7646","1","1","1","1","1","1","0.04769999906420708","0.04769999906420708","0.04769999906420708","1","1","1","1","1","1","1","1","1","0.042899999767541885","0.042899999767541885","0.042899999767541885","1","1","1","0.9999499917030334","0.9998999834060669","1","1","1","1","0.38694998621940613","0.37869998812675476","0.3951999843120575","0.6576999723911285","0.6521999835968018","0.6631999611854553","1","1","1","1","1","1","0.35029999911785126","0.3456999957561493","0.3549000024795532","0.8418499827384949","0.8385999798774719","0.8450999855995178","1","1","1","1","1","1","0.28380000591278076","0.28380000591278076","0.28380000591278076","0.8700000047683716","0.8700000047683716","0.8700000047683716","1","1","1","1","1","1","0.3562999963760376","0.3562999963760376","0.3562999963760376","0.8750999569892883","0.8750999569892883","0.8750999569892883","1","1","1","1","1","1","0.043699998408555984","0.043699998408555984","0.043699998408555984","1","1","1"
"7657","1","1","1","1","1","1","0.04779999703168869","0.04779999703168869","0.04779999703168869","1","1","1","1","1","1","1","1","1","0.04270000010728836","0.04270000010728836","0.04270000010728836","1","1","1","0.9999499917030334","0.9998999834060669","1","1","1","1","0.3857000023126602","0.3849000036716461","0.3865000009536743","0.6568499803543091","0.6556999683380127","0.6579999923706055","1","1","1","1","1","1","0.34939999878406525","0.34790000319480896","0.35089999437332153","0.8419999778270721","0.8392999768257141","0.8446999788284302","1","1","1","1","1","1","0.2937999963760376","0.2937999963760376","0.2937999963760376","0.8729999661445618","0.8729999661445618","0.8729999661445618","1","1","1","1","1","1","0.34610000252723694","0.34610000252723694","0.34610000252723694","0.8723999857902527","0.8723999857902527","0.8723999857902527","1","1","1","1","1","1","0.043699998408555984","0.043699998408555984","0.043699998408555984","1","1","1"
"7668","1","1","1","1","1","1","0.0478999987244606","0.0478999987244606","0.0478999987244606","1","1","1","1","1","1","1","1","1","0.042899999767541885","0.042899999767541885","0.042899999767541885","1","1","1","0.9999499917030334","0.9998999834060669","1","1","1","1","0.3866499960422516","0.38449999690055847","0.3887999951839447","0.6603499948978424","0.6579999923706055","0.6626999974250793","1","1","1","1","1","1","0.3540000021457672","0.34610000252723694","0.3619000017642975","0.8431499898433685","0.8389999866485596","0.8472999930381775","1","1","1","1","1","1","0.2953999936580658","0.2953999936580658","0.2953999936580658","0.8716999888420105","0.8716999888420105","0.8716999888420105","1","1","1","1","1","1","0.3560999929904938","0.3560999929904938","0.3560999929904938","0.8740999698638916","0.8740999698638916","0.8740999698638916","1","1","1","1","1","1","0.04389999806880951","0.04389999806880951","0.04389999806880951","1","1","1"
"7679","1","1","1","1","1","1","0.04800000041723251","0.04800000041723251","0.04800000041723251","1","1","1","1","1","1","1","1","1","0.0429999977350235","0.0429999977350235","0.0429999977350235","1","1","1","0.9998999834060669","0.9997999668121338","1","1","1","1","0.3861999958753586","0.38519999384880066","0.3871999979019165","0.6587499678134918","0.6570999622344971","0.6603999733924866","1","1","1","1","1","1","0.35099999606609344","0.3449999988079071","0.3569999933242798","0.8413999676704407","0.8374999761581421","0.8452999591827393","1","1","1","1","1","1","0.2978000044822693","0.2978000044822693","0.2978000044822693","0.8727999925613403","0.8727999925613403","0.8727999925613403","1","1","1","1","1","1","0.35269999504089355","0.35269999504089355","0.35269999504089355","0.873699963092804","0.873699963092804","0.873699963092804","1","1","1","1","1","1","0.04399999976158142","0.04399999976158142","0.04399999976158142","1","1","1"
"7690","1","1","1","1","1","1","0.0478999987244606","0.0478999987244606","0.0478999987244606","1","1","1","1","1","1","1","1","1","0.042799998074769974","0.042799998074769974","0.042799998074769974","1","1","1","0.9998999834060669","0.9997999668121338","1","1","1","1","0.39344997704029083","0.3920999765396118","0.39479997754096985","0.6620000004768372","0.6568999886512756","0.6671000123023987","1","1","1","1","1","1","0.3633500039577484","0.35760000348091125","0.36910000443458557","0.8451999723911285","0.8423999547958374","0.8479999899864197","1","1","1","1","1","1","0.30309998989105225","0.30309998989105225","0.30309998989105225","0.8726999759674072","0.8726999759674072","0.8726999759674072","1","1","1","1","1","1","0.35599997639656067","0.35599997639656067","0.35599997639656067","0.8743999600410461","0.8743999600410461","0.8743999600410461","1","1","1","1","1","1","0.04360000044107437","0.04360000044107437","0.04360000044107437","1","1","1"
"7701","1","1","1","1","1","1","0.04820000007748604","0.04820000007748604","0.04820000007748604","1","1","1","1","1","1","1","1","1","0.04270000010728836","0.04270000010728836","0.04270000010728836","1","1","1","0.9998999834060669","0.9997999668121338","1","1","1","1","0.3871999979019165","0.3788999915122986","0.3955000042915344","0.6571999788284302","0.6496999859809875","0.6646999716758728","1","1","1","1","1","1","0.3516499847173691","0.3489999771118164","0.35429999232292175","0.842199981212616","0.8400999903678894","0.8442999720573425","1","1","1","1","1","1","0.3075000047683716","0.3075000047683716","0.3075000047683716","0.8741999864578247","0.8741999864578247","0.8741999864578247","1","1","1","1","1","1","0.361299991607666","0.361299991607666","0.361299991607666","0.8752999901771545","0.8752999901771545","0.8752999901771545","1","1","1","1","1","1","0.043800000101327896","0.043800000101327896","0.043800000101327896","1","1","1"
"7712","1","1","1","1","1","1","0.04779999703168869","0.04779999703168869","0.04779999703168869","1","1","1","1","1","1","1","1","1","0.042799998074769974","0.042799998074769974","0.042799998074769974","1","1","1","0.9998999834060669","0.9997999668121338","1","1","1","1","0.3927999883890152","0.38429999351501465","0.40129998326301575","0.6603499948978424","0.6520000100135803","0.6686999797821045","1","1","1","1","1","1","0.34870000183582306","0.3384000062942505","0.35899999737739563","0.8418999910354614","0.8356999754905701","0.8481000065803528","1","1","1","1","1","1","0.30320000648498535","0.30320000648498535","0.30320000648498535","0.8736000061035156","0.8736000061035156","0.8736000061035156","1","1","1","1","1","1","0.35580000281333923","0.35580000281333923","0.35580000281333923","0.8745999932289124","0.8745999932289124","0.8745999932289124","1","1","1","1","1","1","0.04399999976158142","0.04399999976158142","0.04399999976158142","1","1","1"
"7723","1","1","1","1","1","1","0.04779999703168869","0.04779999703168869","0.04779999703168869","1","1","1","1","1","1","1","1","1","0.042799998074769974","0.042799998074769974","0.042799998074769974","1","1","1","0.9998999834060669","0.9997999668121338","1","1","1","1","0.3944999873638153","0.3871999979019165","0.4017999768257141","0.662200003862381","0.6541000008583069","0.6703000068664551","1","1","1","1","1","1","0.3505999892950058","0.34299999475479126","0.35819998383522034","0.8422999680042267","0.8371999859809875","0.8473999500274658","1","1","1","1","1","1","0.29269999265670776","0.29269999265670776","0.29269999265670776","0.8715999722480774","0.8715999722480774","0.8715999722480774","1","1","1","1","1","1","0.35830000042915344","0.35830000042915344","0.35830000042915344","0.8744999766349792","0.8744999766349792","0.8744999766349792","1","1","1","1","1","1","0.04349999874830246","0.04349999874830246","0.04349999874830246","1","1","1"
"7734","1","1","1","1","1","1","0.047599997371435165","0.047599997371435165","0.047599997371435165","1","1","1","1","1","1","1","1","1","0.0429999977350235","0.0429999977350235","0.0429999977350235","1","1","1","0.9998999834060669","0.9997999668121338","1","1","1","1","0.3933499902486801","0.3807999789714813","0.4059000015258789","0.6602499783039093","0.6524999737739563","0.6679999828338623","1","1","1","1","1","1","0.34724999964237213","0.3402999937534332","0.35420000553131104","0.84129998087883","0.837399959564209","0.8452000021934509","1","1","1","1","1","1","0.2937999963760376","0.2937999963760376","0.2937999963760376","0.8718999624252319","0.8718999624252319","0.8718999624252319","1","1","1","1","1","1","0.36820000410079956","0.36820000410079956","0.36820000410079956","0.8754000067710876","0.8754000067710876","0.8754000067710876","1","1","1","1","1","1","0.043800000101327896","0.043800000101327896","0.043800000101327896","1","1","1"
"7745","1","1","1","1","1","1","0.047599997371435165","0.047599997371435165","0.047599997371435165","1","1","1","1","1","1","1","1","1","0.042899999767541885","0.042899999767541885","0.042899999767541885","1","1","1","0.9999499917030334","0.9998999834060669","1","1","1","1","0.3941499888896942","0.3771999776363373","0.41110000014305115","0.6616999804973602","0.651699960231781","0.6717000007629395","1","1","1","1","1","1","0.3408999890089035","0.3292999863624573","0.35249999165534973","0.8402999639511108","0.8341999650001526","0.8463999629020691","1","1","1","1","1","1","0.30239999294281006","0.30239999294281006","0.30239999294281006","0.8732999563217163","0.8732999563217163","0.8732999563217163","1","1","1","1","1","1","0.35199999809265137","0.35199999809265137","0.35199999809265137","0.8729999661445618","0.8729999661445618","0.8729999661445618","1","1","1","1","1","1","0.04389999806880951","0.04389999806880951","0.04389999806880951","1","1","1"
"7756","1","1","1","1","1","1","0.04809999838471413","0.04809999838471413","0.04809999838471413","1","1","1","1","1","1","1","1","1","0.042399998754262924","0.042399998754262924","0.042399998754262924","1","1","1","0.9998999834060669","0.9997999668121338","1","1","1","1","0.3942499905824661","0.382999986410141","0.40549999475479126","0.6628499925136566","0.6534000039100647","0.6722999811172485","1","1","1","1","1","1","0.34299999475479126","0.33239999413490295","0.35359999537467957","0.8404499888420105","0.8345999717712402","0.8463000059127808","1","1","1","1","1","1","0.29510000348091125","0.29510000348091125","0.29510000348091125","0.8718999624252319","0.8718999624252319","0.8718999624252319","1","1","1","1","1","1","0.35679998993873596","0.35679998993873596","0.35679998993873596","0.8743999600410461","0.8743999600410461","0.8743999600410461","1","1","1","1","1","1","0.04399999976158142","0.04399999976158142","0.04399999976158142","1","1","1"
"7767","1","1","1","1","1","1","0.04800000041723251","0.04800000041723251","0.04800000041723251","1","1","1","1","1","1","1","1","1","0.042500000447034836","0.042500000447034836","0.042500000447034836","1","1","1","0.9999499917030334","0.9998999834060669","1","1","1","1","0.3945999890565872","0.3806999921798706","0.40849998593330383","0.6628499925136566","0.6527000069618225","0.6729999780654907","1","1","1","1","1","1","0.34139999747276306","0.32829999923706055","0.3544999957084656","0.8402999937534332","0.833299994468689","0.8472999930381775","1","1","1","1","1","1","0.3017999827861786","0.3017999827861786","0.3017999827861786","0.8729999661445618","0.8729999661445618","0.8729999661445618","1","1","1","1","1","1","0.35839998722076416","0.35839998722076416","0.35839998722076416","0.8739999532699585","0.8739999532699585","0.8739999532699585","1","1","1","1","1","1","0.04389999806880951","0.04389999806880951","0.04389999806880951","1","1","1"
"7778","1","1","1","1","1","1","0.0478999987244606","0.0478999987244606","0.0478999987244606","1","1","1","1","1","1","1","1","1","0.04230000078678131","0.04230000078678131","0.04230000078678131","1","1","1","0.9999499917030334","0.9998999834060669","1","1","1","1","0.39069998264312744","0.3757999837398529","0.405599981546402","0.6611999571323395","0.649899959564209","0.67249995470047","1","1","1","1","1","1","0.34279999136924744","0.3319999873638153","0.35359999537467957","0.840149998664856","0.8348000049591064","0.8454999923706055","1","1","1","1","1","1","0.30879998207092285","0.30879998207092285","0.30879998207092285","0.8740999698638916","0.8740999698638916","0.8740999698638916","1","1","1","1","1","1","0.3628000020980835","0.3628000020980835","0.3628000020980835","0.8766999840736389","0.8766999840736389","0.8766999840736389","1","1","1","1","1","1","0.043800000101327896","0.043800000101327896","0.043800000101327896","1","1","1"
"7789","1","1","1","1","1","1","0.04769999906420708","0.04769999906420708","0.04769999906420708","1","1","1","1","1","1","1","1","1","0.042799998074769974","0.042799998074769974","0.042799998074769974","1","1","1","0.9999499917030334","0.9998999834060669","1","1","1","1","0.39169999957084656","0.3747999966144562","0.40860000252723694","0.6630499958992004","0.649399995803833","0.6766999959945679","1","1","1","1","1","1","0.3418999910354614","0.32919999957084656","0.3545999825000763","0.8400499820709229","0.833899974822998","0.8461999893188477","1","1","1","1","1","1","0.3043999969959259","0.3043999969959259","0.3043999969959259","0.8736000061035156","0.8736000061035156","0.8736000061035156","1","1","1","1","1","1","0.35670000314712524","0.35670000314712524","0.35670000314712524","0.8748999834060669","0.8748999834060669","0.8748999834060669","1","1","1","1","1","1","0.044099997729063034","0.044099997729063034","0.044099997729063034","1","1","1"
"7800","1","1","1","1","1","1","0.04769999906420708","0.04769999906420708","0.04769999906420708","1","1","1","1","1","1","1","1","1","0.042899999767541885","0.042899999767541885","0.042899999767541885","1","1","1","0.9999499917030334","0.9998999834060669","1","1","1","1","0.3885499835014343","0.37959998846054077","0.3974999785423279","0.6602999567985535","0.651699960231781","0.6688999533653259","1","1","1","1","1","1","0.34414999186992645","0.3292999863624573","0.35899999737739563","0.840999960899353","0.8344999551773071","0.8474999666213989","1","1","1","1","1","1","0.30399999022483826","0.30399999022483826","0.30399999022483826","0.8720999956130981","0.8720999956130981","0.8720999956130981","1","1","1","1","1","1","0.35670000314712524","0.35670000314712524","0.35670000314712524","0.875499963760376","0.875499963760376","0.875499963760376","1","1","1","1","1","1","0.043699998408555984","0.043699998408555984","0.043699998408555984","1","1","1"
"7811","1","1","1","1","1","1","0.04829999804496765","0.04829999804496765","0.04829999804496765","1","1","1","1","1","1","1","1","1","0.0429999977350235","0.0429999977350235","0.0429999977350235","1","1","1","0.9999499917030334","0.9998999834060669","1","1","1","1","0.38294999301433563","0.3734000027179718","0.39249998331069946","0.6565499901771545","0.6492999792098999","0.6638000011444092","1","1","1","1","1","1","0.3394499868154526","0.3238999843597412","0.35499998927116394","0.8400999903678894","0.8328999876976013","0.8472999930381775","1","1","1","1","1","1","0.29839998483657837","0.29839998483657837","0.29839998483657837","0.8718000054359436","0.8718000054359436","0.8718000054359436","1","1","1","1","1","1","0.35999998450279236","0.35999998450279236","0.35999998450279236","0.875","0.875","0.875","1","1","1","1","1","1","0.043699998408555984","0.043699998408555984","0.043699998408555984","1","1","1"
"7822","1","1","1","1","1","1","0.04769999906420708","0.04769999906420708","0.04769999906420708","1","1","1","1","1","1","1","1","1","0.04270000010728836","0.04270000010728836","0.04270000010728836","1","1","1","0.9999499917030334","0.9998999834060669","1","1","1","1","0.38634999096393585","0.3779999911785126","0.39469999074935913","0.6583499908447266","0.6506999731063843","0.6660000085830688","1","1","1","1","1","1","0.3414499908685684","0.3224000036716461","0.3604999780654907","0.8401999771595001","0.8330000042915344","0.8473999500274658","1","1","1","1","1","1","0.2987000048160553","0.2987000048160553","0.2987000048160553","0.873199999332428","0.873199999332428","0.873199999332428","1","1","1","1","1","1","0.34919998049736023","0.34919998049736023","0.34919998049736023","0.8723999857902527","0.8723999857902527","0.8723999857902527","1","1","1","1","1","1","0.04399999976158142","0.04399999976158142","0.04399999976158142","1","1","1"
"7833","1","1","1","1","1","1","0.04800000041723251","0.04800000041723251","0.04800000041723251","1","1","1","1","1","1","1","1","1","0.042500000447034836","0.042500000447034836","0.042500000447034836","1","1","1","0.9999499917030334","0.9998999834060669","1","1","1","1","0.3881499916315079","0.3806999921798706","0.39559999108314514","0.6590999662876129","0.6523999571800232","0.6657999753952026","1","1","1","1","1","1","0.3341499865055084","0.32249999046325684","0.34579998254776","0.8381999731063843","0.8319999575614929","0.8443999886512756","1","1","1","1","1","1","0.29809999465942383","0.29809999465942383","0.29809999465942383","0.873199999332428","0.873199999332428","0.873199999332428","1","1","1","1","1","1","0.3604999780654907","0.3604999780654907","0.3604999780654907","0.8744999766349792","0.8744999766349792","0.8744999766349792","1","1","1","1","1","1","0.043800000101327896","0.043800000101327896","0.043800000101327896","1","1","1"
"7844","1","1","1","1","1","1","0.04800000041723251","0.04800000041723251","0.04800000041723251","1","1","1","1","1","1","1","1","1","0.04319999739527702","0.04319999739527702","0.04319999739527702","1","1","1","0.9999499917030334","0.9998999834060669","1","1","1","1","0.38579998910427094","0.38359999656677246","0.3879999816417694","0.6586499810218811","0.6530999541282654","0.6642000079154968","1","1","1","1","1","1","0.3406499922275543","0.33159998059272766","0.349700003862381","0.8389999568462372","0.8337999582290649","0.8441999554634094","1","1","1","1","1","1","0.29260000586509705","0.29260000586509705","0.29260000586509705","0.8726999759674072","0.8726999759674072","0.8726999759674072","1","1","1","1","1","1","0.3630000054836273","0.3630000054836273","0.3630000054836273","0.8757999539375305","0.8757999539375305","0.8757999539375305","1","1","1","1","1","1","0.043699998408555984","0.043699998408555984","0.043699998408555984","1","1","1"
"7855","1","1","1","1","1","1","0.04809999838471413","0.04809999838471413","0.04809999838471413","1","1","1","1","1","1","1","1","1","0.042899999767541885","0.042899999767541885","0.042899999767541885","1","1","1","0.9999499917030334","0.9998999834060669","1","1","1","1","0.3883499801158905","0.3877999782562256","0.3888999819755554","0.6598999798297882","0.6559000015258789","0.6638999581336975","1","1","1","1","1","1","0.3366999924182892","0.3312999904155731","0.34209999442100525","0.8385999798774719","0.8339999914169312","0.8431999683380127","1","1","1","1","1","1","0.2870999872684479","0.2870999872684479","0.2870999872684479","0.8704999685287476","0.8704999685287476","0.8704999685287476","1","1","1","1","1","1","0.35510000586509705","0.35510000586509705","0.35510000586509705","0.8759999871253967","0.8759999871253967","0.8759999871253967","1","1","1","1","1","1","0.043800000101327896","0.043800000101327896","0.043800000101327896","1","1","1"
"7866","1","1","1","1","1","1","0.04779999703168869","0.04779999703168869","0.04779999703168869","1","1","1","1","1","1","1","1","1","0.04270000010728836","0.04270000010728836","0.04270000010728836","1","1","1","0.9999499917030334","0.9998999834060669","1","1","1","1","0.3928999900817871","0.3917999863624573","0.39399999380111694","0.6618500053882599","0.6577000021934509","0.6660000085830688","1","1","1","1","1","1","0.3328999876976013","0.32749998569488525","0.3382999897003174","0.8372999727725983","0.8324999809265137","0.8420999646186829","1","1","1","1","1","1","0.2888000011444092","0.2888000011444092","0.2888000011444092","0.8715999722480774","0.8715999722480774","0.8715999722480774","1","1","1","1","1","1","0.3617999851703644","0.3617999851703644","0.3617999851703644","0.8754000067710876","0.8754000067710876","0.8754000067710876","1","1","1","1","1","1","0.043699998408555984","0.043699998408555984","0.043699998408555984","1","1","1"
"7877","1","1","1","1","1","1","0.04800000041723251","0.04800000041723251","0.04800000041723251","1","1","1","1","1","1","1","1","1","0.04270000010728836","0.04270000010728836","0.04270000010728836","1","1","1","0.9999499917030334","0.9998999834060669","1","1","1","1","0.3974999934434891","0.39399999380111694","0.4009999930858612","0.6623499989509583","0.6577000021934509","0.6669999957084656","0.9999499917030334","0.9998999834060669","1","1","1","1","0.3333999961614609","0.3285999894142151","0.33820000290870667","0.8370499908924103","0.8330000042915344","0.8410999774932861","1","1","1","1","1","1","0.2906999886035919","0.2906999886035919","0.2906999886035919","0.8718999624252319","0.8718999624252319","0.8718999624252319","1","1","1","1","1","1","0.3646000027656555","0.3646000027656555","0.3646000027656555","0.8772000074386597","0.8772000074386597","0.8772000074386597","1","1","1","1","1","1","0.04360000044107437","0.04360000044107437","0.04360000044107437","1","1","1"
"7888","1","1","1","1","1","1","0.04779999703168869","0.04779999703168869","0.04779999703168869","1","1","1","1","1","1","1","1","1","0.042399998754262924","0.042399998754262924","0.042399998754262924","1","1","1","0.9999499917030334","0.9998999834060669","1","1","1","1","0.3944000005722046","0.39239999651908875","0.39640000462532043","0.6600499749183655","0.6568999886512756","0.6631999611854553","1","1","1","1","1","1","0.33675000071525574","0.3264999985694885","0.34700000286102295","0.838949978351593","0.8339999914169312","0.8438999652862549","1","1","1","1","1","1","0.2921999990940094","0.2921999990940094","0.2921999990940094","0.8722999691963196","0.8722999691963196","0.8722999691963196","1","1","1","1","1","1","0.36409997940063477","0.36409997940063477","0.36409997940063477","0.8747999668121338","0.8747999668121338","0.8747999668121338","1","1","1","1","1","1","0.04360000044107437","0.04360000044107437","0.04360000044107437","1","1","1"
"7899","1","1","1","1","1","1","0.04800000041723251","0.04800000041723251","0.04800000041723251","1","1","1","1","1","1","1","1","1","0.0421999990940094","0.0421999990940094","0.0421999990940094","1","1","1","0.9999499917030334","0.9998999834060669","1","1","1","1","0.38624998927116394","0.38449999690055847","0.3879999816417694","0.6574499905109406","0.6557999849319458","0.6590999960899353","1","1","1","1","1","1","0.3380499929189682","0.3303000032901764","0.34579998254776","0.839199960231781","0.8344999551773071","0.8438999652862549","1","1","1","1","1","1","0.2945999801158905","0.2945999801158905","0.2945999801158905","0.8716999888420105","0.8716999888420105","0.8716999888420105","1","1","1","1","1","1","0.36559998989105225","0.36559998989105225","0.36559998989105225","0.8755999803543091","0.8755999803543091","0.8755999803543091","1","1","1","1","1","1","0.04360000044107437","0.04360000044107437","0.04360000044107437","1","1","1"
"7910","1","1","1","1","1","1","0.04779999703168869","0.04779999703168869","0.04779999703168869","1","1","1","1","1","1","1","1","1","0.042899999767541885","0.042899999767541885","0.042899999767541885","1","1","1","1","1","1","1","1","1","0.39135000109672546","0.3847000002861023","0.39800000190734863","0.6616499722003937","0.655299961566925","0.6679999828338623","1","1","1","1","1","1","0.33489999175071716","0.3240000009536743","0.34579998254776","0.8381499648094177","0.8327999711036682","0.8434999585151672","1","1","1","1","1","1","0.2954999804496765","0.2954999804496765","0.2954999804496765","0.8718000054359436","0.8718000054359436","0.8718000054359436","1","1","1","1","1","1","0.3662000000476837","0.3662000000476837","0.3662000000476837","0.8759999871253967","0.8759999871253967","0.8759999871253967","1","1","1","1","1","1","0.04360000044107437","0.04360000044107437","0.04360000044107437","1","1","1"
"7921","1","1","1","1","1","1","0.0478999987244606","0.0478999987244606","0.0478999987244606","1","1","1","1","1","1","1","1","1","0.042899999767541885","0.042899999767541885","0.042899999767541885","1","1","1","0.9999499917030334","0.9998999834060669","1","1","1","1","0.39469999074935913","0.3946000039577484","0.39479997754096985","0.6629499793052673","0.6604999899864197","0.665399968624115","1","1","1","1","1","1","0.3382999897003174","0.3245999813079834","0.35199999809265137","0.8395999670028687","0.8341999650001526","0.8449999690055847","1","1","1","1","1","1","0.2938999831676483","0.2938999831676483","0.2938999831676483","0.8704999685287476","0.8704999685287476","0.8704999685287476","1","1","1","1","1","1","0.3666999936103821","0.3666999936103821","0.3666999936103821","0.8766999840736389","0.8766999840736389","0.8766999840736389","1","1","1","1","1","1","0.04360000044107437","0.04360000044107437","0.04360000044107437","1","1","1"
"7932","1","1","1","1","1","1","0.04829999804496765","0.04829999804496765","0.04829999804496765","1","1","1","1","1","1","1","1","1","0.0429999977350235","0.0429999977350235","0.0429999977350235","1","1","1","0.9999499917030334","0.9998999834060669","1","1","1","1","0.390299990773201","0.38830000162124634","0.39229997992515564","0.6601999700069427","0.6559999585151672","0.6643999814987183","1","1","1","1","1","1","0.3408000022172928","0.32739999890327454","0.35420000553131104","0.8404499590396881","0.8351999521255493","0.8456999659538269","1","1","1","1","1","1","0.2903999984264374","0.2903999984264374","0.2903999984264374","0.8702999949455261","0.8702999949455261","0.8702999949455261","1","1","1","1","1","1","0.3621000051498413","0.3621000051498413","0.3621000051498413","0.8761000037193298","0.8761000037193298","0.8761000037193298","1","1","1","1","1","1","0.04360000044107437","0.04360000044107437","0.04360000044107437","1","1","1"
"7943","1","1","1","1","1","1","0.04779999703168869","0.04779999703168869","0.04779999703168869","1","1","1","1","1","1","1","1","1","0.04270000010728836","0.04270000010728836","0.04270000010728836","1","1","1","0.9999499917030334","0.9998999834060669","1","1","1","1","0.39249998331069946","0.3904999792575836","0.3944999873638153","0.6617000102996826","0.6592000126838684","0.6642000079154968","1","1","1","1","1","1","0.3420500010251999","0.3287000060081482","0.3553999960422516","0.8399999737739563","0.8339999914169312","0.8459999561309814","1","1","1","1","1","1","0.2906999886035919","0.2906999886035919","0.2906999886035919","0.8707000017166138","0.8707000017166138","0.8707000017166138","1","1","1","1","1","1","0.3637999892234802","0.3637999892234802","0.3637999892234802","0.8758999705314636","0.8758999705314636","0.8758999705314636","1","1","1","1","1","1","0.04360000044107437","0.04360000044107437","0.04360000044107437","1","1","1"
"7954","1","1","1","1","1","1","0.04809999838471413","0.04809999838471413","0.04809999838471413","1","1","1","1","1","1","1","1","1","0.042899999767541885","0.042899999767541885","0.042899999767541885","1","1","1","0.9999499917030334","0.9998999834060669","1","1","1","1","0.39389999210834503","0.39319998025894165","0.3946000039577484","0.6634499728679657","0.661899983882904","0.6649999618530273","1","1","1","1","1","1","0.3402499854564667","0.3287999927997589","0.35169997811317444","0.840149998664856","0.8348000049591064","0.8454999923706055","1","1","1","1","1","1","0.295199990272522","0.295199990272522","0.295199990272522","0.8726999759674072","0.8726999759674072","0.8726999759674072","1","1","1","1","1","1","0.3667999804019928","0.3667999804019928","0.3667999804019928","0.8763999938964844","0.8763999938964844","0.8763999938964844","1","1","1","1","1","1","0.04399999976158142","0.04399999976158142","0.04399999976158142","1","1","1"
"7965","1","1","1","1","1","1","0.04839999973773956","0.04839999973773956","0.04839999973773956","1","1","1","1","1","1","1","1","1","0.0429999977350235","0.0429999977350235","0.0429999977350235","1","1","1","0.9999499917030334","0.9998999834060669","1","1","1","1","0.39159998297691345","0.3845999836921692","0.3985999822616577","0.6622499823570251","0.6602999567985535","0.6642000079154968","1","1","1","1","1","1","0.33329999446868896","0.3215999901294708","0.3449999988079071","0.8372999727725983","0.8321999907493591","0.8423999547958374","1","1","1","1","1","1","0.29109999537467957","0.29109999537467957","0.29109999537467957","0.8702999949455261","0.8702999949455261","0.8702999949455261","1","1","1","1","1","1","0.3723999857902527","0.3723999857902527","0.3723999857902527","0.8774999976158142","0.8774999976158142","0.8774999976158142","1","1","1","1","1","1","0.04399999976158142","0.04399999976158142","0.04399999976158142","1","1","1"
"7976","1","1","1","1","1","1","0.04829999804496765","0.04829999804496765","0.04829999804496765","1","1","1","1","1","1","1","1","1","0.04259999841451645","0.04259999841451645","0.04259999841451645","1","1","1","1","1","1","1","1","1","0.39274999499320984","0.3896999955177307","0.39579999446868896","0.6631999611854553","0.6624999642372131","0.6638999581336975","1","1","1","1","1","1","0.3343999981880188","0.3222000002861023","0.3465999960899353","0.8376999795436859","0.8321999907493591","0.8431999683380127","1","1","1","1","1","1","0.28939998149871826","0.28939998149871826","0.28939998149871826","0.8705999851226807","0.8705999851226807","0.8705999851226807","1","1","1","1","1","1","0.3642999827861786","0.3642999827861786","0.3642999827861786","0.8752999901771545","0.8752999901771545","0.8752999901771545","1","1","1","1","1","1","0.04399999976158142","0.04399999976158142","0.04399999976158142","1","1","1"
"7987","1","1","1","1","1","1","0.04800000041723251","0.04800000041723251","0.04800000041723251","1","1","1","1","1","1","1","1","1","0.04270000010728836","0.04270000010728836","0.04270000010728836","1","1","1","1","1","1","1","1","1","0.3848000019788742","0.3831000030040741","0.3865000009536743","0.6598999798297882","0.6575999855995178","0.6621999740600586","1","1","1","1","1","1","0.3366499990224838","0.3296999931335449","0.34360000491142273","0.8395499885082245","0.8341000080108643","0.8449999690055847","1","1","1","1","1","1","0.29670000076293945","0.29670000076293945","0.29670000076293945","0.8714999556541443","0.8714999556541443","0.8714999556541443","1","1","1","1","1","1","0.37039998173713684","0.37039998173713684","0.37039998173713684","0.876800000667572","0.876800000667572","0.876800000667572","1","1","1","1","1","1","0.04360000044107437","0.04360000044107437","0.04360000044107437","1","1","1"
"7998","1","1","1","1","1","1","0.04800000041723251","0.04800000041723251","0.04800000041723251","1","1","1","1","1","1","1","1","1","0.04270000010728836","0.04270000010728836","0.04270000010728836","1","1","1","0.9999499917030334","0.9998999834060669","1","1","1","1","0.3948500007390976","0.3946000039577484","0.3950999975204468","0.6634999811649323","0.6622999906539917","0.6646999716758728","1","1","1","1","1","1","0.3376999944448471","0.3253999948501587","0.3499999940395355","0.8393499553203583","0.8333999514579773","0.8452999591827393","1","1","1","1","1","1","0.2971999943256378","0.2971999943256378","0.2971999943256378","0.8720999956130981","0.8720999956130981","0.8720999956130981","1","1","1","1","1","1","0.3667999804019928","0.3667999804019928","0.3667999804019928","0.8758999705314636","0.8758999705314636","0.8758999705314636","1","1","1","1","1","1","0.04360000044107437","0.04360000044107437","0.04360000044107437","1","1","1"
"8009","1","1","1","1","1","1","0.04809999838471413","0.04809999838471413","0.04809999838471413","1","1","1","1","1","1","1","1","1","0.042899999767541885","0.042899999767541885","0.042899999767541885","1","1","1","0.9999499917030334","0.9998999834060669","1","1","1","1","0.390299990773201","0.3896999955177307","0.39089998602867126","0.6603999733924866","0.6586999893188477","0.6620999574661255","0.9999499917030334","0.9998999834060669","1","1","1","1","0.3361999839544296","0.32589998841285706","0.3464999794960022","0.8393999636173248","0.8345999717712402","0.8441999554634094","1","1","1","1","1","1","0.2895999848842621","0.2895999848842621","0.2895999848842621","0.8696999549865723","0.8696999549865723","0.8696999549865723","1","1","1","1","1","1","0.3652999997138977","0.3652999997138977","0.3652999997138977","0.8756999969482422","0.8756999969482422","0.8756999969482422","1","1","1","1","1","1","0.04399999976158142","0.04399999976158142","0.04399999976158142","1","1","1"
"8020","1","1","1","1","1","1","0.04820000007748604","0.04820000007748604","0.04820000007748604","1","1","1","1","1","1","1","1","1","0.042799998074769974","0.042799998074769974","0.042799998074769974","1","1","1","0.9999499917030334","0.9998999834060669","1","1","1","1","0.39274999499320984","0.39100000262260437","0.3944999873638153","0.6628499925136566","0.6626999974250793","0.6629999876022339","1","1","1","1","1","1","0.3356499969959259","0.33309999108314514","0.33820000290870667","0.8390499651432037","0.8362999558448792","0.8417999744415283","1","1","1","1","1","1","0.2944999933242798","0.2944999933242798","0.2944999933242798","0.8716999888420105","0.8716999888420105","0.8716999888420105","1","1","1","1","1","1","0.36139997839927673","0.36139997839927673","0.36139997839927673","0.8741999864578247","0.8741999864578247","0.8741999864578247","1","1","1","1","1","1","0.043699998408555984","0.043699998408555984","0.043699998408555984","1","1","1"
"8031","1","1","1","1","1","1","0.04820000007748604","0.04820000007748604","0.04820000007748604","1","1","1","1","1","1","1","1","1","0.042799998074769974","0.042799998074769974","0.042799998074769974","1","1","1","0.9999499917030334","0.9998999834060669","1","1","1","1","0.38544999063014984","0.37860000133514404","0.39229997992515564","0.6598499715328217","0.6575999855995178","0.6620999574661255","1","1","1","1","1","1","0.335549995303154","0.33079999685287476","0.3402999937534332","0.8386999666690826","0.8359999656677246","0.8413999676704407","1","1","1","1","1","1","0.30149999260902405","0.30149999260902405","0.30149999260902405","0.8723999857902527","0.8723999857902527","0.8723999857902527","1","1","1","1","1","1","0.3671000003814697","0.3671000003814697","0.3671000003814697","0.8759999871253967","0.8759999871253967","0.8759999871253967","1","1","1","1","1","1","0.044199999421834946","0.044199999421834946","0.044199999421834946","1","1","1"
"8042","1","1","1","1","1","1","0.04820000007748604","0.04820000007748604","0.04820000007748604","1","1","1","1","1","1","1","1","1","0.042899999767541885","0.042899999767541885","0.042899999767541885","1","1","1","0.9999499917030334","0.9998999834060669","1","1","1","1","0.38884998857975006","0.3880999982357025","0.3895999789237976","0.6610499918460846","0.6603999733924866","0.6617000102996826","1","1","1","1","1","1","0.341949999332428","0.33660000562667847","0.3472999930381775","0.8401999771595001","0.8376999497413635","0.8427000045776367","1","1","1","1","1","1","0.3000999987125397","0.3000999987125397","0.3000999987125397","0.8729999661445618","0.8729999661445618","0.8729999661445618","1","1","1","1","1","1","0.3675999939441681","0.3675999939441681","0.3675999939441681","0.8757999539375305","0.8757999539375305","0.8757999539375305","1","1","1","1","1","1","0.043699998408555984","0.043699998408555984","0.043699998408555984","1","1","1"
"8053","1","1","1","1","1","1","0.04820000007748604","0.04820000007748604","0.04820000007748604","1","1","1","1","1","1","1","1","1","0.042500000447034836","0.042500000447034836","0.042500000447034836","1","1","1","0.9999499917030334","0.9998999834060669","1","1","1","1","0.3864999860525131","0.3831999897956848","0.38979998230934143","0.659449964761734","0.6585999727249146","0.6602999567985535","1","1","1","1","1","1","0.3414499908685684","0.3310999870300293","0.35179999470710754","0.840149998664856","0.8359000086784363","0.8443999886512756","1","1","1","1","1","1","0.3018999993801117","0.3018999993801117","0.3018999993801117","0.8725999593734741","0.8725999593734741","0.8725999593734741","1","1","1","1","1","1","0.3612000048160553","0.3612000048160553","0.3612000048160553","0.875","0.875","0.875","1","1","1","1","1","1","0.044099997729063034","0.044099997729063034","0.044099997729063034","1","1","1"
"8064","1","1","1","1","1","1","0.04820000007748604","0.04820000007748604","0.04820000007748604","1","1","1","1","1","1","1","1","1","0.0429999977350235","0.0429999977350235","0.0429999977350235","1","1","1","1","1","1","1","1","1","0.38919998705387115","0.38179999589920044","0.39659997820854187","0.6611999869346619","0.6606000065803528","0.661799967288971","1","1","1","1","1","1","0.33869998157024384","0.32819998264312744","0.34919998049736023","0.8392999768257141","0.835599958896637","0.8429999947547913","1","1","1","1","1","1","0.2987000048160553","0.2987000048160553","0.2987000048160553","0.8720999956130981","0.8720999956130981","0.8720999956130981","1","1","1","1","1","1","0.3603000044822693","0.3603000044822693","0.3603000044822693","0.8743000030517578","0.8743000030517578","0.8743000030517578","1","1","1","1","1","1","0.04389999806880951","0.04389999806880951","0.04389999806880951","1","1","1"
"8075","1","1","1","1","1","1","0.04800000041723251","0.04800000041723251","0.04800000041723251","1","1","1","1","1","1","1","1","1","0.0429999977350235","0.0429999977350235","0.0429999977350235","1","1","1","0.9999499917030334","0.9998999834060669","1","1","1","1","0.38724999129772186","0.38109999895095825","0.3933999836444855","0.6601999700069427","0.6589999794960022","0.6613999605178833","1","1","1","1","1","1","0.3358999937772751","0.3244999945163727","0.3472999930381775","0.8387499749660492","0.8348999619483948","0.8425999879837036","1","1","1","1","1","1","0.29189997911453247","0.29189997911453247","0.29189997911453247","0.8714999556541443","0.8714999556541443","0.8714999556541443","1","1","1","1","1","1","0.36809998750686646","0.36809998750686646","0.36809998750686646","0.8764999508857727","0.8764999508857727","0.8764999508857727","1","1","1","1","1","1","0.04389999806880951","0.04389999806880951","0.04389999806880951","1","1","1"
"8086","1","1","1","1","1","1","0.04809999838471413","0.04809999838471413","0.04809999838471413","1","1","1","1","1","1","1","1","1","0.042399998754262924","0.042399998754262924","0.042399998754262924","1","1","1","0.9999499917030334","0.9998999834060669","1","1","1","1","0.38929998874664307","0.3806999921798706","0.3978999853134155","0.6622999906539917","0.6599000096321106","0.6646999716758728","1","1","1","1","1","1","0.3390999883413315","0.3270999789237976","0.35109999775886536","0.83924999833107","0.8337000012397766","0.8447999954223633","1","1","1","1","1","1","0.30140000581741333","0.30140000581741333","0.30140000581741333","0.8721999526023865","0.8721999526023865","0.8721999526023865","1","1","1","1","1","1","0.37139999866485596","0.37139999866485596","0.37139999866485596","0.8769999742507935","0.8769999742507935","0.8769999742507935","1","1","1","1","1","1","0.04399999976158142","0.04399999976158142","0.04399999976158142","1","1","1"
"8097","1","1","1","1","1","1","0.0478999987244606","0.0478999987244606","0.0478999987244606","1","1","1","1","1","1","1","1","1","0.042899999767541885","0.042899999767541885","0.042899999767541885","1","1","1","0.9999499917030334","0.9998999834060669","1","1","1","1","0.3848999887704849","0.382099986076355","0.38769999146461487","0.6599499881267548","0.6592999696731567","0.6606000065803528","1","1","1","1","1","1","0.3410999923944473","0.3294000029563904","0.3527999818325043","0.8396999835968018","0.835099995136261","0.8442999720573425","1","1","1","1","1","1","0.29510000348091125","0.29510000348091125","0.29510000348091125","0.8720999956130981","0.8720999956130981","0.8720999956130981","1","1","1","1","1","1","0.3686999976634979","0.3686999976634979","0.3686999976634979","0.8762999773025513","0.8762999773025513","0.8762999773025513","1","1","1","1","1","1","0.04399999976158142","0.04399999976158142","0.04399999976158142","1","1","1"
"8108","1","1","1","1","1","1","0.048499997705221176","0.048499997705221176","0.048499997705221176","1","1","1","1","1","1","1","1","1","0.0429999977350235","0.0429999977350235","0.0429999977350235","1","1","1","0.9999499917030334","0.9998999834060669","1","1","1","1","0.38704998791217804","0.38519999384880066","0.3888999819755554","0.6601999700069427","0.6585999727249146","0.661799967288971","1","1","1","1","1","1","0.3344999998807907","0.3264999985694885","0.3425000011920929","0.838949978351593","0.8346999883651733","0.8431999683380127","1","1","1","1","1","1","0.2978000044822693","0.2978000044822693","0.2978000044822693","0.8729999661445618","0.8729999661445618","0.8729999661445618","1","1","1","1","1","1","0.3633999824523926","0.3633999824523926","0.3633999824523926","0.8756999969482422","0.8756999969482422","0.8756999969482422","1","1","1","1","1","1","0.043699998408555984","0.043699998408555984","0.043699998408555984","1","1","1"
"8119","1","1","1","1","1","1","0.0478999987244606","0.0478999987244606","0.0478999987244606","1","1","1","1","1","1","1","1","1","0.04270000010728836","0.04270000010728836","0.04270000010728836","1","1","1","0.9999499917030334","0.9998999834060669","1","1","1","1","0.3913999944925308","0.39079999923706055","0.3919999897480011","0.6616999804973602","0.6613999605178833","0.6620000004768372","1","1","1","1","1","1","0.3380499929189682","0.33640000224113464","0.33969998359680176","0.838949978351593","0.8363999724388123","0.8414999842643738","1","1","1","1","1","1","0.29789999127388","0.29789999127388","0.29789999127388","0.873199999332428","0.873199999332428","0.873199999332428","1","1","1","1","1","1","0.35999998450279236","0.35999998450279236","0.35999998450279236","0.8755999803543091","0.8755999803543091","0.8755999803543091","1","1","1","1","1","1","0.04389999806880951","0.04389999806880951","0.04389999806880951","1","1","1"
"8130","1","1","1","1","1","1","0.04809999838471413","0.04809999838471413","0.04809999838471413","1","1","1","1","1","1","1","1","1","0.042399998754262924","0.042399998754262924","0.042399998754262924","1","1","1","0.9999499917030334","0.9998999834060669","1","1","1","1","0.3866499960422516","0.38609999418258667","0.3871999979019165","0.6585999727249146","0.6577999591827393","0.6593999862670898","1","1","1","1","1","1","0.3422999829053879","0.3349999785423279","0.3495999872684479","0.8405499756336212","0.8360999822616577","0.8449999690055847","1","1","1","1","1","1","0.2955999970436096","0.2955999970436096","0.2955999970436096","0.8723999857902527","0.8723999857902527","0.8723999857902527","1","1","1","1","1","1","0.3538999855518341","0.3538999855518341","0.3538999855518341","0.8741999864578247","0.8741999864578247","0.8741999864578247","1","1","1","1","1","1","0.043800000101327896","0.043800000101327896","0.043800000101327896","1","1","1"
"8141","1","1","1","1","1","1","0.04779999703168869","0.04779999703168869","0.04779999703168869","1","1","1","1","1","1","1","1","1","0.0429999977350235","0.0429999977350235","0.0429999977350235","1","1","1","0.9999499917030334","0.9998999834060669","1","1","1","1","0.38419999182224274","0.3782999813556671","0.39010000228881836","0.6577000021934509","0.6572999954223633","0.6581000089645386","1","1","1","1","1","1","0.3442999869585037","0.34299999475479126","0.3455999791622162","0.8407000005245209","0.8391000032424927","0.8422999978065491","1","1","1","1","1","1","0.30219998955726624","0.30219998955726624","0.30219998955726624","0.873699963092804","0.873699963092804","0.873699963092804","1","1","1","1","1","1","0.3553999960422516","0.3553999960422516","0.3553999960422516","0.8736000061035156","0.8736000061035156","0.8736000061035156","1","1","1","1","1","1","0.04360000044107437","0.04360000044107437","0.04360000044107437","1","1","1"
"8152","1","1","1","1","1","1","0.04809999838471413","0.04809999838471413","0.04809999838471413","1","1","1","1","1","1","1","1","1","0.042899999767541885","0.042899999767541885","0.042899999767541885","1","1","1","0.9999499917030334","0.9998999834060669","1","1","1","1","0.3875499814748764","0.3814999759197235","0.3935999870300293","0.6580999791622162","0.6557999849319458","0.6603999733924866","1","1","1","1","1","1","0.34324999153614044","0.3416000008583069","0.344899982213974","0.8411499857902527","0.8392999768257141","0.8429999947547913","1","1","1","1","1","1","0.2979999780654907","0.2979999780654907","0.2979999780654907","0.8729999661445618","0.8729999661445618","0.8729999661445618","1","1","1","1","1","1","0.35499998927116394","0.35499998927116394","0.35499998927116394","0.8756999969482422","0.8756999969482422","0.8756999969482422","1","1","1","1","1","1","0.044099997729063034","0.044099997729063034","0.044099997729063034","1","1","1"
"8163","1","1","1","1","1","1","0.0478999987244606","0.0478999987244606","0.0478999987244606","1","1","1","1","1","1","1","1","1","0.04270000010728836","0.04270000010728836","0.04270000010728836","1","1","1","0.9999499917030334","0.9998999834060669","1","1","1","1","0.3937999904155731","0.38609999418258667","0.40149998664855957","0.6634499728679657","0.6609999537467957","0.6658999919891357","1","1","1","1","1","1","0.34154999256134033","0.3330000042915344","0.35009998083114624","0.839849978685379","0.8342999815940857","0.8453999757766724","1","1","1","1","1","1","0.2930999994277954","0.2930999994277954","0.2930999994277954","0.8718999624252319","0.8718999624252319","0.8718999624252319","1","1","1","1","1","1","0.351500004529953","0.351500004529953","0.351500004529953","0.8746999502182007","0.8746999502182007","0.8746999502182007","1","1","1","1","1","1","0.04389999806880951","0.04389999806880951","0.04389999806880951","1","1","1"
"8174","1","1","1","1","1","1","0.04800000041723251","0.04800000041723251","0.04800000041723251","1","1","1","1","1","1","1","1","1","0.04270000010728836","0.04270000010728836","0.04270000010728836","1","1","1","0.9999499917030334","0.9998999834060669","1","1","1","1","0.3848999887704849","0.3757999837398529","0.39399999380111694","0.6580999791622162","0.6556999683380127","0.6604999899864197","1","1","1","1","1","1","0.3450999855995178","0.33899998664855957","0.3511999845504761","0.8410499691963196","0.8369999527931213","0.8450999855995178","1","1","1","1","1","1","0.29009997844696045","0.29009997844696045","0.29009997844696045","0.8712999820709229","0.8712999820709229","0.8712999820709229","1","1","1","1","1","1","0.35189998149871826","0.35189998149871826","0.35189998149871826","0.8744999766349792","0.8744999766349792","0.8744999766349792","1","1","1","1","1","1","0.04389999806880951","0.04389999806880951","0.04389999806880951","1","1","1"
"8185","1","1","1","1","1","1","0.04839999973773956","0.04839999973773956","0.04839999973773956","1","1","1","1","1","1","1","1","1","0.042799998074769974","0.042799998074769974","0.042799998074769974","1","1","1","0.9999499917030334","0.9998999834060669","1","1","1","1","0.3857499808073044","0.382099986076355","0.3893999755382538","0.6570499837398529","0.6568999886512756","0.6571999788284302","1","1","1","1","1","1","0.3459499925374985","0.34450000524520874","0.3473999798297882","0.8415999710559845","0.8378999829292297","0.8452999591827393","1","1","1","1","1","1","0.2994999885559082","0.2994999885559082","0.2994999885559082","0.8722999691963196","0.8722999691963196","0.8722999691963196","1","1","1","1","1","1","0.35740000009536743","0.35740000009536743","0.35740000009536743","0.8758999705314636","0.8758999705314636","0.8758999705314636","1","1","1","1","1","1","0.043699998408555984","0.043699998408555984","0.043699998408555984","1","1","1"
"8196","1","1","1","1","1","1","0.04809999838471413","0.04809999838471413","0.04809999838471413","1","1","1","1","1","1","1","1","1","0.042799998074769974","0.042799998074769974","0.042799998074769974","1","1","1","1","1","1","1","1","1","0.38509999215602875","0.37880000472068787","0.39139997959136963","0.6583999991416931","0.6574000120162964","0.6593999862670898","1","1","1","1","1","1","0.3439999967813492","0.335999995470047","0.35199999809265137","0.8402999937534332","0.8353999853134155","0.8452000021934509","1","1","1","1","1","1","0.2978000044822693","0.2978000044822693","0.2978000044822693","0.8736000061035156","0.8736000061035156","0.8736000061035156","1","1","1","1","1","1","0.3471999764442444","0.3471999764442444","0.3471999764442444","0.8744999766349792","0.8744999766349792","0.8744999766349792","1","1","1","1","1","1","0.043699998408555984","0.043699998408555984","0.043699998408555984","1","1","1"
"8207","1","1","1","1","1","1","0.0478999987244606","0.0478999987244606","0.0478999987244606","1","1","1","1","1","1","1","1","1","0.042799998074769974","0.042799998074769974","0.042799998074769974","1","1","1","0.9999499917030334","0.9998999834060669","1","1","1","1","0.3806999772787094","0.37449997663497925","0.3868999779224396","0.6566999852657318","0.6557999849319458","0.6575999855995178","1","1","1","1","1","1","0.35144998133182526","0.34219998121261597","0.36069998145103455","0.8432999849319458","0.8393999934196472","0.8471999764442444","1","1","1","1","1","1","0.2971999943256378","0.2971999943256378","0.2971999943256378","0.8730999827384949","0.8730999827384949","0.8730999827384949","1","1","1","1","1","1","0.34759998321533203","0.34759998321533203","0.34759998321533203","0.8733999729156494","0.8733999729156494","0.8733999729156494","1","1","1","1","1","1","0.044099997729063034","0.044099997729063034","0.044099997729063034","1","1","1"
"8218","1","1","1","1","1","1","0.0478999987244606","0.0478999987244606","0.0478999987244606","1","1","1","1","1","1","1","1","1","0.04259999841451645","0.04259999841451645","0.04259999841451645","1","1","1","0.9999499917030334","0.9998999834060669","1","1","1","1","0.38614998757839203","0.38109999895095825","0.3911999762058258","0.6590499877929688","0.6588999629020691","0.6592000126838684","1","1","1","1","1","1","0.3498999923467636","0.3423999845981598","0.35740000009536743","0.842199981212616","0.8385999798774719","0.84579998254776","1","1","1","1","1","1","0.30550000071525574","0.30550000071525574","0.30550000071525574","0.8737999796867371","0.8737999796867371","0.8737999796867371","1","1","1","1","1","1","0.35349997878074646","0.35349997878074646","0.35349997878074646","0.8743000030517578","0.8743000030517578","0.8743000030517578","1","1","1","1","1","1","0.043800000101327896","0.043800000101327896","0.043800000101327896","1","1","1"
"8229","1","1","1","1","1","1","0.04800000041723251","0.04800000041723251","0.04800000041723251","1","1","1","1","1","1","1","1","1","0.04270000010728836","0.04270000010728836","0.04270000010728836","1","1","1","1","1","1","1","1","1","0.3835499882698059","0.38099998235702515","0.38609999418258667","0.6572499871253967","0.6527999639511108","0.6617000102996826","1","1","1","1","1","1","0.35009998083114624","0.33969998359680176","0.3604999780654907","0.8425999879837036","0.8381999731063843","0.847000002861023","1","1","1","1","1","1","0.30789998173713684","0.30789998173713684","0.30789998173713684","0.8736000061035156","0.8736000061035156","0.8736000061035156","1","1","1","1","1","1","0.3480999767780304","0.3480999767780304","0.3480999767780304","0.8730999827384949","0.8730999827384949","0.8730999827384949","1","1","1","1","1","1","0.04399999976158142","0.04399999976158142","0.04399999976158142","1","1","1"
"8240","1","1","1","1","1","1","0.04829999804496765","0.04829999804496765","0.04829999804496765","1","1","1","1","1","1","1","1","1","0.04259999841451645","0.04259999841451645","0.04259999841451645","1","1","1","0.9999499917030334","0.9998999834060669","1","1","1","1","0.3865499943494797","0.383899986743927","0.38920000195503235","0.6593499779701233","0.6538999676704407","0.6647999882698059","1","1","1","1","1","1","0.3568999916315079","0.3540000021457672","0.35979998111724854","0.8446999788284302","0.8424999713897705","0.8468999862670898","1","1","1","1","1","1","0.3100000023841858","0.3100000023841858","0.3100000023841858","0.8741999864578247","0.8741999864578247","0.8741999864578247","1","1","1","1","1","1","0.3497999906539917","0.3497999906539917","0.3497999906539917","0.8725000023841858","0.8725000023841858","0.8725000023841858","1","1","1","1","1","1","0.04389999806880951","0.04389999806880951","0.04389999806880951","1","1","1"
"8251","1","1","1","1","1","1","0.04809999838471413","0.04809999838471413","0.04809999838471413","1","1","1","1","1","1","1","1","1","0.04259999841451645","0.04259999841451645","0.04259999841451645","1","1","1","0.9999499917030334","0.9998999834060669","1","1","1","1","0.3885499984025955","0.3869999945163727","0.39010000228881836","0.6615000069141388","0.6574000120162964","0.6656000018119812","1","1","1","1","1","1","0.3557499796152115","0.343999981880188","0.367499977350235","0.8444499671459198","0.8387999534606934","0.8500999808311462","1","1","1","1","1","1","0.3091000020503998","0.3091000020503998","0.3091000020503998","0.8737999796867371","0.8737999796867371","0.8737999796867371","1","1","1","1","1","1","0.3604999780654907","0.3604999780654907","0.3604999780654907","0.8743999600410461","0.8743999600410461","0.8743999600410461","1","1","1","1","1","1","0.04349999874830246","0.04349999874830246","0.04349999874830246","1","1","1"
"8262","1","1","1","1","1","1","0.04809999838471413","0.04809999838471413","0.04809999838471413","1","1","1","1","1","1","1","1","1","0.04259999841451645","0.04259999841451645","0.04259999841451645","1","1","1","0.9999499917030334","0.9998999834060669","1","1","1","1","0.38830000162124634","0.3874000012874603","0.38920000195503235","0.6619499921798706","0.6579999923706055","0.6658999919891357","1","1","1","1","1","1","0.3504999876022339","0.3499999940395355","0.35099998116493225","0.8444499969482422","0.8416000008583069","0.8472999930381775","1","1","1","1","1","1","0.3111000061035156","0.3111000061035156","0.3111000061035156","0.8745999932289124","0.8745999932289124","0.8745999932289124","1","1","1","1","1","1","0.36479997634887695","0.36479997634887695","0.36479997634887695","0.8750999569892883","0.8750999569892883","0.8750999569892883","1","1","1","1","1","1","0.04360000044107437","0.04360000044107437","0.04360000044107437","1","1","1"
"8273","1","1","1","1","1","1","0.04769999906420708","0.04769999906420708","0.04769999906420708","1","1","1","1","1","1","1","1","1","0.042799998074769974","0.042799998074769974","0.042799998074769974","1","1","1","0.9999499917030334","0.9998999834060669","1","1","1","1","0.39159998297691345","0.39139997959136963","0.3917999863624573","0.6627999842166901","0.6588999629020691","0.666700005531311","1","1","1","1","1","1","0.3545999825000763","0.3527999818325043","0.3563999831676483","0.8448999524116516","0.8423999547958374","0.8473999500274658","1","1","1","1","1","1","0.306799978017807","0.306799978017807","0.306799978017807","0.8739999532699585","0.8739999532699585","0.8739999532699585","1","1","1","1","1","1","0.36719998717308044","0.36719998717308044","0.36719998717308044","0.8758999705314636","0.8758999705314636","0.8758999705314636","1","1","1","1","1","1","0.043699998408555984","0.043699998408555984","0.043699998408555984","1","1","1"
"8284","1","1","1","1","1","1","0.04749999940395355","0.04749999940395355","0.04749999940395355","1","1","1","1","1","1","1","1","1","0.04309999942779541","0.04309999942779541","0.04309999942779541","1","1","1","0.9999499917030334","0.9998999834060669","1","1","1","1","0.38689999282360077","0.3815999925136566","0.3921999931335449","0.660649985074997","0.6595999598503113","0.6617000102996826","1","1","1","1","1","1","0.3536999970674515","0.35249999165534973","0.3549000024795532","0.8445499837398529","0.8417999744415283","0.8472999930381775","1","1","1","1","1","1","0.3012000024318695","0.3012000024318695","0.3012000024318695","0.8729999661445618","0.8729999661445618","0.8729999661445618","1","1","1","1","1","1","0.3633999824523926","0.3633999824523926","0.3633999824523926","0.8755999803543091","0.8755999803543091","0.8755999803543091","1","1","1","1","1","1","0.04389999806880951","0.04389999806880951","0.04389999806880951","1","1","1"
"8295","1","1","1","1","1","1","0.04800000041723251","0.04800000041723251","0.04800000041723251","1","1","1","1","1","1","1","1","1","0.042500000447034836","0.042500000447034836","0.042500000447034836","1","1","1","0.9999499917030334","0.9998999834060669","1","1","1","1","0.3913999944925308","0.38850000500679016","0.3942999839782715","0.6638000011444092","0.6601999998092651","0.6674000024795532","1","1","1","1","1","1","0.35569998621940613","0.35269999504089355","0.3586999773979187","0.8444999754428864","0.8424999713897705","0.8464999794960022","1","1","1","1","1","1","0.3028999865055084","0.3028999865055084","0.3028999865055084","0.873199999332428","0.873199999332428","0.873199999332428","1","1","1","1","1","1","0.37369999289512634","0.37369999289512634","0.37369999289512634","0.876800000667572","0.876800000667572","0.876800000667572","1","1","1","1","1","1","0.043699998408555984","0.043699998408555984","0.043699998408555984","1","1","1"
"8306","1","1","1","1","1","1","0.04779999703168869","0.04779999703168869","0.04779999703168869","1","1","1","1","1","1","1","1","1","0.04259999841451645","0.04259999841451645","0.04259999841451645","1","1","1","0.9999499917030334","0.9998999834060669","1","1","1","1","0.3928999900817871","0.3862999975681305","0.3994999825954437","0.6629499793052673","0.6574999690055847","0.66839998960495","1","1","1","1","1","1","0.35499998927116394","0.3488999903202057","0.3610999882221222","0.8438499867916107","0.8407999873161316","0.8468999862670898","1","1","1","1","1","1","0.305899977684021","0.305899977684021","0.305899977684021","0.8740999698638916","0.8740999698638916","0.8740999698638916","1","1","1","1","1","1","0.37539997696876526","0.37539997696876526","0.37539997696876526","0.8772000074386597","0.8772000074386597","0.8772000074386597","1","1","1","1","1","1","0.04389999806880951","0.04389999806880951","0.04389999806880951","1","1","1"
"8317","1","1","1","1","1","1","0.04769999906420708","0.04769999906420708","0.04769999906420708","1","1","1","1","1","1","1","1","1","0.042799998074769974","0.042799998074769974","0.042799998074769974","1","1","1","0.9999499917030334","0.9998999834060669","1","1","1","1","0.3878999948501587","0.38659998774528503","0.38920000195503235","0.660099983215332","0.6574000120162964","0.6627999544143677","1","1","1","1","1","1","0.3469499796628952","0.343999981880188","0.3498999774456024","0.8411499857902527","0.8384000062942505","0.8438999652862549","1","1","1","1","1","1","0.3034999966621399","0.3034999966621399","0.3034999966621399","0.8737999796867371","0.8737999796867371","0.8737999796867371","1","1","1","1","1","1","0.3709999918937683","0.3709999918937683","0.3709999918937683","0.8764999508857727","0.8764999508857727","0.8764999508857727","1","1","1","1","1","1","0.043800000101327896","0.043800000101327896","0.043800000101327896","1","1","1"
"8328","1","1","1","1","1","1","0.04829999804496765","0.04829999804496765","0.04829999804496765","1","1","1","1","1","1","1","1","1","0.04259999841451645","0.04259999841451645","0.04259999841451645","1","1","1","0.9999499917030334","0.9998999834060669","1","1","1","1","0.3917999863624573","0.38449999690055847","0.3990999758243561","0.6605499684810638","0.6531999707221985","0.6678999662399292","0.9999499917030334","0.9998999834060669","1","1","1","1","0.349700003862381","0.34540000557899475","0.3540000021457672","0.8420499563217163","0.839199960231781","0.8448999524116516","1","1","1","1","1","1","0.2902999818325043","0.2902999818325043","0.2902999818325043","0.871399998664856","0.871399998664856","0.871399998664856","1","1","1","1","1","1","0.37529999017715454","0.37529999017715454","0.37529999017715454","0.8770999908447266","0.8770999908447266","0.8770999908447266","1","1","1","1","1","1","0.043800000101327896","0.043800000101327896","0.043800000101327896","1","1","1"
"8339","1","1","1","1","1","1","0.04769999906420708","0.04769999906420708","0.04769999906420708","1","1","1","1","1","1","1","1","1","0.0429999977350235","0.0429999977350235","0.0429999977350235","1","1","1","0.9999499917030334","0.9998999834060669","1","1","1","1","0.3860499858856201","0.37389999628067017","0.39819997549057007","0.6580499708652496","0.6481999754905701","0.6678999662399292","1","1","1","1","1","1","0.3522000014781952","0.3467999994754791","0.35760000348091125","0.8430999517440796","0.8394999504089355","0.8466999530792236","1","1","1","1","1","1","0.29170000553131104","0.29170000553131104","0.29170000553131104","0.8723999857902527","0.8723999857902527","0.8723999857902527","1","1","1","1","1","1","0.3725999891757965","0.3725999891757965","0.3725999891757965","0.8763999938964844","0.8763999938964844","0.8763999938964844","1","1","1","1","1","1","0.04399999976158142","0.04399999976158142","0.04399999976158142","1","1","1"
"8350","1","1","1","1","1","1","0.04809999838471413","0.04809999838471413","0.04809999838471413","1","1","1","1","1","1","1","1","1","0.04309999942779541","0.04309999942779541","0.04309999942779541","1","1","1","0.9999499917030334","0.9998999834060669","1","1","1","1","0.3909499943256378","0.38589999079704285","0.3959999978542328","0.6615000069141388","0.6552000045776367","0.6678000092506409","1","1","1","1","1","1","0.3542499989271164","0.3467999994754791","0.36169999837875366","0.8431999981403351","0.838699996471405","0.8476999998092651","1","1","1","1","1","1","0.29440000653266907","0.29440000653266907","0.29440000653266907","0.8736000061035156","0.8736000061035156","0.8736000061035156","1","1","1","1","1","1","0.36969998478889465","0.36969998478889465","0.36969998478889465","0.8761999607086182","0.8761999607086182","0.8761999607086182","1","1","1","1","1","1","0.044199999421834946","0.044199999421834946","0.044199999421834946","1","1","1"
"8361","1","1","1","1","1","1","0.04769999906420708","0.04769999906420708","0.04769999906420708","1","1","1","1","1","1","1","1","1","0.04270000010728836","0.04270000010728836","0.04270000010728836","1","1","1","0.9999499917030334","0.9998999834060669","1","1","1","1","0.39184999465942383","0.3885999917984009","0.3950999975204468","0.6626499891281128","0.6578999757766724","0.6674000024795532","1","1","1","1","1","1","0.3552999943494797","0.3431999981403351","0.36739999055862427","0.8425999581813812","0.8369999527931213","0.8481999635696411","1","1","1","1","1","1","0.28689998388290405","0.28689998388290405","0.28689998388290405","0.8720999956130981","0.8720999956130981","0.8720999956130981","1","1","1","1","1","1","0.36820000410079956","0.36820000410079956","0.36820000410079956","0.877299964427948","0.877299964427948","0.877299964427948","1","1","1","1","1","1","0.043699998408555984","0.043699998408555984","0.043699998408555984","1","1","1"
"8372","1","1","1","1","1","1","0.04809999838471413","0.04809999838471413","0.04809999838471413","1","1","1","1","1","1","1","1","1","0.042399998754262924","0.042399998754262924","0.042399998754262924","1","1","1","0.9999499917030334","0.9998999834060669","1","1","1","1","0.39354997873306274","0.3902999758720398","0.3967999815940857","0.6636500060558319","0.659500002861023","0.6678000092506409","1","1","1","1","1","1","0.34699998795986176","0.34139999747276306","0.35259997844696045","0.8414499759674072","0.8374999761581421","0.8453999757766724","1","1","1","1","1","1","0.29019999504089355","0.29019999504089355","0.29019999504089355","0.8723999857902527","0.8723999857902527","0.8723999857902527","1","1","1","1","1","1","0.37070000171661377","0.37070000171661377","0.37070000171661377","0.8773999810218811","0.8773999810218811","0.8773999810218811","1","1","1","1","1","1","0.04349999874830246","0.04349999874830246","0.04349999874830246","1","1","1"
"8383","1","1","1","1","1","1","0.04779999703168869","0.04779999703168869","0.04779999703168869","1","1","1","1","1","1","1","1","1","0.042799998074769974","0.042799998074769974","0.042799998074769974","1","1","1","0.9999499917030334","0.9998999834060669","1","1","1","1","0.3859499841928482","0.38329997658729553","0.3885999917984009","0.6595999896526337","0.6560999751091003","0.663100004196167","1","1","1","1","1","1","0.3552499860525131","0.34689998626708984","0.3635999858379364","0.8437499701976776","0.8396999835968018","0.8477999567985535","1","1","1","1","1","1","0.28540000319480896","0.28540000319480896","0.28540000319480896","0.871999979019165","0.871999979019165","0.871999979019165","1","1","1","1","1","1","0.3637999892234802","0.3637999892234802","0.3637999892234802","0.8775999546051025","0.8775999546051025","0.8775999546051025","1","1","1","1","1","1","0.044099997729063034","0.044099997729063034","0.044099997729063034","1","1","1"
"8394","1","1","1","1","1","1","0.04800000041723251","0.04800000041723251","0.04800000041723251","1","1","1","1","1","1","1","1","1","0.04270000010728836","0.04270000010728836","0.04270000010728836","1","1","1","0.9999499917030334","0.9998999834060669","1","1","1","1","0.38599999248981476","0.38499999046325684","0.3869999945163727","0.660649985074997","0.6574000120162964","0.6638999581336975","1","1","1","1","1","1","0.3565499782562256","0.3446999788284302","0.368399977684021","0.8435499966144562","0.8373000025749207","0.8497999906539917","1","1","1","1","1","1","0.2854999899864197","0.2854999899864197","0.2854999899864197","0.8718999624252319","0.8718999624252319","0.8718999624252319","1","1","1","1","1","1","0.368399977684021","0.368399977684021","0.368399977684021","0.8781999945640564","0.8781999945640564","0.8781999945640564","1","1","1","1","1","1","0.044499997049570084","0.044499997049570084","0.044499997049570084","1","1","1"
"8405","1","1","1","1","1","1","0.04809999838471413","0.04809999838471413","0.04809999838471413","1","1","1","1","1","1","1","1","1","0.042500000447034836","0.042500000447034836","0.042500000447034836","1","1","1","0.9999499917030334","0.9998999834060669","1","1","1","1","0.3844999819993973","0.382099986076355","0.3868999779224396","0.6588999629020691","0.6566999554634094","0.6610999703407288","1","1","1","1","1","1","0.3552499860525131","0.34459999203681946","0.3658999800682068","0.8443999588489532","0.8394999504089355","0.849299967288971","1","1","1","1","1","1","0.2872999906539917","0.2872999906539917","0.2872999906539917","0.871399998664856","0.871399998664856","0.871399998664856","1","1","1","1","1","1","0.3698999881744385","0.3698999881744385","0.3698999881744385","0.8780999779701233","0.8780999779701233","0.8780999779701233","1","1","1","1","1","1","0.04389999806880951","0.04389999806880951","0.04389999806880951","1","1","1"
"8416","1","1","1","1","1","1","0.04769999906420708","0.04769999906420708","0.04769999906420708","1","1","1","1","1","1","1","1","1","0.04259999841451645","0.04259999841451645","0.04259999841451645","1","1","1","0.9999499917030334","0.9998999834060669","1","1","1","1","0.3892499804496765","0.38099998235702515","0.3974999785423279","0.6621999740600586","0.65829998254776","0.6660999655723572","1","1","1","1","1","1","0.3522000014781952","0.3443000018596649","0.36010000109672546","0.8424999713897705","0.8375999927520752","0.8473999500274658","1","1","1","1","1","1","0.2872999906539917","0.2872999906539917","0.2872999906539917","0.8718000054359436","0.8718000054359436","0.8718000054359436","1","1","1","1","1","1","0.36159998178482056","0.36159998178482056","0.36159998178482056","0.8763999938964844","0.8763999938964844","0.8763999938964844","1","1","1","1","1","1","0.04399999976158142","0.04399999976158142","0.04399999976158142","1","1","1"
"8427","1","1","1","1","1","1","0.04800000041723251","0.04800000041723251","0.04800000041723251","1","1","1","1","1","1","1","1","1","0.042500000447034836","0.042500000447034836","0.042500000447034836","1","1","1","0.9999499917030334","0.9998999834060669","1","1","1","1","0.38999998569488525","0.38839998841285706","0.39159998297691345","0.6631999909877777","0.6626999974250793","0.6636999845504761","1","1","1","1","1","1","0.34824998676776886","0.3401999771595001","0.3562999963760376","0.8421499729156494","0.8378999829292297","0.8463999629020691","1","1","1","1","1","1","0.2874000072479248","0.2874000072479248","0.2874000072479248","0.8716999888420105","0.8716999888420105","0.8716999888420105","1","1","1","1","1","1","0.3621000051498413","0.3621000051498413","0.3621000051498413","0.8763999938964844","0.8763999938964844","0.8763999938964844","1","1","1","1","1","1","0.044199999421834946","0.044199999421834946","0.044199999421834946","1","1","1"
"8438","1","1","1","1","1","1","0.04809999838471413","0.04809999838471413","0.04809999838471413","1","1","1","1","1","1","1","1","1","0.04270000010728836","0.04270000010728836","0.04270000010728836","1","1","1","0.9999499917030334","0.9998999834060669","1","1","1","1","0.390299990773201","0.38749998807907104","0.39309999346733093","0.662149965763092","0.6603999733924866","0.6638999581336975","1","1","1","1","1","1","0.3509500026702881","0.35040000081062317","0.351500004529953","0.843099981546402","0.8399999737739563","0.8461999893188477","1","1","1","1","1","1","0.284199982881546","0.284199982881546","0.284199982881546","0.8715999722480774","0.8715999722480774","0.8715999722480774","1","1","1","1","1","1","0.3625999987125397","0.3625999987125397","0.3625999987125397","0.8770999908447266","0.8770999908447266","0.8770999908447266","1","1","1","1","1","1","0.04399999976158142","0.04399999976158142","0.04399999976158142","1","1","1"
"8449","1","1","1","1","1","1","0.047599997371435165","0.047599997371435165","0.047599997371435165","1","1","1","1","1","1","1","1","1","0.042799998074769974","0.042799998074769974","0.042799998074769974","1","1","1","0.9999499917030334","0.9998999834060669","1","1","1","1","0.39184997975826263","0.3863999843597412","0.39729997515678406","0.6642999649047852","0.6603999733924866","0.6681999564170837","1","1","1","1","1","1","0.35439999401569366","0.34950000047683716","0.35929998755455017","0.8433999717235565","0.8394999504089355","0.8472999930381775","1","1","1","1","1","1","0.28119999170303345","0.28119999170303345","0.28119999170303345","0.8718000054359436","0.8718000054359436","0.8718000054359436","1","1","1","1","1","1","0.3649999797344208","0.3649999797344208","0.3649999797344208","0.8773999810218811","0.8773999810218811","0.8773999810218811","1","1","1","1","1","1","0.04389999806880951","0.04389999806880951","0.04389999806880951","1","1","1"
"8460","1","1","1","1","1","1","0.0478999987244606","0.0478999987244606","0.0478999987244606","1","1","1","1","1","1","1","1","1","0.04259999841451645","0.04259999841451645","0.04259999841451645","1","1","1","0.9999499917030334","0.9998999834060669","1","1","1","1","0.391199991106987","0.3779999911785126","0.4043999910354614","0.6650499701499939","0.6557999849319458","0.674299955368042","1","1","1","1","1","1","0.3490999788045883","0.34199997782707214","0.3561999797821045","0.8420999944210052","0.8382999897003174","0.8458999991416931","1","1","1","1","1","1","0.272599995136261","0.272599995136261","0.272599995136261","0.8693999648094177","0.8693999648094177","0.8693999648094177","1","1","1","1","1","1","0.3544999957084656","0.3544999957084656","0.3544999957084656","0.875","0.875","0.875","1","1","1","1","1","1","0.043800000101327896","0.043800000101327896","0.043800000101327896","1","1","1"
"8471","1","1","1","1","1","1","0.04779999703168869","0.04779999703168869","0.04779999703168869","1","1","1","1","1","1","1","1","1","0.042799998074769974","0.042799998074769974","0.042799998074769974","1","1","1","0.9999499917030334","0.9998999834060669","1","1","1","1","0.389399990439415","0.38099998235702515","0.3977999985218048","0.6626999974250793","0.6568999886512756","0.6685000061988831","1","1","1","1","1","1","0.34734998643398285","0.3441999852657318","0.3504999876022339","0.8418499827384949","0.838699996471405","0.8449999690055847","1","1","1","1","1","1","0.27140000462532043","0.27140000462532043","0.27140000462532043","0.8694999814033508","0.8694999814033508","0.8694999814033508","1","1","1","1","1","1","0.369299978017807","0.369299978017807","0.369299978017807","0.8765999674797058","0.8765999674797058","0.8765999674797058","1","1","1","1","1","1","0.04399999976158142","0.04399999976158142","0.04399999976158142","1","1","1"
"8482","1","1","1","1","1","1","0.04839999973773956","0.04839999973773956","0.04839999973773956","1","1","1","1","1","1","1","1","1","0.04319999739527702","0.04319999739527702","0.04319999739527702","1","1","1","0.9999499917030334","0.9998999834060669","1","1","1","1","0.3940499871969223","0.38909998536109924","0.39899998903274536","0.6660499572753906","0.6609999537467957","0.6710999608039856","1","1","1","1","1","1","0.35304997861385345","0.34379997849464417","0.36229997873306274","0.843999981880188","0.8392999768257141","0.8486999869346619","1","1","1","1","1","1","0.2766999900341034","0.2766999900341034","0.2766999900341034","0.8697999715805054","0.8697999715805054","0.8697999715805054","1","1","1","1","1","1","0.3619999885559082","0.3619999885559082","0.3619999885559082","0.875499963760376","0.875499963760376","0.875499963760376","1","1","1","1","1","1","0.04389999806880951","0.04389999806880951","0.04389999806880951","1","1","1"
"8493","1","1","1","1","1","1","0.04829999804496765","0.04829999804496765","0.04829999804496765","1","1","1","1","1","1","1","1","1","0.042899999767541885","0.042899999767541885","0.042899999767541885","1","1","1","0.9999499917030334","0.9998999834060669","1","1","1","1","0.3811499923467636","0.3779999911785126","0.38429999351501465","0.6586499810218811","0.6585999727249146","0.6586999893188477","1","1","1","1","1","1","0.3475499898195267","0.33889999985694885","0.3561999797821045","0.8410999774932861","0.836899995803833","0.8452999591827393","1","1","1","1","1","1","0.2874999940395355","0.2874999940395355","0.2874999940395355","0.8721999526023865","0.8721999526023865","0.8721999526023865","1","1","1","1","1","1","0.3586999773979187","0.3586999773979187","0.3586999773979187","0.8757999539375305","0.8757999539375305","0.8757999539375305","1","1","1","1","1","1","0.044099997729063034","0.044099997729063034","0.044099997729063034","1","1","1"
"8504","1","1","1","1","1","1","0.04769999906420708","0.04769999906420708","0.04769999906420708","1","1","1","1","1","1","1","1","1","0.042799998074769974","0.042799998074769974","0.042799998074769974","1","1","1","0.9999499917030334","0.9998999834060669","1","1","1","1","0.3827499896287918","0.3797999918460846","0.385699987411499","0.6595999896526337","0.6567999720573425","0.6624000072479248","1","1","1","1","1","1","0.3489999920129776","0.34129998087882996","0.35670000314712524","0.8430499732494354","0.8392999768257141","0.8467999696731567","1","1","1","1","1","1","0.2886999845504761","0.2886999845504761","0.2886999845504761","0.8714999556541443","0.8714999556541443","0.8714999556541443","1","1","1","1","1","1","0.36079999804496765","0.36079999804496765","0.36079999804496765","0.8769999742507935","0.8769999742507935","0.8769999742507935","1","1","1","1","1","1","0.04389999806880951","0.04389999806880951","0.04389999806880951","1","1","1"
"8515","1","1","1","1","1","1","0.04809999838471413","0.04809999838471413","0.04809999838471413","1","1","1","1","1","1","1","1","1","0.04270000010728836","0.04270000010728836","0.04270000010728836","1","1","1","0.9999499917030334","0.9998999834060669","1","1","1","1","0.38694998621940613","0.3852999806404114","0.3885999917984009","0.6609500050544739","0.6581000089645386","0.6638000011444092","1","1","1","1","1","1","0.34789998829364777","0.3369999825954437","0.3587999939918518","0.8423499763011932","0.8370999693870544","0.847599983215332","1","1","1","1","1","1","0.29510000348091125","0.29510000348091125","0.29510000348091125","0.8732999563217163","0.8732999563217163","0.8732999563217163","1","1","1","1","1","1","0.3546999990940094","0.3546999990940094","0.3546999990940094","0.8752999901771545","0.8752999901771545","0.8752999901771545","1","1","1","1","1","1","0.043800000101327896","0.043800000101327896","0.043800000101327896","1","1","1"
"8526","1","1","1","1","1","1","0.04749999940395355","0.04749999940395355","0.04749999940395355","1","1","1","1","1","1","1","1","1","0.04259999841451645","0.04259999841451645","0.04259999841451645","1","1","1","0.9999499917030334","0.9998999834060669","1","1","1","1","0.3853999823331833","0.38279998302459717","0.3879999816417694","0.6605499684810638","0.6549999713897705","0.6660999655723572","1","1","1","1","1","1","0.35589998960494995","0.346699982881546","0.3650999963283539","0.8440499901771545","0.8393999934196472","0.8486999869346619","1","1","1","1","1","1","0.29009997844696045","0.29009997844696045","0.29009997844696045","0.8737999796867371","0.8737999796867371","0.8737999796867371","1","1","1","1","1","1","0.3549000024795532","0.3549000024795532","0.3549000024795532","0.8744999766349792","0.8744999766349792","0.8744999766349792","1","1","1","1","1","1","0.043800000101327896","0.043800000101327896","0.043800000101327896","1","1","1"
"8537","1","1","1","1","1","1","0.04820000007748604","0.04820000007748604","0.04820000007748604","1","1","1","1","1","1","1","1","1","0.0429999977350235","0.0429999977350235","0.0429999977350235","1","1","1","0.9999499917030334","0.9998999834060669","1","1","1","1","0.39034999907016754","0.38519999384880066","0.3955000042915344","0.6626999974250793","0.6579999923706055","0.6674000024795532","1","1","1","1","1","1","0.34644998610019684","0.3441999852657318","0.34869998693466187","0.841899961233139","0.8384999632835388","0.8452999591827393","1","1","1","1","1","1","0.29179999232292175","0.29179999232292175","0.29179999232292175","0.8737999796867371","0.8737999796867371","0.8737999796867371","1","1","1","1","1","1","0.3621000051498413","0.3621000051498413","0.3621000051498413","0.8752999901771545","0.8752999901771545","0.8752999901771545","1","1","1","1","1","1","0.04389999806880951","0.04389999806880951","0.04389999806880951","1","1","1"
"8548","1","1","1","1","1","1","0.04729999974370003","0.04729999974370003","0.04729999974370003","1","1","1","1","1","1","1","1","1","0.042899999767541885","0.042899999767541885","0.042899999767541885","1","1","1","0.9999499917030334","0.9998999834060669","1","1","1","1","0.39499999582767487","0.3889999985694885","0.4009999930858612","0.6650499701499939","0.6589999794960022","0.6710999608039856","1","1","1","1","1","1","0.35074998438358307","0.3464999794960022","0.35499998927116394","0.8425499796867371","0.8384999632835388","0.8465999960899353","1","1","1","1","1","1","0.2902999818325043","0.2902999818325043","0.2902999818325043","0.8732999563217163","0.8732999563217163","0.8732999563217163","1","1","1","1","1","1","0.3646000027656555","0.3646000027656555","0.3646000027656555","0.8748999834060669","0.8748999834060669","0.8748999834060669","1","1","1","1","1","1","0.043699998408555984","0.043699998408555984","0.043699998408555984","1","1","1"
"8559","1","1","1","1","1","1","0.04739999771118164","0.04739999771118164","0.04739999771118164","1","1","1","1","1","1","1","1","1","0.042799998074769974","0.042799998074769974","0.042799998074769974","1","1","1","0.9999499917030334","0.9998999834060669","1","1","1","1","0.3934999853372574","0.38839998841285706","0.3985999822616577","0.6663999855518341","0.6607999801635742","0.671999990940094","1","1","1","1","1","1","0.3494499921798706","0.343099981546402","0.35580000281333923","0.8433999717235565","0.8388999700546265","0.8478999733924866","1","1","1","1","1","1","0.29269999265670776","0.29269999265670776","0.29269999265670776","0.873699963092804","0.873699963092804","0.873699963092804","1","1","1","1","1","1","0.3621000051498413","0.3621000051498413","0.3621000051498413","0.8751999735832214","0.8751999735832214","0.8751999735832214","1","1","1","1","1","1","0.04339999705553055","0.04339999705553055","0.04339999705553055","1","1","1"
"8570","1","1","1","1","1","1","0.04779999703168869","0.04779999703168869","0.04779999703168869","1","1","1","1","1","1","1","1","1","0.04259999841451645","0.04259999841451645","0.04259999841451645","1","1","1","0.9999499917030334","0.9998999834060669","1","1","1","1","0.39124998450279236","0.38599997758865356","0.39649999141693115","0.6647499799728394","0.6578999757766724","0.6715999841690063","1","1","1","1","1","1","0.34469999372959137","0.3317999839782715","0.35760000348091125","0.8415999710559845","0.8364999890327454","0.8466999530792236","1","1","1","1","1","1","0.29729998111724854","0.29729998111724854","0.29729998111724854","0.8743999600410461","0.8743999600410461","0.8743999600410461","1","1","1","1","1","1","0.36389997601509094","0.36389997601509094","0.36389997601509094","0.875","0.875","0.875","1","1","1","1","1","1","0.04349999874830246","0.04349999874830246","0.04349999874830246","1","1","1"
"8581","1","1","1","1","1","1","0.04749999940395355","0.04749999940395355","0.04749999940395355","1","1","1","1","1","1","1","1","1","0.04270000010728836","0.04270000010728836","0.04270000010728836","1","1","1","0.9999499917030334","0.9998999834060669","1","1","1","1","0.38474999368190765","0.3831999897956848","0.3862999975681305","0.6600500047206879","0.6556000113487244","0.6644999980926514","1","1","1","1","1","1","0.34119999408721924","0.3308999836444855","0.351500004529953","0.8408499956130981","0.8355000019073486","0.8461999893188477","1","1","1","1","1","1","0.2985000014305115","0.2985000014305115","0.2985000014305115","0.875","0.875","0.875","1","1","1","1","1","1","0.359499990940094","0.359499990940094","0.359499990940094","0.8740999698638916","0.8740999698638916","0.8740999698638916","1","1","1","1","1","1","0.04399999976158142","0.04399999976158142","0.04399999976158142","1","1","1"
"8592","1","1","1","1","1","1","0.04809999838471413","0.04809999838471413","0.04809999838471413","1","1","1","1","1","1","1","1","1","0.0429999977350235","0.0429999977350235","0.0429999977350235","1","1","1","0.9999499917030334","0.9998999834060669","1","1","1","1","0.3837999850511551","0.38189998269081116","0.385699987411499","0.6596499979496002","0.6565999984741211","0.6626999974250793","1","1","1","1","1","1","0.3523999899625778","0.3402999937534332","0.3644999861717224","0.8427999913692474","0.8360999822616577","0.8495000004768372","1","1","1","1","1","1","0.2929999828338623","0.2929999828338623","0.2929999828338623","0.8746999502182007","0.8746999502182007","0.8746999502182007","1","1","1","1","1","1","0.3490999937057495","0.3490999937057495","0.3490999937057495","0.8722999691963196","0.8722999691963196","0.8722999691963196","1","1","1","1","1","1","0.04389999806880951","0.04389999806880951","0.04389999806880951","1","1","1"
"8603","1","1","1","1","1","1","0.04800000041723251","0.04800000041723251","0.04800000041723251","1","1","1","1","1","1","1","1","1","0.042500000447034836","0.042500000447034836","0.042500000447034836","1","1","1","0.9999499917030334","0.9998999834060669","1","1","1","1","0.3798999935388565","0.3788999915122986","0.38089999556541443","0.6580499708652496","0.6542999744415283","0.661799967288971","1","1","1","1","1","1","0.3492499887943268","0.3440999984741211","0.35439997911453247","0.8418999910354614","0.8375999927520752","0.8461999893188477","1","1","1","1","1","1","0.2902999818325043","0.2902999818325043","0.2902999818325043","0.8732999563217163","0.8732999563217163","0.8732999563217163","1","1","1","1","1","1","0.3588999807834625","0.3588999807834625","0.3588999807834625","0.8743000030517578","0.8743000030517578","0.8743000030517578","1","1","1","1","1","1","0.04360000044107437","0.04360000044107437","0.04360000044107437","1","1","1"
"8614","1","1","1","1","1","1","0.047599997371435165","0.047599997371435165","0.047599997371435165","1","1","1","1","1","1","1","1","1","0.04270000010728836","0.04270000010728836","0.04270000010728836","1","1","1","0.9999499917030334","0.9998999834060669","1","1","1","1","0.3824499845504761","0.38169997930526733","0.3831999897956848","0.6586499810218811","0.6543999910354614","0.6628999710083008","1","1","1","1","1","1","0.3484499901533127","0.3425999879837036","0.35429999232292175","0.8414999544620514","0.8362999558448792","0.8466999530792236","1","1","1","1","1","1","0.2938999831676483","0.2938999831676483","0.2938999831676483","0.8741999864578247","0.8741999864578247","0.8741999864578247","1","1","1","1","1","1","0.3594000041484833","0.3594000041484833","0.3594000041484833","0.8746999502182007","0.8746999502182007","0.8746999502182007","1","1","1","1","1","1","0.04349999874830246","0.04349999874830246","0.04349999874830246","1","1","1"
"8625","1","1","1","1","1","1","0.0478999987244606","0.0478999987244606","0.0478999987244606","1","1","1","1","1","1","1","1","1","0.042500000447034836","0.042500000447034836","0.042500000447034836","1","1","1","0.9999499917030334","0.9998999834060669","1","1","1","1","0.38324999809265137","0.3824999928474426","0.3840000033378601","0.6593999862670898","0.6570000052452087","0.661799967288971","1","1","1","1","1","1","0.34645000100135803","0.33709999918937683","0.35580000281333923","0.8415499925613403","0.8359000086784363","0.8471999764442444","1","1","1","1","1","1","0.2872999906539917","0.2872999906539917","0.2872999906539917","0.873199999332428","0.873199999332428","0.873199999332428","1","1","1","1","1","1","0.3569999933242798","0.3569999933242798","0.3569999933242798","0.8737999796867371","0.8737999796867371","0.8737999796867371","1","1","1","1","1","1","0.043800000101327896","0.043800000101327896","0.043800000101327896","1","1","1"
"8636","1","1","1","1","1","1","0.04800000041723251","0.04800000041723251","0.04800000041723251","1","1","1","1","1","1","1","1","1","0.04270000010728836","0.04270000010728836","0.04270000010728836","1","1","1","0.9999499917030334","0.9998999834060669","1","1","1","1","0.3801499903202057","0.37279999256134033","0.38749998807907104","0.6565999984741211","0.6556000113487244","0.6575999855995178","1","1","1","1","1","1","0.3423999845981598","0.3349999785423279","0.3497999906539917","0.840149998664856","0.8348000049591064","0.8454999923706055","1","1","1","1","1","1","0.29009997844696045","0.29009997844696045","0.29009997844696045","0.8729999661445618","0.8729999661445618","0.8729999661445618","1","1","1","1","1","1","0.3588999807834625","0.3588999807834625","0.3588999807834625","0.8750999569892883","0.8750999569892883","0.8750999569892883","1","1","1","1","1","1","0.04399999976158142","0.04399999976158142","0.04399999976158142","1","1","1"
"8647","1","1","1","1","1","1","0.04779999703168869","0.04779999703168869","0.04779999703168869","1","1","1","1","1","1","1","1","1","0.04270000010728836","0.04270000010728836","0.04270000010728836","1","1","1","0.9998999834060669","0.9997999668121338","1","1","1","1","0.3840000033378601","0.3813000023365021","0.38670000433921814","0.6597499847412109","0.6561999917030334","0.6632999777793884","1","1","1","1","1","1","0.350849986076355","0.3432999849319458","0.35839998722076416","0.8427999913692474","0.8371999859809875","0.8483999967575073","1","1","1","1","1","1","0.29420000314712524","0.29420000314712524","0.29420000314712524","0.8743000030517578","0.8743000030517578","0.8743000030517578","1","1","1","1","1","1","0.35670000314712524","0.35670000314712524","0.35670000314712524","0.8743000030517578","0.8743000030517578","0.8743000030517578","1","1","1","1","1","1","0.043800000101327896","0.043800000101327896","0.043800000101327896","1","1","1"
"8658","1","1","1","1","1","1","0.0478999987244606","0.0478999987244606","0.0478999987244606","1","1","1","1","1","1","1","1","1","0.042899999767541885","0.042899999767541885","0.042899999767541885","1","1","1","0.9999499917030334","0.9998999834060669","1","1","1","1","0.3863999992609024","0.3862999975681305","0.3865000009536743","0.6600499749183655","0.6559999585151672","0.6640999913215637","1","1","1","1","1","1","0.3474999964237213","0.3425000011920929","0.35249999165534973","0.8425999879837036","0.8388999700546265","0.8463000059127808","1","1","1","1","1","1","0.2870999872684479","0.2870999872684479","0.2870999872684479","0.873699963092804","0.873699963092804","0.873699963092804","1","1","1","1","1","1","0.35429999232292175","0.35429999232292175","0.35429999232292175","0.8739999532699585","0.8739999532699585","0.8739999532699585","1","1","1","1","1","1","0.043800000101327896","0.043800000101327896","0.043800000101327896","1","1","1"
"8669","1","1","1","1","1","1","0.0478999987244606","0.0478999987244606","0.0478999987244606","1","1","1","1","1","1","1","1","1","0.042500000447034836","0.042500000447034836","0.042500000447034836","1","1","1","1","1","1","1","1","1","0.3812499940395355","0.3804999887943268","0.38199999928474426","0.6578999757766724","0.6542999744415283","0.6614999771118164","1","1","1","1","1","1","0.34744998812675476","0.33629998564720154","0.358599990606308","0.8414999842643738","0.835099995136261","0.8478999733924866","1","1","1","1","1","1","0.29089999198913574","0.29089999198913574","0.29089999198913574","0.8728999495506287","0.8728999495506287","0.8728999495506287","1","1","1","1","1","1","0.350600004196167","0.350600004196167","0.350600004196167","0.8725999593734741","0.8725999593734741","0.8725999593734741","1","1","1","1","1","1","0.04349999874830246","0.04349999874830246","0.04349999874830246","1","1","1"
"8680","1","1","1","1","1","1","0.047599997371435165","0.047599997371435165","0.047599997371435165","1","1","1","1","1","1","1","1","1","0.04309999942779541","0.04309999942779541","0.04309999942779541","1","1","1","0.9999499917030334","0.9998999834060669","1","1","1","1","0.38384997844696045","0.3807999789714813","0.3868999779224396","0.6584999561309814","0.6541999578475952","0.6627999544143677","1","1","1","1","1","1","0.34164997935295105","0.33249998092651367","0.3507999777793884","0.83924999833107","0.8346999883651733","0.8438000082969666","1","1","1","1","1","1","0.2978000044822693","0.2978000044822693","0.2978000044822693","0.8743999600410461","0.8743999600410461","0.8743999600410461","1","1","1","1","1","1","0.3464999794960022","0.3464999794960022","0.3464999794960022","0.8725999593734741","0.8725999593734741","0.8725999593734741","1","1","1","1","1","1","0.043800000101327896","0.043800000101327896","0.043800000101327896","1","1","1"
"8691","1","1","1","1","1","1","0.0478999987244606","0.0478999987244606","0.0478999987244606","1","1","1","1","1","1","1","1","1","0.04270000010728836","0.04270000010728836","0.04270000010728836","1","1","1","0.9999499917030334","0.9998999834060669","1","1","1","1","0.3891499787569046","0.3879999816417694","0.3902999758720398","0.6595499813556671","0.6585999727249146","0.6604999899864197","1","1","1","1","1","1","0.34309999644756317","0.3346000015735626","0.3515999913215637","0.839199960231781","0.8352999687194824","0.8430999517440796","1","1","1","1","1","1","0.2902999818325043","0.2902999818325043","0.2902999818325043","0.8729999661445618","0.8729999661445618","0.8729999661445618","1","1","1","1","1","1","0.35040000081062317","0.35040000081062317","0.35040000081062317","0.8737999796867371","0.8737999796867371","0.8737999796867371","1","1","1","1","1","1","0.044199999421834946","0.044199999421834946","0.044199999421834946","1","1","1"
"8702","1","1","1","1","1","1","0.04769999906420708","0.04769999906420708","0.04769999906420708","1","1","1","1","1","1","1","1","1","0.04319999739527702","0.04319999739527702","0.04319999739527702","1","1","1","0.9999499917030334","0.9998999834060669","1","1","1","1","0.38509999215602875","0.3831999897956848","0.3869999945163727","0.6575999855995178","0.6559000015258789","0.6592999696731567","1","1","1","1","1","1","0.3438499867916107","0.336899995803833","0.3507999777793884","0.8395499885082245","0.8359000086784363","0.8431999683380127","1","1","1","1","1","1","0.28859999775886536","0.28859999775886536","0.28859999775886536","0.8718000054359436","0.8718000054359436","0.8718000054359436","1","1","1","1","1","1","0.35349997878074646","0.35349997878074646","0.35349997878074646","0.8738999962806702","0.8738999962806702","0.8738999962806702","1","1","1","1","1","1","0.043800000101327896","0.043800000101327896","0.043800000101327896","1","1","1"
"8713","1","1","1","1","1","1","0.047199998050928116","0.047199998050928116","0.047199998050928116","1","1","1","1","1","1","1","1","1","0.042799998074769974","0.042799998074769974","0.042799998074769974","1","1","1","0.9999499917030334","0.9998999834060669","1","1","1","1","0.38544999063014984","0.3831999897956848","0.38769999146461487","0.6588999927043915","0.656499981880188","0.661300003528595","1","1","1","1","1","1","0.34655000269412994","0.3418000042438507","0.3513000011444092","0.840399980545044","0.836899995803833","0.8438999652862549","1","1","1","1","1","1","0.2912999987602234","0.2912999987602234","0.2912999987602234","0.8726999759674072","0.8726999759674072","0.8726999759674072","1","1","1","1","1","1","0.3490999937057495","0.3490999937057495","0.3490999937057495","0.8726999759674072","0.8726999759674072","0.8726999759674072","1","1","1","1","1","1","0.043699998408555984","0.043699998408555984","0.043699998408555984","1","1","1"
"8724","1","1","1","1","1","1","0.04769999906420708","0.04769999906420708","0.04769999906420708","1","1","1","1","1","1","1","1","1","0.04270000010728836","0.04270000010728836","0.04270000010728836","1","1","1","0.9999499917030334","0.9998999834060669","1","1","1","1","0.3868499994277954","0.38670000433921814","0.3869999945163727","0.6582499742507935","0.654699981212616","0.661799967288971","1","1","1","1","1","1","0.35054998099803925","0.3455999791622162","0.3554999828338623","0.8410499691963196","0.8376999497413635","0.8443999886512756","1","1","1","1","1","1","0.29179999232292175","0.29179999232292175","0.29179999232292175","0.8721999526023865","0.8721999526023865","0.8721999526023865","1","1","1","1","1","1","0.3564999997615814","0.3564999997615814","0.3564999997615814","0.8748999834060669","0.8748999834060669","0.8748999834060669","1","1","1","1","1","1","0.044099997729063034","0.044099997729063034","0.044099997729063034","1","1","1"
"8735","1","1","1","1","1","1","0.047599997371435165","0.047599997371435165","0.047599997371435165","1","1","1","1","1","1","1","1","1","0.042899999767541885","0.042899999767541885","0.042899999767541885","1","1","1","0.9999499917030334","0.9998999834060669","1","1","1","1","0.38374999165534973","0.3797999918460846","0.38769999146461487","0.6566499769687653","0.6520999670028687","0.6611999869346619","1","1","1","1","1","1","0.3486499935388565","0.34700000286102295","0.35029998421669006","0.8410499691963196","0.8378999829292297","0.8441999554634094","1","1","1","1","1","1","0.2886999845504761","0.2886999845504761","0.2886999845504761","0.8720999956130981","0.8720999956130981","0.8720999956130981","1","1","1","1","1","1","0.3511999845504761","0.3511999845504761","0.3511999845504761","0.8738999962806702","0.8738999962806702","0.8738999962806702","1","1","1","1","1","1","0.04389999806880951","0.04389999806880951","0.04389999806880951","1","1","1"
"8746","1","1","1","1","1","1","0.04769999906420708","0.04769999906420708","0.04769999906420708","1","1","1","1","1","1","1","1","1","0.04259999841451645","0.04259999841451645","0.04259999841451645","1","1","1","0.9999499917030334","0.9998999834060669","1","1","1","1","0.38679999113082886","0.3806999921798706","0.3928999900817871","0.658050000667572","0.6516000032424927","0.6644999980926514","1","1","1","1","1","1","0.34609998762607574","0.34119999408721924","0.35099998116493225","0.8406999707221985","0.8371999859809875","0.8441999554634094","1","1","1","1","1","1","0.28119999170303345","0.28119999170303345","0.28119999170303345","0.8710999488830566","0.8710999488830566","0.8710999488830566","1","1","1","1","1","1","0.3278000056743622","0.3278000056743622","0.3278000056743622","0.8708999752998352","0.8708999752998352","0.8708999752998352","1","1","1","1","1","1","0.044099997729063034","0.044099997729063034","0.044099997729063034","1","1","1"
"8757","1","1","1","1","1","1","0.0478999987244606","0.0478999987244606","0.0478999987244606","1","1","1","1","1","1","1","1","1","0.042799998074769974","0.042799998074769974","0.042799998074769974","1","1","1","0.9999499917030334","0.9998999834060669","1","1","1","1","0.38259999454021454","0.3772999942302704","0.3878999948501587","0.6563499569892883","0.649899959564209","0.6627999544143677","1","1","1","1","1","1","0.34645000100135803","0.3443000018596649","0.34860000014305115","0.8408499658107758","0.8369999527931213","0.8446999788284302","1","1","1","1","1","1","0.28619998693466187","0.28619998693466187","0.28619998693466187","0.8715999722480774","0.8715999722480774","0.8715999722480774","1","1","1","1","1","1","0.3562999963760376","0.3562999963760376","0.3562999963760376","0.8747999668121338","0.8747999668121338","0.8747999668121338","1","1","1","1","1","1","0.04399999976158142","0.04399999976158142","0.04399999976158142","1","1","1"
"8768","1","1","1","1","1","1","0.04729999974370003","0.04729999974370003","0.04729999974370003","1","1","1","1","1","1","1","1","1","0.042899999767541885","0.042899999767541885","0.042899999767541885","1","1","1","0.9999499917030334","0.9998999834060669","1","1","1","1","0.3828499913215637","0.3772999942302704","0.38839998841285706","0.6556999981403351","0.6495000123977661","0.661899983882904","1","1","1","1","1","1","0.34279999136924744","0.33980000019073486","0.34579998254776","0.8387499749660492","0.835099995136261","0.8423999547958374","1","1","1","1","1","1","0.29749998450279236","0.29749998450279236","0.29749998450279236","0.873199999332428","0.873199999332428","0.873199999332428","1","1","1","1","1","1","0.3579999804496765","0.3579999804496765","0.3579999804496765","0.8757999539375305","0.8757999539375305","0.8757999539375305","1","1","1","1","1","1","0.044199999421834946","0.044199999421834946","0.044199999421834946","1","1","1"
"8779","1","1","1","1","1","1","0.04749999940395355","0.04749999940395355","0.04749999940395355","1","1","1","1","1","1","1","1","1","0.042899999767541885","0.042899999767541885","0.042899999767541885","1","1","1","0.9999499917030334","0.9998999834060669","1","1","1","1","0.3805999904870987","0.3791999816894531","0.38199999928474426","0.6545000076293945","0.6527000069618225","0.6563000082969666","1","1","1","1","1","1","0.344899982213974","0.3369999825954437","0.3527999818325043","0.8400499820709229","0.8345999717712402","0.8454999923706055","1","1","1","1","1","1","0.2946999967098236","0.2946999967098236","0.2946999967098236","0.8733999729156494","0.8733999729156494","0.8733999729156494","1","1","1","1","1","1","0.34360000491142273","0.34360000491142273","0.34360000491142273","0.8732999563217163","0.8732999563217163","0.8732999563217163","1","1","1","1","1","1","0.043800000101327896","0.043800000101327896","0.043800000101327896","1","1","1"
"8790","1","1","1","1","1","1","0.0478999987244606","0.0478999987244606","0.0478999987244606","1","1","1","1","1","1","1","1","1","0.042799998074769974","0.042799998074769974","0.042799998074769974","1","1","1","0.9999499917030334","0.9998999834060669","1","1","1","1","0.3764999955892563","0.3702999949455261","0.38269999623298645","0.6536999940872192","0.6491000056266785","0.65829998254776","0.9999499917030334","0.9998999834060669","1","1","1","1","0.3489999920129776","0.3450999855995178","0.3528999984264374","0.8414499759674072","0.8364999890327454","0.8463999629020691","1","1","1","1","1","1","0.2881999909877777","0.2881999909877777","0.2881999909877777","0.8720999956130981","0.8720999956130981","0.8720999956130981","1","1","1","1","1","1","0.33980000019073486","0.33980000019073486","0.33980000019073486","0.8718999624252319","0.8718999624252319","0.8718999624252319","1","1","1","1","1","1","0.04389999806880951","0.04389999806880951","0.04389999806880951","1","1","1"
"8801","1","1","1","1","1","1","0.04779999703168869","0.04779999703168869","0.04779999703168869","1","1","1","1","1","1","1","1","1","0.04270000010728836","0.04270000010728836","0.04270000010728836","1","1","1","0.9999499917030334","0.9998999834060669","1","1","1","1","0.37449999153614044","0.3642999827861786","0.3847000002861023","0.6515499651432037","0.6451999545097351","0.6578999757766724","1","1","1","1","1","1","0.3490999937057495","0.3425000011920929","0.35569998621940613","0.8414499759674072","0.8356999754905701","0.8471999764442444","1","1","1","1","1","1","0.28669998049736023","0.28669998049736023","0.28669998049736023","0.8715999722480774","0.8715999722480774","0.8715999722480774","1","1","1","1","1","1","0.34610000252723694","0.34610000252723694","0.34610000252723694","0.8737999796867371","0.8737999796867371","0.8737999796867371","1","1","1","1","1","1","0.04360000044107437","0.04360000044107437","0.04360000044107437","1","1","1"
"8812","1","1","1","1","1","1","0.04809999838471413","0.04809999838471413","0.04809999838471413","1","1","1","1","1","1","1","1","1","0.04270000010728836","0.04270000010728836","0.04270000010728836","1","1","1","0.9999499917030334","0.9998999834060669","1","1","1","1","0.3860499858856201","0.38269999623298645","0.3893999755382538","0.6574499905109406","0.6532999873161316","0.6615999937057495","1","1","1","1","1","1","0.3536499887704849","0.3471999764442444","0.36010000109672546","0.8429499864578247","0.8370999693870544","0.848800003528595","1","1","1","1","1","1","0.280599981546402","0.280599981546402","0.280599981546402","0.870199978351593","0.870199978351593","0.870199978351593","1","1","1","1","1","1","0.34109997749328613","0.34109997749328613","0.34109997749328613","0.8722999691963196","0.8722999691963196","0.8722999691963196","1","1","1","1","1","1","0.043800000101327896","0.043800000101327896","0.043800000101327896","1","1","1"
"8823","1","1","1","1","1","1","0.04729999974370003","0.04729999974370003","0.04729999974370003","1","1","1","1","1","1","1","1","1","0.04270000010728836","0.04270000010728836","0.04270000010728836","1","1","1","0.9999499917030334","0.9998999834060669","1","1","1","1","0.38589999079704285","0.38009998202323914","0.39169999957084656","0.6561499834060669","0.6517999768257141","0.6604999899864197","1","1","1","1","1","1","0.3560999929904938","0.34860000014305115","0.3635999858379364","0.8430499732494354","0.8369999527931213","0.8490999937057495","1","1","1","1","1","1","0.28299999237060547","0.28299999237060547","0.28299999237060547","0.8700999617576599","0.8700999617576599","0.8700999617576599","1","1","1","1","1","1","0.34929999709129333","0.34929999709129333","0.34929999709129333","0.8740999698638916","0.8740999698638916","0.8740999698638916","1","1","1","1","1","1","0.043699998408555984","0.043699998408555984","0.043699998408555984","1","1","1"
"8834","1","1","1","1","1","1","0.04809999838471413","0.04809999838471413","0.04809999838471413","1","1","1","1","1","1","1","1","1","0.04270000010728836","0.04270000010728836","0.04270000010728836","1","1","1","0.9999499917030334","0.9998999834060669","1","1","1","1","0.3865499794483185","0.38259997963905334","0.3904999792575836","0.6551499962806702","0.6521999835968018","0.6581000089645386","1","1","1","1","1","1","0.34779998660087585","0.3398999869823456","0.35569998621940613","0.8408999741077423","0.8344999551773071","0.8472999930381775","1","1","1","1","1","1","0.29109999537467957","0.29109999537467957","0.29109999537467957","0.8712999820709229","0.8712999820709229","0.8712999820709229","1","1","1","1","1","1","0.35249999165534973","0.35249999165534973","0.35249999165534973","0.8750999569892883","0.8750999569892883","0.8750999569892883","1","1","1","1","1","1","0.04399999976158142","0.04399999976158142","0.04399999976158142","1","1","1"
"8845","1","1","1","1","1","1","0.04779999703168869","0.04779999703168869","0.04779999703168869","1","1","1","1","1","1","1","1","1","0.042799998074769974","0.042799998074769974","0.042799998074769974","1","1","1","0.9999499917030334","0.9998999834060669","1","1","1","1","0.3887999951839447","0.37860000133514404","0.39899998903274536","0.6571999788284302","0.6492999792098999","0.6650999784469604","1","1","1","1","1","1","0.34769998490810394","0.3393999934196472","0.35599997639656067","0.8409499824047089","0.8341999650001526","0.8476999998092651","1","1","1","1","1","1","0.2913999855518341","0.2913999855518341","0.2913999855518341","0.8723999857902527","0.8723999857902527","0.8723999857902527","1","1","1","1","1","1","0.34610000252723694","0.34610000252723694","0.34610000252723694","0.8737999796867371","0.8737999796867371","0.8737999796867371","1","1","1","1","1","1","0.044199999421834946","0.044199999421834946","0.044199999421834946","1","1","1"
"8856","1","1","1","1","1","1","0.04779999703168869","0.04779999703168869","0.04779999703168869","1","1","1","1","1","1","1","1","1","0.042899999767541885","0.042899999767541885","0.042899999767541885","1","1","1","0.9999499917030334","0.9998999834060669","1","1","1","1","0.38304999470710754","0.3781999945640564","0.3878999948501587","0.6542999744415283","0.6502999663352966","0.65829998254776","1","1","1","1","1","1","0.35429997742176056","0.3507999777793884","0.3577999770641327","0.8437499701976776","0.8385999798774719","0.8488999605178833","1","1","1","1","1","1","0.28610000014305115","0.28610000014305115","0.28610000014305115","0.8709999918937683","0.8709999918937683","0.8709999918937683","1","1","1","1","1","1","0.34529998898506165","0.34529998898506165","0.34529998898506165","0.873199999332428","0.873199999332428","0.873199999332428","1","1","1","1","1","1","0.04429999738931656","0.04429999738931656","0.04429999738931656","1","1","1"
"8867","1","1","1","1","1","1","0.04779999703168869","0.04779999703168869","0.04779999703168869","1","1","1","1","1","1","1","1","1","0.0429999977350235","0.0429999977350235","0.0429999977350235","1","1","1","0.9999499917030334","0.9998999834060669","1","1","1","1","0.38804998993873596","0.37770000100135803","0.3983999788761139","0.6565499901771545","0.6489999890327454","0.6640999913215637","1","1","1","1","1","1","0.34974998235702515","0.3401999771595001","0.35929998755455017","0.8423499763011932","0.8359999656677246","0.8486999869346619","1","1","1","1","1","1","0.28119999170303345","0.28119999170303345","0.28119999170303345","0.8708999752998352","0.8708999752998352","0.8708999752998352","1","1","1","1","1","1","0.3528999984264374","0.3528999984264374","0.3528999984264374","0.8745999932289124","0.8745999932289124","0.8745999932289124","1","1","1","1","1","1","0.04399999976158142","0.04399999976158142","0.04399999976158142","1","1","1"
"8878","1","1","1","1","1","1","0.04779999703168869","0.04779999703168869","0.04779999703168869","1","1","1","1","1","1","1","1","1","0.04259999841451645","0.04259999841451645","0.04259999841451645","1","1","1","0.9999499917030334","0.9998999834060669","1","1","1","1","0.3866499811410904","0.38099998235702515","0.39229997992515564","0.6556499898433685","0.6507999897003174","0.6604999899864197","1","1","1","1","1","1","0.35044999420642853","0.33739998936653137","0.3634999990463257","0.8417499959468842","0.8343999981880188","0.8490999937057495","1","1","1","1","1","1","0.2912999987602234","0.2912999987602234","0.2912999987602234","0.8720999956130981","0.8720999956130981","0.8720999956130981","1","1","1","1","1","1","0.3490999937057495","0.3490999937057495","0.3490999937057495","0.8736000061035156","0.8736000061035156","0.8736000061035156","1","1","1","1","1","1","0.044199999421834946","0.044199999421834946","0.044199999421834946","1","1","1"
"8889","1","1","1","1","1","1","0.047599997371435165","0.047599997371435165","0.047599997371435165","1","1","1","1","1","1","1","1","1","0.04309999942779541","0.04309999942779541","0.04309999942779541","1","1","1","0.9966000020503998","0.9932000041007996","1","0.9981499910354614","0.9962999820709229","1","0.392999991774559","0.3894999921321869","0.39649999141693115","0.6600499749183655","0.6557999849319458","0.6642999649047852","1","1","1","1","1","1","0.35224999487400055","0.3384999930858612","0.3659999966621399","0.8421500027179718","0.8341000080108643","0.8501999974250793","1","1","1","1","1","1","0.28919997811317444","0.28919997811317444","0.28919997811317444","0.8725999593734741","0.8725999593734741","0.8725999593734741","1","1","1","1","1","1","0.35580000281333923","0.35580000281333923","0.35580000281333923","0.8752999901771545","0.8752999901771545","0.8752999901771545","1","1","1","1","1","1","0.04429999738931656","0.04429999738931656","0.04429999738931656","1","1","1"
"8900","1","1","1","1","1","1","0.047599997371435165","0.047599997371435165","0.047599997371435165","1","1","1","1","1","1","1","1","1","0.042799998074769974","0.042799998074769974","0.042799998074769974","1","1","1","0.9999499917030334","0.9998999834060669","1","1","1","1","0.3857499957084656","0.3790999948978424","0.39239999651908875","0.6553999781608582","0.6498000025749207","0.6609999537467957","1","1","1","1","1","1","0.3512499928474426","0.3431999981403351","0.35929998755455017","0.8420499861240387","0.8357999920845032","0.8482999801635742","1","1","1","1","1","1","0.2793999910354614","0.2793999910354614","0.2793999910354614","0.8703999519348145","0.8703999519348145","0.8703999519348145","1","1","1","1","1","1","0.35099998116493225","0.35099998116493225","0.35099998116493225","0.8745999932289124","0.8745999932289124","0.8745999932289124","1","1","1","1","1","1","0.044099997729063034","0.044099997729063034","0.044099997729063034","1","1","1"
"8911","1","1","1","1","1","1","0.0478999987244606","0.0478999987244606","0.0478999987244606","1","1","1","1","1","1","1","1","1","0.04319999739527702","0.04319999739527702","0.04319999739527702","1","1","1","0.9999499917030334","0.9998999834060669","1","1","1","1","0.38609999418258667","0.3788999915122986","0.39329999685287476","0.6547999978065491","0.6495000123977661","0.660099983215332","1","1","1","1","1","1","0.35019999742507935","0.3334999978542328","0.3668999969959259","0.8422499895095825","0.8337000012397766","0.8507999777793884","1","1","1","1","1","1","0.2791999876499176","0.2791999876499176","0.2791999876499176","0.8693000078201294","0.8693000078201294","0.8693000078201294","1","1","1","1","1","1","0.35019999742507935","0.35019999742507935","0.35019999742507935","0.8739999532699585","0.8739999532699585","0.8739999532699585","1","1","1","1","1","1","0.04399999976158142","0.04399999976158142","0.04399999976158142","1","1","1"
"8922","1","1","1","1","1","1","0.0478999987244606","0.0478999987244606","0.0478999987244606","1","1","1","1","1","1","1","1","1","0.042799998074769974","0.042799998074769974","0.042799998074769974","1","1","1","0.9999499917030334","0.9998999834060669","1","1","1","1","0.3814999908208847","0.37459999322891235","0.38839998841285706","0.6524499654769897","0.6455999612808228","0.6592999696731567","1","1","1","1","1","1","0.3518499881029129","0.3382999897003174","0.3653999865055084","0.842199981212616","0.8345999717712402","0.8497999906539917","1","1","1","1","1","1","0.2906999886035919","0.2906999886035919","0.2906999886035919","0.8702999949455261","0.8702999949455261","0.8702999949455261","1","1","1","1","1","1","0.3552999794483185","0.3552999794483185","0.3552999794483185","0.8736000061035156","0.8736000061035156","0.8736000061035156","1","1","1","1","1","1","0.04399999976158142","0.04399999976158142","0.04399999976158142","1","1","1"
"8933","1","1","1","1","1","1","0.04749999940395355","0.04749999940395355","0.04749999940395355","1","1","1","1","1","1","1","1","1","0.04270000010728836","0.04270000010728836","0.04270000010728836","1","1","1","0.9999499917030334","0.9998999834060669","1","1","1","1","0.38689999282360077","0.38040000200271606","0.3933999836444855","0.6569499671459198","0.6510999798774719","0.6627999544143677","1","1","1","1","1","1","0.35309998691082","0.3434999883174896","0.3626999855041504","0.8427499830722809","0.8371999859809875","0.8482999801635742","1","1","1","1","1","1","0.2854999899864197","0.2854999899864197","0.2854999899864197","0.8696999549865723","0.8696999549865723","0.8696999549865723","1","1","1","1","1","1","0.3549000024795532","0.3549000024795532","0.3549000024795532","0.8744999766349792","0.8744999766349792","0.8744999766349792","1","1","1","1","1","1","0.043699998408555984","0.043699998408555984","0.043699998408555984","1","1","1"
"8944","1","1","1","1","1","1","0.04749999940395355","0.04749999940395355","0.04749999940395355","1","1","1","1","1","1","1","1","1","0.042500000447034836","0.042500000447034836","0.042500000447034836","1","1","1","0.9999499917030334","0.9998999834060669","1","1","1","1","0.39259999990463257","0.38580000400543213","0.399399995803833","0.6589499711990356","0.6541999578475952","0.6636999845504761","1","1","1","1","1","1","0.35134999454021454","0.33809998631477356","0.3646000027656555","0.8416999876499176","0.8343999981880188","0.8489999771118164","1","1","1","1","1","1","0.29269999265670776","0.29269999265670776","0.29269999265670776","0.8708999752998352","0.8708999752998352","0.8708999752998352","1","1","1","1","1","1","0.36319997906684875","0.36319997906684875","0.36319997906684875","0.8761000037193298","0.8761000037193298","0.8761000037193298","1","1","1","1","1","1","0.04399999976158142","0.04399999976158142","0.04399999976158142","1","1","1"
"8955","1","1","1","1","1","1","0.04779999703168869","0.04779999703168869","0.04779999703168869","1","1","1","1","1","1","1","1","1","0.042399998754262924","0.042399998754262924","0.042399998754262924","1","1","1","0.9999499917030334","0.9998999834060669","1","1","1","1","0.390299990773201","0.3840000033378601","0.39659997820854187","0.6587499976158142","0.6545000076293945","0.6629999876022339","1","1","1","1","1","1","0.3504999876022339","0.3400999903678894","0.36089998483657837","0.8408999741077423","0.8337999582290649","0.8479999899864197","1","1","1","1","1","1","0.2971999943256378","0.2971999943256378","0.2971999943256378","0.8732999563217163","0.8732999563217163","0.8732999563217163","1","1","1","1","1","1","0.3531999886035919","0.3531999886035919","0.3531999886035919","0.8743999600410461","0.8743999600410461","0.8743999600410461","1","1","1","1","1","1","0.04389999806880951","0.04389999806880951","0.04389999806880951","1","1","1"
"8966","1","1","1","1","1","1","0.0478999987244606","0.0478999987244606","0.0478999987244606","1","1","1","1","1","1","1","1","1","0.04230000078678131","0.04230000078678131","0.04230000078678131","1","1","1","0.9999499917030334","0.9998999834060669","1","1","1","1","0.3873499780893326","0.3780999779701233","0.39659997820854187","0.6570000052452087","0.6509000062942505","0.663100004196167","1","1","1","1","1","1","0.3430499881505966","0.3326999843120575","0.35339999198913574","0.841049998998642","0.8337000012397766","0.8483999967575073","1","1","1","1","1","1","0.28849998116493225","0.28849998116493225","0.28849998116493225","0.8718000054359436","0.8718000054359436","0.8718000054359436","1","1","1","1","1","1","0.35259997844696045","0.35259997844696045","0.35259997844696045","0.873699963092804","0.873699963092804","0.873699963092804","1","1","1","1","1","1","0.04399999976158142","0.04399999976158142","0.04399999976158142","1","1","1"
"8977","1","1","1","1","1","1","0.04779999703168869","0.04779999703168869","0.04779999703168869","1","1","1","1","1","1","1","1","1","0.042399998754262924","0.042399998754262924","0.042399998754262924","1","1","1","0.9999499917030334","0.9998999834060669","1","1","1","1","0.3849499821662903","0.3764999806880951","0.3933999836444855","0.6569499969482422","0.6502000093460083","0.6636999845504761","1","1","1","1","1","1","0.350600004196167","0.3375000059604645","0.3637000024318695","0.8413999676704407","0.8335999846458435","0.8491999506950378","1","1","1","1","1","1","0.30159997940063477","0.30159997940063477","0.30159997940063477","0.8741999864578247","0.8741999864578247","0.8741999864578247","1","1","1","1","1","1","0.35839998722076416","0.35839998722076416","0.35839998722076416","0.8748999834060669","0.8748999834060669","0.8748999834060669","1","1","1","1","1","1","0.04389999806880951","0.04389999806880951","0.04389999806880951","1","1","1"
"8988","1","1","1","1","1","1","0.04769999906420708","0.04769999906420708","0.04769999906420708","1","1","1","1","1","1","1","1","1","0.04270000010728836","0.04270000010728836","0.04270000010728836","1","1","1","0.9999499917030334","0.9998999834060669","1","1","1","1","0.38964998722076416","0.3870999813079834","0.3921999931335449","0.6590499579906464","0.6566999554634094","0.6613999605178833","1","1","1","1","1","1","0.3464999943971634","0.3400999903678894","0.3528999984264374","0.8407999873161316","0.8346999883651733","0.8468999862670898","1","1","1","1","1","1","0.3012999892234802","0.3012999892234802","0.3012999892234802","0.8737999796867371","0.8737999796867371","0.8737999796867371","1","1","1","1","1","1","0.3564999997615814","0.3564999997615814","0.3564999997615814","0.8747999668121338","0.8747999668121338","0.8747999668121338","1","1","1","1","1","1","0.04389999806880951","0.04389999806880951","0.04389999806880951","1","1","1"
"8999","1","1","1","1","1","1","0.04769999906420708","0.04769999906420708","0.04769999906420708","1","1","1","1","1","1","1","1","1","0.04270000010728836","0.04270000010728836","0.04270000010728836","1","1","1","0.9999499917030334","0.9998999834060669","1","1","1","1","0.38944999873638153","0.3783999979496002","0.40049999952316284","0.6586499810218811","0.6524999737739563","0.6647999882698059","1","1","1","1","1","1","0.34414999186992645","0.33709999918937683","0.3511999845504761","0.8396999835968018","0.8341000080108643","0.8452999591827393","1","1","1","1","1","1","0.30889999866485596","0.30889999866485596","0.30889999866485596","0.8745999932289124","0.8745999932289124","0.8745999932289124","1","1","1","1","1","1","0.3601999878883362","0.3601999878883362","0.3601999878883362","0.875","0.875","0.875","1","1","1","1","1","1","0.04389999806880951","0.04389999806880951","0.04389999806880951","1","1","1"
"9010","1","1","1","1","1","1","0.0478999987244606","0.0478999987244606","0.0478999987244606","1","1","1","1","1","1","1","1","1","0.04259999841451645","0.04259999841451645","0.04259999841451645","1","1","1","0.9999499917030334","0.9998999834060669","1","1","1","1","0.3887999951839447","0.3822999894618988","0.3953000009059906","0.6588999927043915","0.6559000015258789","0.661899983882904","1","1","1","1","1","1","0.34584999084472656","0.3391999900341034","0.35249999165534973","0.8396999835968018","0.8339999914169312","0.8453999757766724","1","1","1","1","1","1","0.3025999963283539","0.3025999963283539","0.3025999963283539","0.8740999698638916","0.8740999698638916","0.8740999698638916","1","1","1","1","1","1","0.3587999939918518","0.3587999939918518","0.3587999939918518","0.8755999803543091","0.8755999803543091","0.8755999803543091","1","1","1","1","1","1","0.043699998408555984","0.043699998408555984","0.043699998408555984","1","1","1"
"9021","1","1","1","1","1","1","0.04800000041723251","0.04800000041723251","0.04800000041723251","1","1","1","1","1","1","1","1","1","0.04270000010728836","0.04270000010728836","0.04270000010728836","1","1","1","1","1","1","1","1","1","0.3900499939918518","0.38769999146461487","0.39239999651908875","0.6589999794960022","0.656499981880188","0.6614999771118164","1","1","1","1","1","1","0.3489999920129776","0.3425000011920929","0.3554999828338623","0.8415499925613403","0.8361999988555908","0.8468999862670898","1","1","1","1","1","1","0.3122999966144562","0.3122999966144562","0.3122999966144562","0.8761999607086182","0.8761999607086182","0.8761999607086182","1","1","1","1","1","1","0.35749998688697815","0.35749998688697815","0.35749998688697815","0.8741999864578247","0.8741999864578247","0.8741999864578247","1","1","1","1","1","1","0.043800000101327896","0.043800000101327896","0.043800000101327896","1","1","1"
"9032","1","1","1","1","1","1","0.04779999703168869","0.04779999703168869","0.04779999703168869","1","1","1","1","1","1","1","1","1","0.04270000010728836","0.04270000010728836","0.04270000010728836","1","1","1","0.9999499917030334","0.9998999834060669","1","1","1","1","0.38899998366832733","0.38679999113082886","0.3911999762058258","0.6576999723911285","0.6548999547958374","0.6604999899864197","1","1","1","1","1","1","0.3481999933719635","0.3434999883174896","0.3528999984264374","0.8409999907016754","0.8371999859809875","0.8447999954223633","1","1","1","1","1","1","0.3105999827384949","0.3105999827384949","0.3105999827384949","0.8755999803543091","0.8755999803543091","0.8755999803543091","1","1","1","1","1","1","0.357699990272522","0.357699990272522","0.357699990272522","0.8736000061035156","0.8736000061035156","0.8736000061035156","1","1","1","1","1","1","0.04389999806880951","0.04389999806880951","0.04389999806880951","1","1","1"
"9043","1","1","1","1","1","1","0.04779999703168869","0.04779999703168869","0.04779999703168869","1","1","1","1","1","1","1","1","1","0.04270000010728836","0.04270000010728836","0.04270000010728836","1","1","1","0.9999499917030334","0.9998999834060669","1","1","1","1","0.3882499933242798","0.3836999833583832","0.3928000032901764","0.6575999855995178","0.6541000008583069","0.6610999703407288","1","1","1","1","1","1","0.3534499853849411","0.3481999933719635","0.3586999773979187","0.8426999747753143","0.838699996471405","0.8466999530792236","1","1","1","1","1","1","0.29999998211860657","0.29999998211860657","0.29999998211860657","0.8721999526023865","0.8721999526023865","0.8721999526023865","1","1","1","1","1","1","0.3446999788284302","0.3446999788284302","0.3446999788284302","0.8734999895095825","0.8734999895095825","0.8734999895095825","1","1","1","1","1","1","0.043699998408555984","0.043699998408555984","0.043699998408555984","1","1","1"
"9054","1","1","1","1","1","1","0.04800000041723251","0.04800000041723251","0.04800000041723251","1","1","1","1","1","1","1","1","1","0.04259999841451645","0.04259999841451645","0.04259999841451645","1","1","1","0.9999499917030334","0.9998999834060669","1","1","1","1","0.39559999108314514","0.3904999792575836","0.40070000290870667","0.6593499779701233","0.6557999849319458","0.6628999710083008","1","1","1","1","1","1","0.35474999248981476","0.3488999903202057","0.36059999465942383","0.8427999913692474","0.8379999995231628","0.847599983215332","1","1","1","1","1","1","0.32009997963905334","0.32009997963905334","0.32009997963905334","0.8757999539375305","0.8757999539375305","0.8757999539375305","1","1","1","1","1","1","0.35029998421669006","0.35029998421669006","0.35029998421669006","0.8737999796867371","0.8737999796867371","0.8737999796867371","1","1","1","1","1","1","0.043800000101327896","0.043800000101327896","0.043800000101327896","1","1","1"
"9065","1","1","1","1","1","1","0.0478999987244606","0.0478999987244606","0.0478999987244606","1","1","1","1","1","1","1","1","1","0.042899999767541885","0.042899999767541885","0.042899999767541885","1","1","1","0.9999499917030334","0.9998999834060669","1","1","1","1","0.38944999873638153","0.3869999945163727","0.3919000029563904","0.6570999920368195","0.6541000008583069","0.660099983215332","1","1","1","1","1","1","0.3524499833583832","0.3473999798297882","0.35749998688697815","0.8416999876499176","0.8370999693870544","0.8463000059127808","1","1","1","1","1","1","0.3127000033855438","0.3127000033855438","0.3127000033855438","0.873699963092804","0.873699963092804","0.873699963092804","1","1","1","1","1","1","0.34129998087882996","0.34129998087882996","0.34129998087882996","0.8722999691963196","0.8722999691963196","0.8722999691963196","1","1","1","1","1","1","0.043699998408555984","0.043699998408555984","0.043699998408555984","1","1","1"
"9076","1","1","1","1","1","1","0.0478999987244606","0.0478999987244606","0.0478999987244606","1","1","1","1","1","1","1","1","1","0.04270000010728836","0.04270000010728836","0.04270000010728836","1","1","1","0.9999499917030334","0.9998999834060669","1","1","1","1","0.38839998841285706","0.38359999656677246","0.39319998025894165","0.6559999883174896","0.6521999835968018","0.6597999930381775","1","1","1","1","1","1","0.3544999957084656","0.3434000015258789","0.36559998989105225","0.8414999842643738","0.8359000086784363","0.8470999598503113","1","1","1","1","1","1","0.30709999799728394","0.30709999799728394","0.30709999799728394","0.8747999668121338","0.8747999668121338","0.8747999668121338","1","1","1","1","1","1","0.3538999855518341","0.3538999855518341","0.3538999855518341","0.8752999901771545","0.8752999901771545","0.8752999901771545","1","1","1","1","1","1","0.04360000044107437","0.04360000044107437","0.04360000044107437","1","1","1"
"9087","1","1","1","1","1","1","0.04820000007748604","0.04820000007748604","0.04820000007748604","1","1","1","1","1","1","1","1","1","0.042500000447034836","0.042500000447034836","0.042500000447034836","1","1","1","0.9998999834060669","0.9997999668121338","1","1","1","1","0.390749990940094","0.3895999789237976","0.3919000029563904","0.6579999923706055","0.6554999947547913","0.6604999899864197","1","1","1","1","1","1","0.3509499877691269","0.33719998598098755","0.36469998955726624","0.8409499824047089","0.835099995136261","0.8467999696731567","1","1","1","1","1","1","0.3050999939441681","0.3050999939441681","0.3050999939441681","0.8739999532699585","0.8739999532699585","0.8739999532699585","1","1","1","1","1","1","0.22659999132156372","0.22659999132156372","0.22659999132156372","0.852899968624115","0.852899968624115","0.852899968624115","1","1","1","1","1","1","0.04389999806880951","0.04389999806880951","0.04389999806880951","1","1","1"
"9098","1","1","1","1","1","1","0.047599997371435165","0.047599997371435165","0.047599997371435165","1","1","1","1","1","1","1","1","1","0.042500000447034836","0.042500000447034836","0.042500000447034836","1","1","1","0.9999499917030334","0.9998999834060669","1","1","1","1","0.3826499879360199","0.3805999755859375","0.3847000002861023","0.6564500033855438","0.652999997138977","0.6599000096321106","1","1","1","1","1","1","0.3588999956846237","0.3497999906539917","0.36800000071525574","0.842849999666214","0.836899995803833","0.848800003528595","1","1","1","1","1","1","0.3093999922275543","0.3093999922275543","0.3093999922275543","0.8759999871253967","0.8759999871253967","0.8759999871253967","1","1","1","1","1","1","0.3553999960422516","0.3553999960422516","0.3553999960422516","0.8750999569892883","0.8750999569892883","0.8750999569892883","1","1","1","1","1","1","0.043800000101327896","0.043800000101327896","0.043800000101327896","1","1","1"
"9109","1","1","1","1","1","1","0.0478999987244606","0.0478999987244606","0.0478999987244606","1","1","1","1","1","1","1","1","1","0.042399998754262924","0.042399998754262924","0.042399998754262924","1","1","1","0.9999499917030334","0.9998999834060669","1","1","1","1","0.3854999989271164","0.3828999996185303","0.3880999982357025","0.6560499668121338","0.6531999707221985","0.6588999629020691","1","1","1","1","1","1","0.357699990272522","0.3506999909877777","0.36469998955726624","0.8433499932289124","0.838699996471405","0.8479999899864197","1","1","1","1","1","1","0.31360000371932983","0.31360000371932983","0.31360000371932983","0.8764999508857727","0.8764999508857727","0.8764999508857727","1","1","1","1","1","1","0.35359999537467957","0.35359999537467957","0.35359999537467957","0.8754000067710876","0.8754000067710876","0.8754000067710876","1","1","1","1","1","1","0.044099997729063034","0.044099997729063034","0.044099997729063034","1","1","1"
"9120","1","1","1","1","1","1","0.04769999906420708","0.04769999906420708","0.04769999906420708","1","1","1","1","1","1","1","1","1","0.042500000447034836","0.042500000447034836","0.042500000447034836","1","1","1","0.9999499917030334","0.9998999834060669","1","1","1","1","0.37984998524188995","0.37599998712539673","0.3836999833583832","0.6541000008583069","0.6507999897003174","0.6574000120162964","1","1","1","1","1","1","0.36329998075962067","0.3536999821662903","0.37289997935295105","0.8447499871253967","0.8389999866485596","0.8504999876022339","1","1","1","1","1","1","0.30219998955726624","0.30219998955726624","0.30219998955726624","0.8738999962806702","0.8738999962806702","0.8738999962806702","1","1","1","1","1","1","0.3497999906539917","0.3497999906539917","0.3497999906539917","0.8743000030517578","0.8743000030517578","0.8743000030517578","1","1","1","1","1","1","0.043800000101327896","0.043800000101327896","0.043800000101327896","1","1","1"
"9131","1","1","1","1","1","1","0.04769999906420708","0.04769999906420708","0.04769999906420708","1","1","1","1","1","1","1","1","1","0.042500000447034836","0.042500000447034836","0.042500000447034836","1","1","1","0.9999499917030334","0.9998999834060669","1","1","1","1","0.38314998149871826","0.38119998574256897","0.38509997725486755","0.6555499732494354","0.6548999547958374","0.6561999917030334","1","1","1","1","1","1","0.35659998655319214","0.3504999876022339","0.3626999855041504","0.8423499763011932","0.8382999897003174","0.8463999629020691","1","1","1","1","1","1","0.29899999499320984","0.29899999499320984","0.29899999499320984","0.8727999925613403","0.8727999925613403","0.8727999925613403","1","1","1","1","1","1","0.3432999849319458","0.3432999849319458","0.3432999849319458","0.8725999593734741","0.8725999593734741","0.8725999593734741","1","1","1","1","1","1","0.04360000044107437","0.04360000044107437","0.04360000044107437","1","1","1"
"9142","1","1","1","1","1","1","0.047599997371435165","0.047599997371435165","0.047599997371435165","1","1","1","1","1","1","1","1","1","0.042500000447034836","0.042500000447034836","0.042500000447034836","1","1","1","0.9998999834060669","0.9997999668121338","1","1","1","1","0.3842499852180481","0.3771999776363373","0.3912999927997589","0.6564499735832214","0.6527999639511108","0.660099983215332","1","1","1","1","1","1","0.35304999351501465","0.34619998931884766","0.35989999771118164","0.8413499891757965","0.836899995803833","0.84579998254776","1","1","1","1","1","1","0.3017999827861786","0.3017999827861786","0.3017999827861786","0.8744999766349792","0.8744999766349792","0.8744999766349792","1","1","1","1","1","1","0.344899982213974","0.344899982213974","0.344899982213974","0.873699963092804","0.873699963092804","0.873699963092804","1","1","1","1","1","1","0.04389999806880951","0.04389999806880951","0.04389999806880951","1","1","1"
"9153","1","1","1","1","1","1","0.04729999974370003","0.04729999974370003","0.04729999974370003","1","1","1","1","1","1","1","1","1","0.04209999740123749","0.04209999740123749","0.04209999740123749","1","1","1","0.9999499917030334","0.9998999834060669","1","1","1","1","0.38134999573230743","0.37229999899864197","0.3903999924659729","0.6548999845981598","0.6510999798774719","0.6586999893188477","1","1","1","1","1","1","0.3577999919652939","0.34219998121261597","0.3734000027179718","0.8425499796867371","0.8361999988555908","0.8488999605178833","1","1","1","1","1","1","0.29490000009536743","0.29490000009536743","0.29490000009536743","0.8726999759674072","0.8726999759674072","0.8726999759674072","1","1","1","1","1","1","0.3549000024795532","0.3549000024795532","0.3549000024795532","0.8743000030517578","0.8743000030517578","0.8743000030517578","1","1","1","1","1","1","0.04360000044107437","0.04360000044107437","0.04360000044107437","1","1","1"
"9164","1","1","1","1","1","1","0.04820000007748604","0.04820000007748604","0.04820000007748604","1","1","1","1","1","1","1","1","1","0.0421999990940094","0.0421999990940094","0.0421999990940094","1","1","1","0.9999499917030334","0.9998999834060669","1","1","1","1","0.3831999897956848","0.37950000166893005","0.3868999779224396","0.6552499830722809","0.6531999707221985","0.6572999954223633","1","1","1","1","1","1","0.35794998705387115","0.33969998359680176","0.37619999051094055","0.8423999547958374","0.835599958896637","0.8491999506950378","1","1","1","1","1","1","0.30069997906684875","0.30069997906684875","0.30069997906684875","0.873199999332428","0.873199999332428","0.873199999332428","1","1","1","1","1","1","0.36409997940063477","0.36409997940063477","0.36409997940063477","0.875499963760376","0.875499963760376","0.875499963760376","1","1","1","1","1","1","0.043699998408555984","0.043699998408555984","0.043699998408555984","1","1","1"
"9175","1","1","1","1","1","1","0.04769999906420708","0.04769999906420708","0.04769999906420708","1","1","1","1","1","1","1","1","1","0.042799998074769974","0.042799998074769974","0.042799998074769974","1","1","1","0.9999499917030334","0.9998999834060669","1","1","1","1","0.3903999924659729","0.38989999890327454","0.39089998602867126","0.6593999862670898","0.65829998254776","0.6604999899864197","1","1","1","1","1","1","0.35899999737739563","0.34880000352859497","0.3691999912261963","0.8428499698638916","0.8378999829292297","0.8477999567985535","1","1","1","1","1","1","0.3037000000476837","0.3037000000476837","0.3037000000476837","0.8748999834060669","0.8748999834060669","0.8748999834060669","1","1","1","1","1","1","0.3594000041484833","0.3594000041484833","0.3594000041484833","0.8739999532699585","0.8739999532699585","0.8739999532699585","1","1","1","1","1","1","0.04389999806880951","0.04389999806880951","0.04389999806880951","1","1","1"
"9186","1","1","1","1","1","1","0.04809999838471413","0.04809999838471413","0.04809999838471413","1","1","1","1","1","1","1","1","1","0.042799998074769974","0.042799998074769974","0.042799998074769974","1","1","1","0.9999499917030334","0.9998999834060669","1","1","1","1","0.3906499892473221","0.38909998536109924","0.3921999931335449","0.6597999632358551","0.6574999690055847","0.6620999574661255","1","1","1","1","1","1","0.35999999940395355","0.3531000018119812","0.3668999969959259","0.8435499668121338","0.839199960231781","0.8478999733924866","1","1","1","1","1","1","0.30640000104904175","0.30640000104904175","0.30640000104904175","0.875499963760376","0.875499963760376","0.875499963760376","1","1","1","1","1","1","0.3571999967098236","0.3571999967098236","0.3571999967098236","0.8743000030517578","0.8743000030517578","0.8743000030517578","1","1","1","1","1","1","0.04360000044107437","0.04360000044107437","0.04360000044107437","1","1","1"
"9197","1","1","1","1","1","1","0.04800000041723251","0.04800000041723251","0.04800000041723251","1","1","1","1","1","1","1","1","1","0.04259999841451645","0.04259999841451645","0.04259999841451645","1","1","1","0.9999499917030334","0.9998999834060669","1","1","1","1","0.3832999914884567","0.38109999895095825","0.3854999840259552","0.6550499796867371","0.6545999646186829","0.6554999947547913","1","1","1","1","1","1","0.35349997878074646","0.343099981546402","0.36389997601509094","0.8423499763011932","0.836899995803833","0.8477999567985535","1","1","1","1","1","1","0.30859997868537903","0.30859997868537903","0.30859997868537903","0.8757999539375305","0.8757999539375305","0.8757999539375305","1","1","1","1","1","1","0.37109997868537903","0.37109997868537903","0.37109997868537903","0.8772000074386597","0.8772000074386597","0.8772000074386597","1","1","1","1","1","1","0.04349999874830246","0.04349999874830246","0.04349999874830246","1","1","1"
"9208","1","1","1","1","1","1","0.04779999703168869","0.04779999703168869","0.04779999703168869","1","1","1","1","1","1","1","1","1","0.04270000010728836","0.04270000010728836","0.04270000010728836","1","1","1","0.9999499917030334","0.9998999834060669","1","1","1","1","0.38349997997283936","0.3805999755859375","0.3863999843597412","0.6544499695301056","0.6527999639511108","0.6560999751091003","1","1","1","1","1","1","0.3546999841928482","0.343099981546402","0.36629998683929443","0.8421499729156494","0.8366999626159668","0.847599983215332","1","1","1","1","1","1","0.30140000581741333","0.30140000581741333","0.30140000581741333","0.8744999766349792","0.8744999766349792","0.8744999766349792","1","1","1","1","1","1","0.36399999260902405","0.36399999260902405","0.36399999260902405","0.8755999803543091","0.8755999803543091","0.8755999803543091","1","1","1","1","1","1","0.043800000101327896","0.043800000101327896","0.043800000101327896","1","1","1"
"9219","1","1","1","1","1","1","0.04779999703168869","0.04779999703168869","0.04779999703168869","1","1","1","1","1","1","1","1","1","0.0429999977350235","0.0429999977350235","0.0429999977350235","1","1","1","0.9999499917030334","0.9998999834060669","1","1","1","1","0.3779999911785126","0.3757999837398529","0.38019999861717224","0.651199996471405","0.6486999988555908","0.6536999940872192","1","1","1","1","1","1","0.35409998893737793","0.3440999984741211","0.36409997940063477","0.842199981212616","0.836899995803833","0.8474999666213989","1","1","1","1","1","1","0.2985999882221222","0.2985999882221222","0.2985999882221222","0.8744999766349792","0.8744999766349792","0.8744999766349792","1","1","1","1","1","1","0.3637999892234802","0.3637999892234802","0.3637999892234802","0.8758999705314636","0.8758999705314636","0.8758999705314636","1","1","1","1","1","1","0.04399999976158142","0.04399999976158142","0.04399999976158142","1","1","1"
"9230","1","1","1","1","1","1","0.04809999838471413","0.04809999838471413","0.04809999838471413","1","1","1","1","1","1","1","1","1","0.04270000010728836","0.04270000010728836","0.04270000010728836","1","1","1","0.9999499917030334","0.9998999834060669","1","1","1","1","0.3760499954223633","0.37599998712539673","0.37610000371932983","0.6519499719142914","0.651699960231781","0.6521999835968018","1","1","1","1","1","1","0.34929999709129333","0.33799999952316284","0.36059999465942383","0.8409999907016754","0.835099995136261","0.8468999862670898","1","1","1","1","1","1","0.30640000104904175","0.30640000104904175","0.30640000104904175","0.8755999803543091","0.8755999803543091","0.8755999803543091","1","1","1","1","1","1","0.3658999800682068","0.3658999800682068","0.3658999800682068","0.8755999803543091","0.8755999803543091","0.8755999803543091","1","1","1","1","1","1","0.04399999976158142","0.04399999976158142","0.04399999976158142","1","1","1"
"9241","1","1","1","1","1","1","0.0478999987244606","0.0478999987244606","0.0478999987244606","1","1","1","1","1","1","1","1","1","0.042799998074769974","0.042799998074769974","0.042799998074769974","1","1","1","0.9999499917030334","0.9998999834060669","1","1","1","1","0.37529999017715454","0.37359997630119324","0.37700000405311584","0.6510999798774719","0.6491999626159668","0.652999997138977","1","1","1","1","1","1","0.35429999232292175","0.343999981880188","0.3646000027656555","0.8425000011920929","0.8366000056266785","0.8483999967575073","1","1","1","1","1","1","0.29899999499320984","0.29899999499320984","0.29899999499320984","0.8743999600410461","0.8743999600410461","0.8743999600410461","1","1","1","1","1","1","0.3686999976634979","0.3686999976634979","0.3686999976634979","0.8761000037193298","0.8761000037193298","0.8761000037193298","1","1","1","1","1","1","0.043699998408555984","0.043699998408555984","0.043699998408555984","1","1","1"
"9252","1","1","1","1","1","1","0.0478999987244606","0.0478999987244606","0.0478999987244606","1","1","1","1","1","1","1","1","1","0.042899999767541885","0.042899999767541885","0.042899999767541885","1","1","1","0.9999499917030334","0.9998999834060669","1","1","1","1","0.3788999915122986","0.37709999084472656","0.3806999921798706","0.6547999978065491","0.6504999995231628","0.6590999960899353","1","1","1","1","1","1","0.34939998388290405","0.3401999771595001","0.358599990606308","0.8404499590396881","0.8348999619483948","0.8459999561309814","1","1","1","1","1","1","0.3000999987125397","0.3000999987125397","0.3000999987125397","0.8741999864578247","0.8741999864578247","0.8741999864578247","1","1","1","1","1","1","0.3610999882221222","0.3610999882221222","0.3610999882221222","0.8747999668121338","0.8747999668121338","0.8747999668121338","1","1","1","1","1","1","0.04360000044107437","0.04360000044107437","0.04360000044107437","1","1","1"
"9263","1","1","1","1","1","1","0.0478999987244606","0.0478999987244606","0.0478999987244606","1","1","1","1","1","1","1","1","1","0.042399998754262924","0.042399998754262924","0.042399998754262924","1","1","1","0.9999499917030334","0.9998999834060669","1","1","1","1","0.37985000014305115","0.37929999828338623","0.38040000200271606","0.6549499928951263","0.6542999744415283","0.6556000113487244","1","1","1","1","1","1","0.3488999903202057","0.3385999798774719","0.35920000076293945","0.8401999771595001","0.8351999521255493","0.8452000021934509","1","1","1","1","1","1","0.30660000443458557","0.30660000443458557","0.30660000443458557","0.8755999803543091","0.8755999803543091","0.8755999803543091","1","1","1","1","1","1","0.36149999499320984","0.36149999499320984","0.36149999499320984","0.8747999668121338","0.8747999668121338","0.8747999668121338","1","1","1","1","1","1","0.04389999806880951","0.04389999806880951","0.04389999806880951","1","1","1"
"9274","1","1","1","1","1","1","0.04779999703168869","0.04779999703168869","0.04779999703168869","1","1","1","1","1","1","1","1","1","0.04259999841451645","0.04259999841451645","0.04259999841451645","1","1","1","0.9999499917030334","0.9998999834060669","1","1","1","1","0.3796999901533127","0.37849998474121094","0.38089999556541443","0.6545499861240387","0.6539999842643738","0.6550999879837036","1","1","1","1","1","1","0.3423999845981598","0.3375999927520752","0.3471999764442444","0.8396500051021576","0.8355000019073486","0.8438000082969666","1","1","1","1","1","1","0.30570000410079956","0.30570000410079956","0.30570000410079956","0.8755999803543091","0.8755999803543091","0.8755999803543091","1","1","1","1","1","1","0.362199991941452","0.362199991941452","0.362199991941452","0.8748999834060669","0.8748999834060669","0.8748999834060669","1","1","1","1","1","1","0.04429999738931656","0.04429999738931656","0.04429999738931656","1","1","1"
"9285","1","1","1","1","1","1","0.0478999987244606","0.0478999987244606","0.0478999987244606","1","1","1","1","1","1","1","1","1","0.04270000010728836","0.04270000010728836","0.04270000010728836","1","1","1","1","1","1","1","1","1","0.38054999709129333","0.3772999942302704","0.3837999999523163","0.654449999332428","0.651199996471405","0.6577000021934509","1","1","1","1","1","1","0.3393999934196472","0.33809998631477356","0.3407000005245209","0.8382499814033508","0.8348999619483948","0.8416000008583069","1","1","1","1","1","1","0.2976999878883362","0.2976999878883362","0.2976999878883362","0.8733999729156494","0.8733999729156494","0.8733999729156494","1","1","1","1","1","1","0.3537999987602234","0.3537999987602234","0.3537999987602234","0.8734999895095825","0.8734999895095825","0.8734999895095825","1","1","1","1","1","1","0.04349999874830246","0.04349999874830246","0.04349999874830246","1","1","1"
"9296","1","1","1","1","1","1","0.0478999987244606","0.0478999987244606","0.0478999987244606","1","1","1","1","1","1","1","1","1","0.042799998074769974","0.042799998074769974","0.042799998074769974","1","1","1","0.9999499917030334","0.9998999834060669","1","1","1","1","0.3780499994754791","0.3756999969482422","0.38040000200271606","0.6539499759674072","0.6506999731063843","0.6571999788284302","1","1","1","1","1","1","0.3450999855995178","0.33159998059272766","0.358599990606308","0.8399499654769897","0.8337999582290649","0.8460999727249146","1","1","1","1","1","1","0.29760000109672546","0.29760000109672546","0.29760000109672546","0.8725999593734741","0.8725999593734741","0.8725999593734741","1","1","1","1","1","1","0.36329999566078186","0.36329999566078186","0.36329999566078186","0.8751999735832214","0.8751999735832214","0.8751999735832214","1","1","1","1","1","1","0.04360000044107437","0.04360000044107437","0.04360000044107437","1","1","1"
"9307","1","1","1","1","1","1","0.04809999838471413","0.04809999838471413","0.04809999838471413","1","1","1","1","1","1","1","1","1","0.04309999942779541","0.04309999942779541","0.04309999942779541","1","1","1","0.9999499917030334","0.9998999834060669","1","1","1","1","0.3804999887943268","0.3781999945640564","0.38279998302459717","0.655349999666214","0.6541000008583069","0.6565999984741211","1","1","1","1","1","1","0.34539999067783356","0.3333999812602997","0.35740000009536743","0.8386999666690826","0.8341999650001526","0.8431999683380127","1","1","1","1","1","1","0.3051999807357788","0.3051999807357788","0.3051999807357788","0.8746999502182007","0.8746999502182007","0.8746999502182007","1","1","1","1","1","1","0.36249998211860657","0.36249998211860657","0.36249998211860657","0.8751999735832214","0.8751999735832214","0.8751999735832214","1","1","1","1","1","1","0.04399999976158142","0.04399999976158142","0.04399999976158142","1","1","1"
"9318","1","1","1","1","1","1","0.047599997371435165","0.047599997371435165","0.047599997371435165","1","1","1","1","1","1","1","1","1","0.04270000010728836","0.04270000010728836","0.04270000010728836","1","1","1","0.9999499917030334","0.9998999834060669","1","1","1","1","0.37769998610019684","0.37529999017715454","0.38009998202323914","0.6530999839305878","0.6504999995231628","0.6556999683380127","1","1","1","1","1","1","0.3459499925374985","0.33079999685287476","0.3610999882221222","0.8401499688625336","0.8337999582290649","0.8464999794960022","1","1","1","1","1","1","0.29659998416900635","0.29659998416900635","0.29659998416900635","0.8739999532699585","0.8739999532699585","0.8739999532699585","1","1","1","1","1","1","0.3586999773979187","0.3586999773979187","0.3586999773979187","0.8745999932289124","0.8745999932289124","0.8745999932289124","1","1","1","1","1","1","0.04389999806880951","0.04389999806880951","0.04389999806880951","1","1","1"
"9329","1","1","1","1","1","1","0.0478999987244606","0.0478999987244606","0.0478999987244606","1","1","1","1","1","1","1","1","1","0.04270000010728836","0.04270000010728836","0.04270000010728836","1","1","1","0.9999499917030334","0.9998999834060669","1","1","1","1","0.3771999925374985","0.3747999966144562","0.37959998846054077","0.653549998998642","0.6523000001907349","0.6547999978065491","1","1","1","1","1","1","0.3485499918460846","0.3366999924182892","0.36039999127388","0.8399499952793121","0.8348000049591064","0.8450999855995178","1","1","1","1","1","1","0.2976999878883362","0.2976999878883362","0.2976999878883362","0.8734999895095825","0.8734999895095825","0.8734999895095825","1","1","1","1","1","1","0.35189998149871826","0.35189998149871826","0.35189998149871826","0.8732999563217163","0.8732999563217163","0.8732999563217163","1","1","1","1","1","1","0.04399999976158142","0.04399999976158142","0.04399999976158142","1","1","1"
"9340","1","1","1","1","1","1","0.04779999703168869","0.04779999703168869","0.04779999703168869","1","1","1","1","1","1","1","1","1","0.042799998074769974","0.042799998074769974","0.042799998074769974","1","1","1","0.9999499917030334","0.9998999834060669","1","1","1","1","0.37915000319480896","0.37860000133514404","0.3797000050544739","0.6541999876499176","0.6539999842643738","0.6543999910354614","1","1","1","1","1","1","0.3375999927520752","0.33149999380111694","0.34369999170303345","0.836899995803833","0.8328999876976013","0.8409000039100647","1","1","1","1","1","1","0.29839998483657837","0.29839998483657837","0.29839998483657837","0.8744999766349792","0.8744999766349792","0.8744999766349792","1","1","1","1","1","1","0.35979998111724854","0.35979998111724854","0.35979998111724854","0.8745999932289124","0.8745999932289124","0.8745999932289124","1","1","1","1","1","1","0.043800000101327896","0.043800000101327896","0.043800000101327896","1","1","1"
"9351","1","1","1","1","1","1","0.04769999906420708","0.04769999906420708","0.04769999906420708","1","1","1","1","1","1","1","1","1","0.04259999841451645","0.04259999841451645","0.04259999841451645","1","1","1","0.9999499917030334","0.9998999834060669","1","1","1","1","0.37709999084472656","0.374099999666214","0.38009998202323914","0.6540999710559845","0.6523999571800232","0.6557999849319458","1","1","1","1","1","1","0.3471999913454056","0.33149999380111694","0.3628999888896942","0.8396999835968018","0.8337000012397766","0.8456999659538269","1","1","1","1","1","1","0.3005000054836273","0.3005000054836273","0.3005000054836273","0.8741999864578247","0.8741999864578247","0.8741999864578247","1","1","1","1","1","1","0.3536999821662903","0.3536999821662903","0.3536999821662903","0.8739999532699585","0.8739999532699585","0.8739999532699585","1","1","1","1","1","1","0.044199999421834946","0.044199999421834946","0.044199999421834946","1","1","1"
"9362","1","1","1","1","1","1","0.048499997705221176","0.048499997705221176","0.048499997705221176","1","1","1","1","1","1","1","1","1","0.0429999977350235","0.0429999977350235","0.0429999977350235","1","1","1","0.9999499917030334","0.9998999834060669","1","1","1","1","0.3746500015258789","0.3743000030517578","0.375","0.6516499817371368","0.6505999565124512","0.6527000069618225","1","1","1","1","1","1","0.3488999903202057","0.33409997820854187","0.3637000024318695","0.8397999703884125","0.8337999582290649","0.84579998254776","1","1","1","1","1","1","0.2928999960422516","0.2928999960422516","0.2928999960422516","0.8722999691963196","0.8722999691963196","0.8722999691963196","1","1","1","1","1","1","0.34869998693466187","0.34869998693466187","0.34869998693466187","0.8729999661445618","0.8729999661445618","0.8729999661445618","1","1","1","1","1","1","0.04349999874830246","0.04349999874830246","0.04349999874830246","1","1","1"
"9373","1","1","1","1","1","1","0.0478999987244606","0.0478999987244606","0.0478999987244606","1","1","1","1","1","1","1","1","1","0.0429999977350235","0.0429999977350235","0.0429999977350235","1","1","1","0.9999499917030334","0.9998999834060669","1","1","1","1","0.370199978351593","0.369299978017807","0.37109997868537903","0.6494500041007996","0.6484000086784363","0.6504999995231628","1","1","1","1","1","1","0.34164999425411224","0.32109999656677246","0.362199991941452","0.837399959564209","0.8291999697685242","0.8455999493598938","1","1","1","1","1","1","0.3052999973297119","0.3052999973297119","0.3052999973297119","0.8743999600410461","0.8743999600410461","0.8743999600410461","1","1","1","1","1","1","0.34439998865127563","0.34439998865127563","0.34439998865127563","0.8723999857902527","0.8723999857902527","0.8723999857902527","1","1","1","1","1","1","0.04399999976158142","0.04399999976158142","0.04399999976158142","1","1","1"
"9384","1","1","1","1","1","1","0.04809999838471413","0.04809999838471413","0.04809999838471413","1","1","1","1","1","1","1","1","1","0.0429999977350235","0.0429999977350235","0.0429999977350235","1","1","1","0.9999499917030334","0.9998999834060669","1","1","1","1","0.3713499903678894","0.36640000343322754","0.37629997730255127","0.6513499915599823","0.6481999754905701","0.6545000076293945","1","1","1","1","1","1","0.3516499996185303","0.33959999680519104","0.3637000024318695","0.8406999707221985","0.8353999853134155","0.8459999561309814","1","1","1","1","1","1","0.3111000061035156","0.3111000061035156","0.3111000061035156","0.8758999705314636","0.8758999705314636","0.8758999705314636","1","1","1","1","1","1","0.3522000014781952","0.3522000014781952","0.3522000014781952","0.873199999332428","0.873199999332428","0.873199999332428","1","1","1","1","1","1","0.04360000044107437","0.04360000044107437","0.04360000044107437","1","1","1"
"9395","1","1","1","1","1","1","0.04809999838471413","0.04809999838471413","0.04809999838471413","1","1","1","1","1","1","1","1","1","0.0429999977350235","0.0429999977350235","0.0429999977350235","1","1","1","0.9999499917030334","0.9998999834060669","1","1","1","1","0.3760499954223633","0.3725000023841858","0.37959998846054077","0.6532999873161316","0.6503999829292297","0.6561999917030334","1","1","1","1","1","1","0.352649986743927","0.33739998936653137","0.36789998412132263","0.8417499959468842","0.8366000056266785","0.8468999862670898","1","1","1","1","1","1","0.3009999990463257","0.3009999990463257","0.3009999990463257","0.8744999766349792","0.8744999766349792","0.8744999766349792","1","1","1","1","1","1","0.35109999775886536","0.35109999775886536","0.35109999775886536","0.8729999661445618","0.8729999661445618","0.8729999661445618","1","1","1","1","1","1","0.04360000044107437","0.04360000044107437","0.04360000044107437","1","1","1"
"9406","1","1","1","1","1","1","0.04820000007748604","0.04820000007748604","0.04820000007748604","1","1","1","1","1","1","1","1","1","0.04270000010728836","0.04270000010728836","0.04270000010728836","1","1","1","0.9999499917030334","0.9998999834060669","1","1","1","1","0.3769499957561493","0.36959999799728394","0.38429999351501465","0.6530499756336212","0.6489999890327454","0.6570999622344971","1","1","1","1","1","1","0.35314999520778656","0.33809998631477356","0.36820000410079956","0.8408499956130981","0.8359000086784363","0.84579998254776","1","1","1","1","1","1","0.2994000017642975","0.2994000017642975","0.2994000017642975","0.8732999563217163","0.8732999563217163","0.8732999563217163","1","1","1","1","1","1","0.3504999876022339","0.3504999876022339","0.3504999876022339","0.8725000023841858","0.8725000023841858","0.8725000023841858","1","1","1","1","1","1","0.044199999421834946","0.044199999421834946","0.044199999421834946","1","1","1"
"9417","1","1","1","1","1","1","0.04779999703168869","0.04779999703168869","0.04779999703168869","1","1","1","1","1","1","1","1","1","0.042899999767541885","0.042899999767541885","0.042899999767541885","1","1","1","0.9999499917030334","0.9998999834060669","1","1","1","1","0.37469999492168427","0.3725000023841858","0.37689998745918274","0.6510999798774719","0.6509999632835388","0.651199996471405","1","1","1","1","1","1","0.3464999943971634","0.3253999948501587","0.3675999939441681","0.8385999798774719","0.8307999968528748","0.8463999629020691","1","1","1","1","1","1","0.2913999855518341","0.2913999855518341","0.2913999855518341","0.8716999888420105","0.8716999888420105","0.8716999888420105","1","1","1","1","1","1","0.34630000591278076","0.34630000591278076","0.34630000591278076","0.8726999759674072","0.8726999759674072","0.8726999759674072","1","1","1","1","1","1","0.043699998408555984","0.043699998408555984","0.043699998408555984","1","1","1"
"9428","1","1","1","1","1","1","0.04800000041723251","0.04800000041723251","0.04800000041723251","1","1","1","1","1","1","1","1","1","0.042399998754262924","0.042399998754262924","0.042399998754262924","1","1","1","0.9999499917030334","0.9998999834060669","1","1","1","1","0.38279998302459717","0.3755999803543091","0.38999998569488525","0.6562999784946442","0.6527999639511108","0.6597999930381775","1","1","1","1","1","1","0.3506999909877777","0.3375000059604645","0.36389997601509094","0.8405999839305878","0.8353999853134155","0.84579998254776","1","1","1","1","1","1","0.2978000044822693","0.2978000044822693","0.2978000044822693","0.871999979019165","0.871999979019165","0.871999979019165","1","1","1","1","1","1","0.35189998149871826","0.35189998149871826","0.35189998149871826","0.8741999864578247","0.8741999864578247","0.8741999864578247","1","1","1","1","1","1","0.04389999806880951","0.04389999806880951","0.04389999806880951","1","1","1"
"9439","1","1","1","1","1","1","0.04779999703168869","0.04779999703168869","0.04779999703168869","1","1","1","1","1","1","1","1","1","0.042799998074769974","0.042799998074769974","0.042799998074769974","1","1","1","0.9999499917030334","0.9998999834060669","1","1","1","1","0.3841499984264374","0.3815999925136566","0.38670000433921814","0.6581000089645386","0.6563000082969666","0.6599000096321106","1","1","1","1","1","1","0.34734998643398285","0.3351999819278717","0.359499990940094","0.8396999835968018","0.835099995136261","0.8442999720573425","1","1","1","1","1","1","0.30660000443458557","0.30660000443458557","0.30660000443458557","0.8738999962806702","0.8738999962806702","0.8738999962806702","1","1","1","1","1","1","0.3423999845981598","0.3423999845981598","0.3423999845981598","0.8725000023841858","0.8725000023841858","0.8725000023841858","1","1","1","1","1","1","0.044099997729063034","0.044099997729063034","0.044099997729063034","1","1","1"
"9450","1","1","1","1","1","1","0.04779999703168869","0.04779999703168869","0.04779999703168869","1","1","1","1","1","1","1","1","1","0.04309999942779541","0.04309999942779541","0.04309999942779541","1","1","1","0.9999499917030334","0.9998999834060669","1","1","1","1","0.3805999904870987","0.3781999945640564","0.382999986410141","0.6558499932289124","0.652999997138977","0.6586999893188477","1","1","1","1","1","1","0.35224999487400055","0.33709999918937683","0.36739999055862427","0.8411499857902527","0.8356999754905701","0.8465999960899353","1","1","1","1","1","1","0.30649998784065247","0.30649998784065247","0.30649998784065247","0.8738999962806702","0.8738999962806702","0.8738999962806702","1","1","1","1","1","1","0.35259997844696045","0.35259997844696045","0.35259997844696045","0.8726999759674072","0.8726999759674072","0.8726999759674072","1","1","1","1","1","1","0.04389999806880951","0.04389999806880951","0.04389999806880951","1","1","1"
"9461","1","1","1","1","1","1","0.0478999987244606","0.0478999987244606","0.0478999987244606","1","1","1","1","1","1","1","1","1","0.042799998074769974","0.042799998074769974","0.042799998074769974","1","1","1","0.9999499917030334","0.9998999834060669","1","1","1","1","0.38234998285770416","0.37779998779296875","0.3868999779224396","0.6561999619007111","0.6527999639511108","0.6595999598503113","1","1","1","1","1","1","0.35269999504089355","0.3449999988079071","0.36039999127388","0.8413499891757965","0.836899995803833","0.84579998254776","1","1","1","1","1","1","0.3005000054836273","0.3005000054836273","0.3005000054836273","0.8723999857902527","0.8723999857902527","0.8723999857902527","1","1","1","1","1","1","0.3522000014781952","0.3522000014781952","0.3522000014781952","0.8734999895095825","0.8734999895095825","0.8734999895095825","1","1","1","1","1","1","0.044099997729063034","0.044099997729063034","0.044099997729063034","1","1","1"
"9472","1","1","1","1","1","1","0.04739999771118164","0.04739999771118164","0.04739999771118164","1","1","1","1","1","1","1","1","1","0.04270000010728836","0.04270000010728836","0.04270000010728836","1","1","1","0.9999499917030334","0.9998999834060669","1","1","1","1","0.3890499919652939","0.38109999895095825","0.3969999849796295","0.6589999794960022","0.6532999873161316","0.6646999716758728","1","1","1","1","1","1","0.3546999841928482","0.33949998021125793","0.3698999881744385","0.8422499895095825","0.8360999822616577","0.8483999967575073","1","1","1","1","1","1","0.3026999831199646","0.3026999831199646","0.3026999831199646","0.8733999729156494","0.8733999729156494","0.8733999729156494","1","1","1","1","1","1","0.3586999773979187","0.3586999773979187","0.3586999773979187","0.8739999532699585","0.8739999532699585","0.8739999532699585","1","1","1","1","1","1","0.04429999738931656","0.04429999738931656","0.04429999738931656","1","1","1"
"9483","1","1","1","1","1","1","0.04749999940395355","0.04749999940395355","0.04749999940395355","1","1","1","1","1","1","1","1","1","0.04259999841451645","0.04259999841451645","0.04259999841451645","1","1","1","0.9999499917030334","0.9998999834060669","1","1","1","1","0.38669998943805695","0.3805999755859375","0.3928000032901764","0.6586999595165253","0.6527999639511108","0.6645999550819397","1","1","1","1","1","1","0.3566499948501587","0.34459999203681946","0.3686999976634979","0.8432499766349792","0.8374999761581421","0.8489999771118164","1","1","1","1","1","1","0.3026999831199646","0.3026999831199646","0.3026999831199646","0.8727999925613403","0.8727999925613403","0.8727999925613403","1","1","1","1","1","1","0.366599977016449","0.366599977016449","0.366599977016449","0.8759999871253967","0.8759999871253967","0.8759999871253967","1","1","1","1","1","1","0.04360000044107437","0.04360000044107437","0.04360000044107437","1","1","1"
"9494","1","1","1","1","1","1","0.04809999838471413","0.04809999838471413","0.04809999838471413","1","1","1","1","1","1","1","1","1","0.0429999977350235","0.0429999977350235","0.0429999977350235","1","1","1","0.9999499917030334","0.9998999834060669","1","1","1","1","0.39579999446868896","0.3837999999523163","0.40779998898506165","0.6644999980926514","0.6572999954223633","0.6717000007629395","1","1","1","1","1","1","0.3570999950170517","0.3431999981403351","0.3709999918937683","0.8425499796867371","0.8364999890327454","0.8485999703407288","1","1","1","1","1","1","0.29440000653266907","0.29440000653266907","0.29440000653266907","0.8711999654769897","0.8711999654769897","0.8711999654769897","1","1","1","1","1","1","0.3610000014305115","0.3610000014305115","0.3610000014305115","0.8755999803543091","0.8755999803543091","0.8755999803543091","1","1","1","1","1","1","0.04399999976158142","0.04399999976158142","0.04399999976158142","1","1","1"
"9505","1","1","1","1","1","1","0.04769999906420708","0.04769999906420708","0.04769999906420708","1","1","1","1","1","1","1","1","1","0.042899999767541885","0.042899999767541885","0.042899999767541885","1","1","1","0.9999499917030334","0.9998999834060669","1","1","1","1","0.39649997651576996","0.3902999758720398","0.4026999771595001","0.6654999852180481","0.6586999893188477","0.6722999811172485","1","1","1","1","1","1","0.35589998960494995","0.3471999764442444","0.3646000027656555","0.8420499861240387","0.8374999761581421","0.8465999960899353","1","1","1","1","1","1","0.2944999933242798","0.2944999933242798","0.2944999933242798","0.8709999918937683","0.8709999918937683","0.8709999918937683","1","1","1","1","1","1","0.3666999936103821","0.3666999936103821","0.3666999936103821","0.8755999803543091","0.8755999803543091","0.8755999803543091","1","1","1","1","1","1","0.04360000044107437","0.04360000044107437","0.04360000044107437","1","1","1"
"9516","1","1","1","1","1","1","0.04749999940395355","0.04749999940395355","0.04749999940395355","1","1","1","1","1","1","1","1","1","0.042899999767541885","0.042899999767541885","0.042899999767541885","1","1","1","0.9999499917030334","0.9998999834060669","1","1","1","1","0.38899998366832733","0.38419997692108154","0.3937999904155731","0.6605999767780304","0.660099983215332","0.6610999703407288","1","1","1","1","1","1","0.3543499857187271","0.3495999872684479","0.35909998416900635","0.8418499827384949","0.8384000062942505","0.8452999591827393","1","1","1","1","1","1","0.28630000352859497","0.28630000352859497","0.28630000352859497","0.8703999519348145","0.8703999519348145","0.8703999519348145","1","1","1","1","1","1","0.3612000048160553","0.3612000048160553","0.3612000048160553","0.8750999569892883","0.8750999569892883","0.8750999569892883","1","1","1","1","1","1","0.04389999806880951","0.04389999806880951","0.04389999806880951","1","1","1"
"9527","1","1","1","1","1","1","0.04809999838471413","0.04809999838471413","0.04809999838471413","1","1","1","1","1","1","1","1","1","0.042899999767541885","0.042899999767541885","0.042899999767541885","1","1","1","0.9999499917030334","0.9998999834060669","1","1","1","1","0.3860499858856201","0.3836999833583832","0.38839998841285706","0.6585499942302704","0.6552000045776367","0.661899983882904","1","1","1","1","1","1","0.3505999892950058","0.3458999991416931","0.3552999794483185","0.8405999541282654","0.8369999527931213","0.8441999554634094","1","1","1","1","1","1","0.27719998359680176","0.27719998359680176","0.27719998359680176","0.8695999979972839","0.8695999979972839","0.8695999979972839","1","1","1","1","1","1","0.36469998955726624","0.36469998955726624","0.36469998955726624","0.8752999901771545","0.8752999901771545","0.8752999901771545","1","1","1","1","1","1","0.043699998408555984","0.043699998408555984","0.043699998408555984","1","1","1"
"9538","1","1","1","1","1","1","0.04809999838471413","0.04809999838471413","0.04809999838471413","1","1","1","1","1","1","1","1","1","0.04270000010728836","0.04270000010728836","0.04270000010728836","1","1","1","0.9999499917030334","0.9998999834060669","1","1","1","1","0.3884499967098236","0.37619999051094055","0.40070000290870667","0.6593999862670898","0.6502000093460083","0.6685999631881714","1","1","1","1","1","1","0.3494499921798706","0.34450000524520874","0.35439997911453247","0.8401499688625336","0.8363999724388123","0.8438999652862549","1","1","1","1","1","1","0.28509998321533203","0.28509998321533203","0.28509998321533203","0.870199978351593","0.870199978351593","0.870199978351593","1","1","1","1","1","1","0.368399977684021","0.368399977684021","0.368399977684021","0.8759999871253967","0.8759999871253967","0.8759999871253967","1","1","1","1","1","1","0.043800000101327896","0.043800000101327896","0.043800000101327896","1","1","1"
"9549","1","1","1","1","1","1","0.04779999703168869","0.04779999703168869","0.04779999703168869","1","1","1","1","1","1","1","1","1","0.042899999767541885","0.042899999767541885","0.042899999767541885","1","1","1","1","1","1","1","1","1","0.3894999921321869","0.38359999656677246","0.3953999876976013","0.6595999896526337","0.6539999842643738","0.6651999950408936","1","1","1","1","1","1","0.34835000336170197","0.3416000008583069","0.35510000586509705","0.8395499885082245","0.835099995136261","0.843999981880188","1","1","1","1","1","1","0.2897000014781952","0.2897000014781952","0.2897000014781952","0.8708999752998352","0.8708999752998352","0.8708999752998352","1","1","1","1","1","1","0.35850000381469727","0.35850000381469727","0.35850000381469727","0.8750999569892883","0.8750999569892883","0.8750999569892883","1","1","1","1","1","1","0.04399999976158142","0.04399999976158142","0.04399999976158142","1","1","1"
"9560","1","1","1","1","1","1","0.04809999838471413","0.04809999838471413","0.04809999838471413","1","1","1","1","1","1","1","1","1","0.042899999767541885","0.042899999767541885","0.042899999767541885","1","1","1","0.9999499917030334","0.9998999834060669","1","1","1","1","0.3925999850034714","0.3854999840259552","0.39969998598098755","0.6635999977588654","0.6552000045776367","0.671999990940094","1","1","1","1","1","1","0.33959999680519104","0.33660000562667847","0.3425999879837036","0.8373499810695648","0.8339999914169312","0.8406999707221985","1","1","1","1","1","1","0.2906999886035919","0.2906999886035919","0.2906999886035919","0.8707000017166138","0.8707000017166138","0.8707000017166138","1","1","1","1","1","1","0.3563999831676483","0.3563999831676483","0.3563999831676483","0.8751999735832214","0.8751999735832214","0.8751999735832214","1","1","1","1","1","1","0.044199999421834946","0.044199999421834946","0.044199999421834946","1","1","1"
"9571","1","1","1","1","1","1","0.047599997371435165","0.047599997371435165","0.047599997371435165","1","1","1","1","1","1","1","1","1","0.042899999767541885","0.042899999767541885","0.042899999767541885","1","1","1","0.9999499917030334","0.9998999834060669","1","1","1","1","0.39034999907016754","0.3783999979496002","0.40230000019073486","0.661899983882904","0.651199996471405","0.6725999712944031","1","1","1","1","1","1","0.34025000035762787","0.33570000529289246","0.3447999954223633","0.8374999761581421","0.8337000012397766","0.8412999510765076","1","1","1","1","1","1","0.296999990940094","0.296999990940094","0.296999990940094","0.8718999624252319","0.8718999624252319","0.8718999624252319","1","1","1","1","1","1","0.35999998450279236","0.35999998450279236","0.35999998450279236","0.8759999871253967","0.8759999871253967","0.8759999871253967","1","1","1","1","1","1","0.044099997729063034","0.044099997729063034","0.044099997729063034","1","1","1"
"9582","1","1","1","1","1","1","0.04800000041723251","0.04800000041723251","0.04800000041723251","1","1","1","1","1","1","1","1","1","0.0429999977350235","0.0429999977350235","0.0429999977350235","1","1","1","0.9999499917030334","0.9998999834060669","1","1","1","1","0.3859499841928482","0.37289997935295105","0.39899998903274536","0.6601499617099762","0.6491999626159668","0.6710999608039856","1","1","1","1","1","1","0.34564998745918274","0.3333999812602997","0.3578999936580658","0.8378499746322632","0.8327999711036682","0.8428999781608582","1","1","1","1","1","1","0.2874999940395355","0.2874999940395355","0.2874999940395355","0.8712999820709229","0.8712999820709229","0.8712999820709229","1","1","1","1","1","1","0.36239999532699585","0.36239999532699585","0.36239999532699585","0.8764999508857727","0.8764999508857727","0.8764999508857727","1","1","1","1","1","1","0.043800000101327896","0.043800000101327896","0.043800000101327896","1","1","1"
"9593","1","1","1","1","1","1","0.04779999703168869","0.04779999703168869","0.04779999703168869","1","1","1","1","1","1","1","1","1","0.042799998074769974","0.042799998074769974","0.042799998074769974","1","1","1","0.9999499917030334","0.9998999834060669","1","1","1","1","0.39104999601840973","0.3774999976158142","0.40459999442100525","0.6626999974250793","0.6518999934196472","0.6735000014305115","1","1","1","1","1","1","0.3503499925136566","0.3400999903678894","0.36059999465942383","0.8395499885082245","0.8352999687194824","0.8438000082969666","1","1","1","1","1","1","0.29510000348091125","0.29510000348091125","0.29510000348091125","0.8721999526023865","0.8721999526023865","0.8721999526023865","1","1","1","1","1","1","0.3596999943256378","0.3596999943256378","0.3596999943256378","0.8750999569892883","0.8750999569892883","0.8750999569892883","1","1","1","1","1","1","0.04349999874830246","0.04349999874830246","0.04349999874830246","1","1","1"
"9604","1","1","1","1","1","1","0.04779999703168869","0.04779999703168869","0.04779999703168869","1","1","1","1","1","1","1","1","1","0.0429999977350235","0.0429999977350235","0.0429999977350235","1","1","1","0.9999499917030334","0.9998999834060669","1","1","1","1","0.39169998466968536","0.38419997692108154","0.3991999924182892","0.6632999777793884","0.6554999947547913","0.6710999608039856","1","1","1","1","1","1","0.34129998087882996","0.3385999798774719","0.343999981880188","0.837799996137619","0.835099995136261","0.840499997138977","1","1","1","1","1","1","0.28519999980926514","0.28519999980926514","0.28519999980926514","0.8703999519348145","0.8703999519348145","0.8703999519348145","1","1","1","1","1","1","0.36139997839927673","0.36139997839927673","0.36139997839927673","0.8746999502182007","0.8746999502182007","0.8746999502182007","1","1","1","1","1","1","0.04399999976158142","0.04399999976158142","0.04399999976158142","1","1","1"
"9615","1","1","1","1","1","1","0.04749999940395355","0.04749999940395355","0.04749999940395355","1","1","1","1","1","1","1","1","1","0.042899999767541885","0.042899999767541885","0.042899999767541885","1","1","1","0.9999499917030334","0.9998999834060669","1","1","1","1","0.3905999958515167","0.38199999928474426","0.3991999924182892","0.6625999808311462","0.6535999774932861","0.6715999841690063","1","1","1","1","1","1","0.346000000834465","0.34450000524520874","0.3474999964237213","0.8387499749660492","0.8359999656677246","0.8414999842643738","1","1","1","1","1","1","0.2847999930381775","0.2847999930381775","0.2847999930381775","0.8710999488830566","0.8710999488830566","0.8710999488830566","1","1","1","1","1","1","0.3578999936580658","0.3578999936580658","0.3578999936580658","0.8751999735832214","0.8751999735832214","0.8751999735832214","1","1","1","1","1","1","0.043800000101327896","0.043800000101327896","0.043800000101327896","1","1","1"
"9626","1","1","1","1","1","1","0.047599997371435165","0.047599997371435165","0.047599997371435165","1","1","1","1","1","1","1","1","1","0.042899999767541885","0.042899999767541885","0.042899999767541885","1","1","1","0.9999499917030334","0.9998999834060669","1","1","1","1","0.3948500007390976","0.38199999928474426","0.4077000021934509","0.6650499701499939","0.6548999547958374","0.6751999855041504","1","1","1","1","1","1","0.3431999832391739","0.33559998869895935","0.3507999777793884","0.8387999832630157","0.8348999619483948","0.8427000045776367","1","1","1","1","1","1","0.2825999855995178","0.2825999855995178","0.2825999855995178","0.8705999851226807","0.8705999851226807","0.8705999851226807","1","1","1","1","1","1","0.35580000281333923","0.35580000281333923","0.35580000281333923","0.8745999932289124","0.8745999932289124","0.8745999932289124","1","1","1","1","1","1","0.04360000044107437","0.04360000044107437","0.04360000044107437","1","1","1"
"9637","1","1","1","1","1","1","0.04749999940395355","0.04749999940395355","0.04749999940395355","1","1","1","1","1","1","1","1","1","0.042899999767541885","0.042899999767541885","0.042899999767541885","1","1","1","0.9999499917030334","0.9998999834060669","1","1","1","1","0.3937999904155731","0.38839998841285706","0.3991999924182892","0.6647499799728394","0.6572999954223633","0.6721999645233154","1","1","1","1","1","1","0.3511999845504761","0.3423999845981598","0.35999998450279236","0.8411999940872192","0.8375999927520752","0.8447999954223633","1","1","1","1","1","1","0.281499981880188","0.281499981880188","0.281499981880188","0.870199978351593","0.870199978351593","0.870199978351593","1","1","1","1","1","1","0.3580999970436096","0.3580999970436096","0.3580999970436096","0.8743999600410461","0.8743999600410461","0.8743999600410461","1","1","1","1","1","1","0.043699998408555984","0.043699998408555984","0.043699998408555984","1","1","1"
"9648","1","1","1","1","1","1","0.04749999940395355","0.04749999940395355","0.04749999940395355","1","1","1","1","1","1","1","1","1","0.04309999942779541","0.04309999942779541","0.04309999942779541","1","1","1","0.9999499917030334","0.9998999834060669","1","1","1","1","0.390749990940094","0.3877999782562256","0.3937000036239624","0.6623499691486359","0.6581999659538269","0.6664999723434448","1","1","1","1","1","1","0.3425999879837036","0.3308999836444855","0.35429999232292175","0.8391000032424927","0.8337000012397766","0.8445000052452087","1","1","1","1","1","1","0.2858999967575073","0.2858999967575073","0.2858999967575073","0.8710999488830566","0.8710999488830566","0.8710999488830566","1","1","1","1","1","1","0.3497999906539917","0.3497999906539917","0.3497999906539917","0.8732999563217163","0.8732999563217163","0.8732999563217163","1","1","1","1","1","1","0.043800000101327896","0.043800000101327896","0.043800000101327896","1","1","1"
"9659","1","1","1","1","1","1","0.04779999703168869","0.04779999703168869","0.04779999703168869","1","1","1","1","1","1","1","1","1","0.042899999767541885","0.042899999767541885","0.042899999767541885","1","1","1","0.9999499917030334","0.9998999834060669","1","1","1","1","0.3901999890804291","0.38999998569488525","0.3903999924659729","0.6618499755859375","0.6590999960899353","0.6645999550819397","1","1","1","1","1","1","0.34644998610019684","0.33879998326301575","0.35409998893737793","0.8393499851226807","0.835099995136261","0.8435999751091003","1","1","1","1","1","1","0.2865999937057495","0.2865999937057495","0.2865999937057495","0.8709999918937683","0.8709999918937683","0.8709999918937683","1","1","1","1","1","1","0.35760000348091125","0.35760000348091125","0.35760000348091125","0.8752999901771545","0.8752999901771545","0.8752999901771545","1","1","1","1","1","1","0.043699998408555984","0.043699998408555984","0.043699998408555984","1","1","1"
"9670","1","1","1","1","1","1","0.04779999703168869","0.04779999703168869","0.04779999703168869","1","1","1","1","1","1","1","1","1","0.042799998074769974","0.042799998074769974","0.042799998074769974","1","1","1","0.9999499917030334","0.9998999834060669","1","1","1","1","0.39329998195171356","0.3926999866962433","0.39389997720718384","0.6616499722003937","0.6595999598503113","0.6636999845504761","1","1","1","1","1","1","0.3536499887704849","0.34299999475479126","0.3642999827861786","0.8422499597072601","0.8370999693870544","0.8473999500274658","1","1","1","1","1","1","0.27950000762939453","0.27950000762939453","0.27950000762939453","0.8691999912261963","0.8691999912261963","0.8691999912261963","1","1","1","1","1","1","0.3545999825000763","0.3545999825000763","0.3545999825000763","0.875","0.875","0.875","1","1","1","1","1","1","0.043699998408555984","0.043699998408555984","0.043699998408555984","1","1","1"
"9681","1","1","1","1","1","1","0.047599997371435165","0.047599997371435165","0.047599997371435165","1","1","1","1","1","1","1","1","1","0.04309999942779541","0.04309999942779541","0.04309999942779541","1","1","1","0.9999499917030334","0.9998999834060669","1","1","1","1","0.38864998519420624","0.38769999146461487","0.3895999789237976","0.6603999733924866","0.6577999591827393","0.6629999876022339","1","1","1","1","1","1","0.34859998524188995","0.3423999845981598","0.3547999858856201","0.8402999937534332","0.8361999988555908","0.8443999886512756","1","1","1","1","1","1","0.28110000491142273","0.28110000491142273","0.28110000491142273","0.8694999814033508","0.8694999814033508","0.8694999814033508","1","1","1","1","1","1","0.3498999774456024","0.3498999774456024","0.3498999774456024","0.873699963092804","0.873699963092804","0.873699963092804","1","1","1","1","1","1","0.043699998408555984","0.043699998408555984","0.043699998408555984","1","1","1"
"9692","1","1","1","1","1","1","0.047599997371435165","0.047599997371435165","0.047599997371435165","1","1","1","1","1","1","1","1","1","0.042799998074769974","0.042799998074769974","0.042799998074769974","1","1","1","0.9999499917030334","0.9998999834060669","1","1","1","1","0.3839999884366989","0.3790999948978424","0.3888999819755554","0.6566999852657318","0.6491999626159668","0.6642000079154968","1","1","1","1","1","1","0.34949998557567596","0.3328999876976013","0.3660999834537506","0.8395499885082245","0.8324999809265137","0.8465999960899353","1","1","1","1","1","1","0.28349998593330383","0.28349998593330383","0.28349998593330383","0.8702999949455261","0.8702999949455261","0.8702999949455261","1","1","1","1","1","1","0.3553999960422516","0.3553999960422516","0.3553999960422516","0.8747999668121338","0.8747999668121338","0.8747999668121338","1","1","1","1","1","1","0.043699998408555984","0.043699998408555984","0.043699998408555984","1","1","1"
"9703","1","1","1","1","1","1","0.0478999987244606","0.0478999987244606","0.0478999987244606","1","1","1","1","1","1","1","1","1","0.042899999767541885","0.042899999767541885","0.042899999767541885","1","1","1","0.9999499917030334","0.9998999834060669","1","1","1","1","0.3836499899625778","0.37790000438690186","0.3893999755382538","0.6570499837398529","0.6498000025749207","0.6642999649047852","1","1","1","1","1","1","0.3598499894142151","0.3456999957561493","0.3739999830722809","0.8422499895095825","0.8363999724388123","0.8481000065803528","1","1","1","1","1","1","0.29019999504089355","0.29019999504089355","0.29019999504089355","0.8722999691963196","0.8722999691963196","0.8722999691963196","1","1","1","1","1","1","0.3522000014781952","0.3522000014781952","0.3522000014781952","0.8745999932289124","0.8745999932289124","0.8745999932289124","1","1","1","1","1","1","0.043800000101327896","0.043800000101327896","0.043800000101327896","1","1","1"
"9714","1","1","1","1","1","1","0.04749999940395355","0.04749999940395355","0.04749999940395355","1","1","1","1","1","1","1","1","1","0.042899999767541885","0.042899999767541885","0.042899999767541885","1","1","1","0.9999499917030334","0.9998999834060669","1","1","1","1","0.37494999170303345","0.36809998750686646","0.38179999589920044","0.6525499820709229","0.6518999934196472","0.6531999707221985","1","1","1","1","1","1","0.3585499972105026","0.3463999927043915","0.37070000171661377","0.8410999774932861","0.8366000056266785","0.8455999493598938","1","1","1","1","1","1","0.2978000044822693","0.2978000044822693","0.2978000044822693","0.8727999925613403","0.8727999925613403","0.8727999925613403","1","1","1","1","1","1","0.34389999508857727","0.34389999508857727","0.34389999508857727","0.8726999759674072","0.8726999759674072","0.8726999759674072","1","1","1","1","1","1","0.04399999976158142","0.04399999976158142","0.04399999976158142","1","1","1"
"9725","1","1","1","1","1","1","0.04769999906420708","0.04769999906420708","0.04769999906420708","1","1","1","1","1","1","1","1","1","0.04319999739527702","0.04319999739527702","0.04319999739527702","1","1","1","0.9999499917030334","0.9998999834060669","1","1","1","1","0.3842500001192093","0.3837999999523163","0.3847000002861023","0.6561000049114227","0.6534000039100647","0.6588000059127808","1","1","1","1","1","1","0.35679998993873596","0.3465999960899353","0.3669999837875366","0.8410999774932861","0.8366999626159668","0.8454999923706055","1","1","1","1","1","1","0.2947999835014343","0.2947999835014343","0.2947999835014343","0.8718000054359436","0.8718000054359436","0.8718000054359436","1","1","1","1","1","1","0.34139999747276306","0.34139999747276306","0.34139999747276306","0.8725000023841858","0.8725000023841858","0.8725000023841858","1","1","1","1","1","1","0.04349999874830246","0.04349999874830246","0.04349999874830246","1","1","1"
"9736","1","1","1","1","1","1","0.04800000041723251","0.04800000041723251","0.04800000041723251","1","1","1","1","1","1","1","1","1","0.04309999942779541","0.04309999942779541","0.04309999942779541","1","1","1","0.9999499917030334","0.9998999834060669","1","1","1","1","0.38634999096393585","0.3813000023365021","0.39139997959136963","0.6577999889850616","0.6524999737739563","0.663100004196167","1","1","1","1","1","1","0.35519999265670776","0.35009998083114624","0.3603000044822693","0.8410499691963196","0.8378999829292297","0.8441999554634094","1","1","1","1","1","1","0.2929999828338623","0.2929999828338623","0.2929999828338623","0.8720999956130981","0.8720999956130981","0.8720999956130981","1","1","1","1","1","1","0.3326999843120575","0.3326999843120575","0.3326999843120575","0.8698999881744385","0.8698999881744385","0.8698999881744385","1","1","1","1","1","1","0.043800000101327896","0.043800000101327896","0.043800000101327896","1","1","1"
"9747","1","1","1","1","1","1","0.04779999703168869","0.04779999703168869","0.04779999703168869","1","1","1","1","1","1","1","1","1","0.043299999088048935","0.043299999088048935","0.043299999088048935","1","1","1","0.9999499917030334","0.9998999834060669","1","1","1","1","0.38804998993873596","0.3831999897956848","0.3928999900817871","0.6585499942302704","0.6534000039100647","0.6636999845504761","1","1","1","1","1","1","0.3507999926805496","0.34299999475479126","0.358599990606308","0.8384499847888947","0.8345999717712402","0.8422999978065491","1","1","1","1","1","1","0.29420000314712524","0.29420000314712524","0.29420000314712524","0.871999979019165","0.871999979019165","0.871999979019165","1","1","1","1","1","1","0.3382999897003174","0.3382999897003174","0.3382999897003174","0.8716999888420105","0.8716999888420105","0.8716999888420105","1","1","1","1","1","1","0.043699998408555984","0.043699998408555984","0.043699998408555984","1","1","1"
"9758","1","1","1","1","1","1","0.04749999940395355","0.04749999940395355","0.04749999940395355","1","1","1","1","1","1","1","1","1","0.04309999942779541","0.04309999942779541","0.04309999942779541","1","1","1","0.9999499917030334","0.9998999834060669","1","1","1","1","0.3869500011205673","0.3856000006198883","0.38830000162124634","0.658050000667572","0.6538000106811523","0.6622999906539917","1","1","1","1","1","1","0.3491999953985214","0.34779998660087585","0.350600004196167","0.8391999900341034","0.836899995803833","0.8414999842643738","1","1","1","1","1","1","0.2874999940395355","0.2874999940395355","0.2874999940395355","0.8698999881744385","0.8698999881744385","0.8698999881744385","1","1","1","1","1","1","0.34299999475479126","0.34299999475479126","0.34299999475479126","0.871999979019165","0.871999979019165","0.871999979019165","1","1","1","1","1","1","0.04339999705553055","0.04339999705553055","0.04339999705553055","1","1","1"
"9769","1","1","1","1","1","1","0.04769999906420708","0.04769999906420708","0.04769999906420708","1","1","1","1","1","1","1","1","1","0.042899999767541885","0.042899999767541885","0.042899999767541885","1","1","1","0.9999499917030334","0.9998999834060669","1","1","1","1","0.3824999928474426","0.3813000023365021","0.3836999833583832","0.6557999849319458","0.6513999700546265","0.6601999998092651","1","1","1","1","1","1","0.34804998338222504","0.33879998326301575","0.3572999835014343","0.8400499820709229","0.8359999656677246","0.8440999984741211","1","1","1","1","1","1","0.2919999957084656","0.2919999957084656","0.2919999957084656","0.8707999587059021","0.8707999587059021","0.8707999587059021","1","1","1","1","1","1","0.3409999907016754","0.3409999907016754","0.3409999907016754","0.8711999654769897","0.8711999654769897","0.8711999654769897","1","1","1","1","1","1","0.04399999976158142","0.04399999976158142","0.04399999976158142","1","1","1"
"9780","1","1","1","1","1","1","0.04769999906420708","0.04769999906420708","0.04769999906420708","1","1","1","1","1","1","1","1","1","0.04309999942779541","0.04309999942779541","0.04309999942779541","1","1","1","0.9999499917030334","0.9998999834060669","1","1","1","1","0.3893499821424484","0.3877999782562256","0.39089998602867126","0.66034996509552","0.6567999720573425","0.6638999581336975","1","1","1","1","1","1","0.3429499864578247","0.3360999822616577","0.3497999906539917","0.8387999534606934","0.8351999521255493","0.8423999547958374","1","1","1","1","1","1","0.29749998450279236","0.29749998450279236","0.29749998450279236","0.871399998664856","0.871399998664856","0.871399998664856","1","1","1","1","1","1","0.3520999848842621","0.3520999848842621","0.3520999848842621","0.8738999962806702","0.8738999962806702","0.8738999962806702","1","1","1","1","1","1","0.04399999976158142","0.04399999976158142","0.04399999976158142","1","1","1"
"9791","1","1","1","1","1","1","0.04769999906420708","0.04769999906420708","0.04769999906420708","1","1","1","1","1","1","1","1","1","0.04349999874830246","0.04349999874830246","0.04349999874830246","1","1","1","0.9999499917030334","0.9998999834060669","1","1","1","1","0.3842499852180481","0.37939998507499695","0.38909998536109924","0.6575499773025513","0.6570999622344971","0.6579999923706055","0.9999499917030334","0.9998999834060669","1","1","1","1","0.34664998948574066","0.33239999413490295","0.36089998483657837","0.839199960231781","0.8337999582290649","0.8445999622344971","1","1","1","1","1","1","0.30629998445510864","0.30629998445510864","0.30629998445510864","0.8728999495506287","0.8728999495506287","0.8728999495506287","1","1","1","1","1","1","0.35040000081062317","0.35040000081062317","0.35040000081062317","0.8723999857902527","0.8723999857902527","0.8723999857902527","1","1","1","1","1","1","0.04389999806880951","0.04389999806880951","0.04389999806880951","1","1","1"
"9802","1","1","1","1","1","1","0.0478999987244606","0.0478999987244606","0.0478999987244606","1","1","1","1","1","1","1","1","1","0.04309999942779541","0.04309999942779541","0.04309999942779541","1","1","1","0.9999499917030334","0.9998999834060669","1","1","1","1","0.38449999690055847","0.3828999996185303","0.38609999418258667","0.6578499972820282","0.6577000021934509","0.6579999923706055","1","1","1","1","1","1","0.33694998919963837","0.32889997959136963","0.3449999988079071","0.8370999693870544","0.8335999846458435","0.8405999541282654","1","1","1","1","1","1","0.3093000054359436","0.3093000054359436","0.3093000054359436","0.873699963092804","0.873699963092804","0.873699963092804","1","1","1","1","1","1","0.3455999791622162","0.3455999791622162","0.3455999791622162","0.8718000054359436","0.8718000054359436","0.8718000054359436","1","1","1","1","1","1","0.044199999421834946","0.044199999421834946","0.044199999421834946","1","1","1"
"9813","1","1","1","1","1","1","0.04729999974370003","0.04729999974370003","0.04729999974370003","1","1","1","1","1","1","1","1","1","0.04319999739527702","0.04319999739527702","0.04319999739527702","1","1","1","0.9999499917030334","0.9998999834060669","1","1","1","1","0.38659998774528503","0.385699987411499","0.38749998807907104","0.6605499982833862","0.6590999960899353","0.6620000004768372","1","1","1","1","1","1","0.3431999981403351","0.33660000562667847","0.3497999906539917","0.8378499746322632","0.8342999815940857","0.8413999676704407","1","1","1","1","1","1","0.3061999976634979","0.3061999976634979","0.3061999976634979","0.873199999332428","0.873199999332428","0.873199999332428","1","1","1","1","1","1","0.34869998693466187","0.34869998693466187","0.34869998693466187","0.8725000023841858","0.8725000023841858","0.8725000023841858","1","1","1","1","1","1","0.04389999806880951","0.04389999806880951","0.04389999806880951","1","1","1"
"9824","1","1","1","1","1","1","0.04779999703168869","0.04779999703168869","0.04779999703168869","1","1","1","1","1","1","1","1","1","0.04309999942779541","0.04309999942779541","0.04309999942779541","1","1","1","0.9999499917030334","0.9998999834060669","1","1","1","1","0.3824999928474426","0.3813999891281128","0.38359999656677246","0.6572499573230743","0.6559999585151672","0.6584999561309814","1","1","1","1","1","1","0.3458999991416931","0.3375999927520752","0.35420000553131104","0.838949978351593","0.8351999521255493","0.8427000045776367","1","1","1","1","1","1","0.30859997868537903","0.30859997868537903","0.30859997868537903","0.873199999332428","0.873199999332428","0.873199999332428","1","1","1","1","1","1","0.34929999709129333","0.34929999709129333","0.34929999709129333","0.8725000023841858","0.8725000023841858","0.8725000023841858","1","1","1","1","1","1","0.04349999874830246","0.04349999874830246","0.04349999874830246","1","1","1"
"9835","1","1","1","1","1","1","0.0478999987244606","0.0478999987244606","0.0478999987244606","1","1","1","1","1","1","1","1","1","0.04270000010728836","0.04270000010728836","0.04270000010728836","1","1","1","0.9999499917030334","0.9998999834060669","1","1","1","1","0.38169999420642853","0.37939998507499695","0.3840000033378601","0.657649964094162","0.6556999683380127","0.6595999598503113","1","1","1","1","1","1","0.3470499813556671","0.3351999819278717","0.3588999807834625","0.8394499719142914","0.8348999619483948","0.843999981880188","1","1","1","1","1","1","0.3041999936103821","0.3041999936103821","0.3041999936103821","0.8729999661445618","0.8729999661445618","0.8729999661445618","1","1","1","1","1","1","0.35019999742507935","0.35019999742507935","0.35019999742507935","0.8729999661445618","0.8729999661445618","0.8729999661445618","1","1","1","1","1","1","0.04339999705553055","0.04339999705553055","0.04339999705553055","1","1","1"
"9846","1","1","1","1","1","1","0.04800000041723251","0.04800000041723251","0.04800000041723251","1","1","1","1","1","1","1","1","1","0.0429999977350235","0.0429999977350235","0.0429999977350235","1","1","1","0.9999499917030334","0.9998999834060669","1","1","1","1","0.3832999914884567","0.37860000133514404","0.3879999816417694","0.6572499871253967","0.6507999897003174","0.6636999845504761","1","1","1","1","1","1","0.3480999916791916","0.3358999788761139","0.3603000044822693","0.8395499885082245","0.8337000012397766","0.8453999757766724","1","1","1","1","1","1","0.29269999265670776","0.29269999265670776","0.29269999265670776","0.8712999820709229","0.8712999820709229","0.8712999820709229","1","1","1","1","1","1","0.352400004863739","0.352400004863739","0.352400004863739","0.8734999895095825","0.8734999895095825","0.8734999895095825","1","1","1","1","1","1","0.044099997729063034","0.044099997729063034","0.044099997729063034","1","1","1"
"9857","1","1","1","1","1","1","0.04779999703168869","0.04779999703168869","0.04779999703168869","1","1","1","1","1","1","1","1","1","0.042899999767541885","0.042899999767541885","0.042899999767541885","1","1","1","0.9999499917030334","0.9998999834060669","1","1","1","1","0.39010000228881836","0.38760000467300415","0.39259999990463257","0.6609500050544739","0.6563000082969666","0.6656000018119812","1","1","1","1","1","1","0.346249982714653","0.3333999812602997","0.35909998416900635","0.840149998664856","0.835099995136261","0.8452000021934509","1","1","1","1","1","1","0.2928999960422516","0.2928999960422516","0.2928999960422516","0.8707999587059021","0.8707999587059021","0.8707999587059021","1","1","1","1","1","1","0.3490999937057495","0.3490999937057495","0.3490999937057495","0.8725000023841858","0.8725000023841858","0.8725000023841858","1","1","1","1","1","1","0.04360000044107437","0.04360000044107437","0.04360000044107437","1","1","1"
"9868","1","1","1","1","1","1","0.0478999987244606","0.0478999987244606","0.0478999987244606","1","1","1","1","1","1","1","1","1","0.0429999977350235","0.0429999977350235","0.0429999977350235","1","1","1","0.9999499917030334","0.9998999834060669","1","1","1","1","0.38804998993873596","0.38179999589920044","0.3942999839782715","0.6601999998092651","0.6532999873161316","0.6671000123023987","1","1","1","1","1","1","0.33869999647140503","0.31769999861717224","0.3596999943256378","0.8370499610900879","0.8305999636650085","0.8434999585151672","1","1","1","1","1","1","0.29099997878074646","0.29099997878074646","0.29099997878074646","0.8705999851226807","0.8705999851226807","0.8705999851226807","1","1","1","1","1","1","0.35099998116493225","0.35099998116493225","0.35099998116493225","0.8732999563217163","0.8732999563217163","0.8732999563217163","1","1","1","1","1","1","0.04389999806880951","0.04389999806880951","0.04389999806880951","1","1","1"
"9879","1","1","1","1","1","1","0.04769999906420708","0.04769999906420708","0.04769999906420708","1","1","1","1","1","1","1","1","1","0.04309999942779541","0.04309999942779541","0.04309999942779541","1","1","1","0.9999499917030334","0.9998999834060669","1","1","1","1","0.3882499933242798","0.38429999351501465","0.3921999931335449","0.6593499779701233","0.6532999873161316","0.665399968624115","0.9999499917030334","0.9998999834060669","1","1","1","1","0.34904998540878296","0.3303999900817871","0.3676999807357788","0.8400499522686005","0.8333999514579773","0.8466999530792236","1","1","1","1","1","1","0.2944999933242798","0.2944999933242798","0.2944999933242798","0.8710999488830566","0.8710999488830566","0.8710999488830566","1","1","1","1","1","1","0.3481999933719635","0.3481999933719635","0.3481999933719635","0.8722999691963196","0.8722999691963196","0.8722999691963196","1","1","1","1","1","1","0.04339999705553055","0.04339999705553055","0.04339999705553055","1","1","1"
"9890","1","1","1","1","1","1","0.04809999838471413","0.04809999838471413","0.04809999838471413","1","1","1","1","1","1","1","1","1","0.0429999977350235","0.0429999977350235","0.0429999977350235","1","1","1","0.9999499917030334","0.9998999834060669","1","1","1","1","0.3844499886035919","0.37959998846054077","0.38929998874664307","0.6573499739170074","0.6510999798774719","0.663599967956543","1","1","1","1","1","1","0.3497999906539917","0.3319999873638153","0.3675999939441681","0.8396499752998352","0.8331999778747559","0.8460999727249146","1","1","1","1","1","1","0.29170000553131104","0.29170000553131104","0.29170000553131104","0.8707999587059021","0.8707999587059021","0.8707999587059021","1","1","1","1","1","1","0.35409998893737793","0.35409998893737793","0.35409998893737793","0.8733999729156494","0.8733999729156494","0.8733999729156494","1","1","1","1","1","1","0.043800000101327896","0.043800000101327896","0.043800000101327896","1","1","1"
"9901","1","1","1","1","1","1","0.04779999703168869","0.04779999703168869","0.04779999703168869","1","1","1","1","1","1","1","1","1","0.04309999942779541","0.04309999942779541","0.04309999942779541","1","1","1","0.9999499917030334","0.9998999834060669","1","1","1","1","0.3870999813079834","0.382999986410141","0.3911999762058258","0.6570499837398529","0.6504999995231628","0.663599967956543","1","1","1","1","1","1","0.33879998326301575","0.32589998841285706","0.35169997811317444","0.8369499742984772","0.8314999938011169","0.8423999547958374","1","1","1","1","1","1","0.2922999858856201","0.2922999858856201","0.2922999858856201","0.8708999752998352","0.8708999752998352","0.8708999752998352","1","1","1","1","1","1","0.35510000586509705","0.35510000586509705","0.35510000586509705","0.8734999895095825","0.8734999895095825","0.8734999895095825","1","1","1","1","1","1","0.044199999421834946","0.044199999421834946","0.044199999421834946","1","1","1"
"9912","1","1","1","1","1","1","0.04779999703168869","0.04779999703168869","0.04779999703168869","1","1","1","1","1","1","1","1","1","0.042899999767541885","0.042899999767541885","0.042899999767541885","1","1","1","0.9999499917030334","0.9998999834060669","1","1","1","1","0.38679999113082886","0.37779998779296875","0.39579999446868896","0.657399982213974","0.6480000019073486","0.6667999625205994","1","1","1","1","1","1","0.3412499874830246","0.33469998836517334","0.34779998660087585","0.8379499912261963","0.833899974822998","0.8420000076293945","1","1","1","1","1","1","0.29889997839927673","0.29889997839927673","0.29889997839927673","0.8718000054359436","0.8718000054359436","0.8718000054359436","1","1","1","1","1","1","0.35429999232292175","0.35429999232292175","0.35429999232292175","0.8727999925613403","0.8727999925613403","0.8727999925613403","1","1","1","1","1","1","0.044199999421834946","0.044199999421834946","0.044199999421834946","1","1","1"
"9923","1","1","1","1","1","1","0.0478999987244606","0.0478999987244606","0.0478999987244606","1","1","1","1","1","1","1","1","1","0.042899999767541885","0.042899999767541885","0.042899999767541885","1","1","1","0.9999499917030334","0.9998999834060669","1","1","1","1","0.38769999146461487","0.37770000100135803","0.3976999819278717","0.6583999693393707","0.648099958896637","0.6686999797821045","0.9999499917030334","0.9998999834060669","1","0.9999499917030334","0.9998999834060669","1","0.342399999499321","0.3262999951839447","0.35850000381469727","0.8378499746322632","0.8319999575614929","0.8436999917030334","1","1","1","1","1","1","0.29249998927116394","0.29249998927116394","0.29249998927116394","0.8710999488830566","0.8710999488830566","0.8710999488830566","1","1","1","1","1","1","0.33869999647140503","0.33869999647140503","0.33869999647140503","0.8707999587059021","0.8707999587059021","0.8707999587059021","1","1","1","1","1","1","0.043699998408555984","0.043699998408555984","0.043699998408555984","1","1","1"
"9934","1","1","1","1","1","1","0.04779999703168869","0.04779999703168869","0.04779999703168869","1","1","1","1","1","1","1","1","1","0.0429999977350235","0.0429999977350235","0.0429999977350235","1","1","1","0.9999499917030334","0.9998999834060669","1","1","1","1","0.3849499970674515","0.3734000027179718","0.39649999141693115","0.6565999984741211","0.6466000080108643","0.6665999889373779","1","1","1","1","1","1","0.34664998948574066","0.3280999958515167","0.3651999831199646","0.8390499651432037","0.8331999778747559","0.8448999524116516","1","1","1","1","1","1","0.2953999936580658","0.2953999936580658","0.2953999936580658","0.871399998664856","0.871399998664856","0.871399998664856","1","1","1","1","1","1","0.3423999845981598","0.3423999845981598","0.3423999845981598","0.8707999587059021","0.8707999587059021","0.8707999587059021","1","1","1","1","1","1","0.04399999976158142","0.04399999976158142","0.04399999976158142","1","1","1"
"9945","1","1","1","1","1","1","0.0478999987244606","0.0478999987244606","0.0478999987244606","1","1","1","1","1","1","1","1","1","0.042899999767541885","0.042899999767541885","0.042899999767541885","1","1","1","0.9999499917030334","0.9998999834060669","1","1","1","1","0.3921999931335449","0.38109999895095825","0.4032999873161316","0.6605999767780304","0.651699960231781","0.6694999933242798","1","1","1","1","1","1","0.3409999907016754","0.32989999651908875","0.3520999848842621","0.8382499814033508","0.833899974822998","0.8425999879837036","1","1","1","1","1","1","0.2937999963760376","0.2937999963760376","0.2937999963760376","0.8708999752998352","0.8708999752998352","0.8708999752998352","1","1","1","1","1","1","0.34039998054504395","0.34039998054504395","0.34039998054504395","0.8718000054359436","0.8718000054359436","0.8718000054359436","1","1","1","1","1","1","0.043699998408555984","0.043699998408555984","0.043699998408555984","1","1","1"
"9956","1","1","1","1","1","1","0.04820000007748604","0.04820000007748604","0.04820000007748604","1","1","1","1","1","1","1","1","1","0.042899999767541885","0.042899999767541885","0.042899999767541885","1","1","1","0.9999499917030334","0.9998999834060669","1","1","1","1","0.3899499922990799","0.3836999833583832","0.3962000012397766","0.6599499881267548","0.6543999910354614","0.6654999852180481","1","1","1","1","1","1","0.34929999709129333","0.33390000462532043","0.36469998955726624","0.8397999703884125","0.8345999717712402","0.8449999690055847","1","1","1","1","1","1","0.2902999818325043","0.2902999818325043","0.2902999818325043","0.8705999851226807","0.8705999851226807","0.8705999851226807","1","1","1","1","1","1","0.34779998660087585","0.34779998660087585","0.34779998660087585","0.8730999827384949","0.8730999827384949","0.8730999827384949","1","1","1","1","1","1","0.043699998408555984","0.043699998408555984","0.043699998408555984","1","1","1"
"9967","1","1","1","1","1","1","0.04809999838471413","0.04809999838471413","0.04809999838471413","1","1","1","1","1","1","1","1","1","0.042899999767541885","0.042899999767541885","0.042899999767541885","1","1","1","0.9999499917030334","0.9998999834060669","1","1","1","1","0.38660000264644623","0.37700000405311584","0.3962000012397766","0.6567499935626984","0.6498000025749207","0.6636999845504761","1","1","1","1","1","1","0.34389999508857727","0.334199994802475","0.35359999537467957","0.8391499817371368","0.835099995136261","0.8431999683380127","1","1","1","1","1","1","0.29330000281333923","0.29330000281333923","0.29330000281333923","0.8714999556541443","0.8714999556541443","0.8714999556541443","1","1","1","1","1","1","0.35589998960494995","0.35589998960494995","0.35589998960494995","0.8734999895095825","0.8734999895095825","0.8734999895095825","1","1","1","1","1","1","0.043800000101327896","0.043800000101327896","0.043800000101327896","1","1","1"
"9978","1","1","1","1","1","1","0.04800000041723251","0.04800000041723251","0.04800000041723251","1","1","1","1","1","1","1","1","1","0.0429999977350235","0.0429999977350235","0.0429999977350235","1","1","1","0.9999499917030334","0.9998999834060669","1","1","1","1","0.3817500025033951","0.3743000030517578","0.38920000195503235","0.6548499763011932","0.6474999785423279","0.6621999740600586","1","1","1","1","1","1","0.3522999882698059","0.3342999815940857","0.3702999949455261","0.8406999707221985","0.8344999551773071","0.8468999862670898","1","1","1","1","1","1","0.3009999990463257","0.3009999990463257","0.3009999990463257","0.8720999956130981","0.8720999956130981","0.8720999956130981","1","1","1","1","1","1","0.3571999967098236","0.3571999967098236","0.3571999967098236","0.8743999600410461","0.8743999600410461","0.8743999600410461","1","1","1","1","1","1","0.04399999976158142","0.04399999976158142","0.04399999976158142","1","1","1"
"9989","1","1","1","1","1","1","0.04809999838471413","0.04809999838471413","0.04809999838471413","1","1","1","1","1","1","1","1","1","0.0429999977350235","0.0429999977350235","0.0429999977350235","1","1","1","0.9999499917030334","0.9998999834060669","1","1","1","1","0.3840999901294708","0.37279999256134033","0.3953999876976013","0.6584499776363373","0.6488999724388123","0.6679999828338623","1","1","1","1","1","1","0.34974998235702515","0.33899998664855957","0.3604999780654907","0.8403500020503998","0.8366000056266785","0.8440999984741211","1","1","1","1","1","1","0.29909998178482056","0.29909998178482056","0.29909998178482056","0.8707999587059021","0.8707999587059021","0.8707999587059021","1","1","1","1","1","1","0.3528999984264374","0.3528999984264374","0.3528999984264374","0.873199999332428","0.873199999332428","0.873199999332428","1","1","1","1","1","1","0.04389999806880951","0.04389999806880951","0.04389999806880951","1","1","1"
"10000","1","1","1","1","1","1","0.04779999703168869","0.04779999703168869","0.04779999703168869","1","1","1","1","1","1","1","1","1","0.042799998074769974","0.042799998074769974","0.042799998074769974","1","1","1","0.9999499917030334","0.9998999834060669","1","1","1","1","0.38154999911785126","0.3686999976634979","0.3944000005722046","0.6563999652862549","0.646399974822998","0.6663999557495117","1","1","1","1","1","1","0.3519499897956848","0.33789998292922974","0.3659999966621399","0.8414499759674072","0.8356999754905701","0.8471999764442444","1","1","1","1","1","1","0.3024999797344208","0.3024999797344208","0.3024999797344208","0.8726999759674072","0.8726999759674072","0.8726999759674072","1","1","1","1","1","1","0.350600004196167","0.350600004196167","0.350600004196167","0.8729999661445618","0.8729999661445618","0.8729999661445618","1","1","1","1","1","1","0.043699998408555984","0.043699998408555984","0.043699998408555984","1","1","1"
"10011","1","1","1","1","1","1","0.04779999703168869","0.04779999703168869","0.04779999703168869","1","1","1","1","1","1","1","1","1","0.042899999767541885","0.042899999767541885","0.042899999767541885","1","1","1","0.9999499917030334","0.9998999834060669","1","1","1","1","0.3910999894142151","0.37959998846054077","0.4025999903678894","0.6602999866008759","0.6506999731063843","0.6699000000953674","1","1","1","1","1","1","0.3500500023365021","0.33640000224113464","0.3637000024318695","0.84129998087883","0.8360999822616577","0.8464999794960022","1","1","1","1","1","1","0.29809999465942383","0.29809999465942383","0.29809999465942383","0.8721999526023865","0.8721999526023865","0.8721999526023865","1","1","1","1","1","1","0.35420000553131104","0.35420000553131104","0.35420000553131104","0.8745999932289124","0.8745999932289124","0.8745999932289124","1","1","1","1","1","1","0.04399999976158142","0.04399999976158142","0.04399999976158142","1","1","1"
"10022","1","1","1","1","1","1","0.04800000041723251","0.04800000041723251","0.04800000041723251","1","1","1","1","1","1","1","1","1","0.042899999767541885","0.042899999767541885","0.042899999767541885","1","1","1","0.9999499917030334","0.9998999834060669","1","1","1","1","0.3869999796152115","0.38349997997283936","0.3904999792575836","0.6596499979496002","0.6536999940872192","0.6656000018119812","1","1","1","1","1","1","0.34859998524188995","0.33629998564720154","0.36089998483657837","0.8406499624252319","0.8351999521255493","0.8460999727249146","1","1","1","1","1","1","0.29109999537467957","0.29109999537467957","0.29109999537467957","0.8695999979972839","0.8695999979972839","0.8695999979972839","1","1","1","1","1","1","0.35189998149871826","0.35189998149871826","0.35189998149871826","0.8727999925613403","0.8727999925613403","0.8727999925613403","1","1","1","1","1","1","0.044099997729063034","0.044099997729063034","0.044099997729063034","1","1","1"
"10033","1","1","1","1","1","1","0.04739999771118164","0.04739999771118164","0.04739999771118164","1","1","1","1","1","1","1","1","1","0.042899999767541885","0.042899999767541885","0.042899999767541885","1","1","1","0.9999499917030334","0.9998999834060669","1","1","1","1","0.3883499801158905","0.37849998474121094","0.39819997549057007","0.6585999727249146","0.6495999693870544","0.6675999760627747","0.9997999966144562","0.9995999932289124","1","0.9998499751091003","0.9996999502182007","1","0.3486499935388565","0.33980000019073486","0.35749998688697815","0.8411999940872192","0.836899995803833","0.8454999923706055","1","1","1","1","1","1","0.2897000014781952","0.2897000014781952","0.2897000014781952","0.8694999814033508","0.8694999814033508","0.8694999814033508","1","1","1","1","1","1","0.34950000047683716","0.34950000047683716","0.34950000047683716","0.8727999925613403","0.8727999925613403","0.8727999925613403","1","1","1","1","1","1","0.04349999874830246","0.04349999874830246","0.04349999874830246","1","1","1"
"10044","1","1","1","1","1","1","0.04769999906420708","0.04769999906420708","0.04769999906420708","1","1","1","1","1","1","1","1","1","0.042899999767541885","0.042899999767541885","0.042899999767541885","1","1","1","0.9999499917030334","0.9998999834060669","1","1","1","1","0.3866499960422516","0.37869998812675476","0.3946000039577484","0.659500002861023","0.6504999995231628","0.6685000061988831","1","1","1","1","1","1","0.344899982213974","0.3385999798774719","0.3511999845504761","0.8396999835968018","0.8366000056266785","0.842799961566925","1","1","1","1","1","1","0.2865999937057495","0.2865999937057495","0.2865999937057495","0.8687999844551086","0.8687999844551086","0.8687999844551086","1","1","1","1","1","1","0.36089998483657837","0.36089998483657837","0.36089998483657837","0.8743999600410461","0.8743999600410461","0.8743999600410461","1","1","1","1","1","1","0.04389999806880951","0.04389999806880951","0.04389999806880951","1","1","1"
"10055","1","1","1","1","1","1","0.04800000041723251","0.04800000041723251","0.04800000041723251","1","1","1","1","1","1","1","1","1","0.0429999977350235","0.0429999977350235","0.0429999977350235","1","1","1","0.9999499917030334","0.9998999834060669","1","1","1","1","0.3915499895811081","0.3853999972343445","0.3976999819278717","0.6631999611854553","0.6559999585151672","0.6703999638557434","1","1","1","1","1","1","0.3460499942302704","0.33889999985694885","0.3531999886035919","0.8396499752998352","0.8359999656677246","0.8432999849319458","1","1","1","1","1","1","0.2890999913215637","0.2890999913215637","0.2890999913215637","0.8711999654769897","0.8711999654769897","0.8711999654769897","1","1","1","1","1","1","0.35929998755455017","0.35929998755455017","0.35929998755455017","0.8748999834060669","0.8748999834060669","0.8748999834060669","1","1","1","1","1","1","0.04399999976158142","0.04399999976158142","0.04399999976158142","1","1","1"
"10066","1","1","1","1","1","1","0.047599997371435165","0.047599997371435165","0.047599997371435165","1","1","1","1","1","1","1","1","1","0.042899999767541885","0.042899999767541885","0.042899999767541885","1","1","1","0.9999499917030334","0.9998999834060669","1","1","1","1","0.38384999334812164","0.37959998846054077","0.3880999982357025","0.6593999862670898","0.6527000069618225","0.6660999655723572","1","1","1","1","1","1","0.3451499789953232","0.33249998092651367","0.3577999770641327","0.8396999835968018","0.8348999619483948","0.8445000052452087","1","1","1","1","1","1","0.29269999265670776","0.29269999265670776","0.29269999265670776","0.8726999759674072","0.8726999759674072","0.8726999759674072","1","1","1","1","1","1","0.3595999777317047","0.3595999777317047","0.3595999777317047","0.8747999668121338","0.8747999668121338","0.8747999668121338","1","1","1","1","1","1","0.04389999806880951","0.04389999806880951","0.04389999806880951","1","1","1"
"10077","1","1","1","1","1","1","0.04800000041723251","0.04800000041723251","0.04800000041723251","1","1","1","1","1","1","1","1","1","0.042899999767541885","0.042899999767541885","0.042899999767541885","1","1","1","0.9999499917030334","0.9998999834060669","1","1","1","1","0.3840499818325043","0.3757999837398529","0.39229997992515564","0.6584999859333038","0.6496999859809875","0.6672999858856201","1","1","1","1","1","1","0.34359999001026154","0.336899995803833","0.35029998421669006","0.8392999768257141","0.8361999988555908","0.8423999547958374","1","1","1","1","1","1","0.28929999470710754","0.28929999470710754","0.28929999470710754","0.8711999654769897","0.8711999654769897","0.8711999654769897","1","1","1","1","1","1","0.35199999809265137","0.35199999809265137","0.35199999809265137","0.8729999661445618","0.8729999661445618","0.8729999661445618","1","1","1","1","1","1","0.043800000101327896","0.043800000101327896","0.043800000101327896","1","1","1"
"10088","1","1","1","1","1","1","0.047599997371435165","0.047599997371435165","0.047599997371435165","1","1","1","1","1","1","1","1","1","0.042899999767541885","0.042899999767541885","0.042899999767541885","1","1","1","0.9999499917030334","0.9998999834060669","1","1","1","1","0.38659998774528503","0.37869998812675476","0.3944999873638153","0.6598999798297882","0.652899980545044","0.6668999791145325","1","1","1","1","1","1","0.34154999256134033","0.3352999985218048","0.34779998660087585","0.8389999866485596","0.8349999785423279","0.8429999947547913","1","1","1","1","1","1","0.2822999954223633","0.2822999954223633","0.2822999954223633","0.8694999814033508","0.8694999814033508","0.8694999814033508","1","1","1","1","1","1","0.3520999848842621","0.3520999848842621","0.3520999848842621","0.8743000030517578","0.8743000030517578","0.8743000030517578","1","1","1","1","1","1","0.04399999976158142","0.04399999976158142","0.04399999976158142","1","1","1"
"10099","1","1","1","1","1","1","0.04809999838471413","0.04809999838471413","0.04809999838471413","1","1","1","1","1","1","1","1","1","0.0429999977350235","0.0429999977350235","0.0429999977350235","1","1","1","1","1","1","1","1","1","0.3853999972343445","0.37790000438690186","0.3928999900817871","0.6593999862670898","0.6532999873161316","0.6654999852180481","1","1","1","1","1","1","0.35054999589920044","0.33489999175071716","0.3662000000476837","0.8411999642848969","0.8349999785423279","0.8473999500274658","1","1","1","1","1","1","0.2856999933719635","0.2856999933719635","0.2856999933719635","0.8704999685287476","0.8704999685287476","0.8704999685287476","1","1","1","1","1","1","0.358599990606308","0.358599990606308","0.358599990606308","0.8743999600410461","0.8743999600410461","0.8743999600410461","1","1","1","1","1","1","0.043800000101327896","0.043800000101327896","0.043800000101327896","1","1","1"
"10110","1","1","1","1","1","1","0.04800000041723251","0.04800000041723251","0.04800000041723251","1","1","1","1","1","1","1","1","1","0.04259999841451645","0.04259999841451645","0.04259999841451645","1","1","1","0.9999499917030334","0.9998999834060669","1","1","1","1","0.3827499896287918","0.3771999776363373","0.38830000162124634","0.65829998254776","0.6527999639511108","0.6638000011444092","1","1","1","1","1","1","0.3481999933719635","0.33809998631477356","0.35830000042915344","0.8400499820709229","0.8366999626159668","0.8434000015258789","1","1","1","1","1","1","0.2870999872684479","0.2870999872684479","0.2870999872684479","0.8704999685287476","0.8704999685287476","0.8704999685287476","1","1","1","1","1","1","0.3554999828338623","0.3554999828338623","0.3554999828338623","0.8739999532699585","0.8739999532699585","0.8739999532699585","1","1","1","1","1","1","0.043800000101327896","0.043800000101327896","0.043800000101327896","1","1","1"
"10121","1","1","1","1","1","1","0.04829999804496765","0.04829999804496765","0.04829999804496765","1","1","1","1","1","1","1","1","1","0.04270000010728836","0.04270000010728836","0.04270000010728836","1","1","1","0.9999499917030334","0.9998999834060669","1","1","1","1","0.3852999806404114","0.3748999834060669","0.39569997787475586","0.6578999757766724","0.6505999565124512","0.6651999950408936","1","1","1","1","1","1","0.3492499887943268","0.3418999910354614","0.35659998655319214","0.8397999703884125","0.8366999626159668","0.8428999781608582","1","1","1","1","1","1","0.29089999198913574","0.29089999198913574","0.29089999198913574","0.871399998664856","0.871399998664856","0.871399998664856","1","1","1","1","1","1","0.35429999232292175","0.35429999232292175","0.35429999232292175","0.8741999864578247","0.8741999864578247","0.8741999864578247","1","1","1","1","1","1","0.043699998408555984","0.043699998408555984","0.043699998408555984","1","1","1"
"10132","1","1","1","1","1","1","0.047599997371435165","0.047599997371435165","0.047599997371435165","1","1","1","1","1","1","1","1","1","0.042899999767541885","0.042899999767541885","0.042899999767541885","1","1","1","1","1","1","1","1","1","0.38199998438358307","0.37619999051094055","0.3877999782562256","0.6554499864578247","0.6514999866485596","0.6593999862670898","1","1","1","1","1","1","0.3470499813556671","0.3353999853134155","0.3586999773979187","0.8391000032424927","0.8348000049591064","0.8434000015258789","1","1","1","1","1","1","0.2904999852180481","0.2904999852180481","0.2904999852180481","0.8714999556541443","0.8714999556541443","0.8714999556541443","1","1","1","1","1","1","0.3552999794483185","0.3552999794483185","0.3552999794483185","0.8744999766349792","0.8744999766349792","0.8744999766349792","1","1","1","1","1","1","0.044099997729063034","0.044099997729063034","0.044099997729063034","1","1","1"
"10143","1","1","1","1","1","1","0.04739999771118164","0.04739999771118164","0.04739999771118164","1","1","1","1","1","1","1","1","1","0.042799998074769974","0.042799998074769974","0.042799998074769974","1","1","1","0.9999499917030334","0.9998999834060669","1","1","1","1","0.3808499872684479","0.3807999789714813","0.38089999556541443","0.6553499698638916","0.6542999744415283","0.6563999652862549","1","1","1","1","1","1","0.34424999356269836","0.3357999920845032","0.35269999504089355","0.8387999832630157","0.8345999717712402","0.8429999947547913","1","1","1","1","1","1","0.29569998383522034","0.29569998383522034","0.29569998383522034","0.8714999556541443","0.8714999556541443","0.8714999556541443","1","1","1","1","1","1","0.3537999987602234","0.3537999987602234","0.3537999987602234","0.8744999766349792","0.8744999766349792","0.8744999766349792","1","1","1","1","1","1","0.04399999976158142","0.04399999976158142","0.04399999976158142","1","1","1"
"10154","1","1","1","1","1","1","0.04809999838471413","0.04809999838471413","0.04809999838471413","1","1","1","1","1","1","1","1","1","0.04270000010728836","0.04270000010728836","0.04270000010728836","1","1","1","1","1","1","1","1","1","0.3871999830007553","0.38329997658729553","0.3910999894142151","0.6585999727249146","0.6556999683380127","0.6614999771118164","1","1","1","1","1","1","0.34769998490810394","0.3382999897003174","0.3570999801158905","0.8399999737739563","0.835599958896637","0.8443999886512756","1","1","1","1","1","1","0.2927999794483185","0.2927999794483185","0.2927999794483185","0.8709999918937683","0.8709999918937683","0.8709999918937683","1","1","1","1","1","1","0.35359999537467957","0.35359999537467957","0.35359999537467957","0.8743000030517578","0.8743000030517578","0.8743000030517578","1","1","1","1","1","1","0.044099997729063034","0.044099997729063034","0.044099997729063034","1","1","1"
"10165","1","1","1","1","1","1","0.04809999838471413","0.04809999838471413","0.04809999838471413","1","1","1","1","1","1","1","1","1","0.042799998074769974","0.042799998074769974","0.042799998074769974","1","1","1","0.9999499917030334","0.9998999834060669","1","1","1","1","0.3864999860525131","0.37599998712539673","0.3969999849796295","0.6575499773025513","0.6506999731063843","0.6643999814987183","1","1","1","1","1","1","0.34379999339580536","0.33959999680519104","0.3479999899864197","0.8393000066280365","0.8359000086784363","0.8427000045776367","1","1","1","1","1","1","0.2874999940395355","0.2874999940395355","0.2874999940395355","0.8711999654769897","0.8711999654769897","0.8711999654769897","1","1","1","1","1","1","0.34950000047683716","0.34950000047683716","0.34950000047683716","0.8743000030517578","0.8743000030517578","0.8743000030517578","1","1","1","1","1","1","0.043800000101327896","0.043800000101327896","0.043800000101327896","1","1","1"
"10176","1","1","1","1","1","1","0.04779999703168869","0.04779999703168869","0.04779999703168869","1","1","1","1","1","1","1","1","1","0.042899999767541885","0.042899999767541885","0.042899999767541885","1","1","1","0.9999499917030334","0.9998999834060669","1","1","1","1","0.38499999046325684","0.37109997868537903","0.39890000224113464","0.6575999855995178","0.6495999693870544","0.6656000018119812","1","1","1","1","1","1","0.3477499783039093","0.34199997782707214","0.35349997878074646","0.8395499587059021","0.8359999656677246","0.8430999517440796","1","1","1","1","1","1","0.2920999825000763","0.2920999825000763","0.2920999825000763","0.8725000023841858","0.8725000023841858","0.8725000023841858","1","1","1","1","1","1","0.3520999848842621","0.3520999848842621","0.3520999848842621","0.8750999569892883","0.8750999569892883","0.8750999569892883","1","1","1","1","1","1","0.04349999874830246","0.04349999874830246","0.04349999874830246","1","1","1"
"10187","1","1","1","1","1","1","0.04800000041723251","0.04800000041723251","0.04800000041723251","1","1","1","1","1","1","1","1","1","0.04259999841451645","0.04259999841451645","0.04259999841451645","1","1","1","0.9999499917030334","0.9998999834060669","1","1","1","1","0.3831999897956848","0.37939998507499695","0.3869999945163727","0.6561499834060669","0.6518999934196472","0.6603999733924866","1","1","1","1","1","1","0.35329999029636383","0.34279999136924744","0.3637999892234802","0.8419499695301056","0.8364999890327454","0.8473999500274658","1","1","1","1","1","1","0.2906000018119812","0.2906000018119812","0.2906000018119812","0.8707000017166138","0.8707000017166138","0.8707000017166138","1","1","1","1","1","1","0.3595999777317047","0.3595999777317047","0.3595999777317047","0.8755999803543091","0.8755999803543091","0.8755999803543091","1","1","1","1","1","1","0.04439999908208847","0.04439999908208847","0.04439999908208847","1","1","1"
"10198","1","1","1","1","1","1","0.0478999987244606","0.0478999987244606","0.0478999987244606","1","1","1","1","1","1","1","1","1","0.043299999088048935","0.043299999088048935","0.043299999088048935","1","1","1","1","1","1","1","1","1","0.38339999318122864","0.3718000054359436","0.39499998092651367","0.6547999978065491","0.6464999914169312","0.663100004196167","1","1","1","1","1","1","0.35144999623298645","0.3458999991416931","0.3569999933242798","0.8415499925613403","0.8371999859809875","0.8458999991416931","1","1","1","1","1","1","0.2919999957084656","0.2919999957084656","0.2919999957084656","0.8722999691963196","0.8722999691963196","0.8722999691963196","1","1","1","1","1","1","0.36249998211860657","0.36249998211860657","0.36249998211860657","0.8754000067710876","0.8754000067710876","0.8754000067710876","1","1","1","1","1","1","0.043699998408555984","0.043699998408555984","0.043699998408555984","1","1","1"
"10209","1","1","1","1","1","1","0.047599997371435165","0.047599997371435165","0.047599997371435165","1","1","1","1","1","1","1","1","1","0.0429999977350235","0.0429999977350235","0.0429999977350235","1","1","1","0.9999499917030334","0.9998999834060669","1","1","1","1","0.3846999853849411","0.37219998240470886","0.39719998836517334","0.6553499698638916","0.6473999619483948","0.6632999777793884","1","1","1","1","1","1","0.3448999971151352","0.3352999985218048","0.3544999957084656","0.8403500020503998","0.8343999981880188","0.8463000059127808","1","1","1","1","1","1","0.3010999858379364","0.3010999858379364","0.3010999858379364","0.8738999962806702","0.8738999962806702","0.8738999962806702","1","1","1","1","1","1","0.35599997639656067","0.35599997639656067","0.35599997639656067","0.8748999834060669","0.8748999834060669","0.8748999834060669","1","1","1","1","1","1","0.043800000101327896","0.043800000101327896","0.043800000101327896","1","1","1"
"10220","1","1","1","1","1","1","0.04749999940395355","0.04749999940395355","0.04749999940395355","1","1","1","1","1","1","1","1","1","0.042799998074769974","0.042799998074769974","0.042799998074769974","1","1","1","0.9999499917030334","0.9998999834060669","1","1","1","1","0.376149982213974","0.35999998450279236","0.39229997992515564","0.6523500084877014","0.6430000066757202","0.6617000102996826","1","1","1","1","1","1","0.3497999906539917","0.33889999985694885","0.36069998145103455","0.840999960899353","0.835599958896637","0.8463999629020691","1","1","1","1","1","1","0.299699991941452","0.299699991941452","0.299699991941452","0.8725000023841858","0.8725000023841858","0.8725000023841858","1","1","1","1","1","1","0.35580000281333923","0.35580000281333923","0.35580000281333923","0.8745999932289124","0.8745999932289124","0.8745999932289124","1","1","1","1","1","1","0.044099997729063034","0.044099997729063034","0.044099997729063034","1","1","1"
"10231","1","1","1","1","1","1","0.04779999703168869","0.04779999703168869","0.04779999703168869","1","1","1","1","1","1","1","1","1","0.04319999739527702","0.04319999739527702","0.04319999739527702","1","1","1","0.9998999834060669","0.9997999668121338","1","1","1","1","0.38029998540878296","0.36319997906684875","0.39739999175071716","0.6547499895095825","0.6449999809265137","0.6644999980926514","1","1","1","1","1","1","0.3506999909877777","0.34139999747276306","0.35999998450279236","0.8414999544620514","0.8362999558448792","0.8466999530792236","1","1","1","1","1","1","0.30230000615119934","0.30230000615119934","0.30230000615119934","0.8736000061035156","0.8736000061035156","0.8736000061035156","1","1","1","1","1","1","0.32600000500679016","0.32600000500679016","0.32600000500679016","0.8707000017166138","0.8707000017166138","0.8707000017166138","1","1","1","1","1","1","0.044099997729063034","0.044099997729063034","0.044099997729063034","1","1","1"
"10242","1","1","1","1","1","1","0.04779999703168869","0.04779999703168869","0.04779999703168869","1","1","1","1","1","1","1","1","1","0.04319999739527702","0.04319999739527702","0.04319999739527702","1","1","1","0.9999499917030334","0.9998999834060669","1","1","1","1","0.37929998338222504","0.366599977016449","0.3919999897480011","0.6552499830722809","0.645799994468689","0.6646999716758728","1","1","1","1","1","1","0.3489999920129776","0.343099981546402","0.3549000024795532","0.8416000008583069","0.8366000056266785","0.8465999960899353","1","1","1","1","1","1","0.3003000020980835","0.3003000020980835","0.3003000020980835","0.8740999698638916","0.8740999698638916","0.8740999698638916","1","1","1","1","1","1","0.357699990272522","0.357699990272522","0.357699990272522","0.8740999698638916","0.8740999698638916","0.8740999698638916","1","1","1","1","1","1","0.044099997729063034","0.044099997729063034","0.044099997729063034","1","1","1"
"10253","1","1","1","1","1","1","0.0478999987244606","0.0478999987244606","0.0478999987244606","1","1","1","1","1","1","1","1","1","0.04309999942779541","0.04309999942779541","0.04309999942779541","1","1","1","0.9998999834060669","0.9997999668121338","1","1","1","1","0.37834998965263367","0.36159998178482056","0.3950999975204468","0.6561999917030334","0.6449999809265137","0.6674000024795532","1","1","1","1","1","1","0.34564998745918274","0.335099995136261","0.3561999797821045","0.8403499722480774","0.8349999785423279","0.8456999659538269","1","1","1","1","1","1","0.2938999831676483","0.2938999831676483","0.2938999831676483","0.8725000023841858","0.8725000023841858","0.8725000023841858","1","1","1","1","1","1","0.35439997911453247","0.35439997911453247","0.35439997911453247","0.8746999502182007","0.8746999502182007","0.8746999502182007","1","1","1","1","1","1","0.04389999806880951","0.04389999806880951","0.04389999806880951","1","1","1"
"10264","1","1","1","1","1","1","0.04779999703168869","0.04779999703168869","0.04779999703168869","1","1","1","1","1","1","1","1","1","0.04309999942779541","0.04309999942779541","0.04309999942779541","1","1","1","0.9999499917030334","0.9998999834060669","1","1","1","1","0.3808499872684479","0.36569997668266296","0.3959999978542328","0.656499981880188","0.6467999815940857","0.6661999821662903","1","1","1","1","1","1","0.34869998693466187","0.3376999795436859","0.3596999943256378","0.8408499956130981","0.8348000049591064","0.8468999862670898","1","1","1","1","1","1","0.30469998717308044","0.30469998717308044","0.30469998717308044","0.8745999932289124","0.8745999932289124","0.8745999932289124","1","1","1","1","1","1","0.357699990272522","0.357699990272522","0.357699990272522","0.8744999766349792","0.8744999766349792","0.8744999766349792","1","1","1","1","1","1","0.044199999421834946","0.044199999421834946","0.044199999421834946","1","1","1"
"10275","1","1","1","1","1","1","0.047599997371435165","0.047599997371435165","0.047599997371435165","1","1","1","1","1","1","1","1","1","0.042799998074769974","0.042799998074769974","0.042799998074769974","1","1","1","0.9999499917030334","0.9998999834060669","1","1","1","1","0.38279998302459717","0.36809998750686646","0.3974999785423279","0.6575999855995178","0.6471999883651733","0.6679999828338623","1","1","1","1","1","1","0.34359999001026154","0.33889999985694885","0.3482999801635742","0.8398999869823456","0.8363999724388123","0.8434000015258789","1","1","1","1","1","1","0.29729998111724854","0.29729998111724854","0.29729998111724854","0.8734999895095825","0.8734999895095825","0.8734999895095825","1","1","1","1","1","1","0.361299991607666","0.361299991607666","0.361299991607666","0.8746999502182007","0.8746999502182007","0.8746999502182007","1","1","1","1","1","1","0.04389999806880951","0.04389999806880951","0.04389999806880951","1","1","1"
"10286","1","1","1","1","1","1","0.04809999838471413","0.04809999838471413","0.04809999838471413","1","1","1","1","1","1","1","1","1","0.042799998074769974","0.042799998074769974","0.042799998074769974","1","1","1","0.9999499917030334","0.9998999834060669","1","1","1","1","0.3850499838590622","0.37129998207092285","0.39879998564720154","0.6598499715328217","0.6499999761581421","0.6696999669075012","1","1","1","1","1","1","0.34129999577999115","0.33480000495910645","0.34779998660087585","0.8392999768257141","0.8351999521255493","0.8434000015258789","1","1","1","1","1","1","0.29510000348091125","0.29510000348091125","0.29510000348091125","0.8737999796867371","0.8737999796867371","0.8737999796867371","1","1","1","1","1","1","0.36069998145103455","0.36069998145103455","0.36069998145103455","0.8756999969482422","0.8756999969482422","0.8756999969482422","1","1","1","1","1","1","0.044199999421834946","0.044199999421834946","0.044199999421834946","1","1","1"
"10297","1","1","1","1","1","1","0.047599997371435165","0.047599997371435165","0.047599997371435165","1","1","1","1","1","1","1","1","1","0.04319999739527702","0.04319999739527702","0.04319999739527702","1","1","1","0.9998999834060669","0.9997999668121338","1","1","1","1","0.3857499957084656","0.36730000376701355","0.4041999876499176","0.6586999893188477","0.6460999846458435","0.6712999939918518","1","1","1","1","1","1","0.3422499895095825","0.33869999647140503","0.34579998254776","0.838299959897995","0.8352999687194824","0.8412999510765076","1","1","1","1","1","1","0.3018999993801117","0.3018999993801117","0.3018999993801117","0.8751999735832214","0.8751999735832214","0.8751999735832214","1","1","1","1","1","1","0.3669999837875366","0.3669999837875366","0.3669999837875366","0.8761999607086182","0.8761999607086182","0.8761999607086182","1","1","1","1","1","1","0.044199999421834946","0.044199999421834946","0.044199999421834946","1","1","1"
"10308","1","1","1","1","1","1","0.04749999940395355","0.04749999940395355","0.04749999940395355","1","1","1","1","1","1","1","1","1","0.04319999739527702","0.04319999739527702","0.04319999739527702","1","1","1","0.9998999834060669","0.9997999668121338","1","1","1","1","0.3870999813079834","0.36569997668266296","0.40849998593330383","0.6596999764442444","0.6473999619483948","0.671999990940094","1","1","1","1","1","1","0.34494999051094055","0.3432999849319458","0.3465999960899353","0.8390499651432037","0.8351999521255493","0.8428999781608582","1","1","1","1","1","1","0.30329999327659607","0.30329999327659607","0.30329999327659607","0.8750999569892883","0.8750999569892883","0.8750999569892883","1","1","1","1","1","1","0.36079999804496765","0.36079999804496765","0.36079999804496765","0.8758999705314636","0.8758999705314636","0.8758999705314636","1","1","1","1","1","1","0.043800000101327896","0.043800000101327896","0.043800000101327896","1","1","1"
"10319","1","1","1","1","1","1","0.0478999987244606","0.0478999987244606","0.0478999987244606","1","1","1","1","1","1","1","1","1","0.042899999767541885","0.042899999767541885","0.042899999767541885","1","1","1","0.9998999834060669","0.9997999668121338","1","1","1","1","0.38009999692440033","0.35830000042915344","0.4018999934196472","0.6570999920368195","0.6435999870300293","0.6705999970436096","1","1","1","1","1","1","0.3438499867916107","0.3398999869823456","0.34779998660087585","0.838949978351593","0.8349999785423279","0.8428999781608582","1","1","1","1","1","1","0.31290000677108765","0.31290000677108765","0.31290000677108765","0.8772000074386597","0.8772000074386597","0.8772000074386597","1","1","1","1","1","1","0.3634999990463257","0.3634999990463257","0.3634999990463257","0.8754000067710876","0.8754000067710876","0.8754000067710876","1","1","1","1","1","1","0.04399999976158142","0.04399999976158142","0.04399999976158142","1","1","1"
"10330","1","1","1","1","1","1","0.04800000041723251","0.04800000041723251","0.04800000041723251","1","1","1","1","1","1","1","1","1","0.04309999942779541","0.04309999942779541","0.04309999942779541","1","1","1","0.9998999834060669","0.9997999668121338","1","1","1","1","0.38339999318122864","0.3572999835014343","0.40950000286102295","0.6579499840736389","0.6437999606132507","0.6721000075340271","1","1","1","1","1","1","0.34324999153614044","0.3382999897003174","0.3481999933719635","0.8388499915599823","0.835099995136261","0.8425999879837036","1","1","1","1","1","1","0.30469998717308044","0.30469998717308044","0.30469998717308044","0.875499963760376","0.875499963760376","0.875499963760376","1","1","1","1","1","1","0.3596999943256378","0.3596999943256378","0.3596999943256378","0.8751999735832214","0.8751999735832214","0.8751999735832214","1","1","1","1","1","1","0.043699998408555984","0.043699998408555984","0.043699998408555984","1","1","1"
"10341","1","1","1","1","1","1","0.0471000000834465","0.0471000000834465","0.0471000000834465","1","1","1","1","1","1","1","1","1","0.04309999942779541","0.04309999942779541","0.04309999942779541","1","1","1","0.9998999834060669","0.9997999668121338","1","1","1","1","0.38689999282360077","0.3702999949455261","0.4034999907016754","0.662149965763092","0.6517999768257141","0.67249995470047","1","1","1","1","1","1","0.3434000015258789","0.3416000008583069","0.3452000021934509","0.8383499681949615","0.835599958896637","0.8410999774932861","1","1","1","1","1","1","0.30640000104904175","0.30640000104904175","0.30640000104904175","0.8752999901771545","0.8752999901771545","0.8752999901771545","1","1","1","1","1","1","0.3579999804496765","0.3579999804496765","0.3579999804496765","0.8746999502182007","0.8746999502182007","0.8746999502182007","1","1","1","1","1","1","0.04389999806880951","0.04389999806880951","0.04389999806880951","1","1","1"
"10352","1","1","1","1","1","1","0.047599997371435165","0.047599997371435165","0.047599997371435165","1","1","1","1","1","1","1","1","1","0.0429999977350235","0.0429999977350235","0.0429999977350235","1","1","1","0.9999499917030334","0.9998999834060669","1","1","1","1","0.3874499797821045","0.36789998412132263","0.40699997544288635","0.660999983549118","0.6495999693870544","0.6723999977111816","1","1","1","1","1","1","0.33979998528957367","0.3385999798774719","0.3409999907016754","0.8381499648094177","0.8348999619483948","0.8413999676704407","1","1","1","1","1","1","0.30730000138282776","0.30730000138282776","0.30730000138282776","0.8751999735832214","0.8751999735832214","0.8751999735832214","1","1","1","1","1","1","0.36059999465942383","0.36059999465942383","0.36059999465942383","0.8743000030517578","0.8743000030517578","0.8743000030517578","1","1","1","1","1","1","0.04389999806880951","0.04389999806880951","0.04389999806880951","1","1","1"
"10363","1","1","1","1","1","1","0.04749999940395355","0.04749999940395355","0.04749999940395355","1","1","1","1","1","1","1","1","1","0.042799998074769974","0.042799998074769974","0.042799998074769974","1","1","1","0.9998999834060669","0.9997999668121338","1","1","1","1","0.38919998705387115","0.37219998240470886","0.40619999170303345","0.6620499789714813","0.6503999829292297","0.6736999750137329","1","1","1","1","1","1","0.334199994802475","0.33379998803138733","0.3346000015735626","0.8365499675273895","0.833899974822998","0.839199960231781","1","1","1","1","1","1","0.3147999942302704","0.3147999942302704","0.3147999942302704","0.8766999840736389","0.8766999840736389","0.8766999840736389","1","1","1","0.9998999834060669","0.9998999834060669","0.9998999834060669","0.3635999858379364","0.3635999858379364","0.3635999858379364","0.8743999600410461","0.8743999600410461","0.8743999600410461","1","1","1","1","1","1","0.044199999421834946","0.044199999421834946","0.044199999421834946","1","1","1"
"10374","1","1","1","1","1","1","0.04769999906420708","0.04769999906420708","0.04769999906420708","1","1","1","1","1","1","1","1","1","0.0429999977350235","0.0429999977350235","0.0429999977350235","1","1","1","0.9998999834060669","0.9997999668121338","1","1","1","1","0.3867499977350235","0.37880000472068787","0.39469999074935913","0.6598999798297882","0.653499960899353","0.6662999987602234","1","1","1","1","1","1","0.3422999829053879","0.34129998087882996","0.3432999849319458","0.8390999734401703","0.8366999626159668","0.8414999842643738","1","1","1","1","1","1","0.3197999894618988","0.3197999894618988","0.3197999894618988","0.876800000667572","0.876800000667572","0.876800000667572","1","1","1","1","1","1","0.35519999265670776","0.35519999265670776","0.35519999265670776","0.8738999962806702","0.8738999962806702","0.8738999962806702","1","1","1","1","1","1","0.04439999908208847","0.04439999908208847","0.04439999908208847","1","1","1"
"10385","1","1","1","1","1","1","0.04769999906420708","0.04769999906420708","0.04769999906420708","1","1","1","1","1","1","1","1","1","0.04309999942779541","0.04309999942779541","0.04309999942779541","1","1","1","0.9998999834060669","0.9997999668121338","1","1","1","1","0.3910999894142151","0.3815999925136566","0.40059998631477356","0.6623999774456024","0.654699981212616","0.6700999736785889","1","1","1","1","1","1","0.3437499850988388","0.33899998664855957","0.34849998354911804","0.8391499519348145","0.8351999521255493","0.8430999517440796","1","1","1","1","1","1","0.3164999783039093","0.3164999783039093","0.3164999783039093","0.8774999976158142","0.8774999976158142","0.8774999976158142","1","1","1","1","1","1","0.3506999909877777","0.3506999909877777","0.3506999909877777","0.8728999495506287","0.8728999495506287","0.8728999495506287","1","1","1","1","1","1","0.044199999421834946","0.044199999421834946","0.044199999421834946","1","1","1"
"10396","1","1","1","1","1","1","0.04769999906420708","0.04769999906420708","0.04769999906420708","1","1","1","1","1","1","1","1","1","0.042899999767541885","0.042899999767541885","0.042899999767541885","1","1","1","0.9998999834060669","0.9997999668121338","1","1","1","1","0.3909999877214432","0.3823999762535095","0.39959999918937683","0.6613499820232391","0.6557999849319458","0.6668999791145325","1","1","1","1","1","1","0.3414499908685684","0.33309999108314514","0.3497999906539917","0.8392499685287476","0.8341999650001526","0.8442999720573425","1","1","1","1","1","1","0.31520000100135803","0.31520000100135803","0.31520000100135803","0.8757999539375305","0.8757999539375305","0.8757999539375305","1","1","1","1","1","1","0.3587999939918518","0.3587999939918518","0.3587999939918518","0.8747999668121338","0.8747999668121338","0.8747999668121338","1","1","1","1","1","1","0.04360000044107437","0.04360000044107437","0.04360000044107437","1","1","1"
"10407","1","1","1","1","1","1","0.04769999906420708","0.04769999906420708","0.04769999906420708","1","1","1","1","1","1","1","1","1","0.0429999977350235","0.0429999977350235","0.0429999977350235","1","1","1","0.9998499751091003","0.9996999502182007","1","1","1","1","0.39214998483657837","0.3879999816417694","0.39629998803138733","0.6629999876022339","0.6592999696731567","0.666700005531311","1","1","1","1","1","1","0.3438999801874161","0.34039998054504395","0.3473999798297882","0.8390999734401703","0.8348999619483948","0.8432999849319458","1","1","1","1","1","1","0.3158999979496002","0.3158999979496002","0.3158999979496002","0.8764999508857727","0.8764999508857727","0.8764999508857727","1","1","1","1","1","1","0.359499990940094","0.359499990940094","0.359499990940094","0.8743999600410461","0.8743999600410461","0.8743999600410461","1","1","1","1","1","1","0.043800000101327896","0.043800000101327896","0.043800000101327896","1","1","1"
"10418","1","1","1","1","1","1","0.04749999940395355","0.04749999940395355","0.04749999940395355","1","1","1","1","1","1","1","1","1","0.042899999767541885","0.042899999767541885","0.042899999767541885","1","1","1","0.9999499917030334","0.9998999834060669","1","1","1","1","0.3924499899148941","0.3919000029563904","0.3929999768733978","0.661549985408783","0.6585999727249146","0.6644999980926514","1","1","1","1","1","1","0.3421499878168106","0.34109997749328613","0.3431999981403351","0.8395499587059021","0.8359999656677246","0.8430999517440796","1","1","1","1","1","1","0.3158999979496002","0.3158999979496002","0.3158999979496002","0.8759999871253967","0.8759999871253967","0.8759999871253967","1","1","1","1","1","1","0.35920000076293945","0.35920000076293945","0.35920000076293945","0.8747999668121338","0.8747999668121338","0.8747999668121338","1","1","1","1","1","1","0.04389999806880951","0.04389999806880951","0.04389999806880951","1","1","1"
"10429","1","1","1","1","1","1","0.04779999703168869","0.04779999703168869","0.04779999703168869","1","1","1","1","1","1","1","1","1","0.042799998074769974","0.042799998074769974","0.042799998074769974","1","1","1","0.9999499917030334","0.9998999834060669","1","1","1","1","0.3867499977350235","0.3799999952316284","0.3935000002384186","0.6597999930381775","0.6539999842643738","0.6656000018119812","1","1","1","1","1","1","0.34375","0.3431999981403351","0.3443000018596649","0.8388499915599823","0.8357999920845032","0.8418999910354614","1","1","1","1","1","1","0.3091000020503998","0.3091000020503998","0.3091000020503998","0.8755999803543091","0.8755999803543091","0.8755999803543091","1","1","1","1","1","1","0.3619999885559082","0.3619999885559082","0.3619999885559082","0.8744999766349792","0.8744999766349792","0.8744999766349792","1","1","1","1","1","1","0.04399999976158142","0.04399999976158142","0.04399999976158142","1","1","1"
"10440","1","1","1","1","1","1","0.04769999906420708","0.04769999906420708","0.04769999906420708","1","1","1","1","1","1","1","1","1","0.042899999767541885","0.042899999767541885","0.042899999767541885","1","1","1","0.9999499917030334","0.9998999834060669","1","1","1","1","0.3822999894618988","0.3763999938964844","0.38819998502731323","0.6557999849319458","0.6507999897003174","0.6607999801635742","1","1","1","1","1","1","0.3423999845981598","0.3382999897003174","0.3464999794960022","0.8386499881744385","0.8343999981880188","0.8428999781608582","1","1","1","1","1","1","0.31360000371932983","0.31360000371932983","0.31360000371932983","0.876800000667572","0.876800000667572","0.876800000667572","1","1","1","1","1","1","0.36159998178482056","0.36159998178482056","0.36159998178482056","0.875","0.875","0.875","1","1","1","1","1","1","0.04360000044107437","0.04360000044107437","0.04360000044107437","1","1","1"
"10451","1","1","1","1","1","1","0.04749999940395355","0.04749999940395355","0.04749999940395355","1","1","1","1","1","1","1","1","1","0.04309999942779541","0.04309999942779541","0.04309999942779541","1","1","1","0.9999499917030334","0.9998999834060669","1","1","1","1","0.38189999759197235","0.3747999966144562","0.3889999985694885","0.65584996342659","0.6491999626159668","0.6624999642372131","1","1","1","1","1","1","0.3438500016927719","0.33799999952316284","0.349700003862381","0.8396499752998352","0.8352999687194824","0.843999981880188","1","1","1","1","1","1","0.3197999894618988","0.3197999894618988","0.3197999894618988","0.8772000074386597","0.8772000074386597","0.8772000074386597","1","1","1","1","1","1","0.35839998722076416","0.35839998722076416","0.35839998722076416","0.8751999735832214","0.8751999735832214","0.8751999735832214","1","1","1","1","1","1","0.04399999976158142","0.04399999976158142","0.04399999976158142","1","1","1"
"10462","1","1","1","1","1","1","0.04800000041723251","0.04800000041723251","0.04800000041723251","1","1","1","1","1","1","1","1","1","0.04319999739527702","0.04319999739527702","0.04319999739527702","1","1","1","0.9999499917030334","0.9998999834060669","1","0.9999499917030334","0.9998999834060669","1","0.38670000433921814","0.37700000405311584","0.39640000462532043","0.6589999794960022","0.6527999639511108","0.6651999950408936","1","1","1","1","1","1","0.3353999853134155","0.32999998331069946","0.3407999873161316","0.8372499644756317","0.8331999778747559","0.8412999510765076","1","1","1","1","1","1","0.314300000667572","0.314300000667572","0.314300000667572","0.876800000667572","0.876800000667572","0.876800000667572","1","1","1","1","1","1","0.35409998893737793","0.35409998893737793","0.35409998893737793","0.8734999895095825","0.8734999895095825","0.8734999895095825","1","1","1","1","1","1","0.044099997729063034","0.044099997729063034","0.044099997729063034","1","1","1"
"10473","1","1","1","1","1","1","0.04739999771118164","0.04739999771118164","0.04739999771118164","1","1","1","1","1","1","1","1","1","0.04259999841451645","0.04259999841451645","0.04259999841451645","1","1","1","0.9999499917030334","0.9998999834060669","1","1","1","1","0.38339999318122864","0.36629998683929443","0.40049999952316284","0.6574499905109406","0.6444000005722046","0.6704999804496765","1","1","1","1","1","1","0.3334999978542328","0.32739999890327454","0.33959999680519104","0.8360999822616577","0.8310999870300293","0.8410999774932861","1","1","1","1","1","1","0.31139999628067017","0.31139999628067017","0.31139999628067017","0.8762999773025513","0.8762999773025513","0.8762999773025513","1","1","1","1","1","1","0.35740000009536743","0.35740000009536743","0.35740000009536743","0.8752999901771545","0.8752999901771545","0.8752999901771545","1","1","1","1","1","1","0.04389999806880951","0.04389999806880951","0.04389999806880951","1","1","1"
"10484","1","1","1","1","1","1","0.04769999906420708","0.04769999906420708","0.04769999906420708","1","1","1","1","1","1","1","1","1","0.042799998074769974","0.042799998074769974","0.042799998074769974","1","1","1","0.9999499917030334","0.9998999834060669","1","1","1","1","0.3788999766111374","0.36479997634887695","0.3929999768733978","0.6547999978065491","0.6444000005722046","0.6651999950408936","1","1","1","1","1","1","0.33434998989105225","0.32179999351501465","0.34689998626708984","0.836249977350235","0.8309999704360962","0.8414999842643738","1","1","1","1","1","1","0.3147999942302704","0.3147999942302704","0.3147999942302704","0.8761000037193298","0.8761000037193298","0.8761000037193298","1","1","1","1","1","1","0.3561999797821045","0.3561999797821045","0.3561999797821045","0.8737999796867371","0.8737999796867371","0.8737999796867371","1","1","1","1","1","1","0.044099997729063034","0.044099997729063034","0.044099997729063034","1","1","1"
"10495","1","1","1","1","1","1","0.04749999940395355","0.04749999940395355","0.04749999940395355","1","1","1","1","1","1","1","1","1","0.0429999977350235","0.0429999977350235","0.0429999977350235","1","1","1","0.9999499917030334","0.9998999834060669","1","1","1","1","0.3808499872684479","0.36629998683929443","0.3953999876976013","0.6567999720573425","0.6448999643325806","0.6686999797821045","1","1","1","1","1","1","0.33695000410079956","0.32760000228881836","0.34630000591278076","0.8369499742984772","0.8330999612808228","0.8407999873161316","1","1","1","1","1","1","0.30889999866485596","0.30889999866485596","0.30889999866485596","0.8746999502182007","0.8746999502182007","0.8746999502182007","1","1","1","1","1","1","0.3562999963760376","0.3562999963760376","0.3562999963760376","0.873699963092804","0.873699963092804","0.873699963092804","1","1","1","1","1","1","0.04389999806880951","0.04389999806880951","0.04389999806880951","1","1","1"
"10506","1","1","1","1","1","1","0.04749999940395355","0.04749999940395355","0.04749999940395355","1","1","1","1","1","1","1","1","1","0.042899999767541885","0.042899999767541885","0.042899999767541885","1","1","1","0.9999499917030334","0.9998999834060669","1","1","1","1","0.37814998626708984","0.3649999797344208","0.3912999927997589","0.6552499830722809","0.6446999907493591","0.6657999753952026","1","1","1","1","1","1","0.33649998903274536","0.32499998807907104","0.3479999899864197","0.8372999727725983","0.8323999643325806","0.842199981212616","1","1","1","1","1","1","0.30649998784065247","0.30649998784065247","0.30649998784065247","0.8740999698638916","0.8740999698638916","0.8740999698638916","1","1","1","1","1","1","0.34540000557899475","0.34540000557899475","0.34540000557899475","0.8723999857902527","0.8723999857902527","0.8723999857902527","1","1","1","1","1","1","0.043699998408555984","0.043699998408555984","0.043699998408555984","1","1","1"
"10517","1","1","1","1","1","1","0.0478999987244606","0.0478999987244606","0.0478999987244606","1","1","1","1","1","1","1","1","1","0.0421999990940094","0.0421999990940094","0.0421999990940094","1","1","1","0.9999499917030334","0.9998999834060669","1","1","1","1","0.3789999932050705","0.35899999737739563","0.39899998903274536","0.6548999845981598","0.6403999924659729","0.6693999767303467","1","1","1","1","1","1","0.33684998750686646","0.32519999146461487","0.34849998354911804","0.8371999561786652","0.8319999575614929","0.8423999547958374","1","1","1","1","1","1","0.30889999866485596","0.30889999866485596","0.30889999866485596","0.8755999803543091","0.8755999803543091","0.8755999803543091","1","1","1","1","1","1","0.3601999878883362","0.3601999878883362","0.3601999878883362","0.8743999600410461","0.8743999600410461","0.8743999600410461","1","1","1","1","1","1","0.04349999874830246","0.04349999874830246","0.04349999874830246","1","1","1"
"10528","1","1","1","1","1","1","0.04749999940395355","0.04749999940395355","0.04749999940395355","1","1","1","1","1","1","1","1","1","0.0429999977350235","0.0429999977350235","0.0429999977350235","1","1","1","0.9999499917030334","0.9998999834060669","1","1","1","1","0.3776499778032303","0.3658999800682068","0.3893999755382538","0.6540499925613403","0.6438999772071838","0.6642000079154968","1","1","1","1","1","1","0.3404499888420105","0.33319997787475586","0.34769999980926514","0.8375499844551086","0.8331999778747559","0.8418999910354614","1","1","1","1","1","1","0.3057999908924103","0.3057999908924103","0.3057999908924103","0.8755999803543091","0.8755999803543091","0.8755999803543091","1","1","1","1","1","1","0.36409997940063477","0.36409997940063477","0.36409997940063477","0.875499963760376","0.875499963760376","0.875499963760376","1","1","1","1","1","1","0.044099997729063034","0.044099997729063034","0.044099997729063034","1","1","1"
"10539","1","1","1","1","1","1","0.047599997371435165","0.047599997371435165","0.047599997371435165","1","1","1","1","1","1","1","1","1","0.0429999977350235","0.0429999977350235","0.0429999977350235","1","1","1","0.9998999834060669","0.9997999668121338","1","1","1","1","0.3871999979019165","0.373199999332428","0.40119999647140503","0.6584499776363373","0.6470999717712402","0.6697999835014343","1","1","1","1","1","1","0.3422999829053879","0.33649998903274536","0.3480999767780304","0.8384999632835388","0.8345999717712402","0.8423999547958374","1","1","1","1","1","1","0.31209999322891235","0.31209999322891235","0.31209999322891235","0.8756999969482422","0.8756999969482422","0.8756999969482422","1","1","1","1","1","1","0.3643999993801117","0.3643999993801117","0.3643999993801117","0.8754000067710876","0.8754000067710876","0.8754000067710876","1","1","1","1","1","1","0.04399999976158142","0.04399999976158142","0.04399999976158142","1","1","1"
"10550","1","1","1","1","1","1","0.047199998050928116","0.047199998050928116","0.047199998050928116","1","1","1","1","1","1","1","1","1","0.042799998074769974","0.042799998074769974","0.042799998074769974","1","1","1","0.9999499917030334","0.9998999834060669","1","1","1","1","0.38134999573230743","0.37709999084472656","0.3856000006198883","0.6552499830722809","0.6491000056266785","0.6613999605178833","1","1","1","1","1","1","0.33789999783039093","0.3346000015735626","0.34119999408721924","0.8373999893665314","0.8346999883651733","0.8400999903678894","1","1","1","1","1","1","0.3125999867916107","0.3125999867916107","0.3125999867916107","0.8756999969482422","0.8756999969482422","0.8756999969482422","1","1","1","1","1","1","0.35339999198913574","0.35339999198913574","0.35339999198913574","0.8736000061035156","0.8736000061035156","0.8736000061035156","1","1","1","1","1","1","0.04399999976158142","0.04399999976158142","0.04399999976158142","1","1","1"
"10561","1","1","1","1","1","1","0.0471000000834465","0.0471000000834465","0.0471000000834465","1","1","1","1","1","1","1","1","1","0.04259999841451645","0.04259999841451645","0.04259999841451645","1","1","1","0.9999499917030334","0.9998999834060669","1","1","1","1","0.3836499899625778","0.3764999806880951","0.39079999923706055","0.6566499769687653","0.6481999754905701","0.6650999784469604","1","1","1","1","1","1","0.3403500020503998","0.33820000290870667","0.3425000011920929","0.8382499814033508","0.8355000019073486","0.840999960899353","1","1","1","1","1","1","0.3109999895095825","0.3109999895095825","0.3109999895095825","0.8752999901771545","0.8752999901771545","0.8752999901771545","1","1","1","1","1","1","0.3652999997138977","0.3652999997138977","0.3652999997138977","0.8754000067710876","0.8754000067710876","0.8754000067710876","1","1","1","1","1","1","0.044199999421834946","0.044199999421834946","0.044199999421834946","1","1","1"
"10572","1","1","1","1","1","1","0.04779999703168869","0.04779999703168869","0.04779999703168869","1","1","1","1","1","1","1","1","1","0.04259999841451645","0.04259999841451645","0.04259999841451645","1","1","1","0.9999499917030334","0.9998999834060669","1","1","1","1","0.3910999894142151","0.38439998030662537","0.3977999985218048","0.6616500020027161","0.6538000106811523","0.6694999933242798","1","1","1","1","1","1","0.34699998795986176","0.335999995470047","0.3579999804496765","0.8398999869823456","0.8352999687194824","0.8445000052452087","1","1","1","1","1","1","0.3100999891757965","0.3100999891757965","0.3100999891757965","0.8751999735832214","0.8751999735832214","0.8751999735832214","1","1","1","1","1","1","0.3646000027656555","0.3646000027656555","0.3646000027656555","0.8755999803543091","0.8755999803543091","0.8755999803543091","1","1","1","1","1","1","0.04399999976158142","0.04399999976158142","0.04399999976158142","1","1","1"
"10583","1","1","1","1","1","1","0.047599997371435165","0.047599997371435165","0.047599997371435165","1","1","1","1","1","1","1","1","1","0.042799998074769974","0.042799998074769974","0.042799998074769974","1","1","1","0.9999499917030334","0.9998999834060669","1","1","1","1","0.38534998893737793","0.38009998202323914","0.3905999958515167","0.6583499908447266","0.6535999774932861","0.663100004196167","1","1","1","1","1","1","0.3475499898195267","0.3352999985218048","0.35979998111724854","0.8404499888420105","0.8356999754905701","0.8452000021934509","1","1","1","1","1","1","0.3028999865055084","0.3028999865055084","0.3028999865055084","0.8736000061035156","0.8736000061035156","0.8736000061035156","1","1","1","1","1","1","0.36329999566078186","0.36329999566078186","0.36329999566078186","0.8750999569892883","0.8750999569892883","0.8750999569892883","1","1","1","1","1","1","0.04399999976158142","0.04399999976158142","0.04399999976158142","1","1","1"
"10594","1","1","1","1","1","1","0.04800000041723251","0.04800000041723251","0.04800000041723251","1","1","1","1","1","1","1","1","1","0.0429999977350235","0.0429999977350235","0.0429999977350235","1","1","1","0.9999499917030334","0.9998999834060669","1","1","1","1","0.38359998166561127","0.3814999759197235","0.385699987411499","0.6580999791622162","0.6532999873161316","0.6628999710083008","1","1","1","1","1","1","0.3463999927043915","0.33660000562667847","0.3561999797821045","0.8397499918937683","0.8357999920845032","0.8436999917030334","1","1","1","1","1","1","0.3043999969959259","0.3043999969959259","0.3043999969959259","0.8736000061035156","0.8736000061035156","0.8736000061035156","1","1","1","1","1","1","0.36149999499320984","0.36149999499320984","0.36149999499320984","0.8750999569892883","0.8750999569892883","0.8750999569892883","1","1","1","1","1","1","0.044099997729063034","0.044099997729063034","0.044099997729063034","1","1","1"
"10605","1","1","1","1","1","1","0.04820000007748604","0.04820000007748604","0.04820000007748604","1","1","1","1","1","1","1","1","1","0.04230000078678131","0.04230000078678131","0.04230000078678131","1","1","1","0.9999499917030334","0.9998999834060669","1","1","1","1","0.38544999063014984","0.3775999844074249","0.39329999685287476","0.6582499742507935","0.6502999663352966","0.6661999821662903","1","1","1","1","1","1","0.3456999957561493","0.3452000021934509","0.34619998931884766","0.8400499820709229","0.8375999927520752","0.8424999713897705","1","1","1","1","1","1","0.2978000044822693","0.2978000044822693","0.2978000044822693","0.8723999857902527","0.8723999857902527","0.8723999857902527","1","1","1","1","1","1","0.35659998655319214","0.35659998655319214","0.35659998655319214","0.8737999796867371","0.8737999796867371","0.8737999796867371","1","1","1","1","1","1","0.04389999806880951","0.04389999806880951","0.04389999806880951","1","1","1"
"10616","1","1","1","1","1","1","0.04749999940395355","0.04749999940395355","0.04749999940395355","1","1","1","1","1","1","1","1","1","0.0429999977350235","0.0429999977350235","0.0429999977350235","1","1","1","0.9999499917030334","0.9998999834060669","1","1","1","1","0.3840999901294708","0.3772999942302704","0.39089998602867126","0.6567999720573425","0.6510999798774719","0.6624999642372131","1","1","1","1","1","1","0.347149983048439","0.3432999849319458","0.35099998116493225","0.8401999771595001","0.8379999995231628","0.8423999547958374","1","1","1","1","1","1","0.3034999966621399","0.3034999966621399","0.3034999966621399","0.8743000030517578","0.8743000030517578","0.8743000030517578","1","1","1","1","1","1","0.35569998621940613","0.35569998621940613","0.35569998621940613","0.8739999532699585","0.8739999532699585","0.8739999532699585","1","1","1","1","1","1","0.04399999976158142","0.04399999976158142","0.04399999976158142","1","1","1"
"10627","1","1","1","1","1","1","0.0478999987244606","0.0478999987244606","0.0478999987244606","1","1","1","1","1","1","1","1","1","0.04259999841451645","0.04259999841451645","0.04259999841451645","1","1","1","0.9998999834060669","0.9997999668121338","1","1","1","1","0.38449999690055847","0.37929999828338623","0.3896999955177307","0.6565999984741211","0.6514999866485596","0.6617000102996826","1","1","1","1","1","1","0.34744998812675476","0.33739998936653137","0.35749998688697815","0.8399499654769897","0.8345999717712402","0.8452999591827393","1","1","1","1","1","1","0.306799978017807","0.306799978017807","0.306799978017807","0.8743000030517578","0.8743000030517578","0.8743000030517578","1","1","1","1","1","1","0.3595999777317047","0.3595999777317047","0.3595999777317047","0.8752999901771545","0.8752999901771545","0.8752999901771545","1","1","1","1","1","1","0.04339999705553055","0.04339999705553055","0.04339999705553055","1","1","1"
"10638","1","1","1","1","1","1","0.04739999771118164","0.04739999771118164","0.04739999771118164","1","1","1","1","1","1","1","1","1","0.04309999942779541","0.04309999942779541","0.04309999942779541","1","1","1","0.9999499917030334","0.9998999834060669","1","1","1","1","0.38704998791217804","0.3773999810218811","0.396699994802475","0.6596999764442444","0.6523999571800232","0.6669999957084656","1","1","1","1","1","1","0.3419499844312668","0.3335999846458435","0.35029998421669006","0.8384999632835388","0.8345999717712402","0.8423999547958374","1","1","1","1","1","1","0.3102000057697296","0.3102000057697296","0.3102000057697296","0.875499963760376","0.875499963760376","0.875499963760376","1","1","1","1","1","1","0.3571999967098236","0.3571999967098236","0.3571999967098236","0.8738999962806702","0.8738999962806702","0.8738999962806702","1","1","1","1","1","1","0.04399999976158142","0.04399999976158142","0.04399999976158142","1","1","1"
"10649","1","1","1","1","1","1","0.04769999906420708","0.04769999906420708","0.04769999906420708","1","1","1","1","1","1","1","1","1","0.042799998074769974","0.042799998074769974","0.042799998074769974","1","1","1","0.9999499917030334","0.9998999834060669","1","1","1","1","0.38474997878074646","0.37629997730255127","0.39319998025894165","0.6574499905109406","0.6518999934196472","0.6629999876022339","0.9999499917030334","0.9998999834060669","1","1","1","1","0.33914998173713684","0.32979997992515564","0.34849998354911804","0.8379999697208405","0.8334999680519104","0.8424999713897705","1","1","1","1","1","1","0.3017999827861786","0.3017999827861786","0.3017999827861786","0.8743000030517578","0.8743000030517578","0.8743000030517578","1","1","1","1","1","1","0.35830000042915344","0.35830000042915344","0.35830000042915344","0.8743000030517578","0.8743000030517578","0.8743000030517578","1","1","1","1","1","1","0.04389999806880951","0.04389999806880951","0.04389999806880951","1","1","1"
"10660","1","1","1","1","1","1","0.047599997371435165","0.047599997371435165","0.047599997371435165","1","1","1","1","1","1","1","1","1","0.042799998074769974","0.042799998074769974","0.042799998074769974","1","1","1","0.9999499917030334","0.9998999834060669","1","1","1","1","0.38169999420642853","0.37700000405311584","0.3863999843597412","0.6557500064373016","0.6520000100135803","0.659500002861023","1","1","1","1","1","1","0.3392999917268753","0.32909998297691345","0.34950000047683716","0.8383499681949615","0.8335999846458435","0.8430999517440796","1","1","1","1","1","1","0.3017999827861786","0.3017999827861786","0.3017999827861786","0.8723999857902527","0.8723999857902527","0.8723999857902527","1","1","1","1","1","1","0.3633999824523926","0.3633999824523926","0.3633999824523926","0.8754000067710876","0.8754000067710876","0.8754000067710876","1","1","1","1","1","1","0.044099997729063034","0.044099997729063034","0.044099997729063034","1","1","1"
"10671","1","1","1","1","1","1","0.04769999906420708","0.04769999906420708","0.04769999906420708","1","1","1","1","1","1","1","1","1","0.042399998754262924","0.042399998754262924","0.042399998754262924","1","1","1","0.9999499917030334","0.9998999834060669","1","1","1","1","0.38075000047683716","0.3756999969482422","0.38580000400543213","0.6565499901771545","0.6517999768257141","0.661300003528595","1","1","1","1","1","1","0.3401999920606613","0.3321000039577484","0.3482999801635742","0.8385499715805054","0.8345999717712402","0.8424999713897705","1","1","1","1","1","1","0.2994000017642975","0.2994000017642975","0.2994000017642975","0.8725999593734741","0.8725999593734741","0.8725999593734741","1","1","1","1","1","1","0.35589998960494995","0.35589998960494995","0.35589998960494995","0.8739999532699585","0.8739999532699585","0.8739999532699585","1","1","1","1","1","1","0.04389999806880951","0.04389999806880951","0.04389999806880951","1","1","1"
"10682","1","1","1","1","1","1","0.04779999703168869","0.04779999703168869","0.04779999703168869","1","1","1","1","1","1","1","1","1","0.04309999942779541","0.04309999942779541","0.04309999942779541","1","1","1","0.9999499917030334","0.9998999834060669","1","1","1","1","0.38224999606609344","0.37700000405311584","0.38749998807907104","0.6562499701976776","0.6521999835968018","0.6602999567985535","1","1","1","1","1","1","0.344899982213974","0.33229997754096985","0.35749998688697815","0.8389999866485596","0.8345999717712402","0.8434000015258789","1","1","1","1","1","1","0.3050000071525574","0.3050000071525574","0.3050000071525574","0.8736000061035156","0.8736000061035156","0.8736000061035156","1","1","1","1","1","1","0.3569999933242798","0.3569999933242798","0.3569999933242798","0.8746999502182007","0.8746999502182007","0.8746999502182007","1","1","1","1","1","1","0.043800000101327896","0.043800000101327896","0.043800000101327896","1","1","1"
"10693","1","1","1","1","1","1","0.04769999906420708","0.04769999906420708","0.04769999906420708","1","1","1","1","1","1","1","1","1","0.042899999767541885","0.042899999767541885","0.042899999767541885","1","1","1","0.9999499917030334","0.9998999834060669","1","1","1","1","0.38679999113082886","0.3789999783039093","0.3946000039577484","0.6589999794960022","0.6538999676704407","0.6640999913215637","1","1","1","1","1","1","0.34645000100135803","0.3346000015735626","0.35830000042915344","0.8392499685287476","0.8341999650001526","0.8442999720573425","1","1","1","1","1","1","0.30320000648498535","0.30320000648498535","0.30320000648498535","0.8737999796867371","0.8737999796867371","0.8737999796867371","1","1","1","1","1","1","0.353300005197525","0.353300005197525","0.353300005197525","0.8727999925613403","0.8727999925613403","0.8727999925613403","1","1","1","1","1","1","0.043699998408555984","0.043699998408555984","0.043699998408555984","1","1","1"
"10704","1","1","1","1","1","1","0.04749999940395355","0.04749999940395355","0.04749999940395355","1","1","1","1","1","1","1","1","1","0.04309999942779541","0.04309999942779541","0.04309999942779541","1","1","1","0.9999499917030334","0.9998999834060669","1","1","1","1","0.38324999809265137","0.38199999928474426","0.38449999690055847","0.6570000052452087","0.6547999978065491","0.6592000126838684","0.9999499917030334","0.9998999834060669","1","1","1","1","0.3464999943971634","0.3375999927520752","0.3553999960422516","0.8396499752998352","0.8346999883651733","0.8445999622344971","1","1","1","1","1","1","0.29760000109672546","0.29760000109672546","0.29760000109672546","0.873199999332428","0.873199999332428","0.873199999332428","1","1","1","1","1","1","0.34950000047683716","0.34950000047683716","0.34950000047683716","0.8722999691963196","0.8722999691963196","0.8722999691963196","1","1","1","1","1","1","0.044199999421834946","0.044199999421834946","0.044199999421834946","1","1","1"
"10715","1","1","1","1","1","1","0.047199998050928116","0.047199998050928116","0.047199998050928116","1","1","1","1","1","1","1","1","1","0.04259999841451645","0.04259999841451645","0.04259999841451645","1","1","1","0.9999499917030334","0.9998999834060669","1","1","1","1","0.3879999816417694","0.38659998774528503","0.3893999755382538","0.658950001001358","0.6586999893188477","0.6592000126838684","1","1","1","1","1","1","0.3499999940395355","0.3456999957561493","0.35429999232292175","0.8402999639511108","0.8377999663352966","0.842799961566925","1","1","1","1","1","1","0.3098999857902527","0.3098999857902527","0.3098999857902527","0.873699963092804","0.873699963092804","0.873699963092804","1","1","1","1","1","1","0.3553999960422516","0.3553999960422516","0.3553999960422516","0.8743999600410461","0.8743999600410461","0.8743999600410461","1","1","1","1","1","1","0.04399999976158142","0.04399999976158142","0.04399999976158142","1","1","1"
"10726","1","1","1","1","1","1","0.0478999987244606","0.0478999987244606","0.0478999987244606","1","1","1","1","1","1","1","1","1","0.042799998074769974","0.042799998074769974","0.042799998074769974","1","1","1","0.9999499917030334","0.9998999834060669","1","1","1","1","0.384799987077713","0.3798999786376953","0.3896999955177307","0.6591499745845795","0.6574999690055847","0.6607999801635742","1","1","1","1","1","1","0.35064998269081116","0.343099981546402","0.35819998383522034","0.8406499624252319","0.8369999527931213","0.8442999720573425","1","1","1","1","1","1","0.31200000643730164","0.31200000643730164","0.31200000643730164","0.8748999834060669","0.8748999834060669","0.8748999834060669","1","1","1","1","1","1","0.3540000021457672","0.3540000021457672","0.3540000021457672","0.873699963092804","0.873699963092804","0.873699963092804","1","1","1","1","1","1","0.043800000101327896","0.043800000101327896","0.043800000101327896","1","1","1"
"10737","1","1","1","1","1","1","0.04739999771118164","0.04739999771118164","0.04739999771118164","1","1","1","1","1","1","1","1","1","0.04319999739527702","0.04319999739527702","0.04319999739527702","1","1","1","0.9999499917030334","0.9998999834060669","1","1","1","1","0.38759998977184296","0.3845999836921692","0.3905999958515167","0.6612999737262726","0.6610999703407288","0.6614999771118164","1","1","1","1","1","1","0.3454499840736389","0.3349999785423279","0.35589998960494995","0.8393999636173248","0.8352999687194824","0.8434999585151672","1","1","1","1","1","1","0.3068999946117401","0.3068999946117401","0.3068999946117401","0.8738999962806702","0.8738999962806702","0.8738999962806702","1","1","1","1","1","1","0.35519999265670776","0.35519999265670776","0.35519999265670776","0.8734999895095825","0.8734999895095825","0.8734999895095825","1","1","1","1","1","1","0.044099997729063034","0.044099997729063034","0.044099997729063034","1","1","1"
"10748","1","1","1","1","1","1","0.04749999940395355","0.04749999940395355","0.04749999940395355","1","1","1","1","1","1","1","1","1","0.0429999977350235","0.0429999977350235","0.0429999977350235","1","1","1","0.9979999959468842","0.9959999918937683","1","0.9987999796867371","0.9975999593734741","1","0.3874499946832657","0.38659998774528503","0.38830000162124634","0.6594499945640564","0.6568999886512756","0.6620000004768372","1","1","1","1","1","1","0.3455999940633774","0.33570000529289246","0.3554999828338623","0.8403499722480774","0.8363999724388123","0.8442999720573425","1","1","1","1","1","1","0.30219998955726624","0.30219998955726624","0.30219998955726624","0.8725000023841858","0.8725000023841858","0.8725000023841858","1","1","1","1","1","1","0.35420000553131104","0.35420000553131104","0.35420000553131104","0.8739999532699585","0.8739999532699585","0.8739999532699585","1","1","1","1","1","1","0.04399999976158142","0.04399999976158142","0.04399999976158142","1","1","1"
"10759","1","1","1","1","1","1","0.04729999974370003","0.04729999974370003","0.04729999974370003","1","1","1","1","1","1","1","1","1","0.0429999977350235","0.0429999977350235","0.0429999977350235","1","1","1","1","1","1","1","1","1","0.3803499937057495","0.37689998745918274","0.3837999999523163","0.655349999666214","0.6507999897003174","0.6599000096321106","1","1","1","1","1","1","0.3430499881505966","0.3317999839782715","0.35429999232292175","0.8388999700546265","0.8335999846458435","0.8441999554634094","1","1","1","1","1","1","0.30379998683929443","0.30379998683929443","0.30379998683929443","0.8729999661445618","0.8729999661445618","0.8729999661445618","1","1","1","1","1","1","0.3515999913215637","0.3515999913215637","0.3515999913215637","0.8739999532699585","0.8739999532699585","0.8739999532699585","1","1","1","1","1","1","0.04399999976158142","0.04399999976158142","0.04399999976158142","1","1","1"
"10770","1","1","1","1","1","1","0.04769999906420708","0.04769999906420708","0.04769999906420708","1","1","1","1","1","1","1","1","1","0.0429999977350235","0.0429999977350235","0.0429999977350235","1","1","1","0.9999499917030334","0.9998999834060669","1","1","1","1","0.3850499987602234","0.3828999996185303","0.3871999979019165","0.6579999923706055","0.6545000076293945","0.6614999771118164","1","1","1","1","1","1","0.3461499959230423","0.33719998598098755","0.35510000586509705","0.8400499820709229","0.8355000019073486","0.8445999622344971","1","1","1","1","1","1","0.29490000009536743","0.29490000009536743","0.29490000009536743","0.8716999888420105","0.8716999888420105","0.8716999888420105","1","1","1","1","1","1","0.35189998149871826","0.35189998149871826","0.35189998149871826","0.8723999857902527","0.8723999857902527","0.8723999857902527","1","1","1","1","1","1","0.04360000044107437","0.04360000044107437","0.04360000044107437","1","1","1"
"10781","1","1","1","1","1","1","0.04739999771118164","0.04739999771118164","0.04739999771118164","1","1","1","1","1","1","1","1","1","0.042899999767541885","0.042899999767541885","0.042899999767541885","1","1","1","0.9999499917030334","0.9998999834060669","1","1","1","1","0.3903999924659729","0.3889999985694885","0.3917999863624573","0.6629999876022339","0.6577000021934509","0.6682999730110168","1","1","1","1","1","1","0.3463999778032303","0.3392999768257141","0.35349997878074646","0.840499997138977","0.8364999890327454","0.8445000052452087","1","1","1","1","1","1","0.29889997839927673","0.29889997839927673","0.29889997839927673","0.8730999827384949","0.8730999827384949","0.8730999827384949","1","1","1","1","1","1","0.3564999997615814","0.3564999997615814","0.3564999997615814","0.8725000023841858","0.8725000023841858","0.8725000023841858","1","1","1","1","1","1","0.043800000101327896","0.043800000101327896","0.043800000101327896","1","1","1"
"10792","1","1","1","1","1","1","0.04749999940395355","0.04749999940395355","0.04749999940395355","1","1","1","1","1","1","1","1","1","0.042899999767541885","0.042899999767541885","0.042899999767541885","1","1","1","0.9999499917030334","0.9998999834060669","1","1","1","1","0.39534999430179596","0.39239999651908875","0.3982999920845032","0.6650999784469604","0.6633999943733215","0.6667999625205994","1","1","1","1","1","1","0.3457999974489212","0.337799996137619","0.3537999987602234","0.840749979019165","0.8360999822616577","0.8453999757766724","1","1","1","1","1","1","0.30069997906684875","0.30069997906684875","0.30069997906684875","0.8743999600410461","0.8743999600410461","0.8743999600410461","1","1","1","1","1","1","0.34700000286102295","0.34700000286102295","0.34700000286102295","0.8715999722480774","0.8715999722480774","0.8715999722480774","1","1","1","1","1","1","0.04360000044107437","0.04360000044107437","0.04360000044107437","1","1","1"
"10803","1","1","1","1","1","1","0.047599997371435165","0.047599997371435165","0.047599997371435165","1","1","1","1","1","1","1","1","1","0.042799998074769974","0.042799998074769974","0.042799998074769974","1","1","1","0.9999499917030334","0.9998999834060669","1","1","1","1","0.39079998433589935","0.3894999921321869","0.3920999765396118","0.6615999937057495","0.659500002861023","0.6636999845504761","1","1","1","1","1","1","0.3452499955892563","0.3400999903678894","0.35040000081062317","0.8399499654769897","0.8366999626159668","0.8431999683380127","1","1","1","1","1","1","0.3001999855041504","0.3001999855041504","0.3001999855041504","0.8743000030517578","0.8743000030517578","0.8743000030517578","1","1","1","1","1","1","0.35569998621940613","0.35569998621940613","0.35569998621940613","0.873199999332428","0.873199999332428","0.873199999332428","1","1","1","1","1","1","0.04360000044107437","0.04360000044107437","0.04360000044107437","1","1","1"
"10814","1","1","1","1","1","1","0.04769999906420708","0.04769999906420708","0.04769999906420708","1","1","1","1","1","1","1","1","1","0.0429999977350235","0.0429999977350235","0.0429999977350235","1","1","1","0.9999499917030334","0.9998999834060669","1","1","1","1","0.3908499926328659","0.38909998536109924","0.39259999990463257","0.6622499823570251","0.6606000065803528","0.6638999581336975","0.9999499917030334","0.9998999834060669","1","1","1","1","0.3483999967575073","0.3384000062942505","0.35839998722076416","0.8406999707221985","0.8360999822616577","0.8452999591827393","1","1","1","1","1","1","0.3084999918937683","0.3084999918937683","0.3084999918937683","0.8740999698638916","0.8740999698638916","0.8740999698638916","1","1","1","1","1","1","0.35589998960494995","0.35589998960494995","0.35589998960494995","0.8730999827384949","0.8730999827384949","0.8730999827384949","1","1","1","1","1","1","0.043800000101327896","0.043800000101327896","0.043800000101327896","1","1","1"
"10825","1","1","1","1","1","1","0.04749999940395355","0.04749999940395355","0.04749999940395355","1","1","1","1","1","1","1","1","1","0.042899999767541885","0.042899999767541885","0.042899999767541885","1","1","1","0.9999499917030334","0.9998999834060669","1","1","1","1","0.38599999248981476","0.38499999046325684","0.3869999945163727","0.6586499810218811","0.6556999683380127","0.6615999937057495","1","1","1","1","1","1","0.3486499935388565","0.33869999647140503","0.358599990606308","0.8406999707221985","0.8363999724388123","0.8449999690055847","1","1","1","1","1","1","0.3098999857902527","0.3098999857902527","0.3098999857902527","0.8750999569892883","0.8750999569892883","0.8750999569892883","1","1","1","1","1","1","0.350600004196167","0.350600004196167","0.350600004196167","0.8725999593734741","0.8725999593734741","0.8725999593734741","1","1","1","1","1","1","0.043800000101327896","0.043800000101327896","0.043800000101327896","1","1","1"
"10836","1","1","1","1","1","1","0.04769999906420708","0.04769999906420708","0.04769999906420708","1","1","1","1","1","1","1","1","1","0.0429999977350235","0.0429999977350235","0.0429999977350235","1","1","1","0.9999499917030334","0.9998999834060669","1","1","1","1","0.3888999968767166","0.3869999945163727","0.39079999923706055","0.6601499915122986","0.6567999720573425","0.6635000109672546","1","1","1","1","1","1","0.350600004196167","0.34360000491142273","0.35760000348091125","0.8404499888420105","0.8356999754905701","0.8452000021934509","0.9998999834060669","0.9998999834060669","0.9998999834060669","1","1","1","0.3052999973297119","0.3052999973297119","0.3052999973297119","0.875","0.875","0.875","1","1","1","1","1","1","0.3549000024795532","0.3549000024795532","0.3549000024795532","0.873199999332428","0.873199999332428","0.873199999332428","1","1","1","1","1","1","0.043800000101327896","0.043800000101327896","0.043800000101327896","1","1","1"
"10847","1","1","1","1","1","1","0.047599997371435165","0.047599997371435165","0.047599997371435165","1","1","1","1","1","1","1","1","1","0.04259999841451645","0.04259999841451645","0.04259999841451645","1","1","1","0.9999499917030334","0.9998999834060669","1","1","1","1","0.3866499811410904","0.3836999833583832","0.3895999789237976","0.6590999662876129","0.6549999713897705","0.6631999611854553","1","1","1","1","1","1","0.34915000200271606","0.33889999985694885","0.3594000041484833","0.8404499888420105","0.8355000019073486","0.8453999757766724","1","1","1","1","1","1","0.2996000051498413","0.2996000051498413","0.2996000051498413","0.8732999563217163","0.8732999563217163","0.8732999563217163","1","1","1","1","1","1","0.3571999967098236","0.3571999967098236","0.3571999967098236","0.8746999502182007","0.8746999502182007","0.8746999502182007","1","1","1","1","1","1","0.04389999806880951","0.04389999806880951","0.04389999806880951","1","1","1"
"10858","1","1","1","1","1","1","0.04800000041723251","0.04800000041723251","0.04800000041723251","1","1","1","1","1","1","1","1","1","0.04270000010728836","0.04270000010728836","0.04270000010728836","1","1","1","0.9998999834060669","0.9997999668121338","1","1","1","1","0.3864999860525131","0.38599997758865356","0.3869999945163727","0.6583999693393707","0.6553999781608582","0.6613999605178833","1","1","1","1","1","1","0.35394999384880066","0.34529998898506165","0.3625999987125397","0.8415499627590179","0.8366999626159668","0.8463999629020691","1","1","1","1","1","1","0.30230000615119934","0.30230000615119934","0.30230000615119934","0.8744999766349792","0.8744999766349792","0.8744999766349792","1","1","1","1","1","1","0.3560999929904938","0.3560999929904938","0.3560999929904938","0.8744999766349792","0.8744999766349792","0.8744999766349792","1","1","1","1","1","1","0.04399999976158142","0.04399999976158142","0.04399999976158142","1","1","1"
"10869","1","1","1","1","1","1","0.047199998050928116","0.047199998050928116","0.047199998050928116","1","1","1","1","1","1","1","1","1","0.04259999841451645","0.04259999841451645","0.04259999841451645","1","1","1","0.9998999834060669","0.9997999668121338","1","1","1","1","0.3913999944925308","0.38989999890327454","0.3928999900817871","0.660400003194809","0.6572999954223633","0.6635000109672546","1","1","1","1","1","1","0.35074998438358307","0.34689998626708984","0.3545999825000763","0.840999960899353","0.8366999626159668","0.8452999591827393","1","1","1","1","1","1","0.3127000033855438","0.3127000033855438","0.3127000033855438","0.877299964427948","0.877299964427948","0.877299964427948","1","1","1","1","1","1","0.35429999232292175","0.35429999232292175","0.35429999232292175","0.8737999796867371","0.8737999796867371","0.8737999796867371","1","1","1","1","1","1","0.04389999806880951","0.04389999806880951","0.04389999806880951","1","1","1"
"10880","1","1","1","1","1","1","0.04769999906420708","0.04769999906420708","0.04769999906420708","1","1","1","1","1","1","1","1","1","0.04230000078678131","0.04230000078678131","0.04230000078678131","1","1","1","0.9998999834060669","0.9997999668121338","1","1","1","1","0.3950500041246414","0.3937000036239624","0.39640000462532043","0.6627499759197235","0.6589999794960022","0.6664999723434448","1","1","1","1","1","1","0.3440999835729599","0.3294999897480011","0.3586999773979187","0.8391499817371368","0.8323000073432922","0.8459999561309814","1","1","1","1","1","1","0.31129997968673706","0.31129997968673706","0.31129997968673706","0.8769999742507935","0.8769999742507935","0.8769999742507935","1","1","1","1","1","1","0.3578999936580658","0.3578999936580658","0.3578999936580658","0.8741999864578247","0.8741999864578247","0.8741999864578247","1","1","1","1","1","1","0.043699998408555984","0.043699998408555984","0.043699998408555984","1","1","1"
"10891","1","1","1","1","1","1","0.04749999940395355","0.04749999940395355","0.04749999940395355","1","1","1","1","1","1","1","1","1","0.041999999433755875","0.041999999433755875","0.041999999433755875","1","1","1","0.9999499917030334","0.9998999834060669","1","1","1","1","0.3930499851703644","0.3912999927997589","0.39479997754096985","0.6629499793052673","0.6586999893188477","0.667199969291687","1","1","1","1","1","1","0.34154999256134033","0.3337000012397766","0.34939998388290405","0.838699996471405","0.8339999914169312","0.8434000015258789","1","1","1","1","1","1","0.3082999885082245","0.3082999885082245","0.3082999885082245","0.8759999871253967","0.8759999871253967","0.8759999871253967","1","1","1","1","1","1","0.3471999764442444","0.3471999764442444","0.3471999764442444","0.8725000023841858","0.8725000023841858","0.8725000023841858","1","1","1","1","1","1","0.04389999806880951","0.04389999806880951","0.04389999806880951","1","1","1"
"10902","1","1","1","1","1","1","0.04769999906420708","0.04769999906420708","0.04769999906420708","1","1","1","1","1","1","1","1","1","0.042500000447034836","0.042500000447034836","0.042500000447034836","1","1","1","0.9999499917030334","0.9998999834060669","1","1","1","1","0.39069999754428864","0.3869999945163727","0.3944000005722046","0.660649985074997","0.6574999690055847","0.6638000011444092","1","1","1","1","1","1","0.34264998137950897","0.3326999843120575","0.35259997844696045","0.8390499651432037","0.8337999582290649","0.8442999720573425","1","1","1","1","1","1","0.3027999997138977","0.3027999997138977","0.3027999997138977","0.8745999932289124","0.8745999932289124","0.8745999932289124","1","1","1","1","1","1","0.34450000524520874","0.34450000524520874","0.34450000524520874","0.8721999526023865","0.8721999526023865","0.8721999526023865","1","1","1","1","1","1","0.043800000101327896","0.043800000101327896","0.043800000101327896","1","1","1"
"10913","1","1","1","1","1","1","0.0478999987244606","0.0478999987244606","0.0478999987244606","1","1","1","1","1","1","1","1","1","0.042799998074769974","0.042799998074769974","0.042799998074769974","1","1","1","0.9999499917030334","0.9998999834060669","1","1","1","1","0.3827499896287918","0.38099998235702515","0.38449999690055847","0.6575500071048737","0.6534000039100647","0.6617000102996826","1","1","1","1","1","1","0.34619998931884766","0.3360999822616577","0.3562999963760376","0.8393999636173248","0.8334999680519104","0.8452999591827393","1","1","1","1","1","1","0.2969000041484833","0.2969000041484833","0.2969000041484833","0.8732999563217163","0.8732999563217163","0.8732999563217163","1","1","1","1","1","1","0.35499998927116394","0.35499998927116394","0.35499998927116394","0.8740999698638916","0.8740999698638916","0.8740999698638916","1","1","1","1","1","1","0.04389999806880951","0.04389999806880951","0.04389999806880951","1","1","1"
"10924","1","1","1","1","1","1","0.04779999703168869","0.04779999703168869","0.04779999703168869","1","1","1","1","1","1","1","1","1","0.04230000078678131","0.04230000078678131","0.04230000078678131","1","1","1","0.9999499917030334","0.9998999834060669","1","1","1","1","0.38279998302459717","0.37869998812675476","0.3868999779224396","0.6563999950885773","0.6527000069618225","0.660099983215332","1","1","1","1","1","1","0.34609998762607574","0.3382999897003174","0.3538999855518341","0.8395499587059021","0.8341999650001526","0.8448999524116516","1","1","1","1","1","1","0.29789999127388","0.29789999127388","0.29789999127388","0.8728999495506287","0.8728999495506287","0.8728999495506287","1","1","1","1","1","1","0.36159998178482056","0.36159998178482056","0.36159998178482056","0.875499963760376","0.875499963760376","0.875499963760376","1","1","1","1","1","1","0.04389999806880951","0.04389999806880951","0.04389999806880951","1","1","1"
"10935","1","1","1","1","1","1","0.04769999906420708","0.04769999906420708","0.04769999906420708","1","1","1","1","1","1","1","1","1","0.04230000078678131","0.04230000078678131","0.04230000078678131","1","1","1","0.9999499917030334","0.9998999834060669","1","1","1","1","0.38099999725818634","0.37439998984336853","0.38760000467300415","0.6555499732494354","0.6507999897003174","0.6602999567985535","1","1","1","1","1","1","0.34164999425411224","0.33059999346733093","0.35269999504089355","0.8392999768257141","0.8330000042915344","0.8455999493598938","1","1","1","1","1","1","0.2985000014305115","0.2985000014305115","0.2985000014305115","0.8734999895095825","0.8734999895095825","0.8734999895095825","1","1","1","1","1","1","0.35349997878074646","0.35349997878074646","0.35349997878074646","0.8746999502182007","0.8746999502182007","0.8746999502182007","1","1","1","1","1","1","0.04349999874830246","0.04349999874830246","0.04349999874830246","1","1","1"
"10946","1","1","1","1","1","1","0.04739999771118164","0.04739999771118164","0.04739999771118164","1","1","1","1","1","1","1","1","1","0.04259999841451645","0.04259999841451645","0.04259999841451645","1","1","1","0.9999499917030334","0.9998999834060669","1","1","1","1","0.38819998502731323","0.3822999894618988","0.39409998059272766","0.6594499945640564","0.652999997138977","0.6658999919891357","1","1","1","1","1","1","0.34414999186992645","0.33480000495910645","0.35349997878074646","0.8400999903678894","0.8342999815940857","0.8458999991416931","1","1","1","1","1","1","0.29099997878074646","0.29099997878074646","0.29099997878074646","0.8734999895095825","0.8734999895095825","0.8734999895095825","1","1","1","1","1","1","0.3553999960422516","0.3553999960422516","0.3553999960422516","0.8743999600410461","0.8743999600410461","0.8743999600410461","1","1","1","1","1","1","0.04399999976158142","0.04399999976158142","0.04399999976158142","1","1","1"
"10957","1","1","1","1","1","1","0.047599997371435165","0.047599997371435165","0.047599997371435165","1","1","1","1","1","1","1","1","1","0.042500000447034836","0.042500000447034836","0.042500000447034836","1","1","1","0.9999499917030334","0.9998999834060669","1","1","1","1","0.38579998910427094","0.37599998712539673","0.39559999108314514","0.6578499972820282","0.6514999866485596","0.6642000079154968","0.9999499917030334","0.9998999834060669","1","1","1","1","0.34549999237060547","0.33640000224113464","0.3545999825000763","0.8394500017166138","0.8337000012397766","0.8452000021934509","1","1","1","1","1","1","0.29339998960494995","0.29339998960494995","0.29339998960494995","0.873199999332428","0.873199999332428","0.873199999332428","1","1","1","1","1","1","0.357699990272522","0.357699990272522","0.357699990272522","0.8739999532699585","0.8739999532699585","0.8739999532699585","1","1","1","1","1","1","0.04339999705553055","0.04339999705553055","0.04339999705553055","1","1","1"
"10968","1","1","1","1","1","1","0.04779999703168869","0.04779999703168869","0.04779999703168869","1","1","1","1","1","1","1","1","1","0.04270000010728836","0.04270000010728836","0.04270000010728836","1","1","1","0.9999499917030334","0.9998999834060669","1","1","1","1","0.3842499852180481","0.37469998002052307","0.3937999904155731","0.6570999622344971","0.6509999632835388","0.6631999611854553","1","1","1","1","1","1","0.34359999001026154","0.334199994802475","0.3529999852180481","0.8392499685287476","0.8345999717712402","0.8438999652862549","1","1","1","1","1","1","0.2945999801158905","0.2945999801158905","0.2945999801158905","0.8736000061035156","0.8736000061035156","0.8736000061035156","1","1","1","1","1","1","0.3511999845504761","0.3511999845504761","0.3511999845504761","0.8748999834060669","0.8748999834060669","0.8748999834060669","1","1","1","1","1","1","0.043699998408555984","0.043699998408555984","0.043699998408555984","1","1","1"
"10979","1","1","1","1","1","1","0.04769999906420708","0.04769999906420708","0.04769999906420708","1","1","1","1","1","1","1","1","1","0.04259999841451645","0.04259999841451645","0.04259999841451645","1","1","1","0.9999499917030334","0.9998999834060669","1","1","1","1","0.3788499981164932","0.36910000443458557","0.3885999917984009","0.6542999744415283","0.6470999717712402","0.6614999771118164","1","1","1","1","1","1","0.35119999945163727","0.34540000557899475","0.3569999933242798","0.8405999839305878","0.8370999693870544","0.8440999984741211","1","1","1","1","1","1","0.3003999888896942","0.3003999888896942","0.3003999888896942","0.8746999502182007","0.8746999502182007","0.8746999502182007","1","1","1","1","1","1","0.3515999913215637","0.3515999913215637","0.3515999913215637","0.8728999495506287","0.8728999495506287","0.8728999495506287","1","1","1","1","1","1","0.043699998408555984","0.043699998408555984","0.043699998408555984","1","1","1"
"10990","1","1","1","1","1","1","0.0478999987244606","0.0478999987244606","0.0478999987244606","1","1","1","1","1","1","1","1","1","0.04259999841451645","0.04259999841451645","0.04259999841451645","1","1","1","0.9999499917030334","0.9998999834060669","1","1","1","1","0.3833499848842621","0.3791999816894531","0.38749998807907104","0.6575499773025513","0.6545999646186829","0.6604999899864197","1","1","1","1","1","1","0.3480999916791916","0.3443000018596649","0.35189998149871826","0.8407000005245209","0.8375999927520752","0.8438000082969666","1","1","1","1","1","1","0.29760000109672546","0.29760000109672546","0.29760000109672546","0.8730999827384949","0.8730999827384949","0.8730999827384949","1","1","1","1","1","1","0.3547999858856201","0.3547999858856201","0.3547999858856201","0.8746999502182007","0.8746999502182007","0.8746999502182007","1","1","1","1","1","1","0.04389999806880951","0.04389999806880951","0.04389999806880951","1","1","1"