NOT USING MLP
RestrictedDisentangledTransformer(
  (transformer_block_0): DisentangledTransformerBlock(
    (causal_block): DisentangledCausalAttention(
      (W_QK): Linear(in_features=80, out_features=80, bias=False)
      (W_V): Linear(in_features=80, out_features=80, bias=False)
    )
  )
  (transformer_block_1): DisentangledTransformerBlock(
    (causal_block): DisentangledCausalAttention(
      (W_QK): Linear(in_features=160, out_features=160, bias=False)
      (W_V): Linear(in_features=160, out_features=160, bias=False)
    )
  )
  (W_O): Linear(in_features=320, out_features=320, bias=True)
  (mlp): Readout()
)
Running experiment Unrestricted Disentangled|Readout|CN=0|B0=2|B1=3|K=1280|L=320|p_B=0.75|p_C=0.75|B=2|eps=0|e6550d4e-6d1e-4f62-89ea-caa9422ff06f
./circuit_plots/Unrestricted Disentangled|Readout|CN=0|B0=2|B1=3|K=1280|L=320|p_B=0.75|p_C=0.75|B=2|eps=0|e6550d4e-6d1e-4f62-89ea-caa9422ff06f/ already exists.
./circuit_plots/Unrestricted Disentangled|Readout|CN=0|B0=2|B1=3|K=1280|L=320|p_B=0.75|p_C=0.75|B=2|eps=0|e6550d4e-6d1e-4f62-89ea-caa9422ff06f/ already exists.
Epoch: 0, Loss: 5.80640172958374
Test acc: 0.0012, IC acc: 0.0029, IC acc2: 0.0036, IW acc: 0.0026
Epoch: 1, Loss: 5.807657241821289
Epoch: 2, Loss: 5.846297740936279
Epoch: 3, Loss: 5.8074164390563965
Epoch: 4, Loss: 5.795993804931641
Epoch: 5, Loss: 5.8367791175842285
Epoch: 6, Loss: 5.788093566894531
Epoch: 7, Loss: 5.8162641525268555
Epoch: 8, Loss: 5.818778991699219
Epoch: 9, Loss: 5.803614616394043
Epoch: 10, Loss: 5.848533630371094
Test acc: 0.0012, IC acc: 0.0029, IC acc2: 0.0036, IW acc: 0.0026
Epoch: 11, Loss: 5.829713821411133
Epoch: 12, Loss: 5.812757968902588
Epoch: 13, Loss: 5.779575824737549
Epoch: 14, Loss: 5.774192810058594
Epoch: 15, Loss: 5.790780067443848
Epoch: 16, Loss: 5.762753009796143
Epoch: 17, Loss: 5.830295562744141
Epoch: 18, Loss: 5.852834224700928
Epoch: 19, Loss: 5.793569564819336
Epoch: 20, Loss: 5.809749603271484
Test acc: 0.0012, IC acc: 0.0029, IC acc2: 0.0036, IW acc: 0.0026
Epoch: 21, Loss: 5.818546295166016
Epoch: 22, Loss: 5.828516006469727
Epoch: 23, Loss: 5.813937187194824
Epoch: 24, Loss: 5.8029961585998535
Epoch: 25, Loss: 5.822488784790039
Epoch: 26, Loss: 5.810178756713867
Epoch: 27, Loss: 5.778099536895752
Epoch: 28, Loss: 5.796198844909668
Epoch: 29, Loss: 5.786685943603516
Epoch: 30, Loss: 5.843772888183594
Test acc: 0.0012, IC acc: 0.0029, IC acc2: 0.0036, IW acc: 0.0026
Epoch: 31, Loss: 5.811924934387207
Epoch: 32, Loss: 5.802240371704102
Epoch: 33, Loss: 5.765651226043701
Epoch: 34, Loss: 5.766195297241211
Epoch: 35, Loss: 5.8006911277771
Epoch: 36, Loss: 5.765345096588135
Epoch: 37, Loss: 5.813994407653809
Epoch: 38, Loss: 5.767739295959473
Epoch: 39, Loss: 5.785780906677246
Epoch: 40, Loss: 5.8033976554870605
Test acc: 0.0012, IC acc: 0.0029, IC acc2: 0.0036, IW acc: 0.0026
Epoch: 41, Loss: 5.827339172363281
Epoch: 42, Loss: 5.810226917266846
Epoch: 43, Loss: 5.799253940582275
Epoch: 44, Loss: 5.807696342468262
Epoch: 45, Loss: 5.804749488830566
Epoch: 46, Loss: 5.787167549133301
Epoch: 47, Loss: 5.802257061004639
Epoch: 48, Loss: 5.809852600097656
Epoch: 49, Loss: 5.767096519470215
./circuit_plots/Unrestricted Disentangled|Readout|CN=0|B0=2|B1=3|K=1280|L=320|p_B=0.75|p_C=0.75|B=2|eps=0|e6550d4e-6d1e-4f62-89ea-caa9422ff06f/ already exists.
./circuit_plots/Unrestricted Disentangled|Readout|CN=0|B0=2|B1=3|K=1280|L=320|p_B=0.75|p_C=0.75|B=2|eps=0|e6550d4e-6d1e-4f62-89ea-caa9422ff06f/ already exists.
./circuit_plots/Unrestricted Disentangled|Readout|CN=0|B0=2|B1=3|K=1280|L=320|p_B=0.75|p_C=0.75|B=2|eps=0|e6550d4e-6d1e-4f62-89ea-caa9422ff06f/ already exists.
./circuit_plots/Unrestricted Disentangled|Readout|CN=0|B0=2|B1=3|K=1280|L=320|p_B=0.75|p_C=0.75|B=2|eps=0|e6550d4e-6d1e-4f62-89ea-caa9422ff06f/ already exists.
./circuit_plots/Unrestricted Disentangled|Readout|CN=0|B0=2|B1=3|K=1280|L=320|p_B=0.75|p_C=0.75|B=2|eps=0|e6550d4e-6d1e-4f62-89ea-caa9422ff06f/ already exists.
./circuit_plots/Unrestricted Disentangled|Readout|CN=0|B0=2|B1=3|K=1280|L=320|p_B=0.75|p_C=0.75|B=2|eps=0|e6550d4e-6d1e-4f62-89ea-caa9422ff06f/ already exists.
./circuit_plots/Unrestricted Disentangled|Readout|CN=0|B0=2|B1=3|K=1280|L=320|p_B=0.75|p_C=0.75|B=2|eps=0|e6550d4e-6d1e-4f62-89ea-caa9422ff06f/ already exists.
Epoch: 50, Loss: 5.800165176391602
Test acc: 0.0012, IC acc: 0.0029, IC acc2: 0.0036, IW acc: 0.0026
Epoch: 51, Loss: 5.741916179656982
Epoch: 52, Loss: 5.7930474281311035
Epoch: 53, Loss: 5.777369499206543
Epoch: 54, Loss: 5.780829429626465
Epoch: 55, Loss: 5.7592620849609375
Epoch: 56, Loss: 5.800070285797119
Epoch: 57, Loss: 5.773833274841309
Epoch: 58, Loss: 5.769944667816162
Epoch: 59, Loss: 5.803590774536133
Epoch: 60, Loss: 5.831934928894043
Test acc: 0.0012, IC acc: 0.0029, IC acc2: 0.0036, IW acc: 0.0026
Epoch: 61, Loss: 5.778622627258301
Epoch: 62, Loss: 5.772089958190918
Epoch: 63, Loss: 5.801743030548096
Epoch: 64, Loss: 5.76494026184082
Epoch: 65, Loss: 5.823741912841797
Epoch: 66, Loss: 5.787856101989746
Epoch: 67, Loss: 5.817002296447754
Epoch: 68, Loss: 5.831450462341309
Epoch: 69, Loss: 5.813209533691406
Epoch: 70, Loss: 5.759485244750977
Test acc: 0.0012, IC acc: 0.0029, IC acc2: 0.0036, IW acc: 0.0026
Epoch: 71, Loss: 5.802910327911377
Epoch: 72, Loss: 5.780377388000488
Epoch: 73, Loss: 5.791845798492432
Epoch: 74, Loss: 5.79598331451416
Epoch: 75, Loss: 5.794345855712891
Epoch: 76, Loss: 5.78806734085083
Epoch: 77, Loss: 5.783895492553711
Epoch: 78, Loss: 5.816587448120117
Epoch: 79, Loss: 5.824619293212891
Epoch: 80, Loss: 5.784258842468262
Test acc: 0.0012, IC acc: 0.0029, IC acc2: 0.0036, IW acc: 0.0026
Epoch: 81, Loss: 5.783098220825195
Epoch: 82, Loss: 5.7868547439575195
Epoch: 83, Loss: 5.78629732131958
Epoch: 84, Loss: 5.810932159423828
Epoch: 85, Loss: 5.844509601593018
Epoch: 86, Loss: 5.809060096740723
Epoch: 87, Loss: 5.817312240600586
Epoch: 88, Loss: 5.811881065368652
Epoch: 89, Loss: 5.819869041442871
Epoch: 90, Loss: 5.785013198852539
Test acc: 0.0012, IC acc: 0.0029, IC acc2: 0.0036, IW acc: 0.0026
Epoch: 91, Loss: 5.787355899810791
Epoch: 92, Loss: 5.788882732391357
Epoch: 93, Loss: 5.748323917388916
Epoch: 94, Loss: 5.813113212585449
Epoch: 95, Loss: 5.809940338134766
Epoch: 96, Loss: 5.753968715667725
Epoch: 97, Loss: 5.787473201751709
Epoch: 98, Loss: 5.770574569702148
Epoch: 99, Loss: 5.770821571350098
./circuit_plots/Unrestricted Disentangled|Readout|CN=0|B0=2|B1=3|K=1280|L=320|p_B=0.75|p_C=0.75|B=2|eps=0|e6550d4e-6d1e-4f62-89ea-caa9422ff06f/ already exists.
./circuit_plots/Unrestricted Disentangled|Readout|CN=0|B0=2|B1=3|K=1280|L=320|p_B=0.75|p_C=0.75|B=2|eps=0|e6550d4e-6d1e-4f62-89ea-caa9422ff06f/ already exists.
./circuit_plots/Unrestricted Disentangled|Readout|CN=0|B0=2|B1=3|K=1280|L=320|p_B=0.75|p_C=0.75|B=2|eps=0|e6550d4e-6d1e-4f62-89ea-caa9422ff06f/ already exists.
./circuit_plots/Unrestricted Disentangled|Readout|CN=0|B0=2|B1=3|K=1280|L=320|p_B=0.75|p_C=0.75|B=2|eps=0|e6550d4e-6d1e-4f62-89ea-caa9422ff06f/ already exists.
./circuit_plots/Unrestricted Disentangled|Readout|CN=0|B0=2|B1=3|K=1280|L=320|p_B=0.75|p_C=0.75|B=2|eps=0|e6550d4e-6d1e-4f62-89ea-caa9422ff06f/ already exists.
./circuit_plots/Unrestricted Disentangled|Readout|CN=0|B0=2|B1=3|K=1280|L=320|p_B=0.75|p_C=0.75|B=2|eps=0|e6550d4e-6d1e-4f62-89ea-caa9422ff06f/ already exists.
./circuit_plots/Unrestricted Disentangled|Readout|CN=0|B0=2|B1=3|K=1280|L=320|p_B=0.75|p_C=0.75|B=2|eps=0|e6550d4e-6d1e-4f62-89ea-caa9422ff06f/ already exists.
Epoch: 100, Loss: 5.814591884613037
Test acc: 0.0012, IC acc: 0.0029, IC acc2: 0.0036, IW acc: 0.0026
Epoch: 101, Loss: 5.817461967468262
Epoch: 102, Loss: 5.7345781326293945
Epoch: 103, Loss: 5.819075107574463
Epoch: 104, Loss: 5.85491943359375
Epoch: 105, Loss: 5.787655353546143
Epoch: 106, Loss: 5.822014808654785
Epoch: 107, Loss: 5.8018693923950195
Epoch: 108, Loss: 5.765495300292969
Epoch: 109, Loss: 5.792916774749756
Epoch: 110, Loss: 5.800118446350098
Test acc: 0.0012, IC acc: 0.0029, IC acc2: 0.0036, IW acc: 0.0026
Epoch: 111, Loss: 5.780857086181641
Epoch: 112, Loss: 5.827671527862549
Epoch: 113, Loss: 5.805994033813477
Epoch: 114, Loss: 5.816451549530029
Epoch: 115, Loss: 5.768592834472656
Epoch: 116, Loss: 5.8134307861328125
Epoch: 117, Loss: 5.821766376495361
Epoch: 118, Loss: 5.793233871459961
Epoch: 119, Loss: 5.825031280517578
Epoch: 120, Loss: 5.7537312507629395
Test acc: 0.0012, IC acc: 0.0029, IC acc2: 0.0036, IW acc: 0.0026
Epoch: 121, Loss: 5.833505630493164
Epoch: 122, Loss: 5.833011627197266
Epoch: 123, Loss: 5.746546745300293
Epoch: 124, Loss: 5.770081520080566
Epoch: 125, Loss: 5.823422431945801
Epoch: 126, Loss: 5.7640380859375
Epoch: 127, Loss: 5.797976970672607
Epoch: 128, Loss: 5.791475772857666
Epoch: 129, Loss: 5.827279090881348
Epoch: 130, Loss: 5.82335090637207
Test acc: 0.0012, IC acc: 0.0029, IC acc2: 0.0036, IW acc: 0.0026
Epoch: 131, Loss: 5.842273712158203
Epoch: 132, Loss: 5.7977118492126465
Epoch: 133, Loss: 5.753480911254883
Epoch: 134, Loss: 5.836828231811523
Epoch: 135, Loss: 5.778921127319336
Epoch: 136, Loss: 5.799014091491699
Epoch: 137, Loss: 5.827200412750244
Epoch: 138, Loss: 5.8003973960876465
Epoch: 139, Loss: 5.825771331787109
Epoch: 140, Loss: 5.797229766845703
Test acc: 0.0014, IC acc: 0.0029, IC acc2: 0.0036, IW acc: 0.0036
Epoch: 141, Loss: 5.816086292266846
Epoch: 142, Loss: 5.8211445808410645
Epoch: 143, Loss: 5.803974628448486
Epoch: 144, Loss: 5.786052703857422
Epoch: 145, Loss: 5.8319926261901855
Epoch: 146, Loss: 5.845013618469238
Epoch: 147, Loss: 5.789596080780029
Epoch: 148, Loss: 5.78432559967041
Epoch: 149, Loss: 5.806842803955078
./circuit_plots/Unrestricted Disentangled|Readout|CN=0|B0=2|B1=3|K=1280|L=320|p_B=0.75|p_C=0.75|B=2|eps=0|e6550d4e-6d1e-4f62-89ea-caa9422ff06f/ already exists.
./circuit_plots/Unrestricted Disentangled|Readout|CN=0|B0=2|B1=3|K=1280|L=320|p_B=0.75|p_C=0.75|B=2|eps=0|e6550d4e-6d1e-4f62-89ea-caa9422ff06f/ already exists.
./circuit_plots/Unrestricted Disentangled|Readout|CN=0|B0=2|B1=3|K=1280|L=320|p_B=0.75|p_C=0.75|B=2|eps=0|e6550d4e-6d1e-4f62-89ea-caa9422ff06f/ already exists.
./circuit_plots/Unrestricted Disentangled|Readout|CN=0|B0=2|B1=3|K=1280|L=320|p_B=0.75|p_C=0.75|B=2|eps=0|e6550d4e-6d1e-4f62-89ea-caa9422ff06f/ already exists.
./circuit_plots/Unrestricted Disentangled|Readout|CN=0|B0=2|B1=3|K=1280|L=320|p_B=0.75|p_C=0.75|B=2|eps=0|e6550d4e-6d1e-4f62-89ea-caa9422ff06f/ already exists.
./circuit_plots/Unrestricted Disentangled|Readout|CN=0|B0=2|B1=3|K=1280|L=320|p_B=0.75|p_C=0.75|B=2|eps=0|e6550d4e-6d1e-4f62-89ea-caa9422ff06f/ already exists.
./circuit_plots/Unrestricted Disentangled|Readout|CN=0|B0=2|B1=3|K=1280|L=320|p_B=0.75|p_C=0.75|B=2|eps=0|e6550d4e-6d1e-4f62-89ea-caa9422ff06f/ already exists.
Epoch: 150, Loss: 5.790107727050781
Test acc: 0.0016, IC acc: 0.0029, IC acc2: 0.0036, IW acc: 0.0048
Epoch: 151, Loss: 5.751575946807861
Epoch: 152, Loss: 5.786198616027832
Epoch: 153, Loss: 5.78941535949707
Epoch: 154, Loss: 5.805474281311035
Epoch: 155, Loss: 5.787776947021484
Epoch: 156, Loss: 5.783779144287109
Epoch: 157, Loss: 5.782003879547119
Epoch: 158, Loss: 5.797248363494873
Epoch: 159, Loss: 5.776463031768799
Epoch: 160, Loss: 5.805554389953613
Test acc: 0.0016, IC acc: 0.0029, IC acc2: 0.0036, IW acc: 0.0048
Epoch: 161, Loss: 5.812615871429443
Epoch: 162, Loss: 5.771188735961914
Epoch: 163, Loss: 5.816118240356445
Epoch: 164, Loss: 5.788765907287598
Epoch: 165, Loss: 5.783655166625977
Epoch: 166, Loss: 5.79562520980835
Epoch: 167, Loss: 5.825267791748047
Epoch: 168, Loss: 5.771327972412109
Epoch: 169, Loss: 5.810229778289795
Epoch: 170, Loss: 5.811680793762207
Test acc: 0.0014, IC acc: 0.0029, IC acc2: 0.0036, IW acc: 0.0036
Epoch: 171, Loss: 5.777015686035156
Epoch: 172, Loss: 5.805605888366699
Epoch: 173, Loss: 5.789126396179199
Epoch: 174, Loss: 5.834173679351807
Epoch: 175, Loss: 5.769082546234131
Epoch: 176, Loss: 5.763227939605713
Epoch: 177, Loss: 5.722428321838379
Epoch: 178, Loss: 5.7759294509887695
Epoch: 179, Loss: 5.787808418273926
Epoch: 180, Loss: 5.792919158935547
Test acc: 0.0016, IC acc: 0.0029, IC acc2: 0.0036, IW acc: 0.0048
Epoch: 181, Loss: 5.795895099639893
Epoch: 182, Loss: 5.792995929718018
Epoch: 183, Loss: 5.814278602600098
Epoch: 184, Loss: 5.805232048034668
Epoch: 185, Loss: 5.803483963012695
Epoch: 186, Loss: 5.749384880065918
Epoch: 187, Loss: 5.830667972564697
Epoch: 188, Loss: 5.756050109863281
Epoch: 189, Loss: 5.834735870361328
Epoch: 190, Loss: 5.811444282531738
Test acc: 0.0014, IC acc: 0.0029, IC acc2: 0.0036, IW acc: 0.0036
Epoch: 191, Loss: 5.813541412353516
Epoch: 192, Loss: 5.811714172363281
Epoch: 193, Loss: 5.798349380493164
Epoch: 194, Loss: 5.781182289123535
Epoch: 195, Loss: 5.826860427856445
Epoch: 196, Loss: 5.81318473815918
Epoch: 197, Loss: 5.766397953033447
Epoch: 198, Loss: 5.77392578125
Epoch: 199, Loss: 5.770994186401367
./circuit_plots/Unrestricted Disentangled|Readout|CN=0|B0=2|B1=3|K=1280|L=320|p_B=0.75|p_C=0.75|B=2|eps=0|e6550d4e-6d1e-4f62-89ea-caa9422ff06f/ already exists.
./circuit_plots/Unrestricted Disentangled|Readout|CN=0|B0=2|B1=3|K=1280|L=320|p_B=0.75|p_C=0.75|B=2|eps=0|e6550d4e-6d1e-4f62-89ea-caa9422ff06f/ already exists.
./circuit_plots/Unrestricted Disentangled|Readout|CN=0|B0=2|B1=3|K=1280|L=320|p_B=0.75|p_C=0.75|B=2|eps=0|e6550d4e-6d1e-4f62-89ea-caa9422ff06f/ already exists.
./circuit_plots/Unrestricted Disentangled|Readout|CN=0|B0=2|B1=3|K=1280|L=320|p_B=0.75|p_C=0.75|B=2|eps=0|e6550d4e-6d1e-4f62-89ea-caa9422ff06f/ already exists.
./circuit_plots/Unrestricted Disentangled|Readout|CN=0|B0=2|B1=3|K=1280|L=320|p_B=0.75|p_C=0.75|B=2|eps=0|e6550d4e-6d1e-4f62-89ea-caa9422ff06f/ already exists.
./circuit_plots/Unrestricted Disentangled|Readout|CN=0|B0=2|B1=3|K=1280|L=320|p_B=0.75|p_C=0.75|B=2|eps=0|e6550d4e-6d1e-4f62-89ea-caa9422ff06f/ already exists.
./circuit_plots/Unrestricted Disentangled|Readout|CN=0|B0=2|B1=3|K=1280|L=320|p_B=0.75|p_C=0.75|B=2|eps=0|e6550d4e-6d1e-4f62-89ea-caa9422ff06f/ already exists.
Epoch: 200, Loss: 5.817740440368652
Test acc: 0.0014, IC acc: 0.0029, IC acc2: 0.0036, IW acc: 0.0036
Epoch: 201, Loss: 5.829959869384766
Epoch: 202, Loss: 5.774238586425781
Epoch: 203, Loss: 5.78619384765625
Epoch: 204, Loss: 5.813756942749023
Epoch: 205, Loss: 5.799807548522949
Epoch: 206, Loss: 5.772555351257324
Epoch: 207, Loss: 5.872052192687988
Epoch: 208, Loss: 5.816260814666748
Epoch: 209, Loss: 5.79990291595459
Epoch: 210, Loss: 5.803340911865234
Test acc: 0.0016, IC acc: 0.0029, IC acc2: 0.0036, IW acc: 0.0048
Epoch: 211, Loss: 5.8191728591918945
Epoch: 212, Loss: 5.775554656982422
Epoch: 213, Loss: 5.824235916137695
Epoch: 214, Loss: 5.749985694885254
Epoch: 215, Loss: 5.777705669403076
Epoch: 216, Loss: 5.779759883880615
Epoch: 217, Loss: 5.8101701736450195
Epoch: 218, Loss: 5.7638468742370605
Epoch: 219, Loss: 5.789577484130859
Epoch: 220, Loss: 5.821224212646484
Test acc: 0.0016, IC acc: 0.0029, IC acc2: 0.0036, IW acc: 0.0041
Epoch: 221, Loss: 5.7882537841796875
Epoch: 222, Loss: 5.796036243438721
Epoch: 223, Loss: 5.80354642868042
Epoch: 224, Loss: 5.797374725341797
Epoch: 225, Loss: 5.744607448577881
Epoch: 226, Loss: 5.825007438659668
Epoch: 227, Loss: 5.794422149658203
Epoch: 228, Loss: 5.750706195831299
Epoch: 229, Loss: 5.763204097747803
Epoch: 230, Loss: 5.787897109985352
Test acc: 0.0014, IC acc: 0.0029, IC acc2: 0.0036, IW acc: 0.0036
Epoch: 231, Loss: 5.808108329772949
Epoch: 232, Loss: 5.776268005371094
Epoch: 233, Loss: 5.811913967132568
Epoch: 234, Loss: 5.786947727203369
Epoch: 235, Loss: 5.820807933807373
Epoch: 236, Loss: 5.783360958099365
Epoch: 237, Loss: 5.825076103210449
Epoch: 238, Loss: 5.823386192321777
Epoch: 239, Loss: 5.779083251953125
Epoch: 240, Loss: 5.801026344299316
Test acc: 0.0014, IC acc: 0.0029, IC acc2: 0.0036, IW acc: 0.0036
Epoch: 241, Loss: 5.793593406677246
Epoch: 242, Loss: 5.7629194259643555
Epoch: 243, Loss: 5.812771797180176
Epoch: 244, Loss: 5.810551643371582
Epoch: 245, Loss: 5.768499374389648
Epoch: 246, Loss: 5.797297477722168
Epoch: 247, Loss: 5.807619094848633
Epoch: 248, Loss: 5.817591667175293
Epoch: 249, Loss: 5.796532154083252
./circuit_plots/Unrestricted Disentangled|Readout|CN=0|B0=2|B1=3|K=1280|L=320|p_B=0.75|p_C=0.75|B=2|eps=0|e6550d4e-6d1e-4f62-89ea-caa9422ff06f/ already exists.
./circuit_plots/Unrestricted Disentangled|Readout|CN=0|B0=2|B1=3|K=1280|L=320|p_B=0.75|p_C=0.75|B=2|eps=0|e6550d4e-6d1e-4f62-89ea-caa9422ff06f/ already exists.
./circuit_plots/Unrestricted Disentangled|Readout|CN=0|B0=2|B1=3|K=1280|L=320|p_B=0.75|p_C=0.75|B=2|eps=0|e6550d4e-6d1e-4f62-89ea-caa9422ff06f/ already exists.
./circuit_plots/Unrestricted Disentangled|Readout|CN=0|B0=2|B1=3|K=1280|L=320|p_B=0.75|p_C=0.75|B=2|eps=0|e6550d4e-6d1e-4f62-89ea-caa9422ff06f/ already exists.
./circuit_plots/Unrestricted Disentangled|Readout|CN=0|B0=2|B1=3|K=1280|L=320|p_B=0.75|p_C=0.75|B=2|eps=0|e6550d4e-6d1e-4f62-89ea-caa9422ff06f/ already exists.
./circuit_plots/Unrestricted Disentangled|Readout|CN=0|B0=2|B1=3|K=1280|L=320|p_B=0.75|p_C=0.75|B=2|eps=0|e6550d4e-6d1e-4f62-89ea-caa9422ff06f/ already exists.
./circuit_plots/Unrestricted Disentangled|Readout|CN=0|B0=2|B1=3|K=1280|L=320|p_B=0.75|p_C=0.75|B=2|eps=0|e6550d4e-6d1e-4f62-89ea-caa9422ff06f/ already exists.
Epoch: 250, Loss: 5.821277618408203
Test acc: 0.0016, IC acc: 0.0029, IC acc2: 0.0036, IW acc: 0.0048
Epoch: 251, Loss: 5.8145952224731445
Epoch: 252, Loss: 5.770127773284912
Epoch: 253, Loss: 5.832685947418213
Epoch: 254, Loss: 5.773773193359375
Epoch: 255, Loss: 5.788740158081055
Epoch: 256, Loss: 5.760763168334961
Epoch: 257, Loss: 5.775931358337402
Epoch: 258, Loss: 5.8118085861206055
Epoch: 259, Loss: 5.810257911682129
Epoch: 260, Loss: 5.768190383911133
Test acc: 0.0016, IC acc: 0.0029, IC acc2: 0.0036, IW acc: 0.0048
Epoch: 261, Loss: 5.79537296295166
Epoch: 262, Loss: 5.7953691482543945
Epoch: 263, Loss: 5.8189873695373535
Epoch: 264, Loss: 5.767025470733643
Epoch: 265, Loss: 5.772641658782959
Epoch: 266, Loss: 5.802584648132324
Epoch: 267, Loss: 5.763352394104004
Epoch: 268, Loss: 5.773745536804199
Epoch: 269, Loss: 5.815293788909912
Epoch: 270, Loss: 5.753195762634277
Test acc: 0.0016, IC acc: 0.0029, IC acc2: 0.0036, IW acc: 0.0048
Epoch: 271, Loss: 5.787517547607422
Epoch: 272, Loss: 5.797849655151367
Epoch: 273, Loss: 5.794004440307617
Epoch: 274, Loss: 5.819041728973389
Epoch: 275, Loss: 5.777124404907227
Epoch: 276, Loss: 5.804865837097168
Epoch: 277, Loss: 5.807623386383057
Epoch: 278, Loss: 5.753995895385742
Epoch: 279, Loss: 5.8450469970703125
Epoch: 280, Loss: 5.826172828674316
Test acc: 0.0014, IC acc: 0.0029, IC acc2: 0.0036, IW acc: 0.0036
Epoch: 281, Loss: 5.820389747619629
Epoch: 282, Loss: 5.778815269470215
Epoch: 283, Loss: 5.789730072021484
Epoch: 284, Loss: 5.795076370239258
Epoch: 285, Loss: 5.811304092407227
Epoch: 286, Loss: 5.794671058654785
Epoch: 287, Loss: 5.780679225921631
Epoch: 288, Loss: 5.7865777015686035
Epoch: 289, Loss: 5.815277576446533
Epoch: 290, Loss: 5.7997894287109375
Test acc: 0.0016, IC acc: 0.0029, IC acc2: 0.0036, IW acc: 0.0048
Epoch: 291, Loss: 5.8424482345581055
Epoch: 292, Loss: 5.807975769042969
Epoch: 293, Loss: 5.76937198638916
Epoch: 294, Loss: 5.799267768859863
Epoch: 295, Loss: 5.807010173797607
Epoch: 296, Loss: 5.807093620300293
Epoch: 297, Loss: 5.784266471862793
Epoch: 298, Loss: 5.780170917510986
Epoch: 299, Loss: 5.766962051391602
./circuit_plots/Unrestricted Disentangled|Readout|CN=0|B0=2|B1=3|K=1280|L=320|p_B=0.75|p_C=0.75|B=2|eps=0|e6550d4e-6d1e-4f62-89ea-caa9422ff06f/ already exists.
./circuit_plots/Unrestricted Disentangled|Readout|CN=0|B0=2|B1=3|K=1280|L=320|p_B=0.75|p_C=0.75|B=2|eps=0|e6550d4e-6d1e-4f62-89ea-caa9422ff06f/ already exists.
./circuit_plots/Unrestricted Disentangled|Readout|CN=0|B0=2|B1=3|K=1280|L=320|p_B=0.75|p_C=0.75|B=2|eps=0|e6550d4e-6d1e-4f62-89ea-caa9422ff06f/ already exists.
./circuit_plots/Unrestricted Disentangled|Readout|CN=0|B0=2|B1=3|K=1280|L=320|p_B=0.75|p_C=0.75|B=2|eps=0|e6550d4e-6d1e-4f62-89ea-caa9422ff06f/ already exists.
./circuit_plots/Unrestricted Disentangled|Readout|CN=0|B0=2|B1=3|K=1280|L=320|p_B=0.75|p_C=0.75|B=2|eps=0|e6550d4e-6d1e-4f62-89ea-caa9422ff06f/ already exists.
./circuit_plots/Unrestricted Disentangled|Readout|CN=0|B0=2|B1=3|K=1280|L=320|p_B=0.75|p_C=0.75|B=2|eps=0|e6550d4e-6d1e-4f62-89ea-caa9422ff06f/ already exists.
./circuit_plots/Unrestricted Disentangled|Readout|CN=0|B0=2|B1=3|K=1280|L=320|p_B=0.75|p_C=0.75|B=2|eps=0|e6550d4e-6d1e-4f62-89ea-caa9422ff06f/ already exists.
Epoch: 300, Loss: 5.8320207595825195
Test acc: 0.0016, IC acc: 0.0029, IC acc2: 0.0036, IW acc: 0.0041
Epoch: 301, Loss: 5.833217620849609
Epoch: 302, Loss: 5.78833532333374
Epoch: 303, Loss: 5.779794692993164
Epoch: 304, Loss: 5.8039374351501465
Epoch: 305, Loss: 5.803183555603027
Epoch: 306, Loss: 5.791754245758057
Epoch: 307, Loss: 5.808056831359863
Epoch: 308, Loss: 5.801456451416016
Epoch: 309, Loss: 5.815438270568848
Epoch: 310, Loss: 5.769007205963135
Test acc: 0.0016, IC acc: 0.0029, IC acc2: 0.0036, IW acc: 0.0041
Epoch: 311, Loss: 5.825473308563232
Epoch: 312, Loss: 5.789108753204346
Epoch: 313, Loss: 5.774021625518799
Epoch: 314, Loss: 5.806712627410889
Epoch: 315, Loss: 5.80539608001709
Epoch: 316, Loss: 5.807267189025879
Epoch: 317, Loss: 5.767630100250244
Epoch: 318, Loss: 5.810516357421875
Epoch: 319, Loss: 5.7491350173950195
Epoch: 320, Loss: 5.788942337036133
Test acc: 0.0014, IC acc: 0.0029, IC acc2: 0.0036, IW acc: 0.0036
Epoch: 321, Loss: 5.822400093078613
Epoch: 322, Loss: 5.781309604644775
Epoch: 323, Loss: 5.78223991394043
Epoch: 324, Loss: 5.801419258117676
Epoch: 325, Loss: 5.794006824493408
Epoch: 326, Loss: 5.871187210083008
Epoch: 327, Loss: 5.818830490112305
Epoch: 328, Loss: 5.76009464263916
Epoch: 329, Loss: 5.757170677185059
Epoch: 330, Loss: 5.814755916595459
Test acc: 0.0018, IC acc: 0.0029, IC acc2: 0.0036, IW acc: 0.0048
Epoch: 331, Loss: 5.829656600952148
Epoch: 332, Loss: 5.740846633911133
Epoch: 333, Loss: 5.782707214355469
Epoch: 334, Loss: 5.810257911682129
Epoch: 335, Loss: 5.822484016418457
Epoch: 336, Loss: 5.773367881774902
Epoch: 337, Loss: 5.808291435241699
Epoch: 338, Loss: 5.774212837219238
Epoch: 339, Loss: 5.80618953704834
Epoch: 340, Loss: 5.782593727111816
Test acc: 0.002, IC acc: 0.0029, IC acc2: 0.0036, IW acc: 0.0053
Epoch: 341, Loss: 5.823201656341553
Epoch: 342, Loss: 5.811237335205078
Epoch: 343, Loss: 5.821601390838623
Epoch: 344, Loss: 5.788593292236328
Epoch: 345, Loss: 5.797717571258545
Epoch: 346, Loss: 5.819661617279053
Epoch: 347, Loss: 5.820382595062256
Epoch: 348, Loss: 5.792435646057129
Epoch: 349, Loss: 5.791293144226074
./circuit_plots/Unrestricted Disentangled|Readout|CN=0|B0=2|B1=3|K=1280|L=320|p_B=0.75|p_C=0.75|B=2|eps=0|e6550d4e-6d1e-4f62-89ea-caa9422ff06f/ already exists.
./circuit_plots/Unrestricted Disentangled|Readout|CN=0|B0=2|B1=3|K=1280|L=320|p_B=0.75|p_C=0.75|B=2|eps=0|e6550d4e-6d1e-4f62-89ea-caa9422ff06f/ already exists.
./circuit_plots/Unrestricted Disentangled|Readout|CN=0|B0=2|B1=3|K=1280|L=320|p_B=0.75|p_C=0.75|B=2|eps=0|e6550d4e-6d1e-4f62-89ea-caa9422ff06f/ already exists.
./circuit_plots/Unrestricted Disentangled|Readout|CN=0|B0=2|B1=3|K=1280|L=320|p_B=0.75|p_C=0.75|B=2|eps=0|e6550d4e-6d1e-4f62-89ea-caa9422ff06f/ already exists.
./circuit_plots/Unrestricted Disentangled|Readout|CN=0|B0=2|B1=3|K=1280|L=320|p_B=0.75|p_C=0.75|B=2|eps=0|e6550d4e-6d1e-4f62-89ea-caa9422ff06f/ already exists.
./circuit_plots/Unrestricted Disentangled|Readout|CN=0|B0=2|B1=3|K=1280|L=320|p_B=0.75|p_C=0.75|B=2|eps=0|e6550d4e-6d1e-4f62-89ea-caa9422ff06f/ already exists.
./circuit_plots/Unrestricted Disentangled|Readout|CN=0|B0=2|B1=3|K=1280|L=320|p_B=0.75|p_C=0.75|B=2|eps=0|e6550d4e-6d1e-4f62-89ea-caa9422ff06f/ already exists.
Epoch: 350, Loss: 5.810802459716797
Test acc: 0.0018, IC acc: 0.0029, IC acc2: 0.0036, IW acc: 0.0041
Epoch: 351, Loss: 5.807397842407227
Epoch: 352, Loss: 5.804727554321289
Epoch: 353, Loss: 5.789983749389648
Epoch: 354, Loss: 5.804172515869141
Epoch: 355, Loss: 5.791229248046875
Epoch: 356, Loss: 5.7800092697143555
Epoch: 357, Loss: 5.7778000831604
Epoch: 358, Loss: 5.797420501708984
Epoch: 359, Loss: 5.803985595703125
Epoch: 360, Loss: 5.787566184997559
Test acc: 0.0011, IC acc: 0.0029, IC acc2: 0.0036, IW acc: 0.0041
Epoch: 361, Loss: 5.800821304321289
Epoch: 362, Loss: 5.778183460235596
Epoch: 363, Loss: 5.796351432800293
Epoch: 364, Loss: 5.800881862640381
Epoch: 365, Loss: 5.755129814147949
Epoch: 366, Loss: 5.816983699798584
Epoch: 367, Loss: 5.791316986083984
Epoch: 368, Loss: 5.801477909088135
Epoch: 369, Loss: 5.812602996826172
Epoch: 370, Loss: 5.827885627746582
Test acc: 0.0011, IC acc: 0.0029, IC acc2: 0.0036, IW acc: 0.0041
Epoch: 371, Loss: 5.786065578460693
Epoch: 372, Loss: 5.8050079345703125
Epoch: 373, Loss: 5.782588958740234
Epoch: 374, Loss: 5.799020767211914
Epoch: 375, Loss: 5.815309524536133
Epoch: 376, Loss: 5.772074222564697
Epoch: 377, Loss: 5.765679359436035
Epoch: 378, Loss: 5.820870399475098
Epoch: 379, Loss: 5.8222336769104
Epoch: 380, Loss: 5.747128963470459
Test acc: 0.0011, IC acc: 0.0029, IC acc2: 0.0036, IW acc: 0.0041
Epoch: 381, Loss: 5.759361267089844
Epoch: 382, Loss: 5.811901092529297
Epoch: 383, Loss: 5.814545631408691
Epoch: 384, Loss: 5.797268867492676
Epoch: 385, Loss: 5.791863918304443
Epoch: 386, Loss: 5.807309150695801
Epoch: 387, Loss: 5.795440196990967
Epoch: 388, Loss: 5.792250633239746
Epoch: 389, Loss: 5.796549320220947
Epoch: 390, Loss: 5.792265892028809
Test acc: 0.0012, IC acc: 0.0029, IC acc2: 0.0036, IW acc: 0.005
Epoch: 391, Loss: 5.777796745300293
Epoch: 392, Loss: 5.772781848907471
Epoch: 393, Loss: 5.7862396240234375
Epoch: 394, Loss: 5.797128677368164
Epoch: 395, Loss: 5.813436031341553
Epoch: 396, Loss: 5.8162994384765625
Epoch: 397, Loss: 5.79310417175293
Epoch: 398, Loss: 5.782384872436523
Epoch: 399, Loss: 5.776010036468506
./circuit_plots/Unrestricted Disentangled|Readout|CN=0|B0=2|B1=3|K=1280|L=320|p_B=0.75|p_C=0.75|B=2|eps=0|e6550d4e-6d1e-4f62-89ea-caa9422ff06f/ already exists.
./circuit_plots/Unrestricted Disentangled|Readout|CN=0|B0=2|B1=3|K=1280|L=320|p_B=0.75|p_C=0.75|B=2|eps=0|e6550d4e-6d1e-4f62-89ea-caa9422ff06f/ already exists.
./circuit_plots/Unrestricted Disentangled|Readout|CN=0|B0=2|B1=3|K=1280|L=320|p_B=0.75|p_C=0.75|B=2|eps=0|e6550d4e-6d1e-4f62-89ea-caa9422ff06f/ already exists.
./circuit_plots/Unrestricted Disentangled|Readout|CN=0|B0=2|B1=3|K=1280|L=320|p_B=0.75|p_C=0.75|B=2|eps=0|e6550d4e-6d1e-4f62-89ea-caa9422ff06f/ already exists.
./circuit_plots/Unrestricted Disentangled|Readout|CN=0|B0=2|B1=3|K=1280|L=320|p_B=0.75|p_C=0.75|B=2|eps=0|e6550d4e-6d1e-4f62-89ea-caa9422ff06f/ already exists.
./circuit_plots/Unrestricted Disentangled|Readout|CN=0|B0=2|B1=3|K=1280|L=320|p_B=0.75|p_C=0.75|B=2|eps=0|e6550d4e-6d1e-4f62-89ea-caa9422ff06f/ already exists.
./circuit_plots/Unrestricted Disentangled|Readout|CN=0|B0=2|B1=3|K=1280|L=320|p_B=0.75|p_C=0.75|B=2|eps=0|e6550d4e-6d1e-4f62-89ea-caa9422ff06f/ already exists.
Epoch: 400, Loss: 5.798846244812012
Test acc: 0.0012, IC acc: 0.0029, IC acc2: 0.0036, IW acc: 0.005
Epoch: 401, Loss: 5.755121231079102
Epoch: 402, Loss: 5.77069091796875
Epoch: 403, Loss: 5.794678211212158
Epoch: 404, Loss: 5.761220455169678
Epoch: 405, Loss: 5.7729339599609375
Epoch: 406, Loss: 5.796148300170898
Epoch: 407, Loss: 5.8004069328308105
Epoch: 408, Loss: 5.773125648498535
Epoch: 409, Loss: 5.814550876617432
Epoch: 410, Loss: 5.807094573974609
Test acc: 0.0011, IC acc: 0.0029, IC acc2: 0.0036, IW acc: 0.0041
Epoch: 411, Loss: 5.798356056213379
Epoch: 412, Loss: 5.725000858306885
Epoch: 413, Loss: 5.8022990226745605
Epoch: 414, Loss: 5.751903057098389
Epoch: 415, Loss: 5.7864460945129395
Epoch: 416, Loss: 5.796183109283447
Epoch: 417, Loss: 5.7828216552734375
Epoch: 418, Loss: 5.74123477935791
Epoch: 419, Loss: 5.784904479980469
Epoch: 420, Loss: 5.809085369110107
Test acc: 0.0011, IC acc: 0.0029, IC acc2: 0.0036, IW acc: 0.0041
Epoch: 421, Loss: 5.792970180511475
Epoch: 422, Loss: 5.805126190185547
Epoch: 423, Loss: 5.769288539886475
Epoch: 424, Loss: 5.828826904296875
Epoch: 425, Loss: 5.805253028869629
Epoch: 426, Loss: 5.7985639572143555
Epoch: 427, Loss: 5.772378444671631
Epoch: 428, Loss: 5.789877891540527
Epoch: 429, Loss: 5.766389846801758
Epoch: 430, Loss: 5.778202056884766
Test acc: 0.0011, IC acc: 0.0029, IC acc2: 0.0036, IW acc: 0.0041
Epoch: 431, Loss: 5.810962677001953
Epoch: 432, Loss: 5.817448616027832
Epoch: 433, Loss: 5.810382843017578
Epoch: 434, Loss: 5.764615058898926
Epoch: 435, Loss: 5.723772048950195
Epoch: 436, Loss: 5.774731159210205
Epoch: 437, Loss: 5.792785167694092
Epoch: 438, Loss: 5.784381866455078
Epoch: 439, Loss: 5.7645792961120605
Epoch: 440, Loss: 5.808078289031982
Test acc: 0.0011, IC acc: 0.0029, IC acc2: 0.0036, IW acc: 0.0041
Epoch: 441, Loss: 5.779614448547363
Epoch: 442, Loss: 5.818380355834961
Epoch: 443, Loss: 5.805042266845703
Epoch: 444, Loss: 5.800721168518066
Epoch: 445, Loss: 5.8105292320251465
Epoch: 446, Loss: 5.774676322937012
Epoch: 447, Loss: 5.768706798553467
Epoch: 448, Loss: 5.788490295410156
Epoch: 449, Loss: 5.778443336486816
./circuit_plots/Unrestricted Disentangled|Readout|CN=0|B0=2|B1=3|K=1280|L=320|p_B=0.75|p_C=0.75|B=2|eps=0|e6550d4e-6d1e-4f62-89ea-caa9422ff06f/ already exists.
./circuit_plots/Unrestricted Disentangled|Readout|CN=0|B0=2|B1=3|K=1280|L=320|p_B=0.75|p_C=0.75|B=2|eps=0|e6550d4e-6d1e-4f62-89ea-caa9422ff06f/ already exists.
./circuit_plots/Unrestricted Disentangled|Readout|CN=0|B0=2|B1=3|K=1280|L=320|p_B=0.75|p_C=0.75|B=2|eps=0|e6550d4e-6d1e-4f62-89ea-caa9422ff06f/ already exists.
./circuit_plots/Unrestricted Disentangled|Readout|CN=0|B0=2|B1=3|K=1280|L=320|p_B=0.75|p_C=0.75|B=2|eps=0|e6550d4e-6d1e-4f62-89ea-caa9422ff06f/ already exists.
./circuit_plots/Unrestricted Disentangled|Readout|CN=0|B0=2|B1=3|K=1280|L=320|p_B=0.75|p_C=0.75|B=2|eps=0|e6550d4e-6d1e-4f62-89ea-caa9422ff06f/ already exists.
./circuit_plots/Unrestricted Disentangled|Readout|CN=0|B0=2|B1=3|K=1280|L=320|p_B=0.75|p_C=0.75|B=2|eps=0|e6550d4e-6d1e-4f62-89ea-caa9422ff06f/ already exists.
./circuit_plots/Unrestricted Disentangled|Readout|CN=0|B0=2|B1=3|K=1280|L=320|p_B=0.75|p_C=0.75|B=2|eps=0|e6550d4e-6d1e-4f62-89ea-caa9422ff06f/ already exists.
Epoch: 450, Loss: 5.750250339508057
Test acc: 0.0012, IC acc: 0.0029, IC acc2: 0.0036, IW acc: 0.005
Epoch: 451, Loss: 5.800726413726807
Epoch: 452, Loss: 5.778181552886963
Epoch: 453, Loss: 5.773916721343994
Epoch: 454, Loss: 5.774599075317383
Epoch: 455, Loss: 5.761586666107178
Epoch: 456, Loss: 5.821599006652832
Epoch: 457, Loss: 5.772165298461914
Epoch: 458, Loss: 5.797051429748535
Epoch: 459, Loss: 5.8177337646484375
Epoch: 460, Loss: 5.804046154022217
Test acc: 0.0012, IC acc: 0.0029, IC acc2: 0.0036, IW acc: 0.005
Epoch: 461, Loss: 5.754829406738281
Epoch: 462, Loss: 5.772928714752197
Epoch: 463, Loss: 5.818452835083008
Epoch: 464, Loss: 5.813050270080566
Epoch: 465, Loss: 5.793164253234863
Epoch: 466, Loss: 5.761965751647949
Epoch: 467, Loss: 5.774096488952637
Epoch: 468, Loss: 5.811894416809082
Epoch: 469, Loss: 5.787413120269775
Epoch: 470, Loss: 5.735939979553223
Test acc: 0.0012, IC acc: 0.0029, IC acc2: 0.0036, IW acc: 0.005
Epoch: 471, Loss: 5.801933288574219
Epoch: 472, Loss: 5.806846618652344
Epoch: 473, Loss: 5.803196907043457
Epoch: 474, Loss: 5.757972717285156
Epoch: 475, Loss: 5.805054664611816
Epoch: 476, Loss: 5.763006210327148
Epoch: 477, Loss: 5.827929496765137
Epoch: 478, Loss: 5.8233513832092285
Epoch: 479, Loss: 5.797478199005127
Epoch: 480, Loss: 5.779510498046875
Test acc: 0.0012, IC acc: 0.0029, IC acc2: 0.0036, IW acc: 0.005
Epoch: 481, Loss: 5.763489246368408
Epoch: 482, Loss: 5.800813674926758
Epoch: 483, Loss: 5.773359298706055
Epoch: 484, Loss: 5.790020942687988
Epoch: 485, Loss: 5.805299282073975
Epoch: 486, Loss: 5.787623405456543
Epoch: 487, Loss: 5.78926944732666
Epoch: 488, Loss: 5.767691135406494
Epoch: 489, Loss: 5.77987003326416
Epoch: 490, Loss: 5.82716178894043
Test acc: 0.0012, IC acc: 0.0029, IC acc2: 0.0036, IW acc: 0.005
Epoch: 491, Loss: 5.790914058685303
Epoch: 492, Loss: 5.824504852294922
Epoch: 493, Loss: 5.745230197906494
Epoch: 494, Loss: 5.79374885559082
Epoch: 495, Loss: 5.779025077819824
Epoch: 496, Loss: 5.793630123138428
Epoch: 497, Loss: 5.7997236251831055
Epoch: 498, Loss: 5.794782638549805
Epoch: 499, Loss: 5.817080974578857
./circuit_plots/Unrestricted Disentangled|Readout|CN=0|B0=2|B1=3|K=1280|L=320|p_B=0.75|p_C=0.75|B=2|eps=0|e6550d4e-6d1e-4f62-89ea-caa9422ff06f/ already exists.
./circuit_plots/Unrestricted Disentangled|Readout|CN=0|B0=2|B1=3|K=1280|L=320|p_B=0.75|p_C=0.75|B=2|eps=0|e6550d4e-6d1e-4f62-89ea-caa9422ff06f/ already exists.
./circuit_plots/Unrestricted Disentangled|Readout|CN=0|B0=2|B1=3|K=1280|L=320|p_B=0.75|p_C=0.75|B=2|eps=0|e6550d4e-6d1e-4f62-89ea-caa9422ff06f/ already exists.
./circuit_plots/Unrestricted Disentangled|Readout|CN=0|B0=2|B1=3|K=1280|L=320|p_B=0.75|p_C=0.75|B=2|eps=0|e6550d4e-6d1e-4f62-89ea-caa9422ff06f/ already exists.
./circuit_plots/Unrestricted Disentangled|Readout|CN=0|B0=2|B1=3|K=1280|L=320|p_B=0.75|p_C=0.75|B=2|eps=0|e6550d4e-6d1e-4f62-89ea-caa9422ff06f/ already exists.
./circuit_plots/Unrestricted Disentangled|Readout|CN=0|B0=2|B1=3|K=1280|L=320|p_B=0.75|p_C=0.75|B=2|eps=0|e6550d4e-6d1e-4f62-89ea-caa9422ff06f/ already exists.
./circuit_plots/Unrestricted Disentangled|Readout|CN=0|B0=2|B1=3|K=1280|L=320|p_B=0.75|p_C=0.75|B=2|eps=0|e6550d4e-6d1e-4f62-89ea-caa9422ff06f/ already exists.
Epoch: 500, Loss: 5.7870330810546875
Test acc: 0.0012, IC acc: 0.0029, IC acc2: 0.0036, IW acc: 0.005
Epoch: 501, Loss: 5.784520149230957
Epoch: 502, Loss: 5.852592468261719
Epoch: 503, Loss: 5.774014472961426
Epoch: 504, Loss: 5.786600589752197
Epoch: 505, Loss: 5.750687599182129
Epoch: 506, Loss: 5.7962493896484375
Epoch: 507, Loss: 5.778162479400635
Epoch: 508, Loss: 5.7737321853637695
Epoch: 509, Loss: 5.815282821655273
Epoch: 510, Loss: 5.805880069732666
Test acc: 0.0012, IC acc: 0.0029, IC acc2: 0.0036, IW acc: 0.005
Epoch: 511, Loss: 5.768164157867432
Epoch: 512, Loss: 5.786816596984863
Epoch: 513, Loss: 5.834541320800781
Epoch: 514, Loss: 5.805352687835693
Epoch: 515, Loss: 5.8013715744018555
Epoch: 516, Loss: 5.769309997558594
Epoch: 517, Loss: 5.745491981506348
Epoch: 518, Loss: 5.795475482940674
Epoch: 519, Loss: 5.748327255249023
Epoch: 520, Loss: 5.839298248291016
Test acc: 0.0012, IC acc: 0.0029, IC acc2: 0.0036, IW acc: 0.005
Epoch: 521, Loss: 5.760229587554932
Epoch: 522, Loss: 5.787238121032715
Epoch: 523, Loss: 5.763365745544434
Epoch: 524, Loss: 5.818300724029541
Epoch: 525, Loss: 5.730498313903809
Epoch: 526, Loss: 5.778026580810547
Epoch: 527, Loss: 5.800127029418945
Epoch: 528, Loss: 5.77639102935791
Epoch: 529, Loss: 5.724729061126709
Epoch: 530, Loss: 5.779440879821777
Test acc: 0.0012, IC acc: 0.0029, IC acc2: 0.0036, IW acc: 0.005
Epoch: 531, Loss: 5.7785797119140625
Epoch: 532, Loss: 5.793365478515625
Epoch: 533, Loss: 5.839248180389404
Epoch: 534, Loss: 5.7479047775268555
Epoch: 535, Loss: 5.8245744705200195
Epoch: 536, Loss: 5.814569473266602
Epoch: 537, Loss: 5.811234474182129
Epoch: 538, Loss: 5.7852067947387695
Epoch: 539, Loss: 5.765534400939941
Epoch: 540, Loss: 5.799243927001953
Test acc: 0.0012, IC acc: 0.0029, IC acc2: 0.0036, IW acc: 0.005
Epoch: 541, Loss: 5.78489351272583
Epoch: 542, Loss: 5.76924991607666
Epoch: 543, Loss: 5.791980266571045
Epoch: 544, Loss: 5.746465682983398
Epoch: 545, Loss: 5.799454689025879
Epoch: 546, Loss: 5.749659538269043
Epoch: 547, Loss: 5.781207084655762
Epoch: 548, Loss: 5.782853126525879
Epoch: 549, Loss: 5.8080525398254395
./circuit_plots/Unrestricted Disentangled|Readout|CN=0|B0=2|B1=3|K=1280|L=320|p_B=0.75|p_C=0.75|B=2|eps=0|e6550d4e-6d1e-4f62-89ea-caa9422ff06f/ already exists.
./circuit_plots/Unrestricted Disentangled|Readout|CN=0|B0=2|B1=3|K=1280|L=320|p_B=0.75|p_C=0.75|B=2|eps=0|e6550d4e-6d1e-4f62-89ea-caa9422ff06f/ already exists.
./circuit_plots/Unrestricted Disentangled|Readout|CN=0|B0=2|B1=3|K=1280|L=320|p_B=0.75|p_C=0.75|B=2|eps=0|e6550d4e-6d1e-4f62-89ea-caa9422ff06f/ already exists.
./circuit_plots/Unrestricted Disentangled|Readout|CN=0|B0=2|B1=3|K=1280|L=320|p_B=0.75|p_C=0.75|B=2|eps=0|e6550d4e-6d1e-4f62-89ea-caa9422ff06f/ already exists.
./circuit_plots/Unrestricted Disentangled|Readout|CN=0|B0=2|B1=3|K=1280|L=320|p_B=0.75|p_C=0.75|B=2|eps=0|e6550d4e-6d1e-4f62-89ea-caa9422ff06f/ already exists.
./circuit_plots/Unrestricted Disentangled|Readout|CN=0|B0=2|B1=3|K=1280|L=320|p_B=0.75|p_C=0.75|B=2|eps=0|e6550d4e-6d1e-4f62-89ea-caa9422ff06f/ already exists.
./circuit_plots/Unrestricted Disentangled|Readout|CN=0|B0=2|B1=3|K=1280|L=320|p_B=0.75|p_C=0.75|B=2|eps=0|e6550d4e-6d1e-4f62-89ea-caa9422ff06f/ already exists.
Epoch: 550, Loss: 5.785576820373535
Test acc: 0.0012, IC acc: 0.0029, IC acc2: 0.0036, IW acc: 0.005
Epoch: 551, Loss: 5.780720233917236
Epoch: 552, Loss: 5.776181221008301
Epoch: 553, Loss: 5.798318386077881
Epoch: 554, Loss: 5.792853832244873
Epoch: 555, Loss: 5.787496566772461
Epoch: 556, Loss: 5.792790412902832
Epoch: 557, Loss: 5.76534366607666
Epoch: 558, Loss: 5.749490737915039
Epoch: 559, Loss: 5.767362594604492
Epoch: 560, Loss: 5.773118019104004
Test acc: 0.0012, IC acc: 0.0029, IC acc2: 0.0036, IW acc: 0.005
Epoch: 561, Loss: 5.796707630157471
Epoch: 562, Loss: 5.820772647857666
Epoch: 563, Loss: 5.786952018737793
Epoch: 564, Loss: 5.803122520446777
Epoch: 565, Loss: 5.774728298187256
Epoch: 566, Loss: 5.81755256652832
Epoch: 567, Loss: 5.763955116271973
Epoch: 568, Loss: 5.821657657623291
Epoch: 569, Loss: 5.813692092895508
Epoch: 570, Loss: 5.819720268249512
Test acc: 0.0012, IC acc: 0.0029, IC acc2: 0.0036, IW acc: 0.005
Epoch: 571, Loss: 5.785201549530029
Epoch: 572, Loss: 5.769486427307129
Epoch: 573, Loss: 5.742154121398926
Epoch: 574, Loss: 5.802806377410889
Epoch: 575, Loss: 5.73539924621582
Epoch: 576, Loss: 5.795548915863037
Epoch: 577, Loss: 5.773887634277344
Epoch: 578, Loss: 5.768946170806885
Epoch: 579, Loss: 5.759449005126953
Epoch: 580, Loss: 5.734492778778076
Test acc: 0.0012, IC acc: 0.0029, IC acc2: 0.0036, IW acc: 0.005
Epoch: 581, Loss: 5.785381317138672
Epoch: 582, Loss: 5.759683609008789
Epoch: 583, Loss: 5.786869049072266
Epoch: 584, Loss: 5.793092727661133
Epoch: 585, Loss: 5.779894828796387
Epoch: 586, Loss: 5.783578395843506
Epoch: 587, Loss: 5.780389785766602
Epoch: 588, Loss: 5.7937517166137695
Epoch: 589, Loss: 5.7823333740234375
Epoch: 590, Loss: 5.80782413482666
Test acc: 0.0012, IC acc: 0.0029, IC acc2: 0.0036, IW acc: 0.005
Epoch: 591, Loss: 5.754555702209473
Epoch: 592, Loss: 5.787425518035889
Epoch: 593, Loss: 5.770929336547852
Epoch: 594, Loss: 5.792316436767578
Epoch: 595, Loss: 5.77767276763916
Epoch: 596, Loss: 5.808197021484375
Epoch: 597, Loss: 5.778960227966309
Epoch: 598, Loss: 5.766922950744629
Epoch: 599, Loss: 5.777444839477539
./circuit_plots/Unrestricted Disentangled|Readout|CN=0|B0=2|B1=3|K=1280|L=320|p_B=0.75|p_C=0.75|B=2|eps=0|e6550d4e-6d1e-4f62-89ea-caa9422ff06f/ already exists.
./circuit_plots/Unrestricted Disentangled|Readout|CN=0|B0=2|B1=3|K=1280|L=320|p_B=0.75|p_C=0.75|B=2|eps=0|e6550d4e-6d1e-4f62-89ea-caa9422ff06f/ already exists.
./circuit_plots/Unrestricted Disentangled|Readout|CN=0|B0=2|B1=3|K=1280|L=320|p_B=0.75|p_C=0.75|B=2|eps=0|e6550d4e-6d1e-4f62-89ea-caa9422ff06f/ already exists.
./circuit_plots/Unrestricted Disentangled|Readout|CN=0|B0=2|B1=3|K=1280|L=320|p_B=0.75|p_C=0.75|B=2|eps=0|e6550d4e-6d1e-4f62-89ea-caa9422ff06f/ already exists.
./circuit_plots/Unrestricted Disentangled|Readout|CN=0|B0=2|B1=3|K=1280|L=320|p_B=0.75|p_C=0.75|B=2|eps=0|e6550d4e-6d1e-4f62-89ea-caa9422ff06f/ already exists.
./circuit_plots/Unrestricted Disentangled|Readout|CN=0|B0=2|B1=3|K=1280|L=320|p_B=0.75|p_C=0.75|B=2|eps=0|e6550d4e-6d1e-4f62-89ea-caa9422ff06f/ already exists.
./circuit_plots/Unrestricted Disentangled|Readout|CN=0|B0=2|B1=3|K=1280|L=320|p_B=0.75|p_C=0.75|B=2|eps=0|e6550d4e-6d1e-4f62-89ea-caa9422ff06f/ already exists.
Epoch: 600, Loss: 5.748700141906738
Test acc: 0.0012, IC acc: 0.0029, IC acc2: 0.0036, IW acc: 0.005
Epoch: 601, Loss: 5.781166076660156
Epoch: 602, Loss: 5.801234722137451
Epoch: 603, Loss: 5.742856502532959
Epoch: 604, Loss: 5.769618988037109
Epoch: 605, Loss: 5.788881301879883
Epoch: 606, Loss: 5.779970169067383
Epoch: 607, Loss: 5.782022953033447
Epoch: 608, Loss: 5.74920654296875
Epoch: 609, Loss: 5.77252197265625
Epoch: 610, Loss: 5.778493881225586
Test acc: 0.0012, IC acc: 0.0029, IC acc2: 0.0036, IW acc: 0.005
Epoch: 611, Loss: 5.752597332000732
Epoch: 612, Loss: 5.778507232666016
Epoch: 613, Loss: 5.790721416473389
Epoch: 614, Loss: 5.773836135864258
Epoch: 615, Loss: 5.799766540527344
Epoch: 616, Loss: 5.765179634094238
Epoch: 617, Loss: 5.758335113525391
Epoch: 618, Loss: 5.7368268966674805
Epoch: 619, Loss: 5.740091323852539
Epoch: 620, Loss: 5.793893337249756
Test acc: 0.0012, IC acc: 0.0029, IC acc2: 0.0036, IW acc: 0.005
Epoch: 621, Loss: 5.7753705978393555
Epoch: 622, Loss: 5.7322893142700195
Epoch: 623, Loss: 5.802556037902832
Epoch: 624, Loss: 5.824907302856445
Epoch: 625, Loss: 5.7831010818481445
Epoch: 626, Loss: 5.772890090942383
Epoch: 627, Loss: 5.777419090270996
Epoch: 628, Loss: 5.7703118324279785
Epoch: 629, Loss: 5.760972023010254
Epoch: 630, Loss: 5.768768310546875
Test acc: 0.0012, IC acc: 0.0029, IC acc2: 0.0036, IW acc: 0.005
Epoch: 631, Loss: 5.765424728393555
Epoch: 632, Loss: 5.739718437194824
Epoch: 633, Loss: 5.805654525756836
Epoch: 634, Loss: 5.767753601074219
Epoch: 635, Loss: 5.776891708374023
Epoch: 636, Loss: 5.779772758483887
Epoch: 637, Loss: 5.771524429321289
Epoch: 638, Loss: 5.817400932312012
Epoch: 639, Loss: 5.6966986656188965
Epoch: 640, Loss: 5.794001579284668
Test acc: 0.0012, IC acc: 0.0029, IC acc2: 0.0036, IW acc: 0.005
Epoch: 641, Loss: 5.7600908279418945
Epoch: 642, Loss: 5.785225868225098
Epoch: 643, Loss: 5.753110408782959
Epoch: 644, Loss: 5.779008865356445
Epoch: 645, Loss: 5.766745567321777
Epoch: 646, Loss: 5.80466365814209
Epoch: 647, Loss: 5.829843521118164
Epoch: 648, Loss: 5.730618000030518
Epoch: 649, Loss: 5.78205680847168
./circuit_plots/Unrestricted Disentangled|Readout|CN=0|B0=2|B1=3|K=1280|L=320|p_B=0.75|p_C=0.75|B=2|eps=0|e6550d4e-6d1e-4f62-89ea-caa9422ff06f/ already exists.
./circuit_plots/Unrestricted Disentangled|Readout|CN=0|B0=2|B1=3|K=1280|L=320|p_B=0.75|p_C=0.75|B=2|eps=0|e6550d4e-6d1e-4f62-89ea-caa9422ff06f/ already exists.
./circuit_plots/Unrestricted Disentangled|Readout|CN=0|B0=2|B1=3|K=1280|L=320|p_B=0.75|p_C=0.75|B=2|eps=0|e6550d4e-6d1e-4f62-89ea-caa9422ff06f/ already exists.
./circuit_plots/Unrestricted Disentangled|Readout|CN=0|B0=2|B1=3|K=1280|L=320|p_B=0.75|p_C=0.75|B=2|eps=0|e6550d4e-6d1e-4f62-89ea-caa9422ff06f/ already exists.
./circuit_plots/Unrestricted Disentangled|Readout|CN=0|B0=2|B1=3|K=1280|L=320|p_B=0.75|p_C=0.75|B=2|eps=0|e6550d4e-6d1e-4f62-89ea-caa9422ff06f/ already exists.
./circuit_plots/Unrestricted Disentangled|Readout|CN=0|B0=2|B1=3|K=1280|L=320|p_B=0.75|p_C=0.75|B=2|eps=0|e6550d4e-6d1e-4f62-89ea-caa9422ff06f/ already exists.
./circuit_plots/Unrestricted Disentangled|Readout|CN=0|B0=2|B1=3|K=1280|L=320|p_B=0.75|p_C=0.75|B=2|eps=0|e6550d4e-6d1e-4f62-89ea-caa9422ff06f/ already exists.
Epoch: 650, Loss: 5.776996612548828
Test acc: 0.0012, IC acc: 0.0029, IC acc2: 0.0036, IW acc: 0.005
Epoch: 651, Loss: 5.796335220336914
Epoch: 652, Loss: 5.791269302368164
Epoch: 653, Loss: 5.758207321166992
Epoch: 654, Loss: 5.7936482429504395
Epoch: 655, Loss: 5.82329797744751
Epoch: 656, Loss: 5.786451816558838
Epoch: 657, Loss: 5.777897834777832
Epoch: 658, Loss: 5.78303337097168
Epoch: 659, Loss: 5.763469696044922
Epoch: 660, Loss: 5.824245452880859
Test acc: 0.0012, IC acc: 0.0029, IC acc2: 0.0036, IW acc: 0.005
Epoch: 661, Loss: 5.778148651123047
Epoch: 662, Loss: 5.776514053344727
Epoch: 663, Loss: 5.754150390625
Epoch: 664, Loss: 5.794219017028809
Epoch: 665, Loss: 5.810079574584961
Epoch: 666, Loss: 5.793075084686279
Epoch: 667, Loss: 5.799651145935059
Epoch: 668, Loss: 5.746291160583496
Epoch: 669, Loss: 5.774588108062744
Epoch: 670, Loss: 5.777202606201172
Test acc: 0.0012, IC acc: 0.0029, IC acc2: 0.0036, IW acc: 0.005
Epoch: 671, Loss: 5.74726676940918
Epoch: 672, Loss: 5.760271072387695
Epoch: 673, Loss: 5.803398132324219
Epoch: 674, Loss: 5.795881271362305
Epoch: 675, Loss: 5.754975318908691
Epoch: 676, Loss: 5.802145481109619
Epoch: 677, Loss: 5.785831451416016
Epoch: 678, Loss: 5.783064842224121
Epoch: 679, Loss: 5.7712860107421875
Epoch: 680, Loss: 5.7931742668151855
Test acc: 0.0012, IC acc: 0.0029, IC acc2: 0.0036, IW acc: 0.005
Epoch: 681, Loss: 5.789215087890625
Epoch: 682, Loss: 5.798069953918457
Epoch: 683, Loss: 5.763123512268066
Epoch: 684, Loss: 5.74156379699707
Epoch: 685, Loss: 5.739987850189209
Epoch: 686, Loss: 5.733138561248779
Epoch: 687, Loss: 5.789467811584473
Epoch: 688, Loss: 5.782160758972168
Epoch: 689, Loss: 5.827603816986084
Epoch: 690, Loss: 5.820282936096191
Test acc: 0.0016, IC acc: 0.0029, IC acc2: 0.0036, IW acc: 0.0055
Epoch: 691, Loss: 5.774927139282227
Epoch: 692, Loss: 5.803753852844238
Epoch: 693, Loss: 5.822137832641602
Epoch: 694, Loss: 5.770560264587402
Epoch: 695, Loss: 5.766736030578613
Epoch: 696, Loss: 5.773691177368164
Epoch: 697, Loss: 5.747557163238525
Epoch: 698, Loss: 5.782482624053955
Epoch: 699, Loss: 5.848720550537109
./circuit_plots/Unrestricted Disentangled|Readout|CN=0|B0=2|B1=3|K=1280|L=320|p_B=0.75|p_C=0.75|B=2|eps=0|e6550d4e-6d1e-4f62-89ea-caa9422ff06f/ already exists.
./circuit_plots/Unrestricted Disentangled|Readout|CN=0|B0=2|B1=3|K=1280|L=320|p_B=0.75|p_C=0.75|B=2|eps=0|e6550d4e-6d1e-4f62-89ea-caa9422ff06f/ already exists.
./circuit_plots/Unrestricted Disentangled|Readout|CN=0|B0=2|B1=3|K=1280|L=320|p_B=0.75|p_C=0.75|B=2|eps=0|e6550d4e-6d1e-4f62-89ea-caa9422ff06f/ already exists.
./circuit_plots/Unrestricted Disentangled|Readout|CN=0|B0=2|B1=3|K=1280|L=320|p_B=0.75|p_C=0.75|B=2|eps=0|e6550d4e-6d1e-4f62-89ea-caa9422ff06f/ already exists.
./circuit_plots/Unrestricted Disentangled|Readout|CN=0|B0=2|B1=3|K=1280|L=320|p_B=0.75|p_C=0.75|B=2|eps=0|e6550d4e-6d1e-4f62-89ea-caa9422ff06f/ already exists.
./circuit_plots/Unrestricted Disentangled|Readout|CN=0|B0=2|B1=3|K=1280|L=320|p_B=0.75|p_C=0.75|B=2|eps=0|e6550d4e-6d1e-4f62-89ea-caa9422ff06f/ already exists.
./circuit_plots/Unrestricted Disentangled|Readout|CN=0|B0=2|B1=3|K=1280|L=320|p_B=0.75|p_C=0.75|B=2|eps=0|e6550d4e-6d1e-4f62-89ea-caa9422ff06f/ already exists.
Epoch: 700, Loss: 5.740012168884277
Test acc: 0.0016, IC acc: 0.0029, IC acc2: 0.0036, IW acc: 0.0055
Epoch: 701, Loss: 5.745226860046387
Epoch: 702, Loss: 5.748809337615967
Epoch: 703, Loss: 5.766627788543701
Epoch: 704, Loss: 5.782715797424316
Epoch: 705, Loss: 5.756962776184082
Epoch: 706, Loss: 5.810676574707031
Epoch: 707, Loss: 5.796043395996094
Epoch: 708, Loss: 5.8020219802856445
Epoch: 709, Loss: 5.776314735412598
Epoch: 710, Loss: 5.713441371917725
Test acc: 0.0016, IC acc: 0.0029, IC acc2: 0.0036, IW acc: 0.0055
Epoch: 711, Loss: 5.771790981292725
Epoch: 712, Loss: 5.751232147216797
Epoch: 713, Loss: 5.76224422454834
Epoch: 714, Loss: 5.764334678649902
Epoch: 715, Loss: 5.823413848876953
Epoch: 716, Loss: 5.771759986877441
Epoch: 717, Loss: 5.788736820220947
Epoch: 718, Loss: 5.779732704162598
Epoch: 719, Loss: 5.794114112854004
Epoch: 720, Loss: 5.728289604187012
Test acc: 0.0016, IC acc: 0.0029, IC acc2: 0.0036, IW acc: 0.0055
Epoch: 721, Loss: 5.793142795562744
Epoch: 722, Loss: 5.770045280456543
Epoch: 723, Loss: 5.808352470397949
Epoch: 724, Loss: 5.760063171386719
Epoch: 725, Loss: 5.808983325958252
Epoch: 726, Loss: 5.775797367095947
Epoch: 727, Loss: 5.794310092926025
Epoch: 728, Loss: 5.7683305740356445
Epoch: 729, Loss: 5.747134208679199
Epoch: 730, Loss: 5.799308776855469
Test acc: 0.0016, IC acc: 0.0029, IC acc2: 0.0036, IW acc: 0.0055
Epoch: 731, Loss: 5.802651405334473
Epoch: 732, Loss: 5.732611656188965
Epoch: 733, Loss: 5.77678108215332
Epoch: 734, Loss: 5.78587007522583
Epoch: 735, Loss: 5.795248508453369
Epoch: 736, Loss: 5.764039516448975
Epoch: 737, Loss: 5.813052177429199
Epoch: 738, Loss: 5.779309272766113
Epoch: 739, Loss: 5.801545143127441
Epoch: 740, Loss: 5.795562744140625
Test acc: 0.0016, IC acc: 0.0029, IC acc2: 0.0036, IW acc: 0.0055
Epoch: 741, Loss: 5.772249221801758
Epoch: 742, Loss: 5.74556303024292
Epoch: 743, Loss: 5.808454513549805
Epoch: 744, Loss: 5.785890579223633
Epoch: 745, Loss: 5.772605895996094
Epoch: 746, Loss: 5.7705535888671875
Epoch: 747, Loss: 5.777881145477295
Epoch: 748, Loss: 5.740033149719238
Epoch: 749, Loss: 5.808479309082031
./circuit_plots/Unrestricted Disentangled|Readout|CN=0|B0=2|B1=3|K=1280|L=320|p_B=0.75|p_C=0.75|B=2|eps=0|e6550d4e-6d1e-4f62-89ea-caa9422ff06f/ already exists.
./circuit_plots/Unrestricted Disentangled|Readout|CN=0|B0=2|B1=3|K=1280|L=320|p_B=0.75|p_C=0.75|B=2|eps=0|e6550d4e-6d1e-4f62-89ea-caa9422ff06f/ already exists.
./circuit_plots/Unrestricted Disentangled|Readout|CN=0|B0=2|B1=3|K=1280|L=320|p_B=0.75|p_C=0.75|B=2|eps=0|e6550d4e-6d1e-4f62-89ea-caa9422ff06f/ already exists.
./circuit_plots/Unrestricted Disentangled|Readout|CN=0|B0=2|B1=3|K=1280|L=320|p_B=0.75|p_C=0.75|B=2|eps=0|e6550d4e-6d1e-4f62-89ea-caa9422ff06f/ already exists.
./circuit_plots/Unrestricted Disentangled|Readout|CN=0|B0=2|B1=3|K=1280|L=320|p_B=0.75|p_C=0.75|B=2|eps=0|e6550d4e-6d1e-4f62-89ea-caa9422ff06f/ already exists.
./circuit_plots/Unrestricted Disentangled|Readout|CN=0|B0=2|B1=3|K=1280|L=320|p_B=0.75|p_C=0.75|B=2|eps=0|e6550d4e-6d1e-4f62-89ea-caa9422ff06f/ already exists.
./circuit_plots/Unrestricted Disentangled|Readout|CN=0|B0=2|B1=3|K=1280|L=320|p_B=0.75|p_C=0.75|B=2|eps=0|e6550d4e-6d1e-4f62-89ea-caa9422ff06f/ already exists.
Epoch: 750, Loss: 5.79605770111084
Test acc: 0.0016, IC acc: 0.0029, IC acc2: 0.0036, IW acc: 0.0061
Epoch: 751, Loss: 5.797976493835449
Epoch: 752, Loss: 5.758915901184082
Epoch: 753, Loss: 5.794387340545654
Epoch: 754, Loss: 5.777554512023926
Epoch: 755, Loss: 5.765049934387207
Epoch: 756, Loss: 5.765865802764893
Epoch: 757, Loss: 5.798200607299805
Epoch: 758, Loss: 5.768617630004883
Epoch: 759, Loss: 5.786518096923828
Epoch: 760, Loss: 5.7759599685668945
Test acc: 0.0016, IC acc: 0.0029, IC acc2: 0.0036, IW acc: 0.0061
Epoch: 761, Loss: 5.801782608032227
Epoch: 762, Loss: 5.791042327880859
Epoch: 763, Loss: 5.763312339782715
Epoch: 764, Loss: 5.820313453674316
Epoch: 765, Loss: 5.739747047424316
Epoch: 766, Loss: 5.796952724456787
Epoch: 767, Loss: 5.8027472496032715
Epoch: 768, Loss: 5.788188457489014
Epoch: 769, Loss: 5.767214775085449
Epoch: 770, Loss: 5.826611518859863
Test acc: 0.0016, IC acc: 0.0029, IC acc2: 0.0036, IW acc: 0.0061
Epoch: 771, Loss: 5.791373252868652
Epoch: 772, Loss: 5.751801490783691
Epoch: 773, Loss: 5.768294811248779
Epoch: 774, Loss: 5.79435920715332
Epoch: 775, Loss: 5.787422180175781
Epoch: 776, Loss: 5.772911071777344
Epoch: 777, Loss: 5.786834716796875
Epoch: 778, Loss: 5.773991584777832
Epoch: 779, Loss: 5.807655334472656
Epoch: 780, Loss: 5.776092052459717
Test acc: 0.0019, IC acc: 0.0029, IC acc2: 0.0036, IW acc: 0.0065
Epoch: 781, Loss: 5.761630058288574
Epoch: 782, Loss: 5.8028130531311035
Epoch: 783, Loss: 5.761050224304199
Epoch: 784, Loss: 5.784624099731445
Epoch: 785, Loss: 5.807200908660889
Epoch: 786, Loss: 5.793476104736328
Epoch: 787, Loss: 5.782693862915039
Epoch: 788, Loss: 5.820436477661133
Epoch: 789, Loss: 5.782602310180664
Epoch: 790, Loss: 5.757412433624268
Test acc: 0.0019, IC acc: 0.0029, IC acc2: 0.0036, IW acc: 0.0065
Epoch: 791, Loss: 5.793664932250977
Epoch: 792, Loss: 5.747794151306152
Epoch: 793, Loss: 5.767581462860107
Epoch: 794, Loss: 5.777634620666504
Epoch: 795, Loss: 5.782069206237793
Epoch: 796, Loss: 5.73552131652832
Epoch: 797, Loss: 5.788313865661621
Epoch: 798, Loss: 5.769356727600098
Epoch: 799, Loss: 5.789433479309082
./circuit_plots/Unrestricted Disentangled|Readout|CN=0|B0=2|B1=3|K=1280|L=320|p_B=0.75|p_C=0.75|B=2|eps=0|e6550d4e-6d1e-4f62-89ea-caa9422ff06f/ already exists.
./circuit_plots/Unrestricted Disentangled|Readout|CN=0|B0=2|B1=3|K=1280|L=320|p_B=0.75|p_C=0.75|B=2|eps=0|e6550d4e-6d1e-4f62-89ea-caa9422ff06f/ already exists.
./circuit_plots/Unrestricted Disentangled|Readout|CN=0|B0=2|B1=3|K=1280|L=320|p_B=0.75|p_C=0.75|B=2|eps=0|e6550d4e-6d1e-4f62-89ea-caa9422ff06f/ already exists.
./circuit_plots/Unrestricted Disentangled|Readout|CN=0|B0=2|B1=3|K=1280|L=320|p_B=0.75|p_C=0.75|B=2|eps=0|e6550d4e-6d1e-4f62-89ea-caa9422ff06f/ already exists.
./circuit_plots/Unrestricted Disentangled|Readout|CN=0|B0=2|B1=3|K=1280|L=320|p_B=0.75|p_C=0.75|B=2|eps=0|e6550d4e-6d1e-4f62-89ea-caa9422ff06f/ already exists.
./circuit_plots/Unrestricted Disentangled|Readout|CN=0|B0=2|B1=3|K=1280|L=320|p_B=0.75|p_C=0.75|B=2|eps=0|e6550d4e-6d1e-4f62-89ea-caa9422ff06f/ already exists.
./circuit_plots/Unrestricted Disentangled|Readout|CN=0|B0=2|B1=3|K=1280|L=320|p_B=0.75|p_C=0.75|B=2|eps=0|e6550d4e-6d1e-4f62-89ea-caa9422ff06f/ already exists.
Epoch: 800, Loss: 5.801692962646484
Test acc: 0.0016, IC acc: 0.0029, IC acc2: 0.0036, IW acc: 0.0061
Epoch: 801, Loss: 5.755395889282227
Epoch: 802, Loss: 5.781811714172363
Epoch: 803, Loss: 5.793448448181152
Epoch: 804, Loss: 5.776533126831055
Epoch: 805, Loss: 5.761608123779297
Epoch: 806, Loss: 5.793288707733154
Epoch: 807, Loss: 5.840324401855469
Epoch: 808, Loss: 5.799436569213867
Epoch: 809, Loss: 5.80634069442749
Epoch: 810, Loss: 5.786806106567383
Test acc: 0.0016, IC acc: 0.0029, IC acc2: 0.0036, IW acc: 0.0061
Epoch: 811, Loss: 5.757697105407715
Epoch: 812, Loss: 5.795077323913574
Epoch: 813, Loss: 5.846559524536133
Epoch: 814, Loss: 5.774582386016846
Epoch: 815, Loss: 5.780386924743652
Epoch: 816, Loss: 5.797435760498047
Epoch: 817, Loss: 5.809334754943848
Epoch: 818, Loss: 5.769958972930908
Epoch: 819, Loss: 5.748039245605469
Epoch: 820, Loss: 5.74345588684082
Test acc: 0.0016, IC acc: 0.0029, IC acc2: 0.0036, IW acc: 0.0061
Epoch: 821, Loss: 5.769878387451172
Epoch: 822, Loss: 5.812420845031738
Epoch: 823, Loss: 5.757383823394775
Epoch: 824, Loss: 5.793690204620361
Epoch: 825, Loss: 5.799393177032471
Epoch: 826, Loss: 5.748000144958496
Epoch: 827, Loss: 5.788878440856934
Epoch: 828, Loss: 5.792414665222168
Epoch: 829, Loss: 5.793662071228027
Epoch: 830, Loss: 5.796423435211182
Test acc: 0.0016, IC acc: 0.0029, IC acc2: 0.0036, IW acc: 0.0061
Epoch: 831, Loss: 5.77263069152832
Epoch: 832, Loss: 5.794688701629639
Epoch: 833, Loss: 5.766029357910156
Epoch: 834, Loss: 5.821393013000488
Epoch: 835, Loss: 5.780197620391846
Epoch: 836, Loss: 5.773466110229492
Epoch: 837, Loss: 5.783860206604004
Epoch: 838, Loss: 5.781084060668945
Epoch: 839, Loss: 5.752145767211914
Epoch: 840, Loss: 5.816131591796875
Test acc: 0.0019, IC acc: 0.0029, IC acc2: 0.0036, IW acc: 0.0065
Epoch: 841, Loss: 5.754323482513428
Epoch: 842, Loss: 5.759174823760986
Epoch: 843, Loss: 5.786111354827881
Epoch: 844, Loss: 5.79109001159668
Epoch: 845, Loss: 5.7216362953186035
Epoch: 846, Loss: 5.757966041564941
Epoch: 847, Loss: 5.799171447753906
Epoch: 848, Loss: 5.767444610595703
Epoch: 849, Loss: 5.743130683898926
./circuit_plots/Unrestricted Disentangled|Readout|CN=0|B0=2|B1=3|K=1280|L=320|p_B=0.75|p_C=0.75|B=2|eps=0|e6550d4e-6d1e-4f62-89ea-caa9422ff06f/ already exists.
./circuit_plots/Unrestricted Disentangled|Readout|CN=0|B0=2|B1=3|K=1280|L=320|p_B=0.75|p_C=0.75|B=2|eps=0|e6550d4e-6d1e-4f62-89ea-caa9422ff06f/ already exists.
./circuit_plots/Unrestricted Disentangled|Readout|CN=0|B0=2|B1=3|K=1280|L=320|p_B=0.75|p_C=0.75|B=2|eps=0|e6550d4e-6d1e-4f62-89ea-caa9422ff06f/ already exists.
./circuit_plots/Unrestricted Disentangled|Readout|CN=0|B0=2|B1=3|K=1280|L=320|p_B=0.75|p_C=0.75|B=2|eps=0|e6550d4e-6d1e-4f62-89ea-caa9422ff06f/ already exists.
./circuit_plots/Unrestricted Disentangled|Readout|CN=0|B0=2|B1=3|K=1280|L=320|p_B=0.75|p_C=0.75|B=2|eps=0|e6550d4e-6d1e-4f62-89ea-caa9422ff06f/ already exists.
./circuit_plots/Unrestricted Disentangled|Readout|CN=0|B0=2|B1=3|K=1280|L=320|p_B=0.75|p_C=0.75|B=2|eps=0|e6550d4e-6d1e-4f62-89ea-caa9422ff06f/ already exists.
./circuit_plots/Unrestricted Disentangled|Readout|CN=0|B0=2|B1=3|K=1280|L=320|p_B=0.75|p_C=0.75|B=2|eps=0|e6550d4e-6d1e-4f62-89ea-caa9422ff06f/ already exists.
Epoch: 850, Loss: 5.802699565887451
Test acc: 0.0016, IC acc: 0.0029, IC acc2: 0.0036, IW acc: 0.0061
Epoch: 851, Loss: 5.785799980163574
Epoch: 852, Loss: 5.746094703674316
Epoch: 853, Loss: 5.797591686248779
Epoch: 854, Loss: 5.766201019287109
Epoch: 855, Loss: 5.762157917022705
Epoch: 856, Loss: 5.7663774490356445
Epoch: 857, Loss: 5.776927471160889
Epoch: 858, Loss: 5.75615930557251
Epoch: 859, Loss: 5.756538391113281
Epoch: 860, Loss: 5.773477554321289
Test acc: 0.0019, IC acc: 0.0029, IC acc2: 0.0036, IW acc: 0.0065
Epoch: 861, Loss: 5.790421009063721
Epoch: 862, Loss: 5.770076751708984
Epoch: 863, Loss: 5.821752548217773
Epoch: 864, Loss: 5.760069370269775
Epoch: 865, Loss: 5.760482311248779
Epoch: 866, Loss: 5.774631023406982
Epoch: 867, Loss: 5.777412414550781
Epoch: 868, Loss: 5.725342750549316
Epoch: 869, Loss: 5.806509494781494
Epoch: 870, Loss: 5.771971702575684
Test acc: 0.0019, IC acc: 0.0029, IC acc2: 0.0036, IW acc: 0.0065
Epoch: 871, Loss: 5.823668956756592
Epoch: 872, Loss: 5.767660140991211
Epoch: 873, Loss: 5.796276092529297
Epoch: 874, Loss: 5.7804388999938965
Epoch: 875, Loss: 5.7497382164001465
Epoch: 876, Loss: 5.783682823181152
Epoch: 877, Loss: 5.811702728271484
Epoch: 878, Loss: 5.794353485107422
Epoch: 879, Loss: 5.8037333488464355
Epoch: 880, Loss: 5.756442070007324
Test acc: 0.0019, IC acc: 0.0029, IC acc2: 0.0036, IW acc: 0.0065
Epoch: 881, Loss: 5.758253574371338
Epoch: 882, Loss: 5.788917541503906
Epoch: 883, Loss: 5.781943321228027
Epoch: 884, Loss: 5.767423152923584
Epoch: 885, Loss: 5.732947826385498
Epoch: 886, Loss: 5.751700401306152
Epoch: 887, Loss: 5.788818359375
Epoch: 888, Loss: 5.729890823364258
Epoch: 889, Loss: 5.717312812805176
Epoch: 890, Loss: 5.7890706062316895
Test acc: 0.0019, IC acc: 0.0029, IC acc2: 0.0036, IW acc: 0.0065
Epoch: 891, Loss: 5.796621322631836
Epoch: 892, Loss: 5.819399356842041
Epoch: 893, Loss: 5.801794052124023
Epoch: 894, Loss: 5.778343677520752
Epoch: 895, Loss: 5.780397415161133
Epoch: 896, Loss: 5.772580623626709
Epoch: 897, Loss: 5.801252841949463
Epoch: 898, Loss: 5.766375541687012
Epoch: 899, Loss: 5.786245346069336
./circuit_plots/Unrestricted Disentangled|Readout|CN=0|B0=2|B1=3|K=1280|L=320|p_B=0.75|p_C=0.75|B=2|eps=0|e6550d4e-6d1e-4f62-89ea-caa9422ff06f/ already exists.
./circuit_plots/Unrestricted Disentangled|Readout|CN=0|B0=2|B1=3|K=1280|L=320|p_B=0.75|p_C=0.75|B=2|eps=0|e6550d4e-6d1e-4f62-89ea-caa9422ff06f/ already exists.
./circuit_plots/Unrestricted Disentangled|Readout|CN=0|B0=2|B1=3|K=1280|L=320|p_B=0.75|p_C=0.75|B=2|eps=0|e6550d4e-6d1e-4f62-89ea-caa9422ff06f/ already exists.
./circuit_plots/Unrestricted Disentangled|Readout|CN=0|B0=2|B1=3|K=1280|L=320|p_B=0.75|p_C=0.75|B=2|eps=0|e6550d4e-6d1e-4f62-89ea-caa9422ff06f/ already exists.
./circuit_plots/Unrestricted Disentangled|Readout|CN=0|B0=2|B1=3|K=1280|L=320|p_B=0.75|p_C=0.75|B=2|eps=0|e6550d4e-6d1e-4f62-89ea-caa9422ff06f/ already exists.
./circuit_plots/Unrestricted Disentangled|Readout|CN=0|B0=2|B1=3|K=1280|L=320|p_B=0.75|p_C=0.75|B=2|eps=0|e6550d4e-6d1e-4f62-89ea-caa9422ff06f/ already exists.
./circuit_plots/Unrestricted Disentangled|Readout|CN=0|B0=2|B1=3|K=1280|L=320|p_B=0.75|p_C=0.75|B=2|eps=0|e6550d4e-6d1e-4f62-89ea-caa9422ff06f/ already exists.
Epoch: 900, Loss: 5.826565742492676
Test acc: 0.0019, IC acc: 0.0029, IC acc2: 0.0036, IW acc: 0.0059
Epoch: 901, Loss: 5.799953460693359
Epoch: 902, Loss: 5.759740829467773
Epoch: 903, Loss: 5.761292457580566
Epoch: 904, Loss: 5.769927024841309
Epoch: 905, Loss: 5.779503345489502
Epoch: 906, Loss: 5.767342567443848
Epoch: 907, Loss: 5.73944091796875
Epoch: 908, Loss: 5.767492294311523
Epoch: 909, Loss: 5.761430740356445
Epoch: 910, Loss: 5.759315490722656
Test acc: 0.0019, IC acc: 0.0029, IC acc2: 0.0042, IW acc: 0.0059
Epoch: 911, Loss: 5.784918785095215
Epoch: 912, Loss: 5.81761360168457
Epoch: 913, Loss: 5.754724502563477
Epoch: 914, Loss: 5.764250755310059
Epoch: 915, Loss: 5.809538841247559
Epoch: 916, Loss: 5.806269645690918
Epoch: 917, Loss: 5.749367713928223
Epoch: 918, Loss: 5.8287248611450195
Epoch: 919, Loss: 5.789009094238281
Epoch: 920, Loss: 5.747389793395996
Test acc: 0.0019, IC acc: 0.0029, IC acc2: 0.0042, IW acc: 0.0065
Epoch: 921, Loss: 5.764573097229004
Epoch: 922, Loss: 5.798619270324707
Epoch: 923, Loss: 5.798055648803711
Epoch: 924, Loss: 5.785422325134277
Epoch: 925, Loss: 5.76315450668335
Epoch: 926, Loss: 5.771094799041748
Epoch: 927, Loss: 5.806857109069824
Epoch: 928, Loss: 5.822434425354004
Epoch: 929, Loss: 5.717254638671875
Epoch: 930, Loss: 5.777585029602051
Test acc: 0.0019, IC acc: 0.0029, IC acc2: 0.0042, IW acc: 0.0065
Epoch: 931, Loss: 5.731719017028809
Epoch: 932, Loss: 5.759918689727783
Epoch: 933, Loss: 5.766434669494629
Epoch: 934, Loss: 5.779250621795654
Epoch: 935, Loss: 5.762984275817871
Epoch: 936, Loss: 5.740711212158203
Epoch: 937, Loss: 5.725640773773193
Epoch: 938, Loss: 5.754397392272949
Epoch: 939, Loss: 5.706159591674805
Epoch: 940, Loss: 5.820888042449951
Test acc: 0.0023, IC acc: 0.0029, IC acc2: 0.0042, IW acc: 0.0073
Epoch: 941, Loss: 5.775498390197754
Epoch: 942, Loss: 5.838117599487305
Epoch: 943, Loss: 5.731249809265137
Epoch: 944, Loss: 5.737514019012451
Epoch: 945, Loss: 5.781909942626953
Epoch: 946, Loss: 5.770461559295654
Epoch: 947, Loss: 5.806151390075684
Epoch: 948, Loss: 5.766930103302002
Epoch: 949, Loss: 5.766570091247559
./circuit_plots/Unrestricted Disentangled|Readout|CN=0|B0=2|B1=3|K=1280|L=320|p_B=0.75|p_C=0.75|B=2|eps=0|e6550d4e-6d1e-4f62-89ea-caa9422ff06f/ already exists.
./circuit_plots/Unrestricted Disentangled|Readout|CN=0|B0=2|B1=3|K=1280|L=320|p_B=0.75|p_C=0.75|B=2|eps=0|e6550d4e-6d1e-4f62-89ea-caa9422ff06f/ already exists.
./circuit_plots/Unrestricted Disentangled|Readout|CN=0|B0=2|B1=3|K=1280|L=320|p_B=0.75|p_C=0.75|B=2|eps=0|e6550d4e-6d1e-4f62-89ea-caa9422ff06f/ already exists.
./circuit_plots/Unrestricted Disentangled|Readout|CN=0|B0=2|B1=3|K=1280|L=320|p_B=0.75|p_C=0.75|B=2|eps=0|e6550d4e-6d1e-4f62-89ea-caa9422ff06f/ already exists.
./circuit_plots/Unrestricted Disentangled|Readout|CN=0|B0=2|B1=3|K=1280|L=320|p_B=0.75|p_C=0.75|B=2|eps=0|e6550d4e-6d1e-4f62-89ea-caa9422ff06f/ already exists.
./circuit_plots/Unrestricted Disentangled|Readout|CN=0|B0=2|B1=3|K=1280|L=320|p_B=0.75|p_C=0.75|B=2|eps=0|e6550d4e-6d1e-4f62-89ea-caa9422ff06f/ already exists.
./circuit_plots/Unrestricted Disentangled|Readout|CN=0|B0=2|B1=3|K=1280|L=320|p_B=0.75|p_C=0.75|B=2|eps=0|e6550d4e-6d1e-4f62-89ea-caa9422ff06f/ already exists.
Epoch: 950, Loss: 5.73909854888916
Test acc: 0.0023, IC acc: 0.0029, IC acc2: 0.0042, IW acc: 0.0073
Epoch: 951, Loss: 5.795829772949219
Epoch: 952, Loss: 5.759804725646973
Epoch: 953, Loss: 5.761070251464844
Epoch: 954, Loss: 5.763160228729248
Epoch: 955, Loss: 5.7719197273254395
Epoch: 956, Loss: 5.712011337280273
Epoch: 957, Loss: 5.751949310302734
Epoch: 958, Loss: 5.777948379516602
Epoch: 959, Loss: 5.752318382263184
Epoch: 960, Loss: 5.775942802429199
Test acc: 0.0023, IC acc: 0.0029, IC acc2: 0.0042, IW acc: 0.0073
Epoch: 961, Loss: 5.72892951965332
Epoch: 962, Loss: 5.812203884124756
Epoch: 963, Loss: 5.782025337219238
Epoch: 964, Loss: 5.788164138793945
Epoch: 965, Loss: 5.763521194458008
Epoch: 966, Loss: 5.759193420410156
Epoch: 967, Loss: 5.778846740722656
Epoch: 968, Loss: 5.796849250793457
Epoch: 969, Loss: 5.752217769622803
Epoch: 970, Loss: 5.7481536865234375
Test acc: 0.0023, IC acc: 0.0029, IC acc2: 0.0042, IW acc: 0.0073
Epoch: 971, Loss: 5.750927925109863
Epoch: 972, Loss: 5.764443397521973
Epoch: 973, Loss: 5.762814998626709
Epoch: 974, Loss: 5.763090133666992
Epoch: 975, Loss: 5.745806694030762
Epoch: 976, Loss: 5.740930557250977
Epoch: 977, Loss: 5.766386032104492
Epoch: 978, Loss: 5.77796745300293
Epoch: 979, Loss: 5.760828018188477
Epoch: 980, Loss: 5.790388107299805
Test acc: 0.0023, IC acc: 0.0029, IC acc2: 0.0042, IW acc: 0.0073
Epoch: 981, Loss: 5.7532267570495605
Epoch: 982, Loss: 5.736997604370117
Epoch: 983, Loss: 5.757974624633789
Epoch: 984, Loss: 5.772518157958984
Epoch: 985, Loss: 5.78139591217041
Epoch: 986, Loss: 5.788235187530518
Epoch: 987, Loss: 5.790268898010254
Epoch: 988, Loss: 5.772727966308594
Epoch: 989, Loss: 5.757164001464844
Epoch: 990, Loss: 5.785548210144043
Test acc: 0.0023, IC acc: 0.0029, IC acc2: 0.0042, IW acc: 0.0073
Epoch: 991, Loss: 5.766287803649902
Epoch: 992, Loss: 5.792819499969482
Epoch: 993, Loss: 5.770485877990723
Epoch: 994, Loss: 5.7908477783203125
Epoch: 995, Loss: 5.791291236877441
Epoch: 996, Loss: 5.753893852233887
Epoch: 997, Loss: 5.751918792724609
Epoch: 998, Loss: 5.742956161499023
Epoch: 999, Loss: 5.781875133514404
./circuit_plots/Unrestricted Disentangled|Readout|CN=0|B0=2|B1=3|K=1280|L=320|p_B=0.75|p_C=0.75|B=2|eps=0|e6550d4e-6d1e-4f62-89ea-caa9422ff06f/ already exists.
./circuit_plots/Unrestricted Disentangled|Readout|CN=0|B0=2|B1=3|K=1280|L=320|p_B=0.75|p_C=0.75|B=2|eps=0|e6550d4e-6d1e-4f62-89ea-caa9422ff06f/ already exists.
./circuit_plots/Unrestricted Disentangled|Readout|CN=0|B0=2|B1=3|K=1280|L=320|p_B=0.75|p_C=0.75|B=2|eps=0|e6550d4e-6d1e-4f62-89ea-caa9422ff06f/ already exists.
./circuit_plots/Unrestricted Disentangled|Readout|CN=0|B0=2|B1=3|K=1280|L=320|p_B=0.75|p_C=0.75|B=2|eps=0|e6550d4e-6d1e-4f62-89ea-caa9422ff06f/ already exists.
./circuit_plots/Unrestricted Disentangled|Readout|CN=0|B0=2|B1=3|K=1280|L=320|p_B=0.75|p_C=0.75|B=2|eps=0|e6550d4e-6d1e-4f62-89ea-caa9422ff06f/ already exists.
./circuit_plots/Unrestricted Disentangled|Readout|CN=0|B0=2|B1=3|K=1280|L=320|p_B=0.75|p_C=0.75|B=2|eps=0|e6550d4e-6d1e-4f62-89ea-caa9422ff06f/ already exists.
./circuit_plots/Unrestricted Disentangled|Readout|CN=0|B0=2|B1=3|K=1280|L=320|p_B=0.75|p_C=0.75|B=2|eps=0|e6550d4e-6d1e-4f62-89ea-caa9422ff06f/ already exists.
Epoch: 1000, Loss: 5.7717461585998535
Test acc: 0.0023, IC acc: 0.0029, IC acc2: 0.0042, IW acc: 0.0073
Epoch: 1001, Loss: 5.744770050048828
Epoch: 1002, Loss: 5.755856513977051
Epoch: 1003, Loss: 5.752350807189941
Epoch: 1004, Loss: 5.768130302429199
Epoch: 1005, Loss: 5.763069152832031
Epoch: 1006, Loss: 5.757953643798828
Epoch: 1007, Loss: 5.769139289855957
Epoch: 1008, Loss: 5.798916339874268
Epoch: 1009, Loss: 5.7673420906066895
Epoch: 1010, Loss: 5.791611671447754
Test acc: 0.0023, IC acc: 0.0029, IC acc2: 0.0042, IW acc: 0.0073
Epoch: 1011, Loss: 5.773433685302734
Epoch: 1012, Loss: 5.779594421386719
Epoch: 1013, Loss: 5.783273696899414
Epoch: 1014, Loss: 5.76788854598999
Epoch: 1015, Loss: 5.724796772003174
Epoch: 1016, Loss: 5.749987602233887
Epoch: 1017, Loss: 5.781557083129883
Epoch: 1018, Loss: 5.734479904174805
Epoch: 1019, Loss: 5.784319877624512
Epoch: 1020, Loss: 5.749678134918213
Test acc: 0.0023, IC acc: 0.0029, IC acc2: 0.0042, IW acc: 0.0073
Epoch: 1021, Loss: 5.760776042938232
Epoch: 1022, Loss: 5.781586647033691
Epoch: 1023, Loss: 5.7574615478515625
Epoch: 1024, Loss: 5.76324462890625
Epoch: 1025, Loss: 5.788351535797119
Epoch: 1026, Loss: 5.78162956237793
Epoch: 1027, Loss: 5.7307586669921875
Epoch: 1028, Loss: 5.731558322906494
Epoch: 1029, Loss: 5.719430923461914
Epoch: 1030, Loss: 5.736068248748779
Test acc: 0.0023, IC acc: 0.0029, IC acc2: 0.0035, IW acc: 0.0073
Epoch: 1031, Loss: 5.764649391174316
Epoch: 1032, Loss: 5.7812957763671875
Epoch: 1033, Loss: 5.743193626403809
Epoch: 1034, Loss: 5.7934465408325195
Epoch: 1035, Loss: 5.760462284088135
Epoch: 1036, Loss: 5.757779121398926
Epoch: 1037, Loss: 5.757716178894043
Epoch: 1038, Loss: 5.755483150482178
Epoch: 1039, Loss: 5.779718399047852
Epoch: 1040, Loss: 5.769812107086182
Test acc: 0.0023, IC acc: 0.0029, IC acc2: 0.0035, IW acc: 0.0073
Epoch: 1041, Loss: 5.798925876617432
Epoch: 1042, Loss: 5.7880449295043945
Epoch: 1043, Loss: 5.762383460998535
Epoch: 1044, Loss: 5.755338668823242
Epoch: 1045, Loss: 5.774993896484375
Epoch: 1046, Loss: 5.764039039611816
Epoch: 1047, Loss: 5.776311874389648
Epoch: 1048, Loss: 5.7665534019470215
Epoch: 1049, Loss: 5.786115646362305
./circuit_plots/Unrestricted Disentangled|Readout|CN=0|B0=2|B1=3|K=1280|L=320|p_B=0.75|p_C=0.75|B=2|eps=0|e6550d4e-6d1e-4f62-89ea-caa9422ff06f/ already exists.
./circuit_plots/Unrestricted Disentangled|Readout|CN=0|B0=2|B1=3|K=1280|L=320|p_B=0.75|p_C=0.75|B=2|eps=0|e6550d4e-6d1e-4f62-89ea-caa9422ff06f/ already exists.
./circuit_plots/Unrestricted Disentangled|Readout|CN=0|B0=2|B1=3|K=1280|L=320|p_B=0.75|p_C=0.75|B=2|eps=0|e6550d4e-6d1e-4f62-89ea-caa9422ff06f/ already exists.
./circuit_plots/Unrestricted Disentangled|Readout|CN=0|B0=2|B1=3|K=1280|L=320|p_B=0.75|p_C=0.75|B=2|eps=0|e6550d4e-6d1e-4f62-89ea-caa9422ff06f/ already exists.
./circuit_plots/Unrestricted Disentangled|Readout|CN=0|B0=2|B1=3|K=1280|L=320|p_B=0.75|p_C=0.75|B=2|eps=0|e6550d4e-6d1e-4f62-89ea-caa9422ff06f/ already exists.
./circuit_plots/Unrestricted Disentangled|Readout|CN=0|B0=2|B1=3|K=1280|L=320|p_B=0.75|p_C=0.75|B=2|eps=0|e6550d4e-6d1e-4f62-89ea-caa9422ff06f/ already exists.
./circuit_plots/Unrestricted Disentangled|Readout|CN=0|B0=2|B1=3|K=1280|L=320|p_B=0.75|p_C=0.75|B=2|eps=0|e6550d4e-6d1e-4f62-89ea-caa9422ff06f/ already exists.
Epoch: 1050, Loss: 5.770723342895508
Test acc: 0.0023, IC acc: 0.0029, IC acc2: 0.0035, IW acc: 0.0073
Epoch: 1051, Loss: 5.755777835845947
Epoch: 1052, Loss: 5.760656356811523
Epoch: 1053, Loss: 5.763514041900635
Epoch: 1054, Loss: 5.784924030303955
Epoch: 1055, Loss: 5.742946147918701
Epoch: 1056, Loss: 5.777395725250244
Epoch: 1057, Loss: 5.770745277404785
Epoch: 1058, Loss: 5.770905494689941
Epoch: 1059, Loss: 5.751057147979736
Epoch: 1060, Loss: 5.747256278991699
Test acc: 0.0023, IC acc: 0.0029, IC acc2: 0.0035, IW acc: 0.0073
Epoch: 1061, Loss: 5.754086971282959
Epoch: 1062, Loss: 5.77601957321167
Epoch: 1063, Loss: 5.769153594970703
Epoch: 1064, Loss: 5.734440803527832
Epoch: 1065, Loss: 5.769590377807617
Epoch: 1066, Loss: 5.774320602416992
Epoch: 1067, Loss: 5.753342628479004
Epoch: 1068, Loss: 5.831866264343262
Epoch: 1069, Loss: 5.786136627197266
Epoch: 1070, Loss: 5.76835823059082
Test acc: 0.0023, IC acc: 0.0029, IC acc2: 0.0035, IW acc: 0.0073
Epoch: 1071, Loss: 5.815894603729248
Epoch: 1072, Loss: 5.791743755340576
Epoch: 1073, Loss: 5.766718864440918
Epoch: 1074, Loss: 5.772425651550293
Epoch: 1075, Loss: 5.790121078491211
Epoch: 1076, Loss: 5.756619453430176
Epoch: 1077, Loss: 5.78323221206665
Epoch: 1078, Loss: 5.779129505157471
Epoch: 1079, Loss: 5.785139560699463
Epoch: 1080, Loss: 5.758434772491455
Test acc: 0.0023, IC acc: 0.0029, IC acc2: 0.0035, IW acc: 0.0073
Epoch: 1081, Loss: 5.73610782623291
Epoch: 1082, Loss: 5.795814514160156
Epoch: 1083, Loss: 5.745212078094482
Epoch: 1084, Loss: 5.7888288497924805
Epoch: 1085, Loss: 5.759608268737793
Epoch: 1086, Loss: 5.757183074951172
Epoch: 1087, Loss: 5.750739097595215
Epoch: 1088, Loss: 5.748517990112305
Epoch: 1089, Loss: 5.736313819885254
Epoch: 1090, Loss: 5.747372627258301
Test acc: 0.0024, IC acc: 0.0029, IC acc2: 0.0035, IW acc: 0.0076
Epoch: 1091, Loss: 5.753211975097656
Epoch: 1092, Loss: 5.747258186340332
Epoch: 1093, Loss: 5.773947715759277
Epoch: 1094, Loss: 5.762104511260986
Epoch: 1095, Loss: 5.765261650085449
Epoch: 1096, Loss: 5.7677998542785645
Epoch: 1097, Loss: 5.714930057525635
Epoch: 1098, Loss: 5.813483238220215
Epoch: 1099, Loss: 5.776825428009033
./circuit_plots/Unrestricted Disentangled|Readout|CN=0|B0=2|B1=3|K=1280|L=320|p_B=0.75|p_C=0.75|B=2|eps=0|e6550d4e-6d1e-4f62-89ea-caa9422ff06f/ already exists.
./circuit_plots/Unrestricted Disentangled|Readout|CN=0|B0=2|B1=3|K=1280|L=320|p_B=0.75|p_C=0.75|B=2|eps=0|e6550d4e-6d1e-4f62-89ea-caa9422ff06f/ already exists.
./circuit_plots/Unrestricted Disentangled|Readout|CN=0|B0=2|B1=3|K=1280|L=320|p_B=0.75|p_C=0.75|B=2|eps=0|e6550d4e-6d1e-4f62-89ea-caa9422ff06f/ already exists.
./circuit_plots/Unrestricted Disentangled|Readout|CN=0|B0=2|B1=3|K=1280|L=320|p_B=0.75|p_C=0.75|B=2|eps=0|e6550d4e-6d1e-4f62-89ea-caa9422ff06f/ already exists.
./circuit_plots/Unrestricted Disentangled|Readout|CN=0|B0=2|B1=3|K=1280|L=320|p_B=0.75|p_C=0.75|B=2|eps=0|e6550d4e-6d1e-4f62-89ea-caa9422ff06f/ already exists.
./circuit_plots/Unrestricted Disentangled|Readout|CN=0|B0=2|B1=3|K=1280|L=320|p_B=0.75|p_C=0.75|B=2|eps=0|e6550d4e-6d1e-4f62-89ea-caa9422ff06f/ already exists.
./circuit_plots/Unrestricted Disentangled|Readout|CN=0|B0=2|B1=3|K=1280|L=320|p_B=0.75|p_C=0.75|B=2|eps=0|e6550d4e-6d1e-4f62-89ea-caa9422ff06f/ already exists.
Epoch: 1100, Loss: 5.739589214324951
Test acc: 0.0025, IC acc: 0.0029, IC acc2: 0.0035, IW acc: 0.0084
Epoch: 1101, Loss: 5.783495903015137
Epoch: 1102, Loss: 5.761931896209717
Epoch: 1103, Loss: 5.807661056518555
Epoch: 1104, Loss: 5.765024185180664
Epoch: 1105, Loss: 5.782110214233398
Epoch: 1106, Loss: 5.766757011413574
Epoch: 1107, Loss: 5.742552280426025
Epoch: 1108, Loss: 5.772395133972168
Epoch: 1109, Loss: 5.745876789093018
Epoch: 1110, Loss: 5.760864734649658
Test acc: 0.0025, IC acc: 0.0029, IC acc2: 0.0035, IW acc: 0.0084
Epoch: 1111, Loss: 5.784249305725098
Epoch: 1112, Loss: 5.78166389465332
Epoch: 1113, Loss: 5.741061687469482
Epoch: 1114, Loss: 5.789771556854248
Epoch: 1115, Loss: 5.803186416625977
Epoch: 1116, Loss: 5.767711162567139
Epoch: 1117, Loss: 5.7391252517700195
Epoch: 1118, Loss: 5.782669544219971
Epoch: 1119, Loss: 5.762763023376465
Epoch: 1120, Loss: 5.721149444580078
Test acc: 0.0025, IC acc: 0.0029, IC acc2: 0.0035, IW acc: 0.0084
Epoch: 1121, Loss: 5.748775005340576
Epoch: 1122, Loss: 5.781481742858887
Epoch: 1123, Loss: 5.737565994262695
Epoch: 1124, Loss: 5.748316287994385
Epoch: 1125, Loss: 5.747133255004883
Epoch: 1126, Loss: 5.747499465942383
Epoch: 1127, Loss: 5.747430801391602
Epoch: 1128, Loss: 5.782541275024414
Epoch: 1129, Loss: 5.800617218017578
Epoch: 1130, Loss: 5.7908735275268555
Test acc: 0.0025, IC acc: 0.0029, IC acc2: 0.0035, IW acc: 0.0084
Epoch: 1131, Loss: 5.7377519607543945
Epoch: 1132, Loss: 5.766692161560059
Epoch: 1133, Loss: 5.792028427124023
Epoch: 1134, Loss: 5.781661510467529
Epoch: 1135, Loss: 5.810268402099609
Epoch: 1136, Loss: 5.7581987380981445
Epoch: 1137, Loss: 5.747560024261475
Epoch: 1138, Loss: 5.809637069702148
Epoch: 1139, Loss: 5.794334411621094
Epoch: 1140, Loss: 5.748285293579102
Test acc: 0.0025, IC acc: 0.0029, IC acc2: 0.0035, IW acc: 0.0084
Epoch: 1141, Loss: 5.737895965576172
Epoch: 1142, Loss: 5.752893447875977
Epoch: 1143, Loss: 5.754452705383301
Epoch: 1144, Loss: 5.767544746398926
Epoch: 1145, Loss: 5.797327995300293
Epoch: 1146, Loss: 5.742696285247803
Epoch: 1147, Loss: 5.767145156860352
Epoch: 1148, Loss: 5.80121374130249
Epoch: 1149, Loss: 5.798500061035156
./circuit_plots/Unrestricted Disentangled|Readout|CN=0|B0=2|B1=3|K=1280|L=320|p_B=0.75|p_C=0.75|B=2|eps=0|e6550d4e-6d1e-4f62-89ea-caa9422ff06f/ already exists.
./circuit_plots/Unrestricted Disentangled|Readout|CN=0|B0=2|B1=3|K=1280|L=320|p_B=0.75|p_C=0.75|B=2|eps=0|e6550d4e-6d1e-4f62-89ea-caa9422ff06f/ already exists.
./circuit_plots/Unrestricted Disentangled|Readout|CN=0|B0=2|B1=3|K=1280|L=320|p_B=0.75|p_C=0.75|B=2|eps=0|e6550d4e-6d1e-4f62-89ea-caa9422ff06f/ already exists.
./circuit_plots/Unrestricted Disentangled|Readout|CN=0|B0=2|B1=3|K=1280|L=320|p_B=0.75|p_C=0.75|B=2|eps=0|e6550d4e-6d1e-4f62-89ea-caa9422ff06f/ already exists.
./circuit_plots/Unrestricted Disentangled|Readout|CN=0|B0=2|B1=3|K=1280|L=320|p_B=0.75|p_C=0.75|B=2|eps=0|e6550d4e-6d1e-4f62-89ea-caa9422ff06f/ already exists.
./circuit_plots/Unrestricted Disentangled|Readout|CN=0|B0=2|B1=3|K=1280|L=320|p_B=0.75|p_C=0.75|B=2|eps=0|e6550d4e-6d1e-4f62-89ea-caa9422ff06f/ already exists.
./circuit_plots/Unrestricted Disentangled|Readout|CN=0|B0=2|B1=3|K=1280|L=320|p_B=0.75|p_C=0.75|B=2|eps=0|e6550d4e-6d1e-4f62-89ea-caa9422ff06f/ already exists.
Epoch: 1150, Loss: 5.72463321685791
Test acc: 0.003, IC acc: 0.0029, IC acc2: 0.0035, IW acc: 0.0089
Epoch: 1151, Loss: 5.799812316894531
Epoch: 1152, Loss: 5.78173303604126
Epoch: 1153, Loss: 5.793140888214111
Epoch: 1154, Loss: 5.789618015289307
Epoch: 1155, Loss: 5.780057907104492
Epoch: 1156, Loss: 5.808084487915039
Epoch: 1157, Loss: 5.757350921630859
Epoch: 1158, Loss: 5.762992858886719
Epoch: 1159, Loss: 5.761497497558594
Epoch: 1160, Loss: 5.756382465362549
Test acc: 0.003, IC acc: 0.0029, IC acc2: 0.0035, IW acc: 0.0089
Epoch: 1161, Loss: 5.764354705810547
Epoch: 1162, Loss: 5.762561321258545
Epoch: 1163, Loss: 5.755241394042969
Epoch: 1164, Loss: 5.742579460144043
Epoch: 1165, Loss: 5.788913726806641
Epoch: 1166, Loss: 5.760345935821533
Epoch: 1167, Loss: 5.734479904174805
Epoch: 1168, Loss: 5.730611801147461
Epoch: 1169, Loss: 5.7552995681762695
Epoch: 1170, Loss: 5.768819332122803
Test acc: 0.003, IC acc: 0.0029, IC acc2: 0.0035, IW acc: 0.0089
Epoch: 1171, Loss: 5.766205787658691
Epoch: 1172, Loss: 5.772707939147949
Epoch: 1173, Loss: 5.727908134460449
Epoch: 1174, Loss: 5.772239685058594
Epoch: 1175, Loss: 5.785454273223877
Epoch: 1176, Loss: 5.811524391174316
Epoch: 1177, Loss: 5.75420618057251
Epoch: 1178, Loss: 5.737488269805908
Epoch: 1179, Loss: 5.750022888183594
Epoch: 1180, Loss: 5.764479637145996
Test acc: 0.003, IC acc: 0.0029, IC acc2: 0.0035, IW acc: 0.0089
Epoch: 1181, Loss: 5.777060031890869
Epoch: 1182, Loss: 5.811210632324219
Epoch: 1183, Loss: 5.768294811248779
Epoch: 1184, Loss: 5.7764573097229
Epoch: 1185, Loss: 5.784119606018066
Epoch: 1186, Loss: 5.744515895843506
Epoch: 1187, Loss: 5.753032684326172
Epoch: 1188, Loss: 5.758713245391846
Epoch: 1189, Loss: 5.753810882568359
Epoch: 1190, Loss: 5.746537685394287
Test acc: 0.003, IC acc: 0.0029, IC acc2: 0.0035, IW acc: 0.0089
Epoch: 1191, Loss: 5.787636756896973
Epoch: 1192, Loss: 5.77553653717041
Epoch: 1193, Loss: 5.766363620758057
Epoch: 1194, Loss: 5.770644664764404
Epoch: 1195, Loss: 5.771892070770264
Epoch: 1196, Loss: 5.75084114074707
Epoch: 1197, Loss: 5.770900726318359
Epoch: 1198, Loss: 5.767696857452393
Epoch: 1199, Loss: 5.76371955871582
./circuit_plots/Unrestricted Disentangled|Readout|CN=0|B0=2|B1=3|K=1280|L=320|p_B=0.75|p_C=0.75|B=2|eps=0|e6550d4e-6d1e-4f62-89ea-caa9422ff06f/ already exists.
./circuit_plots/Unrestricted Disentangled|Readout|CN=0|B0=2|B1=3|K=1280|L=320|p_B=0.75|p_C=0.75|B=2|eps=0|e6550d4e-6d1e-4f62-89ea-caa9422ff06f/ already exists.
./circuit_plots/Unrestricted Disentangled|Readout|CN=0|B0=2|B1=3|K=1280|L=320|p_B=0.75|p_C=0.75|B=2|eps=0|e6550d4e-6d1e-4f62-89ea-caa9422ff06f/ already exists.
./circuit_plots/Unrestricted Disentangled|Readout|CN=0|B0=2|B1=3|K=1280|L=320|p_B=0.75|p_C=0.75|B=2|eps=0|e6550d4e-6d1e-4f62-89ea-caa9422ff06f/ already exists.
./circuit_plots/Unrestricted Disentangled|Readout|CN=0|B0=2|B1=3|K=1280|L=320|p_B=0.75|p_C=0.75|B=2|eps=0|e6550d4e-6d1e-4f62-89ea-caa9422ff06f/ already exists.
./circuit_plots/Unrestricted Disentangled|Readout|CN=0|B0=2|B1=3|K=1280|L=320|p_B=0.75|p_C=0.75|B=2|eps=0|e6550d4e-6d1e-4f62-89ea-caa9422ff06f/ already exists.
./circuit_plots/Unrestricted Disentangled|Readout|CN=0|B0=2|B1=3|K=1280|L=320|p_B=0.75|p_C=0.75|B=2|eps=0|e6550d4e-6d1e-4f62-89ea-caa9422ff06f/ already exists.
Epoch: 1200, Loss: 5.765857696533203
Test acc: 0.003, IC acc: 0.0029, IC acc2: 0.0035, IW acc: 0.0089
Epoch: 1201, Loss: 5.810675621032715
Epoch: 1202, Loss: 5.752646446228027
Epoch: 1203, Loss: 5.7702317237854
Epoch: 1204, Loss: 5.784502029418945
Epoch: 1205, Loss: 5.7556047439575195
Epoch: 1206, Loss: 5.728477954864502
Epoch: 1207, Loss: 5.786297798156738
Epoch: 1208, Loss: 5.813237190246582
Epoch: 1209, Loss: 5.73502254486084
Epoch: 1210, Loss: 5.757620811462402
Test acc: 0.003, IC acc: 0.0029, IC acc2: 0.0035, IW acc: 0.0089
Epoch: 1211, Loss: 5.75974178314209
Epoch: 1212, Loss: 5.728608131408691
Epoch: 1213, Loss: 5.774703025817871
Epoch: 1214, Loss: 5.756538391113281
Epoch: 1215, Loss: 5.784500598907471
Epoch: 1216, Loss: 5.73907470703125
Epoch: 1217, Loss: 5.790472984313965
Epoch: 1218, Loss: 5.756484031677246
Epoch: 1219, Loss: 5.771195411682129
Epoch: 1220, Loss: 5.7823076248168945
Test acc: 0.003, IC acc: 0.0029, IC acc2: 0.0035, IW acc: 0.0089
Epoch: 1221, Loss: 5.755451679229736
Epoch: 1222, Loss: 5.757211685180664
Epoch: 1223, Loss: 5.736651420593262
Epoch: 1224, Loss: 5.830471038818359
Epoch: 1225, Loss: 5.74506950378418
Epoch: 1226, Loss: 5.756521224975586
Epoch: 1227, Loss: 5.785247802734375
Epoch: 1228, Loss: 5.783258438110352
Epoch: 1229, Loss: 5.768985271453857
Epoch: 1230, Loss: 5.778600692749023
Test acc: 0.003, IC acc: 0.0029, IC acc2: 0.0035, IW acc: 0.0089
Epoch: 1231, Loss: 5.772679328918457
Epoch: 1232, Loss: 5.830533981323242
Epoch: 1233, Loss: 5.764950752258301
Epoch: 1234, Loss: 5.744708061218262
Epoch: 1235, Loss: 5.768893241882324
Epoch: 1236, Loss: 5.771550178527832
Epoch: 1237, Loss: 5.771306037902832
Epoch: 1238, Loss: 5.771442890167236
Epoch: 1239, Loss: 5.770822525024414
Epoch: 1240, Loss: 5.78290319442749
Test acc: 0.003, IC acc: 0.0029, IC acc2: 0.0035, IW acc: 0.0089
Epoch: 1241, Loss: 5.7763447761535645
Epoch: 1242, Loss: 5.780177116394043
Epoch: 1243, Loss: 5.726057052612305
Epoch: 1244, Loss: 5.767291069030762
Epoch: 1245, Loss: 5.728344917297363
Epoch: 1246, Loss: 5.764922142028809
Epoch: 1247, Loss: 5.758242607116699
Epoch: 1248, Loss: 5.810642719268799
Epoch: 1249, Loss: 5.776376724243164
./circuit_plots/Unrestricted Disentangled|Readout|CN=0|B0=2|B1=3|K=1280|L=320|p_B=0.75|p_C=0.75|B=2|eps=0|e6550d4e-6d1e-4f62-89ea-caa9422ff06f/ already exists.
./circuit_plots/Unrestricted Disentangled|Readout|CN=0|B0=2|B1=3|K=1280|L=320|p_B=0.75|p_C=0.75|B=2|eps=0|e6550d4e-6d1e-4f62-89ea-caa9422ff06f/ already exists.
./circuit_plots/Unrestricted Disentangled|Readout|CN=0|B0=2|B1=3|K=1280|L=320|p_B=0.75|p_C=0.75|B=2|eps=0|e6550d4e-6d1e-4f62-89ea-caa9422ff06f/ already exists.
./circuit_plots/Unrestricted Disentangled|Readout|CN=0|B0=2|B1=3|K=1280|L=320|p_B=0.75|p_C=0.75|B=2|eps=0|e6550d4e-6d1e-4f62-89ea-caa9422ff06f/ already exists.
./circuit_plots/Unrestricted Disentangled|Readout|CN=0|B0=2|B1=3|K=1280|L=320|p_B=0.75|p_C=0.75|B=2|eps=0|e6550d4e-6d1e-4f62-89ea-caa9422ff06f/ already exists.
./circuit_plots/Unrestricted Disentangled|Readout|CN=0|B0=2|B1=3|K=1280|L=320|p_B=0.75|p_C=0.75|B=2|eps=0|e6550d4e-6d1e-4f62-89ea-caa9422ff06f/ already exists.
./circuit_plots/Unrestricted Disentangled|Readout|CN=0|B0=2|B1=3|K=1280|L=320|p_B=0.75|p_C=0.75|B=2|eps=0|e6550d4e-6d1e-4f62-89ea-caa9422ff06f/ already exists.
Epoch: 1250, Loss: 5.788113594055176
Test acc: 0.0032, IC acc: 0.0029, IC acc2: 0.0035, IW acc: 0.0099
Epoch: 1251, Loss: 5.760124206542969
Epoch: 1252, Loss: 5.762882232666016
Epoch: 1253, Loss: 5.7543559074401855
Epoch: 1254, Loss: 5.76564884185791
Epoch: 1255, Loss: 5.737583160400391
Epoch: 1256, Loss: 5.7889628410339355
Epoch: 1257, Loss: 5.740760803222656
Epoch: 1258, Loss: 5.754367828369141
Epoch: 1259, Loss: 5.782595634460449
Epoch: 1260, Loss: 5.711533069610596
Test acc: 0.0032, IC acc: 0.0029, IC acc2: 0.0035, IW acc: 0.0099
Epoch: 1261, Loss: 5.783973693847656
Epoch: 1262, Loss: 5.725049018859863
Epoch: 1263, Loss: 5.79768180847168
Epoch: 1264, Loss: 5.739259719848633
Epoch: 1265, Loss: 5.733145713806152
Epoch: 1266, Loss: 5.788656234741211
Epoch: 1267, Loss: 5.7868499755859375
Epoch: 1268, Loss: 5.777350902557373
Epoch: 1269, Loss: 5.781350135803223
Epoch: 1270, Loss: 5.764384746551514
Test acc: 0.003, IC acc: 0.0029, IC acc2: 0.0035, IW acc: 0.0089
Epoch: 1271, Loss: 5.769929885864258
Epoch: 1272, Loss: 5.780548095703125
Epoch: 1273, Loss: 5.745511054992676
Epoch: 1274, Loss: 5.761216163635254
Epoch: 1275, Loss: 5.732010364532471
Epoch: 1276, Loss: 5.777848720550537
Epoch: 1277, Loss: 5.757188320159912
Epoch: 1278, Loss: 5.749337196350098
Epoch: 1279, Loss: 5.770983695983887
Epoch: 1280, Loss: 5.760311126708984
Test acc: 0.003, IC acc: 0.0029, IC acc2: 0.0035, IW acc: 0.0089
Epoch: 1281, Loss: 5.807629585266113
Epoch: 1282, Loss: 5.79490852355957
Epoch: 1283, Loss: 5.772824764251709
Epoch: 1284, Loss: 5.765085697174072
Epoch: 1285, Loss: 5.810667037963867
Epoch: 1286, Loss: 5.79871940612793
Epoch: 1287, Loss: 5.758017063140869
Epoch: 1288, Loss: 5.759329319000244
Epoch: 1289, Loss: 5.744923114776611
Epoch: 1290, Loss: 5.790741920471191
Test acc: 0.0032, IC acc: 0.0029, IC acc2: 0.0035, IW acc: 0.0099
Epoch: 1291, Loss: 5.756993293762207
Epoch: 1292, Loss: 5.739140510559082
Epoch: 1293, Loss: 5.767321586608887
Epoch: 1294, Loss: 5.782115936279297
Epoch: 1295, Loss: 5.7623677253723145
Epoch: 1296, Loss: 5.792787551879883
Epoch: 1297, Loss: 5.731626987457275
Epoch: 1298, Loss: 5.734343528747559
Epoch: 1299, Loss: 5.774858474731445
./circuit_plots/Unrestricted Disentangled|Readout|CN=0|B0=2|B1=3|K=1280|L=320|p_B=0.75|p_C=0.75|B=2|eps=0|e6550d4e-6d1e-4f62-89ea-caa9422ff06f/ already exists.
./circuit_plots/Unrestricted Disentangled|Readout|CN=0|B0=2|B1=3|K=1280|L=320|p_B=0.75|p_C=0.75|B=2|eps=0|e6550d4e-6d1e-4f62-89ea-caa9422ff06f/ already exists.
./circuit_plots/Unrestricted Disentangled|Readout|CN=0|B0=2|B1=3|K=1280|L=320|p_B=0.75|p_C=0.75|B=2|eps=0|e6550d4e-6d1e-4f62-89ea-caa9422ff06f/ already exists.
./circuit_plots/Unrestricted Disentangled|Readout|CN=0|B0=2|B1=3|K=1280|L=320|p_B=0.75|p_C=0.75|B=2|eps=0|e6550d4e-6d1e-4f62-89ea-caa9422ff06f/ already exists.
./circuit_plots/Unrestricted Disentangled|Readout|CN=0|B0=2|B1=3|K=1280|L=320|p_B=0.75|p_C=0.75|B=2|eps=0|e6550d4e-6d1e-4f62-89ea-caa9422ff06f/ already exists.
./circuit_plots/Unrestricted Disentangled|Readout|CN=0|B0=2|B1=3|K=1280|L=320|p_B=0.75|p_C=0.75|B=2|eps=0|e6550d4e-6d1e-4f62-89ea-caa9422ff06f/ already exists.
./circuit_plots/Unrestricted Disentangled|Readout|CN=0|B0=2|B1=3|K=1280|L=320|p_B=0.75|p_C=0.75|B=2|eps=0|e6550d4e-6d1e-4f62-89ea-caa9422ff06f/ already exists.
Epoch: 1300, Loss: 5.757264137268066
Test acc: 0.0032, IC acc: 0.0029, IC acc2: 0.0035, IW acc: 0.0099
Epoch: 1301, Loss: 5.746184349060059
Epoch: 1302, Loss: 5.7567243576049805
Epoch: 1303, Loss: 5.740252494812012
Epoch: 1304, Loss: 5.763187408447266
Epoch: 1305, Loss: 5.7448530197143555
Epoch: 1306, Loss: 5.797887802124023
Epoch: 1307, Loss: 5.771542072296143
Epoch: 1308, Loss: 5.8003339767456055
Epoch: 1309, Loss: 5.761784076690674
Epoch: 1310, Loss: 5.779478073120117
Test acc: 0.0032, IC acc: 0.0029, IC acc2: 0.0035, IW acc: 0.0099
Epoch: 1311, Loss: 5.811305046081543
Epoch: 1312, Loss: 5.785581111907959
Epoch: 1313, Loss: 5.739931583404541
Epoch: 1314, Loss: 5.773808479309082
Epoch: 1315, Loss: 5.763429641723633
Epoch: 1316, Loss: 5.742110252380371
Epoch: 1317, Loss: 5.759024143218994
Epoch: 1318, Loss: 5.764781951904297
Epoch: 1319, Loss: 5.721132278442383
Epoch: 1320, Loss: 5.753495216369629
Test acc: 0.0032, IC acc: 0.0029, IC acc2: 0.0035, IW acc: 0.0099
Epoch: 1321, Loss: 5.743433475494385
Epoch: 1322, Loss: 5.770112037658691
Epoch: 1323, Loss: 5.748887062072754
Epoch: 1324, Loss: 5.765559196472168
Epoch: 1325, Loss: 5.730578422546387
Epoch: 1326, Loss: 5.763862133026123
Epoch: 1327, Loss: 5.7765727043151855
Epoch: 1328, Loss: 5.768296241760254
Epoch: 1329, Loss: 5.751774787902832
Epoch: 1330, Loss: 5.743675231933594
Test acc: 0.0032, IC acc: 0.0029, IC acc2: 0.0035, IW acc: 0.0099
Epoch: 1331, Loss: 5.759298324584961
Epoch: 1332, Loss: 5.762270927429199
Epoch: 1333, Loss: 5.800704479217529
Epoch: 1334, Loss: 5.768360137939453
Epoch: 1335, Loss: 5.754938125610352
Epoch: 1336, Loss: 5.773653507232666
Epoch: 1337, Loss: 5.739445209503174
Epoch: 1338, Loss: 5.76341438293457
Epoch: 1339, Loss: 5.731748580932617
Epoch: 1340, Loss: 5.763742446899414
Test acc: 0.0032, IC acc: 0.0029, IC acc2: 0.0035, IW acc: 0.0099
Epoch: 1341, Loss: 5.776134967803955
Epoch: 1342, Loss: 5.740202903747559
Epoch: 1343, Loss: 5.774580478668213
Epoch: 1344, Loss: 5.749456882476807
Epoch: 1345, Loss: 5.7796430587768555
Epoch: 1346, Loss: 5.773833274841309
Epoch: 1347, Loss: 5.796679973602295
Epoch: 1348, Loss: 5.761875152587891
Epoch: 1349, Loss: 5.747328758239746
./circuit_plots/Unrestricted Disentangled|Readout|CN=0|B0=2|B1=3|K=1280|L=320|p_B=0.75|p_C=0.75|B=2|eps=0|e6550d4e-6d1e-4f62-89ea-caa9422ff06f/ already exists.
./circuit_plots/Unrestricted Disentangled|Readout|CN=0|B0=2|B1=3|K=1280|L=320|p_B=0.75|p_C=0.75|B=2|eps=0|e6550d4e-6d1e-4f62-89ea-caa9422ff06f/ already exists.
./circuit_plots/Unrestricted Disentangled|Readout|CN=0|B0=2|B1=3|K=1280|L=320|p_B=0.75|p_C=0.75|B=2|eps=0|e6550d4e-6d1e-4f62-89ea-caa9422ff06f/ already exists.
./circuit_plots/Unrestricted Disentangled|Readout|CN=0|B0=2|B1=3|K=1280|L=320|p_B=0.75|p_C=0.75|B=2|eps=0|e6550d4e-6d1e-4f62-89ea-caa9422ff06f/ already exists.
./circuit_plots/Unrestricted Disentangled|Readout|CN=0|B0=2|B1=3|K=1280|L=320|p_B=0.75|p_C=0.75|B=2|eps=0|e6550d4e-6d1e-4f62-89ea-caa9422ff06f/ already exists.
./circuit_plots/Unrestricted Disentangled|Readout|CN=0|B0=2|B1=3|K=1280|L=320|p_B=0.75|p_C=0.75|B=2|eps=0|e6550d4e-6d1e-4f62-89ea-caa9422ff06f/ already exists.
./circuit_plots/Unrestricted Disentangled|Readout|CN=0|B0=2|B1=3|K=1280|L=320|p_B=0.75|p_C=0.75|B=2|eps=0|e6550d4e-6d1e-4f62-89ea-caa9422ff06f/ already exists.
Epoch: 1350, Loss: 5.77308464050293
Test acc: 0.0032, IC acc: 0.0029, IC acc2: 0.0035, IW acc: 0.0099
Epoch: 1351, Loss: 5.77536678314209
Epoch: 1352, Loss: 5.7766618728637695
Epoch: 1353, Loss: 5.770639419555664
Epoch: 1354, Loss: 5.814752578735352
Epoch: 1355, Loss: 5.715019702911377
Epoch: 1356, Loss: 5.761728763580322
Epoch: 1357, Loss: 5.769640922546387
Epoch: 1358, Loss: 5.773056983947754
Epoch: 1359, Loss: 5.776576042175293
Epoch: 1360, Loss: 5.770237922668457
Test acc: 0.0032, IC acc: 0.0029, IC acc2: 0.0035, IW acc: 0.0099
Epoch: 1361, Loss: 5.7327399253845215
Epoch: 1362, Loss: 5.780118942260742
Epoch: 1363, Loss: 5.776281833648682
Epoch: 1364, Loss: 5.767763137817383
Epoch: 1365, Loss: 5.78890323638916
Epoch: 1366, Loss: 5.6957197189331055
Epoch: 1367, Loss: 5.7437238693237305
Epoch: 1368, Loss: 5.734019756317139
Epoch: 1369, Loss: 5.764132499694824
Epoch: 1370, Loss: 5.739707946777344
Test acc: 0.0032, IC acc: 0.0029, IC acc2: 0.0035, IW acc: 0.0099
Epoch: 1371, Loss: 5.784617900848389
Epoch: 1372, Loss: 5.824337959289551
Epoch: 1373, Loss: 5.736288547515869
Epoch: 1374, Loss: 5.748031139373779
Epoch: 1375, Loss: 5.7294230461120605
Epoch: 1376, Loss: 5.798993110656738
Epoch: 1377, Loss: 5.732522964477539
Epoch: 1378, Loss: 5.744594573974609
Epoch: 1379, Loss: 5.773454666137695
Epoch: 1380, Loss: 5.7891082763671875
Test acc: 0.0032, IC acc: 0.0029, IC acc2: 0.0035, IW acc: 0.0099
Epoch: 1381, Loss: 5.730699062347412
Epoch: 1382, Loss: 5.731229782104492
Epoch: 1383, Loss: 5.784706115722656
Epoch: 1384, Loss: 5.727861404418945
Epoch: 1385, Loss: 5.737654685974121
Epoch: 1386, Loss: 5.714328289031982
Epoch: 1387, Loss: 5.768497467041016
Epoch: 1388, Loss: 5.752518653869629
Epoch: 1389, Loss: 5.760644912719727
Epoch: 1390, Loss: 5.785365581512451
Test acc: 0.0032, IC acc: 0.0029, IC acc2: 0.0035, IW acc: 0.0099
Epoch: 1391, Loss: 5.776627063751221
Epoch: 1392, Loss: 5.741559982299805
Epoch: 1393, Loss: 5.725914478302002
Epoch: 1394, Loss: 5.754317283630371
Epoch: 1395, Loss: 5.7778143882751465
Epoch: 1396, Loss: 5.711248874664307
Epoch: 1397, Loss: 5.788536548614502
Epoch: 1398, Loss: 5.73046875
Epoch: 1399, Loss: 5.754922866821289
./circuit_plots/Unrestricted Disentangled|Readout|CN=0|B0=2|B1=3|K=1280|L=320|p_B=0.75|p_C=0.75|B=2|eps=0|e6550d4e-6d1e-4f62-89ea-caa9422ff06f/ already exists.
./circuit_plots/Unrestricted Disentangled|Readout|CN=0|B0=2|B1=3|K=1280|L=320|p_B=0.75|p_C=0.75|B=2|eps=0|e6550d4e-6d1e-4f62-89ea-caa9422ff06f/ already exists.
./circuit_plots/Unrestricted Disentangled|Readout|CN=0|B0=2|B1=3|K=1280|L=320|p_B=0.75|p_C=0.75|B=2|eps=0|e6550d4e-6d1e-4f62-89ea-caa9422ff06f/ already exists.
./circuit_plots/Unrestricted Disentangled|Readout|CN=0|B0=2|B1=3|K=1280|L=320|p_B=0.75|p_C=0.75|B=2|eps=0|e6550d4e-6d1e-4f62-89ea-caa9422ff06f/ already exists.
./circuit_plots/Unrestricted Disentangled|Readout|CN=0|B0=2|B1=3|K=1280|L=320|p_B=0.75|p_C=0.75|B=2|eps=0|e6550d4e-6d1e-4f62-89ea-caa9422ff06f/ already exists.
./circuit_plots/Unrestricted Disentangled|Readout|CN=0|B0=2|B1=3|K=1280|L=320|p_B=0.75|p_C=0.75|B=2|eps=0|e6550d4e-6d1e-4f62-89ea-caa9422ff06f/ already exists.
./circuit_plots/Unrestricted Disentangled|Readout|CN=0|B0=2|B1=3|K=1280|L=320|p_B=0.75|p_C=0.75|B=2|eps=0|e6550d4e-6d1e-4f62-89ea-caa9422ff06f/ already exists.
Epoch: 1400, Loss: 5.689970016479492
Test acc: 0.0032, IC acc: 0.0029, IC acc2: 0.0035, IW acc: 0.0099
Epoch: 1401, Loss: 5.722582817077637
Epoch: 1402, Loss: 5.799771308898926
Epoch: 1403, Loss: 5.764078140258789
Epoch: 1404, Loss: 5.764913082122803
Epoch: 1405, Loss: 5.774483680725098
Epoch: 1406, Loss: 5.734508514404297
Epoch: 1407, Loss: 5.811866760253906
Epoch: 1408, Loss: 5.714977264404297
Epoch: 1409, Loss: 5.723217964172363
Epoch: 1410, Loss: 5.762737274169922
Test acc: 0.0033, IC acc: 0.0029, IC acc2: 0.0035, IW acc: 0.011
Epoch: 1411, Loss: 5.7306413650512695
Epoch: 1412, Loss: 5.775102615356445
Epoch: 1413, Loss: 5.727531433105469
Epoch: 1414, Loss: 5.727055549621582
Epoch: 1415, Loss: 5.749575138092041
Epoch: 1416, Loss: 5.732726097106934
Epoch: 1417, Loss: 5.805928707122803
Epoch: 1418, Loss: 5.725390911102295
Epoch: 1419, Loss: 5.753168106079102
Epoch: 1420, Loss: 5.769648551940918
Test acc: 0.0033, IC acc: 0.0016, IC acc2: 0.0035, IW acc: 0.011
Epoch: 1421, Loss: 5.716190338134766
Epoch: 1422, Loss: 5.759676933288574
Epoch: 1423, Loss: 5.775470733642578
Epoch: 1424, Loss: 5.757316589355469
Epoch: 1425, Loss: 5.75241756439209
Epoch: 1426, Loss: 5.76172399520874
Epoch: 1427, Loss: 5.8090972900390625
Epoch: 1428, Loss: 5.764392852783203
Epoch: 1429, Loss: 5.78169059753418
Epoch: 1430, Loss: 5.772912979125977
Test acc: 0.0035, IC acc: 0.0016, IC acc2: 0.0035, IW acc: 0.012
Epoch: 1431, Loss: 5.720920085906982
Epoch: 1432, Loss: 5.709711074829102
Epoch: 1433, Loss: 5.766017436981201
Epoch: 1434, Loss: 5.742516040802002
Epoch: 1435, Loss: 5.791654586791992
Epoch: 1436, Loss: 5.801539421081543
Epoch: 1437, Loss: 5.814901351928711
Epoch: 1438, Loss: 5.730961799621582
Epoch: 1439, Loss: 5.762905120849609
Epoch: 1440, Loss: 5.763144016265869
Test acc: 0.0035, IC acc: 0.0016, IC acc2: 0.0027, IW acc: 0.012
Epoch: 1441, Loss: 5.768938064575195
Epoch: 1442, Loss: 5.773662090301514
Epoch: 1443, Loss: 5.718347072601318
Epoch: 1444, Loss: 5.772932529449463
Epoch: 1445, Loss: 5.778377532958984
Epoch: 1446, Loss: 5.7352190017700195
Epoch: 1447, Loss: 5.758749961853027
Epoch: 1448, Loss: 5.749575614929199
Epoch: 1449, Loss: 5.744950771331787
./circuit_plots/Unrestricted Disentangled|Readout|CN=0|B0=2|B1=3|K=1280|L=320|p_B=0.75|p_C=0.75|B=2|eps=0|e6550d4e-6d1e-4f62-89ea-caa9422ff06f/ already exists.
./circuit_plots/Unrestricted Disentangled|Readout|CN=0|B0=2|B1=3|K=1280|L=320|p_B=0.75|p_C=0.75|B=2|eps=0|e6550d4e-6d1e-4f62-89ea-caa9422ff06f/ already exists.
./circuit_plots/Unrestricted Disentangled|Readout|CN=0|B0=2|B1=3|K=1280|L=320|p_B=0.75|p_C=0.75|B=2|eps=0|e6550d4e-6d1e-4f62-89ea-caa9422ff06f/ already exists.
./circuit_plots/Unrestricted Disentangled|Readout|CN=0|B0=2|B1=3|K=1280|L=320|p_B=0.75|p_C=0.75|B=2|eps=0|e6550d4e-6d1e-4f62-89ea-caa9422ff06f/ already exists.
./circuit_plots/Unrestricted Disentangled|Readout|CN=0|B0=2|B1=3|K=1280|L=320|p_B=0.75|p_C=0.75|B=2|eps=0|e6550d4e-6d1e-4f62-89ea-caa9422ff06f/ already exists.
./circuit_plots/Unrestricted Disentangled|Readout|CN=0|B0=2|B1=3|K=1280|L=320|p_B=0.75|p_C=0.75|B=2|eps=0|e6550d4e-6d1e-4f62-89ea-caa9422ff06f/ already exists.
./circuit_plots/Unrestricted Disentangled|Readout|CN=0|B0=2|B1=3|K=1280|L=320|p_B=0.75|p_C=0.75|B=2|eps=0|e6550d4e-6d1e-4f62-89ea-caa9422ff06f/ already exists.
Epoch: 1450, Loss: 5.767621994018555
Test acc: 0.0036, IC acc: 0.0016, IC acc2: 0.0027, IW acc: 0.0128
Epoch: 1451, Loss: 5.777602672576904
Epoch: 1452, Loss: 5.755557060241699
Epoch: 1453, Loss: 5.766359329223633
Epoch: 1454, Loss: 5.762328624725342
Epoch: 1455, Loss: 5.725683212280273
Epoch: 1456, Loss: 5.770427703857422
Epoch: 1457, Loss: 5.724236488342285
Epoch: 1458, Loss: 5.756940841674805
Epoch: 1459, Loss: 5.745034217834473
Epoch: 1460, Loss: 5.793514251708984
Test acc: 0.0036, IC acc: 0.0016, IC acc2: 0.0035, IW acc: 0.0128
Epoch: 1461, Loss: 5.752419471740723
Epoch: 1462, Loss: 5.761390209197998
Epoch: 1463, Loss: 5.765050411224365
Epoch: 1464, Loss: 5.7888898849487305
Epoch: 1465, Loss: 5.733853340148926
Epoch: 1466, Loss: 5.750626564025879
Epoch: 1467, Loss: 5.751859664916992
Epoch: 1468, Loss: 5.731012344360352
Epoch: 1469, Loss: 5.73811674118042
Epoch: 1470, Loss: 5.728099346160889
Test acc: 0.0036, IC acc: 0.0016, IC acc2: 0.0035, IW acc: 0.0128
Epoch: 1471, Loss: 5.792116165161133
Epoch: 1472, Loss: 5.771765232086182
Epoch: 1473, Loss: 5.770146369934082
Epoch: 1474, Loss: 5.744324684143066
Epoch: 1475, Loss: 5.744724273681641
Epoch: 1476, Loss: 5.734967231750488
Epoch: 1477, Loss: 5.75941276550293
Epoch: 1478, Loss: 5.7452239990234375
Epoch: 1479, Loss: 5.75614070892334
Epoch: 1480, Loss: 5.751291275024414
Test acc: 0.0036, IC acc: 0.0016, IC acc2: 0.0035, IW acc: 0.0128
Epoch: 1481, Loss: 5.726790428161621
Epoch: 1482, Loss: 5.763031005859375
Epoch: 1483, Loss: 5.718018531799316
Epoch: 1484, Loss: 5.809357166290283
Epoch: 1485, Loss: 5.762065410614014
Epoch: 1486, Loss: 5.801109313964844
Epoch: 1487, Loss: 5.756028175354004
Epoch: 1488, Loss: 5.719502925872803
Epoch: 1489, Loss: 5.720767021179199
Epoch: 1490, Loss: 5.721612930297852
Test acc: 0.0036, IC acc: 0.0016, IC acc2: 0.0035, IW acc: 0.0128
Epoch: 1491, Loss: 5.757235527038574
Epoch: 1492, Loss: 5.745908737182617
Epoch: 1493, Loss: 5.8059797286987305
Epoch: 1494, Loss: 5.727971076965332
Epoch: 1495, Loss: 5.784690856933594
Epoch: 1496, Loss: 5.7659478187561035
Epoch: 1497, Loss: 5.756804466247559
Epoch: 1498, Loss: 5.780603408813477
Epoch: 1499, Loss: 5.764758586883545
./circuit_plots/Unrestricted Disentangled|Readout|CN=0|B0=2|B1=3|K=1280|L=320|p_B=0.75|p_C=0.75|B=2|eps=0|e6550d4e-6d1e-4f62-89ea-caa9422ff06f/ already exists.
./circuit_plots/Unrestricted Disentangled|Readout|CN=0|B0=2|B1=3|K=1280|L=320|p_B=0.75|p_C=0.75|B=2|eps=0|e6550d4e-6d1e-4f62-89ea-caa9422ff06f/ already exists.
./circuit_plots/Unrestricted Disentangled|Readout|CN=0|B0=2|B1=3|K=1280|L=320|p_B=0.75|p_C=0.75|B=2|eps=0|e6550d4e-6d1e-4f62-89ea-caa9422ff06f/ already exists.
./circuit_plots/Unrestricted Disentangled|Readout|CN=0|B0=2|B1=3|K=1280|L=320|p_B=0.75|p_C=0.75|B=2|eps=0|e6550d4e-6d1e-4f62-89ea-caa9422ff06f/ already exists.
./circuit_plots/Unrestricted Disentangled|Readout|CN=0|B0=2|B1=3|K=1280|L=320|p_B=0.75|p_C=0.75|B=2|eps=0|e6550d4e-6d1e-4f62-89ea-caa9422ff06f/ already exists.
./circuit_plots/Unrestricted Disentangled|Readout|CN=0|B0=2|B1=3|K=1280|L=320|p_B=0.75|p_C=0.75|B=2|eps=0|e6550d4e-6d1e-4f62-89ea-caa9422ff06f/ already exists.
./circuit_plots/Unrestricted Disentangled|Readout|CN=0|B0=2|B1=3|K=1280|L=320|p_B=0.75|p_C=0.75|B=2|eps=0|e6550d4e-6d1e-4f62-89ea-caa9422ff06f/ already exists.
Epoch: 1500, Loss: 5.78371524810791
Test acc: 0.0036, IC acc: 0.0016, IC acc2: 0.0035, IW acc: 0.0128
Epoch: 1501, Loss: 5.7479729652404785
Epoch: 1502, Loss: 5.7552032470703125
Epoch: 1503, Loss: 5.7523603439331055
Epoch: 1504, Loss: 5.715289115905762
Epoch: 1505, Loss: 5.781505584716797
Epoch: 1506, Loss: 5.7694926261901855
Epoch: 1507, Loss: 5.751752853393555
Epoch: 1508, Loss: 5.775393486022949
Epoch: 1509, Loss: 5.763186454772949
Epoch: 1510, Loss: 5.768275737762451
Test acc: 0.0036, IC acc: 0.0016, IC acc2: 0.0035, IW acc: 0.0128
Epoch: 1511, Loss: 5.770764350891113
Epoch: 1512, Loss: 5.753426551818848
Epoch: 1513, Loss: 5.782147407531738
Epoch: 1514, Loss: 5.72641658782959
Epoch: 1515, Loss: 5.724830627441406
Epoch: 1516, Loss: 5.8074774742126465
Epoch: 1517, Loss: 5.7563371658325195
Epoch: 1518, Loss: 5.7532782554626465
Epoch: 1519, Loss: 5.793827533721924
Epoch: 1520, Loss: 5.797824382781982
Test acc: 0.0043, IC acc: 0.0016, IC acc2: 0.0027, IW acc: 0.0146
Epoch: 1521, Loss: 5.7810258865356445
Epoch: 1522, Loss: 5.760876655578613
Epoch: 1523, Loss: 5.729068756103516
Epoch: 1524, Loss: 5.742044448852539
Epoch: 1525, Loss: 5.75631856918335
Epoch: 1526, Loss: 5.761363983154297
Epoch: 1527, Loss: 5.756840705871582
Epoch: 1528, Loss: 5.807465553283691
Epoch: 1529, Loss: 5.816891193389893
Epoch: 1530, Loss: 5.708789825439453
Test acc: 0.0043, IC acc: 0.0016, IC acc2: 0.0027, IW acc: 0.0146
Epoch: 1531, Loss: 5.751821517944336
Epoch: 1532, Loss: 5.755632400512695
Epoch: 1533, Loss: 5.76981258392334
Epoch: 1534, Loss: 5.7651166915893555
Epoch: 1535, Loss: 5.791257858276367
Epoch: 1536, Loss: 5.821925163269043
Epoch: 1537, Loss: 5.788974761962891
Epoch: 1538, Loss: 5.73997163772583
Epoch: 1539, Loss: 5.760731220245361
Epoch: 1540, Loss: 5.769294738769531
Test acc: 0.0041, IC acc: 0.0016, IC acc2: 0.0027, IW acc: 0.0134
Epoch: 1541, Loss: 5.730545997619629
Epoch: 1542, Loss: 5.767371654510498
Epoch: 1543, Loss: 5.768391132354736
Epoch: 1544, Loss: 5.740070819854736
Epoch: 1545, Loss: 5.740754127502441
Epoch: 1546, Loss: 5.765280723571777
Epoch: 1547, Loss: 5.766824722290039
Epoch: 1548, Loss: 5.732433319091797
Epoch: 1549, Loss: 5.768357276916504
./circuit_plots/Unrestricted Disentangled|Readout|CN=0|B0=2|B1=3|K=1280|L=320|p_B=0.75|p_C=0.75|B=2|eps=0|e6550d4e-6d1e-4f62-89ea-caa9422ff06f/ already exists.
./circuit_plots/Unrestricted Disentangled|Readout|CN=0|B0=2|B1=3|K=1280|L=320|p_B=0.75|p_C=0.75|B=2|eps=0|e6550d4e-6d1e-4f62-89ea-caa9422ff06f/ already exists.
./circuit_plots/Unrestricted Disentangled|Readout|CN=0|B0=2|B1=3|K=1280|L=320|p_B=0.75|p_C=0.75|B=2|eps=0|e6550d4e-6d1e-4f62-89ea-caa9422ff06f/ already exists.
./circuit_plots/Unrestricted Disentangled|Readout|CN=0|B0=2|B1=3|K=1280|L=320|p_B=0.75|p_C=0.75|B=2|eps=0|e6550d4e-6d1e-4f62-89ea-caa9422ff06f/ already exists.
./circuit_plots/Unrestricted Disentangled|Readout|CN=0|B0=2|B1=3|K=1280|L=320|p_B=0.75|p_C=0.75|B=2|eps=0|e6550d4e-6d1e-4f62-89ea-caa9422ff06f/ already exists.
./circuit_plots/Unrestricted Disentangled|Readout|CN=0|B0=2|B1=3|K=1280|L=320|p_B=0.75|p_C=0.75|B=2|eps=0|e6550d4e-6d1e-4f62-89ea-caa9422ff06f/ already exists.
./circuit_plots/Unrestricted Disentangled|Readout|CN=0|B0=2|B1=3|K=1280|L=320|p_B=0.75|p_C=0.75|B=2|eps=0|e6550d4e-6d1e-4f62-89ea-caa9422ff06f/ already exists.
Epoch: 1550, Loss: 5.795595169067383
Test acc: 0.0041, IC acc: 0.0016, IC acc2: 0.0027, IW acc: 0.0134
Epoch: 1551, Loss: 5.741573810577393
Epoch: 1552, Loss: 5.753322601318359
Epoch: 1553, Loss: 5.728608131408691
Epoch: 1554, Loss: 5.762978553771973
Epoch: 1555, Loss: 5.782562255859375
Epoch: 1556, Loss: 5.726393699645996
Epoch: 1557, Loss: 5.716939926147461
Epoch: 1558, Loss: 5.780210494995117
Epoch: 1559, Loss: 5.729891777038574
Epoch: 1560, Loss: 5.728489398956299
Test acc: 0.0043, IC acc: 0.0016, IC acc2: 0.0027, IW acc: 0.0146
Epoch: 1561, Loss: 5.749283790588379
Epoch: 1562, Loss: 5.7725749015808105
Epoch: 1563, Loss: 5.723291873931885
Epoch: 1564, Loss: 5.786252021789551
Epoch: 1565, Loss: 5.751979827880859
Epoch: 1566, Loss: 5.756715774536133
Epoch: 1567, Loss: 5.760589599609375
Epoch: 1568, Loss: 5.7370829582214355
Epoch: 1569, Loss: 5.775174617767334
Epoch: 1570, Loss: 5.755434036254883
Test acc: 0.0045, IC acc: 0.0016, IC acc2: 0.0027, IW acc: 0.0149
Epoch: 1571, Loss: 5.758098602294922
Epoch: 1572, Loss: 5.721893310546875
Epoch: 1573, Loss: 5.757259368896484
Epoch: 1574, Loss: 5.768282413482666
Epoch: 1575, Loss: 5.741101264953613
Epoch: 1576, Loss: 5.758218765258789
Epoch: 1577, Loss: 5.765990257263184
Epoch: 1578, Loss: 5.760956764221191
Epoch: 1579, Loss: 5.768156051635742
Epoch: 1580, Loss: 5.796520233154297
Test acc: 0.0047, IC acc: 0.0016, IC acc2: 0.0027, IW acc: 0.0161
Epoch: 1581, Loss: 5.745349407196045
Epoch: 1582, Loss: 5.814345836639404
Epoch: 1583, Loss: 5.741032123565674
Epoch: 1584, Loss: 5.786284923553467
Epoch: 1585, Loss: 5.779245376586914
Epoch: 1586, Loss: 5.756950378417969
Epoch: 1587, Loss: 5.718688011169434
Epoch: 1588, Loss: 5.746944427490234
Epoch: 1589, Loss: 5.745274543762207
Epoch: 1590, Loss: 5.7346649169921875
Test acc: 0.0047, IC acc: 0.0016, IC acc2: 0.0027, IW acc: 0.0161
Epoch: 1591, Loss: 5.72736930847168
Epoch: 1592, Loss: 5.75808572769165
Epoch: 1593, Loss: 5.7408037185668945
Epoch: 1594, Loss: 5.722118377685547
Epoch: 1595, Loss: 5.780180931091309
Epoch: 1596, Loss: 5.760610580444336
Epoch: 1597, Loss: 5.783269882202148
Epoch: 1598, Loss: 5.748885631561279
Epoch: 1599, Loss: 5.748843193054199
./circuit_plots/Unrestricted Disentangled|Readout|CN=0|B0=2|B1=3|K=1280|L=320|p_B=0.75|p_C=0.75|B=2|eps=0|e6550d4e-6d1e-4f62-89ea-caa9422ff06f/ already exists.
./circuit_plots/Unrestricted Disentangled|Readout|CN=0|B0=2|B1=3|K=1280|L=320|p_B=0.75|p_C=0.75|B=2|eps=0|e6550d4e-6d1e-4f62-89ea-caa9422ff06f/ already exists.
./circuit_plots/Unrestricted Disentangled|Readout|CN=0|B0=2|B1=3|K=1280|L=320|p_B=0.75|p_C=0.75|B=2|eps=0|e6550d4e-6d1e-4f62-89ea-caa9422ff06f/ already exists.
./circuit_plots/Unrestricted Disentangled|Readout|CN=0|B0=2|B1=3|K=1280|L=320|p_B=0.75|p_C=0.75|B=2|eps=0|e6550d4e-6d1e-4f62-89ea-caa9422ff06f/ already exists.
./circuit_plots/Unrestricted Disentangled|Readout|CN=0|B0=2|B1=3|K=1280|L=320|p_B=0.75|p_C=0.75|B=2|eps=0|e6550d4e-6d1e-4f62-89ea-caa9422ff06f/ already exists.
./circuit_plots/Unrestricted Disentangled|Readout|CN=0|B0=2|B1=3|K=1280|L=320|p_B=0.75|p_C=0.75|B=2|eps=0|e6550d4e-6d1e-4f62-89ea-caa9422ff06f/ already exists.
./circuit_plots/Unrestricted Disentangled|Readout|CN=0|B0=2|B1=3|K=1280|L=320|p_B=0.75|p_C=0.75|B=2|eps=0|e6550d4e-6d1e-4f62-89ea-caa9422ff06f/ already exists.
Epoch: 1600, Loss: 5.744009017944336
Test acc: 0.0047, IC acc: 0.0016, IC acc2: 0.0027, IW acc: 0.0166
Epoch: 1601, Loss: 5.8268938064575195
Epoch: 1602, Loss: 5.722064971923828
Epoch: 1603, Loss: 5.800663471221924
Epoch: 1604, Loss: 5.752047061920166
Epoch: 1605, Loss: 5.760869979858398
Epoch: 1606, Loss: 5.729599952697754
Epoch: 1607, Loss: 5.753008842468262
Epoch: 1608, Loss: 5.759875774383545
Epoch: 1609, Loss: 5.808467864990234
Epoch: 1610, Loss: 5.749939918518066
Test acc: 0.0047, IC acc: 0.0016, IC acc2: 0.0027, IW acc: 0.0166
Epoch: 1611, Loss: 5.747588157653809
Epoch: 1612, Loss: 5.6826019287109375
Epoch: 1613, Loss: 5.743724822998047
Epoch: 1614, Loss: 5.7686920166015625
Epoch: 1615, Loss: 5.745875358581543
Epoch: 1616, Loss: 5.746764183044434
Epoch: 1617, Loss: 5.745908737182617
Epoch: 1618, Loss: 5.740452766418457
Epoch: 1619, Loss: 5.83343505859375
Epoch: 1620, Loss: 5.73565673828125
Test acc: 0.0048, IC acc: 0.0016, IC acc2: 0.0027, IW acc: 0.0171
Epoch: 1621, Loss: 5.777387619018555
Epoch: 1622, Loss: 5.736477851867676
Epoch: 1623, Loss: 5.813446044921875
Epoch: 1624, Loss: 5.7521491050720215
Epoch: 1625, Loss: 5.753921031951904
Epoch: 1626, Loss: 5.758421897888184
Epoch: 1627, Loss: 5.7544050216674805
Epoch: 1628, Loss: 5.761056900024414
Epoch: 1629, Loss: 5.705408573150635
Epoch: 1630, Loss: 5.760087966918945
Test acc: 0.0055, IC acc: 0.0016, IC acc2: 0.0027, IW acc: 0.018
Epoch: 1631, Loss: 5.761127948760986
Epoch: 1632, Loss: 5.7661519050598145
Epoch: 1633, Loss: 5.744334697723389
Epoch: 1634, Loss: 5.76964807510376
Epoch: 1635, Loss: 5.725994110107422
Epoch: 1636, Loss: 5.757831573486328
Epoch: 1637, Loss: 5.749342918395996
Epoch: 1638, Loss: 5.754148960113525
Epoch: 1639, Loss: 5.786141395568848
Epoch: 1640, Loss: 5.725063323974609
Test acc: 0.0058, IC acc: 0.0016, IC acc2: 0.0027, IW acc: 0.0203
Epoch: 1641, Loss: 5.743328094482422
Epoch: 1642, Loss: 5.717529296875
Epoch: 1643, Loss: 5.747535705566406
Epoch: 1644, Loss: 5.754966735839844
Epoch: 1645, Loss: 5.724562644958496
Epoch: 1646, Loss: 5.745253086090088
Epoch: 1647, Loss: 5.751328468322754
Epoch: 1648, Loss: 5.7644362449646
Epoch: 1649, Loss: 5.74932861328125
./circuit_plots/Unrestricted Disentangled|Readout|CN=0|B0=2|B1=3|K=1280|L=320|p_B=0.75|p_C=0.75|B=2|eps=0|e6550d4e-6d1e-4f62-89ea-caa9422ff06f/ already exists.
./circuit_plots/Unrestricted Disentangled|Readout|CN=0|B0=2|B1=3|K=1280|L=320|p_B=0.75|p_C=0.75|B=2|eps=0|e6550d4e-6d1e-4f62-89ea-caa9422ff06f/ already exists.
./circuit_plots/Unrestricted Disentangled|Readout|CN=0|B0=2|B1=3|K=1280|L=320|p_B=0.75|p_C=0.75|B=2|eps=0|e6550d4e-6d1e-4f62-89ea-caa9422ff06f/ already exists.
./circuit_plots/Unrestricted Disentangled|Readout|CN=0|B0=2|B1=3|K=1280|L=320|p_B=0.75|p_C=0.75|B=2|eps=0|e6550d4e-6d1e-4f62-89ea-caa9422ff06f/ already exists.
./circuit_plots/Unrestricted Disentangled|Readout|CN=0|B0=2|B1=3|K=1280|L=320|p_B=0.75|p_C=0.75|B=2|eps=0|e6550d4e-6d1e-4f62-89ea-caa9422ff06f/ already exists.
./circuit_plots/Unrestricted Disentangled|Readout|CN=0|B0=2|B1=3|K=1280|L=320|p_B=0.75|p_C=0.75|B=2|eps=0|e6550d4e-6d1e-4f62-89ea-caa9422ff06f/ already exists.
./circuit_plots/Unrestricted Disentangled|Readout|CN=0|B0=2|B1=3|K=1280|L=320|p_B=0.75|p_C=0.75|B=2|eps=0|e6550d4e-6d1e-4f62-89ea-caa9422ff06f/ already exists.
Epoch: 1650, Loss: 5.7314453125
Test acc: 0.0058, IC acc: 0.0016, IC acc2: 0.0027, IW acc: 0.0203
Epoch: 1651, Loss: 5.771877765655518
Epoch: 1652, Loss: 5.7790727615356445
Epoch: 1653, Loss: 5.750959873199463
Epoch: 1654, Loss: 5.73663330078125
Epoch: 1655, Loss: 5.746738910675049
Epoch: 1656, Loss: 5.817354202270508
Epoch: 1657, Loss: 5.751987457275391
Epoch: 1658, Loss: 5.743563175201416
Epoch: 1659, Loss: 5.790846824645996
Epoch: 1660, Loss: 5.751494407653809
Test acc: 0.0058, IC acc: 0.0016, IC acc2: 0.0027, IW acc: 0.0203
Epoch: 1661, Loss: 5.722177505493164
Epoch: 1662, Loss: 5.785098075866699
Epoch: 1663, Loss: 5.734832763671875
Epoch: 1664, Loss: 5.7370991706848145
Epoch: 1665, Loss: 5.7776665687561035
Epoch: 1666, Loss: 5.712954521179199
Epoch: 1667, Loss: 5.714748382568359
Epoch: 1668, Loss: 5.7647929191589355
Epoch: 1669, Loss: 5.719779968261719
Epoch: 1670, Loss: 5.773619651794434
Test acc: 0.0054, IC acc: 0.0016, IC acc2: 0.0027, IW acc: 0.0204
Epoch: 1671, Loss: 5.77076530456543
Epoch: 1672, Loss: 5.712045669555664
Epoch: 1673, Loss: 5.7717084884643555
Epoch: 1674, Loss: 5.767838478088379
Epoch: 1675, Loss: 5.752652645111084
Epoch: 1676, Loss: 5.7404022216796875
Epoch: 1677, Loss: 5.759121894836426
Epoch: 1678, Loss: 5.726634502410889
Epoch: 1679, Loss: 5.747530937194824
Epoch: 1680, Loss: 5.767524719238281
Test acc: 0.0051, IC acc: 0.0016, IC acc2: 0.0027, IW acc: 0.0194
Epoch: 1681, Loss: 5.746054172515869
Epoch: 1682, Loss: 5.699881553649902
Epoch: 1683, Loss: 5.735206604003906
Epoch: 1684, Loss: 5.7608442306518555
Epoch: 1685, Loss: 5.742561340332031
Epoch: 1686, Loss: 5.750462532043457
Epoch: 1687, Loss: 5.75660514831543
Epoch: 1688, Loss: 5.756830215454102
Epoch: 1689, Loss: 5.743436813354492
Epoch: 1690, Loss: 5.763023376464844
Test acc: 0.0055, IC acc: 0.0016, IC acc2: 0.0027, IW acc: 0.0211
Epoch: 1691, Loss: 5.769979476928711
Epoch: 1692, Loss: 5.728464126586914
Epoch: 1693, Loss: 5.737440586090088
Epoch: 1694, Loss: 5.750291347503662
Epoch: 1695, Loss: 5.749431610107422
Epoch: 1696, Loss: 5.738936901092529
Epoch: 1697, Loss: 5.7499237060546875
Epoch: 1698, Loss: 5.728660583496094
Epoch: 1699, Loss: 5.724002838134766
./circuit_plots/Unrestricted Disentangled|Readout|CN=0|B0=2|B1=3|K=1280|L=320|p_B=0.75|p_C=0.75|B=2|eps=0|e6550d4e-6d1e-4f62-89ea-caa9422ff06f/ already exists.
./circuit_plots/Unrestricted Disentangled|Readout|CN=0|B0=2|B1=3|K=1280|L=320|p_B=0.75|p_C=0.75|B=2|eps=0|e6550d4e-6d1e-4f62-89ea-caa9422ff06f/ already exists.
./circuit_plots/Unrestricted Disentangled|Readout|CN=0|B0=2|B1=3|K=1280|L=320|p_B=0.75|p_C=0.75|B=2|eps=0|e6550d4e-6d1e-4f62-89ea-caa9422ff06f/ already exists.
./circuit_plots/Unrestricted Disentangled|Readout|CN=0|B0=2|B1=3|K=1280|L=320|p_B=0.75|p_C=0.75|B=2|eps=0|e6550d4e-6d1e-4f62-89ea-caa9422ff06f/ already exists.
./circuit_plots/Unrestricted Disentangled|Readout|CN=0|B0=2|B1=3|K=1280|L=320|p_B=0.75|p_C=0.75|B=2|eps=0|e6550d4e-6d1e-4f62-89ea-caa9422ff06f/ already exists.
./circuit_plots/Unrestricted Disentangled|Readout|CN=0|B0=2|B1=3|K=1280|L=320|p_B=0.75|p_C=0.75|B=2|eps=0|e6550d4e-6d1e-4f62-89ea-caa9422ff06f/ already exists.
./circuit_plots/Unrestricted Disentangled|Readout|CN=0|B0=2|B1=3|K=1280|L=320|p_B=0.75|p_C=0.75|B=2|eps=0|e6550d4e-6d1e-4f62-89ea-caa9422ff06f/ already exists.
Epoch: 1700, Loss: 5.695509433746338
Test acc: 0.0055, IC acc: 0.0016, IC acc2: 0.0027, IW acc: 0.0211
Epoch: 1701, Loss: 5.717592239379883
Epoch: 1702, Loss: 5.731210231781006
Epoch: 1703, Loss: 5.722781181335449
Epoch: 1704, Loss: 5.7289228439331055
Epoch: 1705, Loss: 5.708408355712891
Epoch: 1706, Loss: 5.7990593910217285
Epoch: 1707, Loss: 5.745903491973877
Epoch: 1708, Loss: 5.792732238769531
Epoch: 1709, Loss: 5.759057998657227
Epoch: 1710, Loss: 5.7640557289123535
Test acc: 0.0064, IC acc: 0.0016, IC acc2: 0.0027, IW acc: 0.0233
Epoch: 1711, Loss: 5.732648849487305
Epoch: 1712, Loss: 5.7162041664123535
Epoch: 1713, Loss: 5.733781814575195
Epoch: 1714, Loss: 5.743079662322998
Epoch: 1715, Loss: 5.724167823791504
Epoch: 1716, Loss: 5.726439476013184
Epoch: 1717, Loss: 5.7822418212890625
Epoch: 1718, Loss: 5.764974594116211
Epoch: 1719, Loss: 5.777359962463379
Epoch: 1720, Loss: 5.791927337646484
Test acc: 0.0057, IC acc: 0.0016, IC acc2: 0.0027, IW acc: 0.0224
Epoch: 1721, Loss: 5.756394386291504
Epoch: 1722, Loss: 5.7281012535095215
Epoch: 1723, Loss: 5.78222131729126
Epoch: 1724, Loss: 5.738631248474121
Epoch: 1725, Loss: 5.7468976974487305
Epoch: 1726, Loss: 5.749812126159668
Epoch: 1727, Loss: 5.729926586151123
Epoch: 1728, Loss: 5.775381088256836
Epoch: 1729, Loss: 5.765812873840332
Epoch: 1730, Loss: 5.740645408630371
Test acc: 0.0064, IC acc: 0.0016, IC acc2: 0.0027, IW acc: 0.0241
Epoch: 1731, Loss: 5.712106704711914
Epoch: 1732, Loss: 5.7404093742370605
Epoch: 1733, Loss: 5.75261116027832
Epoch: 1734, Loss: 5.733767509460449
Epoch: 1735, Loss: 5.717901229858398
Epoch: 1736, Loss: 5.779630661010742
Epoch: 1737, Loss: 5.742918491363525
Epoch: 1738, Loss: 5.725590705871582
Epoch: 1739, Loss: 5.7562055587768555
Epoch: 1740, Loss: 5.745920181274414
Test acc: 0.0059, IC acc: 0.0016, IC acc2: 0.0027, IW acc: 0.0219
Epoch: 1741, Loss: 5.771359443664551
Epoch: 1742, Loss: 5.76772928237915
Epoch: 1743, Loss: 5.738321781158447
Epoch: 1744, Loss: 5.736740589141846
Epoch: 1745, Loss: 5.790965557098389
Epoch: 1746, Loss: 5.742719650268555
Epoch: 1747, Loss: 5.703932762145996
Epoch: 1748, Loss: 5.754092216491699
Epoch: 1749, Loss: 5.780255317687988
./circuit_plots/Unrestricted Disentangled|Readout|CN=0|B0=2|B1=3|K=1280|L=320|p_B=0.75|p_C=0.75|B=2|eps=0|e6550d4e-6d1e-4f62-89ea-caa9422ff06f/ already exists.
./circuit_plots/Unrestricted Disentangled|Readout|CN=0|B0=2|B1=3|K=1280|L=320|p_B=0.75|p_C=0.75|B=2|eps=0|e6550d4e-6d1e-4f62-89ea-caa9422ff06f/ already exists.
./circuit_plots/Unrestricted Disentangled|Readout|CN=0|B0=2|B1=3|K=1280|L=320|p_B=0.75|p_C=0.75|B=2|eps=0|e6550d4e-6d1e-4f62-89ea-caa9422ff06f/ already exists.
./circuit_plots/Unrestricted Disentangled|Readout|CN=0|B0=2|B1=3|K=1280|L=320|p_B=0.75|p_C=0.75|B=2|eps=0|e6550d4e-6d1e-4f62-89ea-caa9422ff06f/ already exists.
./circuit_plots/Unrestricted Disentangled|Readout|CN=0|B0=2|B1=3|K=1280|L=320|p_B=0.75|p_C=0.75|B=2|eps=0|e6550d4e-6d1e-4f62-89ea-caa9422ff06f/ already exists.
./circuit_plots/Unrestricted Disentangled|Readout|CN=0|B0=2|B1=3|K=1280|L=320|p_B=0.75|p_C=0.75|B=2|eps=0|e6550d4e-6d1e-4f62-89ea-caa9422ff06f/ already exists.
./circuit_plots/Unrestricted Disentangled|Readout|CN=0|B0=2|B1=3|K=1280|L=320|p_B=0.75|p_C=0.75|B=2|eps=0|e6550d4e-6d1e-4f62-89ea-caa9422ff06f/ already exists.
Epoch: 1750, Loss: 5.732340335845947
Test acc: 0.0064, IC acc: 0.0016, IC acc2: 0.0027, IW acc: 0.0241
Epoch: 1751, Loss: 5.723104953765869
Epoch: 1752, Loss: 5.762002944946289
Epoch: 1753, Loss: 5.713652610778809
Epoch: 1754, Loss: 5.703678607940674
Epoch: 1755, Loss: 5.7097487449646
Epoch: 1756, Loss: 5.77077579498291
Epoch: 1757, Loss: 5.77552604675293
Epoch: 1758, Loss: 5.752572059631348
Epoch: 1759, Loss: 5.718346118927002
Epoch: 1760, Loss: 5.770740509033203
Test acc: 0.0064, IC acc: 0.0016, IC acc2: 0.0027, IW acc: 0.0233
Epoch: 1761, Loss: 5.728096008300781
Epoch: 1762, Loss: 5.730550765991211
Epoch: 1763, Loss: 5.7840166091918945
Epoch: 1764, Loss: 5.737940788269043
Epoch: 1765, Loss: 5.782256126403809
Epoch: 1766, Loss: 5.762770175933838
Epoch: 1767, Loss: 5.716270923614502
Epoch: 1768, Loss: 5.745013236999512
Epoch: 1769, Loss: 5.7438435554504395
Epoch: 1770, Loss: 5.723360061645508
Test acc: 0.0064, IC acc: 0.0016, IC acc2: 0.0027, IW acc: 0.0241
Epoch: 1771, Loss: 5.750940322875977
Epoch: 1772, Loss: 5.717286109924316
Epoch: 1773, Loss: 5.747398376464844
Epoch: 1774, Loss: 5.7184953689575195
Epoch: 1775, Loss: 5.726748466491699
Epoch: 1776, Loss: 5.747799873352051
Epoch: 1777, Loss: 5.748819351196289
Epoch: 1778, Loss: 5.717277526855469
Epoch: 1779, Loss: 5.809270858764648
Epoch: 1780, Loss: 5.731016159057617
Test acc: 0.0064, IC acc: 0.0016, IC acc2: 0.0027, IW acc: 0.0241
Epoch: 1781, Loss: 5.730031967163086
Epoch: 1782, Loss: 5.801532745361328
Epoch: 1783, Loss: 5.755537509918213
Epoch: 1784, Loss: 5.739106178283691
Epoch: 1785, Loss: 5.760734558105469
Epoch: 1786, Loss: 5.7121663093566895
Epoch: 1787, Loss: 5.745020389556885
Epoch: 1788, Loss: 5.763643264770508
Epoch: 1789, Loss: 5.758851528167725
Epoch: 1790, Loss: 5.7516069412231445
Test acc: 0.0065, IC acc: 0.0016, IC acc2: 0.0027, IW acc: 0.024
Epoch: 1791, Loss: 5.745031356811523
Epoch: 1792, Loss: 5.716303825378418
Epoch: 1793, Loss: 5.756261348724365
Epoch: 1794, Loss: 5.668893814086914
Epoch: 1795, Loss: 5.7440338134765625
Epoch: 1796, Loss: 5.741117477416992
Epoch: 1797, Loss: 5.705584526062012
Epoch: 1798, Loss: 5.733494281768799
Epoch: 1799, Loss: 5.714275360107422
./circuit_plots/Unrestricted Disentangled|Readout|CN=0|B0=2|B1=3|K=1280|L=320|p_B=0.75|p_C=0.75|B=2|eps=0|e6550d4e-6d1e-4f62-89ea-caa9422ff06f/ already exists.
./circuit_plots/Unrestricted Disentangled|Readout|CN=0|B0=2|B1=3|K=1280|L=320|p_B=0.75|p_C=0.75|B=2|eps=0|e6550d4e-6d1e-4f62-89ea-caa9422ff06f/ already exists.
./circuit_plots/Unrestricted Disentangled|Readout|CN=0|B0=2|B1=3|K=1280|L=320|p_B=0.75|p_C=0.75|B=2|eps=0|e6550d4e-6d1e-4f62-89ea-caa9422ff06f/ already exists.
./circuit_plots/Unrestricted Disentangled|Readout|CN=0|B0=2|B1=3|K=1280|L=320|p_B=0.75|p_C=0.75|B=2|eps=0|e6550d4e-6d1e-4f62-89ea-caa9422ff06f/ already exists.
./circuit_plots/Unrestricted Disentangled|Readout|CN=0|B0=2|B1=3|K=1280|L=320|p_B=0.75|p_C=0.75|B=2|eps=0|e6550d4e-6d1e-4f62-89ea-caa9422ff06f/ already exists.
./circuit_plots/Unrestricted Disentangled|Readout|CN=0|B0=2|B1=3|K=1280|L=320|p_B=0.75|p_C=0.75|B=2|eps=0|e6550d4e-6d1e-4f62-89ea-caa9422ff06f/ already exists.
./circuit_plots/Unrestricted Disentangled|Readout|CN=0|B0=2|B1=3|K=1280|L=320|p_B=0.75|p_C=0.75|B=2|eps=0|e6550d4e-6d1e-4f62-89ea-caa9422ff06f/ already exists.
Epoch: 1800, Loss: 5.728547096252441
Test acc: 0.0065, IC acc: 0.0016, IC acc2: 0.0027, IW acc: 0.0248
Epoch: 1801, Loss: 5.7754292488098145
Epoch: 1802, Loss: 5.757689952850342
Epoch: 1803, Loss: 5.751387596130371
Epoch: 1804, Loss: 5.757370948791504
Epoch: 1805, Loss: 5.7266035079956055
Epoch: 1806, Loss: 5.7689924240112305
Epoch: 1807, Loss: 5.739800453186035
Epoch: 1808, Loss: 5.733176231384277
Epoch: 1809, Loss: 5.735797882080078
Epoch: 1810, Loss: 5.777344703674316
Test acc: 0.0064, IC acc: 0.0016, IC acc2: 0.0027, IW acc: 0.0241
Epoch: 1811, Loss: 5.736502647399902
Epoch: 1812, Loss: 5.712373733520508
Epoch: 1813, Loss: 5.785578727722168
Epoch: 1814, Loss: 5.779253959655762
Epoch: 1815, Loss: 5.7684006690979
Epoch: 1816, Loss: 5.768884658813477
Epoch: 1817, Loss: 5.732672691345215
Epoch: 1818, Loss: 5.741050720214844
Epoch: 1819, Loss: 5.758942604064941
Epoch: 1820, Loss: 5.741282939910889
Test acc: 0.0065, IC acc: 0.0016, IC acc2: 0.0027, IW acc: 0.0248
Epoch: 1821, Loss: 5.7400617599487305
Epoch: 1822, Loss: 5.780074596405029
Epoch: 1823, Loss: 5.7309370040893555
Epoch: 1824, Loss: 5.701687812805176
Epoch: 1825, Loss: 5.774774074554443
Epoch: 1826, Loss: 5.731839179992676
Epoch: 1827, Loss: 5.706368446350098
Epoch: 1828, Loss: 5.72752571105957
Epoch: 1829, Loss: 5.737051010131836
Epoch: 1830, Loss: 5.72213077545166
Test acc: 0.007, IC acc: 0.0016, IC acc2: 0.0027, IW acc: 0.0261
Epoch: 1831, Loss: 5.743720054626465
Epoch: 1832, Loss: 5.743341445922852
Epoch: 1833, Loss: 5.700618267059326
Epoch: 1834, Loss: 5.78666353225708
Epoch: 1835, Loss: 5.747722625732422
Epoch: 1836, Loss: 5.756638526916504
Epoch: 1837, Loss: 5.794182777404785
Epoch: 1838, Loss: 5.734925270080566
Epoch: 1839, Loss: 5.722470283508301
Epoch: 1840, Loss: 5.782560348510742
Test acc: 0.007, IC acc: 0.0016, IC acc2: 0.0027, IW acc: 0.0261
Epoch: 1841, Loss: 5.807767868041992
Epoch: 1842, Loss: 5.776247024536133
Epoch: 1843, Loss: 5.755210876464844
Epoch: 1844, Loss: 5.694186210632324
Epoch: 1845, Loss: 5.728314399719238
Epoch: 1846, Loss: 5.74296236038208
Epoch: 1847, Loss: 5.755000114440918
Epoch: 1848, Loss: 5.744317054748535
Epoch: 1849, Loss: 5.761246204376221
./circuit_plots/Unrestricted Disentangled|Readout|CN=0|B0=2|B1=3|K=1280|L=320|p_B=0.75|p_C=0.75|B=2|eps=0|e6550d4e-6d1e-4f62-89ea-caa9422ff06f/ already exists.
./circuit_plots/Unrestricted Disentangled|Readout|CN=0|B0=2|B1=3|K=1280|L=320|p_B=0.75|p_C=0.75|B=2|eps=0|e6550d4e-6d1e-4f62-89ea-caa9422ff06f/ already exists.
./circuit_plots/Unrestricted Disentangled|Readout|CN=0|B0=2|B1=3|K=1280|L=320|p_B=0.75|p_C=0.75|B=2|eps=0|e6550d4e-6d1e-4f62-89ea-caa9422ff06f/ already exists.
./circuit_plots/Unrestricted Disentangled|Readout|CN=0|B0=2|B1=3|K=1280|L=320|p_B=0.75|p_C=0.75|B=2|eps=0|e6550d4e-6d1e-4f62-89ea-caa9422ff06f/ already exists.
./circuit_plots/Unrestricted Disentangled|Readout|CN=0|B0=2|B1=3|K=1280|L=320|p_B=0.75|p_C=0.75|B=2|eps=0|e6550d4e-6d1e-4f62-89ea-caa9422ff06f/ already exists.
./circuit_plots/Unrestricted Disentangled|Readout|CN=0|B0=2|B1=3|K=1280|L=320|p_B=0.75|p_C=0.75|B=2|eps=0|e6550d4e-6d1e-4f62-89ea-caa9422ff06f/ already exists.
./circuit_plots/Unrestricted Disentangled|Readout|CN=0|B0=2|B1=3|K=1280|L=320|p_B=0.75|p_C=0.75|B=2|eps=0|e6550d4e-6d1e-4f62-89ea-caa9422ff06f/ already exists.
Epoch: 1850, Loss: 5.746370792388916
Test acc: 0.007, IC acc: 0.0016, IC acc2: 0.0027, IW acc: 0.0261
Epoch: 1851, Loss: 5.74415397644043
Epoch: 1852, Loss: 5.7254838943481445
Epoch: 1853, Loss: 5.748972415924072
Epoch: 1854, Loss: 5.750749588012695
Epoch: 1855, Loss: 5.715307712554932
Epoch: 1856, Loss: 5.765993118286133
Epoch: 1857, Loss: 5.7606282234191895
Epoch: 1858, Loss: 5.722681522369385
Epoch: 1859, Loss: 5.755137920379639
Epoch: 1860, Loss: 5.709741115570068
Test acc: 0.007, IC acc: 0.0016, IC acc2: 0.0027, IW acc: 0.0261
Epoch: 1861, Loss: 5.769090175628662
Epoch: 1862, Loss: 5.720685958862305
Epoch: 1863, Loss: 5.755523681640625
Epoch: 1864, Loss: 5.7592668533325195
Epoch: 1865, Loss: 5.7875518798828125
Epoch: 1866, Loss: 5.747931957244873
Epoch: 1867, Loss: 5.695070743560791
Epoch: 1868, Loss: 5.741201400756836
Epoch: 1869, Loss: 5.744819641113281
Epoch: 1870, Loss: 5.749383926391602
Test acc: 0.0074, IC acc: 0.0016, IC acc2: 0.0027, IW acc: 0.0279
Epoch: 1871, Loss: 5.726706504821777
Epoch: 1872, Loss: 5.7725677490234375
Epoch: 1873, Loss: 5.749642848968506
Epoch: 1874, Loss: 5.750380039215088
Epoch: 1875, Loss: 5.721513271331787
Epoch: 1876, Loss: 5.724445819854736
Epoch: 1877, Loss: 5.739581108093262
Epoch: 1878, Loss: 5.712248802185059
Epoch: 1879, Loss: 5.771257400512695
Epoch: 1880, Loss: 5.715055465698242
Test acc: 0.0079, IC acc: 0.0016, IC acc2: 0.0027, IW acc: 0.0296
Epoch: 1881, Loss: 5.729311943054199
Epoch: 1882, Loss: 5.687651634216309
Epoch: 1883, Loss: 5.740167617797852
Epoch: 1884, Loss: 5.667717456817627
Epoch: 1885, Loss: 5.8039093017578125
Epoch: 1886, Loss: 5.774218559265137
Epoch: 1887, Loss: 5.7542595863342285
Epoch: 1888, Loss: 5.78371524810791
Epoch: 1889, Loss: 5.707495212554932
Epoch: 1890, Loss: 5.728261947631836
Test acc: 0.0079, IC acc: 0.0016, IC acc2: 0.0027, IW acc: 0.0297
Epoch: 1891, Loss: 5.77247953414917
Epoch: 1892, Loss: 5.784738540649414
Epoch: 1893, Loss: 5.760358810424805
Epoch: 1894, Loss: 5.708693504333496
Epoch: 1895, Loss: 5.74716854095459
Epoch: 1896, Loss: 5.7002458572387695
Epoch: 1897, Loss: 5.731978893280029
Epoch: 1898, Loss: 5.682027816772461
Epoch: 1899, Loss: 5.7547101974487305
./circuit_plots/Unrestricted Disentangled|Readout|CN=0|B0=2|B1=3|K=1280|L=320|p_B=0.75|p_C=0.75|B=2|eps=0|e6550d4e-6d1e-4f62-89ea-caa9422ff06f/ already exists.
./circuit_plots/Unrestricted Disentangled|Readout|CN=0|B0=2|B1=3|K=1280|L=320|p_B=0.75|p_C=0.75|B=2|eps=0|e6550d4e-6d1e-4f62-89ea-caa9422ff06f/ already exists.
./circuit_plots/Unrestricted Disentangled|Readout|CN=0|B0=2|B1=3|K=1280|L=320|p_B=0.75|p_C=0.75|B=2|eps=0|e6550d4e-6d1e-4f62-89ea-caa9422ff06f/ already exists.
./circuit_plots/Unrestricted Disentangled|Readout|CN=0|B0=2|B1=3|K=1280|L=320|p_B=0.75|p_C=0.75|B=2|eps=0|e6550d4e-6d1e-4f62-89ea-caa9422ff06f/ already exists.
./circuit_plots/Unrestricted Disentangled|Readout|CN=0|B0=2|B1=3|K=1280|L=320|p_B=0.75|p_C=0.75|B=2|eps=0|e6550d4e-6d1e-4f62-89ea-caa9422ff06f/ already exists.
./circuit_plots/Unrestricted Disentangled|Readout|CN=0|B0=2|B1=3|K=1280|L=320|p_B=0.75|p_C=0.75|B=2|eps=0|e6550d4e-6d1e-4f62-89ea-caa9422ff06f/ already exists.
./circuit_plots/Unrestricted Disentangled|Readout|CN=0|B0=2|B1=3|K=1280|L=320|p_B=0.75|p_C=0.75|B=2|eps=0|e6550d4e-6d1e-4f62-89ea-caa9422ff06f/ already exists.
Epoch: 1900, Loss: 5.716665267944336
Test acc: 0.008, IC acc: 0.0016, IC acc2: 0.0027, IW acc: 0.0309
Epoch: 1901, Loss: 5.747380256652832
Epoch: 1902, Loss: 5.706811428070068
Epoch: 1903, Loss: 5.717098712921143
Epoch: 1904, Loss: 5.742404937744141
Epoch: 1905, Loss: 5.731828689575195
Epoch: 1906, Loss: 5.716001987457275
Epoch: 1907, Loss: 5.814180374145508
Epoch: 1908, Loss: 5.743590831756592
Epoch: 1909, Loss: 5.761402606964111
Epoch: 1910, Loss: 5.771302223205566
Test acc: 0.008, IC acc: 0.0016, IC acc2: 0.0027, IW acc: 0.0316
Epoch: 1911, Loss: 5.72287654876709
Epoch: 1912, Loss: 5.723927021026611
Epoch: 1913, Loss: 5.755364418029785
Epoch: 1914, Loss: 5.782652854919434
Epoch: 1915, Loss: 5.7536139488220215
Epoch: 1916, Loss: 5.7223358154296875
Epoch: 1917, Loss: 5.7742719650268555
Epoch: 1918, Loss: 5.763845920562744
Epoch: 1919, Loss: 5.772990703582764
Epoch: 1920, Loss: 5.743049621582031
Test acc: 0.0083, IC acc: 0.0016, IC acc2: 0.0027, IW acc: 0.0325
Epoch: 1921, Loss: 5.712751388549805
Epoch: 1922, Loss: 5.695652008056641
Epoch: 1923, Loss: 5.753042221069336
Epoch: 1924, Loss: 5.712684631347656
Epoch: 1925, Loss: 5.755056858062744
Epoch: 1926, Loss: 5.732575416564941
Epoch: 1927, Loss: 5.715019702911377
Epoch: 1928, Loss: 5.741814613342285
Epoch: 1929, Loss: 5.688966751098633
Epoch: 1930, Loss: 5.758496284484863
Test acc: 0.0087, IC acc: 0.0016, IC acc2: 0.0027, IW acc: 0.0337
Epoch: 1931, Loss: 5.75459098815918
Epoch: 1932, Loss: 5.767662048339844
Epoch: 1933, Loss: 5.720682144165039
Epoch: 1934, Loss: 5.739840030670166
Epoch: 1935, Loss: 5.742947578430176
Epoch: 1936, Loss: 5.71826171875
Epoch: 1937, Loss: 5.696393013000488
Epoch: 1938, Loss: 5.772341728210449
Epoch: 1939, Loss: 5.7531538009643555
Epoch: 1940, Loss: 5.7371826171875
Test acc: 0.0087, IC acc: 0.0016, IC acc2: 0.0027, IW acc: 0.0337
Epoch: 1941, Loss: 5.802700042724609
Epoch: 1942, Loss: 5.750302314758301
Epoch: 1943, Loss: 5.760316371917725
Epoch: 1944, Loss: 5.755337715148926
Epoch: 1945, Loss: 5.718306541442871
Epoch: 1946, Loss: 5.736512184143066
Epoch: 1947, Loss: 5.742244243621826
Epoch: 1948, Loss: 5.718442916870117
Epoch: 1949, Loss: 5.786863327026367
./circuit_plots/Unrestricted Disentangled|Readout|CN=0|B0=2|B1=3|K=1280|L=320|p_B=0.75|p_C=0.75|B=2|eps=0|e6550d4e-6d1e-4f62-89ea-caa9422ff06f/ already exists.
./circuit_plots/Unrestricted Disentangled|Readout|CN=0|B0=2|B1=3|K=1280|L=320|p_B=0.75|p_C=0.75|B=2|eps=0|e6550d4e-6d1e-4f62-89ea-caa9422ff06f/ already exists.
./circuit_plots/Unrestricted Disentangled|Readout|CN=0|B0=2|B1=3|K=1280|L=320|p_B=0.75|p_C=0.75|B=2|eps=0|e6550d4e-6d1e-4f62-89ea-caa9422ff06f/ already exists.
./circuit_plots/Unrestricted Disentangled|Readout|CN=0|B0=2|B1=3|K=1280|L=320|p_B=0.75|p_C=0.75|B=2|eps=0|e6550d4e-6d1e-4f62-89ea-caa9422ff06f/ already exists.
./circuit_plots/Unrestricted Disentangled|Readout|CN=0|B0=2|B1=3|K=1280|L=320|p_B=0.75|p_C=0.75|B=2|eps=0|e6550d4e-6d1e-4f62-89ea-caa9422ff06f/ already exists.
./circuit_plots/Unrestricted Disentangled|Readout|CN=0|B0=2|B1=3|K=1280|L=320|p_B=0.75|p_C=0.75|B=2|eps=0|e6550d4e-6d1e-4f62-89ea-caa9422ff06f/ already exists.
./circuit_plots/Unrestricted Disentangled|Readout|CN=0|B0=2|B1=3|K=1280|L=320|p_B=0.75|p_C=0.75|B=2|eps=0|e6550d4e-6d1e-4f62-89ea-caa9422ff06f/ already exists.
Epoch: 1950, Loss: 5.793545722961426
Test acc: 0.0088, IC acc: 0.0016, IC acc2: 0.0027, IW acc: 0.0343
Epoch: 1951, Loss: 5.752634525299072
Epoch: 1952, Loss: 5.705357551574707
Epoch: 1953, Loss: 5.745913505554199
Epoch: 1954, Loss: 5.745521068572998
Epoch: 1955, Loss: 5.802423477172852
Epoch: 1956, Loss: 5.734945774078369
Epoch: 1957, Loss: 5.80084753036499
Epoch: 1958, Loss: 5.7276411056518555
Epoch: 1959, Loss: 5.716775894165039
Epoch: 1960, Loss: 5.738055229187012
Test acc: 0.009, IC acc: 0.0016, IC acc2: 0.0027, IW acc: 0.0356
Epoch: 1961, Loss: 5.741943359375
Epoch: 1962, Loss: 5.747520446777344
Epoch: 1963, Loss: 5.7360520362854
Epoch: 1964, Loss: 5.739106178283691
Epoch: 1965, Loss: 5.759237289428711
Epoch: 1966, Loss: 5.730193138122559
Epoch: 1967, Loss: 5.757431507110596
Epoch: 1968, Loss: 5.750964164733887
Epoch: 1969, Loss: 5.7514448165893555
Epoch: 1970, Loss: 5.726508140563965
Test acc: 0.0089, IC acc: 0.0016, IC acc2: 0.0027, IW acc: 0.0348
Epoch: 1971, Loss: 5.755348205566406
Epoch: 1972, Loss: 5.734387397766113
Epoch: 1973, Loss: 5.67758846282959
Epoch: 1974, Loss: 5.715693950653076
Epoch: 1975, Loss: 5.742509365081787
Epoch: 1976, Loss: 5.725779056549072
Epoch: 1977, Loss: 5.7761735916137695
Epoch: 1978, Loss: 5.739459037780762
Epoch: 1979, Loss: 5.758904457092285
Epoch: 1980, Loss: 5.705676078796387
Test acc: 0.0097, IC acc: 0.0016, IC acc2: 0.0027, IW acc: 0.0368
Epoch: 1981, Loss: 5.753970146179199
Epoch: 1982, Loss: 5.755106449127197
Epoch: 1983, Loss: 5.69243049621582
Epoch: 1984, Loss: 5.744139671325684
Epoch: 1985, Loss: 5.697856426239014
Epoch: 1986, Loss: 5.73826789855957
Epoch: 1987, Loss: 5.740419387817383
Epoch: 1988, Loss: 5.718050956726074
Epoch: 1989, Loss: 5.756993770599365
Epoch: 1990, Loss: 5.784695148468018
Test acc: 0.0099, IC acc: 0.0016, IC acc2: 0.0035, IW acc: 0.0384
Epoch: 1991, Loss: 5.723117828369141
Epoch: 1992, Loss: 5.729418754577637
Epoch: 1993, Loss: 5.753911972045898
Epoch: 1994, Loss: 5.712874412536621
Epoch: 1995, Loss: 5.744844913482666
Epoch: 1996, Loss: 5.767317295074463
Epoch: 1997, Loss: 5.739383697509766
Epoch: 1998, Loss: 5.7327985763549805
Epoch: 1999, Loss: 5.697656631469727
./circuit_plots/Unrestricted Disentangled|Readout|CN=0|B0=2|B1=3|K=1280|L=320|p_B=0.75|p_C=0.75|B=2|eps=0|e6550d4e-6d1e-4f62-89ea-caa9422ff06f/ already exists.
./circuit_plots/Unrestricted Disentangled|Readout|CN=0|B0=2|B1=3|K=1280|L=320|p_B=0.75|p_C=0.75|B=2|eps=0|e6550d4e-6d1e-4f62-89ea-caa9422ff06f/ already exists.
./circuit_plots/Unrestricted Disentangled|Readout|CN=0|B0=2|B1=3|K=1280|L=320|p_B=0.75|p_C=0.75|B=2|eps=0|e6550d4e-6d1e-4f62-89ea-caa9422ff06f/ already exists.
./circuit_plots/Unrestricted Disentangled|Readout|CN=0|B0=2|B1=3|K=1280|L=320|p_B=0.75|p_C=0.75|B=2|eps=0|e6550d4e-6d1e-4f62-89ea-caa9422ff06f/ already exists.
./circuit_plots/Unrestricted Disentangled|Readout|CN=0|B0=2|B1=3|K=1280|L=320|p_B=0.75|p_C=0.75|B=2|eps=0|e6550d4e-6d1e-4f62-89ea-caa9422ff06f/ already exists.
./circuit_plots/Unrestricted Disentangled|Readout|CN=0|B0=2|B1=3|K=1280|L=320|p_B=0.75|p_C=0.75|B=2|eps=0|e6550d4e-6d1e-4f62-89ea-caa9422ff06f/ already exists.
./circuit_plots/Unrestricted Disentangled|Readout|CN=0|B0=2|B1=3|K=1280|L=320|p_B=0.75|p_C=0.75|B=2|eps=0|e6550d4e-6d1e-4f62-89ea-caa9422ff06f/ already exists.
Epoch: 2000, Loss: 5.7289323806762695
Test acc: 0.0098, IC acc: 0.0016, IC acc2: 0.0027, IW acc: 0.038
Epoch: 2001, Loss: 5.7350053787231445
Epoch: 2002, Loss: 5.713309288024902
Epoch: 2003, Loss: 5.736425876617432
Epoch: 2004, Loss: 5.723966121673584
Epoch: 2005, Loss: 5.738849639892578
Epoch: 2006, Loss: 5.719479560852051
Epoch: 2007, Loss: 5.729147911071777
Epoch: 2008, Loss: 5.7487664222717285
Epoch: 2009, Loss: 5.753754615783691
Epoch: 2010, Loss: 5.765900611877441
Test acc: 0.0103, IC acc: 0.0016, IC acc2: 0.0027, IW acc: 0.0398
Epoch: 2011, Loss: 5.76939582824707
Epoch: 2012, Loss: 5.748495101928711
Epoch: 2013, Loss: 5.743319511413574
Epoch: 2014, Loss: 5.735841751098633
Epoch: 2015, Loss: 5.75114107131958
Epoch: 2016, Loss: 5.746066093444824
Epoch: 2017, Loss: 5.75318717956543
Epoch: 2018, Loss: 5.7364654541015625
Epoch: 2019, Loss: 5.716747760772705
Epoch: 2020, Loss: 5.737653732299805
Test acc: 0.0103, IC acc: 0.0016, IC acc2: 0.0027, IW acc: 0.0398
Epoch: 2021, Loss: 5.736684799194336
Epoch: 2022, Loss: 5.757402420043945
Epoch: 2023, Loss: 5.765338897705078
Epoch: 2024, Loss: 5.761672496795654
Epoch: 2025, Loss: 5.716294288635254
Epoch: 2026, Loss: 5.733062744140625
Epoch: 2027, Loss: 5.739924430847168
Epoch: 2028, Loss: 5.684715747833252
Epoch: 2029, Loss: 5.696768283843994
Epoch: 2030, Loss: 5.759703636169434
Test acc: 0.0105, IC acc: 0.0016, IC acc2: 0.0035, IW acc: 0.0411
Epoch: 2031, Loss: 5.692262649536133
Epoch: 2032, Loss: 5.746535301208496
Epoch: 2033, Loss: 5.7652435302734375
Epoch: 2034, Loss: 5.759809494018555
Epoch: 2035, Loss: 5.711969375610352
Epoch: 2036, Loss: 5.763174057006836
Epoch: 2037, Loss: 5.717668056488037
Epoch: 2038, Loss: 5.761019706726074
Epoch: 2039, Loss: 5.753910541534424
Epoch: 2040, Loss: 5.721870422363281
Test acc: 0.0112, IC acc: 0.0016, IC acc2: 0.0035, IW acc: 0.0427
Epoch: 2041, Loss: 5.735559463500977
Epoch: 2042, Loss: 5.73278284072876
Epoch: 2043, Loss: 5.692684173583984
Epoch: 2044, Loss: 5.697696685791016
Epoch: 2045, Loss: 5.712954521179199
Epoch: 2046, Loss: 5.779589653015137
Epoch: 2047, Loss: 5.701216697692871
Epoch: 2048, Loss: 5.7242326736450195
Epoch: 2049, Loss: 5.71956729888916
./circuit_plots/Unrestricted Disentangled|Readout|CN=0|B0=2|B1=3|K=1280|L=320|p_B=0.75|p_C=0.75|B=2|eps=0|e6550d4e-6d1e-4f62-89ea-caa9422ff06f/ already exists.
./circuit_plots/Unrestricted Disentangled|Readout|CN=0|B0=2|B1=3|K=1280|L=320|p_B=0.75|p_C=0.75|B=2|eps=0|e6550d4e-6d1e-4f62-89ea-caa9422ff06f/ already exists.
./circuit_plots/Unrestricted Disentangled|Readout|CN=0|B0=2|B1=3|K=1280|L=320|p_B=0.75|p_C=0.75|B=2|eps=0|e6550d4e-6d1e-4f62-89ea-caa9422ff06f/ already exists.
./circuit_plots/Unrestricted Disentangled|Readout|CN=0|B0=2|B1=3|K=1280|L=320|p_B=0.75|p_C=0.75|B=2|eps=0|e6550d4e-6d1e-4f62-89ea-caa9422ff06f/ already exists.
./circuit_plots/Unrestricted Disentangled|Readout|CN=0|B0=2|B1=3|K=1280|L=320|p_B=0.75|p_C=0.75|B=2|eps=0|e6550d4e-6d1e-4f62-89ea-caa9422ff06f/ already exists.
./circuit_plots/Unrestricted Disentangled|Readout|CN=0|B0=2|B1=3|K=1280|L=320|p_B=0.75|p_C=0.75|B=2|eps=0|e6550d4e-6d1e-4f62-89ea-caa9422ff06f/ already exists.
./circuit_plots/Unrestricted Disentangled|Readout|CN=0|B0=2|B1=3|K=1280|L=320|p_B=0.75|p_C=0.75|B=2|eps=0|e6550d4e-6d1e-4f62-89ea-caa9422ff06f/ already exists.
Epoch: 2050, Loss: 5.7413225173950195
Test acc: 0.0116, IC acc: 0.0016, IC acc2: 0.0035, IW acc: 0.0432
Epoch: 2051, Loss: 5.76910924911499
Epoch: 2052, Loss: 5.796712398529053
Epoch: 2053, Loss: 5.730094909667969
Epoch: 2054, Loss: 5.773095607757568
Epoch: 2055, Loss: 5.7139692306518555
Epoch: 2056, Loss: 5.732516288757324
Epoch: 2057, Loss: 5.773002624511719
Epoch: 2058, Loss: 5.711855888366699
Epoch: 2059, Loss: 5.718358039855957
Epoch: 2060, Loss: 5.731943130493164
Test acc: 0.0116, IC acc: 0.0016, IC acc2: 0.0035, IW acc: 0.0432
Epoch: 2061, Loss: 5.710022926330566
Epoch: 2062, Loss: 5.769079208374023
Epoch: 2063, Loss: 5.737655162811279
Epoch: 2064, Loss: 5.714244842529297
Epoch: 2065, Loss: 5.767815589904785
Epoch: 2066, Loss: 5.746111869812012
Epoch: 2067, Loss: 5.73752498626709
Epoch: 2068, Loss: 5.734378337860107
Epoch: 2069, Loss: 5.765944957733154
Epoch: 2070, Loss: 5.748940467834473
Test acc: 0.0116, IC acc: 0.0016, IC acc2: 0.0035, IW acc: 0.0432
Epoch: 2071, Loss: 5.742101192474365
Epoch: 2072, Loss: 5.698798179626465
Epoch: 2073, Loss: 5.70841121673584
Epoch: 2074, Loss: 5.768182277679443
Epoch: 2075, Loss: 5.707770824432373
Epoch: 2076, Loss: 5.701474189758301
Epoch: 2077, Loss: 5.75775146484375
Epoch: 2078, Loss: 5.737931251525879
Epoch: 2079, Loss: 5.7495269775390625
Epoch: 2080, Loss: 5.755753517150879
Test acc: 0.0108, IC acc: 0.0016, IC acc2: 0.0035, IW acc: 0.0415
Epoch: 2081, Loss: 5.706691265106201
Epoch: 2082, Loss: 5.707248687744141
Epoch: 2083, Loss: 5.716259002685547
Epoch: 2084, Loss: 5.708781719207764
Epoch: 2085, Loss: 5.7192583084106445
Epoch: 2086, Loss: 5.782881736755371
Epoch: 2087, Loss: 5.686595916748047
Epoch: 2088, Loss: 5.778468132019043
Epoch: 2089, Loss: 5.739007949829102
Epoch: 2090, Loss: 5.7318830490112305
Test acc: 0.0109, IC acc: 0.0016, IC acc2: 0.0035, IW acc: 0.0418
Epoch: 2091, Loss: 5.7210307121276855
Epoch: 2092, Loss: 5.701098442077637
Epoch: 2093, Loss: 5.727995872497559
Epoch: 2094, Loss: 5.714502334594727
Epoch: 2095, Loss: 5.750136375427246
Epoch: 2096, Loss: 5.75063419342041
Epoch: 2097, Loss: 5.731150150299072
Epoch: 2098, Loss: 5.732775688171387
Epoch: 2099, Loss: 5.760922908782959
./circuit_plots/Unrestricted Disentangled|Readout|CN=0|B0=2|B1=3|K=1280|L=320|p_B=0.75|p_C=0.75|B=2|eps=0|e6550d4e-6d1e-4f62-89ea-caa9422ff06f/ already exists.
./circuit_plots/Unrestricted Disentangled|Readout|CN=0|B0=2|B1=3|K=1280|L=320|p_B=0.75|p_C=0.75|B=2|eps=0|e6550d4e-6d1e-4f62-89ea-caa9422ff06f/ already exists.
./circuit_plots/Unrestricted Disentangled|Readout|CN=0|B0=2|B1=3|K=1280|L=320|p_B=0.75|p_C=0.75|B=2|eps=0|e6550d4e-6d1e-4f62-89ea-caa9422ff06f/ already exists.
./circuit_plots/Unrestricted Disentangled|Readout|CN=0|B0=2|B1=3|K=1280|L=320|p_B=0.75|p_C=0.75|B=2|eps=0|e6550d4e-6d1e-4f62-89ea-caa9422ff06f/ already exists.
./circuit_plots/Unrestricted Disentangled|Readout|CN=0|B0=2|B1=3|K=1280|L=320|p_B=0.75|p_C=0.75|B=2|eps=0|e6550d4e-6d1e-4f62-89ea-caa9422ff06f/ already exists.
./circuit_plots/Unrestricted Disentangled|Readout|CN=0|B0=2|B1=3|K=1280|L=320|p_B=0.75|p_C=0.75|B=2|eps=0|e6550d4e-6d1e-4f62-89ea-caa9422ff06f/ already exists.
./circuit_plots/Unrestricted Disentangled|Readout|CN=0|B0=2|B1=3|K=1280|L=320|p_B=0.75|p_C=0.75|B=2|eps=0|e6550d4e-6d1e-4f62-89ea-caa9422ff06f/ already exists.
Epoch: 2100, Loss: 5.701425075531006
Test acc: 0.0109, IC acc: 0.0016, IC acc2: 0.0035, IW acc: 0.0418
Epoch: 2101, Loss: 5.726200580596924
Epoch: 2102, Loss: 5.764885902404785
Epoch: 2103, Loss: 5.763667106628418
Epoch: 2104, Loss: 5.746760368347168
Epoch: 2105, Loss: 5.7292280197143555
Epoch: 2106, Loss: 5.761425018310547
Epoch: 2107, Loss: 5.71649169921875
Epoch: 2108, Loss: 5.7207183837890625
Epoch: 2109, Loss: 5.770754814147949
Epoch: 2110, Loss: 5.739490985870361
Test acc: 0.0117, IC acc: 0.0016, IC acc2: 0.0035, IW acc: 0.0435
Epoch: 2111, Loss: 5.720078468322754
Epoch: 2112, Loss: 5.754193305969238
Epoch: 2113, Loss: 5.6734700202941895
Epoch: 2114, Loss: 5.7351179122924805
Epoch: 2115, Loss: 5.739161491394043
Epoch: 2116, Loss: 5.6880059242248535
Epoch: 2117, Loss: 5.703978538513184
Epoch: 2118, Loss: 5.733781814575195
Epoch: 2119, Loss: 5.67362117767334
Epoch: 2120, Loss: 5.727307319641113
Test acc: 0.0111, IC acc: 0.0016, IC acc2: 0.0035, IW acc: 0.0431
Epoch: 2121, Loss: 5.723703861236572
Epoch: 2122, Loss: 5.750610828399658
Epoch: 2123, Loss: 5.72688627243042
Epoch: 2124, Loss: 5.720412731170654
Epoch: 2125, Loss: 5.753169536590576
Epoch: 2126, Loss: 5.735194683074951
Epoch: 2127, Loss: 5.7580671310424805
Epoch: 2128, Loss: 5.740446090698242
Epoch: 2129, Loss: 5.757957458496094
Epoch: 2130, Loss: 5.731284141540527
Test acc: 0.0115, IC acc: 0.0016, IC acc2: 0.0035, IW acc: 0.0422
Epoch: 2131, Loss: 5.723940849304199
Epoch: 2132, Loss: 5.7311625480651855
Epoch: 2133, Loss: 5.741492748260498
Epoch: 2134, Loss: 5.773776054382324
Epoch: 2135, Loss: 5.696791648864746
Epoch: 2136, Loss: 5.733637809753418
Epoch: 2137, Loss: 5.736985206604004
Epoch: 2138, Loss: 5.721489429473877
Epoch: 2139, Loss: 5.702171325683594
Epoch: 2140, Loss: 5.769134998321533
Test acc: 0.0116, IC acc: 0.0016, IC acc2: 0.0035, IW acc: 0.0428
Epoch: 2141, Loss: 5.753818511962891
Epoch: 2142, Loss: 5.760071754455566
Epoch: 2143, Loss: 5.767163276672363
Epoch: 2144, Loss: 5.716662406921387
Epoch: 2145, Loss: 5.733709335327148
Epoch: 2146, Loss: 5.728918075561523
Epoch: 2147, Loss: 5.725661277770996
Epoch: 2148, Loss: 5.727095127105713
Epoch: 2149, Loss: 5.68488883972168
./circuit_plots/Unrestricted Disentangled|Readout|CN=0|B0=2|B1=3|K=1280|L=320|p_B=0.75|p_C=0.75|B=2|eps=0|e6550d4e-6d1e-4f62-89ea-caa9422ff06f/ already exists.
./circuit_plots/Unrestricted Disentangled|Readout|CN=0|B0=2|B1=3|K=1280|L=320|p_B=0.75|p_C=0.75|B=2|eps=0|e6550d4e-6d1e-4f62-89ea-caa9422ff06f/ already exists.
./circuit_plots/Unrestricted Disentangled|Readout|CN=0|B0=2|B1=3|K=1280|L=320|p_B=0.75|p_C=0.75|B=2|eps=0|e6550d4e-6d1e-4f62-89ea-caa9422ff06f/ already exists.
./circuit_plots/Unrestricted Disentangled|Readout|CN=0|B0=2|B1=3|K=1280|L=320|p_B=0.75|p_C=0.75|B=2|eps=0|e6550d4e-6d1e-4f62-89ea-caa9422ff06f/ already exists.
./circuit_plots/Unrestricted Disentangled|Readout|CN=0|B0=2|B1=3|K=1280|L=320|p_B=0.75|p_C=0.75|B=2|eps=0|e6550d4e-6d1e-4f62-89ea-caa9422ff06f/ already exists.
./circuit_plots/Unrestricted Disentangled|Readout|CN=0|B0=2|B1=3|K=1280|L=320|p_B=0.75|p_C=0.75|B=2|eps=0|e6550d4e-6d1e-4f62-89ea-caa9422ff06f/ already exists.
./circuit_plots/Unrestricted Disentangled|Readout|CN=0|B0=2|B1=3|K=1280|L=320|p_B=0.75|p_C=0.75|B=2|eps=0|e6550d4e-6d1e-4f62-89ea-caa9422ff06f/ already exists.
Epoch: 2150, Loss: 5.773077011108398
Test acc: 0.0116, IC acc: 0.0016, IC acc2: 0.0035, IW acc: 0.0428
Epoch: 2151, Loss: 5.722539901733398
Epoch: 2152, Loss: 5.725229263305664
Epoch: 2153, Loss: 5.719356536865234
Epoch: 2154, Loss: 5.744601249694824
Epoch: 2155, Loss: 5.74722146987915
Epoch: 2156, Loss: 5.744631767272949
Epoch: 2157, Loss: 5.750044345855713
Epoch: 2158, Loss: 5.77607536315918
Epoch: 2159, Loss: 5.728511810302734
Epoch: 2160, Loss: 5.752046585083008
Test acc: 0.0118, IC acc: 0.0016, IC acc2: 0.0035, IW acc: 0.0441
Epoch: 2161, Loss: 5.715884208679199
Epoch: 2162, Loss: 5.744593143463135
Epoch: 2163, Loss: 5.7226104736328125
Epoch: 2164, Loss: 5.734739303588867
Epoch: 2165, Loss: 5.703243255615234
Epoch: 2166, Loss: 5.731614112854004
Epoch: 2167, Loss: 5.741294860839844
Epoch: 2168, Loss: 5.750622749328613
Epoch: 2169, Loss: 5.711954116821289
Epoch: 2170, Loss: 5.724578857421875
Test acc: 0.012, IC acc: 0.0016, IC acc2: 0.0035, IW acc: 0.0447
Epoch: 2171, Loss: 5.7575201988220215
Epoch: 2172, Loss: 5.729252815246582
Epoch: 2173, Loss: 5.768159866333008
Epoch: 2174, Loss: 5.749403953552246
Epoch: 2175, Loss: 5.687335968017578
Epoch: 2176, Loss: 5.758559703826904
Epoch: 2177, Loss: 5.701631546020508
Epoch: 2178, Loss: 5.779648303985596
Epoch: 2179, Loss: 5.757270336151123
Epoch: 2180, Loss: 5.733482360839844
Test acc: 0.012, IC acc: 0.0016, IC acc2: 0.0035, IW acc: 0.0451
Epoch: 2181, Loss: 5.737512588500977
Epoch: 2182, Loss: 5.7567219734191895
Epoch: 2183, Loss: 5.722899913787842
Epoch: 2184, Loss: 5.740706443786621
Epoch: 2185, Loss: 5.726678848266602
Epoch: 2186, Loss: 5.747204780578613
Epoch: 2187, Loss: 5.716983795166016
Epoch: 2188, Loss: 5.752803802490234
Epoch: 2189, Loss: 5.703906536102295
Epoch: 2190, Loss: 5.745377540588379
Test acc: 0.012, IC acc: 0.0016, IC acc2: 0.0035, IW acc: 0.0463
Epoch: 2191, Loss: 5.734447479248047
Epoch: 2192, Loss: 5.716899871826172
Epoch: 2193, Loss: 5.753127098083496
Epoch: 2194, Loss: 5.785555362701416
Epoch: 2195, Loss: 5.775135040283203
Epoch: 2196, Loss: 5.744351387023926
Epoch: 2197, Loss: 5.7286858558654785
Epoch: 2198, Loss: 5.687082290649414
Epoch: 2199, Loss: 5.733345031738281
./circuit_plots/Unrestricted Disentangled|Readout|CN=0|B0=2|B1=3|K=1280|L=320|p_B=0.75|p_C=0.75|B=2|eps=0|e6550d4e-6d1e-4f62-89ea-caa9422ff06f/ already exists.
./circuit_plots/Unrestricted Disentangled|Readout|CN=0|B0=2|B1=3|K=1280|L=320|p_B=0.75|p_C=0.75|B=2|eps=0|e6550d4e-6d1e-4f62-89ea-caa9422ff06f/ already exists.
./circuit_plots/Unrestricted Disentangled|Readout|CN=0|B0=2|B1=3|K=1280|L=320|p_B=0.75|p_C=0.75|B=2|eps=0|e6550d4e-6d1e-4f62-89ea-caa9422ff06f/ already exists.
./circuit_plots/Unrestricted Disentangled|Readout|CN=0|B0=2|B1=3|K=1280|L=320|p_B=0.75|p_C=0.75|B=2|eps=0|e6550d4e-6d1e-4f62-89ea-caa9422ff06f/ already exists.
./circuit_plots/Unrestricted Disentangled|Readout|CN=0|B0=2|B1=3|K=1280|L=320|p_B=0.75|p_C=0.75|B=2|eps=0|e6550d4e-6d1e-4f62-89ea-caa9422ff06f/ already exists.
./circuit_plots/Unrestricted Disentangled|Readout|CN=0|B0=2|B1=3|K=1280|L=320|p_B=0.75|p_C=0.75|B=2|eps=0|e6550d4e-6d1e-4f62-89ea-caa9422ff06f/ already exists.
./circuit_plots/Unrestricted Disentangled|Readout|CN=0|B0=2|B1=3|K=1280|L=320|p_B=0.75|p_C=0.75|B=2|eps=0|e6550d4e-6d1e-4f62-89ea-caa9422ff06f/ already exists.
Epoch: 2200, Loss: 5.739509582519531
Test acc: 0.0121, IC acc: 0.0016, IC acc2: 0.0035, IW acc: 0.047
Epoch: 2201, Loss: 5.730920791625977
Epoch: 2202, Loss: 5.716353416442871
Epoch: 2203, Loss: 5.719887733459473
Epoch: 2204, Loss: 5.742228984832764
Epoch: 2205, Loss: 5.741027355194092
Epoch: 2206, Loss: 5.774096488952637
Epoch: 2207, Loss: 5.754764556884766
Epoch: 2208, Loss: 5.732637405395508
Epoch: 2209, Loss: 5.7305073738098145
Epoch: 2210, Loss: 5.706671237945557
Test acc: 0.0121, IC acc: 0.0016, IC acc2: 0.0035, IW acc: 0.047
Epoch: 2211, Loss: 5.692350387573242
Epoch: 2212, Loss: 5.734152793884277
Epoch: 2213, Loss: 5.7564263343811035
Epoch: 2214, Loss: 5.764550685882568
Epoch: 2215, Loss: 5.728623390197754
Epoch: 2216, Loss: 5.715719223022461
Epoch: 2217, Loss: 5.743448257446289
Epoch: 2218, Loss: 5.701690673828125
Epoch: 2219, Loss: 5.726335525512695
Epoch: 2220, Loss: 5.721529483795166
Test acc: 0.0121, IC acc: 0.0016, IC acc2: 0.0035, IW acc: 0.048
Epoch: 2221, Loss: 5.741522312164307
Epoch: 2222, Loss: 5.778008937835693
Epoch: 2223, Loss: 5.741395473480225
Epoch: 2224, Loss: 5.735262870788574
Epoch: 2225, Loss: 5.744638442993164
Epoch: 2226, Loss: 5.710353851318359
Epoch: 2227, Loss: 5.754642486572266
Epoch: 2228, Loss: 5.750548362731934
Epoch: 2229, Loss: 5.710246562957764
Epoch: 2230, Loss: 5.723824501037598
Test acc: 0.0121, IC acc: 0.0016, IC acc2: 0.0035, IW acc: 0.0484
Epoch: 2231, Loss: 5.744016647338867
Epoch: 2232, Loss: 5.712904930114746
Epoch: 2233, Loss: 5.749119758605957
Epoch: 2234, Loss: 5.765650272369385
Epoch: 2235, Loss: 5.735483169555664
Epoch: 2236, Loss: 5.743288516998291
Epoch: 2237, Loss: 5.72244119644165
Epoch: 2238, Loss: 5.802946090698242
Epoch: 2239, Loss: 5.731508255004883
Epoch: 2240, Loss: 5.768899917602539
Test acc: 0.012, IC acc: 0.0016, IC acc2: 0.0035, IW acc: 0.0496
Epoch: 2241, Loss: 5.708298206329346
Epoch: 2242, Loss: 5.722958564758301
Epoch: 2243, Loss: 5.7004313468933105
Epoch: 2244, Loss: 5.711684226989746
Epoch: 2245, Loss: 5.733638763427734
Epoch: 2246, Loss: 5.729880332946777
Epoch: 2247, Loss: 5.7870635986328125
Epoch: 2248, Loss: 5.721078872680664
Epoch: 2249, Loss: 5.740293502807617
./circuit_plots/Unrestricted Disentangled|Readout|CN=0|B0=2|B1=3|K=1280|L=320|p_B=0.75|p_C=0.75|B=2|eps=0|e6550d4e-6d1e-4f62-89ea-caa9422ff06f/ already exists.
./circuit_plots/Unrestricted Disentangled|Readout|CN=0|B0=2|B1=3|K=1280|L=320|p_B=0.75|p_C=0.75|B=2|eps=0|e6550d4e-6d1e-4f62-89ea-caa9422ff06f/ already exists.
./circuit_plots/Unrestricted Disentangled|Readout|CN=0|B0=2|B1=3|K=1280|L=320|p_B=0.75|p_C=0.75|B=2|eps=0|e6550d4e-6d1e-4f62-89ea-caa9422ff06f/ already exists.
./circuit_plots/Unrestricted Disentangled|Readout|CN=0|B0=2|B1=3|K=1280|L=320|p_B=0.75|p_C=0.75|B=2|eps=0|e6550d4e-6d1e-4f62-89ea-caa9422ff06f/ already exists.
./circuit_plots/Unrestricted Disentangled|Readout|CN=0|B0=2|B1=3|K=1280|L=320|p_B=0.75|p_C=0.75|B=2|eps=0|e6550d4e-6d1e-4f62-89ea-caa9422ff06f/ already exists.
./circuit_plots/Unrestricted Disentangled|Readout|CN=0|B0=2|B1=3|K=1280|L=320|p_B=0.75|p_C=0.75|B=2|eps=0|e6550d4e-6d1e-4f62-89ea-caa9422ff06f/ already exists.
./circuit_plots/Unrestricted Disentangled|Readout|CN=0|B0=2|B1=3|K=1280|L=320|p_B=0.75|p_C=0.75|B=2|eps=0|e6550d4e-6d1e-4f62-89ea-caa9422ff06f/ already exists.
Epoch: 2250, Loss: 5.744144439697266
Test acc: 0.0119, IC acc: 0.0016, IC acc2: 0.0035, IW acc: 0.0498
Epoch: 2251, Loss: 5.712895393371582
Epoch: 2252, Loss: 5.7192463874816895
Epoch: 2253, Loss: 5.742011547088623
Epoch: 2254, Loss: 5.724737167358398
Epoch: 2255, Loss: 5.712714195251465
Epoch: 2256, Loss: 5.7161865234375
Epoch: 2257, Loss: 5.731729507446289
Epoch: 2258, Loss: 5.748958110809326
Epoch: 2259, Loss: 5.746523857116699
Epoch: 2260, Loss: 5.769528388977051
Test acc: 0.0119, IC acc: 0.0016, IC acc2: 0.0035, IW acc: 0.0498
Epoch: 2261, Loss: 5.699479103088379
Epoch: 2262, Loss: 5.714581489562988
Epoch: 2263, Loss: 5.742735385894775
Epoch: 2264, Loss: 5.74527645111084
Epoch: 2265, Loss: 5.734972953796387
Epoch: 2266, Loss: 5.730297088623047
Epoch: 2267, Loss: 5.766887664794922
Epoch: 2268, Loss: 5.704141139984131
Epoch: 2269, Loss: 5.729236602783203
Epoch: 2270, Loss: 5.7870330810546875
Test acc: 0.0119, IC acc: 0.0016, IC acc2: 0.0035, IW acc: 0.0506
Epoch: 2271, Loss: 5.7551116943359375
Epoch: 2272, Loss: 5.721951484680176
Epoch: 2273, Loss: 5.737150192260742
Epoch: 2274, Loss: 5.662693500518799
Epoch: 2275, Loss: 5.7005157470703125
Epoch: 2276, Loss: 5.753076553344727
Epoch: 2277, Loss: 5.718763828277588
Epoch: 2278, Loss: 5.7661871910095215
Epoch: 2279, Loss: 5.7431182861328125
Epoch: 2280, Loss: 5.718508720397949
Test acc: 0.0125, IC acc: 0.0016, IC acc2: 0.0035, IW acc: 0.0502
Epoch: 2281, Loss: 5.744140625
Epoch: 2282, Loss: 5.7356414794921875
Epoch: 2283, Loss: 5.744274139404297
Epoch: 2284, Loss: 5.7266035079956055
Epoch: 2285, Loss: 5.7612385749816895
Epoch: 2286, Loss: 5.705348014831543
Epoch: 2287, Loss: 5.715726375579834
Epoch: 2288, Loss: 5.733432292938232
Epoch: 2289, Loss: 5.709671974182129
Epoch: 2290, Loss: 5.734027862548828
Test acc: 0.0125, IC acc: 0.0016, IC acc2: 0.0035, IW acc: 0.051
Epoch: 2291, Loss: 5.703996658325195
Epoch: 2292, Loss: 5.753734588623047
Epoch: 2293, Loss: 5.741310119628906
Epoch: 2294, Loss: 5.761970520019531
Epoch: 2295, Loss: 5.687202453613281
Epoch: 2296, Loss: 5.762399196624756
Epoch: 2297, Loss: 5.736712455749512
Epoch: 2298, Loss: 5.7201762199401855
Epoch: 2299, Loss: 5.737822532653809
./circuit_plots/Unrestricted Disentangled|Readout|CN=0|B0=2|B1=3|K=1280|L=320|p_B=0.75|p_C=0.75|B=2|eps=0|e6550d4e-6d1e-4f62-89ea-caa9422ff06f/ already exists.
./circuit_plots/Unrestricted Disentangled|Readout|CN=0|B0=2|B1=3|K=1280|L=320|p_B=0.75|p_C=0.75|B=2|eps=0|e6550d4e-6d1e-4f62-89ea-caa9422ff06f/ already exists.
./circuit_plots/Unrestricted Disentangled|Readout|CN=0|B0=2|B1=3|K=1280|L=320|p_B=0.75|p_C=0.75|B=2|eps=0|e6550d4e-6d1e-4f62-89ea-caa9422ff06f/ already exists.
./circuit_plots/Unrestricted Disentangled|Readout|CN=0|B0=2|B1=3|K=1280|L=320|p_B=0.75|p_C=0.75|B=2|eps=0|e6550d4e-6d1e-4f62-89ea-caa9422ff06f/ already exists.
./circuit_plots/Unrestricted Disentangled|Readout|CN=0|B0=2|B1=3|K=1280|L=320|p_B=0.75|p_C=0.75|B=2|eps=0|e6550d4e-6d1e-4f62-89ea-caa9422ff06f/ already exists.
./circuit_plots/Unrestricted Disentangled|Readout|CN=0|B0=2|B1=3|K=1280|L=320|p_B=0.75|p_C=0.75|B=2|eps=0|e6550d4e-6d1e-4f62-89ea-caa9422ff06f/ already exists.
./circuit_plots/Unrestricted Disentangled|Readout|CN=0|B0=2|B1=3|K=1280|L=320|p_B=0.75|p_C=0.75|B=2|eps=0|e6550d4e-6d1e-4f62-89ea-caa9422ff06f/ already exists.
Epoch: 2300, Loss: 5.727889060974121
Test acc: 0.0125, IC acc: 0.0016, IC acc2: 0.0035, IW acc: 0.051
Epoch: 2301, Loss: 5.756566047668457
Epoch: 2302, Loss: 5.7542290687561035
Epoch: 2303, Loss: 5.7520551681518555
Epoch: 2304, Loss: 5.824663162231445
Epoch: 2305, Loss: 5.733011245727539
Epoch: 2306, Loss: 5.681018829345703
Epoch: 2307, Loss: 5.728515625
Epoch: 2308, Loss: 5.7288312911987305
Epoch: 2309, Loss: 5.736114501953125
Epoch: 2310, Loss: 5.753889560699463
Test acc: 0.0127, IC acc: 0.0016, IC acc2: 0.0035, IW acc: 0.052
Epoch: 2311, Loss: 5.733242511749268
Epoch: 2312, Loss: 5.73901891708374
Epoch: 2313, Loss: 5.733209133148193
Epoch: 2314, Loss: 5.716132164001465
Epoch: 2315, Loss: 5.750083923339844
Epoch: 2316, Loss: 5.711150646209717
Epoch: 2317, Loss: 5.712632179260254
Epoch: 2318, Loss: 5.744318962097168
Epoch: 2319, Loss: 5.730293273925781
Epoch: 2320, Loss: 5.729275703430176
Test acc: 0.0127, IC acc: 0.0025, IC acc2: 0.0035, IW acc: 0.052
Epoch: 2321, Loss: 5.7703704833984375
Epoch: 2322, Loss: 5.774038791656494
Epoch: 2323, Loss: 5.708836555480957
Epoch: 2324, Loss: 5.709227561950684
Epoch: 2325, Loss: 5.718719482421875
Epoch: 2326, Loss: 5.68983793258667
Epoch: 2327, Loss: 5.730408191680908
Epoch: 2328, Loss: 5.719021797180176
Epoch: 2329, Loss: 5.749345779418945
Epoch: 2330, Loss: 5.677405834197998
Test acc: 0.013, IC acc: 0.0025, IC acc2: 0.0035, IW acc: 0.0526
Epoch: 2331, Loss: 5.735446929931641
Epoch: 2332, Loss: 5.73750114440918
Epoch: 2333, Loss: 5.693692684173584
Epoch: 2334, Loss: 5.729783535003662
Epoch: 2335, Loss: 5.738711357116699
Epoch: 2336, Loss: 5.7394256591796875
Epoch: 2337, Loss: 5.736152172088623
Epoch: 2338, Loss: 5.7106146812438965
Epoch: 2339, Loss: 5.6864705085754395
Epoch: 2340, Loss: 5.757256507873535
Test acc: 0.0138, IC acc: 0.0025, IC acc2: 0.0035, IW acc: 0.0553
Epoch: 2341, Loss: 5.750807285308838
Epoch: 2342, Loss: 5.717759609222412
Epoch: 2343, Loss: 5.7249908447265625
Epoch: 2344, Loss: 5.728557586669922
Epoch: 2345, Loss: 5.728842735290527
Epoch: 2346, Loss: 5.718512058258057
Epoch: 2347, Loss: 5.750660419464111
Epoch: 2348, Loss: 5.6546220779418945
Epoch: 2349, Loss: 5.7689385414123535
./circuit_plots/Unrestricted Disentangled|Readout|CN=0|B0=2|B1=3|K=1280|L=320|p_B=0.75|p_C=0.75|B=2|eps=0|e6550d4e-6d1e-4f62-89ea-caa9422ff06f/ already exists.
./circuit_plots/Unrestricted Disentangled|Readout|CN=0|B0=2|B1=3|K=1280|L=320|p_B=0.75|p_C=0.75|B=2|eps=0|e6550d4e-6d1e-4f62-89ea-caa9422ff06f/ already exists.
./circuit_plots/Unrestricted Disentangled|Readout|CN=0|B0=2|B1=3|K=1280|L=320|p_B=0.75|p_C=0.75|B=2|eps=0|e6550d4e-6d1e-4f62-89ea-caa9422ff06f/ already exists.
./circuit_plots/Unrestricted Disentangled|Readout|CN=0|B0=2|B1=3|K=1280|L=320|p_B=0.75|p_C=0.75|B=2|eps=0|e6550d4e-6d1e-4f62-89ea-caa9422ff06f/ already exists.
./circuit_plots/Unrestricted Disentangled|Readout|CN=0|B0=2|B1=3|K=1280|L=320|p_B=0.75|p_C=0.75|B=2|eps=0|e6550d4e-6d1e-4f62-89ea-caa9422ff06f/ already exists.
./circuit_plots/Unrestricted Disentangled|Readout|CN=0|B0=2|B1=3|K=1280|L=320|p_B=0.75|p_C=0.75|B=2|eps=0|e6550d4e-6d1e-4f62-89ea-caa9422ff06f/ already exists.
./circuit_plots/Unrestricted Disentangled|Readout|CN=0|B0=2|B1=3|K=1280|L=320|p_B=0.75|p_C=0.75|B=2|eps=0|e6550d4e-6d1e-4f62-89ea-caa9422ff06f/ already exists.
Epoch: 2350, Loss: 5.746089935302734
Test acc: 0.0135, IC acc: 0.0025, IC acc2: 0.0035, IW acc: 0.0547
Epoch: 2351, Loss: 5.698105335235596
Epoch: 2352, Loss: 5.730406761169434
Epoch: 2353, Loss: 5.678061485290527
Epoch: 2354, Loss: 5.734907150268555
Epoch: 2355, Loss: 5.74073600769043
Epoch: 2356, Loss: 5.726366996765137
Epoch: 2357, Loss: 5.771056175231934
Epoch: 2358, Loss: 5.686711311340332
Epoch: 2359, Loss: 5.749316215515137
Epoch: 2360, Loss: 5.76458740234375
Test acc: 0.0138, IC acc: 0.0029, IC acc2: 0.0035, IW acc: 0.0553
Epoch: 2361, Loss: 5.7340497970581055
Epoch: 2362, Loss: 5.738903045654297
Epoch: 2363, Loss: 5.698294639587402
Epoch: 2364, Loss: 5.75401496887207
Epoch: 2365, Loss: 5.730676651000977
Epoch: 2366, Loss: 5.747467994689941
Epoch: 2367, Loss: 5.747801780700684
Epoch: 2368, Loss: 5.755231857299805
Epoch: 2369, Loss: 5.762224197387695
Epoch: 2370, Loss: 5.764838218688965
Test acc: 0.013, IC acc: 0.0029, IC acc2: 0.0035, IW acc: 0.0523
Epoch: 2371, Loss: 5.726466178894043
Epoch: 2372, Loss: 5.790594100952148
Epoch: 2373, Loss: 5.776107311248779
Epoch: 2374, Loss: 5.734050750732422
Epoch: 2375, Loss: 5.727546691894531
Epoch: 2376, Loss: 5.7444562911987305
Epoch: 2377, Loss: 5.724597454071045
Epoch: 2378, Loss: 5.7409772872924805
Epoch: 2379, Loss: 5.68602180480957
Epoch: 2380, Loss: 5.747440338134766
Test acc: 0.0133, IC acc: 0.0025, IC acc2: 0.0035, IW acc: 0.0532
Epoch: 2381, Loss: 5.705985069274902
Epoch: 2382, Loss: 5.680062294006348
Epoch: 2383, Loss: 5.726621150970459
Epoch: 2384, Loss: 5.731013298034668
Epoch: 2385, Loss: 5.787815093994141
Epoch: 2386, Loss: 5.733023643493652
Epoch: 2387, Loss: 5.751697540283203
Epoch: 2388, Loss: 5.751367568969727
Epoch: 2389, Loss: 5.721819877624512
Epoch: 2390, Loss: 5.745705604553223
Test acc: 0.0132, IC acc: 0.0029, IC acc2: 0.0035, IW acc: 0.0532
Epoch: 2391, Loss: 5.727834701538086
Epoch: 2392, Loss: 5.784347057342529
Epoch: 2393, Loss: 5.763398170471191
Epoch: 2394, Loss: 5.686742782592773
Epoch: 2395, Loss: 5.7582807540893555
Epoch: 2396, Loss: 5.742234706878662
Epoch: 2397, Loss: 5.755921363830566
Epoch: 2398, Loss: 5.766116142272949
Epoch: 2399, Loss: 5.733834266662598
./circuit_plots/Unrestricted Disentangled|Readout|CN=0|B0=2|B1=3|K=1280|L=320|p_B=0.75|p_C=0.75|B=2|eps=0|e6550d4e-6d1e-4f62-89ea-caa9422ff06f/ already exists.
./circuit_plots/Unrestricted Disentangled|Readout|CN=0|B0=2|B1=3|K=1280|L=320|p_B=0.75|p_C=0.75|B=2|eps=0|e6550d4e-6d1e-4f62-89ea-caa9422ff06f/ already exists.
./circuit_plots/Unrestricted Disentangled|Readout|CN=0|B0=2|B1=3|K=1280|L=320|p_B=0.75|p_C=0.75|B=2|eps=0|e6550d4e-6d1e-4f62-89ea-caa9422ff06f/ already exists.
./circuit_plots/Unrestricted Disentangled|Readout|CN=0|B0=2|B1=3|K=1280|L=320|p_B=0.75|p_C=0.75|B=2|eps=0|e6550d4e-6d1e-4f62-89ea-caa9422ff06f/ already exists.
./circuit_plots/Unrestricted Disentangled|Readout|CN=0|B0=2|B1=3|K=1280|L=320|p_B=0.75|p_C=0.75|B=2|eps=0|e6550d4e-6d1e-4f62-89ea-caa9422ff06f/ already exists.
./circuit_plots/Unrestricted Disentangled|Readout|CN=0|B0=2|B1=3|K=1280|L=320|p_B=0.75|p_C=0.75|B=2|eps=0|e6550d4e-6d1e-4f62-89ea-caa9422ff06f/ already exists.
./circuit_plots/Unrestricted Disentangled|Readout|CN=0|B0=2|B1=3|K=1280|L=320|p_B=0.75|p_C=0.75|B=2|eps=0|e6550d4e-6d1e-4f62-89ea-caa9422ff06f/ already exists.
Epoch: 2400, Loss: 5.692949295043945
Test acc: 0.0132, IC acc: 0.0029, IC acc2: 0.0035, IW acc: 0.0532
Epoch: 2401, Loss: 5.757657527923584
Epoch: 2402, Loss: 5.646729469299316
Epoch: 2403, Loss: 5.715413570404053
Epoch: 2404, Loss: 5.781215667724609
Epoch: 2405, Loss: 5.748843193054199
Epoch: 2406, Loss: 5.732137680053711
Epoch: 2407, Loss: 5.734763145446777
Epoch: 2408, Loss: 5.748388767242432
Epoch: 2409, Loss: 5.7633161544799805
Epoch: 2410, Loss: 5.731828689575195
Test acc: 0.0129, IC acc: 0.0029, IC acc2: 0.0035, IW acc: 0.0526
Epoch: 2411, Loss: 5.723947525024414
Epoch: 2412, Loss: 5.690629482269287
Epoch: 2413, Loss: 5.71001672744751
Epoch: 2414, Loss: 5.703495025634766
Epoch: 2415, Loss: 5.7491655349731445
Epoch: 2416, Loss: 5.731741905212402
Epoch: 2417, Loss: 5.762463569641113
Epoch: 2418, Loss: 5.746206283569336
Epoch: 2419, Loss: 5.756048202514648
Epoch: 2420, Loss: 5.70807409286499
Test acc: 0.0137, IC acc: 0.0029, IC acc2: 0.0035, IW acc: 0.0554
Epoch: 2421, Loss: 5.720864295959473
Epoch: 2422, Loss: 5.721904754638672
Epoch: 2423, Loss: 5.688194751739502
Epoch: 2424, Loss: 5.780978202819824
Epoch: 2425, Loss: 5.731578350067139
Epoch: 2426, Loss: 5.726837158203125
Epoch: 2427, Loss: 5.715174674987793
Epoch: 2428, Loss: 5.722494125366211
Epoch: 2429, Loss: 5.680830955505371
Epoch: 2430, Loss: 5.707736015319824
Test acc: 0.0135, IC acc: 0.0029, IC acc2: 0.0035, IW acc: 0.0539
Epoch: 2431, Loss: 5.743585109710693
Epoch: 2432, Loss: 5.74324893951416
Epoch: 2433, Loss: 5.764996528625488
Epoch: 2434, Loss: 5.71321964263916
Epoch: 2435, Loss: 5.716814994812012
Epoch: 2436, Loss: 5.729648590087891
Epoch: 2437, Loss: 5.699697494506836
Epoch: 2438, Loss: 5.680135726928711
Epoch: 2439, Loss: 5.724081039428711
Epoch: 2440, Loss: 5.759411334991455
Test acc: 0.0135, IC acc: 0.0029, IC acc2: 0.0035, IW acc: 0.0539
Epoch: 2441, Loss: 5.71921443939209
Epoch: 2442, Loss: 5.750280380249023
Epoch: 2443, Loss: 5.729331970214844
Epoch: 2444, Loss: 5.746077060699463
Epoch: 2445, Loss: 5.77890682220459
Epoch: 2446, Loss: 5.704933166503906
Epoch: 2447, Loss: 5.73476505279541
Epoch: 2448, Loss: 5.752716064453125
Epoch: 2449, Loss: 5.709300518035889
./circuit_plots/Unrestricted Disentangled|Readout|CN=0|B0=2|B1=3|K=1280|L=320|p_B=0.75|p_C=0.75|B=2|eps=0|e6550d4e-6d1e-4f62-89ea-caa9422ff06f/ already exists.
./circuit_plots/Unrestricted Disentangled|Readout|CN=0|B0=2|B1=3|K=1280|L=320|p_B=0.75|p_C=0.75|B=2|eps=0|e6550d4e-6d1e-4f62-89ea-caa9422ff06f/ already exists.
./circuit_plots/Unrestricted Disentangled|Readout|CN=0|B0=2|B1=3|K=1280|L=320|p_B=0.75|p_C=0.75|B=2|eps=0|e6550d4e-6d1e-4f62-89ea-caa9422ff06f/ already exists.
./circuit_plots/Unrestricted Disentangled|Readout|CN=0|B0=2|B1=3|K=1280|L=320|p_B=0.75|p_C=0.75|B=2|eps=0|e6550d4e-6d1e-4f62-89ea-caa9422ff06f/ already exists.
./circuit_plots/Unrestricted Disentangled|Readout|CN=0|B0=2|B1=3|K=1280|L=320|p_B=0.75|p_C=0.75|B=2|eps=0|e6550d4e-6d1e-4f62-89ea-caa9422ff06f/ already exists.
./circuit_plots/Unrestricted Disentangled|Readout|CN=0|B0=2|B1=3|K=1280|L=320|p_B=0.75|p_C=0.75|B=2|eps=0|e6550d4e-6d1e-4f62-89ea-caa9422ff06f/ already exists.
./circuit_plots/Unrestricted Disentangled|Readout|CN=0|B0=2|B1=3|K=1280|L=320|p_B=0.75|p_C=0.75|B=2|eps=0|e6550d4e-6d1e-4f62-89ea-caa9422ff06f/ already exists.
Epoch: 2450, Loss: 5.731708526611328
Test acc: 0.0138, IC acc: 0.0029, IC acc2: 0.0035, IW acc: 0.0548
Epoch: 2451, Loss: 5.742483139038086
Epoch: 2452, Loss: 5.727723121643066
Epoch: 2453, Loss: 5.773539066314697
Epoch: 2454, Loss: 5.763932704925537
Epoch: 2455, Loss: 5.715126037597656
Epoch: 2456, Loss: 5.688910484313965
Epoch: 2457, Loss: 5.74957275390625
Epoch: 2458, Loss: 5.71225643157959
Epoch: 2459, Loss: 5.72358512878418
Epoch: 2460, Loss: 5.737861156463623
Test acc: 0.0139, IC acc: 0.0029, IC acc2: 0.0035, IW acc: 0.0557
Epoch: 2461, Loss: 5.72307014465332
Epoch: 2462, Loss: 5.710907459259033
Epoch: 2463, Loss: 5.703774452209473
Epoch: 2464, Loss: 5.759326934814453
Epoch: 2465, Loss: 5.694301605224609
Epoch: 2466, Loss: 5.75068473815918
Epoch: 2467, Loss: 5.709889888763428
Epoch: 2468, Loss: 5.756492614746094
Epoch: 2469, Loss: 5.753000736236572
Epoch: 2470, Loss: 5.763632297515869
Test acc: 0.0141, IC acc: 0.0029, IC acc2: 0.0035, IW acc: 0.0563
Epoch: 2471, Loss: 5.762235641479492
Epoch: 2472, Loss: 5.729415416717529
Epoch: 2473, Loss: 5.727186679840088
Epoch: 2474, Loss: 5.687076091766357
Epoch: 2475, Loss: 5.757528781890869
Epoch: 2476, Loss: 5.690974235534668
Epoch: 2477, Loss: 5.737799644470215
Epoch: 2478, Loss: 5.71697998046875
Epoch: 2479, Loss: 5.698736190795898
Epoch: 2480, Loss: 5.708942413330078
Test acc: 0.0142, IC acc: 0.0029, IC acc2: 0.0035, IW acc: 0.0566
Epoch: 2481, Loss: 5.780490875244141
Epoch: 2482, Loss: 5.698777198791504
Epoch: 2483, Loss: 5.7565531730651855
Epoch: 2484, Loss: 5.744757652282715
Epoch: 2485, Loss: 5.70231819152832
Epoch: 2486, Loss: 5.704577922821045
Epoch: 2487, Loss: 5.734787940979004
Epoch: 2488, Loss: 5.728489875793457
Epoch: 2489, Loss: 5.715276718139648
Epoch: 2490, Loss: 5.709068298339844
Test acc: 0.0139, IC acc: 0.0025, IC acc2: 0.0035, IW acc: 0.0557
Epoch: 2491, Loss: 5.672624588012695
Epoch: 2492, Loss: 5.73596715927124
Epoch: 2493, Loss: 5.769270420074463
Epoch: 2494, Loss: 5.739688873291016
Epoch: 2495, Loss: 5.716546058654785
Epoch: 2496, Loss: 5.733357906341553
Epoch: 2497, Loss: 5.735129356384277
Epoch: 2498, Loss: 5.746126651763916
Epoch: 2499, Loss: 5.748113632202148
./circuit_plots/Unrestricted Disentangled|Readout|CN=0|B0=2|B1=3|K=1280|L=320|p_B=0.75|p_C=0.75|B=2|eps=0|e6550d4e-6d1e-4f62-89ea-caa9422ff06f/ already exists.
./circuit_plots/Unrestricted Disentangled|Readout|CN=0|B0=2|B1=3|K=1280|L=320|p_B=0.75|p_C=0.75|B=2|eps=0|e6550d4e-6d1e-4f62-89ea-caa9422ff06f/ already exists.
./circuit_plots/Unrestricted Disentangled|Readout|CN=0|B0=2|B1=3|K=1280|L=320|p_B=0.75|p_C=0.75|B=2|eps=0|e6550d4e-6d1e-4f62-89ea-caa9422ff06f/ already exists.
./circuit_plots/Unrestricted Disentangled|Readout|CN=0|B0=2|B1=3|K=1280|L=320|p_B=0.75|p_C=0.75|B=2|eps=0|e6550d4e-6d1e-4f62-89ea-caa9422ff06f/ already exists.
./circuit_plots/Unrestricted Disentangled|Readout|CN=0|B0=2|B1=3|K=1280|L=320|p_B=0.75|p_C=0.75|B=2|eps=0|e6550d4e-6d1e-4f62-89ea-caa9422ff06f/ already exists.
./circuit_plots/Unrestricted Disentangled|Readout|CN=0|B0=2|B1=3|K=1280|L=320|p_B=0.75|p_C=0.75|B=2|eps=0|e6550d4e-6d1e-4f62-89ea-caa9422ff06f/ already exists.
./circuit_plots/Unrestricted Disentangled|Readout|CN=0|B0=2|B1=3|K=1280|L=320|p_B=0.75|p_C=0.75|B=2|eps=0|e6550d4e-6d1e-4f62-89ea-caa9422ff06f/ already exists.
Epoch: 2500, Loss: 5.7101287841796875
Test acc: 0.0144, IC acc: 0.0029, IC acc2: 0.0035, IW acc: 0.0585
Epoch: 2501, Loss: 5.726220607757568
Epoch: 2502, Loss: 5.719118595123291
Epoch: 2503, Loss: 5.72487735748291
Epoch: 2504, Loss: 5.712924003601074
Epoch: 2505, Loss: 5.735897541046143
Epoch: 2506, Loss: 5.752109527587891
Epoch: 2507, Loss: 5.740209102630615
Epoch: 2508, Loss: 5.768729209899902
Epoch: 2509, Loss: 5.7559614181518555
Epoch: 2510, Loss: 5.747516632080078
Test acc: 0.0147, IC acc: 0.0029, IC acc2: 0.0035, IW acc: 0.0595
Epoch: 2511, Loss: 5.70598030090332
Epoch: 2512, Loss: 5.731466293334961
Epoch: 2513, Loss: 5.745086669921875
Epoch: 2514, Loss: 5.753129959106445
Epoch: 2515, Loss: 5.741888523101807
Epoch: 2516, Loss: 5.7666425704956055
Epoch: 2517, Loss: 5.703874588012695
Epoch: 2518, Loss: 5.807421684265137
Epoch: 2519, Loss: 5.755434989929199
Epoch: 2520, Loss: 5.715029716491699
Test acc: 0.0146, IC acc: 0.0029, IC acc2: 0.0035, IW acc: 0.0591
Epoch: 2521, Loss: 5.6851725578308105
Epoch: 2522, Loss: 5.671544551849365
Epoch: 2523, Loss: 5.741842269897461
Epoch: 2524, Loss: 5.679873466491699
Epoch: 2525, Loss: 5.7591423988342285
Epoch: 2526, Loss: 5.726851940155029
Epoch: 2527, Loss: 5.733437538146973
Epoch: 2528, Loss: 5.707898139953613
Epoch: 2529, Loss: 5.724320411682129
Epoch: 2530, Loss: 5.659902572631836
Test acc: 0.0146, IC acc: 0.0029, IC acc2: 0.0035, IW acc: 0.0591
Epoch: 2531, Loss: 5.700835227966309
Epoch: 2532, Loss: 5.755043983459473
Epoch: 2533, Loss: 5.7287139892578125
Epoch: 2534, Loss: 5.731578826904297
Epoch: 2535, Loss: 5.705661773681641
Epoch: 2536, Loss: 5.691123008728027
Epoch: 2537, Loss: 5.74916410446167
Epoch: 2538, Loss: 5.720573425292969
Epoch: 2539, Loss: 5.765830039978027
Epoch: 2540, Loss: 5.753762722015381
Test acc: 0.0148, IC acc: 0.0029, IC acc2: 0.0035, IW acc: 0.0599
Epoch: 2541, Loss: 5.69728946685791
Epoch: 2542, Loss: 5.719018459320068
Epoch: 2543, Loss: 5.755260467529297
Epoch: 2544, Loss: 5.695027828216553
Epoch: 2545, Loss: 5.756752967834473
Epoch: 2546, Loss: 5.714809417724609
Epoch: 2547, Loss: 5.732853889465332
Epoch: 2548, Loss: 5.7413434982299805
Epoch: 2549, Loss: 5.704790115356445
./circuit_plots/Unrestricted Disentangled|Readout|CN=0|B0=2|B1=3|K=1280|L=320|p_B=0.75|p_C=0.75|B=2|eps=0|e6550d4e-6d1e-4f62-89ea-caa9422ff06f/ already exists.
./circuit_plots/Unrestricted Disentangled|Readout|CN=0|B0=2|B1=3|K=1280|L=320|p_B=0.75|p_C=0.75|B=2|eps=0|e6550d4e-6d1e-4f62-89ea-caa9422ff06f/ already exists.
./circuit_plots/Unrestricted Disentangled|Readout|CN=0|B0=2|B1=3|K=1280|L=320|p_B=0.75|p_C=0.75|B=2|eps=0|e6550d4e-6d1e-4f62-89ea-caa9422ff06f/ already exists.
./circuit_plots/Unrestricted Disentangled|Readout|CN=0|B0=2|B1=3|K=1280|L=320|p_B=0.75|p_C=0.75|B=2|eps=0|e6550d4e-6d1e-4f62-89ea-caa9422ff06f/ already exists.
./circuit_plots/Unrestricted Disentangled|Readout|CN=0|B0=2|B1=3|K=1280|L=320|p_B=0.75|p_C=0.75|B=2|eps=0|e6550d4e-6d1e-4f62-89ea-caa9422ff06f/ already exists.
./circuit_plots/Unrestricted Disentangled|Readout|CN=0|B0=2|B1=3|K=1280|L=320|p_B=0.75|p_C=0.75|B=2|eps=0|e6550d4e-6d1e-4f62-89ea-caa9422ff06f/ already exists.
./circuit_plots/Unrestricted Disentangled|Readout|CN=0|B0=2|B1=3|K=1280|L=320|p_B=0.75|p_C=0.75|B=2|eps=0|e6550d4e-6d1e-4f62-89ea-caa9422ff06f/ already exists.
Epoch: 2550, Loss: 5.738041400909424
Test acc: 0.0147, IC acc: 0.0029, IC acc2: 0.0035, IW acc: 0.0595
Epoch: 2551, Loss: 5.77803897857666
Epoch: 2552, Loss: 5.724281311035156
Epoch: 2553, Loss: 5.7297515869140625
Epoch: 2554, Loss: 5.686186790466309
Epoch: 2555, Loss: 5.738523960113525
Epoch: 2556, Loss: 5.798059463500977
Epoch: 2557, Loss: 5.725451469421387
Epoch: 2558, Loss: 5.741930961608887
Epoch: 2559, Loss: 5.698198318481445
Epoch: 2560, Loss: 5.7071452140808105
Test acc: 0.0149, IC acc: 0.0029, IC acc2: 0.0035, IW acc: 0.06
Epoch: 2561, Loss: 5.731709003448486
Epoch: 2562, Loss: 5.685504913330078
Epoch: 2563, Loss: 5.713765621185303
Epoch: 2564, Loss: 5.712924957275391
Epoch: 2565, Loss: 5.690162181854248
Epoch: 2566, Loss: 5.729599952697754
Epoch: 2567, Loss: 5.735513687133789
Epoch: 2568, Loss: 5.666262626647949
Epoch: 2569, Loss: 5.755920886993408
Epoch: 2570, Loss: 5.724654197692871
Test acc: 0.015, IC acc: 0.0029, IC acc2: 0.0035, IW acc: 0.0607
Epoch: 2571, Loss: 5.715904235839844
Epoch: 2572, Loss: 5.730155944824219
Epoch: 2573, Loss: 5.755522727966309
Epoch: 2574, Loss: 5.770477294921875
Epoch: 2575, Loss: 5.723934173583984
Epoch: 2576, Loss: 5.708977699279785
Epoch: 2577, Loss: 5.762306213378906
Epoch: 2578, Loss: 5.724689960479736
Epoch: 2579, Loss: 5.76742696762085
Epoch: 2580, Loss: 5.7359209060668945
Test acc: 0.0155, IC acc: 0.0029, IC acc2: 0.0035, IW acc: 0.0617
Epoch: 2581, Loss: 5.714844703674316
Epoch: 2582, Loss: 5.718348026275635
Epoch: 2583, Loss: 5.722638130187988
Epoch: 2584, Loss: 5.694673538208008
Epoch: 2585, Loss: 5.697826862335205
Epoch: 2586, Loss: 5.737766742706299
Epoch: 2587, Loss: 5.756629467010498
Epoch: 2588, Loss: 5.711810111999512
Epoch: 2589, Loss: 5.701681137084961
Epoch: 2590, Loss: 5.7103142738342285
Test acc: 0.0155, IC acc: 0.0029, IC acc2: 0.0035, IW acc: 0.062
Epoch: 2591, Loss: 5.70682430267334
Epoch: 2592, Loss: 5.787625789642334
Epoch: 2593, Loss: 5.742253303527832
Epoch: 2594, Loss: 5.749439716339111
Epoch: 2595, Loss: 5.761721611022949
Epoch: 2596, Loss: 5.726589202880859
Epoch: 2597, Loss: 5.70096492767334
Epoch: 2598, Loss: 5.779947280883789
Epoch: 2599, Loss: 5.7628068923950195
./circuit_plots/Unrestricted Disentangled|Readout|CN=0|B0=2|B1=3|K=1280|L=320|p_B=0.75|p_C=0.75|B=2|eps=0|e6550d4e-6d1e-4f62-89ea-caa9422ff06f/ already exists.
./circuit_plots/Unrestricted Disentangled|Readout|CN=0|B0=2|B1=3|K=1280|L=320|p_B=0.75|p_C=0.75|B=2|eps=0|e6550d4e-6d1e-4f62-89ea-caa9422ff06f/ already exists.
./circuit_plots/Unrestricted Disentangled|Readout|CN=0|B0=2|B1=3|K=1280|L=320|p_B=0.75|p_C=0.75|B=2|eps=0|e6550d4e-6d1e-4f62-89ea-caa9422ff06f/ already exists.
./circuit_plots/Unrestricted Disentangled|Readout|CN=0|B0=2|B1=3|K=1280|L=320|p_B=0.75|p_C=0.75|B=2|eps=0|e6550d4e-6d1e-4f62-89ea-caa9422ff06f/ already exists.
./circuit_plots/Unrestricted Disentangled|Readout|CN=0|B0=2|B1=3|K=1280|L=320|p_B=0.75|p_C=0.75|B=2|eps=0|e6550d4e-6d1e-4f62-89ea-caa9422ff06f/ already exists.
./circuit_plots/Unrestricted Disentangled|Readout|CN=0|B0=2|B1=3|K=1280|L=320|p_B=0.75|p_C=0.75|B=2|eps=0|e6550d4e-6d1e-4f62-89ea-caa9422ff06f/ already exists.
./circuit_plots/Unrestricted Disentangled|Readout|CN=0|B0=2|B1=3|K=1280|L=320|p_B=0.75|p_C=0.75|B=2|eps=0|e6550d4e-6d1e-4f62-89ea-caa9422ff06f/ already exists.
Epoch: 2600, Loss: 5.7443952560424805
Test acc: 0.0153, IC acc: 0.0029, IC acc2: 0.0035, IW acc: 0.0614
Epoch: 2601, Loss: 5.743645668029785
Epoch: 2602, Loss: 5.727976322174072
Epoch: 2603, Loss: 5.741192817687988
Epoch: 2604, Loss: 5.753163814544678
Epoch: 2605, Loss: 5.663488388061523
Epoch: 2606, Loss: 5.699982166290283
Epoch: 2607, Loss: 5.703841686248779
Epoch: 2608, Loss: 5.711191654205322
Epoch: 2609, Loss: 5.725347518920898
Epoch: 2610, Loss: 5.683538436889648
Test acc: 0.0157, IC acc: 0.0029, IC acc2: 0.0035, IW acc: 0.0628
Epoch: 2611, Loss: 5.754941463470459
Epoch: 2612, Loss: 5.749827861785889
Epoch: 2613, Loss: 5.697171211242676
Epoch: 2614, Loss: 5.686239719390869
Epoch: 2615, Loss: 5.706965446472168
Epoch: 2616, Loss: 5.738349914550781
Epoch: 2617, Loss: 5.71536111831665
Epoch: 2618, Loss: 5.726613521575928
Epoch: 2619, Loss: 5.697431564331055
Epoch: 2620, Loss: 5.765379905700684
Test acc: 0.0156, IC acc: 0.0029, IC acc2: 0.0035, IW acc: 0.062
Epoch: 2621, Loss: 5.71051025390625
Epoch: 2622, Loss: 5.742624759674072
Epoch: 2623, Loss: 5.695957660675049
Epoch: 2624, Loss: 5.730253219604492
Epoch: 2625, Loss: 5.753592491149902
Epoch: 2626, Loss: 5.723888397216797
Epoch: 2627, Loss: 5.729228496551514
Epoch: 2628, Loss: 5.710133075714111
Epoch: 2629, Loss: 5.71073055267334
Epoch: 2630, Loss: 5.7485151290893555
Test acc: 0.0161, IC acc: 0.0029, IC acc2: 0.0035, IW acc: 0.0635
Epoch: 2631, Loss: 5.748928070068359
Epoch: 2632, Loss: 5.6943135261535645
Epoch: 2633, Loss: 5.773847579956055
Epoch: 2634, Loss: 5.719447135925293
Epoch: 2635, Loss: 5.711886405944824
Epoch: 2636, Loss: 5.689937114715576
Epoch: 2637, Loss: 5.702228546142578
Epoch: 2638, Loss: 5.712948799133301
Epoch: 2639, Loss: 5.748293876647949
Epoch: 2640, Loss: 5.728112697601318
Test acc: 0.016, IC acc: 0.0036, IC acc2: 0.0035, IW acc: 0.0628
Epoch: 2641, Loss: 5.65918493270874
Epoch: 2642, Loss: 5.722620010375977
Epoch: 2643, Loss: 5.751218795776367
Epoch: 2644, Loss: 5.722068786621094
Epoch: 2645, Loss: 5.723487854003906
Epoch: 2646, Loss: 5.728184700012207
Epoch: 2647, Loss: 5.715256214141846
Epoch: 2648, Loss: 5.725110054016113
Epoch: 2649, Loss: 5.7185516357421875
./circuit_plots/Unrestricted Disentangled|Readout|CN=0|B0=2|B1=3|K=1280|L=320|p_B=0.75|p_C=0.75|B=2|eps=0|e6550d4e-6d1e-4f62-89ea-caa9422ff06f/ already exists.
./circuit_plots/Unrestricted Disentangled|Readout|CN=0|B0=2|B1=3|K=1280|L=320|p_B=0.75|p_C=0.75|B=2|eps=0|e6550d4e-6d1e-4f62-89ea-caa9422ff06f/ already exists.
./circuit_plots/Unrestricted Disentangled|Readout|CN=0|B0=2|B1=3|K=1280|L=320|p_B=0.75|p_C=0.75|B=2|eps=0|e6550d4e-6d1e-4f62-89ea-caa9422ff06f/ already exists.
./circuit_plots/Unrestricted Disentangled|Readout|CN=0|B0=2|B1=3|K=1280|L=320|p_B=0.75|p_C=0.75|B=2|eps=0|e6550d4e-6d1e-4f62-89ea-caa9422ff06f/ already exists.
./circuit_plots/Unrestricted Disentangled|Readout|CN=0|B0=2|B1=3|K=1280|L=320|p_B=0.75|p_C=0.75|B=2|eps=0|e6550d4e-6d1e-4f62-89ea-caa9422ff06f/ already exists.
./circuit_plots/Unrestricted Disentangled|Readout|CN=0|B0=2|B1=3|K=1280|L=320|p_B=0.75|p_C=0.75|B=2|eps=0|e6550d4e-6d1e-4f62-89ea-caa9422ff06f/ already exists.
./circuit_plots/Unrestricted Disentangled|Readout|CN=0|B0=2|B1=3|K=1280|L=320|p_B=0.75|p_C=0.75|B=2|eps=0|e6550d4e-6d1e-4f62-89ea-caa9422ff06f/ already exists.
Epoch: 2650, Loss: 5.750020503997803
Test acc: 0.0157, IC acc: 0.0036, IC acc2: 0.0035, IW acc: 0.0621
Epoch: 2651, Loss: 5.746535778045654
Epoch: 2652, Loss: 5.771150588989258
Epoch: 2653, Loss: 5.690352916717529
Epoch: 2654, Loss: 5.752414703369141
Epoch: 2655, Loss: 5.742739677429199
Epoch: 2656, Loss: 5.736758708953857
Epoch: 2657, Loss: 5.668126106262207
Epoch: 2658, Loss: 5.692500591278076
Epoch: 2659, Loss: 5.699663162231445
Epoch: 2660, Loss: 5.713875770568848
Test acc: 0.0162, IC acc: 0.0036, IC acc2: 0.0035, IW acc: 0.0637
Epoch: 2661, Loss: 5.712610244750977
Epoch: 2662, Loss: 5.692473411560059
Epoch: 2663, Loss: 5.70085334777832
Epoch: 2664, Loss: 5.739108562469482
Epoch: 2665, Loss: 5.735523700714111
Epoch: 2666, Loss: 5.744268417358398
Epoch: 2667, Loss: 5.712821006774902
Epoch: 2668, Loss: 5.6926774978637695
Epoch: 2669, Loss: 5.6534247398376465
Epoch: 2670, Loss: 5.708637237548828
Test acc: 0.0161, IC acc: 0.0036, IC acc2: 0.0035, IW acc: 0.0642
Epoch: 2671, Loss: 5.717231750488281
Epoch: 2672, Loss: 5.67914342880249
Epoch: 2673, Loss: 5.742079734802246
Epoch: 2674, Loss: 5.722896575927734
Epoch: 2675, Loss: 5.713698387145996
Epoch: 2676, Loss: 5.74069881439209
Epoch: 2677, Loss: 5.68986177444458
Epoch: 2678, Loss: 5.694276332855225
Epoch: 2679, Loss: 5.7490129470825195
Epoch: 2680, Loss: 5.699840545654297
Test acc: 0.0166, IC acc: 0.0036, IC acc2: 0.0035, IW acc: 0.0668
Epoch: 2681, Loss: 5.674775123596191
Epoch: 2682, Loss: 5.715787410736084
Epoch: 2683, Loss: 5.74312162399292
Epoch: 2684, Loss: 5.748532772064209
Epoch: 2685, Loss: 5.700995922088623
Epoch: 2686, Loss: 5.77412223815918
Epoch: 2687, Loss: 5.667966842651367
Epoch: 2688, Loss: 5.704317092895508
Epoch: 2689, Loss: 5.729831695556641
Epoch: 2690, Loss: 5.7190446853637695
Test acc: 0.0172, IC acc: 0.0036, IC acc2: 0.0035, IW acc: 0.0692
Epoch: 2691, Loss: 5.711572647094727
Epoch: 2692, Loss: 5.719529151916504
Epoch: 2693, Loss: 5.708874702453613
Epoch: 2694, Loss: 5.713907718658447
Epoch: 2695, Loss: 5.721456527709961
Epoch: 2696, Loss: 5.681492328643799
Epoch: 2697, Loss: 5.746277809143066
Epoch: 2698, Loss: 5.74147891998291
Epoch: 2699, Loss: 5.7187700271606445
./circuit_plots/Unrestricted Disentangled|Readout|CN=0|B0=2|B1=3|K=1280|L=320|p_B=0.75|p_C=0.75|B=2|eps=0|e6550d4e-6d1e-4f62-89ea-caa9422ff06f/ already exists.
./circuit_plots/Unrestricted Disentangled|Readout|CN=0|B0=2|B1=3|K=1280|L=320|p_B=0.75|p_C=0.75|B=2|eps=0|e6550d4e-6d1e-4f62-89ea-caa9422ff06f/ already exists.
./circuit_plots/Unrestricted Disentangled|Readout|CN=0|B0=2|B1=3|K=1280|L=320|p_B=0.75|p_C=0.75|B=2|eps=0|e6550d4e-6d1e-4f62-89ea-caa9422ff06f/ already exists.
./circuit_plots/Unrestricted Disentangled|Readout|CN=0|B0=2|B1=3|K=1280|L=320|p_B=0.75|p_C=0.75|B=2|eps=0|e6550d4e-6d1e-4f62-89ea-caa9422ff06f/ already exists.
./circuit_plots/Unrestricted Disentangled|Readout|CN=0|B0=2|B1=3|K=1280|L=320|p_B=0.75|p_C=0.75|B=2|eps=0|e6550d4e-6d1e-4f62-89ea-caa9422ff06f/ already exists.
./circuit_plots/Unrestricted Disentangled|Readout|CN=0|B0=2|B1=3|K=1280|L=320|p_B=0.75|p_C=0.75|B=2|eps=0|e6550d4e-6d1e-4f62-89ea-caa9422ff06f/ already exists.
./circuit_plots/Unrestricted Disentangled|Readout|CN=0|B0=2|B1=3|K=1280|L=320|p_B=0.75|p_C=0.75|B=2|eps=0|e6550d4e-6d1e-4f62-89ea-caa9422ff06f/ already exists.
Epoch: 2700, Loss: 5.684622764587402
Test acc: 0.0169, IC acc: 0.0036, IC acc2: 0.0035, IW acc: 0.0682
Epoch: 2701, Loss: 5.716317176818848
Epoch: 2702, Loss: 5.698070526123047
Epoch: 2703, Loss: 5.752415180206299
Epoch: 2704, Loss: 5.713669776916504
Epoch: 2705, Loss: 5.689016819000244
Epoch: 2706, Loss: 5.725151062011719
Epoch: 2707, Loss: 5.6731109619140625
Epoch: 2708, Loss: 5.742769718170166
Epoch: 2709, Loss: 5.742671489715576
Epoch: 2710, Loss: 5.7280426025390625
Test acc: 0.0172, IC acc: 0.0036, IC acc2: 0.0035, IW acc: 0.0692
Epoch: 2711, Loss: 5.710679054260254
Epoch: 2712, Loss: 5.765178680419922
Epoch: 2713, Loss: 5.684990882873535
Epoch: 2714, Loss: 5.725581645965576
Epoch: 2715, Loss: 5.672679424285889
Epoch: 2716, Loss: 5.725855827331543
Epoch: 2717, Loss: 5.774405479431152
Epoch: 2718, Loss: 5.707590103149414
Epoch: 2719, Loss: 5.678758144378662
Epoch: 2720, Loss: 5.741730690002441
Test acc: 0.0172, IC acc: 0.0036, IC acc2: 0.0035, IW acc: 0.0692
Epoch: 2721, Loss: 5.700765609741211
Epoch: 2722, Loss: 5.70127010345459
Epoch: 2723, Loss: 5.705777645111084
Epoch: 2724, Loss: 5.714990615844727
Epoch: 2725, Loss: 5.736172676086426
Epoch: 2726, Loss: 5.741526126861572
Epoch: 2727, Loss: 5.751143932342529
Epoch: 2728, Loss: 5.767130374908447
Epoch: 2729, Loss: 5.722177505493164
Epoch: 2730, Loss: 5.689863204956055
Test acc: 0.017, IC acc: 0.003, IC acc2: 0.0035, IW acc: 0.0686
Epoch: 2731, Loss: 5.725076675415039
Epoch: 2732, Loss: 5.721373558044434
Epoch: 2733, Loss: 5.7176361083984375
Epoch: 2734, Loss: 5.717257022857666
Epoch: 2735, Loss: 5.754980087280273
Epoch: 2736, Loss: 5.755455017089844
Epoch: 2737, Loss: 5.709766387939453
Epoch: 2738, Loss: 5.750207901000977
Epoch: 2739, Loss: 5.762616157531738
Epoch: 2740, Loss: 5.695036888122559
Test acc: 0.0177, IC acc: 0.003, IC acc2: 0.0035, IW acc: 0.0706
Epoch: 2741, Loss: 5.770598411560059
Epoch: 2742, Loss: 5.729812145233154
Epoch: 2743, Loss: 5.676608085632324
Epoch: 2744, Loss: 5.728456497192383
Epoch: 2745, Loss: 5.6905293464660645
Epoch: 2746, Loss: 5.732532024383545
Epoch: 2747, Loss: 5.7248053550720215
Epoch: 2748, Loss: 5.7395243644714355
Epoch: 2749, Loss: 5.729036331176758
./circuit_plots/Unrestricted Disentangled|Readout|CN=0|B0=2|B1=3|K=1280|L=320|p_B=0.75|p_C=0.75|B=2|eps=0|e6550d4e-6d1e-4f62-89ea-caa9422ff06f/ already exists.
./circuit_plots/Unrestricted Disentangled|Readout|CN=0|B0=2|B1=3|K=1280|L=320|p_B=0.75|p_C=0.75|B=2|eps=0|e6550d4e-6d1e-4f62-89ea-caa9422ff06f/ already exists.
./circuit_plots/Unrestricted Disentangled|Readout|CN=0|B0=2|B1=3|K=1280|L=320|p_B=0.75|p_C=0.75|B=2|eps=0|e6550d4e-6d1e-4f62-89ea-caa9422ff06f/ already exists.
./circuit_plots/Unrestricted Disentangled|Readout|CN=0|B0=2|B1=3|K=1280|L=320|p_B=0.75|p_C=0.75|B=2|eps=0|e6550d4e-6d1e-4f62-89ea-caa9422ff06f/ already exists.
./circuit_plots/Unrestricted Disentangled|Readout|CN=0|B0=2|B1=3|K=1280|L=320|p_B=0.75|p_C=0.75|B=2|eps=0|e6550d4e-6d1e-4f62-89ea-caa9422ff06f/ already exists.
./circuit_plots/Unrestricted Disentangled|Readout|CN=0|B0=2|B1=3|K=1280|L=320|p_B=0.75|p_C=0.75|B=2|eps=0|e6550d4e-6d1e-4f62-89ea-caa9422ff06f/ already exists.
./circuit_plots/Unrestricted Disentangled|Readout|CN=0|B0=2|B1=3|K=1280|L=320|p_B=0.75|p_C=0.75|B=2|eps=0|e6550d4e-6d1e-4f62-89ea-caa9422ff06f/ already exists.
Epoch: 2750, Loss: 5.7152509689331055
Test acc: 0.018, IC acc: 0.003, IC acc2: 0.0035, IW acc: 0.0729
Epoch: 2751, Loss: 5.71235466003418
Epoch: 2752, Loss: 5.708708763122559
Epoch: 2753, Loss: 5.7683424949646
Epoch: 2754, Loss: 5.69312047958374
Epoch: 2755, Loss: 5.706055641174316
Epoch: 2756, Loss: 5.718579292297363
Epoch: 2757, Loss: 5.729560852050781
Epoch: 2758, Loss: 5.744172096252441
Epoch: 2759, Loss: 5.735102653503418
Epoch: 2760, Loss: 5.748811721801758
Test acc: 0.018, IC acc: 0.003, IC acc2: 0.0035, IW acc: 0.0729
Epoch: 2761, Loss: 5.713250160217285
Epoch: 2762, Loss: 5.727996826171875
Epoch: 2763, Loss: 5.724323272705078
Epoch: 2764, Loss: 5.74251127243042
Epoch: 2765, Loss: 5.743694305419922
Epoch: 2766, Loss: 5.723087787628174
Epoch: 2767, Loss: 5.766042232513428
Epoch: 2768, Loss: 5.719498634338379
Epoch: 2769, Loss: 5.741518974304199
Epoch: 2770, Loss: 5.743884563446045
Test acc: 0.0183, IC acc: 0.0037, IC acc2: 0.0035, IW acc: 0.0733
Epoch: 2771, Loss: 5.702648162841797
Epoch: 2772, Loss: 5.7293500900268555
Epoch: 2773, Loss: 5.687779426574707
Epoch: 2774, Loss: 5.684250831604004
Epoch: 2775, Loss: 5.696575164794922
Epoch: 2776, Loss: 5.733259201049805
Epoch: 2777, Loss: 5.690704345703125
Epoch: 2778, Loss: 5.731998443603516
Epoch: 2779, Loss: 5.728292465209961
Epoch: 2780, Loss: 5.692408084869385
Test acc: 0.0187, IC acc: 0.0037, IC acc2: 0.0035, IW acc: 0.0742
Epoch: 2781, Loss: 5.733358860015869
Epoch: 2782, Loss: 5.67462158203125
Epoch: 2783, Loss: 5.676509857177734
Epoch: 2784, Loss: 5.706567764282227
Epoch: 2785, Loss: 5.70150089263916
Epoch: 2786, Loss: 5.706366062164307
Epoch: 2787, Loss: 5.718303680419922
Epoch: 2788, Loss: 5.725303649902344
Epoch: 2789, Loss: 5.724051475524902
Epoch: 2790, Loss: 5.707116603851318
Test acc: 0.0191, IC acc: 0.0037, IC acc2: 0.0035, IW acc: 0.0758
Epoch: 2791, Loss: 5.743134498596191
Epoch: 2792, Loss: 5.720881462097168
Epoch: 2793, Loss: 5.786684036254883
Epoch: 2794, Loss: 5.776458740234375
Epoch: 2795, Loss: 5.782222270965576
Epoch: 2796, Loss: 5.704130172729492
Epoch: 2797, Loss: 5.6985392570495605
Epoch: 2798, Loss: 5.730607986450195
Epoch: 2799, Loss: 5.7223381996154785
./circuit_plots/Unrestricted Disentangled|Readout|CN=0|B0=2|B1=3|K=1280|L=320|p_B=0.75|p_C=0.75|B=2|eps=0|e6550d4e-6d1e-4f62-89ea-caa9422ff06f/ already exists.
./circuit_plots/Unrestricted Disentangled|Readout|CN=0|B0=2|B1=3|K=1280|L=320|p_B=0.75|p_C=0.75|B=2|eps=0|e6550d4e-6d1e-4f62-89ea-caa9422ff06f/ already exists.
./circuit_plots/Unrestricted Disentangled|Readout|CN=0|B0=2|B1=3|K=1280|L=320|p_B=0.75|p_C=0.75|B=2|eps=0|e6550d4e-6d1e-4f62-89ea-caa9422ff06f/ already exists.
./circuit_plots/Unrestricted Disentangled|Readout|CN=0|B0=2|B1=3|K=1280|L=320|p_B=0.75|p_C=0.75|B=2|eps=0|e6550d4e-6d1e-4f62-89ea-caa9422ff06f/ already exists.
./circuit_plots/Unrestricted Disentangled|Readout|CN=0|B0=2|B1=3|K=1280|L=320|p_B=0.75|p_C=0.75|B=2|eps=0|e6550d4e-6d1e-4f62-89ea-caa9422ff06f/ already exists.
./circuit_plots/Unrestricted Disentangled|Readout|CN=0|B0=2|B1=3|K=1280|L=320|p_B=0.75|p_C=0.75|B=2|eps=0|e6550d4e-6d1e-4f62-89ea-caa9422ff06f/ already exists.
./circuit_plots/Unrestricted Disentangled|Readout|CN=0|B0=2|B1=3|K=1280|L=320|p_B=0.75|p_C=0.75|B=2|eps=0|e6550d4e-6d1e-4f62-89ea-caa9422ff06f/ already exists.
Epoch: 2800, Loss: 5.720393180847168
Test acc: 0.0192, IC acc: 0.0037, IC acc2: 0.0035, IW acc: 0.0765
Epoch: 2801, Loss: 5.716358661651611
Epoch: 2802, Loss: 5.666062355041504
Epoch: 2803, Loss: 5.722413063049316
Epoch: 2804, Loss: 5.687919616699219
Epoch: 2805, Loss: 5.693654537200928
Epoch: 2806, Loss: 5.781060218811035
Epoch: 2807, Loss: 5.755363941192627
Epoch: 2808, Loss: 5.7437872886657715
Epoch: 2809, Loss: 5.712282657623291
Epoch: 2810, Loss: 5.72177791595459
Test acc: 0.0192, IC acc: 0.0037, IC acc2: 0.0035, IW acc: 0.0765
Epoch: 2811, Loss: 5.744691371917725
Epoch: 2812, Loss: 5.711607933044434
Epoch: 2813, Loss: 5.698245048522949
Epoch: 2814, Loss: 5.7159624099731445
Epoch: 2815, Loss: 5.709253787994385
Epoch: 2816, Loss: 5.656671524047852
Epoch: 2817, Loss: 5.70991849899292
Epoch: 2818, Loss: 5.6989030838012695
Epoch: 2819, Loss: 5.727463722229004
Epoch: 2820, Loss: 5.726563930511475
Test acc: 0.0192, IC acc: 0.0037, IC acc2: 0.0035, IW acc: 0.0765
Epoch: 2821, Loss: 5.760941505432129
Epoch: 2822, Loss: 5.724067687988281
Epoch: 2823, Loss: 5.734333038330078
Epoch: 2824, Loss: 5.696387767791748
Epoch: 2825, Loss: 5.726252555847168
Epoch: 2826, Loss: 5.777097225189209
Epoch: 2827, Loss: 5.678099632263184
Epoch: 2828, Loss: 5.729302406311035
Epoch: 2829, Loss: 5.701367378234863
Epoch: 2830, Loss: 5.721695899963379
Test acc: 0.019, IC acc: 0.0037, IC acc2: 0.0035, IW acc: 0.0755
Epoch: 2831, Loss: 5.753416538238525
Epoch: 2832, Loss: 5.740446090698242
Epoch: 2833, Loss: 5.724653244018555
Epoch: 2834, Loss: 5.661142349243164
Epoch: 2835, Loss: 5.718278884887695
Epoch: 2836, Loss: 5.7195143699646
Epoch: 2837, Loss: 5.738622665405273
Epoch: 2838, Loss: 5.65926456451416
Epoch: 2839, Loss: 5.718957901000977
Epoch: 2840, Loss: 5.677915573120117
Test acc: 0.0194, IC acc: 0.0037, IC acc2: 0.0035, IW acc: 0.0762
Epoch: 2841, Loss: 5.689690589904785
Epoch: 2842, Loss: 5.71860408782959
Epoch: 2843, Loss: 5.729158401489258
Epoch: 2844, Loss: 5.640644550323486
Epoch: 2845, Loss: 5.657861709594727
Epoch: 2846, Loss: 5.695055961608887
Epoch: 2847, Loss: 5.665346145629883
Epoch: 2848, Loss: 5.712512016296387
Epoch: 2849, Loss: 5.7431640625
./circuit_plots/Unrestricted Disentangled|Readout|CN=0|B0=2|B1=3|K=1280|L=320|p_B=0.75|p_C=0.75|B=2|eps=0|e6550d4e-6d1e-4f62-89ea-caa9422ff06f/ already exists.
./circuit_plots/Unrestricted Disentangled|Readout|CN=0|B0=2|B1=3|K=1280|L=320|p_B=0.75|p_C=0.75|B=2|eps=0|e6550d4e-6d1e-4f62-89ea-caa9422ff06f/ already exists.
./circuit_plots/Unrestricted Disentangled|Readout|CN=0|B0=2|B1=3|K=1280|L=320|p_B=0.75|p_C=0.75|B=2|eps=0|e6550d4e-6d1e-4f62-89ea-caa9422ff06f/ already exists.
./circuit_plots/Unrestricted Disentangled|Readout|CN=0|B0=2|B1=3|K=1280|L=320|p_B=0.75|p_C=0.75|B=2|eps=0|e6550d4e-6d1e-4f62-89ea-caa9422ff06f/ already exists.
./circuit_plots/Unrestricted Disentangled|Readout|CN=0|B0=2|B1=3|K=1280|L=320|p_B=0.75|p_C=0.75|B=2|eps=0|e6550d4e-6d1e-4f62-89ea-caa9422ff06f/ already exists.
./circuit_plots/Unrestricted Disentangled|Readout|CN=0|B0=2|B1=3|K=1280|L=320|p_B=0.75|p_C=0.75|B=2|eps=0|e6550d4e-6d1e-4f62-89ea-caa9422ff06f/ already exists.
./circuit_plots/Unrestricted Disentangled|Readout|CN=0|B0=2|B1=3|K=1280|L=320|p_B=0.75|p_C=0.75|B=2|eps=0|e6550d4e-6d1e-4f62-89ea-caa9422ff06f/ already exists.
Epoch: 2850, Loss: 5.685244560241699
Test acc: 0.0197, IC acc: 0.0037, IC acc2: 0.0035, IW acc: 0.0773
Epoch: 2851, Loss: 5.710886001586914
Epoch: 2852, Loss: 5.704864501953125
Epoch: 2853, Loss: 5.695150375366211
Epoch: 2854, Loss: 5.708735466003418
Epoch: 2855, Loss: 5.713850975036621
Epoch: 2856, Loss: 5.726023197174072
Epoch: 2857, Loss: 5.731791019439697
Epoch: 2858, Loss: 5.7105865478515625
Epoch: 2859, Loss: 5.6916608810424805
Epoch: 2860, Loss: 5.670351028442383
Test acc: 0.0199, IC acc: 0.0037, IC acc2: 0.0035, IW acc: 0.0783
Epoch: 2861, Loss: 5.740928649902344
Epoch: 2862, Loss: 5.679074287414551
Epoch: 2863, Loss: 5.686554431915283
Epoch: 2864, Loss: 5.753788471221924
Epoch: 2865, Loss: 5.676030158996582
Epoch: 2866, Loss: 5.688467979431152
Epoch: 2867, Loss: 5.715620040893555
Epoch: 2868, Loss: 5.747992515563965
Epoch: 2869, Loss: 5.7229766845703125
Epoch: 2870, Loss: 5.717081546783447
Test acc: 0.0199, IC acc: 0.0037, IC acc2: 0.0035, IW acc: 0.0783
Epoch: 2871, Loss: 5.711947441101074
Epoch: 2872, Loss: 5.761268615722656
Epoch: 2873, Loss: 5.664821147918701
Epoch: 2874, Loss: 5.723679542541504
Epoch: 2875, Loss: 5.748948097229004
Epoch: 2876, Loss: 5.705999851226807
Epoch: 2877, Loss: 5.750066757202148
Epoch: 2878, Loss: 5.765381813049316
Epoch: 2879, Loss: 5.733565330505371
Epoch: 2880, Loss: 5.648236274719238
Test acc: 0.0201, IC acc: 0.0037, IC acc2: 0.0035, IW acc: 0.0791
Epoch: 2881, Loss: 5.711957931518555
Epoch: 2882, Loss: 5.684709548950195
Epoch: 2883, Loss: 5.69587516784668
Epoch: 2884, Loss: 5.699581623077393
Epoch: 2885, Loss: 5.736956596374512
Epoch: 2886, Loss: 5.726518154144287
Epoch: 2887, Loss: 5.697649002075195
Epoch: 2888, Loss: 5.710347652435303
Epoch: 2889, Loss: 5.715705394744873
Epoch: 2890, Loss: 5.698266983032227
Test acc: 0.0201, IC acc: 0.0037, IC acc2: 0.0035, IW acc: 0.0791
Epoch: 2891, Loss: 5.7079315185546875
Epoch: 2892, Loss: 5.743149280548096
Epoch: 2893, Loss: 5.6998090744018555
Epoch: 2894, Loss: 5.742352485656738
Epoch: 2895, Loss: 5.721774578094482
Epoch: 2896, Loss: 5.728919982910156
Epoch: 2897, Loss: 5.766133785247803
Epoch: 2898, Loss: 5.671822547912598
Epoch: 2899, Loss: 5.741864204406738
./circuit_plots/Unrestricted Disentangled|Readout|CN=0|B0=2|B1=3|K=1280|L=320|p_B=0.75|p_C=0.75|B=2|eps=0|e6550d4e-6d1e-4f62-89ea-caa9422ff06f/ already exists.
./circuit_plots/Unrestricted Disentangled|Readout|CN=0|B0=2|B1=3|K=1280|L=320|p_B=0.75|p_C=0.75|B=2|eps=0|e6550d4e-6d1e-4f62-89ea-caa9422ff06f/ already exists.
./circuit_plots/Unrestricted Disentangled|Readout|CN=0|B0=2|B1=3|K=1280|L=320|p_B=0.75|p_C=0.75|B=2|eps=0|e6550d4e-6d1e-4f62-89ea-caa9422ff06f/ already exists.
./circuit_plots/Unrestricted Disentangled|Readout|CN=0|B0=2|B1=3|K=1280|L=320|p_B=0.75|p_C=0.75|B=2|eps=0|e6550d4e-6d1e-4f62-89ea-caa9422ff06f/ already exists.
./circuit_plots/Unrestricted Disentangled|Readout|CN=0|B0=2|B1=3|K=1280|L=320|p_B=0.75|p_C=0.75|B=2|eps=0|e6550d4e-6d1e-4f62-89ea-caa9422ff06f/ already exists.
./circuit_plots/Unrestricted Disentangled|Readout|CN=0|B0=2|B1=3|K=1280|L=320|p_B=0.75|p_C=0.75|B=2|eps=0|e6550d4e-6d1e-4f62-89ea-caa9422ff06f/ already exists.
./circuit_plots/Unrestricted Disentangled|Readout|CN=0|B0=2|B1=3|K=1280|L=320|p_B=0.75|p_C=0.75|B=2|eps=0|e6550d4e-6d1e-4f62-89ea-caa9422ff06f/ already exists.
Epoch: 2900, Loss: 5.7532501220703125
Test acc: 0.0201, IC acc: 0.0037, IC acc2: 0.0035, IW acc: 0.0791
Epoch: 2901, Loss: 5.723779678344727
Epoch: 2902, Loss: 5.682293891906738
Epoch: 2903, Loss: 5.70969820022583
Epoch: 2904, Loss: 5.706233501434326
Epoch: 2905, Loss: 5.68245267868042
Epoch: 2906, Loss: 5.7473225593566895
Epoch: 2907, Loss: 5.634407997131348
Epoch: 2908, Loss: 5.713220596313477
Epoch: 2909, Loss: 5.710588455200195
Epoch: 2910, Loss: 5.712308406829834
Test acc: 0.0201, IC acc: 0.0037, IC acc2: 0.0035, IW acc: 0.0791
Epoch: 2911, Loss: 5.696625709533691
Epoch: 2912, Loss: 5.682371616363525
Epoch: 2913, Loss: 5.715709686279297
Epoch: 2914, Loss: 5.724063873291016
Epoch: 2915, Loss: 5.716554641723633
Epoch: 2916, Loss: 5.726572513580322
Epoch: 2917, Loss: 5.693739891052246
Epoch: 2918, Loss: 5.68984842300415
Epoch: 2919, Loss: 5.736773490905762
Epoch: 2920, Loss: 5.71234130859375
Test acc: 0.0201, IC acc: 0.0034, IC acc2: 0.0035, IW acc: 0.079
Epoch: 2921, Loss: 5.707276344299316
Epoch: 2922, Loss: 5.762092590332031
Epoch: 2923, Loss: 5.724727630615234
Epoch: 2924, Loss: 5.688065528869629
Epoch: 2925, Loss: 5.71503210067749
Epoch: 2926, Loss: 5.723584175109863
Epoch: 2927, Loss: 5.743328094482422
Epoch: 2928, Loss: 5.746689796447754
Epoch: 2929, Loss: 5.692589282989502
Epoch: 2930, Loss: 5.743358612060547
Test acc: 0.02, IC acc: 0.0034, IC acc2: 0.0035, IW acc: 0.0785
Epoch: 2931, Loss: 5.698881149291992
Epoch: 2932, Loss: 5.7142438888549805
Epoch: 2933, Loss: 5.6825666427612305
Epoch: 2934, Loss: 5.722187042236328
Epoch: 2935, Loss: 5.743091583251953
Epoch: 2936, Loss: 5.734855651855469
Epoch: 2937, Loss: 5.697735786437988
Epoch: 2938, Loss: 5.736088752746582
Epoch: 2939, Loss: 5.747707366943359
Epoch: 2940, Loss: 5.72659969329834
Test acc: 0.0203, IC acc: 0.0034, IC acc2: 0.0035, IW acc: 0.0803
Epoch: 2941, Loss: 5.700623035430908
Epoch: 2942, Loss: 5.705963134765625
Epoch: 2943, Loss: 5.707457065582275
Epoch: 2944, Loss: 5.73681640625
Epoch: 2945, Loss: 5.742461681365967
Epoch: 2946, Loss: 5.703726768493652
Epoch: 2947, Loss: 5.707999229431152
Epoch: 2948, Loss: 5.727686882019043
Epoch: 2949, Loss: 5.698227405548096
./circuit_plots/Unrestricted Disentangled|Readout|CN=0|B0=2|B1=3|K=1280|L=320|p_B=0.75|p_C=0.75|B=2|eps=0|e6550d4e-6d1e-4f62-89ea-caa9422ff06f/ already exists.
./circuit_plots/Unrestricted Disentangled|Readout|CN=0|B0=2|B1=3|K=1280|L=320|p_B=0.75|p_C=0.75|B=2|eps=0|e6550d4e-6d1e-4f62-89ea-caa9422ff06f/ already exists.
./circuit_plots/Unrestricted Disentangled|Readout|CN=0|B0=2|B1=3|K=1280|L=320|p_B=0.75|p_C=0.75|B=2|eps=0|e6550d4e-6d1e-4f62-89ea-caa9422ff06f/ already exists.
./circuit_plots/Unrestricted Disentangled|Readout|CN=0|B0=2|B1=3|K=1280|L=320|p_B=0.75|p_C=0.75|B=2|eps=0|e6550d4e-6d1e-4f62-89ea-caa9422ff06f/ already exists.
./circuit_plots/Unrestricted Disentangled|Readout|CN=0|B0=2|B1=3|K=1280|L=320|p_B=0.75|p_C=0.75|B=2|eps=0|e6550d4e-6d1e-4f62-89ea-caa9422ff06f/ already exists.
./circuit_plots/Unrestricted Disentangled|Readout|CN=0|B0=2|B1=3|K=1280|L=320|p_B=0.75|p_C=0.75|B=2|eps=0|e6550d4e-6d1e-4f62-89ea-caa9422ff06f/ already exists.
./circuit_plots/Unrestricted Disentangled|Readout|CN=0|B0=2|B1=3|K=1280|L=320|p_B=0.75|p_C=0.75|B=2|eps=0|e6550d4e-6d1e-4f62-89ea-caa9422ff06f/ already exists.
Epoch: 2950, Loss: 5.713965892791748
Test acc: 0.0204, IC acc: 0.0034, IC acc2: 0.0035, IW acc: 0.0815
Epoch: 2951, Loss: 5.716638565063477
Epoch: 2952, Loss: 5.7215800285339355
Epoch: 2953, Loss: 5.720363616943359
Epoch: 2954, Loss: 5.710567474365234
Epoch: 2955, Loss: 5.72296142578125
Epoch: 2956, Loss: 5.702521324157715
Epoch: 2957, Loss: 5.711161136627197
Epoch: 2958, Loss: 5.711363792419434
Epoch: 2959, Loss: 5.695501327514648
Epoch: 2960, Loss: 5.765011787414551
Test acc: 0.0205, IC acc: 0.0034, IC acc2: 0.0035, IW acc: 0.0828
Epoch: 2961, Loss: 5.653532981872559
Epoch: 2962, Loss: 5.680272102355957
Epoch: 2963, Loss: 5.7399187088012695
Epoch: 2964, Loss: 5.72839879989624
Epoch: 2965, Loss: 5.726815223693848
Epoch: 2966, Loss: 5.705380439758301
Epoch: 2967, Loss: 5.721583843231201
Epoch: 2968, Loss: 5.743124961853027
Epoch: 2969, Loss: 5.7540693283081055
Epoch: 2970, Loss: 5.724399089813232
Test acc: 0.0205, IC acc: 0.0034, IC acc2: 0.0035, IW acc: 0.0828
Epoch: 2971, Loss: 5.768738746643066
Epoch: 2972, Loss: 5.743760108947754
Epoch: 2973, Loss: 5.679086685180664
Epoch: 2974, Loss: 5.722127914428711
Epoch: 2975, Loss: 5.697175025939941
Epoch: 2976, Loss: 5.729153633117676
Epoch: 2977, Loss: 5.707049369812012
Epoch: 2978, Loss: 5.706486701965332
Epoch: 2979, Loss: 5.7603535652160645
Epoch: 2980, Loss: 5.733962059020996
Test acc: 0.0205, IC acc: 0.0034, IC acc2: 0.0035, IW acc: 0.0828
Epoch: 2981, Loss: 5.689729690551758
Epoch: 2982, Loss: 5.748970985412598
Epoch: 2983, Loss: 5.736298561096191
Epoch: 2984, Loss: 5.7589287757873535
Epoch: 2985, Loss: 5.684325218200684
Epoch: 2986, Loss: 5.708522796630859
Epoch: 2987, Loss: 5.71739387512207
Epoch: 2988, Loss: 5.660143852233887
Epoch: 2989, Loss: 5.707359313964844
Epoch: 2990, Loss: 5.718205451965332
Test acc: 0.021, IC acc: 0.0034, IC acc2: 0.0035, IW acc: 0.0843
Epoch: 2991, Loss: 5.751350402832031
Epoch: 2992, Loss: 5.740598678588867
Epoch: 2993, Loss: 5.727577209472656
Epoch: 2994, Loss: 5.734866142272949
Epoch: 2995, Loss: 5.678422927856445
Epoch: 2996, Loss: 5.731053352355957
Epoch: 2997, Loss: 5.656216144561768
Epoch: 2998, Loss: 5.732361793518066
Epoch: 2999, Loss: 5.714357376098633
./circuit_plots/Unrestricted Disentangled|Readout|CN=0|B0=2|B1=3|K=1280|L=320|p_B=0.75|p_C=0.75|B=2|eps=0|e6550d4e-6d1e-4f62-89ea-caa9422ff06f/ already exists.
./circuit_plots/Unrestricted Disentangled|Readout|CN=0|B0=2|B1=3|K=1280|L=320|p_B=0.75|p_C=0.75|B=2|eps=0|e6550d4e-6d1e-4f62-89ea-caa9422ff06f/ already exists.
./circuit_plots/Unrestricted Disentangled|Readout|CN=0|B0=2|B1=3|K=1280|L=320|p_B=0.75|p_C=0.75|B=2|eps=0|e6550d4e-6d1e-4f62-89ea-caa9422ff06f/ already exists.
./circuit_plots/Unrestricted Disentangled|Readout|CN=0|B0=2|B1=3|K=1280|L=320|p_B=0.75|p_C=0.75|B=2|eps=0|e6550d4e-6d1e-4f62-89ea-caa9422ff06f/ already exists.
./circuit_plots/Unrestricted Disentangled|Readout|CN=0|B0=2|B1=3|K=1280|L=320|p_B=0.75|p_C=0.75|B=2|eps=0|e6550d4e-6d1e-4f62-89ea-caa9422ff06f/ already exists.
./circuit_plots/Unrestricted Disentangled|Readout|CN=0|B0=2|B1=3|K=1280|L=320|p_B=0.75|p_C=0.75|B=2|eps=0|e6550d4e-6d1e-4f62-89ea-caa9422ff06f/ already exists.
./circuit_plots/Unrestricted Disentangled|Readout|CN=0|B0=2|B1=3|K=1280|L=320|p_B=0.75|p_C=0.75|B=2|eps=0|e6550d4e-6d1e-4f62-89ea-caa9422ff06f/ already exists.
Epoch: 3000, Loss: 5.669796466827393
Test acc: 0.0211, IC acc: 0.0034, IC acc2: 0.0035, IW acc: 0.0847
Epoch: 3001, Loss: 5.716099739074707
Epoch: 3002, Loss: 5.740225791931152
Epoch: 3003, Loss: 5.673819541931152
Epoch: 3004, Loss: 5.734734058380127
Epoch: 3005, Loss: 5.741924285888672
Epoch: 3006, Loss: 5.75585412979126
Epoch: 3007, Loss: 5.742489814758301
Epoch: 3008, Loss: 5.703439235687256
Epoch: 3009, Loss: 5.716957092285156
Epoch: 3010, Loss: 5.722658157348633
Test acc: 0.0211, IC acc: 0.0034, IC acc2: 0.0035, IW acc: 0.0847
Epoch: 3011, Loss: 5.702306747436523
Epoch: 3012, Loss: 5.683526039123535
Epoch: 3013, Loss: 5.694894313812256
Epoch: 3014, Loss: 5.684979438781738
Epoch: 3015, Loss: 5.715616226196289
Epoch: 3016, Loss: 5.707677841186523
Epoch: 3017, Loss: 5.70722770690918
Epoch: 3018, Loss: 5.766549110412598
Epoch: 3019, Loss: 5.718724250793457
Epoch: 3020, Loss: 5.680217742919922
Test acc: 0.0212, IC acc: 0.0034, IC acc2: 0.0035, IW acc: 0.0856
Epoch: 3021, Loss: 5.695209503173828
Epoch: 3022, Loss: 5.72723388671875
Epoch: 3023, Loss: 5.691595077514648
Epoch: 3024, Loss: 5.666344165802002
Epoch: 3025, Loss: 5.6723127365112305
Epoch: 3026, Loss: 5.70981502532959
Epoch: 3027, Loss: 5.717483043670654
Epoch: 3028, Loss: 5.757167816162109
Epoch: 3029, Loss: 5.717355728149414
Epoch: 3030, Loss: 5.7172417640686035
Test acc: 0.0212, IC acc: 0.0034, IC acc2: 0.0035, IW acc: 0.0853
Epoch: 3031, Loss: 5.721790790557861
Epoch: 3032, Loss: 5.705157279968262
Epoch: 3033, Loss: 5.693473815917969
Epoch: 3034, Loss: 5.714917182922363
Epoch: 3035, Loss: 5.74254035949707
Epoch: 3036, Loss: 5.735419273376465
Epoch: 3037, Loss: 5.689558029174805
Epoch: 3038, Loss: 5.675396919250488
Epoch: 3039, Loss: 5.706896781921387
Epoch: 3040, Loss: 5.755687236785889
Test acc: 0.0213, IC acc: 0.0034, IC acc2: 0.0035, IW acc: 0.0854
Epoch: 3041, Loss: 5.73512077331543
Epoch: 3042, Loss: 5.760148048400879
Epoch: 3043, Loss: 5.669496536254883
Epoch: 3044, Loss: 5.752631187438965
Epoch: 3045, Loss: 5.700353622436523
Epoch: 3046, Loss: 5.701239585876465
Epoch: 3047, Loss: 5.707730293273926
Epoch: 3048, Loss: 5.704791069030762
Epoch: 3049, Loss: 5.690356254577637
./circuit_plots/Unrestricted Disentangled|Readout|CN=0|B0=2|B1=3|K=1280|L=320|p_B=0.75|p_C=0.75|B=2|eps=0|e6550d4e-6d1e-4f62-89ea-caa9422ff06f/ already exists.
./circuit_plots/Unrestricted Disentangled|Readout|CN=0|B0=2|B1=3|K=1280|L=320|p_B=0.75|p_C=0.75|B=2|eps=0|e6550d4e-6d1e-4f62-89ea-caa9422ff06f/ already exists.
./circuit_plots/Unrestricted Disentangled|Readout|CN=0|B0=2|B1=3|K=1280|L=320|p_B=0.75|p_C=0.75|B=2|eps=0|e6550d4e-6d1e-4f62-89ea-caa9422ff06f/ already exists.
./circuit_plots/Unrestricted Disentangled|Readout|CN=0|B0=2|B1=3|K=1280|L=320|p_B=0.75|p_C=0.75|B=2|eps=0|e6550d4e-6d1e-4f62-89ea-caa9422ff06f/ already exists.
./circuit_plots/Unrestricted Disentangled|Readout|CN=0|B0=2|B1=3|K=1280|L=320|p_B=0.75|p_C=0.75|B=2|eps=0|e6550d4e-6d1e-4f62-89ea-caa9422ff06f/ already exists.
./circuit_plots/Unrestricted Disentangled|Readout|CN=0|B0=2|B1=3|K=1280|L=320|p_B=0.75|p_C=0.75|B=2|eps=0|e6550d4e-6d1e-4f62-89ea-caa9422ff06f/ already exists.
./circuit_plots/Unrestricted Disentangled|Readout|CN=0|B0=2|B1=3|K=1280|L=320|p_B=0.75|p_C=0.75|B=2|eps=0|e6550d4e-6d1e-4f62-89ea-caa9422ff06f/ already exists.
Epoch: 3050, Loss: 5.706763744354248
Test acc: 0.0215, IC acc: 0.0034, IC acc2: 0.0035, IW acc: 0.088
Epoch: 3051, Loss: 5.6850714683532715
Epoch: 3052, Loss: 5.714850425720215
Epoch: 3053, Loss: 5.734391212463379
Epoch: 3054, Loss: 5.679135322570801
Epoch: 3055, Loss: 5.6858696937561035
Epoch: 3056, Loss: 5.693713188171387
Epoch: 3057, Loss: 5.739621162414551
Epoch: 3058, Loss: 5.689913749694824
Epoch: 3059, Loss: 5.72674560546875
Epoch: 3060, Loss: 5.686307430267334
Test acc: 0.0215, IC acc: 0.0034, IC acc2: 0.0035, IW acc: 0.088
Epoch: 3061, Loss: 5.703885078430176
Epoch: 3062, Loss: 5.659779071807861
Epoch: 3063, Loss: 5.685975074768066
Epoch: 3064, Loss: 5.754033088684082
Epoch: 3065, Loss: 5.702362537384033
Epoch: 3066, Loss: 5.723650932312012
Epoch: 3067, Loss: 5.6834330558776855
Epoch: 3068, Loss: 5.756875514984131
Epoch: 3069, Loss: 5.679183483123779
Epoch: 3070, Loss: 5.74431848526001
Test acc: 0.0215, IC acc: 0.0034, IC acc2: 0.0035, IW acc: 0.0882
Epoch: 3071, Loss: 5.697335243225098
Epoch: 3072, Loss: 5.681488990783691
Epoch: 3073, Loss: 5.740670204162598
Epoch: 3074, Loss: 5.712912082672119
Epoch: 3075, Loss: 5.742047309875488
Epoch: 3076, Loss: 5.722420692443848
Epoch: 3077, Loss: 5.695400238037109
Epoch: 3078, Loss: 5.753070831298828
Epoch: 3079, Loss: 5.699636459350586
Epoch: 3080, Loss: 5.668144226074219
Test acc: 0.0216, IC acc: 0.0034, IC acc2: 0.0035, IW acc: 0.0889
Epoch: 3081, Loss: 5.708693504333496
Epoch: 3082, Loss: 5.742229461669922
Epoch: 3083, Loss: 5.737479209899902
Epoch: 3084, Loss: 5.728914260864258
Epoch: 3085, Loss: 5.669140815734863
Epoch: 3086, Loss: 5.751679420471191
Epoch: 3087, Loss: 5.665424346923828
Epoch: 3088, Loss: 5.715214729309082
Epoch: 3089, Loss: 5.75305700302124
Epoch: 3090, Loss: 5.69838809967041
Test acc: 0.0215, IC acc: 0.0034, IC acc2: 0.0035, IW acc: 0.088
Epoch: 3091, Loss: 5.728326797485352
Epoch: 3092, Loss: 5.688554763793945
Epoch: 3093, Loss: 5.635782718658447
Epoch: 3094, Loss: 5.691335201263428
Epoch: 3095, Loss: 5.672080993652344
Epoch: 3096, Loss: 5.711525917053223
Epoch: 3097, Loss: 5.7209577560424805
Epoch: 3098, Loss: 5.754663467407227
Epoch: 3099, Loss: 5.669938087463379
./circuit_plots/Unrestricted Disentangled|Readout|CN=0|B0=2|B1=3|K=1280|L=320|p_B=0.75|p_C=0.75|B=2|eps=0|e6550d4e-6d1e-4f62-89ea-caa9422ff06f/ already exists.
./circuit_plots/Unrestricted Disentangled|Readout|CN=0|B0=2|B1=3|K=1280|L=320|p_B=0.75|p_C=0.75|B=2|eps=0|e6550d4e-6d1e-4f62-89ea-caa9422ff06f/ already exists.
./circuit_plots/Unrestricted Disentangled|Readout|CN=0|B0=2|B1=3|K=1280|L=320|p_B=0.75|p_C=0.75|B=2|eps=0|e6550d4e-6d1e-4f62-89ea-caa9422ff06f/ already exists.
./circuit_plots/Unrestricted Disentangled|Readout|CN=0|B0=2|B1=3|K=1280|L=320|p_B=0.75|p_C=0.75|B=2|eps=0|e6550d4e-6d1e-4f62-89ea-caa9422ff06f/ already exists.
./circuit_plots/Unrestricted Disentangled|Readout|CN=0|B0=2|B1=3|K=1280|L=320|p_B=0.75|p_C=0.75|B=2|eps=0|e6550d4e-6d1e-4f62-89ea-caa9422ff06f/ already exists.
./circuit_plots/Unrestricted Disentangled|Readout|CN=0|B0=2|B1=3|K=1280|L=320|p_B=0.75|p_C=0.75|B=2|eps=0|e6550d4e-6d1e-4f62-89ea-caa9422ff06f/ already exists.
./circuit_plots/Unrestricted Disentangled|Readout|CN=0|B0=2|B1=3|K=1280|L=320|p_B=0.75|p_C=0.75|B=2|eps=0|e6550d4e-6d1e-4f62-89ea-caa9422ff06f/ already exists.
Epoch: 3100, Loss: 5.7103590965271
Test acc: 0.0217, IC acc: 0.0034, IC acc2: 0.0035, IW acc: 0.0888
Epoch: 3101, Loss: 5.6682329177856445
Epoch: 3102, Loss: 5.746023654937744
Epoch: 3103, Loss: 5.764913558959961
Epoch: 3104, Loss: 5.724422931671143
Epoch: 3105, Loss: 5.728751182556152
Epoch: 3106, Loss: 5.711785793304443
Epoch: 3107, Loss: 5.744477272033691
Epoch: 3108, Loss: 5.714118003845215
Epoch: 3109, Loss: 5.685782432556152
Epoch: 3110, Loss: 5.710875511169434
Test acc: 0.0215, IC acc: 0.0034, IC acc2: 0.0035, IW acc: 0.0879
Epoch: 3111, Loss: 5.707376956939697
Epoch: 3112, Loss: 5.684192657470703
Epoch: 3113, Loss: 5.74581241607666
Epoch: 3114, Loss: 5.72184944152832
Epoch: 3115, Loss: 5.726571083068848
Epoch: 3116, Loss: 5.708258628845215
Epoch: 3117, Loss: 5.693291664123535
Epoch: 3118, Loss: 5.713581562042236
Epoch: 3119, Loss: 5.707563400268555
Epoch: 3120, Loss: 5.691693305969238
Test acc: 0.0216, IC acc: 0.0034, IC acc2: 0.0035, IW acc: 0.0895
Epoch: 3121, Loss: 5.637399673461914
Epoch: 3122, Loss: 5.7296671867370605
Epoch: 3123, Loss: 5.663000106811523
Epoch: 3124, Loss: 5.734780311584473
Epoch: 3125, Loss: 5.7045745849609375
Epoch: 3126, Loss: 5.726958274841309
Epoch: 3127, Loss: 5.6577301025390625
Epoch: 3128, Loss: 5.6961565017700195
Epoch: 3129, Loss: 5.6776018142700195
Epoch: 3130, Loss: 5.723316669464111
Test acc: 0.0219, IC acc: 0.0034, IC acc2: 0.0035, IW acc: 0.0905
Epoch: 3131, Loss: 5.734378814697266
Epoch: 3132, Loss: 5.678297996520996
Epoch: 3133, Loss: 5.685724258422852
Epoch: 3134, Loss: 5.647850513458252
Epoch: 3135, Loss: 5.705944061279297
Epoch: 3136, Loss: 5.727706432342529
Epoch: 3137, Loss: 5.723654747009277
Epoch: 3138, Loss: 5.661090850830078
Epoch: 3139, Loss: 5.702403545379639
Epoch: 3140, Loss: 5.682831287384033
Test acc: 0.0223, IC acc: 0.0034, IC acc2: 0.0035, IW acc: 0.092
Epoch: 3141, Loss: 5.7219929695129395
Epoch: 3142, Loss: 5.735322952270508
Epoch: 3143, Loss: 5.741538047790527
Epoch: 3144, Loss: 5.696122169494629
Epoch: 3145, Loss: 5.6968488693237305
Epoch: 3146, Loss: 5.684590816497803
Epoch: 3147, Loss: 5.69852352142334
Epoch: 3148, Loss: 5.692178726196289
Epoch: 3149, Loss: 5.723049640655518
./circuit_plots/Unrestricted Disentangled|Readout|CN=0|B0=2|B1=3|K=1280|L=320|p_B=0.75|p_C=0.75|B=2|eps=0|e6550d4e-6d1e-4f62-89ea-caa9422ff06f/ already exists.
./circuit_plots/Unrestricted Disentangled|Readout|CN=0|B0=2|B1=3|K=1280|L=320|p_B=0.75|p_C=0.75|B=2|eps=0|e6550d4e-6d1e-4f62-89ea-caa9422ff06f/ already exists.
./circuit_plots/Unrestricted Disentangled|Readout|CN=0|B0=2|B1=3|K=1280|L=320|p_B=0.75|p_C=0.75|B=2|eps=0|e6550d4e-6d1e-4f62-89ea-caa9422ff06f/ already exists.
./circuit_plots/Unrestricted Disentangled|Readout|CN=0|B0=2|B1=3|K=1280|L=320|p_B=0.75|p_C=0.75|B=2|eps=0|e6550d4e-6d1e-4f62-89ea-caa9422ff06f/ already exists.
./circuit_plots/Unrestricted Disentangled|Readout|CN=0|B0=2|B1=3|K=1280|L=320|p_B=0.75|p_C=0.75|B=2|eps=0|e6550d4e-6d1e-4f62-89ea-caa9422ff06f/ already exists.
./circuit_plots/Unrestricted Disentangled|Readout|CN=0|B0=2|B1=3|K=1280|L=320|p_B=0.75|p_C=0.75|B=2|eps=0|e6550d4e-6d1e-4f62-89ea-caa9422ff06f/ already exists.
./circuit_plots/Unrestricted Disentangled|Readout|CN=0|B0=2|B1=3|K=1280|L=320|p_B=0.75|p_C=0.75|B=2|eps=0|e6550d4e-6d1e-4f62-89ea-caa9422ff06f/ already exists.
Epoch: 3150, Loss: 5.691798210144043
Test acc: 0.0221, IC acc: 0.0034, IC acc2: 0.0035, IW acc: 0.0918
Epoch: 3151, Loss: 5.6979594230651855
Epoch: 3152, Loss: 5.611208915710449
Epoch: 3153, Loss: 5.7500715255737305
Epoch: 3154, Loss: 5.729517936706543
Epoch: 3155, Loss: 5.6901140213012695
Epoch: 3156, Loss: 5.681999206542969
Epoch: 3157, Loss: 5.712642669677734
Epoch: 3158, Loss: 5.695916175842285
Epoch: 3159, Loss: 5.631282806396484
Epoch: 3160, Loss: 5.711901664733887
Test acc: 0.0221, IC acc: 0.0034, IC acc2: 0.0035, IW acc: 0.0918
Epoch: 3161, Loss: 5.697403907775879
Epoch: 3162, Loss: 5.682231903076172
Epoch: 3163, Loss: 5.722307205200195
Epoch: 3164, Loss: 5.721627235412598
Epoch: 3165, Loss: 5.733753204345703
Epoch: 3166, Loss: 5.664230823516846
Epoch: 3167, Loss: 5.741095066070557
Epoch: 3168, Loss: 5.732152938842773
Epoch: 3169, Loss: 5.653275489807129
Epoch: 3170, Loss: 5.709805488586426
Test acc: 0.0223, IC acc: 0.0034, IC acc2: 0.0035, IW acc: 0.0923
Epoch: 3171, Loss: 5.672859191894531
Epoch: 3172, Loss: 5.7192816734313965
Epoch: 3173, Loss: 5.659979820251465
Epoch: 3174, Loss: 5.685986042022705
Epoch: 3175, Loss: 5.694063186645508
Epoch: 3176, Loss: 5.699548721313477
Epoch: 3177, Loss: 5.697317123413086
Epoch: 3178, Loss: 5.697144508361816
Epoch: 3179, Loss: 5.702183246612549
Epoch: 3180, Loss: 5.707856178283691
Test acc: 0.0226, IC acc: 0.0034, IC acc2: 0.0035, IW acc: 0.0931
Epoch: 3181, Loss: 5.707724571228027
Epoch: 3182, Loss: 5.727005958557129
Epoch: 3183, Loss: 5.711400032043457
Epoch: 3184, Loss: 5.696479797363281
Epoch: 3185, Loss: 5.698295593261719
Epoch: 3186, Loss: 5.688882350921631
Epoch: 3187, Loss: 5.699837684631348
Epoch: 3188, Loss: 5.720149040222168
Epoch: 3189, Loss: 5.692375183105469
Epoch: 3190, Loss: 5.692089080810547
Test acc: 0.0224, IC acc: 0.0034, IC acc2: 0.0035, IW acc: 0.0932
Epoch: 3191, Loss: 5.70753288269043
Epoch: 3192, Loss: 5.700636863708496
Epoch: 3193, Loss: 5.723062515258789
Epoch: 3194, Loss: 5.7392072677612305
Epoch: 3195, Loss: 5.734642028808594
Epoch: 3196, Loss: 5.723110198974609
Epoch: 3197, Loss: 5.726092338562012
Epoch: 3198, Loss: 5.717058181762695
Epoch: 3199, Loss: 5.734210968017578
./circuit_plots/Unrestricted Disentangled|Readout|CN=0|B0=2|B1=3|K=1280|L=320|p_B=0.75|p_C=0.75|B=2|eps=0|e6550d4e-6d1e-4f62-89ea-caa9422ff06f/ already exists.
./circuit_plots/Unrestricted Disentangled|Readout|CN=0|B0=2|B1=3|K=1280|L=320|p_B=0.75|p_C=0.75|B=2|eps=0|e6550d4e-6d1e-4f62-89ea-caa9422ff06f/ already exists.
./circuit_plots/Unrestricted Disentangled|Readout|CN=0|B0=2|B1=3|K=1280|L=320|p_B=0.75|p_C=0.75|B=2|eps=0|e6550d4e-6d1e-4f62-89ea-caa9422ff06f/ already exists.
./circuit_plots/Unrestricted Disentangled|Readout|CN=0|B0=2|B1=3|K=1280|L=320|p_B=0.75|p_C=0.75|B=2|eps=0|e6550d4e-6d1e-4f62-89ea-caa9422ff06f/ already exists.
./circuit_plots/Unrestricted Disentangled|Readout|CN=0|B0=2|B1=3|K=1280|L=320|p_B=0.75|p_C=0.75|B=2|eps=0|e6550d4e-6d1e-4f62-89ea-caa9422ff06f/ already exists.
./circuit_plots/Unrestricted Disentangled|Readout|CN=0|B0=2|B1=3|K=1280|L=320|p_B=0.75|p_C=0.75|B=2|eps=0|e6550d4e-6d1e-4f62-89ea-caa9422ff06f/ already exists.
./circuit_plots/Unrestricted Disentangled|Readout|CN=0|B0=2|B1=3|K=1280|L=320|p_B=0.75|p_C=0.75|B=2|eps=0|e6550d4e-6d1e-4f62-89ea-caa9422ff06f/ already exists.
Epoch: 3200, Loss: 5.720765113830566
Test acc: 0.0223, IC acc: 0.0034, IC acc2: 0.0035, IW acc: 0.0927
Epoch: 3201, Loss: 5.701382637023926
Epoch: 3202, Loss: 5.694949150085449
Epoch: 3203, Loss: 5.68931770324707
Epoch: 3204, Loss: 5.713143348693848
Epoch: 3205, Loss: 5.713627815246582
Epoch: 3206, Loss: 5.698188781738281
Epoch: 3207, Loss: 5.724909782409668
Epoch: 3208, Loss: 5.740009307861328
Epoch: 3209, Loss: 5.693949222564697
Epoch: 3210, Loss: 5.703892707824707
Test acc: 0.0229, IC acc: 0.0034, IC acc2: 0.0035, IW acc: 0.0948
Epoch: 3211, Loss: 5.722563743591309
Epoch: 3212, Loss: 5.710210800170898
Epoch: 3213, Loss: 5.67152738571167
Epoch: 3214, Loss: 5.7175517082214355
Epoch: 3215, Loss: 5.758097171783447
Epoch: 3216, Loss: 5.733787536621094
Epoch: 3217, Loss: 5.74193811416626
Epoch: 3218, Loss: 5.713778495788574
Epoch: 3219, Loss: 5.729443550109863
Epoch: 3220, Loss: 5.7097697257995605
Test acc: 0.0228, IC acc: 0.0034, IC acc2: 0.0035, IW acc: 0.0943
Epoch: 3221, Loss: 5.768189430236816
Epoch: 3222, Loss: 5.697100639343262
Epoch: 3223, Loss: 5.69597053527832
Epoch: 3224, Loss: 5.719773292541504
Epoch: 3225, Loss: 5.742865562438965
Epoch: 3226, Loss: 5.7350053787231445
Epoch: 3227, Loss: 5.694538116455078
Epoch: 3228, Loss: 5.697220802307129
Epoch: 3229, Loss: 5.699043273925781
Epoch: 3230, Loss: 5.6955246925354
Test acc: 0.0226, IC acc: 0.0034, IC acc2: 0.0035, IW acc: 0.0932
Epoch: 3231, Loss: 5.698868274688721
Epoch: 3232, Loss: 5.674086570739746
Epoch: 3233, Loss: 5.699139595031738
Epoch: 3234, Loss: 5.708887100219727
Epoch: 3235, Loss: 5.706496238708496
Epoch: 3236, Loss: 5.718619346618652
Epoch: 3237, Loss: 5.661233425140381
Epoch: 3238, Loss: 5.70324182510376
Epoch: 3239, Loss: 5.711376190185547
Epoch: 3240, Loss: 5.753019332885742
Test acc: 0.0228, IC acc: 0.0034, IC acc2: 0.0035, IW acc: 0.0942
Epoch: 3241, Loss: 5.655257225036621
Epoch: 3242, Loss: 5.725759506225586
Epoch: 3243, Loss: 5.671968460083008
Epoch: 3244, Loss: 5.69757604598999
Epoch: 3245, Loss: 5.736251354217529
Epoch: 3246, Loss: 5.7135162353515625
Epoch: 3247, Loss: 5.7365546226501465
Epoch: 3248, Loss: 5.753500938415527
Epoch: 3249, Loss: 5.709236145019531
./circuit_plots/Unrestricted Disentangled|Readout|CN=0|B0=2|B1=3|K=1280|L=320|p_B=0.75|p_C=0.75|B=2|eps=0|e6550d4e-6d1e-4f62-89ea-caa9422ff06f/ already exists.
./circuit_plots/Unrestricted Disentangled|Readout|CN=0|B0=2|B1=3|K=1280|L=320|p_B=0.75|p_C=0.75|B=2|eps=0|e6550d4e-6d1e-4f62-89ea-caa9422ff06f/ already exists.
./circuit_plots/Unrestricted Disentangled|Readout|CN=0|B0=2|B1=3|K=1280|L=320|p_B=0.75|p_C=0.75|B=2|eps=0|e6550d4e-6d1e-4f62-89ea-caa9422ff06f/ already exists.
./circuit_plots/Unrestricted Disentangled|Readout|CN=0|B0=2|B1=3|K=1280|L=320|p_B=0.75|p_C=0.75|B=2|eps=0|e6550d4e-6d1e-4f62-89ea-caa9422ff06f/ already exists.
./circuit_plots/Unrestricted Disentangled|Readout|CN=0|B0=2|B1=3|K=1280|L=320|p_B=0.75|p_C=0.75|B=2|eps=0|e6550d4e-6d1e-4f62-89ea-caa9422ff06f/ already exists.
./circuit_plots/Unrestricted Disentangled|Readout|CN=0|B0=2|B1=3|K=1280|L=320|p_B=0.75|p_C=0.75|B=2|eps=0|e6550d4e-6d1e-4f62-89ea-caa9422ff06f/ already exists.
./circuit_plots/Unrestricted Disentangled|Readout|CN=0|B0=2|B1=3|K=1280|L=320|p_B=0.75|p_C=0.75|B=2|eps=0|e6550d4e-6d1e-4f62-89ea-caa9422ff06f/ already exists.
Epoch: 3250, Loss: 5.695610046386719
Test acc: 0.0228, IC acc: 0.0027, IC acc2: 0.0044, IW acc: 0.0942
Epoch: 3251, Loss: 5.670743942260742
Epoch: 3252, Loss: 5.7361369132995605
Epoch: 3253, Loss: 5.709526062011719
Epoch: 3254, Loss: 5.683499813079834
Epoch: 3255, Loss: 5.658621311187744
Epoch: 3256, Loss: 5.769194602966309
Epoch: 3257, Loss: 5.687843322753906
Epoch: 3258, Loss: 5.766993522644043
Epoch: 3259, Loss: 5.710617542266846
Epoch: 3260, Loss: 5.702081203460693
Test acc: 0.0233, IC acc: 0.0034, IC acc2: 0.0044, IW acc: 0.0963
Epoch: 3261, Loss: 5.655591011047363
Epoch: 3262, Loss: 5.698336124420166
Epoch: 3263, Loss: 5.655820846557617
Epoch: 3264, Loss: 5.705935478210449
Epoch: 3265, Loss: 5.694523811340332
Epoch: 3266, Loss: 5.704577445983887
Epoch: 3267, Loss: 5.644585609436035
Epoch: 3268, Loss: 5.695205211639404
Epoch: 3269, Loss: 5.704721450805664
Epoch: 3270, Loss: 5.687941551208496
Test acc: 0.0238, IC acc: 0.0034, IC acc2: 0.004, IW acc: 0.0979
Epoch: 3271, Loss: 5.717392444610596
Epoch: 3272, Loss: 5.717100143432617
Epoch: 3273, Loss: 5.708147048950195
Epoch: 3274, Loss: 5.725329399108887
Epoch: 3275, Loss: 5.70188045501709
Epoch: 3276, Loss: 5.7076520919799805
Epoch: 3277, Loss: 5.7108354568481445
Epoch: 3278, Loss: 5.70430850982666
Epoch: 3279, Loss: 5.689862251281738
Epoch: 3280, Loss: 5.711166858673096
Test acc: 0.0238, IC acc: 0.0034, IC acc2: 0.004, IW acc: 0.0984
Epoch: 3281, Loss: 5.672335624694824
Epoch: 3282, Loss: 5.7072577476501465
Epoch: 3283, Loss: 5.6782660484313965
Epoch: 3284, Loss: 5.692791938781738
Epoch: 3285, Loss: 5.715442180633545
Epoch: 3286, Loss: 5.723864555358887
Epoch: 3287, Loss: 5.703660488128662
Epoch: 3288, Loss: 5.714496612548828
Epoch: 3289, Loss: 5.698556900024414
Epoch: 3290, Loss: 5.722089767456055
Test acc: 0.0238, IC acc: 0.0034, IC acc2: 0.004, IW acc: 0.0991
Epoch: 3291, Loss: 5.63652229309082
Epoch: 3292, Loss: 5.718421936035156
Epoch: 3293, Loss: 5.7017059326171875
Epoch: 3294, Loss: 5.7090654373168945
Epoch: 3295, Loss: 5.726680755615234
Epoch: 3296, Loss: 5.694847583770752
Epoch: 3297, Loss: 5.670219421386719
Epoch: 3298, Loss: 5.702800273895264
Epoch: 3299, Loss: 5.647451877593994
./circuit_plots/Unrestricted Disentangled|Readout|CN=0|B0=2|B1=3|K=1280|L=320|p_B=0.75|p_C=0.75|B=2|eps=0|e6550d4e-6d1e-4f62-89ea-caa9422ff06f/ already exists.
./circuit_plots/Unrestricted Disentangled|Readout|CN=0|B0=2|B1=3|K=1280|L=320|p_B=0.75|p_C=0.75|B=2|eps=0|e6550d4e-6d1e-4f62-89ea-caa9422ff06f/ already exists.
./circuit_plots/Unrestricted Disentangled|Readout|CN=0|B0=2|B1=3|K=1280|L=320|p_B=0.75|p_C=0.75|B=2|eps=0|e6550d4e-6d1e-4f62-89ea-caa9422ff06f/ already exists.
./circuit_plots/Unrestricted Disentangled|Readout|CN=0|B0=2|B1=3|K=1280|L=320|p_B=0.75|p_C=0.75|B=2|eps=0|e6550d4e-6d1e-4f62-89ea-caa9422ff06f/ already exists.
./circuit_plots/Unrestricted Disentangled|Readout|CN=0|B0=2|B1=3|K=1280|L=320|p_B=0.75|p_C=0.75|B=2|eps=0|e6550d4e-6d1e-4f62-89ea-caa9422ff06f/ already exists.
./circuit_plots/Unrestricted Disentangled|Readout|CN=0|B0=2|B1=3|K=1280|L=320|p_B=0.75|p_C=0.75|B=2|eps=0|e6550d4e-6d1e-4f62-89ea-caa9422ff06f/ already exists.
./circuit_plots/Unrestricted Disentangled|Readout|CN=0|B0=2|B1=3|K=1280|L=320|p_B=0.75|p_C=0.75|B=2|eps=0|e6550d4e-6d1e-4f62-89ea-caa9422ff06f/ already exists.
Epoch: 3300, Loss: 5.690099716186523
Test acc: 0.0238, IC acc: 0.0027, IC acc2: 0.0044, IW acc: 0.0991
Epoch: 3301, Loss: 5.689988136291504
Epoch: 3302, Loss: 5.692021369934082
Epoch: 3303, Loss: 5.693465232849121
Epoch: 3304, Loss: 5.776321887969971
Epoch: 3305, Loss: 5.7225341796875
Epoch: 3306, Loss: 5.703481197357178
Epoch: 3307, Loss: 5.701079368591309
Epoch: 3308, Loss: 5.729996681213379
Epoch: 3309, Loss: 5.736972808837891
Epoch: 3310, Loss: 5.697511672973633
Test acc: 0.0241, IC acc: 0.0027, IC acc2: 0.0044, IW acc: 0.0989
Epoch: 3311, Loss: 5.71627140045166
Epoch: 3312, Loss: 5.721854209899902
Epoch: 3313, Loss: 5.710331916809082
Epoch: 3314, Loss: 5.68644905090332
Epoch: 3315, Loss: 5.725654602050781
Epoch: 3316, Loss: 5.712656021118164
Epoch: 3317, Loss: 5.72261905670166
Epoch: 3318, Loss: 5.692390441894531
Epoch: 3319, Loss: 5.743476390838623
Epoch: 3320, Loss: 5.69395112991333
Test acc: 0.0242, IC acc: 0.0027, IC acc2: 0.004, IW acc: 0.0997
Epoch: 3321, Loss: 5.636256217956543
Epoch: 3322, Loss: 5.749739170074463
Epoch: 3323, Loss: 5.702993392944336
Epoch: 3324, Loss: 5.6990509033203125
Epoch: 3325, Loss: 5.658136367797852
Epoch: 3326, Loss: 5.69870138168335
Epoch: 3327, Loss: 5.715730667114258
Epoch: 3328, Loss: 5.750761032104492
Epoch: 3329, Loss: 5.676706314086914
Epoch: 3330, Loss: 5.718490123748779
Test acc: 0.0249, IC acc: 0.0027, IC acc2: 0.004, IW acc: 0.1036
Epoch: 3331, Loss: 5.690988063812256
Epoch: 3332, Loss: 5.650645732879639
Epoch: 3333, Loss: 5.676791191101074
Epoch: 3334, Loss: 5.688038349151611
Epoch: 3335, Loss: 5.688006401062012
Epoch: 3336, Loss: 5.704305648803711
Epoch: 3337, Loss: 5.706531524658203
Epoch: 3338, Loss: 5.677247047424316
Epoch: 3339, Loss: 5.686346054077148
Epoch: 3340, Loss: 5.706877708435059
Test acc: 0.0248, IC acc: 0.0027, IC acc2: 0.004, IW acc: 0.1017
Epoch: 3341, Loss: 5.632428169250488
Epoch: 3342, Loss: 5.733181953430176
Epoch: 3343, Loss: 5.735032081604004
Epoch: 3344, Loss: 5.721338272094727
Epoch: 3345, Loss: 5.714216232299805
Epoch: 3346, Loss: 5.703198432922363
Epoch: 3347, Loss: 5.696478366851807
Epoch: 3348, Loss: 5.66780948638916
Epoch: 3349, Loss: 5.702522277832031
./circuit_plots/Unrestricted Disentangled|Readout|CN=0|B0=2|B1=3|K=1280|L=320|p_B=0.75|p_C=0.75|B=2|eps=0|e6550d4e-6d1e-4f62-89ea-caa9422ff06f/ already exists.
./circuit_plots/Unrestricted Disentangled|Readout|CN=0|B0=2|B1=3|K=1280|L=320|p_B=0.75|p_C=0.75|B=2|eps=0|e6550d4e-6d1e-4f62-89ea-caa9422ff06f/ already exists.
./circuit_plots/Unrestricted Disentangled|Readout|CN=0|B0=2|B1=3|K=1280|L=320|p_B=0.75|p_C=0.75|B=2|eps=0|e6550d4e-6d1e-4f62-89ea-caa9422ff06f/ already exists.
./circuit_plots/Unrestricted Disentangled|Readout|CN=0|B0=2|B1=3|K=1280|L=320|p_B=0.75|p_C=0.75|B=2|eps=0|e6550d4e-6d1e-4f62-89ea-caa9422ff06f/ already exists.
./circuit_plots/Unrestricted Disentangled|Readout|CN=0|B0=2|B1=3|K=1280|L=320|p_B=0.75|p_C=0.75|B=2|eps=0|e6550d4e-6d1e-4f62-89ea-caa9422ff06f/ already exists.
./circuit_plots/Unrestricted Disentangled|Readout|CN=0|B0=2|B1=3|K=1280|L=320|p_B=0.75|p_C=0.75|B=2|eps=0|e6550d4e-6d1e-4f62-89ea-caa9422ff06f/ already exists.
./circuit_plots/Unrestricted Disentangled|Readout|CN=0|B0=2|B1=3|K=1280|L=320|p_B=0.75|p_C=0.75|B=2|eps=0|e6550d4e-6d1e-4f62-89ea-caa9422ff06f/ already exists.
Epoch: 3350, Loss: 5.683202266693115
Test acc: 0.0246, IC acc: 0.0027, IC acc2: 0.004, IW acc: 0.1017
Epoch: 3351, Loss: 5.715269088745117
Epoch: 3352, Loss: 5.669114589691162
Epoch: 3353, Loss: 5.691917896270752
Epoch: 3354, Loss: 5.687929630279541
Epoch: 3355, Loss: 5.694876670837402
Epoch: 3356, Loss: 5.711677074432373
Epoch: 3357, Loss: 5.721128463745117
Epoch: 3358, Loss: 5.682326316833496
Epoch: 3359, Loss: 5.72852087020874
Epoch: 3360, Loss: 5.720765590667725
Test acc: 0.0245, IC acc: 0.0027, IC acc2: 0.004, IW acc: 0.1008
Epoch: 3361, Loss: 5.730288505554199
Epoch: 3362, Loss: 5.742262363433838
Epoch: 3363, Loss: 5.692561626434326
Epoch: 3364, Loss: 5.704372406005859
Epoch: 3365, Loss: 5.764955997467041
Epoch: 3366, Loss: 5.692610263824463
Epoch: 3367, Loss: 5.70869779586792
Epoch: 3368, Loss: 5.7358317375183105
Epoch: 3369, Loss: 5.690084457397461
Epoch: 3370, Loss: 5.725434303283691
Test acc: 0.0241, IC acc: 0.0027, IC acc2: 0.004, IW acc: 0.1001
Epoch: 3371, Loss: 5.710214138031006
Epoch: 3372, Loss: 5.703607082366943
Epoch: 3373, Loss: 5.745033264160156
Epoch: 3374, Loss: 5.7181501388549805
Epoch: 3375, Loss: 5.727297782897949
Epoch: 3376, Loss: 5.627963066101074
Epoch: 3377, Loss: 5.715208053588867
Epoch: 3378, Loss: 5.69925594329834
Epoch: 3379, Loss: 5.710746765136719
Epoch: 3380, Loss: 5.648672103881836
Test acc: 0.0249, IC acc: 0.0027, IC acc2: 0.004, IW acc: 0.1033
Epoch: 3381, Loss: 5.672043323516846
Epoch: 3382, Loss: 5.720403671264648
Epoch: 3383, Loss: 5.710999011993408
Epoch: 3384, Loss: 5.730841636657715
Epoch: 3385, Loss: 5.689197540283203
Epoch: 3386, Loss: 5.656085014343262
Epoch: 3387, Loss: 5.700077056884766
Epoch: 3388, Loss: 5.737953186035156
Epoch: 3389, Loss: 5.700947284698486
Epoch: 3390, Loss: 5.721311569213867
Test acc: 0.0247, IC acc: 0.0027, IC acc2: 0.004, IW acc: 0.1029
Epoch: 3391, Loss: 5.697914123535156
Epoch: 3392, Loss: 5.7065582275390625
Epoch: 3393, Loss: 5.711833953857422
Epoch: 3394, Loss: 5.724168300628662
Epoch: 3395, Loss: 5.803034782409668
Epoch: 3396, Loss: 5.718949317932129
Epoch: 3397, Loss: 5.7131195068359375
Epoch: 3398, Loss: 5.723400592803955
Epoch: 3399, Loss: 5.668822288513184
./circuit_plots/Unrestricted Disentangled|Readout|CN=0|B0=2|B1=3|K=1280|L=320|p_B=0.75|p_C=0.75|B=2|eps=0|e6550d4e-6d1e-4f62-89ea-caa9422ff06f/ already exists.
./circuit_plots/Unrestricted Disentangled|Readout|CN=0|B0=2|B1=3|K=1280|L=320|p_B=0.75|p_C=0.75|B=2|eps=0|e6550d4e-6d1e-4f62-89ea-caa9422ff06f/ already exists.
./circuit_plots/Unrestricted Disentangled|Readout|CN=0|B0=2|B1=3|K=1280|L=320|p_B=0.75|p_C=0.75|B=2|eps=0|e6550d4e-6d1e-4f62-89ea-caa9422ff06f/ already exists.
./circuit_plots/Unrestricted Disentangled|Readout|CN=0|B0=2|B1=3|K=1280|L=320|p_B=0.75|p_C=0.75|B=2|eps=0|e6550d4e-6d1e-4f62-89ea-caa9422ff06f/ already exists.
./circuit_plots/Unrestricted Disentangled|Readout|CN=0|B0=2|B1=3|K=1280|L=320|p_B=0.75|p_C=0.75|B=2|eps=0|e6550d4e-6d1e-4f62-89ea-caa9422ff06f/ already exists.
./circuit_plots/Unrestricted Disentangled|Readout|CN=0|B0=2|B1=3|K=1280|L=320|p_B=0.75|p_C=0.75|B=2|eps=0|e6550d4e-6d1e-4f62-89ea-caa9422ff06f/ already exists.
./circuit_plots/Unrestricted Disentangled|Readout|CN=0|B0=2|B1=3|K=1280|L=320|p_B=0.75|p_C=0.75|B=2|eps=0|e6550d4e-6d1e-4f62-89ea-caa9422ff06f/ already exists.
Epoch: 3400, Loss: 5.6748366355896
Test acc: 0.0246, IC acc: 0.0027, IC acc2: 0.004, IW acc: 0.1011
Epoch: 3401, Loss: 5.680416107177734
Epoch: 3402, Loss: 5.714395999908447
Epoch: 3403, Loss: 5.669610023498535
Epoch: 3404, Loss: 5.631817817687988
Epoch: 3405, Loss: 5.684721946716309
Epoch: 3406, Loss: 5.68923807144165
Epoch: 3407, Loss: 5.705292701721191
Epoch: 3408, Loss: 5.694377422332764
Epoch: 3409, Loss: 5.700497150421143
Epoch: 3410, Loss: 5.6658854484558105
Test acc: 0.0247, IC acc: 0.0027, IC acc2: 0.004, IW acc: 0.1022
Epoch: 3411, Loss: 5.712435722351074
Epoch: 3412, Loss: 5.64994478225708
Epoch: 3413, Loss: 5.727670669555664
Epoch: 3414, Loss: 5.702855110168457
Epoch: 3415, Loss: 5.662839889526367
Epoch: 3416, Loss: 5.7165141105651855
Epoch: 3417, Loss: 5.687686443328857
Epoch: 3418, Loss: 5.691483020782471
Epoch: 3419, Loss: 5.7328901290893555
Epoch: 3420, Loss: 5.718919277191162
Test acc: 0.0254, IC acc: 0.0027, IC acc2: 0.004, IW acc: 0.1039
Epoch: 3421, Loss: 5.725717067718506
Epoch: 3422, Loss: 5.668183326721191
Epoch: 3423, Loss: 5.697112560272217
Epoch: 3424, Loss: 5.752622604370117
Epoch: 3425, Loss: 5.6605658531188965
Epoch: 3426, Loss: 5.732144355773926
Epoch: 3427, Loss: 5.724856376647949
Epoch: 3428, Loss: 5.68061637878418
Epoch: 3429, Loss: 5.674132347106934
Epoch: 3430, Loss: 5.6739325523376465
Test acc: 0.0262, IC acc: 0.0027, IC acc2: 0.004, IW acc: 0.1079
Epoch: 3431, Loss: 5.725247383117676
Epoch: 3432, Loss: 5.7146687507629395
Epoch: 3433, Loss: 5.7050371170043945
Epoch: 3434, Loss: 5.707556247711182
Epoch: 3435, Loss: 5.744214057922363
Epoch: 3436, Loss: 5.74832820892334
Epoch: 3437, Loss: 5.711453437805176
Epoch: 3438, Loss: 5.698361873626709
Epoch: 3439, Loss: 5.696526527404785
Epoch: 3440, Loss: 5.700084209442139
Test acc: 0.026, IC acc: 0.0027, IC acc2: 0.004, IW acc: 0.1068
Epoch: 3441, Loss: 5.6871137619018555
Epoch: 3442, Loss: 5.7087249755859375
Epoch: 3443, Loss: 5.688634395599365
Epoch: 3444, Loss: 5.695769309997559
Epoch: 3445, Loss: 5.67987060546875
Epoch: 3446, Loss: 5.706303596496582
Epoch: 3447, Loss: 5.721877098083496
Epoch: 3448, Loss: 5.70151424407959
Epoch: 3449, Loss: 5.736888885498047
./circuit_plots/Unrestricted Disentangled|Readout|CN=0|B0=2|B1=3|K=1280|L=320|p_B=0.75|p_C=0.75|B=2|eps=0|e6550d4e-6d1e-4f62-89ea-caa9422ff06f/ already exists.
./circuit_plots/Unrestricted Disentangled|Readout|CN=0|B0=2|B1=3|K=1280|L=320|p_B=0.75|p_C=0.75|B=2|eps=0|e6550d4e-6d1e-4f62-89ea-caa9422ff06f/ already exists.
./circuit_plots/Unrestricted Disentangled|Readout|CN=0|B0=2|B1=3|K=1280|L=320|p_B=0.75|p_C=0.75|B=2|eps=0|e6550d4e-6d1e-4f62-89ea-caa9422ff06f/ already exists.
./circuit_plots/Unrestricted Disentangled|Readout|CN=0|B0=2|B1=3|K=1280|L=320|p_B=0.75|p_C=0.75|B=2|eps=0|e6550d4e-6d1e-4f62-89ea-caa9422ff06f/ already exists.
./circuit_plots/Unrestricted Disentangled|Readout|CN=0|B0=2|B1=3|K=1280|L=320|p_B=0.75|p_C=0.75|B=2|eps=0|e6550d4e-6d1e-4f62-89ea-caa9422ff06f/ already exists.
./circuit_plots/Unrestricted Disentangled|Readout|CN=0|B0=2|B1=3|K=1280|L=320|p_B=0.75|p_C=0.75|B=2|eps=0|e6550d4e-6d1e-4f62-89ea-caa9422ff06f/ already exists.
./circuit_plots/Unrestricted Disentangled|Readout|CN=0|B0=2|B1=3|K=1280|L=320|p_B=0.75|p_C=0.75|B=2|eps=0|e6550d4e-6d1e-4f62-89ea-caa9422ff06f/ already exists.
Epoch: 3450, Loss: 5.761355400085449
Test acc: 0.0262, IC acc: 0.0027, IC acc2: 0.004, IW acc: 0.1074
Epoch: 3451, Loss: 5.7409820556640625
Epoch: 3452, Loss: 5.723313331604004
Epoch: 3453, Loss: 5.720489501953125
Epoch: 3454, Loss: 5.680529594421387
Epoch: 3455, Loss: 5.643641471862793
Epoch: 3456, Loss: 5.70151948928833
Epoch: 3457, Loss: 5.684573173522949
Epoch: 3458, Loss: 5.681392192840576
Epoch: 3459, Loss: 5.6752471923828125
Epoch: 3460, Loss: 5.724351406097412
Test acc: 0.0265, IC acc: 0.0027, IC acc2: 0.004, IW acc: 0.1081
Epoch: 3461, Loss: 5.7222795486450195
Epoch: 3462, Loss: 5.714279651641846
Epoch: 3463, Loss: 5.750287055969238
Epoch: 3464, Loss: 5.704644203186035
Epoch: 3465, Loss: 5.669961929321289
Epoch: 3466, Loss: 5.714626312255859
Epoch: 3467, Loss: 5.6912946701049805
Epoch: 3468, Loss: 5.658302307128906
Epoch: 3469, Loss: 5.657736778259277
Epoch: 3470, Loss: 5.670290946960449
Test acc: 0.0265, IC acc: 0.0027, IC acc2: 0.004, IW acc: 0.1085
Epoch: 3471, Loss: 5.669739723205566
Epoch: 3472, Loss: 5.685451507568359
Epoch: 3473, Loss: 5.6398420333862305
Epoch: 3474, Loss: 5.701974391937256
Epoch: 3475, Loss: 5.6558661460876465
Epoch: 3476, Loss: 5.685348987579346
Epoch: 3477, Loss: 5.701272964477539
Epoch: 3478, Loss: 5.72239875793457
Epoch: 3479, Loss: 5.730892181396484
Epoch: 3480, Loss: 5.693804740905762
Test acc: 0.0263, IC acc: 0.0027, IC acc2: 0.004, IW acc: 0.108
Epoch: 3481, Loss: 5.6918134689331055
Epoch: 3482, Loss: 5.695991039276123
Epoch: 3483, Loss: 5.6875481605529785
Epoch: 3484, Loss: 5.705991744995117
Epoch: 3485, Loss: 5.709137439727783
Epoch: 3486, Loss: 5.7323150634765625
Epoch: 3487, Loss: 5.677838325500488
Epoch: 3488, Loss: 5.685725212097168
Epoch: 3489, Loss: 5.738827228546143
Epoch: 3490, Loss: 5.718290328979492
Test acc: 0.0268, IC acc: 0.0027, IC acc2: 0.004, IW acc: 0.1094
Epoch: 3491, Loss: 5.686822891235352
Epoch: 3492, Loss: 5.686580657958984
Epoch: 3493, Loss: 5.677548408508301
Epoch: 3494, Loss: 5.694544792175293
Epoch: 3495, Loss: 5.711745262145996
Epoch: 3496, Loss: 5.668439865112305
Epoch: 3497, Loss: 5.754005432128906
Epoch: 3498, Loss: 5.730517387390137
Epoch: 3499, Loss: 5.679242134094238
./circuit_plots/Unrestricted Disentangled|Readout|CN=0|B0=2|B1=3|K=1280|L=320|p_B=0.75|p_C=0.75|B=2|eps=0|e6550d4e-6d1e-4f62-89ea-caa9422ff06f/ already exists.
./circuit_plots/Unrestricted Disentangled|Readout|CN=0|B0=2|B1=3|K=1280|L=320|p_B=0.75|p_C=0.75|B=2|eps=0|e6550d4e-6d1e-4f62-89ea-caa9422ff06f/ already exists.
./circuit_plots/Unrestricted Disentangled|Readout|CN=0|B0=2|B1=3|K=1280|L=320|p_B=0.75|p_C=0.75|B=2|eps=0|e6550d4e-6d1e-4f62-89ea-caa9422ff06f/ already exists.
./circuit_plots/Unrestricted Disentangled|Readout|CN=0|B0=2|B1=3|K=1280|L=320|p_B=0.75|p_C=0.75|B=2|eps=0|e6550d4e-6d1e-4f62-89ea-caa9422ff06f/ already exists.
./circuit_plots/Unrestricted Disentangled|Readout|CN=0|B0=2|B1=3|K=1280|L=320|p_B=0.75|p_C=0.75|B=2|eps=0|e6550d4e-6d1e-4f62-89ea-caa9422ff06f/ already exists.
./circuit_plots/Unrestricted Disentangled|Readout|CN=0|B0=2|B1=3|K=1280|L=320|p_B=0.75|p_C=0.75|B=2|eps=0|e6550d4e-6d1e-4f62-89ea-caa9422ff06f/ already exists.
./circuit_plots/Unrestricted Disentangled|Readout|CN=0|B0=2|B1=3|K=1280|L=320|p_B=0.75|p_C=0.75|B=2|eps=0|e6550d4e-6d1e-4f62-89ea-caa9422ff06f/ already exists.
Epoch: 3500, Loss: 5.724941730499268
Test acc: 0.0268, IC acc: 0.0027, IC acc2: 0.004, IW acc: 0.1118
Epoch: 3501, Loss: 5.72657585144043
Epoch: 3502, Loss: 5.667106628417969
Epoch: 3503, Loss: 5.684813499450684
Epoch: 3504, Loss: 5.6524529457092285
Epoch: 3505, Loss: 5.741677284240723
Epoch: 3506, Loss: 5.774438858032227
Epoch: 3507, Loss: 5.705146789550781
Epoch: 3508, Loss: 5.720252513885498
Epoch: 3509, Loss: 5.71720552444458
Epoch: 3510, Loss: 5.669837474822998
Test acc: 0.027, IC acc: 0.0027, IC acc2: 0.004, IW acc: 0.1126
Epoch: 3511, Loss: 5.676361083984375
Epoch: 3512, Loss: 5.713572978973389
Epoch: 3513, Loss: 5.670998573303223
Epoch: 3514, Loss: 5.699846267700195
Epoch: 3515, Loss: 5.691163063049316
Epoch: 3516, Loss: 5.661938667297363
Epoch: 3517, Loss: 5.691105365753174
Epoch: 3518, Loss: 5.679633140563965
Epoch: 3519, Loss: 5.709495544433594
Epoch: 3520, Loss: 5.665475845336914
Test acc: 0.0269, IC acc: 0.0027, IC acc2: 0.004, IW acc: 0.1127
Epoch: 3521, Loss: 5.6908721923828125
Epoch: 3522, Loss: 5.669607162475586
Epoch: 3523, Loss: 5.6740217208862305
Epoch: 3524, Loss: 5.685134410858154
Epoch: 3525, Loss: 5.700451850891113
Epoch: 3526, Loss: 5.639858722686768
Epoch: 3527, Loss: 5.661984443664551
Epoch: 3528, Loss: 5.702879428863525
Epoch: 3529, Loss: 5.724181652069092
Epoch: 3530, Loss: 5.734602928161621
Test acc: 0.0272, IC acc: 0.0027, IC acc2: 0.004, IW acc: 0.1142
Epoch: 3531, Loss: 5.639595985412598
Epoch: 3532, Loss: 5.700752258300781
Epoch: 3533, Loss: 5.672903537750244
Epoch: 3534, Loss: 5.695613861083984
Epoch: 3535, Loss: 5.6837639808654785
Epoch: 3536, Loss: 5.683018207550049
Epoch: 3537, Loss: 5.691426753997803
Epoch: 3538, Loss: 5.638191223144531
Epoch: 3539, Loss: 5.682496070861816
Epoch: 3540, Loss: 5.6976189613342285
Test acc: 0.0274, IC acc: 0.0027, IC acc2: 0.004, IW acc: 0.1153
Epoch: 3541, Loss: 5.716324806213379
Epoch: 3542, Loss: 5.685971260070801
Epoch: 3543, Loss: 5.67714786529541
Epoch: 3544, Loss: 5.714991569519043
Epoch: 3545, Loss: 5.729212760925293
Epoch: 3546, Loss: 5.7608561515808105
Epoch: 3547, Loss: 5.696764945983887
Epoch: 3548, Loss: 5.693306922912598
Epoch: 3549, Loss: 5.727897644042969
./circuit_plots/Unrestricted Disentangled|Readout|CN=0|B0=2|B1=3|K=1280|L=320|p_B=0.75|p_C=0.75|B=2|eps=0|e6550d4e-6d1e-4f62-89ea-caa9422ff06f/ already exists.
./circuit_plots/Unrestricted Disentangled|Readout|CN=0|B0=2|B1=3|K=1280|L=320|p_B=0.75|p_C=0.75|B=2|eps=0|e6550d4e-6d1e-4f62-89ea-caa9422ff06f/ already exists.
./circuit_plots/Unrestricted Disentangled|Readout|CN=0|B0=2|B1=3|K=1280|L=320|p_B=0.75|p_C=0.75|B=2|eps=0|e6550d4e-6d1e-4f62-89ea-caa9422ff06f/ already exists.
./circuit_plots/Unrestricted Disentangled|Readout|CN=0|B0=2|B1=3|K=1280|L=320|p_B=0.75|p_C=0.75|B=2|eps=0|e6550d4e-6d1e-4f62-89ea-caa9422ff06f/ already exists.
./circuit_plots/Unrestricted Disentangled|Readout|CN=0|B0=2|B1=3|K=1280|L=320|p_B=0.75|p_C=0.75|B=2|eps=0|e6550d4e-6d1e-4f62-89ea-caa9422ff06f/ already exists.
./circuit_plots/Unrestricted Disentangled|Readout|CN=0|B0=2|B1=3|K=1280|L=320|p_B=0.75|p_C=0.75|B=2|eps=0|e6550d4e-6d1e-4f62-89ea-caa9422ff06f/ already exists.
./circuit_plots/Unrestricted Disentangled|Readout|CN=0|B0=2|B1=3|K=1280|L=320|p_B=0.75|p_C=0.75|B=2|eps=0|e6550d4e-6d1e-4f62-89ea-caa9422ff06f/ already exists.
Epoch: 3550, Loss: 5.677604675292969
Test acc: 0.0274, IC acc: 0.0027, IC acc2: 0.004, IW acc: 0.1143
Epoch: 3551, Loss: 5.670145034790039
Epoch: 3552, Loss: 5.68449068069458
Epoch: 3553, Loss: 5.710019111633301
Epoch: 3554, Loss: 5.708464622497559
Epoch: 3555, Loss: 5.691277027130127
Epoch: 3556, Loss: 5.697567462921143
Epoch: 3557, Loss: 5.700960159301758
Epoch: 3558, Loss: 5.729447364807129
Epoch: 3559, Loss: 5.722357273101807
Epoch: 3560, Loss: 5.6934494972229
Test acc: 0.0277, IC acc: 0.0027, IC acc2: 0.004, IW acc: 0.1159
Epoch: 3561, Loss: 5.716762065887451
Epoch: 3562, Loss: 5.695833206176758
Epoch: 3563, Loss: 5.675589084625244
Epoch: 3564, Loss: 5.665126800537109
Epoch: 3565, Loss: 5.729533672332764
Epoch: 3566, Loss: 5.639107704162598
Epoch: 3567, Loss: 5.723001956939697
Epoch: 3568, Loss: 5.7447099685668945
Epoch: 3569, Loss: 5.7441582679748535
Epoch: 3570, Loss: 5.656669616699219
Test acc: 0.0282, IC acc: 0.0027, IC acc2: 0.004, IW acc: 0.1173
Epoch: 3571, Loss: 5.676229000091553
Epoch: 3572, Loss: 5.729947090148926
Epoch: 3573, Loss: 5.6796393394470215
Epoch: 3574, Loss: 5.696863174438477
Epoch: 3575, Loss: 5.721368789672852
Epoch: 3576, Loss: 5.735424995422363
Epoch: 3577, Loss: 5.7242960929870605
Epoch: 3578, Loss: 5.704255104064941
Epoch: 3579, Loss: 5.707640171051025
Epoch: 3580, Loss: 5.717536926269531
Test acc: 0.029, IC acc: 0.0027, IC acc2: 0.004, IW acc: 0.1213
Epoch: 3581, Loss: 5.715150356292725
Epoch: 3582, Loss: 5.653451919555664
Epoch: 3583, Loss: 5.607158660888672
Epoch: 3584, Loss: 5.668388366699219
Epoch: 3585, Loss: 5.647575855255127
Epoch: 3586, Loss: 5.722015857696533
Epoch: 3587, Loss: 5.7108964920043945
Epoch: 3588, Loss: 5.6534528732299805
Epoch: 3589, Loss: 5.680481910705566
Epoch: 3590, Loss: 5.720986366271973
Test acc: 0.0293, IC acc: 0.0027, IC acc2: 0.004, IW acc: 0.1212
Epoch: 3591, Loss: 5.70826530456543
Epoch: 3592, Loss: 5.7402191162109375
Epoch: 3593, Loss: 5.721142768859863
Epoch: 3594, Loss: 5.729812145233154
Epoch: 3595, Loss: 5.689748764038086
Epoch: 3596, Loss: 5.707396984100342
Epoch: 3597, Loss: 5.676300048828125
Epoch: 3598, Loss: 5.702205657958984
Epoch: 3599, Loss: 5.680974960327148
./circuit_plots/Unrestricted Disentangled|Readout|CN=0|B0=2|B1=3|K=1280|L=320|p_B=0.75|p_C=0.75|B=2|eps=0|e6550d4e-6d1e-4f62-89ea-caa9422ff06f/ already exists.
./circuit_plots/Unrestricted Disentangled|Readout|CN=0|B0=2|B1=3|K=1280|L=320|p_B=0.75|p_C=0.75|B=2|eps=0|e6550d4e-6d1e-4f62-89ea-caa9422ff06f/ already exists.
./circuit_plots/Unrestricted Disentangled|Readout|CN=0|B0=2|B1=3|K=1280|L=320|p_B=0.75|p_C=0.75|B=2|eps=0|e6550d4e-6d1e-4f62-89ea-caa9422ff06f/ already exists.
./circuit_plots/Unrestricted Disentangled|Readout|CN=0|B0=2|B1=3|K=1280|L=320|p_B=0.75|p_C=0.75|B=2|eps=0|e6550d4e-6d1e-4f62-89ea-caa9422ff06f/ already exists.
./circuit_plots/Unrestricted Disentangled|Readout|CN=0|B0=2|B1=3|K=1280|L=320|p_B=0.75|p_C=0.75|B=2|eps=0|e6550d4e-6d1e-4f62-89ea-caa9422ff06f/ already exists.
./circuit_plots/Unrestricted Disentangled|Readout|CN=0|B0=2|B1=3|K=1280|L=320|p_B=0.75|p_C=0.75|B=2|eps=0|e6550d4e-6d1e-4f62-89ea-caa9422ff06f/ already exists.
./circuit_plots/Unrestricted Disentangled|Readout|CN=0|B0=2|B1=3|K=1280|L=320|p_B=0.75|p_C=0.75|B=2|eps=0|e6550d4e-6d1e-4f62-89ea-caa9422ff06f/ already exists.
Epoch: 3600, Loss: 5.675836563110352
Test acc: 0.0294, IC acc: 0.0027, IC acc2: 0.004, IW acc: 0.1208
Epoch: 3601, Loss: 5.680333137512207
Epoch: 3602, Loss: 5.673620223999023
Epoch: 3603, Loss: 5.714441776275635
Epoch: 3604, Loss: 5.680940628051758
Epoch: 3605, Loss: 5.669184684753418
Epoch: 3606, Loss: 5.719205856323242
Epoch: 3607, Loss: 5.671341896057129
Epoch: 3608, Loss: 5.702086448669434
Epoch: 3609, Loss: 5.682953834533691
Epoch: 3610, Loss: 5.739553451538086
Test acc: 0.0296, IC acc: 0.0027, IC acc2: 0.004, IW acc: 0.1215
Epoch: 3611, Loss: 5.748713970184326
Epoch: 3612, Loss: 5.69533634185791
Epoch: 3613, Loss: 5.690237998962402
Epoch: 3614, Loss: 5.724635601043701
Epoch: 3615, Loss: 5.670854091644287
Epoch: 3616, Loss: 5.699261665344238
Epoch: 3617, Loss: 5.70046329498291
Epoch: 3618, Loss: 5.684880256652832
Epoch: 3619, Loss: 5.737950325012207
Epoch: 3620, Loss: 5.700331211090088
Test acc: 0.0296, IC acc: 0.0027, IC acc2: 0.004, IW acc: 0.121
Epoch: 3621, Loss: 5.728407859802246
Epoch: 3622, Loss: 5.714971542358398
Epoch: 3623, Loss: 5.655034065246582
Epoch: 3624, Loss: 5.644378662109375
Epoch: 3625, Loss: 5.674178600311279
Epoch: 3626, Loss: 5.7106733322143555
Epoch: 3627, Loss: 5.746800422668457
Epoch: 3628, Loss: 5.681760787963867
Epoch: 3629, Loss: 5.708517074584961
Epoch: 3630, Loss: 5.714319229125977
Test acc: 0.0298, IC acc: 0.0027, IC acc2: 0.004, IW acc: 0.1229
Epoch: 3631, Loss: 5.681595802307129
Epoch: 3632, Loss: 5.655832290649414
Epoch: 3633, Loss: 5.704015731811523
Epoch: 3634, Loss: 5.738425254821777
Epoch: 3635, Loss: 5.713472843170166
Epoch: 3636, Loss: 5.68203592300415
Epoch: 3637, Loss: 5.668920516967773
Epoch: 3638, Loss: 5.691317558288574
Epoch: 3639, Loss: 5.699311256408691
Epoch: 3640, Loss: 5.723056793212891
Test acc: 0.0302, IC acc: 0.0027, IC acc2: 0.004, IW acc: 0.1239
Epoch: 3641, Loss: 5.673122406005859
Epoch: 3642, Loss: 5.702577590942383
Epoch: 3643, Loss: 5.645604133605957
Epoch: 3644, Loss: 5.697003364562988
Epoch: 3645, Loss: 5.745800495147705
Epoch: 3646, Loss: 5.666851043701172
Epoch: 3647, Loss: 5.719491958618164
Epoch: 3648, Loss: 5.6844048500061035
Epoch: 3649, Loss: 5.726713180541992
./circuit_plots/Unrestricted Disentangled|Readout|CN=0|B0=2|B1=3|K=1280|L=320|p_B=0.75|p_C=0.75|B=2|eps=0|e6550d4e-6d1e-4f62-89ea-caa9422ff06f/ already exists.
./circuit_plots/Unrestricted Disentangled|Readout|CN=0|B0=2|B1=3|K=1280|L=320|p_B=0.75|p_C=0.75|B=2|eps=0|e6550d4e-6d1e-4f62-89ea-caa9422ff06f/ already exists.
./circuit_plots/Unrestricted Disentangled|Readout|CN=0|B0=2|B1=3|K=1280|L=320|p_B=0.75|p_C=0.75|B=2|eps=0|e6550d4e-6d1e-4f62-89ea-caa9422ff06f/ already exists.
./circuit_plots/Unrestricted Disentangled|Readout|CN=0|B0=2|B1=3|K=1280|L=320|p_B=0.75|p_C=0.75|B=2|eps=0|e6550d4e-6d1e-4f62-89ea-caa9422ff06f/ already exists.
./circuit_plots/Unrestricted Disentangled|Readout|CN=0|B0=2|B1=3|K=1280|L=320|p_B=0.75|p_C=0.75|B=2|eps=0|e6550d4e-6d1e-4f62-89ea-caa9422ff06f/ already exists.
./circuit_plots/Unrestricted Disentangled|Readout|CN=0|B0=2|B1=3|K=1280|L=320|p_B=0.75|p_C=0.75|B=2|eps=0|e6550d4e-6d1e-4f62-89ea-caa9422ff06f/ already exists.
./circuit_plots/Unrestricted Disentangled|Readout|CN=0|B0=2|B1=3|K=1280|L=320|p_B=0.75|p_C=0.75|B=2|eps=0|e6550d4e-6d1e-4f62-89ea-caa9422ff06f/ already exists.
Epoch: 3650, Loss: 5.751437187194824
Test acc: 0.0299, IC acc: 0.0027, IC acc2: 0.004, IW acc: 0.1232
Epoch: 3651, Loss: 5.668081283569336
Epoch: 3652, Loss: 5.69718074798584
Epoch: 3653, Loss: 5.678134441375732
Epoch: 3654, Loss: 5.695015907287598
Epoch: 3655, Loss: 5.70749044418335
Epoch: 3656, Loss: 5.691583633422852
Epoch: 3657, Loss: 5.702887535095215
Epoch: 3658, Loss: 5.723507881164551
Epoch: 3659, Loss: 5.686052322387695
Epoch: 3660, Loss: 5.702345848083496
Test acc: 0.0301, IC acc: 0.0027, IC acc2: 0.004, IW acc: 0.1242
Epoch: 3661, Loss: 5.677234172821045
Epoch: 3662, Loss: 5.663050651550293
Epoch: 3663, Loss: 5.697028160095215
Epoch: 3664, Loss: 5.692895889282227
Epoch: 3665, Loss: 5.657821178436279
Epoch: 3666, Loss: 5.662120819091797
Epoch: 3667, Loss: 5.687565803527832
Epoch: 3668, Loss: 5.710399627685547
Epoch: 3669, Loss: 5.682044982910156
Epoch: 3670, Loss: 5.755651473999023
Test acc: 0.0307, IC acc: 0.0027, IC acc2: 0.004, IW acc: 0.1273
Epoch: 3671, Loss: 5.678711891174316
Epoch: 3672, Loss: 5.701624393463135
Epoch: 3673, Loss: 5.67619514465332
Epoch: 3674, Loss: 5.682486534118652
Epoch: 3675, Loss: 5.7049031257629395
Epoch: 3676, Loss: 5.722606658935547
Epoch: 3677, Loss: 5.684764385223389
Epoch: 3678, Loss: 5.713831901550293
Epoch: 3679, Loss: 5.649930953979492
Epoch: 3680, Loss: 5.68953800201416
Test acc: 0.0304, IC acc: 0.0027, IC acc2: 0.004, IW acc: 0.1261
Epoch: 3681, Loss: 5.645166397094727
Epoch: 3682, Loss: 5.655356407165527
Epoch: 3683, Loss: 5.71754264831543
Epoch: 3684, Loss: 5.659531116485596
Epoch: 3685, Loss: 5.649811267852783
Epoch: 3686, Loss: 5.695720672607422
Epoch: 3687, Loss: 5.688794136047363
Epoch: 3688, Loss: 5.705270290374756
Epoch: 3689, Loss: 5.704235076904297
Epoch: 3690, Loss: 5.695874214172363
Test acc: 0.0306, IC acc: 0.0027, IC acc2: 0.004, IW acc: 0.1265
Epoch: 3691, Loss: 5.721735954284668
Epoch: 3692, Loss: 5.6459574699401855
Epoch: 3693, Loss: 5.715935707092285
Epoch: 3694, Loss: 5.668878078460693
Epoch: 3695, Loss: 5.697846412658691
Epoch: 3696, Loss: 5.688181400299072
Epoch: 3697, Loss: 5.697958946228027
Epoch: 3698, Loss: 5.695290565490723
Epoch: 3699, Loss: 5.718160629272461
./circuit_plots/Unrestricted Disentangled|Readout|CN=0|B0=2|B1=3|K=1280|L=320|p_B=0.75|p_C=0.75|B=2|eps=0|e6550d4e-6d1e-4f62-89ea-caa9422ff06f/ already exists.
./circuit_plots/Unrestricted Disentangled|Readout|CN=0|B0=2|B1=3|K=1280|L=320|p_B=0.75|p_C=0.75|B=2|eps=0|e6550d4e-6d1e-4f62-89ea-caa9422ff06f/ already exists.
./circuit_plots/Unrestricted Disentangled|Readout|CN=0|B0=2|B1=3|K=1280|L=320|p_B=0.75|p_C=0.75|B=2|eps=0|e6550d4e-6d1e-4f62-89ea-caa9422ff06f/ already exists.
./circuit_plots/Unrestricted Disentangled|Readout|CN=0|B0=2|B1=3|K=1280|L=320|p_B=0.75|p_C=0.75|B=2|eps=0|e6550d4e-6d1e-4f62-89ea-caa9422ff06f/ already exists.
./circuit_plots/Unrestricted Disentangled|Readout|CN=0|B0=2|B1=3|K=1280|L=320|p_B=0.75|p_C=0.75|B=2|eps=0|e6550d4e-6d1e-4f62-89ea-caa9422ff06f/ already exists.
./circuit_plots/Unrestricted Disentangled|Readout|CN=0|B0=2|B1=3|K=1280|L=320|p_B=0.75|p_C=0.75|B=2|eps=0|e6550d4e-6d1e-4f62-89ea-caa9422ff06f/ already exists.
./circuit_plots/Unrestricted Disentangled|Readout|CN=0|B0=2|B1=3|K=1280|L=320|p_B=0.75|p_C=0.75|B=2|eps=0|e6550d4e-6d1e-4f62-89ea-caa9422ff06f/ already exists.
Epoch: 3700, Loss: 5.656645774841309
Test acc: 0.0312, IC acc: 0.0027, IC acc2: 0.004, IW acc: 0.1284
Epoch: 3701, Loss: 5.665903091430664
Epoch: 3702, Loss: 5.692978858947754
Epoch: 3703, Loss: 5.730536937713623
Epoch: 3704, Loss: 5.713482856750488
Epoch: 3705, Loss: 5.706714630126953
Epoch: 3706, Loss: 5.687883377075195
Epoch: 3707, Loss: 5.715512275695801
Epoch: 3708, Loss: 5.674958229064941
Epoch: 3709, Loss: 5.727483749389648
Epoch: 3710, Loss: 5.69431209564209
Test acc: 0.0313, IC acc: 0.0027, IC acc2: 0.004, IW acc: 0.1293
Epoch: 3711, Loss: 5.705588340759277
Epoch: 3712, Loss: 5.711579322814941
Epoch: 3713, Loss: 5.6940507888793945
Epoch: 3714, Loss: 5.687384605407715
Epoch: 3715, Loss: 5.696589469909668
Epoch: 3716, Loss: 5.693933963775635
Epoch: 3717, Loss: 5.6560773849487305
Epoch: 3718, Loss: 5.656935691833496
Epoch: 3719, Loss: 5.636785507202148
Epoch: 3720, Loss: 5.711295127868652
Test acc: 0.0314, IC acc: 0.0027, IC acc2: 0.004, IW acc: 0.1297
Epoch: 3721, Loss: 5.709231376647949
Epoch: 3722, Loss: 5.683876991271973
Epoch: 3723, Loss: 5.629112243652344
Epoch: 3724, Loss: 5.714358329772949
Epoch: 3725, Loss: 5.671477317810059
Epoch: 3726, Loss: 5.7209978103637695
Epoch: 3727, Loss: 5.6341753005981445
Epoch: 3728, Loss: 5.69937801361084
Epoch: 3729, Loss: 5.654806137084961
Epoch: 3730, Loss: 5.711480140686035
Test acc: 0.0319, IC acc: 0.0027, IC acc2: 0.004, IW acc: 0.1312
Epoch: 3731, Loss: 5.676033973693848
Epoch: 3732, Loss: 5.747897624969482
Epoch: 3733, Loss: 5.723503112792969
Epoch: 3734, Loss: 5.687506675720215
Epoch: 3735, Loss: 5.676701545715332
Epoch: 3736, Loss: 5.732395648956299
Epoch: 3737, Loss: 5.66874361038208
Epoch: 3738, Loss: 5.706568241119385
Epoch: 3739, Loss: 5.690231800079346
Epoch: 3740, Loss: 5.682687282562256
Test acc: 0.0316, IC acc: 0.0027, IC acc2: 0.004, IW acc: 0.1295
Epoch: 3741, Loss: 5.68410587310791
Epoch: 3742, Loss: 5.690154075622559
Epoch: 3743, Loss: 5.675989627838135
Epoch: 3744, Loss: 5.707978248596191
Epoch: 3745, Loss: 5.699832916259766
Epoch: 3746, Loss: 5.719074249267578
Epoch: 3747, Loss: 5.709667682647705
Epoch: 3748, Loss: 5.757439613342285
Epoch: 3749, Loss: 5.660728931427002
./circuit_plots/Unrestricted Disentangled|Readout|CN=0|B0=2|B1=3|K=1280|L=320|p_B=0.75|p_C=0.75|B=2|eps=0|e6550d4e-6d1e-4f62-89ea-caa9422ff06f/ already exists.
./circuit_plots/Unrestricted Disentangled|Readout|CN=0|B0=2|B1=3|K=1280|L=320|p_B=0.75|p_C=0.75|B=2|eps=0|e6550d4e-6d1e-4f62-89ea-caa9422ff06f/ already exists.
./circuit_plots/Unrestricted Disentangled|Readout|CN=0|B0=2|B1=3|K=1280|L=320|p_B=0.75|p_C=0.75|B=2|eps=0|e6550d4e-6d1e-4f62-89ea-caa9422ff06f/ already exists.
./circuit_plots/Unrestricted Disentangled|Readout|CN=0|B0=2|B1=3|K=1280|L=320|p_B=0.75|p_C=0.75|B=2|eps=0|e6550d4e-6d1e-4f62-89ea-caa9422ff06f/ already exists.
./circuit_plots/Unrestricted Disentangled|Readout|CN=0|B0=2|B1=3|K=1280|L=320|p_B=0.75|p_C=0.75|B=2|eps=0|e6550d4e-6d1e-4f62-89ea-caa9422ff06f/ already exists.
./circuit_plots/Unrestricted Disentangled|Readout|CN=0|B0=2|B1=3|K=1280|L=320|p_B=0.75|p_C=0.75|B=2|eps=0|e6550d4e-6d1e-4f62-89ea-caa9422ff06f/ already exists.
./circuit_plots/Unrestricted Disentangled|Readout|CN=0|B0=2|B1=3|K=1280|L=320|p_B=0.75|p_C=0.75|B=2|eps=0|e6550d4e-6d1e-4f62-89ea-caa9422ff06f/ already exists.
Epoch: 3750, Loss: 5.702749252319336
Test acc: 0.032, IC acc: 0.0027, IC acc2: 0.004, IW acc: 0.131
Epoch: 3751, Loss: 5.656790733337402
Epoch: 3752, Loss: 5.713079452514648
Epoch: 3753, Loss: 5.707627296447754
Epoch: 3754, Loss: 5.692212104797363
Epoch: 3755, Loss: 5.679965496063232
Epoch: 3756, Loss: 5.685561180114746
Epoch: 3757, Loss: 5.698769569396973
Epoch: 3758, Loss: 5.717963695526123
Epoch: 3759, Loss: 5.687694549560547
Epoch: 3760, Loss: 5.665398597717285
Test acc: 0.0325, IC acc: 0.0027, IC acc2: 0.004, IW acc: 0.1325
Epoch: 3761, Loss: 5.695919990539551
Epoch: 3762, Loss: 5.631864070892334
Epoch: 3763, Loss: 5.677838325500488
Epoch: 3764, Loss: 5.6682024002075195
Epoch: 3765, Loss: 5.661798000335693
Epoch: 3766, Loss: 5.667520046234131
Epoch: 3767, Loss: 5.712342262268066
Epoch: 3768, Loss: 5.659432411193848
Epoch: 3769, Loss: 5.676357746124268
Epoch: 3770, Loss: 5.7235002517700195
Test acc: 0.032, IC acc: 0.0027, IC acc2: 0.004, IW acc: 0.1311
Epoch: 3771, Loss: 5.71358585357666
Epoch: 3772, Loss: 5.681661128997803
Epoch: 3773, Loss: 5.685332298278809
Epoch: 3774, Loss: 5.644474983215332
Epoch: 3775, Loss: 5.689233303070068
Epoch: 3776, Loss: 5.67380428314209
Epoch: 3777, Loss: 5.713559150695801
Epoch: 3778, Loss: 5.6784257888793945
Epoch: 3779, Loss: 5.703113555908203
Epoch: 3780, Loss: 5.722686290740967
Test acc: 0.0325, IC acc: 0.0027, IC acc2: 0.004, IW acc: 0.1319
Epoch: 3781, Loss: 5.664158821105957
Epoch: 3782, Loss: 5.75156307220459
Epoch: 3783, Loss: 5.690752029418945
Epoch: 3784, Loss: 5.650820255279541
Epoch: 3785, Loss: 5.6760053634643555
Epoch: 3786, Loss: 5.696563720703125
Epoch: 3787, Loss: 5.656489849090576
Epoch: 3788, Loss: 5.722592353820801
Epoch: 3789, Loss: 5.711652755737305
Epoch: 3790, Loss: 5.736495494842529
Test acc: 0.0328, IC acc: 0.0027, IC acc2: 0.004, IW acc: 0.1327
Epoch: 3791, Loss: 5.666404724121094
Epoch: 3792, Loss: 5.711883544921875
Epoch: 3793, Loss: 5.665400505065918
Epoch: 3794, Loss: 5.7747344970703125
Epoch: 3795, Loss: 5.639591217041016
Epoch: 3796, Loss: 5.699496746063232
Epoch: 3797, Loss: 5.679196357727051
Epoch: 3798, Loss: 5.725546360015869
Epoch: 3799, Loss: 5.726362705230713
./circuit_plots/Unrestricted Disentangled|Readout|CN=0|B0=2|B1=3|K=1280|L=320|p_B=0.75|p_C=0.75|B=2|eps=0|e6550d4e-6d1e-4f62-89ea-caa9422ff06f/ already exists.
./circuit_plots/Unrestricted Disentangled|Readout|CN=0|B0=2|B1=3|K=1280|L=320|p_B=0.75|p_C=0.75|B=2|eps=0|e6550d4e-6d1e-4f62-89ea-caa9422ff06f/ already exists.
./circuit_plots/Unrestricted Disentangled|Readout|CN=0|B0=2|B1=3|K=1280|L=320|p_B=0.75|p_C=0.75|B=2|eps=0|e6550d4e-6d1e-4f62-89ea-caa9422ff06f/ already exists.
./circuit_plots/Unrestricted Disentangled|Readout|CN=0|B0=2|B1=3|K=1280|L=320|p_B=0.75|p_C=0.75|B=2|eps=0|e6550d4e-6d1e-4f62-89ea-caa9422ff06f/ already exists.
./circuit_plots/Unrestricted Disentangled|Readout|CN=0|B0=2|B1=3|K=1280|L=320|p_B=0.75|p_C=0.75|B=2|eps=0|e6550d4e-6d1e-4f62-89ea-caa9422ff06f/ already exists.
./circuit_plots/Unrestricted Disentangled|Readout|CN=0|B0=2|B1=3|K=1280|L=320|p_B=0.75|p_C=0.75|B=2|eps=0|e6550d4e-6d1e-4f62-89ea-caa9422ff06f/ already exists.
./circuit_plots/Unrestricted Disentangled|Readout|CN=0|B0=2|B1=3|K=1280|L=320|p_B=0.75|p_C=0.75|B=2|eps=0|e6550d4e-6d1e-4f62-89ea-caa9422ff06f/ already exists.
Epoch: 3800, Loss: 5.7116289138793945
Test acc: 0.0329, IC acc: 0.0027, IC acc2: 0.004, IW acc: 0.1333
Epoch: 3801, Loss: 5.676627159118652
Epoch: 3802, Loss: 5.712650775909424
Epoch: 3803, Loss: 5.707952499389648
Epoch: 3804, Loss: 5.71368408203125
Epoch: 3805, Loss: 5.683445930480957
Epoch: 3806, Loss: 5.70482063293457
Epoch: 3807, Loss: 5.720355033874512
Epoch: 3808, Loss: 5.698734760284424
Epoch: 3809, Loss: 5.690364837646484
Epoch: 3810, Loss: 5.61201286315918
Test acc: 0.0331, IC acc: 0.0027, IC acc2: 0.004, IW acc: 0.1333
Epoch: 3811, Loss: 5.742800712585449
Epoch: 3812, Loss: 5.659691333770752
Epoch: 3813, Loss: 5.670482635498047
Epoch: 3814, Loss: 5.62885856628418
Epoch: 3815, Loss: 5.646207809448242
Epoch: 3816, Loss: 5.675666809082031
Epoch: 3817, Loss: 5.639791488647461
Epoch: 3818, Loss: 5.726619720458984
Epoch: 3819, Loss: 5.699629783630371
Epoch: 3820, Loss: 5.681411266326904
Test acc: 0.0335, IC acc: 0.0027, IC acc2: 0.004, IW acc: 0.1348
Epoch: 3821, Loss: 5.675967693328857
Epoch: 3822, Loss: 5.701870441436768
Epoch: 3823, Loss: 5.667139053344727
Epoch: 3824, Loss: 5.740279197692871
Epoch: 3825, Loss: 5.7164106369018555
Epoch: 3826, Loss: 5.720655918121338
Epoch: 3827, Loss: 5.621564865112305
Epoch: 3828, Loss: 5.722169876098633
Epoch: 3829, Loss: 5.695135593414307
Epoch: 3830, Loss: 5.688190937042236
Test acc: 0.0335, IC acc: 0.0027, IC acc2: 0.004, IW acc: 0.1348
Epoch: 3831, Loss: 5.718382358551025
Epoch: 3832, Loss: 5.665389060974121
Epoch: 3833, Loss: 5.707072734832764
Epoch: 3834, Loss: 5.617428779602051
Epoch: 3835, Loss: 5.665554046630859
Epoch: 3836, Loss: 5.692481517791748
Epoch: 3837, Loss: 5.696199417114258
Epoch: 3838, Loss: 5.752888202667236
Epoch: 3839, Loss: 5.675027847290039
Epoch: 3840, Loss: 5.7050580978393555
Test acc: 0.0345, IC acc: 0.0027, IC acc2: 0.0032, IW acc: 0.1376
Epoch: 3841, Loss: 5.668869972229004
Epoch: 3842, Loss: 5.6779866218566895
Epoch: 3843, Loss: 5.672432899475098
Epoch: 3844, Loss: 5.668262004852295
Epoch: 3845, Loss: 5.643403053283691
Epoch: 3846, Loss: 5.693243503570557
Epoch: 3847, Loss: 5.732497692108154
Epoch: 3848, Loss: 5.693600654602051
Epoch: 3849, Loss: 5.659441947937012
./circuit_plots/Unrestricted Disentangled|Readout|CN=0|B0=2|B1=3|K=1280|L=320|p_B=0.75|p_C=0.75|B=2|eps=0|e6550d4e-6d1e-4f62-89ea-caa9422ff06f/ already exists.
./circuit_plots/Unrestricted Disentangled|Readout|CN=0|B0=2|B1=3|K=1280|L=320|p_B=0.75|p_C=0.75|B=2|eps=0|e6550d4e-6d1e-4f62-89ea-caa9422ff06f/ already exists.
./circuit_plots/Unrestricted Disentangled|Readout|CN=0|B0=2|B1=3|K=1280|L=320|p_B=0.75|p_C=0.75|B=2|eps=0|e6550d4e-6d1e-4f62-89ea-caa9422ff06f/ already exists.
./circuit_plots/Unrestricted Disentangled|Readout|CN=0|B0=2|B1=3|K=1280|L=320|p_B=0.75|p_C=0.75|B=2|eps=0|e6550d4e-6d1e-4f62-89ea-caa9422ff06f/ already exists.
./circuit_plots/Unrestricted Disentangled|Readout|CN=0|B0=2|B1=3|K=1280|L=320|p_B=0.75|p_C=0.75|B=2|eps=0|e6550d4e-6d1e-4f62-89ea-caa9422ff06f/ already exists.
./circuit_plots/Unrestricted Disentangled|Readout|CN=0|B0=2|B1=3|K=1280|L=320|p_B=0.75|p_C=0.75|B=2|eps=0|e6550d4e-6d1e-4f62-89ea-caa9422ff06f/ already exists.
./circuit_plots/Unrestricted Disentangled|Readout|CN=0|B0=2|B1=3|K=1280|L=320|p_B=0.75|p_C=0.75|B=2|eps=0|e6550d4e-6d1e-4f62-89ea-caa9422ff06f/ already exists.
Epoch: 3850, Loss: 5.690021514892578
Test acc: 0.0342, IC acc: 0.0027, IC acc2: 0.0032, IW acc: 0.1366
Epoch: 3851, Loss: 5.713654041290283
Epoch: 3852, Loss: 5.66169548034668
Epoch: 3853, Loss: 5.677325248718262
Epoch: 3854, Loss: 5.680510997772217
Epoch: 3855, Loss: 5.637834548950195
Epoch: 3856, Loss: 5.737104415893555
Epoch: 3857, Loss: 5.739882469177246
Epoch: 3858, Loss: 5.645802021026611
Epoch: 3859, Loss: 5.706063270568848
Epoch: 3860, Loss: 5.682424545288086
Test acc: 0.0343, IC acc: 0.0027, IC acc2: 0.0032, IW acc: 0.137
Epoch: 3861, Loss: 5.683270454406738
Epoch: 3862, Loss: 5.699252605438232
Epoch: 3863, Loss: 5.715455055236816
Epoch: 3864, Loss: 5.689939022064209
Epoch: 3865, Loss: 5.643784523010254
Epoch: 3866, Loss: 5.659014701843262
Epoch: 3867, Loss: 5.648115158081055
Epoch: 3868, Loss: 5.691788673400879
Epoch: 3869, Loss: 5.692004203796387
Epoch: 3870, Loss: 5.693517684936523
Test acc: 0.0341, IC acc: 0.0027, IC acc2: 0.0032, IW acc: 0.1376
Epoch: 3871, Loss: 5.696836948394775
Epoch: 3872, Loss: 5.712458610534668
Epoch: 3873, Loss: 5.719267845153809
Epoch: 3874, Loss: 5.6923909187316895
Epoch: 3875, Loss: 5.686207294464111
Epoch: 3876, Loss: 5.723938465118408
Epoch: 3877, Loss: 5.6188483238220215
Epoch: 3878, Loss: 5.706727027893066
Epoch: 3879, Loss: 5.659539222717285
Epoch: 3880, Loss: 5.702761650085449
Test acc: 0.0345, IC acc: 0.0027, IC acc2: 0.0032, IW acc: 0.1386
Epoch: 3881, Loss: 5.723882675170898
Epoch: 3882, Loss: 5.699112892150879
Epoch: 3883, Loss: 5.714932918548584
Epoch: 3884, Loss: 5.6675801277160645
Epoch: 3885, Loss: 5.736199378967285
Epoch: 3886, Loss: 5.698647499084473
Epoch: 3887, Loss: 5.7262396812438965
Epoch: 3888, Loss: 5.754294395446777
Epoch: 3889, Loss: 5.689692497253418
Epoch: 3890, Loss: 5.677682399749756
Test acc: 0.0345, IC acc: 0.0027, IC acc2: 0.0032, IW acc: 0.1385
Epoch: 3891, Loss: 5.719004154205322
Epoch: 3892, Loss: 5.735980987548828
Epoch: 3893, Loss: 5.685757637023926
Epoch: 3894, Loss: 5.754749298095703
Epoch: 3895, Loss: 5.693447589874268
Epoch: 3896, Loss: 5.701965808868408
Epoch: 3897, Loss: 5.6926422119140625
Epoch: 3898, Loss: 5.6905694007873535
Epoch: 3899, Loss: 5.677736282348633
./circuit_plots/Unrestricted Disentangled|Readout|CN=0|B0=2|B1=3|K=1280|L=320|p_B=0.75|p_C=0.75|B=2|eps=0|e6550d4e-6d1e-4f62-89ea-caa9422ff06f/ already exists.
./circuit_plots/Unrestricted Disentangled|Readout|CN=0|B0=2|B1=3|K=1280|L=320|p_B=0.75|p_C=0.75|B=2|eps=0|e6550d4e-6d1e-4f62-89ea-caa9422ff06f/ already exists.
./circuit_plots/Unrestricted Disentangled|Readout|CN=0|B0=2|B1=3|K=1280|L=320|p_B=0.75|p_C=0.75|B=2|eps=0|e6550d4e-6d1e-4f62-89ea-caa9422ff06f/ already exists.
./circuit_plots/Unrestricted Disentangled|Readout|CN=0|B0=2|B1=3|K=1280|L=320|p_B=0.75|p_C=0.75|B=2|eps=0|e6550d4e-6d1e-4f62-89ea-caa9422ff06f/ already exists.
./circuit_plots/Unrestricted Disentangled|Readout|CN=0|B0=2|B1=3|K=1280|L=320|p_B=0.75|p_C=0.75|B=2|eps=0|e6550d4e-6d1e-4f62-89ea-caa9422ff06f/ already exists.
./circuit_plots/Unrestricted Disentangled|Readout|CN=0|B0=2|B1=3|K=1280|L=320|p_B=0.75|p_C=0.75|B=2|eps=0|e6550d4e-6d1e-4f62-89ea-caa9422ff06f/ already exists.
./circuit_plots/Unrestricted Disentangled|Readout|CN=0|B0=2|B1=3|K=1280|L=320|p_B=0.75|p_C=0.75|B=2|eps=0|e6550d4e-6d1e-4f62-89ea-caa9422ff06f/ already exists.
Epoch: 3900, Loss: 5.674409866333008
Test acc: 0.035, IC acc: 0.0027, IC acc2: 0.0032, IW acc: 0.1392
Epoch: 3901, Loss: 5.6956095695495605
Epoch: 3902, Loss: 5.64900016784668
Epoch: 3903, Loss: 5.7378034591674805
Epoch: 3904, Loss: 5.730126857757568
Epoch: 3905, Loss: 5.678302764892578
Epoch: 3906, Loss: 5.682599067687988
Epoch: 3907, Loss: 5.716078758239746
Epoch: 3908, Loss: 5.7223801612854
Epoch: 3909, Loss: 5.702425003051758
Epoch: 3910, Loss: 5.699270248413086
Test acc: 0.0345, IC acc: 0.0031, IC acc2: 0.0032, IW acc: 0.1381
Epoch: 3911, Loss: 5.6808247566223145
Epoch: 3912, Loss: 5.708150863647461
Epoch: 3913, Loss: 5.695755481719971
Epoch: 3914, Loss: 5.703908443450928
Epoch: 3915, Loss: 5.692997932434082
Epoch: 3916, Loss: 5.7047014236450195
Epoch: 3917, Loss: 5.6791462898254395
Epoch: 3918, Loss: 5.711106300354004
Epoch: 3919, Loss: 5.713700294494629
Epoch: 3920, Loss: 5.731882095336914
Test acc: 0.0352, IC acc: 0.0031, IC acc2: 0.0032, IW acc: 0.1405
Epoch: 3921, Loss: 5.620021343231201
Epoch: 3922, Loss: 5.677785396575928
Epoch: 3923, Loss: 5.744339942932129
Epoch: 3924, Loss: 5.709014415740967
Epoch: 3925, Loss: 5.721916198730469
Epoch: 3926, Loss: 5.702706813812256
Epoch: 3927, Loss: 5.711774826049805
Epoch: 3928, Loss: 5.629128456115723
Epoch: 3929, Loss: 5.596808433532715
Epoch: 3930, Loss: 5.6678948402404785
Test acc: 0.0349, IC acc: 0.0027, IC acc2: 0.0032, IW acc: 0.1402
Epoch: 3931, Loss: 5.692722320556641
Epoch: 3932, Loss: 5.663537979125977
Epoch: 3933, Loss: 5.705069065093994
Epoch: 3934, Loss: 5.669124603271484
Epoch: 3935, Loss: 5.738251686096191
Epoch: 3936, Loss: 5.667910575866699
Epoch: 3937, Loss: 5.703969478607178
Epoch: 3938, Loss: 5.701638221740723
Epoch: 3939, Loss: 5.666860580444336
Epoch: 3940, Loss: 5.706981658935547
Test acc: 0.0354, IC acc: 0.0024, IC acc2: 0.0032, IW acc: 0.1421
Epoch: 3941, Loss: 5.676866054534912
Epoch: 3942, Loss: 5.682224273681641
Epoch: 3943, Loss: 5.663061618804932
Epoch: 3944, Loss: 5.720552444458008
Epoch: 3945, Loss: 5.645662784576416
Epoch: 3946, Loss: 5.650580406188965
Epoch: 3947, Loss: 5.646451950073242
Epoch: 3948, Loss: 5.695025444030762
Epoch: 3949, Loss: 5.719287395477295
./circuit_plots/Unrestricted Disentangled|Readout|CN=0|B0=2|B1=3|K=1280|L=320|p_B=0.75|p_C=0.75|B=2|eps=0|e6550d4e-6d1e-4f62-89ea-caa9422ff06f/ already exists.
./circuit_plots/Unrestricted Disentangled|Readout|CN=0|B0=2|B1=3|K=1280|L=320|p_B=0.75|p_C=0.75|B=2|eps=0|e6550d4e-6d1e-4f62-89ea-caa9422ff06f/ already exists.
./circuit_plots/Unrestricted Disentangled|Readout|CN=0|B0=2|B1=3|K=1280|L=320|p_B=0.75|p_C=0.75|B=2|eps=0|e6550d4e-6d1e-4f62-89ea-caa9422ff06f/ already exists.
./circuit_plots/Unrestricted Disentangled|Readout|CN=0|B0=2|B1=3|K=1280|L=320|p_B=0.75|p_C=0.75|B=2|eps=0|e6550d4e-6d1e-4f62-89ea-caa9422ff06f/ already exists.
./circuit_plots/Unrestricted Disentangled|Readout|CN=0|B0=2|B1=3|K=1280|L=320|p_B=0.75|p_C=0.75|B=2|eps=0|e6550d4e-6d1e-4f62-89ea-caa9422ff06f/ already exists.
./circuit_plots/Unrestricted Disentangled|Readout|CN=0|B0=2|B1=3|K=1280|L=320|p_B=0.75|p_C=0.75|B=2|eps=0|e6550d4e-6d1e-4f62-89ea-caa9422ff06f/ already exists.
./circuit_plots/Unrestricted Disentangled|Readout|CN=0|B0=2|B1=3|K=1280|L=320|p_B=0.75|p_C=0.75|B=2|eps=0|e6550d4e-6d1e-4f62-89ea-caa9422ff06f/ already exists.
Epoch: 3950, Loss: 5.70078182220459
Test acc: 0.0352, IC acc: 0.0027, IC acc2: 0.0032, IW acc: 0.1426
Epoch: 3951, Loss: 5.682230472564697
Epoch: 3952, Loss: 5.640092849731445
Epoch: 3953, Loss: 5.676880359649658
Epoch: 3954, Loss: 5.6540608406066895
Epoch: 3955, Loss: 5.702375411987305
Epoch: 3956, Loss: 5.626164436340332
Epoch: 3957, Loss: 5.729013919830322
Epoch: 3958, Loss: 5.702772617340088
Epoch: 3959, Loss: 5.6772308349609375
Epoch: 3960, Loss: 5.714603424072266
Test acc: 0.0355, IC acc: 0.0027, IC acc2: 0.0032, IW acc: 0.1427
Epoch: 3961, Loss: 5.658238410949707
Epoch: 3962, Loss: 5.6642985343933105
Epoch: 3963, Loss: 5.647075653076172
Epoch: 3964, Loss: 5.651340961456299
Epoch: 3965, Loss: 5.712488174438477
Epoch: 3966, Loss: 5.683439254760742
Epoch: 3967, Loss: 5.711435794830322
Epoch: 3968, Loss: 5.6854658126831055
Epoch: 3969, Loss: 5.683417320251465
Epoch: 3970, Loss: 5.734613418579102
Test acc: 0.0365, IC acc: 0.0031, IC acc2: 0.0032, IW acc: 0.1466
Epoch: 3971, Loss: 5.663238525390625
Epoch: 3972, Loss: 5.73378849029541
Epoch: 3973, Loss: 5.70008659362793
Epoch: 3974, Loss: 5.7354302406311035
Epoch: 3975, Loss: 5.67900276184082
Epoch: 3976, Loss: 5.702825546264648
Epoch: 3977, Loss: 5.698015213012695
Epoch: 3978, Loss: 5.7415313720703125
Epoch: 3979, Loss: 5.737489700317383
Epoch: 3980, Loss: 5.677526950836182
Test acc: 0.037, IC acc: 0.0031, IC acc2: 0.0032, IW acc: 0.1473
Epoch: 3981, Loss: 5.700263977050781
Epoch: 3982, Loss: 5.679607391357422
Epoch: 3983, Loss: 5.6827592849731445
Epoch: 3984, Loss: 5.704493522644043
Epoch: 3985, Loss: 5.725566387176514
Epoch: 3986, Loss: 5.706887245178223
Epoch: 3987, Loss: 5.639955997467041
Epoch: 3988, Loss: 5.683718204498291
Epoch: 3989, Loss: 5.691822052001953
Epoch: 3990, Loss: 5.644044876098633
Test acc: 0.0365, IC acc: 0.0024, IC acc2: 0.0032, IW acc: 0.1467
Epoch: 3991, Loss: 5.699992656707764
Epoch: 3992, Loss: 5.699883460998535
Epoch: 3993, Loss: 5.700372219085693
Epoch: 3994, Loss: 5.73496675491333
Epoch: 3995, Loss: 5.659639358520508
Epoch: 3996, Loss: 5.705586910247803
Epoch: 3997, Loss: 5.714695930480957
Epoch: 3998, Loss: 5.6483564376831055
Epoch: 3999, Loss: 5.666147708892822
./circuit_plots/Unrestricted Disentangled|Readout|CN=0|B0=2|B1=3|K=1280|L=320|p_B=0.75|p_C=0.75|B=2|eps=0|e6550d4e-6d1e-4f62-89ea-caa9422ff06f/ already exists.
./circuit_plots/Unrestricted Disentangled|Readout|CN=0|B0=2|B1=3|K=1280|L=320|p_B=0.75|p_C=0.75|B=2|eps=0|e6550d4e-6d1e-4f62-89ea-caa9422ff06f/ already exists.
./circuit_plots/Unrestricted Disentangled|Readout|CN=0|B0=2|B1=3|K=1280|L=320|p_B=0.75|p_C=0.75|B=2|eps=0|e6550d4e-6d1e-4f62-89ea-caa9422ff06f/ already exists.
./circuit_plots/Unrestricted Disentangled|Readout|CN=0|B0=2|B1=3|K=1280|L=320|p_B=0.75|p_C=0.75|B=2|eps=0|e6550d4e-6d1e-4f62-89ea-caa9422ff06f/ already exists.
./circuit_plots/Unrestricted Disentangled|Readout|CN=0|B0=2|B1=3|K=1280|L=320|p_B=0.75|p_C=0.75|B=2|eps=0|e6550d4e-6d1e-4f62-89ea-caa9422ff06f/ already exists.
./circuit_plots/Unrestricted Disentangled|Readout|CN=0|B0=2|B1=3|K=1280|L=320|p_B=0.75|p_C=0.75|B=2|eps=0|e6550d4e-6d1e-4f62-89ea-caa9422ff06f/ already exists.
./circuit_plots/Unrestricted Disentangled|Readout|CN=0|B0=2|B1=3|K=1280|L=320|p_B=0.75|p_C=0.75|B=2|eps=0|e6550d4e-6d1e-4f62-89ea-caa9422ff06f/ already exists.
Epoch: 4000, Loss: 5.734548091888428
Test acc: 0.0367, IC acc: 0.0031, IC acc2: 0.0032, IW acc: 0.1475
Epoch: 4001, Loss: 5.698665618896484
Epoch: 4002, Loss: 5.685302734375
Epoch: 4003, Loss: 5.6494340896606445
Epoch: 4004, Loss: 5.705927848815918
Epoch: 4005, Loss: 5.666774749755859
Epoch: 4006, Loss: 5.6541948318481445
Epoch: 4007, Loss: 5.710759162902832
Epoch: 4008, Loss: 5.700139045715332
Epoch: 4009, Loss: 5.6538238525390625
Epoch: 4010, Loss: 5.701907157897949
Test acc: 0.0368, IC acc: 0.0031, IC acc2: 0.0032, IW acc: 0.1493
Epoch: 4011, Loss: 5.73859977722168
Epoch: 4012, Loss: 5.729540824890137
Epoch: 4013, Loss: 5.70600700378418
Epoch: 4014, Loss: 5.714040279388428
Epoch: 4015, Loss: 5.721804618835449
Epoch: 4016, Loss: 5.679925918579102
Epoch: 4017, Loss: 5.657442092895508
Epoch: 4018, Loss: 5.737823963165283
Epoch: 4019, Loss: 5.664630889892578
Epoch: 4020, Loss: 5.635119438171387
Test acc: 0.0368, IC acc: 0.0031, IC acc2: 0.0032, IW acc: 0.1493
Epoch: 4021, Loss: 5.657938480377197
Epoch: 4022, Loss: 5.652827262878418
Epoch: 4023, Loss: 5.64186954498291
Epoch: 4024, Loss: 5.650315761566162
Epoch: 4025, Loss: 5.654971122741699
Epoch: 4026, Loss: 5.706978797912598
Epoch: 4027, Loss: 5.694182395935059
Epoch: 4028, Loss: 5.696992874145508
Epoch: 4029, Loss: 5.688559532165527
Epoch: 4030, Loss: 5.692682266235352
Test acc: 0.0377, IC acc: 0.0027, IC acc2: 0.0032, IW acc: 0.152
Epoch: 4031, Loss: 5.7015557289123535
Epoch: 4032, Loss: 5.707222938537598
Epoch: 4033, Loss: 5.636252403259277
Epoch: 4034, Loss: 5.678653240203857
Epoch: 4035, Loss: 5.722158432006836
Epoch: 4036, Loss: 5.711413383483887
Epoch: 4037, Loss: 5.66322135925293
Epoch: 4038, Loss: 5.666471481323242
Epoch: 4039, Loss: 5.701615333557129
Epoch: 4040, Loss: 5.653913497924805
Test acc: 0.0386, IC acc: 0.0031, IC acc2: 0.0032, IW acc: 0.1546
Epoch: 4041, Loss: 5.725743293762207
Epoch: 4042, Loss: 5.685697078704834
Epoch: 4043, Loss: 5.727684020996094
Epoch: 4044, Loss: 5.7336835861206055
Epoch: 4045, Loss: 5.67656135559082
Epoch: 4046, Loss: 5.66912841796875
Epoch: 4047, Loss: 5.640684127807617
Epoch: 4048, Loss: 5.6988372802734375
Epoch: 4049, Loss: 5.740926742553711
./circuit_plots/Unrestricted Disentangled|Readout|CN=0|B0=2|B1=3|K=1280|L=320|p_B=0.75|p_C=0.75|B=2|eps=0|e6550d4e-6d1e-4f62-89ea-caa9422ff06f/ already exists.
./circuit_plots/Unrestricted Disentangled|Readout|CN=0|B0=2|B1=3|K=1280|L=320|p_B=0.75|p_C=0.75|B=2|eps=0|e6550d4e-6d1e-4f62-89ea-caa9422ff06f/ already exists.
./circuit_plots/Unrestricted Disentangled|Readout|CN=0|B0=2|B1=3|K=1280|L=320|p_B=0.75|p_C=0.75|B=2|eps=0|e6550d4e-6d1e-4f62-89ea-caa9422ff06f/ already exists.
./circuit_plots/Unrestricted Disentangled|Readout|CN=0|B0=2|B1=3|K=1280|L=320|p_B=0.75|p_C=0.75|B=2|eps=0|e6550d4e-6d1e-4f62-89ea-caa9422ff06f/ already exists.
./circuit_plots/Unrestricted Disentangled|Readout|CN=0|B0=2|B1=3|K=1280|L=320|p_B=0.75|p_C=0.75|B=2|eps=0|e6550d4e-6d1e-4f62-89ea-caa9422ff06f/ already exists.
./circuit_plots/Unrestricted Disentangled|Readout|CN=0|B0=2|B1=3|K=1280|L=320|p_B=0.75|p_C=0.75|B=2|eps=0|e6550d4e-6d1e-4f62-89ea-caa9422ff06f/ already exists.
./circuit_plots/Unrestricted Disentangled|Readout|CN=0|B0=2|B1=3|K=1280|L=320|p_B=0.75|p_C=0.75|B=2|eps=0|e6550d4e-6d1e-4f62-89ea-caa9422ff06f/ already exists.
Epoch: 4050, Loss: 5.62238883972168
Test acc: 0.0389, IC acc: 0.0031, IC acc2: 0.0032, IW acc: 0.1551
Epoch: 4051, Loss: 5.68837833404541
Epoch: 4052, Loss: 5.6479716300964355
Epoch: 4053, Loss: 5.691734790802002
Epoch: 4054, Loss: 5.6918721199035645
Epoch: 4055, Loss: 5.690629959106445
Epoch: 4056, Loss: 5.6511030197143555
Epoch: 4057, Loss: 5.670330047607422
Epoch: 4058, Loss: 5.6674370765686035
Epoch: 4059, Loss: 5.692770957946777
Epoch: 4060, Loss: 5.63170051574707
Test acc: 0.0385, IC acc: 0.002, IC acc2: 0.0032, IW acc: 0.1534
Epoch: 4061, Loss: 5.693599224090576
Epoch: 4062, Loss: 5.723484992980957
Epoch: 4063, Loss: 5.757055759429932
Epoch: 4064, Loss: 5.696035385131836
Epoch: 4065, Loss: 5.718887805938721
Epoch: 4066, Loss: 5.673155784606934
Epoch: 4067, Loss: 5.63607120513916
Epoch: 4068, Loss: 5.703638076782227
Epoch: 4069, Loss: 5.702297210693359
Epoch: 4070, Loss: 5.692731857299805
Test acc: 0.0387, IC acc: 0.002, IC acc2: 0.0032, IW acc: 0.1542
Epoch: 4071, Loss: 5.739349365234375
Epoch: 4072, Loss: 5.708844184875488
Epoch: 4073, Loss: 5.673091888427734
Epoch: 4074, Loss: 5.686988830566406
Epoch: 4075, Loss: 5.723762512207031
Epoch: 4076, Loss: 5.724225044250488
Epoch: 4077, Loss: 5.642693519592285
Epoch: 4078, Loss: 5.6609344482421875
Epoch: 4079, Loss: 5.710850715637207
Epoch: 4080, Loss: 5.661993503570557
Test acc: 0.0391, IC acc: 0.0027, IC acc2: 0.0032, IW acc: 0.156
Epoch: 4081, Loss: 5.664258003234863
Epoch: 4082, Loss: 5.702784538269043
Epoch: 4083, Loss: 5.694690704345703
Epoch: 4084, Loss: 5.635042667388916
Epoch: 4085, Loss: 5.7208757400512695
Epoch: 4086, Loss: 5.661840438842773
Epoch: 4087, Loss: 5.649918556213379
Epoch: 4088, Loss: 5.66985559463501
Epoch: 4089, Loss: 5.7029709815979
Epoch: 4090, Loss: 5.670773983001709
Test acc: 0.0396, IC acc: 0.002, IC acc2: 0.0032, IW acc: 0.1585
Epoch: 4091, Loss: 5.655468940734863
Epoch: 4092, Loss: 5.680331230163574
Epoch: 4093, Loss: 5.662752628326416
Epoch: 4094, Loss: 5.639589786529541
Epoch: 4095, Loss: 5.670674800872803
Epoch: 4096, Loss: 5.71516227722168
Epoch: 4097, Loss: 5.665599822998047
Epoch: 4098, Loss: 5.633081912994385
Epoch: 4099, Loss: 5.6796064376831055
./circuit_plots/Unrestricted Disentangled|Readout|CN=0|B0=2|B1=3|K=1280|L=320|p_B=0.75|p_C=0.75|B=2|eps=0|e6550d4e-6d1e-4f62-89ea-caa9422ff06f/ already exists.
./circuit_plots/Unrestricted Disentangled|Readout|CN=0|B0=2|B1=3|K=1280|L=320|p_B=0.75|p_C=0.75|B=2|eps=0|e6550d4e-6d1e-4f62-89ea-caa9422ff06f/ already exists.
./circuit_plots/Unrestricted Disentangled|Readout|CN=0|B0=2|B1=3|K=1280|L=320|p_B=0.75|p_C=0.75|B=2|eps=0|e6550d4e-6d1e-4f62-89ea-caa9422ff06f/ already exists.
./circuit_plots/Unrestricted Disentangled|Readout|CN=0|B0=2|B1=3|K=1280|L=320|p_B=0.75|p_C=0.75|B=2|eps=0|e6550d4e-6d1e-4f62-89ea-caa9422ff06f/ already exists.
./circuit_plots/Unrestricted Disentangled|Readout|CN=0|B0=2|B1=3|K=1280|L=320|p_B=0.75|p_C=0.75|B=2|eps=0|e6550d4e-6d1e-4f62-89ea-caa9422ff06f/ already exists.
./circuit_plots/Unrestricted Disentangled|Readout|CN=0|B0=2|B1=3|K=1280|L=320|p_B=0.75|p_C=0.75|B=2|eps=0|e6550d4e-6d1e-4f62-89ea-caa9422ff06f/ already exists.
./circuit_plots/Unrestricted Disentangled|Readout|CN=0|B0=2|B1=3|K=1280|L=320|p_B=0.75|p_C=0.75|B=2|eps=0|e6550d4e-6d1e-4f62-89ea-caa9422ff06f/ already exists.
Epoch: 4100, Loss: 5.6962690353393555
Test acc: 0.0404, IC acc: 0.0027, IC acc2: 0.0032, IW acc: 0.1597
Epoch: 4101, Loss: 5.687758445739746
Epoch: 4102, Loss: 5.662257671356201
Epoch: 4103, Loss: 5.663357257843018
Epoch: 4104, Loss: 5.687405586242676
Epoch: 4105, Loss: 5.681994438171387
Epoch: 4106, Loss: 5.708769798278809
Epoch: 4107, Loss: 5.682963848114014
Epoch: 4108, Loss: 5.704866409301758
Epoch: 4109, Loss: 5.754660129547119
Epoch: 4110, Loss: 5.715511798858643
Test acc: 0.0404, IC acc: 0.0027, IC acc2: 0.0032, IW acc: 0.1602
Epoch: 4111, Loss: 5.669733047485352
Epoch: 4112, Loss: 5.690329551696777
Epoch: 4113, Loss: 5.682975769042969
Epoch: 4114, Loss: 5.679780960083008
Epoch: 4115, Loss: 5.634710311889648
Epoch: 4116, Loss: 5.659721851348877
Epoch: 4117, Loss: 5.688917636871338
Epoch: 4118, Loss: 5.679997444152832
Epoch: 4119, Loss: 5.642916679382324
Epoch: 4120, Loss: 5.663920879364014
Test acc: 0.0404, IC acc: 0.0027, IC acc2: 0.0032, IW acc: 0.1602
Epoch: 4121, Loss: 5.680930137634277
Epoch: 4122, Loss: 5.6514892578125
Epoch: 4123, Loss: 5.672276020050049
Epoch: 4124, Loss: 5.688657283782959
Epoch: 4125, Loss: 5.699862480163574
Epoch: 4126, Loss: 5.656607627868652
Epoch: 4127, Loss: 5.692594528198242
Epoch: 4128, Loss: 5.7111101150512695
Epoch: 4129, Loss: 5.654118537902832
Epoch: 4130, Loss: 5.63499641418457
Test acc: 0.0405, IC acc: 0.002, IC acc2: 0.0032, IW acc: 0.1601
Epoch: 4131, Loss: 5.652581691741943
Epoch: 4132, Loss: 5.696409225463867
Epoch: 4133, Loss: 5.6974711418151855
Epoch: 4134, Loss: 5.651117324829102
Epoch: 4135, Loss: 5.7316718101501465
Epoch: 4136, Loss: 5.70439338684082
Epoch: 4137, Loss: 5.699162483215332
Epoch: 4138, Loss: 5.717700958251953
Epoch: 4139, Loss: 5.678243637084961
Epoch: 4140, Loss: 5.692631721496582
Test acc: 0.0413, IC acc: 0.002, IC acc2: 0.0032, IW acc: 0.163
Epoch: 4141, Loss: 5.760669708251953
Epoch: 4142, Loss: 5.679955005645752
Epoch: 4143, Loss: 5.750818252563477
Epoch: 4144, Loss: 5.705463409423828
Epoch: 4145, Loss: 5.740693092346191
Epoch: 4146, Loss: 5.664542198181152
Epoch: 4147, Loss: 5.6257734298706055
Epoch: 4148, Loss: 5.670864105224609
Epoch: 4149, Loss: 5.670349597930908
./circuit_plots/Unrestricted Disentangled|Readout|CN=0|B0=2|B1=3|K=1280|L=320|p_B=0.75|p_C=0.75|B=2|eps=0|e6550d4e-6d1e-4f62-89ea-caa9422ff06f/ already exists.
./circuit_plots/Unrestricted Disentangled|Readout|CN=0|B0=2|B1=3|K=1280|L=320|p_B=0.75|p_C=0.75|B=2|eps=0|e6550d4e-6d1e-4f62-89ea-caa9422ff06f/ already exists.
./circuit_plots/Unrestricted Disentangled|Readout|CN=0|B0=2|B1=3|K=1280|L=320|p_B=0.75|p_C=0.75|B=2|eps=0|e6550d4e-6d1e-4f62-89ea-caa9422ff06f/ already exists.
./circuit_plots/Unrestricted Disentangled|Readout|CN=0|B0=2|B1=3|K=1280|L=320|p_B=0.75|p_C=0.75|B=2|eps=0|e6550d4e-6d1e-4f62-89ea-caa9422ff06f/ already exists.
./circuit_plots/Unrestricted Disentangled|Readout|CN=0|B0=2|B1=3|K=1280|L=320|p_B=0.75|p_C=0.75|B=2|eps=0|e6550d4e-6d1e-4f62-89ea-caa9422ff06f/ already exists.
./circuit_plots/Unrestricted Disentangled|Readout|CN=0|B0=2|B1=3|K=1280|L=320|p_B=0.75|p_C=0.75|B=2|eps=0|e6550d4e-6d1e-4f62-89ea-caa9422ff06f/ already exists.
./circuit_plots/Unrestricted Disentangled|Readout|CN=0|B0=2|B1=3|K=1280|L=320|p_B=0.75|p_C=0.75|B=2|eps=0|e6550d4e-6d1e-4f62-89ea-caa9422ff06f/ already exists.
Epoch: 4150, Loss: 5.71181583404541
Test acc: 0.0411, IC acc: 0.002, IC acc2: 0.0032, IW acc: 0.164
Epoch: 4151, Loss: 5.654274940490723
Epoch: 4152, Loss: 5.681102752685547
Epoch: 4153, Loss: 5.698620796203613
Epoch: 4154, Loss: 5.694161415100098
Epoch: 4155, Loss: 5.688401222229004
Epoch: 4156, Loss: 5.733027458190918
Epoch: 4157, Loss: 5.6641740798950195
Epoch: 4158, Loss: 5.6697893142700195
Epoch: 4159, Loss: 5.670410633087158
Epoch: 4160, Loss: 5.701391220092773
Test acc: 0.0414, IC acc: 0.002, IC acc2: 0.0032, IW acc: 0.1648
Epoch: 4161, Loss: 5.7124176025390625
Epoch: 4162, Loss: 5.679718494415283
Epoch: 4163, Loss: 5.6753926277160645
Epoch: 4164, Loss: 5.723598957061768
Epoch: 4165, Loss: 5.7283759117126465
Epoch: 4166, Loss: 5.666748046875
Epoch: 4167, Loss: 5.7477545738220215
Epoch: 4168, Loss: 5.680801868438721
Epoch: 4169, Loss: 5.696765899658203
Epoch: 4170, Loss: 5.632676124572754
Test acc: 0.0414, IC acc: 0.002, IC acc2: 0.0032, IW acc: 0.1651
Epoch: 4171, Loss: 5.686550140380859
Epoch: 4172, Loss: 5.64046573638916
Epoch: 4173, Loss: 5.689175605773926
Epoch: 4174, Loss: 5.636825084686279
Epoch: 4175, Loss: 5.689511299133301
Epoch: 4176, Loss: 5.737834930419922
Epoch: 4177, Loss: 5.707152366638184
Epoch: 4178, Loss: 5.673818588256836
Epoch: 4179, Loss: 5.737602233886719
Epoch: 4180, Loss: 5.725226402282715
Test acc: 0.0414, IC acc: 0.002, IC acc2: 0.0032, IW acc: 0.1671
Epoch: 4181, Loss: 5.697610855102539
Epoch: 4182, Loss: 5.6877121925354
Epoch: 4183, Loss: 5.671308517456055
Epoch: 4184, Loss: 5.6931891441345215
Epoch: 4185, Loss: 5.596761703491211
Epoch: 4186, Loss: 5.641465187072754
Epoch: 4187, Loss: 5.63908052444458
Epoch: 4188, Loss: 5.714090824127197
Epoch: 4189, Loss: 5.616267204284668
Epoch: 4190, Loss: 5.70097541809082
Test acc: 0.0414, IC acc: 0.002, IC acc2: 0.0032, IW acc: 0.1671
Epoch: 4191, Loss: 5.7360639572143555
Epoch: 4192, Loss: 5.669902801513672
Epoch: 4193, Loss: 5.664603233337402
Epoch: 4194, Loss: 5.663969993591309
Epoch: 4195, Loss: 5.667832374572754
Epoch: 4196, Loss: 5.690802574157715
Epoch: 4197, Loss: 5.681519508361816
Epoch: 4198, Loss: 5.735901832580566
Epoch: 4199, Loss: 5.692080497741699
./circuit_plots/Unrestricted Disentangled|Readout|CN=0|B0=2|B1=3|K=1280|L=320|p_B=0.75|p_C=0.75|B=2|eps=0|e6550d4e-6d1e-4f62-89ea-caa9422ff06f/ already exists.
./circuit_plots/Unrestricted Disentangled|Readout|CN=0|B0=2|B1=3|K=1280|L=320|p_B=0.75|p_C=0.75|B=2|eps=0|e6550d4e-6d1e-4f62-89ea-caa9422ff06f/ already exists.
./circuit_plots/Unrestricted Disentangled|Readout|CN=0|B0=2|B1=3|K=1280|L=320|p_B=0.75|p_C=0.75|B=2|eps=0|e6550d4e-6d1e-4f62-89ea-caa9422ff06f/ already exists.
./circuit_plots/Unrestricted Disentangled|Readout|CN=0|B0=2|B1=3|K=1280|L=320|p_B=0.75|p_C=0.75|B=2|eps=0|e6550d4e-6d1e-4f62-89ea-caa9422ff06f/ already exists.
./circuit_plots/Unrestricted Disentangled|Readout|CN=0|B0=2|B1=3|K=1280|L=320|p_B=0.75|p_C=0.75|B=2|eps=0|e6550d4e-6d1e-4f62-89ea-caa9422ff06f/ already exists.
./circuit_plots/Unrestricted Disentangled|Readout|CN=0|B0=2|B1=3|K=1280|L=320|p_B=0.75|p_C=0.75|B=2|eps=0|e6550d4e-6d1e-4f62-89ea-caa9422ff06f/ already exists.
./circuit_plots/Unrestricted Disentangled|Readout|CN=0|B0=2|B1=3|K=1280|L=320|p_B=0.75|p_C=0.75|B=2|eps=0|e6550d4e-6d1e-4f62-89ea-caa9422ff06f/ already exists.
Epoch: 4200, Loss: 5.67017936706543
Test acc: 0.0413, IC acc: 0.002, IC acc2: 0.0032, IW acc: 0.167
Epoch: 4201, Loss: 5.690366268157959
Epoch: 4202, Loss: 5.711029052734375
Epoch: 4203, Loss: 5.655550003051758
Epoch: 4204, Loss: 5.721088409423828
Epoch: 4205, Loss: 5.625687599182129
Epoch: 4206, Loss: 5.680824279785156
Epoch: 4207, Loss: 5.671170234680176
Epoch: 4208, Loss: 5.740662574768066
Epoch: 4209, Loss: 5.644824028015137
Epoch: 4210, Loss: 5.664699554443359
Test acc: 0.0418, IC acc: 0.002, IC acc2: 0.0032, IW acc: 0.1678
Epoch: 4211, Loss: 5.674433708190918
Epoch: 4212, Loss: 5.670159339904785
Epoch: 4213, Loss: 5.704555511474609
Epoch: 4214, Loss: 5.692168235778809
Epoch: 4215, Loss: 5.665618896484375
Epoch: 4216, Loss: 5.6752028465271
Epoch: 4217, Loss: 5.681155681610107
Epoch: 4218, Loss: 5.717779159545898
Epoch: 4219, Loss: 5.6518707275390625
Epoch: 4220, Loss: 5.721924781799316
Test acc: 0.0412, IC acc: 0.002, IC acc2: 0.0032, IW acc: 0.1674
Epoch: 4221, Loss: 5.700756549835205
Epoch: 4222, Loss: 5.71970272064209
Epoch: 4223, Loss: 5.653450965881348
Epoch: 4224, Loss: 5.69712495803833
Epoch: 4225, Loss: 5.707046985626221
Epoch: 4226, Loss: 5.717643737792969
Epoch: 4227, Loss: 5.641629219055176
Epoch: 4228, Loss: 5.691817283630371
Epoch: 4229, Loss: 5.697052001953125
Epoch: 4230, Loss: 5.711026191711426
Test acc: 0.0428, IC acc: 0.002, IC acc2: 0.0032, IW acc: 0.1697
Epoch: 4231, Loss: 5.734368801116943
Epoch: 4232, Loss: 5.64723539352417
Epoch: 4233, Loss: 5.69606351852417
Epoch: 4234, Loss: 5.628174304962158
Epoch: 4235, Loss: 5.6754350662231445
Epoch: 4236, Loss: 5.67677640914917
Epoch: 4237, Loss: 5.682296276092529
Epoch: 4238, Loss: 5.673872947692871
Epoch: 4239, Loss: 5.694026947021484
Epoch: 4240, Loss: 5.701295852661133
Test acc: 0.0433, IC acc: 0.002, IC acc2: 0.0032, IW acc: 0.1705
Epoch: 4241, Loss: 5.66590690612793
Epoch: 4242, Loss: 5.689017295837402
Epoch: 4243, Loss: 5.676163196563721
Epoch: 4244, Loss: 5.677092552185059
Epoch: 4245, Loss: 5.688493728637695
Epoch: 4246, Loss: 5.668435573577881
Epoch: 4247, Loss: 5.671725273132324
Epoch: 4248, Loss: 5.6660284996032715
Epoch: 4249, Loss: 5.654823303222656
./circuit_plots/Unrestricted Disentangled|Readout|CN=0|B0=2|B1=3|K=1280|L=320|p_B=0.75|p_C=0.75|B=2|eps=0|e6550d4e-6d1e-4f62-89ea-caa9422ff06f/ already exists.
./circuit_plots/Unrestricted Disentangled|Readout|CN=0|B0=2|B1=3|K=1280|L=320|p_B=0.75|p_C=0.75|B=2|eps=0|e6550d4e-6d1e-4f62-89ea-caa9422ff06f/ already exists.
./circuit_plots/Unrestricted Disentangled|Readout|CN=0|B0=2|B1=3|K=1280|L=320|p_B=0.75|p_C=0.75|B=2|eps=0|e6550d4e-6d1e-4f62-89ea-caa9422ff06f/ already exists.
./circuit_plots/Unrestricted Disentangled|Readout|CN=0|B0=2|B1=3|K=1280|L=320|p_B=0.75|p_C=0.75|B=2|eps=0|e6550d4e-6d1e-4f62-89ea-caa9422ff06f/ already exists.
./circuit_plots/Unrestricted Disentangled|Readout|CN=0|B0=2|B1=3|K=1280|L=320|p_B=0.75|p_C=0.75|B=2|eps=0|e6550d4e-6d1e-4f62-89ea-caa9422ff06f/ already exists.
./circuit_plots/Unrestricted Disentangled|Readout|CN=0|B0=2|B1=3|K=1280|L=320|p_B=0.75|p_C=0.75|B=2|eps=0|e6550d4e-6d1e-4f62-89ea-caa9422ff06f/ already exists.
./circuit_plots/Unrestricted Disentangled|Readout|CN=0|B0=2|B1=3|K=1280|L=320|p_B=0.75|p_C=0.75|B=2|eps=0|e6550d4e-6d1e-4f62-89ea-caa9422ff06f/ already exists.
Epoch: 4250, Loss: 5.667695999145508
Test acc: 0.0429, IC acc: 0.002, IC acc2: 0.0032, IW acc: 0.1694
Epoch: 4251, Loss: 5.7007341384887695
Epoch: 4252, Loss: 5.694437503814697
Epoch: 4253, Loss: 5.719897747039795
Epoch: 4254, Loss: 5.6742963790893555
Epoch: 4255, Loss: 5.711368560791016
Epoch: 4256, Loss: 5.669622898101807
Epoch: 4257, Loss: 5.661890029907227
Epoch: 4258, Loss: 5.678750514984131
Epoch: 4259, Loss: 5.697473049163818
Epoch: 4260, Loss: 5.666018962860107
Test acc: 0.0431, IC acc: 0.002, IC acc2: 0.0032, IW acc: 0.1688
Epoch: 4261, Loss: 5.6467766761779785
Epoch: 4262, Loss: 5.702837944030762
Epoch: 4263, Loss: 5.696965217590332
Epoch: 4264, Loss: 5.677872180938721
Epoch: 4265, Loss: 5.720611572265625
Epoch: 4266, Loss: 5.665525436401367
Epoch: 4267, Loss: 5.680706977844238
Epoch: 4268, Loss: 5.707328796386719
Epoch: 4269, Loss: 5.696743965148926
Epoch: 4270, Loss: 5.716119766235352
Test acc: 0.0438, IC acc: 0.002, IC acc2: 0.0032, IW acc: 0.1697
Epoch: 4271, Loss: 5.620194911956787
Epoch: 4272, Loss: 5.679172515869141
Epoch: 4273, Loss: 5.674484729766846
Epoch: 4274, Loss: 5.710212707519531
Epoch: 4275, Loss: 5.662511825561523
Epoch: 4276, Loss: 5.60576868057251
Epoch: 4277, Loss: 5.699925422668457
Epoch: 4278, Loss: 5.665440559387207
Epoch: 4279, Loss: 5.69176721572876
Epoch: 4280, Loss: 5.6594414710998535
Test acc: 0.0442, IC acc: 0.002, IC acc2: 0.0032, IW acc: 0.1715
Epoch: 4281, Loss: 5.702070236206055
Epoch: 4282, Loss: 5.674859046936035
Epoch: 4283, Loss: 5.682901382446289
Epoch: 4284, Loss: 5.659732818603516
Epoch: 4285, Loss: 5.697978496551514
Epoch: 4286, Loss: 5.657782554626465
Epoch: 4287, Loss: 5.606579780578613
Epoch: 4288, Loss: 5.727151870727539
Epoch: 4289, Loss: 5.646974563598633
Epoch: 4290, Loss: 5.678895950317383
Test acc: 0.0444, IC acc: 0.002, IC acc2: 0.0032, IW acc: 0.1725
Epoch: 4291, Loss: 5.678659439086914
Epoch: 4292, Loss: 5.6573166847229
Epoch: 4293, Loss: 5.7525129318237305
Epoch: 4294, Loss: 5.733195781707764
Epoch: 4295, Loss: 5.67763614654541
Epoch: 4296, Loss: 5.67417049407959
Epoch: 4297, Loss: 5.663239479064941
Epoch: 4298, Loss: 5.7016191482543945
Epoch: 4299, Loss: 5.685794830322266
./circuit_plots/Unrestricted Disentangled|Readout|CN=0|B0=2|B1=3|K=1280|L=320|p_B=0.75|p_C=0.75|B=2|eps=0|e6550d4e-6d1e-4f62-89ea-caa9422ff06f/ already exists.
./circuit_plots/Unrestricted Disentangled|Readout|CN=0|B0=2|B1=3|K=1280|L=320|p_B=0.75|p_C=0.75|B=2|eps=0|e6550d4e-6d1e-4f62-89ea-caa9422ff06f/ already exists.
./circuit_plots/Unrestricted Disentangled|Readout|CN=0|B0=2|B1=3|K=1280|L=320|p_B=0.75|p_C=0.75|B=2|eps=0|e6550d4e-6d1e-4f62-89ea-caa9422ff06f/ already exists.
./circuit_plots/Unrestricted Disentangled|Readout|CN=0|B0=2|B1=3|K=1280|L=320|p_B=0.75|p_C=0.75|B=2|eps=0|e6550d4e-6d1e-4f62-89ea-caa9422ff06f/ already exists.
./circuit_plots/Unrestricted Disentangled|Readout|CN=0|B0=2|B1=3|K=1280|L=320|p_B=0.75|p_C=0.75|B=2|eps=0|e6550d4e-6d1e-4f62-89ea-caa9422ff06f/ already exists.
./circuit_plots/Unrestricted Disentangled|Readout|CN=0|B0=2|B1=3|K=1280|L=320|p_B=0.75|p_C=0.75|B=2|eps=0|e6550d4e-6d1e-4f62-89ea-caa9422ff06f/ already exists.
./circuit_plots/Unrestricted Disentangled|Readout|CN=0|B0=2|B1=3|K=1280|L=320|p_B=0.75|p_C=0.75|B=2|eps=0|e6550d4e-6d1e-4f62-89ea-caa9422ff06f/ already exists.
Epoch: 4300, Loss: 5.713428497314453
Test acc: 0.0446, IC acc: 0.002, IC acc2: 0.0032, IW acc: 0.1738
Epoch: 4301, Loss: 5.6310529708862305
Epoch: 4302, Loss: 5.6291608810424805
Epoch: 4303, Loss: 5.675497531890869
Epoch: 4304, Loss: 5.6523542404174805
Epoch: 4305, Loss: 5.687276363372803
Epoch: 4306, Loss: 5.694104194641113
Epoch: 4307, Loss: 5.65580415725708
Epoch: 4308, Loss: 5.685364246368408
Epoch: 4309, Loss: 5.678943634033203
Epoch: 4310, Loss: 5.707197189331055
Test acc: 0.045, IC acc: 0.002, IC acc2: 0.0032, IW acc: 0.1754
Epoch: 4311, Loss: 5.645763874053955
Epoch: 4312, Loss: 5.6455583572387695
Epoch: 4313, Loss: 5.698155403137207
Epoch: 4314, Loss: 5.692892551422119
Epoch: 4315, Loss: 5.696820259094238
Epoch: 4316, Loss: 5.658565044403076
Epoch: 4317, Loss: 5.690591812133789
Epoch: 4318, Loss: 5.697974681854248
Epoch: 4319, Loss: 5.6476922035217285
Epoch: 4320, Loss: 5.656254768371582
Test acc: 0.0454, IC acc: 0.002, IC acc2: 0.0032, IW acc: 0.1786
Epoch: 4321, Loss: 5.620110511779785
Epoch: 4322, Loss: 5.666845321655273
Epoch: 4323, Loss: 5.65264892578125
Epoch: 4324, Loss: 5.6924333572387695
Epoch: 4325, Loss: 5.683648109436035
Epoch: 4326, Loss: 5.6902055740356445
Epoch: 4327, Loss: 5.7385125160217285
Epoch: 4328, Loss: 5.725045204162598
Epoch: 4329, Loss: 5.683462142944336
Epoch: 4330, Loss: 5.6469807624816895
Test acc: 0.0453, IC acc: 0.002, IC acc2: 0.0032, IW acc: 0.1793
Epoch: 4331, Loss: 5.647096633911133
Epoch: 4332, Loss: 5.688084602355957
Epoch: 4333, Loss: 5.670318603515625
Epoch: 4334, Loss: 5.676928997039795
Epoch: 4335, Loss: 5.634869575500488
Epoch: 4336, Loss: 5.692312240600586
Epoch: 4337, Loss: 5.665356159210205
Epoch: 4338, Loss: 5.703485012054443
Epoch: 4339, Loss: 5.7106170654296875
Epoch: 4340, Loss: 5.650132179260254
Test acc: 0.0454, IC acc: 0.002, IC acc2: 0.0032, IW acc: 0.1797
Epoch: 4341, Loss: 5.696929931640625
Epoch: 4342, Loss: 5.623227119445801
Epoch: 4343, Loss: 5.690191268920898
Epoch: 4344, Loss: 5.680172920227051
Epoch: 4345, Loss: 5.665959358215332
Epoch: 4346, Loss: 5.697021961212158
Epoch: 4347, Loss: 5.706300735473633
Epoch: 4348, Loss: 5.670367240905762
Epoch: 4349, Loss: 5.631277561187744
./circuit_plots/Unrestricted Disentangled|Readout|CN=0|B0=2|B1=3|K=1280|L=320|p_B=0.75|p_C=0.75|B=2|eps=0|e6550d4e-6d1e-4f62-89ea-caa9422ff06f/ already exists.
./circuit_plots/Unrestricted Disentangled|Readout|CN=0|B0=2|B1=3|K=1280|L=320|p_B=0.75|p_C=0.75|B=2|eps=0|e6550d4e-6d1e-4f62-89ea-caa9422ff06f/ already exists.
./circuit_plots/Unrestricted Disentangled|Readout|CN=0|B0=2|B1=3|K=1280|L=320|p_B=0.75|p_C=0.75|B=2|eps=0|e6550d4e-6d1e-4f62-89ea-caa9422ff06f/ already exists.
./circuit_plots/Unrestricted Disentangled|Readout|CN=0|B0=2|B1=3|K=1280|L=320|p_B=0.75|p_C=0.75|B=2|eps=0|e6550d4e-6d1e-4f62-89ea-caa9422ff06f/ already exists.
./circuit_plots/Unrestricted Disentangled|Readout|CN=0|B0=2|B1=3|K=1280|L=320|p_B=0.75|p_C=0.75|B=2|eps=0|e6550d4e-6d1e-4f62-89ea-caa9422ff06f/ already exists.
./circuit_plots/Unrestricted Disentangled|Readout|CN=0|B0=2|B1=3|K=1280|L=320|p_B=0.75|p_C=0.75|B=2|eps=0|e6550d4e-6d1e-4f62-89ea-caa9422ff06f/ already exists.
./circuit_plots/Unrestricted Disentangled|Readout|CN=0|B0=2|B1=3|K=1280|L=320|p_B=0.75|p_C=0.75|B=2|eps=0|e6550d4e-6d1e-4f62-89ea-caa9422ff06f/ already exists.
Epoch: 4350, Loss: 5.680788993835449
Test acc: 0.0452, IC acc: 0.002, IC acc2: 0.0032, IW acc: 0.1784
Epoch: 4351, Loss: 5.687138557434082
Epoch: 4352, Loss: 5.6834716796875
Epoch: 4353, Loss: 5.715377330780029
Epoch: 4354, Loss: 5.633977890014648
Epoch: 4355, Loss: 5.675014019012451
Epoch: 4356, Loss: 5.639410018920898
Epoch: 4357, Loss: 5.673764705657959
Epoch: 4358, Loss: 5.652176856994629
Epoch: 4359, Loss: 5.693892002105713
Epoch: 4360, Loss: 5.6748199462890625
Test acc: 0.0454, IC acc: 0.002, IC acc2: 0.0032, IW acc: 0.183
Epoch: 4361, Loss: 5.7126994132995605
Epoch: 4362, Loss: 5.682583808898926
Epoch: 4363, Loss: 5.646400451660156
Epoch: 4364, Loss: 5.6529035568237305
Epoch: 4365, Loss: 5.649295330047607
Epoch: 4366, Loss: 5.685821533203125
Epoch: 4367, Loss: 5.704581260681152
Epoch: 4368, Loss: 5.707016944885254
Epoch: 4369, Loss: 5.648787498474121
Epoch: 4370, Loss: 5.705586910247803
Test acc: 0.0456, IC acc: 0.002, IC acc2: 0.0032, IW acc: 0.1819
Epoch: 4371, Loss: 5.691771507263184
Epoch: 4372, Loss: 5.696795463562012
Epoch: 4373, Loss: 5.678147315979004
Epoch: 4374, Loss: 5.668686866760254
Epoch: 4375, Loss: 5.753242492675781
Epoch: 4376, Loss: 5.718579292297363
Epoch: 4377, Loss: 5.722271919250488
Epoch: 4378, Loss: 5.657811164855957
Epoch: 4379, Loss: 5.667011260986328
Epoch: 4380, Loss: 5.64373779296875
Test acc: 0.0453, IC acc: 0.002, IC acc2: 0.0032, IW acc: 0.181
Epoch: 4381, Loss: 5.632801055908203
Epoch: 4382, Loss: 5.710240840911865
Epoch: 4383, Loss: 5.717072486877441
Epoch: 4384, Loss: 5.674617767333984
Epoch: 4385, Loss: 5.6814374923706055
Epoch: 4386, Loss: 5.689947128295898
Epoch: 4387, Loss: 5.7331366539001465
Epoch: 4388, Loss: 5.713387489318848
Epoch: 4389, Loss: 5.674213886260986
Epoch: 4390, Loss: 5.707098484039307
Test acc: 0.0456, IC acc: 0.002, IC acc2: 0.0032, IW acc: 0.1836
Epoch: 4391, Loss: 5.704808235168457
Epoch: 4392, Loss: 5.635650634765625
Epoch: 4393, Loss: 5.689891815185547
Epoch: 4394, Loss: 5.697747230529785
Epoch: 4395, Loss: 5.680300712585449
Epoch: 4396, Loss: 5.67606782913208
Epoch: 4397, Loss: 5.626222133636475
Epoch: 4398, Loss: 5.687514305114746
Epoch: 4399, Loss: 5.66420841217041
./circuit_plots/Unrestricted Disentangled|Readout|CN=0|B0=2|B1=3|K=1280|L=320|p_B=0.75|p_C=0.75|B=2|eps=0|e6550d4e-6d1e-4f62-89ea-caa9422ff06f/ already exists.
./circuit_plots/Unrestricted Disentangled|Readout|CN=0|B0=2|B1=3|K=1280|L=320|p_B=0.75|p_C=0.75|B=2|eps=0|e6550d4e-6d1e-4f62-89ea-caa9422ff06f/ already exists.
./circuit_plots/Unrestricted Disentangled|Readout|CN=0|B0=2|B1=3|K=1280|L=320|p_B=0.75|p_C=0.75|B=2|eps=0|e6550d4e-6d1e-4f62-89ea-caa9422ff06f/ already exists.
./circuit_plots/Unrestricted Disentangled|Readout|CN=0|B0=2|B1=3|K=1280|L=320|p_B=0.75|p_C=0.75|B=2|eps=0|e6550d4e-6d1e-4f62-89ea-caa9422ff06f/ already exists.
./circuit_plots/Unrestricted Disentangled|Readout|CN=0|B0=2|B1=3|K=1280|L=320|p_B=0.75|p_C=0.75|B=2|eps=0|e6550d4e-6d1e-4f62-89ea-caa9422ff06f/ already exists.
./circuit_plots/Unrestricted Disentangled|Readout|CN=0|B0=2|B1=3|K=1280|L=320|p_B=0.75|p_C=0.75|B=2|eps=0|e6550d4e-6d1e-4f62-89ea-caa9422ff06f/ already exists.
./circuit_plots/Unrestricted Disentangled|Readout|CN=0|B0=2|B1=3|K=1280|L=320|p_B=0.75|p_C=0.75|B=2|eps=0|e6550d4e-6d1e-4f62-89ea-caa9422ff06f/ already exists.
Epoch: 4400, Loss: 5.726280212402344
Test acc: 0.0459, IC acc: 0.002, IC acc2: 0.0032, IW acc: 0.1844
Epoch: 4401, Loss: 5.659480094909668
Epoch: 4402, Loss: 5.71094274520874
Epoch: 4403, Loss: 5.600289344787598
Epoch: 4404, Loss: 5.714528560638428
Epoch: 4405, Loss: 5.607483863830566
Epoch: 4406, Loss: 5.643393516540527
Epoch: 4407, Loss: 5.6794891357421875
Epoch: 4408, Loss: 5.685559272766113
Epoch: 4409, Loss: 5.70463752746582
Epoch: 4410, Loss: 5.693234920501709
Test acc: 0.048, IC acc: 0.002, IC acc2: 0.0032, IW acc: 0.1859
Epoch: 4411, Loss: 5.661455154418945
Epoch: 4412, Loss: 5.689769744873047
Epoch: 4413, Loss: 5.5815229415893555
Epoch: 4414, Loss: 5.723564624786377
Epoch: 4415, Loss: 5.7183685302734375
Epoch: 4416, Loss: 5.704871654510498
Epoch: 4417, Loss: 5.698155403137207
Epoch: 4418, Loss: 5.692427635192871
Epoch: 4419, Loss: 5.683237075805664
Epoch: 4420, Loss: 5.682799339294434
Test acc: 0.0482, IC acc: 0.002, IC acc2: 0.0032, IW acc: 0.187
Epoch: 4421, Loss: 5.667953968048096
Epoch: 4422, Loss: 5.667078971862793
Epoch: 4423, Loss: 5.707392692565918
Epoch: 4424, Loss: 5.654770851135254
Epoch: 4425, Loss: 5.6829118728637695
Epoch: 4426, Loss: 5.682410717010498
Epoch: 4427, Loss: 5.683216094970703
Epoch: 4428, Loss: 5.651702880859375
Epoch: 4429, Loss: 5.657418251037598
Epoch: 4430, Loss: 5.67244815826416
Test acc: 0.0489, IC acc: 0.002, IC acc2: 0.0032, IW acc: 0.1912
Epoch: 4431, Loss: 5.709235191345215
Epoch: 4432, Loss: 5.682463645935059
Epoch: 4433, Loss: 5.658414363861084
Epoch: 4434, Loss: 5.6673383712768555
Epoch: 4435, Loss: 5.639120578765869
Epoch: 4436, Loss: 5.632717609405518
Epoch: 4437, Loss: 5.646013259887695
Epoch: 4438, Loss: 5.655638217926025
Epoch: 4439, Loss: 5.655595779418945
Epoch: 4440, Loss: 5.668267726898193
Test acc: 0.0488, IC acc: 0.002, IC acc2: 0.0032, IW acc: 0.1899
Epoch: 4441, Loss: 5.621956825256348
Epoch: 4442, Loss: 5.671206474304199
Epoch: 4443, Loss: 5.699735641479492
Epoch: 4444, Loss: 5.698725700378418
Epoch: 4445, Loss: 5.6838274002075195
Epoch: 4446, Loss: 5.68072509765625
Epoch: 4447, Loss: 5.662239074707031
Epoch: 4448, Loss: 5.674778938293457
Epoch: 4449, Loss: 5.71618127822876
./circuit_plots/Unrestricted Disentangled|Readout|CN=0|B0=2|B1=3|K=1280|L=320|p_B=0.75|p_C=0.75|B=2|eps=0|e6550d4e-6d1e-4f62-89ea-caa9422ff06f/ already exists.
./circuit_plots/Unrestricted Disentangled|Readout|CN=0|B0=2|B1=3|K=1280|L=320|p_B=0.75|p_C=0.75|B=2|eps=0|e6550d4e-6d1e-4f62-89ea-caa9422ff06f/ already exists.
./circuit_plots/Unrestricted Disentangled|Readout|CN=0|B0=2|B1=3|K=1280|L=320|p_B=0.75|p_C=0.75|B=2|eps=0|e6550d4e-6d1e-4f62-89ea-caa9422ff06f/ already exists.
./circuit_plots/Unrestricted Disentangled|Readout|CN=0|B0=2|B1=3|K=1280|L=320|p_B=0.75|p_C=0.75|B=2|eps=0|e6550d4e-6d1e-4f62-89ea-caa9422ff06f/ already exists.
./circuit_plots/Unrestricted Disentangled|Readout|CN=0|B0=2|B1=3|K=1280|L=320|p_B=0.75|p_C=0.75|B=2|eps=0|e6550d4e-6d1e-4f62-89ea-caa9422ff06f/ already exists.
./circuit_plots/Unrestricted Disentangled|Readout|CN=0|B0=2|B1=3|K=1280|L=320|p_B=0.75|p_C=0.75|B=2|eps=0|e6550d4e-6d1e-4f62-89ea-caa9422ff06f/ already exists.
./circuit_plots/Unrestricted Disentangled|Readout|CN=0|B0=2|B1=3|K=1280|L=320|p_B=0.75|p_C=0.75|B=2|eps=0|e6550d4e-6d1e-4f62-89ea-caa9422ff06f/ already exists.
Epoch: 4450, Loss: 5.666659355163574
Test acc: 0.047, IC acc: 0.002, IC acc2: 0.0032, IW acc: 0.1893
Epoch: 4451, Loss: 5.667300701141357
Epoch: 4452, Loss: 5.695593357086182
Epoch: 4453, Loss: 5.682609558105469
Epoch: 4454, Loss: 5.629150390625
Epoch: 4455, Loss: 5.643678665161133
Epoch: 4456, Loss: 5.722573280334473
Epoch: 4457, Loss: 5.662502288818359
Epoch: 4458, Loss: 5.677037239074707
Epoch: 4459, Loss: 5.669908046722412
Epoch: 4460, Loss: 5.664135932922363
Test acc: 0.0476, IC acc: 0.002, IC acc2: 0.0032, IW acc: 0.1898
Epoch: 4461, Loss: 5.700683116912842
Epoch: 4462, Loss: 5.698974609375
Epoch: 4463, Loss: 5.7158522605896
Epoch: 4464, Loss: 5.642685890197754
Epoch: 4465, Loss: 5.658246994018555
Epoch: 4466, Loss: 5.691922187805176
Epoch: 4467, Loss: 5.64603853225708
Epoch: 4468, Loss: 5.679507255554199
Epoch: 4469, Loss: 5.684242248535156
Epoch: 4470, Loss: 5.686846733093262
Test acc: 0.0475, IC acc: 0.002, IC acc2: 0.0032, IW acc: 0.1901
Epoch: 4471, Loss: 5.715436935424805
Epoch: 4472, Loss: 5.677946090698242
Epoch: 4473, Loss: 5.719501495361328
Epoch: 4474, Loss: 5.670904159545898
Epoch: 4475, Loss: 5.633543968200684
Epoch: 4476, Loss: 5.645316123962402
Epoch: 4477, Loss: 5.731681823730469
Epoch: 4478, Loss: 5.6225175857543945
Epoch: 4479, Loss: 5.694059371948242
Epoch: 4480, Loss: 5.612000465393066
Test acc: 0.047, IC acc: 0.002, IC acc2: 0.0032, IW acc: 0.1896
Epoch: 4481, Loss: 5.708971977233887
Epoch: 4482, Loss: 5.719468116760254
Epoch: 4483, Loss: 5.665247440338135
Epoch: 4484, Loss: 5.722901344299316
Epoch: 4485, Loss: 5.579000473022461
Epoch: 4486, Loss: 5.6726789474487305
Epoch: 4487, Loss: 5.70149040222168
Epoch: 4488, Loss: 5.736495018005371
Epoch: 4489, Loss: 5.663881301879883
Epoch: 4490, Loss: 5.697229385375977
Test acc: 0.0485, IC acc: 0.002, IC acc2: 0.0032, IW acc: 0.1901
Epoch: 4491, Loss: 5.673019886016846
Epoch: 4492, Loss: 5.6617817878723145
Epoch: 4493, Loss: 5.6787004470825195
Epoch: 4494, Loss: 5.667097091674805
Epoch: 4495, Loss: 5.6866278648376465
Epoch: 4496, Loss: 5.632787704467773
Epoch: 4497, Loss: 5.713763236999512
Epoch: 4498, Loss: 5.630619049072266
Epoch: 4499, Loss: 5.640432357788086
./circuit_plots/Unrestricted Disentangled|Readout|CN=0|B0=2|B1=3|K=1280|L=320|p_B=0.75|p_C=0.75|B=2|eps=0|e6550d4e-6d1e-4f62-89ea-caa9422ff06f/ already exists.
./circuit_plots/Unrestricted Disentangled|Readout|CN=0|B0=2|B1=3|K=1280|L=320|p_B=0.75|p_C=0.75|B=2|eps=0|e6550d4e-6d1e-4f62-89ea-caa9422ff06f/ already exists.
./circuit_plots/Unrestricted Disentangled|Readout|CN=0|B0=2|B1=3|K=1280|L=320|p_B=0.75|p_C=0.75|B=2|eps=0|e6550d4e-6d1e-4f62-89ea-caa9422ff06f/ already exists.
./circuit_plots/Unrestricted Disentangled|Readout|CN=0|B0=2|B1=3|K=1280|L=320|p_B=0.75|p_C=0.75|B=2|eps=0|e6550d4e-6d1e-4f62-89ea-caa9422ff06f/ already exists.
./circuit_plots/Unrestricted Disentangled|Readout|CN=0|B0=2|B1=3|K=1280|L=320|p_B=0.75|p_C=0.75|B=2|eps=0|e6550d4e-6d1e-4f62-89ea-caa9422ff06f/ already exists.
./circuit_plots/Unrestricted Disentangled|Readout|CN=0|B0=2|B1=3|K=1280|L=320|p_B=0.75|p_C=0.75|B=2|eps=0|e6550d4e-6d1e-4f62-89ea-caa9422ff06f/ already exists.
./circuit_plots/Unrestricted Disentangled|Readout|CN=0|B0=2|B1=3|K=1280|L=320|p_B=0.75|p_C=0.75|B=2|eps=0|e6550d4e-6d1e-4f62-89ea-caa9422ff06f/ already exists.
Epoch: 4500, Loss: 5.665286540985107
Test acc: 0.0491, IC acc: 0.002, IC acc2: 0.0032, IW acc: 0.1927
Epoch: 4501, Loss: 5.668759346008301
Epoch: 4502, Loss: 5.663845062255859
Epoch: 4503, Loss: 5.673949241638184
Epoch: 4504, Loss: 5.716481685638428
Epoch: 4505, Loss: 5.698273658752441
Epoch: 4506, Loss: 5.698010444641113
Epoch: 4507, Loss: 5.632760524749756
Epoch: 4508, Loss: 5.697256088256836
Epoch: 4509, Loss: 5.740340232849121
Epoch: 4510, Loss: 5.650105953216553
Test acc: 0.0491, IC acc: 0.002, IC acc2: 0.0032, IW acc: 0.1926
Epoch: 4511, Loss: 5.718356609344482
Epoch: 4512, Loss: 5.674990653991699
Epoch: 4513, Loss: 5.661332607269287
Epoch: 4514, Loss: 5.679239273071289
Epoch: 4515, Loss: 5.655944347381592
Epoch: 4516, Loss: 5.709952354431152
Epoch: 4517, Loss: 5.64761209487915
Epoch: 4518, Loss: 5.6512041091918945
Epoch: 4519, Loss: 5.725307464599609
Epoch: 4520, Loss: 5.663321495056152
Test acc: 0.0498, IC acc: 0.002, IC acc2: 0.0032, IW acc: 0.1962
Epoch: 4521, Loss: 5.622078895568848
Epoch: 4522, Loss: 5.6478776931762695
Epoch: 4523, Loss: 5.609530925750732
Epoch: 4524, Loss: 5.656527519226074
Epoch: 4525, Loss: 5.735513210296631
Epoch: 4526, Loss: 5.682122230529785
Epoch: 4527, Loss: 5.638144493103027
Epoch: 4528, Loss: 5.670220375061035
Epoch: 4529, Loss: 5.653284549713135
Epoch: 4530, Loss: 5.717083930969238
Test acc: 0.0508, IC acc: 0.002, IC acc2: 0.0032, IW acc: 0.1996
Epoch: 4531, Loss: 5.656953811645508
Epoch: 4532, Loss: 5.654802322387695
Epoch: 4533, Loss: 5.696059226989746
Epoch: 4534, Loss: 5.630226135253906
Epoch: 4535, Loss: 5.704246997833252
Epoch: 4536, Loss: 5.642642974853516
Epoch: 4537, Loss: 5.651630878448486
Epoch: 4538, Loss: 5.650877952575684
Epoch: 4539, Loss: 5.66471004486084
Epoch: 4540, Loss: 5.713397979736328
Test acc: 0.0492, IC acc: 0.002, IC acc2: 0.0032, IW acc: 0.1988
Epoch: 4541, Loss: 5.701250076293945
Epoch: 4542, Loss: 5.697073936462402
Epoch: 4543, Loss: 5.71258544921875
Epoch: 4544, Loss: 5.69895601272583
Epoch: 4545, Loss: 5.704251766204834
Epoch: 4546, Loss: 5.680058479309082
Epoch: 4547, Loss: 5.66111946105957
Epoch: 4548, Loss: 5.663496971130371
Epoch: 4549, Loss: 5.652430534362793
./circuit_plots/Unrestricted Disentangled|Readout|CN=0|B0=2|B1=3|K=1280|L=320|p_B=0.75|p_C=0.75|B=2|eps=0|e6550d4e-6d1e-4f62-89ea-caa9422ff06f/ already exists.
./circuit_plots/Unrestricted Disentangled|Readout|CN=0|B0=2|B1=3|K=1280|L=320|p_B=0.75|p_C=0.75|B=2|eps=0|e6550d4e-6d1e-4f62-89ea-caa9422ff06f/ already exists.
./circuit_plots/Unrestricted Disentangled|Readout|CN=0|B0=2|B1=3|K=1280|L=320|p_B=0.75|p_C=0.75|B=2|eps=0|e6550d4e-6d1e-4f62-89ea-caa9422ff06f/ already exists.
./circuit_plots/Unrestricted Disentangled|Readout|CN=0|B0=2|B1=3|K=1280|L=320|p_B=0.75|p_C=0.75|B=2|eps=0|e6550d4e-6d1e-4f62-89ea-caa9422ff06f/ already exists.
./circuit_plots/Unrestricted Disentangled|Readout|CN=0|B0=2|B1=3|K=1280|L=320|p_B=0.75|p_C=0.75|B=2|eps=0|e6550d4e-6d1e-4f62-89ea-caa9422ff06f/ already exists.
./circuit_plots/Unrestricted Disentangled|Readout|CN=0|B0=2|B1=3|K=1280|L=320|p_B=0.75|p_C=0.75|B=2|eps=0|e6550d4e-6d1e-4f62-89ea-caa9422ff06f/ already exists.
./circuit_plots/Unrestricted Disentangled|Readout|CN=0|B0=2|B1=3|K=1280|L=320|p_B=0.75|p_C=0.75|B=2|eps=0|e6550d4e-6d1e-4f62-89ea-caa9422ff06f/ already exists.
Epoch: 4550, Loss: 5.667102813720703
Test acc: 0.0495, IC acc: 0.002, IC acc2: 0.0032, IW acc: 0.2001
Epoch: 4551, Loss: 5.685455322265625
Epoch: 4552, Loss: 5.66781759262085
Epoch: 4553, Loss: 5.686507701873779
Epoch: 4554, Loss: 5.605086326599121
Epoch: 4555, Loss: 5.666347026824951
Epoch: 4556, Loss: 5.647894382476807
Epoch: 4557, Loss: 5.634426593780518
Epoch: 4558, Loss: 5.6250786781311035
Epoch: 4559, Loss: 5.695985794067383
Epoch: 4560, Loss: 5.637947082519531
Test acc: 0.0497, IC acc: 0.002, IC acc2: 0.0032, IW acc: 0.2001
Epoch: 4561, Loss: 5.6689133644104
Epoch: 4562, Loss: 5.64650821685791
Epoch: 4563, Loss: 5.702221393585205
Epoch: 4564, Loss: 5.721944808959961
Epoch: 4565, Loss: 5.67635440826416
Epoch: 4566, Loss: 5.701111793518066
Epoch: 4567, Loss: 5.645390510559082
Epoch: 4568, Loss: 5.546518325805664
Epoch: 4569, Loss: 5.675920009613037
Epoch: 4570, Loss: 5.726794719696045
Test acc: 0.0509, IC acc: 0.002, IC acc2: 0.0032, IW acc: 0.2021
Epoch: 4571, Loss: 5.723376750946045
Epoch: 4572, Loss: 5.633086204528809
Epoch: 4573, Loss: 5.680472373962402
Epoch: 4574, Loss: 5.670479774475098
Epoch: 4575, Loss: 5.740507125854492
Epoch: 4576, Loss: 5.668262004852295
Epoch: 4577, Loss: 5.653572082519531
Epoch: 4578, Loss: 5.6902265548706055
Epoch: 4579, Loss: 5.65045690536499
Epoch: 4580, Loss: 5.670744895935059
Test acc: 0.0515, IC acc: 0.002, IC acc2: 0.0032, IW acc: 0.2066
Epoch: 4581, Loss: 5.644603729248047
Epoch: 4582, Loss: 5.691763877868652
Epoch: 4583, Loss: 5.646208763122559
Epoch: 4584, Loss: 5.700167655944824
Epoch: 4585, Loss: 5.651812553405762
Epoch: 4586, Loss: 5.6872358322143555
Epoch: 4587, Loss: 5.658584117889404
Epoch: 4588, Loss: 5.683877468109131
Epoch: 4589, Loss: 5.689108371734619
Epoch: 4590, Loss: 5.701674461364746
Test acc: 0.0517, IC acc: 0.002, IC acc2: 0.0032, IW acc: 0.2065
Epoch: 4591, Loss: 5.64164400100708
Epoch: 4592, Loss: 5.65667724609375
Epoch: 4593, Loss: 5.6293768882751465
Epoch: 4594, Loss: 5.66573429107666
Epoch: 4595, Loss: 5.675286293029785
Epoch: 4596, Loss: 5.697498798370361
Epoch: 4597, Loss: 5.7115278244018555
Epoch: 4598, Loss: 5.65718936920166
Epoch: 4599, Loss: 5.708057880401611
./circuit_plots/Unrestricted Disentangled|Readout|CN=0|B0=2|B1=3|K=1280|L=320|p_B=0.75|p_C=0.75|B=2|eps=0|e6550d4e-6d1e-4f62-89ea-caa9422ff06f/ already exists.
./circuit_plots/Unrestricted Disentangled|Readout|CN=0|B0=2|B1=3|K=1280|L=320|p_B=0.75|p_C=0.75|B=2|eps=0|e6550d4e-6d1e-4f62-89ea-caa9422ff06f/ already exists.
./circuit_plots/Unrestricted Disentangled|Readout|CN=0|B0=2|B1=3|K=1280|L=320|p_B=0.75|p_C=0.75|B=2|eps=0|e6550d4e-6d1e-4f62-89ea-caa9422ff06f/ already exists.
./circuit_plots/Unrestricted Disentangled|Readout|CN=0|B0=2|B1=3|K=1280|L=320|p_B=0.75|p_C=0.75|B=2|eps=0|e6550d4e-6d1e-4f62-89ea-caa9422ff06f/ already exists.
./circuit_plots/Unrestricted Disentangled|Readout|CN=0|B0=2|B1=3|K=1280|L=320|p_B=0.75|p_C=0.75|B=2|eps=0|e6550d4e-6d1e-4f62-89ea-caa9422ff06f/ already exists.
./circuit_plots/Unrestricted Disentangled|Readout|CN=0|B0=2|B1=3|K=1280|L=320|p_B=0.75|p_C=0.75|B=2|eps=0|e6550d4e-6d1e-4f62-89ea-caa9422ff06f/ already exists.
./circuit_plots/Unrestricted Disentangled|Readout|CN=0|B0=2|B1=3|K=1280|L=320|p_B=0.75|p_C=0.75|B=2|eps=0|e6550d4e-6d1e-4f62-89ea-caa9422ff06f/ already exists.
Epoch: 4600, Loss: 5.67642879486084
Test acc: 0.0533, IC acc: 0.002, IC acc2: 0.0032, IW acc: 0.2106
Epoch: 4601, Loss: 5.657115936279297
Epoch: 4602, Loss: 5.6332478523254395
Epoch: 4603, Loss: 5.645051956176758
Epoch: 4604, Loss: 5.67126989364624
Epoch: 4605, Loss: 5.68966007232666
Epoch: 4606, Loss: 5.622511863708496
Epoch: 4607, Loss: 5.6552653312683105
Epoch: 4608, Loss: 5.6684160232543945
Epoch: 4609, Loss: 5.645143508911133
Epoch: 4610, Loss: 5.687844276428223
Test acc: 0.0527, IC acc: 0.002, IC acc2: 0.0032, IW acc: 0.208
Epoch: 4611, Loss: 5.627342224121094
Epoch: 4612, Loss: 5.663522720336914
Epoch: 4613, Loss: 5.711251258850098
Epoch: 4614, Loss: 5.6929168701171875
Epoch: 4615, Loss: 5.727273941040039
Epoch: 4616, Loss: 5.677141189575195
Epoch: 4617, Loss: 5.655838966369629
Epoch: 4618, Loss: 5.678001403808594
Epoch: 4619, Loss: 5.6795148849487305
Epoch: 4620, Loss: 5.705979347229004
Test acc: 0.0532, IC acc: 0.002, IC acc2: 0.0032, IW acc: 0.2108
Epoch: 4621, Loss: 5.704965591430664
Epoch: 4622, Loss: 5.6613969802856445
Epoch: 4623, Loss: 5.6775431632995605
Epoch: 4624, Loss: 5.706745147705078
Epoch: 4625, Loss: 5.597536087036133
Epoch: 4626, Loss: 5.679102897644043
Epoch: 4627, Loss: 5.675885200500488
Epoch: 4628, Loss: 5.729330539703369
Epoch: 4629, Loss: 5.658697605133057
Epoch: 4630, Loss: 5.698882102966309
Test acc: 0.0533, IC acc: 0.002, IC acc2: 0.0032, IW acc: 0.2113
Epoch: 4631, Loss: 5.670849800109863
Epoch: 4632, Loss: 5.6130781173706055
Epoch: 4633, Loss: 5.6809282302856445
Epoch: 4634, Loss: 5.597051620483398
Epoch: 4635, Loss: 5.664514541625977
Epoch: 4636, Loss: 5.716756820678711
Epoch: 4637, Loss: 5.672679901123047
Epoch: 4638, Loss: 5.623920917510986
Epoch: 4639, Loss: 5.659924507141113
Epoch: 4640, Loss: 5.602786540985107
Test acc: 0.0532, IC acc: 0.002, IC acc2: 0.0032, IW acc: 0.2095
Epoch: 4641, Loss: 5.681511878967285
Epoch: 4642, Loss: 5.665469169616699
Epoch: 4643, Loss: 5.5996599197387695
Epoch: 4644, Loss: 5.68382453918457
Epoch: 4645, Loss: 5.688488006591797
Epoch: 4646, Loss: 5.7039794921875
Epoch: 4647, Loss: 5.611419677734375
Epoch: 4648, Loss: 5.715262413024902
Epoch: 4649, Loss: 5.621072769165039
./circuit_plots/Unrestricted Disentangled|Readout|CN=0|B0=2|B1=3|K=1280|L=320|p_B=0.75|p_C=0.75|B=2|eps=0|e6550d4e-6d1e-4f62-89ea-caa9422ff06f/ already exists.
./circuit_plots/Unrestricted Disentangled|Readout|CN=0|B0=2|B1=3|K=1280|L=320|p_B=0.75|p_C=0.75|B=2|eps=0|e6550d4e-6d1e-4f62-89ea-caa9422ff06f/ already exists.
./circuit_plots/Unrestricted Disentangled|Readout|CN=0|B0=2|B1=3|K=1280|L=320|p_B=0.75|p_C=0.75|B=2|eps=0|e6550d4e-6d1e-4f62-89ea-caa9422ff06f/ already exists.
./circuit_plots/Unrestricted Disentangled|Readout|CN=0|B0=2|B1=3|K=1280|L=320|p_B=0.75|p_C=0.75|B=2|eps=0|e6550d4e-6d1e-4f62-89ea-caa9422ff06f/ already exists.
./circuit_plots/Unrestricted Disentangled|Readout|CN=0|B0=2|B1=3|K=1280|L=320|p_B=0.75|p_C=0.75|B=2|eps=0|e6550d4e-6d1e-4f62-89ea-caa9422ff06f/ already exists.
./circuit_plots/Unrestricted Disentangled|Readout|CN=0|B0=2|B1=3|K=1280|L=320|p_B=0.75|p_C=0.75|B=2|eps=0|e6550d4e-6d1e-4f62-89ea-caa9422ff06f/ already exists.
./circuit_plots/Unrestricted Disentangled|Readout|CN=0|B0=2|B1=3|K=1280|L=320|p_B=0.75|p_C=0.75|B=2|eps=0|e6550d4e-6d1e-4f62-89ea-caa9422ff06f/ already exists.
Epoch: 4650, Loss: 5.661186695098877
Test acc: 0.0539, IC acc: 0.002, IC acc2: 0.0032, IW acc: 0.2126
Epoch: 4651, Loss: 5.606040954589844
Epoch: 4652, Loss: 5.602400779724121
Epoch: 4653, Loss: 5.64017391204834
Epoch: 4654, Loss: 5.72764778137207
Epoch: 4655, Loss: 5.650627613067627
Epoch: 4656, Loss: 5.697536468505859
Epoch: 4657, Loss: 5.683701515197754
Epoch: 4658, Loss: 5.683350086212158
Epoch: 4659, Loss: 5.66473388671875
Epoch: 4660, Loss: 5.617690086364746
Test acc: 0.0518, IC acc: 0.002, IC acc2: 0.0032, IW acc: 0.212
Epoch: 4661, Loss: 5.67255973815918
Epoch: 4662, Loss: 5.677280902862549
Epoch: 4663, Loss: 5.673449516296387
Epoch: 4664, Loss: 5.657928466796875
Epoch: 4665, Loss: 5.71455192565918
Epoch: 4666, Loss: 5.604818820953369
Epoch: 4667, Loss: 5.71575927734375
Epoch: 4668, Loss: 5.63313627243042
Epoch: 4669, Loss: 5.702534198760986
Epoch: 4670, Loss: 5.6864471435546875
Test acc: 0.0531, IC acc: 0.003, IC acc2: 0.0032, IW acc: 0.2089
Epoch: 4671, Loss: 5.651360511779785
Epoch: 4672, Loss: 5.695183277130127
Epoch: 4673, Loss: 5.672964096069336
Epoch: 4674, Loss: 5.681828498840332
Epoch: 4675, Loss: 5.687518119812012
Epoch: 4676, Loss: 5.711762428283691
Epoch: 4677, Loss: 5.65384578704834
Epoch: 4678, Loss: 5.667200565338135
Epoch: 4679, Loss: 5.683438301086426
Epoch: 4680, Loss: 5.611329555511475
Test acc: 0.0534, IC acc: 0.003, IC acc2: 0.0032, IW acc: 0.2095
Epoch: 4681, Loss: 5.6888298988342285
Epoch: 4682, Loss: 5.635746955871582
Epoch: 4683, Loss: 5.630528450012207
Epoch: 4684, Loss: 5.549651622772217
Epoch: 4685, Loss: 5.704288482666016
Epoch: 4686, Loss: 5.676684856414795
Epoch: 4687, Loss: 5.6665802001953125
Epoch: 4688, Loss: 5.719913005828857
Epoch: 4689, Loss: 5.680320739746094
Epoch: 4690, Loss: 5.649723052978516
Test acc: 0.054, IC acc: 0.003, IC acc2: 0.0032, IW acc: 0.2123
Epoch: 4691, Loss: 5.720627784729004
Epoch: 4692, Loss: 5.642193794250488
Epoch: 4693, Loss: 5.658564567565918
Epoch: 4694, Loss: 5.608771324157715
Epoch: 4695, Loss: 5.638692855834961
Epoch: 4696, Loss: 5.616838455200195
Epoch: 4697, Loss: 5.641866207122803
Epoch: 4698, Loss: 5.705404281616211
Epoch: 4699, Loss: 5.686618804931641
./circuit_plots/Unrestricted Disentangled|Readout|CN=0|B0=2|B1=3|K=1280|L=320|p_B=0.75|p_C=0.75|B=2|eps=0|e6550d4e-6d1e-4f62-89ea-caa9422ff06f/ already exists.
./circuit_plots/Unrestricted Disentangled|Readout|CN=0|B0=2|B1=3|K=1280|L=320|p_B=0.75|p_C=0.75|B=2|eps=0|e6550d4e-6d1e-4f62-89ea-caa9422ff06f/ already exists.
./circuit_plots/Unrestricted Disentangled|Readout|CN=0|B0=2|B1=3|K=1280|L=320|p_B=0.75|p_C=0.75|B=2|eps=0|e6550d4e-6d1e-4f62-89ea-caa9422ff06f/ already exists.
./circuit_plots/Unrestricted Disentangled|Readout|CN=0|B0=2|B1=3|K=1280|L=320|p_B=0.75|p_C=0.75|B=2|eps=0|e6550d4e-6d1e-4f62-89ea-caa9422ff06f/ already exists.
./circuit_plots/Unrestricted Disentangled|Readout|CN=0|B0=2|B1=3|K=1280|L=320|p_B=0.75|p_C=0.75|B=2|eps=0|e6550d4e-6d1e-4f62-89ea-caa9422ff06f/ already exists.
./circuit_plots/Unrestricted Disentangled|Readout|CN=0|B0=2|B1=3|K=1280|L=320|p_B=0.75|p_C=0.75|B=2|eps=0|e6550d4e-6d1e-4f62-89ea-caa9422ff06f/ already exists.
./circuit_plots/Unrestricted Disentangled|Readout|CN=0|B0=2|B1=3|K=1280|L=320|p_B=0.75|p_C=0.75|B=2|eps=0|e6550d4e-6d1e-4f62-89ea-caa9422ff06f/ already exists.
Epoch: 4700, Loss: 5.661159515380859
Test acc: 0.0544, IC acc: 0.003, IC acc2: 0.0032, IW acc: 0.2131
Epoch: 4701, Loss: 5.6787214279174805
Epoch: 4702, Loss: 5.73477840423584
Epoch: 4703, Loss: 5.679635047912598
Epoch: 4704, Loss: 5.681365489959717
Epoch: 4705, Loss: 5.6499457359313965
Epoch: 4706, Loss: 5.647050380706787
Epoch: 4707, Loss: 5.654006004333496
Epoch: 4708, Loss: 5.666395664215088
Epoch: 4709, Loss: 5.683513641357422
Epoch: 4710, Loss: 5.713252067565918
Test acc: 0.0533, IC acc: 0.003, IC acc2: 0.0032, IW acc: 0.2152
Epoch: 4711, Loss: 5.661462783813477
Epoch: 4712, Loss: 5.6479034423828125
Epoch: 4713, Loss: 5.653909206390381
Epoch: 4714, Loss: 5.649620056152344
Epoch: 4715, Loss: 5.703293800354004
Epoch: 4716, Loss: 5.617977142333984
Epoch: 4717, Loss: 5.687356948852539
Epoch: 4718, Loss: 5.692342281341553
Epoch: 4719, Loss: 5.697693347930908
Epoch: 4720, Loss: 5.633185386657715
Test acc: 0.0538, IC acc: 0.003, IC acc2: 0.0032, IW acc: 0.2172
Epoch: 4721, Loss: 5.64443826675415
Epoch: 4722, Loss: 5.650629043579102
Epoch: 4723, Loss: 5.666814804077148
Epoch: 4724, Loss: 5.6802215576171875
Epoch: 4725, Loss: 5.663888931274414
Epoch: 4726, Loss: 5.640903472900391
Epoch: 4727, Loss: 5.690810680389404
Epoch: 4728, Loss: 5.664363861083984
Epoch: 4729, Loss: 5.668584823608398
Epoch: 4730, Loss: 5.659148216247559
Test acc: 0.0535, IC acc: 0.003, IC acc2: 0.0032, IW acc: 0.2155
Epoch: 4731, Loss: 5.659929275512695
Epoch: 4732, Loss: 5.694826126098633
Epoch: 4733, Loss: 5.639589309692383
Epoch: 4734, Loss: 5.655801773071289
Epoch: 4735, Loss: 5.67155647277832
Epoch: 4736, Loss: 5.673968315124512
Epoch: 4737, Loss: 5.689081192016602
Epoch: 4738, Loss: 5.694216728210449
Epoch: 4739, Loss: 5.659511566162109
Epoch: 4740, Loss: 5.652311325073242
Test acc: 0.0537, IC acc: 0.003, IC acc2: 0.0032, IW acc: 0.216
Epoch: 4741, Loss: 5.740910053253174
Epoch: 4742, Loss: 5.685884475708008
Epoch: 4743, Loss: 5.607972621917725
Epoch: 4744, Loss: 5.680229187011719
Epoch: 4745, Loss: 5.637097358703613
Epoch: 4746, Loss: 5.720345973968506
Epoch: 4747, Loss: 5.690160274505615
Epoch: 4748, Loss: 5.663878440856934
Epoch: 4749, Loss: 5.643811225891113
./circuit_plots/Unrestricted Disentangled|Readout|CN=0|B0=2|B1=3|K=1280|L=320|p_B=0.75|p_C=0.75|B=2|eps=0|e6550d4e-6d1e-4f62-89ea-caa9422ff06f/ already exists.
./circuit_plots/Unrestricted Disentangled|Readout|CN=0|B0=2|B1=3|K=1280|L=320|p_B=0.75|p_C=0.75|B=2|eps=0|e6550d4e-6d1e-4f62-89ea-caa9422ff06f/ already exists.
./circuit_plots/Unrestricted Disentangled|Readout|CN=0|B0=2|B1=3|K=1280|L=320|p_B=0.75|p_C=0.75|B=2|eps=0|e6550d4e-6d1e-4f62-89ea-caa9422ff06f/ already exists.
./circuit_plots/Unrestricted Disentangled|Readout|CN=0|B0=2|B1=3|K=1280|L=320|p_B=0.75|p_C=0.75|B=2|eps=0|e6550d4e-6d1e-4f62-89ea-caa9422ff06f/ already exists.
./circuit_plots/Unrestricted Disentangled|Readout|CN=0|B0=2|B1=3|K=1280|L=320|p_B=0.75|p_C=0.75|B=2|eps=0|e6550d4e-6d1e-4f62-89ea-caa9422ff06f/ already exists.
./circuit_plots/Unrestricted Disentangled|Readout|CN=0|B0=2|B1=3|K=1280|L=320|p_B=0.75|p_C=0.75|B=2|eps=0|e6550d4e-6d1e-4f62-89ea-caa9422ff06f/ already exists.
./circuit_plots/Unrestricted Disentangled|Readout|CN=0|B0=2|B1=3|K=1280|L=320|p_B=0.75|p_C=0.75|B=2|eps=0|e6550d4e-6d1e-4f62-89ea-caa9422ff06f/ already exists.
Epoch: 4750, Loss: 5.691221237182617
Test acc: 0.0537, IC acc: 0.003, IC acc2: 0.0032, IW acc: 0.2167
Epoch: 4751, Loss: 5.6760663986206055
Epoch: 4752, Loss: 5.6439385414123535
Epoch: 4753, Loss: 5.68231725692749
Epoch: 4754, Loss: 5.680708885192871
Epoch: 4755, Loss: 5.716038703918457
Epoch: 4756, Loss: 5.685079574584961
Epoch: 4757, Loss: 5.7262983322143555
Epoch: 4758, Loss: 5.696611404418945
Epoch: 4759, Loss: 5.686249256134033
Epoch: 4760, Loss: 5.634621620178223
Test acc: 0.0545, IC acc: 0.003, IC acc2: 0.0032, IW acc: 0.2215
Epoch: 4761, Loss: 5.666563987731934
Epoch: 4762, Loss: 5.652781963348389
Epoch: 4763, Loss: 5.722818851470947
Epoch: 4764, Loss: 5.6803669929504395
Epoch: 4765, Loss: 5.648919105529785
Epoch: 4766, Loss: 5.650325775146484
Epoch: 4767, Loss: 5.612807273864746
Epoch: 4768, Loss: 5.646289825439453
Epoch: 4769, Loss: 5.670187473297119
Epoch: 4770, Loss: 5.736268997192383
Test acc: 0.0549, IC acc: 0.003, IC acc2: 0.0032, IW acc: 0.2232
Epoch: 4771, Loss: 5.669248580932617
Epoch: 4772, Loss: 5.658899307250977
Epoch: 4773, Loss: 5.649158954620361
Epoch: 4774, Loss: 5.630394458770752
Epoch: 4775, Loss: 5.6463823318481445
Epoch: 4776, Loss: 5.681921005249023
Epoch: 4777, Loss: 5.657520294189453
Epoch: 4778, Loss: 5.65128231048584
Epoch: 4779, Loss: 5.688211441040039
Epoch: 4780, Loss: 5.656903266906738
Test acc: 0.057, IC acc: 0.003, IC acc2: 0.0032, IW acc: 0.2245
Epoch: 4781, Loss: 5.6490864753723145
Epoch: 4782, Loss: 5.641095161437988
Epoch: 4783, Loss: 5.668006420135498
Epoch: 4784, Loss: 5.688655853271484
Epoch: 4785, Loss: 5.705112457275391
Epoch: 4786, Loss: 5.628323078155518
Epoch: 4787, Loss: 5.691120147705078
Epoch: 4788, Loss: 5.624561786651611
Epoch: 4789, Loss: 5.69994592666626
Epoch: 4790, Loss: 5.670581817626953
Test acc: 0.0576, IC acc: 0.003, IC acc2: 0.0032, IW acc: 0.2295
Epoch: 4791, Loss: 5.631479740142822
Epoch: 4792, Loss: 5.726062774658203
Epoch: 4793, Loss: 5.7016167640686035
Epoch: 4794, Loss: 5.693960666656494
Epoch: 4795, Loss: 5.660800457000732
Epoch: 4796, Loss: 5.6482439041137695
Epoch: 4797, Loss: 5.6599249839782715
Epoch: 4798, Loss: 5.603775978088379
Epoch: 4799, Loss: 5.6539411544799805
./circuit_plots/Unrestricted Disentangled|Readout|CN=0|B0=2|B1=3|K=1280|L=320|p_B=0.75|p_C=0.75|B=2|eps=0|e6550d4e-6d1e-4f62-89ea-caa9422ff06f/ already exists.
./circuit_plots/Unrestricted Disentangled|Readout|CN=0|B0=2|B1=3|K=1280|L=320|p_B=0.75|p_C=0.75|B=2|eps=0|e6550d4e-6d1e-4f62-89ea-caa9422ff06f/ already exists.
./circuit_plots/Unrestricted Disentangled|Readout|CN=0|B0=2|B1=3|K=1280|L=320|p_B=0.75|p_C=0.75|B=2|eps=0|e6550d4e-6d1e-4f62-89ea-caa9422ff06f/ already exists.
./circuit_plots/Unrestricted Disentangled|Readout|CN=0|B0=2|B1=3|K=1280|L=320|p_B=0.75|p_C=0.75|B=2|eps=0|e6550d4e-6d1e-4f62-89ea-caa9422ff06f/ already exists.
./circuit_plots/Unrestricted Disentangled|Readout|CN=0|B0=2|B1=3|K=1280|L=320|p_B=0.75|p_C=0.75|B=2|eps=0|e6550d4e-6d1e-4f62-89ea-caa9422ff06f/ already exists.
./circuit_plots/Unrestricted Disentangled|Readout|CN=0|B0=2|B1=3|K=1280|L=320|p_B=0.75|p_C=0.75|B=2|eps=0|e6550d4e-6d1e-4f62-89ea-caa9422ff06f/ already exists.
./circuit_plots/Unrestricted Disentangled|Readout|CN=0|B0=2|B1=3|K=1280|L=320|p_B=0.75|p_C=0.75|B=2|eps=0|e6550d4e-6d1e-4f62-89ea-caa9422ff06f/ already exists.
Epoch: 4800, Loss: 5.642014026641846
Test acc: 0.058, IC acc: 0.003, IC acc2: 0.0032, IW acc: 0.2301
Epoch: 4801, Loss: 5.635354995727539
Epoch: 4802, Loss: 5.653311252593994
Epoch: 4803, Loss: 5.622265338897705
Epoch: 4804, Loss: 5.654592514038086
Epoch: 4805, Loss: 5.678779602050781
Epoch: 4806, Loss: 5.62780237197876
Epoch: 4807, Loss: 5.677842140197754
Epoch: 4808, Loss: 5.697652816772461
Epoch: 4809, Loss: 5.676955223083496
Epoch: 4810, Loss: 5.64327335357666
Test acc: 0.0584, IC acc: 0.003, IC acc2: 0.0032, IW acc: 0.2291
Epoch: 4811, Loss: 5.656233310699463
Epoch: 4812, Loss: 5.646921634674072
Epoch: 4813, Loss: 5.675361156463623
Epoch: 4814, Loss: 5.718842506408691
Epoch: 4815, Loss: 5.69343376159668
Epoch: 4816, Loss: 5.739971160888672
Epoch: 4817, Loss: 5.659507751464844
Epoch: 4818, Loss: 5.68910551071167
Epoch: 4819, Loss: 5.664407253265381
Epoch: 4820, Loss: 5.661123752593994
Test acc: 0.0591, IC acc: 0.003, IC acc2: 0.0032, IW acc: 0.2327
Epoch: 4821, Loss: 5.653118133544922
Epoch: 4822, Loss: 5.6949944496154785
Epoch: 4823, Loss: 5.666337966918945
Epoch: 4824, Loss: 5.679148197174072
Epoch: 4825, Loss: 5.688198566436768
Epoch: 4826, Loss: 5.647076606750488
Epoch: 4827, Loss: 5.693736553192139
Epoch: 4828, Loss: 5.66507625579834
Epoch: 4829, Loss: 5.715541839599609
Epoch: 4830, Loss: 5.672312259674072
Test acc: 0.059, IC acc: 0.003, IC acc2: 0.0032, IW acc: 0.2344
Epoch: 4831, Loss: 5.673934459686279
Epoch: 4832, Loss: 5.692501544952393
Epoch: 4833, Loss: 5.675174713134766
Epoch: 4834, Loss: 5.653830528259277
Epoch: 4835, Loss: 5.615226745605469
Epoch: 4836, Loss: 5.6362152099609375
Epoch: 4837, Loss: 5.690464973449707
Epoch: 4838, Loss: 5.712723731994629
Epoch: 4839, Loss: 5.662729740142822
Epoch: 4840, Loss: 5.6467437744140625
Test acc: 0.0583, IC acc: 0.003, IC acc2: 0.0032, IW acc: 0.234
Epoch: 4841, Loss: 5.618302822113037
Epoch: 4842, Loss: 5.650548934936523
Epoch: 4843, Loss: 5.6410932540893555
Epoch: 4844, Loss: 5.652981758117676
Epoch: 4845, Loss: 5.70213508605957
Epoch: 4846, Loss: 5.687301158905029
Epoch: 4847, Loss: 5.63296365737915
Epoch: 4848, Loss: 5.653542518615723
Epoch: 4849, Loss: 5.6559906005859375
./circuit_plots/Unrestricted Disentangled|Readout|CN=0|B0=2|B1=3|K=1280|L=320|p_B=0.75|p_C=0.75|B=2|eps=0|e6550d4e-6d1e-4f62-89ea-caa9422ff06f/ already exists.
./circuit_plots/Unrestricted Disentangled|Readout|CN=0|B0=2|B1=3|K=1280|L=320|p_B=0.75|p_C=0.75|B=2|eps=0|e6550d4e-6d1e-4f62-89ea-caa9422ff06f/ already exists.
./circuit_plots/Unrestricted Disentangled|Readout|CN=0|B0=2|B1=3|K=1280|L=320|p_B=0.75|p_C=0.75|B=2|eps=0|e6550d4e-6d1e-4f62-89ea-caa9422ff06f/ already exists.
./circuit_plots/Unrestricted Disentangled|Readout|CN=0|B0=2|B1=3|K=1280|L=320|p_B=0.75|p_C=0.75|B=2|eps=0|e6550d4e-6d1e-4f62-89ea-caa9422ff06f/ already exists.
./circuit_plots/Unrestricted Disentangled|Readout|CN=0|B0=2|B1=3|K=1280|L=320|p_B=0.75|p_C=0.75|B=2|eps=0|e6550d4e-6d1e-4f62-89ea-caa9422ff06f/ already exists.
./circuit_plots/Unrestricted Disentangled|Readout|CN=0|B0=2|B1=3|K=1280|L=320|p_B=0.75|p_C=0.75|B=2|eps=0|e6550d4e-6d1e-4f62-89ea-caa9422ff06f/ already exists.
./circuit_plots/Unrestricted Disentangled|Readout|CN=0|B0=2|B1=3|K=1280|L=320|p_B=0.75|p_C=0.75|B=2|eps=0|e6550d4e-6d1e-4f62-89ea-caa9422ff06f/ already exists.
Epoch: 4850, Loss: 5.660073280334473
Test acc: 0.059, IC acc: 0.003, IC acc2: 0.0032, IW acc: 0.2346
Epoch: 4851, Loss: 5.703226566314697
Epoch: 4852, Loss: 5.661106109619141
Epoch: 4853, Loss: 5.641594886779785
Epoch: 4854, Loss: 5.656557083129883
Epoch: 4855, Loss: 5.688765525817871
Epoch: 4856, Loss: 5.655959606170654
Epoch: 4857, Loss: 5.621844291687012
Epoch: 4858, Loss: 5.661301612854004
Epoch: 4859, Loss: 5.689918041229248
Epoch: 4860, Loss: 5.672471046447754
Test acc: 0.0591, IC acc: 0.003, IC acc2: 0.0032, IW acc: 0.2353
Epoch: 4861, Loss: 5.687009334564209
Epoch: 4862, Loss: 5.624482154846191
Epoch: 4863, Loss: 5.669032096862793
Epoch: 4864, Loss: 5.645010948181152
Epoch: 4865, Loss: 5.639220237731934
Epoch: 4866, Loss: 5.659214496612549
Epoch: 4867, Loss: 5.6447553634643555
Epoch: 4868, Loss: 5.6785736083984375
Epoch: 4869, Loss: 5.628236770629883
Epoch: 4870, Loss: 5.665721893310547
Test acc: 0.0596, IC acc: 0.003, IC acc2: 0.0032, IW acc: 0.236
Epoch: 4871, Loss: 5.645363807678223
Epoch: 4872, Loss: 5.677061080932617
Epoch: 4873, Loss: 5.73394775390625
Epoch: 4874, Loss: 5.659205436706543
Epoch: 4875, Loss: 5.653041839599609
Epoch: 4876, Loss: 5.706221580505371
Epoch: 4877, Loss: 5.670455455780029
Epoch: 4878, Loss: 5.621374130249023
Epoch: 4879, Loss: 5.69512939453125
Epoch: 4880, Loss: 5.700258255004883
Test acc: 0.059, IC acc: 0.003, IC acc2: 0.0032, IW acc: 0.2351
Epoch: 4881, Loss: 5.5909223556518555
Epoch: 4882, Loss: 5.686055660247803
Epoch: 4883, Loss: 5.663496017456055
Epoch: 4884, Loss: 5.627109527587891
Epoch: 4885, Loss: 5.682553768157959
Epoch: 4886, Loss: 5.715007305145264
Epoch: 4887, Loss: 5.640688419342041
Epoch: 4888, Loss: 5.629175186157227
Epoch: 4889, Loss: 5.669978618621826
Epoch: 4890, Loss: 5.717766761779785
Test acc: 0.0591, IC acc: 0.003, IC acc2: 0.0032, IW acc: 0.2364
Epoch: 4891, Loss: 5.7142534255981445
Epoch: 4892, Loss: 5.637088775634766
Epoch: 4893, Loss: 5.628567695617676
Epoch: 4894, Loss: 5.706169128417969
Epoch: 4895, Loss: 5.6430158615112305
Epoch: 4896, Loss: 5.677374839782715
Epoch: 4897, Loss: 5.722385406494141
Epoch: 4898, Loss: 5.605947494506836
Epoch: 4899, Loss: 5.625384330749512
./circuit_plots/Unrestricted Disentangled|Readout|CN=0|B0=2|B1=3|K=1280|L=320|p_B=0.75|p_C=0.75|B=2|eps=0|e6550d4e-6d1e-4f62-89ea-caa9422ff06f/ already exists.
./circuit_plots/Unrestricted Disentangled|Readout|CN=0|B0=2|B1=3|K=1280|L=320|p_B=0.75|p_C=0.75|B=2|eps=0|e6550d4e-6d1e-4f62-89ea-caa9422ff06f/ already exists.
./circuit_plots/Unrestricted Disentangled|Readout|CN=0|B0=2|B1=3|K=1280|L=320|p_B=0.75|p_C=0.75|B=2|eps=0|e6550d4e-6d1e-4f62-89ea-caa9422ff06f/ already exists.
./circuit_plots/Unrestricted Disentangled|Readout|CN=0|B0=2|B1=3|K=1280|L=320|p_B=0.75|p_C=0.75|B=2|eps=0|e6550d4e-6d1e-4f62-89ea-caa9422ff06f/ already exists.
./circuit_plots/Unrestricted Disentangled|Readout|CN=0|B0=2|B1=3|K=1280|L=320|p_B=0.75|p_C=0.75|B=2|eps=0|e6550d4e-6d1e-4f62-89ea-caa9422ff06f/ already exists.
./circuit_plots/Unrestricted Disentangled|Readout|CN=0|B0=2|B1=3|K=1280|L=320|p_B=0.75|p_C=0.75|B=2|eps=0|e6550d4e-6d1e-4f62-89ea-caa9422ff06f/ already exists.
./circuit_plots/Unrestricted Disentangled|Readout|CN=0|B0=2|B1=3|K=1280|L=320|p_B=0.75|p_C=0.75|B=2|eps=0|e6550d4e-6d1e-4f62-89ea-caa9422ff06f/ already exists.
Epoch: 4900, Loss: 5.698616027832031
Test acc: 0.0599, IC acc: 0.003, IC acc2: 0.0032, IW acc: 0.2387
Epoch: 4901, Loss: 5.599836826324463
Epoch: 4902, Loss: 5.6737470626831055
Epoch: 4903, Loss: 5.671041011810303
Epoch: 4904, Loss: 5.666739463806152
Epoch: 4905, Loss: 5.693329811096191
Epoch: 4906, Loss: 5.7008957862854
Epoch: 4907, Loss: 5.599592208862305
Epoch: 4908, Loss: 5.671295166015625
Epoch: 4909, Loss: 5.696413040161133
Epoch: 4910, Loss: 5.643668174743652
Test acc: 0.0602, IC acc: 0.003, IC acc2: 0.0032, IW acc: 0.2412
Epoch: 4911, Loss: 5.622715950012207
Epoch: 4912, Loss: 5.659787178039551
Epoch: 4913, Loss: 5.67729377746582
Epoch: 4914, Loss: 5.675656318664551
Epoch: 4915, Loss: 5.649257183074951
Epoch: 4916, Loss: 5.701424598693848
Epoch: 4917, Loss: 5.681813716888428
Epoch: 4918, Loss: 5.647432804107666
Epoch: 4919, Loss: 5.669445991516113
Epoch: 4920, Loss: 5.616189956665039
Test acc: 0.0604, IC acc: 0.003, IC acc2: 0.0032, IW acc: 0.2438
Epoch: 4921, Loss: 5.673302173614502
Epoch: 4922, Loss: 5.6517229080200195
Epoch: 4923, Loss: 5.658913612365723
Epoch: 4924, Loss: 5.6306681632995605
Epoch: 4925, Loss: 5.616057395935059
Epoch: 4926, Loss: 5.7029900550842285
Epoch: 4927, Loss: 5.681549072265625
Epoch: 4928, Loss: 5.642765045166016
Epoch: 4929, Loss: 5.695635795593262
Epoch: 4930, Loss: 5.696698188781738
Test acc: 0.0612, IC acc: 0.003, IC acc2: 0.0032, IW acc: 0.246
Epoch: 4931, Loss: 5.691925525665283
Epoch: 4932, Loss: 5.638514995574951
Epoch: 4933, Loss: 5.668124198913574
Epoch: 4934, Loss: 5.669683933258057
Epoch: 4935, Loss: 5.6484456062316895
Epoch: 4936, Loss: 5.647763252258301
Epoch: 4937, Loss: 5.682748794555664
Epoch: 4938, Loss: 5.666672706604004
Epoch: 4939, Loss: 5.6739654541015625
Epoch: 4940, Loss: 5.6803741455078125
Test acc: 0.0614, IC acc: 0.003, IC acc2: 0.0032, IW acc: 0.2471
Epoch: 4941, Loss: 5.686859607696533
Epoch: 4942, Loss: 5.670228958129883
Epoch: 4943, Loss: 5.649609565734863
Epoch: 4944, Loss: 5.643991470336914
Epoch: 4945, Loss: 5.616422176361084
Epoch: 4946, Loss: 5.680339813232422
Epoch: 4947, Loss: 5.653899192810059
Epoch: 4948, Loss: 5.69362735748291
Epoch: 4949, Loss: 5.655587196350098
./circuit_plots/Unrestricted Disentangled|Readout|CN=0|B0=2|B1=3|K=1280|L=320|p_B=0.75|p_C=0.75|B=2|eps=0|e6550d4e-6d1e-4f62-89ea-caa9422ff06f/ already exists.
./circuit_plots/Unrestricted Disentangled|Readout|CN=0|B0=2|B1=3|K=1280|L=320|p_B=0.75|p_C=0.75|B=2|eps=0|e6550d4e-6d1e-4f62-89ea-caa9422ff06f/ already exists.
./circuit_plots/Unrestricted Disentangled|Readout|CN=0|B0=2|B1=3|K=1280|L=320|p_B=0.75|p_C=0.75|B=2|eps=0|e6550d4e-6d1e-4f62-89ea-caa9422ff06f/ already exists.
./circuit_plots/Unrestricted Disentangled|Readout|CN=0|B0=2|B1=3|K=1280|L=320|p_B=0.75|p_C=0.75|B=2|eps=0|e6550d4e-6d1e-4f62-89ea-caa9422ff06f/ already exists.
./circuit_plots/Unrestricted Disentangled|Readout|CN=0|B0=2|B1=3|K=1280|L=320|p_B=0.75|p_C=0.75|B=2|eps=0|e6550d4e-6d1e-4f62-89ea-caa9422ff06f/ already exists.
./circuit_plots/Unrestricted Disentangled|Readout|CN=0|B0=2|B1=3|K=1280|L=320|p_B=0.75|p_C=0.75|B=2|eps=0|e6550d4e-6d1e-4f62-89ea-caa9422ff06f/ already exists.
./circuit_plots/Unrestricted Disentangled|Readout|CN=0|B0=2|B1=3|K=1280|L=320|p_B=0.75|p_C=0.75|B=2|eps=0|e6550d4e-6d1e-4f62-89ea-caa9422ff06f/ already exists.
Epoch: 4950, Loss: 5.712737083435059
Test acc: 0.0613, IC acc: 0.003, IC acc2: 0.0032, IW acc: 0.2476
Epoch: 4951, Loss: 5.695574760437012
Epoch: 4952, Loss: 5.654707431793213
Epoch: 4953, Loss: 5.615960121154785
Epoch: 4954, Loss: 5.658377647399902
Epoch: 4955, Loss: 5.63931941986084
Epoch: 4956, Loss: 5.699633598327637
Epoch: 4957, Loss: 5.667325019836426
Epoch: 4958, Loss: 5.554788589477539
Epoch: 4959, Loss: 5.6611833572387695
Epoch: 4960, Loss: 5.702676773071289
Test acc: 0.0612, IC acc: 0.003, IC acc2: 0.0032, IW acc: 0.2469
Epoch: 4961, Loss: 5.65190315246582
Epoch: 4962, Loss: 5.694051742553711
Epoch: 4963, Loss: 5.710107326507568
Epoch: 4964, Loss: 5.642382621765137
Epoch: 4965, Loss: 5.630521297454834
Epoch: 4966, Loss: 5.649039268493652
Epoch: 4967, Loss: 5.742093086242676
Epoch: 4968, Loss: 5.6484222412109375
Epoch: 4969, Loss: 5.576493263244629
Epoch: 4970, Loss: 5.58005428314209
Test acc: 0.0612, IC acc: 0.003, IC acc2: 0.0032, IW acc: 0.2469
Epoch: 4971, Loss: 5.63627815246582
Epoch: 4972, Loss: 5.60845947265625
Epoch: 4973, Loss: 5.650872230529785
Epoch: 4974, Loss: 5.595849990844727
Epoch: 4975, Loss: 5.648253917694092
Epoch: 4976, Loss: 5.652248859405518
Epoch: 4977, Loss: 5.635777473449707
Epoch: 4978, Loss: 5.667563438415527
Epoch: 4979, Loss: 5.659334659576416
Epoch: 4980, Loss: 5.604898452758789
Test acc: 0.0619, IC acc: 0.003, IC acc2: 0.0032, IW acc: 0.2483
Epoch: 4981, Loss: 5.661425590515137
Epoch: 4982, Loss: 5.6437883377075195
Epoch: 4983, Loss: 5.61855411529541
Epoch: 4984, Loss: 5.6870269775390625
Epoch: 4985, Loss: 5.6728010177612305
Epoch: 4986, Loss: 5.709342956542969
Epoch: 4987, Loss: 5.635257720947266
Epoch: 4988, Loss: 5.6341400146484375
Epoch: 4989, Loss: 5.658855438232422
Epoch: 4990, Loss: 5.654869556427002
Test acc: 0.0624, IC acc: 0.003, IC acc2: 0.0032, IW acc: 0.2509
Epoch: 4991, Loss: 5.676751613616943
Epoch: 4992, Loss: 5.670454978942871
Epoch: 4993, Loss: 5.676673889160156
Epoch: 4994, Loss: 5.659470558166504
Epoch: 4995, Loss: 5.607186317443848
Epoch: 4996, Loss: 5.682154655456543
Epoch: 4997, Loss: 5.618166446685791
Epoch: 4998, Loss: 5.61355447769165
Epoch: 4999, Loss: 5.618644714355469
./circuit_plots/Unrestricted Disentangled|Readout|CN=0|B0=2|B1=3|K=1280|L=320|p_B=0.75|p_C=0.75|B=2|eps=0|e6550d4e-6d1e-4f62-89ea-caa9422ff06f/ already exists.
./circuit_plots/Unrestricted Disentangled|Readout|CN=0|B0=2|B1=3|K=1280|L=320|p_B=0.75|p_C=0.75|B=2|eps=0|e6550d4e-6d1e-4f62-89ea-caa9422ff06f/ already exists.
./circuit_plots/Unrestricted Disentangled|Readout|CN=0|B0=2|B1=3|K=1280|L=320|p_B=0.75|p_C=0.75|B=2|eps=0|e6550d4e-6d1e-4f62-89ea-caa9422ff06f/ already exists.
./circuit_plots/Unrestricted Disentangled|Readout|CN=0|B0=2|B1=3|K=1280|L=320|p_B=0.75|p_C=0.75|B=2|eps=0|e6550d4e-6d1e-4f62-89ea-caa9422ff06f/ already exists.
./circuit_plots/Unrestricted Disentangled|Readout|CN=0|B0=2|B1=3|K=1280|L=320|p_B=0.75|p_C=0.75|B=2|eps=0|e6550d4e-6d1e-4f62-89ea-caa9422ff06f/ already exists.
./circuit_plots/Unrestricted Disentangled|Readout|CN=0|B0=2|B1=3|K=1280|L=320|p_B=0.75|p_C=0.75|B=2|eps=0|e6550d4e-6d1e-4f62-89ea-caa9422ff06f/ already exists.
./circuit_plots/Unrestricted Disentangled|Readout|CN=0|B0=2|B1=3|K=1280|L=320|p_B=0.75|p_C=0.75|B=2|eps=0|e6550d4e-6d1e-4f62-89ea-caa9422ff06f/ already exists.
Epoch: 5000, Loss: 5.616888046264648
Test acc: 0.0624, IC acc: 0.003, IC acc2: 0.0032, IW acc: 0.2509
Epoch: 5001, Loss: 5.674195766448975
Epoch: 5002, Loss: 5.697708606719971
Epoch: 5003, Loss: 5.70199728012085
Epoch: 5004, Loss: 5.695130348205566
Epoch: 5005, Loss: 5.639197826385498
Epoch: 5006, Loss: 5.701854705810547
Epoch: 5007, Loss: 5.689198970794678
Epoch: 5008, Loss: 5.654388904571533
Epoch: 5009, Loss: 5.632742881774902
Epoch: 5010, Loss: 5.658007621765137
Test acc: 0.0628, IC acc: 0.003, IC acc2: 0.0032, IW acc: 0.2533
Epoch: 5011, Loss: 5.6212158203125
Epoch: 5012, Loss: 5.666057586669922
Epoch: 5013, Loss: 5.714674949645996
Epoch: 5014, Loss: 5.654031753540039
Epoch: 5015, Loss: 5.576141357421875
Epoch: 5016, Loss: 5.597403526306152
Epoch: 5017, Loss: 5.614785194396973
Epoch: 5018, Loss: 5.597539901733398
Epoch: 5019, Loss: 5.682253837585449
Epoch: 5020, Loss: 5.624178886413574
Test acc: 0.0631, IC acc: 0.003, IC acc2: 0.0032, IW acc: 0.2534
Epoch: 5021, Loss: 5.628215789794922
Epoch: 5022, Loss: 5.627834320068359
Epoch: 5023, Loss: 5.653820991516113
Epoch: 5024, Loss: 5.624210357666016
Epoch: 5025, Loss: 5.633342742919922
Epoch: 5026, Loss: 5.697266578674316
Epoch: 5027, Loss: 5.618813514709473
Epoch: 5028, Loss: 5.660542964935303
Epoch: 5029, Loss: 5.561884880065918
Epoch: 5030, Loss: 5.646271705627441
Test acc: 0.0634, IC acc: 0.003, IC acc2: 0.0032, IW acc: 0.2554
Epoch: 5031, Loss: 5.692346096038818
Epoch: 5032, Loss: 5.710314750671387
Epoch: 5033, Loss: 5.677607536315918
Epoch: 5034, Loss: 5.615434646606445
Epoch: 5035, Loss: 5.661626815795898
Epoch: 5036, Loss: 5.673344612121582
Epoch: 5037, Loss: 5.705304145812988
Epoch: 5038, Loss: 5.703661918640137
Epoch: 5039, Loss: 5.675478458404541
Epoch: 5040, Loss: 5.648434638977051
Test acc: 0.0634, IC acc: 0.003, IC acc2: 0.0032, IW acc: 0.2554
Epoch: 5041, Loss: 5.671858787536621
Epoch: 5042, Loss: 5.63079309463501
Epoch: 5043, Loss: 5.642707347869873
Epoch: 5044, Loss: 5.670503616333008
Epoch: 5045, Loss: 5.672408580780029
Epoch: 5046, Loss: 5.6483154296875
Epoch: 5047, Loss: 5.633223533630371
Epoch: 5048, Loss: 5.614858627319336
Epoch: 5049, Loss: 5.6507062911987305
./circuit_plots/Unrestricted Disentangled|Readout|CN=0|B0=2|B1=3|K=1280|L=320|p_B=0.75|p_C=0.75|B=2|eps=0|e6550d4e-6d1e-4f62-89ea-caa9422ff06f/ already exists.
./circuit_plots/Unrestricted Disentangled|Readout|CN=0|B0=2|B1=3|K=1280|L=320|p_B=0.75|p_C=0.75|B=2|eps=0|e6550d4e-6d1e-4f62-89ea-caa9422ff06f/ already exists.
./circuit_plots/Unrestricted Disentangled|Readout|CN=0|B0=2|B1=3|K=1280|L=320|p_B=0.75|p_C=0.75|B=2|eps=0|e6550d4e-6d1e-4f62-89ea-caa9422ff06f/ already exists.
./circuit_plots/Unrestricted Disentangled|Readout|CN=0|B0=2|B1=3|K=1280|L=320|p_B=0.75|p_C=0.75|B=2|eps=0|e6550d4e-6d1e-4f62-89ea-caa9422ff06f/ already exists.
./circuit_plots/Unrestricted Disentangled|Readout|CN=0|B0=2|B1=3|K=1280|L=320|p_B=0.75|p_C=0.75|B=2|eps=0|e6550d4e-6d1e-4f62-89ea-caa9422ff06f/ already exists.
./circuit_plots/Unrestricted Disentangled|Readout|CN=0|B0=2|B1=3|K=1280|L=320|p_B=0.75|p_C=0.75|B=2|eps=0|e6550d4e-6d1e-4f62-89ea-caa9422ff06f/ already exists.
./circuit_plots/Unrestricted Disentangled|Readout|CN=0|B0=2|B1=3|K=1280|L=320|p_B=0.75|p_C=0.75|B=2|eps=0|e6550d4e-6d1e-4f62-89ea-caa9422ff06f/ already exists.
Epoch: 5050, Loss: 5.6330413818359375
Test acc: 0.0634, IC acc: 0.003, IC acc2: 0.0032, IW acc: 0.2556
Epoch: 5051, Loss: 5.632597923278809
Epoch: 5052, Loss: 5.724064826965332
Epoch: 5053, Loss: 5.601234436035156
Epoch: 5054, Loss: 5.697844505310059
Epoch: 5055, Loss: 5.671787738800049
Epoch: 5056, Loss: 5.679625034332275
Epoch: 5057, Loss: 5.736195087432861
Epoch: 5058, Loss: 5.695948600769043
Epoch: 5059, Loss: 5.688479423522949
Epoch: 5060, Loss: 5.662446022033691
Test acc: 0.0638, IC acc: 0.003, IC acc2: 0.0032, IW acc: 0.2571
Epoch: 5061, Loss: 5.634167194366455
Epoch: 5062, Loss: 5.67974328994751
Epoch: 5063, Loss: 5.661752700805664
Epoch: 5064, Loss: 5.590322494506836
Epoch: 5065, Loss: 5.660912036895752
Epoch: 5066, Loss: 5.649155139923096
Epoch: 5067, Loss: 5.708226203918457
Epoch: 5068, Loss: 5.699029445648193
Epoch: 5069, Loss: 5.676155090332031
Epoch: 5070, Loss: 5.620229721069336
Test acc: 0.0633, IC acc: 0.003, IC acc2: 0.0032, IW acc: 0.2554
Epoch: 5071, Loss: 5.645193099975586
Epoch: 5072, Loss: 5.642764091491699
Epoch: 5073, Loss: 5.635218620300293
Epoch: 5074, Loss: 5.631588935852051
Epoch: 5075, Loss: 5.646232604980469
Epoch: 5076, Loss: 5.68203592300415
Epoch: 5077, Loss: 5.680291175842285
Epoch: 5078, Loss: 5.732094764709473
Epoch: 5079, Loss: 5.702357292175293
Epoch: 5080, Loss: 5.72320032119751
Test acc: 0.0633, IC acc: 0.003, IC acc2: 0.0032, IW acc: 0.2554
Epoch: 5081, Loss: 5.687893867492676
Epoch: 5082, Loss: 5.659914493560791
Epoch: 5083, Loss: 5.6511430740356445
Epoch: 5084, Loss: 5.73023796081543
Epoch: 5085, Loss: 5.648791313171387
Epoch: 5086, Loss: 5.645105838775635
Epoch: 5087, Loss: 5.649576187133789
Epoch: 5088, Loss: 5.652758598327637
Epoch: 5089, Loss: 5.6992645263671875
Epoch: 5090, Loss: 5.6466064453125
Test acc: 0.064, IC acc: 0.003, IC acc2: 0.0032, IW acc: 0.2593
Epoch: 5091, Loss: 5.704539775848389
Epoch: 5092, Loss: 5.667211532592773
Epoch: 5093, Loss: 5.663341999053955
Epoch: 5094, Loss: 5.683507442474365
Epoch: 5095, Loss: 5.6795125007629395
Epoch: 5096, Loss: 5.6800689697265625
Epoch: 5097, Loss: 5.740898132324219
Epoch: 5098, Loss: 5.64847469329834
Epoch: 5099, Loss: 5.6521501541137695
./circuit_plots/Unrestricted Disentangled|Readout|CN=0|B0=2|B1=3|K=1280|L=320|p_B=0.75|p_C=0.75|B=2|eps=0|e6550d4e-6d1e-4f62-89ea-caa9422ff06f/ already exists.
./circuit_plots/Unrestricted Disentangled|Readout|CN=0|B0=2|B1=3|K=1280|L=320|p_B=0.75|p_C=0.75|B=2|eps=0|e6550d4e-6d1e-4f62-89ea-caa9422ff06f/ already exists.
./circuit_plots/Unrestricted Disentangled|Readout|CN=0|B0=2|B1=3|K=1280|L=320|p_B=0.75|p_C=0.75|B=2|eps=0|e6550d4e-6d1e-4f62-89ea-caa9422ff06f/ already exists.
./circuit_plots/Unrestricted Disentangled|Readout|CN=0|B0=2|B1=3|K=1280|L=320|p_B=0.75|p_C=0.75|B=2|eps=0|e6550d4e-6d1e-4f62-89ea-caa9422ff06f/ already exists.
./circuit_plots/Unrestricted Disentangled|Readout|CN=0|B0=2|B1=3|K=1280|L=320|p_B=0.75|p_C=0.75|B=2|eps=0|e6550d4e-6d1e-4f62-89ea-caa9422ff06f/ already exists.
./circuit_plots/Unrestricted Disentangled|Readout|CN=0|B0=2|B1=3|K=1280|L=320|p_B=0.75|p_C=0.75|B=2|eps=0|e6550d4e-6d1e-4f62-89ea-caa9422ff06f/ already exists.
./circuit_plots/Unrestricted Disentangled|Readout|CN=0|B0=2|B1=3|K=1280|L=320|p_B=0.75|p_C=0.75|B=2|eps=0|e6550d4e-6d1e-4f62-89ea-caa9422ff06f/ already exists.
Epoch: 5100, Loss: 5.63399076461792
Test acc: 0.0645, IC acc: 0.003, IC acc2: 0.0032, IW acc: 0.2599
Epoch: 5101, Loss: 5.614715576171875
Epoch: 5102, Loss: 5.678533554077148
Epoch: 5103, Loss: 5.654449462890625
Epoch: 5104, Loss: 5.672191619873047
Epoch: 5105, Loss: 5.711952209472656
Epoch: 5106, Loss: 5.6741461753845215
Epoch: 5107, Loss: 5.659241199493408
Epoch: 5108, Loss: 5.67656135559082
Epoch: 5109, Loss: 5.669248104095459
Epoch: 5110, Loss: 5.67954158782959
Test acc: 0.0643, IC acc: 0.003, IC acc2: 0.0032, IW acc: 0.2599
Epoch: 5111, Loss: 5.600937843322754
Epoch: 5112, Loss: 5.6126909255981445
Epoch: 5113, Loss: 5.615859031677246
Epoch: 5114, Loss: 5.637004852294922
Epoch: 5115, Loss: 5.628539562225342
Epoch: 5116, Loss: 5.653266906738281
Epoch: 5117, Loss: 5.665270805358887
Epoch: 5118, Loss: 5.617432117462158
Epoch: 5119, Loss: 5.679069519042969
Epoch: 5120, Loss: 5.622795581817627
Test acc: 0.0646, IC acc: 0.003, IC acc2: 0.0032, IW acc: 0.2623
Epoch: 5121, Loss: 5.692493915557861
Epoch: 5122, Loss: 5.72114372253418
Epoch: 5123, Loss: 5.629907608032227
Epoch: 5124, Loss: 5.658669948577881
Epoch: 5125, Loss: 5.609479904174805
Epoch: 5126, Loss: 5.6338911056518555
Epoch: 5127, Loss: 5.6776275634765625
Epoch: 5128, Loss: 5.612283706665039
Epoch: 5129, Loss: 5.650371551513672
Epoch: 5130, Loss: 5.697292804718018
Test acc: 0.0644, IC acc: 0.003, IC acc2: 0.0032, IW acc: 0.2623
Epoch: 5131, Loss: 5.683403968811035
Epoch: 5132, Loss: 5.693999290466309
Epoch: 5133, Loss: 5.653439998626709
Epoch: 5134, Loss: 5.686070919036865
Epoch: 5135, Loss: 5.708738803863525
Epoch: 5136, Loss: 5.571164131164551
Epoch: 5137, Loss: 5.652080535888672
Epoch: 5138, Loss: 5.641009330749512
Epoch: 5139, Loss: 5.65281867980957
Epoch: 5140, Loss: 5.62850284576416
Test acc: 0.0653, IC acc: 0.003, IC acc2: 0.0032, IW acc: 0.2634
Epoch: 5141, Loss: 5.6241044998168945
Epoch: 5142, Loss: 5.668100357055664
Epoch: 5143, Loss: 5.656805992126465
Epoch: 5144, Loss: 5.648781776428223
Epoch: 5145, Loss: 5.629188537597656
Epoch: 5146, Loss: 5.7149457931518555
Epoch: 5147, Loss: 5.643992900848389
Epoch: 5148, Loss: 5.642607688903809
Epoch: 5149, Loss: 5.693202972412109
./circuit_plots/Unrestricted Disentangled|Readout|CN=0|B0=2|B1=3|K=1280|L=320|p_B=0.75|p_C=0.75|B=2|eps=0|e6550d4e-6d1e-4f62-89ea-caa9422ff06f/ already exists.
./circuit_plots/Unrestricted Disentangled|Readout|CN=0|B0=2|B1=3|K=1280|L=320|p_B=0.75|p_C=0.75|B=2|eps=0|e6550d4e-6d1e-4f62-89ea-caa9422ff06f/ already exists.
./circuit_plots/Unrestricted Disentangled|Readout|CN=0|B0=2|B1=3|K=1280|L=320|p_B=0.75|p_C=0.75|B=2|eps=0|e6550d4e-6d1e-4f62-89ea-caa9422ff06f/ already exists.
./circuit_plots/Unrestricted Disentangled|Readout|CN=0|B0=2|B1=3|K=1280|L=320|p_B=0.75|p_C=0.75|B=2|eps=0|e6550d4e-6d1e-4f62-89ea-caa9422ff06f/ already exists.
./circuit_plots/Unrestricted Disentangled|Readout|CN=0|B0=2|B1=3|K=1280|L=320|p_B=0.75|p_C=0.75|B=2|eps=0|e6550d4e-6d1e-4f62-89ea-caa9422ff06f/ already exists.
./circuit_plots/Unrestricted Disentangled|Readout|CN=0|B0=2|B1=3|K=1280|L=320|p_B=0.75|p_C=0.75|B=2|eps=0|e6550d4e-6d1e-4f62-89ea-caa9422ff06f/ already exists.
./circuit_plots/Unrestricted Disentangled|Readout|CN=0|B0=2|B1=3|K=1280|L=320|p_B=0.75|p_C=0.75|B=2|eps=0|e6550d4e-6d1e-4f62-89ea-caa9422ff06f/ already exists.
Epoch: 5150, Loss: 5.6720757484436035
Test acc: 0.0653, IC acc: 0.003, IC acc2: 0.0032, IW acc: 0.2634
Epoch: 5151, Loss: 5.614280700683594
Epoch: 5152, Loss: 5.6107025146484375
Epoch: 5153, Loss: 5.6560211181640625
Epoch: 5154, Loss: 5.633862495422363
Epoch: 5155, Loss: 5.719227313995361
Epoch: 5156, Loss: 5.636092185974121
Epoch: 5157, Loss: 5.666074752807617
Epoch: 5158, Loss: 5.684803009033203
Epoch: 5159, Loss: 5.60578727722168
Epoch: 5160, Loss: 5.669816017150879
Test acc: 0.0662, IC acc: 0.003, IC acc2: 0.0032, IW acc: 0.2659
Epoch: 5161, Loss: 5.623368263244629
Epoch: 5162, Loss: 5.626447677612305
Epoch: 5163, Loss: 5.647212028503418
Epoch: 5164, Loss: 5.674216270446777
Epoch: 5165, Loss: 5.644609451293945
Epoch: 5166, Loss: 5.641929626464844
Epoch: 5167, Loss: 5.654143333435059
Epoch: 5168, Loss: 5.58721923828125
Epoch: 5169, Loss: 5.6277174949646
Epoch: 5170, Loss: 5.578365325927734
Test acc: 0.0663, IC acc: 0.003, IC acc2: 0.0032, IW acc: 0.2671
Epoch: 5171, Loss: 5.640997886657715
Epoch: 5172, Loss: 5.652643203735352
Epoch: 5173, Loss: 5.721646785736084
Epoch: 5174, Loss: 5.6384053230285645
Epoch: 5175, Loss: 5.6198930740356445
Epoch: 5176, Loss: 5.6612701416015625
Epoch: 5177, Loss: 5.61227560043335
Epoch: 5178, Loss: 5.628317832946777
Epoch: 5179, Loss: 5.649874210357666
Epoch: 5180, Loss: 5.642911911010742
Test acc: 0.0661, IC acc: 0.003, IC acc2: 0.0032, IW acc: 0.2665
Epoch: 5181, Loss: 5.703371524810791
Epoch: 5182, Loss: 5.636706829071045
Epoch: 5183, Loss: 5.669029235839844
Epoch: 5184, Loss: 5.6167216300964355
Epoch: 5185, Loss: 5.682653903961182
Epoch: 5186, Loss: 5.6736063957214355
Epoch: 5187, Loss: 5.695632457733154
Epoch: 5188, Loss: 5.684382915496826
Epoch: 5189, Loss: 5.690125465393066
Epoch: 5190, Loss: 5.652063369750977
Test acc: 0.0663, IC acc: 0.003, IC acc2: 0.0032, IW acc: 0.2673
Epoch: 5191, Loss: 5.5943145751953125
Epoch: 5192, Loss: 5.699354648590088
Epoch: 5193, Loss: 5.695426940917969
Epoch: 5194, Loss: 5.681619644165039
Epoch: 5195, Loss: 5.6089043617248535
Epoch: 5196, Loss: 5.670241832733154
Epoch: 5197, Loss: 5.646535396575928
Epoch: 5198, Loss: 5.618982315063477
Epoch: 5199, Loss: 5.628527641296387
./circuit_plots/Unrestricted Disentangled|Readout|CN=0|B0=2|B1=3|K=1280|L=320|p_B=0.75|p_C=0.75|B=2|eps=0|e6550d4e-6d1e-4f62-89ea-caa9422ff06f/ already exists.
./circuit_plots/Unrestricted Disentangled|Readout|CN=0|B0=2|B1=3|K=1280|L=320|p_B=0.75|p_C=0.75|B=2|eps=0|e6550d4e-6d1e-4f62-89ea-caa9422ff06f/ already exists.
./circuit_plots/Unrestricted Disentangled|Readout|CN=0|B0=2|B1=3|K=1280|L=320|p_B=0.75|p_C=0.75|B=2|eps=0|e6550d4e-6d1e-4f62-89ea-caa9422ff06f/ already exists.
./circuit_plots/Unrestricted Disentangled|Readout|CN=0|B0=2|B1=3|K=1280|L=320|p_B=0.75|p_C=0.75|B=2|eps=0|e6550d4e-6d1e-4f62-89ea-caa9422ff06f/ already exists.
./circuit_plots/Unrestricted Disentangled|Readout|CN=0|B0=2|B1=3|K=1280|L=320|p_B=0.75|p_C=0.75|B=2|eps=0|e6550d4e-6d1e-4f62-89ea-caa9422ff06f/ already exists.
./circuit_plots/Unrestricted Disentangled|Readout|CN=0|B0=2|B1=3|K=1280|L=320|p_B=0.75|p_C=0.75|B=2|eps=0|e6550d4e-6d1e-4f62-89ea-caa9422ff06f/ already exists.
./circuit_plots/Unrestricted Disentangled|Readout|CN=0|B0=2|B1=3|K=1280|L=320|p_B=0.75|p_C=0.75|B=2|eps=0|e6550d4e-6d1e-4f62-89ea-caa9422ff06f/ already exists.
Epoch: 5200, Loss: 5.719102382659912
Test acc: 0.0669, IC acc: 0.003, IC acc2: 0.0032, IW acc: 0.2695
Epoch: 5201, Loss: 5.667746067047119
Epoch: 5202, Loss: 5.69040584564209
Epoch: 5203, Loss: 5.642704963684082
Epoch: 5204, Loss: 5.635364532470703
Epoch: 5205, Loss: 5.680710792541504
Epoch: 5206, Loss: 5.6826171875
Epoch: 5207, Loss: 5.649095058441162
Epoch: 5208, Loss: 5.674196720123291
Epoch: 5209, Loss: 5.69013786315918
Epoch: 5210, Loss: 5.68168830871582
Test acc: 0.0674, IC acc: 0.003, IC acc2: 0.0032, IW acc: 0.2707
Epoch: 5211, Loss: 5.573652744293213
Epoch: 5212, Loss: 5.657052516937256
Epoch: 5213, Loss: 5.7000250816345215
Epoch: 5214, Loss: 5.651132583618164
Epoch: 5215, Loss: 5.635908603668213
Epoch: 5216, Loss: 5.661174774169922
Epoch: 5217, Loss: 5.720283508300781
Epoch: 5218, Loss: 5.6140217781066895
Epoch: 5219, Loss: 5.624508857727051
Epoch: 5220, Loss: 5.621376037597656
Test acc: 0.0668, IC acc: 0.003, IC acc2: 0.0032, IW acc: 0.2695
Epoch: 5221, Loss: 5.6448822021484375
Epoch: 5222, Loss: 5.627748012542725
Epoch: 5223, Loss: 5.64989709854126
Epoch: 5224, Loss: 5.672243118286133
Epoch: 5225, Loss: 5.6435136795043945
Epoch: 5226, Loss: 5.648738861083984
Epoch: 5227, Loss: 5.65423583984375
Epoch: 5228, Loss: 5.647206783294678
Epoch: 5229, Loss: 5.664074420928955
Epoch: 5230, Loss: 5.721138954162598
Test acc: 0.0674, IC acc: 0.003, IC acc2: 0.0032, IW acc: 0.2707
Epoch: 5231, Loss: 5.641437530517578
Epoch: 5232, Loss: 5.672451019287109
Epoch: 5233, Loss: 5.656881809234619
Epoch: 5234, Loss: 5.708358287811279
Epoch: 5235, Loss: 5.682929992675781
Epoch: 5236, Loss: 5.7099385261535645
Epoch: 5237, Loss: 5.623471260070801
Epoch: 5238, Loss: 5.72244119644165
Epoch: 5239, Loss: 5.729948043823242
Epoch: 5240, Loss: 5.656326770782471
Test acc: 0.0679, IC acc: 0.003, IC acc2: 0.0032, IW acc: 0.2719
Epoch: 5241, Loss: 5.639168739318848
Epoch: 5242, Loss: 5.680945873260498
Epoch: 5243, Loss: 5.6599884033203125
Epoch: 5244, Loss: 5.711236476898193
Epoch: 5245, Loss: 5.625248432159424
Epoch: 5246, Loss: 5.628711700439453
Epoch: 5247, Loss: 5.6534342765808105
Epoch: 5248, Loss: 5.716388702392578
Epoch: 5249, Loss: 5.649045944213867
./circuit_plots/Unrestricted Disentangled|Readout|CN=0|B0=2|B1=3|K=1280|L=320|p_B=0.75|p_C=0.75|B=2|eps=0|e6550d4e-6d1e-4f62-89ea-caa9422ff06f/ already exists.
./circuit_plots/Unrestricted Disentangled|Readout|CN=0|B0=2|B1=3|K=1280|L=320|p_B=0.75|p_C=0.75|B=2|eps=0|e6550d4e-6d1e-4f62-89ea-caa9422ff06f/ already exists.
./circuit_plots/Unrestricted Disentangled|Readout|CN=0|B0=2|B1=3|K=1280|L=320|p_B=0.75|p_C=0.75|B=2|eps=0|e6550d4e-6d1e-4f62-89ea-caa9422ff06f/ already exists.
./circuit_plots/Unrestricted Disentangled|Readout|CN=0|B0=2|B1=3|K=1280|L=320|p_B=0.75|p_C=0.75|B=2|eps=0|e6550d4e-6d1e-4f62-89ea-caa9422ff06f/ already exists.
./circuit_plots/Unrestricted Disentangled|Readout|CN=0|B0=2|B1=3|K=1280|L=320|p_B=0.75|p_C=0.75|B=2|eps=0|e6550d4e-6d1e-4f62-89ea-caa9422ff06f/ already exists.
./circuit_plots/Unrestricted Disentangled|Readout|CN=0|B0=2|B1=3|K=1280|L=320|p_B=0.75|p_C=0.75|B=2|eps=0|e6550d4e-6d1e-4f62-89ea-caa9422ff06f/ already exists.
./circuit_plots/Unrestricted Disentangled|Readout|CN=0|B0=2|B1=3|K=1280|L=320|p_B=0.75|p_C=0.75|B=2|eps=0|e6550d4e-6d1e-4f62-89ea-caa9422ff06f/ already exists.
Epoch: 5250, Loss: 5.622311592102051
Test acc: 0.0671, IC acc: 0.003, IC acc2: 0.0032, IW acc: 0.2713
Epoch: 5251, Loss: 5.609923362731934
Epoch: 5252, Loss: 5.666652202606201
Epoch: 5253, Loss: 5.629779815673828
Epoch: 5254, Loss: 5.630228042602539
Epoch: 5255, Loss: 5.663990020751953
Epoch: 5256, Loss: 5.642355442047119
Epoch: 5257, Loss: 5.616018295288086
Epoch: 5258, Loss: 5.678467750549316
Epoch: 5259, Loss: 5.624919891357422
Epoch: 5260, Loss: 5.649914741516113
Test acc: 0.0673, IC acc: 0.003, IC acc2: 0.0032, IW acc: 0.2718
Epoch: 5261, Loss: 5.669672966003418
Epoch: 5262, Loss: 5.6147284507751465
Epoch: 5263, Loss: 5.656198978424072
Epoch: 5264, Loss: 5.652847766876221
Epoch: 5265, Loss: 5.671367645263672
Epoch: 5266, Loss: 5.633284091949463
Epoch: 5267, Loss: 5.613215446472168
Epoch: 5268, Loss: 5.637928009033203
Epoch: 5269, Loss: 5.689878463745117
Epoch: 5270, Loss: 5.686323165893555
Test acc: 0.0681, IC acc: 0.003, IC acc2: 0.0032, IW acc: 0.274
Epoch: 5271, Loss: 5.658709526062012
Epoch: 5272, Loss: 5.702217102050781
Epoch: 5273, Loss: 5.5712738037109375
Epoch: 5274, Loss: 5.6871466636657715
Epoch: 5275, Loss: 5.6315741539001465
Epoch: 5276, Loss: 5.6567535400390625
Epoch: 5277, Loss: 5.644124984741211
Epoch: 5278, Loss: 5.651793479919434
Epoch: 5279, Loss: 5.6493096351623535
Epoch: 5280, Loss: 5.667154312133789
Test acc: 0.0678, IC acc: 0.003, IC acc2: 0.0032, IW acc: 0.2727
Epoch: 5281, Loss: 5.691427230834961
Epoch: 5282, Loss: 5.66197395324707
Epoch: 5283, Loss: 5.627544403076172
Epoch: 5284, Loss: 5.653902530670166
Epoch: 5285, Loss: 5.6962409019470215
Epoch: 5286, Loss: 5.684334754943848
Epoch: 5287, Loss: 5.652034282684326
Epoch: 5288, Loss: 5.630242347717285
Epoch: 5289, Loss: 5.639065742492676
Epoch: 5290, Loss: 5.672342300415039
Test acc: 0.0686, IC acc: 0.003, IC acc2: 0.0032, IW acc: 0.2761
Epoch: 5291, Loss: 5.672675132751465
Epoch: 5292, Loss: 5.637513160705566
Epoch: 5293, Loss: 5.658079624176025
Epoch: 5294, Loss: 5.57763147354126
Epoch: 5295, Loss: 5.660134315490723
Epoch: 5296, Loss: 5.706596374511719
Epoch: 5297, Loss: 5.678689002990723
Epoch: 5298, Loss: 5.689755439758301
Epoch: 5299, Loss: 5.605363845825195
./circuit_plots/Unrestricted Disentangled|Readout|CN=0|B0=2|B1=3|K=1280|L=320|p_B=0.75|p_C=0.75|B=2|eps=0|e6550d4e-6d1e-4f62-89ea-caa9422ff06f/ already exists.
./circuit_plots/Unrestricted Disentangled|Readout|CN=0|B0=2|B1=3|K=1280|L=320|p_B=0.75|p_C=0.75|B=2|eps=0|e6550d4e-6d1e-4f62-89ea-caa9422ff06f/ already exists.
./circuit_plots/Unrestricted Disentangled|Readout|CN=0|B0=2|B1=3|K=1280|L=320|p_B=0.75|p_C=0.75|B=2|eps=0|e6550d4e-6d1e-4f62-89ea-caa9422ff06f/ already exists.
./circuit_plots/Unrestricted Disentangled|Readout|CN=0|B0=2|B1=3|K=1280|L=320|p_B=0.75|p_C=0.75|B=2|eps=0|e6550d4e-6d1e-4f62-89ea-caa9422ff06f/ already exists.
./circuit_plots/Unrestricted Disentangled|Readout|CN=0|B0=2|B1=3|K=1280|L=320|p_B=0.75|p_C=0.75|B=2|eps=0|e6550d4e-6d1e-4f62-89ea-caa9422ff06f/ already exists.
./circuit_plots/Unrestricted Disentangled|Readout|CN=0|B0=2|B1=3|K=1280|L=320|p_B=0.75|p_C=0.75|B=2|eps=0|e6550d4e-6d1e-4f62-89ea-caa9422ff06f/ already exists.
./circuit_plots/Unrestricted Disentangled|Readout|CN=0|B0=2|B1=3|K=1280|L=320|p_B=0.75|p_C=0.75|B=2|eps=0|e6550d4e-6d1e-4f62-89ea-caa9422ff06f/ already exists.
Epoch: 5300, Loss: 5.644598007202148
Test acc: 0.0684, IC acc: 0.003, IC acc2: 0.0032, IW acc: 0.2757
Epoch: 5301, Loss: 5.642937660217285
Epoch: 5302, Loss: 5.673043727874756
Epoch: 5303, Loss: 5.668181419372559
Epoch: 5304, Loss: 5.620917320251465
Epoch: 5305, Loss: 5.6894426345825195
Epoch: 5306, Loss: 5.630253314971924
Epoch: 5307, Loss: 5.67415189743042
Epoch: 5308, Loss: 5.652999401092529
Epoch: 5309, Loss: 5.666332721710205
Epoch: 5310, Loss: 5.649346828460693
Test acc: 0.0689, IC acc: 0.003, IC acc2: 0.0032, IW acc: 0.2769
Epoch: 5311, Loss: 5.686960220336914
Epoch: 5312, Loss: 5.621358871459961
Epoch: 5313, Loss: 5.666986465454102
Epoch: 5314, Loss: 5.630403518676758
Epoch: 5315, Loss: 5.712497711181641
Epoch: 5316, Loss: 5.616513252258301
Epoch: 5317, Loss: 5.615814208984375
Epoch: 5318, Loss: 5.601099491119385
Epoch: 5319, Loss: 5.5914201736450195
Epoch: 5320, Loss: 5.698762893676758
Test acc: 0.0695, IC acc: 0.003, IC acc2: 0.0032, IW acc: 0.2788
Epoch: 5321, Loss: 5.645645618438721
Epoch: 5322, Loss: 5.679028034210205
Epoch: 5323, Loss: 5.587036609649658
Epoch: 5324, Loss: 5.682627201080322
Epoch: 5325, Loss: 5.667590141296387
Epoch: 5326, Loss: 5.639157772064209
Epoch: 5327, Loss: 5.65450382232666
Epoch: 5328, Loss: 5.630970001220703
Epoch: 5329, Loss: 5.633239269256592
Epoch: 5330, Loss: 5.6794657707214355
Test acc: 0.07, IC acc: 0.003, IC acc2: 0.0032, IW acc: 0.281
Epoch: 5331, Loss: 5.600959777832031
Epoch: 5332, Loss: 5.611680030822754
Epoch: 5333, Loss: 5.641281604766846
Epoch: 5334, Loss: 5.6484761238098145
Epoch: 5335, Loss: 5.693775177001953
Epoch: 5336, Loss: 5.646976470947266
Epoch: 5337, Loss: 5.65861701965332
Epoch: 5338, Loss: 5.652856349945068
Epoch: 5339, Loss: 5.6785149574279785
Epoch: 5340, Loss: 5.661308765411377
Test acc: 0.0699, IC acc: 0.003, IC acc2: 0.0032, IW acc: 0.2807
Epoch: 5341, Loss: 5.6178202629089355
Epoch: 5342, Loss: 5.608031749725342
Epoch: 5343, Loss: 5.683094024658203
Epoch: 5344, Loss: 5.693345069885254
Epoch: 5345, Loss: 5.70315408706665
Epoch: 5346, Loss: 5.652316093444824
Epoch: 5347, Loss: 5.595668792724609
Epoch: 5348, Loss: 5.65386962890625
Epoch: 5349, Loss: 5.681833267211914
./circuit_plots/Unrestricted Disentangled|Readout|CN=0|B0=2|B1=3|K=1280|L=320|p_B=0.75|p_C=0.75|B=2|eps=0|e6550d4e-6d1e-4f62-89ea-caa9422ff06f/ already exists.
./circuit_plots/Unrestricted Disentangled|Readout|CN=0|B0=2|B1=3|K=1280|L=320|p_B=0.75|p_C=0.75|B=2|eps=0|e6550d4e-6d1e-4f62-89ea-caa9422ff06f/ already exists.
./circuit_plots/Unrestricted Disentangled|Readout|CN=0|B0=2|B1=3|K=1280|L=320|p_B=0.75|p_C=0.75|B=2|eps=0|e6550d4e-6d1e-4f62-89ea-caa9422ff06f/ already exists.
./circuit_plots/Unrestricted Disentangled|Readout|CN=0|B0=2|B1=3|K=1280|L=320|p_B=0.75|p_C=0.75|B=2|eps=0|e6550d4e-6d1e-4f62-89ea-caa9422ff06f/ already exists.
./circuit_plots/Unrestricted Disentangled|Readout|CN=0|B0=2|B1=3|K=1280|L=320|p_B=0.75|p_C=0.75|B=2|eps=0|e6550d4e-6d1e-4f62-89ea-caa9422ff06f/ already exists.
./circuit_plots/Unrestricted Disentangled|Readout|CN=0|B0=2|B1=3|K=1280|L=320|p_B=0.75|p_C=0.75|B=2|eps=0|e6550d4e-6d1e-4f62-89ea-caa9422ff06f/ already exists.
./circuit_plots/Unrestricted Disentangled|Readout|CN=0|B0=2|B1=3|K=1280|L=320|p_B=0.75|p_C=0.75|B=2|eps=0|e6550d4e-6d1e-4f62-89ea-caa9422ff06f/ already exists.
Epoch: 5350, Loss: 5.632587432861328
Test acc: 0.0703, IC acc: 0.003, IC acc2: 0.0032, IW acc: 0.2836
Epoch: 5351, Loss: 5.6862382888793945
Epoch: 5352, Loss: 5.603842258453369
Epoch: 5353, Loss: 5.641109943389893
Epoch: 5354, Loss: 5.683841705322266
Epoch: 5355, Loss: 5.580357551574707
Epoch: 5356, Loss: 5.659265518188477
Epoch: 5357, Loss: 5.710943222045898
Epoch: 5358, Loss: 5.681271553039551
Epoch: 5359, Loss: 5.6381731033325195
Epoch: 5360, Loss: 5.634304046630859
Test acc: 0.071, IC acc: 0.003, IC acc2: 0.0032, IW acc: 0.285
Epoch: 5361, Loss: 5.652667999267578
Epoch: 5362, Loss: 5.6392927169799805
Epoch: 5363, Loss: 5.5685601234436035
Epoch: 5364, Loss: 5.6565632820129395
Epoch: 5365, Loss: 5.62876033782959
Epoch: 5366, Loss: 5.642590522766113
Epoch: 5367, Loss: 5.657935619354248
Epoch: 5368, Loss: 5.618547439575195
Epoch: 5369, Loss: 5.617918968200684
Epoch: 5370, Loss: 5.717333793640137
Test acc: 0.0708, IC acc: 0.003, IC acc2: 0.0032, IW acc: 0.2848
Epoch: 5371, Loss: 5.645378589630127
Epoch: 5372, Loss: 5.661041259765625
Epoch: 5373, Loss: 5.682864665985107
Epoch: 5374, Loss: 5.64999532699585
Epoch: 5375, Loss: 5.63028621673584
Epoch: 5376, Loss: 5.661782741546631
Epoch: 5377, Loss: 5.69097900390625
Epoch: 5378, Loss: 5.642936706542969
Epoch: 5379, Loss: 5.647170066833496
Epoch: 5380, Loss: 5.671177864074707
Test acc: 0.0711, IC acc: 0.003, IC acc2: 0.0032, IW acc: 0.2852
Epoch: 5381, Loss: 5.588850021362305
Epoch: 5382, Loss: 5.643628120422363
Epoch: 5383, Loss: 5.658670425415039
Epoch: 5384, Loss: 5.718451976776123
Epoch: 5385, Loss: 5.60640287399292
Epoch: 5386, Loss: 5.607758522033691
Epoch: 5387, Loss: 5.760484218597412
Epoch: 5388, Loss: 5.6362104415893555
Epoch: 5389, Loss: 5.669071197509766
Epoch: 5390, Loss: 5.707293510437012
Test acc: 0.0708, IC acc: 0.003, IC acc2: 0.0032, IW acc: 0.284
Epoch: 5391, Loss: 5.701478958129883
Epoch: 5392, Loss: 5.5881876945495605
Epoch: 5393, Loss: 5.708125114440918
Epoch: 5394, Loss: 5.637100696563721
Epoch: 5395, Loss: 5.686797142028809
Epoch: 5396, Loss: 5.646876811981201
Epoch: 5397, Loss: 5.663060665130615
Epoch: 5398, Loss: 5.615036487579346
Epoch: 5399, Loss: 5.605249404907227
./circuit_plots/Unrestricted Disentangled|Readout|CN=0|B0=2|B1=3|K=1280|L=320|p_B=0.75|p_C=0.75|B=2|eps=0|e6550d4e-6d1e-4f62-89ea-caa9422ff06f/ already exists.
./circuit_plots/Unrestricted Disentangled|Readout|CN=0|B0=2|B1=3|K=1280|L=320|p_B=0.75|p_C=0.75|B=2|eps=0|e6550d4e-6d1e-4f62-89ea-caa9422ff06f/ already exists.
./circuit_plots/Unrestricted Disentangled|Readout|CN=0|B0=2|B1=3|K=1280|L=320|p_B=0.75|p_C=0.75|B=2|eps=0|e6550d4e-6d1e-4f62-89ea-caa9422ff06f/ already exists.
./circuit_plots/Unrestricted Disentangled|Readout|CN=0|B0=2|B1=3|K=1280|L=320|p_B=0.75|p_C=0.75|B=2|eps=0|e6550d4e-6d1e-4f62-89ea-caa9422ff06f/ already exists.
./circuit_plots/Unrestricted Disentangled|Readout|CN=0|B0=2|B1=3|K=1280|L=320|p_B=0.75|p_C=0.75|B=2|eps=0|e6550d4e-6d1e-4f62-89ea-caa9422ff06f/ already exists.
./circuit_plots/Unrestricted Disentangled|Readout|CN=0|B0=2|B1=3|K=1280|L=320|p_B=0.75|p_C=0.75|B=2|eps=0|e6550d4e-6d1e-4f62-89ea-caa9422ff06f/ already exists.
./circuit_plots/Unrestricted Disentangled|Readout|CN=0|B0=2|B1=3|K=1280|L=320|p_B=0.75|p_C=0.75|B=2|eps=0|e6550d4e-6d1e-4f62-89ea-caa9422ff06f/ already exists.
Epoch: 5400, Loss: 5.641341209411621
Test acc: 0.0712, IC acc: 0.003, IC acc2: 0.0032, IW acc: 0.2862
Epoch: 5401, Loss: 5.667563438415527
Epoch: 5402, Loss: 5.633212089538574
Epoch: 5403, Loss: 5.682127952575684
Epoch: 5404, Loss: 5.652050018310547
Epoch: 5405, Loss: 5.678324222564697
Epoch: 5406, Loss: 5.61803674697876
Epoch: 5407, Loss: 5.694066047668457
Epoch: 5408, Loss: 5.657654762268066
Epoch: 5409, Loss: 5.695387840270996
Epoch: 5410, Loss: 5.6784987449646
Test acc: 0.072, IC acc: 0.003, IC acc2: 0.0032, IW acc: 0.2878
Epoch: 5411, Loss: 5.602457046508789
Epoch: 5412, Loss: 5.598143100738525
Epoch: 5413, Loss: 5.570842742919922
Epoch: 5414, Loss: 5.6153788566589355
Epoch: 5415, Loss: 5.60624885559082
Epoch: 5416, Loss: 5.70437479019165
Epoch: 5417, Loss: 5.695746898651123
Epoch: 5418, Loss: 5.663224697113037
Epoch: 5419, Loss: 5.665299415588379
Epoch: 5420, Loss: 5.718677520751953
Test acc: 0.0717, IC acc: 0.003, IC acc2: 0.0032, IW acc: 0.2868
Epoch: 5421, Loss: 5.646517753601074
Epoch: 5422, Loss: 5.655444145202637
Epoch: 5423, Loss: 5.636445045471191
Epoch: 5424, Loss: 5.664196968078613
Epoch: 5425, Loss: 5.6563944816589355
Epoch: 5426, Loss: 5.620770454406738
Epoch: 5427, Loss: 5.642536163330078
Epoch: 5428, Loss: 5.676469802856445
Epoch: 5429, Loss: 5.690873146057129
Epoch: 5430, Loss: 5.669563293457031
Test acc: 0.0731, IC acc: 0.0041, IC acc2: 0.0032, IW acc: 0.2922
Epoch: 5431, Loss: 5.708586692810059
Epoch: 5432, Loss: 5.6381425857543945
Epoch: 5433, Loss: 5.65425968170166
Epoch: 5434, Loss: 5.654083251953125
Epoch: 5435, Loss: 5.620614528656006
Epoch: 5436, Loss: 5.694893836975098
Epoch: 5437, Loss: 5.629443168640137
Epoch: 5438, Loss: 5.659156322479248
Epoch: 5439, Loss: 5.611785411834717
Epoch: 5440, Loss: 5.70785665512085
Test acc: 0.0721, IC acc: 0.0041, IC acc2: 0.0032, IW acc: 0.2892
Epoch: 5441, Loss: 5.592294216156006
Epoch: 5442, Loss: 5.65340518951416
Epoch: 5443, Loss: 5.631096839904785
Epoch: 5444, Loss: 5.625552177429199
Epoch: 5445, Loss: 5.661711692810059
Epoch: 5446, Loss: 5.739276885986328
Epoch: 5447, Loss: 5.649827003479004
Epoch: 5448, Loss: 5.644554138183594
Epoch: 5449, Loss: 5.659370422363281
./circuit_plots/Unrestricted Disentangled|Readout|CN=0|B0=2|B1=3|K=1280|L=320|p_B=0.75|p_C=0.75|B=2|eps=0|e6550d4e-6d1e-4f62-89ea-caa9422ff06f/ already exists.
./circuit_plots/Unrestricted Disentangled|Readout|CN=0|B0=2|B1=3|K=1280|L=320|p_B=0.75|p_C=0.75|B=2|eps=0|e6550d4e-6d1e-4f62-89ea-caa9422ff06f/ already exists.
./circuit_plots/Unrestricted Disentangled|Readout|CN=0|B0=2|B1=3|K=1280|L=320|p_B=0.75|p_C=0.75|B=2|eps=0|e6550d4e-6d1e-4f62-89ea-caa9422ff06f/ already exists.
./circuit_plots/Unrestricted Disentangled|Readout|CN=0|B0=2|B1=3|K=1280|L=320|p_B=0.75|p_C=0.75|B=2|eps=0|e6550d4e-6d1e-4f62-89ea-caa9422ff06f/ already exists.
./circuit_plots/Unrestricted Disentangled|Readout|CN=0|B0=2|B1=3|K=1280|L=320|p_B=0.75|p_C=0.75|B=2|eps=0|e6550d4e-6d1e-4f62-89ea-caa9422ff06f/ already exists.
./circuit_plots/Unrestricted Disentangled|Readout|CN=0|B0=2|B1=3|K=1280|L=320|p_B=0.75|p_C=0.75|B=2|eps=0|e6550d4e-6d1e-4f62-89ea-caa9422ff06f/ already exists.
./circuit_plots/Unrestricted Disentangled|Readout|CN=0|B0=2|B1=3|K=1280|L=320|p_B=0.75|p_C=0.75|B=2|eps=0|e6550d4e-6d1e-4f62-89ea-caa9422ff06f/ already exists.
Epoch: 5450, Loss: 5.698099136352539
Test acc: 0.0723, IC acc: 0.0041, IC acc2: 0.0032, IW acc: 0.2904
Epoch: 5451, Loss: 5.649746894836426
Epoch: 5452, Loss: 5.665682315826416
Epoch: 5453, Loss: 5.625204563140869
Epoch: 5454, Loss: 5.661412239074707
Epoch: 5455, Loss: 5.634361743927002
Epoch: 5456, Loss: 5.714419364929199
Epoch: 5457, Loss: 5.6076812744140625
Epoch: 5458, Loss: 5.639128684997559
Epoch: 5459, Loss: 5.634004592895508
Epoch: 5460, Loss: 5.695581436157227
Test acc: 0.0724, IC acc: 0.0041, IC acc2: 0.0032, IW acc: 0.2916
Epoch: 5461, Loss: 5.617142677307129
Epoch: 5462, Loss: 5.617057800292969
Epoch: 5463, Loss: 5.668895244598389
Epoch: 5464, Loss: 5.654802322387695
Epoch: 5465, Loss: 5.6582183837890625
Epoch: 5466, Loss: 5.68501091003418
Epoch: 5467, Loss: 5.675368309020996
Epoch: 5468, Loss: 5.693259239196777
Epoch: 5469, Loss: 5.62419319152832
Epoch: 5470, Loss: 5.669781684875488
Test acc: 0.0741, IC acc: 0.0041, IC acc2: 0.0032, IW acc: 0.2971
Epoch: 5471, Loss: 5.620739459991455
Epoch: 5472, Loss: 5.58625602722168
Epoch: 5473, Loss: 5.610006332397461
Epoch: 5474, Loss: 5.648092269897461
Epoch: 5475, Loss: 5.655710220336914
Epoch: 5476, Loss: 5.725186347961426
Epoch: 5477, Loss: 5.675158500671387
Epoch: 5478, Loss: 5.67134428024292
Epoch: 5479, Loss: 5.6477274894714355
Epoch: 5480, Loss: 5.625579833984375
Test acc: 0.0741, IC acc: 0.0045, IC acc2: 0.0032, IW acc: 0.2962
Epoch: 5481, Loss: 5.615460395812988
Epoch: 5482, Loss: 5.658370494842529
Epoch: 5483, Loss: 5.711127281188965
Epoch: 5484, Loss: 5.682462692260742
Epoch: 5485, Loss: 5.696281909942627
Epoch: 5486, Loss: 5.6062726974487305
Epoch: 5487, Loss: 5.681822776794434
Epoch: 5488, Loss: 5.668517112731934
Epoch: 5489, Loss: 5.6358537673950195
Epoch: 5490, Loss: 5.582008361816406
Test acc: 0.0743, IC acc: 0.0041, IC acc2: 0.0032, IW acc: 0.2968
Epoch: 5491, Loss: 5.652947425842285
Epoch: 5492, Loss: 5.665077209472656
Epoch: 5493, Loss: 5.646228790283203
Epoch: 5494, Loss: 5.602832794189453
Epoch: 5495, Loss: 5.665520668029785
Epoch: 5496, Loss: 5.665055274963379
Epoch: 5497, Loss: 5.588023662567139
Epoch: 5498, Loss: 5.614593505859375
Epoch: 5499, Loss: 5.655836582183838
./circuit_plots/Unrestricted Disentangled|Readout|CN=0|B0=2|B1=3|K=1280|L=320|p_B=0.75|p_C=0.75|B=2|eps=0|e6550d4e-6d1e-4f62-89ea-caa9422ff06f/ already exists.
./circuit_plots/Unrestricted Disentangled|Readout|CN=0|B0=2|B1=3|K=1280|L=320|p_B=0.75|p_C=0.75|B=2|eps=0|e6550d4e-6d1e-4f62-89ea-caa9422ff06f/ already exists.
./circuit_plots/Unrestricted Disentangled|Readout|CN=0|B0=2|B1=3|K=1280|L=320|p_B=0.75|p_C=0.75|B=2|eps=0|e6550d4e-6d1e-4f62-89ea-caa9422ff06f/ already exists.
./circuit_plots/Unrestricted Disentangled|Readout|CN=0|B0=2|B1=3|K=1280|L=320|p_B=0.75|p_C=0.75|B=2|eps=0|e6550d4e-6d1e-4f62-89ea-caa9422ff06f/ already exists.
./circuit_plots/Unrestricted Disentangled|Readout|CN=0|B0=2|B1=3|K=1280|L=320|p_B=0.75|p_C=0.75|B=2|eps=0|e6550d4e-6d1e-4f62-89ea-caa9422ff06f/ already exists.
./circuit_plots/Unrestricted Disentangled|Readout|CN=0|B0=2|B1=3|K=1280|L=320|p_B=0.75|p_C=0.75|B=2|eps=0|e6550d4e-6d1e-4f62-89ea-caa9422ff06f/ already exists.
./circuit_plots/Unrestricted Disentangled|Readout|CN=0|B0=2|B1=3|K=1280|L=320|p_B=0.75|p_C=0.75|B=2|eps=0|e6550d4e-6d1e-4f62-89ea-caa9422ff06f/ already exists.
Epoch: 5500, Loss: 5.675260543823242
Test acc: 0.0747, IC acc: 0.0041, IC acc2: 0.0032, IW acc: 0.2986
Epoch: 5501, Loss: 5.601817607879639
Epoch: 5502, Loss: 5.630293846130371
Epoch: 5503, Loss: 5.661497116088867
Epoch: 5504, Loss: 5.660337924957275
Epoch: 5505, Loss: 5.661348342895508
Epoch: 5506, Loss: 5.695036888122559
Epoch: 5507, Loss: 5.695373058319092
Epoch: 5508, Loss: 5.615903854370117
Epoch: 5509, Loss: 5.685726165771484
Epoch: 5510, Loss: 5.644925594329834
Test acc: 0.0751, IC acc: 0.0041, IC acc2: 0.0032, IW acc: 0.2995
Epoch: 5511, Loss: 5.615329742431641
Epoch: 5512, Loss: 5.668807506561279
Epoch: 5513, Loss: 5.7427167892456055
Epoch: 5514, Loss: 5.672746658325195
Epoch: 5515, Loss: 5.650033950805664
Epoch: 5516, Loss: 5.719414710998535
Epoch: 5517, Loss: 5.672736644744873
Epoch: 5518, Loss: 5.644999980926514
Epoch: 5519, Loss: 5.630608081817627
Epoch: 5520, Loss: 5.651008129119873
Test acc: 0.0753, IC acc: 0.0041, IC acc2: 0.0032, IW acc: 0.3008
Epoch: 5521, Loss: 5.633072376251221
Epoch: 5522, Loss: 5.685395240783691
Epoch: 5523, Loss: 5.634507179260254
Epoch: 5524, Loss: 5.676983833312988
Epoch: 5525, Loss: 5.627587795257568
Epoch: 5526, Loss: 5.640190124511719
Epoch: 5527, Loss: 5.610302448272705
Epoch: 5528, Loss: 5.666937828063965
Epoch: 5529, Loss: 5.688995361328125
Epoch: 5530, Loss: 5.598630905151367
Test acc: 0.0757, IC acc: 0.0041, IC acc2: 0.0032, IW acc: 0.3013
Epoch: 5531, Loss: 5.624232292175293
Epoch: 5532, Loss: 5.640974044799805
Epoch: 5533, Loss: 5.649699687957764
Epoch: 5534, Loss: 5.590937614440918
Epoch: 5535, Loss: 5.620327949523926
Epoch: 5536, Loss: 5.657222270965576
Epoch: 5537, Loss: 5.703915596008301
Epoch: 5538, Loss: 5.557334899902344
Epoch: 5539, Loss: 5.6799774169921875
Epoch: 5540, Loss: 5.621650695800781
Test acc: 0.0765, IC acc: 0.0041, IC acc2: 0.0032, IW acc: 0.3022
Epoch: 5541, Loss: 5.570727348327637
Epoch: 5542, Loss: 5.628440856933594
Epoch: 5543, Loss: 5.626828193664551
Epoch: 5544, Loss: 5.668848991394043
Epoch: 5545, Loss: 5.602720260620117
Epoch: 5546, Loss: 5.660911560058594
Epoch: 5547, Loss: 5.664308547973633
Epoch: 5548, Loss: 5.642338275909424
Epoch: 5549, Loss: 5.615196228027344
./circuit_plots/Unrestricted Disentangled|Readout|CN=0|B0=2|B1=3|K=1280|L=320|p_B=0.75|p_C=0.75|B=2|eps=0|e6550d4e-6d1e-4f62-89ea-caa9422ff06f/ already exists.
./circuit_plots/Unrestricted Disentangled|Readout|CN=0|B0=2|B1=3|K=1280|L=320|p_B=0.75|p_C=0.75|B=2|eps=0|e6550d4e-6d1e-4f62-89ea-caa9422ff06f/ already exists.
./circuit_plots/Unrestricted Disentangled|Readout|CN=0|B0=2|B1=3|K=1280|L=320|p_B=0.75|p_C=0.75|B=2|eps=0|e6550d4e-6d1e-4f62-89ea-caa9422ff06f/ already exists.
./circuit_plots/Unrestricted Disentangled|Readout|CN=0|B0=2|B1=3|K=1280|L=320|p_B=0.75|p_C=0.75|B=2|eps=0|e6550d4e-6d1e-4f62-89ea-caa9422ff06f/ already exists.
./circuit_plots/Unrestricted Disentangled|Readout|CN=0|B0=2|B1=3|K=1280|L=320|p_B=0.75|p_C=0.75|B=2|eps=0|e6550d4e-6d1e-4f62-89ea-caa9422ff06f/ already exists.
./circuit_plots/Unrestricted Disentangled|Readout|CN=0|B0=2|B1=3|K=1280|L=320|p_B=0.75|p_C=0.75|B=2|eps=0|e6550d4e-6d1e-4f62-89ea-caa9422ff06f/ already exists.
./circuit_plots/Unrestricted Disentangled|Readout|CN=0|B0=2|B1=3|K=1280|L=320|p_B=0.75|p_C=0.75|B=2|eps=0|e6550d4e-6d1e-4f62-89ea-caa9422ff06f/ already exists.
Epoch: 5550, Loss: 5.598490238189697
Test acc: 0.0772, IC acc: 0.0045, IC acc2: 0.0032, IW acc: 0.3057
Epoch: 5551, Loss: 5.653869152069092
Epoch: 5552, Loss: 5.648155212402344
Epoch: 5553, Loss: 5.575151443481445
Epoch: 5554, Loss: 5.617266654968262
Epoch: 5555, Loss: 5.645529747009277
Epoch: 5556, Loss: 5.698637962341309
Epoch: 5557, Loss: 5.682269096374512
Epoch: 5558, Loss: 5.610599040985107
Epoch: 5559, Loss: 5.574082374572754
Epoch: 5560, Loss: 5.561450958251953
Test acc: 0.0758, IC acc: 0.0041, IC acc2: 0.0032, IW acc: 0.3019
Epoch: 5561, Loss: 5.702300071716309
Epoch: 5562, Loss: 5.678383827209473
Epoch: 5563, Loss: 5.645987510681152
Epoch: 5564, Loss: 5.631078720092773
Epoch: 5565, Loss: 5.683826923370361
Epoch: 5566, Loss: 5.662562370300293
Epoch: 5567, Loss: 5.694649696350098
Epoch: 5568, Loss: 5.696333885192871
Epoch: 5569, Loss: 5.630695819854736
Epoch: 5570, Loss: 5.721956253051758
Test acc: 0.0764, IC acc: 0.0041, IC acc2: 0.0032, IW acc: 0.3054
Epoch: 5571, Loss: 5.6451416015625
Epoch: 5572, Loss: 5.6247358322143555
Epoch: 5573, Loss: 5.664322853088379
Epoch: 5574, Loss: 5.726613998413086
Epoch: 5575, Loss: 5.581708908081055
Epoch: 5576, Loss: 5.639108657836914
Epoch: 5577, Loss: 5.611544609069824
Epoch: 5578, Loss: 5.6355791091918945
Epoch: 5579, Loss: 5.6354498863220215
Epoch: 5580, Loss: 5.697345733642578
Test acc: 0.0764, IC acc: 0.0041, IC acc2: 0.0032, IW acc: 0.3059
Epoch: 5581, Loss: 5.690271377563477
Epoch: 5582, Loss: 5.637723922729492
Epoch: 5583, Loss: 5.595473289489746
Epoch: 5584, Loss: 5.677140235900879
Epoch: 5585, Loss: 5.596678256988525
Epoch: 5586, Loss: 5.641576766967773
Epoch: 5587, Loss: 5.661575794219971
Epoch: 5588, Loss: 5.687989711761475
Epoch: 5589, Loss: 5.641796112060547
Epoch: 5590, Loss: 5.680788993835449
Test acc: 0.0768, IC acc: 0.0041, IC acc2: 0.0032, IW acc: 0.3076
Epoch: 5591, Loss: 5.629223823547363
Epoch: 5592, Loss: 5.627775192260742
Epoch: 5593, Loss: 5.587917327880859
Epoch: 5594, Loss: 5.667469024658203
Epoch: 5595, Loss: 5.592721462249756
Epoch: 5596, Loss: 5.654832363128662
Epoch: 5597, Loss: 5.641029357910156
Epoch: 5598, Loss: 5.619056701660156
Epoch: 5599, Loss: 5.677131652832031
./circuit_plots/Unrestricted Disentangled|Readout|CN=0|B0=2|B1=3|K=1280|L=320|p_B=0.75|p_C=0.75|B=2|eps=0|e6550d4e-6d1e-4f62-89ea-caa9422ff06f/ already exists.
./circuit_plots/Unrestricted Disentangled|Readout|CN=0|B0=2|B1=3|K=1280|L=320|p_B=0.75|p_C=0.75|B=2|eps=0|e6550d4e-6d1e-4f62-89ea-caa9422ff06f/ already exists.
./circuit_plots/Unrestricted Disentangled|Readout|CN=0|B0=2|B1=3|K=1280|L=320|p_B=0.75|p_C=0.75|B=2|eps=0|e6550d4e-6d1e-4f62-89ea-caa9422ff06f/ already exists.
./circuit_plots/Unrestricted Disentangled|Readout|CN=0|B0=2|B1=3|K=1280|L=320|p_B=0.75|p_C=0.75|B=2|eps=0|e6550d4e-6d1e-4f62-89ea-caa9422ff06f/ already exists.
./circuit_plots/Unrestricted Disentangled|Readout|CN=0|B0=2|B1=3|K=1280|L=320|p_B=0.75|p_C=0.75|B=2|eps=0|e6550d4e-6d1e-4f62-89ea-caa9422ff06f/ already exists.
./circuit_plots/Unrestricted Disentangled|Readout|CN=0|B0=2|B1=3|K=1280|L=320|p_B=0.75|p_C=0.75|B=2|eps=0|e6550d4e-6d1e-4f62-89ea-caa9422ff06f/ already exists.
./circuit_plots/Unrestricted Disentangled|Readout|CN=0|B0=2|B1=3|K=1280|L=320|p_B=0.75|p_C=0.75|B=2|eps=0|e6550d4e-6d1e-4f62-89ea-caa9422ff06f/ already exists.
Epoch: 5600, Loss: 5.626847267150879
Test acc: 0.0769, IC acc: 0.0045, IC acc2: 0.0032, IW acc: 0.3079
Epoch: 5601, Loss: 5.667630195617676
Epoch: 5602, Loss: 5.6119771003723145
Epoch: 5603, Loss: 5.6739115715026855
Epoch: 5604, Loss: 5.655550003051758
Epoch: 5605, Loss: 5.6800665855407715
Epoch: 5606, Loss: 5.671464443206787
Epoch: 5607, Loss: 5.621828079223633
Epoch: 5608, Loss: 5.591503143310547
Epoch: 5609, Loss: 5.687773704528809
Epoch: 5610, Loss: 5.649511814117432
Test acc: 0.0768, IC acc: 0.0045, IC acc2: 0.0032, IW acc: 0.3074
Epoch: 5611, Loss: 5.672229766845703
Epoch: 5612, Loss: 5.614571571350098
Epoch: 5613, Loss: 5.5856733322143555
Epoch: 5614, Loss: 5.643033027648926
Epoch: 5615, Loss: 5.641657829284668
Epoch: 5616, Loss: 5.619436264038086
Epoch: 5617, Loss: 5.647006988525391
Epoch: 5618, Loss: 5.728574275970459
Epoch: 5619, Loss: 5.625522136688232
Epoch: 5620, Loss: 5.669926643371582
Test acc: 0.0766, IC acc: 0.0045, IC acc2: 0.0032, IW acc: 0.3077
Epoch: 5621, Loss: 5.5960798263549805
Epoch: 5622, Loss: 5.675299167633057
Epoch: 5623, Loss: 5.635952472686768
Epoch: 5624, Loss: 5.612639904022217
Epoch: 5625, Loss: 5.661831855773926
Epoch: 5626, Loss: 5.565737247467041
Epoch: 5627, Loss: 5.60772180557251
Epoch: 5628, Loss: 5.648562431335449
Epoch: 5629, Loss: 5.611083984375
Epoch: 5630, Loss: 5.667060375213623
Test acc: 0.0778, IC acc: 0.0045, IC acc2: 0.0032, IW acc: 0.3105
Epoch: 5631, Loss: 5.668003082275391
Epoch: 5632, Loss: 5.624923229217529
Epoch: 5633, Loss: 5.6707682609558105
Epoch: 5634, Loss: 5.707629680633545
Epoch: 5635, Loss: 5.622687339782715
Epoch: 5636, Loss: 5.638097763061523
Epoch: 5637, Loss: 5.693485260009766
Epoch: 5638, Loss: 5.6458353996276855
Epoch: 5639, Loss: 5.60154914855957
Epoch: 5640, Loss: 5.667410850524902
Test acc: 0.0795, IC acc: 0.0045, IC acc2: 0.0032, IW acc: 0.3126
Epoch: 5641, Loss: 5.634679794311523
Epoch: 5642, Loss: 5.628484725952148
Epoch: 5643, Loss: 5.572653770446777
Epoch: 5644, Loss: 5.667410373687744
Epoch: 5645, Loss: 5.682453155517578
Epoch: 5646, Loss: 5.636586666107178
Epoch: 5647, Loss: 5.611559867858887
Epoch: 5648, Loss: 5.645263195037842
Epoch: 5649, Loss: 5.624436855316162
./circuit_plots/Unrestricted Disentangled|Readout|CN=0|B0=2|B1=3|K=1280|L=320|p_B=0.75|p_C=0.75|B=2|eps=0|e6550d4e-6d1e-4f62-89ea-caa9422ff06f/ already exists.
./circuit_plots/Unrestricted Disentangled|Readout|CN=0|B0=2|B1=3|K=1280|L=320|p_B=0.75|p_C=0.75|B=2|eps=0|e6550d4e-6d1e-4f62-89ea-caa9422ff06f/ already exists.
./circuit_plots/Unrestricted Disentangled|Readout|CN=0|B0=2|B1=3|K=1280|L=320|p_B=0.75|p_C=0.75|B=2|eps=0|e6550d4e-6d1e-4f62-89ea-caa9422ff06f/ already exists.
./circuit_plots/Unrestricted Disentangled|Readout|CN=0|B0=2|B1=3|K=1280|L=320|p_B=0.75|p_C=0.75|B=2|eps=0|e6550d4e-6d1e-4f62-89ea-caa9422ff06f/ already exists.
./circuit_plots/Unrestricted Disentangled|Readout|CN=0|B0=2|B1=3|K=1280|L=320|p_B=0.75|p_C=0.75|B=2|eps=0|e6550d4e-6d1e-4f62-89ea-caa9422ff06f/ already exists.
./circuit_plots/Unrestricted Disentangled|Readout|CN=0|B0=2|B1=3|K=1280|L=320|p_B=0.75|p_C=0.75|B=2|eps=0|e6550d4e-6d1e-4f62-89ea-caa9422ff06f/ already exists.
./circuit_plots/Unrestricted Disentangled|Readout|CN=0|B0=2|B1=3|K=1280|L=320|p_B=0.75|p_C=0.75|B=2|eps=0|e6550d4e-6d1e-4f62-89ea-caa9422ff06f/ already exists.
Epoch: 5650, Loss: 5.658259391784668
Test acc: 0.0798, IC acc: 0.0045, IC acc2: 0.0032, IW acc: 0.3145
Epoch: 5651, Loss: 5.677967071533203
Epoch: 5652, Loss: 5.656906604766846
Epoch: 5653, Loss: 5.628223896026611
Epoch: 5654, Loss: 5.668736457824707
Epoch: 5655, Loss: 5.644843101501465
Epoch: 5656, Loss: 5.597415924072266
Epoch: 5657, Loss: 5.684770107269287
Epoch: 5658, Loss: 5.615222454071045
Epoch: 5659, Loss: 5.621127128601074
Epoch: 5660, Loss: 5.66057825088501
Test acc: 0.0799, IC acc: 0.0045, IC acc2: 0.0032, IW acc: 0.3144
Epoch: 5661, Loss: 5.743887424468994
Epoch: 5662, Loss: 5.612605094909668
Epoch: 5663, Loss: 5.6239118576049805
Epoch: 5664, Loss: 5.6800103187561035
Epoch: 5665, Loss: 5.684970855712891
Epoch: 5666, Loss: 5.651248931884766
Epoch: 5667, Loss: 5.660906791687012
Epoch: 5668, Loss: 5.647608757019043
Epoch: 5669, Loss: 5.644787788391113
Epoch: 5670, Loss: 5.665871620178223
Test acc: 0.0796, IC acc: 0.0045, IC acc2: 0.0032, IW acc: 0.3151
Epoch: 5671, Loss: 5.600103378295898
Epoch: 5672, Loss: 5.599492073059082
Epoch: 5673, Loss: 5.631674289703369
Epoch: 5674, Loss: 5.68657112121582
Epoch: 5675, Loss: 5.628114700317383
Epoch: 5676, Loss: 5.6448211669921875
Epoch: 5677, Loss: 5.614605903625488
Epoch: 5678, Loss: 5.704844951629639
Epoch: 5679, Loss: 5.5963544845581055
Epoch: 5680, Loss: 5.679729461669922
Test acc: 0.0797, IC acc: 0.0045, IC acc2: 0.0032, IW acc: 0.3152
Epoch: 5681, Loss: 5.663263320922852
Epoch: 5682, Loss: 5.614059925079346
Epoch: 5683, Loss: 5.62694787979126
Epoch: 5684, Loss: 5.664340972900391
Epoch: 5685, Loss: 5.687753677368164
Epoch: 5686, Loss: 5.6747846603393555
Epoch: 5687, Loss: 5.676965713500977
Epoch: 5688, Loss: 5.658469200134277
Epoch: 5689, Loss: 5.636802673339844
Epoch: 5690, Loss: 5.657857894897461
Test acc: 0.0794, IC acc: 0.0045, IC acc2: 0.0032, IW acc: 0.314
Epoch: 5691, Loss: 5.673336029052734
Epoch: 5692, Loss: 5.607831001281738
Epoch: 5693, Loss: 5.651683330535889
Epoch: 5694, Loss: 5.593294143676758
Epoch: 5695, Loss: 5.628450393676758
Epoch: 5696, Loss: 5.708283424377441
Epoch: 5697, Loss: 5.572806358337402
Epoch: 5698, Loss: 5.56787633895874
Epoch: 5699, Loss: 5.6370439529418945
./circuit_plots/Unrestricted Disentangled|Readout|CN=0|B0=2|B1=3|K=1280|L=320|p_B=0.75|p_C=0.75|B=2|eps=0|e6550d4e-6d1e-4f62-89ea-caa9422ff06f/ already exists.
./circuit_plots/Unrestricted Disentangled|Readout|CN=0|B0=2|B1=3|K=1280|L=320|p_B=0.75|p_C=0.75|B=2|eps=0|e6550d4e-6d1e-4f62-89ea-caa9422ff06f/ already exists.
./circuit_plots/Unrestricted Disentangled|Readout|CN=0|B0=2|B1=3|K=1280|L=320|p_B=0.75|p_C=0.75|B=2|eps=0|e6550d4e-6d1e-4f62-89ea-caa9422ff06f/ already exists.
./circuit_plots/Unrestricted Disentangled|Readout|CN=0|B0=2|B1=3|K=1280|L=320|p_B=0.75|p_C=0.75|B=2|eps=0|e6550d4e-6d1e-4f62-89ea-caa9422ff06f/ already exists.
./circuit_plots/Unrestricted Disentangled|Readout|CN=0|B0=2|B1=3|K=1280|L=320|p_B=0.75|p_C=0.75|B=2|eps=0|e6550d4e-6d1e-4f62-89ea-caa9422ff06f/ already exists.
./circuit_plots/Unrestricted Disentangled|Readout|CN=0|B0=2|B1=3|K=1280|L=320|p_B=0.75|p_C=0.75|B=2|eps=0|e6550d4e-6d1e-4f62-89ea-caa9422ff06f/ already exists.
./circuit_plots/Unrestricted Disentangled|Readout|CN=0|B0=2|B1=3|K=1280|L=320|p_B=0.75|p_C=0.75|B=2|eps=0|e6550d4e-6d1e-4f62-89ea-caa9422ff06f/ already exists.
Epoch: 5700, Loss: 5.6495208740234375
Test acc: 0.0788, IC acc: 0.0045, IC acc2: 0.0032, IW acc: 0.3165
Epoch: 5701, Loss: 5.639562606811523
Epoch: 5702, Loss: 5.622747421264648
Epoch: 5703, Loss: 5.678630352020264
Epoch: 5704, Loss: 5.666318416595459
Epoch: 5705, Loss: 5.621059894561768
Epoch: 5706, Loss: 5.689550399780273
Epoch: 5707, Loss: 5.587079048156738
Epoch: 5708, Loss: 5.650162220001221
Epoch: 5709, Loss: 5.603019714355469
Epoch: 5710, Loss: 5.588958740234375
Test acc: 0.0795, IC acc: 0.0045, IC acc2: 0.0032, IW acc: 0.3194
Epoch: 5711, Loss: 5.636194229125977
Epoch: 5712, Loss: 5.671299457550049
Epoch: 5713, Loss: 5.687604904174805
Epoch: 5714, Loss: 5.573991298675537
Epoch: 5715, Loss: 5.6241021156311035
Epoch: 5716, Loss: 5.659053802490234
Epoch: 5717, Loss: 5.5922346115112305
Epoch: 5718, Loss: 5.683338165283203
Epoch: 5719, Loss: 5.611673831939697
Epoch: 5720, Loss: 5.65783166885376
Test acc: 0.0797, IC acc: 0.0045, IC acc2: 0.0032, IW acc: 0.3203
Epoch: 5721, Loss: 5.679416656494141
Epoch: 5722, Loss: 5.683315753936768
Epoch: 5723, Loss: 5.615926265716553
Epoch: 5724, Loss: 5.63701057434082
Epoch: 5725, Loss: 5.65647554397583
Epoch: 5726, Loss: 5.651481628417969
Epoch: 5727, Loss: 5.619160175323486
Epoch: 5728, Loss: 5.650986194610596
Epoch: 5729, Loss: 5.621155738830566
Epoch: 5730, Loss: 5.657535076141357
Test acc: 0.0785, IC acc: 0.005, IC acc2: 0.0032, IW acc: 0.3166
Epoch: 5731, Loss: 5.619724750518799
Epoch: 5732, Loss: 5.624509334564209
Epoch: 5733, Loss: 5.661442756652832
Epoch: 5734, Loss: 5.615713119506836
Epoch: 5735, Loss: 5.594534397125244
Epoch: 5736, Loss: 5.690057277679443
Epoch: 5737, Loss: 5.537593841552734
Epoch: 5738, Loss: 5.627028942108154
Epoch: 5739, Loss: 5.568488121032715
Epoch: 5740, Loss: 5.645658493041992
Test acc: 0.0804, IC acc: 0.005, IC acc2: 0.0032, IW acc: 0.3188
Epoch: 5741, Loss: 5.656146049499512
Epoch: 5742, Loss: 5.6202850341796875
Epoch: 5743, Loss: 5.649432182312012
Epoch: 5744, Loss: 5.638984203338623
Epoch: 5745, Loss: 5.704939842224121
Epoch: 5746, Loss: 5.659055709838867
Epoch: 5747, Loss: 5.687213897705078
Epoch: 5748, Loss: 5.611579895019531
Epoch: 5749, Loss: 5.6300272941589355
./circuit_plots/Unrestricted Disentangled|Readout|CN=0|B0=2|B1=3|K=1280|L=320|p_B=0.75|p_C=0.75|B=2|eps=0|e6550d4e-6d1e-4f62-89ea-caa9422ff06f/ already exists.
./circuit_plots/Unrestricted Disentangled|Readout|CN=0|B0=2|B1=3|K=1280|L=320|p_B=0.75|p_C=0.75|B=2|eps=0|e6550d4e-6d1e-4f62-89ea-caa9422ff06f/ already exists.
./circuit_plots/Unrestricted Disentangled|Readout|CN=0|B0=2|B1=3|K=1280|L=320|p_B=0.75|p_C=0.75|B=2|eps=0|e6550d4e-6d1e-4f62-89ea-caa9422ff06f/ already exists.
./circuit_plots/Unrestricted Disentangled|Readout|CN=0|B0=2|B1=3|K=1280|L=320|p_B=0.75|p_C=0.75|B=2|eps=0|e6550d4e-6d1e-4f62-89ea-caa9422ff06f/ already exists.
./circuit_plots/Unrestricted Disentangled|Readout|CN=0|B0=2|B1=3|K=1280|L=320|p_B=0.75|p_C=0.75|B=2|eps=0|e6550d4e-6d1e-4f62-89ea-caa9422ff06f/ already exists.
./circuit_plots/Unrestricted Disentangled|Readout|CN=0|B0=2|B1=3|K=1280|L=320|p_B=0.75|p_C=0.75|B=2|eps=0|e6550d4e-6d1e-4f62-89ea-caa9422ff06f/ already exists.
./circuit_plots/Unrestricted Disentangled|Readout|CN=0|B0=2|B1=3|K=1280|L=320|p_B=0.75|p_C=0.75|B=2|eps=0|e6550d4e-6d1e-4f62-89ea-caa9422ff06f/ already exists.
Epoch: 5750, Loss: 5.621511459350586
Test acc: 0.0809, IC acc: 0.0041, IC acc2: 0.0032, IW acc: 0.3207
Epoch: 5751, Loss: 5.640395164489746
Epoch: 5752, Loss: 5.646345138549805
Epoch: 5753, Loss: 5.604021072387695
Epoch: 5754, Loss: 5.6506028175354
Epoch: 5755, Loss: 5.69374418258667
Epoch: 5756, Loss: 5.624879360198975
Epoch: 5757, Loss: 5.668025016784668
Epoch: 5758, Loss: 5.658595085144043
Epoch: 5759, Loss: 5.595885276794434
Epoch: 5760, Loss: 5.598684310913086
Test acc: 0.0813, IC acc: 0.0045, IC acc2: 0.0032, IW acc: 0.3218
Epoch: 5761, Loss: 5.602103233337402
Epoch: 5762, Loss: 5.677574157714844
Epoch: 5763, Loss: 5.671934604644775
Epoch: 5764, Loss: 5.666268348693848
Epoch: 5765, Loss: 5.712252616882324
Epoch: 5766, Loss: 5.61070442199707
Epoch: 5767, Loss: 5.628962516784668
Epoch: 5768, Loss: 5.633771896362305
Epoch: 5769, Loss: 5.648324966430664
Epoch: 5770, Loss: 5.657910346984863
Test acc: 0.0815, IC acc: 0.0045, IC acc2: 0.0032, IW acc: 0.3238
Epoch: 5771, Loss: 5.681149482727051
Epoch: 5772, Loss: 5.63284969329834
Epoch: 5773, Loss: 5.64414644241333
Epoch: 5774, Loss: 5.581790447235107
Epoch: 5775, Loss: 5.704286575317383
Epoch: 5776, Loss: 5.680511474609375
Epoch: 5777, Loss: 5.69242000579834
Epoch: 5778, Loss: 5.597074508666992
Epoch: 5779, Loss: 5.621395111083984
Epoch: 5780, Loss: 5.670925617218018
Test acc: 0.082, IC acc: 0.0045, IC acc2: 0.0032, IW acc: 0.3265
Epoch: 5781, Loss: 5.628241539001465
Epoch: 5782, Loss: 5.684276580810547
Epoch: 5783, Loss: 5.715052604675293
Epoch: 5784, Loss: 5.676449775695801
Epoch: 5785, Loss: 5.639201641082764
Epoch: 5786, Loss: 5.683475494384766
Epoch: 5787, Loss: 5.6929755210876465
Epoch: 5788, Loss: 5.662661552429199
Epoch: 5789, Loss: 5.60019588470459
Epoch: 5790, Loss: 5.68593168258667
Test acc: 0.082, IC acc: 0.0045, IC acc2: 0.0032, IW acc: 0.3253
Epoch: 5791, Loss: 5.606499671936035
Epoch: 5792, Loss: 5.60892391204834
Epoch: 5793, Loss: 5.633334159851074
Epoch: 5794, Loss: 5.707108020782471
Epoch: 5795, Loss: 5.68900203704834
Epoch: 5796, Loss: 5.5850067138671875
Epoch: 5797, Loss: 5.641737937927246
Epoch: 5798, Loss: 5.660801887512207
Epoch: 5799, Loss: 5.64505672454834
./circuit_plots/Unrestricted Disentangled|Readout|CN=0|B0=2|B1=3|K=1280|L=320|p_B=0.75|p_C=0.75|B=2|eps=0|e6550d4e-6d1e-4f62-89ea-caa9422ff06f/ already exists.
./circuit_plots/Unrestricted Disentangled|Readout|CN=0|B0=2|B1=3|K=1280|L=320|p_B=0.75|p_C=0.75|B=2|eps=0|e6550d4e-6d1e-4f62-89ea-caa9422ff06f/ already exists.
./circuit_plots/Unrestricted Disentangled|Readout|CN=0|B0=2|B1=3|K=1280|L=320|p_B=0.75|p_C=0.75|B=2|eps=0|e6550d4e-6d1e-4f62-89ea-caa9422ff06f/ already exists.
./circuit_plots/Unrestricted Disentangled|Readout|CN=0|B0=2|B1=3|K=1280|L=320|p_B=0.75|p_C=0.75|B=2|eps=0|e6550d4e-6d1e-4f62-89ea-caa9422ff06f/ already exists.
./circuit_plots/Unrestricted Disentangled|Readout|CN=0|B0=2|B1=3|K=1280|L=320|p_B=0.75|p_C=0.75|B=2|eps=0|e6550d4e-6d1e-4f62-89ea-caa9422ff06f/ already exists.
./circuit_plots/Unrestricted Disentangled|Readout|CN=0|B0=2|B1=3|K=1280|L=320|p_B=0.75|p_C=0.75|B=2|eps=0|e6550d4e-6d1e-4f62-89ea-caa9422ff06f/ already exists.
./circuit_plots/Unrestricted Disentangled|Readout|CN=0|B0=2|B1=3|K=1280|L=320|p_B=0.75|p_C=0.75|B=2|eps=0|e6550d4e-6d1e-4f62-89ea-caa9422ff06f/ already exists.
Epoch: 5800, Loss: 5.642625331878662
Test acc: 0.0815, IC acc: 0.0045, IC acc2: 0.0026, IW acc: 0.3267
Epoch: 5801, Loss: 5.656501770019531
Epoch: 5802, Loss: 5.633927345275879
Epoch: 5803, Loss: 5.661147594451904
Epoch: 5804, Loss: 5.650913238525391
Epoch: 5805, Loss: 5.653406143188477
Epoch: 5806, Loss: 5.609226226806641
Epoch: 5807, Loss: 5.67122220993042
Epoch: 5808, Loss: 5.695065975189209
Epoch: 5809, Loss: 5.677796840667725
Epoch: 5810, Loss: 5.631605625152588
Test acc: 0.0836, IC acc: 0.0045, IC acc2: 0.0026, IW acc: 0.3303
Epoch: 5811, Loss: 5.593989372253418
Epoch: 5812, Loss: 5.712068557739258
Epoch: 5813, Loss: 5.608550071716309
Epoch: 5814, Loss: 5.618383407592773
Epoch: 5815, Loss: 5.646947860717773
Epoch: 5816, Loss: 5.625973701477051
Epoch: 5817, Loss: 5.689399242401123
Epoch: 5818, Loss: 5.699517250061035
Epoch: 5819, Loss: 5.627716541290283
Epoch: 5820, Loss: 5.601692199707031
Test acc: 0.0838, IC acc: 0.0045, IC acc2: 0.0026, IW acc: 0.331
Epoch: 5821, Loss: 5.6652069091796875
Epoch: 5822, Loss: 5.593167304992676
Epoch: 5823, Loss: 5.610622882843018
Epoch: 5824, Loss: 5.638020038604736
Epoch: 5825, Loss: 5.642146110534668
Epoch: 5826, Loss: 5.613168716430664
Epoch: 5827, Loss: 5.6057586669921875
Epoch: 5828, Loss: 5.573530197143555
Epoch: 5829, Loss: 5.616369247436523
Epoch: 5830, Loss: 5.631765365600586
Test acc: 0.0846, IC acc: 0.0045, IC acc2: 0.0026, IW acc: 0.3336
Epoch: 5831, Loss: 5.668964385986328
Epoch: 5832, Loss: 5.663809776306152
Epoch: 5833, Loss: 5.702335834503174
Epoch: 5834, Loss: 5.594109535217285
Epoch: 5835, Loss: 5.612790107727051
Epoch: 5836, Loss: 5.646177768707275
Epoch: 5837, Loss: 5.617460250854492
Epoch: 5838, Loss: 5.674712181091309
Epoch: 5839, Loss: 5.581580638885498
Epoch: 5840, Loss: 5.635114669799805
Test acc: 0.0849, IC acc: 0.0045, IC acc2: 0.0026, IW acc: 0.3356
Epoch: 5841, Loss: 5.568325996398926
Epoch: 5842, Loss: 5.652133941650391
Epoch: 5843, Loss: 5.617528915405273
Epoch: 5844, Loss: 5.682768821716309
Epoch: 5845, Loss: 5.649721622467041
Epoch: 5846, Loss: 5.651853561401367
Epoch: 5847, Loss: 5.656390190124512
Epoch: 5848, Loss: 5.576822757720947
Epoch: 5849, Loss: 5.595283031463623
./circuit_plots/Unrestricted Disentangled|Readout|CN=0|B0=2|B1=3|K=1280|L=320|p_B=0.75|p_C=0.75|B=2|eps=0|e6550d4e-6d1e-4f62-89ea-caa9422ff06f/ already exists.
./circuit_plots/Unrestricted Disentangled|Readout|CN=0|B0=2|B1=3|K=1280|L=320|p_B=0.75|p_C=0.75|B=2|eps=0|e6550d4e-6d1e-4f62-89ea-caa9422ff06f/ already exists.
./circuit_plots/Unrestricted Disentangled|Readout|CN=0|B0=2|B1=3|K=1280|L=320|p_B=0.75|p_C=0.75|B=2|eps=0|e6550d4e-6d1e-4f62-89ea-caa9422ff06f/ already exists.
./circuit_plots/Unrestricted Disentangled|Readout|CN=0|B0=2|B1=3|K=1280|L=320|p_B=0.75|p_C=0.75|B=2|eps=0|e6550d4e-6d1e-4f62-89ea-caa9422ff06f/ already exists.
./circuit_plots/Unrestricted Disentangled|Readout|CN=0|B0=2|B1=3|K=1280|L=320|p_B=0.75|p_C=0.75|B=2|eps=0|e6550d4e-6d1e-4f62-89ea-caa9422ff06f/ already exists.
./circuit_plots/Unrestricted Disentangled|Readout|CN=0|B0=2|B1=3|K=1280|L=320|p_B=0.75|p_C=0.75|B=2|eps=0|e6550d4e-6d1e-4f62-89ea-caa9422ff06f/ already exists.
./circuit_plots/Unrestricted Disentangled|Readout|CN=0|B0=2|B1=3|K=1280|L=320|p_B=0.75|p_C=0.75|B=2|eps=0|e6550d4e-6d1e-4f62-89ea-caa9422ff06f/ already exists.
Epoch: 5850, Loss: 5.594353675842285
Test acc: 0.0845, IC acc: 0.0045, IC acc2: 0.0026, IW acc: 0.3326
Epoch: 5851, Loss: 5.736863136291504
Epoch: 5852, Loss: 5.672172546386719
Epoch: 5853, Loss: 5.689255714416504
Epoch: 5854, Loss: 5.701084136962891
Epoch: 5855, Loss: 5.685557842254639
Epoch: 5856, Loss: 5.641251564025879
Epoch: 5857, Loss: 5.606515884399414
Epoch: 5858, Loss: 5.567824363708496
Epoch: 5859, Loss: 5.627142429351807
Epoch: 5860, Loss: 5.621068954467773
Test acc: 0.0852, IC acc: 0.0045, IC acc2: 0.0032, IW acc: 0.3348
Epoch: 5861, Loss: 5.655389785766602
Epoch: 5862, Loss: 5.635432243347168
Epoch: 5863, Loss: 5.61027193069458
Epoch: 5864, Loss: 5.6642351150512695
Epoch: 5865, Loss: 5.650025844573975
Epoch: 5866, Loss: 5.607850074768066
Epoch: 5867, Loss: 5.634632110595703
Epoch: 5868, Loss: 5.702173709869385
Epoch: 5869, Loss: 5.658631324768066
Epoch: 5870, Loss: 5.589904308319092
Test acc: 0.0844, IC acc: 0.0045, IC acc2: 0.0032, IW acc: 0.3333
Epoch: 5871, Loss: 5.681918144226074
Epoch: 5872, Loss: 5.641861915588379
Epoch: 5873, Loss: 5.637532711029053
Epoch: 5874, Loss: 5.594537734985352
Epoch: 5875, Loss: 5.642361640930176
Epoch: 5876, Loss: 5.677382469177246
Epoch: 5877, Loss: 5.568195343017578
Epoch: 5878, Loss: 5.635355472564697
Epoch: 5879, Loss: 5.644853591918945
Epoch: 5880, Loss: 5.664160251617432
Test acc: 0.0848, IC acc: 0.0045, IC acc2: 0.0032, IW acc: 0.3346
Epoch: 5881, Loss: 5.6542181968688965
Epoch: 5882, Loss: 5.647717475891113
Epoch: 5883, Loss: 5.678060054779053
Epoch: 5884, Loss: 5.642153263092041
Epoch: 5885, Loss: 5.654376983642578
Epoch: 5886, Loss: 5.644500732421875
Epoch: 5887, Loss: 5.570479393005371
Epoch: 5888, Loss: 5.622280597686768
Epoch: 5889, Loss: 5.695368766784668
Epoch: 5890, Loss: 5.676985740661621
Test acc: 0.0855, IC acc: 0.0045, IC acc2: 0.0032, IW acc: 0.3382
Epoch: 5891, Loss: 5.67553186416626
Epoch: 5892, Loss: 5.6497273445129395
Epoch: 5893, Loss: 5.622198581695557
Epoch: 5894, Loss: 5.727303981781006
Epoch: 5895, Loss: 5.661853790283203
Epoch: 5896, Loss: 5.682018280029297
Epoch: 5897, Loss: 5.596763610839844
Epoch: 5898, Loss: 5.59012508392334
Epoch: 5899, Loss: 5.583542823791504
./circuit_plots/Unrestricted Disentangled|Readout|CN=0|B0=2|B1=3|K=1280|L=320|p_B=0.75|p_C=0.75|B=2|eps=0|e6550d4e-6d1e-4f62-89ea-caa9422ff06f/ already exists.
./circuit_plots/Unrestricted Disentangled|Readout|CN=0|B0=2|B1=3|K=1280|L=320|p_B=0.75|p_C=0.75|B=2|eps=0|e6550d4e-6d1e-4f62-89ea-caa9422ff06f/ already exists.
./circuit_plots/Unrestricted Disentangled|Readout|CN=0|B0=2|B1=3|K=1280|L=320|p_B=0.75|p_C=0.75|B=2|eps=0|e6550d4e-6d1e-4f62-89ea-caa9422ff06f/ already exists.
./circuit_plots/Unrestricted Disentangled|Readout|CN=0|B0=2|B1=3|K=1280|L=320|p_B=0.75|p_C=0.75|B=2|eps=0|e6550d4e-6d1e-4f62-89ea-caa9422ff06f/ already exists.
./circuit_plots/Unrestricted Disentangled|Readout|CN=0|B0=2|B1=3|K=1280|L=320|p_B=0.75|p_C=0.75|B=2|eps=0|e6550d4e-6d1e-4f62-89ea-caa9422ff06f/ already exists.
./circuit_plots/Unrestricted Disentangled|Readout|CN=0|B0=2|B1=3|K=1280|L=320|p_B=0.75|p_C=0.75|B=2|eps=0|e6550d4e-6d1e-4f62-89ea-caa9422ff06f/ already exists.
./circuit_plots/Unrestricted Disentangled|Readout|CN=0|B0=2|B1=3|K=1280|L=320|p_B=0.75|p_C=0.75|B=2|eps=0|e6550d4e-6d1e-4f62-89ea-caa9422ff06f/ already exists.
Epoch: 5900, Loss: 5.606851577758789
Test acc: 0.0862, IC acc: 0.0045, IC acc2: 0.0032, IW acc: 0.3396
Epoch: 5901, Loss: 5.592085361480713
Epoch: 5902, Loss: 5.6384782791137695
Epoch: 5903, Loss: 5.6332926750183105
Epoch: 5904, Loss: 5.696702003479004
Epoch: 5905, Loss: 5.600074291229248
Epoch: 5906, Loss: 5.633896827697754
Epoch: 5907, Loss: 5.683353424072266
Epoch: 5908, Loss: 5.69451904296875
Epoch: 5909, Loss: 5.658790588378906
Epoch: 5910, Loss: 5.673703193664551
Test acc: 0.0865, IC acc: 0.0045, IC acc2: 0.0026, IW acc: 0.3423
Epoch: 5911, Loss: 5.600692272186279
Epoch: 5912, Loss: 5.603929042816162
Epoch: 5913, Loss: 5.663726329803467
Epoch: 5914, Loss: 5.680590629577637
Epoch: 5915, Loss: 5.664464473724365
Epoch: 5916, Loss: 5.636682510375977
Epoch: 5917, Loss: 5.631420135498047
Epoch: 5918, Loss: 5.671747207641602
Epoch: 5919, Loss: 5.661653518676758
Epoch: 5920, Loss: 5.591850280761719
Test acc: 0.0862, IC acc: 0.0045, IC acc2: 0.0026, IW acc: 0.3406
Epoch: 5921, Loss: 5.625204086303711
Epoch: 5922, Loss: 5.59067964553833
Epoch: 5923, Loss: 5.668845176696777
Epoch: 5924, Loss: 5.627966403961182
Epoch: 5925, Loss: 5.590069770812988
Epoch: 5926, Loss: 5.628236770629883
Epoch: 5927, Loss: 5.617790699005127
Epoch: 5928, Loss: 5.645683288574219
Epoch: 5929, Loss: 5.612804412841797
Epoch: 5930, Loss: 5.679181098937988
Test acc: 0.0871, IC acc: 0.0045, IC acc2: 0.0026, IW acc: 0.3442
Epoch: 5931, Loss: 5.652322769165039
Epoch: 5932, Loss: 5.691495895385742
Epoch: 5933, Loss: 5.584321975708008
Epoch: 5934, Loss: 5.633334159851074
Epoch: 5935, Loss: 5.609326362609863
Epoch: 5936, Loss: 5.719830513000488
Epoch: 5937, Loss: 5.6247053146362305
Epoch: 5938, Loss: 5.633440017700195
Epoch: 5939, Loss: 5.659130096435547
Epoch: 5940, Loss: 5.620675086975098
Test acc: 0.0877, IC acc: 0.0041, IC acc2: 0.0026, IW acc: 0.346
Epoch: 5941, Loss: 5.6649346351623535
Epoch: 5942, Loss: 5.659143447875977
Epoch: 5943, Loss: 5.702702522277832
Epoch: 5944, Loss: 5.670815467834473
Epoch: 5945, Loss: 5.624374866485596
Epoch: 5946, Loss: 5.630071640014648
Epoch: 5947, Loss: 5.63039493560791
Epoch: 5948, Loss: 5.674798965454102
Epoch: 5949, Loss: 5.686072826385498
./circuit_plots/Unrestricted Disentangled|Readout|CN=0|B0=2|B1=3|K=1280|L=320|p_B=0.75|p_C=0.75|B=2|eps=0|e6550d4e-6d1e-4f62-89ea-caa9422ff06f/ already exists.
./circuit_plots/Unrestricted Disentangled|Readout|CN=0|B0=2|B1=3|K=1280|L=320|p_B=0.75|p_C=0.75|B=2|eps=0|e6550d4e-6d1e-4f62-89ea-caa9422ff06f/ already exists.
./circuit_plots/Unrestricted Disentangled|Readout|CN=0|B0=2|B1=3|K=1280|L=320|p_B=0.75|p_C=0.75|B=2|eps=0|e6550d4e-6d1e-4f62-89ea-caa9422ff06f/ already exists.
./circuit_plots/Unrestricted Disentangled|Readout|CN=0|B0=2|B1=3|K=1280|L=320|p_B=0.75|p_C=0.75|B=2|eps=0|e6550d4e-6d1e-4f62-89ea-caa9422ff06f/ already exists.
./circuit_plots/Unrestricted Disentangled|Readout|CN=0|B0=2|B1=3|K=1280|L=320|p_B=0.75|p_C=0.75|B=2|eps=0|e6550d4e-6d1e-4f62-89ea-caa9422ff06f/ already exists.
./circuit_plots/Unrestricted Disentangled|Readout|CN=0|B0=2|B1=3|K=1280|L=320|p_B=0.75|p_C=0.75|B=2|eps=0|e6550d4e-6d1e-4f62-89ea-caa9422ff06f/ already exists.
./circuit_plots/Unrestricted Disentangled|Readout|CN=0|B0=2|B1=3|K=1280|L=320|p_B=0.75|p_C=0.75|B=2|eps=0|e6550d4e-6d1e-4f62-89ea-caa9422ff06f/ already exists.
Epoch: 5950, Loss: 5.648322582244873
Test acc: 0.088, IC acc: 0.0041, IC acc2: 0.0026, IW acc: 0.3468
Epoch: 5951, Loss: 5.624569892883301
Epoch: 5952, Loss: 5.656102180480957
Epoch: 5953, Loss: 5.627642631530762
Epoch: 5954, Loss: 5.6519670486450195
Epoch: 5955, Loss: 5.661582946777344
Epoch: 5956, Loss: 5.63041877746582
Epoch: 5957, Loss: 5.605547904968262
Epoch: 5958, Loss: 5.613153457641602
Epoch: 5959, Loss: 5.699333667755127
Epoch: 5960, Loss: 5.642139911651611
Test acc: 0.088, IC acc: 0.0041, IC acc2: 0.0026, IW acc: 0.3468
Epoch: 5961, Loss: 5.636699676513672
Epoch: 5962, Loss: 5.689809799194336
Epoch: 5963, Loss: 5.588178634643555
Epoch: 5964, Loss: 5.615761756896973
Epoch: 5965, Loss: 5.521881103515625
Epoch: 5966, Loss: 5.602468490600586
Epoch: 5967, Loss: 5.704724311828613
Epoch: 5968, Loss: 5.634187698364258
Epoch: 5969, Loss: 5.588744640350342
Epoch: 5970, Loss: 5.6677045822143555
Test acc: 0.088, IC acc: 0.0041, IC acc2: 0.0026, IW acc: 0.3461
Epoch: 5971, Loss: 5.617519855499268
Epoch: 5972, Loss: 5.717456817626953
Epoch: 5973, Loss: 5.569807052612305
Epoch: 5974, Loss: 5.624844551086426
Epoch: 5975, Loss: 5.650137901306152
Epoch: 5976, Loss: 5.661920547485352
Epoch: 5977, Loss: 5.636252403259277
Epoch: 5978, Loss: 5.589897155761719
Epoch: 5979, Loss: 5.607579708099365
Epoch: 5980, Loss: 5.706435680389404
Test acc: 0.0885, IC acc: 0.0041, IC acc2: 0.0026, IW acc: 0.348
Epoch: 5981, Loss: 5.748233795166016
Epoch: 5982, Loss: 5.693424224853516
Epoch: 5983, Loss: 5.610154151916504
Epoch: 5984, Loss: 5.634881496429443
Epoch: 5985, Loss: 5.6705322265625
Epoch: 5986, Loss: 5.650232315063477
Epoch: 5987, Loss: 5.608616828918457
Epoch: 5988, Loss: 5.662319183349609
Epoch: 5989, Loss: 5.677669525146484
Epoch: 5990, Loss: 5.60651969909668
Test acc: 0.0887, IC acc: 0.0041, IC acc2: 0.0026, IW acc: 0.3493
Epoch: 5991, Loss: 5.595615386962891
Epoch: 5992, Loss: 5.655284881591797
Epoch: 5993, Loss: 5.650238990783691
Epoch: 5994, Loss: 5.671905517578125
Epoch: 5995, Loss: 5.592473983764648
Epoch: 5996, Loss: 5.650228023529053
Epoch: 5997, Loss: 5.615015029907227
Epoch: 5998, Loss: 5.66466760635376
Epoch: 5999, Loss: 5.597099304199219
./circuit_plots/Unrestricted Disentangled|Readout|CN=0|B0=2|B1=3|K=1280|L=320|p_B=0.75|p_C=0.75|B=2|eps=0|e6550d4e-6d1e-4f62-89ea-caa9422ff06f/ already exists.
./circuit_plots/Unrestricted Disentangled|Readout|CN=0|B0=2|B1=3|K=1280|L=320|p_B=0.75|p_C=0.75|B=2|eps=0|e6550d4e-6d1e-4f62-89ea-caa9422ff06f/ already exists.
./circuit_plots/Unrestricted Disentangled|Readout|CN=0|B0=2|B1=3|K=1280|L=320|p_B=0.75|p_C=0.75|B=2|eps=0|e6550d4e-6d1e-4f62-89ea-caa9422ff06f/ already exists.
./circuit_plots/Unrestricted Disentangled|Readout|CN=0|B0=2|B1=3|K=1280|L=320|p_B=0.75|p_C=0.75|B=2|eps=0|e6550d4e-6d1e-4f62-89ea-caa9422ff06f/ already exists.
./circuit_plots/Unrestricted Disentangled|Readout|CN=0|B0=2|B1=3|K=1280|L=320|p_B=0.75|p_C=0.75|B=2|eps=0|e6550d4e-6d1e-4f62-89ea-caa9422ff06f/ already exists.
./circuit_plots/Unrestricted Disentangled|Readout|CN=0|B0=2|B1=3|K=1280|L=320|p_B=0.75|p_C=0.75|B=2|eps=0|e6550d4e-6d1e-4f62-89ea-caa9422ff06f/ already exists.
./circuit_plots/Unrestricted Disentangled|Readout|CN=0|B0=2|B1=3|K=1280|L=320|p_B=0.75|p_C=0.75|B=2|eps=0|e6550d4e-6d1e-4f62-89ea-caa9422ff06f/ already exists.
Epoch: 6000, Loss: 5.629358291625977
Test acc: 0.0885, IC acc: 0.0045, IC acc2: 0.0026, IW acc: 0.3494
Epoch: 6001, Loss: 5.630083084106445
Epoch: 6002, Loss: 5.64444637298584
Epoch: 6003, Loss: 5.598381996154785
Epoch: 6004, Loss: 5.548671722412109
Epoch: 6005, Loss: 5.619890213012695
Epoch: 6006, Loss: 5.618556022644043
Epoch: 6007, Loss: 5.605540752410889
Epoch: 6008, Loss: 5.612283706665039
Epoch: 6009, Loss: 5.585850715637207
Epoch: 6010, Loss: 5.650932312011719
Test acc: 0.0889, IC acc: 0.0041, IC acc2: 0.0026, IW acc: 0.3495
Epoch: 6011, Loss: 5.627143383026123
Epoch: 6012, Loss: 5.619516849517822
Epoch: 6013, Loss: 5.577845573425293
Epoch: 6014, Loss: 5.636056900024414
Epoch: 6015, Loss: 5.620963096618652
Epoch: 6016, Loss: 5.5594024658203125
Epoch: 6017, Loss: 5.655003547668457
Epoch: 6018, Loss: 5.616941452026367
Epoch: 6019, Loss: 5.620294570922852
Epoch: 6020, Loss: 5.6781463623046875
Test acc: 0.0883, IC acc: 0.0041, IC acc2: 0.0026, IW acc: 0.3492
Epoch: 6021, Loss: 5.620536804199219
Epoch: 6022, Loss: 5.627805233001709
Epoch: 6023, Loss: 5.662540912628174
Epoch: 6024, Loss: 5.67643928527832
Epoch: 6025, Loss: 5.632867336273193
Epoch: 6026, Loss: 5.609783172607422
Epoch: 6027, Loss: 5.646000862121582
Epoch: 6028, Loss: 5.633754730224609
Epoch: 6029, Loss: 5.624711990356445
Epoch: 6030, Loss: 5.622770309448242
Test acc: 0.0895, IC acc: 0.0041, IC acc2: 0.0026, IW acc: 0.3523
Epoch: 6031, Loss: 5.6290740966796875
Epoch: 6032, Loss: 5.631362438201904
Epoch: 6033, Loss: 5.646184921264648
Epoch: 6034, Loss: 5.677524566650391
Epoch: 6035, Loss: 5.655275344848633
Epoch: 6036, Loss: 5.635302543640137
Epoch: 6037, Loss: 5.689074516296387
Epoch: 6038, Loss: 5.601566314697266
Epoch: 6039, Loss: 5.635603904724121
Epoch: 6040, Loss: 5.580617427825928
Test acc: 0.0902, IC acc: 0.0041, IC acc2: 0.0026, IW acc: 0.352
Epoch: 6041, Loss: 5.626115798950195
Epoch: 6042, Loss: 5.5823893547058105
Epoch: 6043, Loss: 5.589877128601074
Epoch: 6044, Loss: 5.639709949493408
Epoch: 6045, Loss: 5.612049102783203
Epoch: 6046, Loss: 5.588271617889404
Epoch: 6047, Loss: 5.6649580001831055
Epoch: 6048, Loss: 5.606253623962402
Epoch: 6049, Loss: 5.662888526916504
./circuit_plots/Unrestricted Disentangled|Readout|CN=0|B0=2|B1=3|K=1280|L=320|p_B=0.75|p_C=0.75|B=2|eps=0|e6550d4e-6d1e-4f62-89ea-caa9422ff06f/ already exists.
./circuit_plots/Unrestricted Disentangled|Readout|CN=0|B0=2|B1=3|K=1280|L=320|p_B=0.75|p_C=0.75|B=2|eps=0|e6550d4e-6d1e-4f62-89ea-caa9422ff06f/ already exists.
./circuit_plots/Unrestricted Disentangled|Readout|CN=0|B0=2|B1=3|K=1280|L=320|p_B=0.75|p_C=0.75|B=2|eps=0|e6550d4e-6d1e-4f62-89ea-caa9422ff06f/ already exists.
./circuit_plots/Unrestricted Disentangled|Readout|CN=0|B0=2|B1=3|K=1280|L=320|p_B=0.75|p_C=0.75|B=2|eps=0|e6550d4e-6d1e-4f62-89ea-caa9422ff06f/ already exists.
./circuit_plots/Unrestricted Disentangled|Readout|CN=0|B0=2|B1=3|K=1280|L=320|p_B=0.75|p_C=0.75|B=2|eps=0|e6550d4e-6d1e-4f62-89ea-caa9422ff06f/ already exists.
./circuit_plots/Unrestricted Disentangled|Readout|CN=0|B0=2|B1=3|K=1280|L=320|p_B=0.75|p_C=0.75|B=2|eps=0|e6550d4e-6d1e-4f62-89ea-caa9422ff06f/ already exists.
./circuit_plots/Unrestricted Disentangled|Readout|CN=0|B0=2|B1=3|K=1280|L=320|p_B=0.75|p_C=0.75|B=2|eps=0|e6550d4e-6d1e-4f62-89ea-caa9422ff06f/ already exists.
Epoch: 6050, Loss: 5.696300983428955
Test acc: 0.0916, IC acc: 0.0041, IC acc2: 0.0026, IW acc: 0.3571
Epoch: 6051, Loss: 5.645098686218262
Epoch: 6052, Loss: 5.634071350097656
Epoch: 6053, Loss: 5.651078224182129
Epoch: 6054, Loss: 5.604569435119629
Epoch: 6055, Loss: 5.675694465637207
Epoch: 6056, Loss: 5.665765762329102
Epoch: 6057, Loss: 5.687869071960449
Epoch: 6058, Loss: 5.596343040466309
Epoch: 6059, Loss: 5.608335494995117
Epoch: 6060, Loss: 5.686122894287109
Test acc: 0.0921, IC acc: 0.0045, IC acc2: 0.0026, IW acc: 0.3591
Epoch: 6061, Loss: 5.646183490753174
Epoch: 6062, Loss: 5.569686412811279
Epoch: 6063, Loss: 5.657042503356934
Epoch: 6064, Loss: 5.639424800872803
Epoch: 6065, Loss: 5.7110137939453125
Epoch: 6066, Loss: 5.684540271759033
Epoch: 6067, Loss: 5.64463472366333
Epoch: 6068, Loss: 5.617547512054443
Epoch: 6069, Loss: 5.61090087890625
Epoch: 6070, Loss: 5.685502529144287
Test acc: 0.0927, IC acc: 0.0045, IC acc2: 0.0026, IW acc: 0.3606
Epoch: 6071, Loss: 5.738866806030273
Epoch: 6072, Loss: 5.702171325683594
Epoch: 6073, Loss: 5.681534767150879
Epoch: 6074, Loss: 5.588065147399902
Epoch: 6075, Loss: 5.577566146850586
Epoch: 6076, Loss: 5.572145462036133
Epoch: 6077, Loss: 5.61308479309082
Epoch: 6078, Loss: 5.57780647277832
Epoch: 6079, Loss: 5.591526031494141
Epoch: 6080, Loss: 5.650386810302734
Test acc: 0.0927, IC acc: 0.0045, IC acc2: 0.0026, IW acc: 0.3619
Epoch: 6081, Loss: 5.611755847930908
Epoch: 6082, Loss: 5.709381103515625
Epoch: 6083, Loss: 5.637079238891602
Epoch: 6084, Loss: 5.592439651489258
Epoch: 6085, Loss: 5.674567222595215
Epoch: 6086, Loss: 5.657389163970947
Epoch: 6087, Loss: 5.6239166259765625
Epoch: 6088, Loss: 5.662693500518799
Epoch: 6089, Loss: 5.640127182006836
Epoch: 6090, Loss: 5.681431770324707
Test acc: 0.0933, IC acc: 0.0045, IC acc2: 0.0026, IW acc: 0.3604
Epoch: 6091, Loss: 5.599081993103027
Epoch: 6092, Loss: 5.621622085571289
Epoch: 6093, Loss: 5.666214942932129
Epoch: 6094, Loss: 5.651004314422607
Epoch: 6095, Loss: 5.598904609680176
Epoch: 6096, Loss: 5.650483131408691
Epoch: 6097, Loss: 5.6399312019348145
Epoch: 6098, Loss: 5.604770660400391
Epoch: 6099, Loss: 5.617403984069824
./circuit_plots/Unrestricted Disentangled|Readout|CN=0|B0=2|B1=3|K=1280|L=320|p_B=0.75|p_C=0.75|B=2|eps=0|e6550d4e-6d1e-4f62-89ea-caa9422ff06f/ already exists.
./circuit_plots/Unrestricted Disentangled|Readout|CN=0|B0=2|B1=3|K=1280|L=320|p_B=0.75|p_C=0.75|B=2|eps=0|e6550d4e-6d1e-4f62-89ea-caa9422ff06f/ already exists.
./circuit_plots/Unrestricted Disentangled|Readout|CN=0|B0=2|B1=3|K=1280|L=320|p_B=0.75|p_C=0.75|B=2|eps=0|e6550d4e-6d1e-4f62-89ea-caa9422ff06f/ already exists.
./circuit_plots/Unrestricted Disentangled|Readout|CN=0|B0=2|B1=3|K=1280|L=320|p_B=0.75|p_C=0.75|B=2|eps=0|e6550d4e-6d1e-4f62-89ea-caa9422ff06f/ already exists.
./circuit_plots/Unrestricted Disentangled|Readout|CN=0|B0=2|B1=3|K=1280|L=320|p_B=0.75|p_C=0.75|B=2|eps=0|e6550d4e-6d1e-4f62-89ea-caa9422ff06f/ already exists.
./circuit_plots/Unrestricted Disentangled|Readout|CN=0|B0=2|B1=3|K=1280|L=320|p_B=0.75|p_C=0.75|B=2|eps=0|e6550d4e-6d1e-4f62-89ea-caa9422ff06f/ already exists.
./circuit_plots/Unrestricted Disentangled|Readout|CN=0|B0=2|B1=3|K=1280|L=320|p_B=0.75|p_C=0.75|B=2|eps=0|e6550d4e-6d1e-4f62-89ea-caa9422ff06f/ already exists.
Epoch: 6100, Loss: 5.592438697814941
Test acc: 0.0936, IC acc: 0.0045, IC acc2: 0.0026, IW acc: 0.3621
Epoch: 6101, Loss: 5.5757646560668945
Epoch: 6102, Loss: 5.706325531005859
Epoch: 6103, Loss: 5.655651569366455
Epoch: 6104, Loss: 5.672656059265137
Epoch: 6105, Loss: 5.670727729797363
Epoch: 6106, Loss: 5.629101276397705
Epoch: 6107, Loss: 5.624459266662598
Epoch: 6108, Loss: 5.624314308166504
Epoch: 6109, Loss: 5.6341872215271
Epoch: 6110, Loss: 5.641530513763428
Test acc: 0.0941, IC acc: 0.0045, IC acc2: 0.0026, IW acc: 0.3643
Epoch: 6111, Loss: 5.596418857574463
Epoch: 6112, Loss: 5.671879768371582
Epoch: 6113, Loss: 5.658924102783203
Epoch: 6114, Loss: 5.646080017089844
Epoch: 6115, Loss: 5.640563011169434
Epoch: 6116, Loss: 5.545172691345215
Epoch: 6117, Loss: 5.6739091873168945
Epoch: 6118, Loss: 5.6563286781311035
Epoch: 6119, Loss: 5.70674991607666
Epoch: 6120, Loss: 5.593016147613525
Test acc: 0.0938, IC acc: 0.0045, IC acc2: 0.0026, IW acc: 0.3631
Epoch: 6121, Loss: 5.6609416007995605
Epoch: 6122, Loss: 5.646516799926758
Epoch: 6123, Loss: 5.610333442687988
Epoch: 6124, Loss: 5.624977111816406
Epoch: 6125, Loss: 5.66142463684082
Epoch: 6126, Loss: 5.650546073913574
Epoch: 6127, Loss: 5.61650276184082
Epoch: 6128, Loss: 5.572625637054443
Epoch: 6129, Loss: 5.598846435546875
Epoch: 6130, Loss: 5.628803253173828
Test acc: 0.095, IC acc: 0.0045, IC acc2: 0.0026, IW acc: 0.3676
Epoch: 6131, Loss: 5.625344276428223
Epoch: 6132, Loss: 5.637742042541504
Epoch: 6133, Loss: 5.620748043060303
Epoch: 6134, Loss: 5.660887718200684
Epoch: 6135, Loss: 5.679808616638184
Epoch: 6136, Loss: 5.615396976470947
Epoch: 6137, Loss: 5.666338920593262
Epoch: 6138, Loss: 5.609031677246094
Epoch: 6139, Loss: 5.66836404800415
Epoch: 6140, Loss: 5.654870510101318
Test acc: 0.0948, IC acc: 0.0045, IC acc2: 0.0026, IW acc: 0.3672
Epoch: 6141, Loss: 5.639525413513184
Epoch: 6142, Loss: 5.625794887542725
Epoch: 6143, Loss: 5.683732986450195
Epoch: 6144, Loss: 5.698737621307373
Epoch: 6145, Loss: 5.666786193847656
Epoch: 6146, Loss: 5.6864471435546875
Epoch: 6147, Loss: 5.597869873046875
Epoch: 6148, Loss: 5.661273956298828
Epoch: 6149, Loss: 5.587583065032959
./circuit_plots/Unrestricted Disentangled|Readout|CN=0|B0=2|B1=3|K=1280|L=320|p_B=0.75|p_C=0.75|B=2|eps=0|e6550d4e-6d1e-4f62-89ea-caa9422ff06f/ already exists.
./circuit_plots/Unrestricted Disentangled|Readout|CN=0|B0=2|B1=3|K=1280|L=320|p_B=0.75|p_C=0.75|B=2|eps=0|e6550d4e-6d1e-4f62-89ea-caa9422ff06f/ already exists.
./circuit_plots/Unrestricted Disentangled|Readout|CN=0|B0=2|B1=3|K=1280|L=320|p_B=0.75|p_C=0.75|B=2|eps=0|e6550d4e-6d1e-4f62-89ea-caa9422ff06f/ already exists.
./circuit_plots/Unrestricted Disentangled|Readout|CN=0|B0=2|B1=3|K=1280|L=320|p_B=0.75|p_C=0.75|B=2|eps=0|e6550d4e-6d1e-4f62-89ea-caa9422ff06f/ already exists.
./circuit_plots/Unrestricted Disentangled|Readout|CN=0|B0=2|B1=3|K=1280|L=320|p_B=0.75|p_C=0.75|B=2|eps=0|e6550d4e-6d1e-4f62-89ea-caa9422ff06f/ already exists.
./circuit_plots/Unrestricted Disentangled|Readout|CN=0|B0=2|B1=3|K=1280|L=320|p_B=0.75|p_C=0.75|B=2|eps=0|e6550d4e-6d1e-4f62-89ea-caa9422ff06f/ already exists.
./circuit_plots/Unrestricted Disentangled|Readout|CN=0|B0=2|B1=3|K=1280|L=320|p_B=0.75|p_C=0.75|B=2|eps=0|e6550d4e-6d1e-4f62-89ea-caa9422ff06f/ already exists.
Epoch: 6150, Loss: 5.632365703582764
Test acc: 0.0949, IC acc: 0.0045, IC acc2: 0.0026, IW acc: 0.3686
Epoch: 6151, Loss: 5.61167049407959
Epoch: 6152, Loss: 5.6307477951049805
Epoch: 6153, Loss: 5.622899055480957
Epoch: 6154, Loss: 5.633452415466309
Epoch: 6155, Loss: 5.69875431060791
Epoch: 6156, Loss: 5.6168341636657715
Epoch: 6157, Loss: 5.663891315460205
Epoch: 6158, Loss: 5.604659080505371
Epoch: 6159, Loss: 5.602612495422363
Epoch: 6160, Loss: 5.684233665466309
Test acc: 0.0948, IC acc: 0.0045, IC acc2: 0.0026, IW acc: 0.3676
Epoch: 6161, Loss: 5.649410247802734
Epoch: 6162, Loss: 5.62835693359375
Epoch: 6163, Loss: 5.615796089172363
Epoch: 6164, Loss: 5.616113662719727
Epoch: 6165, Loss: 5.623464584350586
Epoch: 6166, Loss: 5.618086814880371
Epoch: 6167, Loss: 5.629637718200684
Epoch: 6168, Loss: 5.684750080108643
Epoch: 6169, Loss: 5.583617687225342
Epoch: 6170, Loss: 5.691646575927734
Test acc: 0.0948, IC acc: 0.0045, IC acc2: 0.0026, IW acc: 0.3695
Epoch: 6171, Loss: 5.639304161071777
Epoch: 6172, Loss: 5.638315200805664
Epoch: 6173, Loss: 5.670417785644531
Epoch: 6174, Loss: 5.579753875732422
Epoch: 6175, Loss: 5.6250176429748535
Epoch: 6176, Loss: 5.607269287109375
Epoch: 6177, Loss: 5.630674362182617
Epoch: 6178, Loss: 5.626863956451416
Epoch: 6179, Loss: 5.678130149841309
Epoch: 6180, Loss: 5.604933738708496
Test acc: 0.0948, IC acc: 0.0045, IC acc2: 0.0026, IW acc: 0.3699
Epoch: 6181, Loss: 5.5851149559021
Epoch: 6182, Loss: 5.6698317527771
Epoch: 6183, Loss: 5.601474761962891
Epoch: 6184, Loss: 5.6204328536987305
Epoch: 6185, Loss: 5.622610569000244
Epoch: 6186, Loss: 5.609884262084961
Epoch: 6187, Loss: 5.750710487365723
Epoch: 6188, Loss: 5.679296493530273
Epoch: 6189, Loss: 5.61680793762207
Epoch: 6190, Loss: 5.591457366943359
Test acc: 0.0946, IC acc: 0.0045, IC acc2: 0.0026, IW acc: 0.3678
Epoch: 6191, Loss: 5.617071628570557
Epoch: 6192, Loss: 5.6222052574157715
Epoch: 6193, Loss: 5.662498950958252
Epoch: 6194, Loss: 5.650965690612793
Epoch: 6195, Loss: 5.708317756652832
Epoch: 6196, Loss: 5.638018608093262
Epoch: 6197, Loss: 5.698443412780762
Epoch: 6198, Loss: 5.639768123626709
Epoch: 6199, Loss: 5.589871406555176
./circuit_plots/Unrestricted Disentangled|Readout|CN=0|B0=2|B1=3|K=1280|L=320|p_B=0.75|p_C=0.75|B=2|eps=0|e6550d4e-6d1e-4f62-89ea-caa9422ff06f/ already exists.
./circuit_plots/Unrestricted Disentangled|Readout|CN=0|B0=2|B1=3|K=1280|L=320|p_B=0.75|p_C=0.75|B=2|eps=0|e6550d4e-6d1e-4f62-89ea-caa9422ff06f/ already exists.
./circuit_plots/Unrestricted Disentangled|Readout|CN=0|B0=2|B1=3|K=1280|L=320|p_B=0.75|p_C=0.75|B=2|eps=0|e6550d4e-6d1e-4f62-89ea-caa9422ff06f/ already exists.
./circuit_plots/Unrestricted Disentangled|Readout|CN=0|B0=2|B1=3|K=1280|L=320|p_B=0.75|p_C=0.75|B=2|eps=0|e6550d4e-6d1e-4f62-89ea-caa9422ff06f/ already exists.
./circuit_plots/Unrestricted Disentangled|Readout|CN=0|B0=2|B1=3|K=1280|L=320|p_B=0.75|p_C=0.75|B=2|eps=0|e6550d4e-6d1e-4f62-89ea-caa9422ff06f/ already exists.
./circuit_plots/Unrestricted Disentangled|Readout|CN=0|B0=2|B1=3|K=1280|L=320|p_B=0.75|p_C=0.75|B=2|eps=0|e6550d4e-6d1e-4f62-89ea-caa9422ff06f/ already exists.
./circuit_plots/Unrestricted Disentangled|Readout|CN=0|B0=2|B1=3|K=1280|L=320|p_B=0.75|p_C=0.75|B=2|eps=0|e6550d4e-6d1e-4f62-89ea-caa9422ff06f/ already exists.
Epoch: 6200, Loss: 5.6537370681762695
Test acc: 0.095, IC acc: 0.0045, IC acc2: 0.0026, IW acc: 0.369
Epoch: 6201, Loss: 5.653390884399414
Epoch: 6202, Loss: 5.659503936767578
Epoch: 6203, Loss: 5.664626598358154
Epoch: 6204, Loss: 5.628840446472168
Epoch: 6205, Loss: 5.6675519943237305
Epoch: 6206, Loss: 5.664090156555176
Epoch: 6207, Loss: 5.583801746368408
Epoch: 6208, Loss: 5.690503120422363
Epoch: 6209, Loss: 5.659341812133789
Epoch: 6210, Loss: 5.629317760467529
Test acc: 0.0948, IC acc: 0.0045, IC acc2: 0.0026, IW acc: 0.3681
Epoch: 6211, Loss: 5.59946870803833
Epoch: 6212, Loss: 5.628973007202148
Epoch: 6213, Loss: 5.732190132141113
Epoch: 6214, Loss: 5.6489481925964355
Epoch: 6215, Loss: 5.6446380615234375
Epoch: 6216, Loss: 5.6324872970581055
Epoch: 6217, Loss: 5.643999099731445
Epoch: 6218, Loss: 5.619111061096191
Epoch: 6219, Loss: 5.705467224121094
Epoch: 6220, Loss: 5.642919540405273
Test acc: 0.0948, IC acc: 0.0045, IC acc2: 0.0026, IW acc: 0.3685
Epoch: 6221, Loss: 5.575842380523682
Epoch: 6222, Loss: 5.617372512817383
Epoch: 6223, Loss: 5.651066303253174
Epoch: 6224, Loss: 5.633388519287109
Epoch: 6225, Loss: 5.5899481773376465
Epoch: 6226, Loss: 5.6594438552856445
Epoch: 6227, Loss: 5.642395973205566
Epoch: 6228, Loss: 5.559605598449707
Epoch: 6229, Loss: 5.557659149169922
Epoch: 6230, Loss: 5.604087829589844
Test acc: 0.0957, IC acc: 0.0045, IC acc2: 0.0026, IW acc: 0.3698
Epoch: 6231, Loss: 5.563521385192871
Epoch: 6232, Loss: 5.617066383361816
Epoch: 6233, Loss: 5.611384391784668
Epoch: 6234, Loss: 5.627830505371094
Epoch: 6235, Loss: 5.551678657531738
Epoch: 6236, Loss: 5.643582344055176
Epoch: 6237, Loss: 5.642184257507324
Epoch: 6238, Loss: 5.676874160766602
Epoch: 6239, Loss: 5.633633613586426
Epoch: 6240, Loss: 5.611242771148682
Test acc: 0.0956, IC acc: 0.0045, IC acc2: 0.0026, IW acc: 0.3701
Epoch: 6241, Loss: 5.6034746170043945
Epoch: 6242, Loss: 5.625075340270996
Epoch: 6243, Loss: 5.611009120941162
Epoch: 6244, Loss: 5.631566047668457
Epoch: 6245, Loss: 5.648807048797607
Epoch: 6246, Loss: 5.643313407897949
Epoch: 6247, Loss: 5.624392509460449
Epoch: 6248, Loss: 5.681820392608643
Epoch: 6249, Loss: 5.609575271606445
./circuit_plots/Unrestricted Disentangled|Readout|CN=0|B0=2|B1=3|K=1280|L=320|p_B=0.75|p_C=0.75|B=2|eps=0|e6550d4e-6d1e-4f62-89ea-caa9422ff06f/ already exists.
./circuit_plots/Unrestricted Disentangled|Readout|CN=0|B0=2|B1=3|K=1280|L=320|p_B=0.75|p_C=0.75|B=2|eps=0|e6550d4e-6d1e-4f62-89ea-caa9422ff06f/ already exists.
./circuit_plots/Unrestricted Disentangled|Readout|CN=0|B0=2|B1=3|K=1280|L=320|p_B=0.75|p_C=0.75|B=2|eps=0|e6550d4e-6d1e-4f62-89ea-caa9422ff06f/ already exists.
./circuit_plots/Unrestricted Disentangled|Readout|CN=0|B0=2|B1=3|K=1280|L=320|p_B=0.75|p_C=0.75|B=2|eps=0|e6550d4e-6d1e-4f62-89ea-caa9422ff06f/ already exists.
./circuit_plots/Unrestricted Disentangled|Readout|CN=0|B0=2|B1=3|K=1280|L=320|p_B=0.75|p_C=0.75|B=2|eps=0|e6550d4e-6d1e-4f62-89ea-caa9422ff06f/ already exists.
./circuit_plots/Unrestricted Disentangled|Readout|CN=0|B0=2|B1=3|K=1280|L=320|p_B=0.75|p_C=0.75|B=2|eps=0|e6550d4e-6d1e-4f62-89ea-caa9422ff06f/ already exists.
./circuit_plots/Unrestricted Disentangled|Readout|CN=0|B0=2|B1=3|K=1280|L=320|p_B=0.75|p_C=0.75|B=2|eps=0|e6550d4e-6d1e-4f62-89ea-caa9422ff06f/ already exists.
Epoch: 6250, Loss: 5.603664875030518
Test acc: 0.0964, IC acc: 0.0045, IC acc2: 0.0018, IW acc: 0.3726
Epoch: 6251, Loss: 5.647945880889893
Epoch: 6252, Loss: 5.684405326843262
Epoch: 6253, Loss: 5.653611183166504
Epoch: 6254, Loss: 5.611035346984863
Epoch: 6255, Loss: 5.634866714477539
Epoch: 6256, Loss: 5.694605827331543
Epoch: 6257, Loss: 5.689290523529053
Epoch: 6258, Loss: 5.613408088684082
Epoch: 6259, Loss: 5.6525702476501465
Epoch: 6260, Loss: 5.631162643432617
Test acc: 0.0964, IC acc: 0.0045, IC acc2: 0.0018, IW acc: 0.3744
Epoch: 6261, Loss: 5.706751823425293
Epoch: 6262, Loss: 5.652122497558594
Epoch: 6263, Loss: 5.568185806274414
Epoch: 6264, Loss: 5.64607572555542
Epoch: 6265, Loss: 5.662602424621582
Epoch: 6266, Loss: 5.59723424911499
Epoch: 6267, Loss: 5.665070056915283
Epoch: 6268, Loss: 5.659568786621094
Epoch: 6269, Loss: 5.65592098236084
Epoch: 6270, Loss: 5.586744785308838
Test acc: 0.0961, IC acc: 0.0045, IC acc2: 0.0018, IW acc: 0.3719
Epoch: 6271, Loss: 5.615780830383301
Epoch: 6272, Loss: 5.560470104217529
Epoch: 6273, Loss: 5.604294776916504
Epoch: 6274, Loss: 5.605127334594727
Epoch: 6275, Loss: 5.653294563293457
Epoch: 6276, Loss: 5.573260307312012
Epoch: 6277, Loss: 5.646060943603516
Epoch: 6278, Loss: 5.649145126342773
Epoch: 6279, Loss: 5.626203536987305
Epoch: 6280, Loss: 5.673684120178223
Test acc: 0.0959, IC acc: 0.0045, IC acc2: 0.0018, IW acc: 0.3725
Epoch: 6281, Loss: 5.609250068664551
Epoch: 6282, Loss: 5.625699043273926
Epoch: 6283, Loss: 5.629711151123047
Epoch: 6284, Loss: 5.626097679138184
Epoch: 6285, Loss: 5.649961948394775
Epoch: 6286, Loss: 5.66272497177124
Epoch: 6287, Loss: 5.711661338806152
Epoch: 6288, Loss: 5.579991340637207
Epoch: 6289, Loss: 5.607732772827148
Epoch: 6290, Loss: 5.604376792907715
Test acc: 0.0966, IC acc: 0.0045, IC acc2: 0.0018, IW acc: 0.3737
Epoch: 6291, Loss: 5.6722636222839355
Epoch: 6292, Loss: 5.6956353187561035
Epoch: 6293, Loss: 5.565061569213867
Epoch: 6294, Loss: 5.619161605834961
Epoch: 6295, Loss: 5.636058807373047
Epoch: 6296, Loss: 5.577866077423096
Epoch: 6297, Loss: 5.604190826416016
Epoch: 6298, Loss: 5.594388008117676
Epoch: 6299, Loss: 5.661048889160156
./circuit_plots/Unrestricted Disentangled|Readout|CN=0|B0=2|B1=3|K=1280|L=320|p_B=0.75|p_C=0.75|B=2|eps=0|e6550d4e-6d1e-4f62-89ea-caa9422ff06f/ already exists.
./circuit_plots/Unrestricted Disentangled|Readout|CN=0|B0=2|B1=3|K=1280|L=320|p_B=0.75|p_C=0.75|B=2|eps=0|e6550d4e-6d1e-4f62-89ea-caa9422ff06f/ already exists.
./circuit_plots/Unrestricted Disentangled|Readout|CN=0|B0=2|B1=3|K=1280|L=320|p_B=0.75|p_C=0.75|B=2|eps=0|e6550d4e-6d1e-4f62-89ea-caa9422ff06f/ already exists.
./circuit_plots/Unrestricted Disentangled|Readout|CN=0|B0=2|B1=3|K=1280|L=320|p_B=0.75|p_C=0.75|B=2|eps=0|e6550d4e-6d1e-4f62-89ea-caa9422ff06f/ already exists.
./circuit_plots/Unrestricted Disentangled|Readout|CN=0|B0=2|B1=3|K=1280|L=320|p_B=0.75|p_C=0.75|B=2|eps=0|e6550d4e-6d1e-4f62-89ea-caa9422ff06f/ already exists.
./circuit_plots/Unrestricted Disentangled|Readout|CN=0|B0=2|B1=3|K=1280|L=320|p_B=0.75|p_C=0.75|B=2|eps=0|e6550d4e-6d1e-4f62-89ea-caa9422ff06f/ already exists.
./circuit_plots/Unrestricted Disentangled|Readout|CN=0|B0=2|B1=3|K=1280|L=320|p_B=0.75|p_C=0.75|B=2|eps=0|e6550d4e-6d1e-4f62-89ea-caa9422ff06f/ already exists.
Epoch: 6300, Loss: 5.659905433654785
Test acc: 0.0962, IC acc: 0.0045, IC acc2: 0.0018, IW acc: 0.3736
Epoch: 6301, Loss: 5.684726715087891
Epoch: 6302, Loss: 5.5832438468933105
Epoch: 6303, Loss: 5.587892532348633
Epoch: 6304, Loss: 5.596219539642334
Epoch: 6305, Loss: 5.695564270019531
Epoch: 6306, Loss: 5.6294121742248535
Epoch: 6307, Loss: 5.6476335525512695
Epoch: 6308, Loss: 5.578259468078613
Epoch: 6309, Loss: 5.595455169677734
Epoch: 6310, Loss: 5.651257038116455
Test acc: 0.0983, IC acc: 0.0045, IC acc2: 0.0018, IW acc: 0.3801
Epoch: 6311, Loss: 5.6136884689331055
Epoch: 6312, Loss: 5.6470842361450195
Epoch: 6313, Loss: 5.646689414978027
Epoch: 6314, Loss: 5.576163291931152
Epoch: 6315, Loss: 5.688917636871338
Epoch: 6316, Loss: 5.602671146392822
Epoch: 6317, Loss: 5.696303367614746
Epoch: 6318, Loss: 5.602719306945801
Epoch: 6319, Loss: 5.62993860244751
Epoch: 6320, Loss: 5.604318141937256
Test acc: 0.0997, IC acc: 0.0045, IC acc2: 0.0018, IW acc: 0.3861
Epoch: 6321, Loss: 5.62962532043457
Epoch: 6322, Loss: 5.6994218826293945
Epoch: 6323, Loss: 5.664579391479492
Epoch: 6324, Loss: 5.69207763671875
Epoch: 6325, Loss: 5.716403961181641
Epoch: 6326, Loss: 5.634031295776367
Epoch: 6327, Loss: 5.600355625152588
Epoch: 6328, Loss: 5.5811004638671875
Epoch: 6329, Loss: 5.597532272338867
Epoch: 6330, Loss: 5.576444149017334
Test acc: 0.0994, IC acc: 0.0045, IC acc2: 0.0026, IW acc: 0.3854
Epoch: 6331, Loss: 5.675821304321289
Epoch: 6332, Loss: 5.6400227546691895
Epoch: 6333, Loss: 5.669434547424316
Epoch: 6334, Loss: 5.667156219482422
Epoch: 6335, Loss: 5.670596599578857
Epoch: 6336, Loss: 5.659975051879883
Epoch: 6337, Loss: 5.712895393371582
Epoch: 6338, Loss: 5.6142144203186035
Epoch: 6339, Loss: 5.557168006896973
Epoch: 6340, Loss: 5.567160606384277
Test acc: 0.0997, IC acc: 0.0045, IC acc2: 0.0018, IW acc: 0.3875
Epoch: 6341, Loss: 5.618527412414551
Epoch: 6342, Loss: 5.617696762084961
Epoch: 6343, Loss: 5.629467010498047
Epoch: 6344, Loss: 5.606256008148193
Epoch: 6345, Loss: 5.656489372253418
Epoch: 6346, Loss: 5.600913047790527
Epoch: 6347, Loss: 5.654317855834961
Epoch: 6348, Loss: 5.600983142852783
Epoch: 6349, Loss: 5.6129469871521
./circuit_plots/Unrestricted Disentangled|Readout|CN=0|B0=2|B1=3|K=1280|L=320|p_B=0.75|p_C=0.75|B=2|eps=0|e6550d4e-6d1e-4f62-89ea-caa9422ff06f/ already exists.
./circuit_plots/Unrestricted Disentangled|Readout|CN=0|B0=2|B1=3|K=1280|L=320|p_B=0.75|p_C=0.75|B=2|eps=0|e6550d4e-6d1e-4f62-89ea-caa9422ff06f/ already exists.
./circuit_plots/Unrestricted Disentangled|Readout|CN=0|B0=2|B1=3|K=1280|L=320|p_B=0.75|p_C=0.75|B=2|eps=0|e6550d4e-6d1e-4f62-89ea-caa9422ff06f/ already exists.
./circuit_plots/Unrestricted Disentangled|Readout|CN=0|B0=2|B1=3|K=1280|L=320|p_B=0.75|p_C=0.75|B=2|eps=0|e6550d4e-6d1e-4f62-89ea-caa9422ff06f/ already exists.
./circuit_plots/Unrestricted Disentangled|Readout|CN=0|B0=2|B1=3|K=1280|L=320|p_B=0.75|p_C=0.75|B=2|eps=0|e6550d4e-6d1e-4f62-89ea-caa9422ff06f/ already exists.
./circuit_plots/Unrestricted Disentangled|Readout|CN=0|B0=2|B1=3|K=1280|L=320|p_B=0.75|p_C=0.75|B=2|eps=0|e6550d4e-6d1e-4f62-89ea-caa9422ff06f/ already exists.
./circuit_plots/Unrestricted Disentangled|Readout|CN=0|B0=2|B1=3|K=1280|L=320|p_B=0.75|p_C=0.75|B=2|eps=0|e6550d4e-6d1e-4f62-89ea-caa9422ff06f/ already exists.
Epoch: 6350, Loss: 5.610102653503418
Test acc: 0.0996, IC acc: 0.0035, IC acc2: 0.0018, IW acc: 0.3871
Epoch: 6351, Loss: 5.669314384460449
Epoch: 6352, Loss: 5.6330132484436035
Epoch: 6353, Loss: 5.568864822387695
Epoch: 6354, Loss: 5.607586860656738
Epoch: 6355, Loss: 5.732817649841309
Epoch: 6356, Loss: 5.6146769523620605
Epoch: 6357, Loss: 5.6704206466674805
Epoch: 6358, Loss: 5.659131050109863
Epoch: 6359, Loss: 5.624517440795898
Epoch: 6360, Loss: 5.623213291168213
Test acc: 0.0995, IC acc: 0.0045, IC acc2: 0.0018, IW acc: 0.3866
Epoch: 6361, Loss: 5.62208890914917
Epoch: 6362, Loss: 5.617305278778076
Epoch: 6363, Loss: 5.628445148468018
Epoch: 6364, Loss: 5.624971389770508
Epoch: 6365, Loss: 5.65966796875
Epoch: 6366, Loss: 5.675206661224365
Epoch: 6367, Loss: 5.605861663818359
Epoch: 6368, Loss: 5.614723205566406
Epoch: 6369, Loss: 5.592158794403076
Epoch: 6370, Loss: 5.596152305603027
Test acc: 0.1001, IC acc: 0.0045, IC acc2: 0.0018, IW acc: 0.3877
Epoch: 6371, Loss: 5.5916571617126465
Epoch: 6372, Loss: 5.63198709487915
Epoch: 6373, Loss: 5.666217803955078
Epoch: 6374, Loss: 5.617741584777832
Epoch: 6375, Loss: 5.593548774719238
Epoch: 6376, Loss: 5.586272239685059
Epoch: 6377, Loss: 5.592416286468506
Epoch: 6378, Loss: 5.579218864440918
Epoch: 6379, Loss: 5.632879257202148
Epoch: 6380, Loss: 5.639710426330566
Test acc: 0.1, IC acc: 0.0045, IC acc2: 0.0018, IW acc: 0.3878
Epoch: 6381, Loss: 5.602047920227051
Epoch: 6382, Loss: 5.623098373413086
Epoch: 6383, Loss: 5.628256797790527
Epoch: 6384, Loss: 5.617556095123291
Epoch: 6385, Loss: 5.600553035736084
Epoch: 6386, Loss: 5.624820709228516
Epoch: 6387, Loss: 5.691526412963867
Epoch: 6388, Loss: 5.581194877624512
Epoch: 6389, Loss: 5.608925819396973
Epoch: 6390, Loss: 5.609197616577148
Test acc: 0.1001, IC acc: 0.0045, IC acc2: 0.0018, IW acc: 0.3887
Epoch: 6391, Loss: 5.61032772064209
Epoch: 6392, Loss: 5.604616165161133
Epoch: 6393, Loss: 5.615964889526367
Epoch: 6394, Loss: 5.649485111236572
Epoch: 6395, Loss: 5.625617027282715
Epoch: 6396, Loss: 5.715747833251953
Epoch: 6397, Loss: 5.7128705978393555
Epoch: 6398, Loss: 5.655226230621338
Epoch: 6399, Loss: 5.651046276092529
./circuit_plots/Unrestricted Disentangled|Readout|CN=0|B0=2|B1=3|K=1280|L=320|p_B=0.75|p_C=0.75|B=2|eps=0|e6550d4e-6d1e-4f62-89ea-caa9422ff06f/ already exists.
./circuit_plots/Unrestricted Disentangled|Readout|CN=0|B0=2|B1=3|K=1280|L=320|p_B=0.75|p_C=0.75|B=2|eps=0|e6550d4e-6d1e-4f62-89ea-caa9422ff06f/ already exists.
./circuit_plots/Unrestricted Disentangled|Readout|CN=0|B0=2|B1=3|K=1280|L=320|p_B=0.75|p_C=0.75|B=2|eps=0|e6550d4e-6d1e-4f62-89ea-caa9422ff06f/ already exists.
./circuit_plots/Unrestricted Disentangled|Readout|CN=0|B0=2|B1=3|K=1280|L=320|p_B=0.75|p_C=0.75|B=2|eps=0|e6550d4e-6d1e-4f62-89ea-caa9422ff06f/ already exists.
./circuit_plots/Unrestricted Disentangled|Readout|CN=0|B0=2|B1=3|K=1280|L=320|p_B=0.75|p_C=0.75|B=2|eps=0|e6550d4e-6d1e-4f62-89ea-caa9422ff06f/ already exists.
./circuit_plots/Unrestricted Disentangled|Readout|CN=0|B0=2|B1=3|K=1280|L=320|p_B=0.75|p_C=0.75|B=2|eps=0|e6550d4e-6d1e-4f62-89ea-caa9422ff06f/ already exists.
./circuit_plots/Unrestricted Disentangled|Readout|CN=0|B0=2|B1=3|K=1280|L=320|p_B=0.75|p_C=0.75|B=2|eps=0|e6550d4e-6d1e-4f62-89ea-caa9422ff06f/ already exists.
Epoch: 6400, Loss: 5.56306266784668
Test acc: 0.1004, IC acc: 0.0045, IC acc2: 0.0009, IW acc: 0.3896
Epoch: 6401, Loss: 5.631571292877197
Epoch: 6402, Loss: 5.6401824951171875
Epoch: 6403, Loss: 5.57852840423584
Epoch: 6404, Loss: 5.595802307128906
Epoch: 6405, Loss: 5.664458274841309
Epoch: 6406, Loss: 5.621889591217041
Epoch: 6407, Loss: 5.6988372802734375
Epoch: 6408, Loss: 5.6540985107421875
Epoch: 6409, Loss: 5.625810146331787
Epoch: 6410, Loss: 5.630543231964111
Test acc: 0.1007, IC acc: 0.0045, IC acc2: 0.0009, IW acc: 0.3912
Epoch: 6411, Loss: 5.599732875823975
Epoch: 6412, Loss: 5.635185241699219
Epoch: 6413, Loss: 5.6351318359375
Epoch: 6414, Loss: 5.646563529968262
Epoch: 6415, Loss: 5.659182548522949
Epoch: 6416, Loss: 5.636983871459961
Epoch: 6417, Loss: 5.646889686584473
Epoch: 6418, Loss: 5.651778221130371
Epoch: 6419, Loss: 5.652957916259766
Epoch: 6420, Loss: 5.589272975921631
Test acc: 0.101, IC acc: 0.0035, IC acc2: 0.0009, IW acc: 0.3935
Epoch: 6421, Loss: 5.594266891479492
Epoch: 6422, Loss: 5.662656784057617
Epoch: 6423, Loss: 5.644403457641602
Epoch: 6424, Loss: 5.634068965911865
Epoch: 6425, Loss: 5.692106246948242
Epoch: 6426, Loss: 5.612183570861816
Epoch: 6427, Loss: 5.565797805786133
Epoch: 6428, Loss: 5.694699287414551
Epoch: 6429, Loss: 5.669583797454834
Epoch: 6430, Loss: 5.643261909484863
Test acc: 0.1008, IC acc: 0.0045, IC acc2: 0.0009, IW acc: 0.3889
Epoch: 6431, Loss: 5.627901077270508
Epoch: 6432, Loss: 5.631734848022461
Epoch: 6433, Loss: 5.67807674407959
Epoch: 6434, Loss: 5.58594274520874
Epoch: 6435, Loss: 5.692260265350342
Epoch: 6436, Loss: 5.587549209594727
Epoch: 6437, Loss: 5.646999359130859
Epoch: 6438, Loss: 5.656944274902344
Epoch: 6439, Loss: 5.617825508117676
Epoch: 6440, Loss: 5.525507926940918
Test acc: 0.1012, IC acc: 0.0045, IC acc2: 0.0009, IW acc: 0.3924
Epoch: 6441, Loss: 5.596333980560303
Epoch: 6442, Loss: 5.58932638168335
Epoch: 6443, Loss: 5.600923538208008
Epoch: 6444, Loss: 5.664599895477295
Epoch: 6445, Loss: 5.571931838989258
Epoch: 6446, Loss: 5.601383209228516
Epoch: 6447, Loss: 5.615102767944336
Epoch: 6448, Loss: 5.580195426940918
Epoch: 6449, Loss: 5.640686988830566
./circuit_plots/Unrestricted Disentangled|Readout|CN=0|B0=2|B1=3|K=1280|L=320|p_B=0.75|p_C=0.75|B=2|eps=0|e6550d4e-6d1e-4f62-89ea-caa9422ff06f/ already exists.
./circuit_plots/Unrestricted Disentangled|Readout|CN=0|B0=2|B1=3|K=1280|L=320|p_B=0.75|p_C=0.75|B=2|eps=0|e6550d4e-6d1e-4f62-89ea-caa9422ff06f/ already exists.
./circuit_plots/Unrestricted Disentangled|Readout|CN=0|B0=2|B1=3|K=1280|L=320|p_B=0.75|p_C=0.75|B=2|eps=0|e6550d4e-6d1e-4f62-89ea-caa9422ff06f/ already exists.
./circuit_plots/Unrestricted Disentangled|Readout|CN=0|B0=2|B1=3|K=1280|L=320|p_B=0.75|p_C=0.75|B=2|eps=0|e6550d4e-6d1e-4f62-89ea-caa9422ff06f/ already exists.
./circuit_plots/Unrestricted Disentangled|Readout|CN=0|B0=2|B1=3|K=1280|L=320|p_B=0.75|p_C=0.75|B=2|eps=0|e6550d4e-6d1e-4f62-89ea-caa9422ff06f/ already exists.
./circuit_plots/Unrestricted Disentangled|Readout|CN=0|B0=2|B1=3|K=1280|L=320|p_B=0.75|p_C=0.75|B=2|eps=0|e6550d4e-6d1e-4f62-89ea-caa9422ff06f/ already exists.
./circuit_plots/Unrestricted Disentangled|Readout|CN=0|B0=2|B1=3|K=1280|L=320|p_B=0.75|p_C=0.75|B=2|eps=0|e6550d4e-6d1e-4f62-89ea-caa9422ff06f/ already exists.
Epoch: 6450, Loss: 5.663966178894043
Test acc: 0.1014, IC acc: 0.0045, IC acc2: 0.0009, IW acc: 0.3919
Epoch: 6451, Loss: 5.685626029968262
Epoch: 6452, Loss: 5.5949320793151855
Epoch: 6453, Loss: 5.682786464691162
Epoch: 6454, Loss: 5.591566562652588
Epoch: 6455, Loss: 5.660266876220703
Epoch: 6456, Loss: 5.643056869506836
Epoch: 6457, Loss: 5.651595115661621
Epoch: 6458, Loss: 5.666014671325684
Epoch: 6459, Loss: 5.581099510192871
Epoch: 6460, Loss: 5.60335636138916
Test acc: 0.1016, IC acc: 0.0045, IC acc2: 0.0009, IW acc: 0.3921
Epoch: 6461, Loss: 5.631949424743652
Epoch: 6462, Loss: 5.644283294677734
Epoch: 6463, Loss: 5.639423370361328
Epoch: 6464, Loss: 5.611910343170166
Epoch: 6465, Loss: 5.62729549407959
Epoch: 6466, Loss: 5.6113739013671875
Epoch: 6467, Loss: 5.562461853027344
Epoch: 6468, Loss: 5.596167087554932
Epoch: 6469, Loss: 5.630021095275879
Epoch: 6470, Loss: 5.672643661499023
Test acc: 0.1021, IC acc: 0.0045, IC acc2: 0.0009, IW acc: 0.3953
Epoch: 6471, Loss: 5.597156524658203
Epoch: 6472, Loss: 5.638413906097412
Epoch: 6473, Loss: 5.679986476898193
Epoch: 6474, Loss: 5.6212968826293945
Epoch: 6475, Loss: 5.656470775604248
Epoch: 6476, Loss: 5.649479866027832
Epoch: 6477, Loss: 5.626424789428711
Epoch: 6478, Loss: 5.615433692932129
Epoch: 6479, Loss: 5.573419570922852
Epoch: 6480, Loss: 5.557291030883789
Test acc: 0.1018, IC acc: 0.0035, IC acc2: 0.0009, IW acc: 0.3938
Epoch: 6481, Loss: 5.63940954208374
Epoch: 6482, Loss: 5.603384971618652
Epoch: 6483, Loss: 5.600856304168701
Epoch: 6484, Loss: 5.668929100036621
Epoch: 6485, Loss: 5.594236373901367
Epoch: 6486, Loss: 5.62196683883667
Epoch: 6487, Loss: 5.651544570922852
Epoch: 6488, Loss: 5.610710620880127
Epoch: 6489, Loss: 5.674367904663086
Epoch: 6490, Loss: 5.664971351623535
Test acc: 0.1018, IC acc: 0.0035, IC acc2: 0.0009, IW acc: 0.3928
Epoch: 6491, Loss: 5.661349296569824
Epoch: 6492, Loss: 5.610714435577393
Epoch: 6493, Loss: 5.605319976806641
Epoch: 6494, Loss: 5.583307266235352
Epoch: 6495, Loss: 5.5998029708862305
Epoch: 6496, Loss: 5.591104507446289
Epoch: 6497, Loss: 5.5667219161987305
Epoch: 6498, Loss: 5.661848068237305
Epoch: 6499, Loss: 5.672945976257324
./circuit_plots/Unrestricted Disentangled|Readout|CN=0|B0=2|B1=3|K=1280|L=320|p_B=0.75|p_C=0.75|B=2|eps=0|e6550d4e-6d1e-4f62-89ea-caa9422ff06f/ already exists.
./circuit_plots/Unrestricted Disentangled|Readout|CN=0|B0=2|B1=3|K=1280|L=320|p_B=0.75|p_C=0.75|B=2|eps=0|e6550d4e-6d1e-4f62-89ea-caa9422ff06f/ already exists.
./circuit_plots/Unrestricted Disentangled|Readout|CN=0|B0=2|B1=3|K=1280|L=320|p_B=0.75|p_C=0.75|B=2|eps=0|e6550d4e-6d1e-4f62-89ea-caa9422ff06f/ already exists.
./circuit_plots/Unrestricted Disentangled|Readout|CN=0|B0=2|B1=3|K=1280|L=320|p_B=0.75|p_C=0.75|B=2|eps=0|e6550d4e-6d1e-4f62-89ea-caa9422ff06f/ already exists.
./circuit_plots/Unrestricted Disentangled|Readout|CN=0|B0=2|B1=3|K=1280|L=320|p_B=0.75|p_C=0.75|B=2|eps=0|e6550d4e-6d1e-4f62-89ea-caa9422ff06f/ already exists.
./circuit_plots/Unrestricted Disentangled|Readout|CN=0|B0=2|B1=3|K=1280|L=320|p_B=0.75|p_C=0.75|B=2|eps=0|e6550d4e-6d1e-4f62-89ea-caa9422ff06f/ already exists.
./circuit_plots/Unrestricted Disentangled|Readout|CN=0|B0=2|B1=3|K=1280|L=320|p_B=0.75|p_C=0.75|B=2|eps=0|e6550d4e-6d1e-4f62-89ea-caa9422ff06f/ already exists.
Epoch: 6500, Loss: 5.634335517883301
Test acc: 0.1019, IC acc: 0.0035, IC acc2: 0.0009, IW acc: 0.3952
Epoch: 6501, Loss: 5.651525020599365
Epoch: 6502, Loss: 5.618501663208008
Epoch: 6503, Loss: 5.681217193603516
Epoch: 6504, Loss: 5.643917083740234
Epoch: 6505, Loss: 5.6494245529174805
Epoch: 6506, Loss: 5.657121658325195
Epoch: 6507, Loss: 5.594363689422607
Epoch: 6508, Loss: 5.610974311828613
Epoch: 6509, Loss: 5.638310432434082
Epoch: 6510, Loss: 5.644778251647949
Test acc: 0.1024, IC acc: 0.0035, IC acc2: 0.0009, IW acc: 0.3971
Epoch: 6511, Loss: 5.580907821655273
Epoch: 6512, Loss: 5.684591293334961
Epoch: 6513, Loss: 5.672501564025879
Epoch: 6514, Loss: 5.650012969970703
Epoch: 6515, Loss: 5.650138854980469
Epoch: 6516, Loss: 5.614714622497559
Epoch: 6517, Loss: 5.638537406921387
Epoch: 6518, Loss: 5.6844987869262695
Epoch: 6519, Loss: 5.62411642074585
Epoch: 6520, Loss: 5.6585235595703125
Test acc: 0.1027, IC acc: 0.0035, IC acc2: 0.0009, IW acc: 0.3963
Epoch: 6521, Loss: 5.5782928466796875
Epoch: 6522, Loss: 5.616654872894287
Epoch: 6523, Loss: 5.5712995529174805
Epoch: 6524, Loss: 5.633787155151367
Epoch: 6525, Loss: 5.596920013427734
Epoch: 6526, Loss: 5.605018615722656
Epoch: 6527, Loss: 5.622256755828857
Epoch: 6528, Loss: 5.627495765686035
Epoch: 6529, Loss: 5.698851108551025
Epoch: 6530, Loss: 5.57479190826416
Test acc: 0.1034, IC acc: 0.0035, IC acc2: 0.0009, IW acc: 0.3992
Epoch: 6531, Loss: 5.620366096496582
Epoch: 6532, Loss: 5.59980583190918
Epoch: 6533, Loss: 5.522770881652832
Epoch: 6534, Loss: 5.6362762451171875
Epoch: 6535, Loss: 5.6426286697387695
Epoch: 6536, Loss: 5.6269073486328125
Epoch: 6537, Loss: 5.609263896942139
Epoch: 6538, Loss: 5.533322334289551
Epoch: 6539, Loss: 5.57252836227417
Epoch: 6540, Loss: 5.658535480499268
Test acc: 0.1035, IC acc: 0.0035, IC acc2: 0.0009, IW acc: 0.3996
Epoch: 6541, Loss: 5.637224197387695
Epoch: 6542, Loss: 5.657320499420166
Epoch: 6543, Loss: 5.673750877380371
Epoch: 6544, Loss: 5.660678386688232
Epoch: 6545, Loss: 5.617713928222656
Epoch: 6546, Loss: 5.590119361877441
Epoch: 6547, Loss: 5.633751392364502
Epoch: 6548, Loss: 5.632211685180664
Epoch: 6549, Loss: 5.680819988250732
./circuit_plots/Unrestricted Disentangled|Readout|CN=0|B0=2|B1=3|K=1280|L=320|p_B=0.75|p_C=0.75|B=2|eps=0|e6550d4e-6d1e-4f62-89ea-caa9422ff06f/ already exists.
./circuit_plots/Unrestricted Disentangled|Readout|CN=0|B0=2|B1=3|K=1280|L=320|p_B=0.75|p_C=0.75|B=2|eps=0|e6550d4e-6d1e-4f62-89ea-caa9422ff06f/ already exists.
./circuit_plots/Unrestricted Disentangled|Readout|CN=0|B0=2|B1=3|K=1280|L=320|p_B=0.75|p_C=0.75|B=2|eps=0|e6550d4e-6d1e-4f62-89ea-caa9422ff06f/ already exists.
./circuit_plots/Unrestricted Disentangled|Readout|CN=0|B0=2|B1=3|K=1280|L=320|p_B=0.75|p_C=0.75|B=2|eps=0|e6550d4e-6d1e-4f62-89ea-caa9422ff06f/ already exists.
./circuit_plots/Unrestricted Disentangled|Readout|CN=0|B0=2|B1=3|K=1280|L=320|p_B=0.75|p_C=0.75|B=2|eps=0|e6550d4e-6d1e-4f62-89ea-caa9422ff06f/ already exists.
./circuit_plots/Unrestricted Disentangled|Readout|CN=0|B0=2|B1=3|K=1280|L=320|p_B=0.75|p_C=0.75|B=2|eps=0|e6550d4e-6d1e-4f62-89ea-caa9422ff06f/ already exists.
./circuit_plots/Unrestricted Disentangled|Readout|CN=0|B0=2|B1=3|K=1280|L=320|p_B=0.75|p_C=0.75|B=2|eps=0|e6550d4e-6d1e-4f62-89ea-caa9422ff06f/ already exists.
Epoch: 6550, Loss: 5.653501033782959
Test acc: 0.1037, IC acc: 0.0035, IC acc2: 0.0009, IW acc: 0.4012
Epoch: 6551, Loss: 5.607180118560791
Epoch: 6552, Loss: 5.66253662109375
Epoch: 6553, Loss: 5.618907928466797
Epoch: 6554, Loss: 5.649442672729492
Epoch: 6555, Loss: 5.625311374664307
Epoch: 6556, Loss: 5.62314510345459
Epoch: 6557, Loss: 5.635573387145996
Epoch: 6558, Loss: 5.638880729675293
Epoch: 6559, Loss: 5.6771955490112305
Epoch: 6560, Loss: 5.6429853439331055
Test acc: 0.1036, IC acc: 0.0035, IC acc2: 0.0009, IW acc: 0.4007
Epoch: 6561, Loss: 5.660823345184326
Epoch: 6562, Loss: 5.6210784912109375
Epoch: 6563, Loss: 5.617864608764648
Epoch: 6564, Loss: 5.615231513977051
Epoch: 6565, Loss: 5.6003265380859375
Epoch: 6566, Loss: 5.559385776519775
Epoch: 6567, Loss: 5.598523139953613
Epoch: 6568, Loss: 5.622851371765137
Epoch: 6569, Loss: 5.634971618652344
Epoch: 6570, Loss: 5.653863430023193
Test acc: 0.1039, IC acc: 0.0031, IC acc2: 0.0009, IW acc: 0.4003
Epoch: 6571, Loss: 5.629032611846924
Epoch: 6572, Loss: 5.584591865539551
Epoch: 6573, Loss: 5.630414009094238
Epoch: 6574, Loss: 5.615801811218262
Epoch: 6575, Loss: 5.597202301025391
Epoch: 6576, Loss: 5.625345230102539
Epoch: 6577, Loss: 5.687620162963867
Epoch: 6578, Loss: 5.713420867919922
Epoch: 6579, Loss: 5.551575660705566
Epoch: 6580, Loss: 5.631483554840088
Test acc: 0.1043, IC acc: 0.0035, IC acc2: 0.0009, IW acc: 0.4036
Epoch: 6581, Loss: 5.603767395019531
Epoch: 6582, Loss: 5.6234846115112305
Epoch: 6583, Loss: 5.586853981018066
Epoch: 6584, Loss: 5.611237525939941
Epoch: 6585, Loss: 5.5781755447387695
Epoch: 6586, Loss: 5.548400402069092
Epoch: 6587, Loss: 5.614016532897949
Epoch: 6588, Loss: 5.61505126953125
Epoch: 6589, Loss: 5.608642578125
Epoch: 6590, Loss: 5.616172790527344
Test acc: 0.1048, IC acc: 0.0035, IC acc2: 0.0009, IW acc: 0.4051
Epoch: 6591, Loss: 5.590261459350586
Epoch: 6592, Loss: 5.659952163696289
Epoch: 6593, Loss: 5.621067047119141
Epoch: 6594, Loss: 5.681848049163818
Epoch: 6595, Loss: 5.627820014953613
Epoch: 6596, Loss: 5.59965705871582
Epoch: 6597, Loss: 5.589644432067871
Epoch: 6598, Loss: 5.656551361083984
Epoch: 6599, Loss: 5.575442314147949
./circuit_plots/Unrestricted Disentangled|Readout|CN=0|B0=2|B1=3|K=1280|L=320|p_B=0.75|p_C=0.75|B=2|eps=0|e6550d4e-6d1e-4f62-89ea-caa9422ff06f/ already exists.
./circuit_plots/Unrestricted Disentangled|Readout|CN=0|B0=2|B1=3|K=1280|L=320|p_B=0.75|p_C=0.75|B=2|eps=0|e6550d4e-6d1e-4f62-89ea-caa9422ff06f/ already exists.
./circuit_plots/Unrestricted Disentangled|Readout|CN=0|B0=2|B1=3|K=1280|L=320|p_B=0.75|p_C=0.75|B=2|eps=0|e6550d4e-6d1e-4f62-89ea-caa9422ff06f/ already exists.
./circuit_plots/Unrestricted Disentangled|Readout|CN=0|B0=2|B1=3|K=1280|L=320|p_B=0.75|p_C=0.75|B=2|eps=0|e6550d4e-6d1e-4f62-89ea-caa9422ff06f/ already exists.
./circuit_plots/Unrestricted Disentangled|Readout|CN=0|B0=2|B1=3|K=1280|L=320|p_B=0.75|p_C=0.75|B=2|eps=0|e6550d4e-6d1e-4f62-89ea-caa9422ff06f/ already exists.
./circuit_plots/Unrestricted Disentangled|Readout|CN=0|B0=2|B1=3|K=1280|L=320|p_B=0.75|p_C=0.75|B=2|eps=0|e6550d4e-6d1e-4f62-89ea-caa9422ff06f/ already exists.
./circuit_plots/Unrestricted Disentangled|Readout|CN=0|B0=2|B1=3|K=1280|L=320|p_B=0.75|p_C=0.75|B=2|eps=0|e6550d4e-6d1e-4f62-89ea-caa9422ff06f/ already exists.
Epoch: 6600, Loss: 5.588768005371094
Test acc: 0.1048, IC acc: 0.0035, IC acc2: 0.0009, IW acc: 0.4051
Epoch: 6601, Loss: 5.631953239440918
Epoch: 6602, Loss: 5.729118824005127
Epoch: 6603, Loss: 5.659464359283447
Epoch: 6604, Loss: 5.654383182525635
Epoch: 6605, Loss: 5.607025146484375
Epoch: 6606, Loss: 5.613916397094727
Epoch: 6607, Loss: 5.588747978210449
Epoch: 6608, Loss: 5.640856742858887
Epoch: 6609, Loss: 5.614959716796875
Epoch: 6610, Loss: 5.562830924987793
Test acc: 0.1054, IC acc: 0.0035, IC acc2: 0.0009, IW acc: 0.4073
Epoch: 6611, Loss: 5.596351623535156
Epoch: 6612, Loss: 5.602381706237793
Epoch: 6613, Loss: 5.636902332305908
Epoch: 6614, Loss: 5.5789971351623535
Epoch: 6615, Loss: 5.647324562072754
Epoch: 6616, Loss: 5.661798000335693
Epoch: 6617, Loss: 5.661578178405762
Epoch: 6618, Loss: 5.640057563781738
Epoch: 6619, Loss: 5.658106803894043
Epoch: 6620, Loss: 5.576338768005371
Test acc: 0.1062, IC acc: 0.0035, IC acc2: 0.0009, IW acc: 0.4089
Epoch: 6621, Loss: 5.652026653289795
Epoch: 6622, Loss: 5.627225875854492
Epoch: 6623, Loss: 5.658115386962891
Epoch: 6624, Loss: 5.589964866638184
Epoch: 6625, Loss: 5.583748817443848
Epoch: 6626, Loss: 5.644057273864746
Epoch: 6627, Loss: 5.65488862991333
Epoch: 6628, Loss: 5.622154712677002
Epoch: 6629, Loss: 5.662570953369141
Epoch: 6630, Loss: 5.62490177154541
Test acc: 0.1072, IC acc: 0.0031, IC acc2: 0.0009, IW acc: 0.4119
Epoch: 6631, Loss: 5.621329307556152
Epoch: 6632, Loss: 5.583795547485352
Epoch: 6633, Loss: 5.661869049072266
Epoch: 6634, Loss: 5.680912971496582
Epoch: 6635, Loss: 5.593701362609863
Epoch: 6636, Loss: 5.58113431930542
Epoch: 6637, Loss: 5.588370323181152
Epoch: 6638, Loss: 5.548772811889648
Epoch: 6639, Loss: 5.649953842163086
Epoch: 6640, Loss: 5.566603660583496
Test acc: 0.1081, IC acc: 0.0035, IC acc2: 0.0009, IW acc: 0.4139
Epoch: 6641, Loss: 5.645329475402832
Epoch: 6642, Loss: 5.638445854187012
Epoch: 6643, Loss: 5.642475128173828
Epoch: 6644, Loss: 5.543190002441406
Epoch: 6645, Loss: 5.609074592590332
Epoch: 6646, Loss: 5.655142784118652
Epoch: 6647, Loss: 5.7000322341918945
Epoch: 6648, Loss: 5.636804103851318
Epoch: 6649, Loss: 5.621121406555176
./circuit_plots/Unrestricted Disentangled|Readout|CN=0|B0=2|B1=3|K=1280|L=320|p_B=0.75|p_C=0.75|B=2|eps=0|e6550d4e-6d1e-4f62-89ea-caa9422ff06f/ already exists.
./circuit_plots/Unrestricted Disentangled|Readout|CN=0|B0=2|B1=3|K=1280|L=320|p_B=0.75|p_C=0.75|B=2|eps=0|e6550d4e-6d1e-4f62-89ea-caa9422ff06f/ already exists.
./circuit_plots/Unrestricted Disentangled|Readout|CN=0|B0=2|B1=3|K=1280|L=320|p_B=0.75|p_C=0.75|B=2|eps=0|e6550d4e-6d1e-4f62-89ea-caa9422ff06f/ already exists.
./circuit_plots/Unrestricted Disentangled|Readout|CN=0|B0=2|B1=3|K=1280|L=320|p_B=0.75|p_C=0.75|B=2|eps=0|e6550d4e-6d1e-4f62-89ea-caa9422ff06f/ already exists.
./circuit_plots/Unrestricted Disentangled|Readout|CN=0|B0=2|B1=3|K=1280|L=320|p_B=0.75|p_C=0.75|B=2|eps=0|e6550d4e-6d1e-4f62-89ea-caa9422ff06f/ already exists.
./circuit_plots/Unrestricted Disentangled|Readout|CN=0|B0=2|B1=3|K=1280|L=320|p_B=0.75|p_C=0.75|B=2|eps=0|e6550d4e-6d1e-4f62-89ea-caa9422ff06f/ already exists.
./circuit_plots/Unrestricted Disentangled|Readout|CN=0|B0=2|B1=3|K=1280|L=320|p_B=0.75|p_C=0.75|B=2|eps=0|e6550d4e-6d1e-4f62-89ea-caa9422ff06f/ already exists.
Epoch: 6650, Loss: 5.6902642250061035
Test acc: 0.1083, IC acc: 0.0031, IC acc2: 0.0009, IW acc: 0.4148
Epoch: 6651, Loss: 5.742437362670898
Epoch: 6652, Loss: 5.671530246734619
Epoch: 6653, Loss: 5.6603617668151855
Epoch: 6654, Loss: 5.634915351867676
Epoch: 6655, Loss: 5.554755210876465
Epoch: 6656, Loss: 5.585605621337891
Epoch: 6657, Loss: 5.5409016609191895
Epoch: 6658, Loss: 5.541681289672852
Epoch: 6659, Loss: 5.6254096031188965
Epoch: 6660, Loss: 5.673322677612305
Test acc: 0.1083, IC acc: 0.0031, IC acc2: 0.0009, IW acc: 0.4144
Epoch: 6661, Loss: 5.6419572830200195
Epoch: 6662, Loss: 5.604178428649902
Epoch: 6663, Loss: 5.60391902923584
Epoch: 6664, Loss: 5.6141791343688965
Epoch: 6665, Loss: 5.610383987426758
Epoch: 6666, Loss: 5.6901044845581055
Epoch: 6667, Loss: 5.576437473297119
Epoch: 6668, Loss: 5.6044230461120605
Epoch: 6669, Loss: 5.645314693450928
Epoch: 6670, Loss: 5.582085609436035
Test acc: 0.1087, IC acc: 0.0031, IC acc2: 0.0009, IW acc: 0.4158
Epoch: 6671, Loss: 5.626489162445068
Epoch: 6672, Loss: 5.601794719696045
Epoch: 6673, Loss: 5.578639984130859
Epoch: 6674, Loss: 5.638148784637451
Epoch: 6675, Loss: 5.640698432922363
Epoch: 6676, Loss: 5.5264482498168945
Epoch: 6677, Loss: 5.6465606689453125
Epoch: 6678, Loss: 5.676403045654297
Epoch: 6679, Loss: 5.667470932006836
Epoch: 6680, Loss: 5.574498176574707
Test acc: 0.1085, IC acc: 0.0031, IC acc2: 0.0009, IW acc: 0.4151
Epoch: 6681, Loss: 5.6377482414245605
Epoch: 6682, Loss: 5.602031707763672
Epoch: 6683, Loss: 5.624656677246094
Epoch: 6684, Loss: 5.620877265930176
Epoch: 6685, Loss: 5.665440559387207
Epoch: 6686, Loss: 5.632259368896484
Epoch: 6687, Loss: 5.6149749755859375
Epoch: 6688, Loss: 5.663717269897461
Epoch: 6689, Loss: 5.570794582366943
Epoch: 6690, Loss: 5.6333513259887695
Test acc: 0.1091, IC acc: 0.0031, IC acc2: 0.0009, IW acc: 0.4157
Epoch: 6691, Loss: 5.608926773071289
Epoch: 6692, Loss: 5.632060527801514
Epoch: 6693, Loss: 5.6411919593811035
Epoch: 6694, Loss: 5.652248382568359
Epoch: 6695, Loss: 5.615612983703613
Epoch: 6696, Loss: 5.63247013092041
Epoch: 6697, Loss: 5.718722343444824
Epoch: 6698, Loss: 5.639129638671875
Epoch: 6699, Loss: 5.613234996795654
./circuit_plots/Unrestricted Disentangled|Readout|CN=0|B0=2|B1=3|K=1280|L=320|p_B=0.75|p_C=0.75|B=2|eps=0|e6550d4e-6d1e-4f62-89ea-caa9422ff06f/ already exists.
./circuit_plots/Unrestricted Disentangled|Readout|CN=0|B0=2|B1=3|K=1280|L=320|p_B=0.75|p_C=0.75|B=2|eps=0|e6550d4e-6d1e-4f62-89ea-caa9422ff06f/ already exists.
./circuit_plots/Unrestricted Disentangled|Readout|CN=0|B0=2|B1=3|K=1280|L=320|p_B=0.75|p_C=0.75|B=2|eps=0|e6550d4e-6d1e-4f62-89ea-caa9422ff06f/ already exists.
./circuit_plots/Unrestricted Disentangled|Readout|CN=0|B0=2|B1=3|K=1280|L=320|p_B=0.75|p_C=0.75|B=2|eps=0|e6550d4e-6d1e-4f62-89ea-caa9422ff06f/ already exists.
./circuit_plots/Unrestricted Disentangled|Readout|CN=0|B0=2|B1=3|K=1280|L=320|p_B=0.75|p_C=0.75|B=2|eps=0|e6550d4e-6d1e-4f62-89ea-caa9422ff06f/ already exists.
./circuit_plots/Unrestricted Disentangled|Readout|CN=0|B0=2|B1=3|K=1280|L=320|p_B=0.75|p_C=0.75|B=2|eps=0|e6550d4e-6d1e-4f62-89ea-caa9422ff06f/ already exists.
./circuit_plots/Unrestricted Disentangled|Readout|CN=0|B0=2|B1=3|K=1280|L=320|p_B=0.75|p_C=0.75|B=2|eps=0|e6550d4e-6d1e-4f62-89ea-caa9422ff06f/ already exists.
Epoch: 6700, Loss: 5.622129440307617
Test acc: 0.109, IC acc: 0.0031, IC acc2: 0.0009, IW acc: 0.4151
Epoch: 6701, Loss: 5.599420547485352
Epoch: 6702, Loss: 5.614825248718262
Epoch: 6703, Loss: 5.688632011413574
Epoch: 6704, Loss: 5.614664077758789
Epoch: 6705, Loss: 5.616274833679199
Epoch: 6706, Loss: 5.609374046325684
Epoch: 6707, Loss: 5.600437164306641
Epoch: 6708, Loss: 5.6911773681640625
Epoch: 6709, Loss: 5.590539932250977
Epoch: 6710, Loss: 5.659356117248535
Test acc: 0.109, IC acc: 0.0035, IC acc2: 0.0009, IW acc: 0.4181
Epoch: 6711, Loss: 5.552166938781738
Epoch: 6712, Loss: 5.5996270179748535
Epoch: 6713, Loss: 5.608258247375488
Epoch: 6714, Loss: 5.640281677246094
Epoch: 6715, Loss: 5.621337890625
Epoch: 6716, Loss: 5.590602874755859
Epoch: 6717, Loss: 5.6511735916137695
Epoch: 6718, Loss: 5.657702445983887
Epoch: 6719, Loss: 5.641931533813477
Epoch: 6720, Loss: 5.645484924316406
Test acc: 0.1098, IC acc: 0.0035, IC acc2: 0.0009, IW acc: 0.4202
Epoch: 6721, Loss: 5.598855972290039
Epoch: 6722, Loss: 5.601967811584473
Epoch: 6723, Loss: 5.602162837982178
Epoch: 6724, Loss: 5.576833248138428
Epoch: 6725, Loss: 5.651674270629883
Epoch: 6726, Loss: 5.600661754608154
Epoch: 6727, Loss: 5.622237682342529
Epoch: 6728, Loss: 5.597271919250488
Epoch: 6729, Loss: 5.643554210662842
Epoch: 6730, Loss: 5.664987564086914
Test acc: 0.1092, IC acc: 0.0031, IC acc2: 0.0009, IW acc: 0.4181
Epoch: 6731, Loss: 5.630941390991211
Epoch: 6732, Loss: 5.690309047698975
Epoch: 6733, Loss: 5.618141174316406
Epoch: 6734, Loss: 5.632762908935547
Epoch: 6735, Loss: 5.601374626159668
Epoch: 6736, Loss: 5.574505805969238
Epoch: 6737, Loss: 5.6649627685546875
Epoch: 6738, Loss: 5.648909568786621
Epoch: 6739, Loss: 5.602156639099121
Epoch: 6740, Loss: 5.6849141120910645
Test acc: 0.1099, IC acc: 0.0035, IC acc2: 0.0009, IW acc: 0.422
Epoch: 6741, Loss: 5.6351704597473145
Epoch: 6742, Loss: 5.609867572784424
Epoch: 6743, Loss: 5.6390275955200195
Epoch: 6744, Loss: 5.634762287139893
Epoch: 6745, Loss: 5.636336326599121
Epoch: 6746, Loss: 5.632889747619629
Epoch: 6747, Loss: 5.71458101272583
Epoch: 6748, Loss: 5.6791090965271
Epoch: 6749, Loss: 5.694911003112793
./circuit_plots/Unrestricted Disentangled|Readout|CN=0|B0=2|B1=3|K=1280|L=320|p_B=0.75|p_C=0.75|B=2|eps=0|e6550d4e-6d1e-4f62-89ea-caa9422ff06f/ already exists.
./circuit_plots/Unrestricted Disentangled|Readout|CN=0|B0=2|B1=3|K=1280|L=320|p_B=0.75|p_C=0.75|B=2|eps=0|e6550d4e-6d1e-4f62-89ea-caa9422ff06f/ already exists.
./circuit_plots/Unrestricted Disentangled|Readout|CN=0|B0=2|B1=3|K=1280|L=320|p_B=0.75|p_C=0.75|B=2|eps=0|e6550d4e-6d1e-4f62-89ea-caa9422ff06f/ already exists.
./circuit_plots/Unrestricted Disentangled|Readout|CN=0|B0=2|B1=3|K=1280|L=320|p_B=0.75|p_C=0.75|B=2|eps=0|e6550d4e-6d1e-4f62-89ea-caa9422ff06f/ already exists.
./circuit_plots/Unrestricted Disentangled|Readout|CN=0|B0=2|B1=3|K=1280|L=320|p_B=0.75|p_C=0.75|B=2|eps=0|e6550d4e-6d1e-4f62-89ea-caa9422ff06f/ already exists.
./circuit_plots/Unrestricted Disentangled|Readout|CN=0|B0=2|B1=3|K=1280|L=320|p_B=0.75|p_C=0.75|B=2|eps=0|e6550d4e-6d1e-4f62-89ea-caa9422ff06f/ already exists.
./circuit_plots/Unrestricted Disentangled|Readout|CN=0|B0=2|B1=3|K=1280|L=320|p_B=0.75|p_C=0.75|B=2|eps=0|e6550d4e-6d1e-4f62-89ea-caa9422ff06f/ already exists.
Epoch: 6750, Loss: 5.64598274230957
Test acc: 0.1097, IC acc: 0.0031, IC acc2: 0.0009, IW acc: 0.4214
Epoch: 6751, Loss: 5.623167037963867
Epoch: 6752, Loss: 5.60377311706543
Epoch: 6753, Loss: 5.612421989440918
Epoch: 6754, Loss: 5.663425445556641
Epoch: 6755, Loss: 5.685399055480957
Epoch: 6756, Loss: 5.655019760131836
Epoch: 6757, Loss: 5.613579273223877
Epoch: 6758, Loss: 5.620841979980469
Epoch: 6759, Loss: 5.576500415802002
Epoch: 6760, Loss: 5.595930099487305
Test acc: 0.1103, IC acc: 0.0031, IC acc2: 0.0009, IW acc: 0.4241
Epoch: 6761, Loss: 5.635874271392822
Epoch: 6762, Loss: 5.668243408203125
Epoch: 6763, Loss: 5.657745361328125
Epoch: 6764, Loss: 5.6053876876831055
Epoch: 6765, Loss: 5.666402339935303
Epoch: 6766, Loss: 5.621084213256836
Epoch: 6767, Loss: 5.623079299926758
Epoch: 6768, Loss: 5.598915100097656
Epoch: 6769, Loss: 5.671331882476807
Epoch: 6770, Loss: 5.609895706176758
Test acc: 0.1106, IC acc: 0.0031, IC acc2: 0.0009, IW acc: 0.4244
Epoch: 6771, Loss: 5.659262180328369
Epoch: 6772, Loss: 5.6483154296875
Epoch: 6773, Loss: 5.626882553100586
Epoch: 6774, Loss: 5.582391738891602
Epoch: 6775, Loss: 5.636974334716797
Epoch: 6776, Loss: 5.642672538757324
Epoch: 6777, Loss: 5.658379554748535
Epoch: 6778, Loss: 5.623263835906982
Epoch: 6779, Loss: 5.674274444580078
Epoch: 6780, Loss: 5.5554609298706055
Test acc: 0.1106, IC acc: 0.0031, IC acc2: 0.0009, IW acc: 0.425
Epoch: 6781, Loss: 5.6550612449646
Epoch: 6782, Loss: 5.568118095397949
Epoch: 6783, Loss: 5.695032119750977
Epoch: 6784, Loss: 5.632587432861328
Epoch: 6785, Loss: 5.615549087524414
Epoch: 6786, Loss: 5.57942533493042
Epoch: 6787, Loss: 5.566607475280762
Epoch: 6788, Loss: 5.648681163787842
Epoch: 6789, Loss: 5.64283561706543
Epoch: 6790, Loss: 5.5596089363098145
Test acc: 0.1107, IC acc: 0.0031, IC acc2: 0.0009, IW acc: 0.4256
Epoch: 6791, Loss: 5.666634559631348
Epoch: 6792, Loss: 5.665586471557617
Epoch: 6793, Loss: 5.651061058044434
Epoch: 6794, Loss: 5.557584762573242
Epoch: 6795, Loss: 5.604402542114258
Epoch: 6796, Loss: 5.6700663566589355
Epoch: 6797, Loss: 5.660243034362793
Epoch: 6798, Loss: 5.608337879180908
Epoch: 6799, Loss: 5.665843963623047
./circuit_plots/Unrestricted Disentangled|Readout|CN=0|B0=2|B1=3|K=1280|L=320|p_B=0.75|p_C=0.75|B=2|eps=0|e6550d4e-6d1e-4f62-89ea-caa9422ff06f/ already exists.
./circuit_plots/Unrestricted Disentangled|Readout|CN=0|B0=2|B1=3|K=1280|L=320|p_B=0.75|p_C=0.75|B=2|eps=0|e6550d4e-6d1e-4f62-89ea-caa9422ff06f/ already exists.
./circuit_plots/Unrestricted Disentangled|Readout|CN=0|B0=2|B1=3|K=1280|L=320|p_B=0.75|p_C=0.75|B=2|eps=0|e6550d4e-6d1e-4f62-89ea-caa9422ff06f/ already exists.
./circuit_plots/Unrestricted Disentangled|Readout|CN=0|B0=2|B1=3|K=1280|L=320|p_B=0.75|p_C=0.75|B=2|eps=0|e6550d4e-6d1e-4f62-89ea-caa9422ff06f/ already exists.
./circuit_plots/Unrestricted Disentangled|Readout|CN=0|B0=2|B1=3|K=1280|L=320|p_B=0.75|p_C=0.75|B=2|eps=0|e6550d4e-6d1e-4f62-89ea-caa9422ff06f/ already exists.
./circuit_plots/Unrestricted Disentangled|Readout|CN=0|B0=2|B1=3|K=1280|L=320|p_B=0.75|p_C=0.75|B=2|eps=0|e6550d4e-6d1e-4f62-89ea-caa9422ff06f/ already exists.
./circuit_plots/Unrestricted Disentangled|Readout|CN=0|B0=2|B1=3|K=1280|L=320|p_B=0.75|p_C=0.75|B=2|eps=0|e6550d4e-6d1e-4f62-89ea-caa9422ff06f/ already exists.
Epoch: 6800, Loss: 5.640686988830566
Test acc: 0.1111, IC acc: 0.0031, IC acc2: 0.0009, IW acc: 0.4283
Epoch: 6801, Loss: 5.589744567871094
Epoch: 6802, Loss: 5.65876579284668
Epoch: 6803, Loss: 5.589790344238281
Epoch: 6804, Loss: 5.548593521118164
Epoch: 6805, Loss: 5.591547012329102
Epoch: 6806, Loss: 5.530149936676025
Epoch: 6807, Loss: 5.6528730392456055
Epoch: 6808, Loss: 5.598249435424805
Epoch: 6809, Loss: 5.607882022857666
Epoch: 6810, Loss: 5.673521041870117
Test acc: 0.1115, IC acc: 0.0031, IC acc2: 0.0009, IW acc: 0.4306
Epoch: 6811, Loss: 5.618300437927246
Epoch: 6812, Loss: 5.606252670288086
Epoch: 6813, Loss: 5.682438850402832
Epoch: 6814, Loss: 5.673086166381836
Epoch: 6815, Loss: 5.618976593017578
Epoch: 6816, Loss: 5.641599655151367
Epoch: 6817, Loss: 5.684005260467529
Epoch: 6818, Loss: 5.593696594238281
Epoch: 6819, Loss: 5.5606513023376465
Epoch: 6820, Loss: 5.642186641693115
Test acc: 0.1122, IC acc: 0.0031, IC acc2: 0.0009, IW acc: 0.4331
Epoch: 6821, Loss: 5.656777381896973
Epoch: 6822, Loss: 5.582242012023926
Epoch: 6823, Loss: 5.559621810913086
Epoch: 6824, Loss: 5.684019088745117
Epoch: 6825, Loss: 5.659549713134766
Epoch: 6826, Loss: 5.652791976928711
Epoch: 6827, Loss: 5.603789806365967
Epoch: 6828, Loss: 5.532358646392822
Epoch: 6829, Loss: 5.63007926940918
Epoch: 6830, Loss: 5.640446662902832
Test acc: 0.1119, IC acc: 0.0031, IC acc2: 0.0009, IW acc: 0.4306
Epoch: 6831, Loss: 5.62550687789917
Epoch: 6832, Loss: 5.590254783630371
Epoch: 6833, Loss: 5.608034133911133
Epoch: 6834, Loss: 5.607708930969238
Epoch: 6835, Loss: 5.631556510925293
Epoch: 6836, Loss: 5.643886566162109
Epoch: 6837, Loss: 5.594748020172119
Epoch: 6838, Loss: 5.575087070465088
Epoch: 6839, Loss: 5.641982078552246
Epoch: 6840, Loss: 5.629307746887207
Test acc: 0.112, IC acc: 0.0031, IC acc2: 0.0009, IW acc: 0.4307
Epoch: 6841, Loss: 5.647117614746094
Epoch: 6842, Loss: 5.598126411437988
Epoch: 6843, Loss: 5.661966323852539
Epoch: 6844, Loss: 5.635034561157227
Epoch: 6845, Loss: 5.627387046813965
Epoch: 6846, Loss: 5.685369491577148
Epoch: 6847, Loss: 5.573060989379883
Epoch: 6848, Loss: 5.675581455230713
Epoch: 6849, Loss: 5.591447830200195
./circuit_plots/Unrestricted Disentangled|Readout|CN=0|B0=2|B1=3|K=1280|L=320|p_B=0.75|p_C=0.75|B=2|eps=0|e6550d4e-6d1e-4f62-89ea-caa9422ff06f/ already exists.
./circuit_plots/Unrestricted Disentangled|Readout|CN=0|B0=2|B1=3|K=1280|L=320|p_B=0.75|p_C=0.75|B=2|eps=0|e6550d4e-6d1e-4f62-89ea-caa9422ff06f/ already exists.
./circuit_plots/Unrestricted Disentangled|Readout|CN=0|B0=2|B1=3|K=1280|L=320|p_B=0.75|p_C=0.75|B=2|eps=0|e6550d4e-6d1e-4f62-89ea-caa9422ff06f/ already exists.
./circuit_plots/Unrestricted Disentangled|Readout|CN=0|B0=2|B1=3|K=1280|L=320|p_B=0.75|p_C=0.75|B=2|eps=0|e6550d4e-6d1e-4f62-89ea-caa9422ff06f/ already exists.
./circuit_plots/Unrestricted Disentangled|Readout|CN=0|B0=2|B1=3|K=1280|L=320|p_B=0.75|p_C=0.75|B=2|eps=0|e6550d4e-6d1e-4f62-89ea-caa9422ff06f/ already exists.
./circuit_plots/Unrestricted Disentangled|Readout|CN=0|B0=2|B1=3|K=1280|L=320|p_B=0.75|p_C=0.75|B=2|eps=0|e6550d4e-6d1e-4f62-89ea-caa9422ff06f/ already exists.
./circuit_plots/Unrestricted Disentangled|Readout|CN=0|B0=2|B1=3|K=1280|L=320|p_B=0.75|p_C=0.75|B=2|eps=0|e6550d4e-6d1e-4f62-89ea-caa9422ff06f/ already exists.
Epoch: 6850, Loss: 5.642068862915039
Test acc: 0.1117, IC acc: 0.0031, IC acc2: 0.0009, IW acc: 0.4313
Epoch: 6851, Loss: 5.679099082946777
Epoch: 6852, Loss: 5.643939971923828
Epoch: 6853, Loss: 5.601360321044922
Epoch: 6854, Loss: 5.571852684020996
Epoch: 6855, Loss: 5.627673625946045
Epoch: 6856, Loss: 5.647278785705566
Epoch: 6857, Loss: 5.659289836883545
Epoch: 6858, Loss: 5.659440994262695
Epoch: 6859, Loss: 5.581585884094238
Epoch: 6860, Loss: 5.643278121948242
Test acc: 0.1125, IC acc: 0.0031, IC acc2: 0.0009, IW acc: 0.4339
Epoch: 6861, Loss: 5.600029468536377
Epoch: 6862, Loss: 5.600091457366943
Epoch: 6863, Loss: 5.658265590667725
Epoch: 6864, Loss: 5.620612144470215
Epoch: 6865, Loss: 5.628256797790527
Epoch: 6866, Loss: 5.615213394165039
Epoch: 6867, Loss: 5.592254161834717
Epoch: 6868, Loss: 5.53513765335083
Epoch: 6869, Loss: 5.639534950256348
Epoch: 6870, Loss: 5.583499908447266
Test acc: 0.1127, IC acc: 0.0031, IC acc2: 0.0009, IW acc: 0.4351
Epoch: 6871, Loss: 5.59796142578125
Epoch: 6872, Loss: 5.5644731521606445
Epoch: 6873, Loss: 5.6327314376831055
Epoch: 6874, Loss: 5.606915473937988
Epoch: 6875, Loss: 5.607926368713379
Epoch: 6876, Loss: 5.577452182769775
Epoch: 6877, Loss: 5.6246161460876465
Epoch: 6878, Loss: 5.624821662902832
Epoch: 6879, Loss: 5.607649803161621
Epoch: 6880, Loss: 5.610415458679199
Test acc: 0.1126, IC acc: 0.0031, IC acc2: 0.0009, IW acc: 0.4331
Epoch: 6881, Loss: 5.641867160797119
Epoch: 6882, Loss: 5.606354713439941
Epoch: 6883, Loss: 5.6952714920043945
Epoch: 6884, Loss: 5.60882043838501
Epoch: 6885, Loss: 5.589112758636475
Epoch: 6886, Loss: 5.591511249542236
Epoch: 6887, Loss: 5.535310745239258
Epoch: 6888, Loss: 5.664889335632324
Epoch: 6889, Loss: 5.633062362670898
Epoch: 6890, Loss: 5.660557746887207
Test acc: 0.1126, IC acc: 0.0031, IC acc2: 0.0009, IW acc: 0.4351
Epoch: 6891, Loss: 5.6220479011535645
Epoch: 6892, Loss: 5.6380767822265625
Epoch: 6893, Loss: 5.617863655090332
Epoch: 6894, Loss: 5.610832691192627
Epoch: 6895, Loss: 5.594223499298096
Epoch: 6896, Loss: 5.599968910217285
Epoch: 6897, Loss: 5.599039077758789
Epoch: 6898, Loss: 5.577154159545898
Epoch: 6899, Loss: 5.5923590660095215
./circuit_plots/Unrestricted Disentangled|Readout|CN=0|B0=2|B1=3|K=1280|L=320|p_B=0.75|p_C=0.75|B=2|eps=0|e6550d4e-6d1e-4f62-89ea-caa9422ff06f/ already exists.
./circuit_plots/Unrestricted Disentangled|Readout|CN=0|B0=2|B1=3|K=1280|L=320|p_B=0.75|p_C=0.75|B=2|eps=0|e6550d4e-6d1e-4f62-89ea-caa9422ff06f/ already exists.
./circuit_plots/Unrestricted Disentangled|Readout|CN=0|B0=2|B1=3|K=1280|L=320|p_B=0.75|p_C=0.75|B=2|eps=0|e6550d4e-6d1e-4f62-89ea-caa9422ff06f/ already exists.
./circuit_plots/Unrestricted Disentangled|Readout|CN=0|B0=2|B1=3|K=1280|L=320|p_B=0.75|p_C=0.75|B=2|eps=0|e6550d4e-6d1e-4f62-89ea-caa9422ff06f/ already exists.
./circuit_plots/Unrestricted Disentangled|Readout|CN=0|B0=2|B1=3|K=1280|L=320|p_B=0.75|p_C=0.75|B=2|eps=0|e6550d4e-6d1e-4f62-89ea-caa9422ff06f/ already exists.
./circuit_plots/Unrestricted Disentangled|Readout|CN=0|B0=2|B1=3|K=1280|L=320|p_B=0.75|p_C=0.75|B=2|eps=0|e6550d4e-6d1e-4f62-89ea-caa9422ff06f/ already exists.
./circuit_plots/Unrestricted Disentangled|Readout|CN=0|B0=2|B1=3|K=1280|L=320|p_B=0.75|p_C=0.75|B=2|eps=0|e6550d4e-6d1e-4f62-89ea-caa9422ff06f/ already exists.
Epoch: 6900, Loss: 5.567475318908691
Test acc: 0.1126, IC acc: 0.0031, IC acc2: 0.0009, IW acc: 0.4351
Epoch: 6901, Loss: 5.730996131896973
Epoch: 6902, Loss: 5.64324951171875
Epoch: 6903, Loss: 5.697959899902344
Epoch: 6904, Loss: 5.6186113357543945
Epoch: 6905, Loss: 5.60931396484375
Epoch: 6906, Loss: 5.673094272613525
Epoch: 6907, Loss: 5.618124485015869
Epoch: 6908, Loss: 5.55062198638916
Epoch: 6909, Loss: 5.663987636566162
Epoch: 6910, Loss: 5.614349365234375
Test acc: 0.1129, IC acc: 0.0031, IC acc2: 0.0009, IW acc: 0.4354
Epoch: 6911, Loss: 5.632826805114746
Epoch: 6912, Loss: 5.620192527770996
Epoch: 6913, Loss: 5.590710639953613
Epoch: 6914, Loss: 5.619378566741943
Epoch: 6915, Loss: 5.554185390472412
Epoch: 6916, Loss: 5.622582912445068
Epoch: 6917, Loss: 5.621157646179199
Epoch: 6918, Loss: 5.570524215698242
Epoch: 6919, Loss: 5.63656759262085
Epoch: 6920, Loss: 5.600738048553467
Test acc: 0.1127, IC acc: 0.0031, IC acc2: 0.0009, IW acc: 0.4349
Epoch: 6921, Loss: 5.6157636642456055
Epoch: 6922, Loss: 5.640877723693848
Epoch: 6923, Loss: 5.617193222045898
Epoch: 6924, Loss: 5.623758316040039
Epoch: 6925, Loss: 5.581300258636475
Epoch: 6926, Loss: 5.650162696838379
Epoch: 6927, Loss: 5.631893634796143
Epoch: 6928, Loss: 5.670690536499023
Epoch: 6929, Loss: 5.648614406585693
Epoch: 6930, Loss: 5.667049407958984
Test acc: 0.1134, IC acc: 0.0031, IC acc2: 0.0009, IW acc: 0.438
Epoch: 6931, Loss: 5.591782569885254
Epoch: 6932, Loss: 5.623247146606445
Epoch: 6933, Loss: 5.5424652099609375
Epoch: 6934, Loss: 5.59117317199707
Epoch: 6935, Loss: 5.580827236175537
Epoch: 6936, Loss: 5.580574035644531
Epoch: 6937, Loss: 5.590359687805176
Epoch: 6938, Loss: 5.660772800445557
Epoch: 6939, Loss: 5.59232234954834
Epoch: 6940, Loss: 5.537727355957031
Test acc: 0.1141, IC acc: 0.0031, IC acc2: 0.0009, IW acc: 0.4395
Epoch: 6941, Loss: 5.629108428955078
Epoch: 6942, Loss: 5.706650733947754
Epoch: 6943, Loss: 5.619626998901367
Epoch: 6944, Loss: 5.642667770385742
Epoch: 6945, Loss: 5.579485893249512
Epoch: 6946, Loss: 5.710826873779297
Epoch: 6947, Loss: 5.625740051269531
Epoch: 6948, Loss: 5.661425590515137
Epoch: 6949, Loss: 5.634261608123779
./circuit_plots/Unrestricted Disentangled|Readout|CN=0|B0=2|B1=3|K=1280|L=320|p_B=0.75|p_C=0.75|B=2|eps=0|e6550d4e-6d1e-4f62-89ea-caa9422ff06f/ already exists.
./circuit_plots/Unrestricted Disentangled|Readout|CN=0|B0=2|B1=3|K=1280|L=320|p_B=0.75|p_C=0.75|B=2|eps=0|e6550d4e-6d1e-4f62-89ea-caa9422ff06f/ already exists.
./circuit_plots/Unrestricted Disentangled|Readout|CN=0|B0=2|B1=3|K=1280|L=320|p_B=0.75|p_C=0.75|B=2|eps=0|e6550d4e-6d1e-4f62-89ea-caa9422ff06f/ already exists.
./circuit_plots/Unrestricted Disentangled|Readout|CN=0|B0=2|B1=3|K=1280|L=320|p_B=0.75|p_C=0.75|B=2|eps=0|e6550d4e-6d1e-4f62-89ea-caa9422ff06f/ already exists.
./circuit_plots/Unrestricted Disentangled|Readout|CN=0|B0=2|B1=3|K=1280|L=320|p_B=0.75|p_C=0.75|B=2|eps=0|e6550d4e-6d1e-4f62-89ea-caa9422ff06f/ already exists.
./circuit_plots/Unrestricted Disentangled|Readout|CN=0|B0=2|B1=3|K=1280|L=320|p_B=0.75|p_C=0.75|B=2|eps=0|e6550d4e-6d1e-4f62-89ea-caa9422ff06f/ already exists.
./circuit_plots/Unrestricted Disentangled|Readout|CN=0|B0=2|B1=3|K=1280|L=320|p_B=0.75|p_C=0.75|B=2|eps=0|e6550d4e-6d1e-4f62-89ea-caa9422ff06f/ already exists.
Epoch: 6950, Loss: 5.635780334472656
Test acc: 0.1137, IC acc: 0.0031, IC acc2: 0.0009, IW acc: 0.4388
Epoch: 6951, Loss: 5.620292663574219
Epoch: 6952, Loss: 5.674739837646484
Epoch: 6953, Loss: 5.579613208770752
Epoch: 6954, Loss: 5.59840202331543
Epoch: 6955, Loss: 5.554938316345215
Epoch: 6956, Loss: 5.550619125366211
Epoch: 6957, Loss: 5.64180850982666
Epoch: 6958, Loss: 5.632672309875488
Epoch: 6959, Loss: 5.545873165130615
Epoch: 6960, Loss: 5.604065895080566
Test acc: 0.1142, IC acc: 0.0031, IC acc2: 0.0009, IW acc: 0.4404
Epoch: 6961, Loss: 5.627556324005127
Epoch: 6962, Loss: 5.6289591789245605
Epoch: 6963, Loss: 5.573533058166504
Epoch: 6964, Loss: 5.631314754486084
Epoch: 6965, Loss: 5.593164443969727
Epoch: 6966, Loss: 5.611271858215332
Epoch: 6967, Loss: 5.632129192352295
Epoch: 6968, Loss: 5.571703910827637
Epoch: 6969, Loss: 5.673450469970703
Epoch: 6970, Loss: 5.620451927185059
Test acc: 0.1138, IC acc: 0.0031, IC acc2: 0.0009, IW acc: 0.4392
Epoch: 6971, Loss: 5.6278839111328125
Epoch: 6972, Loss: 5.625725269317627
Epoch: 6973, Loss: 5.652396202087402
Epoch: 6974, Loss: 5.648245811462402
Epoch: 6975, Loss: 5.598318099975586
Epoch: 6976, Loss: 5.615700721740723
Epoch: 6977, Loss: 5.651348114013672
Epoch: 6978, Loss: 5.605565071105957
Epoch: 6979, Loss: 5.6277241706848145
Epoch: 6980, Loss: 5.582042694091797
Test acc: 0.1136, IC acc: 0.0031, IC acc2: 0.0009, IW acc: 0.438
Epoch: 6981, Loss: 5.6314311027526855
Epoch: 6982, Loss: 5.698857307434082
Epoch: 6983, Loss: 5.533074378967285
Epoch: 6984, Loss: 5.649787425994873
Epoch: 6985, Loss: 5.639793872833252
Epoch: 6986, Loss: 5.646913528442383
Epoch: 6987, Loss: 5.640809059143066
Epoch: 6988, Loss: 5.62864875793457
Epoch: 6989, Loss: 5.630212783813477
Epoch: 6990, Loss: 5.56402587890625
Test acc: 0.1149, IC acc: 0.0031, IC acc2: 0.0009, IW acc: 0.4401
Epoch: 6991, Loss: 5.660199165344238
Epoch: 6992, Loss: 5.612382888793945
Epoch: 6993, Loss: 5.636199474334717
Epoch: 6994, Loss: 5.6148295402526855
Epoch: 6995, Loss: 5.609287261962891
Epoch: 6996, Loss: 5.653185844421387
Epoch: 6997, Loss: 5.6055707931518555
Epoch: 6998, Loss: 5.657402038574219
Epoch: 6999, Loss: 5.657046318054199
./circuit_plots/Unrestricted Disentangled|Readout|CN=0|B0=2|B1=3|K=1280|L=320|p_B=0.75|p_C=0.75|B=2|eps=0|e6550d4e-6d1e-4f62-89ea-caa9422ff06f/ already exists.
./circuit_plots/Unrestricted Disentangled|Readout|CN=0|B0=2|B1=3|K=1280|L=320|p_B=0.75|p_C=0.75|B=2|eps=0|e6550d4e-6d1e-4f62-89ea-caa9422ff06f/ already exists.
./circuit_plots/Unrestricted Disentangled|Readout|CN=0|B0=2|B1=3|K=1280|L=320|p_B=0.75|p_C=0.75|B=2|eps=0|e6550d4e-6d1e-4f62-89ea-caa9422ff06f/ already exists.
./circuit_plots/Unrestricted Disentangled|Readout|CN=0|B0=2|B1=3|K=1280|L=320|p_B=0.75|p_C=0.75|B=2|eps=0|e6550d4e-6d1e-4f62-89ea-caa9422ff06f/ already exists.
./circuit_plots/Unrestricted Disentangled|Readout|CN=0|B0=2|B1=3|K=1280|L=320|p_B=0.75|p_C=0.75|B=2|eps=0|e6550d4e-6d1e-4f62-89ea-caa9422ff06f/ already exists.
./circuit_plots/Unrestricted Disentangled|Readout|CN=0|B0=2|B1=3|K=1280|L=320|p_B=0.75|p_C=0.75|B=2|eps=0|e6550d4e-6d1e-4f62-89ea-caa9422ff06f/ already exists.
./circuit_plots/Unrestricted Disentangled|Readout|CN=0|B0=2|B1=3|K=1280|L=320|p_B=0.75|p_C=0.75|B=2|eps=0|e6550d4e-6d1e-4f62-89ea-caa9422ff06f/ already exists.
Epoch: 7000, Loss: 5.62840461730957
Test acc: 0.1155, IC acc: 0.0031, IC acc2: 0.0009, IW acc: 0.4431
Epoch: 7001, Loss: 5.605830192565918
Epoch: 7002, Loss: 5.650705337524414
Epoch: 7003, Loss: 5.639524459838867
Epoch: 7004, Loss: 5.639960289001465
Epoch: 7005, Loss: 5.57991886138916
Epoch: 7006, Loss: 5.562504768371582
Epoch: 7007, Loss: 5.628877639770508
Epoch: 7008, Loss: 5.619361400604248
Epoch: 7009, Loss: 5.602069854736328
Epoch: 7010, Loss: 5.611889362335205
Test acc: 0.1167, IC acc: 0.0031, IC acc2: 0.0009, IW acc: 0.4455
Epoch: 7011, Loss: 5.579902648925781
Epoch: 7012, Loss: 5.597119331359863
Epoch: 7013, Loss: 5.647684574127197
Epoch: 7014, Loss: 5.6108927726745605
Epoch: 7015, Loss: 5.5477142333984375
Epoch: 7016, Loss: 5.707436561584473
Epoch: 7017, Loss: 5.578500270843506
Epoch: 7018, Loss: 5.620683193206787
Epoch: 7019, Loss: 5.6134772300720215
Epoch: 7020, Loss: 5.592004299163818
Test acc: 0.1162, IC acc: 0.0036, IC acc2: 0.0009, IW acc: 0.4444
Epoch: 7021, Loss: 5.709009170532227
Epoch: 7022, Loss: 5.6244916915893555
Epoch: 7023, Loss: 5.60767126083374
Epoch: 7024, Loss: 5.548587799072266
Epoch: 7025, Loss: 5.59872579574585
Epoch: 7026, Loss: 5.5204315185546875
Epoch: 7027, Loss: 5.607958793640137
Epoch: 7028, Loss: 5.663603782653809
Epoch: 7029, Loss: 5.615334510803223
Epoch: 7030, Loss: 5.6470417976379395
Test acc: 0.1161, IC acc: 0.0031, IC acc2: 0.0009, IW acc: 0.4454
Epoch: 7031, Loss: 5.661374568939209
Epoch: 7032, Loss: 5.578886032104492
Epoch: 7033, Loss: 5.568276405334473
Epoch: 7034, Loss: 5.663608551025391
Epoch: 7035, Loss: 5.648172378540039
Epoch: 7036, Loss: 5.653631687164307
Epoch: 7037, Loss: 5.568723678588867
Epoch: 7038, Loss: 5.651534080505371
Epoch: 7039, Loss: 5.668375492095947
Epoch: 7040, Loss: 5.711615562438965
Test acc: 0.1164, IC acc: 0.0036, IC acc2: 0.0009, IW acc: 0.4469
Epoch: 7041, Loss: 5.595394611358643
Epoch: 7042, Loss: 5.567510604858398
Epoch: 7043, Loss: 5.6653008460998535
Epoch: 7044, Loss: 5.614153861999512
Epoch: 7045, Loss: 5.666483402252197
Epoch: 7046, Loss: 5.568624973297119
Epoch: 7047, Loss: 5.5993523597717285
Epoch: 7048, Loss: 5.6605658531188965
Epoch: 7049, Loss: 5.58538818359375
./circuit_plots/Unrestricted Disentangled|Readout|CN=0|B0=2|B1=3|K=1280|L=320|p_B=0.75|p_C=0.75|B=2|eps=0|e6550d4e-6d1e-4f62-89ea-caa9422ff06f/ already exists.
./circuit_plots/Unrestricted Disentangled|Readout|CN=0|B0=2|B1=3|K=1280|L=320|p_B=0.75|p_C=0.75|B=2|eps=0|e6550d4e-6d1e-4f62-89ea-caa9422ff06f/ already exists.
./circuit_plots/Unrestricted Disentangled|Readout|CN=0|B0=2|B1=3|K=1280|L=320|p_B=0.75|p_C=0.75|B=2|eps=0|e6550d4e-6d1e-4f62-89ea-caa9422ff06f/ already exists.
./circuit_plots/Unrestricted Disentangled|Readout|CN=0|B0=2|B1=3|K=1280|L=320|p_B=0.75|p_C=0.75|B=2|eps=0|e6550d4e-6d1e-4f62-89ea-caa9422ff06f/ already exists.
./circuit_plots/Unrestricted Disentangled|Readout|CN=0|B0=2|B1=3|K=1280|L=320|p_B=0.75|p_C=0.75|B=2|eps=0|e6550d4e-6d1e-4f62-89ea-caa9422ff06f/ already exists.
./circuit_plots/Unrestricted Disentangled|Readout|CN=0|B0=2|B1=3|K=1280|L=320|p_B=0.75|p_C=0.75|B=2|eps=0|e6550d4e-6d1e-4f62-89ea-caa9422ff06f/ already exists.
./circuit_plots/Unrestricted Disentangled|Readout|CN=0|B0=2|B1=3|K=1280|L=320|p_B=0.75|p_C=0.75|B=2|eps=0|e6550d4e-6d1e-4f62-89ea-caa9422ff06f/ already exists.
Epoch: 7050, Loss: 5.538135051727295
Test acc: 0.1166, IC acc: 0.0036, IC acc2: 0.0009, IW acc: 0.4476
Epoch: 7051, Loss: 5.595414638519287
Epoch: 7052, Loss: 5.696742534637451
Epoch: 7053, Loss: 5.566217422485352
Epoch: 7054, Loss: 5.60888671875
Epoch: 7055, Loss: 5.642513275146484
Epoch: 7056, Loss: 5.635858058929443
Epoch: 7057, Loss: 5.537808418273926
Epoch: 7058, Loss: 5.6159257888793945
Epoch: 7059, Loss: 5.584853172302246
Epoch: 7060, Loss: 5.571541786193848
Test acc: 0.1163, IC acc: 0.0036, IC acc2: 0.0009, IW acc: 0.4466
Epoch: 7061, Loss: 5.647515296936035
Epoch: 7062, Loss: 5.6270012855529785
Epoch: 7063, Loss: 5.597328186035156
Epoch: 7064, Loss: 5.623746395111084
Epoch: 7065, Loss: 5.609110355377197
Epoch: 7066, Loss: 5.654170989990234
Epoch: 7067, Loss: 5.620114326477051
Epoch: 7068, Loss: 5.577458381652832
Epoch: 7069, Loss: 5.604734420776367
Epoch: 7070, Loss: 5.635784149169922
Test acc: 0.1154, IC acc: 0.0036, IC acc2: 0.0009, IW acc: 0.4442
Epoch: 7071, Loss: 5.628121376037598
Epoch: 7072, Loss: 5.6415019035339355
Epoch: 7073, Loss: 5.670192718505859
Epoch: 7074, Loss: 5.581348896026611
Epoch: 7075, Loss: 5.657332897186279
Epoch: 7076, Loss: 5.590049743652344
Epoch: 7077, Loss: 5.626765251159668
Epoch: 7078, Loss: 5.636993885040283
Epoch: 7079, Loss: 5.659726142883301
Epoch: 7080, Loss: 5.600729465484619
Test acc: 0.1158, IC acc: 0.0036, IC acc2: 0.0009, IW acc: 0.4451
Epoch: 7081, Loss: 5.611477851867676
Epoch: 7082, Loss: 5.695418357849121
Epoch: 7083, Loss: 5.626605033874512
Epoch: 7084, Loss: 5.545520782470703
Epoch: 7085, Loss: 5.616082191467285
Epoch: 7086, Loss: 5.616856098175049
Epoch: 7087, Loss: 5.674754619598389
Epoch: 7088, Loss: 5.595587730407715
Epoch: 7089, Loss: 5.592846870422363
Epoch: 7090, Loss: 5.594930171966553
Test acc: 0.1159, IC acc: 0.0036, IC acc2: 0.0009, IW acc: 0.4448
Epoch: 7091, Loss: 5.637662887573242
Epoch: 7092, Loss: 5.634150505065918
Epoch: 7093, Loss: 5.5863728523254395
Epoch: 7094, Loss: 5.654506683349609
Epoch: 7095, Loss: 5.586187362670898
Epoch: 7096, Loss: 5.602355003356934
Epoch: 7097, Loss: 5.6738409996032715
Epoch: 7098, Loss: 5.623292446136475
Epoch: 7099, Loss: 5.619367599487305
./circuit_plots/Unrestricted Disentangled|Readout|CN=0|B0=2|B1=3|K=1280|L=320|p_B=0.75|p_C=0.75|B=2|eps=0|e6550d4e-6d1e-4f62-89ea-caa9422ff06f/ already exists.
./circuit_plots/Unrestricted Disentangled|Readout|CN=0|B0=2|B1=3|K=1280|L=320|p_B=0.75|p_C=0.75|B=2|eps=0|e6550d4e-6d1e-4f62-89ea-caa9422ff06f/ already exists.
./circuit_plots/Unrestricted Disentangled|Readout|CN=0|B0=2|B1=3|K=1280|L=320|p_B=0.75|p_C=0.75|B=2|eps=0|e6550d4e-6d1e-4f62-89ea-caa9422ff06f/ already exists.
./circuit_plots/Unrestricted Disentangled|Readout|CN=0|B0=2|B1=3|K=1280|L=320|p_B=0.75|p_C=0.75|B=2|eps=0|e6550d4e-6d1e-4f62-89ea-caa9422ff06f/ already exists.
./circuit_plots/Unrestricted Disentangled|Readout|CN=0|B0=2|B1=3|K=1280|L=320|p_B=0.75|p_C=0.75|B=2|eps=0|e6550d4e-6d1e-4f62-89ea-caa9422ff06f/ already exists.
./circuit_plots/Unrestricted Disentangled|Readout|CN=0|B0=2|B1=3|K=1280|L=320|p_B=0.75|p_C=0.75|B=2|eps=0|e6550d4e-6d1e-4f62-89ea-caa9422ff06f/ already exists.
./circuit_plots/Unrestricted Disentangled|Readout|CN=0|B0=2|B1=3|K=1280|L=320|p_B=0.75|p_C=0.75|B=2|eps=0|e6550d4e-6d1e-4f62-89ea-caa9422ff06f/ already exists.
Epoch: 7100, Loss: 5.561890602111816
Test acc: 0.1162, IC acc: 0.0036, IC acc2: 0.0009, IW acc: 0.4486
Epoch: 7101, Loss: 5.58334493637085
Epoch: 7102, Loss: 5.630380630493164
Epoch: 7103, Loss: 5.615479469299316
Epoch: 7104, Loss: 5.629267692565918
Epoch: 7105, Loss: 5.708395957946777
Epoch: 7106, Loss: 5.633716106414795
Epoch: 7107, Loss: 5.573993682861328
Epoch: 7108, Loss: 5.569785118103027
Epoch: 7109, Loss: 5.629735946655273
Epoch: 7110, Loss: 5.623167514801025
Test acc: 0.1161, IC acc: 0.0036, IC acc2: 0.0009, IW acc: 0.4487
Epoch: 7111, Loss: 5.6485595703125
Epoch: 7112, Loss: 5.583320617675781
Epoch: 7113, Loss: 5.59173583984375
Epoch: 7114, Loss: 5.544534683227539
Epoch: 7115, Loss: 5.659589767456055
Epoch: 7116, Loss: 5.58073091506958
Epoch: 7117, Loss: 5.571341037750244
Epoch: 7118, Loss: 5.601799011230469
Epoch: 7119, Loss: 5.631295204162598
Epoch: 7120, Loss: 5.612277984619141
Test acc: 0.1168, IC acc: 0.0036, IC acc2: 0.0009, IW acc: 0.4517
Epoch: 7121, Loss: 5.602566242218018
Epoch: 7122, Loss: 5.6379899978637695
Epoch: 7123, Loss: 5.669544219970703
Epoch: 7124, Loss: 5.669256687164307
Epoch: 7125, Loss: 5.601630210876465
Epoch: 7126, Loss: 5.5862579345703125
Epoch: 7127, Loss: 5.644650459289551
Epoch: 7128, Loss: 5.701772689819336
Epoch: 7129, Loss: 5.657609939575195
Epoch: 7130, Loss: 5.655507564544678
Test acc: 0.1172, IC acc: 0.0036, IC acc2: 0.0009, IW acc: 0.4543
Epoch: 7131, Loss: 5.637806415557861
Epoch: 7132, Loss: 5.630728721618652
Epoch: 7133, Loss: 5.560437202453613
Epoch: 7134, Loss: 5.674518585205078
Epoch: 7135, Loss: 5.64183235168457
Epoch: 7136, Loss: 5.633289813995361
Epoch: 7137, Loss: 5.585094928741455
Epoch: 7138, Loss: 5.5883588790893555
Epoch: 7139, Loss: 5.585932731628418
Epoch: 7140, Loss: 5.597836494445801
Test acc: 0.117, IC acc: 0.0036, IC acc2: 0.0009, IW acc: 0.4526
Epoch: 7141, Loss: 5.6316328048706055
Epoch: 7142, Loss: 5.609177589416504
Epoch: 7143, Loss: 5.5837297439575195
Epoch: 7144, Loss: 5.614136695861816
Epoch: 7145, Loss: 5.6627702713012695
Epoch: 7146, Loss: 5.612544059753418
Epoch: 7147, Loss: 5.5833330154418945
Epoch: 7148, Loss: 5.611446380615234
Epoch: 7149, Loss: 5.626943588256836
./circuit_plots/Unrestricted Disentangled|Readout|CN=0|B0=2|B1=3|K=1280|L=320|p_B=0.75|p_C=0.75|B=2|eps=0|e6550d4e-6d1e-4f62-89ea-caa9422ff06f/ already exists.
./circuit_plots/Unrestricted Disentangled|Readout|CN=0|B0=2|B1=3|K=1280|L=320|p_B=0.75|p_C=0.75|B=2|eps=0|e6550d4e-6d1e-4f62-89ea-caa9422ff06f/ already exists.
./circuit_plots/Unrestricted Disentangled|Readout|CN=0|B0=2|B1=3|K=1280|L=320|p_B=0.75|p_C=0.75|B=2|eps=0|e6550d4e-6d1e-4f62-89ea-caa9422ff06f/ already exists.
./circuit_plots/Unrestricted Disentangled|Readout|CN=0|B0=2|B1=3|K=1280|L=320|p_B=0.75|p_C=0.75|B=2|eps=0|e6550d4e-6d1e-4f62-89ea-caa9422ff06f/ already exists.
./circuit_plots/Unrestricted Disentangled|Readout|CN=0|B0=2|B1=3|K=1280|L=320|p_B=0.75|p_C=0.75|B=2|eps=0|e6550d4e-6d1e-4f62-89ea-caa9422ff06f/ already exists.
./circuit_plots/Unrestricted Disentangled|Readout|CN=0|B0=2|B1=3|K=1280|L=320|p_B=0.75|p_C=0.75|B=2|eps=0|e6550d4e-6d1e-4f62-89ea-caa9422ff06f/ already exists.
./circuit_plots/Unrestricted Disentangled|Readout|CN=0|B0=2|B1=3|K=1280|L=320|p_B=0.75|p_C=0.75|B=2|eps=0|e6550d4e-6d1e-4f62-89ea-caa9422ff06f/ already exists.
Epoch: 7150, Loss: 5.580105781555176
Test acc: 0.1168, IC acc: 0.0036, IC acc2: 0.0009, IW acc: 0.4518
Epoch: 7151, Loss: 5.6600847244262695
Epoch: 7152, Loss: 5.6643524169921875
Epoch: 7153, Loss: 5.611003875732422
Epoch: 7154, Loss: 5.589231967926025
Epoch: 7155, Loss: 5.577877998352051
Epoch: 7156, Loss: 5.574052333831787
Epoch: 7157, Loss: 5.668416976928711
Epoch: 7158, Loss: 5.6189727783203125
Epoch: 7159, Loss: 5.610620975494385
Epoch: 7160, Loss: 5.665162563323975
Test acc: 0.1169, IC acc: 0.0036, IC acc2: 0.0009, IW acc: 0.4513
Epoch: 7161, Loss: 5.631258010864258
Epoch: 7162, Loss: 5.588284015655518
Epoch: 7163, Loss: 5.606912612915039
Epoch: 7164, Loss: 5.570095062255859
Epoch: 7165, Loss: 5.537313461303711
Epoch: 7166, Loss: 5.532520294189453
Epoch: 7167, Loss: 5.574454307556152
Epoch: 7168, Loss: 5.660248756408691
Epoch: 7169, Loss: 5.646867752075195
Epoch: 7170, Loss: 5.614305019378662
Test acc: 0.1177, IC acc: 0.0036, IC acc2: 0.0009, IW acc: 0.4528
Epoch: 7171, Loss: 5.617646217346191
Epoch: 7172, Loss: 5.633245468139648
Epoch: 7173, Loss: 5.618156433105469
Epoch: 7174, Loss: 5.616852760314941
Epoch: 7175, Loss: 5.536989212036133
Epoch: 7176, Loss: 5.626012802124023
Epoch: 7177, Loss: 5.608895778656006
Epoch: 7178, Loss: 5.590991973876953
Epoch: 7179, Loss: 5.594091415405273
Epoch: 7180, Loss: 5.626789093017578
Test acc: 0.1183, IC acc: 0.0036, IC acc2: 0.0009, IW acc: 0.4551
Epoch: 7181, Loss: 5.563347816467285
Epoch: 7182, Loss: 5.623648166656494
Epoch: 7183, Loss: 5.556079864501953
Epoch: 7184, Loss: 5.6532392501831055
Epoch: 7185, Loss: 5.58866024017334
Epoch: 7186, Loss: 5.553157806396484
Epoch: 7187, Loss: 5.635105133056641
Epoch: 7188, Loss: 5.6421942710876465
Epoch: 7189, Loss: 5.592812538146973
Epoch: 7190, Loss: 5.662618160247803
Test acc: 0.1187, IC acc: 0.0036, IC acc2: 0.0009, IW acc: 0.4549
Epoch: 7191, Loss: 5.626648902893066
Epoch: 7192, Loss: 5.665955543518066
Epoch: 7193, Loss: 5.647170066833496
Epoch: 7194, Loss: 5.654502868652344
Epoch: 7195, Loss: 5.635766506195068
Epoch: 7196, Loss: 5.579931259155273
Epoch: 7197, Loss: 5.617341041564941
Epoch: 7198, Loss: 5.6488237380981445
Epoch: 7199, Loss: 5.619606971740723
./circuit_plots/Unrestricted Disentangled|Readout|CN=0|B0=2|B1=3|K=1280|L=320|p_B=0.75|p_C=0.75|B=2|eps=0|e6550d4e-6d1e-4f62-89ea-caa9422ff06f/ already exists.
./circuit_plots/Unrestricted Disentangled|Readout|CN=0|B0=2|B1=3|K=1280|L=320|p_B=0.75|p_C=0.75|B=2|eps=0|e6550d4e-6d1e-4f62-89ea-caa9422ff06f/ already exists.
./circuit_plots/Unrestricted Disentangled|Readout|CN=0|B0=2|B1=3|K=1280|L=320|p_B=0.75|p_C=0.75|B=2|eps=0|e6550d4e-6d1e-4f62-89ea-caa9422ff06f/ already exists.
./circuit_plots/Unrestricted Disentangled|Readout|CN=0|B0=2|B1=3|K=1280|L=320|p_B=0.75|p_C=0.75|B=2|eps=0|e6550d4e-6d1e-4f62-89ea-caa9422ff06f/ already exists.
./circuit_plots/Unrestricted Disentangled|Readout|CN=0|B0=2|B1=3|K=1280|L=320|p_B=0.75|p_C=0.75|B=2|eps=0|e6550d4e-6d1e-4f62-89ea-caa9422ff06f/ already exists.
./circuit_plots/Unrestricted Disentangled|Readout|CN=0|B0=2|B1=3|K=1280|L=320|p_B=0.75|p_C=0.75|B=2|eps=0|e6550d4e-6d1e-4f62-89ea-caa9422ff06f/ already exists.
./circuit_plots/Unrestricted Disentangled|Readout|CN=0|B0=2|B1=3|K=1280|L=320|p_B=0.75|p_C=0.75|B=2|eps=0|e6550d4e-6d1e-4f62-89ea-caa9422ff06f/ already exists.
Epoch: 7200, Loss: 5.658005714416504
Test acc: 0.1186, IC acc: 0.0036, IC acc2: 0.0009, IW acc: 0.4544
Epoch: 7201, Loss: 5.615063190460205
Epoch: 7202, Loss: 5.606550216674805
Epoch: 7203, Loss: 5.601068496704102
Epoch: 7204, Loss: 5.638794898986816
Epoch: 7205, Loss: 5.689076900482178
Epoch: 7206, Loss: 5.692002296447754
Epoch: 7207, Loss: 5.558520317077637
Epoch: 7208, Loss: 5.563399314880371
Epoch: 7209, Loss: 5.6582112312316895
Epoch: 7210, Loss: 5.541477680206299
Test acc: 0.1182, IC acc: 0.0036, IC acc2: 0.0009, IW acc: 0.4529
Epoch: 7211, Loss: 5.583045482635498
Epoch: 7212, Loss: 5.540154457092285
Epoch: 7213, Loss: 5.526655197143555
Epoch: 7214, Loss: 5.564952850341797
Epoch: 7215, Loss: 5.642618179321289
Epoch: 7216, Loss: 5.612002372741699
Epoch: 7217, Loss: 5.56746768951416
Epoch: 7218, Loss: 5.624664306640625
Epoch: 7219, Loss: 5.646573543548584
Epoch: 7220, Loss: 5.594539642333984
Test acc: 0.1191, IC acc: 0.0036, IC acc2: 0.0009, IW acc: 0.4558
Epoch: 7221, Loss: 5.582338333129883
Epoch: 7222, Loss: 5.6283111572265625
Epoch: 7223, Loss: 5.635428428649902
Epoch: 7224, Loss: 5.593645095825195
Epoch: 7225, Loss: 5.561407089233398
Epoch: 7226, Loss: 5.583523750305176
Epoch: 7227, Loss: 5.583581447601318
Epoch: 7228, Loss: 5.649595260620117
Epoch: 7229, Loss: 5.577874183654785
Epoch: 7230, Loss: 5.676453590393066
Test acc: 0.1197, IC acc: 0.0031, IC acc2: 0.0009, IW acc: 0.4566
Epoch: 7231, Loss: 5.632600784301758
Epoch: 7232, Loss: 5.586174964904785
Epoch: 7233, Loss: 5.561676502227783
Epoch: 7234, Loss: 5.613875389099121
Epoch: 7235, Loss: 5.62047004699707
Epoch: 7236, Loss: 5.590024948120117
Epoch: 7237, Loss: 5.643115997314453
Epoch: 7238, Loss: 5.645083904266357
Epoch: 7239, Loss: 5.561335563659668
Epoch: 7240, Loss: 5.600588321685791
Test acc: 0.1199, IC acc: 0.0036, IC acc2: 0.0009, IW acc: 0.4593
Epoch: 7241, Loss: 5.608616828918457
Epoch: 7242, Loss: 5.590961456298828
Epoch: 7243, Loss: 5.617822647094727
Epoch: 7244, Loss: 5.690442085266113
Epoch: 7245, Loss: 5.628251552581787
Epoch: 7246, Loss: 5.571434020996094
Epoch: 7247, Loss: 5.523534774780273
Epoch: 7248, Loss: 5.652413845062256
Epoch: 7249, Loss: 5.59095573425293
./circuit_plots/Unrestricted Disentangled|Readout|CN=0|B0=2|B1=3|K=1280|L=320|p_B=0.75|p_C=0.75|B=2|eps=0|e6550d4e-6d1e-4f62-89ea-caa9422ff06f/ already exists.
./circuit_plots/Unrestricted Disentangled|Readout|CN=0|B0=2|B1=3|K=1280|L=320|p_B=0.75|p_C=0.75|B=2|eps=0|e6550d4e-6d1e-4f62-89ea-caa9422ff06f/ already exists.
./circuit_plots/Unrestricted Disentangled|Readout|CN=0|B0=2|B1=3|K=1280|L=320|p_B=0.75|p_C=0.75|B=2|eps=0|e6550d4e-6d1e-4f62-89ea-caa9422ff06f/ already exists.
./circuit_plots/Unrestricted Disentangled|Readout|CN=0|B0=2|B1=3|K=1280|L=320|p_B=0.75|p_C=0.75|B=2|eps=0|e6550d4e-6d1e-4f62-89ea-caa9422ff06f/ already exists.
./circuit_plots/Unrestricted Disentangled|Readout|CN=0|B0=2|B1=3|K=1280|L=320|p_B=0.75|p_C=0.75|B=2|eps=0|e6550d4e-6d1e-4f62-89ea-caa9422ff06f/ already exists.
./circuit_plots/Unrestricted Disentangled|Readout|CN=0|B0=2|B1=3|K=1280|L=320|p_B=0.75|p_C=0.75|B=2|eps=0|e6550d4e-6d1e-4f62-89ea-caa9422ff06f/ already exists.
./circuit_plots/Unrestricted Disentangled|Readout|CN=0|B0=2|B1=3|K=1280|L=320|p_B=0.75|p_C=0.75|B=2|eps=0|e6550d4e-6d1e-4f62-89ea-caa9422ff06f/ already exists.
Epoch: 7250, Loss: 5.566209316253662
Test acc: 0.1204, IC acc: 0.0036, IC acc2: 0.0009, IW acc: 0.4626
Epoch: 7251, Loss: 5.614613056182861
Epoch: 7252, Loss: 5.663087368011475
Epoch: 7253, Loss: 5.672548770904541
Epoch: 7254, Loss: 5.601941108703613
Epoch: 7255, Loss: 5.636053085327148
Epoch: 7256, Loss: 5.624126434326172
Epoch: 7257, Loss: 5.62946891784668
Epoch: 7258, Loss: 5.656240940093994
Epoch: 7259, Loss: 5.635534763336182
Epoch: 7260, Loss: 5.63053035736084
Test acc: 0.1203, IC acc: 0.0036, IC acc2: 0.0009, IW acc: 0.4617
Epoch: 7261, Loss: 5.625700950622559
Epoch: 7262, Loss: 5.604216575622559
Epoch: 7263, Loss: 5.4945526123046875
Epoch: 7264, Loss: 5.634672164916992
Epoch: 7265, Loss: 5.69359016418457
Epoch: 7266, Loss: 5.534839153289795
Epoch: 7267, Loss: 5.60545539855957
Epoch: 7268, Loss: 5.548863410949707
Epoch: 7269, Loss: 5.583829879760742
Epoch: 7270, Loss: 5.68975305557251
Test acc: 0.1201, IC acc: 0.0045, IC acc2: 0.0009, IW acc: 0.461
Epoch: 7271, Loss: 5.579463481903076
Epoch: 7272, Loss: 5.599354267120361
Epoch: 7273, Loss: 5.661599636077881
Epoch: 7274, Loss: 5.5804948806762695
Epoch: 7275, Loss: 5.634342193603516
Epoch: 7276, Loss: 5.64254093170166
Epoch: 7277, Loss: 5.644466400146484
Epoch: 7278, Loss: 5.618344783782959
Epoch: 7279, Loss: 5.569734573364258
Epoch: 7280, Loss: 5.545440673828125
Test acc: 0.1204, IC acc: 0.0045, IC acc2: 0.0009, IW acc: 0.465
Epoch: 7281, Loss: 5.645735740661621
Epoch: 7282, Loss: 5.604787349700928
Epoch: 7283, Loss: 5.568607807159424
Epoch: 7284, Loss: 5.648074626922607
Epoch: 7285, Loss: 5.610400199890137
Epoch: 7286, Loss: 5.620306491851807
Epoch: 7287, Loss: 5.608759880065918
Epoch: 7288, Loss: 5.597643852233887
Epoch: 7289, Loss: 5.581147193908691
Epoch: 7290, Loss: 5.547298908233643
Test acc: 0.12, IC acc: 0.0045, IC acc2: 0.0009, IW acc: 0.4633
Epoch: 7291, Loss: 5.506922721862793
Epoch: 7292, Loss: 5.6482133865356445
Epoch: 7293, Loss: 5.5754075050354
Epoch: 7294, Loss: 5.656825065612793
Epoch: 7295, Loss: 5.557475566864014
Epoch: 7296, Loss: 5.6499342918396
Epoch: 7297, Loss: 5.563689708709717
Epoch: 7298, Loss: 5.6404242515563965
Epoch: 7299, Loss: 5.595603942871094
./circuit_plots/Unrestricted Disentangled|Readout|CN=0|B0=2|B1=3|K=1280|L=320|p_B=0.75|p_C=0.75|B=2|eps=0|e6550d4e-6d1e-4f62-89ea-caa9422ff06f/ already exists.
./circuit_plots/Unrestricted Disentangled|Readout|CN=0|B0=2|B1=3|K=1280|L=320|p_B=0.75|p_C=0.75|B=2|eps=0|e6550d4e-6d1e-4f62-89ea-caa9422ff06f/ already exists.
./circuit_plots/Unrestricted Disentangled|Readout|CN=0|B0=2|B1=3|K=1280|L=320|p_B=0.75|p_C=0.75|B=2|eps=0|e6550d4e-6d1e-4f62-89ea-caa9422ff06f/ already exists.
./circuit_plots/Unrestricted Disentangled|Readout|CN=0|B0=2|B1=3|K=1280|L=320|p_B=0.75|p_C=0.75|B=2|eps=0|e6550d4e-6d1e-4f62-89ea-caa9422ff06f/ already exists.
./circuit_plots/Unrestricted Disentangled|Readout|CN=0|B0=2|B1=3|K=1280|L=320|p_B=0.75|p_C=0.75|B=2|eps=0|e6550d4e-6d1e-4f62-89ea-caa9422ff06f/ already exists.
./circuit_plots/Unrestricted Disentangled|Readout|CN=0|B0=2|B1=3|K=1280|L=320|p_B=0.75|p_C=0.75|B=2|eps=0|e6550d4e-6d1e-4f62-89ea-caa9422ff06f/ already exists.
./circuit_plots/Unrestricted Disentangled|Readout|CN=0|B0=2|B1=3|K=1280|L=320|p_B=0.75|p_C=0.75|B=2|eps=0|e6550d4e-6d1e-4f62-89ea-caa9422ff06f/ already exists.
Epoch: 7300, Loss: 5.5868000984191895
Test acc: 0.1207, IC acc: 0.0045, IC acc2: 0.0009, IW acc: 0.4652
Epoch: 7301, Loss: 5.686607837677002
Epoch: 7302, Loss: 5.5742387771606445
Epoch: 7303, Loss: 5.588041305541992
Epoch: 7304, Loss: 5.576263427734375
Epoch: 7305, Loss: 5.583390712738037
Epoch: 7306, Loss: 5.641555309295654
Epoch: 7307, Loss: 5.566228866577148
Epoch: 7308, Loss: 5.660728931427002
Epoch: 7309, Loss: 5.652052402496338
Epoch: 7310, Loss: 5.615654945373535
Test acc: 0.1207, IC acc: 0.0047, IC acc2: 0.0009, IW acc: 0.4665
Epoch: 7311, Loss: 5.65231990814209
Epoch: 7312, Loss: 5.629018783569336
Epoch: 7313, Loss: 5.681987762451172
Epoch: 7314, Loss: 5.5761823654174805
Epoch: 7315, Loss: 5.588286399841309
Epoch: 7316, Loss: 5.6554999351501465
Epoch: 7317, Loss: 5.613182544708252
Epoch: 7318, Loss: 5.659274101257324
Epoch: 7319, Loss: 5.565971851348877
Epoch: 7320, Loss: 5.559850215911865
Test acc: 0.1208, IC acc: 0.0047, IC acc2: 0.0009, IW acc: 0.4661
Epoch: 7321, Loss: 5.575627326965332
Epoch: 7322, Loss: 5.639545440673828
Epoch: 7323, Loss: 5.637916088104248
Epoch: 7324, Loss: 5.594470977783203
Epoch: 7325, Loss: 5.6455864906311035
Epoch: 7326, Loss: 5.644237518310547
Epoch: 7327, Loss: 5.5804009437561035
Epoch: 7328, Loss: 5.64473819732666
Epoch: 7329, Loss: 5.566901206970215
Epoch: 7330, Loss: 5.586045742034912
Test acc: 0.1205, IC acc: 0.0047, IC acc2: 0.0009, IW acc: 0.465
Epoch: 7331, Loss: 5.633326530456543
Epoch: 7332, Loss: 5.563639163970947
Epoch: 7333, Loss: 5.666187286376953
Epoch: 7334, Loss: 5.5898284912109375
Epoch: 7335, Loss: 5.5907673835754395
Epoch: 7336, Loss: 5.649202346801758
Epoch: 7337, Loss: 5.598910331726074
Epoch: 7338, Loss: 5.607807159423828
Epoch: 7339, Loss: 5.62116813659668
Epoch: 7340, Loss: 5.604605674743652
Test acc: 0.1213, IC acc: 0.0047, IC acc2: 0.0009, IW acc: 0.4675
Epoch: 7341, Loss: 5.54340934753418
Epoch: 7342, Loss: 5.506126880645752
Epoch: 7343, Loss: 5.608496189117432
Epoch: 7344, Loss: 5.606638431549072
Epoch: 7345, Loss: 5.642383098602295
Epoch: 7346, Loss: 5.600348472595215
Epoch: 7347, Loss: 5.570981025695801
Epoch: 7348, Loss: 5.635534286499023
Epoch: 7349, Loss: 5.634397983551025
./circuit_plots/Unrestricted Disentangled|Readout|CN=0|B0=2|B1=3|K=1280|L=320|p_B=0.75|p_C=0.75|B=2|eps=0|e6550d4e-6d1e-4f62-89ea-caa9422ff06f/ already exists.
./circuit_plots/Unrestricted Disentangled|Readout|CN=0|B0=2|B1=3|K=1280|L=320|p_B=0.75|p_C=0.75|B=2|eps=0|e6550d4e-6d1e-4f62-89ea-caa9422ff06f/ already exists.
./circuit_plots/Unrestricted Disentangled|Readout|CN=0|B0=2|B1=3|K=1280|L=320|p_B=0.75|p_C=0.75|B=2|eps=0|e6550d4e-6d1e-4f62-89ea-caa9422ff06f/ already exists.
./circuit_plots/Unrestricted Disentangled|Readout|CN=0|B0=2|B1=3|K=1280|L=320|p_B=0.75|p_C=0.75|B=2|eps=0|e6550d4e-6d1e-4f62-89ea-caa9422ff06f/ already exists.
./circuit_plots/Unrestricted Disentangled|Readout|CN=0|B0=2|B1=3|K=1280|L=320|p_B=0.75|p_C=0.75|B=2|eps=0|e6550d4e-6d1e-4f62-89ea-caa9422ff06f/ already exists.
./circuit_plots/Unrestricted Disentangled|Readout|CN=0|B0=2|B1=3|K=1280|L=320|p_B=0.75|p_C=0.75|B=2|eps=0|e6550d4e-6d1e-4f62-89ea-caa9422ff06f/ already exists.
./circuit_plots/Unrestricted Disentangled|Readout|CN=0|B0=2|B1=3|K=1280|L=320|p_B=0.75|p_C=0.75|B=2|eps=0|e6550d4e-6d1e-4f62-89ea-caa9422ff06f/ already exists.
Epoch: 7350, Loss: 5.641513824462891
Test acc: 0.1217, IC acc: 0.0047, IC acc2: 0.0009, IW acc: 0.468
Epoch: 7351, Loss: 5.666940212249756
Epoch: 7352, Loss: 5.594364643096924
Epoch: 7353, Loss: 5.565953731536865
Epoch: 7354, Loss: 5.622551918029785
Epoch: 7355, Loss: 5.680000305175781
Epoch: 7356, Loss: 5.610594749450684
Epoch: 7357, Loss: 5.666828632354736
Epoch: 7358, Loss: 5.616254806518555
Epoch: 7359, Loss: 5.662382125854492
Epoch: 7360, Loss: 5.5836381912231445
Test acc: 0.1209, IC acc: 0.0047, IC acc2: 0.0009, IW acc: 0.4669
Epoch: 7361, Loss: 5.5893707275390625
Epoch: 7362, Loss: 5.6335859298706055
Epoch: 7363, Loss: 5.640826225280762
Epoch: 7364, Loss: 5.598027229309082
Epoch: 7365, Loss: 5.622166156768799
Epoch: 7366, Loss: 5.69942569732666
Epoch: 7367, Loss: 5.639697551727295
Epoch: 7368, Loss: 5.635074615478516
Epoch: 7369, Loss: 5.6030473709106445
Epoch: 7370, Loss: 5.551944255828857
Test acc: 0.1217, IC acc: 0.0047, IC acc2: 0.0009, IW acc: 0.4701
Epoch: 7371, Loss: 5.686249732971191
Epoch: 7372, Loss: 5.655439853668213
Epoch: 7373, Loss: 5.631302833557129
Epoch: 7374, Loss: 5.6013593673706055
Epoch: 7375, Loss: 5.677028179168701
Epoch: 7376, Loss: 5.5896711349487305
Epoch: 7377, Loss: 5.649831295013428
Epoch: 7378, Loss: 5.606118679046631
Epoch: 7379, Loss: 5.605486869812012
Epoch: 7380, Loss: 5.623024940490723
Test acc: 0.1221, IC acc: 0.0047, IC acc2: 0.0009, IW acc: 0.4718
Epoch: 7381, Loss: 5.56595516204834
Epoch: 7382, Loss: 5.639762878417969
Epoch: 7383, Loss: 5.641446113586426
Epoch: 7384, Loss: 5.558832168579102
Epoch: 7385, Loss: 5.6352128982543945
Epoch: 7386, Loss: 5.613338470458984
Epoch: 7387, Loss: 5.61591911315918
Epoch: 7388, Loss: 5.607809066772461
Epoch: 7389, Loss: 5.563879013061523
Epoch: 7390, Loss: 5.591455936431885
Test acc: 0.1222, IC acc: 0.0047, IC acc2: 0.0009, IW acc: 0.4717
Epoch: 7391, Loss: 5.575597763061523
Epoch: 7392, Loss: 5.605706691741943
Epoch: 7393, Loss: 5.613572120666504
Epoch: 7394, Loss: 5.644297122955322
Epoch: 7395, Loss: 5.634487152099609
Epoch: 7396, Loss: 5.605368614196777
Epoch: 7397, Loss: 5.624123573303223
Epoch: 7398, Loss: 5.598056316375732
Epoch: 7399, Loss: 5.637516498565674
./circuit_plots/Unrestricted Disentangled|Readout|CN=0|B0=2|B1=3|K=1280|L=320|p_B=0.75|p_C=0.75|B=2|eps=0|e6550d4e-6d1e-4f62-89ea-caa9422ff06f/ already exists.
./circuit_plots/Unrestricted Disentangled|Readout|CN=0|B0=2|B1=3|K=1280|L=320|p_B=0.75|p_C=0.75|B=2|eps=0|e6550d4e-6d1e-4f62-89ea-caa9422ff06f/ already exists.
./circuit_plots/Unrestricted Disentangled|Readout|CN=0|B0=2|B1=3|K=1280|L=320|p_B=0.75|p_C=0.75|B=2|eps=0|e6550d4e-6d1e-4f62-89ea-caa9422ff06f/ already exists.
./circuit_plots/Unrestricted Disentangled|Readout|CN=0|B0=2|B1=3|K=1280|L=320|p_B=0.75|p_C=0.75|B=2|eps=0|e6550d4e-6d1e-4f62-89ea-caa9422ff06f/ already exists.
./circuit_plots/Unrestricted Disentangled|Readout|CN=0|B0=2|B1=3|K=1280|L=320|p_B=0.75|p_C=0.75|B=2|eps=0|e6550d4e-6d1e-4f62-89ea-caa9422ff06f/ already exists.
./circuit_plots/Unrestricted Disentangled|Readout|CN=0|B0=2|B1=3|K=1280|L=320|p_B=0.75|p_C=0.75|B=2|eps=0|e6550d4e-6d1e-4f62-89ea-caa9422ff06f/ already exists.
./circuit_plots/Unrestricted Disentangled|Readout|CN=0|B0=2|B1=3|K=1280|L=320|p_B=0.75|p_C=0.75|B=2|eps=0|e6550d4e-6d1e-4f62-89ea-caa9422ff06f/ already exists.
Epoch: 7400, Loss: 5.613296031951904
Test acc: 0.1234, IC acc: 0.0047, IC acc2: 0.0009, IW acc: 0.4749
Epoch: 7401, Loss: 5.610672950744629
Epoch: 7402, Loss: 5.615998268127441
Epoch: 7403, Loss: 5.5365447998046875
Epoch: 7404, Loss: 5.563145637512207
Epoch: 7405, Loss: 5.61474084854126
Epoch: 7406, Loss: 5.631139755249023
Epoch: 7407, Loss: 5.603058338165283
Epoch: 7408, Loss: 5.612256050109863
Epoch: 7409, Loss: 5.615518569946289
Epoch: 7410, Loss: 5.619917869567871
Test acc: 0.1229, IC acc: 0.0045, IC acc2: 0.0009, IW acc: 0.4745
Epoch: 7411, Loss: 5.604565620422363
Epoch: 7412, Loss: 5.607151985168457
Epoch: 7413, Loss: 5.562831878662109
Epoch: 7414, Loss: 5.636061668395996
Epoch: 7415, Loss: 5.603404998779297
Epoch: 7416, Loss: 5.682081699371338
Epoch: 7417, Loss: 5.521944522857666
Epoch: 7418, Loss: 5.656952381134033
Epoch: 7419, Loss: 5.6233696937561035
Epoch: 7420, Loss: 5.643019676208496
Test acc: 0.1235, IC acc: 0.0045, IC acc2: 0.0009, IW acc: 0.4777
Epoch: 7421, Loss: 5.557764530181885
Epoch: 7422, Loss: 5.624271392822266
Epoch: 7423, Loss: 5.577998161315918
Epoch: 7424, Loss: 5.6225175857543945
Epoch: 7425, Loss: 5.622580528259277
Epoch: 7426, Loss: 5.598391056060791
Epoch: 7427, Loss: 5.608456611633301
Epoch: 7428, Loss: 5.643308162689209
Epoch: 7429, Loss: 5.645749568939209
Epoch: 7430, Loss: 5.601870536804199
Test acc: 0.1233, IC acc: 0.0045, IC acc2: 0.0009, IW acc: 0.4767
Epoch: 7431, Loss: 5.6428351402282715
Epoch: 7432, Loss: 5.597190856933594
Epoch: 7433, Loss: 5.544447422027588
Epoch: 7434, Loss: 5.652232646942139
Epoch: 7435, Loss: 5.66510009765625
Epoch: 7436, Loss: 5.643608093261719
Epoch: 7437, Loss: 5.635344505310059
Epoch: 7438, Loss: 5.6296796798706055
Epoch: 7439, Loss: 5.606644630432129
Epoch: 7440, Loss: 5.603549003601074
Test acc: 0.124, IC acc: 0.0045, IC acc2: 0.0009, IW acc: 0.4785
Epoch: 7441, Loss: 5.689982891082764
Epoch: 7442, Loss: 5.539677619934082
Epoch: 7443, Loss: 5.626436233520508
Epoch: 7444, Loss: 5.560580253601074
Epoch: 7445, Loss: 5.671141624450684
Epoch: 7446, Loss: 5.570920944213867
Epoch: 7447, Loss: 5.589375972747803
Epoch: 7448, Loss: 5.657912254333496
Epoch: 7449, Loss: 5.581273078918457
./circuit_plots/Unrestricted Disentangled|Readout|CN=0|B0=2|B1=3|K=1280|L=320|p_B=0.75|p_C=0.75|B=2|eps=0|e6550d4e-6d1e-4f62-89ea-caa9422ff06f/ already exists.
./circuit_plots/Unrestricted Disentangled|Readout|CN=0|B0=2|B1=3|K=1280|L=320|p_B=0.75|p_C=0.75|B=2|eps=0|e6550d4e-6d1e-4f62-89ea-caa9422ff06f/ already exists.
./circuit_plots/Unrestricted Disentangled|Readout|CN=0|B0=2|B1=3|K=1280|L=320|p_B=0.75|p_C=0.75|B=2|eps=0|e6550d4e-6d1e-4f62-89ea-caa9422ff06f/ already exists.
./circuit_plots/Unrestricted Disentangled|Readout|CN=0|B0=2|B1=3|K=1280|L=320|p_B=0.75|p_C=0.75|B=2|eps=0|e6550d4e-6d1e-4f62-89ea-caa9422ff06f/ already exists.
./circuit_plots/Unrestricted Disentangled|Readout|CN=0|B0=2|B1=3|K=1280|L=320|p_B=0.75|p_C=0.75|B=2|eps=0|e6550d4e-6d1e-4f62-89ea-caa9422ff06f/ already exists.
./circuit_plots/Unrestricted Disentangled|Readout|CN=0|B0=2|B1=3|K=1280|L=320|p_B=0.75|p_C=0.75|B=2|eps=0|e6550d4e-6d1e-4f62-89ea-caa9422ff06f/ already exists.
./circuit_plots/Unrestricted Disentangled|Readout|CN=0|B0=2|B1=3|K=1280|L=320|p_B=0.75|p_C=0.75|B=2|eps=0|e6550d4e-6d1e-4f62-89ea-caa9422ff06f/ already exists.
Epoch: 7450, Loss: 5.489026069641113
Test acc: 0.1234, IC acc: 0.0045, IC acc2: 0.0009, IW acc: 0.4777
Epoch: 7451, Loss: 5.611538887023926
Epoch: 7452, Loss: 5.591381549835205
Epoch: 7453, Loss: 5.586067199707031
Epoch: 7454, Loss: 5.601224899291992
Epoch: 7455, Loss: 5.6221466064453125
Epoch: 7456, Loss: 5.515820026397705
Epoch: 7457, Loss: 5.632741928100586
Epoch: 7458, Loss: 5.599902153015137
Epoch: 7459, Loss: 5.633882522583008
Epoch: 7460, Loss: 5.623225212097168
Test acc: 0.1233, IC acc: 0.0045, IC acc2: 0.0009, IW acc: 0.4767
Epoch: 7461, Loss: 5.557634353637695
Epoch: 7462, Loss: 5.5911102294921875
Epoch: 7463, Loss: 5.569179058074951
Epoch: 7464, Loss: 5.5981831550598145
Epoch: 7465, Loss: 5.582396507263184
Epoch: 7466, Loss: 5.625941276550293
Epoch: 7467, Loss: 5.5466718673706055
Epoch: 7468, Loss: 5.643885135650635
Epoch: 7469, Loss: 5.631814956665039
Epoch: 7470, Loss: 5.621379375457764
Test acc: 0.123, IC acc: 0.0045, IC acc2: 0.0009, IW acc: 0.4765
Epoch: 7471, Loss: 5.563962936401367
Epoch: 7472, Loss: 5.649034023284912
Epoch: 7473, Loss: 5.613918304443359
Epoch: 7474, Loss: 5.608255863189697
Epoch: 7475, Loss: 5.622969150543213
Epoch: 7476, Loss: 5.661037921905518
Epoch: 7477, Loss: 5.68073844909668
Epoch: 7478, Loss: 5.577004432678223
Epoch: 7479, Loss: 5.630792617797852
Epoch: 7480, Loss: 5.679490089416504
Test acc: 0.1223, IC acc: 0.0045, IC acc2: 0.0009, IW acc: 0.4747
Epoch: 7481, Loss: 5.572534561157227
Epoch: 7482, Loss: 5.602025508880615
Epoch: 7483, Loss: 5.622255325317383
Epoch: 7484, Loss: 5.495718002319336
Epoch: 7485, Loss: 5.622125148773193
Epoch: 7486, Loss: 5.572189807891846
Epoch: 7487, Loss: 5.5468974113464355
Epoch: 7488, Loss: 5.607776641845703
Epoch: 7489, Loss: 5.626588344573975
Epoch: 7490, Loss: 5.613449573516846
Test acc: 0.1228, IC acc: 0.0045, IC acc2: 0.0009, IW acc: 0.477
Epoch: 7491, Loss: 5.632238388061523
Epoch: 7492, Loss: 5.5845794677734375
Epoch: 7493, Loss: 5.670877933502197
Epoch: 7494, Loss: 5.609245300292969
Epoch: 7495, Loss: 5.533074855804443
Epoch: 7496, Loss: 5.633581161499023
Epoch: 7497, Loss: 5.611055850982666
Epoch: 7498, Loss: 5.633081436157227
Epoch: 7499, Loss: 5.660529136657715
./circuit_plots/Unrestricted Disentangled|Readout|CN=0|B0=2|B1=3|K=1280|L=320|p_B=0.75|p_C=0.75|B=2|eps=0|e6550d4e-6d1e-4f62-89ea-caa9422ff06f/ already exists.
./circuit_plots/Unrestricted Disentangled|Readout|CN=0|B0=2|B1=3|K=1280|L=320|p_B=0.75|p_C=0.75|B=2|eps=0|e6550d4e-6d1e-4f62-89ea-caa9422ff06f/ already exists.
./circuit_plots/Unrestricted Disentangled|Readout|CN=0|B0=2|B1=3|K=1280|L=320|p_B=0.75|p_C=0.75|B=2|eps=0|e6550d4e-6d1e-4f62-89ea-caa9422ff06f/ already exists.
./circuit_plots/Unrestricted Disentangled|Readout|CN=0|B0=2|B1=3|K=1280|L=320|p_B=0.75|p_C=0.75|B=2|eps=0|e6550d4e-6d1e-4f62-89ea-caa9422ff06f/ already exists.
./circuit_plots/Unrestricted Disentangled|Readout|CN=0|B0=2|B1=3|K=1280|L=320|p_B=0.75|p_C=0.75|B=2|eps=0|e6550d4e-6d1e-4f62-89ea-caa9422ff06f/ already exists.
./circuit_plots/Unrestricted Disentangled|Readout|CN=0|B0=2|B1=3|K=1280|L=320|p_B=0.75|p_C=0.75|B=2|eps=0|e6550d4e-6d1e-4f62-89ea-caa9422ff06f/ already exists.
./circuit_plots/Unrestricted Disentangled|Readout|CN=0|B0=2|B1=3|K=1280|L=320|p_B=0.75|p_C=0.75|B=2|eps=0|e6550d4e-6d1e-4f62-89ea-caa9422ff06f/ already exists.
Epoch: 7500, Loss: 5.628601551055908
Test acc: 0.1226, IC acc: 0.0045, IC acc2: 0.0009, IW acc: 0.4768
Epoch: 7501, Loss: 5.685637474060059
Epoch: 7502, Loss: 5.600156784057617
Epoch: 7503, Loss: 5.573789119720459
Epoch: 7504, Loss: 5.638554573059082
Epoch: 7505, Loss: 5.612290382385254
Epoch: 7506, Loss: 5.7052693367004395
Epoch: 7507, Loss: 5.588959217071533
Epoch: 7508, Loss: 5.554238319396973
Epoch: 7509, Loss: 5.588240623474121
Epoch: 7510, Loss: 5.583164691925049
Test acc: 0.1238, IC acc: 0.0045, IC acc2: 0.0009, IW acc: 0.4786
Epoch: 7511, Loss: 5.541845321655273
Epoch: 7512, Loss: 5.597764015197754
Epoch: 7513, Loss: 5.555644989013672
Epoch: 7514, Loss: 5.610813140869141
Epoch: 7515, Loss: 5.571018695831299
Epoch: 7516, Loss: 5.594555854797363
Epoch: 7517, Loss: 5.522225379943848
Epoch: 7518, Loss: 5.628507614135742
Epoch: 7519, Loss: 5.612006187438965
Epoch: 7520, Loss: 5.569239616394043
Test acc: 0.1239, IC acc: 0.0045, IC acc2: 0.0009, IW acc: 0.4798
Epoch: 7521, Loss: 5.551112174987793
Epoch: 7522, Loss: 5.657192230224609
Epoch: 7523, Loss: 5.694002628326416
Epoch: 7524, Loss: 5.633561134338379
Epoch: 7525, Loss: 5.5439534187316895
Epoch: 7526, Loss: 5.553893089294434
Epoch: 7527, Loss: 5.65860652923584
Epoch: 7528, Loss: 5.643973350524902
Epoch: 7529, Loss: 5.570826530456543
Epoch: 7530, Loss: 5.5359063148498535
Test acc: 0.1243, IC acc: 0.0045, IC acc2: 0.0009, IW acc: 0.4822
Epoch: 7531, Loss: 5.5903401374816895
Epoch: 7532, Loss: 5.6234612464904785
Epoch: 7533, Loss: 5.541774272918701
Epoch: 7534, Loss: 5.587986946105957
Epoch: 7535, Loss: 5.568413257598877
Epoch: 7536, Loss: 5.581315040588379
Epoch: 7537, Loss: 5.609655380249023
Epoch: 7538, Loss: 5.613807678222656
Epoch: 7539, Loss: 5.582069396972656
Epoch: 7540, Loss: 5.57676362991333
Test acc: 0.1239, IC acc: 0.0045, IC acc2: 0.0009, IW acc: 0.4816
Epoch: 7541, Loss: 5.603517532348633
Epoch: 7542, Loss: 5.604887008666992
Epoch: 7543, Loss: 5.506378173828125
Epoch: 7544, Loss: 5.591882228851318
Epoch: 7545, Loss: 5.612586498260498
Epoch: 7546, Loss: 5.623055458068848
Epoch: 7547, Loss: 5.607913970947266
Epoch: 7548, Loss: 5.556919574737549
Epoch: 7549, Loss: 5.570038318634033
./circuit_plots/Unrestricted Disentangled|Readout|CN=0|B0=2|B1=3|K=1280|L=320|p_B=0.75|p_C=0.75|B=2|eps=0|e6550d4e-6d1e-4f62-89ea-caa9422ff06f/ already exists.
./circuit_plots/Unrestricted Disentangled|Readout|CN=0|B0=2|B1=3|K=1280|L=320|p_B=0.75|p_C=0.75|B=2|eps=0|e6550d4e-6d1e-4f62-89ea-caa9422ff06f/ already exists.
./circuit_plots/Unrestricted Disentangled|Readout|CN=0|B0=2|B1=3|K=1280|L=320|p_B=0.75|p_C=0.75|B=2|eps=0|e6550d4e-6d1e-4f62-89ea-caa9422ff06f/ already exists.
./circuit_plots/Unrestricted Disentangled|Readout|CN=0|B0=2|B1=3|K=1280|L=320|p_B=0.75|p_C=0.75|B=2|eps=0|e6550d4e-6d1e-4f62-89ea-caa9422ff06f/ already exists.
./circuit_plots/Unrestricted Disentangled|Readout|CN=0|B0=2|B1=3|K=1280|L=320|p_B=0.75|p_C=0.75|B=2|eps=0|e6550d4e-6d1e-4f62-89ea-caa9422ff06f/ already exists.
./circuit_plots/Unrestricted Disentangled|Readout|CN=0|B0=2|B1=3|K=1280|L=320|p_B=0.75|p_C=0.75|B=2|eps=0|e6550d4e-6d1e-4f62-89ea-caa9422ff06f/ already exists.
./circuit_plots/Unrestricted Disentangled|Readout|CN=0|B0=2|B1=3|K=1280|L=320|p_B=0.75|p_C=0.75|B=2|eps=0|e6550d4e-6d1e-4f62-89ea-caa9422ff06f/ already exists.
Epoch: 7550, Loss: 5.591261863708496
Test acc: 0.1243, IC acc: 0.0045, IC acc2: 0.0009, IW acc: 0.4833
Epoch: 7551, Loss: 5.548748016357422
Epoch: 7552, Loss: 5.6440582275390625
Epoch: 7553, Loss: 5.603757858276367
Epoch: 7554, Loss: 5.605212688446045
Epoch: 7555, Loss: 5.630892753601074
Epoch: 7556, Loss: 5.663636207580566
Epoch: 7557, Loss: 5.603046894073486
Epoch: 7558, Loss: 5.617295265197754
Epoch: 7559, Loss: 5.561733245849609
Epoch: 7560, Loss: 5.5865983963012695
Test acc: 0.1242, IC acc: 0.0045, IC acc2: 0.0009, IW acc: 0.4814
Epoch: 7561, Loss: 5.632379531860352
Epoch: 7562, Loss: 5.570531845092773
Epoch: 7563, Loss: 5.609115123748779
Epoch: 7564, Loss: 5.64652156829834
Epoch: 7565, Loss: 5.61181640625
Epoch: 7566, Loss: 5.645503044128418
Epoch: 7567, Loss: 5.636331558227539
Epoch: 7568, Loss: 5.590080261230469
Epoch: 7569, Loss: 5.721766471862793
Epoch: 7570, Loss: 5.591891288757324
Test acc: 0.1243, IC acc: 0.0045, IC acc2: 0.0009, IW acc: 0.4816
Epoch: 7571, Loss: 5.628440856933594
Epoch: 7572, Loss: 5.674402236938477
Epoch: 7573, Loss: 5.536230087280273
Epoch: 7574, Loss: 5.580183982849121
Epoch: 7575, Loss: 5.530223846435547
Epoch: 7576, Loss: 5.672211647033691
Epoch: 7577, Loss: 5.560395240783691
Epoch: 7578, Loss: 5.562074661254883
Epoch: 7579, Loss: 5.677248001098633
Epoch: 7580, Loss: 5.558427810668945
Test acc: 0.1248, IC acc: 0.0045, IC acc2: 0.0009, IW acc: 0.484
Epoch: 7581, Loss: 5.582449913024902
Epoch: 7582, Loss: 5.615841865539551
Epoch: 7583, Loss: 5.5901689529418945
Epoch: 7584, Loss: 5.6017961502075195
Epoch: 7585, Loss: 5.609332084655762
Epoch: 7586, Loss: 5.600142478942871
Epoch: 7587, Loss: 5.603054046630859
Epoch: 7588, Loss: 5.6613240242004395
Epoch: 7589, Loss: 5.682168960571289
Epoch: 7590, Loss: 5.63160514831543
Test acc: 0.1255, IC acc: 0.0045, IC acc2: 0.0009, IW acc: 0.4864
Epoch: 7591, Loss: 5.59544563293457
Epoch: 7592, Loss: 5.591185569763184
Epoch: 7593, Loss: 5.598954200744629
Epoch: 7594, Loss: 5.604337215423584
Epoch: 7595, Loss: 5.61178731918335
Epoch: 7596, Loss: 5.591909408569336
Epoch: 7597, Loss: 5.579007148742676
Epoch: 7598, Loss: 5.588234901428223
Epoch: 7599, Loss: 5.626044750213623
./circuit_plots/Unrestricted Disentangled|Readout|CN=0|B0=2|B1=3|K=1280|L=320|p_B=0.75|p_C=0.75|B=2|eps=0|e6550d4e-6d1e-4f62-89ea-caa9422ff06f/ already exists.
./circuit_plots/Unrestricted Disentangled|Readout|CN=0|B0=2|B1=3|K=1280|L=320|p_B=0.75|p_C=0.75|B=2|eps=0|e6550d4e-6d1e-4f62-89ea-caa9422ff06f/ already exists.
./circuit_plots/Unrestricted Disentangled|Readout|CN=0|B0=2|B1=3|K=1280|L=320|p_B=0.75|p_C=0.75|B=2|eps=0|e6550d4e-6d1e-4f62-89ea-caa9422ff06f/ already exists.
./circuit_plots/Unrestricted Disentangled|Readout|CN=0|B0=2|B1=3|K=1280|L=320|p_B=0.75|p_C=0.75|B=2|eps=0|e6550d4e-6d1e-4f62-89ea-caa9422ff06f/ already exists.
./circuit_plots/Unrestricted Disentangled|Readout|CN=0|B0=2|B1=3|K=1280|L=320|p_B=0.75|p_C=0.75|B=2|eps=0|e6550d4e-6d1e-4f62-89ea-caa9422ff06f/ already exists.
./circuit_plots/Unrestricted Disentangled|Readout|CN=0|B0=2|B1=3|K=1280|L=320|p_B=0.75|p_C=0.75|B=2|eps=0|e6550d4e-6d1e-4f62-89ea-caa9422ff06f/ already exists.
./circuit_plots/Unrestricted Disentangled|Readout|CN=0|B0=2|B1=3|K=1280|L=320|p_B=0.75|p_C=0.75|B=2|eps=0|e6550d4e-6d1e-4f62-89ea-caa9422ff06f/ already exists.
Epoch: 7600, Loss: 5.629634857177734
Test acc: 0.1245, IC acc: 0.0045, IC acc2: 0.0009, IW acc: 0.4846
Epoch: 7601, Loss: 5.635313034057617
Epoch: 7602, Loss: 5.538059234619141
Epoch: 7603, Loss: 5.639857769012451
Epoch: 7604, Loss: 5.631307125091553
Epoch: 7605, Loss: 5.599554061889648
Epoch: 7606, Loss: 5.594707012176514
Epoch: 7607, Loss: 5.590299606323242
Epoch: 7608, Loss: 5.584898948669434
Epoch: 7609, Loss: 5.593942165374756
Epoch: 7610, Loss: 5.55233907699585
Test acc: 0.1248, IC acc: 0.0045, IC acc2: 0.0009, IW acc: 0.4836
Epoch: 7611, Loss: 5.651701927185059
Epoch: 7612, Loss: 5.621912956237793
Epoch: 7613, Loss: 5.592360496520996
Epoch: 7614, Loss: 5.621495246887207
Epoch: 7615, Loss: 5.576047897338867
Epoch: 7616, Loss: 5.554987907409668
Epoch: 7617, Loss: 5.592891693115234
Epoch: 7618, Loss: 5.6383957862854
Epoch: 7619, Loss: 5.647591590881348
Epoch: 7620, Loss: 5.613861560821533
Test acc: 0.125, IC acc: 0.0045, IC acc2: 0.0009, IW acc: 0.4836
Epoch: 7621, Loss: 5.532217979431152
Epoch: 7622, Loss: 5.587841987609863
Epoch: 7623, Loss: 5.609042167663574
Epoch: 7624, Loss: 5.576597213745117
Epoch: 7625, Loss: 5.661673545837402
Epoch: 7626, Loss: 5.642522811889648
Epoch: 7627, Loss: 5.6859235763549805
Epoch: 7628, Loss: 5.599231719970703
Epoch: 7629, Loss: 5.5744805335998535
Epoch: 7630, Loss: 5.5742669105529785
Test acc: 0.1263, IC acc: 0.0045, IC acc2: 0.0009, IW acc: 0.487
Epoch: 7631, Loss: 5.632335186004639
Epoch: 7632, Loss: 5.545563697814941
Epoch: 7633, Loss: 5.658506870269775
Epoch: 7634, Loss: 5.669808387756348
Epoch: 7635, Loss: 5.584346771240234
Epoch: 7636, Loss: 5.629167079925537
Epoch: 7637, Loss: 5.61088752746582
Epoch: 7638, Loss: 5.631131649017334
Epoch: 7639, Loss: 5.666098594665527
Epoch: 7640, Loss: 5.6335320472717285
Test acc: 0.1271, IC acc: 0.0045, IC acc2: 0.0009, IW acc: 0.4906
Epoch: 7641, Loss: 5.642153263092041
Epoch: 7642, Loss: 5.687305450439453
Epoch: 7643, Loss: 5.643552780151367
Epoch: 7644, Loss: 5.524887561798096
Epoch: 7645, Loss: 5.56057071685791
Epoch: 7646, Loss: 5.626133918762207
Epoch: 7647, Loss: 5.6255035400390625
Epoch: 7648, Loss: 5.5781402587890625
Epoch: 7649, Loss: 5.572570323944092
./circuit_plots/Unrestricted Disentangled|Readout|CN=0|B0=2|B1=3|K=1280|L=320|p_B=0.75|p_C=0.75|B=2|eps=0|e6550d4e-6d1e-4f62-89ea-caa9422ff06f/ already exists.
./circuit_plots/Unrestricted Disentangled|Readout|CN=0|B0=2|B1=3|K=1280|L=320|p_B=0.75|p_C=0.75|B=2|eps=0|e6550d4e-6d1e-4f62-89ea-caa9422ff06f/ already exists.
./circuit_plots/Unrestricted Disentangled|Readout|CN=0|B0=2|B1=3|K=1280|L=320|p_B=0.75|p_C=0.75|B=2|eps=0|e6550d4e-6d1e-4f62-89ea-caa9422ff06f/ already exists.
./circuit_plots/Unrestricted Disentangled|Readout|CN=0|B0=2|B1=3|K=1280|L=320|p_B=0.75|p_C=0.75|B=2|eps=0|e6550d4e-6d1e-4f62-89ea-caa9422ff06f/ already exists.
./circuit_plots/Unrestricted Disentangled|Readout|CN=0|B0=2|B1=3|K=1280|L=320|p_B=0.75|p_C=0.75|B=2|eps=0|e6550d4e-6d1e-4f62-89ea-caa9422ff06f/ already exists.
./circuit_plots/Unrestricted Disentangled|Readout|CN=0|B0=2|B1=3|K=1280|L=320|p_B=0.75|p_C=0.75|B=2|eps=0|e6550d4e-6d1e-4f62-89ea-caa9422ff06f/ already exists.
./circuit_plots/Unrestricted Disentangled|Readout|CN=0|B0=2|B1=3|K=1280|L=320|p_B=0.75|p_C=0.75|B=2|eps=0|e6550d4e-6d1e-4f62-89ea-caa9422ff06f/ already exists.
Epoch: 7650, Loss: 5.618073463439941
Test acc: 0.1264, IC acc: 0.0047, IC acc2: 0.0009, IW acc: 0.4895
Epoch: 7651, Loss: 5.640344619750977
Epoch: 7652, Loss: 5.644801139831543
Epoch: 7653, Loss: 5.618802070617676
Epoch: 7654, Loss: 5.550543785095215
Epoch: 7655, Loss: 5.577966690063477
Epoch: 7656, Loss: 5.557589054107666
Epoch: 7657, Loss: 5.580354690551758
Epoch: 7658, Loss: 5.578718185424805
Epoch: 7659, Loss: 5.662128448486328
Epoch: 7660, Loss: 5.613687515258789
Test acc: 0.1265, IC acc: 0.0045, IC acc2: 0.0009, IW acc: 0.4899
Epoch: 7661, Loss: 5.586408615112305
Epoch: 7662, Loss: 5.603480339050293
Epoch: 7663, Loss: 5.5630669593811035
Epoch: 7664, Loss: 5.614604949951172
Epoch: 7665, Loss: 5.594327449798584
Epoch: 7666, Loss: 5.671512603759766
Epoch: 7667, Loss: 5.585845947265625
Epoch: 7668, Loss: 5.60994815826416
Epoch: 7669, Loss: 5.642356872558594
Epoch: 7670, Loss: 5.669370651245117
Test acc: 0.127, IC acc: 0.0045, IC acc2: 0.0009, IW acc: 0.4935
Epoch: 7671, Loss: 5.604168891906738
Epoch: 7672, Loss: 5.636950492858887
Epoch: 7673, Loss: 5.605306625366211
Epoch: 7674, Loss: 5.665028095245361
Epoch: 7675, Loss: 5.586572647094727
Epoch: 7676, Loss: 5.677605628967285
Epoch: 7677, Loss: 5.542863845825195
Epoch: 7678, Loss: 5.624808311462402
Epoch: 7679, Loss: 5.542581558227539
Epoch: 7680, Loss: 5.628847122192383
Test acc: 0.1274, IC acc: 0.0047, IC acc2: 0.0009, IW acc: 0.4929
Epoch: 7681, Loss: 5.607545375823975
Epoch: 7682, Loss: 5.566107273101807
Epoch: 7683, Loss: 5.52322244644165
Epoch: 7684, Loss: 5.605172634124756
Epoch: 7685, Loss: 5.524594306945801
Epoch: 7686, Loss: 5.547737121582031
Epoch: 7687, Loss: 5.624362945556641
Epoch: 7688, Loss: 5.578523635864258
Epoch: 7689, Loss: 5.558656215667725
Epoch: 7690, Loss: 5.567965507507324
Test acc: 0.1276, IC acc: 0.0047, IC acc2: 0.0009, IW acc: 0.4926
Epoch: 7691, Loss: 5.616629123687744
Epoch: 7692, Loss: 5.626713752746582
Epoch: 7693, Loss: 5.624904632568359
Epoch: 7694, Loss: 5.528210639953613
Epoch: 7695, Loss: 5.612373352050781
Epoch: 7696, Loss: 5.558244705200195
Epoch: 7697, Loss: 5.58154296875
Epoch: 7698, Loss: 5.5759687423706055
Epoch: 7699, Loss: 5.596428394317627
./circuit_plots/Unrestricted Disentangled|Readout|CN=0|B0=2|B1=3|K=1280|L=320|p_B=0.75|p_C=0.75|B=2|eps=0|e6550d4e-6d1e-4f62-89ea-caa9422ff06f/ already exists.
./circuit_plots/Unrestricted Disentangled|Readout|CN=0|B0=2|B1=3|K=1280|L=320|p_B=0.75|p_C=0.75|B=2|eps=0|e6550d4e-6d1e-4f62-89ea-caa9422ff06f/ already exists.
./circuit_plots/Unrestricted Disentangled|Readout|CN=0|B0=2|B1=3|K=1280|L=320|p_B=0.75|p_C=0.75|B=2|eps=0|e6550d4e-6d1e-4f62-89ea-caa9422ff06f/ already exists.
./circuit_plots/Unrestricted Disentangled|Readout|CN=0|B0=2|B1=3|K=1280|L=320|p_B=0.75|p_C=0.75|B=2|eps=0|e6550d4e-6d1e-4f62-89ea-caa9422ff06f/ already exists.
./circuit_plots/Unrestricted Disentangled|Readout|CN=0|B0=2|B1=3|K=1280|L=320|p_B=0.75|p_C=0.75|B=2|eps=0|e6550d4e-6d1e-4f62-89ea-caa9422ff06f/ already exists.
./circuit_plots/Unrestricted Disentangled|Readout|CN=0|B0=2|B1=3|K=1280|L=320|p_B=0.75|p_C=0.75|B=2|eps=0|e6550d4e-6d1e-4f62-89ea-caa9422ff06f/ already exists.
./circuit_plots/Unrestricted Disentangled|Readout|CN=0|B0=2|B1=3|K=1280|L=320|p_B=0.75|p_C=0.75|B=2|eps=0|e6550d4e-6d1e-4f62-89ea-caa9422ff06f/ already exists.
Epoch: 7700, Loss: 5.617773056030273
Test acc: 0.1278, IC acc: 0.004, IC acc2: 0.0009, IW acc: 0.4949
Epoch: 7701, Loss: 5.591861248016357
Epoch: 7702, Loss: 5.6124444007873535
Epoch: 7703, Loss: 5.6186323165893555
Epoch: 7704, Loss: 5.551288604736328
Epoch: 7705, Loss: 5.652906894683838
Epoch: 7706, Loss: 5.537596225738525
Epoch: 7707, Loss: 5.622102737426758
Epoch: 7708, Loss: 5.537052154541016
Epoch: 7709, Loss: 5.55086088180542
Epoch: 7710, Loss: 5.604360103607178
Test acc: 0.1277, IC acc: 0.004, IC acc2: 0.0009, IW acc: 0.4942
Epoch: 7711, Loss: 5.639895915985107
Epoch: 7712, Loss: 5.6425299644470215
Epoch: 7713, Loss: 5.573683738708496
Epoch: 7714, Loss: 5.638096809387207
Epoch: 7715, Loss: 5.502103328704834
Epoch: 7716, Loss: 5.678623199462891
Epoch: 7717, Loss: 5.575439929962158
Epoch: 7718, Loss: 5.669723987579346
Epoch: 7719, Loss: 5.62169075012207
Epoch: 7720, Loss: 5.568398475646973
Test acc: 0.1284, IC acc: 0.0042, IC acc2: 0.0009, IW acc: 0.4977
Epoch: 7721, Loss: 5.64265251159668
Epoch: 7722, Loss: 5.611231803894043
Epoch: 7723, Loss: 5.668932914733887
Epoch: 7724, Loss: 5.640412330627441
Epoch: 7725, Loss: 5.620636940002441
Epoch: 7726, Loss: 5.591866970062256
Epoch: 7727, Loss: 5.509283542633057
Epoch: 7728, Loss: 5.5860819816589355
Epoch: 7729, Loss: 5.608159065246582
Epoch: 7730, Loss: 5.667394161224365
Test acc: 0.129, IC acc: 0.0042, IC acc2: 0.0009, IW acc: 0.4993
Epoch: 7731, Loss: 5.5416107177734375
Epoch: 7732, Loss: 5.551179885864258
Epoch: 7733, Loss: 5.575425148010254
Epoch: 7734, Loss: 5.626059532165527
Epoch: 7735, Loss: 5.580316543579102
Epoch: 7736, Loss: 5.646844863891602
Epoch: 7737, Loss: 5.667606353759766
Epoch: 7738, Loss: 5.666694641113281
Epoch: 7739, Loss: 5.574129104614258
Epoch: 7740, Loss: 5.596640110015869
Test acc: 0.1293, IC acc: 0.0045, IC acc2: 0.0009, IW acc: 0.5
Epoch: 7741, Loss: 5.490209579467773
Epoch: 7742, Loss: 5.616409778594971
Epoch: 7743, Loss: 5.54817008972168
Epoch: 7744, Loss: 5.604709625244141
Epoch: 7745, Loss: 5.535649299621582
Epoch: 7746, Loss: 5.561688423156738
Epoch: 7747, Loss: 5.582748889923096
Epoch: 7748, Loss: 5.630627632141113
Epoch: 7749, Loss: 5.533014297485352
./circuit_plots/Unrestricted Disentangled|Readout|CN=0|B0=2|B1=3|K=1280|L=320|p_B=0.75|p_C=0.75|B=2|eps=0|e6550d4e-6d1e-4f62-89ea-caa9422ff06f/ already exists.
./circuit_plots/Unrestricted Disentangled|Readout|CN=0|B0=2|B1=3|K=1280|L=320|p_B=0.75|p_C=0.75|B=2|eps=0|e6550d4e-6d1e-4f62-89ea-caa9422ff06f/ already exists.
./circuit_plots/Unrestricted Disentangled|Readout|CN=0|B0=2|B1=3|K=1280|L=320|p_B=0.75|p_C=0.75|B=2|eps=0|e6550d4e-6d1e-4f62-89ea-caa9422ff06f/ already exists.
./circuit_plots/Unrestricted Disentangled|Readout|CN=0|B0=2|B1=3|K=1280|L=320|p_B=0.75|p_C=0.75|B=2|eps=0|e6550d4e-6d1e-4f62-89ea-caa9422ff06f/ already exists.
./circuit_plots/Unrestricted Disentangled|Readout|CN=0|B0=2|B1=3|K=1280|L=320|p_B=0.75|p_C=0.75|B=2|eps=0|e6550d4e-6d1e-4f62-89ea-caa9422ff06f/ already exists.
./circuit_plots/Unrestricted Disentangled|Readout|CN=0|B0=2|B1=3|K=1280|L=320|p_B=0.75|p_C=0.75|B=2|eps=0|e6550d4e-6d1e-4f62-89ea-caa9422ff06f/ already exists.
./circuit_plots/Unrestricted Disentangled|Readout|CN=0|B0=2|B1=3|K=1280|L=320|p_B=0.75|p_C=0.75|B=2|eps=0|e6550d4e-6d1e-4f62-89ea-caa9422ff06f/ already exists.
Epoch: 7750, Loss: 5.590982437133789
Test acc: 0.1299, IC acc: 0.0042, IC acc2: 0.0009, IW acc: 0.5021
Epoch: 7751, Loss: 5.516261100769043
Epoch: 7752, Loss: 5.55622673034668
Epoch: 7753, Loss: 5.5905442237854
Epoch: 7754, Loss: 5.583799839019775
Epoch: 7755, Loss: 5.523186206817627
Epoch: 7756, Loss: 5.593687057495117
Epoch: 7757, Loss: 5.616599082946777
Epoch: 7758, Loss: 5.602482318878174
Epoch: 7759, Loss: 5.590524673461914
Epoch: 7760, Loss: 5.6642255783081055
Test acc: 0.1302, IC acc: 0.0042, IC acc2: 0.0009, IW acc: 0.5015
Epoch: 7761, Loss: 5.621851921081543
Epoch: 7762, Loss: 5.56172513961792
Epoch: 7763, Loss: 5.609185695648193
Epoch: 7764, Loss: 5.638275146484375
Epoch: 7765, Loss: 5.610718727111816
Epoch: 7766, Loss: 5.6197710037231445
Epoch: 7767, Loss: 5.60577917098999
Epoch: 7768, Loss: 5.644752025604248
Epoch: 7769, Loss: 5.516467094421387
Epoch: 7770, Loss: 5.663330078125
Test acc: 0.1305, IC acc: 0.0042, IC acc2: 0.0009, IW acc: 0.5034
Epoch: 7771, Loss: 5.630818843841553
Epoch: 7772, Loss: 5.65302038192749
Epoch: 7773, Loss: 5.632839202880859
Epoch: 7774, Loss: 5.5740885734558105
Epoch: 7775, Loss: 5.59807014465332
Epoch: 7776, Loss: 5.619083404541016
Epoch: 7777, Loss: 5.554181098937988
Epoch: 7778, Loss: 5.562324523925781
Epoch: 7779, Loss: 5.566803932189941
Epoch: 7780, Loss: 5.590420246124268
Test acc: 0.1306, IC acc: 0.0047, IC acc2: 0.0009, IW acc: 0.5047
Epoch: 7781, Loss: 5.584499359130859
Epoch: 7782, Loss: 5.570494651794434
Epoch: 7783, Loss: 5.646557807922363
Epoch: 7784, Loss: 5.526541233062744
Epoch: 7785, Loss: 5.596344947814941
Epoch: 7786, Loss: 5.596517562866211
Epoch: 7787, Loss: 5.602999210357666
Epoch: 7788, Loss: 5.628615379333496
Epoch: 7789, Loss: 5.545932292938232
Epoch: 7790, Loss: 5.578193187713623
Test acc: 0.1307, IC acc: 0.0042, IC acc2: 0.0009, IW acc: 0.5056
Epoch: 7791, Loss: 5.574858665466309
Epoch: 7792, Loss: 5.542356491088867
Epoch: 7793, Loss: 5.589179515838623
Epoch: 7794, Loss: 5.5480570793151855
Epoch: 7795, Loss: 5.520029067993164
Epoch: 7796, Loss: 5.557074546813965
Epoch: 7797, Loss: 5.67825984954834
Epoch: 7798, Loss: 5.628183364868164
Epoch: 7799, Loss: 5.664163589477539
./circuit_plots/Unrestricted Disentangled|Readout|CN=0|B0=2|B1=3|K=1280|L=320|p_B=0.75|p_C=0.75|B=2|eps=0|e6550d4e-6d1e-4f62-89ea-caa9422ff06f/ already exists.
./circuit_plots/Unrestricted Disentangled|Readout|CN=0|B0=2|B1=3|K=1280|L=320|p_B=0.75|p_C=0.75|B=2|eps=0|e6550d4e-6d1e-4f62-89ea-caa9422ff06f/ already exists.
./circuit_plots/Unrestricted Disentangled|Readout|CN=0|B0=2|B1=3|K=1280|L=320|p_B=0.75|p_C=0.75|B=2|eps=0|e6550d4e-6d1e-4f62-89ea-caa9422ff06f/ already exists.
./circuit_plots/Unrestricted Disentangled|Readout|CN=0|B0=2|B1=3|K=1280|L=320|p_B=0.75|p_C=0.75|B=2|eps=0|e6550d4e-6d1e-4f62-89ea-caa9422ff06f/ already exists.
./circuit_plots/Unrestricted Disentangled|Readout|CN=0|B0=2|B1=3|K=1280|L=320|p_B=0.75|p_C=0.75|B=2|eps=0|e6550d4e-6d1e-4f62-89ea-caa9422ff06f/ already exists.
./circuit_plots/Unrestricted Disentangled|Readout|CN=0|B0=2|B1=3|K=1280|L=320|p_B=0.75|p_C=0.75|B=2|eps=0|e6550d4e-6d1e-4f62-89ea-caa9422ff06f/ already exists.
./circuit_plots/Unrestricted Disentangled|Readout|CN=0|B0=2|B1=3|K=1280|L=320|p_B=0.75|p_C=0.75|B=2|eps=0|e6550d4e-6d1e-4f62-89ea-caa9422ff06f/ already exists.
Epoch: 7800, Loss: 5.621103763580322
Test acc: 0.1306, IC acc: 0.004, IC acc2: 0.0009, IW acc: 0.5047
Epoch: 7801, Loss: 5.606558799743652
Epoch: 7802, Loss: 5.600282192230225
Epoch: 7803, Loss: 5.585515022277832
Epoch: 7804, Loss: 5.5777716636657715
Epoch: 7805, Loss: 5.628734588623047
Epoch: 7806, Loss: 5.624580383300781
Epoch: 7807, Loss: 5.590260028839111
Epoch: 7808, Loss: 5.585328578948975
Epoch: 7809, Loss: 5.570696830749512
Epoch: 7810, Loss: 5.6071062088012695
Test acc: 0.1305, IC acc: 0.004, IC acc2: 0.0009, IW acc: 0.5025
Epoch: 7811, Loss: 5.561208724975586
Epoch: 7812, Loss: 5.585453033447266
Epoch: 7813, Loss: 5.619131088256836
Epoch: 7814, Loss: 5.564981460571289
Epoch: 7815, Loss: 5.630830764770508
Epoch: 7816, Loss: 5.5791096687316895
Epoch: 7817, Loss: 5.546066761016846
Epoch: 7818, Loss: 5.622855186462402
Epoch: 7819, Loss: 5.50022029876709
Epoch: 7820, Loss: 5.5407233238220215
Test acc: 0.1305, IC acc: 0.004, IC acc2: 0.0009, IW acc: 0.5023
Epoch: 7821, Loss: 5.559249401092529
Epoch: 7822, Loss: 5.523865699768066
Epoch: 7823, Loss: 5.5647149085998535
Epoch: 7824, Loss: 5.552554130554199
Epoch: 7825, Loss: 5.674441337585449
Epoch: 7826, Loss: 5.532115936279297
Epoch: 7827, Loss: 5.551363945007324
Epoch: 7828, Loss: 5.615550994873047
Epoch: 7829, Loss: 5.559975624084473
Epoch: 7830, Loss: 5.664458274841309
Test acc: 0.1306, IC acc: 0.004, IC acc2: 0.0009, IW acc: 0.5021
Epoch: 7831, Loss: 5.633515357971191
Epoch: 7832, Loss: 5.537888050079346
Epoch: 7833, Loss: 5.595270156860352
Epoch: 7834, Loss: 5.601422309875488
Epoch: 7835, Loss: 5.597507476806641
Epoch: 7836, Loss: 5.551963806152344
Epoch: 7837, Loss: 5.657047748565674
Epoch: 7838, Loss: 5.632523536682129
Epoch: 7839, Loss: 5.555570125579834
Epoch: 7840, Loss: 5.569167137145996
Test acc: 0.1311, IC acc: 0.0045, IC acc2: 0.0009, IW acc: 0.5048
Epoch: 7841, Loss: 5.601256370544434
Epoch: 7842, Loss: 5.569463729858398
Epoch: 7843, Loss: 5.589366912841797
Epoch: 7844, Loss: 5.573473930358887
Epoch: 7845, Loss: 5.631322383880615
Epoch: 7846, Loss: 5.697251319885254
Epoch: 7847, Loss: 5.633880138397217
Epoch: 7848, Loss: 5.651460647583008
Epoch: 7849, Loss: 5.59638786315918
./circuit_plots/Unrestricted Disentangled|Readout|CN=0|B0=2|B1=3|K=1280|L=320|p_B=0.75|p_C=0.75|B=2|eps=0|e6550d4e-6d1e-4f62-89ea-caa9422ff06f/ already exists.
./circuit_plots/Unrestricted Disentangled|Readout|CN=0|B0=2|B1=3|K=1280|L=320|p_B=0.75|p_C=0.75|B=2|eps=0|e6550d4e-6d1e-4f62-89ea-caa9422ff06f/ already exists.
./circuit_plots/Unrestricted Disentangled|Readout|CN=0|B0=2|B1=3|K=1280|L=320|p_B=0.75|p_C=0.75|B=2|eps=0|e6550d4e-6d1e-4f62-89ea-caa9422ff06f/ already exists.
./circuit_plots/Unrestricted Disentangled|Readout|CN=0|B0=2|B1=3|K=1280|L=320|p_B=0.75|p_C=0.75|B=2|eps=0|e6550d4e-6d1e-4f62-89ea-caa9422ff06f/ already exists.
./circuit_plots/Unrestricted Disentangled|Readout|CN=0|B0=2|B1=3|K=1280|L=320|p_B=0.75|p_C=0.75|B=2|eps=0|e6550d4e-6d1e-4f62-89ea-caa9422ff06f/ already exists.
./circuit_plots/Unrestricted Disentangled|Readout|CN=0|B0=2|B1=3|K=1280|L=320|p_B=0.75|p_C=0.75|B=2|eps=0|e6550d4e-6d1e-4f62-89ea-caa9422ff06f/ already exists.
./circuit_plots/Unrestricted Disentangled|Readout|CN=0|B0=2|B1=3|K=1280|L=320|p_B=0.75|p_C=0.75|B=2|eps=0|e6550d4e-6d1e-4f62-89ea-caa9422ff06f/ already exists.
Epoch: 7850, Loss: 5.655306816101074
Test acc: 0.1304, IC acc: 0.0045, IC acc2: 0.0009, IW acc: 0.5025
Epoch: 7851, Loss: 5.597339630126953
Epoch: 7852, Loss: 5.5627923011779785
Epoch: 7853, Loss: 5.665704727172852
Epoch: 7854, Loss: 5.57579231262207
Epoch: 7855, Loss: 5.621417045593262
Epoch: 7856, Loss: 5.550058364868164
Epoch: 7857, Loss: 5.537660598754883
Epoch: 7858, Loss: 5.6431779861450195
Epoch: 7859, Loss: 5.605998992919922
Epoch: 7860, Loss: 5.5841498374938965
Test acc: 0.1304, IC acc: 0.0045, IC acc2: 0.0009, IW acc: 0.5032
Epoch: 7861, Loss: 5.602324485778809
Epoch: 7862, Loss: 5.596436500549316
Epoch: 7863, Loss: 5.630904197692871
Epoch: 7864, Loss: 5.642372131347656
Epoch: 7865, Loss: 5.535351753234863
Epoch: 7866, Loss: 5.624247074127197
Epoch: 7867, Loss: 5.629992961883545
Epoch: 7868, Loss: 5.638358116149902
Epoch: 7869, Loss: 5.672998428344727
Epoch: 7870, Loss: 5.593756198883057
Test acc: 0.131, IC acc: 0.004, IC acc2: 0.0009, IW acc: 0.5043
Epoch: 7871, Loss: 5.552495956420898
Epoch: 7872, Loss: 5.631121635437012
Epoch: 7873, Loss: 5.617207050323486
Epoch: 7874, Loss: 5.498373031616211
Epoch: 7875, Loss: 5.589626312255859
Epoch: 7876, Loss: 5.567630290985107
Epoch: 7877, Loss: 5.622438430786133
Epoch: 7878, Loss: 5.55765438079834
Epoch: 7879, Loss: 5.584587097167969
Epoch: 7880, Loss: 5.560564994812012
Test acc: 0.1321, IC acc: 0.0047, IC acc2: 0.0009, IW acc: 0.5095
Epoch: 7881, Loss: 5.6189470291137695
Epoch: 7882, Loss: 5.619562149047852
Epoch: 7883, Loss: 5.650482177734375
Epoch: 7884, Loss: 5.614373683929443
Epoch: 7885, Loss: 5.564812660217285
Epoch: 7886, Loss: 5.618876934051514
Epoch: 7887, Loss: 5.536809921264648
Epoch: 7888, Loss: 5.562470436096191
Epoch: 7889, Loss: 5.618490219116211
Epoch: 7890, Loss: 5.6654767990112305
Test acc: 0.1327, IC acc: 0.0042, IC acc2: 0.0009, IW acc: 0.5117
Epoch: 7891, Loss: 5.5907487869262695
Epoch: 7892, Loss: 5.601634979248047
Epoch: 7893, Loss: 5.602031230926514
Epoch: 7894, Loss: 5.58801794052124
Epoch: 7895, Loss: 5.60838508605957
Epoch: 7896, Loss: 5.598498821258545
Epoch: 7897, Loss: 5.587388515472412
Epoch: 7898, Loss: 5.645236492156982
Epoch: 7899, Loss: 5.646946430206299
./circuit_plots/Unrestricted Disentangled|Readout|CN=0|B0=2|B1=3|K=1280|L=320|p_B=0.75|p_C=0.75|B=2|eps=0|e6550d4e-6d1e-4f62-89ea-caa9422ff06f/ already exists.
./circuit_plots/Unrestricted Disentangled|Readout|CN=0|B0=2|B1=3|K=1280|L=320|p_B=0.75|p_C=0.75|B=2|eps=0|e6550d4e-6d1e-4f62-89ea-caa9422ff06f/ already exists.
./circuit_plots/Unrestricted Disentangled|Readout|CN=0|B0=2|B1=3|K=1280|L=320|p_B=0.75|p_C=0.75|B=2|eps=0|e6550d4e-6d1e-4f62-89ea-caa9422ff06f/ already exists.
./circuit_plots/Unrestricted Disentangled|Readout|CN=0|B0=2|B1=3|K=1280|L=320|p_B=0.75|p_C=0.75|B=2|eps=0|e6550d4e-6d1e-4f62-89ea-caa9422ff06f/ already exists.
./circuit_plots/Unrestricted Disentangled|Readout|CN=0|B0=2|B1=3|K=1280|L=320|p_B=0.75|p_C=0.75|B=2|eps=0|e6550d4e-6d1e-4f62-89ea-caa9422ff06f/ already exists.
./circuit_plots/Unrestricted Disentangled|Readout|CN=0|B0=2|B1=3|K=1280|L=320|p_B=0.75|p_C=0.75|B=2|eps=0|e6550d4e-6d1e-4f62-89ea-caa9422ff06f/ already exists.
./circuit_plots/Unrestricted Disentangled|Readout|CN=0|B0=2|B1=3|K=1280|L=320|p_B=0.75|p_C=0.75|B=2|eps=0|e6550d4e-6d1e-4f62-89ea-caa9422ff06f/ already exists.
Epoch: 7900, Loss: 5.602301597595215
Test acc: 0.1332, IC acc: 0.0042, IC acc2: 0.0009, IW acc: 0.5133
Epoch: 7901, Loss: 5.598762035369873
Epoch: 7902, Loss: 5.554243087768555
Epoch: 7903, Loss: 5.576889514923096
Epoch: 7904, Loss: 5.698944091796875
Epoch: 7905, Loss: 5.562738418579102
Epoch: 7906, Loss: 5.554182052612305
Epoch: 7907, Loss: 5.620746612548828
Epoch: 7908, Loss: 5.625063419342041
Epoch: 7909, Loss: 5.594278335571289
Epoch: 7910, Loss: 5.557011604309082
Test acc: 0.1335, IC acc: 0.0045, IC acc2: 0.0009, IW acc: 0.5118
Epoch: 7911, Loss: 5.678341865539551
Epoch: 7912, Loss: 5.625083923339844
Epoch: 7913, Loss: 5.639122009277344
Epoch: 7914, Loss: 5.697812080383301
Epoch: 7915, Loss: 5.600296974182129
Epoch: 7916, Loss: 5.595493316650391
Epoch: 7917, Loss: 5.612541198730469
Epoch: 7918, Loss: 5.62735652923584
Epoch: 7919, Loss: 5.655179977416992
Epoch: 7920, Loss: 5.610509395599365
Test acc: 0.133, IC acc: 0.0045, IC acc2: 0.0009, IW acc: 0.5115
Epoch: 7921, Loss: 5.618781566619873
Epoch: 7922, Loss: 5.561674118041992
Epoch: 7923, Loss: 5.6105451583862305
Epoch: 7924, Loss: 5.629849433898926
Epoch: 7925, Loss: 5.609408855438232
Epoch: 7926, Loss: 5.569031715393066
Epoch: 7927, Loss: 5.5959601402282715
Epoch: 7928, Loss: 5.6623759269714355
Epoch: 7929, Loss: 5.60726261138916
Epoch: 7930, Loss: 5.55046272277832
Test acc: 0.1335, IC acc: 0.004, IC acc2: 0.0009, IW acc: 0.5114
Epoch: 7931, Loss: 5.535704612731934
Epoch: 7932, Loss: 5.634321212768555
Epoch: 7933, Loss: 5.551484107971191
Epoch: 7934, Loss: 5.678264617919922
Epoch: 7935, Loss: 5.559138298034668
Epoch: 7936, Loss: 5.64900016784668
Epoch: 7937, Loss: 5.6010260581970215
Epoch: 7938, Loss: 5.620784759521484
Epoch: 7939, Loss: 5.652229309082031
Epoch: 7940, Loss: 5.585840225219727
Test acc: 0.1337, IC acc: 0.004, IC acc2: 0.0009, IW acc: 0.5124
Epoch: 7941, Loss: 5.56550407409668
Epoch: 7942, Loss: 5.6189284324646
Epoch: 7943, Loss: 5.599356174468994
Epoch: 7944, Loss: 5.6526994705200195
Epoch: 7945, Loss: 5.630828380584717
Epoch: 7946, Loss: 5.625085353851318
Epoch: 7947, Loss: 5.559612274169922
Epoch: 7948, Loss: 5.637485504150391
Epoch: 7949, Loss: 5.611315727233887
./circuit_plots/Unrestricted Disentangled|Readout|CN=0|B0=2|B1=3|K=1280|L=320|p_B=0.75|p_C=0.75|B=2|eps=0|e6550d4e-6d1e-4f62-89ea-caa9422ff06f/ already exists.
./circuit_plots/Unrestricted Disentangled|Readout|CN=0|B0=2|B1=3|K=1280|L=320|p_B=0.75|p_C=0.75|B=2|eps=0|e6550d4e-6d1e-4f62-89ea-caa9422ff06f/ already exists.
./circuit_plots/Unrestricted Disentangled|Readout|CN=0|B0=2|B1=3|K=1280|L=320|p_B=0.75|p_C=0.75|B=2|eps=0|e6550d4e-6d1e-4f62-89ea-caa9422ff06f/ already exists.
./circuit_plots/Unrestricted Disentangled|Readout|CN=0|B0=2|B1=3|K=1280|L=320|p_B=0.75|p_C=0.75|B=2|eps=0|e6550d4e-6d1e-4f62-89ea-caa9422ff06f/ already exists.
./circuit_plots/Unrestricted Disentangled|Readout|CN=0|B0=2|B1=3|K=1280|L=320|p_B=0.75|p_C=0.75|B=2|eps=0|e6550d4e-6d1e-4f62-89ea-caa9422ff06f/ already exists.
./circuit_plots/Unrestricted Disentangled|Readout|CN=0|B0=2|B1=3|K=1280|L=320|p_B=0.75|p_C=0.75|B=2|eps=0|e6550d4e-6d1e-4f62-89ea-caa9422ff06f/ already exists.
./circuit_plots/Unrestricted Disentangled|Readout|CN=0|B0=2|B1=3|K=1280|L=320|p_B=0.75|p_C=0.75|B=2|eps=0|e6550d4e-6d1e-4f62-89ea-caa9422ff06f/ already exists.
Epoch: 7950, Loss: 5.563320636749268
Test acc: 0.1336, IC acc: 0.004, IC acc2: 0.0009, IW acc: 0.5128
Epoch: 7951, Loss: 5.642569541931152
Epoch: 7952, Loss: 5.597640037536621
Epoch: 7953, Loss: 5.645310878753662
Epoch: 7954, Loss: 5.5807647705078125
Epoch: 7955, Loss: 5.580666542053223
Epoch: 7956, Loss: 5.540081024169922
Epoch: 7957, Loss: 5.530401706695557
Epoch: 7958, Loss: 5.62921142578125
Epoch: 7959, Loss: 5.584092617034912
Epoch: 7960, Loss: 5.578603744506836
Test acc: 0.1341, IC acc: 0.0045, IC acc2: 0.0009, IW acc: 0.5158
Epoch: 7961, Loss: 5.541698455810547
Epoch: 7962, Loss: 5.6677656173706055
Epoch: 7963, Loss: 5.593961715698242
Epoch: 7964, Loss: 5.532893180847168
Epoch: 7965, Loss: 5.619781017303467
Epoch: 7966, Loss: 5.635706901550293
Epoch: 7967, Loss: 5.650313377380371
Epoch: 7968, Loss: 5.627433776855469
Epoch: 7969, Loss: 5.639318466186523
Epoch: 7970, Loss: 5.622685432434082
Test acc: 0.1346, IC acc: 0.0045, IC acc2: 0.0009, IW acc: 0.5161
Epoch: 7971, Loss: 5.651350021362305
Epoch: 7972, Loss: 5.622602462768555
Epoch: 7973, Loss: 5.543882846832275
Epoch: 7974, Loss: 5.613042831420898
Epoch: 7975, Loss: 5.671655654907227
Epoch: 7976, Loss: 5.618744850158691
Epoch: 7977, Loss: 5.601095676422119
Epoch: 7978, Loss: 5.578276634216309
Epoch: 7979, Loss: 5.5967535972595215
Epoch: 7980, Loss: 5.576639175415039
Test acc: 0.1348, IC acc: 0.0042, IC acc2: 0.0009, IW acc: 0.5149
Epoch: 7981, Loss: 5.6349873542785645
Epoch: 7982, Loss: 5.650990009307861
Epoch: 7983, Loss: 5.590488910675049
Epoch: 7984, Loss: 5.5525407791137695
Epoch: 7985, Loss: 5.565502643585205
Epoch: 7986, Loss: 5.554451942443848
Epoch: 7987, Loss: 5.546422004699707
Epoch: 7988, Loss: 5.653944492340088
Epoch: 7989, Loss: 5.571150779724121
Epoch: 7990, Loss: 5.54347562789917
Test acc: 0.1344, IC acc: 0.0042, IC acc2: 0.0009, IW acc: 0.5145
Epoch: 7991, Loss: 5.671417236328125
Epoch: 7992, Loss: 5.652596473693848
Epoch: 7993, Loss: 5.602771759033203
Epoch: 7994, Loss: 5.608328819274902
Epoch: 7995, Loss: 5.582257270812988
Epoch: 7996, Loss: 5.6644368171691895
Epoch: 7997, Loss: 5.592806816101074
Epoch: 7998, Loss: 5.608017444610596
Epoch: 7999, Loss: 5.732477188110352
./circuit_plots/Unrestricted Disentangled|Readout|CN=0|B0=2|B1=3|K=1280|L=320|p_B=0.75|p_C=0.75|B=2|eps=0|e6550d4e-6d1e-4f62-89ea-caa9422ff06f/ already exists.
./circuit_plots/Unrestricted Disentangled|Readout|CN=0|B0=2|B1=3|K=1280|L=320|p_B=0.75|p_C=0.75|B=2|eps=0|e6550d4e-6d1e-4f62-89ea-caa9422ff06f/ already exists.
./circuit_plots/Unrestricted Disentangled|Readout|CN=0|B0=2|B1=3|K=1280|L=320|p_B=0.75|p_C=0.75|B=2|eps=0|e6550d4e-6d1e-4f62-89ea-caa9422ff06f/ already exists.
./circuit_plots/Unrestricted Disentangled|Readout|CN=0|B0=2|B1=3|K=1280|L=320|p_B=0.75|p_C=0.75|B=2|eps=0|e6550d4e-6d1e-4f62-89ea-caa9422ff06f/ already exists.
./circuit_plots/Unrestricted Disentangled|Readout|CN=0|B0=2|B1=3|K=1280|L=320|p_B=0.75|p_C=0.75|B=2|eps=0|e6550d4e-6d1e-4f62-89ea-caa9422ff06f/ already exists.
./circuit_plots/Unrestricted Disentangled|Readout|CN=0|B0=2|B1=3|K=1280|L=320|p_B=0.75|p_C=0.75|B=2|eps=0|e6550d4e-6d1e-4f62-89ea-caa9422ff06f/ already exists.
./circuit_plots/Unrestricted Disentangled|Readout|CN=0|B0=2|B1=3|K=1280|L=320|p_B=0.75|p_C=0.75|B=2|eps=0|e6550d4e-6d1e-4f62-89ea-caa9422ff06f/ already exists.
Epoch: 8000, Loss: 5.543402671813965
Test acc: 0.1333, IC acc: 0.0042, IC acc2: 0.0009, IW acc: 0.512
Epoch: 8001, Loss: 5.574736595153809
Epoch: 8002, Loss: 5.694201469421387
Epoch: 8003, Loss: 5.603276252746582
Epoch: 8004, Loss: 5.546404838562012
Epoch: 8005, Loss: 5.553308963775635
Epoch: 8006, Loss: 5.673659324645996
Epoch: 8007, Loss: 5.524785995483398
Epoch: 8008, Loss: 5.588433265686035
Epoch: 8009, Loss: 5.6338419914245605
Epoch: 8010, Loss: 5.60062313079834
Test acc: 0.1336, IC acc: 0.0042, IC acc2: 0.0009, IW acc: 0.5117
Epoch: 8011, Loss: 5.641636848449707
Epoch: 8012, Loss: 5.584848403930664
Epoch: 8013, Loss: 5.644501686096191
Epoch: 8014, Loss: 5.582249641418457
Epoch: 8015, Loss: 5.608313083648682
Epoch: 8016, Loss: 5.604428291320801
Epoch: 8017, Loss: 5.662871837615967
Epoch: 8018, Loss: 5.532069206237793
Epoch: 8019, Loss: 5.616005897521973
Epoch: 8020, Loss: 5.684126377105713
Test acc: 0.1339, IC acc: 0.0042, IC acc2: 0.0009, IW acc: 0.5142
Epoch: 8021, Loss: 5.532891273498535
Epoch: 8022, Loss: 5.639145374298096
Epoch: 8023, Loss: 5.573277950286865
Epoch: 8024, Loss: 5.5228776931762695
Epoch: 8025, Loss: 5.567562580108643
Epoch: 8026, Loss: 5.601370334625244
Epoch: 8027, Loss: 5.625564098358154
Epoch: 8028, Loss: 5.644479274749756
Epoch: 8029, Loss: 5.612443447113037
Epoch: 8030, Loss: 5.610114097595215
Test acc: 0.1341, IC acc: 0.0045, IC acc2: 0.0009, IW acc: 0.5154
Epoch: 8031, Loss: 5.634265899658203
Epoch: 8032, Loss: 5.512955188751221
Epoch: 8033, Loss: 5.5776214599609375
Epoch: 8034, Loss: 5.59832239151001
Epoch: 8035, Loss: 5.60267448425293
Epoch: 8036, Loss: 5.63330078125
Epoch: 8037, Loss: 5.623805046081543
Epoch: 8038, Loss: 5.680839538574219
Epoch: 8039, Loss: 5.58438777923584
Epoch: 8040, Loss: 5.534606456756592
Test acc: 0.1341, IC acc: 0.0045, IC acc2: 0.0009, IW acc: 0.517
Epoch: 8041, Loss: 5.508536338806152
Epoch: 8042, Loss: 5.554443359375
Epoch: 8043, Loss: 5.563349723815918
Epoch: 8044, Loss: 5.561336994171143
Epoch: 8045, Loss: 5.517101764678955
Epoch: 8046, Loss: 5.67857551574707
Epoch: 8047, Loss: 5.538576126098633
Epoch: 8048, Loss: 5.642598628997803
Epoch: 8049, Loss: 5.590490341186523
./circuit_plots/Unrestricted Disentangled|Readout|CN=0|B0=2|B1=3|K=1280|L=320|p_B=0.75|p_C=0.75|B=2|eps=0|e6550d4e-6d1e-4f62-89ea-caa9422ff06f/ already exists.
./circuit_plots/Unrestricted Disentangled|Readout|CN=0|B0=2|B1=3|K=1280|L=320|p_B=0.75|p_C=0.75|B=2|eps=0|e6550d4e-6d1e-4f62-89ea-caa9422ff06f/ already exists.
./circuit_plots/Unrestricted Disentangled|Readout|CN=0|B0=2|B1=3|K=1280|L=320|p_B=0.75|p_C=0.75|B=2|eps=0|e6550d4e-6d1e-4f62-89ea-caa9422ff06f/ already exists.
./circuit_plots/Unrestricted Disentangled|Readout|CN=0|B0=2|B1=3|K=1280|L=320|p_B=0.75|p_C=0.75|B=2|eps=0|e6550d4e-6d1e-4f62-89ea-caa9422ff06f/ already exists.
./circuit_plots/Unrestricted Disentangled|Readout|CN=0|B0=2|B1=3|K=1280|L=320|p_B=0.75|p_C=0.75|B=2|eps=0|e6550d4e-6d1e-4f62-89ea-caa9422ff06f/ already exists.
./circuit_plots/Unrestricted Disentangled|Readout|CN=0|B0=2|B1=3|K=1280|L=320|p_B=0.75|p_C=0.75|B=2|eps=0|e6550d4e-6d1e-4f62-89ea-caa9422ff06f/ already exists.
./circuit_plots/Unrestricted Disentangled|Readout|CN=0|B0=2|B1=3|K=1280|L=320|p_B=0.75|p_C=0.75|B=2|eps=0|e6550d4e-6d1e-4f62-89ea-caa9422ff06f/ already exists.
Epoch: 8050, Loss: 5.623404502868652
Test acc: 0.1352, IC acc: 0.0045, IC acc2: 0.0009, IW acc: 0.5179
Epoch: 8051, Loss: 5.625371932983398
Epoch: 8052, Loss: 5.613566875457764
Epoch: 8053, Loss: 5.612789154052734
Epoch: 8054, Loss: 5.521212100982666
Epoch: 8055, Loss: 5.567000389099121
Epoch: 8056, Loss: 5.591340065002441
Epoch: 8057, Loss: 5.629166603088379
Epoch: 8058, Loss: 5.535408973693848
Epoch: 8059, Loss: 5.570104598999023
Epoch: 8060, Loss: 5.593606948852539
Test acc: 0.1352, IC acc: 0.0045, IC acc2: 0.0009, IW acc: 0.5191
Epoch: 8061, Loss: 5.584341526031494
Epoch: 8062, Loss: 5.606159210205078
Epoch: 8063, Loss: 5.542117595672607
Epoch: 8064, Loss: 5.575717926025391
Epoch: 8065, Loss: 5.578949451446533
Epoch: 8066, Loss: 5.573868274688721
Epoch: 8067, Loss: 5.565020561218262
Epoch: 8068, Loss: 5.6704912185668945
Epoch: 8069, Loss: 5.547450065612793
Epoch: 8070, Loss: 5.580051422119141
Test acc: 0.1353, IC acc: 0.0045, IC acc2: 0.0009, IW acc: 0.5195
Epoch: 8071, Loss: 5.6098103523254395
Epoch: 8072, Loss: 5.623288631439209
Epoch: 8073, Loss: 5.632136344909668
Epoch: 8074, Loss: 5.551032066345215
Epoch: 8075, Loss: 5.657993316650391
Epoch: 8076, Loss: 5.5437822341918945
Epoch: 8077, Loss: 5.6376848220825195
Epoch: 8078, Loss: 5.583362579345703
Epoch: 8079, Loss: 5.711522102355957
Epoch: 8080, Loss: 5.645435333251953
Test acc: 0.135, IC acc: 0.0045, IC acc2: 0.0009, IW acc: 0.5195
Epoch: 8081, Loss: 5.660652160644531
Epoch: 8082, Loss: 5.584170341491699
Epoch: 8083, Loss: 5.606055736541748
Epoch: 8084, Loss: 5.534247398376465
Epoch: 8085, Loss: 5.621467590332031
Epoch: 8086, Loss: 5.567992210388184
Epoch: 8087, Loss: 5.657710075378418
Epoch: 8088, Loss: 5.558280944824219
Epoch: 8089, Loss: 5.641315937042236
Epoch: 8090, Loss: 5.525759696960449
Test acc: 0.1362, IC acc: 0.0045, IC acc2: 0.0009, IW acc: 0.5226
Epoch: 8091, Loss: 5.532346725463867
Epoch: 8092, Loss: 5.505299091339111
Epoch: 8093, Loss: 5.589674949645996
Epoch: 8094, Loss: 5.6428422927856445
Epoch: 8095, Loss: 5.575660228729248
Epoch: 8096, Loss: 5.661726474761963
Epoch: 8097, Loss: 5.5574493408203125
Epoch: 8098, Loss: 5.596550464630127
Epoch: 8099, Loss: 5.723241806030273
./circuit_plots/Unrestricted Disentangled|Readout|CN=0|B0=2|B1=3|K=1280|L=320|p_B=0.75|p_C=0.75|B=2|eps=0|e6550d4e-6d1e-4f62-89ea-caa9422ff06f/ already exists.
./circuit_plots/Unrestricted Disentangled|Readout|CN=0|B0=2|B1=3|K=1280|L=320|p_B=0.75|p_C=0.75|B=2|eps=0|e6550d4e-6d1e-4f62-89ea-caa9422ff06f/ already exists.
./circuit_plots/Unrestricted Disentangled|Readout|CN=0|B0=2|B1=3|K=1280|L=320|p_B=0.75|p_C=0.75|B=2|eps=0|e6550d4e-6d1e-4f62-89ea-caa9422ff06f/ already exists.
./circuit_plots/Unrestricted Disentangled|Readout|CN=0|B0=2|B1=3|K=1280|L=320|p_B=0.75|p_C=0.75|B=2|eps=0|e6550d4e-6d1e-4f62-89ea-caa9422ff06f/ already exists.
./circuit_plots/Unrestricted Disentangled|Readout|CN=0|B0=2|B1=3|K=1280|L=320|p_B=0.75|p_C=0.75|B=2|eps=0|e6550d4e-6d1e-4f62-89ea-caa9422ff06f/ already exists.
./circuit_plots/Unrestricted Disentangled|Readout|CN=0|B0=2|B1=3|K=1280|L=320|p_B=0.75|p_C=0.75|B=2|eps=0|e6550d4e-6d1e-4f62-89ea-caa9422ff06f/ already exists.
./circuit_plots/Unrestricted Disentangled|Readout|CN=0|B0=2|B1=3|K=1280|L=320|p_B=0.75|p_C=0.75|B=2|eps=0|e6550d4e-6d1e-4f62-89ea-caa9422ff06f/ already exists.
Epoch: 8100, Loss: 5.65139102935791
Test acc: 0.1367, IC acc: 0.0045, IC acc2: 0.0009, IW acc: 0.5248
Epoch: 8101, Loss: 5.649932384490967
Epoch: 8102, Loss: 5.602273464202881
Epoch: 8103, Loss: 5.604135990142822
Epoch: 8104, Loss: 5.57105827331543
Epoch: 8105, Loss: 5.6532793045043945
Epoch: 8106, Loss: 5.620404243469238
Epoch: 8107, Loss: 5.594789028167725
Epoch: 8108, Loss: 5.525852680206299
Epoch: 8109, Loss: 5.623741149902344
Epoch: 8110, Loss: 5.633660793304443
Test acc: 0.1366, IC acc: 0.0045, IC acc2: 0.0009, IW acc: 0.5239
Epoch: 8111, Loss: 5.628223896026611
Epoch: 8112, Loss: 5.6454057693481445
Epoch: 8113, Loss: 5.585030555725098
Epoch: 8114, Loss: 5.512849807739258
Epoch: 8115, Loss: 5.5980658531188965
Epoch: 8116, Loss: 5.607882976531982
Epoch: 8117, Loss: 5.677252769470215
Epoch: 8118, Loss: 5.652417182922363
Epoch: 8119, Loss: 5.668642044067383
Epoch: 8120, Loss: 5.555636405944824
Test acc: 0.1381, IC acc: 0.0045, IC acc2: 0.0009, IW acc: 0.5282
Epoch: 8121, Loss: 5.598508358001709
Epoch: 8122, Loss: 5.552903175354004
Epoch: 8123, Loss: 5.609961032867432
Epoch: 8124, Loss: 5.549131393432617
Epoch: 8125, Loss: 5.599679946899414
Epoch: 8126, Loss: 5.4934492111206055
Epoch: 8127, Loss: 5.586870193481445
Epoch: 8128, Loss: 5.620786190032959
Epoch: 8129, Loss: 5.675662994384766
Epoch: 8130, Loss: 5.575046539306641
Test acc: 0.1383, IC acc: 0.0045, IC acc2: 0.0009, IW acc: 0.5301
Epoch: 8131, Loss: 5.582854270935059
Epoch: 8132, Loss: 5.616082191467285
Epoch: 8133, Loss: 5.525780200958252
Epoch: 8134, Loss: 5.58925199508667
Epoch: 8135, Loss: 5.504248142242432
Epoch: 8136, Loss: 5.533702850341797
Epoch: 8137, Loss: 5.565621376037598
Epoch: 8138, Loss: 5.616771221160889
Epoch: 8139, Loss: 5.635144233703613
Epoch: 8140, Loss: 5.559610843658447
Test acc: 0.1381, IC acc: 0.0045, IC acc2: 0.0009, IW acc: 0.5293
Epoch: 8141, Loss: 5.643928527832031
Epoch: 8142, Loss: 5.586025238037109
Epoch: 8143, Loss: 5.500267028808594
Epoch: 8144, Loss: 5.588733673095703
Epoch: 8145, Loss: 5.593791961669922
Epoch: 8146, Loss: 5.576862335205078
Epoch: 8147, Loss: 5.537625312805176
Epoch: 8148, Loss: 5.5684075355529785
Epoch: 8149, Loss: 5.614346981048584
./circuit_plots/Unrestricted Disentangled|Readout|CN=0|B0=2|B1=3|K=1280|L=320|p_B=0.75|p_C=0.75|B=2|eps=0|e6550d4e-6d1e-4f62-89ea-caa9422ff06f/ already exists.
./circuit_plots/Unrestricted Disentangled|Readout|CN=0|B0=2|B1=3|K=1280|L=320|p_B=0.75|p_C=0.75|B=2|eps=0|e6550d4e-6d1e-4f62-89ea-caa9422ff06f/ already exists.
./circuit_plots/Unrestricted Disentangled|Readout|CN=0|B0=2|B1=3|K=1280|L=320|p_B=0.75|p_C=0.75|B=2|eps=0|e6550d4e-6d1e-4f62-89ea-caa9422ff06f/ already exists.
./circuit_plots/Unrestricted Disentangled|Readout|CN=0|B0=2|B1=3|K=1280|L=320|p_B=0.75|p_C=0.75|B=2|eps=0|e6550d4e-6d1e-4f62-89ea-caa9422ff06f/ already exists.
./circuit_plots/Unrestricted Disentangled|Readout|CN=0|B0=2|B1=3|K=1280|L=320|p_B=0.75|p_C=0.75|B=2|eps=0|e6550d4e-6d1e-4f62-89ea-caa9422ff06f/ already exists.
./circuit_plots/Unrestricted Disentangled|Readout|CN=0|B0=2|B1=3|K=1280|L=320|p_B=0.75|p_C=0.75|B=2|eps=0|e6550d4e-6d1e-4f62-89ea-caa9422ff06f/ already exists.
./circuit_plots/Unrestricted Disentangled|Readout|CN=0|B0=2|B1=3|K=1280|L=320|p_B=0.75|p_C=0.75|B=2|eps=0|e6550d4e-6d1e-4f62-89ea-caa9422ff06f/ already exists.
Epoch: 8150, Loss: 5.652765274047852
Test acc: 0.1382, IC acc: 0.0045, IC acc2: 0.0009, IW acc: 0.5293
Epoch: 8151, Loss: 5.549300193786621
Epoch: 8152, Loss: 5.657603740692139
Epoch: 8153, Loss: 5.691407203674316
Epoch: 8154, Loss: 5.658741474151611
Epoch: 8155, Loss: 5.583074569702148
Epoch: 8156, Loss: 5.571794509887695
Epoch: 8157, Loss: 5.55172061920166
Epoch: 8158, Loss: 5.622570037841797
Epoch: 8159, Loss: 5.610357761383057
Epoch: 8160, Loss: 5.6683878898620605
Test acc: 0.1383, IC acc: 0.0045, IC acc2: 0.0009, IW acc: 0.5304
Epoch: 8161, Loss: 5.505130767822266
Epoch: 8162, Loss: 5.584015369415283
Epoch: 8163, Loss: 5.668025016784668
Epoch: 8164, Loss: 5.529539585113525
Epoch: 8165, Loss: 5.628389358520508
Epoch: 8166, Loss: 5.6302409172058105
Epoch: 8167, Loss: 5.589655876159668
Epoch: 8168, Loss: 5.645971298217773
Epoch: 8169, Loss: 5.591398239135742
Epoch: 8170, Loss: 5.593464374542236
Test acc: 0.1385, IC acc: 0.0045, IC acc2: 0.0009, IW acc: 0.5314
Epoch: 8171, Loss: 5.58515739440918
Epoch: 8172, Loss: 5.514010429382324
Epoch: 8173, Loss: 5.615416049957275
Epoch: 8174, Loss: 5.535248756408691
Epoch: 8175, Loss: 5.665802955627441
Epoch: 8176, Loss: 5.579485893249512
Epoch: 8177, Loss: 5.551751613616943
Epoch: 8178, Loss: 5.514241695404053
Epoch: 8179, Loss: 5.546547889709473
Epoch: 8180, Loss: 5.561279296875
Test acc: 0.1385, IC acc: 0.0042, IC acc2: 0.0009, IW acc: 0.5312
Epoch: 8181, Loss: 5.536140441894531
Epoch: 8182, Loss: 5.616999626159668
Epoch: 8183, Loss: 5.636366844177246
Epoch: 8184, Loss: 5.614588260650635
Epoch: 8185, Loss: 5.659303665161133
Epoch: 8186, Loss: 5.587543487548828
Epoch: 8187, Loss: 5.637333869934082
Epoch: 8188, Loss: 5.605367660522461
Epoch: 8189, Loss: 5.623891353607178
Epoch: 8190, Loss: 5.5836076736450195
Test acc: 0.1387, IC acc: 0.0045, IC acc2: 0.0009, IW acc: 0.5322
Epoch: 8191, Loss: 5.516541004180908
Epoch: 8192, Loss: 5.593058109283447
Epoch: 8193, Loss: 5.601792812347412
Epoch: 8194, Loss: 5.586783409118652
Epoch: 8195, Loss: 5.53162145614624
Epoch: 8196, Loss: 5.598193168640137
Epoch: 8197, Loss: 5.531085014343262
Epoch: 8198, Loss: 5.613565444946289
Epoch: 8199, Loss: 5.617390155792236
./circuit_plots/Unrestricted Disentangled|Readout|CN=0|B0=2|B1=3|K=1280|L=320|p_B=0.75|p_C=0.75|B=2|eps=0|e6550d4e-6d1e-4f62-89ea-caa9422ff06f/ already exists.
./circuit_plots/Unrestricted Disentangled|Readout|CN=0|B0=2|B1=3|K=1280|L=320|p_B=0.75|p_C=0.75|B=2|eps=0|e6550d4e-6d1e-4f62-89ea-caa9422ff06f/ already exists.
./circuit_plots/Unrestricted Disentangled|Readout|CN=0|B0=2|B1=3|K=1280|L=320|p_B=0.75|p_C=0.75|B=2|eps=0|e6550d4e-6d1e-4f62-89ea-caa9422ff06f/ already exists.
./circuit_plots/Unrestricted Disentangled|Readout|CN=0|B0=2|B1=3|K=1280|L=320|p_B=0.75|p_C=0.75|B=2|eps=0|e6550d4e-6d1e-4f62-89ea-caa9422ff06f/ already exists.
./circuit_plots/Unrestricted Disentangled|Readout|CN=0|B0=2|B1=3|K=1280|L=320|p_B=0.75|p_C=0.75|B=2|eps=0|e6550d4e-6d1e-4f62-89ea-caa9422ff06f/ already exists.
./circuit_plots/Unrestricted Disentangled|Readout|CN=0|B0=2|B1=3|K=1280|L=320|p_B=0.75|p_C=0.75|B=2|eps=0|e6550d4e-6d1e-4f62-89ea-caa9422ff06f/ already exists.
./circuit_plots/Unrestricted Disentangled|Readout|CN=0|B0=2|B1=3|K=1280|L=320|p_B=0.75|p_C=0.75|B=2|eps=0|e6550d4e-6d1e-4f62-89ea-caa9422ff06f/ already exists.
Epoch: 8200, Loss: 5.639702796936035
Test acc: 0.1392, IC acc: 0.0045, IC acc2: 0.0009, IW acc: 0.5345
Epoch: 8201, Loss: 5.559856414794922
Epoch: 8202, Loss: 5.6527910232543945
Epoch: 8203, Loss: 5.547328472137451
Epoch: 8204, Loss: 5.590482234954834
Epoch: 8205, Loss: 5.5869035720825195
Epoch: 8206, Loss: 5.603188991546631
Epoch: 8207, Loss: 5.527313232421875
Epoch: 8208, Loss: 5.608478546142578
Epoch: 8209, Loss: 5.661613941192627
Epoch: 8210, Loss: 5.592116832733154
Test acc: 0.1395, IC acc: 0.0045, IC acc2: 0.0009, IW acc: 0.5356
Epoch: 8211, Loss: 5.6390790939331055
Epoch: 8212, Loss: 5.554226875305176
Epoch: 8213, Loss: 5.5669074058532715
Epoch: 8214, Loss: 5.627407073974609
Epoch: 8215, Loss: 5.603842735290527
Epoch: 8216, Loss: 5.648406982421875
Epoch: 8217, Loss: 5.639698028564453
Epoch: 8218, Loss: 5.6091718673706055
Epoch: 8219, Loss: 5.5441389083862305
Epoch: 8220, Loss: 5.647001266479492
Test acc: 0.1398, IC acc: 0.0045, IC acc2: 0.0009, IW acc: 0.5373
Epoch: 8221, Loss: 5.670377254486084
Epoch: 8222, Loss: 5.587651252746582
Epoch: 8223, Loss: 5.483060836791992
Epoch: 8224, Loss: 5.576258659362793
Epoch: 8225, Loss: 5.589363098144531
Epoch: 8226, Loss: 5.537566184997559
Epoch: 8227, Loss: 5.573341369628906
Epoch: 8228, Loss: 5.5988359451293945
Epoch: 8229, Loss: 5.558017730712891
Epoch: 8230, Loss: 5.599174499511719
Test acc: 0.1396, IC acc: 0.0045, IC acc2: 0.0009, IW acc: 0.5372
Epoch: 8231, Loss: 5.651610374450684
Epoch: 8232, Loss: 5.584271430969238
Epoch: 8233, Loss: 5.540648937225342
Epoch: 8234, Loss: 5.5465521812438965
Epoch: 8235, Loss: 5.6214094161987305
Epoch: 8236, Loss: 5.6330108642578125
Epoch: 8237, Loss: 5.57940673828125
Epoch: 8238, Loss: 5.574973106384277
Epoch: 8239, Loss: 5.517878532409668
Epoch: 8240, Loss: 5.461992263793945
Test acc: 0.1394, IC acc: 0.0045, IC acc2: 0.0009, IW acc: 0.5368
Epoch: 8241, Loss: 5.545022010803223
Epoch: 8242, Loss: 5.656959533691406
Epoch: 8243, Loss: 5.54172945022583
Epoch: 8244, Loss: 5.575905799865723
Epoch: 8245, Loss: 5.6351141929626465
Epoch: 8246, Loss: 5.561342239379883
Epoch: 8247, Loss: 5.604962348937988
Epoch: 8248, Loss: 5.5890960693359375
Epoch: 8249, Loss: 5.616670608520508
./circuit_plots/Unrestricted Disentangled|Readout|CN=0|B0=2|B1=3|K=1280|L=320|p_B=0.75|p_C=0.75|B=2|eps=0|e6550d4e-6d1e-4f62-89ea-caa9422ff06f/ already exists.
./circuit_plots/Unrestricted Disentangled|Readout|CN=0|B0=2|B1=3|K=1280|L=320|p_B=0.75|p_C=0.75|B=2|eps=0|e6550d4e-6d1e-4f62-89ea-caa9422ff06f/ already exists.
./circuit_plots/Unrestricted Disentangled|Readout|CN=0|B0=2|B1=3|K=1280|L=320|p_B=0.75|p_C=0.75|B=2|eps=0|e6550d4e-6d1e-4f62-89ea-caa9422ff06f/ already exists.
./circuit_plots/Unrestricted Disentangled|Readout|CN=0|B0=2|B1=3|K=1280|L=320|p_B=0.75|p_C=0.75|B=2|eps=0|e6550d4e-6d1e-4f62-89ea-caa9422ff06f/ already exists.
./circuit_plots/Unrestricted Disentangled|Readout|CN=0|B0=2|B1=3|K=1280|L=320|p_B=0.75|p_C=0.75|B=2|eps=0|e6550d4e-6d1e-4f62-89ea-caa9422ff06f/ already exists.
./circuit_plots/Unrestricted Disentangled|Readout|CN=0|B0=2|B1=3|K=1280|L=320|p_B=0.75|p_C=0.75|B=2|eps=0|e6550d4e-6d1e-4f62-89ea-caa9422ff06f/ already exists.
./circuit_plots/Unrestricted Disentangled|Readout|CN=0|B0=2|B1=3|K=1280|L=320|p_B=0.75|p_C=0.75|B=2|eps=0|e6550d4e-6d1e-4f62-89ea-caa9422ff06f/ already exists.
Epoch: 8250, Loss: 5.57020378112793
Test acc: 0.14, IC acc: 0.0045, IC acc2: 0.0009, IW acc: 0.538
Epoch: 8251, Loss: 5.548375606536865
Epoch: 8252, Loss: 5.618760108947754
Epoch: 8253, Loss: 5.6086506843566895
Epoch: 8254, Loss: 5.601068496704102
Epoch: 8255, Loss: 5.621613502502441
Epoch: 8256, Loss: 5.556049823760986
Epoch: 8257, Loss: 5.616181373596191
Epoch: 8258, Loss: 5.670543670654297
Epoch: 8259, Loss: 5.591653347015381
Epoch: 8260, Loss: 5.632335662841797
Test acc: 0.1397, IC acc: 0.0045, IC acc2: 0.0009, IW acc: 0.5378
Epoch: 8261, Loss: 5.542875289916992
Epoch: 8262, Loss: 5.554238319396973
Epoch: 8263, Loss: 5.589756965637207
Epoch: 8264, Loss: 5.563283920288086
Epoch: 8265, Loss: 5.555567741394043
Epoch: 8266, Loss: 5.617562770843506
Epoch: 8267, Loss: 5.56533670425415
Epoch: 8268, Loss: 5.5531158447265625
Epoch: 8269, Loss: 5.670932769775391
Epoch: 8270, Loss: 5.581912517547607
Test acc: 0.1402, IC acc: 0.0045, IC acc2: 0.0009, IW acc: 0.5378
Epoch: 8271, Loss: 5.552554130554199
Epoch: 8272, Loss: 5.494172096252441
Epoch: 8273, Loss: 5.587290287017822
Epoch: 8274, Loss: 5.532792091369629
Epoch: 8275, Loss: 5.610194206237793
Epoch: 8276, Loss: 5.620807647705078
Epoch: 8277, Loss: 5.517275810241699
Epoch: 8278, Loss: 5.519870281219482
Epoch: 8279, Loss: 5.629479885101318
Epoch: 8280, Loss: 5.57411003112793
Test acc: 0.1396, IC acc: 0.0045, IC acc2: 0.0009, IW acc: 0.5379
Epoch: 8281, Loss: 5.6199798583984375
Epoch: 8282, Loss: 5.563356399536133
Epoch: 8283, Loss: 5.577124118804932
Epoch: 8284, Loss: 5.6136088371276855
Epoch: 8285, Loss: 5.563600540161133
Epoch: 8286, Loss: 5.630232810974121
Epoch: 8287, Loss: 5.598730087280273
Epoch: 8288, Loss: 5.5795578956604
Epoch: 8289, Loss: 5.614813804626465
Epoch: 8290, Loss: 5.619650840759277
Test acc: 0.1401, IC acc: 0.0045, IC acc2: 0.0009, IW acc: 0.5365
Epoch: 8291, Loss: 5.598776817321777
Epoch: 8292, Loss: 5.629993438720703
Epoch: 8293, Loss: 5.605681896209717
Epoch: 8294, Loss: 5.675386428833008
Epoch: 8295, Loss: 5.706613540649414
Epoch: 8296, Loss: 5.533373832702637
Epoch: 8297, Loss: 5.534875869750977
Epoch: 8298, Loss: 5.594493865966797
Epoch: 8299, Loss: 5.614467144012451
./circuit_plots/Unrestricted Disentangled|Readout|CN=0|B0=2|B1=3|K=1280|L=320|p_B=0.75|p_C=0.75|B=2|eps=0|e6550d4e-6d1e-4f62-89ea-caa9422ff06f/ already exists.
./circuit_plots/Unrestricted Disentangled|Readout|CN=0|B0=2|B1=3|K=1280|L=320|p_B=0.75|p_C=0.75|B=2|eps=0|e6550d4e-6d1e-4f62-89ea-caa9422ff06f/ already exists.
./circuit_plots/Unrestricted Disentangled|Readout|CN=0|B0=2|B1=3|K=1280|L=320|p_B=0.75|p_C=0.75|B=2|eps=0|e6550d4e-6d1e-4f62-89ea-caa9422ff06f/ already exists.
./circuit_plots/Unrestricted Disentangled|Readout|CN=0|B0=2|B1=3|K=1280|L=320|p_B=0.75|p_C=0.75|B=2|eps=0|e6550d4e-6d1e-4f62-89ea-caa9422ff06f/ already exists.
./circuit_plots/Unrestricted Disentangled|Readout|CN=0|B0=2|B1=3|K=1280|L=320|p_B=0.75|p_C=0.75|B=2|eps=0|e6550d4e-6d1e-4f62-89ea-caa9422ff06f/ already exists.
./circuit_plots/Unrestricted Disentangled|Readout|CN=0|B0=2|B1=3|K=1280|L=320|p_B=0.75|p_C=0.75|B=2|eps=0|e6550d4e-6d1e-4f62-89ea-caa9422ff06f/ already exists.
./circuit_plots/Unrestricted Disentangled|Readout|CN=0|B0=2|B1=3|K=1280|L=320|p_B=0.75|p_C=0.75|B=2|eps=0|e6550d4e-6d1e-4f62-89ea-caa9422ff06f/ already exists.
Epoch: 8300, Loss: 5.5468645095825195
Test acc: 0.1403, IC acc: 0.0045, IC acc2: 0.0009, IW acc: 0.5386
Epoch: 8301, Loss: 5.634042739868164
Epoch: 8302, Loss: 5.598972797393799
Epoch: 8303, Loss: 5.618720054626465
Epoch: 8304, Loss: 5.611676216125488
Epoch: 8305, Loss: 5.55594539642334
Epoch: 8306, Loss: 5.645090103149414
Epoch: 8307, Loss: 5.642309188842773
Epoch: 8308, Loss: 5.597005367279053
Epoch: 8309, Loss: 5.625460624694824
Epoch: 8310, Loss: 5.600677490234375
Test acc: 0.1422, IC acc: 0.0045, IC acc2: 0.0009, IW acc: 0.5422
Epoch: 8311, Loss: 5.517871379852295
Epoch: 8312, Loss: 5.573432922363281
Epoch: 8313, Loss: 5.531888008117676
Epoch: 8314, Loss: 5.548100471496582
Epoch: 8315, Loss: 5.6115546226501465
Epoch: 8316, Loss: 5.691078186035156
Epoch: 8317, Loss: 5.596858501434326
Epoch: 8318, Loss: 5.575124740600586
Epoch: 8319, Loss: 5.588586330413818
Epoch: 8320, Loss: 5.548789024353027
Test acc: 0.1423, IC acc: 0.0045, IC acc2: 0.0009, IW acc: 0.546
Epoch: 8321, Loss: 5.594542026519775
Epoch: 8322, Loss: 5.5222086906433105
Epoch: 8323, Loss: 5.586089134216309
Epoch: 8324, Loss: 5.5645952224731445
Epoch: 8325, Loss: 5.555545330047607
Epoch: 8326, Loss: 5.526000499725342
Epoch: 8327, Loss: 5.627173900604248
Epoch: 8328, Loss: 5.45234489440918
Epoch: 8329, Loss: 5.642518520355225
Epoch: 8330, Loss: 5.561453819274902
Test acc: 0.1422, IC acc: 0.0045, IC acc2: 0.0009, IW acc: 0.5434
Epoch: 8331, Loss: 5.563121795654297
Epoch: 8332, Loss: 5.541522026062012
Epoch: 8333, Loss: 5.623777866363525
Epoch: 8334, Loss: 5.553478240966797
Epoch: 8335, Loss: 5.542149543762207
Epoch: 8336, Loss: 5.671200275421143
Epoch: 8337, Loss: 5.586823463439941
Epoch: 8338, Loss: 5.654701232910156
Epoch: 8339, Loss: 5.6230669021606445
Epoch: 8340, Loss: 5.600320816040039
Test acc: 0.1426, IC acc: 0.0045, IC acc2: 0.0009, IW acc: 0.5451
Epoch: 8341, Loss: 5.648564338684082
Epoch: 8342, Loss: 5.602761268615723
Epoch: 8343, Loss: 5.628315448760986
Epoch: 8344, Loss: 5.609113693237305
Epoch: 8345, Loss: 5.598321914672852
Epoch: 8346, Loss: 5.641252040863037
Epoch: 8347, Loss: 5.638062477111816
Epoch: 8348, Loss: 5.627765655517578
Epoch: 8349, Loss: 5.557807922363281
./circuit_plots/Unrestricted Disentangled|Readout|CN=0|B0=2|B1=3|K=1280|L=320|p_B=0.75|p_C=0.75|B=2|eps=0|e6550d4e-6d1e-4f62-89ea-caa9422ff06f/ already exists.
./circuit_plots/Unrestricted Disentangled|Readout|CN=0|B0=2|B1=3|K=1280|L=320|p_B=0.75|p_C=0.75|B=2|eps=0|e6550d4e-6d1e-4f62-89ea-caa9422ff06f/ already exists.
./circuit_plots/Unrestricted Disentangled|Readout|CN=0|B0=2|B1=3|K=1280|L=320|p_B=0.75|p_C=0.75|B=2|eps=0|e6550d4e-6d1e-4f62-89ea-caa9422ff06f/ already exists.
./circuit_plots/Unrestricted Disentangled|Readout|CN=0|B0=2|B1=3|K=1280|L=320|p_B=0.75|p_C=0.75|B=2|eps=0|e6550d4e-6d1e-4f62-89ea-caa9422ff06f/ already exists.
./circuit_plots/Unrestricted Disentangled|Readout|CN=0|B0=2|B1=3|K=1280|L=320|p_B=0.75|p_C=0.75|B=2|eps=0|e6550d4e-6d1e-4f62-89ea-caa9422ff06f/ already exists.
./circuit_plots/Unrestricted Disentangled|Readout|CN=0|B0=2|B1=3|K=1280|L=320|p_B=0.75|p_C=0.75|B=2|eps=0|e6550d4e-6d1e-4f62-89ea-caa9422ff06f/ already exists.
./circuit_plots/Unrestricted Disentangled|Readout|CN=0|B0=2|B1=3|K=1280|L=320|p_B=0.75|p_C=0.75|B=2|eps=0|e6550d4e-6d1e-4f62-89ea-caa9422ff06f/ already exists.
Epoch: 8350, Loss: 5.609472751617432
Test acc: 0.1425, IC acc: 0.0045, IC acc2: 0.0009, IW acc: 0.5432
Epoch: 8351, Loss: 5.616764068603516
Epoch: 8352, Loss: 5.572937965393066
Epoch: 8353, Loss: 5.570132255554199
Epoch: 8354, Loss: 5.650163173675537
Epoch: 8355, Loss: 5.621176719665527
Epoch: 8356, Loss: 5.6043291091918945
Epoch: 8357, Loss: 5.546065807342529
Epoch: 8358, Loss: 5.579065322875977
Epoch: 8359, Loss: 5.627959728240967
Epoch: 8360, Loss: 5.6048383712768555
Test acc: 0.1427, IC acc: 0.0045, IC acc2: 0.0009, IW acc: 0.5456
Epoch: 8361, Loss: 5.557414531707764
Epoch: 8362, Loss: 5.581409454345703
Epoch: 8363, Loss: 5.665102958679199
Epoch: 8364, Loss: 5.577943801879883
Epoch: 8365, Loss: 5.58901309967041
Epoch: 8366, Loss: 5.602165222167969
Epoch: 8367, Loss: 5.615577220916748
Epoch: 8368, Loss: 5.625269889831543
Epoch: 8369, Loss: 5.604860782623291
Epoch: 8370, Loss: 5.578600883483887
Test acc: 0.1411, IC acc: 0.0045, IC acc2: 0.0009, IW acc: 0.5399
Epoch: 8371, Loss: 5.603573799133301
Epoch: 8372, Loss: 5.603024482727051
Epoch: 8373, Loss: 5.527750015258789
Epoch: 8374, Loss: 5.590970516204834
Epoch: 8375, Loss: 5.614487648010254
Epoch: 8376, Loss: 5.474447250366211
Epoch: 8377, Loss: 5.5395989418029785
Epoch: 8378, Loss: 5.593354225158691
Epoch: 8379, Loss: 5.630579471588135
Epoch: 8380, Loss: 5.596915245056152
Test acc: 0.1418, IC acc: 0.0045, IC acc2: 0.0009, IW acc: 0.5431
Epoch: 8381, Loss: 5.628776550292969
Epoch: 8382, Loss: 5.662077903747559
Epoch: 8383, Loss: 5.526716232299805
Epoch: 8384, Loss: 5.621124744415283
Epoch: 8385, Loss: 5.614372253417969
Epoch: 8386, Loss: 5.643102645874023
Epoch: 8387, Loss: 5.588934898376465
Epoch: 8388, Loss: 5.616980075836182
Epoch: 8389, Loss: 5.6133832931518555
Epoch: 8390, Loss: 5.635989665985107
Test acc: 0.1425, IC acc: 0.0045, IC acc2: 0.0009, IW acc: 0.5455
Epoch: 8391, Loss: 5.6378021240234375
Epoch: 8392, Loss: 5.645294666290283
Epoch: 8393, Loss: 5.5322747230529785
Epoch: 8394, Loss: 5.469118595123291
Epoch: 8395, Loss: 5.600838661193848
Epoch: 8396, Loss: 5.58754825592041
Epoch: 8397, Loss: 5.624773979187012
Epoch: 8398, Loss: 5.5673065185546875
Epoch: 8399, Loss: 5.601907253265381
./circuit_plots/Unrestricted Disentangled|Readout|CN=0|B0=2|B1=3|K=1280|L=320|p_B=0.75|p_C=0.75|B=2|eps=0|e6550d4e-6d1e-4f62-89ea-caa9422ff06f/ already exists.
./circuit_plots/Unrestricted Disentangled|Readout|CN=0|B0=2|B1=3|K=1280|L=320|p_B=0.75|p_C=0.75|B=2|eps=0|e6550d4e-6d1e-4f62-89ea-caa9422ff06f/ already exists.
./circuit_plots/Unrestricted Disentangled|Readout|CN=0|B0=2|B1=3|K=1280|L=320|p_B=0.75|p_C=0.75|B=2|eps=0|e6550d4e-6d1e-4f62-89ea-caa9422ff06f/ already exists.
./circuit_plots/Unrestricted Disentangled|Readout|CN=0|B0=2|B1=3|K=1280|L=320|p_B=0.75|p_C=0.75|B=2|eps=0|e6550d4e-6d1e-4f62-89ea-caa9422ff06f/ already exists.
./circuit_plots/Unrestricted Disentangled|Readout|CN=0|B0=2|B1=3|K=1280|L=320|p_B=0.75|p_C=0.75|B=2|eps=0|e6550d4e-6d1e-4f62-89ea-caa9422ff06f/ already exists.
./circuit_plots/Unrestricted Disentangled|Readout|CN=0|B0=2|B1=3|K=1280|L=320|p_B=0.75|p_C=0.75|B=2|eps=0|e6550d4e-6d1e-4f62-89ea-caa9422ff06f/ already exists.
./circuit_plots/Unrestricted Disentangled|Readout|CN=0|B0=2|B1=3|K=1280|L=320|p_B=0.75|p_C=0.75|B=2|eps=0|e6550d4e-6d1e-4f62-89ea-caa9422ff06f/ already exists.
Epoch: 8400, Loss: 5.587018966674805
Test acc: 0.1429, IC acc: 0.0045, IC acc2: 0.0009, IW acc: 0.5463
Epoch: 8401, Loss: 5.555255889892578
Epoch: 8402, Loss: 5.631237983703613
Epoch: 8403, Loss: 5.593807220458984
Epoch: 8404, Loss: 5.580589771270752
Epoch: 8405, Loss: 5.623758792877197
Epoch: 8406, Loss: 5.564067363739014
Epoch: 8407, Loss: 5.559494972229004
Epoch: 8408, Loss: 5.576575756072998
Epoch: 8409, Loss: 5.638480186462402
Epoch: 8410, Loss: 5.557173728942871
Test acc: 0.1429, IC acc: 0.0045, IC acc2: 0.0009, IW acc: 0.5473
Epoch: 8411, Loss: 5.644804954528809
Epoch: 8412, Loss: 5.485156059265137
Epoch: 8413, Loss: 5.494915962219238
Epoch: 8414, Loss: 5.587695121765137
Epoch: 8415, Loss: 5.603466987609863
Epoch: 8416, Loss: 5.567281246185303
Epoch: 8417, Loss: 5.642805099487305
Epoch: 8418, Loss: 5.622603893280029
Epoch: 8419, Loss: 5.487051963806152
Epoch: 8420, Loss: 5.559815883636475
Test acc: 0.143, IC acc: 0.0045, IC acc2: 0.0009, IW acc: 0.5479
Epoch: 8421, Loss: 5.566030502319336
Epoch: 8422, Loss: 5.573959827423096
Epoch: 8423, Loss: 5.590577125549316
Epoch: 8424, Loss: 5.681857109069824
Epoch: 8425, Loss: 5.570533752441406
Epoch: 8426, Loss: 5.633298873901367
Epoch: 8427, Loss: 5.478946685791016
Epoch: 8428, Loss: 5.5391411781311035
Epoch: 8429, Loss: 5.5738983154296875
Epoch: 8430, Loss: 5.584379196166992
Test acc: 0.1432, IC acc: 0.0045, IC acc2: 0.0009, IW acc: 0.5499
Epoch: 8431, Loss: 5.581125259399414
Epoch: 8432, Loss: 5.631134033203125
Epoch: 8433, Loss: 5.596353530883789
Epoch: 8434, Loss: 5.557685852050781
Epoch: 8435, Loss: 5.579661846160889
Epoch: 8436, Loss: 5.562557220458984
Epoch: 8437, Loss: 5.639222621917725
Epoch: 8438, Loss: 5.556006908416748
Epoch: 8439, Loss: 5.550207614898682
Epoch: 8440, Loss: 5.606820583343506
Test acc: 0.1431, IC acc: 0.0045, IC acc2: 0.0009, IW acc: 0.5494
Epoch: 8441, Loss: 5.597723960876465
Epoch: 8442, Loss: 5.62164306640625
Epoch: 8443, Loss: 5.676405906677246
Epoch: 8444, Loss: 5.614065170288086
Epoch: 8445, Loss: 5.6214599609375
Epoch: 8446, Loss: 5.639853477478027
Epoch: 8447, Loss: 5.571632385253906
Epoch: 8448, Loss: 5.547605991363525
Epoch: 8449, Loss: 5.608964443206787
./circuit_plots/Unrestricted Disentangled|Readout|CN=0|B0=2|B1=3|K=1280|L=320|p_B=0.75|p_C=0.75|B=2|eps=0|e6550d4e-6d1e-4f62-89ea-caa9422ff06f/ already exists.
./circuit_plots/Unrestricted Disentangled|Readout|CN=0|B0=2|B1=3|K=1280|L=320|p_B=0.75|p_C=0.75|B=2|eps=0|e6550d4e-6d1e-4f62-89ea-caa9422ff06f/ already exists.
./circuit_plots/Unrestricted Disentangled|Readout|CN=0|B0=2|B1=3|K=1280|L=320|p_B=0.75|p_C=0.75|B=2|eps=0|e6550d4e-6d1e-4f62-89ea-caa9422ff06f/ already exists.
./circuit_plots/Unrestricted Disentangled|Readout|CN=0|B0=2|B1=3|K=1280|L=320|p_B=0.75|p_C=0.75|B=2|eps=0|e6550d4e-6d1e-4f62-89ea-caa9422ff06f/ already exists.
./circuit_plots/Unrestricted Disentangled|Readout|CN=0|B0=2|B1=3|K=1280|L=320|p_B=0.75|p_C=0.75|B=2|eps=0|e6550d4e-6d1e-4f62-89ea-caa9422ff06f/ already exists.
./circuit_plots/Unrestricted Disentangled|Readout|CN=0|B0=2|B1=3|K=1280|L=320|p_B=0.75|p_C=0.75|B=2|eps=0|e6550d4e-6d1e-4f62-89ea-caa9422ff06f/ already exists.
./circuit_plots/Unrestricted Disentangled|Readout|CN=0|B0=2|B1=3|K=1280|L=320|p_B=0.75|p_C=0.75|B=2|eps=0|e6550d4e-6d1e-4f62-89ea-caa9422ff06f/ already exists.
Epoch: 8450, Loss: 5.713930130004883
Test acc: 0.1435, IC acc: 0.0045, IC acc2: 0.0009, IW acc: 0.5508
Epoch: 8451, Loss: 5.591639518737793
Epoch: 8452, Loss: 5.596724987030029
Epoch: 8453, Loss: 5.604924201965332
Epoch: 8454, Loss: 5.586402893066406
Epoch: 8455, Loss: 5.540088176727295
Epoch: 8456, Loss: 5.553942680358887
Epoch: 8457, Loss: 5.621934413909912
Epoch: 8458, Loss: 5.6611151695251465
Epoch: 8459, Loss: 5.616853713989258
Epoch: 8460, Loss: 5.569159507751465
Test acc: 0.1427, IC acc: 0.0045, IC acc2: 0.0009, IW acc: 0.5473
Epoch: 8461, Loss: 5.608309745788574
Epoch: 8462, Loss: 5.590267181396484
Epoch: 8463, Loss: 5.586020469665527
Epoch: 8464, Loss: 5.5046539306640625
Epoch: 8465, Loss: 5.566514492034912
Epoch: 8466, Loss: 5.558778762817383
Epoch: 8467, Loss: 5.52120304107666
Epoch: 8468, Loss: 5.605412006378174
Epoch: 8469, Loss: 5.552332401275635
Epoch: 8470, Loss: 5.535916328430176
Test acc: 0.1431, IC acc: 0.0045, IC acc2: 0.0009, IW acc: 0.5479
Epoch: 8471, Loss: 5.60502815246582
Epoch: 8472, Loss: 5.71353006362915
Epoch: 8473, Loss: 5.600059509277344
Epoch: 8474, Loss: 5.585351467132568
Epoch: 8475, Loss: 5.612331390380859
Epoch: 8476, Loss: 5.6798553466796875
Epoch: 8477, Loss: 5.5562615394592285
Epoch: 8478, Loss: 5.621441841125488
Epoch: 8479, Loss: 5.637050628662109
Epoch: 8480, Loss: 5.560727119445801
Test acc: 0.1427, IC acc: 0.0045, IC acc2: 0.0009, IW acc: 0.5469
Epoch: 8481, Loss: 5.581921577453613
Epoch: 8482, Loss: 5.527100086212158
Epoch: 8483, Loss: 5.611050605773926
Epoch: 8484, Loss: 5.565329074859619
Epoch: 8485, Loss: 5.628977298736572
Epoch: 8486, Loss: 5.614462852478027
Epoch: 8487, Loss: 5.607547760009766
Epoch: 8488, Loss: 5.658623218536377
Epoch: 8489, Loss: 5.592681407928467
Epoch: 8490, Loss: 5.579379558563232
Test acc: 0.1429, IC acc: 0.0045, IC acc2: 0.0009, IW acc: 0.5479
Epoch: 8491, Loss: 5.571678161621094
Epoch: 8492, Loss: 5.549649238586426
Epoch: 8493, Loss: 5.5624308586120605
Epoch: 8494, Loss: 5.6135101318359375
Epoch: 8495, Loss: 5.619482040405273
Epoch: 8496, Loss: 5.610254287719727
Epoch: 8497, Loss: 5.47406005859375
Epoch: 8498, Loss: 5.698444843292236
Epoch: 8499, Loss: 5.582222938537598
./circuit_plots/Unrestricted Disentangled|Readout|CN=0|B0=2|B1=3|K=1280|L=320|p_B=0.75|p_C=0.75|B=2|eps=0|e6550d4e-6d1e-4f62-89ea-caa9422ff06f/ already exists.
./circuit_plots/Unrestricted Disentangled|Readout|CN=0|B0=2|B1=3|K=1280|L=320|p_B=0.75|p_C=0.75|B=2|eps=0|e6550d4e-6d1e-4f62-89ea-caa9422ff06f/ already exists.
./circuit_plots/Unrestricted Disentangled|Readout|CN=0|B0=2|B1=3|K=1280|L=320|p_B=0.75|p_C=0.75|B=2|eps=0|e6550d4e-6d1e-4f62-89ea-caa9422ff06f/ already exists.
./circuit_plots/Unrestricted Disentangled|Readout|CN=0|B0=2|B1=3|K=1280|L=320|p_B=0.75|p_C=0.75|B=2|eps=0|e6550d4e-6d1e-4f62-89ea-caa9422ff06f/ already exists.
./circuit_plots/Unrestricted Disentangled|Readout|CN=0|B0=2|B1=3|K=1280|L=320|p_B=0.75|p_C=0.75|B=2|eps=0|e6550d4e-6d1e-4f62-89ea-caa9422ff06f/ already exists.
./circuit_plots/Unrestricted Disentangled|Readout|CN=0|B0=2|B1=3|K=1280|L=320|p_B=0.75|p_C=0.75|B=2|eps=0|e6550d4e-6d1e-4f62-89ea-caa9422ff06f/ already exists.
./circuit_plots/Unrestricted Disentangled|Readout|CN=0|B0=2|B1=3|K=1280|L=320|p_B=0.75|p_C=0.75|B=2|eps=0|e6550d4e-6d1e-4f62-89ea-caa9422ff06f/ already exists.
Epoch: 8500, Loss: 5.601085662841797
Test acc: 0.1428, IC acc: 0.0045, IC acc2: 0.0009, IW acc: 0.5475
Epoch: 8501, Loss: 5.6025495529174805
Epoch: 8502, Loss: 5.519006729125977
Epoch: 8503, Loss: 5.60286283493042
Epoch: 8504, Loss: 5.539964199066162
Epoch: 8505, Loss: 5.542572498321533
Epoch: 8506, Loss: 5.658024787902832
Epoch: 8507, Loss: 5.511927127838135
Epoch: 8508, Loss: 5.5807929039001465
Epoch: 8509, Loss: 5.5986480712890625
Epoch: 8510, Loss: 5.645668029785156
Test acc: 0.1427, IC acc: 0.0045, IC acc2: 0.0009, IW acc: 0.5471
Epoch: 8511, Loss: 5.623269557952881
Epoch: 8512, Loss: 5.5613179206848145
Epoch: 8513, Loss: 5.614245414733887
Epoch: 8514, Loss: 5.567464828491211
Epoch: 8515, Loss: 5.617712497711182
Epoch: 8516, Loss: 5.542670249938965
Epoch: 8517, Loss: 5.553989410400391
Epoch: 8518, Loss: 5.519181251525879
Epoch: 8519, Loss: 5.518039703369141
Epoch: 8520, Loss: 5.5744547843933105
Test acc: 0.1426, IC acc: 0.0045, IC acc2: 0.0009, IW acc: 0.5479
Epoch: 8521, Loss: 5.593652248382568
Epoch: 8522, Loss: 5.60305118560791
Epoch: 8523, Loss: 5.639133453369141
Epoch: 8524, Loss: 5.598624229431152
Epoch: 8525, Loss: 5.536652565002441
Epoch: 8526, Loss: 5.622186660766602
Epoch: 8527, Loss: 5.583508491516113
Epoch: 8528, Loss: 5.597709655761719
Epoch: 8529, Loss: 5.529232501983643
Epoch: 8530, Loss: 5.571526527404785
Test acc: 0.143, IC acc: 0.0045, IC acc2: 0.0009, IW acc: 0.5488
Epoch: 8531, Loss: 5.55748176574707
Epoch: 8532, Loss: 5.636200428009033
Epoch: 8533, Loss: 5.563596248626709
Epoch: 8534, Loss: 5.579774856567383
Epoch: 8535, Loss: 5.579078674316406
Epoch: 8536, Loss: 5.553225517272949
Epoch: 8537, Loss: 5.606426239013672
Epoch: 8538, Loss: 5.547296524047852
Epoch: 8539, Loss: 5.507695198059082
Epoch: 8540, Loss: 5.629016399383545
Test acc: 0.1433, IC acc: 0.0045, IC acc2: 0.0009, IW acc: 0.5495
Epoch: 8541, Loss: 5.634489059448242
Epoch: 8542, Loss: 5.541625022888184
Epoch: 8543, Loss: 5.489514350891113
Epoch: 8544, Loss: 5.5903401374816895
Epoch: 8545, Loss: 5.57786226272583
Epoch: 8546, Loss: 5.539552211761475
Epoch: 8547, Loss: 5.508041858673096
Epoch: 8548, Loss: 5.641067028045654
Epoch: 8549, Loss: 5.638756275177002
./circuit_plots/Unrestricted Disentangled|Readout|CN=0|B0=2|B1=3|K=1280|L=320|p_B=0.75|p_C=0.75|B=2|eps=0|e6550d4e-6d1e-4f62-89ea-caa9422ff06f/ already exists.
./circuit_plots/Unrestricted Disentangled|Readout|CN=0|B0=2|B1=3|K=1280|L=320|p_B=0.75|p_C=0.75|B=2|eps=0|e6550d4e-6d1e-4f62-89ea-caa9422ff06f/ already exists.
./circuit_plots/Unrestricted Disentangled|Readout|CN=0|B0=2|B1=3|K=1280|L=320|p_B=0.75|p_C=0.75|B=2|eps=0|e6550d4e-6d1e-4f62-89ea-caa9422ff06f/ already exists.
./circuit_plots/Unrestricted Disentangled|Readout|CN=0|B0=2|B1=3|K=1280|L=320|p_B=0.75|p_C=0.75|B=2|eps=0|e6550d4e-6d1e-4f62-89ea-caa9422ff06f/ already exists.
./circuit_plots/Unrestricted Disentangled|Readout|CN=0|B0=2|B1=3|K=1280|L=320|p_B=0.75|p_C=0.75|B=2|eps=0|e6550d4e-6d1e-4f62-89ea-caa9422ff06f/ already exists.
./circuit_plots/Unrestricted Disentangled|Readout|CN=0|B0=2|B1=3|K=1280|L=320|p_B=0.75|p_C=0.75|B=2|eps=0|e6550d4e-6d1e-4f62-89ea-caa9422ff06f/ already exists.
./circuit_plots/Unrestricted Disentangled|Readout|CN=0|B0=2|B1=3|K=1280|L=320|p_B=0.75|p_C=0.75|B=2|eps=0|e6550d4e-6d1e-4f62-89ea-caa9422ff06f/ already exists.
Epoch: 8550, Loss: 5.5164899826049805
Test acc: 0.1433, IC acc: 0.0045, IC acc2: 0.0009, IW acc: 0.5495
Epoch: 8551, Loss: 5.609371185302734
Epoch: 8552, Loss: 5.535064697265625
Epoch: 8553, Loss: 5.691909313201904
Epoch: 8554, Loss: 5.558784484863281
Epoch: 8555, Loss: 5.6186113357543945
Epoch: 8556, Loss: 5.54657506942749
Epoch: 8557, Loss: 5.502139091491699
Epoch: 8558, Loss: 5.705166816711426
Epoch: 8559, Loss: 5.582731246948242
Epoch: 8560, Loss: 5.621375560760498
Test acc: 0.1437, IC acc: 0.0045, IC acc2: 0.0009, IW acc: 0.5507
Epoch: 8561, Loss: 5.578405380249023
Epoch: 8562, Loss: 5.633190631866455
Epoch: 8563, Loss: 5.5973711013793945
Epoch: 8564, Loss: 5.608654499053955
Epoch: 8565, Loss: 5.708228588104248
Epoch: 8566, Loss: 5.5540771484375
Epoch: 8567, Loss: 5.572025299072266
Epoch: 8568, Loss: 5.565999984741211
Epoch: 8569, Loss: 5.541528701782227
Epoch: 8570, Loss: 5.592745780944824
Test acc: 0.1433, IC acc: 0.0045, IC acc2: 0.0009, IW acc: 0.5492
Epoch: 8571, Loss: 5.57182502746582
Epoch: 8572, Loss: 5.605879306793213
Epoch: 8573, Loss: 5.506419658660889
Epoch: 8574, Loss: 5.565789699554443
Epoch: 8575, Loss: 5.58955192565918
Epoch: 8576, Loss: 5.557123184204102
Epoch: 8577, Loss: 5.581972122192383
Epoch: 8578, Loss: 5.612401008605957
Epoch: 8579, Loss: 5.575097560882568
Epoch: 8580, Loss: 5.58389139175415
Test acc: 0.1433, IC acc: 0.0045, IC acc2: 0.0009, IW acc: 0.5494
Epoch: 8581, Loss: 5.593860149383545
Epoch: 8582, Loss: 5.522210121154785
Epoch: 8583, Loss: 5.559213638305664
Epoch: 8584, Loss: 5.514991760253906
Epoch: 8585, Loss: 5.587165832519531
Epoch: 8586, Loss: 5.566141128540039
Epoch: 8587, Loss: 5.585282325744629
Epoch: 8588, Loss: 5.616878509521484
Epoch: 8589, Loss: 5.573982238769531
Epoch: 8590, Loss: 5.500439643859863
Test acc: 0.1439, IC acc: 0.0045, IC acc2: 0.0009, IW acc: 0.5526
Epoch: 8591, Loss: 5.617164611816406
Epoch: 8592, Loss: 5.5664472579956055
Epoch: 8593, Loss: 5.555096626281738
Epoch: 8594, Loss: 5.558803081512451
Epoch: 8595, Loss: 5.626880645751953
Epoch: 8596, Loss: 5.516561031341553
Epoch: 8597, Loss: 5.527309894561768
Epoch: 8598, Loss: 5.5852227210998535
Epoch: 8599, Loss: 5.634244441986084
./circuit_plots/Unrestricted Disentangled|Readout|CN=0|B0=2|B1=3|K=1280|L=320|p_B=0.75|p_C=0.75|B=2|eps=0|e6550d4e-6d1e-4f62-89ea-caa9422ff06f/ already exists.
./circuit_plots/Unrestricted Disentangled|Readout|CN=0|B0=2|B1=3|K=1280|L=320|p_B=0.75|p_C=0.75|B=2|eps=0|e6550d4e-6d1e-4f62-89ea-caa9422ff06f/ already exists.
./circuit_plots/Unrestricted Disentangled|Readout|CN=0|B0=2|B1=3|K=1280|L=320|p_B=0.75|p_C=0.75|B=2|eps=0|e6550d4e-6d1e-4f62-89ea-caa9422ff06f/ already exists.
./circuit_plots/Unrestricted Disentangled|Readout|CN=0|B0=2|B1=3|K=1280|L=320|p_B=0.75|p_C=0.75|B=2|eps=0|e6550d4e-6d1e-4f62-89ea-caa9422ff06f/ already exists.
./circuit_plots/Unrestricted Disentangled|Readout|CN=0|B0=2|B1=3|K=1280|L=320|p_B=0.75|p_C=0.75|B=2|eps=0|e6550d4e-6d1e-4f62-89ea-caa9422ff06f/ already exists.
./circuit_plots/Unrestricted Disentangled|Readout|CN=0|B0=2|B1=3|K=1280|L=320|p_B=0.75|p_C=0.75|B=2|eps=0|e6550d4e-6d1e-4f62-89ea-caa9422ff06f/ already exists.
./circuit_plots/Unrestricted Disentangled|Readout|CN=0|B0=2|B1=3|K=1280|L=320|p_B=0.75|p_C=0.75|B=2|eps=0|e6550d4e-6d1e-4f62-89ea-caa9422ff06f/ already exists.
Epoch: 8600, Loss: 5.622678756713867
Test acc: 0.1442, IC acc: 0.0045, IC acc2: 0.0009, IW acc: 0.5537
Epoch: 8601, Loss: 5.6180620193481445
Epoch: 8602, Loss: 5.528998374938965
Epoch: 8603, Loss: 5.4575371742248535
Epoch: 8604, Loss: 5.596765995025635
Epoch: 8605, Loss: 5.564233779907227
Epoch: 8606, Loss: 5.569461822509766
Epoch: 8607, Loss: 5.556210517883301
Epoch: 8608, Loss: 5.584508895874023
Epoch: 8609, Loss: 5.599266052246094
Epoch: 8610, Loss: 5.567124366760254
Test acc: 0.1444, IC acc: 0.0045, IC acc2: 0.0009, IW acc: 0.5543
Epoch: 8611, Loss: 5.564493179321289
Epoch: 8612, Loss: 5.658795356750488
Epoch: 8613, Loss: 5.622862339019775
Epoch: 8614, Loss: 5.674219131469727
Epoch: 8615, Loss: 5.586041450500488
Epoch: 8616, Loss: 5.582711219787598
Epoch: 8617, Loss: 5.597408294677734
Epoch: 8618, Loss: 5.576504707336426
Epoch: 8619, Loss: 5.624312877655029
Epoch: 8620, Loss: 5.570768356323242
Test acc: 0.1452, IC acc: 0.0045, IC acc2: 0.0009, IW acc: 0.5565
Epoch: 8621, Loss: 5.499430179595947
Epoch: 8622, Loss: 5.512084007263184
Epoch: 8623, Loss: 5.5501227378845215
Epoch: 8624, Loss: 5.583083629608154
Epoch: 8625, Loss: 5.6300048828125
Epoch: 8626, Loss: 5.505829811096191
Epoch: 8627, Loss: 5.4734625816345215
Epoch: 8628, Loss: 5.587309837341309
Epoch: 8629, Loss: 5.611231327056885
Epoch: 8630, Loss: 5.519848823547363
Test acc: 0.1454, IC acc: 0.0045, IC acc2: 0.0009, IW acc: 0.5574
Epoch: 8631, Loss: 5.5484232902526855
Epoch: 8632, Loss: 5.574854850769043
Epoch: 8633, Loss: 5.54931116104126
Epoch: 8634, Loss: 5.517261505126953
Epoch: 8635, Loss: 5.521547317504883
Epoch: 8636, Loss: 5.635737419128418
Epoch: 8637, Loss: 5.621825218200684
Epoch: 8638, Loss: 5.522564888000488
Epoch: 8639, Loss: 5.539062976837158
Epoch: 8640, Loss: 5.5174241065979
Test acc: 0.1451, IC acc: 0.0045, IC acc2: 0.0009, IW acc: 0.5563
Epoch: 8641, Loss: 5.617683410644531
Epoch: 8642, Loss: 5.582098007202148
Epoch: 8643, Loss: 5.55943489074707
Epoch: 8644, Loss: 5.601401329040527
Epoch: 8645, Loss: 5.647346496582031
Epoch: 8646, Loss: 5.507338047027588
Epoch: 8647, Loss: 5.575263023376465
Epoch: 8648, Loss: 5.660058975219727
Epoch: 8649, Loss: 5.663335800170898
./circuit_plots/Unrestricted Disentangled|Readout|CN=0|B0=2|B1=3|K=1280|L=320|p_B=0.75|p_C=0.75|B=2|eps=0|e6550d4e-6d1e-4f62-89ea-caa9422ff06f/ already exists.
./circuit_plots/Unrestricted Disentangled|Readout|CN=0|B0=2|B1=3|K=1280|L=320|p_B=0.75|p_C=0.75|B=2|eps=0|e6550d4e-6d1e-4f62-89ea-caa9422ff06f/ already exists.
./circuit_plots/Unrestricted Disentangled|Readout|CN=0|B0=2|B1=3|K=1280|L=320|p_B=0.75|p_C=0.75|B=2|eps=0|e6550d4e-6d1e-4f62-89ea-caa9422ff06f/ already exists.
./circuit_plots/Unrestricted Disentangled|Readout|CN=0|B0=2|B1=3|K=1280|L=320|p_B=0.75|p_C=0.75|B=2|eps=0|e6550d4e-6d1e-4f62-89ea-caa9422ff06f/ already exists.
./circuit_plots/Unrestricted Disentangled|Readout|CN=0|B0=2|B1=3|K=1280|L=320|p_B=0.75|p_C=0.75|B=2|eps=0|e6550d4e-6d1e-4f62-89ea-caa9422ff06f/ already exists.
./circuit_plots/Unrestricted Disentangled|Readout|CN=0|B0=2|B1=3|K=1280|L=320|p_B=0.75|p_C=0.75|B=2|eps=0|e6550d4e-6d1e-4f62-89ea-caa9422ff06f/ already exists.
./circuit_plots/Unrestricted Disentangled|Readout|CN=0|B0=2|B1=3|K=1280|L=320|p_B=0.75|p_C=0.75|B=2|eps=0|e6550d4e-6d1e-4f62-89ea-caa9422ff06f/ already exists.
Epoch: 8650, Loss: 5.566601276397705
Test acc: 0.1457, IC acc: 0.0045, IC acc2: 0.0009, IW acc: 0.5591
Epoch: 8651, Loss: 5.607690334320068
Epoch: 8652, Loss: 5.498717308044434
Epoch: 8653, Loss: 5.533164978027344
Epoch: 8654, Loss: 5.6092400550842285
Epoch: 8655, Loss: 5.533705711364746
Epoch: 8656, Loss: 5.608469486236572
Epoch: 8657, Loss: 5.567290782928467
Epoch: 8658, Loss: 5.531707286834717
Epoch: 8659, Loss: 5.552669048309326
Epoch: 8660, Loss: 5.607292175292969
Test acc: 0.1459, IC acc: 0.0045, IC acc2: 0.0009, IW acc: 0.5594
Epoch: 8661, Loss: 5.527332305908203
Epoch: 8662, Loss: 5.5982279777526855
Epoch: 8663, Loss: 5.560053825378418
Epoch: 8664, Loss: 5.6013078689575195
Epoch: 8665, Loss: 5.6519670486450195
Epoch: 8666, Loss: 5.661126136779785
Epoch: 8667, Loss: 5.49418830871582
Epoch: 8668, Loss: 5.585306644439697
Epoch: 8669, Loss: 5.670085906982422
Epoch: 8670, Loss: 5.541539192199707
Test acc: 0.1459, IC acc: 0.0045, IC acc2: 0.0009, IW acc: 0.5606
Epoch: 8671, Loss: 5.631274223327637
Epoch: 8672, Loss: 5.606012344360352
Epoch: 8673, Loss: 5.548872947692871
Epoch: 8674, Loss: 5.578901290893555
Epoch: 8675, Loss: 5.5528411865234375
Epoch: 8676, Loss: 5.6971611976623535
Epoch: 8677, Loss: 5.502799987792969
Epoch: 8678, Loss: 5.520669937133789
Epoch: 8679, Loss: 5.570260047912598
Epoch: 8680, Loss: 5.62582540512085
Test acc: 0.1462, IC acc: 0.0045, IC acc2: 0.0009, IW acc: 0.5598
Epoch: 8681, Loss: 5.551509857177734
Epoch: 8682, Loss: 5.598026752471924
Epoch: 8683, Loss: 5.536187171936035
Epoch: 8684, Loss: 5.645611763000488
Epoch: 8685, Loss: 5.543179512023926
Epoch: 8686, Loss: 5.572153091430664
Epoch: 8687, Loss: 5.509815216064453
Epoch: 8688, Loss: 5.5297064781188965
Epoch: 8689, Loss: 5.624118804931641
Epoch: 8690, Loss: 5.577145576477051
Test acc: 0.1459, IC acc: 0.0045, IC acc2: 0.0009, IW acc: 0.559
Epoch: 8691, Loss: 5.605345726013184
Epoch: 8692, Loss: 5.668712615966797
Epoch: 8693, Loss: 5.63690185546875
Epoch: 8694, Loss: 5.636176109313965
Epoch: 8695, Loss: 5.654295444488525
Epoch: 8696, Loss: 5.6876749992370605
Epoch: 8697, Loss: 5.542411804199219
Epoch: 8698, Loss: 5.5903425216674805
Epoch: 8699, Loss: 5.544532775878906
./circuit_plots/Unrestricted Disentangled|Readout|CN=0|B0=2|B1=3|K=1280|L=320|p_B=0.75|p_C=0.75|B=2|eps=0|e6550d4e-6d1e-4f62-89ea-caa9422ff06f/ already exists.
./circuit_plots/Unrestricted Disentangled|Readout|CN=0|B0=2|B1=3|K=1280|L=320|p_B=0.75|p_C=0.75|B=2|eps=0|e6550d4e-6d1e-4f62-89ea-caa9422ff06f/ already exists.
./circuit_plots/Unrestricted Disentangled|Readout|CN=0|B0=2|B1=3|K=1280|L=320|p_B=0.75|p_C=0.75|B=2|eps=0|e6550d4e-6d1e-4f62-89ea-caa9422ff06f/ already exists.
./circuit_plots/Unrestricted Disentangled|Readout|CN=0|B0=2|B1=3|K=1280|L=320|p_B=0.75|p_C=0.75|B=2|eps=0|e6550d4e-6d1e-4f62-89ea-caa9422ff06f/ already exists.
./circuit_plots/Unrestricted Disentangled|Readout|CN=0|B0=2|B1=3|K=1280|L=320|p_B=0.75|p_C=0.75|B=2|eps=0|e6550d4e-6d1e-4f62-89ea-caa9422ff06f/ already exists.
./circuit_plots/Unrestricted Disentangled|Readout|CN=0|B0=2|B1=3|K=1280|L=320|p_B=0.75|p_C=0.75|B=2|eps=0|e6550d4e-6d1e-4f62-89ea-caa9422ff06f/ already exists.
./circuit_plots/Unrestricted Disentangled|Readout|CN=0|B0=2|B1=3|K=1280|L=320|p_B=0.75|p_C=0.75|B=2|eps=0|e6550d4e-6d1e-4f62-89ea-caa9422ff06f/ already exists.
Epoch: 8700, Loss: 5.504999160766602
Test acc: 0.1461, IC acc: 0.0045, IC acc2: 0.0009, IW acc: 0.5598
Epoch: 8701, Loss: 5.625588417053223
Epoch: 8702, Loss: 5.4972944259643555
Epoch: 8703, Loss: 5.575857639312744
Epoch: 8704, Loss: 5.601193904876709
Epoch: 8705, Loss: 5.572847366333008
Epoch: 8706, Loss: 5.598952293395996
Epoch: 8707, Loss: 5.558427333831787
Epoch: 8708, Loss: 5.549590587615967
Epoch: 8709, Loss: 5.6207427978515625
Epoch: 8710, Loss: 5.549142837524414
Test acc: 0.1459, IC acc: 0.0045, IC acc2: 0.0009, IW acc: 0.559
Epoch: 8711, Loss: 5.632868766784668
Epoch: 8712, Loss: 5.52471923828125
Epoch: 8713, Loss: 5.608617305755615
Epoch: 8714, Loss: 5.574326992034912
Epoch: 8715, Loss: 5.608879089355469
Epoch: 8716, Loss: 5.605429649353027
Epoch: 8717, Loss: 5.555729866027832
Epoch: 8718, Loss: 5.596393585205078
Epoch: 8719, Loss: 5.551286220550537
Epoch: 8720, Loss: 5.680373191833496
Test acc: 0.1454, IC acc: 0.0045, IC acc2: 0.0009, IW acc: 0.5587
Epoch: 8721, Loss: 5.522411823272705
Epoch: 8722, Loss: 5.582035064697266
Epoch: 8723, Loss: 5.546929836273193
Epoch: 8724, Loss: 5.541275978088379
Epoch: 8725, Loss: 5.558177471160889
Epoch: 8726, Loss: 5.557309150695801
Epoch: 8727, Loss: 5.600493907928467
Epoch: 8728, Loss: 5.534669399261475
Epoch: 8729, Loss: 5.483565330505371
Epoch: 8730, Loss: 5.572176933288574
Test acc: 0.1458, IC acc: 0.0045, IC acc2: 0.0009, IW acc: 0.5599
Epoch: 8731, Loss: 5.536158084869385
Epoch: 8732, Loss: 5.603544235229492
Epoch: 8733, Loss: 5.559376239776611
Epoch: 8734, Loss: 5.626099109649658
Epoch: 8735, Loss: 5.5337066650390625
Epoch: 8736, Loss: 5.597168922424316
Epoch: 8737, Loss: 5.592776298522949
Epoch: 8738, Loss: 5.584458351135254
Epoch: 8739, Loss: 5.616960525512695
Epoch: 8740, Loss: 5.670812606811523
Test acc: 0.1457, IC acc: 0.0045, IC acc2: 0.0009, IW acc: 0.5604
Epoch: 8741, Loss: 5.557438373565674
Epoch: 8742, Loss: 5.566744804382324
Epoch: 8743, Loss: 5.560854911804199
Epoch: 8744, Loss: 5.589269638061523
Epoch: 8745, Loss: 5.5654401779174805
Epoch: 8746, Loss: 5.636109352111816
Epoch: 8747, Loss: 5.635804176330566
Epoch: 8748, Loss: 5.549709320068359
Epoch: 8749, Loss: 5.602869033813477
./circuit_plots/Unrestricted Disentangled|Readout|CN=0|B0=2|B1=3|K=1280|L=320|p_B=0.75|p_C=0.75|B=2|eps=0|e6550d4e-6d1e-4f62-89ea-caa9422ff06f/ already exists.
./circuit_plots/Unrestricted Disentangled|Readout|CN=0|B0=2|B1=3|K=1280|L=320|p_B=0.75|p_C=0.75|B=2|eps=0|e6550d4e-6d1e-4f62-89ea-caa9422ff06f/ already exists.
./circuit_plots/Unrestricted Disentangled|Readout|CN=0|B0=2|B1=3|K=1280|L=320|p_B=0.75|p_C=0.75|B=2|eps=0|e6550d4e-6d1e-4f62-89ea-caa9422ff06f/ already exists.
./circuit_plots/Unrestricted Disentangled|Readout|CN=0|B0=2|B1=3|K=1280|L=320|p_B=0.75|p_C=0.75|B=2|eps=0|e6550d4e-6d1e-4f62-89ea-caa9422ff06f/ already exists.
./circuit_plots/Unrestricted Disentangled|Readout|CN=0|B0=2|B1=3|K=1280|L=320|p_B=0.75|p_C=0.75|B=2|eps=0|e6550d4e-6d1e-4f62-89ea-caa9422ff06f/ already exists.
./circuit_plots/Unrestricted Disentangled|Readout|CN=0|B0=2|B1=3|K=1280|L=320|p_B=0.75|p_C=0.75|B=2|eps=0|e6550d4e-6d1e-4f62-89ea-caa9422ff06f/ already exists.
./circuit_plots/Unrestricted Disentangled|Readout|CN=0|B0=2|B1=3|K=1280|L=320|p_B=0.75|p_C=0.75|B=2|eps=0|e6550d4e-6d1e-4f62-89ea-caa9422ff06f/ already exists.
Epoch: 8750, Loss: 5.534124374389648
Test acc: 0.1463, IC acc: 0.0045, IC acc2: 0.0009, IW acc: 0.5634
Epoch: 8751, Loss: 5.505832195281982
Epoch: 8752, Loss: 5.618752479553223
Epoch: 8753, Loss: 5.651647567749023
Epoch: 8754, Loss: 5.6236443519592285
Epoch: 8755, Loss: 5.571163177490234
Epoch: 8756, Loss: 5.588286399841309
Epoch: 8757, Loss: 5.519289493560791
Epoch: 8758, Loss: 5.587374687194824
Epoch: 8759, Loss: 5.559889793395996
Epoch: 8760, Loss: 5.509122848510742
Test acc: 0.1457, IC acc: 0.0045, IC acc2: 0.0009, IW acc: 0.5606
Epoch: 8761, Loss: 5.52230167388916
Epoch: 8762, Loss: 5.574613571166992
Epoch: 8763, Loss: 5.554198741912842
Epoch: 8764, Loss: 5.591760635375977
Epoch: 8765, Loss: 5.579961776733398
Epoch: 8766, Loss: 5.6344757080078125
Epoch: 8767, Loss: 5.574152946472168
Epoch: 8768, Loss: 5.6013031005859375
Epoch: 8769, Loss: 5.604986667633057
Epoch: 8770, Loss: 5.658565044403076
Test acc: 0.1457, IC acc: 0.0045, IC acc2: 0.0009, IW acc: 0.5609
Epoch: 8771, Loss: 5.63707971572876
Epoch: 8772, Loss: 5.563916206359863
Epoch: 8773, Loss: 5.591631889343262
Epoch: 8774, Loss: 5.6206207275390625
Epoch: 8775, Loss: 5.555230617523193
Epoch: 8776, Loss: 5.536740303039551
Epoch: 8777, Loss: 5.5495734214782715
Epoch: 8778, Loss: 5.547651290893555
Epoch: 8779, Loss: 5.571399211883545
Epoch: 8780, Loss: 5.585369110107422
Test acc: 0.1462, IC acc: 0.0045, IC acc2: 0.0009, IW acc: 0.565
Epoch: 8781, Loss: 5.590728282928467
Epoch: 8782, Loss: 5.495238304138184
Epoch: 8783, Loss: 5.562944412231445
Epoch: 8784, Loss: 5.544826507568359
Epoch: 8785, Loss: 5.652961730957031
Epoch: 8786, Loss: 5.477385997772217
Epoch: 8787, Loss: 5.565265655517578
Epoch: 8788, Loss: 5.6706461906433105
Epoch: 8789, Loss: 5.598892688751221
Epoch: 8790, Loss: 5.581116199493408
Test acc: 0.1459, IC acc: 0.0045, IC acc2: 0.0009, IW acc: 0.5639
Epoch: 8791, Loss: 5.561863899230957
Epoch: 8792, Loss: 5.561470031738281
Epoch: 8793, Loss: 5.627303123474121
Epoch: 8794, Loss: 5.593386650085449
Epoch: 8795, Loss: 5.592485427856445
Epoch: 8796, Loss: 5.585595607757568
Epoch: 8797, Loss: 5.510005950927734
Epoch: 8798, Loss: 5.578954696655273
Epoch: 8799, Loss: 5.578681468963623
./circuit_plots/Unrestricted Disentangled|Readout|CN=0|B0=2|B1=3|K=1280|L=320|p_B=0.75|p_C=0.75|B=2|eps=0|e6550d4e-6d1e-4f62-89ea-caa9422ff06f/ already exists.
./circuit_plots/Unrestricted Disentangled|Readout|CN=0|B0=2|B1=3|K=1280|L=320|p_B=0.75|p_C=0.75|B=2|eps=0|e6550d4e-6d1e-4f62-89ea-caa9422ff06f/ already exists.
./circuit_plots/Unrestricted Disentangled|Readout|CN=0|B0=2|B1=3|K=1280|L=320|p_B=0.75|p_C=0.75|B=2|eps=0|e6550d4e-6d1e-4f62-89ea-caa9422ff06f/ already exists.
./circuit_plots/Unrestricted Disentangled|Readout|CN=0|B0=2|B1=3|K=1280|L=320|p_B=0.75|p_C=0.75|B=2|eps=0|e6550d4e-6d1e-4f62-89ea-caa9422ff06f/ already exists.
./circuit_plots/Unrestricted Disentangled|Readout|CN=0|B0=2|B1=3|K=1280|L=320|p_B=0.75|p_C=0.75|B=2|eps=0|e6550d4e-6d1e-4f62-89ea-caa9422ff06f/ already exists.
./circuit_plots/Unrestricted Disentangled|Readout|CN=0|B0=2|B1=3|K=1280|L=320|p_B=0.75|p_C=0.75|B=2|eps=0|e6550d4e-6d1e-4f62-89ea-caa9422ff06f/ already exists.
./circuit_plots/Unrestricted Disentangled|Readout|CN=0|B0=2|B1=3|K=1280|L=320|p_B=0.75|p_C=0.75|B=2|eps=0|e6550d4e-6d1e-4f62-89ea-caa9422ff06f/ already exists.
Epoch: 8800, Loss: 5.556663513183594
Test acc: 0.146, IC acc: 0.0045, IC acc2: 0.0009, IW acc: 0.565
Epoch: 8801, Loss: 5.602710247039795
Epoch: 8802, Loss: 5.536161422729492
Epoch: 8803, Loss: 5.597728729248047
Epoch: 8804, Loss: 5.550745010375977
Epoch: 8805, Loss: 5.585075855255127
Epoch: 8806, Loss: 5.549846649169922
Epoch: 8807, Loss: 5.5613627433776855
Epoch: 8808, Loss: 5.587641716003418
Epoch: 8809, Loss: 5.573999404907227
Epoch: 8810, Loss: 5.564062595367432
Test acc: 0.1459, IC acc: 0.0045, IC acc2: 0.0009, IW acc: 0.5641
Epoch: 8811, Loss: 5.58237361907959
Epoch: 8812, Loss: 5.599003791809082
Epoch: 8813, Loss: 5.623610496520996
Epoch: 8814, Loss: 5.561201095581055
Epoch: 8815, Loss: 5.575010299682617
Epoch: 8816, Loss: 5.580362796783447
Epoch: 8817, Loss: 5.606449127197266
Epoch: 8818, Loss: 5.5633625984191895
Epoch: 8819, Loss: 5.578856468200684
Epoch: 8820, Loss: 5.529125690460205
Test acc: 0.1462, IC acc: 0.0045, IC acc2: 0.0009, IW acc: 0.5658
Epoch: 8821, Loss: 5.5819091796875
Epoch: 8822, Loss: 5.686563491821289
Epoch: 8823, Loss: 5.6050262451171875
Epoch: 8824, Loss: 5.569794654846191
Epoch: 8825, Loss: 5.576123237609863
Epoch: 8826, Loss: 5.583486557006836
Epoch: 8827, Loss: 5.598598003387451
Epoch: 8828, Loss: 5.514367580413818
Epoch: 8829, Loss: 5.60524845123291
Epoch: 8830, Loss: 5.622256278991699
Test acc: 0.1464, IC acc: 0.0045, IC acc2: 0.0009, IW acc: 0.5674
Epoch: 8831, Loss: 5.587478160858154
Epoch: 8832, Loss: 5.544239521026611
Epoch: 8833, Loss: 5.580800533294678
Epoch: 8834, Loss: 5.478732585906982
Epoch: 8835, Loss: 5.703944206237793
Epoch: 8836, Loss: 5.521842956542969
Epoch: 8837, Loss: 5.522832870483398
Epoch: 8838, Loss: 5.66395902633667
Epoch: 8839, Loss: 5.52885627746582
Epoch: 8840, Loss: 5.569838523864746
Test acc: 0.1466, IC acc: 0.0045, IC acc2: 0.0009, IW acc: 0.5682
Epoch: 8841, Loss: 5.535569190979004
Epoch: 8842, Loss: 5.530073165893555
Epoch: 8843, Loss: 5.6093316078186035
Epoch: 8844, Loss: 5.5718793869018555
Epoch: 8845, Loss: 5.563166618347168
Epoch: 8846, Loss: 5.615088939666748
Epoch: 8847, Loss: 5.596121788024902
Epoch: 8848, Loss: 5.613191604614258
Epoch: 8849, Loss: 5.589972496032715
./circuit_plots/Unrestricted Disentangled|Readout|CN=0|B0=2|B1=3|K=1280|L=320|p_B=0.75|p_C=0.75|B=2|eps=0|e6550d4e-6d1e-4f62-89ea-caa9422ff06f/ already exists.
./circuit_plots/Unrestricted Disentangled|Readout|CN=0|B0=2|B1=3|K=1280|L=320|p_B=0.75|p_C=0.75|B=2|eps=0|e6550d4e-6d1e-4f62-89ea-caa9422ff06f/ already exists.
./circuit_plots/Unrestricted Disentangled|Readout|CN=0|B0=2|B1=3|K=1280|L=320|p_B=0.75|p_C=0.75|B=2|eps=0|e6550d4e-6d1e-4f62-89ea-caa9422ff06f/ already exists.
./circuit_plots/Unrestricted Disentangled|Readout|CN=0|B0=2|B1=3|K=1280|L=320|p_B=0.75|p_C=0.75|B=2|eps=0|e6550d4e-6d1e-4f62-89ea-caa9422ff06f/ already exists.
./circuit_plots/Unrestricted Disentangled|Readout|CN=0|B0=2|B1=3|K=1280|L=320|p_B=0.75|p_C=0.75|B=2|eps=0|e6550d4e-6d1e-4f62-89ea-caa9422ff06f/ already exists.
./circuit_plots/Unrestricted Disentangled|Readout|CN=0|B0=2|B1=3|K=1280|L=320|p_B=0.75|p_C=0.75|B=2|eps=0|e6550d4e-6d1e-4f62-89ea-caa9422ff06f/ already exists.
./circuit_plots/Unrestricted Disentangled|Readout|CN=0|B0=2|B1=3|K=1280|L=320|p_B=0.75|p_C=0.75|B=2|eps=0|e6550d4e-6d1e-4f62-89ea-caa9422ff06f/ already exists.
Epoch: 8850, Loss: 5.619034767150879
Test acc: 0.1462, IC acc: 0.0045, IC acc2: 0.0009, IW acc: 0.5662
Epoch: 8851, Loss: 5.548253059387207
Epoch: 8852, Loss: 5.538401126861572
Epoch: 8853, Loss: 5.633030891418457
Epoch: 8854, Loss: 5.581964492797852
Epoch: 8855, Loss: 5.598188400268555
Epoch: 8856, Loss: 5.591657638549805
Epoch: 8857, Loss: 5.580656051635742
Epoch: 8858, Loss: 5.586146354675293
Epoch: 8859, Loss: 5.558438777923584
Epoch: 8860, Loss: 5.575798988342285
Test acc: 0.1462, IC acc: 0.0045, IC acc2: 0.0009, IW acc: 0.5662
Epoch: 8861, Loss: 5.55269718170166
Epoch: 8862, Loss: 5.51093053817749
Epoch: 8863, Loss: 5.525724411010742
Epoch: 8864, Loss: 5.559263229370117
Epoch: 8865, Loss: 5.5442938804626465
Epoch: 8866, Loss: 5.636945724487305
Epoch: 8867, Loss: 5.652487754821777
Epoch: 8868, Loss: 5.618558883666992
Epoch: 8869, Loss: 5.599687099456787
Epoch: 8870, Loss: 5.614029884338379
Test acc: 0.1466, IC acc: 0.0045, IC acc2: 0.0009, IW acc: 0.567
Epoch: 8871, Loss: 5.546370029449463
Epoch: 8872, Loss: 5.55223274230957
Epoch: 8873, Loss: 5.565443992614746
Epoch: 8874, Loss: 5.549375057220459
Epoch: 8875, Loss: 5.504734992980957
Epoch: 8876, Loss: 5.576848983764648
Epoch: 8877, Loss: 5.566892147064209
Epoch: 8878, Loss: 5.569705963134766
Epoch: 8879, Loss: 5.648774147033691
Epoch: 8880, Loss: 5.5257720947265625
Test acc: 0.1465, IC acc: 0.0036, IC acc2: 0.0009, IW acc: 0.5682
Epoch: 8881, Loss: 5.648807525634766
Epoch: 8882, Loss: 5.5537519454956055
Epoch: 8883, Loss: 5.6334733963012695
Epoch: 8884, Loss: 5.5500335693359375
Epoch: 8885, Loss: 5.5980544090271
Epoch: 8886, Loss: 5.6685638427734375
Epoch: 8887, Loss: 5.523892402648926
Epoch: 8888, Loss: 5.611745834350586
Epoch: 8889, Loss: 5.50031852722168
Epoch: 8890, Loss: 5.599262237548828
Test acc: 0.1468, IC acc: 0.0036, IC acc2: 0.0009, IW acc: 0.5703
Epoch: 8891, Loss: 5.579517364501953
Epoch: 8892, Loss: 5.532573699951172
Epoch: 8893, Loss: 5.5961809158325195
Epoch: 8894, Loss: 5.557154655456543
Epoch: 8895, Loss: 5.614592552185059
Epoch: 8896, Loss: 5.62692928314209
Epoch: 8897, Loss: 5.503212928771973
Epoch: 8898, Loss: 5.537833213806152
Epoch: 8899, Loss: 5.586262226104736
./circuit_plots/Unrestricted Disentangled|Readout|CN=0|B0=2|B1=3|K=1280|L=320|p_B=0.75|p_C=0.75|B=2|eps=0|e6550d4e-6d1e-4f62-89ea-caa9422ff06f/ already exists.
./circuit_plots/Unrestricted Disentangled|Readout|CN=0|B0=2|B1=3|K=1280|L=320|p_B=0.75|p_C=0.75|B=2|eps=0|e6550d4e-6d1e-4f62-89ea-caa9422ff06f/ already exists.
./circuit_plots/Unrestricted Disentangled|Readout|CN=0|B0=2|B1=3|K=1280|L=320|p_B=0.75|p_C=0.75|B=2|eps=0|e6550d4e-6d1e-4f62-89ea-caa9422ff06f/ already exists.
./circuit_plots/Unrestricted Disentangled|Readout|CN=0|B0=2|B1=3|K=1280|L=320|p_B=0.75|p_C=0.75|B=2|eps=0|e6550d4e-6d1e-4f62-89ea-caa9422ff06f/ already exists.
./circuit_plots/Unrestricted Disentangled|Readout|CN=0|B0=2|B1=3|K=1280|L=320|p_B=0.75|p_C=0.75|B=2|eps=0|e6550d4e-6d1e-4f62-89ea-caa9422ff06f/ already exists.
./circuit_plots/Unrestricted Disentangled|Readout|CN=0|B0=2|B1=3|K=1280|L=320|p_B=0.75|p_C=0.75|B=2|eps=0|e6550d4e-6d1e-4f62-89ea-caa9422ff06f/ already exists.
./circuit_plots/Unrestricted Disentangled|Readout|CN=0|B0=2|B1=3|K=1280|L=320|p_B=0.75|p_C=0.75|B=2|eps=0|e6550d4e-6d1e-4f62-89ea-caa9422ff06f/ already exists.
Epoch: 8900, Loss: 5.596754550933838
Test acc: 0.1472, IC acc: 0.0036, IC acc2: 0.0009, IW acc: 0.5713
Epoch: 8901, Loss: 5.5317158699035645
Epoch: 8902, Loss: 5.550142288208008
Epoch: 8903, Loss: 5.555344581604004
Epoch: 8904, Loss: 5.5356855392456055
Epoch: 8905, Loss: 5.582354545593262
Epoch: 8906, Loss: 5.633667469024658
Epoch: 8907, Loss: 5.632465362548828
Epoch: 8908, Loss: 5.622424125671387
Epoch: 8909, Loss: 5.540083408355713
Epoch: 8910, Loss: 5.574509620666504
Test acc: 0.1465, IC acc: 0.0036, IC acc2: 0.0009, IW acc: 0.5703
Epoch: 8911, Loss: 5.545036315917969
Epoch: 8912, Loss: 5.5881147384643555
Epoch: 8913, Loss: 5.549727916717529
Epoch: 8914, Loss: 5.552272319793701
Epoch: 8915, Loss: 5.544233322143555
Epoch: 8916, Loss: 5.475457191467285
Epoch: 8917, Loss: 5.580334663391113
Epoch: 8918, Loss: 5.6232099533081055
Epoch: 8919, Loss: 5.558358192443848
Epoch: 8920, Loss: 5.539318084716797
Test acc: 0.1465, IC acc: 0.0036, IC acc2: 0.0009, IW acc: 0.5693
Epoch: 8921, Loss: 5.619080543518066
Epoch: 8922, Loss: 5.444784164428711
Epoch: 8923, Loss: 5.645960807800293
Epoch: 8924, Loss: 5.522373676300049
Epoch: 8925, Loss: 5.550079345703125
Epoch: 8926, Loss: 5.4911274909973145
Epoch: 8927, Loss: 5.636509418487549
Epoch: 8928, Loss: 5.54688024520874
Epoch: 8929, Loss: 5.639669418334961
Epoch: 8930, Loss: 5.5104193687438965
Test acc: 0.1463, IC acc: 0.0036, IC acc2: 0.0009, IW acc: 0.5683
Epoch: 8931, Loss: 5.566737174987793
Epoch: 8932, Loss: 5.575002670288086
Epoch: 8933, Loss: 5.595705509185791
Epoch: 8934, Loss: 5.567465305328369
Epoch: 8935, Loss: 5.546609878540039
Epoch: 8936, Loss: 5.510313987731934
Epoch: 8937, Loss: 5.660173416137695
Epoch: 8938, Loss: 5.577471733093262
Epoch: 8939, Loss: 5.619852066040039
Epoch: 8940, Loss: 5.624842643737793
Test acc: 0.147, IC acc: 0.0036, IC acc2: 0.0009, IW acc: 0.5697
Epoch: 8941, Loss: 5.537474632263184
Epoch: 8942, Loss: 5.536496162414551
Epoch: 8943, Loss: 5.5921196937561035
Epoch: 8944, Loss: 5.623474597930908
Epoch: 8945, Loss: 5.512365341186523
Epoch: 8946, Loss: 5.539109230041504
Epoch: 8947, Loss: 5.5541558265686035
Epoch: 8948, Loss: 5.588574409484863
Epoch: 8949, Loss: 5.541078090667725
./circuit_plots/Unrestricted Disentangled|Readout|CN=0|B0=2|B1=3|K=1280|L=320|p_B=0.75|p_C=0.75|B=2|eps=0|e6550d4e-6d1e-4f62-89ea-caa9422ff06f/ already exists.
./circuit_plots/Unrestricted Disentangled|Readout|CN=0|B0=2|B1=3|K=1280|L=320|p_B=0.75|p_C=0.75|B=2|eps=0|e6550d4e-6d1e-4f62-89ea-caa9422ff06f/ already exists.
./circuit_plots/Unrestricted Disentangled|Readout|CN=0|B0=2|B1=3|K=1280|L=320|p_B=0.75|p_C=0.75|B=2|eps=0|e6550d4e-6d1e-4f62-89ea-caa9422ff06f/ already exists.
./circuit_plots/Unrestricted Disentangled|Readout|CN=0|B0=2|B1=3|K=1280|L=320|p_B=0.75|p_C=0.75|B=2|eps=0|e6550d4e-6d1e-4f62-89ea-caa9422ff06f/ already exists.
./circuit_plots/Unrestricted Disentangled|Readout|CN=0|B0=2|B1=3|K=1280|L=320|p_B=0.75|p_C=0.75|B=2|eps=0|e6550d4e-6d1e-4f62-89ea-caa9422ff06f/ already exists.
./circuit_plots/Unrestricted Disentangled|Readout|CN=0|B0=2|B1=3|K=1280|L=320|p_B=0.75|p_C=0.75|B=2|eps=0|e6550d4e-6d1e-4f62-89ea-caa9422ff06f/ already exists.
./circuit_plots/Unrestricted Disentangled|Readout|CN=0|B0=2|B1=3|K=1280|L=320|p_B=0.75|p_C=0.75|B=2|eps=0|e6550d4e-6d1e-4f62-89ea-caa9422ff06f/ already exists.
Epoch: 8950, Loss: 5.552101135253906
Test acc: 0.1466, IC acc: 0.0036, IC acc2: 0.0009, IW acc: 0.5692
Epoch: 8951, Loss: 5.595870018005371
Epoch: 8952, Loss: 5.660036087036133
Epoch: 8953, Loss: 5.567017078399658
Epoch: 8954, Loss: 5.542140960693359
Epoch: 8955, Loss: 5.551265716552734
Epoch: 8956, Loss: 5.59051513671875
Epoch: 8957, Loss: 5.607443809509277
Epoch: 8958, Loss: 5.572220325469971
Epoch: 8959, Loss: 5.619793891906738
Epoch: 8960, Loss: 5.536805629730225
Test acc: 0.1474, IC acc: 0.0036, IC acc2: 0.0009, IW acc: 0.5726
Epoch: 8961, Loss: 5.558506011962891
Epoch: 8962, Loss: 5.467589855194092
Epoch: 8963, Loss: 5.657028675079346
Epoch: 8964, Loss: 5.609683990478516
Epoch: 8965, Loss: 5.608478546142578
Epoch: 8966, Loss: 5.574533939361572
Epoch: 8967, Loss: 5.530361175537109
Epoch: 8968, Loss: 5.588467597961426
Epoch: 8969, Loss: 5.548585891723633
Epoch: 8970, Loss: 5.587104320526123
Test acc: 0.1473, IC acc: 0.0036, IC acc2: 0.0009, IW acc: 0.5718
Epoch: 8971, Loss: 5.577141284942627
Epoch: 8972, Loss: 5.498993873596191
Epoch: 8973, Loss: 5.553713321685791
Epoch: 8974, Loss: 5.582054138183594
Epoch: 8975, Loss: 5.607865810394287
Epoch: 8976, Loss: 5.565237998962402
Epoch: 8977, Loss: 5.59732723236084
Epoch: 8978, Loss: 5.640283584594727
Epoch: 8979, Loss: 5.615924835205078
Epoch: 8980, Loss: 5.535395622253418
Test acc: 0.1474, IC acc: 0.0036, IC acc2: 0.0009, IW acc: 0.5734
Epoch: 8981, Loss: 5.548633575439453
Epoch: 8982, Loss: 5.5927839279174805
Epoch: 8983, Loss: 5.545048236846924
Epoch: 8984, Loss: 5.597714424133301
Epoch: 8985, Loss: 5.514317512512207
Epoch: 8986, Loss: 5.662917137145996
Epoch: 8987, Loss: 5.643425941467285
Epoch: 8988, Loss: 5.577926158905029
Epoch: 8989, Loss: 5.577386856079102
Epoch: 8990, Loss: 5.596163749694824
Test acc: 0.1481, IC acc: 0.0036, IC acc2: 0.0009, IW acc: 0.5751
Epoch: 8991, Loss: 5.524736404418945
Epoch: 8992, Loss: 5.569051742553711
Epoch: 8993, Loss: 5.654364109039307
Epoch: 8994, Loss: 5.603187561035156
Epoch: 8995, Loss: 5.548616409301758
Epoch: 8996, Loss: 5.629613399505615
Epoch: 8997, Loss: 5.582523345947266
Epoch: 8998, Loss: 5.661549091339111
Epoch: 8999, Loss: 5.593120574951172
./circuit_plots/Unrestricted Disentangled|Readout|CN=0|B0=2|B1=3|K=1280|L=320|p_B=0.75|p_C=0.75|B=2|eps=0|e6550d4e-6d1e-4f62-89ea-caa9422ff06f/ already exists.
./circuit_plots/Unrestricted Disentangled|Readout|CN=0|B0=2|B1=3|K=1280|L=320|p_B=0.75|p_C=0.75|B=2|eps=0|e6550d4e-6d1e-4f62-89ea-caa9422ff06f/ already exists.
./circuit_plots/Unrestricted Disentangled|Readout|CN=0|B0=2|B1=3|K=1280|L=320|p_B=0.75|p_C=0.75|B=2|eps=0|e6550d4e-6d1e-4f62-89ea-caa9422ff06f/ already exists.
./circuit_plots/Unrestricted Disentangled|Readout|CN=0|B0=2|B1=3|K=1280|L=320|p_B=0.75|p_C=0.75|B=2|eps=0|e6550d4e-6d1e-4f62-89ea-caa9422ff06f/ already exists.
./circuit_plots/Unrestricted Disentangled|Readout|CN=0|B0=2|B1=3|K=1280|L=320|p_B=0.75|p_C=0.75|B=2|eps=0|e6550d4e-6d1e-4f62-89ea-caa9422ff06f/ already exists.
./circuit_plots/Unrestricted Disentangled|Readout|CN=0|B0=2|B1=3|K=1280|L=320|p_B=0.75|p_C=0.75|B=2|eps=0|e6550d4e-6d1e-4f62-89ea-caa9422ff06f/ already exists.
./circuit_plots/Unrestricted Disentangled|Readout|CN=0|B0=2|B1=3|K=1280|L=320|p_B=0.75|p_C=0.75|B=2|eps=0|e6550d4e-6d1e-4f62-89ea-caa9422ff06f/ already exists.
Epoch: 9000, Loss: 5.568215847015381
Test acc: 0.1482, IC acc: 0.0036, IC acc2: 0.0009, IW acc: 0.5747
Epoch: 9001, Loss: 5.641970634460449
Epoch: 9002, Loss: 5.554315090179443
Epoch: 9003, Loss: 5.53206205368042
Epoch: 9004, Loss: 5.61146354675293
Epoch: 9005, Loss: 5.5653581619262695
Epoch: 9006, Loss: 5.625727653503418
Epoch: 9007, Loss: 5.562498092651367
Epoch: 9008, Loss: 5.541517734527588
Epoch: 9009, Loss: 5.559700965881348
Epoch: 9010, Loss: 5.570246696472168
Test acc: 0.1478, IC acc: 0.0036, IC acc2: 0.0009, IW acc: 0.5736
Epoch: 9011, Loss: 5.492373466491699
Epoch: 9012, Loss: 5.575632095336914
Epoch: 9013, Loss: 5.549182891845703
Epoch: 9014, Loss: 5.619601249694824
Epoch: 9015, Loss: 5.52431058883667
Epoch: 9016, Loss: 5.588132381439209
Epoch: 9017, Loss: 5.5635576248168945
Epoch: 9018, Loss: 5.600897312164307
Epoch: 9019, Loss: 5.575708389282227
Epoch: 9020, Loss: 5.638559341430664
Test acc: 0.148, IC acc: 0.0036, IC acc2: 0.0009, IW acc: 0.5736
Epoch: 9021, Loss: 5.615746974945068
Epoch: 9022, Loss: 5.6027936935424805
Epoch: 9023, Loss: 5.586183547973633
Epoch: 9024, Loss: 5.601048946380615
Epoch: 9025, Loss: 5.548403263092041
Epoch: 9026, Loss: 5.579789638519287
Epoch: 9027, Loss: 5.656369686126709
Epoch: 9028, Loss: 5.605719566345215
Epoch: 9029, Loss: 5.544600486755371
Epoch: 9030, Loss: 5.566286087036133
Test acc: 0.148, IC acc: 0.0036, IC acc2: 0.0009, IW acc: 0.5736
Epoch: 9031, Loss: 5.54713773727417
Epoch: 9032, Loss: 5.5556488037109375
Epoch: 9033, Loss: 5.5330610275268555
Epoch: 9034, Loss: 5.606698036193848
Epoch: 9035, Loss: 5.64930534362793
Epoch: 9036, Loss: 5.602350234985352
Epoch: 9037, Loss: 5.6472578048706055
Epoch: 9038, Loss: 5.58577299118042
Epoch: 9039, Loss: 5.637785911560059
Epoch: 9040, Loss: 5.5955400466918945
Test acc: 0.1483, IC acc: 0.0036, IC acc2: 0.0009, IW acc: 0.5743
Epoch: 9041, Loss: 5.544435024261475
Epoch: 9042, Loss: 5.609704971313477
Epoch: 9043, Loss: 5.611791133880615
Epoch: 9044, Loss: 5.593786239624023
Epoch: 9045, Loss: 5.515292167663574
Epoch: 9046, Loss: 5.556051731109619
Epoch: 9047, Loss: 5.641292095184326
Epoch: 9048, Loss: 5.587527275085449
Epoch: 9049, Loss: 5.556469440460205
./circuit_plots/Unrestricted Disentangled|Readout|CN=0|B0=2|B1=3|K=1280|L=320|p_B=0.75|p_C=0.75|B=2|eps=0|e6550d4e-6d1e-4f62-89ea-caa9422ff06f/ already exists.
./circuit_plots/Unrestricted Disentangled|Readout|CN=0|B0=2|B1=3|K=1280|L=320|p_B=0.75|p_C=0.75|B=2|eps=0|e6550d4e-6d1e-4f62-89ea-caa9422ff06f/ already exists.
./circuit_plots/Unrestricted Disentangled|Readout|CN=0|B0=2|B1=3|K=1280|L=320|p_B=0.75|p_C=0.75|B=2|eps=0|e6550d4e-6d1e-4f62-89ea-caa9422ff06f/ already exists.
./circuit_plots/Unrestricted Disentangled|Readout|CN=0|B0=2|B1=3|K=1280|L=320|p_B=0.75|p_C=0.75|B=2|eps=0|e6550d4e-6d1e-4f62-89ea-caa9422ff06f/ already exists.
./circuit_plots/Unrestricted Disentangled|Readout|CN=0|B0=2|B1=3|K=1280|L=320|p_B=0.75|p_C=0.75|B=2|eps=0|e6550d4e-6d1e-4f62-89ea-caa9422ff06f/ already exists.
./circuit_plots/Unrestricted Disentangled|Readout|CN=0|B0=2|B1=3|K=1280|L=320|p_B=0.75|p_C=0.75|B=2|eps=0|e6550d4e-6d1e-4f62-89ea-caa9422ff06f/ already exists.
./circuit_plots/Unrestricted Disentangled|Readout|CN=0|B0=2|B1=3|K=1280|L=320|p_B=0.75|p_C=0.75|B=2|eps=0|e6550d4e-6d1e-4f62-89ea-caa9422ff06f/ already exists.
Epoch: 9050, Loss: 5.616283416748047
Test acc: 0.1483, IC acc: 0.0033, IC acc2: 0.0009, IW acc: 0.5743
Epoch: 9051, Loss: 5.534337997436523
Epoch: 9052, Loss: 5.615605354309082
Epoch: 9053, Loss: 5.5694355964660645
Epoch: 9054, Loss: 5.54688835144043
Epoch: 9055, Loss: 5.665791988372803
Epoch: 9056, Loss: 5.614597320556641
Epoch: 9057, Loss: 5.655786991119385
Epoch: 9058, Loss: 5.621606826782227
Epoch: 9059, Loss: 5.517112731933594
Epoch: 9060, Loss: 5.568089008331299
Test acc: 0.1483, IC acc: 0.0033, IC acc2: 0.0009, IW acc: 0.5743
Epoch: 9061, Loss: 5.614642143249512
Epoch: 9062, Loss: 5.655177593231201
Epoch: 9063, Loss: 5.554323673248291
Epoch: 9064, Loss: 5.57894229888916
Epoch: 9065, Loss: 5.645774841308594
Epoch: 9066, Loss: 5.571836471557617
Epoch: 9067, Loss: 5.492705345153809
Epoch: 9068, Loss: 5.569403648376465
Epoch: 9069, Loss: 5.529699325561523
Epoch: 9070, Loss: 5.607141494750977
Test acc: 0.1481, IC acc: 0.0036, IC acc2: 0.0009, IW acc: 0.5734
Epoch: 9071, Loss: 5.475285053253174
Epoch: 9072, Loss: 5.497956275939941
Epoch: 9073, Loss: 5.673336029052734
Epoch: 9074, Loss: 5.639725685119629
Epoch: 9075, Loss: 5.617559909820557
Epoch: 9076, Loss: 5.512693405151367
Epoch: 9077, Loss: 5.6262969970703125
Epoch: 9078, Loss: 5.61430549621582
Epoch: 9079, Loss: 5.537322044372559
Epoch: 9080, Loss: 5.510160446166992
Test acc: 0.1484, IC acc: 0.0033, IC acc2: 0.0009, IW acc: 0.5753
Epoch: 9081, Loss: 5.580846786499023
Epoch: 9082, Loss: 5.585413932800293
Epoch: 9083, Loss: 5.612649440765381
Epoch: 9084, Loss: 5.510040760040283
Epoch: 9085, Loss: 5.589439392089844
Epoch: 9086, Loss: 5.663552284240723
Epoch: 9087, Loss: 5.6434197425842285
Epoch: 9088, Loss: 5.511631965637207
Epoch: 9089, Loss: 5.592249870300293
Epoch: 9090, Loss: 5.590890884399414
Test acc: 0.1484, IC acc: 0.0033, IC acc2: 0.0009, IW acc: 0.5753
Epoch: 9091, Loss: 5.657697677612305
Epoch: 9092, Loss: 5.566923141479492
Epoch: 9093, Loss: 5.642196178436279
Epoch: 9094, Loss: 5.607199668884277
Epoch: 9095, Loss: 5.596203804016113
Epoch: 9096, Loss: 5.553616046905518
Epoch: 9097, Loss: 5.549373626708984
Epoch: 9098, Loss: 5.604098796844482
Epoch: 9099, Loss: 5.511340141296387
./circuit_plots/Unrestricted Disentangled|Readout|CN=0|B0=2|B1=3|K=1280|L=320|p_B=0.75|p_C=0.75|B=2|eps=0|e6550d4e-6d1e-4f62-89ea-caa9422ff06f/ already exists.
./circuit_plots/Unrestricted Disentangled|Readout|CN=0|B0=2|B1=3|K=1280|L=320|p_B=0.75|p_C=0.75|B=2|eps=0|e6550d4e-6d1e-4f62-89ea-caa9422ff06f/ already exists.
./circuit_plots/Unrestricted Disentangled|Readout|CN=0|B0=2|B1=3|K=1280|L=320|p_B=0.75|p_C=0.75|B=2|eps=0|e6550d4e-6d1e-4f62-89ea-caa9422ff06f/ already exists.
./circuit_plots/Unrestricted Disentangled|Readout|CN=0|B0=2|B1=3|K=1280|L=320|p_B=0.75|p_C=0.75|B=2|eps=0|e6550d4e-6d1e-4f62-89ea-caa9422ff06f/ already exists.
./circuit_plots/Unrestricted Disentangled|Readout|CN=0|B0=2|B1=3|K=1280|L=320|p_B=0.75|p_C=0.75|B=2|eps=0|e6550d4e-6d1e-4f62-89ea-caa9422ff06f/ already exists.
./circuit_plots/Unrestricted Disentangled|Readout|CN=0|B0=2|B1=3|K=1280|L=320|p_B=0.75|p_C=0.75|B=2|eps=0|e6550d4e-6d1e-4f62-89ea-caa9422ff06f/ already exists.
./circuit_plots/Unrestricted Disentangled|Readout|CN=0|B0=2|B1=3|K=1280|L=320|p_B=0.75|p_C=0.75|B=2|eps=0|e6550d4e-6d1e-4f62-89ea-caa9422ff06f/ already exists.
Epoch: 9100, Loss: 5.522156715393066
Test acc: 0.1486, IC acc: 0.0036, IC acc2: 0.0009, IW acc: 0.577
Epoch: 9101, Loss: 5.574330806732178
Epoch: 9102, Loss: 5.612677574157715
Epoch: 9103, Loss: 5.587603569030762
Epoch: 9104, Loss: 5.66214656829834
Epoch: 9105, Loss: 5.64533805847168
Epoch: 9106, Loss: 5.566592216491699
Epoch: 9107, Loss: 5.514360427856445
Epoch: 9108, Loss: 5.474843978881836
Epoch: 9109, Loss: 5.653256416320801
Epoch: 9110, Loss: 5.543475151062012
Test acc: 0.1486, IC acc: 0.0033, IC acc2: 0.0009, IW acc: 0.5781
Epoch: 9111, Loss: 5.534751892089844
Epoch: 9112, Loss: 5.664653778076172
Epoch: 9113, Loss: 5.579543590545654
Epoch: 9114, Loss: 5.614018440246582
Epoch: 9115, Loss: 5.587160587310791
Epoch: 9116, Loss: 5.463988304138184
Epoch: 9117, Loss: 5.529305458068848
Epoch: 9118, Loss: 5.595555305480957
Epoch: 9119, Loss: 5.667746543884277
Epoch: 9120, Loss: 5.59700345993042
Test acc: 0.1486, IC acc: 0.0033, IC acc2: 0.0009, IW acc: 0.5779
Epoch: 9121, Loss: 5.550520896911621
Epoch: 9122, Loss: 5.627388954162598
Epoch: 9123, Loss: 5.645295143127441
Epoch: 9124, Loss: 5.619226455688477
Epoch: 9125, Loss: 5.596431732177734
Epoch: 9126, Loss: 5.503302574157715
Epoch: 9127, Loss: 5.522958755493164
Epoch: 9128, Loss: 5.586972236633301
Epoch: 9129, Loss: 5.5239176750183105
Epoch: 9130, Loss: 5.604403495788574
Test acc: 0.1487, IC acc: 0.0033, IC acc2: 0.0009, IW acc: 0.5776
Epoch: 9131, Loss: 5.6051130294799805
Epoch: 9132, Loss: 5.565371513366699
Epoch: 9133, Loss: 5.573668479919434
Epoch: 9134, Loss: 5.569674491882324
Epoch: 9135, Loss: 5.586623191833496
Epoch: 9136, Loss: 5.563294410705566
Epoch: 9137, Loss: 5.616886138916016
Epoch: 9138, Loss: 5.594544410705566
Epoch: 9139, Loss: 5.564880847930908
Epoch: 9140, Loss: 5.522591590881348
Test acc: 0.1485, IC acc: 0.0036, IC acc2: 0.0009, IW acc: 0.5767
Epoch: 9141, Loss: 5.467533588409424
Epoch: 9142, Loss: 5.601041793823242
Epoch: 9143, Loss: 5.583939552307129
Epoch: 9144, Loss: 5.5917277336120605
Epoch: 9145, Loss: 5.511611461639404
Epoch: 9146, Loss: 5.604826927185059
Epoch: 9147, Loss: 5.598224639892578
Epoch: 9148, Loss: 5.561861038208008
Epoch: 9149, Loss: 5.638633728027344
./circuit_plots/Unrestricted Disentangled|Readout|CN=0|B0=2|B1=3|K=1280|L=320|p_B=0.75|p_C=0.75|B=2|eps=0|e6550d4e-6d1e-4f62-89ea-caa9422ff06f/ already exists.
./circuit_plots/Unrestricted Disentangled|Readout|CN=0|B0=2|B1=3|K=1280|L=320|p_B=0.75|p_C=0.75|B=2|eps=0|e6550d4e-6d1e-4f62-89ea-caa9422ff06f/ already exists.
./circuit_plots/Unrestricted Disentangled|Readout|CN=0|B0=2|B1=3|K=1280|L=320|p_B=0.75|p_C=0.75|B=2|eps=0|e6550d4e-6d1e-4f62-89ea-caa9422ff06f/ already exists.
./circuit_plots/Unrestricted Disentangled|Readout|CN=0|B0=2|B1=3|K=1280|L=320|p_B=0.75|p_C=0.75|B=2|eps=0|e6550d4e-6d1e-4f62-89ea-caa9422ff06f/ already exists.
./circuit_plots/Unrestricted Disentangled|Readout|CN=0|B0=2|B1=3|K=1280|L=320|p_B=0.75|p_C=0.75|B=2|eps=0|e6550d4e-6d1e-4f62-89ea-caa9422ff06f/ already exists.
./circuit_plots/Unrestricted Disentangled|Readout|CN=0|B0=2|B1=3|K=1280|L=320|p_B=0.75|p_C=0.75|B=2|eps=0|e6550d4e-6d1e-4f62-89ea-caa9422ff06f/ already exists.
./circuit_plots/Unrestricted Disentangled|Readout|CN=0|B0=2|B1=3|K=1280|L=320|p_B=0.75|p_C=0.75|B=2|eps=0|e6550d4e-6d1e-4f62-89ea-caa9422ff06f/ already exists.
Epoch: 9150, Loss: 5.591459274291992
Test acc: 0.1485, IC acc: 0.0033, IC acc2: 0.0009, IW acc: 0.5772
Epoch: 9151, Loss: 5.5809326171875
Epoch: 9152, Loss: 5.5797014236450195
Epoch: 9153, Loss: 5.61293888092041
Epoch: 9154, Loss: 5.620711803436279
Epoch: 9155, Loss: 5.623000144958496
Epoch: 9156, Loss: 5.498617172241211
Epoch: 9157, Loss: 5.578039169311523
Epoch: 9158, Loss: 5.515354156494141
Epoch: 9159, Loss: 5.603574752807617
Epoch: 9160, Loss: 5.5297627449035645
Test acc: 0.1486, IC acc: 0.0033, IC acc2: 0.0009, IW acc: 0.578
Epoch: 9161, Loss: 5.470052242279053
Epoch: 9162, Loss: 5.554786682128906
Epoch: 9163, Loss: 5.6831793785095215
Epoch: 9164, Loss: 5.605399131774902
Epoch: 9165, Loss: 5.5290303230285645
Epoch: 9166, Loss: 5.5544891357421875
Epoch: 9167, Loss: 5.591095447540283
Epoch: 9168, Loss: 5.642507076263428
Epoch: 9169, Loss: 5.542787075042725
Epoch: 9170, Loss: 5.6816253662109375
Test acc: 0.1488, IC acc: 0.0033, IC acc2: 0.0009, IW acc: 0.5783
Epoch: 9171, Loss: 5.531509876251221
Epoch: 9172, Loss: 5.5884270668029785
Epoch: 9173, Loss: 5.578732490539551
Epoch: 9174, Loss: 5.571418285369873
Epoch: 9175, Loss: 5.58624267578125
Epoch: 9176, Loss: 5.552055358886719
Epoch: 9177, Loss: 5.53046178817749
Epoch: 9178, Loss: 5.6012349128723145
Epoch: 9179, Loss: 5.532675266265869
Epoch: 9180, Loss: 5.531522750854492
Test acc: 0.1486, IC acc: 0.0033, IC acc2: 0.0009, IW acc: 0.5786
Epoch: 9181, Loss: 5.583128452301025
Epoch: 9182, Loss: 5.566892623901367
Epoch: 9183, Loss: 5.592682838439941
Epoch: 9184, Loss: 5.464474201202393
Epoch: 9185, Loss: 5.572212219238281
Epoch: 9186, Loss: 5.554976940155029
Epoch: 9187, Loss: 5.607338905334473
Epoch: 9188, Loss: 5.6088056564331055
Epoch: 9189, Loss: 5.647881031036377
Epoch: 9190, Loss: 5.597175598144531
Test acc: 0.1484, IC acc: 0.0033, IC acc2: 0.0009, IW acc: 0.578
Epoch: 9191, Loss: 5.670182228088379
Epoch: 9192, Loss: 5.617753028869629
Epoch: 9193, Loss: 5.664461612701416
Epoch: 9194, Loss: 5.583280563354492
Epoch: 9195, Loss: 5.565442085266113
Epoch: 9196, Loss: 5.577893257141113
Epoch: 9197, Loss: 5.634507179260254
Epoch: 9198, Loss: 5.597031116485596
Epoch: 9199, Loss: 5.555448055267334
./circuit_plots/Unrestricted Disentangled|Readout|CN=0|B0=2|B1=3|K=1280|L=320|p_B=0.75|p_C=0.75|B=2|eps=0|e6550d4e-6d1e-4f62-89ea-caa9422ff06f/ already exists.
./circuit_plots/Unrestricted Disentangled|Readout|CN=0|B0=2|B1=3|K=1280|L=320|p_B=0.75|p_C=0.75|B=2|eps=0|e6550d4e-6d1e-4f62-89ea-caa9422ff06f/ already exists.
./circuit_plots/Unrestricted Disentangled|Readout|CN=0|B0=2|B1=3|K=1280|L=320|p_B=0.75|p_C=0.75|B=2|eps=0|e6550d4e-6d1e-4f62-89ea-caa9422ff06f/ already exists.
./circuit_plots/Unrestricted Disentangled|Readout|CN=0|B0=2|B1=3|K=1280|L=320|p_B=0.75|p_C=0.75|B=2|eps=0|e6550d4e-6d1e-4f62-89ea-caa9422ff06f/ already exists.
./circuit_plots/Unrestricted Disentangled|Readout|CN=0|B0=2|B1=3|K=1280|L=320|p_B=0.75|p_C=0.75|B=2|eps=0|e6550d4e-6d1e-4f62-89ea-caa9422ff06f/ already exists.
./circuit_plots/Unrestricted Disentangled|Readout|CN=0|B0=2|B1=3|K=1280|L=320|p_B=0.75|p_C=0.75|B=2|eps=0|e6550d4e-6d1e-4f62-89ea-caa9422ff06f/ already exists.
./circuit_plots/Unrestricted Disentangled|Readout|CN=0|B0=2|B1=3|K=1280|L=320|p_B=0.75|p_C=0.75|B=2|eps=0|e6550d4e-6d1e-4f62-89ea-caa9422ff06f/ already exists.
Epoch: 9200, Loss: 5.5525054931640625
Test acc: 0.1487, IC acc: 0.0033, IC acc2: 0.0009, IW acc: 0.577
Epoch: 9201, Loss: 5.497225761413574
Epoch: 9202, Loss: 5.583678245544434
Epoch: 9203, Loss: 5.583625793457031
Epoch: 9204, Loss: 5.559989929199219
Epoch: 9205, Loss: 5.555995464324951
Epoch: 9206, Loss: 5.578929901123047
Epoch: 9207, Loss: 5.5784101486206055
Epoch: 9208, Loss: 5.548693656921387
Epoch: 9209, Loss: 5.63897180557251
Epoch: 9210, Loss: 5.513336181640625
Test acc: 0.1482, IC acc: 0.0033, IC acc2: 0.0009, IW acc: 0.5744
Epoch: 9211, Loss: 5.5846662521362305
Epoch: 9212, Loss: 5.564634323120117
Epoch: 9213, Loss: 5.664030075073242
Epoch: 9214, Loss: 5.609253883361816
Epoch: 9215, Loss: 5.526355743408203
Epoch: 9216, Loss: 5.561700820922852
Epoch: 9217, Loss: 5.5475239753723145
Epoch: 9218, Loss: 5.54971981048584
Epoch: 9219, Loss: 5.663041114807129
Epoch: 9220, Loss: 5.513957977294922
Test acc: 0.1481, IC acc: 0.0033, IC acc2: 0.0009, IW acc: 0.5755
Epoch: 9221, Loss: 5.5920515060424805
Epoch: 9222, Loss: 5.542038917541504
Epoch: 9223, Loss: 5.583624362945557
Epoch: 9224, Loss: 5.56653356552124
Epoch: 9225, Loss: 5.624492645263672
Epoch: 9226, Loss: 5.527349472045898
Epoch: 9227, Loss: 5.565648555755615
Epoch: 9228, Loss: 5.558466911315918
Epoch: 9229, Loss: 5.525993347167969
Epoch: 9230, Loss: 5.4602813720703125
Test acc: 0.1493, IC acc: 0.0033, IC acc2: 0.0009, IW acc: 0.5791
Epoch: 9231, Loss: 5.523697376251221
Epoch: 9232, Loss: 5.568509578704834
Epoch: 9233, Loss: 5.606423854827881
Epoch: 9234, Loss: 5.500988006591797
Epoch: 9235, Loss: 5.563164710998535
Epoch: 9236, Loss: 5.612392425537109
Epoch: 9237, Loss: 5.496417999267578
Epoch: 9238, Loss: 5.590838432312012
Epoch: 9239, Loss: 5.593320369720459
Epoch: 9240, Loss: 5.541935920715332
Test acc: 0.1492, IC acc: 0.0033, IC acc2: 0.0009, IW acc: 0.5792
Epoch: 9241, Loss: 5.505633354187012
Epoch: 9242, Loss: 5.604369163513184
Epoch: 9243, Loss: 5.5794677734375
Epoch: 9244, Loss: 5.62893009185791
Epoch: 9245, Loss: 5.576208114624023
Epoch: 9246, Loss: 5.549651145935059
Epoch: 9247, Loss: 5.508387565612793
Epoch: 9248, Loss: 5.550891876220703
Epoch: 9249, Loss: 5.604457855224609
./circuit_plots/Unrestricted Disentangled|Readout|CN=0|B0=2|B1=3|K=1280|L=320|p_B=0.75|p_C=0.75|B=2|eps=0|e6550d4e-6d1e-4f62-89ea-caa9422ff06f/ already exists.
./circuit_plots/Unrestricted Disentangled|Readout|CN=0|B0=2|B1=3|K=1280|L=320|p_B=0.75|p_C=0.75|B=2|eps=0|e6550d4e-6d1e-4f62-89ea-caa9422ff06f/ already exists.
./circuit_plots/Unrestricted Disentangled|Readout|CN=0|B0=2|B1=3|K=1280|L=320|p_B=0.75|p_C=0.75|B=2|eps=0|e6550d4e-6d1e-4f62-89ea-caa9422ff06f/ already exists.
./circuit_plots/Unrestricted Disentangled|Readout|CN=0|B0=2|B1=3|K=1280|L=320|p_B=0.75|p_C=0.75|B=2|eps=0|e6550d4e-6d1e-4f62-89ea-caa9422ff06f/ already exists.
./circuit_plots/Unrestricted Disentangled|Readout|CN=0|B0=2|B1=3|K=1280|L=320|p_B=0.75|p_C=0.75|B=2|eps=0|e6550d4e-6d1e-4f62-89ea-caa9422ff06f/ already exists.
./circuit_plots/Unrestricted Disentangled|Readout|CN=0|B0=2|B1=3|K=1280|L=320|p_B=0.75|p_C=0.75|B=2|eps=0|e6550d4e-6d1e-4f62-89ea-caa9422ff06f/ already exists.
./circuit_plots/Unrestricted Disentangled|Readout|CN=0|B0=2|B1=3|K=1280|L=320|p_B=0.75|p_C=0.75|B=2|eps=0|e6550d4e-6d1e-4f62-89ea-caa9422ff06f/ already exists.
Epoch: 9250, Loss: 5.647517681121826
Test acc: 0.149, IC acc: 0.0033, IC acc2: 0.0009, IW acc: 0.5792
Epoch: 9251, Loss: 5.611154079437256
Epoch: 9252, Loss: 5.5907087326049805
Epoch: 9253, Loss: 5.5507917404174805
Epoch: 9254, Loss: 5.544928550720215
Epoch: 9255, Loss: 5.549249649047852
Epoch: 9256, Loss: 5.5471320152282715
Epoch: 9257, Loss: 5.502732276916504
Epoch: 9258, Loss: 5.574955463409424
Epoch: 9259, Loss: 5.534341335296631
Epoch: 9260, Loss: 5.546962261199951
Test acc: 0.1495, IC acc: 0.0033, IC acc2: 0.0009, IW acc: 0.5797
Epoch: 9261, Loss: 5.532773017883301
Epoch: 9262, Loss: 5.561849594116211
Epoch: 9263, Loss: 5.545845985412598
Epoch: 9264, Loss: 5.508522987365723
Epoch: 9265, Loss: 5.553058624267578
Epoch: 9266, Loss: 5.566802024841309
Epoch: 9267, Loss: 5.609935283660889
Epoch: 9268, Loss: 5.682058811187744
Epoch: 9269, Loss: 5.525173187255859
Epoch: 9270, Loss: 5.588644027709961
Test acc: 0.149, IC acc: 0.0033, IC acc2: 0.0009, IW acc: 0.5796
Epoch: 9271, Loss: 5.6322174072265625
Epoch: 9272, Loss: 5.526523113250732
Epoch: 9273, Loss: 5.648714065551758
Epoch: 9274, Loss: 5.561110019683838
Epoch: 9275, Loss: 5.643649101257324
Epoch: 9276, Loss: 5.576435089111328
Epoch: 9277, Loss: 5.571070194244385
Epoch: 9278, Loss: 5.6284871101379395
Epoch: 9279, Loss: 5.515266418457031
Epoch: 9280, Loss: 5.4878315925598145
Test acc: 0.1499, IC acc: 0.0033, IC acc2: 0.0009, IW acc: 0.581
Epoch: 9281, Loss: 5.536895751953125
Epoch: 9282, Loss: 5.5774054527282715
Epoch: 9283, Loss: 5.57785701751709
Epoch: 9284, Loss: 5.613976955413818
Epoch: 9285, Loss: 5.489665508270264
Epoch: 9286, Loss: 5.673744201660156
Epoch: 9287, Loss: 5.574484825134277
Epoch: 9288, Loss: 5.697212219238281
Epoch: 9289, Loss: 5.571019649505615
Epoch: 9290, Loss: 5.587942600250244
Test acc: 0.1497, IC acc: 0.0033, IC acc2: 0.0009, IW acc: 0.5807
Epoch: 9291, Loss: 5.4470319747924805
Epoch: 9292, Loss: 5.548497676849365
Epoch: 9293, Loss: 5.534165382385254
Epoch: 9294, Loss: 5.445529937744141
Epoch: 9295, Loss: 5.646771430969238
Epoch: 9296, Loss: 5.545403480529785
Epoch: 9297, Loss: 5.594732761383057
Epoch: 9298, Loss: 5.606161117553711
Epoch: 9299, Loss: 5.623208999633789
./circuit_plots/Unrestricted Disentangled|Readout|CN=0|B0=2|B1=3|K=1280|L=320|p_B=0.75|p_C=0.75|B=2|eps=0|e6550d4e-6d1e-4f62-89ea-caa9422ff06f/ already exists.
./circuit_plots/Unrestricted Disentangled|Readout|CN=0|B0=2|B1=3|K=1280|L=320|p_B=0.75|p_C=0.75|B=2|eps=0|e6550d4e-6d1e-4f62-89ea-caa9422ff06f/ already exists.
./circuit_plots/Unrestricted Disentangled|Readout|CN=0|B0=2|B1=3|K=1280|L=320|p_B=0.75|p_C=0.75|B=2|eps=0|e6550d4e-6d1e-4f62-89ea-caa9422ff06f/ already exists.
./circuit_plots/Unrestricted Disentangled|Readout|CN=0|B0=2|B1=3|K=1280|L=320|p_B=0.75|p_C=0.75|B=2|eps=0|e6550d4e-6d1e-4f62-89ea-caa9422ff06f/ already exists.
./circuit_plots/Unrestricted Disentangled|Readout|CN=0|B0=2|B1=3|K=1280|L=320|p_B=0.75|p_C=0.75|B=2|eps=0|e6550d4e-6d1e-4f62-89ea-caa9422ff06f/ already exists.
./circuit_plots/Unrestricted Disentangled|Readout|CN=0|B0=2|B1=3|K=1280|L=320|p_B=0.75|p_C=0.75|B=2|eps=0|e6550d4e-6d1e-4f62-89ea-caa9422ff06f/ already exists.
./circuit_plots/Unrestricted Disentangled|Readout|CN=0|B0=2|B1=3|K=1280|L=320|p_B=0.75|p_C=0.75|B=2|eps=0|e6550d4e-6d1e-4f62-89ea-caa9422ff06f/ already exists.
Epoch: 9300, Loss: 5.585156440734863
Test acc: 0.1496, IC acc: 0.0033, IC acc2: 0.0009, IW acc: 0.5809
Epoch: 9301, Loss: 5.5658860206604
Epoch: 9302, Loss: 5.513333320617676
Epoch: 9303, Loss: 5.585183143615723
Epoch: 9304, Loss: 5.65167760848999
Epoch: 9305, Loss: 5.683375835418701
Epoch: 9306, Loss: 5.593587875366211
Epoch: 9307, Loss: 5.578723907470703
Epoch: 9308, Loss: 5.605495452880859
Epoch: 9309, Loss: 5.543669700622559
Epoch: 9310, Loss: 5.612390041351318
Test acc: 0.1499, IC acc: 0.0033, IC acc2: 0.0009, IW acc: 0.5819
Epoch: 9311, Loss: 5.568680763244629
Epoch: 9312, Loss: 5.542268753051758
Epoch: 9313, Loss: 5.634746551513672
Epoch: 9314, Loss: 5.500668525695801
Epoch: 9315, Loss: 5.650933742523193
Epoch: 9316, Loss: 5.532071590423584
Epoch: 9317, Loss: 5.6342949867248535
Epoch: 9318, Loss: 5.596298694610596
Epoch: 9319, Loss: 5.50053596496582
Epoch: 9320, Loss: 5.565942764282227
Test acc: 0.1498, IC acc: 0.0033, IC acc2: 0.0009, IW acc: 0.5819
Epoch: 9321, Loss: 5.608121871948242
Epoch: 9322, Loss: 5.582149028778076
Epoch: 9323, Loss: 5.564287185668945
Epoch: 9324, Loss: 5.504732131958008
Epoch: 9325, Loss: 5.547072887420654
Epoch: 9326, Loss: 5.650130271911621
Epoch: 9327, Loss: 5.5471720695495605
Epoch: 9328, Loss: 5.647893905639648
Epoch: 9329, Loss: 5.504998683929443
Epoch: 9330, Loss: 5.581051826477051
Test acc: 0.1497, IC acc: 0.0033, IC acc2: 0.0009, IW acc: 0.5816
Epoch: 9331, Loss: 5.510495185852051
Epoch: 9332, Loss: 5.543523788452148
Epoch: 9333, Loss: 5.632713317871094
Epoch: 9334, Loss: 5.513763904571533
Epoch: 9335, Loss: 5.670640468597412
Epoch: 9336, Loss: 5.527962684631348
Epoch: 9337, Loss: 5.573833465576172
Epoch: 9338, Loss: 5.595279693603516
Epoch: 9339, Loss: 5.569911003112793
Epoch: 9340, Loss: 5.554087162017822
Test acc: 0.1494, IC acc: 0.0033, IC acc2: 0.0009, IW acc: 0.5811
Epoch: 9341, Loss: 5.642561435699463
Epoch: 9342, Loss: 5.615672588348389
Epoch: 9343, Loss: 5.6141133308410645
Epoch: 9344, Loss: 5.496096611022949
Epoch: 9345, Loss: 5.569110870361328
Epoch: 9346, Loss: 5.591394424438477
Epoch: 9347, Loss: 5.574009895324707
Epoch: 9348, Loss: 5.563387870788574
Epoch: 9349, Loss: 5.646987438201904
./circuit_plots/Unrestricted Disentangled|Readout|CN=0|B0=2|B1=3|K=1280|L=320|p_B=0.75|p_C=0.75|B=2|eps=0|e6550d4e-6d1e-4f62-89ea-caa9422ff06f/ already exists.
./circuit_plots/Unrestricted Disentangled|Readout|CN=0|B0=2|B1=3|K=1280|L=320|p_B=0.75|p_C=0.75|B=2|eps=0|e6550d4e-6d1e-4f62-89ea-caa9422ff06f/ already exists.
./circuit_plots/Unrestricted Disentangled|Readout|CN=0|B0=2|B1=3|K=1280|L=320|p_B=0.75|p_C=0.75|B=2|eps=0|e6550d4e-6d1e-4f62-89ea-caa9422ff06f/ already exists.
./circuit_plots/Unrestricted Disentangled|Readout|CN=0|B0=2|B1=3|K=1280|L=320|p_B=0.75|p_C=0.75|B=2|eps=0|e6550d4e-6d1e-4f62-89ea-caa9422ff06f/ already exists.
./circuit_plots/Unrestricted Disentangled|Readout|CN=0|B0=2|B1=3|K=1280|L=320|p_B=0.75|p_C=0.75|B=2|eps=0|e6550d4e-6d1e-4f62-89ea-caa9422ff06f/ already exists.
./circuit_plots/Unrestricted Disentangled|Readout|CN=0|B0=2|B1=3|K=1280|L=320|p_B=0.75|p_C=0.75|B=2|eps=0|e6550d4e-6d1e-4f62-89ea-caa9422ff06f/ already exists.
./circuit_plots/Unrestricted Disentangled|Readout|CN=0|B0=2|B1=3|K=1280|L=320|p_B=0.75|p_C=0.75|B=2|eps=0|e6550d4e-6d1e-4f62-89ea-caa9422ff06f/ already exists.
Epoch: 9350, Loss: 5.553728103637695
Test acc: 0.1498, IC acc: 0.0033, IC acc2: 0.0009, IW acc: 0.5831
Epoch: 9351, Loss: 5.596917152404785
Epoch: 9352, Loss: 5.53535270690918
Epoch: 9353, Loss: 5.622600555419922
Epoch: 9354, Loss: 5.544522285461426
Epoch: 9355, Loss: 5.617698669433594
Epoch: 9356, Loss: 5.5614495277404785
Epoch: 9357, Loss: 5.607664108276367
Epoch: 9358, Loss: 5.593512535095215
Epoch: 9359, Loss: 5.515998840332031
Epoch: 9360, Loss: 5.544399261474609
Test acc: 0.1499, IC acc: 0.0033, IC acc2: 0.0009, IW acc: 0.5825
Epoch: 9361, Loss: 5.4445343017578125
Epoch: 9362, Loss: 5.630561828613281
Epoch: 9363, Loss: 5.4827470779418945
Epoch: 9364, Loss: 5.513402462005615
Epoch: 9365, Loss: 5.559409141540527
Epoch: 9366, Loss: 5.618719100952148
Epoch: 9367, Loss: 5.525052547454834
Epoch: 9368, Loss: 5.584664344787598
Epoch: 9369, Loss: 5.539401054382324
Epoch: 9370, Loss: 5.481602191925049
Test acc: 0.15, IC acc: 0.0033, IC acc2: 0.0009, IW acc: 0.5842
Epoch: 9371, Loss: 5.568145751953125
Epoch: 9372, Loss: 5.597920894622803
Epoch: 9373, Loss: 5.499258995056152
Epoch: 9374, Loss: 5.4928202629089355
Epoch: 9375, Loss: 5.583584785461426
Epoch: 9376, Loss: 5.503533363342285
Epoch: 9377, Loss: 5.547235488891602
Epoch: 9378, Loss: 5.563630104064941
Epoch: 9379, Loss: 5.536839962005615
Epoch: 9380, Loss: 5.700875759124756
Test acc: 0.1502, IC acc: 0.0033, IC acc2: 0.0009, IW acc: 0.5852
Epoch: 9381, Loss: 5.567402362823486
Epoch: 9382, Loss: 5.636022090911865
Epoch: 9383, Loss: 5.526049613952637
Epoch: 9384, Loss: 5.600059986114502
Epoch: 9385, Loss: 5.574468612670898
Epoch: 9386, Loss: 5.573061466217041
Epoch: 9387, Loss: 5.608524322509766
Epoch: 9388, Loss: 5.564089775085449
Epoch: 9389, Loss: 5.548508644104004
Epoch: 9390, Loss: 5.595119476318359
Test acc: 0.1503, IC acc: 0.0033, IC acc2: 0.0009, IW acc: 0.5865
Epoch: 9391, Loss: 5.538434982299805
Epoch: 9392, Loss: 5.604963302612305
Epoch: 9393, Loss: 5.63820743560791
Epoch: 9394, Loss: 5.630962371826172
Epoch: 9395, Loss: 5.559355735778809
Epoch: 9396, Loss: 5.56184720993042
Epoch: 9397, Loss: 5.542430400848389
Epoch: 9398, Loss: 5.6099042892456055
Epoch: 9399, Loss: 5.569815635681152
./circuit_plots/Unrestricted Disentangled|Readout|CN=0|B0=2|B1=3|K=1280|L=320|p_B=0.75|p_C=0.75|B=2|eps=0|e6550d4e-6d1e-4f62-89ea-caa9422ff06f/ already exists.
./circuit_plots/Unrestricted Disentangled|Readout|CN=0|B0=2|B1=3|K=1280|L=320|p_B=0.75|p_C=0.75|B=2|eps=0|e6550d4e-6d1e-4f62-89ea-caa9422ff06f/ already exists.
./circuit_plots/Unrestricted Disentangled|Readout|CN=0|B0=2|B1=3|K=1280|L=320|p_B=0.75|p_C=0.75|B=2|eps=0|e6550d4e-6d1e-4f62-89ea-caa9422ff06f/ already exists.
./circuit_plots/Unrestricted Disentangled|Readout|CN=0|B0=2|B1=3|K=1280|L=320|p_B=0.75|p_C=0.75|B=2|eps=0|e6550d4e-6d1e-4f62-89ea-caa9422ff06f/ already exists.
./circuit_plots/Unrestricted Disentangled|Readout|CN=0|B0=2|B1=3|K=1280|L=320|p_B=0.75|p_C=0.75|B=2|eps=0|e6550d4e-6d1e-4f62-89ea-caa9422ff06f/ already exists.
./circuit_plots/Unrestricted Disentangled|Readout|CN=0|B0=2|B1=3|K=1280|L=320|p_B=0.75|p_C=0.75|B=2|eps=0|e6550d4e-6d1e-4f62-89ea-caa9422ff06f/ already exists.
./circuit_plots/Unrestricted Disentangled|Readout|CN=0|B0=2|B1=3|K=1280|L=320|p_B=0.75|p_C=0.75|B=2|eps=0|e6550d4e-6d1e-4f62-89ea-caa9422ff06f/ already exists.
Epoch: 9400, Loss: 5.596566200256348
Test acc: 0.1507, IC acc: 0.0033, IC acc2: 0.0009, IW acc: 0.5888
Epoch: 9401, Loss: 5.560669422149658
Epoch: 9402, Loss: 5.594442844390869
Epoch: 9403, Loss: 5.531013011932373
Epoch: 9404, Loss: 5.678135871887207
Epoch: 9405, Loss: 5.538948059082031
Epoch: 9406, Loss: 5.573511123657227
Epoch: 9407, Loss: 5.511655807495117
Epoch: 9408, Loss: 5.571249008178711
Epoch: 9409, Loss: 5.565863609313965
Epoch: 9410, Loss: 5.617474555969238
Test acc: 0.1513, IC acc: 0.0033, IC acc2: 0.0009, IW acc: 0.5893
Epoch: 9411, Loss: 5.577911853790283
Epoch: 9412, Loss: 5.5682373046875
Epoch: 9413, Loss: 5.534607887268066
Epoch: 9414, Loss: 5.60636043548584
Epoch: 9415, Loss: 5.631540298461914
Epoch: 9416, Loss: 5.648510932922363
Epoch: 9417, Loss: 5.556461334228516
Epoch: 9418, Loss: 5.52871561050415
Epoch: 9419, Loss: 5.590296745300293
Epoch: 9420, Loss: 5.564642906188965
Test acc: 0.1515, IC acc: 0.0033, IC acc2: 0.0009, IW acc: 0.5904
Epoch: 9421, Loss: 5.626504421234131
Epoch: 9422, Loss: 5.556224822998047
Epoch: 9423, Loss: 5.627285957336426
Epoch: 9424, Loss: 5.545156478881836
Epoch: 9425, Loss: 5.483844757080078
Epoch: 9426, Loss: 5.494625568389893
Epoch: 9427, Loss: 5.525023460388184
Epoch: 9428, Loss: 5.6259660720825195
Epoch: 9429, Loss: 5.584840774536133
Epoch: 9430, Loss: 5.566638946533203
Test acc: 0.1515, IC acc: 0.0033, IC acc2: 0.0009, IW acc: 0.5917
Epoch: 9431, Loss: 5.5217604637146
Epoch: 9432, Loss: 5.607246398925781
Epoch: 9433, Loss: 5.509739875793457
Epoch: 9434, Loss: 5.604013442993164
Epoch: 9435, Loss: 5.44428014755249
Epoch: 9436, Loss: 5.542843818664551
Epoch: 9437, Loss: 5.48973274230957
Epoch: 9438, Loss: 5.548951148986816
Epoch: 9439, Loss: 5.47242546081543
Epoch: 9440, Loss: 5.562874794006348
Test acc: 0.1517, IC acc: 0.0033, IC acc2: 0.0009, IW acc: 0.5911
Epoch: 9441, Loss: 5.549552917480469
Epoch: 9442, Loss: 5.555362701416016
Epoch: 9443, Loss: 5.564227104187012
Epoch: 9444, Loss: 5.660882949829102
Epoch: 9445, Loss: 5.580571174621582
Epoch: 9446, Loss: 5.58659029006958
Epoch: 9447, Loss: 5.556362152099609
Epoch: 9448, Loss: 5.646882057189941
Epoch: 9449, Loss: 5.497177600860596
./circuit_plots/Unrestricted Disentangled|Readout|CN=0|B0=2|B1=3|K=1280|L=320|p_B=0.75|p_C=0.75|B=2|eps=0|e6550d4e-6d1e-4f62-89ea-caa9422ff06f/ already exists.
./circuit_plots/Unrestricted Disentangled|Readout|CN=0|B0=2|B1=3|K=1280|L=320|p_B=0.75|p_C=0.75|B=2|eps=0|e6550d4e-6d1e-4f62-89ea-caa9422ff06f/ already exists.
./circuit_plots/Unrestricted Disentangled|Readout|CN=0|B0=2|B1=3|K=1280|L=320|p_B=0.75|p_C=0.75|B=2|eps=0|e6550d4e-6d1e-4f62-89ea-caa9422ff06f/ already exists.
./circuit_plots/Unrestricted Disentangled|Readout|CN=0|B0=2|B1=3|K=1280|L=320|p_B=0.75|p_C=0.75|B=2|eps=0|e6550d4e-6d1e-4f62-89ea-caa9422ff06f/ already exists.
./circuit_plots/Unrestricted Disentangled|Readout|CN=0|B0=2|B1=3|K=1280|L=320|p_B=0.75|p_C=0.75|B=2|eps=0|e6550d4e-6d1e-4f62-89ea-caa9422ff06f/ already exists.
./circuit_plots/Unrestricted Disentangled|Readout|CN=0|B0=2|B1=3|K=1280|L=320|p_B=0.75|p_C=0.75|B=2|eps=0|e6550d4e-6d1e-4f62-89ea-caa9422ff06f/ already exists.
./circuit_plots/Unrestricted Disentangled|Readout|CN=0|B0=2|B1=3|K=1280|L=320|p_B=0.75|p_C=0.75|B=2|eps=0|e6550d4e-6d1e-4f62-89ea-caa9422ff06f/ already exists.
Epoch: 9450, Loss: 5.582104206085205
Test acc: 0.152, IC acc: 0.0033, IC acc2: 0.0009, IW acc: 0.5929
Epoch: 9451, Loss: 5.522077560424805
Epoch: 9452, Loss: 5.59965705871582
Epoch: 9453, Loss: 5.573150157928467
Epoch: 9454, Loss: 5.568907737731934
Epoch: 9455, Loss: 5.536190032958984
Epoch: 9456, Loss: 5.646592617034912
Epoch: 9457, Loss: 5.606701850891113
Epoch: 9458, Loss: 5.5745134353637695
Epoch: 9459, Loss: 5.569801330566406
Epoch: 9460, Loss: 5.610958576202393
Test acc: 0.1521, IC acc: 0.0033, IC acc2: 0.0009, IW acc: 0.5928
Epoch: 9461, Loss: 5.559000015258789
Epoch: 9462, Loss: 5.5898847579956055
Epoch: 9463, Loss: 5.503100395202637
Epoch: 9464, Loss: 5.5518951416015625
Epoch: 9465, Loss: 5.609175682067871
Epoch: 9466, Loss: 5.59084415435791
Epoch: 9467, Loss: 5.59112024307251
Epoch: 9468, Loss: 5.626707077026367
Epoch: 9469, Loss: 5.533988952636719
Epoch: 9470, Loss: 5.499037265777588
Test acc: 0.1517, IC acc: 0.0033, IC acc2: 0.0009, IW acc: 0.59
Epoch: 9471, Loss: 5.504157543182373
Epoch: 9472, Loss: 5.523690223693848
Epoch: 9473, Loss: 5.584228515625
Epoch: 9474, Loss: 5.508896827697754
Epoch: 9475, Loss: 5.628334045410156
Epoch: 9476, Loss: 5.547657012939453
Epoch: 9477, Loss: 5.6142048835754395
Epoch: 9478, Loss: 5.610699653625488
Epoch: 9479, Loss: 5.628323554992676
Epoch: 9480, Loss: 5.56069278717041
Test acc: 0.1517, IC acc: 0.0033, IC acc2: 0.0009, IW acc: 0.5897
Epoch: 9481, Loss: 5.548417568206787
Epoch: 9482, Loss: 5.548633575439453
Epoch: 9483, Loss: 5.548428535461426
Epoch: 9484, Loss: 5.515395164489746
Epoch: 9485, Loss: 5.566964149475098
Epoch: 9486, Loss: 5.4931321144104
Epoch: 9487, Loss: 5.545196533203125
Epoch: 9488, Loss: 5.5690412521362305
Epoch: 9489, Loss: 5.6342315673828125
Epoch: 9490, Loss: 5.579708576202393
Test acc: 0.1514, IC acc: 0.0033, IC acc2: 0.0009, IW acc: 0.5901
Epoch: 9491, Loss: 5.623271942138672
Epoch: 9492, Loss: 5.583781719207764
Epoch: 9493, Loss: 5.558126926422119
Epoch: 9494, Loss: 5.589474201202393
Epoch: 9495, Loss: 5.621756076812744
Epoch: 9496, Loss: 5.633107662200928
Epoch: 9497, Loss: 5.548702239990234
Epoch: 9498, Loss: 5.606602668762207
Epoch: 9499, Loss: 5.602147102355957
./circuit_plots/Unrestricted Disentangled|Readout|CN=0|B0=2|B1=3|K=1280|L=320|p_B=0.75|p_C=0.75|B=2|eps=0|e6550d4e-6d1e-4f62-89ea-caa9422ff06f/ already exists.
./circuit_plots/Unrestricted Disentangled|Readout|CN=0|B0=2|B1=3|K=1280|L=320|p_B=0.75|p_C=0.75|B=2|eps=0|e6550d4e-6d1e-4f62-89ea-caa9422ff06f/ already exists.
./circuit_plots/Unrestricted Disentangled|Readout|CN=0|B0=2|B1=3|K=1280|L=320|p_B=0.75|p_C=0.75|B=2|eps=0|e6550d4e-6d1e-4f62-89ea-caa9422ff06f/ already exists.
./circuit_plots/Unrestricted Disentangled|Readout|CN=0|B0=2|B1=3|K=1280|L=320|p_B=0.75|p_C=0.75|B=2|eps=0|e6550d4e-6d1e-4f62-89ea-caa9422ff06f/ already exists.
./circuit_plots/Unrestricted Disentangled|Readout|CN=0|B0=2|B1=3|K=1280|L=320|p_B=0.75|p_C=0.75|B=2|eps=0|e6550d4e-6d1e-4f62-89ea-caa9422ff06f/ already exists.
./circuit_plots/Unrestricted Disentangled|Readout|CN=0|B0=2|B1=3|K=1280|L=320|p_B=0.75|p_C=0.75|B=2|eps=0|e6550d4e-6d1e-4f62-89ea-caa9422ff06f/ already exists.
./circuit_plots/Unrestricted Disentangled|Readout|CN=0|B0=2|B1=3|K=1280|L=320|p_B=0.75|p_C=0.75|B=2|eps=0|e6550d4e-6d1e-4f62-89ea-caa9422ff06f/ already exists.
Epoch: 9500, Loss: 5.496912002563477
Test acc: 0.1514, IC acc: 0.0033, IC acc2: 0.0009, IW acc: 0.5912
Epoch: 9501, Loss: 5.598663806915283
Epoch: 9502, Loss: 5.504509449005127
Epoch: 9503, Loss: 5.574848651885986
Epoch: 9504, Loss: 5.59876012802124
Epoch: 9505, Loss: 5.643296241760254
Epoch: 9506, Loss: 5.651424884796143
Epoch: 9507, Loss: 5.609291076660156
Epoch: 9508, Loss: 5.584300994873047
Epoch: 9509, Loss: 5.606605529785156
Epoch: 9510, Loss: 5.54274845123291
Test acc: 0.1516, IC acc: 0.0033, IC acc2: 0.0009, IW acc: 0.5917
Epoch: 9511, Loss: 5.548185348510742
Epoch: 9512, Loss: 5.626228332519531
Epoch: 9513, Loss: 5.6030964851379395
Epoch: 9514, Loss: 5.573594570159912
Epoch: 9515, Loss: 5.509088516235352
Epoch: 9516, Loss: 5.636647701263428
Epoch: 9517, Loss: 5.588260650634766
Epoch: 9518, Loss: 5.643723964691162
Epoch: 9519, Loss: 5.5240797996521
Epoch: 9520, Loss: 5.597808361053467
Test acc: 0.1522, IC acc: 0.0033, IC acc2: 0.0009, IW acc: 0.5955
Epoch: 9521, Loss: 5.602670669555664
Epoch: 9522, Loss: 5.513068675994873
Epoch: 9523, Loss: 5.555752754211426
Epoch: 9524, Loss: 5.597533226013184
Epoch: 9525, Loss: 5.501354217529297
Epoch: 9526, Loss: 5.575009346008301
Epoch: 9527, Loss: 5.535484790802002
Epoch: 9528, Loss: 5.4699296951293945
Epoch: 9529, Loss: 5.595961093902588
Epoch: 9530, Loss: 5.558362007141113
Test acc: 0.1522, IC acc: 0.0033, IC acc2: 0.0009, IW acc: 0.5928
Epoch: 9531, Loss: 5.542543411254883
Epoch: 9532, Loss: 5.5857744216918945
Epoch: 9533, Loss: 5.560996055603027
Epoch: 9534, Loss: 5.67097282409668
Epoch: 9535, Loss: 5.506363391876221
Epoch: 9536, Loss: 5.5373735427856445
Epoch: 9537, Loss: 5.5993452072143555
Epoch: 9538, Loss: 5.633569240570068
Epoch: 9539, Loss: 5.6312761306762695
Epoch: 9540, Loss: 5.499558448791504
Test acc: 0.1525, IC acc: 0.0033, IC acc2: 0.0009, IW acc: 0.594
Epoch: 9541, Loss: 5.662503719329834
Epoch: 9542, Loss: 5.643489360809326
Epoch: 9543, Loss: 5.612702369689941
Epoch: 9544, Loss: 5.5597004890441895
Epoch: 9545, Loss: 5.474888801574707
Epoch: 9546, Loss: 5.579400062561035
Epoch: 9547, Loss: 5.550603866577148
Epoch: 9548, Loss: 5.553182601928711
Epoch: 9549, Loss: 5.517630100250244
./circuit_plots/Unrestricted Disentangled|Readout|CN=0|B0=2|B1=3|K=1280|L=320|p_B=0.75|p_C=0.75|B=2|eps=0|e6550d4e-6d1e-4f62-89ea-caa9422ff06f/ already exists.
./circuit_plots/Unrestricted Disentangled|Readout|CN=0|B0=2|B1=3|K=1280|L=320|p_B=0.75|p_C=0.75|B=2|eps=0|e6550d4e-6d1e-4f62-89ea-caa9422ff06f/ already exists.
./circuit_plots/Unrestricted Disentangled|Readout|CN=0|B0=2|B1=3|K=1280|L=320|p_B=0.75|p_C=0.75|B=2|eps=0|e6550d4e-6d1e-4f62-89ea-caa9422ff06f/ already exists.
./circuit_plots/Unrestricted Disentangled|Readout|CN=0|B0=2|B1=3|K=1280|L=320|p_B=0.75|p_C=0.75|B=2|eps=0|e6550d4e-6d1e-4f62-89ea-caa9422ff06f/ already exists.
./circuit_plots/Unrestricted Disentangled|Readout|CN=0|B0=2|B1=3|K=1280|L=320|p_B=0.75|p_C=0.75|B=2|eps=0|e6550d4e-6d1e-4f62-89ea-caa9422ff06f/ already exists.
./circuit_plots/Unrestricted Disentangled|Readout|CN=0|B0=2|B1=3|K=1280|L=320|p_B=0.75|p_C=0.75|B=2|eps=0|e6550d4e-6d1e-4f62-89ea-caa9422ff06f/ already exists.
./circuit_plots/Unrestricted Disentangled|Readout|CN=0|B0=2|B1=3|K=1280|L=320|p_B=0.75|p_C=0.75|B=2|eps=0|e6550d4e-6d1e-4f62-89ea-caa9422ff06f/ already exists.
Epoch: 9550, Loss: 5.587773323059082
Test acc: 0.1527, IC acc: 0.0033, IC acc2: 0.0009, IW acc: 0.5951
Epoch: 9551, Loss: 5.619367599487305
Epoch: 9552, Loss: 5.55423641204834
Epoch: 9553, Loss: 5.62074089050293
Epoch: 9554, Loss: 5.610177993774414
Epoch: 9555, Loss: 5.629782676696777
Epoch: 9556, Loss: 5.557687759399414
Epoch: 9557, Loss: 5.540306568145752
Epoch: 9558, Loss: 5.565662384033203
Epoch: 9559, Loss: 5.540212631225586
Epoch: 9560, Loss: 5.595456123352051
Test acc: 0.1523, IC acc: 0.0033, IC acc2: 0.0009, IW acc: 0.5937
Epoch: 9561, Loss: 5.666186332702637
Epoch: 9562, Loss: 5.541073322296143
Epoch: 9563, Loss: 5.621502876281738
Epoch: 9564, Loss: 5.515210151672363
Epoch: 9565, Loss: 5.626167297363281
Epoch: 9566, Loss: 5.508044719696045
Epoch: 9567, Loss: 5.556369781494141
Epoch: 9568, Loss: 5.525851726531982
Epoch: 9569, Loss: 5.460956573486328
Epoch: 9570, Loss: 5.60444974899292
Test acc: 0.1529, IC acc: 0.0033, IC acc2: 0.0009, IW acc: 0.5954
Epoch: 9571, Loss: 5.583154678344727
Epoch: 9572, Loss: 5.578774452209473
Epoch: 9573, Loss: 5.690820693969727
Epoch: 9574, Loss: 5.588567733764648
Epoch: 9575, Loss: 5.5993194580078125
Epoch: 9576, Loss: 5.530193328857422
Epoch: 9577, Loss: 5.530745029449463
Epoch: 9578, Loss: 5.58927583694458
Epoch: 9579, Loss: 5.440013885498047
Epoch: 9580, Loss: 5.459760665893555
Test acc: 0.1529, IC acc: 0.0033, IC acc2: 0.0009, IW acc: 0.5966
Epoch: 9581, Loss: 5.60506534576416
Epoch: 9582, Loss: 5.582474231719971
Epoch: 9583, Loss: 5.548253059387207
Epoch: 9584, Loss: 5.5397844314575195
Epoch: 9585, Loss: 5.588578701019287
Epoch: 9586, Loss: 5.569984436035156
Epoch: 9587, Loss: 5.535590648651123
Epoch: 9588, Loss: 5.602607250213623
Epoch: 9589, Loss: 5.5934038162231445
Epoch: 9590, Loss: 5.470181941986084
Test acc: 0.1531, IC acc: 0.0033, IC acc2: 0.0009, IW acc: 0.5983
Epoch: 9591, Loss: 5.344913959503174
Epoch: 9592, Loss: 5.5445780754089355
Epoch: 9593, Loss: 5.5016045570373535
Epoch: 9594, Loss: 5.61590051651001
Epoch: 9595, Loss: 5.498744487762451
Epoch: 9596, Loss: 5.609330654144287
Epoch: 9597, Loss: 5.5907745361328125
Epoch: 9598, Loss: 5.485284328460693
Epoch: 9599, Loss: 5.5820393562316895
./circuit_plots/Unrestricted Disentangled|Readout|CN=0|B0=2|B1=3|K=1280|L=320|p_B=0.75|p_C=0.75|B=2|eps=0|e6550d4e-6d1e-4f62-89ea-caa9422ff06f/ already exists.
./circuit_plots/Unrestricted Disentangled|Readout|CN=0|B0=2|B1=3|K=1280|L=320|p_B=0.75|p_C=0.75|B=2|eps=0|e6550d4e-6d1e-4f62-89ea-caa9422ff06f/ already exists.
./circuit_plots/Unrestricted Disentangled|Readout|CN=0|B0=2|B1=3|K=1280|L=320|p_B=0.75|p_C=0.75|B=2|eps=0|e6550d4e-6d1e-4f62-89ea-caa9422ff06f/ already exists.
./circuit_plots/Unrestricted Disentangled|Readout|CN=0|B0=2|B1=3|K=1280|L=320|p_B=0.75|p_C=0.75|B=2|eps=0|e6550d4e-6d1e-4f62-89ea-caa9422ff06f/ already exists.
./circuit_plots/Unrestricted Disentangled|Readout|CN=0|B0=2|B1=3|K=1280|L=320|p_B=0.75|p_C=0.75|B=2|eps=0|e6550d4e-6d1e-4f62-89ea-caa9422ff06f/ already exists.
./circuit_plots/Unrestricted Disentangled|Readout|CN=0|B0=2|B1=3|K=1280|L=320|p_B=0.75|p_C=0.75|B=2|eps=0|e6550d4e-6d1e-4f62-89ea-caa9422ff06f/ already exists.
./circuit_plots/Unrestricted Disentangled|Readout|CN=0|B0=2|B1=3|K=1280|L=320|p_B=0.75|p_C=0.75|B=2|eps=0|e6550d4e-6d1e-4f62-89ea-caa9422ff06f/ already exists.
Epoch: 9600, Loss: 5.52777099609375
Test acc: 0.1529, IC acc: 0.0033, IC acc2: 0.0009, IW acc: 0.5959
Epoch: 9601, Loss: 5.586988925933838
Epoch: 9602, Loss: 5.583339691162109
Epoch: 9603, Loss: 5.539712905883789
Epoch: 9604, Loss: 5.602119445800781
Epoch: 9605, Loss: 5.575583457946777
Epoch: 9606, Loss: 5.529432773590088
Epoch: 9607, Loss: 5.554182052612305
Epoch: 9608, Loss: 5.557124137878418
Epoch: 9609, Loss: 5.575821876525879
Epoch: 9610, Loss: 5.525877952575684
Test acc: 0.1528, IC acc: 0.0033, IC acc2: 0.0009, IW acc: 0.5957
Epoch: 9611, Loss: 5.667152404785156
Epoch: 9612, Loss: 5.5481109619140625
Epoch: 9613, Loss: 5.57921838760376
Epoch: 9614, Loss: 5.541869163513184
Epoch: 9615, Loss: 5.5568156242370605
Epoch: 9616, Loss: 5.547214508056641
Epoch: 9617, Loss: 5.510629653930664
Epoch: 9618, Loss: 5.620021343231201
Epoch: 9619, Loss: 5.542189598083496
Epoch: 9620, Loss: 5.452354431152344
Test acc: 0.1535, IC acc: 0.0033, IC acc2: 0.0009, IW acc: 0.5974
Epoch: 9621, Loss: 5.539011001586914
Epoch: 9622, Loss: 5.615888595581055
Epoch: 9623, Loss: 5.495996475219727
Epoch: 9624, Loss: 5.548282623291016
Epoch: 9625, Loss: 5.5971574783325195
Epoch: 9626, Loss: 5.535126686096191
Epoch: 9627, Loss: 5.514732360839844
Epoch: 9628, Loss: 5.459412097930908
Epoch: 9629, Loss: 5.639519214630127
Epoch: 9630, Loss: 5.623184680938721
Test acc: 0.1536, IC acc: 0.0033, IC acc2: 0.0009, IW acc: 0.5986
Epoch: 9631, Loss: 5.607707977294922
Epoch: 9632, Loss: 5.5283308029174805
Epoch: 9633, Loss: 5.539945602416992
Epoch: 9634, Loss: 5.555131435394287
Epoch: 9635, Loss: 5.597583293914795
Epoch: 9636, Loss: 5.570971488952637
Epoch: 9637, Loss: 5.608630180358887
Epoch: 9638, Loss: 5.601886749267578
Epoch: 9639, Loss: 5.551800727844238
Epoch: 9640, Loss: 5.568641185760498
Test acc: 0.1541, IC acc: 0.0033, IC acc2: 0.0009, IW acc: 0.6029
Epoch: 9641, Loss: 5.545706748962402
Epoch: 9642, Loss: 5.531522274017334
Epoch: 9643, Loss: 5.509437084197998
Epoch: 9644, Loss: 5.629833221435547
Epoch: 9645, Loss: 5.561000823974609
Epoch: 9646, Loss: 5.598441123962402
Epoch: 9647, Loss: 5.605020523071289
Epoch: 9648, Loss: 5.608414649963379
Epoch: 9649, Loss: 5.550271034240723
./circuit_plots/Unrestricted Disentangled|Readout|CN=0|B0=2|B1=3|K=1280|L=320|p_B=0.75|p_C=0.75|B=2|eps=0|e6550d4e-6d1e-4f62-89ea-caa9422ff06f/ already exists.
./circuit_plots/Unrestricted Disentangled|Readout|CN=0|B0=2|B1=3|K=1280|L=320|p_B=0.75|p_C=0.75|B=2|eps=0|e6550d4e-6d1e-4f62-89ea-caa9422ff06f/ already exists.
./circuit_plots/Unrestricted Disentangled|Readout|CN=0|B0=2|B1=3|K=1280|L=320|p_B=0.75|p_C=0.75|B=2|eps=0|e6550d4e-6d1e-4f62-89ea-caa9422ff06f/ already exists.
./circuit_plots/Unrestricted Disentangled|Readout|CN=0|B0=2|B1=3|K=1280|L=320|p_B=0.75|p_C=0.75|B=2|eps=0|e6550d4e-6d1e-4f62-89ea-caa9422ff06f/ already exists.
./circuit_plots/Unrestricted Disentangled|Readout|CN=0|B0=2|B1=3|K=1280|L=320|p_B=0.75|p_C=0.75|B=2|eps=0|e6550d4e-6d1e-4f62-89ea-caa9422ff06f/ already exists.
./circuit_plots/Unrestricted Disentangled|Readout|CN=0|B0=2|B1=3|K=1280|L=320|p_B=0.75|p_C=0.75|B=2|eps=0|e6550d4e-6d1e-4f62-89ea-caa9422ff06f/ already exists.
./circuit_plots/Unrestricted Disentangled|Readout|CN=0|B0=2|B1=3|K=1280|L=320|p_B=0.75|p_C=0.75|B=2|eps=0|e6550d4e-6d1e-4f62-89ea-caa9422ff06f/ already exists.
Epoch: 9650, Loss: 5.589343070983887
Test acc: 0.1546, IC acc: 0.0033, IC acc2: 0.0009, IW acc: 0.6032
Epoch: 9651, Loss: 5.587784767150879
Epoch: 9652, Loss: 5.53481388092041
Epoch: 9653, Loss: 5.503718852996826
Epoch: 9654, Loss: 5.594513893127441
Epoch: 9655, Loss: 5.58627462387085
Epoch: 9656, Loss: 5.621119976043701
Epoch: 9657, Loss: 5.603849411010742
Epoch: 9658, Loss: 5.6247148513793945
Epoch: 9659, Loss: 5.572157859802246
Epoch: 9660, Loss: 5.525056838989258
Test acc: 0.1545, IC acc: 0.0033, IC acc2: 0.0009, IW acc: 0.6022
Epoch: 9661, Loss: 5.578051567077637
Epoch: 9662, Loss: 5.611366271972656
Epoch: 9663, Loss: 5.53469705581665
Epoch: 9664, Loss: 5.599024295806885
Epoch: 9665, Loss: 5.664542198181152
Epoch: 9666, Loss: 5.536774635314941
Epoch: 9667, Loss: 5.546538829803467
Epoch: 9668, Loss: 5.623105049133301
Epoch: 9669, Loss: 5.535751819610596
Epoch: 9670, Loss: 5.579631805419922
Test acc: 0.1544, IC acc: 0.0033, IC acc2: 0.0009, IW acc: 0.6028
Epoch: 9671, Loss: 5.565983295440674
Epoch: 9672, Loss: 5.598977088928223
Epoch: 9673, Loss: 5.568511962890625
Epoch: 9674, Loss: 5.6185078620910645
Epoch: 9675, Loss: 5.573636531829834
Epoch: 9676, Loss: 5.501196384429932
Epoch: 9677, Loss: 5.571139335632324
Epoch: 9678, Loss: 5.526215553283691
Epoch: 9679, Loss: 5.604190826416016
Epoch: 9680, Loss: 5.436689376831055
Test acc: 0.1545, IC acc: 0.0033, IC acc2: 0.0009, IW acc: 0.6028
Epoch: 9681, Loss: 5.525323867797852
Epoch: 9682, Loss: 5.486439228057861
Epoch: 9683, Loss: 5.630331516265869
Epoch: 9684, Loss: 5.585186958312988
Epoch: 9685, Loss: 5.5409088134765625
Epoch: 9686, Loss: 5.534969806671143
Epoch: 9687, Loss: 5.585749626159668
Epoch: 9688, Loss: 5.513634204864502
Epoch: 9689, Loss: 5.6002960205078125
Epoch: 9690, Loss: 5.635517120361328
Test acc: 0.1545, IC acc: 0.0033, IC acc2: 0.0009, IW acc: 0.6024
Epoch: 9691, Loss: 5.613569259643555
Epoch: 9692, Loss: 5.56706428527832
Epoch: 9693, Loss: 5.568946361541748
Epoch: 9694, Loss: 5.552321434020996
Epoch: 9695, Loss: 5.567840576171875
Epoch: 9696, Loss: 5.604599475860596
Epoch: 9697, Loss: 5.5383830070495605
Epoch: 9698, Loss: 5.499680519104004
Epoch: 9699, Loss: 5.546401023864746
./circuit_plots/Unrestricted Disentangled|Readout|CN=0|B0=2|B1=3|K=1280|L=320|p_B=0.75|p_C=0.75|B=2|eps=0|e6550d4e-6d1e-4f62-89ea-caa9422ff06f/ already exists.
./circuit_plots/Unrestricted Disentangled|Readout|CN=0|B0=2|B1=3|K=1280|L=320|p_B=0.75|p_C=0.75|B=2|eps=0|e6550d4e-6d1e-4f62-89ea-caa9422ff06f/ already exists.
./circuit_plots/Unrestricted Disentangled|Readout|CN=0|B0=2|B1=3|K=1280|L=320|p_B=0.75|p_C=0.75|B=2|eps=0|e6550d4e-6d1e-4f62-89ea-caa9422ff06f/ already exists.
./circuit_plots/Unrestricted Disentangled|Readout|CN=0|B0=2|B1=3|K=1280|L=320|p_B=0.75|p_C=0.75|B=2|eps=0|e6550d4e-6d1e-4f62-89ea-caa9422ff06f/ already exists.
./circuit_plots/Unrestricted Disentangled|Readout|CN=0|B0=2|B1=3|K=1280|L=320|p_B=0.75|p_C=0.75|B=2|eps=0|e6550d4e-6d1e-4f62-89ea-caa9422ff06f/ already exists.
./circuit_plots/Unrestricted Disentangled|Readout|CN=0|B0=2|B1=3|K=1280|L=320|p_B=0.75|p_C=0.75|B=2|eps=0|e6550d4e-6d1e-4f62-89ea-caa9422ff06f/ already exists.
./circuit_plots/Unrestricted Disentangled|Readout|CN=0|B0=2|B1=3|K=1280|L=320|p_B=0.75|p_C=0.75|B=2|eps=0|e6550d4e-6d1e-4f62-89ea-caa9422ff06f/ already exists.
Epoch: 9700, Loss: 5.605367183685303
Test acc: 0.155, IC acc: 0.0033, IC acc2: 0.0009, IW acc: 0.6054
Epoch: 9701, Loss: 5.570150375366211
Epoch: 9702, Loss: 5.568882465362549
Epoch: 9703, Loss: 5.523008823394775
Epoch: 9704, Loss: 5.601410388946533
Epoch: 9705, Loss: 5.607501029968262
Epoch: 9706, Loss: 5.604053974151611
Epoch: 9707, Loss: 5.649096965789795
Epoch: 9708, Loss: 5.627662181854248
Epoch: 9709, Loss: 5.649460792541504
Epoch: 9710, Loss: 5.525689125061035
Test acc: 0.1546, IC acc: 0.0033, IC acc2: 0.0009, IW acc: 0.6038
Epoch: 9711, Loss: 5.523237228393555
Epoch: 9712, Loss: 5.56994104385376
Epoch: 9713, Loss: 5.586766719818115
Epoch: 9714, Loss: 5.516534805297852
Epoch: 9715, Loss: 5.573050022125244
Epoch: 9716, Loss: 5.467746734619141
Epoch: 9717, Loss: 5.529511451721191
Epoch: 9718, Loss: 5.570657253265381
Epoch: 9719, Loss: 5.618351936340332
Epoch: 9720, Loss: 5.486618995666504
Test acc: 0.1555, IC acc: 0.0033, IC acc2: 0.0009, IW acc: 0.6059
Epoch: 9721, Loss: 5.541858673095703
Epoch: 9722, Loss: 5.606358528137207
Epoch: 9723, Loss: 5.537919044494629
Epoch: 9724, Loss: 5.51883602142334
Epoch: 9725, Loss: 5.47434139251709
Epoch: 9726, Loss: 5.50895881652832
Epoch: 9727, Loss: 5.509777069091797
Epoch: 9728, Loss: 5.561323165893555
Epoch: 9729, Loss: 5.5626678466796875
Epoch: 9730, Loss: 5.544275283813477
Test acc: 0.1556, IC acc: 0.0033, IC acc2: 0.0009, IW acc: 0.6046
Epoch: 9731, Loss: 5.610419273376465
Epoch: 9732, Loss: 5.542654037475586
Epoch: 9733, Loss: 5.574206352233887
Epoch: 9734, Loss: 5.597905158996582
Epoch: 9735, Loss: 5.55203104019165
Epoch: 9736, Loss: 5.621577262878418
Epoch: 9737, Loss: 5.615145683288574
Epoch: 9738, Loss: 5.534688472747803
Epoch: 9739, Loss: 5.569929122924805
Epoch: 9740, Loss: 5.57385778427124
Test acc: 0.1561, IC acc: 0.0033, IC acc2: 0.0009, IW acc: 0.6057
Epoch: 9741, Loss: 5.60048770904541
Epoch: 9742, Loss: 5.6077375411987305
Epoch: 9743, Loss: 5.578131675720215
Epoch: 9744, Loss: 5.535005569458008
Epoch: 9745, Loss: 5.523983001708984
Epoch: 9746, Loss: 5.615714073181152
Epoch: 9747, Loss: 5.601400375366211
Epoch: 9748, Loss: 5.613330364227295
Epoch: 9749, Loss: 5.608959674835205
./circuit_plots/Unrestricted Disentangled|Readout|CN=0|B0=2|B1=3|K=1280|L=320|p_B=0.75|p_C=0.75|B=2|eps=0|e6550d4e-6d1e-4f62-89ea-caa9422ff06f/ already exists.
./circuit_plots/Unrestricted Disentangled|Readout|CN=0|B0=2|B1=3|K=1280|L=320|p_B=0.75|p_C=0.75|B=2|eps=0|e6550d4e-6d1e-4f62-89ea-caa9422ff06f/ already exists.
./circuit_plots/Unrestricted Disentangled|Readout|CN=0|B0=2|B1=3|K=1280|L=320|p_B=0.75|p_C=0.75|B=2|eps=0|e6550d4e-6d1e-4f62-89ea-caa9422ff06f/ already exists.
./circuit_plots/Unrestricted Disentangled|Readout|CN=0|B0=2|B1=3|K=1280|L=320|p_B=0.75|p_C=0.75|B=2|eps=0|e6550d4e-6d1e-4f62-89ea-caa9422ff06f/ already exists.
./circuit_plots/Unrestricted Disentangled|Readout|CN=0|B0=2|B1=3|K=1280|L=320|p_B=0.75|p_C=0.75|B=2|eps=0|e6550d4e-6d1e-4f62-89ea-caa9422ff06f/ already exists.
./circuit_plots/Unrestricted Disentangled|Readout|CN=0|B0=2|B1=3|K=1280|L=320|p_B=0.75|p_C=0.75|B=2|eps=0|e6550d4e-6d1e-4f62-89ea-caa9422ff06f/ already exists.
./circuit_plots/Unrestricted Disentangled|Readout|CN=0|B0=2|B1=3|K=1280|L=320|p_B=0.75|p_C=0.75|B=2|eps=0|e6550d4e-6d1e-4f62-89ea-caa9422ff06f/ already exists.
Epoch: 9750, Loss: 5.518868446350098
Test acc: 0.1564, IC acc: 0.0033, IC acc2: 0.0009, IW acc: 0.6069
Epoch: 9751, Loss: 5.459367752075195
Epoch: 9752, Loss: 5.547342300415039
Epoch: 9753, Loss: 5.552292346954346
Epoch: 9754, Loss: 5.576166152954102
Epoch: 9755, Loss: 5.613434791564941
Epoch: 9756, Loss: 5.479383945465088
Epoch: 9757, Loss: 5.510757923126221
Epoch: 9758, Loss: 5.581503868103027
Epoch: 9759, Loss: 5.569947242736816
Epoch: 9760, Loss: 5.504017353057861
Test acc: 0.1567, IC acc: 0.0033, IC acc2: 0.0009, IW acc: 0.6093
Epoch: 9761, Loss: 5.613332748413086
Epoch: 9762, Loss: 5.515068054199219
Epoch: 9763, Loss: 5.565162658691406
Epoch: 9764, Loss: 5.634111404418945
Epoch: 9765, Loss: 5.552489280700684
Epoch: 9766, Loss: 5.498441219329834
Epoch: 9767, Loss: 5.581532955169678
Epoch: 9768, Loss: 5.5847625732421875
Epoch: 9769, Loss: 5.621551513671875
Epoch: 9770, Loss: 5.484253883361816
Test acc: 0.1562, IC acc: 0.0033, IC acc2: 0.0009, IW acc: 0.6108
Epoch: 9771, Loss: 5.632164478302002
Epoch: 9772, Loss: 5.557629585266113
Epoch: 9773, Loss: 5.618786811828613
Epoch: 9774, Loss: 5.584362030029297
Epoch: 9775, Loss: 5.553958415985107
Epoch: 9776, Loss: 5.576271057128906
Epoch: 9777, Loss: 5.593775749206543
Epoch: 9778, Loss: 5.632870197296143
Epoch: 9779, Loss: 5.603163719177246
Epoch: 9780, Loss: 5.561408519744873
Test acc: 0.1568, IC acc: 0.0033, IC acc2: 0.0009, IW acc: 0.6118
Epoch: 9781, Loss: 5.614169120788574
Epoch: 9782, Loss: 5.536623954772949
Epoch: 9783, Loss: 5.616467475891113
Epoch: 9784, Loss: 5.646394729614258
Epoch: 9785, Loss: 5.587029457092285
Epoch: 9786, Loss: 5.528681755065918
Epoch: 9787, Loss: 5.594488620758057
Epoch: 9788, Loss: 5.6375532150268555
Epoch: 9789, Loss: 5.513478755950928
Epoch: 9790, Loss: 5.647199630737305
Test acc: 0.157, IC acc: 0.0033, IC acc2: 0.0009, IW acc: 0.6129
Epoch: 9791, Loss: 5.502912521362305
Epoch: 9792, Loss: 5.520917892456055
Epoch: 9793, Loss: 5.450155258178711
Epoch: 9794, Loss: 5.6413373947143555
Epoch: 9795, Loss: 5.549912452697754
Epoch: 9796, Loss: 5.604406356811523
Epoch: 9797, Loss: 5.594305038452148
Epoch: 9798, Loss: 5.570942401885986
Epoch: 9799, Loss: 5.470179557800293
./circuit_plots/Unrestricted Disentangled|Readout|CN=0|B0=2|B1=3|K=1280|L=320|p_B=0.75|p_C=0.75|B=2|eps=0|e6550d4e-6d1e-4f62-89ea-caa9422ff06f/ already exists.
./circuit_plots/Unrestricted Disentangled|Readout|CN=0|B0=2|B1=3|K=1280|L=320|p_B=0.75|p_C=0.75|B=2|eps=0|e6550d4e-6d1e-4f62-89ea-caa9422ff06f/ already exists.
./circuit_plots/Unrestricted Disentangled|Readout|CN=0|B0=2|B1=3|K=1280|L=320|p_B=0.75|p_C=0.75|B=2|eps=0|e6550d4e-6d1e-4f62-89ea-caa9422ff06f/ already exists.
./circuit_plots/Unrestricted Disentangled|Readout|CN=0|B0=2|B1=3|K=1280|L=320|p_B=0.75|p_C=0.75|B=2|eps=0|e6550d4e-6d1e-4f62-89ea-caa9422ff06f/ already exists.
./circuit_plots/Unrestricted Disentangled|Readout|CN=0|B0=2|B1=3|K=1280|L=320|p_B=0.75|p_C=0.75|B=2|eps=0|e6550d4e-6d1e-4f62-89ea-caa9422ff06f/ already exists.
./circuit_plots/Unrestricted Disentangled|Readout|CN=0|B0=2|B1=3|K=1280|L=320|p_B=0.75|p_C=0.75|B=2|eps=0|e6550d4e-6d1e-4f62-89ea-caa9422ff06f/ already exists.
./circuit_plots/Unrestricted Disentangled|Readout|CN=0|B0=2|B1=3|K=1280|L=320|p_B=0.75|p_C=0.75|B=2|eps=0|e6550d4e-6d1e-4f62-89ea-caa9422ff06f/ already exists.
Epoch: 9800, Loss: 5.600100517272949
Test acc: 0.1575, IC acc: 0.0033, IC acc2: 0.0009, IW acc: 0.6149
Epoch: 9801, Loss: 5.510716438293457
Epoch: 9802, Loss: 5.583332061767578
Epoch: 9803, Loss: 5.567111968994141
Epoch: 9804, Loss: 5.5186262130737305
Epoch: 9805, Loss: 5.647225379943848
Epoch: 9806, Loss: 5.451590538024902
Epoch: 9807, Loss: 5.54766845703125
Epoch: 9808, Loss: 5.583327293395996
Epoch: 9809, Loss: 5.495601654052734
Epoch: 9810, Loss: 5.621047019958496
Test acc: 0.1575, IC acc: 0.0033, IC acc2: 0.0009, IW acc: 0.6149
Epoch: 9811, Loss: 5.530643463134766
Epoch: 9812, Loss: 5.596552848815918
Epoch: 9813, Loss: 5.538176536560059
Epoch: 9814, Loss: 5.666249752044678
Epoch: 9815, Loss: 5.5828537940979
Epoch: 9816, Loss: 5.684331893920898
Epoch: 9817, Loss: 5.483657360076904
Epoch: 9818, Loss: 5.476799011230469
Epoch: 9819, Loss: 5.663331031799316
Epoch: 9820, Loss: 5.638251781463623
Test acc: 0.1576, IC acc: 0.0033, IC acc2: 0.0009, IW acc: 0.6148
Epoch: 9821, Loss: 5.478429317474365
Epoch: 9822, Loss: 5.6104607582092285
Epoch: 9823, Loss: 5.629696846008301
Epoch: 9824, Loss: 5.540010452270508
Epoch: 9825, Loss: 5.525743007659912
Epoch: 9826, Loss: 5.589825630187988
Epoch: 9827, Loss: 5.597275257110596
Epoch: 9828, Loss: 5.56167459487915
Epoch: 9829, Loss: 5.477358818054199
Epoch: 9830, Loss: 5.489157676696777
Test acc: 0.1575, IC acc: 0.0033, IC acc2: 0.0009, IW acc: 0.6142
Epoch: 9831, Loss: 5.5731987953186035
Epoch: 9832, Loss: 5.552960395812988
Epoch: 9833, Loss: 5.549248695373535
Epoch: 9834, Loss: 5.539178371429443
Epoch: 9835, Loss: 5.536534309387207
Epoch: 9836, Loss: 5.552145957946777
Epoch: 9837, Loss: 5.539748191833496
Epoch: 9838, Loss: 5.499078750610352
Epoch: 9839, Loss: 5.570516109466553
Epoch: 9840, Loss: 5.540196418762207
Test acc: 0.1574, IC acc: 0.0033, IC acc2: 0.0009, IW acc: 0.6137
Epoch: 9841, Loss: 5.537779331207275
Epoch: 9842, Loss: 5.5773024559021
Epoch: 9843, Loss: 5.593029975891113
Epoch: 9844, Loss: 5.520279884338379
Epoch: 9845, Loss: 5.644057273864746
Epoch: 9846, Loss: 5.604079723358154
Epoch: 9847, Loss: 5.5417022705078125
Epoch: 9848, Loss: 5.5160346031188965
Epoch: 9849, Loss: 5.541775703430176
./circuit_plots/Unrestricted Disentangled|Readout|CN=0|B0=2|B1=3|K=1280|L=320|p_B=0.75|p_C=0.75|B=2|eps=0|e6550d4e-6d1e-4f62-89ea-caa9422ff06f/ already exists.
./circuit_plots/Unrestricted Disentangled|Readout|CN=0|B0=2|B1=3|K=1280|L=320|p_B=0.75|p_C=0.75|B=2|eps=0|e6550d4e-6d1e-4f62-89ea-caa9422ff06f/ already exists.
./circuit_plots/Unrestricted Disentangled|Readout|CN=0|B0=2|B1=3|K=1280|L=320|p_B=0.75|p_C=0.75|B=2|eps=0|e6550d4e-6d1e-4f62-89ea-caa9422ff06f/ already exists.
./circuit_plots/Unrestricted Disentangled|Readout|CN=0|B0=2|B1=3|K=1280|L=320|p_B=0.75|p_C=0.75|B=2|eps=0|e6550d4e-6d1e-4f62-89ea-caa9422ff06f/ already exists.
./circuit_plots/Unrestricted Disentangled|Readout|CN=0|B0=2|B1=3|K=1280|L=320|p_B=0.75|p_C=0.75|B=2|eps=0|e6550d4e-6d1e-4f62-89ea-caa9422ff06f/ already exists.
./circuit_plots/Unrestricted Disentangled|Readout|CN=0|B0=2|B1=3|K=1280|L=320|p_B=0.75|p_C=0.75|B=2|eps=0|e6550d4e-6d1e-4f62-89ea-caa9422ff06f/ already exists.
./circuit_plots/Unrestricted Disentangled|Readout|CN=0|B0=2|B1=3|K=1280|L=320|p_B=0.75|p_C=0.75|B=2|eps=0|e6550d4e-6d1e-4f62-89ea-caa9422ff06f/ already exists.
Epoch: 9850, Loss: 5.5131049156188965
Test acc: 0.1574, IC acc: 0.0033, IC acc2: 0.0009, IW acc: 0.6137
Epoch: 9851, Loss: 5.5384979248046875
Epoch: 9852, Loss: 5.5035295486450195
Epoch: 9853, Loss: 5.58281135559082
Epoch: 9854, Loss: 5.5800275802612305
Epoch: 9855, Loss: 5.559591293334961
Epoch: 9856, Loss: 5.585899829864502
Epoch: 9857, Loss: 5.515913009643555
Epoch: 9858, Loss: 5.508123397827148
Epoch: 9859, Loss: 5.545591354370117
Epoch: 9860, Loss: 5.4973907470703125
Test acc: 0.1574, IC acc: 0.0033, IC acc2: 0.0009, IW acc: 0.6137
Epoch: 9861, Loss: 5.562597274780273
Epoch: 9862, Loss: 5.593696594238281
Epoch: 9863, Loss: 5.609370708465576
Epoch: 9864, Loss: 5.50103759765625
Epoch: 9865, Loss: 5.655714988708496
Epoch: 9866, Loss: 5.44644832611084
Epoch: 9867, Loss: 5.639222145080566
Epoch: 9868, Loss: 5.505758285522461
Epoch: 9869, Loss: 5.566102027893066
Epoch: 9870, Loss: 5.538989067077637
Test acc: 0.1574, IC acc: 0.0033, IC acc2: 0.0009, IW acc: 0.6137
Epoch: 9871, Loss: 5.465421199798584
Epoch: 9872, Loss: 5.631879806518555
Epoch: 9873, Loss: 5.5222978591918945
Epoch: 9874, Loss: 5.5296525955200195
Epoch: 9875, Loss: 5.556771755218506
Epoch: 9876, Loss: 5.557129859924316
Epoch: 9877, Loss: 5.546932697296143
Epoch: 9878, Loss: 5.5442047119140625
Epoch: 9879, Loss: 5.547825813293457
Epoch: 9880, Loss: 5.58458137512207
Test acc: 0.1573, IC acc: 0.0033, IC acc2: 0.0009, IW acc: 0.6139
Epoch: 9881, Loss: 5.567809581756592
Epoch: 9882, Loss: 5.531444549560547
Epoch: 9883, Loss: 5.523746013641357
Epoch: 9884, Loss: 5.56077766418457
Epoch: 9885, Loss: 5.573376178741455
Epoch: 9886, Loss: 5.653228759765625
Epoch: 9887, Loss: 5.584263801574707
Epoch: 9888, Loss: 5.530029296875
Epoch: 9889, Loss: 5.5710906982421875
Epoch: 9890, Loss: 5.473508834838867
Test acc: 0.1574, IC acc: 0.0033, IC acc2: 0.0009, IW acc: 0.6143
Epoch: 9891, Loss: 5.601536750793457
Epoch: 9892, Loss: 5.601292133331299
Epoch: 9893, Loss: 5.593612194061279
Epoch: 9894, Loss: 5.54941463470459
Epoch: 9895, Loss: 5.602190971374512
Epoch: 9896, Loss: 5.58648681640625
Epoch: 9897, Loss: 5.536312103271484
Epoch: 9898, Loss: 5.592942237854004
Epoch: 9899, Loss: 5.462202072143555
./circuit_plots/Unrestricted Disentangled|Readout|CN=0|B0=2|B1=3|K=1280|L=320|p_B=0.75|p_C=0.75|B=2|eps=0|e6550d4e-6d1e-4f62-89ea-caa9422ff06f/ already exists.
./circuit_plots/Unrestricted Disentangled|Readout|CN=0|B0=2|B1=3|K=1280|L=320|p_B=0.75|p_C=0.75|B=2|eps=0|e6550d4e-6d1e-4f62-89ea-caa9422ff06f/ already exists.
./circuit_plots/Unrestricted Disentangled|Readout|CN=0|B0=2|B1=3|K=1280|L=320|p_B=0.75|p_C=0.75|B=2|eps=0|e6550d4e-6d1e-4f62-89ea-caa9422ff06f/ already exists.
./circuit_plots/Unrestricted Disentangled|Readout|CN=0|B0=2|B1=3|K=1280|L=320|p_B=0.75|p_C=0.75|B=2|eps=0|e6550d4e-6d1e-4f62-89ea-caa9422ff06f/ already exists.
./circuit_plots/Unrestricted Disentangled|Readout|CN=0|B0=2|B1=3|K=1280|L=320|p_B=0.75|p_C=0.75|B=2|eps=0|e6550d4e-6d1e-4f62-89ea-caa9422ff06f/ already exists.
./circuit_plots/Unrestricted Disentangled|Readout|CN=0|B0=2|B1=3|K=1280|L=320|p_B=0.75|p_C=0.75|B=2|eps=0|e6550d4e-6d1e-4f62-89ea-caa9422ff06f/ already exists.
./circuit_plots/Unrestricted Disentangled|Readout|CN=0|B0=2|B1=3|K=1280|L=320|p_B=0.75|p_C=0.75|B=2|eps=0|e6550d4e-6d1e-4f62-89ea-caa9422ff06f/ already exists.
Epoch: 9900, Loss: 5.496356964111328
Test acc: 0.1577, IC acc: 0.0033, IC acc2: 0.0009, IW acc: 0.6145
Epoch: 9901, Loss: 5.654300689697266
Epoch: 9902, Loss: 5.472103118896484
Epoch: 9903, Loss: 5.6048903465271
Epoch: 9904, Loss: 5.551884651184082
Epoch: 9905, Loss: 5.627322673797607
Epoch: 9906, Loss: 5.620029449462891
Epoch: 9907, Loss: 5.672311782836914
Epoch: 9908, Loss: 5.470920562744141
Epoch: 9909, Loss: 5.5883355140686035
Epoch: 9910, Loss: 5.581323623657227
Test acc: 0.1577, IC acc: 0.0033, IC acc2: 0.0009, IW acc: 0.6139
Epoch: 9911, Loss: 5.635173797607422
Epoch: 9912, Loss: 5.540396690368652
Epoch: 9913, Loss: 5.5868024826049805
Epoch: 9914, Loss: 5.506643295288086
Epoch: 9915, Loss: 5.567574977874756
Epoch: 9916, Loss: 5.554895401000977
Epoch: 9917, Loss: 5.563462257385254
Epoch: 9918, Loss: 5.6258134841918945
Epoch: 9919, Loss: 5.584892749786377
Epoch: 9920, Loss: 5.634374618530273
Test acc: 0.1576, IC acc: 0.0033, IC acc2: 0.0009, IW acc: 0.6122
Epoch: 9921, Loss: 5.46156120300293
Epoch: 9922, Loss: 5.571999549865723
Epoch: 9923, Loss: 5.533664703369141
Epoch: 9924, Loss: 5.541222095489502
Epoch: 9925, Loss: 5.568096160888672
Epoch: 9926, Loss: 5.587367534637451
Epoch: 9927, Loss: 5.510724067687988
Epoch: 9928, Loss: 5.4755449295043945
Epoch: 9929, Loss: 5.5923566818237305
Epoch: 9930, Loss: 5.547033309936523
Test acc: 0.1577, IC acc: 0.0033, IC acc2: 0.0009, IW acc: 0.6146
Epoch: 9931, Loss: 5.578251361846924
Epoch: 9932, Loss: 5.573085784912109
Epoch: 9933, Loss: 5.551044464111328
Epoch: 9934, Loss: 5.507998466491699
Epoch: 9935, Loss: 5.590698719024658
Epoch: 9936, Loss: 5.53367280960083
Epoch: 9937, Loss: 5.639887809753418
Epoch: 9938, Loss: 5.5687994956970215
Epoch: 9939, Loss: 5.59101676940918
Epoch: 9940, Loss: 5.632232666015625
Test acc: 0.158, IC acc: 0.0033, IC acc2: 0.0009, IW acc: 0.615
Epoch: 9941, Loss: 5.546393394470215
Epoch: 9942, Loss: 5.564922332763672
Epoch: 9943, Loss: 5.544313430786133
Epoch: 9944, Loss: 5.628384113311768
Epoch: 9945, Loss: 5.56098747253418
Epoch: 9946, Loss: 5.5846405029296875
Epoch: 9947, Loss: 5.624126434326172
Epoch: 9948, Loss: 5.612751007080078
Epoch: 9949, Loss: 5.529106140136719
./circuit_plots/Unrestricted Disentangled|Readout|CN=0|B0=2|B1=3|K=1280|L=320|p_B=0.75|p_C=0.75|B=2|eps=0|e6550d4e-6d1e-4f62-89ea-caa9422ff06f/ already exists.
./circuit_plots/Unrestricted Disentangled|Readout|CN=0|B0=2|B1=3|K=1280|L=320|p_B=0.75|p_C=0.75|B=2|eps=0|e6550d4e-6d1e-4f62-89ea-caa9422ff06f/ already exists.
./circuit_plots/Unrestricted Disentangled|Readout|CN=0|B0=2|B1=3|K=1280|L=320|p_B=0.75|p_C=0.75|B=2|eps=0|e6550d4e-6d1e-4f62-89ea-caa9422ff06f/ already exists.
./circuit_plots/Unrestricted Disentangled|Readout|CN=0|B0=2|B1=3|K=1280|L=320|p_B=0.75|p_C=0.75|B=2|eps=0|e6550d4e-6d1e-4f62-89ea-caa9422ff06f/ already exists.
./circuit_plots/Unrestricted Disentangled|Readout|CN=0|B0=2|B1=3|K=1280|L=320|p_B=0.75|p_C=0.75|B=2|eps=0|e6550d4e-6d1e-4f62-89ea-caa9422ff06f/ already exists.
./circuit_plots/Unrestricted Disentangled|Readout|CN=0|B0=2|B1=3|K=1280|L=320|p_B=0.75|p_C=0.75|B=2|eps=0|e6550d4e-6d1e-4f62-89ea-caa9422ff06f/ already exists.
./circuit_plots/Unrestricted Disentangled|Readout|CN=0|B0=2|B1=3|K=1280|L=320|p_B=0.75|p_C=0.75|B=2|eps=0|e6550d4e-6d1e-4f62-89ea-caa9422ff06f/ already exists.
Epoch: 9950, Loss: 5.590226173400879
Test acc: 0.1582, IC acc: 0.0033, IC acc2: 0.0009, IW acc: 0.6158
Epoch: 9951, Loss: 5.441330432891846
Epoch: 9952, Loss: 5.535725116729736
Epoch: 9953, Loss: 5.591180801391602
Epoch: 9954, Loss: 5.478148460388184
Epoch: 9955, Loss: 5.595645427703857
Epoch: 9956, Loss: 5.590246200561523
Epoch: 9957, Loss: 5.53593635559082
Epoch: 9958, Loss: 5.619899749755859
Epoch: 9959, Loss: 5.546473503112793
Epoch: 9960, Loss: 5.593451499938965
Test acc: 0.1583, IC acc: 0.0033, IC acc2: 0.0009, IW acc: 0.616
Epoch: 9961, Loss: 5.479403495788574
Epoch: 9962, Loss: 5.583575248718262
Epoch: 9963, Loss: 5.536214351654053
Epoch: 9964, Loss: 5.617252349853516
Epoch: 9965, Loss: 5.617886543273926
Epoch: 9966, Loss: 5.564968109130859
Epoch: 9967, Loss: 5.5725297927856445
Epoch: 9968, Loss: 5.527065277099609
Epoch: 9969, Loss: 5.57321310043335
Epoch: 9970, Loss: 5.557292938232422
Test acc: 0.1583, IC acc: 0.0033, IC acc2: 0.0009, IW acc: 0.6167
Epoch: 9971, Loss: 5.602599143981934
Epoch: 9972, Loss: 5.582418441772461
Epoch: 9973, Loss: 5.511792182922363
Epoch: 9974, Loss: 5.483724594116211
Epoch: 9975, Loss: 5.511116981506348
Epoch: 9976, Loss: 5.516119480133057
Epoch: 9977, Loss: 5.621799468994141
Epoch: 9978, Loss: 5.526047706604004
Epoch: 9979, Loss: 5.517404556274414
Epoch: 9980, Loss: 5.625903606414795
Test acc: 0.1583, IC acc: 0.0033, IC acc2: 0.0009, IW acc: 0.616
Epoch: 9981, Loss: 5.57668399810791
Epoch: 9982, Loss: 5.536076545715332
Epoch: 9983, Loss: 5.63186502456665
Epoch: 9984, Loss: 5.517400741577148
Epoch: 9985, Loss: 5.586889266967773
Epoch: 9986, Loss: 5.535494327545166
Epoch: 9987, Loss: 5.543735504150391
Epoch: 9988, Loss: 5.565969944000244
Epoch: 9989, Loss: 5.5433855056762695
Epoch: 9990, Loss: 5.542344093322754
Test acc: 0.1583, IC acc: 0.0033, IC acc2: 0.0009, IW acc: 0.6167
Epoch: 9991, Loss: 5.522917747497559
Epoch: 9992, Loss: 5.675782203674316
Epoch: 9993, Loss: 5.557426452636719
Epoch: 9994, Loss: 5.573000907897949
Epoch: 9995, Loss: 5.480757713317871
Epoch: 9996, Loss: 5.613173484802246
Epoch: 9997, Loss: 5.57917594909668
Epoch: 9998, Loss: 5.531349182128906
Epoch: 9999, Loss: 5.559996604919434
