NOT USING MLP
RestrictedDisentangledTransformer(
  (transformer_block_0): DisentangledTransformerBlock(
    (causal_block): DisentangledCausalAttention(
      (W_QK): Linear(in_features=80, out_features=80, bias=False)
      (W_V): Linear(in_features=80, out_features=80, bias=False)
    )
  )
  (transformer_block_1): DisentangledTransformerBlock(
    (causal_block): DisentangledCausalAttention(
      (W_QK): Linear(in_features=160, out_features=160, bias=False)
      (W_V): Linear(in_features=160, out_features=160, bias=False)
    )
  )
  (W_O): Linear(in_features=320, out_features=320, bias=True)
  (mlp): Readout()
)
Running experiment Unrestricted Disentangled|Readout|CN=0|B0=2|B1=2|K=1280|L=320|p_B=0.75|p_C=0.75|B=2|eps=0|95cf655c-5fe1-41ee-b5c6-acd2a4761507
./circuit_plots/Unrestricted Disentangled|Readout|CN=0|B0=2|B1=2|K=1280|L=320|p_B=0.75|p_C=0.75|B=2|eps=0|95cf655c-5fe1-41ee-b5c6-acd2a4761507/ already exists.
./circuit_plots/Unrestricted Disentangled|Readout|CN=0|B0=2|B1=2|K=1280|L=320|p_B=0.75|p_C=0.75|B=2|eps=0|95cf655c-5fe1-41ee-b5c6-acd2a4761507/ already exists.
Epoch: 0, Loss: 5.750648498535156
Test acc: 0.0017, IC acc: 0.0038, IC acc2: 0.0029, IW acc: 0.0031
Epoch: 1, Loss: 5.803150653839111
Epoch: 2, Loss: 5.792206764221191
Epoch: 3, Loss: 5.7597808837890625
Epoch: 4, Loss: 5.817096710205078
Epoch: 5, Loss: 5.800941467285156
Epoch: 6, Loss: 5.84438943862915
Epoch: 7, Loss: 5.824710845947266
Epoch: 8, Loss: 5.827711582183838
Epoch: 9, Loss: 5.799545764923096
Epoch: 10, Loss: 5.8001251220703125
Test acc: 0.0017, IC acc: 0.0045, IC acc2: 0.0029, IW acc: 0.0031
Epoch: 11, Loss: 5.8146867752075195
Epoch: 12, Loss: 5.7925615310668945
Epoch: 13, Loss: 5.838808059692383
Epoch: 14, Loss: 5.764565467834473
Epoch: 15, Loss: 5.774523735046387
Epoch: 16, Loss: 5.790452480316162
Epoch: 17, Loss: 5.813066482543945
Epoch: 18, Loss: 5.831913471221924
Epoch: 19, Loss: 5.801363945007324
Epoch: 20, Loss: 5.799706935882568
Test acc: 0.0017, IC acc: 0.0038, IC acc2: 0.0029, IW acc: 0.0031
Epoch: 21, Loss: 5.773375511169434
Epoch: 22, Loss: 5.797700881958008
Epoch: 23, Loss: 5.816890239715576
Epoch: 24, Loss: 5.774999618530273
Epoch: 25, Loss: 5.842327117919922
Epoch: 26, Loss: 5.835736274719238
Epoch: 27, Loss: 5.811278343200684
Epoch: 28, Loss: 5.8174943923950195
Epoch: 29, Loss: 5.780745506286621
Epoch: 30, Loss: 5.805559158325195
Test acc: 0.0017, IC acc: 0.0038, IC acc2: 0.0029, IW acc: 0.0031
Epoch: 31, Loss: 5.814281463623047
Epoch: 32, Loss: 5.774592399597168
Epoch: 33, Loss: 5.802828788757324
Epoch: 34, Loss: 5.824098587036133
Epoch: 35, Loss: 5.838477611541748
Epoch: 36, Loss: 5.787781715393066
Epoch: 37, Loss: 5.786709785461426
Epoch: 38, Loss: 5.784746170043945
Epoch: 39, Loss: 5.8237409591674805
Epoch: 40, Loss: 5.80949592590332
Test acc: 0.0017, IC acc: 0.0038, IC acc2: 0.0029, IW acc: 0.0031
Epoch: 41, Loss: 5.8090314865112305
Epoch: 42, Loss: 5.789389610290527
Epoch: 43, Loss: 5.815462589263916
Epoch: 44, Loss: 5.788248538970947
Epoch: 45, Loss: 5.779579162597656
Epoch: 46, Loss: 5.753992557525635
Epoch: 47, Loss: 5.804254055023193
Epoch: 48, Loss: 5.755734443664551
Epoch: 49, Loss: 5.779595375061035
./circuit_plots/Unrestricted Disentangled|Readout|CN=0|B0=2|B1=2|K=1280|L=320|p_B=0.75|p_C=0.75|B=2|eps=0|95cf655c-5fe1-41ee-b5c6-acd2a4761507/ already exists.
./circuit_plots/Unrestricted Disentangled|Readout|CN=0|B0=2|B1=2|K=1280|L=320|p_B=0.75|p_C=0.75|B=2|eps=0|95cf655c-5fe1-41ee-b5c6-acd2a4761507/ already exists.
./circuit_plots/Unrestricted Disentangled|Readout|CN=0|B0=2|B1=2|K=1280|L=320|p_B=0.75|p_C=0.75|B=2|eps=0|95cf655c-5fe1-41ee-b5c6-acd2a4761507/ already exists.
./circuit_plots/Unrestricted Disentangled|Readout|CN=0|B0=2|B1=2|K=1280|L=320|p_B=0.75|p_C=0.75|B=2|eps=0|95cf655c-5fe1-41ee-b5c6-acd2a4761507/ already exists.
./circuit_plots/Unrestricted Disentangled|Readout|CN=0|B0=2|B1=2|K=1280|L=320|p_B=0.75|p_C=0.75|B=2|eps=0|95cf655c-5fe1-41ee-b5c6-acd2a4761507/ already exists.
./circuit_plots/Unrestricted Disentangled|Readout|CN=0|B0=2|B1=2|K=1280|L=320|p_B=0.75|p_C=0.75|B=2|eps=0|95cf655c-5fe1-41ee-b5c6-acd2a4761507/ already exists.
./circuit_plots/Unrestricted Disentangled|Readout|CN=0|B0=2|B1=2|K=1280|L=320|p_B=0.75|p_C=0.75|B=2|eps=0|95cf655c-5fe1-41ee-b5c6-acd2a4761507/ already exists.
Epoch: 50, Loss: 5.807587623596191
Test acc: 0.0017, IC acc: 0.0038, IC acc2: 0.0029, IW acc: 0.0039
Epoch: 51, Loss: 5.806910514831543
Epoch: 52, Loss: 5.781707286834717
Epoch: 53, Loss: 5.7968549728393555
Epoch: 54, Loss: 5.772665977478027
Epoch: 55, Loss: 5.798720359802246
Epoch: 56, Loss: 5.807059288024902
Epoch: 57, Loss: 5.772375583648682
Epoch: 58, Loss: 5.8202972412109375
Epoch: 59, Loss: 5.793487548828125
Epoch: 60, Loss: 5.828376770019531
Test acc: 0.0017, IC acc: 0.0045, IC acc2: 0.0029, IW acc: 0.0039
Epoch: 61, Loss: 5.765305519104004
Epoch: 62, Loss: 5.8117828369140625
Epoch: 63, Loss: 5.764644622802734
Epoch: 64, Loss: 5.791355133056641
Epoch: 65, Loss: 5.802603721618652
Epoch: 66, Loss: 5.828369140625
Epoch: 67, Loss: 5.828393459320068
Epoch: 68, Loss: 5.80352258682251
Epoch: 69, Loss: 5.817938804626465
Epoch: 70, Loss: 5.792525291442871
Test acc: 0.0018, IC acc: 0.0045, IC acc2: 0.0029, IW acc: 0.0037
Epoch: 71, Loss: 5.793179512023926
Epoch: 72, Loss: 5.755038738250732
Epoch: 73, Loss: 5.753979682922363
Epoch: 74, Loss: 5.822978973388672
Epoch: 75, Loss: 5.788651466369629
Epoch: 76, Loss: 5.812230110168457
Epoch: 77, Loss: 5.829625606536865
Epoch: 78, Loss: 5.7763872146606445
Epoch: 79, Loss: 5.810192584991455
Epoch: 80, Loss: 5.749754428863525
Test acc: 0.0019, IC acc: 0.0045, IC acc2: 0.0029, IW acc: 0.0052
Epoch: 81, Loss: 5.832301139831543
Epoch: 82, Loss: 5.78366756439209
Epoch: 83, Loss: 5.8143815994262695
Epoch: 84, Loss: 5.8092803955078125
Epoch: 85, Loss: 5.813112258911133
Epoch: 86, Loss: 5.830643653869629
Epoch: 87, Loss: 5.766918182373047
Epoch: 88, Loss: 5.776010513305664
Epoch: 89, Loss: 5.799661636352539
Epoch: 90, Loss: 5.812905311584473
Test acc: 0.0019, IC acc: 0.0045, IC acc2: 0.0029, IW acc: 0.0052
Epoch: 91, Loss: 5.8209710121154785
Epoch: 92, Loss: 5.7461113929748535
Epoch: 93, Loss: 5.844551086425781
Epoch: 94, Loss: 5.780664920806885
Epoch: 95, Loss: 5.771740913391113
Epoch: 96, Loss: 5.820355415344238
Epoch: 97, Loss: 5.769421577453613
Epoch: 98, Loss: 5.813182830810547
Epoch: 99, Loss: 5.8331780433654785
./circuit_plots/Unrestricted Disentangled|Readout|CN=0|B0=2|B1=2|K=1280|L=320|p_B=0.75|p_C=0.75|B=2|eps=0|95cf655c-5fe1-41ee-b5c6-acd2a4761507/ already exists.
./circuit_plots/Unrestricted Disentangled|Readout|CN=0|B0=2|B1=2|K=1280|L=320|p_B=0.75|p_C=0.75|B=2|eps=0|95cf655c-5fe1-41ee-b5c6-acd2a4761507/ already exists.
./circuit_plots/Unrestricted Disentangled|Readout|CN=0|B0=2|B1=2|K=1280|L=320|p_B=0.75|p_C=0.75|B=2|eps=0|95cf655c-5fe1-41ee-b5c6-acd2a4761507/ already exists.
./circuit_plots/Unrestricted Disentangled|Readout|CN=0|B0=2|B1=2|K=1280|L=320|p_B=0.75|p_C=0.75|B=2|eps=0|95cf655c-5fe1-41ee-b5c6-acd2a4761507/ already exists.
./circuit_plots/Unrestricted Disentangled|Readout|CN=0|B0=2|B1=2|K=1280|L=320|p_B=0.75|p_C=0.75|B=2|eps=0|95cf655c-5fe1-41ee-b5c6-acd2a4761507/ already exists.
./circuit_plots/Unrestricted Disentangled|Readout|CN=0|B0=2|B1=2|K=1280|L=320|p_B=0.75|p_C=0.75|B=2|eps=0|95cf655c-5fe1-41ee-b5c6-acd2a4761507/ already exists.
./circuit_plots/Unrestricted Disentangled|Readout|CN=0|B0=2|B1=2|K=1280|L=320|p_B=0.75|p_C=0.75|B=2|eps=0|95cf655c-5fe1-41ee-b5c6-acd2a4761507/ already exists.
Epoch: 100, Loss: 5.831443786621094
Test acc: 0.0019, IC acc: 0.0038, IC acc2: 0.0029, IW acc: 0.0052
Epoch: 101, Loss: 5.796544551849365
Epoch: 102, Loss: 5.793849945068359
Epoch: 103, Loss: 5.771727561950684
Epoch: 104, Loss: 5.863437652587891
Epoch: 105, Loss: 5.81324577331543
Epoch: 106, Loss: 5.799306392669678
Epoch: 107, Loss: 5.7960100173950195
Epoch: 108, Loss: 5.790259838104248
Epoch: 109, Loss: 5.779149055480957
Epoch: 110, Loss: 5.801604747772217
Test acc: 0.0019, IC acc: 0.0045, IC acc2: 0.0029, IW acc: 0.0052
Epoch: 111, Loss: 5.803640365600586
Epoch: 112, Loss: 5.840087413787842
Epoch: 113, Loss: 5.772902965545654
Epoch: 114, Loss: 5.810089588165283
Epoch: 115, Loss: 5.819374084472656
Epoch: 116, Loss: 5.741568088531494
Epoch: 117, Loss: 5.795053482055664
Epoch: 118, Loss: 5.826088905334473
Epoch: 119, Loss: 5.791872024536133
Epoch: 120, Loss: 5.779463768005371
Test acc: 0.0018, IC acc: 0.0045, IC acc2: 0.0029, IW acc: 0.0045
Epoch: 121, Loss: 5.824062347412109
Epoch: 122, Loss: 5.850935935974121
Epoch: 123, Loss: 5.823444366455078
Epoch: 124, Loss: 5.765416622161865
Epoch: 125, Loss: 5.793018341064453
Epoch: 126, Loss: 5.79558801651001
Epoch: 127, Loss: 5.8218255043029785
Epoch: 128, Loss: 5.801241874694824
Epoch: 129, Loss: 5.778154373168945
Epoch: 130, Loss: 5.802940368652344
Test acc: 0.0018, IC acc: 0.0045, IC acc2: 0.0029, IW acc: 0.0045
Epoch: 131, Loss: 5.806072235107422
Epoch: 132, Loss: 5.830252647399902
Epoch: 133, Loss: 5.801438808441162
Epoch: 134, Loss: 5.803354740142822
Epoch: 135, Loss: 5.80499267578125
Epoch: 136, Loss: 5.831797122955322
Epoch: 137, Loss: 5.813831329345703
Epoch: 138, Loss: 5.857172012329102
Epoch: 139, Loss: 5.795070648193359
Epoch: 140, Loss: 5.828342914581299
Test acc: 0.0018, IC acc: 0.0045, IC acc2: 0.0029, IW acc: 0.0045
Epoch: 141, Loss: 5.774012088775635
Epoch: 142, Loss: 5.767608165740967
Epoch: 143, Loss: 5.8307037353515625
Epoch: 144, Loss: 5.774147987365723
Epoch: 145, Loss: 5.755448341369629
Epoch: 146, Loss: 5.823478698730469
Epoch: 147, Loss: 5.793664932250977
Epoch: 148, Loss: 5.783620834350586
Epoch: 149, Loss: 5.773444652557373
./circuit_plots/Unrestricted Disentangled|Readout|CN=0|B0=2|B1=2|K=1280|L=320|p_B=0.75|p_C=0.75|B=2|eps=0|95cf655c-5fe1-41ee-b5c6-acd2a4761507/ already exists.
./circuit_plots/Unrestricted Disentangled|Readout|CN=0|B0=2|B1=2|K=1280|L=320|p_B=0.75|p_C=0.75|B=2|eps=0|95cf655c-5fe1-41ee-b5c6-acd2a4761507/ already exists.
./circuit_plots/Unrestricted Disentangled|Readout|CN=0|B0=2|B1=2|K=1280|L=320|p_B=0.75|p_C=0.75|B=2|eps=0|95cf655c-5fe1-41ee-b5c6-acd2a4761507/ already exists.
./circuit_plots/Unrestricted Disentangled|Readout|CN=0|B0=2|B1=2|K=1280|L=320|p_B=0.75|p_C=0.75|B=2|eps=0|95cf655c-5fe1-41ee-b5c6-acd2a4761507/ already exists.
./circuit_plots/Unrestricted Disentangled|Readout|CN=0|B0=2|B1=2|K=1280|L=320|p_B=0.75|p_C=0.75|B=2|eps=0|95cf655c-5fe1-41ee-b5c6-acd2a4761507/ already exists.
./circuit_plots/Unrestricted Disentangled|Readout|CN=0|B0=2|B1=2|K=1280|L=320|p_B=0.75|p_C=0.75|B=2|eps=0|95cf655c-5fe1-41ee-b5c6-acd2a4761507/ already exists.
./circuit_plots/Unrestricted Disentangled|Readout|CN=0|B0=2|B1=2|K=1280|L=320|p_B=0.75|p_C=0.75|B=2|eps=0|95cf655c-5fe1-41ee-b5c6-acd2a4761507/ already exists.
Epoch: 150, Loss: 5.771663665771484
Test acc: 0.0019, IC acc: 0.0045, IC acc2: 0.0029, IW acc: 0.0052
Epoch: 151, Loss: 5.801632881164551
Epoch: 152, Loss: 5.821193695068359
Epoch: 153, Loss: 5.842291355133057
Epoch: 154, Loss: 5.756996154785156
Epoch: 155, Loss: 5.792553901672363
Epoch: 156, Loss: 5.796289443969727
Epoch: 157, Loss: 5.836997032165527
Epoch: 158, Loss: 5.767892837524414
Epoch: 159, Loss: 5.84368896484375
Epoch: 160, Loss: 5.785850524902344
Test acc: 0.0019, IC acc: 0.0045, IC acc2: 0.0029, IW acc: 0.0052
Epoch: 161, Loss: 5.8365797996521
Epoch: 162, Loss: 5.793061256408691
Epoch: 163, Loss: 5.846181392669678
Epoch: 164, Loss: 5.802132606506348
Epoch: 165, Loss: 5.8193864822387695
Epoch: 166, Loss: 5.764675617218018
Epoch: 167, Loss: 5.776264190673828
Epoch: 168, Loss: 5.8039093017578125
Epoch: 169, Loss: 5.804032325744629
Epoch: 170, Loss: 5.799254417419434
Test acc: 0.0019, IC acc: 0.0045, IC acc2: 0.0029, IW acc: 0.0052
Epoch: 171, Loss: 5.786222457885742
Epoch: 172, Loss: 5.816303730010986
Epoch: 173, Loss: 5.775650978088379
Epoch: 174, Loss: 5.794198989868164
Epoch: 175, Loss: 5.805749893188477
Epoch: 176, Loss: 5.80833625793457
Epoch: 177, Loss: 5.8079304695129395
Epoch: 178, Loss: 5.813400745391846
Epoch: 179, Loss: 5.796111106872559
Epoch: 180, Loss: 5.801809310913086
Test acc: 0.0019, IC acc: 0.0045, IC acc2: 0.0029, IW acc: 0.0052
Epoch: 181, Loss: 5.814751625061035
Epoch: 182, Loss: 5.788918495178223
Epoch: 183, Loss: 5.823005199432373
Epoch: 184, Loss: 5.776707649230957
Epoch: 185, Loss: 5.798383712768555
Epoch: 186, Loss: 5.827364921569824
Epoch: 187, Loss: 5.776811122894287
Epoch: 188, Loss: 5.748260498046875
Epoch: 189, Loss: 5.761512279510498
Epoch: 190, Loss: 5.791337013244629
Test acc: 0.0019, IC acc: 0.0045, IC acc2: 0.0029, IW acc: 0.0052
Epoch: 191, Loss: 5.78887939453125
Epoch: 192, Loss: 5.832943439483643
Epoch: 193, Loss: 5.778246879577637
Epoch: 194, Loss: 5.790607452392578
Epoch: 195, Loss: 5.786308765411377
Epoch: 196, Loss: 5.8110432624816895
Epoch: 197, Loss: 5.824846267700195
Epoch: 198, Loss: 5.806386947631836
Epoch: 199, Loss: 5.778895378112793
./circuit_plots/Unrestricted Disentangled|Readout|CN=0|B0=2|B1=2|K=1280|L=320|p_B=0.75|p_C=0.75|B=2|eps=0|95cf655c-5fe1-41ee-b5c6-acd2a4761507/ already exists.
./circuit_plots/Unrestricted Disentangled|Readout|CN=0|B0=2|B1=2|K=1280|L=320|p_B=0.75|p_C=0.75|B=2|eps=0|95cf655c-5fe1-41ee-b5c6-acd2a4761507/ already exists.
./circuit_plots/Unrestricted Disentangled|Readout|CN=0|B0=2|B1=2|K=1280|L=320|p_B=0.75|p_C=0.75|B=2|eps=0|95cf655c-5fe1-41ee-b5c6-acd2a4761507/ already exists.
./circuit_plots/Unrestricted Disentangled|Readout|CN=0|B0=2|B1=2|K=1280|L=320|p_B=0.75|p_C=0.75|B=2|eps=0|95cf655c-5fe1-41ee-b5c6-acd2a4761507/ already exists.
./circuit_plots/Unrestricted Disentangled|Readout|CN=0|B0=2|B1=2|K=1280|L=320|p_B=0.75|p_C=0.75|B=2|eps=0|95cf655c-5fe1-41ee-b5c6-acd2a4761507/ already exists.
./circuit_plots/Unrestricted Disentangled|Readout|CN=0|B0=2|B1=2|K=1280|L=320|p_B=0.75|p_C=0.75|B=2|eps=0|95cf655c-5fe1-41ee-b5c6-acd2a4761507/ already exists.
./circuit_plots/Unrestricted Disentangled|Readout|CN=0|B0=2|B1=2|K=1280|L=320|p_B=0.75|p_C=0.75|B=2|eps=0|95cf655c-5fe1-41ee-b5c6-acd2a4761507/ already exists.
Epoch: 200, Loss: 5.810281753540039
Test acc: 0.0019, IC acc: 0.0045, IC acc2: 0.0029, IW acc: 0.0052
Epoch: 201, Loss: 5.821697235107422
Epoch: 202, Loss: 5.813263893127441
Epoch: 203, Loss: 5.806196212768555
Epoch: 204, Loss: 5.812160491943359
Epoch: 205, Loss: 5.7717671394348145
Epoch: 206, Loss: 5.764998435974121
Epoch: 207, Loss: 5.791815757751465
Epoch: 208, Loss: 5.760651588439941
Epoch: 209, Loss: 5.790545463562012
Epoch: 210, Loss: 5.743642807006836
Test acc: 0.0019, IC acc: 0.0045, IC acc2: 0.0029, IW acc: 0.0052
Epoch: 211, Loss: 5.822423458099365
Epoch: 212, Loss: 5.845009803771973
Epoch: 213, Loss: 5.806924819946289
Epoch: 214, Loss: 5.7774457931518555
Epoch: 215, Loss: 5.857872486114502
Epoch: 216, Loss: 5.7858476638793945
Epoch: 217, Loss: 5.771430015563965
Epoch: 218, Loss: 5.754999160766602
Epoch: 219, Loss: 5.8240766525268555
Epoch: 220, Loss: 5.802162170410156
Test acc: 0.0019, IC acc: 0.0041, IC acc2: 0.0029, IW acc: 0.0052
Epoch: 221, Loss: 5.767234802246094
Epoch: 222, Loss: 5.806090354919434
Epoch: 223, Loss: 5.810790061950684
Epoch: 224, Loss: 5.8463215827941895
Epoch: 225, Loss: 5.871611595153809
Epoch: 226, Loss: 5.839141845703125
Epoch: 227, Loss: 5.839249610900879
Epoch: 228, Loss: 5.817878723144531
Epoch: 229, Loss: 5.83257532119751
Epoch: 230, Loss: 5.830256462097168
Test acc: 0.0019, IC acc: 0.0041, IC acc2: 0.0029, IW acc: 0.0052
Epoch: 231, Loss: 5.771178245544434
Epoch: 232, Loss: 5.7322611808776855
Epoch: 233, Loss: 5.795836448669434
Epoch: 234, Loss: 5.795999050140381
Epoch: 235, Loss: 5.758515357971191
Epoch: 236, Loss: 5.788780212402344
Epoch: 237, Loss: 5.807580947875977
Epoch: 238, Loss: 5.828990459442139
Epoch: 239, Loss: 5.754518032073975
Epoch: 240, Loss: 5.847135066986084
Test acc: 0.0019, IC acc: 0.0041, IC acc2: 0.0029, IW acc: 0.0052
Epoch: 241, Loss: 5.787432670593262
Epoch: 242, Loss: 5.776657581329346
Epoch: 243, Loss: 5.813076019287109
Epoch: 244, Loss: 5.799574851989746
Epoch: 245, Loss: 5.811493873596191
Epoch: 246, Loss: 5.772806167602539
Epoch: 247, Loss: 5.8353166580200195
Epoch: 248, Loss: 5.779043674468994
Epoch: 249, Loss: 5.788778305053711
./circuit_plots/Unrestricted Disentangled|Readout|CN=0|B0=2|B1=2|K=1280|L=320|p_B=0.75|p_C=0.75|B=2|eps=0|95cf655c-5fe1-41ee-b5c6-acd2a4761507/ already exists.
./circuit_plots/Unrestricted Disentangled|Readout|CN=0|B0=2|B1=2|K=1280|L=320|p_B=0.75|p_C=0.75|B=2|eps=0|95cf655c-5fe1-41ee-b5c6-acd2a4761507/ already exists.
./circuit_plots/Unrestricted Disentangled|Readout|CN=0|B0=2|B1=2|K=1280|L=320|p_B=0.75|p_C=0.75|B=2|eps=0|95cf655c-5fe1-41ee-b5c6-acd2a4761507/ already exists.
./circuit_plots/Unrestricted Disentangled|Readout|CN=0|B0=2|B1=2|K=1280|L=320|p_B=0.75|p_C=0.75|B=2|eps=0|95cf655c-5fe1-41ee-b5c6-acd2a4761507/ already exists.
./circuit_plots/Unrestricted Disentangled|Readout|CN=0|B0=2|B1=2|K=1280|L=320|p_B=0.75|p_C=0.75|B=2|eps=0|95cf655c-5fe1-41ee-b5c6-acd2a4761507/ already exists.
./circuit_plots/Unrestricted Disentangled|Readout|CN=0|B0=2|B1=2|K=1280|L=320|p_B=0.75|p_C=0.75|B=2|eps=0|95cf655c-5fe1-41ee-b5c6-acd2a4761507/ already exists.
./circuit_plots/Unrestricted Disentangled|Readout|CN=0|B0=2|B1=2|K=1280|L=320|p_B=0.75|p_C=0.75|B=2|eps=0|95cf655c-5fe1-41ee-b5c6-acd2a4761507/ already exists.
Epoch: 250, Loss: 5.7948503494262695
Test acc: 0.0019, IC acc: 0.0041, IC acc2: 0.0029, IW acc: 0.0052
Epoch: 251, Loss: 5.816167831420898
Epoch: 252, Loss: 5.839400291442871
Epoch: 253, Loss: 5.829458236694336
Epoch: 254, Loss: 5.8257951736450195
Epoch: 255, Loss: 5.772662162780762
Epoch: 256, Loss: 5.790094375610352
Epoch: 257, Loss: 5.772316932678223
Epoch: 258, Loss: 5.786810398101807
Epoch: 259, Loss: 5.795827865600586
Epoch: 260, Loss: 5.795769691467285
Test acc: 0.0019, IC acc: 0.0041, IC acc2: 0.0029, IW acc: 0.0052
Epoch: 261, Loss: 5.767637252807617
Epoch: 262, Loss: 5.814419746398926
Epoch: 263, Loss: 5.796255111694336
Epoch: 264, Loss: 5.813282012939453
Epoch: 265, Loss: 5.801604270935059
Epoch: 266, Loss: 5.797607898712158
Epoch: 267, Loss: 5.775516510009766
Epoch: 268, Loss: 5.80034875869751
Epoch: 269, Loss: 5.815473556518555
Epoch: 270, Loss: 5.829527854919434
Test acc: 0.0019, IC acc: 0.0041, IC acc2: 0.0029, IW acc: 0.0052
Epoch: 271, Loss: 5.818603038787842
Epoch: 272, Loss: 5.814234733581543
Epoch: 273, Loss: 5.758333683013916
Epoch: 274, Loss: 5.8140459060668945
Epoch: 275, Loss: 5.804593563079834
Epoch: 276, Loss: 5.811424732208252
Epoch: 277, Loss: 5.808685779571533
Epoch: 278, Loss: 5.7593183517456055
Epoch: 279, Loss: 5.816561222076416
Epoch: 280, Loss: 5.797858715057373
Test acc: 0.0019, IC acc: 0.0041, IC acc2: 0.0029, IW acc: 0.0052
Epoch: 281, Loss: 5.806909084320068
Epoch: 282, Loss: 5.765028476715088
Epoch: 283, Loss: 5.828973770141602
Epoch: 284, Loss: 5.82772159576416
Epoch: 285, Loss: 5.790886878967285
Epoch: 286, Loss: 5.825783729553223
Epoch: 287, Loss: 5.7741241455078125
Epoch: 288, Loss: 5.818267822265625
Epoch: 289, Loss: 5.777456760406494
Epoch: 290, Loss: 5.77365779876709
Test acc: 0.0019, IC acc: 0.0041, IC acc2: 0.0029, IW acc: 0.0052
Epoch: 291, Loss: 5.763149261474609
Epoch: 292, Loss: 5.807744026184082
Epoch: 293, Loss: 5.799330234527588
Epoch: 294, Loss: 5.7806010246276855
Epoch: 295, Loss: 5.8098859786987305
Epoch: 296, Loss: 5.821353912353516
Epoch: 297, Loss: 5.787248134613037
Epoch: 298, Loss: 5.784651756286621
Epoch: 299, Loss: 5.8486785888671875
./circuit_plots/Unrestricted Disentangled|Readout|CN=0|B0=2|B1=2|K=1280|L=320|p_B=0.75|p_C=0.75|B=2|eps=0|95cf655c-5fe1-41ee-b5c6-acd2a4761507/ already exists.
./circuit_plots/Unrestricted Disentangled|Readout|CN=0|B0=2|B1=2|K=1280|L=320|p_B=0.75|p_C=0.75|B=2|eps=0|95cf655c-5fe1-41ee-b5c6-acd2a4761507/ already exists.
./circuit_plots/Unrestricted Disentangled|Readout|CN=0|B0=2|B1=2|K=1280|L=320|p_B=0.75|p_C=0.75|B=2|eps=0|95cf655c-5fe1-41ee-b5c6-acd2a4761507/ already exists.
./circuit_plots/Unrestricted Disentangled|Readout|CN=0|B0=2|B1=2|K=1280|L=320|p_B=0.75|p_C=0.75|B=2|eps=0|95cf655c-5fe1-41ee-b5c6-acd2a4761507/ already exists.
./circuit_plots/Unrestricted Disentangled|Readout|CN=0|B0=2|B1=2|K=1280|L=320|p_B=0.75|p_C=0.75|B=2|eps=0|95cf655c-5fe1-41ee-b5c6-acd2a4761507/ already exists.
./circuit_plots/Unrestricted Disentangled|Readout|CN=0|B0=2|B1=2|K=1280|L=320|p_B=0.75|p_C=0.75|B=2|eps=0|95cf655c-5fe1-41ee-b5c6-acd2a4761507/ already exists.
./circuit_plots/Unrestricted Disentangled|Readout|CN=0|B0=2|B1=2|K=1280|L=320|p_B=0.75|p_C=0.75|B=2|eps=0|95cf655c-5fe1-41ee-b5c6-acd2a4761507/ already exists.
Epoch: 300, Loss: 5.820411682128906
Test acc: 0.0019, IC acc: 0.0041, IC acc2: 0.0029, IW acc: 0.0052
Epoch: 301, Loss: 5.734187126159668
Epoch: 302, Loss: 5.81394100189209
Epoch: 303, Loss: 5.764585494995117
Epoch: 304, Loss: 5.808559417724609
Epoch: 305, Loss: 5.800922393798828
Epoch: 306, Loss: 5.808576583862305
Epoch: 307, Loss: 5.863482475280762
Epoch: 308, Loss: 5.796382427215576
Epoch: 309, Loss: 5.796565532684326
Epoch: 310, Loss: 5.789367198944092
Test acc: 0.0019, IC acc: 0.0041, IC acc2: 0.0029, IW acc: 0.0052
Epoch: 311, Loss: 5.857143878936768
Epoch: 312, Loss: 5.773622989654541
Epoch: 313, Loss: 5.806093215942383
Epoch: 314, Loss: 5.817653656005859
Epoch: 315, Loss: 5.788679122924805
Epoch: 316, Loss: 5.809728145599365
Epoch: 317, Loss: 5.829765796661377
Epoch: 318, Loss: 5.793383598327637
Epoch: 319, Loss: 5.772150993347168
Epoch: 320, Loss: 5.763503551483154
Test acc: 0.0019, IC acc: 0.0041, IC acc2: 0.0029, IW acc: 0.0052
Epoch: 321, Loss: 5.779901504516602
Epoch: 322, Loss: 5.771467208862305
Epoch: 323, Loss: 5.809165954589844
Epoch: 324, Loss: 5.788120269775391
Epoch: 325, Loss: 5.775972366333008
Epoch: 326, Loss: 5.795525550842285
Epoch: 327, Loss: 5.822587966918945
Epoch: 328, Loss: 5.786786079406738
Epoch: 329, Loss: 5.844920635223389
Epoch: 330, Loss: 5.818349361419678
Test acc: 0.0019, IC acc: 0.0041, IC acc2: 0.0029, IW acc: 0.0052
Epoch: 331, Loss: 5.794246673583984
Epoch: 332, Loss: 5.776589393615723
Epoch: 333, Loss: 5.857916355133057
Epoch: 334, Loss: 5.8324689865112305
Epoch: 335, Loss: 5.7896223068237305
Epoch: 336, Loss: 5.778072834014893
Epoch: 337, Loss: 5.77891731262207
Epoch: 338, Loss: 5.832102298736572
Epoch: 339, Loss: 5.786600589752197
Epoch: 340, Loss: 5.746076583862305
Test acc: 0.0019, IC acc: 0.0041, IC acc2: 0.0029, IW acc: 0.0052
Epoch: 341, Loss: 5.861542224884033
Epoch: 342, Loss: 5.757228851318359
Epoch: 343, Loss: 5.845608711242676
Epoch: 344, Loss: 5.817076683044434
Epoch: 345, Loss: 5.812092304229736
Epoch: 346, Loss: 5.819860458374023
Epoch: 347, Loss: 5.773176670074463
Epoch: 348, Loss: 5.81644344329834
Epoch: 349, Loss: 5.7809739112854
./circuit_plots/Unrestricted Disentangled|Readout|CN=0|B0=2|B1=2|K=1280|L=320|p_B=0.75|p_C=0.75|B=2|eps=0|95cf655c-5fe1-41ee-b5c6-acd2a4761507/ already exists.
./circuit_plots/Unrestricted Disentangled|Readout|CN=0|B0=2|B1=2|K=1280|L=320|p_B=0.75|p_C=0.75|B=2|eps=0|95cf655c-5fe1-41ee-b5c6-acd2a4761507/ already exists.
./circuit_plots/Unrestricted Disentangled|Readout|CN=0|B0=2|B1=2|K=1280|L=320|p_B=0.75|p_C=0.75|B=2|eps=0|95cf655c-5fe1-41ee-b5c6-acd2a4761507/ already exists.
./circuit_plots/Unrestricted Disentangled|Readout|CN=0|B0=2|B1=2|K=1280|L=320|p_B=0.75|p_C=0.75|B=2|eps=0|95cf655c-5fe1-41ee-b5c6-acd2a4761507/ already exists.
./circuit_plots/Unrestricted Disentangled|Readout|CN=0|B0=2|B1=2|K=1280|L=320|p_B=0.75|p_C=0.75|B=2|eps=0|95cf655c-5fe1-41ee-b5c6-acd2a4761507/ already exists.
./circuit_plots/Unrestricted Disentangled|Readout|CN=0|B0=2|B1=2|K=1280|L=320|p_B=0.75|p_C=0.75|B=2|eps=0|95cf655c-5fe1-41ee-b5c6-acd2a4761507/ already exists.
./circuit_plots/Unrestricted Disentangled|Readout|CN=0|B0=2|B1=2|K=1280|L=320|p_B=0.75|p_C=0.75|B=2|eps=0|95cf655c-5fe1-41ee-b5c6-acd2a4761507/ already exists.
Epoch: 350, Loss: 5.788073539733887
Test acc: 0.0019, IC acc: 0.0041, IC acc2: 0.0029, IW acc: 0.0052
Epoch: 351, Loss: 5.831265449523926
Epoch: 352, Loss: 5.775325775146484
Epoch: 353, Loss: 5.780557155609131
Epoch: 354, Loss: 5.806920051574707
Epoch: 355, Loss: 5.79029655456543
Epoch: 356, Loss: 5.775981903076172
Epoch: 357, Loss: 5.816905975341797
Epoch: 358, Loss: 5.769974231719971
Epoch: 359, Loss: 5.828591346740723
Epoch: 360, Loss: 5.819221496582031
Test acc: 0.0019, IC acc: 0.0041, IC acc2: 0.0029, IW acc: 0.0052
Epoch: 361, Loss: 5.7630839347839355
Epoch: 362, Loss: 5.813871383666992
Epoch: 363, Loss: 5.83076286315918
Epoch: 364, Loss: 5.8316450119018555
Epoch: 365, Loss: 5.717829704284668
Epoch: 366, Loss: 5.77394962310791
Epoch: 367, Loss: 5.825757026672363
Epoch: 368, Loss: 5.7647247314453125
Epoch: 369, Loss: 5.777520656585693
Epoch: 370, Loss: 5.758795738220215
Test acc: 0.0019, IC acc: 0.0041, IC acc2: 0.0029, IW acc: 0.0052
Epoch: 371, Loss: 5.827750205993652
Epoch: 372, Loss: 5.790447235107422
Epoch: 373, Loss: 5.7728495597839355
Epoch: 374, Loss: 5.758604049682617
Epoch: 375, Loss: 5.794027805328369
Epoch: 376, Loss: 5.790975570678711
Epoch: 377, Loss: 5.76804256439209
Epoch: 378, Loss: 5.765822410583496
Epoch: 379, Loss: 5.777193069458008
Epoch: 380, Loss: 5.809579849243164
Test acc: 0.0019, IC acc: 0.0041, IC acc2: 0.0029, IW acc: 0.0052
Epoch: 381, Loss: 5.813987731933594
Epoch: 382, Loss: 5.7853312492370605
Epoch: 383, Loss: 5.796006679534912
Epoch: 384, Loss: 5.797085762023926
Epoch: 385, Loss: 5.864739418029785
Epoch: 386, Loss: 5.821578502655029
Epoch: 387, Loss: 5.776187419891357
Epoch: 388, Loss: 5.804084777832031
Epoch: 389, Loss: 5.815773963928223
Epoch: 390, Loss: 5.780651092529297
Test acc: 0.0019, IC acc: 0.0041, IC acc2: 0.0029, IW acc: 0.0052
Epoch: 391, Loss: 5.801369667053223
Epoch: 392, Loss: 5.798109531402588
Epoch: 393, Loss: 5.788572311401367
Epoch: 394, Loss: 5.735603332519531
Epoch: 395, Loss: 5.7376813888549805
Epoch: 396, Loss: 5.787791728973389
Epoch: 397, Loss: 5.807761192321777
Epoch: 398, Loss: 5.802609920501709
Epoch: 399, Loss: 5.770001411437988
./circuit_plots/Unrestricted Disentangled|Readout|CN=0|B0=2|B1=2|K=1280|L=320|p_B=0.75|p_C=0.75|B=2|eps=0|95cf655c-5fe1-41ee-b5c6-acd2a4761507/ already exists.
./circuit_plots/Unrestricted Disentangled|Readout|CN=0|B0=2|B1=2|K=1280|L=320|p_B=0.75|p_C=0.75|B=2|eps=0|95cf655c-5fe1-41ee-b5c6-acd2a4761507/ already exists.
./circuit_plots/Unrestricted Disentangled|Readout|CN=0|B0=2|B1=2|K=1280|L=320|p_B=0.75|p_C=0.75|B=2|eps=0|95cf655c-5fe1-41ee-b5c6-acd2a4761507/ already exists.
./circuit_plots/Unrestricted Disentangled|Readout|CN=0|B0=2|B1=2|K=1280|L=320|p_B=0.75|p_C=0.75|B=2|eps=0|95cf655c-5fe1-41ee-b5c6-acd2a4761507/ already exists.
./circuit_plots/Unrestricted Disentangled|Readout|CN=0|B0=2|B1=2|K=1280|L=320|p_B=0.75|p_C=0.75|B=2|eps=0|95cf655c-5fe1-41ee-b5c6-acd2a4761507/ already exists.
./circuit_plots/Unrestricted Disentangled|Readout|CN=0|B0=2|B1=2|K=1280|L=320|p_B=0.75|p_C=0.75|B=2|eps=0|95cf655c-5fe1-41ee-b5c6-acd2a4761507/ already exists.
./circuit_plots/Unrestricted Disentangled|Readout|CN=0|B0=2|B1=2|K=1280|L=320|p_B=0.75|p_C=0.75|B=2|eps=0|95cf655c-5fe1-41ee-b5c6-acd2a4761507/ already exists.
Epoch: 400, Loss: 5.7898406982421875
Test acc: 0.0019, IC acc: 0.0041, IC acc2: 0.0029, IW acc: 0.0052
Epoch: 401, Loss: 5.784156799316406
Epoch: 402, Loss: 5.818224906921387
Epoch: 403, Loss: 5.819558143615723
Epoch: 404, Loss: 5.826590538024902
Epoch: 405, Loss: 5.832907676696777
Epoch: 406, Loss: 5.773110866546631
Epoch: 407, Loss: 5.784229278564453
Epoch: 408, Loss: 5.755943298339844
Epoch: 409, Loss: 5.726778984069824
Epoch: 410, Loss: 5.798157215118408
Test acc: 0.0019, IC acc: 0.0041, IC acc2: 0.0029, IW acc: 0.0052
Epoch: 411, Loss: 5.776406288146973
Epoch: 412, Loss: 5.814171314239502
Epoch: 413, Loss: 5.824830055236816
Epoch: 414, Loss: 5.786090850830078
Epoch: 415, Loss: 5.818680286407471
Epoch: 416, Loss: 5.805042266845703
Epoch: 417, Loss: 5.807814598083496
Epoch: 418, Loss: 5.78507137298584
Epoch: 419, Loss: 5.836128234863281
Epoch: 420, Loss: 5.804372787475586
Test acc: 0.0019, IC acc: 0.0041, IC acc2: 0.0029, IW acc: 0.0052
Epoch: 421, Loss: 5.784787654876709
Epoch: 422, Loss: 5.854724884033203
Epoch: 423, Loss: 5.8146820068359375
Epoch: 424, Loss: 5.7414703369140625
Epoch: 425, Loss: 5.801628112792969
Epoch: 426, Loss: 5.789396286010742
Epoch: 427, Loss: 5.80111026763916
Epoch: 428, Loss: 5.771015167236328
Epoch: 429, Loss: 5.804266929626465
Epoch: 430, Loss: 5.803250312805176
Test acc: 0.0019, IC acc: 0.0041, IC acc2: 0.0029, IW acc: 0.0052
Epoch: 431, Loss: 5.810564041137695
Epoch: 432, Loss: 5.761266708374023
Epoch: 433, Loss: 5.821612358093262
Epoch: 434, Loss: 5.774716377258301
Epoch: 435, Loss: 5.7406206130981445
Epoch: 436, Loss: 5.823920726776123
Epoch: 437, Loss: 5.7829132080078125
Epoch: 438, Loss: 5.760169982910156
Epoch: 439, Loss: 5.768182754516602
Epoch: 440, Loss: 5.829258918762207
Test acc: 0.0019, IC acc: 0.0041, IC acc2: 0.0029, IW acc: 0.0052
Epoch: 441, Loss: 5.788529396057129
Epoch: 442, Loss: 5.802698612213135
Epoch: 443, Loss: 5.780956268310547
Epoch: 444, Loss: 5.811596870422363
Epoch: 445, Loss: 5.806704044342041
Epoch: 446, Loss: 5.808901309967041
Epoch: 447, Loss: 5.8072509765625
Epoch: 448, Loss: 5.796010971069336
Epoch: 449, Loss: 5.797579765319824
./circuit_plots/Unrestricted Disentangled|Readout|CN=0|B0=2|B1=2|K=1280|L=320|p_B=0.75|p_C=0.75|B=2|eps=0|95cf655c-5fe1-41ee-b5c6-acd2a4761507/ already exists.
./circuit_plots/Unrestricted Disentangled|Readout|CN=0|B0=2|B1=2|K=1280|L=320|p_B=0.75|p_C=0.75|B=2|eps=0|95cf655c-5fe1-41ee-b5c6-acd2a4761507/ already exists.
./circuit_plots/Unrestricted Disentangled|Readout|CN=0|B0=2|B1=2|K=1280|L=320|p_B=0.75|p_C=0.75|B=2|eps=0|95cf655c-5fe1-41ee-b5c6-acd2a4761507/ already exists.
./circuit_plots/Unrestricted Disentangled|Readout|CN=0|B0=2|B1=2|K=1280|L=320|p_B=0.75|p_C=0.75|B=2|eps=0|95cf655c-5fe1-41ee-b5c6-acd2a4761507/ already exists.
./circuit_plots/Unrestricted Disentangled|Readout|CN=0|B0=2|B1=2|K=1280|L=320|p_B=0.75|p_C=0.75|B=2|eps=0|95cf655c-5fe1-41ee-b5c6-acd2a4761507/ already exists.
./circuit_plots/Unrestricted Disentangled|Readout|CN=0|B0=2|B1=2|K=1280|L=320|p_B=0.75|p_C=0.75|B=2|eps=0|95cf655c-5fe1-41ee-b5c6-acd2a4761507/ already exists.
./circuit_plots/Unrestricted Disentangled|Readout|CN=0|B0=2|B1=2|K=1280|L=320|p_B=0.75|p_C=0.75|B=2|eps=0|95cf655c-5fe1-41ee-b5c6-acd2a4761507/ already exists.
Epoch: 450, Loss: 5.7280426025390625
Test acc: 0.0019, IC acc: 0.0041, IC acc2: 0.0029, IW acc: 0.0052
Epoch: 451, Loss: 5.749361515045166
Epoch: 452, Loss: 5.794984817504883
Epoch: 453, Loss: 5.762511253356934
Epoch: 454, Loss: 5.76802396774292
Epoch: 455, Loss: 5.805213928222656
Epoch: 456, Loss: 5.794772148132324
Epoch: 457, Loss: 5.7940897941589355
Epoch: 458, Loss: 5.778541564941406
Epoch: 459, Loss: 5.80324649810791
Epoch: 460, Loss: 5.778524398803711
Test acc: 0.0019, IC acc: 0.0041, IC acc2: 0.0029, IW acc: 0.0052
Epoch: 461, Loss: 5.8094587326049805
Epoch: 462, Loss: 5.788625717163086
Epoch: 463, Loss: 5.754403114318848
Epoch: 464, Loss: 5.81282901763916
Epoch: 465, Loss: 5.802289962768555
Epoch: 466, Loss: 5.794724464416504
Epoch: 467, Loss: 5.779068470001221
Epoch: 468, Loss: 5.799031734466553
Epoch: 469, Loss: 5.821691513061523
Epoch: 470, Loss: 5.763206481933594
Test acc: 0.0019, IC acc: 0.0041, IC acc2: 0.0029, IW acc: 0.0052
Epoch: 471, Loss: 5.766910552978516
Epoch: 472, Loss: 5.78773832321167
Epoch: 473, Loss: 5.799847602844238
Epoch: 474, Loss: 5.794939994812012
Epoch: 475, Loss: 5.790708541870117
Epoch: 476, Loss: 5.788573265075684
Epoch: 477, Loss: 5.777457237243652
Epoch: 478, Loss: 5.777504920959473
Epoch: 479, Loss: 5.783394813537598
Epoch: 480, Loss: 5.829914569854736
Test acc: 0.0019, IC acc: 0.0041, IC acc2: 0.0029, IW acc: 0.0052
Epoch: 481, Loss: 5.7717742919921875
Epoch: 482, Loss: 5.791645526885986
Epoch: 483, Loss: 5.813901424407959
Epoch: 484, Loss: 5.773977756500244
Epoch: 485, Loss: 5.77938175201416
Epoch: 486, Loss: 5.764608383178711
Epoch: 487, Loss: 5.839601516723633
Epoch: 488, Loss: 5.814403533935547
Epoch: 489, Loss: 5.771647930145264
Epoch: 490, Loss: 5.791109561920166
Test acc: 0.0019, IC acc: 0.0041, IC acc2: 0.0029, IW acc: 0.0052
Epoch: 491, Loss: 5.788174152374268
Epoch: 492, Loss: 5.7930145263671875
Epoch: 493, Loss: 5.790363788604736
Epoch: 494, Loss: 5.809229373931885
Epoch: 495, Loss: 5.838244915008545
Epoch: 496, Loss: 5.822283744812012
Epoch: 497, Loss: 5.781543731689453
Epoch: 498, Loss: 5.793157577514648
Epoch: 499, Loss: 5.801877975463867
./circuit_plots/Unrestricted Disentangled|Readout|CN=0|B0=2|B1=2|K=1280|L=320|p_B=0.75|p_C=0.75|B=2|eps=0|95cf655c-5fe1-41ee-b5c6-acd2a4761507/ already exists.
./circuit_plots/Unrestricted Disentangled|Readout|CN=0|B0=2|B1=2|K=1280|L=320|p_B=0.75|p_C=0.75|B=2|eps=0|95cf655c-5fe1-41ee-b5c6-acd2a4761507/ already exists.
./circuit_plots/Unrestricted Disentangled|Readout|CN=0|B0=2|B1=2|K=1280|L=320|p_B=0.75|p_C=0.75|B=2|eps=0|95cf655c-5fe1-41ee-b5c6-acd2a4761507/ already exists.
./circuit_plots/Unrestricted Disentangled|Readout|CN=0|B0=2|B1=2|K=1280|L=320|p_B=0.75|p_C=0.75|B=2|eps=0|95cf655c-5fe1-41ee-b5c6-acd2a4761507/ already exists.
./circuit_plots/Unrestricted Disentangled|Readout|CN=0|B0=2|B1=2|K=1280|L=320|p_B=0.75|p_C=0.75|B=2|eps=0|95cf655c-5fe1-41ee-b5c6-acd2a4761507/ already exists.
./circuit_plots/Unrestricted Disentangled|Readout|CN=0|B0=2|B1=2|K=1280|L=320|p_B=0.75|p_C=0.75|B=2|eps=0|95cf655c-5fe1-41ee-b5c6-acd2a4761507/ already exists.
./circuit_plots/Unrestricted Disentangled|Readout|CN=0|B0=2|B1=2|K=1280|L=320|p_B=0.75|p_C=0.75|B=2|eps=0|95cf655c-5fe1-41ee-b5c6-acd2a4761507/ already exists.
Epoch: 500, Loss: 5.788268089294434
Test acc: 0.0019, IC acc: 0.0041, IC acc2: 0.0029, IW acc: 0.0063
Epoch: 501, Loss: 5.804499626159668
Epoch: 502, Loss: 5.770200252532959
Epoch: 503, Loss: 5.769848346710205
Epoch: 504, Loss: 5.819582939147949
Epoch: 505, Loss: 5.722399711608887
Epoch: 506, Loss: 5.762284278869629
Epoch: 507, Loss: 5.839103698730469
Epoch: 508, Loss: 5.751791000366211
Epoch: 509, Loss: 5.75714111328125
Epoch: 510, Loss: 5.806551933288574
Test acc: 0.0019, IC acc: 0.0041, IC acc2: 0.0029, IW acc: 0.0063
Epoch: 511, Loss: 5.818938255310059
Epoch: 512, Loss: 5.806546211242676
Epoch: 513, Loss: 5.769185543060303
Epoch: 514, Loss: 5.790000915527344
Epoch: 515, Loss: 5.77159309387207
Epoch: 516, Loss: 5.78969669342041
Epoch: 517, Loss: 5.792026519775391
Epoch: 518, Loss: 5.786487102508545
Epoch: 519, Loss: 5.781308650970459
Epoch: 520, Loss: 5.767056465148926
Test acc: 0.0019, IC acc: 0.0041, IC acc2: 0.0029, IW acc: 0.0063
Epoch: 521, Loss: 5.7697577476501465
Epoch: 522, Loss: 5.798913955688477
Epoch: 523, Loss: 5.791156768798828
Epoch: 524, Loss: 5.768413543701172
Epoch: 525, Loss: 5.8087873458862305
Epoch: 526, Loss: 5.790737152099609
Epoch: 527, Loss: 5.778343677520752
Epoch: 528, Loss: 5.827678680419922
Epoch: 529, Loss: 5.783617973327637
Epoch: 530, Loss: 5.82716178894043
Test acc: 0.0019, IC acc: 0.0041, IC acc2: 0.0029, IW acc: 0.0063
Epoch: 531, Loss: 5.844353675842285
Epoch: 532, Loss: 5.7887492179870605
Epoch: 533, Loss: 5.788704872131348
Epoch: 534, Loss: 5.790349960327148
Epoch: 535, Loss: 5.8259100914001465
Epoch: 536, Loss: 5.773457050323486
Epoch: 537, Loss: 5.759739398956299
Epoch: 538, Loss: 5.801730155944824
Epoch: 539, Loss: 5.783575534820557
Epoch: 540, Loss: 5.791165828704834
Test acc: 0.0019, IC acc: 0.0041, IC acc2: 0.0029, IW acc: 0.0063
Epoch: 541, Loss: 5.770973205566406
Epoch: 542, Loss: 5.818830490112305
Epoch: 543, Loss: 5.814599514007568
Epoch: 544, Loss: 5.788288593292236
Epoch: 545, Loss: 5.806488037109375
Epoch: 546, Loss: 5.825924873352051
Epoch: 547, Loss: 5.765973091125488
Epoch: 548, Loss: 5.827070236206055
Epoch: 549, Loss: 5.845941066741943
./circuit_plots/Unrestricted Disentangled|Readout|CN=0|B0=2|B1=2|K=1280|L=320|p_B=0.75|p_C=0.75|B=2|eps=0|95cf655c-5fe1-41ee-b5c6-acd2a4761507/ already exists.
./circuit_plots/Unrestricted Disentangled|Readout|CN=0|B0=2|B1=2|K=1280|L=320|p_B=0.75|p_C=0.75|B=2|eps=0|95cf655c-5fe1-41ee-b5c6-acd2a4761507/ already exists.
./circuit_plots/Unrestricted Disentangled|Readout|CN=0|B0=2|B1=2|K=1280|L=320|p_B=0.75|p_C=0.75|B=2|eps=0|95cf655c-5fe1-41ee-b5c6-acd2a4761507/ already exists.
./circuit_plots/Unrestricted Disentangled|Readout|CN=0|B0=2|B1=2|K=1280|L=320|p_B=0.75|p_C=0.75|B=2|eps=0|95cf655c-5fe1-41ee-b5c6-acd2a4761507/ already exists.
./circuit_plots/Unrestricted Disentangled|Readout|CN=0|B0=2|B1=2|K=1280|L=320|p_B=0.75|p_C=0.75|B=2|eps=0|95cf655c-5fe1-41ee-b5c6-acd2a4761507/ already exists.
./circuit_plots/Unrestricted Disentangled|Readout|CN=0|B0=2|B1=2|K=1280|L=320|p_B=0.75|p_C=0.75|B=2|eps=0|95cf655c-5fe1-41ee-b5c6-acd2a4761507/ already exists.
./circuit_plots/Unrestricted Disentangled|Readout|CN=0|B0=2|B1=2|K=1280|L=320|p_B=0.75|p_C=0.75|B=2|eps=0|95cf655c-5fe1-41ee-b5c6-acd2a4761507/ already exists.
Epoch: 550, Loss: 5.771574974060059
Test acc: 0.0019, IC acc: 0.0041, IC acc2: 0.0029, IW acc: 0.0063
Epoch: 551, Loss: 5.773826599121094
Epoch: 552, Loss: 5.801031112670898
Epoch: 553, Loss: 5.80709981918335
Epoch: 554, Loss: 5.795485019683838
Epoch: 555, Loss: 5.783607482910156
Epoch: 556, Loss: 5.76658821105957
Epoch: 557, Loss: 5.7787580490112305
Epoch: 558, Loss: 5.804033279418945
Epoch: 559, Loss: 5.809482574462891
Epoch: 560, Loss: 5.810632228851318
Test acc: 0.0019, IC acc: 0.0041, IC acc2: 0.0029, IW acc: 0.0063
Epoch: 561, Loss: 5.807765960693359
Epoch: 562, Loss: 5.806975841522217
Epoch: 563, Loss: 5.802614212036133
Epoch: 564, Loss: 5.79805850982666
Epoch: 565, Loss: 5.753458023071289
Epoch: 566, Loss: 5.80985689163208
Epoch: 567, Loss: 5.78315544128418
Epoch: 568, Loss: 5.8023295402526855
Epoch: 569, Loss: 5.80644416809082
Epoch: 570, Loss: 5.823644638061523
Test acc: 0.0019, IC acc: 0.0041, IC acc2: 0.0029, IW acc: 0.0063
Epoch: 571, Loss: 5.7804975509643555
Epoch: 572, Loss: 5.790823459625244
Epoch: 573, Loss: 5.742796421051025
Epoch: 574, Loss: 5.76971960067749
Epoch: 575, Loss: 5.789994239807129
Epoch: 576, Loss: 5.787530899047852
Epoch: 577, Loss: 5.802455902099609
Epoch: 578, Loss: 5.790421485900879
Epoch: 579, Loss: 5.812009811401367
Epoch: 580, Loss: 5.796573638916016
Test acc: 0.0019, IC acc: 0.0041, IC acc2: 0.0029, IW acc: 0.0063
Epoch: 581, Loss: 5.815396308898926
Epoch: 582, Loss: 5.803396224975586
Epoch: 583, Loss: 5.772202968597412
Epoch: 584, Loss: 5.781187057495117
Epoch: 585, Loss: 5.8345842361450195
Epoch: 586, Loss: 5.792794227600098
Epoch: 587, Loss: 5.7932209968566895
Epoch: 588, Loss: 5.753292083740234
Epoch: 589, Loss: 5.809935569763184
Epoch: 590, Loss: 5.828688144683838
Test acc: 0.0019, IC acc: 0.0041, IC acc2: 0.0029, IW acc: 0.0063
Epoch: 591, Loss: 5.7557830810546875
Epoch: 592, Loss: 5.797844409942627
Epoch: 593, Loss: 5.795822620391846
Epoch: 594, Loss: 5.7797441482543945
Epoch: 595, Loss: 5.788210868835449
Epoch: 596, Loss: 5.817523956298828
Epoch: 597, Loss: 5.813413619995117
Epoch: 598, Loss: 5.733288764953613
Epoch: 599, Loss: 5.821869850158691
./circuit_plots/Unrestricted Disentangled|Readout|CN=0|B0=2|B1=2|K=1280|L=320|p_B=0.75|p_C=0.75|B=2|eps=0|95cf655c-5fe1-41ee-b5c6-acd2a4761507/ already exists.
./circuit_plots/Unrestricted Disentangled|Readout|CN=0|B0=2|B1=2|K=1280|L=320|p_B=0.75|p_C=0.75|B=2|eps=0|95cf655c-5fe1-41ee-b5c6-acd2a4761507/ already exists.
./circuit_plots/Unrestricted Disentangled|Readout|CN=0|B0=2|B1=2|K=1280|L=320|p_B=0.75|p_C=0.75|B=2|eps=0|95cf655c-5fe1-41ee-b5c6-acd2a4761507/ already exists.
./circuit_plots/Unrestricted Disentangled|Readout|CN=0|B0=2|B1=2|K=1280|L=320|p_B=0.75|p_C=0.75|B=2|eps=0|95cf655c-5fe1-41ee-b5c6-acd2a4761507/ already exists.
./circuit_plots/Unrestricted Disentangled|Readout|CN=0|B0=2|B1=2|K=1280|L=320|p_B=0.75|p_C=0.75|B=2|eps=0|95cf655c-5fe1-41ee-b5c6-acd2a4761507/ already exists.
./circuit_plots/Unrestricted Disentangled|Readout|CN=0|B0=2|B1=2|K=1280|L=320|p_B=0.75|p_C=0.75|B=2|eps=0|95cf655c-5fe1-41ee-b5c6-acd2a4761507/ already exists.
./circuit_plots/Unrestricted Disentangled|Readout|CN=0|B0=2|B1=2|K=1280|L=320|p_B=0.75|p_C=0.75|B=2|eps=0|95cf655c-5fe1-41ee-b5c6-acd2a4761507/ already exists.
Epoch: 600, Loss: 5.782010555267334
Test acc: 0.0019, IC acc: 0.0041, IC acc2: 0.0029, IW acc: 0.0063
Epoch: 601, Loss: 5.802633762359619
Epoch: 602, Loss: 5.791408538818359
Epoch: 603, Loss: 5.810342788696289
Epoch: 604, Loss: 5.763443470001221
Epoch: 605, Loss: 5.782018661499023
Epoch: 606, Loss: 5.822627067565918
Epoch: 607, Loss: 5.803116798400879
Epoch: 608, Loss: 5.768378257751465
Epoch: 609, Loss: 5.831284046173096
Epoch: 610, Loss: 5.759385108947754
Test acc: 0.0019, IC acc: 0.0048, IC acc2: 0.0029, IW acc: 0.0063
Epoch: 611, Loss: 5.789722919464111
Epoch: 612, Loss: 5.766274452209473
Epoch: 613, Loss: 5.774008274078369
Epoch: 614, Loss: 5.807731628417969
Epoch: 615, Loss: 5.753363132476807
Epoch: 616, Loss: 5.787113189697266
Epoch: 617, Loss: 5.785407066345215
Epoch: 618, Loss: 5.813307762145996
Epoch: 619, Loss: 5.779188632965088
Epoch: 620, Loss: 5.796409606933594
Test acc: 0.0019, IC acc: 0.0048, IC acc2: 0.0029, IW acc: 0.0063
Epoch: 621, Loss: 5.7767839431762695
Epoch: 622, Loss: 5.817591667175293
Epoch: 623, Loss: 5.7789225578308105
Epoch: 624, Loss: 5.77987003326416
Epoch: 625, Loss: 5.784089088439941
Epoch: 626, Loss: 5.793877601623535
Epoch: 627, Loss: 5.8024702072143555
Epoch: 628, Loss: 5.800129413604736
Epoch: 629, Loss: 5.7495622634887695
Epoch: 630, Loss: 5.805716514587402
Test acc: 0.0019, IC acc: 0.0048, IC acc2: 0.0029, IW acc: 0.0063
Epoch: 631, Loss: 5.802816390991211
Epoch: 632, Loss: 5.776363849639893
Epoch: 633, Loss: 5.7866058349609375
Epoch: 634, Loss: 5.791903495788574
Epoch: 635, Loss: 5.757933139801025
Epoch: 636, Loss: 5.751648426055908
Epoch: 637, Loss: 5.838525772094727
Epoch: 638, Loss: 5.767025947570801
Epoch: 639, Loss: 5.756563186645508
Epoch: 640, Loss: 5.771716117858887
Test acc: 0.002, IC acc: 0.0048, IC acc2: 0.0029, IW acc: 0.0072
Epoch: 641, Loss: 5.826289653778076
Epoch: 642, Loss: 5.796308517456055
Epoch: 643, Loss: 5.774260520935059
Epoch: 644, Loss: 5.7834577560424805
Epoch: 645, Loss: 5.787398338317871
Epoch: 646, Loss: 5.797272682189941
Epoch: 647, Loss: 5.800665855407715
Epoch: 648, Loss: 5.794717788696289
Epoch: 649, Loss: 5.77159309387207
./circuit_plots/Unrestricted Disentangled|Readout|CN=0|B0=2|B1=2|K=1280|L=320|p_B=0.75|p_C=0.75|B=2|eps=0|95cf655c-5fe1-41ee-b5c6-acd2a4761507/ already exists.
./circuit_plots/Unrestricted Disentangled|Readout|CN=0|B0=2|B1=2|K=1280|L=320|p_B=0.75|p_C=0.75|B=2|eps=0|95cf655c-5fe1-41ee-b5c6-acd2a4761507/ already exists.
./circuit_plots/Unrestricted Disentangled|Readout|CN=0|B0=2|B1=2|K=1280|L=320|p_B=0.75|p_C=0.75|B=2|eps=0|95cf655c-5fe1-41ee-b5c6-acd2a4761507/ already exists.
./circuit_plots/Unrestricted Disentangled|Readout|CN=0|B0=2|B1=2|K=1280|L=320|p_B=0.75|p_C=0.75|B=2|eps=0|95cf655c-5fe1-41ee-b5c6-acd2a4761507/ already exists.
./circuit_plots/Unrestricted Disentangled|Readout|CN=0|B0=2|B1=2|K=1280|L=320|p_B=0.75|p_C=0.75|B=2|eps=0|95cf655c-5fe1-41ee-b5c6-acd2a4761507/ already exists.
./circuit_plots/Unrestricted Disentangled|Readout|CN=0|B0=2|B1=2|K=1280|L=320|p_B=0.75|p_C=0.75|B=2|eps=0|95cf655c-5fe1-41ee-b5c6-acd2a4761507/ already exists.
./circuit_plots/Unrestricted Disentangled|Readout|CN=0|B0=2|B1=2|K=1280|L=320|p_B=0.75|p_C=0.75|B=2|eps=0|95cf655c-5fe1-41ee-b5c6-acd2a4761507/ already exists.
Epoch: 650, Loss: 5.803825378417969
Test acc: 0.002, IC acc: 0.0048, IC acc2: 0.0029, IW acc: 0.0072
Epoch: 651, Loss: 5.77092170715332
Epoch: 652, Loss: 5.772473335266113
Epoch: 653, Loss: 5.774749755859375
Epoch: 654, Loss: 5.774514675140381
Epoch: 655, Loss: 5.752485275268555
Epoch: 656, Loss: 5.806299209594727
Epoch: 657, Loss: 5.782547950744629
Epoch: 658, Loss: 5.770551681518555
Epoch: 659, Loss: 5.782316207885742
Epoch: 660, Loss: 5.794369697570801
Test acc: 0.002, IC acc: 0.0048, IC acc2: 0.0029, IW acc: 0.0072
Epoch: 661, Loss: 5.791473865509033
Epoch: 662, Loss: 5.847805976867676
Epoch: 663, Loss: 5.783265113830566
Epoch: 664, Loss: 5.805776596069336
Epoch: 665, Loss: 5.7582855224609375
Epoch: 666, Loss: 5.7874603271484375
Epoch: 667, Loss: 5.804277420043945
Epoch: 668, Loss: 5.772573471069336
Epoch: 669, Loss: 5.766290664672852
Epoch: 670, Loss: 5.736396789550781
Test acc: 0.002, IC acc: 0.0048, IC acc2: 0.0029, IW acc: 0.0072
Epoch: 671, Loss: 5.762331962585449
Epoch: 672, Loss: 5.794319152832031
Epoch: 673, Loss: 5.7620415687561035
Epoch: 674, Loss: 5.804746627807617
Epoch: 675, Loss: 5.798360347747803
Epoch: 676, Loss: 5.779356956481934
Epoch: 677, Loss: 5.81369686126709
Epoch: 678, Loss: 5.7723388671875
Epoch: 679, Loss: 5.7918243408203125
Epoch: 680, Loss: 5.792154312133789
Test acc: 0.0022, IC acc: 0.0048, IC acc2: 0.0029, IW acc: 0.0082
Epoch: 681, Loss: 5.794951915740967
Epoch: 682, Loss: 5.75290060043335
Epoch: 683, Loss: 5.7451982498168945
Epoch: 684, Loss: 5.797712326049805
Epoch: 685, Loss: 5.77723503112793
Epoch: 686, Loss: 5.770970344543457
Epoch: 687, Loss: 5.780386447906494
Epoch: 688, Loss: 5.800480842590332
Epoch: 689, Loss: 5.761961936950684
Epoch: 690, Loss: 5.817913055419922
Test acc: 0.0022, IC acc: 0.0048, IC acc2: 0.0029, IW acc: 0.0082
Epoch: 691, Loss: 5.780003547668457
Epoch: 692, Loss: 5.82798957824707
Epoch: 693, Loss: 5.754648208618164
Epoch: 694, Loss: 5.77942419052124
Epoch: 695, Loss: 5.770981788635254
Epoch: 696, Loss: 5.838048458099365
Epoch: 697, Loss: 5.792516708374023
Epoch: 698, Loss: 5.799191474914551
Epoch: 699, Loss: 5.781925201416016
./circuit_plots/Unrestricted Disentangled|Readout|CN=0|B0=2|B1=2|K=1280|L=320|p_B=0.75|p_C=0.75|B=2|eps=0|95cf655c-5fe1-41ee-b5c6-acd2a4761507/ already exists.
./circuit_plots/Unrestricted Disentangled|Readout|CN=0|B0=2|B1=2|K=1280|L=320|p_B=0.75|p_C=0.75|B=2|eps=0|95cf655c-5fe1-41ee-b5c6-acd2a4761507/ already exists.
./circuit_plots/Unrestricted Disentangled|Readout|CN=0|B0=2|B1=2|K=1280|L=320|p_B=0.75|p_C=0.75|B=2|eps=0|95cf655c-5fe1-41ee-b5c6-acd2a4761507/ already exists.
./circuit_plots/Unrestricted Disentangled|Readout|CN=0|B0=2|B1=2|K=1280|L=320|p_B=0.75|p_C=0.75|B=2|eps=0|95cf655c-5fe1-41ee-b5c6-acd2a4761507/ already exists.
./circuit_plots/Unrestricted Disentangled|Readout|CN=0|B0=2|B1=2|K=1280|L=320|p_B=0.75|p_C=0.75|B=2|eps=0|95cf655c-5fe1-41ee-b5c6-acd2a4761507/ already exists.
./circuit_plots/Unrestricted Disentangled|Readout|CN=0|B0=2|B1=2|K=1280|L=320|p_B=0.75|p_C=0.75|B=2|eps=0|95cf655c-5fe1-41ee-b5c6-acd2a4761507/ already exists.
./circuit_plots/Unrestricted Disentangled|Readout|CN=0|B0=2|B1=2|K=1280|L=320|p_B=0.75|p_C=0.75|B=2|eps=0|95cf655c-5fe1-41ee-b5c6-acd2a4761507/ already exists.
Epoch: 700, Loss: 5.762840270996094
Test acc: 0.0022, IC acc: 0.0048, IC acc2: 0.0029, IW acc: 0.0082
Epoch: 701, Loss: 5.783602237701416
Epoch: 702, Loss: 5.8108134269714355
Epoch: 703, Loss: 5.728704452514648
Epoch: 704, Loss: 5.805014133453369
Epoch: 705, Loss: 5.779635429382324
Epoch: 706, Loss: 5.770157337188721
Epoch: 707, Loss: 5.740208625793457
Epoch: 708, Loss: 5.7809224128723145
Epoch: 709, Loss: 5.792199611663818
Epoch: 710, Loss: 5.796363830566406
Test acc: 0.0022, IC acc: 0.0048, IC acc2: 0.0029, IW acc: 0.0082
Epoch: 711, Loss: 5.75039529800415
Epoch: 712, Loss: 5.778529167175293
Epoch: 713, Loss: 5.806324481964111
Epoch: 714, Loss: 5.733550071716309
Epoch: 715, Loss: 5.799049377441406
Epoch: 716, Loss: 5.759249210357666
Epoch: 717, Loss: 5.790970325469971
Epoch: 718, Loss: 5.803287506103516
Epoch: 719, Loss: 5.784433841705322
Epoch: 720, Loss: 5.760906219482422
Test acc: 0.0022, IC acc: 0.0048, IC acc2: 0.0029, IW acc: 0.0082
Epoch: 721, Loss: 5.7603759765625
Epoch: 722, Loss: 5.818784236907959
Epoch: 723, Loss: 5.822483062744141
Epoch: 724, Loss: 5.778480529785156
Epoch: 725, Loss: 5.766063213348389
Epoch: 726, Loss: 5.786613464355469
Epoch: 727, Loss: 5.799520015716553
Epoch: 728, Loss: 5.833669662475586
Epoch: 729, Loss: 5.794451713562012
Epoch: 730, Loss: 5.8035430908203125
Test acc: 0.0022, IC acc: 0.0048, IC acc2: 0.0029, IW acc: 0.0082
Epoch: 731, Loss: 5.800896644592285
Epoch: 732, Loss: 5.8133769035339355
Epoch: 733, Loss: 5.813952445983887
Epoch: 734, Loss: 5.761141777038574
Epoch: 735, Loss: 5.795956611633301
Epoch: 736, Loss: 5.805328369140625
Epoch: 737, Loss: 5.837064743041992
Epoch: 738, Loss: 5.758574485778809
Epoch: 739, Loss: 5.748677730560303
Epoch: 740, Loss: 5.803402900695801
Test acc: 0.0022, IC acc: 0.0048, IC acc2: 0.0029, IW acc: 0.0082
Epoch: 741, Loss: 5.778109073638916
Epoch: 742, Loss: 5.796771049499512
Epoch: 743, Loss: 5.793137073516846
Epoch: 744, Loss: 5.802741050720215
Epoch: 745, Loss: 5.776054859161377
Epoch: 746, Loss: 5.764482021331787
Epoch: 747, Loss: 5.772852897644043
Epoch: 748, Loss: 5.821300506591797
Epoch: 749, Loss: 5.787747859954834
./circuit_plots/Unrestricted Disentangled|Readout|CN=0|B0=2|B1=2|K=1280|L=320|p_B=0.75|p_C=0.75|B=2|eps=0|95cf655c-5fe1-41ee-b5c6-acd2a4761507/ already exists.
./circuit_plots/Unrestricted Disentangled|Readout|CN=0|B0=2|B1=2|K=1280|L=320|p_B=0.75|p_C=0.75|B=2|eps=0|95cf655c-5fe1-41ee-b5c6-acd2a4761507/ already exists.
./circuit_plots/Unrestricted Disentangled|Readout|CN=0|B0=2|B1=2|K=1280|L=320|p_B=0.75|p_C=0.75|B=2|eps=0|95cf655c-5fe1-41ee-b5c6-acd2a4761507/ already exists.
./circuit_plots/Unrestricted Disentangled|Readout|CN=0|B0=2|B1=2|K=1280|L=320|p_B=0.75|p_C=0.75|B=2|eps=0|95cf655c-5fe1-41ee-b5c6-acd2a4761507/ already exists.
./circuit_plots/Unrestricted Disentangled|Readout|CN=0|B0=2|B1=2|K=1280|L=320|p_B=0.75|p_C=0.75|B=2|eps=0|95cf655c-5fe1-41ee-b5c6-acd2a4761507/ already exists.
./circuit_plots/Unrestricted Disentangled|Readout|CN=0|B0=2|B1=2|K=1280|L=320|p_B=0.75|p_C=0.75|B=2|eps=0|95cf655c-5fe1-41ee-b5c6-acd2a4761507/ already exists.
./circuit_plots/Unrestricted Disentangled|Readout|CN=0|B0=2|B1=2|K=1280|L=320|p_B=0.75|p_C=0.75|B=2|eps=0|95cf655c-5fe1-41ee-b5c6-acd2a4761507/ already exists.
Epoch: 750, Loss: 5.783531188964844
Test acc: 0.0022, IC acc: 0.0048, IC acc2: 0.0029, IW acc: 0.0082
Epoch: 751, Loss: 5.803990840911865
Epoch: 752, Loss: 5.812882900238037
Epoch: 753, Loss: 5.82720947265625
Epoch: 754, Loss: 5.777814865112305
Epoch: 755, Loss: 5.78548526763916
Epoch: 756, Loss: 5.753427505493164
Epoch: 757, Loss: 5.784701824188232
Epoch: 758, Loss: 5.772892951965332
Epoch: 759, Loss: 5.769918918609619
Epoch: 760, Loss: 5.798408031463623
Test acc: 0.0022, IC acc: 0.0048, IC acc2: 0.0029, IW acc: 0.0082
Epoch: 761, Loss: 5.78560209274292
Epoch: 762, Loss: 5.803467750549316
Epoch: 763, Loss: 5.769961357116699
Epoch: 764, Loss: 5.7526092529296875
Epoch: 765, Loss: 5.792934417724609
Epoch: 766, Loss: 5.773704528808594
Epoch: 767, Loss: 5.811554431915283
Epoch: 768, Loss: 5.823978900909424
Epoch: 769, Loss: 5.76584529876709
Epoch: 770, Loss: 5.795928001403809
Test acc: 0.0022, IC acc: 0.0048, IC acc2: 0.0029, IW acc: 0.0082
Epoch: 771, Loss: 5.799182415008545
Epoch: 772, Loss: 5.758964538574219
Epoch: 773, Loss: 5.764618873596191
Epoch: 774, Loss: 5.753273010253906
Epoch: 775, Loss: 5.742715835571289
Epoch: 776, Loss: 5.787689208984375
Epoch: 777, Loss: 5.776549339294434
Epoch: 778, Loss: 5.780122756958008
Epoch: 779, Loss: 5.78085470199585
Epoch: 780, Loss: 5.7495880126953125
Test acc: 0.0022, IC acc: 0.0048, IC acc2: 0.0029, IW acc: 0.0082
Epoch: 781, Loss: 5.7785563468933105
Epoch: 782, Loss: 5.783258438110352
Epoch: 783, Loss: 5.793917179107666
Epoch: 784, Loss: 5.764864444732666
Epoch: 785, Loss: 5.7967352867126465
Epoch: 786, Loss: 5.763697147369385
Epoch: 787, Loss: 5.795607566833496
Epoch: 788, Loss: 5.763294219970703
Epoch: 789, Loss: 5.8127031326293945
Epoch: 790, Loss: 5.799848556518555
Test acc: 0.0022, IC acc: 0.0048, IC acc2: 0.0029, IW acc: 0.0082
Epoch: 791, Loss: 5.7355170249938965
Epoch: 792, Loss: 5.778465270996094
Epoch: 793, Loss: 5.752958297729492
Epoch: 794, Loss: 5.788794994354248
Epoch: 795, Loss: 5.776525974273682
Epoch: 796, Loss: 5.793648719787598
Epoch: 797, Loss: 5.759681701660156
Epoch: 798, Loss: 5.784612655639648
Epoch: 799, Loss: 5.785279273986816
./circuit_plots/Unrestricted Disentangled|Readout|CN=0|B0=2|B1=2|K=1280|L=320|p_B=0.75|p_C=0.75|B=2|eps=0|95cf655c-5fe1-41ee-b5c6-acd2a4761507/ already exists.
./circuit_plots/Unrestricted Disentangled|Readout|CN=0|B0=2|B1=2|K=1280|L=320|p_B=0.75|p_C=0.75|B=2|eps=0|95cf655c-5fe1-41ee-b5c6-acd2a4761507/ already exists.
./circuit_plots/Unrestricted Disentangled|Readout|CN=0|B0=2|B1=2|K=1280|L=320|p_B=0.75|p_C=0.75|B=2|eps=0|95cf655c-5fe1-41ee-b5c6-acd2a4761507/ already exists.
./circuit_plots/Unrestricted Disentangled|Readout|CN=0|B0=2|B1=2|K=1280|L=320|p_B=0.75|p_C=0.75|B=2|eps=0|95cf655c-5fe1-41ee-b5c6-acd2a4761507/ already exists.
./circuit_plots/Unrestricted Disentangled|Readout|CN=0|B0=2|B1=2|K=1280|L=320|p_B=0.75|p_C=0.75|B=2|eps=0|95cf655c-5fe1-41ee-b5c6-acd2a4761507/ already exists.
./circuit_plots/Unrestricted Disentangled|Readout|CN=0|B0=2|B1=2|K=1280|L=320|p_B=0.75|p_C=0.75|B=2|eps=0|95cf655c-5fe1-41ee-b5c6-acd2a4761507/ already exists.
./circuit_plots/Unrestricted Disentangled|Readout|CN=0|B0=2|B1=2|K=1280|L=320|p_B=0.75|p_C=0.75|B=2|eps=0|95cf655c-5fe1-41ee-b5c6-acd2a4761507/ already exists.
Epoch: 800, Loss: 5.81401252746582
Test acc: 0.0022, IC acc: 0.0048, IC acc2: 0.0029, IW acc: 0.0082
Epoch: 801, Loss: 5.784189224243164
Epoch: 802, Loss: 5.7564592361450195
Epoch: 803, Loss: 5.75103759765625
Epoch: 804, Loss: 5.790964126586914
Epoch: 805, Loss: 5.78837776184082
Epoch: 806, Loss: 5.7684736251831055
Epoch: 807, Loss: 5.770282745361328
Epoch: 808, Loss: 5.766655921936035
Epoch: 809, Loss: 5.796771049499512
Epoch: 810, Loss: 5.794341564178467
Test acc: 0.0022, IC acc: 0.0048, IC acc2: 0.0029, IW acc: 0.0082
Epoch: 811, Loss: 5.783233165740967
Epoch: 812, Loss: 5.8030266761779785
Epoch: 813, Loss: 5.742478370666504
Epoch: 814, Loss: 5.750512599945068
Epoch: 815, Loss: 5.797590255737305
Epoch: 816, Loss: 5.795331954956055
Epoch: 817, Loss: 5.778829097747803
Epoch: 818, Loss: 5.763431072235107
Epoch: 819, Loss: 5.71168327331543
Epoch: 820, Loss: 5.813643455505371
Test acc: 0.0022, IC acc: 0.0048, IC acc2: 0.0029, IW acc: 0.0082
Epoch: 821, Loss: 5.809536933898926
Epoch: 822, Loss: 5.7891340255737305
Epoch: 823, Loss: 5.802944183349609
Epoch: 824, Loss: 5.749654293060303
Epoch: 825, Loss: 5.777660369873047
Epoch: 826, Loss: 5.791435718536377
Epoch: 827, Loss: 5.806313991546631
Epoch: 828, Loss: 5.762554168701172
Epoch: 829, Loss: 5.777757167816162
Epoch: 830, Loss: 5.7534027099609375
Test acc: 0.0022, IC acc: 0.0048, IC acc2: 0.0029, IW acc: 0.0082
Epoch: 831, Loss: 5.785334587097168
Epoch: 832, Loss: 5.768310546875
Epoch: 833, Loss: 5.749415874481201
Epoch: 834, Loss: 5.793607711791992
Epoch: 835, Loss: 5.752174377441406
Epoch: 836, Loss: 5.792396545410156
Epoch: 837, Loss: 5.758756637573242
Epoch: 838, Loss: 5.770040512084961
Epoch: 839, Loss: 5.798791885375977
Epoch: 840, Loss: 5.75102424621582
Test acc: 0.0022, IC acc: 0.0048, IC acc2: 0.0029, IW acc: 0.0082
Epoch: 841, Loss: 5.7636260986328125
Epoch: 842, Loss: 5.787510395050049
Epoch: 843, Loss: 5.822634696960449
Epoch: 844, Loss: 5.793999671936035
Epoch: 845, Loss: 5.779677391052246
Epoch: 846, Loss: 5.798588752746582
Epoch: 847, Loss: 5.811611175537109
Epoch: 848, Loss: 5.773108959197998
Epoch: 849, Loss: 5.817882537841797
./circuit_plots/Unrestricted Disentangled|Readout|CN=0|B0=2|B1=2|K=1280|L=320|p_B=0.75|p_C=0.75|B=2|eps=0|95cf655c-5fe1-41ee-b5c6-acd2a4761507/ already exists.
./circuit_plots/Unrestricted Disentangled|Readout|CN=0|B0=2|B1=2|K=1280|L=320|p_B=0.75|p_C=0.75|B=2|eps=0|95cf655c-5fe1-41ee-b5c6-acd2a4761507/ already exists.
./circuit_plots/Unrestricted Disentangled|Readout|CN=0|B0=2|B1=2|K=1280|L=320|p_B=0.75|p_C=0.75|B=2|eps=0|95cf655c-5fe1-41ee-b5c6-acd2a4761507/ already exists.
./circuit_plots/Unrestricted Disentangled|Readout|CN=0|B0=2|B1=2|K=1280|L=320|p_B=0.75|p_C=0.75|B=2|eps=0|95cf655c-5fe1-41ee-b5c6-acd2a4761507/ already exists.
./circuit_plots/Unrestricted Disentangled|Readout|CN=0|B0=2|B1=2|K=1280|L=320|p_B=0.75|p_C=0.75|B=2|eps=0|95cf655c-5fe1-41ee-b5c6-acd2a4761507/ already exists.
./circuit_plots/Unrestricted Disentangled|Readout|CN=0|B0=2|B1=2|K=1280|L=320|p_B=0.75|p_C=0.75|B=2|eps=0|95cf655c-5fe1-41ee-b5c6-acd2a4761507/ already exists.
./circuit_plots/Unrestricted Disentangled|Readout|CN=0|B0=2|B1=2|K=1280|L=320|p_B=0.75|p_C=0.75|B=2|eps=0|95cf655c-5fe1-41ee-b5c6-acd2a4761507/ already exists.
Epoch: 850, Loss: 5.774658679962158
Test acc: 0.0022, IC acc: 0.0048, IC acc2: 0.0029, IW acc: 0.0082
Epoch: 851, Loss: 5.788181781768799
Epoch: 852, Loss: 5.785645484924316
Epoch: 853, Loss: 5.783146858215332
Epoch: 854, Loss: 5.762916564941406
Epoch: 855, Loss: 5.773233413696289
Epoch: 856, Loss: 5.78964900970459
Epoch: 857, Loss: 5.797933101654053
Epoch: 858, Loss: 5.73371696472168
Epoch: 859, Loss: 5.799263000488281
Epoch: 860, Loss: 5.782336235046387
Test acc: 0.0022, IC acc: 0.0048, IC acc2: 0.0029, IW acc: 0.0082
Epoch: 861, Loss: 5.788354873657227
Epoch: 862, Loss: 5.782132148742676
Epoch: 863, Loss: 5.785254001617432
Epoch: 864, Loss: 5.769043445587158
Epoch: 865, Loss: 5.805699348449707
Epoch: 866, Loss: 5.770500183105469
Epoch: 867, Loss: 5.786821365356445
Epoch: 868, Loss: 5.76668643951416
Epoch: 869, Loss: 5.790262222290039
Epoch: 870, Loss: 5.7975263595581055
Test acc: 0.0022, IC acc: 0.0048, IC acc2: 0.0029, IW acc: 0.0082
Epoch: 871, Loss: 5.706998825073242
Epoch: 872, Loss: 5.75343132019043
Epoch: 873, Loss: 5.804197788238525
Epoch: 874, Loss: 5.777153968811035
Epoch: 875, Loss: 5.776767730712891
Epoch: 876, Loss: 5.75880241394043
Epoch: 877, Loss: 5.78334903717041
Epoch: 878, Loss: 5.733156681060791
Epoch: 879, Loss: 5.774374485015869
Epoch: 880, Loss: 5.798340797424316
Test acc: 0.0022, IC acc: 0.0048, IC acc2: 0.0029, IW acc: 0.0082
Epoch: 881, Loss: 5.7678680419921875
Epoch: 882, Loss: 5.779526710510254
Epoch: 883, Loss: 5.755479335784912
Epoch: 884, Loss: 5.842028617858887
Epoch: 885, Loss: 5.8099846839904785
Epoch: 886, Loss: 5.776511192321777
Epoch: 887, Loss: 5.77783203125
Epoch: 888, Loss: 5.783204078674316
Epoch: 889, Loss: 5.8053083419799805
Epoch: 890, Loss: 5.768902778625488
Test acc: 0.0022, IC acc: 0.0048, IC acc2: 0.0029, IW acc: 0.0082
Epoch: 891, Loss: 5.748664855957031
Epoch: 892, Loss: 5.768110275268555
Epoch: 893, Loss: 5.791213035583496
Epoch: 894, Loss: 5.721223831176758
Epoch: 895, Loss: 5.767043590545654
Epoch: 896, Loss: 5.808721542358398
Epoch: 897, Loss: 5.811308860778809
Epoch: 898, Loss: 5.7961883544921875
Epoch: 899, Loss: 5.769776344299316
./circuit_plots/Unrestricted Disentangled|Readout|CN=0|B0=2|B1=2|K=1280|L=320|p_B=0.75|p_C=0.75|B=2|eps=0|95cf655c-5fe1-41ee-b5c6-acd2a4761507/ already exists.
./circuit_plots/Unrestricted Disentangled|Readout|CN=0|B0=2|B1=2|K=1280|L=320|p_B=0.75|p_C=0.75|B=2|eps=0|95cf655c-5fe1-41ee-b5c6-acd2a4761507/ already exists.
./circuit_plots/Unrestricted Disentangled|Readout|CN=0|B0=2|B1=2|K=1280|L=320|p_B=0.75|p_C=0.75|B=2|eps=0|95cf655c-5fe1-41ee-b5c6-acd2a4761507/ already exists.
./circuit_plots/Unrestricted Disentangled|Readout|CN=0|B0=2|B1=2|K=1280|L=320|p_B=0.75|p_C=0.75|B=2|eps=0|95cf655c-5fe1-41ee-b5c6-acd2a4761507/ already exists.
./circuit_plots/Unrestricted Disentangled|Readout|CN=0|B0=2|B1=2|K=1280|L=320|p_B=0.75|p_C=0.75|B=2|eps=0|95cf655c-5fe1-41ee-b5c6-acd2a4761507/ already exists.
./circuit_plots/Unrestricted Disentangled|Readout|CN=0|B0=2|B1=2|K=1280|L=320|p_B=0.75|p_C=0.75|B=2|eps=0|95cf655c-5fe1-41ee-b5c6-acd2a4761507/ already exists.
./circuit_plots/Unrestricted Disentangled|Readout|CN=0|B0=2|B1=2|K=1280|L=320|p_B=0.75|p_C=0.75|B=2|eps=0|95cf655c-5fe1-41ee-b5c6-acd2a4761507/ already exists.
Epoch: 900, Loss: 5.764786720275879
Test acc: 0.0022, IC acc: 0.0048, IC acc2: 0.0029, IW acc: 0.0082
Epoch: 901, Loss: 5.812938690185547
Epoch: 902, Loss: 5.781145095825195
Epoch: 903, Loss: 5.730406761169434
Epoch: 904, Loss: 5.796586990356445
Epoch: 905, Loss: 5.7990922927856445
Epoch: 906, Loss: 5.778983116149902
Epoch: 907, Loss: 5.790713787078857
Epoch: 908, Loss: 5.781902313232422
Epoch: 909, Loss: 5.830319404602051
Epoch: 910, Loss: 5.7800068855285645
Test acc: 0.0022, IC acc: 0.0038, IC acc2: 0.0029, IW acc: 0.0082
Epoch: 911, Loss: 5.804430961608887
Epoch: 912, Loss: 5.751758575439453
Epoch: 913, Loss: 5.780335903167725
Epoch: 914, Loss: 5.799280166625977
Epoch: 915, Loss: 5.73915958404541
Epoch: 916, Loss: 5.760130882263184
Epoch: 917, Loss: 5.787223815917969
Epoch: 918, Loss: 5.784801006317139
Epoch: 919, Loss: 5.726632118225098
Epoch: 920, Loss: 5.79353141784668
Test acc: 0.0022, IC acc: 0.0038, IC acc2: 0.0029, IW acc: 0.0082
Epoch: 921, Loss: 5.783895969390869
Epoch: 922, Loss: 5.811062812805176
Epoch: 923, Loss: 5.760261535644531
Epoch: 924, Loss: 5.762135028839111
Epoch: 925, Loss: 5.760382652282715
Epoch: 926, Loss: 5.770904541015625
Epoch: 927, Loss: 5.741975784301758
Epoch: 928, Loss: 5.747864723205566
Epoch: 929, Loss: 5.775568962097168
Epoch: 930, Loss: 5.820871829986572
Test acc: 0.0022, IC acc: 0.0048, IC acc2: 0.0029, IW acc: 0.0082
Epoch: 931, Loss: 5.750661373138428
Epoch: 932, Loss: 5.781668663024902
Epoch: 933, Loss: 5.792227745056152
Epoch: 934, Loss: 5.785520076751709
Epoch: 935, Loss: 5.7812981605529785
Epoch: 936, Loss: 5.759949684143066
Epoch: 937, Loss: 5.750227928161621
Epoch: 938, Loss: 5.767143249511719
Epoch: 939, Loss: 5.767172813415527
Epoch: 940, Loss: 5.725261211395264
Test acc: 0.0022, IC acc: 0.0048, IC acc2: 0.0029, IW acc: 0.0082
Epoch: 941, Loss: 5.754069805145264
Epoch: 942, Loss: 5.752533912658691
Epoch: 943, Loss: 5.782094478607178
Epoch: 944, Loss: 5.801731109619141
Epoch: 945, Loss: 5.784748077392578
Epoch: 946, Loss: 5.7808427810668945
Epoch: 947, Loss: 5.780692100524902
Epoch: 948, Loss: 5.7508745193481445
Epoch: 949, Loss: 5.7590789794921875
./circuit_plots/Unrestricted Disentangled|Readout|CN=0|B0=2|B1=2|K=1280|L=320|p_B=0.75|p_C=0.75|B=2|eps=0|95cf655c-5fe1-41ee-b5c6-acd2a4761507/ already exists.
./circuit_plots/Unrestricted Disentangled|Readout|CN=0|B0=2|B1=2|K=1280|L=320|p_B=0.75|p_C=0.75|B=2|eps=0|95cf655c-5fe1-41ee-b5c6-acd2a4761507/ already exists.
./circuit_plots/Unrestricted Disentangled|Readout|CN=0|B0=2|B1=2|K=1280|L=320|p_B=0.75|p_C=0.75|B=2|eps=0|95cf655c-5fe1-41ee-b5c6-acd2a4761507/ already exists.
./circuit_plots/Unrestricted Disentangled|Readout|CN=0|B0=2|B1=2|K=1280|L=320|p_B=0.75|p_C=0.75|B=2|eps=0|95cf655c-5fe1-41ee-b5c6-acd2a4761507/ already exists.
./circuit_plots/Unrestricted Disentangled|Readout|CN=0|B0=2|B1=2|K=1280|L=320|p_B=0.75|p_C=0.75|B=2|eps=0|95cf655c-5fe1-41ee-b5c6-acd2a4761507/ already exists.
./circuit_plots/Unrestricted Disentangled|Readout|CN=0|B0=2|B1=2|K=1280|L=320|p_B=0.75|p_C=0.75|B=2|eps=0|95cf655c-5fe1-41ee-b5c6-acd2a4761507/ already exists.
./circuit_plots/Unrestricted Disentangled|Readout|CN=0|B0=2|B1=2|K=1280|L=320|p_B=0.75|p_C=0.75|B=2|eps=0|95cf655c-5fe1-41ee-b5c6-acd2a4761507/ already exists.
Epoch: 950, Loss: 5.783323764801025
Test acc: 0.0022, IC acc: 0.0038, IC acc2: 0.0029, IW acc: 0.0082
Epoch: 951, Loss: 5.779627323150635
Epoch: 952, Loss: 5.783106803894043
Epoch: 953, Loss: 5.785788536071777
Epoch: 954, Loss: 5.769986152648926
Epoch: 955, Loss: 5.793568134307861
Epoch: 956, Loss: 5.788285255432129
Epoch: 957, Loss: 5.731199264526367
Epoch: 958, Loss: 5.801425933837891
Epoch: 959, Loss: 5.754357814788818
Epoch: 960, Loss: 5.799407958984375
Test acc: 0.0022, IC acc: 0.0038, IC acc2: 0.0029, IW acc: 0.0082
Epoch: 961, Loss: 5.743003845214844
Epoch: 962, Loss: 5.736168384552002
Epoch: 963, Loss: 5.743053436279297
Epoch: 964, Loss: 5.741754531860352
Epoch: 965, Loss: 5.7832441329956055
Epoch: 966, Loss: 5.789227485656738
Epoch: 967, Loss: 5.78350830078125
Epoch: 968, Loss: 5.779629707336426
Epoch: 969, Loss: 5.790990829467773
Epoch: 970, Loss: 5.780026435852051
Test acc: 0.0022, IC acc: 0.0038, IC acc2: 0.0029, IW acc: 0.0082
Epoch: 971, Loss: 5.7997727394104
Epoch: 972, Loss: 5.7713470458984375
Epoch: 973, Loss: 5.83130407333374
Epoch: 974, Loss: 5.796564102172852
Epoch: 975, Loss: 5.731208801269531
Epoch: 976, Loss: 5.800634384155273
Epoch: 977, Loss: 5.775366306304932
Epoch: 978, Loss: 5.761801719665527
Epoch: 979, Loss: 5.749197483062744
Epoch: 980, Loss: 5.756731033325195
Test acc: 0.0022, IC acc: 0.0038, IC acc2: 0.0029, IW acc: 0.0082
Epoch: 981, Loss: 5.778624534606934
Epoch: 982, Loss: 5.801215171813965
Epoch: 983, Loss: 5.788624286651611
Epoch: 984, Loss: 5.753950119018555
Epoch: 985, Loss: 5.748003005981445
Epoch: 986, Loss: 5.7576189041137695
Epoch: 987, Loss: 5.776738166809082
Epoch: 988, Loss: 5.760660171508789
Epoch: 989, Loss: 5.801825523376465
Epoch: 990, Loss: 5.76181173324585
Test acc: 0.0022, IC acc: 0.0038, IC acc2: 0.0029, IW acc: 0.0082
Epoch: 991, Loss: 5.8131866455078125
Epoch: 992, Loss: 5.765129566192627
Epoch: 993, Loss: 5.791499137878418
Epoch: 994, Loss: 5.768941879272461
Epoch: 995, Loss: 5.766866683959961
Epoch: 996, Loss: 5.759647369384766
Epoch: 997, Loss: 5.759503364562988
Epoch: 998, Loss: 5.740968704223633
Epoch: 999, Loss: 5.783713340759277
./circuit_plots/Unrestricted Disentangled|Readout|CN=0|B0=2|B1=2|K=1280|L=320|p_B=0.75|p_C=0.75|B=2|eps=0|95cf655c-5fe1-41ee-b5c6-acd2a4761507/ already exists.
./circuit_plots/Unrestricted Disentangled|Readout|CN=0|B0=2|B1=2|K=1280|L=320|p_B=0.75|p_C=0.75|B=2|eps=0|95cf655c-5fe1-41ee-b5c6-acd2a4761507/ already exists.
./circuit_plots/Unrestricted Disentangled|Readout|CN=0|B0=2|B1=2|K=1280|L=320|p_B=0.75|p_C=0.75|B=2|eps=0|95cf655c-5fe1-41ee-b5c6-acd2a4761507/ already exists.
./circuit_plots/Unrestricted Disentangled|Readout|CN=0|B0=2|B1=2|K=1280|L=320|p_B=0.75|p_C=0.75|B=2|eps=0|95cf655c-5fe1-41ee-b5c6-acd2a4761507/ already exists.
./circuit_plots/Unrestricted Disentangled|Readout|CN=0|B0=2|B1=2|K=1280|L=320|p_B=0.75|p_C=0.75|B=2|eps=0|95cf655c-5fe1-41ee-b5c6-acd2a4761507/ already exists.
./circuit_plots/Unrestricted Disentangled|Readout|CN=0|B0=2|B1=2|K=1280|L=320|p_B=0.75|p_C=0.75|B=2|eps=0|95cf655c-5fe1-41ee-b5c6-acd2a4761507/ already exists.
./circuit_plots/Unrestricted Disentangled|Readout|CN=0|B0=2|B1=2|K=1280|L=320|p_B=0.75|p_C=0.75|B=2|eps=0|95cf655c-5fe1-41ee-b5c6-acd2a4761507/ already exists.
Epoch: 1000, Loss: 5.797226428985596
Test acc: 0.0022, IC acc: 0.0038, IC acc2: 0.0029, IW acc: 0.0082
Epoch: 1001, Loss: 5.770092964172363
Epoch: 1002, Loss: 5.741589546203613
Epoch: 1003, Loss: 5.756786823272705
Epoch: 1004, Loss: 5.749616622924805
Epoch: 1005, Loss: 5.779116630554199
Epoch: 1006, Loss: 5.772458553314209
Epoch: 1007, Loss: 5.755015850067139
Epoch: 1008, Loss: 5.789135932922363
Epoch: 1009, Loss: 5.732544422149658
Epoch: 1010, Loss: 5.746217727661133
Test acc: 0.0022, IC acc: 0.0031, IC acc2: 0.0029, IW acc: 0.0082
Epoch: 1011, Loss: 5.7601470947265625
Epoch: 1012, Loss: 5.762358665466309
Epoch: 1013, Loss: 5.773057460784912
Epoch: 1014, Loss: 5.739449977874756
Epoch: 1015, Loss: 5.79427433013916
Epoch: 1016, Loss: 5.799003601074219
Epoch: 1017, Loss: 5.726452827453613
Epoch: 1018, Loss: 5.756158351898193
Epoch: 1019, Loss: 5.759458065032959
Epoch: 1020, Loss: 5.7700395584106445
Test acc: 0.0022, IC acc: 0.0038, IC acc2: 0.0029, IW acc: 0.0082
Epoch: 1021, Loss: 5.738591194152832
Epoch: 1022, Loss: 5.804965019226074
Epoch: 1023, Loss: 5.788077354431152
Epoch: 1024, Loss: 5.73826789855957
Epoch: 1025, Loss: 5.770272254943848
Epoch: 1026, Loss: 5.822296619415283
Epoch: 1027, Loss: 5.791051387786865
Epoch: 1028, Loss: 5.805387496948242
Epoch: 1029, Loss: 5.778659820556641
Epoch: 1030, Loss: 5.759149551391602
Test acc: 0.0022, IC acc: 0.0038, IC acc2: 0.0029, IW acc: 0.0082
Epoch: 1031, Loss: 5.757375717163086
Epoch: 1032, Loss: 5.749964237213135
Epoch: 1033, Loss: 5.772160053253174
Epoch: 1034, Loss: 5.775500297546387
Epoch: 1035, Loss: 5.755918502807617
Epoch: 1036, Loss: 5.748554229736328
Epoch: 1037, Loss: 5.716757297515869
Epoch: 1038, Loss: 5.803563117980957
Epoch: 1039, Loss: 5.78870153427124
Epoch: 1040, Loss: 5.76320743560791
Test acc: 0.0022, IC acc: 0.0038, IC acc2: 0.0029, IW acc: 0.0082
Epoch: 1041, Loss: 5.780540943145752
Epoch: 1042, Loss: 5.7654829025268555
Epoch: 1043, Loss: 5.7516279220581055
Epoch: 1044, Loss: 5.767538070678711
Epoch: 1045, Loss: 5.793190956115723
Epoch: 1046, Loss: 5.78732967376709
Epoch: 1047, Loss: 5.807781219482422
Epoch: 1048, Loss: 5.741348743438721
Epoch: 1049, Loss: 5.733592987060547
./circuit_plots/Unrestricted Disentangled|Readout|CN=0|B0=2|B1=2|K=1280|L=320|p_B=0.75|p_C=0.75|B=2|eps=0|95cf655c-5fe1-41ee-b5c6-acd2a4761507/ already exists.
./circuit_plots/Unrestricted Disentangled|Readout|CN=0|B0=2|B1=2|K=1280|L=320|p_B=0.75|p_C=0.75|B=2|eps=0|95cf655c-5fe1-41ee-b5c6-acd2a4761507/ already exists.
./circuit_plots/Unrestricted Disentangled|Readout|CN=0|B0=2|B1=2|K=1280|L=320|p_B=0.75|p_C=0.75|B=2|eps=0|95cf655c-5fe1-41ee-b5c6-acd2a4761507/ already exists.
./circuit_plots/Unrestricted Disentangled|Readout|CN=0|B0=2|B1=2|K=1280|L=320|p_B=0.75|p_C=0.75|B=2|eps=0|95cf655c-5fe1-41ee-b5c6-acd2a4761507/ already exists.
./circuit_plots/Unrestricted Disentangled|Readout|CN=0|B0=2|B1=2|K=1280|L=320|p_B=0.75|p_C=0.75|B=2|eps=0|95cf655c-5fe1-41ee-b5c6-acd2a4761507/ already exists.
./circuit_plots/Unrestricted Disentangled|Readout|CN=0|B0=2|B1=2|K=1280|L=320|p_B=0.75|p_C=0.75|B=2|eps=0|95cf655c-5fe1-41ee-b5c6-acd2a4761507/ already exists.
./circuit_plots/Unrestricted Disentangled|Readout|CN=0|B0=2|B1=2|K=1280|L=320|p_B=0.75|p_C=0.75|B=2|eps=0|95cf655c-5fe1-41ee-b5c6-acd2a4761507/ already exists.
Epoch: 1050, Loss: 5.80555534362793
Test acc: 0.0022, IC acc: 0.0031, IC acc2: 0.0039, IW acc: 0.0082
Epoch: 1051, Loss: 5.791326522827148
Epoch: 1052, Loss: 5.754589080810547
Epoch: 1053, Loss: 5.780206680297852
Epoch: 1054, Loss: 5.771766662597656
Epoch: 1055, Loss: 5.764410018920898
Epoch: 1056, Loss: 5.7918806076049805
Epoch: 1057, Loss: 5.742923736572266
Epoch: 1058, Loss: 5.77264404296875
Epoch: 1059, Loss: 5.810262680053711
Epoch: 1060, Loss: 5.798649787902832
Test acc: 0.0022, IC acc: 0.0031, IC acc2: 0.0039, IW acc: 0.0082
Epoch: 1061, Loss: 5.784719467163086
Epoch: 1062, Loss: 5.748294353485107
Epoch: 1063, Loss: 5.75733757019043
Epoch: 1064, Loss: 5.778556823730469
Epoch: 1065, Loss: 5.780112266540527
Epoch: 1066, Loss: 5.743125915527344
Epoch: 1067, Loss: 5.785614490509033
Epoch: 1068, Loss: 5.81666374206543
Epoch: 1069, Loss: 5.749239921569824
Epoch: 1070, Loss: 5.774538040161133
Test acc: 0.0022, IC acc: 0.0031, IC acc2: 0.0039, IW acc: 0.0082
Epoch: 1071, Loss: 5.770052433013916
Epoch: 1072, Loss: 5.704970359802246
Epoch: 1073, Loss: 5.80010986328125
Epoch: 1074, Loss: 5.801440715789795
Epoch: 1075, Loss: 5.768749237060547
Epoch: 1076, Loss: 5.722586154937744
Epoch: 1077, Loss: 5.746323585510254
Epoch: 1078, Loss: 5.770357131958008
Epoch: 1079, Loss: 5.745474815368652
Epoch: 1080, Loss: 5.805315017700195
Test acc: 0.0022, IC acc: 0.0031, IC acc2: 0.0039, IW acc: 0.0082
Epoch: 1081, Loss: 5.791706085205078
Epoch: 1082, Loss: 5.723177909851074
Epoch: 1083, Loss: 5.772173881530762
Epoch: 1084, Loss: 5.766902446746826
Epoch: 1085, Loss: 5.763210773468018
Epoch: 1086, Loss: 5.758152484893799
Epoch: 1087, Loss: 5.758312225341797
Epoch: 1088, Loss: 5.73914909362793
Epoch: 1089, Loss: 5.777442932128906
Epoch: 1090, Loss: 5.754708766937256
Test acc: 0.0022, IC acc: 0.0031, IC acc2: 0.0039, IW acc: 0.0082
Epoch: 1091, Loss: 5.757513999938965
Epoch: 1092, Loss: 5.777790546417236
Epoch: 1093, Loss: 5.787476062774658
Epoch: 1094, Loss: 5.773505210876465
Epoch: 1095, Loss: 5.7822346687316895
Epoch: 1096, Loss: 5.745625019073486
Epoch: 1097, Loss: 5.753413200378418
Epoch: 1098, Loss: 5.766375541687012
Epoch: 1099, Loss: 5.766051769256592
./circuit_plots/Unrestricted Disentangled|Readout|CN=0|B0=2|B1=2|K=1280|L=320|p_B=0.75|p_C=0.75|B=2|eps=0|95cf655c-5fe1-41ee-b5c6-acd2a4761507/ already exists.
./circuit_plots/Unrestricted Disentangled|Readout|CN=0|B0=2|B1=2|K=1280|L=320|p_B=0.75|p_C=0.75|B=2|eps=0|95cf655c-5fe1-41ee-b5c6-acd2a4761507/ already exists.
./circuit_plots/Unrestricted Disentangled|Readout|CN=0|B0=2|B1=2|K=1280|L=320|p_B=0.75|p_C=0.75|B=2|eps=0|95cf655c-5fe1-41ee-b5c6-acd2a4761507/ already exists.
./circuit_plots/Unrestricted Disentangled|Readout|CN=0|B0=2|B1=2|K=1280|L=320|p_B=0.75|p_C=0.75|B=2|eps=0|95cf655c-5fe1-41ee-b5c6-acd2a4761507/ already exists.
./circuit_plots/Unrestricted Disentangled|Readout|CN=0|B0=2|B1=2|K=1280|L=320|p_B=0.75|p_C=0.75|B=2|eps=0|95cf655c-5fe1-41ee-b5c6-acd2a4761507/ already exists.
./circuit_plots/Unrestricted Disentangled|Readout|CN=0|B0=2|B1=2|K=1280|L=320|p_B=0.75|p_C=0.75|B=2|eps=0|95cf655c-5fe1-41ee-b5c6-acd2a4761507/ already exists.
./circuit_plots/Unrestricted Disentangled|Readout|CN=0|B0=2|B1=2|K=1280|L=320|p_B=0.75|p_C=0.75|B=2|eps=0|95cf655c-5fe1-41ee-b5c6-acd2a4761507/ already exists.
Epoch: 1100, Loss: 5.749943256378174
Test acc: 0.0022, IC acc: 0.0031, IC acc2: 0.0039, IW acc: 0.0082
Epoch: 1101, Loss: 5.743633270263672
Epoch: 1102, Loss: 5.762322902679443
Epoch: 1103, Loss: 5.731484413146973
Epoch: 1104, Loss: 5.771096706390381
Epoch: 1105, Loss: 5.763577938079834
Epoch: 1106, Loss: 5.807336807250977
Epoch: 1107, Loss: 5.7547125816345215
Epoch: 1108, Loss: 5.754762172698975
Epoch: 1109, Loss: 5.769257068634033
Epoch: 1110, Loss: 5.727607250213623
Test acc: 0.0022, IC acc: 0.0031, IC acc2: 0.0039, IW acc: 0.0082
Epoch: 1111, Loss: 5.772947311401367
Epoch: 1112, Loss: 5.792089462280273
Epoch: 1113, Loss: 5.7674713134765625
Epoch: 1114, Loss: 5.7624406814575195
Epoch: 1115, Loss: 5.759331703186035
Epoch: 1116, Loss: 5.738422393798828
Epoch: 1117, Loss: 5.79343318939209
Epoch: 1118, Loss: 5.781914234161377
Epoch: 1119, Loss: 5.806008815765381
Epoch: 1120, Loss: 5.779316425323486
Test acc: 0.0022, IC acc: 0.0031, IC acc2: 0.0039, IW acc: 0.0082
Epoch: 1121, Loss: 5.758545875549316
Epoch: 1122, Loss: 5.7651896476745605
Epoch: 1123, Loss: 5.795485496520996
Epoch: 1124, Loss: 5.795712471008301
Epoch: 1125, Loss: 5.755977630615234
Epoch: 1126, Loss: 5.784055709838867
Epoch: 1127, Loss: 5.725430488586426
Epoch: 1128, Loss: 5.7473273277282715
Epoch: 1129, Loss: 5.761662006378174
Epoch: 1130, Loss: 5.759218692779541
Test acc: 0.0022, IC acc: 0.0031, IC acc2: 0.0039, IW acc: 0.0087
Epoch: 1131, Loss: 5.741312026977539
Epoch: 1132, Loss: 5.743598937988281
Epoch: 1133, Loss: 5.762319087982178
Epoch: 1134, Loss: 5.750817775726318
Epoch: 1135, Loss: 5.790086269378662
Epoch: 1136, Loss: 5.752050876617432
Epoch: 1137, Loss: 5.755296230316162
Epoch: 1138, Loss: 5.798935890197754
Epoch: 1139, Loss: 5.720062255859375
Epoch: 1140, Loss: 5.7838335037231445
Test acc: 0.0022, IC acc: 0.0031, IC acc2: 0.0039, IW acc: 0.0087
Epoch: 1141, Loss: 5.728981018066406
Epoch: 1142, Loss: 5.788113594055176
Epoch: 1143, Loss: 5.746973991394043
Epoch: 1144, Loss: 5.776838779449463
Epoch: 1145, Loss: 5.804666519165039
Epoch: 1146, Loss: 5.830458164215088
Epoch: 1147, Loss: 5.777816295623779
Epoch: 1148, Loss: 5.749947547912598
Epoch: 1149, Loss: 5.763496398925781
./circuit_plots/Unrestricted Disentangled|Readout|CN=0|B0=2|B1=2|K=1280|L=320|p_B=0.75|p_C=0.75|B=2|eps=0|95cf655c-5fe1-41ee-b5c6-acd2a4761507/ already exists.
./circuit_plots/Unrestricted Disentangled|Readout|CN=0|B0=2|B1=2|K=1280|L=320|p_B=0.75|p_C=0.75|B=2|eps=0|95cf655c-5fe1-41ee-b5c6-acd2a4761507/ already exists.
./circuit_plots/Unrestricted Disentangled|Readout|CN=0|B0=2|B1=2|K=1280|L=320|p_B=0.75|p_C=0.75|B=2|eps=0|95cf655c-5fe1-41ee-b5c6-acd2a4761507/ already exists.
./circuit_plots/Unrestricted Disentangled|Readout|CN=0|B0=2|B1=2|K=1280|L=320|p_B=0.75|p_C=0.75|B=2|eps=0|95cf655c-5fe1-41ee-b5c6-acd2a4761507/ already exists.
./circuit_plots/Unrestricted Disentangled|Readout|CN=0|B0=2|B1=2|K=1280|L=320|p_B=0.75|p_C=0.75|B=2|eps=0|95cf655c-5fe1-41ee-b5c6-acd2a4761507/ already exists.
./circuit_plots/Unrestricted Disentangled|Readout|CN=0|B0=2|B1=2|K=1280|L=320|p_B=0.75|p_C=0.75|B=2|eps=0|95cf655c-5fe1-41ee-b5c6-acd2a4761507/ already exists.
./circuit_plots/Unrestricted Disentangled|Readout|CN=0|B0=2|B1=2|K=1280|L=320|p_B=0.75|p_C=0.75|B=2|eps=0|95cf655c-5fe1-41ee-b5c6-acd2a4761507/ already exists.
Epoch: 1150, Loss: 5.783283233642578
Test acc: 0.0022, IC acc: 0.0031, IC acc2: 0.0039, IW acc: 0.0087
Epoch: 1151, Loss: 5.742026329040527
Epoch: 1152, Loss: 5.777937889099121
Epoch: 1153, Loss: 5.75100040435791
Epoch: 1154, Loss: 5.763014793395996
Epoch: 1155, Loss: 5.794070720672607
Epoch: 1156, Loss: 5.797576904296875
Epoch: 1157, Loss: 5.741113662719727
Epoch: 1158, Loss: 5.771944046020508
Epoch: 1159, Loss: 5.761232376098633
Epoch: 1160, Loss: 5.811200141906738
Test acc: 0.0022, IC acc: 0.0031, IC acc2: 0.0039, IW acc: 0.0087
Epoch: 1161, Loss: 5.726595878601074
Epoch: 1162, Loss: 5.761446952819824
Epoch: 1163, Loss: 5.758906364440918
Epoch: 1164, Loss: 5.752386569976807
Epoch: 1165, Loss: 5.779204845428467
Epoch: 1166, Loss: 5.790275573730469
Epoch: 1167, Loss: 5.751199722290039
Epoch: 1168, Loss: 5.781970977783203
Epoch: 1169, Loss: 5.7768049240112305
Epoch: 1170, Loss: 5.752438068389893
Test acc: 0.0022, IC acc: 0.0031, IC acc2: 0.0039, IW acc: 0.0087
Epoch: 1171, Loss: 5.745641231536865
Epoch: 1172, Loss: 5.774127960205078
Epoch: 1173, Loss: 5.770391464233398
Epoch: 1174, Loss: 5.767164707183838
Epoch: 1175, Loss: 5.776496410369873
Epoch: 1176, Loss: 5.76652717590332
Epoch: 1177, Loss: 5.794196128845215
Epoch: 1178, Loss: 5.767282485961914
Epoch: 1179, Loss: 5.750604152679443
Epoch: 1180, Loss: 5.73012638092041
Test acc: 0.0022, IC acc: 0.0031, IC acc2: 0.0039, IW acc: 0.0087
Epoch: 1181, Loss: 5.757028102874756
Epoch: 1182, Loss: 5.8041276931762695
Epoch: 1183, Loss: 5.777848243713379
Epoch: 1184, Loss: 5.737289905548096
Epoch: 1185, Loss: 5.753885269165039
Epoch: 1186, Loss: 5.773151874542236
Epoch: 1187, Loss: 5.790620803833008
Epoch: 1188, Loss: 5.730306625366211
Epoch: 1189, Loss: 5.771086692810059
Epoch: 1190, Loss: 5.732845306396484
Test acc: 0.0022, IC acc: 0.0031, IC acc2: 0.0039, IW acc: 0.0087
Epoch: 1191, Loss: 5.740148544311523
Epoch: 1192, Loss: 5.753117084503174
Epoch: 1193, Loss: 5.7826056480407715
Epoch: 1194, Loss: 5.752024173736572
Epoch: 1195, Loss: 5.7901530265808105
Epoch: 1196, Loss: 5.767672061920166
Epoch: 1197, Loss: 5.785038948059082
Epoch: 1198, Loss: 5.776793956756592
Epoch: 1199, Loss: 5.737451553344727
./circuit_plots/Unrestricted Disentangled|Readout|CN=0|B0=2|B1=2|K=1280|L=320|p_B=0.75|p_C=0.75|B=2|eps=0|95cf655c-5fe1-41ee-b5c6-acd2a4761507/ already exists.
./circuit_plots/Unrestricted Disentangled|Readout|CN=0|B0=2|B1=2|K=1280|L=320|p_B=0.75|p_C=0.75|B=2|eps=0|95cf655c-5fe1-41ee-b5c6-acd2a4761507/ already exists.
./circuit_plots/Unrestricted Disentangled|Readout|CN=0|B0=2|B1=2|K=1280|L=320|p_B=0.75|p_C=0.75|B=2|eps=0|95cf655c-5fe1-41ee-b5c6-acd2a4761507/ already exists.
./circuit_plots/Unrestricted Disentangled|Readout|CN=0|B0=2|B1=2|K=1280|L=320|p_B=0.75|p_C=0.75|B=2|eps=0|95cf655c-5fe1-41ee-b5c6-acd2a4761507/ already exists.
./circuit_plots/Unrestricted Disentangled|Readout|CN=0|B0=2|B1=2|K=1280|L=320|p_B=0.75|p_C=0.75|B=2|eps=0|95cf655c-5fe1-41ee-b5c6-acd2a4761507/ already exists.
./circuit_plots/Unrestricted Disentangled|Readout|CN=0|B0=2|B1=2|K=1280|L=320|p_B=0.75|p_C=0.75|B=2|eps=0|95cf655c-5fe1-41ee-b5c6-acd2a4761507/ already exists.
./circuit_plots/Unrestricted Disentangled|Readout|CN=0|B0=2|B1=2|K=1280|L=320|p_B=0.75|p_C=0.75|B=2|eps=0|95cf655c-5fe1-41ee-b5c6-acd2a4761507/ already exists.
Epoch: 1200, Loss: 5.762103080749512
Test acc: 0.0025, IC acc: 0.0037, IC acc2: 0.0039, IW acc: 0.0099
Epoch: 1201, Loss: 5.750518798828125
Epoch: 1202, Loss: 5.794826507568359
Epoch: 1203, Loss: 5.783287048339844
Epoch: 1204, Loss: 5.760989189147949
Epoch: 1205, Loss: 5.785001277923584
Epoch: 1206, Loss: 5.8016462326049805
Epoch: 1207, Loss: 5.7338714599609375
Epoch: 1208, Loss: 5.742800235748291
Epoch: 1209, Loss: 5.752285957336426
Epoch: 1210, Loss: 5.740994453430176
Test acc: 0.0022, IC acc: 0.0031, IC acc2: 0.0039, IW acc: 0.0087
Epoch: 1211, Loss: 5.78501558303833
Epoch: 1212, Loss: 5.767983436584473
Epoch: 1213, Loss: 5.754493713378906
Epoch: 1214, Loss: 5.731964111328125
Epoch: 1215, Loss: 5.7885823249816895
Epoch: 1216, Loss: 5.758620262145996
Epoch: 1217, Loss: 5.792437553405762
Epoch: 1218, Loss: 5.720561981201172
Epoch: 1219, Loss: 5.757883071899414
Epoch: 1220, Loss: 5.78746223449707
Test acc: 0.0026, IC acc: 0.0031, IC acc2: 0.0039, IW acc: 0.0114
Epoch: 1221, Loss: 5.784287452697754
Epoch: 1222, Loss: 5.757511138916016
Epoch: 1223, Loss: 5.7659406661987305
Epoch: 1224, Loss: 5.768912315368652
Epoch: 1225, Loss: 5.7747063636779785
Epoch: 1226, Loss: 5.756037712097168
Epoch: 1227, Loss: 5.7333502769470215
Epoch: 1228, Loss: 5.725738048553467
Epoch: 1229, Loss: 5.764682769775391
Epoch: 1230, Loss: 5.7501115798950195
Test acc: 0.0026, IC acc: 0.0031, IC acc2: 0.0039, IW acc: 0.0114
Epoch: 1231, Loss: 5.754307746887207
Epoch: 1232, Loss: 5.791139125823975
Epoch: 1233, Loss: 5.755125045776367
Epoch: 1234, Loss: 5.732708930969238
Epoch: 1235, Loss: 5.757995128631592
Epoch: 1236, Loss: 5.756496906280518
Epoch: 1237, Loss: 5.801523685455322
Epoch: 1238, Loss: 5.771075248718262
Epoch: 1239, Loss: 5.759322166442871
Epoch: 1240, Loss: 5.804072380065918
Test acc: 0.0026, IC acc: 0.0031, IC acc2: 0.0039, IW acc: 0.0114
Epoch: 1241, Loss: 5.7866716384887695
Epoch: 1242, Loss: 5.787918567657471
Epoch: 1243, Loss: 5.790810585021973
Epoch: 1244, Loss: 5.769164085388184
Epoch: 1245, Loss: 5.718905448913574
Epoch: 1246, Loss: 5.760989665985107
Epoch: 1247, Loss: 5.741799354553223
Epoch: 1248, Loss: 5.729762077331543
Epoch: 1249, Loss: 5.78822135925293
./circuit_plots/Unrestricted Disentangled|Readout|CN=0|B0=2|B1=2|K=1280|L=320|p_B=0.75|p_C=0.75|B=2|eps=0|95cf655c-5fe1-41ee-b5c6-acd2a4761507/ already exists.
./circuit_plots/Unrestricted Disentangled|Readout|CN=0|B0=2|B1=2|K=1280|L=320|p_B=0.75|p_C=0.75|B=2|eps=0|95cf655c-5fe1-41ee-b5c6-acd2a4761507/ already exists.
./circuit_plots/Unrestricted Disentangled|Readout|CN=0|B0=2|B1=2|K=1280|L=320|p_B=0.75|p_C=0.75|B=2|eps=0|95cf655c-5fe1-41ee-b5c6-acd2a4761507/ already exists.
./circuit_plots/Unrestricted Disentangled|Readout|CN=0|B0=2|B1=2|K=1280|L=320|p_B=0.75|p_C=0.75|B=2|eps=0|95cf655c-5fe1-41ee-b5c6-acd2a4761507/ already exists.
./circuit_plots/Unrestricted Disentangled|Readout|CN=0|B0=2|B1=2|K=1280|L=320|p_B=0.75|p_C=0.75|B=2|eps=0|95cf655c-5fe1-41ee-b5c6-acd2a4761507/ already exists.
./circuit_plots/Unrestricted Disentangled|Readout|CN=0|B0=2|B1=2|K=1280|L=320|p_B=0.75|p_C=0.75|B=2|eps=0|95cf655c-5fe1-41ee-b5c6-acd2a4761507/ already exists.
./circuit_plots/Unrestricted Disentangled|Readout|CN=0|B0=2|B1=2|K=1280|L=320|p_B=0.75|p_C=0.75|B=2|eps=0|95cf655c-5fe1-41ee-b5c6-acd2a4761507/ already exists.
Epoch: 1250, Loss: 5.7755889892578125
Test acc: 0.0026, IC acc: 0.0031, IC acc2: 0.0039, IW acc: 0.0114
Epoch: 1251, Loss: 5.779388427734375
Epoch: 1252, Loss: 5.771609306335449
Epoch: 1253, Loss: 5.748301029205322
Epoch: 1254, Loss: 5.79367208480835
Epoch: 1255, Loss: 5.760732650756836
Epoch: 1256, Loss: 5.765854835510254
Epoch: 1257, Loss: 5.747148513793945
Epoch: 1258, Loss: 5.743868350982666
Epoch: 1259, Loss: 5.785879135131836
Epoch: 1260, Loss: 5.74593448638916
Test acc: 0.0019, IC acc: 0.0031, IC acc2: 0.0039, IW acc: 0.0114
Epoch: 1261, Loss: 5.763765811920166
Epoch: 1262, Loss: 5.763371467590332
Epoch: 1263, Loss: 5.734726905822754
Epoch: 1264, Loss: 5.814658164978027
Epoch: 1265, Loss: 5.762195110321045
Epoch: 1266, Loss: 5.74258279800415
Epoch: 1267, Loss: 5.773733139038086
Epoch: 1268, Loss: 5.755105495452881
Epoch: 1269, Loss: 5.769306182861328
Epoch: 1270, Loss: 5.75766658782959
Test acc: 0.0028, IC acc: 0.0031, IC acc2: 0.0039, IW acc: 0.0122
Epoch: 1271, Loss: 5.7755446434021
Epoch: 1272, Loss: 5.765130519866943
Epoch: 1273, Loss: 5.739861011505127
Epoch: 1274, Loss: 5.720107078552246
Epoch: 1275, Loss: 5.754398345947266
Epoch: 1276, Loss: 5.761226177215576
Epoch: 1277, Loss: 5.762358665466309
Epoch: 1278, Loss: 5.752737045288086
Epoch: 1279, Loss: 5.702804088592529
Epoch: 1280, Loss: 5.831061840057373
Test acc: 0.0028, IC acc: 0.0031, IC acc2: 0.0039, IW acc: 0.0122
Epoch: 1281, Loss: 5.761783599853516
Epoch: 1282, Loss: 5.756638526916504
Epoch: 1283, Loss: 5.776456832885742
Epoch: 1284, Loss: 5.797978401184082
Epoch: 1285, Loss: 5.795076370239258
Epoch: 1286, Loss: 5.760668754577637
Epoch: 1287, Loss: 5.743954181671143
Epoch: 1288, Loss: 5.739224910736084
Epoch: 1289, Loss: 5.779538631439209
Epoch: 1290, Loss: 5.712821006774902
Test acc: 0.0029, IC acc: 0.0031, IC acc2: 0.0039, IW acc: 0.0119
Epoch: 1291, Loss: 5.765773296356201
Epoch: 1292, Loss: 5.792974948883057
Epoch: 1293, Loss: 5.736654281616211
Epoch: 1294, Loss: 5.778506278991699
Epoch: 1295, Loss: 5.764317512512207
Epoch: 1296, Loss: 5.763444900512695
Epoch: 1297, Loss: 5.734519958496094
Epoch: 1298, Loss: 5.7311859130859375
Epoch: 1299, Loss: 5.7925825119018555
./circuit_plots/Unrestricted Disentangled|Readout|CN=0|B0=2|B1=2|K=1280|L=320|p_B=0.75|p_C=0.75|B=2|eps=0|95cf655c-5fe1-41ee-b5c6-acd2a4761507/ already exists.
./circuit_plots/Unrestricted Disentangled|Readout|CN=0|B0=2|B1=2|K=1280|L=320|p_B=0.75|p_C=0.75|B=2|eps=0|95cf655c-5fe1-41ee-b5c6-acd2a4761507/ already exists.
./circuit_plots/Unrestricted Disentangled|Readout|CN=0|B0=2|B1=2|K=1280|L=320|p_B=0.75|p_C=0.75|B=2|eps=0|95cf655c-5fe1-41ee-b5c6-acd2a4761507/ already exists.
./circuit_plots/Unrestricted Disentangled|Readout|CN=0|B0=2|B1=2|K=1280|L=320|p_B=0.75|p_C=0.75|B=2|eps=0|95cf655c-5fe1-41ee-b5c6-acd2a4761507/ already exists.
./circuit_plots/Unrestricted Disentangled|Readout|CN=0|B0=2|B1=2|K=1280|L=320|p_B=0.75|p_C=0.75|B=2|eps=0|95cf655c-5fe1-41ee-b5c6-acd2a4761507/ already exists.
./circuit_plots/Unrestricted Disentangled|Readout|CN=0|B0=2|B1=2|K=1280|L=320|p_B=0.75|p_C=0.75|B=2|eps=0|95cf655c-5fe1-41ee-b5c6-acd2a4761507/ already exists.
./circuit_plots/Unrestricted Disentangled|Readout|CN=0|B0=2|B1=2|K=1280|L=320|p_B=0.75|p_C=0.75|B=2|eps=0|95cf655c-5fe1-41ee-b5c6-acd2a4761507/ already exists.
Epoch: 1300, Loss: 5.721989631652832
Test acc: 0.0024, IC acc: 0.0041, IC acc2: 0.0039, IW acc: 0.0127
Epoch: 1301, Loss: 5.74485445022583
Epoch: 1302, Loss: 5.771953582763672
Epoch: 1303, Loss: 5.731869697570801
Epoch: 1304, Loss: 5.764366626739502
Epoch: 1305, Loss: 5.767242431640625
Epoch: 1306, Loss: 5.758813858032227
Epoch: 1307, Loss: 5.753137111663818
Epoch: 1308, Loss: 5.795797348022461
Epoch: 1309, Loss: 5.761929035186768
Epoch: 1310, Loss: 5.799633026123047
Test acc: 0.0024, IC acc: 0.0041, IC acc2: 0.0039, IW acc: 0.0127
Epoch: 1311, Loss: 5.743581295013428
Epoch: 1312, Loss: 5.77552604675293
Epoch: 1313, Loss: 5.761837959289551
Epoch: 1314, Loss: 5.787498950958252
Epoch: 1315, Loss: 5.734594345092773
Epoch: 1316, Loss: 5.770986557006836
Epoch: 1317, Loss: 5.803990840911865
Epoch: 1318, Loss: 5.765942096710205
Epoch: 1319, Loss: 5.742283344268799
Epoch: 1320, Loss: 5.751964092254639
Test acc: 0.0024, IC acc: 0.0041, IC acc2: 0.0039, IW acc: 0.0127
Epoch: 1321, Loss: 5.749491214752197
Epoch: 1322, Loss: 5.7666015625
Epoch: 1323, Loss: 5.780892372131348
Epoch: 1324, Loss: 5.775524139404297
Epoch: 1325, Loss: 5.772026062011719
Epoch: 1326, Loss: 5.753749370574951
Epoch: 1327, Loss: 5.762031555175781
Epoch: 1328, Loss: 5.778176784515381
Epoch: 1329, Loss: 5.780793190002441
Epoch: 1330, Loss: 5.738829135894775
Test acc: 0.0021, IC acc: 0.0041, IC acc2: 0.0039, IW acc: 0.0122
Epoch: 1331, Loss: 5.761474132537842
Epoch: 1332, Loss: 5.73903751373291
Epoch: 1333, Loss: 5.7639665603637695
Epoch: 1334, Loss: 5.7784600257873535
Epoch: 1335, Loss: 5.74422550201416
Epoch: 1336, Loss: 5.753902912139893
Epoch: 1337, Loss: 5.815492153167725
Epoch: 1338, Loss: 5.750881195068359
Epoch: 1339, Loss: 5.743390083312988
Epoch: 1340, Loss: 5.768120288848877
Test acc: 0.0021, IC acc: 0.0041, IC acc2: 0.0039, IW acc: 0.0122
Epoch: 1341, Loss: 5.753817558288574
Epoch: 1342, Loss: 5.746441841125488
Epoch: 1343, Loss: 5.805055618286133
Epoch: 1344, Loss: 5.7505950927734375
Epoch: 1345, Loss: 5.758208751678467
Epoch: 1346, Loss: 5.752920150756836
Epoch: 1347, Loss: 5.768157958984375
Epoch: 1348, Loss: 5.742923736572266
Epoch: 1349, Loss: 5.795348644256592
./circuit_plots/Unrestricted Disentangled|Readout|CN=0|B0=2|B1=2|K=1280|L=320|p_B=0.75|p_C=0.75|B=2|eps=0|95cf655c-5fe1-41ee-b5c6-acd2a4761507/ already exists.
./circuit_plots/Unrestricted Disentangled|Readout|CN=0|B0=2|B1=2|K=1280|L=320|p_B=0.75|p_C=0.75|B=2|eps=0|95cf655c-5fe1-41ee-b5c6-acd2a4761507/ already exists.
./circuit_plots/Unrestricted Disentangled|Readout|CN=0|B0=2|B1=2|K=1280|L=320|p_B=0.75|p_C=0.75|B=2|eps=0|95cf655c-5fe1-41ee-b5c6-acd2a4761507/ already exists.
./circuit_plots/Unrestricted Disentangled|Readout|CN=0|B0=2|B1=2|K=1280|L=320|p_B=0.75|p_C=0.75|B=2|eps=0|95cf655c-5fe1-41ee-b5c6-acd2a4761507/ already exists.
./circuit_plots/Unrestricted Disentangled|Readout|CN=0|B0=2|B1=2|K=1280|L=320|p_B=0.75|p_C=0.75|B=2|eps=0|95cf655c-5fe1-41ee-b5c6-acd2a4761507/ already exists.
./circuit_plots/Unrestricted Disentangled|Readout|CN=0|B0=2|B1=2|K=1280|L=320|p_B=0.75|p_C=0.75|B=2|eps=0|95cf655c-5fe1-41ee-b5c6-acd2a4761507/ already exists.
./circuit_plots/Unrestricted Disentangled|Readout|CN=0|B0=2|B1=2|K=1280|L=320|p_B=0.75|p_C=0.75|B=2|eps=0|95cf655c-5fe1-41ee-b5c6-acd2a4761507/ already exists.
Epoch: 1350, Loss: 5.740680694580078
Test acc: 0.0021, IC acc: 0.0041, IC acc2: 0.0039, IW acc: 0.0122
Epoch: 1351, Loss: 5.725528717041016
Epoch: 1352, Loss: 5.775148391723633
Epoch: 1353, Loss: 5.7590484619140625
Epoch: 1354, Loss: 5.799685001373291
Epoch: 1355, Loss: 5.770112037658691
Epoch: 1356, Loss: 5.717746257781982
Epoch: 1357, Loss: 5.728612899780273
Epoch: 1358, Loss: 5.778929233551025
Epoch: 1359, Loss: 5.752086639404297
Epoch: 1360, Loss: 5.7821526527404785
Test acc: 0.0021, IC acc: 0.0047, IC acc2: 0.0039, IW acc: 0.0122
Epoch: 1361, Loss: 5.811295986175537
Epoch: 1362, Loss: 5.7650065422058105
Epoch: 1363, Loss: 5.744183540344238
Epoch: 1364, Loss: 5.793423175811768
Epoch: 1365, Loss: 5.771149635314941
Epoch: 1366, Loss: 5.723354339599609
Epoch: 1367, Loss: 5.770965099334717
Epoch: 1368, Loss: 5.750755310058594
Epoch: 1369, Loss: 5.780082702636719
Epoch: 1370, Loss: 5.752532958984375
Test acc: 0.0033, IC acc: 0.0047, IC acc2: 0.0039, IW acc: 0.0129
Epoch: 1371, Loss: 5.791921615600586
Epoch: 1372, Loss: 5.773787498474121
Epoch: 1373, Loss: 5.740610122680664
Epoch: 1374, Loss: 5.699451446533203
Epoch: 1375, Loss: 5.742968559265137
Epoch: 1376, Loss: 5.773957252502441
Epoch: 1377, Loss: 5.748472690582275
Epoch: 1378, Loss: 5.751731872558594
Epoch: 1379, Loss: 5.77137565612793
Epoch: 1380, Loss: 5.768884181976318
Test acc: 0.0041, IC acc: 0.0041, IC acc2: 0.0039, IW acc: 0.0151
Epoch: 1381, Loss: 5.767131805419922
Epoch: 1382, Loss: 5.723790168762207
Epoch: 1383, Loss: 5.761420249938965
Epoch: 1384, Loss: 5.772160053253174
Epoch: 1385, Loss: 5.716300010681152
Epoch: 1386, Loss: 5.741805553436279
Epoch: 1387, Loss: 5.75473690032959
Epoch: 1388, Loss: 5.747626304626465
Epoch: 1389, Loss: 5.781471252441406
Epoch: 1390, Loss: 5.746387481689453
Test acc: 0.0038, IC acc: 0.0041, IC acc2: 0.0039, IW acc: 0.0146
Epoch: 1391, Loss: 5.75474739074707
Epoch: 1392, Loss: 5.751047134399414
Epoch: 1393, Loss: 5.734132766723633
Epoch: 1394, Loss: 5.789715766906738
Epoch: 1395, Loss: 5.739355087280273
Epoch: 1396, Loss: 5.7390217781066895
Epoch: 1397, Loss: 5.741049766540527
Epoch: 1398, Loss: 5.728864669799805
Epoch: 1399, Loss: 5.790757179260254
./circuit_plots/Unrestricted Disentangled|Readout|CN=0|B0=2|B1=2|K=1280|L=320|p_B=0.75|p_C=0.75|B=2|eps=0|95cf655c-5fe1-41ee-b5c6-acd2a4761507/ already exists.
./circuit_plots/Unrestricted Disentangled|Readout|CN=0|B0=2|B1=2|K=1280|L=320|p_B=0.75|p_C=0.75|B=2|eps=0|95cf655c-5fe1-41ee-b5c6-acd2a4761507/ already exists.
./circuit_plots/Unrestricted Disentangled|Readout|CN=0|B0=2|B1=2|K=1280|L=320|p_B=0.75|p_C=0.75|B=2|eps=0|95cf655c-5fe1-41ee-b5c6-acd2a4761507/ already exists.
./circuit_plots/Unrestricted Disentangled|Readout|CN=0|B0=2|B1=2|K=1280|L=320|p_B=0.75|p_C=0.75|B=2|eps=0|95cf655c-5fe1-41ee-b5c6-acd2a4761507/ already exists.
./circuit_plots/Unrestricted Disentangled|Readout|CN=0|B0=2|B1=2|K=1280|L=320|p_B=0.75|p_C=0.75|B=2|eps=0|95cf655c-5fe1-41ee-b5c6-acd2a4761507/ already exists.
./circuit_plots/Unrestricted Disentangled|Readout|CN=0|B0=2|B1=2|K=1280|L=320|p_B=0.75|p_C=0.75|B=2|eps=0|95cf655c-5fe1-41ee-b5c6-acd2a4761507/ already exists.
./circuit_plots/Unrestricted Disentangled|Readout|CN=0|B0=2|B1=2|K=1280|L=320|p_B=0.75|p_C=0.75|B=2|eps=0|95cf655c-5fe1-41ee-b5c6-acd2a4761507/ already exists.
Epoch: 1400, Loss: 5.746317386627197
Test acc: 0.0044, IC acc: 0.0041, IC acc2: 0.0039, IW acc: 0.0148
Epoch: 1401, Loss: 5.752225875854492
Epoch: 1402, Loss: 5.760014533996582
Epoch: 1403, Loss: 5.750411033630371
Epoch: 1404, Loss: 5.768006324768066
Epoch: 1405, Loss: 5.752849102020264
Epoch: 1406, Loss: 5.769883155822754
Epoch: 1407, Loss: 5.744144439697266
Epoch: 1408, Loss: 5.7652153968811035
Epoch: 1409, Loss: 5.737828254699707
Epoch: 1410, Loss: 5.781452178955078
Test acc: 0.0041, IC acc: 0.0041, IC acc2: 0.0039, IW acc: 0.0151
Epoch: 1411, Loss: 5.765344619750977
Epoch: 1412, Loss: 5.751155853271484
Epoch: 1413, Loss: 5.766129493713379
Epoch: 1414, Loss: 5.752224445343018
Epoch: 1415, Loss: 5.734807968139648
Epoch: 1416, Loss: 5.799283027648926
Epoch: 1417, Loss: 5.68733549118042
Epoch: 1418, Loss: 5.751797199249268
Epoch: 1419, Loss: 5.748431205749512
Epoch: 1420, Loss: 5.76975679397583
Test acc: 0.0041, IC acc: 0.0041, IC acc2: 0.0039, IW acc: 0.0151
Epoch: 1421, Loss: 5.785040378570557
Epoch: 1422, Loss: 5.783929824829102
Epoch: 1423, Loss: 5.7486572265625
Epoch: 1424, Loss: 5.753904342651367
Epoch: 1425, Loss: 5.766086578369141
Epoch: 1426, Loss: 5.77369499206543
Epoch: 1427, Loss: 5.764709949493408
Epoch: 1428, Loss: 5.758906364440918
Epoch: 1429, Loss: 5.7767157554626465
Epoch: 1430, Loss: 5.763360977172852
Test acc: 0.0045, IC acc: 0.0041, IC acc2: 0.0039, IW acc: 0.0158
Epoch: 1431, Loss: 5.716689109802246
Epoch: 1432, Loss: 5.743260860443115
Epoch: 1433, Loss: 5.750356674194336
Epoch: 1434, Loss: 5.701286315917969
Epoch: 1435, Loss: 5.811081886291504
Epoch: 1436, Loss: 5.740406513214111
Epoch: 1437, Loss: 5.769285202026367
Epoch: 1438, Loss: 5.735838890075684
Epoch: 1439, Loss: 5.732811450958252
Epoch: 1440, Loss: 5.770784378051758
Test acc: 0.0042, IC acc: 0.0041, IC acc2: 0.0039, IW acc: 0.0153
Epoch: 1441, Loss: 5.737358093261719
Epoch: 1442, Loss: 5.776334285736084
Epoch: 1443, Loss: 5.733880043029785
Epoch: 1444, Loss: 5.788045883178711
Epoch: 1445, Loss: 5.751670837402344
Epoch: 1446, Loss: 5.7655816078186035
Epoch: 1447, Loss: 5.76309061050415
Epoch: 1448, Loss: 5.780184745788574
Epoch: 1449, Loss: 5.748686790466309
./circuit_plots/Unrestricted Disentangled|Readout|CN=0|B0=2|B1=2|K=1280|L=320|p_B=0.75|p_C=0.75|B=2|eps=0|95cf655c-5fe1-41ee-b5c6-acd2a4761507/ already exists.
./circuit_plots/Unrestricted Disentangled|Readout|CN=0|B0=2|B1=2|K=1280|L=320|p_B=0.75|p_C=0.75|B=2|eps=0|95cf655c-5fe1-41ee-b5c6-acd2a4761507/ already exists.
./circuit_plots/Unrestricted Disentangled|Readout|CN=0|B0=2|B1=2|K=1280|L=320|p_B=0.75|p_C=0.75|B=2|eps=0|95cf655c-5fe1-41ee-b5c6-acd2a4761507/ already exists.
./circuit_plots/Unrestricted Disentangled|Readout|CN=0|B0=2|B1=2|K=1280|L=320|p_B=0.75|p_C=0.75|B=2|eps=0|95cf655c-5fe1-41ee-b5c6-acd2a4761507/ already exists.
./circuit_plots/Unrestricted Disentangled|Readout|CN=0|B0=2|B1=2|K=1280|L=320|p_B=0.75|p_C=0.75|B=2|eps=0|95cf655c-5fe1-41ee-b5c6-acd2a4761507/ already exists.
./circuit_plots/Unrestricted Disentangled|Readout|CN=0|B0=2|B1=2|K=1280|L=320|p_B=0.75|p_C=0.75|B=2|eps=0|95cf655c-5fe1-41ee-b5c6-acd2a4761507/ already exists.
./circuit_plots/Unrestricted Disentangled|Readout|CN=0|B0=2|B1=2|K=1280|L=320|p_B=0.75|p_C=0.75|B=2|eps=0|95cf655c-5fe1-41ee-b5c6-acd2a4761507/ already exists.
Epoch: 1450, Loss: 5.744064807891846
Test acc: 0.0049, IC acc: 0.0041, IC acc2: 0.0039, IW acc: 0.0153
Epoch: 1451, Loss: 5.766240119934082
Epoch: 1452, Loss: 5.760771751403809
Epoch: 1453, Loss: 5.7987470626831055
Epoch: 1454, Loss: 5.749906063079834
Epoch: 1455, Loss: 5.781201362609863
Epoch: 1456, Loss: 5.760457515716553
Epoch: 1457, Loss: 5.759664535522461
Epoch: 1458, Loss: 5.789085388183594
Epoch: 1459, Loss: 5.7885589599609375
Epoch: 1460, Loss: 5.766119956970215
Test acc: 0.0045, IC acc: 0.0047, IC acc2: 0.0039, IW acc: 0.0158
Epoch: 1461, Loss: 5.775310516357422
Epoch: 1462, Loss: 5.749484539031982
Epoch: 1463, Loss: 5.736478805541992
Epoch: 1464, Loss: 5.767572402954102
Epoch: 1465, Loss: 5.762282371520996
Epoch: 1466, Loss: 5.749194145202637
Epoch: 1467, Loss: 5.77243709564209
Epoch: 1468, Loss: 5.745571136474609
Epoch: 1469, Loss: 5.734771728515625
Epoch: 1470, Loss: 5.753844738006592
Test acc: 0.0052, IC acc: 0.0047, IC acc2: 0.0039, IW acc: 0.0158
Epoch: 1471, Loss: 5.7706990242004395
Epoch: 1472, Loss: 5.766210079193115
Epoch: 1473, Loss: 5.76439094543457
Epoch: 1474, Loss: 5.751894950866699
Epoch: 1475, Loss: 5.7609124183654785
Epoch: 1476, Loss: 5.768721580505371
Epoch: 1477, Loss: 5.81028938293457
Epoch: 1478, Loss: 5.746685028076172
Epoch: 1479, Loss: 5.743678569793701
Epoch: 1480, Loss: 5.741235256195068
Test acc: 0.0054, IC acc: 0.0047, IC acc2: 0.0039, IW acc: 0.0163
Epoch: 1481, Loss: 5.732326507568359
Epoch: 1482, Loss: 5.748098850250244
Epoch: 1483, Loss: 5.772552967071533
Epoch: 1484, Loss: 5.765279769897461
Epoch: 1485, Loss: 5.782359600067139
Epoch: 1486, Loss: 5.778448104858398
Epoch: 1487, Loss: 5.75473690032959
Epoch: 1488, Loss: 5.7803497314453125
Epoch: 1489, Loss: 5.740249156951904
Epoch: 1490, Loss: 5.7273077964782715
Test acc: 0.0058, IC acc: 0.0047, IC acc2: 0.0039, IW acc: 0.0173
Epoch: 1491, Loss: 5.746415615081787
Epoch: 1492, Loss: 5.743496894836426
Epoch: 1493, Loss: 5.752074241638184
Epoch: 1494, Loss: 5.804815292358398
Epoch: 1495, Loss: 5.707991123199463
Epoch: 1496, Loss: 5.747222900390625
Epoch: 1497, Loss: 5.758264541625977
Epoch: 1498, Loss: 5.75571870803833
Epoch: 1499, Loss: 5.758785247802734
./circuit_plots/Unrestricted Disentangled|Readout|CN=0|B0=2|B1=2|K=1280|L=320|p_B=0.75|p_C=0.75|B=2|eps=0|95cf655c-5fe1-41ee-b5c6-acd2a4761507/ already exists.
./circuit_plots/Unrestricted Disentangled|Readout|CN=0|B0=2|B1=2|K=1280|L=320|p_B=0.75|p_C=0.75|B=2|eps=0|95cf655c-5fe1-41ee-b5c6-acd2a4761507/ already exists.
./circuit_plots/Unrestricted Disentangled|Readout|CN=0|B0=2|B1=2|K=1280|L=320|p_B=0.75|p_C=0.75|B=2|eps=0|95cf655c-5fe1-41ee-b5c6-acd2a4761507/ already exists.
./circuit_plots/Unrestricted Disentangled|Readout|CN=0|B0=2|B1=2|K=1280|L=320|p_B=0.75|p_C=0.75|B=2|eps=0|95cf655c-5fe1-41ee-b5c6-acd2a4761507/ already exists.
./circuit_plots/Unrestricted Disentangled|Readout|CN=0|B0=2|B1=2|K=1280|L=320|p_B=0.75|p_C=0.75|B=2|eps=0|95cf655c-5fe1-41ee-b5c6-acd2a4761507/ already exists.
./circuit_plots/Unrestricted Disentangled|Readout|CN=0|B0=2|B1=2|K=1280|L=320|p_B=0.75|p_C=0.75|B=2|eps=0|95cf655c-5fe1-41ee-b5c6-acd2a4761507/ already exists.
./circuit_plots/Unrestricted Disentangled|Readout|CN=0|B0=2|B1=2|K=1280|L=320|p_B=0.75|p_C=0.75|B=2|eps=0|95cf655c-5fe1-41ee-b5c6-acd2a4761507/ already exists.
Epoch: 1500, Loss: 5.7521233558654785
Test acc: 0.0057, IC acc: 0.0047, IC acc2: 0.0039, IW acc: 0.018
Epoch: 1501, Loss: 5.762237548828125
Epoch: 1502, Loss: 5.745022773742676
Epoch: 1503, Loss: 5.768898010253906
Epoch: 1504, Loss: 5.72430419921875
Epoch: 1505, Loss: 5.783847808837891
Epoch: 1506, Loss: 5.791144371032715
Epoch: 1507, Loss: 5.743121147155762
Epoch: 1508, Loss: 5.748151779174805
Epoch: 1509, Loss: 5.793068885803223
Epoch: 1510, Loss: 5.713325023651123
Test acc: 0.0047, IC acc: 0.0047, IC acc2: 0.0039, IW acc: 0.0175
Epoch: 1511, Loss: 5.739612102508545
Epoch: 1512, Loss: 5.748760223388672
Epoch: 1513, Loss: 5.773435115814209
Epoch: 1514, Loss: 5.759108543395996
Epoch: 1515, Loss: 5.71792459487915
Epoch: 1516, Loss: 5.781978607177734
Epoch: 1517, Loss: 5.72796106338501
Epoch: 1518, Loss: 5.727747917175293
Epoch: 1519, Loss: 5.75277853012085
Epoch: 1520, Loss: 5.705343246459961
Test acc: 0.005, IC acc: 0.0047, IC acc2: 0.0039, IW acc: 0.018
Epoch: 1521, Loss: 5.785536766052246
Epoch: 1522, Loss: 5.7871198654174805
Epoch: 1523, Loss: 5.806037902832031
Epoch: 1524, Loss: 5.752613067626953
Epoch: 1525, Loss: 5.746892929077148
Epoch: 1526, Loss: 5.786417007446289
Epoch: 1527, Loss: 5.721747398376465
Epoch: 1528, Loss: 5.745574474334717
Epoch: 1529, Loss: 5.760644912719727
Epoch: 1530, Loss: 5.761416435241699
Test acc: 0.005, IC acc: 0.0047, IC acc2: 0.0039, IW acc: 0.018
Epoch: 1531, Loss: 5.746466636657715
Epoch: 1532, Loss: 5.7336273193359375
Epoch: 1533, Loss: 5.75385856628418
Epoch: 1534, Loss: 5.743943214416504
Epoch: 1535, Loss: 5.760074615478516
Epoch: 1536, Loss: 5.80221700668335
Epoch: 1537, Loss: 5.742227554321289
Epoch: 1538, Loss: 5.745967864990234
Epoch: 1539, Loss: 5.749878883361816
Epoch: 1540, Loss: 5.771629333496094
Test acc: 0.0053, IC acc: 0.0047, IC acc2: 0.0039, IW acc: 0.0185
Epoch: 1541, Loss: 5.760263919830322
Epoch: 1542, Loss: 5.771358489990234
Epoch: 1543, Loss: 5.805093765258789
Epoch: 1544, Loss: 5.751474380493164
Epoch: 1545, Loss: 5.783924102783203
Epoch: 1546, Loss: 5.795305252075195
Epoch: 1547, Loss: 5.69573974609375
Epoch: 1548, Loss: 5.722829341888428
Epoch: 1549, Loss: 5.734452247619629
./circuit_plots/Unrestricted Disentangled|Readout|CN=0|B0=2|B1=2|K=1280|L=320|p_B=0.75|p_C=0.75|B=2|eps=0|95cf655c-5fe1-41ee-b5c6-acd2a4761507/ already exists.
./circuit_plots/Unrestricted Disentangled|Readout|CN=0|B0=2|B1=2|K=1280|L=320|p_B=0.75|p_C=0.75|B=2|eps=0|95cf655c-5fe1-41ee-b5c6-acd2a4761507/ already exists.
./circuit_plots/Unrestricted Disentangled|Readout|CN=0|B0=2|B1=2|K=1280|L=320|p_B=0.75|p_C=0.75|B=2|eps=0|95cf655c-5fe1-41ee-b5c6-acd2a4761507/ already exists.
./circuit_plots/Unrestricted Disentangled|Readout|CN=0|B0=2|B1=2|K=1280|L=320|p_B=0.75|p_C=0.75|B=2|eps=0|95cf655c-5fe1-41ee-b5c6-acd2a4761507/ already exists.
./circuit_plots/Unrestricted Disentangled|Readout|CN=0|B0=2|B1=2|K=1280|L=320|p_B=0.75|p_C=0.75|B=2|eps=0|95cf655c-5fe1-41ee-b5c6-acd2a4761507/ already exists.
./circuit_plots/Unrestricted Disentangled|Readout|CN=0|B0=2|B1=2|K=1280|L=320|p_B=0.75|p_C=0.75|B=2|eps=0|95cf655c-5fe1-41ee-b5c6-acd2a4761507/ already exists.
./circuit_plots/Unrestricted Disentangled|Readout|CN=0|B0=2|B1=2|K=1280|L=320|p_B=0.75|p_C=0.75|B=2|eps=0|95cf655c-5fe1-41ee-b5c6-acd2a4761507/ already exists.
Epoch: 1550, Loss: 5.720114707946777
Test acc: 0.0052, IC acc: 0.0047, IC acc2: 0.0039, IW acc: 0.0185
Epoch: 1551, Loss: 5.803728103637695
Epoch: 1552, Loss: 5.7797346115112305
Epoch: 1553, Loss: 5.7515363693237305
Epoch: 1554, Loss: 5.755840301513672
Epoch: 1555, Loss: 5.768085479736328
Epoch: 1556, Loss: 5.74161434173584
Epoch: 1557, Loss: 5.7391486167907715
Epoch: 1558, Loss: 5.776308059692383
Epoch: 1559, Loss: 5.7280731201171875
Epoch: 1560, Loss: 5.732631683349609
Test acc: 0.0055, IC acc: 0.0047, IC acc2: 0.0039, IW acc: 0.019
Epoch: 1561, Loss: 5.7819743156433105
Epoch: 1562, Loss: 5.72836971282959
Epoch: 1563, Loss: 5.734372615814209
Epoch: 1564, Loss: 5.726790904998779
Epoch: 1565, Loss: 5.7711334228515625
Epoch: 1566, Loss: 5.747704982757568
Epoch: 1567, Loss: 5.809090614318848
Epoch: 1568, Loss: 5.781803607940674
Epoch: 1569, Loss: 5.771025657653809
Epoch: 1570, Loss: 5.715876579284668
Test acc: 0.0055, IC acc: 0.0047, IC acc2: 0.0039, IW acc: 0.019
Epoch: 1571, Loss: 5.743854522705078
Epoch: 1572, Loss: 5.742138862609863
Epoch: 1573, Loss: 5.727935791015625
Epoch: 1574, Loss: 5.730141639709473
Epoch: 1575, Loss: 5.695854187011719
Epoch: 1576, Loss: 5.757185935974121
Epoch: 1577, Loss: 5.748634338378906
Epoch: 1578, Loss: 5.753593444824219
Epoch: 1579, Loss: 5.733377456665039
Epoch: 1580, Loss: 5.715488433837891
Test acc: 0.0055, IC acc: 0.0047, IC acc2: 0.0039, IW acc: 0.019
Epoch: 1581, Loss: 5.794334411621094
Epoch: 1582, Loss: 5.741696357727051
Epoch: 1583, Loss: 5.775568962097168
Epoch: 1584, Loss: 5.733131408691406
Epoch: 1585, Loss: 5.765984535217285
Epoch: 1586, Loss: 5.785256385803223
Epoch: 1587, Loss: 5.788917541503906
Epoch: 1588, Loss: 5.743960380554199
Epoch: 1589, Loss: 5.750692367553711
Epoch: 1590, Loss: 5.808889389038086
Test acc: 0.0055, IC acc: 0.0047, IC acc2: 0.0039, IW acc: 0.019
Epoch: 1591, Loss: 5.754676818847656
Epoch: 1592, Loss: 5.757043838500977
Epoch: 1593, Loss: 5.74446964263916
Epoch: 1594, Loss: 5.748828887939453
Epoch: 1595, Loss: 5.756007671356201
Epoch: 1596, Loss: 5.744977951049805
Epoch: 1597, Loss: 5.733436107635498
Epoch: 1598, Loss: 5.783099174499512
Epoch: 1599, Loss: 5.723796367645264
./circuit_plots/Unrestricted Disentangled|Readout|CN=0|B0=2|B1=2|K=1280|L=320|p_B=0.75|p_C=0.75|B=2|eps=0|95cf655c-5fe1-41ee-b5c6-acd2a4761507/ already exists.
./circuit_plots/Unrestricted Disentangled|Readout|CN=0|B0=2|B1=2|K=1280|L=320|p_B=0.75|p_C=0.75|B=2|eps=0|95cf655c-5fe1-41ee-b5c6-acd2a4761507/ already exists.
./circuit_plots/Unrestricted Disentangled|Readout|CN=0|B0=2|B1=2|K=1280|L=320|p_B=0.75|p_C=0.75|B=2|eps=0|95cf655c-5fe1-41ee-b5c6-acd2a4761507/ already exists.
./circuit_plots/Unrestricted Disentangled|Readout|CN=0|B0=2|B1=2|K=1280|L=320|p_B=0.75|p_C=0.75|B=2|eps=0|95cf655c-5fe1-41ee-b5c6-acd2a4761507/ already exists.
./circuit_plots/Unrestricted Disentangled|Readout|CN=0|B0=2|B1=2|K=1280|L=320|p_B=0.75|p_C=0.75|B=2|eps=0|95cf655c-5fe1-41ee-b5c6-acd2a4761507/ already exists.
./circuit_plots/Unrestricted Disentangled|Readout|CN=0|B0=2|B1=2|K=1280|L=320|p_B=0.75|p_C=0.75|B=2|eps=0|95cf655c-5fe1-41ee-b5c6-acd2a4761507/ already exists.
./circuit_plots/Unrestricted Disentangled|Readout|CN=0|B0=2|B1=2|K=1280|L=320|p_B=0.75|p_C=0.75|B=2|eps=0|95cf655c-5fe1-41ee-b5c6-acd2a4761507/ already exists.
Epoch: 1600, Loss: 5.748845100402832
Test acc: 0.0055, IC acc: 0.0047, IC acc2: 0.0039, IW acc: 0.019
Epoch: 1601, Loss: 5.739330291748047
Epoch: 1602, Loss: 5.740476131439209
Epoch: 1603, Loss: 5.786306858062744
Epoch: 1604, Loss: 5.783944129943848
Epoch: 1605, Loss: 5.76991081237793
Epoch: 1606, Loss: 5.728415489196777
Epoch: 1607, Loss: 5.775602340698242
Epoch: 1608, Loss: 5.750951290130615
Epoch: 1609, Loss: 5.791840553283691
Epoch: 1610, Loss: 5.72828483581543
Test acc: 0.0056, IC acc: 0.0047, IC acc2: 0.0039, IW acc: 0.0195
Epoch: 1611, Loss: 5.728880405426025
Epoch: 1612, Loss: 5.703855514526367
Epoch: 1613, Loss: 5.758357048034668
Epoch: 1614, Loss: 5.767844200134277
Epoch: 1615, Loss: 5.779199600219727
Epoch: 1616, Loss: 5.769380569458008
Epoch: 1617, Loss: 5.725207328796387
Epoch: 1618, Loss: 5.75978422164917
Epoch: 1619, Loss: 5.770472526550293
Epoch: 1620, Loss: 5.732428550720215
Test acc: 0.0056, IC acc: 0.0047, IC acc2: 0.0039, IW acc: 0.0195
Epoch: 1621, Loss: 5.69795560836792
Epoch: 1622, Loss: 5.729657173156738
Epoch: 1623, Loss: 5.8164472579956055
Epoch: 1624, Loss: 5.74990177154541
Epoch: 1625, Loss: 5.737579822540283
Epoch: 1626, Loss: 5.7766804695129395
Epoch: 1627, Loss: 5.721009254455566
Epoch: 1628, Loss: 5.758212566375732
Epoch: 1629, Loss: 5.695221900939941
Epoch: 1630, Loss: 5.729574203491211
Test acc: 0.0056, IC acc: 0.0047, IC acc2: 0.0039, IW acc: 0.0195
Epoch: 1631, Loss: 5.737415790557861
Epoch: 1632, Loss: 5.779880523681641
Epoch: 1633, Loss: 5.74383544921875
Epoch: 1634, Loss: 5.780816078186035
Epoch: 1635, Loss: 5.7671003341674805
Epoch: 1636, Loss: 5.776185512542725
Epoch: 1637, Loss: 5.7430419921875
Epoch: 1638, Loss: 5.748655319213867
Epoch: 1639, Loss: 5.77880859375
Epoch: 1640, Loss: 5.747662544250488
Test acc: 0.0056, IC acc: 0.0047, IC acc2: 0.0039, IW acc: 0.0195
Epoch: 1641, Loss: 5.776857376098633
Epoch: 1642, Loss: 5.7744832038879395
Epoch: 1643, Loss: 5.750236988067627
Epoch: 1644, Loss: 5.757126808166504
Epoch: 1645, Loss: 5.762017250061035
Epoch: 1646, Loss: 5.74835205078125
Epoch: 1647, Loss: 5.746097564697266
Epoch: 1648, Loss: 5.727204322814941
Epoch: 1649, Loss: 5.752774238586426
./circuit_plots/Unrestricted Disentangled|Readout|CN=0|B0=2|B1=2|K=1280|L=320|p_B=0.75|p_C=0.75|B=2|eps=0|95cf655c-5fe1-41ee-b5c6-acd2a4761507/ already exists.
./circuit_plots/Unrestricted Disentangled|Readout|CN=0|B0=2|B1=2|K=1280|L=320|p_B=0.75|p_C=0.75|B=2|eps=0|95cf655c-5fe1-41ee-b5c6-acd2a4761507/ already exists.
./circuit_plots/Unrestricted Disentangled|Readout|CN=0|B0=2|B1=2|K=1280|L=320|p_B=0.75|p_C=0.75|B=2|eps=0|95cf655c-5fe1-41ee-b5c6-acd2a4761507/ already exists.
./circuit_plots/Unrestricted Disentangled|Readout|CN=0|B0=2|B1=2|K=1280|L=320|p_B=0.75|p_C=0.75|B=2|eps=0|95cf655c-5fe1-41ee-b5c6-acd2a4761507/ already exists.
./circuit_plots/Unrestricted Disentangled|Readout|CN=0|B0=2|B1=2|K=1280|L=320|p_B=0.75|p_C=0.75|B=2|eps=0|95cf655c-5fe1-41ee-b5c6-acd2a4761507/ already exists.
./circuit_plots/Unrestricted Disentangled|Readout|CN=0|B0=2|B1=2|K=1280|L=320|p_B=0.75|p_C=0.75|B=2|eps=0|95cf655c-5fe1-41ee-b5c6-acd2a4761507/ already exists.
./circuit_plots/Unrestricted Disentangled|Readout|CN=0|B0=2|B1=2|K=1280|L=320|p_B=0.75|p_C=0.75|B=2|eps=0|95cf655c-5fe1-41ee-b5c6-acd2a4761507/ already exists.
Epoch: 1650, Loss: 5.772006034851074
Test acc: 0.0056, IC acc: 0.0047, IC acc2: 0.0039, IW acc: 0.0195
Epoch: 1651, Loss: 5.795106887817383
Epoch: 1652, Loss: 5.775348663330078
Epoch: 1653, Loss: 5.735086917877197
Epoch: 1654, Loss: 5.740027904510498
Epoch: 1655, Loss: 5.751298427581787
Epoch: 1656, Loss: 5.750653266906738
Epoch: 1657, Loss: 5.728664398193359
Epoch: 1658, Loss: 5.764549255371094
Epoch: 1659, Loss: 5.788792133331299
Epoch: 1660, Loss: 5.7501068115234375
Test acc: 0.0056, IC acc: 0.0047, IC acc2: 0.0039, IW acc: 0.0195
Epoch: 1661, Loss: 5.735198974609375
Epoch: 1662, Loss: 5.747979640960693
Epoch: 1663, Loss: 5.707603454589844
Epoch: 1664, Loss: 5.780595302581787
Epoch: 1665, Loss: 5.715073585510254
Epoch: 1666, Loss: 5.788342475891113
Epoch: 1667, Loss: 5.802497863769531
Epoch: 1668, Loss: 5.763601303100586
Epoch: 1669, Loss: 5.780332565307617
Epoch: 1670, Loss: 5.707732200622559
Test acc: 0.0056, IC acc: 0.0047, IC acc2: 0.0039, IW acc: 0.0195
Epoch: 1671, Loss: 5.76567268371582
Epoch: 1672, Loss: 5.744903564453125
Epoch: 1673, Loss: 5.811927795410156
Epoch: 1674, Loss: 5.746730804443359
Epoch: 1675, Loss: 5.757957458496094
Epoch: 1676, Loss: 5.770451545715332
Epoch: 1677, Loss: 5.731658935546875
Epoch: 1678, Loss: 5.76803731918335
Epoch: 1679, Loss: 5.758550643920898
Epoch: 1680, Loss: 5.731077194213867
Test acc: 0.0062, IC acc: 0.0047, IC acc2: 0.0039, IW acc: 0.0195
Epoch: 1681, Loss: 5.748143672943115
Epoch: 1682, Loss: 5.771583080291748
Epoch: 1683, Loss: 5.761974811553955
Epoch: 1684, Loss: 5.773196697235107
Epoch: 1685, Loss: 5.753108024597168
Epoch: 1686, Loss: 5.747077941894531
Epoch: 1687, Loss: 5.754044532775879
Epoch: 1688, Loss: 5.738323211669922
Epoch: 1689, Loss: 5.787439346313477
Epoch: 1690, Loss: 5.7358245849609375
Test acc: 0.006, IC acc: 0.0047, IC acc2: 0.0039, IW acc: 0.019
Epoch: 1691, Loss: 5.765717506408691
Epoch: 1692, Loss: 5.741027355194092
Epoch: 1693, Loss: 5.733455657958984
Epoch: 1694, Loss: 5.749562740325928
Epoch: 1695, Loss: 5.7377471923828125
Epoch: 1696, Loss: 5.767805099487305
Epoch: 1697, Loss: 5.7382493019104
Epoch: 1698, Loss: 5.77645206451416
Epoch: 1699, Loss: 5.7682671546936035
./circuit_plots/Unrestricted Disentangled|Readout|CN=0|B0=2|B1=2|K=1280|L=320|p_B=0.75|p_C=0.75|B=2|eps=0|95cf655c-5fe1-41ee-b5c6-acd2a4761507/ already exists.
./circuit_plots/Unrestricted Disentangled|Readout|CN=0|B0=2|B1=2|K=1280|L=320|p_B=0.75|p_C=0.75|B=2|eps=0|95cf655c-5fe1-41ee-b5c6-acd2a4761507/ already exists.
./circuit_plots/Unrestricted Disentangled|Readout|CN=0|B0=2|B1=2|K=1280|L=320|p_B=0.75|p_C=0.75|B=2|eps=0|95cf655c-5fe1-41ee-b5c6-acd2a4761507/ already exists.
./circuit_plots/Unrestricted Disentangled|Readout|CN=0|B0=2|B1=2|K=1280|L=320|p_B=0.75|p_C=0.75|B=2|eps=0|95cf655c-5fe1-41ee-b5c6-acd2a4761507/ already exists.
./circuit_plots/Unrestricted Disentangled|Readout|CN=0|B0=2|B1=2|K=1280|L=320|p_B=0.75|p_C=0.75|B=2|eps=0|95cf655c-5fe1-41ee-b5c6-acd2a4761507/ already exists.
./circuit_plots/Unrestricted Disentangled|Readout|CN=0|B0=2|B1=2|K=1280|L=320|p_B=0.75|p_C=0.75|B=2|eps=0|95cf655c-5fe1-41ee-b5c6-acd2a4761507/ already exists.
./circuit_plots/Unrestricted Disentangled|Readout|CN=0|B0=2|B1=2|K=1280|L=320|p_B=0.75|p_C=0.75|B=2|eps=0|95cf655c-5fe1-41ee-b5c6-acd2a4761507/ already exists.
Epoch: 1700, Loss: 5.775324821472168
Test acc: 0.0062, IC acc: 0.0047, IC acc2: 0.0039, IW acc: 0.0195
Epoch: 1701, Loss: 5.746786117553711
Epoch: 1702, Loss: 5.755914211273193
Epoch: 1703, Loss: 5.729454040527344
Epoch: 1704, Loss: 5.791349411010742
Epoch: 1705, Loss: 5.746577262878418
Epoch: 1706, Loss: 5.766857624053955
Epoch: 1707, Loss: 5.694323539733887
Epoch: 1708, Loss: 5.7452073097229
Epoch: 1709, Loss: 5.715367317199707
Epoch: 1710, Loss: 5.761811256408691
Test acc: 0.0062, IC acc: 0.0047, IC acc2: 0.0039, IW acc: 0.0195
Epoch: 1711, Loss: 5.7430830001831055
Epoch: 1712, Loss: 5.745350360870361
Epoch: 1713, Loss: 5.775874137878418
Epoch: 1714, Loss: 5.764284133911133
Epoch: 1715, Loss: 5.782118320465088
Epoch: 1716, Loss: 5.771573543548584
Epoch: 1717, Loss: 5.775730133056641
Epoch: 1718, Loss: 5.757804870605469
Epoch: 1719, Loss: 5.7520246505737305
Epoch: 1720, Loss: 5.76458740234375
Test acc: 0.0062, IC acc: 0.0047, IC acc2: 0.0039, IW acc: 0.0195
Epoch: 1721, Loss: 5.72161340713501
Epoch: 1722, Loss: 5.793316841125488
Epoch: 1723, Loss: 5.775684356689453
Epoch: 1724, Loss: 5.754618167877197
Epoch: 1725, Loss: 5.778873920440674
Epoch: 1726, Loss: 5.7449750900268555
Epoch: 1727, Loss: 5.737225532531738
Epoch: 1728, Loss: 5.766162872314453
Epoch: 1729, Loss: 5.722311019897461
Epoch: 1730, Loss: 5.722231864929199
Test acc: 0.0062, IC acc: 0.0047, IC acc2: 0.0039, IW acc: 0.0195
Epoch: 1731, Loss: 5.8264875411987305
Epoch: 1732, Loss: 5.785831928253174
Epoch: 1733, Loss: 5.756258964538574
Epoch: 1734, Loss: 5.780485153198242
Epoch: 1735, Loss: 5.71527624130249
Epoch: 1736, Loss: 5.75657844543457
Epoch: 1737, Loss: 5.720213890075684
Epoch: 1738, Loss: 5.7389631271362305
Epoch: 1739, Loss: 5.715216159820557
Epoch: 1740, Loss: 5.769464492797852
Test acc: 0.006, IC acc: 0.0047, IC acc2: 0.0039, IW acc: 0.019
Epoch: 1741, Loss: 5.743874549865723
Epoch: 1742, Loss: 5.745340824127197
Epoch: 1743, Loss: 5.75071907043457
Epoch: 1744, Loss: 5.767477035522461
Epoch: 1745, Loss: 5.739438056945801
Epoch: 1746, Loss: 5.775202751159668
Epoch: 1747, Loss: 5.7452497482299805
Epoch: 1748, Loss: 5.718252182006836
Epoch: 1749, Loss: 5.734105587005615
./circuit_plots/Unrestricted Disentangled|Readout|CN=0|B0=2|B1=2|K=1280|L=320|p_B=0.75|p_C=0.75|B=2|eps=0|95cf655c-5fe1-41ee-b5c6-acd2a4761507/ already exists.
./circuit_plots/Unrestricted Disentangled|Readout|CN=0|B0=2|B1=2|K=1280|L=320|p_B=0.75|p_C=0.75|B=2|eps=0|95cf655c-5fe1-41ee-b5c6-acd2a4761507/ already exists.
./circuit_plots/Unrestricted Disentangled|Readout|CN=0|B0=2|B1=2|K=1280|L=320|p_B=0.75|p_C=0.75|B=2|eps=0|95cf655c-5fe1-41ee-b5c6-acd2a4761507/ already exists.
./circuit_plots/Unrestricted Disentangled|Readout|CN=0|B0=2|B1=2|K=1280|L=320|p_B=0.75|p_C=0.75|B=2|eps=0|95cf655c-5fe1-41ee-b5c6-acd2a4761507/ already exists.
./circuit_plots/Unrestricted Disentangled|Readout|CN=0|B0=2|B1=2|K=1280|L=320|p_B=0.75|p_C=0.75|B=2|eps=0|95cf655c-5fe1-41ee-b5c6-acd2a4761507/ already exists.
./circuit_plots/Unrestricted Disentangled|Readout|CN=0|B0=2|B1=2|K=1280|L=320|p_B=0.75|p_C=0.75|B=2|eps=0|95cf655c-5fe1-41ee-b5c6-acd2a4761507/ already exists.
./circuit_plots/Unrestricted Disentangled|Readout|CN=0|B0=2|B1=2|K=1280|L=320|p_B=0.75|p_C=0.75|B=2|eps=0|95cf655c-5fe1-41ee-b5c6-acd2a4761507/ already exists.
Epoch: 1750, Loss: 5.762136459350586
Test acc: 0.006, IC acc: 0.0047, IC acc2: 0.0039, IW acc: 0.019
Epoch: 1751, Loss: 5.786503314971924
Epoch: 1752, Loss: 5.741576194763184
Epoch: 1753, Loss: 5.760299205780029
Epoch: 1754, Loss: 5.7960205078125
Epoch: 1755, Loss: 5.7290472984313965
Epoch: 1756, Loss: 5.7471537590026855
Epoch: 1757, Loss: 5.766445159912109
Epoch: 1758, Loss: 5.761847496032715
Epoch: 1759, Loss: 5.76127815246582
Epoch: 1760, Loss: 5.7642669677734375
Test acc: 0.0061, IC acc: 0.0047, IC acc2: 0.0039, IW acc: 0.0201
Epoch: 1761, Loss: 5.771303653717041
Epoch: 1762, Loss: 5.724492073059082
Epoch: 1763, Loss: 5.729727268218994
Epoch: 1764, Loss: 5.750168800354004
Epoch: 1765, Loss: 5.80336856842041
Epoch: 1766, Loss: 5.739265441894531
Epoch: 1767, Loss: 5.750958442687988
Epoch: 1768, Loss: 5.761875152587891
Epoch: 1769, Loss: 5.755867958068848
Epoch: 1770, Loss: 5.7711076736450195
Test acc: 0.0062, IC acc: 0.0047, IC acc2: 0.0039, IW acc: 0.0195
Epoch: 1771, Loss: 5.787230491638184
Epoch: 1772, Loss: 5.734189987182617
Epoch: 1773, Loss: 5.779106140136719
Epoch: 1774, Loss: 5.752966403961182
Epoch: 1775, Loss: 5.716762542724609
Epoch: 1776, Loss: 5.793039321899414
Epoch: 1777, Loss: 5.756462574005127
Epoch: 1778, Loss: 5.704435348510742
Epoch: 1779, Loss: 5.751224517822266
Epoch: 1780, Loss: 5.727334499359131
Test acc: 0.0068, IC acc: 0.0047, IC acc2: 0.0039, IW acc: 0.02
Epoch: 1781, Loss: 5.750463962554932
Epoch: 1782, Loss: 5.733549118041992
Epoch: 1783, Loss: 5.757070541381836
Epoch: 1784, Loss: 5.7549967765808105
Epoch: 1785, Loss: 5.718404293060303
Epoch: 1786, Loss: 5.735687255859375
Epoch: 1787, Loss: 5.734065055847168
Epoch: 1788, Loss: 5.758605003356934
Epoch: 1789, Loss: 5.736454010009766
Epoch: 1790, Loss: 5.72939395904541
Test acc: 0.0069, IC acc: 0.0047, IC acc2: 0.0039, IW acc: 0.0211
Epoch: 1791, Loss: 5.761723518371582
Epoch: 1792, Loss: 5.737004280090332
Epoch: 1793, Loss: 5.72951602935791
Epoch: 1794, Loss: 5.766692161560059
Epoch: 1795, Loss: 5.733051776885986
Epoch: 1796, Loss: 5.75547981262207
Epoch: 1797, Loss: 5.74567174911499
Epoch: 1798, Loss: 5.713107585906982
Epoch: 1799, Loss: 5.770215034484863
./circuit_plots/Unrestricted Disentangled|Readout|CN=0|B0=2|B1=2|K=1280|L=320|p_B=0.75|p_C=0.75|B=2|eps=0|95cf655c-5fe1-41ee-b5c6-acd2a4761507/ already exists.
./circuit_plots/Unrestricted Disentangled|Readout|CN=0|B0=2|B1=2|K=1280|L=320|p_B=0.75|p_C=0.75|B=2|eps=0|95cf655c-5fe1-41ee-b5c6-acd2a4761507/ already exists.
./circuit_plots/Unrestricted Disentangled|Readout|CN=0|B0=2|B1=2|K=1280|L=320|p_B=0.75|p_C=0.75|B=2|eps=0|95cf655c-5fe1-41ee-b5c6-acd2a4761507/ already exists.
./circuit_plots/Unrestricted Disentangled|Readout|CN=0|B0=2|B1=2|K=1280|L=320|p_B=0.75|p_C=0.75|B=2|eps=0|95cf655c-5fe1-41ee-b5c6-acd2a4761507/ already exists.
./circuit_plots/Unrestricted Disentangled|Readout|CN=0|B0=2|B1=2|K=1280|L=320|p_B=0.75|p_C=0.75|B=2|eps=0|95cf655c-5fe1-41ee-b5c6-acd2a4761507/ already exists.
./circuit_plots/Unrestricted Disentangled|Readout|CN=0|B0=2|B1=2|K=1280|L=320|p_B=0.75|p_C=0.75|B=2|eps=0|95cf655c-5fe1-41ee-b5c6-acd2a4761507/ already exists.
./circuit_plots/Unrestricted Disentangled|Readout|CN=0|B0=2|B1=2|K=1280|L=320|p_B=0.75|p_C=0.75|B=2|eps=0|95cf655c-5fe1-41ee-b5c6-acd2a4761507/ already exists.
Epoch: 1800, Loss: 5.766135215759277
Test acc: 0.007, IC acc: 0.0047, IC acc2: 0.0039, IW acc: 0.0223
Epoch: 1801, Loss: 5.7660346031188965
Epoch: 1802, Loss: 5.712747573852539
Epoch: 1803, Loss: 5.753206729888916
Epoch: 1804, Loss: 5.714723587036133
Epoch: 1805, Loss: 5.725440502166748
Epoch: 1806, Loss: 5.773946762084961
Epoch: 1807, Loss: 5.74843692779541
Epoch: 1808, Loss: 5.716818809509277
Epoch: 1809, Loss: 5.753386974334717
Epoch: 1810, Loss: 5.720137596130371
Test acc: 0.007, IC acc: 0.0047, IC acc2: 0.0039, IW acc: 0.0223
Epoch: 1811, Loss: 5.786670207977295
Epoch: 1812, Loss: 5.707647323608398
Epoch: 1813, Loss: 5.754056453704834
Epoch: 1814, Loss: 5.759871482849121
Epoch: 1815, Loss: 5.761990547180176
Epoch: 1816, Loss: 5.717682838439941
Epoch: 1817, Loss: 5.738739967346191
Epoch: 1818, Loss: 5.742259979248047
Epoch: 1819, Loss: 5.7366943359375
Epoch: 1820, Loss: 5.766286849975586
Test acc: 0.007, IC acc: 0.0047, IC acc2: 0.0039, IW acc: 0.0223
Epoch: 1821, Loss: 5.719419479370117
Epoch: 1822, Loss: 5.770814895629883
Epoch: 1823, Loss: 5.771613121032715
Epoch: 1824, Loss: 5.715827465057373
Epoch: 1825, Loss: 5.763291835784912
Epoch: 1826, Loss: 5.734936237335205
Epoch: 1827, Loss: 5.707810878753662
Epoch: 1828, Loss: 5.736231327056885
Epoch: 1829, Loss: 5.773082256317139
Epoch: 1830, Loss: 5.722352027893066
Test acc: 0.007, IC acc: 0.0037, IC acc2: 0.0039, IW acc: 0.0223
Epoch: 1831, Loss: 5.7658514976501465
Epoch: 1832, Loss: 5.756856441497803
Epoch: 1833, Loss: 5.7597246170043945
Epoch: 1834, Loss: 5.742887496948242
Epoch: 1835, Loss: 5.736428260803223
Epoch: 1836, Loss: 5.726840496063232
Epoch: 1837, Loss: 5.73427677154541
Epoch: 1838, Loss: 5.741816520690918
Epoch: 1839, Loss: 5.711568832397461
Epoch: 1840, Loss: 5.749316692352295
Test acc: 0.007, IC acc: 0.0037, IC acc2: 0.0039, IW acc: 0.0223
Epoch: 1841, Loss: 5.742283821105957
Epoch: 1842, Loss: 5.7950897216796875
Epoch: 1843, Loss: 5.723602294921875
Epoch: 1844, Loss: 5.75478982925415
Epoch: 1845, Loss: 5.728800296783447
Epoch: 1846, Loss: 5.764698028564453
Epoch: 1847, Loss: 5.7401299476623535
Epoch: 1848, Loss: 5.795239448547363
Epoch: 1849, Loss: 5.758110523223877
./circuit_plots/Unrestricted Disentangled|Readout|CN=0|B0=2|B1=2|K=1280|L=320|p_B=0.75|p_C=0.75|B=2|eps=0|95cf655c-5fe1-41ee-b5c6-acd2a4761507/ already exists.
./circuit_plots/Unrestricted Disentangled|Readout|CN=0|B0=2|B1=2|K=1280|L=320|p_B=0.75|p_C=0.75|B=2|eps=0|95cf655c-5fe1-41ee-b5c6-acd2a4761507/ already exists.
./circuit_plots/Unrestricted Disentangled|Readout|CN=0|B0=2|B1=2|K=1280|L=320|p_B=0.75|p_C=0.75|B=2|eps=0|95cf655c-5fe1-41ee-b5c6-acd2a4761507/ already exists.
./circuit_plots/Unrestricted Disentangled|Readout|CN=0|B0=2|B1=2|K=1280|L=320|p_B=0.75|p_C=0.75|B=2|eps=0|95cf655c-5fe1-41ee-b5c6-acd2a4761507/ already exists.
./circuit_plots/Unrestricted Disentangled|Readout|CN=0|B0=2|B1=2|K=1280|L=320|p_B=0.75|p_C=0.75|B=2|eps=0|95cf655c-5fe1-41ee-b5c6-acd2a4761507/ already exists.
./circuit_plots/Unrestricted Disentangled|Readout|CN=0|B0=2|B1=2|K=1280|L=320|p_B=0.75|p_C=0.75|B=2|eps=0|95cf655c-5fe1-41ee-b5c6-acd2a4761507/ already exists.
./circuit_plots/Unrestricted Disentangled|Readout|CN=0|B0=2|B1=2|K=1280|L=320|p_B=0.75|p_C=0.75|B=2|eps=0|95cf655c-5fe1-41ee-b5c6-acd2a4761507/ already exists.
Epoch: 1850, Loss: 5.7644453048706055
Test acc: 0.0069, IC acc: 0.0037, IC acc2: 0.0039, IW acc: 0.0211
Epoch: 1851, Loss: 5.751317501068115
Epoch: 1852, Loss: 5.74696683883667
Epoch: 1853, Loss: 5.784346580505371
Epoch: 1854, Loss: 5.726387977600098
Epoch: 1855, Loss: 5.736560821533203
Epoch: 1856, Loss: 5.720458030700684
Epoch: 1857, Loss: 5.698968410491943
Epoch: 1858, Loss: 5.768494606018066
Epoch: 1859, Loss: 5.7176666259765625
Epoch: 1860, Loss: 5.726592063903809
Test acc: 0.007, IC acc: 0.0037, IC acc2: 0.0039, IW acc: 0.0223
Epoch: 1861, Loss: 5.752582550048828
Epoch: 1862, Loss: 5.782199382781982
Epoch: 1863, Loss: 5.756242275238037
Epoch: 1864, Loss: 5.723127365112305
Epoch: 1865, Loss: 5.751686096191406
Epoch: 1866, Loss: 5.7171549797058105
Epoch: 1867, Loss: 5.738341808319092
Epoch: 1868, Loss: 5.742773056030273
Epoch: 1869, Loss: 5.743562698364258
Epoch: 1870, Loss: 5.740015983581543
Test acc: 0.007, IC acc: 0.0037, IC acc2: 0.0039, IW acc: 0.0223
Epoch: 1871, Loss: 5.769667625427246
Epoch: 1872, Loss: 5.767233848571777
Epoch: 1873, Loss: 5.749049186706543
Epoch: 1874, Loss: 5.738744735717773
Epoch: 1875, Loss: 5.70773983001709
Epoch: 1876, Loss: 5.764345169067383
Epoch: 1877, Loss: 5.680047035217285
Epoch: 1878, Loss: 5.728306770324707
Epoch: 1879, Loss: 5.717329502105713
Epoch: 1880, Loss: 5.796995162963867
Test acc: 0.007, IC acc: 0.0037, IC acc2: 0.0039, IW acc: 0.0223
Epoch: 1881, Loss: 5.776270866394043
Epoch: 1882, Loss: 5.816240310668945
Epoch: 1883, Loss: 5.734795570373535
Epoch: 1884, Loss: 5.748722076416016
Epoch: 1885, Loss: 5.750950813293457
Epoch: 1886, Loss: 5.75211763381958
Epoch: 1887, Loss: 5.73503303527832
Epoch: 1888, Loss: 5.710910797119141
Epoch: 1889, Loss: 5.748212814331055
Epoch: 1890, Loss: 5.737215042114258
Test acc: 0.0071, IC acc: 0.0037, IC acc2: 0.0039, IW acc: 0.0227
Epoch: 1891, Loss: 5.768723487854004
Epoch: 1892, Loss: 5.754573822021484
Epoch: 1893, Loss: 5.753006458282471
Epoch: 1894, Loss: 5.704474449157715
Epoch: 1895, Loss: 5.761610984802246
Epoch: 1896, Loss: 5.751601219177246
Epoch: 1897, Loss: 5.757514476776123
Epoch: 1898, Loss: 5.775050163269043
Epoch: 1899, Loss: 5.775036811828613
./circuit_plots/Unrestricted Disentangled|Readout|CN=0|B0=2|B1=2|K=1280|L=320|p_B=0.75|p_C=0.75|B=2|eps=0|95cf655c-5fe1-41ee-b5c6-acd2a4761507/ already exists.
./circuit_plots/Unrestricted Disentangled|Readout|CN=0|B0=2|B1=2|K=1280|L=320|p_B=0.75|p_C=0.75|B=2|eps=0|95cf655c-5fe1-41ee-b5c6-acd2a4761507/ already exists.
./circuit_plots/Unrestricted Disentangled|Readout|CN=0|B0=2|B1=2|K=1280|L=320|p_B=0.75|p_C=0.75|B=2|eps=0|95cf655c-5fe1-41ee-b5c6-acd2a4761507/ already exists.
./circuit_plots/Unrestricted Disentangled|Readout|CN=0|B0=2|B1=2|K=1280|L=320|p_B=0.75|p_C=0.75|B=2|eps=0|95cf655c-5fe1-41ee-b5c6-acd2a4761507/ already exists.
./circuit_plots/Unrestricted Disentangled|Readout|CN=0|B0=2|B1=2|K=1280|L=320|p_B=0.75|p_C=0.75|B=2|eps=0|95cf655c-5fe1-41ee-b5c6-acd2a4761507/ already exists.
./circuit_plots/Unrestricted Disentangled|Readout|CN=0|B0=2|B1=2|K=1280|L=320|p_B=0.75|p_C=0.75|B=2|eps=0|95cf655c-5fe1-41ee-b5c6-acd2a4761507/ already exists.
./circuit_plots/Unrestricted Disentangled|Readout|CN=0|B0=2|B1=2|K=1280|L=320|p_B=0.75|p_C=0.75|B=2|eps=0|95cf655c-5fe1-41ee-b5c6-acd2a4761507/ already exists.
Epoch: 1900, Loss: 5.732478618621826
Test acc: 0.0074, IC acc: 0.0037, IC acc2: 0.0039, IW acc: 0.0232
Epoch: 1901, Loss: 5.769598007202148
Epoch: 1902, Loss: 5.72197151184082
Epoch: 1903, Loss: 5.748766899108887
Epoch: 1904, Loss: 5.703030586242676
Epoch: 1905, Loss: 5.757080078125
Epoch: 1906, Loss: 5.766622543334961
Epoch: 1907, Loss: 5.745208263397217
Epoch: 1908, Loss: 5.692296028137207
Epoch: 1909, Loss: 5.764191150665283
Epoch: 1910, Loss: 5.71138858795166
Test acc: 0.0071, IC acc: 0.0037, IC acc2: 0.0039, IW acc: 0.0227
Epoch: 1911, Loss: 5.752405166625977
Epoch: 1912, Loss: 5.719564437866211
Epoch: 1913, Loss: 5.7273077964782715
Epoch: 1914, Loss: 5.762115478515625
Epoch: 1915, Loss: 5.763648986816406
Epoch: 1916, Loss: 5.7271575927734375
Epoch: 1917, Loss: 5.745983600616455
Epoch: 1918, Loss: 5.796914100646973
Epoch: 1919, Loss: 5.756060600280762
Epoch: 1920, Loss: 5.7409820556640625
Test acc: 0.0071, IC acc: 0.0037, IC acc2: 0.0039, IW acc: 0.0227
Epoch: 1921, Loss: 5.70621919631958
Epoch: 1922, Loss: 5.767972469329834
Epoch: 1923, Loss: 5.778530597686768
Epoch: 1924, Loss: 5.7658305168151855
Epoch: 1925, Loss: 5.762415885925293
Epoch: 1926, Loss: 5.721365928649902
Epoch: 1927, Loss: 5.734243869781494
Epoch: 1928, Loss: 5.728859901428223
Epoch: 1929, Loss: 5.7266364097595215
Epoch: 1930, Loss: 5.711956977844238
Test acc: 0.0071, IC acc: 0.0037, IC acc2: 0.0039, IW acc: 0.0227
Epoch: 1931, Loss: 5.761816024780273
Epoch: 1932, Loss: 5.765716552734375
Epoch: 1933, Loss: 5.7313947677612305
Epoch: 1934, Loss: 5.717523097991943
Epoch: 1935, Loss: 5.758941650390625
Epoch: 1936, Loss: 5.716311454772949
Epoch: 1937, Loss: 5.714012145996094
Epoch: 1938, Loss: 5.770366668701172
Epoch: 1939, Loss: 5.730896949768066
Epoch: 1940, Loss: 5.734899520874023
Test acc: 0.0071, IC acc: 0.0037, IC acc2: 0.0039, IW acc: 0.0227
Epoch: 1941, Loss: 5.743765830993652
Epoch: 1942, Loss: 5.754423141479492
Epoch: 1943, Loss: 5.71012544631958
Epoch: 1944, Loss: 5.730879783630371
Epoch: 1945, Loss: 5.726873397827148
Epoch: 1946, Loss: 5.740428447723389
Epoch: 1947, Loss: 5.7107038497924805
Epoch: 1948, Loss: 5.761667251586914
Epoch: 1949, Loss: 5.776305198669434
./circuit_plots/Unrestricted Disentangled|Readout|CN=0|B0=2|B1=2|K=1280|L=320|p_B=0.75|p_C=0.75|B=2|eps=0|95cf655c-5fe1-41ee-b5c6-acd2a4761507/ already exists.
./circuit_plots/Unrestricted Disentangled|Readout|CN=0|B0=2|B1=2|K=1280|L=320|p_B=0.75|p_C=0.75|B=2|eps=0|95cf655c-5fe1-41ee-b5c6-acd2a4761507/ already exists.
./circuit_plots/Unrestricted Disentangled|Readout|CN=0|B0=2|B1=2|K=1280|L=320|p_B=0.75|p_C=0.75|B=2|eps=0|95cf655c-5fe1-41ee-b5c6-acd2a4761507/ already exists.
./circuit_plots/Unrestricted Disentangled|Readout|CN=0|B0=2|B1=2|K=1280|L=320|p_B=0.75|p_C=0.75|B=2|eps=0|95cf655c-5fe1-41ee-b5c6-acd2a4761507/ already exists.
./circuit_plots/Unrestricted Disentangled|Readout|CN=0|B0=2|B1=2|K=1280|L=320|p_B=0.75|p_C=0.75|B=2|eps=0|95cf655c-5fe1-41ee-b5c6-acd2a4761507/ already exists.
./circuit_plots/Unrestricted Disentangled|Readout|CN=0|B0=2|B1=2|K=1280|L=320|p_B=0.75|p_C=0.75|B=2|eps=0|95cf655c-5fe1-41ee-b5c6-acd2a4761507/ already exists.
./circuit_plots/Unrestricted Disentangled|Readout|CN=0|B0=2|B1=2|K=1280|L=320|p_B=0.75|p_C=0.75|B=2|eps=0|95cf655c-5fe1-41ee-b5c6-acd2a4761507/ already exists.
Epoch: 1950, Loss: 5.765563011169434
Test acc: 0.0071, IC acc: 0.0037, IC acc2: 0.0039, IW acc: 0.0227
Epoch: 1951, Loss: 5.785706520080566
Epoch: 1952, Loss: 5.776251792907715
Epoch: 1953, Loss: 5.747978210449219
Epoch: 1954, Loss: 5.753670692443848
Epoch: 1955, Loss: 5.764225959777832
Epoch: 1956, Loss: 5.766239166259766
Epoch: 1957, Loss: 5.799157619476318
Epoch: 1958, Loss: 5.772294521331787
Epoch: 1959, Loss: 5.771397590637207
Epoch: 1960, Loss: 5.79245662689209
Test acc: 0.0071, IC acc: 0.0037, IC acc2: 0.0039, IW acc: 0.0227
Epoch: 1961, Loss: 5.764573097229004
Epoch: 1962, Loss: 5.696938514709473
Epoch: 1963, Loss: 5.737397193908691
Epoch: 1964, Loss: 5.7333173751831055
Epoch: 1965, Loss: 5.728228569030762
Epoch: 1966, Loss: 5.739144325256348
Epoch: 1967, Loss: 5.745157241821289
Epoch: 1968, Loss: 5.805497169494629
Epoch: 1969, Loss: 5.768340110778809
Epoch: 1970, Loss: 5.718332767486572
Test acc: 0.0071, IC acc: 0.0037, IC acc2: 0.0039, IW acc: 0.0227
Epoch: 1971, Loss: 5.761984825134277
Epoch: 1972, Loss: 5.710513114929199
Epoch: 1973, Loss: 5.751955032348633
Epoch: 1974, Loss: 5.757601261138916
Epoch: 1975, Loss: 5.735933780670166
Epoch: 1976, Loss: 5.745059967041016
Epoch: 1977, Loss: 5.718900680541992
Epoch: 1978, Loss: 5.750033378601074
Epoch: 1979, Loss: 5.7502055168151855
Epoch: 1980, Loss: 5.7640838623046875
Test acc: 0.0073, IC acc: 0.0037, IC acc2: 0.0039, IW acc: 0.0236
Epoch: 1981, Loss: 5.741060256958008
Epoch: 1982, Loss: 5.729013919830322
Epoch: 1983, Loss: 5.75975227355957
Epoch: 1984, Loss: 5.769081115722656
Epoch: 1985, Loss: 5.742555618286133
Epoch: 1986, Loss: 5.745238304138184
Epoch: 1987, Loss: 5.687859535217285
Epoch: 1988, Loss: 5.733301639556885
Epoch: 1989, Loss: 5.75857400894165
Epoch: 1990, Loss: 5.756360054016113
Test acc: 0.0073, IC acc: 0.0037, IC acc2: 0.0039, IW acc: 0.0236
Epoch: 1991, Loss: 5.724947929382324
Epoch: 1992, Loss: 5.722163200378418
Epoch: 1993, Loss: 5.7791748046875
Epoch: 1994, Loss: 5.779902935028076
Epoch: 1995, Loss: 5.7075581550598145
Epoch: 1996, Loss: 5.737921237945557
Epoch: 1997, Loss: 5.786704063415527
Epoch: 1998, Loss: 5.70273494720459
Epoch: 1999, Loss: 5.777190208435059
./circuit_plots/Unrestricted Disentangled|Readout|CN=0|B0=2|B1=2|K=1280|L=320|p_B=0.75|p_C=0.75|B=2|eps=0|95cf655c-5fe1-41ee-b5c6-acd2a4761507/ already exists.
./circuit_plots/Unrestricted Disentangled|Readout|CN=0|B0=2|B1=2|K=1280|L=320|p_B=0.75|p_C=0.75|B=2|eps=0|95cf655c-5fe1-41ee-b5c6-acd2a4761507/ already exists.
./circuit_plots/Unrestricted Disentangled|Readout|CN=0|B0=2|B1=2|K=1280|L=320|p_B=0.75|p_C=0.75|B=2|eps=0|95cf655c-5fe1-41ee-b5c6-acd2a4761507/ already exists.
./circuit_plots/Unrestricted Disentangled|Readout|CN=0|B0=2|B1=2|K=1280|L=320|p_B=0.75|p_C=0.75|B=2|eps=0|95cf655c-5fe1-41ee-b5c6-acd2a4761507/ already exists.
./circuit_plots/Unrestricted Disentangled|Readout|CN=0|B0=2|B1=2|K=1280|L=320|p_B=0.75|p_C=0.75|B=2|eps=0|95cf655c-5fe1-41ee-b5c6-acd2a4761507/ already exists.
./circuit_plots/Unrestricted Disentangled|Readout|CN=0|B0=2|B1=2|K=1280|L=320|p_B=0.75|p_C=0.75|B=2|eps=0|95cf655c-5fe1-41ee-b5c6-acd2a4761507/ already exists.
./circuit_plots/Unrestricted Disentangled|Readout|CN=0|B0=2|B1=2|K=1280|L=320|p_B=0.75|p_C=0.75|B=2|eps=0|95cf655c-5fe1-41ee-b5c6-acd2a4761507/ already exists.
Epoch: 2000, Loss: 5.785082817077637
Test acc: 0.0076, IC acc: 0.0037, IC acc2: 0.0039, IW acc: 0.0252
Epoch: 2001, Loss: 5.740777969360352
Epoch: 2002, Loss: 5.735220432281494
Epoch: 2003, Loss: 5.733766555786133
Epoch: 2004, Loss: 5.7560200691223145
Epoch: 2005, Loss: 5.757930755615234
Epoch: 2006, Loss: 5.7351179122924805
Epoch: 2007, Loss: 5.776214599609375
Epoch: 2008, Loss: 5.690861225128174
Epoch: 2009, Loss: 5.752957344055176
Epoch: 2010, Loss: 5.714973449707031
Test acc: 0.008, IC acc: 0.0037, IC acc2: 0.0039, IW acc: 0.0256
Epoch: 2011, Loss: 5.7422027587890625
Epoch: 2012, Loss: 5.726856231689453
Epoch: 2013, Loss: 5.731006622314453
Epoch: 2014, Loss: 5.763012409210205
Epoch: 2015, Loss: 5.695502758026123
Epoch: 2016, Loss: 5.73928165435791
Epoch: 2017, Loss: 5.751058101654053
Epoch: 2018, Loss: 5.752542495727539
Epoch: 2019, Loss: 5.756024360656738
Epoch: 2020, Loss: 5.769472122192383
Test acc: 0.008, IC acc: 0.0037, IC acc2: 0.0039, IW acc: 0.0256
Epoch: 2021, Loss: 5.748126983642578
Epoch: 2022, Loss: 5.733909606933594
Epoch: 2023, Loss: 5.742259502410889
Epoch: 2024, Loss: 5.7577996253967285
Epoch: 2025, Loss: 5.719404220581055
Epoch: 2026, Loss: 5.776916027069092
Epoch: 2027, Loss: 5.761014938354492
Epoch: 2028, Loss: 5.739116668701172
Epoch: 2029, Loss: 5.721682071685791
Epoch: 2030, Loss: 5.721930503845215
Test acc: 0.0087, IC acc: 0.0037, IC acc2: 0.0039, IW acc: 0.0278
Epoch: 2031, Loss: 5.767519950866699
Epoch: 2032, Loss: 5.752343654632568
Epoch: 2033, Loss: 5.719186782836914
Epoch: 2034, Loss: 5.772452354431152
Epoch: 2035, Loss: 5.756404399871826
Epoch: 2036, Loss: 5.745332717895508
Epoch: 2037, Loss: 5.700671195983887
Epoch: 2038, Loss: 5.75601863861084
Epoch: 2039, Loss: 5.7598724365234375
Epoch: 2040, Loss: 5.723796844482422
Test acc: 0.0087, IC acc: 0.0037, IC acc2: 0.0029, IW acc: 0.0278
Epoch: 2041, Loss: 5.749546527862549
Epoch: 2042, Loss: 5.7795023918151855
Epoch: 2043, Loss: 5.775627136230469
Epoch: 2044, Loss: 5.718820571899414
Epoch: 2045, Loss: 5.714601039886475
Epoch: 2046, Loss: 5.737542152404785
Epoch: 2047, Loss: 5.773799419403076
Epoch: 2048, Loss: 5.740934371948242
Epoch: 2049, Loss: 5.708392143249512
./circuit_plots/Unrestricted Disentangled|Readout|CN=0|B0=2|B1=2|K=1280|L=320|p_B=0.75|p_C=0.75|B=2|eps=0|95cf655c-5fe1-41ee-b5c6-acd2a4761507/ already exists.
./circuit_plots/Unrestricted Disentangled|Readout|CN=0|B0=2|B1=2|K=1280|L=320|p_B=0.75|p_C=0.75|B=2|eps=0|95cf655c-5fe1-41ee-b5c6-acd2a4761507/ already exists.
./circuit_plots/Unrestricted Disentangled|Readout|CN=0|B0=2|B1=2|K=1280|L=320|p_B=0.75|p_C=0.75|B=2|eps=0|95cf655c-5fe1-41ee-b5c6-acd2a4761507/ already exists.
./circuit_plots/Unrestricted Disentangled|Readout|CN=0|B0=2|B1=2|K=1280|L=320|p_B=0.75|p_C=0.75|B=2|eps=0|95cf655c-5fe1-41ee-b5c6-acd2a4761507/ already exists.
./circuit_plots/Unrestricted Disentangled|Readout|CN=0|B0=2|B1=2|K=1280|L=320|p_B=0.75|p_C=0.75|B=2|eps=0|95cf655c-5fe1-41ee-b5c6-acd2a4761507/ already exists.
./circuit_plots/Unrestricted Disentangled|Readout|CN=0|B0=2|B1=2|K=1280|L=320|p_B=0.75|p_C=0.75|B=2|eps=0|95cf655c-5fe1-41ee-b5c6-acd2a4761507/ already exists.
./circuit_plots/Unrestricted Disentangled|Readout|CN=0|B0=2|B1=2|K=1280|L=320|p_B=0.75|p_C=0.75|B=2|eps=0|95cf655c-5fe1-41ee-b5c6-acd2a4761507/ already exists.
Epoch: 2050, Loss: 5.732847690582275
Test acc: 0.0088, IC acc: 0.0029, IC acc2: 0.0029, IW acc: 0.0282
Epoch: 2051, Loss: 5.716257095336914
Epoch: 2052, Loss: 5.718928337097168
Epoch: 2053, Loss: 5.787553787231445
Epoch: 2054, Loss: 5.704432487487793
Epoch: 2055, Loss: 5.756021022796631
Epoch: 2056, Loss: 5.733652114868164
Epoch: 2057, Loss: 5.745543479919434
Epoch: 2058, Loss: 5.710179328918457
Epoch: 2059, Loss: 5.704211711883545
Epoch: 2060, Loss: 5.74930477142334
Test acc: 0.0088, IC acc: 0.0037, IC acc2: 0.0029, IW acc: 0.029
Epoch: 2061, Loss: 5.77815055847168
Epoch: 2062, Loss: 5.742374897003174
Epoch: 2063, Loss: 5.798612594604492
Epoch: 2064, Loss: 5.701587200164795
Epoch: 2065, Loss: 5.789832592010498
Epoch: 2066, Loss: 5.744374752044678
Epoch: 2067, Loss: 5.719123840332031
Epoch: 2068, Loss: 5.697315692901611
Epoch: 2069, Loss: 5.715714454650879
Epoch: 2070, Loss: 5.742966651916504
Test acc: 0.0094, IC acc: 0.0037, IC acc2: 0.0029, IW acc: 0.0312
Epoch: 2071, Loss: 5.7445068359375
Epoch: 2072, Loss: 5.7765278816223145
Epoch: 2073, Loss: 5.730340957641602
Epoch: 2074, Loss: 5.741430282592773
Epoch: 2075, Loss: 5.7298808097839355
Epoch: 2076, Loss: 5.766406059265137
Epoch: 2077, Loss: 5.751985549926758
Epoch: 2078, Loss: 5.770832538604736
Epoch: 2079, Loss: 5.756621360778809
Epoch: 2080, Loss: 5.7662458419799805
Test acc: 0.0093, IC acc: 0.0037, IC acc2: 0.0029, IW acc: 0.0308
Epoch: 2081, Loss: 5.740306854248047
Epoch: 2082, Loss: 5.753451824188232
Epoch: 2083, Loss: 5.725775241851807
Epoch: 2084, Loss: 5.759827613830566
Epoch: 2085, Loss: 5.706734657287598
Epoch: 2086, Loss: 5.780703067779541
Epoch: 2087, Loss: 5.765873908996582
Epoch: 2088, Loss: 5.739614486694336
Epoch: 2089, Loss: 5.745182991027832
Epoch: 2090, Loss: 5.753571510314941
Test acc: 0.0089, IC acc: 0.0037, IC acc2: 0.0029, IW acc: 0.0298
Epoch: 2091, Loss: 5.732715129852295
Epoch: 2092, Loss: 5.723696708679199
Epoch: 2093, Loss: 5.743923664093018
Epoch: 2094, Loss: 5.731769561767578
Epoch: 2095, Loss: 5.710620880126953
Epoch: 2096, Loss: 5.7106523513793945
Epoch: 2097, Loss: 5.723756790161133
Epoch: 2098, Loss: 5.705009460449219
Epoch: 2099, Loss: 5.737376689910889
./circuit_plots/Unrestricted Disentangled|Readout|CN=0|B0=2|B1=2|K=1280|L=320|p_B=0.75|p_C=0.75|B=2|eps=0|95cf655c-5fe1-41ee-b5c6-acd2a4761507/ already exists.
./circuit_plots/Unrestricted Disentangled|Readout|CN=0|B0=2|B1=2|K=1280|L=320|p_B=0.75|p_C=0.75|B=2|eps=0|95cf655c-5fe1-41ee-b5c6-acd2a4761507/ already exists.
./circuit_plots/Unrestricted Disentangled|Readout|CN=0|B0=2|B1=2|K=1280|L=320|p_B=0.75|p_C=0.75|B=2|eps=0|95cf655c-5fe1-41ee-b5c6-acd2a4761507/ already exists.
./circuit_plots/Unrestricted Disentangled|Readout|CN=0|B0=2|B1=2|K=1280|L=320|p_B=0.75|p_C=0.75|B=2|eps=0|95cf655c-5fe1-41ee-b5c6-acd2a4761507/ already exists.
./circuit_plots/Unrestricted Disentangled|Readout|CN=0|B0=2|B1=2|K=1280|L=320|p_B=0.75|p_C=0.75|B=2|eps=0|95cf655c-5fe1-41ee-b5c6-acd2a4761507/ already exists.
./circuit_plots/Unrestricted Disentangled|Readout|CN=0|B0=2|B1=2|K=1280|L=320|p_B=0.75|p_C=0.75|B=2|eps=0|95cf655c-5fe1-41ee-b5c6-acd2a4761507/ already exists.
./circuit_plots/Unrestricted Disentangled|Readout|CN=0|B0=2|B1=2|K=1280|L=320|p_B=0.75|p_C=0.75|B=2|eps=0|95cf655c-5fe1-41ee-b5c6-acd2a4761507/ already exists.
Epoch: 2100, Loss: 5.709555625915527
Test acc: 0.0089, IC acc: 0.0037, IC acc2: 0.0029, IW acc: 0.0298
Epoch: 2101, Loss: 5.744754791259766
Epoch: 2102, Loss: 5.738076686859131
Epoch: 2103, Loss: 5.741478443145752
Epoch: 2104, Loss: 5.765356540679932
Epoch: 2105, Loss: 5.776784896850586
Epoch: 2106, Loss: 5.725924491882324
Epoch: 2107, Loss: 5.72259521484375
Epoch: 2108, Loss: 5.74596643447876
Epoch: 2109, Loss: 5.7331743240356445
Epoch: 2110, Loss: 5.7581024169921875
Test acc: 0.0092, IC acc: 0.0037, IC acc2: 0.0029, IW acc: 0.0316
Epoch: 2111, Loss: 5.734243869781494
Epoch: 2112, Loss: 5.743901252746582
Epoch: 2113, Loss: 5.750529766082764
Epoch: 2114, Loss: 5.777962684631348
Epoch: 2115, Loss: 5.737764835357666
Epoch: 2116, Loss: 5.6757354736328125
Epoch: 2117, Loss: 5.800416946411133
Epoch: 2118, Loss: 5.729600429534912
Epoch: 2119, Loss: 5.739768028259277
Epoch: 2120, Loss: 5.730393886566162
Test acc: 0.0092, IC acc: 0.0037, IC acc2: 0.0029, IW acc: 0.0316
Epoch: 2121, Loss: 5.73108434677124
Epoch: 2122, Loss: 5.741135120391846
Epoch: 2123, Loss: 5.709897518157959
Epoch: 2124, Loss: 5.748958110809326
Epoch: 2125, Loss: 5.751772880554199
Epoch: 2126, Loss: 5.71751594543457
Epoch: 2127, Loss: 5.777336597442627
Epoch: 2128, Loss: 5.736606597900391
Epoch: 2129, Loss: 5.743753433227539
Epoch: 2130, Loss: 5.773517608642578
Test acc: 0.0093, IC acc: 0.0037, IC acc2: 0.0029, IW acc: 0.0322
Epoch: 2131, Loss: 5.726131916046143
Epoch: 2132, Loss: 5.790583610534668
Epoch: 2133, Loss: 5.766190052032471
Epoch: 2134, Loss: 5.7475457191467285
Epoch: 2135, Loss: 5.733919620513916
Epoch: 2136, Loss: 5.729715347290039
Epoch: 2137, Loss: 5.733114242553711
Epoch: 2138, Loss: 5.746344566345215
Epoch: 2139, Loss: 5.729227066040039
Epoch: 2140, Loss: 5.717802047729492
Test acc: 0.0093, IC acc: 0.0037, IC acc2: 0.0029, IW acc: 0.0322
Epoch: 2141, Loss: 5.741377830505371
Epoch: 2142, Loss: 5.771875381469727
Epoch: 2143, Loss: 5.702728748321533
Epoch: 2144, Loss: 5.711370468139648
Epoch: 2145, Loss: 5.731759548187256
Epoch: 2146, Loss: 5.760529041290283
Epoch: 2147, Loss: 5.746297836303711
Epoch: 2148, Loss: 5.7046661376953125
Epoch: 2149, Loss: 5.751282691955566
./circuit_plots/Unrestricted Disentangled|Readout|CN=0|B0=2|B1=2|K=1280|L=320|p_B=0.75|p_C=0.75|B=2|eps=0|95cf655c-5fe1-41ee-b5c6-acd2a4761507/ already exists.
./circuit_plots/Unrestricted Disentangled|Readout|CN=0|B0=2|B1=2|K=1280|L=320|p_B=0.75|p_C=0.75|B=2|eps=0|95cf655c-5fe1-41ee-b5c6-acd2a4761507/ already exists.
./circuit_plots/Unrestricted Disentangled|Readout|CN=0|B0=2|B1=2|K=1280|L=320|p_B=0.75|p_C=0.75|B=2|eps=0|95cf655c-5fe1-41ee-b5c6-acd2a4761507/ already exists.
./circuit_plots/Unrestricted Disentangled|Readout|CN=0|B0=2|B1=2|K=1280|L=320|p_B=0.75|p_C=0.75|B=2|eps=0|95cf655c-5fe1-41ee-b5c6-acd2a4761507/ already exists.
./circuit_plots/Unrestricted Disentangled|Readout|CN=0|B0=2|B1=2|K=1280|L=320|p_B=0.75|p_C=0.75|B=2|eps=0|95cf655c-5fe1-41ee-b5c6-acd2a4761507/ already exists.
./circuit_plots/Unrestricted Disentangled|Readout|CN=0|B0=2|B1=2|K=1280|L=320|p_B=0.75|p_C=0.75|B=2|eps=0|95cf655c-5fe1-41ee-b5c6-acd2a4761507/ already exists.
./circuit_plots/Unrestricted Disentangled|Readout|CN=0|B0=2|B1=2|K=1280|L=320|p_B=0.75|p_C=0.75|B=2|eps=0|95cf655c-5fe1-41ee-b5c6-acd2a4761507/ already exists.
Epoch: 2150, Loss: 5.78326940536499
Test acc: 0.0093, IC acc: 0.0037, IC acc2: 0.0029, IW acc: 0.0322
Epoch: 2151, Loss: 5.742142677307129
Epoch: 2152, Loss: 5.71702241897583
Epoch: 2153, Loss: 5.753011226654053
Epoch: 2154, Loss: 5.752939701080322
Epoch: 2155, Loss: 5.76332950592041
Epoch: 2156, Loss: 5.760328769683838
Epoch: 2157, Loss: 5.6770548820495605
Epoch: 2158, Loss: 5.755288600921631
Epoch: 2159, Loss: 5.768442153930664
Epoch: 2160, Loss: 5.777700901031494
Test acc: 0.0092, IC acc: 0.0037, IC acc2: 0.0029, IW acc: 0.0313
Epoch: 2161, Loss: 5.744921684265137
Epoch: 2162, Loss: 5.735494613647461
Epoch: 2163, Loss: 5.712808609008789
Epoch: 2164, Loss: 5.7205047607421875
Epoch: 2165, Loss: 5.7140069007873535
Epoch: 2166, Loss: 5.75400447845459
Epoch: 2167, Loss: 5.727693557739258
Epoch: 2168, Loss: 5.74100399017334
Epoch: 2169, Loss: 5.7361016273498535
Epoch: 2170, Loss: 5.711256504058838
Test acc: 0.0094, IC acc: 0.0037, IC acc2: 0.0029, IW acc: 0.032
Epoch: 2171, Loss: 5.723396301269531
Epoch: 2172, Loss: 5.763259410858154
Epoch: 2173, Loss: 5.736100673675537
Epoch: 2174, Loss: 5.766761302947998
Epoch: 2175, Loss: 5.701559066772461
Epoch: 2176, Loss: 5.744204998016357
Epoch: 2177, Loss: 5.722484588623047
Epoch: 2178, Loss: 5.69947624206543
Epoch: 2179, Loss: 5.746053695678711
Epoch: 2180, Loss: 5.770024299621582
Test acc: 0.0095, IC acc: 0.0037, IC acc2: 0.0029, IW acc: 0.0327
Epoch: 2181, Loss: 5.7379255294799805
Epoch: 2182, Loss: 5.763271331787109
Epoch: 2183, Loss: 5.749627590179443
Epoch: 2184, Loss: 5.7391676902771
Epoch: 2185, Loss: 5.734266757965088
Epoch: 2186, Loss: 5.715714931488037
Epoch: 2187, Loss: 5.699607849121094
Epoch: 2188, Loss: 5.73499870300293
Epoch: 2189, Loss: 5.751954078674316
Epoch: 2190, Loss: 5.7123799324035645
Test acc: 0.0095, IC acc: 0.0037, IC acc2: 0.0029, IW acc: 0.0327
Epoch: 2191, Loss: 5.738970756530762
Epoch: 2192, Loss: 5.700469017028809
Epoch: 2193, Loss: 5.737605094909668
Epoch: 2194, Loss: 5.782649040222168
Epoch: 2195, Loss: 5.796143054962158
Epoch: 2196, Loss: 5.714066505432129
Epoch: 2197, Loss: 5.684244155883789
Epoch: 2198, Loss: 5.745219707489014
Epoch: 2199, Loss: 5.717845439910889
./circuit_plots/Unrestricted Disentangled|Readout|CN=0|B0=2|B1=2|K=1280|L=320|p_B=0.75|p_C=0.75|B=2|eps=0|95cf655c-5fe1-41ee-b5c6-acd2a4761507/ already exists.
./circuit_plots/Unrestricted Disentangled|Readout|CN=0|B0=2|B1=2|K=1280|L=320|p_B=0.75|p_C=0.75|B=2|eps=0|95cf655c-5fe1-41ee-b5c6-acd2a4761507/ already exists.
./circuit_plots/Unrestricted Disentangled|Readout|CN=0|B0=2|B1=2|K=1280|L=320|p_B=0.75|p_C=0.75|B=2|eps=0|95cf655c-5fe1-41ee-b5c6-acd2a4761507/ already exists.
./circuit_plots/Unrestricted Disentangled|Readout|CN=0|B0=2|B1=2|K=1280|L=320|p_B=0.75|p_C=0.75|B=2|eps=0|95cf655c-5fe1-41ee-b5c6-acd2a4761507/ already exists.
./circuit_plots/Unrestricted Disentangled|Readout|CN=0|B0=2|B1=2|K=1280|L=320|p_B=0.75|p_C=0.75|B=2|eps=0|95cf655c-5fe1-41ee-b5c6-acd2a4761507/ already exists.
./circuit_plots/Unrestricted Disentangled|Readout|CN=0|B0=2|B1=2|K=1280|L=320|p_B=0.75|p_C=0.75|B=2|eps=0|95cf655c-5fe1-41ee-b5c6-acd2a4761507/ already exists.
./circuit_plots/Unrestricted Disentangled|Readout|CN=0|B0=2|B1=2|K=1280|L=320|p_B=0.75|p_C=0.75|B=2|eps=0|95cf655c-5fe1-41ee-b5c6-acd2a4761507/ already exists.
Epoch: 2200, Loss: 5.725836753845215
Test acc: 0.0095, IC acc: 0.0037, IC acc2: 0.0029, IW acc: 0.0327
Epoch: 2201, Loss: 5.689242362976074
Epoch: 2202, Loss: 5.681731700897217
Epoch: 2203, Loss: 5.720949172973633
Epoch: 2204, Loss: 5.773404598236084
Epoch: 2205, Loss: 5.741609573364258
Epoch: 2206, Loss: 5.782684326171875
Epoch: 2207, Loss: 5.738486289978027
Epoch: 2208, Loss: 5.7202653884887695
Epoch: 2209, Loss: 5.777651309967041
Epoch: 2210, Loss: 5.763395309448242
Test acc: 0.0095, IC acc: 0.0037, IC acc2: 0.0029, IW acc: 0.0327
Epoch: 2211, Loss: 5.720407485961914
Epoch: 2212, Loss: 5.756383895874023
Epoch: 2213, Loss: 5.757623195648193
Epoch: 2214, Loss: 5.7210564613342285
Epoch: 2215, Loss: 5.782364845275879
Epoch: 2216, Loss: 5.754462718963623
Epoch: 2217, Loss: 5.729049205780029
Epoch: 2218, Loss: 5.752635955810547
Epoch: 2219, Loss: 5.717103004455566
Epoch: 2220, Loss: 5.729774475097656
Test acc: 0.0095, IC acc: 0.0037, IC acc2: 0.0029, IW acc: 0.0327
Epoch: 2221, Loss: 5.716768264770508
Epoch: 2222, Loss: 5.754655838012695
Epoch: 2223, Loss: 5.740540981292725
Epoch: 2224, Loss: 5.732868671417236
Epoch: 2225, Loss: 5.737251281738281
Epoch: 2226, Loss: 5.736091613769531
Epoch: 2227, Loss: 5.773011207580566
Epoch: 2228, Loss: 5.77095890045166
Epoch: 2229, Loss: 5.723389625549316
Epoch: 2230, Loss: 5.725001335144043
Test acc: 0.0095, IC acc: 0.0037, IC acc2: 0.0029, IW acc: 0.0327
Epoch: 2231, Loss: 5.753562927246094
Epoch: 2232, Loss: 5.750044345855713
Epoch: 2233, Loss: 5.714803695678711
Epoch: 2234, Loss: 5.756443500518799
Epoch: 2235, Loss: 5.7012505531311035
Epoch: 2236, Loss: 5.731698036193848
Epoch: 2237, Loss: 5.70305061340332
Epoch: 2238, Loss: 5.754015922546387
Epoch: 2239, Loss: 5.699794292449951
Epoch: 2240, Loss: 5.739873886108398
Test acc: 0.0096, IC acc: 0.0037, IC acc2: 0.0029, IW acc: 0.0341
Epoch: 2241, Loss: 5.738940238952637
Epoch: 2242, Loss: 5.725623607635498
Epoch: 2243, Loss: 5.748434543609619
Epoch: 2244, Loss: 5.767960071563721
Epoch: 2245, Loss: 5.789897441864014
Epoch: 2246, Loss: 5.743721961975098
Epoch: 2247, Loss: 5.753133773803711
Epoch: 2248, Loss: 5.755195140838623
Epoch: 2249, Loss: 5.7160515785217285
./circuit_plots/Unrestricted Disentangled|Readout|CN=0|B0=2|B1=2|K=1280|L=320|p_B=0.75|p_C=0.75|B=2|eps=0|95cf655c-5fe1-41ee-b5c6-acd2a4761507/ already exists.
./circuit_plots/Unrestricted Disentangled|Readout|CN=0|B0=2|B1=2|K=1280|L=320|p_B=0.75|p_C=0.75|B=2|eps=0|95cf655c-5fe1-41ee-b5c6-acd2a4761507/ already exists.
./circuit_plots/Unrestricted Disentangled|Readout|CN=0|B0=2|B1=2|K=1280|L=320|p_B=0.75|p_C=0.75|B=2|eps=0|95cf655c-5fe1-41ee-b5c6-acd2a4761507/ already exists.
./circuit_plots/Unrestricted Disentangled|Readout|CN=0|B0=2|B1=2|K=1280|L=320|p_B=0.75|p_C=0.75|B=2|eps=0|95cf655c-5fe1-41ee-b5c6-acd2a4761507/ already exists.
./circuit_plots/Unrestricted Disentangled|Readout|CN=0|B0=2|B1=2|K=1280|L=320|p_B=0.75|p_C=0.75|B=2|eps=0|95cf655c-5fe1-41ee-b5c6-acd2a4761507/ already exists.
./circuit_plots/Unrestricted Disentangled|Readout|CN=0|B0=2|B1=2|K=1280|L=320|p_B=0.75|p_C=0.75|B=2|eps=0|95cf655c-5fe1-41ee-b5c6-acd2a4761507/ already exists.
./circuit_plots/Unrestricted Disentangled|Readout|CN=0|B0=2|B1=2|K=1280|L=320|p_B=0.75|p_C=0.75|B=2|eps=0|95cf655c-5fe1-41ee-b5c6-acd2a4761507/ already exists.
Epoch: 2250, Loss: 5.730464458465576
Test acc: 0.0096, IC acc: 0.0029, IC acc2: 0.0029, IW acc: 0.0341
Epoch: 2251, Loss: 5.757726669311523
Epoch: 2252, Loss: 5.713965892791748
Epoch: 2253, Loss: 5.751047134399414
Epoch: 2254, Loss: 5.757131576538086
Epoch: 2255, Loss: 5.728354454040527
Epoch: 2256, Loss: 5.718779563903809
Epoch: 2257, Loss: 5.784085273742676
Epoch: 2258, Loss: 5.732215881347656
Epoch: 2259, Loss: 5.746493816375732
Epoch: 2260, Loss: 5.749693870544434
Test acc: 0.0096, IC acc: 0.0029, IC acc2: 0.0029, IW acc: 0.0336
Epoch: 2261, Loss: 5.742927551269531
Epoch: 2262, Loss: 5.742097854614258
Epoch: 2263, Loss: 5.781984329223633
Epoch: 2264, Loss: 5.767126560211182
Epoch: 2265, Loss: 5.712855339050293
Epoch: 2266, Loss: 5.705219268798828
Epoch: 2267, Loss: 5.698625564575195
Epoch: 2268, Loss: 5.756128311157227
Epoch: 2269, Loss: 5.735683917999268
Epoch: 2270, Loss: 5.714054107666016
Test acc: 0.0099, IC acc: 0.0029, IC acc2: 0.0029, IW acc: 0.0353
Epoch: 2271, Loss: 5.724448204040527
Epoch: 2272, Loss: 5.776597023010254
Epoch: 2273, Loss: 5.77384090423584
Epoch: 2274, Loss: 5.690802574157715
Epoch: 2275, Loss: 5.73724365234375
Epoch: 2276, Loss: 5.7307281494140625
Epoch: 2277, Loss: 5.758063316345215
Epoch: 2278, Loss: 5.741927623748779
Epoch: 2279, Loss: 5.72914981842041
Epoch: 2280, Loss: 5.749700546264648
Test acc: 0.0096, IC acc: 0.0029, IC acc2: 0.0029, IW acc: 0.0336
Epoch: 2281, Loss: 5.742014408111572
Epoch: 2282, Loss: 5.729009628295898
Epoch: 2283, Loss: 5.763152599334717
Epoch: 2284, Loss: 5.7344207763671875
Epoch: 2285, Loss: 5.732943534851074
Epoch: 2286, Loss: 5.742080211639404
Epoch: 2287, Loss: 5.754647254943848
Epoch: 2288, Loss: 5.712412357330322
Epoch: 2289, Loss: 5.706118583679199
Epoch: 2290, Loss: 5.714986801147461
Test acc: 0.0097, IC acc: 0.0037, IC acc2: 0.0029, IW acc: 0.0343
Epoch: 2291, Loss: 5.762817859649658
Epoch: 2292, Loss: 5.770593643188477
Epoch: 2293, Loss: 5.7283830642700195
Epoch: 2294, Loss: 5.729691028594971
Epoch: 2295, Loss: 5.76200532913208
Epoch: 2296, Loss: 5.750057220458984
Epoch: 2297, Loss: 5.751082420349121
Epoch: 2298, Loss: 5.767931938171387
Epoch: 2299, Loss: 5.712152481079102
./circuit_plots/Unrestricted Disentangled|Readout|CN=0|B0=2|B1=2|K=1280|L=320|p_B=0.75|p_C=0.75|B=2|eps=0|95cf655c-5fe1-41ee-b5c6-acd2a4761507/ already exists.
./circuit_plots/Unrestricted Disentangled|Readout|CN=0|B0=2|B1=2|K=1280|L=320|p_B=0.75|p_C=0.75|B=2|eps=0|95cf655c-5fe1-41ee-b5c6-acd2a4761507/ already exists.
./circuit_plots/Unrestricted Disentangled|Readout|CN=0|B0=2|B1=2|K=1280|L=320|p_B=0.75|p_C=0.75|B=2|eps=0|95cf655c-5fe1-41ee-b5c6-acd2a4761507/ already exists.
./circuit_plots/Unrestricted Disentangled|Readout|CN=0|B0=2|B1=2|K=1280|L=320|p_B=0.75|p_C=0.75|B=2|eps=0|95cf655c-5fe1-41ee-b5c6-acd2a4761507/ already exists.
./circuit_plots/Unrestricted Disentangled|Readout|CN=0|B0=2|B1=2|K=1280|L=320|p_B=0.75|p_C=0.75|B=2|eps=0|95cf655c-5fe1-41ee-b5c6-acd2a4761507/ already exists.
./circuit_plots/Unrestricted Disentangled|Readout|CN=0|B0=2|B1=2|K=1280|L=320|p_B=0.75|p_C=0.75|B=2|eps=0|95cf655c-5fe1-41ee-b5c6-acd2a4761507/ already exists.
./circuit_plots/Unrestricted Disentangled|Readout|CN=0|B0=2|B1=2|K=1280|L=320|p_B=0.75|p_C=0.75|B=2|eps=0|95cf655c-5fe1-41ee-b5c6-acd2a4761507/ already exists.
Epoch: 2300, Loss: 5.738226890563965
Test acc: 0.0101, IC acc: 0.0029, IC acc2: 0.0029, IW acc: 0.0347
Epoch: 2301, Loss: 5.752314567565918
Epoch: 2302, Loss: 5.733673095703125
Epoch: 2303, Loss: 5.713498115539551
Epoch: 2304, Loss: 5.681865692138672
Epoch: 2305, Loss: 5.710179805755615
Epoch: 2306, Loss: 5.7328715324401855
Epoch: 2307, Loss: 5.707266330718994
Epoch: 2308, Loss: 5.758976936340332
Epoch: 2309, Loss: 5.727329254150391
Epoch: 2310, Loss: 5.708147048950195
Test acc: 0.0101, IC acc: 0.0029, IC acc2: 0.0029, IW acc: 0.0359
Epoch: 2311, Loss: 5.730213165283203
Epoch: 2312, Loss: 5.780667781829834
Epoch: 2313, Loss: 5.74855375289917
Epoch: 2314, Loss: 5.753110885620117
Epoch: 2315, Loss: 5.701644420623779
Epoch: 2316, Loss: 5.694449424743652
Epoch: 2317, Loss: 5.764934539794922
Epoch: 2318, Loss: 5.739500999450684
Epoch: 2319, Loss: 5.751997947692871
Epoch: 2320, Loss: 5.705997467041016
Test acc: 0.0106, IC acc: 0.0029, IC acc2: 0.0029, IW acc: 0.0371
Epoch: 2321, Loss: 5.758871078491211
Epoch: 2322, Loss: 5.73207950592041
Epoch: 2323, Loss: 5.729973316192627
Epoch: 2324, Loss: 5.747333526611328
Epoch: 2325, Loss: 5.691624641418457
Epoch: 2326, Loss: 5.7947869300842285
Epoch: 2327, Loss: 5.74483585357666
Epoch: 2328, Loss: 5.759830474853516
Epoch: 2329, Loss: 5.744878768920898
Epoch: 2330, Loss: 5.727544784545898
Test acc: 0.0107, IC acc: 0.0029, IC acc2: 0.0029, IW acc: 0.038
Epoch: 2331, Loss: 5.717702865600586
Epoch: 2332, Loss: 5.724625587463379
Epoch: 2333, Loss: 5.744549751281738
Epoch: 2334, Loss: 5.738668441772461
Epoch: 2335, Loss: 5.720012664794922
Epoch: 2336, Loss: 5.741594314575195
Epoch: 2337, Loss: 5.724188804626465
Epoch: 2338, Loss: 5.732424736022949
Epoch: 2339, Loss: 5.739882469177246
Epoch: 2340, Loss: 5.773603916168213
Test acc: 0.0106, IC acc: 0.0029, IC acc2: 0.0029, IW acc: 0.0371
Epoch: 2341, Loss: 5.7625579833984375
Epoch: 2342, Loss: 5.7444562911987305
Epoch: 2343, Loss: 5.708034515380859
Epoch: 2344, Loss: 5.727755546569824
Epoch: 2345, Loss: 5.706437110900879
Epoch: 2346, Loss: 5.797616481781006
Epoch: 2347, Loss: 5.746570110321045
Epoch: 2348, Loss: 5.7157063484191895
Epoch: 2349, Loss: 5.756623268127441
./circuit_plots/Unrestricted Disentangled|Readout|CN=0|B0=2|B1=2|K=1280|L=320|p_B=0.75|p_C=0.75|B=2|eps=0|95cf655c-5fe1-41ee-b5c6-acd2a4761507/ already exists.
./circuit_plots/Unrestricted Disentangled|Readout|CN=0|B0=2|B1=2|K=1280|L=320|p_B=0.75|p_C=0.75|B=2|eps=0|95cf655c-5fe1-41ee-b5c6-acd2a4761507/ already exists.
./circuit_plots/Unrestricted Disentangled|Readout|CN=0|B0=2|B1=2|K=1280|L=320|p_B=0.75|p_C=0.75|B=2|eps=0|95cf655c-5fe1-41ee-b5c6-acd2a4761507/ already exists.
./circuit_plots/Unrestricted Disentangled|Readout|CN=0|B0=2|B1=2|K=1280|L=320|p_B=0.75|p_C=0.75|B=2|eps=0|95cf655c-5fe1-41ee-b5c6-acd2a4761507/ already exists.
./circuit_plots/Unrestricted Disentangled|Readout|CN=0|B0=2|B1=2|K=1280|L=320|p_B=0.75|p_C=0.75|B=2|eps=0|95cf655c-5fe1-41ee-b5c6-acd2a4761507/ already exists.
./circuit_plots/Unrestricted Disentangled|Readout|CN=0|B0=2|B1=2|K=1280|L=320|p_B=0.75|p_C=0.75|B=2|eps=0|95cf655c-5fe1-41ee-b5c6-acd2a4761507/ already exists.
./circuit_plots/Unrestricted Disentangled|Readout|CN=0|B0=2|B1=2|K=1280|L=320|p_B=0.75|p_C=0.75|B=2|eps=0|95cf655c-5fe1-41ee-b5c6-acd2a4761507/ already exists.
Epoch: 2350, Loss: 5.777886867523193
Test acc: 0.0106, IC acc: 0.0029, IC acc2: 0.0029, IW acc: 0.0371
Epoch: 2351, Loss: 5.721055030822754
Epoch: 2352, Loss: 5.697012901306152
Epoch: 2353, Loss: 5.761370658874512
Epoch: 2354, Loss: 5.719228744506836
Epoch: 2355, Loss: 5.6950764656066895
Epoch: 2356, Loss: 5.744441032409668
Epoch: 2357, Loss: 5.6855926513671875
Epoch: 2358, Loss: 5.746715068817139
Epoch: 2359, Loss: 5.730264663696289
Epoch: 2360, Loss: 5.753652572631836
Test acc: 0.0109, IC acc: 0.0029, IC acc2: 0.0029, IW acc: 0.0388
Epoch: 2361, Loss: 5.722352027893066
Epoch: 2362, Loss: 5.741353988647461
Epoch: 2363, Loss: 5.726095676422119
Epoch: 2364, Loss: 5.749709606170654
Epoch: 2365, Loss: 5.745758056640625
Epoch: 2366, Loss: 5.745880126953125
Epoch: 2367, Loss: 5.729987144470215
Epoch: 2368, Loss: 5.700265884399414
Epoch: 2369, Loss: 5.768479824066162
Epoch: 2370, Loss: 5.764824867248535
Test acc: 0.011, IC acc: 0.0029, IC acc2: 0.0029, IW acc: 0.0405
Epoch: 2371, Loss: 5.770776748657227
Epoch: 2372, Loss: 5.686110496520996
Epoch: 2373, Loss: 5.757684707641602
Epoch: 2374, Loss: 5.746793270111084
Epoch: 2375, Loss: 5.74128532409668
Epoch: 2376, Loss: 5.755734443664551
Epoch: 2377, Loss: 5.756872653961182
Epoch: 2378, Loss: 5.762899875640869
Epoch: 2379, Loss: 5.697612762451172
Epoch: 2380, Loss: 5.736318588256836
Test acc: 0.011, IC acc: 0.0029, IC acc2: 0.0029, IW acc: 0.0405
Epoch: 2381, Loss: 5.76177978515625
Epoch: 2382, Loss: 5.751943588256836
Epoch: 2383, Loss: 5.7526469230651855
Epoch: 2384, Loss: 5.712072372436523
Epoch: 2385, Loss: 5.750191688537598
Epoch: 2386, Loss: 5.703472137451172
Epoch: 2387, Loss: 5.6752495765686035
Epoch: 2388, Loss: 5.745648384094238
Epoch: 2389, Loss: 5.738594055175781
Epoch: 2390, Loss: 5.729915618896484
Test acc: 0.0108, IC acc: 0.0029, IC acc2: 0.0029, IW acc: 0.0393
Epoch: 2391, Loss: 5.711052894592285
Epoch: 2392, Loss: 5.725439071655273
Epoch: 2393, Loss: 5.711796760559082
Epoch: 2394, Loss: 5.74273681640625
Epoch: 2395, Loss: 5.698260307312012
Epoch: 2396, Loss: 5.730356693267822
Epoch: 2397, Loss: 5.6861796379089355
Epoch: 2398, Loss: 5.753353595733643
Epoch: 2399, Loss: 5.709390163421631
./circuit_plots/Unrestricted Disentangled|Readout|CN=0|B0=2|B1=2|K=1280|L=320|p_B=0.75|p_C=0.75|B=2|eps=0|95cf655c-5fe1-41ee-b5c6-acd2a4761507/ already exists.
./circuit_plots/Unrestricted Disentangled|Readout|CN=0|B0=2|B1=2|K=1280|L=320|p_B=0.75|p_C=0.75|B=2|eps=0|95cf655c-5fe1-41ee-b5c6-acd2a4761507/ already exists.
./circuit_plots/Unrestricted Disentangled|Readout|CN=0|B0=2|B1=2|K=1280|L=320|p_B=0.75|p_C=0.75|B=2|eps=0|95cf655c-5fe1-41ee-b5c6-acd2a4761507/ already exists.
./circuit_plots/Unrestricted Disentangled|Readout|CN=0|B0=2|B1=2|K=1280|L=320|p_B=0.75|p_C=0.75|B=2|eps=0|95cf655c-5fe1-41ee-b5c6-acd2a4761507/ already exists.
./circuit_plots/Unrestricted Disentangled|Readout|CN=0|B0=2|B1=2|K=1280|L=320|p_B=0.75|p_C=0.75|B=2|eps=0|95cf655c-5fe1-41ee-b5c6-acd2a4761507/ already exists.
./circuit_plots/Unrestricted Disentangled|Readout|CN=0|B0=2|B1=2|K=1280|L=320|p_B=0.75|p_C=0.75|B=2|eps=0|95cf655c-5fe1-41ee-b5c6-acd2a4761507/ already exists.
./circuit_plots/Unrestricted Disentangled|Readout|CN=0|B0=2|B1=2|K=1280|L=320|p_B=0.75|p_C=0.75|B=2|eps=0|95cf655c-5fe1-41ee-b5c6-acd2a4761507/ already exists.
Epoch: 2400, Loss: 5.704125881195068
Test acc: 0.0108, IC acc: 0.0029, IC acc2: 0.0029, IW acc: 0.0404
Epoch: 2401, Loss: 5.747770309448242
Epoch: 2402, Loss: 5.745738506317139
Epoch: 2403, Loss: 5.763946533203125
Epoch: 2404, Loss: 5.6923136711120605
Epoch: 2405, Loss: 5.722261905670166
Epoch: 2406, Loss: 5.748765468597412
Epoch: 2407, Loss: 5.722256183624268
Epoch: 2408, Loss: 5.742105484008789
Epoch: 2409, Loss: 5.735349655151367
Epoch: 2410, Loss: 5.771818161010742
Test acc: 0.011, IC acc: 0.0029, IC acc2: 0.0029, IW acc: 0.0412
Epoch: 2411, Loss: 5.721040725708008
Epoch: 2412, Loss: 5.721917152404785
Epoch: 2413, Loss: 5.701760292053223
Epoch: 2414, Loss: 5.7313995361328125
Epoch: 2415, Loss: 5.740968227386475
Epoch: 2416, Loss: 5.728740692138672
Epoch: 2417, Loss: 5.749063014984131
Epoch: 2418, Loss: 5.754082679748535
Epoch: 2419, Loss: 5.725298881530762
Epoch: 2420, Loss: 5.6969122886657715
Test acc: 0.0113, IC acc: 0.0029, IC acc2: 0.0029, IW acc: 0.042
Epoch: 2421, Loss: 5.714120864868164
Epoch: 2422, Loss: 5.723690986633301
Epoch: 2423, Loss: 5.685825347900391
Epoch: 2424, Loss: 5.751086235046387
Epoch: 2425, Loss: 5.751496315002441
Epoch: 2426, Loss: 5.730744361877441
Epoch: 2427, Loss: 5.7106523513793945
Epoch: 2428, Loss: 5.719426155090332
Epoch: 2429, Loss: 5.7153239250183105
Epoch: 2430, Loss: 5.771395683288574
Test acc: 0.0113, IC acc: 0.0029, IC acc2: 0.0029, IW acc: 0.042
Epoch: 2431, Loss: 5.736223220825195
Epoch: 2432, Loss: 5.732044219970703
Epoch: 2433, Loss: 5.784458160400391
Epoch: 2434, Loss: 5.730774879455566
Epoch: 2435, Loss: 5.676694869995117
Epoch: 2436, Loss: 5.729592323303223
Epoch: 2437, Loss: 5.711706161499023
Epoch: 2438, Loss: 5.736817359924316
Epoch: 2439, Loss: 5.759505748748779
Epoch: 2440, Loss: 5.684661865234375
Test acc: 0.0116, IC acc: 0.0029, IC acc2: 0.0029, IW acc: 0.0441
Epoch: 2441, Loss: 5.721889972686768
Epoch: 2442, Loss: 5.784385681152344
Epoch: 2443, Loss: 5.745460033416748
Epoch: 2444, Loss: 5.698728561401367
Epoch: 2445, Loss: 5.6928510665893555
Epoch: 2446, Loss: 5.716343879699707
Epoch: 2447, Loss: 5.715842247009277
Epoch: 2448, Loss: 5.709108352661133
Epoch: 2449, Loss: 5.710509300231934
./circuit_plots/Unrestricted Disentangled|Readout|CN=0|B0=2|B1=2|K=1280|L=320|p_B=0.75|p_C=0.75|B=2|eps=0|95cf655c-5fe1-41ee-b5c6-acd2a4761507/ already exists.
./circuit_plots/Unrestricted Disentangled|Readout|CN=0|B0=2|B1=2|K=1280|L=320|p_B=0.75|p_C=0.75|B=2|eps=0|95cf655c-5fe1-41ee-b5c6-acd2a4761507/ already exists.
./circuit_plots/Unrestricted Disentangled|Readout|CN=0|B0=2|B1=2|K=1280|L=320|p_B=0.75|p_C=0.75|B=2|eps=0|95cf655c-5fe1-41ee-b5c6-acd2a4761507/ already exists.
./circuit_plots/Unrestricted Disentangled|Readout|CN=0|B0=2|B1=2|K=1280|L=320|p_B=0.75|p_C=0.75|B=2|eps=0|95cf655c-5fe1-41ee-b5c6-acd2a4761507/ already exists.
./circuit_plots/Unrestricted Disentangled|Readout|CN=0|B0=2|B1=2|K=1280|L=320|p_B=0.75|p_C=0.75|B=2|eps=0|95cf655c-5fe1-41ee-b5c6-acd2a4761507/ already exists.
./circuit_plots/Unrestricted Disentangled|Readout|CN=0|B0=2|B1=2|K=1280|L=320|p_B=0.75|p_C=0.75|B=2|eps=0|95cf655c-5fe1-41ee-b5c6-acd2a4761507/ already exists.
./circuit_plots/Unrestricted Disentangled|Readout|CN=0|B0=2|B1=2|K=1280|L=320|p_B=0.75|p_C=0.75|B=2|eps=0|95cf655c-5fe1-41ee-b5c6-acd2a4761507/ already exists.
Epoch: 2450, Loss: 5.730016708374023
Test acc: 0.0116, IC acc: 0.0029, IC acc2: 0.0029, IW acc: 0.0441
Epoch: 2451, Loss: 5.736581325531006
Epoch: 2452, Loss: 5.758172035217285
Epoch: 2453, Loss: 5.7549543380737305
Epoch: 2454, Loss: 5.726984024047852
Epoch: 2455, Loss: 5.693492889404297
Epoch: 2456, Loss: 5.711725234985352
Epoch: 2457, Loss: 5.706757545471191
Epoch: 2458, Loss: 5.753172397613525
Epoch: 2459, Loss: 5.719867706298828
Epoch: 2460, Loss: 5.745750427246094
Test acc: 0.0119, IC acc: 0.0029, IC acc2: 0.0029, IW acc: 0.0445
Epoch: 2461, Loss: 5.741621494293213
Epoch: 2462, Loss: 5.715698719024658
Epoch: 2463, Loss: 5.712519645690918
Epoch: 2464, Loss: 5.755833625793457
Epoch: 2465, Loss: 5.727483749389648
Epoch: 2466, Loss: 5.711935997009277
Epoch: 2467, Loss: 5.713962554931641
Epoch: 2468, Loss: 5.714509963989258
Epoch: 2469, Loss: 5.744319438934326
Epoch: 2470, Loss: 5.699127197265625
Test acc: 0.0122, IC acc: 0.0029, IC acc2: 0.0029, IW acc: 0.0463
Epoch: 2471, Loss: 5.775588035583496
Epoch: 2472, Loss: 5.712887763977051
Epoch: 2473, Loss: 5.712100028991699
Epoch: 2474, Loss: 5.747419357299805
Epoch: 2475, Loss: 5.705829620361328
Epoch: 2476, Loss: 5.749384880065918
Epoch: 2477, Loss: 5.706443786621094
Epoch: 2478, Loss: 5.700687408447266
Epoch: 2479, Loss: 5.752658843994141
Epoch: 2480, Loss: 5.7502241134643555
Test acc: 0.0126, IC acc: 0.0029, IC acc2: 0.0029, IW acc: 0.046
Epoch: 2481, Loss: 5.7385945320129395
Epoch: 2482, Loss: 5.734508514404297
Epoch: 2483, Loss: 5.705341339111328
Epoch: 2484, Loss: 5.729595184326172
Epoch: 2485, Loss: 5.737372875213623
Epoch: 2486, Loss: 5.712103366851807
Epoch: 2487, Loss: 5.7296953201293945
Epoch: 2488, Loss: 5.729509353637695
Epoch: 2489, Loss: 5.73335075378418
Epoch: 2490, Loss: 5.710177421569824
Test acc: 0.0122, IC acc: 0.0029, IC acc2: 0.0029, IW acc: 0.046
Epoch: 2491, Loss: 5.712684631347656
Epoch: 2492, Loss: 5.707702159881592
Epoch: 2493, Loss: 5.741360664367676
Epoch: 2494, Loss: 5.71264123916626
Epoch: 2495, Loss: 5.689386367797852
Epoch: 2496, Loss: 5.678277969360352
Epoch: 2497, Loss: 5.714643478393555
Epoch: 2498, Loss: 5.760349273681641
Epoch: 2499, Loss: 5.708571434020996
./circuit_plots/Unrestricted Disentangled|Readout|CN=0|B0=2|B1=2|K=1280|L=320|p_B=0.75|p_C=0.75|B=2|eps=0|95cf655c-5fe1-41ee-b5c6-acd2a4761507/ already exists.
./circuit_plots/Unrestricted Disentangled|Readout|CN=0|B0=2|B1=2|K=1280|L=320|p_B=0.75|p_C=0.75|B=2|eps=0|95cf655c-5fe1-41ee-b5c6-acd2a4761507/ already exists.
./circuit_plots/Unrestricted Disentangled|Readout|CN=0|B0=2|B1=2|K=1280|L=320|p_B=0.75|p_C=0.75|B=2|eps=0|95cf655c-5fe1-41ee-b5c6-acd2a4761507/ already exists.
./circuit_plots/Unrestricted Disentangled|Readout|CN=0|B0=2|B1=2|K=1280|L=320|p_B=0.75|p_C=0.75|B=2|eps=0|95cf655c-5fe1-41ee-b5c6-acd2a4761507/ already exists.
./circuit_plots/Unrestricted Disentangled|Readout|CN=0|B0=2|B1=2|K=1280|L=320|p_B=0.75|p_C=0.75|B=2|eps=0|95cf655c-5fe1-41ee-b5c6-acd2a4761507/ already exists.
./circuit_plots/Unrestricted Disentangled|Readout|CN=0|B0=2|B1=2|K=1280|L=320|p_B=0.75|p_C=0.75|B=2|eps=0|95cf655c-5fe1-41ee-b5c6-acd2a4761507/ already exists.
./circuit_plots/Unrestricted Disentangled|Readout|CN=0|B0=2|B1=2|K=1280|L=320|p_B=0.75|p_C=0.75|B=2|eps=0|95cf655c-5fe1-41ee-b5c6-acd2a4761507/ already exists.
Epoch: 2500, Loss: 5.741767883300781
Test acc: 0.0135, IC acc: 0.0029, IC acc2: 0.0029, IW acc: 0.0474
Epoch: 2501, Loss: 5.772718906402588
Epoch: 2502, Loss: 5.677280426025391
Epoch: 2503, Loss: 5.661288261413574
Epoch: 2504, Loss: 5.741283893585205
Epoch: 2505, Loss: 5.731257915496826
Epoch: 2506, Loss: 5.770236015319824
Epoch: 2507, Loss: 5.688293933868408
Epoch: 2508, Loss: 5.728214740753174
Epoch: 2509, Loss: 5.725763320922852
Epoch: 2510, Loss: 5.721602439880371
Test acc: 0.014, IC acc: 0.0029, IC acc2: 0.0029, IW acc: 0.0497
Epoch: 2511, Loss: 5.758633613586426
Epoch: 2512, Loss: 5.7343831062316895
Epoch: 2513, Loss: 5.716973304748535
Epoch: 2514, Loss: 5.733819007873535
Epoch: 2515, Loss: 5.712874412536621
Epoch: 2516, Loss: 5.689988613128662
Epoch: 2517, Loss: 5.744768142700195
Epoch: 2518, Loss: 5.709992408752441
Epoch: 2519, Loss: 5.74832820892334
Epoch: 2520, Loss: 5.720340728759766
Test acc: 0.014, IC acc: 0.0029, IC acc2: 0.0029, IW acc: 0.0497
Epoch: 2521, Loss: 5.735752105712891
Epoch: 2522, Loss: 5.76578426361084
Epoch: 2523, Loss: 5.737570285797119
Epoch: 2524, Loss: 5.71819543838501
Epoch: 2525, Loss: 5.735139846801758
Epoch: 2526, Loss: 5.735352039337158
Epoch: 2527, Loss: 5.723879337310791
Epoch: 2528, Loss: 5.737335205078125
Epoch: 2529, Loss: 5.735226154327393
Epoch: 2530, Loss: 5.745771884918213
Test acc: 0.0132, IC acc: 0.0029, IC acc2: 0.0029, IW acc: 0.0489
Epoch: 2531, Loss: 5.742465019226074
Epoch: 2532, Loss: 5.726299285888672
Epoch: 2533, Loss: 5.776627063751221
Epoch: 2534, Loss: 5.730336666107178
Epoch: 2535, Loss: 5.755756855010986
Epoch: 2536, Loss: 5.69986629486084
Epoch: 2537, Loss: 5.740095615386963
Epoch: 2538, Loss: 5.689944267272949
Epoch: 2539, Loss: 5.738186836242676
Epoch: 2540, Loss: 5.737850189208984
Test acc: 0.0134, IC acc: 0.0029, IC acc2: 0.0029, IW acc: 0.0497
Epoch: 2541, Loss: 5.795056343078613
Epoch: 2542, Loss: 5.7145280838012695
Epoch: 2543, Loss: 5.772842884063721
Epoch: 2544, Loss: 5.720592021942139
Epoch: 2545, Loss: 5.758684158325195
Epoch: 2546, Loss: 5.758451461791992
Epoch: 2547, Loss: 5.755215167999268
Epoch: 2548, Loss: 5.757486343383789
Epoch: 2549, Loss: 5.760503768920898
./circuit_plots/Unrestricted Disentangled|Readout|CN=0|B0=2|B1=2|K=1280|L=320|p_B=0.75|p_C=0.75|B=2|eps=0|95cf655c-5fe1-41ee-b5c6-acd2a4761507/ already exists.
./circuit_plots/Unrestricted Disentangled|Readout|CN=0|B0=2|B1=2|K=1280|L=320|p_B=0.75|p_C=0.75|B=2|eps=0|95cf655c-5fe1-41ee-b5c6-acd2a4761507/ already exists.
./circuit_plots/Unrestricted Disentangled|Readout|CN=0|B0=2|B1=2|K=1280|L=320|p_B=0.75|p_C=0.75|B=2|eps=0|95cf655c-5fe1-41ee-b5c6-acd2a4761507/ already exists.
./circuit_plots/Unrestricted Disentangled|Readout|CN=0|B0=2|B1=2|K=1280|L=320|p_B=0.75|p_C=0.75|B=2|eps=0|95cf655c-5fe1-41ee-b5c6-acd2a4761507/ already exists.
./circuit_plots/Unrestricted Disentangled|Readout|CN=0|B0=2|B1=2|K=1280|L=320|p_B=0.75|p_C=0.75|B=2|eps=0|95cf655c-5fe1-41ee-b5c6-acd2a4761507/ already exists.
./circuit_plots/Unrestricted Disentangled|Readout|CN=0|B0=2|B1=2|K=1280|L=320|p_B=0.75|p_C=0.75|B=2|eps=0|95cf655c-5fe1-41ee-b5c6-acd2a4761507/ already exists.
./circuit_plots/Unrestricted Disentangled|Readout|CN=0|B0=2|B1=2|K=1280|L=320|p_B=0.75|p_C=0.75|B=2|eps=0|95cf655c-5fe1-41ee-b5c6-acd2a4761507/ already exists.
Epoch: 2550, Loss: 5.731220245361328
Test acc: 0.014, IC acc: 0.0029, IC acc2: 0.0029, IW acc: 0.0497
Epoch: 2551, Loss: 5.7654900550842285
Epoch: 2552, Loss: 5.719747066497803
Epoch: 2553, Loss: 5.708433151245117
Epoch: 2554, Loss: 5.733572483062744
Epoch: 2555, Loss: 5.766120910644531
Epoch: 2556, Loss: 5.708860874176025
Epoch: 2557, Loss: 5.71177864074707
Epoch: 2558, Loss: 5.769261837005615
Epoch: 2559, Loss: 5.7613654136657715
Epoch: 2560, Loss: 5.698068618774414
Test acc: 0.0134, IC acc: 0.0029, IC acc2: 0.0029, IW acc: 0.0497
Epoch: 2561, Loss: 5.705768585205078
Epoch: 2562, Loss: 5.737823486328125
Epoch: 2563, Loss: 5.758565902709961
Epoch: 2564, Loss: 5.729313850402832
Epoch: 2565, Loss: 5.69940185546875
Epoch: 2566, Loss: 5.730044841766357
Epoch: 2567, Loss: 5.70713996887207
Epoch: 2568, Loss: 5.767514228820801
Epoch: 2569, Loss: 5.731992244720459
Epoch: 2570, Loss: 5.691627502441406
Test acc: 0.0137, IC acc: 0.0029, IC acc2: 0.0029, IW acc: 0.0501
Epoch: 2571, Loss: 5.746055603027344
Epoch: 2572, Loss: 5.753385543823242
Epoch: 2573, Loss: 5.694549083709717
Epoch: 2574, Loss: 5.704825401306152
Epoch: 2575, Loss: 5.722771644592285
Epoch: 2576, Loss: 5.703454971313477
Epoch: 2577, Loss: 5.744650840759277
Epoch: 2578, Loss: 5.719038963317871
Epoch: 2579, Loss: 5.736096382141113
Epoch: 2580, Loss: 5.702113151550293
Test acc: 0.0137, IC acc: 0.0029, IC acc2: 0.0029, IW acc: 0.0501
Epoch: 2581, Loss: 5.707368850708008
Epoch: 2582, Loss: 5.683926582336426
Epoch: 2583, Loss: 5.716152667999268
Epoch: 2584, Loss: 5.715761184692383
Epoch: 2585, Loss: 5.742843151092529
Epoch: 2586, Loss: 5.7617387771606445
Epoch: 2587, Loss: 5.734508991241455
Epoch: 2588, Loss: 5.731911659240723
Epoch: 2589, Loss: 5.7343974113464355
Epoch: 2590, Loss: 5.769042491912842
Test acc: 0.0143, IC acc: 0.0029, IC acc2: 0.0029, IW acc: 0.0501
Epoch: 2591, Loss: 5.728451728820801
Epoch: 2592, Loss: 5.727765083312988
Epoch: 2593, Loss: 5.712672710418701
Epoch: 2594, Loss: 5.70275354385376
Epoch: 2595, Loss: 5.729592323303223
Epoch: 2596, Loss: 5.743420124053955
Epoch: 2597, Loss: 5.722848892211914
Epoch: 2598, Loss: 5.705636978149414
Epoch: 2599, Loss: 5.69386100769043
./circuit_plots/Unrestricted Disentangled|Readout|CN=0|B0=2|B1=2|K=1280|L=320|p_B=0.75|p_C=0.75|B=2|eps=0|95cf655c-5fe1-41ee-b5c6-acd2a4761507/ already exists.
./circuit_plots/Unrestricted Disentangled|Readout|CN=0|B0=2|B1=2|K=1280|L=320|p_B=0.75|p_C=0.75|B=2|eps=0|95cf655c-5fe1-41ee-b5c6-acd2a4761507/ already exists.
./circuit_plots/Unrestricted Disentangled|Readout|CN=0|B0=2|B1=2|K=1280|L=320|p_B=0.75|p_C=0.75|B=2|eps=0|95cf655c-5fe1-41ee-b5c6-acd2a4761507/ already exists.
./circuit_plots/Unrestricted Disentangled|Readout|CN=0|B0=2|B1=2|K=1280|L=320|p_B=0.75|p_C=0.75|B=2|eps=0|95cf655c-5fe1-41ee-b5c6-acd2a4761507/ already exists.
./circuit_plots/Unrestricted Disentangled|Readout|CN=0|B0=2|B1=2|K=1280|L=320|p_B=0.75|p_C=0.75|B=2|eps=0|95cf655c-5fe1-41ee-b5c6-acd2a4761507/ already exists.
./circuit_plots/Unrestricted Disentangled|Readout|CN=0|B0=2|B1=2|K=1280|L=320|p_B=0.75|p_C=0.75|B=2|eps=0|95cf655c-5fe1-41ee-b5c6-acd2a4761507/ already exists.
./circuit_plots/Unrestricted Disentangled|Readout|CN=0|B0=2|B1=2|K=1280|L=320|p_B=0.75|p_C=0.75|B=2|eps=0|95cf655c-5fe1-41ee-b5c6-acd2a4761507/ already exists.
Epoch: 2600, Loss: 5.698211669921875
Test acc: 0.0143, IC acc: 0.0029, IC acc2: 0.0029, IW acc: 0.0501
Epoch: 2601, Loss: 5.720045566558838
Epoch: 2602, Loss: 5.734618186950684
Epoch: 2603, Loss: 5.700814247131348
Epoch: 2604, Loss: 5.72788667678833
Epoch: 2605, Loss: 5.746615886688232
Epoch: 2606, Loss: 5.676953315734863
Epoch: 2607, Loss: 5.715236663818359
Epoch: 2608, Loss: 5.749060153961182
Epoch: 2609, Loss: 5.738766670227051
Epoch: 2610, Loss: 5.713032245635986
Test acc: 0.0143, IC acc: 0.0029, IC acc2: 0.0029, IW acc: 0.0501
Epoch: 2611, Loss: 5.731807708740234
Epoch: 2612, Loss: 5.729609489440918
Epoch: 2613, Loss: 5.694482803344727
Epoch: 2614, Loss: 5.678874969482422
Epoch: 2615, Loss: 5.7472076416015625
Epoch: 2616, Loss: 5.744955062866211
Epoch: 2617, Loss: 5.7012834548950195
Epoch: 2618, Loss: 5.713974475860596
Epoch: 2619, Loss: 5.758269786834717
Epoch: 2620, Loss: 5.758272647857666
Test acc: 0.0145, IC acc: 0.0029, IC acc2: 0.0029, IW acc: 0.0507
Epoch: 2621, Loss: 5.685401916503906
Epoch: 2622, Loss: 5.713526725769043
Epoch: 2623, Loss: 5.734889507293701
Epoch: 2624, Loss: 5.722387313842773
Epoch: 2625, Loss: 5.71355676651001
Epoch: 2626, Loss: 5.745640754699707
Epoch: 2627, Loss: 5.714090824127197
Epoch: 2628, Loss: 5.802825927734375
Epoch: 2629, Loss: 5.707396507263184
Epoch: 2630, Loss: 5.7084856033325195
Test acc: 0.0146, IC acc: 0.0029, IC acc2: 0.0029, IW acc: 0.051
Epoch: 2631, Loss: 5.721236228942871
Epoch: 2632, Loss: 5.733236312866211
Epoch: 2633, Loss: 5.732577323913574
Epoch: 2634, Loss: 5.728788375854492
Epoch: 2635, Loss: 5.72369909286499
Epoch: 2636, Loss: 5.759991645812988
Epoch: 2637, Loss: 5.740896224975586
Epoch: 2638, Loss: 5.671019077301025
Epoch: 2639, Loss: 5.739965915679932
Epoch: 2640, Loss: 5.740189552307129
Test acc: 0.0148, IC acc: 0.0029, IC acc2: 0.0029, IW acc: 0.0516
Epoch: 2641, Loss: 5.711425304412842
Epoch: 2642, Loss: 5.7225022315979
Epoch: 2643, Loss: 5.775705337524414
Epoch: 2644, Loss: 5.761664390563965
Epoch: 2645, Loss: 5.765456676483154
Epoch: 2646, Loss: 5.739546775817871
Epoch: 2647, Loss: 5.745785713195801
Epoch: 2648, Loss: 5.7212934494018555
Epoch: 2649, Loss: 5.7453813552856445
./circuit_plots/Unrestricted Disentangled|Readout|CN=0|B0=2|B1=2|K=1280|L=320|p_B=0.75|p_C=0.75|B=2|eps=0|95cf655c-5fe1-41ee-b5c6-acd2a4761507/ already exists.
./circuit_plots/Unrestricted Disentangled|Readout|CN=0|B0=2|B1=2|K=1280|L=320|p_B=0.75|p_C=0.75|B=2|eps=0|95cf655c-5fe1-41ee-b5c6-acd2a4761507/ already exists.
./circuit_plots/Unrestricted Disentangled|Readout|CN=0|B0=2|B1=2|K=1280|L=320|p_B=0.75|p_C=0.75|B=2|eps=0|95cf655c-5fe1-41ee-b5c6-acd2a4761507/ already exists.
./circuit_plots/Unrestricted Disentangled|Readout|CN=0|B0=2|B1=2|K=1280|L=320|p_B=0.75|p_C=0.75|B=2|eps=0|95cf655c-5fe1-41ee-b5c6-acd2a4761507/ already exists.
./circuit_plots/Unrestricted Disentangled|Readout|CN=0|B0=2|B1=2|K=1280|L=320|p_B=0.75|p_C=0.75|B=2|eps=0|95cf655c-5fe1-41ee-b5c6-acd2a4761507/ already exists.
./circuit_plots/Unrestricted Disentangled|Readout|CN=0|B0=2|B1=2|K=1280|L=320|p_B=0.75|p_C=0.75|B=2|eps=0|95cf655c-5fe1-41ee-b5c6-acd2a4761507/ already exists.
./circuit_plots/Unrestricted Disentangled|Readout|CN=0|B0=2|B1=2|K=1280|L=320|p_B=0.75|p_C=0.75|B=2|eps=0|95cf655c-5fe1-41ee-b5c6-acd2a4761507/ already exists.
Epoch: 2650, Loss: 5.674802780151367
Test acc: 0.0148, IC acc: 0.0029, IC acc2: 0.0029, IW acc: 0.0517
Epoch: 2651, Loss: 5.732305526733398
Epoch: 2652, Loss: 5.703705787658691
Epoch: 2653, Loss: 5.70649528503418
Epoch: 2654, Loss: 5.708826541900635
Epoch: 2655, Loss: 5.722188949584961
Epoch: 2656, Loss: 5.734414577484131
Epoch: 2657, Loss: 5.702086925506592
Epoch: 2658, Loss: 5.719300746917725
Epoch: 2659, Loss: 5.72769832611084
Epoch: 2660, Loss: 5.723387718200684
Test acc: 0.0146, IC acc: 0.0029, IC acc2: 0.0029, IW acc: 0.0522
Epoch: 2661, Loss: 5.731786727905273
Epoch: 2662, Loss: 5.7267961502075195
Epoch: 2663, Loss: 5.691486358642578
Epoch: 2664, Loss: 5.777596473693848
Epoch: 2665, Loss: 5.72109842300415
Epoch: 2666, Loss: 5.782834053039551
Epoch: 2667, Loss: 5.70292854309082
Epoch: 2668, Loss: 5.728070259094238
Epoch: 2669, Loss: 5.740355968475342
Epoch: 2670, Loss: 5.737189292907715
Test acc: 0.0145, IC acc: 0.0029, IC acc2: 0.0029, IW acc: 0.0508
Epoch: 2671, Loss: 5.738445281982422
Epoch: 2672, Loss: 5.699669361114502
Epoch: 2673, Loss: 5.708294868469238
Epoch: 2674, Loss: 5.734501838684082
Epoch: 2675, Loss: 5.726005554199219
Epoch: 2676, Loss: 5.751859664916992
Epoch: 2677, Loss: 5.716629981994629
Epoch: 2678, Loss: 5.691439151763916
Epoch: 2679, Loss: 5.731701850891113
Epoch: 2680, Loss: 5.702465057373047
Test acc: 0.0142, IC acc: 0.0029, IC acc2: 0.0029, IW acc: 0.0533
Epoch: 2681, Loss: 5.761458873748779
Epoch: 2682, Loss: 5.723956108093262
Epoch: 2683, Loss: 5.766768455505371
Epoch: 2684, Loss: 5.714114189147949
Epoch: 2685, Loss: 5.694047927856445
Epoch: 2686, Loss: 5.720405578613281
Epoch: 2687, Loss: 5.761350631713867
Epoch: 2688, Loss: 5.775223731994629
Epoch: 2689, Loss: 5.698432922363281
Epoch: 2690, Loss: 5.719851493835449
Test acc: 0.0142, IC acc: 0.0029, IC acc2: 0.0029, IW acc: 0.0533
Epoch: 2691, Loss: 5.683946132659912
Epoch: 2692, Loss: 5.7222394943237305
Epoch: 2693, Loss: 5.729445934295654
Epoch: 2694, Loss: 5.733123779296875
Epoch: 2695, Loss: 5.780988693237305
Epoch: 2696, Loss: 5.726020812988281
Epoch: 2697, Loss: 5.713067054748535
Epoch: 2698, Loss: 5.711367607116699
Epoch: 2699, Loss: 5.713354587554932
./circuit_plots/Unrestricted Disentangled|Readout|CN=0|B0=2|B1=2|K=1280|L=320|p_B=0.75|p_C=0.75|B=2|eps=0|95cf655c-5fe1-41ee-b5c6-acd2a4761507/ already exists.
./circuit_plots/Unrestricted Disentangled|Readout|CN=0|B0=2|B1=2|K=1280|L=320|p_B=0.75|p_C=0.75|B=2|eps=0|95cf655c-5fe1-41ee-b5c6-acd2a4761507/ already exists.
./circuit_plots/Unrestricted Disentangled|Readout|CN=0|B0=2|B1=2|K=1280|L=320|p_B=0.75|p_C=0.75|B=2|eps=0|95cf655c-5fe1-41ee-b5c6-acd2a4761507/ already exists.
./circuit_plots/Unrestricted Disentangled|Readout|CN=0|B0=2|B1=2|K=1280|L=320|p_B=0.75|p_C=0.75|B=2|eps=0|95cf655c-5fe1-41ee-b5c6-acd2a4761507/ already exists.
./circuit_plots/Unrestricted Disentangled|Readout|CN=0|B0=2|B1=2|K=1280|L=320|p_B=0.75|p_C=0.75|B=2|eps=0|95cf655c-5fe1-41ee-b5c6-acd2a4761507/ already exists.
./circuit_plots/Unrestricted Disentangled|Readout|CN=0|B0=2|B1=2|K=1280|L=320|p_B=0.75|p_C=0.75|B=2|eps=0|95cf655c-5fe1-41ee-b5c6-acd2a4761507/ already exists.
./circuit_plots/Unrestricted Disentangled|Readout|CN=0|B0=2|B1=2|K=1280|L=320|p_B=0.75|p_C=0.75|B=2|eps=0|95cf655c-5fe1-41ee-b5c6-acd2a4761507/ already exists.
Epoch: 2700, Loss: 5.716693878173828
Test acc: 0.0142, IC acc: 0.0029, IC acc2: 0.0029, IW acc: 0.0533
Epoch: 2701, Loss: 5.7335405349731445
Epoch: 2702, Loss: 5.706204891204834
Epoch: 2703, Loss: 5.72542667388916
Epoch: 2704, Loss: 5.68605899810791
Epoch: 2705, Loss: 5.671899795532227
Epoch: 2706, Loss: 5.707808494567871
Epoch: 2707, Loss: 5.754621505737305
Epoch: 2708, Loss: 5.726002216339111
Epoch: 2709, Loss: 5.729377746582031
Epoch: 2710, Loss: 5.738452434539795
Test acc: 0.015, IC acc: 0.0029, IC acc2: 0.0029, IW acc: 0.0558
Epoch: 2711, Loss: 5.724689483642578
Epoch: 2712, Loss: 5.726141929626465
Epoch: 2713, Loss: 5.751989364624023
Epoch: 2714, Loss: 5.684976100921631
Epoch: 2715, Loss: 5.713802814483643
Epoch: 2716, Loss: 5.736928939819336
Epoch: 2717, Loss: 5.738397121429443
Epoch: 2718, Loss: 5.734101295471191
Epoch: 2719, Loss: 5.723577976226807
Epoch: 2720, Loss: 5.741844177246094
Test acc: 0.0151, IC acc: 0.0029, IC acc2: 0.0029, IW acc: 0.0568
Epoch: 2721, Loss: 5.743340492248535
Epoch: 2722, Loss: 5.716264724731445
Epoch: 2723, Loss: 5.764451026916504
Epoch: 2724, Loss: 5.709222793579102
Epoch: 2725, Loss: 5.699040412902832
Epoch: 2726, Loss: 5.753725051879883
Epoch: 2727, Loss: 5.702175140380859
Epoch: 2728, Loss: 5.744142532348633
Epoch: 2729, Loss: 5.82530403137207
Epoch: 2730, Loss: 5.716729164123535
Test acc: 0.0151, IC acc: 0.0029, IC acc2: 0.0029, IW acc: 0.0568
Epoch: 2731, Loss: 5.710272312164307
Epoch: 2732, Loss: 5.7334747314453125
Epoch: 2733, Loss: 5.709109783172607
Epoch: 2734, Loss: 5.750650882720947
Epoch: 2735, Loss: 5.683307647705078
Epoch: 2736, Loss: 5.745473861694336
Epoch: 2737, Loss: 5.716017723083496
Epoch: 2738, Loss: 5.773235321044922
Epoch: 2739, Loss: 5.705022811889648
Epoch: 2740, Loss: 5.718570709228516
Test acc: 0.0151, IC acc: 0.0029, IC acc2: 0.0029, IW acc: 0.0568
Epoch: 2741, Loss: 5.757111072540283
Epoch: 2742, Loss: 5.712890148162842
Epoch: 2743, Loss: 5.702215194702148
Epoch: 2744, Loss: 5.683762073516846
Epoch: 2745, Loss: 5.701162338256836
Epoch: 2746, Loss: 5.688275337219238
Epoch: 2747, Loss: 5.70297384262085
Epoch: 2748, Loss: 5.739795207977295
Epoch: 2749, Loss: 5.73701810836792
./circuit_plots/Unrestricted Disentangled|Readout|CN=0|B0=2|B1=2|K=1280|L=320|p_B=0.75|p_C=0.75|B=2|eps=0|95cf655c-5fe1-41ee-b5c6-acd2a4761507/ already exists.
./circuit_plots/Unrestricted Disentangled|Readout|CN=0|B0=2|B1=2|K=1280|L=320|p_B=0.75|p_C=0.75|B=2|eps=0|95cf655c-5fe1-41ee-b5c6-acd2a4761507/ already exists.
./circuit_plots/Unrestricted Disentangled|Readout|CN=0|B0=2|B1=2|K=1280|L=320|p_B=0.75|p_C=0.75|B=2|eps=0|95cf655c-5fe1-41ee-b5c6-acd2a4761507/ already exists.
./circuit_plots/Unrestricted Disentangled|Readout|CN=0|B0=2|B1=2|K=1280|L=320|p_B=0.75|p_C=0.75|B=2|eps=0|95cf655c-5fe1-41ee-b5c6-acd2a4761507/ already exists.
./circuit_plots/Unrestricted Disentangled|Readout|CN=0|B0=2|B1=2|K=1280|L=320|p_B=0.75|p_C=0.75|B=2|eps=0|95cf655c-5fe1-41ee-b5c6-acd2a4761507/ already exists.
./circuit_plots/Unrestricted Disentangled|Readout|CN=0|B0=2|B1=2|K=1280|L=320|p_B=0.75|p_C=0.75|B=2|eps=0|95cf655c-5fe1-41ee-b5c6-acd2a4761507/ already exists.
./circuit_plots/Unrestricted Disentangled|Readout|CN=0|B0=2|B1=2|K=1280|L=320|p_B=0.75|p_C=0.75|B=2|eps=0|95cf655c-5fe1-41ee-b5c6-acd2a4761507/ already exists.
Epoch: 2750, Loss: 5.754836082458496
Test acc: 0.0152, IC acc: 0.0029, IC acc2: 0.0029, IW acc: 0.0577
Epoch: 2751, Loss: 5.733377456665039
Epoch: 2752, Loss: 5.722558975219727
Epoch: 2753, Loss: 5.732003211975098
Epoch: 2754, Loss: 5.694730758666992
Epoch: 2755, Loss: 5.6774420738220215
Epoch: 2756, Loss: 5.743841171264648
Epoch: 2757, Loss: 5.722933292388916
Epoch: 2758, Loss: 5.713835716247559
Epoch: 2759, Loss: 5.720605373382568
Epoch: 2760, Loss: 5.76216983795166
Test acc: 0.0153, IC acc: 0.0029, IC acc2: 0.0029, IW acc: 0.0586
Epoch: 2761, Loss: 5.738434791564941
Epoch: 2762, Loss: 5.72797966003418
Epoch: 2763, Loss: 5.735656261444092
Epoch: 2764, Loss: 5.759520530700684
Epoch: 2765, Loss: 5.684511661529541
Epoch: 2766, Loss: 5.73250150680542
Epoch: 2767, Loss: 5.71641731262207
Epoch: 2768, Loss: 5.715964317321777
Epoch: 2769, Loss: 5.76634407043457
Epoch: 2770, Loss: 5.75393009185791
Test acc: 0.0153, IC acc: 0.0029, IC acc2: 0.0029, IW acc: 0.0586
Epoch: 2771, Loss: 5.701922416687012
Epoch: 2772, Loss: 5.7289862632751465
Epoch: 2773, Loss: 5.705313682556152
Epoch: 2774, Loss: 5.703226089477539
Epoch: 2775, Loss: 5.760641098022461
Epoch: 2776, Loss: 5.73838996887207
Epoch: 2777, Loss: 5.727227210998535
Epoch: 2778, Loss: 5.734454154968262
Epoch: 2779, Loss: 5.7448506355285645
Epoch: 2780, Loss: 5.673932075500488
Test acc: 0.0156, IC acc: 0.0029, IC acc2: 0.0029, IW acc: 0.0598
Epoch: 2781, Loss: 5.750333786010742
Epoch: 2782, Loss: 5.696761131286621
Epoch: 2783, Loss: 5.76421594619751
Epoch: 2784, Loss: 5.743982791900635
Epoch: 2785, Loss: 5.7107930183410645
Epoch: 2786, Loss: 5.723989009857178
Epoch: 2787, Loss: 5.693486213684082
Epoch: 2788, Loss: 5.687314033508301
Epoch: 2789, Loss: 5.681977272033691
Epoch: 2790, Loss: 5.692342758178711
Test acc: 0.0154, IC acc: 0.0029, IC acc2: 0.0029, IW acc: 0.0594
Epoch: 2791, Loss: 5.70198917388916
Epoch: 2792, Loss: 5.702610969543457
Epoch: 2793, Loss: 5.767770290374756
Epoch: 2794, Loss: 5.737128257751465
Epoch: 2795, Loss: 5.719788074493408
Epoch: 2796, Loss: 5.696606159210205
Epoch: 2797, Loss: 5.755038261413574
Epoch: 2798, Loss: 5.718569755554199
Epoch: 2799, Loss: 5.697818756103516
./circuit_plots/Unrestricted Disentangled|Readout|CN=0|B0=2|B1=2|K=1280|L=320|p_B=0.75|p_C=0.75|B=2|eps=0|95cf655c-5fe1-41ee-b5c6-acd2a4761507/ already exists.
./circuit_plots/Unrestricted Disentangled|Readout|CN=0|B0=2|B1=2|K=1280|L=320|p_B=0.75|p_C=0.75|B=2|eps=0|95cf655c-5fe1-41ee-b5c6-acd2a4761507/ already exists.
./circuit_plots/Unrestricted Disentangled|Readout|CN=0|B0=2|B1=2|K=1280|L=320|p_B=0.75|p_C=0.75|B=2|eps=0|95cf655c-5fe1-41ee-b5c6-acd2a4761507/ already exists.
./circuit_plots/Unrestricted Disentangled|Readout|CN=0|B0=2|B1=2|K=1280|L=320|p_B=0.75|p_C=0.75|B=2|eps=0|95cf655c-5fe1-41ee-b5c6-acd2a4761507/ already exists.
./circuit_plots/Unrestricted Disentangled|Readout|CN=0|B0=2|B1=2|K=1280|L=320|p_B=0.75|p_C=0.75|B=2|eps=0|95cf655c-5fe1-41ee-b5c6-acd2a4761507/ already exists.
./circuit_plots/Unrestricted Disentangled|Readout|CN=0|B0=2|B1=2|K=1280|L=320|p_B=0.75|p_C=0.75|B=2|eps=0|95cf655c-5fe1-41ee-b5c6-acd2a4761507/ already exists.
./circuit_plots/Unrestricted Disentangled|Readout|CN=0|B0=2|B1=2|K=1280|L=320|p_B=0.75|p_C=0.75|B=2|eps=0|95cf655c-5fe1-41ee-b5c6-acd2a4761507/ already exists.
Epoch: 2800, Loss: 5.7316412925720215
Test acc: 0.0154, IC acc: 0.0029, IC acc2: 0.0029, IW acc: 0.0594
Epoch: 2801, Loss: 5.742335796356201
Epoch: 2802, Loss: 5.69382381439209
Epoch: 2803, Loss: 5.7173542976379395
Epoch: 2804, Loss: 5.71859073638916
Epoch: 2805, Loss: 5.758328437805176
Epoch: 2806, Loss: 5.775705814361572
Epoch: 2807, Loss: 5.686458587646484
Epoch: 2808, Loss: 5.702270984649658
Epoch: 2809, Loss: 5.688915252685547
Epoch: 2810, Loss: 5.712460041046143
Test acc: 0.0159, IC acc: 0.0029, IC acc2: 0.0029, IW acc: 0.0621
Epoch: 2811, Loss: 5.682475566864014
Epoch: 2812, Loss: 5.749878883361816
Epoch: 2813, Loss: 5.772157669067383
Epoch: 2814, Loss: 5.699747085571289
Epoch: 2815, Loss: 5.720314025878906
Epoch: 2816, Loss: 5.6725263595581055
Epoch: 2817, Loss: 5.71075439453125
Epoch: 2818, Loss: 5.733879089355469
Epoch: 2819, Loss: 5.712005615234375
Epoch: 2820, Loss: 5.729544639587402
Test acc: 0.0159, IC acc: 0.0029, IC acc2: 0.0029, IW acc: 0.0621
Epoch: 2821, Loss: 5.696944236755371
Epoch: 2822, Loss: 5.738543510437012
Epoch: 2823, Loss: 5.720137596130371
Epoch: 2824, Loss: 5.75321102142334
Epoch: 2825, Loss: 5.6721391677856445
Epoch: 2826, Loss: 5.720023155212402
Epoch: 2827, Loss: 5.65403938293457
Epoch: 2828, Loss: 5.717157363891602
Epoch: 2829, Loss: 5.73764181137085
Epoch: 2830, Loss: 5.716564178466797
Test acc: 0.0159, IC acc: 0.0029, IC acc2: 0.0029, IW acc: 0.0621
Epoch: 2831, Loss: 5.732654571533203
Epoch: 2832, Loss: 5.665771484375
Epoch: 2833, Loss: 5.7429585456848145
Epoch: 2834, Loss: 5.739953517913818
Epoch: 2835, Loss: 5.731884002685547
Epoch: 2836, Loss: 5.7017107009887695
Epoch: 2837, Loss: 5.706614971160889
Epoch: 2838, Loss: 5.732509136199951
Epoch: 2839, Loss: 5.665783882141113
Epoch: 2840, Loss: 5.701930046081543
Test acc: 0.016, IC acc: 0.0029, IC acc2: 0.0029, IW acc: 0.062
Epoch: 2841, Loss: 5.785548686981201
Epoch: 2842, Loss: 5.7487945556640625
Epoch: 2843, Loss: 5.727068901062012
Epoch: 2844, Loss: 5.713618278503418
Epoch: 2845, Loss: 5.765666961669922
Epoch: 2846, Loss: 5.7178955078125
Epoch: 2847, Loss: 5.758510589599609
Epoch: 2848, Loss: 5.756690502166748
Epoch: 2849, Loss: 5.728095054626465
./circuit_plots/Unrestricted Disentangled|Readout|CN=0|B0=2|B1=2|K=1280|L=320|p_B=0.75|p_C=0.75|B=2|eps=0|95cf655c-5fe1-41ee-b5c6-acd2a4761507/ already exists.
./circuit_plots/Unrestricted Disentangled|Readout|CN=0|B0=2|B1=2|K=1280|L=320|p_B=0.75|p_C=0.75|B=2|eps=0|95cf655c-5fe1-41ee-b5c6-acd2a4761507/ already exists.
./circuit_plots/Unrestricted Disentangled|Readout|CN=0|B0=2|B1=2|K=1280|L=320|p_B=0.75|p_C=0.75|B=2|eps=0|95cf655c-5fe1-41ee-b5c6-acd2a4761507/ already exists.
./circuit_plots/Unrestricted Disentangled|Readout|CN=0|B0=2|B1=2|K=1280|L=320|p_B=0.75|p_C=0.75|B=2|eps=0|95cf655c-5fe1-41ee-b5c6-acd2a4761507/ already exists.
./circuit_plots/Unrestricted Disentangled|Readout|CN=0|B0=2|B1=2|K=1280|L=320|p_B=0.75|p_C=0.75|B=2|eps=0|95cf655c-5fe1-41ee-b5c6-acd2a4761507/ already exists.
./circuit_plots/Unrestricted Disentangled|Readout|CN=0|B0=2|B1=2|K=1280|L=320|p_B=0.75|p_C=0.75|B=2|eps=0|95cf655c-5fe1-41ee-b5c6-acd2a4761507/ already exists.
./circuit_plots/Unrestricted Disentangled|Readout|CN=0|B0=2|B1=2|K=1280|L=320|p_B=0.75|p_C=0.75|B=2|eps=0|95cf655c-5fe1-41ee-b5c6-acd2a4761507/ already exists.
Epoch: 2850, Loss: 5.684211730957031
Test acc: 0.0155, IC acc: 0.0029, IC acc2: 0.0029, IW acc: 0.0616
Epoch: 2851, Loss: 5.753103733062744
Epoch: 2852, Loss: 5.706654071807861
Epoch: 2853, Loss: 5.7608466148376465
Epoch: 2854, Loss: 5.735834121704102
Epoch: 2855, Loss: 5.776695251464844
Epoch: 2856, Loss: 5.7530364990234375
Epoch: 2857, Loss: 5.759667873382568
Epoch: 2858, Loss: 5.718601703643799
Epoch: 2859, Loss: 5.68198823928833
Epoch: 2860, Loss: 5.701789855957031
Test acc: 0.0155, IC acc: 0.0029, IC acc2: 0.0029, IW acc: 0.0616
Epoch: 2861, Loss: 5.704435348510742
Epoch: 2862, Loss: 5.644164085388184
Epoch: 2863, Loss: 5.708528518676758
Epoch: 2864, Loss: 5.711780548095703
Epoch: 2865, Loss: 5.711112022399902
Epoch: 2866, Loss: 5.793240070343018
Epoch: 2867, Loss: 5.729679107666016
Epoch: 2868, Loss: 5.740328788757324
Epoch: 2869, Loss: 5.686865329742432
Epoch: 2870, Loss: 5.699936866760254
Test acc: 0.0155, IC acc: 0.0029, IC acc2: 0.0029, IW acc: 0.0616
Epoch: 2871, Loss: 5.755757808685303
Epoch: 2872, Loss: 5.736001968383789
Epoch: 2873, Loss: 5.682575225830078
Epoch: 2874, Loss: 5.7056965827941895
Epoch: 2875, Loss: 5.697488784790039
Epoch: 2876, Loss: 5.7226152420043945
Epoch: 2877, Loss: 5.7019805908203125
Epoch: 2878, Loss: 5.719475269317627
Epoch: 2879, Loss: 5.6851983070373535
Epoch: 2880, Loss: 5.746949195861816
Test acc: 0.0159, IC acc: 0.0029, IC acc2: 0.0029, IW acc: 0.0628
Epoch: 2881, Loss: 5.715392589569092
Epoch: 2882, Loss: 5.706608772277832
Epoch: 2883, Loss: 5.7707085609436035
Epoch: 2884, Loss: 5.7488603591918945
Epoch: 2885, Loss: 5.708476543426514
Epoch: 2886, Loss: 5.734491348266602
Epoch: 2887, Loss: 5.6978254318237305
Epoch: 2888, Loss: 5.7095947265625
Epoch: 2889, Loss: 5.741318702697754
Epoch: 2890, Loss: 5.7366251945495605
Test acc: 0.0163, IC acc: 0.0029, IC acc2: 0.0029, IW acc: 0.0641
Epoch: 2891, Loss: 5.7237324714660645
Epoch: 2892, Loss: 5.6864728927612305
Epoch: 2893, Loss: 5.6776628494262695
Epoch: 2894, Loss: 5.7184858322143555
Epoch: 2895, Loss: 5.713222026824951
Epoch: 2896, Loss: 5.715566635131836
Epoch: 2897, Loss: 5.744132995605469
Epoch: 2898, Loss: 5.739725112915039
Epoch: 2899, Loss: 5.739781379699707
./circuit_plots/Unrestricted Disentangled|Readout|CN=0|B0=2|B1=2|K=1280|L=320|p_B=0.75|p_C=0.75|B=2|eps=0|95cf655c-5fe1-41ee-b5c6-acd2a4761507/ already exists.
./circuit_plots/Unrestricted Disentangled|Readout|CN=0|B0=2|B1=2|K=1280|L=320|p_B=0.75|p_C=0.75|B=2|eps=0|95cf655c-5fe1-41ee-b5c6-acd2a4761507/ already exists.
./circuit_plots/Unrestricted Disentangled|Readout|CN=0|B0=2|B1=2|K=1280|L=320|p_B=0.75|p_C=0.75|B=2|eps=0|95cf655c-5fe1-41ee-b5c6-acd2a4761507/ already exists.
./circuit_plots/Unrestricted Disentangled|Readout|CN=0|B0=2|B1=2|K=1280|L=320|p_B=0.75|p_C=0.75|B=2|eps=0|95cf655c-5fe1-41ee-b5c6-acd2a4761507/ already exists.
./circuit_plots/Unrestricted Disentangled|Readout|CN=0|B0=2|B1=2|K=1280|L=320|p_B=0.75|p_C=0.75|B=2|eps=0|95cf655c-5fe1-41ee-b5c6-acd2a4761507/ already exists.
./circuit_plots/Unrestricted Disentangled|Readout|CN=0|B0=2|B1=2|K=1280|L=320|p_B=0.75|p_C=0.75|B=2|eps=0|95cf655c-5fe1-41ee-b5c6-acd2a4761507/ already exists.
./circuit_plots/Unrestricted Disentangled|Readout|CN=0|B0=2|B1=2|K=1280|L=320|p_B=0.75|p_C=0.75|B=2|eps=0|95cf655c-5fe1-41ee-b5c6-acd2a4761507/ already exists.
Epoch: 2900, Loss: 5.727875709533691
Test acc: 0.0167, IC acc: 0.0029, IC acc2: 0.0029, IW acc: 0.0657
Epoch: 2901, Loss: 5.7119293212890625
Epoch: 2902, Loss: 5.6868133544921875
Epoch: 2903, Loss: 5.737603187561035
Epoch: 2904, Loss: 5.690412521362305
Epoch: 2905, Loss: 5.686893463134766
Epoch: 2906, Loss: 5.720663070678711
Epoch: 2907, Loss: 5.7027268409729
Epoch: 2908, Loss: 5.714804649353027
Epoch: 2909, Loss: 5.727656364440918
Epoch: 2910, Loss: 5.702112674713135
Test acc: 0.0166, IC acc: 0.0029, IC acc2: 0.0029, IW acc: 0.0661
Epoch: 2911, Loss: 5.725920677185059
Epoch: 2912, Loss: 5.703063488006592
Epoch: 2913, Loss: 5.724891662597656
Epoch: 2914, Loss: 5.6915764808654785
Epoch: 2915, Loss: 5.719621658325195
Epoch: 2916, Loss: 5.707621097564697
Epoch: 2917, Loss: 5.736844062805176
Epoch: 2918, Loss: 5.683013916015625
Epoch: 2919, Loss: 5.748622894287109
Epoch: 2920, Loss: 5.69499397277832
Test acc: 0.0166, IC acc: 0.0029, IC acc2: 0.0029, IW acc: 0.0661
Epoch: 2921, Loss: 5.705772876739502
Epoch: 2922, Loss: 5.764742851257324
Epoch: 2923, Loss: 5.729905128479004
Epoch: 2924, Loss: 5.7489914894104
Epoch: 2925, Loss: 5.675815105438232
Epoch: 2926, Loss: 5.661608695983887
Epoch: 2927, Loss: 5.680213928222656
Epoch: 2928, Loss: 5.713929176330566
Epoch: 2929, Loss: 5.738795280456543
Epoch: 2930, Loss: 5.671510219573975
Test acc: 0.0166, IC acc: 0.0029, IC acc2: 0.0029, IW acc: 0.0661
Epoch: 2931, Loss: 5.723243236541748
Epoch: 2932, Loss: 5.690317153930664
Epoch: 2933, Loss: 5.737478256225586
Epoch: 2934, Loss: 5.748796463012695
Epoch: 2935, Loss: 5.707523345947266
Epoch: 2936, Loss: 5.675957679748535
Epoch: 2937, Loss: 5.7031683921813965
Epoch: 2938, Loss: 5.767139911651611
Epoch: 2939, Loss: 5.687841892242432
Epoch: 2940, Loss: 5.738066673278809
Test acc: 0.0165, IC acc: 0.0029, IC acc2: 0.0029, IW acc: 0.0655
Epoch: 2941, Loss: 5.749953746795654
Epoch: 2942, Loss: 5.734192848205566
Epoch: 2943, Loss: 5.749817848205566
Epoch: 2944, Loss: 5.702386856079102
Epoch: 2945, Loss: 5.777693748474121
Epoch: 2946, Loss: 5.718527317047119
Epoch: 2947, Loss: 5.713343620300293
Epoch: 2948, Loss: 5.734380722045898
Epoch: 2949, Loss: 5.727246284484863
./circuit_plots/Unrestricted Disentangled|Readout|CN=0|B0=2|B1=2|K=1280|L=320|p_B=0.75|p_C=0.75|B=2|eps=0|95cf655c-5fe1-41ee-b5c6-acd2a4761507/ already exists.
./circuit_plots/Unrestricted Disentangled|Readout|CN=0|B0=2|B1=2|K=1280|L=320|p_B=0.75|p_C=0.75|B=2|eps=0|95cf655c-5fe1-41ee-b5c6-acd2a4761507/ already exists.
./circuit_plots/Unrestricted Disentangled|Readout|CN=0|B0=2|B1=2|K=1280|L=320|p_B=0.75|p_C=0.75|B=2|eps=0|95cf655c-5fe1-41ee-b5c6-acd2a4761507/ already exists.
./circuit_plots/Unrestricted Disentangled|Readout|CN=0|B0=2|B1=2|K=1280|L=320|p_B=0.75|p_C=0.75|B=2|eps=0|95cf655c-5fe1-41ee-b5c6-acd2a4761507/ already exists.
./circuit_plots/Unrestricted Disentangled|Readout|CN=0|B0=2|B1=2|K=1280|L=320|p_B=0.75|p_C=0.75|B=2|eps=0|95cf655c-5fe1-41ee-b5c6-acd2a4761507/ already exists.
./circuit_plots/Unrestricted Disentangled|Readout|CN=0|B0=2|B1=2|K=1280|L=320|p_B=0.75|p_C=0.75|B=2|eps=0|95cf655c-5fe1-41ee-b5c6-acd2a4761507/ already exists.
./circuit_plots/Unrestricted Disentangled|Readout|CN=0|B0=2|B1=2|K=1280|L=320|p_B=0.75|p_C=0.75|B=2|eps=0|95cf655c-5fe1-41ee-b5c6-acd2a4761507/ already exists.
Epoch: 2950, Loss: 5.708381652832031
Test acc: 0.0166, IC acc: 0.0029, IC acc2: 0.0029, IW acc: 0.0661
Epoch: 2951, Loss: 5.738999366760254
Epoch: 2952, Loss: 5.697350978851318
Epoch: 2953, Loss: 5.7222113609313965
Epoch: 2954, Loss: 5.739697456359863
Epoch: 2955, Loss: 5.705565929412842
Epoch: 2956, Loss: 5.728072166442871
Epoch: 2957, Loss: 5.725610733032227
Epoch: 2958, Loss: 5.702272415161133
Epoch: 2959, Loss: 5.722751617431641
Epoch: 2960, Loss: 5.73321533203125
Test acc: 0.0161, IC acc: 0.0029, IC acc2: 0.0029, IW acc: 0.0657
Epoch: 2961, Loss: 5.751667022705078
Epoch: 2962, Loss: 5.727969169616699
Epoch: 2963, Loss: 5.727275848388672
Epoch: 2964, Loss: 5.680864334106445
Epoch: 2965, Loss: 5.692450046539307
Epoch: 2966, Loss: 5.736515998840332
Epoch: 2967, Loss: 5.769102096557617
Epoch: 2968, Loss: 5.689757347106934
Epoch: 2969, Loss: 5.707178115844727
Epoch: 2970, Loss: 5.70605993270874
Test acc: 0.0172, IC acc: 0.0029, IC acc2: 0.0029, IW acc: 0.0684
Epoch: 2971, Loss: 5.69980525970459
Epoch: 2972, Loss: 5.695533275604248
Epoch: 2973, Loss: 5.753702163696289
Epoch: 2974, Loss: 5.719944953918457
Epoch: 2975, Loss: 5.716335296630859
Epoch: 2976, Loss: 5.691973686218262
Epoch: 2977, Loss: 5.744778156280518
Epoch: 2978, Loss: 5.726382255554199
Epoch: 2979, Loss: 5.745511531829834
Epoch: 2980, Loss: 5.689114570617676
Test acc: 0.017, IC acc: 0.0029, IC acc2: 0.0029, IW acc: 0.0702
Epoch: 2981, Loss: 5.697697639465332
Epoch: 2982, Loss: 5.704201698303223
Epoch: 2983, Loss: 5.6904706954956055
Epoch: 2984, Loss: 5.709383487701416
Epoch: 2985, Loss: 5.7236127853393555
Epoch: 2986, Loss: 5.689974308013916
Epoch: 2987, Loss: 5.733530044555664
Epoch: 2988, Loss: 5.696238994598389
Epoch: 2989, Loss: 5.704277038574219
Epoch: 2990, Loss: 5.703843116760254
Test acc: 0.0177, IC acc: 0.0029, IC acc2: 0.0029, IW acc: 0.0716
Epoch: 2991, Loss: 5.723876953125
Epoch: 2992, Loss: 5.728035926818848
Epoch: 2993, Loss: 5.750635147094727
Epoch: 2994, Loss: 5.716818332672119
Epoch: 2995, Loss: 5.733803749084473
Epoch: 2996, Loss: 5.731584072113037
Epoch: 2997, Loss: 5.777684211730957
Epoch: 2998, Loss: 5.701809883117676
Epoch: 2999, Loss: 5.743213653564453
./circuit_plots/Unrestricted Disentangled|Readout|CN=0|B0=2|B1=2|K=1280|L=320|p_B=0.75|p_C=0.75|B=2|eps=0|95cf655c-5fe1-41ee-b5c6-acd2a4761507/ already exists.
./circuit_plots/Unrestricted Disentangled|Readout|CN=0|B0=2|B1=2|K=1280|L=320|p_B=0.75|p_C=0.75|B=2|eps=0|95cf655c-5fe1-41ee-b5c6-acd2a4761507/ already exists.
./circuit_plots/Unrestricted Disentangled|Readout|CN=0|B0=2|B1=2|K=1280|L=320|p_B=0.75|p_C=0.75|B=2|eps=0|95cf655c-5fe1-41ee-b5c6-acd2a4761507/ already exists.
./circuit_plots/Unrestricted Disentangled|Readout|CN=0|B0=2|B1=2|K=1280|L=320|p_B=0.75|p_C=0.75|B=2|eps=0|95cf655c-5fe1-41ee-b5c6-acd2a4761507/ already exists.
./circuit_plots/Unrestricted Disentangled|Readout|CN=0|B0=2|B1=2|K=1280|L=320|p_B=0.75|p_C=0.75|B=2|eps=0|95cf655c-5fe1-41ee-b5c6-acd2a4761507/ already exists.
./circuit_plots/Unrestricted Disentangled|Readout|CN=0|B0=2|B1=2|K=1280|L=320|p_B=0.75|p_C=0.75|B=2|eps=0|95cf655c-5fe1-41ee-b5c6-acd2a4761507/ already exists.
./circuit_plots/Unrestricted Disentangled|Readout|CN=0|B0=2|B1=2|K=1280|L=320|p_B=0.75|p_C=0.75|B=2|eps=0|95cf655c-5fe1-41ee-b5c6-acd2a4761507/ already exists.
Epoch: 3000, Loss: 5.722649097442627
Test acc: 0.0183, IC acc: 0.0029, IC acc2: 0.0029, IW acc: 0.0716
Epoch: 3001, Loss: 5.705404281616211
Epoch: 3002, Loss: 5.7537946701049805
Epoch: 3003, Loss: 5.682984352111816
Epoch: 3004, Loss: 5.7516069412231445
Epoch: 3005, Loss: 5.7617034912109375
Epoch: 3006, Loss: 5.727488040924072
Epoch: 3007, Loss: 5.692726135253906
Epoch: 3008, Loss: 5.735650062561035
Epoch: 3009, Loss: 5.697149276733398
Epoch: 3010, Loss: 5.735282897949219
Test acc: 0.0185, IC acc: 0.0029, IC acc2: 0.0029, IW acc: 0.0728
Epoch: 3011, Loss: 5.7161054611206055
Epoch: 3012, Loss: 5.727485179901123
Epoch: 3013, Loss: 5.706043243408203
Epoch: 3014, Loss: 5.699174404144287
Epoch: 3015, Loss: 5.761470794677734
Epoch: 3016, Loss: 5.697324752807617
Epoch: 3017, Loss: 5.685914993286133
Epoch: 3018, Loss: 5.680525779724121
Epoch: 3019, Loss: 5.7080912590026855
Epoch: 3020, Loss: 5.696040153503418
Test acc: 0.0185, IC acc: 0.0029, IC acc2: 0.0033, IW acc: 0.0728
Epoch: 3021, Loss: 5.697981357574463
Epoch: 3022, Loss: 5.708001613616943
Epoch: 3023, Loss: 5.743810653686523
Epoch: 3024, Loss: 5.703291416168213
Epoch: 3025, Loss: 5.697971343994141
Epoch: 3026, Loss: 5.733700752258301
Epoch: 3027, Loss: 5.699781894683838
Epoch: 3028, Loss: 5.735696792602539
Epoch: 3029, Loss: 5.709746360778809
Epoch: 3030, Loss: 5.76539421081543
Test acc: 0.0181, IC acc: 0.0029, IC acc2: 0.0033, IW acc: 0.0712
Epoch: 3031, Loss: 5.753729820251465
Epoch: 3032, Loss: 5.731339931488037
Epoch: 3033, Loss: 5.684593200683594
Epoch: 3034, Loss: 5.722167015075684
Epoch: 3035, Loss: 5.726866722106934
Epoch: 3036, Loss: 5.692980766296387
Epoch: 3037, Loss: 5.751250267028809
Epoch: 3038, Loss: 5.719089984893799
Epoch: 3039, Loss: 5.736083030700684
Epoch: 3040, Loss: 5.710920333862305
Test acc: 0.0188, IC acc: 0.0029, IC acc2: 0.0033, IW acc: 0.0752
Epoch: 3041, Loss: 5.746681213378906
Epoch: 3042, Loss: 5.689392566680908
Epoch: 3043, Loss: 5.705604076385498
Epoch: 3044, Loss: 5.654844284057617
Epoch: 3045, Loss: 5.736106872558594
Epoch: 3046, Loss: 5.725065231323242
Epoch: 3047, Loss: 5.763035774230957
Epoch: 3048, Loss: 5.740876197814941
Epoch: 3049, Loss: 5.714974403381348
./circuit_plots/Unrestricted Disentangled|Readout|CN=0|B0=2|B1=2|K=1280|L=320|p_B=0.75|p_C=0.75|B=2|eps=0|95cf655c-5fe1-41ee-b5c6-acd2a4761507/ already exists.
./circuit_plots/Unrestricted Disentangled|Readout|CN=0|B0=2|B1=2|K=1280|L=320|p_B=0.75|p_C=0.75|B=2|eps=0|95cf655c-5fe1-41ee-b5c6-acd2a4761507/ already exists.
./circuit_plots/Unrestricted Disentangled|Readout|CN=0|B0=2|B1=2|K=1280|L=320|p_B=0.75|p_C=0.75|B=2|eps=0|95cf655c-5fe1-41ee-b5c6-acd2a4761507/ already exists.
./circuit_plots/Unrestricted Disentangled|Readout|CN=0|B0=2|B1=2|K=1280|L=320|p_B=0.75|p_C=0.75|B=2|eps=0|95cf655c-5fe1-41ee-b5c6-acd2a4761507/ already exists.
./circuit_plots/Unrestricted Disentangled|Readout|CN=0|B0=2|B1=2|K=1280|L=320|p_B=0.75|p_C=0.75|B=2|eps=0|95cf655c-5fe1-41ee-b5c6-acd2a4761507/ already exists.
./circuit_plots/Unrestricted Disentangled|Readout|CN=0|B0=2|B1=2|K=1280|L=320|p_B=0.75|p_C=0.75|B=2|eps=0|95cf655c-5fe1-41ee-b5c6-acd2a4761507/ already exists.
./circuit_plots/Unrestricted Disentangled|Readout|CN=0|B0=2|B1=2|K=1280|L=320|p_B=0.75|p_C=0.75|B=2|eps=0|95cf655c-5fe1-41ee-b5c6-acd2a4761507/ already exists.
Epoch: 3050, Loss: 5.714761734008789
Test acc: 0.0189, IC acc: 0.0029, IC acc2: 0.0033, IW acc: 0.0758
Epoch: 3051, Loss: 5.719110488891602
Epoch: 3052, Loss: 5.73384428024292
Epoch: 3053, Loss: 5.699235439300537
Epoch: 3054, Loss: 5.6655473709106445
Epoch: 3055, Loss: 5.695186614990234
Epoch: 3056, Loss: 5.753705024719238
Epoch: 3057, Loss: 5.7391510009765625
Epoch: 3058, Loss: 5.68575382232666
Epoch: 3059, Loss: 5.706350803375244
Epoch: 3060, Loss: 5.731166839599609
Test acc: 0.0183, IC acc: 0.0029, IC acc2: 0.0033, IW acc: 0.0758
Epoch: 3061, Loss: 5.720799446105957
Epoch: 3062, Loss: 5.701786994934082
Epoch: 3063, Loss: 5.694480895996094
Epoch: 3064, Loss: 5.711780548095703
Epoch: 3065, Loss: 5.699331760406494
Epoch: 3066, Loss: 5.740298271179199
Epoch: 3067, Loss: 5.719624996185303
Epoch: 3068, Loss: 5.729167938232422
Epoch: 3069, Loss: 5.688683032989502
Epoch: 3070, Loss: 5.745694637298584
Test acc: 0.0189, IC acc: 0.0029, IC acc2: 0.0033, IW acc: 0.0763
Epoch: 3071, Loss: 5.714430332183838
Epoch: 3072, Loss: 5.7140302658081055
Epoch: 3073, Loss: 5.766700744628906
Epoch: 3074, Loss: 5.698090076446533
Epoch: 3075, Loss: 5.72552490234375
Epoch: 3076, Loss: 5.725429534912109
Epoch: 3077, Loss: 5.75399112701416
Epoch: 3078, Loss: 5.706784248352051
Epoch: 3079, Loss: 5.722355842590332
Epoch: 3080, Loss: 5.707457065582275
Test acc: 0.0192, IC acc: 0.0029, IC acc2: 0.0033, IW acc: 0.0765
Epoch: 3081, Loss: 5.692732810974121
Epoch: 3082, Loss: 5.691340446472168
Epoch: 3083, Loss: 5.749326705932617
Epoch: 3084, Loss: 5.702054023742676
Epoch: 3085, Loss: 5.692044258117676
Epoch: 3086, Loss: 5.68229866027832
Epoch: 3087, Loss: 5.676865577697754
Epoch: 3088, Loss: 5.777536869049072
Epoch: 3089, Loss: 5.729030609130859
Epoch: 3090, Loss: 5.7709808349609375
Test acc: 0.0193, IC acc: 0.0029, IC acc2: 0.0033, IW acc: 0.0772
Epoch: 3091, Loss: 5.709425926208496
Epoch: 3092, Loss: 5.695828437805176
Epoch: 3093, Loss: 5.725743293762207
Epoch: 3094, Loss: 5.722105979919434
Epoch: 3095, Loss: 5.645125389099121
Epoch: 3096, Loss: 5.704371452331543
Epoch: 3097, Loss: 5.676346778869629
Epoch: 3098, Loss: 5.699950218200684
Epoch: 3099, Loss: 5.735195636749268
./circuit_plots/Unrestricted Disentangled|Readout|CN=0|B0=2|B1=2|K=1280|L=320|p_B=0.75|p_C=0.75|B=2|eps=0|95cf655c-5fe1-41ee-b5c6-acd2a4761507/ already exists.
./circuit_plots/Unrestricted Disentangled|Readout|CN=0|B0=2|B1=2|K=1280|L=320|p_B=0.75|p_C=0.75|B=2|eps=0|95cf655c-5fe1-41ee-b5c6-acd2a4761507/ already exists.
./circuit_plots/Unrestricted Disentangled|Readout|CN=0|B0=2|B1=2|K=1280|L=320|p_B=0.75|p_C=0.75|B=2|eps=0|95cf655c-5fe1-41ee-b5c6-acd2a4761507/ already exists.
./circuit_plots/Unrestricted Disentangled|Readout|CN=0|B0=2|B1=2|K=1280|L=320|p_B=0.75|p_C=0.75|B=2|eps=0|95cf655c-5fe1-41ee-b5c6-acd2a4761507/ already exists.
./circuit_plots/Unrestricted Disentangled|Readout|CN=0|B0=2|B1=2|K=1280|L=320|p_B=0.75|p_C=0.75|B=2|eps=0|95cf655c-5fe1-41ee-b5c6-acd2a4761507/ already exists.
./circuit_plots/Unrestricted Disentangled|Readout|CN=0|B0=2|B1=2|K=1280|L=320|p_B=0.75|p_C=0.75|B=2|eps=0|95cf655c-5fe1-41ee-b5c6-acd2a4761507/ already exists.
./circuit_plots/Unrestricted Disentangled|Readout|CN=0|B0=2|B1=2|K=1280|L=320|p_B=0.75|p_C=0.75|B=2|eps=0|95cf655c-5fe1-41ee-b5c6-acd2a4761507/ already exists.
Epoch: 3100, Loss: 5.749405860900879
Test acc: 0.0194, IC acc: 0.0029, IC acc2: 0.0033, IW acc: 0.0778
Epoch: 3101, Loss: 5.722457408905029
Epoch: 3102, Loss: 5.694357872009277
Epoch: 3103, Loss: 5.709522247314453
Epoch: 3104, Loss: 5.75950813293457
Epoch: 3105, Loss: 5.743463516235352
Epoch: 3106, Loss: 5.698366641998291
Epoch: 3107, Loss: 5.718103408813477
Epoch: 3108, Loss: 5.7254509925842285
Epoch: 3109, Loss: 5.718522071838379
Epoch: 3110, Loss: 5.685683250427246
Test acc: 0.0193, IC acc: 0.0029, IC acc2: 0.0033, IW acc: 0.0772
Epoch: 3111, Loss: 5.7127156257629395
Epoch: 3112, Loss: 5.685133457183838
Epoch: 3113, Loss: 5.674485206604004
Epoch: 3114, Loss: 5.679747581481934
Epoch: 3115, Loss: 5.725801944732666
Epoch: 3116, Loss: 5.67926025390625
Epoch: 3117, Loss: 5.707940101623535
Epoch: 3118, Loss: 5.74307107925415
Epoch: 3119, Loss: 5.700928688049316
Epoch: 3120, Loss: 5.690937042236328
Test acc: 0.0192, IC acc: 0.0029, IC acc2: 0.0033, IW acc: 0.0768
Epoch: 3121, Loss: 5.73402738571167
Epoch: 3122, Loss: 5.689349174499512
Epoch: 3123, Loss: 5.726658821105957
Epoch: 3124, Loss: 5.716018199920654
Epoch: 3125, Loss: 5.660296440124512
Epoch: 3126, Loss: 5.724254608154297
Epoch: 3127, Loss: 5.7474822998046875
Epoch: 3128, Loss: 5.732391834259033
Epoch: 3129, Loss: 5.733059883117676
Epoch: 3130, Loss: 5.746621131896973
Test acc: 0.0192, IC acc: 0.0029, IC acc2: 0.0033, IW acc: 0.0768
Epoch: 3131, Loss: 5.756434440612793
Epoch: 3132, Loss: 5.756789207458496
Epoch: 3133, Loss: 5.715680122375488
Epoch: 3134, Loss: 5.731671333312988
Epoch: 3135, Loss: 5.722249984741211
Epoch: 3136, Loss: 5.692560195922852
Epoch: 3137, Loss: 5.696267127990723
Epoch: 3138, Loss: 5.747039794921875
Epoch: 3139, Loss: 5.750008583068848
Epoch: 3140, Loss: 5.7622599601745605
Test acc: 0.0191, IC acc: 0.0029, IC acc2: 0.0033, IW acc: 0.0777
Epoch: 3141, Loss: 5.710423469543457
Epoch: 3142, Loss: 5.666238784790039
Epoch: 3143, Loss: 5.7207136154174805
Epoch: 3144, Loss: 5.673275947570801
Epoch: 3145, Loss: 5.740095138549805
Epoch: 3146, Loss: 5.649932384490967
Epoch: 3147, Loss: 5.751132965087891
Epoch: 3148, Loss: 5.695288181304932
Epoch: 3149, Loss: 5.7369704246521
./circuit_plots/Unrestricted Disentangled|Readout|CN=0|B0=2|B1=2|K=1280|L=320|p_B=0.75|p_C=0.75|B=2|eps=0|95cf655c-5fe1-41ee-b5c6-acd2a4761507/ already exists.
./circuit_plots/Unrestricted Disentangled|Readout|CN=0|B0=2|B1=2|K=1280|L=320|p_B=0.75|p_C=0.75|B=2|eps=0|95cf655c-5fe1-41ee-b5c6-acd2a4761507/ already exists.
./circuit_plots/Unrestricted Disentangled|Readout|CN=0|B0=2|B1=2|K=1280|L=320|p_B=0.75|p_C=0.75|B=2|eps=0|95cf655c-5fe1-41ee-b5c6-acd2a4761507/ already exists.
./circuit_plots/Unrestricted Disentangled|Readout|CN=0|B0=2|B1=2|K=1280|L=320|p_B=0.75|p_C=0.75|B=2|eps=0|95cf655c-5fe1-41ee-b5c6-acd2a4761507/ already exists.
./circuit_plots/Unrestricted Disentangled|Readout|CN=0|B0=2|B1=2|K=1280|L=320|p_B=0.75|p_C=0.75|B=2|eps=0|95cf655c-5fe1-41ee-b5c6-acd2a4761507/ already exists.
./circuit_plots/Unrestricted Disentangled|Readout|CN=0|B0=2|B1=2|K=1280|L=320|p_B=0.75|p_C=0.75|B=2|eps=0|95cf655c-5fe1-41ee-b5c6-acd2a4761507/ already exists.
./circuit_plots/Unrestricted Disentangled|Readout|CN=0|B0=2|B1=2|K=1280|L=320|p_B=0.75|p_C=0.75|B=2|eps=0|95cf655c-5fe1-41ee-b5c6-acd2a4761507/ already exists.
Epoch: 3150, Loss: 5.706228256225586
Test acc: 0.0193, IC acc: 0.0029, IC acc2: 0.0033, IW acc: 0.0787
Epoch: 3151, Loss: 5.716448783874512
Epoch: 3152, Loss: 5.6914167404174805
Epoch: 3153, Loss: 5.750739574432373
Epoch: 3154, Loss: 5.754415512084961
Epoch: 3155, Loss: 5.699193954467773
Epoch: 3156, Loss: 5.770652770996094
Epoch: 3157, Loss: 5.726689338684082
Epoch: 3158, Loss: 5.721062660217285
Epoch: 3159, Loss: 5.712052822113037
Epoch: 3160, Loss: 5.699505805969238
Test acc: 0.0194, IC acc: 0.0029, IC acc2: 0.0033, IW acc: 0.0778
Epoch: 3161, Loss: 5.7365217208862305
Epoch: 3162, Loss: 5.707172393798828
Epoch: 3163, Loss: 5.7537665367126465
Epoch: 3164, Loss: 5.7114410400390625
Epoch: 3165, Loss: 5.706066131591797
Epoch: 3166, Loss: 5.695650100708008
Epoch: 3167, Loss: 5.727243423461914
Epoch: 3168, Loss: 5.732952117919922
Epoch: 3169, Loss: 5.736807823181152
Epoch: 3170, Loss: 5.70440673828125
Test acc: 0.0203, IC acc: 0.0029, IC acc2: 0.0033, IW acc: 0.0829
Epoch: 3171, Loss: 5.714175701141357
Epoch: 3172, Loss: 5.718474388122559
Epoch: 3173, Loss: 5.714519500732422
Epoch: 3174, Loss: 5.7097697257995605
Epoch: 3175, Loss: 5.709532260894775
Epoch: 3176, Loss: 5.722766876220703
Epoch: 3177, Loss: 5.78081750869751
Epoch: 3178, Loss: 5.67092752456665
Epoch: 3179, Loss: 5.739184379577637
Epoch: 3180, Loss: 5.697203636169434
Test acc: 0.0202, IC acc: 0.0029, IC acc2: 0.0033, IW acc: 0.0811
Epoch: 3181, Loss: 5.729771614074707
Epoch: 3182, Loss: 5.75056266784668
Epoch: 3183, Loss: 5.71783971786499
Epoch: 3184, Loss: 5.651612281799316
Epoch: 3185, Loss: 5.671923637390137
Epoch: 3186, Loss: 5.713337421417236
Epoch: 3187, Loss: 5.688808441162109
Epoch: 3188, Loss: 5.742262363433838
Epoch: 3189, Loss: 5.734511852264404
Epoch: 3190, Loss: 5.677700996398926
Test acc: 0.0205, IC acc: 0.0029, IC acc2: 0.0033, IW acc: 0.0837
Epoch: 3191, Loss: 5.736339569091797
Epoch: 3192, Loss: 5.659120559692383
Epoch: 3193, Loss: 5.725673675537109
Epoch: 3194, Loss: 5.698037147521973
Epoch: 3195, Loss: 5.744783401489258
Epoch: 3196, Loss: 5.693423271179199
Epoch: 3197, Loss: 5.683746814727783
Epoch: 3198, Loss: 5.732045650482178
Epoch: 3199, Loss: 5.69178581237793
./circuit_plots/Unrestricted Disentangled|Readout|CN=0|B0=2|B1=2|K=1280|L=320|p_B=0.75|p_C=0.75|B=2|eps=0|95cf655c-5fe1-41ee-b5c6-acd2a4761507/ already exists.
./circuit_plots/Unrestricted Disentangled|Readout|CN=0|B0=2|B1=2|K=1280|L=320|p_B=0.75|p_C=0.75|B=2|eps=0|95cf655c-5fe1-41ee-b5c6-acd2a4761507/ already exists.
./circuit_plots/Unrestricted Disentangled|Readout|CN=0|B0=2|B1=2|K=1280|L=320|p_B=0.75|p_C=0.75|B=2|eps=0|95cf655c-5fe1-41ee-b5c6-acd2a4761507/ already exists.
./circuit_plots/Unrestricted Disentangled|Readout|CN=0|B0=2|B1=2|K=1280|L=320|p_B=0.75|p_C=0.75|B=2|eps=0|95cf655c-5fe1-41ee-b5c6-acd2a4761507/ already exists.
./circuit_plots/Unrestricted Disentangled|Readout|CN=0|B0=2|B1=2|K=1280|L=320|p_B=0.75|p_C=0.75|B=2|eps=0|95cf655c-5fe1-41ee-b5c6-acd2a4761507/ already exists.
./circuit_plots/Unrestricted Disentangled|Readout|CN=0|B0=2|B1=2|K=1280|L=320|p_B=0.75|p_C=0.75|B=2|eps=0|95cf655c-5fe1-41ee-b5c6-acd2a4761507/ already exists.
./circuit_plots/Unrestricted Disentangled|Readout|CN=0|B0=2|B1=2|K=1280|L=320|p_B=0.75|p_C=0.75|B=2|eps=0|95cf655c-5fe1-41ee-b5c6-acd2a4761507/ already exists.
Epoch: 3200, Loss: 5.690453052520752
Test acc: 0.0206, IC acc: 0.0029, IC acc2: 0.0033, IW acc: 0.0841
Epoch: 3201, Loss: 5.71832275390625
Epoch: 3202, Loss: 5.7173542976379395
Epoch: 3203, Loss: 5.724804878234863
Epoch: 3204, Loss: 5.716717720031738
Epoch: 3205, Loss: 5.671848773956299
Epoch: 3206, Loss: 5.7282538414001465
Epoch: 3207, Loss: 5.730642795562744
Epoch: 3208, Loss: 5.693116188049316
Epoch: 3209, Loss: 5.70221471786499
Epoch: 3210, Loss: 5.7580461502075195
Test acc: 0.0206, IC acc: 0.0029, IC acc2: 0.0033, IW acc: 0.0841
Epoch: 3211, Loss: 5.705196380615234
Epoch: 3212, Loss: 5.677689552307129
Epoch: 3213, Loss: 5.692628383636475
Epoch: 3214, Loss: 5.70147180557251
Epoch: 3215, Loss: 5.735595226287842
Epoch: 3216, Loss: 5.721597671508789
Epoch: 3217, Loss: 5.673761367797852
Epoch: 3218, Loss: 5.667064666748047
Epoch: 3219, Loss: 5.726797103881836
Epoch: 3220, Loss: 5.744243144989014
Test acc: 0.0207, IC acc: 0.0029, IC acc2: 0.0033, IW acc: 0.0847
Epoch: 3221, Loss: 5.718215465545654
Epoch: 3222, Loss: 5.755810260772705
Epoch: 3223, Loss: 5.684858322143555
Epoch: 3224, Loss: 5.748937129974365
Epoch: 3225, Loss: 5.716569900512695
Epoch: 3226, Loss: 5.680159568786621
Epoch: 3227, Loss: 5.726893424987793
Epoch: 3228, Loss: 5.7286577224731445
Epoch: 3229, Loss: 5.71321964263916
Epoch: 3230, Loss: 5.736842155456543
Test acc: 0.0208, IC acc: 0.0029, IC acc2: 0.0033, IW acc: 0.0858
Epoch: 3231, Loss: 5.6781463623046875
Epoch: 3232, Loss: 5.691598415374756
Epoch: 3233, Loss: 5.707005977630615
Epoch: 3234, Loss: 5.700427055358887
Epoch: 3235, Loss: 5.7372636795043945
Epoch: 3236, Loss: 5.7249226570129395
Epoch: 3237, Loss: 5.724964141845703
Epoch: 3238, Loss: 5.7536211013793945
Epoch: 3239, Loss: 5.699782848358154
Epoch: 3240, Loss: 5.736264705657959
Test acc: 0.0208, IC acc: 0.0029, IC acc2: 0.0033, IW acc: 0.0858
Epoch: 3241, Loss: 5.714117527008057
Epoch: 3242, Loss: 5.700490951538086
Epoch: 3243, Loss: 5.741859436035156
Epoch: 3244, Loss: 5.716831207275391
Epoch: 3245, Loss: 5.7497477531433105
Epoch: 3246, Loss: 5.751966953277588
Epoch: 3247, Loss: 5.70875358581543
Epoch: 3248, Loss: 5.705482482910156
Epoch: 3249, Loss: 5.719817161560059
./circuit_plots/Unrestricted Disentangled|Readout|CN=0|B0=2|B1=2|K=1280|L=320|p_B=0.75|p_C=0.75|B=2|eps=0|95cf655c-5fe1-41ee-b5c6-acd2a4761507/ already exists.
./circuit_plots/Unrestricted Disentangled|Readout|CN=0|B0=2|B1=2|K=1280|L=320|p_B=0.75|p_C=0.75|B=2|eps=0|95cf655c-5fe1-41ee-b5c6-acd2a4761507/ already exists.
./circuit_plots/Unrestricted Disentangled|Readout|CN=0|B0=2|B1=2|K=1280|L=320|p_B=0.75|p_C=0.75|B=2|eps=0|95cf655c-5fe1-41ee-b5c6-acd2a4761507/ already exists.
./circuit_plots/Unrestricted Disentangled|Readout|CN=0|B0=2|B1=2|K=1280|L=320|p_B=0.75|p_C=0.75|B=2|eps=0|95cf655c-5fe1-41ee-b5c6-acd2a4761507/ already exists.
./circuit_plots/Unrestricted Disentangled|Readout|CN=0|B0=2|B1=2|K=1280|L=320|p_B=0.75|p_C=0.75|B=2|eps=0|95cf655c-5fe1-41ee-b5c6-acd2a4761507/ already exists.
./circuit_plots/Unrestricted Disentangled|Readout|CN=0|B0=2|B1=2|K=1280|L=320|p_B=0.75|p_C=0.75|B=2|eps=0|95cf655c-5fe1-41ee-b5c6-acd2a4761507/ already exists.
./circuit_plots/Unrestricted Disentangled|Readout|CN=0|B0=2|B1=2|K=1280|L=320|p_B=0.75|p_C=0.75|B=2|eps=0|95cf655c-5fe1-41ee-b5c6-acd2a4761507/ already exists.
Epoch: 3250, Loss: 5.710163593292236
Test acc: 0.0208, IC acc: 0.0029, IC acc2: 0.0033, IW acc: 0.0858
Epoch: 3251, Loss: 5.685564041137695
Epoch: 3252, Loss: 5.6845502853393555
Epoch: 3253, Loss: 5.697756290435791
Epoch: 3254, Loss: 5.713997840881348
Epoch: 3255, Loss: 5.671153545379639
Epoch: 3256, Loss: 5.6618523597717285
Epoch: 3257, Loss: 5.750460147857666
Epoch: 3258, Loss: 5.756790637969971
Epoch: 3259, Loss: 5.680333137512207
Epoch: 3260, Loss: 5.691443920135498
Test acc: 0.0206, IC acc: 0.0029, IC acc2: 0.0033, IW acc: 0.0856
Epoch: 3261, Loss: 5.688429355621338
Epoch: 3262, Loss: 5.704437255859375
Epoch: 3263, Loss: 5.680580139160156
Epoch: 3264, Loss: 5.713089942932129
Epoch: 3265, Loss: 5.744046211242676
Epoch: 3266, Loss: 5.7217254638671875
Epoch: 3267, Loss: 5.709109783172607
Epoch: 3268, Loss: 5.723703384399414
Epoch: 3269, Loss: 5.705737590789795
Epoch: 3270, Loss: 5.720880508422852
Test acc: 0.0211, IC acc: 0.0029, IC acc2: 0.0033, IW acc: 0.0881
Epoch: 3271, Loss: 5.746674537658691
Epoch: 3272, Loss: 5.651122093200684
Epoch: 3273, Loss: 5.601992607116699
Epoch: 3274, Loss: 5.729755401611328
Epoch: 3275, Loss: 5.754361629486084
Epoch: 3276, Loss: 5.671543121337891
Epoch: 3277, Loss: 5.6925554275512695
Epoch: 3278, Loss: 5.763941764831543
Epoch: 3279, Loss: 5.636669635772705
Epoch: 3280, Loss: 5.648444175720215
Test acc: 0.0211, IC acc: 0.0029, IC acc2: 0.0033, IW acc: 0.0879
Epoch: 3281, Loss: 5.672393798828125
Epoch: 3282, Loss: 5.755171298980713
Epoch: 3283, Loss: 5.719288349151611
Epoch: 3284, Loss: 5.703845024108887
Epoch: 3285, Loss: 5.691685676574707
Epoch: 3286, Loss: 5.68619966506958
Epoch: 3287, Loss: 5.702665328979492
Epoch: 3288, Loss: 5.7150373458862305
Epoch: 3289, Loss: 5.658724784851074
Epoch: 3290, Loss: 5.66995096206665
Test acc: 0.0214, IC acc: 0.0029, IC acc2: 0.0033, IW acc: 0.089
Epoch: 3291, Loss: 5.749639511108398
Epoch: 3292, Loss: 5.7327070236206055
Epoch: 3293, Loss: 5.739716529846191
Epoch: 3294, Loss: 5.697031021118164
Epoch: 3295, Loss: 5.698322296142578
Epoch: 3296, Loss: 5.680633544921875
Epoch: 3297, Loss: 5.759407997131348
Epoch: 3298, Loss: 5.670680046081543
Epoch: 3299, Loss: 5.763416290283203
./circuit_plots/Unrestricted Disentangled|Readout|CN=0|B0=2|B1=2|K=1280|L=320|p_B=0.75|p_C=0.75|B=2|eps=0|95cf655c-5fe1-41ee-b5c6-acd2a4761507/ already exists.
./circuit_plots/Unrestricted Disentangled|Readout|CN=0|B0=2|B1=2|K=1280|L=320|p_B=0.75|p_C=0.75|B=2|eps=0|95cf655c-5fe1-41ee-b5c6-acd2a4761507/ already exists.
./circuit_plots/Unrestricted Disentangled|Readout|CN=0|B0=2|B1=2|K=1280|L=320|p_B=0.75|p_C=0.75|B=2|eps=0|95cf655c-5fe1-41ee-b5c6-acd2a4761507/ already exists.
./circuit_plots/Unrestricted Disentangled|Readout|CN=0|B0=2|B1=2|K=1280|L=320|p_B=0.75|p_C=0.75|B=2|eps=0|95cf655c-5fe1-41ee-b5c6-acd2a4761507/ already exists.
./circuit_plots/Unrestricted Disentangled|Readout|CN=0|B0=2|B1=2|K=1280|L=320|p_B=0.75|p_C=0.75|B=2|eps=0|95cf655c-5fe1-41ee-b5c6-acd2a4761507/ already exists.
./circuit_plots/Unrestricted Disentangled|Readout|CN=0|B0=2|B1=2|K=1280|L=320|p_B=0.75|p_C=0.75|B=2|eps=0|95cf655c-5fe1-41ee-b5c6-acd2a4761507/ already exists.
./circuit_plots/Unrestricted Disentangled|Readout|CN=0|B0=2|B1=2|K=1280|L=320|p_B=0.75|p_C=0.75|B=2|eps=0|95cf655c-5fe1-41ee-b5c6-acd2a4761507/ already exists.
Epoch: 3300, Loss: 5.742269515991211
Test acc: 0.0214, IC acc: 0.0029, IC acc2: 0.0033, IW acc: 0.0885
Epoch: 3301, Loss: 5.721365928649902
Epoch: 3302, Loss: 5.660824298858643
Epoch: 3303, Loss: 5.692440509796143
Epoch: 3304, Loss: 5.775132179260254
Epoch: 3305, Loss: 5.733686447143555
Epoch: 3306, Loss: 5.688977241516113
Epoch: 3307, Loss: 5.700131416320801
Epoch: 3308, Loss: 5.712563514709473
Epoch: 3309, Loss: 5.7078857421875
Epoch: 3310, Loss: 5.764621734619141
Test acc: 0.0214, IC acc: 0.0029, IC acc2: 0.0033, IW acc: 0.0885
Epoch: 3311, Loss: 5.690715312957764
Epoch: 3312, Loss: 5.71065616607666
Epoch: 3313, Loss: 5.718188285827637
Epoch: 3314, Loss: 5.740259170532227
Epoch: 3315, Loss: 5.733065128326416
Epoch: 3316, Loss: 5.666877746582031
Epoch: 3317, Loss: 5.696952819824219
Epoch: 3318, Loss: 5.695073127746582
Epoch: 3319, Loss: 5.753564834594727
Epoch: 3320, Loss: 5.7479634284973145
Test acc: 0.0215, IC acc: 0.0029, IC acc2: 0.0033, IW acc: 0.0889
Epoch: 3321, Loss: 5.680496692657471
Epoch: 3322, Loss: 5.739837646484375
Epoch: 3323, Loss: 5.712500095367432
Epoch: 3324, Loss: 5.713477611541748
Epoch: 3325, Loss: 5.691633701324463
Epoch: 3326, Loss: 5.6942667961120605
Epoch: 3327, Loss: 5.744781017303467
Epoch: 3328, Loss: 5.723371505737305
Epoch: 3329, Loss: 5.714306354522705
Epoch: 3330, Loss: 5.705562591552734
Test acc: 0.0213, IC acc: 0.0029, IC acc2: 0.0033, IW acc: 0.089
Epoch: 3331, Loss: 5.693946838378906
Epoch: 3332, Loss: 5.7042951583862305
Epoch: 3333, Loss: 5.7350311279296875
Epoch: 3334, Loss: 5.710603713989258
Epoch: 3335, Loss: 5.657322406768799
Epoch: 3336, Loss: 5.7204179763793945
Epoch: 3337, Loss: 5.702647686004639
Epoch: 3338, Loss: 5.759777545928955
Epoch: 3339, Loss: 5.685631275177002
Epoch: 3340, Loss: 5.724920272827148
Test acc: 0.0208, IC acc: 0.0029, IC acc2: 0.0033, IW acc: 0.0894
Epoch: 3341, Loss: 5.715935707092285
Epoch: 3342, Loss: 5.710676670074463
Epoch: 3343, Loss: 5.706715106964111
Epoch: 3344, Loss: 5.732473373413086
Epoch: 3345, Loss: 5.70995569229126
Epoch: 3346, Loss: 5.7090911865234375
Epoch: 3347, Loss: 5.759912490844727
Epoch: 3348, Loss: 5.666508674621582
Epoch: 3349, Loss: 5.701882839202881
./circuit_plots/Unrestricted Disentangled|Readout|CN=0|B0=2|B1=2|K=1280|L=320|p_B=0.75|p_C=0.75|B=2|eps=0|95cf655c-5fe1-41ee-b5c6-acd2a4761507/ already exists.
./circuit_plots/Unrestricted Disentangled|Readout|CN=0|B0=2|B1=2|K=1280|L=320|p_B=0.75|p_C=0.75|B=2|eps=0|95cf655c-5fe1-41ee-b5c6-acd2a4761507/ already exists.
./circuit_plots/Unrestricted Disentangled|Readout|CN=0|B0=2|B1=2|K=1280|L=320|p_B=0.75|p_C=0.75|B=2|eps=0|95cf655c-5fe1-41ee-b5c6-acd2a4761507/ already exists.
./circuit_plots/Unrestricted Disentangled|Readout|CN=0|B0=2|B1=2|K=1280|L=320|p_B=0.75|p_C=0.75|B=2|eps=0|95cf655c-5fe1-41ee-b5c6-acd2a4761507/ already exists.
./circuit_plots/Unrestricted Disentangled|Readout|CN=0|B0=2|B1=2|K=1280|L=320|p_B=0.75|p_C=0.75|B=2|eps=0|95cf655c-5fe1-41ee-b5c6-acd2a4761507/ already exists.
./circuit_plots/Unrestricted Disentangled|Readout|CN=0|B0=2|B1=2|K=1280|L=320|p_B=0.75|p_C=0.75|B=2|eps=0|95cf655c-5fe1-41ee-b5c6-acd2a4761507/ already exists.
./circuit_plots/Unrestricted Disentangled|Readout|CN=0|B0=2|B1=2|K=1280|L=320|p_B=0.75|p_C=0.75|B=2|eps=0|95cf655c-5fe1-41ee-b5c6-acd2a4761507/ already exists.
Epoch: 3350, Loss: 5.681031703948975
Test acc: 0.021, IC acc: 0.0029, IC acc2: 0.0033, IW acc: 0.0898
Epoch: 3351, Loss: 5.782675266265869
Epoch: 3352, Loss: 5.689497947692871
Epoch: 3353, Loss: 5.67934513092041
Epoch: 3354, Loss: 5.701227188110352
Epoch: 3355, Loss: 5.692135810852051
Epoch: 3356, Loss: 5.683897018432617
Epoch: 3357, Loss: 5.691861152648926
Epoch: 3358, Loss: 5.708139419555664
Epoch: 3359, Loss: 5.7246270179748535
Epoch: 3360, Loss: 5.700118541717529
Test acc: 0.021, IC acc: 0.0029, IC acc2: 0.0033, IW acc: 0.0898
Epoch: 3361, Loss: 5.686393737792969
Epoch: 3362, Loss: 5.665558815002441
Epoch: 3363, Loss: 5.695159912109375
Epoch: 3364, Loss: 5.670389175415039
Epoch: 3365, Loss: 5.700214385986328
Epoch: 3366, Loss: 5.69610071182251
Epoch: 3367, Loss: 5.697725772857666
Epoch: 3368, Loss: 5.707938194274902
Epoch: 3369, Loss: 5.72706413269043
Epoch: 3370, Loss: 5.683710098266602
Test acc: 0.0219, IC acc: 0.0029, IC acc2: 0.0033, IW acc: 0.0921
Epoch: 3371, Loss: 5.7320556640625
Epoch: 3372, Loss: 5.741156101226807
Epoch: 3373, Loss: 5.66680383682251
Epoch: 3374, Loss: 5.716710090637207
Epoch: 3375, Loss: 5.693639278411865
Epoch: 3376, Loss: 5.654125690460205
Epoch: 3377, Loss: 5.703625202178955
Epoch: 3378, Loss: 5.6810688972473145
Epoch: 3379, Loss: 5.71901798248291
Epoch: 3380, Loss: 5.702486038208008
Test acc: 0.0215, IC acc: 0.0022, IC acc2: 0.0033, IW acc: 0.0924
Epoch: 3381, Loss: 5.728068828582764
Epoch: 3382, Loss: 5.724921226501465
Epoch: 3383, Loss: 5.711376190185547
Epoch: 3384, Loss: 5.697474002838135
Epoch: 3385, Loss: 5.67487907409668
Epoch: 3386, Loss: 5.650678634643555
Epoch: 3387, Loss: 5.684447288513184
Epoch: 3388, Loss: 5.699434280395508
Epoch: 3389, Loss: 5.674038887023926
Epoch: 3390, Loss: 5.712419509887695
Test acc: 0.0215, IC acc: 0.0022, IC acc2: 0.0033, IW acc: 0.094
Epoch: 3391, Loss: 5.720852851867676
Epoch: 3392, Loss: 5.746382713317871
Epoch: 3393, Loss: 5.700118064880371
Epoch: 3394, Loss: 5.692366600036621
Epoch: 3395, Loss: 5.700027942657471
Epoch: 3396, Loss: 5.668416976928711
Epoch: 3397, Loss: 5.700399875640869
Epoch: 3398, Loss: 5.726569175720215
Epoch: 3399, Loss: 5.690669059753418
./circuit_plots/Unrestricted Disentangled|Readout|CN=0|B0=2|B1=2|K=1280|L=320|p_B=0.75|p_C=0.75|B=2|eps=0|95cf655c-5fe1-41ee-b5c6-acd2a4761507/ already exists.
./circuit_plots/Unrestricted Disentangled|Readout|CN=0|B0=2|B1=2|K=1280|L=320|p_B=0.75|p_C=0.75|B=2|eps=0|95cf655c-5fe1-41ee-b5c6-acd2a4761507/ already exists.
./circuit_plots/Unrestricted Disentangled|Readout|CN=0|B0=2|B1=2|K=1280|L=320|p_B=0.75|p_C=0.75|B=2|eps=0|95cf655c-5fe1-41ee-b5c6-acd2a4761507/ already exists.
./circuit_plots/Unrestricted Disentangled|Readout|CN=0|B0=2|B1=2|K=1280|L=320|p_B=0.75|p_C=0.75|B=2|eps=0|95cf655c-5fe1-41ee-b5c6-acd2a4761507/ already exists.
./circuit_plots/Unrestricted Disentangled|Readout|CN=0|B0=2|B1=2|K=1280|L=320|p_B=0.75|p_C=0.75|B=2|eps=0|95cf655c-5fe1-41ee-b5c6-acd2a4761507/ already exists.
./circuit_plots/Unrestricted Disentangled|Readout|CN=0|B0=2|B1=2|K=1280|L=320|p_B=0.75|p_C=0.75|B=2|eps=0|95cf655c-5fe1-41ee-b5c6-acd2a4761507/ already exists.
./circuit_plots/Unrestricted Disentangled|Readout|CN=0|B0=2|B1=2|K=1280|L=320|p_B=0.75|p_C=0.75|B=2|eps=0|95cf655c-5fe1-41ee-b5c6-acd2a4761507/ already exists.
Epoch: 3400, Loss: 5.715148448944092
Test acc: 0.0215, IC acc: 0.0022, IC acc2: 0.0033, IW acc: 0.0954
Epoch: 3401, Loss: 5.705043792724609
Epoch: 3402, Loss: 5.713732719421387
Epoch: 3403, Loss: 5.692395210266113
Epoch: 3404, Loss: 5.720782279968262
Epoch: 3405, Loss: 5.694702625274658
Epoch: 3406, Loss: 5.714905738830566
Epoch: 3407, Loss: 5.682766437530518
Epoch: 3408, Loss: 5.683281898498535
Epoch: 3409, Loss: 5.730984210968018
Epoch: 3410, Loss: 5.669317245483398
Test acc: 0.0215, IC acc: 0.0022, IC acc2: 0.0033, IW acc: 0.0952
Epoch: 3411, Loss: 5.683948993682861
Epoch: 3412, Loss: 5.7287750244140625
Epoch: 3413, Loss: 5.71627140045166
Epoch: 3414, Loss: 5.717744827270508
Epoch: 3415, Loss: 5.697208404541016
Epoch: 3416, Loss: 5.718155860900879
Epoch: 3417, Loss: 5.680924415588379
Epoch: 3418, Loss: 5.721855163574219
Epoch: 3419, Loss: 5.699480056762695
Epoch: 3420, Loss: 5.701373100280762
Test acc: 0.0215, IC acc: 0.0022, IC acc2: 0.0033, IW acc: 0.0955
Epoch: 3421, Loss: 5.654543399810791
Epoch: 3422, Loss: 5.697795867919922
Epoch: 3423, Loss: 5.736400127410889
Epoch: 3424, Loss: 5.745868682861328
Epoch: 3425, Loss: 5.76230525970459
Epoch: 3426, Loss: 5.7401909828186035
Epoch: 3427, Loss: 5.69789457321167
Epoch: 3428, Loss: 5.680558204650879
Epoch: 3429, Loss: 5.697497844696045
Epoch: 3430, Loss: 5.676090240478516
Test acc: 0.0218, IC acc: 0.0022, IC acc2: 0.0033, IW acc: 0.0972
Epoch: 3431, Loss: 5.702199935913086
Epoch: 3432, Loss: 5.691095352172852
Epoch: 3433, Loss: 5.71274471282959
Epoch: 3434, Loss: 5.704550266265869
Epoch: 3435, Loss: 5.696157455444336
Epoch: 3436, Loss: 5.725625038146973
Epoch: 3437, Loss: 5.712751388549805
Epoch: 3438, Loss: 5.716941833496094
Epoch: 3439, Loss: 5.704074859619141
Epoch: 3440, Loss: 5.720281600952148
Test acc: 0.0217, IC acc: 0.0022, IC acc2: 0.0033, IW acc: 0.0972
Epoch: 3441, Loss: 5.715113639831543
Epoch: 3442, Loss: 5.644574165344238
Epoch: 3443, Loss: 5.734516143798828
Epoch: 3444, Loss: 5.696714401245117
Epoch: 3445, Loss: 5.668468475341797
Epoch: 3446, Loss: 5.689096450805664
Epoch: 3447, Loss: 5.746827125549316
Epoch: 3448, Loss: 5.710661888122559
Epoch: 3449, Loss: 5.710450172424316
./circuit_plots/Unrestricted Disentangled|Readout|CN=0|B0=2|B1=2|K=1280|L=320|p_B=0.75|p_C=0.75|B=2|eps=0|95cf655c-5fe1-41ee-b5c6-acd2a4761507/ already exists.
./circuit_plots/Unrestricted Disentangled|Readout|CN=0|B0=2|B1=2|K=1280|L=320|p_B=0.75|p_C=0.75|B=2|eps=0|95cf655c-5fe1-41ee-b5c6-acd2a4761507/ already exists.
./circuit_plots/Unrestricted Disentangled|Readout|CN=0|B0=2|B1=2|K=1280|L=320|p_B=0.75|p_C=0.75|B=2|eps=0|95cf655c-5fe1-41ee-b5c6-acd2a4761507/ already exists.
./circuit_plots/Unrestricted Disentangled|Readout|CN=0|B0=2|B1=2|K=1280|L=320|p_B=0.75|p_C=0.75|B=2|eps=0|95cf655c-5fe1-41ee-b5c6-acd2a4761507/ already exists.
./circuit_plots/Unrestricted Disentangled|Readout|CN=0|B0=2|B1=2|K=1280|L=320|p_B=0.75|p_C=0.75|B=2|eps=0|95cf655c-5fe1-41ee-b5c6-acd2a4761507/ already exists.
./circuit_plots/Unrestricted Disentangled|Readout|CN=0|B0=2|B1=2|K=1280|L=320|p_B=0.75|p_C=0.75|B=2|eps=0|95cf655c-5fe1-41ee-b5c6-acd2a4761507/ already exists.
./circuit_plots/Unrestricted Disentangled|Readout|CN=0|B0=2|B1=2|K=1280|L=320|p_B=0.75|p_C=0.75|B=2|eps=0|95cf655c-5fe1-41ee-b5c6-acd2a4761507/ already exists.
Epoch: 3450, Loss: 5.707374572753906
Test acc: 0.0226, IC acc: 0.0022, IC acc2: 0.0033, IW acc: 0.0977
Epoch: 3451, Loss: 5.7179179191589355
Epoch: 3452, Loss: 5.704994201660156
Epoch: 3453, Loss: 5.735442638397217
Epoch: 3454, Loss: 5.676248550415039
Epoch: 3455, Loss: 5.710865020751953
Epoch: 3456, Loss: 5.691272735595703
Epoch: 3457, Loss: 5.724869728088379
Epoch: 3458, Loss: 5.702893257141113
Epoch: 3459, Loss: 5.679922580718994
Epoch: 3460, Loss: 5.74704647064209
Test acc: 0.0226, IC acc: 0.0022, IC acc2: 0.0033, IW acc: 0.0977
Epoch: 3461, Loss: 5.7007832527160645
Epoch: 3462, Loss: 5.763793468475342
Epoch: 3463, Loss: 5.695846080780029
Epoch: 3464, Loss: 5.677770614624023
Epoch: 3465, Loss: 5.7274017333984375
Epoch: 3466, Loss: 5.657311916351318
Epoch: 3467, Loss: 5.740708351135254
Epoch: 3468, Loss: 5.707381725311279
Epoch: 3469, Loss: 5.719563007354736
Epoch: 3470, Loss: 5.718998908996582
Test acc: 0.0233, IC acc: 0.0022, IC acc2: 0.0033, IW acc: 0.0998
Epoch: 3471, Loss: 5.686232566833496
Epoch: 3472, Loss: 5.650551795959473
Epoch: 3473, Loss: 5.656766891479492
Epoch: 3474, Loss: 5.703359127044678
Epoch: 3475, Loss: 5.691449165344238
Epoch: 3476, Loss: 5.63897705078125
Epoch: 3477, Loss: 5.712213039398193
Epoch: 3478, Loss: 5.692001819610596
Epoch: 3479, Loss: 5.750359535217285
Epoch: 3480, Loss: 5.686748504638672
Test acc: 0.0224, IC acc: 0.0022, IC acc2: 0.0033, IW acc: 0.0978
Epoch: 3481, Loss: 5.675101280212402
Epoch: 3482, Loss: 5.718032360076904
Epoch: 3483, Loss: 5.710646629333496
Epoch: 3484, Loss: 5.669567108154297
Epoch: 3485, Loss: 5.737151145935059
Epoch: 3486, Loss: 5.704011917114258
Epoch: 3487, Loss: 5.655857563018799
Epoch: 3488, Loss: 5.69301176071167
Epoch: 3489, Loss: 5.66927433013916
Epoch: 3490, Loss: 5.643073081970215
Test acc: 0.0227, IC acc: 0.0022, IC acc2: 0.0033, IW acc: 0.099
Epoch: 3491, Loss: 5.731937408447266
Epoch: 3492, Loss: 5.720067977905273
Epoch: 3493, Loss: 5.734401226043701
Epoch: 3494, Loss: 5.704955577850342
Epoch: 3495, Loss: 5.701363563537598
Epoch: 3496, Loss: 5.68415641784668
Epoch: 3497, Loss: 5.698855876922607
Epoch: 3498, Loss: 5.697256088256836
Epoch: 3499, Loss: 5.714286804199219
./circuit_plots/Unrestricted Disentangled|Readout|CN=0|B0=2|B1=2|K=1280|L=320|p_B=0.75|p_C=0.75|B=2|eps=0|95cf655c-5fe1-41ee-b5c6-acd2a4761507/ already exists.
./circuit_plots/Unrestricted Disentangled|Readout|CN=0|B0=2|B1=2|K=1280|L=320|p_B=0.75|p_C=0.75|B=2|eps=0|95cf655c-5fe1-41ee-b5c6-acd2a4761507/ already exists.
./circuit_plots/Unrestricted Disentangled|Readout|CN=0|B0=2|B1=2|K=1280|L=320|p_B=0.75|p_C=0.75|B=2|eps=0|95cf655c-5fe1-41ee-b5c6-acd2a4761507/ already exists.
./circuit_plots/Unrestricted Disentangled|Readout|CN=0|B0=2|B1=2|K=1280|L=320|p_B=0.75|p_C=0.75|B=2|eps=0|95cf655c-5fe1-41ee-b5c6-acd2a4761507/ already exists.
./circuit_plots/Unrestricted Disentangled|Readout|CN=0|B0=2|B1=2|K=1280|L=320|p_B=0.75|p_C=0.75|B=2|eps=0|95cf655c-5fe1-41ee-b5c6-acd2a4761507/ already exists.
./circuit_plots/Unrestricted Disentangled|Readout|CN=0|B0=2|B1=2|K=1280|L=320|p_B=0.75|p_C=0.75|B=2|eps=0|95cf655c-5fe1-41ee-b5c6-acd2a4761507/ already exists.
./circuit_plots/Unrestricted Disentangled|Readout|CN=0|B0=2|B1=2|K=1280|L=320|p_B=0.75|p_C=0.75|B=2|eps=0|95cf655c-5fe1-41ee-b5c6-acd2a4761507/ already exists.
Epoch: 3500, Loss: 5.676228046417236
Test acc: 0.0227, IC acc: 0.0022, IC acc2: 0.0033, IW acc: 0.0998
Epoch: 3501, Loss: 5.719054222106934
Epoch: 3502, Loss: 5.710572242736816
Epoch: 3503, Loss: 5.700758457183838
Epoch: 3504, Loss: 5.674158573150635
Epoch: 3505, Loss: 5.704265117645264
Epoch: 3506, Loss: 5.6606597900390625
Epoch: 3507, Loss: 5.71759557723999
Epoch: 3508, Loss: 5.654871940612793
Epoch: 3509, Loss: 5.669737815856934
Epoch: 3510, Loss: 5.709234237670898
Test acc: 0.0232, IC acc: 0.0022, IC acc2: 0.0033, IW acc: 0.1003
Epoch: 3511, Loss: 5.648688316345215
Epoch: 3512, Loss: 5.658276557922363
Epoch: 3513, Loss: 5.702649116516113
Epoch: 3514, Loss: 5.73147439956665
Epoch: 3515, Loss: 5.729131698608398
Epoch: 3516, Loss: 5.713589668273926
Epoch: 3517, Loss: 5.693068504333496
Epoch: 3518, Loss: 5.720672607421875
Epoch: 3519, Loss: 5.691226005554199
Epoch: 3520, Loss: 5.72258186340332
Test acc: 0.0232, IC acc: 0.0022, IC acc2: 0.0033, IW acc: 0.1001
Epoch: 3521, Loss: 5.6996235847473145
Epoch: 3522, Loss: 5.721225738525391
Epoch: 3523, Loss: 5.692070484161377
Epoch: 3524, Loss: 5.684205532073975
Epoch: 3525, Loss: 5.702572822570801
Epoch: 3526, Loss: 5.735865116119385
Epoch: 3527, Loss: 5.7090582847595215
Epoch: 3528, Loss: 5.703962802886963
Epoch: 3529, Loss: 5.72189998626709
Epoch: 3530, Loss: 5.697575569152832
Test acc: 0.0231, IC acc: 0.0022, IC acc2: 0.0033, IW acc: 0.1021
Epoch: 3531, Loss: 5.706512451171875
Epoch: 3532, Loss: 5.711809158325195
Epoch: 3533, Loss: 5.723122596740723
Epoch: 3534, Loss: 5.682349681854248
Epoch: 3535, Loss: 5.651839733123779
Epoch: 3536, Loss: 5.705974102020264
Epoch: 3537, Loss: 5.675750255584717
Epoch: 3538, Loss: 5.715952396392822
Epoch: 3539, Loss: 5.70623779296875
Epoch: 3540, Loss: 5.670928001403809
Test acc: 0.023, IC acc: 0.0022, IC acc2: 0.0033, IW acc: 0.1021
Epoch: 3541, Loss: 5.703652381896973
Epoch: 3542, Loss: 5.691625595092773
Epoch: 3543, Loss: 5.730698108673096
Epoch: 3544, Loss: 5.699947834014893
Epoch: 3545, Loss: 5.689234733581543
Epoch: 3546, Loss: 5.738094329833984
Epoch: 3547, Loss: 5.725618362426758
Epoch: 3548, Loss: 5.721672534942627
Epoch: 3549, Loss: 5.717634201049805
./circuit_plots/Unrestricted Disentangled|Readout|CN=0|B0=2|B1=2|K=1280|L=320|p_B=0.75|p_C=0.75|B=2|eps=0|95cf655c-5fe1-41ee-b5c6-acd2a4761507/ already exists.
./circuit_plots/Unrestricted Disentangled|Readout|CN=0|B0=2|B1=2|K=1280|L=320|p_B=0.75|p_C=0.75|B=2|eps=0|95cf655c-5fe1-41ee-b5c6-acd2a4761507/ already exists.
./circuit_plots/Unrestricted Disentangled|Readout|CN=0|B0=2|B1=2|K=1280|L=320|p_B=0.75|p_C=0.75|B=2|eps=0|95cf655c-5fe1-41ee-b5c6-acd2a4761507/ already exists.
./circuit_plots/Unrestricted Disentangled|Readout|CN=0|B0=2|B1=2|K=1280|L=320|p_B=0.75|p_C=0.75|B=2|eps=0|95cf655c-5fe1-41ee-b5c6-acd2a4761507/ already exists.
./circuit_plots/Unrestricted Disentangled|Readout|CN=0|B0=2|B1=2|K=1280|L=320|p_B=0.75|p_C=0.75|B=2|eps=0|95cf655c-5fe1-41ee-b5c6-acd2a4761507/ already exists.
./circuit_plots/Unrestricted Disentangled|Readout|CN=0|B0=2|B1=2|K=1280|L=320|p_B=0.75|p_C=0.75|B=2|eps=0|95cf655c-5fe1-41ee-b5c6-acd2a4761507/ already exists.
./circuit_plots/Unrestricted Disentangled|Readout|CN=0|B0=2|B1=2|K=1280|L=320|p_B=0.75|p_C=0.75|B=2|eps=0|95cf655c-5fe1-41ee-b5c6-acd2a4761507/ already exists.
Epoch: 3550, Loss: 5.665521621704102
Test acc: 0.0237, IC acc: 0.0022, IC acc2: 0.0033, IW acc: 0.104
Epoch: 3551, Loss: 5.741209030151367
Epoch: 3552, Loss: 5.658214569091797
Epoch: 3553, Loss: 5.688028335571289
Epoch: 3554, Loss: 5.7528791427612305
Epoch: 3555, Loss: 5.7273149490356445
Epoch: 3556, Loss: 5.686432838439941
Epoch: 3557, Loss: 5.708372116088867
Epoch: 3558, Loss: 5.706348896026611
Epoch: 3559, Loss: 5.683351516723633
Epoch: 3560, Loss: 5.666448593139648
Test acc: 0.0238, IC acc: 0.0022, IC acc2: 0.0033, IW acc: 0.1045
Epoch: 3561, Loss: 5.734793186187744
Epoch: 3562, Loss: 5.689146518707275
Epoch: 3563, Loss: 5.6764235496521
Epoch: 3564, Loss: 5.712652683258057
Epoch: 3565, Loss: 5.642346382141113
Epoch: 3566, Loss: 5.735825538635254
Epoch: 3567, Loss: 5.715448379516602
Epoch: 3568, Loss: 5.670984268188477
Epoch: 3569, Loss: 5.679617881774902
Epoch: 3570, Loss: 5.709808826446533
Test acc: 0.0242, IC acc: 0.0022, IC acc2: 0.0033, IW acc: 0.1043
Epoch: 3571, Loss: 5.743834972381592
Epoch: 3572, Loss: 5.706433296203613
Epoch: 3573, Loss: 5.751475811004639
Epoch: 3574, Loss: 5.6965250968933105
Epoch: 3575, Loss: 5.67131233215332
Epoch: 3576, Loss: 5.684727191925049
Epoch: 3577, Loss: 5.762121200561523
Epoch: 3578, Loss: 5.6285505294799805
Epoch: 3579, Loss: 5.652809143066406
Epoch: 3580, Loss: 5.710384845733643
Test acc: 0.0235, IC acc: 0.0022, IC acc2: 0.0033, IW acc: 0.1026
Epoch: 3581, Loss: 5.673884868621826
Epoch: 3582, Loss: 5.711116790771484
Epoch: 3583, Loss: 5.685521602630615
Epoch: 3584, Loss: 5.767419815063477
Epoch: 3585, Loss: 5.6474127769470215
Epoch: 3586, Loss: 5.686907768249512
Epoch: 3587, Loss: 5.745183944702148
Epoch: 3588, Loss: 5.679537773132324
Epoch: 3589, Loss: 5.674230575561523
Epoch: 3590, Loss: 5.671811103820801
Test acc: 0.0244, IC acc: 0.0022, IC acc2: 0.0033, IW acc: 0.1061
Epoch: 3591, Loss: 5.661129951477051
Epoch: 3592, Loss: 5.70762300491333
Epoch: 3593, Loss: 5.663460731506348
Epoch: 3594, Loss: 5.713085174560547
Epoch: 3595, Loss: 5.740458965301514
Epoch: 3596, Loss: 5.69502067565918
Epoch: 3597, Loss: 5.68466854095459
Epoch: 3598, Loss: 5.716826915740967
Epoch: 3599, Loss: 5.687354564666748
./circuit_plots/Unrestricted Disentangled|Readout|CN=0|B0=2|B1=2|K=1280|L=320|p_B=0.75|p_C=0.75|B=2|eps=0|95cf655c-5fe1-41ee-b5c6-acd2a4761507/ already exists.
./circuit_plots/Unrestricted Disentangled|Readout|CN=0|B0=2|B1=2|K=1280|L=320|p_B=0.75|p_C=0.75|B=2|eps=0|95cf655c-5fe1-41ee-b5c6-acd2a4761507/ already exists.
./circuit_plots/Unrestricted Disentangled|Readout|CN=0|B0=2|B1=2|K=1280|L=320|p_B=0.75|p_C=0.75|B=2|eps=0|95cf655c-5fe1-41ee-b5c6-acd2a4761507/ already exists.
./circuit_plots/Unrestricted Disentangled|Readout|CN=0|B0=2|B1=2|K=1280|L=320|p_B=0.75|p_C=0.75|B=2|eps=0|95cf655c-5fe1-41ee-b5c6-acd2a4761507/ already exists.
./circuit_plots/Unrestricted Disentangled|Readout|CN=0|B0=2|B1=2|K=1280|L=320|p_B=0.75|p_C=0.75|B=2|eps=0|95cf655c-5fe1-41ee-b5c6-acd2a4761507/ already exists.
./circuit_plots/Unrestricted Disentangled|Readout|CN=0|B0=2|B1=2|K=1280|L=320|p_B=0.75|p_C=0.75|B=2|eps=0|95cf655c-5fe1-41ee-b5c6-acd2a4761507/ already exists.
./circuit_plots/Unrestricted Disentangled|Readout|CN=0|B0=2|B1=2|K=1280|L=320|p_B=0.75|p_C=0.75|B=2|eps=0|95cf655c-5fe1-41ee-b5c6-acd2a4761507/ already exists.
Epoch: 3600, Loss: 5.724355697631836
Test acc: 0.0244, IC acc: 0.0028, IC acc2: 0.0033, IW acc: 0.1061
Epoch: 3601, Loss: 5.723960876464844
Epoch: 3602, Loss: 5.697500228881836
Epoch: 3603, Loss: 5.672340393066406
Epoch: 3604, Loss: 5.72472620010376
Epoch: 3605, Loss: 5.7319440841674805
Epoch: 3606, Loss: 5.681819438934326
Epoch: 3607, Loss: 5.723690032958984
Epoch: 3608, Loss: 5.663755416870117
Epoch: 3609, Loss: 5.715882301330566
Epoch: 3610, Loss: 5.69044303894043
Test acc: 0.0249, IC acc: 0.0028, IC acc2: 0.0033, IW acc: 0.1079
Epoch: 3611, Loss: 5.6485700607299805
Epoch: 3612, Loss: 5.7127685546875
Epoch: 3613, Loss: 5.715888023376465
Epoch: 3614, Loss: 5.683749675750732
Epoch: 3615, Loss: 5.681643486022949
Epoch: 3616, Loss: 5.670602321624756
Epoch: 3617, Loss: 5.705954551696777
Epoch: 3618, Loss: 5.675567150115967
Epoch: 3619, Loss: 5.708018779754639
Epoch: 3620, Loss: 5.686816692352295
Test acc: 0.0253, IC acc: 0.0028, IC acc2: 0.0033, IW acc: 0.1085
Epoch: 3621, Loss: 5.701291561126709
Epoch: 3622, Loss: 5.747325897216797
Epoch: 3623, Loss: 5.709551811218262
Epoch: 3624, Loss: 5.70225715637207
Epoch: 3625, Loss: 5.711913585662842
Epoch: 3626, Loss: 5.654382705688477
Epoch: 3627, Loss: 5.710378170013428
Epoch: 3628, Loss: 5.698234558105469
Epoch: 3629, Loss: 5.696793079376221
Epoch: 3630, Loss: 5.709408760070801
Test acc: 0.0254, IC acc: 0.0028, IC acc2: 0.0033, IW acc: 0.1092
Epoch: 3631, Loss: 5.7156596183776855
Epoch: 3632, Loss: 5.7292680740356445
Epoch: 3633, Loss: 5.689477920532227
Epoch: 3634, Loss: 5.719106197357178
Epoch: 3635, Loss: 5.709465026855469
Epoch: 3636, Loss: 5.706003189086914
Epoch: 3637, Loss: 5.730678081512451
Epoch: 3638, Loss: 5.695950031280518
Epoch: 3639, Loss: 5.731452941894531
Epoch: 3640, Loss: 5.65482234954834
Test acc: 0.0255, IC acc: 0.0028, IC acc2: 0.0033, IW acc: 0.1089
Epoch: 3641, Loss: 5.7023162841796875
Epoch: 3642, Loss: 5.7333292961120605
Epoch: 3643, Loss: 5.679197311401367
Epoch: 3644, Loss: 5.718130111694336
Epoch: 3645, Loss: 5.71016788482666
Epoch: 3646, Loss: 5.703553199768066
Epoch: 3647, Loss: 5.684780597686768
Epoch: 3648, Loss: 5.708895683288574
Epoch: 3649, Loss: 5.692466735839844
./circuit_plots/Unrestricted Disentangled|Readout|CN=0|B0=2|B1=2|K=1280|L=320|p_B=0.75|p_C=0.75|B=2|eps=0|95cf655c-5fe1-41ee-b5c6-acd2a4761507/ already exists.
./circuit_plots/Unrestricted Disentangled|Readout|CN=0|B0=2|B1=2|K=1280|L=320|p_B=0.75|p_C=0.75|B=2|eps=0|95cf655c-5fe1-41ee-b5c6-acd2a4761507/ already exists.
./circuit_plots/Unrestricted Disentangled|Readout|CN=0|B0=2|B1=2|K=1280|L=320|p_B=0.75|p_C=0.75|B=2|eps=0|95cf655c-5fe1-41ee-b5c6-acd2a4761507/ already exists.
./circuit_plots/Unrestricted Disentangled|Readout|CN=0|B0=2|B1=2|K=1280|L=320|p_B=0.75|p_C=0.75|B=2|eps=0|95cf655c-5fe1-41ee-b5c6-acd2a4761507/ already exists.
./circuit_plots/Unrestricted Disentangled|Readout|CN=0|B0=2|B1=2|K=1280|L=320|p_B=0.75|p_C=0.75|B=2|eps=0|95cf655c-5fe1-41ee-b5c6-acd2a4761507/ already exists.
./circuit_plots/Unrestricted Disentangled|Readout|CN=0|B0=2|B1=2|K=1280|L=320|p_B=0.75|p_C=0.75|B=2|eps=0|95cf655c-5fe1-41ee-b5c6-acd2a4761507/ already exists.
./circuit_plots/Unrestricted Disentangled|Readout|CN=0|B0=2|B1=2|K=1280|L=320|p_B=0.75|p_C=0.75|B=2|eps=0|95cf655c-5fe1-41ee-b5c6-acd2a4761507/ already exists.
Epoch: 3650, Loss: 5.712291717529297
Test acc: 0.0261, IC acc: 0.0028, IC acc2: 0.0033, IW acc: 0.1114
Epoch: 3651, Loss: 5.704468727111816
Epoch: 3652, Loss: 5.711086750030518
Epoch: 3653, Loss: 5.7303056716918945
Epoch: 3654, Loss: 5.73445987701416
Epoch: 3655, Loss: 5.656288146972656
Epoch: 3656, Loss: 5.656498432159424
Epoch: 3657, Loss: 5.7263407707214355
Epoch: 3658, Loss: 5.70574951171875
Epoch: 3659, Loss: 5.6748151779174805
Epoch: 3660, Loss: 5.676362991333008
Test acc: 0.027, IC acc: 0.0028, IC acc2: 0.0033, IW acc: 0.1142
Epoch: 3661, Loss: 5.668792247772217
Epoch: 3662, Loss: 5.661100387573242
Epoch: 3663, Loss: 5.685680389404297
Epoch: 3664, Loss: 5.668046951293945
Epoch: 3665, Loss: 5.736942291259766
Epoch: 3666, Loss: 5.68942403793335
Epoch: 3667, Loss: 5.6949357986450195
Epoch: 3668, Loss: 5.651519775390625
Epoch: 3669, Loss: 5.694367408752441
Epoch: 3670, Loss: 5.709787368774414
Test acc: 0.0265, IC acc: 0.0028, IC acc2: 0.0033, IW acc: 0.113
Epoch: 3671, Loss: 5.708187580108643
Epoch: 3672, Loss: 5.683319091796875
Epoch: 3673, Loss: 5.666172027587891
Epoch: 3674, Loss: 5.640833854675293
Epoch: 3675, Loss: 5.680983066558838
Epoch: 3676, Loss: 5.6706671714782715
Epoch: 3677, Loss: 5.711658477783203
Epoch: 3678, Loss: 5.7186360359191895
Epoch: 3679, Loss: 5.697281837463379
Epoch: 3680, Loss: 5.669337272644043
Test acc: 0.0269, IC acc: 0.0022, IC acc2: 0.0033, IW acc: 0.114
Epoch: 3681, Loss: 5.681486129760742
Epoch: 3682, Loss: 5.683575630187988
Epoch: 3683, Loss: 5.689877510070801
Epoch: 3684, Loss: 5.683201313018799
Epoch: 3685, Loss: 5.698957443237305
Epoch: 3686, Loss: 5.755751609802246
Epoch: 3687, Loss: 5.71212100982666
Epoch: 3688, Loss: 5.7705078125
Epoch: 3689, Loss: 5.64989709854126
Epoch: 3690, Loss: 5.692042350769043
Test acc: 0.027, IC acc: 0.0028, IC acc2: 0.0033, IW acc: 0.1147
Epoch: 3691, Loss: 5.690167427062988
Epoch: 3692, Loss: 5.649051666259766
Epoch: 3693, Loss: 5.716996192932129
Epoch: 3694, Loss: 5.698531150817871
Epoch: 3695, Loss: 5.677173614501953
Epoch: 3696, Loss: 5.738797664642334
Epoch: 3697, Loss: 5.686601638793945
Epoch: 3698, Loss: 5.726690292358398
Epoch: 3699, Loss: 5.687068939208984
./circuit_plots/Unrestricted Disentangled|Readout|CN=0|B0=2|B1=2|K=1280|L=320|p_B=0.75|p_C=0.75|B=2|eps=0|95cf655c-5fe1-41ee-b5c6-acd2a4761507/ already exists.
./circuit_plots/Unrestricted Disentangled|Readout|CN=0|B0=2|B1=2|K=1280|L=320|p_B=0.75|p_C=0.75|B=2|eps=0|95cf655c-5fe1-41ee-b5c6-acd2a4761507/ already exists.
./circuit_plots/Unrestricted Disentangled|Readout|CN=0|B0=2|B1=2|K=1280|L=320|p_B=0.75|p_C=0.75|B=2|eps=0|95cf655c-5fe1-41ee-b5c6-acd2a4761507/ already exists.
./circuit_plots/Unrestricted Disentangled|Readout|CN=0|B0=2|B1=2|K=1280|L=320|p_B=0.75|p_C=0.75|B=2|eps=0|95cf655c-5fe1-41ee-b5c6-acd2a4761507/ already exists.
./circuit_plots/Unrestricted Disentangled|Readout|CN=0|B0=2|B1=2|K=1280|L=320|p_B=0.75|p_C=0.75|B=2|eps=0|95cf655c-5fe1-41ee-b5c6-acd2a4761507/ already exists.
./circuit_plots/Unrestricted Disentangled|Readout|CN=0|B0=2|B1=2|K=1280|L=320|p_B=0.75|p_C=0.75|B=2|eps=0|95cf655c-5fe1-41ee-b5c6-acd2a4761507/ already exists.
./circuit_plots/Unrestricted Disentangled|Readout|CN=0|B0=2|B1=2|K=1280|L=320|p_B=0.75|p_C=0.75|B=2|eps=0|95cf655c-5fe1-41ee-b5c6-acd2a4761507/ already exists.
Epoch: 3700, Loss: 5.701664447784424
Test acc: 0.0271, IC acc: 0.0028, IC acc2: 0.0033, IW acc: 0.1157
Epoch: 3701, Loss: 5.637417793273926
Epoch: 3702, Loss: 5.662893295288086
Epoch: 3703, Loss: 5.685514450073242
Epoch: 3704, Loss: 5.686142921447754
Epoch: 3705, Loss: 5.753121376037598
Epoch: 3706, Loss: 5.685970306396484
Epoch: 3707, Loss: 5.698005676269531
Epoch: 3708, Loss: 5.666899681091309
Epoch: 3709, Loss: 5.700698375701904
Epoch: 3710, Loss: 5.669465065002441
Test acc: 0.0269, IC acc: 0.0028, IC acc2: 0.0033, IW acc: 0.1153
Epoch: 3711, Loss: 5.665515899658203
Epoch: 3712, Loss: 5.703211307525635
Epoch: 3713, Loss: 5.646557807922363
Epoch: 3714, Loss: 5.707939147949219
Epoch: 3715, Loss: 5.651205062866211
Epoch: 3716, Loss: 5.699124813079834
Epoch: 3717, Loss: 5.693147659301758
Epoch: 3718, Loss: 5.6856865882873535
Epoch: 3719, Loss: 5.680012226104736
Epoch: 3720, Loss: 5.732900619506836
Test acc: 0.0265, IC acc: 0.0028, IC acc2: 0.0033, IW acc: 0.1149
Epoch: 3721, Loss: 5.665863037109375
Epoch: 3722, Loss: 5.709918022155762
Epoch: 3723, Loss: 5.725977897644043
Epoch: 3724, Loss: 5.674583435058594
Epoch: 3725, Loss: 5.634276390075684
Epoch: 3726, Loss: 5.7064433097839355
Epoch: 3727, Loss: 5.6820878982543945
Epoch: 3728, Loss: 5.718339920043945
Epoch: 3729, Loss: 5.7198896408081055
Epoch: 3730, Loss: 5.699714660644531
Test acc: 0.0265, IC acc: 0.0028, IC acc2: 0.0033, IW acc: 0.1149
Epoch: 3731, Loss: 5.7248101234436035
Epoch: 3732, Loss: 5.660672187805176
Epoch: 3733, Loss: 5.707094192504883
Epoch: 3734, Loss: 5.7048492431640625
Epoch: 3735, Loss: 5.648483753204346
Epoch: 3736, Loss: 5.6807355880737305
Epoch: 3737, Loss: 5.670129776000977
Epoch: 3738, Loss: 5.658807754516602
Epoch: 3739, Loss: 5.677650451660156
Epoch: 3740, Loss: 5.729255676269531
Test acc: 0.0267, IC acc: 0.0028, IC acc2: 0.0033, IW acc: 0.1156
Epoch: 3741, Loss: 5.688685894012451
Epoch: 3742, Loss: 5.679634094238281
Epoch: 3743, Loss: 5.687658309936523
Epoch: 3744, Loss: 5.714560508728027
Epoch: 3745, Loss: 5.680154800415039
Epoch: 3746, Loss: 5.697988033294678
Epoch: 3747, Loss: 5.73637580871582
Epoch: 3748, Loss: 5.720746994018555
Epoch: 3749, Loss: 5.683022499084473
./circuit_plots/Unrestricted Disentangled|Readout|CN=0|B0=2|B1=2|K=1280|L=320|p_B=0.75|p_C=0.75|B=2|eps=0|95cf655c-5fe1-41ee-b5c6-acd2a4761507/ already exists.
./circuit_plots/Unrestricted Disentangled|Readout|CN=0|B0=2|B1=2|K=1280|L=320|p_B=0.75|p_C=0.75|B=2|eps=0|95cf655c-5fe1-41ee-b5c6-acd2a4761507/ already exists.
./circuit_plots/Unrestricted Disentangled|Readout|CN=0|B0=2|B1=2|K=1280|L=320|p_B=0.75|p_C=0.75|B=2|eps=0|95cf655c-5fe1-41ee-b5c6-acd2a4761507/ already exists.
./circuit_plots/Unrestricted Disentangled|Readout|CN=0|B0=2|B1=2|K=1280|L=320|p_B=0.75|p_C=0.75|B=2|eps=0|95cf655c-5fe1-41ee-b5c6-acd2a4761507/ already exists.
./circuit_plots/Unrestricted Disentangled|Readout|CN=0|B0=2|B1=2|K=1280|L=320|p_B=0.75|p_C=0.75|B=2|eps=0|95cf655c-5fe1-41ee-b5c6-acd2a4761507/ already exists.
./circuit_plots/Unrestricted Disentangled|Readout|CN=0|B0=2|B1=2|K=1280|L=320|p_B=0.75|p_C=0.75|B=2|eps=0|95cf655c-5fe1-41ee-b5c6-acd2a4761507/ already exists.
./circuit_plots/Unrestricted Disentangled|Readout|CN=0|B0=2|B1=2|K=1280|L=320|p_B=0.75|p_C=0.75|B=2|eps=0|95cf655c-5fe1-41ee-b5c6-acd2a4761507/ already exists.
Epoch: 3750, Loss: 5.71296501159668
Test acc: 0.0273, IC acc: 0.0028, IC acc2: 0.0033, IW acc: 0.1175
Epoch: 3751, Loss: 5.731784820556641
Epoch: 3752, Loss: 5.712536811828613
Epoch: 3753, Loss: 5.659656524658203
Epoch: 3754, Loss: 5.674604415893555
Epoch: 3755, Loss: 5.676944732666016
Epoch: 3756, Loss: 5.7012152671813965
Epoch: 3757, Loss: 5.675097465515137
Epoch: 3758, Loss: 5.690882205963135
Epoch: 3759, Loss: 5.659709453582764
Epoch: 3760, Loss: 5.695971965789795
Test acc: 0.0273, IC acc: 0.0028, IC acc2: 0.0033, IW acc: 0.1186
Epoch: 3761, Loss: 5.721380233764648
Epoch: 3762, Loss: 5.687854290008545
Epoch: 3763, Loss: 5.696171283721924
Epoch: 3764, Loss: 5.7016191482543945
Epoch: 3765, Loss: 5.735766887664795
Epoch: 3766, Loss: 5.698633670806885
Epoch: 3767, Loss: 5.687802314758301
Epoch: 3768, Loss: 5.759681701660156
Epoch: 3769, Loss: 5.717615127563477
Epoch: 3770, Loss: 5.698889255523682
Test acc: 0.0279, IC acc: 0.0028, IC acc2: 0.0033, IW acc: 0.1222
Epoch: 3771, Loss: 5.73071813583374
Epoch: 3772, Loss: 5.690260887145996
Epoch: 3773, Loss: 5.7226128578186035
Epoch: 3774, Loss: 5.713044166564941
Epoch: 3775, Loss: 5.682345390319824
Epoch: 3776, Loss: 5.6779046058654785
Epoch: 3777, Loss: 5.7129011154174805
Epoch: 3778, Loss: 5.659910678863525
Epoch: 3779, Loss: 5.642424583435059
Epoch: 3780, Loss: 5.706119537353516
Test acc: 0.0279, IC acc: 0.0022, IC acc2: 0.0033, IW acc: 0.1222
Epoch: 3781, Loss: 5.741551399230957
Epoch: 3782, Loss: 5.7520599365234375
Epoch: 3783, Loss: 5.7155866622924805
Epoch: 3784, Loss: 5.6539530754089355
Epoch: 3785, Loss: 5.676641464233398
Epoch: 3786, Loss: 5.690395355224609
Epoch: 3787, Loss: 5.688748359680176
Epoch: 3788, Loss: 5.6392083168029785
Epoch: 3789, Loss: 5.724391937255859
Epoch: 3790, Loss: 5.736701011657715
Test acc: 0.0292, IC acc: 0.0022, IC acc2: 0.0033, IW acc: 0.1244
Epoch: 3791, Loss: 5.678323745727539
Epoch: 3792, Loss: 5.742795944213867
Epoch: 3793, Loss: 5.697691917419434
Epoch: 3794, Loss: 5.6734538078308105
Epoch: 3795, Loss: 5.653067588806152
Epoch: 3796, Loss: 5.693711280822754
Epoch: 3797, Loss: 5.684015274047852
Epoch: 3798, Loss: 5.68333625793457
Epoch: 3799, Loss: 5.712177276611328
./circuit_plots/Unrestricted Disentangled|Readout|CN=0|B0=2|B1=2|K=1280|L=320|p_B=0.75|p_C=0.75|B=2|eps=0|95cf655c-5fe1-41ee-b5c6-acd2a4761507/ already exists.
./circuit_plots/Unrestricted Disentangled|Readout|CN=0|B0=2|B1=2|K=1280|L=320|p_B=0.75|p_C=0.75|B=2|eps=0|95cf655c-5fe1-41ee-b5c6-acd2a4761507/ already exists.
./circuit_plots/Unrestricted Disentangled|Readout|CN=0|B0=2|B1=2|K=1280|L=320|p_B=0.75|p_C=0.75|B=2|eps=0|95cf655c-5fe1-41ee-b5c6-acd2a4761507/ already exists.
./circuit_plots/Unrestricted Disentangled|Readout|CN=0|B0=2|B1=2|K=1280|L=320|p_B=0.75|p_C=0.75|B=2|eps=0|95cf655c-5fe1-41ee-b5c6-acd2a4761507/ already exists.
./circuit_plots/Unrestricted Disentangled|Readout|CN=0|B0=2|B1=2|K=1280|L=320|p_B=0.75|p_C=0.75|B=2|eps=0|95cf655c-5fe1-41ee-b5c6-acd2a4761507/ already exists.
./circuit_plots/Unrestricted Disentangled|Readout|CN=0|B0=2|B1=2|K=1280|L=320|p_B=0.75|p_C=0.75|B=2|eps=0|95cf655c-5fe1-41ee-b5c6-acd2a4761507/ already exists.
./circuit_plots/Unrestricted Disentangled|Readout|CN=0|B0=2|B1=2|K=1280|L=320|p_B=0.75|p_C=0.75|B=2|eps=0|95cf655c-5fe1-41ee-b5c6-acd2a4761507/ already exists.
Epoch: 3800, Loss: 5.665383815765381
Test acc: 0.0292, IC acc: 0.0028, IC acc2: 0.0033, IW acc: 0.1255
Epoch: 3801, Loss: 5.726348876953125
Epoch: 3802, Loss: 5.650611877441406
Epoch: 3803, Loss: 5.7097859382629395
Epoch: 3804, Loss: 5.651191711425781
Epoch: 3805, Loss: 5.661741733551025
Epoch: 3806, Loss: 5.73908805847168
Epoch: 3807, Loss: 5.684183120727539
Epoch: 3808, Loss: 5.702800750732422
Epoch: 3809, Loss: 5.659100532531738
Epoch: 3810, Loss: 5.740589141845703
Test acc: 0.0296, IC acc: 0.0022, IC acc2: 0.0033, IW acc: 0.1265
Epoch: 3811, Loss: 5.689879894256592
Epoch: 3812, Loss: 5.643399238586426
Epoch: 3813, Loss: 5.678000450134277
Epoch: 3814, Loss: 5.733447074890137
Epoch: 3815, Loss: 5.68057918548584
Epoch: 3816, Loss: 5.726881504058838
Epoch: 3817, Loss: 5.708250999450684
Epoch: 3818, Loss: 5.720366477966309
Epoch: 3819, Loss: 5.719450950622559
Epoch: 3820, Loss: 5.681504249572754
Test acc: 0.0292, IC acc: 0.0022, IC acc2: 0.0033, IW acc: 0.1266
Epoch: 3821, Loss: 5.720437049865723
Epoch: 3822, Loss: 5.695949554443359
Epoch: 3823, Loss: 5.671409606933594
Epoch: 3824, Loss: 5.68294620513916
Epoch: 3825, Loss: 5.704444408416748
Epoch: 3826, Loss: 5.67642879486084
Epoch: 3827, Loss: 5.6941680908203125
Epoch: 3828, Loss: 5.728416919708252
Epoch: 3829, Loss: 5.636733531951904
Epoch: 3830, Loss: 5.740840435028076
Test acc: 0.0299, IC acc: 0.0022, IC acc2: 0.0033, IW acc: 0.1269
Epoch: 3831, Loss: 5.714640140533447
Epoch: 3832, Loss: 5.721618175506592
Epoch: 3833, Loss: 5.679225921630859
Epoch: 3834, Loss: 5.673145294189453
Epoch: 3835, Loss: 5.709300994873047
Epoch: 3836, Loss: 5.735750198364258
Epoch: 3837, Loss: 5.706270217895508
Epoch: 3838, Loss: 5.67473030090332
Epoch: 3839, Loss: 5.704131126403809
Epoch: 3840, Loss: 5.711606979370117
Test acc: 0.0299, IC acc: 0.0022, IC acc2: 0.0033, IW acc: 0.1274
Epoch: 3841, Loss: 5.697563648223877
Epoch: 3842, Loss: 5.675622940063477
Epoch: 3843, Loss: 5.672041893005371
Epoch: 3844, Loss: 5.701778411865234
Epoch: 3845, Loss: 5.70742130279541
Epoch: 3846, Loss: 5.670438766479492
Epoch: 3847, Loss: 5.686168193817139
Epoch: 3848, Loss: 5.683878421783447
Epoch: 3849, Loss: 5.722347259521484
./circuit_plots/Unrestricted Disentangled|Readout|CN=0|B0=2|B1=2|K=1280|L=320|p_B=0.75|p_C=0.75|B=2|eps=0|95cf655c-5fe1-41ee-b5c6-acd2a4761507/ already exists.
./circuit_plots/Unrestricted Disentangled|Readout|CN=0|B0=2|B1=2|K=1280|L=320|p_B=0.75|p_C=0.75|B=2|eps=0|95cf655c-5fe1-41ee-b5c6-acd2a4761507/ already exists.
./circuit_plots/Unrestricted Disentangled|Readout|CN=0|B0=2|B1=2|K=1280|L=320|p_B=0.75|p_C=0.75|B=2|eps=0|95cf655c-5fe1-41ee-b5c6-acd2a4761507/ already exists.
./circuit_plots/Unrestricted Disentangled|Readout|CN=0|B0=2|B1=2|K=1280|L=320|p_B=0.75|p_C=0.75|B=2|eps=0|95cf655c-5fe1-41ee-b5c6-acd2a4761507/ already exists.
./circuit_plots/Unrestricted Disentangled|Readout|CN=0|B0=2|B1=2|K=1280|L=320|p_B=0.75|p_C=0.75|B=2|eps=0|95cf655c-5fe1-41ee-b5c6-acd2a4761507/ already exists.
./circuit_plots/Unrestricted Disentangled|Readout|CN=0|B0=2|B1=2|K=1280|L=320|p_B=0.75|p_C=0.75|B=2|eps=0|95cf655c-5fe1-41ee-b5c6-acd2a4761507/ already exists.
./circuit_plots/Unrestricted Disentangled|Readout|CN=0|B0=2|B1=2|K=1280|L=320|p_B=0.75|p_C=0.75|B=2|eps=0|95cf655c-5fe1-41ee-b5c6-acd2a4761507/ already exists.
Epoch: 3850, Loss: 5.632102012634277
Test acc: 0.0301, IC acc: 0.0022, IC acc2: 0.0033, IW acc: 0.1299
Epoch: 3851, Loss: 5.74606466293335
Epoch: 3852, Loss: 5.67684268951416
Epoch: 3853, Loss: 5.701386451721191
Epoch: 3854, Loss: 5.697422981262207
Epoch: 3855, Loss: 5.7140913009643555
Epoch: 3856, Loss: 5.73044490814209
Epoch: 3857, Loss: 5.748822212219238
Epoch: 3858, Loss: 5.671591758728027
Epoch: 3859, Loss: 5.721815586090088
Epoch: 3860, Loss: 5.722344875335693
Test acc: 0.0303, IC acc: 0.0022, IC acc2: 0.0033, IW acc: 0.1301
Epoch: 3861, Loss: 5.709730625152588
Epoch: 3862, Loss: 5.679074764251709
Epoch: 3863, Loss: 5.656586647033691
Epoch: 3864, Loss: 5.702884674072266
Epoch: 3865, Loss: 5.728990077972412
Epoch: 3866, Loss: 5.709509372711182
Epoch: 3867, Loss: 5.7041096687316895
Epoch: 3868, Loss: 5.710079193115234
Epoch: 3869, Loss: 5.691989898681641
Epoch: 3870, Loss: 5.684796333312988
Test acc: 0.0309, IC acc: 0.0022, IC acc2: 0.0033, IW acc: 0.1308
Epoch: 3871, Loss: 5.672812461853027
Epoch: 3872, Loss: 5.624618053436279
Epoch: 3873, Loss: 5.682860851287842
Epoch: 3874, Loss: 5.6861114501953125
Epoch: 3875, Loss: 5.657229900360107
Epoch: 3876, Loss: 5.688895225524902
Epoch: 3877, Loss: 5.698208808898926
Epoch: 3878, Loss: 5.691872596740723
Epoch: 3879, Loss: 5.651309013366699
Epoch: 3880, Loss: 5.720157146453857
Test acc: 0.0311, IC acc: 0.0022, IC acc2: 0.0033, IW acc: 0.1319
Epoch: 3881, Loss: 5.7299652099609375
Epoch: 3882, Loss: 5.6994829177856445
Epoch: 3883, Loss: 5.715414524078369
Epoch: 3884, Loss: 5.668497562408447
Epoch: 3885, Loss: 5.722119331359863
Epoch: 3886, Loss: 5.740983963012695
Epoch: 3887, Loss: 5.70662260055542
Epoch: 3888, Loss: 5.648890495300293
Epoch: 3889, Loss: 5.641750335693359
Epoch: 3890, Loss: 5.678429126739502
Test acc: 0.0313, IC acc: 0.0022, IC acc2: 0.0033, IW acc: 0.1322
Epoch: 3891, Loss: 5.668694496154785
Epoch: 3892, Loss: 5.665628433227539
Epoch: 3893, Loss: 5.674262046813965
Epoch: 3894, Loss: 5.64063835144043
Epoch: 3895, Loss: 5.667353630065918
Epoch: 3896, Loss: 5.721997261047363
Epoch: 3897, Loss: 5.69249153137207
Epoch: 3898, Loss: 5.719630718231201
Epoch: 3899, Loss: 5.6894426345825195
./circuit_plots/Unrestricted Disentangled|Readout|CN=0|B0=2|B1=2|K=1280|L=320|p_B=0.75|p_C=0.75|B=2|eps=0|95cf655c-5fe1-41ee-b5c6-acd2a4761507/ already exists.
./circuit_plots/Unrestricted Disentangled|Readout|CN=0|B0=2|B1=2|K=1280|L=320|p_B=0.75|p_C=0.75|B=2|eps=0|95cf655c-5fe1-41ee-b5c6-acd2a4761507/ already exists.
./circuit_plots/Unrestricted Disentangled|Readout|CN=0|B0=2|B1=2|K=1280|L=320|p_B=0.75|p_C=0.75|B=2|eps=0|95cf655c-5fe1-41ee-b5c6-acd2a4761507/ already exists.
./circuit_plots/Unrestricted Disentangled|Readout|CN=0|B0=2|B1=2|K=1280|L=320|p_B=0.75|p_C=0.75|B=2|eps=0|95cf655c-5fe1-41ee-b5c6-acd2a4761507/ already exists.
./circuit_plots/Unrestricted Disentangled|Readout|CN=0|B0=2|B1=2|K=1280|L=320|p_B=0.75|p_C=0.75|B=2|eps=0|95cf655c-5fe1-41ee-b5c6-acd2a4761507/ already exists.
./circuit_plots/Unrestricted Disentangled|Readout|CN=0|B0=2|B1=2|K=1280|L=320|p_B=0.75|p_C=0.75|B=2|eps=0|95cf655c-5fe1-41ee-b5c6-acd2a4761507/ already exists.
./circuit_plots/Unrestricted Disentangled|Readout|CN=0|B0=2|B1=2|K=1280|L=320|p_B=0.75|p_C=0.75|B=2|eps=0|95cf655c-5fe1-41ee-b5c6-acd2a4761507/ already exists.
Epoch: 3900, Loss: 5.709332466125488
Test acc: 0.0315, IC acc: 0.0022, IC acc2: 0.0033, IW acc: 0.1329
Epoch: 3901, Loss: 5.690124988555908
Epoch: 3902, Loss: 5.706611633300781
Epoch: 3903, Loss: 5.703900337219238
Epoch: 3904, Loss: 5.754177093505859
Epoch: 3905, Loss: 5.685436248779297
Epoch: 3906, Loss: 5.664784908294678
Epoch: 3907, Loss: 5.714962005615234
Epoch: 3908, Loss: 5.702117919921875
Epoch: 3909, Loss: 5.714056491851807
Epoch: 3910, Loss: 5.7113037109375
Test acc: 0.0313, IC acc: 0.0022, IC acc2: 0.0033, IW acc: 0.1325
Epoch: 3911, Loss: 5.656184196472168
Epoch: 3912, Loss: 5.706249713897705
Epoch: 3913, Loss: 5.713259696960449
Epoch: 3914, Loss: 5.7146148681640625
Epoch: 3915, Loss: 5.684375286102295
Epoch: 3916, Loss: 5.730295181274414
Epoch: 3917, Loss: 5.742504119873047
Epoch: 3918, Loss: 5.674313545227051
Epoch: 3919, Loss: 5.6336140632629395
Epoch: 3920, Loss: 5.638731002807617
Test acc: 0.0314, IC acc: 0.0022, IC acc2: 0.0033, IW acc: 0.1334
Epoch: 3921, Loss: 5.658934593200684
Epoch: 3922, Loss: 5.637670040130615
Epoch: 3923, Loss: 5.722812175750732
Epoch: 3924, Loss: 5.683967590332031
Epoch: 3925, Loss: 5.676314353942871
Epoch: 3926, Loss: 5.693672180175781
Epoch: 3927, Loss: 5.705585956573486
Epoch: 3928, Loss: 5.718345642089844
Epoch: 3929, Loss: 5.676816463470459
Epoch: 3930, Loss: 5.660832405090332
Test acc: 0.032, IC acc: 0.0022, IC acc2: 0.0033, IW acc: 0.136
Epoch: 3931, Loss: 5.651060104370117
Epoch: 3932, Loss: 5.678418159484863
Epoch: 3933, Loss: 5.721014022827148
Epoch: 3934, Loss: 5.708288192749023
Epoch: 3935, Loss: 5.670628547668457
Epoch: 3936, Loss: 5.698678970336914
Epoch: 3937, Loss: 5.722822189331055
Epoch: 3938, Loss: 5.727165222167969
Epoch: 3939, Loss: 5.664139747619629
Epoch: 3940, Loss: 5.690618991851807
Test acc: 0.032, IC acc: 0.0022, IC acc2: 0.0033, IW acc: 0.1355
Epoch: 3941, Loss: 5.715287208557129
Epoch: 3942, Loss: 5.651085376739502
Epoch: 3943, Loss: 5.6581315994262695
Epoch: 3944, Loss: 5.625497817993164
Epoch: 3945, Loss: 5.695568561553955
Epoch: 3946, Loss: 5.664203643798828
Epoch: 3947, Loss: 5.712484836578369
Epoch: 3948, Loss: 5.7155961990356445
Epoch: 3949, Loss: 5.653922080993652
./circuit_plots/Unrestricted Disentangled|Readout|CN=0|B0=2|B1=2|K=1280|L=320|p_B=0.75|p_C=0.75|B=2|eps=0|95cf655c-5fe1-41ee-b5c6-acd2a4761507/ already exists.
./circuit_plots/Unrestricted Disentangled|Readout|CN=0|B0=2|B1=2|K=1280|L=320|p_B=0.75|p_C=0.75|B=2|eps=0|95cf655c-5fe1-41ee-b5c6-acd2a4761507/ already exists.
./circuit_plots/Unrestricted Disentangled|Readout|CN=0|B0=2|B1=2|K=1280|L=320|p_B=0.75|p_C=0.75|B=2|eps=0|95cf655c-5fe1-41ee-b5c6-acd2a4761507/ already exists.
./circuit_plots/Unrestricted Disentangled|Readout|CN=0|B0=2|B1=2|K=1280|L=320|p_B=0.75|p_C=0.75|B=2|eps=0|95cf655c-5fe1-41ee-b5c6-acd2a4761507/ already exists.
./circuit_plots/Unrestricted Disentangled|Readout|CN=0|B0=2|B1=2|K=1280|L=320|p_B=0.75|p_C=0.75|B=2|eps=0|95cf655c-5fe1-41ee-b5c6-acd2a4761507/ already exists.
./circuit_plots/Unrestricted Disentangled|Readout|CN=0|B0=2|B1=2|K=1280|L=320|p_B=0.75|p_C=0.75|B=2|eps=0|95cf655c-5fe1-41ee-b5c6-acd2a4761507/ already exists.
./circuit_plots/Unrestricted Disentangled|Readout|CN=0|B0=2|B1=2|K=1280|L=320|p_B=0.75|p_C=0.75|B=2|eps=0|95cf655c-5fe1-41ee-b5c6-acd2a4761507/ already exists.
Epoch: 3950, Loss: 5.688787460327148
Test acc: 0.0325, IC acc: 0.0022, IC acc2: 0.0033, IW acc: 0.1372
Epoch: 3951, Loss: 5.662311553955078
Epoch: 3952, Loss: 5.685324192047119
Epoch: 3953, Loss: 5.719867706298828
Epoch: 3954, Loss: 5.750051975250244
Epoch: 3955, Loss: 5.697150230407715
Epoch: 3956, Loss: 5.759759902954102
Epoch: 3957, Loss: 5.718072414398193
Epoch: 3958, Loss: 5.696399211883545
Epoch: 3959, Loss: 5.674380779266357
Epoch: 3960, Loss: 5.741141319274902
Test acc: 0.033, IC acc: 0.0022, IC acc2: 0.0033, IW acc: 0.1382
Epoch: 3961, Loss: 5.70284366607666
Epoch: 3962, Loss: 5.698060989379883
Epoch: 3963, Loss: 5.698596477508545
Epoch: 3964, Loss: 5.684749603271484
Epoch: 3965, Loss: 5.680044174194336
Epoch: 3966, Loss: 5.724769592285156
Epoch: 3967, Loss: 5.635955333709717
Epoch: 3968, Loss: 5.637038707733154
Epoch: 3969, Loss: 5.706096649169922
Epoch: 3970, Loss: 5.680835723876953
Test acc: 0.0328, IC acc: 0.0022, IC acc2: 0.0033, IW acc: 0.1377
Epoch: 3971, Loss: 5.7094011306762695
Epoch: 3972, Loss: 5.720568656921387
Epoch: 3973, Loss: 5.7271013259887695
Epoch: 3974, Loss: 5.734201431274414
Epoch: 3975, Loss: 5.643585205078125
Epoch: 3976, Loss: 5.66544246673584
Epoch: 3977, Loss: 5.71967887878418
Epoch: 3978, Loss: 5.70445442199707
Epoch: 3979, Loss: 5.681148529052734
Epoch: 3980, Loss: 5.685699462890625
Test acc: 0.0333, IC acc: 0.0022, IC acc2: 0.0033, IW acc: 0.1398
Epoch: 3981, Loss: 5.659676551818848
Epoch: 3982, Loss: 5.6632609367370605
Epoch: 3983, Loss: 5.706545829772949
Epoch: 3984, Loss: 5.658633232116699
Epoch: 3985, Loss: 5.714156150817871
Epoch: 3986, Loss: 5.704229354858398
Epoch: 3987, Loss: 5.659595012664795
Epoch: 3988, Loss: 5.709373474121094
Epoch: 3989, Loss: 5.663555145263672
Epoch: 3990, Loss: 5.7048726081848145
Test acc: 0.0332, IC acc: 0.0022, IC acc2: 0.0033, IW acc: 0.1391
Epoch: 3991, Loss: 5.709100246429443
Epoch: 3992, Loss: 5.756620407104492
Epoch: 3993, Loss: 5.713766098022461
Epoch: 3994, Loss: 5.659103870391846
Epoch: 3995, Loss: 5.667346000671387
Epoch: 3996, Loss: 5.647492408752441
Epoch: 3997, Loss: 5.678228378295898
Epoch: 3998, Loss: 5.699207305908203
Epoch: 3999, Loss: 5.675271511077881
./circuit_plots/Unrestricted Disentangled|Readout|CN=0|B0=2|B1=2|K=1280|L=320|p_B=0.75|p_C=0.75|B=2|eps=0|95cf655c-5fe1-41ee-b5c6-acd2a4761507/ already exists.
./circuit_plots/Unrestricted Disentangled|Readout|CN=0|B0=2|B1=2|K=1280|L=320|p_B=0.75|p_C=0.75|B=2|eps=0|95cf655c-5fe1-41ee-b5c6-acd2a4761507/ already exists.
./circuit_plots/Unrestricted Disentangled|Readout|CN=0|B0=2|B1=2|K=1280|L=320|p_B=0.75|p_C=0.75|B=2|eps=0|95cf655c-5fe1-41ee-b5c6-acd2a4761507/ already exists.
./circuit_plots/Unrestricted Disentangled|Readout|CN=0|B0=2|B1=2|K=1280|L=320|p_B=0.75|p_C=0.75|B=2|eps=0|95cf655c-5fe1-41ee-b5c6-acd2a4761507/ already exists.
./circuit_plots/Unrestricted Disentangled|Readout|CN=0|B0=2|B1=2|K=1280|L=320|p_B=0.75|p_C=0.75|B=2|eps=0|95cf655c-5fe1-41ee-b5c6-acd2a4761507/ already exists.
./circuit_plots/Unrestricted Disentangled|Readout|CN=0|B0=2|B1=2|K=1280|L=320|p_B=0.75|p_C=0.75|B=2|eps=0|95cf655c-5fe1-41ee-b5c6-acd2a4761507/ already exists.
./circuit_plots/Unrestricted Disentangled|Readout|CN=0|B0=2|B1=2|K=1280|L=320|p_B=0.75|p_C=0.75|B=2|eps=0|95cf655c-5fe1-41ee-b5c6-acd2a4761507/ already exists.
Epoch: 4000, Loss: 5.649842262268066
Test acc: 0.0333, IC acc: 0.0022, IC acc2: 0.0033, IW acc: 0.1402
Epoch: 4001, Loss: 5.706216335296631
Epoch: 4002, Loss: 5.695496559143066
Epoch: 4003, Loss: 5.669354438781738
Epoch: 4004, Loss: 5.701459884643555
Epoch: 4005, Loss: 5.638951301574707
Epoch: 4006, Loss: 5.712721824645996
Epoch: 4007, Loss: 5.602817058563232
Epoch: 4008, Loss: 5.654982566833496
Epoch: 4009, Loss: 5.673727512359619
Epoch: 4010, Loss: 5.687202453613281
Test acc: 0.0338, IC acc: 0.0022, IC acc2: 0.0033, IW acc: 0.142
Epoch: 4011, Loss: 5.710711479187012
Epoch: 4012, Loss: 5.694890975952148
Epoch: 4013, Loss: 5.693037509918213
Epoch: 4014, Loss: 5.724279403686523
Epoch: 4015, Loss: 5.6864237785339355
Epoch: 4016, Loss: 5.727692604064941
Epoch: 4017, Loss: 5.680782794952393
Epoch: 4018, Loss: 5.688111305236816
Epoch: 4019, Loss: 5.645203590393066
Epoch: 4020, Loss: 5.663578033447266
Test acc: 0.0341, IC acc: 0.0022, IC acc2: 0.0033, IW acc: 0.1421
Epoch: 4021, Loss: 5.7054901123046875
Epoch: 4022, Loss: 5.667320251464844
Epoch: 4023, Loss: 5.651337623596191
Epoch: 4024, Loss: 5.700884819030762
Epoch: 4025, Loss: 5.679338455200195
Epoch: 4026, Loss: 5.713268756866455
Epoch: 4027, Loss: 5.715598106384277
Epoch: 4028, Loss: 5.65225887298584
Epoch: 4029, Loss: 5.747460842132568
Epoch: 4030, Loss: 5.733314514160156
Test acc: 0.0349, IC acc: 0.0022, IC acc2: 0.0033, IW acc: 0.144
Epoch: 4031, Loss: 5.711422920227051
Epoch: 4032, Loss: 5.667844772338867
Epoch: 4033, Loss: 5.695433616638184
Epoch: 4034, Loss: 5.7188334465026855
Epoch: 4035, Loss: 5.707303047180176
Epoch: 4036, Loss: 5.676923751831055
Epoch: 4037, Loss: 5.693595886230469
Epoch: 4038, Loss: 5.681525707244873
Epoch: 4039, Loss: 5.675012588500977
Epoch: 4040, Loss: 5.672842025756836
Test acc: 0.035, IC acc: 0.0022, IC acc2: 0.0033, IW acc: 0.1449
Epoch: 4041, Loss: 5.708925247192383
Epoch: 4042, Loss: 5.6709160804748535
Epoch: 4043, Loss: 5.714860916137695
Epoch: 4044, Loss: 5.681638240814209
Epoch: 4045, Loss: 5.711241245269775
Epoch: 4046, Loss: 5.709632873535156
Epoch: 4047, Loss: 5.64564323425293
Epoch: 4048, Loss: 5.67650032043457
Epoch: 4049, Loss: 5.685066223144531
./circuit_plots/Unrestricted Disentangled|Readout|CN=0|B0=2|B1=2|K=1280|L=320|p_B=0.75|p_C=0.75|B=2|eps=0|95cf655c-5fe1-41ee-b5c6-acd2a4761507/ already exists.
./circuit_plots/Unrestricted Disentangled|Readout|CN=0|B0=2|B1=2|K=1280|L=320|p_B=0.75|p_C=0.75|B=2|eps=0|95cf655c-5fe1-41ee-b5c6-acd2a4761507/ already exists.
./circuit_plots/Unrestricted Disentangled|Readout|CN=0|B0=2|B1=2|K=1280|L=320|p_B=0.75|p_C=0.75|B=2|eps=0|95cf655c-5fe1-41ee-b5c6-acd2a4761507/ already exists.
./circuit_plots/Unrestricted Disentangled|Readout|CN=0|B0=2|B1=2|K=1280|L=320|p_B=0.75|p_C=0.75|B=2|eps=0|95cf655c-5fe1-41ee-b5c6-acd2a4761507/ already exists.
./circuit_plots/Unrestricted Disentangled|Readout|CN=0|B0=2|B1=2|K=1280|L=320|p_B=0.75|p_C=0.75|B=2|eps=0|95cf655c-5fe1-41ee-b5c6-acd2a4761507/ already exists.
./circuit_plots/Unrestricted Disentangled|Readout|CN=0|B0=2|B1=2|K=1280|L=320|p_B=0.75|p_C=0.75|B=2|eps=0|95cf655c-5fe1-41ee-b5c6-acd2a4761507/ already exists.
./circuit_plots/Unrestricted Disentangled|Readout|CN=0|B0=2|B1=2|K=1280|L=320|p_B=0.75|p_C=0.75|B=2|eps=0|95cf655c-5fe1-41ee-b5c6-acd2a4761507/ already exists.
Epoch: 4050, Loss: 5.62855863571167
Test acc: 0.0348, IC acc: 0.0022, IC acc2: 0.0033, IW acc: 0.1444
Epoch: 4051, Loss: 5.718449115753174
Epoch: 4052, Loss: 5.6619873046875
Epoch: 4053, Loss: 5.751612663269043
Epoch: 4054, Loss: 5.715988636016846
Epoch: 4055, Loss: 5.6565728187561035
Epoch: 4056, Loss: 5.701849937438965
Epoch: 4057, Loss: 5.700882434844971
Epoch: 4058, Loss: 5.747137546539307
Epoch: 4059, Loss: 5.691776275634766
Epoch: 4060, Loss: 5.686465263366699
Test acc: 0.0346, IC acc: 0.0022, IC acc2: 0.0033, IW acc: 0.145
Epoch: 4061, Loss: 5.6787004470825195
Epoch: 4062, Loss: 5.684438705444336
Epoch: 4063, Loss: 5.704429626464844
Epoch: 4064, Loss: 5.69036865234375
Epoch: 4065, Loss: 5.626941204071045
Epoch: 4066, Loss: 5.648900985717773
Epoch: 4067, Loss: 5.704163551330566
Epoch: 4068, Loss: 5.646168231964111
Epoch: 4069, Loss: 5.674261569976807
Epoch: 4070, Loss: 5.690150260925293
Test acc: 0.0361, IC acc: 0.0022, IC acc2: 0.0033, IW acc: 0.1491
Epoch: 4071, Loss: 5.766939163208008
Epoch: 4072, Loss: 5.7183380126953125
Epoch: 4073, Loss: 5.686176300048828
Epoch: 4074, Loss: 5.659865856170654
Epoch: 4075, Loss: 5.672179222106934
Epoch: 4076, Loss: 5.680002689361572
Epoch: 4077, Loss: 5.655460357666016
Epoch: 4078, Loss: 5.653791427612305
Epoch: 4079, Loss: 5.70111608505249
Epoch: 4080, Loss: 5.668461799621582
Test acc: 0.036, IC acc: 0.0022, IC acc2: 0.0033, IW acc: 0.149
Epoch: 4081, Loss: 5.7085113525390625
Epoch: 4082, Loss: 5.6342034339904785
Epoch: 4083, Loss: 5.6954264640808105
Epoch: 4084, Loss: 5.6807355880737305
Epoch: 4085, Loss: 5.655801773071289
Epoch: 4086, Loss: 5.697909355163574
Epoch: 4087, Loss: 5.699437141418457
Epoch: 4088, Loss: 5.697520732879639
Epoch: 4089, Loss: 5.720006942749023
Epoch: 4090, Loss: 5.667284965515137
Test acc: 0.0366, IC acc: 0.0022, IC acc2: 0.0033, IW acc: 0.151
Epoch: 4091, Loss: 5.70353889465332
Epoch: 4092, Loss: 5.641359329223633
Epoch: 4093, Loss: 5.6823649406433105
Epoch: 4094, Loss: 5.709656238555908
Epoch: 4095, Loss: 5.703734397888184
Epoch: 4096, Loss: 5.716968059539795
Epoch: 4097, Loss: 5.689524173736572
Epoch: 4098, Loss: 5.686043739318848
Epoch: 4099, Loss: 5.721429824829102
./circuit_plots/Unrestricted Disentangled|Readout|CN=0|B0=2|B1=2|K=1280|L=320|p_B=0.75|p_C=0.75|B=2|eps=0|95cf655c-5fe1-41ee-b5c6-acd2a4761507/ already exists.
./circuit_plots/Unrestricted Disentangled|Readout|CN=0|B0=2|B1=2|K=1280|L=320|p_B=0.75|p_C=0.75|B=2|eps=0|95cf655c-5fe1-41ee-b5c6-acd2a4761507/ already exists.
./circuit_plots/Unrestricted Disentangled|Readout|CN=0|B0=2|B1=2|K=1280|L=320|p_B=0.75|p_C=0.75|B=2|eps=0|95cf655c-5fe1-41ee-b5c6-acd2a4761507/ already exists.
./circuit_plots/Unrestricted Disentangled|Readout|CN=0|B0=2|B1=2|K=1280|L=320|p_B=0.75|p_C=0.75|B=2|eps=0|95cf655c-5fe1-41ee-b5c6-acd2a4761507/ already exists.
./circuit_plots/Unrestricted Disentangled|Readout|CN=0|B0=2|B1=2|K=1280|L=320|p_B=0.75|p_C=0.75|B=2|eps=0|95cf655c-5fe1-41ee-b5c6-acd2a4761507/ already exists.
./circuit_plots/Unrestricted Disentangled|Readout|CN=0|B0=2|B1=2|K=1280|L=320|p_B=0.75|p_C=0.75|B=2|eps=0|95cf655c-5fe1-41ee-b5c6-acd2a4761507/ already exists.
./circuit_plots/Unrestricted Disentangled|Readout|CN=0|B0=2|B1=2|K=1280|L=320|p_B=0.75|p_C=0.75|B=2|eps=0|95cf655c-5fe1-41ee-b5c6-acd2a4761507/ already exists.
Epoch: 4100, Loss: 5.727313041687012
Test acc: 0.0364, IC acc: 0.0022, IC acc2: 0.0033, IW acc: 0.1518
Epoch: 4101, Loss: 5.649140357971191
Epoch: 4102, Loss: 5.6700568199157715
Epoch: 4103, Loss: 5.651089668273926
Epoch: 4104, Loss: 5.696008682250977
Epoch: 4105, Loss: 5.675359725952148
Epoch: 4106, Loss: 5.656272888183594
Epoch: 4107, Loss: 5.6899847984313965
Epoch: 4108, Loss: 5.667599678039551
Epoch: 4109, Loss: 5.724131107330322
Epoch: 4110, Loss: 5.679183006286621
Test acc: 0.0368, IC acc: 0.0022, IC acc2: 0.0033, IW acc: 0.1528
Epoch: 4111, Loss: 5.704083442687988
Epoch: 4112, Loss: 5.6783127784729
Epoch: 4113, Loss: 5.696287155151367
Epoch: 4114, Loss: 5.71915340423584
Epoch: 4115, Loss: 5.70460844039917
Epoch: 4116, Loss: 5.714253902435303
Epoch: 4117, Loss: 5.761105537414551
Epoch: 4118, Loss: 5.6807355880737305
Epoch: 4119, Loss: 5.635489463806152
Epoch: 4120, Loss: 5.716856479644775
Test acc: 0.037, IC acc: 0.0022, IC acc2: 0.0033, IW acc: 0.1533
Epoch: 4121, Loss: 5.686799049377441
Epoch: 4122, Loss: 5.676617622375488
Epoch: 4123, Loss: 5.671645164489746
Epoch: 4124, Loss: 5.736722946166992
Epoch: 4125, Loss: 5.6733222007751465
Epoch: 4126, Loss: 5.716054439544678
Epoch: 4127, Loss: 5.696454048156738
Epoch: 4128, Loss: 5.681375503540039
Epoch: 4129, Loss: 5.698364734649658
Epoch: 4130, Loss: 5.667730331420898
Test acc: 0.0365, IC acc: 0.0022, IC acc2: 0.0033, IW acc: 0.1514
Epoch: 4131, Loss: 5.674019813537598
Epoch: 4132, Loss: 5.772632598876953
Epoch: 4133, Loss: 5.687322616577148
Epoch: 4134, Loss: 5.716484069824219
Epoch: 4135, Loss: 5.7456512451171875
Epoch: 4136, Loss: 5.675808906555176
Epoch: 4137, Loss: 5.7064008712768555
Epoch: 4138, Loss: 5.677751541137695
Epoch: 4139, Loss: 5.649421691894531
Epoch: 4140, Loss: 5.657349586486816
Test acc: 0.0369, IC acc: 0.0022, IC acc2: 0.0033, IW acc: 0.1532
Epoch: 4141, Loss: 5.673780918121338
Epoch: 4142, Loss: 5.698148250579834
Epoch: 4143, Loss: 5.708826541900635
Epoch: 4144, Loss: 5.669356346130371
Epoch: 4145, Loss: 5.707876682281494
Epoch: 4146, Loss: 5.722272872924805
Epoch: 4147, Loss: 5.6808013916015625
Epoch: 4148, Loss: 5.684782028198242
Epoch: 4149, Loss: 5.686177730560303
./circuit_plots/Unrestricted Disentangled|Readout|CN=0|B0=2|B1=2|K=1280|L=320|p_B=0.75|p_C=0.75|B=2|eps=0|95cf655c-5fe1-41ee-b5c6-acd2a4761507/ already exists.
./circuit_plots/Unrestricted Disentangled|Readout|CN=0|B0=2|B1=2|K=1280|L=320|p_B=0.75|p_C=0.75|B=2|eps=0|95cf655c-5fe1-41ee-b5c6-acd2a4761507/ already exists.
./circuit_plots/Unrestricted Disentangled|Readout|CN=0|B0=2|B1=2|K=1280|L=320|p_B=0.75|p_C=0.75|B=2|eps=0|95cf655c-5fe1-41ee-b5c6-acd2a4761507/ already exists.
./circuit_plots/Unrestricted Disentangled|Readout|CN=0|B0=2|B1=2|K=1280|L=320|p_B=0.75|p_C=0.75|B=2|eps=0|95cf655c-5fe1-41ee-b5c6-acd2a4761507/ already exists.
./circuit_plots/Unrestricted Disentangled|Readout|CN=0|B0=2|B1=2|K=1280|L=320|p_B=0.75|p_C=0.75|B=2|eps=0|95cf655c-5fe1-41ee-b5c6-acd2a4761507/ already exists.
./circuit_plots/Unrestricted Disentangled|Readout|CN=0|B0=2|B1=2|K=1280|L=320|p_B=0.75|p_C=0.75|B=2|eps=0|95cf655c-5fe1-41ee-b5c6-acd2a4761507/ already exists.
./circuit_plots/Unrestricted Disentangled|Readout|CN=0|B0=2|B1=2|K=1280|L=320|p_B=0.75|p_C=0.75|B=2|eps=0|95cf655c-5fe1-41ee-b5c6-acd2a4761507/ already exists.
Epoch: 4150, Loss: 5.659725666046143
Test acc: 0.0372, IC acc: 0.0022, IC acc2: 0.0033, IW acc: 0.1544
Epoch: 4151, Loss: 5.686863422393799
Epoch: 4152, Loss: 5.708803176879883
Epoch: 4153, Loss: 5.643413543701172
Epoch: 4154, Loss: 5.6709442138671875
Epoch: 4155, Loss: 5.738682746887207
Epoch: 4156, Loss: 5.617733001708984
Epoch: 4157, Loss: 5.682697772979736
Epoch: 4158, Loss: 5.720427513122559
Epoch: 4159, Loss: 5.662590026855469
Epoch: 4160, Loss: 5.708316802978516
Test acc: 0.0372, IC acc: 0.0022, IC acc2: 0.0033, IW acc: 0.1555
Epoch: 4161, Loss: 5.664072036743164
Epoch: 4162, Loss: 5.715083122253418
Epoch: 4163, Loss: 5.7037529945373535
Epoch: 4164, Loss: 5.6578369140625
Epoch: 4165, Loss: 5.6268205642700195
Epoch: 4166, Loss: 5.665426731109619
Epoch: 4167, Loss: 5.6973876953125
Epoch: 4168, Loss: 5.689970016479492
Epoch: 4169, Loss: 5.742900848388672
Epoch: 4170, Loss: 5.658596038818359
Test acc: 0.0376, IC acc: 0.0022, IC acc2: 0.0033, IW acc: 0.1576
Epoch: 4171, Loss: 5.713747978210449
Epoch: 4172, Loss: 5.689586639404297
Epoch: 4173, Loss: 5.731048583984375
Epoch: 4174, Loss: 5.61407470703125
Epoch: 4175, Loss: 5.696232795715332
Epoch: 4176, Loss: 5.650842666625977
Epoch: 4177, Loss: 5.648736476898193
Epoch: 4178, Loss: 5.622838497161865
Epoch: 4179, Loss: 5.695693016052246
Epoch: 4180, Loss: 5.621936798095703
Test acc: 0.0378, IC acc: 0.0022, IC acc2: 0.0033, IW acc: 0.1581
Epoch: 4181, Loss: 5.6600446701049805
Epoch: 4182, Loss: 5.667924880981445
Epoch: 4183, Loss: 5.704079627990723
Epoch: 4184, Loss: 5.709868907928467
Epoch: 4185, Loss: 5.715126037597656
Epoch: 4186, Loss: 5.677432537078857
Epoch: 4187, Loss: 5.669120788574219
Epoch: 4188, Loss: 5.761415481567383
Epoch: 4189, Loss: 5.70375919342041
Epoch: 4190, Loss: 5.727852821350098
Test acc: 0.0387, IC acc: 0.0022, IC acc2: 0.0033, IW acc: 0.1603
Epoch: 4191, Loss: 5.659275531768799
Epoch: 4192, Loss: 5.709659576416016
Epoch: 4193, Loss: 5.687982559204102
Epoch: 4194, Loss: 5.676300048828125
Epoch: 4195, Loss: 5.711455345153809
Epoch: 4196, Loss: 5.727524280548096
Epoch: 4197, Loss: 5.687609672546387
Epoch: 4198, Loss: 5.677331924438477
Epoch: 4199, Loss: 5.648972988128662
./circuit_plots/Unrestricted Disentangled|Readout|CN=0|B0=2|B1=2|K=1280|L=320|p_B=0.75|p_C=0.75|B=2|eps=0|95cf655c-5fe1-41ee-b5c6-acd2a4761507/ already exists.
./circuit_plots/Unrestricted Disentangled|Readout|CN=0|B0=2|B1=2|K=1280|L=320|p_B=0.75|p_C=0.75|B=2|eps=0|95cf655c-5fe1-41ee-b5c6-acd2a4761507/ already exists.
./circuit_plots/Unrestricted Disentangled|Readout|CN=0|B0=2|B1=2|K=1280|L=320|p_B=0.75|p_C=0.75|B=2|eps=0|95cf655c-5fe1-41ee-b5c6-acd2a4761507/ already exists.
./circuit_plots/Unrestricted Disentangled|Readout|CN=0|B0=2|B1=2|K=1280|L=320|p_B=0.75|p_C=0.75|B=2|eps=0|95cf655c-5fe1-41ee-b5c6-acd2a4761507/ already exists.
./circuit_plots/Unrestricted Disentangled|Readout|CN=0|B0=2|B1=2|K=1280|L=320|p_B=0.75|p_C=0.75|B=2|eps=0|95cf655c-5fe1-41ee-b5c6-acd2a4761507/ already exists.
./circuit_plots/Unrestricted Disentangled|Readout|CN=0|B0=2|B1=2|K=1280|L=320|p_B=0.75|p_C=0.75|B=2|eps=0|95cf655c-5fe1-41ee-b5c6-acd2a4761507/ already exists.
./circuit_plots/Unrestricted Disentangled|Readout|CN=0|B0=2|B1=2|K=1280|L=320|p_B=0.75|p_C=0.75|B=2|eps=0|95cf655c-5fe1-41ee-b5c6-acd2a4761507/ already exists.
Epoch: 4200, Loss: 5.7366485595703125
Test acc: 0.0385, IC acc: 0.0022, IC acc2: 0.0033, IW acc: 0.1603
Epoch: 4201, Loss: 5.697800636291504
Epoch: 4202, Loss: 5.689702987670898
Epoch: 4203, Loss: 5.712399482727051
Epoch: 4204, Loss: 5.71180534362793
Epoch: 4205, Loss: 5.673510551452637
Epoch: 4206, Loss: 5.680112838745117
Epoch: 4207, Loss: 5.654749870300293
Epoch: 4208, Loss: 5.610594749450684
Epoch: 4209, Loss: 5.651180744171143
Epoch: 4210, Loss: 5.702927589416504
Test acc: 0.0384, IC acc: 0.0022, IC acc2: 0.0033, IW acc: 0.1603
Epoch: 4211, Loss: 5.628859519958496
Epoch: 4212, Loss: 5.691684246063232
Epoch: 4213, Loss: 5.698009014129639
Epoch: 4214, Loss: 5.635250568389893
Epoch: 4215, Loss: 5.66644287109375
Epoch: 4216, Loss: 5.720722198486328
Epoch: 4217, Loss: 5.718547821044922
Epoch: 4218, Loss: 5.72661018371582
Epoch: 4219, Loss: 5.679440498352051
Epoch: 4220, Loss: 5.706574440002441
Test acc: 0.0387, IC acc: 0.0022, IC acc2: 0.0033, IW acc: 0.1615
Epoch: 4221, Loss: 5.672676086425781
Epoch: 4222, Loss: 5.635088920593262
Epoch: 4223, Loss: 5.667348861694336
Epoch: 4224, Loss: 5.710056781768799
Epoch: 4225, Loss: 5.736764907836914
Epoch: 4226, Loss: 5.661777973175049
Epoch: 4227, Loss: 5.702425956726074
Epoch: 4228, Loss: 5.685993194580078
Epoch: 4229, Loss: 5.6933698654174805
Epoch: 4230, Loss: 5.65928840637207
Test acc: 0.0386, IC acc: 0.0022, IC acc2: 0.0033, IW acc: 0.1606
Epoch: 4231, Loss: 5.717726230621338
Epoch: 4232, Loss: 5.652811050415039
Epoch: 4233, Loss: 5.670596599578857
Epoch: 4234, Loss: 5.6859259605407715
Epoch: 4235, Loss: 5.694632530212402
Epoch: 4236, Loss: 5.703458786010742
Epoch: 4237, Loss: 5.6857805252075195
Epoch: 4238, Loss: 5.652649402618408
Epoch: 4239, Loss: 5.608030796051025
Epoch: 4240, Loss: 5.7600579261779785
Test acc: 0.0388, IC acc: 0.0022, IC acc2: 0.0033, IW acc: 0.1612
Epoch: 4241, Loss: 5.6854567527771
Epoch: 4242, Loss: 5.632696151733398
Epoch: 4243, Loss: 5.70128059387207
Epoch: 4244, Loss: 5.659712791442871
Epoch: 4245, Loss: 5.677745819091797
Epoch: 4246, Loss: 5.71872615814209
Epoch: 4247, Loss: 5.706457138061523
Epoch: 4248, Loss: 5.734207630157471
Epoch: 4249, Loss: 5.666540145874023
./circuit_plots/Unrestricted Disentangled|Readout|CN=0|B0=2|B1=2|K=1280|L=320|p_B=0.75|p_C=0.75|B=2|eps=0|95cf655c-5fe1-41ee-b5c6-acd2a4761507/ already exists.
./circuit_plots/Unrestricted Disentangled|Readout|CN=0|B0=2|B1=2|K=1280|L=320|p_B=0.75|p_C=0.75|B=2|eps=0|95cf655c-5fe1-41ee-b5c6-acd2a4761507/ already exists.
./circuit_plots/Unrestricted Disentangled|Readout|CN=0|B0=2|B1=2|K=1280|L=320|p_B=0.75|p_C=0.75|B=2|eps=0|95cf655c-5fe1-41ee-b5c6-acd2a4761507/ already exists.
./circuit_plots/Unrestricted Disentangled|Readout|CN=0|B0=2|B1=2|K=1280|L=320|p_B=0.75|p_C=0.75|B=2|eps=0|95cf655c-5fe1-41ee-b5c6-acd2a4761507/ already exists.
./circuit_plots/Unrestricted Disentangled|Readout|CN=0|B0=2|B1=2|K=1280|L=320|p_B=0.75|p_C=0.75|B=2|eps=0|95cf655c-5fe1-41ee-b5c6-acd2a4761507/ already exists.
./circuit_plots/Unrestricted Disentangled|Readout|CN=0|B0=2|B1=2|K=1280|L=320|p_B=0.75|p_C=0.75|B=2|eps=0|95cf655c-5fe1-41ee-b5c6-acd2a4761507/ already exists.
./circuit_plots/Unrestricted Disentangled|Readout|CN=0|B0=2|B1=2|K=1280|L=320|p_B=0.75|p_C=0.75|B=2|eps=0|95cf655c-5fe1-41ee-b5c6-acd2a4761507/ already exists.
Epoch: 4250, Loss: 5.669500350952148
Test acc: 0.0394, IC acc: 0.0022, IC acc2: 0.0033, IW acc: 0.1647
Epoch: 4251, Loss: 5.683799743652344
Epoch: 4252, Loss: 5.6350860595703125
Epoch: 4253, Loss: 5.656896114349365
Epoch: 4254, Loss: 5.66792106628418
Epoch: 4255, Loss: 5.7366228103637695
Epoch: 4256, Loss: 5.65114688873291
Epoch: 4257, Loss: 5.64979887008667
Epoch: 4258, Loss: 5.68244743347168
Epoch: 4259, Loss: 5.670627117156982
Epoch: 4260, Loss: 5.714836120605469
Test acc: 0.0398, IC acc: 0.0022, IC acc2: 0.0033, IW acc: 0.1676
Epoch: 4261, Loss: 5.675086975097656
Epoch: 4262, Loss: 5.711690902709961
Epoch: 4263, Loss: 5.699443340301514
Epoch: 4264, Loss: 5.668160438537598
Epoch: 4265, Loss: 5.734145641326904
Epoch: 4266, Loss: 5.675339698791504
Epoch: 4267, Loss: 5.637524604797363
Epoch: 4268, Loss: 5.597521781921387
Epoch: 4269, Loss: 5.667469024658203
Epoch: 4270, Loss: 5.6449174880981445
Test acc: 0.0399, IC acc: 0.0022, IC acc2: 0.0033, IW acc: 0.1677
Epoch: 4271, Loss: 5.707763671875
Epoch: 4272, Loss: 5.682036876678467
Epoch: 4273, Loss: 5.695000648498535
Epoch: 4274, Loss: 5.658275127410889
Epoch: 4275, Loss: 5.666350364685059
Epoch: 4276, Loss: 5.67005729675293
Epoch: 4277, Loss: 5.655650615692139
Epoch: 4278, Loss: 5.650562286376953
Epoch: 4279, Loss: 5.685816764831543
Epoch: 4280, Loss: 5.7047600746154785
Test acc: 0.0398, IC acc: 0.0022, IC acc2: 0.0033, IW acc: 0.1678
Epoch: 4281, Loss: 5.681859970092773
Epoch: 4282, Loss: 5.689789295196533
Epoch: 4283, Loss: 5.7386393547058105
Epoch: 4284, Loss: 5.734874725341797
Epoch: 4285, Loss: 5.73459529876709
Epoch: 4286, Loss: 5.679786682128906
Epoch: 4287, Loss: 5.69528865814209
Epoch: 4288, Loss: 5.65416145324707
Epoch: 4289, Loss: 5.715523719787598
Epoch: 4290, Loss: 5.668804168701172
Test acc: 0.0398, IC acc: 0.0022, IC acc2: 0.0033, IW acc: 0.1678
Epoch: 4291, Loss: 5.6927900314331055
Epoch: 4292, Loss: 5.672491550445557
Epoch: 4293, Loss: 5.689816474914551
Epoch: 4294, Loss: 5.6947431564331055
Epoch: 4295, Loss: 5.6228790283203125
Epoch: 4296, Loss: 5.635775566101074
Epoch: 4297, Loss: 5.751404762268066
Epoch: 4298, Loss: 5.620575904846191
Epoch: 4299, Loss: 5.722827911376953
./circuit_plots/Unrestricted Disentangled|Readout|CN=0|B0=2|B1=2|K=1280|L=320|p_B=0.75|p_C=0.75|B=2|eps=0|95cf655c-5fe1-41ee-b5c6-acd2a4761507/ already exists.
./circuit_plots/Unrestricted Disentangled|Readout|CN=0|B0=2|B1=2|K=1280|L=320|p_B=0.75|p_C=0.75|B=2|eps=0|95cf655c-5fe1-41ee-b5c6-acd2a4761507/ already exists.
./circuit_plots/Unrestricted Disentangled|Readout|CN=0|B0=2|B1=2|K=1280|L=320|p_B=0.75|p_C=0.75|B=2|eps=0|95cf655c-5fe1-41ee-b5c6-acd2a4761507/ already exists.
./circuit_plots/Unrestricted Disentangled|Readout|CN=0|B0=2|B1=2|K=1280|L=320|p_B=0.75|p_C=0.75|B=2|eps=0|95cf655c-5fe1-41ee-b5c6-acd2a4761507/ already exists.
./circuit_plots/Unrestricted Disentangled|Readout|CN=0|B0=2|B1=2|K=1280|L=320|p_B=0.75|p_C=0.75|B=2|eps=0|95cf655c-5fe1-41ee-b5c6-acd2a4761507/ already exists.
./circuit_plots/Unrestricted Disentangled|Readout|CN=0|B0=2|B1=2|K=1280|L=320|p_B=0.75|p_C=0.75|B=2|eps=0|95cf655c-5fe1-41ee-b5c6-acd2a4761507/ already exists.
./circuit_plots/Unrestricted Disentangled|Readout|CN=0|B0=2|B1=2|K=1280|L=320|p_B=0.75|p_C=0.75|B=2|eps=0|95cf655c-5fe1-41ee-b5c6-acd2a4761507/ already exists.
Epoch: 4300, Loss: 5.719649791717529
Test acc: 0.0406, IC acc: 0.0022, IC acc2: 0.0033, IW acc: 0.1701
Epoch: 4301, Loss: 5.6648454666137695
Epoch: 4302, Loss: 5.7018256187438965
Epoch: 4303, Loss: 5.725053787231445
Epoch: 4304, Loss: 5.696544647216797
Epoch: 4305, Loss: 5.667215347290039
Epoch: 4306, Loss: 5.696985244750977
Epoch: 4307, Loss: 5.693786144256592
Epoch: 4308, Loss: 5.614575386047363
Epoch: 4309, Loss: 5.67341423034668
Epoch: 4310, Loss: 5.640131950378418
Test acc: 0.0405, IC acc: 0.0022, IC acc2: 0.0033, IW acc: 0.1689
Epoch: 4311, Loss: 5.65953254699707
Epoch: 4312, Loss: 5.663978576660156
Epoch: 4313, Loss: 5.699453830718994
Epoch: 4314, Loss: 5.690476417541504
Epoch: 4315, Loss: 5.705230712890625
Epoch: 4316, Loss: 5.627679824829102
Epoch: 4317, Loss: 5.686160087585449
Epoch: 4318, Loss: 5.660260200500488
Epoch: 4319, Loss: 5.681334495544434
Epoch: 4320, Loss: 5.682613849639893
Test acc: 0.0406, IC acc: 0.0022, IC acc2: 0.0033, IW acc: 0.17
Epoch: 4321, Loss: 5.652822494506836
Epoch: 4322, Loss: 5.665714263916016
Epoch: 4323, Loss: 5.658002853393555
Epoch: 4324, Loss: 5.628310203552246
Epoch: 4325, Loss: 5.633993625640869
Epoch: 4326, Loss: 5.7340593338012695
Epoch: 4327, Loss: 5.671231746673584
Epoch: 4328, Loss: 5.663165092468262
Epoch: 4329, Loss: 5.654428482055664
Epoch: 4330, Loss: 5.671736717224121
Test acc: 0.0409, IC acc: 0.0022, IC acc2: 0.0033, IW acc: 0.1711
Epoch: 4331, Loss: 5.733725547790527
Epoch: 4332, Loss: 5.624197483062744
Epoch: 4333, Loss: 5.669895172119141
Epoch: 4334, Loss: 5.7407636642456055
Epoch: 4335, Loss: 5.675816059112549
Epoch: 4336, Loss: 5.696776390075684
Epoch: 4337, Loss: 5.715587615966797
Epoch: 4338, Loss: 5.68689489364624
Epoch: 4339, Loss: 5.671637535095215
Epoch: 4340, Loss: 5.7061357498168945
Test acc: 0.0415, IC acc: 0.0022, IC acc2: 0.0033, IW acc: 0.174
Epoch: 4341, Loss: 5.65377950668335
Epoch: 4342, Loss: 5.692551612854004
Epoch: 4343, Loss: 5.6816182136535645
Epoch: 4344, Loss: 5.68752908706665
Epoch: 4345, Loss: 5.685544490814209
Epoch: 4346, Loss: 5.679902076721191
Epoch: 4347, Loss: 5.723027229309082
Epoch: 4348, Loss: 5.642033576965332
Epoch: 4349, Loss: 5.647886753082275
./circuit_plots/Unrestricted Disentangled|Readout|CN=0|B0=2|B1=2|K=1280|L=320|p_B=0.75|p_C=0.75|B=2|eps=0|95cf655c-5fe1-41ee-b5c6-acd2a4761507/ already exists.
./circuit_plots/Unrestricted Disentangled|Readout|CN=0|B0=2|B1=2|K=1280|L=320|p_B=0.75|p_C=0.75|B=2|eps=0|95cf655c-5fe1-41ee-b5c6-acd2a4761507/ already exists.
./circuit_plots/Unrestricted Disentangled|Readout|CN=0|B0=2|B1=2|K=1280|L=320|p_B=0.75|p_C=0.75|B=2|eps=0|95cf655c-5fe1-41ee-b5c6-acd2a4761507/ already exists.
./circuit_plots/Unrestricted Disentangled|Readout|CN=0|B0=2|B1=2|K=1280|L=320|p_B=0.75|p_C=0.75|B=2|eps=0|95cf655c-5fe1-41ee-b5c6-acd2a4761507/ already exists.
./circuit_plots/Unrestricted Disentangled|Readout|CN=0|B0=2|B1=2|K=1280|L=320|p_B=0.75|p_C=0.75|B=2|eps=0|95cf655c-5fe1-41ee-b5c6-acd2a4761507/ already exists.
./circuit_plots/Unrestricted Disentangled|Readout|CN=0|B0=2|B1=2|K=1280|L=320|p_B=0.75|p_C=0.75|B=2|eps=0|95cf655c-5fe1-41ee-b5c6-acd2a4761507/ already exists.
./circuit_plots/Unrestricted Disentangled|Readout|CN=0|B0=2|B1=2|K=1280|L=320|p_B=0.75|p_C=0.75|B=2|eps=0|95cf655c-5fe1-41ee-b5c6-acd2a4761507/ already exists.
Epoch: 4350, Loss: 5.648996353149414
Test acc: 0.0413, IC acc: 0.0022, IC acc2: 0.0033, IW acc: 0.1744
Epoch: 4351, Loss: 5.636096954345703
Epoch: 4352, Loss: 5.693473815917969
Epoch: 4353, Loss: 5.66373348236084
Epoch: 4354, Loss: 5.715456962585449
Epoch: 4355, Loss: 5.666581153869629
Epoch: 4356, Loss: 5.700167179107666
Epoch: 4357, Loss: 5.686646461486816
Epoch: 4358, Loss: 5.634605407714844
Epoch: 4359, Loss: 5.688765048980713
Epoch: 4360, Loss: 5.679786682128906
Test acc: 0.0414, IC acc: 0.0022, IC acc2: 0.0033, IW acc: 0.175
Epoch: 4361, Loss: 5.676255702972412
Epoch: 4362, Loss: 5.650071144104004
Epoch: 4363, Loss: 5.714911460876465
Epoch: 4364, Loss: 5.668723106384277
Epoch: 4365, Loss: 5.6701459884643555
Epoch: 4366, Loss: 5.668191909790039
Epoch: 4367, Loss: 5.720052242279053
Epoch: 4368, Loss: 5.64467716217041
Epoch: 4369, Loss: 5.705113410949707
Epoch: 4370, Loss: 5.65170431137085
Test acc: 0.0414, IC acc: 0.0022, IC acc2: 0.0033, IW acc: 0.1743
Epoch: 4371, Loss: 5.638501167297363
Epoch: 4372, Loss: 5.631850242614746
Epoch: 4373, Loss: 5.660198211669922
Epoch: 4374, Loss: 5.666131019592285
Epoch: 4375, Loss: 5.672646522521973
Epoch: 4376, Loss: 5.632837772369385
Epoch: 4377, Loss: 5.689726829528809
Epoch: 4378, Loss: 5.690655708312988
Epoch: 4379, Loss: 5.631760597229004
Epoch: 4380, Loss: 5.732377052307129
Test acc: 0.0419, IC acc: 0.0022, IC acc2: 0.0033, IW acc: 0.1764
Epoch: 4381, Loss: 5.658192157745361
Epoch: 4382, Loss: 5.719112873077393
Epoch: 4383, Loss: 5.714221000671387
Epoch: 4384, Loss: 5.7126336097717285
Epoch: 4385, Loss: 5.704310894012451
Epoch: 4386, Loss: 5.698147773742676
Epoch: 4387, Loss: 5.687441825866699
Epoch: 4388, Loss: 5.682099342346191
Epoch: 4389, Loss: 5.651706695556641
Epoch: 4390, Loss: 5.694423198699951
Test acc: 0.0425, IC acc: 0.0022, IC acc2: 0.0033, IW acc: 0.1771
Epoch: 4391, Loss: 5.652817249298096
Epoch: 4392, Loss: 5.656264781951904
Epoch: 4393, Loss: 5.6830315589904785
Epoch: 4394, Loss: 5.668111324310303
Epoch: 4395, Loss: 5.69067907333374
Epoch: 4396, Loss: 5.665163516998291
Epoch: 4397, Loss: 5.678487777709961
Epoch: 4398, Loss: 5.651498794555664
Epoch: 4399, Loss: 5.657726764678955
./circuit_plots/Unrestricted Disentangled|Readout|CN=0|B0=2|B1=2|K=1280|L=320|p_B=0.75|p_C=0.75|B=2|eps=0|95cf655c-5fe1-41ee-b5c6-acd2a4761507/ already exists.
./circuit_plots/Unrestricted Disentangled|Readout|CN=0|B0=2|B1=2|K=1280|L=320|p_B=0.75|p_C=0.75|B=2|eps=0|95cf655c-5fe1-41ee-b5c6-acd2a4761507/ already exists.
./circuit_plots/Unrestricted Disentangled|Readout|CN=0|B0=2|B1=2|K=1280|L=320|p_B=0.75|p_C=0.75|B=2|eps=0|95cf655c-5fe1-41ee-b5c6-acd2a4761507/ already exists.
./circuit_plots/Unrestricted Disentangled|Readout|CN=0|B0=2|B1=2|K=1280|L=320|p_B=0.75|p_C=0.75|B=2|eps=0|95cf655c-5fe1-41ee-b5c6-acd2a4761507/ already exists.
./circuit_plots/Unrestricted Disentangled|Readout|CN=0|B0=2|B1=2|K=1280|L=320|p_B=0.75|p_C=0.75|B=2|eps=0|95cf655c-5fe1-41ee-b5c6-acd2a4761507/ already exists.
./circuit_plots/Unrestricted Disentangled|Readout|CN=0|B0=2|B1=2|K=1280|L=320|p_B=0.75|p_C=0.75|B=2|eps=0|95cf655c-5fe1-41ee-b5c6-acd2a4761507/ already exists.
./circuit_plots/Unrestricted Disentangled|Readout|CN=0|B0=2|B1=2|K=1280|L=320|p_B=0.75|p_C=0.75|B=2|eps=0|95cf655c-5fe1-41ee-b5c6-acd2a4761507/ already exists.
Epoch: 4400, Loss: 5.661190986633301
Test acc: 0.0421, IC acc: 0.0022, IC acc2: 0.0033, IW acc: 0.1757
Epoch: 4401, Loss: 5.683032512664795
Epoch: 4402, Loss: 5.70018196105957
Epoch: 4403, Loss: 5.623325824737549
Epoch: 4404, Loss: 5.739232063293457
Epoch: 4405, Loss: 5.645133018493652
Epoch: 4406, Loss: 5.637828826904297
Epoch: 4407, Loss: 5.684548854827881
Epoch: 4408, Loss: 5.728643417358398
Epoch: 4409, Loss: 5.667784690856934
Epoch: 4410, Loss: 5.661396503448486
Test acc: 0.0424, IC acc: 0.0022, IC acc2: 0.0033, IW acc: 0.177
Epoch: 4411, Loss: 5.672555446624756
Epoch: 4412, Loss: 5.708585739135742
Epoch: 4413, Loss: 5.751701354980469
Epoch: 4414, Loss: 5.683586120605469
Epoch: 4415, Loss: 5.707239151000977
Epoch: 4416, Loss: 5.700380325317383
Epoch: 4417, Loss: 5.5853047370910645
Epoch: 4418, Loss: 5.713998317718506
Epoch: 4419, Loss: 5.620641708374023
Epoch: 4420, Loss: 5.682133674621582
Test acc: 0.043, IC acc: 0.0022, IC acc2: 0.0033, IW acc: 0.1803
Epoch: 4421, Loss: 5.706241607666016
Epoch: 4422, Loss: 5.67226505279541
Epoch: 4423, Loss: 5.646607398986816
Epoch: 4424, Loss: 5.723376274108887
Epoch: 4425, Loss: 5.612359046936035
Epoch: 4426, Loss: 5.6562957763671875
Epoch: 4427, Loss: 5.675201416015625
Epoch: 4428, Loss: 5.679967880249023
Epoch: 4429, Loss: 5.63538122177124
Epoch: 4430, Loss: 5.6426310539245605
Test acc: 0.0426, IC acc: 0.0022, IC acc2: 0.0033, IW acc: 0.1786
Epoch: 4431, Loss: 5.697360992431641
Epoch: 4432, Loss: 5.707798957824707
Epoch: 4433, Loss: 5.692838191986084
Epoch: 4434, Loss: 5.645917892456055
Epoch: 4435, Loss: 5.658450603485107
Epoch: 4436, Loss: 5.61318302154541
Epoch: 4437, Loss: 5.678763389587402
Epoch: 4438, Loss: 5.664377212524414
Epoch: 4439, Loss: 5.67180061340332
Epoch: 4440, Loss: 5.6596903800964355
Test acc: 0.0434, IC acc: 0.0022, IC acc2: 0.0033, IW acc: 0.1833
Epoch: 4441, Loss: 5.708869934082031
Epoch: 4442, Loss: 5.609325408935547
Epoch: 4443, Loss: 5.657434463500977
Epoch: 4444, Loss: 5.63147497177124
Epoch: 4445, Loss: 5.6507182121276855
Epoch: 4446, Loss: 5.684731483459473
Epoch: 4447, Loss: 5.657971382141113
Epoch: 4448, Loss: 5.667567729949951
Epoch: 4449, Loss: 5.649862766265869
./circuit_plots/Unrestricted Disentangled|Readout|CN=0|B0=2|B1=2|K=1280|L=320|p_B=0.75|p_C=0.75|B=2|eps=0|95cf655c-5fe1-41ee-b5c6-acd2a4761507/ already exists.
./circuit_plots/Unrestricted Disentangled|Readout|CN=0|B0=2|B1=2|K=1280|L=320|p_B=0.75|p_C=0.75|B=2|eps=0|95cf655c-5fe1-41ee-b5c6-acd2a4761507/ already exists.
./circuit_plots/Unrestricted Disentangled|Readout|CN=0|B0=2|B1=2|K=1280|L=320|p_B=0.75|p_C=0.75|B=2|eps=0|95cf655c-5fe1-41ee-b5c6-acd2a4761507/ already exists.
./circuit_plots/Unrestricted Disentangled|Readout|CN=0|B0=2|B1=2|K=1280|L=320|p_B=0.75|p_C=0.75|B=2|eps=0|95cf655c-5fe1-41ee-b5c6-acd2a4761507/ already exists.
./circuit_plots/Unrestricted Disentangled|Readout|CN=0|B0=2|B1=2|K=1280|L=320|p_B=0.75|p_C=0.75|B=2|eps=0|95cf655c-5fe1-41ee-b5c6-acd2a4761507/ already exists.
./circuit_plots/Unrestricted Disentangled|Readout|CN=0|B0=2|B1=2|K=1280|L=320|p_B=0.75|p_C=0.75|B=2|eps=0|95cf655c-5fe1-41ee-b5c6-acd2a4761507/ already exists.
./circuit_plots/Unrestricted Disentangled|Readout|CN=0|B0=2|B1=2|K=1280|L=320|p_B=0.75|p_C=0.75|B=2|eps=0|95cf655c-5fe1-41ee-b5c6-acd2a4761507/ already exists.
Epoch: 4450, Loss: 5.696401119232178
Test acc: 0.0439, IC acc: 0.0022, IC acc2: 0.0033, IW acc: 0.1839
Epoch: 4451, Loss: 5.6388373374938965
Epoch: 4452, Loss: 5.6190104484558105
Epoch: 4453, Loss: 5.682455539703369
Epoch: 4454, Loss: 5.6998748779296875
Epoch: 4455, Loss: 5.7194085121154785
Epoch: 4456, Loss: 5.730422019958496
Epoch: 4457, Loss: 5.663664817810059
Epoch: 4458, Loss: 5.652078151702881
Epoch: 4459, Loss: 5.672345161437988
Epoch: 4460, Loss: 5.680685043334961
Test acc: 0.0437, IC acc: 0.0022, IC acc2: 0.0033, IW acc: 0.1839
Epoch: 4461, Loss: 5.691707134246826
Epoch: 4462, Loss: 5.663088798522949
Epoch: 4463, Loss: 5.688146591186523
Epoch: 4464, Loss: 5.658080577850342
Epoch: 4465, Loss: 5.706876754760742
Epoch: 4466, Loss: 5.689853668212891
Epoch: 4467, Loss: 5.648128032684326
Epoch: 4468, Loss: 5.697311878204346
Epoch: 4469, Loss: 5.705378532409668
Epoch: 4470, Loss: 5.732898712158203
Test acc: 0.044, IC acc: 0.0022, IC acc2: 0.0033, IW acc: 0.1863
Epoch: 4471, Loss: 5.608128070831299
Epoch: 4472, Loss: 5.7518463134765625
Epoch: 4473, Loss: 5.670452117919922
Epoch: 4474, Loss: 5.627773284912109
Epoch: 4475, Loss: 5.617854118347168
Epoch: 4476, Loss: 5.659643650054932
Epoch: 4477, Loss: 5.687425136566162
Epoch: 4478, Loss: 5.685667514801025
Epoch: 4479, Loss: 5.714303970336914
Epoch: 4480, Loss: 5.6696295738220215
Test acc: 0.0439, IC acc: 0.0022, IC acc2: 0.0033, IW acc: 0.1867
Epoch: 4481, Loss: 5.6604533195495605
Epoch: 4482, Loss: 5.693850517272949
Epoch: 4483, Loss: 5.686887741088867
Epoch: 4484, Loss: 5.648247241973877
Epoch: 4485, Loss: 5.671298980712891
Epoch: 4486, Loss: 5.654858112335205
Epoch: 4487, Loss: 5.688643455505371
Epoch: 4488, Loss: 5.685893535614014
Epoch: 4489, Loss: 5.669103622436523
Epoch: 4490, Loss: 5.71381139755249
Test acc: 0.0441, IC acc: 0.0022, IC acc2: 0.0033, IW acc: 0.1864
Epoch: 4491, Loss: 5.729392051696777
Epoch: 4492, Loss: 5.64653205871582
Epoch: 4493, Loss: 5.671948432922363
Epoch: 4494, Loss: 5.703418731689453
Epoch: 4495, Loss: 5.679267406463623
Epoch: 4496, Loss: 5.673394203186035
Epoch: 4497, Loss: 5.633659362792969
Epoch: 4498, Loss: 5.706486701965332
Epoch: 4499, Loss: 5.682621955871582
./circuit_plots/Unrestricted Disentangled|Readout|CN=0|B0=2|B1=2|K=1280|L=320|p_B=0.75|p_C=0.75|B=2|eps=0|95cf655c-5fe1-41ee-b5c6-acd2a4761507/ already exists.
./circuit_plots/Unrestricted Disentangled|Readout|CN=0|B0=2|B1=2|K=1280|L=320|p_B=0.75|p_C=0.75|B=2|eps=0|95cf655c-5fe1-41ee-b5c6-acd2a4761507/ already exists.
./circuit_plots/Unrestricted Disentangled|Readout|CN=0|B0=2|B1=2|K=1280|L=320|p_B=0.75|p_C=0.75|B=2|eps=0|95cf655c-5fe1-41ee-b5c6-acd2a4761507/ already exists.
./circuit_plots/Unrestricted Disentangled|Readout|CN=0|B0=2|B1=2|K=1280|L=320|p_B=0.75|p_C=0.75|B=2|eps=0|95cf655c-5fe1-41ee-b5c6-acd2a4761507/ already exists.
./circuit_plots/Unrestricted Disentangled|Readout|CN=0|B0=2|B1=2|K=1280|L=320|p_B=0.75|p_C=0.75|B=2|eps=0|95cf655c-5fe1-41ee-b5c6-acd2a4761507/ already exists.
./circuit_plots/Unrestricted Disentangled|Readout|CN=0|B0=2|B1=2|K=1280|L=320|p_B=0.75|p_C=0.75|B=2|eps=0|95cf655c-5fe1-41ee-b5c6-acd2a4761507/ already exists.
./circuit_plots/Unrestricted Disentangled|Readout|CN=0|B0=2|B1=2|K=1280|L=320|p_B=0.75|p_C=0.75|B=2|eps=0|95cf655c-5fe1-41ee-b5c6-acd2a4761507/ already exists.
Epoch: 4500, Loss: 5.697573661804199
Test acc: 0.0447, IC acc: 0.0016, IC acc2: 0.0033, IW acc: 0.1889
Epoch: 4501, Loss: 5.66330623626709
Epoch: 4502, Loss: 5.680158615112305
Epoch: 4503, Loss: 5.669086456298828
Epoch: 4504, Loss: 5.695137023925781
Epoch: 4505, Loss: 5.670267105102539
Epoch: 4506, Loss: 5.654657363891602
Epoch: 4507, Loss: 5.611520767211914
Epoch: 4508, Loss: 5.714463233947754
Epoch: 4509, Loss: 5.6931376457214355
Epoch: 4510, Loss: 5.705434799194336
Test acc: 0.0452, IC acc: 0.0016, IC acc2: 0.0033, IW acc: 0.1912
Epoch: 4511, Loss: 5.707704544067383
Epoch: 4512, Loss: 5.6261396408081055
Epoch: 4513, Loss: 5.656295299530029
Epoch: 4514, Loss: 5.722202301025391
Epoch: 4515, Loss: 5.666497707366943
Epoch: 4516, Loss: 5.654585838317871
Epoch: 4517, Loss: 5.674727916717529
Epoch: 4518, Loss: 5.681623458862305
Epoch: 4519, Loss: 5.615272045135498
Epoch: 4520, Loss: 5.616989612579346
Test acc: 0.045, IC acc: 0.0016, IC acc2: 0.0033, IW acc: 0.191
Epoch: 4521, Loss: 5.6585187911987305
Epoch: 4522, Loss: 5.693596363067627
Epoch: 4523, Loss: 5.665900230407715
Epoch: 4524, Loss: 5.628811836242676
Epoch: 4525, Loss: 5.6909027099609375
Epoch: 4526, Loss: 5.669136047363281
Epoch: 4527, Loss: 5.6817779541015625
Epoch: 4528, Loss: 5.734230041503906
Epoch: 4529, Loss: 5.6810760498046875
Epoch: 4530, Loss: 5.669131278991699
Test acc: 0.0457, IC acc: 0.0016, IC acc2: 0.0033, IW acc: 0.1937
Epoch: 4531, Loss: 5.70130729675293
Epoch: 4532, Loss: 5.6876702308654785
Epoch: 4533, Loss: 5.64390754699707
Epoch: 4534, Loss: 5.67012882232666
Epoch: 4535, Loss: 5.689498424530029
Epoch: 4536, Loss: 5.659457683563232
Epoch: 4537, Loss: 5.646842002868652
Epoch: 4538, Loss: 5.679832458496094
Epoch: 4539, Loss: 5.672435760498047
Epoch: 4540, Loss: 5.727550983428955
Test acc: 0.0457, IC acc: 0.0016, IC acc2: 0.0033, IW acc: 0.1928
Epoch: 4541, Loss: 5.613885879516602
Epoch: 4542, Loss: 5.644242286682129
Epoch: 4543, Loss: 5.672453880310059
Epoch: 4544, Loss: 5.663784027099609
Epoch: 4545, Loss: 5.633236408233643
Epoch: 4546, Loss: 5.714179992675781
Epoch: 4547, Loss: 5.646056175231934
Epoch: 4548, Loss: 5.644392013549805
Epoch: 4549, Loss: 5.706138610839844
./circuit_plots/Unrestricted Disentangled|Readout|CN=0|B0=2|B1=2|K=1280|L=320|p_B=0.75|p_C=0.75|B=2|eps=0|95cf655c-5fe1-41ee-b5c6-acd2a4761507/ already exists.
./circuit_plots/Unrestricted Disentangled|Readout|CN=0|B0=2|B1=2|K=1280|L=320|p_B=0.75|p_C=0.75|B=2|eps=0|95cf655c-5fe1-41ee-b5c6-acd2a4761507/ already exists.
./circuit_plots/Unrestricted Disentangled|Readout|CN=0|B0=2|B1=2|K=1280|L=320|p_B=0.75|p_C=0.75|B=2|eps=0|95cf655c-5fe1-41ee-b5c6-acd2a4761507/ already exists.
./circuit_plots/Unrestricted Disentangled|Readout|CN=0|B0=2|B1=2|K=1280|L=320|p_B=0.75|p_C=0.75|B=2|eps=0|95cf655c-5fe1-41ee-b5c6-acd2a4761507/ already exists.
./circuit_plots/Unrestricted Disentangled|Readout|CN=0|B0=2|B1=2|K=1280|L=320|p_B=0.75|p_C=0.75|B=2|eps=0|95cf655c-5fe1-41ee-b5c6-acd2a4761507/ already exists.
./circuit_plots/Unrestricted Disentangled|Readout|CN=0|B0=2|B1=2|K=1280|L=320|p_B=0.75|p_C=0.75|B=2|eps=0|95cf655c-5fe1-41ee-b5c6-acd2a4761507/ already exists.
./circuit_plots/Unrestricted Disentangled|Readout|CN=0|B0=2|B1=2|K=1280|L=320|p_B=0.75|p_C=0.75|B=2|eps=0|95cf655c-5fe1-41ee-b5c6-acd2a4761507/ already exists.
Epoch: 4550, Loss: 5.622615814208984
Test acc: 0.0462, IC acc: 0.0016, IC acc2: 0.0033, IW acc: 0.1947
Epoch: 4551, Loss: 5.588318347930908
Epoch: 4552, Loss: 5.766367435455322
Epoch: 4553, Loss: 5.73391580581665
Epoch: 4554, Loss: 5.696929454803467
Epoch: 4555, Loss: 5.711380958557129
Epoch: 4556, Loss: 5.693944931030273
Epoch: 4557, Loss: 5.670309543609619
Epoch: 4558, Loss: 5.695090293884277
Epoch: 4559, Loss: 5.64520263671875
Epoch: 4560, Loss: 5.6227006912231445
Test acc: 0.0463, IC acc: 0.0016, IC acc2: 0.0033, IW acc: 0.1961
Epoch: 4561, Loss: 5.695194244384766
Epoch: 4562, Loss: 5.641423225402832
Epoch: 4563, Loss: 5.675359725952148
Epoch: 4564, Loss: 5.669048309326172
Epoch: 4565, Loss: 5.687307357788086
Epoch: 4566, Loss: 5.718405723571777
Epoch: 4567, Loss: 5.691976070404053
Epoch: 4568, Loss: 5.692512512207031
Epoch: 4569, Loss: 5.678893089294434
Epoch: 4570, Loss: 5.694921493530273
Test acc: 0.046, IC acc: 0.0016, IC acc2: 0.0033, IW acc: 0.1944
Epoch: 4571, Loss: 5.655848503112793
Epoch: 4572, Loss: 5.668674945831299
Epoch: 4573, Loss: 5.669742584228516
Epoch: 4574, Loss: 5.705742359161377
Epoch: 4575, Loss: 5.652015209197998
Epoch: 4576, Loss: 5.677851676940918
Epoch: 4577, Loss: 5.693944931030273
Epoch: 4578, Loss: 5.65065860748291
Epoch: 4579, Loss: 5.71194314956665
Epoch: 4580, Loss: 5.647088527679443
Test acc: 0.0477, IC acc: 0.0016, IC acc2: 0.0033, IW acc: 0.1957
Epoch: 4581, Loss: 5.66269063949585
Epoch: 4582, Loss: 5.647327899932861
Epoch: 4583, Loss: 5.664849281311035
Epoch: 4584, Loss: 5.61225700378418
Epoch: 4585, Loss: 5.726174354553223
Epoch: 4586, Loss: 5.686526298522949
Epoch: 4587, Loss: 5.693140506744385
Epoch: 4588, Loss: 5.714535713195801
Epoch: 4589, Loss: 5.723413467407227
Epoch: 4590, Loss: 5.647491931915283
Test acc: 0.0471, IC acc: 0.0016, IC acc2: 0.0033, IW acc: 0.1969
Epoch: 4591, Loss: 5.625567436218262
Epoch: 4592, Loss: 5.675052642822266
Epoch: 4593, Loss: 5.714178562164307
Epoch: 4594, Loss: 5.689655303955078
Epoch: 4595, Loss: 5.68559455871582
Epoch: 4596, Loss: 5.742911338806152
Epoch: 4597, Loss: 5.670745849609375
Epoch: 4598, Loss: 5.688249588012695
Epoch: 4599, Loss: 5.718174934387207
./circuit_plots/Unrestricted Disentangled|Readout|CN=0|B0=2|B1=2|K=1280|L=320|p_B=0.75|p_C=0.75|B=2|eps=0|95cf655c-5fe1-41ee-b5c6-acd2a4761507/ already exists.
./circuit_plots/Unrestricted Disentangled|Readout|CN=0|B0=2|B1=2|K=1280|L=320|p_B=0.75|p_C=0.75|B=2|eps=0|95cf655c-5fe1-41ee-b5c6-acd2a4761507/ already exists.
./circuit_plots/Unrestricted Disentangled|Readout|CN=0|B0=2|B1=2|K=1280|L=320|p_B=0.75|p_C=0.75|B=2|eps=0|95cf655c-5fe1-41ee-b5c6-acd2a4761507/ already exists.
./circuit_plots/Unrestricted Disentangled|Readout|CN=0|B0=2|B1=2|K=1280|L=320|p_B=0.75|p_C=0.75|B=2|eps=0|95cf655c-5fe1-41ee-b5c6-acd2a4761507/ already exists.
./circuit_plots/Unrestricted Disentangled|Readout|CN=0|B0=2|B1=2|K=1280|L=320|p_B=0.75|p_C=0.75|B=2|eps=0|95cf655c-5fe1-41ee-b5c6-acd2a4761507/ already exists.
./circuit_plots/Unrestricted Disentangled|Readout|CN=0|B0=2|B1=2|K=1280|L=320|p_B=0.75|p_C=0.75|B=2|eps=0|95cf655c-5fe1-41ee-b5c6-acd2a4761507/ already exists.
./circuit_plots/Unrestricted Disentangled|Readout|CN=0|B0=2|B1=2|K=1280|L=320|p_B=0.75|p_C=0.75|B=2|eps=0|95cf655c-5fe1-41ee-b5c6-acd2a4761507/ already exists.
Epoch: 4600, Loss: 5.6362409591674805
Test acc: 0.0477, IC acc: 0.0016, IC acc2: 0.0033, IW acc: 0.1955
Epoch: 4601, Loss: 5.695568084716797
Epoch: 4602, Loss: 5.643580436706543
Epoch: 4603, Loss: 5.705939292907715
Epoch: 4604, Loss: 5.6746506690979
Epoch: 4605, Loss: 5.656963348388672
Epoch: 4606, Loss: 5.674701690673828
Epoch: 4607, Loss: 5.713286876678467
Epoch: 4608, Loss: 5.672541618347168
Epoch: 4609, Loss: 5.685843467712402
Epoch: 4610, Loss: 5.644116401672363
Test acc: 0.0483, IC acc: 0.0016, IC acc2: 0.0033, IW acc: 0.1971
Epoch: 4611, Loss: 5.637583255767822
Epoch: 4612, Loss: 5.68472957611084
Epoch: 4613, Loss: 5.707670211791992
Epoch: 4614, Loss: 5.648118019104004
Epoch: 4615, Loss: 5.702536106109619
Epoch: 4616, Loss: 5.684096336364746
Epoch: 4617, Loss: 5.695385932922363
Epoch: 4618, Loss: 5.664547443389893
Epoch: 4619, Loss: 5.657168388366699
Epoch: 4620, Loss: 5.669013023376465
Test acc: 0.0487, IC acc: 0.0016, IC acc2: 0.0033, IW acc: 0.1991
Epoch: 4621, Loss: 5.695281982421875
Epoch: 4622, Loss: 5.687933444976807
Epoch: 4623, Loss: 5.699671268463135
Epoch: 4624, Loss: 5.690735816955566
Epoch: 4625, Loss: 5.670700550079346
Epoch: 4626, Loss: 5.735054016113281
Epoch: 4627, Loss: 5.683768272399902
Epoch: 4628, Loss: 5.689702987670898
Epoch: 4629, Loss: 5.663970947265625
Epoch: 4630, Loss: 5.73453950881958
Test acc: 0.0487, IC acc: 0.0016, IC acc2: 0.0033, IW acc: 0.1995
Epoch: 4631, Loss: 5.631918907165527
Epoch: 4632, Loss: 5.703002452850342
Epoch: 4633, Loss: 5.7406206130981445
Epoch: 4634, Loss: 5.735888957977295
Epoch: 4635, Loss: 5.669210433959961
Epoch: 4636, Loss: 5.689021110534668
Epoch: 4637, Loss: 5.725780487060547
Epoch: 4638, Loss: 5.642641067504883
Epoch: 4639, Loss: 5.709212303161621
Epoch: 4640, Loss: 5.647259712219238
Test acc: 0.0488, IC acc: 0.0016, IC acc2: 0.0033, IW acc: 0.2
Epoch: 4641, Loss: 5.6455888748168945
Epoch: 4642, Loss: 5.6661176681518555
Epoch: 4643, Loss: 5.6276960372924805
Epoch: 4644, Loss: 5.676074504852295
Epoch: 4645, Loss: 5.730896949768066
Epoch: 4646, Loss: 5.679853916168213
Epoch: 4647, Loss: 5.714266300201416
Epoch: 4648, Loss: 5.652116775512695
Epoch: 4649, Loss: 5.5955095291137695
./circuit_plots/Unrestricted Disentangled|Readout|CN=0|B0=2|B1=2|K=1280|L=320|p_B=0.75|p_C=0.75|B=2|eps=0|95cf655c-5fe1-41ee-b5c6-acd2a4761507/ already exists.
./circuit_plots/Unrestricted Disentangled|Readout|CN=0|B0=2|B1=2|K=1280|L=320|p_B=0.75|p_C=0.75|B=2|eps=0|95cf655c-5fe1-41ee-b5c6-acd2a4761507/ already exists.
./circuit_plots/Unrestricted Disentangled|Readout|CN=0|B0=2|B1=2|K=1280|L=320|p_B=0.75|p_C=0.75|B=2|eps=0|95cf655c-5fe1-41ee-b5c6-acd2a4761507/ already exists.
./circuit_plots/Unrestricted Disentangled|Readout|CN=0|B0=2|B1=2|K=1280|L=320|p_B=0.75|p_C=0.75|B=2|eps=0|95cf655c-5fe1-41ee-b5c6-acd2a4761507/ already exists.
./circuit_plots/Unrestricted Disentangled|Readout|CN=0|B0=2|B1=2|K=1280|L=320|p_B=0.75|p_C=0.75|B=2|eps=0|95cf655c-5fe1-41ee-b5c6-acd2a4761507/ already exists.
./circuit_plots/Unrestricted Disentangled|Readout|CN=0|B0=2|B1=2|K=1280|L=320|p_B=0.75|p_C=0.75|B=2|eps=0|95cf655c-5fe1-41ee-b5c6-acd2a4761507/ already exists.
./circuit_plots/Unrestricted Disentangled|Readout|CN=0|B0=2|B1=2|K=1280|L=320|p_B=0.75|p_C=0.75|B=2|eps=0|95cf655c-5fe1-41ee-b5c6-acd2a4761507/ already exists.
Epoch: 4650, Loss: 5.659799575805664
Test acc: 0.0487, IC acc: 0.0016, IC acc2: 0.0033, IW acc: 0.1996
Epoch: 4651, Loss: 5.657711029052734
Epoch: 4652, Loss: 5.693567276000977
Epoch: 4653, Loss: 5.664618492126465
Epoch: 4654, Loss: 5.690655708312988
Epoch: 4655, Loss: 5.666059494018555
Epoch: 4656, Loss: 5.6678972244262695
Epoch: 4657, Loss: 5.671920299530029
Epoch: 4658, Loss: 5.686089515686035
Epoch: 4659, Loss: 5.697948455810547
Epoch: 4660, Loss: 5.650546073913574
Test acc: 0.0493, IC acc: 0.0016, IC acc2: 0.0033, IW acc: 0.2011
Epoch: 4661, Loss: 5.665434837341309
Epoch: 4662, Loss: 5.666430473327637
Epoch: 4663, Loss: 5.713408946990967
Epoch: 4664, Loss: 5.619582653045654
Epoch: 4665, Loss: 5.645842552185059
Epoch: 4666, Loss: 5.703810214996338
Epoch: 4667, Loss: 5.6837873458862305
Epoch: 4668, Loss: 5.721852779388428
Epoch: 4669, Loss: 5.641042232513428
Epoch: 4670, Loss: 5.634939193725586
Test acc: 0.0494, IC acc: 0.0016, IC acc2: 0.0033, IW acc: 0.2012
Epoch: 4671, Loss: 5.68419075012207
Epoch: 4672, Loss: 5.680138111114502
Epoch: 4673, Loss: 5.677465915679932
Epoch: 4674, Loss: 5.65968132019043
Epoch: 4675, Loss: 5.72419548034668
Epoch: 4676, Loss: 5.611751079559326
Epoch: 4677, Loss: 5.663202285766602
Epoch: 4678, Loss: 5.742652893066406
Epoch: 4679, Loss: 5.680930137634277
Epoch: 4680, Loss: 5.711445331573486
Test acc: 0.0504, IC acc: 0.0016, IC acc2: 0.0033, IW acc: 0.2045
Epoch: 4681, Loss: 5.687077522277832
Epoch: 4682, Loss: 5.677309989929199
Epoch: 4683, Loss: 5.724231719970703
Epoch: 4684, Loss: 5.6584930419921875
Epoch: 4685, Loss: 5.6899333000183105
Epoch: 4686, Loss: 5.667079925537109
Epoch: 4687, Loss: 5.631494522094727
Epoch: 4688, Loss: 5.678869247436523
Epoch: 4689, Loss: 5.683369159698486
Epoch: 4690, Loss: 5.6628851890563965
Test acc: 0.0506, IC acc: 0.0016, IC acc2: 0.0033, IW acc: 0.206
Epoch: 4691, Loss: 5.652345180511475
Epoch: 4692, Loss: 5.680254936218262
Epoch: 4693, Loss: 5.71076774597168
Epoch: 4694, Loss: 5.678369522094727
Epoch: 4695, Loss: 5.6620659828186035
Epoch: 4696, Loss: 5.656964302062988
Epoch: 4697, Loss: 5.738559246063232
Epoch: 4698, Loss: 5.69130802154541
Epoch: 4699, Loss: 5.668097496032715
./circuit_plots/Unrestricted Disentangled|Readout|CN=0|B0=2|B1=2|K=1280|L=320|p_B=0.75|p_C=0.75|B=2|eps=0|95cf655c-5fe1-41ee-b5c6-acd2a4761507/ already exists.
./circuit_plots/Unrestricted Disentangled|Readout|CN=0|B0=2|B1=2|K=1280|L=320|p_B=0.75|p_C=0.75|B=2|eps=0|95cf655c-5fe1-41ee-b5c6-acd2a4761507/ already exists.
./circuit_plots/Unrestricted Disentangled|Readout|CN=0|B0=2|B1=2|K=1280|L=320|p_B=0.75|p_C=0.75|B=2|eps=0|95cf655c-5fe1-41ee-b5c6-acd2a4761507/ already exists.
./circuit_plots/Unrestricted Disentangled|Readout|CN=0|B0=2|B1=2|K=1280|L=320|p_B=0.75|p_C=0.75|B=2|eps=0|95cf655c-5fe1-41ee-b5c6-acd2a4761507/ already exists.
./circuit_plots/Unrestricted Disentangled|Readout|CN=0|B0=2|B1=2|K=1280|L=320|p_B=0.75|p_C=0.75|B=2|eps=0|95cf655c-5fe1-41ee-b5c6-acd2a4761507/ already exists.
./circuit_plots/Unrestricted Disentangled|Readout|CN=0|B0=2|B1=2|K=1280|L=320|p_B=0.75|p_C=0.75|B=2|eps=0|95cf655c-5fe1-41ee-b5c6-acd2a4761507/ already exists.
./circuit_plots/Unrestricted Disentangled|Readout|CN=0|B0=2|B1=2|K=1280|L=320|p_B=0.75|p_C=0.75|B=2|eps=0|95cf655c-5fe1-41ee-b5c6-acd2a4761507/ already exists.
Epoch: 4700, Loss: 5.6499528884887695
Test acc: 0.0506, IC acc: 0.0016, IC acc2: 0.0033, IW acc: 0.206
Epoch: 4701, Loss: 5.660712242126465
Epoch: 4702, Loss: 5.612355709075928
Epoch: 4703, Loss: 5.697912693023682
Epoch: 4704, Loss: 5.705743789672852
Epoch: 4705, Loss: 5.665842056274414
Epoch: 4706, Loss: 5.622499465942383
Epoch: 4707, Loss: 5.679129600524902
Epoch: 4708, Loss: 5.660916328430176
Epoch: 4709, Loss: 5.653105735778809
Epoch: 4710, Loss: 5.662775039672852
Test acc: 0.0506, IC acc: 0.0016, IC acc2: 0.0033, IW acc: 0.206
Epoch: 4711, Loss: 5.744925498962402
Epoch: 4712, Loss: 5.695608139038086
Epoch: 4713, Loss: 5.6970744132995605
Epoch: 4714, Loss: 5.629426002502441
Epoch: 4715, Loss: 5.6420512199401855
Epoch: 4716, Loss: 5.713616847991943
Epoch: 4717, Loss: 5.6995954513549805
Epoch: 4718, Loss: 5.663418292999268
Epoch: 4719, Loss: 5.701269626617432
Epoch: 4720, Loss: 5.7202558517456055
Test acc: 0.0508, IC acc: 0.0016, IC acc2: 0.0033, IW acc: 0.2075
Epoch: 4721, Loss: 5.717440605163574
Epoch: 4722, Loss: 5.675544261932373
Epoch: 4723, Loss: 5.703529357910156
Epoch: 4724, Loss: 5.67270565032959
Epoch: 4725, Loss: 5.713893890380859
Epoch: 4726, Loss: 5.615795612335205
Epoch: 4727, Loss: 5.6459455490112305
Epoch: 4728, Loss: 5.703332901000977
Epoch: 4729, Loss: 5.674956321716309
Epoch: 4730, Loss: 5.650079250335693
Test acc: 0.0505, IC acc: 0.0016, IC acc2: 0.0033, IW acc: 0.2064
Epoch: 4731, Loss: 5.661751747131348
Epoch: 4732, Loss: 5.6620635986328125
Epoch: 4733, Loss: 5.702444076538086
Epoch: 4734, Loss: 5.649504661560059
Epoch: 4735, Loss: 5.669817924499512
Epoch: 4736, Loss: 5.638723373413086
Epoch: 4737, Loss: 5.635274410247803
Epoch: 4738, Loss: 5.656245231628418
Epoch: 4739, Loss: 5.727231025695801
Epoch: 4740, Loss: 5.673061847686768
Test acc: 0.051, IC acc: 0.0016, IC acc2: 0.0033, IW acc: 0.2077
Epoch: 4741, Loss: 5.6788129806518555
Epoch: 4742, Loss: 5.692610740661621
Epoch: 4743, Loss: 5.681537628173828
Epoch: 4744, Loss: 5.620927333831787
Epoch: 4745, Loss: 5.689053535461426
Epoch: 4746, Loss: 5.638528823852539
Epoch: 4747, Loss: 5.6886982917785645
Epoch: 4748, Loss: 5.648318767547607
Epoch: 4749, Loss: 5.665387153625488
./circuit_plots/Unrestricted Disentangled|Readout|CN=0|B0=2|B1=2|K=1280|L=320|p_B=0.75|p_C=0.75|B=2|eps=0|95cf655c-5fe1-41ee-b5c6-acd2a4761507/ already exists.
./circuit_plots/Unrestricted Disentangled|Readout|CN=0|B0=2|B1=2|K=1280|L=320|p_B=0.75|p_C=0.75|B=2|eps=0|95cf655c-5fe1-41ee-b5c6-acd2a4761507/ already exists.
./circuit_plots/Unrestricted Disentangled|Readout|CN=0|B0=2|B1=2|K=1280|L=320|p_B=0.75|p_C=0.75|B=2|eps=0|95cf655c-5fe1-41ee-b5c6-acd2a4761507/ already exists.
./circuit_plots/Unrestricted Disentangled|Readout|CN=0|B0=2|B1=2|K=1280|L=320|p_B=0.75|p_C=0.75|B=2|eps=0|95cf655c-5fe1-41ee-b5c6-acd2a4761507/ already exists.
./circuit_plots/Unrestricted Disentangled|Readout|CN=0|B0=2|B1=2|K=1280|L=320|p_B=0.75|p_C=0.75|B=2|eps=0|95cf655c-5fe1-41ee-b5c6-acd2a4761507/ already exists.
./circuit_plots/Unrestricted Disentangled|Readout|CN=0|B0=2|B1=2|K=1280|L=320|p_B=0.75|p_C=0.75|B=2|eps=0|95cf655c-5fe1-41ee-b5c6-acd2a4761507/ already exists.
./circuit_plots/Unrestricted Disentangled|Readout|CN=0|B0=2|B1=2|K=1280|L=320|p_B=0.75|p_C=0.75|B=2|eps=0|95cf655c-5fe1-41ee-b5c6-acd2a4761507/ already exists.
Epoch: 4750, Loss: 5.655830383300781
Test acc: 0.0525, IC acc: 0.0016, IC acc2: 0.0033, IW acc: 0.2137
Epoch: 4751, Loss: 5.664912223815918
Epoch: 4752, Loss: 5.673542022705078
Epoch: 4753, Loss: 5.683227062225342
Epoch: 4754, Loss: 5.6240315437316895
Epoch: 4755, Loss: 5.713635444641113
Epoch: 4756, Loss: 5.607156753540039
Epoch: 4757, Loss: 5.673234939575195
Epoch: 4758, Loss: 5.637606143951416
Epoch: 4759, Loss: 5.654694557189941
Epoch: 4760, Loss: 5.697265625
Test acc: 0.0518, IC acc: 0.0016, IC acc2: 0.0033, IW acc: 0.2128
Epoch: 4761, Loss: 5.649720191955566
Epoch: 4762, Loss: 5.682537078857422
Epoch: 4763, Loss: 5.681166648864746
Epoch: 4764, Loss: 5.728562831878662
Epoch: 4765, Loss: 5.696335792541504
Epoch: 4766, Loss: 5.6851677894592285
Epoch: 4767, Loss: 5.654523849487305
Epoch: 4768, Loss: 5.668825149536133
Epoch: 4769, Loss: 5.716883659362793
Epoch: 4770, Loss: 5.704324722290039
Test acc: 0.0513, IC acc: 0.0016, IC acc2: 0.0033, IW acc: 0.2121
Epoch: 4771, Loss: 5.684713840484619
Epoch: 4772, Loss: 5.609136581420898
Epoch: 4773, Loss: 5.659282684326172
Epoch: 4774, Loss: 5.674703598022461
Epoch: 4775, Loss: 5.61501932144165
Epoch: 4776, Loss: 5.675837516784668
Epoch: 4777, Loss: 5.710701942443848
Epoch: 4778, Loss: 5.7048845291137695
Epoch: 4779, Loss: 5.676339149475098
Epoch: 4780, Loss: 5.670820236206055
Test acc: 0.0521, IC acc: 0.0016, IC acc2: 0.0033, IW acc: 0.2152
Epoch: 4781, Loss: 5.641246318817139
Epoch: 4782, Loss: 5.653569221496582
Epoch: 4783, Loss: 5.670705318450928
Epoch: 4784, Loss: 5.688816070556641
Epoch: 4785, Loss: 5.677643775939941
Epoch: 4786, Loss: 5.696618556976318
Epoch: 4787, Loss: 5.658145427703857
Epoch: 4788, Loss: 5.675107955932617
Epoch: 4789, Loss: 5.6779327392578125
Epoch: 4790, Loss: 5.708422660827637
Test acc: 0.053, IC acc: 0.0016, IC acc2: 0.0033, IW acc: 0.2181
Epoch: 4791, Loss: 5.655519485473633
Epoch: 4792, Loss: 5.628803730010986
Epoch: 4793, Loss: 5.658241271972656
Epoch: 4794, Loss: 5.682807445526123
Epoch: 4795, Loss: 5.730485439300537
Epoch: 4796, Loss: 5.630152702331543
Epoch: 4797, Loss: 5.686017036437988
Epoch: 4798, Loss: 5.6323018074035645
Epoch: 4799, Loss: 5.6691179275512695
./circuit_plots/Unrestricted Disentangled|Readout|CN=0|B0=2|B1=2|K=1280|L=320|p_B=0.75|p_C=0.75|B=2|eps=0|95cf655c-5fe1-41ee-b5c6-acd2a4761507/ already exists.
./circuit_plots/Unrestricted Disentangled|Readout|CN=0|B0=2|B1=2|K=1280|L=320|p_B=0.75|p_C=0.75|B=2|eps=0|95cf655c-5fe1-41ee-b5c6-acd2a4761507/ already exists.
./circuit_plots/Unrestricted Disentangled|Readout|CN=0|B0=2|B1=2|K=1280|L=320|p_B=0.75|p_C=0.75|B=2|eps=0|95cf655c-5fe1-41ee-b5c6-acd2a4761507/ already exists.
./circuit_plots/Unrestricted Disentangled|Readout|CN=0|B0=2|B1=2|K=1280|L=320|p_B=0.75|p_C=0.75|B=2|eps=0|95cf655c-5fe1-41ee-b5c6-acd2a4761507/ already exists.
./circuit_plots/Unrestricted Disentangled|Readout|CN=0|B0=2|B1=2|K=1280|L=320|p_B=0.75|p_C=0.75|B=2|eps=0|95cf655c-5fe1-41ee-b5c6-acd2a4761507/ already exists.
./circuit_plots/Unrestricted Disentangled|Readout|CN=0|B0=2|B1=2|K=1280|L=320|p_B=0.75|p_C=0.75|B=2|eps=0|95cf655c-5fe1-41ee-b5c6-acd2a4761507/ already exists.
./circuit_plots/Unrestricted Disentangled|Readout|CN=0|B0=2|B1=2|K=1280|L=320|p_B=0.75|p_C=0.75|B=2|eps=0|95cf655c-5fe1-41ee-b5c6-acd2a4761507/ already exists.
Epoch: 4800, Loss: 5.6202216148376465
Test acc: 0.0532, IC acc: 0.0016, IC acc2: 0.0033, IW acc: 0.218
Epoch: 4801, Loss: 5.671179294586182
Epoch: 4802, Loss: 5.612421989440918
Epoch: 4803, Loss: 5.625536918640137
Epoch: 4804, Loss: 5.693483352661133
Epoch: 4805, Loss: 5.669003486633301
Epoch: 4806, Loss: 5.7055559158325195
Epoch: 4807, Loss: 5.664601802825928
Epoch: 4808, Loss: 5.679811477661133
Epoch: 4809, Loss: 5.645491600036621
Epoch: 4810, Loss: 5.620520114898682
Test acc: 0.0528, IC acc: 0.0016, IC acc2: 0.0033, IW acc: 0.2174
Epoch: 4811, Loss: 5.656518459320068
Epoch: 4812, Loss: 5.686990737915039
Epoch: 4813, Loss: 5.653541564941406
Epoch: 4814, Loss: 5.679498672485352
Epoch: 4815, Loss: 5.678205966949463
Epoch: 4816, Loss: 5.664671897888184
Epoch: 4817, Loss: 5.670467853546143
Epoch: 4818, Loss: 5.645659923553467
Epoch: 4819, Loss: 5.734437465667725
Epoch: 4820, Loss: 5.623995780944824
Test acc: 0.053, IC acc: 0.0016, IC acc2: 0.0033, IW acc: 0.2156
Epoch: 4821, Loss: 5.7215256690979
Epoch: 4822, Loss: 5.678165435791016
Epoch: 4823, Loss: 5.656634330749512
Epoch: 4824, Loss: 5.628780364990234
Epoch: 4825, Loss: 5.6571269035339355
Epoch: 4826, Loss: 5.675937652587891
Epoch: 4827, Loss: 5.691099166870117
Epoch: 4828, Loss: 5.689428329467773
Epoch: 4829, Loss: 5.714846611022949
Epoch: 4830, Loss: 5.728060722351074
Test acc: 0.0535, IC acc: 0.0016, IC acc2: 0.0033, IW acc: 0.2194
Epoch: 4831, Loss: 5.598875522613525
Epoch: 4832, Loss: 5.621150970458984
Epoch: 4833, Loss: 5.683967113494873
Epoch: 4834, Loss: 5.644083023071289
Epoch: 4835, Loss: 5.6971821784973145
Epoch: 4836, Loss: 5.738144874572754
Epoch: 4837, Loss: 5.682254314422607
Epoch: 4838, Loss: 5.640263080596924
Epoch: 4839, Loss: 5.695600509643555
Epoch: 4840, Loss: 5.630788803100586
Test acc: 0.0539, IC acc: 0.0016, IC acc2: 0.0033, IW acc: 0.221
Epoch: 4841, Loss: 5.6869707107543945
Epoch: 4842, Loss: 5.69583797454834
Epoch: 4843, Loss: 5.6620025634765625
Epoch: 4844, Loss: 5.682751655578613
Epoch: 4845, Loss: 5.679383277893066
Epoch: 4846, Loss: 5.6291608810424805
Epoch: 4847, Loss: 5.658029556274414
Epoch: 4848, Loss: 5.666717052459717
Epoch: 4849, Loss: 5.656140327453613
./circuit_plots/Unrestricted Disentangled|Readout|CN=0|B0=2|B1=2|K=1280|L=320|p_B=0.75|p_C=0.75|B=2|eps=0|95cf655c-5fe1-41ee-b5c6-acd2a4761507/ already exists.
./circuit_plots/Unrestricted Disentangled|Readout|CN=0|B0=2|B1=2|K=1280|L=320|p_B=0.75|p_C=0.75|B=2|eps=0|95cf655c-5fe1-41ee-b5c6-acd2a4761507/ already exists.
./circuit_plots/Unrestricted Disentangled|Readout|CN=0|B0=2|B1=2|K=1280|L=320|p_B=0.75|p_C=0.75|B=2|eps=0|95cf655c-5fe1-41ee-b5c6-acd2a4761507/ already exists.
./circuit_plots/Unrestricted Disentangled|Readout|CN=0|B0=2|B1=2|K=1280|L=320|p_B=0.75|p_C=0.75|B=2|eps=0|95cf655c-5fe1-41ee-b5c6-acd2a4761507/ already exists.
./circuit_plots/Unrestricted Disentangled|Readout|CN=0|B0=2|B1=2|K=1280|L=320|p_B=0.75|p_C=0.75|B=2|eps=0|95cf655c-5fe1-41ee-b5c6-acd2a4761507/ already exists.
./circuit_plots/Unrestricted Disentangled|Readout|CN=0|B0=2|B1=2|K=1280|L=320|p_B=0.75|p_C=0.75|B=2|eps=0|95cf655c-5fe1-41ee-b5c6-acd2a4761507/ already exists.
./circuit_plots/Unrestricted Disentangled|Readout|CN=0|B0=2|B1=2|K=1280|L=320|p_B=0.75|p_C=0.75|B=2|eps=0|95cf655c-5fe1-41ee-b5c6-acd2a4761507/ already exists.
Epoch: 4850, Loss: 5.685576438903809
Test acc: 0.0537, IC acc: 0.0016, IC acc2: 0.0033, IW acc: 0.2203
Epoch: 4851, Loss: 5.750209808349609
Epoch: 4852, Loss: 5.670706748962402
Epoch: 4853, Loss: 5.701373100280762
Epoch: 4854, Loss: 5.628095626831055
Epoch: 4855, Loss: 5.6608781814575195
Epoch: 4856, Loss: 5.659036636352539
Epoch: 4857, Loss: 5.648406982421875
Epoch: 4858, Loss: 5.666441917419434
Epoch: 4859, Loss: 5.636648654937744
Epoch: 4860, Loss: 5.656791687011719
Test acc: 0.0548, IC acc: 0.0016, IC acc2: 0.0033, IW acc: 0.2222
Epoch: 4861, Loss: 5.72365665435791
Epoch: 4862, Loss: 5.692865371704102
Epoch: 4863, Loss: 5.620574474334717
Epoch: 4864, Loss: 5.619167327880859
Epoch: 4865, Loss: 5.642584800720215
Epoch: 4866, Loss: 5.627079010009766
Epoch: 4867, Loss: 5.639089584350586
Epoch: 4868, Loss: 5.587648391723633
Epoch: 4869, Loss: 5.649827003479004
Epoch: 4870, Loss: 5.651908874511719
Test acc: 0.0549, IC acc: 0.0016, IC acc2: 0.0033, IW acc: 0.2233
Epoch: 4871, Loss: 5.672942161560059
Epoch: 4872, Loss: 5.656149387359619
Epoch: 4873, Loss: 5.65090274810791
Epoch: 4874, Loss: 5.699807643890381
Epoch: 4875, Loss: 5.6471943855285645
Epoch: 4876, Loss: 5.63772439956665
Epoch: 4877, Loss: 5.632339954376221
Epoch: 4878, Loss: 5.656933307647705
Epoch: 4879, Loss: 5.710351943969727
Epoch: 4880, Loss: 5.687383651733398
Test acc: 0.0545, IC acc: 0.0016, IC acc2: 0.0033, IW acc: 0.2216
Epoch: 4881, Loss: 5.627562522888184
Epoch: 4882, Loss: 5.609492301940918
Epoch: 4883, Loss: 5.677748680114746
Epoch: 4884, Loss: 5.683765888214111
Epoch: 4885, Loss: 5.685024261474609
Epoch: 4886, Loss: 5.635924339294434
Epoch: 4887, Loss: 5.676053524017334
Epoch: 4888, Loss: 5.679989814758301
Epoch: 4889, Loss: 5.697678565979004
Epoch: 4890, Loss: 5.715923309326172
Test acc: 0.0547, IC acc: 0.0016, IC acc2: 0.0033, IW acc: 0.2224
Epoch: 4891, Loss: 5.6508002281188965
Epoch: 4892, Loss: 5.679342269897461
Epoch: 4893, Loss: 5.750990867614746
Epoch: 4894, Loss: 5.6642255783081055
Epoch: 4895, Loss: 5.68610143661499
Epoch: 4896, Loss: 5.683274269104004
Epoch: 4897, Loss: 5.629931449890137
Epoch: 4898, Loss: 5.652806282043457
Epoch: 4899, Loss: 5.67826509475708
./circuit_plots/Unrestricted Disentangled|Readout|CN=0|B0=2|B1=2|K=1280|L=320|p_B=0.75|p_C=0.75|B=2|eps=0|95cf655c-5fe1-41ee-b5c6-acd2a4761507/ already exists.
./circuit_plots/Unrestricted Disentangled|Readout|CN=0|B0=2|B1=2|K=1280|L=320|p_B=0.75|p_C=0.75|B=2|eps=0|95cf655c-5fe1-41ee-b5c6-acd2a4761507/ already exists.
./circuit_plots/Unrestricted Disentangled|Readout|CN=0|B0=2|B1=2|K=1280|L=320|p_B=0.75|p_C=0.75|B=2|eps=0|95cf655c-5fe1-41ee-b5c6-acd2a4761507/ already exists.
./circuit_plots/Unrestricted Disentangled|Readout|CN=0|B0=2|B1=2|K=1280|L=320|p_B=0.75|p_C=0.75|B=2|eps=0|95cf655c-5fe1-41ee-b5c6-acd2a4761507/ already exists.
./circuit_plots/Unrestricted Disentangled|Readout|CN=0|B0=2|B1=2|K=1280|L=320|p_B=0.75|p_C=0.75|B=2|eps=0|95cf655c-5fe1-41ee-b5c6-acd2a4761507/ already exists.
./circuit_plots/Unrestricted Disentangled|Readout|CN=0|B0=2|B1=2|K=1280|L=320|p_B=0.75|p_C=0.75|B=2|eps=0|95cf655c-5fe1-41ee-b5c6-acd2a4761507/ already exists.
./circuit_plots/Unrestricted Disentangled|Readout|CN=0|B0=2|B1=2|K=1280|L=320|p_B=0.75|p_C=0.75|B=2|eps=0|95cf655c-5fe1-41ee-b5c6-acd2a4761507/ already exists.
Epoch: 4900, Loss: 5.666268348693848
Test acc: 0.0556, IC acc: 0.0016, IC acc2: 0.0029, IW acc: 0.226
Epoch: 4901, Loss: 5.670157432556152
Epoch: 4902, Loss: 5.695758819580078
Epoch: 4903, Loss: 5.653682708740234
Epoch: 4904, Loss: 5.639305114746094
Epoch: 4905, Loss: 5.69081974029541
Epoch: 4906, Loss: 5.659371376037598
Epoch: 4907, Loss: 5.647329330444336
Epoch: 4908, Loss: 5.719462871551514
Epoch: 4909, Loss: 5.678892135620117
Epoch: 4910, Loss: 5.698973655700684
Test acc: 0.056, IC acc: 0.0016, IC acc2: 0.0029, IW acc: 0.226
Epoch: 4911, Loss: 5.651608467102051
Epoch: 4912, Loss: 5.657425880432129
Epoch: 4913, Loss: 5.694614410400391
Epoch: 4914, Loss: 5.711273670196533
Epoch: 4915, Loss: 5.687350749969482
Epoch: 4916, Loss: 5.657470703125
Epoch: 4917, Loss: 5.721558570861816
Epoch: 4918, Loss: 5.64836311340332
Epoch: 4919, Loss: 5.698720932006836
Epoch: 4920, Loss: 5.604825019836426
Test acc: 0.0562, IC acc: 0.0016, IC acc2: 0.0029, IW acc: 0.227
Epoch: 4921, Loss: 5.646331787109375
Epoch: 4922, Loss: 5.633305549621582
Epoch: 4923, Loss: 5.681680202484131
Epoch: 4924, Loss: 5.676745414733887
Epoch: 4925, Loss: 5.667671203613281
Epoch: 4926, Loss: 5.713713645935059
Epoch: 4927, Loss: 5.661280632019043
Epoch: 4928, Loss: 5.65959358215332
Epoch: 4929, Loss: 5.654474258422852
Epoch: 4930, Loss: 5.680392742156982
Test acc: 0.0569, IC acc: 0.0016, IC acc2: 0.0029, IW acc: 0.2303
Epoch: 4931, Loss: 5.675983428955078
Epoch: 4932, Loss: 5.6679792404174805
Epoch: 4933, Loss: 5.675494194030762
Epoch: 4934, Loss: 5.653472900390625
Epoch: 4935, Loss: 5.680367469787598
Epoch: 4936, Loss: 5.676885604858398
Epoch: 4937, Loss: 5.676344871520996
Epoch: 4938, Loss: 5.6428728103637695
Epoch: 4939, Loss: 5.631595611572266
Epoch: 4940, Loss: 5.6886091232299805
Test acc: 0.0575, IC acc: 0.0016, IC acc2: 0.0029, IW acc: 0.2318
Epoch: 4941, Loss: 5.641800403594971
Epoch: 4942, Loss: 5.655219078063965
Epoch: 4943, Loss: 5.698524475097656
Epoch: 4944, Loss: 5.658367156982422
Epoch: 4945, Loss: 5.72463321685791
Epoch: 4946, Loss: 5.676592826843262
Epoch: 4947, Loss: 5.682145118713379
Epoch: 4948, Loss: 5.702469348907471
Epoch: 4949, Loss: 5.560878753662109
./circuit_plots/Unrestricted Disentangled|Readout|CN=0|B0=2|B1=2|K=1280|L=320|p_B=0.75|p_C=0.75|B=2|eps=0|95cf655c-5fe1-41ee-b5c6-acd2a4761507/ already exists.
./circuit_plots/Unrestricted Disentangled|Readout|CN=0|B0=2|B1=2|K=1280|L=320|p_B=0.75|p_C=0.75|B=2|eps=0|95cf655c-5fe1-41ee-b5c6-acd2a4761507/ already exists.
./circuit_plots/Unrestricted Disentangled|Readout|CN=0|B0=2|B1=2|K=1280|L=320|p_B=0.75|p_C=0.75|B=2|eps=0|95cf655c-5fe1-41ee-b5c6-acd2a4761507/ already exists.
./circuit_plots/Unrestricted Disentangled|Readout|CN=0|B0=2|B1=2|K=1280|L=320|p_B=0.75|p_C=0.75|B=2|eps=0|95cf655c-5fe1-41ee-b5c6-acd2a4761507/ already exists.
./circuit_plots/Unrestricted Disentangled|Readout|CN=0|B0=2|B1=2|K=1280|L=320|p_B=0.75|p_C=0.75|B=2|eps=0|95cf655c-5fe1-41ee-b5c6-acd2a4761507/ already exists.
./circuit_plots/Unrestricted Disentangled|Readout|CN=0|B0=2|B1=2|K=1280|L=320|p_B=0.75|p_C=0.75|B=2|eps=0|95cf655c-5fe1-41ee-b5c6-acd2a4761507/ already exists.
./circuit_plots/Unrestricted Disentangled|Readout|CN=0|B0=2|B1=2|K=1280|L=320|p_B=0.75|p_C=0.75|B=2|eps=0|95cf655c-5fe1-41ee-b5c6-acd2a4761507/ already exists.
Epoch: 4950, Loss: 5.638916969299316
Test acc: 0.0579, IC acc: 0.0016, IC acc2: 0.0029, IW acc: 0.2339
Epoch: 4951, Loss: 5.667243003845215
Epoch: 4952, Loss: 5.716240882873535
Epoch: 4953, Loss: 5.649657726287842
Epoch: 4954, Loss: 5.6641435623168945
Epoch: 4955, Loss: 5.7198486328125
Epoch: 4956, Loss: 5.653351783752441
Epoch: 4957, Loss: 5.659749984741211
Epoch: 4958, Loss: 5.656578540802002
Epoch: 4959, Loss: 5.666257858276367
Epoch: 4960, Loss: 5.683632850646973
Test acc: 0.0579, IC acc: 0.0016, IC acc2: 0.0029, IW acc: 0.2337
Epoch: 4961, Loss: 5.6923112869262695
Epoch: 4962, Loss: 5.647139549255371
Epoch: 4963, Loss: 5.667913436889648
Epoch: 4964, Loss: 5.666367053985596
Epoch: 4965, Loss: 5.65419864654541
Epoch: 4966, Loss: 5.65898323059082
Epoch: 4967, Loss: 5.643765449523926
Epoch: 4968, Loss: 5.634639263153076
Epoch: 4969, Loss: 5.630470275878906
Epoch: 4970, Loss: 5.615652084350586
Test acc: 0.0576, IC acc: 0.0016, IC acc2: 0.0029, IW acc: 0.2333
Epoch: 4971, Loss: 5.69162654876709
Epoch: 4972, Loss: 5.637999534606934
Epoch: 4973, Loss: 5.680413246154785
Epoch: 4974, Loss: 5.680371284484863
Epoch: 4975, Loss: 5.70109224319458
Epoch: 4976, Loss: 5.654976844787598
Epoch: 4977, Loss: 5.636979579925537
Epoch: 4978, Loss: 5.6379499435424805
Epoch: 4979, Loss: 5.608016490936279
Epoch: 4980, Loss: 5.678586006164551
Test acc: 0.0575, IC acc: 0.0016, IC acc2: 0.0029, IW acc: 0.2338
Epoch: 4981, Loss: 5.5779924392700195
Epoch: 4982, Loss: 5.672679901123047
Epoch: 4983, Loss: 5.6300811767578125
Epoch: 4984, Loss: 5.634591102600098
Epoch: 4985, Loss: 5.645845413208008
Epoch: 4986, Loss: 5.633404731750488
Epoch: 4987, Loss: 5.681427478790283
Epoch: 4988, Loss: 5.662841320037842
Epoch: 4989, Loss: 5.649306297302246
Epoch: 4990, Loss: 5.706836223602295
Test acc: 0.0584, IC acc: 0.0016, IC acc2: 0.0029, IW acc: 0.2379
Epoch: 4991, Loss: 5.631002426147461
Epoch: 4992, Loss: 5.664737224578857
Epoch: 4993, Loss: 5.661576271057129
Epoch: 4994, Loss: 5.681321620941162
Epoch: 4995, Loss: 5.6604485511779785
Epoch: 4996, Loss: 5.6344451904296875
Epoch: 4997, Loss: 5.6622772216796875
Epoch: 4998, Loss: 5.701104640960693
Epoch: 4999, Loss: 5.669759273529053
./circuit_plots/Unrestricted Disentangled|Readout|CN=0|B0=2|B1=2|K=1280|L=320|p_B=0.75|p_C=0.75|B=2|eps=0|95cf655c-5fe1-41ee-b5c6-acd2a4761507/ already exists.
./circuit_plots/Unrestricted Disentangled|Readout|CN=0|B0=2|B1=2|K=1280|L=320|p_B=0.75|p_C=0.75|B=2|eps=0|95cf655c-5fe1-41ee-b5c6-acd2a4761507/ already exists.
./circuit_plots/Unrestricted Disentangled|Readout|CN=0|B0=2|B1=2|K=1280|L=320|p_B=0.75|p_C=0.75|B=2|eps=0|95cf655c-5fe1-41ee-b5c6-acd2a4761507/ already exists.
./circuit_plots/Unrestricted Disentangled|Readout|CN=0|B0=2|B1=2|K=1280|L=320|p_B=0.75|p_C=0.75|B=2|eps=0|95cf655c-5fe1-41ee-b5c6-acd2a4761507/ already exists.
./circuit_plots/Unrestricted Disentangled|Readout|CN=0|B0=2|B1=2|K=1280|L=320|p_B=0.75|p_C=0.75|B=2|eps=0|95cf655c-5fe1-41ee-b5c6-acd2a4761507/ already exists.
./circuit_plots/Unrestricted Disentangled|Readout|CN=0|B0=2|B1=2|K=1280|L=320|p_B=0.75|p_C=0.75|B=2|eps=0|95cf655c-5fe1-41ee-b5c6-acd2a4761507/ already exists.
./circuit_plots/Unrestricted Disentangled|Readout|CN=0|B0=2|B1=2|K=1280|L=320|p_B=0.75|p_C=0.75|B=2|eps=0|95cf655c-5fe1-41ee-b5c6-acd2a4761507/ already exists.
Epoch: 5000, Loss: 5.708581924438477
Test acc: 0.0583, IC acc: 0.0016, IC acc2: 0.0029, IW acc: 0.236
Epoch: 5001, Loss: 5.68487548828125
Epoch: 5002, Loss: 5.708790302276611
Epoch: 5003, Loss: 5.6129302978515625
Epoch: 5004, Loss: 5.704671382904053
Epoch: 5005, Loss: 5.687557697296143
Epoch: 5006, Loss: 5.680058002471924
Epoch: 5007, Loss: 5.675836086273193
Epoch: 5008, Loss: 5.67288875579834
Epoch: 5009, Loss: 5.675209045410156
Epoch: 5010, Loss: 5.652007579803467
Test acc: 0.059, IC acc: 0.0016, IC acc2: 0.0029, IW acc: 0.2378
Epoch: 5011, Loss: 5.646812438964844
Epoch: 5012, Loss: 5.648337364196777
Epoch: 5013, Loss: 5.621833324432373
Epoch: 5014, Loss: 5.7339701652526855
Epoch: 5015, Loss: 5.662890434265137
Epoch: 5016, Loss: 5.6899261474609375
Epoch: 5017, Loss: 5.697325706481934
Epoch: 5018, Loss: 5.676111221313477
Epoch: 5019, Loss: 5.610745429992676
Epoch: 5020, Loss: 5.678476810455322
Test acc: 0.0587, IC acc: 0.0016, IC acc2: 0.0029, IW acc: 0.237
Epoch: 5021, Loss: 5.713862419128418
Epoch: 5022, Loss: 5.65532112121582
Epoch: 5023, Loss: 5.6916704177856445
Epoch: 5024, Loss: 5.668387413024902
Epoch: 5025, Loss: 5.718579292297363
Epoch: 5026, Loss: 5.678824424743652
Epoch: 5027, Loss: 5.692627906799316
Epoch: 5028, Loss: 5.630963325500488
Epoch: 5029, Loss: 5.696099281311035
Epoch: 5030, Loss: 5.682054042816162
Test acc: 0.0584, IC acc: 0.0016, IC acc2: 0.0029, IW acc: 0.2371
Epoch: 5031, Loss: 5.681923866271973
Epoch: 5032, Loss: 5.694592475891113
Epoch: 5033, Loss: 5.719265937805176
Epoch: 5034, Loss: 5.669917106628418
Epoch: 5035, Loss: 5.6232757568359375
Epoch: 5036, Loss: 5.706094264984131
Epoch: 5037, Loss: 5.638794898986816
Epoch: 5038, Loss: 5.671862602233887
Epoch: 5039, Loss: 5.654208183288574
Epoch: 5040, Loss: 5.6797404289245605
Test acc: 0.0583, IC acc: 0.0016, IC acc2: 0.0029, IW acc: 0.2371
Epoch: 5041, Loss: 5.665153503417969
Epoch: 5042, Loss: 5.6391754150390625
Epoch: 5043, Loss: 5.63026237487793
Epoch: 5044, Loss: 5.726197719573975
Epoch: 5045, Loss: 5.607180595397949
Epoch: 5046, Loss: 5.668340682983398
Epoch: 5047, Loss: 5.696530818939209
Epoch: 5048, Loss: 5.668560028076172
Epoch: 5049, Loss: 5.683952331542969
./circuit_plots/Unrestricted Disentangled|Readout|CN=0|B0=2|B1=2|K=1280|L=320|p_B=0.75|p_C=0.75|B=2|eps=0|95cf655c-5fe1-41ee-b5c6-acd2a4761507/ already exists.
./circuit_plots/Unrestricted Disentangled|Readout|CN=0|B0=2|B1=2|K=1280|L=320|p_B=0.75|p_C=0.75|B=2|eps=0|95cf655c-5fe1-41ee-b5c6-acd2a4761507/ already exists.
./circuit_plots/Unrestricted Disentangled|Readout|CN=0|B0=2|B1=2|K=1280|L=320|p_B=0.75|p_C=0.75|B=2|eps=0|95cf655c-5fe1-41ee-b5c6-acd2a4761507/ already exists.
./circuit_plots/Unrestricted Disentangled|Readout|CN=0|B0=2|B1=2|K=1280|L=320|p_B=0.75|p_C=0.75|B=2|eps=0|95cf655c-5fe1-41ee-b5c6-acd2a4761507/ already exists.
./circuit_plots/Unrestricted Disentangled|Readout|CN=0|B0=2|B1=2|K=1280|L=320|p_B=0.75|p_C=0.75|B=2|eps=0|95cf655c-5fe1-41ee-b5c6-acd2a4761507/ already exists.
./circuit_plots/Unrestricted Disentangled|Readout|CN=0|B0=2|B1=2|K=1280|L=320|p_B=0.75|p_C=0.75|B=2|eps=0|95cf655c-5fe1-41ee-b5c6-acd2a4761507/ already exists.
./circuit_plots/Unrestricted Disentangled|Readout|CN=0|B0=2|B1=2|K=1280|L=320|p_B=0.75|p_C=0.75|B=2|eps=0|95cf655c-5fe1-41ee-b5c6-acd2a4761507/ already exists.
Epoch: 5050, Loss: 5.631082534790039
Test acc: 0.0587, IC acc: 0.0016, IC acc2: 0.0029, IW acc: 0.2392
Epoch: 5051, Loss: 5.727558135986328
Epoch: 5052, Loss: 5.653200149536133
Epoch: 5053, Loss: 5.661947250366211
Epoch: 5054, Loss: 5.667903900146484
Epoch: 5055, Loss: 5.673139572143555
Epoch: 5056, Loss: 5.669641494750977
Epoch: 5057, Loss: 5.627923965454102
Epoch: 5058, Loss: 5.713353633880615
Epoch: 5059, Loss: 5.709928035736084
Epoch: 5060, Loss: 5.6706132888793945
Test acc: 0.0592, IC acc: 0.0016, IC acc2: 0.0029, IW acc: 0.2406
Epoch: 5061, Loss: 5.653234958648682
Epoch: 5062, Loss: 5.654991626739502
Epoch: 5063, Loss: 5.604485511779785
Epoch: 5064, Loss: 5.627843379974365
Epoch: 5065, Loss: 5.708113193511963
Epoch: 5066, Loss: 5.650430679321289
Epoch: 5067, Loss: 5.628830909729004
Epoch: 5068, Loss: 5.657517433166504
Epoch: 5069, Loss: 5.6567535400390625
Epoch: 5070, Loss: 5.662662982940674
Test acc: 0.0587, IC acc: 0.0016, IC acc2: 0.0029, IW acc: 0.2396
Epoch: 5071, Loss: 5.656661033630371
Epoch: 5072, Loss: 5.690608978271484
Epoch: 5073, Loss: 5.636928081512451
Epoch: 5074, Loss: 5.703006267547607
Epoch: 5075, Loss: 5.636338233947754
Epoch: 5076, Loss: 5.603754043579102
Epoch: 5077, Loss: 5.669094085693359
Epoch: 5078, Loss: 5.683211803436279
Epoch: 5079, Loss: 5.657962799072266
Epoch: 5080, Loss: 5.682509422302246
Test acc: 0.0589, IC acc: 0.0016, IC acc2: 0.0029, IW acc: 0.2417
Epoch: 5081, Loss: 5.696673393249512
Epoch: 5082, Loss: 5.638900279998779
Epoch: 5083, Loss: 5.644186019897461
Epoch: 5084, Loss: 5.684394836425781
Epoch: 5085, Loss: 5.678204536437988
Epoch: 5086, Loss: 5.670838832855225
Epoch: 5087, Loss: 5.706625461578369
Epoch: 5088, Loss: 5.656928062438965
Epoch: 5089, Loss: 5.645502090454102
Epoch: 5090, Loss: 5.70732307434082
Test acc: 0.0596, IC acc: 0.0016, IC acc2: 0.0029, IW acc: 0.2433
Epoch: 5091, Loss: 5.634517669677734
Epoch: 5092, Loss: 5.721224784851074
Epoch: 5093, Loss: 5.641427040100098
Epoch: 5094, Loss: 5.645519733428955
Epoch: 5095, Loss: 5.679577827453613
Epoch: 5096, Loss: 5.6657915115356445
Epoch: 5097, Loss: 5.6948137283325195
Epoch: 5098, Loss: 5.639643669128418
Epoch: 5099, Loss: 5.643833637237549
./circuit_plots/Unrestricted Disentangled|Readout|CN=0|B0=2|B1=2|K=1280|L=320|p_B=0.75|p_C=0.75|B=2|eps=0|95cf655c-5fe1-41ee-b5c6-acd2a4761507/ already exists.
./circuit_plots/Unrestricted Disentangled|Readout|CN=0|B0=2|B1=2|K=1280|L=320|p_B=0.75|p_C=0.75|B=2|eps=0|95cf655c-5fe1-41ee-b5c6-acd2a4761507/ already exists.
./circuit_plots/Unrestricted Disentangled|Readout|CN=0|B0=2|B1=2|K=1280|L=320|p_B=0.75|p_C=0.75|B=2|eps=0|95cf655c-5fe1-41ee-b5c6-acd2a4761507/ already exists.
./circuit_plots/Unrestricted Disentangled|Readout|CN=0|B0=2|B1=2|K=1280|L=320|p_B=0.75|p_C=0.75|B=2|eps=0|95cf655c-5fe1-41ee-b5c6-acd2a4761507/ already exists.
./circuit_plots/Unrestricted Disentangled|Readout|CN=0|B0=2|B1=2|K=1280|L=320|p_B=0.75|p_C=0.75|B=2|eps=0|95cf655c-5fe1-41ee-b5c6-acd2a4761507/ already exists.
./circuit_plots/Unrestricted Disentangled|Readout|CN=0|B0=2|B1=2|K=1280|L=320|p_B=0.75|p_C=0.75|B=2|eps=0|95cf655c-5fe1-41ee-b5c6-acd2a4761507/ already exists.
./circuit_plots/Unrestricted Disentangled|Readout|CN=0|B0=2|B1=2|K=1280|L=320|p_B=0.75|p_C=0.75|B=2|eps=0|95cf655c-5fe1-41ee-b5c6-acd2a4761507/ already exists.
Epoch: 5100, Loss: 5.6728715896606445
Test acc: 0.0602, IC acc: 0.0016, IC acc2: 0.0029, IW acc: 0.2458
Epoch: 5101, Loss: 5.691908836364746
Epoch: 5102, Loss: 5.65604305267334
Epoch: 5103, Loss: 5.654065132141113
Epoch: 5104, Loss: 5.711823463439941
Epoch: 5105, Loss: 5.675422668457031
Epoch: 5106, Loss: 5.687983989715576
Epoch: 5107, Loss: 5.703833103179932
Epoch: 5108, Loss: 5.707128524780273
Epoch: 5109, Loss: 5.673171043395996
Epoch: 5110, Loss: 5.679009914398193
Test acc: 0.0602, IC acc: 0.0016, IC acc2: 0.0029, IW acc: 0.2458
Epoch: 5111, Loss: 5.706377983093262
Epoch: 5112, Loss: 5.698426723480225
Epoch: 5113, Loss: 5.659502029418945
Epoch: 5114, Loss: 5.634265899658203
Epoch: 5115, Loss: 5.699141979217529
Epoch: 5116, Loss: 5.722923278808594
Epoch: 5117, Loss: 5.686491966247559
Epoch: 5118, Loss: 5.653651237487793
Epoch: 5119, Loss: 5.642486572265625
Epoch: 5120, Loss: 5.637764930725098
Test acc: 0.0609, IC acc: 0.0016, IC acc2: 0.0029, IW acc: 0.2479
Epoch: 5121, Loss: 5.68695068359375
Epoch: 5122, Loss: 5.648752212524414
Epoch: 5123, Loss: 5.613798141479492
Epoch: 5124, Loss: 5.675141334533691
Epoch: 5125, Loss: 5.62529182434082
Epoch: 5126, Loss: 5.636626243591309
Epoch: 5127, Loss: 5.664166450500488
Epoch: 5128, Loss: 5.610409259796143
Epoch: 5129, Loss: 5.625220775604248
Epoch: 5130, Loss: 5.703969955444336
Test acc: 0.0605, IC acc: 0.0016, IC acc2: 0.0029, IW acc: 0.246
Epoch: 5131, Loss: 5.701958656311035
Epoch: 5132, Loss: 5.641900062561035
Epoch: 5133, Loss: 5.6461639404296875
Epoch: 5134, Loss: 5.646328926086426
Epoch: 5135, Loss: 5.609551429748535
Epoch: 5136, Loss: 5.635912895202637
Epoch: 5137, Loss: 5.68592643737793
Epoch: 5138, Loss: 5.642308235168457
Epoch: 5139, Loss: 5.625617980957031
Epoch: 5140, Loss: 5.657299995422363
Test acc: 0.0603, IC acc: 0.0016, IC acc2: 0.0029, IW acc: 0.2459
Epoch: 5141, Loss: 5.661774635314941
Epoch: 5142, Loss: 5.674459934234619
Epoch: 5143, Loss: 5.680233001708984
Epoch: 5144, Loss: 5.663976192474365
Epoch: 5145, Loss: 5.666222095489502
Epoch: 5146, Loss: 5.655656337738037
Epoch: 5147, Loss: 5.644334316253662
Epoch: 5148, Loss: 5.64319372177124
Epoch: 5149, Loss: 5.703571319580078
./circuit_plots/Unrestricted Disentangled|Readout|CN=0|B0=2|B1=2|K=1280|L=320|p_B=0.75|p_C=0.75|B=2|eps=0|95cf655c-5fe1-41ee-b5c6-acd2a4761507/ already exists.
./circuit_plots/Unrestricted Disentangled|Readout|CN=0|B0=2|B1=2|K=1280|L=320|p_B=0.75|p_C=0.75|B=2|eps=0|95cf655c-5fe1-41ee-b5c6-acd2a4761507/ already exists.
./circuit_plots/Unrestricted Disentangled|Readout|CN=0|B0=2|B1=2|K=1280|L=320|p_B=0.75|p_C=0.75|B=2|eps=0|95cf655c-5fe1-41ee-b5c6-acd2a4761507/ already exists.
./circuit_plots/Unrestricted Disentangled|Readout|CN=0|B0=2|B1=2|K=1280|L=320|p_B=0.75|p_C=0.75|B=2|eps=0|95cf655c-5fe1-41ee-b5c6-acd2a4761507/ already exists.
./circuit_plots/Unrestricted Disentangled|Readout|CN=0|B0=2|B1=2|K=1280|L=320|p_B=0.75|p_C=0.75|B=2|eps=0|95cf655c-5fe1-41ee-b5c6-acd2a4761507/ already exists.
./circuit_plots/Unrestricted Disentangled|Readout|CN=0|B0=2|B1=2|K=1280|L=320|p_B=0.75|p_C=0.75|B=2|eps=0|95cf655c-5fe1-41ee-b5c6-acd2a4761507/ already exists.
./circuit_plots/Unrestricted Disentangled|Readout|CN=0|B0=2|B1=2|K=1280|L=320|p_B=0.75|p_C=0.75|B=2|eps=0|95cf655c-5fe1-41ee-b5c6-acd2a4761507/ already exists.
Epoch: 5150, Loss: 5.679623603820801
Test acc: 0.0604, IC acc: 0.0016, IC acc2: 0.0029, IW acc: 0.2468
Epoch: 5151, Loss: 5.662793159484863
Epoch: 5152, Loss: 5.674683570861816
Epoch: 5153, Loss: 5.641331672668457
Epoch: 5154, Loss: 5.629343032836914
Epoch: 5155, Loss: 5.705044269561768
Epoch: 5156, Loss: 5.671576499938965
Epoch: 5157, Loss: 5.650544166564941
Epoch: 5158, Loss: 5.6576032638549805
Epoch: 5159, Loss: 5.663477897644043
Epoch: 5160, Loss: 5.664839744567871
Test acc: 0.0605, IC acc: 0.0016, IC acc2: 0.0029, IW acc: 0.2467
Epoch: 5161, Loss: 5.697661399841309
Epoch: 5162, Loss: 5.640641689300537
Epoch: 5163, Loss: 5.6192169189453125
Epoch: 5164, Loss: 5.627871036529541
Epoch: 5165, Loss: 5.64076042175293
Epoch: 5166, Loss: 5.703248977661133
Epoch: 5167, Loss: 5.673891067504883
Epoch: 5168, Loss: 5.657050132751465
Epoch: 5169, Loss: 5.62562370300293
Epoch: 5170, Loss: 5.634191513061523
Test acc: 0.0608, IC acc: 0.0016, IC acc2: 0.0029, IW acc: 0.2481
Epoch: 5171, Loss: 5.664368629455566
Epoch: 5172, Loss: 5.659418106079102
Epoch: 5173, Loss: 5.668018341064453
Epoch: 5174, Loss: 5.618613243103027
Epoch: 5175, Loss: 5.679479122161865
Epoch: 5176, Loss: 5.699359893798828
Epoch: 5177, Loss: 5.685174465179443
Epoch: 5178, Loss: 5.6159987449646
Epoch: 5179, Loss: 5.6274566650390625
Epoch: 5180, Loss: 5.683370590209961
Test acc: 0.0621, IC acc: 0.0016, IC acc2: 0.0029, IW acc: 0.2525
Epoch: 5181, Loss: 5.682489395141602
Epoch: 5182, Loss: 5.6533942222595215
Epoch: 5183, Loss: 5.673488616943359
Epoch: 5184, Loss: 5.663084030151367
Epoch: 5185, Loss: 5.660730361938477
Epoch: 5186, Loss: 5.727832794189453
Epoch: 5187, Loss: 5.65117073059082
Epoch: 5188, Loss: 5.701698303222656
Epoch: 5189, Loss: 5.640875816345215
Epoch: 5190, Loss: 5.650914669036865
Test acc: 0.0621, IC acc: 0.0016, IC acc2: 0.0029, IW acc: 0.2529
Epoch: 5191, Loss: 5.667242050170898
Epoch: 5192, Loss: 5.670339584350586
Epoch: 5193, Loss: 5.603671550750732
Epoch: 5194, Loss: 5.675518035888672
Epoch: 5195, Loss: 5.666278839111328
Epoch: 5196, Loss: 5.687195301055908
Epoch: 5197, Loss: 5.6224775314331055
Epoch: 5198, Loss: 5.722434043884277
Epoch: 5199, Loss: 5.658620834350586
./circuit_plots/Unrestricted Disentangled|Readout|CN=0|B0=2|B1=2|K=1280|L=320|p_B=0.75|p_C=0.75|B=2|eps=0|95cf655c-5fe1-41ee-b5c6-acd2a4761507/ already exists.
./circuit_plots/Unrestricted Disentangled|Readout|CN=0|B0=2|B1=2|K=1280|L=320|p_B=0.75|p_C=0.75|B=2|eps=0|95cf655c-5fe1-41ee-b5c6-acd2a4761507/ already exists.
./circuit_plots/Unrestricted Disentangled|Readout|CN=0|B0=2|B1=2|K=1280|L=320|p_B=0.75|p_C=0.75|B=2|eps=0|95cf655c-5fe1-41ee-b5c6-acd2a4761507/ already exists.
./circuit_plots/Unrestricted Disentangled|Readout|CN=0|B0=2|B1=2|K=1280|L=320|p_B=0.75|p_C=0.75|B=2|eps=0|95cf655c-5fe1-41ee-b5c6-acd2a4761507/ already exists.
./circuit_plots/Unrestricted Disentangled|Readout|CN=0|B0=2|B1=2|K=1280|L=320|p_B=0.75|p_C=0.75|B=2|eps=0|95cf655c-5fe1-41ee-b5c6-acd2a4761507/ already exists.
./circuit_plots/Unrestricted Disentangled|Readout|CN=0|B0=2|B1=2|K=1280|L=320|p_B=0.75|p_C=0.75|B=2|eps=0|95cf655c-5fe1-41ee-b5c6-acd2a4761507/ already exists.
./circuit_plots/Unrestricted Disentangled|Readout|CN=0|B0=2|B1=2|K=1280|L=320|p_B=0.75|p_C=0.75|B=2|eps=0|95cf655c-5fe1-41ee-b5c6-acd2a4761507/ already exists.
Epoch: 5200, Loss: 5.61167049407959
Test acc: 0.0624, IC acc: 0.0016, IC acc2: 0.0029, IW acc: 0.2534
Epoch: 5201, Loss: 5.687468528747559
Epoch: 5202, Loss: 5.647342681884766
Epoch: 5203, Loss: 5.618011951446533
Epoch: 5204, Loss: 5.667821884155273
Epoch: 5205, Loss: 5.678812026977539
Epoch: 5206, Loss: 5.692588806152344
Epoch: 5207, Loss: 5.652116298675537
Epoch: 5208, Loss: 5.686141490936279
Epoch: 5209, Loss: 5.642963409423828
Epoch: 5210, Loss: 5.680332660675049
Test acc: 0.0627, IC acc: 0.0016, IC acc2: 0.0029, IW acc: 0.2546
Epoch: 5211, Loss: 5.665672302246094
Epoch: 5212, Loss: 5.674851417541504
Epoch: 5213, Loss: 5.668539524078369
Epoch: 5214, Loss: 5.641661643981934
Epoch: 5215, Loss: 5.666149139404297
Epoch: 5216, Loss: 5.69783878326416
Epoch: 5217, Loss: 5.638912200927734
Epoch: 5218, Loss: 5.6779680252075195
Epoch: 5219, Loss: 5.638166904449463
Epoch: 5220, Loss: 5.703001022338867
Test acc: 0.0624, IC acc: 0.0016, IC acc2: 0.0029, IW acc: 0.2539
Epoch: 5221, Loss: 5.6363935470581055
Epoch: 5222, Loss: 5.66402006149292
Epoch: 5223, Loss: 5.677472114562988
Epoch: 5224, Loss: 5.62837028503418
Epoch: 5225, Loss: 5.639481544494629
Epoch: 5226, Loss: 5.7190351486206055
Epoch: 5227, Loss: 5.617855072021484
Epoch: 5228, Loss: 5.67431640625
Epoch: 5229, Loss: 5.694162368774414
Epoch: 5230, Loss: 5.634149551391602
Test acc: 0.0629, IC acc: 0.0016, IC acc2: 0.0029, IW acc: 0.2562
Epoch: 5231, Loss: 5.600137710571289
Epoch: 5232, Loss: 5.6431965827941895
Epoch: 5233, Loss: 5.670135498046875
Epoch: 5234, Loss: 5.6114654541015625
Epoch: 5235, Loss: 5.6336259841918945
Epoch: 5236, Loss: 5.69683837890625
Epoch: 5237, Loss: 5.67240571975708
Epoch: 5238, Loss: 5.647426128387451
Epoch: 5239, Loss: 5.590908527374268
Epoch: 5240, Loss: 5.663898468017578
Test acc: 0.0625, IC acc: 0.0016, IC acc2: 0.0029, IW acc: 0.256
Epoch: 5241, Loss: 5.690924644470215
Epoch: 5242, Loss: 5.65017557144165
Epoch: 5243, Loss: 5.643645286560059
Epoch: 5244, Loss: 5.709033012390137
Epoch: 5245, Loss: 5.670910835266113
Epoch: 5246, Loss: 5.638461589813232
Epoch: 5247, Loss: 5.6450300216674805
Epoch: 5248, Loss: 5.706043243408203
Epoch: 5249, Loss: 5.657431602478027
./circuit_plots/Unrestricted Disentangled|Readout|CN=0|B0=2|B1=2|K=1280|L=320|p_B=0.75|p_C=0.75|B=2|eps=0|95cf655c-5fe1-41ee-b5c6-acd2a4761507/ already exists.
./circuit_plots/Unrestricted Disentangled|Readout|CN=0|B0=2|B1=2|K=1280|L=320|p_B=0.75|p_C=0.75|B=2|eps=0|95cf655c-5fe1-41ee-b5c6-acd2a4761507/ already exists.
./circuit_plots/Unrestricted Disentangled|Readout|CN=0|B0=2|B1=2|K=1280|L=320|p_B=0.75|p_C=0.75|B=2|eps=0|95cf655c-5fe1-41ee-b5c6-acd2a4761507/ already exists.
./circuit_plots/Unrestricted Disentangled|Readout|CN=0|B0=2|B1=2|K=1280|L=320|p_B=0.75|p_C=0.75|B=2|eps=0|95cf655c-5fe1-41ee-b5c6-acd2a4761507/ already exists.
./circuit_plots/Unrestricted Disentangled|Readout|CN=0|B0=2|B1=2|K=1280|L=320|p_B=0.75|p_C=0.75|B=2|eps=0|95cf655c-5fe1-41ee-b5c6-acd2a4761507/ already exists.
./circuit_plots/Unrestricted Disentangled|Readout|CN=0|B0=2|B1=2|K=1280|L=320|p_B=0.75|p_C=0.75|B=2|eps=0|95cf655c-5fe1-41ee-b5c6-acd2a4761507/ already exists.
./circuit_plots/Unrestricted Disentangled|Readout|CN=0|B0=2|B1=2|K=1280|L=320|p_B=0.75|p_C=0.75|B=2|eps=0|95cf655c-5fe1-41ee-b5c6-acd2a4761507/ already exists.
Epoch: 5250, Loss: 5.678485870361328
Test acc: 0.0623, IC acc: 0.0016, IC acc2: 0.0029, IW acc: 0.2551
Epoch: 5251, Loss: 5.6630778312683105
Epoch: 5252, Loss: 5.6119842529296875
Epoch: 5253, Loss: 5.7176666259765625
Epoch: 5254, Loss: 5.673913955688477
Epoch: 5255, Loss: 5.660207748413086
Epoch: 5256, Loss: 5.676244735717773
Epoch: 5257, Loss: 5.643235206604004
Epoch: 5258, Loss: 5.626549243927002
Epoch: 5259, Loss: 5.664429664611816
Epoch: 5260, Loss: 5.652779579162598
Test acc: 0.0623, IC acc: 0.0016, IC acc2: 0.0029, IW acc: 0.2558
Epoch: 5261, Loss: 5.59885835647583
Epoch: 5262, Loss: 5.693012237548828
Epoch: 5263, Loss: 5.6385498046875
Epoch: 5264, Loss: 5.666358947753906
Epoch: 5265, Loss: 5.629864692687988
Epoch: 5266, Loss: 5.638387680053711
Epoch: 5267, Loss: 5.58458137512207
Epoch: 5268, Loss: 5.667632102966309
Epoch: 5269, Loss: 5.661036968231201
Epoch: 5270, Loss: 5.63437557220459
Test acc: 0.0625, IC acc: 0.0016, IC acc2: 0.0029, IW acc: 0.2576
Epoch: 5271, Loss: 5.646818161010742
Epoch: 5272, Loss: 5.690763473510742
Epoch: 5273, Loss: 5.687288761138916
Epoch: 5274, Loss: 5.658099174499512
Epoch: 5275, Loss: 5.63831901550293
Epoch: 5276, Loss: 5.659114837646484
Epoch: 5277, Loss: 5.641589641571045
Epoch: 5278, Loss: 5.583271026611328
Epoch: 5279, Loss: 5.690970420837402
Epoch: 5280, Loss: 5.71176815032959
Test acc: 0.063, IC acc: 0.0016, IC acc2: 0.0029, IW acc: 0.2575
Epoch: 5281, Loss: 5.6617584228515625
Epoch: 5282, Loss: 5.703432559967041
Epoch: 5283, Loss: 5.675788879394531
Epoch: 5284, Loss: 5.73095178604126
Epoch: 5285, Loss: 5.589632034301758
Epoch: 5286, Loss: 5.671234130859375
Epoch: 5287, Loss: 5.649592399597168
Epoch: 5288, Loss: 5.643428325653076
Epoch: 5289, Loss: 5.668607711791992
Epoch: 5290, Loss: 5.657712936401367
Test acc: 0.0637, IC acc: 0.0016, IC acc2: 0.0029, IW acc: 0.2608
Epoch: 5291, Loss: 5.612995147705078
Epoch: 5292, Loss: 5.641222953796387
Epoch: 5293, Loss: 5.608246803283691
Epoch: 5294, Loss: 5.667111873626709
Epoch: 5295, Loss: 5.615272521972656
Epoch: 5296, Loss: 5.690049648284912
Epoch: 5297, Loss: 5.704035758972168
Epoch: 5298, Loss: 5.656758785247803
Epoch: 5299, Loss: 5.683750629425049
./circuit_plots/Unrestricted Disentangled|Readout|CN=0|B0=2|B1=2|K=1280|L=320|p_B=0.75|p_C=0.75|B=2|eps=0|95cf655c-5fe1-41ee-b5c6-acd2a4761507/ already exists.
./circuit_plots/Unrestricted Disentangled|Readout|CN=0|B0=2|B1=2|K=1280|L=320|p_B=0.75|p_C=0.75|B=2|eps=0|95cf655c-5fe1-41ee-b5c6-acd2a4761507/ already exists.
./circuit_plots/Unrestricted Disentangled|Readout|CN=0|B0=2|B1=2|K=1280|L=320|p_B=0.75|p_C=0.75|B=2|eps=0|95cf655c-5fe1-41ee-b5c6-acd2a4761507/ already exists.
./circuit_plots/Unrestricted Disentangled|Readout|CN=0|B0=2|B1=2|K=1280|L=320|p_B=0.75|p_C=0.75|B=2|eps=0|95cf655c-5fe1-41ee-b5c6-acd2a4761507/ already exists.
./circuit_plots/Unrestricted Disentangled|Readout|CN=0|B0=2|B1=2|K=1280|L=320|p_B=0.75|p_C=0.75|B=2|eps=0|95cf655c-5fe1-41ee-b5c6-acd2a4761507/ already exists.
./circuit_plots/Unrestricted Disentangled|Readout|CN=0|B0=2|B1=2|K=1280|L=320|p_B=0.75|p_C=0.75|B=2|eps=0|95cf655c-5fe1-41ee-b5c6-acd2a4761507/ already exists.
./circuit_plots/Unrestricted Disentangled|Readout|CN=0|B0=2|B1=2|K=1280|L=320|p_B=0.75|p_C=0.75|B=2|eps=0|95cf655c-5fe1-41ee-b5c6-acd2a4761507/ already exists.
Epoch: 5300, Loss: 5.6735687255859375
Test acc: 0.0632, IC acc: 0.0016, IC acc2: 0.0029, IW acc: 0.2602
Epoch: 5301, Loss: 5.692160129547119
Epoch: 5302, Loss: 5.685276985168457
Epoch: 5303, Loss: 5.692042350769043
Epoch: 5304, Loss: 5.661118507385254
Epoch: 5305, Loss: 5.641758918762207
Epoch: 5306, Loss: 5.606193542480469
Epoch: 5307, Loss: 5.604253768920898
Epoch: 5308, Loss: 5.64826774597168
Epoch: 5309, Loss: 5.690372943878174
Epoch: 5310, Loss: 5.697443962097168
Test acc: 0.0641, IC acc: 0.0016, IC acc2: 0.0029, IW acc: 0.2617
Epoch: 5311, Loss: 5.6524224281311035
Epoch: 5312, Loss: 5.653859615325928
Epoch: 5313, Loss: 5.664007186889648
Epoch: 5314, Loss: 5.6775898933410645
Epoch: 5315, Loss: 5.633310317993164
Epoch: 5316, Loss: 5.708100318908691
Epoch: 5317, Loss: 5.673215866088867
Epoch: 5318, Loss: 5.65871524810791
Epoch: 5319, Loss: 5.6583075523376465
Epoch: 5320, Loss: 5.674861431121826
Test acc: 0.0642, IC acc: 0.0016, IC acc2: 0.0029, IW acc: 0.2624
Epoch: 5321, Loss: 5.621490955352783
Epoch: 5322, Loss: 5.64322566986084
Epoch: 5323, Loss: 5.670947074890137
Epoch: 5324, Loss: 5.620079517364502
Epoch: 5325, Loss: 5.7194108963012695
Epoch: 5326, Loss: 5.648655891418457
Epoch: 5327, Loss: 5.628074645996094
Epoch: 5328, Loss: 5.66771125793457
Epoch: 5329, Loss: 5.632500648498535
Epoch: 5330, Loss: 5.690070152282715
Test acc: 0.0643, IC acc: 0.0016, IC acc2: 0.0029, IW acc: 0.2634
Epoch: 5331, Loss: 5.733323097229004
Epoch: 5332, Loss: 5.770775318145752
Epoch: 5333, Loss: 5.669873237609863
Epoch: 5334, Loss: 5.658436298370361
Epoch: 5335, Loss: 5.65224027633667
Epoch: 5336, Loss: 5.589677333831787
Epoch: 5337, Loss: 5.658489227294922
Epoch: 5338, Loss: 5.6508073806762695
Epoch: 5339, Loss: 5.62635612487793
Epoch: 5340, Loss: 5.634145736694336
Test acc: 0.0647, IC acc: 0.0016, IC acc2: 0.0029, IW acc: 0.2658
Epoch: 5341, Loss: 5.681338310241699
Epoch: 5342, Loss: 5.651758193969727
Epoch: 5343, Loss: 5.670308589935303
Epoch: 5344, Loss: 5.691985130310059
Epoch: 5345, Loss: 5.662171363830566
Epoch: 5346, Loss: 5.641716003417969
Epoch: 5347, Loss: 5.688782215118408
Epoch: 5348, Loss: 5.671913146972656
Epoch: 5349, Loss: 5.59490442276001
./circuit_plots/Unrestricted Disentangled|Readout|CN=0|B0=2|B1=2|K=1280|L=320|p_B=0.75|p_C=0.75|B=2|eps=0|95cf655c-5fe1-41ee-b5c6-acd2a4761507/ already exists.
./circuit_plots/Unrestricted Disentangled|Readout|CN=0|B0=2|B1=2|K=1280|L=320|p_B=0.75|p_C=0.75|B=2|eps=0|95cf655c-5fe1-41ee-b5c6-acd2a4761507/ already exists.
./circuit_plots/Unrestricted Disentangled|Readout|CN=0|B0=2|B1=2|K=1280|L=320|p_B=0.75|p_C=0.75|B=2|eps=0|95cf655c-5fe1-41ee-b5c6-acd2a4761507/ already exists.
./circuit_plots/Unrestricted Disentangled|Readout|CN=0|B0=2|B1=2|K=1280|L=320|p_B=0.75|p_C=0.75|B=2|eps=0|95cf655c-5fe1-41ee-b5c6-acd2a4761507/ already exists.
./circuit_plots/Unrestricted Disentangled|Readout|CN=0|B0=2|B1=2|K=1280|L=320|p_B=0.75|p_C=0.75|B=2|eps=0|95cf655c-5fe1-41ee-b5c6-acd2a4761507/ already exists.
./circuit_plots/Unrestricted Disentangled|Readout|CN=0|B0=2|B1=2|K=1280|L=320|p_B=0.75|p_C=0.75|B=2|eps=0|95cf655c-5fe1-41ee-b5c6-acd2a4761507/ already exists.
./circuit_plots/Unrestricted Disentangled|Readout|CN=0|B0=2|B1=2|K=1280|L=320|p_B=0.75|p_C=0.75|B=2|eps=0|95cf655c-5fe1-41ee-b5c6-acd2a4761507/ already exists.
Epoch: 5350, Loss: 5.685447692871094
Test acc: 0.0646, IC acc: 0.0016, IC acc2: 0.0029, IW acc: 0.2667
Epoch: 5351, Loss: 5.679598331451416
Epoch: 5352, Loss: 5.623041152954102
Epoch: 5353, Loss: 5.651858329772949
Epoch: 5354, Loss: 5.605989456176758
Epoch: 5355, Loss: 5.672499656677246
Epoch: 5356, Loss: 5.668605327606201
Epoch: 5357, Loss: 5.6649956703186035
Epoch: 5358, Loss: 5.636223793029785
Epoch: 5359, Loss: 5.721205711364746
Epoch: 5360, Loss: 5.70682430267334
Test acc: 0.0649, IC acc: 0.0016, IC acc2: 0.0029, IW acc: 0.2677
Epoch: 5361, Loss: 5.629575729370117
Epoch: 5362, Loss: 5.684101104736328
Epoch: 5363, Loss: 5.65645170211792
Epoch: 5364, Loss: 5.630107879638672
Epoch: 5365, Loss: 5.638664245605469
Epoch: 5366, Loss: 5.720970153808594
Epoch: 5367, Loss: 5.583673477172852
Epoch: 5368, Loss: 5.651455879211426
Epoch: 5369, Loss: 5.64222526550293
Epoch: 5370, Loss: 5.653505325317383
Test acc: 0.0639, IC acc: 0.0016, IC acc2: 0.0029, IW acc: 0.2658
Epoch: 5371, Loss: 5.602149963378906
Epoch: 5372, Loss: 5.633148193359375
Epoch: 5373, Loss: 5.634710788726807
Epoch: 5374, Loss: 5.674385070800781
Epoch: 5375, Loss: 5.662959098815918
Epoch: 5376, Loss: 5.644509792327881
Epoch: 5377, Loss: 5.696949005126953
Epoch: 5378, Loss: 5.611680030822754
Epoch: 5379, Loss: 5.622499465942383
Epoch: 5380, Loss: 5.597140312194824
Test acc: 0.0647, IC acc: 0.0016, IC acc2: 0.0029, IW acc: 0.2683
Epoch: 5381, Loss: 5.630518913269043
Epoch: 5382, Loss: 5.593291282653809
Epoch: 5383, Loss: 5.663764476776123
Epoch: 5384, Loss: 5.632949352264404
Epoch: 5385, Loss: 5.592503547668457
Epoch: 5386, Loss: 5.66377067565918
Epoch: 5387, Loss: 5.662420272827148
Epoch: 5388, Loss: 5.637385368347168
Epoch: 5389, Loss: 5.643389701843262
Epoch: 5390, Loss: 5.654590606689453
Test acc: 0.0649, IC acc: 0.0016, IC acc2: 0.0029, IW acc: 0.2695
Epoch: 5391, Loss: 5.663437843322754
Epoch: 5392, Loss: 5.651660919189453
Epoch: 5393, Loss: 5.6458563804626465
Epoch: 5394, Loss: 5.638642311096191
Epoch: 5395, Loss: 5.6428728103637695
Epoch: 5396, Loss: 5.609559059143066
Epoch: 5397, Loss: 5.701064109802246
Epoch: 5398, Loss: 5.673503875732422
Epoch: 5399, Loss: 5.6984992027282715
./circuit_plots/Unrestricted Disentangled|Readout|CN=0|B0=2|B1=2|K=1280|L=320|p_B=0.75|p_C=0.75|B=2|eps=0|95cf655c-5fe1-41ee-b5c6-acd2a4761507/ already exists.
./circuit_plots/Unrestricted Disentangled|Readout|CN=0|B0=2|B1=2|K=1280|L=320|p_B=0.75|p_C=0.75|B=2|eps=0|95cf655c-5fe1-41ee-b5c6-acd2a4761507/ already exists.
./circuit_plots/Unrestricted Disentangled|Readout|CN=0|B0=2|B1=2|K=1280|L=320|p_B=0.75|p_C=0.75|B=2|eps=0|95cf655c-5fe1-41ee-b5c6-acd2a4761507/ already exists.
./circuit_plots/Unrestricted Disentangled|Readout|CN=0|B0=2|B1=2|K=1280|L=320|p_B=0.75|p_C=0.75|B=2|eps=0|95cf655c-5fe1-41ee-b5c6-acd2a4761507/ already exists.
./circuit_plots/Unrestricted Disentangled|Readout|CN=0|B0=2|B1=2|K=1280|L=320|p_B=0.75|p_C=0.75|B=2|eps=0|95cf655c-5fe1-41ee-b5c6-acd2a4761507/ already exists.
./circuit_plots/Unrestricted Disentangled|Readout|CN=0|B0=2|B1=2|K=1280|L=320|p_B=0.75|p_C=0.75|B=2|eps=0|95cf655c-5fe1-41ee-b5c6-acd2a4761507/ already exists.
./circuit_plots/Unrestricted Disentangled|Readout|CN=0|B0=2|B1=2|K=1280|L=320|p_B=0.75|p_C=0.75|B=2|eps=0|95cf655c-5fe1-41ee-b5c6-acd2a4761507/ already exists.
Epoch: 5400, Loss: 5.618892192840576
Test acc: 0.0651, IC acc: 0.0016, IC acc2: 0.0029, IW acc: 0.27
Epoch: 5401, Loss: 5.671677589416504
Epoch: 5402, Loss: 5.695774078369141
Epoch: 5403, Loss: 5.690007209777832
Epoch: 5404, Loss: 5.701749801635742
Epoch: 5405, Loss: 5.689558982849121
Epoch: 5406, Loss: 5.655643463134766
Epoch: 5407, Loss: 5.634391784667969
Epoch: 5408, Loss: 5.701534271240234
Epoch: 5409, Loss: 5.689471244812012
Epoch: 5410, Loss: 5.642305374145508
Test acc: 0.0651, IC acc: 0.0016, IC acc2: 0.0029, IW acc: 0.2705
Epoch: 5411, Loss: 5.687425136566162
Epoch: 5412, Loss: 5.704519271850586
Epoch: 5413, Loss: 5.616517066955566
Epoch: 5414, Loss: 5.639337539672852
Epoch: 5415, Loss: 5.634029388427734
Epoch: 5416, Loss: 5.649837970733643
Epoch: 5417, Loss: 5.64730978012085
Epoch: 5418, Loss: 5.662834167480469
Epoch: 5419, Loss: 5.659083366394043
Epoch: 5420, Loss: 5.65345573425293
Test acc: 0.0647, IC acc: 0.0016, IC acc2: 0.0029, IW acc: 0.2693
Epoch: 5421, Loss: 5.664828777313232
Epoch: 5422, Loss: 5.640331745147705
Epoch: 5423, Loss: 5.661525726318359
Epoch: 5424, Loss: 5.672847747802734
Epoch: 5425, Loss: 5.606995582580566
Epoch: 5426, Loss: 5.6735920906066895
Epoch: 5427, Loss: 5.62272310256958
Epoch: 5428, Loss: 5.669826507568359
Epoch: 5429, Loss: 5.676995754241943
Epoch: 5430, Loss: 5.669460296630859
Test acc: 0.0659, IC acc: 0.0016, IC acc2: 0.0029, IW acc: 0.2719
Epoch: 5431, Loss: 5.677311897277832
Epoch: 5432, Loss: 5.689876079559326
Epoch: 5433, Loss: 5.673971176147461
Epoch: 5434, Loss: 5.645630836486816
Epoch: 5435, Loss: 5.6407670974731445
Epoch: 5436, Loss: 5.646034240722656
Epoch: 5437, Loss: 5.690957069396973
Epoch: 5438, Loss: 5.655534744262695
Epoch: 5439, Loss: 5.680591583251953
Epoch: 5440, Loss: 5.658747673034668
Test acc: 0.0666, IC acc: 0.0016, IC acc2: 0.0029, IW acc: 0.2728
Epoch: 5441, Loss: 5.675644874572754
Epoch: 5442, Loss: 5.69461727142334
Epoch: 5443, Loss: 5.676749229431152
Epoch: 5444, Loss: 5.639163017272949
Epoch: 5445, Loss: 5.628453254699707
Epoch: 5446, Loss: 5.609877586364746
Epoch: 5447, Loss: 5.656640529632568
Epoch: 5448, Loss: 5.59400749206543
Epoch: 5449, Loss: 5.668642997741699
./circuit_plots/Unrestricted Disentangled|Readout|CN=0|B0=2|B1=2|K=1280|L=320|p_B=0.75|p_C=0.75|B=2|eps=0|95cf655c-5fe1-41ee-b5c6-acd2a4761507/ already exists.
./circuit_plots/Unrestricted Disentangled|Readout|CN=0|B0=2|B1=2|K=1280|L=320|p_B=0.75|p_C=0.75|B=2|eps=0|95cf655c-5fe1-41ee-b5c6-acd2a4761507/ already exists.
./circuit_plots/Unrestricted Disentangled|Readout|CN=0|B0=2|B1=2|K=1280|L=320|p_B=0.75|p_C=0.75|B=2|eps=0|95cf655c-5fe1-41ee-b5c6-acd2a4761507/ already exists.
./circuit_plots/Unrestricted Disentangled|Readout|CN=0|B0=2|B1=2|K=1280|L=320|p_B=0.75|p_C=0.75|B=2|eps=0|95cf655c-5fe1-41ee-b5c6-acd2a4761507/ already exists.
./circuit_plots/Unrestricted Disentangled|Readout|CN=0|B0=2|B1=2|K=1280|L=320|p_B=0.75|p_C=0.75|B=2|eps=0|95cf655c-5fe1-41ee-b5c6-acd2a4761507/ already exists.
./circuit_plots/Unrestricted Disentangled|Readout|CN=0|B0=2|B1=2|K=1280|L=320|p_B=0.75|p_C=0.75|B=2|eps=0|95cf655c-5fe1-41ee-b5c6-acd2a4761507/ already exists.
./circuit_plots/Unrestricted Disentangled|Readout|CN=0|B0=2|B1=2|K=1280|L=320|p_B=0.75|p_C=0.75|B=2|eps=0|95cf655c-5fe1-41ee-b5c6-acd2a4761507/ already exists.
Epoch: 5450, Loss: 5.6659345626831055
Test acc: 0.0671, IC acc: 0.0016, IC acc2: 0.0029, IW acc: 0.2747
Epoch: 5451, Loss: 5.668015956878662
Epoch: 5452, Loss: 5.748758792877197
Epoch: 5453, Loss: 5.65043830871582
Epoch: 5454, Loss: 5.684355735778809
Epoch: 5455, Loss: 5.60208797454834
Epoch: 5456, Loss: 5.640763282775879
Epoch: 5457, Loss: 5.640149116516113
Epoch: 5458, Loss: 5.653040885925293
Epoch: 5459, Loss: 5.614456653594971
Epoch: 5460, Loss: 5.627981185913086
Test acc: 0.0668, IC acc: 0.0016, IC acc2: 0.0029, IW acc: 0.2756
Epoch: 5461, Loss: 5.644468784332275
Epoch: 5462, Loss: 5.668260097503662
Epoch: 5463, Loss: 5.746751308441162
Epoch: 5464, Loss: 5.682449817657471
Epoch: 5465, Loss: 5.6717987060546875
Epoch: 5466, Loss: 5.669447898864746
Epoch: 5467, Loss: 5.608957290649414
Epoch: 5468, Loss: 5.669575214385986
Epoch: 5469, Loss: 5.6544270515441895
Epoch: 5470, Loss: 5.622256278991699
Test acc: 0.0664, IC acc: 0.0016, IC acc2: 0.0029, IW acc: 0.2734
Epoch: 5471, Loss: 5.677512168884277
Epoch: 5472, Loss: 5.650935173034668
Epoch: 5473, Loss: 5.709749221801758
Epoch: 5474, Loss: 5.70200252532959
Epoch: 5475, Loss: 5.642002105712891
Epoch: 5476, Loss: 5.709510803222656
Epoch: 5477, Loss: 5.657496452331543
Epoch: 5478, Loss: 5.663616180419922
Epoch: 5479, Loss: 5.665327548980713
Epoch: 5480, Loss: 5.641256332397461
Test acc: 0.068, IC acc: 0.0016, IC acc2: 0.0029, IW acc: 0.2744
Epoch: 5481, Loss: 5.654691696166992
Epoch: 5482, Loss: 5.640620231628418
Epoch: 5483, Loss: 5.603120803833008
Epoch: 5484, Loss: 5.610384941101074
Epoch: 5485, Loss: 5.635072708129883
Epoch: 5486, Loss: 5.673016548156738
Epoch: 5487, Loss: 5.641397476196289
Epoch: 5488, Loss: 5.609109878540039
Epoch: 5489, Loss: 5.64877986907959
Epoch: 5490, Loss: 5.575738430023193
Test acc: 0.0673, IC acc: 0.0016, IC acc2: 0.0035, IW acc: 0.2744
Epoch: 5491, Loss: 5.652061462402344
Epoch: 5492, Loss: 5.683531761169434
Epoch: 5493, Loss: 5.634626388549805
Epoch: 5494, Loss: 5.685585975646973
Epoch: 5495, Loss: 5.6526713371276855
Epoch: 5496, Loss: 5.709629058837891
Epoch: 5497, Loss: 5.592998504638672
Epoch: 5498, Loss: 5.646527290344238
Epoch: 5499, Loss: 5.655359268188477
./circuit_plots/Unrestricted Disentangled|Readout|CN=0|B0=2|B1=2|K=1280|L=320|p_B=0.75|p_C=0.75|B=2|eps=0|95cf655c-5fe1-41ee-b5c6-acd2a4761507/ already exists.
./circuit_plots/Unrestricted Disentangled|Readout|CN=0|B0=2|B1=2|K=1280|L=320|p_B=0.75|p_C=0.75|B=2|eps=0|95cf655c-5fe1-41ee-b5c6-acd2a4761507/ already exists.
./circuit_plots/Unrestricted Disentangled|Readout|CN=0|B0=2|B1=2|K=1280|L=320|p_B=0.75|p_C=0.75|B=2|eps=0|95cf655c-5fe1-41ee-b5c6-acd2a4761507/ already exists.
./circuit_plots/Unrestricted Disentangled|Readout|CN=0|B0=2|B1=2|K=1280|L=320|p_B=0.75|p_C=0.75|B=2|eps=0|95cf655c-5fe1-41ee-b5c6-acd2a4761507/ already exists.
./circuit_plots/Unrestricted Disentangled|Readout|CN=0|B0=2|B1=2|K=1280|L=320|p_B=0.75|p_C=0.75|B=2|eps=0|95cf655c-5fe1-41ee-b5c6-acd2a4761507/ already exists.
./circuit_plots/Unrestricted Disentangled|Readout|CN=0|B0=2|B1=2|K=1280|L=320|p_B=0.75|p_C=0.75|B=2|eps=0|95cf655c-5fe1-41ee-b5c6-acd2a4761507/ already exists.
./circuit_plots/Unrestricted Disentangled|Readout|CN=0|B0=2|B1=2|K=1280|L=320|p_B=0.75|p_C=0.75|B=2|eps=0|95cf655c-5fe1-41ee-b5c6-acd2a4761507/ already exists.
Epoch: 5500, Loss: 5.688438892364502
Test acc: 0.0686, IC acc: 0.0016, IC acc2: 0.0035, IW acc: 0.2771
Epoch: 5501, Loss: 5.6369805335998535
Epoch: 5502, Loss: 5.658587455749512
Epoch: 5503, Loss: 5.616713523864746
Epoch: 5504, Loss: 5.632443428039551
Epoch: 5505, Loss: 5.6713409423828125
Epoch: 5506, Loss: 5.639289379119873
Epoch: 5507, Loss: 5.663176536560059
Epoch: 5508, Loss: 5.579428672790527
Epoch: 5509, Loss: 5.65296745300293
Epoch: 5510, Loss: 5.643538475036621
Test acc: 0.0695, IC acc: 0.0016, IC acc2: 0.0035, IW acc: 0.2826
Epoch: 5511, Loss: 5.640987873077393
Epoch: 5512, Loss: 5.623327255249023
Epoch: 5513, Loss: 5.605721950531006
Epoch: 5514, Loss: 5.640831470489502
Epoch: 5515, Loss: 5.689333438873291
Epoch: 5516, Loss: 5.627976894378662
Epoch: 5517, Loss: 5.581367492675781
Epoch: 5518, Loss: 5.687515735626221
Epoch: 5519, Loss: 5.725193023681641
Epoch: 5520, Loss: 5.650391578674316
Test acc: 0.0693, IC acc: 0.0016, IC acc2: 0.0035, IW acc: 0.2812
Epoch: 5521, Loss: 5.658143997192383
Epoch: 5522, Loss: 5.683295249938965
Epoch: 5523, Loss: 5.670046806335449
Epoch: 5524, Loss: 5.654277324676514
Epoch: 5525, Loss: 5.600362777709961
Epoch: 5526, Loss: 5.668203353881836
Epoch: 5527, Loss: 5.603733539581299
Epoch: 5528, Loss: 5.662177085876465
Epoch: 5529, Loss: 5.606484413146973
Epoch: 5530, Loss: 5.636480331420898
Test acc: 0.0682, IC acc: 0.0016, IC acc2: 0.0035, IW acc: 0.2819
Epoch: 5531, Loss: 5.631970405578613
Epoch: 5532, Loss: 5.655000686645508
Epoch: 5533, Loss: 5.69841194152832
Epoch: 5534, Loss: 5.641030311584473
Epoch: 5535, Loss: 5.6662445068359375
Epoch: 5536, Loss: 5.666306018829346
Epoch: 5537, Loss: 5.658743858337402
Epoch: 5538, Loss: 5.638628959655762
Epoch: 5539, Loss: 5.6968674659729
Epoch: 5540, Loss: 5.61728048324585
Test acc: 0.0693, IC acc: 0.0016, IC acc2: 0.0035, IW acc: 0.2823
Epoch: 5541, Loss: 5.64496374130249
Epoch: 5542, Loss: 5.7085862159729
Epoch: 5543, Loss: 5.626599311828613
Epoch: 5544, Loss: 5.645514488220215
Epoch: 5545, Loss: 5.656513214111328
Epoch: 5546, Loss: 5.66365385055542
Epoch: 5547, Loss: 5.59855318069458
Epoch: 5548, Loss: 5.663593292236328
Epoch: 5549, Loss: 5.688254356384277
./circuit_plots/Unrestricted Disentangled|Readout|CN=0|B0=2|B1=2|K=1280|L=320|p_B=0.75|p_C=0.75|B=2|eps=0|95cf655c-5fe1-41ee-b5c6-acd2a4761507/ already exists.
./circuit_plots/Unrestricted Disentangled|Readout|CN=0|B0=2|B1=2|K=1280|L=320|p_B=0.75|p_C=0.75|B=2|eps=0|95cf655c-5fe1-41ee-b5c6-acd2a4761507/ already exists.
./circuit_plots/Unrestricted Disentangled|Readout|CN=0|B0=2|B1=2|K=1280|L=320|p_B=0.75|p_C=0.75|B=2|eps=0|95cf655c-5fe1-41ee-b5c6-acd2a4761507/ already exists.
./circuit_plots/Unrestricted Disentangled|Readout|CN=0|B0=2|B1=2|K=1280|L=320|p_B=0.75|p_C=0.75|B=2|eps=0|95cf655c-5fe1-41ee-b5c6-acd2a4761507/ already exists.
./circuit_plots/Unrestricted Disentangled|Readout|CN=0|B0=2|B1=2|K=1280|L=320|p_B=0.75|p_C=0.75|B=2|eps=0|95cf655c-5fe1-41ee-b5c6-acd2a4761507/ already exists.
./circuit_plots/Unrestricted Disentangled|Readout|CN=0|B0=2|B1=2|K=1280|L=320|p_B=0.75|p_C=0.75|B=2|eps=0|95cf655c-5fe1-41ee-b5c6-acd2a4761507/ already exists.
./circuit_plots/Unrestricted Disentangled|Readout|CN=0|B0=2|B1=2|K=1280|L=320|p_B=0.75|p_C=0.75|B=2|eps=0|95cf655c-5fe1-41ee-b5c6-acd2a4761507/ already exists.
Epoch: 5550, Loss: 5.663520336151123
Test acc: 0.0694, IC acc: 0.0016, IC acc2: 0.0035, IW acc: 0.2835
Epoch: 5551, Loss: 5.681094646453857
Epoch: 5552, Loss: 5.587956428527832
Epoch: 5553, Loss: 5.672396183013916
Epoch: 5554, Loss: 5.7364301681518555
Epoch: 5555, Loss: 5.598615646362305
Epoch: 5556, Loss: 5.645303726196289
Epoch: 5557, Loss: 5.680294990539551
Epoch: 5558, Loss: 5.605870246887207
Epoch: 5559, Loss: 5.659647464752197
Epoch: 5560, Loss: 5.660748481750488
Test acc: 0.0691, IC acc: 0.0016, IC acc2: 0.0035, IW acc: 0.2819
Epoch: 5561, Loss: 5.647779941558838
Epoch: 5562, Loss: 5.680628776550293
Epoch: 5563, Loss: 5.687561988830566
Epoch: 5564, Loss: 5.618338584899902
Epoch: 5565, Loss: 5.624224662780762
Epoch: 5566, Loss: 5.669149875640869
Epoch: 5567, Loss: 5.697174549102783
Epoch: 5568, Loss: 5.66937255859375
Epoch: 5569, Loss: 5.623680114746094
Epoch: 5570, Loss: 5.641242027282715
Test acc: 0.0694, IC acc: 0.0016, IC acc2: 0.0035, IW acc: 0.2824
Epoch: 5571, Loss: 5.67365026473999
Epoch: 5572, Loss: 5.678971767425537
Epoch: 5573, Loss: 5.647489070892334
Epoch: 5574, Loss: 5.667977333068848
Epoch: 5575, Loss: 5.653223991394043
Epoch: 5576, Loss: 5.613035202026367
Epoch: 5577, Loss: 5.6553850173950195
Epoch: 5578, Loss: 5.711438179016113
Epoch: 5579, Loss: 5.646786689758301
Epoch: 5580, Loss: 5.672996520996094
Test acc: 0.0696, IC acc: 0.0016, IC acc2: 0.0035, IW acc: 0.284
Epoch: 5581, Loss: 5.645719528198242
Epoch: 5582, Loss: 5.6016693115234375
Epoch: 5583, Loss: 5.644794940948486
Epoch: 5584, Loss: 5.669903755187988
Epoch: 5585, Loss: 5.689206123352051
Epoch: 5586, Loss: 5.635898590087891
Epoch: 5587, Loss: 5.675299644470215
Epoch: 5588, Loss: 5.722996234893799
Epoch: 5589, Loss: 5.635652542114258
Epoch: 5590, Loss: 5.60331916809082
Test acc: 0.0699, IC acc: 0.0016, IC acc2: 0.0035, IW acc: 0.2847
Epoch: 5591, Loss: 5.6627607345581055
Epoch: 5592, Loss: 5.685152053833008
Epoch: 5593, Loss: 5.6634416580200195
Epoch: 5594, Loss: 5.670870780944824
Epoch: 5595, Loss: 5.62458610534668
Epoch: 5596, Loss: 5.613101959228516
Epoch: 5597, Loss: 5.638568878173828
Epoch: 5598, Loss: 5.662126541137695
Epoch: 5599, Loss: 5.677098751068115
./circuit_plots/Unrestricted Disentangled|Readout|CN=0|B0=2|B1=2|K=1280|L=320|p_B=0.75|p_C=0.75|B=2|eps=0|95cf655c-5fe1-41ee-b5c6-acd2a4761507/ already exists.
./circuit_plots/Unrestricted Disentangled|Readout|CN=0|B0=2|B1=2|K=1280|L=320|p_B=0.75|p_C=0.75|B=2|eps=0|95cf655c-5fe1-41ee-b5c6-acd2a4761507/ already exists.
./circuit_plots/Unrestricted Disentangled|Readout|CN=0|B0=2|B1=2|K=1280|L=320|p_B=0.75|p_C=0.75|B=2|eps=0|95cf655c-5fe1-41ee-b5c6-acd2a4761507/ already exists.
./circuit_plots/Unrestricted Disentangled|Readout|CN=0|B0=2|B1=2|K=1280|L=320|p_B=0.75|p_C=0.75|B=2|eps=0|95cf655c-5fe1-41ee-b5c6-acd2a4761507/ already exists.
./circuit_plots/Unrestricted Disentangled|Readout|CN=0|B0=2|B1=2|K=1280|L=320|p_B=0.75|p_C=0.75|B=2|eps=0|95cf655c-5fe1-41ee-b5c6-acd2a4761507/ already exists.
./circuit_plots/Unrestricted Disentangled|Readout|CN=0|B0=2|B1=2|K=1280|L=320|p_B=0.75|p_C=0.75|B=2|eps=0|95cf655c-5fe1-41ee-b5c6-acd2a4761507/ already exists.
./circuit_plots/Unrestricted Disentangled|Readout|CN=0|B0=2|B1=2|K=1280|L=320|p_B=0.75|p_C=0.75|B=2|eps=0|95cf655c-5fe1-41ee-b5c6-acd2a4761507/ already exists.
Epoch: 5600, Loss: 5.642699241638184
Test acc: 0.0702, IC acc: 0.0016, IC acc2: 0.0035, IW acc: 0.2857
Epoch: 5601, Loss: 5.649354934692383
Epoch: 5602, Loss: 5.650798797607422
Epoch: 5603, Loss: 5.664594650268555
Epoch: 5604, Loss: 5.643155097961426
Epoch: 5605, Loss: 5.697098731994629
Epoch: 5606, Loss: 5.648711681365967
Epoch: 5607, Loss: 5.643056869506836
Epoch: 5608, Loss: 5.6801862716674805
Epoch: 5609, Loss: 5.630232334136963
Epoch: 5610, Loss: 5.678432464599609
Test acc: 0.0702, IC acc: 0.0016, IC acc2: 0.0035, IW acc: 0.2857
Epoch: 5611, Loss: 5.636754035949707
Epoch: 5612, Loss: 5.6708984375
Epoch: 5613, Loss: 5.620427131652832
Epoch: 5614, Loss: 5.658684730529785
Epoch: 5615, Loss: 5.605501651763916
Epoch: 5616, Loss: 5.714266777038574
Epoch: 5617, Loss: 5.6809611320495605
Epoch: 5618, Loss: 5.630539894104004
Epoch: 5619, Loss: 5.6372175216674805
Epoch: 5620, Loss: 5.635193824768066
Test acc: 0.0708, IC acc: 0.0016, IC acc2: 0.0035, IW acc: 0.2904
Epoch: 5621, Loss: 5.649263858795166
Epoch: 5622, Loss: 5.66352653503418
Epoch: 5623, Loss: 5.6912078857421875
Epoch: 5624, Loss: 5.690481185913086
Epoch: 5625, Loss: 5.643519401550293
Epoch: 5626, Loss: 5.633357524871826
Epoch: 5627, Loss: 5.641173362731934
Epoch: 5628, Loss: 5.658893585205078
Epoch: 5629, Loss: 5.683440208435059
Epoch: 5630, Loss: 5.7306647300720215
Test acc: 0.0711, IC acc: 0.0016, IC acc2: 0.0035, IW acc: 0.2911
Epoch: 5631, Loss: 5.589976787567139
Epoch: 5632, Loss: 5.618597030639648
Epoch: 5633, Loss: 5.689102649688721
Epoch: 5634, Loss: 5.679125785827637
Epoch: 5635, Loss: 5.607640266418457
Epoch: 5636, Loss: 5.675614833831787
Epoch: 5637, Loss: 5.678178787231445
Epoch: 5638, Loss: 5.637270927429199
Epoch: 5639, Loss: 5.629698276519775
Epoch: 5640, Loss: 5.623506546020508
Test acc: 0.0713, IC acc: 0.0016, IC acc2: 0.0035, IW acc: 0.2935
Epoch: 5641, Loss: 5.63245153427124
Epoch: 5642, Loss: 5.632929801940918
Epoch: 5643, Loss: 5.599981784820557
Epoch: 5644, Loss: 5.690486907958984
Epoch: 5645, Loss: 5.63151216506958
Epoch: 5646, Loss: 5.674813270568848
Epoch: 5647, Loss: 5.606721878051758
Epoch: 5648, Loss: 5.676207542419434
Epoch: 5649, Loss: 5.623598098754883
./circuit_plots/Unrestricted Disentangled|Readout|CN=0|B0=2|B1=2|K=1280|L=320|p_B=0.75|p_C=0.75|B=2|eps=0|95cf655c-5fe1-41ee-b5c6-acd2a4761507/ already exists.
./circuit_plots/Unrestricted Disentangled|Readout|CN=0|B0=2|B1=2|K=1280|L=320|p_B=0.75|p_C=0.75|B=2|eps=0|95cf655c-5fe1-41ee-b5c6-acd2a4761507/ already exists.
./circuit_plots/Unrestricted Disentangled|Readout|CN=0|B0=2|B1=2|K=1280|L=320|p_B=0.75|p_C=0.75|B=2|eps=0|95cf655c-5fe1-41ee-b5c6-acd2a4761507/ already exists.
./circuit_plots/Unrestricted Disentangled|Readout|CN=0|B0=2|B1=2|K=1280|L=320|p_B=0.75|p_C=0.75|B=2|eps=0|95cf655c-5fe1-41ee-b5c6-acd2a4761507/ already exists.
./circuit_plots/Unrestricted Disentangled|Readout|CN=0|B0=2|B1=2|K=1280|L=320|p_B=0.75|p_C=0.75|B=2|eps=0|95cf655c-5fe1-41ee-b5c6-acd2a4761507/ already exists.
./circuit_plots/Unrestricted Disentangled|Readout|CN=0|B0=2|B1=2|K=1280|L=320|p_B=0.75|p_C=0.75|B=2|eps=0|95cf655c-5fe1-41ee-b5c6-acd2a4761507/ already exists.
./circuit_plots/Unrestricted Disentangled|Readout|CN=0|B0=2|B1=2|K=1280|L=320|p_B=0.75|p_C=0.75|B=2|eps=0|95cf655c-5fe1-41ee-b5c6-acd2a4761507/ already exists.
Epoch: 5650, Loss: 5.659806251525879
Test acc: 0.0704, IC acc: 0.0016, IC acc2: 0.0035, IW acc: 0.2906
Epoch: 5651, Loss: 5.693968296051025
Epoch: 5652, Loss: 5.650940895080566
Epoch: 5653, Loss: 5.656157970428467
Epoch: 5654, Loss: 5.621593475341797
Epoch: 5655, Loss: 5.640152454376221
Epoch: 5656, Loss: 5.6525421142578125
Epoch: 5657, Loss: 5.709098815917969
Epoch: 5658, Loss: 5.657851696014404
Epoch: 5659, Loss: 5.699975967407227
Epoch: 5660, Loss: 5.660708904266357
Test acc: 0.0693, IC acc: 0.0016, IC acc2: 0.0035, IW acc: 0.2917
Epoch: 5661, Loss: 5.673206329345703
Epoch: 5662, Loss: 5.60690975189209
Epoch: 5663, Loss: 5.6305341720581055
Epoch: 5664, Loss: 5.705046653747559
Epoch: 5665, Loss: 5.656716346740723
Epoch: 5666, Loss: 5.731606483459473
Epoch: 5667, Loss: 5.662191390991211
Epoch: 5668, Loss: 5.636074066162109
Epoch: 5669, Loss: 5.656109809875488
Epoch: 5670, Loss: 5.598855495452881
Test acc: 0.0696, IC acc: 0.0016, IC acc2: 0.0035, IW acc: 0.2937
Epoch: 5671, Loss: 5.650356292724609
Epoch: 5672, Loss: 5.639160633087158
Epoch: 5673, Loss: 5.6946940422058105
Epoch: 5674, Loss: 5.629016876220703
Epoch: 5675, Loss: 5.690858840942383
Epoch: 5676, Loss: 5.595171928405762
Epoch: 5677, Loss: 5.642560958862305
Epoch: 5678, Loss: 5.643824577331543
Epoch: 5679, Loss: 5.663904190063477
Epoch: 5680, Loss: 5.598094463348389
Test acc: 0.0709, IC acc: 0.0016, IC acc2: 0.0035, IW acc: 0.2944
Epoch: 5681, Loss: 5.6461896896362305
Epoch: 5682, Loss: 5.640035629272461
Epoch: 5683, Loss: 5.622823715209961
Epoch: 5684, Loss: 5.6501851081848145
Epoch: 5685, Loss: 5.6302618980407715
Epoch: 5686, Loss: 5.581854820251465
Epoch: 5687, Loss: 5.685467720031738
Epoch: 5688, Loss: 5.647196292877197
Epoch: 5689, Loss: 5.662929534912109
Epoch: 5690, Loss: 5.557952880859375
Test acc: 0.0716, IC acc: 0.0016, IC acc2: 0.0035, IW acc: 0.298
Epoch: 5691, Loss: 5.674668312072754
Epoch: 5692, Loss: 5.645989418029785
Epoch: 5693, Loss: 5.647992134094238
Epoch: 5694, Loss: 5.655954360961914
Epoch: 5695, Loss: 5.643303871154785
Epoch: 5696, Loss: 5.619906425476074
Epoch: 5697, Loss: 5.6541056632995605
Epoch: 5698, Loss: 5.663421154022217
Epoch: 5699, Loss: 5.6075944900512695
./circuit_plots/Unrestricted Disentangled|Readout|CN=0|B0=2|B1=2|K=1280|L=320|p_B=0.75|p_C=0.75|B=2|eps=0|95cf655c-5fe1-41ee-b5c6-acd2a4761507/ already exists.
./circuit_plots/Unrestricted Disentangled|Readout|CN=0|B0=2|B1=2|K=1280|L=320|p_B=0.75|p_C=0.75|B=2|eps=0|95cf655c-5fe1-41ee-b5c6-acd2a4761507/ already exists.
./circuit_plots/Unrestricted Disentangled|Readout|CN=0|B0=2|B1=2|K=1280|L=320|p_B=0.75|p_C=0.75|B=2|eps=0|95cf655c-5fe1-41ee-b5c6-acd2a4761507/ already exists.
./circuit_plots/Unrestricted Disentangled|Readout|CN=0|B0=2|B1=2|K=1280|L=320|p_B=0.75|p_C=0.75|B=2|eps=0|95cf655c-5fe1-41ee-b5c6-acd2a4761507/ already exists.
./circuit_plots/Unrestricted Disentangled|Readout|CN=0|B0=2|B1=2|K=1280|L=320|p_B=0.75|p_C=0.75|B=2|eps=0|95cf655c-5fe1-41ee-b5c6-acd2a4761507/ already exists.
./circuit_plots/Unrestricted Disentangled|Readout|CN=0|B0=2|B1=2|K=1280|L=320|p_B=0.75|p_C=0.75|B=2|eps=0|95cf655c-5fe1-41ee-b5c6-acd2a4761507/ already exists.
./circuit_plots/Unrestricted Disentangled|Readout|CN=0|B0=2|B1=2|K=1280|L=320|p_B=0.75|p_C=0.75|B=2|eps=0|95cf655c-5fe1-41ee-b5c6-acd2a4761507/ already exists.
Epoch: 5700, Loss: 5.640725135803223
Test acc: 0.072, IC acc: 0.0016, IC acc2: 0.0035, IW acc: 0.2996
Epoch: 5701, Loss: 5.6566314697265625
Epoch: 5702, Loss: 5.629117488861084
Epoch: 5703, Loss: 5.5992841720581055
Epoch: 5704, Loss: 5.643131256103516
Epoch: 5705, Loss: 5.618285179138184
Epoch: 5706, Loss: 5.652426242828369
Epoch: 5707, Loss: 5.664988994598389
Epoch: 5708, Loss: 5.67111873626709
Epoch: 5709, Loss: 5.6437602043151855
Epoch: 5710, Loss: 5.599330425262451
Test acc: 0.0716, IC acc: 0.0016, IC acc2: 0.0035, IW acc: 0.2988
Epoch: 5711, Loss: 5.721835136413574
Epoch: 5712, Loss: 5.642314434051514
Epoch: 5713, Loss: 5.627904891967773
Epoch: 5714, Loss: 5.689567565917969
Epoch: 5715, Loss: 5.66552734375
Epoch: 5716, Loss: 5.559973239898682
Epoch: 5717, Loss: 5.6193928718566895
Epoch: 5718, Loss: 5.689720153808594
Epoch: 5719, Loss: 5.561366558074951
Epoch: 5720, Loss: 5.628324508666992
Test acc: 0.0716, IC acc: 0.0016, IC acc2: 0.0035, IW acc: 0.3017
Epoch: 5721, Loss: 5.731152534484863
Epoch: 5722, Loss: 5.587224006652832
Epoch: 5723, Loss: 5.667870044708252
Epoch: 5724, Loss: 5.6069159507751465
Epoch: 5725, Loss: 5.6583733558654785
Epoch: 5726, Loss: 5.653099536895752
Epoch: 5727, Loss: 5.671504020690918
Epoch: 5728, Loss: 5.565609931945801
Epoch: 5729, Loss: 5.586582183837891
Epoch: 5730, Loss: 5.733620643615723
Test acc: 0.0724, IC acc: 0.0016, IC acc2: 0.0035, IW acc: 0.305
Epoch: 5731, Loss: 5.698896408081055
Epoch: 5732, Loss: 5.620797157287598
Epoch: 5733, Loss: 5.687505722045898
Epoch: 5734, Loss: 5.670276165008545
Epoch: 5735, Loss: 5.62664270401001
Epoch: 5736, Loss: 5.6662092208862305
Epoch: 5737, Loss: 5.660141944885254
Epoch: 5738, Loss: 5.62372350692749
Epoch: 5739, Loss: 5.630110740661621
Epoch: 5740, Loss: 5.640786170959473
Test acc: 0.0718, IC acc: 0.0016, IC acc2: 0.0035, IW acc: 0.3033
Epoch: 5741, Loss: 5.620336532592773
Epoch: 5742, Loss: 5.610586166381836
Epoch: 5743, Loss: 5.580430030822754
Epoch: 5744, Loss: 5.681052207946777
Epoch: 5745, Loss: 5.663885116577148
Epoch: 5746, Loss: 5.642899990081787
Epoch: 5747, Loss: 5.6524810791015625
Epoch: 5748, Loss: 5.649781703948975
Epoch: 5749, Loss: 5.681624412536621
./circuit_plots/Unrestricted Disentangled|Readout|CN=0|B0=2|B1=2|K=1280|L=320|p_B=0.75|p_C=0.75|B=2|eps=0|95cf655c-5fe1-41ee-b5c6-acd2a4761507/ already exists.
./circuit_plots/Unrestricted Disentangled|Readout|CN=0|B0=2|B1=2|K=1280|L=320|p_B=0.75|p_C=0.75|B=2|eps=0|95cf655c-5fe1-41ee-b5c6-acd2a4761507/ already exists.
./circuit_plots/Unrestricted Disentangled|Readout|CN=0|B0=2|B1=2|K=1280|L=320|p_B=0.75|p_C=0.75|B=2|eps=0|95cf655c-5fe1-41ee-b5c6-acd2a4761507/ already exists.
./circuit_plots/Unrestricted Disentangled|Readout|CN=0|B0=2|B1=2|K=1280|L=320|p_B=0.75|p_C=0.75|B=2|eps=0|95cf655c-5fe1-41ee-b5c6-acd2a4761507/ already exists.
./circuit_plots/Unrestricted Disentangled|Readout|CN=0|B0=2|B1=2|K=1280|L=320|p_B=0.75|p_C=0.75|B=2|eps=0|95cf655c-5fe1-41ee-b5c6-acd2a4761507/ already exists.
./circuit_plots/Unrestricted Disentangled|Readout|CN=0|B0=2|B1=2|K=1280|L=320|p_B=0.75|p_C=0.75|B=2|eps=0|95cf655c-5fe1-41ee-b5c6-acd2a4761507/ already exists.
./circuit_plots/Unrestricted Disentangled|Readout|CN=0|B0=2|B1=2|K=1280|L=320|p_B=0.75|p_C=0.75|B=2|eps=0|95cf655c-5fe1-41ee-b5c6-acd2a4761507/ already exists.
Epoch: 5750, Loss: 5.655606269836426
Test acc: 0.0716, IC acc: 0.0016, IC acc2: 0.0035, IW acc: 0.3036
Epoch: 5751, Loss: 5.6737470626831055
Epoch: 5752, Loss: 5.649767875671387
Epoch: 5753, Loss: 5.647899627685547
Epoch: 5754, Loss: 5.645111083984375
Epoch: 5755, Loss: 5.683030128479004
Epoch: 5756, Loss: 5.595081329345703
Epoch: 5757, Loss: 5.654505729675293
Epoch: 5758, Loss: 5.63308048248291
Epoch: 5759, Loss: 5.675205230712891
Epoch: 5760, Loss: 5.638186454772949
Test acc: 0.072, IC acc: 0.0016, IC acc2: 0.0035, IW acc: 0.3038
Epoch: 5761, Loss: 5.658412456512451
Epoch: 5762, Loss: 5.653896331787109
Epoch: 5763, Loss: 5.646638870239258
Epoch: 5764, Loss: 5.612442970275879
Epoch: 5765, Loss: 5.671314239501953
Epoch: 5766, Loss: 5.643539905548096
Epoch: 5767, Loss: 5.624428749084473
Epoch: 5768, Loss: 5.623321533203125
Epoch: 5769, Loss: 5.706907272338867
Epoch: 5770, Loss: 5.654688358306885
Test acc: 0.0731, IC acc: 0.0016, IC acc2: 0.0035, IW acc: 0.3105
Epoch: 5771, Loss: 5.6295905113220215
Epoch: 5772, Loss: 5.61341667175293
Epoch: 5773, Loss: 5.643094539642334
Epoch: 5774, Loss: 5.666285991668701
Epoch: 5775, Loss: 5.635769844055176
Epoch: 5776, Loss: 5.691586971282959
Epoch: 5777, Loss: 5.724818229675293
Epoch: 5778, Loss: 5.6705827713012695
Epoch: 5779, Loss: 5.605050086975098
Epoch: 5780, Loss: 5.662411689758301
Test acc: 0.0731, IC acc: 0.0016, IC acc2: 0.0035, IW acc: 0.3086
Epoch: 5781, Loss: 5.6495137214660645
Epoch: 5782, Loss: 5.651998519897461
Epoch: 5783, Loss: 5.549715518951416
Epoch: 5784, Loss: 5.598231792449951
Epoch: 5785, Loss: 5.627559661865234
Epoch: 5786, Loss: 5.655361652374268
Epoch: 5787, Loss: 5.639963626861572
Epoch: 5788, Loss: 5.640453338623047
Epoch: 5789, Loss: 5.673230171203613
Epoch: 5790, Loss: 5.623929023742676
Test acc: 0.0745, IC acc: 0.0016, IC acc2: 0.0035, IW acc: 0.3106
Epoch: 5791, Loss: 5.7051682472229
Epoch: 5792, Loss: 5.596251010894775
Epoch: 5793, Loss: 5.641332149505615
Epoch: 5794, Loss: 5.573915481567383
Epoch: 5795, Loss: 5.641016483306885
Epoch: 5796, Loss: 5.683778285980225
Epoch: 5797, Loss: 5.695775985717773
Epoch: 5798, Loss: 5.585901260375977
Epoch: 5799, Loss: 5.675509929656982
./circuit_plots/Unrestricted Disentangled|Readout|CN=0|B0=2|B1=2|K=1280|L=320|p_B=0.75|p_C=0.75|B=2|eps=0|95cf655c-5fe1-41ee-b5c6-acd2a4761507/ already exists.
./circuit_plots/Unrestricted Disentangled|Readout|CN=0|B0=2|B1=2|K=1280|L=320|p_B=0.75|p_C=0.75|B=2|eps=0|95cf655c-5fe1-41ee-b5c6-acd2a4761507/ already exists.
./circuit_plots/Unrestricted Disentangled|Readout|CN=0|B0=2|B1=2|K=1280|L=320|p_B=0.75|p_C=0.75|B=2|eps=0|95cf655c-5fe1-41ee-b5c6-acd2a4761507/ already exists.
./circuit_plots/Unrestricted Disentangled|Readout|CN=0|B0=2|B1=2|K=1280|L=320|p_B=0.75|p_C=0.75|B=2|eps=0|95cf655c-5fe1-41ee-b5c6-acd2a4761507/ already exists.
./circuit_plots/Unrestricted Disentangled|Readout|CN=0|B0=2|B1=2|K=1280|L=320|p_B=0.75|p_C=0.75|B=2|eps=0|95cf655c-5fe1-41ee-b5c6-acd2a4761507/ already exists.
./circuit_plots/Unrestricted Disentangled|Readout|CN=0|B0=2|B1=2|K=1280|L=320|p_B=0.75|p_C=0.75|B=2|eps=0|95cf655c-5fe1-41ee-b5c6-acd2a4761507/ already exists.
./circuit_plots/Unrestricted Disentangled|Readout|CN=0|B0=2|B1=2|K=1280|L=320|p_B=0.75|p_C=0.75|B=2|eps=0|95cf655c-5fe1-41ee-b5c6-acd2a4761507/ already exists.
Epoch: 5800, Loss: 5.6265106201171875
Test acc: 0.0747, IC acc: 0.0016, IC acc2: 0.0035, IW acc: 0.3141
Epoch: 5801, Loss: 5.679051876068115
Epoch: 5802, Loss: 5.5952348709106445
Epoch: 5803, Loss: 5.567473411560059
Epoch: 5804, Loss: 5.687881946563721
Epoch: 5805, Loss: 5.727138042449951
Epoch: 5806, Loss: 5.708516597747803
Epoch: 5807, Loss: 5.584474563598633
Epoch: 5808, Loss: 5.586420059204102
Epoch: 5809, Loss: 5.64289665222168
Epoch: 5810, Loss: 5.612011432647705
Test acc: 0.0757, IC acc: 0.0016, IC acc2: 0.0035, IW acc: 0.3152
Epoch: 5811, Loss: 5.678006172180176
Epoch: 5812, Loss: 5.634547710418701
Epoch: 5813, Loss: 5.68196439743042
Epoch: 5814, Loss: 5.627498626708984
Epoch: 5815, Loss: 5.644301414489746
Epoch: 5816, Loss: 5.698371887207031
Epoch: 5817, Loss: 5.635272026062012
Epoch: 5818, Loss: 5.622098922729492
Epoch: 5819, Loss: 5.639923572540283
Epoch: 5820, Loss: 5.5873026847839355
Test acc: 0.0757, IC acc: 0.0016, IC acc2: 0.0035, IW acc: 0.3152
Epoch: 5821, Loss: 5.657766819000244
Epoch: 5822, Loss: 5.632608413696289
Epoch: 5823, Loss: 5.714049339294434
Epoch: 5824, Loss: 5.64246940612793
Epoch: 5825, Loss: 5.680111885070801
Epoch: 5826, Loss: 5.671758651733398
Epoch: 5827, Loss: 5.6241559982299805
Epoch: 5828, Loss: 5.667387008666992
Epoch: 5829, Loss: 5.643829345703125
Epoch: 5830, Loss: 5.583763122558594
Test acc: 0.0757, IC acc: 0.0016, IC acc2: 0.0035, IW acc: 0.3152
Epoch: 5831, Loss: 5.626560211181641
Epoch: 5832, Loss: 5.648696422576904
Epoch: 5833, Loss: 5.6913065910339355
Epoch: 5834, Loss: 5.660462379455566
Epoch: 5835, Loss: 5.723504066467285
Epoch: 5836, Loss: 5.655920505523682
Epoch: 5837, Loss: 5.679048538208008
Epoch: 5838, Loss: 5.633453845977783
Epoch: 5839, Loss: 5.692347049713135
Epoch: 5840, Loss: 5.639513969421387
Test acc: 0.0767, IC acc: 0.0016, IC acc2: 0.0035, IW acc: 0.3172
Epoch: 5841, Loss: 5.640896797180176
Epoch: 5842, Loss: 5.567412376403809
Epoch: 5843, Loss: 5.6760077476501465
Epoch: 5844, Loss: 5.686044692993164
Epoch: 5845, Loss: 5.650628566741943
Epoch: 5846, Loss: 5.6859822273254395
Epoch: 5847, Loss: 5.630425930023193
Epoch: 5848, Loss: 5.6452131271362305
Epoch: 5849, Loss: 5.633013725280762
./circuit_plots/Unrestricted Disentangled|Readout|CN=0|B0=2|B1=2|K=1280|L=320|p_B=0.75|p_C=0.75|B=2|eps=0|95cf655c-5fe1-41ee-b5c6-acd2a4761507/ already exists.
./circuit_plots/Unrestricted Disentangled|Readout|CN=0|B0=2|B1=2|K=1280|L=320|p_B=0.75|p_C=0.75|B=2|eps=0|95cf655c-5fe1-41ee-b5c6-acd2a4761507/ already exists.
./circuit_plots/Unrestricted Disentangled|Readout|CN=0|B0=2|B1=2|K=1280|L=320|p_B=0.75|p_C=0.75|B=2|eps=0|95cf655c-5fe1-41ee-b5c6-acd2a4761507/ already exists.
./circuit_plots/Unrestricted Disentangled|Readout|CN=0|B0=2|B1=2|K=1280|L=320|p_B=0.75|p_C=0.75|B=2|eps=0|95cf655c-5fe1-41ee-b5c6-acd2a4761507/ already exists.
./circuit_plots/Unrestricted Disentangled|Readout|CN=0|B0=2|B1=2|K=1280|L=320|p_B=0.75|p_C=0.75|B=2|eps=0|95cf655c-5fe1-41ee-b5c6-acd2a4761507/ already exists.
./circuit_plots/Unrestricted Disentangled|Readout|CN=0|B0=2|B1=2|K=1280|L=320|p_B=0.75|p_C=0.75|B=2|eps=0|95cf655c-5fe1-41ee-b5c6-acd2a4761507/ already exists.
./circuit_plots/Unrestricted Disentangled|Readout|CN=0|B0=2|B1=2|K=1280|L=320|p_B=0.75|p_C=0.75|B=2|eps=0|95cf655c-5fe1-41ee-b5c6-acd2a4761507/ already exists.
Epoch: 5850, Loss: 5.578587055206299
Test acc: 0.0767, IC acc: 0.0016, IC acc2: 0.0035, IW acc: 0.3172
Epoch: 5851, Loss: 5.661161422729492
Epoch: 5852, Loss: 5.65134334564209
Epoch: 5853, Loss: 5.647727012634277
Epoch: 5854, Loss: 5.692484378814697
Epoch: 5855, Loss: 5.667482852935791
Epoch: 5856, Loss: 5.6071577072143555
Epoch: 5857, Loss: 5.668550491333008
Epoch: 5858, Loss: 5.615146636962891
Epoch: 5859, Loss: 5.64548921585083
Epoch: 5860, Loss: 5.666162967681885
Test acc: 0.0765, IC acc: 0.0016, IC acc2: 0.0035, IW acc: 0.3204
Epoch: 5861, Loss: 5.6198835372924805
Epoch: 5862, Loss: 5.668302536010742
Epoch: 5863, Loss: 5.644021987915039
Epoch: 5864, Loss: 5.619902610778809
Epoch: 5865, Loss: 5.612104415893555
Epoch: 5866, Loss: 5.60869026184082
Epoch: 5867, Loss: 5.576837539672852
Epoch: 5868, Loss: 5.64959716796875
Epoch: 5869, Loss: 5.6252570152282715
Epoch: 5870, Loss: 5.643054008483887
Test acc: 0.0761, IC acc: 0.0016, IC acc2: 0.0035, IW acc: 0.3208
Epoch: 5871, Loss: 5.592384338378906
Epoch: 5872, Loss: 5.645891189575195
Epoch: 5873, Loss: 5.668924331665039
Epoch: 5874, Loss: 5.6111297607421875
Epoch: 5875, Loss: 5.612338066101074
Epoch: 5876, Loss: 5.6342854499816895
Epoch: 5877, Loss: 5.6633758544921875
Epoch: 5878, Loss: 5.650442123413086
Epoch: 5879, Loss: 5.610992431640625
Epoch: 5880, Loss: 5.728937149047852
Test acc: 0.0762, IC acc: 0.0016, IC acc2: 0.0035, IW acc: 0.321
Epoch: 5881, Loss: 5.642868518829346
Epoch: 5882, Loss: 5.647810935974121
Epoch: 5883, Loss: 5.675943851470947
Epoch: 5884, Loss: 5.639774322509766
Epoch: 5885, Loss: 5.649997711181641
Epoch: 5886, Loss: 5.7216386795043945
Epoch: 5887, Loss: 5.617743492126465
Epoch: 5888, Loss: 5.698505878448486
Epoch: 5889, Loss: 5.671746730804443
Epoch: 5890, Loss: 5.603759765625
Test acc: 0.0758, IC acc: 0.0016, IC acc2: 0.0035, IW acc: 0.3187
Epoch: 5891, Loss: 5.6476030349731445
Epoch: 5892, Loss: 5.607741355895996
Epoch: 5893, Loss: 5.645048141479492
Epoch: 5894, Loss: 5.651803016662598
Epoch: 5895, Loss: 5.575591564178467
Epoch: 5896, Loss: 5.651920795440674
Epoch: 5897, Loss: 5.6574201583862305
Epoch: 5898, Loss: 5.684578895568848
Epoch: 5899, Loss: 5.630236625671387
./circuit_plots/Unrestricted Disentangled|Readout|CN=0|B0=2|B1=2|K=1280|L=320|p_B=0.75|p_C=0.75|B=2|eps=0|95cf655c-5fe1-41ee-b5c6-acd2a4761507/ already exists.
./circuit_plots/Unrestricted Disentangled|Readout|CN=0|B0=2|B1=2|K=1280|L=320|p_B=0.75|p_C=0.75|B=2|eps=0|95cf655c-5fe1-41ee-b5c6-acd2a4761507/ already exists.
./circuit_plots/Unrestricted Disentangled|Readout|CN=0|B0=2|B1=2|K=1280|L=320|p_B=0.75|p_C=0.75|B=2|eps=0|95cf655c-5fe1-41ee-b5c6-acd2a4761507/ already exists.
./circuit_plots/Unrestricted Disentangled|Readout|CN=0|B0=2|B1=2|K=1280|L=320|p_B=0.75|p_C=0.75|B=2|eps=0|95cf655c-5fe1-41ee-b5c6-acd2a4761507/ already exists.
./circuit_plots/Unrestricted Disentangled|Readout|CN=0|B0=2|B1=2|K=1280|L=320|p_B=0.75|p_C=0.75|B=2|eps=0|95cf655c-5fe1-41ee-b5c6-acd2a4761507/ already exists.
./circuit_plots/Unrestricted Disentangled|Readout|CN=0|B0=2|B1=2|K=1280|L=320|p_B=0.75|p_C=0.75|B=2|eps=0|95cf655c-5fe1-41ee-b5c6-acd2a4761507/ already exists.
./circuit_plots/Unrestricted Disentangled|Readout|CN=0|B0=2|B1=2|K=1280|L=320|p_B=0.75|p_C=0.75|B=2|eps=0|95cf655c-5fe1-41ee-b5c6-acd2a4761507/ already exists.
Epoch: 5900, Loss: 5.692770957946777
Test acc: 0.0754, IC acc: 0.0016, IC acc2: 0.0035, IW acc: 0.3182
Epoch: 5901, Loss: 5.650303840637207
Epoch: 5902, Loss: 5.6700592041015625
Epoch: 5903, Loss: 5.6351752281188965
Epoch: 5904, Loss: 5.646658420562744
Epoch: 5905, Loss: 5.626965522766113
Epoch: 5906, Loss: 5.632521629333496
Epoch: 5907, Loss: 5.637383460998535
Epoch: 5908, Loss: 5.659003257751465
Epoch: 5909, Loss: 5.652065277099609
Epoch: 5910, Loss: 5.580866813659668
Test acc: 0.0751, IC acc: 0.0016, IC acc2: 0.0035, IW acc: 0.3182
Epoch: 5911, Loss: 5.617380142211914
Epoch: 5912, Loss: 5.637491703033447
Epoch: 5913, Loss: 5.614235877990723
Epoch: 5914, Loss: 5.590682029724121
Epoch: 5915, Loss: 5.6568379402160645
Epoch: 5916, Loss: 5.697108268737793
Epoch: 5917, Loss: 5.6155595779418945
Epoch: 5918, Loss: 5.581884384155273
Epoch: 5919, Loss: 5.609411239624023
Epoch: 5920, Loss: 5.6929731369018555
Test acc: 0.0763, IC acc: 0.0016, IC acc2: 0.0035, IW acc: 0.3207
Epoch: 5921, Loss: 5.647098541259766
Epoch: 5922, Loss: 5.574440002441406
Epoch: 5923, Loss: 5.644986629486084
Epoch: 5924, Loss: 5.6705732345581055
Epoch: 5925, Loss: 5.557273864746094
Epoch: 5926, Loss: 5.615424156188965
Epoch: 5927, Loss: 5.653009414672852
Epoch: 5928, Loss: 5.612795829772949
Epoch: 5929, Loss: 5.663395404815674
Epoch: 5930, Loss: 5.649134635925293
Test acc: 0.0768, IC acc: 0.0016, IC acc2: 0.0035, IW acc: 0.324
Epoch: 5931, Loss: 5.694108486175537
Epoch: 5932, Loss: 5.637458801269531
Epoch: 5933, Loss: 5.6489458084106445
Epoch: 5934, Loss: 5.631701469421387
Epoch: 5935, Loss: 5.661543369293213
Epoch: 5936, Loss: 5.710219383239746
Epoch: 5937, Loss: 5.641732215881348
Epoch: 5938, Loss: 5.588881492614746
Epoch: 5939, Loss: 5.6448469161987305
Epoch: 5940, Loss: 5.670656681060791
Test acc: 0.0766, IC acc: 0.0016, IC acc2: 0.0035, IW acc: 0.3238
Epoch: 5941, Loss: 5.665974140167236
Epoch: 5942, Loss: 5.71540641784668
Epoch: 5943, Loss: 5.677119255065918
Epoch: 5944, Loss: 5.652290344238281
Epoch: 5945, Loss: 5.649881362915039
Epoch: 5946, Loss: 5.606060028076172
Epoch: 5947, Loss: 5.63541316986084
Epoch: 5948, Loss: 5.591230392456055
Epoch: 5949, Loss: 5.660333633422852
./circuit_plots/Unrestricted Disentangled|Readout|CN=0|B0=2|B1=2|K=1280|L=320|p_B=0.75|p_C=0.75|B=2|eps=0|95cf655c-5fe1-41ee-b5c6-acd2a4761507/ already exists.
./circuit_plots/Unrestricted Disentangled|Readout|CN=0|B0=2|B1=2|K=1280|L=320|p_B=0.75|p_C=0.75|B=2|eps=0|95cf655c-5fe1-41ee-b5c6-acd2a4761507/ already exists.
./circuit_plots/Unrestricted Disentangled|Readout|CN=0|B0=2|B1=2|K=1280|L=320|p_B=0.75|p_C=0.75|B=2|eps=0|95cf655c-5fe1-41ee-b5c6-acd2a4761507/ already exists.
./circuit_plots/Unrestricted Disentangled|Readout|CN=0|B0=2|B1=2|K=1280|L=320|p_B=0.75|p_C=0.75|B=2|eps=0|95cf655c-5fe1-41ee-b5c6-acd2a4761507/ already exists.
./circuit_plots/Unrestricted Disentangled|Readout|CN=0|B0=2|B1=2|K=1280|L=320|p_B=0.75|p_C=0.75|B=2|eps=0|95cf655c-5fe1-41ee-b5c6-acd2a4761507/ already exists.
./circuit_plots/Unrestricted Disentangled|Readout|CN=0|B0=2|B1=2|K=1280|L=320|p_B=0.75|p_C=0.75|B=2|eps=0|95cf655c-5fe1-41ee-b5c6-acd2a4761507/ already exists.
./circuit_plots/Unrestricted Disentangled|Readout|CN=0|B0=2|B1=2|K=1280|L=320|p_B=0.75|p_C=0.75|B=2|eps=0|95cf655c-5fe1-41ee-b5c6-acd2a4761507/ already exists.
Epoch: 5950, Loss: 5.694143772125244
Test acc: 0.0773, IC acc: 0.0016, IC acc2: 0.0035, IW acc: 0.3223
Epoch: 5951, Loss: 5.707067966461182
Epoch: 5952, Loss: 5.642124652862549
Epoch: 5953, Loss: 5.651185035705566
Epoch: 5954, Loss: 5.70138692855835
Epoch: 5955, Loss: 5.612592697143555
Epoch: 5956, Loss: 5.694175720214844
Epoch: 5957, Loss: 5.593079566955566
Epoch: 5958, Loss: 5.5904083251953125
Epoch: 5959, Loss: 5.604825019836426
Epoch: 5960, Loss: 5.63401985168457
Test acc: 0.0778, IC acc: 0.0016, IC acc2: 0.0035, IW acc: 0.3264
Epoch: 5961, Loss: 5.67757511138916
Epoch: 5962, Loss: 5.634370803833008
Epoch: 5963, Loss: 5.71801233291626
Epoch: 5964, Loss: 5.5633649826049805
Epoch: 5965, Loss: 5.670506954193115
Epoch: 5966, Loss: 5.667393684387207
Epoch: 5967, Loss: 5.696498394012451
Epoch: 5968, Loss: 5.65067195892334
Epoch: 5969, Loss: 5.587588310241699
Epoch: 5970, Loss: 5.644369602203369
Test acc: 0.0774, IC acc: 0.0016, IC acc2: 0.0035, IW acc: 0.3257
Epoch: 5971, Loss: 5.606687545776367
Epoch: 5972, Loss: 5.67818546295166
Epoch: 5973, Loss: 5.653796672821045
Epoch: 5974, Loss: 5.666069984436035
Epoch: 5975, Loss: 5.727837562561035
Epoch: 5976, Loss: 5.652217388153076
Epoch: 5977, Loss: 5.687441349029541
Epoch: 5978, Loss: 5.638623237609863
Epoch: 5979, Loss: 5.6402106285095215
Epoch: 5980, Loss: 5.592322826385498
Test acc: 0.0775, IC acc: 0.0016, IC acc2: 0.0035, IW acc: 0.3263
Epoch: 5981, Loss: 5.580916404724121
Epoch: 5982, Loss: 5.665006637573242
Epoch: 5983, Loss: 5.669538497924805
Epoch: 5984, Loss: 5.649294853210449
Epoch: 5985, Loss: 5.664486885070801
Epoch: 5986, Loss: 5.630586624145508
Epoch: 5987, Loss: 5.628056049346924
Epoch: 5988, Loss: 5.685491561889648
Epoch: 5989, Loss: 5.6481757164001465
Epoch: 5990, Loss: 5.654115676879883
Test acc: 0.0776, IC acc: 0.0016, IC acc2: 0.0035, IW acc: 0.3274
Epoch: 5991, Loss: 5.620534896850586
Epoch: 5992, Loss: 5.650936603546143
Epoch: 5993, Loss: 5.666563034057617
Epoch: 5994, Loss: 5.707934379577637
Epoch: 5995, Loss: 5.620419502258301
Epoch: 5996, Loss: 5.64271354675293
Epoch: 5997, Loss: 5.63045597076416
Epoch: 5998, Loss: 5.649560928344727
Epoch: 5999, Loss: 5.5839433670043945
./circuit_plots/Unrestricted Disentangled|Readout|CN=0|B0=2|B1=2|K=1280|L=320|p_B=0.75|p_C=0.75|B=2|eps=0|95cf655c-5fe1-41ee-b5c6-acd2a4761507/ already exists.
./circuit_plots/Unrestricted Disentangled|Readout|CN=0|B0=2|B1=2|K=1280|L=320|p_B=0.75|p_C=0.75|B=2|eps=0|95cf655c-5fe1-41ee-b5c6-acd2a4761507/ already exists.
./circuit_plots/Unrestricted Disentangled|Readout|CN=0|B0=2|B1=2|K=1280|L=320|p_B=0.75|p_C=0.75|B=2|eps=0|95cf655c-5fe1-41ee-b5c6-acd2a4761507/ already exists.
./circuit_plots/Unrestricted Disentangled|Readout|CN=0|B0=2|B1=2|K=1280|L=320|p_B=0.75|p_C=0.75|B=2|eps=0|95cf655c-5fe1-41ee-b5c6-acd2a4761507/ already exists.
./circuit_plots/Unrestricted Disentangled|Readout|CN=0|B0=2|B1=2|K=1280|L=320|p_B=0.75|p_C=0.75|B=2|eps=0|95cf655c-5fe1-41ee-b5c6-acd2a4761507/ already exists.
./circuit_plots/Unrestricted Disentangled|Readout|CN=0|B0=2|B1=2|K=1280|L=320|p_B=0.75|p_C=0.75|B=2|eps=0|95cf655c-5fe1-41ee-b5c6-acd2a4761507/ already exists.
./circuit_plots/Unrestricted Disentangled|Readout|CN=0|B0=2|B1=2|K=1280|L=320|p_B=0.75|p_C=0.75|B=2|eps=0|95cf655c-5fe1-41ee-b5c6-acd2a4761507/ already exists.
Epoch: 6000, Loss: 5.659946918487549
Test acc: 0.0777, IC acc: 0.0016, IC acc2: 0.0035, IW acc: 0.3286
Epoch: 6001, Loss: 5.599762916564941
Epoch: 6002, Loss: 5.615147113800049
Epoch: 6003, Loss: 5.572508335113525
Epoch: 6004, Loss: 5.590636253356934
Epoch: 6005, Loss: 5.635890007019043
Epoch: 6006, Loss: 5.625882148742676
Epoch: 6007, Loss: 5.629392623901367
Epoch: 6008, Loss: 5.603814125061035
Epoch: 6009, Loss: 5.656993865966797
Epoch: 6010, Loss: 5.59966516494751
Test acc: 0.0785, IC acc: 0.0016, IC acc2: 0.0035, IW acc: 0.3294
Epoch: 6011, Loss: 5.6814680099487305
Epoch: 6012, Loss: 5.686053276062012
Epoch: 6013, Loss: 5.6627678871154785
Epoch: 6014, Loss: 5.65732479095459
Epoch: 6015, Loss: 5.608664035797119
Epoch: 6016, Loss: 5.647509574890137
Epoch: 6017, Loss: 5.597119331359863
Epoch: 6018, Loss: 5.67397403717041
Epoch: 6019, Loss: 5.606690883636475
Epoch: 6020, Loss: 5.600812911987305
Test acc: 0.0784, IC acc: 0.0016, IC acc2: 0.0035, IW acc: 0.3306
Epoch: 6021, Loss: 5.628977298736572
Epoch: 6022, Loss: 5.622886657714844
Epoch: 6023, Loss: 5.6100921630859375
Epoch: 6024, Loss: 5.635530471801758
Epoch: 6025, Loss: 5.664945602416992
Epoch: 6026, Loss: 5.626721382141113
Epoch: 6027, Loss: 5.589068412780762
Epoch: 6028, Loss: 5.627032279968262
Epoch: 6029, Loss: 5.58255672454834
Epoch: 6030, Loss: 5.579739570617676
Test acc: 0.0791, IC acc: 0.0016, IC acc2: 0.0035, IW acc: 0.3325
Epoch: 6031, Loss: 5.592255115509033
Epoch: 6032, Loss: 5.650779724121094
Epoch: 6033, Loss: 5.677751541137695
Epoch: 6034, Loss: 5.695888042449951
Epoch: 6035, Loss: 5.663756370544434
Epoch: 6036, Loss: 5.672849178314209
Epoch: 6037, Loss: 5.6636738777160645
Epoch: 6038, Loss: 5.699376106262207
Epoch: 6039, Loss: 5.5971999168396
Epoch: 6040, Loss: 5.713471412658691
Test acc: 0.079, IC acc: 0.0016, IC acc2: 0.0035, IW acc: 0.3317
Epoch: 6041, Loss: 5.620542526245117
Epoch: 6042, Loss: 5.65361213684082
Epoch: 6043, Loss: 5.71027946472168
Epoch: 6044, Loss: 5.63407039642334
Epoch: 6045, Loss: 5.644654750823975
Epoch: 6046, Loss: 5.681532859802246
Epoch: 6047, Loss: 5.645052909851074
Epoch: 6048, Loss: 5.6656365394592285
Epoch: 6049, Loss: 5.58729362487793
./circuit_plots/Unrestricted Disentangled|Readout|CN=0|B0=2|B1=2|K=1280|L=320|p_B=0.75|p_C=0.75|B=2|eps=0|95cf655c-5fe1-41ee-b5c6-acd2a4761507/ already exists.
./circuit_plots/Unrestricted Disentangled|Readout|CN=0|B0=2|B1=2|K=1280|L=320|p_B=0.75|p_C=0.75|B=2|eps=0|95cf655c-5fe1-41ee-b5c6-acd2a4761507/ already exists.
./circuit_plots/Unrestricted Disentangled|Readout|CN=0|B0=2|B1=2|K=1280|L=320|p_B=0.75|p_C=0.75|B=2|eps=0|95cf655c-5fe1-41ee-b5c6-acd2a4761507/ already exists.
./circuit_plots/Unrestricted Disentangled|Readout|CN=0|B0=2|B1=2|K=1280|L=320|p_B=0.75|p_C=0.75|B=2|eps=0|95cf655c-5fe1-41ee-b5c6-acd2a4761507/ already exists.
./circuit_plots/Unrestricted Disentangled|Readout|CN=0|B0=2|B1=2|K=1280|L=320|p_B=0.75|p_C=0.75|B=2|eps=0|95cf655c-5fe1-41ee-b5c6-acd2a4761507/ already exists.
./circuit_plots/Unrestricted Disentangled|Readout|CN=0|B0=2|B1=2|K=1280|L=320|p_B=0.75|p_C=0.75|B=2|eps=0|95cf655c-5fe1-41ee-b5c6-acd2a4761507/ already exists.
./circuit_plots/Unrestricted Disentangled|Readout|CN=0|B0=2|B1=2|K=1280|L=320|p_B=0.75|p_C=0.75|B=2|eps=0|95cf655c-5fe1-41ee-b5c6-acd2a4761507/ already exists.
Epoch: 6050, Loss: 5.687365531921387
Test acc: 0.079, IC acc: 0.0016, IC acc2: 0.0035, IW acc: 0.3323
Epoch: 6051, Loss: 5.592034339904785
Epoch: 6052, Loss: 5.614804267883301
Epoch: 6053, Loss: 5.67427396774292
Epoch: 6054, Loss: 5.692572593688965
Epoch: 6055, Loss: 5.631028652191162
Epoch: 6056, Loss: 5.645014762878418
Epoch: 6057, Loss: 5.642301559448242
Epoch: 6058, Loss: 5.621002197265625
Epoch: 6059, Loss: 5.615699768066406
Epoch: 6060, Loss: 5.61214542388916
Test acc: 0.0793, IC acc: 0.0016, IC acc2: 0.0035, IW acc: 0.3347
Epoch: 6061, Loss: 5.644721508026123
Epoch: 6062, Loss: 5.663811683654785
Epoch: 6063, Loss: 5.6298604011535645
Epoch: 6064, Loss: 5.648899078369141
Epoch: 6065, Loss: 5.708744049072266
Epoch: 6066, Loss: 5.652064323425293
Epoch: 6067, Loss: 5.595283508300781
Epoch: 6068, Loss: 5.626337051391602
Epoch: 6069, Loss: 5.635329246520996
Epoch: 6070, Loss: 5.6306352615356445
Test acc: 0.0797, IC acc: 0.0016, IC acc2: 0.0035, IW acc: 0.3359
Epoch: 6071, Loss: 5.683296203613281
Epoch: 6072, Loss: 5.681902885437012
Epoch: 6073, Loss: 5.640972137451172
Epoch: 6074, Loss: 5.624948024749756
Epoch: 6075, Loss: 5.642586708068848
Epoch: 6076, Loss: 5.664712429046631
Epoch: 6077, Loss: 5.665086269378662
Epoch: 6078, Loss: 5.6524786949157715
Epoch: 6079, Loss: 5.641775131225586
Epoch: 6080, Loss: 5.65330696105957
Test acc: 0.0805, IC acc: 0.0016, IC acc2: 0.0035, IW acc: 0.3396
Epoch: 6081, Loss: 5.599159240722656
Epoch: 6082, Loss: 5.65752649307251
Epoch: 6083, Loss: 5.618454933166504
Epoch: 6084, Loss: 5.654959678649902
Epoch: 6085, Loss: 5.617156982421875
Epoch: 6086, Loss: 5.643592357635498
Epoch: 6087, Loss: 5.614778518676758
Epoch: 6088, Loss: 5.625831604003906
Epoch: 6089, Loss: 5.615281105041504
Epoch: 6090, Loss: 5.679789066314697
Test acc: 0.0805, IC acc: 0.0016, IC acc2: 0.0035, IW acc: 0.3396
Epoch: 6091, Loss: 5.622344970703125
Epoch: 6092, Loss: 5.699960231781006
Epoch: 6093, Loss: 5.567535400390625
Epoch: 6094, Loss: 5.606133460998535
Epoch: 6095, Loss: 5.642446041107178
Epoch: 6096, Loss: 5.576478958129883
Epoch: 6097, Loss: 5.693953990936279
Epoch: 6098, Loss: 5.6241230964660645
Epoch: 6099, Loss: 5.646298885345459
./circuit_plots/Unrestricted Disentangled|Readout|CN=0|B0=2|B1=2|K=1280|L=320|p_B=0.75|p_C=0.75|B=2|eps=0|95cf655c-5fe1-41ee-b5c6-acd2a4761507/ already exists.
./circuit_plots/Unrestricted Disentangled|Readout|CN=0|B0=2|B1=2|K=1280|L=320|p_B=0.75|p_C=0.75|B=2|eps=0|95cf655c-5fe1-41ee-b5c6-acd2a4761507/ already exists.
./circuit_plots/Unrestricted Disentangled|Readout|CN=0|B0=2|B1=2|K=1280|L=320|p_B=0.75|p_C=0.75|B=2|eps=0|95cf655c-5fe1-41ee-b5c6-acd2a4761507/ already exists.
./circuit_plots/Unrestricted Disentangled|Readout|CN=0|B0=2|B1=2|K=1280|L=320|p_B=0.75|p_C=0.75|B=2|eps=0|95cf655c-5fe1-41ee-b5c6-acd2a4761507/ already exists.
./circuit_plots/Unrestricted Disentangled|Readout|CN=0|B0=2|B1=2|K=1280|L=320|p_B=0.75|p_C=0.75|B=2|eps=0|95cf655c-5fe1-41ee-b5c6-acd2a4761507/ already exists.
./circuit_plots/Unrestricted Disentangled|Readout|CN=0|B0=2|B1=2|K=1280|L=320|p_B=0.75|p_C=0.75|B=2|eps=0|95cf655c-5fe1-41ee-b5c6-acd2a4761507/ already exists.
./circuit_plots/Unrestricted Disentangled|Readout|CN=0|B0=2|B1=2|K=1280|L=320|p_B=0.75|p_C=0.75|B=2|eps=0|95cf655c-5fe1-41ee-b5c6-acd2a4761507/ already exists.
Epoch: 6100, Loss: 5.648523330688477
Test acc: 0.0822, IC acc: 0.0016, IC acc2: 0.0035, IW acc: 0.341
Epoch: 6101, Loss: 5.657405376434326
Epoch: 6102, Loss: 5.649984359741211
Epoch: 6103, Loss: 5.601941108703613
Epoch: 6104, Loss: 5.601208686828613
Epoch: 6105, Loss: 5.641574859619141
Epoch: 6106, Loss: 5.584613800048828
Epoch: 6107, Loss: 5.625692844390869
Epoch: 6108, Loss: 5.67054557800293
Epoch: 6109, Loss: 5.660647869110107
Epoch: 6110, Loss: 5.589292526245117
Test acc: 0.0822, IC acc: 0.0016, IC acc2: 0.0035, IW acc: 0.3419
Epoch: 6111, Loss: 5.6386213302612305
Epoch: 6112, Loss: 5.64455509185791
Epoch: 6113, Loss: 5.669058799743652
Epoch: 6114, Loss: 5.6643877029418945
Epoch: 6115, Loss: 5.682534694671631
Epoch: 6116, Loss: 5.630269527435303
Epoch: 6117, Loss: 5.678124904632568
Epoch: 6118, Loss: 5.642165184020996
Epoch: 6119, Loss: 5.59827995300293
Epoch: 6120, Loss: 5.599427700042725
Test acc: 0.0823, IC acc: 0.0016, IC acc2: 0.0035, IW acc: 0.3433
Epoch: 6121, Loss: 5.604676246643066
Epoch: 6122, Loss: 5.613767147064209
Epoch: 6123, Loss: 5.664546966552734
Epoch: 6124, Loss: 5.605856895446777
Epoch: 6125, Loss: 5.599308013916016
Epoch: 6126, Loss: 5.620428562164307
Epoch: 6127, Loss: 5.580545902252197
Epoch: 6128, Loss: 5.655475616455078
Epoch: 6129, Loss: 5.620627403259277
Epoch: 6130, Loss: 5.597604274749756
Test acc: 0.0841, IC acc: 0.0016, IC acc2: 0.0035, IW acc: 0.3468
Epoch: 6131, Loss: 5.70818567276001
Epoch: 6132, Loss: 5.6932373046875
Epoch: 6133, Loss: 5.6646857261657715
Epoch: 6134, Loss: 5.625458240509033
Epoch: 6135, Loss: 5.630650520324707
Epoch: 6136, Loss: 5.570732593536377
Epoch: 6137, Loss: 5.67172908782959
Epoch: 6138, Loss: 5.638607025146484
Epoch: 6139, Loss: 5.624292373657227
Epoch: 6140, Loss: 5.656437873840332
Test acc: 0.0846, IC acc: 0.0016, IC acc2: 0.0035, IW acc: 0.3498
Epoch: 6141, Loss: 5.621400833129883
Epoch: 6142, Loss: 5.650969505310059
Epoch: 6143, Loss: 5.6423845291137695
Epoch: 6144, Loss: 5.636873245239258
Epoch: 6145, Loss: 5.676571846008301
Epoch: 6146, Loss: 5.691923141479492
Epoch: 6147, Loss: 5.5714006423950195
Epoch: 6148, Loss: 5.604192733764648
Epoch: 6149, Loss: 5.621603012084961
./circuit_plots/Unrestricted Disentangled|Readout|CN=0|B0=2|B1=2|K=1280|L=320|p_B=0.75|p_C=0.75|B=2|eps=0|95cf655c-5fe1-41ee-b5c6-acd2a4761507/ already exists.
./circuit_plots/Unrestricted Disentangled|Readout|CN=0|B0=2|B1=2|K=1280|L=320|p_B=0.75|p_C=0.75|B=2|eps=0|95cf655c-5fe1-41ee-b5c6-acd2a4761507/ already exists.
./circuit_plots/Unrestricted Disentangled|Readout|CN=0|B0=2|B1=2|K=1280|L=320|p_B=0.75|p_C=0.75|B=2|eps=0|95cf655c-5fe1-41ee-b5c6-acd2a4761507/ already exists.
./circuit_plots/Unrestricted Disentangled|Readout|CN=0|B0=2|B1=2|K=1280|L=320|p_B=0.75|p_C=0.75|B=2|eps=0|95cf655c-5fe1-41ee-b5c6-acd2a4761507/ already exists.
./circuit_plots/Unrestricted Disentangled|Readout|CN=0|B0=2|B1=2|K=1280|L=320|p_B=0.75|p_C=0.75|B=2|eps=0|95cf655c-5fe1-41ee-b5c6-acd2a4761507/ already exists.
./circuit_plots/Unrestricted Disentangled|Readout|CN=0|B0=2|B1=2|K=1280|L=320|p_B=0.75|p_C=0.75|B=2|eps=0|95cf655c-5fe1-41ee-b5c6-acd2a4761507/ already exists.
./circuit_plots/Unrestricted Disentangled|Readout|CN=0|B0=2|B1=2|K=1280|L=320|p_B=0.75|p_C=0.75|B=2|eps=0|95cf655c-5fe1-41ee-b5c6-acd2a4761507/ already exists.
Epoch: 6150, Loss: 5.574770450592041
Test acc: 0.0849, IC acc: 0.0016, IC acc2: 0.0035, IW acc: 0.3505
Epoch: 6151, Loss: 5.645058631896973
Epoch: 6152, Loss: 5.63259744644165
Epoch: 6153, Loss: 5.605113506317139
Epoch: 6154, Loss: 5.60708475112915
Epoch: 6155, Loss: 5.650838851928711
Epoch: 6156, Loss: 5.720711708068848
Epoch: 6157, Loss: 5.644332408905029
Epoch: 6158, Loss: 5.599188804626465
Epoch: 6159, Loss: 5.635842323303223
Epoch: 6160, Loss: 5.5926432609558105
Test acc: 0.0851, IC acc: 0.0016, IC acc2: 0.0035, IW acc: 0.351
Epoch: 6161, Loss: 5.590335845947266
Epoch: 6162, Loss: 5.63797664642334
Epoch: 6163, Loss: 5.58857536315918
Epoch: 6164, Loss: 5.6707763671875
Epoch: 6165, Loss: 5.647505760192871
Epoch: 6166, Loss: 5.72767448425293
Epoch: 6167, Loss: 5.592754364013672
Epoch: 6168, Loss: 5.636557579040527
Epoch: 6169, Loss: 5.652790069580078
Epoch: 6170, Loss: 5.635033130645752
Test acc: 0.0863, IC acc: 0.0016, IC acc2: 0.0035, IW acc: 0.3537
Epoch: 6171, Loss: 5.602097511291504
Epoch: 6172, Loss: 5.58665657043457
Epoch: 6173, Loss: 5.581098556518555
Epoch: 6174, Loss: 5.64115047454834
Epoch: 6175, Loss: 5.629547595977783
Epoch: 6176, Loss: 5.6717376708984375
Epoch: 6177, Loss: 5.607233047485352
Epoch: 6178, Loss: 5.715277194976807
Epoch: 6179, Loss: 5.6178107261657715
Epoch: 6180, Loss: 5.646141052246094
Test acc: 0.0865, IC acc: 0.0016, IC acc2: 0.0035, IW acc: 0.3537
Epoch: 6181, Loss: 5.686846733093262
Epoch: 6182, Loss: 5.633408546447754
Epoch: 6183, Loss: 5.604236602783203
Epoch: 6184, Loss: 5.625391960144043
Epoch: 6185, Loss: 5.595002174377441
Epoch: 6186, Loss: 5.638605117797852
Epoch: 6187, Loss: 5.554239273071289
Epoch: 6188, Loss: 5.603847503662109
Epoch: 6189, Loss: 5.664126873016357
Epoch: 6190, Loss: 5.562117576599121
Test acc: 0.0874, IC acc: 0.0016, IC acc2: 0.0035, IW acc: 0.3546
Epoch: 6191, Loss: 5.701210021972656
Epoch: 6192, Loss: 5.6679511070251465
Epoch: 6193, Loss: 5.6705498695373535
Epoch: 6194, Loss: 5.669336318969727
Epoch: 6195, Loss: 5.641064643859863
Epoch: 6196, Loss: 5.576380252838135
Epoch: 6197, Loss: 5.625444412231445
Epoch: 6198, Loss: 5.663490295410156
Epoch: 6199, Loss: 5.667898178100586
./circuit_plots/Unrestricted Disentangled|Readout|CN=0|B0=2|B1=2|K=1280|L=320|p_B=0.75|p_C=0.75|B=2|eps=0|95cf655c-5fe1-41ee-b5c6-acd2a4761507/ already exists.
./circuit_plots/Unrestricted Disentangled|Readout|CN=0|B0=2|B1=2|K=1280|L=320|p_B=0.75|p_C=0.75|B=2|eps=0|95cf655c-5fe1-41ee-b5c6-acd2a4761507/ already exists.
./circuit_plots/Unrestricted Disentangled|Readout|CN=0|B0=2|B1=2|K=1280|L=320|p_B=0.75|p_C=0.75|B=2|eps=0|95cf655c-5fe1-41ee-b5c6-acd2a4761507/ already exists.
./circuit_plots/Unrestricted Disentangled|Readout|CN=0|B0=2|B1=2|K=1280|L=320|p_B=0.75|p_C=0.75|B=2|eps=0|95cf655c-5fe1-41ee-b5c6-acd2a4761507/ already exists.
./circuit_plots/Unrestricted Disentangled|Readout|CN=0|B0=2|B1=2|K=1280|L=320|p_B=0.75|p_C=0.75|B=2|eps=0|95cf655c-5fe1-41ee-b5c6-acd2a4761507/ already exists.
./circuit_plots/Unrestricted Disentangled|Readout|CN=0|B0=2|B1=2|K=1280|L=320|p_B=0.75|p_C=0.75|B=2|eps=0|95cf655c-5fe1-41ee-b5c6-acd2a4761507/ already exists.
./circuit_plots/Unrestricted Disentangled|Readout|CN=0|B0=2|B1=2|K=1280|L=320|p_B=0.75|p_C=0.75|B=2|eps=0|95cf655c-5fe1-41ee-b5c6-acd2a4761507/ already exists.
Epoch: 6200, Loss: 5.6960129737854
Test acc: 0.0889, IC acc: 0.0016, IC acc2: 0.0035, IW acc: 0.3571
Epoch: 6201, Loss: 5.570725440979004
Epoch: 6202, Loss: 5.6915154457092285
Epoch: 6203, Loss: 5.630166053771973
Epoch: 6204, Loss: 5.690016746520996
Epoch: 6205, Loss: 5.6521196365356445
Epoch: 6206, Loss: 5.608159065246582
Epoch: 6207, Loss: 5.580232620239258
Epoch: 6208, Loss: 5.639252662658691
Epoch: 6209, Loss: 5.668671607971191
Epoch: 6210, Loss: 5.646447658538818
Test acc: 0.0878, IC acc: 0.0016, IC acc2: 0.0035, IW acc: 0.3573
Epoch: 6211, Loss: 5.662112236022949
Epoch: 6212, Loss: 5.707782745361328
Epoch: 6213, Loss: 5.6384382247924805
Epoch: 6214, Loss: 5.5830769538879395
Epoch: 6215, Loss: 5.7185163497924805
Epoch: 6216, Loss: 5.592905044555664
Epoch: 6217, Loss: 5.696840286254883
Epoch: 6218, Loss: 5.696932315826416
Epoch: 6219, Loss: 5.638458251953125
Epoch: 6220, Loss: 5.661280632019043
Test acc: 0.0884, IC acc: 0.0016, IC acc2: 0.0035, IW acc: 0.3576
Epoch: 6221, Loss: 5.685057640075684
Epoch: 6222, Loss: 5.654294967651367
Epoch: 6223, Loss: 5.637470722198486
Epoch: 6224, Loss: 5.685066223144531
Epoch: 6225, Loss: 5.60832405090332
Epoch: 6226, Loss: 5.599651336669922
Epoch: 6227, Loss: 5.6624345779418945
Epoch: 6228, Loss: 5.620704650878906
Epoch: 6229, Loss: 5.629245281219482
Epoch: 6230, Loss: 5.607914447784424
Test acc: 0.0894, IC acc: 0.0016, IC acc2: 0.0035, IW acc: 0.3601
Epoch: 6231, Loss: 5.574548721313477
Epoch: 6232, Loss: 5.637778282165527
Epoch: 6233, Loss: 5.651309013366699
Epoch: 6234, Loss: 5.626091957092285
Epoch: 6235, Loss: 5.589591979980469
Epoch: 6236, Loss: 5.624335765838623
Epoch: 6237, Loss: 5.63850736618042
Epoch: 6238, Loss: 5.649726390838623
Epoch: 6239, Loss: 5.6178436279296875
Epoch: 6240, Loss: 5.625531196594238
Test acc: 0.0895, IC acc: 0.0016, IC acc2: 0.0035, IW acc: 0.3617
Epoch: 6241, Loss: 5.650972843170166
Epoch: 6242, Loss: 5.610202789306641
Epoch: 6243, Loss: 5.576898097991943
Epoch: 6244, Loss: 5.649431228637695
Epoch: 6245, Loss: 5.659984588623047
Epoch: 6246, Loss: 5.556179046630859
Epoch: 6247, Loss: 5.651669979095459
Epoch: 6248, Loss: 5.645183563232422
Epoch: 6249, Loss: 5.64445686340332
./circuit_plots/Unrestricted Disentangled|Readout|CN=0|B0=2|B1=2|K=1280|L=320|p_B=0.75|p_C=0.75|B=2|eps=0|95cf655c-5fe1-41ee-b5c6-acd2a4761507/ already exists.
./circuit_plots/Unrestricted Disentangled|Readout|CN=0|B0=2|B1=2|K=1280|L=320|p_B=0.75|p_C=0.75|B=2|eps=0|95cf655c-5fe1-41ee-b5c6-acd2a4761507/ already exists.
./circuit_plots/Unrestricted Disentangled|Readout|CN=0|B0=2|B1=2|K=1280|L=320|p_B=0.75|p_C=0.75|B=2|eps=0|95cf655c-5fe1-41ee-b5c6-acd2a4761507/ already exists.
./circuit_plots/Unrestricted Disentangled|Readout|CN=0|B0=2|B1=2|K=1280|L=320|p_B=0.75|p_C=0.75|B=2|eps=0|95cf655c-5fe1-41ee-b5c6-acd2a4761507/ already exists.
./circuit_plots/Unrestricted Disentangled|Readout|CN=0|B0=2|B1=2|K=1280|L=320|p_B=0.75|p_C=0.75|B=2|eps=0|95cf655c-5fe1-41ee-b5c6-acd2a4761507/ already exists.
./circuit_plots/Unrestricted Disentangled|Readout|CN=0|B0=2|B1=2|K=1280|L=320|p_B=0.75|p_C=0.75|B=2|eps=0|95cf655c-5fe1-41ee-b5c6-acd2a4761507/ already exists.
./circuit_plots/Unrestricted Disentangled|Readout|CN=0|B0=2|B1=2|K=1280|L=320|p_B=0.75|p_C=0.75|B=2|eps=0|95cf655c-5fe1-41ee-b5c6-acd2a4761507/ already exists.
Epoch: 6250, Loss: 5.619813442230225
Test acc: 0.0895, IC acc: 0.0016, IC acc2: 0.0035, IW acc: 0.3625
Epoch: 6251, Loss: 5.617293357849121
Epoch: 6252, Loss: 5.539364814758301
Epoch: 6253, Loss: 5.6082282066345215
Epoch: 6254, Loss: 5.58832311630249
Epoch: 6255, Loss: 5.641881942749023
Epoch: 6256, Loss: 5.645542144775391
Epoch: 6257, Loss: 5.728100776672363
Epoch: 6258, Loss: 5.652837753295898
Epoch: 6259, Loss: 5.605762481689453
Epoch: 6260, Loss: 5.624974250793457
Test acc: 0.0901, IC acc: 0.0016, IC acc2: 0.0035, IW acc: 0.3648
Epoch: 6261, Loss: 5.620964050292969
Epoch: 6262, Loss: 5.661463260650635
Epoch: 6263, Loss: 5.666421413421631
Epoch: 6264, Loss: 5.636465549468994
Epoch: 6265, Loss: 5.692552089691162
Epoch: 6266, Loss: 5.658635139465332
Epoch: 6267, Loss: 5.596787452697754
Epoch: 6268, Loss: 5.659064292907715
Epoch: 6269, Loss: 5.665555000305176
Epoch: 6270, Loss: 5.647153854370117
Test acc: 0.09, IC acc: 0.0016, IC acc2: 0.0035, IW acc: 0.3639
Epoch: 6271, Loss: 5.669961452484131
Epoch: 6272, Loss: 5.618061065673828
Epoch: 6273, Loss: 5.634928226470947
Epoch: 6274, Loss: 5.632781028747559
Epoch: 6275, Loss: 5.696399688720703
Epoch: 6276, Loss: 5.641867160797119
Epoch: 6277, Loss: 5.68057107925415
Epoch: 6278, Loss: 5.645479202270508
Epoch: 6279, Loss: 5.60316276550293
Epoch: 6280, Loss: 5.6261444091796875
Test acc: 0.09, IC acc: 0.0016, IC acc2: 0.0035, IW acc: 0.3639
Epoch: 6281, Loss: 5.690564155578613
Epoch: 6282, Loss: 5.681453704833984
Epoch: 6283, Loss: 5.590450763702393
Epoch: 6284, Loss: 5.658059120178223
Epoch: 6285, Loss: 5.611191749572754
Epoch: 6286, Loss: 5.671882629394531
Epoch: 6287, Loss: 5.590633392333984
Epoch: 6288, Loss: 5.653481483459473
Epoch: 6289, Loss: 5.685860633850098
Epoch: 6290, Loss: 5.651872634887695
Test acc: 0.091, IC acc: 0.0016, IC acc2: 0.0035, IW acc: 0.3695
Epoch: 6291, Loss: 5.696372032165527
Epoch: 6292, Loss: 5.530888557434082
Epoch: 6293, Loss: 5.62196159362793
Epoch: 6294, Loss: 5.6624345779418945
Epoch: 6295, Loss: 5.568266868591309
Epoch: 6296, Loss: 5.60423469543457
Epoch: 6297, Loss: 5.616324424743652
Epoch: 6298, Loss: 5.607918739318848
Epoch: 6299, Loss: 5.566247463226318
./circuit_plots/Unrestricted Disentangled|Readout|CN=0|B0=2|B1=2|K=1280|L=320|p_B=0.75|p_C=0.75|B=2|eps=0|95cf655c-5fe1-41ee-b5c6-acd2a4761507/ already exists.
./circuit_plots/Unrestricted Disentangled|Readout|CN=0|B0=2|B1=2|K=1280|L=320|p_B=0.75|p_C=0.75|B=2|eps=0|95cf655c-5fe1-41ee-b5c6-acd2a4761507/ already exists.
./circuit_plots/Unrestricted Disentangled|Readout|CN=0|B0=2|B1=2|K=1280|L=320|p_B=0.75|p_C=0.75|B=2|eps=0|95cf655c-5fe1-41ee-b5c6-acd2a4761507/ already exists.
./circuit_plots/Unrestricted Disentangled|Readout|CN=0|B0=2|B1=2|K=1280|L=320|p_B=0.75|p_C=0.75|B=2|eps=0|95cf655c-5fe1-41ee-b5c6-acd2a4761507/ already exists.
./circuit_plots/Unrestricted Disentangled|Readout|CN=0|B0=2|B1=2|K=1280|L=320|p_B=0.75|p_C=0.75|B=2|eps=0|95cf655c-5fe1-41ee-b5c6-acd2a4761507/ already exists.
./circuit_plots/Unrestricted Disentangled|Readout|CN=0|B0=2|B1=2|K=1280|L=320|p_B=0.75|p_C=0.75|B=2|eps=0|95cf655c-5fe1-41ee-b5c6-acd2a4761507/ already exists.
./circuit_plots/Unrestricted Disentangled|Readout|CN=0|B0=2|B1=2|K=1280|L=320|p_B=0.75|p_C=0.75|B=2|eps=0|95cf655c-5fe1-41ee-b5c6-acd2a4761507/ already exists.
Epoch: 6300, Loss: 5.633065223693848
Test acc: 0.0914, IC acc: 0.0016, IC acc2: 0.0035, IW acc: 0.3718
Epoch: 6301, Loss: 5.641803741455078
Epoch: 6302, Loss: 5.638372898101807
Epoch: 6303, Loss: 5.609012603759766
Epoch: 6304, Loss: 5.62832498550415
Epoch: 6305, Loss: 5.591841220855713
Epoch: 6306, Loss: 5.612252712249756
Epoch: 6307, Loss: 5.694258689880371
Epoch: 6308, Loss: 5.63956356048584
Epoch: 6309, Loss: 5.642186164855957
Epoch: 6310, Loss: 5.658431053161621
Test acc: 0.0914, IC acc: 0.0016, IC acc2: 0.0035, IW acc: 0.3719
Epoch: 6311, Loss: 5.687017440795898
Epoch: 6312, Loss: 5.641726970672607
Epoch: 6313, Loss: 5.592037677764893
Epoch: 6314, Loss: 5.6257123947143555
Epoch: 6315, Loss: 5.602766513824463
Epoch: 6316, Loss: 5.592824935913086
Epoch: 6317, Loss: 5.660690784454346
Epoch: 6318, Loss: 5.634223937988281
Epoch: 6319, Loss: 5.66110897064209
Epoch: 6320, Loss: 5.639505863189697
Test acc: 0.0907, IC acc: 0.0016, IC acc2: 0.0035, IW acc: 0.3712
Epoch: 6321, Loss: 5.6605682373046875
Epoch: 6322, Loss: 5.6647844314575195
Epoch: 6323, Loss: 5.552655220031738
Epoch: 6324, Loss: 5.6254072189331055
Epoch: 6325, Loss: 5.617341995239258
Epoch: 6326, Loss: 5.673518657684326
Epoch: 6327, Loss: 5.691242218017578
Epoch: 6328, Loss: 5.649538993835449
Epoch: 6329, Loss: 5.684597015380859
Epoch: 6330, Loss: 5.608999252319336
Test acc: 0.091, IC acc: 0.0016, IC acc2: 0.0035, IW acc: 0.3712
Epoch: 6331, Loss: 5.654097557067871
Epoch: 6332, Loss: 5.634093761444092
Epoch: 6333, Loss: 5.574326992034912
Epoch: 6334, Loss: 5.614838600158691
Epoch: 6335, Loss: 5.626845359802246
Epoch: 6336, Loss: 5.611780166625977
Epoch: 6337, Loss: 5.653514385223389
Epoch: 6338, Loss: 5.680758953094482
Epoch: 6339, Loss: 5.68399715423584
Epoch: 6340, Loss: 5.646777629852295
Test acc: 0.091, IC acc: 0.0016, IC acc2: 0.0035, IW acc: 0.3723
Epoch: 6341, Loss: 5.628403186798096
Epoch: 6342, Loss: 5.632305145263672
Epoch: 6343, Loss: 5.6950273513793945
Epoch: 6344, Loss: 5.636550426483154
Epoch: 6345, Loss: 5.63714599609375
Epoch: 6346, Loss: 5.647704124450684
Epoch: 6347, Loss: 5.699427604675293
Epoch: 6348, Loss: 5.616756439208984
Epoch: 6349, Loss: 5.581848621368408
./circuit_plots/Unrestricted Disentangled|Readout|CN=0|B0=2|B1=2|K=1280|L=320|p_B=0.75|p_C=0.75|B=2|eps=0|95cf655c-5fe1-41ee-b5c6-acd2a4761507/ already exists.
./circuit_plots/Unrestricted Disentangled|Readout|CN=0|B0=2|B1=2|K=1280|L=320|p_B=0.75|p_C=0.75|B=2|eps=0|95cf655c-5fe1-41ee-b5c6-acd2a4761507/ already exists.
./circuit_plots/Unrestricted Disentangled|Readout|CN=0|B0=2|B1=2|K=1280|L=320|p_B=0.75|p_C=0.75|B=2|eps=0|95cf655c-5fe1-41ee-b5c6-acd2a4761507/ already exists.
./circuit_plots/Unrestricted Disentangled|Readout|CN=0|B0=2|B1=2|K=1280|L=320|p_B=0.75|p_C=0.75|B=2|eps=0|95cf655c-5fe1-41ee-b5c6-acd2a4761507/ already exists.
./circuit_plots/Unrestricted Disentangled|Readout|CN=0|B0=2|B1=2|K=1280|L=320|p_B=0.75|p_C=0.75|B=2|eps=0|95cf655c-5fe1-41ee-b5c6-acd2a4761507/ already exists.
./circuit_plots/Unrestricted Disentangled|Readout|CN=0|B0=2|B1=2|K=1280|L=320|p_B=0.75|p_C=0.75|B=2|eps=0|95cf655c-5fe1-41ee-b5c6-acd2a4761507/ already exists.
./circuit_plots/Unrestricted Disentangled|Readout|CN=0|B0=2|B1=2|K=1280|L=320|p_B=0.75|p_C=0.75|B=2|eps=0|95cf655c-5fe1-41ee-b5c6-acd2a4761507/ already exists.
Epoch: 6350, Loss: 5.6372199058532715
Test acc: 0.0915, IC acc: 0.0016, IC acc2: 0.0035, IW acc: 0.3734
Epoch: 6351, Loss: 5.629754066467285
Epoch: 6352, Loss: 5.601888179779053
Epoch: 6353, Loss: 5.648141860961914
Epoch: 6354, Loss: 5.645623207092285
Epoch: 6355, Loss: 5.600578784942627
Epoch: 6356, Loss: 5.628077507019043
Epoch: 6357, Loss: 5.642432689666748
Epoch: 6358, Loss: 5.610357284545898
Epoch: 6359, Loss: 5.605953216552734
Epoch: 6360, Loss: 5.595363616943359
Test acc: 0.0915, IC acc: 0.0016, IC acc2: 0.0035, IW acc: 0.3749
Epoch: 6361, Loss: 5.632546424865723
Epoch: 6362, Loss: 5.641574382781982
Epoch: 6363, Loss: 5.652675151824951
Epoch: 6364, Loss: 5.614029884338379
Epoch: 6365, Loss: 5.582684516906738
Epoch: 6366, Loss: 5.630736827850342
Epoch: 6367, Loss: 5.645939350128174
Epoch: 6368, Loss: 5.692392826080322
Epoch: 6369, Loss: 5.5703630447387695
Epoch: 6370, Loss: 5.659703254699707
Test acc: 0.0928, IC acc: 0.0016, IC acc2: 0.0035, IW acc: 0.3791
Epoch: 6371, Loss: 5.658938407897949
Epoch: 6372, Loss: 5.581943035125732
Epoch: 6373, Loss: 5.5949859619140625
Epoch: 6374, Loss: 5.650467872619629
Epoch: 6375, Loss: 5.575355052947998
Epoch: 6376, Loss: 5.598418235778809
Epoch: 6377, Loss: 5.583669662475586
Epoch: 6378, Loss: 5.660835266113281
Epoch: 6379, Loss: 5.651278972625732
Epoch: 6380, Loss: 5.66557502746582
Test acc: 0.0928, IC acc: 0.0016, IC acc2: 0.0035, IW acc: 0.3781
Epoch: 6381, Loss: 5.579134941101074
Epoch: 6382, Loss: 5.6693339347839355
Epoch: 6383, Loss: 5.589417457580566
Epoch: 6384, Loss: 5.608118057250977
Epoch: 6385, Loss: 5.6124114990234375
Epoch: 6386, Loss: 5.65406608581543
Epoch: 6387, Loss: 5.603525638580322
Epoch: 6388, Loss: 5.63933801651001
Epoch: 6389, Loss: 5.64326810836792
Epoch: 6390, Loss: 5.684721946716309
Test acc: 0.0939, IC acc: 0.0016, IC acc2: 0.0035, IW acc: 0.3801
Epoch: 6391, Loss: 5.615333557128906
Epoch: 6392, Loss: 5.610119342803955
Epoch: 6393, Loss: 5.669671058654785
Epoch: 6394, Loss: 5.622835159301758
Epoch: 6395, Loss: 5.670238494873047
Epoch: 6396, Loss: 5.610422611236572
Epoch: 6397, Loss: 5.701544761657715
Epoch: 6398, Loss: 5.651873588562012
Epoch: 6399, Loss: 5.65022611618042
./circuit_plots/Unrestricted Disentangled|Readout|CN=0|B0=2|B1=2|K=1280|L=320|p_B=0.75|p_C=0.75|B=2|eps=0|95cf655c-5fe1-41ee-b5c6-acd2a4761507/ already exists.
./circuit_plots/Unrestricted Disentangled|Readout|CN=0|B0=2|B1=2|K=1280|L=320|p_B=0.75|p_C=0.75|B=2|eps=0|95cf655c-5fe1-41ee-b5c6-acd2a4761507/ already exists.
./circuit_plots/Unrestricted Disentangled|Readout|CN=0|B0=2|B1=2|K=1280|L=320|p_B=0.75|p_C=0.75|B=2|eps=0|95cf655c-5fe1-41ee-b5c6-acd2a4761507/ already exists.
./circuit_plots/Unrestricted Disentangled|Readout|CN=0|B0=2|B1=2|K=1280|L=320|p_B=0.75|p_C=0.75|B=2|eps=0|95cf655c-5fe1-41ee-b5c6-acd2a4761507/ already exists.
./circuit_plots/Unrestricted Disentangled|Readout|CN=0|B0=2|B1=2|K=1280|L=320|p_B=0.75|p_C=0.75|B=2|eps=0|95cf655c-5fe1-41ee-b5c6-acd2a4761507/ already exists.
./circuit_plots/Unrestricted Disentangled|Readout|CN=0|B0=2|B1=2|K=1280|L=320|p_B=0.75|p_C=0.75|B=2|eps=0|95cf655c-5fe1-41ee-b5c6-acd2a4761507/ already exists.
./circuit_plots/Unrestricted Disentangled|Readout|CN=0|B0=2|B1=2|K=1280|L=320|p_B=0.75|p_C=0.75|B=2|eps=0|95cf655c-5fe1-41ee-b5c6-acd2a4761507/ already exists.
Epoch: 6400, Loss: 5.641524314880371
Test acc: 0.0931, IC acc: 0.0016, IC acc2: 0.0035, IW acc: 0.3803
Epoch: 6401, Loss: 5.597911834716797
Epoch: 6402, Loss: 5.636733055114746
Epoch: 6403, Loss: 5.65534782409668
Epoch: 6404, Loss: 5.611595153808594
Epoch: 6405, Loss: 5.555774688720703
Epoch: 6406, Loss: 5.628419399261475
Epoch: 6407, Loss: 5.677069664001465
Epoch: 6408, Loss: 5.579814910888672
Epoch: 6409, Loss: 5.650425434112549
Epoch: 6410, Loss: 5.650749206542969
Test acc: 0.0934, IC acc: 0.0016, IC acc2: 0.0035, IW acc: 0.3818
Epoch: 6411, Loss: 5.614005088806152
Epoch: 6412, Loss: 5.636501312255859
Epoch: 6413, Loss: 5.728452682495117
Epoch: 6414, Loss: 5.615374565124512
Epoch: 6415, Loss: 5.6381940841674805
Epoch: 6416, Loss: 5.598113536834717
Epoch: 6417, Loss: 5.637932777404785
Epoch: 6418, Loss: 5.628938674926758
Epoch: 6419, Loss: 5.599299430847168
Epoch: 6420, Loss: 5.640737533569336
Test acc: 0.0936, IC acc: 0.0016, IC acc2: 0.0035, IW acc: 0.3829
Epoch: 6421, Loss: 5.642045021057129
Epoch: 6422, Loss: 5.615259170532227
Epoch: 6423, Loss: 5.7045159339904785
Epoch: 6424, Loss: 5.616584777832031
Epoch: 6425, Loss: 5.590274810791016
Epoch: 6426, Loss: 5.612381458282471
Epoch: 6427, Loss: 5.6659064292907715
Epoch: 6428, Loss: 5.649404525756836
Epoch: 6429, Loss: 5.727255821228027
Epoch: 6430, Loss: 5.608160972595215
Test acc: 0.0943, IC acc: 0.0016, IC acc2: 0.0035, IW acc: 0.3851
Epoch: 6431, Loss: 5.605456352233887
Epoch: 6432, Loss: 5.654298782348633
Epoch: 6433, Loss: 5.661787033081055
Epoch: 6434, Loss: 5.608431816101074
Epoch: 6435, Loss: 5.5895562171936035
Epoch: 6436, Loss: 5.6274614334106445
Epoch: 6437, Loss: 5.677454948425293
Epoch: 6438, Loss: 5.636420726776123
Epoch: 6439, Loss: 5.644513130187988
Epoch: 6440, Loss: 5.661139488220215
Test acc: 0.0945, IC acc: 0.0016, IC acc2: 0.0035, IW acc: 0.3865
Epoch: 6441, Loss: 5.5965576171875
Epoch: 6442, Loss: 5.560917854309082
Epoch: 6443, Loss: 5.574197769165039
Epoch: 6444, Loss: 5.709437847137451
Epoch: 6445, Loss: 5.641944885253906
Epoch: 6446, Loss: 5.679673671722412
Epoch: 6447, Loss: 5.646526336669922
Epoch: 6448, Loss: 5.613965034484863
Epoch: 6449, Loss: 5.649194717407227
./circuit_plots/Unrestricted Disentangled|Readout|CN=0|B0=2|B1=2|K=1280|L=320|p_B=0.75|p_C=0.75|B=2|eps=0|95cf655c-5fe1-41ee-b5c6-acd2a4761507/ already exists.
./circuit_plots/Unrestricted Disentangled|Readout|CN=0|B0=2|B1=2|K=1280|L=320|p_B=0.75|p_C=0.75|B=2|eps=0|95cf655c-5fe1-41ee-b5c6-acd2a4761507/ already exists.
./circuit_plots/Unrestricted Disentangled|Readout|CN=0|B0=2|B1=2|K=1280|L=320|p_B=0.75|p_C=0.75|B=2|eps=0|95cf655c-5fe1-41ee-b5c6-acd2a4761507/ already exists.
./circuit_plots/Unrestricted Disentangled|Readout|CN=0|B0=2|B1=2|K=1280|L=320|p_B=0.75|p_C=0.75|B=2|eps=0|95cf655c-5fe1-41ee-b5c6-acd2a4761507/ already exists.
./circuit_plots/Unrestricted Disentangled|Readout|CN=0|B0=2|B1=2|K=1280|L=320|p_B=0.75|p_C=0.75|B=2|eps=0|95cf655c-5fe1-41ee-b5c6-acd2a4761507/ already exists.
./circuit_plots/Unrestricted Disentangled|Readout|CN=0|B0=2|B1=2|K=1280|L=320|p_B=0.75|p_C=0.75|B=2|eps=0|95cf655c-5fe1-41ee-b5c6-acd2a4761507/ already exists.
./circuit_plots/Unrestricted Disentangled|Readout|CN=0|B0=2|B1=2|K=1280|L=320|p_B=0.75|p_C=0.75|B=2|eps=0|95cf655c-5fe1-41ee-b5c6-acd2a4761507/ already exists.
Epoch: 6450, Loss: 5.693114280700684
Test acc: 0.0949, IC acc: 0.0016, IC acc2: 0.0035, IW acc: 0.3877
Epoch: 6451, Loss: 5.575642108917236
Epoch: 6452, Loss: 5.698145866394043
Epoch: 6453, Loss: 5.670345306396484
Epoch: 6454, Loss: 5.612806797027588
Epoch: 6455, Loss: 5.621657371520996
Epoch: 6456, Loss: 5.6396636962890625
Epoch: 6457, Loss: 5.615591049194336
Epoch: 6458, Loss: 5.595587253570557
Epoch: 6459, Loss: 5.700942039489746
Epoch: 6460, Loss: 5.649740219116211
Test acc: 0.095, IC acc: 0.0016, IC acc2: 0.0035, IW acc: 0.3886
Epoch: 6461, Loss: 5.655941486358643
Epoch: 6462, Loss: 5.606947898864746
Epoch: 6463, Loss: 5.641863822937012
Epoch: 6464, Loss: 5.591033935546875
Epoch: 6465, Loss: 5.680891036987305
Epoch: 6466, Loss: 5.608612537384033
Epoch: 6467, Loss: 5.619781970977783
Epoch: 6468, Loss: 5.681553840637207
Epoch: 6469, Loss: 5.653244972229004
Epoch: 6470, Loss: 5.6273627281188965
Test acc: 0.0954, IC acc: 0.0016, IC acc2: 0.0035, IW acc: 0.3863
Epoch: 6471, Loss: 5.587592124938965
Epoch: 6472, Loss: 5.6388959884643555
Epoch: 6473, Loss: 5.647761344909668
Epoch: 6474, Loss: 5.653494358062744
Epoch: 6475, Loss: 5.648907661437988
Epoch: 6476, Loss: 5.66434383392334
Epoch: 6477, Loss: 5.655220031738281
Epoch: 6478, Loss: 5.634072780609131
Epoch: 6479, Loss: 5.713911056518555
Epoch: 6480, Loss: 5.603740692138672
Test acc: 0.0959, IC acc: 0.0016, IC acc2: 0.0035, IW acc: 0.3871
Epoch: 6481, Loss: 5.623373985290527
Epoch: 6482, Loss: 5.607673168182373
Epoch: 6483, Loss: 5.668320655822754
Epoch: 6484, Loss: 5.572196006774902
Epoch: 6485, Loss: 5.653962135314941
Epoch: 6486, Loss: 5.653600692749023
Epoch: 6487, Loss: 5.624302387237549
Epoch: 6488, Loss: 5.628328323364258
Epoch: 6489, Loss: 5.6079583168029785
Epoch: 6490, Loss: 5.681037902832031
Test acc: 0.0958, IC acc: 0.0016, IC acc2: 0.0035, IW acc: 0.3868
Epoch: 6491, Loss: 5.683200836181641
Epoch: 6492, Loss: 5.64735221862793
Epoch: 6493, Loss: 5.607664585113525
Epoch: 6494, Loss: 5.628162860870361
Epoch: 6495, Loss: 5.6703410148620605
Epoch: 6496, Loss: 5.599056243896484
Epoch: 6497, Loss: 5.639069557189941
Epoch: 6498, Loss: 5.625053882598877
Epoch: 6499, Loss: 5.665931701660156
./circuit_plots/Unrestricted Disentangled|Readout|CN=0|B0=2|B1=2|K=1280|L=320|p_B=0.75|p_C=0.75|B=2|eps=0|95cf655c-5fe1-41ee-b5c6-acd2a4761507/ already exists.
./circuit_plots/Unrestricted Disentangled|Readout|CN=0|B0=2|B1=2|K=1280|L=320|p_B=0.75|p_C=0.75|B=2|eps=0|95cf655c-5fe1-41ee-b5c6-acd2a4761507/ already exists.
./circuit_plots/Unrestricted Disentangled|Readout|CN=0|B0=2|B1=2|K=1280|L=320|p_B=0.75|p_C=0.75|B=2|eps=0|95cf655c-5fe1-41ee-b5c6-acd2a4761507/ already exists.
./circuit_plots/Unrestricted Disentangled|Readout|CN=0|B0=2|B1=2|K=1280|L=320|p_B=0.75|p_C=0.75|B=2|eps=0|95cf655c-5fe1-41ee-b5c6-acd2a4761507/ already exists.
./circuit_plots/Unrestricted Disentangled|Readout|CN=0|B0=2|B1=2|K=1280|L=320|p_B=0.75|p_C=0.75|B=2|eps=0|95cf655c-5fe1-41ee-b5c6-acd2a4761507/ already exists.
./circuit_plots/Unrestricted Disentangled|Readout|CN=0|B0=2|B1=2|K=1280|L=320|p_B=0.75|p_C=0.75|B=2|eps=0|95cf655c-5fe1-41ee-b5c6-acd2a4761507/ already exists.
./circuit_plots/Unrestricted Disentangled|Readout|CN=0|B0=2|B1=2|K=1280|L=320|p_B=0.75|p_C=0.75|B=2|eps=0|95cf655c-5fe1-41ee-b5c6-acd2a4761507/ already exists.
Epoch: 6500, Loss: 5.591884136199951
Test acc: 0.0968, IC acc: 0.0016, IC acc2: 0.0035, IW acc: 0.3918
Epoch: 6501, Loss: 5.644441604614258
Epoch: 6502, Loss: 5.671833038330078
Epoch: 6503, Loss: 5.649092674255371
Epoch: 6504, Loss: 5.62367057800293
Epoch: 6505, Loss: 5.5765790939331055
Epoch: 6506, Loss: 5.661253929138184
Epoch: 6507, Loss: 5.618897438049316
Epoch: 6508, Loss: 5.607874393463135
Epoch: 6509, Loss: 5.6189656257629395
Epoch: 6510, Loss: 5.584274768829346
Test acc: 0.0974, IC acc: 0.0016, IC acc2: 0.0035, IW acc: 0.3937
Epoch: 6511, Loss: 5.622798442840576
Epoch: 6512, Loss: 5.643380165100098
Epoch: 6513, Loss: 5.633017539978027
Epoch: 6514, Loss: 5.688357353210449
Epoch: 6515, Loss: 5.583127975463867
Epoch: 6516, Loss: 5.590733528137207
Epoch: 6517, Loss: 5.666393280029297
Epoch: 6518, Loss: 5.629471302032471
Epoch: 6519, Loss: 5.578137397766113
Epoch: 6520, Loss: 5.640585899353027
Test acc: 0.0975, IC acc: 0.0016, IC acc2: 0.0035, IW acc: 0.3948
Epoch: 6521, Loss: 5.575101375579834
Epoch: 6522, Loss: 5.6069464683532715
Epoch: 6523, Loss: 5.600839614868164
Epoch: 6524, Loss: 5.591220378875732
Epoch: 6525, Loss: 5.616092205047607
Epoch: 6526, Loss: 5.65631103515625
Epoch: 6527, Loss: 5.639854431152344
Epoch: 6528, Loss: 5.631120204925537
Epoch: 6529, Loss: 5.576732635498047
Epoch: 6530, Loss: 5.5926713943481445
Test acc: 0.097, IC acc: 0.0016, IC acc2: 0.0035, IW acc: 0.3937
Epoch: 6531, Loss: 5.671046257019043
Epoch: 6532, Loss: 5.596285820007324
Epoch: 6533, Loss: 5.572259426116943
Epoch: 6534, Loss: 5.710536003112793
Epoch: 6535, Loss: 5.635617256164551
Epoch: 6536, Loss: 5.602810859680176
Epoch: 6537, Loss: 5.650604248046875
Epoch: 6538, Loss: 5.593593120574951
Epoch: 6539, Loss: 5.572062969207764
Epoch: 6540, Loss: 5.684290885925293
Test acc: 0.097, IC acc: 0.0016, IC acc2: 0.0035, IW acc: 0.3937
Epoch: 6541, Loss: 5.674141883850098
Epoch: 6542, Loss: 5.636229038238525
Epoch: 6543, Loss: 5.557165145874023
Epoch: 6544, Loss: 5.615268707275391
Epoch: 6545, Loss: 5.654919147491455
Epoch: 6546, Loss: 5.645013809204102
Epoch: 6547, Loss: 5.642016410827637
Epoch: 6548, Loss: 5.615544319152832
Epoch: 6549, Loss: 5.718073844909668
./circuit_plots/Unrestricted Disentangled|Readout|CN=0|B0=2|B1=2|K=1280|L=320|p_B=0.75|p_C=0.75|B=2|eps=0|95cf655c-5fe1-41ee-b5c6-acd2a4761507/ already exists.
./circuit_plots/Unrestricted Disentangled|Readout|CN=0|B0=2|B1=2|K=1280|L=320|p_B=0.75|p_C=0.75|B=2|eps=0|95cf655c-5fe1-41ee-b5c6-acd2a4761507/ already exists.
./circuit_plots/Unrestricted Disentangled|Readout|CN=0|B0=2|B1=2|K=1280|L=320|p_B=0.75|p_C=0.75|B=2|eps=0|95cf655c-5fe1-41ee-b5c6-acd2a4761507/ already exists.
./circuit_plots/Unrestricted Disentangled|Readout|CN=0|B0=2|B1=2|K=1280|L=320|p_B=0.75|p_C=0.75|B=2|eps=0|95cf655c-5fe1-41ee-b5c6-acd2a4761507/ already exists.
./circuit_plots/Unrestricted Disentangled|Readout|CN=0|B0=2|B1=2|K=1280|L=320|p_B=0.75|p_C=0.75|B=2|eps=0|95cf655c-5fe1-41ee-b5c6-acd2a4761507/ already exists.
./circuit_plots/Unrestricted Disentangled|Readout|CN=0|B0=2|B1=2|K=1280|L=320|p_B=0.75|p_C=0.75|B=2|eps=0|95cf655c-5fe1-41ee-b5c6-acd2a4761507/ already exists.
./circuit_plots/Unrestricted Disentangled|Readout|CN=0|B0=2|B1=2|K=1280|L=320|p_B=0.75|p_C=0.75|B=2|eps=0|95cf655c-5fe1-41ee-b5c6-acd2a4761507/ already exists.
Epoch: 6550, Loss: 5.617151260375977
Test acc: 0.0966, IC acc: 0.0016, IC acc2: 0.0035, IW acc: 0.3931
Epoch: 6551, Loss: 5.5957489013671875
Epoch: 6552, Loss: 5.575725555419922
Epoch: 6553, Loss: 5.598029613494873
Epoch: 6554, Loss: 5.59952449798584
Epoch: 6555, Loss: 5.608593940734863
Epoch: 6556, Loss: 5.631458759307861
Epoch: 6557, Loss: 5.66890811920166
Epoch: 6558, Loss: 5.6266350746154785
Epoch: 6559, Loss: 5.6717376708984375
Epoch: 6560, Loss: 5.615664482116699
Test acc: 0.0974, IC acc: 0.0016, IC acc2: 0.0035, IW acc: 0.3948
Epoch: 6561, Loss: 5.670226573944092
Epoch: 6562, Loss: 5.626287937164307
Epoch: 6563, Loss: 5.693124771118164
Epoch: 6564, Loss: 5.601458549499512
Epoch: 6565, Loss: 5.580132484436035
Epoch: 6566, Loss: 5.579336643218994
Epoch: 6567, Loss: 5.653377532958984
Epoch: 6568, Loss: 5.633268356323242
Epoch: 6569, Loss: 5.614124774932861
Epoch: 6570, Loss: 5.623646259307861
Test acc: 0.0975, IC acc: 0.0016, IC acc2: 0.0035, IW acc: 0.3972
Epoch: 6571, Loss: 5.656494140625
Epoch: 6572, Loss: 5.604918003082275
Epoch: 6573, Loss: 5.62967586517334
Epoch: 6574, Loss: 5.596894264221191
Epoch: 6575, Loss: 5.655936241149902
Epoch: 6576, Loss: 5.595448017120361
Epoch: 6577, Loss: 5.667696475982666
Epoch: 6578, Loss: 5.689702033996582
Epoch: 6579, Loss: 5.55108118057251
Epoch: 6580, Loss: 5.64056396484375
Test acc: 0.0982, IC acc: 0.0016, IC acc2: 0.0046, IW acc: 0.3987
Epoch: 6581, Loss: 5.587405204772949
Epoch: 6582, Loss: 5.609623908996582
Epoch: 6583, Loss: 5.591490745544434
Epoch: 6584, Loss: 5.576552391052246
Epoch: 6585, Loss: 5.636146545410156
Epoch: 6586, Loss: 5.673208236694336
Epoch: 6587, Loss: 5.643654823303223
Epoch: 6588, Loss: 5.578733444213867
Epoch: 6589, Loss: 5.624531269073486
Epoch: 6590, Loss: 5.680925369262695
Test acc: 0.0984, IC acc: 0.0016, IC acc2: 0.0035, IW acc: 0.3998
Epoch: 6591, Loss: 5.658862113952637
Epoch: 6592, Loss: 5.523710250854492
Epoch: 6593, Loss: 5.627241134643555
Epoch: 6594, Loss: 5.649775505065918
Epoch: 6595, Loss: 5.55735969543457
Epoch: 6596, Loss: 5.624338150024414
Epoch: 6597, Loss: 5.558521270751953
Epoch: 6598, Loss: 5.614616870880127
Epoch: 6599, Loss: 5.637191295623779
./circuit_plots/Unrestricted Disentangled|Readout|CN=0|B0=2|B1=2|K=1280|L=320|p_B=0.75|p_C=0.75|B=2|eps=0|95cf655c-5fe1-41ee-b5c6-acd2a4761507/ already exists.
./circuit_plots/Unrestricted Disentangled|Readout|CN=0|B0=2|B1=2|K=1280|L=320|p_B=0.75|p_C=0.75|B=2|eps=0|95cf655c-5fe1-41ee-b5c6-acd2a4761507/ already exists.
./circuit_plots/Unrestricted Disentangled|Readout|CN=0|B0=2|B1=2|K=1280|L=320|p_B=0.75|p_C=0.75|B=2|eps=0|95cf655c-5fe1-41ee-b5c6-acd2a4761507/ already exists.
./circuit_plots/Unrestricted Disentangled|Readout|CN=0|B0=2|B1=2|K=1280|L=320|p_B=0.75|p_C=0.75|B=2|eps=0|95cf655c-5fe1-41ee-b5c6-acd2a4761507/ already exists.
./circuit_plots/Unrestricted Disentangled|Readout|CN=0|B0=2|B1=2|K=1280|L=320|p_B=0.75|p_C=0.75|B=2|eps=0|95cf655c-5fe1-41ee-b5c6-acd2a4761507/ already exists.
./circuit_plots/Unrestricted Disentangled|Readout|CN=0|B0=2|B1=2|K=1280|L=320|p_B=0.75|p_C=0.75|B=2|eps=0|95cf655c-5fe1-41ee-b5c6-acd2a4761507/ already exists.
./circuit_plots/Unrestricted Disentangled|Readout|CN=0|B0=2|B1=2|K=1280|L=320|p_B=0.75|p_C=0.75|B=2|eps=0|95cf655c-5fe1-41ee-b5c6-acd2a4761507/ already exists.
Epoch: 6600, Loss: 5.626993179321289
Test acc: 0.0979, IC acc: 0.0016, IC acc2: 0.0035, IW acc: 0.3982
Epoch: 6601, Loss: 5.660422325134277
Epoch: 6602, Loss: 5.652468681335449
Epoch: 6603, Loss: 5.586269378662109
Epoch: 6604, Loss: 5.623569965362549
Epoch: 6605, Loss: 5.527681350708008
Epoch: 6606, Loss: 5.563182830810547
Epoch: 6607, Loss: 5.612628936767578
Epoch: 6608, Loss: 5.655522346496582
Epoch: 6609, Loss: 5.64598274230957
Epoch: 6610, Loss: 5.5736613273620605
Test acc: 0.0979, IC acc: 0.0016, IC acc2: 0.0046, IW acc: 0.3984
Epoch: 6611, Loss: 5.573665142059326
Epoch: 6612, Loss: 5.639260768890381
Epoch: 6613, Loss: 5.62033748626709
Epoch: 6614, Loss: 5.608063697814941
Epoch: 6615, Loss: 5.668561935424805
Epoch: 6616, Loss: 5.618950843811035
Epoch: 6617, Loss: 5.593396186828613
Epoch: 6618, Loss: 5.642267227172852
Epoch: 6619, Loss: 5.618409156799316
Epoch: 6620, Loss: 5.635693550109863
Test acc: 0.0987, IC acc: 0.0016, IC acc2: 0.0046, IW acc: 0.403
Epoch: 6621, Loss: 5.604547500610352
Epoch: 6622, Loss: 5.641833305358887
Epoch: 6623, Loss: 5.62928581237793
Epoch: 6624, Loss: 5.56459379196167
Epoch: 6625, Loss: 5.623384952545166
Epoch: 6626, Loss: 5.639291763305664
Epoch: 6627, Loss: 5.617597579956055
Epoch: 6628, Loss: 5.640597343444824
Epoch: 6629, Loss: 5.6105451583862305
Epoch: 6630, Loss: 5.607982635498047
Test acc: 0.0989, IC acc: 0.0016, IC acc2: 0.0046, IW acc: 0.4043
Epoch: 6631, Loss: 5.655017852783203
Epoch: 6632, Loss: 5.672793388366699
Epoch: 6633, Loss: 5.574814796447754
Epoch: 6634, Loss: 5.566326141357422
Epoch: 6635, Loss: 5.68239688873291
Epoch: 6636, Loss: 5.645044326782227
Epoch: 6637, Loss: 5.657177448272705
Epoch: 6638, Loss: 5.632800102233887
Epoch: 6639, Loss: 5.633804798126221
Epoch: 6640, Loss: 5.61234188079834
Test acc: 0.0986, IC acc: 0.0016, IC acc2: 0.0046, IW acc: 0.4031
Epoch: 6641, Loss: 5.636160850524902
Epoch: 6642, Loss: 5.604621887207031
Epoch: 6643, Loss: 5.629276752471924
Epoch: 6644, Loss: 5.643798351287842
Epoch: 6645, Loss: 5.59133243560791
Epoch: 6646, Loss: 5.633124351501465
Epoch: 6647, Loss: 5.639023303985596
Epoch: 6648, Loss: 5.63479471206665
Epoch: 6649, Loss: 5.655431270599365
./circuit_plots/Unrestricted Disentangled|Readout|CN=0|B0=2|B1=2|K=1280|L=320|p_B=0.75|p_C=0.75|B=2|eps=0|95cf655c-5fe1-41ee-b5c6-acd2a4761507/ already exists.
./circuit_plots/Unrestricted Disentangled|Readout|CN=0|B0=2|B1=2|K=1280|L=320|p_B=0.75|p_C=0.75|B=2|eps=0|95cf655c-5fe1-41ee-b5c6-acd2a4761507/ already exists.
./circuit_plots/Unrestricted Disentangled|Readout|CN=0|B0=2|B1=2|K=1280|L=320|p_B=0.75|p_C=0.75|B=2|eps=0|95cf655c-5fe1-41ee-b5c6-acd2a4761507/ already exists.
./circuit_plots/Unrestricted Disentangled|Readout|CN=0|B0=2|B1=2|K=1280|L=320|p_B=0.75|p_C=0.75|B=2|eps=0|95cf655c-5fe1-41ee-b5c6-acd2a4761507/ already exists.
./circuit_plots/Unrestricted Disentangled|Readout|CN=0|B0=2|B1=2|K=1280|L=320|p_B=0.75|p_C=0.75|B=2|eps=0|95cf655c-5fe1-41ee-b5c6-acd2a4761507/ already exists.
./circuit_plots/Unrestricted Disentangled|Readout|CN=0|B0=2|B1=2|K=1280|L=320|p_B=0.75|p_C=0.75|B=2|eps=0|95cf655c-5fe1-41ee-b5c6-acd2a4761507/ already exists.
./circuit_plots/Unrestricted Disentangled|Readout|CN=0|B0=2|B1=2|K=1280|L=320|p_B=0.75|p_C=0.75|B=2|eps=0|95cf655c-5fe1-41ee-b5c6-acd2a4761507/ already exists.
Epoch: 6650, Loss: 5.649654865264893
Test acc: 0.099, IC acc: 0.0016, IC acc2: 0.0046, IW acc: 0.4022
Epoch: 6651, Loss: 5.667199611663818
Epoch: 6652, Loss: 5.633633613586426
Epoch: 6653, Loss: 5.659589767456055
Epoch: 6654, Loss: 5.558465003967285
Epoch: 6655, Loss: 5.60709810256958
Epoch: 6656, Loss: 5.663987636566162
Epoch: 6657, Loss: 5.559286117553711
Epoch: 6658, Loss: 5.628983497619629
Epoch: 6659, Loss: 5.696197032928467
Epoch: 6660, Loss: 5.628896236419678
Test acc: 0.0998, IC acc: 0.0016, IC acc2: 0.0046, IW acc: 0.4057
Epoch: 6661, Loss: 5.671110153198242
Epoch: 6662, Loss: 5.676875114440918
Epoch: 6663, Loss: 5.613083839416504
Epoch: 6664, Loss: 5.624873638153076
Epoch: 6665, Loss: 5.6177568435668945
Epoch: 6666, Loss: 5.594755172729492
Epoch: 6667, Loss: 5.630557060241699
Epoch: 6668, Loss: 5.674560546875
Epoch: 6669, Loss: 5.60947322845459
Epoch: 6670, Loss: 5.598076820373535
Test acc: 0.1003, IC acc: 0.0016, IC acc2: 0.0046, IW acc: 0.4072
Epoch: 6671, Loss: 5.656680107116699
Epoch: 6672, Loss: 5.6428422927856445
Epoch: 6673, Loss: 5.5834574699401855
Epoch: 6674, Loss: 5.540658950805664
Epoch: 6675, Loss: 5.5503411293029785
Epoch: 6676, Loss: 5.543309211730957
Epoch: 6677, Loss: 5.706954002380371
Epoch: 6678, Loss: 5.669905662536621
Epoch: 6679, Loss: 5.5657806396484375
Epoch: 6680, Loss: 5.647433280944824
Test acc: 0.1003, IC acc: 0.0016, IC acc2: 0.0046, IW acc: 0.4065
Epoch: 6681, Loss: 5.574521541595459
Epoch: 6682, Loss: 5.629847526550293
Epoch: 6683, Loss: 5.6514997482299805
Epoch: 6684, Loss: 5.655114650726318
Epoch: 6685, Loss: 5.650152206420898
Epoch: 6686, Loss: 5.600371360778809
Epoch: 6687, Loss: 5.619023323059082
Epoch: 6688, Loss: 5.580692291259766
Epoch: 6689, Loss: 5.587343215942383
Epoch: 6690, Loss: 5.675104141235352
Test acc: 0.1007, IC acc: 0.0016, IC acc2: 0.0046, IW acc: 0.4095
Epoch: 6691, Loss: 5.626336097717285
Epoch: 6692, Loss: 5.628589153289795
Epoch: 6693, Loss: 5.598800182342529
Epoch: 6694, Loss: 5.602047443389893
Epoch: 6695, Loss: 5.611052513122559
Epoch: 6696, Loss: 5.645830154418945
Epoch: 6697, Loss: 5.609151840209961
Epoch: 6698, Loss: 5.620595932006836
Epoch: 6699, Loss: 5.578815460205078
./circuit_plots/Unrestricted Disentangled|Readout|CN=0|B0=2|B1=2|K=1280|L=320|p_B=0.75|p_C=0.75|B=2|eps=0|95cf655c-5fe1-41ee-b5c6-acd2a4761507/ already exists.
./circuit_plots/Unrestricted Disentangled|Readout|CN=0|B0=2|B1=2|K=1280|L=320|p_B=0.75|p_C=0.75|B=2|eps=0|95cf655c-5fe1-41ee-b5c6-acd2a4761507/ already exists.
./circuit_plots/Unrestricted Disentangled|Readout|CN=0|B0=2|B1=2|K=1280|L=320|p_B=0.75|p_C=0.75|B=2|eps=0|95cf655c-5fe1-41ee-b5c6-acd2a4761507/ already exists.
./circuit_plots/Unrestricted Disentangled|Readout|CN=0|B0=2|B1=2|K=1280|L=320|p_B=0.75|p_C=0.75|B=2|eps=0|95cf655c-5fe1-41ee-b5c6-acd2a4761507/ already exists.
./circuit_plots/Unrestricted Disentangled|Readout|CN=0|B0=2|B1=2|K=1280|L=320|p_B=0.75|p_C=0.75|B=2|eps=0|95cf655c-5fe1-41ee-b5c6-acd2a4761507/ already exists.
./circuit_plots/Unrestricted Disentangled|Readout|CN=0|B0=2|B1=2|K=1280|L=320|p_B=0.75|p_C=0.75|B=2|eps=0|95cf655c-5fe1-41ee-b5c6-acd2a4761507/ already exists.
./circuit_plots/Unrestricted Disentangled|Readout|CN=0|B0=2|B1=2|K=1280|L=320|p_B=0.75|p_C=0.75|B=2|eps=0|95cf655c-5fe1-41ee-b5c6-acd2a4761507/ already exists.
Epoch: 6700, Loss: 5.721576690673828
Test acc: 0.1004, IC acc: 0.0016, IC acc2: 0.0046, IW acc: 0.408
Epoch: 6701, Loss: 5.573369026184082
Epoch: 6702, Loss: 5.6598358154296875
Epoch: 6703, Loss: 5.615323066711426
Epoch: 6704, Loss: 5.627131462097168
Epoch: 6705, Loss: 5.580938816070557
Epoch: 6706, Loss: 5.6383843421936035
Epoch: 6707, Loss: 5.668598651885986
Epoch: 6708, Loss: 5.595039367675781
Epoch: 6709, Loss: 5.691207408905029
Epoch: 6710, Loss: 5.597805500030518
Test acc: 0.1004, IC acc: 0.0016, IC acc2: 0.0046, IW acc: 0.4096
Epoch: 6711, Loss: 5.5790181159973145
Epoch: 6712, Loss: 5.667379379272461
Epoch: 6713, Loss: 5.697573661804199
Epoch: 6714, Loss: 5.597499847412109
Epoch: 6715, Loss: 5.662734031677246
Epoch: 6716, Loss: 5.56620454788208
Epoch: 6717, Loss: 5.606753349304199
Epoch: 6718, Loss: 5.632849216461182
Epoch: 6719, Loss: 5.571509838104248
Epoch: 6720, Loss: 5.647436618804932
Test acc: 0.1012, IC acc: 0.0016, IC acc2: 0.0046, IW acc: 0.4111
Epoch: 6721, Loss: 5.630623817443848
Epoch: 6722, Loss: 5.64068603515625
Epoch: 6723, Loss: 5.6319708824157715
Epoch: 6724, Loss: 5.619466781616211
Epoch: 6725, Loss: 5.625530242919922
Epoch: 6726, Loss: 5.553231239318848
Epoch: 6727, Loss: 5.610978126525879
Epoch: 6728, Loss: 5.610179901123047
Epoch: 6729, Loss: 5.628440856933594
Epoch: 6730, Loss: 5.576967239379883
Test acc: 0.1018, IC acc: 0.0016, IC acc2: 0.0046, IW acc: 0.4138
Epoch: 6731, Loss: 5.651556015014648
Epoch: 6732, Loss: 5.578413009643555
Epoch: 6733, Loss: 5.578932762145996
Epoch: 6734, Loss: 5.627638816833496
Epoch: 6735, Loss: 5.61964750289917
Epoch: 6736, Loss: 5.713295936584473
Epoch: 6737, Loss: 5.649395942687988
Epoch: 6738, Loss: 5.637763023376465
Epoch: 6739, Loss: 5.664668083190918
Epoch: 6740, Loss: 5.60872745513916
Test acc: 0.1021, IC acc: 0.0016, IC acc2: 0.0046, IW acc: 0.4154
Epoch: 6741, Loss: 5.675999164581299
Epoch: 6742, Loss: 5.6121978759765625
Epoch: 6743, Loss: 5.700767517089844
Epoch: 6744, Loss: 5.659051895141602
Epoch: 6745, Loss: 5.6077656745910645
Epoch: 6746, Loss: 5.629042625427246
Epoch: 6747, Loss: 5.675632476806641
Epoch: 6748, Loss: 5.56050968170166
Epoch: 6749, Loss: 5.620379447937012
./circuit_plots/Unrestricted Disentangled|Readout|CN=0|B0=2|B1=2|K=1280|L=320|p_B=0.75|p_C=0.75|B=2|eps=0|95cf655c-5fe1-41ee-b5c6-acd2a4761507/ already exists.
./circuit_plots/Unrestricted Disentangled|Readout|CN=0|B0=2|B1=2|K=1280|L=320|p_B=0.75|p_C=0.75|B=2|eps=0|95cf655c-5fe1-41ee-b5c6-acd2a4761507/ already exists.
./circuit_plots/Unrestricted Disentangled|Readout|CN=0|B0=2|B1=2|K=1280|L=320|p_B=0.75|p_C=0.75|B=2|eps=0|95cf655c-5fe1-41ee-b5c6-acd2a4761507/ already exists.
./circuit_plots/Unrestricted Disentangled|Readout|CN=0|B0=2|B1=2|K=1280|L=320|p_B=0.75|p_C=0.75|B=2|eps=0|95cf655c-5fe1-41ee-b5c6-acd2a4761507/ already exists.
./circuit_plots/Unrestricted Disentangled|Readout|CN=0|B0=2|B1=2|K=1280|L=320|p_B=0.75|p_C=0.75|B=2|eps=0|95cf655c-5fe1-41ee-b5c6-acd2a4761507/ already exists.
./circuit_plots/Unrestricted Disentangled|Readout|CN=0|B0=2|B1=2|K=1280|L=320|p_B=0.75|p_C=0.75|B=2|eps=0|95cf655c-5fe1-41ee-b5c6-acd2a4761507/ already exists.
./circuit_plots/Unrestricted Disentangled|Readout|CN=0|B0=2|B1=2|K=1280|L=320|p_B=0.75|p_C=0.75|B=2|eps=0|95cf655c-5fe1-41ee-b5c6-acd2a4761507/ already exists.
Epoch: 6750, Loss: 5.624079704284668
Test acc: 0.1015, IC acc: 0.0016, IC acc2: 0.0046, IW acc: 0.4143
Epoch: 6751, Loss: 5.5928215980529785
Epoch: 6752, Loss: 5.614398002624512
Epoch: 6753, Loss: 5.64622688293457
Epoch: 6754, Loss: 5.559676170349121
Epoch: 6755, Loss: 5.587074279785156
Epoch: 6756, Loss: 5.661293983459473
Epoch: 6757, Loss: 5.599893569946289
Epoch: 6758, Loss: 5.599783897399902
Epoch: 6759, Loss: 5.619056224822998
Epoch: 6760, Loss: 5.634389877319336
Test acc: 0.1013, IC acc: 0.0016, IC acc2: 0.0046, IW acc: 0.4121
Epoch: 6761, Loss: 5.716183662414551
Epoch: 6762, Loss: 5.702296257019043
Epoch: 6763, Loss: 5.638737201690674
Epoch: 6764, Loss: 5.576663970947266
Epoch: 6765, Loss: 5.6095194816589355
Epoch: 6766, Loss: 5.613882064819336
Epoch: 6767, Loss: 5.621452331542969
Epoch: 6768, Loss: 5.597858428955078
Epoch: 6769, Loss: 5.636997222900391
Epoch: 6770, Loss: 5.620400905609131
Test acc: 0.1014, IC acc: 0.0016, IC acc2: 0.0046, IW acc: 0.4132
Epoch: 6771, Loss: 5.580156326293945
Epoch: 6772, Loss: 5.575435161590576
Epoch: 6773, Loss: 5.603421211242676
Epoch: 6774, Loss: 5.630998611450195
Epoch: 6775, Loss: 5.668541431427002
Epoch: 6776, Loss: 5.614344596862793
Epoch: 6777, Loss: 5.635611534118652
Epoch: 6778, Loss: 5.609858989715576
Epoch: 6779, Loss: 5.637828826904297
Epoch: 6780, Loss: 5.677872657775879
Test acc: 0.1027, IC acc: 0.0016, IC acc2: 0.0046, IW acc: 0.4158
Epoch: 6781, Loss: 5.659971237182617
Epoch: 6782, Loss: 5.616518020629883
Epoch: 6783, Loss: 5.57658052444458
Epoch: 6784, Loss: 5.64111328125
Epoch: 6785, Loss: 5.6624345779418945
Epoch: 6786, Loss: 5.663528919219971
Epoch: 6787, Loss: 5.642831325531006
Epoch: 6788, Loss: 5.596841812133789
Epoch: 6789, Loss: 5.616093635559082
Epoch: 6790, Loss: 5.64447021484375
Test acc: 0.1025, IC acc: 0.0016, IC acc2: 0.0046, IW acc: 0.4142
Epoch: 6791, Loss: 5.626822471618652
Epoch: 6792, Loss: 5.6347479820251465
Epoch: 6793, Loss: 5.594873428344727
Epoch: 6794, Loss: 5.619558334350586
Epoch: 6795, Loss: 5.618839740753174
Epoch: 6796, Loss: 5.623443603515625
Epoch: 6797, Loss: 5.608511924743652
Epoch: 6798, Loss: 5.591711044311523
Epoch: 6799, Loss: 5.6305084228515625
./circuit_plots/Unrestricted Disentangled|Readout|CN=0|B0=2|B1=2|K=1280|L=320|p_B=0.75|p_C=0.75|B=2|eps=0|95cf655c-5fe1-41ee-b5c6-acd2a4761507/ already exists.
./circuit_plots/Unrestricted Disentangled|Readout|CN=0|B0=2|B1=2|K=1280|L=320|p_B=0.75|p_C=0.75|B=2|eps=0|95cf655c-5fe1-41ee-b5c6-acd2a4761507/ already exists.
./circuit_plots/Unrestricted Disentangled|Readout|CN=0|B0=2|B1=2|K=1280|L=320|p_B=0.75|p_C=0.75|B=2|eps=0|95cf655c-5fe1-41ee-b5c6-acd2a4761507/ already exists.
./circuit_plots/Unrestricted Disentangled|Readout|CN=0|B0=2|B1=2|K=1280|L=320|p_B=0.75|p_C=0.75|B=2|eps=0|95cf655c-5fe1-41ee-b5c6-acd2a4761507/ already exists.
./circuit_plots/Unrestricted Disentangled|Readout|CN=0|B0=2|B1=2|K=1280|L=320|p_B=0.75|p_C=0.75|B=2|eps=0|95cf655c-5fe1-41ee-b5c6-acd2a4761507/ already exists.
./circuit_plots/Unrestricted Disentangled|Readout|CN=0|B0=2|B1=2|K=1280|L=320|p_B=0.75|p_C=0.75|B=2|eps=0|95cf655c-5fe1-41ee-b5c6-acd2a4761507/ already exists.
./circuit_plots/Unrestricted Disentangled|Readout|CN=0|B0=2|B1=2|K=1280|L=320|p_B=0.75|p_C=0.75|B=2|eps=0|95cf655c-5fe1-41ee-b5c6-acd2a4761507/ already exists.
Epoch: 6800, Loss: 5.583126544952393
Test acc: 0.102, IC acc: 0.0016, IC acc2: 0.0035, IW acc: 0.413
Epoch: 6801, Loss: 5.629310607910156
Epoch: 6802, Loss: 5.6324381828308105
Epoch: 6803, Loss: 5.604604721069336
Epoch: 6804, Loss: 5.626764297485352
Epoch: 6805, Loss: 5.663361072540283
Epoch: 6806, Loss: 5.564242362976074
Epoch: 6807, Loss: 5.660408020019531
Epoch: 6808, Loss: 5.657922744750977
Epoch: 6809, Loss: 5.58686637878418
Epoch: 6810, Loss: 5.5953779220581055
Test acc: 0.1024, IC acc: 0.0016, IC acc2: 0.0035, IW acc: 0.4129
Epoch: 6811, Loss: 5.622052192687988
Epoch: 6812, Loss: 5.652121543884277
Epoch: 6813, Loss: 5.630539894104004
Epoch: 6814, Loss: 5.578455448150635
Epoch: 6815, Loss: 5.596230983734131
Epoch: 6816, Loss: 5.619810581207275
Epoch: 6817, Loss: 5.564138412475586
Epoch: 6818, Loss: 5.638029098510742
Epoch: 6819, Loss: 5.558938980102539
Epoch: 6820, Loss: 5.618523597717285
Test acc: 0.1021, IC acc: 0.0016, IC acc2: 0.0035, IW acc: 0.4128
Epoch: 6821, Loss: 5.6078996658325195
Epoch: 6822, Loss: 5.646492958068848
Epoch: 6823, Loss: 5.679069995880127
Epoch: 6824, Loss: 5.611425399780273
Epoch: 6825, Loss: 5.644049167633057
Epoch: 6826, Loss: 5.6437859535217285
Epoch: 6827, Loss: 5.60600471496582
Epoch: 6828, Loss: 5.640820503234863
Epoch: 6829, Loss: 5.632884979248047
Epoch: 6830, Loss: 5.558379173278809
Test acc: 0.1023, IC acc: 0.0016, IC acc2: 0.0035, IW acc: 0.412
Epoch: 6831, Loss: 5.580474853515625
Epoch: 6832, Loss: 5.595226287841797
Epoch: 6833, Loss: 5.6147847175598145
Epoch: 6834, Loss: 5.662064552307129
Epoch: 6835, Loss: 5.559978485107422
Epoch: 6836, Loss: 5.606153964996338
Epoch: 6837, Loss: 5.726471900939941
Epoch: 6838, Loss: 5.592522621154785
Epoch: 6839, Loss: 5.658282279968262
Epoch: 6840, Loss: 5.6552863121032715
Test acc: 0.1028, IC acc: 0.0016, IC acc2: 0.0035, IW acc: 0.413
Epoch: 6841, Loss: 5.619410991668701
Epoch: 6842, Loss: 5.651022911071777
Epoch: 6843, Loss: 5.690532684326172
Epoch: 6844, Loss: 5.623551368713379
Epoch: 6845, Loss: 5.608795166015625
Epoch: 6846, Loss: 5.686010360717773
Epoch: 6847, Loss: 5.717470169067383
Epoch: 6848, Loss: 5.692349433898926
Epoch: 6849, Loss: 5.626795768737793
./circuit_plots/Unrestricted Disentangled|Readout|CN=0|B0=2|B1=2|K=1280|L=320|p_B=0.75|p_C=0.75|B=2|eps=0|95cf655c-5fe1-41ee-b5c6-acd2a4761507/ already exists.
./circuit_plots/Unrestricted Disentangled|Readout|CN=0|B0=2|B1=2|K=1280|L=320|p_B=0.75|p_C=0.75|B=2|eps=0|95cf655c-5fe1-41ee-b5c6-acd2a4761507/ already exists.
./circuit_plots/Unrestricted Disentangled|Readout|CN=0|B0=2|B1=2|K=1280|L=320|p_B=0.75|p_C=0.75|B=2|eps=0|95cf655c-5fe1-41ee-b5c6-acd2a4761507/ already exists.
./circuit_plots/Unrestricted Disentangled|Readout|CN=0|B0=2|B1=2|K=1280|L=320|p_B=0.75|p_C=0.75|B=2|eps=0|95cf655c-5fe1-41ee-b5c6-acd2a4761507/ already exists.
./circuit_plots/Unrestricted Disentangled|Readout|CN=0|B0=2|B1=2|K=1280|L=320|p_B=0.75|p_C=0.75|B=2|eps=0|95cf655c-5fe1-41ee-b5c6-acd2a4761507/ already exists.
./circuit_plots/Unrestricted Disentangled|Readout|CN=0|B0=2|B1=2|K=1280|L=320|p_B=0.75|p_C=0.75|B=2|eps=0|95cf655c-5fe1-41ee-b5c6-acd2a4761507/ already exists.
./circuit_plots/Unrestricted Disentangled|Readout|CN=0|B0=2|B1=2|K=1280|L=320|p_B=0.75|p_C=0.75|B=2|eps=0|95cf655c-5fe1-41ee-b5c6-acd2a4761507/ already exists.
Epoch: 6850, Loss: 5.676742076873779
Test acc: 0.1036, IC acc: 0.0016, IC acc2: 0.0035, IW acc: 0.4147
Epoch: 6851, Loss: 5.609248638153076
Epoch: 6852, Loss: 5.621949195861816
Epoch: 6853, Loss: 5.6210551261901855
Epoch: 6854, Loss: 5.5772247314453125
Epoch: 6855, Loss: 5.5964741706848145
Epoch: 6856, Loss: 5.671356678009033
Epoch: 6857, Loss: 5.656557083129883
Epoch: 6858, Loss: 5.634295463562012
Epoch: 6859, Loss: 5.586355209350586
Epoch: 6860, Loss: 5.691878318786621
Test acc: 0.1031, IC acc: 0.0016, IC acc2: 0.0046, IW acc: 0.4166
Epoch: 6861, Loss: 5.497645378112793
Epoch: 6862, Loss: 5.671727180480957
Epoch: 6863, Loss: 5.575357437133789
Epoch: 6864, Loss: 5.574525833129883
Epoch: 6865, Loss: 5.588450908660889
Epoch: 6866, Loss: 5.5917534828186035
Epoch: 6867, Loss: 5.624752044677734
Epoch: 6868, Loss: 5.643174171447754
Epoch: 6869, Loss: 5.649371147155762
Epoch: 6870, Loss: 5.60821533203125
Test acc: 0.1034, IC acc: 0.0016, IC acc2: 0.0046, IW acc: 0.418
Epoch: 6871, Loss: 5.621356964111328
Epoch: 6872, Loss: 5.567753791809082
Epoch: 6873, Loss: 5.667192459106445
Epoch: 6874, Loss: 5.6178669929504395
Epoch: 6875, Loss: 5.659008026123047
Epoch: 6876, Loss: 5.64792537689209
Epoch: 6877, Loss: 5.557018280029297
Epoch: 6878, Loss: 5.624993324279785
Epoch: 6879, Loss: 5.5930681228637695
Epoch: 6880, Loss: 5.591426849365234
Test acc: 0.1042, IC acc: 0.0016, IC acc2: 0.0046, IW acc: 0.4215
Epoch: 6881, Loss: 5.582061290740967
Epoch: 6882, Loss: 5.625993728637695
Epoch: 6883, Loss: 5.66165018081665
Epoch: 6884, Loss: 5.603030204772949
Epoch: 6885, Loss: 5.620161056518555
Epoch: 6886, Loss: 5.625543594360352
Epoch: 6887, Loss: 5.679055213928223
Epoch: 6888, Loss: 5.648251056671143
Epoch: 6889, Loss: 5.639823913574219
Epoch: 6890, Loss: 5.656902313232422
Test acc: 0.1042, IC acc: 0.0016, IC acc2: 0.0046, IW acc: 0.4203
Epoch: 6891, Loss: 5.579687118530273
Epoch: 6892, Loss: 5.614017963409424
Epoch: 6893, Loss: 5.611812114715576
Epoch: 6894, Loss: 5.480066776275635
Epoch: 6895, Loss: 5.658984184265137
Epoch: 6896, Loss: 5.5729899406433105
Epoch: 6897, Loss: 5.653717994689941
Epoch: 6898, Loss: 5.663426399230957
Epoch: 6899, Loss: 5.665103912353516
./circuit_plots/Unrestricted Disentangled|Readout|CN=0|B0=2|B1=2|K=1280|L=320|p_B=0.75|p_C=0.75|B=2|eps=0|95cf655c-5fe1-41ee-b5c6-acd2a4761507/ already exists.
./circuit_plots/Unrestricted Disentangled|Readout|CN=0|B0=2|B1=2|K=1280|L=320|p_B=0.75|p_C=0.75|B=2|eps=0|95cf655c-5fe1-41ee-b5c6-acd2a4761507/ already exists.
./circuit_plots/Unrestricted Disentangled|Readout|CN=0|B0=2|B1=2|K=1280|L=320|p_B=0.75|p_C=0.75|B=2|eps=0|95cf655c-5fe1-41ee-b5c6-acd2a4761507/ already exists.
./circuit_plots/Unrestricted Disentangled|Readout|CN=0|B0=2|B1=2|K=1280|L=320|p_B=0.75|p_C=0.75|B=2|eps=0|95cf655c-5fe1-41ee-b5c6-acd2a4761507/ already exists.
./circuit_plots/Unrestricted Disentangled|Readout|CN=0|B0=2|B1=2|K=1280|L=320|p_B=0.75|p_C=0.75|B=2|eps=0|95cf655c-5fe1-41ee-b5c6-acd2a4761507/ already exists.
./circuit_plots/Unrestricted Disentangled|Readout|CN=0|B0=2|B1=2|K=1280|L=320|p_B=0.75|p_C=0.75|B=2|eps=0|95cf655c-5fe1-41ee-b5c6-acd2a4761507/ already exists.
./circuit_plots/Unrestricted Disentangled|Readout|CN=0|B0=2|B1=2|K=1280|L=320|p_B=0.75|p_C=0.75|B=2|eps=0|95cf655c-5fe1-41ee-b5c6-acd2a4761507/ already exists.
Epoch: 6900, Loss: 5.5988383293151855
Test acc: 0.1057, IC acc: 0.0016, IC acc2: 0.0046, IW acc: 0.4263
Epoch: 6901, Loss: 5.615567207336426
Epoch: 6902, Loss: 5.644004821777344
Epoch: 6903, Loss: 5.584930419921875
Epoch: 6904, Loss: 5.613796710968018
Epoch: 6905, Loss: 5.649656772613525
Epoch: 6906, Loss: 5.616718292236328
Epoch: 6907, Loss: 5.624660491943359
Epoch: 6908, Loss: 5.650857925415039
Epoch: 6909, Loss: 5.615447044372559
Epoch: 6910, Loss: 5.647536277770996
Test acc: 0.1057, IC acc: 0.0016, IC acc2: 0.0046, IW acc: 0.4262
Epoch: 6911, Loss: 5.63273286819458
Epoch: 6912, Loss: 5.62362003326416
Epoch: 6913, Loss: 5.5635528564453125
Epoch: 6914, Loss: 5.66153621673584
Epoch: 6915, Loss: 5.637497901916504
Epoch: 6916, Loss: 5.599926948547363
Epoch: 6917, Loss: 5.585936546325684
Epoch: 6918, Loss: 5.598392486572266
Epoch: 6919, Loss: 5.644750118255615
Epoch: 6920, Loss: 5.5860819816589355
Test acc: 0.1059, IC acc: 0.0016, IC acc2: 0.0046, IW acc: 0.4284
Epoch: 6921, Loss: 5.639132022857666
Epoch: 6922, Loss: 5.553980350494385
Epoch: 6923, Loss: 5.609652996063232
Epoch: 6924, Loss: 5.609628677368164
Epoch: 6925, Loss: 5.619179725646973
Epoch: 6926, Loss: 5.65131950378418
Epoch: 6927, Loss: 5.5973052978515625
Epoch: 6928, Loss: 5.640749454498291
Epoch: 6929, Loss: 5.526702880859375
Epoch: 6930, Loss: 5.553297996520996
Test acc: 0.1063, IC acc: 0.0016, IC acc2: 0.0046, IW acc: 0.4297
Epoch: 6931, Loss: 5.693243026733398
Epoch: 6932, Loss: 5.696150779724121
Epoch: 6933, Loss: 5.614213943481445
Epoch: 6934, Loss: 5.606444358825684
Epoch: 6935, Loss: 5.604923248291016
Epoch: 6936, Loss: 5.649460792541504
Epoch: 6937, Loss: 5.603969573974609
Epoch: 6938, Loss: 5.623960971832275
Epoch: 6939, Loss: 5.622340679168701
Epoch: 6940, Loss: 5.606051445007324
Test acc: 0.1076, IC acc: 0.0016, IC acc2: 0.0046, IW acc: 0.4335
Epoch: 6941, Loss: 5.690205097198486
Epoch: 6942, Loss: 5.546359062194824
Epoch: 6943, Loss: 5.609911918640137
Epoch: 6944, Loss: 5.581884384155273
Epoch: 6945, Loss: 5.642960071563721
Epoch: 6946, Loss: 5.623567581176758
Epoch: 6947, Loss: 5.571946144104004
Epoch: 6948, Loss: 5.6821465492248535
Epoch: 6949, Loss: 5.595686912536621
./circuit_plots/Unrestricted Disentangled|Readout|CN=0|B0=2|B1=2|K=1280|L=320|p_B=0.75|p_C=0.75|B=2|eps=0|95cf655c-5fe1-41ee-b5c6-acd2a4761507/ already exists.
./circuit_plots/Unrestricted Disentangled|Readout|CN=0|B0=2|B1=2|K=1280|L=320|p_B=0.75|p_C=0.75|B=2|eps=0|95cf655c-5fe1-41ee-b5c6-acd2a4761507/ already exists.
./circuit_plots/Unrestricted Disentangled|Readout|CN=0|B0=2|B1=2|K=1280|L=320|p_B=0.75|p_C=0.75|B=2|eps=0|95cf655c-5fe1-41ee-b5c6-acd2a4761507/ already exists.
./circuit_plots/Unrestricted Disentangled|Readout|CN=0|B0=2|B1=2|K=1280|L=320|p_B=0.75|p_C=0.75|B=2|eps=0|95cf655c-5fe1-41ee-b5c6-acd2a4761507/ already exists.
./circuit_plots/Unrestricted Disentangled|Readout|CN=0|B0=2|B1=2|K=1280|L=320|p_B=0.75|p_C=0.75|B=2|eps=0|95cf655c-5fe1-41ee-b5c6-acd2a4761507/ already exists.
./circuit_plots/Unrestricted Disentangled|Readout|CN=0|B0=2|B1=2|K=1280|L=320|p_B=0.75|p_C=0.75|B=2|eps=0|95cf655c-5fe1-41ee-b5c6-acd2a4761507/ already exists.
./circuit_plots/Unrestricted Disentangled|Readout|CN=0|B0=2|B1=2|K=1280|L=320|p_B=0.75|p_C=0.75|B=2|eps=0|95cf655c-5fe1-41ee-b5c6-acd2a4761507/ already exists.
Epoch: 6950, Loss: 5.662799835205078
Test acc: 0.107, IC acc: 0.0016, IC acc2: 0.0046, IW acc: 0.4334
Epoch: 6951, Loss: 5.624349117279053
Epoch: 6952, Loss: 5.636429786682129
Epoch: 6953, Loss: 5.561923980712891
Epoch: 6954, Loss: 5.567156791687012
Epoch: 6955, Loss: 5.612936019897461
Epoch: 6956, Loss: 5.6218180656433105
Epoch: 6957, Loss: 5.587670803070068
Epoch: 6958, Loss: 5.6999077796936035
Epoch: 6959, Loss: 5.62800407409668
Epoch: 6960, Loss: 5.5940070152282715
Test acc: 0.1072, IC acc: 0.0016, IC acc2: 0.0046, IW acc: 0.4333
Epoch: 6961, Loss: 5.656149864196777
Epoch: 6962, Loss: 5.553682327270508
Epoch: 6963, Loss: 5.688384056091309
Epoch: 6964, Loss: 5.631962776184082
Epoch: 6965, Loss: 5.618521690368652
Epoch: 6966, Loss: 5.656791687011719
Epoch: 6967, Loss: 5.614983558654785
Epoch: 6968, Loss: 5.6015191078186035
Epoch: 6969, Loss: 5.642392635345459
Epoch: 6970, Loss: 5.642955780029297
Test acc: 0.107, IC acc: 0.0016, IC acc2: 0.0046, IW acc: 0.433
Epoch: 6971, Loss: 5.581986427307129
Epoch: 6972, Loss: 5.608638763427734
Epoch: 6973, Loss: 5.717343330383301
Epoch: 6974, Loss: 5.563149452209473
Epoch: 6975, Loss: 5.6542792320251465
Epoch: 6976, Loss: 5.645260810852051
Epoch: 6977, Loss: 5.588938236236572
Epoch: 6978, Loss: 5.612503528594971
Epoch: 6979, Loss: 5.604129791259766
Epoch: 6980, Loss: 5.607595443725586
Test acc: 0.1073, IC acc: 0.0016, IC acc2: 0.0046, IW acc: 0.4347
Epoch: 6981, Loss: 5.592707633972168
Epoch: 6982, Loss: 5.618815898895264
Epoch: 6983, Loss: 5.62893533706665
Epoch: 6984, Loss: 5.608577251434326
Epoch: 6985, Loss: 5.705104351043701
Epoch: 6986, Loss: 5.52006721496582
Epoch: 6987, Loss: 5.655777931213379
Epoch: 6988, Loss: 5.586602210998535
Epoch: 6989, Loss: 5.6677656173706055
Epoch: 6990, Loss: 5.574645519256592
Test acc: 0.1071, IC acc: 0.0016, IC acc2: 0.0046, IW acc: 0.4324
Epoch: 6991, Loss: 5.584652423858643
Epoch: 6992, Loss: 5.663403511047363
Epoch: 6993, Loss: 5.641739845275879
Epoch: 6994, Loss: 5.685007095336914
Epoch: 6995, Loss: 5.618601322174072
Epoch: 6996, Loss: 5.64716100692749
Epoch: 6997, Loss: 5.69734525680542
Epoch: 6998, Loss: 5.595876693725586
Epoch: 6999, Loss: 5.5767822265625
./circuit_plots/Unrestricted Disentangled|Readout|CN=0|B0=2|B1=2|K=1280|L=320|p_B=0.75|p_C=0.75|B=2|eps=0|95cf655c-5fe1-41ee-b5c6-acd2a4761507/ already exists.
./circuit_plots/Unrestricted Disentangled|Readout|CN=0|B0=2|B1=2|K=1280|L=320|p_B=0.75|p_C=0.75|B=2|eps=0|95cf655c-5fe1-41ee-b5c6-acd2a4761507/ already exists.
./circuit_plots/Unrestricted Disentangled|Readout|CN=0|B0=2|B1=2|K=1280|L=320|p_B=0.75|p_C=0.75|B=2|eps=0|95cf655c-5fe1-41ee-b5c6-acd2a4761507/ already exists.
./circuit_plots/Unrestricted Disentangled|Readout|CN=0|B0=2|B1=2|K=1280|L=320|p_B=0.75|p_C=0.75|B=2|eps=0|95cf655c-5fe1-41ee-b5c6-acd2a4761507/ already exists.
./circuit_plots/Unrestricted Disentangled|Readout|CN=0|B0=2|B1=2|K=1280|L=320|p_B=0.75|p_C=0.75|B=2|eps=0|95cf655c-5fe1-41ee-b5c6-acd2a4761507/ already exists.
./circuit_plots/Unrestricted Disentangled|Readout|CN=0|B0=2|B1=2|K=1280|L=320|p_B=0.75|p_C=0.75|B=2|eps=0|95cf655c-5fe1-41ee-b5c6-acd2a4761507/ already exists.
./circuit_plots/Unrestricted Disentangled|Readout|CN=0|B0=2|B1=2|K=1280|L=320|p_B=0.75|p_C=0.75|B=2|eps=0|95cf655c-5fe1-41ee-b5c6-acd2a4761507/ already exists.
Epoch: 7000, Loss: 5.5651397705078125
Test acc: 0.1074, IC acc: 0.0016, IC acc2: 0.0046, IW acc: 0.4342
Epoch: 7001, Loss: 5.580653667449951
Epoch: 7002, Loss: 5.697822570800781
Epoch: 7003, Loss: 5.675178527832031
Epoch: 7004, Loss: 5.631316184997559
Epoch: 7005, Loss: 5.631213188171387
Epoch: 7006, Loss: 5.587806701660156
Epoch: 7007, Loss: 5.565467834472656
Epoch: 7008, Loss: 5.598399639129639
Epoch: 7009, Loss: 5.619206428527832
Epoch: 7010, Loss: 5.687466144561768
Test acc: 0.1078, IC acc: 0.0016, IC acc2: 0.0046, IW acc: 0.4333
Epoch: 7011, Loss: 5.609331130981445
Epoch: 7012, Loss: 5.612699508666992
Epoch: 7013, Loss: 5.596330642700195
Epoch: 7014, Loss: 5.655221939086914
Epoch: 7015, Loss: 5.661957740783691
Epoch: 7016, Loss: 5.58858060836792
Epoch: 7017, Loss: 5.607929229736328
Epoch: 7018, Loss: 5.672388076782227
Epoch: 7019, Loss: 5.567614555358887
Epoch: 7020, Loss: 5.562719821929932
Test acc: 0.1072, IC acc: 0.0016, IC acc2: 0.0046, IW acc: 0.4336
Epoch: 7021, Loss: 5.579853057861328
Epoch: 7022, Loss: 5.60791015625
Epoch: 7023, Loss: 5.646862030029297
Epoch: 7024, Loss: 5.594332218170166
Epoch: 7025, Loss: 5.587653160095215
Epoch: 7026, Loss: 5.653927803039551
Epoch: 7027, Loss: 5.649462699890137
Epoch: 7028, Loss: 5.629282474517822
Epoch: 7029, Loss: 5.61761474609375
Epoch: 7030, Loss: 5.563631057739258
Test acc: 0.1071, IC acc: 0.0016, IC acc2: 0.0046, IW acc: 0.4325
Epoch: 7031, Loss: 5.663558006286621
Epoch: 7032, Loss: 5.5917744636535645
Epoch: 7033, Loss: 5.641779899597168
Epoch: 7034, Loss: 5.602880477905273
Epoch: 7035, Loss: 5.5759429931640625
Epoch: 7036, Loss: 5.662327289581299
Epoch: 7037, Loss: 5.581183433532715
Epoch: 7038, Loss: 5.68503475189209
Epoch: 7039, Loss: 5.634557723999023
Epoch: 7040, Loss: 5.608314514160156
Test acc: 0.108, IC acc: 0.0016, IC acc2: 0.0046, IW acc: 0.4349
Epoch: 7041, Loss: 5.58976936340332
Epoch: 7042, Loss: 5.652103900909424
Epoch: 7043, Loss: 5.6209797859191895
Epoch: 7044, Loss: 5.613250732421875
Epoch: 7045, Loss: 5.631129264831543
Epoch: 7046, Loss: 5.563930511474609
Epoch: 7047, Loss: 5.6931304931640625
Epoch: 7048, Loss: 5.606600761413574
Epoch: 7049, Loss: 5.636165142059326
./circuit_plots/Unrestricted Disentangled|Readout|CN=0|B0=2|B1=2|K=1280|L=320|p_B=0.75|p_C=0.75|B=2|eps=0|95cf655c-5fe1-41ee-b5c6-acd2a4761507/ already exists.
./circuit_plots/Unrestricted Disentangled|Readout|CN=0|B0=2|B1=2|K=1280|L=320|p_B=0.75|p_C=0.75|B=2|eps=0|95cf655c-5fe1-41ee-b5c6-acd2a4761507/ already exists.
./circuit_plots/Unrestricted Disentangled|Readout|CN=0|B0=2|B1=2|K=1280|L=320|p_B=0.75|p_C=0.75|B=2|eps=0|95cf655c-5fe1-41ee-b5c6-acd2a4761507/ already exists.
./circuit_plots/Unrestricted Disentangled|Readout|CN=0|B0=2|B1=2|K=1280|L=320|p_B=0.75|p_C=0.75|B=2|eps=0|95cf655c-5fe1-41ee-b5c6-acd2a4761507/ already exists.
./circuit_plots/Unrestricted Disentangled|Readout|CN=0|B0=2|B1=2|K=1280|L=320|p_B=0.75|p_C=0.75|B=2|eps=0|95cf655c-5fe1-41ee-b5c6-acd2a4761507/ already exists.
./circuit_plots/Unrestricted Disentangled|Readout|CN=0|B0=2|B1=2|K=1280|L=320|p_B=0.75|p_C=0.75|B=2|eps=0|95cf655c-5fe1-41ee-b5c6-acd2a4761507/ already exists.
./circuit_plots/Unrestricted Disentangled|Readout|CN=0|B0=2|B1=2|K=1280|L=320|p_B=0.75|p_C=0.75|B=2|eps=0|95cf655c-5fe1-41ee-b5c6-acd2a4761507/ already exists.
Epoch: 7050, Loss: 5.641720771789551
Test acc: 0.1071, IC acc: 0.0016, IC acc2: 0.0046, IW acc: 0.4323
Epoch: 7051, Loss: 5.617837905883789
Epoch: 7052, Loss: 5.60247278213501
Epoch: 7053, Loss: 5.660002708435059
Epoch: 7054, Loss: 5.623370170593262
Epoch: 7055, Loss: 5.5444512367248535
Epoch: 7056, Loss: 5.544178009033203
Epoch: 7057, Loss: 5.649834632873535
Epoch: 7058, Loss: 5.563686847686768
Epoch: 7059, Loss: 5.614068984985352
Epoch: 7060, Loss: 5.618120193481445
Test acc: 0.1078, IC acc: 0.0016, IC acc2: 0.0046, IW acc: 0.4356
Epoch: 7061, Loss: 5.666404724121094
Epoch: 7062, Loss: 5.614044189453125
Epoch: 7063, Loss: 5.586627006530762
Epoch: 7064, Loss: 5.638628959655762
Epoch: 7065, Loss: 5.626567840576172
Epoch: 7066, Loss: 5.683559894561768
Epoch: 7067, Loss: 5.6090569496154785
Epoch: 7068, Loss: 5.636784076690674
Epoch: 7069, Loss: 5.605217933654785
Epoch: 7070, Loss: 5.700244903564453
Test acc: 0.1083, IC acc: 0.0016, IC acc2: 0.0035, IW acc: 0.4359
Epoch: 7071, Loss: 5.598785877227783
Epoch: 7072, Loss: 5.621315002441406
Epoch: 7073, Loss: 5.639371871948242
Epoch: 7074, Loss: 5.565197467803955
Epoch: 7075, Loss: 5.62393856048584
Epoch: 7076, Loss: 5.667993545532227
Epoch: 7077, Loss: 5.544685363769531
Epoch: 7078, Loss: 5.614152431488037
Epoch: 7079, Loss: 5.6331071853637695
Epoch: 7080, Loss: 5.609686851501465
Test acc: 0.109, IC acc: 0.0016, IC acc2: 0.0035, IW acc: 0.4374
Epoch: 7081, Loss: 5.635936260223389
Epoch: 7082, Loss: 5.619365692138672
Epoch: 7083, Loss: 5.6067023277282715
Epoch: 7084, Loss: 5.7487473487854
Epoch: 7085, Loss: 5.6350603103637695
Epoch: 7086, Loss: 5.6261305809021
Epoch: 7087, Loss: 5.673876762390137
Epoch: 7088, Loss: 5.667172431945801
Epoch: 7089, Loss: 5.592296123504639
Epoch: 7090, Loss: 5.678686141967773
Test acc: 0.1089, IC acc: 0.0016, IC acc2: 0.0035, IW acc: 0.437
Epoch: 7091, Loss: 5.6194658279418945
Epoch: 7092, Loss: 5.608545303344727
Epoch: 7093, Loss: 5.629804611206055
Epoch: 7094, Loss: 5.624273300170898
Epoch: 7095, Loss: 5.5577239990234375
Epoch: 7096, Loss: 5.527663230895996
Epoch: 7097, Loss: 5.668529510498047
Epoch: 7098, Loss: 5.598090648651123
Epoch: 7099, Loss: 5.633033752441406
./circuit_plots/Unrestricted Disentangled|Readout|CN=0|B0=2|B1=2|K=1280|L=320|p_B=0.75|p_C=0.75|B=2|eps=0|95cf655c-5fe1-41ee-b5c6-acd2a4761507/ already exists.
./circuit_plots/Unrestricted Disentangled|Readout|CN=0|B0=2|B1=2|K=1280|L=320|p_B=0.75|p_C=0.75|B=2|eps=0|95cf655c-5fe1-41ee-b5c6-acd2a4761507/ already exists.
./circuit_plots/Unrestricted Disentangled|Readout|CN=0|B0=2|B1=2|K=1280|L=320|p_B=0.75|p_C=0.75|B=2|eps=0|95cf655c-5fe1-41ee-b5c6-acd2a4761507/ already exists.
./circuit_plots/Unrestricted Disentangled|Readout|CN=0|B0=2|B1=2|K=1280|L=320|p_B=0.75|p_C=0.75|B=2|eps=0|95cf655c-5fe1-41ee-b5c6-acd2a4761507/ already exists.
./circuit_plots/Unrestricted Disentangled|Readout|CN=0|B0=2|B1=2|K=1280|L=320|p_B=0.75|p_C=0.75|B=2|eps=0|95cf655c-5fe1-41ee-b5c6-acd2a4761507/ already exists.
./circuit_plots/Unrestricted Disentangled|Readout|CN=0|B0=2|B1=2|K=1280|L=320|p_B=0.75|p_C=0.75|B=2|eps=0|95cf655c-5fe1-41ee-b5c6-acd2a4761507/ already exists.
./circuit_plots/Unrestricted Disentangled|Readout|CN=0|B0=2|B1=2|K=1280|L=320|p_B=0.75|p_C=0.75|B=2|eps=0|95cf655c-5fe1-41ee-b5c6-acd2a4761507/ already exists.
Epoch: 7100, Loss: 5.648195266723633
Test acc: 0.1089, IC acc: 0.0016, IC acc2: 0.0035, IW acc: 0.4378
Epoch: 7101, Loss: 5.636898040771484
Epoch: 7102, Loss: 5.607016563415527
Epoch: 7103, Loss: 5.64646053314209
Epoch: 7104, Loss: 5.647082328796387
Epoch: 7105, Loss: 5.606518745422363
Epoch: 7106, Loss: 5.656924724578857
Epoch: 7107, Loss: 5.629728317260742
Epoch: 7108, Loss: 5.650289535522461
Epoch: 7109, Loss: 5.643321990966797
Epoch: 7110, Loss: 5.6663031578063965
Test acc: 0.1085, IC acc: 0.0016, IC acc2: 0.0035, IW acc: 0.4376
Epoch: 7111, Loss: 5.618213653564453
Epoch: 7112, Loss: 5.609400749206543
Epoch: 7113, Loss: 5.652529239654541
Epoch: 7114, Loss: 5.618330955505371
Epoch: 7115, Loss: 5.583309173583984
Epoch: 7116, Loss: 5.647171497344971
Epoch: 7117, Loss: 5.551846504211426
Epoch: 7118, Loss: 5.6308135986328125
Epoch: 7119, Loss: 5.670168876647949
Epoch: 7120, Loss: 5.588033676147461
Test acc: 0.1083, IC acc: 0.0016, IC acc2: 0.0035, IW acc: 0.4369
Epoch: 7121, Loss: 5.653201103210449
Epoch: 7122, Loss: 5.661294937133789
Epoch: 7123, Loss: 5.573980331420898
Epoch: 7124, Loss: 5.584062099456787
Epoch: 7125, Loss: 5.642567157745361
Epoch: 7126, Loss: 5.612595081329346
Epoch: 7127, Loss: 5.714328289031982
Epoch: 7128, Loss: 5.555671215057373
Epoch: 7129, Loss: 5.574132919311523
Epoch: 7130, Loss: 5.674877643585205
Test acc: 0.1085, IC acc: 0.0016, IC acc2: 0.0035, IW acc: 0.4368
Epoch: 7131, Loss: 5.657505035400391
Epoch: 7132, Loss: 5.673851013183594
Epoch: 7133, Loss: 5.628317832946777
Epoch: 7134, Loss: 5.653901100158691
Epoch: 7135, Loss: 5.652662754058838
Epoch: 7136, Loss: 5.603001594543457
Epoch: 7137, Loss: 5.5376362800598145
Epoch: 7138, Loss: 5.661152362823486
Epoch: 7139, Loss: 5.578821182250977
Epoch: 7140, Loss: 5.660403251647949
Test acc: 0.1086, IC acc: 0.0016, IC acc2: 0.0035, IW acc: 0.4384
Epoch: 7141, Loss: 5.600410461425781
Epoch: 7142, Loss: 5.6706109046936035
Epoch: 7143, Loss: 5.625104904174805
Epoch: 7144, Loss: 5.654839038848877
Epoch: 7145, Loss: 5.581019878387451
Epoch: 7146, Loss: 5.6876068115234375
Epoch: 7147, Loss: 5.6569719314575195
Epoch: 7148, Loss: 5.634607315063477
Epoch: 7149, Loss: 5.603781700134277
./circuit_plots/Unrestricted Disentangled|Readout|CN=0|B0=2|B1=2|K=1280|L=320|p_B=0.75|p_C=0.75|B=2|eps=0|95cf655c-5fe1-41ee-b5c6-acd2a4761507/ already exists.
./circuit_plots/Unrestricted Disentangled|Readout|CN=0|B0=2|B1=2|K=1280|L=320|p_B=0.75|p_C=0.75|B=2|eps=0|95cf655c-5fe1-41ee-b5c6-acd2a4761507/ already exists.
./circuit_plots/Unrestricted Disentangled|Readout|CN=0|B0=2|B1=2|K=1280|L=320|p_B=0.75|p_C=0.75|B=2|eps=0|95cf655c-5fe1-41ee-b5c6-acd2a4761507/ already exists.
./circuit_plots/Unrestricted Disentangled|Readout|CN=0|B0=2|B1=2|K=1280|L=320|p_B=0.75|p_C=0.75|B=2|eps=0|95cf655c-5fe1-41ee-b5c6-acd2a4761507/ already exists.
./circuit_plots/Unrestricted Disentangled|Readout|CN=0|B0=2|B1=2|K=1280|L=320|p_B=0.75|p_C=0.75|B=2|eps=0|95cf655c-5fe1-41ee-b5c6-acd2a4761507/ already exists.
./circuit_plots/Unrestricted Disentangled|Readout|CN=0|B0=2|B1=2|K=1280|L=320|p_B=0.75|p_C=0.75|B=2|eps=0|95cf655c-5fe1-41ee-b5c6-acd2a4761507/ already exists.
./circuit_plots/Unrestricted Disentangled|Readout|CN=0|B0=2|B1=2|K=1280|L=320|p_B=0.75|p_C=0.75|B=2|eps=0|95cf655c-5fe1-41ee-b5c6-acd2a4761507/ already exists.
Epoch: 7150, Loss: 5.679239749908447
Test acc: 0.109, IC acc: 0.0016, IC acc2: 0.0035, IW acc: 0.4395
Epoch: 7151, Loss: 5.674041748046875
Epoch: 7152, Loss: 5.639511585235596
Epoch: 7153, Loss: 5.628588676452637
Epoch: 7154, Loss: 5.56373405456543
Epoch: 7155, Loss: 5.620883464813232
Epoch: 7156, Loss: 5.643077850341797
Epoch: 7157, Loss: 5.629697322845459
Epoch: 7158, Loss: 5.6020355224609375
Epoch: 7159, Loss: 5.658598899841309
Epoch: 7160, Loss: 5.540964126586914
Test acc: 0.1095, IC acc: 0.0016, IC acc2: 0.0035, IW acc: 0.441
Epoch: 7161, Loss: 5.478958606719971
Epoch: 7162, Loss: 5.635419845581055
Epoch: 7163, Loss: 5.624101638793945
Epoch: 7164, Loss: 5.630278587341309
Epoch: 7165, Loss: 5.601291656494141
Epoch: 7166, Loss: 5.603649139404297
Epoch: 7167, Loss: 5.6151323318481445
Epoch: 7168, Loss: 5.6065592765808105
Epoch: 7169, Loss: 5.645322799682617
Epoch: 7170, Loss: 5.684230804443359
Test acc: 0.1094, IC acc: 0.0016, IC acc2: 0.0035, IW acc: 0.4408
Epoch: 7171, Loss: 5.612502574920654
Epoch: 7172, Loss: 5.712468147277832
Epoch: 7173, Loss: 5.606257438659668
Epoch: 7174, Loss: 5.578172206878662
Epoch: 7175, Loss: 5.6427717208862305
Epoch: 7176, Loss: 5.650754451751709
Epoch: 7177, Loss: 5.645020484924316
Epoch: 7178, Loss: 5.576512336730957
Epoch: 7179, Loss: 5.587856292724609
Epoch: 7180, Loss: 5.6825666427612305
Test acc: 0.1092, IC acc: 0.0016, IC acc2: 0.0035, IW acc: 0.4398
Epoch: 7181, Loss: 5.587685585021973
Epoch: 7182, Loss: 5.649301528930664
Epoch: 7183, Loss: 5.614426612854004
Epoch: 7184, Loss: 5.666829586029053
Epoch: 7185, Loss: 5.630892753601074
Epoch: 7186, Loss: 5.596502304077148
Epoch: 7187, Loss: 5.624539375305176
Epoch: 7188, Loss: 5.634098052978516
Epoch: 7189, Loss: 5.598714351654053
Epoch: 7190, Loss: 5.658185958862305
Test acc: 0.1088, IC acc: 0.0016, IC acc2: 0.0035, IW acc: 0.4389
Epoch: 7191, Loss: 5.555209636688232
Epoch: 7192, Loss: 5.624536991119385
Epoch: 7193, Loss: 5.578103542327881
Epoch: 7194, Loss: 5.592020511627197
Epoch: 7195, Loss: 5.722855567932129
Epoch: 7196, Loss: 5.598308563232422
Epoch: 7197, Loss: 5.574498176574707
Epoch: 7198, Loss: 5.651546478271484
Epoch: 7199, Loss: 5.6467742919921875
./circuit_plots/Unrestricted Disentangled|Readout|CN=0|B0=2|B1=2|K=1280|L=320|p_B=0.75|p_C=0.75|B=2|eps=0|95cf655c-5fe1-41ee-b5c6-acd2a4761507/ already exists.
./circuit_plots/Unrestricted Disentangled|Readout|CN=0|B0=2|B1=2|K=1280|L=320|p_B=0.75|p_C=0.75|B=2|eps=0|95cf655c-5fe1-41ee-b5c6-acd2a4761507/ already exists.
./circuit_plots/Unrestricted Disentangled|Readout|CN=0|B0=2|B1=2|K=1280|L=320|p_B=0.75|p_C=0.75|B=2|eps=0|95cf655c-5fe1-41ee-b5c6-acd2a4761507/ already exists.
./circuit_plots/Unrestricted Disentangled|Readout|CN=0|B0=2|B1=2|K=1280|L=320|p_B=0.75|p_C=0.75|B=2|eps=0|95cf655c-5fe1-41ee-b5c6-acd2a4761507/ already exists.
./circuit_plots/Unrestricted Disentangled|Readout|CN=0|B0=2|B1=2|K=1280|L=320|p_B=0.75|p_C=0.75|B=2|eps=0|95cf655c-5fe1-41ee-b5c6-acd2a4761507/ already exists.
./circuit_plots/Unrestricted Disentangled|Readout|CN=0|B0=2|B1=2|K=1280|L=320|p_B=0.75|p_C=0.75|B=2|eps=0|95cf655c-5fe1-41ee-b5c6-acd2a4761507/ already exists.
./circuit_plots/Unrestricted Disentangled|Readout|CN=0|B0=2|B1=2|K=1280|L=320|p_B=0.75|p_C=0.75|B=2|eps=0|95cf655c-5fe1-41ee-b5c6-acd2a4761507/ already exists.
Epoch: 7200, Loss: 5.633953094482422
Test acc: 0.1093, IC acc: 0.0016, IC acc2: 0.0035, IW acc: 0.4426
Epoch: 7201, Loss: 5.640075206756592
Epoch: 7202, Loss: 5.5938591957092285
Epoch: 7203, Loss: 5.624242782592773
Epoch: 7204, Loss: 5.567879676818848
Epoch: 7205, Loss: 5.59938383102417
Epoch: 7206, Loss: 5.5552849769592285
Epoch: 7207, Loss: 5.607450008392334
Epoch: 7208, Loss: 5.639377117156982
Epoch: 7209, Loss: 5.535123348236084
Epoch: 7210, Loss: 5.660639762878418
Test acc: 0.1099, IC acc: 0.0016, IC acc2: 0.0035, IW acc: 0.4451
Epoch: 7211, Loss: 5.599167346954346
Epoch: 7212, Loss: 5.617460250854492
Epoch: 7213, Loss: 5.646506309509277
Epoch: 7214, Loss: 5.647758960723877
Epoch: 7215, Loss: 5.695841312408447
Epoch: 7216, Loss: 5.614636421203613
Epoch: 7217, Loss: 5.620821475982666
Epoch: 7218, Loss: 5.645953178405762
Epoch: 7219, Loss: 5.590570449829102
Epoch: 7220, Loss: 5.6232991218566895
Test acc: 0.1103, IC acc: 0.0016, IC acc2: 0.0035, IW acc: 0.4459
Epoch: 7221, Loss: 5.672049522399902
Epoch: 7222, Loss: 5.650944232940674
Epoch: 7223, Loss: 5.558843612670898
Epoch: 7224, Loss: 5.657195091247559
Epoch: 7225, Loss: 5.601824760437012
Epoch: 7226, Loss: 5.641143798828125
Epoch: 7227, Loss: 5.622091770172119
Epoch: 7228, Loss: 5.617881774902344
Epoch: 7229, Loss: 5.642272472381592
Epoch: 7230, Loss: 5.621715545654297
Test acc: 0.1099, IC acc: 0.0016, IC acc2: 0.0035, IW acc: 0.4441
Epoch: 7231, Loss: 5.632057189941406
Epoch: 7232, Loss: 5.617375373840332
Epoch: 7233, Loss: 5.5740203857421875
Epoch: 7234, Loss: 5.58458948135376
Epoch: 7235, Loss: 5.682909965515137
Epoch: 7236, Loss: 5.660397529602051
Epoch: 7237, Loss: 5.556236267089844
Epoch: 7238, Loss: 5.677830219268799
Epoch: 7239, Loss: 5.607853889465332
Epoch: 7240, Loss: 5.550373077392578
Test acc: 0.1093, IC acc: 0.0016, IC acc2: 0.0035, IW acc: 0.4444
Epoch: 7241, Loss: 5.619925498962402
Epoch: 7242, Loss: 5.6552734375
Epoch: 7243, Loss: 5.597923278808594
Epoch: 7244, Loss: 5.649052619934082
Epoch: 7245, Loss: 5.574428081512451
Epoch: 7246, Loss: 5.547389984130859
Epoch: 7247, Loss: 5.611577033996582
Epoch: 7248, Loss: 5.575610160827637
Epoch: 7249, Loss: 5.621392250061035
./circuit_plots/Unrestricted Disentangled|Readout|CN=0|B0=2|B1=2|K=1280|L=320|p_B=0.75|p_C=0.75|B=2|eps=0|95cf655c-5fe1-41ee-b5c6-acd2a4761507/ already exists.
./circuit_plots/Unrestricted Disentangled|Readout|CN=0|B0=2|B1=2|K=1280|L=320|p_B=0.75|p_C=0.75|B=2|eps=0|95cf655c-5fe1-41ee-b5c6-acd2a4761507/ already exists.
./circuit_plots/Unrestricted Disentangled|Readout|CN=0|B0=2|B1=2|K=1280|L=320|p_B=0.75|p_C=0.75|B=2|eps=0|95cf655c-5fe1-41ee-b5c6-acd2a4761507/ already exists.
./circuit_plots/Unrestricted Disentangled|Readout|CN=0|B0=2|B1=2|K=1280|L=320|p_B=0.75|p_C=0.75|B=2|eps=0|95cf655c-5fe1-41ee-b5c6-acd2a4761507/ already exists.
./circuit_plots/Unrestricted Disentangled|Readout|CN=0|B0=2|B1=2|K=1280|L=320|p_B=0.75|p_C=0.75|B=2|eps=0|95cf655c-5fe1-41ee-b5c6-acd2a4761507/ already exists.
./circuit_plots/Unrestricted Disentangled|Readout|CN=0|B0=2|B1=2|K=1280|L=320|p_B=0.75|p_C=0.75|B=2|eps=0|95cf655c-5fe1-41ee-b5c6-acd2a4761507/ already exists.
./circuit_plots/Unrestricted Disentangled|Readout|CN=0|B0=2|B1=2|K=1280|L=320|p_B=0.75|p_C=0.75|B=2|eps=0|95cf655c-5fe1-41ee-b5c6-acd2a4761507/ already exists.
Epoch: 7250, Loss: 5.621472358703613
Test acc: 0.1096, IC acc: 0.0016, IC acc2: 0.0035, IW acc: 0.4463
Epoch: 7251, Loss: 5.603845596313477
Epoch: 7252, Loss: 5.688384056091309
Epoch: 7253, Loss: 5.606799125671387
Epoch: 7254, Loss: 5.664608955383301
Epoch: 7255, Loss: 5.639359474182129
Epoch: 7256, Loss: 5.619842529296875
Epoch: 7257, Loss: 5.589266300201416
Epoch: 7258, Loss: 5.633909225463867
Epoch: 7259, Loss: 5.5976362228393555
Epoch: 7260, Loss: 5.6363420486450195
Test acc: 0.1098, IC acc: 0.0016, IC acc2: 0.0035, IW acc: 0.4454
Epoch: 7261, Loss: 5.58258581161499
Epoch: 7262, Loss: 5.552659034729004
Epoch: 7263, Loss: 5.599712371826172
Epoch: 7264, Loss: 5.567745208740234
Epoch: 7265, Loss: 5.542904853820801
Epoch: 7266, Loss: 5.6178388595581055
Epoch: 7267, Loss: 5.562445163726807
Epoch: 7268, Loss: 5.6081438064575195
Epoch: 7269, Loss: 5.679691314697266
Epoch: 7270, Loss: 5.624274730682373
Test acc: 0.1098, IC acc: 0.0016, IC acc2: 0.0035, IW acc: 0.4449
Epoch: 7271, Loss: 5.637077808380127
Epoch: 7272, Loss: 5.587780475616455
Epoch: 7273, Loss: 5.623072624206543
Epoch: 7274, Loss: 5.592369079589844
Epoch: 7275, Loss: 5.584140777587891
Epoch: 7276, Loss: 5.645236015319824
Epoch: 7277, Loss: 5.6230878829956055
Epoch: 7278, Loss: 5.569018840789795
Epoch: 7279, Loss: 5.599295616149902
Epoch: 7280, Loss: 5.583028316497803
Test acc: 0.1098, IC acc: 0.0016, IC acc2: 0.0035, IW acc: 0.4452
Epoch: 7281, Loss: 5.604496955871582
Epoch: 7282, Loss: 5.651727676391602
Epoch: 7283, Loss: 5.637275695800781
Epoch: 7284, Loss: 5.560240268707275
Epoch: 7285, Loss: 5.584718704223633
Epoch: 7286, Loss: 5.585742950439453
Epoch: 7287, Loss: 5.571323394775391
Epoch: 7288, Loss: 5.645522117614746
Epoch: 7289, Loss: 5.551635265350342
Epoch: 7290, Loss: 5.610835552215576
Test acc: 0.1109, IC acc: 0.0016, IC acc2: 0.0035, IW acc: 0.4478
Epoch: 7291, Loss: 5.656780242919922
Epoch: 7292, Loss: 5.668842315673828
Epoch: 7293, Loss: 5.639991760253906
Epoch: 7294, Loss: 5.604084491729736
Epoch: 7295, Loss: 5.61986780166626
Epoch: 7296, Loss: 5.668910026550293
Epoch: 7297, Loss: 5.576521873474121
Epoch: 7298, Loss: 5.663187026977539
Epoch: 7299, Loss: 5.613204002380371
./circuit_plots/Unrestricted Disentangled|Readout|CN=0|B0=2|B1=2|K=1280|L=320|p_B=0.75|p_C=0.75|B=2|eps=0|95cf655c-5fe1-41ee-b5c6-acd2a4761507/ already exists.
./circuit_plots/Unrestricted Disentangled|Readout|CN=0|B0=2|B1=2|K=1280|L=320|p_B=0.75|p_C=0.75|B=2|eps=0|95cf655c-5fe1-41ee-b5c6-acd2a4761507/ already exists.
./circuit_plots/Unrestricted Disentangled|Readout|CN=0|B0=2|B1=2|K=1280|L=320|p_B=0.75|p_C=0.75|B=2|eps=0|95cf655c-5fe1-41ee-b5c6-acd2a4761507/ already exists.
./circuit_plots/Unrestricted Disentangled|Readout|CN=0|B0=2|B1=2|K=1280|L=320|p_B=0.75|p_C=0.75|B=2|eps=0|95cf655c-5fe1-41ee-b5c6-acd2a4761507/ already exists.
./circuit_plots/Unrestricted Disentangled|Readout|CN=0|B0=2|B1=2|K=1280|L=320|p_B=0.75|p_C=0.75|B=2|eps=0|95cf655c-5fe1-41ee-b5c6-acd2a4761507/ already exists.
./circuit_plots/Unrestricted Disentangled|Readout|CN=0|B0=2|B1=2|K=1280|L=320|p_B=0.75|p_C=0.75|B=2|eps=0|95cf655c-5fe1-41ee-b5c6-acd2a4761507/ already exists.
./circuit_plots/Unrestricted Disentangled|Readout|CN=0|B0=2|B1=2|K=1280|L=320|p_B=0.75|p_C=0.75|B=2|eps=0|95cf655c-5fe1-41ee-b5c6-acd2a4761507/ already exists.
Epoch: 7300, Loss: 5.599796295166016
Test acc: 0.111, IC acc: 0.0016, IC acc2: 0.0035, IW acc: 0.4469
Epoch: 7301, Loss: 5.570977687835693
Epoch: 7302, Loss: 5.598010540008545
Epoch: 7303, Loss: 5.583665370941162
Epoch: 7304, Loss: 5.61920166015625
Epoch: 7305, Loss: 5.618562698364258
Epoch: 7306, Loss: 5.623785018920898
Epoch: 7307, Loss: 5.597853660583496
Epoch: 7308, Loss: 5.6782402992248535
Epoch: 7309, Loss: 5.5691022872924805
Epoch: 7310, Loss: 5.595883846282959
Test acc: 0.1125, IC acc: 0.0016, IC acc2: 0.0035, IW acc: 0.4507
Epoch: 7311, Loss: 5.587894439697266
Epoch: 7312, Loss: 5.57762336730957
Epoch: 7313, Loss: 5.659036159515381
Epoch: 7314, Loss: 5.588555812835693
Epoch: 7315, Loss: 5.598263263702393
Epoch: 7316, Loss: 5.659054756164551
Epoch: 7317, Loss: 5.568905830383301
Epoch: 7318, Loss: 5.578853607177734
Epoch: 7319, Loss: 5.5515899658203125
Epoch: 7320, Loss: 5.643451690673828
Test acc: 0.1128, IC acc: 0.0016, IC acc2: 0.0035, IW acc: 0.4524
Epoch: 7321, Loss: 5.659252166748047
Epoch: 7322, Loss: 5.646627902984619
Epoch: 7323, Loss: 5.623354911804199
Epoch: 7324, Loss: 5.573843479156494
Epoch: 7325, Loss: 5.656426429748535
Epoch: 7326, Loss: 5.6689677238464355
Epoch: 7327, Loss: 5.6231889724731445
Epoch: 7328, Loss: 5.589010715484619
Epoch: 7329, Loss: 5.659008026123047
Epoch: 7330, Loss: 5.594334125518799
Test acc: 0.1131, IC acc: 0.0016, IC acc2: 0.0035, IW acc: 0.4532
Epoch: 7331, Loss: 5.600748062133789
Epoch: 7332, Loss: 5.573942184448242
Epoch: 7333, Loss: 5.569696426391602
Epoch: 7334, Loss: 5.587032318115234
Epoch: 7335, Loss: 5.596095561981201
Epoch: 7336, Loss: 5.606287002563477
Epoch: 7337, Loss: 5.613394737243652
Epoch: 7338, Loss: 5.554460525512695
Epoch: 7339, Loss: 5.623085021972656
Epoch: 7340, Loss: 5.6499176025390625
Test acc: 0.1119, IC acc: 0.0016, IC acc2: 0.0035, IW acc: 0.4515
Epoch: 7341, Loss: 5.658566474914551
Epoch: 7342, Loss: 5.640206813812256
Epoch: 7343, Loss: 5.609809875488281
Epoch: 7344, Loss: 5.593376636505127
Epoch: 7345, Loss: 5.663163661956787
Epoch: 7346, Loss: 5.6071600914001465
Epoch: 7347, Loss: 5.5921549797058105
Epoch: 7348, Loss: 5.580466270446777
Epoch: 7349, Loss: 5.589968204498291
./circuit_plots/Unrestricted Disentangled|Readout|CN=0|B0=2|B1=2|K=1280|L=320|p_B=0.75|p_C=0.75|B=2|eps=0|95cf655c-5fe1-41ee-b5c6-acd2a4761507/ already exists.
./circuit_plots/Unrestricted Disentangled|Readout|CN=0|B0=2|B1=2|K=1280|L=320|p_B=0.75|p_C=0.75|B=2|eps=0|95cf655c-5fe1-41ee-b5c6-acd2a4761507/ already exists.
./circuit_plots/Unrestricted Disentangled|Readout|CN=0|B0=2|B1=2|K=1280|L=320|p_B=0.75|p_C=0.75|B=2|eps=0|95cf655c-5fe1-41ee-b5c6-acd2a4761507/ already exists.
./circuit_plots/Unrestricted Disentangled|Readout|CN=0|B0=2|B1=2|K=1280|L=320|p_B=0.75|p_C=0.75|B=2|eps=0|95cf655c-5fe1-41ee-b5c6-acd2a4761507/ already exists.
./circuit_plots/Unrestricted Disentangled|Readout|CN=0|B0=2|B1=2|K=1280|L=320|p_B=0.75|p_C=0.75|B=2|eps=0|95cf655c-5fe1-41ee-b5c6-acd2a4761507/ already exists.
./circuit_plots/Unrestricted Disentangled|Readout|CN=0|B0=2|B1=2|K=1280|L=320|p_B=0.75|p_C=0.75|B=2|eps=0|95cf655c-5fe1-41ee-b5c6-acd2a4761507/ already exists.
./circuit_plots/Unrestricted Disentangled|Readout|CN=0|B0=2|B1=2|K=1280|L=320|p_B=0.75|p_C=0.75|B=2|eps=0|95cf655c-5fe1-41ee-b5c6-acd2a4761507/ already exists.
Epoch: 7350, Loss: 5.630710124969482
Test acc: 0.1117, IC acc: 0.0016, IC acc2: 0.0035, IW acc: 0.4488
Epoch: 7351, Loss: 5.640703201293945
Epoch: 7352, Loss: 5.601996898651123
Epoch: 7353, Loss: 5.54611349105835
Epoch: 7354, Loss: 5.566819190979004
Epoch: 7355, Loss: 5.590898036956787
Epoch: 7356, Loss: 5.562412261962891
Epoch: 7357, Loss: 5.623692512512207
Epoch: 7358, Loss: 5.646553993225098
Epoch: 7359, Loss: 5.63900089263916
Epoch: 7360, Loss: 5.592688083648682
Test acc: 0.1116, IC acc: 0.0016, IC acc2: 0.0035, IW acc: 0.4465
Epoch: 7361, Loss: 5.610253810882568
Epoch: 7362, Loss: 5.618271827697754
Epoch: 7363, Loss: 5.598132133483887
Epoch: 7364, Loss: 5.641036033630371
Epoch: 7365, Loss: 5.570443153381348
Epoch: 7366, Loss: 5.581477642059326
Epoch: 7367, Loss: 5.615635871887207
Epoch: 7368, Loss: 5.541025161743164
Epoch: 7369, Loss: 5.670977592468262
Epoch: 7370, Loss: 5.678974151611328
Test acc: 0.1126, IC acc: 0.0016, IC acc2: 0.0035, IW acc: 0.4502
Epoch: 7371, Loss: 5.564184188842773
Epoch: 7372, Loss: 5.617862701416016
Epoch: 7373, Loss: 5.643637657165527
Epoch: 7374, Loss: 5.64169979095459
Epoch: 7375, Loss: 5.639537334442139
Epoch: 7376, Loss: 5.59525728225708
Epoch: 7377, Loss: 5.611668109893799
Epoch: 7378, Loss: 5.6490302085876465
Epoch: 7379, Loss: 5.55035924911499
Epoch: 7380, Loss: 5.6134185791015625
Test acc: 0.1114, IC acc: 0.0016, IC acc2: 0.0035, IW acc: 0.4462
Epoch: 7381, Loss: 5.581307411193848
Epoch: 7382, Loss: 5.538879871368408
Epoch: 7383, Loss: 5.620431900024414
Epoch: 7384, Loss: 5.646267414093018
Epoch: 7385, Loss: 5.628057479858398
Epoch: 7386, Loss: 5.655656337738037
Epoch: 7387, Loss: 5.594905376434326
Epoch: 7388, Loss: 5.541103839874268
Epoch: 7389, Loss: 5.679348945617676
Epoch: 7390, Loss: 5.637227535247803
Test acc: 0.1125, IC acc: 0.0016, IC acc2: 0.0035, IW acc: 0.4513
Epoch: 7391, Loss: 5.637198448181152
Epoch: 7392, Loss: 5.679123878479004
Epoch: 7393, Loss: 5.625889778137207
Epoch: 7394, Loss: 5.591267108917236
Epoch: 7395, Loss: 5.594682693481445
Epoch: 7396, Loss: 5.654436111450195
Epoch: 7397, Loss: 5.509744644165039
Epoch: 7398, Loss: 5.676076889038086
Epoch: 7399, Loss: 5.666303634643555
./circuit_plots/Unrestricted Disentangled|Readout|CN=0|B0=2|B1=2|K=1280|L=320|p_B=0.75|p_C=0.75|B=2|eps=0|95cf655c-5fe1-41ee-b5c6-acd2a4761507/ already exists.
./circuit_plots/Unrestricted Disentangled|Readout|CN=0|B0=2|B1=2|K=1280|L=320|p_B=0.75|p_C=0.75|B=2|eps=0|95cf655c-5fe1-41ee-b5c6-acd2a4761507/ already exists.
./circuit_plots/Unrestricted Disentangled|Readout|CN=0|B0=2|B1=2|K=1280|L=320|p_B=0.75|p_C=0.75|B=2|eps=0|95cf655c-5fe1-41ee-b5c6-acd2a4761507/ already exists.
./circuit_plots/Unrestricted Disentangled|Readout|CN=0|B0=2|B1=2|K=1280|L=320|p_B=0.75|p_C=0.75|B=2|eps=0|95cf655c-5fe1-41ee-b5c6-acd2a4761507/ already exists.
./circuit_plots/Unrestricted Disentangled|Readout|CN=0|B0=2|B1=2|K=1280|L=320|p_B=0.75|p_C=0.75|B=2|eps=0|95cf655c-5fe1-41ee-b5c6-acd2a4761507/ already exists.
./circuit_plots/Unrestricted Disentangled|Readout|CN=0|B0=2|B1=2|K=1280|L=320|p_B=0.75|p_C=0.75|B=2|eps=0|95cf655c-5fe1-41ee-b5c6-acd2a4761507/ already exists.
./circuit_plots/Unrestricted Disentangled|Readout|CN=0|B0=2|B1=2|K=1280|L=320|p_B=0.75|p_C=0.75|B=2|eps=0|95cf655c-5fe1-41ee-b5c6-acd2a4761507/ already exists.
Epoch: 7400, Loss: 5.634376525878906
Test acc: 0.1134, IC acc: 0.0016, IC acc2: 0.0035, IW acc: 0.4543
Epoch: 7401, Loss: 5.559220790863037
Epoch: 7402, Loss: 5.613567352294922
Epoch: 7403, Loss: 5.589855194091797
Epoch: 7404, Loss: 5.674391746520996
Epoch: 7405, Loss: 5.608084678649902
Epoch: 7406, Loss: 5.607510566711426
Epoch: 7407, Loss: 5.5514044761657715
Epoch: 7408, Loss: 5.619810104370117
Epoch: 7409, Loss: 5.60688591003418
Epoch: 7410, Loss: 5.565417766571045
Test acc: 0.1135, IC acc: 0.0016, IC acc2: 0.0035, IW acc: 0.4548
Epoch: 7411, Loss: 5.685588359832764
Epoch: 7412, Loss: 5.640709400177002
Epoch: 7413, Loss: 5.746714115142822
Epoch: 7414, Loss: 5.633749008178711
Epoch: 7415, Loss: 5.613842964172363
Epoch: 7416, Loss: 5.628824710845947
Epoch: 7417, Loss: 5.544642448425293
Epoch: 7418, Loss: 5.609219551086426
Epoch: 7419, Loss: 5.6119537353515625
Epoch: 7420, Loss: 5.6010332107543945
Test acc: 0.1128, IC acc: 0.0016, IC acc2: 0.0035, IW acc: 0.4526
Epoch: 7421, Loss: 5.569526672363281
Epoch: 7422, Loss: 5.650206089019775
Epoch: 7423, Loss: 5.597659111022949
Epoch: 7424, Loss: 5.640106201171875
Epoch: 7425, Loss: 5.6687798500061035
Epoch: 7426, Loss: 5.58082389831543
Epoch: 7427, Loss: 5.652798175811768
Epoch: 7428, Loss: 5.571215629577637
Epoch: 7429, Loss: 5.57399845123291
Epoch: 7430, Loss: 5.621344566345215
Test acc: 0.1139, IC acc: 0.0016, IC acc2: 0.0035, IW acc: 0.4561
Epoch: 7431, Loss: 5.619573593139648
Epoch: 7432, Loss: 5.561923503875732
Epoch: 7433, Loss: 5.5718994140625
Epoch: 7434, Loss: 5.582855224609375
Epoch: 7435, Loss: 5.612190246582031
Epoch: 7436, Loss: 5.5817341804504395
Epoch: 7437, Loss: 5.62242317199707
Epoch: 7438, Loss: 5.573528289794922
Epoch: 7439, Loss: 5.539928436279297
Epoch: 7440, Loss: 5.59544563293457
Test acc: 0.1145, IC acc: 0.0016, IC acc2: 0.0035, IW acc: 0.4578
Epoch: 7441, Loss: 5.561189651489258
Epoch: 7442, Loss: 5.617643356323242
Epoch: 7443, Loss: 5.647493362426758
Epoch: 7444, Loss: 5.598081111907959
Epoch: 7445, Loss: 5.648127555847168
Epoch: 7446, Loss: 5.613274097442627
Epoch: 7447, Loss: 5.57965087890625
Epoch: 7448, Loss: 5.555016040802002
Epoch: 7449, Loss: 5.548038482666016
./circuit_plots/Unrestricted Disentangled|Readout|CN=0|B0=2|B1=2|K=1280|L=320|p_B=0.75|p_C=0.75|B=2|eps=0|95cf655c-5fe1-41ee-b5c6-acd2a4761507/ already exists.
./circuit_plots/Unrestricted Disentangled|Readout|CN=0|B0=2|B1=2|K=1280|L=320|p_B=0.75|p_C=0.75|B=2|eps=0|95cf655c-5fe1-41ee-b5c6-acd2a4761507/ already exists.
./circuit_plots/Unrestricted Disentangled|Readout|CN=0|B0=2|B1=2|K=1280|L=320|p_B=0.75|p_C=0.75|B=2|eps=0|95cf655c-5fe1-41ee-b5c6-acd2a4761507/ already exists.
./circuit_plots/Unrestricted Disentangled|Readout|CN=0|B0=2|B1=2|K=1280|L=320|p_B=0.75|p_C=0.75|B=2|eps=0|95cf655c-5fe1-41ee-b5c6-acd2a4761507/ already exists.
./circuit_plots/Unrestricted Disentangled|Readout|CN=0|B0=2|B1=2|K=1280|L=320|p_B=0.75|p_C=0.75|B=2|eps=0|95cf655c-5fe1-41ee-b5c6-acd2a4761507/ already exists.
./circuit_plots/Unrestricted Disentangled|Readout|CN=0|B0=2|B1=2|K=1280|L=320|p_B=0.75|p_C=0.75|B=2|eps=0|95cf655c-5fe1-41ee-b5c6-acd2a4761507/ already exists.
./circuit_plots/Unrestricted Disentangled|Readout|CN=0|B0=2|B1=2|K=1280|L=320|p_B=0.75|p_C=0.75|B=2|eps=0|95cf655c-5fe1-41ee-b5c6-acd2a4761507/ already exists.
Epoch: 7450, Loss: 5.641838073730469
Test acc: 0.1142, IC acc: 0.0016, IC acc2: 0.0035, IW acc: 0.4565
Epoch: 7451, Loss: 5.603179931640625
Epoch: 7452, Loss: 5.641653060913086
Epoch: 7453, Loss: 5.6366472244262695
Epoch: 7454, Loss: 5.6332502365112305
Epoch: 7455, Loss: 5.640745162963867
Epoch: 7456, Loss: 5.5746002197265625
Epoch: 7457, Loss: 5.559606552124023
Epoch: 7458, Loss: 5.552101135253906
Epoch: 7459, Loss: 5.590278625488281
Epoch: 7460, Loss: 5.6171488761901855
Test acc: 0.1136, IC acc: 0.0016, IC acc2: 0.0035, IW acc: 0.4554
Epoch: 7461, Loss: 5.635732650756836
Epoch: 7462, Loss: 5.63871955871582
Epoch: 7463, Loss: 5.713062286376953
Epoch: 7464, Loss: 5.628467082977295
Epoch: 7465, Loss: 5.648736953735352
Epoch: 7466, Loss: 5.571864128112793
Epoch: 7467, Loss: 5.607699394226074
Epoch: 7468, Loss: 5.629402160644531
Epoch: 7469, Loss: 5.684684753417969
Epoch: 7470, Loss: 5.574431419372559
Test acc: 0.1138, IC acc: 0.0016, IC acc2: 0.0035, IW acc: 0.4568
Epoch: 7471, Loss: 5.591939926147461
Epoch: 7472, Loss: 5.595613479614258
Epoch: 7473, Loss: 5.585361957550049
Epoch: 7474, Loss: 5.64487361907959
Epoch: 7475, Loss: 5.581058979034424
Epoch: 7476, Loss: 5.5941925048828125
Epoch: 7477, Loss: 5.56445837020874
Epoch: 7478, Loss: 5.612051963806152
Epoch: 7479, Loss: 5.648050308227539
Epoch: 7480, Loss: 5.623865127563477
Test acc: 0.1143, IC acc: 0.0016, IC acc2: 0.0035, IW acc: 0.458
Epoch: 7481, Loss: 5.674495220184326
Epoch: 7482, Loss: 5.586570739746094
Epoch: 7483, Loss: 5.637407302856445
Epoch: 7484, Loss: 5.595372200012207
Epoch: 7485, Loss: 5.6295671463012695
Epoch: 7486, Loss: 5.534431457519531
Epoch: 7487, Loss: 5.598135948181152
Epoch: 7488, Loss: 5.632818222045898
Epoch: 7489, Loss: 5.628100395202637
Epoch: 7490, Loss: 5.669109344482422
Test acc: 0.1149, IC acc: 0.0016, IC acc2: 0.0035, IW acc: 0.4597
Epoch: 7491, Loss: 5.632161617279053
Epoch: 7492, Loss: 5.653392791748047
Epoch: 7493, Loss: 5.625882148742676
Epoch: 7494, Loss: 5.624669551849365
Epoch: 7495, Loss: 5.586523532867432
Epoch: 7496, Loss: 5.638950824737549
Epoch: 7497, Loss: 5.634576320648193
Epoch: 7498, Loss: 5.5492072105407715
Epoch: 7499, Loss: 5.598865509033203
./circuit_plots/Unrestricted Disentangled|Readout|CN=0|B0=2|B1=2|K=1280|L=320|p_B=0.75|p_C=0.75|B=2|eps=0|95cf655c-5fe1-41ee-b5c6-acd2a4761507/ already exists.
./circuit_plots/Unrestricted Disentangled|Readout|CN=0|B0=2|B1=2|K=1280|L=320|p_B=0.75|p_C=0.75|B=2|eps=0|95cf655c-5fe1-41ee-b5c6-acd2a4761507/ already exists.
./circuit_plots/Unrestricted Disentangled|Readout|CN=0|B0=2|B1=2|K=1280|L=320|p_B=0.75|p_C=0.75|B=2|eps=0|95cf655c-5fe1-41ee-b5c6-acd2a4761507/ already exists.
./circuit_plots/Unrestricted Disentangled|Readout|CN=0|B0=2|B1=2|K=1280|L=320|p_B=0.75|p_C=0.75|B=2|eps=0|95cf655c-5fe1-41ee-b5c6-acd2a4761507/ already exists.
./circuit_plots/Unrestricted Disentangled|Readout|CN=0|B0=2|B1=2|K=1280|L=320|p_B=0.75|p_C=0.75|B=2|eps=0|95cf655c-5fe1-41ee-b5c6-acd2a4761507/ already exists.
./circuit_plots/Unrestricted Disentangled|Readout|CN=0|B0=2|B1=2|K=1280|L=320|p_B=0.75|p_C=0.75|B=2|eps=0|95cf655c-5fe1-41ee-b5c6-acd2a4761507/ already exists.
./circuit_plots/Unrestricted Disentangled|Readout|CN=0|B0=2|B1=2|K=1280|L=320|p_B=0.75|p_C=0.75|B=2|eps=0|95cf655c-5fe1-41ee-b5c6-acd2a4761507/ already exists.
Epoch: 7500, Loss: 5.625988960266113
Test acc: 0.115, IC acc: 0.0016, IC acc2: 0.0035, IW acc: 0.4594
Epoch: 7501, Loss: 5.565843105316162
Epoch: 7502, Loss: 5.61825704574585
Epoch: 7503, Loss: 5.560912609100342
Epoch: 7504, Loss: 5.5826849937438965
Epoch: 7505, Loss: 5.530355930328369
Epoch: 7506, Loss: 5.565520286560059
Epoch: 7507, Loss: 5.653355598449707
Epoch: 7508, Loss: 5.635486602783203
Epoch: 7509, Loss: 5.5507402420043945
Epoch: 7510, Loss: 5.6151299476623535
Test acc: 0.1153, IC acc: 0.0016, IC acc2: 0.0035, IW acc: 0.4607
Epoch: 7511, Loss: 5.638833999633789
Epoch: 7512, Loss: 5.58677864074707
Epoch: 7513, Loss: 5.611717224121094
Epoch: 7514, Loss: 5.667011260986328
Epoch: 7515, Loss: 5.62148380279541
Epoch: 7516, Loss: 5.532761573791504
Epoch: 7517, Loss: 5.690771579742432
Epoch: 7518, Loss: 5.618147373199463
Epoch: 7519, Loss: 5.53675651550293
Epoch: 7520, Loss: 5.6424078941345215
Test acc: 0.1164, IC acc: 0.0016, IC acc2: 0.0035, IW acc: 0.4652
Epoch: 7521, Loss: 5.586738109588623
Epoch: 7522, Loss: 5.579817771911621
Epoch: 7523, Loss: 5.655176162719727
Epoch: 7524, Loss: 5.599201202392578
Epoch: 7525, Loss: 5.61807918548584
Epoch: 7526, Loss: 5.607152938842773
Epoch: 7527, Loss: 5.646355628967285
Epoch: 7528, Loss: 5.547152519226074
Epoch: 7529, Loss: 5.676729202270508
Epoch: 7530, Loss: 5.644428253173828
Test acc: 0.1163, IC acc: 0.0016, IC acc2: 0.0035, IW acc: 0.4654
Epoch: 7531, Loss: 5.627922058105469
Epoch: 7532, Loss: 5.641575813293457
Epoch: 7533, Loss: 5.652534484863281
Epoch: 7534, Loss: 5.655269145965576
Epoch: 7535, Loss: 5.611418724060059
Epoch: 7536, Loss: 5.5337934494018555
Epoch: 7537, Loss: 5.685539245605469
Epoch: 7538, Loss: 5.598909378051758
Epoch: 7539, Loss: 5.657332420349121
Epoch: 7540, Loss: 5.592948913574219
Test acc: 0.1167, IC acc: 0.0016, IC acc2: 0.0035, IW acc: 0.4689
Epoch: 7541, Loss: 5.623679161071777
Epoch: 7542, Loss: 5.636034965515137
Epoch: 7543, Loss: 5.60962438583374
Epoch: 7544, Loss: 5.582997798919678
Epoch: 7545, Loss: 5.643411636352539
Epoch: 7546, Loss: 5.66502046585083
Epoch: 7547, Loss: 5.536048889160156
Epoch: 7548, Loss: 5.605226516723633
Epoch: 7549, Loss: 5.598061561584473
./circuit_plots/Unrestricted Disentangled|Readout|CN=0|B0=2|B1=2|K=1280|L=320|p_B=0.75|p_C=0.75|B=2|eps=0|95cf655c-5fe1-41ee-b5c6-acd2a4761507/ already exists.
./circuit_plots/Unrestricted Disentangled|Readout|CN=0|B0=2|B1=2|K=1280|L=320|p_B=0.75|p_C=0.75|B=2|eps=0|95cf655c-5fe1-41ee-b5c6-acd2a4761507/ already exists.
./circuit_plots/Unrestricted Disentangled|Readout|CN=0|B0=2|B1=2|K=1280|L=320|p_B=0.75|p_C=0.75|B=2|eps=0|95cf655c-5fe1-41ee-b5c6-acd2a4761507/ already exists.
./circuit_plots/Unrestricted Disentangled|Readout|CN=0|B0=2|B1=2|K=1280|L=320|p_B=0.75|p_C=0.75|B=2|eps=0|95cf655c-5fe1-41ee-b5c6-acd2a4761507/ already exists.
./circuit_plots/Unrestricted Disentangled|Readout|CN=0|B0=2|B1=2|K=1280|L=320|p_B=0.75|p_C=0.75|B=2|eps=0|95cf655c-5fe1-41ee-b5c6-acd2a4761507/ already exists.
./circuit_plots/Unrestricted Disentangled|Readout|CN=0|B0=2|B1=2|K=1280|L=320|p_B=0.75|p_C=0.75|B=2|eps=0|95cf655c-5fe1-41ee-b5c6-acd2a4761507/ already exists.
./circuit_plots/Unrestricted Disentangled|Readout|CN=0|B0=2|B1=2|K=1280|L=320|p_B=0.75|p_C=0.75|B=2|eps=0|95cf655c-5fe1-41ee-b5c6-acd2a4761507/ already exists.
Epoch: 7550, Loss: 5.549367904663086
Test acc: 0.1164, IC acc: 0.0016, IC acc2: 0.0035, IW acc: 0.468
Epoch: 7551, Loss: 5.607858180999756
Epoch: 7552, Loss: 5.613848686218262
Epoch: 7553, Loss: 5.561746597290039
Epoch: 7554, Loss: 5.593179702758789
Epoch: 7555, Loss: 5.687285423278809
Epoch: 7556, Loss: 5.635592460632324
Epoch: 7557, Loss: 5.536396026611328
Epoch: 7558, Loss: 5.557618618011475
Epoch: 7559, Loss: 5.5435686111450195
Epoch: 7560, Loss: 5.564393520355225
Test acc: 0.1177, IC acc: 0.0016, IC acc2: 0.0035, IW acc: 0.4715
Epoch: 7561, Loss: 5.562780380249023
Epoch: 7562, Loss: 5.580366611480713
Epoch: 7563, Loss: 5.583199501037598
Epoch: 7564, Loss: 5.617781162261963
Epoch: 7565, Loss: 5.558424949645996
Epoch: 7566, Loss: 5.575444221496582
Epoch: 7567, Loss: 5.60416316986084
Epoch: 7568, Loss: 5.596840858459473
Epoch: 7569, Loss: 5.668792724609375
Epoch: 7570, Loss: 5.647172927856445
Test acc: 0.1178, IC acc: 0.0016, IC acc2: 0.0035, IW acc: 0.4714
Epoch: 7571, Loss: 5.608525276184082
Epoch: 7572, Loss: 5.532612323760986
Epoch: 7573, Loss: 5.6957902908325195
Epoch: 7574, Loss: 5.594723701477051
Epoch: 7575, Loss: 5.538748264312744
Epoch: 7576, Loss: 5.657144546508789
Epoch: 7577, Loss: 5.5922322273254395
Epoch: 7578, Loss: 5.62087345123291
Epoch: 7579, Loss: 5.590931415557861
Epoch: 7580, Loss: 5.591678619384766
Test acc: 0.1172, IC acc: 0.0016, IC acc2: 0.0035, IW acc: 0.4691
Epoch: 7581, Loss: 5.543107032775879
Epoch: 7582, Loss: 5.492653846740723
Epoch: 7583, Loss: 5.519804954528809
Epoch: 7584, Loss: 5.564492225646973
Epoch: 7585, Loss: 5.644493103027344
Epoch: 7586, Loss: 5.584471702575684
Epoch: 7587, Loss: 5.52915096282959
Epoch: 7588, Loss: 5.654872894287109
Epoch: 7589, Loss: 5.602782249450684
Epoch: 7590, Loss: 5.590583324432373
Test acc: 0.1174, IC acc: 0.0016, IC acc2: 0.0035, IW acc: 0.4695
Epoch: 7591, Loss: 5.617364883422852
Epoch: 7592, Loss: 5.609656810760498
Epoch: 7593, Loss: 5.551212310791016
Epoch: 7594, Loss: 5.571542263031006
Epoch: 7595, Loss: 5.582776069641113
Epoch: 7596, Loss: 5.568402290344238
Epoch: 7597, Loss: 5.59779167175293
Epoch: 7598, Loss: 5.670567512512207
Epoch: 7599, Loss: 5.641330242156982
./circuit_plots/Unrestricted Disentangled|Readout|CN=0|B0=2|B1=2|K=1280|L=320|p_B=0.75|p_C=0.75|B=2|eps=0|95cf655c-5fe1-41ee-b5c6-acd2a4761507/ already exists.
./circuit_plots/Unrestricted Disentangled|Readout|CN=0|B0=2|B1=2|K=1280|L=320|p_B=0.75|p_C=0.75|B=2|eps=0|95cf655c-5fe1-41ee-b5c6-acd2a4761507/ already exists.
./circuit_plots/Unrestricted Disentangled|Readout|CN=0|B0=2|B1=2|K=1280|L=320|p_B=0.75|p_C=0.75|B=2|eps=0|95cf655c-5fe1-41ee-b5c6-acd2a4761507/ already exists.
./circuit_plots/Unrestricted Disentangled|Readout|CN=0|B0=2|B1=2|K=1280|L=320|p_B=0.75|p_C=0.75|B=2|eps=0|95cf655c-5fe1-41ee-b5c6-acd2a4761507/ already exists.
./circuit_plots/Unrestricted Disentangled|Readout|CN=0|B0=2|B1=2|K=1280|L=320|p_B=0.75|p_C=0.75|B=2|eps=0|95cf655c-5fe1-41ee-b5c6-acd2a4761507/ already exists.
./circuit_plots/Unrestricted Disentangled|Readout|CN=0|B0=2|B1=2|K=1280|L=320|p_B=0.75|p_C=0.75|B=2|eps=0|95cf655c-5fe1-41ee-b5c6-acd2a4761507/ already exists.
./circuit_plots/Unrestricted Disentangled|Readout|CN=0|B0=2|B1=2|K=1280|L=320|p_B=0.75|p_C=0.75|B=2|eps=0|95cf655c-5fe1-41ee-b5c6-acd2a4761507/ already exists.
Epoch: 7600, Loss: 5.619431495666504
Test acc: 0.1172, IC acc: 0.0016, IC acc2: 0.0035, IW acc: 0.4708
Epoch: 7601, Loss: 5.631258487701416
Epoch: 7602, Loss: 5.581252574920654
Epoch: 7603, Loss: 5.6432671546936035
Epoch: 7604, Loss: 5.563159942626953
Epoch: 7605, Loss: 5.5866169929504395
Epoch: 7606, Loss: 5.676725387573242
Epoch: 7607, Loss: 5.559473991394043
Epoch: 7608, Loss: 5.5982255935668945
Epoch: 7609, Loss: 5.637566089630127
Epoch: 7610, Loss: 5.578782081604004
Test acc: 0.1178, IC acc: 0.0016, IC acc2: 0.0035, IW acc: 0.4736
Epoch: 7611, Loss: 5.604107856750488
Epoch: 7612, Loss: 5.6265740394592285
Epoch: 7613, Loss: 5.630801677703857
Epoch: 7614, Loss: 5.615063667297363
Epoch: 7615, Loss: 5.563945293426514
Epoch: 7616, Loss: 5.624886989593506
Epoch: 7617, Loss: 5.603556156158447
Epoch: 7618, Loss: 5.647615432739258
Epoch: 7619, Loss: 5.605268478393555
Epoch: 7620, Loss: 5.6365766525268555
Test acc: 0.1178, IC acc: 0.0016, IC acc2: 0.0035, IW acc: 0.4738
Epoch: 7621, Loss: 5.596685409545898
Epoch: 7622, Loss: 5.6163177490234375
Epoch: 7623, Loss: 5.5159525871276855
Epoch: 7624, Loss: 5.662832260131836
Epoch: 7625, Loss: 5.619728088378906
Epoch: 7626, Loss: 5.624571800231934
Epoch: 7627, Loss: 5.599485397338867
Epoch: 7628, Loss: 5.650846481323242
Epoch: 7629, Loss: 5.573851585388184
Epoch: 7630, Loss: 5.576971054077148
Test acc: 0.1185, IC acc: 0.0016, IC acc2: 0.0029, IW acc: 0.4768
Epoch: 7631, Loss: 5.620323657989502
Epoch: 7632, Loss: 5.598220348358154
Epoch: 7633, Loss: 5.628810882568359
Epoch: 7634, Loss: 5.578022003173828
Epoch: 7635, Loss: 5.512942314147949
Epoch: 7636, Loss: 5.5987749099731445
Epoch: 7637, Loss: 5.6449384689331055
Epoch: 7638, Loss: 5.643248081207275
Epoch: 7639, Loss: 5.576960563659668
Epoch: 7640, Loss: 5.58101749420166
Test acc: 0.1183, IC acc: 0.0016, IC acc2: 0.0029, IW acc: 0.4755
Epoch: 7641, Loss: 5.588962554931641
Epoch: 7642, Loss: 5.617498874664307
Epoch: 7643, Loss: 5.543183326721191
Epoch: 7644, Loss: 5.593326568603516
Epoch: 7645, Loss: 5.603974342346191
Epoch: 7646, Loss: 5.608531951904297
Epoch: 7647, Loss: 5.627524375915527
Epoch: 7648, Loss: 5.568124294281006
Epoch: 7649, Loss: 5.6027913093566895
./circuit_plots/Unrestricted Disentangled|Readout|CN=0|B0=2|B1=2|K=1280|L=320|p_B=0.75|p_C=0.75|B=2|eps=0|95cf655c-5fe1-41ee-b5c6-acd2a4761507/ already exists.
./circuit_plots/Unrestricted Disentangled|Readout|CN=0|B0=2|B1=2|K=1280|L=320|p_B=0.75|p_C=0.75|B=2|eps=0|95cf655c-5fe1-41ee-b5c6-acd2a4761507/ already exists.
./circuit_plots/Unrestricted Disentangled|Readout|CN=0|B0=2|B1=2|K=1280|L=320|p_B=0.75|p_C=0.75|B=2|eps=0|95cf655c-5fe1-41ee-b5c6-acd2a4761507/ already exists.
./circuit_plots/Unrestricted Disentangled|Readout|CN=0|B0=2|B1=2|K=1280|L=320|p_B=0.75|p_C=0.75|B=2|eps=0|95cf655c-5fe1-41ee-b5c6-acd2a4761507/ already exists.
./circuit_plots/Unrestricted Disentangled|Readout|CN=0|B0=2|B1=2|K=1280|L=320|p_B=0.75|p_C=0.75|B=2|eps=0|95cf655c-5fe1-41ee-b5c6-acd2a4761507/ already exists.
./circuit_plots/Unrestricted Disentangled|Readout|CN=0|B0=2|B1=2|K=1280|L=320|p_B=0.75|p_C=0.75|B=2|eps=0|95cf655c-5fe1-41ee-b5c6-acd2a4761507/ already exists.
./circuit_plots/Unrestricted Disentangled|Readout|CN=0|B0=2|B1=2|K=1280|L=320|p_B=0.75|p_C=0.75|B=2|eps=0|95cf655c-5fe1-41ee-b5c6-acd2a4761507/ already exists.
Epoch: 7650, Loss: 5.631741523742676
Test acc: 0.1183, IC acc: 0.0016, IC acc2: 0.0029, IW acc: 0.4773
Epoch: 7651, Loss: 5.586767196655273
Epoch: 7652, Loss: 5.579484939575195
Epoch: 7653, Loss: 5.643870830535889
Epoch: 7654, Loss: 5.544511318206787
Epoch: 7655, Loss: 5.6927924156188965
Epoch: 7656, Loss: 5.603277206420898
Epoch: 7657, Loss: 5.591235160827637
Epoch: 7658, Loss: 5.60297155380249
Epoch: 7659, Loss: 5.643807411193848
Epoch: 7660, Loss: 5.654819488525391
Test acc: 0.1178, IC acc: 0.0016, IC acc2: 0.0029, IW acc: 0.4744
Epoch: 7661, Loss: 5.5500006675720215
Epoch: 7662, Loss: 5.557636260986328
Epoch: 7663, Loss: 5.678736686706543
Epoch: 7664, Loss: 5.613935470581055
Epoch: 7665, Loss: 5.5780110359191895
Epoch: 7666, Loss: 5.667744159698486
Epoch: 7667, Loss: 5.669260501861572
Epoch: 7668, Loss: 5.606250286102295
Epoch: 7669, Loss: 5.6406941413879395
Epoch: 7670, Loss: 5.60578727722168
Test acc: 0.1181, IC acc: 0.0016, IC acc2: 0.0029, IW acc: 0.4762
Epoch: 7671, Loss: 5.6280517578125
Epoch: 7672, Loss: 5.581528663635254
Epoch: 7673, Loss: 5.628975868225098
Epoch: 7674, Loss: 5.646294116973877
Epoch: 7675, Loss: 5.640026092529297
Epoch: 7676, Loss: 5.583313941955566
Epoch: 7677, Loss: 5.649835586547852
Epoch: 7678, Loss: 5.617740154266357
Epoch: 7679, Loss: 5.6020097732543945
Epoch: 7680, Loss: 5.591788291931152
Test acc: 0.1193, IC acc: 0.0016, IC acc2: 0.0029, IW acc: 0.4818
Epoch: 7681, Loss: 5.6376824378967285
Epoch: 7682, Loss: 5.620182037353516
Epoch: 7683, Loss: 5.603646755218506
Epoch: 7684, Loss: 5.642295837402344
Epoch: 7685, Loss: 5.60653018951416
Epoch: 7686, Loss: 5.6291608810424805
Epoch: 7687, Loss: 5.619967460632324
Epoch: 7688, Loss: 5.640549182891846
Epoch: 7689, Loss: 5.643826484680176
Epoch: 7690, Loss: 5.550271034240723
Test acc: 0.1201, IC acc: 0.0016, IC acc2: 0.0029, IW acc: 0.4853
Epoch: 7691, Loss: 5.609641075134277
Epoch: 7692, Loss: 5.532466411590576
Epoch: 7693, Loss: 5.595503807067871
Epoch: 7694, Loss: 5.627908706665039
Epoch: 7695, Loss: 5.560888290405273
Epoch: 7696, Loss: 5.659653186798096
Epoch: 7697, Loss: 5.620487213134766
Epoch: 7698, Loss: 5.623318672180176
Epoch: 7699, Loss: 5.575167655944824
./circuit_plots/Unrestricted Disentangled|Readout|CN=0|B0=2|B1=2|K=1280|L=320|p_B=0.75|p_C=0.75|B=2|eps=0|95cf655c-5fe1-41ee-b5c6-acd2a4761507/ already exists.
./circuit_plots/Unrestricted Disentangled|Readout|CN=0|B0=2|B1=2|K=1280|L=320|p_B=0.75|p_C=0.75|B=2|eps=0|95cf655c-5fe1-41ee-b5c6-acd2a4761507/ already exists.
./circuit_plots/Unrestricted Disentangled|Readout|CN=0|B0=2|B1=2|K=1280|L=320|p_B=0.75|p_C=0.75|B=2|eps=0|95cf655c-5fe1-41ee-b5c6-acd2a4761507/ already exists.
./circuit_plots/Unrestricted Disentangled|Readout|CN=0|B0=2|B1=2|K=1280|L=320|p_B=0.75|p_C=0.75|B=2|eps=0|95cf655c-5fe1-41ee-b5c6-acd2a4761507/ already exists.
./circuit_plots/Unrestricted Disentangled|Readout|CN=0|B0=2|B1=2|K=1280|L=320|p_B=0.75|p_C=0.75|B=2|eps=0|95cf655c-5fe1-41ee-b5c6-acd2a4761507/ already exists.
./circuit_plots/Unrestricted Disentangled|Readout|CN=0|B0=2|B1=2|K=1280|L=320|p_B=0.75|p_C=0.75|B=2|eps=0|95cf655c-5fe1-41ee-b5c6-acd2a4761507/ already exists.
./circuit_plots/Unrestricted Disentangled|Readout|CN=0|B0=2|B1=2|K=1280|L=320|p_B=0.75|p_C=0.75|B=2|eps=0|95cf655c-5fe1-41ee-b5c6-acd2a4761507/ already exists.
Epoch: 7700, Loss: 5.586565017700195
Test acc: 0.1203, IC acc: 0.0016, IC acc2: 0.0029, IW acc: 0.4858
Epoch: 7701, Loss: 5.584129810333252
Epoch: 7702, Loss: 5.528199672698975
Epoch: 7703, Loss: 5.648910999298096
Epoch: 7704, Loss: 5.563376426696777
Epoch: 7705, Loss: 5.614423751831055
Epoch: 7706, Loss: 5.584393501281738
Epoch: 7707, Loss: 5.673807144165039
Epoch: 7708, Loss: 5.5750532150268555
Epoch: 7709, Loss: 5.623952865600586
Epoch: 7710, Loss: 5.629300117492676
Test acc: 0.1207, IC acc: 0.0016, IC acc2: 0.0029, IW acc: 0.4865
Epoch: 7711, Loss: 5.534008979797363
Epoch: 7712, Loss: 5.704394340515137
Epoch: 7713, Loss: 5.642359256744385
Epoch: 7714, Loss: 5.591625690460205
Epoch: 7715, Loss: 5.6853790283203125
Epoch: 7716, Loss: 5.640221118927002
Epoch: 7717, Loss: 5.658572673797607
Epoch: 7718, Loss: 5.614373207092285
Epoch: 7719, Loss: 5.565361022949219
Epoch: 7720, Loss: 5.626075267791748
Test acc: 0.1213, IC acc: 0.0016, IC acc2: 0.0029, IW acc: 0.4901
Epoch: 7721, Loss: 5.614551544189453
Epoch: 7722, Loss: 5.660526275634766
Epoch: 7723, Loss: 5.619232177734375
Epoch: 7724, Loss: 5.614572048187256
Epoch: 7725, Loss: 5.641079902648926
Epoch: 7726, Loss: 5.666604518890381
Epoch: 7727, Loss: 5.596673965454102
Epoch: 7728, Loss: 5.615485191345215
Epoch: 7729, Loss: 5.633211135864258
Epoch: 7730, Loss: 5.640862464904785
Test acc: 0.121, IC acc: 0.0016, IC acc2: 0.0029, IW acc: 0.4892
Epoch: 7731, Loss: 5.594127655029297
Epoch: 7732, Loss: 5.664048194885254
Epoch: 7733, Loss: 5.643492221832275
Epoch: 7734, Loss: 5.733243942260742
Epoch: 7735, Loss: 5.6288933753967285
Epoch: 7736, Loss: 5.587130546569824
Epoch: 7737, Loss: 5.644983768463135
Epoch: 7738, Loss: 5.599389553070068
Epoch: 7739, Loss: 5.566104888916016
Epoch: 7740, Loss: 5.544054985046387
Test acc: 0.1219, IC acc: 0.0016, IC acc2: 0.0029, IW acc: 0.4925
Epoch: 7741, Loss: 5.644322872161865
Epoch: 7742, Loss: 5.530946731567383
Epoch: 7743, Loss: 5.617846965789795
Epoch: 7744, Loss: 5.6638641357421875
Epoch: 7745, Loss: 5.643128871917725
Epoch: 7746, Loss: 5.638400554656982
Epoch: 7747, Loss: 5.6010918617248535
Epoch: 7748, Loss: 5.658863067626953
Epoch: 7749, Loss: 5.62949800491333
./circuit_plots/Unrestricted Disentangled|Readout|CN=0|B0=2|B1=2|K=1280|L=320|p_B=0.75|p_C=0.75|B=2|eps=0|95cf655c-5fe1-41ee-b5c6-acd2a4761507/ already exists.
./circuit_plots/Unrestricted Disentangled|Readout|CN=0|B0=2|B1=2|K=1280|L=320|p_B=0.75|p_C=0.75|B=2|eps=0|95cf655c-5fe1-41ee-b5c6-acd2a4761507/ already exists.
./circuit_plots/Unrestricted Disentangled|Readout|CN=0|B0=2|B1=2|K=1280|L=320|p_B=0.75|p_C=0.75|B=2|eps=0|95cf655c-5fe1-41ee-b5c6-acd2a4761507/ already exists.
./circuit_plots/Unrestricted Disentangled|Readout|CN=0|B0=2|B1=2|K=1280|L=320|p_B=0.75|p_C=0.75|B=2|eps=0|95cf655c-5fe1-41ee-b5c6-acd2a4761507/ already exists.
./circuit_plots/Unrestricted Disentangled|Readout|CN=0|B0=2|B1=2|K=1280|L=320|p_B=0.75|p_C=0.75|B=2|eps=0|95cf655c-5fe1-41ee-b5c6-acd2a4761507/ already exists.
./circuit_plots/Unrestricted Disentangled|Readout|CN=0|B0=2|B1=2|K=1280|L=320|p_B=0.75|p_C=0.75|B=2|eps=0|95cf655c-5fe1-41ee-b5c6-acd2a4761507/ already exists.
./circuit_plots/Unrestricted Disentangled|Readout|CN=0|B0=2|B1=2|K=1280|L=320|p_B=0.75|p_C=0.75|B=2|eps=0|95cf655c-5fe1-41ee-b5c6-acd2a4761507/ already exists.
Epoch: 7750, Loss: 5.623125076293945
Test acc: 0.1213, IC acc: 0.0016, IC acc2: 0.0029, IW acc: 0.4914
Epoch: 7751, Loss: 5.567333221435547
Epoch: 7752, Loss: 5.613271236419678
Epoch: 7753, Loss: 5.574372291564941
Epoch: 7754, Loss: 5.69844913482666
Epoch: 7755, Loss: 5.601658821105957
Epoch: 7756, Loss: 5.568599700927734
Epoch: 7757, Loss: 5.543716907501221
Epoch: 7758, Loss: 5.613656044006348
Epoch: 7759, Loss: 5.591172218322754
Epoch: 7760, Loss: 5.562160491943359
Test acc: 0.122, IC acc: 0.0016, IC acc2: 0.0029, IW acc: 0.4934
Epoch: 7761, Loss: 5.595839023590088
Epoch: 7762, Loss: 5.531660079956055
Epoch: 7763, Loss: 5.569498062133789
Epoch: 7764, Loss: 5.562619209289551
Epoch: 7765, Loss: 5.573402404785156
Epoch: 7766, Loss: 5.559597015380859
Epoch: 7767, Loss: 5.587215423583984
Epoch: 7768, Loss: 5.638044357299805
Epoch: 7769, Loss: 5.5874528884887695
Epoch: 7770, Loss: 5.64852237701416
Test acc: 0.1223, IC acc: 0.0016, IC acc2: 0.0029, IW acc: 0.497
Epoch: 7771, Loss: 5.615304946899414
Epoch: 7772, Loss: 5.511821746826172
Epoch: 7773, Loss: 5.572349548339844
Epoch: 7774, Loss: 5.5314459800720215
Epoch: 7775, Loss: 5.597246170043945
Epoch: 7776, Loss: 5.641261100769043
Epoch: 7777, Loss: 5.562424182891846
Epoch: 7778, Loss: 5.564268112182617
Epoch: 7779, Loss: 5.6042327880859375
Epoch: 7780, Loss: 5.652217864990234
Test acc: 0.1233, IC acc: 0.0016, IC acc2: 0.0029, IW acc: 0.502
Epoch: 7781, Loss: 5.55273962020874
Epoch: 7782, Loss: 5.557237148284912
Epoch: 7783, Loss: 5.568501949310303
Epoch: 7784, Loss: 5.571286201477051
Epoch: 7785, Loss: 5.587455749511719
Epoch: 7786, Loss: 5.541745185852051
Epoch: 7787, Loss: 5.631338596343994
Epoch: 7788, Loss: 5.628613471984863
Epoch: 7789, Loss: 5.596294403076172
Epoch: 7790, Loss: 5.558112144470215
Test acc: 0.1234, IC acc: 0.0016, IC acc2: 0.0029, IW acc: 0.5003
Epoch: 7791, Loss: 5.59042501449585
Epoch: 7792, Loss: 5.632692813873291
Epoch: 7793, Loss: 5.662530899047852
Epoch: 7794, Loss: 5.625416278839111
Epoch: 7795, Loss: 5.5877485275268555
Epoch: 7796, Loss: 5.612736701965332
Epoch: 7797, Loss: 5.622659206390381
Epoch: 7798, Loss: 5.662457466125488
Epoch: 7799, Loss: 5.59805965423584
./circuit_plots/Unrestricted Disentangled|Readout|CN=0|B0=2|B1=2|K=1280|L=320|p_B=0.75|p_C=0.75|B=2|eps=0|95cf655c-5fe1-41ee-b5c6-acd2a4761507/ already exists.
./circuit_plots/Unrestricted Disentangled|Readout|CN=0|B0=2|B1=2|K=1280|L=320|p_B=0.75|p_C=0.75|B=2|eps=0|95cf655c-5fe1-41ee-b5c6-acd2a4761507/ already exists.
./circuit_plots/Unrestricted Disentangled|Readout|CN=0|B0=2|B1=2|K=1280|L=320|p_B=0.75|p_C=0.75|B=2|eps=0|95cf655c-5fe1-41ee-b5c6-acd2a4761507/ already exists.
./circuit_plots/Unrestricted Disentangled|Readout|CN=0|B0=2|B1=2|K=1280|L=320|p_B=0.75|p_C=0.75|B=2|eps=0|95cf655c-5fe1-41ee-b5c6-acd2a4761507/ already exists.
./circuit_plots/Unrestricted Disentangled|Readout|CN=0|B0=2|B1=2|K=1280|L=320|p_B=0.75|p_C=0.75|B=2|eps=0|95cf655c-5fe1-41ee-b5c6-acd2a4761507/ already exists.
./circuit_plots/Unrestricted Disentangled|Readout|CN=0|B0=2|B1=2|K=1280|L=320|p_B=0.75|p_C=0.75|B=2|eps=0|95cf655c-5fe1-41ee-b5c6-acd2a4761507/ already exists.
./circuit_plots/Unrestricted Disentangled|Readout|CN=0|B0=2|B1=2|K=1280|L=320|p_B=0.75|p_C=0.75|B=2|eps=0|95cf655c-5fe1-41ee-b5c6-acd2a4761507/ already exists.
Epoch: 7800, Loss: 5.608586311340332
Test acc: 0.1234, IC acc: 0.0016, IC acc2: 0.0029, IW acc: 0.5007
Epoch: 7801, Loss: 5.585118293762207
Epoch: 7802, Loss: 5.652988433837891
Epoch: 7803, Loss: 5.692688465118408
Epoch: 7804, Loss: 5.598896026611328
Epoch: 7805, Loss: 5.684142112731934
Epoch: 7806, Loss: 5.611532211303711
Epoch: 7807, Loss: 5.541048526763916
Epoch: 7808, Loss: 5.594992637634277
Epoch: 7809, Loss: 5.589411735534668
Epoch: 7810, Loss: 5.678479194641113
Test acc: 0.123, IC acc: 0.0016, IC acc2: 0.0029, IW acc: 0.5012
Epoch: 7811, Loss: 5.595473766326904
Epoch: 7812, Loss: 5.706247329711914
Epoch: 7813, Loss: 5.5972747802734375
Epoch: 7814, Loss: 5.592215538024902
Epoch: 7815, Loss: 5.652231216430664
Epoch: 7816, Loss: 5.552390098571777
Epoch: 7817, Loss: 5.661112308502197
Epoch: 7818, Loss: 5.565071105957031
Epoch: 7819, Loss: 5.551080226898193
Epoch: 7820, Loss: 5.5292840003967285
Test acc: 0.1238, IC acc: 0.0016, IC acc2: 0.0029, IW acc: 0.5033
Epoch: 7821, Loss: 5.658620357513428
Epoch: 7822, Loss: 5.531481742858887
Epoch: 7823, Loss: 5.64018440246582
Epoch: 7824, Loss: 5.624925136566162
Epoch: 7825, Loss: 5.568791389465332
Epoch: 7826, Loss: 5.655425071716309
Epoch: 7827, Loss: 5.609307765960693
Epoch: 7828, Loss: 5.588147163391113
Epoch: 7829, Loss: 5.55521297454834
Epoch: 7830, Loss: 5.569977760314941
Test acc: 0.1232, IC acc: 0.0016, IC acc2: 0.0029, IW acc: 0.5002
Epoch: 7831, Loss: 5.616543769836426
Epoch: 7832, Loss: 5.552481651306152
Epoch: 7833, Loss: 5.6229681968688965
Epoch: 7834, Loss: 5.633326530456543
Epoch: 7835, Loss: 5.6085286140441895
Epoch: 7836, Loss: 5.647106647491455
Epoch: 7837, Loss: 5.6461381912231445
Epoch: 7838, Loss: 5.581618309020996
Epoch: 7839, Loss: 5.627473831176758
Epoch: 7840, Loss: 5.677026748657227
Test acc: 0.1235, IC acc: 0.0016, IC acc2: 0.0029, IW acc: 0.5003
Epoch: 7841, Loss: 5.581969261169434
Epoch: 7842, Loss: 5.58666467666626
Epoch: 7843, Loss: 5.588751792907715
Epoch: 7844, Loss: 5.624464988708496
Epoch: 7845, Loss: 5.617258548736572
Epoch: 7846, Loss: 5.588749885559082
Epoch: 7847, Loss: 5.599255561828613
Epoch: 7848, Loss: 5.6410136222839355
Epoch: 7849, Loss: 5.6456499099731445
./circuit_plots/Unrestricted Disentangled|Readout|CN=0|B0=2|B1=2|K=1280|L=320|p_B=0.75|p_C=0.75|B=2|eps=0|95cf655c-5fe1-41ee-b5c6-acd2a4761507/ already exists.
./circuit_plots/Unrestricted Disentangled|Readout|CN=0|B0=2|B1=2|K=1280|L=320|p_B=0.75|p_C=0.75|B=2|eps=0|95cf655c-5fe1-41ee-b5c6-acd2a4761507/ already exists.
./circuit_plots/Unrestricted Disentangled|Readout|CN=0|B0=2|B1=2|K=1280|L=320|p_B=0.75|p_C=0.75|B=2|eps=0|95cf655c-5fe1-41ee-b5c6-acd2a4761507/ already exists.
./circuit_plots/Unrestricted Disentangled|Readout|CN=0|B0=2|B1=2|K=1280|L=320|p_B=0.75|p_C=0.75|B=2|eps=0|95cf655c-5fe1-41ee-b5c6-acd2a4761507/ already exists.
./circuit_plots/Unrestricted Disentangled|Readout|CN=0|B0=2|B1=2|K=1280|L=320|p_B=0.75|p_C=0.75|B=2|eps=0|95cf655c-5fe1-41ee-b5c6-acd2a4761507/ already exists.
./circuit_plots/Unrestricted Disentangled|Readout|CN=0|B0=2|B1=2|K=1280|L=320|p_B=0.75|p_C=0.75|B=2|eps=0|95cf655c-5fe1-41ee-b5c6-acd2a4761507/ already exists.
./circuit_plots/Unrestricted Disentangled|Readout|CN=0|B0=2|B1=2|K=1280|L=320|p_B=0.75|p_C=0.75|B=2|eps=0|95cf655c-5fe1-41ee-b5c6-acd2a4761507/ already exists.
Epoch: 7850, Loss: 5.680205345153809
Test acc: 0.1234, IC acc: 0.0016, IC acc2: 0.0029, IW acc: 0.5007
Epoch: 7851, Loss: 5.56417179107666
Epoch: 7852, Loss: 5.558046340942383
Epoch: 7853, Loss: 5.704642295837402
Epoch: 7854, Loss: 5.57569694519043
Epoch: 7855, Loss: 5.587566375732422
Epoch: 7856, Loss: 5.626904487609863
Epoch: 7857, Loss: 5.628734111785889
Epoch: 7858, Loss: 5.533626556396484
Epoch: 7859, Loss: 5.654903411865234
Epoch: 7860, Loss: 5.591216087341309
Test acc: 0.1234, IC acc: 0.0016, IC acc2: 0.0029, IW acc: 0.5007
Epoch: 7861, Loss: 5.590515613555908
Epoch: 7862, Loss: 5.620262145996094
Epoch: 7863, Loss: 5.619636058807373
Epoch: 7864, Loss: 5.607707977294922
Epoch: 7865, Loss: 5.61896276473999
Epoch: 7866, Loss: 5.566176414489746
Epoch: 7867, Loss: 5.54750394821167
Epoch: 7868, Loss: 5.616544246673584
Epoch: 7869, Loss: 5.642195224761963
Epoch: 7870, Loss: 5.654886245727539
Test acc: 0.1234, IC acc: 0.0016, IC acc2: 0.0029, IW acc: 0.5007
Epoch: 7871, Loss: 5.682051658630371
Epoch: 7872, Loss: 5.609942436218262
Epoch: 7873, Loss: 5.520239353179932
Epoch: 7874, Loss: 5.647967338562012
Epoch: 7875, Loss: 5.565696716308594
Epoch: 7876, Loss: 5.621269226074219
Epoch: 7877, Loss: 5.542262077331543
Epoch: 7878, Loss: 5.622480392456055
Epoch: 7879, Loss: 5.641788005828857
Epoch: 7880, Loss: 5.623912334442139
Test acc: 0.1236, IC acc: 0.0016, IC acc2: 0.0029, IW acc: 0.5015
Epoch: 7881, Loss: 5.5742363929748535
Epoch: 7882, Loss: 5.571427345275879
Epoch: 7883, Loss: 5.681755542755127
Epoch: 7884, Loss: 5.600390911102295
Epoch: 7885, Loss: 5.556170463562012
Epoch: 7886, Loss: 5.614610195159912
Epoch: 7887, Loss: 5.617779731750488
Epoch: 7888, Loss: 5.578132152557373
Epoch: 7889, Loss: 5.546297550201416
Epoch: 7890, Loss: 5.560124397277832
Test acc: 0.1239, IC acc: 0.0016, IC acc2: 0.0029, IW acc: 0.5032
Epoch: 7891, Loss: 5.573497295379639
Epoch: 7892, Loss: 5.574400424957275
Epoch: 7893, Loss: 5.565512657165527
Epoch: 7894, Loss: 5.563626766204834
Epoch: 7895, Loss: 5.653372287750244
Epoch: 7896, Loss: 5.52829647064209
Epoch: 7897, Loss: 5.505255699157715
Epoch: 7898, Loss: 5.604249000549316
Epoch: 7899, Loss: 5.642279148101807
./circuit_plots/Unrestricted Disentangled|Readout|CN=0|B0=2|B1=2|K=1280|L=320|p_B=0.75|p_C=0.75|B=2|eps=0|95cf655c-5fe1-41ee-b5c6-acd2a4761507/ already exists.
./circuit_plots/Unrestricted Disentangled|Readout|CN=0|B0=2|B1=2|K=1280|L=320|p_B=0.75|p_C=0.75|B=2|eps=0|95cf655c-5fe1-41ee-b5c6-acd2a4761507/ already exists.
./circuit_plots/Unrestricted Disentangled|Readout|CN=0|B0=2|B1=2|K=1280|L=320|p_B=0.75|p_C=0.75|B=2|eps=0|95cf655c-5fe1-41ee-b5c6-acd2a4761507/ already exists.
./circuit_plots/Unrestricted Disentangled|Readout|CN=0|B0=2|B1=2|K=1280|L=320|p_B=0.75|p_C=0.75|B=2|eps=0|95cf655c-5fe1-41ee-b5c6-acd2a4761507/ already exists.
./circuit_plots/Unrestricted Disentangled|Readout|CN=0|B0=2|B1=2|K=1280|L=320|p_B=0.75|p_C=0.75|B=2|eps=0|95cf655c-5fe1-41ee-b5c6-acd2a4761507/ already exists.
./circuit_plots/Unrestricted Disentangled|Readout|CN=0|B0=2|B1=2|K=1280|L=320|p_B=0.75|p_C=0.75|B=2|eps=0|95cf655c-5fe1-41ee-b5c6-acd2a4761507/ already exists.
./circuit_plots/Unrestricted Disentangled|Readout|CN=0|B0=2|B1=2|K=1280|L=320|p_B=0.75|p_C=0.75|B=2|eps=0|95cf655c-5fe1-41ee-b5c6-acd2a4761507/ already exists.
Epoch: 7900, Loss: 5.603059768676758
Test acc: 0.1239, IC acc: 0.0016, IC acc2: 0.0029, IW acc: 0.503
Epoch: 7901, Loss: 5.614392280578613
Epoch: 7902, Loss: 5.723255157470703
Epoch: 7903, Loss: 5.545013427734375
Epoch: 7904, Loss: 5.5308613777160645
Epoch: 7905, Loss: 5.625675201416016
Epoch: 7906, Loss: 5.642329692840576
Epoch: 7907, Loss: 5.563833236694336
Epoch: 7908, Loss: 5.60501766204834
Epoch: 7909, Loss: 5.456331253051758
Epoch: 7910, Loss: 5.6017985343933105
Test acc: 0.1241, IC acc: 0.0016, IC acc2: 0.0029, IW acc: 0.5048
Epoch: 7911, Loss: 5.577639579772949
Epoch: 7912, Loss: 5.5600714683532715
Epoch: 7913, Loss: 5.529041290283203
Epoch: 7914, Loss: 5.599891662597656
Epoch: 7915, Loss: 5.671104907989502
Epoch: 7916, Loss: 5.505912780761719
Epoch: 7917, Loss: 5.624141693115234
Epoch: 7918, Loss: 5.559781074523926
Epoch: 7919, Loss: 5.510433197021484
Epoch: 7920, Loss: 5.626395225524902
Test acc: 0.1243, IC acc: 0.0016, IC acc2: 0.0029, IW acc: 0.5051
Epoch: 7921, Loss: 5.645558834075928
Epoch: 7922, Loss: 5.644782066345215
Epoch: 7923, Loss: 5.621469497680664
Epoch: 7924, Loss: 5.608389854431152
Epoch: 7925, Loss: 5.689563751220703
Epoch: 7926, Loss: 5.562317371368408
Epoch: 7927, Loss: 5.638835906982422
Epoch: 7928, Loss: 5.634840488433838
Epoch: 7929, Loss: 5.61009407043457
Epoch: 7930, Loss: 5.57758092880249
Test acc: 0.1239, IC acc: 0.0016, IC acc2: 0.0029, IW acc: 0.5039
Epoch: 7931, Loss: 5.616447925567627
Epoch: 7932, Loss: 5.597555637359619
Epoch: 7933, Loss: 5.594780445098877
Epoch: 7934, Loss: 5.593997001647949
Epoch: 7935, Loss: 5.639455795288086
Epoch: 7936, Loss: 5.581554889678955
Epoch: 7937, Loss: 5.628139495849609
Epoch: 7938, Loss: 5.588036060333252
Epoch: 7939, Loss: 5.539632320404053
Epoch: 7940, Loss: 5.53925895690918
Test acc: 0.1239, IC acc: 0.0016, IC acc2: 0.0029, IW acc: 0.5036
Epoch: 7941, Loss: 5.6084184646606445
Epoch: 7942, Loss: 5.525603294372559
Epoch: 7943, Loss: 5.551490783691406
Epoch: 7944, Loss: 5.567349433898926
Epoch: 7945, Loss: 5.648667335510254
Epoch: 7946, Loss: 5.549964904785156
Epoch: 7947, Loss: 5.647366523742676
Epoch: 7948, Loss: 5.6274261474609375
Epoch: 7949, Loss: 5.607241630554199
./circuit_plots/Unrestricted Disentangled|Readout|CN=0|B0=2|B1=2|K=1280|L=320|p_B=0.75|p_C=0.75|B=2|eps=0|95cf655c-5fe1-41ee-b5c6-acd2a4761507/ already exists.
./circuit_plots/Unrestricted Disentangled|Readout|CN=0|B0=2|B1=2|K=1280|L=320|p_B=0.75|p_C=0.75|B=2|eps=0|95cf655c-5fe1-41ee-b5c6-acd2a4761507/ already exists.
./circuit_plots/Unrestricted Disentangled|Readout|CN=0|B0=2|B1=2|K=1280|L=320|p_B=0.75|p_C=0.75|B=2|eps=0|95cf655c-5fe1-41ee-b5c6-acd2a4761507/ already exists.
./circuit_plots/Unrestricted Disentangled|Readout|CN=0|B0=2|B1=2|K=1280|L=320|p_B=0.75|p_C=0.75|B=2|eps=0|95cf655c-5fe1-41ee-b5c6-acd2a4761507/ already exists.
./circuit_plots/Unrestricted Disentangled|Readout|CN=0|B0=2|B1=2|K=1280|L=320|p_B=0.75|p_C=0.75|B=2|eps=0|95cf655c-5fe1-41ee-b5c6-acd2a4761507/ already exists.
./circuit_plots/Unrestricted Disentangled|Readout|CN=0|B0=2|B1=2|K=1280|L=320|p_B=0.75|p_C=0.75|B=2|eps=0|95cf655c-5fe1-41ee-b5c6-acd2a4761507/ already exists.
./circuit_plots/Unrestricted Disentangled|Readout|CN=0|B0=2|B1=2|K=1280|L=320|p_B=0.75|p_C=0.75|B=2|eps=0|95cf655c-5fe1-41ee-b5c6-acd2a4761507/ already exists.
Epoch: 7950, Loss: 5.599669456481934
Test acc: 0.1237, IC acc: 0.0016, IC acc2: 0.0029, IW acc: 0.504
Epoch: 7951, Loss: 5.607396125793457
Epoch: 7952, Loss: 5.683380603790283
Epoch: 7953, Loss: 5.5977091789245605
Epoch: 7954, Loss: 5.540708541870117
Epoch: 7955, Loss: 5.554530143737793
Epoch: 7956, Loss: 5.621912002563477
Epoch: 7957, Loss: 5.6172990798950195
Epoch: 7958, Loss: 5.627854347229004
Epoch: 7959, Loss: 5.6166534423828125
Epoch: 7960, Loss: 5.572369575500488
Test acc: 0.124, IC acc: 0.0016, IC acc2: 0.0029, IW acc: 0.5049
Epoch: 7961, Loss: 5.665984153747559
Epoch: 7962, Loss: 5.679726600646973
Epoch: 7963, Loss: 5.589461326599121
Epoch: 7964, Loss: 5.607790946960449
Epoch: 7965, Loss: 5.666787624359131
Epoch: 7966, Loss: 5.524930000305176
Epoch: 7967, Loss: 5.555366039276123
Epoch: 7968, Loss: 5.602000713348389
Epoch: 7969, Loss: 5.629762172698975
Epoch: 7970, Loss: 5.5934295654296875
Test acc: 0.1244, IC acc: 0.0016, IC acc2: 0.0029, IW acc: 0.5076
Epoch: 7971, Loss: 5.552167892456055
Epoch: 7972, Loss: 5.584405899047852
Epoch: 7973, Loss: 5.564444541931152
Epoch: 7974, Loss: 5.593584060668945
Epoch: 7975, Loss: 5.617508411407471
Epoch: 7976, Loss: 5.619421005249023
Epoch: 7977, Loss: 5.575855255126953
Epoch: 7978, Loss: 5.687632083892822
Epoch: 7979, Loss: 5.618176460266113
Epoch: 7980, Loss: 5.604966640472412
Test acc: 0.1244, IC acc: 0.0016, IC acc2: 0.0029, IW acc: 0.5073
Epoch: 7981, Loss: 5.643812656402588
Epoch: 7982, Loss: 5.6030497550964355
Epoch: 7983, Loss: 5.582101821899414
Epoch: 7984, Loss: 5.60106086730957
Epoch: 7985, Loss: 5.599367618560791
Epoch: 7986, Loss: 5.586454391479492
Epoch: 7987, Loss: 5.554425239562988
Epoch: 7988, Loss: 5.615471363067627
Epoch: 7989, Loss: 5.558453559875488
Epoch: 7990, Loss: 5.612250804901123
Test acc: 0.125, IC acc: 0.0016, IC acc2: 0.0029, IW acc: 0.5093
Epoch: 7991, Loss: 5.704919338226318
Epoch: 7992, Loss: 5.6524553298950195
Epoch: 7993, Loss: 5.575057029724121
Epoch: 7994, Loss: 5.593001365661621
Epoch: 7995, Loss: 5.533646583557129
Epoch: 7996, Loss: 5.575407028198242
Epoch: 7997, Loss: 5.631898880004883
Epoch: 7998, Loss: 5.661886215209961
Epoch: 7999, Loss: 5.560973167419434
./circuit_plots/Unrestricted Disentangled|Readout|CN=0|B0=2|B1=2|K=1280|L=320|p_B=0.75|p_C=0.75|B=2|eps=0|95cf655c-5fe1-41ee-b5c6-acd2a4761507/ already exists.
./circuit_plots/Unrestricted Disentangled|Readout|CN=0|B0=2|B1=2|K=1280|L=320|p_B=0.75|p_C=0.75|B=2|eps=0|95cf655c-5fe1-41ee-b5c6-acd2a4761507/ already exists.
./circuit_plots/Unrestricted Disentangled|Readout|CN=0|B0=2|B1=2|K=1280|L=320|p_B=0.75|p_C=0.75|B=2|eps=0|95cf655c-5fe1-41ee-b5c6-acd2a4761507/ already exists.
./circuit_plots/Unrestricted Disentangled|Readout|CN=0|B0=2|B1=2|K=1280|L=320|p_B=0.75|p_C=0.75|B=2|eps=0|95cf655c-5fe1-41ee-b5c6-acd2a4761507/ already exists.
./circuit_plots/Unrestricted Disentangled|Readout|CN=0|B0=2|B1=2|K=1280|L=320|p_B=0.75|p_C=0.75|B=2|eps=0|95cf655c-5fe1-41ee-b5c6-acd2a4761507/ already exists.
./circuit_plots/Unrestricted Disentangled|Readout|CN=0|B0=2|B1=2|K=1280|L=320|p_B=0.75|p_C=0.75|B=2|eps=0|95cf655c-5fe1-41ee-b5c6-acd2a4761507/ already exists.
./circuit_plots/Unrestricted Disentangled|Readout|CN=0|B0=2|B1=2|K=1280|L=320|p_B=0.75|p_C=0.75|B=2|eps=0|95cf655c-5fe1-41ee-b5c6-acd2a4761507/ already exists.
Epoch: 8000, Loss: 5.582647323608398
Test acc: 0.1252, IC acc: 0.0016, IC acc2: 0.0029, IW acc: 0.5076
Epoch: 8001, Loss: 5.628546714782715
Epoch: 8002, Loss: 5.592259407043457
Epoch: 8003, Loss: 5.587575912475586
Epoch: 8004, Loss: 5.575445652008057
Epoch: 8005, Loss: 5.599619388580322
Epoch: 8006, Loss: 5.641559600830078
Epoch: 8007, Loss: 5.475955486297607
Epoch: 8008, Loss: 5.652647972106934
Epoch: 8009, Loss: 5.661102294921875
Epoch: 8010, Loss: 5.542707443237305
Test acc: 0.1247, IC acc: 0.0016, IC acc2: 0.0029, IW acc: 0.5074
Epoch: 8011, Loss: 5.586783409118652
Epoch: 8012, Loss: 5.543967247009277
Epoch: 8013, Loss: 5.629401683807373
Epoch: 8014, Loss: 5.626262187957764
Epoch: 8015, Loss: 5.545169830322266
Epoch: 8016, Loss: 5.59151554107666
Epoch: 8017, Loss: 5.567191123962402
Epoch: 8018, Loss: 5.706953525543213
Epoch: 8019, Loss: 5.595836639404297
Epoch: 8020, Loss: 5.59005069732666
Test acc: 0.1248, IC acc: 0.0016, IC acc2: 0.0029, IW acc: 0.5065
Epoch: 8021, Loss: 5.5975847244262695
Epoch: 8022, Loss: 5.675837516784668
Epoch: 8023, Loss: 5.611077308654785
Epoch: 8024, Loss: 5.614933013916016
Epoch: 8025, Loss: 5.626923561096191
Epoch: 8026, Loss: 5.6156158447265625
Epoch: 8027, Loss: 5.579185485839844
Epoch: 8028, Loss: 5.532769680023193
Epoch: 8029, Loss: 5.601752758026123
Epoch: 8030, Loss: 5.612504005432129
Test acc: 0.1257, IC acc: 0.0016, IC acc2: 0.0019, IW acc: 0.5099
Epoch: 8031, Loss: 5.621822357177734
Epoch: 8032, Loss: 5.643857955932617
Epoch: 8033, Loss: 5.574807167053223
Epoch: 8034, Loss: 5.535493850708008
Epoch: 8035, Loss: 5.682778358459473
Epoch: 8036, Loss: 5.561575412750244
Epoch: 8037, Loss: 5.647833824157715
Epoch: 8038, Loss: 5.564085960388184
Epoch: 8039, Loss: 5.484841823577881
Epoch: 8040, Loss: 5.5777082443237305
Test acc: 0.1257, IC acc: 0.0016, IC acc2: 0.0029, IW acc: 0.513
Epoch: 8041, Loss: 5.591160297393799
Epoch: 8042, Loss: 5.636724948883057
Epoch: 8043, Loss: 5.528238296508789
Epoch: 8044, Loss: 5.544673442840576
Epoch: 8045, Loss: 5.623359203338623
Epoch: 8046, Loss: 5.550610542297363
Epoch: 8047, Loss: 5.634364128112793
Epoch: 8048, Loss: 5.638372421264648
Epoch: 8049, Loss: 5.583515167236328
./circuit_plots/Unrestricted Disentangled|Readout|CN=0|B0=2|B1=2|K=1280|L=320|p_B=0.75|p_C=0.75|B=2|eps=0|95cf655c-5fe1-41ee-b5c6-acd2a4761507/ already exists.
./circuit_plots/Unrestricted Disentangled|Readout|CN=0|B0=2|B1=2|K=1280|L=320|p_B=0.75|p_C=0.75|B=2|eps=0|95cf655c-5fe1-41ee-b5c6-acd2a4761507/ already exists.
./circuit_plots/Unrestricted Disentangled|Readout|CN=0|B0=2|B1=2|K=1280|L=320|p_B=0.75|p_C=0.75|B=2|eps=0|95cf655c-5fe1-41ee-b5c6-acd2a4761507/ already exists.
./circuit_plots/Unrestricted Disentangled|Readout|CN=0|B0=2|B1=2|K=1280|L=320|p_B=0.75|p_C=0.75|B=2|eps=0|95cf655c-5fe1-41ee-b5c6-acd2a4761507/ already exists.
./circuit_plots/Unrestricted Disentangled|Readout|CN=0|B0=2|B1=2|K=1280|L=320|p_B=0.75|p_C=0.75|B=2|eps=0|95cf655c-5fe1-41ee-b5c6-acd2a4761507/ already exists.
./circuit_plots/Unrestricted Disentangled|Readout|CN=0|B0=2|B1=2|K=1280|L=320|p_B=0.75|p_C=0.75|B=2|eps=0|95cf655c-5fe1-41ee-b5c6-acd2a4761507/ already exists.
./circuit_plots/Unrestricted Disentangled|Readout|CN=0|B0=2|B1=2|K=1280|L=320|p_B=0.75|p_C=0.75|B=2|eps=0|95cf655c-5fe1-41ee-b5c6-acd2a4761507/ already exists.
Epoch: 8050, Loss: 5.584496021270752
Test acc: 0.1262, IC acc: 0.0016, IC acc2: 0.0029, IW acc: 0.5141
Epoch: 8051, Loss: 5.638822555541992
Epoch: 8052, Loss: 5.576199531555176
Epoch: 8053, Loss: 5.632143020629883
Epoch: 8054, Loss: 5.579179763793945
Epoch: 8055, Loss: 5.713746070861816
Epoch: 8056, Loss: 5.590607643127441
Epoch: 8057, Loss: 5.594021320343018
Epoch: 8058, Loss: 5.576381206512451
Epoch: 8059, Loss: 5.581027030944824
Epoch: 8060, Loss: 5.51318883895874
Test acc: 0.1267, IC acc: 0.0016, IC acc2: 0.0029, IW acc: 0.5152
Epoch: 8061, Loss: 5.58665132522583
Epoch: 8062, Loss: 5.593221187591553
Epoch: 8063, Loss: 5.558834075927734
Epoch: 8064, Loss: 5.633028507232666
Epoch: 8065, Loss: 5.570749282836914
Epoch: 8066, Loss: 5.588108062744141
Epoch: 8067, Loss: 5.517789363861084
Epoch: 8068, Loss: 5.674684047698975
Epoch: 8069, Loss: 5.57736349105835
Epoch: 8070, Loss: 5.632822036743164
Test acc: 0.1263, IC acc: 0.0016, IC acc2: 0.0029, IW acc: 0.5135
Epoch: 8071, Loss: 5.586681842803955
Epoch: 8072, Loss: 5.606768608093262
Epoch: 8073, Loss: 5.56856632232666
Epoch: 8074, Loss: 5.633073329925537
Epoch: 8075, Loss: 5.574476718902588
Epoch: 8076, Loss: 5.553212642669678
Epoch: 8077, Loss: 5.539445400238037
Epoch: 8078, Loss: 5.5733442306518555
Epoch: 8079, Loss: 5.623824596405029
Epoch: 8080, Loss: 5.638945579528809
Test acc: 0.1268, IC acc: 0.0016, IC acc2: 0.0029, IW acc: 0.5152
Epoch: 8081, Loss: 5.557604789733887
Epoch: 8082, Loss: 5.598354816436768
Epoch: 8083, Loss: 5.7034382820129395
Epoch: 8084, Loss: 5.597359657287598
Epoch: 8085, Loss: 5.565759658813477
Epoch: 8086, Loss: 5.689752578735352
Epoch: 8087, Loss: 5.635128974914551
Epoch: 8088, Loss: 5.60147762298584
Epoch: 8089, Loss: 5.564435005187988
Epoch: 8090, Loss: 5.561620712280273
Test acc: 0.1279, IC acc: 0.0016, IC acc2: 0.0029, IW acc: 0.5191
Epoch: 8091, Loss: 5.599490165710449
Epoch: 8092, Loss: 5.642498016357422
Epoch: 8093, Loss: 5.614668846130371
Epoch: 8094, Loss: 5.54561710357666
Epoch: 8095, Loss: 5.604254245758057
Epoch: 8096, Loss: 5.585365295410156
Epoch: 8097, Loss: 5.556035995483398
Epoch: 8098, Loss: 5.525483131408691
Epoch: 8099, Loss: 5.626874923706055
./circuit_plots/Unrestricted Disentangled|Readout|CN=0|B0=2|B1=2|K=1280|L=320|p_B=0.75|p_C=0.75|B=2|eps=0|95cf655c-5fe1-41ee-b5c6-acd2a4761507/ already exists.
./circuit_plots/Unrestricted Disentangled|Readout|CN=0|B0=2|B1=2|K=1280|L=320|p_B=0.75|p_C=0.75|B=2|eps=0|95cf655c-5fe1-41ee-b5c6-acd2a4761507/ already exists.
./circuit_plots/Unrestricted Disentangled|Readout|CN=0|B0=2|B1=2|K=1280|L=320|p_B=0.75|p_C=0.75|B=2|eps=0|95cf655c-5fe1-41ee-b5c6-acd2a4761507/ already exists.
./circuit_plots/Unrestricted Disentangled|Readout|CN=0|B0=2|B1=2|K=1280|L=320|p_B=0.75|p_C=0.75|B=2|eps=0|95cf655c-5fe1-41ee-b5c6-acd2a4761507/ already exists.
./circuit_plots/Unrestricted Disentangled|Readout|CN=0|B0=2|B1=2|K=1280|L=320|p_B=0.75|p_C=0.75|B=2|eps=0|95cf655c-5fe1-41ee-b5c6-acd2a4761507/ already exists.
./circuit_plots/Unrestricted Disentangled|Readout|CN=0|B0=2|B1=2|K=1280|L=320|p_B=0.75|p_C=0.75|B=2|eps=0|95cf655c-5fe1-41ee-b5c6-acd2a4761507/ already exists.
./circuit_plots/Unrestricted Disentangled|Readout|CN=0|B0=2|B1=2|K=1280|L=320|p_B=0.75|p_C=0.75|B=2|eps=0|95cf655c-5fe1-41ee-b5c6-acd2a4761507/ already exists.
Epoch: 8100, Loss: 5.623333930969238
Test acc: 0.1284, IC acc: 0.0016, IC acc2: 0.0029, IW acc: 0.5209
Epoch: 8101, Loss: 5.567598819732666
Epoch: 8102, Loss: 5.530884742736816
Epoch: 8103, Loss: 5.581259727478027
Epoch: 8104, Loss: 5.554442882537842
Epoch: 8105, Loss: 5.581779479980469
Epoch: 8106, Loss: 5.639859676361084
Epoch: 8107, Loss: 5.612887859344482
Epoch: 8108, Loss: 5.5964484214782715
Epoch: 8109, Loss: 5.597742080688477
Epoch: 8110, Loss: 5.578253746032715
Test acc: 0.1282, IC acc: 0.0016, IC acc2: 0.0029, IW acc: 0.5225
Epoch: 8111, Loss: 5.712635517120361
Epoch: 8112, Loss: 5.540355682373047
Epoch: 8113, Loss: 5.652514457702637
Epoch: 8114, Loss: 5.581460475921631
Epoch: 8115, Loss: 5.573206901550293
Epoch: 8116, Loss: 5.593836784362793
Epoch: 8117, Loss: 5.611673831939697
Epoch: 8118, Loss: 5.645025253295898
Epoch: 8119, Loss: 5.594369888305664
Epoch: 8120, Loss: 5.583779811859131
Test acc: 0.1285, IC acc: 0.0016, IC acc2: 0.0029, IW acc: 0.522
Epoch: 8121, Loss: 5.5920844078063965
Epoch: 8122, Loss: 5.622651100158691
Epoch: 8123, Loss: 5.61870002746582
Epoch: 8124, Loss: 5.626155376434326
Epoch: 8125, Loss: 5.5524492263793945
Epoch: 8126, Loss: 5.567907333374023
Epoch: 8127, Loss: 5.553412914276123
Epoch: 8128, Loss: 5.580573081970215
Epoch: 8129, Loss: 5.705339431762695
Epoch: 8130, Loss: 5.6558613777160645
Test acc: 0.1284, IC acc: 0.0016, IC acc2: 0.0029, IW acc: 0.5224
Epoch: 8131, Loss: 5.596837520599365
Epoch: 8132, Loss: 5.609046936035156
Epoch: 8133, Loss: 5.65718936920166
Epoch: 8134, Loss: 5.604244232177734
Epoch: 8135, Loss: 5.583070755004883
Epoch: 8136, Loss: 5.638364315032959
Epoch: 8137, Loss: 5.6315531730651855
Epoch: 8138, Loss: 5.616437911987305
Epoch: 8139, Loss: 5.644245147705078
Epoch: 8140, Loss: 5.637019157409668
Test acc: 0.1286, IC acc: 0.0016, IC acc2: 0.0029, IW acc: 0.5214
Epoch: 8141, Loss: 5.593721389770508
Epoch: 8142, Loss: 5.6074299812316895
Epoch: 8143, Loss: 5.575260162353516
Epoch: 8144, Loss: 5.635646820068359
Epoch: 8145, Loss: 5.561417102813721
Epoch: 8146, Loss: 5.536484241485596
Epoch: 8147, Loss: 5.666543960571289
Epoch: 8148, Loss: 5.591700077056885
Epoch: 8149, Loss: 5.591106414794922
./circuit_plots/Unrestricted Disentangled|Readout|CN=0|B0=2|B1=2|K=1280|L=320|p_B=0.75|p_C=0.75|B=2|eps=0|95cf655c-5fe1-41ee-b5c6-acd2a4761507/ already exists.
./circuit_plots/Unrestricted Disentangled|Readout|CN=0|B0=2|B1=2|K=1280|L=320|p_B=0.75|p_C=0.75|B=2|eps=0|95cf655c-5fe1-41ee-b5c6-acd2a4761507/ already exists.
./circuit_plots/Unrestricted Disentangled|Readout|CN=0|B0=2|B1=2|K=1280|L=320|p_B=0.75|p_C=0.75|B=2|eps=0|95cf655c-5fe1-41ee-b5c6-acd2a4761507/ already exists.
./circuit_plots/Unrestricted Disentangled|Readout|CN=0|B0=2|B1=2|K=1280|L=320|p_B=0.75|p_C=0.75|B=2|eps=0|95cf655c-5fe1-41ee-b5c6-acd2a4761507/ already exists.
./circuit_plots/Unrestricted Disentangled|Readout|CN=0|B0=2|B1=2|K=1280|L=320|p_B=0.75|p_C=0.75|B=2|eps=0|95cf655c-5fe1-41ee-b5c6-acd2a4761507/ already exists.
./circuit_plots/Unrestricted Disentangled|Readout|CN=0|B0=2|B1=2|K=1280|L=320|p_B=0.75|p_C=0.75|B=2|eps=0|95cf655c-5fe1-41ee-b5c6-acd2a4761507/ already exists.
./circuit_plots/Unrestricted Disentangled|Readout|CN=0|B0=2|B1=2|K=1280|L=320|p_B=0.75|p_C=0.75|B=2|eps=0|95cf655c-5fe1-41ee-b5c6-acd2a4761507/ already exists.
Epoch: 8150, Loss: 5.627926349639893
Test acc: 0.1301, IC acc: 0.0016, IC acc2: 0.0019, IW acc: 0.526
Epoch: 8151, Loss: 5.5801849365234375
Epoch: 8152, Loss: 5.579994201660156
Epoch: 8153, Loss: 5.606179237365723
Epoch: 8154, Loss: 5.647915363311768
Epoch: 8155, Loss: 5.54918098449707
Epoch: 8156, Loss: 5.623330116271973
Epoch: 8157, Loss: 5.638566017150879
Epoch: 8158, Loss: 5.595458984375
Epoch: 8159, Loss: 5.549551486968994
Epoch: 8160, Loss: 5.569847583770752
Test acc: 0.1302, IC acc: 0.0016, IC acc2: 0.0019, IW acc: 0.5246
Epoch: 8161, Loss: 5.56313419342041
Epoch: 8162, Loss: 5.575183868408203
Epoch: 8163, Loss: 5.552786827087402
Epoch: 8164, Loss: 5.631307601928711
Epoch: 8165, Loss: 5.616083145141602
Epoch: 8166, Loss: 5.567891597747803
Epoch: 8167, Loss: 5.584260940551758
Epoch: 8168, Loss: 5.516463279724121
Epoch: 8169, Loss: 5.64487886428833
Epoch: 8170, Loss: 5.6025190353393555
Test acc: 0.1305, IC acc: 0.0016, IC acc2: 0.0019, IW acc: 0.5281
Epoch: 8171, Loss: 5.586136341094971
Epoch: 8172, Loss: 5.645696640014648
Epoch: 8173, Loss: 5.6076154708862305
Epoch: 8174, Loss: 5.610064506530762
Epoch: 8175, Loss: 5.625560760498047
Epoch: 8176, Loss: 5.633669853210449
Epoch: 8177, Loss: 5.6525750160217285
Epoch: 8178, Loss: 5.575317859649658
Epoch: 8179, Loss: 5.554986476898193
Epoch: 8180, Loss: 5.627028465270996
Test acc: 0.1302, IC acc: 0.0016, IC acc2: 0.0019, IW acc: 0.5279
Epoch: 8181, Loss: 5.597737789154053
Epoch: 8182, Loss: 5.568367004394531
Epoch: 8183, Loss: 5.585563659667969
Epoch: 8184, Loss: 5.630481719970703
Epoch: 8185, Loss: 5.541847229003906
Epoch: 8186, Loss: 5.603052139282227
Epoch: 8187, Loss: 5.622554779052734
Epoch: 8188, Loss: 5.534382343292236
Epoch: 8189, Loss: 5.643115043640137
Epoch: 8190, Loss: 5.63762903213501
Test acc: 0.1301, IC acc: 0.0016, IC acc2: 0.0019, IW acc: 0.5281
Epoch: 8191, Loss: 5.57403564453125
Epoch: 8192, Loss: 5.641058921813965
Epoch: 8193, Loss: 5.651517391204834
Epoch: 8194, Loss: 5.595395088195801
Epoch: 8195, Loss: 5.525491714477539
Epoch: 8196, Loss: 5.6605072021484375
Epoch: 8197, Loss: 5.5809526443481445
Epoch: 8198, Loss: 5.564353942871094
Epoch: 8199, Loss: 5.596078395843506
./circuit_plots/Unrestricted Disentangled|Readout|CN=0|B0=2|B1=2|K=1280|L=320|p_B=0.75|p_C=0.75|B=2|eps=0|95cf655c-5fe1-41ee-b5c6-acd2a4761507/ already exists.
./circuit_plots/Unrestricted Disentangled|Readout|CN=0|B0=2|B1=2|K=1280|L=320|p_B=0.75|p_C=0.75|B=2|eps=0|95cf655c-5fe1-41ee-b5c6-acd2a4761507/ already exists.
./circuit_plots/Unrestricted Disentangled|Readout|CN=0|B0=2|B1=2|K=1280|L=320|p_B=0.75|p_C=0.75|B=2|eps=0|95cf655c-5fe1-41ee-b5c6-acd2a4761507/ already exists.
./circuit_plots/Unrestricted Disentangled|Readout|CN=0|B0=2|B1=2|K=1280|L=320|p_B=0.75|p_C=0.75|B=2|eps=0|95cf655c-5fe1-41ee-b5c6-acd2a4761507/ already exists.
./circuit_plots/Unrestricted Disentangled|Readout|CN=0|B0=2|B1=2|K=1280|L=320|p_B=0.75|p_C=0.75|B=2|eps=0|95cf655c-5fe1-41ee-b5c6-acd2a4761507/ already exists.
./circuit_plots/Unrestricted Disentangled|Readout|CN=0|B0=2|B1=2|K=1280|L=320|p_B=0.75|p_C=0.75|B=2|eps=0|95cf655c-5fe1-41ee-b5c6-acd2a4761507/ already exists.
./circuit_plots/Unrestricted Disentangled|Readout|CN=0|B0=2|B1=2|K=1280|L=320|p_B=0.75|p_C=0.75|B=2|eps=0|95cf655c-5fe1-41ee-b5c6-acd2a4761507/ already exists.
Epoch: 8200, Loss: 5.676084518432617
Test acc: 0.1298, IC acc: 0.0016, IC acc2: 0.0019, IW acc: 0.5275
Epoch: 8201, Loss: 5.629683494567871
Epoch: 8202, Loss: 5.58804178237915
Epoch: 8203, Loss: 5.538479804992676
Epoch: 8204, Loss: 5.563955307006836
Epoch: 8205, Loss: 5.648509979248047
Epoch: 8206, Loss: 5.628927230834961
Epoch: 8207, Loss: 5.591569900512695
Epoch: 8208, Loss: 5.617452621459961
Epoch: 8209, Loss: 5.693027496337891
Epoch: 8210, Loss: 5.715407371520996
Test acc: 0.1304, IC acc: 0.0016, IC acc2: 0.0019, IW acc: 0.528
Epoch: 8211, Loss: 5.544312477111816
Epoch: 8212, Loss: 5.517224311828613
Epoch: 8213, Loss: 5.590921401977539
Epoch: 8214, Loss: 5.587499618530273
Epoch: 8215, Loss: 5.633849143981934
Epoch: 8216, Loss: 5.580014228820801
Epoch: 8217, Loss: 5.586606979370117
Epoch: 8218, Loss: 5.660941123962402
Epoch: 8219, Loss: 5.600555896759033
Epoch: 8220, Loss: 5.5812554359436035
Test acc: 0.1303, IC acc: 0.0016, IC acc2: 0.0019, IW acc: 0.5284
Epoch: 8221, Loss: 5.548081398010254
Epoch: 8222, Loss: 5.543331146240234
Epoch: 8223, Loss: 5.587309837341309
Epoch: 8224, Loss: 5.6740803718566895
Epoch: 8225, Loss: 5.614814758300781
Epoch: 8226, Loss: 5.578671455383301
Epoch: 8227, Loss: 5.599322319030762
Epoch: 8228, Loss: 5.594482421875
Epoch: 8229, Loss: 5.604026794433594
Epoch: 8230, Loss: 5.592339038848877
Test acc: 0.131, IC acc: 0.0016, IC acc2: 0.0019, IW acc: 0.53
Epoch: 8231, Loss: 5.549290180206299
Epoch: 8232, Loss: 5.624499320983887
Epoch: 8233, Loss: 5.575704574584961
Epoch: 8234, Loss: 5.573298454284668
Epoch: 8235, Loss: 5.607473850250244
Epoch: 8236, Loss: 5.639715671539307
Epoch: 8237, Loss: 5.655158042907715
Epoch: 8238, Loss: 5.670804023742676
Epoch: 8239, Loss: 5.597304821014404
Epoch: 8240, Loss: 5.622021198272705
Test acc: 0.1304, IC acc: 0.0016, IC acc2: 0.0019, IW acc: 0.5308
Epoch: 8241, Loss: 5.556870937347412
Epoch: 8242, Loss: 5.578783988952637
Epoch: 8243, Loss: 5.621556282043457
Epoch: 8244, Loss: 5.673912048339844
Epoch: 8245, Loss: 5.653390884399414
Epoch: 8246, Loss: 5.679788589477539
Epoch: 8247, Loss: 5.573256492614746
Epoch: 8248, Loss: 5.607846260070801
Epoch: 8249, Loss: 5.610999584197998
./circuit_plots/Unrestricted Disentangled|Readout|CN=0|B0=2|B1=2|K=1280|L=320|p_B=0.75|p_C=0.75|B=2|eps=0|95cf655c-5fe1-41ee-b5c6-acd2a4761507/ already exists.
./circuit_plots/Unrestricted Disentangled|Readout|CN=0|B0=2|B1=2|K=1280|L=320|p_B=0.75|p_C=0.75|B=2|eps=0|95cf655c-5fe1-41ee-b5c6-acd2a4761507/ already exists.
./circuit_plots/Unrestricted Disentangled|Readout|CN=0|B0=2|B1=2|K=1280|L=320|p_B=0.75|p_C=0.75|B=2|eps=0|95cf655c-5fe1-41ee-b5c6-acd2a4761507/ already exists.
./circuit_plots/Unrestricted Disentangled|Readout|CN=0|B0=2|B1=2|K=1280|L=320|p_B=0.75|p_C=0.75|B=2|eps=0|95cf655c-5fe1-41ee-b5c6-acd2a4761507/ already exists.
./circuit_plots/Unrestricted Disentangled|Readout|CN=0|B0=2|B1=2|K=1280|L=320|p_B=0.75|p_C=0.75|B=2|eps=0|95cf655c-5fe1-41ee-b5c6-acd2a4761507/ already exists.
./circuit_plots/Unrestricted Disentangled|Readout|CN=0|B0=2|B1=2|K=1280|L=320|p_B=0.75|p_C=0.75|B=2|eps=0|95cf655c-5fe1-41ee-b5c6-acd2a4761507/ already exists.
./circuit_plots/Unrestricted Disentangled|Readout|CN=0|B0=2|B1=2|K=1280|L=320|p_B=0.75|p_C=0.75|B=2|eps=0|95cf655c-5fe1-41ee-b5c6-acd2a4761507/ already exists.
Epoch: 8250, Loss: 5.570064544677734
Test acc: 0.1309, IC acc: 0.0016, IC acc2: 0.0019, IW acc: 0.5319
Epoch: 8251, Loss: 5.626411437988281
Epoch: 8252, Loss: 5.599666595458984
Epoch: 8253, Loss: 5.574462890625
Epoch: 8254, Loss: 5.588710784912109
Epoch: 8255, Loss: 5.603148937225342
Epoch: 8256, Loss: 5.679080963134766
Epoch: 8257, Loss: 5.626997947692871
Epoch: 8258, Loss: 5.575840950012207
Epoch: 8259, Loss: 5.649451732635498
Epoch: 8260, Loss: 5.601346492767334
Test acc: 0.1311, IC acc: 0.0016, IC acc2: 0.0019, IW acc: 0.5309
Epoch: 8261, Loss: 5.585055351257324
Epoch: 8262, Loss: 5.562420845031738
Epoch: 8263, Loss: 5.626116752624512
Epoch: 8264, Loss: 5.55467414855957
Epoch: 8265, Loss: 5.594200611114502
Epoch: 8266, Loss: 5.548211097717285
Epoch: 8267, Loss: 5.587874412536621
Epoch: 8268, Loss: 5.5735883712768555
Epoch: 8269, Loss: 5.518770217895508
Epoch: 8270, Loss: 5.588470458984375
Test acc: 0.1321, IC acc: 0.0016, IC acc2: 0.0019, IW acc: 0.5359
Epoch: 8271, Loss: 5.593507766723633
Epoch: 8272, Loss: 5.519747257232666
Epoch: 8273, Loss: 5.589742183685303
Epoch: 8274, Loss: 5.564773082733154
Epoch: 8275, Loss: 5.595727920532227
Epoch: 8276, Loss: 5.625794410705566
Epoch: 8277, Loss: 5.547301292419434
Epoch: 8278, Loss: 5.627691268920898
Epoch: 8279, Loss: 5.563572406768799
Epoch: 8280, Loss: 5.625001430511475
Test acc: 0.1322, IC acc: 0.0016, IC acc2: 0.0019, IW acc: 0.5339
Epoch: 8281, Loss: 5.657506942749023
Epoch: 8282, Loss: 5.579045295715332
Epoch: 8283, Loss: 5.583585739135742
Epoch: 8284, Loss: 5.566961765289307
Epoch: 8285, Loss: 5.620454788208008
Epoch: 8286, Loss: 5.607714653015137
Epoch: 8287, Loss: 5.581098556518555
Epoch: 8288, Loss: 5.521072864532471
Epoch: 8289, Loss: 5.559473037719727
Epoch: 8290, Loss: 5.55294942855835
Test acc: 0.1315, IC acc: 0.0016, IC acc2: 0.0019, IW acc: 0.5339
Epoch: 8291, Loss: 5.651534557342529
Epoch: 8292, Loss: 5.5250139236450195
Epoch: 8293, Loss: 5.671950340270996
Epoch: 8294, Loss: 5.64996337890625
Epoch: 8295, Loss: 5.639134407043457
Epoch: 8296, Loss: 5.649568557739258
Epoch: 8297, Loss: 5.639481544494629
Epoch: 8298, Loss: 5.575387477874756
Epoch: 8299, Loss: 5.540656089782715
./circuit_plots/Unrestricted Disentangled|Readout|CN=0|B0=2|B1=2|K=1280|L=320|p_B=0.75|p_C=0.75|B=2|eps=0|95cf655c-5fe1-41ee-b5c6-acd2a4761507/ already exists.
./circuit_plots/Unrestricted Disentangled|Readout|CN=0|B0=2|B1=2|K=1280|L=320|p_B=0.75|p_C=0.75|B=2|eps=0|95cf655c-5fe1-41ee-b5c6-acd2a4761507/ already exists.
./circuit_plots/Unrestricted Disentangled|Readout|CN=0|B0=2|B1=2|K=1280|L=320|p_B=0.75|p_C=0.75|B=2|eps=0|95cf655c-5fe1-41ee-b5c6-acd2a4761507/ already exists.
./circuit_plots/Unrestricted Disentangled|Readout|CN=0|B0=2|B1=2|K=1280|L=320|p_B=0.75|p_C=0.75|B=2|eps=0|95cf655c-5fe1-41ee-b5c6-acd2a4761507/ already exists.
./circuit_plots/Unrestricted Disentangled|Readout|CN=0|B0=2|B1=2|K=1280|L=320|p_B=0.75|p_C=0.75|B=2|eps=0|95cf655c-5fe1-41ee-b5c6-acd2a4761507/ already exists.
./circuit_plots/Unrestricted Disentangled|Readout|CN=0|B0=2|B1=2|K=1280|L=320|p_B=0.75|p_C=0.75|B=2|eps=0|95cf655c-5fe1-41ee-b5c6-acd2a4761507/ already exists.
./circuit_plots/Unrestricted Disentangled|Readout|CN=0|B0=2|B1=2|K=1280|L=320|p_B=0.75|p_C=0.75|B=2|eps=0|95cf655c-5fe1-41ee-b5c6-acd2a4761507/ already exists.
Epoch: 8300, Loss: 5.599839210510254
Test acc: 0.1315, IC acc: 0.0016, IC acc2: 0.0019, IW acc: 0.5326
Epoch: 8301, Loss: 5.683411121368408
Epoch: 8302, Loss: 5.566844940185547
Epoch: 8303, Loss: 5.566074371337891
Epoch: 8304, Loss: 5.652544021606445
Epoch: 8305, Loss: 5.609546661376953
Epoch: 8306, Loss: 5.586361885070801
Epoch: 8307, Loss: 5.624940872192383
Epoch: 8308, Loss: 5.612856864929199
Epoch: 8309, Loss: 5.583998680114746
Epoch: 8310, Loss: 5.540536880493164
Test acc: 0.1321, IC acc: 0.0016, IC acc2: 0.0028, IW acc: 0.5336
Epoch: 8311, Loss: 5.515309810638428
Epoch: 8312, Loss: 5.654496192932129
Epoch: 8313, Loss: 5.571733474731445
Epoch: 8314, Loss: 5.626560211181641
Epoch: 8315, Loss: 5.496999740600586
Epoch: 8316, Loss: 5.556999206542969
Epoch: 8317, Loss: 5.573360443115234
Epoch: 8318, Loss: 5.555351257324219
Epoch: 8319, Loss: 5.575571060180664
Epoch: 8320, Loss: 5.583268642425537
Test acc: 0.1326, IC acc: 0.0016, IC acc2: 0.0028, IW acc: 0.5351
Epoch: 8321, Loss: 5.624187469482422
Epoch: 8322, Loss: 5.582629203796387
Epoch: 8323, Loss: 5.632153511047363
Epoch: 8324, Loss: 5.635432243347168
Epoch: 8325, Loss: 5.560693740844727
Epoch: 8326, Loss: 5.611596584320068
Epoch: 8327, Loss: 5.468642234802246
Epoch: 8328, Loss: 5.532212257385254
Epoch: 8329, Loss: 5.654932022094727
Epoch: 8330, Loss: 5.6220831871032715
Test acc: 0.1322, IC acc: 0.0016, IC acc2: 0.0028, IW acc: 0.5358
Epoch: 8331, Loss: 5.531285285949707
Epoch: 8332, Loss: 5.580368995666504
Epoch: 8333, Loss: 5.531789779663086
Epoch: 8334, Loss: 5.599594593048096
Epoch: 8335, Loss: 5.609722137451172
Epoch: 8336, Loss: 5.60006046295166
Epoch: 8337, Loss: 5.571305751800537
Epoch: 8338, Loss: 5.532484531402588
Epoch: 8339, Loss: 5.544462203979492
Epoch: 8340, Loss: 5.5854668617248535
Test acc: 0.1321, IC acc: 0.0016, IC acc2: 0.0028, IW acc: 0.5342
Epoch: 8341, Loss: 5.604959487915039
Epoch: 8342, Loss: 5.606614112854004
Epoch: 8343, Loss: 5.558419227600098
Epoch: 8344, Loss: 5.6258158683776855
Epoch: 8345, Loss: 5.567346096038818
Epoch: 8346, Loss: 5.6475324630737305
Epoch: 8347, Loss: 5.618917465209961
Epoch: 8348, Loss: 5.607950687408447
Epoch: 8349, Loss: 5.57639217376709
./circuit_plots/Unrestricted Disentangled|Readout|CN=0|B0=2|B1=2|K=1280|L=320|p_B=0.75|p_C=0.75|B=2|eps=0|95cf655c-5fe1-41ee-b5c6-acd2a4761507/ already exists.
./circuit_plots/Unrestricted Disentangled|Readout|CN=0|B0=2|B1=2|K=1280|L=320|p_B=0.75|p_C=0.75|B=2|eps=0|95cf655c-5fe1-41ee-b5c6-acd2a4761507/ already exists.
./circuit_plots/Unrestricted Disentangled|Readout|CN=0|B0=2|B1=2|K=1280|L=320|p_B=0.75|p_C=0.75|B=2|eps=0|95cf655c-5fe1-41ee-b5c6-acd2a4761507/ already exists.
./circuit_plots/Unrestricted Disentangled|Readout|CN=0|B0=2|B1=2|K=1280|L=320|p_B=0.75|p_C=0.75|B=2|eps=0|95cf655c-5fe1-41ee-b5c6-acd2a4761507/ already exists.
./circuit_plots/Unrestricted Disentangled|Readout|CN=0|B0=2|B1=2|K=1280|L=320|p_B=0.75|p_C=0.75|B=2|eps=0|95cf655c-5fe1-41ee-b5c6-acd2a4761507/ already exists.
./circuit_plots/Unrestricted Disentangled|Readout|CN=0|B0=2|B1=2|K=1280|L=320|p_B=0.75|p_C=0.75|B=2|eps=0|95cf655c-5fe1-41ee-b5c6-acd2a4761507/ already exists.
./circuit_plots/Unrestricted Disentangled|Readout|CN=0|B0=2|B1=2|K=1280|L=320|p_B=0.75|p_C=0.75|B=2|eps=0|95cf655c-5fe1-41ee-b5c6-acd2a4761507/ already exists.
Epoch: 8350, Loss: 5.620695114135742
Test acc: 0.1322, IC acc: 0.0016, IC acc2: 0.0028, IW acc: 0.5354
Epoch: 8351, Loss: 5.604795455932617
Epoch: 8352, Loss: 5.635440826416016
Epoch: 8353, Loss: 5.641158103942871
Epoch: 8354, Loss: 5.576085090637207
Epoch: 8355, Loss: 5.569716453552246
Epoch: 8356, Loss: 5.607398986816406
Epoch: 8357, Loss: 5.5895586013793945
Epoch: 8358, Loss: 5.5722455978393555
Epoch: 8359, Loss: 5.57526159286499
Epoch: 8360, Loss: 5.622389793395996
Test acc: 0.1326, IC acc: 0.0016, IC acc2: 0.0028, IW acc: 0.538
Epoch: 8361, Loss: 5.590876579284668
Epoch: 8362, Loss: 5.550719261169434
Epoch: 8363, Loss: 5.571206092834473
Epoch: 8364, Loss: 5.659680366516113
Epoch: 8365, Loss: 5.534122467041016
Epoch: 8366, Loss: 5.600150108337402
Epoch: 8367, Loss: 5.635065078735352
Epoch: 8368, Loss: 5.541193962097168
Epoch: 8369, Loss: 5.536650657653809
Epoch: 8370, Loss: 5.653871536254883
Test acc: 0.1327, IC acc: 0.0016, IC acc2: 0.0028, IW acc: 0.5392
Epoch: 8371, Loss: 5.548680305480957
Epoch: 8372, Loss: 5.585699558258057
Epoch: 8373, Loss: 5.541326999664307
Epoch: 8374, Loss: 5.634777069091797
Epoch: 8375, Loss: 5.660922050476074
Epoch: 8376, Loss: 5.651839733123779
Epoch: 8377, Loss: 5.590614318847656
Epoch: 8378, Loss: 5.6756415367126465
Epoch: 8379, Loss: 5.639858245849609
Epoch: 8380, Loss: 5.6143598556518555
Test acc: 0.133, IC acc: 0.0016, IC acc2: 0.0028, IW acc: 0.5401
Epoch: 8381, Loss: 5.5438008308410645
Epoch: 8382, Loss: 5.580195903778076
Epoch: 8383, Loss: 5.5317230224609375
Epoch: 8384, Loss: 5.609016418457031
Epoch: 8385, Loss: 5.614755153656006
Epoch: 8386, Loss: 5.585610866546631
Epoch: 8387, Loss: 5.529748916625977
Epoch: 8388, Loss: 5.5995988845825195
Epoch: 8389, Loss: 5.581892013549805
Epoch: 8390, Loss: 5.621371269226074
Test acc: 0.1326, IC acc: 0.0016, IC acc2: 0.0028, IW acc: 0.5382
Epoch: 8391, Loss: 5.690950393676758
Epoch: 8392, Loss: 5.613554000854492
Epoch: 8393, Loss: 5.575164794921875
Epoch: 8394, Loss: 5.548709869384766
Epoch: 8395, Loss: 5.670494079589844
Epoch: 8396, Loss: 5.555462837219238
Epoch: 8397, Loss: 5.637946128845215
Epoch: 8398, Loss: 5.596667289733887
Epoch: 8399, Loss: 5.580076217651367
./circuit_plots/Unrestricted Disentangled|Readout|CN=0|B0=2|B1=2|K=1280|L=320|p_B=0.75|p_C=0.75|B=2|eps=0|95cf655c-5fe1-41ee-b5c6-acd2a4761507/ already exists.
./circuit_plots/Unrestricted Disentangled|Readout|CN=0|B0=2|B1=2|K=1280|L=320|p_B=0.75|p_C=0.75|B=2|eps=0|95cf655c-5fe1-41ee-b5c6-acd2a4761507/ already exists.
./circuit_plots/Unrestricted Disentangled|Readout|CN=0|B0=2|B1=2|K=1280|L=320|p_B=0.75|p_C=0.75|B=2|eps=0|95cf655c-5fe1-41ee-b5c6-acd2a4761507/ already exists.
./circuit_plots/Unrestricted Disentangled|Readout|CN=0|B0=2|B1=2|K=1280|L=320|p_B=0.75|p_C=0.75|B=2|eps=0|95cf655c-5fe1-41ee-b5c6-acd2a4761507/ already exists.
./circuit_plots/Unrestricted Disentangled|Readout|CN=0|B0=2|B1=2|K=1280|L=320|p_B=0.75|p_C=0.75|B=2|eps=0|95cf655c-5fe1-41ee-b5c6-acd2a4761507/ already exists.
./circuit_plots/Unrestricted Disentangled|Readout|CN=0|B0=2|B1=2|K=1280|L=320|p_B=0.75|p_C=0.75|B=2|eps=0|95cf655c-5fe1-41ee-b5c6-acd2a4761507/ already exists.
./circuit_plots/Unrestricted Disentangled|Readout|CN=0|B0=2|B1=2|K=1280|L=320|p_B=0.75|p_C=0.75|B=2|eps=0|95cf655c-5fe1-41ee-b5c6-acd2a4761507/ already exists.
Epoch: 8400, Loss: 5.64000129699707
Test acc: 0.1325, IC acc: 0.0016, IC acc2: 0.0028, IW acc: 0.5374
Epoch: 8401, Loss: 5.649413585662842
Epoch: 8402, Loss: 5.645902156829834
Epoch: 8403, Loss: 5.5864973068237305
Epoch: 8404, Loss: 5.556033134460449
Epoch: 8405, Loss: 5.580029487609863
Epoch: 8406, Loss: 5.655052185058594
Epoch: 8407, Loss: 5.572300434112549
Epoch: 8408, Loss: 5.6487274169921875
Epoch: 8409, Loss: 5.5942583084106445
Epoch: 8410, Loss: 5.629509925842285
Test acc: 0.1328, IC acc: 0.0016, IC acc2: 0.0028, IW acc: 0.5392
Epoch: 8411, Loss: 5.592206954956055
Epoch: 8412, Loss: 5.537453651428223
Epoch: 8413, Loss: 5.65472936630249
Epoch: 8414, Loss: 5.549315452575684
Epoch: 8415, Loss: 5.485457420349121
Epoch: 8416, Loss: 5.59757137298584
Epoch: 8417, Loss: 5.56886625289917
Epoch: 8418, Loss: 5.577886581420898
Epoch: 8419, Loss: 5.624060153961182
Epoch: 8420, Loss: 5.568114280700684
Test acc: 0.1335, IC acc: 0.0016, IC acc2: 0.0028, IW acc: 0.5397
Epoch: 8421, Loss: 5.6399078369140625
Epoch: 8422, Loss: 5.60479736328125
Epoch: 8423, Loss: 5.513575553894043
Epoch: 8424, Loss: 5.687560558319092
Epoch: 8425, Loss: 5.579407691955566
Epoch: 8426, Loss: 5.590143203735352
Epoch: 8427, Loss: 5.6428704261779785
Epoch: 8428, Loss: 5.596482753753662
Epoch: 8429, Loss: 5.635262489318848
Epoch: 8430, Loss: 5.579072952270508
Test acc: 0.1335, IC acc: 0.0016, IC acc2: 0.0034, IW acc: 0.5397
Epoch: 8431, Loss: 5.662650108337402
Epoch: 8432, Loss: 5.590512752532959
Epoch: 8433, Loss: 5.607824325561523
Epoch: 8434, Loss: 5.580568313598633
Epoch: 8435, Loss: 5.633218765258789
Epoch: 8436, Loss: 5.572889804840088
Epoch: 8437, Loss: 5.525328636169434
Epoch: 8438, Loss: 5.601792335510254
Epoch: 8439, Loss: 5.563453197479248
Epoch: 8440, Loss: 5.598859786987305
Test acc: 0.133, IC acc: 0.0016, IC acc2: 0.0034, IW acc: 0.5399
Epoch: 8441, Loss: 5.523549556732178
Epoch: 8442, Loss: 5.5933122634887695
Epoch: 8443, Loss: 5.568379878997803
Epoch: 8444, Loss: 5.511858940124512
Epoch: 8445, Loss: 5.591128826141357
Epoch: 8446, Loss: 5.621172904968262
Epoch: 8447, Loss: 5.580756187438965
Epoch: 8448, Loss: 5.565257549285889
Epoch: 8449, Loss: 5.596981048583984
./circuit_plots/Unrestricted Disentangled|Readout|CN=0|B0=2|B1=2|K=1280|L=320|p_B=0.75|p_C=0.75|B=2|eps=0|95cf655c-5fe1-41ee-b5c6-acd2a4761507/ already exists.
./circuit_plots/Unrestricted Disentangled|Readout|CN=0|B0=2|B1=2|K=1280|L=320|p_B=0.75|p_C=0.75|B=2|eps=0|95cf655c-5fe1-41ee-b5c6-acd2a4761507/ already exists.
./circuit_plots/Unrestricted Disentangled|Readout|CN=0|B0=2|B1=2|K=1280|L=320|p_B=0.75|p_C=0.75|B=2|eps=0|95cf655c-5fe1-41ee-b5c6-acd2a4761507/ already exists.
./circuit_plots/Unrestricted Disentangled|Readout|CN=0|B0=2|B1=2|K=1280|L=320|p_B=0.75|p_C=0.75|B=2|eps=0|95cf655c-5fe1-41ee-b5c6-acd2a4761507/ already exists.
./circuit_plots/Unrestricted Disentangled|Readout|CN=0|B0=2|B1=2|K=1280|L=320|p_B=0.75|p_C=0.75|B=2|eps=0|95cf655c-5fe1-41ee-b5c6-acd2a4761507/ already exists.
./circuit_plots/Unrestricted Disentangled|Readout|CN=0|B0=2|B1=2|K=1280|L=320|p_B=0.75|p_C=0.75|B=2|eps=0|95cf655c-5fe1-41ee-b5c6-acd2a4761507/ already exists.
./circuit_plots/Unrestricted Disentangled|Readout|CN=0|B0=2|B1=2|K=1280|L=320|p_B=0.75|p_C=0.75|B=2|eps=0|95cf655c-5fe1-41ee-b5c6-acd2a4761507/ already exists.
Epoch: 8450, Loss: 5.563615322113037
Test acc: 0.1336, IC acc: 0.0016, IC acc2: 0.0034, IW acc: 0.5431
Epoch: 8451, Loss: 5.588252067565918
Epoch: 8452, Loss: 5.5839738845825195
Epoch: 8453, Loss: 5.589995384216309
Epoch: 8454, Loss: 5.538054466247559
Epoch: 8455, Loss: 5.675821304321289
Epoch: 8456, Loss: 5.58353853225708
Epoch: 8457, Loss: 5.657933235168457
Epoch: 8458, Loss: 5.679265975952148
Epoch: 8459, Loss: 5.60249137878418
Epoch: 8460, Loss: 5.608286380767822
Test acc: 0.1328, IC acc: 0.0016, IC acc2: 0.0028, IW acc: 0.5402
Epoch: 8461, Loss: 5.550250053405762
Epoch: 8462, Loss: 5.623983383178711
Epoch: 8463, Loss: 5.565000534057617
Epoch: 8464, Loss: 5.617041110992432
Epoch: 8465, Loss: 5.615500450134277
Epoch: 8466, Loss: 5.579174518585205
Epoch: 8467, Loss: 5.552175998687744
Epoch: 8468, Loss: 5.604349613189697
Epoch: 8469, Loss: 5.578752040863037
Epoch: 8470, Loss: 5.601118564605713
Test acc: 0.1331, IC acc: 0.0016, IC acc2: 0.0028, IW acc: 0.5408
Epoch: 8471, Loss: 5.543880462646484
Epoch: 8472, Loss: 5.638117790222168
Epoch: 8473, Loss: 5.614544868469238
Epoch: 8474, Loss: 5.590908527374268
Epoch: 8475, Loss: 5.535830974578857
Epoch: 8476, Loss: 5.5781168937683105
Epoch: 8477, Loss: 5.535561561584473
Epoch: 8478, Loss: 5.551023006439209
Epoch: 8479, Loss: 5.6052045822143555
Epoch: 8480, Loss: 5.579541206359863
Test acc: 0.133, IC acc: 0.0016, IC acc2: 0.0028, IW acc: 0.5409
Epoch: 8481, Loss: 5.585233688354492
Epoch: 8482, Loss: 5.578531265258789
Epoch: 8483, Loss: 5.598926544189453
Epoch: 8484, Loss: 5.654509544372559
Epoch: 8485, Loss: 5.558856964111328
Epoch: 8486, Loss: 5.5725860595703125
Epoch: 8487, Loss: 5.565895080566406
Epoch: 8488, Loss: 5.567965030670166
Epoch: 8489, Loss: 5.582113742828369
Epoch: 8490, Loss: 5.5846710205078125
Test acc: 0.133, IC acc: 0.0016, IC acc2: 0.0028, IW acc: 0.5439
Epoch: 8491, Loss: 5.593876838684082
Epoch: 8492, Loss: 5.491110801696777
Epoch: 8493, Loss: 5.638626575469971
Epoch: 8494, Loss: 5.520147323608398
Epoch: 8495, Loss: 5.595271587371826
Epoch: 8496, Loss: 5.585362434387207
Epoch: 8497, Loss: 5.594357013702393
Epoch: 8498, Loss: 5.59599494934082
Epoch: 8499, Loss: 5.576938152313232
./circuit_plots/Unrestricted Disentangled|Readout|CN=0|B0=2|B1=2|K=1280|L=320|p_B=0.75|p_C=0.75|B=2|eps=0|95cf655c-5fe1-41ee-b5c6-acd2a4761507/ already exists.
./circuit_plots/Unrestricted Disentangled|Readout|CN=0|B0=2|B1=2|K=1280|L=320|p_B=0.75|p_C=0.75|B=2|eps=0|95cf655c-5fe1-41ee-b5c6-acd2a4761507/ already exists.
./circuit_plots/Unrestricted Disentangled|Readout|CN=0|B0=2|B1=2|K=1280|L=320|p_B=0.75|p_C=0.75|B=2|eps=0|95cf655c-5fe1-41ee-b5c6-acd2a4761507/ already exists.
./circuit_plots/Unrestricted Disentangled|Readout|CN=0|B0=2|B1=2|K=1280|L=320|p_B=0.75|p_C=0.75|B=2|eps=0|95cf655c-5fe1-41ee-b5c6-acd2a4761507/ already exists.
./circuit_plots/Unrestricted Disentangled|Readout|CN=0|B0=2|B1=2|K=1280|L=320|p_B=0.75|p_C=0.75|B=2|eps=0|95cf655c-5fe1-41ee-b5c6-acd2a4761507/ already exists.
./circuit_plots/Unrestricted Disentangled|Readout|CN=0|B0=2|B1=2|K=1280|L=320|p_B=0.75|p_C=0.75|B=2|eps=0|95cf655c-5fe1-41ee-b5c6-acd2a4761507/ already exists.
./circuit_plots/Unrestricted Disentangled|Readout|CN=0|B0=2|B1=2|K=1280|L=320|p_B=0.75|p_C=0.75|B=2|eps=0|95cf655c-5fe1-41ee-b5c6-acd2a4761507/ already exists.
Epoch: 8500, Loss: 5.607207775115967
Test acc: 0.1332, IC acc: 0.0016, IC acc2: 0.0028, IW acc: 0.5443
Epoch: 8501, Loss: 5.607928276062012
Epoch: 8502, Loss: 5.571267127990723
Epoch: 8503, Loss: 5.637198448181152
Epoch: 8504, Loss: 5.619023323059082
Epoch: 8505, Loss: 5.5828962326049805
Epoch: 8506, Loss: 5.607853889465332
Epoch: 8507, Loss: 5.592242240905762
Epoch: 8508, Loss: 5.584541320800781
Epoch: 8509, Loss: 5.60682487487793
Epoch: 8510, Loss: 5.585788726806641
Test acc: 0.1332, IC acc: 0.0016, IC acc2: 0.0028, IW acc: 0.5443
Epoch: 8511, Loss: 5.515727996826172
Epoch: 8512, Loss: 5.591920852661133
Epoch: 8513, Loss: 5.621207237243652
Epoch: 8514, Loss: 5.598801612854004
Epoch: 8515, Loss: 5.677974700927734
Epoch: 8516, Loss: 5.615917682647705
Epoch: 8517, Loss: 5.644296169281006
Epoch: 8518, Loss: 5.581277370452881
Epoch: 8519, Loss: 5.527074813842773
Epoch: 8520, Loss: 5.62563419342041
Test acc: 0.1337, IC acc: 0.0016, IC acc2: 0.0028, IW acc: 0.5471
Epoch: 8521, Loss: 5.544078826904297
Epoch: 8522, Loss: 5.677968502044678
Epoch: 8523, Loss: 5.601699352264404
Epoch: 8524, Loss: 5.602531909942627
Epoch: 8525, Loss: 5.667727947235107
Epoch: 8526, Loss: 5.562173843383789
Epoch: 8527, Loss: 5.652005195617676
Epoch: 8528, Loss: 5.5610761642456055
Epoch: 8529, Loss: 5.62144660949707
Epoch: 8530, Loss: 5.555177688598633
Test acc: 0.1341, IC acc: 0.0016, IC acc2: 0.0028, IW acc: 0.5484
Epoch: 8531, Loss: 5.622415542602539
Epoch: 8532, Loss: 5.525674819946289
Epoch: 8533, Loss: 5.565282821655273
Epoch: 8534, Loss: 5.565862655639648
Epoch: 8535, Loss: 5.605532646179199
Epoch: 8536, Loss: 5.617437362670898
Epoch: 8537, Loss: 5.538644790649414
Epoch: 8538, Loss: 5.518651008605957
Epoch: 8539, Loss: 5.612604141235352
Epoch: 8540, Loss: 5.640715599060059
Test acc: 0.1341, IC acc: 0.0016, IC acc2: 0.0028, IW acc: 0.5476
Epoch: 8541, Loss: 5.605163097381592
Epoch: 8542, Loss: 5.554998874664307
Epoch: 8543, Loss: 5.584577560424805
Epoch: 8544, Loss: 5.571330547332764
Epoch: 8545, Loss: 5.599123001098633
Epoch: 8546, Loss: 5.5977559089660645
Epoch: 8547, Loss: 5.583632469177246
Epoch: 8548, Loss: 5.60372257232666
Epoch: 8549, Loss: 5.5568461418151855
./circuit_plots/Unrestricted Disentangled|Readout|CN=0|B0=2|B1=2|K=1280|L=320|p_B=0.75|p_C=0.75|B=2|eps=0|95cf655c-5fe1-41ee-b5c6-acd2a4761507/ already exists.
./circuit_plots/Unrestricted Disentangled|Readout|CN=0|B0=2|B1=2|K=1280|L=320|p_B=0.75|p_C=0.75|B=2|eps=0|95cf655c-5fe1-41ee-b5c6-acd2a4761507/ already exists.
./circuit_plots/Unrestricted Disentangled|Readout|CN=0|B0=2|B1=2|K=1280|L=320|p_B=0.75|p_C=0.75|B=2|eps=0|95cf655c-5fe1-41ee-b5c6-acd2a4761507/ already exists.
./circuit_plots/Unrestricted Disentangled|Readout|CN=0|B0=2|B1=2|K=1280|L=320|p_B=0.75|p_C=0.75|B=2|eps=0|95cf655c-5fe1-41ee-b5c6-acd2a4761507/ already exists.
./circuit_plots/Unrestricted Disentangled|Readout|CN=0|B0=2|B1=2|K=1280|L=320|p_B=0.75|p_C=0.75|B=2|eps=0|95cf655c-5fe1-41ee-b5c6-acd2a4761507/ already exists.
./circuit_plots/Unrestricted Disentangled|Readout|CN=0|B0=2|B1=2|K=1280|L=320|p_B=0.75|p_C=0.75|B=2|eps=0|95cf655c-5fe1-41ee-b5c6-acd2a4761507/ already exists.
./circuit_plots/Unrestricted Disentangled|Readout|CN=0|B0=2|B1=2|K=1280|L=320|p_B=0.75|p_C=0.75|B=2|eps=0|95cf655c-5fe1-41ee-b5c6-acd2a4761507/ already exists.
Epoch: 8550, Loss: 5.642114162445068
Test acc: 0.1342, IC acc: 0.0016, IC acc2: 0.0028, IW acc: 0.5491
Epoch: 8551, Loss: 5.629797458648682
Epoch: 8552, Loss: 5.598385334014893
Epoch: 8553, Loss: 5.579608917236328
Epoch: 8554, Loss: 5.531976699829102
Epoch: 8555, Loss: 5.530091285705566
Epoch: 8556, Loss: 5.554813861846924
Epoch: 8557, Loss: 5.689870834350586
Epoch: 8558, Loss: 5.627093315124512
Epoch: 8559, Loss: 5.5495686531066895
Epoch: 8560, Loss: 5.612904071807861
Test acc: 0.1341, IC acc: 0.0016, IC acc2: 0.0028, IW acc: 0.5484
Epoch: 8561, Loss: 5.576968669891357
Epoch: 8562, Loss: 5.623355865478516
Epoch: 8563, Loss: 5.6896467208862305
Epoch: 8564, Loss: 5.533956050872803
Epoch: 8565, Loss: 5.657206058502197
Epoch: 8566, Loss: 5.574160099029541
Epoch: 8567, Loss: 5.497481822967529
Epoch: 8568, Loss: 5.600835800170898
Epoch: 8569, Loss: 5.556737899780273
Epoch: 8570, Loss: 5.580664157867432
Test acc: 0.1339, IC acc: 0.0016, IC acc2: 0.0028, IW acc: 0.5465
Epoch: 8571, Loss: 5.500059127807617
Epoch: 8572, Loss: 5.539892196655273
Epoch: 8573, Loss: 5.567173480987549
Epoch: 8574, Loss: 5.583754539489746
Epoch: 8575, Loss: 5.582708358764648
Epoch: 8576, Loss: 5.516205310821533
Epoch: 8577, Loss: 5.620870590209961
Epoch: 8578, Loss: 5.612020969390869
Epoch: 8579, Loss: 5.5985565185546875
Epoch: 8580, Loss: 5.579742908477783
Test acc: 0.1339, IC acc: 0.0016, IC acc2: 0.0028, IW acc: 0.5486
Epoch: 8581, Loss: 5.6056671142578125
Epoch: 8582, Loss: 5.61912727355957
Epoch: 8583, Loss: 5.608381271362305
Epoch: 8584, Loss: 5.607555389404297
Epoch: 8585, Loss: 5.497195243835449
Epoch: 8586, Loss: 5.544561386108398
Epoch: 8587, Loss: 5.600105285644531
Epoch: 8588, Loss: 5.516315460205078
Epoch: 8589, Loss: 5.578066825866699
Epoch: 8590, Loss: 5.564247131347656
Test acc: 0.1338, IC acc: 0.0016, IC acc2: 0.0028, IW acc: 0.5481
Epoch: 8591, Loss: 5.646460056304932
Epoch: 8592, Loss: 5.626348972320557
Epoch: 8593, Loss: 5.493930339813232
Epoch: 8594, Loss: 5.5587921142578125
Epoch: 8595, Loss: 5.575183868408203
Epoch: 8596, Loss: 5.582383155822754
Epoch: 8597, Loss: 5.517828941345215
Epoch: 8598, Loss: 5.583004474639893
Epoch: 8599, Loss: 5.633663177490234
./circuit_plots/Unrestricted Disentangled|Readout|CN=0|B0=2|B1=2|K=1280|L=320|p_B=0.75|p_C=0.75|B=2|eps=0|95cf655c-5fe1-41ee-b5c6-acd2a4761507/ already exists.
./circuit_plots/Unrestricted Disentangled|Readout|CN=0|B0=2|B1=2|K=1280|L=320|p_B=0.75|p_C=0.75|B=2|eps=0|95cf655c-5fe1-41ee-b5c6-acd2a4761507/ already exists.
./circuit_plots/Unrestricted Disentangled|Readout|CN=0|B0=2|B1=2|K=1280|L=320|p_B=0.75|p_C=0.75|B=2|eps=0|95cf655c-5fe1-41ee-b5c6-acd2a4761507/ already exists.
./circuit_plots/Unrestricted Disentangled|Readout|CN=0|B0=2|B1=2|K=1280|L=320|p_B=0.75|p_C=0.75|B=2|eps=0|95cf655c-5fe1-41ee-b5c6-acd2a4761507/ already exists.
./circuit_plots/Unrestricted Disentangled|Readout|CN=0|B0=2|B1=2|K=1280|L=320|p_B=0.75|p_C=0.75|B=2|eps=0|95cf655c-5fe1-41ee-b5c6-acd2a4761507/ already exists.
./circuit_plots/Unrestricted Disentangled|Readout|CN=0|B0=2|B1=2|K=1280|L=320|p_B=0.75|p_C=0.75|B=2|eps=0|95cf655c-5fe1-41ee-b5c6-acd2a4761507/ already exists.
./circuit_plots/Unrestricted Disentangled|Readout|CN=0|B0=2|B1=2|K=1280|L=320|p_B=0.75|p_C=0.75|B=2|eps=0|95cf655c-5fe1-41ee-b5c6-acd2a4761507/ already exists.
Epoch: 8600, Loss: 5.6003875732421875
Test acc: 0.1338, IC acc: 0.0016, IC acc2: 0.0028, IW acc: 0.5481
Epoch: 8601, Loss: 5.610069751739502
Epoch: 8602, Loss: 5.524982452392578
Epoch: 8603, Loss: 5.556920051574707
Epoch: 8604, Loss: 5.59147834777832
Epoch: 8605, Loss: 5.5573410987854
Epoch: 8606, Loss: 5.482602119445801
Epoch: 8607, Loss: 5.558910369873047
Epoch: 8608, Loss: 5.546886920928955
Epoch: 8609, Loss: 5.595769882202148
Epoch: 8610, Loss: 5.620131969451904
Test acc: 0.1338, IC acc: 0.0016, IC acc2: 0.0028, IW acc: 0.5486
Epoch: 8611, Loss: 5.6695356369018555
Epoch: 8612, Loss: 5.5841264724731445
Epoch: 8613, Loss: 5.574038982391357
Epoch: 8614, Loss: 5.571364402770996
Epoch: 8615, Loss: 5.621628761291504
Epoch: 8616, Loss: 5.6863861083984375
Epoch: 8617, Loss: 5.621646404266357
Epoch: 8618, Loss: 5.668534278869629
Epoch: 8619, Loss: 5.566568374633789
Epoch: 8620, Loss: 5.665087699890137
Test acc: 0.1344, IC acc: 0.0016, IC acc2: 0.0028, IW acc: 0.5506
Epoch: 8621, Loss: 5.643190383911133
Epoch: 8622, Loss: 5.541979789733887
Epoch: 8623, Loss: 5.59158182144165
Epoch: 8624, Loss: 5.532468795776367
Epoch: 8625, Loss: 5.548989295959473
Epoch: 8626, Loss: 5.591764450073242
Epoch: 8627, Loss: 5.564574241638184
Epoch: 8628, Loss: 5.610592842102051
Epoch: 8629, Loss: 5.516134262084961
Epoch: 8630, Loss: 5.634383678436279
Test acc: 0.1348, IC acc: 0.0016, IC acc2: 0.0028, IW acc: 0.5508
Epoch: 8631, Loss: 5.656508445739746
Epoch: 8632, Loss: 5.57275390625
Epoch: 8633, Loss: 5.537103176116943
Epoch: 8634, Loss: 5.603850841522217
Epoch: 8635, Loss: 5.61209774017334
Epoch: 8636, Loss: 5.564347743988037
Epoch: 8637, Loss: 5.603052139282227
Epoch: 8638, Loss: 5.53990364074707
Epoch: 8639, Loss: 5.629456520080566
Epoch: 8640, Loss: 5.622544288635254
Test acc: 0.1345, IC acc: 0.0016, IC acc2: 0.0028, IW acc: 0.5505
Epoch: 8641, Loss: 5.570847511291504
Epoch: 8642, Loss: 5.621081352233887
Epoch: 8643, Loss: 5.568734169006348
Epoch: 8644, Loss: 5.475866317749023
Epoch: 8645, Loss: 5.535789966583252
Epoch: 8646, Loss: 5.608017921447754
Epoch: 8647, Loss: 5.5630998611450195
Epoch: 8648, Loss: 5.593631744384766
Epoch: 8649, Loss: 5.546864986419678
./circuit_plots/Unrestricted Disentangled|Readout|CN=0|B0=2|B1=2|K=1280|L=320|p_B=0.75|p_C=0.75|B=2|eps=0|95cf655c-5fe1-41ee-b5c6-acd2a4761507/ already exists.
./circuit_plots/Unrestricted Disentangled|Readout|CN=0|B0=2|B1=2|K=1280|L=320|p_B=0.75|p_C=0.75|B=2|eps=0|95cf655c-5fe1-41ee-b5c6-acd2a4761507/ already exists.
./circuit_plots/Unrestricted Disentangled|Readout|CN=0|B0=2|B1=2|K=1280|L=320|p_B=0.75|p_C=0.75|B=2|eps=0|95cf655c-5fe1-41ee-b5c6-acd2a4761507/ already exists.
./circuit_plots/Unrestricted Disentangled|Readout|CN=0|B0=2|B1=2|K=1280|L=320|p_B=0.75|p_C=0.75|B=2|eps=0|95cf655c-5fe1-41ee-b5c6-acd2a4761507/ already exists.
./circuit_plots/Unrestricted Disentangled|Readout|CN=0|B0=2|B1=2|K=1280|L=320|p_B=0.75|p_C=0.75|B=2|eps=0|95cf655c-5fe1-41ee-b5c6-acd2a4761507/ already exists.
./circuit_plots/Unrestricted Disentangled|Readout|CN=0|B0=2|B1=2|K=1280|L=320|p_B=0.75|p_C=0.75|B=2|eps=0|95cf655c-5fe1-41ee-b5c6-acd2a4761507/ already exists.
./circuit_plots/Unrestricted Disentangled|Readout|CN=0|B0=2|B1=2|K=1280|L=320|p_B=0.75|p_C=0.75|B=2|eps=0|95cf655c-5fe1-41ee-b5c6-acd2a4761507/ already exists.
Epoch: 8650, Loss: 5.586588382720947
Test acc: 0.1353, IC acc: 0.0016, IC acc2: 0.0028, IW acc: 0.5543
Epoch: 8651, Loss: 5.510458946228027
Epoch: 8652, Loss: 5.61280632019043
Epoch: 8653, Loss: 5.638631343841553
Epoch: 8654, Loss: 5.602633953094482
Epoch: 8655, Loss: 5.622478485107422
Epoch: 8656, Loss: 5.6762590408325195
Epoch: 8657, Loss: 5.547765254974365
Epoch: 8658, Loss: 5.579056262969971
Epoch: 8659, Loss: 5.558954238891602
Epoch: 8660, Loss: 5.676888465881348
Test acc: 0.1354, IC acc: 0.0016, IC acc2: 0.0028, IW acc: 0.5545
Epoch: 8661, Loss: 5.540767669677734
Epoch: 8662, Loss: 5.531069755554199
Epoch: 8663, Loss: 5.538438320159912
Epoch: 8664, Loss: 5.546997547149658
Epoch: 8665, Loss: 5.6225433349609375
Epoch: 8666, Loss: 5.622465133666992
Epoch: 8667, Loss: 5.580328464508057
Epoch: 8668, Loss: 5.631015777587891
Epoch: 8669, Loss: 5.58953857421875
Epoch: 8670, Loss: 5.579499244689941
Test acc: 0.1354, IC acc: 0.0016, IC acc2: 0.0028, IW acc: 0.5541
Epoch: 8671, Loss: 5.629457950592041
Epoch: 8672, Loss: 5.563817024230957
Epoch: 8673, Loss: 5.585078239440918
Epoch: 8674, Loss: 5.623911380767822
Epoch: 8675, Loss: 5.626291275024414
Epoch: 8676, Loss: 5.701153755187988
Epoch: 8677, Loss: 5.611060619354248
Epoch: 8678, Loss: 5.624875545501709
Epoch: 8679, Loss: 5.606557846069336
Epoch: 8680, Loss: 5.594259262084961
Test acc: 0.1357, IC acc: 0.0016, IC acc2: 0.0028, IW acc: 0.5553
Epoch: 8681, Loss: 5.486150741577148
Epoch: 8682, Loss: 5.551199913024902
Epoch: 8683, Loss: 5.564338684082031
Epoch: 8684, Loss: 5.601014137268066
Epoch: 8685, Loss: 5.62748908996582
Epoch: 8686, Loss: 5.547301292419434
Epoch: 8687, Loss: 5.509299278259277
Epoch: 8688, Loss: 5.586413383483887
Epoch: 8689, Loss: 5.603524684906006
Epoch: 8690, Loss: 5.623620986938477
Test acc: 0.1356, IC acc: 0.0016, IC acc2: 0.0028, IW acc: 0.5539
Epoch: 8691, Loss: 5.482268333435059
Epoch: 8692, Loss: 5.549691677093506
Epoch: 8693, Loss: 5.599133491516113
Epoch: 8694, Loss: 5.505388259887695
Epoch: 8695, Loss: 5.593966960906982
Epoch: 8696, Loss: 5.59133768081665
Epoch: 8697, Loss: 5.57084846496582
Epoch: 8698, Loss: 5.529717445373535
Epoch: 8699, Loss: 5.619360446929932
./circuit_plots/Unrestricted Disentangled|Readout|CN=0|B0=2|B1=2|K=1280|L=320|p_B=0.75|p_C=0.75|B=2|eps=0|95cf655c-5fe1-41ee-b5c6-acd2a4761507/ already exists.
./circuit_plots/Unrestricted Disentangled|Readout|CN=0|B0=2|B1=2|K=1280|L=320|p_B=0.75|p_C=0.75|B=2|eps=0|95cf655c-5fe1-41ee-b5c6-acd2a4761507/ already exists.
./circuit_plots/Unrestricted Disentangled|Readout|CN=0|B0=2|B1=2|K=1280|L=320|p_B=0.75|p_C=0.75|B=2|eps=0|95cf655c-5fe1-41ee-b5c6-acd2a4761507/ already exists.
./circuit_plots/Unrestricted Disentangled|Readout|CN=0|B0=2|B1=2|K=1280|L=320|p_B=0.75|p_C=0.75|B=2|eps=0|95cf655c-5fe1-41ee-b5c6-acd2a4761507/ already exists.
./circuit_plots/Unrestricted Disentangled|Readout|CN=0|B0=2|B1=2|K=1280|L=320|p_B=0.75|p_C=0.75|B=2|eps=0|95cf655c-5fe1-41ee-b5c6-acd2a4761507/ already exists.
./circuit_plots/Unrestricted Disentangled|Readout|CN=0|B0=2|B1=2|K=1280|L=320|p_B=0.75|p_C=0.75|B=2|eps=0|95cf655c-5fe1-41ee-b5c6-acd2a4761507/ already exists.
./circuit_plots/Unrestricted Disentangled|Readout|CN=0|B0=2|B1=2|K=1280|L=320|p_B=0.75|p_C=0.75|B=2|eps=0|95cf655c-5fe1-41ee-b5c6-acd2a4761507/ already exists.
Epoch: 8700, Loss: 5.604062080383301
Test acc: 0.1357, IC acc: 0.0016, IC acc2: 0.0028, IW acc: 0.5541
Epoch: 8701, Loss: 5.6282243728637695
Epoch: 8702, Loss: 5.519340515136719
Epoch: 8703, Loss: 5.521233081817627
Epoch: 8704, Loss: 5.590117931365967
Epoch: 8705, Loss: 5.563608169555664
Epoch: 8706, Loss: 5.529021739959717
Epoch: 8707, Loss: 5.55709171295166
Epoch: 8708, Loss: 5.565542697906494
Epoch: 8709, Loss: 5.56023645401001
Epoch: 8710, Loss: 5.540555000305176
Test acc: 0.1362, IC acc: 0.0016, IC acc2: 0.0028, IW acc: 0.5565
Epoch: 8711, Loss: 5.585310935974121
Epoch: 8712, Loss: 5.556813716888428
Epoch: 8713, Loss: 5.558586120605469
Epoch: 8714, Loss: 5.535945892333984
Epoch: 8715, Loss: 5.573524475097656
Epoch: 8716, Loss: 5.649689674377441
Epoch: 8717, Loss: 5.570623397827148
Epoch: 8718, Loss: 5.634310722351074
Epoch: 8719, Loss: 5.561882019042969
Epoch: 8720, Loss: 5.646431922912598
Test acc: 0.1363, IC acc: 0.0016, IC acc2: 0.0028, IW acc: 0.5571
Epoch: 8721, Loss: 5.502590179443359
Epoch: 8722, Loss: 5.528285026550293
Epoch: 8723, Loss: 5.598820686340332
Epoch: 8724, Loss: 5.555275917053223
Epoch: 8725, Loss: 5.587310791015625
Epoch: 8726, Loss: 5.632763862609863
Epoch: 8727, Loss: 5.576363563537598
Epoch: 8728, Loss: 5.582873344421387
Epoch: 8729, Loss: 5.553842544555664
Epoch: 8730, Loss: 5.523366451263428
Test acc: 0.1363, IC acc: 0.0016, IC acc2: 0.0028, IW acc: 0.5571
Epoch: 8731, Loss: 5.49268913269043
Epoch: 8732, Loss: 5.561009407043457
Epoch: 8733, Loss: 5.636096954345703
Epoch: 8734, Loss: 5.554449558258057
Epoch: 8735, Loss: 5.6153974533081055
Epoch: 8736, Loss: 5.653770446777344
Epoch: 8737, Loss: 5.565720558166504
Epoch: 8738, Loss: 5.619958400726318
Epoch: 8739, Loss: 5.58615779876709
Epoch: 8740, Loss: 5.594378471374512
Test acc: 0.136, IC acc: 0.0016, IC acc2: 0.0028, IW acc: 0.5568
Epoch: 8741, Loss: 5.596567153930664
Epoch: 8742, Loss: 5.637916088104248
Epoch: 8743, Loss: 5.50980281829834
Epoch: 8744, Loss: 5.528316497802734
Epoch: 8745, Loss: 5.631016731262207
Epoch: 8746, Loss: 5.605175018310547
Epoch: 8747, Loss: 5.575343132019043
Epoch: 8748, Loss: 5.624128341674805
Epoch: 8749, Loss: 5.54380989074707
./circuit_plots/Unrestricted Disentangled|Readout|CN=0|B0=2|B1=2|K=1280|L=320|p_B=0.75|p_C=0.75|B=2|eps=0|95cf655c-5fe1-41ee-b5c6-acd2a4761507/ already exists.
./circuit_plots/Unrestricted Disentangled|Readout|CN=0|B0=2|B1=2|K=1280|L=320|p_B=0.75|p_C=0.75|B=2|eps=0|95cf655c-5fe1-41ee-b5c6-acd2a4761507/ already exists.
./circuit_plots/Unrestricted Disentangled|Readout|CN=0|B0=2|B1=2|K=1280|L=320|p_B=0.75|p_C=0.75|B=2|eps=0|95cf655c-5fe1-41ee-b5c6-acd2a4761507/ already exists.
./circuit_plots/Unrestricted Disentangled|Readout|CN=0|B0=2|B1=2|K=1280|L=320|p_B=0.75|p_C=0.75|B=2|eps=0|95cf655c-5fe1-41ee-b5c6-acd2a4761507/ already exists.
./circuit_plots/Unrestricted Disentangled|Readout|CN=0|B0=2|B1=2|K=1280|L=320|p_B=0.75|p_C=0.75|B=2|eps=0|95cf655c-5fe1-41ee-b5c6-acd2a4761507/ already exists.
./circuit_plots/Unrestricted Disentangled|Readout|CN=0|B0=2|B1=2|K=1280|L=320|p_B=0.75|p_C=0.75|B=2|eps=0|95cf655c-5fe1-41ee-b5c6-acd2a4761507/ already exists.
./circuit_plots/Unrestricted Disentangled|Readout|CN=0|B0=2|B1=2|K=1280|L=320|p_B=0.75|p_C=0.75|B=2|eps=0|95cf655c-5fe1-41ee-b5c6-acd2a4761507/ already exists.
Epoch: 8750, Loss: 5.568320274353027
Test acc: 0.1362, IC acc: 0.0016, IC acc2: 0.0028, IW acc: 0.5576
Epoch: 8751, Loss: 5.573477268218994
Epoch: 8752, Loss: 5.645090103149414
Epoch: 8753, Loss: 5.564809322357178
Epoch: 8754, Loss: 5.599615097045898
Epoch: 8755, Loss: 5.599922180175781
Epoch: 8756, Loss: 5.67979621887207
Epoch: 8757, Loss: 5.578856468200684
Epoch: 8758, Loss: 5.5694780349731445
Epoch: 8759, Loss: 5.633975982666016
Epoch: 8760, Loss: 5.59222936630249
Test acc: 0.136, IC acc: 0.0016, IC acc2: 0.0028, IW acc: 0.5579
Epoch: 8761, Loss: 5.555496692657471
Epoch: 8762, Loss: 5.5161895751953125
Epoch: 8763, Loss: 5.592080593109131
Epoch: 8764, Loss: 5.576687812805176
Epoch: 8765, Loss: 5.58585262298584
Epoch: 8766, Loss: 5.514185905456543
Epoch: 8767, Loss: 5.53902530670166
Epoch: 8768, Loss: 5.496734619140625
Epoch: 8769, Loss: 5.562196731567383
Epoch: 8770, Loss: 5.597794532775879
Test acc: 0.1365, IC acc: 0.0016, IC acc2: 0.0028, IW acc: 0.559
Epoch: 8771, Loss: 5.550044059753418
Epoch: 8772, Loss: 5.541359901428223
Epoch: 8773, Loss: 5.653775215148926
Epoch: 8774, Loss: 5.585451126098633
Epoch: 8775, Loss: 5.589836120605469
Epoch: 8776, Loss: 5.662046432495117
Epoch: 8777, Loss: 5.532670497894287
Epoch: 8778, Loss: 5.587716579437256
Epoch: 8779, Loss: 5.544133186340332
Epoch: 8780, Loss: 5.652131080627441
Test acc: 0.137, IC acc: 0.0016, IC acc2: 0.0028, IW acc: 0.5598
Epoch: 8781, Loss: 5.5145583152771
Epoch: 8782, Loss: 5.580502033233643
Epoch: 8783, Loss: 5.680915832519531
Epoch: 8784, Loss: 5.671865463256836
Epoch: 8785, Loss: 5.601524829864502
Epoch: 8786, Loss: 5.596576690673828
Epoch: 8787, Loss: 5.627866744995117
Epoch: 8788, Loss: 5.642548561096191
Epoch: 8789, Loss: 5.591130256652832
Epoch: 8790, Loss: 5.705686092376709
Test acc: 0.1365, IC acc: 0.0016, IC acc2: 0.0028, IW acc: 0.5583
Epoch: 8791, Loss: 5.623584747314453
Epoch: 8792, Loss: 5.567474365234375
Epoch: 8793, Loss: 5.597726345062256
Epoch: 8794, Loss: 5.689990520477295
Epoch: 8795, Loss: 5.570723533630371
Epoch: 8796, Loss: 5.648560523986816
Epoch: 8797, Loss: 5.613324165344238
Epoch: 8798, Loss: 5.567402362823486
Epoch: 8799, Loss: 5.534883499145508
./circuit_plots/Unrestricted Disentangled|Readout|CN=0|B0=2|B1=2|K=1280|L=320|p_B=0.75|p_C=0.75|B=2|eps=0|95cf655c-5fe1-41ee-b5c6-acd2a4761507/ already exists.
./circuit_plots/Unrestricted Disentangled|Readout|CN=0|B0=2|B1=2|K=1280|L=320|p_B=0.75|p_C=0.75|B=2|eps=0|95cf655c-5fe1-41ee-b5c6-acd2a4761507/ already exists.
./circuit_plots/Unrestricted Disentangled|Readout|CN=0|B0=2|B1=2|K=1280|L=320|p_B=0.75|p_C=0.75|B=2|eps=0|95cf655c-5fe1-41ee-b5c6-acd2a4761507/ already exists.
./circuit_plots/Unrestricted Disentangled|Readout|CN=0|B0=2|B1=2|K=1280|L=320|p_B=0.75|p_C=0.75|B=2|eps=0|95cf655c-5fe1-41ee-b5c6-acd2a4761507/ already exists.
./circuit_plots/Unrestricted Disentangled|Readout|CN=0|B0=2|B1=2|K=1280|L=320|p_B=0.75|p_C=0.75|B=2|eps=0|95cf655c-5fe1-41ee-b5c6-acd2a4761507/ already exists.
./circuit_plots/Unrestricted Disentangled|Readout|CN=0|B0=2|B1=2|K=1280|L=320|p_B=0.75|p_C=0.75|B=2|eps=0|95cf655c-5fe1-41ee-b5c6-acd2a4761507/ already exists.
./circuit_plots/Unrestricted Disentangled|Readout|CN=0|B0=2|B1=2|K=1280|L=320|p_B=0.75|p_C=0.75|B=2|eps=0|95cf655c-5fe1-41ee-b5c6-acd2a4761507/ already exists.
Epoch: 8800, Loss: 5.575491905212402
Test acc: 0.1366, IC acc: 0.0016, IC acc2: 0.0028, IW acc: 0.5588
Epoch: 8801, Loss: 5.610389232635498
Epoch: 8802, Loss: 5.480112075805664
Epoch: 8803, Loss: 5.680228233337402
Epoch: 8804, Loss: 5.570031642913818
Epoch: 8805, Loss: 5.526191234588623
Epoch: 8806, Loss: 5.565094947814941
Epoch: 8807, Loss: 5.513869285583496
Epoch: 8808, Loss: 5.595248222351074
Epoch: 8809, Loss: 5.637655258178711
Epoch: 8810, Loss: 5.575840950012207
Test acc: 0.1368, IC acc: 0.0016, IC acc2: 0.0028, IW acc: 0.5594
Epoch: 8811, Loss: 5.57180118560791
Epoch: 8812, Loss: 5.480556488037109
Epoch: 8813, Loss: 5.628910064697266
Epoch: 8814, Loss: 5.58949089050293
Epoch: 8815, Loss: 5.545162677764893
Epoch: 8816, Loss: 5.5420355796813965
Epoch: 8817, Loss: 5.687648773193359
Epoch: 8818, Loss: 5.596174240112305
Epoch: 8819, Loss: 5.632571697235107
Epoch: 8820, Loss: 5.628143310546875
Test acc: 0.137, IC acc: 0.0016, IC acc2: 0.0028, IW acc: 0.5607
Epoch: 8821, Loss: 5.6164960861206055
Epoch: 8822, Loss: 5.565595626831055
Epoch: 8823, Loss: 5.557044506072998
Epoch: 8824, Loss: 5.639317512512207
Epoch: 8825, Loss: 5.621633052825928
Epoch: 8826, Loss: 5.532915115356445
Epoch: 8827, Loss: 5.585633277893066
Epoch: 8828, Loss: 5.622214317321777
Epoch: 8829, Loss: 5.482255458831787
Epoch: 8830, Loss: 5.575314044952393
Test acc: 0.1373, IC acc: 0.0016, IC acc2: 0.0028, IW acc: 0.5615
Epoch: 8831, Loss: 5.560832977294922
Epoch: 8832, Loss: 5.5524091720581055
Epoch: 8833, Loss: 5.591866493225098
Epoch: 8834, Loss: 5.4890241622924805
Epoch: 8835, Loss: 5.648931503295898
Epoch: 8836, Loss: 5.621513366699219
Epoch: 8837, Loss: 5.522775650024414
Epoch: 8838, Loss: 5.513029098510742
Epoch: 8839, Loss: 5.677515983581543
Epoch: 8840, Loss: 5.597984313964844
Test acc: 0.1373, IC acc: 0.0016, IC acc2: 0.0028, IW acc: 0.5615
Epoch: 8841, Loss: 5.598786354064941
Epoch: 8842, Loss: 5.612063884735107
Epoch: 8843, Loss: 5.639697074890137
Epoch: 8844, Loss: 5.657199382781982
Epoch: 8845, Loss: 5.570918560028076
Epoch: 8846, Loss: 5.592080116271973
Epoch: 8847, Loss: 5.5991411209106445
Epoch: 8848, Loss: 5.627376556396484
Epoch: 8849, Loss: 5.559556007385254
./circuit_plots/Unrestricted Disentangled|Readout|CN=0|B0=2|B1=2|K=1280|L=320|p_B=0.75|p_C=0.75|B=2|eps=0|95cf655c-5fe1-41ee-b5c6-acd2a4761507/ already exists.
./circuit_plots/Unrestricted Disentangled|Readout|CN=0|B0=2|B1=2|K=1280|L=320|p_B=0.75|p_C=0.75|B=2|eps=0|95cf655c-5fe1-41ee-b5c6-acd2a4761507/ already exists.
./circuit_plots/Unrestricted Disentangled|Readout|CN=0|B0=2|B1=2|K=1280|L=320|p_B=0.75|p_C=0.75|B=2|eps=0|95cf655c-5fe1-41ee-b5c6-acd2a4761507/ already exists.
./circuit_plots/Unrestricted Disentangled|Readout|CN=0|B0=2|B1=2|K=1280|L=320|p_B=0.75|p_C=0.75|B=2|eps=0|95cf655c-5fe1-41ee-b5c6-acd2a4761507/ already exists.
./circuit_plots/Unrestricted Disentangled|Readout|CN=0|B0=2|B1=2|K=1280|L=320|p_B=0.75|p_C=0.75|B=2|eps=0|95cf655c-5fe1-41ee-b5c6-acd2a4761507/ already exists.
./circuit_plots/Unrestricted Disentangled|Readout|CN=0|B0=2|B1=2|K=1280|L=320|p_B=0.75|p_C=0.75|B=2|eps=0|95cf655c-5fe1-41ee-b5c6-acd2a4761507/ already exists.
./circuit_plots/Unrestricted Disentangled|Readout|CN=0|B0=2|B1=2|K=1280|L=320|p_B=0.75|p_C=0.75|B=2|eps=0|95cf655c-5fe1-41ee-b5c6-acd2a4761507/ already exists.
Epoch: 8850, Loss: 5.645195960998535
Test acc: 0.1379, IC acc: 0.0016, IC acc2: 0.0028, IW acc: 0.5656
Epoch: 8851, Loss: 5.6002397537231445
Epoch: 8852, Loss: 5.563132286071777
Epoch: 8853, Loss: 5.6615705490112305
Epoch: 8854, Loss: 5.6509857177734375
Epoch: 8855, Loss: 5.609685897827148
Epoch: 8856, Loss: 5.63177490234375
Epoch: 8857, Loss: 5.59742546081543
Epoch: 8858, Loss: 5.537470817565918
Epoch: 8859, Loss: 5.591223239898682
Epoch: 8860, Loss: 5.637479305267334
Test acc: 0.1384, IC acc: 0.0016, IC acc2: 0.0028, IW acc: 0.5657
Epoch: 8861, Loss: 5.635830879211426
Epoch: 8862, Loss: 5.632306098937988
Epoch: 8863, Loss: 5.633276462554932
Epoch: 8864, Loss: 5.5687150955200195
Epoch: 8865, Loss: 5.598389625549316
Epoch: 8866, Loss: 5.574380874633789
Epoch: 8867, Loss: 5.559077262878418
Epoch: 8868, Loss: 5.6345601081848145
Epoch: 8869, Loss: 5.623239994049072
Epoch: 8870, Loss: 5.601985931396484
Test acc: 0.139, IC acc: 0.0016, IC acc2: 0.0028, IW acc: 0.5658
Epoch: 8871, Loss: 5.652632713317871
Epoch: 8872, Loss: 5.585964202880859
Epoch: 8873, Loss: 5.630278587341309
Epoch: 8874, Loss: 5.549759387969971
Epoch: 8875, Loss: 5.571280002593994
Epoch: 8876, Loss: 5.527121543884277
Epoch: 8877, Loss: 5.550386905670166
Epoch: 8878, Loss: 5.52441930770874
Epoch: 8879, Loss: 5.653294563293457
Epoch: 8880, Loss: 5.56265926361084
Test acc: 0.1387, IC acc: 0.0016, IC acc2: 0.0028, IW acc: 0.5644
Epoch: 8881, Loss: 5.663435935974121
Epoch: 8882, Loss: 5.541066646575928
Epoch: 8883, Loss: 5.56562614440918
Epoch: 8884, Loss: 5.555746078491211
Epoch: 8885, Loss: 5.57852029800415
Epoch: 8886, Loss: 5.608095169067383
Epoch: 8887, Loss: 5.556144714355469
Epoch: 8888, Loss: 5.590602874755859
Epoch: 8889, Loss: 5.619223594665527
Epoch: 8890, Loss: 5.5521650314331055
Test acc: 0.1391, IC acc: 0.0016, IC acc2: 0.0028, IW acc: 0.5665
Epoch: 8891, Loss: 5.528382301330566
Epoch: 8892, Loss: 5.557396411895752
Epoch: 8893, Loss: 5.504542350769043
Epoch: 8894, Loss: 5.609552383422852
Epoch: 8895, Loss: 5.596693515777588
Epoch: 8896, Loss: 5.553083419799805
Epoch: 8897, Loss: 5.519858360290527
Epoch: 8898, Loss: 5.579426288604736
Epoch: 8899, Loss: 5.574990272521973
./circuit_plots/Unrestricted Disentangled|Readout|CN=0|B0=2|B1=2|K=1280|L=320|p_B=0.75|p_C=0.75|B=2|eps=0|95cf655c-5fe1-41ee-b5c6-acd2a4761507/ already exists.
./circuit_plots/Unrestricted Disentangled|Readout|CN=0|B0=2|B1=2|K=1280|L=320|p_B=0.75|p_C=0.75|B=2|eps=0|95cf655c-5fe1-41ee-b5c6-acd2a4761507/ already exists.
./circuit_plots/Unrestricted Disentangled|Readout|CN=0|B0=2|B1=2|K=1280|L=320|p_B=0.75|p_C=0.75|B=2|eps=0|95cf655c-5fe1-41ee-b5c6-acd2a4761507/ already exists.
./circuit_plots/Unrestricted Disentangled|Readout|CN=0|B0=2|B1=2|K=1280|L=320|p_B=0.75|p_C=0.75|B=2|eps=0|95cf655c-5fe1-41ee-b5c6-acd2a4761507/ already exists.
./circuit_plots/Unrestricted Disentangled|Readout|CN=0|B0=2|B1=2|K=1280|L=320|p_B=0.75|p_C=0.75|B=2|eps=0|95cf655c-5fe1-41ee-b5c6-acd2a4761507/ already exists.
./circuit_plots/Unrestricted Disentangled|Readout|CN=0|B0=2|B1=2|K=1280|L=320|p_B=0.75|p_C=0.75|B=2|eps=0|95cf655c-5fe1-41ee-b5c6-acd2a4761507/ already exists.
./circuit_plots/Unrestricted Disentangled|Readout|CN=0|B0=2|B1=2|K=1280|L=320|p_B=0.75|p_C=0.75|B=2|eps=0|95cf655c-5fe1-41ee-b5c6-acd2a4761507/ already exists.
Epoch: 8900, Loss: 5.601512908935547
Test acc: 0.1393, IC acc: 0.0016, IC acc2: 0.0028, IW acc: 0.5679
Epoch: 8901, Loss: 5.573966026306152
Epoch: 8902, Loss: 5.6261138916015625
Epoch: 8903, Loss: 5.603434085845947
Epoch: 8904, Loss: 5.520209312438965
Epoch: 8905, Loss: 5.619694709777832
Epoch: 8906, Loss: 5.515336990356445
Epoch: 8907, Loss: 5.536297798156738
Epoch: 8908, Loss: 5.576650619506836
Epoch: 8909, Loss: 5.532052040100098
Epoch: 8910, Loss: 5.499398231506348
Test acc: 0.1395, IC acc: 0.0016, IC acc2: 0.0028, IW acc: 0.5681
Epoch: 8911, Loss: 5.629157066345215
Epoch: 8912, Loss: 5.493223667144775
Epoch: 8913, Loss: 5.564944267272949
Epoch: 8914, Loss: 5.610747814178467
Epoch: 8915, Loss: 5.606163501739502
Epoch: 8916, Loss: 5.602014064788818
Epoch: 8917, Loss: 5.565258026123047
Epoch: 8918, Loss: 5.601280212402344
Epoch: 8919, Loss: 5.531163215637207
Epoch: 8920, Loss: 5.608746528625488
Test acc: 0.1397, IC acc: 0.0016, IC acc2: 0.0028, IW acc: 0.5683
Epoch: 8921, Loss: 5.557040214538574
Epoch: 8922, Loss: 5.5860114097595215
Epoch: 8923, Loss: 5.530138969421387
Epoch: 8924, Loss: 5.570198059082031
Epoch: 8925, Loss: 5.5570502281188965
Epoch: 8926, Loss: 5.554991245269775
Epoch: 8927, Loss: 5.5243024826049805
Epoch: 8928, Loss: 5.652224540710449
Epoch: 8929, Loss: 5.5473480224609375
Epoch: 8930, Loss: 5.607717037200928
Test acc: 0.14, IC acc: 0.0016, IC acc2: 0.0028, IW acc: 0.5679
Epoch: 8931, Loss: 5.578828811645508
Epoch: 8932, Loss: 5.585653305053711
Epoch: 8933, Loss: 5.6035943031311035
Epoch: 8934, Loss: 5.550747871398926
Epoch: 8935, Loss: 5.595781326293945
Epoch: 8936, Loss: 5.563563823699951
Epoch: 8937, Loss: 5.619006633758545
Epoch: 8938, Loss: 5.66248083114624
Epoch: 8939, Loss: 5.553737640380859
Epoch: 8940, Loss: 5.61781120300293
Test acc: 0.1405, IC acc: 0.0016, IC acc2: 0.0028, IW acc: 0.5695
Epoch: 8941, Loss: 5.627256393432617
Epoch: 8942, Loss: 5.684520244598389
Epoch: 8943, Loss: 5.613659858703613
Epoch: 8944, Loss: 5.590254306793213
Epoch: 8945, Loss: 5.489447593688965
Epoch: 8946, Loss: 5.5511274337768555
Epoch: 8947, Loss: 5.544378280639648
Epoch: 8948, Loss: 5.584552764892578
Epoch: 8949, Loss: 5.498653888702393
./circuit_plots/Unrestricted Disentangled|Readout|CN=0|B0=2|B1=2|K=1280|L=320|p_B=0.75|p_C=0.75|B=2|eps=0|95cf655c-5fe1-41ee-b5c6-acd2a4761507/ already exists.
./circuit_plots/Unrestricted Disentangled|Readout|CN=0|B0=2|B1=2|K=1280|L=320|p_B=0.75|p_C=0.75|B=2|eps=0|95cf655c-5fe1-41ee-b5c6-acd2a4761507/ already exists.
./circuit_plots/Unrestricted Disentangled|Readout|CN=0|B0=2|B1=2|K=1280|L=320|p_B=0.75|p_C=0.75|B=2|eps=0|95cf655c-5fe1-41ee-b5c6-acd2a4761507/ already exists.
./circuit_plots/Unrestricted Disentangled|Readout|CN=0|B0=2|B1=2|K=1280|L=320|p_B=0.75|p_C=0.75|B=2|eps=0|95cf655c-5fe1-41ee-b5c6-acd2a4761507/ already exists.
./circuit_plots/Unrestricted Disentangled|Readout|CN=0|B0=2|B1=2|K=1280|L=320|p_B=0.75|p_C=0.75|B=2|eps=0|95cf655c-5fe1-41ee-b5c6-acd2a4761507/ already exists.
./circuit_plots/Unrestricted Disentangled|Readout|CN=0|B0=2|B1=2|K=1280|L=320|p_B=0.75|p_C=0.75|B=2|eps=0|95cf655c-5fe1-41ee-b5c6-acd2a4761507/ already exists.
./circuit_plots/Unrestricted Disentangled|Readout|CN=0|B0=2|B1=2|K=1280|L=320|p_B=0.75|p_C=0.75|B=2|eps=0|95cf655c-5fe1-41ee-b5c6-acd2a4761507/ already exists.
Epoch: 8950, Loss: 5.607799053192139
Test acc: 0.1404, IC acc: 0.0016, IC acc2: 0.0028, IW acc: 0.5693
Epoch: 8951, Loss: 5.6514811515808105
Epoch: 8952, Loss: 5.62689733505249
Epoch: 8953, Loss: 5.661226272583008
Epoch: 8954, Loss: 5.505527496337891
Epoch: 8955, Loss: 5.563276290893555
Epoch: 8956, Loss: 5.6328325271606445
Epoch: 8957, Loss: 5.644041061401367
Epoch: 8958, Loss: 5.592745780944824
Epoch: 8959, Loss: 5.5983476638793945
Epoch: 8960, Loss: 5.614739894866943
Test acc: 0.1408, IC acc: 0.0016, IC acc2: 0.0028, IW acc: 0.5715
Epoch: 8961, Loss: 5.578033447265625
Epoch: 8962, Loss: 5.587582111358643
Epoch: 8963, Loss: 5.632471561431885
Epoch: 8964, Loss: 5.569345474243164
Epoch: 8965, Loss: 5.632680416107178
Epoch: 8966, Loss: 5.5369367599487305
Epoch: 8967, Loss: 5.589779853820801
Epoch: 8968, Loss: 5.626850128173828
Epoch: 8969, Loss: 5.594347953796387
Epoch: 8970, Loss: 5.513543605804443
Test acc: 0.1403, IC acc: 0.0016, IC acc2: 0.0028, IW acc: 0.5703
Epoch: 8971, Loss: 5.619717597961426
Epoch: 8972, Loss: 5.547629356384277
Epoch: 8973, Loss: 5.557699203491211
Epoch: 8974, Loss: 5.5276947021484375
Epoch: 8975, Loss: 5.621944427490234
Epoch: 8976, Loss: 5.566434383392334
Epoch: 8977, Loss: 5.572701454162598
Epoch: 8978, Loss: 5.5687761306762695
Epoch: 8979, Loss: 5.444091796875
Epoch: 8980, Loss: 5.5772857666015625
Test acc: 0.1406, IC acc: 0.0016, IC acc2: 0.0028, IW acc: 0.5715
Epoch: 8981, Loss: 5.5085248947143555
Epoch: 8982, Loss: 5.594240188598633
Epoch: 8983, Loss: 5.624939918518066
Epoch: 8984, Loss: 5.578648567199707
Epoch: 8985, Loss: 5.574536323547363
Epoch: 8986, Loss: 5.5166015625
Epoch: 8987, Loss: 5.535620212554932
Epoch: 8988, Loss: 5.577043533325195
Epoch: 8989, Loss: 5.644679069519043
Epoch: 8990, Loss: 5.548050880432129
Test acc: 0.1412, IC acc: 0.0016, IC acc2: 0.0028, IW acc: 0.5733
Epoch: 8991, Loss: 5.553112983703613
Epoch: 8992, Loss: 5.527044296264648
Epoch: 8993, Loss: 5.585970878601074
Epoch: 8994, Loss: 5.580756664276123
Epoch: 8995, Loss: 5.6075215339660645
Epoch: 8996, Loss: 5.551774024963379
Epoch: 8997, Loss: 5.605632305145264
Epoch: 8998, Loss: 5.553994178771973
Epoch: 8999, Loss: 5.5776824951171875
./circuit_plots/Unrestricted Disentangled|Readout|CN=0|B0=2|B1=2|K=1280|L=320|p_B=0.75|p_C=0.75|B=2|eps=0|95cf655c-5fe1-41ee-b5c6-acd2a4761507/ already exists.
./circuit_plots/Unrestricted Disentangled|Readout|CN=0|B0=2|B1=2|K=1280|L=320|p_B=0.75|p_C=0.75|B=2|eps=0|95cf655c-5fe1-41ee-b5c6-acd2a4761507/ already exists.
./circuit_plots/Unrestricted Disentangled|Readout|CN=0|B0=2|B1=2|K=1280|L=320|p_B=0.75|p_C=0.75|B=2|eps=0|95cf655c-5fe1-41ee-b5c6-acd2a4761507/ already exists.
./circuit_plots/Unrestricted Disentangled|Readout|CN=0|B0=2|B1=2|K=1280|L=320|p_B=0.75|p_C=0.75|B=2|eps=0|95cf655c-5fe1-41ee-b5c6-acd2a4761507/ already exists.
./circuit_plots/Unrestricted Disentangled|Readout|CN=0|B0=2|B1=2|K=1280|L=320|p_B=0.75|p_C=0.75|B=2|eps=0|95cf655c-5fe1-41ee-b5c6-acd2a4761507/ already exists.
./circuit_plots/Unrestricted Disentangled|Readout|CN=0|B0=2|B1=2|K=1280|L=320|p_B=0.75|p_C=0.75|B=2|eps=0|95cf655c-5fe1-41ee-b5c6-acd2a4761507/ already exists.
./circuit_plots/Unrestricted Disentangled|Readout|CN=0|B0=2|B1=2|K=1280|L=320|p_B=0.75|p_C=0.75|B=2|eps=0|95cf655c-5fe1-41ee-b5c6-acd2a4761507/ already exists.
Epoch: 9000, Loss: 5.560482025146484
Test acc: 0.1412, IC acc: 0.0016, IC acc2: 0.0028, IW acc: 0.5733
Epoch: 9001, Loss: 5.595760345458984
Epoch: 9002, Loss: 5.581409931182861
Epoch: 9003, Loss: 5.655763149261475
Epoch: 9004, Loss: 5.533721923828125
Epoch: 9005, Loss: 5.585373878479004
Epoch: 9006, Loss: 5.600992202758789
Epoch: 9007, Loss: 5.551724910736084
Epoch: 9008, Loss: 5.5598883628845215
Epoch: 9009, Loss: 5.55808162689209
Epoch: 9010, Loss: 5.585585594177246
Test acc: 0.1399, IC acc: 0.0016, IC acc2: 0.0028, IW acc: 0.5705
Epoch: 9011, Loss: 5.516928672790527
Epoch: 9012, Loss: 5.5532755851745605
Epoch: 9013, Loss: 5.578855991363525
Epoch: 9014, Loss: 5.501797199249268
Epoch: 9015, Loss: 5.542301654815674
Epoch: 9016, Loss: 5.5624542236328125
Epoch: 9017, Loss: 5.622583389282227
Epoch: 9018, Loss: 5.492576599121094
Epoch: 9019, Loss: 5.601157188415527
Epoch: 9020, Loss: 5.515372276306152
Test acc: 0.1406, IC acc: 0.0016, IC acc2: 0.0028, IW acc: 0.572
Epoch: 9021, Loss: 5.633382797241211
Epoch: 9022, Loss: 5.501075744628906
Epoch: 9023, Loss: 5.596490383148193
Epoch: 9024, Loss: 5.650822162628174
Epoch: 9025, Loss: 5.563472747802734
Epoch: 9026, Loss: 5.527832984924316
Epoch: 9027, Loss: 5.613389015197754
Epoch: 9028, Loss: 5.644611358642578
Epoch: 9029, Loss: 5.536769866943359
Epoch: 9030, Loss: 5.507250785827637
Test acc: 0.1398, IC acc: 0.001, IC acc2: 0.0028, IW acc: 0.5729
Epoch: 9031, Loss: 5.584395408630371
Epoch: 9032, Loss: 5.656769752502441
Epoch: 9033, Loss: 5.568398952484131
Epoch: 9034, Loss: 5.5763630867004395
Epoch: 9035, Loss: 5.604311943054199
Epoch: 9036, Loss: 5.584704399108887
Epoch: 9037, Loss: 5.6794633865356445
Epoch: 9038, Loss: 5.534290790557861
Epoch: 9039, Loss: 5.6051836013793945
Epoch: 9040, Loss: 5.568484306335449
Test acc: 0.1411, IC acc: 0.001, IC acc2: 0.0028, IW acc: 0.5742
Epoch: 9041, Loss: 5.617044448852539
Epoch: 9042, Loss: 5.5348663330078125
Epoch: 9043, Loss: 5.499902725219727
Epoch: 9044, Loss: 5.593771934509277
Epoch: 9045, Loss: 5.547342777252197
Epoch: 9046, Loss: 5.507826805114746
Epoch: 9047, Loss: 5.619279861450195
Epoch: 9048, Loss: 5.522150993347168
Epoch: 9049, Loss: 5.500764846801758
./circuit_plots/Unrestricted Disentangled|Readout|CN=0|B0=2|B1=2|K=1280|L=320|p_B=0.75|p_C=0.75|B=2|eps=0|95cf655c-5fe1-41ee-b5c6-acd2a4761507/ already exists.
./circuit_plots/Unrestricted Disentangled|Readout|CN=0|B0=2|B1=2|K=1280|L=320|p_B=0.75|p_C=0.75|B=2|eps=0|95cf655c-5fe1-41ee-b5c6-acd2a4761507/ already exists.
./circuit_plots/Unrestricted Disentangled|Readout|CN=0|B0=2|B1=2|K=1280|L=320|p_B=0.75|p_C=0.75|B=2|eps=0|95cf655c-5fe1-41ee-b5c6-acd2a4761507/ already exists.
./circuit_plots/Unrestricted Disentangled|Readout|CN=0|B0=2|B1=2|K=1280|L=320|p_B=0.75|p_C=0.75|B=2|eps=0|95cf655c-5fe1-41ee-b5c6-acd2a4761507/ already exists.
./circuit_plots/Unrestricted Disentangled|Readout|CN=0|B0=2|B1=2|K=1280|L=320|p_B=0.75|p_C=0.75|B=2|eps=0|95cf655c-5fe1-41ee-b5c6-acd2a4761507/ already exists.
./circuit_plots/Unrestricted Disentangled|Readout|CN=0|B0=2|B1=2|K=1280|L=320|p_B=0.75|p_C=0.75|B=2|eps=0|95cf655c-5fe1-41ee-b5c6-acd2a4761507/ already exists.
./circuit_plots/Unrestricted Disentangled|Readout|CN=0|B0=2|B1=2|K=1280|L=320|p_B=0.75|p_C=0.75|B=2|eps=0|95cf655c-5fe1-41ee-b5c6-acd2a4761507/ already exists.
Epoch: 9050, Loss: 5.570055961608887
Test acc: 0.1418, IC acc: 0.0016, IC acc2: 0.0028, IW acc: 0.5771
Epoch: 9051, Loss: 5.623353004455566
Epoch: 9052, Loss: 5.561370372772217
Epoch: 9053, Loss: 5.506741523742676
Epoch: 9054, Loss: 5.502220630645752
Epoch: 9055, Loss: 5.476802825927734
Epoch: 9056, Loss: 5.559280872344971
Epoch: 9057, Loss: 5.593796730041504
Epoch: 9058, Loss: 5.47030782699585
Epoch: 9059, Loss: 5.505816459655762
Epoch: 9060, Loss: 5.530255317687988
Test acc: 0.141, IC acc: 0.001, IC acc2: 0.0028, IW acc: 0.5792
Epoch: 9061, Loss: 5.616436958312988
Epoch: 9062, Loss: 5.549120903015137
Epoch: 9063, Loss: 5.613792419433594
Epoch: 9064, Loss: 5.611476898193359
Epoch: 9065, Loss: 5.60389518737793
Epoch: 9066, Loss: 5.625025749206543
Epoch: 9067, Loss: 5.601921081542969
Epoch: 9068, Loss: 5.627747535705566
Epoch: 9069, Loss: 5.5215020179748535
Epoch: 9070, Loss: 5.584530353546143
Test acc: 0.1409, IC acc: 0.001, IC acc2: 0.0028, IW acc: 0.579
Epoch: 9071, Loss: 5.597515106201172
Epoch: 9072, Loss: 5.621389389038086
Epoch: 9073, Loss: 5.567831039428711
Epoch: 9074, Loss: 5.58638858795166
Epoch: 9075, Loss: 5.549092769622803
Epoch: 9076, Loss: 5.673800945281982
Epoch: 9077, Loss: 5.577719688415527
Epoch: 9078, Loss: 5.600011348724365
Epoch: 9079, Loss: 5.62466287612915
Epoch: 9080, Loss: 5.6163434982299805
Test acc: 0.1409, IC acc: 0.0016, IC acc2: 0.0028, IW acc: 0.5779
Epoch: 9081, Loss: 5.633953094482422
Epoch: 9082, Loss: 5.585757255554199
Epoch: 9083, Loss: 5.56771183013916
Epoch: 9084, Loss: 5.521409034729004
Epoch: 9085, Loss: 5.5956220626831055
Epoch: 9086, Loss: 5.578532695770264
Epoch: 9087, Loss: 5.443371772766113
Epoch: 9088, Loss: 5.500669479370117
Epoch: 9089, Loss: 5.547167778015137
Epoch: 9090, Loss: 5.498862266540527
Test acc: 0.1414, IC acc: 0.001, IC acc2: 0.0028, IW acc: 0.5799
Epoch: 9091, Loss: 5.593778133392334
Epoch: 9092, Loss: 5.543423652648926
Epoch: 9093, Loss: 5.5937676429748535
Epoch: 9094, Loss: 5.565708160400391
Epoch: 9095, Loss: 5.646509170532227
Epoch: 9096, Loss: 5.533197402954102
Epoch: 9097, Loss: 5.626201629638672
Epoch: 9098, Loss: 5.628617286682129
Epoch: 9099, Loss: 5.481081962585449
./circuit_plots/Unrestricted Disentangled|Readout|CN=0|B0=2|B1=2|K=1280|L=320|p_B=0.75|p_C=0.75|B=2|eps=0|95cf655c-5fe1-41ee-b5c6-acd2a4761507/ already exists.
./circuit_plots/Unrestricted Disentangled|Readout|CN=0|B0=2|B1=2|K=1280|L=320|p_B=0.75|p_C=0.75|B=2|eps=0|95cf655c-5fe1-41ee-b5c6-acd2a4761507/ already exists.
./circuit_plots/Unrestricted Disentangled|Readout|CN=0|B0=2|B1=2|K=1280|L=320|p_B=0.75|p_C=0.75|B=2|eps=0|95cf655c-5fe1-41ee-b5c6-acd2a4761507/ already exists.
./circuit_plots/Unrestricted Disentangled|Readout|CN=0|B0=2|B1=2|K=1280|L=320|p_B=0.75|p_C=0.75|B=2|eps=0|95cf655c-5fe1-41ee-b5c6-acd2a4761507/ already exists.
./circuit_plots/Unrestricted Disentangled|Readout|CN=0|B0=2|B1=2|K=1280|L=320|p_B=0.75|p_C=0.75|B=2|eps=0|95cf655c-5fe1-41ee-b5c6-acd2a4761507/ already exists.
./circuit_plots/Unrestricted Disentangled|Readout|CN=0|B0=2|B1=2|K=1280|L=320|p_B=0.75|p_C=0.75|B=2|eps=0|95cf655c-5fe1-41ee-b5c6-acd2a4761507/ already exists.
./circuit_plots/Unrestricted Disentangled|Readout|CN=0|B0=2|B1=2|K=1280|L=320|p_B=0.75|p_C=0.75|B=2|eps=0|95cf655c-5fe1-41ee-b5c6-acd2a4761507/ already exists.
Epoch: 9100, Loss: 5.544243335723877
Test acc: 0.141, IC acc: 0.001, IC acc2: 0.0028, IW acc: 0.5785
Epoch: 9101, Loss: 5.57373046875
Epoch: 9102, Loss: 5.562288284301758
Epoch: 9103, Loss: 5.603427886962891
Epoch: 9104, Loss: 5.570436477661133
Epoch: 9105, Loss: 5.515520095825195
Epoch: 9106, Loss: 5.576024055480957
Epoch: 9107, Loss: 5.560814380645752
Epoch: 9108, Loss: 5.479860305786133
Epoch: 9109, Loss: 5.63165807723999
Epoch: 9110, Loss: 5.617758750915527
Test acc: 0.1415, IC acc: 0.001, IC acc2: 0.0028, IW acc: 0.5811
Epoch: 9111, Loss: 5.542985916137695
Epoch: 9112, Loss: 5.642269134521484
Epoch: 9113, Loss: 5.5771894454956055
Epoch: 9114, Loss: 5.523317337036133
Epoch: 9115, Loss: 5.571240425109863
Epoch: 9116, Loss: 5.661275863647461
Epoch: 9117, Loss: 5.67678165435791
Epoch: 9118, Loss: 5.584186553955078
Epoch: 9119, Loss: 5.471598148345947
Epoch: 9120, Loss: 5.519163131713867
Test acc: 0.1414, IC acc: 0.001, IC acc2: 0.0028, IW acc: 0.5804
Epoch: 9121, Loss: 5.675992488861084
Epoch: 9122, Loss: 5.603466510772705
Epoch: 9123, Loss: 5.602876663208008
Epoch: 9124, Loss: 5.596017360687256
Epoch: 9125, Loss: 5.558789253234863
Epoch: 9126, Loss: 5.5025715827941895
Epoch: 9127, Loss: 5.5547075271606445
Epoch: 9128, Loss: 5.586760997772217
Epoch: 9129, Loss: 5.65564489364624
Epoch: 9130, Loss: 5.620304107666016
Test acc: 0.1421, IC acc: 0.001, IC acc2: 0.0028, IW acc: 0.5822
Epoch: 9131, Loss: 5.568048477172852
Epoch: 9132, Loss: 5.642906665802002
Epoch: 9133, Loss: 5.559787750244141
Epoch: 9134, Loss: 5.605581283569336
Epoch: 9135, Loss: 5.555661201477051
Epoch: 9136, Loss: 5.617156028747559
Epoch: 9137, Loss: 5.647377967834473
Epoch: 9138, Loss: 5.6087846755981445
Epoch: 9139, Loss: 5.567226409912109
Epoch: 9140, Loss: 5.62401819229126
Test acc: 0.1421, IC acc: 0.001, IC acc2: 0.0028, IW acc: 0.5822
Epoch: 9141, Loss: 5.545712947845459
Epoch: 9142, Loss: 5.522697448730469
Epoch: 9143, Loss: 5.656874179840088
Epoch: 9144, Loss: 5.606500625610352
Epoch: 9145, Loss: 5.596529960632324
Epoch: 9146, Loss: 5.501400470733643
Epoch: 9147, Loss: 5.548275470733643
Epoch: 9148, Loss: 5.620892524719238
Epoch: 9149, Loss: 5.6195526123046875
./circuit_plots/Unrestricted Disentangled|Readout|CN=0|B0=2|B1=2|K=1280|L=320|p_B=0.75|p_C=0.75|B=2|eps=0|95cf655c-5fe1-41ee-b5c6-acd2a4761507/ already exists.
./circuit_plots/Unrestricted Disentangled|Readout|CN=0|B0=2|B1=2|K=1280|L=320|p_B=0.75|p_C=0.75|B=2|eps=0|95cf655c-5fe1-41ee-b5c6-acd2a4761507/ already exists.
./circuit_plots/Unrestricted Disentangled|Readout|CN=0|B0=2|B1=2|K=1280|L=320|p_B=0.75|p_C=0.75|B=2|eps=0|95cf655c-5fe1-41ee-b5c6-acd2a4761507/ already exists.
./circuit_plots/Unrestricted Disentangled|Readout|CN=0|B0=2|B1=2|K=1280|L=320|p_B=0.75|p_C=0.75|B=2|eps=0|95cf655c-5fe1-41ee-b5c6-acd2a4761507/ already exists.
./circuit_plots/Unrestricted Disentangled|Readout|CN=0|B0=2|B1=2|K=1280|L=320|p_B=0.75|p_C=0.75|B=2|eps=0|95cf655c-5fe1-41ee-b5c6-acd2a4761507/ already exists.
./circuit_plots/Unrestricted Disentangled|Readout|CN=0|B0=2|B1=2|K=1280|L=320|p_B=0.75|p_C=0.75|B=2|eps=0|95cf655c-5fe1-41ee-b5c6-acd2a4761507/ already exists.
./circuit_plots/Unrestricted Disentangled|Readout|CN=0|B0=2|B1=2|K=1280|L=320|p_B=0.75|p_C=0.75|B=2|eps=0|95cf655c-5fe1-41ee-b5c6-acd2a4761507/ already exists.
Epoch: 9150, Loss: 5.4633307456970215
Test acc: 0.142, IC acc: 0.001, IC acc2: 0.0028, IW acc: 0.5829
Epoch: 9151, Loss: 5.525053977966309
Epoch: 9152, Loss: 5.618734836578369
Epoch: 9153, Loss: 5.602465629577637
Epoch: 9154, Loss: 5.579857349395752
Epoch: 9155, Loss: 5.626131057739258
Epoch: 9156, Loss: 5.586750507354736
Epoch: 9157, Loss: 5.643097877502441
Epoch: 9158, Loss: 5.63416051864624
Epoch: 9159, Loss: 5.603878974914551
Epoch: 9160, Loss: 5.664066314697266
Test acc: 0.1413, IC acc: 0.0016, IC acc2: 0.0028, IW acc: 0.5808
Epoch: 9161, Loss: 5.580986022949219
Epoch: 9162, Loss: 5.542763710021973
Epoch: 9163, Loss: 5.576980113983154
Epoch: 9164, Loss: 5.547308444976807
Epoch: 9165, Loss: 5.5593671798706055
Epoch: 9166, Loss: 5.558349609375
Epoch: 9167, Loss: 5.609088897705078
Epoch: 9168, Loss: 5.580273628234863
Epoch: 9169, Loss: 5.593655586242676
Epoch: 9170, Loss: 5.624372482299805
Test acc: 0.1412, IC acc: 0.001, IC acc2: 0.0028, IW acc: 0.5805
Epoch: 9171, Loss: 5.618030548095703
Epoch: 9172, Loss: 5.610726833343506
Epoch: 9173, Loss: 5.544360160827637
Epoch: 9174, Loss: 5.568413257598877
Epoch: 9175, Loss: 5.569060802459717
Epoch: 9176, Loss: 5.600921630859375
Epoch: 9177, Loss: 5.623654365539551
Epoch: 9178, Loss: 5.635486602783203
Epoch: 9179, Loss: 5.619626045227051
Epoch: 9180, Loss: 5.558650970458984
Test acc: 0.1413, IC acc: 0.001, IC acc2: 0.0028, IW acc: 0.5823
Epoch: 9181, Loss: 5.54514217376709
Epoch: 9182, Loss: 5.515459060668945
Epoch: 9183, Loss: 5.547167778015137
Epoch: 9184, Loss: 5.511536598205566
Epoch: 9185, Loss: 5.621143817901611
Epoch: 9186, Loss: 5.515052795410156
Epoch: 9187, Loss: 5.530481338500977
Epoch: 9188, Loss: 5.582205772399902
Epoch: 9189, Loss: 5.630965232849121
Epoch: 9190, Loss: 5.624025821685791
Test acc: 0.1415, IC acc: 0.001, IC acc2: 0.0028, IW acc: 0.5822
Epoch: 9191, Loss: 5.591282844543457
Epoch: 9192, Loss: 5.628518104553223
Epoch: 9193, Loss: 5.59799337387085
Epoch: 9194, Loss: 5.576866149902344
Epoch: 9195, Loss: 5.643890857696533
Epoch: 9196, Loss: 5.689852237701416
Epoch: 9197, Loss: 5.565955638885498
Epoch: 9198, Loss: 5.57265567779541
Epoch: 9199, Loss: 5.527716636657715
./circuit_plots/Unrestricted Disentangled|Readout|CN=0|B0=2|B1=2|K=1280|L=320|p_B=0.75|p_C=0.75|B=2|eps=0|95cf655c-5fe1-41ee-b5c6-acd2a4761507/ already exists.
./circuit_plots/Unrestricted Disentangled|Readout|CN=0|B0=2|B1=2|K=1280|L=320|p_B=0.75|p_C=0.75|B=2|eps=0|95cf655c-5fe1-41ee-b5c6-acd2a4761507/ already exists.
./circuit_plots/Unrestricted Disentangled|Readout|CN=0|B0=2|B1=2|K=1280|L=320|p_B=0.75|p_C=0.75|B=2|eps=0|95cf655c-5fe1-41ee-b5c6-acd2a4761507/ already exists.
./circuit_plots/Unrestricted Disentangled|Readout|CN=0|B0=2|B1=2|K=1280|L=320|p_B=0.75|p_C=0.75|B=2|eps=0|95cf655c-5fe1-41ee-b5c6-acd2a4761507/ already exists.
./circuit_plots/Unrestricted Disentangled|Readout|CN=0|B0=2|B1=2|K=1280|L=320|p_B=0.75|p_C=0.75|B=2|eps=0|95cf655c-5fe1-41ee-b5c6-acd2a4761507/ already exists.
./circuit_plots/Unrestricted Disentangled|Readout|CN=0|B0=2|B1=2|K=1280|L=320|p_B=0.75|p_C=0.75|B=2|eps=0|95cf655c-5fe1-41ee-b5c6-acd2a4761507/ already exists.
./circuit_plots/Unrestricted Disentangled|Readout|CN=0|B0=2|B1=2|K=1280|L=320|p_B=0.75|p_C=0.75|B=2|eps=0|95cf655c-5fe1-41ee-b5c6-acd2a4761507/ already exists.
Epoch: 9200, Loss: 5.526130676269531
Test acc: 0.1416, IC acc: 0.001, IC acc2: 0.0028, IW acc: 0.5829
Epoch: 9201, Loss: 5.6398749351501465
Epoch: 9202, Loss: 5.544921875
Epoch: 9203, Loss: 5.586665630340576
Epoch: 9204, Loss: 5.530036926269531
Epoch: 9205, Loss: 5.671256065368652
Epoch: 9206, Loss: 5.545166015625
Epoch: 9207, Loss: 5.522571563720703
Epoch: 9208, Loss: 5.569389343261719
Epoch: 9209, Loss: 5.58325719833374
Epoch: 9210, Loss: 5.546363830566406
Test acc: 0.1422, IC acc: 0.001, IC acc2: 0.0028, IW acc: 0.5834
Epoch: 9211, Loss: 5.615100860595703
Epoch: 9212, Loss: 5.5769572257995605
Epoch: 9213, Loss: 5.539541244506836
Epoch: 9214, Loss: 5.598865509033203
Epoch: 9215, Loss: 5.535608768463135
Epoch: 9216, Loss: 5.532697677612305
Epoch: 9217, Loss: 5.527188777923584
Epoch: 9218, Loss: 5.487663269042969
Epoch: 9219, Loss: 5.4619526863098145
Epoch: 9220, Loss: 5.594119071960449
Test acc: 0.1425, IC acc: 0.001, IC acc2: 0.0028, IW acc: 0.5849
Epoch: 9221, Loss: 5.600460052490234
Epoch: 9222, Loss: 5.541478157043457
Epoch: 9223, Loss: 5.603679656982422
Epoch: 9224, Loss: 5.581769943237305
Epoch: 9225, Loss: 5.603890419006348
Epoch: 9226, Loss: 5.5778913497924805
Epoch: 9227, Loss: 5.5645294189453125
Epoch: 9228, Loss: 5.500011444091797
Epoch: 9229, Loss: 5.600667953491211
Epoch: 9230, Loss: 5.5831170082092285
Test acc: 0.1429, IC acc: 0.001, IC acc2: 0.0028, IW acc: 0.5842
Epoch: 9231, Loss: 5.540685653686523
Epoch: 9232, Loss: 5.597024917602539
Epoch: 9233, Loss: 5.65529727935791
Epoch: 9234, Loss: 5.633539199829102
Epoch: 9235, Loss: 5.611114501953125
Epoch: 9236, Loss: 5.530585289001465
Epoch: 9237, Loss: 5.546158790588379
Epoch: 9238, Loss: 5.677791595458984
Epoch: 9239, Loss: 5.582130432128906
Epoch: 9240, Loss: 5.542328834533691
Test acc: 0.1432, IC acc: 0.001, IC acc2: 0.0028, IW acc: 0.5852
Epoch: 9241, Loss: 5.562620639801025
Epoch: 9242, Loss: 5.520228385925293
Epoch: 9243, Loss: 5.534218788146973
Epoch: 9244, Loss: 5.454925537109375
Epoch: 9245, Loss: 5.551990509033203
Epoch: 9246, Loss: 5.607956409454346
Epoch: 9247, Loss: 5.615211009979248
Epoch: 9248, Loss: 5.477323055267334
Epoch: 9249, Loss: 5.614141464233398
./circuit_plots/Unrestricted Disentangled|Readout|CN=0|B0=2|B1=2|K=1280|L=320|p_B=0.75|p_C=0.75|B=2|eps=0|95cf655c-5fe1-41ee-b5c6-acd2a4761507/ already exists.
./circuit_plots/Unrestricted Disentangled|Readout|CN=0|B0=2|B1=2|K=1280|L=320|p_B=0.75|p_C=0.75|B=2|eps=0|95cf655c-5fe1-41ee-b5c6-acd2a4761507/ already exists.
./circuit_plots/Unrestricted Disentangled|Readout|CN=0|B0=2|B1=2|K=1280|L=320|p_B=0.75|p_C=0.75|B=2|eps=0|95cf655c-5fe1-41ee-b5c6-acd2a4761507/ already exists.
./circuit_plots/Unrestricted Disentangled|Readout|CN=0|B0=2|B1=2|K=1280|L=320|p_B=0.75|p_C=0.75|B=2|eps=0|95cf655c-5fe1-41ee-b5c6-acd2a4761507/ already exists.
./circuit_plots/Unrestricted Disentangled|Readout|CN=0|B0=2|B1=2|K=1280|L=320|p_B=0.75|p_C=0.75|B=2|eps=0|95cf655c-5fe1-41ee-b5c6-acd2a4761507/ already exists.
./circuit_plots/Unrestricted Disentangled|Readout|CN=0|B0=2|B1=2|K=1280|L=320|p_B=0.75|p_C=0.75|B=2|eps=0|95cf655c-5fe1-41ee-b5c6-acd2a4761507/ already exists.
./circuit_plots/Unrestricted Disentangled|Readout|CN=0|B0=2|B1=2|K=1280|L=320|p_B=0.75|p_C=0.75|B=2|eps=0|95cf655c-5fe1-41ee-b5c6-acd2a4761507/ already exists.
Epoch: 9250, Loss: 5.510259628295898
Test acc: 0.1436, IC acc: 0.001, IC acc2: 0.0028, IW acc: 0.5862
Epoch: 9251, Loss: 5.533960342407227
Epoch: 9252, Loss: 5.613675594329834
Epoch: 9253, Loss: 5.5134382247924805
Epoch: 9254, Loss: 5.62015438079834
Epoch: 9255, Loss: 5.559934616088867
Epoch: 9256, Loss: 5.566471099853516
Epoch: 9257, Loss: 5.6034040451049805
Epoch: 9258, Loss: 5.57591438293457
Epoch: 9259, Loss: 5.569630146026611
Epoch: 9260, Loss: 5.594005584716797
Test acc: 0.1434, IC acc: 0.001, IC acc2: 0.0028, IW acc: 0.5864
Epoch: 9261, Loss: 5.517232418060303
Epoch: 9262, Loss: 5.486741065979004
Epoch: 9263, Loss: 5.553071975708008
Epoch: 9264, Loss: 5.434703826904297
Epoch: 9265, Loss: 5.574922561645508
Epoch: 9266, Loss: 5.598636150360107
Epoch: 9267, Loss: 5.588901042938232
Epoch: 9268, Loss: 5.574315071105957
Epoch: 9269, Loss: 5.585282802581787
Epoch: 9270, Loss: 5.563582420349121
Test acc: 0.144, IC acc: 0.001, IC acc2: 0.0028, IW acc: 0.5887
Epoch: 9271, Loss: 5.578630447387695
Epoch: 9272, Loss: 5.619426727294922
Epoch: 9273, Loss: 5.611365795135498
Epoch: 9274, Loss: 5.532551288604736
Epoch: 9275, Loss: 5.626177787780762
Epoch: 9276, Loss: 5.6052751541137695
Epoch: 9277, Loss: 5.532073020935059
Epoch: 9278, Loss: 5.67301607131958
Epoch: 9279, Loss: 5.528599262237549
Epoch: 9280, Loss: 5.628740310668945
Test acc: 0.144, IC acc: 0.001, IC acc2: 0.0028, IW acc: 0.5893
Epoch: 9281, Loss: 5.60549259185791
Epoch: 9282, Loss: 5.581254959106445
Epoch: 9283, Loss: 5.528635025024414
Epoch: 9284, Loss: 5.59701681137085
Epoch: 9285, Loss: 5.490615367889404
Epoch: 9286, Loss: 5.525511741638184
Epoch: 9287, Loss: 5.59740686416626
Epoch: 9288, Loss: 5.667720794677734
Epoch: 9289, Loss: 5.54158353805542
Epoch: 9290, Loss: 5.565534591674805
Test acc: 0.1443, IC acc: 0.001, IC acc2: 0.0028, IW acc: 0.5899
Epoch: 9291, Loss: 5.503849983215332
Epoch: 9292, Loss: 5.613699913024902
Epoch: 9293, Loss: 5.53090763092041
Epoch: 9294, Loss: 5.507283687591553
Epoch: 9295, Loss: 5.620952606201172
Epoch: 9296, Loss: 5.630743980407715
Epoch: 9297, Loss: 5.592221736907959
Epoch: 9298, Loss: 5.585144996643066
Epoch: 9299, Loss: 5.565364360809326
./circuit_plots/Unrestricted Disentangled|Readout|CN=0|B0=2|B1=2|K=1280|L=320|p_B=0.75|p_C=0.75|B=2|eps=0|95cf655c-5fe1-41ee-b5c6-acd2a4761507/ already exists.
./circuit_plots/Unrestricted Disentangled|Readout|CN=0|B0=2|B1=2|K=1280|L=320|p_B=0.75|p_C=0.75|B=2|eps=0|95cf655c-5fe1-41ee-b5c6-acd2a4761507/ already exists.
./circuit_plots/Unrestricted Disentangled|Readout|CN=0|B0=2|B1=2|K=1280|L=320|p_B=0.75|p_C=0.75|B=2|eps=0|95cf655c-5fe1-41ee-b5c6-acd2a4761507/ already exists.
./circuit_plots/Unrestricted Disentangled|Readout|CN=0|B0=2|B1=2|K=1280|L=320|p_B=0.75|p_C=0.75|B=2|eps=0|95cf655c-5fe1-41ee-b5c6-acd2a4761507/ already exists.
./circuit_plots/Unrestricted Disentangled|Readout|CN=0|B0=2|B1=2|K=1280|L=320|p_B=0.75|p_C=0.75|B=2|eps=0|95cf655c-5fe1-41ee-b5c6-acd2a4761507/ already exists.
./circuit_plots/Unrestricted Disentangled|Readout|CN=0|B0=2|B1=2|K=1280|L=320|p_B=0.75|p_C=0.75|B=2|eps=0|95cf655c-5fe1-41ee-b5c6-acd2a4761507/ already exists.
./circuit_plots/Unrestricted Disentangled|Readout|CN=0|B0=2|B1=2|K=1280|L=320|p_B=0.75|p_C=0.75|B=2|eps=0|95cf655c-5fe1-41ee-b5c6-acd2a4761507/ already exists.
Epoch: 9300, Loss: 5.573098182678223
Test acc: 0.1449, IC acc: 0.001, IC acc2: 0.0028, IW acc: 0.592
Epoch: 9301, Loss: 5.588799953460693
Epoch: 9302, Loss: 5.597987174987793
Epoch: 9303, Loss: 5.592432022094727
Epoch: 9304, Loss: 5.495917320251465
Epoch: 9305, Loss: 5.606176376342773
Epoch: 9306, Loss: 5.538280487060547
Epoch: 9307, Loss: 5.635968208312988
Epoch: 9308, Loss: 5.573607444763184
Epoch: 9309, Loss: 5.6239094734191895
Epoch: 9310, Loss: 5.630636215209961
Test acc: 0.1452, IC acc: 0.001, IC acc2: 0.0028, IW acc: 0.5927
Epoch: 9311, Loss: 5.597357749938965
Epoch: 9312, Loss: 5.5908403396606445
Epoch: 9313, Loss: 5.546031475067139
Epoch: 9314, Loss: 5.5756072998046875
Epoch: 9315, Loss: 5.502564430236816
Epoch: 9316, Loss: 5.599574089050293
Epoch: 9317, Loss: 5.6025543212890625
Epoch: 9318, Loss: 5.560504913330078
Epoch: 9319, Loss: 5.582212448120117
Epoch: 9320, Loss: 5.575769424438477
Test acc: 0.1446, IC acc: 0.001, IC acc2: 0.0028, IW acc: 0.5925
Epoch: 9321, Loss: 5.5505828857421875
Epoch: 9322, Loss: 5.568063735961914
Epoch: 9323, Loss: 5.5932817459106445
Epoch: 9324, Loss: 5.606044292449951
Epoch: 9325, Loss: 5.597259998321533
Epoch: 9326, Loss: 5.508563041687012
Epoch: 9327, Loss: 5.62302303314209
Epoch: 9328, Loss: 5.582015037536621
Epoch: 9329, Loss: 5.564359664916992
Epoch: 9330, Loss: 5.5942063331604
Test acc: 0.1457, IC acc: 0.001, IC acc2: 0.0028, IW acc: 0.5951
Epoch: 9331, Loss: 5.644522666931152
Epoch: 9332, Loss: 5.533294677734375
Epoch: 9333, Loss: 5.607102394104004
Epoch: 9334, Loss: 5.623136043548584
Epoch: 9335, Loss: 5.550296306610107
Epoch: 9336, Loss: 5.562254428863525
Epoch: 9337, Loss: 5.55099630355835
Epoch: 9338, Loss: 5.551477909088135
Epoch: 9339, Loss: 5.580129623413086
Epoch: 9340, Loss: 5.538640975952148
Test acc: 0.1462, IC acc: 0.001, IC acc2: 0.0028, IW acc: 0.5968
Epoch: 9341, Loss: 5.6237592697143555
Epoch: 9342, Loss: 5.6010026931762695
Epoch: 9343, Loss: 5.569928169250488
Epoch: 9344, Loss: 5.568441390991211
Epoch: 9345, Loss: 5.646727561950684
Epoch: 9346, Loss: 5.536767959594727
Epoch: 9347, Loss: 5.47139835357666
Epoch: 9348, Loss: 5.535775661468506
Epoch: 9349, Loss: 5.508059978485107
./circuit_plots/Unrestricted Disentangled|Readout|CN=0|B0=2|B1=2|K=1280|L=320|p_B=0.75|p_C=0.75|B=2|eps=0|95cf655c-5fe1-41ee-b5c6-acd2a4761507/ already exists.
./circuit_plots/Unrestricted Disentangled|Readout|CN=0|B0=2|B1=2|K=1280|L=320|p_B=0.75|p_C=0.75|B=2|eps=0|95cf655c-5fe1-41ee-b5c6-acd2a4761507/ already exists.
./circuit_plots/Unrestricted Disentangled|Readout|CN=0|B0=2|B1=2|K=1280|L=320|p_B=0.75|p_C=0.75|B=2|eps=0|95cf655c-5fe1-41ee-b5c6-acd2a4761507/ already exists.
./circuit_plots/Unrestricted Disentangled|Readout|CN=0|B0=2|B1=2|K=1280|L=320|p_B=0.75|p_C=0.75|B=2|eps=0|95cf655c-5fe1-41ee-b5c6-acd2a4761507/ already exists.
./circuit_plots/Unrestricted Disentangled|Readout|CN=0|B0=2|B1=2|K=1280|L=320|p_B=0.75|p_C=0.75|B=2|eps=0|95cf655c-5fe1-41ee-b5c6-acd2a4761507/ already exists.
./circuit_plots/Unrestricted Disentangled|Readout|CN=0|B0=2|B1=2|K=1280|L=320|p_B=0.75|p_C=0.75|B=2|eps=0|95cf655c-5fe1-41ee-b5c6-acd2a4761507/ already exists.
./circuit_plots/Unrestricted Disentangled|Readout|CN=0|B0=2|B1=2|K=1280|L=320|p_B=0.75|p_C=0.75|B=2|eps=0|95cf655c-5fe1-41ee-b5c6-acd2a4761507/ already exists.
Epoch: 9350, Loss: 5.6158833503723145
Test acc: 0.1453, IC acc: 0.001, IC acc2: 0.0028, IW acc: 0.5956
Epoch: 9351, Loss: 5.605574131011963
Epoch: 9352, Loss: 5.5525946617126465
Epoch: 9353, Loss: 5.609303951263428
Epoch: 9354, Loss: 5.508870601654053
Epoch: 9355, Loss: 5.547369956970215
Epoch: 9356, Loss: 5.619424343109131
Epoch: 9357, Loss: 5.566334247589111
Epoch: 9358, Loss: 5.523204803466797
Epoch: 9359, Loss: 5.541570663452148
Epoch: 9360, Loss: 5.603240013122559
Test acc: 0.1455, IC acc: 0.001, IC acc2: 0.0028, IW acc: 0.5963
Epoch: 9361, Loss: 5.612850189208984
Epoch: 9362, Loss: 5.613934516906738
Epoch: 9363, Loss: 5.4567155838012695
Epoch: 9364, Loss: 5.494274139404297
Epoch: 9365, Loss: 5.575219631195068
Epoch: 9366, Loss: 5.504620552062988
Epoch: 9367, Loss: 5.573343753814697
Epoch: 9368, Loss: 5.557873725891113
Epoch: 9369, Loss: 5.561168670654297
Epoch: 9370, Loss: 5.56821870803833
Test acc: 0.1458, IC acc: 0.001, IC acc2: 0.0028, IW acc: 0.5958
Epoch: 9371, Loss: 5.481386184692383
Epoch: 9372, Loss: 5.579257965087891
Epoch: 9373, Loss: 5.579648494720459
Epoch: 9374, Loss: 5.575307846069336
Epoch: 9375, Loss: 5.645834922790527
Epoch: 9376, Loss: 5.552793979644775
Epoch: 9377, Loss: 5.541239261627197
Epoch: 9378, Loss: 5.53878116607666
Epoch: 9379, Loss: 5.616813659667969
Epoch: 9380, Loss: 5.621147155761719
Test acc: 0.1462, IC acc: 0.001, IC acc2: 0.0028, IW acc: 0.5976
Epoch: 9381, Loss: 5.503389358520508
Epoch: 9382, Loss: 5.513064384460449
Epoch: 9383, Loss: 5.481789588928223
Epoch: 9384, Loss: 5.559196472167969
Epoch: 9385, Loss: 5.5962629318237305
Epoch: 9386, Loss: 5.57226037979126
Epoch: 9387, Loss: 5.549417972564697
Epoch: 9388, Loss: 5.502568244934082
Epoch: 9389, Loss: 5.563599109649658
Epoch: 9390, Loss: 5.627083778381348
Test acc: 0.1472, IC acc: 0.001, IC acc2: 0.0028, IW acc: 0.5992
Epoch: 9391, Loss: 5.534097194671631
Epoch: 9392, Loss: 5.547153949737549
Epoch: 9393, Loss: 5.6048264503479
Epoch: 9394, Loss: 5.617265701293945
Epoch: 9395, Loss: 5.630309104919434
Epoch: 9396, Loss: 5.6099748611450195
Epoch: 9397, Loss: 5.5926194190979
Epoch: 9398, Loss: 5.593032360076904
Epoch: 9399, Loss: 5.584997653961182
./circuit_plots/Unrestricted Disentangled|Readout|CN=0|B0=2|B1=2|K=1280|L=320|p_B=0.75|p_C=0.75|B=2|eps=0|95cf655c-5fe1-41ee-b5c6-acd2a4761507/ already exists.
./circuit_plots/Unrestricted Disentangled|Readout|CN=0|B0=2|B1=2|K=1280|L=320|p_B=0.75|p_C=0.75|B=2|eps=0|95cf655c-5fe1-41ee-b5c6-acd2a4761507/ already exists.
./circuit_plots/Unrestricted Disentangled|Readout|CN=0|B0=2|B1=2|K=1280|L=320|p_B=0.75|p_C=0.75|B=2|eps=0|95cf655c-5fe1-41ee-b5c6-acd2a4761507/ already exists.
./circuit_plots/Unrestricted Disentangled|Readout|CN=0|B0=2|B1=2|K=1280|L=320|p_B=0.75|p_C=0.75|B=2|eps=0|95cf655c-5fe1-41ee-b5c6-acd2a4761507/ already exists.
./circuit_plots/Unrestricted Disentangled|Readout|CN=0|B0=2|B1=2|K=1280|L=320|p_B=0.75|p_C=0.75|B=2|eps=0|95cf655c-5fe1-41ee-b5c6-acd2a4761507/ already exists.
./circuit_plots/Unrestricted Disentangled|Readout|CN=0|B0=2|B1=2|K=1280|L=320|p_B=0.75|p_C=0.75|B=2|eps=0|95cf655c-5fe1-41ee-b5c6-acd2a4761507/ already exists.
./circuit_plots/Unrestricted Disentangled|Readout|CN=0|B0=2|B1=2|K=1280|L=320|p_B=0.75|p_C=0.75|B=2|eps=0|95cf655c-5fe1-41ee-b5c6-acd2a4761507/ already exists.
Epoch: 9400, Loss: 5.5738067626953125
Test acc: 0.1459, IC acc: 0.001, IC acc2: 0.0028, IW acc: 0.5971
Epoch: 9401, Loss: 5.564352512359619
Epoch: 9402, Loss: 5.467588424682617
Epoch: 9403, Loss: 5.580892562866211
Epoch: 9404, Loss: 5.512777328491211
Epoch: 9405, Loss: 5.576728343963623
Epoch: 9406, Loss: 5.591684341430664
Epoch: 9407, Loss: 5.560632228851318
Epoch: 9408, Loss: 5.5400309562683105
Epoch: 9409, Loss: 5.506810188293457
Epoch: 9410, Loss: 5.6096343994140625
Test acc: 0.1461, IC acc: 0.001, IC acc2: 0.0028, IW acc: 0.5983
Epoch: 9411, Loss: 5.546348571777344
Epoch: 9412, Loss: 5.580788612365723
Epoch: 9413, Loss: 5.614078521728516
Epoch: 9414, Loss: 5.615583419799805
Epoch: 9415, Loss: 5.6446123123168945
Epoch: 9416, Loss: 5.508301258087158
Epoch: 9417, Loss: 5.587157726287842
Epoch: 9418, Loss: 5.629480361938477
Epoch: 9419, Loss: 5.525094032287598
Epoch: 9420, Loss: 5.6201934814453125
Test acc: 0.1466, IC acc: 0.001, IC acc2: 0.0028, IW acc: 0.6006
Epoch: 9421, Loss: 5.550515174865723
Epoch: 9422, Loss: 5.58170747756958
Epoch: 9423, Loss: 5.589319229125977
Epoch: 9424, Loss: 5.552879333496094
Epoch: 9425, Loss: 5.626964569091797
Epoch: 9426, Loss: 5.518531322479248
Epoch: 9427, Loss: 5.58344841003418
Epoch: 9428, Loss: 5.541786193847656
Epoch: 9429, Loss: 5.573895454406738
Epoch: 9430, Loss: 5.5148725509643555
Test acc: 0.146, IC acc: 0.002, IC acc2: 0.0028, IW acc: 0.5985
Epoch: 9431, Loss: 5.576933860778809
Epoch: 9432, Loss: 5.5622944831848145
Epoch: 9433, Loss: 5.60819149017334
Epoch: 9434, Loss: 5.571285724639893
Epoch: 9435, Loss: 5.606055736541748
Epoch: 9436, Loss: 5.566972255706787
Epoch: 9437, Loss: 5.605817794799805
Epoch: 9438, Loss: 5.671387672424316
Epoch: 9439, Loss: 5.501003265380859
Epoch: 9440, Loss: 5.577412128448486
Test acc: 0.1469, IC acc: 0.001, IC acc2: 0.0028, IW acc: 0.5998
Epoch: 9441, Loss: 5.456841468811035
Epoch: 9442, Loss: 5.617825031280518
Epoch: 9443, Loss: 5.511785507202148
Epoch: 9444, Loss: 5.566576957702637
Epoch: 9445, Loss: 5.601889610290527
Epoch: 9446, Loss: 5.562734603881836
Epoch: 9447, Loss: 5.524986743927002
Epoch: 9448, Loss: 5.628443717956543
Epoch: 9449, Loss: 5.553092002868652
./circuit_plots/Unrestricted Disentangled|Readout|CN=0|B0=2|B1=2|K=1280|L=320|p_B=0.75|p_C=0.75|B=2|eps=0|95cf655c-5fe1-41ee-b5c6-acd2a4761507/ already exists.
./circuit_plots/Unrestricted Disentangled|Readout|CN=0|B0=2|B1=2|K=1280|L=320|p_B=0.75|p_C=0.75|B=2|eps=0|95cf655c-5fe1-41ee-b5c6-acd2a4761507/ already exists.
./circuit_plots/Unrestricted Disentangled|Readout|CN=0|B0=2|B1=2|K=1280|L=320|p_B=0.75|p_C=0.75|B=2|eps=0|95cf655c-5fe1-41ee-b5c6-acd2a4761507/ already exists.
./circuit_plots/Unrestricted Disentangled|Readout|CN=0|B0=2|B1=2|K=1280|L=320|p_B=0.75|p_C=0.75|B=2|eps=0|95cf655c-5fe1-41ee-b5c6-acd2a4761507/ already exists.
./circuit_plots/Unrestricted Disentangled|Readout|CN=0|B0=2|B1=2|K=1280|L=320|p_B=0.75|p_C=0.75|B=2|eps=0|95cf655c-5fe1-41ee-b5c6-acd2a4761507/ already exists.
./circuit_plots/Unrestricted Disentangled|Readout|CN=0|B0=2|B1=2|K=1280|L=320|p_B=0.75|p_C=0.75|B=2|eps=0|95cf655c-5fe1-41ee-b5c6-acd2a4761507/ already exists.
./circuit_plots/Unrestricted Disentangled|Readout|CN=0|B0=2|B1=2|K=1280|L=320|p_B=0.75|p_C=0.75|B=2|eps=0|95cf655c-5fe1-41ee-b5c6-acd2a4761507/ already exists.
Epoch: 9450, Loss: 5.638187885284424
Test acc: 0.1463, IC acc: 0.001, IC acc2: 0.0028, IW acc: 0.5994
Epoch: 9451, Loss: 5.549615859985352
Epoch: 9452, Loss: 5.549186706542969
Epoch: 9453, Loss: 5.6182403564453125
Epoch: 9454, Loss: 5.632685661315918
Epoch: 9455, Loss: 5.548491477966309
Epoch: 9456, Loss: 5.500711441040039
Epoch: 9457, Loss: 5.5772600173950195
Epoch: 9458, Loss: 5.571987628936768
Epoch: 9459, Loss: 5.63526725769043
Epoch: 9460, Loss: 5.601845741271973
Test acc: 0.1465, IC acc: 0.001, IC acc2: 0.0028, IW acc: 0.599
Epoch: 9461, Loss: 5.589341640472412
Epoch: 9462, Loss: 5.606922149658203
Epoch: 9463, Loss: 5.558717727661133
Epoch: 9464, Loss: 5.554537773132324
Epoch: 9465, Loss: 5.519634246826172
Epoch: 9466, Loss: 5.612818717956543
Epoch: 9467, Loss: 5.62809944152832
Epoch: 9468, Loss: 5.541461944580078
Epoch: 9469, Loss: 5.5922088623046875
Epoch: 9470, Loss: 5.539433479309082
Test acc: 0.1466, IC acc: 0.001, IC acc2: 0.0028, IW acc: 0.6012
Epoch: 9471, Loss: 5.566990852355957
Epoch: 9472, Loss: 5.586214065551758
Epoch: 9473, Loss: 5.548801898956299
Epoch: 9474, Loss: 5.59027099609375
Epoch: 9475, Loss: 5.624492645263672
Epoch: 9476, Loss: 5.524937152862549
Epoch: 9477, Loss: 5.627743721008301
Epoch: 9478, Loss: 5.623849868774414
Epoch: 9479, Loss: 5.592807769775391
Epoch: 9480, Loss: 5.549095153808594
Test acc: 0.1466, IC acc: 0.001, IC acc2: 0.0028, IW acc: 0.6012
Epoch: 9481, Loss: 5.558781623840332
Epoch: 9482, Loss: 5.516692161560059
Epoch: 9483, Loss: 5.586450099945068
Epoch: 9484, Loss: 5.52802848815918
Epoch: 9485, Loss: 5.603708744049072
Epoch: 9486, Loss: 5.6600422859191895
Epoch: 9487, Loss: 5.601552963256836
Epoch: 9488, Loss: 5.557511329650879
Epoch: 9489, Loss: 5.56418514251709
Epoch: 9490, Loss: 5.533320903778076
Test acc: 0.1467, IC acc: 0.001, IC acc2: 0.0028, IW acc: 0.6022
Epoch: 9491, Loss: 5.572386741638184
Epoch: 9492, Loss: 5.511630535125732
Epoch: 9493, Loss: 5.505414962768555
Epoch: 9494, Loss: 5.55800724029541
Epoch: 9495, Loss: 5.551417350769043
Epoch: 9496, Loss: 5.512278079986572
Epoch: 9497, Loss: 5.567665100097656
Epoch: 9498, Loss: 5.469792366027832
Epoch: 9499, Loss: 5.599349021911621
./circuit_plots/Unrestricted Disentangled|Readout|CN=0|B0=2|B1=2|K=1280|L=320|p_B=0.75|p_C=0.75|B=2|eps=0|95cf655c-5fe1-41ee-b5c6-acd2a4761507/ already exists.
./circuit_plots/Unrestricted Disentangled|Readout|CN=0|B0=2|B1=2|K=1280|L=320|p_B=0.75|p_C=0.75|B=2|eps=0|95cf655c-5fe1-41ee-b5c6-acd2a4761507/ already exists.
./circuit_plots/Unrestricted Disentangled|Readout|CN=0|B0=2|B1=2|K=1280|L=320|p_B=0.75|p_C=0.75|B=2|eps=0|95cf655c-5fe1-41ee-b5c6-acd2a4761507/ already exists.
./circuit_plots/Unrestricted Disentangled|Readout|CN=0|B0=2|B1=2|K=1280|L=320|p_B=0.75|p_C=0.75|B=2|eps=0|95cf655c-5fe1-41ee-b5c6-acd2a4761507/ already exists.
./circuit_plots/Unrestricted Disentangled|Readout|CN=0|B0=2|B1=2|K=1280|L=320|p_B=0.75|p_C=0.75|B=2|eps=0|95cf655c-5fe1-41ee-b5c6-acd2a4761507/ already exists.
./circuit_plots/Unrestricted Disentangled|Readout|CN=0|B0=2|B1=2|K=1280|L=320|p_B=0.75|p_C=0.75|B=2|eps=0|95cf655c-5fe1-41ee-b5c6-acd2a4761507/ already exists.
./circuit_plots/Unrestricted Disentangled|Readout|CN=0|B0=2|B1=2|K=1280|L=320|p_B=0.75|p_C=0.75|B=2|eps=0|95cf655c-5fe1-41ee-b5c6-acd2a4761507/ already exists.
Epoch: 9500, Loss: 5.611297607421875
Test acc: 0.1466, IC acc: 0.001, IC acc2: 0.0028, IW acc: 0.6012
Epoch: 9501, Loss: 5.510819435119629
Epoch: 9502, Loss: 5.604957580566406
Epoch: 9503, Loss: 5.574252128601074
Epoch: 9504, Loss: 5.634158611297607
Epoch: 9505, Loss: 5.563539981842041
Epoch: 9506, Loss: 5.529277324676514
Epoch: 9507, Loss: 5.541922569274902
Epoch: 9508, Loss: 5.622860431671143
Epoch: 9509, Loss: 5.575861930847168
Epoch: 9510, Loss: 5.527466773986816
Test acc: 0.1466, IC acc: 0.001, IC acc2: 0.0028, IW acc: 0.6007
Epoch: 9511, Loss: 5.631900787353516
Epoch: 9512, Loss: 5.4964189529418945
Epoch: 9513, Loss: 5.448269844055176
Epoch: 9514, Loss: 5.6097636222839355
Epoch: 9515, Loss: 5.552691459655762
Epoch: 9516, Loss: 5.5242438316345215
Epoch: 9517, Loss: 5.581137657165527
Epoch: 9518, Loss: 5.546185493469238
Epoch: 9519, Loss: 5.582530498504639
Epoch: 9520, Loss: 5.54055118560791
Test acc: 0.1477, IC acc: 0.001, IC acc2: 0.0028, IW acc: 0.6053
Epoch: 9521, Loss: 5.506595611572266
Epoch: 9522, Loss: 5.528230667114258
Epoch: 9523, Loss: 5.656851768493652
Epoch: 9524, Loss: 5.645669460296631
Epoch: 9525, Loss: 5.5347394943237305
Epoch: 9526, Loss: 5.584103107452393
Epoch: 9527, Loss: 5.626532077789307
Epoch: 9528, Loss: 5.46827507019043
Epoch: 9529, Loss: 5.6355509757995605
Epoch: 9530, Loss: 5.457887172698975
Test acc: 0.1472, IC acc: 0.001, IC acc2: 0.0028, IW acc: 0.6043
Epoch: 9531, Loss: 5.6082258224487305
Epoch: 9532, Loss: 5.624940395355225
Epoch: 9533, Loss: 5.5536065101623535
Epoch: 9534, Loss: 5.599004745483398
Epoch: 9535, Loss: 5.605846881866455
Epoch: 9536, Loss: 5.529076099395752
Epoch: 9537, Loss: 5.543864727020264
Epoch: 9538, Loss: 5.599274635314941
Epoch: 9539, Loss: 5.513700485229492
Epoch: 9540, Loss: 5.632889747619629
Test acc: 0.1476, IC acc: 0.001, IC acc2: 0.0028, IW acc: 0.6053
Epoch: 9541, Loss: 5.620090007781982
Epoch: 9542, Loss: 5.646448135375977
Epoch: 9543, Loss: 5.544710636138916
Epoch: 9544, Loss: 5.578954696655273
Epoch: 9545, Loss: 5.6429901123046875
Epoch: 9546, Loss: 5.577611923217773
Epoch: 9547, Loss: 5.540928363800049
Epoch: 9548, Loss: 5.581309795379639
Epoch: 9549, Loss: 5.629913330078125
./circuit_plots/Unrestricted Disentangled|Readout|CN=0|B0=2|B1=2|K=1280|L=320|p_B=0.75|p_C=0.75|B=2|eps=0|95cf655c-5fe1-41ee-b5c6-acd2a4761507/ already exists.
./circuit_plots/Unrestricted Disentangled|Readout|CN=0|B0=2|B1=2|K=1280|L=320|p_B=0.75|p_C=0.75|B=2|eps=0|95cf655c-5fe1-41ee-b5c6-acd2a4761507/ already exists.
./circuit_plots/Unrestricted Disentangled|Readout|CN=0|B0=2|B1=2|K=1280|L=320|p_B=0.75|p_C=0.75|B=2|eps=0|95cf655c-5fe1-41ee-b5c6-acd2a4761507/ already exists.
./circuit_plots/Unrestricted Disentangled|Readout|CN=0|B0=2|B1=2|K=1280|L=320|p_B=0.75|p_C=0.75|B=2|eps=0|95cf655c-5fe1-41ee-b5c6-acd2a4761507/ already exists.
./circuit_plots/Unrestricted Disentangled|Readout|CN=0|B0=2|B1=2|K=1280|L=320|p_B=0.75|p_C=0.75|B=2|eps=0|95cf655c-5fe1-41ee-b5c6-acd2a4761507/ already exists.
./circuit_plots/Unrestricted Disentangled|Readout|CN=0|B0=2|B1=2|K=1280|L=320|p_B=0.75|p_C=0.75|B=2|eps=0|95cf655c-5fe1-41ee-b5c6-acd2a4761507/ already exists.
./circuit_plots/Unrestricted Disentangled|Readout|CN=0|B0=2|B1=2|K=1280|L=320|p_B=0.75|p_C=0.75|B=2|eps=0|95cf655c-5fe1-41ee-b5c6-acd2a4761507/ already exists.
Epoch: 9550, Loss: 5.5871686935424805
Test acc: 0.148, IC acc: 0.001, IC acc2: 0.0028, IW acc: 0.6043
Epoch: 9551, Loss: 5.6351776123046875
Epoch: 9552, Loss: 5.550951957702637
Epoch: 9553, Loss: 5.564022064208984
Epoch: 9554, Loss: 5.527322769165039
Epoch: 9555, Loss: 5.594244480133057
Epoch: 9556, Loss: 5.617736339569092
Epoch: 9557, Loss: 5.5373640060424805
Epoch: 9558, Loss: 5.550971984863281
Epoch: 9559, Loss: 5.542280673980713
Epoch: 9560, Loss: 5.563200950622559
Test acc: 0.1479, IC acc: 0.001, IC acc2: 0.0028, IW acc: 0.6039
Epoch: 9561, Loss: 5.55192756652832
Epoch: 9562, Loss: 5.537374496459961
Epoch: 9563, Loss: 5.661434173583984
Epoch: 9564, Loss: 5.513916015625
Epoch: 9565, Loss: 5.524270057678223
Epoch: 9566, Loss: 5.542830467224121
Epoch: 9567, Loss: 5.569974899291992
Epoch: 9568, Loss: 5.606583595275879
Epoch: 9569, Loss: 5.603185176849365
Epoch: 9570, Loss: 5.57175874710083
Test acc: 0.1484, IC acc: 0.001, IC acc2: 0.0028, IW acc: 0.6049
Epoch: 9571, Loss: 5.630056381225586
Epoch: 9572, Loss: 5.569918155670166
Epoch: 9573, Loss: 5.591864109039307
Epoch: 9574, Loss: 5.527307510375977
Epoch: 9575, Loss: 5.547476768493652
Epoch: 9576, Loss: 5.511801242828369
Epoch: 9577, Loss: 5.587093830108643
Epoch: 9578, Loss: 5.501749515533447
Epoch: 9579, Loss: 5.5175395011901855
Epoch: 9580, Loss: 5.569143295288086
Test acc: 0.1484, IC acc: 0.001, IC acc2: 0.0028, IW acc: 0.6043
Epoch: 9581, Loss: 5.529954433441162
Epoch: 9582, Loss: 5.56500244140625
Epoch: 9583, Loss: 5.597622394561768
Epoch: 9584, Loss: 5.615960597991943
Epoch: 9585, Loss: 5.60874080657959
Epoch: 9586, Loss: 5.592774391174316
Epoch: 9587, Loss: 5.632622718811035
Epoch: 9588, Loss: 5.60276460647583
Epoch: 9589, Loss: 5.60206413269043
Epoch: 9590, Loss: 5.589352607727051
Test acc: 0.1488, IC acc: 0.001, IC acc2: 0.0028, IW acc: 0.6055
Epoch: 9591, Loss: 5.66011905670166
Epoch: 9592, Loss: 5.617560863494873
Epoch: 9593, Loss: 5.562465667724609
Epoch: 9594, Loss: 5.635761260986328
Epoch: 9595, Loss: 5.475745677947998
Epoch: 9596, Loss: 5.60311222076416
Epoch: 9597, Loss: 5.574151039123535
Epoch: 9598, Loss: 5.580258846282959
Epoch: 9599, Loss: 5.5701398849487305
./circuit_plots/Unrestricted Disentangled|Readout|CN=0|B0=2|B1=2|K=1280|L=320|p_B=0.75|p_C=0.75|B=2|eps=0|95cf655c-5fe1-41ee-b5c6-acd2a4761507/ already exists.
./circuit_plots/Unrestricted Disentangled|Readout|CN=0|B0=2|B1=2|K=1280|L=320|p_B=0.75|p_C=0.75|B=2|eps=0|95cf655c-5fe1-41ee-b5c6-acd2a4761507/ already exists.
./circuit_plots/Unrestricted Disentangled|Readout|CN=0|B0=2|B1=2|K=1280|L=320|p_B=0.75|p_C=0.75|B=2|eps=0|95cf655c-5fe1-41ee-b5c6-acd2a4761507/ already exists.
./circuit_plots/Unrestricted Disentangled|Readout|CN=0|B0=2|B1=2|K=1280|L=320|p_B=0.75|p_C=0.75|B=2|eps=0|95cf655c-5fe1-41ee-b5c6-acd2a4761507/ already exists.
./circuit_plots/Unrestricted Disentangled|Readout|CN=0|B0=2|B1=2|K=1280|L=320|p_B=0.75|p_C=0.75|B=2|eps=0|95cf655c-5fe1-41ee-b5c6-acd2a4761507/ already exists.
./circuit_plots/Unrestricted Disentangled|Readout|CN=0|B0=2|B1=2|K=1280|L=320|p_B=0.75|p_C=0.75|B=2|eps=0|95cf655c-5fe1-41ee-b5c6-acd2a4761507/ already exists.
./circuit_plots/Unrestricted Disentangled|Readout|CN=0|B0=2|B1=2|K=1280|L=320|p_B=0.75|p_C=0.75|B=2|eps=0|95cf655c-5fe1-41ee-b5c6-acd2a4761507/ already exists.
Epoch: 9600, Loss: 5.549768447875977
Test acc: 0.1485, IC acc: 0.001, IC acc2: 0.0028, IW acc: 0.604
Epoch: 9601, Loss: 5.492527961730957
Epoch: 9602, Loss: 5.578876495361328
Epoch: 9603, Loss: 5.5914130210876465
Epoch: 9604, Loss: 5.533932685852051
Epoch: 9605, Loss: 5.561285972595215
Epoch: 9606, Loss: 5.512871742248535
Epoch: 9607, Loss: 5.617727279663086
Epoch: 9608, Loss: 5.617031097412109
Epoch: 9609, Loss: 5.594405651092529
Epoch: 9610, Loss: 5.654035568237305
Test acc: 0.1494, IC acc: 0.001, IC acc2: 0.0028, IW acc: 0.6068
Epoch: 9611, Loss: 5.575011730194092
Epoch: 9612, Loss: 5.568075180053711
Epoch: 9613, Loss: 5.512657165527344
Epoch: 9614, Loss: 5.590594291687012
Epoch: 9615, Loss: 5.576353549957275
Epoch: 9616, Loss: 5.529165267944336
Epoch: 9617, Loss: 5.519718170166016
Epoch: 9618, Loss: 5.616399765014648
Epoch: 9619, Loss: 5.592608451843262
Epoch: 9620, Loss: 5.622780799865723
Test acc: 0.1494, IC acc: 0.001, IC acc2: 0.0028, IW acc: 0.6074
Epoch: 9621, Loss: 5.564866542816162
Epoch: 9622, Loss: 5.561284065246582
Epoch: 9623, Loss: 5.524510860443115
Epoch: 9624, Loss: 5.613090991973877
Epoch: 9625, Loss: 5.557185649871826
Epoch: 9626, Loss: 5.6443891525268555
Epoch: 9627, Loss: 5.644589424133301
Epoch: 9628, Loss: 5.625199317932129
Epoch: 9629, Loss: 5.594130992889404
Epoch: 9630, Loss: 5.564094543457031
Test acc: 0.1495, IC acc: 0.001, IC acc2: 0.0028, IW acc: 0.6083
Epoch: 9631, Loss: 5.580334186553955
Epoch: 9632, Loss: 5.50345516204834
Epoch: 9633, Loss: 5.616326332092285
Epoch: 9634, Loss: 5.596541404724121
Epoch: 9635, Loss: 5.559841156005859
Epoch: 9636, Loss: 5.629112243652344
Epoch: 9637, Loss: 5.539574146270752
Epoch: 9638, Loss: 5.63762903213501
Epoch: 9639, Loss: 5.571398735046387
Epoch: 9640, Loss: 5.5799760818481445
Test acc: 0.1502, IC acc: 0.001, IC acc2: 0.0028, IW acc: 0.6117
Epoch: 9641, Loss: 5.590924263000488
Epoch: 9642, Loss: 5.593560218811035
Epoch: 9643, Loss: 5.625475883483887
Epoch: 9644, Loss: 5.538016319274902
Epoch: 9645, Loss: 5.579807281494141
Epoch: 9646, Loss: 5.580259323120117
Epoch: 9647, Loss: 5.5310587882995605
Epoch: 9648, Loss: 5.536224842071533
Epoch: 9649, Loss: 5.588644981384277
./circuit_plots/Unrestricted Disentangled|Readout|CN=0|B0=2|B1=2|K=1280|L=320|p_B=0.75|p_C=0.75|B=2|eps=0|95cf655c-5fe1-41ee-b5c6-acd2a4761507/ already exists.
./circuit_plots/Unrestricted Disentangled|Readout|CN=0|B0=2|B1=2|K=1280|L=320|p_B=0.75|p_C=0.75|B=2|eps=0|95cf655c-5fe1-41ee-b5c6-acd2a4761507/ already exists.
./circuit_plots/Unrestricted Disentangled|Readout|CN=0|B0=2|B1=2|K=1280|L=320|p_B=0.75|p_C=0.75|B=2|eps=0|95cf655c-5fe1-41ee-b5c6-acd2a4761507/ already exists.
./circuit_plots/Unrestricted Disentangled|Readout|CN=0|B0=2|B1=2|K=1280|L=320|p_B=0.75|p_C=0.75|B=2|eps=0|95cf655c-5fe1-41ee-b5c6-acd2a4761507/ already exists.
./circuit_plots/Unrestricted Disentangled|Readout|CN=0|B0=2|B1=2|K=1280|L=320|p_B=0.75|p_C=0.75|B=2|eps=0|95cf655c-5fe1-41ee-b5c6-acd2a4761507/ already exists.
./circuit_plots/Unrestricted Disentangled|Readout|CN=0|B0=2|B1=2|K=1280|L=320|p_B=0.75|p_C=0.75|B=2|eps=0|95cf655c-5fe1-41ee-b5c6-acd2a4761507/ already exists.
./circuit_plots/Unrestricted Disentangled|Readout|CN=0|B0=2|B1=2|K=1280|L=320|p_B=0.75|p_C=0.75|B=2|eps=0|95cf655c-5fe1-41ee-b5c6-acd2a4761507/ already exists.
Epoch: 9650, Loss: 5.575604438781738
Test acc: 0.1503, IC acc: 0.001, IC acc2: 0.0028, IW acc: 0.6122
Epoch: 9651, Loss: 5.548640251159668
Epoch: 9652, Loss: 5.51856803894043
Epoch: 9653, Loss: 5.6102399826049805
Epoch: 9654, Loss: 5.532525062561035
Epoch: 9655, Loss: 5.526742458343506
Epoch: 9656, Loss: 5.548395156860352
Epoch: 9657, Loss: 5.490959644317627
Epoch: 9658, Loss: 5.591029167175293
Epoch: 9659, Loss: 5.5517778396606445
Epoch: 9660, Loss: 5.588625431060791
Test acc: 0.1506, IC acc: 0.0015, IC acc2: 0.0028, IW acc: 0.6119
Epoch: 9661, Loss: 5.5764875411987305
Epoch: 9662, Loss: 5.6089677810668945
Epoch: 9663, Loss: 5.555009841918945
Epoch: 9664, Loss: 5.526724815368652
Epoch: 9665, Loss: 5.6084442138671875
Epoch: 9666, Loss: 5.6329345703125
Epoch: 9667, Loss: 5.617097854614258
Epoch: 9668, Loss: 5.58493709564209
Epoch: 9669, Loss: 5.591176509857178
Epoch: 9670, Loss: 5.627045631408691
Test acc: 0.1503, IC acc: 0.0015, IC acc2: 0.0028, IW acc: 0.6122
Epoch: 9671, Loss: 5.5089192390441895
Epoch: 9672, Loss: 5.520737171173096
Epoch: 9673, Loss: 5.55490779876709
Epoch: 9674, Loss: 5.500790596008301
Epoch: 9675, Loss: 5.594672203063965
Epoch: 9676, Loss: 5.524127960205078
Epoch: 9677, Loss: 5.622035980224609
Epoch: 9678, Loss: 5.58622932434082
Epoch: 9679, Loss: 5.525754928588867
Epoch: 9680, Loss: 5.564453125
Test acc: 0.1505, IC acc: 0.0015, IC acc2: 0.0028, IW acc: 0.6115
Epoch: 9681, Loss: 5.530734062194824
Epoch: 9682, Loss: 5.52890682220459
Epoch: 9683, Loss: 5.466003894805908
Epoch: 9684, Loss: 5.715824127197266
Epoch: 9685, Loss: 5.643743515014648
Epoch: 9686, Loss: 5.604365348815918
Epoch: 9687, Loss: 5.4541401863098145
Epoch: 9688, Loss: 5.635564804077148
Epoch: 9689, Loss: 5.602120876312256
Epoch: 9690, Loss: 5.581398010253906
Test acc: 0.151, IC acc: 0.0015, IC acc2: 0.0028, IW acc: 0.6141
Epoch: 9691, Loss: 5.550737380981445
Epoch: 9692, Loss: 5.603656768798828
Epoch: 9693, Loss: 5.607502460479736
Epoch: 9694, Loss: 5.503199577331543
Epoch: 9695, Loss: 5.604827880859375
Epoch: 9696, Loss: 5.568065643310547
Epoch: 9697, Loss: 5.643551349639893
Epoch: 9698, Loss: 5.6710896492004395
Epoch: 9699, Loss: 5.607860565185547
./circuit_plots/Unrestricted Disentangled|Readout|CN=0|B0=2|B1=2|K=1280|L=320|p_B=0.75|p_C=0.75|B=2|eps=0|95cf655c-5fe1-41ee-b5c6-acd2a4761507/ already exists.
./circuit_plots/Unrestricted Disentangled|Readout|CN=0|B0=2|B1=2|K=1280|L=320|p_B=0.75|p_C=0.75|B=2|eps=0|95cf655c-5fe1-41ee-b5c6-acd2a4761507/ already exists.
./circuit_plots/Unrestricted Disentangled|Readout|CN=0|B0=2|B1=2|K=1280|L=320|p_B=0.75|p_C=0.75|B=2|eps=0|95cf655c-5fe1-41ee-b5c6-acd2a4761507/ already exists.
./circuit_plots/Unrestricted Disentangled|Readout|CN=0|B0=2|B1=2|K=1280|L=320|p_B=0.75|p_C=0.75|B=2|eps=0|95cf655c-5fe1-41ee-b5c6-acd2a4761507/ already exists.
./circuit_plots/Unrestricted Disentangled|Readout|CN=0|B0=2|B1=2|K=1280|L=320|p_B=0.75|p_C=0.75|B=2|eps=0|95cf655c-5fe1-41ee-b5c6-acd2a4761507/ already exists.
./circuit_plots/Unrestricted Disentangled|Readout|CN=0|B0=2|B1=2|K=1280|L=320|p_B=0.75|p_C=0.75|B=2|eps=0|95cf655c-5fe1-41ee-b5c6-acd2a4761507/ already exists.
./circuit_plots/Unrestricted Disentangled|Readout|CN=0|B0=2|B1=2|K=1280|L=320|p_B=0.75|p_C=0.75|B=2|eps=0|95cf655c-5fe1-41ee-b5c6-acd2a4761507/ already exists.
Epoch: 9700, Loss: 5.574513912200928
Test acc: 0.1513, IC acc: 0.0015, IC acc2: 0.0028, IW acc: 0.6137
Epoch: 9701, Loss: 5.579656600952148
Epoch: 9702, Loss: 5.526154518127441
Epoch: 9703, Loss: 5.538522243499756
Epoch: 9704, Loss: 5.551415920257568
Epoch: 9705, Loss: 5.545358657836914
Epoch: 9706, Loss: 5.478442192077637
Epoch: 9707, Loss: 5.587434768676758
Epoch: 9708, Loss: 5.602713584899902
Epoch: 9709, Loss: 5.524840354919434
Epoch: 9710, Loss: 5.61088228225708
Test acc: 0.1508, IC acc: 0.0015, IC acc2: 0.0028, IW acc: 0.6125
Epoch: 9711, Loss: 5.598606109619141
Epoch: 9712, Loss: 5.471508026123047
Epoch: 9713, Loss: 5.585515022277832
Epoch: 9714, Loss: 5.560927391052246
Epoch: 9715, Loss: 5.5405378341674805
Epoch: 9716, Loss: 5.606836795806885
Epoch: 9717, Loss: 5.542436599731445
Epoch: 9718, Loss: 5.597963333129883
Epoch: 9719, Loss: 5.614951133728027
Epoch: 9720, Loss: 5.631319999694824
Test acc: 0.1509, IC acc: 0.0015, IC acc2: 0.0028, IW acc: 0.6134
Epoch: 9721, Loss: 5.667792797088623
Epoch: 9722, Loss: 5.647575855255127
Epoch: 9723, Loss: 5.556507587432861
Epoch: 9724, Loss: 5.554172515869141
Epoch: 9725, Loss: 5.632845878601074
Epoch: 9726, Loss: 5.481042385101318
Epoch: 9727, Loss: 5.563427925109863
Epoch: 9728, Loss: 5.49027156829834
Epoch: 9729, Loss: 5.634390830993652
Epoch: 9730, Loss: 5.64656925201416
Test acc: 0.1513, IC acc: 0.0015, IC acc2: 0.0028, IW acc: 0.6149
Epoch: 9731, Loss: 5.5964436531066895
Epoch: 9732, Loss: 5.618965148925781
Epoch: 9733, Loss: 5.574413299560547
Epoch: 9734, Loss: 5.644312858581543
Epoch: 9735, Loss: 5.547850608825684
Epoch: 9736, Loss: 5.672153949737549
Epoch: 9737, Loss: 5.502110958099365
Epoch: 9738, Loss: 5.560458183288574
Epoch: 9739, Loss: 5.53837776184082
Epoch: 9740, Loss: 5.464028358459473
Test acc: 0.1515, IC acc: 0.0015, IC acc2: 0.0028, IW acc: 0.6148
Epoch: 9741, Loss: 5.535839080810547
Epoch: 9742, Loss: 5.6143999099731445
Epoch: 9743, Loss: 5.565016746520996
Epoch: 9744, Loss: 5.660627365112305
Epoch: 9745, Loss: 5.572411060333252
Epoch: 9746, Loss: 5.657129287719727
Epoch: 9747, Loss: 5.4938154220581055
Epoch: 9748, Loss: 5.6807756423950195
Epoch: 9749, Loss: 5.691980361938477
./circuit_plots/Unrestricted Disentangled|Readout|CN=0|B0=2|B1=2|K=1280|L=320|p_B=0.75|p_C=0.75|B=2|eps=0|95cf655c-5fe1-41ee-b5c6-acd2a4761507/ already exists.
./circuit_plots/Unrestricted Disentangled|Readout|CN=0|B0=2|B1=2|K=1280|L=320|p_B=0.75|p_C=0.75|B=2|eps=0|95cf655c-5fe1-41ee-b5c6-acd2a4761507/ already exists.
./circuit_plots/Unrestricted Disentangled|Readout|CN=0|B0=2|B1=2|K=1280|L=320|p_B=0.75|p_C=0.75|B=2|eps=0|95cf655c-5fe1-41ee-b5c6-acd2a4761507/ already exists.
./circuit_plots/Unrestricted Disentangled|Readout|CN=0|B0=2|B1=2|K=1280|L=320|p_B=0.75|p_C=0.75|B=2|eps=0|95cf655c-5fe1-41ee-b5c6-acd2a4761507/ already exists.
./circuit_plots/Unrestricted Disentangled|Readout|CN=0|B0=2|B1=2|K=1280|L=320|p_B=0.75|p_C=0.75|B=2|eps=0|95cf655c-5fe1-41ee-b5c6-acd2a4761507/ already exists.
./circuit_plots/Unrestricted Disentangled|Readout|CN=0|B0=2|B1=2|K=1280|L=320|p_B=0.75|p_C=0.75|B=2|eps=0|95cf655c-5fe1-41ee-b5c6-acd2a4761507/ already exists.
./circuit_plots/Unrestricted Disentangled|Readout|CN=0|B0=2|B1=2|K=1280|L=320|p_B=0.75|p_C=0.75|B=2|eps=0|95cf655c-5fe1-41ee-b5c6-acd2a4761507/ already exists.
Epoch: 9750, Loss: 5.573991298675537
Test acc: 0.152, IC acc: 0.0015, IC acc2: 0.0028, IW acc: 0.6173
Epoch: 9751, Loss: 5.628934860229492
Epoch: 9752, Loss: 5.524397850036621
Epoch: 9753, Loss: 5.579337120056152
Epoch: 9754, Loss: 5.545842170715332
Epoch: 9755, Loss: 5.615117073059082
Epoch: 9756, Loss: 5.509254455566406
Epoch: 9757, Loss: 5.544463157653809
Epoch: 9758, Loss: 5.536736488342285
Epoch: 9759, Loss: 5.55056619644165
Epoch: 9760, Loss: 5.556026458740234
Test acc: 0.1517, IC acc: 0.0015, IC acc2: 0.0028, IW acc: 0.6156
Epoch: 9761, Loss: 5.517467498779297
Epoch: 9762, Loss: 5.536637306213379
Epoch: 9763, Loss: 5.487963676452637
Epoch: 9764, Loss: 5.604440212249756
Epoch: 9765, Loss: 5.588659286499023
Epoch: 9766, Loss: 5.64493465423584
Epoch: 9767, Loss: 5.597674369812012
Epoch: 9768, Loss: 5.583630084991455
Epoch: 9769, Loss: 5.591792106628418
Epoch: 9770, Loss: 5.487062454223633
Test acc: 0.1517, IC acc: 0.0015, IC acc2: 0.0028, IW acc: 0.6156
Epoch: 9771, Loss: 5.599726676940918
Epoch: 9772, Loss: 5.59080171585083
Epoch: 9773, Loss: 5.59172248840332
Epoch: 9774, Loss: 5.598447799682617
Epoch: 9775, Loss: 5.466113090515137
Epoch: 9776, Loss: 5.53316593170166
Epoch: 9777, Loss: 5.563697338104248
Epoch: 9778, Loss: 5.62331485748291
Epoch: 9779, Loss: 5.561301231384277
Epoch: 9780, Loss: 5.577911376953125
Test acc: 0.1518, IC acc: 0.0017, IC acc2: 0.0028, IW acc: 0.6166
Epoch: 9781, Loss: 5.60333251953125
Epoch: 9782, Loss: 5.611623764038086
Epoch: 9783, Loss: 5.603375434875488
Epoch: 9784, Loss: 5.613813400268555
Epoch: 9785, Loss: 5.576089859008789
Epoch: 9786, Loss: 5.559723854064941
Epoch: 9787, Loss: 5.622112274169922
Epoch: 9788, Loss: 5.553229331970215
Epoch: 9789, Loss: 5.538545608520508
Epoch: 9790, Loss: 5.456754684448242
Test acc: 0.1517, IC acc: 0.0017, IC acc2: 0.0028, IW acc: 0.617
Epoch: 9791, Loss: 5.533999443054199
Epoch: 9792, Loss: 5.570733547210693
Epoch: 9793, Loss: 5.603193759918213
Epoch: 9794, Loss: 5.491474151611328
Epoch: 9795, Loss: 5.513235092163086
Epoch: 9796, Loss: 5.5253143310546875
Epoch: 9797, Loss: 5.555611610412598
Epoch: 9798, Loss: 5.5402679443359375
Epoch: 9799, Loss: 5.519984245300293
./circuit_plots/Unrestricted Disentangled|Readout|CN=0|B0=2|B1=2|K=1280|L=320|p_B=0.75|p_C=0.75|B=2|eps=0|95cf655c-5fe1-41ee-b5c6-acd2a4761507/ already exists.
./circuit_plots/Unrestricted Disentangled|Readout|CN=0|B0=2|B1=2|K=1280|L=320|p_B=0.75|p_C=0.75|B=2|eps=0|95cf655c-5fe1-41ee-b5c6-acd2a4761507/ already exists.
./circuit_plots/Unrestricted Disentangled|Readout|CN=0|B0=2|B1=2|K=1280|L=320|p_B=0.75|p_C=0.75|B=2|eps=0|95cf655c-5fe1-41ee-b5c6-acd2a4761507/ already exists.
./circuit_plots/Unrestricted Disentangled|Readout|CN=0|B0=2|B1=2|K=1280|L=320|p_B=0.75|p_C=0.75|B=2|eps=0|95cf655c-5fe1-41ee-b5c6-acd2a4761507/ already exists.
./circuit_plots/Unrestricted Disentangled|Readout|CN=0|B0=2|B1=2|K=1280|L=320|p_B=0.75|p_C=0.75|B=2|eps=0|95cf655c-5fe1-41ee-b5c6-acd2a4761507/ already exists.
./circuit_plots/Unrestricted Disentangled|Readout|CN=0|B0=2|B1=2|K=1280|L=320|p_B=0.75|p_C=0.75|B=2|eps=0|95cf655c-5fe1-41ee-b5c6-acd2a4761507/ already exists.
./circuit_plots/Unrestricted Disentangled|Readout|CN=0|B0=2|B1=2|K=1280|L=320|p_B=0.75|p_C=0.75|B=2|eps=0|95cf655c-5fe1-41ee-b5c6-acd2a4761507/ already exists.
Epoch: 9800, Loss: 5.579986572265625
Test acc: 0.1515, IC acc: 0.0017, IC acc2: 0.0028, IW acc: 0.6164
Epoch: 9801, Loss: 5.528898239135742
Epoch: 9802, Loss: 5.6282057762146
Epoch: 9803, Loss: 5.648724555969238
Epoch: 9804, Loss: 5.548549652099609
Epoch: 9805, Loss: 5.581566333770752
Epoch: 9806, Loss: 5.528230667114258
Epoch: 9807, Loss: 5.545889854431152
Epoch: 9808, Loss: 5.616600036621094
Epoch: 9809, Loss: 5.507277011871338
Epoch: 9810, Loss: 5.500424861907959
Test acc: 0.1514, IC acc: 0.0015, IC acc2: 0.0028, IW acc: 0.6159
Epoch: 9811, Loss: 5.561457633972168
Epoch: 9812, Loss: 5.489240646362305
Epoch: 9813, Loss: 5.500528335571289
Epoch: 9814, Loss: 5.556390762329102
Epoch: 9815, Loss: 5.587780475616455
Epoch: 9816, Loss: 5.565811634063721
Epoch: 9817, Loss: 5.544809341430664
Epoch: 9818, Loss: 5.492391586303711
Epoch: 9819, Loss: 5.552638053894043
Epoch: 9820, Loss: 5.57194185256958
Test acc: 0.1516, IC acc: 0.0015, IC acc2: 0.0028, IW acc: 0.6158
Epoch: 9821, Loss: 5.537975311279297
Epoch: 9822, Loss: 5.582658767700195
Epoch: 9823, Loss: 5.662987232208252
Epoch: 9824, Loss: 5.569815635681152
Epoch: 9825, Loss: 5.586980819702148
Epoch: 9826, Loss: 5.505142688751221
Epoch: 9827, Loss: 5.572378158569336
Epoch: 9828, Loss: 5.645661354064941
Epoch: 9829, Loss: 5.5791120529174805
Epoch: 9830, Loss: 5.563321590423584
Test acc: 0.1514, IC acc: 0.0015, IC acc2: 0.0028, IW acc: 0.6161
Epoch: 9831, Loss: 5.5343475341796875
Epoch: 9832, Loss: 5.5423479080200195
Epoch: 9833, Loss: 5.598978042602539
Epoch: 9834, Loss: 5.5709943771362305
Epoch: 9835, Loss: 5.550992012023926
Epoch: 9836, Loss: 5.583660125732422
Epoch: 9837, Loss: 5.655823707580566
Epoch: 9838, Loss: 5.4981536865234375
Epoch: 9839, Loss: 5.554769039154053
Epoch: 9840, Loss: 5.541472434997559
Test acc: 0.1516, IC acc: 0.0015, IC acc2: 0.0028, IW acc: 0.6177
Epoch: 9841, Loss: 5.550823211669922
Epoch: 9842, Loss: 5.433040618896484
Epoch: 9843, Loss: 5.476188659667969
Epoch: 9844, Loss: 5.534806251525879
Epoch: 9845, Loss: 5.590705871582031
Epoch: 9846, Loss: 5.5493927001953125
Epoch: 9847, Loss: 5.562989234924316
Epoch: 9848, Loss: 5.581301689147949
Epoch: 9849, Loss: 5.558539867401123
./circuit_plots/Unrestricted Disentangled|Readout|CN=0|B0=2|B1=2|K=1280|L=320|p_B=0.75|p_C=0.75|B=2|eps=0|95cf655c-5fe1-41ee-b5c6-acd2a4761507/ already exists.
./circuit_plots/Unrestricted Disentangled|Readout|CN=0|B0=2|B1=2|K=1280|L=320|p_B=0.75|p_C=0.75|B=2|eps=0|95cf655c-5fe1-41ee-b5c6-acd2a4761507/ already exists.
./circuit_plots/Unrestricted Disentangled|Readout|CN=0|B0=2|B1=2|K=1280|L=320|p_B=0.75|p_C=0.75|B=2|eps=0|95cf655c-5fe1-41ee-b5c6-acd2a4761507/ already exists.
./circuit_plots/Unrestricted Disentangled|Readout|CN=0|B0=2|B1=2|K=1280|L=320|p_B=0.75|p_C=0.75|B=2|eps=0|95cf655c-5fe1-41ee-b5c6-acd2a4761507/ already exists.
./circuit_plots/Unrestricted Disentangled|Readout|CN=0|B0=2|B1=2|K=1280|L=320|p_B=0.75|p_C=0.75|B=2|eps=0|95cf655c-5fe1-41ee-b5c6-acd2a4761507/ already exists.
./circuit_plots/Unrestricted Disentangled|Readout|CN=0|B0=2|B1=2|K=1280|L=320|p_B=0.75|p_C=0.75|B=2|eps=0|95cf655c-5fe1-41ee-b5c6-acd2a4761507/ already exists.
./circuit_plots/Unrestricted Disentangled|Readout|CN=0|B0=2|B1=2|K=1280|L=320|p_B=0.75|p_C=0.75|B=2|eps=0|95cf655c-5fe1-41ee-b5c6-acd2a4761507/ already exists.
Epoch: 9850, Loss: 5.575431823730469
Test acc: 0.1513, IC acc: 0.0017, IC acc2: 0.0028, IW acc: 0.6167
Epoch: 9851, Loss: 5.522505283355713
Epoch: 9852, Loss: 5.546085357666016
Epoch: 9853, Loss: 5.580076694488525
Epoch: 9854, Loss: 5.557772636413574
Epoch: 9855, Loss: 5.547515392303467
Epoch: 9856, Loss: 5.646608829498291
Epoch: 9857, Loss: 5.495439052581787
Epoch: 9858, Loss: 5.635774612426758
Epoch: 9859, Loss: 5.588444709777832
Epoch: 9860, Loss: 5.5397443771362305
Test acc: 0.1518, IC acc: 0.0017, IC acc2: 0.0028, IW acc: 0.6182
Epoch: 9861, Loss: 5.600846290588379
Epoch: 9862, Loss: 5.53281307220459
Epoch: 9863, Loss: 5.603339672088623
Epoch: 9864, Loss: 5.600362777709961
Epoch: 9865, Loss: 5.545702934265137
Epoch: 9866, Loss: 5.594012260437012
Epoch: 9867, Loss: 5.561450004577637
Epoch: 9868, Loss: 5.52587366104126
Epoch: 9869, Loss: 5.48602294921875
Epoch: 9870, Loss: 5.546940803527832
Test acc: 0.1517, IC acc: 0.0017, IC acc2: 0.0028, IW acc: 0.6175
Epoch: 9871, Loss: 5.548192024230957
Epoch: 9872, Loss: 5.53729772567749
Epoch: 9873, Loss: 5.522541522979736
Epoch: 9874, Loss: 5.661020278930664
Epoch: 9875, Loss: 5.608241081237793
Epoch: 9876, Loss: 5.4913330078125
Epoch: 9877, Loss: 5.509716987609863
Epoch: 9878, Loss: 5.623908042907715
Epoch: 9879, Loss: 5.548820495605469
Epoch: 9880, Loss: 5.571957111358643
Test acc: 0.1516, IC acc: 0.0017, IC acc2: 0.0028, IW acc: 0.6183
Epoch: 9881, Loss: 5.557941436767578
Epoch: 9882, Loss: 5.592311859130859
Epoch: 9883, Loss: 5.4767045974731445
Epoch: 9884, Loss: 5.488155364990234
Epoch: 9885, Loss: 5.51101016998291
Epoch: 9886, Loss: 5.66688346862793
Epoch: 9887, Loss: 5.618443489074707
Epoch: 9888, Loss: 5.643332481384277
Epoch: 9889, Loss: 5.572665691375732
Epoch: 9890, Loss: 5.5259904861450195
Test acc: 0.1523, IC acc: 0.0017, IC acc2: 0.0028, IW acc: 0.621
Epoch: 9891, Loss: 5.578063488006592
Epoch: 9892, Loss: 5.598369598388672
Epoch: 9893, Loss: 5.516308784484863
Epoch: 9894, Loss: 5.561502456665039
Epoch: 9895, Loss: 5.645916938781738
Epoch: 9896, Loss: 5.476511001586914
Epoch: 9897, Loss: 5.491030693054199
Epoch: 9898, Loss: 5.522478103637695
Epoch: 9899, Loss: 5.580030918121338
./circuit_plots/Unrestricted Disentangled|Readout|CN=0|B0=2|B1=2|K=1280|L=320|p_B=0.75|p_C=0.75|B=2|eps=0|95cf655c-5fe1-41ee-b5c6-acd2a4761507/ already exists.
./circuit_plots/Unrestricted Disentangled|Readout|CN=0|B0=2|B1=2|K=1280|L=320|p_B=0.75|p_C=0.75|B=2|eps=0|95cf655c-5fe1-41ee-b5c6-acd2a4761507/ already exists.
./circuit_plots/Unrestricted Disentangled|Readout|CN=0|B0=2|B1=2|K=1280|L=320|p_B=0.75|p_C=0.75|B=2|eps=0|95cf655c-5fe1-41ee-b5c6-acd2a4761507/ already exists.
./circuit_plots/Unrestricted Disentangled|Readout|CN=0|B0=2|B1=2|K=1280|L=320|p_B=0.75|p_C=0.75|B=2|eps=0|95cf655c-5fe1-41ee-b5c6-acd2a4761507/ already exists.
./circuit_plots/Unrestricted Disentangled|Readout|CN=0|B0=2|B1=2|K=1280|L=320|p_B=0.75|p_C=0.75|B=2|eps=0|95cf655c-5fe1-41ee-b5c6-acd2a4761507/ already exists.
./circuit_plots/Unrestricted Disentangled|Readout|CN=0|B0=2|B1=2|K=1280|L=320|p_B=0.75|p_C=0.75|B=2|eps=0|95cf655c-5fe1-41ee-b5c6-acd2a4761507/ already exists.
./circuit_plots/Unrestricted Disentangled|Readout|CN=0|B0=2|B1=2|K=1280|L=320|p_B=0.75|p_C=0.75|B=2|eps=0|95cf655c-5fe1-41ee-b5c6-acd2a4761507/ already exists.
Epoch: 9900, Loss: 5.597292900085449
Test acc: 0.1526, IC acc: 0.0017, IC acc2: 0.0028, IW acc: 0.622
Epoch: 9901, Loss: 5.564223289489746
Epoch: 9902, Loss: 5.5218505859375
Epoch: 9903, Loss: 5.557553291320801
Epoch: 9904, Loss: 5.54582405090332
Epoch: 9905, Loss: 5.537073612213135
Epoch: 9906, Loss: 5.459035873413086
Epoch: 9907, Loss: 5.55136251449585
Epoch: 9908, Loss: 5.572621822357178
Epoch: 9909, Loss: 5.535490989685059
Epoch: 9910, Loss: 5.581803321838379
Test acc: 0.1526, IC acc: 0.0017, IC acc2: 0.0028, IW acc: 0.6224
Epoch: 9911, Loss: 5.607151031494141
Epoch: 9912, Loss: 5.497272491455078
Epoch: 9913, Loss: 5.483612060546875
Epoch: 9914, Loss: 5.584117412567139
Epoch: 9915, Loss: 5.508977890014648
Epoch: 9916, Loss: 5.5396833419799805
Epoch: 9917, Loss: 5.536683082580566
Epoch: 9918, Loss: 5.513830661773682
Epoch: 9919, Loss: 5.559574127197266
Epoch: 9920, Loss: 5.530794620513916
Test acc: 0.1528, IC acc: 0.0017, IC acc2: 0.0028, IW acc: 0.623
Epoch: 9921, Loss: 5.524801254272461
Epoch: 9922, Loss: 5.617645263671875
Epoch: 9923, Loss: 5.57916259765625
Epoch: 9924, Loss: 5.622971534729004
Epoch: 9925, Loss: 5.520024299621582
Epoch: 9926, Loss: 5.563689231872559
Epoch: 9927, Loss: 5.519380569458008
Epoch: 9928, Loss: 5.638200759887695
Epoch: 9929, Loss: 5.500081539154053
Epoch: 9930, Loss: 5.478538990020752
Test acc: 0.1529, IC acc: 0.0017, IC acc2: 0.0028, IW acc: 0.6235
Epoch: 9931, Loss: 5.566767692565918
Epoch: 9932, Loss: 5.504608154296875
Epoch: 9933, Loss: 5.522000312805176
Epoch: 9934, Loss: 5.558223724365234
Epoch: 9935, Loss: 5.581189155578613
Epoch: 9936, Loss: 5.6362223625183105
Epoch: 9937, Loss: 5.518565654754639
Epoch: 9938, Loss: 5.573369979858398
Epoch: 9939, Loss: 5.489038467407227
Epoch: 9940, Loss: 5.625758171081543
Test acc: 0.1524, IC acc: 0.0017, IC acc2: 0.0028, IW acc: 0.6225
Epoch: 9941, Loss: 5.494095802307129
Epoch: 9942, Loss: 5.5185651779174805
Epoch: 9943, Loss: 5.49836540222168
Epoch: 9944, Loss: 5.5472588539123535
Epoch: 9945, Loss: 5.498600006103516
Epoch: 9946, Loss: 5.536981582641602
Epoch: 9947, Loss: 5.5538530349731445
Epoch: 9948, Loss: 5.547900199890137
Epoch: 9949, Loss: 5.593572616577148
./circuit_plots/Unrestricted Disentangled|Readout|CN=0|B0=2|B1=2|K=1280|L=320|p_B=0.75|p_C=0.75|B=2|eps=0|95cf655c-5fe1-41ee-b5c6-acd2a4761507/ already exists.
./circuit_plots/Unrestricted Disentangled|Readout|CN=0|B0=2|B1=2|K=1280|L=320|p_B=0.75|p_C=0.75|B=2|eps=0|95cf655c-5fe1-41ee-b5c6-acd2a4761507/ already exists.
./circuit_plots/Unrestricted Disentangled|Readout|CN=0|B0=2|B1=2|K=1280|L=320|p_B=0.75|p_C=0.75|B=2|eps=0|95cf655c-5fe1-41ee-b5c6-acd2a4761507/ already exists.
./circuit_plots/Unrestricted Disentangled|Readout|CN=0|B0=2|B1=2|K=1280|L=320|p_B=0.75|p_C=0.75|B=2|eps=0|95cf655c-5fe1-41ee-b5c6-acd2a4761507/ already exists.
./circuit_plots/Unrestricted Disentangled|Readout|CN=0|B0=2|B1=2|K=1280|L=320|p_B=0.75|p_C=0.75|B=2|eps=0|95cf655c-5fe1-41ee-b5c6-acd2a4761507/ already exists.
./circuit_plots/Unrestricted Disentangled|Readout|CN=0|B0=2|B1=2|K=1280|L=320|p_B=0.75|p_C=0.75|B=2|eps=0|95cf655c-5fe1-41ee-b5c6-acd2a4761507/ already exists.
./circuit_plots/Unrestricted Disentangled|Readout|CN=0|B0=2|B1=2|K=1280|L=320|p_B=0.75|p_C=0.75|B=2|eps=0|95cf655c-5fe1-41ee-b5c6-acd2a4761507/ already exists.
Epoch: 9950, Loss: 5.608578681945801
Test acc: 0.1524, IC acc: 0.0017, IC acc2: 0.0028, IW acc: 0.624
Epoch: 9951, Loss: 5.5578765869140625
Epoch: 9952, Loss: 5.671299934387207
Epoch: 9953, Loss: 5.532815456390381
Epoch: 9954, Loss: 5.549269676208496
Epoch: 9955, Loss: 5.584188461303711
Epoch: 9956, Loss: 5.515813827514648
Epoch: 9957, Loss: 5.5885491371154785
Epoch: 9958, Loss: 5.523050308227539
Epoch: 9959, Loss: 5.589286804199219
Epoch: 9960, Loss: 5.5692243576049805
Test acc: 0.1519, IC acc: 0.0017, IC acc2: 0.0028, IW acc: 0.6226
Epoch: 9961, Loss: 5.555432319641113
Epoch: 9962, Loss: 5.656335830688477
Epoch: 9963, Loss: 5.573410987854004
Epoch: 9964, Loss: 5.552177429199219
Epoch: 9965, Loss: 5.5220537185668945
Epoch: 9966, Loss: 5.575443744659424
Epoch: 9967, Loss: 5.551231861114502
Epoch: 9968, Loss: 5.58301305770874
Epoch: 9969, Loss: 5.563243865966797
Epoch: 9970, Loss: 5.5900983810424805
Test acc: 0.1519, IC acc: 0.0017, IC acc2: 0.0028, IW acc: 0.6215
Epoch: 9971, Loss: 5.541926383972168
Epoch: 9972, Loss: 5.5613203048706055
Epoch: 9973, Loss: 5.5167694091796875
Epoch: 9974, Loss: 5.585549354553223
Epoch: 9975, Loss: 5.5904669761657715
Epoch: 9976, Loss: 5.533272743225098
Epoch: 9977, Loss: 5.447009086608887
Epoch: 9978, Loss: 5.663483619689941
Epoch: 9979, Loss: 5.588998317718506
Epoch: 9980, Loss: 5.534146785736084
Test acc: 0.1534, IC acc: 0.0015, IC acc2: 0.0028, IW acc: 0.6259
Epoch: 9981, Loss: 5.570491790771484
Epoch: 9982, Loss: 5.5345964431762695
Epoch: 9983, Loss: 5.551047325134277
Epoch: 9984, Loss: 5.548681259155273
Epoch: 9985, Loss: 5.60501766204834
Epoch: 9986, Loss: 5.549149036407471
Epoch: 9987, Loss: 5.474757671356201
Epoch: 9988, Loss: 5.691277027130127
Epoch: 9989, Loss: 5.550896644592285
Epoch: 9990, Loss: 5.590148448944092
Test acc: 0.1529, IC acc: 0.0015, IC acc2: 0.0028, IW acc: 0.6253
Epoch: 9991, Loss: 5.5911760330200195
Epoch: 9992, Loss: 5.496097087860107
Epoch: 9993, Loss: 5.5609636306762695
Epoch: 9994, Loss: 5.562776565551758
Epoch: 9995, Loss: 5.551896095275879
Epoch: 9996, Loss: 5.534294128417969
Epoch: 9997, Loss: 5.536577224731445
Epoch: 9998, Loss: 5.528226852416992
Epoch: 9999, Loss: 5.564016342163086
