NOT USING MLP
RestrictedDisentangledTransformer(
  (transformer_block_0): DisentangledTransformerBlock(
    (causal_block): DisentangledCausalAttention(
      (W_QK): Linear(in_features=80, out_features=80, bias=False)
      (W_V): Linear(in_features=80, out_features=80, bias=False)
    )
  )
  (transformer_block_1): DisentangledTransformerBlock(
    (causal_block): DisentangledCausalAttention(
      (W_QK): Linear(in_features=160, out_features=160, bias=False)
      (W_V): Linear(in_features=160, out_features=160, bias=False)
    )
  )
  (W_O): Linear(in_features=320, out_features=320, bias=True)
  (mlp): Readout()
)
Running experiment Unrestricted Disentangled|Readout|CN=1|B0=0|B1=1|K=1280|L=320|p_B=0.75|p_C=0.75|B=2|eps=0|35ad5445-c154-4cea-8e18-983bdf361c37
./circuit_plots/Unrestricted Disentangled|Readout|CN=1|B0=0|B1=1|K=1280|L=320|p_B=0.75|p_C=0.75|B=2|eps=0|35ad5445-c154-4cea-8e18-983bdf361c37/ already exists.
./circuit_plots/Unrestricted Disentangled|Readout|CN=1|B0=0|B1=1|K=1280|L=320|p_B=0.75|p_C=0.75|B=2|eps=0|35ad5445-c154-4cea-8e18-983bdf361c37/ already exists.
Epoch: 0, Loss: 5.777042388916016
Test acc: 0.0026, IC acc: 0.0035, IC acc2: 0.003, IW acc: 0.0037
Epoch: 1, Loss: 5.774043083190918
Epoch: 2, Loss: 5.765315532684326
Epoch: 3, Loss: 5.7674560546875
Epoch: 4, Loss: 5.773418426513672
Epoch: 5, Loss: 5.77578067779541
Epoch: 6, Loss: 5.761651515960693
Epoch: 7, Loss: 5.77866792678833
Epoch: 8, Loss: 5.754593849182129
Epoch: 9, Loss: 5.774514198303223
Epoch: 10, Loss: 5.770481109619141
Test acc: 0.0027, IC acc: 0.0035, IC acc2: 0.003, IW acc: 0.0037
Epoch: 11, Loss: 5.763057708740234
Epoch: 12, Loss: 5.768098831176758
Epoch: 13, Loss: 5.7804365158081055
Epoch: 14, Loss: 5.773100852966309
Epoch: 15, Loss: 5.7782745361328125
Epoch: 16, Loss: 5.772157192230225
Epoch: 17, Loss: 5.776812553405762
Epoch: 18, Loss: 5.7703328132629395
Epoch: 19, Loss: 5.763357162475586
Epoch: 20, Loss: 5.776188850402832
Test acc: 0.0027, IC acc: 0.0036, IC acc2: 0.003, IW acc: 0.0037
Epoch: 21, Loss: 5.770059108734131
Epoch: 22, Loss: 5.763537883758545
Epoch: 23, Loss: 5.767213821411133
Epoch: 24, Loss: 5.777286529541016
Epoch: 25, Loss: 5.776743412017822
Epoch: 26, Loss: 5.766374588012695
Epoch: 27, Loss: 5.764893531799316
Epoch: 28, Loss: 5.757895469665527
Epoch: 29, Loss: 5.777676582336426
Epoch: 30, Loss: 5.764906883239746
Test acc: 0.0027, IC acc: 0.0036, IC acc2: 0.003, IW acc: 0.0037
Epoch: 31, Loss: 5.783352851867676
Epoch: 32, Loss: 5.762125015258789
Epoch: 33, Loss: 5.762946128845215
Epoch: 34, Loss: 5.75948429107666
Epoch: 35, Loss: 5.770920753479004
Epoch: 36, Loss: 5.763661861419678
Epoch: 37, Loss: 5.757076263427734
Epoch: 38, Loss: 5.770709991455078
Epoch: 39, Loss: 5.761893272399902
Epoch: 40, Loss: 5.7672014236450195
Test acc: 0.0028, IC acc: 0.0036, IC acc2: 0.003, IW acc: 0.0037
Epoch: 41, Loss: 5.774542331695557
Epoch: 42, Loss: 5.774930000305176
Epoch: 43, Loss: 5.773205757141113
Epoch: 44, Loss: 5.773674964904785
Epoch: 45, Loss: 5.770830154418945
Epoch: 46, Loss: 5.768232345581055
Epoch: 47, Loss: 5.762098789215088
Epoch: 48, Loss: 5.761858940124512
Epoch: 49, Loss: 5.7668986320495605
./circuit_plots/Unrestricted Disentangled|Readout|CN=1|B0=0|B1=1|K=1280|L=320|p_B=0.75|p_C=0.75|B=2|eps=0|35ad5445-c154-4cea-8e18-983bdf361c37/ already exists.
./circuit_plots/Unrestricted Disentangled|Readout|CN=1|B0=0|B1=1|K=1280|L=320|p_B=0.75|p_C=0.75|B=2|eps=0|35ad5445-c154-4cea-8e18-983bdf361c37/ already exists.
./circuit_plots/Unrestricted Disentangled|Readout|CN=1|B0=0|B1=1|K=1280|L=320|p_B=0.75|p_C=0.75|B=2|eps=0|35ad5445-c154-4cea-8e18-983bdf361c37/ already exists.
./circuit_plots/Unrestricted Disentangled|Readout|CN=1|B0=0|B1=1|K=1280|L=320|p_B=0.75|p_C=0.75|B=2|eps=0|35ad5445-c154-4cea-8e18-983bdf361c37/ already exists.
./circuit_plots/Unrestricted Disentangled|Readout|CN=1|B0=0|B1=1|K=1280|L=320|p_B=0.75|p_C=0.75|B=2|eps=0|35ad5445-c154-4cea-8e18-983bdf361c37/ already exists.
./circuit_plots/Unrestricted Disentangled|Readout|CN=1|B0=0|B1=1|K=1280|L=320|p_B=0.75|p_C=0.75|B=2|eps=0|35ad5445-c154-4cea-8e18-983bdf361c37/ already exists.
./circuit_plots/Unrestricted Disentangled|Readout|CN=1|B0=0|B1=1|K=1280|L=320|p_B=0.75|p_C=0.75|B=2|eps=0|35ad5445-c154-4cea-8e18-983bdf361c37/ already exists.
Epoch: 50, Loss: 5.770581245422363
Test acc: 0.0029, IC acc: 0.0036, IC acc2: 0.0031, IW acc: 0.0037
Epoch: 51, Loss: 5.786964416503906
Epoch: 52, Loss: 5.7724609375
Epoch: 53, Loss: 5.77122688293457
Epoch: 54, Loss: 5.76992130279541
Epoch: 55, Loss: 5.774478912353516
Epoch: 56, Loss: 5.755712032318115
Epoch: 57, Loss: 5.771437168121338
Epoch: 58, Loss: 5.751759052276611
Epoch: 59, Loss: 5.7574663162231445
Epoch: 60, Loss: 5.760985374450684
Test acc: 0.0029, IC acc: 0.0036, IC acc2: 0.0031, IW acc: 0.0037
Epoch: 61, Loss: 5.762870788574219
Epoch: 62, Loss: 5.774273872375488
Epoch: 63, Loss: 5.790828704833984
Epoch: 64, Loss: 5.760788917541504
Epoch: 65, Loss: 5.762674331665039
Epoch: 66, Loss: 5.761432647705078
Epoch: 67, Loss: 5.775128364562988
Epoch: 68, Loss: 5.789731502532959
Epoch: 69, Loss: 5.7779860496521
Epoch: 70, Loss: 5.775243759155273
Test acc: 0.0029, IC acc: 0.0036, IC acc2: 0.0031, IW acc: 0.0037
Epoch: 71, Loss: 5.769676208496094
Epoch: 72, Loss: 5.753322124481201
Epoch: 73, Loss: 5.7916412353515625
Epoch: 74, Loss: 5.754678726196289
Epoch: 75, Loss: 5.7724127769470215
Epoch: 76, Loss: 5.7670369148254395
Epoch: 77, Loss: 5.768958568572998
Epoch: 78, Loss: 5.751477241516113
Epoch: 79, Loss: 5.769131183624268
Epoch: 80, Loss: 5.77058744430542
Test acc: 0.0029, IC acc: 0.0036, IC acc2: 0.0032, IW acc: 0.0037
Epoch: 81, Loss: 5.764981269836426
Epoch: 82, Loss: 5.752511024475098
Epoch: 83, Loss: 5.782331466674805
Epoch: 84, Loss: 5.772103309631348
Epoch: 85, Loss: 5.760910987854004
Epoch: 86, Loss: 5.773715496063232
Epoch: 87, Loss: 5.774513244628906
Epoch: 88, Loss: 5.753976821899414
Epoch: 89, Loss: 5.763433456420898
Epoch: 90, Loss: 5.7702717781066895
Test acc: 0.0029, IC acc: 0.0036, IC acc2: 0.0031, IW acc: 0.0037
Epoch: 91, Loss: 5.757123947143555
Epoch: 92, Loss: 5.775929927825928
Epoch: 93, Loss: 5.74948263168335
Epoch: 94, Loss: 5.7666754722595215
Epoch: 95, Loss: 5.757109642028809
Epoch: 96, Loss: 5.779481887817383
Epoch: 97, Loss: 5.780274391174316
Epoch: 98, Loss: 5.771766662597656
Epoch: 99, Loss: 5.762754440307617
./circuit_plots/Unrestricted Disentangled|Readout|CN=1|B0=0|B1=1|K=1280|L=320|p_B=0.75|p_C=0.75|B=2|eps=0|35ad5445-c154-4cea-8e18-983bdf361c37/ already exists.
./circuit_plots/Unrestricted Disentangled|Readout|CN=1|B0=0|B1=1|K=1280|L=320|p_B=0.75|p_C=0.75|B=2|eps=0|35ad5445-c154-4cea-8e18-983bdf361c37/ already exists.
./circuit_plots/Unrestricted Disentangled|Readout|CN=1|B0=0|B1=1|K=1280|L=320|p_B=0.75|p_C=0.75|B=2|eps=0|35ad5445-c154-4cea-8e18-983bdf361c37/ already exists.
./circuit_plots/Unrestricted Disentangled|Readout|CN=1|B0=0|B1=1|K=1280|L=320|p_B=0.75|p_C=0.75|B=2|eps=0|35ad5445-c154-4cea-8e18-983bdf361c37/ already exists.
./circuit_plots/Unrestricted Disentangled|Readout|CN=1|B0=0|B1=1|K=1280|L=320|p_B=0.75|p_C=0.75|B=2|eps=0|35ad5445-c154-4cea-8e18-983bdf361c37/ already exists.
./circuit_plots/Unrestricted Disentangled|Readout|CN=1|B0=0|B1=1|K=1280|L=320|p_B=0.75|p_C=0.75|B=2|eps=0|35ad5445-c154-4cea-8e18-983bdf361c37/ already exists.
./circuit_plots/Unrestricted Disentangled|Readout|CN=1|B0=0|B1=1|K=1280|L=320|p_B=0.75|p_C=0.75|B=2|eps=0|35ad5445-c154-4cea-8e18-983bdf361c37/ already exists.
Epoch: 100, Loss: 5.770927429199219
Test acc: 0.0029, IC acc: 0.0036, IC acc2: 0.0032, IW acc: 0.0037
Epoch: 101, Loss: 5.7684645652771
Epoch: 102, Loss: 5.768970489501953
Epoch: 103, Loss: 5.752423286437988
Epoch: 104, Loss: 5.761782646179199
Epoch: 105, Loss: 5.7779974937438965
Epoch: 106, Loss: 5.769486427307129
Epoch: 107, Loss: 5.7634053230285645
Epoch: 108, Loss: 5.775867938995361
Epoch: 109, Loss: 5.757650852203369
Epoch: 110, Loss: 5.7630615234375
Test acc: 0.0029, IC acc: 0.0036, IC acc2: 0.0032, IW acc: 0.0037
Epoch: 111, Loss: 5.7639689445495605
Epoch: 112, Loss: 5.776320457458496
Epoch: 113, Loss: 5.768865585327148
Epoch: 114, Loss: 5.780263423919678
Epoch: 115, Loss: 5.77304744720459
Epoch: 116, Loss: 5.775805473327637
Epoch: 117, Loss: 5.767310619354248
Epoch: 118, Loss: 5.75497579574585
Epoch: 119, Loss: 5.770973205566406
Epoch: 120, Loss: 5.7785964012146
Test acc: 0.003, IC acc: 0.0036, IC acc2: 0.0032, IW acc: 0.0037
Epoch: 121, Loss: 5.788710594177246
Epoch: 122, Loss: 5.747001647949219
Epoch: 123, Loss: 5.768478870391846
Epoch: 124, Loss: 5.7603349685668945
Epoch: 125, Loss: 5.759546279907227
Epoch: 126, Loss: 5.761050224304199
Epoch: 127, Loss: 5.775883674621582
Epoch: 128, Loss: 5.75955057144165
Epoch: 129, Loss: 5.7726850509643555
Epoch: 130, Loss: 5.778695106506348
Test acc: 0.003, IC acc: 0.0036, IC acc2: 0.0032, IW acc: 0.0037
Epoch: 131, Loss: 5.765746593475342
Epoch: 132, Loss: 5.7771148681640625
Epoch: 133, Loss: 5.7611775398254395
Epoch: 134, Loss: 5.7665557861328125
Epoch: 135, Loss: 5.775266647338867
Epoch: 136, Loss: 5.768338203430176
Epoch: 137, Loss: 5.762897491455078
Epoch: 138, Loss: 5.763360977172852
Epoch: 139, Loss: 5.762621879577637
Epoch: 140, Loss: 5.7586870193481445
Test acc: 0.003, IC acc: 0.0036, IC acc2: 0.0033, IW acc: 0.0037
Epoch: 141, Loss: 5.763227462768555
Epoch: 142, Loss: 5.760268211364746
Epoch: 143, Loss: 5.766287803649902
Epoch: 144, Loss: 5.772800445556641
Epoch: 145, Loss: 5.763792991638184
Epoch: 146, Loss: 5.755029201507568
Epoch: 147, Loss: 5.752412796020508
Epoch: 148, Loss: 5.760964870452881
Epoch: 149, Loss: 5.769838809967041
./circuit_plots/Unrestricted Disentangled|Readout|CN=1|B0=0|B1=1|K=1280|L=320|p_B=0.75|p_C=0.75|B=2|eps=0|35ad5445-c154-4cea-8e18-983bdf361c37/ already exists.
./circuit_plots/Unrestricted Disentangled|Readout|CN=1|B0=0|B1=1|K=1280|L=320|p_B=0.75|p_C=0.75|B=2|eps=0|35ad5445-c154-4cea-8e18-983bdf361c37/ already exists.
./circuit_plots/Unrestricted Disentangled|Readout|CN=1|B0=0|B1=1|K=1280|L=320|p_B=0.75|p_C=0.75|B=2|eps=0|35ad5445-c154-4cea-8e18-983bdf361c37/ already exists.
./circuit_plots/Unrestricted Disentangled|Readout|CN=1|B0=0|B1=1|K=1280|L=320|p_B=0.75|p_C=0.75|B=2|eps=0|35ad5445-c154-4cea-8e18-983bdf361c37/ already exists.
./circuit_plots/Unrestricted Disentangled|Readout|CN=1|B0=0|B1=1|K=1280|L=320|p_B=0.75|p_C=0.75|B=2|eps=0|35ad5445-c154-4cea-8e18-983bdf361c37/ already exists.
./circuit_plots/Unrestricted Disentangled|Readout|CN=1|B0=0|B1=1|K=1280|L=320|p_B=0.75|p_C=0.75|B=2|eps=0|35ad5445-c154-4cea-8e18-983bdf361c37/ already exists.
./circuit_plots/Unrestricted Disentangled|Readout|CN=1|B0=0|B1=1|K=1280|L=320|p_B=0.75|p_C=0.75|B=2|eps=0|35ad5445-c154-4cea-8e18-983bdf361c37/ already exists.
Epoch: 150, Loss: 5.760353088378906
Test acc: 0.003, IC acc: 0.0037, IC acc2: 0.0033, IW acc: 0.0037
Epoch: 151, Loss: 5.7655110359191895
Epoch: 152, Loss: 5.774468421936035
Epoch: 153, Loss: 5.749704360961914
Epoch: 154, Loss: 5.766858100891113
Epoch: 155, Loss: 5.770560264587402
Epoch: 156, Loss: 5.768709182739258
Epoch: 157, Loss: 5.759555816650391
Epoch: 158, Loss: 5.767311096191406
Epoch: 159, Loss: 5.767494201660156
Epoch: 160, Loss: 5.779430389404297
Test acc: 0.003, IC acc: 0.0038, IC acc2: 0.0033, IW acc: 0.0038
Epoch: 161, Loss: 5.7523040771484375
Epoch: 162, Loss: 5.76413106918335
Epoch: 163, Loss: 5.76270866394043
Epoch: 164, Loss: 5.76630973815918
Epoch: 165, Loss: 5.752473831176758
Epoch: 166, Loss: 5.768287658691406
Epoch: 167, Loss: 5.755734443664551
Epoch: 168, Loss: 5.764481544494629
Epoch: 169, Loss: 5.748025417327881
Epoch: 170, Loss: 5.77423095703125
Test acc: 0.003, IC acc: 0.0038, IC acc2: 0.0033, IW acc: 0.0037
Epoch: 171, Loss: 5.7750959396362305
Epoch: 172, Loss: 5.769208908081055
Epoch: 173, Loss: 5.758415222167969
Epoch: 174, Loss: 5.773675918579102
Epoch: 175, Loss: 5.761963844299316
Epoch: 176, Loss: 5.763759136199951
Epoch: 177, Loss: 5.757989883422852
Epoch: 178, Loss: 5.76307487487793
Epoch: 179, Loss: 5.755951881408691
Epoch: 180, Loss: 5.76702880859375
Test acc: 0.003, IC acc: 0.004, IC acc2: 0.0033, IW acc: 0.0037
Epoch: 181, Loss: 5.772258758544922
Epoch: 182, Loss: 5.762394905090332
Epoch: 183, Loss: 5.776926040649414
Epoch: 184, Loss: 5.7518205642700195
Epoch: 185, Loss: 5.7634453773498535
Epoch: 186, Loss: 5.767431259155273
Epoch: 187, Loss: 5.779227256774902
Epoch: 188, Loss: 5.7835001945495605
Epoch: 189, Loss: 5.759243965148926
Epoch: 190, Loss: 5.759846210479736
Test acc: 0.003, IC acc: 0.004, IC acc2: 0.0033, IW acc: 0.0038
Epoch: 191, Loss: 5.765782356262207
Epoch: 192, Loss: 5.778678894042969
Epoch: 193, Loss: 5.771132469177246
Epoch: 194, Loss: 5.777457237243652
Epoch: 195, Loss: 5.770244121551514
Epoch: 196, Loss: 5.766387939453125
Epoch: 197, Loss: 5.7746076583862305
Epoch: 198, Loss: 5.783925533294678
Epoch: 199, Loss: 5.766550064086914
./circuit_plots/Unrestricted Disentangled|Readout|CN=1|B0=0|B1=1|K=1280|L=320|p_B=0.75|p_C=0.75|B=2|eps=0|35ad5445-c154-4cea-8e18-983bdf361c37/ already exists.
./circuit_plots/Unrestricted Disentangled|Readout|CN=1|B0=0|B1=1|K=1280|L=320|p_B=0.75|p_C=0.75|B=2|eps=0|35ad5445-c154-4cea-8e18-983bdf361c37/ already exists.
./circuit_plots/Unrestricted Disentangled|Readout|CN=1|B0=0|B1=1|K=1280|L=320|p_B=0.75|p_C=0.75|B=2|eps=0|35ad5445-c154-4cea-8e18-983bdf361c37/ already exists.
./circuit_plots/Unrestricted Disentangled|Readout|CN=1|B0=0|B1=1|K=1280|L=320|p_B=0.75|p_C=0.75|B=2|eps=0|35ad5445-c154-4cea-8e18-983bdf361c37/ already exists.
./circuit_plots/Unrestricted Disentangled|Readout|CN=1|B0=0|B1=1|K=1280|L=320|p_B=0.75|p_C=0.75|B=2|eps=0|35ad5445-c154-4cea-8e18-983bdf361c37/ already exists.
./circuit_plots/Unrestricted Disentangled|Readout|CN=1|B0=0|B1=1|K=1280|L=320|p_B=0.75|p_C=0.75|B=2|eps=0|35ad5445-c154-4cea-8e18-983bdf361c37/ already exists.
./circuit_plots/Unrestricted Disentangled|Readout|CN=1|B0=0|B1=1|K=1280|L=320|p_B=0.75|p_C=0.75|B=2|eps=0|35ad5445-c154-4cea-8e18-983bdf361c37/ already exists.
Epoch: 200, Loss: 5.766018867492676
Test acc: 0.003, IC acc: 0.004, IC acc2: 0.0033, IW acc: 0.0038
Epoch: 201, Loss: 5.767350196838379
Epoch: 202, Loss: 5.7626633644104
Epoch: 203, Loss: 5.766957759857178
Epoch: 204, Loss: 5.764566421508789
Epoch: 205, Loss: 5.773506164550781
Epoch: 206, Loss: 5.762227535247803
Epoch: 207, Loss: 5.774118423461914
Epoch: 208, Loss: 5.763795375823975
Epoch: 209, Loss: 5.77632999420166
Epoch: 210, Loss: 5.757960319519043
Test acc: 0.003, IC acc: 0.004, IC acc2: 0.0033, IW acc: 0.0038
Epoch: 211, Loss: 5.768444061279297
Epoch: 212, Loss: 5.770164966583252
Epoch: 213, Loss: 5.7706403732299805
Epoch: 214, Loss: 5.76589298248291
Epoch: 215, Loss: 5.75112247467041
Epoch: 216, Loss: 5.776113033294678
Epoch: 217, Loss: 5.77108097076416
Epoch: 218, Loss: 5.766881942749023
Epoch: 219, Loss: 5.766098976135254
Epoch: 220, Loss: 5.759521484375
Test acc: 0.0031, IC acc: 0.004, IC acc2: 0.0034, IW acc: 0.0038
Epoch: 221, Loss: 5.7582244873046875
Epoch: 222, Loss: 5.772077560424805
Epoch: 223, Loss: 5.747504234313965
Epoch: 224, Loss: 5.7545952796936035
Epoch: 225, Loss: 5.767887115478516
Epoch: 226, Loss: 5.7647576332092285
Epoch: 227, Loss: 5.767030715942383
Epoch: 228, Loss: 5.768622398376465
Epoch: 229, Loss: 5.749616622924805
Epoch: 230, Loss: 5.770276069641113
Test acc: 0.0031, IC acc: 0.004, IC acc2: 0.0033, IW acc: 0.0038
Epoch: 231, Loss: 5.765495300292969
Epoch: 232, Loss: 5.765787601470947
Epoch: 233, Loss: 5.774038314819336
Epoch: 234, Loss: 5.765445709228516
Epoch: 235, Loss: 5.770962715148926
Epoch: 236, Loss: 5.765730857849121
Epoch: 237, Loss: 5.759364128112793
Epoch: 238, Loss: 5.762208938598633
Epoch: 239, Loss: 5.752124786376953
Epoch: 240, Loss: 5.765750408172607
Test acc: 0.0031, IC acc: 0.0041, IC acc2: 0.0033, IW acc: 0.0038
Epoch: 241, Loss: 5.764287948608398
Epoch: 242, Loss: 5.770881175994873
Epoch: 243, Loss: 5.755219459533691
Epoch: 244, Loss: 5.758898735046387
Epoch: 245, Loss: 5.751641273498535
Epoch: 246, Loss: 5.777516841888428
Epoch: 247, Loss: 5.761633396148682
Epoch: 248, Loss: 5.751471519470215
Epoch: 249, Loss: 5.76792049407959
./circuit_plots/Unrestricted Disentangled|Readout|CN=1|B0=0|B1=1|K=1280|L=320|p_B=0.75|p_C=0.75|B=2|eps=0|35ad5445-c154-4cea-8e18-983bdf361c37/ already exists.
./circuit_plots/Unrestricted Disentangled|Readout|CN=1|B0=0|B1=1|K=1280|L=320|p_B=0.75|p_C=0.75|B=2|eps=0|35ad5445-c154-4cea-8e18-983bdf361c37/ already exists.
./circuit_plots/Unrestricted Disentangled|Readout|CN=1|B0=0|B1=1|K=1280|L=320|p_B=0.75|p_C=0.75|B=2|eps=0|35ad5445-c154-4cea-8e18-983bdf361c37/ already exists.
./circuit_plots/Unrestricted Disentangled|Readout|CN=1|B0=0|B1=1|K=1280|L=320|p_B=0.75|p_C=0.75|B=2|eps=0|35ad5445-c154-4cea-8e18-983bdf361c37/ already exists.
./circuit_plots/Unrestricted Disentangled|Readout|CN=1|B0=0|B1=1|K=1280|L=320|p_B=0.75|p_C=0.75|B=2|eps=0|35ad5445-c154-4cea-8e18-983bdf361c37/ already exists.
./circuit_plots/Unrestricted Disentangled|Readout|CN=1|B0=0|B1=1|K=1280|L=320|p_B=0.75|p_C=0.75|B=2|eps=0|35ad5445-c154-4cea-8e18-983bdf361c37/ already exists.
./circuit_plots/Unrestricted Disentangled|Readout|CN=1|B0=0|B1=1|K=1280|L=320|p_B=0.75|p_C=0.75|B=2|eps=0|35ad5445-c154-4cea-8e18-983bdf361c37/ already exists.
Epoch: 250, Loss: 5.769314765930176
Test acc: 0.003, IC acc: 0.0042, IC acc2: 0.0033, IW acc: 0.0038
Epoch: 251, Loss: 5.767908096313477
Epoch: 252, Loss: 5.760448455810547
Epoch: 253, Loss: 5.78035306930542
Epoch: 254, Loss: 5.769954681396484
Epoch: 255, Loss: 5.777222633361816
Epoch: 256, Loss: 5.761152267456055
Epoch: 257, Loss: 5.758298873901367
Epoch: 258, Loss: 5.76806640625
Epoch: 259, Loss: 5.773650169372559
Epoch: 260, Loss: 5.769330024719238
Test acc: 0.003, IC acc: 0.0042, IC acc2: 0.0032, IW acc: 0.0038
Epoch: 261, Loss: 5.761178493499756
Epoch: 262, Loss: 5.767064094543457
Epoch: 263, Loss: 5.773137092590332
Epoch: 264, Loss: 5.76032018661499
Epoch: 265, Loss: 5.761754512786865
Epoch: 266, Loss: 5.770548343658447
Epoch: 267, Loss: 5.759488105773926
Epoch: 268, Loss: 5.776144027709961
Epoch: 269, Loss: 5.775555610656738
Epoch: 270, Loss: 5.744484901428223
Test acc: 0.003, IC acc: 0.0042, IC acc2: 0.0033, IW acc: 0.0038
Epoch: 271, Loss: 5.7624616622924805
Epoch: 272, Loss: 5.760501861572266
Epoch: 273, Loss: 5.7670183181762695
Epoch: 274, Loss: 5.754757881164551
Epoch: 275, Loss: 5.77962589263916
Epoch: 276, Loss: 5.74112606048584
Epoch: 277, Loss: 5.769137382507324
Epoch: 278, Loss: 5.767216682434082
Epoch: 279, Loss: 5.777255058288574
Epoch: 280, Loss: 5.76643180847168
Test acc: 0.0032, IC acc: 0.0042, IC acc2: 0.0034, IW acc: 0.0038
Epoch: 281, Loss: 5.772397518157959
Epoch: 282, Loss: 5.756725311279297
Epoch: 283, Loss: 5.7773590087890625
Epoch: 284, Loss: 5.749825477600098
Epoch: 285, Loss: 5.759842872619629
Epoch: 286, Loss: 5.758450031280518
Epoch: 287, Loss: 5.765364170074463
Epoch: 288, Loss: 5.7513628005981445
Epoch: 289, Loss: 5.781000137329102
Epoch: 290, Loss: 5.784331798553467
Test acc: 0.0033, IC acc: 0.0042, IC acc2: 0.0034, IW acc: 0.0038
Epoch: 291, Loss: 5.785259246826172
Epoch: 292, Loss: 5.7655534744262695
Epoch: 293, Loss: 5.775643348693848
Epoch: 294, Loss: 5.755406379699707
Epoch: 295, Loss: 5.757759094238281
Epoch: 296, Loss: 5.7642927169799805
Epoch: 297, Loss: 5.765681266784668
Epoch: 298, Loss: 5.769076347351074
Epoch: 299, Loss: 5.7640228271484375
./circuit_plots/Unrestricted Disentangled|Readout|CN=1|B0=0|B1=1|K=1280|L=320|p_B=0.75|p_C=0.75|B=2|eps=0|35ad5445-c154-4cea-8e18-983bdf361c37/ already exists.
./circuit_plots/Unrestricted Disentangled|Readout|CN=1|B0=0|B1=1|K=1280|L=320|p_B=0.75|p_C=0.75|B=2|eps=0|35ad5445-c154-4cea-8e18-983bdf361c37/ already exists.
./circuit_plots/Unrestricted Disentangled|Readout|CN=1|B0=0|B1=1|K=1280|L=320|p_B=0.75|p_C=0.75|B=2|eps=0|35ad5445-c154-4cea-8e18-983bdf361c37/ already exists.
./circuit_plots/Unrestricted Disentangled|Readout|CN=1|B0=0|B1=1|K=1280|L=320|p_B=0.75|p_C=0.75|B=2|eps=0|35ad5445-c154-4cea-8e18-983bdf361c37/ already exists.
./circuit_plots/Unrestricted Disentangled|Readout|CN=1|B0=0|B1=1|K=1280|L=320|p_B=0.75|p_C=0.75|B=2|eps=0|35ad5445-c154-4cea-8e18-983bdf361c37/ already exists.
./circuit_plots/Unrestricted Disentangled|Readout|CN=1|B0=0|B1=1|K=1280|L=320|p_B=0.75|p_C=0.75|B=2|eps=0|35ad5445-c154-4cea-8e18-983bdf361c37/ already exists.
./circuit_plots/Unrestricted Disentangled|Readout|CN=1|B0=0|B1=1|K=1280|L=320|p_B=0.75|p_C=0.75|B=2|eps=0|35ad5445-c154-4cea-8e18-983bdf361c37/ already exists.
Epoch: 300, Loss: 5.768192768096924
Test acc: 0.0033, IC acc: 0.0042, IC acc2: 0.0033, IW acc: 0.0038
Epoch: 301, Loss: 5.763515472412109
Epoch: 302, Loss: 5.755466938018799
Epoch: 303, Loss: 5.765633583068848
Epoch: 304, Loss: 5.77139949798584
Epoch: 305, Loss: 5.7463059425354
Epoch: 306, Loss: 5.750655174255371
Epoch: 307, Loss: 5.758034706115723
Epoch: 308, Loss: 5.7635345458984375
Epoch: 309, Loss: 5.778656005859375
Epoch: 310, Loss: 5.767940998077393
Test acc: 0.0033, IC acc: 0.0042, IC acc2: 0.0032, IW acc: 0.0039
Epoch: 311, Loss: 5.776654243469238
Epoch: 312, Loss: 5.776022911071777
Epoch: 313, Loss: 5.769806861877441
Epoch: 314, Loss: 5.774734020233154
Epoch: 315, Loss: 5.7687482833862305
Epoch: 316, Loss: 5.752463340759277
Epoch: 317, Loss: 5.748252868652344
Epoch: 318, Loss: 5.776389122009277
Epoch: 319, Loss: 5.750805854797363
Epoch: 320, Loss: 5.764815807342529
Test acc: 0.0033, IC acc: 0.0042, IC acc2: 0.0031, IW acc: 0.0038
Epoch: 321, Loss: 5.756296157836914
Epoch: 322, Loss: 5.7723469734191895
Epoch: 323, Loss: 5.765059947967529
Epoch: 324, Loss: 5.762773513793945
Epoch: 325, Loss: 5.754422187805176
Epoch: 326, Loss: 5.763075828552246
Epoch: 327, Loss: 5.755670547485352
Epoch: 328, Loss: 5.745226860046387
Epoch: 329, Loss: 5.753829479217529
Epoch: 330, Loss: 5.757109642028809
Test acc: 0.0033, IC acc: 0.0043, IC acc2: 0.0031, IW acc: 0.0038
Epoch: 331, Loss: 5.764309406280518
Epoch: 332, Loss: 5.7588582038879395
Epoch: 333, Loss: 5.76771879196167
Epoch: 334, Loss: 5.7549943923950195
Epoch: 335, Loss: 5.768913269042969
Epoch: 336, Loss: 5.766414642333984
Epoch: 337, Loss: 5.760152816772461
Epoch: 338, Loss: 5.765028953552246
Epoch: 339, Loss: 5.767209053039551
Epoch: 340, Loss: 5.76324462890625
Test acc: 0.0033, IC acc: 0.0043, IC acc2: 0.0031, IW acc: 0.0039
Epoch: 341, Loss: 5.760497570037842
Epoch: 342, Loss: 5.757110595703125
Epoch: 343, Loss: 5.760821342468262
Epoch: 344, Loss: 5.755331993103027
Epoch: 345, Loss: 5.773634910583496
Epoch: 346, Loss: 5.767021179199219
Epoch: 347, Loss: 5.775279998779297
Epoch: 348, Loss: 5.762182235717773
Epoch: 349, Loss: 5.755867958068848
./circuit_plots/Unrestricted Disentangled|Readout|CN=1|B0=0|B1=1|K=1280|L=320|p_B=0.75|p_C=0.75|B=2|eps=0|35ad5445-c154-4cea-8e18-983bdf361c37/ already exists.
./circuit_plots/Unrestricted Disentangled|Readout|CN=1|B0=0|B1=1|K=1280|L=320|p_B=0.75|p_C=0.75|B=2|eps=0|35ad5445-c154-4cea-8e18-983bdf361c37/ already exists.
./circuit_plots/Unrestricted Disentangled|Readout|CN=1|B0=0|B1=1|K=1280|L=320|p_B=0.75|p_C=0.75|B=2|eps=0|35ad5445-c154-4cea-8e18-983bdf361c37/ already exists.
./circuit_plots/Unrestricted Disentangled|Readout|CN=1|B0=0|B1=1|K=1280|L=320|p_B=0.75|p_C=0.75|B=2|eps=0|35ad5445-c154-4cea-8e18-983bdf361c37/ already exists.
./circuit_plots/Unrestricted Disentangled|Readout|CN=1|B0=0|B1=1|K=1280|L=320|p_B=0.75|p_C=0.75|B=2|eps=0|35ad5445-c154-4cea-8e18-983bdf361c37/ already exists.
./circuit_plots/Unrestricted Disentangled|Readout|CN=1|B0=0|B1=1|K=1280|L=320|p_B=0.75|p_C=0.75|B=2|eps=0|35ad5445-c154-4cea-8e18-983bdf361c37/ already exists.
./circuit_plots/Unrestricted Disentangled|Readout|CN=1|B0=0|B1=1|K=1280|L=320|p_B=0.75|p_C=0.75|B=2|eps=0|35ad5445-c154-4cea-8e18-983bdf361c37/ already exists.
Epoch: 350, Loss: 5.754617214202881
Test acc: 0.0033, IC acc: 0.0043, IC acc2: 0.0032, IW acc: 0.0039
Epoch: 351, Loss: 5.762155532836914
Epoch: 352, Loss: 5.759195804595947
Epoch: 353, Loss: 5.753674030303955
Epoch: 354, Loss: 5.775852203369141
Epoch: 355, Loss: 5.750991344451904
Epoch: 356, Loss: 5.76417350769043
Epoch: 357, Loss: 5.775594711303711
Epoch: 358, Loss: 5.776083946228027
Epoch: 359, Loss: 5.772296905517578
Epoch: 360, Loss: 5.756012916564941
Test acc: 0.0033, IC acc: 0.0043, IC acc2: 0.0032, IW acc: 0.0039
Epoch: 361, Loss: 5.764220237731934
Epoch: 362, Loss: 5.756619930267334
Epoch: 363, Loss: 5.76922607421875
Epoch: 364, Loss: 5.7695231437683105
Epoch: 365, Loss: 5.751589775085449
Epoch: 366, Loss: 5.760076522827148
Epoch: 367, Loss: 5.7500810623168945
Epoch: 368, Loss: 5.757997035980225
Epoch: 369, Loss: 5.745413780212402
Epoch: 370, Loss: 5.7657694816589355
Test acc: 0.0035, IC acc: 0.0043, IC acc2: 0.0032, IW acc: 0.0039
Epoch: 371, Loss: 5.756394386291504
Epoch: 372, Loss: 5.7620110511779785
Epoch: 373, Loss: 5.75884485244751
Epoch: 374, Loss: 5.769919395446777
Epoch: 375, Loss: 5.774805545806885
Epoch: 376, Loss: 5.761561870574951
Epoch: 377, Loss: 5.761814117431641
Epoch: 378, Loss: 5.751894950866699
Epoch: 379, Loss: 5.7660136222839355
Epoch: 380, Loss: 5.762098789215088
Test acc: 0.0035, IC acc: 0.0043, IC acc2: 0.0032, IW acc: 0.0039
Epoch: 381, Loss: 5.751610279083252
Epoch: 382, Loss: 5.770966529846191
Epoch: 383, Loss: 5.749554634094238
Epoch: 384, Loss: 5.757931232452393
Epoch: 385, Loss: 5.763063430786133
Epoch: 386, Loss: 5.765649795532227
Epoch: 387, Loss: 5.762744903564453
Epoch: 388, Loss: 5.770872592926025
Epoch: 389, Loss: 5.762790203094482
Epoch: 390, Loss: 5.768430709838867
Test acc: 0.0037, IC acc: 0.0043, IC acc2: 0.0032, IW acc: 0.0039
Epoch: 391, Loss: 5.770051002502441
Epoch: 392, Loss: 5.765745162963867
Epoch: 393, Loss: 5.7520856857299805
Epoch: 394, Loss: 5.750410079956055
Epoch: 395, Loss: 5.751933574676514
Epoch: 396, Loss: 5.765341758728027
Epoch: 397, Loss: 5.761714458465576
Epoch: 398, Loss: 5.772939682006836
Epoch: 399, Loss: 5.778866767883301
./circuit_plots/Unrestricted Disentangled|Readout|CN=1|B0=0|B1=1|K=1280|L=320|p_B=0.75|p_C=0.75|B=2|eps=0|35ad5445-c154-4cea-8e18-983bdf361c37/ already exists.
./circuit_plots/Unrestricted Disentangled|Readout|CN=1|B0=0|B1=1|K=1280|L=320|p_B=0.75|p_C=0.75|B=2|eps=0|35ad5445-c154-4cea-8e18-983bdf361c37/ already exists.
./circuit_plots/Unrestricted Disentangled|Readout|CN=1|B0=0|B1=1|K=1280|L=320|p_B=0.75|p_C=0.75|B=2|eps=0|35ad5445-c154-4cea-8e18-983bdf361c37/ already exists.
./circuit_plots/Unrestricted Disentangled|Readout|CN=1|B0=0|B1=1|K=1280|L=320|p_B=0.75|p_C=0.75|B=2|eps=0|35ad5445-c154-4cea-8e18-983bdf361c37/ already exists.
./circuit_plots/Unrestricted Disentangled|Readout|CN=1|B0=0|B1=1|K=1280|L=320|p_B=0.75|p_C=0.75|B=2|eps=0|35ad5445-c154-4cea-8e18-983bdf361c37/ already exists.
./circuit_plots/Unrestricted Disentangled|Readout|CN=1|B0=0|B1=1|K=1280|L=320|p_B=0.75|p_C=0.75|B=2|eps=0|35ad5445-c154-4cea-8e18-983bdf361c37/ already exists.
./circuit_plots/Unrestricted Disentangled|Readout|CN=1|B0=0|B1=1|K=1280|L=320|p_B=0.75|p_C=0.75|B=2|eps=0|35ad5445-c154-4cea-8e18-983bdf361c37/ already exists.
Epoch: 400, Loss: 5.7694597244262695
Test acc: 0.0037, IC acc: 0.0043, IC acc2: 0.0032, IW acc: 0.0039
Epoch: 401, Loss: 5.777788162231445
Epoch: 402, Loss: 5.737853527069092
Epoch: 403, Loss: 5.764951705932617
Epoch: 404, Loss: 5.767681121826172
Epoch: 405, Loss: 5.763418197631836
Epoch: 406, Loss: 5.752053737640381
Epoch: 407, Loss: 5.757483005523682
Epoch: 408, Loss: 5.767523765563965
Epoch: 409, Loss: 5.766556739807129
Epoch: 410, Loss: 5.7612504959106445
Test acc: 0.0036, IC acc: 0.0043, IC acc2: 0.0032, IW acc: 0.0039
Epoch: 411, Loss: 5.754024505615234
Epoch: 412, Loss: 5.755049228668213
Epoch: 413, Loss: 5.7556962966918945
Epoch: 414, Loss: 5.7813496589660645
Epoch: 415, Loss: 5.759184837341309
Epoch: 416, Loss: 5.771933555603027
Epoch: 417, Loss: 5.7672929763793945
Epoch: 418, Loss: 5.759005546569824
Epoch: 419, Loss: 5.780385971069336
Epoch: 420, Loss: 5.767183303833008
Test acc: 0.0038, IC acc: 0.0044, IC acc2: 0.0033, IW acc: 0.0039
Epoch: 421, Loss: 5.766486644744873
Epoch: 422, Loss: 5.753241539001465
Epoch: 423, Loss: 5.770537376403809
Epoch: 424, Loss: 5.767285346984863
Epoch: 425, Loss: 5.756872177124023
Epoch: 426, Loss: 5.766651153564453
Epoch: 427, Loss: 5.768524169921875
Epoch: 428, Loss: 5.758055686950684
Epoch: 429, Loss: 5.768562316894531
Epoch: 430, Loss: 5.763850688934326
Test acc: 0.0037, IC acc: 0.0044, IC acc2: 0.0033, IW acc: 0.0039
Epoch: 431, Loss: 5.761477470397949
Epoch: 432, Loss: 5.744322299957275
Epoch: 433, Loss: 5.758871078491211
Epoch: 434, Loss: 5.757422924041748
Epoch: 435, Loss: 5.755296230316162
Epoch: 436, Loss: 5.762425422668457
Epoch: 437, Loss: 5.764121055603027
Epoch: 438, Loss: 5.755802154541016
Epoch: 439, Loss: 5.770434379577637
Epoch: 440, Loss: 5.763725757598877
Test acc: 0.0038, IC acc: 0.0044, IC acc2: 0.0033, IW acc: 0.0039
Epoch: 441, Loss: 5.770857334136963
Epoch: 442, Loss: 5.759269714355469
Epoch: 443, Loss: 5.77048921585083
Epoch: 444, Loss: 5.742579460144043
Epoch: 445, Loss: 5.774590492248535
Epoch: 446, Loss: 5.759978294372559
Epoch: 447, Loss: 5.757869720458984
Epoch: 448, Loss: 5.761954307556152
Epoch: 449, Loss: 5.768874168395996
./circuit_plots/Unrestricted Disentangled|Readout|CN=1|B0=0|B1=1|K=1280|L=320|p_B=0.75|p_C=0.75|B=2|eps=0|35ad5445-c154-4cea-8e18-983bdf361c37/ already exists.
./circuit_plots/Unrestricted Disentangled|Readout|CN=1|B0=0|B1=1|K=1280|L=320|p_B=0.75|p_C=0.75|B=2|eps=0|35ad5445-c154-4cea-8e18-983bdf361c37/ already exists.
./circuit_plots/Unrestricted Disentangled|Readout|CN=1|B0=0|B1=1|K=1280|L=320|p_B=0.75|p_C=0.75|B=2|eps=0|35ad5445-c154-4cea-8e18-983bdf361c37/ already exists.
./circuit_plots/Unrestricted Disentangled|Readout|CN=1|B0=0|B1=1|K=1280|L=320|p_B=0.75|p_C=0.75|B=2|eps=0|35ad5445-c154-4cea-8e18-983bdf361c37/ already exists.
./circuit_plots/Unrestricted Disentangled|Readout|CN=1|B0=0|B1=1|K=1280|L=320|p_B=0.75|p_C=0.75|B=2|eps=0|35ad5445-c154-4cea-8e18-983bdf361c37/ already exists.
./circuit_plots/Unrestricted Disentangled|Readout|CN=1|B0=0|B1=1|K=1280|L=320|p_B=0.75|p_C=0.75|B=2|eps=0|35ad5445-c154-4cea-8e18-983bdf361c37/ already exists.
./circuit_plots/Unrestricted Disentangled|Readout|CN=1|B0=0|B1=1|K=1280|L=320|p_B=0.75|p_C=0.75|B=2|eps=0|35ad5445-c154-4cea-8e18-983bdf361c37/ already exists.
Epoch: 450, Loss: 5.769735336303711
Test acc: 0.0039, IC acc: 0.0045, IC acc2: 0.0032, IW acc: 0.0039
Epoch: 451, Loss: 5.766948223114014
Epoch: 452, Loss: 5.758345603942871
Epoch: 453, Loss: 5.75661563873291
Epoch: 454, Loss: 5.764683723449707
Epoch: 455, Loss: 5.765654563903809
Epoch: 456, Loss: 5.761798858642578
Epoch: 457, Loss: 5.7659406661987305
Epoch: 458, Loss: 5.767761707305908
Epoch: 459, Loss: 5.747162818908691
Epoch: 460, Loss: 5.766909122467041
Test acc: 0.0039, IC acc: 0.0046, IC acc2: 0.0033, IW acc: 0.0039
Epoch: 461, Loss: 5.76315975189209
Epoch: 462, Loss: 5.770893096923828
Epoch: 463, Loss: 5.756063461303711
Epoch: 464, Loss: 5.753538131713867
Epoch: 465, Loss: 5.759242057800293
Epoch: 466, Loss: 5.763282299041748
Epoch: 467, Loss: 5.781321048736572
Epoch: 468, Loss: 5.762074947357178
Epoch: 469, Loss: 5.749179363250732
Epoch: 470, Loss: 5.756472587585449
Test acc: 0.0041, IC acc: 0.0046, IC acc2: 0.0032, IW acc: 0.0039
Epoch: 471, Loss: 5.7659196853637695
Epoch: 472, Loss: 5.744057655334473
Epoch: 473, Loss: 5.753080368041992
Epoch: 474, Loss: 5.76218318939209
Epoch: 475, Loss: 5.747115612030029
Epoch: 476, Loss: 5.756580352783203
Epoch: 477, Loss: 5.767635822296143
Epoch: 478, Loss: 5.752911567687988
Epoch: 479, Loss: 5.760528564453125
Epoch: 480, Loss: 5.762071132659912
Test acc: 0.0041, IC acc: 0.0047, IC acc2: 0.0033, IW acc: 0.0038
Epoch: 481, Loss: 5.7515716552734375
Epoch: 482, Loss: 5.776508331298828
Epoch: 483, Loss: 5.752099990844727
Epoch: 484, Loss: 5.762030601501465
Epoch: 485, Loss: 5.764803886413574
Epoch: 486, Loss: 5.763946056365967
Epoch: 487, Loss: 5.761393070220947
Epoch: 488, Loss: 5.767974853515625
Epoch: 489, Loss: 5.758601665496826
Epoch: 490, Loss: 5.758818626403809
Test acc: 0.0041, IC acc: 0.0047, IC acc2: 0.0033, IW acc: 0.0039
Epoch: 491, Loss: 5.778419494628906
Epoch: 492, Loss: 5.766364097595215
Epoch: 493, Loss: 5.760743141174316
Epoch: 494, Loss: 5.77199649810791
Epoch: 495, Loss: 5.776988983154297
Epoch: 496, Loss: 5.75611686706543
Epoch: 497, Loss: 5.7576003074646
Epoch: 498, Loss: 5.763830661773682
Epoch: 499, Loss: 5.769630432128906
./circuit_plots/Unrestricted Disentangled|Readout|CN=1|B0=0|B1=1|K=1280|L=320|p_B=0.75|p_C=0.75|B=2|eps=0|35ad5445-c154-4cea-8e18-983bdf361c37/ already exists.
./circuit_plots/Unrestricted Disentangled|Readout|CN=1|B0=0|B1=1|K=1280|L=320|p_B=0.75|p_C=0.75|B=2|eps=0|35ad5445-c154-4cea-8e18-983bdf361c37/ already exists.
./circuit_plots/Unrestricted Disentangled|Readout|CN=1|B0=0|B1=1|K=1280|L=320|p_B=0.75|p_C=0.75|B=2|eps=0|35ad5445-c154-4cea-8e18-983bdf361c37/ already exists.
./circuit_plots/Unrestricted Disentangled|Readout|CN=1|B0=0|B1=1|K=1280|L=320|p_B=0.75|p_C=0.75|B=2|eps=0|35ad5445-c154-4cea-8e18-983bdf361c37/ already exists.
./circuit_plots/Unrestricted Disentangled|Readout|CN=1|B0=0|B1=1|K=1280|L=320|p_B=0.75|p_C=0.75|B=2|eps=0|35ad5445-c154-4cea-8e18-983bdf361c37/ already exists.
./circuit_plots/Unrestricted Disentangled|Readout|CN=1|B0=0|B1=1|K=1280|L=320|p_B=0.75|p_C=0.75|B=2|eps=0|35ad5445-c154-4cea-8e18-983bdf361c37/ already exists.
./circuit_plots/Unrestricted Disentangled|Readout|CN=1|B0=0|B1=1|K=1280|L=320|p_B=0.75|p_C=0.75|B=2|eps=0|35ad5445-c154-4cea-8e18-983bdf361c37/ already exists.
Epoch: 500, Loss: 5.755959987640381
Test acc: 0.0041, IC acc: 0.0047, IC acc2: 0.0033, IW acc: 0.0038
Epoch: 501, Loss: 5.749492645263672
Epoch: 502, Loss: 5.75849723815918
Epoch: 503, Loss: 5.755995750427246
Epoch: 504, Loss: 5.76309061050415
Epoch: 505, Loss: 5.769405841827393
Epoch: 506, Loss: 5.765208721160889
Epoch: 507, Loss: 5.753220558166504
Epoch: 508, Loss: 5.765995502471924
Epoch: 509, Loss: 5.760851860046387
Epoch: 510, Loss: 5.758492469787598
Test acc: 0.0043, IC acc: 0.0047, IC acc2: 0.0033, IW acc: 0.0038
Epoch: 511, Loss: 5.758318901062012
Epoch: 512, Loss: 5.738219261169434
Epoch: 513, Loss: 5.760483741760254
Epoch: 514, Loss: 5.764912128448486
Epoch: 515, Loss: 5.752565383911133
Epoch: 516, Loss: 5.751767158508301
Epoch: 517, Loss: 5.772893905639648
Epoch: 518, Loss: 5.7676615715026855
Epoch: 519, Loss: 5.768892765045166
Epoch: 520, Loss: 5.762698173522949
Test acc: 0.0043, IC acc: 0.0047, IC acc2: 0.0033, IW acc: 0.0038
Epoch: 521, Loss: 5.752532005310059
Epoch: 522, Loss: 5.76570987701416
Epoch: 523, Loss: 5.740833759307861
Epoch: 524, Loss: 5.774977684020996
Epoch: 525, Loss: 5.7659735679626465
Epoch: 526, Loss: 5.774785995483398
Epoch: 527, Loss: 5.761285781860352
Epoch: 528, Loss: 5.768971920013428
Epoch: 529, Loss: 5.760885238647461
Epoch: 530, Loss: 5.74802303314209
Test acc: 0.0043, IC acc: 0.0047, IC acc2: 0.0033, IW acc: 0.0038
Epoch: 531, Loss: 5.761557102203369
Epoch: 532, Loss: 5.760843276977539
Epoch: 533, Loss: 5.770830154418945
Epoch: 534, Loss: 5.7574687004089355
Epoch: 535, Loss: 5.766427993774414
Epoch: 536, Loss: 5.759088039398193
Epoch: 537, Loss: 5.755660057067871
Epoch: 538, Loss: 5.766038417816162
Epoch: 539, Loss: 5.764044761657715
Epoch: 540, Loss: 5.760698318481445
Test acc: 0.0043, IC acc: 0.0047, IC acc2: 0.0033, IW acc: 0.0038
Epoch: 541, Loss: 5.776111602783203
Epoch: 542, Loss: 5.769078254699707
Epoch: 543, Loss: 5.7568511962890625
Epoch: 544, Loss: 5.766129493713379
Epoch: 545, Loss: 5.765110015869141
Epoch: 546, Loss: 5.763373374938965
Epoch: 547, Loss: 5.766241073608398
Epoch: 548, Loss: 5.755523681640625
Epoch: 549, Loss: 5.754617691040039
./circuit_plots/Unrestricted Disentangled|Readout|CN=1|B0=0|B1=1|K=1280|L=320|p_B=0.75|p_C=0.75|B=2|eps=0|35ad5445-c154-4cea-8e18-983bdf361c37/ already exists.
./circuit_plots/Unrestricted Disentangled|Readout|CN=1|B0=0|B1=1|K=1280|L=320|p_B=0.75|p_C=0.75|B=2|eps=0|35ad5445-c154-4cea-8e18-983bdf361c37/ already exists.
./circuit_plots/Unrestricted Disentangled|Readout|CN=1|B0=0|B1=1|K=1280|L=320|p_B=0.75|p_C=0.75|B=2|eps=0|35ad5445-c154-4cea-8e18-983bdf361c37/ already exists.
./circuit_plots/Unrestricted Disentangled|Readout|CN=1|B0=0|B1=1|K=1280|L=320|p_B=0.75|p_C=0.75|B=2|eps=0|35ad5445-c154-4cea-8e18-983bdf361c37/ already exists.
./circuit_plots/Unrestricted Disentangled|Readout|CN=1|B0=0|B1=1|K=1280|L=320|p_B=0.75|p_C=0.75|B=2|eps=0|35ad5445-c154-4cea-8e18-983bdf361c37/ already exists.
./circuit_plots/Unrestricted Disentangled|Readout|CN=1|B0=0|B1=1|K=1280|L=320|p_B=0.75|p_C=0.75|B=2|eps=0|35ad5445-c154-4cea-8e18-983bdf361c37/ already exists.
./circuit_plots/Unrestricted Disentangled|Readout|CN=1|B0=0|B1=1|K=1280|L=320|p_B=0.75|p_C=0.75|B=2|eps=0|35ad5445-c154-4cea-8e18-983bdf361c37/ already exists.
Epoch: 550, Loss: 5.774056434631348
Test acc: 0.0042, IC acc: 0.0047, IC acc2: 0.0033, IW acc: 0.0038
Epoch: 551, Loss: 5.73180627822876
Epoch: 552, Loss: 5.743276596069336
Epoch: 553, Loss: 5.758822441101074
Epoch: 554, Loss: 5.76647424697876
Epoch: 555, Loss: 5.756142616271973
Epoch: 556, Loss: 5.760449409484863
Epoch: 557, Loss: 5.760041236877441
Epoch: 558, Loss: 5.777097225189209
Epoch: 559, Loss: 5.769233226776123
Epoch: 560, Loss: 5.759396553039551
Test acc: 0.0042, IC acc: 0.0047, IC acc2: 0.0033, IW acc: 0.0038
Epoch: 561, Loss: 5.767369747161865
Epoch: 562, Loss: 5.7617506980896
Epoch: 563, Loss: 5.77279806137085
Epoch: 564, Loss: 5.756321430206299
Epoch: 565, Loss: 5.749453544616699
Epoch: 566, Loss: 5.774763584136963
Epoch: 567, Loss: 5.769083023071289
Epoch: 568, Loss: 5.766496658325195
Epoch: 569, Loss: 5.755232334136963
Epoch: 570, Loss: 5.75233268737793
Test acc: 0.0042, IC acc: 0.0047, IC acc2: 0.0033, IW acc: 0.0039
Epoch: 571, Loss: 5.764252185821533
Epoch: 572, Loss: 5.7719831466674805
Epoch: 573, Loss: 5.76610803604126
Epoch: 574, Loss: 5.769876480102539
Epoch: 575, Loss: 5.775397300720215
Epoch: 576, Loss: 5.745565414428711
Epoch: 577, Loss: 5.752251625061035
Epoch: 578, Loss: 5.76151180267334
Epoch: 579, Loss: 5.762951850891113
Epoch: 580, Loss: 5.748575210571289
Test acc: 0.0044, IC acc: 0.0048, IC acc2: 0.0032, IW acc: 0.0038
Epoch: 581, Loss: 5.762390613555908
Epoch: 582, Loss: 5.771169662475586
Epoch: 583, Loss: 5.770150661468506
Epoch: 584, Loss: 5.760094165802002
Epoch: 585, Loss: 5.7542243003845215
Epoch: 586, Loss: 5.768918991088867
Epoch: 587, Loss: 5.755827903747559
Epoch: 588, Loss: 5.7708563804626465
Epoch: 589, Loss: 5.762706279754639
Epoch: 590, Loss: 5.751324653625488
Test acc: 0.0044, IC acc: 0.0048, IC acc2: 0.0033, IW acc: 0.0038
Epoch: 591, Loss: 5.756152153015137
Epoch: 592, Loss: 5.7623372077941895
Epoch: 593, Loss: 5.752036094665527
Epoch: 594, Loss: 5.764266490936279
Epoch: 595, Loss: 5.761054515838623
Epoch: 596, Loss: 5.752432823181152
Epoch: 597, Loss: 5.758217811584473
Epoch: 598, Loss: 5.758118629455566
Epoch: 599, Loss: 5.7594709396362305
./circuit_plots/Unrestricted Disentangled|Readout|CN=1|B0=0|B1=1|K=1280|L=320|p_B=0.75|p_C=0.75|B=2|eps=0|35ad5445-c154-4cea-8e18-983bdf361c37/ already exists.
./circuit_plots/Unrestricted Disentangled|Readout|CN=1|B0=0|B1=1|K=1280|L=320|p_B=0.75|p_C=0.75|B=2|eps=0|35ad5445-c154-4cea-8e18-983bdf361c37/ already exists.
./circuit_plots/Unrestricted Disentangled|Readout|CN=1|B0=0|B1=1|K=1280|L=320|p_B=0.75|p_C=0.75|B=2|eps=0|35ad5445-c154-4cea-8e18-983bdf361c37/ already exists.
./circuit_plots/Unrestricted Disentangled|Readout|CN=1|B0=0|B1=1|K=1280|L=320|p_B=0.75|p_C=0.75|B=2|eps=0|35ad5445-c154-4cea-8e18-983bdf361c37/ already exists.
./circuit_plots/Unrestricted Disentangled|Readout|CN=1|B0=0|B1=1|K=1280|L=320|p_B=0.75|p_C=0.75|B=2|eps=0|35ad5445-c154-4cea-8e18-983bdf361c37/ already exists.
./circuit_plots/Unrestricted Disentangled|Readout|CN=1|B0=0|B1=1|K=1280|L=320|p_B=0.75|p_C=0.75|B=2|eps=0|35ad5445-c154-4cea-8e18-983bdf361c37/ already exists.
./circuit_plots/Unrestricted Disentangled|Readout|CN=1|B0=0|B1=1|K=1280|L=320|p_B=0.75|p_C=0.75|B=2|eps=0|35ad5445-c154-4cea-8e18-983bdf361c37/ already exists.
Epoch: 600, Loss: 5.7501325607299805
Test acc: 0.0044, IC acc: 0.0048, IC acc2: 0.0033, IW acc: 0.0038
Epoch: 601, Loss: 5.766332626342773
Epoch: 602, Loss: 5.763361930847168
Epoch: 603, Loss: 5.768159866333008
Epoch: 604, Loss: 5.758869171142578
Epoch: 605, Loss: 5.7612504959106445
Epoch: 606, Loss: 5.76176118850708
Epoch: 607, Loss: 5.777795314788818
Epoch: 608, Loss: 5.765120029449463
Epoch: 609, Loss: 5.761017799377441
Epoch: 610, Loss: 5.769240856170654
Test acc: 0.0044, IC acc: 0.0048, IC acc2: 0.0034, IW acc: 0.0039
Epoch: 611, Loss: 5.757508754730225
Epoch: 612, Loss: 5.7680816650390625
Epoch: 613, Loss: 5.753060340881348
Epoch: 614, Loss: 5.7690606117248535
Epoch: 615, Loss: 5.763819694519043
Epoch: 616, Loss: 5.768105506896973
Epoch: 617, Loss: 5.76285982131958
Epoch: 618, Loss: 5.766885280609131
Epoch: 619, Loss: 5.76300573348999
Epoch: 620, Loss: 5.770050048828125
Test acc: 0.0045, IC acc: 0.0048, IC acc2: 0.0034, IW acc: 0.004
Epoch: 621, Loss: 5.757061004638672
Epoch: 622, Loss: 5.750331878662109
Epoch: 623, Loss: 5.753467082977295
Epoch: 624, Loss: 5.759584903717041
Epoch: 625, Loss: 5.760992527008057
Epoch: 626, Loss: 5.748688220977783
Epoch: 627, Loss: 5.761862754821777
Epoch: 628, Loss: 5.769542694091797
Epoch: 629, Loss: 5.777909755706787
Epoch: 630, Loss: 5.759204864501953
Test acc: 0.0044, IC acc: 0.0048, IC acc2: 0.0035, IW acc: 0.0039
Epoch: 631, Loss: 5.75949764251709
Epoch: 632, Loss: 5.777275562286377
Epoch: 633, Loss: 5.7585577964782715
Epoch: 634, Loss: 5.760960102081299
Epoch: 635, Loss: 5.7534894943237305
Epoch: 636, Loss: 5.748292922973633
Epoch: 637, Loss: 5.743246078491211
Epoch: 638, Loss: 5.761524200439453
Epoch: 639, Loss: 5.7652201652526855
Epoch: 640, Loss: 5.760425567626953
Test acc: 0.0045, IC acc: 0.0049, IC acc2: 0.0034, IW acc: 0.004
Epoch: 641, Loss: 5.746901512145996
Epoch: 642, Loss: 5.753241539001465
Epoch: 643, Loss: 5.758905410766602
Epoch: 644, Loss: 5.753796577453613
Epoch: 645, Loss: 5.757732391357422
Epoch: 646, Loss: 5.760944366455078
Epoch: 647, Loss: 5.7592597007751465
Epoch: 648, Loss: 5.764431953430176
Epoch: 649, Loss: 5.765963554382324
./circuit_plots/Unrestricted Disentangled|Readout|CN=1|B0=0|B1=1|K=1280|L=320|p_B=0.75|p_C=0.75|B=2|eps=0|35ad5445-c154-4cea-8e18-983bdf361c37/ already exists.
./circuit_plots/Unrestricted Disentangled|Readout|CN=1|B0=0|B1=1|K=1280|L=320|p_B=0.75|p_C=0.75|B=2|eps=0|35ad5445-c154-4cea-8e18-983bdf361c37/ already exists.
./circuit_plots/Unrestricted Disentangled|Readout|CN=1|B0=0|B1=1|K=1280|L=320|p_B=0.75|p_C=0.75|B=2|eps=0|35ad5445-c154-4cea-8e18-983bdf361c37/ already exists.
./circuit_plots/Unrestricted Disentangled|Readout|CN=1|B0=0|B1=1|K=1280|L=320|p_B=0.75|p_C=0.75|B=2|eps=0|35ad5445-c154-4cea-8e18-983bdf361c37/ already exists.
./circuit_plots/Unrestricted Disentangled|Readout|CN=1|B0=0|B1=1|K=1280|L=320|p_B=0.75|p_C=0.75|B=2|eps=0|35ad5445-c154-4cea-8e18-983bdf361c37/ already exists.
./circuit_plots/Unrestricted Disentangled|Readout|CN=1|B0=0|B1=1|K=1280|L=320|p_B=0.75|p_C=0.75|B=2|eps=0|35ad5445-c154-4cea-8e18-983bdf361c37/ already exists.
./circuit_plots/Unrestricted Disentangled|Readout|CN=1|B0=0|B1=1|K=1280|L=320|p_B=0.75|p_C=0.75|B=2|eps=0|35ad5445-c154-4cea-8e18-983bdf361c37/ already exists.
Epoch: 650, Loss: 5.764782905578613
Test acc: 0.0045, IC acc: 0.0048, IC acc2: 0.0033, IW acc: 0.004
Epoch: 651, Loss: 5.755171775817871
Epoch: 652, Loss: 5.772192478179932
Epoch: 653, Loss: 5.749922275543213
Epoch: 654, Loss: 5.740289688110352
Epoch: 655, Loss: 5.769423007965088
Epoch: 656, Loss: 5.766473770141602
Epoch: 657, Loss: 5.756499290466309
Epoch: 658, Loss: 5.751827239990234
Epoch: 659, Loss: 5.7618913650512695
Epoch: 660, Loss: 5.75152587890625
Test acc: 0.0045, IC acc: 0.0049, IC acc2: 0.0032, IW acc: 0.004
Epoch: 661, Loss: 5.772469997406006
Epoch: 662, Loss: 5.746155261993408
Epoch: 663, Loss: 5.755107879638672
Epoch: 664, Loss: 5.746333122253418
Epoch: 665, Loss: 5.761160373687744
Epoch: 666, Loss: 5.766780853271484
Epoch: 667, Loss: 5.739008903503418
Epoch: 668, Loss: 5.765176773071289
Epoch: 669, Loss: 5.764355659484863
Epoch: 670, Loss: 5.766156196594238
Test acc: 0.0045, IC acc: 0.0049, IC acc2: 0.0033, IW acc: 0.004
Epoch: 671, Loss: 5.765758037567139
Epoch: 672, Loss: 5.750807285308838
Epoch: 673, Loss: 5.760456085205078
Epoch: 674, Loss: 5.751741409301758
Epoch: 675, Loss: 5.766514301300049
Epoch: 676, Loss: 5.74352502822876
Epoch: 677, Loss: 5.744751930236816
Epoch: 678, Loss: 5.764036178588867
Epoch: 679, Loss: 5.750295639038086
Epoch: 680, Loss: 5.759777545928955
Test acc: 0.0045, IC acc: 0.005, IC acc2: 0.0033, IW acc: 0.0039
Epoch: 681, Loss: 5.757098197937012
Epoch: 682, Loss: 5.771978378295898
Epoch: 683, Loss: 5.754453659057617
Epoch: 684, Loss: 5.764660835266113
Epoch: 685, Loss: 5.7618408203125
Epoch: 686, Loss: 5.768245220184326
Epoch: 687, Loss: 5.747527122497559
Epoch: 688, Loss: 5.759422779083252
Epoch: 689, Loss: 5.763860702514648
Epoch: 690, Loss: 5.745759963989258
Test acc: 0.0045, IC acc: 0.0051, IC acc2: 0.0033, IW acc: 0.0039
Epoch: 691, Loss: 5.7634429931640625
Epoch: 692, Loss: 5.762966156005859
Epoch: 693, Loss: 5.751118183135986
Epoch: 694, Loss: 5.749005317687988
Epoch: 695, Loss: 5.7492218017578125
Epoch: 696, Loss: 5.770518779754639
Epoch: 697, Loss: 5.757417678833008
Epoch: 698, Loss: 5.749263763427734
Epoch: 699, Loss: 5.753378868103027
./circuit_plots/Unrestricted Disentangled|Readout|CN=1|B0=0|B1=1|K=1280|L=320|p_B=0.75|p_C=0.75|B=2|eps=0|35ad5445-c154-4cea-8e18-983bdf361c37/ already exists.
./circuit_plots/Unrestricted Disentangled|Readout|CN=1|B0=0|B1=1|K=1280|L=320|p_B=0.75|p_C=0.75|B=2|eps=0|35ad5445-c154-4cea-8e18-983bdf361c37/ already exists.
./circuit_plots/Unrestricted Disentangled|Readout|CN=1|B0=0|B1=1|K=1280|L=320|p_B=0.75|p_C=0.75|B=2|eps=0|35ad5445-c154-4cea-8e18-983bdf361c37/ already exists.
./circuit_plots/Unrestricted Disentangled|Readout|CN=1|B0=0|B1=1|K=1280|L=320|p_B=0.75|p_C=0.75|B=2|eps=0|35ad5445-c154-4cea-8e18-983bdf361c37/ already exists.
./circuit_plots/Unrestricted Disentangled|Readout|CN=1|B0=0|B1=1|K=1280|L=320|p_B=0.75|p_C=0.75|B=2|eps=0|35ad5445-c154-4cea-8e18-983bdf361c37/ already exists.
./circuit_plots/Unrestricted Disentangled|Readout|CN=1|B0=0|B1=1|K=1280|L=320|p_B=0.75|p_C=0.75|B=2|eps=0|35ad5445-c154-4cea-8e18-983bdf361c37/ already exists.
./circuit_plots/Unrestricted Disentangled|Readout|CN=1|B0=0|B1=1|K=1280|L=320|p_B=0.75|p_C=0.75|B=2|eps=0|35ad5445-c154-4cea-8e18-983bdf361c37/ already exists.
Epoch: 700, Loss: 5.756546974182129
Test acc: 0.0045, IC acc: 0.0051, IC acc2: 0.0033, IW acc: 0.0039
Epoch: 701, Loss: 5.766387462615967
Epoch: 702, Loss: 5.756073951721191
Epoch: 703, Loss: 5.759671211242676
Epoch: 704, Loss: 5.756902694702148
Epoch: 705, Loss: 5.766127586364746
Epoch: 706, Loss: 5.752279758453369
Epoch: 707, Loss: 5.756659507751465
Epoch: 708, Loss: 5.752013206481934
Epoch: 709, Loss: 5.763139247894287
Epoch: 710, Loss: 5.757023334503174
Test acc: 0.0046, IC acc: 0.0051, IC acc2: 0.0032, IW acc: 0.0038
Epoch: 711, Loss: 5.766901969909668
Epoch: 712, Loss: 5.7568230628967285
Epoch: 713, Loss: 5.760093688964844
Epoch: 714, Loss: 5.765514373779297
Epoch: 715, Loss: 5.779122352600098
Epoch: 716, Loss: 5.760471343994141
Epoch: 717, Loss: 5.762396812438965
Epoch: 718, Loss: 5.762209415435791
Epoch: 719, Loss: 5.760805130004883
Epoch: 720, Loss: 5.75589656829834
Test acc: 0.0046, IC acc: 0.0051, IC acc2: 0.0033, IW acc: 0.0039
Epoch: 721, Loss: 5.758731365203857
Epoch: 722, Loss: 5.752013206481934
Epoch: 723, Loss: 5.756261348724365
Epoch: 724, Loss: 5.7597856521606445
Epoch: 725, Loss: 5.756229400634766
Epoch: 726, Loss: 5.764077663421631
Epoch: 727, Loss: 5.746851444244385
Epoch: 728, Loss: 5.7604660987854
Epoch: 729, Loss: 5.759690284729004
Epoch: 730, Loss: 5.757080078125
Test acc: 0.0047, IC acc: 0.0052, IC acc2: 0.0033, IW acc: 0.004
Epoch: 731, Loss: 5.757046699523926
Epoch: 732, Loss: 5.768651962280273
Epoch: 733, Loss: 5.755600929260254
Epoch: 734, Loss: 5.753459930419922
Epoch: 735, Loss: 5.738300323486328
Epoch: 736, Loss: 5.75689697265625
Epoch: 737, Loss: 5.774021625518799
Epoch: 738, Loss: 5.755809783935547
Epoch: 739, Loss: 5.772313594818115
Epoch: 740, Loss: 5.751677513122559
Test acc: 0.0047, IC acc: 0.0053, IC acc2: 0.0032, IW acc: 0.004
Epoch: 741, Loss: 5.765011787414551
Epoch: 742, Loss: 5.760193824768066
Epoch: 743, Loss: 5.760891437530518
Epoch: 744, Loss: 5.77508544921875
Epoch: 745, Loss: 5.756823539733887
Epoch: 746, Loss: 5.768087387084961
Epoch: 747, Loss: 5.754430770874023
Epoch: 748, Loss: 5.742637634277344
Epoch: 749, Loss: 5.757061004638672
./circuit_plots/Unrestricted Disentangled|Readout|CN=1|B0=0|B1=1|K=1280|L=320|p_B=0.75|p_C=0.75|B=2|eps=0|35ad5445-c154-4cea-8e18-983bdf361c37/ already exists.
./circuit_plots/Unrestricted Disentangled|Readout|CN=1|B0=0|B1=1|K=1280|L=320|p_B=0.75|p_C=0.75|B=2|eps=0|35ad5445-c154-4cea-8e18-983bdf361c37/ already exists.
./circuit_plots/Unrestricted Disentangled|Readout|CN=1|B0=0|B1=1|K=1280|L=320|p_B=0.75|p_C=0.75|B=2|eps=0|35ad5445-c154-4cea-8e18-983bdf361c37/ already exists.
./circuit_plots/Unrestricted Disentangled|Readout|CN=1|B0=0|B1=1|K=1280|L=320|p_B=0.75|p_C=0.75|B=2|eps=0|35ad5445-c154-4cea-8e18-983bdf361c37/ already exists.
./circuit_plots/Unrestricted Disentangled|Readout|CN=1|B0=0|B1=1|K=1280|L=320|p_B=0.75|p_C=0.75|B=2|eps=0|35ad5445-c154-4cea-8e18-983bdf361c37/ already exists.
./circuit_plots/Unrestricted Disentangled|Readout|CN=1|B0=0|B1=1|K=1280|L=320|p_B=0.75|p_C=0.75|B=2|eps=0|35ad5445-c154-4cea-8e18-983bdf361c37/ already exists.
./circuit_plots/Unrestricted Disentangled|Readout|CN=1|B0=0|B1=1|K=1280|L=320|p_B=0.75|p_C=0.75|B=2|eps=0|35ad5445-c154-4cea-8e18-983bdf361c37/ already exists.
Epoch: 750, Loss: 5.755651473999023
Test acc: 0.0047, IC acc: 0.0053, IC acc2: 0.0032, IW acc: 0.0039
Epoch: 751, Loss: 5.76556921005249
Epoch: 752, Loss: 5.745721817016602
Epoch: 753, Loss: 5.772132873535156
Epoch: 754, Loss: 5.763700485229492
Epoch: 755, Loss: 5.758527755737305
Epoch: 756, Loss: 5.74534797668457
Epoch: 757, Loss: 5.742545127868652
Epoch: 758, Loss: 5.749589443206787
Epoch: 759, Loss: 5.757809162139893
Epoch: 760, Loss: 5.7549943923950195
Test acc: 0.0047, IC acc: 0.0053, IC acc2: 0.0033, IW acc: 0.0039
Epoch: 761, Loss: 5.764552116394043
Epoch: 762, Loss: 5.757492542266846
Epoch: 763, Loss: 5.775663375854492
Epoch: 764, Loss: 5.765810966491699
Epoch: 765, Loss: 5.760687351226807
Epoch: 766, Loss: 5.769351959228516
Epoch: 767, Loss: 5.753754615783691
Epoch: 768, Loss: 5.748025894165039
Epoch: 769, Loss: 5.760261535644531
Epoch: 770, Loss: 5.768807888031006
Test acc: 0.0048, IC acc: 0.0053, IC acc2: 0.0033, IW acc: 0.0039
Epoch: 771, Loss: 5.737824440002441
Epoch: 772, Loss: 5.76401424407959
Epoch: 773, Loss: 5.760833740234375
Epoch: 774, Loss: 5.777893543243408
Epoch: 775, Loss: 5.757291316986084
Epoch: 776, Loss: 5.767723560333252
Epoch: 777, Loss: 5.759479522705078
Epoch: 778, Loss: 5.775152683258057
Epoch: 779, Loss: 5.760932445526123
Epoch: 780, Loss: 5.758000373840332
Test acc: 0.0049, IC acc: 0.0054, IC acc2: 0.0033, IW acc: 0.0038
Epoch: 781, Loss: 5.732278823852539
Epoch: 782, Loss: 5.7562761306762695
Epoch: 783, Loss: 5.753961086273193
Epoch: 784, Loss: 5.758981227874756
Epoch: 785, Loss: 5.763897895812988
Epoch: 786, Loss: 5.753735542297363
Epoch: 787, Loss: 5.754394054412842
Epoch: 788, Loss: 5.753268241882324
Epoch: 789, Loss: 5.7661614418029785
Epoch: 790, Loss: 5.747001647949219
Test acc: 0.0048, IC acc: 0.0054, IC acc2: 0.0034, IW acc: 0.0038
Epoch: 791, Loss: 5.762513160705566
Epoch: 792, Loss: 5.755462646484375
Epoch: 793, Loss: 5.762862205505371
Epoch: 794, Loss: 5.762463569641113
Epoch: 795, Loss: 5.755641460418701
Epoch: 796, Loss: 5.769333839416504
Epoch: 797, Loss: 5.754886627197266
Epoch: 798, Loss: 5.764358043670654
Epoch: 799, Loss: 5.751256942749023
./circuit_plots/Unrestricted Disentangled|Readout|CN=1|B0=0|B1=1|K=1280|L=320|p_B=0.75|p_C=0.75|B=2|eps=0|35ad5445-c154-4cea-8e18-983bdf361c37/ already exists.
./circuit_plots/Unrestricted Disentangled|Readout|CN=1|B0=0|B1=1|K=1280|L=320|p_B=0.75|p_C=0.75|B=2|eps=0|35ad5445-c154-4cea-8e18-983bdf361c37/ already exists.
./circuit_plots/Unrestricted Disentangled|Readout|CN=1|B0=0|B1=1|K=1280|L=320|p_B=0.75|p_C=0.75|B=2|eps=0|35ad5445-c154-4cea-8e18-983bdf361c37/ already exists.
./circuit_plots/Unrestricted Disentangled|Readout|CN=1|B0=0|B1=1|K=1280|L=320|p_B=0.75|p_C=0.75|B=2|eps=0|35ad5445-c154-4cea-8e18-983bdf361c37/ already exists.
./circuit_plots/Unrestricted Disentangled|Readout|CN=1|B0=0|B1=1|K=1280|L=320|p_B=0.75|p_C=0.75|B=2|eps=0|35ad5445-c154-4cea-8e18-983bdf361c37/ already exists.
./circuit_plots/Unrestricted Disentangled|Readout|CN=1|B0=0|B1=1|K=1280|L=320|p_B=0.75|p_C=0.75|B=2|eps=0|35ad5445-c154-4cea-8e18-983bdf361c37/ already exists.
./circuit_plots/Unrestricted Disentangled|Readout|CN=1|B0=0|B1=1|K=1280|L=320|p_B=0.75|p_C=0.75|B=2|eps=0|35ad5445-c154-4cea-8e18-983bdf361c37/ already exists.
Epoch: 800, Loss: 5.767133712768555
Test acc: 0.0048, IC acc: 0.0054, IC acc2: 0.0033, IW acc: 0.0038
Epoch: 801, Loss: 5.758291244506836
Epoch: 802, Loss: 5.766679763793945
Epoch: 803, Loss: 5.76338529586792
Epoch: 804, Loss: 5.764004230499268
Epoch: 805, Loss: 5.762749671936035
Epoch: 806, Loss: 5.74831485748291
Epoch: 807, Loss: 5.777561664581299
Epoch: 808, Loss: 5.759042263031006
Epoch: 809, Loss: 5.765337944030762
Epoch: 810, Loss: 5.747733116149902
Test acc: 0.005, IC acc: 0.0054, IC acc2: 0.0032, IW acc: 0.0038
Epoch: 811, Loss: 5.7448577880859375
Epoch: 812, Loss: 5.756378173828125
Epoch: 813, Loss: 5.748162746429443
Epoch: 814, Loss: 5.755552291870117
Epoch: 815, Loss: 5.7305450439453125
Epoch: 816, Loss: 5.759299278259277
Epoch: 817, Loss: 5.764101505279541
Epoch: 818, Loss: 5.758777618408203
Epoch: 819, Loss: 5.752796173095703
Epoch: 820, Loss: 5.753513336181641
Test acc: 0.005, IC acc: 0.0055, IC acc2: 0.0032, IW acc: 0.0038
Epoch: 821, Loss: 5.758318901062012
Epoch: 822, Loss: 5.759666442871094
Epoch: 823, Loss: 5.753108978271484
Epoch: 824, Loss: 5.750797271728516
Epoch: 825, Loss: 5.758490562438965
Epoch: 826, Loss: 5.759392738342285
Epoch: 827, Loss: 5.749896049499512
Epoch: 828, Loss: 5.772523880004883
Epoch: 829, Loss: 5.7499871253967285
Epoch: 830, Loss: 5.756801605224609
Test acc: 0.0052, IC acc: 0.0056, IC acc2: 0.0034, IW acc: 0.0038
Epoch: 831, Loss: 5.756370544433594
Epoch: 832, Loss: 5.750995635986328
Epoch: 833, Loss: 5.766025543212891
Epoch: 834, Loss: 5.754241466522217
Epoch: 835, Loss: 5.751605987548828
Epoch: 836, Loss: 5.760276794433594
Epoch: 837, Loss: 5.747961044311523
Epoch: 838, Loss: 5.762916088104248
Epoch: 839, Loss: 5.759086608886719
Epoch: 840, Loss: 5.759632110595703
Test acc: 0.0052, IC acc: 0.0056, IC acc2: 0.0032, IW acc: 0.0038
Epoch: 841, Loss: 5.749629020690918
Epoch: 842, Loss: 5.7481231689453125
Epoch: 843, Loss: 5.7440104484558105
Epoch: 844, Loss: 5.743417739868164
Epoch: 845, Loss: 5.760473728179932
Epoch: 846, Loss: 5.749776840209961
Epoch: 847, Loss: 5.733796119689941
Epoch: 848, Loss: 5.757253170013428
Epoch: 849, Loss: 5.760786533355713
./circuit_plots/Unrestricted Disentangled|Readout|CN=1|B0=0|B1=1|K=1280|L=320|p_B=0.75|p_C=0.75|B=2|eps=0|35ad5445-c154-4cea-8e18-983bdf361c37/ already exists.
./circuit_plots/Unrestricted Disentangled|Readout|CN=1|B0=0|B1=1|K=1280|L=320|p_B=0.75|p_C=0.75|B=2|eps=0|35ad5445-c154-4cea-8e18-983bdf361c37/ already exists.
./circuit_plots/Unrestricted Disentangled|Readout|CN=1|B0=0|B1=1|K=1280|L=320|p_B=0.75|p_C=0.75|B=2|eps=0|35ad5445-c154-4cea-8e18-983bdf361c37/ already exists.
./circuit_plots/Unrestricted Disentangled|Readout|CN=1|B0=0|B1=1|K=1280|L=320|p_B=0.75|p_C=0.75|B=2|eps=0|35ad5445-c154-4cea-8e18-983bdf361c37/ already exists.
./circuit_plots/Unrestricted Disentangled|Readout|CN=1|B0=0|B1=1|K=1280|L=320|p_B=0.75|p_C=0.75|B=2|eps=0|35ad5445-c154-4cea-8e18-983bdf361c37/ already exists.
./circuit_plots/Unrestricted Disentangled|Readout|CN=1|B0=0|B1=1|K=1280|L=320|p_B=0.75|p_C=0.75|B=2|eps=0|35ad5445-c154-4cea-8e18-983bdf361c37/ already exists.
./circuit_plots/Unrestricted Disentangled|Readout|CN=1|B0=0|B1=1|K=1280|L=320|p_B=0.75|p_C=0.75|B=2|eps=0|35ad5445-c154-4cea-8e18-983bdf361c37/ already exists.
Epoch: 850, Loss: 5.7460713386535645
Test acc: 0.0053, IC acc: 0.0057, IC acc2: 0.0033, IW acc: 0.0038
Epoch: 851, Loss: 5.750775337219238
Epoch: 852, Loss: 5.755270957946777
Epoch: 853, Loss: 5.745736598968506
Epoch: 854, Loss: 5.747776508331299
Epoch: 855, Loss: 5.763273239135742
Epoch: 856, Loss: 5.744795799255371
Epoch: 857, Loss: 5.770565032958984
Epoch: 858, Loss: 5.749300956726074
Epoch: 859, Loss: 5.761135101318359
Epoch: 860, Loss: 5.750613212585449
Test acc: 0.0053, IC acc: 0.0058, IC acc2: 0.0033, IW acc: 0.0038
Epoch: 861, Loss: 5.760185718536377
Epoch: 862, Loss: 5.749306678771973
Epoch: 863, Loss: 5.766193389892578
Epoch: 864, Loss: 5.783412933349609
Epoch: 865, Loss: 5.761170387268066
Epoch: 866, Loss: 5.760646343231201
Epoch: 867, Loss: 5.759041786193848
Epoch: 868, Loss: 5.751529693603516
Epoch: 869, Loss: 5.758502006530762
Epoch: 870, Loss: 5.756120681762695
Test acc: 0.0053, IC acc: 0.0058, IC acc2: 0.0031, IW acc: 0.0038
Epoch: 871, Loss: 5.758744239807129
Epoch: 872, Loss: 5.746345520019531
Epoch: 873, Loss: 5.749220848083496
Epoch: 874, Loss: 5.765622615814209
Epoch: 875, Loss: 5.751093864440918
Epoch: 876, Loss: 5.763250827789307
Epoch: 877, Loss: 5.744078636169434
Epoch: 878, Loss: 5.765379428863525
Epoch: 879, Loss: 5.759095191955566
Epoch: 880, Loss: 5.757674217224121
Test acc: 0.0054, IC acc: 0.0061, IC acc2: 0.0032, IW acc: 0.0038
Epoch: 881, Loss: 5.756097793579102
Epoch: 882, Loss: 5.761181354522705
Epoch: 883, Loss: 5.7508864402771
Epoch: 884, Loss: 5.747996807098389
Epoch: 885, Loss: 5.753148078918457
Epoch: 886, Loss: 5.762700080871582
Epoch: 887, Loss: 5.751906871795654
Epoch: 888, Loss: 5.747737407684326
Epoch: 889, Loss: 5.74124002456665
Epoch: 890, Loss: 5.745243072509766
Test acc: 0.0053, IC acc: 0.006, IC acc2: 0.0031, IW acc: 0.0039
Epoch: 891, Loss: 5.751641273498535
Epoch: 892, Loss: 5.769222736358643
Epoch: 893, Loss: 5.740033149719238
Epoch: 894, Loss: 5.753940582275391
Epoch: 895, Loss: 5.757611274719238
Epoch: 896, Loss: 5.763036727905273
Epoch: 897, Loss: 5.7499847412109375
Epoch: 898, Loss: 5.751044273376465
Epoch: 899, Loss: 5.769277572631836
./circuit_plots/Unrestricted Disentangled|Readout|CN=1|B0=0|B1=1|K=1280|L=320|p_B=0.75|p_C=0.75|B=2|eps=0|35ad5445-c154-4cea-8e18-983bdf361c37/ already exists.
./circuit_plots/Unrestricted Disentangled|Readout|CN=1|B0=0|B1=1|K=1280|L=320|p_B=0.75|p_C=0.75|B=2|eps=0|35ad5445-c154-4cea-8e18-983bdf361c37/ already exists.
./circuit_plots/Unrestricted Disentangled|Readout|CN=1|B0=0|B1=1|K=1280|L=320|p_B=0.75|p_C=0.75|B=2|eps=0|35ad5445-c154-4cea-8e18-983bdf361c37/ already exists.
./circuit_plots/Unrestricted Disentangled|Readout|CN=1|B0=0|B1=1|K=1280|L=320|p_B=0.75|p_C=0.75|B=2|eps=0|35ad5445-c154-4cea-8e18-983bdf361c37/ already exists.
./circuit_plots/Unrestricted Disentangled|Readout|CN=1|B0=0|B1=1|K=1280|L=320|p_B=0.75|p_C=0.75|B=2|eps=0|35ad5445-c154-4cea-8e18-983bdf361c37/ already exists.
./circuit_plots/Unrestricted Disentangled|Readout|CN=1|B0=0|B1=1|K=1280|L=320|p_B=0.75|p_C=0.75|B=2|eps=0|35ad5445-c154-4cea-8e18-983bdf361c37/ already exists.
./circuit_plots/Unrestricted Disentangled|Readout|CN=1|B0=0|B1=1|K=1280|L=320|p_B=0.75|p_C=0.75|B=2|eps=0|35ad5445-c154-4cea-8e18-983bdf361c37/ already exists.
Epoch: 900, Loss: 5.772277355194092
Test acc: 0.0053, IC acc: 0.0059, IC acc2: 0.0032, IW acc: 0.0039
Epoch: 901, Loss: 5.759783744812012
Epoch: 902, Loss: 5.766702651977539
Epoch: 903, Loss: 5.7557902336120605
Epoch: 904, Loss: 5.755273818969727
Epoch: 905, Loss: 5.766964912414551
Epoch: 906, Loss: 5.765726566314697
Epoch: 907, Loss: 5.75290584564209
Epoch: 908, Loss: 5.752257823944092
Epoch: 909, Loss: 5.75290060043335
Epoch: 910, Loss: 5.748346328735352
Test acc: 0.0053, IC acc: 0.0061, IC acc2: 0.0033, IW acc: 0.0039
Epoch: 911, Loss: 5.749748229980469
Epoch: 912, Loss: 5.733543872833252
Epoch: 913, Loss: 5.769834518432617
Epoch: 914, Loss: 5.753866195678711
Epoch: 915, Loss: 5.754988670349121
Epoch: 916, Loss: 5.754343032836914
Epoch: 917, Loss: 5.7506914138793945
Epoch: 918, Loss: 5.756333351135254
Epoch: 919, Loss: 5.749606132507324
Epoch: 920, Loss: 5.740356922149658
Test acc: 0.0053, IC acc: 0.0062, IC acc2: 0.0032, IW acc: 0.0039
Epoch: 921, Loss: 5.7493791580200195
Epoch: 922, Loss: 5.73578405380249
Epoch: 923, Loss: 5.744921684265137
Epoch: 924, Loss: 5.762135982513428
Epoch: 925, Loss: 5.744930267333984
Epoch: 926, Loss: 5.739116191864014
Epoch: 927, Loss: 5.756859302520752
Epoch: 928, Loss: 5.75050687789917
Epoch: 929, Loss: 5.753201961517334
Epoch: 930, Loss: 5.774857521057129
Test acc: 0.0055, IC acc: 0.0061, IC acc2: 0.0033, IW acc: 0.0039
Epoch: 931, Loss: 5.748196601867676
Epoch: 932, Loss: 5.755740165710449
Epoch: 933, Loss: 5.7638349533081055
Epoch: 934, Loss: 5.759778022766113
Epoch: 935, Loss: 5.765605926513672
Epoch: 936, Loss: 5.748193264007568
Epoch: 937, Loss: 5.742265701293945
Epoch: 938, Loss: 5.750946044921875
Epoch: 939, Loss: 5.750807285308838
Epoch: 940, Loss: 5.740971088409424
Test acc: 0.0055, IC acc: 0.0062, IC acc2: 0.0032, IW acc: 0.0038
Epoch: 941, Loss: 5.7610859870910645
Epoch: 942, Loss: 5.773314952850342
Epoch: 943, Loss: 5.7490739822387695
Epoch: 944, Loss: 5.749560832977295
Epoch: 945, Loss: 5.735235214233398
Epoch: 946, Loss: 5.754972457885742
Epoch: 947, Loss: 5.762663841247559
Epoch: 948, Loss: 5.7515153884887695
Epoch: 949, Loss: 5.759147644042969
./circuit_plots/Unrestricted Disentangled|Readout|CN=1|B0=0|B1=1|K=1280|L=320|p_B=0.75|p_C=0.75|B=2|eps=0|35ad5445-c154-4cea-8e18-983bdf361c37/ already exists.
./circuit_plots/Unrestricted Disentangled|Readout|CN=1|B0=0|B1=1|K=1280|L=320|p_B=0.75|p_C=0.75|B=2|eps=0|35ad5445-c154-4cea-8e18-983bdf361c37/ already exists.
./circuit_plots/Unrestricted Disentangled|Readout|CN=1|B0=0|B1=1|K=1280|L=320|p_B=0.75|p_C=0.75|B=2|eps=0|35ad5445-c154-4cea-8e18-983bdf361c37/ already exists.
./circuit_plots/Unrestricted Disentangled|Readout|CN=1|B0=0|B1=1|K=1280|L=320|p_B=0.75|p_C=0.75|B=2|eps=0|35ad5445-c154-4cea-8e18-983bdf361c37/ already exists.
./circuit_plots/Unrestricted Disentangled|Readout|CN=1|B0=0|B1=1|K=1280|L=320|p_B=0.75|p_C=0.75|B=2|eps=0|35ad5445-c154-4cea-8e18-983bdf361c37/ already exists.
./circuit_plots/Unrestricted Disentangled|Readout|CN=1|B0=0|B1=1|K=1280|L=320|p_B=0.75|p_C=0.75|B=2|eps=0|35ad5445-c154-4cea-8e18-983bdf361c37/ already exists.
./circuit_plots/Unrestricted Disentangled|Readout|CN=1|B0=0|B1=1|K=1280|L=320|p_B=0.75|p_C=0.75|B=2|eps=0|35ad5445-c154-4cea-8e18-983bdf361c37/ already exists.
Epoch: 950, Loss: 5.761640548706055
Test acc: 0.0056, IC acc: 0.0063, IC acc2: 0.0032, IW acc: 0.0038
Epoch: 951, Loss: 5.764871597290039
Epoch: 952, Loss: 5.755690574645996
Epoch: 953, Loss: 5.754927635192871
Epoch: 954, Loss: 5.755332946777344
Epoch: 955, Loss: 5.754821300506592
Epoch: 956, Loss: 5.760957717895508
Epoch: 957, Loss: 5.739562511444092
Epoch: 958, Loss: 5.764031410217285
Epoch: 959, Loss: 5.7613372802734375
Epoch: 960, Loss: 5.767836093902588
Test acc: 0.0057, IC acc: 0.0065, IC acc2: 0.0033, IW acc: 0.0038
Epoch: 961, Loss: 5.7667951583862305
Epoch: 962, Loss: 5.761248588562012
Epoch: 963, Loss: 5.761366367340088
Epoch: 964, Loss: 5.751966953277588
Epoch: 965, Loss: 5.760663986206055
Epoch: 966, Loss: 5.766079902648926
Epoch: 967, Loss: 5.759583950042725
Epoch: 968, Loss: 5.7501020431518555
Epoch: 969, Loss: 5.757066249847412
Epoch: 970, Loss: 5.759716987609863
Test acc: 0.0058, IC acc: 0.0065, IC acc2: 0.0034, IW acc: 0.0039
Epoch: 971, Loss: 5.761293411254883
Epoch: 972, Loss: 5.763847351074219
Epoch: 973, Loss: 5.761445999145508
Epoch: 974, Loss: 5.754993438720703
Epoch: 975, Loss: 5.763938903808594
Epoch: 976, Loss: 5.76119327545166
Epoch: 977, Loss: 5.7464094161987305
Epoch: 978, Loss: 5.753506183624268
Epoch: 979, Loss: 5.760692596435547
Epoch: 980, Loss: 5.762849807739258
Test acc: 0.0057, IC acc: 0.0066, IC acc2: 0.0033, IW acc: 0.0037
Epoch: 981, Loss: 5.753233432769775
Epoch: 982, Loss: 5.745962142944336
Epoch: 983, Loss: 5.766745567321777
Epoch: 984, Loss: 5.743377685546875
Epoch: 985, Loss: 5.778173923492432
Epoch: 986, Loss: 5.74470853805542
Epoch: 987, Loss: 5.765288352966309
Epoch: 988, Loss: 5.764245986938477
Epoch: 989, Loss: 5.748563766479492
Epoch: 990, Loss: 5.74766731262207
Test acc: 0.0057, IC acc: 0.0066, IC acc2: 0.0032, IW acc: 0.0038
Epoch: 991, Loss: 5.755776405334473
Epoch: 992, Loss: 5.750491142272949
Epoch: 993, Loss: 5.751805782318115
Epoch: 994, Loss: 5.766468048095703
Epoch: 995, Loss: 5.7528228759765625
Epoch: 996, Loss: 5.752237319946289
Epoch: 997, Loss: 5.758035659790039
Epoch: 998, Loss: 5.755152702331543
Epoch: 999, Loss: 5.758464813232422
./circuit_plots/Unrestricted Disentangled|Readout|CN=1|B0=0|B1=1|K=1280|L=320|p_B=0.75|p_C=0.75|B=2|eps=0|35ad5445-c154-4cea-8e18-983bdf361c37/ already exists.
./circuit_plots/Unrestricted Disentangled|Readout|CN=1|B0=0|B1=1|K=1280|L=320|p_B=0.75|p_C=0.75|B=2|eps=0|35ad5445-c154-4cea-8e18-983bdf361c37/ already exists.
./circuit_plots/Unrestricted Disentangled|Readout|CN=1|B0=0|B1=1|K=1280|L=320|p_B=0.75|p_C=0.75|B=2|eps=0|35ad5445-c154-4cea-8e18-983bdf361c37/ already exists.
./circuit_plots/Unrestricted Disentangled|Readout|CN=1|B0=0|B1=1|K=1280|L=320|p_B=0.75|p_C=0.75|B=2|eps=0|35ad5445-c154-4cea-8e18-983bdf361c37/ already exists.
./circuit_plots/Unrestricted Disentangled|Readout|CN=1|B0=0|B1=1|K=1280|L=320|p_B=0.75|p_C=0.75|B=2|eps=0|35ad5445-c154-4cea-8e18-983bdf361c37/ already exists.
./circuit_plots/Unrestricted Disentangled|Readout|CN=1|B0=0|B1=1|K=1280|L=320|p_B=0.75|p_C=0.75|B=2|eps=0|35ad5445-c154-4cea-8e18-983bdf361c37/ already exists.
./circuit_plots/Unrestricted Disentangled|Readout|CN=1|B0=0|B1=1|K=1280|L=320|p_B=0.75|p_C=0.75|B=2|eps=0|35ad5445-c154-4cea-8e18-983bdf361c37/ already exists.
Epoch: 1000, Loss: 5.7613701820373535
Test acc: 0.0058, IC acc: 0.0066, IC acc2: 0.0032, IW acc: 0.0038
Epoch: 1001, Loss: 5.742913246154785
Epoch: 1002, Loss: 5.7655181884765625
Epoch: 1003, Loss: 5.761659622192383
Epoch: 1004, Loss: 5.764287948608398
Epoch: 1005, Loss: 5.750701427459717
Epoch: 1006, Loss: 5.745545387268066
Epoch: 1007, Loss: 5.753100395202637
Epoch: 1008, Loss: 5.740638256072998
Epoch: 1009, Loss: 5.7393598556518555
Epoch: 1010, Loss: 5.751951694488525
Test acc: 0.0058, IC acc: 0.0066, IC acc2: 0.0034, IW acc: 0.0038
Epoch: 1011, Loss: 5.743782997131348
Epoch: 1012, Loss: 5.7630133628845215
Epoch: 1013, Loss: 5.747112274169922
Epoch: 1014, Loss: 5.7550458908081055
Epoch: 1015, Loss: 5.74921989440918
Epoch: 1016, Loss: 5.760125160217285
Epoch: 1017, Loss: 5.762413501739502
Epoch: 1018, Loss: 5.7659993171691895
Epoch: 1019, Loss: 5.745441436767578
Epoch: 1020, Loss: 5.772275447845459
Test acc: 0.006, IC acc: 0.0066, IC acc2: 0.0034, IW acc: 0.0038
Epoch: 1021, Loss: 5.767582416534424
Epoch: 1022, Loss: 5.748257637023926
Epoch: 1023, Loss: 5.754752159118652
Epoch: 1024, Loss: 5.751579284667969
Epoch: 1025, Loss: 5.762146949768066
Epoch: 1026, Loss: 5.778255462646484
Epoch: 1027, Loss: 5.760672569274902
Epoch: 1028, Loss: 5.756546974182129
Epoch: 1029, Loss: 5.759742736816406
Epoch: 1030, Loss: 5.761836528778076
Test acc: 0.006, IC acc: 0.0066, IC acc2: 0.0033, IW acc: 0.0038
Epoch: 1031, Loss: 5.763477325439453
Epoch: 1032, Loss: 5.768627166748047
Epoch: 1033, Loss: 5.74306583404541
Epoch: 1034, Loss: 5.766925811767578
Epoch: 1035, Loss: 5.747173309326172
Epoch: 1036, Loss: 5.744843482971191
Epoch: 1037, Loss: 5.741649627685547
Epoch: 1038, Loss: 5.744376182556152
Epoch: 1039, Loss: 5.7440643310546875
Epoch: 1040, Loss: 5.756864547729492
Test acc: 0.006, IC acc: 0.0066, IC acc2: 0.0032, IW acc: 0.0038
Epoch: 1041, Loss: 5.7473578453063965
Epoch: 1042, Loss: 5.763091087341309
Epoch: 1043, Loss: 5.752425193786621
Epoch: 1044, Loss: 5.759552478790283
Epoch: 1045, Loss: 5.755913257598877
Epoch: 1046, Loss: 5.757284164428711
Epoch: 1047, Loss: 5.749784469604492
Epoch: 1048, Loss: 5.754683494567871
Epoch: 1049, Loss: 5.756559371948242
./circuit_plots/Unrestricted Disentangled|Readout|CN=1|B0=0|B1=1|K=1280|L=320|p_B=0.75|p_C=0.75|B=2|eps=0|35ad5445-c154-4cea-8e18-983bdf361c37/ already exists.
./circuit_plots/Unrestricted Disentangled|Readout|CN=1|B0=0|B1=1|K=1280|L=320|p_B=0.75|p_C=0.75|B=2|eps=0|35ad5445-c154-4cea-8e18-983bdf361c37/ already exists.
./circuit_plots/Unrestricted Disentangled|Readout|CN=1|B0=0|B1=1|K=1280|L=320|p_B=0.75|p_C=0.75|B=2|eps=0|35ad5445-c154-4cea-8e18-983bdf361c37/ already exists.
./circuit_plots/Unrestricted Disentangled|Readout|CN=1|B0=0|B1=1|K=1280|L=320|p_B=0.75|p_C=0.75|B=2|eps=0|35ad5445-c154-4cea-8e18-983bdf361c37/ already exists.
./circuit_plots/Unrestricted Disentangled|Readout|CN=1|B0=0|B1=1|K=1280|L=320|p_B=0.75|p_C=0.75|B=2|eps=0|35ad5445-c154-4cea-8e18-983bdf361c37/ already exists.
./circuit_plots/Unrestricted Disentangled|Readout|CN=1|B0=0|B1=1|K=1280|L=320|p_B=0.75|p_C=0.75|B=2|eps=0|35ad5445-c154-4cea-8e18-983bdf361c37/ already exists.
./circuit_plots/Unrestricted Disentangled|Readout|CN=1|B0=0|B1=1|K=1280|L=320|p_B=0.75|p_C=0.75|B=2|eps=0|35ad5445-c154-4cea-8e18-983bdf361c37/ already exists.
Epoch: 1050, Loss: 5.750627517700195
Test acc: 0.006, IC acc: 0.0066, IC acc2: 0.0034, IW acc: 0.0037
Epoch: 1051, Loss: 5.752502918243408
Epoch: 1052, Loss: 5.751091480255127
Epoch: 1053, Loss: 5.74361515045166
Epoch: 1054, Loss: 5.765507698059082
Epoch: 1055, Loss: 5.761586666107178
Epoch: 1056, Loss: 5.739967346191406
Epoch: 1057, Loss: 5.748539924621582
Epoch: 1058, Loss: 5.73829460144043
Epoch: 1059, Loss: 5.7586164474487305
Epoch: 1060, Loss: 5.754649639129639
Test acc: 0.006, IC acc: 0.0067, IC acc2: 0.0033, IW acc: 0.0037
Epoch: 1061, Loss: 5.763620376586914
Epoch: 1062, Loss: 5.759011745452881
Epoch: 1063, Loss: 5.752806663513184
Epoch: 1064, Loss: 5.747864723205566
Epoch: 1065, Loss: 5.756094932556152
Epoch: 1066, Loss: 5.752561092376709
Epoch: 1067, Loss: 5.762989521026611
Epoch: 1068, Loss: 5.766443252563477
Epoch: 1069, Loss: 5.754697799682617
Epoch: 1070, Loss: 5.75297212600708
Test acc: 0.006, IC acc: 0.0067, IC acc2: 0.0033, IW acc: 0.0038
Epoch: 1071, Loss: 5.743539810180664
Epoch: 1072, Loss: 5.743519306182861
Epoch: 1073, Loss: 5.745941162109375
Epoch: 1074, Loss: 5.741993427276611
Epoch: 1075, Loss: 5.760435104370117
Epoch: 1076, Loss: 5.757800102233887
Epoch: 1077, Loss: 5.757369518280029
Epoch: 1078, Loss: 5.756931304931641
Epoch: 1079, Loss: 5.762200355529785
Epoch: 1080, Loss: 5.757888317108154
Test acc: 0.006, IC acc: 0.0067, IC acc2: 0.0033, IW acc: 0.0037
Epoch: 1081, Loss: 5.752340316772461
Epoch: 1082, Loss: 5.7428154945373535
Epoch: 1083, Loss: 5.74806547164917
Epoch: 1084, Loss: 5.752547740936279
Epoch: 1085, Loss: 5.737983703613281
Epoch: 1086, Loss: 5.750636100769043
Epoch: 1087, Loss: 5.7490234375
Epoch: 1088, Loss: 5.744908809661865
Epoch: 1089, Loss: 5.745008945465088
Epoch: 1090, Loss: 5.758430480957031
Test acc: 0.006, IC acc: 0.0067, IC acc2: 0.0033, IW acc: 0.0037
Epoch: 1091, Loss: 5.750988483428955
Epoch: 1092, Loss: 5.746423721313477
Epoch: 1093, Loss: 5.75406551361084
Epoch: 1094, Loss: 5.751616477966309
Epoch: 1095, Loss: 5.738840103149414
Epoch: 1096, Loss: 5.76042366027832
Epoch: 1097, Loss: 5.754973888397217
Epoch: 1098, Loss: 5.748549938201904
Epoch: 1099, Loss: 5.747727394104004
./circuit_plots/Unrestricted Disentangled|Readout|CN=1|B0=0|B1=1|K=1280|L=320|p_B=0.75|p_C=0.75|B=2|eps=0|35ad5445-c154-4cea-8e18-983bdf361c37/ already exists.
./circuit_plots/Unrestricted Disentangled|Readout|CN=1|B0=0|B1=1|K=1280|L=320|p_B=0.75|p_C=0.75|B=2|eps=0|35ad5445-c154-4cea-8e18-983bdf361c37/ already exists.
./circuit_plots/Unrestricted Disentangled|Readout|CN=1|B0=0|B1=1|K=1280|L=320|p_B=0.75|p_C=0.75|B=2|eps=0|35ad5445-c154-4cea-8e18-983bdf361c37/ already exists.
./circuit_plots/Unrestricted Disentangled|Readout|CN=1|B0=0|B1=1|K=1280|L=320|p_B=0.75|p_C=0.75|B=2|eps=0|35ad5445-c154-4cea-8e18-983bdf361c37/ already exists.
./circuit_plots/Unrestricted Disentangled|Readout|CN=1|B0=0|B1=1|K=1280|L=320|p_B=0.75|p_C=0.75|B=2|eps=0|35ad5445-c154-4cea-8e18-983bdf361c37/ already exists.
./circuit_plots/Unrestricted Disentangled|Readout|CN=1|B0=0|B1=1|K=1280|L=320|p_B=0.75|p_C=0.75|B=2|eps=0|35ad5445-c154-4cea-8e18-983bdf361c37/ already exists.
./circuit_plots/Unrestricted Disentangled|Readout|CN=1|B0=0|B1=1|K=1280|L=320|p_B=0.75|p_C=0.75|B=2|eps=0|35ad5445-c154-4cea-8e18-983bdf361c37/ already exists.
Epoch: 1100, Loss: 5.754343032836914
Test acc: 0.006, IC acc: 0.0068, IC acc2: 0.0033, IW acc: 0.0038
Epoch: 1101, Loss: 5.731105804443359
Epoch: 1102, Loss: 5.746363639831543
Epoch: 1103, Loss: 5.760244369506836
Epoch: 1104, Loss: 5.769014835357666
Epoch: 1105, Loss: 5.760173797607422
Epoch: 1106, Loss: 5.742397308349609
Epoch: 1107, Loss: 5.739356994628906
Epoch: 1108, Loss: 5.765316009521484
Epoch: 1109, Loss: 5.759333610534668
Epoch: 1110, Loss: 5.750710487365723
Test acc: 0.006, IC acc: 0.0068, IC acc2: 0.0033, IW acc: 0.0038
Epoch: 1111, Loss: 5.753594398498535
Epoch: 1112, Loss: 5.7635884284973145
Epoch: 1113, Loss: 5.745248794555664
Epoch: 1114, Loss: 5.746427536010742
Epoch: 1115, Loss: 5.753526210784912
Epoch: 1116, Loss: 5.745988845825195
Epoch: 1117, Loss: 5.75598669052124
Epoch: 1118, Loss: 5.757342338562012
Epoch: 1119, Loss: 5.733637809753418
Epoch: 1120, Loss: 5.745508193969727
Test acc: 0.0061, IC acc: 0.0068, IC acc2: 0.0033, IW acc: 0.0038
Epoch: 1121, Loss: 5.75505256652832
Epoch: 1122, Loss: 5.750404357910156
Epoch: 1123, Loss: 5.751025676727295
Epoch: 1124, Loss: 5.747244834899902
Epoch: 1125, Loss: 5.7523512840271
Epoch: 1126, Loss: 5.749021053314209
Epoch: 1127, Loss: 5.7483811378479
Epoch: 1128, Loss: 5.76430606842041
Epoch: 1129, Loss: 5.761131286621094
Epoch: 1130, Loss: 5.7637834548950195
Test acc: 0.0061, IC acc: 0.0068, IC acc2: 0.0033, IW acc: 0.0038
Epoch: 1131, Loss: 5.757079124450684
Epoch: 1132, Loss: 5.751805305480957
Epoch: 1133, Loss: 5.755480766296387
Epoch: 1134, Loss: 5.76059627532959
Epoch: 1135, Loss: 5.761305809020996
Epoch: 1136, Loss: 5.752285957336426
Epoch: 1137, Loss: 5.760462284088135
Epoch: 1138, Loss: 5.742527484893799
Epoch: 1139, Loss: 5.751004219055176
Epoch: 1140, Loss: 5.74169397354126
Test acc: 0.0062, IC acc: 0.0068, IC acc2: 0.0033, IW acc: 0.0038
Epoch: 1141, Loss: 5.745482444763184
Epoch: 1142, Loss: 5.750821590423584
Epoch: 1143, Loss: 5.759157180786133
Epoch: 1144, Loss: 5.751645088195801
Epoch: 1145, Loss: 5.761194229125977
Epoch: 1146, Loss: 5.754156112670898
Epoch: 1147, Loss: 5.761481285095215
Epoch: 1148, Loss: 5.746187210083008
Epoch: 1149, Loss: 5.74284029006958
./circuit_plots/Unrestricted Disentangled|Readout|CN=1|B0=0|B1=1|K=1280|L=320|p_B=0.75|p_C=0.75|B=2|eps=0|35ad5445-c154-4cea-8e18-983bdf361c37/ already exists.
./circuit_plots/Unrestricted Disentangled|Readout|CN=1|B0=0|B1=1|K=1280|L=320|p_B=0.75|p_C=0.75|B=2|eps=0|35ad5445-c154-4cea-8e18-983bdf361c37/ already exists.
./circuit_plots/Unrestricted Disentangled|Readout|CN=1|B0=0|B1=1|K=1280|L=320|p_B=0.75|p_C=0.75|B=2|eps=0|35ad5445-c154-4cea-8e18-983bdf361c37/ already exists.
./circuit_plots/Unrestricted Disentangled|Readout|CN=1|B0=0|B1=1|K=1280|L=320|p_B=0.75|p_C=0.75|B=2|eps=0|35ad5445-c154-4cea-8e18-983bdf361c37/ already exists.
./circuit_plots/Unrestricted Disentangled|Readout|CN=1|B0=0|B1=1|K=1280|L=320|p_B=0.75|p_C=0.75|B=2|eps=0|35ad5445-c154-4cea-8e18-983bdf361c37/ already exists.
./circuit_plots/Unrestricted Disentangled|Readout|CN=1|B0=0|B1=1|K=1280|L=320|p_B=0.75|p_C=0.75|B=2|eps=0|35ad5445-c154-4cea-8e18-983bdf361c37/ already exists.
./circuit_plots/Unrestricted Disentangled|Readout|CN=1|B0=0|B1=1|K=1280|L=320|p_B=0.75|p_C=0.75|B=2|eps=0|35ad5445-c154-4cea-8e18-983bdf361c37/ already exists.
Epoch: 1150, Loss: 5.7284159660339355
Test acc: 0.0062, IC acc: 0.0068, IC acc2: 0.0033, IW acc: 0.0039
Epoch: 1151, Loss: 5.746447563171387
Epoch: 1152, Loss: 5.743800640106201
Epoch: 1153, Loss: 5.741878509521484
Epoch: 1154, Loss: 5.744880676269531
Epoch: 1155, Loss: 5.753694534301758
Epoch: 1156, Loss: 5.742137908935547
Epoch: 1157, Loss: 5.754054069519043
Epoch: 1158, Loss: 5.765946865081787
Epoch: 1159, Loss: 5.74312686920166
Epoch: 1160, Loss: 5.752707481384277
Test acc: 0.0063, IC acc: 0.0068, IC acc2: 0.0033, IW acc: 0.0039
Epoch: 1161, Loss: 5.752092361450195
Epoch: 1162, Loss: 5.751898288726807
Epoch: 1163, Loss: 5.758866310119629
Epoch: 1164, Loss: 5.745119094848633
Epoch: 1165, Loss: 5.746881008148193
Epoch: 1166, Loss: 5.742641925811768
Epoch: 1167, Loss: 5.758501052856445
Epoch: 1168, Loss: 5.761542320251465
Epoch: 1169, Loss: 5.758512020111084
Epoch: 1170, Loss: 5.755352973937988
Test acc: 0.0064, IC acc: 0.0068, IC acc2: 0.0032, IW acc: 0.0038
Epoch: 1171, Loss: 5.764974594116211
Epoch: 1172, Loss: 5.745386123657227
Epoch: 1173, Loss: 5.731560707092285
Epoch: 1174, Loss: 5.75364875793457
Epoch: 1175, Loss: 5.746879577636719
Epoch: 1176, Loss: 5.731734275817871
Epoch: 1177, Loss: 5.756514549255371
Epoch: 1178, Loss: 5.753971576690674
Epoch: 1179, Loss: 5.75575065612793
Epoch: 1180, Loss: 5.763638496398926
Test acc: 0.0063, IC acc: 0.0069, IC acc2: 0.0032, IW acc: 0.0038
Epoch: 1181, Loss: 5.744389533996582
Epoch: 1182, Loss: 5.764686107635498
Epoch: 1183, Loss: 5.736627578735352
Epoch: 1184, Loss: 5.748376369476318
Epoch: 1185, Loss: 5.766151428222656
Epoch: 1186, Loss: 5.756350517272949
Epoch: 1187, Loss: 5.74208402633667
Epoch: 1188, Loss: 5.758238792419434
Epoch: 1189, Loss: 5.767226219177246
Epoch: 1190, Loss: 5.753983974456787
Test acc: 0.0064, IC acc: 0.0069, IC acc2: 0.0031, IW acc: 0.0038
Epoch: 1191, Loss: 5.740781784057617
Epoch: 1192, Loss: 5.749785423278809
Epoch: 1193, Loss: 5.74033784866333
Epoch: 1194, Loss: 5.760571479797363
Epoch: 1195, Loss: 5.747335910797119
Epoch: 1196, Loss: 5.754064559936523
Epoch: 1197, Loss: 5.7520036697387695
Epoch: 1198, Loss: 5.737034797668457
Epoch: 1199, Loss: 5.7659101486206055
./circuit_plots/Unrestricted Disentangled|Readout|CN=1|B0=0|B1=1|K=1280|L=320|p_B=0.75|p_C=0.75|B=2|eps=0|35ad5445-c154-4cea-8e18-983bdf361c37/ already exists.
./circuit_plots/Unrestricted Disentangled|Readout|CN=1|B0=0|B1=1|K=1280|L=320|p_B=0.75|p_C=0.75|B=2|eps=0|35ad5445-c154-4cea-8e18-983bdf361c37/ already exists.
./circuit_plots/Unrestricted Disentangled|Readout|CN=1|B0=0|B1=1|K=1280|L=320|p_B=0.75|p_C=0.75|B=2|eps=0|35ad5445-c154-4cea-8e18-983bdf361c37/ already exists.
./circuit_plots/Unrestricted Disentangled|Readout|CN=1|B0=0|B1=1|K=1280|L=320|p_B=0.75|p_C=0.75|B=2|eps=0|35ad5445-c154-4cea-8e18-983bdf361c37/ already exists.
./circuit_plots/Unrestricted Disentangled|Readout|CN=1|B0=0|B1=1|K=1280|L=320|p_B=0.75|p_C=0.75|B=2|eps=0|35ad5445-c154-4cea-8e18-983bdf361c37/ already exists.
./circuit_plots/Unrestricted Disentangled|Readout|CN=1|B0=0|B1=1|K=1280|L=320|p_B=0.75|p_C=0.75|B=2|eps=0|35ad5445-c154-4cea-8e18-983bdf361c37/ already exists.
./circuit_plots/Unrestricted Disentangled|Readout|CN=1|B0=0|B1=1|K=1280|L=320|p_B=0.75|p_C=0.75|B=2|eps=0|35ad5445-c154-4cea-8e18-983bdf361c37/ already exists.
Epoch: 1200, Loss: 5.746529579162598
Test acc: 0.0064, IC acc: 0.0069, IC acc2: 0.0029, IW acc: 0.0038
Epoch: 1201, Loss: 5.746560573577881
Epoch: 1202, Loss: 5.745285987854004
Epoch: 1203, Loss: 5.741946697235107
Epoch: 1204, Loss: 5.75101375579834
Epoch: 1205, Loss: 5.762113571166992
Epoch: 1206, Loss: 5.744110107421875
Epoch: 1207, Loss: 5.757877349853516
Epoch: 1208, Loss: 5.752743721008301
Epoch: 1209, Loss: 5.742004871368408
Epoch: 1210, Loss: 5.753082275390625
Test acc: 0.0064, IC acc: 0.0069, IC acc2: 0.0029, IW acc: 0.0038
Epoch: 1211, Loss: 5.750489234924316
Epoch: 1212, Loss: 5.756016254425049
Epoch: 1213, Loss: 5.746708869934082
Epoch: 1214, Loss: 5.762564659118652
Epoch: 1215, Loss: 5.744102954864502
Epoch: 1216, Loss: 5.75208044052124
Epoch: 1217, Loss: 5.744974136352539
Epoch: 1218, Loss: 5.752171516418457
Epoch: 1219, Loss: 5.760585784912109
Epoch: 1220, Loss: 5.745875358581543
Test acc: 0.0064, IC acc: 0.0069, IC acc2: 0.003, IW acc: 0.0038
Epoch: 1221, Loss: 5.768338680267334
Epoch: 1222, Loss: 5.758766174316406
Epoch: 1223, Loss: 5.741544723510742
Epoch: 1224, Loss: 5.749672889709473
Epoch: 1225, Loss: 5.752933979034424
Epoch: 1226, Loss: 5.757816314697266
Epoch: 1227, Loss: 5.768044471740723
Epoch: 1228, Loss: 5.7481842041015625
Epoch: 1229, Loss: 5.747928619384766
Epoch: 1230, Loss: 5.745796203613281
Test acc: 0.0064, IC acc: 0.0069, IC acc2: 0.003, IW acc: 0.0039
Epoch: 1231, Loss: 5.742069721221924
Epoch: 1232, Loss: 5.759608268737793
Epoch: 1233, Loss: 5.753942966461182
Epoch: 1234, Loss: 5.759104251861572
Epoch: 1235, Loss: 5.748702049255371
Epoch: 1236, Loss: 5.752193450927734
Epoch: 1237, Loss: 5.743729114532471
Epoch: 1238, Loss: 5.750770092010498
Epoch: 1239, Loss: 5.753779888153076
Epoch: 1240, Loss: 5.751049041748047
Test acc: 0.0064, IC acc: 0.0069, IC acc2: 0.003, IW acc: 0.0038
Epoch: 1241, Loss: 5.746259689331055
Epoch: 1242, Loss: 5.729550361633301
Epoch: 1243, Loss: 5.755430221557617
Epoch: 1244, Loss: 5.764792442321777
Epoch: 1245, Loss: 5.744270324707031
Epoch: 1246, Loss: 5.769556522369385
Epoch: 1247, Loss: 5.753199577331543
Epoch: 1248, Loss: 5.754819869995117
Epoch: 1249, Loss: 5.752297401428223
./circuit_plots/Unrestricted Disentangled|Readout|CN=1|B0=0|B1=1|K=1280|L=320|p_B=0.75|p_C=0.75|B=2|eps=0|35ad5445-c154-4cea-8e18-983bdf361c37/ already exists.
./circuit_plots/Unrestricted Disentangled|Readout|CN=1|B0=0|B1=1|K=1280|L=320|p_B=0.75|p_C=0.75|B=2|eps=0|35ad5445-c154-4cea-8e18-983bdf361c37/ already exists.
./circuit_plots/Unrestricted Disentangled|Readout|CN=1|B0=0|B1=1|K=1280|L=320|p_B=0.75|p_C=0.75|B=2|eps=0|35ad5445-c154-4cea-8e18-983bdf361c37/ already exists.
./circuit_plots/Unrestricted Disentangled|Readout|CN=1|B0=0|B1=1|K=1280|L=320|p_B=0.75|p_C=0.75|B=2|eps=0|35ad5445-c154-4cea-8e18-983bdf361c37/ already exists.
./circuit_plots/Unrestricted Disentangled|Readout|CN=1|B0=0|B1=1|K=1280|L=320|p_B=0.75|p_C=0.75|B=2|eps=0|35ad5445-c154-4cea-8e18-983bdf361c37/ already exists.
./circuit_plots/Unrestricted Disentangled|Readout|CN=1|B0=0|B1=1|K=1280|L=320|p_B=0.75|p_C=0.75|B=2|eps=0|35ad5445-c154-4cea-8e18-983bdf361c37/ already exists.
./circuit_plots/Unrestricted Disentangled|Readout|CN=1|B0=0|B1=1|K=1280|L=320|p_B=0.75|p_C=0.75|B=2|eps=0|35ad5445-c154-4cea-8e18-983bdf361c37/ already exists.
Epoch: 1250, Loss: 5.7554802894592285
Test acc: 0.0064, IC acc: 0.0069, IC acc2: 0.003, IW acc: 0.0039
Epoch: 1251, Loss: 5.734821796417236
Epoch: 1252, Loss: 5.752662181854248
Epoch: 1253, Loss: 5.7637224197387695
Epoch: 1254, Loss: 5.748493194580078
Epoch: 1255, Loss: 5.747941017150879
Epoch: 1256, Loss: 5.746173858642578
Epoch: 1257, Loss: 5.7398786544799805
Epoch: 1258, Loss: 5.7489166259765625
Epoch: 1259, Loss: 5.734114646911621
Epoch: 1260, Loss: 5.754640102386475
Test acc: 0.0064, IC acc: 0.007, IC acc2: 0.0029, IW acc: 0.0038
Epoch: 1261, Loss: 5.745894908905029
Epoch: 1262, Loss: 5.753507614135742
Epoch: 1263, Loss: 5.746873378753662
Epoch: 1264, Loss: 5.74327278137207
Epoch: 1265, Loss: 5.751396179199219
Epoch: 1266, Loss: 5.759641170501709
Epoch: 1267, Loss: 5.738359451293945
Epoch: 1268, Loss: 5.745687484741211
Epoch: 1269, Loss: 5.730323314666748
Epoch: 1270, Loss: 5.750772476196289
Test acc: 0.0064, IC acc: 0.0071, IC acc2: 0.0029, IW acc: 0.0038
Epoch: 1271, Loss: 5.732574462890625
Epoch: 1272, Loss: 5.758760452270508
Epoch: 1273, Loss: 5.745162010192871
Epoch: 1274, Loss: 5.743675708770752
Epoch: 1275, Loss: 5.750361442565918
Epoch: 1276, Loss: 5.756157875061035
Epoch: 1277, Loss: 5.7432861328125
Epoch: 1278, Loss: 5.7439045906066895
Epoch: 1279, Loss: 5.7359209060668945
Epoch: 1280, Loss: 5.751601219177246
Test acc: 0.0064, IC acc: 0.0072, IC acc2: 0.003, IW acc: 0.0038
Epoch: 1281, Loss: 5.7433061599731445
Epoch: 1282, Loss: 5.7411885261535645
Epoch: 1283, Loss: 5.749780654907227
Epoch: 1284, Loss: 5.770051956176758
Epoch: 1285, Loss: 5.747330665588379
Epoch: 1286, Loss: 5.732412815093994
Epoch: 1287, Loss: 5.7616868019104
Epoch: 1288, Loss: 5.750173091888428
Epoch: 1289, Loss: 5.761361122131348
Epoch: 1290, Loss: 5.734886646270752
Test acc: 0.0064, IC acc: 0.0072, IC acc2: 0.003, IW acc: 0.0037
Epoch: 1291, Loss: 5.739914894104004
Epoch: 1292, Loss: 5.753592491149902
Epoch: 1293, Loss: 5.7494893074035645
Epoch: 1294, Loss: 5.746991157531738
Epoch: 1295, Loss: 5.755841255187988
Epoch: 1296, Loss: 5.755017280578613
Epoch: 1297, Loss: 5.746333122253418
Epoch: 1298, Loss: 5.7597551345825195
Epoch: 1299, Loss: 5.744739532470703
./circuit_plots/Unrestricted Disentangled|Readout|CN=1|B0=0|B1=1|K=1280|L=320|p_B=0.75|p_C=0.75|B=2|eps=0|35ad5445-c154-4cea-8e18-983bdf361c37/ already exists.
./circuit_plots/Unrestricted Disentangled|Readout|CN=1|B0=0|B1=1|K=1280|L=320|p_B=0.75|p_C=0.75|B=2|eps=0|35ad5445-c154-4cea-8e18-983bdf361c37/ already exists.
./circuit_plots/Unrestricted Disentangled|Readout|CN=1|B0=0|B1=1|K=1280|L=320|p_B=0.75|p_C=0.75|B=2|eps=0|35ad5445-c154-4cea-8e18-983bdf361c37/ already exists.
./circuit_plots/Unrestricted Disentangled|Readout|CN=1|B0=0|B1=1|K=1280|L=320|p_B=0.75|p_C=0.75|B=2|eps=0|35ad5445-c154-4cea-8e18-983bdf361c37/ already exists.
./circuit_plots/Unrestricted Disentangled|Readout|CN=1|B0=0|B1=1|K=1280|L=320|p_B=0.75|p_C=0.75|B=2|eps=0|35ad5445-c154-4cea-8e18-983bdf361c37/ already exists.
./circuit_plots/Unrestricted Disentangled|Readout|CN=1|B0=0|B1=1|K=1280|L=320|p_B=0.75|p_C=0.75|B=2|eps=0|35ad5445-c154-4cea-8e18-983bdf361c37/ already exists.
./circuit_plots/Unrestricted Disentangled|Readout|CN=1|B0=0|B1=1|K=1280|L=320|p_B=0.75|p_C=0.75|B=2|eps=0|35ad5445-c154-4cea-8e18-983bdf361c37/ already exists.
Epoch: 1300, Loss: 5.748490810394287
Test acc: 0.0064, IC acc: 0.0071, IC acc2: 0.003, IW acc: 0.0036
Epoch: 1301, Loss: 5.750251293182373
Epoch: 1302, Loss: 5.738789081573486
Epoch: 1303, Loss: 5.750187873840332
Epoch: 1304, Loss: 5.747736930847168
Epoch: 1305, Loss: 5.743533134460449
Epoch: 1306, Loss: 5.753030776977539
Epoch: 1307, Loss: 5.754203796386719
Epoch: 1308, Loss: 5.7500810623168945
Epoch: 1309, Loss: 5.754608154296875
Epoch: 1310, Loss: 5.745452880859375
Test acc: 0.0065, IC acc: 0.0072, IC acc2: 0.003, IW acc: 0.0037
Epoch: 1311, Loss: 5.750020980834961
Epoch: 1312, Loss: 5.751588821411133
Epoch: 1313, Loss: 5.743353843688965
Epoch: 1314, Loss: 5.747169017791748
Epoch: 1315, Loss: 5.74108362197876
Epoch: 1316, Loss: 5.769550323486328
Epoch: 1317, Loss: 5.743542671203613
Epoch: 1318, Loss: 5.738278388977051
Epoch: 1319, Loss: 5.745857238769531
Epoch: 1320, Loss: 5.758108139038086
Test acc: 0.0064, IC acc: 0.0072, IC acc2: 0.003, IW acc: 0.0037
Epoch: 1321, Loss: 5.7405548095703125
Epoch: 1322, Loss: 5.741730690002441
Epoch: 1323, Loss: 5.736598014831543
Epoch: 1324, Loss: 5.7600274085998535
Epoch: 1325, Loss: 5.75412654876709
Epoch: 1326, Loss: 5.731874465942383
Epoch: 1327, Loss: 5.7481889724731445
Epoch: 1328, Loss: 5.756991386413574
Epoch: 1329, Loss: 5.742918014526367
Epoch: 1330, Loss: 5.740229606628418
Test acc: 0.0064, IC acc: 0.0072, IC acc2: 0.003, IW acc: 0.0036
Epoch: 1331, Loss: 5.7516913414001465
Epoch: 1332, Loss: 5.740720272064209
Epoch: 1333, Loss: 5.7563323974609375
Epoch: 1334, Loss: 5.745458602905273
Epoch: 1335, Loss: 5.753392219543457
Epoch: 1336, Loss: 5.752204895019531
Epoch: 1337, Loss: 5.747061729431152
Epoch: 1338, Loss: 5.748072624206543
Epoch: 1339, Loss: 5.747829437255859
Epoch: 1340, Loss: 5.756051540374756
Test acc: 0.0065, IC acc: 0.0073, IC acc2: 0.003, IW acc: 0.0035
Epoch: 1341, Loss: 5.761320114135742
Epoch: 1342, Loss: 5.741621971130371
Epoch: 1343, Loss: 5.739798545837402
Epoch: 1344, Loss: 5.745704174041748
Epoch: 1345, Loss: 5.7462005615234375
Epoch: 1346, Loss: 5.76491117477417
Epoch: 1347, Loss: 5.746923446655273
Epoch: 1348, Loss: 5.758652687072754
Epoch: 1349, Loss: 5.744174480438232
./circuit_plots/Unrestricted Disentangled|Readout|CN=1|B0=0|B1=1|K=1280|L=320|p_B=0.75|p_C=0.75|B=2|eps=0|35ad5445-c154-4cea-8e18-983bdf361c37/ already exists.
./circuit_plots/Unrestricted Disentangled|Readout|CN=1|B0=0|B1=1|K=1280|L=320|p_B=0.75|p_C=0.75|B=2|eps=0|35ad5445-c154-4cea-8e18-983bdf361c37/ already exists.
./circuit_plots/Unrestricted Disentangled|Readout|CN=1|B0=0|B1=1|K=1280|L=320|p_B=0.75|p_C=0.75|B=2|eps=0|35ad5445-c154-4cea-8e18-983bdf361c37/ already exists.
./circuit_plots/Unrestricted Disentangled|Readout|CN=1|B0=0|B1=1|K=1280|L=320|p_B=0.75|p_C=0.75|B=2|eps=0|35ad5445-c154-4cea-8e18-983bdf361c37/ already exists.
./circuit_plots/Unrestricted Disentangled|Readout|CN=1|B0=0|B1=1|K=1280|L=320|p_B=0.75|p_C=0.75|B=2|eps=0|35ad5445-c154-4cea-8e18-983bdf361c37/ already exists.
./circuit_plots/Unrestricted Disentangled|Readout|CN=1|B0=0|B1=1|K=1280|L=320|p_B=0.75|p_C=0.75|B=2|eps=0|35ad5445-c154-4cea-8e18-983bdf361c37/ already exists.
./circuit_plots/Unrestricted Disentangled|Readout|CN=1|B0=0|B1=1|K=1280|L=320|p_B=0.75|p_C=0.75|B=2|eps=0|35ad5445-c154-4cea-8e18-983bdf361c37/ already exists.
Epoch: 1350, Loss: 5.7516770362854
Test acc: 0.0067, IC acc: 0.0073, IC acc2: 0.003, IW acc: 0.0036
Epoch: 1351, Loss: 5.742801666259766
Epoch: 1352, Loss: 5.741507053375244
Epoch: 1353, Loss: 5.7420854568481445
Epoch: 1354, Loss: 5.76462459564209
Epoch: 1355, Loss: 5.749088287353516
Epoch: 1356, Loss: 5.743181228637695
Epoch: 1357, Loss: 5.738713264465332
Epoch: 1358, Loss: 5.753807544708252
Epoch: 1359, Loss: 5.744086742401123
Epoch: 1360, Loss: 5.749075889587402
Test acc: 0.0069, IC acc: 0.0073, IC acc2: 0.003, IW acc: 0.0036
Epoch: 1361, Loss: 5.737609386444092
Epoch: 1362, Loss: 5.745032787322998
Epoch: 1363, Loss: 5.727268218994141
Epoch: 1364, Loss: 5.746768951416016
Epoch: 1365, Loss: 5.760274887084961
Epoch: 1366, Loss: 5.74228572845459
Epoch: 1367, Loss: 5.740467071533203
Epoch: 1368, Loss: 5.748350143432617
Epoch: 1369, Loss: 5.755158424377441
Epoch: 1370, Loss: 5.736845016479492
Test acc: 0.007, IC acc: 0.0074, IC acc2: 0.0029, IW acc: 0.0037
Epoch: 1371, Loss: 5.748543739318848
Epoch: 1372, Loss: 5.733005523681641
Epoch: 1373, Loss: 5.74671745300293
Epoch: 1374, Loss: 5.737847328186035
Epoch: 1375, Loss: 5.74405574798584
Epoch: 1376, Loss: 5.7413649559021
Epoch: 1377, Loss: 5.736912250518799
Epoch: 1378, Loss: 5.747405052185059
Epoch: 1379, Loss: 5.756034851074219
Epoch: 1380, Loss: 5.756174087524414
Test acc: 0.007, IC acc: 0.0073, IC acc2: 0.0029, IW acc: 0.0036
Epoch: 1381, Loss: 5.745337009429932
Epoch: 1382, Loss: 5.732809066772461
Epoch: 1383, Loss: 5.741823196411133
Epoch: 1384, Loss: 5.751330375671387
Epoch: 1385, Loss: 5.724842071533203
Epoch: 1386, Loss: 5.743535041809082
Epoch: 1387, Loss: 5.737037658691406
Epoch: 1388, Loss: 5.748337268829346
Epoch: 1389, Loss: 5.758250713348389
Epoch: 1390, Loss: 5.7475128173828125
Test acc: 0.007, IC acc: 0.0073, IC acc2: 0.0029, IW acc: 0.0036
Epoch: 1391, Loss: 5.762295722961426
Epoch: 1392, Loss: 5.738410949707031
Epoch: 1393, Loss: 5.758494853973389
Epoch: 1394, Loss: 5.74789571762085
Epoch: 1395, Loss: 5.747407913208008
Epoch: 1396, Loss: 5.755734443664551
Epoch: 1397, Loss: 5.755322456359863
Epoch: 1398, Loss: 5.739089488983154
Epoch: 1399, Loss: 5.757831573486328
./circuit_plots/Unrestricted Disentangled|Readout|CN=1|B0=0|B1=1|K=1280|L=320|p_B=0.75|p_C=0.75|B=2|eps=0|35ad5445-c154-4cea-8e18-983bdf361c37/ already exists.
./circuit_plots/Unrestricted Disentangled|Readout|CN=1|B0=0|B1=1|K=1280|L=320|p_B=0.75|p_C=0.75|B=2|eps=0|35ad5445-c154-4cea-8e18-983bdf361c37/ already exists.
./circuit_plots/Unrestricted Disentangled|Readout|CN=1|B0=0|B1=1|K=1280|L=320|p_B=0.75|p_C=0.75|B=2|eps=0|35ad5445-c154-4cea-8e18-983bdf361c37/ already exists.
./circuit_plots/Unrestricted Disentangled|Readout|CN=1|B0=0|B1=1|K=1280|L=320|p_B=0.75|p_C=0.75|B=2|eps=0|35ad5445-c154-4cea-8e18-983bdf361c37/ already exists.
./circuit_plots/Unrestricted Disentangled|Readout|CN=1|B0=0|B1=1|K=1280|L=320|p_B=0.75|p_C=0.75|B=2|eps=0|35ad5445-c154-4cea-8e18-983bdf361c37/ already exists.
./circuit_plots/Unrestricted Disentangled|Readout|CN=1|B0=0|B1=1|K=1280|L=320|p_B=0.75|p_C=0.75|B=2|eps=0|35ad5445-c154-4cea-8e18-983bdf361c37/ already exists.
./circuit_plots/Unrestricted Disentangled|Readout|CN=1|B0=0|B1=1|K=1280|L=320|p_B=0.75|p_C=0.75|B=2|eps=0|35ad5445-c154-4cea-8e18-983bdf361c37/ already exists.
Epoch: 1400, Loss: 5.7548604011535645
Test acc: 0.007, IC acc: 0.0076, IC acc2: 0.003, IW acc: 0.0035
Epoch: 1401, Loss: 5.739533424377441
Epoch: 1402, Loss: 5.75032901763916
Epoch: 1403, Loss: 5.738609313964844
Epoch: 1404, Loss: 5.743138313293457
Epoch: 1405, Loss: 5.753276824951172
Epoch: 1406, Loss: 5.750657558441162
Epoch: 1407, Loss: 5.751347064971924
Epoch: 1408, Loss: 5.717347145080566
Epoch: 1409, Loss: 5.74697208404541
Epoch: 1410, Loss: 5.757960319519043
Test acc: 0.007, IC acc: 0.0077, IC acc2: 0.0029, IW acc: 0.0035
Epoch: 1411, Loss: 5.747921943664551
Epoch: 1412, Loss: 5.749529838562012
Epoch: 1413, Loss: 5.74650239944458
Epoch: 1414, Loss: 5.757981300354004
Epoch: 1415, Loss: 5.737643718719482
Epoch: 1416, Loss: 5.741854667663574
Epoch: 1417, Loss: 5.758961200714111
Epoch: 1418, Loss: 5.750207901000977
Epoch: 1419, Loss: 5.742250442504883
Epoch: 1420, Loss: 5.750455856323242
Test acc: 0.007, IC acc: 0.0077, IC acc2: 0.0029, IW acc: 0.0036
Epoch: 1421, Loss: 5.753998756408691
Epoch: 1422, Loss: 5.745699882507324
Epoch: 1423, Loss: 5.732802391052246
Epoch: 1424, Loss: 5.730273723602295
Epoch: 1425, Loss: 5.744015693664551
Epoch: 1426, Loss: 5.751069068908691
Epoch: 1427, Loss: 5.74545955657959
Epoch: 1428, Loss: 5.7425713539123535
Epoch: 1429, Loss: 5.74403190612793
Epoch: 1430, Loss: 5.731188774108887
Test acc: 0.0071, IC acc: 0.0077, IC acc2: 0.0029, IW acc: 0.0036
Epoch: 1431, Loss: 5.75760555267334
Epoch: 1432, Loss: 5.74393367767334
Epoch: 1433, Loss: 5.743167877197266
Epoch: 1434, Loss: 5.75935697555542
Epoch: 1435, Loss: 5.746856212615967
Epoch: 1436, Loss: 5.7439799308776855
Epoch: 1437, Loss: 5.747489929199219
Epoch: 1438, Loss: 5.753312110900879
Epoch: 1439, Loss: 5.742844104766846
Epoch: 1440, Loss: 5.733187675476074
Test acc: 0.0071, IC acc: 0.0077, IC acc2: 0.0029, IW acc: 0.0036
Epoch: 1441, Loss: 5.768484115600586
Epoch: 1442, Loss: 5.7531938552856445
Epoch: 1443, Loss: 5.745101451873779
Epoch: 1444, Loss: 5.760837078094482
Epoch: 1445, Loss: 5.742551803588867
Epoch: 1446, Loss: 5.73859977722168
Epoch: 1447, Loss: 5.755955696105957
Epoch: 1448, Loss: 5.7451043128967285
Epoch: 1449, Loss: 5.747767448425293
./circuit_plots/Unrestricted Disentangled|Readout|CN=1|B0=0|B1=1|K=1280|L=320|p_B=0.75|p_C=0.75|B=2|eps=0|35ad5445-c154-4cea-8e18-983bdf361c37/ already exists.
./circuit_plots/Unrestricted Disentangled|Readout|CN=1|B0=0|B1=1|K=1280|L=320|p_B=0.75|p_C=0.75|B=2|eps=0|35ad5445-c154-4cea-8e18-983bdf361c37/ already exists.
./circuit_plots/Unrestricted Disentangled|Readout|CN=1|B0=0|B1=1|K=1280|L=320|p_B=0.75|p_C=0.75|B=2|eps=0|35ad5445-c154-4cea-8e18-983bdf361c37/ already exists.
./circuit_plots/Unrestricted Disentangled|Readout|CN=1|B0=0|B1=1|K=1280|L=320|p_B=0.75|p_C=0.75|B=2|eps=0|35ad5445-c154-4cea-8e18-983bdf361c37/ already exists.
./circuit_plots/Unrestricted Disentangled|Readout|CN=1|B0=0|B1=1|K=1280|L=320|p_B=0.75|p_C=0.75|B=2|eps=0|35ad5445-c154-4cea-8e18-983bdf361c37/ already exists.
./circuit_plots/Unrestricted Disentangled|Readout|CN=1|B0=0|B1=1|K=1280|L=320|p_B=0.75|p_C=0.75|B=2|eps=0|35ad5445-c154-4cea-8e18-983bdf361c37/ already exists.
./circuit_plots/Unrestricted Disentangled|Readout|CN=1|B0=0|B1=1|K=1280|L=320|p_B=0.75|p_C=0.75|B=2|eps=0|35ad5445-c154-4cea-8e18-983bdf361c37/ already exists.
Epoch: 1450, Loss: 5.753312110900879
Test acc: 0.0073, IC acc: 0.0077, IC acc2: 0.0028, IW acc: 0.0035
Epoch: 1451, Loss: 5.765483856201172
Epoch: 1452, Loss: 5.756936550140381
Epoch: 1453, Loss: 5.737362861633301
Epoch: 1454, Loss: 5.758727073669434
Epoch: 1455, Loss: 5.752562522888184
Epoch: 1456, Loss: 5.746669769287109
Epoch: 1457, Loss: 5.757181167602539
Epoch: 1458, Loss: 5.745168685913086
Epoch: 1459, Loss: 5.756152153015137
Epoch: 1460, Loss: 5.734292030334473
Test acc: 0.0073, IC acc: 0.0079, IC acc2: 0.0028, IW acc: 0.0036
Epoch: 1461, Loss: 5.727802276611328
Epoch: 1462, Loss: 5.742807388305664
Epoch: 1463, Loss: 5.744126319885254
Epoch: 1464, Loss: 5.742737770080566
Epoch: 1465, Loss: 5.765171051025391
Epoch: 1466, Loss: 5.741447448730469
Epoch: 1467, Loss: 5.741153717041016
Epoch: 1468, Loss: 5.756133556365967
Epoch: 1469, Loss: 5.757381439208984
Epoch: 1470, Loss: 5.742498397827148
Test acc: 0.0072, IC acc: 0.0081, IC acc2: 0.0028, IW acc: 0.0035
Epoch: 1471, Loss: 5.755186080932617
Epoch: 1472, Loss: 5.753750801086426
Epoch: 1473, Loss: 5.741370677947998
Epoch: 1474, Loss: 5.748144626617432
Epoch: 1475, Loss: 5.744539260864258
Epoch: 1476, Loss: 5.74446964263916
Epoch: 1477, Loss: 5.763721942901611
Epoch: 1478, Loss: 5.7386884689331055
Epoch: 1479, Loss: 5.741921424865723
Epoch: 1480, Loss: 5.747833728790283
Test acc: 0.0074, IC acc: 0.0082, IC acc2: 0.0029, IW acc: 0.0035
Epoch: 1481, Loss: 5.744814872741699
Epoch: 1482, Loss: 5.737780570983887
Epoch: 1483, Loss: 5.749604225158691
Epoch: 1484, Loss: 5.7301106452941895
Epoch: 1485, Loss: 5.751728057861328
Epoch: 1486, Loss: 5.734447002410889
Epoch: 1487, Loss: 5.742440223693848
Epoch: 1488, Loss: 5.7316670417785645
Epoch: 1489, Loss: 5.7620086669921875
Epoch: 1490, Loss: 5.749926567077637
Test acc: 0.0074, IC acc: 0.0083, IC acc2: 0.0028, IW acc: 0.0035
Epoch: 1491, Loss: 5.746607303619385
Epoch: 1492, Loss: 5.730230331420898
Epoch: 1493, Loss: 5.758009433746338
Epoch: 1494, Loss: 5.735811233520508
Epoch: 1495, Loss: 5.72963285446167
Epoch: 1496, Loss: 5.751461505889893
Epoch: 1497, Loss: 5.7504167556762695
Epoch: 1498, Loss: 5.748229503631592
Epoch: 1499, Loss: 5.753710746765137
./circuit_plots/Unrestricted Disentangled|Readout|CN=1|B0=0|B1=1|K=1280|L=320|p_B=0.75|p_C=0.75|B=2|eps=0|35ad5445-c154-4cea-8e18-983bdf361c37/ already exists.
./circuit_plots/Unrestricted Disentangled|Readout|CN=1|B0=0|B1=1|K=1280|L=320|p_B=0.75|p_C=0.75|B=2|eps=0|35ad5445-c154-4cea-8e18-983bdf361c37/ already exists.
./circuit_plots/Unrestricted Disentangled|Readout|CN=1|B0=0|B1=1|K=1280|L=320|p_B=0.75|p_C=0.75|B=2|eps=0|35ad5445-c154-4cea-8e18-983bdf361c37/ already exists.
./circuit_plots/Unrestricted Disentangled|Readout|CN=1|B0=0|B1=1|K=1280|L=320|p_B=0.75|p_C=0.75|B=2|eps=0|35ad5445-c154-4cea-8e18-983bdf361c37/ already exists.
./circuit_plots/Unrestricted Disentangled|Readout|CN=1|B0=0|B1=1|K=1280|L=320|p_B=0.75|p_C=0.75|B=2|eps=0|35ad5445-c154-4cea-8e18-983bdf361c37/ already exists.
./circuit_plots/Unrestricted Disentangled|Readout|CN=1|B0=0|B1=1|K=1280|L=320|p_B=0.75|p_C=0.75|B=2|eps=0|35ad5445-c154-4cea-8e18-983bdf361c37/ already exists.
./circuit_plots/Unrestricted Disentangled|Readout|CN=1|B0=0|B1=1|K=1280|L=320|p_B=0.75|p_C=0.75|B=2|eps=0|35ad5445-c154-4cea-8e18-983bdf361c37/ already exists.
Epoch: 1500, Loss: 5.751436233520508
Test acc: 0.0075, IC acc: 0.0083, IC acc2: 0.0028, IW acc: 0.0035
Epoch: 1501, Loss: 5.734025001525879
Epoch: 1502, Loss: 5.753037929534912
Epoch: 1503, Loss: 5.7349700927734375
Epoch: 1504, Loss: 5.7468976974487305
Epoch: 1505, Loss: 5.752038955688477
Epoch: 1506, Loss: 5.745298385620117
Epoch: 1507, Loss: 5.756440162658691
Epoch: 1508, Loss: 5.752096176147461
Epoch: 1509, Loss: 5.746265411376953
Epoch: 1510, Loss: 5.749661922454834
Test acc: 0.0075, IC acc: 0.0083, IC acc2: 0.0029, IW acc: 0.0035
Epoch: 1511, Loss: 5.7492594718933105
Epoch: 1512, Loss: 5.745749473571777
Epoch: 1513, Loss: 5.743729591369629
Epoch: 1514, Loss: 5.7467122077941895
Epoch: 1515, Loss: 5.747167587280273
Epoch: 1516, Loss: 5.740930080413818
Epoch: 1517, Loss: 5.7465715408325195
Epoch: 1518, Loss: 5.742663383483887
Epoch: 1519, Loss: 5.73430061340332
Epoch: 1520, Loss: 5.740475654602051
Test acc: 0.0075, IC acc: 0.0084, IC acc2: 0.003, IW acc: 0.0035
Epoch: 1521, Loss: 5.742688179016113
Epoch: 1522, Loss: 5.751131057739258
Epoch: 1523, Loss: 5.743279457092285
Epoch: 1524, Loss: 5.747926712036133
Epoch: 1525, Loss: 5.734520435333252
Epoch: 1526, Loss: 5.74298095703125
Epoch: 1527, Loss: 5.748599529266357
Epoch: 1528, Loss: 5.744109153747559
Epoch: 1529, Loss: 5.740604400634766
Epoch: 1530, Loss: 5.723586082458496
Test acc: 0.0075, IC acc: 0.0084, IC acc2: 0.0029, IW acc: 0.0035
Epoch: 1531, Loss: 5.744536876678467
Epoch: 1532, Loss: 5.749054431915283
Epoch: 1533, Loss: 5.746555328369141
Epoch: 1534, Loss: 5.738682746887207
Epoch: 1535, Loss: 5.740289211273193
Epoch: 1536, Loss: 5.754913330078125
Epoch: 1537, Loss: 5.726119041442871
Epoch: 1538, Loss: 5.742754936218262
Epoch: 1539, Loss: 5.75634241104126
Epoch: 1540, Loss: 5.749978542327881
Test acc: 0.0076, IC acc: 0.0084, IC acc2: 0.003, IW acc: 0.0035
Epoch: 1541, Loss: 5.756299018859863
Epoch: 1542, Loss: 5.763991832733154
Epoch: 1543, Loss: 5.734038829803467
Epoch: 1544, Loss: 5.747714996337891
Epoch: 1545, Loss: 5.744052410125732
Epoch: 1546, Loss: 5.749224662780762
Epoch: 1547, Loss: 5.749355316162109
Epoch: 1548, Loss: 5.725381851196289
Epoch: 1549, Loss: 5.725621223449707
./circuit_plots/Unrestricted Disentangled|Readout|CN=1|B0=0|B1=1|K=1280|L=320|p_B=0.75|p_C=0.75|B=2|eps=0|35ad5445-c154-4cea-8e18-983bdf361c37/ already exists.
./circuit_plots/Unrestricted Disentangled|Readout|CN=1|B0=0|B1=1|K=1280|L=320|p_B=0.75|p_C=0.75|B=2|eps=0|35ad5445-c154-4cea-8e18-983bdf361c37/ already exists.
./circuit_plots/Unrestricted Disentangled|Readout|CN=1|B0=0|B1=1|K=1280|L=320|p_B=0.75|p_C=0.75|B=2|eps=0|35ad5445-c154-4cea-8e18-983bdf361c37/ already exists.
./circuit_plots/Unrestricted Disentangled|Readout|CN=1|B0=0|B1=1|K=1280|L=320|p_B=0.75|p_C=0.75|B=2|eps=0|35ad5445-c154-4cea-8e18-983bdf361c37/ already exists.
./circuit_plots/Unrestricted Disentangled|Readout|CN=1|B0=0|B1=1|K=1280|L=320|p_B=0.75|p_C=0.75|B=2|eps=0|35ad5445-c154-4cea-8e18-983bdf361c37/ already exists.
./circuit_plots/Unrestricted Disentangled|Readout|CN=1|B0=0|B1=1|K=1280|L=320|p_B=0.75|p_C=0.75|B=2|eps=0|35ad5445-c154-4cea-8e18-983bdf361c37/ already exists.
./circuit_plots/Unrestricted Disentangled|Readout|CN=1|B0=0|B1=1|K=1280|L=320|p_B=0.75|p_C=0.75|B=2|eps=0|35ad5445-c154-4cea-8e18-983bdf361c37/ already exists.
Epoch: 1550, Loss: 5.753116130828857
Test acc: 0.0076, IC acc: 0.0085, IC acc2: 0.003, IW acc: 0.0034
Epoch: 1551, Loss: 5.749811172485352
Epoch: 1552, Loss: 5.734785556793213
Epoch: 1553, Loss: 5.752686500549316
Epoch: 1554, Loss: 5.746004581451416
Epoch: 1555, Loss: 5.738650321960449
Epoch: 1556, Loss: 5.7414679527282715
Epoch: 1557, Loss: 5.741917133331299
Epoch: 1558, Loss: 5.727793216705322
Epoch: 1559, Loss: 5.731295585632324
Epoch: 1560, Loss: 5.746660232543945
Test acc: 0.0076, IC acc: 0.0084, IC acc2: 0.003, IW acc: 0.0035
Epoch: 1561, Loss: 5.752280235290527
Epoch: 1562, Loss: 5.750578880310059
Epoch: 1563, Loss: 5.745059490203857
Epoch: 1564, Loss: 5.7375078201293945
Epoch: 1565, Loss: 5.74116849899292
Epoch: 1566, Loss: 5.759002685546875
Epoch: 1567, Loss: 5.740944862365723
Epoch: 1568, Loss: 5.738779067993164
Epoch: 1569, Loss: 5.731942176818848
Epoch: 1570, Loss: 5.758331298828125
Test acc: 0.0077, IC acc: 0.0085, IC acc2: 0.0029, IW acc: 0.0036
Epoch: 1571, Loss: 5.7504472732543945
Epoch: 1572, Loss: 5.748511791229248
Epoch: 1573, Loss: 5.756437301635742
Epoch: 1574, Loss: 5.747013568878174
Epoch: 1575, Loss: 5.743762969970703
Epoch: 1576, Loss: 5.754222393035889
Epoch: 1577, Loss: 5.744009017944336
Epoch: 1578, Loss: 5.767146587371826
Epoch: 1579, Loss: 5.746757507324219
Epoch: 1580, Loss: 5.749960422515869
Test acc: 0.0077, IC acc: 0.0085, IC acc2: 0.0029, IW acc: 0.0034
Epoch: 1581, Loss: 5.736023426055908
Epoch: 1582, Loss: 5.757085800170898
Epoch: 1583, Loss: 5.74826717376709
Epoch: 1584, Loss: 5.745943546295166
Epoch: 1585, Loss: 5.737441062927246
Epoch: 1586, Loss: 5.755987644195557
Epoch: 1587, Loss: 5.743898868560791
Epoch: 1588, Loss: 5.752521514892578
Epoch: 1589, Loss: 5.7369232177734375
Epoch: 1590, Loss: 5.745370864868164
Test acc: 0.0079, IC acc: 0.0086, IC acc2: 0.0029, IW acc: 0.0033
Epoch: 1591, Loss: 5.73846435546875
Epoch: 1592, Loss: 5.738863945007324
Epoch: 1593, Loss: 5.749671459197998
Epoch: 1594, Loss: 5.752871513366699
Epoch: 1595, Loss: 5.737305164337158
Epoch: 1596, Loss: 5.7444610595703125
Epoch: 1597, Loss: 5.7386627197265625
Epoch: 1598, Loss: 5.753249168395996
Epoch: 1599, Loss: 5.738959312438965
./circuit_plots/Unrestricted Disentangled|Readout|CN=1|B0=0|B1=1|K=1280|L=320|p_B=0.75|p_C=0.75|B=2|eps=0|35ad5445-c154-4cea-8e18-983bdf361c37/ already exists.
./circuit_plots/Unrestricted Disentangled|Readout|CN=1|B0=0|B1=1|K=1280|L=320|p_B=0.75|p_C=0.75|B=2|eps=0|35ad5445-c154-4cea-8e18-983bdf361c37/ already exists.
./circuit_plots/Unrestricted Disentangled|Readout|CN=1|B0=0|B1=1|K=1280|L=320|p_B=0.75|p_C=0.75|B=2|eps=0|35ad5445-c154-4cea-8e18-983bdf361c37/ already exists.
./circuit_plots/Unrestricted Disentangled|Readout|CN=1|B0=0|B1=1|K=1280|L=320|p_B=0.75|p_C=0.75|B=2|eps=0|35ad5445-c154-4cea-8e18-983bdf361c37/ already exists.
./circuit_plots/Unrestricted Disentangled|Readout|CN=1|B0=0|B1=1|K=1280|L=320|p_B=0.75|p_C=0.75|B=2|eps=0|35ad5445-c154-4cea-8e18-983bdf361c37/ already exists.
./circuit_plots/Unrestricted Disentangled|Readout|CN=1|B0=0|B1=1|K=1280|L=320|p_B=0.75|p_C=0.75|B=2|eps=0|35ad5445-c154-4cea-8e18-983bdf361c37/ already exists.
./circuit_plots/Unrestricted Disentangled|Readout|CN=1|B0=0|B1=1|K=1280|L=320|p_B=0.75|p_C=0.75|B=2|eps=0|35ad5445-c154-4cea-8e18-983bdf361c37/ already exists.
Epoch: 1600, Loss: 5.736808776855469
Test acc: 0.0078, IC acc: 0.0086, IC acc2: 0.0028, IW acc: 0.0033
Epoch: 1601, Loss: 5.735071182250977
Epoch: 1602, Loss: 5.75612735748291
Epoch: 1603, Loss: 5.73995304107666
Epoch: 1604, Loss: 5.749479293823242
Epoch: 1605, Loss: 5.737195014953613
Epoch: 1606, Loss: 5.739035606384277
Epoch: 1607, Loss: 5.7550530433654785
Epoch: 1608, Loss: 5.745855331420898
Epoch: 1609, Loss: 5.746227264404297
Epoch: 1610, Loss: 5.759311199188232
Test acc: 0.0081, IC acc: 0.0086, IC acc2: 0.0028, IW acc: 0.0033
Epoch: 1611, Loss: 5.7522873878479
Epoch: 1612, Loss: 5.745628356933594
Epoch: 1613, Loss: 5.736510276794434
Epoch: 1614, Loss: 5.748561859130859
Epoch: 1615, Loss: 5.744011878967285
Epoch: 1616, Loss: 5.762027263641357
Epoch: 1617, Loss: 5.721229553222656
Epoch: 1618, Loss: 5.73876428604126
Epoch: 1619, Loss: 5.748022079467773
Epoch: 1620, Loss: 5.736090660095215
Test acc: 0.0082, IC acc: 0.0088, IC acc2: 0.0028, IW acc: 0.0034
Epoch: 1621, Loss: 5.747751235961914
Epoch: 1622, Loss: 5.752712726593018
Epoch: 1623, Loss: 5.74832010269165
Epoch: 1624, Loss: 5.7445220947265625
Epoch: 1625, Loss: 5.745875358581543
Epoch: 1626, Loss: 5.7522807121276855
Epoch: 1627, Loss: 5.7444658279418945
Epoch: 1628, Loss: 5.724654674530029
Epoch: 1629, Loss: 5.750850200653076
Epoch: 1630, Loss: 5.732088088989258
Test acc: 0.0082, IC acc: 0.0089, IC acc2: 0.0028, IW acc: 0.0034
Epoch: 1631, Loss: 5.747253894805908
Epoch: 1632, Loss: 5.7461137771606445
Epoch: 1633, Loss: 5.732796669006348
Epoch: 1634, Loss: 5.74688720703125
Epoch: 1635, Loss: 5.75361442565918
Epoch: 1636, Loss: 5.736760139465332
Epoch: 1637, Loss: 5.7669501304626465
Epoch: 1638, Loss: 5.748752593994141
Epoch: 1639, Loss: 5.756166934967041
Epoch: 1640, Loss: 5.74959659576416
Test acc: 0.0082, IC acc: 0.0089, IC acc2: 0.0028, IW acc: 0.0034
Epoch: 1641, Loss: 5.729570388793945
Epoch: 1642, Loss: 5.738150596618652
Epoch: 1643, Loss: 5.7379913330078125
Epoch: 1644, Loss: 5.743912696838379
Epoch: 1645, Loss: 5.748892784118652
Epoch: 1646, Loss: 5.740296840667725
Epoch: 1647, Loss: 5.7528791427612305
Epoch: 1648, Loss: 5.743854522705078
Epoch: 1649, Loss: 5.749942779541016
./circuit_plots/Unrestricted Disentangled|Readout|CN=1|B0=0|B1=1|K=1280|L=320|p_B=0.75|p_C=0.75|B=2|eps=0|35ad5445-c154-4cea-8e18-983bdf361c37/ already exists.
./circuit_plots/Unrestricted Disentangled|Readout|CN=1|B0=0|B1=1|K=1280|L=320|p_B=0.75|p_C=0.75|B=2|eps=0|35ad5445-c154-4cea-8e18-983bdf361c37/ already exists.
./circuit_plots/Unrestricted Disentangled|Readout|CN=1|B0=0|B1=1|K=1280|L=320|p_B=0.75|p_C=0.75|B=2|eps=0|35ad5445-c154-4cea-8e18-983bdf361c37/ already exists.
./circuit_plots/Unrestricted Disentangled|Readout|CN=1|B0=0|B1=1|K=1280|L=320|p_B=0.75|p_C=0.75|B=2|eps=0|35ad5445-c154-4cea-8e18-983bdf361c37/ already exists.
./circuit_plots/Unrestricted Disentangled|Readout|CN=1|B0=0|B1=1|K=1280|L=320|p_B=0.75|p_C=0.75|B=2|eps=0|35ad5445-c154-4cea-8e18-983bdf361c37/ already exists.
./circuit_plots/Unrestricted Disentangled|Readout|CN=1|B0=0|B1=1|K=1280|L=320|p_B=0.75|p_C=0.75|B=2|eps=0|35ad5445-c154-4cea-8e18-983bdf361c37/ already exists.
./circuit_plots/Unrestricted Disentangled|Readout|CN=1|B0=0|B1=1|K=1280|L=320|p_B=0.75|p_C=0.75|B=2|eps=0|35ad5445-c154-4cea-8e18-983bdf361c37/ already exists.
Epoch: 1650, Loss: 5.737421989440918
Test acc: 0.0082, IC acc: 0.009, IC acc2: 0.0028, IW acc: 0.0034
Epoch: 1651, Loss: 5.730837821960449
Epoch: 1652, Loss: 5.75039529800415
Epoch: 1653, Loss: 5.747194290161133
Epoch: 1654, Loss: 5.737903594970703
Epoch: 1655, Loss: 5.7490973472595215
Epoch: 1656, Loss: 5.752566337585449
Epoch: 1657, Loss: 5.747337341308594
Epoch: 1658, Loss: 5.741401195526123
Epoch: 1659, Loss: 5.753346920013428
Epoch: 1660, Loss: 5.735438346862793
Test acc: 0.0082, IC acc: 0.0091, IC acc2: 0.0028, IW acc: 0.0034
Epoch: 1661, Loss: 5.739826679229736
Epoch: 1662, Loss: 5.736174583435059
Epoch: 1663, Loss: 5.75184440612793
Epoch: 1664, Loss: 5.741718292236328
Epoch: 1665, Loss: 5.747786521911621
Epoch: 1666, Loss: 5.751345634460449
Epoch: 1667, Loss: 5.7434492111206055
Epoch: 1668, Loss: 5.736058235168457
Epoch: 1669, Loss: 5.75036096572876
Epoch: 1670, Loss: 5.740242004394531
Test acc: 0.0082, IC acc: 0.0091, IC acc2: 0.0028, IW acc: 0.0034
Epoch: 1671, Loss: 5.748743057250977
Epoch: 1672, Loss: 5.733641624450684
Epoch: 1673, Loss: 5.7514190673828125
Epoch: 1674, Loss: 5.739763259887695
Epoch: 1675, Loss: 5.736018180847168
Epoch: 1676, Loss: 5.752634048461914
Epoch: 1677, Loss: 5.7548394203186035
Epoch: 1678, Loss: 5.7267279624938965
Epoch: 1679, Loss: 5.749819755554199
Epoch: 1680, Loss: 5.735718727111816
Test acc: 0.0082, IC acc: 0.0093, IC acc2: 0.0028, IW acc: 0.0034
Epoch: 1681, Loss: 5.739613056182861
Epoch: 1682, Loss: 5.719692707061768
Epoch: 1683, Loss: 5.750035285949707
Epoch: 1684, Loss: 5.750856399536133
Epoch: 1685, Loss: 5.731138229370117
Epoch: 1686, Loss: 5.7425994873046875
Epoch: 1687, Loss: 5.742864608764648
Epoch: 1688, Loss: 5.735653400421143
Epoch: 1689, Loss: 5.732935905456543
Epoch: 1690, Loss: 5.738643646240234
Test acc: 0.0081, IC acc: 0.0094, IC acc2: 0.0028, IW acc: 0.0035
Epoch: 1691, Loss: 5.7300543785095215
Epoch: 1692, Loss: 5.7417707443237305
Epoch: 1693, Loss: 5.736419677734375
Epoch: 1694, Loss: 5.743923187255859
Epoch: 1695, Loss: 5.73933219909668
Epoch: 1696, Loss: 5.738752365112305
Epoch: 1697, Loss: 5.754796028137207
Epoch: 1698, Loss: 5.730042457580566
Epoch: 1699, Loss: 5.7420830726623535
./circuit_plots/Unrestricted Disentangled|Readout|CN=1|B0=0|B1=1|K=1280|L=320|p_B=0.75|p_C=0.75|B=2|eps=0|35ad5445-c154-4cea-8e18-983bdf361c37/ already exists.
./circuit_plots/Unrestricted Disentangled|Readout|CN=1|B0=0|B1=1|K=1280|L=320|p_B=0.75|p_C=0.75|B=2|eps=0|35ad5445-c154-4cea-8e18-983bdf361c37/ already exists.
./circuit_plots/Unrestricted Disentangled|Readout|CN=1|B0=0|B1=1|K=1280|L=320|p_B=0.75|p_C=0.75|B=2|eps=0|35ad5445-c154-4cea-8e18-983bdf361c37/ already exists.
./circuit_plots/Unrestricted Disentangled|Readout|CN=1|B0=0|B1=1|K=1280|L=320|p_B=0.75|p_C=0.75|B=2|eps=0|35ad5445-c154-4cea-8e18-983bdf361c37/ already exists.
./circuit_plots/Unrestricted Disentangled|Readout|CN=1|B0=0|B1=1|K=1280|L=320|p_B=0.75|p_C=0.75|B=2|eps=0|35ad5445-c154-4cea-8e18-983bdf361c37/ already exists.
./circuit_plots/Unrestricted Disentangled|Readout|CN=1|B0=0|B1=1|K=1280|L=320|p_B=0.75|p_C=0.75|B=2|eps=0|35ad5445-c154-4cea-8e18-983bdf361c37/ already exists.
./circuit_plots/Unrestricted Disentangled|Readout|CN=1|B0=0|B1=1|K=1280|L=320|p_B=0.75|p_C=0.75|B=2|eps=0|35ad5445-c154-4cea-8e18-983bdf361c37/ already exists.
Epoch: 1700, Loss: 5.732614517211914
Test acc: 0.0081, IC acc: 0.0095, IC acc2: 0.0028, IW acc: 0.0035
Epoch: 1701, Loss: 5.752205848693848
Epoch: 1702, Loss: 5.746664047241211
Epoch: 1703, Loss: 5.74647331237793
Epoch: 1704, Loss: 5.749711513519287
Epoch: 1705, Loss: 5.7478532791137695
Epoch: 1706, Loss: 5.754485130310059
Epoch: 1707, Loss: 5.750597953796387
Epoch: 1708, Loss: 5.747174263000488
Epoch: 1709, Loss: 5.748011589050293
Epoch: 1710, Loss: 5.739447116851807
Test acc: 0.0084, IC acc: 0.0093, IC acc2: 0.0028, IW acc: 0.0036
Epoch: 1711, Loss: 5.734498023986816
Epoch: 1712, Loss: 5.7413330078125
Epoch: 1713, Loss: 5.746886730194092
Epoch: 1714, Loss: 5.744851112365723
Epoch: 1715, Loss: 5.733851432800293
Epoch: 1716, Loss: 5.750298500061035
Epoch: 1717, Loss: 5.737493991851807
Epoch: 1718, Loss: 5.752972602844238
Epoch: 1719, Loss: 5.7536540031433105
Epoch: 1720, Loss: 5.734212398529053
Test acc: 0.0084, IC acc: 0.0093, IC acc2: 0.0028, IW acc: 0.0036
Epoch: 1721, Loss: 5.746520519256592
Epoch: 1722, Loss: 5.73048210144043
Epoch: 1723, Loss: 5.742473602294922
Epoch: 1724, Loss: 5.746835708618164
Epoch: 1725, Loss: 5.749016761779785
Epoch: 1726, Loss: 5.747036933898926
Epoch: 1727, Loss: 5.743808269500732
Epoch: 1728, Loss: 5.732125282287598
Epoch: 1729, Loss: 5.731256008148193
Epoch: 1730, Loss: 5.7546186447143555
Test acc: 0.0084, IC acc: 0.0095, IC acc2: 0.0028, IW acc: 0.0036
Epoch: 1731, Loss: 5.734824180603027
Epoch: 1732, Loss: 5.740021705627441
Epoch: 1733, Loss: 5.7472028732299805
Epoch: 1734, Loss: 5.749364376068115
Epoch: 1735, Loss: 5.734890460968018
Epoch: 1736, Loss: 5.732982158660889
Epoch: 1737, Loss: 5.745429039001465
Epoch: 1738, Loss: 5.752529621124268
Epoch: 1739, Loss: 5.740604400634766
Epoch: 1740, Loss: 5.736769199371338
Test acc: 0.0084, IC acc: 0.0095, IC acc2: 0.0028, IW acc: 0.0036
Epoch: 1741, Loss: 5.737499713897705
Epoch: 1742, Loss: 5.744312286376953
Epoch: 1743, Loss: 5.735074043273926
Epoch: 1744, Loss: 5.754757881164551
Epoch: 1745, Loss: 5.740272521972656
Epoch: 1746, Loss: 5.74885368347168
Epoch: 1747, Loss: 5.746370315551758
Epoch: 1748, Loss: 5.729923248291016
Epoch: 1749, Loss: 5.7443766593933105
./circuit_plots/Unrestricted Disentangled|Readout|CN=1|B0=0|B1=1|K=1280|L=320|p_B=0.75|p_C=0.75|B=2|eps=0|35ad5445-c154-4cea-8e18-983bdf361c37/ already exists.
./circuit_plots/Unrestricted Disentangled|Readout|CN=1|B0=0|B1=1|K=1280|L=320|p_B=0.75|p_C=0.75|B=2|eps=0|35ad5445-c154-4cea-8e18-983bdf361c37/ already exists.
./circuit_plots/Unrestricted Disentangled|Readout|CN=1|B0=0|B1=1|K=1280|L=320|p_B=0.75|p_C=0.75|B=2|eps=0|35ad5445-c154-4cea-8e18-983bdf361c37/ already exists.
./circuit_plots/Unrestricted Disentangled|Readout|CN=1|B0=0|B1=1|K=1280|L=320|p_B=0.75|p_C=0.75|B=2|eps=0|35ad5445-c154-4cea-8e18-983bdf361c37/ already exists.
./circuit_plots/Unrestricted Disentangled|Readout|CN=1|B0=0|B1=1|K=1280|L=320|p_B=0.75|p_C=0.75|B=2|eps=0|35ad5445-c154-4cea-8e18-983bdf361c37/ already exists.
./circuit_plots/Unrestricted Disentangled|Readout|CN=1|B0=0|B1=1|K=1280|L=320|p_B=0.75|p_C=0.75|B=2|eps=0|35ad5445-c154-4cea-8e18-983bdf361c37/ already exists.
./circuit_plots/Unrestricted Disentangled|Readout|CN=1|B0=0|B1=1|K=1280|L=320|p_B=0.75|p_C=0.75|B=2|eps=0|35ad5445-c154-4cea-8e18-983bdf361c37/ already exists.
Epoch: 1750, Loss: 5.740312576293945
Test acc: 0.0084, IC acc: 0.0096, IC acc2: 0.0028, IW acc: 0.0036
Epoch: 1751, Loss: 5.735651016235352
Epoch: 1752, Loss: 5.727743148803711
Epoch: 1753, Loss: 5.749019622802734
Epoch: 1754, Loss: 5.740638256072998
Epoch: 1755, Loss: 5.724780559539795
Epoch: 1756, Loss: 5.75258207321167
Epoch: 1757, Loss: 5.755311489105225
Epoch: 1758, Loss: 5.728176116943359
Epoch: 1759, Loss: 5.755743026733398
Epoch: 1760, Loss: 5.743117809295654
Test acc: 0.0084, IC acc: 0.0097, IC acc2: 0.0028, IW acc: 0.0036
Epoch: 1761, Loss: 5.750711917877197
Epoch: 1762, Loss: 5.741112232208252
Epoch: 1763, Loss: 5.736244201660156
Epoch: 1764, Loss: 5.739858627319336
Epoch: 1765, Loss: 5.738406658172607
Epoch: 1766, Loss: 5.7518744468688965
Epoch: 1767, Loss: 5.745306968688965
Epoch: 1768, Loss: 5.750660419464111
Epoch: 1769, Loss: 5.748875617980957
Epoch: 1770, Loss: 5.736091136932373
Test acc: 0.0084, IC acc: 0.0097, IC acc2: 0.0028, IW acc: 0.0036
Epoch: 1771, Loss: 5.746511459350586
Epoch: 1772, Loss: 5.728010177612305
Epoch: 1773, Loss: 5.752935409545898
Epoch: 1774, Loss: 5.736876487731934
Epoch: 1775, Loss: 5.736174583435059
Epoch: 1776, Loss: 5.741152763366699
Epoch: 1777, Loss: 5.745650291442871
Epoch: 1778, Loss: 5.732295036315918
Epoch: 1779, Loss: 5.7570881843566895
Epoch: 1780, Loss: 5.741778373718262
Test acc: 0.0086, IC acc: 0.0098, IC acc2: 0.0028, IW acc: 0.0037
Epoch: 1781, Loss: 5.742605686187744
Epoch: 1782, Loss: 5.746414661407471
Epoch: 1783, Loss: 5.739399433135986
Epoch: 1784, Loss: 5.754883766174316
Epoch: 1785, Loss: 5.724630832672119
Epoch: 1786, Loss: 5.738263130187988
Epoch: 1787, Loss: 5.747354507446289
Epoch: 1788, Loss: 5.744412422180176
Epoch: 1789, Loss: 5.740690231323242
Epoch: 1790, Loss: 5.745433807373047
Test acc: 0.0086, IC acc: 0.0099, IC acc2: 0.0028, IW acc: 0.0037
Epoch: 1791, Loss: 5.732158184051514
Epoch: 1792, Loss: 5.732053756713867
Epoch: 1793, Loss: 5.734413146972656
Epoch: 1794, Loss: 5.735705375671387
Epoch: 1795, Loss: 5.728634834289551
Epoch: 1796, Loss: 5.734791278839111
Epoch: 1797, Loss: 5.744712829589844
Epoch: 1798, Loss: 5.733298301696777
Epoch: 1799, Loss: 5.737329483032227
./circuit_plots/Unrestricted Disentangled|Readout|CN=1|B0=0|B1=1|K=1280|L=320|p_B=0.75|p_C=0.75|B=2|eps=0|35ad5445-c154-4cea-8e18-983bdf361c37/ already exists.
./circuit_plots/Unrestricted Disentangled|Readout|CN=1|B0=0|B1=1|K=1280|L=320|p_B=0.75|p_C=0.75|B=2|eps=0|35ad5445-c154-4cea-8e18-983bdf361c37/ already exists.
./circuit_plots/Unrestricted Disentangled|Readout|CN=1|B0=0|B1=1|K=1280|L=320|p_B=0.75|p_C=0.75|B=2|eps=0|35ad5445-c154-4cea-8e18-983bdf361c37/ already exists.
./circuit_plots/Unrestricted Disentangled|Readout|CN=1|B0=0|B1=1|K=1280|L=320|p_B=0.75|p_C=0.75|B=2|eps=0|35ad5445-c154-4cea-8e18-983bdf361c37/ already exists.
./circuit_plots/Unrestricted Disentangled|Readout|CN=1|B0=0|B1=1|K=1280|L=320|p_B=0.75|p_C=0.75|B=2|eps=0|35ad5445-c154-4cea-8e18-983bdf361c37/ already exists.
./circuit_plots/Unrestricted Disentangled|Readout|CN=1|B0=0|B1=1|K=1280|L=320|p_B=0.75|p_C=0.75|B=2|eps=0|35ad5445-c154-4cea-8e18-983bdf361c37/ already exists.
./circuit_plots/Unrestricted Disentangled|Readout|CN=1|B0=0|B1=1|K=1280|L=320|p_B=0.75|p_C=0.75|B=2|eps=0|35ad5445-c154-4cea-8e18-983bdf361c37/ already exists.
Epoch: 1800, Loss: 5.733667373657227
Test acc: 0.0086, IC acc: 0.01, IC acc2: 0.0028, IW acc: 0.0037
Epoch: 1801, Loss: 5.739533424377441
Epoch: 1802, Loss: 5.748590469360352
Epoch: 1803, Loss: 5.740997314453125
Epoch: 1804, Loss: 5.735716819763184
Epoch: 1805, Loss: 5.74033260345459
Epoch: 1806, Loss: 5.746774196624756
Epoch: 1807, Loss: 5.742977142333984
Epoch: 1808, Loss: 5.733557224273682
Epoch: 1809, Loss: 5.731088638305664
Epoch: 1810, Loss: 5.748847007751465
Test acc: 0.0086, IC acc: 0.0101, IC acc2: 0.0028, IW acc: 0.0037
Epoch: 1811, Loss: 5.743934154510498
Epoch: 1812, Loss: 5.735889434814453
Epoch: 1813, Loss: 5.751533508300781
Epoch: 1814, Loss: 5.74351692199707
Epoch: 1815, Loss: 5.738840579986572
Epoch: 1816, Loss: 5.734072208404541
Epoch: 1817, Loss: 5.73917293548584
Epoch: 1818, Loss: 5.744291305541992
Epoch: 1819, Loss: 5.74885368347168
Epoch: 1820, Loss: 5.743690013885498
Test acc: 0.0086, IC acc: 0.0101, IC acc2: 0.0028, IW acc: 0.0036
Epoch: 1821, Loss: 5.738006591796875
Epoch: 1822, Loss: 5.744589328765869
Epoch: 1823, Loss: 5.750387191772461
Epoch: 1824, Loss: 5.7291483879089355
Epoch: 1825, Loss: 5.742553234100342
Epoch: 1826, Loss: 5.739687919616699
Epoch: 1827, Loss: 5.757705211639404
Epoch: 1828, Loss: 5.740452289581299
Epoch: 1829, Loss: 5.741125106811523
Epoch: 1830, Loss: 5.748137950897217
Test acc: 0.0086, IC acc: 0.01, IC acc2: 0.0028, IW acc: 0.0036
Epoch: 1831, Loss: 5.737371921539307
Epoch: 1832, Loss: 5.7351274490356445
Epoch: 1833, Loss: 5.734004974365234
Epoch: 1834, Loss: 5.735730171203613
Epoch: 1835, Loss: 5.742361068725586
Epoch: 1836, Loss: 5.720810413360596
Epoch: 1837, Loss: 5.7518744468688965
Epoch: 1838, Loss: 5.748400688171387
Epoch: 1839, Loss: 5.744422912597656
Epoch: 1840, Loss: 5.743501663208008
Test acc: 0.0087, IC acc: 0.0101, IC acc2: 0.0028, IW acc: 0.0036
Epoch: 1841, Loss: 5.758217811584473
Epoch: 1842, Loss: 5.757024765014648
Epoch: 1843, Loss: 5.744592189788818
Epoch: 1844, Loss: 5.7358903884887695
Epoch: 1845, Loss: 5.734310150146484
Epoch: 1846, Loss: 5.744234085083008
Epoch: 1847, Loss: 5.7510175704956055
Epoch: 1848, Loss: 5.744313716888428
Epoch: 1849, Loss: 5.738278388977051
./circuit_plots/Unrestricted Disentangled|Readout|CN=1|B0=0|B1=1|K=1280|L=320|p_B=0.75|p_C=0.75|B=2|eps=0|35ad5445-c154-4cea-8e18-983bdf361c37/ already exists.
./circuit_plots/Unrestricted Disentangled|Readout|CN=1|B0=0|B1=1|K=1280|L=320|p_B=0.75|p_C=0.75|B=2|eps=0|35ad5445-c154-4cea-8e18-983bdf361c37/ already exists.
./circuit_plots/Unrestricted Disentangled|Readout|CN=1|B0=0|B1=1|K=1280|L=320|p_B=0.75|p_C=0.75|B=2|eps=0|35ad5445-c154-4cea-8e18-983bdf361c37/ already exists.
./circuit_plots/Unrestricted Disentangled|Readout|CN=1|B0=0|B1=1|K=1280|L=320|p_B=0.75|p_C=0.75|B=2|eps=0|35ad5445-c154-4cea-8e18-983bdf361c37/ already exists.
./circuit_plots/Unrestricted Disentangled|Readout|CN=1|B0=0|B1=1|K=1280|L=320|p_B=0.75|p_C=0.75|B=2|eps=0|35ad5445-c154-4cea-8e18-983bdf361c37/ already exists.
./circuit_plots/Unrestricted Disentangled|Readout|CN=1|B0=0|B1=1|K=1280|L=320|p_B=0.75|p_C=0.75|B=2|eps=0|35ad5445-c154-4cea-8e18-983bdf361c37/ already exists.
./circuit_plots/Unrestricted Disentangled|Readout|CN=1|B0=0|B1=1|K=1280|L=320|p_B=0.75|p_C=0.75|B=2|eps=0|35ad5445-c154-4cea-8e18-983bdf361c37/ already exists.
Epoch: 1850, Loss: 5.730958461761475
Test acc: 0.0087, IC acc: 0.0101, IC acc2: 0.0028, IW acc: 0.0036
Epoch: 1851, Loss: 5.736004829406738
Epoch: 1852, Loss: 5.741479873657227
Epoch: 1853, Loss: 5.751143932342529
Epoch: 1854, Loss: 5.760134696960449
Epoch: 1855, Loss: 5.735307693481445
Epoch: 1856, Loss: 5.735402584075928
Epoch: 1857, Loss: 5.744571208953857
Epoch: 1858, Loss: 5.743690013885498
Epoch: 1859, Loss: 5.747185230255127
Epoch: 1860, Loss: 5.752106666564941
Test acc: 0.0086, IC acc: 0.0102, IC acc2: 0.0027, IW acc: 0.0036
Epoch: 1861, Loss: 5.75362491607666
Epoch: 1862, Loss: 5.743185997009277
Epoch: 1863, Loss: 5.74143123626709
Epoch: 1864, Loss: 5.7333807945251465
Epoch: 1865, Loss: 5.731527328491211
Epoch: 1866, Loss: 5.741098403930664
Epoch: 1867, Loss: 5.734752655029297
Epoch: 1868, Loss: 5.742894649505615
Epoch: 1869, Loss: 5.743980407714844
Epoch: 1870, Loss: 5.732382774353027
Test acc: 0.0087, IC acc: 0.0103, IC acc2: 0.0028, IW acc: 0.0037
Epoch: 1871, Loss: 5.740747451782227
Epoch: 1872, Loss: 5.731695652008057
Epoch: 1873, Loss: 5.749606132507324
Epoch: 1874, Loss: 5.747157096862793
Epoch: 1875, Loss: 5.737644195556641
Epoch: 1876, Loss: 5.741781234741211
Epoch: 1877, Loss: 5.744534492492676
Epoch: 1878, Loss: 5.737800598144531
Epoch: 1879, Loss: 5.731864929199219
Epoch: 1880, Loss: 5.742345333099365
Test acc: 0.0089, IC acc: 0.0104, IC acc2: 0.0028, IW acc: 0.0037
Epoch: 1881, Loss: 5.745431900024414
Epoch: 1882, Loss: 5.748443603515625
Epoch: 1883, Loss: 5.731435775756836
Epoch: 1884, Loss: 5.72322416305542
Epoch: 1885, Loss: 5.740758895874023
Epoch: 1886, Loss: 5.733372688293457
Epoch: 1887, Loss: 5.743154048919678
Epoch: 1888, Loss: 5.754950523376465
Epoch: 1889, Loss: 5.758810043334961
Epoch: 1890, Loss: 5.739973068237305
Test acc: 0.0092, IC acc: 0.0103, IC acc2: 0.0028, IW acc: 0.0036
Epoch: 1891, Loss: 5.7357635498046875
Epoch: 1892, Loss: 5.745777606964111
Epoch: 1893, Loss: 5.7462639808654785
Epoch: 1894, Loss: 5.753382205963135
Epoch: 1895, Loss: 5.74518346786499
Epoch: 1896, Loss: 5.738404273986816
Epoch: 1897, Loss: 5.72457218170166
Epoch: 1898, Loss: 5.741123199462891
Epoch: 1899, Loss: 5.745011329650879
./circuit_plots/Unrestricted Disentangled|Readout|CN=1|B0=0|B1=1|K=1280|L=320|p_B=0.75|p_C=0.75|B=2|eps=0|35ad5445-c154-4cea-8e18-983bdf361c37/ already exists.
./circuit_plots/Unrestricted Disentangled|Readout|CN=1|B0=0|B1=1|K=1280|L=320|p_B=0.75|p_C=0.75|B=2|eps=0|35ad5445-c154-4cea-8e18-983bdf361c37/ already exists.
./circuit_plots/Unrestricted Disentangled|Readout|CN=1|B0=0|B1=1|K=1280|L=320|p_B=0.75|p_C=0.75|B=2|eps=0|35ad5445-c154-4cea-8e18-983bdf361c37/ already exists.
./circuit_plots/Unrestricted Disentangled|Readout|CN=1|B0=0|B1=1|K=1280|L=320|p_B=0.75|p_C=0.75|B=2|eps=0|35ad5445-c154-4cea-8e18-983bdf361c37/ already exists.
./circuit_plots/Unrestricted Disentangled|Readout|CN=1|B0=0|B1=1|K=1280|L=320|p_B=0.75|p_C=0.75|B=2|eps=0|35ad5445-c154-4cea-8e18-983bdf361c37/ already exists.
./circuit_plots/Unrestricted Disentangled|Readout|CN=1|B0=0|B1=1|K=1280|L=320|p_B=0.75|p_C=0.75|B=2|eps=0|35ad5445-c154-4cea-8e18-983bdf361c37/ already exists.
./circuit_plots/Unrestricted Disentangled|Readout|CN=1|B0=0|B1=1|K=1280|L=320|p_B=0.75|p_C=0.75|B=2|eps=0|35ad5445-c154-4cea-8e18-983bdf361c37/ already exists.
Epoch: 1900, Loss: 5.757211208343506
Test acc: 0.0091, IC acc: 0.0104, IC acc2: 0.0028, IW acc: 0.0036
Epoch: 1901, Loss: 5.738283157348633
Epoch: 1902, Loss: 5.73687744140625
Epoch: 1903, Loss: 5.739767074584961
Epoch: 1904, Loss: 5.735961437225342
Epoch: 1905, Loss: 5.723428726196289
Epoch: 1906, Loss: 5.741966247558594
Epoch: 1907, Loss: 5.732743263244629
Epoch: 1908, Loss: 5.7285332679748535
Epoch: 1909, Loss: 5.739446640014648
Epoch: 1910, Loss: 5.73091983795166
Test acc: 0.0092, IC acc: 0.0105, IC acc2: 0.0028, IW acc: 0.0036
Epoch: 1911, Loss: 5.733977317810059
Epoch: 1912, Loss: 5.746797561645508
Epoch: 1913, Loss: 5.746176719665527
Epoch: 1914, Loss: 5.735043048858643
Epoch: 1915, Loss: 5.741495132446289
Epoch: 1916, Loss: 5.730748176574707
Epoch: 1917, Loss: 5.723123550415039
Epoch: 1918, Loss: 5.74125862121582
Epoch: 1919, Loss: 5.732047080993652
Epoch: 1920, Loss: 5.752023220062256
Test acc: 0.0093, IC acc: 0.0106, IC acc2: 0.0028, IW acc: 0.0037
Epoch: 1921, Loss: 5.742583274841309
Epoch: 1922, Loss: 5.747974395751953
Epoch: 1923, Loss: 5.7323317527771
Epoch: 1924, Loss: 5.743593215942383
Epoch: 1925, Loss: 5.743317604064941
Epoch: 1926, Loss: 5.730138778686523
Epoch: 1927, Loss: 5.7511677742004395
Epoch: 1928, Loss: 5.743197441101074
Epoch: 1929, Loss: 5.747585296630859
Epoch: 1930, Loss: 5.743012428283691
Test acc: 0.0093, IC acc: 0.0105, IC acc2: 0.0028, IW acc: 0.0036
Epoch: 1931, Loss: 5.743824005126953
Epoch: 1932, Loss: 5.740419864654541
Epoch: 1933, Loss: 5.734759330749512
Epoch: 1934, Loss: 5.735721588134766
Epoch: 1935, Loss: 5.742549419403076
Epoch: 1936, Loss: 5.744659423828125
Epoch: 1937, Loss: 5.72343635559082
Epoch: 1938, Loss: 5.732592582702637
Epoch: 1939, Loss: 5.734914779663086
Epoch: 1940, Loss: 5.729905128479004
Test acc: 0.0094, IC acc: 0.0106, IC acc2: 0.0028, IW acc: 0.0036
Epoch: 1941, Loss: 5.746554851531982
Epoch: 1942, Loss: 5.728743553161621
Epoch: 1943, Loss: 5.736120223999023
Epoch: 1944, Loss: 5.734746932983398
Epoch: 1945, Loss: 5.73799991607666
Epoch: 1946, Loss: 5.737811088562012
Epoch: 1947, Loss: 5.756988048553467
Epoch: 1948, Loss: 5.735692024230957
Epoch: 1949, Loss: 5.733375549316406
./circuit_plots/Unrestricted Disentangled|Readout|CN=1|B0=0|B1=1|K=1280|L=320|p_B=0.75|p_C=0.75|B=2|eps=0|35ad5445-c154-4cea-8e18-983bdf361c37/ already exists.
./circuit_plots/Unrestricted Disentangled|Readout|CN=1|B0=0|B1=1|K=1280|L=320|p_B=0.75|p_C=0.75|B=2|eps=0|35ad5445-c154-4cea-8e18-983bdf361c37/ already exists.
./circuit_plots/Unrestricted Disentangled|Readout|CN=1|B0=0|B1=1|K=1280|L=320|p_B=0.75|p_C=0.75|B=2|eps=0|35ad5445-c154-4cea-8e18-983bdf361c37/ already exists.
./circuit_plots/Unrestricted Disentangled|Readout|CN=1|B0=0|B1=1|K=1280|L=320|p_B=0.75|p_C=0.75|B=2|eps=0|35ad5445-c154-4cea-8e18-983bdf361c37/ already exists.
./circuit_plots/Unrestricted Disentangled|Readout|CN=1|B0=0|B1=1|K=1280|L=320|p_B=0.75|p_C=0.75|B=2|eps=0|35ad5445-c154-4cea-8e18-983bdf361c37/ already exists.
./circuit_plots/Unrestricted Disentangled|Readout|CN=1|B0=0|B1=1|K=1280|L=320|p_B=0.75|p_C=0.75|B=2|eps=0|35ad5445-c154-4cea-8e18-983bdf361c37/ already exists.
./circuit_plots/Unrestricted Disentangled|Readout|CN=1|B0=0|B1=1|K=1280|L=320|p_B=0.75|p_C=0.75|B=2|eps=0|35ad5445-c154-4cea-8e18-983bdf361c37/ already exists.
Epoch: 1950, Loss: 5.735598564147949
Test acc: 0.0094, IC acc: 0.0105, IC acc2: 0.0028, IW acc: 0.0039
Epoch: 1951, Loss: 5.7456254959106445
Epoch: 1952, Loss: 5.726410865783691
Epoch: 1953, Loss: 5.744597434997559
Epoch: 1954, Loss: 5.742782115936279
Epoch: 1955, Loss: 5.731181621551514
Epoch: 1956, Loss: 5.739335536956787
Epoch: 1957, Loss: 5.750016212463379
Epoch: 1958, Loss: 5.7408928871154785
Epoch: 1959, Loss: 5.743267059326172
Epoch: 1960, Loss: 5.750557899475098
Test acc: 0.0094, IC acc: 0.0106, IC acc2: 0.0028, IW acc: 0.0039
Epoch: 1961, Loss: 5.735257625579834
Epoch: 1962, Loss: 5.737215518951416
Epoch: 1963, Loss: 5.731427192687988
Epoch: 1964, Loss: 5.731986045837402
Epoch: 1965, Loss: 5.740766525268555
Epoch: 1966, Loss: 5.728431224822998
Epoch: 1967, Loss: 5.740411758422852
Epoch: 1968, Loss: 5.739375114440918
Epoch: 1969, Loss: 5.734269142150879
Epoch: 1970, Loss: 5.731477737426758
Test acc: 0.0095, IC acc: 0.0106, IC acc2: 0.0028, IW acc: 0.0039
Epoch: 1971, Loss: 5.732355117797852
Epoch: 1972, Loss: 5.725627899169922
Epoch: 1973, Loss: 5.724715232849121
Epoch: 1974, Loss: 5.745102882385254
Epoch: 1975, Loss: 5.7384843826293945
Epoch: 1976, Loss: 5.735581398010254
Epoch: 1977, Loss: 5.731827735900879
Epoch: 1978, Loss: 5.733902931213379
Epoch: 1979, Loss: 5.739828109741211
Epoch: 1980, Loss: 5.745578289031982
Test acc: 0.0094, IC acc: 0.0108, IC acc2: 0.0027, IW acc: 0.0039
Epoch: 1981, Loss: 5.740227699279785
Epoch: 1982, Loss: 5.730644226074219
Epoch: 1983, Loss: 5.749567985534668
Epoch: 1984, Loss: 5.7473673820495605
Epoch: 1985, Loss: 5.740962982177734
Epoch: 1986, Loss: 5.736133575439453
Epoch: 1987, Loss: 5.7437944412231445
Epoch: 1988, Loss: 5.734429836273193
Epoch: 1989, Loss: 5.725921154022217
Epoch: 1990, Loss: 5.7346673011779785
Test acc: 0.0095, IC acc: 0.0108, IC acc2: 0.0027, IW acc: 0.0039
Epoch: 1991, Loss: 5.745057582855225
Epoch: 1992, Loss: 5.738528251647949
Epoch: 1993, Loss: 5.752647876739502
Epoch: 1994, Loss: 5.755037784576416
Epoch: 1995, Loss: 5.73597526550293
Epoch: 1996, Loss: 5.743680000305176
Epoch: 1997, Loss: 5.7485222816467285
Epoch: 1998, Loss: 5.730996131896973
Epoch: 1999, Loss: 5.737100601196289
./circuit_plots/Unrestricted Disentangled|Readout|CN=1|B0=0|B1=1|K=1280|L=320|p_B=0.75|p_C=0.75|B=2|eps=0|35ad5445-c154-4cea-8e18-983bdf361c37/ already exists.
./circuit_plots/Unrestricted Disentangled|Readout|CN=1|B0=0|B1=1|K=1280|L=320|p_B=0.75|p_C=0.75|B=2|eps=0|35ad5445-c154-4cea-8e18-983bdf361c37/ already exists.
./circuit_plots/Unrestricted Disentangled|Readout|CN=1|B0=0|B1=1|K=1280|L=320|p_B=0.75|p_C=0.75|B=2|eps=0|35ad5445-c154-4cea-8e18-983bdf361c37/ already exists.
./circuit_plots/Unrestricted Disentangled|Readout|CN=1|B0=0|B1=1|K=1280|L=320|p_B=0.75|p_C=0.75|B=2|eps=0|35ad5445-c154-4cea-8e18-983bdf361c37/ already exists.
./circuit_plots/Unrestricted Disentangled|Readout|CN=1|B0=0|B1=1|K=1280|L=320|p_B=0.75|p_C=0.75|B=2|eps=0|35ad5445-c154-4cea-8e18-983bdf361c37/ already exists.
./circuit_plots/Unrestricted Disentangled|Readout|CN=1|B0=0|B1=1|K=1280|L=320|p_B=0.75|p_C=0.75|B=2|eps=0|35ad5445-c154-4cea-8e18-983bdf361c37/ already exists.
./circuit_plots/Unrestricted Disentangled|Readout|CN=1|B0=0|B1=1|K=1280|L=320|p_B=0.75|p_C=0.75|B=2|eps=0|35ad5445-c154-4cea-8e18-983bdf361c37/ already exists.
Epoch: 2000, Loss: 5.7314982414245605
Test acc: 0.0095, IC acc: 0.0108, IC acc2: 0.0027, IW acc: 0.0039
Epoch: 2001, Loss: 5.744489669799805
Epoch: 2002, Loss: 5.735313415527344
Epoch: 2003, Loss: 5.7346601486206055
Epoch: 2004, Loss: 5.746786594390869
Epoch: 2005, Loss: 5.739026069641113
Epoch: 2006, Loss: 5.73885440826416
Epoch: 2007, Loss: 5.736415863037109
Epoch: 2008, Loss: 5.74036979675293
Epoch: 2009, Loss: 5.735339164733887
Epoch: 2010, Loss: 5.745038032531738
Test acc: 0.0096, IC acc: 0.011, IC acc2: 0.0027, IW acc: 0.0039
Epoch: 2011, Loss: 5.736196517944336
Epoch: 2012, Loss: 5.727238655090332
Epoch: 2013, Loss: 5.73721170425415
Epoch: 2014, Loss: 5.735065937042236
Epoch: 2015, Loss: 5.738530158996582
Epoch: 2016, Loss: 5.729653358459473
Epoch: 2017, Loss: 5.75338077545166
Epoch: 2018, Loss: 5.724957466125488
Epoch: 2019, Loss: 5.739405632019043
Epoch: 2020, Loss: 5.739019393920898
Test acc: 0.0097, IC acc: 0.0113, IC acc2: 0.0026, IW acc: 0.0038
Epoch: 2021, Loss: 5.742673873901367
Epoch: 2022, Loss: 5.745689392089844
Epoch: 2023, Loss: 5.750875949859619
Epoch: 2024, Loss: 5.737011909484863
Epoch: 2025, Loss: 5.74078369140625
Epoch: 2026, Loss: 5.726905822753906
Epoch: 2027, Loss: 5.735222816467285
Epoch: 2028, Loss: 5.721676826477051
Epoch: 2029, Loss: 5.737787246704102
Epoch: 2030, Loss: 5.741823196411133
Test acc: 0.0098, IC acc: 0.0112, IC acc2: 0.0026, IW acc: 0.0038
Epoch: 2031, Loss: 5.73457670211792
Epoch: 2032, Loss: 5.724920272827148
Epoch: 2033, Loss: 5.741526126861572
Epoch: 2034, Loss: 5.744390487670898
Epoch: 2035, Loss: 5.735326290130615
Epoch: 2036, Loss: 5.749850273132324
Epoch: 2037, Loss: 5.727468967437744
Epoch: 2038, Loss: 5.758263111114502
Epoch: 2039, Loss: 5.724143981933594
Epoch: 2040, Loss: 5.7496185302734375
Test acc: 0.0097, IC acc: 0.0113, IC acc2: 0.0026, IW acc: 0.0038
Epoch: 2041, Loss: 5.734626770019531
Epoch: 2042, Loss: 5.7513909339904785
Epoch: 2043, Loss: 5.732447624206543
Epoch: 2044, Loss: 5.727792739868164
Epoch: 2045, Loss: 5.737392425537109
Epoch: 2046, Loss: 5.741204261779785
Epoch: 2047, Loss: 5.731543064117432
Epoch: 2048, Loss: 5.72056245803833
Epoch: 2049, Loss: 5.752486228942871
./circuit_plots/Unrestricted Disentangled|Readout|CN=1|B0=0|B1=1|K=1280|L=320|p_B=0.75|p_C=0.75|B=2|eps=0|35ad5445-c154-4cea-8e18-983bdf361c37/ already exists.
./circuit_plots/Unrestricted Disentangled|Readout|CN=1|B0=0|B1=1|K=1280|L=320|p_B=0.75|p_C=0.75|B=2|eps=0|35ad5445-c154-4cea-8e18-983bdf361c37/ already exists.
./circuit_plots/Unrestricted Disentangled|Readout|CN=1|B0=0|B1=1|K=1280|L=320|p_B=0.75|p_C=0.75|B=2|eps=0|35ad5445-c154-4cea-8e18-983bdf361c37/ already exists.
./circuit_plots/Unrestricted Disentangled|Readout|CN=1|B0=0|B1=1|K=1280|L=320|p_B=0.75|p_C=0.75|B=2|eps=0|35ad5445-c154-4cea-8e18-983bdf361c37/ already exists.
./circuit_plots/Unrestricted Disentangled|Readout|CN=1|B0=0|B1=1|K=1280|L=320|p_B=0.75|p_C=0.75|B=2|eps=0|35ad5445-c154-4cea-8e18-983bdf361c37/ already exists.
./circuit_plots/Unrestricted Disentangled|Readout|CN=1|B0=0|B1=1|K=1280|L=320|p_B=0.75|p_C=0.75|B=2|eps=0|35ad5445-c154-4cea-8e18-983bdf361c37/ already exists.
./circuit_plots/Unrestricted Disentangled|Readout|CN=1|B0=0|B1=1|K=1280|L=320|p_B=0.75|p_C=0.75|B=2|eps=0|35ad5445-c154-4cea-8e18-983bdf361c37/ already exists.
Epoch: 2050, Loss: 5.737967491149902
Test acc: 0.0097, IC acc: 0.0114, IC acc2: 0.0027, IW acc: 0.0039
Epoch: 2051, Loss: 5.735394477844238
Epoch: 2052, Loss: 5.7319722175598145
Epoch: 2053, Loss: 5.730380535125732
Epoch: 2054, Loss: 5.723321437835693
Epoch: 2055, Loss: 5.7477312088012695
Epoch: 2056, Loss: 5.744856834411621
Epoch: 2057, Loss: 5.736666679382324
Epoch: 2058, Loss: 5.75579833984375
Epoch: 2059, Loss: 5.745112419128418
Epoch: 2060, Loss: 5.733129978179932
Test acc: 0.0099, IC acc: 0.0114, IC acc2: 0.0026, IW acc: 0.0038
Epoch: 2061, Loss: 5.7240519523620605
Epoch: 2062, Loss: 5.737347602844238
Epoch: 2063, Loss: 5.720925331115723
Epoch: 2064, Loss: 5.746677875518799
Epoch: 2065, Loss: 5.74019718170166
Epoch: 2066, Loss: 5.750335693359375
Epoch: 2067, Loss: 5.751666069030762
Epoch: 2068, Loss: 5.734675884246826
Epoch: 2069, Loss: 5.730851173400879
Epoch: 2070, Loss: 5.736406326293945
Test acc: 0.0099, IC acc: 0.0114, IC acc2: 0.0027, IW acc: 0.0037
Epoch: 2071, Loss: 5.7454657554626465
Epoch: 2072, Loss: 5.743780612945557
Epoch: 2073, Loss: 5.7513933181762695
Epoch: 2074, Loss: 5.7339887619018555
Epoch: 2075, Loss: 5.736186981201172
Epoch: 2076, Loss: 5.740062713623047
Epoch: 2077, Loss: 5.744406700134277
Epoch: 2078, Loss: 5.745022773742676
Epoch: 2079, Loss: 5.752291202545166
Epoch: 2080, Loss: 5.732245922088623
Test acc: 0.0099, IC acc: 0.0114, IC acc2: 0.0027, IW acc: 0.0037
Epoch: 2081, Loss: 5.752021789550781
Epoch: 2082, Loss: 5.748764514923096
Epoch: 2083, Loss: 5.735586166381836
Epoch: 2084, Loss: 5.733946800231934
Epoch: 2085, Loss: 5.737652778625488
Epoch: 2086, Loss: 5.7314958572387695
Epoch: 2087, Loss: 5.7491865158081055
Epoch: 2088, Loss: 5.73065185546875
Epoch: 2089, Loss: 5.718729496002197
Epoch: 2090, Loss: 5.74560546875
Test acc: 0.01, IC acc: 0.0114, IC acc2: 0.0027, IW acc: 0.0037
Epoch: 2091, Loss: 5.7479705810546875
Epoch: 2092, Loss: 5.719695568084717
Epoch: 2093, Loss: 5.726737022399902
Epoch: 2094, Loss: 5.720839023590088
Epoch: 2095, Loss: 5.734780311584473
Epoch: 2096, Loss: 5.7403669357299805
Epoch: 2097, Loss: 5.736920356750488
Epoch: 2098, Loss: 5.73380708694458
Epoch: 2099, Loss: 5.746078968048096
./circuit_plots/Unrestricted Disentangled|Readout|CN=1|B0=0|B1=1|K=1280|L=320|p_B=0.75|p_C=0.75|B=2|eps=0|35ad5445-c154-4cea-8e18-983bdf361c37/ already exists.
./circuit_plots/Unrestricted Disentangled|Readout|CN=1|B0=0|B1=1|K=1280|L=320|p_B=0.75|p_C=0.75|B=2|eps=0|35ad5445-c154-4cea-8e18-983bdf361c37/ already exists.
./circuit_plots/Unrestricted Disentangled|Readout|CN=1|B0=0|B1=1|K=1280|L=320|p_B=0.75|p_C=0.75|B=2|eps=0|35ad5445-c154-4cea-8e18-983bdf361c37/ already exists.
./circuit_plots/Unrestricted Disentangled|Readout|CN=1|B0=0|B1=1|K=1280|L=320|p_B=0.75|p_C=0.75|B=2|eps=0|35ad5445-c154-4cea-8e18-983bdf361c37/ already exists.
./circuit_plots/Unrestricted Disentangled|Readout|CN=1|B0=0|B1=1|K=1280|L=320|p_B=0.75|p_C=0.75|B=2|eps=0|35ad5445-c154-4cea-8e18-983bdf361c37/ already exists.
./circuit_plots/Unrestricted Disentangled|Readout|CN=1|B0=0|B1=1|K=1280|L=320|p_B=0.75|p_C=0.75|B=2|eps=0|35ad5445-c154-4cea-8e18-983bdf361c37/ already exists.
./circuit_plots/Unrestricted Disentangled|Readout|CN=1|B0=0|B1=1|K=1280|L=320|p_B=0.75|p_C=0.75|B=2|eps=0|35ad5445-c154-4cea-8e18-983bdf361c37/ already exists.
Epoch: 2100, Loss: 5.734386444091797
Test acc: 0.0102, IC acc: 0.0114, IC acc2: 0.0027, IW acc: 0.0038
Epoch: 2101, Loss: 5.735477447509766
Epoch: 2102, Loss: 5.758440971374512
Epoch: 2103, Loss: 5.7401509284973145
Epoch: 2104, Loss: 5.736244201660156
Epoch: 2105, Loss: 5.724134922027588
Epoch: 2106, Loss: 5.742081165313721
Epoch: 2107, Loss: 5.721351623535156
Epoch: 2108, Loss: 5.722721576690674
Epoch: 2109, Loss: 5.734763145446777
Epoch: 2110, Loss: 5.736358642578125
Test acc: 0.0103, IC acc: 0.0115, IC acc2: 0.0026, IW acc: 0.0037
Epoch: 2111, Loss: 5.734722137451172
Epoch: 2112, Loss: 5.742988586425781
Epoch: 2113, Loss: 5.71982479095459
Epoch: 2114, Loss: 5.741958141326904
Epoch: 2115, Loss: 5.733171463012695
Epoch: 2116, Loss: 5.728335380554199
Epoch: 2117, Loss: 5.7389984130859375
Epoch: 2118, Loss: 5.742223262786865
Epoch: 2119, Loss: 5.726964950561523
Epoch: 2120, Loss: 5.74666166305542
Test acc: 0.0104, IC acc: 0.0115, IC acc2: 0.0026, IW acc: 0.0037
Epoch: 2121, Loss: 5.7259674072265625
Epoch: 2122, Loss: 5.734189033508301
Epoch: 2123, Loss: 5.729165077209473
Epoch: 2124, Loss: 5.735050201416016
Epoch: 2125, Loss: 5.742567539215088
Epoch: 2126, Loss: 5.7351484298706055
Epoch: 2127, Loss: 5.722204685211182
Epoch: 2128, Loss: 5.74134635925293
Epoch: 2129, Loss: 5.732910633087158
Epoch: 2130, Loss: 5.737132549285889
Test acc: 0.0103, IC acc: 0.0115, IC acc2: 0.0026, IW acc: 0.0037
Epoch: 2131, Loss: 5.743383407592773
Epoch: 2132, Loss: 5.72437858581543
Epoch: 2133, Loss: 5.734902381896973
Epoch: 2134, Loss: 5.7366862297058105
Epoch: 2135, Loss: 5.731450080871582
Epoch: 2136, Loss: 5.7440996170043945
Epoch: 2137, Loss: 5.737233638763428
Epoch: 2138, Loss: 5.750970840454102
Epoch: 2139, Loss: 5.732593536376953
Epoch: 2140, Loss: 5.738007545471191
Test acc: 0.0105, IC acc: 0.0118, IC acc2: 0.0026, IW acc: 0.0037
Epoch: 2141, Loss: 5.746167182922363
Epoch: 2142, Loss: 5.743686676025391
Epoch: 2143, Loss: 5.73221492767334
Epoch: 2144, Loss: 5.736675262451172
Epoch: 2145, Loss: 5.732660293579102
Epoch: 2146, Loss: 5.739624500274658
Epoch: 2147, Loss: 5.744109630584717
Epoch: 2148, Loss: 5.738544464111328
Epoch: 2149, Loss: 5.74654483795166
./circuit_plots/Unrestricted Disentangled|Readout|CN=1|B0=0|B1=1|K=1280|L=320|p_B=0.75|p_C=0.75|B=2|eps=0|35ad5445-c154-4cea-8e18-983bdf361c37/ already exists.
./circuit_plots/Unrestricted Disentangled|Readout|CN=1|B0=0|B1=1|K=1280|L=320|p_B=0.75|p_C=0.75|B=2|eps=0|35ad5445-c154-4cea-8e18-983bdf361c37/ already exists.
./circuit_plots/Unrestricted Disentangled|Readout|CN=1|B0=0|B1=1|K=1280|L=320|p_B=0.75|p_C=0.75|B=2|eps=0|35ad5445-c154-4cea-8e18-983bdf361c37/ already exists.
./circuit_plots/Unrestricted Disentangled|Readout|CN=1|B0=0|B1=1|K=1280|L=320|p_B=0.75|p_C=0.75|B=2|eps=0|35ad5445-c154-4cea-8e18-983bdf361c37/ already exists.
./circuit_plots/Unrestricted Disentangled|Readout|CN=1|B0=0|B1=1|K=1280|L=320|p_B=0.75|p_C=0.75|B=2|eps=0|35ad5445-c154-4cea-8e18-983bdf361c37/ already exists.
./circuit_plots/Unrestricted Disentangled|Readout|CN=1|B0=0|B1=1|K=1280|L=320|p_B=0.75|p_C=0.75|B=2|eps=0|35ad5445-c154-4cea-8e18-983bdf361c37/ already exists.
./circuit_plots/Unrestricted Disentangled|Readout|CN=1|B0=0|B1=1|K=1280|L=320|p_B=0.75|p_C=0.75|B=2|eps=0|35ad5445-c154-4cea-8e18-983bdf361c37/ already exists.
Epoch: 2150, Loss: 5.732906818389893
Test acc: 0.0108, IC acc: 0.0119, IC acc2: 0.0027, IW acc: 0.0037
Epoch: 2151, Loss: 5.750744342803955
Epoch: 2152, Loss: 5.728332042694092
Epoch: 2153, Loss: 5.739800453186035
Epoch: 2154, Loss: 5.7513275146484375
Epoch: 2155, Loss: 5.756809711456299
Epoch: 2156, Loss: 5.738316059112549
Epoch: 2157, Loss: 5.713335037231445
Epoch: 2158, Loss: 5.7468461990356445
Epoch: 2159, Loss: 5.721439361572266
Epoch: 2160, Loss: 5.7316131591796875
Test acc: 0.0113, IC acc: 0.0119, IC acc2: 0.0027, IW acc: 0.0037
Epoch: 2161, Loss: 5.755383491516113
Epoch: 2162, Loss: 5.737743854522705
Epoch: 2163, Loss: 5.742356777191162
Epoch: 2164, Loss: 5.7451019287109375
Epoch: 2165, Loss: 5.723793029785156
Epoch: 2166, Loss: 5.73192834854126
Epoch: 2167, Loss: 5.736563682556152
Epoch: 2168, Loss: 5.727747440338135
Epoch: 2169, Loss: 5.73799467086792
Epoch: 2170, Loss: 5.728338241577148
Test acc: 0.0112, IC acc: 0.0118, IC acc2: 0.0028, IW acc: 0.0037
Epoch: 2171, Loss: 5.729457855224609
Epoch: 2172, Loss: 5.744134902954102
Epoch: 2173, Loss: 5.722020149230957
Epoch: 2174, Loss: 5.738516807556152
Epoch: 2175, Loss: 5.744503021240234
Epoch: 2176, Loss: 5.7436842918396
Epoch: 2177, Loss: 5.722790718078613
Epoch: 2178, Loss: 5.722996711730957
Epoch: 2179, Loss: 5.74665641784668
Epoch: 2180, Loss: 5.746135711669922
Test acc: 0.0114, IC acc: 0.0118, IC acc2: 0.0028, IW acc: 0.0037
Epoch: 2181, Loss: 5.752498626708984
Epoch: 2182, Loss: 5.7284955978393555
Epoch: 2183, Loss: 5.724419593811035
Epoch: 2184, Loss: 5.728613376617432
Epoch: 2185, Loss: 5.733011245727539
Epoch: 2186, Loss: 5.733621597290039
Epoch: 2187, Loss: 5.737052917480469
Epoch: 2188, Loss: 5.748711109161377
Epoch: 2189, Loss: 5.727292060852051
Epoch: 2190, Loss: 5.7441582679748535
Test acc: 0.0111, IC acc: 0.012, IC acc2: 0.0028, IW acc: 0.0038
Epoch: 2191, Loss: 5.736093997955322
Epoch: 2192, Loss: 5.7281389236450195
Epoch: 2193, Loss: 5.7200422286987305
Epoch: 2194, Loss: 5.755941867828369
Epoch: 2195, Loss: 5.729372978210449
Epoch: 2196, Loss: 5.723444938659668
Epoch: 2197, Loss: 5.732224941253662
Epoch: 2198, Loss: 5.745788097381592
Epoch: 2199, Loss: 5.736708641052246
./circuit_plots/Unrestricted Disentangled|Readout|CN=1|B0=0|B1=1|K=1280|L=320|p_B=0.75|p_C=0.75|B=2|eps=0|35ad5445-c154-4cea-8e18-983bdf361c37/ already exists.
./circuit_plots/Unrestricted Disentangled|Readout|CN=1|B0=0|B1=1|K=1280|L=320|p_B=0.75|p_C=0.75|B=2|eps=0|35ad5445-c154-4cea-8e18-983bdf361c37/ already exists.
./circuit_plots/Unrestricted Disentangled|Readout|CN=1|B0=0|B1=1|K=1280|L=320|p_B=0.75|p_C=0.75|B=2|eps=0|35ad5445-c154-4cea-8e18-983bdf361c37/ already exists.
./circuit_plots/Unrestricted Disentangled|Readout|CN=1|B0=0|B1=1|K=1280|L=320|p_B=0.75|p_C=0.75|B=2|eps=0|35ad5445-c154-4cea-8e18-983bdf361c37/ already exists.
./circuit_plots/Unrestricted Disentangled|Readout|CN=1|B0=0|B1=1|K=1280|L=320|p_B=0.75|p_C=0.75|B=2|eps=0|35ad5445-c154-4cea-8e18-983bdf361c37/ already exists.
./circuit_plots/Unrestricted Disentangled|Readout|CN=1|B0=0|B1=1|K=1280|L=320|p_B=0.75|p_C=0.75|B=2|eps=0|35ad5445-c154-4cea-8e18-983bdf361c37/ already exists.
./circuit_plots/Unrestricted Disentangled|Readout|CN=1|B0=0|B1=1|K=1280|L=320|p_B=0.75|p_C=0.75|B=2|eps=0|35ad5445-c154-4cea-8e18-983bdf361c37/ already exists.
Epoch: 2200, Loss: 5.735396385192871
Test acc: 0.0113, IC acc: 0.0119, IC acc2: 0.0029, IW acc: 0.0038
Epoch: 2201, Loss: 5.730962753295898
Epoch: 2202, Loss: 5.7176103591918945
Epoch: 2203, Loss: 5.729060173034668
Epoch: 2204, Loss: 5.738186359405518
Epoch: 2205, Loss: 5.740461826324463
Epoch: 2206, Loss: 5.723533630371094
Epoch: 2207, Loss: 5.746969223022461
Epoch: 2208, Loss: 5.728560447692871
Epoch: 2209, Loss: 5.732769966125488
Epoch: 2210, Loss: 5.729634761810303
Test acc: 0.0113, IC acc: 0.0119, IC acc2: 0.0028, IW acc: 0.0038
Epoch: 2211, Loss: 5.734822750091553
Epoch: 2212, Loss: 5.7294769287109375
Epoch: 2213, Loss: 5.730376243591309
Epoch: 2214, Loss: 5.734453201293945
Epoch: 2215, Loss: 5.723647117614746
Epoch: 2216, Loss: 5.738463878631592
Epoch: 2217, Loss: 5.7353363037109375
Epoch: 2218, Loss: 5.7497358322143555
Epoch: 2219, Loss: 5.734152793884277
Epoch: 2220, Loss: 5.737517356872559
Test acc: 0.0117, IC acc: 0.0119, IC acc2: 0.0028, IW acc: 0.0038
Epoch: 2221, Loss: 5.741431713104248
Epoch: 2222, Loss: 5.746072769165039
Epoch: 2223, Loss: 5.722419738769531
Epoch: 2224, Loss: 5.745944499969482
Epoch: 2225, Loss: 5.731792449951172
Epoch: 2226, Loss: 5.726500988006592
Epoch: 2227, Loss: 5.732826232910156
Epoch: 2228, Loss: 5.725072860717773
Epoch: 2229, Loss: 5.7403669357299805
Epoch: 2230, Loss: 5.743454933166504
Test acc: 0.0117, IC acc: 0.0121, IC acc2: 0.0028, IW acc: 0.0038
Epoch: 2231, Loss: 5.7371673583984375
Epoch: 2232, Loss: 5.743505001068115
Epoch: 2233, Loss: 5.725990295410156
Epoch: 2234, Loss: 5.729595184326172
Epoch: 2235, Loss: 5.729454040527344
Epoch: 2236, Loss: 5.74649715423584
Epoch: 2237, Loss: 5.729343414306641
Epoch: 2238, Loss: 5.730766773223877
Epoch: 2239, Loss: 5.734384536743164
Epoch: 2240, Loss: 5.739851474761963
Test acc: 0.0117, IC acc: 0.012, IC acc2: 0.0028, IW acc: 0.0038
Epoch: 2241, Loss: 5.736288070678711
Epoch: 2242, Loss: 5.724184036254883
Epoch: 2243, Loss: 5.733193874359131
Epoch: 2244, Loss: 5.733863830566406
Epoch: 2245, Loss: 5.744809150695801
Epoch: 2246, Loss: 5.738697528839111
Epoch: 2247, Loss: 5.733310699462891
Epoch: 2248, Loss: 5.747363090515137
Epoch: 2249, Loss: 5.716670989990234
./circuit_plots/Unrestricted Disentangled|Readout|CN=1|B0=0|B1=1|K=1280|L=320|p_B=0.75|p_C=0.75|B=2|eps=0|35ad5445-c154-4cea-8e18-983bdf361c37/ already exists.
./circuit_plots/Unrestricted Disentangled|Readout|CN=1|B0=0|B1=1|K=1280|L=320|p_B=0.75|p_C=0.75|B=2|eps=0|35ad5445-c154-4cea-8e18-983bdf361c37/ already exists.
./circuit_plots/Unrestricted Disentangled|Readout|CN=1|B0=0|B1=1|K=1280|L=320|p_B=0.75|p_C=0.75|B=2|eps=0|35ad5445-c154-4cea-8e18-983bdf361c37/ already exists.
./circuit_plots/Unrestricted Disentangled|Readout|CN=1|B0=0|B1=1|K=1280|L=320|p_B=0.75|p_C=0.75|B=2|eps=0|35ad5445-c154-4cea-8e18-983bdf361c37/ already exists.
./circuit_plots/Unrestricted Disentangled|Readout|CN=1|B0=0|B1=1|K=1280|L=320|p_B=0.75|p_C=0.75|B=2|eps=0|35ad5445-c154-4cea-8e18-983bdf361c37/ already exists.
./circuit_plots/Unrestricted Disentangled|Readout|CN=1|B0=0|B1=1|K=1280|L=320|p_B=0.75|p_C=0.75|B=2|eps=0|35ad5445-c154-4cea-8e18-983bdf361c37/ already exists.
./circuit_plots/Unrestricted Disentangled|Readout|CN=1|B0=0|B1=1|K=1280|L=320|p_B=0.75|p_C=0.75|B=2|eps=0|35ad5445-c154-4cea-8e18-983bdf361c37/ already exists.
Epoch: 2250, Loss: 5.743857383728027
Test acc: 0.0117, IC acc: 0.012, IC acc2: 0.0028, IW acc: 0.0038
Epoch: 2251, Loss: 5.744637489318848
Epoch: 2252, Loss: 5.73203706741333
Epoch: 2253, Loss: 5.733395099639893
Epoch: 2254, Loss: 5.740342140197754
Epoch: 2255, Loss: 5.734236717224121
Epoch: 2256, Loss: 5.744147300720215
Epoch: 2257, Loss: 5.737026691436768
Epoch: 2258, Loss: 5.727999687194824
Epoch: 2259, Loss: 5.735494613647461
Epoch: 2260, Loss: 5.724148750305176
Test acc: 0.0117, IC acc: 0.0123, IC acc2: 0.0028, IW acc: 0.0038
Epoch: 2261, Loss: 5.733068466186523
Epoch: 2262, Loss: 5.741454601287842
Epoch: 2263, Loss: 5.737757682800293
Epoch: 2264, Loss: 5.734708786010742
Epoch: 2265, Loss: 5.725643157958984
Epoch: 2266, Loss: 5.741761207580566
Epoch: 2267, Loss: 5.733290672302246
Epoch: 2268, Loss: 5.7331647872924805
Epoch: 2269, Loss: 5.742519378662109
Epoch: 2270, Loss: 5.727068901062012
Test acc: 0.0119, IC acc: 0.0124, IC acc2: 0.0028, IW acc: 0.0038
Epoch: 2271, Loss: 5.737089157104492
Epoch: 2272, Loss: 5.721925258636475
Epoch: 2273, Loss: 5.745153427124023
Epoch: 2274, Loss: 5.74345588684082
Epoch: 2275, Loss: 5.728395462036133
Epoch: 2276, Loss: 5.7314958572387695
Epoch: 2277, Loss: 5.744548320770264
Epoch: 2278, Loss: 5.742132663726807
Epoch: 2279, Loss: 5.719402313232422
Epoch: 2280, Loss: 5.722179412841797
Test acc: 0.0119, IC acc: 0.0126, IC acc2: 0.0028, IW acc: 0.0038
Epoch: 2281, Loss: 5.73954439163208
Epoch: 2282, Loss: 5.729917526245117
Epoch: 2283, Loss: 5.7363996505737305
Epoch: 2284, Loss: 5.72650671005249
Epoch: 2285, Loss: 5.735184669494629
Epoch: 2286, Loss: 5.736352920532227
Epoch: 2287, Loss: 5.731520652770996
Epoch: 2288, Loss: 5.730354309082031
Epoch: 2289, Loss: 5.728132247924805
Epoch: 2290, Loss: 5.726745128631592
Test acc: 0.012, IC acc: 0.0127, IC acc2: 0.0027, IW acc: 0.0039
Epoch: 2291, Loss: 5.726186752319336
Epoch: 2292, Loss: 5.715943336486816
Epoch: 2293, Loss: 5.736678123474121
Epoch: 2294, Loss: 5.734769821166992
Epoch: 2295, Loss: 5.739673137664795
Epoch: 2296, Loss: 5.744940757751465
Epoch: 2297, Loss: 5.732119560241699
Epoch: 2298, Loss: 5.727416038513184
Epoch: 2299, Loss: 5.731988906860352
./circuit_plots/Unrestricted Disentangled|Readout|CN=1|B0=0|B1=1|K=1280|L=320|p_B=0.75|p_C=0.75|B=2|eps=0|35ad5445-c154-4cea-8e18-983bdf361c37/ already exists.
./circuit_plots/Unrestricted Disentangled|Readout|CN=1|B0=0|B1=1|K=1280|L=320|p_B=0.75|p_C=0.75|B=2|eps=0|35ad5445-c154-4cea-8e18-983bdf361c37/ already exists.
./circuit_plots/Unrestricted Disentangled|Readout|CN=1|B0=0|B1=1|K=1280|L=320|p_B=0.75|p_C=0.75|B=2|eps=0|35ad5445-c154-4cea-8e18-983bdf361c37/ already exists.
./circuit_plots/Unrestricted Disentangled|Readout|CN=1|B0=0|B1=1|K=1280|L=320|p_B=0.75|p_C=0.75|B=2|eps=0|35ad5445-c154-4cea-8e18-983bdf361c37/ already exists.
./circuit_plots/Unrestricted Disentangled|Readout|CN=1|B0=0|B1=1|K=1280|L=320|p_B=0.75|p_C=0.75|B=2|eps=0|35ad5445-c154-4cea-8e18-983bdf361c37/ already exists.
./circuit_plots/Unrestricted Disentangled|Readout|CN=1|B0=0|B1=1|K=1280|L=320|p_B=0.75|p_C=0.75|B=2|eps=0|35ad5445-c154-4cea-8e18-983bdf361c37/ already exists.
./circuit_plots/Unrestricted Disentangled|Readout|CN=1|B0=0|B1=1|K=1280|L=320|p_B=0.75|p_C=0.75|B=2|eps=0|35ad5445-c154-4cea-8e18-983bdf361c37/ already exists.
Epoch: 2300, Loss: 5.724246978759766
Test acc: 0.0123, IC acc: 0.0126, IC acc2: 0.0027, IW acc: 0.0039
Epoch: 2301, Loss: 5.727684020996094
Epoch: 2302, Loss: 5.7172675132751465
Epoch: 2303, Loss: 5.719696998596191
Epoch: 2304, Loss: 5.733889579772949
Epoch: 2305, Loss: 5.741217613220215
Epoch: 2306, Loss: 5.732126712799072
Epoch: 2307, Loss: 5.730266571044922
Epoch: 2308, Loss: 5.738813400268555
Epoch: 2309, Loss: 5.743230819702148
Epoch: 2310, Loss: 5.722253799438477
Test acc: 0.0123, IC acc: 0.0127, IC acc2: 0.0028, IW acc: 0.0039
Epoch: 2311, Loss: 5.7211408615112305
Epoch: 2312, Loss: 5.7504048347473145
Epoch: 2313, Loss: 5.743978500366211
Epoch: 2314, Loss: 5.735023498535156
Epoch: 2315, Loss: 5.730842113494873
Epoch: 2316, Loss: 5.728290557861328
Epoch: 2317, Loss: 5.737910747528076
Epoch: 2318, Loss: 5.715615749359131
Epoch: 2319, Loss: 5.735602855682373
Epoch: 2320, Loss: 5.729601860046387
Test acc: 0.0123, IC acc: 0.0129, IC acc2: 0.0027, IW acc: 0.0039
Epoch: 2321, Loss: 5.7327880859375
Epoch: 2322, Loss: 5.723686695098877
Epoch: 2323, Loss: 5.737968444824219
Epoch: 2324, Loss: 5.7340192794799805
Epoch: 2325, Loss: 5.735396862030029
Epoch: 2326, Loss: 5.742099761962891
Epoch: 2327, Loss: 5.727348327636719
Epoch: 2328, Loss: 5.748434066772461
Epoch: 2329, Loss: 5.737035274505615
Epoch: 2330, Loss: 5.739374160766602
Test acc: 0.0123, IC acc: 0.0129, IC acc2: 0.0027, IW acc: 0.0039
Epoch: 2331, Loss: 5.739767074584961
Epoch: 2332, Loss: 5.733583450317383
Epoch: 2333, Loss: 5.728166580200195
Epoch: 2334, Loss: 5.724784851074219
Epoch: 2335, Loss: 5.724586486816406
Epoch: 2336, Loss: 5.734696388244629
Epoch: 2337, Loss: 5.719176769256592
Epoch: 2338, Loss: 5.7265777587890625
Epoch: 2339, Loss: 5.7393107414245605
Epoch: 2340, Loss: 5.7297563552856445
Test acc: 0.0124, IC acc: 0.0128, IC acc2: 0.0027, IW acc: 0.0039
Epoch: 2341, Loss: 5.726258277893066
Epoch: 2342, Loss: 5.743218421936035
Epoch: 2343, Loss: 5.733766555786133
Epoch: 2344, Loss: 5.754542827606201
Epoch: 2345, Loss: 5.725432395935059
Epoch: 2346, Loss: 5.7181196212768555
Epoch: 2347, Loss: 5.742366790771484
Epoch: 2348, Loss: 5.730200290679932
Epoch: 2349, Loss: 5.725771903991699
./circuit_plots/Unrestricted Disentangled|Readout|CN=1|B0=0|B1=1|K=1280|L=320|p_B=0.75|p_C=0.75|B=2|eps=0|35ad5445-c154-4cea-8e18-983bdf361c37/ already exists.
./circuit_plots/Unrestricted Disentangled|Readout|CN=1|B0=0|B1=1|K=1280|L=320|p_B=0.75|p_C=0.75|B=2|eps=0|35ad5445-c154-4cea-8e18-983bdf361c37/ already exists.
./circuit_plots/Unrestricted Disentangled|Readout|CN=1|B0=0|B1=1|K=1280|L=320|p_B=0.75|p_C=0.75|B=2|eps=0|35ad5445-c154-4cea-8e18-983bdf361c37/ already exists.
./circuit_plots/Unrestricted Disentangled|Readout|CN=1|B0=0|B1=1|K=1280|L=320|p_B=0.75|p_C=0.75|B=2|eps=0|35ad5445-c154-4cea-8e18-983bdf361c37/ already exists.
./circuit_plots/Unrestricted Disentangled|Readout|CN=1|B0=0|B1=1|K=1280|L=320|p_B=0.75|p_C=0.75|B=2|eps=0|35ad5445-c154-4cea-8e18-983bdf361c37/ already exists.
./circuit_plots/Unrestricted Disentangled|Readout|CN=1|B0=0|B1=1|K=1280|L=320|p_B=0.75|p_C=0.75|B=2|eps=0|35ad5445-c154-4cea-8e18-983bdf361c37/ already exists.
./circuit_plots/Unrestricted Disentangled|Readout|CN=1|B0=0|B1=1|K=1280|L=320|p_B=0.75|p_C=0.75|B=2|eps=0|35ad5445-c154-4cea-8e18-983bdf361c37/ already exists.
Epoch: 2350, Loss: 5.735636234283447
Test acc: 0.0125, IC acc: 0.0129, IC acc2: 0.0028, IW acc: 0.0039
Epoch: 2351, Loss: 5.733157157897949
Epoch: 2352, Loss: 5.737730026245117
Epoch: 2353, Loss: 5.739879131317139
Epoch: 2354, Loss: 5.733538627624512
Epoch: 2355, Loss: 5.735714435577393
Epoch: 2356, Loss: 5.7146220207214355
Epoch: 2357, Loss: 5.730686187744141
Epoch: 2358, Loss: 5.73391056060791
Epoch: 2359, Loss: 5.7332658767700195
Epoch: 2360, Loss: 5.742064476013184
Test acc: 0.0125, IC acc: 0.0129, IC acc2: 0.0027, IW acc: 0.0038
Epoch: 2361, Loss: 5.741336822509766
Epoch: 2362, Loss: 5.750185966491699
Epoch: 2363, Loss: 5.738635063171387
Epoch: 2364, Loss: 5.728768825531006
Epoch: 2365, Loss: 5.752806663513184
Epoch: 2366, Loss: 5.732355117797852
Epoch: 2367, Loss: 5.734500885009766
Epoch: 2368, Loss: 5.746369361877441
Epoch: 2369, Loss: 5.721896171569824
Epoch: 2370, Loss: 5.725607872009277
Test acc: 0.0126, IC acc: 0.0129, IC acc2: 0.0027, IW acc: 0.0038
Epoch: 2371, Loss: 5.728856086730957
Epoch: 2372, Loss: 5.732212066650391
Epoch: 2373, Loss: 5.726622581481934
Epoch: 2374, Loss: 5.730175018310547
Epoch: 2375, Loss: 5.726348876953125
Epoch: 2376, Loss: 5.73602819442749
Epoch: 2377, Loss: 5.719627857208252
Epoch: 2378, Loss: 5.736748695373535
Epoch: 2379, Loss: 5.732841491699219
Epoch: 2380, Loss: 5.740391731262207
Test acc: 0.0128, IC acc: 0.0129, IC acc2: 0.0028, IW acc: 0.0038
Epoch: 2381, Loss: 5.734010219573975
Epoch: 2382, Loss: 5.737023830413818
Epoch: 2383, Loss: 5.7173919677734375
Epoch: 2384, Loss: 5.7387237548828125
Epoch: 2385, Loss: 5.731941223144531
Epoch: 2386, Loss: 5.717310905456543
Epoch: 2387, Loss: 5.7324957847595215
Epoch: 2388, Loss: 5.719848155975342
Epoch: 2389, Loss: 5.722418785095215
Epoch: 2390, Loss: 5.727304458618164
Test acc: 0.0127, IC acc: 0.0132, IC acc2: 0.0027, IW acc: 0.0039
Epoch: 2391, Loss: 5.734220504760742
Epoch: 2392, Loss: 5.712549209594727
Epoch: 2393, Loss: 5.723027229309082
Epoch: 2394, Loss: 5.735087871551514
Epoch: 2395, Loss: 5.733028411865234
Epoch: 2396, Loss: 5.728585243225098
Epoch: 2397, Loss: 5.729175567626953
Epoch: 2398, Loss: 5.745033264160156
Epoch: 2399, Loss: 5.731814384460449
./circuit_plots/Unrestricted Disentangled|Readout|CN=1|B0=0|B1=1|K=1280|L=320|p_B=0.75|p_C=0.75|B=2|eps=0|35ad5445-c154-4cea-8e18-983bdf361c37/ already exists.
./circuit_plots/Unrestricted Disentangled|Readout|CN=1|B0=0|B1=1|K=1280|L=320|p_B=0.75|p_C=0.75|B=2|eps=0|35ad5445-c154-4cea-8e18-983bdf361c37/ already exists.
./circuit_plots/Unrestricted Disentangled|Readout|CN=1|B0=0|B1=1|K=1280|L=320|p_B=0.75|p_C=0.75|B=2|eps=0|35ad5445-c154-4cea-8e18-983bdf361c37/ already exists.
./circuit_plots/Unrestricted Disentangled|Readout|CN=1|B0=0|B1=1|K=1280|L=320|p_B=0.75|p_C=0.75|B=2|eps=0|35ad5445-c154-4cea-8e18-983bdf361c37/ already exists.
./circuit_plots/Unrestricted Disentangled|Readout|CN=1|B0=0|B1=1|K=1280|L=320|p_B=0.75|p_C=0.75|B=2|eps=0|35ad5445-c154-4cea-8e18-983bdf361c37/ already exists.
./circuit_plots/Unrestricted Disentangled|Readout|CN=1|B0=0|B1=1|K=1280|L=320|p_B=0.75|p_C=0.75|B=2|eps=0|35ad5445-c154-4cea-8e18-983bdf361c37/ already exists.
./circuit_plots/Unrestricted Disentangled|Readout|CN=1|B0=0|B1=1|K=1280|L=320|p_B=0.75|p_C=0.75|B=2|eps=0|35ad5445-c154-4cea-8e18-983bdf361c37/ already exists.
Epoch: 2400, Loss: 5.723318099975586
Test acc: 0.0128, IC acc: 0.013, IC acc2: 0.0028, IW acc: 0.0038
Epoch: 2401, Loss: 5.741431713104248
Epoch: 2402, Loss: 5.725776195526123
Epoch: 2403, Loss: 5.737103462219238
Epoch: 2404, Loss: 5.73435115814209
Epoch: 2405, Loss: 5.744448661804199
Epoch: 2406, Loss: 5.732419013977051
Epoch: 2407, Loss: 5.73353385925293
Epoch: 2408, Loss: 5.740795612335205
Epoch: 2409, Loss: 5.723545074462891
Epoch: 2410, Loss: 5.717860221862793
Test acc: 0.013, IC acc: 0.0133, IC acc2: 0.0027, IW acc: 0.0038
Epoch: 2411, Loss: 5.734374046325684
Epoch: 2412, Loss: 5.72071647644043
Epoch: 2413, Loss: 5.732755661010742
Epoch: 2414, Loss: 5.735726356506348
Epoch: 2415, Loss: 5.721428871154785
Epoch: 2416, Loss: 5.739206790924072
Epoch: 2417, Loss: 5.725161075592041
Epoch: 2418, Loss: 5.734312057495117
Epoch: 2419, Loss: 5.719649791717529
Epoch: 2420, Loss: 5.734750270843506
Test acc: 0.0131, IC acc: 0.0133, IC acc2: 0.0027, IW acc: 0.0038
Epoch: 2421, Loss: 5.735138893127441
Epoch: 2422, Loss: 5.737639904022217
Epoch: 2423, Loss: 5.72801399230957
Epoch: 2424, Loss: 5.72207498550415
Epoch: 2425, Loss: 5.735352993011475
Epoch: 2426, Loss: 5.726780891418457
Epoch: 2427, Loss: 5.7327561378479
Epoch: 2428, Loss: 5.739737510681152
Epoch: 2429, Loss: 5.730414390563965
Epoch: 2430, Loss: 5.7337870597839355
Test acc: 0.013, IC acc: 0.0134, IC acc2: 0.0027, IW acc: 0.0038
Epoch: 2431, Loss: 5.730693817138672
Epoch: 2432, Loss: 5.737473487854004
Epoch: 2433, Loss: 5.732590198516846
Epoch: 2434, Loss: 5.735080718994141
Epoch: 2435, Loss: 5.73347282409668
Epoch: 2436, Loss: 5.741360664367676
Epoch: 2437, Loss: 5.719655990600586
Epoch: 2438, Loss: 5.740851402282715
Epoch: 2439, Loss: 5.752163887023926
Epoch: 2440, Loss: 5.733931541442871
Test acc: 0.013, IC acc: 0.0134, IC acc2: 0.0027, IW acc: 0.0039
Epoch: 2441, Loss: 5.733882904052734
Epoch: 2442, Loss: 5.735057830810547
Epoch: 2443, Loss: 5.725937843322754
Epoch: 2444, Loss: 5.735679626464844
Epoch: 2445, Loss: 5.721136569976807
Epoch: 2446, Loss: 5.730376720428467
Epoch: 2447, Loss: 5.73806095123291
Epoch: 2448, Loss: 5.717629432678223
Epoch: 2449, Loss: 5.737603187561035
./circuit_plots/Unrestricted Disentangled|Readout|CN=1|B0=0|B1=1|K=1280|L=320|p_B=0.75|p_C=0.75|B=2|eps=0|35ad5445-c154-4cea-8e18-983bdf361c37/ already exists.
./circuit_plots/Unrestricted Disentangled|Readout|CN=1|B0=0|B1=1|K=1280|L=320|p_B=0.75|p_C=0.75|B=2|eps=0|35ad5445-c154-4cea-8e18-983bdf361c37/ already exists.
./circuit_plots/Unrestricted Disentangled|Readout|CN=1|B0=0|B1=1|K=1280|L=320|p_B=0.75|p_C=0.75|B=2|eps=0|35ad5445-c154-4cea-8e18-983bdf361c37/ already exists.
./circuit_plots/Unrestricted Disentangled|Readout|CN=1|B0=0|B1=1|K=1280|L=320|p_B=0.75|p_C=0.75|B=2|eps=0|35ad5445-c154-4cea-8e18-983bdf361c37/ already exists.
./circuit_plots/Unrestricted Disentangled|Readout|CN=1|B0=0|B1=1|K=1280|L=320|p_B=0.75|p_C=0.75|B=2|eps=0|35ad5445-c154-4cea-8e18-983bdf361c37/ already exists.
./circuit_plots/Unrestricted Disentangled|Readout|CN=1|B0=0|B1=1|K=1280|L=320|p_B=0.75|p_C=0.75|B=2|eps=0|35ad5445-c154-4cea-8e18-983bdf361c37/ already exists.
./circuit_plots/Unrestricted Disentangled|Readout|CN=1|B0=0|B1=1|K=1280|L=320|p_B=0.75|p_C=0.75|B=2|eps=0|35ad5445-c154-4cea-8e18-983bdf361c37/ already exists.
Epoch: 2450, Loss: 5.736641883850098
Test acc: 0.0132, IC acc: 0.0137, IC acc2: 0.0027, IW acc: 0.0038
Epoch: 2451, Loss: 5.732678413391113
Epoch: 2452, Loss: 5.746933937072754
Epoch: 2453, Loss: 5.725567817687988
Epoch: 2454, Loss: 5.729861736297607
Epoch: 2455, Loss: 5.743890285491943
Epoch: 2456, Loss: 5.733527183532715
Epoch: 2457, Loss: 5.740454196929932
Epoch: 2458, Loss: 5.721740245819092
Epoch: 2459, Loss: 5.725369453430176
Epoch: 2460, Loss: 5.73082160949707
Test acc: 0.0134, IC acc: 0.0138, IC acc2: 0.0027, IW acc: 0.0038
Epoch: 2461, Loss: 5.721761703491211
Epoch: 2462, Loss: 5.727017879486084
Epoch: 2463, Loss: 5.736274242401123
Epoch: 2464, Loss: 5.717172622680664
Epoch: 2465, Loss: 5.7228803634643555
Epoch: 2466, Loss: 5.735489845275879
Epoch: 2467, Loss: 5.731744289398193
Epoch: 2468, Loss: 5.7321953773498535
Epoch: 2469, Loss: 5.7346954345703125
Epoch: 2470, Loss: 5.729802131652832
Test acc: 0.0134, IC acc: 0.0138, IC acc2: 0.0027, IW acc: 0.0037
Epoch: 2471, Loss: 5.738134384155273
Epoch: 2472, Loss: 5.728963375091553
Epoch: 2473, Loss: 5.739448070526123
Epoch: 2474, Loss: 5.724120616912842
Epoch: 2475, Loss: 5.730507850646973
Epoch: 2476, Loss: 5.737293720245361
Epoch: 2477, Loss: 5.734433174133301
Epoch: 2478, Loss: 5.7265119552612305
Epoch: 2479, Loss: 5.730025291442871
Epoch: 2480, Loss: 5.728670597076416
Test acc: 0.0135, IC acc: 0.0139, IC acc2: 0.0029, IW acc: 0.0037
Epoch: 2481, Loss: 5.731801986694336
Epoch: 2482, Loss: 5.726731777191162
Epoch: 2483, Loss: 5.721429347991943
Epoch: 2484, Loss: 5.727618217468262
Epoch: 2485, Loss: 5.725085258483887
Epoch: 2486, Loss: 5.73597526550293
Epoch: 2487, Loss: 5.732874393463135
Epoch: 2488, Loss: 5.729781150817871
Epoch: 2489, Loss: 5.7191972732543945
Epoch: 2490, Loss: 5.73016881942749
Test acc: 0.0136, IC acc: 0.0137, IC acc2: 0.0029, IW acc: 0.0037
Epoch: 2491, Loss: 5.7293620109558105
Epoch: 2492, Loss: 5.713937759399414
Epoch: 2493, Loss: 5.7321062088012695
Epoch: 2494, Loss: 5.729318618774414
Epoch: 2495, Loss: 5.71943473815918
Epoch: 2496, Loss: 5.7220354080200195
Epoch: 2497, Loss: 5.729738712310791
Epoch: 2498, Loss: 5.735276699066162
Epoch: 2499, Loss: 5.723015785217285
./circuit_plots/Unrestricted Disentangled|Readout|CN=1|B0=0|B1=1|K=1280|L=320|p_B=0.75|p_C=0.75|B=2|eps=0|35ad5445-c154-4cea-8e18-983bdf361c37/ already exists.
./circuit_plots/Unrestricted Disentangled|Readout|CN=1|B0=0|B1=1|K=1280|L=320|p_B=0.75|p_C=0.75|B=2|eps=0|35ad5445-c154-4cea-8e18-983bdf361c37/ already exists.
./circuit_plots/Unrestricted Disentangled|Readout|CN=1|B0=0|B1=1|K=1280|L=320|p_B=0.75|p_C=0.75|B=2|eps=0|35ad5445-c154-4cea-8e18-983bdf361c37/ already exists.
./circuit_plots/Unrestricted Disentangled|Readout|CN=1|B0=0|B1=1|K=1280|L=320|p_B=0.75|p_C=0.75|B=2|eps=0|35ad5445-c154-4cea-8e18-983bdf361c37/ already exists.
./circuit_plots/Unrestricted Disentangled|Readout|CN=1|B0=0|B1=1|K=1280|L=320|p_B=0.75|p_C=0.75|B=2|eps=0|35ad5445-c154-4cea-8e18-983bdf361c37/ already exists.
./circuit_plots/Unrestricted Disentangled|Readout|CN=1|B0=0|B1=1|K=1280|L=320|p_B=0.75|p_C=0.75|B=2|eps=0|35ad5445-c154-4cea-8e18-983bdf361c37/ already exists.
./circuit_plots/Unrestricted Disentangled|Readout|CN=1|B0=0|B1=1|K=1280|L=320|p_B=0.75|p_C=0.75|B=2|eps=0|35ad5445-c154-4cea-8e18-983bdf361c37/ already exists.
Epoch: 2500, Loss: 5.719171524047852
Test acc: 0.0137, IC acc: 0.0138, IC acc2: 0.0028, IW acc: 0.0038
Epoch: 2501, Loss: 5.728400230407715
Epoch: 2502, Loss: 5.7324323654174805
Epoch: 2503, Loss: 5.720762729644775
Epoch: 2504, Loss: 5.726226806640625
Epoch: 2505, Loss: 5.72945499420166
Epoch: 2506, Loss: 5.726508140563965
Epoch: 2507, Loss: 5.727453231811523
Epoch: 2508, Loss: 5.731443405151367
Epoch: 2509, Loss: 5.722231864929199
Epoch: 2510, Loss: 5.7332916259765625
Test acc: 0.0138, IC acc: 0.0139, IC acc2: 0.0028, IW acc: 0.0038
Epoch: 2511, Loss: 5.723794937133789
Epoch: 2512, Loss: 5.72941255569458
Epoch: 2513, Loss: 5.7305684089660645
Epoch: 2514, Loss: 5.721972465515137
Epoch: 2515, Loss: 5.710526466369629
Epoch: 2516, Loss: 5.7290754318237305
Epoch: 2517, Loss: 5.7264084815979
Epoch: 2518, Loss: 5.726129055023193
Epoch: 2519, Loss: 5.729426860809326
Epoch: 2520, Loss: 5.732612133026123
Test acc: 0.014, IC acc: 0.0139, IC acc2: 0.0028, IW acc: 0.0038
Epoch: 2521, Loss: 5.73603630065918
Epoch: 2522, Loss: 5.73276424407959
Epoch: 2523, Loss: 5.726205825805664
Epoch: 2524, Loss: 5.725724220275879
Epoch: 2525, Loss: 5.748487949371338
Epoch: 2526, Loss: 5.72355318069458
Epoch: 2527, Loss: 5.72567892074585
Epoch: 2528, Loss: 5.722015380859375
Epoch: 2529, Loss: 5.734234809875488
Epoch: 2530, Loss: 5.710735321044922
Test acc: 0.014, IC acc: 0.014, IC acc2: 0.0028, IW acc: 0.0037
Epoch: 2531, Loss: 5.738611221313477
Epoch: 2532, Loss: 5.708957195281982
Epoch: 2533, Loss: 5.724143981933594
Epoch: 2534, Loss: 5.731288909912109
Epoch: 2535, Loss: 5.7364654541015625
Epoch: 2536, Loss: 5.719130992889404
Epoch: 2537, Loss: 5.725074768066406
Epoch: 2538, Loss: 5.7221832275390625
Epoch: 2539, Loss: 5.731601715087891
Epoch: 2540, Loss: 5.736961364746094
Test acc: 0.0139, IC acc: 0.0139, IC acc2: 0.003, IW acc: 0.0038
Epoch: 2541, Loss: 5.726286888122559
Epoch: 2542, Loss: 5.73162841796875
Epoch: 2543, Loss: 5.727296829223633
Epoch: 2544, Loss: 5.725131988525391
Epoch: 2545, Loss: 5.727437973022461
Epoch: 2546, Loss: 5.726476669311523
Epoch: 2547, Loss: 5.7440032958984375
Epoch: 2548, Loss: 5.735074996948242
Epoch: 2549, Loss: 5.73023796081543
./circuit_plots/Unrestricted Disentangled|Readout|CN=1|B0=0|B1=1|K=1280|L=320|p_B=0.75|p_C=0.75|B=2|eps=0|35ad5445-c154-4cea-8e18-983bdf361c37/ already exists.
./circuit_plots/Unrestricted Disentangled|Readout|CN=1|B0=0|B1=1|K=1280|L=320|p_B=0.75|p_C=0.75|B=2|eps=0|35ad5445-c154-4cea-8e18-983bdf361c37/ already exists.
./circuit_plots/Unrestricted Disentangled|Readout|CN=1|B0=0|B1=1|K=1280|L=320|p_B=0.75|p_C=0.75|B=2|eps=0|35ad5445-c154-4cea-8e18-983bdf361c37/ already exists.
./circuit_plots/Unrestricted Disentangled|Readout|CN=1|B0=0|B1=1|K=1280|L=320|p_B=0.75|p_C=0.75|B=2|eps=0|35ad5445-c154-4cea-8e18-983bdf361c37/ already exists.
./circuit_plots/Unrestricted Disentangled|Readout|CN=1|B0=0|B1=1|K=1280|L=320|p_B=0.75|p_C=0.75|B=2|eps=0|35ad5445-c154-4cea-8e18-983bdf361c37/ already exists.
./circuit_plots/Unrestricted Disentangled|Readout|CN=1|B0=0|B1=1|K=1280|L=320|p_B=0.75|p_C=0.75|B=2|eps=0|35ad5445-c154-4cea-8e18-983bdf361c37/ already exists.
./circuit_plots/Unrestricted Disentangled|Readout|CN=1|B0=0|B1=1|K=1280|L=320|p_B=0.75|p_C=0.75|B=2|eps=0|35ad5445-c154-4cea-8e18-983bdf361c37/ already exists.
Epoch: 2550, Loss: 5.725401401519775
Test acc: 0.0141, IC acc: 0.014, IC acc2: 0.0029, IW acc: 0.0038
Epoch: 2551, Loss: 5.728398323059082
Epoch: 2552, Loss: 5.733146667480469
Epoch: 2553, Loss: 5.742743492126465
Epoch: 2554, Loss: 5.730283260345459
Epoch: 2555, Loss: 5.717623710632324
Epoch: 2556, Loss: 5.726476669311523
Epoch: 2557, Loss: 5.71823263168335
Epoch: 2558, Loss: 5.731162071228027
Epoch: 2559, Loss: 5.721465110778809
Epoch: 2560, Loss: 5.725259780883789
Test acc: 0.0143, IC acc: 0.0141, IC acc2: 0.0029, IW acc: 0.0037
Epoch: 2561, Loss: 5.7245330810546875
Epoch: 2562, Loss: 5.719404697418213
Epoch: 2563, Loss: 5.727514743804932
Epoch: 2564, Loss: 5.732547760009766
Epoch: 2565, Loss: 5.726363182067871
Epoch: 2566, Loss: 5.729873180389404
Epoch: 2567, Loss: 5.720430850982666
Epoch: 2568, Loss: 5.731691360473633
Epoch: 2569, Loss: 5.7128095626831055
Epoch: 2570, Loss: 5.725785255432129
Test acc: 0.0142, IC acc: 0.0142, IC acc2: 0.0029, IW acc: 0.0036
Epoch: 2571, Loss: 5.727808952331543
Epoch: 2572, Loss: 5.722679615020752
Epoch: 2573, Loss: 5.737817764282227
Epoch: 2574, Loss: 5.719471454620361
Epoch: 2575, Loss: 5.738711357116699
Epoch: 2576, Loss: 5.7222394943237305
Epoch: 2577, Loss: 5.743117809295654
Epoch: 2578, Loss: 5.735315322875977
Epoch: 2579, Loss: 5.728278160095215
Epoch: 2580, Loss: 5.719208717346191
Test acc: 0.0143, IC acc: 0.0142, IC acc2: 0.0029, IW acc: 0.0036
Epoch: 2581, Loss: 5.743046760559082
Epoch: 2582, Loss: 5.725123405456543
Epoch: 2583, Loss: 5.728894233703613
Epoch: 2584, Loss: 5.736145973205566
Epoch: 2585, Loss: 5.724353790283203
Epoch: 2586, Loss: 5.7291951179504395
Epoch: 2587, Loss: 5.7227091789245605
Epoch: 2588, Loss: 5.742018699645996
Epoch: 2589, Loss: 5.722126007080078
Epoch: 2590, Loss: 5.719599723815918
Test acc: 0.0143, IC acc: 0.0142, IC acc2: 0.0029, IW acc: 0.0036
Epoch: 2591, Loss: 5.726478576660156
Epoch: 2592, Loss: 5.7190375328063965
Epoch: 2593, Loss: 5.732178688049316
Epoch: 2594, Loss: 5.727248191833496
Epoch: 2595, Loss: 5.730893611907959
Epoch: 2596, Loss: 5.735137939453125
Epoch: 2597, Loss: 5.721863746643066
Epoch: 2598, Loss: 5.734125137329102
Epoch: 2599, Loss: 5.730866432189941
./circuit_plots/Unrestricted Disentangled|Readout|CN=1|B0=0|B1=1|K=1280|L=320|p_B=0.75|p_C=0.75|B=2|eps=0|35ad5445-c154-4cea-8e18-983bdf361c37/ already exists.
./circuit_plots/Unrestricted Disentangled|Readout|CN=1|B0=0|B1=1|K=1280|L=320|p_B=0.75|p_C=0.75|B=2|eps=0|35ad5445-c154-4cea-8e18-983bdf361c37/ already exists.
./circuit_plots/Unrestricted Disentangled|Readout|CN=1|B0=0|B1=1|K=1280|L=320|p_B=0.75|p_C=0.75|B=2|eps=0|35ad5445-c154-4cea-8e18-983bdf361c37/ already exists.
./circuit_plots/Unrestricted Disentangled|Readout|CN=1|B0=0|B1=1|K=1280|L=320|p_B=0.75|p_C=0.75|B=2|eps=0|35ad5445-c154-4cea-8e18-983bdf361c37/ already exists.
./circuit_plots/Unrestricted Disentangled|Readout|CN=1|B0=0|B1=1|K=1280|L=320|p_B=0.75|p_C=0.75|B=2|eps=0|35ad5445-c154-4cea-8e18-983bdf361c37/ already exists.
./circuit_plots/Unrestricted Disentangled|Readout|CN=1|B0=0|B1=1|K=1280|L=320|p_B=0.75|p_C=0.75|B=2|eps=0|35ad5445-c154-4cea-8e18-983bdf361c37/ already exists.
./circuit_plots/Unrestricted Disentangled|Readout|CN=1|B0=0|B1=1|K=1280|L=320|p_B=0.75|p_C=0.75|B=2|eps=0|35ad5445-c154-4cea-8e18-983bdf361c37/ already exists.
Epoch: 2600, Loss: 5.726443767547607
Test acc: 0.0143, IC acc: 0.0143, IC acc2: 0.0029, IW acc: 0.0036
Epoch: 2601, Loss: 5.743275165557861
Epoch: 2602, Loss: 5.734016418457031
Epoch: 2603, Loss: 5.729639053344727
Epoch: 2604, Loss: 5.741734981536865
Epoch: 2605, Loss: 5.715217590332031
Epoch: 2606, Loss: 5.733096122741699
Epoch: 2607, Loss: 5.730121612548828
Epoch: 2608, Loss: 5.743592262268066
Epoch: 2609, Loss: 5.7289581298828125
Epoch: 2610, Loss: 5.728353500366211
Test acc: 0.0145, IC acc: 0.0145, IC acc2: 0.003, IW acc: 0.0036
Epoch: 2611, Loss: 5.7330522537231445
Epoch: 2612, Loss: 5.7201433181762695
Epoch: 2613, Loss: 5.725296974182129
Epoch: 2614, Loss: 5.726343154907227
Epoch: 2615, Loss: 5.737214088439941
Epoch: 2616, Loss: 5.724735736846924
Epoch: 2617, Loss: 5.728353500366211
Epoch: 2618, Loss: 5.7281293869018555
Epoch: 2619, Loss: 5.73020076751709
Epoch: 2620, Loss: 5.730652809143066
Test acc: 0.0145, IC acc: 0.0147, IC acc2: 0.003, IW acc: 0.0036
Epoch: 2621, Loss: 5.735742568969727
Epoch: 2622, Loss: 5.732060432434082
Epoch: 2623, Loss: 5.719204902648926
Epoch: 2624, Loss: 5.728374481201172
Epoch: 2625, Loss: 5.733274459838867
Epoch: 2626, Loss: 5.720737457275391
Epoch: 2627, Loss: 5.725691795349121
Epoch: 2628, Loss: 5.720766067504883
Epoch: 2629, Loss: 5.738842010498047
Epoch: 2630, Loss: 5.715778827667236
Test acc: 0.0145, IC acc: 0.0148, IC acc2: 0.003, IW acc: 0.0035
Epoch: 2631, Loss: 5.732966423034668
Epoch: 2632, Loss: 5.7205305099487305
Epoch: 2633, Loss: 5.734933853149414
Epoch: 2634, Loss: 5.741403579711914
Epoch: 2635, Loss: 5.725008010864258
Epoch: 2636, Loss: 5.7320733070373535
Epoch: 2637, Loss: 5.716052055358887
Epoch: 2638, Loss: 5.731715202331543
Epoch: 2639, Loss: 5.724506378173828
Epoch: 2640, Loss: 5.741215705871582
Test acc: 0.0146, IC acc: 0.015, IC acc2: 0.003, IW acc: 0.0035
Epoch: 2641, Loss: 5.745686054229736
Epoch: 2642, Loss: 5.711848258972168
Epoch: 2643, Loss: 5.726397514343262
Epoch: 2644, Loss: 5.713112831115723
Epoch: 2645, Loss: 5.7338080406188965
Epoch: 2646, Loss: 5.717964172363281
Epoch: 2647, Loss: 5.730291366577148
Epoch: 2648, Loss: 5.7447919845581055
Epoch: 2649, Loss: 5.733735084533691
./circuit_plots/Unrestricted Disentangled|Readout|CN=1|B0=0|B1=1|K=1280|L=320|p_B=0.75|p_C=0.75|B=2|eps=0|35ad5445-c154-4cea-8e18-983bdf361c37/ already exists.
./circuit_plots/Unrestricted Disentangled|Readout|CN=1|B0=0|B1=1|K=1280|L=320|p_B=0.75|p_C=0.75|B=2|eps=0|35ad5445-c154-4cea-8e18-983bdf361c37/ already exists.
./circuit_plots/Unrestricted Disentangled|Readout|CN=1|B0=0|B1=1|K=1280|L=320|p_B=0.75|p_C=0.75|B=2|eps=0|35ad5445-c154-4cea-8e18-983bdf361c37/ already exists.
./circuit_plots/Unrestricted Disentangled|Readout|CN=1|B0=0|B1=1|K=1280|L=320|p_B=0.75|p_C=0.75|B=2|eps=0|35ad5445-c154-4cea-8e18-983bdf361c37/ already exists.
./circuit_plots/Unrestricted Disentangled|Readout|CN=1|B0=0|B1=1|K=1280|L=320|p_B=0.75|p_C=0.75|B=2|eps=0|35ad5445-c154-4cea-8e18-983bdf361c37/ already exists.
./circuit_plots/Unrestricted Disentangled|Readout|CN=1|B0=0|B1=1|K=1280|L=320|p_B=0.75|p_C=0.75|B=2|eps=0|35ad5445-c154-4cea-8e18-983bdf361c37/ already exists.
./circuit_plots/Unrestricted Disentangled|Readout|CN=1|B0=0|B1=1|K=1280|L=320|p_B=0.75|p_C=0.75|B=2|eps=0|35ad5445-c154-4cea-8e18-983bdf361c37/ already exists.
Epoch: 2650, Loss: 5.711893558502197
Test acc: 0.0149, IC acc: 0.0147, IC acc2: 0.003, IW acc: 0.0035
Epoch: 2651, Loss: 5.723437309265137
Epoch: 2652, Loss: 5.722444534301758
Epoch: 2653, Loss: 5.722134590148926
Epoch: 2654, Loss: 5.723333358764648
Epoch: 2655, Loss: 5.740963935852051
Epoch: 2656, Loss: 5.734813690185547
Epoch: 2657, Loss: 5.7359819412231445
Epoch: 2658, Loss: 5.745161056518555
Epoch: 2659, Loss: 5.720120906829834
Epoch: 2660, Loss: 5.722253799438477
Test acc: 0.015, IC acc: 0.0149, IC acc2: 0.003, IW acc: 0.0035
Epoch: 2661, Loss: 5.729924201965332
Epoch: 2662, Loss: 5.735884666442871
Epoch: 2663, Loss: 5.735495567321777
Epoch: 2664, Loss: 5.720874786376953
Epoch: 2665, Loss: 5.738864898681641
Epoch: 2666, Loss: 5.732900619506836
Epoch: 2667, Loss: 5.7194318771362305
Epoch: 2668, Loss: 5.734140396118164
Epoch: 2669, Loss: 5.722963333129883
Epoch: 2670, Loss: 5.7303338050842285
Test acc: 0.0149, IC acc: 0.015, IC acc2: 0.003, IW acc: 0.0035
Epoch: 2671, Loss: 5.734771728515625
Epoch: 2672, Loss: 5.732878684997559
Epoch: 2673, Loss: 5.730711936950684
Epoch: 2674, Loss: 5.733067989349365
Epoch: 2675, Loss: 5.727173805236816
Epoch: 2676, Loss: 5.733945846557617
Epoch: 2677, Loss: 5.7241973876953125
Epoch: 2678, Loss: 5.720324516296387
Epoch: 2679, Loss: 5.7316107749938965
Epoch: 2680, Loss: 5.724501609802246
Test acc: 0.0152, IC acc: 0.015, IC acc2: 0.003, IW acc: 0.0035
Epoch: 2681, Loss: 5.736415863037109
Epoch: 2682, Loss: 5.737217903137207
Epoch: 2683, Loss: 5.730702877044678
Epoch: 2684, Loss: 5.713573455810547
Epoch: 2685, Loss: 5.7356109619140625
Epoch: 2686, Loss: 5.723527908325195
Epoch: 2687, Loss: 5.725062370300293
Epoch: 2688, Loss: 5.729759693145752
Epoch: 2689, Loss: 5.735215187072754
Epoch: 2690, Loss: 5.732219696044922
Test acc: 0.0152, IC acc: 0.0152, IC acc2: 0.003, IW acc: 0.0036
Epoch: 2691, Loss: 5.7213006019592285
Epoch: 2692, Loss: 5.727070331573486
Epoch: 2693, Loss: 5.729421615600586
Epoch: 2694, Loss: 5.721783638000488
Epoch: 2695, Loss: 5.729277610778809
Epoch: 2696, Loss: 5.739475250244141
Epoch: 2697, Loss: 5.735229969024658
Epoch: 2698, Loss: 5.727810859680176
Epoch: 2699, Loss: 5.724416732788086
./circuit_plots/Unrestricted Disentangled|Readout|CN=1|B0=0|B1=1|K=1280|L=320|p_B=0.75|p_C=0.75|B=2|eps=0|35ad5445-c154-4cea-8e18-983bdf361c37/ already exists.
./circuit_plots/Unrestricted Disentangled|Readout|CN=1|B0=0|B1=1|K=1280|L=320|p_B=0.75|p_C=0.75|B=2|eps=0|35ad5445-c154-4cea-8e18-983bdf361c37/ already exists.
./circuit_plots/Unrestricted Disentangled|Readout|CN=1|B0=0|B1=1|K=1280|L=320|p_B=0.75|p_C=0.75|B=2|eps=0|35ad5445-c154-4cea-8e18-983bdf361c37/ already exists.
./circuit_plots/Unrestricted Disentangled|Readout|CN=1|B0=0|B1=1|K=1280|L=320|p_B=0.75|p_C=0.75|B=2|eps=0|35ad5445-c154-4cea-8e18-983bdf361c37/ already exists.
./circuit_plots/Unrestricted Disentangled|Readout|CN=1|B0=0|B1=1|K=1280|L=320|p_B=0.75|p_C=0.75|B=2|eps=0|35ad5445-c154-4cea-8e18-983bdf361c37/ already exists.
./circuit_plots/Unrestricted Disentangled|Readout|CN=1|B0=0|B1=1|K=1280|L=320|p_B=0.75|p_C=0.75|B=2|eps=0|35ad5445-c154-4cea-8e18-983bdf361c37/ already exists.
./circuit_plots/Unrestricted Disentangled|Readout|CN=1|B0=0|B1=1|K=1280|L=320|p_B=0.75|p_C=0.75|B=2|eps=0|35ad5445-c154-4cea-8e18-983bdf361c37/ already exists.
Epoch: 2700, Loss: 5.7296600341796875
Test acc: 0.0153, IC acc: 0.0151, IC acc2: 0.003, IW acc: 0.0037
Epoch: 2701, Loss: 5.720407485961914
Epoch: 2702, Loss: 5.709149360656738
Epoch: 2703, Loss: 5.728662490844727
Epoch: 2704, Loss: 5.729962348937988
Epoch: 2705, Loss: 5.722025394439697
Epoch: 2706, Loss: 5.72409725189209
Epoch: 2707, Loss: 5.726174831390381
Epoch: 2708, Loss: 5.730639457702637
Epoch: 2709, Loss: 5.724995136260986
Epoch: 2710, Loss: 5.7348527908325195
Test acc: 0.0153, IC acc: 0.0153, IC acc2: 0.003, IW acc: 0.0036
Epoch: 2711, Loss: 5.731564998626709
Epoch: 2712, Loss: 5.7227959632873535
Epoch: 2713, Loss: 5.7218194007873535
Epoch: 2714, Loss: 5.740120887756348
Epoch: 2715, Loss: 5.724374771118164
Epoch: 2716, Loss: 5.719297409057617
Epoch: 2717, Loss: 5.717582702636719
Epoch: 2718, Loss: 5.721725940704346
Epoch: 2719, Loss: 5.731510639190674
Epoch: 2720, Loss: 5.719501495361328
Test acc: 0.0153, IC acc: 0.0153, IC acc2: 0.003, IW acc: 0.0036
Epoch: 2721, Loss: 5.733709812164307
Epoch: 2722, Loss: 5.734751224517822
Epoch: 2723, Loss: 5.721139430999756
Epoch: 2724, Loss: 5.725852012634277
Epoch: 2725, Loss: 5.721147537231445
Epoch: 2726, Loss: 5.722882270812988
Epoch: 2727, Loss: 5.71458625793457
Epoch: 2728, Loss: 5.742362976074219
Epoch: 2729, Loss: 5.72839879989624
Epoch: 2730, Loss: 5.734724521636963
Test acc: 0.0155, IC acc: 0.0154, IC acc2: 0.003, IW acc: 0.0036
Epoch: 2731, Loss: 5.709286689758301
Epoch: 2732, Loss: 5.732751846313477
Epoch: 2733, Loss: 5.727293968200684
Epoch: 2734, Loss: 5.724493026733398
Epoch: 2735, Loss: 5.711396217346191
Epoch: 2736, Loss: 5.733238697052002
Epoch: 2737, Loss: 5.7402024269104
Epoch: 2738, Loss: 5.725937843322754
Epoch: 2739, Loss: 5.728014945983887
Epoch: 2740, Loss: 5.72996711730957
Test acc: 0.0156, IC acc: 0.0152, IC acc2: 0.003, IW acc: 0.0036
Epoch: 2741, Loss: 5.726635456085205
Epoch: 2742, Loss: 5.715346336364746
Epoch: 2743, Loss: 5.726509094238281
Epoch: 2744, Loss: 5.713407516479492
Epoch: 2745, Loss: 5.715593338012695
Epoch: 2746, Loss: 5.723936557769775
Epoch: 2747, Loss: 5.728392601013184
Epoch: 2748, Loss: 5.7262797355651855
Epoch: 2749, Loss: 5.739383220672607
./circuit_plots/Unrestricted Disentangled|Readout|CN=1|B0=0|B1=1|K=1280|L=320|p_B=0.75|p_C=0.75|B=2|eps=0|35ad5445-c154-4cea-8e18-983bdf361c37/ already exists.
./circuit_plots/Unrestricted Disentangled|Readout|CN=1|B0=0|B1=1|K=1280|L=320|p_B=0.75|p_C=0.75|B=2|eps=0|35ad5445-c154-4cea-8e18-983bdf361c37/ already exists.
./circuit_plots/Unrestricted Disentangled|Readout|CN=1|B0=0|B1=1|K=1280|L=320|p_B=0.75|p_C=0.75|B=2|eps=0|35ad5445-c154-4cea-8e18-983bdf361c37/ already exists.
./circuit_plots/Unrestricted Disentangled|Readout|CN=1|B0=0|B1=1|K=1280|L=320|p_B=0.75|p_C=0.75|B=2|eps=0|35ad5445-c154-4cea-8e18-983bdf361c37/ already exists.
./circuit_plots/Unrestricted Disentangled|Readout|CN=1|B0=0|B1=1|K=1280|L=320|p_B=0.75|p_C=0.75|B=2|eps=0|35ad5445-c154-4cea-8e18-983bdf361c37/ already exists.
./circuit_plots/Unrestricted Disentangled|Readout|CN=1|B0=0|B1=1|K=1280|L=320|p_B=0.75|p_C=0.75|B=2|eps=0|35ad5445-c154-4cea-8e18-983bdf361c37/ already exists.
./circuit_plots/Unrestricted Disentangled|Readout|CN=1|B0=0|B1=1|K=1280|L=320|p_B=0.75|p_C=0.75|B=2|eps=0|35ad5445-c154-4cea-8e18-983bdf361c37/ already exists.
Epoch: 2750, Loss: 5.71030330657959
Test acc: 0.0156, IC acc: 0.0154, IC acc2: 0.003, IW acc: 0.0036
Epoch: 2751, Loss: 5.719771385192871
Epoch: 2752, Loss: 5.7350664138793945
Epoch: 2753, Loss: 5.73372220993042
Epoch: 2754, Loss: 5.722296714782715
Epoch: 2755, Loss: 5.738536834716797
Epoch: 2756, Loss: 5.7356181144714355
Epoch: 2757, Loss: 5.7228288650512695
Epoch: 2758, Loss: 5.738090991973877
Epoch: 2759, Loss: 5.735186576843262
Epoch: 2760, Loss: 5.751715660095215
Test acc: 0.0154, IC acc: 0.0157, IC acc2: 0.003, IW acc: 0.0036
Epoch: 2761, Loss: 5.721868515014648
Epoch: 2762, Loss: 5.710494518280029
Epoch: 2763, Loss: 5.727145195007324
Epoch: 2764, Loss: 5.7305097579956055
Epoch: 2765, Loss: 5.718261241912842
Epoch: 2766, Loss: 5.720029354095459
Epoch: 2767, Loss: 5.722598075866699
Epoch: 2768, Loss: 5.732117652893066
Epoch: 2769, Loss: 5.731502532958984
Epoch: 2770, Loss: 5.722378253936768
Test acc: 0.0154, IC acc: 0.0158, IC acc2: 0.003, IW acc: 0.0036
Epoch: 2771, Loss: 5.725339889526367
Epoch: 2772, Loss: 5.733813762664795
Epoch: 2773, Loss: 5.734836101531982
Epoch: 2774, Loss: 5.702092170715332
Epoch: 2775, Loss: 5.725281238555908
Epoch: 2776, Loss: 5.722504615783691
Epoch: 2777, Loss: 5.733301162719727
Epoch: 2778, Loss: 5.726213455200195
Epoch: 2779, Loss: 5.719784259796143
Epoch: 2780, Loss: 5.735775947570801
Test acc: 0.0155, IC acc: 0.0159, IC acc2: 0.0031, IW acc: 0.0037
Epoch: 2781, Loss: 5.718357086181641
Epoch: 2782, Loss: 5.739518165588379
Epoch: 2783, Loss: 5.730358123779297
Epoch: 2784, Loss: 5.719663619995117
Epoch: 2785, Loss: 5.720975399017334
Epoch: 2786, Loss: 5.7290239334106445
Epoch: 2787, Loss: 5.713957786560059
Epoch: 2788, Loss: 5.733217239379883
Epoch: 2789, Loss: 5.725557327270508
Epoch: 2790, Loss: 5.735673904418945
Test acc: 0.0155, IC acc: 0.016, IC acc2: 0.0031, IW acc: 0.0036
Epoch: 2791, Loss: 5.722644805908203
Epoch: 2792, Loss: 5.722323417663574
Epoch: 2793, Loss: 5.733279228210449
Epoch: 2794, Loss: 5.73798942565918
Epoch: 2795, Loss: 5.720935821533203
Epoch: 2796, Loss: 5.724938869476318
Epoch: 2797, Loss: 5.743833065032959
Epoch: 2798, Loss: 5.724430561065674
Epoch: 2799, Loss: 5.724982261657715
./circuit_plots/Unrestricted Disentangled|Readout|CN=1|B0=0|B1=1|K=1280|L=320|p_B=0.75|p_C=0.75|B=2|eps=0|35ad5445-c154-4cea-8e18-983bdf361c37/ already exists.
./circuit_plots/Unrestricted Disentangled|Readout|CN=1|B0=0|B1=1|K=1280|L=320|p_B=0.75|p_C=0.75|B=2|eps=0|35ad5445-c154-4cea-8e18-983bdf361c37/ already exists.
./circuit_plots/Unrestricted Disentangled|Readout|CN=1|B0=0|B1=1|K=1280|L=320|p_B=0.75|p_C=0.75|B=2|eps=0|35ad5445-c154-4cea-8e18-983bdf361c37/ already exists.
./circuit_plots/Unrestricted Disentangled|Readout|CN=1|B0=0|B1=1|K=1280|L=320|p_B=0.75|p_C=0.75|B=2|eps=0|35ad5445-c154-4cea-8e18-983bdf361c37/ already exists.
./circuit_plots/Unrestricted Disentangled|Readout|CN=1|B0=0|B1=1|K=1280|L=320|p_B=0.75|p_C=0.75|B=2|eps=0|35ad5445-c154-4cea-8e18-983bdf361c37/ already exists.
./circuit_plots/Unrestricted Disentangled|Readout|CN=1|B0=0|B1=1|K=1280|L=320|p_B=0.75|p_C=0.75|B=2|eps=0|35ad5445-c154-4cea-8e18-983bdf361c37/ already exists.
./circuit_plots/Unrestricted Disentangled|Readout|CN=1|B0=0|B1=1|K=1280|L=320|p_B=0.75|p_C=0.75|B=2|eps=0|35ad5445-c154-4cea-8e18-983bdf361c37/ already exists.
Epoch: 2800, Loss: 5.726107597351074
Test acc: 0.0156, IC acc: 0.0161, IC acc2: 0.0031, IW acc: 0.0037
Epoch: 2801, Loss: 5.7283711433410645
Epoch: 2802, Loss: 5.720765113830566
Epoch: 2803, Loss: 5.735091209411621
Epoch: 2804, Loss: 5.736272811889648
Epoch: 2805, Loss: 5.729925155639648
Epoch: 2806, Loss: 5.730928421020508
Epoch: 2807, Loss: 5.7154645919799805
Epoch: 2808, Loss: 5.736926078796387
Epoch: 2809, Loss: 5.7261857986450195
Epoch: 2810, Loss: 5.733941078186035
Test acc: 0.0158, IC acc: 0.0163, IC acc2: 0.0031, IW acc: 0.0038
Epoch: 2811, Loss: 5.714846611022949
Epoch: 2812, Loss: 5.714394569396973
Epoch: 2813, Loss: 5.7306647300720215
Epoch: 2814, Loss: 5.718358516693115
Epoch: 2815, Loss: 5.74515438079834
Epoch: 2816, Loss: 5.728787422180176
Epoch: 2817, Loss: 5.715391635894775
Epoch: 2818, Loss: 5.726498603820801
Epoch: 2819, Loss: 5.732830047607422
Epoch: 2820, Loss: 5.727190971374512
Test acc: 0.016, IC acc: 0.0163, IC acc2: 0.0031, IW acc: 0.0038
Epoch: 2821, Loss: 5.73710298538208
Epoch: 2822, Loss: 5.721554756164551
Epoch: 2823, Loss: 5.725217819213867
Epoch: 2824, Loss: 5.717161655426025
Epoch: 2825, Loss: 5.716766357421875
Epoch: 2826, Loss: 5.717128753662109
Epoch: 2827, Loss: 5.73002290725708
Epoch: 2828, Loss: 5.7285356521606445
Epoch: 2829, Loss: 5.722243309020996
Epoch: 2830, Loss: 5.722071647644043
Test acc: 0.0159, IC acc: 0.0165, IC acc2: 0.0031, IW acc: 0.0038
Epoch: 2831, Loss: 5.728759288787842
Epoch: 2832, Loss: 5.722679138183594
Epoch: 2833, Loss: 5.722792625427246
Epoch: 2834, Loss: 5.727169990539551
Epoch: 2835, Loss: 5.726396083831787
Epoch: 2836, Loss: 5.70651912689209
Epoch: 2837, Loss: 5.733473777770996
Epoch: 2838, Loss: 5.72908353805542
Epoch: 2839, Loss: 5.725892066955566
Epoch: 2840, Loss: 5.727274417877197
Test acc: 0.0158, IC acc: 0.0166, IC acc2: 0.0031, IW acc: 0.0039
Epoch: 2841, Loss: 5.715976715087891
Epoch: 2842, Loss: 5.724048614501953
Epoch: 2843, Loss: 5.723822593688965
Epoch: 2844, Loss: 5.719135761260986
Epoch: 2845, Loss: 5.747529029846191
Epoch: 2846, Loss: 5.715432643890381
Epoch: 2847, Loss: 5.719686031341553
Epoch: 2848, Loss: 5.723992347717285
Epoch: 2849, Loss: 5.729156017303467
./circuit_plots/Unrestricted Disentangled|Readout|CN=1|B0=0|B1=1|K=1280|L=320|p_B=0.75|p_C=0.75|B=2|eps=0|35ad5445-c154-4cea-8e18-983bdf361c37/ already exists.
./circuit_plots/Unrestricted Disentangled|Readout|CN=1|B0=0|B1=1|K=1280|L=320|p_B=0.75|p_C=0.75|B=2|eps=0|35ad5445-c154-4cea-8e18-983bdf361c37/ already exists.
./circuit_plots/Unrestricted Disentangled|Readout|CN=1|B0=0|B1=1|K=1280|L=320|p_B=0.75|p_C=0.75|B=2|eps=0|35ad5445-c154-4cea-8e18-983bdf361c37/ already exists.
./circuit_plots/Unrestricted Disentangled|Readout|CN=1|B0=0|B1=1|K=1280|L=320|p_B=0.75|p_C=0.75|B=2|eps=0|35ad5445-c154-4cea-8e18-983bdf361c37/ already exists.
./circuit_plots/Unrestricted Disentangled|Readout|CN=1|B0=0|B1=1|K=1280|L=320|p_B=0.75|p_C=0.75|B=2|eps=0|35ad5445-c154-4cea-8e18-983bdf361c37/ already exists.
./circuit_plots/Unrestricted Disentangled|Readout|CN=1|B0=0|B1=1|K=1280|L=320|p_B=0.75|p_C=0.75|B=2|eps=0|35ad5445-c154-4cea-8e18-983bdf361c37/ already exists.
./circuit_plots/Unrestricted Disentangled|Readout|CN=1|B0=0|B1=1|K=1280|L=320|p_B=0.75|p_C=0.75|B=2|eps=0|35ad5445-c154-4cea-8e18-983bdf361c37/ already exists.
Epoch: 2850, Loss: 5.721981525421143
Test acc: 0.0159, IC acc: 0.0165, IC acc2: 0.0031, IW acc: 0.0038
Epoch: 2851, Loss: 5.727163791656494
Epoch: 2852, Loss: 5.702363967895508
Epoch: 2853, Loss: 5.7236223220825195
Epoch: 2854, Loss: 5.719738006591797
Epoch: 2855, Loss: 5.721973419189453
Epoch: 2856, Loss: 5.727428436279297
Epoch: 2857, Loss: 5.731539726257324
Epoch: 2858, Loss: 5.729823589324951
Epoch: 2859, Loss: 5.728094577789307
Epoch: 2860, Loss: 5.707029342651367
Test acc: 0.0161, IC acc: 0.0165, IC acc2: 0.0032, IW acc: 0.0038
Epoch: 2861, Loss: 5.739171981811523
Epoch: 2862, Loss: 5.724532127380371
Epoch: 2863, Loss: 5.718482971191406
Epoch: 2864, Loss: 5.729430675506592
Epoch: 2865, Loss: 5.7285380363464355
Epoch: 2866, Loss: 5.698003768920898
Epoch: 2867, Loss: 5.735495090484619
Epoch: 2868, Loss: 5.725661754608154
Epoch: 2869, Loss: 5.734556198120117
Epoch: 2870, Loss: 5.714432716369629
Test acc: 0.0159, IC acc: 0.0167, IC acc2: 0.0032, IW acc: 0.0038
Epoch: 2871, Loss: 5.718722820281982
Epoch: 2872, Loss: 5.729791641235352
Epoch: 2873, Loss: 5.7263970375061035
Epoch: 2874, Loss: 5.725807189941406
Epoch: 2875, Loss: 5.726705551147461
Epoch: 2876, Loss: 5.733489990234375
Epoch: 2877, Loss: 5.728835105895996
Epoch: 2878, Loss: 5.72680139541626
Epoch: 2879, Loss: 5.716387748718262
Epoch: 2880, Loss: 5.723862648010254
Test acc: 0.0161, IC acc: 0.017, IC acc2: 0.0032, IW acc: 0.0038
Epoch: 2881, Loss: 5.710935592651367
Epoch: 2882, Loss: 5.727433681488037
Epoch: 2883, Loss: 5.7284746170043945
Epoch: 2884, Loss: 5.72695255279541
Epoch: 2885, Loss: 5.7155914306640625
Epoch: 2886, Loss: 5.72518253326416
Epoch: 2887, Loss: 5.728981018066406
Epoch: 2888, Loss: 5.734767913818359
Epoch: 2889, Loss: 5.712154388427734
Epoch: 2890, Loss: 5.712393283843994
Test acc: 0.016, IC acc: 0.0173, IC acc2: 0.0032, IW acc: 0.0038
Epoch: 2891, Loss: 5.713503360748291
Epoch: 2892, Loss: 5.718372344970703
Epoch: 2893, Loss: 5.722790718078613
Epoch: 2894, Loss: 5.732434272766113
Epoch: 2895, Loss: 5.731159687042236
Epoch: 2896, Loss: 5.725968360900879
Epoch: 2897, Loss: 5.717458724975586
Epoch: 2898, Loss: 5.723085403442383
Epoch: 2899, Loss: 5.726601600646973
./circuit_plots/Unrestricted Disentangled|Readout|CN=1|B0=0|B1=1|K=1280|L=320|p_B=0.75|p_C=0.75|B=2|eps=0|35ad5445-c154-4cea-8e18-983bdf361c37/ already exists.
./circuit_plots/Unrestricted Disentangled|Readout|CN=1|B0=0|B1=1|K=1280|L=320|p_B=0.75|p_C=0.75|B=2|eps=0|35ad5445-c154-4cea-8e18-983bdf361c37/ already exists.
./circuit_plots/Unrestricted Disentangled|Readout|CN=1|B0=0|B1=1|K=1280|L=320|p_B=0.75|p_C=0.75|B=2|eps=0|35ad5445-c154-4cea-8e18-983bdf361c37/ already exists.
./circuit_plots/Unrestricted Disentangled|Readout|CN=1|B0=0|B1=1|K=1280|L=320|p_B=0.75|p_C=0.75|B=2|eps=0|35ad5445-c154-4cea-8e18-983bdf361c37/ already exists.
./circuit_plots/Unrestricted Disentangled|Readout|CN=1|B0=0|B1=1|K=1280|L=320|p_B=0.75|p_C=0.75|B=2|eps=0|35ad5445-c154-4cea-8e18-983bdf361c37/ already exists.
./circuit_plots/Unrestricted Disentangled|Readout|CN=1|B0=0|B1=1|K=1280|L=320|p_B=0.75|p_C=0.75|B=2|eps=0|35ad5445-c154-4cea-8e18-983bdf361c37/ already exists.
./circuit_plots/Unrestricted Disentangled|Readout|CN=1|B0=0|B1=1|K=1280|L=320|p_B=0.75|p_C=0.75|B=2|eps=0|35ad5445-c154-4cea-8e18-983bdf361c37/ already exists.
Epoch: 2900, Loss: 5.72300386428833
Test acc: 0.0162, IC acc: 0.0175, IC acc2: 0.0032, IW acc: 0.0037
Epoch: 2901, Loss: 5.739927291870117
Epoch: 2902, Loss: 5.729502201080322
Epoch: 2903, Loss: 5.721255779266357
Epoch: 2904, Loss: 5.73060417175293
Epoch: 2905, Loss: 5.717052459716797
Epoch: 2906, Loss: 5.7088518142700195
Epoch: 2907, Loss: 5.723237037658691
Epoch: 2908, Loss: 5.738920211791992
Epoch: 2909, Loss: 5.721223831176758
Epoch: 2910, Loss: 5.716485023498535
Test acc: 0.0162, IC acc: 0.0177, IC acc2: 0.0032, IW acc: 0.0038
Epoch: 2911, Loss: 5.721743583679199
Epoch: 2912, Loss: 5.727940559387207
Epoch: 2913, Loss: 5.722658634185791
Epoch: 2914, Loss: 5.709537506103516
Epoch: 2915, Loss: 5.72841215133667
Epoch: 2916, Loss: 5.726274013519287
Epoch: 2917, Loss: 5.720032691955566
Epoch: 2918, Loss: 5.712360858917236
Epoch: 2919, Loss: 5.70822286605835
Epoch: 2920, Loss: 5.732695579528809
Test acc: 0.0166, IC acc: 0.0177, IC acc2: 0.0032, IW acc: 0.0038
Epoch: 2921, Loss: 5.7229766845703125
Epoch: 2922, Loss: 5.718025207519531
Epoch: 2923, Loss: 5.731935977935791
Epoch: 2924, Loss: 5.7217206954956055
Epoch: 2925, Loss: 5.713031768798828
Epoch: 2926, Loss: 5.726261615753174
Epoch: 2927, Loss: 5.721028804779053
Epoch: 2928, Loss: 5.728941917419434
Epoch: 2929, Loss: 5.736208915710449
Epoch: 2930, Loss: 5.71262264251709
Test acc: 0.0167, IC acc: 0.0176, IC acc2: 0.0032, IW acc: 0.0038
Epoch: 2931, Loss: 5.737453460693359
Epoch: 2932, Loss: 5.718560695648193
Epoch: 2933, Loss: 5.70582389831543
Epoch: 2934, Loss: 5.731794357299805
Epoch: 2935, Loss: 5.717264175415039
Epoch: 2936, Loss: 5.732457160949707
Epoch: 2937, Loss: 5.725332260131836
Epoch: 2938, Loss: 5.72271728515625
Epoch: 2939, Loss: 5.706097602844238
Epoch: 2940, Loss: 5.728976726531982
Test acc: 0.0167, IC acc: 0.0177, IC acc2: 0.0032, IW acc: 0.0038
Epoch: 2941, Loss: 5.713372230529785
Epoch: 2942, Loss: 5.715884208679199
Epoch: 2943, Loss: 5.724712371826172
Epoch: 2944, Loss: 5.724062442779541
Epoch: 2945, Loss: 5.7276530265808105
Epoch: 2946, Loss: 5.723837375640869
Epoch: 2947, Loss: 5.716707229614258
Epoch: 2948, Loss: 5.712703227996826
Epoch: 2949, Loss: 5.70881462097168
./circuit_plots/Unrestricted Disentangled|Readout|CN=1|B0=0|B1=1|K=1280|L=320|p_B=0.75|p_C=0.75|B=2|eps=0|35ad5445-c154-4cea-8e18-983bdf361c37/ already exists.
./circuit_plots/Unrestricted Disentangled|Readout|CN=1|B0=0|B1=1|K=1280|L=320|p_B=0.75|p_C=0.75|B=2|eps=0|35ad5445-c154-4cea-8e18-983bdf361c37/ already exists.
./circuit_plots/Unrestricted Disentangled|Readout|CN=1|B0=0|B1=1|K=1280|L=320|p_B=0.75|p_C=0.75|B=2|eps=0|35ad5445-c154-4cea-8e18-983bdf361c37/ already exists.
./circuit_plots/Unrestricted Disentangled|Readout|CN=1|B0=0|B1=1|K=1280|L=320|p_B=0.75|p_C=0.75|B=2|eps=0|35ad5445-c154-4cea-8e18-983bdf361c37/ already exists.
./circuit_plots/Unrestricted Disentangled|Readout|CN=1|B0=0|B1=1|K=1280|L=320|p_B=0.75|p_C=0.75|B=2|eps=0|35ad5445-c154-4cea-8e18-983bdf361c37/ already exists.
./circuit_plots/Unrestricted Disentangled|Readout|CN=1|B0=0|B1=1|K=1280|L=320|p_B=0.75|p_C=0.75|B=2|eps=0|35ad5445-c154-4cea-8e18-983bdf361c37/ already exists.
./circuit_plots/Unrestricted Disentangled|Readout|CN=1|B0=0|B1=1|K=1280|L=320|p_B=0.75|p_C=0.75|B=2|eps=0|35ad5445-c154-4cea-8e18-983bdf361c37/ already exists.
Epoch: 2950, Loss: 5.7098069190979
Test acc: 0.0168, IC acc: 0.0179, IC acc2: 0.0032, IW acc: 0.0037
Epoch: 2951, Loss: 5.729687213897705
Epoch: 2952, Loss: 5.7263946533203125
Epoch: 2953, Loss: 5.718416213989258
Epoch: 2954, Loss: 5.727693557739258
Epoch: 2955, Loss: 5.724921226501465
Epoch: 2956, Loss: 5.715566635131836
Epoch: 2957, Loss: 5.712843894958496
Epoch: 2958, Loss: 5.717989921569824
Epoch: 2959, Loss: 5.719735145568848
Epoch: 2960, Loss: 5.7276105880737305
Test acc: 0.0167, IC acc: 0.018, IC acc2: 0.0032, IW acc: 0.0037
Epoch: 2961, Loss: 5.725995063781738
Epoch: 2962, Loss: 5.710887908935547
Epoch: 2963, Loss: 5.729151248931885
Epoch: 2964, Loss: 5.727540016174316
Epoch: 2965, Loss: 5.718944072723389
Epoch: 2966, Loss: 5.727919578552246
Epoch: 2967, Loss: 5.723694801330566
Epoch: 2968, Loss: 5.728400230407715
Epoch: 2969, Loss: 5.717627048492432
Epoch: 2970, Loss: 5.71785306930542
Test acc: 0.017, IC acc: 0.0181, IC acc2: 0.0032, IW acc: 0.0037
Epoch: 2971, Loss: 5.723937511444092
Epoch: 2972, Loss: 5.730553150177002
Epoch: 2973, Loss: 5.719491004943848
Epoch: 2974, Loss: 5.728528022766113
Epoch: 2975, Loss: 5.720156192779541
Epoch: 2976, Loss: 5.732999801635742
Epoch: 2977, Loss: 5.71639347076416
Epoch: 2978, Loss: 5.714476585388184
Epoch: 2979, Loss: 5.726832389831543
Epoch: 2980, Loss: 5.729389190673828
Test acc: 0.017, IC acc: 0.0181, IC acc2: 0.0032, IW acc: 0.0039
Epoch: 2981, Loss: 5.714704990386963
Epoch: 2982, Loss: 5.728404998779297
Epoch: 2983, Loss: 5.7118449211120605
Epoch: 2984, Loss: 5.7209625244140625
Epoch: 2985, Loss: 5.709075450897217
Epoch: 2986, Loss: 5.730429649353027
Epoch: 2987, Loss: 5.723073959350586
Epoch: 2988, Loss: 5.721121788024902
Epoch: 2989, Loss: 5.727260589599609
Epoch: 2990, Loss: 5.699706077575684
Test acc: 0.0172, IC acc: 0.0182, IC acc2: 0.0032, IW acc: 0.0038
Epoch: 2991, Loss: 5.729525566101074
Epoch: 2992, Loss: 5.737096786499023
Epoch: 2993, Loss: 5.738981246948242
Epoch: 2994, Loss: 5.717994213104248
Epoch: 2995, Loss: 5.729837417602539
Epoch: 2996, Loss: 5.721925735473633
Epoch: 2997, Loss: 5.717560768127441
Epoch: 2998, Loss: 5.718296527862549
Epoch: 2999, Loss: 5.716632843017578
./circuit_plots/Unrestricted Disentangled|Readout|CN=1|B0=0|B1=1|K=1280|L=320|p_B=0.75|p_C=0.75|B=2|eps=0|35ad5445-c154-4cea-8e18-983bdf361c37/ already exists.
./circuit_plots/Unrestricted Disentangled|Readout|CN=1|B0=0|B1=1|K=1280|L=320|p_B=0.75|p_C=0.75|B=2|eps=0|35ad5445-c154-4cea-8e18-983bdf361c37/ already exists.
./circuit_plots/Unrestricted Disentangled|Readout|CN=1|B0=0|B1=1|K=1280|L=320|p_B=0.75|p_C=0.75|B=2|eps=0|35ad5445-c154-4cea-8e18-983bdf361c37/ already exists.
./circuit_plots/Unrestricted Disentangled|Readout|CN=1|B0=0|B1=1|K=1280|L=320|p_B=0.75|p_C=0.75|B=2|eps=0|35ad5445-c154-4cea-8e18-983bdf361c37/ already exists.
./circuit_plots/Unrestricted Disentangled|Readout|CN=1|B0=0|B1=1|K=1280|L=320|p_B=0.75|p_C=0.75|B=2|eps=0|35ad5445-c154-4cea-8e18-983bdf361c37/ already exists.
./circuit_plots/Unrestricted Disentangled|Readout|CN=1|B0=0|B1=1|K=1280|L=320|p_B=0.75|p_C=0.75|B=2|eps=0|35ad5445-c154-4cea-8e18-983bdf361c37/ already exists.
./circuit_plots/Unrestricted Disentangled|Readout|CN=1|B0=0|B1=1|K=1280|L=320|p_B=0.75|p_C=0.75|B=2|eps=0|35ad5445-c154-4cea-8e18-983bdf361c37/ already exists.
Epoch: 3000, Loss: 5.713705062866211
Test acc: 0.0173, IC acc: 0.0184, IC acc2: 0.0032, IW acc: 0.0038
Epoch: 3001, Loss: 5.732029438018799
Epoch: 3002, Loss: 5.718329429626465
Epoch: 3003, Loss: 5.731571197509766
Epoch: 3004, Loss: 5.721277713775635
Epoch: 3005, Loss: 5.7215423583984375
Epoch: 3006, Loss: 5.7201972007751465
Epoch: 3007, Loss: 5.723361968994141
Epoch: 3008, Loss: 5.702240943908691
Epoch: 3009, Loss: 5.718410491943359
Epoch: 3010, Loss: 5.724806785583496
Test acc: 0.0172, IC acc: 0.0185, IC acc2: 0.0032, IW acc: 0.0038
Epoch: 3011, Loss: 5.714531898498535
Epoch: 3012, Loss: 5.717332363128662
Epoch: 3013, Loss: 5.729593276977539
Epoch: 3014, Loss: 5.723477840423584
Epoch: 3015, Loss: 5.724644184112549
Epoch: 3016, Loss: 5.730343818664551
Epoch: 3017, Loss: 5.721312046051025
Epoch: 3018, Loss: 5.726807594299316
Epoch: 3019, Loss: 5.718729019165039
Epoch: 3020, Loss: 5.72911262512207
Test acc: 0.0172, IC acc: 0.0186, IC acc2: 0.0032, IW acc: 0.0038
Epoch: 3021, Loss: 5.730528831481934
Epoch: 3022, Loss: 5.703884124755859
Epoch: 3023, Loss: 5.7333083152771
Epoch: 3024, Loss: 5.735911846160889
Epoch: 3025, Loss: 5.718226432800293
Epoch: 3026, Loss: 5.732891082763672
Epoch: 3027, Loss: 5.72001838684082
Epoch: 3028, Loss: 5.729665756225586
Epoch: 3029, Loss: 5.718142509460449
Epoch: 3030, Loss: 5.725200176239014
Test acc: 0.0172, IC acc: 0.0187, IC acc2: 0.0032, IW acc: 0.0038
Epoch: 3031, Loss: 5.725582122802734
Epoch: 3032, Loss: 5.726720809936523
Epoch: 3033, Loss: 5.72355842590332
Epoch: 3034, Loss: 5.725332736968994
Epoch: 3035, Loss: 5.733736038208008
Epoch: 3036, Loss: 5.739752292633057
Epoch: 3037, Loss: 5.726133823394775
Epoch: 3038, Loss: 5.723044395446777
Epoch: 3039, Loss: 5.726480484008789
Epoch: 3040, Loss: 5.712059020996094
Test acc: 0.0172, IC acc: 0.0187, IC acc2: 0.0032, IW acc: 0.0035
Epoch: 3041, Loss: 5.716385841369629
Epoch: 3042, Loss: 5.719484806060791
Epoch: 3043, Loss: 5.713496208190918
Epoch: 3044, Loss: 5.729068279266357
Epoch: 3045, Loss: 5.725368022918701
Epoch: 3046, Loss: 5.719552040100098
Epoch: 3047, Loss: 5.729466915130615
Epoch: 3048, Loss: 5.734443187713623
Epoch: 3049, Loss: 5.726006984710693
./circuit_plots/Unrestricted Disentangled|Readout|CN=1|B0=0|B1=1|K=1280|L=320|p_B=0.75|p_C=0.75|B=2|eps=0|35ad5445-c154-4cea-8e18-983bdf361c37/ already exists.
./circuit_plots/Unrestricted Disentangled|Readout|CN=1|B0=0|B1=1|K=1280|L=320|p_B=0.75|p_C=0.75|B=2|eps=0|35ad5445-c154-4cea-8e18-983bdf361c37/ already exists.
./circuit_plots/Unrestricted Disentangled|Readout|CN=1|B0=0|B1=1|K=1280|L=320|p_B=0.75|p_C=0.75|B=2|eps=0|35ad5445-c154-4cea-8e18-983bdf361c37/ already exists.
./circuit_plots/Unrestricted Disentangled|Readout|CN=1|B0=0|B1=1|K=1280|L=320|p_B=0.75|p_C=0.75|B=2|eps=0|35ad5445-c154-4cea-8e18-983bdf361c37/ already exists.
./circuit_plots/Unrestricted Disentangled|Readout|CN=1|B0=0|B1=1|K=1280|L=320|p_B=0.75|p_C=0.75|B=2|eps=0|35ad5445-c154-4cea-8e18-983bdf361c37/ already exists.
./circuit_plots/Unrestricted Disentangled|Readout|CN=1|B0=0|B1=1|K=1280|L=320|p_B=0.75|p_C=0.75|B=2|eps=0|35ad5445-c154-4cea-8e18-983bdf361c37/ already exists.
./circuit_plots/Unrestricted Disentangled|Readout|CN=1|B0=0|B1=1|K=1280|L=320|p_B=0.75|p_C=0.75|B=2|eps=0|35ad5445-c154-4cea-8e18-983bdf361c37/ already exists.
Epoch: 3050, Loss: 5.721106052398682
Test acc: 0.0174, IC acc: 0.0188, IC acc2: 0.0032, IW acc: 0.0035
Epoch: 3051, Loss: 5.711253643035889
Epoch: 3052, Loss: 5.707476615905762
Epoch: 3053, Loss: 5.707825660705566
Epoch: 3054, Loss: 5.7155537605285645
Epoch: 3055, Loss: 5.734135150909424
Epoch: 3056, Loss: 5.7321085929870605
Epoch: 3057, Loss: 5.724358558654785
Epoch: 3058, Loss: 5.711118698120117
Epoch: 3059, Loss: 5.732763767242432
Epoch: 3060, Loss: 5.722934722900391
Test acc: 0.0176, IC acc: 0.0189, IC acc2: 0.0032, IW acc: 0.0037
Epoch: 3061, Loss: 5.731281280517578
Epoch: 3062, Loss: 5.7246551513671875
Epoch: 3063, Loss: 5.729360580444336
Epoch: 3064, Loss: 5.723511695861816
Epoch: 3065, Loss: 5.691585540771484
Epoch: 3066, Loss: 5.723404407501221
Epoch: 3067, Loss: 5.719024658203125
Epoch: 3068, Loss: 5.720208644866943
Epoch: 3069, Loss: 5.7239909172058105
Epoch: 3070, Loss: 5.721886157989502
Test acc: 0.0177, IC acc: 0.0192, IC acc2: 0.0033, IW acc: 0.0037
Epoch: 3071, Loss: 5.720923900604248
Epoch: 3072, Loss: 5.723458290100098
Epoch: 3073, Loss: 5.70650577545166
Epoch: 3074, Loss: 5.713057994842529
Epoch: 3075, Loss: 5.72206974029541
Epoch: 3076, Loss: 5.727002143859863
Epoch: 3077, Loss: 5.709469318389893
Epoch: 3078, Loss: 5.724969863891602
Epoch: 3079, Loss: 5.711121559143066
Epoch: 3080, Loss: 5.7224884033203125
Test acc: 0.0177, IC acc: 0.0193, IC acc2: 0.0032, IW acc: 0.0037
Epoch: 3081, Loss: 5.740795135498047
Epoch: 3082, Loss: 5.733057022094727
Epoch: 3083, Loss: 5.727587699890137
Epoch: 3084, Loss: 5.736282825469971
Epoch: 3085, Loss: 5.7070512771606445
Epoch: 3086, Loss: 5.733183860778809
Epoch: 3087, Loss: 5.725225448608398
Epoch: 3088, Loss: 5.721114635467529
Epoch: 3089, Loss: 5.727474689483643
Epoch: 3090, Loss: 5.698340892791748
Test acc: 0.0178, IC acc: 0.0194, IC acc2: 0.0032, IW acc: 0.0037
Epoch: 3091, Loss: 5.72434139251709
Epoch: 3092, Loss: 5.706148147583008
Epoch: 3093, Loss: 5.726779460906982
Epoch: 3094, Loss: 5.712079048156738
Epoch: 3095, Loss: 5.719531059265137
Epoch: 3096, Loss: 5.707566261291504
Epoch: 3097, Loss: 5.724648475646973
Epoch: 3098, Loss: 5.718356132507324
Epoch: 3099, Loss: 5.713328838348389
./circuit_plots/Unrestricted Disentangled|Readout|CN=1|B0=0|B1=1|K=1280|L=320|p_B=0.75|p_C=0.75|B=2|eps=0|35ad5445-c154-4cea-8e18-983bdf361c37/ already exists.
./circuit_plots/Unrestricted Disentangled|Readout|CN=1|B0=0|B1=1|K=1280|L=320|p_B=0.75|p_C=0.75|B=2|eps=0|35ad5445-c154-4cea-8e18-983bdf361c37/ already exists.
./circuit_plots/Unrestricted Disentangled|Readout|CN=1|B0=0|B1=1|K=1280|L=320|p_B=0.75|p_C=0.75|B=2|eps=0|35ad5445-c154-4cea-8e18-983bdf361c37/ already exists.
./circuit_plots/Unrestricted Disentangled|Readout|CN=1|B0=0|B1=1|K=1280|L=320|p_B=0.75|p_C=0.75|B=2|eps=0|35ad5445-c154-4cea-8e18-983bdf361c37/ already exists.
./circuit_plots/Unrestricted Disentangled|Readout|CN=1|B0=0|B1=1|K=1280|L=320|p_B=0.75|p_C=0.75|B=2|eps=0|35ad5445-c154-4cea-8e18-983bdf361c37/ already exists.
./circuit_plots/Unrestricted Disentangled|Readout|CN=1|B0=0|B1=1|K=1280|L=320|p_B=0.75|p_C=0.75|B=2|eps=0|35ad5445-c154-4cea-8e18-983bdf361c37/ already exists.
./circuit_plots/Unrestricted Disentangled|Readout|CN=1|B0=0|B1=1|K=1280|L=320|p_B=0.75|p_C=0.75|B=2|eps=0|35ad5445-c154-4cea-8e18-983bdf361c37/ already exists.
Epoch: 3100, Loss: 5.72608757019043
Test acc: 0.018, IC acc: 0.0194, IC acc2: 0.0032, IW acc: 0.0037
Epoch: 3101, Loss: 5.719719409942627
Epoch: 3102, Loss: 5.716692924499512
Epoch: 3103, Loss: 5.715079307556152
Epoch: 3104, Loss: 5.716350555419922
Epoch: 3105, Loss: 5.734235763549805
Epoch: 3106, Loss: 5.717269420623779
Epoch: 3107, Loss: 5.714248180389404
Epoch: 3108, Loss: 5.718661308288574
Epoch: 3109, Loss: 5.709646701812744
Epoch: 3110, Loss: 5.716468811035156
Test acc: 0.018, IC acc: 0.0193, IC acc2: 0.0032, IW acc: 0.0037
Epoch: 3111, Loss: 5.720267295837402
Epoch: 3112, Loss: 5.71469783782959
Epoch: 3113, Loss: 5.714073181152344
Epoch: 3114, Loss: 5.713113307952881
Epoch: 3115, Loss: 5.732495307922363
Epoch: 3116, Loss: 5.717316150665283
Epoch: 3117, Loss: 5.7322235107421875
Epoch: 3118, Loss: 5.718996047973633
Epoch: 3119, Loss: 5.713491439819336
Epoch: 3120, Loss: 5.717746257781982
Test acc: 0.0182, IC acc: 0.0195, IC acc2: 0.0031, IW acc: 0.0036
Epoch: 3121, Loss: 5.732776165008545
Epoch: 3122, Loss: 5.723193168640137
Epoch: 3123, Loss: 5.728971481323242
Epoch: 3124, Loss: 5.716866493225098
Epoch: 3125, Loss: 5.7278056144714355
Epoch: 3126, Loss: 5.721445560455322
Epoch: 3127, Loss: 5.712408065795898
Epoch: 3128, Loss: 5.7346720695495605
Epoch: 3129, Loss: 5.726675987243652
Epoch: 3130, Loss: 5.715725898742676
Test acc: 0.0183, IC acc: 0.0195, IC acc2: 0.0031, IW acc: 0.0035
Epoch: 3131, Loss: 5.719089508056641
Epoch: 3132, Loss: 5.723076820373535
Epoch: 3133, Loss: 5.705924987792969
Epoch: 3134, Loss: 5.713959693908691
Epoch: 3135, Loss: 5.727975845336914
Epoch: 3136, Loss: 5.7083210945129395
Epoch: 3137, Loss: 5.7442193031311035
Epoch: 3138, Loss: 5.71927547454834
Epoch: 3139, Loss: 5.722044467926025
Epoch: 3140, Loss: 5.710564613342285
Test acc: 0.0183, IC acc: 0.0195, IC acc2: 0.0031, IW acc: 0.0035
Epoch: 3141, Loss: 5.730107307434082
Epoch: 3142, Loss: 5.7182159423828125
Epoch: 3143, Loss: 5.729738235473633
Epoch: 3144, Loss: 5.719390392303467
Epoch: 3145, Loss: 5.733236789703369
Epoch: 3146, Loss: 5.7129082679748535
Epoch: 3147, Loss: 5.707272529602051
Epoch: 3148, Loss: 5.737913131713867
Epoch: 3149, Loss: 5.719564437866211
./circuit_plots/Unrestricted Disentangled|Readout|CN=1|B0=0|B1=1|K=1280|L=320|p_B=0.75|p_C=0.75|B=2|eps=0|35ad5445-c154-4cea-8e18-983bdf361c37/ already exists.
./circuit_plots/Unrestricted Disentangled|Readout|CN=1|B0=0|B1=1|K=1280|L=320|p_B=0.75|p_C=0.75|B=2|eps=0|35ad5445-c154-4cea-8e18-983bdf361c37/ already exists.
./circuit_plots/Unrestricted Disentangled|Readout|CN=1|B0=0|B1=1|K=1280|L=320|p_B=0.75|p_C=0.75|B=2|eps=0|35ad5445-c154-4cea-8e18-983bdf361c37/ already exists.
./circuit_plots/Unrestricted Disentangled|Readout|CN=1|B0=0|B1=1|K=1280|L=320|p_B=0.75|p_C=0.75|B=2|eps=0|35ad5445-c154-4cea-8e18-983bdf361c37/ already exists.
./circuit_plots/Unrestricted Disentangled|Readout|CN=1|B0=0|B1=1|K=1280|L=320|p_B=0.75|p_C=0.75|B=2|eps=0|35ad5445-c154-4cea-8e18-983bdf361c37/ already exists.
./circuit_plots/Unrestricted Disentangled|Readout|CN=1|B0=0|B1=1|K=1280|L=320|p_B=0.75|p_C=0.75|B=2|eps=0|35ad5445-c154-4cea-8e18-983bdf361c37/ already exists.
./circuit_plots/Unrestricted Disentangled|Readout|CN=1|B0=0|B1=1|K=1280|L=320|p_B=0.75|p_C=0.75|B=2|eps=0|35ad5445-c154-4cea-8e18-983bdf361c37/ already exists.
Epoch: 3150, Loss: 5.719376564025879
Test acc: 0.0183, IC acc: 0.0195, IC acc2: 0.0031, IW acc: 0.0034
Epoch: 3151, Loss: 5.729314804077148
Epoch: 3152, Loss: 5.726102828979492
Epoch: 3153, Loss: 5.711526393890381
Epoch: 3154, Loss: 5.7306108474731445
Epoch: 3155, Loss: 5.715694427490234
Epoch: 3156, Loss: 5.711451053619385
Epoch: 3157, Loss: 5.728043556213379
Epoch: 3158, Loss: 5.698348045349121
Epoch: 3159, Loss: 5.7150163650512695
Epoch: 3160, Loss: 5.710850715637207
Test acc: 0.0182, IC acc: 0.0197, IC acc2: 0.0031, IW acc: 0.0034
Epoch: 3161, Loss: 5.723470687866211
Epoch: 3162, Loss: 5.731618881225586
Epoch: 3163, Loss: 5.709437370300293
Epoch: 3164, Loss: 5.711924076080322
Epoch: 3165, Loss: 5.733335494995117
Epoch: 3166, Loss: 5.719245910644531
Epoch: 3167, Loss: 5.7273101806640625
Epoch: 3168, Loss: 5.7325944900512695
Epoch: 3169, Loss: 5.708555221557617
Epoch: 3170, Loss: 5.723451614379883
Test acc: 0.0181, IC acc: 0.0197, IC acc2: 0.0031, IW acc: 0.0034
Epoch: 3171, Loss: 5.717597007751465
Epoch: 3172, Loss: 5.716568470001221
Epoch: 3173, Loss: 5.7221174240112305
Epoch: 3174, Loss: 5.71446418762207
Epoch: 3175, Loss: 5.717066287994385
Epoch: 3176, Loss: 5.710498809814453
Epoch: 3177, Loss: 5.705386161804199
Epoch: 3178, Loss: 5.719252586364746
Epoch: 3179, Loss: 5.7028398513793945
Epoch: 3180, Loss: 5.718635559082031
Test acc: 0.0181, IC acc: 0.0197, IC acc2: 0.0031, IW acc: 0.0034
Epoch: 3181, Loss: 5.705606460571289
Epoch: 3182, Loss: 5.7214250564575195
Epoch: 3183, Loss: 5.734374523162842
Epoch: 3184, Loss: 5.727594375610352
Epoch: 3185, Loss: 5.7104949951171875
Epoch: 3186, Loss: 5.722265243530273
Epoch: 3187, Loss: 5.73291015625
Epoch: 3188, Loss: 5.721719741821289
Epoch: 3189, Loss: 5.725799560546875
Epoch: 3190, Loss: 5.718600273132324
Test acc: 0.0183, IC acc: 0.0198, IC acc2: 0.0031, IW acc: 0.0034
Epoch: 3191, Loss: 5.718146324157715
Epoch: 3192, Loss: 5.717344284057617
Epoch: 3193, Loss: 5.7188849449157715
Epoch: 3194, Loss: 5.71799373626709
Epoch: 3195, Loss: 5.716245174407959
Epoch: 3196, Loss: 5.7159929275512695
Epoch: 3197, Loss: 5.7270612716674805
Epoch: 3198, Loss: 5.723725318908691
Epoch: 3199, Loss: 5.710745811462402
./circuit_plots/Unrestricted Disentangled|Readout|CN=1|B0=0|B1=1|K=1280|L=320|p_B=0.75|p_C=0.75|B=2|eps=0|35ad5445-c154-4cea-8e18-983bdf361c37/ already exists.
./circuit_plots/Unrestricted Disentangled|Readout|CN=1|B0=0|B1=1|K=1280|L=320|p_B=0.75|p_C=0.75|B=2|eps=0|35ad5445-c154-4cea-8e18-983bdf361c37/ already exists.
./circuit_plots/Unrestricted Disentangled|Readout|CN=1|B0=0|B1=1|K=1280|L=320|p_B=0.75|p_C=0.75|B=2|eps=0|35ad5445-c154-4cea-8e18-983bdf361c37/ already exists.
./circuit_plots/Unrestricted Disentangled|Readout|CN=1|B0=0|B1=1|K=1280|L=320|p_B=0.75|p_C=0.75|B=2|eps=0|35ad5445-c154-4cea-8e18-983bdf361c37/ already exists.
./circuit_plots/Unrestricted Disentangled|Readout|CN=1|B0=0|B1=1|K=1280|L=320|p_B=0.75|p_C=0.75|B=2|eps=0|35ad5445-c154-4cea-8e18-983bdf361c37/ already exists.
./circuit_plots/Unrestricted Disentangled|Readout|CN=1|B0=0|B1=1|K=1280|L=320|p_B=0.75|p_C=0.75|B=2|eps=0|35ad5445-c154-4cea-8e18-983bdf361c37/ already exists.
./circuit_plots/Unrestricted Disentangled|Readout|CN=1|B0=0|B1=1|K=1280|L=320|p_B=0.75|p_C=0.75|B=2|eps=0|35ad5445-c154-4cea-8e18-983bdf361c37/ already exists.
Epoch: 3200, Loss: 5.71333122253418
Test acc: 0.0183, IC acc: 0.0199, IC acc2: 0.0031, IW acc: 0.0033
Epoch: 3201, Loss: 5.7245941162109375
Epoch: 3202, Loss: 5.71818733215332
Epoch: 3203, Loss: 5.719374656677246
Epoch: 3204, Loss: 5.713355541229248
Epoch: 3205, Loss: 5.723452091217041
Epoch: 3206, Loss: 5.7116618156433105
Epoch: 3207, Loss: 5.723127365112305
Epoch: 3208, Loss: 5.730685234069824
Epoch: 3209, Loss: 5.712629318237305
Epoch: 3210, Loss: 5.717594146728516
Test acc: 0.0184, IC acc: 0.0199, IC acc2: 0.0031, IW acc: 0.0035
Epoch: 3211, Loss: 5.722037315368652
Epoch: 3212, Loss: 5.714278697967529
Epoch: 3213, Loss: 5.734882354736328
Epoch: 3214, Loss: 5.718951225280762
Epoch: 3215, Loss: 5.727336883544922
Epoch: 3216, Loss: 5.714359283447266
Epoch: 3217, Loss: 5.728127479553223
Epoch: 3218, Loss: 5.713240623474121
Epoch: 3219, Loss: 5.733112335205078
Epoch: 3220, Loss: 5.718382835388184
Test acc: 0.0184, IC acc: 0.0202, IC acc2: 0.0031, IW acc: 0.0033
Epoch: 3221, Loss: 5.716540336608887
Epoch: 3222, Loss: 5.711605072021484
Epoch: 3223, Loss: 5.715638160705566
Epoch: 3224, Loss: 5.723057746887207
Epoch: 3225, Loss: 5.717816352844238
Epoch: 3226, Loss: 5.722244739532471
Epoch: 3227, Loss: 5.727294445037842
Epoch: 3228, Loss: 5.723625659942627
Epoch: 3229, Loss: 5.708988189697266
Epoch: 3230, Loss: 5.713015079498291
Test acc: 0.0186, IC acc: 0.02, IC acc2: 0.0031, IW acc: 0.0033
Epoch: 3231, Loss: 5.719079494476318
Epoch: 3232, Loss: 5.701301097869873
Epoch: 3233, Loss: 5.717368125915527
Epoch: 3234, Loss: 5.728947639465332
Epoch: 3235, Loss: 5.714061737060547
Epoch: 3236, Loss: 5.7197370529174805
Epoch: 3237, Loss: 5.720280647277832
Epoch: 3238, Loss: 5.723111152648926
Epoch: 3239, Loss: 5.711297988891602
Epoch: 3240, Loss: 5.721172332763672
Test acc: 0.0188, IC acc: 0.02, IC acc2: 0.003, IW acc: 0.0033
Epoch: 3241, Loss: 5.714747428894043
Epoch: 3242, Loss: 5.712801456451416
Epoch: 3243, Loss: 5.706689834594727
Epoch: 3244, Loss: 5.713644027709961
Epoch: 3245, Loss: 5.716012477874756
Epoch: 3246, Loss: 5.73126745223999
Epoch: 3247, Loss: 5.723813533782959
Epoch: 3248, Loss: 5.7205305099487305
Epoch: 3249, Loss: 5.712124347686768
./circuit_plots/Unrestricted Disentangled|Readout|CN=1|B0=0|B1=1|K=1280|L=320|p_B=0.75|p_C=0.75|B=2|eps=0|35ad5445-c154-4cea-8e18-983bdf361c37/ already exists.
./circuit_plots/Unrestricted Disentangled|Readout|CN=1|B0=0|B1=1|K=1280|L=320|p_B=0.75|p_C=0.75|B=2|eps=0|35ad5445-c154-4cea-8e18-983bdf361c37/ already exists.
./circuit_plots/Unrestricted Disentangled|Readout|CN=1|B0=0|B1=1|K=1280|L=320|p_B=0.75|p_C=0.75|B=2|eps=0|35ad5445-c154-4cea-8e18-983bdf361c37/ already exists.
./circuit_plots/Unrestricted Disentangled|Readout|CN=1|B0=0|B1=1|K=1280|L=320|p_B=0.75|p_C=0.75|B=2|eps=0|35ad5445-c154-4cea-8e18-983bdf361c37/ already exists.
./circuit_plots/Unrestricted Disentangled|Readout|CN=1|B0=0|B1=1|K=1280|L=320|p_B=0.75|p_C=0.75|B=2|eps=0|35ad5445-c154-4cea-8e18-983bdf361c37/ already exists.
./circuit_plots/Unrestricted Disentangled|Readout|CN=1|B0=0|B1=1|K=1280|L=320|p_B=0.75|p_C=0.75|B=2|eps=0|35ad5445-c154-4cea-8e18-983bdf361c37/ already exists.
./circuit_plots/Unrestricted Disentangled|Readout|CN=1|B0=0|B1=1|K=1280|L=320|p_B=0.75|p_C=0.75|B=2|eps=0|35ad5445-c154-4cea-8e18-983bdf361c37/ already exists.
Epoch: 3250, Loss: 5.714395523071289
Test acc: 0.0186, IC acc: 0.02, IC acc2: 0.003, IW acc: 0.0033
Epoch: 3251, Loss: 5.719018936157227
Epoch: 3252, Loss: 5.712386608123779
Epoch: 3253, Loss: 5.724359512329102
Epoch: 3254, Loss: 5.70806884765625
Epoch: 3255, Loss: 5.719592571258545
Epoch: 3256, Loss: 5.722766876220703
Epoch: 3257, Loss: 5.705728530883789
Epoch: 3258, Loss: 5.726077556610107
Epoch: 3259, Loss: 5.716814994812012
Epoch: 3260, Loss: 5.735301971435547
Test acc: 0.0187, IC acc: 0.0206, IC acc2: 0.003, IW acc: 0.0033
Epoch: 3261, Loss: 5.716237545013428
Epoch: 3262, Loss: 5.724773406982422
Epoch: 3263, Loss: 5.71873664855957
Epoch: 3264, Loss: 5.718299865722656
Epoch: 3265, Loss: 5.715076446533203
Epoch: 3266, Loss: 5.729078769683838
Epoch: 3267, Loss: 5.725172996520996
Epoch: 3268, Loss: 5.7302327156066895
Epoch: 3269, Loss: 5.720987319946289
Epoch: 3270, Loss: 5.724679946899414
Test acc: 0.0186, IC acc: 0.0207, IC acc2: 0.003, IW acc: 0.0033
Epoch: 3271, Loss: 5.7055768966674805
Epoch: 3272, Loss: 5.7067413330078125
Epoch: 3273, Loss: 5.710879325866699
Epoch: 3274, Loss: 5.71963357925415
Epoch: 3275, Loss: 5.70319938659668
Epoch: 3276, Loss: 5.723339080810547
Epoch: 3277, Loss: 5.720502853393555
Epoch: 3278, Loss: 5.7197489738464355
Epoch: 3279, Loss: 5.70515251159668
Epoch: 3280, Loss: 5.722026824951172
Test acc: 0.0187, IC acc: 0.0208, IC acc2: 0.003, IW acc: 0.0033
Epoch: 3281, Loss: 5.726625919342041
Epoch: 3282, Loss: 5.71182918548584
Epoch: 3283, Loss: 5.725734233856201
Epoch: 3284, Loss: 5.723696708679199
Epoch: 3285, Loss: 5.705131530761719
Epoch: 3286, Loss: 5.71240758895874
Epoch: 3287, Loss: 5.707911968231201
Epoch: 3288, Loss: 5.724899768829346
Epoch: 3289, Loss: 5.709504127502441
Epoch: 3290, Loss: 5.7038164138793945
Test acc: 0.0188, IC acc: 0.0207, IC acc2: 0.0032, IW acc: 0.0033
Epoch: 3291, Loss: 5.709299087524414
Epoch: 3292, Loss: 5.71214485168457
Epoch: 3293, Loss: 5.72604513168335
Epoch: 3294, Loss: 5.722037315368652
Epoch: 3295, Loss: 5.711311340332031
Epoch: 3296, Loss: 5.714629650115967
Epoch: 3297, Loss: 5.723132133483887
Epoch: 3298, Loss: 5.714007377624512
Epoch: 3299, Loss: 5.7222795486450195
./circuit_plots/Unrestricted Disentangled|Readout|CN=1|B0=0|B1=1|K=1280|L=320|p_B=0.75|p_C=0.75|B=2|eps=0|35ad5445-c154-4cea-8e18-983bdf361c37/ already exists.
./circuit_plots/Unrestricted Disentangled|Readout|CN=1|B0=0|B1=1|K=1280|L=320|p_B=0.75|p_C=0.75|B=2|eps=0|35ad5445-c154-4cea-8e18-983bdf361c37/ already exists.
./circuit_plots/Unrestricted Disentangled|Readout|CN=1|B0=0|B1=1|K=1280|L=320|p_B=0.75|p_C=0.75|B=2|eps=0|35ad5445-c154-4cea-8e18-983bdf361c37/ already exists.
./circuit_plots/Unrestricted Disentangled|Readout|CN=1|B0=0|B1=1|K=1280|L=320|p_B=0.75|p_C=0.75|B=2|eps=0|35ad5445-c154-4cea-8e18-983bdf361c37/ already exists.
./circuit_plots/Unrestricted Disentangled|Readout|CN=1|B0=0|B1=1|K=1280|L=320|p_B=0.75|p_C=0.75|B=2|eps=0|35ad5445-c154-4cea-8e18-983bdf361c37/ already exists.
./circuit_plots/Unrestricted Disentangled|Readout|CN=1|B0=0|B1=1|K=1280|L=320|p_B=0.75|p_C=0.75|B=2|eps=0|35ad5445-c154-4cea-8e18-983bdf361c37/ already exists.
./circuit_plots/Unrestricted Disentangled|Readout|CN=1|B0=0|B1=1|K=1280|L=320|p_B=0.75|p_C=0.75|B=2|eps=0|35ad5445-c154-4cea-8e18-983bdf361c37/ already exists.
Epoch: 3300, Loss: 5.719503879547119
Test acc: 0.0189, IC acc: 0.0208, IC acc2: 0.0031, IW acc: 0.0033
Epoch: 3301, Loss: 5.712291240692139
Epoch: 3302, Loss: 5.716068267822266
Epoch: 3303, Loss: 5.72219181060791
Epoch: 3304, Loss: 5.723023891448975
Epoch: 3305, Loss: 5.735307693481445
Epoch: 3306, Loss: 5.716120719909668
Epoch: 3307, Loss: 5.7229204177856445
Epoch: 3308, Loss: 5.724061012268066
Epoch: 3309, Loss: 5.718865394592285
Epoch: 3310, Loss: 5.708837509155273
Test acc: 0.019, IC acc: 0.0208, IC acc2: 0.0031, IW acc: 0.0033
Epoch: 3311, Loss: 5.703464031219482
Epoch: 3312, Loss: 5.719778060913086
Epoch: 3313, Loss: 5.714761257171631
Epoch: 3314, Loss: 5.7213029861450195
Epoch: 3315, Loss: 5.712427139282227
Epoch: 3316, Loss: 5.727025985717773
Epoch: 3317, Loss: 5.72560977935791
Epoch: 3318, Loss: 5.708683967590332
Epoch: 3319, Loss: 5.718574047088623
Epoch: 3320, Loss: 5.712982177734375
Test acc: 0.019, IC acc: 0.0209, IC acc2: 0.003, IW acc: 0.0033
Epoch: 3321, Loss: 5.734779357910156
Epoch: 3322, Loss: 5.711371421813965
Epoch: 3323, Loss: 5.724912166595459
Epoch: 3324, Loss: 5.717575550079346
Epoch: 3325, Loss: 5.722751617431641
Epoch: 3326, Loss: 5.721551895141602
Epoch: 3327, Loss: 5.717837333679199
Epoch: 3328, Loss: 5.718616962432861
Epoch: 3329, Loss: 5.723579406738281
Epoch: 3330, Loss: 5.738162517547607
Test acc: 0.019, IC acc: 0.0212, IC acc2: 0.003, IW acc: 0.0033
Epoch: 3331, Loss: 5.712237358093262
Epoch: 3332, Loss: 5.722010612487793
Epoch: 3333, Loss: 5.70075798034668
Epoch: 3334, Loss: 5.7300848960876465
Epoch: 3335, Loss: 5.715703010559082
Epoch: 3336, Loss: 5.7127885818481445
Epoch: 3337, Loss: 5.714159965515137
Epoch: 3338, Loss: 5.715494632720947
Epoch: 3339, Loss: 5.7152099609375
Epoch: 3340, Loss: 5.711874008178711
Test acc: 0.019, IC acc: 0.0213, IC acc2: 0.003, IW acc: 0.0033
Epoch: 3341, Loss: 5.711775779724121
Epoch: 3342, Loss: 5.723904132843018
Epoch: 3343, Loss: 5.723138809204102
Epoch: 3344, Loss: 5.726500988006592
Epoch: 3345, Loss: 5.723550319671631
Epoch: 3346, Loss: 5.707586288452148
Epoch: 3347, Loss: 5.722373962402344
Epoch: 3348, Loss: 5.704093933105469
Epoch: 3349, Loss: 5.737713813781738
./circuit_plots/Unrestricted Disentangled|Readout|CN=1|B0=0|B1=1|K=1280|L=320|p_B=0.75|p_C=0.75|B=2|eps=0|35ad5445-c154-4cea-8e18-983bdf361c37/ already exists.
./circuit_plots/Unrestricted Disentangled|Readout|CN=1|B0=0|B1=1|K=1280|L=320|p_B=0.75|p_C=0.75|B=2|eps=0|35ad5445-c154-4cea-8e18-983bdf361c37/ already exists.
./circuit_plots/Unrestricted Disentangled|Readout|CN=1|B0=0|B1=1|K=1280|L=320|p_B=0.75|p_C=0.75|B=2|eps=0|35ad5445-c154-4cea-8e18-983bdf361c37/ already exists.
./circuit_plots/Unrestricted Disentangled|Readout|CN=1|B0=0|B1=1|K=1280|L=320|p_B=0.75|p_C=0.75|B=2|eps=0|35ad5445-c154-4cea-8e18-983bdf361c37/ already exists.
./circuit_plots/Unrestricted Disentangled|Readout|CN=1|B0=0|B1=1|K=1280|L=320|p_B=0.75|p_C=0.75|B=2|eps=0|35ad5445-c154-4cea-8e18-983bdf361c37/ already exists.
./circuit_plots/Unrestricted Disentangled|Readout|CN=1|B0=0|B1=1|K=1280|L=320|p_B=0.75|p_C=0.75|B=2|eps=0|35ad5445-c154-4cea-8e18-983bdf361c37/ already exists.
./circuit_plots/Unrestricted Disentangled|Readout|CN=1|B0=0|B1=1|K=1280|L=320|p_B=0.75|p_C=0.75|B=2|eps=0|35ad5445-c154-4cea-8e18-983bdf361c37/ already exists.
Epoch: 3350, Loss: 5.726260185241699
Test acc: 0.0191, IC acc: 0.0215, IC acc2: 0.003, IW acc: 0.0033
Epoch: 3351, Loss: 5.711602687835693
Epoch: 3352, Loss: 5.705326557159424
Epoch: 3353, Loss: 5.707976341247559
Epoch: 3354, Loss: 5.721582889556885
Epoch: 3355, Loss: 5.712193012237549
Epoch: 3356, Loss: 5.706766605377197
Epoch: 3357, Loss: 5.716935634613037
Epoch: 3358, Loss: 5.707464694976807
Epoch: 3359, Loss: 5.713086128234863
Epoch: 3360, Loss: 5.727167129516602
Test acc: 0.0193, IC acc: 0.0215, IC acc2: 0.003, IW acc: 0.0033
Epoch: 3361, Loss: 5.717286109924316
Epoch: 3362, Loss: 5.7266998291015625
Epoch: 3363, Loss: 5.726073265075684
Epoch: 3364, Loss: 5.724006175994873
Epoch: 3365, Loss: 5.719226360321045
Epoch: 3366, Loss: 5.720670700073242
Epoch: 3367, Loss: 5.727556228637695
Epoch: 3368, Loss: 5.7140326499938965
Epoch: 3369, Loss: 5.72788667678833
Epoch: 3370, Loss: 5.713569164276123
Test acc: 0.0193, IC acc: 0.0216, IC acc2: 0.0029, IW acc: 0.0033
Epoch: 3371, Loss: 5.721548080444336
Epoch: 3372, Loss: 5.7189435958862305
Epoch: 3373, Loss: 5.7163286209106445
Epoch: 3374, Loss: 5.713962554931641
Epoch: 3375, Loss: 5.7180633544921875
Epoch: 3376, Loss: 5.712188243865967
Epoch: 3377, Loss: 5.715257167816162
Epoch: 3378, Loss: 5.727266311645508
Epoch: 3379, Loss: 5.723374366760254
Epoch: 3380, Loss: 5.716456413269043
Test acc: 0.0193, IC acc: 0.0216, IC acc2: 0.0029, IW acc: 0.0033
Epoch: 3381, Loss: 5.7222795486450195
Epoch: 3382, Loss: 5.716975688934326
Epoch: 3383, Loss: 5.721227645874023
Epoch: 3384, Loss: 5.716165065765381
Epoch: 3385, Loss: 5.721648216247559
Epoch: 3386, Loss: 5.706803321838379
Epoch: 3387, Loss: 5.730541229248047
Epoch: 3388, Loss: 5.699380397796631
Epoch: 3389, Loss: 5.722832679748535
Epoch: 3390, Loss: 5.722508430480957
Test acc: 0.0194, IC acc: 0.0219, IC acc2: 0.0029, IW acc: 0.0034
Epoch: 3391, Loss: 5.701513767242432
Epoch: 3392, Loss: 5.7132887840271
Epoch: 3393, Loss: 5.72025203704834
Epoch: 3394, Loss: 5.713935852050781
Epoch: 3395, Loss: 5.702256679534912
Epoch: 3396, Loss: 5.709789276123047
Epoch: 3397, Loss: 5.715309143066406
Epoch: 3398, Loss: 5.715298652648926
Epoch: 3399, Loss: 5.728281021118164
./circuit_plots/Unrestricted Disentangled|Readout|CN=1|B0=0|B1=1|K=1280|L=320|p_B=0.75|p_C=0.75|B=2|eps=0|35ad5445-c154-4cea-8e18-983bdf361c37/ already exists.
./circuit_plots/Unrestricted Disentangled|Readout|CN=1|B0=0|B1=1|K=1280|L=320|p_B=0.75|p_C=0.75|B=2|eps=0|35ad5445-c154-4cea-8e18-983bdf361c37/ already exists.
./circuit_plots/Unrestricted Disentangled|Readout|CN=1|B0=0|B1=1|K=1280|L=320|p_B=0.75|p_C=0.75|B=2|eps=0|35ad5445-c154-4cea-8e18-983bdf361c37/ already exists.
./circuit_plots/Unrestricted Disentangled|Readout|CN=1|B0=0|B1=1|K=1280|L=320|p_B=0.75|p_C=0.75|B=2|eps=0|35ad5445-c154-4cea-8e18-983bdf361c37/ already exists.
./circuit_plots/Unrestricted Disentangled|Readout|CN=1|B0=0|B1=1|K=1280|L=320|p_B=0.75|p_C=0.75|B=2|eps=0|35ad5445-c154-4cea-8e18-983bdf361c37/ already exists.
./circuit_plots/Unrestricted Disentangled|Readout|CN=1|B0=0|B1=1|K=1280|L=320|p_B=0.75|p_C=0.75|B=2|eps=0|35ad5445-c154-4cea-8e18-983bdf361c37/ already exists.
./circuit_plots/Unrestricted Disentangled|Readout|CN=1|B0=0|B1=1|K=1280|L=320|p_B=0.75|p_C=0.75|B=2|eps=0|35ad5445-c154-4cea-8e18-983bdf361c37/ already exists.
Epoch: 3400, Loss: 5.719964981079102
Test acc: 0.0195, IC acc: 0.0219, IC acc2: 0.0029, IW acc: 0.0034
Epoch: 3401, Loss: 5.727325439453125
Epoch: 3402, Loss: 5.696538925170898
Epoch: 3403, Loss: 5.724320411682129
Epoch: 3404, Loss: 5.719624996185303
Epoch: 3405, Loss: 5.710988521575928
Epoch: 3406, Loss: 5.699522972106934
Epoch: 3407, Loss: 5.714121341705322
Epoch: 3408, Loss: 5.731415748596191
Epoch: 3409, Loss: 5.7189531326293945
Epoch: 3410, Loss: 5.704043388366699
Test acc: 0.0193, IC acc: 0.0221, IC acc2: 0.0029, IW acc: 0.0034
Epoch: 3411, Loss: 5.695192813873291
Epoch: 3412, Loss: 5.70862340927124
Epoch: 3413, Loss: 5.723409652709961
Epoch: 3414, Loss: 5.713944911956787
Epoch: 3415, Loss: 5.7272772789001465
Epoch: 3416, Loss: 5.727236747741699
Epoch: 3417, Loss: 5.710538864135742
Epoch: 3418, Loss: 5.718815326690674
Epoch: 3419, Loss: 5.726896286010742
Epoch: 3420, Loss: 5.726532936096191
Test acc: 0.0193, IC acc: 0.0222, IC acc2: 0.0029, IW acc: 0.0032
Epoch: 3421, Loss: 5.720976829528809
Epoch: 3422, Loss: 5.705706596374512
Epoch: 3423, Loss: 5.725635528564453
Epoch: 3424, Loss: 5.710509300231934
Epoch: 3425, Loss: 5.719967365264893
Epoch: 3426, Loss: 5.717394828796387
Epoch: 3427, Loss: 5.711666584014893
Epoch: 3428, Loss: 5.7162065505981445
Epoch: 3429, Loss: 5.705512046813965
Epoch: 3430, Loss: 5.714516639709473
Test acc: 0.0196, IC acc: 0.0223, IC acc2: 0.0029, IW acc: 0.0033
Epoch: 3431, Loss: 5.717394828796387
Epoch: 3432, Loss: 5.700090408325195
Epoch: 3433, Loss: 5.7296648025512695
Epoch: 3434, Loss: 5.713770866394043
Epoch: 3435, Loss: 5.7392473220825195
Epoch: 3436, Loss: 5.702836036682129
Epoch: 3437, Loss: 5.708917617797852
Epoch: 3438, Loss: 5.724654197692871
Epoch: 3439, Loss: 5.705809116363525
Epoch: 3440, Loss: 5.715766906738281
Test acc: 0.0196, IC acc: 0.0224, IC acc2: 0.0029, IW acc: 0.0033
Epoch: 3441, Loss: 5.701462745666504
Epoch: 3442, Loss: 5.716419219970703
Epoch: 3443, Loss: 5.700948715209961
Epoch: 3444, Loss: 5.710799217224121
Epoch: 3445, Loss: 5.705604553222656
Epoch: 3446, Loss: 5.711851119995117
Epoch: 3447, Loss: 5.716175079345703
Epoch: 3448, Loss: 5.718496322631836
Epoch: 3449, Loss: 5.719944477081299
./circuit_plots/Unrestricted Disentangled|Readout|CN=1|B0=0|B1=1|K=1280|L=320|p_B=0.75|p_C=0.75|B=2|eps=0|35ad5445-c154-4cea-8e18-983bdf361c37/ already exists.
./circuit_plots/Unrestricted Disentangled|Readout|CN=1|B0=0|B1=1|K=1280|L=320|p_B=0.75|p_C=0.75|B=2|eps=0|35ad5445-c154-4cea-8e18-983bdf361c37/ already exists.
./circuit_plots/Unrestricted Disentangled|Readout|CN=1|B0=0|B1=1|K=1280|L=320|p_B=0.75|p_C=0.75|B=2|eps=0|35ad5445-c154-4cea-8e18-983bdf361c37/ already exists.
./circuit_plots/Unrestricted Disentangled|Readout|CN=1|B0=0|B1=1|K=1280|L=320|p_B=0.75|p_C=0.75|B=2|eps=0|35ad5445-c154-4cea-8e18-983bdf361c37/ already exists.
./circuit_plots/Unrestricted Disentangled|Readout|CN=1|B0=0|B1=1|K=1280|L=320|p_B=0.75|p_C=0.75|B=2|eps=0|35ad5445-c154-4cea-8e18-983bdf361c37/ already exists.
./circuit_plots/Unrestricted Disentangled|Readout|CN=1|B0=0|B1=1|K=1280|L=320|p_B=0.75|p_C=0.75|B=2|eps=0|35ad5445-c154-4cea-8e18-983bdf361c37/ already exists.
./circuit_plots/Unrestricted Disentangled|Readout|CN=1|B0=0|B1=1|K=1280|L=320|p_B=0.75|p_C=0.75|B=2|eps=0|35ad5445-c154-4cea-8e18-983bdf361c37/ already exists.
Epoch: 3450, Loss: 5.72057580947876
Test acc: 0.0197, IC acc: 0.0223, IC acc2: 0.0029, IW acc: 0.0033
Epoch: 3451, Loss: 5.7154622077941895
Epoch: 3452, Loss: 5.710009574890137
Epoch: 3453, Loss: 5.722091197967529
Epoch: 3454, Loss: 5.7133378982543945
Epoch: 3455, Loss: 5.721503734588623
Epoch: 3456, Loss: 5.714098930358887
Epoch: 3457, Loss: 5.724752426147461
Epoch: 3458, Loss: 5.7235565185546875
Epoch: 3459, Loss: 5.709568977355957
Epoch: 3460, Loss: 5.692747592926025
Test acc: 0.0196, IC acc: 0.0223, IC acc2: 0.0029, IW acc: 0.0035
Epoch: 3461, Loss: 5.723274230957031
Epoch: 3462, Loss: 5.722113609313965
Epoch: 3463, Loss: 5.721840858459473
Epoch: 3464, Loss: 5.704846382141113
Epoch: 3465, Loss: 5.704803943634033
Epoch: 3466, Loss: 5.726850509643555
Epoch: 3467, Loss: 5.724598407745361
Epoch: 3468, Loss: 5.731136322021484
Epoch: 3469, Loss: 5.7292890548706055
Epoch: 3470, Loss: 5.7206573486328125
Test acc: 0.0197, IC acc: 0.0223, IC acc2: 0.0029, IW acc: 0.0035
Epoch: 3471, Loss: 5.703762054443359
Epoch: 3472, Loss: 5.713982105255127
Epoch: 3473, Loss: 5.714845657348633
Epoch: 3474, Loss: 5.724357604980469
Epoch: 3475, Loss: 5.721028804779053
Epoch: 3476, Loss: 5.715730667114258
Epoch: 3477, Loss: 5.714013576507568
Epoch: 3478, Loss: 5.703892707824707
Epoch: 3479, Loss: 5.703022480010986
Epoch: 3480, Loss: 5.718366622924805
Test acc: 0.02, IC acc: 0.0226, IC acc2: 0.0029, IW acc: 0.0036
Epoch: 3481, Loss: 5.733152389526367
Epoch: 3482, Loss: 5.705676555633545
Epoch: 3483, Loss: 5.711434841156006
Epoch: 3484, Loss: 5.707362174987793
Epoch: 3485, Loss: 5.71136474609375
Epoch: 3486, Loss: 5.701476097106934
Epoch: 3487, Loss: 5.695569038391113
Epoch: 3488, Loss: 5.714406967163086
Epoch: 3489, Loss: 5.722884178161621
Epoch: 3490, Loss: 5.706788063049316
Test acc: 0.0204, IC acc: 0.0228, IC acc2: 0.0029, IW acc: 0.0037
Epoch: 3491, Loss: 5.721388816833496
Epoch: 3492, Loss: 5.717574119567871
Epoch: 3493, Loss: 5.72552490234375
Epoch: 3494, Loss: 5.7085795402526855
Epoch: 3495, Loss: 5.710334777832031
Epoch: 3496, Loss: 5.712907314300537
Epoch: 3497, Loss: 5.714537620544434
Epoch: 3498, Loss: 5.728240013122559
Epoch: 3499, Loss: 5.71950626373291
./circuit_plots/Unrestricted Disentangled|Readout|CN=1|B0=0|B1=1|K=1280|L=320|p_B=0.75|p_C=0.75|B=2|eps=0|35ad5445-c154-4cea-8e18-983bdf361c37/ already exists.
./circuit_plots/Unrestricted Disentangled|Readout|CN=1|B0=0|B1=1|K=1280|L=320|p_B=0.75|p_C=0.75|B=2|eps=0|35ad5445-c154-4cea-8e18-983bdf361c37/ already exists.
./circuit_plots/Unrestricted Disentangled|Readout|CN=1|B0=0|B1=1|K=1280|L=320|p_B=0.75|p_C=0.75|B=2|eps=0|35ad5445-c154-4cea-8e18-983bdf361c37/ already exists.
./circuit_plots/Unrestricted Disentangled|Readout|CN=1|B0=0|B1=1|K=1280|L=320|p_B=0.75|p_C=0.75|B=2|eps=0|35ad5445-c154-4cea-8e18-983bdf361c37/ already exists.
./circuit_plots/Unrestricted Disentangled|Readout|CN=1|B0=0|B1=1|K=1280|L=320|p_B=0.75|p_C=0.75|B=2|eps=0|35ad5445-c154-4cea-8e18-983bdf361c37/ already exists.
./circuit_plots/Unrestricted Disentangled|Readout|CN=1|B0=0|B1=1|K=1280|L=320|p_B=0.75|p_C=0.75|B=2|eps=0|35ad5445-c154-4cea-8e18-983bdf361c37/ already exists.
./circuit_plots/Unrestricted Disentangled|Readout|CN=1|B0=0|B1=1|K=1280|L=320|p_B=0.75|p_C=0.75|B=2|eps=0|35ad5445-c154-4cea-8e18-983bdf361c37/ already exists.
Epoch: 3500, Loss: 5.704485893249512
Test acc: 0.0204, IC acc: 0.0228, IC acc2: 0.0029, IW acc: 0.0037
Epoch: 3501, Loss: 5.727379322052002
Epoch: 3502, Loss: 5.726259708404541
Epoch: 3503, Loss: 5.703248977661133
Epoch: 3504, Loss: 5.703042030334473
Epoch: 3505, Loss: 5.711605072021484
Epoch: 3506, Loss: 5.700169563293457
Epoch: 3507, Loss: 5.717129707336426
Epoch: 3508, Loss: 5.705420017242432
Epoch: 3509, Loss: 5.718669891357422
Epoch: 3510, Loss: 5.703852653503418
Test acc: 0.0204, IC acc: 0.0228, IC acc2: 0.0029, IW acc: 0.0036
Epoch: 3511, Loss: 5.709360122680664
Epoch: 3512, Loss: 5.700748920440674
Epoch: 3513, Loss: 5.713308811187744
Epoch: 3514, Loss: 5.701313018798828
Epoch: 3515, Loss: 5.727631092071533
Epoch: 3516, Loss: 5.712286949157715
Epoch: 3517, Loss: 5.7069220542907715
Epoch: 3518, Loss: 5.736854076385498
Epoch: 3519, Loss: 5.727627754211426
Epoch: 3520, Loss: 5.7145562171936035
Test acc: 0.0205, IC acc: 0.0228, IC acc2: 0.0029, IW acc: 0.0036
Epoch: 3521, Loss: 5.704725742340088
Epoch: 3522, Loss: 5.688823699951172
Epoch: 3523, Loss: 5.733529090881348
Epoch: 3524, Loss: 5.718733787536621
Epoch: 3525, Loss: 5.709382057189941
Epoch: 3526, Loss: 5.719834327697754
Epoch: 3527, Loss: 5.707251071929932
Epoch: 3528, Loss: 5.7227463722229
Epoch: 3529, Loss: 5.717737674713135
Epoch: 3530, Loss: 5.730729579925537
Test acc: 0.0207, IC acc: 0.0227, IC acc2: 0.0029, IW acc: 0.0036
Epoch: 3531, Loss: 5.723176002502441
Epoch: 3532, Loss: 5.716224670410156
Epoch: 3533, Loss: 5.709507942199707
Epoch: 3534, Loss: 5.7222161293029785
Epoch: 3535, Loss: 5.72648811340332
Epoch: 3536, Loss: 5.730710983276367
Epoch: 3537, Loss: 5.723731517791748
Epoch: 3538, Loss: 5.701164722442627
Epoch: 3539, Loss: 5.721694469451904
Epoch: 3540, Loss: 5.706616401672363
Test acc: 0.0208, IC acc: 0.0227, IC acc2: 0.003, IW acc: 0.0036
Epoch: 3541, Loss: 5.710171699523926
Epoch: 3542, Loss: 5.710170269012451
Epoch: 3543, Loss: 5.71626091003418
Epoch: 3544, Loss: 5.7096428871154785
Epoch: 3545, Loss: 5.714936256408691
Epoch: 3546, Loss: 5.718042373657227
Epoch: 3547, Loss: 5.727747917175293
Epoch: 3548, Loss: 5.730902671813965
Epoch: 3549, Loss: 5.715834140777588
./circuit_plots/Unrestricted Disentangled|Readout|CN=1|B0=0|B1=1|K=1280|L=320|p_B=0.75|p_C=0.75|B=2|eps=0|35ad5445-c154-4cea-8e18-983bdf361c37/ already exists.
./circuit_plots/Unrestricted Disentangled|Readout|CN=1|B0=0|B1=1|K=1280|L=320|p_B=0.75|p_C=0.75|B=2|eps=0|35ad5445-c154-4cea-8e18-983bdf361c37/ already exists.
./circuit_plots/Unrestricted Disentangled|Readout|CN=1|B0=0|B1=1|K=1280|L=320|p_B=0.75|p_C=0.75|B=2|eps=0|35ad5445-c154-4cea-8e18-983bdf361c37/ already exists.
./circuit_plots/Unrestricted Disentangled|Readout|CN=1|B0=0|B1=1|K=1280|L=320|p_B=0.75|p_C=0.75|B=2|eps=0|35ad5445-c154-4cea-8e18-983bdf361c37/ already exists.
./circuit_plots/Unrestricted Disentangled|Readout|CN=1|B0=0|B1=1|K=1280|L=320|p_B=0.75|p_C=0.75|B=2|eps=0|35ad5445-c154-4cea-8e18-983bdf361c37/ already exists.
./circuit_plots/Unrestricted Disentangled|Readout|CN=1|B0=0|B1=1|K=1280|L=320|p_B=0.75|p_C=0.75|B=2|eps=0|35ad5445-c154-4cea-8e18-983bdf361c37/ already exists.
./circuit_plots/Unrestricted Disentangled|Readout|CN=1|B0=0|B1=1|K=1280|L=320|p_B=0.75|p_C=0.75|B=2|eps=0|35ad5445-c154-4cea-8e18-983bdf361c37/ already exists.
Epoch: 3550, Loss: 5.7108049392700195
Test acc: 0.0208, IC acc: 0.023, IC acc2: 0.0031, IW acc: 0.0037
Epoch: 3551, Loss: 5.709881782531738
Epoch: 3552, Loss: 5.717454433441162
Epoch: 3553, Loss: 5.72262716293335
Epoch: 3554, Loss: 5.713273525238037
Epoch: 3555, Loss: 5.728609561920166
Epoch: 3556, Loss: 5.7021636962890625
Epoch: 3557, Loss: 5.7092604637146
Epoch: 3558, Loss: 5.706963539123535
Epoch: 3559, Loss: 5.71382999420166
Epoch: 3560, Loss: 5.721246719360352
Test acc: 0.0208, IC acc: 0.0232, IC acc2: 0.0032, IW acc: 0.0036
Epoch: 3561, Loss: 5.709491729736328
Epoch: 3562, Loss: 5.704918384552002
Epoch: 3563, Loss: 5.714935302734375
Epoch: 3564, Loss: 5.709593772888184
Epoch: 3565, Loss: 5.7133283615112305
Epoch: 3566, Loss: 5.721458911895752
Epoch: 3567, Loss: 5.702679634094238
Epoch: 3568, Loss: 5.727755069732666
Epoch: 3569, Loss: 5.705482482910156
Epoch: 3570, Loss: 5.709591388702393
Test acc: 0.0209, IC acc: 0.0235, IC acc2: 0.0032, IW acc: 0.0037
Epoch: 3571, Loss: 5.690208435058594
Epoch: 3572, Loss: 5.70802116394043
Epoch: 3573, Loss: 5.717358589172363
Epoch: 3574, Loss: 5.705344200134277
Epoch: 3575, Loss: 5.713184356689453
Epoch: 3576, Loss: 5.7109808921813965
Epoch: 3577, Loss: 5.72907829284668
Epoch: 3578, Loss: 5.71030330657959
Epoch: 3579, Loss: 5.718686103820801
Epoch: 3580, Loss: 5.712188720703125
Test acc: 0.021, IC acc: 0.0237, IC acc2: 0.0031, IW acc: 0.0038
Epoch: 3581, Loss: 5.728283882141113
Epoch: 3582, Loss: 5.695357322692871
Epoch: 3583, Loss: 5.7173380851745605
Epoch: 3584, Loss: 5.711453437805176
Epoch: 3585, Loss: 5.708770751953125
Epoch: 3586, Loss: 5.7159743309021
Epoch: 3587, Loss: 5.7224578857421875
Epoch: 3588, Loss: 5.732539653778076
Epoch: 3589, Loss: 5.726044654846191
Epoch: 3590, Loss: 5.712120532989502
Test acc: 0.021, IC acc: 0.0236, IC acc2: 0.0032, IW acc: 0.0036
Epoch: 3591, Loss: 5.730373382568359
Epoch: 3592, Loss: 5.717750549316406
Epoch: 3593, Loss: 5.706979274749756
Epoch: 3594, Loss: 5.719185829162598
Epoch: 3595, Loss: 5.710357189178467
Epoch: 3596, Loss: 5.712658882141113
Epoch: 3597, Loss: 5.726439476013184
Epoch: 3598, Loss: 5.716629981994629
Epoch: 3599, Loss: 5.705540180206299
./circuit_plots/Unrestricted Disentangled|Readout|CN=1|B0=0|B1=1|K=1280|L=320|p_B=0.75|p_C=0.75|B=2|eps=0|35ad5445-c154-4cea-8e18-983bdf361c37/ already exists.
./circuit_plots/Unrestricted Disentangled|Readout|CN=1|B0=0|B1=1|K=1280|L=320|p_B=0.75|p_C=0.75|B=2|eps=0|35ad5445-c154-4cea-8e18-983bdf361c37/ already exists.
./circuit_plots/Unrestricted Disentangled|Readout|CN=1|B0=0|B1=1|K=1280|L=320|p_B=0.75|p_C=0.75|B=2|eps=0|35ad5445-c154-4cea-8e18-983bdf361c37/ already exists.
./circuit_plots/Unrestricted Disentangled|Readout|CN=1|B0=0|B1=1|K=1280|L=320|p_B=0.75|p_C=0.75|B=2|eps=0|35ad5445-c154-4cea-8e18-983bdf361c37/ already exists.
./circuit_plots/Unrestricted Disentangled|Readout|CN=1|B0=0|B1=1|K=1280|L=320|p_B=0.75|p_C=0.75|B=2|eps=0|35ad5445-c154-4cea-8e18-983bdf361c37/ already exists.
./circuit_plots/Unrestricted Disentangled|Readout|CN=1|B0=0|B1=1|K=1280|L=320|p_B=0.75|p_C=0.75|B=2|eps=0|35ad5445-c154-4cea-8e18-983bdf361c37/ already exists.
./circuit_plots/Unrestricted Disentangled|Readout|CN=1|B0=0|B1=1|K=1280|L=320|p_B=0.75|p_C=0.75|B=2|eps=0|35ad5445-c154-4cea-8e18-983bdf361c37/ already exists.
Epoch: 3600, Loss: 5.694447040557861
Test acc: 0.0209, IC acc: 0.0238, IC acc2: 0.0033, IW acc: 0.0036
Epoch: 3601, Loss: 5.709242343902588
Epoch: 3602, Loss: 5.687503814697266
Epoch: 3603, Loss: 5.716366767883301
Epoch: 3604, Loss: 5.7042460441589355
Epoch: 3605, Loss: 5.725916862487793
Epoch: 3606, Loss: 5.713996887207031
Epoch: 3607, Loss: 5.726494312286377
Epoch: 3608, Loss: 5.707592010498047
Epoch: 3609, Loss: 5.718140602111816
Epoch: 3610, Loss: 5.705864906311035
Test acc: 0.0209, IC acc: 0.024, IC acc2: 0.0033, IW acc: 0.0037
Epoch: 3611, Loss: 5.7205610275268555
Epoch: 3612, Loss: 5.695843696594238
Epoch: 3613, Loss: 5.715581893920898
Epoch: 3614, Loss: 5.693438529968262
Epoch: 3615, Loss: 5.730576992034912
Epoch: 3616, Loss: 5.713125228881836
Epoch: 3617, Loss: 5.713586807250977
Epoch: 3618, Loss: 5.716457366943359
Epoch: 3619, Loss: 5.728574752807617
Epoch: 3620, Loss: 5.7321085929870605
Test acc: 0.021, IC acc: 0.024, IC acc2: 0.0033, IW acc: 0.0036
Epoch: 3621, Loss: 5.713827133178711
Epoch: 3622, Loss: 5.708749771118164
Epoch: 3623, Loss: 5.723781108856201
Epoch: 3624, Loss: 5.727102279663086
Epoch: 3625, Loss: 5.738203048706055
Epoch: 3626, Loss: 5.7164506912231445
Epoch: 3627, Loss: 5.720999717712402
Epoch: 3628, Loss: 5.7075700759887695
Epoch: 3629, Loss: 5.702171325683594
Epoch: 3630, Loss: 5.723094463348389
Test acc: 0.021, IC acc: 0.0239, IC acc2: 0.0032, IW acc: 0.0036
Epoch: 3631, Loss: 5.7104573249816895
Epoch: 3632, Loss: 5.720861911773682
Epoch: 3633, Loss: 5.717452526092529
Epoch: 3634, Loss: 5.711668968200684
Epoch: 3635, Loss: 5.7010064125061035
Epoch: 3636, Loss: 5.707520961761475
Epoch: 3637, Loss: 5.703701496124268
Epoch: 3638, Loss: 5.6989593505859375
Epoch: 3639, Loss: 5.701869964599609
Epoch: 3640, Loss: 5.711297512054443
Test acc: 0.021, IC acc: 0.0241, IC acc2: 0.0032, IW acc: 0.0037
Epoch: 3641, Loss: 5.714450836181641
Epoch: 3642, Loss: 5.706265449523926
Epoch: 3643, Loss: 5.703799724578857
Epoch: 3644, Loss: 5.713921546936035
Epoch: 3645, Loss: 5.705595016479492
Epoch: 3646, Loss: 5.718636512756348
Epoch: 3647, Loss: 5.715123176574707
Epoch: 3648, Loss: 5.705697059631348
Epoch: 3649, Loss: 5.712038516998291
./circuit_plots/Unrestricted Disentangled|Readout|CN=1|B0=0|B1=1|K=1280|L=320|p_B=0.75|p_C=0.75|B=2|eps=0|35ad5445-c154-4cea-8e18-983bdf361c37/ already exists.
./circuit_plots/Unrestricted Disentangled|Readout|CN=1|B0=0|B1=1|K=1280|L=320|p_B=0.75|p_C=0.75|B=2|eps=0|35ad5445-c154-4cea-8e18-983bdf361c37/ already exists.
./circuit_plots/Unrestricted Disentangled|Readout|CN=1|B0=0|B1=1|K=1280|L=320|p_B=0.75|p_C=0.75|B=2|eps=0|35ad5445-c154-4cea-8e18-983bdf361c37/ already exists.
./circuit_plots/Unrestricted Disentangled|Readout|CN=1|B0=0|B1=1|K=1280|L=320|p_B=0.75|p_C=0.75|B=2|eps=0|35ad5445-c154-4cea-8e18-983bdf361c37/ already exists.
./circuit_plots/Unrestricted Disentangled|Readout|CN=1|B0=0|B1=1|K=1280|L=320|p_B=0.75|p_C=0.75|B=2|eps=0|35ad5445-c154-4cea-8e18-983bdf361c37/ already exists.
./circuit_plots/Unrestricted Disentangled|Readout|CN=1|B0=0|B1=1|K=1280|L=320|p_B=0.75|p_C=0.75|B=2|eps=0|35ad5445-c154-4cea-8e18-983bdf361c37/ already exists.
./circuit_plots/Unrestricted Disentangled|Readout|CN=1|B0=0|B1=1|K=1280|L=320|p_B=0.75|p_C=0.75|B=2|eps=0|35ad5445-c154-4cea-8e18-983bdf361c37/ already exists.
Epoch: 3650, Loss: 5.712775230407715
Test acc: 0.021, IC acc: 0.0241, IC acc2: 0.0032, IW acc: 0.0037
Epoch: 3651, Loss: 5.711548805236816
Epoch: 3652, Loss: 5.716443061828613
Epoch: 3653, Loss: 5.705653190612793
Epoch: 3654, Loss: 5.703372955322266
Epoch: 3655, Loss: 5.6960577964782715
Epoch: 3656, Loss: 5.711005210876465
Epoch: 3657, Loss: 5.704780578613281
Epoch: 3658, Loss: 5.713261604309082
Epoch: 3659, Loss: 5.700939655303955
Epoch: 3660, Loss: 5.7247314453125
Test acc: 0.0211, IC acc: 0.0241, IC acc2: 0.0032, IW acc: 0.0038
Epoch: 3661, Loss: 5.724387168884277
Epoch: 3662, Loss: 5.703399181365967
Epoch: 3663, Loss: 5.693598747253418
Epoch: 3664, Loss: 5.711420059204102
Epoch: 3665, Loss: 5.706785202026367
Epoch: 3666, Loss: 5.69825553894043
Epoch: 3667, Loss: 5.714258193969727
Epoch: 3668, Loss: 5.716339111328125
Epoch: 3669, Loss: 5.709020614624023
Epoch: 3670, Loss: 5.708612442016602
Test acc: 0.0212, IC acc: 0.0242, IC acc2: 0.0032, IW acc: 0.0037
Epoch: 3671, Loss: 5.708867073059082
Epoch: 3672, Loss: 5.7221503257751465
Epoch: 3673, Loss: 5.717844009399414
Epoch: 3674, Loss: 5.724066734313965
Epoch: 3675, Loss: 5.7143120765686035
Epoch: 3676, Loss: 5.701040267944336
Epoch: 3677, Loss: 5.726565837860107
Epoch: 3678, Loss: 5.705811500549316
Epoch: 3679, Loss: 5.720780849456787
Epoch: 3680, Loss: 5.692444324493408
Test acc: 0.0214, IC acc: 0.0244, IC acc2: 0.0031, IW acc: 0.0037
Epoch: 3681, Loss: 5.733659744262695
Epoch: 3682, Loss: 5.725048065185547
Epoch: 3683, Loss: 5.700196266174316
Epoch: 3684, Loss: 5.723160743713379
Epoch: 3685, Loss: 5.728917121887207
Epoch: 3686, Loss: 5.71664571762085
Epoch: 3687, Loss: 5.718863487243652
Epoch: 3688, Loss: 5.705418109893799
Epoch: 3689, Loss: 5.708165168762207
Epoch: 3690, Loss: 5.706244468688965
Test acc: 0.0217, IC acc: 0.0243, IC acc2: 0.0031, IW acc: 0.0038
Epoch: 3691, Loss: 5.718902111053467
Epoch: 3692, Loss: 5.712238311767578
Epoch: 3693, Loss: 5.70526647567749
Epoch: 3694, Loss: 5.710787296295166
Epoch: 3695, Loss: 5.718380928039551
Epoch: 3696, Loss: 5.717414855957031
Epoch: 3697, Loss: 5.724556922912598
Epoch: 3698, Loss: 5.731525897979736
Epoch: 3699, Loss: 5.717960357666016
./circuit_plots/Unrestricted Disentangled|Readout|CN=1|B0=0|B1=1|K=1280|L=320|p_B=0.75|p_C=0.75|B=2|eps=0|35ad5445-c154-4cea-8e18-983bdf361c37/ already exists.
./circuit_plots/Unrestricted Disentangled|Readout|CN=1|B0=0|B1=1|K=1280|L=320|p_B=0.75|p_C=0.75|B=2|eps=0|35ad5445-c154-4cea-8e18-983bdf361c37/ already exists.
./circuit_plots/Unrestricted Disentangled|Readout|CN=1|B0=0|B1=1|K=1280|L=320|p_B=0.75|p_C=0.75|B=2|eps=0|35ad5445-c154-4cea-8e18-983bdf361c37/ already exists.
./circuit_plots/Unrestricted Disentangled|Readout|CN=1|B0=0|B1=1|K=1280|L=320|p_B=0.75|p_C=0.75|B=2|eps=0|35ad5445-c154-4cea-8e18-983bdf361c37/ already exists.
./circuit_plots/Unrestricted Disentangled|Readout|CN=1|B0=0|B1=1|K=1280|L=320|p_B=0.75|p_C=0.75|B=2|eps=0|35ad5445-c154-4cea-8e18-983bdf361c37/ already exists.
./circuit_plots/Unrestricted Disentangled|Readout|CN=1|B0=0|B1=1|K=1280|L=320|p_B=0.75|p_C=0.75|B=2|eps=0|35ad5445-c154-4cea-8e18-983bdf361c37/ already exists.
./circuit_plots/Unrestricted Disentangled|Readout|CN=1|B0=0|B1=1|K=1280|L=320|p_B=0.75|p_C=0.75|B=2|eps=0|35ad5445-c154-4cea-8e18-983bdf361c37/ already exists.
Epoch: 3700, Loss: 5.69538688659668
Test acc: 0.0216, IC acc: 0.0242, IC acc2: 0.003, IW acc: 0.0037
Epoch: 3701, Loss: 5.708690643310547
Epoch: 3702, Loss: 5.717583179473877
Epoch: 3703, Loss: 5.696571350097656
Epoch: 3704, Loss: 5.715581893920898
Epoch: 3705, Loss: 5.709314346313477
Epoch: 3706, Loss: 5.708006858825684
Epoch: 3707, Loss: 5.712606430053711
Epoch: 3708, Loss: 5.715780258178711
Epoch: 3709, Loss: 5.716165542602539
Epoch: 3710, Loss: 5.697532653808594
Test acc: 0.0219, IC acc: 0.0243, IC acc2: 0.0031, IW acc: 0.0038
Epoch: 3711, Loss: 5.709238052368164
Epoch: 3712, Loss: 5.718074321746826
Epoch: 3713, Loss: 5.703933238983154
Epoch: 3714, Loss: 5.729162216186523
Epoch: 3715, Loss: 5.710308074951172
Epoch: 3716, Loss: 5.707660675048828
Epoch: 3717, Loss: 5.721034049987793
Epoch: 3718, Loss: 5.695539474487305
Epoch: 3719, Loss: 5.727120399475098
Epoch: 3720, Loss: 5.706431865692139
Test acc: 0.0221, IC acc: 0.0245, IC acc2: 0.0031, IW acc: 0.0039
Epoch: 3721, Loss: 5.692850589752197
Epoch: 3722, Loss: 5.706090450286865
Epoch: 3723, Loss: 5.69728422164917
Epoch: 3724, Loss: 5.726478576660156
Epoch: 3725, Loss: 5.712949752807617
Epoch: 3726, Loss: 5.711199760437012
Epoch: 3727, Loss: 5.714232444763184
Epoch: 3728, Loss: 5.723817825317383
Epoch: 3729, Loss: 5.7162885665893555
Epoch: 3730, Loss: 5.709498882293701
Test acc: 0.0221, IC acc: 0.0246, IC acc2: 0.0032, IW acc: 0.0039
Epoch: 3731, Loss: 5.710206985473633
Epoch: 3732, Loss: 5.714081764221191
Epoch: 3733, Loss: 5.708399772644043
Epoch: 3734, Loss: 5.710238456726074
Epoch: 3735, Loss: 5.69462776184082
Epoch: 3736, Loss: 5.705315113067627
Epoch: 3737, Loss: 5.696291923522949
Epoch: 3738, Loss: 5.6963396072387695
Epoch: 3739, Loss: 5.709259033203125
Epoch: 3740, Loss: 5.7127461433410645
Test acc: 0.0223, IC acc: 0.0247, IC acc2: 0.0033, IW acc: 0.0037
Epoch: 3741, Loss: 5.703066349029541
Epoch: 3742, Loss: 5.708448886871338
Epoch: 3743, Loss: 5.7021026611328125
Epoch: 3744, Loss: 5.711517333984375
Epoch: 3745, Loss: 5.707897186279297
Epoch: 3746, Loss: 5.712387561798096
Epoch: 3747, Loss: 5.708637237548828
Epoch: 3748, Loss: 5.705787658691406
Epoch: 3749, Loss: 5.716229438781738
./circuit_plots/Unrestricted Disentangled|Readout|CN=1|B0=0|B1=1|K=1280|L=320|p_B=0.75|p_C=0.75|B=2|eps=0|35ad5445-c154-4cea-8e18-983bdf361c37/ already exists.
./circuit_plots/Unrestricted Disentangled|Readout|CN=1|B0=0|B1=1|K=1280|L=320|p_B=0.75|p_C=0.75|B=2|eps=0|35ad5445-c154-4cea-8e18-983bdf361c37/ already exists.
./circuit_plots/Unrestricted Disentangled|Readout|CN=1|B0=0|B1=1|K=1280|L=320|p_B=0.75|p_C=0.75|B=2|eps=0|35ad5445-c154-4cea-8e18-983bdf361c37/ already exists.
./circuit_plots/Unrestricted Disentangled|Readout|CN=1|B0=0|B1=1|K=1280|L=320|p_B=0.75|p_C=0.75|B=2|eps=0|35ad5445-c154-4cea-8e18-983bdf361c37/ already exists.
./circuit_plots/Unrestricted Disentangled|Readout|CN=1|B0=0|B1=1|K=1280|L=320|p_B=0.75|p_C=0.75|B=2|eps=0|35ad5445-c154-4cea-8e18-983bdf361c37/ already exists.
./circuit_plots/Unrestricted Disentangled|Readout|CN=1|B0=0|B1=1|K=1280|L=320|p_B=0.75|p_C=0.75|B=2|eps=0|35ad5445-c154-4cea-8e18-983bdf361c37/ already exists.
./circuit_plots/Unrestricted Disentangled|Readout|CN=1|B0=0|B1=1|K=1280|L=320|p_B=0.75|p_C=0.75|B=2|eps=0|35ad5445-c154-4cea-8e18-983bdf361c37/ already exists.
Epoch: 3750, Loss: 5.705735206604004
Test acc: 0.0225, IC acc: 0.025, IC acc2: 0.0032, IW acc: 0.0037
Epoch: 3751, Loss: 5.719606399536133
Epoch: 3752, Loss: 5.705385208129883
Epoch: 3753, Loss: 5.707064151763916
Epoch: 3754, Loss: 5.71538782119751
Epoch: 3755, Loss: 5.723001003265381
Epoch: 3756, Loss: 5.714898109436035
Epoch: 3757, Loss: 5.717169761657715
Epoch: 3758, Loss: 5.718952178955078
Epoch: 3759, Loss: 5.711129188537598
Epoch: 3760, Loss: 5.695982933044434
Test acc: 0.0227, IC acc: 0.0249, IC acc2: 0.0031, IW acc: 0.0037
Epoch: 3761, Loss: 5.7126359939575195
Epoch: 3762, Loss: 5.707641124725342
Epoch: 3763, Loss: 5.7035017013549805
Epoch: 3764, Loss: 5.704524040222168
Epoch: 3765, Loss: 5.72673225402832
Epoch: 3766, Loss: 5.703990936279297
Epoch: 3767, Loss: 5.695656776428223
Epoch: 3768, Loss: 5.7091851234436035
Epoch: 3769, Loss: 5.700692176818848
Epoch: 3770, Loss: 5.7137861251831055
Test acc: 0.0228, IC acc: 0.0251, IC acc2: 0.0032, IW acc: 0.0037
Epoch: 3771, Loss: 5.713493347167969
Epoch: 3772, Loss: 5.699668884277344
Epoch: 3773, Loss: 5.712448596954346
Epoch: 3774, Loss: 5.714570045471191
Epoch: 3775, Loss: 5.70427131652832
Epoch: 3776, Loss: 5.72879695892334
Epoch: 3777, Loss: 5.707827568054199
Epoch: 3778, Loss: 5.711522102355957
Epoch: 3779, Loss: 5.708967208862305
Epoch: 3780, Loss: 5.715692043304443
Test acc: 0.0227, IC acc: 0.0253, IC acc2: 0.0032, IW acc: 0.0037
Epoch: 3781, Loss: 5.698712348937988
Epoch: 3782, Loss: 5.710644721984863
Epoch: 3783, Loss: 5.72077751159668
Epoch: 3784, Loss: 5.718348503112793
Epoch: 3785, Loss: 5.718381881713867
Epoch: 3786, Loss: 5.733993053436279
Epoch: 3787, Loss: 5.7070770263671875
Epoch: 3788, Loss: 5.697171688079834
Epoch: 3789, Loss: 5.713242530822754
Epoch: 3790, Loss: 5.7108845710754395
Test acc: 0.0226, IC acc: 0.0255, IC acc2: 0.0032, IW acc: 0.0037
Epoch: 3791, Loss: 5.696710586547852
Epoch: 3792, Loss: 5.698890686035156
Epoch: 3793, Loss: 5.720312118530273
Epoch: 3794, Loss: 5.7107367515563965
Epoch: 3795, Loss: 5.702997207641602
Epoch: 3796, Loss: 5.705918312072754
Epoch: 3797, Loss: 5.712226867675781
Epoch: 3798, Loss: 5.7133660316467285
Epoch: 3799, Loss: 5.721976280212402
./circuit_plots/Unrestricted Disentangled|Readout|CN=1|B0=0|B1=1|K=1280|L=320|p_B=0.75|p_C=0.75|B=2|eps=0|35ad5445-c154-4cea-8e18-983bdf361c37/ already exists.
./circuit_plots/Unrestricted Disentangled|Readout|CN=1|B0=0|B1=1|K=1280|L=320|p_B=0.75|p_C=0.75|B=2|eps=0|35ad5445-c154-4cea-8e18-983bdf361c37/ already exists.
./circuit_plots/Unrestricted Disentangled|Readout|CN=1|B0=0|B1=1|K=1280|L=320|p_B=0.75|p_C=0.75|B=2|eps=0|35ad5445-c154-4cea-8e18-983bdf361c37/ already exists.
./circuit_plots/Unrestricted Disentangled|Readout|CN=1|B0=0|B1=1|K=1280|L=320|p_B=0.75|p_C=0.75|B=2|eps=0|35ad5445-c154-4cea-8e18-983bdf361c37/ already exists.
./circuit_plots/Unrestricted Disentangled|Readout|CN=1|B0=0|B1=1|K=1280|L=320|p_B=0.75|p_C=0.75|B=2|eps=0|35ad5445-c154-4cea-8e18-983bdf361c37/ already exists.
./circuit_plots/Unrestricted Disentangled|Readout|CN=1|B0=0|B1=1|K=1280|L=320|p_B=0.75|p_C=0.75|B=2|eps=0|35ad5445-c154-4cea-8e18-983bdf361c37/ already exists.
./circuit_plots/Unrestricted Disentangled|Readout|CN=1|B0=0|B1=1|K=1280|L=320|p_B=0.75|p_C=0.75|B=2|eps=0|35ad5445-c154-4cea-8e18-983bdf361c37/ already exists.
Epoch: 3800, Loss: 5.712625980377197
Test acc: 0.0226, IC acc: 0.0254, IC acc2: 0.0032, IW acc: 0.0037
Epoch: 3801, Loss: 5.713001251220703
Epoch: 3802, Loss: 5.70887565612793
Epoch: 3803, Loss: 5.723607063293457
Epoch: 3804, Loss: 5.699517250061035
Epoch: 3805, Loss: 5.716968536376953
Epoch: 3806, Loss: 5.718036651611328
Epoch: 3807, Loss: 5.721261978149414
Epoch: 3808, Loss: 5.7161102294921875
Epoch: 3809, Loss: 5.7047014236450195
Epoch: 3810, Loss: 5.702710151672363
Test acc: 0.0227, IC acc: 0.0256, IC acc2: 0.0032, IW acc: 0.0038
Epoch: 3811, Loss: 5.69802713394165
Epoch: 3812, Loss: 5.712279796600342
Epoch: 3813, Loss: 5.720353603363037
Epoch: 3814, Loss: 5.699566841125488
Epoch: 3815, Loss: 5.707645416259766
Epoch: 3816, Loss: 5.717855453491211
Epoch: 3817, Loss: 5.7104387283325195
Epoch: 3818, Loss: 5.714448928833008
Epoch: 3819, Loss: 5.701210021972656
Epoch: 3820, Loss: 5.710937976837158
Test acc: 0.0227, IC acc: 0.0258, IC acc2: 0.0032, IW acc: 0.0038
Epoch: 3821, Loss: 5.716118812561035
Epoch: 3822, Loss: 5.704195499420166
Epoch: 3823, Loss: 5.698265075683594
Epoch: 3824, Loss: 5.705052375793457
Epoch: 3825, Loss: 5.716512203216553
Epoch: 3826, Loss: 5.7046589851379395
Epoch: 3827, Loss: 5.705913543701172
Epoch: 3828, Loss: 5.697342872619629
Epoch: 3829, Loss: 5.696640968322754
Epoch: 3830, Loss: 5.7061614990234375
Test acc: 0.0229, IC acc: 0.0258, IC acc2: 0.003, IW acc: 0.0038
Epoch: 3831, Loss: 5.704117774963379
Epoch: 3832, Loss: 5.714090347290039
Epoch: 3833, Loss: 5.71876859664917
Epoch: 3834, Loss: 5.712653160095215
Epoch: 3835, Loss: 5.714336395263672
Epoch: 3836, Loss: 5.703178405761719
Epoch: 3837, Loss: 5.710302352905273
Epoch: 3838, Loss: 5.713337421417236
Epoch: 3839, Loss: 5.695791721343994
Epoch: 3840, Loss: 5.706677436828613
Test acc: 0.0231, IC acc: 0.0258, IC acc2: 0.003, IW acc: 0.0038
Epoch: 3841, Loss: 5.707419395446777
Epoch: 3842, Loss: 5.70283317565918
Epoch: 3843, Loss: 5.706425189971924
Epoch: 3844, Loss: 5.718606948852539
Epoch: 3845, Loss: 5.7102580070495605
Epoch: 3846, Loss: 5.696501731872559
Epoch: 3847, Loss: 5.694188117980957
Epoch: 3848, Loss: 5.726869583129883
Epoch: 3849, Loss: 5.7149200439453125
./circuit_plots/Unrestricted Disentangled|Readout|CN=1|B0=0|B1=1|K=1280|L=320|p_B=0.75|p_C=0.75|B=2|eps=0|35ad5445-c154-4cea-8e18-983bdf361c37/ already exists.
./circuit_plots/Unrestricted Disentangled|Readout|CN=1|B0=0|B1=1|K=1280|L=320|p_B=0.75|p_C=0.75|B=2|eps=0|35ad5445-c154-4cea-8e18-983bdf361c37/ already exists.
./circuit_plots/Unrestricted Disentangled|Readout|CN=1|B0=0|B1=1|K=1280|L=320|p_B=0.75|p_C=0.75|B=2|eps=0|35ad5445-c154-4cea-8e18-983bdf361c37/ already exists.
./circuit_plots/Unrestricted Disentangled|Readout|CN=1|B0=0|B1=1|K=1280|L=320|p_B=0.75|p_C=0.75|B=2|eps=0|35ad5445-c154-4cea-8e18-983bdf361c37/ already exists.
./circuit_plots/Unrestricted Disentangled|Readout|CN=1|B0=0|B1=1|K=1280|L=320|p_B=0.75|p_C=0.75|B=2|eps=0|35ad5445-c154-4cea-8e18-983bdf361c37/ already exists.
./circuit_plots/Unrestricted Disentangled|Readout|CN=1|B0=0|B1=1|K=1280|L=320|p_B=0.75|p_C=0.75|B=2|eps=0|35ad5445-c154-4cea-8e18-983bdf361c37/ already exists.
./circuit_plots/Unrestricted Disentangled|Readout|CN=1|B0=0|B1=1|K=1280|L=320|p_B=0.75|p_C=0.75|B=2|eps=0|35ad5445-c154-4cea-8e18-983bdf361c37/ already exists.
Epoch: 3850, Loss: 5.687266826629639
Test acc: 0.0232, IC acc: 0.0259, IC acc2: 0.0031, IW acc: 0.0038
Epoch: 3851, Loss: 5.697349548339844
Epoch: 3852, Loss: 5.715978622436523
Epoch: 3853, Loss: 5.72462272644043
Epoch: 3854, Loss: 5.699738502502441
Epoch: 3855, Loss: 5.719670295715332
Epoch: 3856, Loss: 5.715787887573242
Epoch: 3857, Loss: 5.714459419250488
Epoch: 3858, Loss: 5.722030162811279
Epoch: 3859, Loss: 5.712507724761963
Epoch: 3860, Loss: 5.708120346069336
Test acc: 0.0232, IC acc: 0.0261, IC acc2: 0.0031, IW acc: 0.0038
Epoch: 3861, Loss: 5.707147121429443
Epoch: 3862, Loss: 5.696488380432129
Epoch: 3863, Loss: 5.707222938537598
Epoch: 3864, Loss: 5.714681148529053
Epoch: 3865, Loss: 5.714015960693359
Epoch: 3866, Loss: 5.708205223083496
Epoch: 3867, Loss: 5.709490776062012
Epoch: 3868, Loss: 5.704323768615723
Epoch: 3869, Loss: 5.716125965118408
Epoch: 3870, Loss: 5.70676326751709
Test acc: 0.0233, IC acc: 0.0263, IC acc2: 0.0031, IW acc: 0.0038
Epoch: 3871, Loss: 5.708867073059082
Epoch: 3872, Loss: 5.709792613983154
Epoch: 3873, Loss: 5.7112274169921875
Epoch: 3874, Loss: 5.695758819580078
Epoch: 3875, Loss: 5.711596488952637
Epoch: 3876, Loss: 5.717028617858887
Epoch: 3877, Loss: 5.720170021057129
Epoch: 3878, Loss: 5.693905830383301
Epoch: 3879, Loss: 5.703937530517578
Epoch: 3880, Loss: 5.71380615234375
Test acc: 0.0235, IC acc: 0.0261, IC acc2: 0.0031, IW acc: 0.0038
Epoch: 3881, Loss: 5.7304887771606445
Epoch: 3882, Loss: 5.723487854003906
Epoch: 3883, Loss: 5.70878267288208
Epoch: 3884, Loss: 5.723254203796387
Epoch: 3885, Loss: 5.706203937530518
Epoch: 3886, Loss: 5.720893859863281
Epoch: 3887, Loss: 5.705085754394531
Epoch: 3888, Loss: 5.7139787673950195
Epoch: 3889, Loss: 5.710751533508301
Epoch: 3890, Loss: 5.697790145874023
Test acc: 0.0236, IC acc: 0.0263, IC acc2: 0.0031, IW acc: 0.0037
Epoch: 3891, Loss: 5.695789337158203
Epoch: 3892, Loss: 5.710865497589111
Epoch: 3893, Loss: 5.697967529296875
Epoch: 3894, Loss: 5.710707664489746
Epoch: 3895, Loss: 5.717384338378906
Epoch: 3896, Loss: 5.7016425132751465
Epoch: 3897, Loss: 5.707372665405273
Epoch: 3898, Loss: 5.729163646697998
Epoch: 3899, Loss: 5.715515613555908
./circuit_plots/Unrestricted Disentangled|Readout|CN=1|B0=0|B1=1|K=1280|L=320|p_B=0.75|p_C=0.75|B=2|eps=0|35ad5445-c154-4cea-8e18-983bdf361c37/ already exists.
./circuit_plots/Unrestricted Disentangled|Readout|CN=1|B0=0|B1=1|K=1280|L=320|p_B=0.75|p_C=0.75|B=2|eps=0|35ad5445-c154-4cea-8e18-983bdf361c37/ already exists.
./circuit_plots/Unrestricted Disentangled|Readout|CN=1|B0=0|B1=1|K=1280|L=320|p_B=0.75|p_C=0.75|B=2|eps=0|35ad5445-c154-4cea-8e18-983bdf361c37/ already exists.
./circuit_plots/Unrestricted Disentangled|Readout|CN=1|B0=0|B1=1|K=1280|L=320|p_B=0.75|p_C=0.75|B=2|eps=0|35ad5445-c154-4cea-8e18-983bdf361c37/ already exists.
./circuit_plots/Unrestricted Disentangled|Readout|CN=1|B0=0|B1=1|K=1280|L=320|p_B=0.75|p_C=0.75|B=2|eps=0|35ad5445-c154-4cea-8e18-983bdf361c37/ already exists.
./circuit_plots/Unrestricted Disentangled|Readout|CN=1|B0=0|B1=1|K=1280|L=320|p_B=0.75|p_C=0.75|B=2|eps=0|35ad5445-c154-4cea-8e18-983bdf361c37/ already exists.
./circuit_plots/Unrestricted Disentangled|Readout|CN=1|B0=0|B1=1|K=1280|L=320|p_B=0.75|p_C=0.75|B=2|eps=0|35ad5445-c154-4cea-8e18-983bdf361c37/ already exists.
Epoch: 3900, Loss: 5.702631950378418
Test acc: 0.0238, IC acc: 0.0262, IC acc2: 0.0032, IW acc: 0.0039
Epoch: 3901, Loss: 5.703342437744141
Epoch: 3902, Loss: 5.702864646911621
Epoch: 3903, Loss: 5.696017742156982
Epoch: 3904, Loss: 5.715895652770996
Epoch: 3905, Loss: 5.7076096534729
Epoch: 3906, Loss: 5.706869602203369
Epoch: 3907, Loss: 5.714360237121582
Epoch: 3908, Loss: 5.701727867126465
Epoch: 3909, Loss: 5.716888427734375
Epoch: 3910, Loss: 5.705826282501221
Test acc: 0.0235, IC acc: 0.0264, IC acc2: 0.0032, IW acc: 0.0037
Epoch: 3911, Loss: 5.70502233505249
Epoch: 3912, Loss: 5.708062171936035
Epoch: 3913, Loss: 5.714293003082275
Epoch: 3914, Loss: 5.7213897705078125
Epoch: 3915, Loss: 5.710309028625488
Epoch: 3916, Loss: 5.709883689880371
Epoch: 3917, Loss: 5.698929786682129
Epoch: 3918, Loss: 5.722039222717285
Epoch: 3919, Loss: 5.716126918792725
Epoch: 3920, Loss: 5.701752662658691
Test acc: 0.0241, IC acc: 0.0264, IC acc2: 0.0032, IW acc: 0.0037
Epoch: 3921, Loss: 5.691915988922119
Epoch: 3922, Loss: 5.711627960205078
Epoch: 3923, Loss: 5.713003158569336
Epoch: 3924, Loss: 5.696595668792725
Epoch: 3925, Loss: 5.703461647033691
Epoch: 3926, Loss: 5.687232494354248
Epoch: 3927, Loss: 5.712197303771973
Epoch: 3928, Loss: 5.722784042358398
Epoch: 3929, Loss: 5.705158233642578
Epoch: 3930, Loss: 5.697004795074463
Test acc: 0.0241, IC acc: 0.0264, IC acc2: 0.0032, IW acc: 0.0036
Epoch: 3931, Loss: 5.718728065490723
Epoch: 3932, Loss: 5.701877593994141
Epoch: 3933, Loss: 5.716070175170898
Epoch: 3934, Loss: 5.707114219665527
Epoch: 3935, Loss: 5.70932674407959
Epoch: 3936, Loss: 5.702857494354248
Epoch: 3937, Loss: 5.717558860778809
Epoch: 3938, Loss: 5.724697589874268
Epoch: 3939, Loss: 5.700389385223389
Epoch: 3940, Loss: 5.701414108276367
Test acc: 0.0242, IC acc: 0.0263, IC acc2: 0.0032, IW acc: 0.0037
Epoch: 3941, Loss: 5.708737373352051
Epoch: 3942, Loss: 5.719959259033203
Epoch: 3943, Loss: 5.7124128341674805
Epoch: 3944, Loss: 5.708269119262695
Epoch: 3945, Loss: 5.69814920425415
Epoch: 3946, Loss: 5.7138671875
Epoch: 3947, Loss: 5.703052997589111
Epoch: 3948, Loss: 5.708268165588379
Epoch: 3949, Loss: 5.717223644256592
./circuit_plots/Unrestricted Disentangled|Readout|CN=1|B0=0|B1=1|K=1280|L=320|p_B=0.75|p_C=0.75|B=2|eps=0|35ad5445-c154-4cea-8e18-983bdf361c37/ already exists.
./circuit_plots/Unrestricted Disentangled|Readout|CN=1|B0=0|B1=1|K=1280|L=320|p_B=0.75|p_C=0.75|B=2|eps=0|35ad5445-c154-4cea-8e18-983bdf361c37/ already exists.
./circuit_plots/Unrestricted Disentangled|Readout|CN=1|B0=0|B1=1|K=1280|L=320|p_B=0.75|p_C=0.75|B=2|eps=0|35ad5445-c154-4cea-8e18-983bdf361c37/ already exists.
./circuit_plots/Unrestricted Disentangled|Readout|CN=1|B0=0|B1=1|K=1280|L=320|p_B=0.75|p_C=0.75|B=2|eps=0|35ad5445-c154-4cea-8e18-983bdf361c37/ already exists.
./circuit_plots/Unrestricted Disentangled|Readout|CN=1|B0=0|B1=1|K=1280|L=320|p_B=0.75|p_C=0.75|B=2|eps=0|35ad5445-c154-4cea-8e18-983bdf361c37/ already exists.
./circuit_plots/Unrestricted Disentangled|Readout|CN=1|B0=0|B1=1|K=1280|L=320|p_B=0.75|p_C=0.75|B=2|eps=0|35ad5445-c154-4cea-8e18-983bdf361c37/ already exists.
./circuit_plots/Unrestricted Disentangled|Readout|CN=1|B0=0|B1=1|K=1280|L=320|p_B=0.75|p_C=0.75|B=2|eps=0|35ad5445-c154-4cea-8e18-983bdf361c37/ already exists.
Epoch: 3950, Loss: 5.710160255432129
Test acc: 0.0244, IC acc: 0.0265, IC acc2: 0.0032, IW acc: 0.0036
Epoch: 3951, Loss: 5.7165679931640625
Epoch: 3952, Loss: 5.714495658874512
Epoch: 3953, Loss: 5.711800575256348
Epoch: 3954, Loss: 5.7128400802612305
Epoch: 3955, Loss: 5.704812526702881
Epoch: 3956, Loss: 5.7166314125061035
Epoch: 3957, Loss: 5.697381019592285
Epoch: 3958, Loss: 5.708676338195801
Epoch: 3959, Loss: 5.693547248840332
Epoch: 3960, Loss: 5.6938910484313965
Test acc: 0.0245, IC acc: 0.0267, IC acc2: 0.0032, IW acc: 0.0037
Epoch: 3961, Loss: 5.712826251983643
Epoch: 3962, Loss: 5.704318046569824
Epoch: 3963, Loss: 5.705496788024902
Epoch: 3964, Loss: 5.70142936706543
Epoch: 3965, Loss: 5.715404033660889
Epoch: 3966, Loss: 5.710184097290039
Epoch: 3967, Loss: 5.705194473266602
Epoch: 3968, Loss: 5.7089080810546875
Epoch: 3969, Loss: 5.710607528686523
Epoch: 3970, Loss: 5.7147369384765625
Test acc: 0.0244, IC acc: 0.0269, IC acc2: 0.0032, IW acc: 0.0037
Epoch: 3971, Loss: 5.693133354187012
Epoch: 3972, Loss: 5.693528175354004
Epoch: 3973, Loss: 5.6993560791015625
Epoch: 3974, Loss: 5.698351860046387
Epoch: 3975, Loss: 5.691463947296143
Epoch: 3976, Loss: 5.718262672424316
Epoch: 3977, Loss: 5.703060150146484
Epoch: 3978, Loss: 5.719271659851074
Epoch: 3979, Loss: 5.688874244689941
Epoch: 3980, Loss: 5.721765041351318
Test acc: 0.0244, IC acc: 0.0271, IC acc2: 0.0032, IW acc: 0.0037
Epoch: 3981, Loss: 5.712170600891113
Epoch: 3982, Loss: 5.715610504150391
Epoch: 3983, Loss: 5.7130126953125
Epoch: 3984, Loss: 5.7001519203186035
Epoch: 3985, Loss: 5.705427646636963
Epoch: 3986, Loss: 5.7025041580200195
Epoch: 3987, Loss: 5.716504096984863
Epoch: 3988, Loss: 5.701851844787598
Epoch: 3989, Loss: 5.700718402862549
Epoch: 3990, Loss: 5.704367637634277
Test acc: 0.025, IC acc: 0.0272, IC acc2: 0.0032, IW acc: 0.0038
Epoch: 3991, Loss: 5.706131935119629
Epoch: 3992, Loss: 5.688778877258301
Epoch: 3993, Loss: 5.70058536529541
Epoch: 3994, Loss: 5.707152366638184
Epoch: 3995, Loss: 5.7089080810546875
Epoch: 3996, Loss: 5.706202507019043
Epoch: 3997, Loss: 5.707137107849121
Epoch: 3998, Loss: 5.717650413513184
Epoch: 3999, Loss: 5.689383029937744
./circuit_plots/Unrestricted Disentangled|Readout|CN=1|B0=0|B1=1|K=1280|L=320|p_B=0.75|p_C=0.75|B=2|eps=0|35ad5445-c154-4cea-8e18-983bdf361c37/ already exists.
./circuit_plots/Unrestricted Disentangled|Readout|CN=1|B0=0|B1=1|K=1280|L=320|p_B=0.75|p_C=0.75|B=2|eps=0|35ad5445-c154-4cea-8e18-983bdf361c37/ already exists.
./circuit_plots/Unrestricted Disentangled|Readout|CN=1|B0=0|B1=1|K=1280|L=320|p_B=0.75|p_C=0.75|B=2|eps=0|35ad5445-c154-4cea-8e18-983bdf361c37/ already exists.
./circuit_plots/Unrestricted Disentangled|Readout|CN=1|B0=0|B1=1|K=1280|L=320|p_B=0.75|p_C=0.75|B=2|eps=0|35ad5445-c154-4cea-8e18-983bdf361c37/ already exists.
./circuit_plots/Unrestricted Disentangled|Readout|CN=1|B0=0|B1=1|K=1280|L=320|p_B=0.75|p_C=0.75|B=2|eps=0|35ad5445-c154-4cea-8e18-983bdf361c37/ already exists.
./circuit_plots/Unrestricted Disentangled|Readout|CN=1|B0=0|B1=1|K=1280|L=320|p_B=0.75|p_C=0.75|B=2|eps=0|35ad5445-c154-4cea-8e18-983bdf361c37/ already exists.
./circuit_plots/Unrestricted Disentangled|Readout|CN=1|B0=0|B1=1|K=1280|L=320|p_B=0.75|p_C=0.75|B=2|eps=0|35ad5445-c154-4cea-8e18-983bdf361c37/ already exists.
Epoch: 4000, Loss: 5.713465690612793
Test acc: 0.0251, IC acc: 0.0274, IC acc2: 0.0032, IW acc: 0.0038
Epoch: 4001, Loss: 5.682335376739502
Epoch: 4002, Loss: 5.710785865783691
Epoch: 4003, Loss: 5.70390510559082
Epoch: 4004, Loss: 5.69805908203125
Epoch: 4005, Loss: 5.710654258728027
Epoch: 4006, Loss: 5.706081867218018
Epoch: 4007, Loss: 5.703205108642578
Epoch: 4008, Loss: 5.7101240158081055
Epoch: 4009, Loss: 5.707442760467529
Epoch: 4010, Loss: 5.719460487365723
Test acc: 0.0251, IC acc: 0.0275, IC acc2: 0.0032, IW acc: 0.0038
Epoch: 4011, Loss: 5.705238342285156
Epoch: 4012, Loss: 5.699947357177734
Epoch: 4013, Loss: 5.716012001037598
Epoch: 4014, Loss: 5.715721130371094
Epoch: 4015, Loss: 5.699821472167969
Epoch: 4016, Loss: 5.703409194946289
Epoch: 4017, Loss: 5.70109748840332
Epoch: 4018, Loss: 5.70524263381958
Epoch: 4019, Loss: 5.704111099243164
Epoch: 4020, Loss: 5.696716785430908
Test acc: 0.0253, IC acc: 0.0276, IC acc2: 0.0032, IW acc: 0.0039
Epoch: 4021, Loss: 5.706860542297363
Epoch: 4022, Loss: 5.71198034286499
Epoch: 4023, Loss: 5.709648132324219
Epoch: 4024, Loss: 5.71161413192749
Epoch: 4025, Loss: 5.718970775604248
Epoch: 4026, Loss: 5.695107460021973
Epoch: 4027, Loss: 5.702548503875732
Epoch: 4028, Loss: 5.696483612060547
Epoch: 4029, Loss: 5.715088844299316
Epoch: 4030, Loss: 5.699661731719971
Test acc: 0.0254, IC acc: 0.0278, IC acc2: 0.0032, IW acc: 0.0039
Epoch: 4031, Loss: 5.705401420593262
Epoch: 4032, Loss: 5.706032752990723
Epoch: 4033, Loss: 5.719911098480225
Epoch: 4034, Loss: 5.700727462768555
Epoch: 4035, Loss: 5.698712348937988
Epoch: 4036, Loss: 5.697248458862305
Epoch: 4037, Loss: 5.703417778015137
Epoch: 4038, Loss: 5.711413860321045
Epoch: 4039, Loss: 5.725447654724121
Epoch: 4040, Loss: 5.707354545593262
Test acc: 0.0254, IC acc: 0.0278, IC acc2: 0.0031, IW acc: 0.0038
Epoch: 4041, Loss: 5.700891494750977
Epoch: 4042, Loss: 5.716564178466797
Epoch: 4043, Loss: 5.701529502868652
Epoch: 4044, Loss: 5.694918155670166
Epoch: 4045, Loss: 5.691015720367432
Epoch: 4046, Loss: 5.708461284637451
Epoch: 4047, Loss: 5.714061737060547
Epoch: 4048, Loss: 5.692420959472656
Epoch: 4049, Loss: 5.714763641357422
./circuit_plots/Unrestricted Disentangled|Readout|CN=1|B0=0|B1=1|K=1280|L=320|p_B=0.75|p_C=0.75|B=2|eps=0|35ad5445-c154-4cea-8e18-983bdf361c37/ already exists.
./circuit_plots/Unrestricted Disentangled|Readout|CN=1|B0=0|B1=1|K=1280|L=320|p_B=0.75|p_C=0.75|B=2|eps=0|35ad5445-c154-4cea-8e18-983bdf361c37/ already exists.
./circuit_plots/Unrestricted Disentangled|Readout|CN=1|B0=0|B1=1|K=1280|L=320|p_B=0.75|p_C=0.75|B=2|eps=0|35ad5445-c154-4cea-8e18-983bdf361c37/ already exists.
./circuit_plots/Unrestricted Disentangled|Readout|CN=1|B0=0|B1=1|K=1280|L=320|p_B=0.75|p_C=0.75|B=2|eps=0|35ad5445-c154-4cea-8e18-983bdf361c37/ already exists.
./circuit_plots/Unrestricted Disentangled|Readout|CN=1|B0=0|B1=1|K=1280|L=320|p_B=0.75|p_C=0.75|B=2|eps=0|35ad5445-c154-4cea-8e18-983bdf361c37/ already exists.
./circuit_plots/Unrestricted Disentangled|Readout|CN=1|B0=0|B1=1|K=1280|L=320|p_B=0.75|p_C=0.75|B=2|eps=0|35ad5445-c154-4cea-8e18-983bdf361c37/ already exists.
./circuit_plots/Unrestricted Disentangled|Readout|CN=1|B0=0|B1=1|K=1280|L=320|p_B=0.75|p_C=0.75|B=2|eps=0|35ad5445-c154-4cea-8e18-983bdf361c37/ already exists.
Epoch: 4050, Loss: 5.69611120223999
Test acc: 0.0254, IC acc: 0.0278, IC acc2: 0.0031, IW acc: 0.0038
Epoch: 4051, Loss: 5.708475589752197
Epoch: 4052, Loss: 5.718927383422852
Epoch: 4053, Loss: 5.7092695236206055
Epoch: 4054, Loss: 5.712662696838379
Epoch: 4055, Loss: 5.696743965148926
Epoch: 4056, Loss: 5.713925361633301
Epoch: 4057, Loss: 5.696310043334961
Epoch: 4058, Loss: 5.709819793701172
Epoch: 4059, Loss: 5.710208892822266
Epoch: 4060, Loss: 5.707054138183594
Test acc: 0.0256, IC acc: 0.028, IC acc2: 0.0031, IW acc: 0.0038
Epoch: 4061, Loss: 5.70853328704834
Epoch: 4062, Loss: 5.712662220001221
Epoch: 4063, Loss: 5.712162494659424
Epoch: 4064, Loss: 5.712678909301758
Epoch: 4065, Loss: 5.706557750701904
Epoch: 4066, Loss: 5.711499214172363
Epoch: 4067, Loss: 5.709088325500488
Epoch: 4068, Loss: 5.677732467651367
Epoch: 4069, Loss: 5.697530269622803
Epoch: 4070, Loss: 5.706674575805664
Test acc: 0.0256, IC acc: 0.0281, IC acc2: 0.0032, IW acc: 0.0038
Epoch: 4071, Loss: 5.698422431945801
Epoch: 4072, Loss: 5.687315464019775
Epoch: 4073, Loss: 5.695064067840576
Epoch: 4074, Loss: 5.7118611335754395
Epoch: 4075, Loss: 5.71728515625
Epoch: 4076, Loss: 5.696431636810303
Epoch: 4077, Loss: 5.715756416320801
Epoch: 4078, Loss: 5.699710845947266
Epoch: 4079, Loss: 5.685614585876465
Epoch: 4080, Loss: 5.725236892700195
Test acc: 0.0256, IC acc: 0.0283, IC acc2: 0.0032, IW acc: 0.0038
Epoch: 4081, Loss: 5.699353218078613
Epoch: 4082, Loss: 5.708223342895508
Epoch: 4083, Loss: 5.697770118713379
Epoch: 4084, Loss: 5.705796241760254
Epoch: 4085, Loss: 5.6854705810546875
Epoch: 4086, Loss: 5.696486473083496
Epoch: 4087, Loss: 5.714458465576172
Epoch: 4088, Loss: 5.722987651824951
Epoch: 4089, Loss: 5.694241046905518
Epoch: 4090, Loss: 5.717792510986328
Test acc: 0.0257, IC acc: 0.0283, IC acc2: 0.0031, IW acc: 0.0038
Epoch: 4091, Loss: 5.703902244567871
Epoch: 4092, Loss: 5.712398529052734
Epoch: 4093, Loss: 5.698871612548828
Epoch: 4094, Loss: 5.715305328369141
Epoch: 4095, Loss: 5.719717025756836
Epoch: 4096, Loss: 5.688877105712891
Epoch: 4097, Loss: 5.707428455352783
Epoch: 4098, Loss: 5.714092254638672
Epoch: 4099, Loss: 5.699857711791992
./circuit_plots/Unrestricted Disentangled|Readout|CN=1|B0=0|B1=1|K=1280|L=320|p_B=0.75|p_C=0.75|B=2|eps=0|35ad5445-c154-4cea-8e18-983bdf361c37/ already exists.
./circuit_plots/Unrestricted Disentangled|Readout|CN=1|B0=0|B1=1|K=1280|L=320|p_B=0.75|p_C=0.75|B=2|eps=0|35ad5445-c154-4cea-8e18-983bdf361c37/ already exists.
./circuit_plots/Unrestricted Disentangled|Readout|CN=1|B0=0|B1=1|K=1280|L=320|p_B=0.75|p_C=0.75|B=2|eps=0|35ad5445-c154-4cea-8e18-983bdf361c37/ already exists.
./circuit_plots/Unrestricted Disentangled|Readout|CN=1|B0=0|B1=1|K=1280|L=320|p_B=0.75|p_C=0.75|B=2|eps=0|35ad5445-c154-4cea-8e18-983bdf361c37/ already exists.
./circuit_plots/Unrestricted Disentangled|Readout|CN=1|B0=0|B1=1|K=1280|L=320|p_B=0.75|p_C=0.75|B=2|eps=0|35ad5445-c154-4cea-8e18-983bdf361c37/ already exists.
./circuit_plots/Unrestricted Disentangled|Readout|CN=1|B0=0|B1=1|K=1280|L=320|p_B=0.75|p_C=0.75|B=2|eps=0|35ad5445-c154-4cea-8e18-983bdf361c37/ already exists.
./circuit_plots/Unrestricted Disentangled|Readout|CN=1|B0=0|B1=1|K=1280|L=320|p_B=0.75|p_C=0.75|B=2|eps=0|35ad5445-c154-4cea-8e18-983bdf361c37/ already exists.
Epoch: 4100, Loss: 5.717326641082764
Test acc: 0.0257, IC acc: 0.0284, IC acc2: 0.0031, IW acc: 0.0038
Epoch: 4101, Loss: 5.6783647537231445
Epoch: 4102, Loss: 5.7077250480651855
Epoch: 4103, Loss: 5.712946891784668
Epoch: 4104, Loss: 5.699036598205566
Epoch: 4105, Loss: 5.710488796234131
Epoch: 4106, Loss: 5.685471534729004
Epoch: 4107, Loss: 5.720146179199219
Epoch: 4108, Loss: 5.704528331756592
Epoch: 4109, Loss: 5.704730987548828
Epoch: 4110, Loss: 5.716498374938965
Test acc: 0.0256, IC acc: 0.0286, IC acc2: 0.0031, IW acc: 0.0038
Epoch: 4111, Loss: 5.698393821716309
Epoch: 4112, Loss: 5.71915340423584
Epoch: 4113, Loss: 5.692591667175293
Epoch: 4114, Loss: 5.710303783416748
Epoch: 4115, Loss: 5.702654838562012
Epoch: 4116, Loss: 5.704056262969971
Epoch: 4117, Loss: 5.712854385375977
Epoch: 4118, Loss: 5.702258110046387
Epoch: 4119, Loss: 5.705829620361328
Epoch: 4120, Loss: 5.695523262023926
Test acc: 0.0257, IC acc: 0.0286, IC acc2: 0.0031, IW acc: 0.0038
Epoch: 4121, Loss: 5.697915077209473
Epoch: 4122, Loss: 5.705705642700195
Epoch: 4123, Loss: 5.682708263397217
Epoch: 4124, Loss: 5.722387313842773
Epoch: 4125, Loss: 5.707491874694824
Epoch: 4126, Loss: 5.703484535217285
Epoch: 4127, Loss: 5.695915222167969
Epoch: 4128, Loss: 5.705892562866211
Epoch: 4129, Loss: 5.683806419372559
Epoch: 4130, Loss: 5.710308074951172
Test acc: 0.0257, IC acc: 0.029, IC acc2: 0.0033, IW acc: 0.0038
Epoch: 4131, Loss: 5.7112860679626465
Epoch: 4132, Loss: 5.720029830932617
Epoch: 4133, Loss: 5.701943397521973
Epoch: 4134, Loss: 5.694949150085449
Epoch: 4135, Loss: 5.70352840423584
Epoch: 4136, Loss: 5.700844764709473
Epoch: 4137, Loss: 5.716085433959961
Epoch: 4138, Loss: 5.701883316040039
Epoch: 4139, Loss: 5.7095417976379395
Epoch: 4140, Loss: 5.687999248504639
Test acc: 0.0259, IC acc: 0.029, IC acc2: 0.0032, IW acc: 0.0037
Epoch: 4141, Loss: 5.720608234405518
Epoch: 4142, Loss: 5.70018196105957
Epoch: 4143, Loss: 5.702579498291016
Epoch: 4144, Loss: 5.718422889709473
Epoch: 4145, Loss: 5.71793270111084
Epoch: 4146, Loss: 5.712761878967285
Epoch: 4147, Loss: 5.703368663787842
Epoch: 4148, Loss: 5.696662902832031
Epoch: 4149, Loss: 5.706531047821045
./circuit_plots/Unrestricted Disentangled|Readout|CN=1|B0=0|B1=1|K=1280|L=320|p_B=0.75|p_C=0.75|B=2|eps=0|35ad5445-c154-4cea-8e18-983bdf361c37/ already exists.
./circuit_plots/Unrestricted Disentangled|Readout|CN=1|B0=0|B1=1|K=1280|L=320|p_B=0.75|p_C=0.75|B=2|eps=0|35ad5445-c154-4cea-8e18-983bdf361c37/ already exists.
./circuit_plots/Unrestricted Disentangled|Readout|CN=1|B0=0|B1=1|K=1280|L=320|p_B=0.75|p_C=0.75|B=2|eps=0|35ad5445-c154-4cea-8e18-983bdf361c37/ already exists.
./circuit_plots/Unrestricted Disentangled|Readout|CN=1|B0=0|B1=1|K=1280|L=320|p_B=0.75|p_C=0.75|B=2|eps=0|35ad5445-c154-4cea-8e18-983bdf361c37/ already exists.
./circuit_plots/Unrestricted Disentangled|Readout|CN=1|B0=0|B1=1|K=1280|L=320|p_B=0.75|p_C=0.75|B=2|eps=0|35ad5445-c154-4cea-8e18-983bdf361c37/ already exists.
./circuit_plots/Unrestricted Disentangled|Readout|CN=1|B0=0|B1=1|K=1280|L=320|p_B=0.75|p_C=0.75|B=2|eps=0|35ad5445-c154-4cea-8e18-983bdf361c37/ already exists.
./circuit_plots/Unrestricted Disentangled|Readout|CN=1|B0=0|B1=1|K=1280|L=320|p_B=0.75|p_C=0.75|B=2|eps=0|35ad5445-c154-4cea-8e18-983bdf361c37/ already exists.
Epoch: 4150, Loss: 5.69984769821167
Test acc: 0.0259, IC acc: 0.029, IC acc2: 0.0033, IW acc: 0.0037
Epoch: 4151, Loss: 5.713239669799805
Epoch: 4152, Loss: 5.703158378601074
Epoch: 4153, Loss: 5.710968017578125
Epoch: 4154, Loss: 5.707588195800781
Epoch: 4155, Loss: 5.704982757568359
Epoch: 4156, Loss: 5.696615219116211
Epoch: 4157, Loss: 5.715900421142578
Epoch: 4158, Loss: 5.706998825073242
Epoch: 4159, Loss: 5.710844993591309
Epoch: 4160, Loss: 5.7064595222473145
Test acc: 0.026, IC acc: 0.0291, IC acc2: 0.0033, IW acc: 0.0037
Epoch: 4161, Loss: 5.7101874351501465
Epoch: 4162, Loss: 5.71177864074707
Epoch: 4163, Loss: 5.699679374694824
Epoch: 4164, Loss: 5.701329231262207
Epoch: 4165, Loss: 5.702383041381836
Epoch: 4166, Loss: 5.704644203186035
Epoch: 4167, Loss: 5.703671455383301
Epoch: 4168, Loss: 5.700447082519531
Epoch: 4169, Loss: 5.711085319519043
Epoch: 4170, Loss: 5.698625087738037
Test acc: 0.0259, IC acc: 0.0294, IC acc2: 0.0033, IW acc: 0.0036
Epoch: 4171, Loss: 5.690412521362305
Epoch: 4172, Loss: 5.707386016845703
Epoch: 4173, Loss: 5.708988189697266
Epoch: 4174, Loss: 5.702044486999512
Epoch: 4175, Loss: 5.71248722076416
Epoch: 4176, Loss: 5.694165229797363
Epoch: 4177, Loss: 5.7004547119140625
Epoch: 4178, Loss: 5.703242301940918
Epoch: 4179, Loss: 5.71239709854126
Epoch: 4180, Loss: 5.710484981536865
Test acc: 0.0261, IC acc: 0.0295, IC acc2: 0.0033, IW acc: 0.0036
Epoch: 4181, Loss: 5.695766925811768
Epoch: 4182, Loss: 5.699861526489258
Epoch: 4183, Loss: 5.703397274017334
Epoch: 4184, Loss: 5.706805229187012
Epoch: 4185, Loss: 5.703070640563965
Epoch: 4186, Loss: 5.7003679275512695
Epoch: 4187, Loss: 5.703235626220703
Epoch: 4188, Loss: 5.706993103027344
Epoch: 4189, Loss: 5.689282417297363
Epoch: 4190, Loss: 5.721974849700928
Test acc: 0.0263, IC acc: 0.0294, IC acc2: 0.0033, IW acc: 0.0036
Epoch: 4191, Loss: 5.707024574279785
Epoch: 4192, Loss: 5.706992149353027
Epoch: 4193, Loss: 5.691756725311279
Epoch: 4194, Loss: 5.710862159729004
Epoch: 4195, Loss: 5.703711986541748
Epoch: 4196, Loss: 5.702532768249512
Epoch: 4197, Loss: 5.703241348266602
Epoch: 4198, Loss: 5.699010372161865
Epoch: 4199, Loss: 5.714084625244141
./circuit_plots/Unrestricted Disentangled|Readout|CN=1|B0=0|B1=1|K=1280|L=320|p_B=0.75|p_C=0.75|B=2|eps=0|35ad5445-c154-4cea-8e18-983bdf361c37/ already exists.
./circuit_plots/Unrestricted Disentangled|Readout|CN=1|B0=0|B1=1|K=1280|L=320|p_B=0.75|p_C=0.75|B=2|eps=0|35ad5445-c154-4cea-8e18-983bdf361c37/ already exists.
./circuit_plots/Unrestricted Disentangled|Readout|CN=1|B0=0|B1=1|K=1280|L=320|p_B=0.75|p_C=0.75|B=2|eps=0|35ad5445-c154-4cea-8e18-983bdf361c37/ already exists.
./circuit_plots/Unrestricted Disentangled|Readout|CN=1|B0=0|B1=1|K=1280|L=320|p_B=0.75|p_C=0.75|B=2|eps=0|35ad5445-c154-4cea-8e18-983bdf361c37/ already exists.
./circuit_plots/Unrestricted Disentangled|Readout|CN=1|B0=0|B1=1|K=1280|L=320|p_B=0.75|p_C=0.75|B=2|eps=0|35ad5445-c154-4cea-8e18-983bdf361c37/ already exists.
./circuit_plots/Unrestricted Disentangled|Readout|CN=1|B0=0|B1=1|K=1280|L=320|p_B=0.75|p_C=0.75|B=2|eps=0|35ad5445-c154-4cea-8e18-983bdf361c37/ already exists.
./circuit_plots/Unrestricted Disentangled|Readout|CN=1|B0=0|B1=1|K=1280|L=320|p_B=0.75|p_C=0.75|B=2|eps=0|35ad5445-c154-4cea-8e18-983bdf361c37/ already exists.
Epoch: 4200, Loss: 5.707480430603027
Test acc: 0.0263, IC acc: 0.0297, IC acc2: 0.0033, IW acc: 0.0036
Epoch: 4201, Loss: 5.699697494506836
Epoch: 4202, Loss: 5.704217910766602
Epoch: 4203, Loss: 5.708479881286621
Epoch: 4204, Loss: 5.701611042022705
Epoch: 4205, Loss: 5.698020935058594
Epoch: 4206, Loss: 5.69902229309082
Epoch: 4207, Loss: 5.717182636260986
Epoch: 4208, Loss: 5.695145130157471
Epoch: 4209, Loss: 5.725716590881348
Epoch: 4210, Loss: 5.685874938964844
Test acc: 0.0265, IC acc: 0.0298, IC acc2: 0.0033, IW acc: 0.0035
Epoch: 4211, Loss: 5.700691223144531
Epoch: 4212, Loss: 5.6903276443481445
Epoch: 4213, Loss: 5.699030876159668
Epoch: 4214, Loss: 5.6909284591674805
Epoch: 4215, Loss: 5.702507019042969
Epoch: 4216, Loss: 5.70749568939209
Epoch: 4217, Loss: 5.701395034790039
Epoch: 4218, Loss: 5.695687294006348
Epoch: 4219, Loss: 5.700682640075684
Epoch: 4220, Loss: 5.689024925231934
Test acc: 0.0266, IC acc: 0.0301, IC acc2: 0.0033, IW acc: 0.0035
Epoch: 4221, Loss: 5.698285102844238
Epoch: 4222, Loss: 5.712596416473389
Epoch: 4223, Loss: 5.703243255615234
Epoch: 4224, Loss: 5.703696250915527
Epoch: 4225, Loss: 5.713807582855225
Epoch: 4226, Loss: 5.699889183044434
Epoch: 4227, Loss: 5.6866841316223145
Epoch: 4228, Loss: 5.695125102996826
Epoch: 4229, Loss: 5.700345516204834
Epoch: 4230, Loss: 5.698464393615723
Test acc: 0.0266, IC acc: 0.0302, IC acc2: 0.0033, IW acc: 0.0037
Epoch: 4231, Loss: 5.712142467498779
Epoch: 4232, Loss: 5.700107574462891
Epoch: 4233, Loss: 5.703007221221924
Epoch: 4234, Loss: 5.711816787719727
Epoch: 4235, Loss: 5.704892635345459
Epoch: 4236, Loss: 5.704833030700684
Epoch: 4237, Loss: 5.7162604331970215
Epoch: 4238, Loss: 5.701837062835693
Epoch: 4239, Loss: 5.704463005065918
Epoch: 4240, Loss: 5.69936466217041
Test acc: 0.0266, IC acc: 0.0301, IC acc2: 0.0033, IW acc: 0.0037
Epoch: 4241, Loss: 5.708978176116943
Epoch: 4242, Loss: 5.707403182983398
Epoch: 4243, Loss: 5.700756549835205
Epoch: 4244, Loss: 5.7069411277771
Epoch: 4245, Loss: 5.686567306518555
Epoch: 4246, Loss: 5.693286895751953
Epoch: 4247, Loss: 5.692403793334961
Epoch: 4248, Loss: 5.713133335113525
Epoch: 4249, Loss: 5.689981460571289
./circuit_plots/Unrestricted Disentangled|Readout|CN=1|B0=0|B1=1|K=1280|L=320|p_B=0.75|p_C=0.75|B=2|eps=0|35ad5445-c154-4cea-8e18-983bdf361c37/ already exists.
./circuit_plots/Unrestricted Disentangled|Readout|CN=1|B0=0|B1=1|K=1280|L=320|p_B=0.75|p_C=0.75|B=2|eps=0|35ad5445-c154-4cea-8e18-983bdf361c37/ already exists.
./circuit_plots/Unrestricted Disentangled|Readout|CN=1|B0=0|B1=1|K=1280|L=320|p_B=0.75|p_C=0.75|B=2|eps=0|35ad5445-c154-4cea-8e18-983bdf361c37/ already exists.
./circuit_plots/Unrestricted Disentangled|Readout|CN=1|B0=0|B1=1|K=1280|L=320|p_B=0.75|p_C=0.75|B=2|eps=0|35ad5445-c154-4cea-8e18-983bdf361c37/ already exists.
./circuit_plots/Unrestricted Disentangled|Readout|CN=1|B0=0|B1=1|K=1280|L=320|p_B=0.75|p_C=0.75|B=2|eps=0|35ad5445-c154-4cea-8e18-983bdf361c37/ already exists.
./circuit_plots/Unrestricted Disentangled|Readout|CN=1|B0=0|B1=1|K=1280|L=320|p_B=0.75|p_C=0.75|B=2|eps=0|35ad5445-c154-4cea-8e18-983bdf361c37/ already exists.
./circuit_plots/Unrestricted Disentangled|Readout|CN=1|B0=0|B1=1|K=1280|L=320|p_B=0.75|p_C=0.75|B=2|eps=0|35ad5445-c154-4cea-8e18-983bdf361c37/ already exists.
Epoch: 4250, Loss: 5.714596271514893
Test acc: 0.0267, IC acc: 0.0305, IC acc2: 0.0033, IW acc: 0.0036
Epoch: 4251, Loss: 5.704100608825684
Epoch: 4252, Loss: 5.695221900939941
Epoch: 4253, Loss: 5.696645259857178
Epoch: 4254, Loss: 5.682979583740234
Epoch: 4255, Loss: 5.706364631652832
Epoch: 4256, Loss: 5.7006940841674805
Epoch: 4257, Loss: 5.699093818664551
Epoch: 4258, Loss: 5.7052788734436035
Epoch: 4259, Loss: 5.681214809417725
Epoch: 4260, Loss: 5.702366828918457
Test acc: 0.0267, IC acc: 0.0306, IC acc2: 0.0033, IW acc: 0.0036
Epoch: 4261, Loss: 5.708916664123535
Epoch: 4262, Loss: 5.713676929473877
Epoch: 4263, Loss: 5.695793628692627
Epoch: 4264, Loss: 5.692600250244141
Epoch: 4265, Loss: 5.71296501159668
Epoch: 4266, Loss: 5.696505546569824
Epoch: 4267, Loss: 5.700793743133545
Epoch: 4268, Loss: 5.710748672485352
Epoch: 4269, Loss: 5.7050371170043945
Epoch: 4270, Loss: 5.713237762451172
Test acc: 0.027, IC acc: 0.0307, IC acc2: 0.0033, IW acc: 0.0036
Epoch: 4271, Loss: 5.720611095428467
Epoch: 4272, Loss: 5.703624725341797
Epoch: 4273, Loss: 5.7060041427612305
Epoch: 4274, Loss: 5.694812774658203
Epoch: 4275, Loss: 5.716806411743164
Epoch: 4276, Loss: 5.694918632507324
Epoch: 4277, Loss: 5.700908660888672
Epoch: 4278, Loss: 5.7031025886535645
Epoch: 4279, Loss: 5.701452732086182
Epoch: 4280, Loss: 5.716617107391357
Test acc: 0.0272, IC acc: 0.0312, IC acc2: 0.0033, IW acc: 0.0035
Epoch: 4281, Loss: 5.7083964347839355
Epoch: 4282, Loss: 5.698166847229004
Epoch: 4283, Loss: 5.712975978851318
Epoch: 4284, Loss: 5.692025661468506
Epoch: 4285, Loss: 5.702075958251953
Epoch: 4286, Loss: 5.702933311462402
Epoch: 4287, Loss: 5.705690860748291
Epoch: 4288, Loss: 5.698208808898926
Epoch: 4289, Loss: 5.701368808746338
Epoch: 4290, Loss: 5.699126243591309
Test acc: 0.0273, IC acc: 0.0313, IC acc2: 0.0033, IW acc: 0.0036
Epoch: 4291, Loss: 5.7183942794799805
Epoch: 4292, Loss: 5.691292762756348
Epoch: 4293, Loss: 5.698307037353516
Epoch: 4294, Loss: 5.701453685760498
Epoch: 4295, Loss: 5.695734024047852
Epoch: 4296, Loss: 5.682842254638672
Epoch: 4297, Loss: 5.695616245269775
Epoch: 4298, Loss: 5.703963279724121
Epoch: 4299, Loss: 5.699914932250977
./circuit_plots/Unrestricted Disentangled|Readout|CN=1|B0=0|B1=1|K=1280|L=320|p_B=0.75|p_C=0.75|B=2|eps=0|35ad5445-c154-4cea-8e18-983bdf361c37/ already exists.
./circuit_plots/Unrestricted Disentangled|Readout|CN=1|B0=0|B1=1|K=1280|L=320|p_B=0.75|p_C=0.75|B=2|eps=0|35ad5445-c154-4cea-8e18-983bdf361c37/ already exists.
./circuit_plots/Unrestricted Disentangled|Readout|CN=1|B0=0|B1=1|K=1280|L=320|p_B=0.75|p_C=0.75|B=2|eps=0|35ad5445-c154-4cea-8e18-983bdf361c37/ already exists.
./circuit_plots/Unrestricted Disentangled|Readout|CN=1|B0=0|B1=1|K=1280|L=320|p_B=0.75|p_C=0.75|B=2|eps=0|35ad5445-c154-4cea-8e18-983bdf361c37/ already exists.
./circuit_plots/Unrestricted Disentangled|Readout|CN=1|B0=0|B1=1|K=1280|L=320|p_B=0.75|p_C=0.75|B=2|eps=0|35ad5445-c154-4cea-8e18-983bdf361c37/ already exists.
./circuit_plots/Unrestricted Disentangled|Readout|CN=1|B0=0|B1=1|K=1280|L=320|p_B=0.75|p_C=0.75|B=2|eps=0|35ad5445-c154-4cea-8e18-983bdf361c37/ already exists.
./circuit_plots/Unrestricted Disentangled|Readout|CN=1|B0=0|B1=1|K=1280|L=320|p_B=0.75|p_C=0.75|B=2|eps=0|35ad5445-c154-4cea-8e18-983bdf361c37/ already exists.
Epoch: 4300, Loss: 5.6960906982421875
Test acc: 0.0275, IC acc: 0.0316, IC acc2: 0.0033, IW acc: 0.0035
Epoch: 4301, Loss: 5.698189735412598
Epoch: 4302, Loss: 5.698817253112793
Epoch: 4303, Loss: 5.6967997550964355
Epoch: 4304, Loss: 5.709262847900391
Epoch: 4305, Loss: 5.700669288635254
Epoch: 4306, Loss: 5.696067810058594
Epoch: 4307, Loss: 5.7023725509643555
Epoch: 4308, Loss: 5.711548805236816
Epoch: 4309, Loss: 5.6926350593566895
Epoch: 4310, Loss: 5.700369834899902
Test acc: 0.0276, IC acc: 0.0316, IC acc2: 0.0033, IW acc: 0.0036
Epoch: 4311, Loss: 5.704873085021973
Epoch: 4312, Loss: 5.698326587677002
Epoch: 4313, Loss: 5.694886207580566
Epoch: 4314, Loss: 5.701361656188965
Epoch: 4315, Loss: 5.707045078277588
Epoch: 4316, Loss: 5.701432228088379
Epoch: 4317, Loss: 5.690756797790527
Epoch: 4318, Loss: 5.691847801208496
Epoch: 4319, Loss: 5.697412967681885
Epoch: 4320, Loss: 5.7026286125183105
Test acc: 0.0275, IC acc: 0.0317, IC acc2: 0.0033, IW acc: 0.0036
Epoch: 4321, Loss: 5.72070837020874
Epoch: 4322, Loss: 5.696596145629883
Epoch: 4323, Loss: 5.707347393035889
Epoch: 4324, Loss: 5.7074666023254395
Epoch: 4325, Loss: 5.707011699676514
Epoch: 4326, Loss: 5.701780319213867
Epoch: 4327, Loss: 5.697203159332275
Epoch: 4328, Loss: 5.689476490020752
Epoch: 4329, Loss: 5.702989101409912
Epoch: 4330, Loss: 5.694550514221191
Test acc: 0.0276, IC acc: 0.0319, IC acc2: 0.0033, IW acc: 0.0036
Epoch: 4331, Loss: 5.689601421356201
Epoch: 4332, Loss: 5.697951316833496
Epoch: 4333, Loss: 5.696409702301025
Epoch: 4334, Loss: 5.700016498565674
Epoch: 4335, Loss: 5.716003894805908
Epoch: 4336, Loss: 5.691795825958252
Epoch: 4337, Loss: 5.713474273681641
Epoch: 4338, Loss: 5.692548751831055
Epoch: 4339, Loss: 5.720767974853516
Epoch: 4340, Loss: 5.711155891418457
Test acc: 0.0277, IC acc: 0.0322, IC acc2: 0.0033, IW acc: 0.0037
Epoch: 4341, Loss: 5.6971564292907715
Epoch: 4342, Loss: 5.7013444900512695
Epoch: 4343, Loss: 5.700868606567383
Epoch: 4344, Loss: 5.7063446044921875
Epoch: 4345, Loss: 5.709055423736572
Epoch: 4346, Loss: 5.701399326324463
Epoch: 4347, Loss: 5.700323104858398
Epoch: 4348, Loss: 5.701862335205078
Epoch: 4349, Loss: 5.709392547607422
./circuit_plots/Unrestricted Disentangled|Readout|CN=1|B0=0|B1=1|K=1280|L=320|p_B=0.75|p_C=0.75|B=2|eps=0|35ad5445-c154-4cea-8e18-983bdf361c37/ already exists.
./circuit_plots/Unrestricted Disentangled|Readout|CN=1|B0=0|B1=1|K=1280|L=320|p_B=0.75|p_C=0.75|B=2|eps=0|35ad5445-c154-4cea-8e18-983bdf361c37/ already exists.
./circuit_plots/Unrestricted Disentangled|Readout|CN=1|B0=0|B1=1|K=1280|L=320|p_B=0.75|p_C=0.75|B=2|eps=0|35ad5445-c154-4cea-8e18-983bdf361c37/ already exists.
./circuit_plots/Unrestricted Disentangled|Readout|CN=1|B0=0|B1=1|K=1280|L=320|p_B=0.75|p_C=0.75|B=2|eps=0|35ad5445-c154-4cea-8e18-983bdf361c37/ already exists.
./circuit_plots/Unrestricted Disentangled|Readout|CN=1|B0=0|B1=1|K=1280|L=320|p_B=0.75|p_C=0.75|B=2|eps=0|35ad5445-c154-4cea-8e18-983bdf361c37/ already exists.
./circuit_plots/Unrestricted Disentangled|Readout|CN=1|B0=0|B1=1|K=1280|L=320|p_B=0.75|p_C=0.75|B=2|eps=0|35ad5445-c154-4cea-8e18-983bdf361c37/ already exists.
./circuit_plots/Unrestricted Disentangled|Readout|CN=1|B0=0|B1=1|K=1280|L=320|p_B=0.75|p_C=0.75|B=2|eps=0|35ad5445-c154-4cea-8e18-983bdf361c37/ already exists.
Epoch: 4350, Loss: 5.685582160949707
Test acc: 0.0278, IC acc: 0.0321, IC acc2: 0.0033, IW acc: 0.0037
Epoch: 4351, Loss: 5.707801818847656
Epoch: 4352, Loss: 5.6927666664123535
Epoch: 4353, Loss: 5.69658088684082
Epoch: 4354, Loss: 5.689427375793457
Epoch: 4355, Loss: 5.7011566162109375
Epoch: 4356, Loss: 5.707403182983398
Epoch: 4357, Loss: 5.690659523010254
Epoch: 4358, Loss: 5.6984453201293945
Epoch: 4359, Loss: 5.713051795959473
Epoch: 4360, Loss: 5.698611259460449
Test acc: 0.0278, IC acc: 0.0324, IC acc2: 0.0033, IW acc: 0.0036
Epoch: 4361, Loss: 5.695117950439453
Epoch: 4362, Loss: 5.716231346130371
Epoch: 4363, Loss: 5.700832366943359
Epoch: 4364, Loss: 5.70591402053833
Epoch: 4365, Loss: 5.704327583312988
Epoch: 4366, Loss: 5.695240020751953
Epoch: 4367, Loss: 5.700586795806885
Epoch: 4368, Loss: 5.688597679138184
Epoch: 4369, Loss: 5.69952392578125
Epoch: 4370, Loss: 5.704649448394775
Test acc: 0.0279, IC acc: 0.0326, IC acc2: 0.0033, IW acc: 0.0037
Epoch: 4371, Loss: 5.711940765380859
Epoch: 4372, Loss: 5.697025299072266
Epoch: 4373, Loss: 5.708878993988037
Epoch: 4374, Loss: 5.709616184234619
Epoch: 4375, Loss: 5.712854385375977
Epoch: 4376, Loss: 5.705410003662109
Epoch: 4377, Loss: 5.719714164733887
Epoch: 4378, Loss: 5.6976423263549805
Epoch: 4379, Loss: 5.698516368865967
Epoch: 4380, Loss: 5.690550327301025
Test acc: 0.028, IC acc: 0.0328, IC acc2: 0.0033, IW acc: 0.0037
Epoch: 4381, Loss: 5.697901725769043
Epoch: 4382, Loss: 5.701292037963867
Epoch: 4383, Loss: 5.708821773529053
Epoch: 4384, Loss: 5.685141563415527
Epoch: 4385, Loss: 5.701445579528809
Epoch: 4386, Loss: 5.699695587158203
Epoch: 4387, Loss: 5.709478378295898
Epoch: 4388, Loss: 5.690421104431152
Epoch: 4389, Loss: 5.7062177658081055
Epoch: 4390, Loss: 5.7060089111328125
Test acc: 0.0283, IC acc: 0.033, IC acc2: 0.0033, IW acc: 0.0037
Epoch: 4391, Loss: 5.705379486083984
Epoch: 4392, Loss: 5.690423011779785
Epoch: 4393, Loss: 5.710942268371582
Epoch: 4394, Loss: 5.693129539489746
Epoch: 4395, Loss: 5.710795879364014
Epoch: 4396, Loss: 5.713782787322998
Epoch: 4397, Loss: 5.70212984085083
Epoch: 4398, Loss: 5.699982643127441
Epoch: 4399, Loss: 5.716887474060059
./circuit_plots/Unrestricted Disentangled|Readout|CN=1|B0=0|B1=1|K=1280|L=320|p_B=0.75|p_C=0.75|B=2|eps=0|35ad5445-c154-4cea-8e18-983bdf361c37/ already exists.
./circuit_plots/Unrestricted Disentangled|Readout|CN=1|B0=0|B1=1|K=1280|L=320|p_B=0.75|p_C=0.75|B=2|eps=0|35ad5445-c154-4cea-8e18-983bdf361c37/ already exists.
./circuit_plots/Unrestricted Disentangled|Readout|CN=1|B0=0|B1=1|K=1280|L=320|p_B=0.75|p_C=0.75|B=2|eps=0|35ad5445-c154-4cea-8e18-983bdf361c37/ already exists.
./circuit_plots/Unrestricted Disentangled|Readout|CN=1|B0=0|B1=1|K=1280|L=320|p_B=0.75|p_C=0.75|B=2|eps=0|35ad5445-c154-4cea-8e18-983bdf361c37/ already exists.
./circuit_plots/Unrestricted Disentangled|Readout|CN=1|B0=0|B1=1|K=1280|L=320|p_B=0.75|p_C=0.75|B=2|eps=0|35ad5445-c154-4cea-8e18-983bdf361c37/ already exists.
./circuit_plots/Unrestricted Disentangled|Readout|CN=1|B0=0|B1=1|K=1280|L=320|p_B=0.75|p_C=0.75|B=2|eps=0|35ad5445-c154-4cea-8e18-983bdf361c37/ already exists.
./circuit_plots/Unrestricted Disentangled|Readout|CN=1|B0=0|B1=1|K=1280|L=320|p_B=0.75|p_C=0.75|B=2|eps=0|35ad5445-c154-4cea-8e18-983bdf361c37/ already exists.
Epoch: 4400, Loss: 5.694657325744629
Test acc: 0.0283, IC acc: 0.033, IC acc2: 0.0033, IW acc: 0.0037
Epoch: 4401, Loss: 5.713920593261719
Epoch: 4402, Loss: 5.696496963500977
Epoch: 4403, Loss: 5.697592258453369
Epoch: 4404, Loss: 5.698202133178711
Epoch: 4405, Loss: 5.701076984405518
Epoch: 4406, Loss: 5.7005743980407715
Epoch: 4407, Loss: 5.7149200439453125
Epoch: 4408, Loss: 5.717844009399414
Epoch: 4409, Loss: 5.707424163818359
Epoch: 4410, Loss: 5.705120086669922
Test acc: 0.0283, IC acc: 0.0331, IC acc2: 0.0033, IW acc: 0.0036
Epoch: 4411, Loss: 5.706018924713135
Epoch: 4412, Loss: 5.698354721069336
Epoch: 4413, Loss: 5.693553924560547
Epoch: 4414, Loss: 5.6933465003967285
Epoch: 4415, Loss: 5.692981719970703
Epoch: 4416, Loss: 5.706306457519531
Epoch: 4417, Loss: 5.697546005249023
Epoch: 4418, Loss: 5.716355323791504
Epoch: 4419, Loss: 5.691738128662109
Epoch: 4420, Loss: 5.688460826873779
Test acc: 0.0284, IC acc: 0.0333, IC acc2: 0.0033, IW acc: 0.0037
Epoch: 4421, Loss: 5.696658611297607
Epoch: 4422, Loss: 5.701418876647949
Epoch: 4423, Loss: 5.713489532470703
Epoch: 4424, Loss: 5.701865196228027
Epoch: 4425, Loss: 5.703509330749512
Epoch: 4426, Loss: 5.701635360717773
Epoch: 4427, Loss: 5.701255798339844
Epoch: 4428, Loss: 5.694429397583008
Epoch: 4429, Loss: 5.699411392211914
Epoch: 4430, Loss: 5.698009014129639
Test acc: 0.0285, IC acc: 0.0336, IC acc2: 0.0033, IW acc: 0.0037
Epoch: 4431, Loss: 5.6998491287231445
Epoch: 4432, Loss: 5.706153869628906
Epoch: 4433, Loss: 5.696479797363281
Epoch: 4434, Loss: 5.716936111450195
Epoch: 4435, Loss: 5.688690662384033
Epoch: 4436, Loss: 5.678916931152344
Epoch: 4437, Loss: 5.696676731109619
Epoch: 4438, Loss: 5.6942830085754395
Epoch: 4439, Loss: 5.710147857666016
Epoch: 4440, Loss: 5.699856758117676
Test acc: 0.0286, IC acc: 0.0336, IC acc2: 0.0034, IW acc: 0.0037
Epoch: 4441, Loss: 5.693940162658691
Epoch: 4442, Loss: 5.694967269897461
Epoch: 4443, Loss: 5.693299293518066
Epoch: 4444, Loss: 5.681727409362793
Epoch: 4445, Loss: 5.689857482910156
Epoch: 4446, Loss: 5.702523708343506
Epoch: 4447, Loss: 5.706103324890137
Epoch: 4448, Loss: 5.697210311889648
Epoch: 4449, Loss: 5.706462860107422
./circuit_plots/Unrestricted Disentangled|Readout|CN=1|B0=0|B1=1|K=1280|L=320|p_B=0.75|p_C=0.75|B=2|eps=0|35ad5445-c154-4cea-8e18-983bdf361c37/ already exists.
./circuit_plots/Unrestricted Disentangled|Readout|CN=1|B0=0|B1=1|K=1280|L=320|p_B=0.75|p_C=0.75|B=2|eps=0|35ad5445-c154-4cea-8e18-983bdf361c37/ already exists.
./circuit_plots/Unrestricted Disentangled|Readout|CN=1|B0=0|B1=1|K=1280|L=320|p_B=0.75|p_C=0.75|B=2|eps=0|35ad5445-c154-4cea-8e18-983bdf361c37/ already exists.
./circuit_plots/Unrestricted Disentangled|Readout|CN=1|B0=0|B1=1|K=1280|L=320|p_B=0.75|p_C=0.75|B=2|eps=0|35ad5445-c154-4cea-8e18-983bdf361c37/ already exists.
./circuit_plots/Unrestricted Disentangled|Readout|CN=1|B0=0|B1=1|K=1280|L=320|p_B=0.75|p_C=0.75|B=2|eps=0|35ad5445-c154-4cea-8e18-983bdf361c37/ already exists.
./circuit_plots/Unrestricted Disentangled|Readout|CN=1|B0=0|B1=1|K=1280|L=320|p_B=0.75|p_C=0.75|B=2|eps=0|35ad5445-c154-4cea-8e18-983bdf361c37/ already exists.
./circuit_plots/Unrestricted Disentangled|Readout|CN=1|B0=0|B1=1|K=1280|L=320|p_B=0.75|p_C=0.75|B=2|eps=0|35ad5445-c154-4cea-8e18-983bdf361c37/ already exists.
Epoch: 4450, Loss: 5.699929237365723
Test acc: 0.0286, IC acc: 0.0336, IC acc2: 0.0033, IW acc: 0.0037
Epoch: 4451, Loss: 5.698768615722656
Epoch: 4452, Loss: 5.6972479820251465
Epoch: 4453, Loss: 5.700170516967773
Epoch: 4454, Loss: 5.69514799118042
Epoch: 4455, Loss: 5.696499824523926
Epoch: 4456, Loss: 5.6896233558654785
Epoch: 4457, Loss: 5.703232765197754
Epoch: 4458, Loss: 5.7046051025390625
Epoch: 4459, Loss: 5.719307899475098
Epoch: 4460, Loss: 5.704535007476807
Test acc: 0.0288, IC acc: 0.0338, IC acc2: 0.0033, IW acc: 0.0035
Epoch: 4461, Loss: 5.7048659324646
Epoch: 4462, Loss: 5.702886581420898
Epoch: 4463, Loss: 5.7100629806518555
Epoch: 4464, Loss: 5.703675270080566
Epoch: 4465, Loss: 5.70086669921875
Epoch: 4466, Loss: 5.696397304534912
Epoch: 4467, Loss: 5.690286636352539
Epoch: 4468, Loss: 5.710887908935547
Epoch: 4469, Loss: 5.704449653625488
Epoch: 4470, Loss: 5.700836658477783
Test acc: 0.0288, IC acc: 0.0339, IC acc2: 0.0033, IW acc: 0.0035
Epoch: 4471, Loss: 5.698709487915039
Epoch: 4472, Loss: 5.699950218200684
Epoch: 4473, Loss: 5.705759048461914
Epoch: 4474, Loss: 5.702803611755371
Epoch: 4475, Loss: 5.700464248657227
Epoch: 4476, Loss: 5.690654754638672
Epoch: 4477, Loss: 5.692756652832031
Epoch: 4478, Loss: 5.670910835266113
Epoch: 4479, Loss: 5.701725959777832
Epoch: 4480, Loss: 5.684186935424805
Test acc: 0.0289, IC acc: 0.0341, IC acc2: 0.0034, IW acc: 0.0034
Epoch: 4481, Loss: 5.703129291534424
Epoch: 4482, Loss: 5.684409141540527
Epoch: 4483, Loss: 5.699422836303711
Epoch: 4484, Loss: 5.701154708862305
Epoch: 4485, Loss: 5.702566146850586
Epoch: 4486, Loss: 5.686402320861816
Epoch: 4487, Loss: 5.698923110961914
Epoch: 4488, Loss: 5.696255683898926
Epoch: 4489, Loss: 5.708647727966309
Epoch: 4490, Loss: 5.704983711242676
Test acc: 0.0292, IC acc: 0.0344, IC acc2: 0.0033, IW acc: 0.0034
Epoch: 4491, Loss: 5.692581653594971
Epoch: 4492, Loss: 5.703661918640137
Epoch: 4493, Loss: 5.695591926574707
Epoch: 4494, Loss: 5.70125675201416
Epoch: 4495, Loss: 5.686424255371094
Epoch: 4496, Loss: 5.700075626373291
Epoch: 4497, Loss: 5.6942524909973145
Epoch: 4498, Loss: 5.708154201507568
Epoch: 4499, Loss: 5.705260276794434
./circuit_plots/Unrestricted Disentangled|Readout|CN=1|B0=0|B1=1|K=1280|L=320|p_B=0.75|p_C=0.75|B=2|eps=0|35ad5445-c154-4cea-8e18-983bdf361c37/ already exists.
./circuit_plots/Unrestricted Disentangled|Readout|CN=1|B0=0|B1=1|K=1280|L=320|p_B=0.75|p_C=0.75|B=2|eps=0|35ad5445-c154-4cea-8e18-983bdf361c37/ already exists.
./circuit_plots/Unrestricted Disentangled|Readout|CN=1|B0=0|B1=1|K=1280|L=320|p_B=0.75|p_C=0.75|B=2|eps=0|35ad5445-c154-4cea-8e18-983bdf361c37/ already exists.
./circuit_plots/Unrestricted Disentangled|Readout|CN=1|B0=0|B1=1|K=1280|L=320|p_B=0.75|p_C=0.75|B=2|eps=0|35ad5445-c154-4cea-8e18-983bdf361c37/ already exists.
./circuit_plots/Unrestricted Disentangled|Readout|CN=1|B0=0|B1=1|K=1280|L=320|p_B=0.75|p_C=0.75|B=2|eps=0|35ad5445-c154-4cea-8e18-983bdf361c37/ already exists.
./circuit_plots/Unrestricted Disentangled|Readout|CN=1|B0=0|B1=1|K=1280|L=320|p_B=0.75|p_C=0.75|B=2|eps=0|35ad5445-c154-4cea-8e18-983bdf361c37/ already exists.
./circuit_plots/Unrestricted Disentangled|Readout|CN=1|B0=0|B1=1|K=1280|L=320|p_B=0.75|p_C=0.75|B=2|eps=0|35ad5445-c154-4cea-8e18-983bdf361c37/ already exists.
Epoch: 4500, Loss: 5.710922718048096
Test acc: 0.0292, IC acc: 0.0342, IC acc2: 0.0033, IW acc: 0.0034
Epoch: 4501, Loss: 5.689155578613281
Epoch: 4502, Loss: 5.690593719482422
Epoch: 4503, Loss: 5.694779396057129
Epoch: 4504, Loss: 5.697829246520996
Epoch: 4505, Loss: 5.696436882019043
Epoch: 4506, Loss: 5.71043586730957
Epoch: 4507, Loss: 5.712003707885742
Epoch: 4508, Loss: 5.694517135620117
Epoch: 4509, Loss: 5.6994171142578125
Epoch: 4510, Loss: 5.694015026092529
Test acc: 0.0293, IC acc: 0.0345, IC acc2: 0.0033, IW acc: 0.0034
Epoch: 4511, Loss: 5.701697826385498
Epoch: 4512, Loss: 5.685754299163818
Epoch: 4513, Loss: 5.710559844970703
Epoch: 4514, Loss: 5.72320032119751
Epoch: 4515, Loss: 5.713607311248779
Epoch: 4516, Loss: 5.700804710388184
Epoch: 4517, Loss: 5.686322212219238
Epoch: 4518, Loss: 5.707337379455566
Epoch: 4519, Loss: 5.691952705383301
Epoch: 4520, Loss: 5.705927848815918
Test acc: 0.0295, IC acc: 0.0345, IC acc2: 0.0033, IW acc: 0.0034
Epoch: 4521, Loss: 5.698731422424316
Epoch: 4522, Loss: 5.700701713562012
Epoch: 4523, Loss: 5.695257186889648
Epoch: 4524, Loss: 5.680013656616211
Epoch: 4525, Loss: 5.687284469604492
Epoch: 4526, Loss: 5.694780349731445
Epoch: 4527, Loss: 5.716011047363281
Epoch: 4528, Loss: 5.6982831954956055
Epoch: 4529, Loss: 5.711233615875244
Epoch: 4530, Loss: 5.704586505889893
Test acc: 0.0297, IC acc: 0.0347, IC acc2: 0.0033, IW acc: 0.0034
Epoch: 4531, Loss: 5.706608295440674
Epoch: 4532, Loss: 5.699378967285156
Epoch: 4533, Loss: 5.700333118438721
Epoch: 4534, Loss: 5.690669536590576
Epoch: 4535, Loss: 5.686173439025879
Epoch: 4536, Loss: 5.720187187194824
Epoch: 4537, Loss: 5.693474769592285
Epoch: 4538, Loss: 5.696335792541504
Epoch: 4539, Loss: 5.706189155578613
Epoch: 4540, Loss: 5.705080032348633
Test acc: 0.0298, IC acc: 0.0347, IC acc2: 0.0033, IW acc: 0.0035
Epoch: 4541, Loss: 5.708998680114746
Epoch: 4542, Loss: 5.701310634613037
Epoch: 4543, Loss: 5.718043327331543
Epoch: 4544, Loss: 5.700249195098877
Epoch: 4545, Loss: 5.689578056335449
Epoch: 4546, Loss: 5.695336818695068
Epoch: 4547, Loss: 5.704734802246094
Epoch: 4548, Loss: 5.706978797912598
Epoch: 4549, Loss: 5.70368766784668
./circuit_plots/Unrestricted Disentangled|Readout|CN=1|B0=0|B1=1|K=1280|L=320|p_B=0.75|p_C=0.75|B=2|eps=0|35ad5445-c154-4cea-8e18-983bdf361c37/ already exists.
./circuit_plots/Unrestricted Disentangled|Readout|CN=1|B0=0|B1=1|K=1280|L=320|p_B=0.75|p_C=0.75|B=2|eps=0|35ad5445-c154-4cea-8e18-983bdf361c37/ already exists.
./circuit_plots/Unrestricted Disentangled|Readout|CN=1|B0=0|B1=1|K=1280|L=320|p_B=0.75|p_C=0.75|B=2|eps=0|35ad5445-c154-4cea-8e18-983bdf361c37/ already exists.
./circuit_plots/Unrestricted Disentangled|Readout|CN=1|B0=0|B1=1|K=1280|L=320|p_B=0.75|p_C=0.75|B=2|eps=0|35ad5445-c154-4cea-8e18-983bdf361c37/ already exists.
./circuit_plots/Unrestricted Disentangled|Readout|CN=1|B0=0|B1=1|K=1280|L=320|p_B=0.75|p_C=0.75|B=2|eps=0|35ad5445-c154-4cea-8e18-983bdf361c37/ already exists.
./circuit_plots/Unrestricted Disentangled|Readout|CN=1|B0=0|B1=1|K=1280|L=320|p_B=0.75|p_C=0.75|B=2|eps=0|35ad5445-c154-4cea-8e18-983bdf361c37/ already exists.
./circuit_plots/Unrestricted Disentangled|Readout|CN=1|B0=0|B1=1|K=1280|L=320|p_B=0.75|p_C=0.75|B=2|eps=0|35ad5445-c154-4cea-8e18-983bdf361c37/ already exists.
Epoch: 4550, Loss: 5.697502136230469
Test acc: 0.0297, IC acc: 0.0349, IC acc2: 0.0033, IW acc: 0.0035
Epoch: 4551, Loss: 5.687939643859863
Epoch: 4552, Loss: 5.712521553039551
Epoch: 4553, Loss: 5.688534259796143
Epoch: 4554, Loss: 5.700216770172119
Epoch: 4555, Loss: 5.6829142570495605
Epoch: 4556, Loss: 5.704867362976074
Epoch: 4557, Loss: 5.702729225158691
Epoch: 4558, Loss: 5.687226295471191
Epoch: 4559, Loss: 5.694406032562256
Epoch: 4560, Loss: 5.709746837615967
Test acc: 0.0297, IC acc: 0.035, IC acc2: 0.0035, IW acc: 0.0035
Epoch: 4561, Loss: 5.699862480163574
Epoch: 4562, Loss: 5.688996315002441
Epoch: 4563, Loss: 5.703010559082031
Epoch: 4564, Loss: 5.708844184875488
Epoch: 4565, Loss: 5.712396144866943
Epoch: 4566, Loss: 5.702733993530273
Epoch: 4567, Loss: 5.7166032791137695
Epoch: 4568, Loss: 5.684988021850586
Epoch: 4569, Loss: 5.715465545654297
Epoch: 4570, Loss: 5.691446304321289
Test acc: 0.0298, IC acc: 0.0353, IC acc2: 0.0033, IW acc: 0.0034
Epoch: 4571, Loss: 5.704473495483398
Epoch: 4572, Loss: 5.691210746765137
Epoch: 4573, Loss: 5.684362411499023
Epoch: 4574, Loss: 5.683453559875488
Epoch: 4575, Loss: 5.705687522888184
Epoch: 4576, Loss: 5.706936836242676
Epoch: 4577, Loss: 5.691376209259033
Epoch: 4578, Loss: 5.709988117218018
Epoch: 4579, Loss: 5.704192638397217
Epoch: 4580, Loss: 5.705595016479492
Test acc: 0.0301, IC acc: 0.0354, IC acc2: 0.0034, IW acc: 0.0034
Epoch: 4581, Loss: 5.701668739318848
Epoch: 4582, Loss: 5.690502643585205
Epoch: 4583, Loss: 5.685103893280029
Epoch: 4584, Loss: 5.7049970626831055
Epoch: 4585, Loss: 5.7053937911987305
Epoch: 4586, Loss: 5.712281703948975
Epoch: 4587, Loss: 5.7046918869018555
Epoch: 4588, Loss: 5.697643280029297
Epoch: 4589, Loss: 5.71499490737915
Epoch: 4590, Loss: 5.70767879486084
Test acc: 0.0302, IC acc: 0.0355, IC acc2: 0.0034, IW acc: 0.0034
Epoch: 4591, Loss: 5.699590682983398
Epoch: 4592, Loss: 5.699901103973389
Epoch: 4593, Loss: 5.671518802642822
Epoch: 4594, Loss: 5.694217205047607
Epoch: 4595, Loss: 5.699552059173584
Epoch: 4596, Loss: 5.682905197143555
Epoch: 4597, Loss: 5.685240268707275
Epoch: 4598, Loss: 5.691015243530273
Epoch: 4599, Loss: 5.686279296875
./circuit_plots/Unrestricted Disentangled|Readout|CN=1|B0=0|B1=1|K=1280|L=320|p_B=0.75|p_C=0.75|B=2|eps=0|35ad5445-c154-4cea-8e18-983bdf361c37/ already exists.
./circuit_plots/Unrestricted Disentangled|Readout|CN=1|B0=0|B1=1|K=1280|L=320|p_B=0.75|p_C=0.75|B=2|eps=0|35ad5445-c154-4cea-8e18-983bdf361c37/ already exists.
./circuit_plots/Unrestricted Disentangled|Readout|CN=1|B0=0|B1=1|K=1280|L=320|p_B=0.75|p_C=0.75|B=2|eps=0|35ad5445-c154-4cea-8e18-983bdf361c37/ already exists.
./circuit_plots/Unrestricted Disentangled|Readout|CN=1|B0=0|B1=1|K=1280|L=320|p_B=0.75|p_C=0.75|B=2|eps=0|35ad5445-c154-4cea-8e18-983bdf361c37/ already exists.
./circuit_plots/Unrestricted Disentangled|Readout|CN=1|B0=0|B1=1|K=1280|L=320|p_B=0.75|p_C=0.75|B=2|eps=0|35ad5445-c154-4cea-8e18-983bdf361c37/ already exists.
./circuit_plots/Unrestricted Disentangled|Readout|CN=1|B0=0|B1=1|K=1280|L=320|p_B=0.75|p_C=0.75|B=2|eps=0|35ad5445-c154-4cea-8e18-983bdf361c37/ already exists.
./circuit_plots/Unrestricted Disentangled|Readout|CN=1|B0=0|B1=1|K=1280|L=320|p_B=0.75|p_C=0.75|B=2|eps=0|35ad5445-c154-4cea-8e18-983bdf361c37/ already exists.
Epoch: 4600, Loss: 5.696074962615967
Test acc: 0.0304, IC acc: 0.0355, IC acc2: 0.0033, IW acc: 0.0035
Epoch: 4601, Loss: 5.707916259765625
Epoch: 4602, Loss: 5.695617198944092
Epoch: 4603, Loss: 5.684967041015625
Epoch: 4604, Loss: 5.692525863647461
Epoch: 4605, Loss: 5.7108306884765625
Epoch: 4606, Loss: 5.706398010253906
Epoch: 4607, Loss: 5.701865196228027
Epoch: 4608, Loss: 5.698208808898926
Epoch: 4609, Loss: 5.709869384765625
Epoch: 4610, Loss: 5.682638168334961
Test acc: 0.0305, IC acc: 0.0357, IC acc2: 0.0034, IW acc: 0.0035
Epoch: 4611, Loss: 5.686648368835449
Epoch: 4612, Loss: 5.700090408325195
Epoch: 4613, Loss: 5.7125773429870605
Epoch: 4614, Loss: 5.702225685119629
Epoch: 4615, Loss: 5.690731525421143
Epoch: 4616, Loss: 5.6947784423828125
Epoch: 4617, Loss: 5.702491760253906
Epoch: 4618, Loss: 5.705921649932861
Epoch: 4619, Loss: 5.69901180267334
Epoch: 4620, Loss: 5.695155143737793
Test acc: 0.0307, IC acc: 0.0357, IC acc2: 0.0033, IW acc: 0.0035
Epoch: 4621, Loss: 5.703997611999512
Epoch: 4622, Loss: 5.695324897766113
Epoch: 4623, Loss: 5.695453643798828
Epoch: 4624, Loss: 5.698782920837402
Epoch: 4625, Loss: 5.698794841766357
Epoch: 4626, Loss: 5.720157623291016
Epoch: 4627, Loss: 5.694530010223389
Epoch: 4628, Loss: 5.711554527282715
Epoch: 4629, Loss: 5.703829288482666
Epoch: 4630, Loss: 5.674008369445801
Test acc: 0.0307, IC acc: 0.0358, IC acc2: 0.0032, IW acc: 0.0034
Epoch: 4631, Loss: 5.698627471923828
Epoch: 4632, Loss: 5.688721656799316
Epoch: 4633, Loss: 5.69384765625
Epoch: 4634, Loss: 5.712655067443848
Epoch: 4635, Loss: 5.719023704528809
Epoch: 4636, Loss: 5.685086727142334
Epoch: 4637, Loss: 5.688559532165527
Epoch: 4638, Loss: 5.686687469482422
Epoch: 4639, Loss: 5.6986541748046875
Epoch: 4640, Loss: 5.707313060760498
Test acc: 0.0309, IC acc: 0.0358, IC acc2: 0.0033, IW acc: 0.0034
Epoch: 4641, Loss: 5.708031177520752
Epoch: 4642, Loss: 5.694164276123047
Epoch: 4643, Loss: 5.687807083129883
Epoch: 4644, Loss: 5.700119972229004
Epoch: 4645, Loss: 5.68973445892334
Epoch: 4646, Loss: 5.678803443908691
Epoch: 4647, Loss: 5.701349258422852
Epoch: 4648, Loss: 5.702120780944824
Epoch: 4649, Loss: 5.697523593902588
./circuit_plots/Unrestricted Disentangled|Readout|CN=1|B0=0|B1=1|K=1280|L=320|p_B=0.75|p_C=0.75|B=2|eps=0|35ad5445-c154-4cea-8e18-983bdf361c37/ already exists.
./circuit_plots/Unrestricted Disentangled|Readout|CN=1|B0=0|B1=1|K=1280|L=320|p_B=0.75|p_C=0.75|B=2|eps=0|35ad5445-c154-4cea-8e18-983bdf361c37/ already exists.
./circuit_plots/Unrestricted Disentangled|Readout|CN=1|B0=0|B1=1|K=1280|L=320|p_B=0.75|p_C=0.75|B=2|eps=0|35ad5445-c154-4cea-8e18-983bdf361c37/ already exists.
./circuit_plots/Unrestricted Disentangled|Readout|CN=1|B0=0|B1=1|K=1280|L=320|p_B=0.75|p_C=0.75|B=2|eps=0|35ad5445-c154-4cea-8e18-983bdf361c37/ already exists.
./circuit_plots/Unrestricted Disentangled|Readout|CN=1|B0=0|B1=1|K=1280|L=320|p_B=0.75|p_C=0.75|B=2|eps=0|35ad5445-c154-4cea-8e18-983bdf361c37/ already exists.
./circuit_plots/Unrestricted Disentangled|Readout|CN=1|B0=0|B1=1|K=1280|L=320|p_B=0.75|p_C=0.75|B=2|eps=0|35ad5445-c154-4cea-8e18-983bdf361c37/ already exists.
./circuit_plots/Unrestricted Disentangled|Readout|CN=1|B0=0|B1=1|K=1280|L=320|p_B=0.75|p_C=0.75|B=2|eps=0|35ad5445-c154-4cea-8e18-983bdf361c37/ already exists.
Epoch: 4650, Loss: 5.686383247375488
Test acc: 0.031, IC acc: 0.0358, IC acc2: 0.0034, IW acc: 0.0034
Epoch: 4651, Loss: 5.700971603393555
Epoch: 4652, Loss: 5.696093559265137
Epoch: 4653, Loss: 5.694406509399414
Epoch: 4654, Loss: 5.681108474731445
Epoch: 4655, Loss: 5.707611083984375
Epoch: 4656, Loss: 5.691765785217285
Epoch: 4657, Loss: 5.697301864624023
Epoch: 4658, Loss: 5.703084945678711
Epoch: 4659, Loss: 5.6950812339782715
Epoch: 4660, Loss: 5.690794944763184
Test acc: 0.031, IC acc: 0.0359, IC acc2: 0.0033, IW acc: 0.0034
Epoch: 4661, Loss: 5.7083330154418945
Epoch: 4662, Loss: 5.696667671203613
Epoch: 4663, Loss: 5.695440292358398
Epoch: 4664, Loss: 5.688436508178711
Epoch: 4665, Loss: 5.6993536949157715
Epoch: 4666, Loss: 5.708032608032227
Epoch: 4667, Loss: 5.710387706756592
Epoch: 4668, Loss: 5.717249393463135
Epoch: 4669, Loss: 5.697055816650391
Epoch: 4670, Loss: 5.699369430541992
Test acc: 0.0311, IC acc: 0.0363, IC acc2: 0.0034, IW acc: 0.0035
Epoch: 4671, Loss: 5.705780506134033
Epoch: 4672, Loss: 5.711487770080566
Epoch: 4673, Loss: 5.684017181396484
Epoch: 4674, Loss: 5.692722320556641
Epoch: 4675, Loss: 5.692781448364258
Epoch: 4676, Loss: 5.708682537078857
Epoch: 4677, Loss: 5.702352523803711
Epoch: 4678, Loss: 5.679884910583496
Epoch: 4679, Loss: 5.696474075317383
Epoch: 4680, Loss: 5.6907057762146
Test acc: 0.0313, IC acc: 0.036, IC acc2: 0.0034, IW acc: 0.0035
Epoch: 4681, Loss: 5.697506904602051
Epoch: 4682, Loss: 5.694521903991699
Epoch: 4683, Loss: 5.723089218139648
Epoch: 4684, Loss: 5.692944049835205
Epoch: 4685, Loss: 5.684420585632324
Epoch: 4686, Loss: 5.703947067260742
Epoch: 4687, Loss: 5.674989700317383
Epoch: 4688, Loss: 5.687810897827148
Epoch: 4689, Loss: 5.685018539428711
Epoch: 4690, Loss: 5.6988725662231445
Test acc: 0.0313, IC acc: 0.0363, IC acc2: 0.0033, IW acc: 0.0035
Epoch: 4691, Loss: 5.6879425048828125
Epoch: 4692, Loss: 5.697989463806152
Epoch: 4693, Loss: 5.699331283569336
Epoch: 4694, Loss: 5.695233345031738
Epoch: 4695, Loss: 5.703423023223877
Epoch: 4696, Loss: 5.706265449523926
Epoch: 4697, Loss: 5.694516181945801
Epoch: 4698, Loss: 5.699450969696045
Epoch: 4699, Loss: 5.702061653137207
./circuit_plots/Unrestricted Disentangled|Readout|CN=1|B0=0|B1=1|K=1280|L=320|p_B=0.75|p_C=0.75|B=2|eps=0|35ad5445-c154-4cea-8e18-983bdf361c37/ already exists.
./circuit_plots/Unrestricted Disentangled|Readout|CN=1|B0=0|B1=1|K=1280|L=320|p_B=0.75|p_C=0.75|B=2|eps=0|35ad5445-c154-4cea-8e18-983bdf361c37/ already exists.
./circuit_plots/Unrestricted Disentangled|Readout|CN=1|B0=0|B1=1|K=1280|L=320|p_B=0.75|p_C=0.75|B=2|eps=0|35ad5445-c154-4cea-8e18-983bdf361c37/ already exists.
./circuit_plots/Unrestricted Disentangled|Readout|CN=1|B0=0|B1=1|K=1280|L=320|p_B=0.75|p_C=0.75|B=2|eps=0|35ad5445-c154-4cea-8e18-983bdf361c37/ already exists.
./circuit_plots/Unrestricted Disentangled|Readout|CN=1|B0=0|B1=1|K=1280|L=320|p_B=0.75|p_C=0.75|B=2|eps=0|35ad5445-c154-4cea-8e18-983bdf361c37/ already exists.
./circuit_plots/Unrestricted Disentangled|Readout|CN=1|B0=0|B1=1|K=1280|L=320|p_B=0.75|p_C=0.75|B=2|eps=0|35ad5445-c154-4cea-8e18-983bdf361c37/ already exists.
./circuit_plots/Unrestricted Disentangled|Readout|CN=1|B0=0|B1=1|K=1280|L=320|p_B=0.75|p_C=0.75|B=2|eps=0|35ad5445-c154-4cea-8e18-983bdf361c37/ already exists.
Epoch: 4700, Loss: 5.713092803955078
Test acc: 0.0313, IC acc: 0.0363, IC acc2: 0.0034, IW acc: 0.0034
Epoch: 4701, Loss: 5.691560745239258
Epoch: 4702, Loss: 5.694179534912109
Epoch: 4703, Loss: 5.7127227783203125
Epoch: 4704, Loss: 5.687772750854492
Epoch: 4705, Loss: 5.692654132843018
Epoch: 4706, Loss: 5.694063663482666
Epoch: 4707, Loss: 5.702849388122559
Epoch: 4708, Loss: 5.675210952758789
Epoch: 4709, Loss: 5.682663917541504
Epoch: 4710, Loss: 5.698000907897949
Test acc: 0.0316, IC acc: 0.0365, IC acc2: 0.0034, IW acc: 0.0034
Epoch: 4711, Loss: 5.6935882568359375
Epoch: 4712, Loss: 5.696844100952148
Epoch: 4713, Loss: 5.6962995529174805
Epoch: 4714, Loss: 5.714633464813232
Epoch: 4715, Loss: 5.703643798828125
Epoch: 4716, Loss: 5.685867786407471
Epoch: 4717, Loss: 5.726088523864746
Epoch: 4718, Loss: 5.704978942871094
Epoch: 4719, Loss: 5.697216033935547
Epoch: 4720, Loss: 5.69509220123291
Test acc: 0.0316, IC acc: 0.0367, IC acc2: 0.0034, IW acc: 0.0034
Epoch: 4721, Loss: 5.680849075317383
Epoch: 4722, Loss: 5.6957597732543945
Epoch: 4723, Loss: 5.705408573150635
Epoch: 4724, Loss: 5.702780246734619
Epoch: 4725, Loss: 5.701207160949707
Epoch: 4726, Loss: 5.684254169464111
Epoch: 4727, Loss: 5.70311164855957
Epoch: 4728, Loss: 5.694809913635254
Epoch: 4729, Loss: 5.705631256103516
Epoch: 4730, Loss: 5.693906784057617
Test acc: 0.0314, IC acc: 0.0367, IC acc2: 0.0034, IW acc: 0.0034
Epoch: 4731, Loss: 5.6962103843688965
Epoch: 4732, Loss: 5.694127082824707
Epoch: 4733, Loss: 5.692046165466309
Epoch: 4734, Loss: 5.702261924743652
Epoch: 4735, Loss: 5.706584453582764
Epoch: 4736, Loss: 5.708880424499512
Epoch: 4737, Loss: 5.697532653808594
Epoch: 4738, Loss: 5.692746639251709
Epoch: 4739, Loss: 5.694275856018066
Epoch: 4740, Loss: 5.689363479614258
Test acc: 0.0316, IC acc: 0.0369, IC acc2: 0.0034, IW acc: 0.0034
Epoch: 4741, Loss: 5.692346572875977
Epoch: 4742, Loss: 5.694981575012207
Epoch: 4743, Loss: 5.6884918212890625
Epoch: 4744, Loss: 5.684919834136963
Epoch: 4745, Loss: 5.694324493408203
Epoch: 4746, Loss: 5.712508201599121
Epoch: 4747, Loss: 5.687669277191162
Epoch: 4748, Loss: 5.708409309387207
Epoch: 4749, Loss: 5.696333408355713
./circuit_plots/Unrestricted Disentangled|Readout|CN=1|B0=0|B1=1|K=1280|L=320|p_B=0.75|p_C=0.75|B=2|eps=0|35ad5445-c154-4cea-8e18-983bdf361c37/ already exists.
./circuit_plots/Unrestricted Disentangled|Readout|CN=1|B0=0|B1=1|K=1280|L=320|p_B=0.75|p_C=0.75|B=2|eps=0|35ad5445-c154-4cea-8e18-983bdf361c37/ already exists.
./circuit_plots/Unrestricted Disentangled|Readout|CN=1|B0=0|B1=1|K=1280|L=320|p_B=0.75|p_C=0.75|B=2|eps=0|35ad5445-c154-4cea-8e18-983bdf361c37/ already exists.
./circuit_plots/Unrestricted Disentangled|Readout|CN=1|B0=0|B1=1|K=1280|L=320|p_B=0.75|p_C=0.75|B=2|eps=0|35ad5445-c154-4cea-8e18-983bdf361c37/ already exists.
./circuit_plots/Unrestricted Disentangled|Readout|CN=1|B0=0|B1=1|K=1280|L=320|p_B=0.75|p_C=0.75|B=2|eps=0|35ad5445-c154-4cea-8e18-983bdf361c37/ already exists.
./circuit_plots/Unrestricted Disentangled|Readout|CN=1|B0=0|B1=1|K=1280|L=320|p_B=0.75|p_C=0.75|B=2|eps=0|35ad5445-c154-4cea-8e18-983bdf361c37/ already exists.
./circuit_plots/Unrestricted Disentangled|Readout|CN=1|B0=0|B1=1|K=1280|L=320|p_B=0.75|p_C=0.75|B=2|eps=0|35ad5445-c154-4cea-8e18-983bdf361c37/ already exists.
Epoch: 4750, Loss: 5.685382843017578
Test acc: 0.0317, IC acc: 0.0369, IC acc2: 0.0033, IW acc: 0.0033
Epoch: 4751, Loss: 5.689410209655762
Epoch: 4752, Loss: 5.683060646057129
Epoch: 4753, Loss: 5.696351528167725
Epoch: 4754, Loss: 5.699413776397705
Epoch: 4755, Loss: 5.694977760314941
Epoch: 4756, Loss: 5.689334869384766
Epoch: 4757, Loss: 5.691406726837158
Epoch: 4758, Loss: 5.690237045288086
Epoch: 4759, Loss: 5.699188232421875
Epoch: 4760, Loss: 5.7111287117004395
Test acc: 0.0319, IC acc: 0.0369, IC acc2: 0.0033, IW acc: 0.0033
Epoch: 4761, Loss: 5.713362216949463
Epoch: 4762, Loss: 5.705107688903809
Epoch: 4763, Loss: 5.705054759979248
Epoch: 4764, Loss: 5.694786071777344
Epoch: 4765, Loss: 5.675145149230957
Epoch: 4766, Loss: 5.681465148925781
Epoch: 4767, Loss: 5.698984622955322
Epoch: 4768, Loss: 5.709770202636719
Epoch: 4769, Loss: 5.696558952331543
Epoch: 4770, Loss: 5.693060874938965
Test acc: 0.0318, IC acc: 0.037, IC acc2: 0.0034, IW acc: 0.0033
Epoch: 4771, Loss: 5.690176963806152
Epoch: 4772, Loss: 5.710659980773926
Epoch: 4773, Loss: 5.685502052307129
Epoch: 4774, Loss: 5.700296878814697
Epoch: 4775, Loss: 5.702932357788086
Epoch: 4776, Loss: 5.688196182250977
Epoch: 4777, Loss: 5.686407566070557
Epoch: 4778, Loss: 5.689081192016602
Epoch: 4779, Loss: 5.705360412597656
Epoch: 4780, Loss: 5.6934733390808105
Test acc: 0.0318, IC acc: 0.037, IC acc2: 0.0033, IW acc: 0.0033
Epoch: 4781, Loss: 5.698801040649414
Epoch: 4782, Loss: 5.695083141326904
Epoch: 4783, Loss: 5.701871871948242
Epoch: 4784, Loss: 5.684905052185059
Epoch: 4785, Loss: 5.692409038543701
Epoch: 4786, Loss: 5.682352066040039
Epoch: 4787, Loss: 5.704532623291016
Epoch: 4788, Loss: 5.693727493286133
Epoch: 4789, Loss: 5.692500114440918
Epoch: 4790, Loss: 5.691013336181641
Test acc: 0.0317, IC acc: 0.0369, IC acc2: 0.0034, IW acc: 0.0033
Epoch: 4791, Loss: 5.691343307495117
Epoch: 4792, Loss: 5.708652973175049
Epoch: 4793, Loss: 5.689713478088379
Epoch: 4794, Loss: 5.698148250579834
Epoch: 4795, Loss: 5.71757698059082
Epoch: 4796, Loss: 5.682085990905762
Epoch: 4797, Loss: 5.695031642913818
Epoch: 4798, Loss: 5.70197868347168
Epoch: 4799, Loss: 5.687054634094238
./circuit_plots/Unrestricted Disentangled|Readout|CN=1|B0=0|B1=1|K=1280|L=320|p_B=0.75|p_C=0.75|B=2|eps=0|35ad5445-c154-4cea-8e18-983bdf361c37/ already exists.
./circuit_plots/Unrestricted Disentangled|Readout|CN=1|B0=0|B1=1|K=1280|L=320|p_B=0.75|p_C=0.75|B=2|eps=0|35ad5445-c154-4cea-8e18-983bdf361c37/ already exists.
./circuit_plots/Unrestricted Disentangled|Readout|CN=1|B0=0|B1=1|K=1280|L=320|p_B=0.75|p_C=0.75|B=2|eps=0|35ad5445-c154-4cea-8e18-983bdf361c37/ already exists.
./circuit_plots/Unrestricted Disentangled|Readout|CN=1|B0=0|B1=1|K=1280|L=320|p_B=0.75|p_C=0.75|B=2|eps=0|35ad5445-c154-4cea-8e18-983bdf361c37/ already exists.
./circuit_plots/Unrestricted Disentangled|Readout|CN=1|B0=0|B1=1|K=1280|L=320|p_B=0.75|p_C=0.75|B=2|eps=0|35ad5445-c154-4cea-8e18-983bdf361c37/ already exists.
./circuit_plots/Unrestricted Disentangled|Readout|CN=1|B0=0|B1=1|K=1280|L=320|p_B=0.75|p_C=0.75|B=2|eps=0|35ad5445-c154-4cea-8e18-983bdf361c37/ already exists.
./circuit_plots/Unrestricted Disentangled|Readout|CN=1|B0=0|B1=1|K=1280|L=320|p_B=0.75|p_C=0.75|B=2|eps=0|35ad5445-c154-4cea-8e18-983bdf361c37/ already exists.
Epoch: 4800, Loss: 5.696844100952148
Test acc: 0.0318, IC acc: 0.0369, IC acc2: 0.0034, IW acc: 0.0033
Epoch: 4801, Loss: 5.6944427490234375
Epoch: 4802, Loss: 5.686755657196045
Epoch: 4803, Loss: 5.694618225097656
Epoch: 4804, Loss: 5.6965789794921875
Epoch: 4805, Loss: 5.69949197769165
Epoch: 4806, Loss: 5.694000244140625
Epoch: 4807, Loss: 5.7042436599731445
Epoch: 4808, Loss: 5.699375629425049
Epoch: 4809, Loss: 5.685853958129883
Epoch: 4810, Loss: 5.694845676422119
Test acc: 0.032, IC acc: 0.0371, IC acc2: 0.0034, IW acc: 0.0033
Epoch: 4811, Loss: 5.675436019897461
Epoch: 4812, Loss: 5.711324214935303
Epoch: 4813, Loss: 5.688685417175293
Epoch: 4814, Loss: 5.691070556640625
Epoch: 4815, Loss: 5.70651912689209
Epoch: 4816, Loss: 5.68818473815918
Epoch: 4817, Loss: 5.694343566894531
Epoch: 4818, Loss: 5.696590900421143
Epoch: 4819, Loss: 5.7012763023376465
Epoch: 4820, Loss: 5.672380447387695
Test acc: 0.032, IC acc: 0.0369, IC acc2: 0.0034, IW acc: 0.0033
Epoch: 4821, Loss: 5.695493698120117
Epoch: 4822, Loss: 5.698572635650635
Epoch: 4823, Loss: 5.695364952087402
Epoch: 4824, Loss: 5.698136806488037
Epoch: 4825, Loss: 5.690176010131836
Epoch: 4826, Loss: 5.687572479248047
Epoch: 4827, Loss: 5.695805549621582
Epoch: 4828, Loss: 5.695082664489746
Epoch: 4829, Loss: 5.6997599601745605
Epoch: 4830, Loss: 5.697603225708008
Test acc: 0.0321, IC acc: 0.0373, IC acc2: 0.0034, IW acc: 0.0033
Epoch: 4831, Loss: 5.671147346496582
Epoch: 4832, Loss: 5.68833065032959
Epoch: 4833, Loss: 5.698044776916504
Epoch: 4834, Loss: 5.6897172927856445
Epoch: 4835, Loss: 5.694156646728516
Epoch: 4836, Loss: 5.691062927246094
Epoch: 4837, Loss: 5.663932800292969
Epoch: 4838, Loss: 5.684407711029053
Epoch: 4839, Loss: 5.6910881996154785
Epoch: 4840, Loss: 5.696213722229004
Test acc: 0.0323, IC acc: 0.0375, IC acc2: 0.0035, IW acc: 0.0033
Epoch: 4841, Loss: 5.709208011627197
Epoch: 4842, Loss: 5.703948020935059
Epoch: 4843, Loss: 5.694192886352539
Epoch: 4844, Loss: 5.700933456420898
Epoch: 4845, Loss: 5.696917533874512
Epoch: 4846, Loss: 5.687541961669922
Epoch: 4847, Loss: 5.690604209899902
Epoch: 4848, Loss: 5.680604934692383
Epoch: 4849, Loss: 5.686065673828125
./circuit_plots/Unrestricted Disentangled|Readout|CN=1|B0=0|B1=1|K=1280|L=320|p_B=0.75|p_C=0.75|B=2|eps=0|35ad5445-c154-4cea-8e18-983bdf361c37/ already exists.
./circuit_plots/Unrestricted Disentangled|Readout|CN=1|B0=0|B1=1|K=1280|L=320|p_B=0.75|p_C=0.75|B=2|eps=0|35ad5445-c154-4cea-8e18-983bdf361c37/ already exists.
./circuit_plots/Unrestricted Disentangled|Readout|CN=1|B0=0|B1=1|K=1280|L=320|p_B=0.75|p_C=0.75|B=2|eps=0|35ad5445-c154-4cea-8e18-983bdf361c37/ already exists.
./circuit_plots/Unrestricted Disentangled|Readout|CN=1|B0=0|B1=1|K=1280|L=320|p_B=0.75|p_C=0.75|B=2|eps=0|35ad5445-c154-4cea-8e18-983bdf361c37/ already exists.
./circuit_plots/Unrestricted Disentangled|Readout|CN=1|B0=0|B1=1|K=1280|L=320|p_B=0.75|p_C=0.75|B=2|eps=0|35ad5445-c154-4cea-8e18-983bdf361c37/ already exists.
./circuit_plots/Unrestricted Disentangled|Readout|CN=1|B0=0|B1=1|K=1280|L=320|p_B=0.75|p_C=0.75|B=2|eps=0|35ad5445-c154-4cea-8e18-983bdf361c37/ already exists.
./circuit_plots/Unrestricted Disentangled|Readout|CN=1|B0=0|B1=1|K=1280|L=320|p_B=0.75|p_C=0.75|B=2|eps=0|35ad5445-c154-4cea-8e18-983bdf361c37/ already exists.
Epoch: 4850, Loss: 5.700038909912109
Test acc: 0.0323, IC acc: 0.0377, IC acc2: 0.0035, IW acc: 0.0033
Epoch: 4851, Loss: 5.683148384094238
Epoch: 4852, Loss: 5.697681427001953
Epoch: 4853, Loss: 5.687500953674316
Epoch: 4854, Loss: 5.70095157623291
Epoch: 4855, Loss: 5.696874618530273
Epoch: 4856, Loss: 5.690730094909668
Epoch: 4857, Loss: 5.6834306716918945
Epoch: 4858, Loss: 5.702935695648193
Epoch: 4859, Loss: 5.698216438293457
Epoch: 4860, Loss: 5.706302165985107
Test acc: 0.0323, IC acc: 0.0378, IC acc2: 0.0034, IW acc: 0.0033
Epoch: 4861, Loss: 5.689577102661133
Epoch: 4862, Loss: 5.701374530792236
Epoch: 4863, Loss: 5.692904472351074
Epoch: 4864, Loss: 5.687148571014404
Epoch: 4865, Loss: 5.705620765686035
Epoch: 4866, Loss: 5.680977821350098
Epoch: 4867, Loss: 5.691722869873047
Epoch: 4868, Loss: 5.705959320068359
Epoch: 4869, Loss: 5.7077460289001465
Epoch: 4870, Loss: 5.680509567260742
Test acc: 0.0324, IC acc: 0.0377, IC acc2: 0.0035, IW acc: 0.0033
Epoch: 4871, Loss: 5.693397521972656
Epoch: 4872, Loss: 5.67583703994751
Epoch: 4873, Loss: 5.692451477050781
Epoch: 4874, Loss: 5.6889448165893555
Epoch: 4875, Loss: 5.691992282867432
Epoch: 4876, Loss: 5.690976142883301
Epoch: 4877, Loss: 5.699160575866699
Epoch: 4878, Loss: 5.680298805236816
Epoch: 4879, Loss: 5.694658279418945
Epoch: 4880, Loss: 5.699977874755859
Test acc: 0.0323, IC acc: 0.0379, IC acc2: 0.0036, IW acc: 0.0033
Epoch: 4881, Loss: 5.710745334625244
Epoch: 4882, Loss: 5.702226638793945
Epoch: 4883, Loss: 5.695187568664551
Epoch: 4884, Loss: 5.694846153259277
Epoch: 4885, Loss: 5.68316650390625
Epoch: 4886, Loss: 5.700206756591797
Epoch: 4887, Loss: 5.69608736038208
Epoch: 4888, Loss: 5.674125671386719
Epoch: 4889, Loss: 5.686301231384277
Epoch: 4890, Loss: 5.6985979080200195
Test acc: 0.0324, IC acc: 0.038, IC acc2: 0.0034, IW acc: 0.0033
Epoch: 4891, Loss: 5.6872429847717285
Epoch: 4892, Loss: 5.687904357910156
Epoch: 4893, Loss: 5.687281608581543
Epoch: 4894, Loss: 5.694324970245361
Epoch: 4895, Loss: 5.695379257202148
Epoch: 4896, Loss: 5.7082719802856445
Epoch: 4897, Loss: 5.7022929191589355
Epoch: 4898, Loss: 5.679354667663574
Epoch: 4899, Loss: 5.686661720275879
./circuit_plots/Unrestricted Disentangled|Readout|CN=1|B0=0|B1=1|K=1280|L=320|p_B=0.75|p_C=0.75|B=2|eps=0|35ad5445-c154-4cea-8e18-983bdf361c37/ already exists.
./circuit_plots/Unrestricted Disentangled|Readout|CN=1|B0=0|B1=1|K=1280|L=320|p_B=0.75|p_C=0.75|B=2|eps=0|35ad5445-c154-4cea-8e18-983bdf361c37/ already exists.
./circuit_plots/Unrestricted Disentangled|Readout|CN=1|B0=0|B1=1|K=1280|L=320|p_B=0.75|p_C=0.75|B=2|eps=0|35ad5445-c154-4cea-8e18-983bdf361c37/ already exists.
./circuit_plots/Unrestricted Disentangled|Readout|CN=1|B0=0|B1=1|K=1280|L=320|p_B=0.75|p_C=0.75|B=2|eps=0|35ad5445-c154-4cea-8e18-983bdf361c37/ already exists.
./circuit_plots/Unrestricted Disentangled|Readout|CN=1|B0=0|B1=1|K=1280|L=320|p_B=0.75|p_C=0.75|B=2|eps=0|35ad5445-c154-4cea-8e18-983bdf361c37/ already exists.
./circuit_plots/Unrestricted Disentangled|Readout|CN=1|B0=0|B1=1|K=1280|L=320|p_B=0.75|p_C=0.75|B=2|eps=0|35ad5445-c154-4cea-8e18-983bdf361c37/ already exists.
./circuit_plots/Unrestricted Disentangled|Readout|CN=1|B0=0|B1=1|K=1280|L=320|p_B=0.75|p_C=0.75|B=2|eps=0|35ad5445-c154-4cea-8e18-983bdf361c37/ already exists.
Epoch: 4900, Loss: 5.690367698669434
Test acc: 0.0326, IC acc: 0.0383, IC acc2: 0.0035, IW acc: 0.0033
Epoch: 4901, Loss: 5.694889068603516
Epoch: 4902, Loss: 5.694591999053955
Epoch: 4903, Loss: 5.715377330780029
Epoch: 4904, Loss: 5.691173553466797
Epoch: 4905, Loss: 5.680075645446777
Epoch: 4906, Loss: 5.690179824829102
Epoch: 4907, Loss: 5.705252170562744
Epoch: 4908, Loss: 5.70225191116333
Epoch: 4909, Loss: 5.708427906036377
Epoch: 4910, Loss: 5.699376583099365
Test acc: 0.0324, IC acc: 0.0384, IC acc2: 0.0035, IW acc: 0.0033
Epoch: 4911, Loss: 5.689175605773926
Epoch: 4912, Loss: 5.698574066162109
Epoch: 4913, Loss: 5.708615303039551
Epoch: 4914, Loss: 5.692909240722656
Epoch: 4915, Loss: 5.6994171142578125
Epoch: 4916, Loss: 5.699441909790039
Epoch: 4917, Loss: 5.687427997589111
Epoch: 4918, Loss: 5.700099468231201
Epoch: 4919, Loss: 5.707010269165039
Epoch: 4920, Loss: 5.701906204223633
Test acc: 0.0324, IC acc: 0.0385, IC acc2: 0.0035, IW acc: 0.0033
Epoch: 4921, Loss: 5.66640043258667
Epoch: 4922, Loss: 5.690314292907715
Epoch: 4923, Loss: 5.704068660736084
Epoch: 4924, Loss: 5.702323913574219
Epoch: 4925, Loss: 5.698565483093262
Epoch: 4926, Loss: 5.6846513748168945
Epoch: 4927, Loss: 5.720616340637207
Epoch: 4928, Loss: 5.681286811828613
Epoch: 4929, Loss: 5.680576324462891
Epoch: 4930, Loss: 5.692709922790527
Test acc: 0.0327, IC acc: 0.0386, IC acc2: 0.0034, IW acc: 0.0033
Epoch: 4931, Loss: 5.699254989624023
Epoch: 4932, Loss: 5.689039707183838
Epoch: 4933, Loss: 5.673921585083008
Epoch: 4934, Loss: 5.686092376708984
Epoch: 4935, Loss: 5.676647663116455
Epoch: 4936, Loss: 5.6959075927734375
Epoch: 4937, Loss: 5.687455654144287
Epoch: 4938, Loss: 5.698245525360107
Epoch: 4939, Loss: 5.686814308166504
Epoch: 4940, Loss: 5.704946994781494
Test acc: 0.0329, IC acc: 0.0387, IC acc2: 0.0034, IW acc: 0.0033
Epoch: 4941, Loss: 5.694963455200195
Epoch: 4942, Loss: 5.693042755126953
Epoch: 4943, Loss: 5.694882392883301
Epoch: 4944, Loss: 5.688143730163574
Epoch: 4945, Loss: 5.7031097412109375
Epoch: 4946, Loss: 5.686215877532959
Epoch: 4947, Loss: 5.682679176330566
Epoch: 4948, Loss: 5.695667266845703
Epoch: 4949, Loss: 5.691919326782227
./circuit_plots/Unrestricted Disentangled|Readout|CN=1|B0=0|B1=1|K=1280|L=320|p_B=0.75|p_C=0.75|B=2|eps=0|35ad5445-c154-4cea-8e18-983bdf361c37/ already exists.
./circuit_plots/Unrestricted Disentangled|Readout|CN=1|B0=0|B1=1|K=1280|L=320|p_B=0.75|p_C=0.75|B=2|eps=0|35ad5445-c154-4cea-8e18-983bdf361c37/ already exists.
./circuit_plots/Unrestricted Disentangled|Readout|CN=1|B0=0|B1=1|K=1280|L=320|p_B=0.75|p_C=0.75|B=2|eps=0|35ad5445-c154-4cea-8e18-983bdf361c37/ already exists.
./circuit_plots/Unrestricted Disentangled|Readout|CN=1|B0=0|B1=1|K=1280|L=320|p_B=0.75|p_C=0.75|B=2|eps=0|35ad5445-c154-4cea-8e18-983bdf361c37/ already exists.
./circuit_plots/Unrestricted Disentangled|Readout|CN=1|B0=0|B1=1|K=1280|L=320|p_B=0.75|p_C=0.75|B=2|eps=0|35ad5445-c154-4cea-8e18-983bdf361c37/ already exists.
./circuit_plots/Unrestricted Disentangled|Readout|CN=1|B0=0|B1=1|K=1280|L=320|p_B=0.75|p_C=0.75|B=2|eps=0|35ad5445-c154-4cea-8e18-983bdf361c37/ already exists.
./circuit_plots/Unrestricted Disentangled|Readout|CN=1|B0=0|B1=1|K=1280|L=320|p_B=0.75|p_C=0.75|B=2|eps=0|35ad5445-c154-4cea-8e18-983bdf361c37/ already exists.
Epoch: 4950, Loss: 5.680248737335205
Test acc: 0.0332, IC acc: 0.0387, IC acc2: 0.0033, IW acc: 0.0033
Epoch: 4951, Loss: 5.703609466552734
Epoch: 4952, Loss: 5.6678009033203125
Epoch: 4953, Loss: 5.704743385314941
Epoch: 4954, Loss: 5.7027082443237305
Epoch: 4955, Loss: 5.686293601989746
Epoch: 4956, Loss: 5.681613445281982
Epoch: 4957, Loss: 5.695456504821777
Epoch: 4958, Loss: 5.68325138092041
Epoch: 4959, Loss: 5.695492744445801
Epoch: 4960, Loss: 5.6866350173950195
Test acc: 0.0332, IC acc: 0.0391, IC acc2: 0.0032, IW acc: 0.0033
Epoch: 4961, Loss: 5.684837341308594
Epoch: 4962, Loss: 5.675525188446045
Epoch: 4963, Loss: 5.683412551879883
Epoch: 4964, Loss: 5.688514709472656
Epoch: 4965, Loss: 5.685769081115723
Epoch: 4966, Loss: 5.695714950561523
Epoch: 4967, Loss: 5.66973352432251
Epoch: 4968, Loss: 5.687653541564941
Epoch: 4969, Loss: 5.70025634765625
Epoch: 4970, Loss: 5.688035488128662
Test acc: 0.0333, IC acc: 0.0394, IC acc2: 0.0032, IW acc: 0.0033
Epoch: 4971, Loss: 5.706157684326172
Epoch: 4972, Loss: 5.694128036499023
Epoch: 4973, Loss: 5.695194721221924
Epoch: 4974, Loss: 5.69858455657959
Epoch: 4975, Loss: 5.695018768310547
Epoch: 4976, Loss: 5.7076921463012695
Epoch: 4977, Loss: 5.693910598754883
Epoch: 4978, Loss: 5.695013999938965
Epoch: 4979, Loss: 5.6909050941467285
Epoch: 4980, Loss: 5.682558059692383
Test acc: 0.0334, IC acc: 0.0397, IC acc2: 0.0033, IW acc: 0.0033
Epoch: 4981, Loss: 5.697038650512695
Epoch: 4982, Loss: 5.695788383483887
Epoch: 4983, Loss: 5.701964855194092
Epoch: 4984, Loss: 5.692260265350342
Epoch: 4985, Loss: 5.707606315612793
Epoch: 4986, Loss: 5.682187557220459
Epoch: 4987, Loss: 5.699860572814941
Epoch: 4988, Loss: 5.6776299476623535
Epoch: 4989, Loss: 5.698692321777344
Epoch: 4990, Loss: 5.678625106811523
Test acc: 0.0335, IC acc: 0.0399, IC acc2: 0.0033, IW acc: 0.0033
Epoch: 4991, Loss: 5.709418296813965
Epoch: 4992, Loss: 5.707199573516846
Epoch: 4993, Loss: 5.693838596343994
Epoch: 4994, Loss: 5.6870527267456055
Epoch: 4995, Loss: 5.686045169830322
Epoch: 4996, Loss: 5.677231788635254
Epoch: 4997, Loss: 5.682170867919922
Epoch: 4998, Loss: 5.704113006591797
Epoch: 4999, Loss: 5.697112083435059
./circuit_plots/Unrestricted Disentangled|Readout|CN=1|B0=0|B1=1|K=1280|L=320|p_B=0.75|p_C=0.75|B=2|eps=0|35ad5445-c154-4cea-8e18-983bdf361c37/ already exists.
./circuit_plots/Unrestricted Disentangled|Readout|CN=1|B0=0|B1=1|K=1280|L=320|p_B=0.75|p_C=0.75|B=2|eps=0|35ad5445-c154-4cea-8e18-983bdf361c37/ already exists.
./circuit_plots/Unrestricted Disentangled|Readout|CN=1|B0=0|B1=1|K=1280|L=320|p_B=0.75|p_C=0.75|B=2|eps=0|35ad5445-c154-4cea-8e18-983bdf361c37/ already exists.
./circuit_plots/Unrestricted Disentangled|Readout|CN=1|B0=0|B1=1|K=1280|L=320|p_B=0.75|p_C=0.75|B=2|eps=0|35ad5445-c154-4cea-8e18-983bdf361c37/ already exists.
./circuit_plots/Unrestricted Disentangled|Readout|CN=1|B0=0|B1=1|K=1280|L=320|p_B=0.75|p_C=0.75|B=2|eps=0|35ad5445-c154-4cea-8e18-983bdf361c37/ already exists.
./circuit_plots/Unrestricted Disentangled|Readout|CN=1|B0=0|B1=1|K=1280|L=320|p_B=0.75|p_C=0.75|B=2|eps=0|35ad5445-c154-4cea-8e18-983bdf361c37/ already exists.
./circuit_plots/Unrestricted Disentangled|Readout|CN=1|B0=0|B1=1|K=1280|L=320|p_B=0.75|p_C=0.75|B=2|eps=0|35ad5445-c154-4cea-8e18-983bdf361c37/ already exists.
Epoch: 5000, Loss: 5.700128555297852
Test acc: 0.0335, IC acc: 0.04, IC acc2: 0.0032, IW acc: 0.0033
Epoch: 5001, Loss: 5.704596519470215
Epoch: 5002, Loss: 5.691814422607422
Epoch: 5003, Loss: 5.694328308105469
Epoch: 5004, Loss: 5.679464340209961
Epoch: 5005, Loss: 5.69992208480835
Epoch: 5006, Loss: 5.699701309204102
Epoch: 5007, Loss: 5.683670520782471
Epoch: 5008, Loss: 5.698862552642822
Epoch: 5009, Loss: 5.694924354553223
Epoch: 5010, Loss: 5.698126792907715
Test acc: 0.0336, IC acc: 0.04, IC acc2: 0.0033, IW acc: 0.0033
Epoch: 5011, Loss: 5.6863112449646
Epoch: 5012, Loss: 5.696654796600342
Epoch: 5013, Loss: 5.678452968597412
Epoch: 5014, Loss: 5.680707931518555
Epoch: 5015, Loss: 5.68757963180542
Epoch: 5016, Loss: 5.695895195007324
Epoch: 5017, Loss: 5.683286666870117
Epoch: 5018, Loss: 5.709743499755859
Epoch: 5019, Loss: 5.700608253479004
Epoch: 5020, Loss: 5.694472312927246
Test acc: 0.0336, IC acc: 0.0402, IC acc2: 0.0033, IW acc: 0.0033
Epoch: 5021, Loss: 5.687917709350586
Epoch: 5022, Loss: 5.691737174987793
Epoch: 5023, Loss: 5.684211254119873
Epoch: 5024, Loss: 5.697307586669922
Epoch: 5025, Loss: 5.6878662109375
Epoch: 5026, Loss: 5.687548637390137
Epoch: 5027, Loss: 5.68480110168457
Epoch: 5028, Loss: 5.699810981750488
Epoch: 5029, Loss: 5.695745468139648
Epoch: 5030, Loss: 5.680032253265381
Test acc: 0.0337, IC acc: 0.0402, IC acc2: 0.0033, IW acc: 0.0033
Epoch: 5031, Loss: 5.688871383666992
Epoch: 5032, Loss: 5.693239212036133
Epoch: 5033, Loss: 5.692141532897949
Epoch: 5034, Loss: 5.687742233276367
Epoch: 5035, Loss: 5.699953079223633
Epoch: 5036, Loss: 5.692368030548096
Epoch: 5037, Loss: 5.690988063812256
Epoch: 5038, Loss: 5.675577640533447
Epoch: 5039, Loss: 5.691267967224121
Epoch: 5040, Loss: 5.675645351409912
Test acc: 0.0339, IC acc: 0.0404, IC acc2: 0.0033, IW acc: 0.0033
Epoch: 5041, Loss: 5.670365333557129
Epoch: 5042, Loss: 5.704838275909424
Epoch: 5043, Loss: 5.697743892669678
Epoch: 5044, Loss: 5.693306922912598
Epoch: 5045, Loss: 5.683635234832764
Epoch: 5046, Loss: 5.690042972564697
Epoch: 5047, Loss: 5.691953659057617
Epoch: 5048, Loss: 5.706532001495361
Epoch: 5049, Loss: 5.696520805358887
./circuit_plots/Unrestricted Disentangled|Readout|CN=1|B0=0|B1=1|K=1280|L=320|p_B=0.75|p_C=0.75|B=2|eps=0|35ad5445-c154-4cea-8e18-983bdf361c37/ already exists.
./circuit_plots/Unrestricted Disentangled|Readout|CN=1|B0=0|B1=1|K=1280|L=320|p_B=0.75|p_C=0.75|B=2|eps=0|35ad5445-c154-4cea-8e18-983bdf361c37/ already exists.
./circuit_plots/Unrestricted Disentangled|Readout|CN=1|B0=0|B1=1|K=1280|L=320|p_B=0.75|p_C=0.75|B=2|eps=0|35ad5445-c154-4cea-8e18-983bdf361c37/ already exists.
./circuit_plots/Unrestricted Disentangled|Readout|CN=1|B0=0|B1=1|K=1280|L=320|p_B=0.75|p_C=0.75|B=2|eps=0|35ad5445-c154-4cea-8e18-983bdf361c37/ already exists.
./circuit_plots/Unrestricted Disentangled|Readout|CN=1|B0=0|B1=1|K=1280|L=320|p_B=0.75|p_C=0.75|B=2|eps=0|35ad5445-c154-4cea-8e18-983bdf361c37/ already exists.
./circuit_plots/Unrestricted Disentangled|Readout|CN=1|B0=0|B1=1|K=1280|L=320|p_B=0.75|p_C=0.75|B=2|eps=0|35ad5445-c154-4cea-8e18-983bdf361c37/ already exists.
./circuit_plots/Unrestricted Disentangled|Readout|CN=1|B0=0|B1=1|K=1280|L=320|p_B=0.75|p_C=0.75|B=2|eps=0|35ad5445-c154-4cea-8e18-983bdf361c37/ already exists.
Epoch: 5050, Loss: 5.6953325271606445
Test acc: 0.034, IC acc: 0.0407, IC acc2: 0.0033, IW acc: 0.0032
Epoch: 5051, Loss: 5.675686836242676
Epoch: 5052, Loss: 5.694369316101074
Epoch: 5053, Loss: 5.695605278015137
Epoch: 5054, Loss: 5.688287734985352
Epoch: 5055, Loss: 5.689362049102783
Epoch: 5056, Loss: 5.707337379455566
Epoch: 5057, Loss: 5.67960262298584
Epoch: 5058, Loss: 5.688296318054199
Epoch: 5059, Loss: 5.693717002868652
Epoch: 5060, Loss: 5.693103790283203
Test acc: 0.0342, IC acc: 0.0408, IC acc2: 0.0033, IW acc: 0.0032
Epoch: 5061, Loss: 5.70761251449585
Epoch: 5062, Loss: 5.686764717102051
Epoch: 5063, Loss: 5.690046310424805
Epoch: 5064, Loss: 5.675973415374756
Epoch: 5065, Loss: 5.706785202026367
Epoch: 5066, Loss: 5.700554847717285
Epoch: 5067, Loss: 5.694629669189453
Epoch: 5068, Loss: 5.695215225219727
Epoch: 5069, Loss: 5.6981201171875
Epoch: 5070, Loss: 5.6924214363098145
Test acc: 0.0342, IC acc: 0.0409, IC acc2: 0.0034, IW acc: 0.0032
Epoch: 5071, Loss: 5.679874420166016
Epoch: 5072, Loss: 5.697452068328857
Epoch: 5073, Loss: 5.668862342834473
Epoch: 5074, Loss: 5.697287559509277
Epoch: 5075, Loss: 5.697554111480713
Epoch: 5076, Loss: 5.693910598754883
Epoch: 5077, Loss: 5.668223857879639
Epoch: 5078, Loss: 5.679452896118164
Epoch: 5079, Loss: 5.678741455078125
Epoch: 5080, Loss: 5.688863754272461
Test acc: 0.0342, IC acc: 0.0412, IC acc2: 0.0034, IW acc: 0.0032
Epoch: 5081, Loss: 5.696620941162109
Epoch: 5082, Loss: 5.687502861022949
Epoch: 5083, Loss: 5.6967315673828125
Epoch: 5084, Loss: 5.6724700927734375
Epoch: 5085, Loss: 5.69760274887085
Epoch: 5086, Loss: 5.70133113861084
Epoch: 5087, Loss: 5.691677093505859
Epoch: 5088, Loss: 5.695295810699463
Epoch: 5089, Loss: 5.709821701049805
Epoch: 5090, Loss: 5.690156936645508
Test acc: 0.0343, IC acc: 0.0415, IC acc2: 0.0034, IW acc: 0.0032
Epoch: 5091, Loss: 5.696152687072754
Epoch: 5092, Loss: 5.690759658813477
Epoch: 5093, Loss: 5.684029579162598
Epoch: 5094, Loss: 5.687753200531006
Epoch: 5095, Loss: 5.678443908691406
Epoch: 5096, Loss: 5.689274787902832
Epoch: 5097, Loss: 5.710853576660156
Epoch: 5098, Loss: 5.690937042236328
Epoch: 5099, Loss: 5.697040557861328
./circuit_plots/Unrestricted Disentangled|Readout|CN=1|B0=0|B1=1|K=1280|L=320|p_B=0.75|p_C=0.75|B=2|eps=0|35ad5445-c154-4cea-8e18-983bdf361c37/ already exists.
./circuit_plots/Unrestricted Disentangled|Readout|CN=1|B0=0|B1=1|K=1280|L=320|p_B=0.75|p_C=0.75|B=2|eps=0|35ad5445-c154-4cea-8e18-983bdf361c37/ already exists.
./circuit_plots/Unrestricted Disentangled|Readout|CN=1|B0=0|B1=1|K=1280|L=320|p_B=0.75|p_C=0.75|B=2|eps=0|35ad5445-c154-4cea-8e18-983bdf361c37/ already exists.
./circuit_plots/Unrestricted Disentangled|Readout|CN=1|B0=0|B1=1|K=1280|L=320|p_B=0.75|p_C=0.75|B=2|eps=0|35ad5445-c154-4cea-8e18-983bdf361c37/ already exists.
./circuit_plots/Unrestricted Disentangled|Readout|CN=1|B0=0|B1=1|K=1280|L=320|p_B=0.75|p_C=0.75|B=2|eps=0|35ad5445-c154-4cea-8e18-983bdf361c37/ already exists.
./circuit_plots/Unrestricted Disentangled|Readout|CN=1|B0=0|B1=1|K=1280|L=320|p_B=0.75|p_C=0.75|B=2|eps=0|35ad5445-c154-4cea-8e18-983bdf361c37/ already exists.
./circuit_plots/Unrestricted Disentangled|Readout|CN=1|B0=0|B1=1|K=1280|L=320|p_B=0.75|p_C=0.75|B=2|eps=0|35ad5445-c154-4cea-8e18-983bdf361c37/ already exists.
Epoch: 5100, Loss: 5.692633628845215
Test acc: 0.0342, IC acc: 0.0413, IC acc2: 0.0034, IW acc: 0.0032
Epoch: 5101, Loss: 5.688324928283691
Epoch: 5102, Loss: 5.674461364746094
Epoch: 5103, Loss: 5.701394081115723
Epoch: 5104, Loss: 5.681786060333252
Epoch: 5105, Loss: 5.703173637390137
Epoch: 5106, Loss: 5.675617218017578
Epoch: 5107, Loss: 5.667080402374268
Epoch: 5108, Loss: 5.6985063552856445
Epoch: 5109, Loss: 5.693938255310059
Epoch: 5110, Loss: 5.682936668395996
Test acc: 0.0344, IC acc: 0.0414, IC acc2: 0.0034, IW acc: 0.0032
Epoch: 5111, Loss: 5.715607643127441
Epoch: 5112, Loss: 5.696593761444092
Epoch: 5113, Loss: 5.681376934051514
Epoch: 5114, Loss: 5.68935489654541
Epoch: 5115, Loss: 5.69146203994751
Epoch: 5116, Loss: 5.677157878875732
Epoch: 5117, Loss: 5.698935031890869
Epoch: 5118, Loss: 5.685572624206543
Epoch: 5119, Loss: 5.692119121551514
Epoch: 5120, Loss: 5.707440376281738
Test acc: 0.0346, IC acc: 0.0417, IC acc2: 0.0034, IW acc: 0.0032
Epoch: 5121, Loss: 5.675191879272461
Epoch: 5122, Loss: 5.688368797302246
Epoch: 5123, Loss: 5.6902313232421875
Epoch: 5124, Loss: 5.69507360458374
Epoch: 5125, Loss: 5.683525085449219
Epoch: 5126, Loss: 5.678422927856445
Epoch: 5127, Loss: 5.681544303894043
Epoch: 5128, Loss: 5.669244766235352
Epoch: 5129, Loss: 5.673770427703857
Epoch: 5130, Loss: 5.690847873687744
Test acc: 0.035, IC acc: 0.0417, IC acc2: 0.0034, IW acc: 0.0032
Epoch: 5131, Loss: 5.693942070007324
Epoch: 5132, Loss: 5.682273864746094
Epoch: 5133, Loss: 5.681035041809082
Epoch: 5134, Loss: 5.683156490325928
Epoch: 5135, Loss: 5.689270973205566
Epoch: 5136, Loss: 5.693199157714844
Epoch: 5137, Loss: 5.694431304931641
Epoch: 5138, Loss: 5.673648357391357
Epoch: 5139, Loss: 5.698988437652588
Epoch: 5140, Loss: 5.677690505981445
Test acc: 0.035, IC acc: 0.0418, IC acc2: 0.0034, IW acc: 0.0032
Epoch: 5141, Loss: 5.695384502410889
Epoch: 5142, Loss: 5.68332576751709
Epoch: 5143, Loss: 5.701413154602051
Epoch: 5144, Loss: 5.702442169189453
Epoch: 5145, Loss: 5.691984176635742
Epoch: 5146, Loss: 5.684884548187256
Epoch: 5147, Loss: 5.687960624694824
Epoch: 5148, Loss: 5.679049015045166
Epoch: 5149, Loss: 5.699242115020752
./circuit_plots/Unrestricted Disentangled|Readout|CN=1|B0=0|B1=1|K=1280|L=320|p_B=0.75|p_C=0.75|B=2|eps=0|35ad5445-c154-4cea-8e18-983bdf361c37/ already exists.
./circuit_plots/Unrestricted Disentangled|Readout|CN=1|B0=0|B1=1|K=1280|L=320|p_B=0.75|p_C=0.75|B=2|eps=0|35ad5445-c154-4cea-8e18-983bdf361c37/ already exists.
./circuit_plots/Unrestricted Disentangled|Readout|CN=1|B0=0|B1=1|K=1280|L=320|p_B=0.75|p_C=0.75|B=2|eps=0|35ad5445-c154-4cea-8e18-983bdf361c37/ already exists.
./circuit_plots/Unrestricted Disentangled|Readout|CN=1|B0=0|B1=1|K=1280|L=320|p_B=0.75|p_C=0.75|B=2|eps=0|35ad5445-c154-4cea-8e18-983bdf361c37/ already exists.
./circuit_plots/Unrestricted Disentangled|Readout|CN=1|B0=0|B1=1|K=1280|L=320|p_B=0.75|p_C=0.75|B=2|eps=0|35ad5445-c154-4cea-8e18-983bdf361c37/ already exists.
./circuit_plots/Unrestricted Disentangled|Readout|CN=1|B0=0|B1=1|K=1280|L=320|p_B=0.75|p_C=0.75|B=2|eps=0|35ad5445-c154-4cea-8e18-983bdf361c37/ already exists.
./circuit_plots/Unrestricted Disentangled|Readout|CN=1|B0=0|B1=1|K=1280|L=320|p_B=0.75|p_C=0.75|B=2|eps=0|35ad5445-c154-4cea-8e18-983bdf361c37/ already exists.
Epoch: 5150, Loss: 5.661092281341553
Test acc: 0.0351, IC acc: 0.0419, IC acc2: 0.0034, IW acc: 0.0032
Epoch: 5151, Loss: 5.700470924377441
Epoch: 5152, Loss: 5.677245140075684
Epoch: 5153, Loss: 5.694576740264893
Epoch: 5154, Loss: 5.704405307769775
Epoch: 5155, Loss: 5.688006401062012
Epoch: 5156, Loss: 5.670647144317627
Epoch: 5157, Loss: 5.701775550842285
Epoch: 5158, Loss: 5.701245307922363
Epoch: 5159, Loss: 5.693061828613281
Epoch: 5160, Loss: 5.685312747955322
Test acc: 0.0352, IC acc: 0.042, IC acc2: 0.0034, IW acc: 0.0032
Epoch: 5161, Loss: 5.684239387512207
Epoch: 5162, Loss: 5.6796064376831055
Epoch: 5163, Loss: 5.698328018188477
Epoch: 5164, Loss: 5.688266754150391
Epoch: 5165, Loss: 5.704770565032959
Epoch: 5166, Loss: 5.679653644561768
Epoch: 5167, Loss: 5.676277160644531
Epoch: 5168, Loss: 5.676625728607178
Epoch: 5169, Loss: 5.69122314453125
Epoch: 5170, Loss: 5.6742072105407715
Test acc: 0.0353, IC acc: 0.0421, IC acc2: 0.0034, IW acc: 0.0032
Epoch: 5171, Loss: 5.683283805847168
Epoch: 5172, Loss: 5.688485145568848
Epoch: 5173, Loss: 5.689728736877441
Epoch: 5174, Loss: 5.692314147949219
Epoch: 5175, Loss: 5.68403434753418
Epoch: 5176, Loss: 5.690431118011475
Epoch: 5177, Loss: 5.667430877685547
Epoch: 5178, Loss: 5.675834655761719
Epoch: 5179, Loss: 5.685548782348633
Epoch: 5180, Loss: 5.7003068923950195
Test acc: 0.0354, IC acc: 0.0425, IC acc2: 0.0034, IW acc: 0.0032
Epoch: 5181, Loss: 5.67038631439209
Epoch: 5182, Loss: 5.698598861694336
Epoch: 5183, Loss: 5.698570251464844
Epoch: 5184, Loss: 5.6873016357421875
Epoch: 5185, Loss: 5.683070659637451
Epoch: 5186, Loss: 5.698482513427734
Epoch: 5187, Loss: 5.6889967918396
Epoch: 5188, Loss: 5.686420440673828
Epoch: 5189, Loss: 5.696631908416748
Epoch: 5190, Loss: 5.695362567901611
Test acc: 0.0353, IC acc: 0.0424, IC acc2: 0.0034, IW acc: 0.0033
Epoch: 5191, Loss: 5.684296607971191
Epoch: 5192, Loss: 5.6883392333984375
Epoch: 5193, Loss: 5.682683944702148
Epoch: 5194, Loss: 5.6765456199646
Epoch: 5195, Loss: 5.6993560791015625
Epoch: 5196, Loss: 5.698538780212402
Epoch: 5197, Loss: 5.677969455718994
Epoch: 5198, Loss: 5.695921897888184
Epoch: 5199, Loss: 5.689146518707275
./circuit_plots/Unrestricted Disentangled|Readout|CN=1|B0=0|B1=1|K=1280|L=320|p_B=0.75|p_C=0.75|B=2|eps=0|35ad5445-c154-4cea-8e18-983bdf361c37/ already exists.
./circuit_plots/Unrestricted Disentangled|Readout|CN=1|B0=0|B1=1|K=1280|L=320|p_B=0.75|p_C=0.75|B=2|eps=0|35ad5445-c154-4cea-8e18-983bdf361c37/ already exists.
./circuit_plots/Unrestricted Disentangled|Readout|CN=1|B0=0|B1=1|K=1280|L=320|p_B=0.75|p_C=0.75|B=2|eps=0|35ad5445-c154-4cea-8e18-983bdf361c37/ already exists.
./circuit_plots/Unrestricted Disentangled|Readout|CN=1|B0=0|B1=1|K=1280|L=320|p_B=0.75|p_C=0.75|B=2|eps=0|35ad5445-c154-4cea-8e18-983bdf361c37/ already exists.
./circuit_plots/Unrestricted Disentangled|Readout|CN=1|B0=0|B1=1|K=1280|L=320|p_B=0.75|p_C=0.75|B=2|eps=0|35ad5445-c154-4cea-8e18-983bdf361c37/ already exists.
./circuit_plots/Unrestricted Disentangled|Readout|CN=1|B0=0|B1=1|K=1280|L=320|p_B=0.75|p_C=0.75|B=2|eps=0|35ad5445-c154-4cea-8e18-983bdf361c37/ already exists.
./circuit_plots/Unrestricted Disentangled|Readout|CN=1|B0=0|B1=1|K=1280|L=320|p_B=0.75|p_C=0.75|B=2|eps=0|35ad5445-c154-4cea-8e18-983bdf361c37/ already exists.
Epoch: 5200, Loss: 5.692911148071289
Test acc: 0.0354, IC acc: 0.0425, IC acc2: 0.0034, IW acc: 0.0033
Epoch: 5201, Loss: 5.688444137573242
Epoch: 5202, Loss: 5.691329479217529
Epoch: 5203, Loss: 5.70100212097168
Epoch: 5204, Loss: 5.685567855834961
Epoch: 5205, Loss: 5.695425033569336
Epoch: 5206, Loss: 5.701666831970215
Epoch: 5207, Loss: 5.686244487762451
Epoch: 5208, Loss: 5.688809394836426
Epoch: 5209, Loss: 5.6822919845581055
Epoch: 5210, Loss: 5.6879963874816895
Test acc: 0.0357, IC acc: 0.0426, IC acc2: 0.0034, IW acc: 0.0033
Epoch: 5211, Loss: 5.673007965087891
Epoch: 5212, Loss: 5.693404197692871
Epoch: 5213, Loss: 5.672961235046387
Epoch: 5214, Loss: 5.677252769470215
Epoch: 5215, Loss: 5.694919586181641
Epoch: 5216, Loss: 5.690747261047363
Epoch: 5217, Loss: 5.684478282928467
Epoch: 5218, Loss: 5.687499046325684
Epoch: 5219, Loss: 5.703122138977051
Epoch: 5220, Loss: 5.678078651428223
Test acc: 0.0356, IC acc: 0.0427, IC acc2: 0.0034, IW acc: 0.0033
Epoch: 5221, Loss: 5.699976921081543
Epoch: 5222, Loss: 5.691379070281982
Epoch: 5223, Loss: 5.672243118286133
Epoch: 5224, Loss: 5.679869651794434
Epoch: 5225, Loss: 5.692085266113281
Epoch: 5226, Loss: 5.683910369873047
Epoch: 5227, Loss: 5.689908027648926
Epoch: 5228, Loss: 5.699373245239258
Epoch: 5229, Loss: 5.668021202087402
Epoch: 5230, Loss: 5.674056529998779
Test acc: 0.0357, IC acc: 0.0427, IC acc2: 0.0034, IW acc: 0.0033
Epoch: 5231, Loss: 5.697177886962891
Epoch: 5232, Loss: 5.686866760253906
Epoch: 5233, Loss: 5.68492317199707
Epoch: 5234, Loss: 5.672484397888184
Epoch: 5235, Loss: 5.703495025634766
Epoch: 5236, Loss: 5.707084655761719
Epoch: 5237, Loss: 5.676817893981934
Epoch: 5238, Loss: 5.687078475952148
Epoch: 5239, Loss: 5.705859184265137
Epoch: 5240, Loss: 5.685944557189941
Test acc: 0.0356, IC acc: 0.0426, IC acc2: 0.0034, IW acc: 0.0033
Epoch: 5241, Loss: 5.695513725280762
Epoch: 5242, Loss: 5.682687759399414
Epoch: 5243, Loss: 5.698631286621094
Epoch: 5244, Loss: 5.691840171813965
Epoch: 5245, Loss: 5.689028263092041
Epoch: 5246, Loss: 5.678631782531738
Epoch: 5247, Loss: 5.695291519165039
Epoch: 5248, Loss: 5.684847831726074
Epoch: 5249, Loss: 5.678768157958984
./circuit_plots/Unrestricted Disentangled|Readout|CN=1|B0=0|B1=1|K=1280|L=320|p_B=0.75|p_C=0.75|B=2|eps=0|35ad5445-c154-4cea-8e18-983bdf361c37/ already exists.
./circuit_plots/Unrestricted Disentangled|Readout|CN=1|B0=0|B1=1|K=1280|L=320|p_B=0.75|p_C=0.75|B=2|eps=0|35ad5445-c154-4cea-8e18-983bdf361c37/ already exists.
./circuit_plots/Unrestricted Disentangled|Readout|CN=1|B0=0|B1=1|K=1280|L=320|p_B=0.75|p_C=0.75|B=2|eps=0|35ad5445-c154-4cea-8e18-983bdf361c37/ already exists.
./circuit_plots/Unrestricted Disentangled|Readout|CN=1|B0=0|B1=1|K=1280|L=320|p_B=0.75|p_C=0.75|B=2|eps=0|35ad5445-c154-4cea-8e18-983bdf361c37/ already exists.
./circuit_plots/Unrestricted Disentangled|Readout|CN=1|B0=0|B1=1|K=1280|L=320|p_B=0.75|p_C=0.75|B=2|eps=0|35ad5445-c154-4cea-8e18-983bdf361c37/ already exists.
./circuit_plots/Unrestricted Disentangled|Readout|CN=1|B0=0|B1=1|K=1280|L=320|p_B=0.75|p_C=0.75|B=2|eps=0|35ad5445-c154-4cea-8e18-983bdf361c37/ already exists.
./circuit_plots/Unrestricted Disentangled|Readout|CN=1|B0=0|B1=1|K=1280|L=320|p_B=0.75|p_C=0.75|B=2|eps=0|35ad5445-c154-4cea-8e18-983bdf361c37/ already exists.
Epoch: 5250, Loss: 5.698015213012695
Test acc: 0.0357, IC acc: 0.0425, IC acc2: 0.0033, IW acc: 0.0031
Epoch: 5251, Loss: 5.691405296325684
Epoch: 5252, Loss: 5.687955856323242
Epoch: 5253, Loss: 5.683083534240723
Epoch: 5254, Loss: 5.673264026641846
Epoch: 5255, Loss: 5.6781086921691895
Epoch: 5256, Loss: 5.68123722076416
Epoch: 5257, Loss: 5.685637474060059
Epoch: 5258, Loss: 5.6907057762146
Epoch: 5259, Loss: 5.687780857086182
Epoch: 5260, Loss: 5.681472301483154
Test acc: 0.036, IC acc: 0.0425, IC acc2: 0.0034, IW acc: 0.0032
Epoch: 5261, Loss: 5.683394908905029
Epoch: 5262, Loss: 5.680720329284668
Epoch: 5263, Loss: 5.6825690269470215
Epoch: 5264, Loss: 5.690736293792725
Epoch: 5265, Loss: 5.681427955627441
Epoch: 5266, Loss: 5.695021629333496
Epoch: 5267, Loss: 5.679446220397949
Epoch: 5268, Loss: 5.692381858825684
Epoch: 5269, Loss: 5.704291343688965
Epoch: 5270, Loss: 5.677821159362793
Test acc: 0.0362, IC acc: 0.0427, IC acc2: 0.0033, IW acc: 0.0032
Epoch: 5271, Loss: 5.682711124420166
Epoch: 5272, Loss: 5.712155342102051
Epoch: 5273, Loss: 5.690549373626709
Epoch: 5274, Loss: 5.702981472015381
Epoch: 5275, Loss: 5.676229476928711
Epoch: 5276, Loss: 5.695516586303711
Epoch: 5277, Loss: 5.706002235412598
Epoch: 5278, Loss: 5.684864044189453
Epoch: 5279, Loss: 5.692958831787109
Epoch: 5280, Loss: 5.680421829223633
Test acc: 0.0362, IC acc: 0.0431, IC acc2: 0.0033, IW acc: 0.0032
Epoch: 5281, Loss: 5.690334320068359
Epoch: 5282, Loss: 5.692131042480469
Epoch: 5283, Loss: 5.679616928100586
Epoch: 5284, Loss: 5.685420036315918
Epoch: 5285, Loss: 5.689829349517822
Epoch: 5286, Loss: 5.696820259094238
Epoch: 5287, Loss: 5.702494144439697
Epoch: 5288, Loss: 5.664610862731934
Epoch: 5289, Loss: 5.684671878814697
Epoch: 5290, Loss: 5.6854424476623535
Test acc: 0.0362, IC acc: 0.043, IC acc2: 0.0033, IW acc: 0.0031
Epoch: 5291, Loss: 5.678640842437744
Epoch: 5292, Loss: 5.692654609680176
Epoch: 5293, Loss: 5.68587589263916
Epoch: 5294, Loss: 5.692751884460449
Epoch: 5295, Loss: 5.692249774932861
Epoch: 5296, Loss: 5.690654754638672
Epoch: 5297, Loss: 5.673983573913574
Epoch: 5298, Loss: 5.676827907562256
Epoch: 5299, Loss: 5.687893867492676
./circuit_plots/Unrestricted Disentangled|Readout|CN=1|B0=0|B1=1|K=1280|L=320|p_B=0.75|p_C=0.75|B=2|eps=0|35ad5445-c154-4cea-8e18-983bdf361c37/ already exists.
./circuit_plots/Unrestricted Disentangled|Readout|CN=1|B0=0|B1=1|K=1280|L=320|p_B=0.75|p_C=0.75|B=2|eps=0|35ad5445-c154-4cea-8e18-983bdf361c37/ already exists.
./circuit_plots/Unrestricted Disentangled|Readout|CN=1|B0=0|B1=1|K=1280|L=320|p_B=0.75|p_C=0.75|B=2|eps=0|35ad5445-c154-4cea-8e18-983bdf361c37/ already exists.
./circuit_plots/Unrestricted Disentangled|Readout|CN=1|B0=0|B1=1|K=1280|L=320|p_B=0.75|p_C=0.75|B=2|eps=0|35ad5445-c154-4cea-8e18-983bdf361c37/ already exists.
./circuit_plots/Unrestricted Disentangled|Readout|CN=1|B0=0|B1=1|K=1280|L=320|p_B=0.75|p_C=0.75|B=2|eps=0|35ad5445-c154-4cea-8e18-983bdf361c37/ already exists.
./circuit_plots/Unrestricted Disentangled|Readout|CN=1|B0=0|B1=1|K=1280|L=320|p_B=0.75|p_C=0.75|B=2|eps=0|35ad5445-c154-4cea-8e18-983bdf361c37/ already exists.
./circuit_plots/Unrestricted Disentangled|Readout|CN=1|B0=0|B1=1|K=1280|L=320|p_B=0.75|p_C=0.75|B=2|eps=0|35ad5445-c154-4cea-8e18-983bdf361c37/ already exists.
Epoch: 5300, Loss: 5.699716567993164
Test acc: 0.0364, IC acc: 0.0433, IC acc2: 0.0034, IW acc: 0.0031
Epoch: 5301, Loss: 5.68186092376709
Epoch: 5302, Loss: 5.702820777893066
Epoch: 5303, Loss: 5.684700012207031
Epoch: 5304, Loss: 5.695413112640381
Epoch: 5305, Loss: 5.702769756317139
Epoch: 5306, Loss: 5.660157203674316
Epoch: 5307, Loss: 5.67744255065918
Epoch: 5308, Loss: 5.681219100952148
Epoch: 5309, Loss: 5.690950393676758
Epoch: 5310, Loss: 5.687094688415527
Test acc: 0.0367, IC acc: 0.0435, IC acc2: 0.0034, IW acc: 0.0031
Epoch: 5311, Loss: 5.7059149742126465
Epoch: 5312, Loss: 5.700096130371094
Epoch: 5313, Loss: 5.691577434539795
Epoch: 5314, Loss: 5.686713218688965
Epoch: 5315, Loss: 5.674077033996582
Epoch: 5316, Loss: 5.668466567993164
Epoch: 5317, Loss: 5.6833391189575195
Epoch: 5318, Loss: 5.680240631103516
Epoch: 5319, Loss: 5.687603950500488
Epoch: 5320, Loss: 5.683951377868652
Test acc: 0.0365, IC acc: 0.0435, IC acc2: 0.0034, IW acc: 0.003
Epoch: 5321, Loss: 5.683154106140137
Epoch: 5322, Loss: 5.693601608276367
Epoch: 5323, Loss: 5.688510894775391
Epoch: 5324, Loss: 5.680171489715576
Epoch: 5325, Loss: 5.690153121948242
Epoch: 5326, Loss: 5.67365837097168
Epoch: 5327, Loss: 5.681312084197998
Epoch: 5328, Loss: 5.697144985198975
Epoch: 5329, Loss: 5.691403865814209
Epoch: 5330, Loss: 5.704255104064941
Test acc: 0.0367, IC acc: 0.044, IC acc2: 0.0034, IW acc: 0.0031
Epoch: 5331, Loss: 5.666426181793213
Epoch: 5332, Loss: 5.675349235534668
Epoch: 5333, Loss: 5.695725440979004
Epoch: 5334, Loss: 5.679340362548828
Epoch: 5335, Loss: 5.695775508880615
Epoch: 5336, Loss: 5.682535171508789
Epoch: 5337, Loss: 5.674033164978027
Epoch: 5338, Loss: 5.676685333251953
Epoch: 5339, Loss: 5.686594009399414
Epoch: 5340, Loss: 5.692424774169922
Test acc: 0.0366, IC acc: 0.0442, IC acc2: 0.0034, IW acc: 0.0031
Epoch: 5341, Loss: 5.687917709350586
Epoch: 5342, Loss: 5.7010698318481445
Epoch: 5343, Loss: 5.690624237060547
Epoch: 5344, Loss: 5.701622486114502
Epoch: 5345, Loss: 5.688925743103027
Epoch: 5346, Loss: 5.673881530761719
Epoch: 5347, Loss: 5.681711196899414
Epoch: 5348, Loss: 5.691987037658691
Epoch: 5349, Loss: 5.6810078620910645
./circuit_plots/Unrestricted Disentangled|Readout|CN=1|B0=0|B1=1|K=1280|L=320|p_B=0.75|p_C=0.75|B=2|eps=0|35ad5445-c154-4cea-8e18-983bdf361c37/ already exists.
./circuit_plots/Unrestricted Disentangled|Readout|CN=1|B0=0|B1=1|K=1280|L=320|p_B=0.75|p_C=0.75|B=2|eps=0|35ad5445-c154-4cea-8e18-983bdf361c37/ already exists.
./circuit_plots/Unrestricted Disentangled|Readout|CN=1|B0=0|B1=1|K=1280|L=320|p_B=0.75|p_C=0.75|B=2|eps=0|35ad5445-c154-4cea-8e18-983bdf361c37/ already exists.
./circuit_plots/Unrestricted Disentangled|Readout|CN=1|B0=0|B1=1|K=1280|L=320|p_B=0.75|p_C=0.75|B=2|eps=0|35ad5445-c154-4cea-8e18-983bdf361c37/ already exists.
./circuit_plots/Unrestricted Disentangled|Readout|CN=1|B0=0|B1=1|K=1280|L=320|p_B=0.75|p_C=0.75|B=2|eps=0|35ad5445-c154-4cea-8e18-983bdf361c37/ already exists.
./circuit_plots/Unrestricted Disentangled|Readout|CN=1|B0=0|B1=1|K=1280|L=320|p_B=0.75|p_C=0.75|B=2|eps=0|35ad5445-c154-4cea-8e18-983bdf361c37/ already exists.
./circuit_plots/Unrestricted Disentangled|Readout|CN=1|B0=0|B1=1|K=1280|L=320|p_B=0.75|p_C=0.75|B=2|eps=0|35ad5445-c154-4cea-8e18-983bdf361c37/ already exists.
Epoch: 5350, Loss: 5.677521228790283
Test acc: 0.0368, IC acc: 0.0444, IC acc2: 0.0034, IW acc: 0.003
Epoch: 5351, Loss: 5.676301002502441
Epoch: 5352, Loss: 5.700650691986084
Epoch: 5353, Loss: 5.684903621673584
Epoch: 5354, Loss: 5.684926986694336
Epoch: 5355, Loss: 5.666747570037842
Epoch: 5356, Loss: 5.6952080726623535
Epoch: 5357, Loss: 5.701293468475342
Epoch: 5358, Loss: 5.695839881896973
Epoch: 5359, Loss: 5.669634819030762
Epoch: 5360, Loss: 5.690649032592773
Test acc: 0.0369, IC acc: 0.0448, IC acc2: 0.0034, IW acc: 0.003
Epoch: 5361, Loss: 5.699292182922363
Epoch: 5362, Loss: 5.673995018005371
Epoch: 5363, Loss: 5.683291435241699
Epoch: 5364, Loss: 5.68526554107666
Epoch: 5365, Loss: 5.690162181854248
Epoch: 5366, Loss: 5.685185432434082
Epoch: 5367, Loss: 5.672773838043213
Epoch: 5368, Loss: 5.696800708770752
Epoch: 5369, Loss: 5.66666316986084
Epoch: 5370, Loss: 5.683743476867676
Test acc: 0.0372, IC acc: 0.0449, IC acc2: 0.0034, IW acc: 0.003
Epoch: 5371, Loss: 5.689149379730225
Epoch: 5372, Loss: 5.6735992431640625
Epoch: 5373, Loss: 5.670847415924072
Epoch: 5374, Loss: 5.67381477355957
Epoch: 5375, Loss: 5.675707817077637
Epoch: 5376, Loss: 5.69826078414917
Epoch: 5377, Loss: 5.705737113952637
Epoch: 5378, Loss: 5.686556816101074
Epoch: 5379, Loss: 5.688995838165283
Epoch: 5380, Loss: 5.684287071228027
Test acc: 0.0372, IC acc: 0.0452, IC acc2: 0.0034, IW acc: 0.003
Epoch: 5381, Loss: 5.69611930847168
Epoch: 5382, Loss: 5.692974090576172
Epoch: 5383, Loss: 5.669408798217773
Epoch: 5384, Loss: 5.693629741668701
Epoch: 5385, Loss: 5.698697090148926
Epoch: 5386, Loss: 5.693241119384766
Epoch: 5387, Loss: 5.685302734375
Epoch: 5388, Loss: 5.695014953613281
Epoch: 5389, Loss: 5.677552223205566
Epoch: 5390, Loss: 5.679077625274658
Test acc: 0.0371, IC acc: 0.0451, IC acc2: 0.0034, IW acc: 0.0031
Epoch: 5391, Loss: 5.701438903808594
Epoch: 5392, Loss: 5.683892250061035
Epoch: 5393, Loss: 5.679914474487305
Epoch: 5394, Loss: 5.6790361404418945
Epoch: 5395, Loss: 5.687704086303711
Epoch: 5396, Loss: 5.687139511108398
Epoch: 5397, Loss: 5.68896484375
Epoch: 5398, Loss: 5.681375980377197
Epoch: 5399, Loss: 5.688636302947998
./circuit_plots/Unrestricted Disentangled|Readout|CN=1|B0=0|B1=1|K=1280|L=320|p_B=0.75|p_C=0.75|B=2|eps=0|35ad5445-c154-4cea-8e18-983bdf361c37/ already exists.
./circuit_plots/Unrestricted Disentangled|Readout|CN=1|B0=0|B1=1|K=1280|L=320|p_B=0.75|p_C=0.75|B=2|eps=0|35ad5445-c154-4cea-8e18-983bdf361c37/ already exists.
./circuit_plots/Unrestricted Disentangled|Readout|CN=1|B0=0|B1=1|K=1280|L=320|p_B=0.75|p_C=0.75|B=2|eps=0|35ad5445-c154-4cea-8e18-983bdf361c37/ already exists.
./circuit_plots/Unrestricted Disentangled|Readout|CN=1|B0=0|B1=1|K=1280|L=320|p_B=0.75|p_C=0.75|B=2|eps=0|35ad5445-c154-4cea-8e18-983bdf361c37/ already exists.
./circuit_plots/Unrestricted Disentangled|Readout|CN=1|B0=0|B1=1|K=1280|L=320|p_B=0.75|p_C=0.75|B=2|eps=0|35ad5445-c154-4cea-8e18-983bdf361c37/ already exists.
./circuit_plots/Unrestricted Disentangled|Readout|CN=1|B0=0|B1=1|K=1280|L=320|p_B=0.75|p_C=0.75|B=2|eps=0|35ad5445-c154-4cea-8e18-983bdf361c37/ already exists.
./circuit_plots/Unrestricted Disentangled|Readout|CN=1|B0=0|B1=1|K=1280|L=320|p_B=0.75|p_C=0.75|B=2|eps=0|35ad5445-c154-4cea-8e18-983bdf361c37/ already exists.
Epoch: 5400, Loss: 5.6879472732543945
Test acc: 0.0372, IC acc: 0.0457, IC acc2: 0.0034, IW acc: 0.0031
Epoch: 5401, Loss: 5.689872741699219
Epoch: 5402, Loss: 5.684919357299805
Epoch: 5403, Loss: 5.685924053192139
Epoch: 5404, Loss: 5.696389675140381
Epoch: 5405, Loss: 5.684252738952637
Epoch: 5406, Loss: 5.6913323402404785
Epoch: 5407, Loss: 5.698941707611084
Epoch: 5408, Loss: 5.687131404876709
Epoch: 5409, Loss: 5.690400123596191
Epoch: 5410, Loss: 5.696869850158691
Test acc: 0.0374, IC acc: 0.0457, IC acc2: 0.0034, IW acc: 0.003
Epoch: 5411, Loss: 5.687976837158203
Epoch: 5412, Loss: 5.68392276763916
Epoch: 5413, Loss: 5.682766914367676
Epoch: 5414, Loss: 5.6814351081848145
Epoch: 5415, Loss: 5.6970438957214355
Epoch: 5416, Loss: 5.684298515319824
Epoch: 5417, Loss: 5.674156665802002
Epoch: 5418, Loss: 5.675290584564209
Epoch: 5419, Loss: 5.687578201293945
Epoch: 5420, Loss: 5.685747146606445
Test acc: 0.0377, IC acc: 0.0459, IC acc2: 0.0034, IW acc: 0.003
Epoch: 5421, Loss: 5.673914909362793
Epoch: 5422, Loss: 5.685145378112793
Epoch: 5423, Loss: 5.675441265106201
Epoch: 5424, Loss: 5.674027919769287
Epoch: 5425, Loss: 5.684401512145996
Epoch: 5426, Loss: 5.690531253814697
Epoch: 5427, Loss: 5.692902565002441
Epoch: 5428, Loss: 5.687935829162598
Epoch: 5429, Loss: 5.669867515563965
Epoch: 5430, Loss: 5.678511619567871
Test acc: 0.038, IC acc: 0.0462, IC acc2: 0.0034, IW acc: 0.003
Epoch: 5431, Loss: 5.684969902038574
Epoch: 5432, Loss: 5.692455291748047
Epoch: 5433, Loss: 5.691617012023926
Epoch: 5434, Loss: 5.698297023773193
Epoch: 5435, Loss: 5.674100399017334
Epoch: 5436, Loss: 5.683075904846191
Epoch: 5437, Loss: 5.670441627502441
Epoch: 5438, Loss: 5.68209171295166
Epoch: 5439, Loss: 5.6850786209106445
Epoch: 5440, Loss: 5.685977935791016
Test acc: 0.0381, IC acc: 0.0466, IC acc2: 0.0034, IW acc: 0.003
Epoch: 5441, Loss: 5.6758599281311035
Epoch: 5442, Loss: 5.693265438079834
Epoch: 5443, Loss: 5.68375825881958
Epoch: 5444, Loss: 5.688687324523926
Epoch: 5445, Loss: 5.673976421356201
Epoch: 5446, Loss: 5.689260959625244
Epoch: 5447, Loss: 5.683553695678711
Epoch: 5448, Loss: 5.688314437866211
Epoch: 5449, Loss: 5.684022903442383
./circuit_plots/Unrestricted Disentangled|Readout|CN=1|B0=0|B1=1|K=1280|L=320|p_B=0.75|p_C=0.75|B=2|eps=0|35ad5445-c154-4cea-8e18-983bdf361c37/ already exists.
./circuit_plots/Unrestricted Disentangled|Readout|CN=1|B0=0|B1=1|K=1280|L=320|p_B=0.75|p_C=0.75|B=2|eps=0|35ad5445-c154-4cea-8e18-983bdf361c37/ already exists.
./circuit_plots/Unrestricted Disentangled|Readout|CN=1|B0=0|B1=1|K=1280|L=320|p_B=0.75|p_C=0.75|B=2|eps=0|35ad5445-c154-4cea-8e18-983bdf361c37/ already exists.
./circuit_plots/Unrestricted Disentangled|Readout|CN=1|B0=0|B1=1|K=1280|L=320|p_B=0.75|p_C=0.75|B=2|eps=0|35ad5445-c154-4cea-8e18-983bdf361c37/ already exists.
./circuit_plots/Unrestricted Disentangled|Readout|CN=1|B0=0|B1=1|K=1280|L=320|p_B=0.75|p_C=0.75|B=2|eps=0|35ad5445-c154-4cea-8e18-983bdf361c37/ already exists.
./circuit_plots/Unrestricted Disentangled|Readout|CN=1|B0=0|B1=1|K=1280|L=320|p_B=0.75|p_C=0.75|B=2|eps=0|35ad5445-c154-4cea-8e18-983bdf361c37/ already exists.
./circuit_plots/Unrestricted Disentangled|Readout|CN=1|B0=0|B1=1|K=1280|L=320|p_B=0.75|p_C=0.75|B=2|eps=0|35ad5445-c154-4cea-8e18-983bdf361c37/ already exists.
Epoch: 5450, Loss: 5.6866912841796875
Test acc: 0.0383, IC acc: 0.0467, IC acc2: 0.0034, IW acc: 0.003
Epoch: 5451, Loss: 5.674173831939697
Epoch: 5452, Loss: 5.678472995758057
Epoch: 5453, Loss: 5.695366859436035
Epoch: 5454, Loss: 5.670823097229004
Epoch: 5455, Loss: 5.687110900878906
Epoch: 5456, Loss: 5.689251899719238
Epoch: 5457, Loss: 5.686063766479492
Epoch: 5458, Loss: 5.695652008056641
Epoch: 5459, Loss: 5.677946090698242
Epoch: 5460, Loss: 5.690736770629883
Test acc: 0.0382, IC acc: 0.0467, IC acc2: 0.0034, IW acc: 0.003
Epoch: 5461, Loss: 5.690755367279053
Epoch: 5462, Loss: 5.695068836212158
Epoch: 5463, Loss: 5.697672367095947
Epoch: 5464, Loss: 5.683770179748535
Epoch: 5465, Loss: 5.6984100341796875
Epoch: 5466, Loss: 5.686616897583008
Epoch: 5467, Loss: 5.6848931312561035
Epoch: 5468, Loss: 5.679164886474609
Epoch: 5469, Loss: 5.696639060974121
Epoch: 5470, Loss: 5.682835578918457
Test acc: 0.0384, IC acc: 0.0468, IC acc2: 0.0034, IW acc: 0.003
Epoch: 5471, Loss: 5.67676305770874
Epoch: 5472, Loss: 5.675173282623291
Epoch: 5473, Loss: 5.686307907104492
Epoch: 5474, Loss: 5.6995954513549805
Epoch: 5475, Loss: 5.682305335998535
Epoch: 5476, Loss: 5.666468620300293
Epoch: 5477, Loss: 5.68360710144043
Epoch: 5478, Loss: 5.683021068572998
Epoch: 5479, Loss: 5.68441104888916
Epoch: 5480, Loss: 5.690031051635742
Test acc: 0.0385, IC acc: 0.0469, IC acc2: 0.0034, IW acc: 0.003
Epoch: 5481, Loss: 5.691713333129883
Epoch: 5482, Loss: 5.7025346755981445
Epoch: 5483, Loss: 5.663917541503906
Epoch: 5484, Loss: 5.680178642272949
Epoch: 5485, Loss: 5.701419830322266
Epoch: 5486, Loss: 5.672542572021484
Epoch: 5487, Loss: 5.684325218200684
Epoch: 5488, Loss: 5.661716461181641
Epoch: 5489, Loss: 5.680395126342773
Epoch: 5490, Loss: 5.701835632324219
Test acc: 0.0384, IC acc: 0.047, IC acc2: 0.0034, IW acc: 0.0029
Epoch: 5491, Loss: 5.672135353088379
Epoch: 5492, Loss: 5.672467231750488
Epoch: 5493, Loss: 5.705729961395264
Epoch: 5494, Loss: 5.690945625305176
Epoch: 5495, Loss: 5.685549259185791
Epoch: 5496, Loss: 5.683633327484131
Epoch: 5497, Loss: 5.684426784515381
Epoch: 5498, Loss: 5.690548896789551
Epoch: 5499, Loss: 5.684817314147949
./circuit_plots/Unrestricted Disentangled|Readout|CN=1|B0=0|B1=1|K=1280|L=320|p_B=0.75|p_C=0.75|B=2|eps=0|35ad5445-c154-4cea-8e18-983bdf361c37/ already exists.
./circuit_plots/Unrestricted Disentangled|Readout|CN=1|B0=0|B1=1|K=1280|L=320|p_B=0.75|p_C=0.75|B=2|eps=0|35ad5445-c154-4cea-8e18-983bdf361c37/ already exists.
./circuit_plots/Unrestricted Disentangled|Readout|CN=1|B0=0|B1=1|K=1280|L=320|p_B=0.75|p_C=0.75|B=2|eps=0|35ad5445-c154-4cea-8e18-983bdf361c37/ already exists.
./circuit_plots/Unrestricted Disentangled|Readout|CN=1|B0=0|B1=1|K=1280|L=320|p_B=0.75|p_C=0.75|B=2|eps=0|35ad5445-c154-4cea-8e18-983bdf361c37/ already exists.
./circuit_plots/Unrestricted Disentangled|Readout|CN=1|B0=0|B1=1|K=1280|L=320|p_B=0.75|p_C=0.75|B=2|eps=0|35ad5445-c154-4cea-8e18-983bdf361c37/ already exists.
./circuit_plots/Unrestricted Disentangled|Readout|CN=1|B0=0|B1=1|K=1280|L=320|p_B=0.75|p_C=0.75|B=2|eps=0|35ad5445-c154-4cea-8e18-983bdf361c37/ already exists.
./circuit_plots/Unrestricted Disentangled|Readout|CN=1|B0=0|B1=1|K=1280|L=320|p_B=0.75|p_C=0.75|B=2|eps=0|35ad5445-c154-4cea-8e18-983bdf361c37/ already exists.
Epoch: 5500, Loss: 5.691594123840332
Test acc: 0.0386, IC acc: 0.0472, IC acc2: 0.0034, IW acc: 0.003
Epoch: 5501, Loss: 5.692598819732666
Epoch: 5502, Loss: 5.679282188415527
Epoch: 5503, Loss: 5.686343669891357
Epoch: 5504, Loss: 5.6807661056518555
Epoch: 5505, Loss: 5.695049285888672
Epoch: 5506, Loss: 5.681684494018555
Epoch: 5507, Loss: 5.669069290161133
Epoch: 5508, Loss: 5.668892860412598
Epoch: 5509, Loss: 5.696322441101074
Epoch: 5510, Loss: 5.689591407775879
Test acc: 0.0387, IC acc: 0.0474, IC acc2: 0.0034, IW acc: 0.003
Epoch: 5511, Loss: 5.692109107971191
Epoch: 5512, Loss: 5.685825347900391
Epoch: 5513, Loss: 5.69301700592041
Epoch: 5514, Loss: 5.6862030029296875
Epoch: 5515, Loss: 5.694318771362305
Epoch: 5516, Loss: 5.676767826080322
Epoch: 5517, Loss: 5.688162803649902
Epoch: 5518, Loss: 5.692371845245361
Epoch: 5519, Loss: 5.679356575012207
Epoch: 5520, Loss: 5.683923721313477
Test acc: 0.0388, IC acc: 0.0476, IC acc2: 0.0034, IW acc: 0.0031
Epoch: 5521, Loss: 5.677999496459961
Epoch: 5522, Loss: 5.685658931732178
Epoch: 5523, Loss: 5.693930149078369
Epoch: 5524, Loss: 5.657099723815918
Epoch: 5525, Loss: 5.687121391296387
Epoch: 5526, Loss: 5.6617536544799805
Epoch: 5527, Loss: 5.693213939666748
Epoch: 5528, Loss: 5.696938514709473
Epoch: 5529, Loss: 5.685819149017334
Epoch: 5530, Loss: 5.684142112731934
Test acc: 0.0391, IC acc: 0.0475, IC acc2: 0.0034, IW acc: 0.003
Epoch: 5531, Loss: 5.685938835144043
Epoch: 5532, Loss: 5.681343078613281
Epoch: 5533, Loss: 5.679505348205566
Epoch: 5534, Loss: 5.680569648742676
Epoch: 5535, Loss: 5.678037643432617
Epoch: 5536, Loss: 5.6846818923950195
Epoch: 5537, Loss: 5.66672420501709
Epoch: 5538, Loss: 5.690025329589844
Epoch: 5539, Loss: 5.670771598815918
Epoch: 5540, Loss: 5.685457706451416
Test acc: 0.0393, IC acc: 0.0476, IC acc2: 0.0035, IW acc: 0.0031
Epoch: 5541, Loss: 5.688453674316406
Epoch: 5542, Loss: 5.701526641845703
Epoch: 5543, Loss: 5.676917552947998
Epoch: 5544, Loss: 5.677456855773926
Epoch: 5545, Loss: 5.668539524078369
Epoch: 5546, Loss: 5.693413734436035
Epoch: 5547, Loss: 5.7133893966674805
Epoch: 5548, Loss: 5.685422420501709
Epoch: 5549, Loss: 5.682476997375488
./circuit_plots/Unrestricted Disentangled|Readout|CN=1|B0=0|B1=1|K=1280|L=320|p_B=0.75|p_C=0.75|B=2|eps=0|35ad5445-c154-4cea-8e18-983bdf361c37/ already exists.
./circuit_plots/Unrestricted Disentangled|Readout|CN=1|B0=0|B1=1|K=1280|L=320|p_B=0.75|p_C=0.75|B=2|eps=0|35ad5445-c154-4cea-8e18-983bdf361c37/ already exists.
./circuit_plots/Unrestricted Disentangled|Readout|CN=1|B0=0|B1=1|K=1280|L=320|p_B=0.75|p_C=0.75|B=2|eps=0|35ad5445-c154-4cea-8e18-983bdf361c37/ already exists.
./circuit_plots/Unrestricted Disentangled|Readout|CN=1|B0=0|B1=1|K=1280|L=320|p_B=0.75|p_C=0.75|B=2|eps=0|35ad5445-c154-4cea-8e18-983bdf361c37/ already exists.
./circuit_plots/Unrestricted Disentangled|Readout|CN=1|B0=0|B1=1|K=1280|L=320|p_B=0.75|p_C=0.75|B=2|eps=0|35ad5445-c154-4cea-8e18-983bdf361c37/ already exists.
./circuit_plots/Unrestricted Disentangled|Readout|CN=1|B0=0|B1=1|K=1280|L=320|p_B=0.75|p_C=0.75|B=2|eps=0|35ad5445-c154-4cea-8e18-983bdf361c37/ already exists.
./circuit_plots/Unrestricted Disentangled|Readout|CN=1|B0=0|B1=1|K=1280|L=320|p_B=0.75|p_C=0.75|B=2|eps=0|35ad5445-c154-4cea-8e18-983bdf361c37/ already exists.
Epoch: 5550, Loss: 5.693243980407715
Test acc: 0.0393, IC acc: 0.0477, IC acc2: 0.0034, IW acc: 0.0031
Epoch: 5551, Loss: 5.673255920410156
Epoch: 5552, Loss: 5.68564510345459
Epoch: 5553, Loss: 5.692371368408203
Epoch: 5554, Loss: 5.6738128662109375
Epoch: 5555, Loss: 5.685700416564941
Epoch: 5556, Loss: 5.683810234069824
Epoch: 5557, Loss: 5.684137344360352
Epoch: 5558, Loss: 5.686715126037598
Epoch: 5559, Loss: 5.663269519805908
Epoch: 5560, Loss: 5.6839141845703125
Test acc: 0.0393, IC acc: 0.048, IC acc2: 0.0034, IW acc: 0.0031
Epoch: 5561, Loss: 5.71152400970459
Epoch: 5562, Loss: 5.685190200805664
Epoch: 5563, Loss: 5.673090934753418
Epoch: 5564, Loss: 5.694854259490967
Epoch: 5565, Loss: 5.694420337677002
Epoch: 5566, Loss: 5.676152229309082
Epoch: 5567, Loss: 5.671802997589111
Epoch: 5568, Loss: 5.691132545471191
Epoch: 5569, Loss: 5.693137168884277
Epoch: 5570, Loss: 5.6719207763671875
Test acc: 0.0396, IC acc: 0.0484, IC acc2: 0.0034, IW acc: 0.003
Epoch: 5571, Loss: 5.670418739318848
Epoch: 5572, Loss: 5.685727119445801
Epoch: 5573, Loss: 5.6734418869018555
Epoch: 5574, Loss: 5.675762176513672
Epoch: 5575, Loss: 5.674342632293701
Epoch: 5576, Loss: 5.677107810974121
Epoch: 5577, Loss: 5.67482852935791
Epoch: 5578, Loss: 5.6827263832092285
Epoch: 5579, Loss: 5.689200401306152
Epoch: 5580, Loss: 5.684025764465332
Test acc: 0.0397, IC acc: 0.0484, IC acc2: 0.0034, IW acc: 0.0031
Epoch: 5581, Loss: 5.66702938079834
Epoch: 5582, Loss: 5.6987409591674805
Epoch: 5583, Loss: 5.678955078125
Epoch: 5584, Loss: 5.695962905883789
Epoch: 5585, Loss: 5.6802544593811035
Epoch: 5586, Loss: 5.677116394042969
Epoch: 5587, Loss: 5.686278343200684
Epoch: 5588, Loss: 5.676204204559326
Epoch: 5589, Loss: 5.683640480041504
Epoch: 5590, Loss: 5.701526641845703
Test acc: 0.0398, IC acc: 0.0485, IC acc2: 0.0035, IW acc: 0.0031
Epoch: 5591, Loss: 5.681756973266602
Epoch: 5592, Loss: 5.696524620056152
Epoch: 5593, Loss: 5.683433532714844
Epoch: 5594, Loss: 5.67833137512207
Epoch: 5595, Loss: 5.668936252593994
Epoch: 5596, Loss: 5.688729763031006
Epoch: 5597, Loss: 5.696857452392578
Epoch: 5598, Loss: 5.663703918457031
Epoch: 5599, Loss: 5.702287673950195
./circuit_plots/Unrestricted Disentangled|Readout|CN=1|B0=0|B1=1|K=1280|L=320|p_B=0.75|p_C=0.75|B=2|eps=0|35ad5445-c154-4cea-8e18-983bdf361c37/ already exists.
./circuit_plots/Unrestricted Disentangled|Readout|CN=1|B0=0|B1=1|K=1280|L=320|p_B=0.75|p_C=0.75|B=2|eps=0|35ad5445-c154-4cea-8e18-983bdf361c37/ already exists.
./circuit_plots/Unrestricted Disentangled|Readout|CN=1|B0=0|B1=1|K=1280|L=320|p_B=0.75|p_C=0.75|B=2|eps=0|35ad5445-c154-4cea-8e18-983bdf361c37/ already exists.
./circuit_plots/Unrestricted Disentangled|Readout|CN=1|B0=0|B1=1|K=1280|L=320|p_B=0.75|p_C=0.75|B=2|eps=0|35ad5445-c154-4cea-8e18-983bdf361c37/ already exists.
./circuit_plots/Unrestricted Disentangled|Readout|CN=1|B0=0|B1=1|K=1280|L=320|p_B=0.75|p_C=0.75|B=2|eps=0|35ad5445-c154-4cea-8e18-983bdf361c37/ already exists.
./circuit_plots/Unrestricted Disentangled|Readout|CN=1|B0=0|B1=1|K=1280|L=320|p_B=0.75|p_C=0.75|B=2|eps=0|35ad5445-c154-4cea-8e18-983bdf361c37/ already exists.
./circuit_plots/Unrestricted Disentangled|Readout|CN=1|B0=0|B1=1|K=1280|L=320|p_B=0.75|p_C=0.75|B=2|eps=0|35ad5445-c154-4cea-8e18-983bdf361c37/ already exists.
Epoch: 5600, Loss: 5.656607151031494
Test acc: 0.0397, IC acc: 0.0485, IC acc2: 0.0034, IW acc: 0.003
Epoch: 5601, Loss: 5.677472114562988
Epoch: 5602, Loss: 5.686739444732666
Epoch: 5603, Loss: 5.667506217956543
Epoch: 5604, Loss: 5.687443256378174
Epoch: 5605, Loss: 5.688022613525391
Epoch: 5606, Loss: 5.675829887390137
Epoch: 5607, Loss: 5.68508243560791
Epoch: 5608, Loss: 5.708245277404785
Epoch: 5609, Loss: 5.673928260803223
Epoch: 5610, Loss: 5.699987411499023
Test acc: 0.04, IC acc: 0.0485, IC acc2: 0.0033, IW acc: 0.003
Epoch: 5611, Loss: 5.678573131561279
Epoch: 5612, Loss: 5.698548316955566
Epoch: 5613, Loss: 5.689093589782715
Epoch: 5614, Loss: 5.6768717765808105
Epoch: 5615, Loss: 5.676152229309082
Epoch: 5616, Loss: 5.696081638336182
Epoch: 5617, Loss: 5.677390098571777
Epoch: 5618, Loss: 5.704109191894531
Epoch: 5619, Loss: 5.659838676452637
Epoch: 5620, Loss: 5.6851630210876465
Test acc: 0.0399, IC acc: 0.0488, IC acc2: 0.0033, IW acc: 0.0029
Epoch: 5621, Loss: 5.680693626403809
Epoch: 5622, Loss: 5.6817827224731445
Epoch: 5623, Loss: 5.673964023590088
Epoch: 5624, Loss: 5.688107490539551
Epoch: 5625, Loss: 5.664292335510254
Epoch: 5626, Loss: 5.693936347961426
Epoch: 5627, Loss: 5.674120903015137
Epoch: 5628, Loss: 5.669626235961914
Epoch: 5629, Loss: 5.6676764488220215
Epoch: 5630, Loss: 5.67253303527832
Test acc: 0.0398, IC acc: 0.0483, IC acc2: 0.0033, IW acc: 0.0029
Epoch: 5631, Loss: 5.6708173751831055
Epoch: 5632, Loss: 5.6717987060546875
Epoch: 5633, Loss: 5.676977157592773
Epoch: 5634, Loss: 5.678492546081543
Epoch: 5635, Loss: 5.682969570159912
Epoch: 5636, Loss: 5.693354606628418
Epoch: 5637, Loss: 5.670741081237793
Epoch: 5638, Loss: 5.672341346740723
Epoch: 5639, Loss: 5.684697151184082
Epoch: 5640, Loss: 5.677941799163818
Test acc: 0.0399, IC acc: 0.0487, IC acc2: 0.0033, IW acc: 0.0029
Epoch: 5641, Loss: 5.675307273864746
Epoch: 5642, Loss: 5.688309669494629
Epoch: 5643, Loss: 5.687677383422852
Epoch: 5644, Loss: 5.671040058135986
Epoch: 5645, Loss: 5.675154685974121
Epoch: 5646, Loss: 5.658684730529785
Epoch: 5647, Loss: 5.693270683288574
Epoch: 5648, Loss: 5.698856353759766
Epoch: 5649, Loss: 5.668039321899414
./circuit_plots/Unrestricted Disentangled|Readout|CN=1|B0=0|B1=1|K=1280|L=320|p_B=0.75|p_C=0.75|B=2|eps=0|35ad5445-c154-4cea-8e18-983bdf361c37/ already exists.
./circuit_plots/Unrestricted Disentangled|Readout|CN=1|B0=0|B1=1|K=1280|L=320|p_B=0.75|p_C=0.75|B=2|eps=0|35ad5445-c154-4cea-8e18-983bdf361c37/ already exists.
./circuit_plots/Unrestricted Disentangled|Readout|CN=1|B0=0|B1=1|K=1280|L=320|p_B=0.75|p_C=0.75|B=2|eps=0|35ad5445-c154-4cea-8e18-983bdf361c37/ already exists.
./circuit_plots/Unrestricted Disentangled|Readout|CN=1|B0=0|B1=1|K=1280|L=320|p_B=0.75|p_C=0.75|B=2|eps=0|35ad5445-c154-4cea-8e18-983bdf361c37/ already exists.
./circuit_plots/Unrestricted Disentangled|Readout|CN=1|B0=0|B1=1|K=1280|L=320|p_B=0.75|p_C=0.75|B=2|eps=0|35ad5445-c154-4cea-8e18-983bdf361c37/ already exists.
./circuit_plots/Unrestricted Disentangled|Readout|CN=1|B0=0|B1=1|K=1280|L=320|p_B=0.75|p_C=0.75|B=2|eps=0|35ad5445-c154-4cea-8e18-983bdf361c37/ already exists.
./circuit_plots/Unrestricted Disentangled|Readout|CN=1|B0=0|B1=1|K=1280|L=320|p_B=0.75|p_C=0.75|B=2|eps=0|35ad5445-c154-4cea-8e18-983bdf361c37/ already exists.
Epoch: 5650, Loss: 5.697417259216309
Test acc: 0.04, IC acc: 0.0488, IC acc2: 0.0033, IW acc: 0.0029
Epoch: 5651, Loss: 5.6830644607543945
Epoch: 5652, Loss: 5.667089939117432
Epoch: 5653, Loss: 5.668673515319824
Epoch: 5654, Loss: 5.702485084533691
Epoch: 5655, Loss: 5.679229259490967
Epoch: 5656, Loss: 5.671637535095215
Epoch: 5657, Loss: 5.66026496887207
Epoch: 5658, Loss: 5.68162727355957
Epoch: 5659, Loss: 5.673584938049316
Epoch: 5660, Loss: 5.678888320922852
Test acc: 0.0401, IC acc: 0.049, IC acc2: 0.0032, IW acc: 0.0029
Epoch: 5661, Loss: 5.683716297149658
Epoch: 5662, Loss: 5.681240081787109
Epoch: 5663, Loss: 5.643855094909668
Epoch: 5664, Loss: 5.68339729309082
Epoch: 5665, Loss: 5.67988395690918
Epoch: 5666, Loss: 5.6684675216674805
Epoch: 5667, Loss: 5.667457103729248
Epoch: 5668, Loss: 5.686922073364258
Epoch: 5669, Loss: 5.678860187530518
Epoch: 5670, Loss: 5.684378147125244
Test acc: 0.0404, IC acc: 0.0489, IC acc2: 0.0033, IW acc: 0.0029
Epoch: 5671, Loss: 5.677395820617676
Epoch: 5672, Loss: 5.687794208526611
Epoch: 5673, Loss: 5.668527603149414
Epoch: 5674, Loss: 5.6862030029296875
Epoch: 5675, Loss: 5.668657302856445
Epoch: 5676, Loss: 5.688796520233154
Epoch: 5677, Loss: 5.682283878326416
Epoch: 5678, Loss: 5.675469875335693
Epoch: 5679, Loss: 5.674666404724121
Epoch: 5680, Loss: 5.663029670715332
Test acc: 0.0405, IC acc: 0.049, IC acc2: 0.0033, IW acc: 0.003
Epoch: 5681, Loss: 5.690422534942627
Epoch: 5682, Loss: 5.672352313995361
Epoch: 5683, Loss: 5.666372299194336
Epoch: 5684, Loss: 5.681914329528809
Epoch: 5685, Loss: 5.676915645599365
Epoch: 5686, Loss: 5.667277812957764
Epoch: 5687, Loss: 5.689790725708008
Epoch: 5688, Loss: 5.691437721252441
Epoch: 5689, Loss: 5.694966793060303
Epoch: 5690, Loss: 5.675214767456055
Test acc: 0.0406, IC acc: 0.0492, IC acc2: 0.0033, IW acc: 0.003
Epoch: 5691, Loss: 5.682724952697754
Epoch: 5692, Loss: 5.689141273498535
Epoch: 5693, Loss: 5.673867225646973
Epoch: 5694, Loss: 5.668619155883789
Epoch: 5695, Loss: 5.677399635314941
Epoch: 5696, Loss: 5.681185722351074
Epoch: 5697, Loss: 5.680145263671875
Epoch: 5698, Loss: 5.665307521820068
Epoch: 5699, Loss: 5.683155059814453
./circuit_plots/Unrestricted Disentangled|Readout|CN=1|B0=0|B1=1|K=1280|L=320|p_B=0.75|p_C=0.75|B=2|eps=0|35ad5445-c154-4cea-8e18-983bdf361c37/ already exists.
./circuit_plots/Unrestricted Disentangled|Readout|CN=1|B0=0|B1=1|K=1280|L=320|p_B=0.75|p_C=0.75|B=2|eps=0|35ad5445-c154-4cea-8e18-983bdf361c37/ already exists.
./circuit_plots/Unrestricted Disentangled|Readout|CN=1|B0=0|B1=1|K=1280|L=320|p_B=0.75|p_C=0.75|B=2|eps=0|35ad5445-c154-4cea-8e18-983bdf361c37/ already exists.
./circuit_plots/Unrestricted Disentangled|Readout|CN=1|B0=0|B1=1|K=1280|L=320|p_B=0.75|p_C=0.75|B=2|eps=0|35ad5445-c154-4cea-8e18-983bdf361c37/ already exists.
./circuit_plots/Unrestricted Disentangled|Readout|CN=1|B0=0|B1=1|K=1280|L=320|p_B=0.75|p_C=0.75|B=2|eps=0|35ad5445-c154-4cea-8e18-983bdf361c37/ already exists.
./circuit_plots/Unrestricted Disentangled|Readout|CN=1|B0=0|B1=1|K=1280|L=320|p_B=0.75|p_C=0.75|B=2|eps=0|35ad5445-c154-4cea-8e18-983bdf361c37/ already exists.
./circuit_plots/Unrestricted Disentangled|Readout|CN=1|B0=0|B1=1|K=1280|L=320|p_B=0.75|p_C=0.75|B=2|eps=0|35ad5445-c154-4cea-8e18-983bdf361c37/ already exists.
Epoch: 5700, Loss: 5.684739112854004
Test acc: 0.0405, IC acc: 0.0495, IC acc2: 0.0034, IW acc: 0.003
Epoch: 5701, Loss: 5.682162284851074
Epoch: 5702, Loss: 5.69395112991333
Epoch: 5703, Loss: 5.677234649658203
Epoch: 5704, Loss: 5.689029216766357
Epoch: 5705, Loss: 5.678610324859619
Epoch: 5706, Loss: 5.660129547119141
Epoch: 5707, Loss: 5.675647735595703
Epoch: 5708, Loss: 5.685542106628418
Epoch: 5709, Loss: 5.683128356933594
Epoch: 5710, Loss: 5.6836442947387695
Test acc: 0.0407, IC acc: 0.0497, IC acc2: 0.0034, IW acc: 0.003
Epoch: 5711, Loss: 5.658901691436768
Epoch: 5712, Loss: 5.6800971031188965
Epoch: 5713, Loss: 5.684312343597412
Epoch: 5714, Loss: 5.674785137176514
Epoch: 5715, Loss: 5.685192108154297
Epoch: 5716, Loss: 5.6762003898620605
Epoch: 5717, Loss: 5.671226501464844
Epoch: 5718, Loss: 5.688467979431152
Epoch: 5719, Loss: 5.687671184539795
Epoch: 5720, Loss: 5.682188510894775
Test acc: 0.0407, IC acc: 0.0497, IC acc2: 0.0033, IW acc: 0.003
Epoch: 5721, Loss: 5.677463054656982
Epoch: 5722, Loss: 5.683389186859131
Epoch: 5723, Loss: 5.691559791564941
Epoch: 5724, Loss: 5.685268878936768
Epoch: 5725, Loss: 5.684549331665039
Epoch: 5726, Loss: 5.666268825531006
Epoch: 5727, Loss: 5.6739349365234375
Epoch: 5728, Loss: 5.674080848693848
Epoch: 5729, Loss: 5.6726484298706055
Epoch: 5730, Loss: 5.6831512451171875
Test acc: 0.0408, IC acc: 0.0499, IC acc2: 0.0033, IW acc: 0.003
Epoch: 5731, Loss: 5.676063537597656
Epoch: 5732, Loss: 5.672756195068359
Epoch: 5733, Loss: 5.680036544799805
Epoch: 5734, Loss: 5.674790382385254
Epoch: 5735, Loss: 5.673617839813232
Epoch: 5736, Loss: 5.687419891357422
Epoch: 5737, Loss: 5.67936372756958
Epoch: 5738, Loss: 5.663886070251465
Epoch: 5739, Loss: 5.68430233001709
Epoch: 5740, Loss: 5.683208465576172
Test acc: 0.0407, IC acc: 0.0501, IC acc2: 0.0033, IW acc: 0.003
Epoch: 5741, Loss: 5.6722259521484375
Epoch: 5742, Loss: 5.687912464141846
Epoch: 5743, Loss: 5.672619342803955
Epoch: 5744, Loss: 5.671823501586914
Epoch: 5745, Loss: 5.700255393981934
Epoch: 5746, Loss: 5.670628547668457
Epoch: 5747, Loss: 5.67881965637207
Epoch: 5748, Loss: 5.665771961212158
Epoch: 5749, Loss: 5.6885480880737305
./circuit_plots/Unrestricted Disentangled|Readout|CN=1|B0=0|B1=1|K=1280|L=320|p_B=0.75|p_C=0.75|B=2|eps=0|35ad5445-c154-4cea-8e18-983bdf361c37/ already exists.
./circuit_plots/Unrestricted Disentangled|Readout|CN=1|B0=0|B1=1|K=1280|L=320|p_B=0.75|p_C=0.75|B=2|eps=0|35ad5445-c154-4cea-8e18-983bdf361c37/ already exists.
./circuit_plots/Unrestricted Disentangled|Readout|CN=1|B0=0|B1=1|K=1280|L=320|p_B=0.75|p_C=0.75|B=2|eps=0|35ad5445-c154-4cea-8e18-983bdf361c37/ already exists.
./circuit_plots/Unrestricted Disentangled|Readout|CN=1|B0=0|B1=1|K=1280|L=320|p_B=0.75|p_C=0.75|B=2|eps=0|35ad5445-c154-4cea-8e18-983bdf361c37/ already exists.
./circuit_plots/Unrestricted Disentangled|Readout|CN=1|B0=0|B1=1|K=1280|L=320|p_B=0.75|p_C=0.75|B=2|eps=0|35ad5445-c154-4cea-8e18-983bdf361c37/ already exists.
./circuit_plots/Unrestricted Disentangled|Readout|CN=1|B0=0|B1=1|K=1280|L=320|p_B=0.75|p_C=0.75|B=2|eps=0|35ad5445-c154-4cea-8e18-983bdf361c37/ already exists.
./circuit_plots/Unrestricted Disentangled|Readout|CN=1|B0=0|B1=1|K=1280|L=320|p_B=0.75|p_C=0.75|B=2|eps=0|35ad5445-c154-4cea-8e18-983bdf361c37/ already exists.
Epoch: 5750, Loss: 5.68839693069458
Test acc: 0.0407, IC acc: 0.0502, IC acc2: 0.0032, IW acc: 0.003
Epoch: 5751, Loss: 5.665397644042969
Epoch: 5752, Loss: 5.681038856506348
Epoch: 5753, Loss: 5.674408912658691
Epoch: 5754, Loss: 5.6700439453125
Epoch: 5755, Loss: 5.681192398071289
Epoch: 5756, Loss: 5.67371129989624
Epoch: 5757, Loss: 5.674298286437988
Epoch: 5758, Loss: 5.6675496101379395
Epoch: 5759, Loss: 5.675917625427246
Epoch: 5760, Loss: 5.679649829864502
Test acc: 0.0411, IC acc: 0.0504, IC acc2: 0.0031, IW acc: 0.003
Epoch: 5761, Loss: 5.675045013427734
Epoch: 5762, Loss: 5.699976444244385
Epoch: 5763, Loss: 5.678974151611328
Epoch: 5764, Loss: 5.68226432800293
Epoch: 5765, Loss: 5.672033786773682
Epoch: 5766, Loss: 5.675652503967285
Epoch: 5767, Loss: 5.683803558349609
Epoch: 5768, Loss: 5.674734115600586
Epoch: 5769, Loss: 5.679797649383545
Epoch: 5770, Loss: 5.684123992919922
Test acc: 0.0413, IC acc: 0.0507, IC acc2: 0.0031, IW acc: 0.003
Epoch: 5771, Loss: 5.700084686279297
Epoch: 5772, Loss: 5.677694320678711
Epoch: 5773, Loss: 5.6825103759765625
Epoch: 5774, Loss: 5.683220386505127
Epoch: 5775, Loss: 5.694259166717529
Epoch: 5776, Loss: 5.677938461303711
Epoch: 5777, Loss: 5.681051731109619
Epoch: 5778, Loss: 5.672627925872803
Epoch: 5779, Loss: 5.679337978363037
Epoch: 5780, Loss: 5.706981658935547
Test acc: 0.0414, IC acc: 0.0509, IC acc2: 0.0033, IW acc: 0.003
Epoch: 5781, Loss: 5.681862831115723
Epoch: 5782, Loss: 5.6699137687683105
Epoch: 5783, Loss: 5.677537441253662
Epoch: 5784, Loss: 5.679386615753174
Epoch: 5785, Loss: 5.689358711242676
Epoch: 5786, Loss: 5.67836856842041
Epoch: 5787, Loss: 5.679108619689941
Epoch: 5788, Loss: 5.6691975593566895
Epoch: 5789, Loss: 5.678702354431152
Epoch: 5790, Loss: 5.700103759765625
Test acc: 0.0414, IC acc: 0.0509, IC acc2: 0.0032, IW acc: 0.003
Epoch: 5791, Loss: 5.6862688064575195
Epoch: 5792, Loss: 5.683191776275635
Epoch: 5793, Loss: 5.6762518882751465
Epoch: 5794, Loss: 5.677936553955078
Epoch: 5795, Loss: 5.682651519775391
Epoch: 5796, Loss: 5.659289360046387
Epoch: 5797, Loss: 5.682097434997559
Epoch: 5798, Loss: 5.654599189758301
Epoch: 5799, Loss: 5.675536632537842
./circuit_plots/Unrestricted Disentangled|Readout|CN=1|B0=0|B1=1|K=1280|L=320|p_B=0.75|p_C=0.75|B=2|eps=0|35ad5445-c154-4cea-8e18-983bdf361c37/ already exists.
./circuit_plots/Unrestricted Disentangled|Readout|CN=1|B0=0|B1=1|K=1280|L=320|p_B=0.75|p_C=0.75|B=2|eps=0|35ad5445-c154-4cea-8e18-983bdf361c37/ already exists.
./circuit_plots/Unrestricted Disentangled|Readout|CN=1|B0=0|B1=1|K=1280|L=320|p_B=0.75|p_C=0.75|B=2|eps=0|35ad5445-c154-4cea-8e18-983bdf361c37/ already exists.
./circuit_plots/Unrestricted Disentangled|Readout|CN=1|B0=0|B1=1|K=1280|L=320|p_B=0.75|p_C=0.75|B=2|eps=0|35ad5445-c154-4cea-8e18-983bdf361c37/ already exists.
./circuit_plots/Unrestricted Disentangled|Readout|CN=1|B0=0|B1=1|K=1280|L=320|p_B=0.75|p_C=0.75|B=2|eps=0|35ad5445-c154-4cea-8e18-983bdf361c37/ already exists.
./circuit_plots/Unrestricted Disentangled|Readout|CN=1|B0=0|B1=1|K=1280|L=320|p_B=0.75|p_C=0.75|B=2|eps=0|35ad5445-c154-4cea-8e18-983bdf361c37/ already exists.
./circuit_plots/Unrestricted Disentangled|Readout|CN=1|B0=0|B1=1|K=1280|L=320|p_B=0.75|p_C=0.75|B=2|eps=0|35ad5445-c154-4cea-8e18-983bdf361c37/ already exists.
Epoch: 5800, Loss: 5.680513381958008
Test acc: 0.0417, IC acc: 0.051, IC acc2: 0.0033, IW acc: 0.003
Epoch: 5801, Loss: 5.680391311645508
Epoch: 5802, Loss: 5.663111686706543
Epoch: 5803, Loss: 5.694340705871582
Epoch: 5804, Loss: 5.692536354064941
Epoch: 5805, Loss: 5.689445972442627
Epoch: 5806, Loss: 5.667807579040527
Epoch: 5807, Loss: 5.687764644622803
Epoch: 5808, Loss: 5.678666114807129
Epoch: 5809, Loss: 5.676457405090332
Epoch: 5810, Loss: 5.685453414916992
Test acc: 0.0416, IC acc: 0.0508, IC acc2: 0.0033, IW acc: 0.003
Epoch: 5811, Loss: 5.6771979331970215
Epoch: 5812, Loss: 5.665163993835449
Epoch: 5813, Loss: 5.694275379180908
Epoch: 5814, Loss: 5.6715593338012695
Epoch: 5815, Loss: 5.675295829772949
Epoch: 5816, Loss: 5.677562713623047
Epoch: 5817, Loss: 5.6955060958862305
Epoch: 5818, Loss: 5.6876630783081055
Epoch: 5819, Loss: 5.691201210021973
Epoch: 5820, Loss: 5.653560638427734
Test acc: 0.0419, IC acc: 0.0512, IC acc2: 0.0033, IW acc: 0.003
Epoch: 5821, Loss: 5.697710990905762
Epoch: 5822, Loss: 5.660099983215332
Epoch: 5823, Loss: 5.683084011077881
Epoch: 5824, Loss: 5.653498649597168
Epoch: 5825, Loss: 5.677679538726807
Epoch: 5826, Loss: 5.670815467834473
Epoch: 5827, Loss: 5.662511348724365
Epoch: 5828, Loss: 5.691681385040283
Epoch: 5829, Loss: 5.675476551055908
Epoch: 5830, Loss: 5.67583703994751
Test acc: 0.0418, IC acc: 0.0513, IC acc2: 0.0034, IW acc: 0.003
Epoch: 5831, Loss: 5.685977458953857
Epoch: 5832, Loss: 5.661879539489746
Epoch: 5833, Loss: 5.67830228805542
Epoch: 5834, Loss: 5.679274559020996
Epoch: 5835, Loss: 5.694038391113281
Epoch: 5836, Loss: 5.693027496337891
Epoch: 5837, Loss: 5.685863018035889
Epoch: 5838, Loss: 5.703169822692871
Epoch: 5839, Loss: 5.685415267944336
Epoch: 5840, Loss: 5.689650058746338
Test acc: 0.0421, IC acc: 0.0515, IC acc2: 0.0033, IW acc: 0.003
Epoch: 5841, Loss: 5.697506904602051
Epoch: 5842, Loss: 5.678380012512207
Epoch: 5843, Loss: 5.66751766204834
Epoch: 5844, Loss: 5.6810078620910645
Epoch: 5845, Loss: 5.695285797119141
Epoch: 5846, Loss: 5.677698135375977
Epoch: 5847, Loss: 5.665640354156494
Epoch: 5848, Loss: 5.69564151763916
Epoch: 5849, Loss: 5.6714019775390625
./circuit_plots/Unrestricted Disentangled|Readout|CN=1|B0=0|B1=1|K=1280|L=320|p_B=0.75|p_C=0.75|B=2|eps=0|35ad5445-c154-4cea-8e18-983bdf361c37/ already exists.
./circuit_plots/Unrestricted Disentangled|Readout|CN=1|B0=0|B1=1|K=1280|L=320|p_B=0.75|p_C=0.75|B=2|eps=0|35ad5445-c154-4cea-8e18-983bdf361c37/ already exists.
./circuit_plots/Unrestricted Disentangled|Readout|CN=1|B0=0|B1=1|K=1280|L=320|p_B=0.75|p_C=0.75|B=2|eps=0|35ad5445-c154-4cea-8e18-983bdf361c37/ already exists.
./circuit_plots/Unrestricted Disentangled|Readout|CN=1|B0=0|B1=1|K=1280|L=320|p_B=0.75|p_C=0.75|B=2|eps=0|35ad5445-c154-4cea-8e18-983bdf361c37/ already exists.
./circuit_plots/Unrestricted Disentangled|Readout|CN=1|B0=0|B1=1|K=1280|L=320|p_B=0.75|p_C=0.75|B=2|eps=0|35ad5445-c154-4cea-8e18-983bdf361c37/ already exists.
./circuit_plots/Unrestricted Disentangled|Readout|CN=1|B0=0|B1=1|K=1280|L=320|p_B=0.75|p_C=0.75|B=2|eps=0|35ad5445-c154-4cea-8e18-983bdf361c37/ already exists.
./circuit_plots/Unrestricted Disentangled|Readout|CN=1|B0=0|B1=1|K=1280|L=320|p_B=0.75|p_C=0.75|B=2|eps=0|35ad5445-c154-4cea-8e18-983bdf361c37/ already exists.
Epoch: 5850, Loss: 5.685120582580566
Test acc: 0.0423, IC acc: 0.0515, IC acc2: 0.0033, IW acc: 0.003
Epoch: 5851, Loss: 5.688698768615723
Epoch: 5852, Loss: 5.684622764587402
Epoch: 5853, Loss: 5.691679954528809
Epoch: 5854, Loss: 5.681114196777344
Epoch: 5855, Loss: 5.673028469085693
Epoch: 5856, Loss: 5.672977924346924
Epoch: 5857, Loss: 5.675699234008789
Epoch: 5858, Loss: 5.671158790588379
Epoch: 5859, Loss: 5.677463531494141
Epoch: 5860, Loss: 5.692498683929443
Test acc: 0.0425, IC acc: 0.0518, IC acc2: 0.0035, IW acc: 0.003
Epoch: 5861, Loss: 5.686186790466309
Epoch: 5862, Loss: 5.670767784118652
Epoch: 5863, Loss: 5.687438488006592
Epoch: 5864, Loss: 5.673459053039551
Epoch: 5865, Loss: 5.69219446182251
Epoch: 5866, Loss: 5.680145740509033
Epoch: 5867, Loss: 5.6688337326049805
Epoch: 5868, Loss: 5.660528182983398
Epoch: 5869, Loss: 5.698426246643066
Epoch: 5870, Loss: 5.694511413574219
Test acc: 0.0425, IC acc: 0.052, IC acc2: 0.0034, IW acc: 0.003
Epoch: 5871, Loss: 5.674280643463135
Epoch: 5872, Loss: 5.682936191558838
Epoch: 5873, Loss: 5.657005786895752
Epoch: 5874, Loss: 5.681918621063232
Epoch: 5875, Loss: 5.673794269561768
Epoch: 5876, Loss: 5.679806709289551
Epoch: 5877, Loss: 5.679628849029541
Epoch: 5878, Loss: 5.682747840881348
Epoch: 5879, Loss: 5.658924102783203
Epoch: 5880, Loss: 5.6760149002075195
Test acc: 0.0426, IC acc: 0.0521, IC acc2: 0.0034, IW acc: 0.003
Epoch: 5881, Loss: 5.672651290893555
Epoch: 5882, Loss: 5.660157203674316
Epoch: 5883, Loss: 5.688505172729492
Epoch: 5884, Loss: 5.676507949829102
Epoch: 5885, Loss: 5.687112808227539
Epoch: 5886, Loss: 5.680536270141602
Epoch: 5887, Loss: 5.680200099945068
Epoch: 5888, Loss: 5.697317123413086
Epoch: 5889, Loss: 5.6801652908325195
Epoch: 5890, Loss: 5.68884801864624
Test acc: 0.0427, IC acc: 0.0521, IC acc2: 0.0034, IW acc: 0.003
Epoch: 5891, Loss: 5.687316417694092
Epoch: 5892, Loss: 5.677597522735596
Epoch: 5893, Loss: 5.682675838470459
Epoch: 5894, Loss: 5.67772912979126
Epoch: 5895, Loss: 5.6607513427734375
Epoch: 5896, Loss: 5.683827877044678
Epoch: 5897, Loss: 5.67693567276001
Epoch: 5898, Loss: 5.6761322021484375
Epoch: 5899, Loss: 5.674983978271484
./circuit_plots/Unrestricted Disentangled|Readout|CN=1|B0=0|B1=1|K=1280|L=320|p_B=0.75|p_C=0.75|B=2|eps=0|35ad5445-c154-4cea-8e18-983bdf361c37/ already exists.
./circuit_plots/Unrestricted Disentangled|Readout|CN=1|B0=0|B1=1|K=1280|L=320|p_B=0.75|p_C=0.75|B=2|eps=0|35ad5445-c154-4cea-8e18-983bdf361c37/ already exists.
./circuit_plots/Unrestricted Disentangled|Readout|CN=1|B0=0|B1=1|K=1280|L=320|p_B=0.75|p_C=0.75|B=2|eps=0|35ad5445-c154-4cea-8e18-983bdf361c37/ already exists.
./circuit_plots/Unrestricted Disentangled|Readout|CN=1|B0=0|B1=1|K=1280|L=320|p_B=0.75|p_C=0.75|B=2|eps=0|35ad5445-c154-4cea-8e18-983bdf361c37/ already exists.
./circuit_plots/Unrestricted Disentangled|Readout|CN=1|B0=0|B1=1|K=1280|L=320|p_B=0.75|p_C=0.75|B=2|eps=0|35ad5445-c154-4cea-8e18-983bdf361c37/ already exists.
./circuit_plots/Unrestricted Disentangled|Readout|CN=1|B0=0|B1=1|K=1280|L=320|p_B=0.75|p_C=0.75|B=2|eps=0|35ad5445-c154-4cea-8e18-983bdf361c37/ already exists.
./circuit_plots/Unrestricted Disentangled|Readout|CN=1|B0=0|B1=1|K=1280|L=320|p_B=0.75|p_C=0.75|B=2|eps=0|35ad5445-c154-4cea-8e18-983bdf361c37/ already exists.
Epoch: 5900, Loss: 5.679054260253906
Test acc: 0.0428, IC acc: 0.0523, IC acc2: 0.0034, IW acc: 0.003
Epoch: 5901, Loss: 5.672982215881348
Epoch: 5902, Loss: 5.669235706329346
Epoch: 5903, Loss: 5.675714492797852
Epoch: 5904, Loss: 5.6792683601379395
Epoch: 5905, Loss: 5.66511869430542
Epoch: 5906, Loss: 5.684964179992676
Epoch: 5907, Loss: 5.661494731903076
Epoch: 5908, Loss: 5.667695045471191
Epoch: 5909, Loss: 5.650630950927734
Epoch: 5910, Loss: 5.692789077758789
Test acc: 0.0428, IC acc: 0.0526, IC acc2: 0.0034, IW acc: 0.003
Epoch: 5911, Loss: 5.676943778991699
Epoch: 5912, Loss: 5.672754764556885
Epoch: 5913, Loss: 5.674461364746094
Epoch: 5914, Loss: 5.673300743103027
Epoch: 5915, Loss: 5.678459167480469
Epoch: 5916, Loss: 5.668787479400635
Epoch: 5917, Loss: 5.649147033691406
Epoch: 5918, Loss: 5.701963424682617
Epoch: 5919, Loss: 5.684727668762207
Epoch: 5920, Loss: 5.671814918518066
Test acc: 0.043, IC acc: 0.0526, IC acc2: 0.0035, IW acc: 0.003
Epoch: 5921, Loss: 5.675594806671143
Epoch: 5922, Loss: 5.672458648681641
Epoch: 5923, Loss: 5.668652057647705
Epoch: 5924, Loss: 5.689057350158691
Epoch: 5925, Loss: 5.689531326293945
Epoch: 5926, Loss: 5.671490669250488
Epoch: 5927, Loss: 5.672676086425781
Epoch: 5928, Loss: 5.6794209480285645
Epoch: 5929, Loss: 5.686666965484619
Epoch: 5930, Loss: 5.655398368835449
Test acc: 0.0432, IC acc: 0.0527, IC acc2: 0.0035, IW acc: 0.003
Epoch: 5931, Loss: 5.672303199768066
Epoch: 5932, Loss: 5.686250686645508
Epoch: 5933, Loss: 5.677323341369629
Epoch: 5934, Loss: 5.680994033813477
Epoch: 5935, Loss: 5.647515296936035
Epoch: 5936, Loss: 5.6804938316345215
Epoch: 5937, Loss: 5.681845664978027
Epoch: 5938, Loss: 5.683602809906006
Epoch: 5939, Loss: 5.676835060119629
Epoch: 5940, Loss: 5.675192832946777
Test acc: 0.0434, IC acc: 0.0528, IC acc2: 0.0035, IW acc: 0.003
Epoch: 5941, Loss: 5.673547744750977
Epoch: 5942, Loss: 5.683621883392334
Epoch: 5943, Loss: 5.670112133026123
Epoch: 5944, Loss: 5.670202255249023
Epoch: 5945, Loss: 5.67445707321167
Epoch: 5946, Loss: 5.663612365722656
Epoch: 5947, Loss: 5.697139739990234
Epoch: 5948, Loss: 5.6731109619140625
Epoch: 5949, Loss: 5.657731056213379
./circuit_plots/Unrestricted Disentangled|Readout|CN=1|B0=0|B1=1|K=1280|L=320|p_B=0.75|p_C=0.75|B=2|eps=0|35ad5445-c154-4cea-8e18-983bdf361c37/ already exists.
./circuit_plots/Unrestricted Disentangled|Readout|CN=1|B0=0|B1=1|K=1280|L=320|p_B=0.75|p_C=0.75|B=2|eps=0|35ad5445-c154-4cea-8e18-983bdf361c37/ already exists.
./circuit_plots/Unrestricted Disentangled|Readout|CN=1|B0=0|B1=1|K=1280|L=320|p_B=0.75|p_C=0.75|B=2|eps=0|35ad5445-c154-4cea-8e18-983bdf361c37/ already exists.
./circuit_plots/Unrestricted Disentangled|Readout|CN=1|B0=0|B1=1|K=1280|L=320|p_B=0.75|p_C=0.75|B=2|eps=0|35ad5445-c154-4cea-8e18-983bdf361c37/ already exists.
./circuit_plots/Unrestricted Disentangled|Readout|CN=1|B0=0|B1=1|K=1280|L=320|p_B=0.75|p_C=0.75|B=2|eps=0|35ad5445-c154-4cea-8e18-983bdf361c37/ already exists.
./circuit_plots/Unrestricted Disentangled|Readout|CN=1|B0=0|B1=1|K=1280|L=320|p_B=0.75|p_C=0.75|B=2|eps=0|35ad5445-c154-4cea-8e18-983bdf361c37/ already exists.
./circuit_plots/Unrestricted Disentangled|Readout|CN=1|B0=0|B1=1|K=1280|L=320|p_B=0.75|p_C=0.75|B=2|eps=0|35ad5445-c154-4cea-8e18-983bdf361c37/ already exists.
Epoch: 5950, Loss: 5.67330265045166
Test acc: 0.0437, IC acc: 0.0529, IC acc2: 0.0035, IW acc: 0.003
Epoch: 5951, Loss: 5.682546615600586
Epoch: 5952, Loss: 5.6797685623168945
Epoch: 5953, Loss: 5.676775932312012
Epoch: 5954, Loss: 5.67790412902832
Epoch: 5955, Loss: 5.680941581726074
Epoch: 5956, Loss: 5.669717788696289
Epoch: 5957, Loss: 5.6892290115356445
Epoch: 5958, Loss: 5.685417175292969
Epoch: 5959, Loss: 5.678503513336182
Epoch: 5960, Loss: 5.6788434982299805
Test acc: 0.0439, IC acc: 0.0529, IC acc2: 0.0035, IW acc: 0.003
Epoch: 5961, Loss: 5.6762590408325195
Epoch: 5962, Loss: 5.685998439788818
Epoch: 5963, Loss: 5.663254737854004
Epoch: 5964, Loss: 5.669737815856934
Epoch: 5965, Loss: 5.682141304016113
Epoch: 5966, Loss: 5.66816520690918
Epoch: 5967, Loss: 5.690258026123047
Epoch: 5968, Loss: 5.662640571594238
Epoch: 5969, Loss: 5.688730239868164
Epoch: 5970, Loss: 5.689746856689453
Test acc: 0.0438, IC acc: 0.0531, IC acc2: 0.0035, IW acc: 0.003
Epoch: 5971, Loss: 5.687411308288574
Epoch: 5972, Loss: 5.684865474700928
Epoch: 5973, Loss: 5.659501075744629
Epoch: 5974, Loss: 5.6794586181640625
Epoch: 5975, Loss: 5.673602104187012
Epoch: 5976, Loss: 5.673379898071289
Epoch: 5977, Loss: 5.6759185791015625
Epoch: 5978, Loss: 5.686229705810547
Epoch: 5979, Loss: 5.687644004821777
Epoch: 5980, Loss: 5.676586151123047
Test acc: 0.0441, IC acc: 0.053, IC acc2: 0.0035, IW acc: 0.003
Epoch: 5981, Loss: 5.674522876739502
Epoch: 5982, Loss: 5.672511577606201
Epoch: 5983, Loss: 5.691437721252441
Epoch: 5984, Loss: 5.665509223937988
Epoch: 5985, Loss: 5.684156894683838
Epoch: 5986, Loss: 5.67231559753418
Epoch: 5987, Loss: 5.676421165466309
Epoch: 5988, Loss: 5.673408508300781
Epoch: 5989, Loss: 5.672069549560547
Epoch: 5990, Loss: 5.673098087310791
Test acc: 0.0437, IC acc: 0.0535, IC acc2: 0.0035, IW acc: 0.003
Epoch: 5991, Loss: 5.664245128631592
Epoch: 5992, Loss: 5.671034812927246
Epoch: 5993, Loss: 5.670539379119873
Epoch: 5994, Loss: 5.676164627075195
Epoch: 5995, Loss: 5.673115253448486
Epoch: 5996, Loss: 5.675021648406982
Epoch: 5997, Loss: 5.676067352294922
Epoch: 5998, Loss: 5.677397727966309
Epoch: 5999, Loss: 5.677353858947754
./circuit_plots/Unrestricted Disentangled|Readout|CN=1|B0=0|B1=1|K=1280|L=320|p_B=0.75|p_C=0.75|B=2|eps=0|35ad5445-c154-4cea-8e18-983bdf361c37/ already exists.
./circuit_plots/Unrestricted Disentangled|Readout|CN=1|B0=0|B1=1|K=1280|L=320|p_B=0.75|p_C=0.75|B=2|eps=0|35ad5445-c154-4cea-8e18-983bdf361c37/ already exists.
./circuit_plots/Unrestricted Disentangled|Readout|CN=1|B0=0|B1=1|K=1280|L=320|p_B=0.75|p_C=0.75|B=2|eps=0|35ad5445-c154-4cea-8e18-983bdf361c37/ already exists.
./circuit_plots/Unrestricted Disentangled|Readout|CN=1|B0=0|B1=1|K=1280|L=320|p_B=0.75|p_C=0.75|B=2|eps=0|35ad5445-c154-4cea-8e18-983bdf361c37/ already exists.
./circuit_plots/Unrestricted Disentangled|Readout|CN=1|B0=0|B1=1|K=1280|L=320|p_B=0.75|p_C=0.75|B=2|eps=0|35ad5445-c154-4cea-8e18-983bdf361c37/ already exists.
./circuit_plots/Unrestricted Disentangled|Readout|CN=1|B0=0|B1=1|K=1280|L=320|p_B=0.75|p_C=0.75|B=2|eps=0|35ad5445-c154-4cea-8e18-983bdf361c37/ already exists.
./circuit_plots/Unrestricted Disentangled|Readout|CN=1|B0=0|B1=1|K=1280|L=320|p_B=0.75|p_C=0.75|B=2|eps=0|35ad5445-c154-4cea-8e18-983bdf361c37/ already exists.
Epoch: 6000, Loss: 5.682285308837891
Test acc: 0.0438, IC acc: 0.0537, IC acc2: 0.0035, IW acc: 0.003
Epoch: 6001, Loss: 5.680052757263184
Epoch: 6002, Loss: 5.668422698974609
Epoch: 6003, Loss: 5.6627607345581055
Epoch: 6004, Loss: 5.665040016174316
Epoch: 6005, Loss: 5.697721481323242
Epoch: 6006, Loss: 5.67414665222168
Epoch: 6007, Loss: 5.665753364562988
Epoch: 6008, Loss: 5.678327560424805
Epoch: 6009, Loss: 5.656866073608398
Epoch: 6010, Loss: 5.680609703063965
Test acc: 0.0438, IC acc: 0.0536, IC acc2: 0.0035, IW acc: 0.003
Epoch: 6011, Loss: 5.6714277267456055
Epoch: 6012, Loss: 5.686477184295654
Epoch: 6013, Loss: 5.668659210205078
Epoch: 6014, Loss: 5.680755615234375
Epoch: 6015, Loss: 5.688771724700928
Epoch: 6016, Loss: 5.674806594848633
Epoch: 6017, Loss: 5.686412811279297
Epoch: 6018, Loss: 5.665322780609131
Epoch: 6019, Loss: 5.674523830413818
Epoch: 6020, Loss: 5.690818786621094
Test acc: 0.0439, IC acc: 0.054, IC acc2: 0.0036, IW acc: 0.003
Epoch: 6021, Loss: 5.678806781768799
Epoch: 6022, Loss: 5.679279804229736
Epoch: 6023, Loss: 5.667520046234131
Epoch: 6024, Loss: 5.676151752471924
Epoch: 6025, Loss: 5.6966986656188965
Epoch: 6026, Loss: 5.6875715255737305
Epoch: 6027, Loss: 5.674887180328369
Epoch: 6028, Loss: 5.6854753494262695
Epoch: 6029, Loss: 5.674494743347168
Epoch: 6030, Loss: 5.682980537414551
Test acc: 0.044, IC acc: 0.0538, IC acc2: 0.0035, IW acc: 0.003
Epoch: 6031, Loss: 5.664182662963867
Epoch: 6032, Loss: 5.656750679016113
Epoch: 6033, Loss: 5.692493915557861
Epoch: 6034, Loss: 5.697420120239258
Epoch: 6035, Loss: 5.680871486663818
Epoch: 6036, Loss: 5.670766830444336
Epoch: 6037, Loss: 5.6665425300598145
Epoch: 6038, Loss: 5.6836137771606445
Epoch: 6039, Loss: 5.6794233322143555
Epoch: 6040, Loss: 5.671963691711426
Test acc: 0.0442, IC acc: 0.054, IC acc2: 0.0036, IW acc: 0.003
Epoch: 6041, Loss: 5.671857833862305
Epoch: 6042, Loss: 5.682394027709961
Epoch: 6043, Loss: 5.665985584259033
Epoch: 6044, Loss: 5.674183368682861
Epoch: 6045, Loss: 5.681804656982422
Epoch: 6046, Loss: 5.688673973083496
Epoch: 6047, Loss: 5.6800127029418945
Epoch: 6048, Loss: 5.682607650756836
Epoch: 6049, Loss: 5.670853137969971
./circuit_plots/Unrestricted Disentangled|Readout|CN=1|B0=0|B1=1|K=1280|L=320|p_B=0.75|p_C=0.75|B=2|eps=0|35ad5445-c154-4cea-8e18-983bdf361c37/ already exists.
./circuit_plots/Unrestricted Disentangled|Readout|CN=1|B0=0|B1=1|K=1280|L=320|p_B=0.75|p_C=0.75|B=2|eps=0|35ad5445-c154-4cea-8e18-983bdf361c37/ already exists.
./circuit_plots/Unrestricted Disentangled|Readout|CN=1|B0=0|B1=1|K=1280|L=320|p_B=0.75|p_C=0.75|B=2|eps=0|35ad5445-c154-4cea-8e18-983bdf361c37/ already exists.
./circuit_plots/Unrestricted Disentangled|Readout|CN=1|B0=0|B1=1|K=1280|L=320|p_B=0.75|p_C=0.75|B=2|eps=0|35ad5445-c154-4cea-8e18-983bdf361c37/ already exists.
./circuit_plots/Unrestricted Disentangled|Readout|CN=1|B0=0|B1=1|K=1280|L=320|p_B=0.75|p_C=0.75|B=2|eps=0|35ad5445-c154-4cea-8e18-983bdf361c37/ already exists.
./circuit_plots/Unrestricted Disentangled|Readout|CN=1|B0=0|B1=1|K=1280|L=320|p_B=0.75|p_C=0.75|B=2|eps=0|35ad5445-c154-4cea-8e18-983bdf361c37/ already exists.
./circuit_plots/Unrestricted Disentangled|Readout|CN=1|B0=0|B1=1|K=1280|L=320|p_B=0.75|p_C=0.75|B=2|eps=0|35ad5445-c154-4cea-8e18-983bdf361c37/ already exists.
Epoch: 6050, Loss: 5.6764631271362305
Test acc: 0.0441, IC acc: 0.0542, IC acc2: 0.0035, IW acc: 0.003
Epoch: 6051, Loss: 5.6629638671875
Epoch: 6052, Loss: 5.700387001037598
Epoch: 6053, Loss: 5.658441543579102
Epoch: 6054, Loss: 5.670802593231201
Epoch: 6055, Loss: 5.686323165893555
Epoch: 6056, Loss: 5.6705145835876465
Epoch: 6057, Loss: 5.673081398010254
Epoch: 6058, Loss: 5.680018424987793
Epoch: 6059, Loss: 5.683551788330078
Epoch: 6060, Loss: 5.660321235656738
Test acc: 0.0442, IC acc: 0.0545, IC acc2: 0.0035, IW acc: 0.003
Epoch: 6061, Loss: 5.65708065032959
Epoch: 6062, Loss: 5.6809797286987305
Epoch: 6063, Loss: 5.687768936157227
Epoch: 6064, Loss: 5.678101062774658
Epoch: 6065, Loss: 5.677865028381348
Epoch: 6066, Loss: 5.675029754638672
Epoch: 6067, Loss: 5.681334495544434
Epoch: 6068, Loss: 5.675036907196045
Epoch: 6069, Loss: 5.672675132751465
Epoch: 6070, Loss: 5.6854963302612305
Test acc: 0.0447, IC acc: 0.0544, IC acc2: 0.0036, IW acc: 0.0031
Epoch: 6071, Loss: 5.668595314025879
Epoch: 6072, Loss: 5.660844802856445
Epoch: 6073, Loss: 5.668942928314209
Epoch: 6074, Loss: 5.660285949707031
Epoch: 6075, Loss: 5.666908264160156
Epoch: 6076, Loss: 5.690418243408203
Epoch: 6077, Loss: 5.675106048583984
Epoch: 6078, Loss: 5.652988433837891
Epoch: 6079, Loss: 5.677083492279053
Epoch: 6080, Loss: 5.675437927246094
Test acc: 0.0455, IC acc: 0.0544, IC acc2: 0.0036, IW acc: 0.0031
Epoch: 6081, Loss: 5.6787824630737305
Epoch: 6082, Loss: 5.6724958419799805
Epoch: 6083, Loss: 5.668686866760254
Epoch: 6084, Loss: 5.693475246429443
Epoch: 6085, Loss: 5.680974960327148
Epoch: 6086, Loss: 5.685272216796875
Epoch: 6087, Loss: 5.686429023742676
Epoch: 6088, Loss: 5.664015293121338
Epoch: 6089, Loss: 5.6645917892456055
Epoch: 6090, Loss: 5.654796600341797
Test acc: 0.0454, IC acc: 0.0548, IC acc2: 0.0036, IW acc: 0.0031
Epoch: 6091, Loss: 5.683797836303711
Epoch: 6092, Loss: 5.686035633087158
Epoch: 6093, Loss: 5.666799545288086
Epoch: 6094, Loss: 5.673458576202393
Epoch: 6095, Loss: 5.670080661773682
Epoch: 6096, Loss: 5.68535041809082
Epoch: 6097, Loss: 5.689666748046875
Epoch: 6098, Loss: 5.677066326141357
Epoch: 6099, Loss: 5.673018455505371
./circuit_plots/Unrestricted Disentangled|Readout|CN=1|B0=0|B1=1|K=1280|L=320|p_B=0.75|p_C=0.75|B=2|eps=0|35ad5445-c154-4cea-8e18-983bdf361c37/ already exists.
./circuit_plots/Unrestricted Disentangled|Readout|CN=1|B0=0|B1=1|K=1280|L=320|p_B=0.75|p_C=0.75|B=2|eps=0|35ad5445-c154-4cea-8e18-983bdf361c37/ already exists.
./circuit_plots/Unrestricted Disentangled|Readout|CN=1|B0=0|B1=1|K=1280|L=320|p_B=0.75|p_C=0.75|B=2|eps=0|35ad5445-c154-4cea-8e18-983bdf361c37/ already exists.
./circuit_plots/Unrestricted Disentangled|Readout|CN=1|B0=0|B1=1|K=1280|L=320|p_B=0.75|p_C=0.75|B=2|eps=0|35ad5445-c154-4cea-8e18-983bdf361c37/ already exists.
./circuit_plots/Unrestricted Disentangled|Readout|CN=1|B0=0|B1=1|K=1280|L=320|p_B=0.75|p_C=0.75|B=2|eps=0|35ad5445-c154-4cea-8e18-983bdf361c37/ already exists.
./circuit_plots/Unrestricted Disentangled|Readout|CN=1|B0=0|B1=1|K=1280|L=320|p_B=0.75|p_C=0.75|B=2|eps=0|35ad5445-c154-4cea-8e18-983bdf361c37/ already exists.
./circuit_plots/Unrestricted Disentangled|Readout|CN=1|B0=0|B1=1|K=1280|L=320|p_B=0.75|p_C=0.75|B=2|eps=0|35ad5445-c154-4cea-8e18-983bdf361c37/ already exists.
Epoch: 6100, Loss: 5.670159816741943
Test acc: 0.0455, IC acc: 0.0546, IC acc2: 0.0036, IW acc: 0.0031
Epoch: 6101, Loss: 5.676971435546875
Epoch: 6102, Loss: 5.6677117347717285
Epoch: 6103, Loss: 5.677360534667969
Epoch: 6104, Loss: 5.686110496520996
Epoch: 6105, Loss: 5.683531761169434
Epoch: 6106, Loss: 5.66483211517334
Epoch: 6107, Loss: 5.679920196533203
Epoch: 6108, Loss: 5.679033279418945
Epoch: 6109, Loss: 5.676033020019531
Epoch: 6110, Loss: 5.689614295959473
Test acc: 0.0453, IC acc: 0.0547, IC acc2: 0.0035, IW acc: 0.0032
Epoch: 6111, Loss: 5.672606468200684
Epoch: 6112, Loss: 5.660721778869629
Epoch: 6113, Loss: 5.665112495422363
Epoch: 6114, Loss: 5.684225082397461
Epoch: 6115, Loss: 5.692742347717285
Epoch: 6116, Loss: 5.668903827667236
Epoch: 6117, Loss: 5.667877197265625
Epoch: 6118, Loss: 5.677626132965088
Epoch: 6119, Loss: 5.6761555671691895
Epoch: 6120, Loss: 5.68199348449707
Test acc: 0.0457, IC acc: 0.0549, IC acc2: 0.0035, IW acc: 0.0032
Epoch: 6121, Loss: 5.676389694213867
Epoch: 6122, Loss: 5.669215679168701
Epoch: 6123, Loss: 5.682965278625488
Epoch: 6124, Loss: 5.667991638183594
Epoch: 6125, Loss: 5.673723220825195
Epoch: 6126, Loss: 5.666036605834961
Epoch: 6127, Loss: 5.679567337036133
Epoch: 6128, Loss: 5.6841630935668945
Epoch: 6129, Loss: 5.662154197692871
Epoch: 6130, Loss: 5.660416603088379
Test acc: 0.046, IC acc: 0.0553, IC acc2: 0.0036, IW acc: 0.0032
Epoch: 6131, Loss: 5.681513786315918
Epoch: 6132, Loss: 5.681209564208984
Epoch: 6133, Loss: 5.683413028717041
Epoch: 6134, Loss: 5.669826507568359
Epoch: 6135, Loss: 5.6889753341674805
Epoch: 6136, Loss: 5.6797685623168945
Epoch: 6137, Loss: 5.688369274139404
Epoch: 6138, Loss: 5.694055557250977
Epoch: 6139, Loss: 5.6813483238220215
Epoch: 6140, Loss: 5.668173313140869
Test acc: 0.046, IC acc: 0.0549, IC acc2: 0.0037, IW acc: 0.0032
Epoch: 6141, Loss: 5.667874336242676
Epoch: 6142, Loss: 5.683191299438477
Epoch: 6143, Loss: 5.670960426330566
Epoch: 6144, Loss: 5.674276351928711
Epoch: 6145, Loss: 5.678836822509766
Epoch: 6146, Loss: 5.672240257263184
Epoch: 6147, Loss: 5.661402702331543
Epoch: 6148, Loss: 5.681243896484375
Epoch: 6149, Loss: 5.670933246612549
./circuit_plots/Unrestricted Disentangled|Readout|CN=1|B0=0|B1=1|K=1280|L=320|p_B=0.75|p_C=0.75|B=2|eps=0|35ad5445-c154-4cea-8e18-983bdf361c37/ already exists.
./circuit_plots/Unrestricted Disentangled|Readout|CN=1|B0=0|B1=1|K=1280|L=320|p_B=0.75|p_C=0.75|B=2|eps=0|35ad5445-c154-4cea-8e18-983bdf361c37/ already exists.
./circuit_plots/Unrestricted Disentangled|Readout|CN=1|B0=0|B1=1|K=1280|L=320|p_B=0.75|p_C=0.75|B=2|eps=0|35ad5445-c154-4cea-8e18-983bdf361c37/ already exists.
./circuit_plots/Unrestricted Disentangled|Readout|CN=1|B0=0|B1=1|K=1280|L=320|p_B=0.75|p_C=0.75|B=2|eps=0|35ad5445-c154-4cea-8e18-983bdf361c37/ already exists.
./circuit_plots/Unrestricted Disentangled|Readout|CN=1|B0=0|B1=1|K=1280|L=320|p_B=0.75|p_C=0.75|B=2|eps=0|35ad5445-c154-4cea-8e18-983bdf361c37/ already exists.
./circuit_plots/Unrestricted Disentangled|Readout|CN=1|B0=0|B1=1|K=1280|L=320|p_B=0.75|p_C=0.75|B=2|eps=0|35ad5445-c154-4cea-8e18-983bdf361c37/ already exists.
./circuit_plots/Unrestricted Disentangled|Readout|CN=1|B0=0|B1=1|K=1280|L=320|p_B=0.75|p_C=0.75|B=2|eps=0|35ad5445-c154-4cea-8e18-983bdf361c37/ already exists.
Epoch: 6150, Loss: 5.677699089050293
Test acc: 0.0461, IC acc: 0.0553, IC acc2: 0.0035, IW acc: 0.0032
Epoch: 6151, Loss: 5.67542839050293
Epoch: 6152, Loss: 5.669737815856934
Epoch: 6153, Loss: 5.671044826507568
Epoch: 6154, Loss: 5.673508644104004
Epoch: 6155, Loss: 5.685019493103027
Epoch: 6156, Loss: 5.673678398132324
Epoch: 6157, Loss: 5.667243003845215
Epoch: 6158, Loss: 5.671819686889648
Epoch: 6159, Loss: 5.67840576171875
Epoch: 6160, Loss: 5.677864074707031
Test acc: 0.0465, IC acc: 0.0554, IC acc2: 0.0036, IW acc: 0.0032
Epoch: 6161, Loss: 5.67471981048584
Epoch: 6162, Loss: 5.653680801391602
Epoch: 6163, Loss: 5.663464546203613
Epoch: 6164, Loss: 5.671301364898682
Epoch: 6165, Loss: 5.6827850341796875
Epoch: 6166, Loss: 5.66691255569458
Epoch: 6167, Loss: 5.662541389465332
Epoch: 6168, Loss: 5.66096305847168
Epoch: 6169, Loss: 5.649967193603516
Epoch: 6170, Loss: 5.652405738830566
Test acc: 0.0465, IC acc: 0.0554, IC acc2: 0.0034, IW acc: 0.0031
Epoch: 6171, Loss: 5.671317100524902
Epoch: 6172, Loss: 5.670157432556152
Epoch: 6173, Loss: 5.685639381408691
Epoch: 6174, Loss: 5.661079406738281
Epoch: 6175, Loss: 5.66372537612915
Epoch: 6176, Loss: 5.673924446105957
Epoch: 6177, Loss: 5.66818904876709
Epoch: 6178, Loss: 5.679804801940918
Epoch: 6179, Loss: 5.666733741760254
Epoch: 6180, Loss: 5.6667280197143555
Test acc: 0.0465, IC acc: 0.0556, IC acc2: 0.0035, IW acc: 0.0031
Epoch: 6181, Loss: 5.671459197998047
Epoch: 6182, Loss: 5.668741226196289
Epoch: 6183, Loss: 5.659285068511963
Epoch: 6184, Loss: 5.661052703857422
Epoch: 6185, Loss: 5.665045738220215
Epoch: 6186, Loss: 5.681924819946289
Epoch: 6187, Loss: 5.684897422790527
Epoch: 6188, Loss: 5.671562194824219
Epoch: 6189, Loss: 5.665905952453613
Epoch: 6190, Loss: 5.671241760253906
Test acc: 0.0469, IC acc: 0.0558, IC acc2: 0.0036, IW acc: 0.0031
Epoch: 6191, Loss: 5.676716327667236
Epoch: 6192, Loss: 5.6841278076171875
Epoch: 6193, Loss: 5.660425662994385
Epoch: 6194, Loss: 5.674347877502441
Epoch: 6195, Loss: 5.671720504760742
Epoch: 6196, Loss: 5.6678385734558105
Epoch: 6197, Loss: 5.668851375579834
Epoch: 6198, Loss: 5.677978992462158
Epoch: 6199, Loss: 5.672955513000488
./circuit_plots/Unrestricted Disentangled|Readout|CN=1|B0=0|B1=1|K=1280|L=320|p_B=0.75|p_C=0.75|B=2|eps=0|35ad5445-c154-4cea-8e18-983bdf361c37/ already exists.
./circuit_plots/Unrestricted Disentangled|Readout|CN=1|B0=0|B1=1|K=1280|L=320|p_B=0.75|p_C=0.75|B=2|eps=0|35ad5445-c154-4cea-8e18-983bdf361c37/ already exists.
./circuit_plots/Unrestricted Disentangled|Readout|CN=1|B0=0|B1=1|K=1280|L=320|p_B=0.75|p_C=0.75|B=2|eps=0|35ad5445-c154-4cea-8e18-983bdf361c37/ already exists.
./circuit_plots/Unrestricted Disentangled|Readout|CN=1|B0=0|B1=1|K=1280|L=320|p_B=0.75|p_C=0.75|B=2|eps=0|35ad5445-c154-4cea-8e18-983bdf361c37/ already exists.
./circuit_plots/Unrestricted Disentangled|Readout|CN=1|B0=0|B1=1|K=1280|L=320|p_B=0.75|p_C=0.75|B=2|eps=0|35ad5445-c154-4cea-8e18-983bdf361c37/ already exists.
./circuit_plots/Unrestricted Disentangled|Readout|CN=1|B0=0|B1=1|K=1280|L=320|p_B=0.75|p_C=0.75|B=2|eps=0|35ad5445-c154-4cea-8e18-983bdf361c37/ already exists.
./circuit_plots/Unrestricted Disentangled|Readout|CN=1|B0=0|B1=1|K=1280|L=320|p_B=0.75|p_C=0.75|B=2|eps=0|35ad5445-c154-4cea-8e18-983bdf361c37/ already exists.
Epoch: 6200, Loss: 5.680678844451904
Test acc: 0.047, IC acc: 0.056, IC acc2: 0.0036, IW acc: 0.0032
Epoch: 6201, Loss: 5.674351692199707
Epoch: 6202, Loss: 5.674796104431152
Epoch: 6203, Loss: 5.672641754150391
Epoch: 6204, Loss: 5.665360450744629
Epoch: 6205, Loss: 5.668076515197754
Epoch: 6206, Loss: 5.687599182128906
Epoch: 6207, Loss: 5.653203010559082
Epoch: 6208, Loss: 5.677964687347412
Epoch: 6209, Loss: 5.6596903800964355
Epoch: 6210, Loss: 5.687668800354004
Test acc: 0.047, IC acc: 0.0561, IC acc2: 0.0035, IW acc: 0.0032
Epoch: 6211, Loss: 5.676331520080566
Epoch: 6212, Loss: 5.6764397621154785
Epoch: 6213, Loss: 5.667350769042969
Epoch: 6214, Loss: 5.6589813232421875
Epoch: 6215, Loss: 5.685727119445801
Epoch: 6216, Loss: 5.669766426086426
Epoch: 6217, Loss: 5.669086933135986
Epoch: 6218, Loss: 5.680521488189697
Epoch: 6219, Loss: 5.667433738708496
Epoch: 6220, Loss: 5.672669410705566
Test acc: 0.0471, IC acc: 0.0564, IC acc2: 0.0035, IW acc: 0.0032
Epoch: 6221, Loss: 5.668107032775879
Epoch: 6222, Loss: 5.660614013671875
Epoch: 6223, Loss: 5.662674903869629
Epoch: 6224, Loss: 5.669562339782715
Epoch: 6225, Loss: 5.680644989013672
Epoch: 6226, Loss: 5.668306827545166
Epoch: 6227, Loss: 5.674848556518555
Epoch: 6228, Loss: 5.658275604248047
Epoch: 6229, Loss: 5.677271842956543
Epoch: 6230, Loss: 5.687908172607422
Test acc: 0.0476, IC acc: 0.0562, IC acc2: 0.0035, IW acc: 0.0032
Epoch: 6231, Loss: 5.670711517333984
Epoch: 6232, Loss: 5.675577163696289
Epoch: 6233, Loss: 5.684970855712891
Epoch: 6234, Loss: 5.651549339294434
Epoch: 6235, Loss: 5.680762767791748
Epoch: 6236, Loss: 5.67940092086792
Epoch: 6237, Loss: 5.679592609405518
Epoch: 6238, Loss: 5.675566673278809
Epoch: 6239, Loss: 5.652369976043701
Epoch: 6240, Loss: 5.687060832977295
Test acc: 0.0475, IC acc: 0.0562, IC acc2: 0.0035, IW acc: 0.0032
Epoch: 6241, Loss: 5.6712646484375
Epoch: 6242, Loss: 5.676245212554932
Epoch: 6243, Loss: 5.676969528198242
Epoch: 6244, Loss: 5.671317100524902
Epoch: 6245, Loss: 5.6987690925598145
Epoch: 6246, Loss: 5.661864280700684
Epoch: 6247, Loss: 5.694492340087891
Epoch: 6248, Loss: 5.678662300109863
Epoch: 6249, Loss: 5.664431571960449
./circuit_plots/Unrestricted Disentangled|Readout|CN=1|B0=0|B1=1|K=1280|L=320|p_B=0.75|p_C=0.75|B=2|eps=0|35ad5445-c154-4cea-8e18-983bdf361c37/ already exists.
./circuit_plots/Unrestricted Disentangled|Readout|CN=1|B0=0|B1=1|K=1280|L=320|p_B=0.75|p_C=0.75|B=2|eps=0|35ad5445-c154-4cea-8e18-983bdf361c37/ already exists.
./circuit_plots/Unrestricted Disentangled|Readout|CN=1|B0=0|B1=1|K=1280|L=320|p_B=0.75|p_C=0.75|B=2|eps=0|35ad5445-c154-4cea-8e18-983bdf361c37/ already exists.
./circuit_plots/Unrestricted Disentangled|Readout|CN=1|B0=0|B1=1|K=1280|L=320|p_B=0.75|p_C=0.75|B=2|eps=0|35ad5445-c154-4cea-8e18-983bdf361c37/ already exists.
./circuit_plots/Unrestricted Disentangled|Readout|CN=1|B0=0|B1=1|K=1280|L=320|p_B=0.75|p_C=0.75|B=2|eps=0|35ad5445-c154-4cea-8e18-983bdf361c37/ already exists.
./circuit_plots/Unrestricted Disentangled|Readout|CN=1|B0=0|B1=1|K=1280|L=320|p_B=0.75|p_C=0.75|B=2|eps=0|35ad5445-c154-4cea-8e18-983bdf361c37/ already exists.
./circuit_plots/Unrestricted Disentangled|Readout|CN=1|B0=0|B1=1|K=1280|L=320|p_B=0.75|p_C=0.75|B=2|eps=0|35ad5445-c154-4cea-8e18-983bdf361c37/ already exists.
Epoch: 6250, Loss: 5.6775383949279785
Test acc: 0.0476, IC acc: 0.0566, IC acc2: 0.0035, IW acc: 0.0033
Epoch: 6251, Loss: 5.666691780090332
Epoch: 6252, Loss: 5.689184665679932
Epoch: 6253, Loss: 5.684173583984375
Epoch: 6254, Loss: 5.659213542938232
Epoch: 6255, Loss: 5.686252593994141
Epoch: 6256, Loss: 5.667512893676758
Epoch: 6257, Loss: 5.668655872344971
Epoch: 6258, Loss: 5.662896156311035
Epoch: 6259, Loss: 5.659599781036377
Epoch: 6260, Loss: 5.6800384521484375
Test acc: 0.0476, IC acc: 0.0569, IC acc2: 0.0035, IW acc: 0.0033
Epoch: 6261, Loss: 5.674097537994385
Epoch: 6262, Loss: 5.672490119934082
Epoch: 6263, Loss: 5.653487205505371
Epoch: 6264, Loss: 5.675938606262207
Epoch: 6265, Loss: 5.6726531982421875
Epoch: 6266, Loss: 5.661757469177246
Epoch: 6267, Loss: 5.679281711578369
Epoch: 6268, Loss: 5.664976596832275
Epoch: 6269, Loss: 5.6760077476501465
Epoch: 6270, Loss: 5.679750442504883
Test acc: 0.0479, IC acc: 0.0571, IC acc2: 0.0035, IW acc: 0.0033
Epoch: 6271, Loss: 5.67823600769043
Epoch: 6272, Loss: 5.670092582702637
Epoch: 6273, Loss: 5.686152458190918
Epoch: 6274, Loss: 5.672229766845703
Epoch: 6275, Loss: 5.66741943359375
Epoch: 6276, Loss: 5.680161952972412
Epoch: 6277, Loss: 5.682830810546875
Epoch: 6278, Loss: 5.681917190551758
Epoch: 6279, Loss: 5.670742034912109
Epoch: 6280, Loss: 5.680357933044434
Test acc: 0.0479, IC acc: 0.0574, IC acc2: 0.0035, IW acc: 0.0033
Epoch: 6281, Loss: 5.675627708435059
Epoch: 6282, Loss: 5.669632434844971
Epoch: 6283, Loss: 5.664868354797363
Epoch: 6284, Loss: 5.669206142425537
Epoch: 6285, Loss: 5.666572570800781
Epoch: 6286, Loss: 5.684892654418945
Epoch: 6287, Loss: 5.6584930419921875
Epoch: 6288, Loss: 5.670943260192871
Epoch: 6289, Loss: 5.6661529541015625
Epoch: 6290, Loss: 5.689864158630371
Test acc: 0.048, IC acc: 0.0572, IC acc2: 0.0034, IW acc: 0.0034
Epoch: 6291, Loss: 5.670694828033447
Epoch: 6292, Loss: 5.654984474182129
Epoch: 6293, Loss: 5.659798622131348
Epoch: 6294, Loss: 5.661331653594971
Epoch: 6295, Loss: 5.677969932556152
Epoch: 6296, Loss: 5.662947654724121
Epoch: 6297, Loss: 5.677962303161621
Epoch: 6298, Loss: 5.667572021484375
Epoch: 6299, Loss: 5.652949333190918
./circuit_plots/Unrestricted Disentangled|Readout|CN=1|B0=0|B1=1|K=1280|L=320|p_B=0.75|p_C=0.75|B=2|eps=0|35ad5445-c154-4cea-8e18-983bdf361c37/ already exists.
./circuit_plots/Unrestricted Disentangled|Readout|CN=1|B0=0|B1=1|K=1280|L=320|p_B=0.75|p_C=0.75|B=2|eps=0|35ad5445-c154-4cea-8e18-983bdf361c37/ already exists.
./circuit_plots/Unrestricted Disentangled|Readout|CN=1|B0=0|B1=1|K=1280|L=320|p_B=0.75|p_C=0.75|B=2|eps=0|35ad5445-c154-4cea-8e18-983bdf361c37/ already exists.
./circuit_plots/Unrestricted Disentangled|Readout|CN=1|B0=0|B1=1|K=1280|L=320|p_B=0.75|p_C=0.75|B=2|eps=0|35ad5445-c154-4cea-8e18-983bdf361c37/ already exists.
./circuit_plots/Unrestricted Disentangled|Readout|CN=1|B0=0|B1=1|K=1280|L=320|p_B=0.75|p_C=0.75|B=2|eps=0|35ad5445-c154-4cea-8e18-983bdf361c37/ already exists.
./circuit_plots/Unrestricted Disentangled|Readout|CN=1|B0=0|B1=1|K=1280|L=320|p_B=0.75|p_C=0.75|B=2|eps=0|35ad5445-c154-4cea-8e18-983bdf361c37/ already exists.
./circuit_plots/Unrestricted Disentangled|Readout|CN=1|B0=0|B1=1|K=1280|L=320|p_B=0.75|p_C=0.75|B=2|eps=0|35ad5445-c154-4cea-8e18-983bdf361c37/ already exists.
Epoch: 6300, Loss: 5.6633100509643555
Test acc: 0.0484, IC acc: 0.0577, IC acc2: 0.0034, IW acc: 0.0034
Epoch: 6301, Loss: 5.683794021606445
Epoch: 6302, Loss: 5.662782192230225
Epoch: 6303, Loss: 5.673718452453613
Epoch: 6304, Loss: 5.6670942306518555
Epoch: 6305, Loss: 5.6701788902282715
Epoch: 6306, Loss: 5.666709899902344
Epoch: 6307, Loss: 5.665918350219727
Epoch: 6308, Loss: 5.6879496574401855
Epoch: 6309, Loss: 5.675363540649414
Epoch: 6310, Loss: 5.662598609924316
Test acc: 0.0482, IC acc: 0.058, IC acc2: 0.0034, IW acc: 0.0034
Epoch: 6311, Loss: 5.676487922668457
Epoch: 6312, Loss: 5.666302680969238
Epoch: 6313, Loss: 5.675704002380371
Epoch: 6314, Loss: 5.667177200317383
Epoch: 6315, Loss: 5.68148946762085
Epoch: 6316, Loss: 5.673498153686523
Epoch: 6317, Loss: 5.665823459625244
Epoch: 6318, Loss: 5.662175178527832
Epoch: 6319, Loss: 5.674572944641113
Epoch: 6320, Loss: 5.651411533355713
Test acc: 0.0485, IC acc: 0.0581, IC acc2: 0.0034, IW acc: 0.0034
Epoch: 6321, Loss: 5.662226676940918
Epoch: 6322, Loss: 5.663348197937012
Epoch: 6323, Loss: 5.66140079498291
Epoch: 6324, Loss: 5.667021751403809
Epoch: 6325, Loss: 5.69559383392334
Epoch: 6326, Loss: 5.677022933959961
Epoch: 6327, Loss: 5.675018787384033
Epoch: 6328, Loss: 5.667755603790283
Epoch: 6329, Loss: 5.6792497634887695
Epoch: 6330, Loss: 5.661608695983887
Test acc: 0.0485, IC acc: 0.0583, IC acc2: 0.0034, IW acc: 0.0034
Epoch: 6331, Loss: 5.66380500793457
Epoch: 6332, Loss: 5.663355827331543
Epoch: 6333, Loss: 5.663518905639648
Epoch: 6334, Loss: 5.679178237915039
Epoch: 6335, Loss: 5.668154716491699
Epoch: 6336, Loss: 5.6641693115234375
Epoch: 6337, Loss: 5.6675310134887695
Epoch: 6338, Loss: 5.672289848327637
Epoch: 6339, Loss: 5.653566837310791
Epoch: 6340, Loss: 5.666592121124268
Test acc: 0.049, IC acc: 0.0579, IC acc2: 0.0034, IW acc: 0.0033
Epoch: 6341, Loss: 5.650910377502441
Epoch: 6342, Loss: 5.6631951332092285
Epoch: 6343, Loss: 5.669576644897461
Epoch: 6344, Loss: 5.668964385986328
Epoch: 6345, Loss: 5.676839351654053
Epoch: 6346, Loss: 5.666697978973389
Epoch: 6347, Loss: 5.675264358520508
Epoch: 6348, Loss: 5.674349784851074
Epoch: 6349, Loss: 5.672279357910156
./circuit_plots/Unrestricted Disentangled|Readout|CN=1|B0=0|B1=1|K=1280|L=320|p_B=0.75|p_C=0.75|B=2|eps=0|35ad5445-c154-4cea-8e18-983bdf361c37/ already exists.
./circuit_plots/Unrestricted Disentangled|Readout|CN=1|B0=0|B1=1|K=1280|L=320|p_B=0.75|p_C=0.75|B=2|eps=0|35ad5445-c154-4cea-8e18-983bdf361c37/ already exists.
./circuit_plots/Unrestricted Disentangled|Readout|CN=1|B0=0|B1=1|K=1280|L=320|p_B=0.75|p_C=0.75|B=2|eps=0|35ad5445-c154-4cea-8e18-983bdf361c37/ already exists.
./circuit_plots/Unrestricted Disentangled|Readout|CN=1|B0=0|B1=1|K=1280|L=320|p_B=0.75|p_C=0.75|B=2|eps=0|35ad5445-c154-4cea-8e18-983bdf361c37/ already exists.
./circuit_plots/Unrestricted Disentangled|Readout|CN=1|B0=0|B1=1|K=1280|L=320|p_B=0.75|p_C=0.75|B=2|eps=0|35ad5445-c154-4cea-8e18-983bdf361c37/ already exists.
./circuit_plots/Unrestricted Disentangled|Readout|CN=1|B0=0|B1=1|K=1280|L=320|p_B=0.75|p_C=0.75|B=2|eps=0|35ad5445-c154-4cea-8e18-983bdf361c37/ already exists.
./circuit_plots/Unrestricted Disentangled|Readout|CN=1|B0=0|B1=1|K=1280|L=320|p_B=0.75|p_C=0.75|B=2|eps=0|35ad5445-c154-4cea-8e18-983bdf361c37/ already exists.
Epoch: 6350, Loss: 5.676504611968994
Test acc: 0.0487, IC acc: 0.0581, IC acc2: 0.0034, IW acc: 0.0034
Epoch: 6351, Loss: 5.67518949508667
Epoch: 6352, Loss: 5.673742294311523
Epoch: 6353, Loss: 5.666903495788574
Epoch: 6354, Loss: 5.67676305770874
Epoch: 6355, Loss: 5.67051362991333
Epoch: 6356, Loss: 5.658676624298096
Epoch: 6357, Loss: 5.6768903732299805
Epoch: 6358, Loss: 5.66875696182251
Epoch: 6359, Loss: 5.660670757293701
Epoch: 6360, Loss: 5.6671977043151855
Test acc: 0.0489, IC acc: 0.0584, IC acc2: 0.0035, IW acc: 0.0034
Epoch: 6361, Loss: 5.669339179992676
Epoch: 6362, Loss: 5.682873725891113
Epoch: 6363, Loss: 5.67788028717041
Epoch: 6364, Loss: 5.666168212890625
Epoch: 6365, Loss: 5.667993068695068
Epoch: 6366, Loss: 5.671014785766602
Epoch: 6367, Loss: 5.681480884552002
Epoch: 6368, Loss: 5.676737308502197
Epoch: 6369, Loss: 5.68753719329834
Epoch: 6370, Loss: 5.6580305099487305
Test acc: 0.0489, IC acc: 0.0585, IC acc2: 0.0036, IW acc: 0.0034
Epoch: 6371, Loss: 5.666553974151611
Epoch: 6372, Loss: 5.673099517822266
Epoch: 6373, Loss: 5.66443395614624
Epoch: 6374, Loss: 5.671870708465576
Epoch: 6375, Loss: 5.670914649963379
Epoch: 6376, Loss: 5.655880928039551
Epoch: 6377, Loss: 5.660106658935547
Epoch: 6378, Loss: 5.655910015106201
Epoch: 6379, Loss: 5.665771484375
Epoch: 6380, Loss: 5.668604373931885
Test acc: 0.0493, IC acc: 0.0586, IC acc2: 0.0035, IW acc: 0.0034
Epoch: 6381, Loss: 5.672323703765869
Epoch: 6382, Loss: 5.669025421142578
Epoch: 6383, Loss: 5.656237602233887
Epoch: 6384, Loss: 5.697846412658691
Epoch: 6385, Loss: 5.671930313110352
Epoch: 6386, Loss: 5.6658196449279785
Epoch: 6387, Loss: 5.659178733825684
Epoch: 6388, Loss: 5.6480712890625
Epoch: 6389, Loss: 5.661994934082031
Epoch: 6390, Loss: 5.678157329559326
Test acc: 0.0493, IC acc: 0.059, IC acc2: 0.0035, IW acc: 0.0034
Epoch: 6391, Loss: 5.672293663024902
Epoch: 6392, Loss: 5.670975208282471
Epoch: 6393, Loss: 5.666102409362793
Epoch: 6394, Loss: 5.677326679229736
Epoch: 6395, Loss: 5.648277282714844
Epoch: 6396, Loss: 5.665677070617676
Epoch: 6397, Loss: 5.661600589752197
Epoch: 6398, Loss: 5.690514087677002
Epoch: 6399, Loss: 5.668527603149414
./circuit_plots/Unrestricted Disentangled|Readout|CN=1|B0=0|B1=1|K=1280|L=320|p_B=0.75|p_C=0.75|B=2|eps=0|35ad5445-c154-4cea-8e18-983bdf361c37/ already exists.
./circuit_plots/Unrestricted Disentangled|Readout|CN=1|B0=0|B1=1|K=1280|L=320|p_B=0.75|p_C=0.75|B=2|eps=0|35ad5445-c154-4cea-8e18-983bdf361c37/ already exists.
./circuit_plots/Unrestricted Disentangled|Readout|CN=1|B0=0|B1=1|K=1280|L=320|p_B=0.75|p_C=0.75|B=2|eps=0|35ad5445-c154-4cea-8e18-983bdf361c37/ already exists.
./circuit_plots/Unrestricted Disentangled|Readout|CN=1|B0=0|B1=1|K=1280|L=320|p_B=0.75|p_C=0.75|B=2|eps=0|35ad5445-c154-4cea-8e18-983bdf361c37/ already exists.
./circuit_plots/Unrestricted Disentangled|Readout|CN=1|B0=0|B1=1|K=1280|L=320|p_B=0.75|p_C=0.75|B=2|eps=0|35ad5445-c154-4cea-8e18-983bdf361c37/ already exists.
./circuit_plots/Unrestricted Disentangled|Readout|CN=1|B0=0|B1=1|K=1280|L=320|p_B=0.75|p_C=0.75|B=2|eps=0|35ad5445-c154-4cea-8e18-983bdf361c37/ already exists.
./circuit_plots/Unrestricted Disentangled|Readout|CN=1|B0=0|B1=1|K=1280|L=320|p_B=0.75|p_C=0.75|B=2|eps=0|35ad5445-c154-4cea-8e18-983bdf361c37/ already exists.
Epoch: 6400, Loss: 5.675634384155273
Test acc: 0.0495, IC acc: 0.0591, IC acc2: 0.0036, IW acc: 0.0034
Epoch: 6401, Loss: 5.664813995361328
Epoch: 6402, Loss: 5.666011810302734
Epoch: 6403, Loss: 5.675302505493164
Epoch: 6404, Loss: 5.652402877807617
Epoch: 6405, Loss: 5.686790943145752
Epoch: 6406, Loss: 5.661594390869141
Epoch: 6407, Loss: 5.681703567504883
Epoch: 6408, Loss: 5.6622467041015625
Epoch: 6409, Loss: 5.672447681427002
Epoch: 6410, Loss: 5.669380187988281
Test acc: 0.0495, IC acc: 0.0588, IC acc2: 0.0035, IW acc: 0.0034
Epoch: 6411, Loss: 5.673288345336914
Epoch: 6412, Loss: 5.6592488288879395
Epoch: 6413, Loss: 5.689905166625977
Epoch: 6414, Loss: 5.652007579803467
Epoch: 6415, Loss: 5.662843227386475
Epoch: 6416, Loss: 5.66334342956543
Epoch: 6417, Loss: 5.66910457611084
Epoch: 6418, Loss: 5.653284072875977
Epoch: 6419, Loss: 5.69062614440918
Epoch: 6420, Loss: 5.6634674072265625
Test acc: 0.0495, IC acc: 0.0592, IC acc2: 0.0035, IW acc: 0.0034
Epoch: 6421, Loss: 5.672628402709961
Epoch: 6422, Loss: 5.6757049560546875
Epoch: 6423, Loss: 5.690980434417725
Epoch: 6424, Loss: 5.66200065612793
Epoch: 6425, Loss: 5.675132751464844
Epoch: 6426, Loss: 5.661170959472656
Epoch: 6427, Loss: 5.636543273925781
Epoch: 6428, Loss: 5.683640956878662
Epoch: 6429, Loss: 5.676214218139648
Epoch: 6430, Loss: 5.669938087463379
Test acc: 0.0496, IC acc: 0.0595, IC acc2: 0.0035, IW acc: 0.0034
Epoch: 6431, Loss: 5.660200119018555
Epoch: 6432, Loss: 5.66908073425293
Epoch: 6433, Loss: 5.672529220581055
Epoch: 6434, Loss: 5.6656036376953125
Epoch: 6435, Loss: 5.641200542449951
Epoch: 6436, Loss: 5.6754231452941895
Epoch: 6437, Loss: 5.6808295249938965
Epoch: 6438, Loss: 5.676471710205078
Epoch: 6439, Loss: 5.674514293670654
Epoch: 6440, Loss: 5.681258201599121
Test acc: 0.0496, IC acc: 0.0596, IC acc2: 0.0035, IW acc: 0.0033
Epoch: 6441, Loss: 5.6671528816223145
Epoch: 6442, Loss: 5.6614484786987305
Epoch: 6443, Loss: 5.68018913269043
Epoch: 6444, Loss: 5.676055908203125
Epoch: 6445, Loss: 5.670582294464111
Epoch: 6446, Loss: 5.671766757965088
Epoch: 6447, Loss: 5.652003765106201
Epoch: 6448, Loss: 5.652338027954102
Epoch: 6449, Loss: 5.653722763061523
./circuit_plots/Unrestricted Disentangled|Readout|CN=1|B0=0|B1=1|K=1280|L=320|p_B=0.75|p_C=0.75|B=2|eps=0|35ad5445-c154-4cea-8e18-983bdf361c37/ already exists.
./circuit_plots/Unrestricted Disentangled|Readout|CN=1|B0=0|B1=1|K=1280|L=320|p_B=0.75|p_C=0.75|B=2|eps=0|35ad5445-c154-4cea-8e18-983bdf361c37/ already exists.
./circuit_plots/Unrestricted Disentangled|Readout|CN=1|B0=0|B1=1|K=1280|L=320|p_B=0.75|p_C=0.75|B=2|eps=0|35ad5445-c154-4cea-8e18-983bdf361c37/ already exists.
./circuit_plots/Unrestricted Disentangled|Readout|CN=1|B0=0|B1=1|K=1280|L=320|p_B=0.75|p_C=0.75|B=2|eps=0|35ad5445-c154-4cea-8e18-983bdf361c37/ already exists.
./circuit_plots/Unrestricted Disentangled|Readout|CN=1|B0=0|B1=1|K=1280|L=320|p_B=0.75|p_C=0.75|B=2|eps=0|35ad5445-c154-4cea-8e18-983bdf361c37/ already exists.
./circuit_plots/Unrestricted Disentangled|Readout|CN=1|B0=0|B1=1|K=1280|L=320|p_B=0.75|p_C=0.75|B=2|eps=0|35ad5445-c154-4cea-8e18-983bdf361c37/ already exists.
./circuit_plots/Unrestricted Disentangled|Readout|CN=1|B0=0|B1=1|K=1280|L=320|p_B=0.75|p_C=0.75|B=2|eps=0|35ad5445-c154-4cea-8e18-983bdf361c37/ already exists.
Epoch: 6450, Loss: 5.657163619995117
Test acc: 0.0498, IC acc: 0.0599, IC acc2: 0.0035, IW acc: 0.0033
Epoch: 6451, Loss: 5.671159267425537
Epoch: 6452, Loss: 5.682304382324219
Epoch: 6453, Loss: 5.698848724365234
Epoch: 6454, Loss: 5.67501974105835
Epoch: 6455, Loss: 5.665894031524658
Epoch: 6456, Loss: 5.67756462097168
Epoch: 6457, Loss: 5.678412914276123
Epoch: 6458, Loss: 5.680249214172363
Epoch: 6459, Loss: 5.668111801147461
Epoch: 6460, Loss: 5.666292190551758
Test acc: 0.05, IC acc: 0.0604, IC acc2: 0.0035, IW acc: 0.0033
Epoch: 6461, Loss: 5.654901027679443
Epoch: 6462, Loss: 5.681674003601074
Epoch: 6463, Loss: 5.69607400894165
Epoch: 6464, Loss: 5.657383918762207
Epoch: 6465, Loss: 5.672364234924316
Epoch: 6466, Loss: 5.661885738372803
Epoch: 6467, Loss: 5.663872718811035
Epoch: 6468, Loss: 5.653604984283447
Epoch: 6469, Loss: 5.667041778564453
Epoch: 6470, Loss: 5.683053016662598
Test acc: 0.0498, IC acc: 0.0602, IC acc2: 0.0035, IW acc: 0.0032
Epoch: 6471, Loss: 5.6596574783325195
Epoch: 6472, Loss: 5.655083656311035
Epoch: 6473, Loss: 5.67400598526001
Epoch: 6474, Loss: 5.656764030456543
Epoch: 6475, Loss: 5.679774284362793
Epoch: 6476, Loss: 5.666179656982422
Epoch: 6477, Loss: 5.660472869873047
Epoch: 6478, Loss: 5.675655364990234
Epoch: 6479, Loss: 5.669123649597168
Epoch: 6480, Loss: 5.668910026550293
Test acc: 0.0501, IC acc: 0.0601, IC acc2: 0.0035, IW acc: 0.0032
Epoch: 6481, Loss: 5.689435958862305
Epoch: 6482, Loss: 5.636679649353027
Epoch: 6483, Loss: 5.689646244049072
Epoch: 6484, Loss: 5.661346435546875
Epoch: 6485, Loss: 5.665905475616455
Epoch: 6486, Loss: 5.639484405517578
Epoch: 6487, Loss: 5.672282695770264
Epoch: 6488, Loss: 5.67524528503418
Epoch: 6489, Loss: 5.679852485656738
Epoch: 6490, Loss: 5.674069881439209
Test acc: 0.0503, IC acc: 0.0601, IC acc2: 0.0035, IW acc: 0.0032
Epoch: 6491, Loss: 5.689088821411133
Epoch: 6492, Loss: 5.677631378173828
Epoch: 6493, Loss: 5.681789875030518
Epoch: 6494, Loss: 5.677906036376953
Epoch: 6495, Loss: 5.661960601806641
Epoch: 6496, Loss: 5.677339553833008
Epoch: 6497, Loss: 5.6759443283081055
Epoch: 6498, Loss: 5.666662693023682
Epoch: 6499, Loss: 5.671483039855957
./circuit_plots/Unrestricted Disentangled|Readout|CN=1|B0=0|B1=1|K=1280|L=320|p_B=0.75|p_C=0.75|B=2|eps=0|35ad5445-c154-4cea-8e18-983bdf361c37/ already exists.
./circuit_plots/Unrestricted Disentangled|Readout|CN=1|B0=0|B1=1|K=1280|L=320|p_B=0.75|p_C=0.75|B=2|eps=0|35ad5445-c154-4cea-8e18-983bdf361c37/ already exists.
./circuit_plots/Unrestricted Disentangled|Readout|CN=1|B0=0|B1=1|K=1280|L=320|p_B=0.75|p_C=0.75|B=2|eps=0|35ad5445-c154-4cea-8e18-983bdf361c37/ already exists.
./circuit_plots/Unrestricted Disentangled|Readout|CN=1|B0=0|B1=1|K=1280|L=320|p_B=0.75|p_C=0.75|B=2|eps=0|35ad5445-c154-4cea-8e18-983bdf361c37/ already exists.
./circuit_plots/Unrestricted Disentangled|Readout|CN=1|B0=0|B1=1|K=1280|L=320|p_B=0.75|p_C=0.75|B=2|eps=0|35ad5445-c154-4cea-8e18-983bdf361c37/ already exists.
./circuit_plots/Unrestricted Disentangled|Readout|CN=1|B0=0|B1=1|K=1280|L=320|p_B=0.75|p_C=0.75|B=2|eps=0|35ad5445-c154-4cea-8e18-983bdf361c37/ already exists.
./circuit_plots/Unrestricted Disentangled|Readout|CN=1|B0=0|B1=1|K=1280|L=320|p_B=0.75|p_C=0.75|B=2|eps=0|35ad5445-c154-4cea-8e18-983bdf361c37/ already exists.
Epoch: 6500, Loss: 5.668527126312256
Test acc: 0.0503, IC acc: 0.0606, IC acc2: 0.0036, IW acc: 0.0032
Epoch: 6501, Loss: 5.653891086578369
Epoch: 6502, Loss: 5.665966033935547
Epoch: 6503, Loss: 5.666831016540527
Epoch: 6504, Loss: 5.6646833419799805
Epoch: 6505, Loss: 5.661221027374268
Epoch: 6506, Loss: 5.672554016113281
Epoch: 6507, Loss: 5.6654157638549805
Epoch: 6508, Loss: 5.671612739562988
Epoch: 6509, Loss: 5.665194034576416
Epoch: 6510, Loss: 5.675838470458984
Test acc: 0.0503, IC acc: 0.0605, IC acc2: 0.0036, IW acc: 0.0033
Epoch: 6511, Loss: 5.667938232421875
Epoch: 6512, Loss: 5.6666436195373535
Epoch: 6513, Loss: 5.674242973327637
Epoch: 6514, Loss: 5.6515727043151855
Epoch: 6515, Loss: 5.665980339050293
Epoch: 6516, Loss: 5.657572269439697
Epoch: 6517, Loss: 5.672694206237793
Epoch: 6518, Loss: 5.657303333282471
Epoch: 6519, Loss: 5.658054351806641
Epoch: 6520, Loss: 5.664180278778076
Test acc: 0.0503, IC acc: 0.0606, IC acc2: 0.0037, IW acc: 0.0032
Epoch: 6521, Loss: 5.6658220291137695
Epoch: 6522, Loss: 5.67568302154541
Epoch: 6523, Loss: 5.6730427742004395
Epoch: 6524, Loss: 5.665335655212402
Epoch: 6525, Loss: 5.680337905883789
Epoch: 6526, Loss: 5.681303024291992
Epoch: 6527, Loss: 5.676177024841309
Epoch: 6528, Loss: 5.6720099449157715
Epoch: 6529, Loss: 5.680792808532715
Epoch: 6530, Loss: 5.669031143188477
Test acc: 0.0503, IC acc: 0.0605, IC acc2: 0.0037, IW acc: 0.0033
Epoch: 6531, Loss: 5.663404941558838
Epoch: 6532, Loss: 5.662328720092773
Epoch: 6533, Loss: 5.686951637268066
Epoch: 6534, Loss: 5.658924102783203
Epoch: 6535, Loss: 5.675065994262695
Epoch: 6536, Loss: 5.666288375854492
Epoch: 6537, Loss: 5.6656084060668945
Epoch: 6538, Loss: 5.681277275085449
Epoch: 6539, Loss: 5.665253162384033
Epoch: 6540, Loss: 5.691743850708008
Test acc: 0.0507, IC acc: 0.0608, IC acc2: 0.0038, IW acc: 0.0033
Epoch: 6541, Loss: 5.667032241821289
Epoch: 6542, Loss: 5.673014163970947
Epoch: 6543, Loss: 5.652446746826172
Epoch: 6544, Loss: 5.668747425079346
Epoch: 6545, Loss: 5.660670280456543
Epoch: 6546, Loss: 5.66411828994751
Epoch: 6547, Loss: 5.666415214538574
Epoch: 6548, Loss: 5.653589248657227
Epoch: 6549, Loss: 5.667219638824463
./circuit_plots/Unrestricted Disentangled|Readout|CN=1|B0=0|B1=1|K=1280|L=320|p_B=0.75|p_C=0.75|B=2|eps=0|35ad5445-c154-4cea-8e18-983bdf361c37/ already exists.
./circuit_plots/Unrestricted Disentangled|Readout|CN=1|B0=0|B1=1|K=1280|L=320|p_B=0.75|p_C=0.75|B=2|eps=0|35ad5445-c154-4cea-8e18-983bdf361c37/ already exists.
./circuit_plots/Unrestricted Disentangled|Readout|CN=1|B0=0|B1=1|K=1280|L=320|p_B=0.75|p_C=0.75|B=2|eps=0|35ad5445-c154-4cea-8e18-983bdf361c37/ already exists.
./circuit_plots/Unrestricted Disentangled|Readout|CN=1|B0=0|B1=1|K=1280|L=320|p_B=0.75|p_C=0.75|B=2|eps=0|35ad5445-c154-4cea-8e18-983bdf361c37/ already exists.
./circuit_plots/Unrestricted Disentangled|Readout|CN=1|B0=0|B1=1|K=1280|L=320|p_B=0.75|p_C=0.75|B=2|eps=0|35ad5445-c154-4cea-8e18-983bdf361c37/ already exists.
./circuit_plots/Unrestricted Disentangled|Readout|CN=1|B0=0|B1=1|K=1280|L=320|p_B=0.75|p_C=0.75|B=2|eps=0|35ad5445-c154-4cea-8e18-983bdf361c37/ already exists.
./circuit_plots/Unrestricted Disentangled|Readout|CN=1|B0=0|B1=1|K=1280|L=320|p_B=0.75|p_C=0.75|B=2|eps=0|35ad5445-c154-4cea-8e18-983bdf361c37/ already exists.
Epoch: 6550, Loss: 5.661954402923584
Test acc: 0.0507, IC acc: 0.0613, IC acc2: 0.0037, IW acc: 0.0033
Epoch: 6551, Loss: 5.651468276977539
Epoch: 6552, Loss: 5.670258522033691
Epoch: 6553, Loss: 5.655428886413574
Epoch: 6554, Loss: 5.6633100509643555
Epoch: 6555, Loss: 5.668539047241211
Epoch: 6556, Loss: 5.679170608520508
Epoch: 6557, Loss: 5.656915664672852
Epoch: 6558, Loss: 5.673250198364258
Epoch: 6559, Loss: 5.647604942321777
Epoch: 6560, Loss: 5.6783857345581055
Test acc: 0.0506, IC acc: 0.0614, IC acc2: 0.0037, IW acc: 0.0032
Epoch: 6561, Loss: 5.6688008308410645
Epoch: 6562, Loss: 5.6692023277282715
Epoch: 6563, Loss: 5.667534828186035
Epoch: 6564, Loss: 5.653495788574219
Epoch: 6565, Loss: 5.644645690917969
Epoch: 6566, Loss: 5.645132541656494
Epoch: 6567, Loss: 5.663303852081299
Epoch: 6568, Loss: 5.669528007507324
Epoch: 6569, Loss: 5.657329559326172
Epoch: 6570, Loss: 5.662233352661133
Test acc: 0.0512, IC acc: 0.0614, IC acc2: 0.0039, IW acc: 0.0033
Epoch: 6571, Loss: 5.667600154876709
Epoch: 6572, Loss: 5.689933776855469
Epoch: 6573, Loss: 5.669238090515137
Epoch: 6574, Loss: 5.6853485107421875
Epoch: 6575, Loss: 5.677733421325684
Epoch: 6576, Loss: 5.68873405456543
Epoch: 6577, Loss: 5.67004919052124
Epoch: 6578, Loss: 5.670478820800781
Epoch: 6579, Loss: 5.68591833114624
Epoch: 6580, Loss: 5.669203281402588
Test acc: 0.0513, IC acc: 0.0614, IC acc2: 0.0038, IW acc: 0.0033
Epoch: 6581, Loss: 5.66372013092041
Epoch: 6582, Loss: 5.6552605628967285
Epoch: 6583, Loss: 5.66270637512207
Epoch: 6584, Loss: 5.6579132080078125
Epoch: 6585, Loss: 5.658197402954102
Epoch: 6586, Loss: 5.657665729522705
Epoch: 6587, Loss: 5.658927917480469
Epoch: 6588, Loss: 5.684268474578857
Epoch: 6589, Loss: 5.661462783813477
Epoch: 6590, Loss: 5.665144920349121
Test acc: 0.0519, IC acc: 0.0614, IC acc2: 0.0037, IW acc: 0.0032
Epoch: 6591, Loss: 5.664973258972168
Epoch: 6592, Loss: 5.683489799499512
Epoch: 6593, Loss: 5.675064563751221
Epoch: 6594, Loss: 5.672040939331055
Epoch: 6595, Loss: 5.66807222366333
Epoch: 6596, Loss: 5.650696754455566
Epoch: 6597, Loss: 5.653228282928467
Epoch: 6598, Loss: 5.656912803649902
Epoch: 6599, Loss: 5.6636552810668945
./circuit_plots/Unrestricted Disentangled|Readout|CN=1|B0=0|B1=1|K=1280|L=320|p_B=0.75|p_C=0.75|B=2|eps=0|35ad5445-c154-4cea-8e18-983bdf361c37/ already exists.
./circuit_plots/Unrestricted Disentangled|Readout|CN=1|B0=0|B1=1|K=1280|L=320|p_B=0.75|p_C=0.75|B=2|eps=0|35ad5445-c154-4cea-8e18-983bdf361c37/ already exists.
./circuit_plots/Unrestricted Disentangled|Readout|CN=1|B0=0|B1=1|K=1280|L=320|p_B=0.75|p_C=0.75|B=2|eps=0|35ad5445-c154-4cea-8e18-983bdf361c37/ already exists.
./circuit_plots/Unrestricted Disentangled|Readout|CN=1|B0=0|B1=1|K=1280|L=320|p_B=0.75|p_C=0.75|B=2|eps=0|35ad5445-c154-4cea-8e18-983bdf361c37/ already exists.
./circuit_plots/Unrestricted Disentangled|Readout|CN=1|B0=0|B1=1|K=1280|L=320|p_B=0.75|p_C=0.75|B=2|eps=0|35ad5445-c154-4cea-8e18-983bdf361c37/ already exists.
./circuit_plots/Unrestricted Disentangled|Readout|CN=1|B0=0|B1=1|K=1280|L=320|p_B=0.75|p_C=0.75|B=2|eps=0|35ad5445-c154-4cea-8e18-983bdf361c37/ already exists.
./circuit_plots/Unrestricted Disentangled|Readout|CN=1|B0=0|B1=1|K=1280|L=320|p_B=0.75|p_C=0.75|B=2|eps=0|35ad5445-c154-4cea-8e18-983bdf361c37/ already exists.
Epoch: 6600, Loss: 5.662442207336426
Test acc: 0.0513, IC acc: 0.062, IC acc2: 0.0037, IW acc: 0.0032
Epoch: 6601, Loss: 5.669996738433838
Epoch: 6602, Loss: 5.664731502532959
Epoch: 6603, Loss: 5.680629253387451
Epoch: 6604, Loss: 5.661471366882324
Epoch: 6605, Loss: 5.6446332931518555
Epoch: 6606, Loss: 5.6719865798950195
Epoch: 6607, Loss: 5.673177719116211
Epoch: 6608, Loss: 5.666899681091309
Epoch: 6609, Loss: 5.661441802978516
Epoch: 6610, Loss: 5.668338298797607
Test acc: 0.0514, IC acc: 0.0622, IC acc2: 0.0038, IW acc: 0.0032
Epoch: 6611, Loss: 5.664294242858887
Epoch: 6612, Loss: 5.665983200073242
Epoch: 6613, Loss: 5.659562110900879
Epoch: 6614, Loss: 5.6640944480896
Epoch: 6615, Loss: 5.6600236892700195
Epoch: 6616, Loss: 5.6858367919921875
Epoch: 6617, Loss: 5.67519998550415
Epoch: 6618, Loss: 5.665726661682129
Epoch: 6619, Loss: 5.658158302307129
Epoch: 6620, Loss: 5.664955139160156
Test acc: 0.0517, IC acc: 0.0623, IC acc2: 0.0038, IW acc: 0.0032
Epoch: 6621, Loss: 5.662387371063232
Epoch: 6622, Loss: 5.66912841796875
Epoch: 6623, Loss: 5.646324634552002
Epoch: 6624, Loss: 5.663751602172852
Epoch: 6625, Loss: 5.664411544799805
Epoch: 6626, Loss: 5.650335311889648
Epoch: 6627, Loss: 5.652890682220459
Epoch: 6628, Loss: 5.6861066818237305
Epoch: 6629, Loss: 5.655523777008057
Epoch: 6630, Loss: 5.664659023284912
Test acc: 0.052, IC acc: 0.0625, IC acc2: 0.0038, IW acc: 0.0032
Epoch: 6631, Loss: 5.6571784019470215
Epoch: 6632, Loss: 5.657592296600342
Epoch: 6633, Loss: 5.6700439453125
Epoch: 6634, Loss: 5.678863525390625
Epoch: 6635, Loss: 5.674408912658691
Epoch: 6636, Loss: 5.652878284454346
Epoch: 6637, Loss: 5.669651031494141
Epoch: 6638, Loss: 5.653731346130371
Epoch: 6639, Loss: 5.669025897979736
Epoch: 6640, Loss: 5.660540580749512
Test acc: 0.052, IC acc: 0.0626, IC acc2: 0.0038, IW acc: 0.0033
Epoch: 6641, Loss: 5.660213470458984
Epoch: 6642, Loss: 5.672701835632324
Epoch: 6643, Loss: 5.6693525314331055
Epoch: 6644, Loss: 5.664758205413818
Epoch: 6645, Loss: 5.663133144378662
Epoch: 6646, Loss: 5.675480842590332
Epoch: 6647, Loss: 5.656449317932129
Epoch: 6648, Loss: 5.667900085449219
Epoch: 6649, Loss: 5.659778594970703
./circuit_plots/Unrestricted Disentangled|Readout|CN=1|B0=0|B1=1|K=1280|L=320|p_B=0.75|p_C=0.75|B=2|eps=0|35ad5445-c154-4cea-8e18-983bdf361c37/ already exists.
./circuit_plots/Unrestricted Disentangled|Readout|CN=1|B0=0|B1=1|K=1280|L=320|p_B=0.75|p_C=0.75|B=2|eps=0|35ad5445-c154-4cea-8e18-983bdf361c37/ already exists.
./circuit_plots/Unrestricted Disentangled|Readout|CN=1|B0=0|B1=1|K=1280|L=320|p_B=0.75|p_C=0.75|B=2|eps=0|35ad5445-c154-4cea-8e18-983bdf361c37/ already exists.
./circuit_plots/Unrestricted Disentangled|Readout|CN=1|B0=0|B1=1|K=1280|L=320|p_B=0.75|p_C=0.75|B=2|eps=0|35ad5445-c154-4cea-8e18-983bdf361c37/ already exists.
./circuit_plots/Unrestricted Disentangled|Readout|CN=1|B0=0|B1=1|K=1280|L=320|p_B=0.75|p_C=0.75|B=2|eps=0|35ad5445-c154-4cea-8e18-983bdf361c37/ already exists.
./circuit_plots/Unrestricted Disentangled|Readout|CN=1|B0=0|B1=1|K=1280|L=320|p_B=0.75|p_C=0.75|B=2|eps=0|35ad5445-c154-4cea-8e18-983bdf361c37/ already exists.
./circuit_plots/Unrestricted Disentangled|Readout|CN=1|B0=0|B1=1|K=1280|L=320|p_B=0.75|p_C=0.75|B=2|eps=0|35ad5445-c154-4cea-8e18-983bdf361c37/ already exists.
Epoch: 6650, Loss: 5.6685004234313965
Test acc: 0.0521, IC acc: 0.0629, IC acc2: 0.0038, IW acc: 0.0033
Epoch: 6651, Loss: 5.673405170440674
Epoch: 6652, Loss: 5.6567535400390625
Epoch: 6653, Loss: 5.664519309997559
Epoch: 6654, Loss: 5.660491943359375
Epoch: 6655, Loss: 5.665981292724609
Epoch: 6656, Loss: 5.666374683380127
Epoch: 6657, Loss: 5.656267166137695
Epoch: 6658, Loss: 5.652325630187988
Epoch: 6659, Loss: 5.658327102661133
Epoch: 6660, Loss: 5.66109561920166
Test acc: 0.0525, IC acc: 0.0629, IC acc2: 0.0038, IW acc: 0.0033
Epoch: 6661, Loss: 5.660068988800049
Epoch: 6662, Loss: 5.66253137588501
Epoch: 6663, Loss: 5.664420127868652
Epoch: 6664, Loss: 5.6585001945495605
Epoch: 6665, Loss: 5.677612781524658
Epoch: 6666, Loss: 5.668529987335205
Epoch: 6667, Loss: 5.648769378662109
Epoch: 6668, Loss: 5.675239562988281
Epoch: 6669, Loss: 5.67823600769043
Epoch: 6670, Loss: 5.672311305999756
Test acc: 0.0523, IC acc: 0.063, IC acc2: 0.0037, IW acc: 0.0033
Epoch: 6671, Loss: 5.657501697540283
Epoch: 6672, Loss: 5.658090591430664
Epoch: 6673, Loss: 5.677499294281006
Epoch: 6674, Loss: 5.678662300109863
Epoch: 6675, Loss: 5.6538848876953125
Epoch: 6676, Loss: 5.6780219078063965
Epoch: 6677, Loss: 5.660077095031738
Epoch: 6678, Loss: 5.670007705688477
Epoch: 6679, Loss: 5.669435024261475
Epoch: 6680, Loss: 5.667908191680908
Test acc: 0.0525, IC acc: 0.063, IC acc2: 0.0037, IW acc: 0.0033
Epoch: 6681, Loss: 5.649913311004639
Epoch: 6682, Loss: 5.664636135101318
Epoch: 6683, Loss: 5.662651062011719
Epoch: 6684, Loss: 5.666923522949219
Epoch: 6685, Loss: 5.680322647094727
Epoch: 6686, Loss: 5.674898147583008
Epoch: 6687, Loss: 5.67519474029541
Epoch: 6688, Loss: 5.669493198394775
Epoch: 6689, Loss: 5.660031318664551
Epoch: 6690, Loss: 5.682973861694336
Test acc: 0.0526, IC acc: 0.0632, IC acc2: 0.0038, IW acc: 0.0033
Epoch: 6691, Loss: 5.685273170471191
Epoch: 6692, Loss: 5.66736364364624
Epoch: 6693, Loss: 5.6776123046875
Epoch: 6694, Loss: 5.663548946380615
Epoch: 6695, Loss: 5.680233478546143
Epoch: 6696, Loss: 5.6734466552734375
Epoch: 6697, Loss: 5.668863296508789
Epoch: 6698, Loss: 5.665522575378418
Epoch: 6699, Loss: 5.666437149047852
./circuit_plots/Unrestricted Disentangled|Readout|CN=1|B0=0|B1=1|K=1280|L=320|p_B=0.75|p_C=0.75|B=2|eps=0|35ad5445-c154-4cea-8e18-983bdf361c37/ already exists.
./circuit_plots/Unrestricted Disentangled|Readout|CN=1|B0=0|B1=1|K=1280|L=320|p_B=0.75|p_C=0.75|B=2|eps=0|35ad5445-c154-4cea-8e18-983bdf361c37/ already exists.
./circuit_plots/Unrestricted Disentangled|Readout|CN=1|B0=0|B1=1|K=1280|L=320|p_B=0.75|p_C=0.75|B=2|eps=0|35ad5445-c154-4cea-8e18-983bdf361c37/ already exists.
./circuit_plots/Unrestricted Disentangled|Readout|CN=1|B0=0|B1=1|K=1280|L=320|p_B=0.75|p_C=0.75|B=2|eps=0|35ad5445-c154-4cea-8e18-983bdf361c37/ already exists.
./circuit_plots/Unrestricted Disentangled|Readout|CN=1|B0=0|B1=1|K=1280|L=320|p_B=0.75|p_C=0.75|B=2|eps=0|35ad5445-c154-4cea-8e18-983bdf361c37/ already exists.
./circuit_plots/Unrestricted Disentangled|Readout|CN=1|B0=0|B1=1|K=1280|L=320|p_B=0.75|p_C=0.75|B=2|eps=0|35ad5445-c154-4cea-8e18-983bdf361c37/ already exists.
./circuit_plots/Unrestricted Disentangled|Readout|CN=1|B0=0|B1=1|K=1280|L=320|p_B=0.75|p_C=0.75|B=2|eps=0|35ad5445-c154-4cea-8e18-983bdf361c37/ already exists.
Epoch: 6700, Loss: 5.657784938812256
Test acc: 0.0528, IC acc: 0.0632, IC acc2: 0.0038, IW acc: 0.0033
Epoch: 6701, Loss: 5.682857513427734
Epoch: 6702, Loss: 5.679971694946289
Epoch: 6703, Loss: 5.671967029571533
Epoch: 6704, Loss: 5.670194625854492
Epoch: 6705, Loss: 5.668362140655518
Epoch: 6706, Loss: 5.653744220733643
Epoch: 6707, Loss: 5.662170886993408
Epoch: 6708, Loss: 5.674041271209717
Epoch: 6709, Loss: 5.661283493041992
Epoch: 6710, Loss: 5.656700134277344
Test acc: 0.0529, IC acc: 0.0634, IC acc2: 0.0038, IW acc: 0.0033
Epoch: 6711, Loss: 5.65321159362793
Epoch: 6712, Loss: 5.688785552978516
Epoch: 6713, Loss: 5.657037258148193
Epoch: 6714, Loss: 5.643896579742432
Epoch: 6715, Loss: 5.672759532928467
Epoch: 6716, Loss: 5.673340320587158
Epoch: 6717, Loss: 5.65103816986084
Epoch: 6718, Loss: 5.641912460327148
Epoch: 6719, Loss: 5.677711486816406
Epoch: 6720, Loss: 5.662437438964844
Test acc: 0.0528, IC acc: 0.0634, IC acc2: 0.0038, IW acc: 0.0033
Epoch: 6721, Loss: 5.662564754486084
Epoch: 6722, Loss: 5.6784987449646
Epoch: 6723, Loss: 5.6647443771362305
Epoch: 6724, Loss: 5.657073974609375
Epoch: 6725, Loss: 5.661668300628662
Epoch: 6726, Loss: 5.662683486938477
Epoch: 6727, Loss: 5.644100666046143
Epoch: 6728, Loss: 5.6524858474731445
Epoch: 6729, Loss: 5.6706743240356445
Epoch: 6730, Loss: 5.661694049835205
Test acc: 0.0528, IC acc: 0.0638, IC acc2: 0.0038, IW acc: 0.0033
Epoch: 6731, Loss: 5.652817249298096
Epoch: 6732, Loss: 5.658034324645996
Epoch: 6733, Loss: 5.669583797454834
Epoch: 6734, Loss: 5.659865856170654
Epoch: 6735, Loss: 5.672734260559082
Epoch: 6736, Loss: 5.667352676391602
Epoch: 6737, Loss: 5.660882949829102
Epoch: 6738, Loss: 5.63944149017334
Epoch: 6739, Loss: 5.649812698364258
Epoch: 6740, Loss: 5.679718017578125
Test acc: 0.0528, IC acc: 0.0641, IC acc2: 0.0038, IW acc: 0.0032
Epoch: 6741, Loss: 5.671850204467773
Epoch: 6742, Loss: 5.669017791748047
Epoch: 6743, Loss: 5.666821479797363
Epoch: 6744, Loss: 5.6685285568237305
Epoch: 6745, Loss: 5.661691665649414
Epoch: 6746, Loss: 5.663109302520752
Epoch: 6747, Loss: 5.655853271484375
Epoch: 6748, Loss: 5.669973850250244
Epoch: 6749, Loss: 5.649749755859375
./circuit_plots/Unrestricted Disentangled|Readout|CN=1|B0=0|B1=1|K=1280|L=320|p_B=0.75|p_C=0.75|B=2|eps=0|35ad5445-c154-4cea-8e18-983bdf361c37/ already exists.
./circuit_plots/Unrestricted Disentangled|Readout|CN=1|B0=0|B1=1|K=1280|L=320|p_B=0.75|p_C=0.75|B=2|eps=0|35ad5445-c154-4cea-8e18-983bdf361c37/ already exists.
./circuit_plots/Unrestricted Disentangled|Readout|CN=1|B0=0|B1=1|K=1280|L=320|p_B=0.75|p_C=0.75|B=2|eps=0|35ad5445-c154-4cea-8e18-983bdf361c37/ already exists.
./circuit_plots/Unrestricted Disentangled|Readout|CN=1|B0=0|B1=1|K=1280|L=320|p_B=0.75|p_C=0.75|B=2|eps=0|35ad5445-c154-4cea-8e18-983bdf361c37/ already exists.
./circuit_plots/Unrestricted Disentangled|Readout|CN=1|B0=0|B1=1|K=1280|L=320|p_B=0.75|p_C=0.75|B=2|eps=0|35ad5445-c154-4cea-8e18-983bdf361c37/ already exists.
./circuit_plots/Unrestricted Disentangled|Readout|CN=1|B0=0|B1=1|K=1280|L=320|p_B=0.75|p_C=0.75|B=2|eps=0|35ad5445-c154-4cea-8e18-983bdf361c37/ already exists.
./circuit_plots/Unrestricted Disentangled|Readout|CN=1|B0=0|B1=1|K=1280|L=320|p_B=0.75|p_C=0.75|B=2|eps=0|35ad5445-c154-4cea-8e18-983bdf361c37/ already exists.
Epoch: 6750, Loss: 5.669760704040527
Test acc: 0.0532, IC acc: 0.0642, IC acc2: 0.0038, IW acc: 0.0033
Epoch: 6751, Loss: 5.652115821838379
Epoch: 6752, Loss: 5.669051170349121
Epoch: 6753, Loss: 5.653842926025391
Epoch: 6754, Loss: 5.660861015319824
Epoch: 6755, Loss: 5.664190292358398
Epoch: 6756, Loss: 5.649393081665039
Epoch: 6757, Loss: 5.6651716232299805
Epoch: 6758, Loss: 5.659626483917236
Epoch: 6759, Loss: 5.659420013427734
Epoch: 6760, Loss: 5.6667280197143555
Test acc: 0.0531, IC acc: 0.0646, IC acc2: 0.0038, IW acc: 0.0034
Epoch: 6761, Loss: 5.653905868530273
Epoch: 6762, Loss: 5.67626953125
Epoch: 6763, Loss: 5.655589580535889
Epoch: 6764, Loss: 5.64512825012207
Epoch: 6765, Loss: 5.662442207336426
Epoch: 6766, Loss: 5.660894870758057
Epoch: 6767, Loss: 5.669712066650391
Epoch: 6768, Loss: 5.678286552429199
Epoch: 6769, Loss: 5.657859802246094
Epoch: 6770, Loss: 5.669675827026367
Test acc: 0.0533, IC acc: 0.0646, IC acc2: 0.0038, IW acc: 0.0034
Epoch: 6771, Loss: 5.649303913116455
Epoch: 6772, Loss: 5.669593811035156
Epoch: 6773, Loss: 5.649941921234131
Epoch: 6774, Loss: 5.680784225463867
Epoch: 6775, Loss: 5.66453742980957
Epoch: 6776, Loss: 5.672654151916504
Epoch: 6777, Loss: 5.682037353515625
Epoch: 6778, Loss: 5.653626441955566
Epoch: 6779, Loss: 5.655740737915039
Epoch: 6780, Loss: 5.6721038818359375
Test acc: 0.0532, IC acc: 0.0646, IC acc2: 0.0038, IW acc: 0.0034
Epoch: 6781, Loss: 5.678577423095703
Epoch: 6782, Loss: 5.645118713378906
Epoch: 6783, Loss: 5.679145336151123
Epoch: 6784, Loss: 5.6549787521362305
Epoch: 6785, Loss: 5.671387195587158
Epoch: 6786, Loss: 5.657343864440918
Epoch: 6787, Loss: 5.663795471191406
Epoch: 6788, Loss: 5.665243625640869
Epoch: 6789, Loss: 5.643451690673828
Epoch: 6790, Loss: 5.6573615074157715
Test acc: 0.0536, IC acc: 0.0651, IC acc2: 0.0038, IW acc: 0.0034
Epoch: 6791, Loss: 5.667970657348633
Epoch: 6792, Loss: 5.660879611968994
Epoch: 6793, Loss: 5.6542439460754395
Epoch: 6794, Loss: 5.643308162689209
Epoch: 6795, Loss: 5.648805618286133
Epoch: 6796, Loss: 5.65617561340332
Epoch: 6797, Loss: 5.652036190032959
Epoch: 6798, Loss: 5.6734418869018555
Epoch: 6799, Loss: 5.644622802734375
./circuit_plots/Unrestricted Disentangled|Readout|CN=1|B0=0|B1=1|K=1280|L=320|p_B=0.75|p_C=0.75|B=2|eps=0|35ad5445-c154-4cea-8e18-983bdf361c37/ already exists.
./circuit_plots/Unrestricted Disentangled|Readout|CN=1|B0=0|B1=1|K=1280|L=320|p_B=0.75|p_C=0.75|B=2|eps=0|35ad5445-c154-4cea-8e18-983bdf361c37/ already exists.
./circuit_plots/Unrestricted Disentangled|Readout|CN=1|B0=0|B1=1|K=1280|L=320|p_B=0.75|p_C=0.75|B=2|eps=0|35ad5445-c154-4cea-8e18-983bdf361c37/ already exists.
./circuit_plots/Unrestricted Disentangled|Readout|CN=1|B0=0|B1=1|K=1280|L=320|p_B=0.75|p_C=0.75|B=2|eps=0|35ad5445-c154-4cea-8e18-983bdf361c37/ already exists.
./circuit_plots/Unrestricted Disentangled|Readout|CN=1|B0=0|B1=1|K=1280|L=320|p_B=0.75|p_C=0.75|B=2|eps=0|35ad5445-c154-4cea-8e18-983bdf361c37/ already exists.
./circuit_plots/Unrestricted Disentangled|Readout|CN=1|B0=0|B1=1|K=1280|L=320|p_B=0.75|p_C=0.75|B=2|eps=0|35ad5445-c154-4cea-8e18-983bdf361c37/ already exists.
./circuit_plots/Unrestricted Disentangled|Readout|CN=1|B0=0|B1=1|K=1280|L=320|p_B=0.75|p_C=0.75|B=2|eps=0|35ad5445-c154-4cea-8e18-983bdf361c37/ already exists.
Epoch: 6800, Loss: 5.669810771942139
Test acc: 0.0537, IC acc: 0.065, IC acc2: 0.0038, IW acc: 0.0034
Epoch: 6801, Loss: 5.644593715667725
Epoch: 6802, Loss: 5.652562141418457
Epoch: 6803, Loss: 5.6704840660095215
Epoch: 6804, Loss: 5.653023719787598
Epoch: 6805, Loss: 5.656697750091553
Epoch: 6806, Loss: 5.677243709564209
Epoch: 6807, Loss: 5.663347244262695
Epoch: 6808, Loss: 5.656399726867676
Epoch: 6809, Loss: 5.670829772949219
Epoch: 6810, Loss: 5.669719696044922
Test acc: 0.0537, IC acc: 0.0656, IC acc2: 0.0038, IW acc: 0.0034
Epoch: 6811, Loss: 5.675501346588135
Epoch: 6812, Loss: 5.671461582183838
Epoch: 6813, Loss: 5.688092231750488
Epoch: 6814, Loss: 5.654768943786621
Epoch: 6815, Loss: 5.669971466064453
Epoch: 6816, Loss: 5.659610748291016
Epoch: 6817, Loss: 5.649141311645508
Epoch: 6818, Loss: 5.675604820251465
Epoch: 6819, Loss: 5.673001289367676
Epoch: 6820, Loss: 5.67758846282959
Test acc: 0.0538, IC acc: 0.0655, IC acc2: 0.0038, IW acc: 0.0034
Epoch: 6821, Loss: 5.634607315063477
Epoch: 6822, Loss: 5.6383562088012695
Epoch: 6823, Loss: 5.657849311828613
Epoch: 6824, Loss: 5.687826156616211
Epoch: 6825, Loss: 5.640396595001221
Epoch: 6826, Loss: 5.668592929840088
Epoch: 6827, Loss: 5.666135311126709
Epoch: 6828, Loss: 5.66707706451416
Epoch: 6829, Loss: 5.658479690551758
Epoch: 6830, Loss: 5.665273189544678
Test acc: 0.0538, IC acc: 0.0655, IC acc2: 0.0037, IW acc: 0.0034
Epoch: 6831, Loss: 5.670217514038086
Epoch: 6832, Loss: 5.663464069366455
Epoch: 6833, Loss: 5.655648708343506
Epoch: 6834, Loss: 5.669694423675537
Epoch: 6835, Loss: 5.672619819641113
Epoch: 6836, Loss: 5.658016681671143
Epoch: 6837, Loss: 5.667357444763184
Epoch: 6838, Loss: 5.669386863708496
Epoch: 6839, Loss: 5.6531572341918945
Epoch: 6840, Loss: 5.669454574584961
Test acc: 0.054, IC acc: 0.0659, IC acc2: 0.0038, IW acc: 0.0033
Epoch: 6841, Loss: 5.667967796325684
Epoch: 6842, Loss: 5.673070907592773
Epoch: 6843, Loss: 5.665998458862305
Epoch: 6844, Loss: 5.662258625030518
Epoch: 6845, Loss: 5.657810211181641
Epoch: 6846, Loss: 5.657740116119385
Epoch: 6847, Loss: 5.653007507324219
Epoch: 6848, Loss: 5.656543254852295
Epoch: 6849, Loss: 5.66714334487915
./circuit_plots/Unrestricted Disentangled|Readout|CN=1|B0=0|B1=1|K=1280|L=320|p_B=0.75|p_C=0.75|B=2|eps=0|35ad5445-c154-4cea-8e18-983bdf361c37/ already exists.
./circuit_plots/Unrestricted Disentangled|Readout|CN=1|B0=0|B1=1|K=1280|L=320|p_B=0.75|p_C=0.75|B=2|eps=0|35ad5445-c154-4cea-8e18-983bdf361c37/ already exists.
./circuit_plots/Unrestricted Disentangled|Readout|CN=1|B0=0|B1=1|K=1280|L=320|p_B=0.75|p_C=0.75|B=2|eps=0|35ad5445-c154-4cea-8e18-983bdf361c37/ already exists.
./circuit_plots/Unrestricted Disentangled|Readout|CN=1|B0=0|B1=1|K=1280|L=320|p_B=0.75|p_C=0.75|B=2|eps=0|35ad5445-c154-4cea-8e18-983bdf361c37/ already exists.
./circuit_plots/Unrestricted Disentangled|Readout|CN=1|B0=0|B1=1|K=1280|L=320|p_B=0.75|p_C=0.75|B=2|eps=0|35ad5445-c154-4cea-8e18-983bdf361c37/ already exists.
./circuit_plots/Unrestricted Disentangled|Readout|CN=1|B0=0|B1=1|K=1280|L=320|p_B=0.75|p_C=0.75|B=2|eps=0|35ad5445-c154-4cea-8e18-983bdf361c37/ already exists.
./circuit_plots/Unrestricted Disentangled|Readout|CN=1|B0=0|B1=1|K=1280|L=320|p_B=0.75|p_C=0.75|B=2|eps=0|35ad5445-c154-4cea-8e18-983bdf361c37/ already exists.
Epoch: 6850, Loss: 5.661960124969482
Test acc: 0.054, IC acc: 0.066, IC acc2: 0.0038, IW acc: 0.0032
Epoch: 6851, Loss: 5.647329807281494
Epoch: 6852, Loss: 5.65515661239624
Epoch: 6853, Loss: 5.671231269836426
Epoch: 6854, Loss: 5.657896995544434
Epoch: 6855, Loss: 5.653308868408203
Epoch: 6856, Loss: 5.660636901855469
Epoch: 6857, Loss: 5.672213554382324
Epoch: 6858, Loss: 5.645407199859619
Epoch: 6859, Loss: 5.651714324951172
Epoch: 6860, Loss: 5.669116020202637
Test acc: 0.0542, IC acc: 0.0662, IC acc2: 0.0038, IW acc: 0.0032
Epoch: 6861, Loss: 5.6574602127075195
Epoch: 6862, Loss: 5.660176753997803
Epoch: 6863, Loss: 5.681378364562988
Epoch: 6864, Loss: 5.646474838256836
Epoch: 6865, Loss: 5.6874494552612305
Epoch: 6866, Loss: 5.6512556076049805
Epoch: 6867, Loss: 5.671940803527832
Epoch: 6868, Loss: 5.664499282836914
Epoch: 6869, Loss: 5.670151710510254
Epoch: 6870, Loss: 5.684626579284668
Test acc: 0.0546, IC acc: 0.0661, IC acc2: 0.0038, IW acc: 0.0033
Epoch: 6871, Loss: 5.659897804260254
Epoch: 6872, Loss: 5.657855033874512
Epoch: 6873, Loss: 5.669867515563965
Epoch: 6874, Loss: 5.666778564453125
Epoch: 6875, Loss: 5.656609058380127
Epoch: 6876, Loss: 5.667774200439453
Epoch: 6877, Loss: 5.669951915740967
Epoch: 6878, Loss: 5.666543960571289
Epoch: 6879, Loss: 5.669519424438477
Epoch: 6880, Loss: 5.661354064941406
Test acc: 0.0551, IC acc: 0.0661, IC acc2: 0.0038, IW acc: 0.0033
Epoch: 6881, Loss: 5.667065620422363
Epoch: 6882, Loss: 5.682051658630371
Epoch: 6883, Loss: 5.6587677001953125
Epoch: 6884, Loss: 5.659788131713867
Epoch: 6885, Loss: 5.675473690032959
Epoch: 6886, Loss: 5.658099174499512
Epoch: 6887, Loss: 5.666757583618164
Epoch: 6888, Loss: 5.668633460998535
Epoch: 6889, Loss: 5.653153419494629
Epoch: 6890, Loss: 5.6602396965026855
Test acc: 0.055, IC acc: 0.0662, IC acc2: 0.0038, IW acc: 0.0032
Epoch: 6891, Loss: 5.652390003204346
Epoch: 6892, Loss: 5.64980411529541
Epoch: 6893, Loss: 5.6812543869018555
Epoch: 6894, Loss: 5.6573686599731445
Epoch: 6895, Loss: 5.64797830581665
Epoch: 6896, Loss: 5.646991729736328
Epoch: 6897, Loss: 5.668313980102539
Epoch: 6898, Loss: 5.662741661071777
Epoch: 6899, Loss: 5.662054538726807
./circuit_plots/Unrestricted Disentangled|Readout|CN=1|B0=0|B1=1|K=1280|L=320|p_B=0.75|p_C=0.75|B=2|eps=0|35ad5445-c154-4cea-8e18-983bdf361c37/ already exists.
./circuit_plots/Unrestricted Disentangled|Readout|CN=1|B0=0|B1=1|K=1280|L=320|p_B=0.75|p_C=0.75|B=2|eps=0|35ad5445-c154-4cea-8e18-983bdf361c37/ already exists.
./circuit_plots/Unrestricted Disentangled|Readout|CN=1|B0=0|B1=1|K=1280|L=320|p_B=0.75|p_C=0.75|B=2|eps=0|35ad5445-c154-4cea-8e18-983bdf361c37/ already exists.
./circuit_plots/Unrestricted Disentangled|Readout|CN=1|B0=0|B1=1|K=1280|L=320|p_B=0.75|p_C=0.75|B=2|eps=0|35ad5445-c154-4cea-8e18-983bdf361c37/ already exists.
./circuit_plots/Unrestricted Disentangled|Readout|CN=1|B0=0|B1=1|K=1280|L=320|p_B=0.75|p_C=0.75|B=2|eps=0|35ad5445-c154-4cea-8e18-983bdf361c37/ already exists.
./circuit_plots/Unrestricted Disentangled|Readout|CN=1|B0=0|B1=1|K=1280|L=320|p_B=0.75|p_C=0.75|B=2|eps=0|35ad5445-c154-4cea-8e18-983bdf361c37/ already exists.
./circuit_plots/Unrestricted Disentangled|Readout|CN=1|B0=0|B1=1|K=1280|L=320|p_B=0.75|p_C=0.75|B=2|eps=0|35ad5445-c154-4cea-8e18-983bdf361c37/ already exists.
Epoch: 6900, Loss: 5.639610290527344
Test acc: 0.055, IC acc: 0.0664, IC acc2: 0.0038, IW acc: 0.0032
Epoch: 6901, Loss: 5.666832447052002
Epoch: 6902, Loss: 5.667501449584961
Epoch: 6903, Loss: 5.6578779220581055
Epoch: 6904, Loss: 5.665335655212402
Epoch: 6905, Loss: 5.651988506317139
Epoch: 6906, Loss: 5.654906272888184
Epoch: 6907, Loss: 5.667057991027832
Epoch: 6908, Loss: 5.667255878448486
Epoch: 6909, Loss: 5.677751541137695
Epoch: 6910, Loss: 5.669060707092285
Test acc: 0.0549, IC acc: 0.0662, IC acc2: 0.0038, IW acc: 0.0032
Epoch: 6911, Loss: 5.6572585105896
Epoch: 6912, Loss: 5.667075157165527
Epoch: 6913, Loss: 5.666633605957031
Epoch: 6914, Loss: 5.657915115356445
Epoch: 6915, Loss: 5.654940605163574
Epoch: 6916, Loss: 5.6673688888549805
Epoch: 6917, Loss: 5.6910295486450195
Epoch: 6918, Loss: 5.648821830749512
Epoch: 6919, Loss: 5.660218238830566
Epoch: 6920, Loss: 5.6689677238464355
Test acc: 0.0548, IC acc: 0.0665, IC acc2: 0.0037, IW acc: 0.0032
Epoch: 6921, Loss: 5.649210453033447
Epoch: 6922, Loss: 5.677369117736816
Epoch: 6923, Loss: 5.666383266448975
Epoch: 6924, Loss: 5.644730567932129
Epoch: 6925, Loss: 5.664312362670898
Epoch: 6926, Loss: 5.664573669433594
Epoch: 6927, Loss: 5.6510090827941895
Epoch: 6928, Loss: 5.672247886657715
Epoch: 6929, Loss: 5.684930324554443
Epoch: 6930, Loss: 5.674065589904785
Test acc: 0.0551, IC acc: 0.067, IC acc2: 0.0035, IW acc: 0.0032
Epoch: 6931, Loss: 5.644444942474365
Epoch: 6932, Loss: 5.669206619262695
Epoch: 6933, Loss: 5.666739463806152
Epoch: 6934, Loss: 5.665460586547852
Epoch: 6935, Loss: 5.659981727600098
Epoch: 6936, Loss: 5.672121524810791
Epoch: 6937, Loss: 5.65913200378418
Epoch: 6938, Loss: 5.679764270782471
Epoch: 6939, Loss: 5.670103073120117
Epoch: 6940, Loss: 5.667360305786133
Test acc: 0.055, IC acc: 0.0671, IC acc2: 0.0036, IW acc: 0.0032
Epoch: 6941, Loss: 5.646949768066406
Epoch: 6942, Loss: 5.6479692459106445
Epoch: 6943, Loss: 5.649265289306641
Epoch: 6944, Loss: 5.667293548583984
Epoch: 6945, Loss: 5.657812595367432
Epoch: 6946, Loss: 5.666695594787598
Epoch: 6947, Loss: 5.670185089111328
Epoch: 6948, Loss: 5.650541305541992
Epoch: 6949, Loss: 5.651588439941406
./circuit_plots/Unrestricted Disentangled|Readout|CN=1|B0=0|B1=1|K=1280|L=320|p_B=0.75|p_C=0.75|B=2|eps=0|35ad5445-c154-4cea-8e18-983bdf361c37/ already exists.
./circuit_plots/Unrestricted Disentangled|Readout|CN=1|B0=0|B1=1|K=1280|L=320|p_B=0.75|p_C=0.75|B=2|eps=0|35ad5445-c154-4cea-8e18-983bdf361c37/ already exists.
./circuit_plots/Unrestricted Disentangled|Readout|CN=1|B0=0|B1=1|K=1280|L=320|p_B=0.75|p_C=0.75|B=2|eps=0|35ad5445-c154-4cea-8e18-983bdf361c37/ already exists.
./circuit_plots/Unrestricted Disentangled|Readout|CN=1|B0=0|B1=1|K=1280|L=320|p_B=0.75|p_C=0.75|B=2|eps=0|35ad5445-c154-4cea-8e18-983bdf361c37/ already exists.
./circuit_plots/Unrestricted Disentangled|Readout|CN=1|B0=0|B1=1|K=1280|L=320|p_B=0.75|p_C=0.75|B=2|eps=0|35ad5445-c154-4cea-8e18-983bdf361c37/ already exists.
./circuit_plots/Unrestricted Disentangled|Readout|CN=1|B0=0|B1=1|K=1280|L=320|p_B=0.75|p_C=0.75|B=2|eps=0|35ad5445-c154-4cea-8e18-983bdf361c37/ already exists.
./circuit_plots/Unrestricted Disentangled|Readout|CN=1|B0=0|B1=1|K=1280|L=320|p_B=0.75|p_C=0.75|B=2|eps=0|35ad5445-c154-4cea-8e18-983bdf361c37/ already exists.
Epoch: 6950, Loss: 5.682413101196289
Test acc: 0.0554, IC acc: 0.0674, IC acc2: 0.0036, IW acc: 0.0031
Epoch: 6951, Loss: 5.649260520935059
Epoch: 6952, Loss: 5.646180152893066
Epoch: 6953, Loss: 5.663071155548096
Epoch: 6954, Loss: 5.64730167388916
Epoch: 6955, Loss: 5.648066520690918
Epoch: 6956, Loss: 5.674631118774414
Epoch: 6957, Loss: 5.676010608673096
Epoch: 6958, Loss: 5.670149803161621
Epoch: 6959, Loss: 5.668056488037109
Epoch: 6960, Loss: 5.644489288330078
Test acc: 0.0556, IC acc: 0.0676, IC acc2: 0.0036, IW acc: 0.0032
Epoch: 6961, Loss: 5.657766819000244
Epoch: 6962, Loss: 5.662355422973633
Epoch: 6963, Loss: 5.660276412963867
Epoch: 6964, Loss: 5.664226531982422
Epoch: 6965, Loss: 5.67781925201416
Epoch: 6966, Loss: 5.657839775085449
Epoch: 6967, Loss: 5.6502203941345215
Epoch: 6968, Loss: 5.671208381652832
Epoch: 6969, Loss: 5.659018516540527
Epoch: 6970, Loss: 5.6532440185546875
Test acc: 0.0557, IC acc: 0.0679, IC acc2: 0.0035, IW acc: 0.0032
Epoch: 6971, Loss: 5.665632247924805
Epoch: 6972, Loss: 5.6491241455078125
Epoch: 6973, Loss: 5.64627742767334
Epoch: 6974, Loss: 5.6608123779296875
Epoch: 6975, Loss: 5.664858818054199
Epoch: 6976, Loss: 5.65516996383667
Epoch: 6977, Loss: 5.660141944885254
Epoch: 6978, Loss: 5.678839683532715
Epoch: 6979, Loss: 5.6537675857543945
Epoch: 6980, Loss: 5.6523284912109375
Test acc: 0.0562, IC acc: 0.0678, IC acc2: 0.0035, IW acc: 0.0032
Epoch: 6981, Loss: 5.658668041229248
Epoch: 6982, Loss: 5.651636600494385
Epoch: 6983, Loss: 5.696957588195801
Epoch: 6984, Loss: 5.654874801635742
Epoch: 6985, Loss: 5.678157806396484
Epoch: 6986, Loss: 5.658015251159668
Epoch: 6987, Loss: 5.6480536460876465
Epoch: 6988, Loss: 5.668830871582031
Epoch: 6989, Loss: 5.671994209289551
Epoch: 6990, Loss: 5.6460161209106445
Test acc: 0.056, IC acc: 0.0679, IC acc2: 0.0035, IW acc: 0.0032
Epoch: 6991, Loss: 5.673243522644043
Epoch: 6992, Loss: 5.661794662475586
Epoch: 6993, Loss: 5.671728134155273
Epoch: 6994, Loss: 5.655458450317383
Epoch: 6995, Loss: 5.648797035217285
Epoch: 6996, Loss: 5.659241676330566
Epoch: 6997, Loss: 5.643537521362305
Epoch: 6998, Loss: 5.652474880218506
Epoch: 6999, Loss: 5.65052604675293
./circuit_plots/Unrestricted Disentangled|Readout|CN=1|B0=0|B1=1|K=1280|L=320|p_B=0.75|p_C=0.75|B=2|eps=0|35ad5445-c154-4cea-8e18-983bdf361c37/ already exists.
./circuit_plots/Unrestricted Disentangled|Readout|CN=1|B0=0|B1=1|K=1280|L=320|p_B=0.75|p_C=0.75|B=2|eps=0|35ad5445-c154-4cea-8e18-983bdf361c37/ already exists.
./circuit_plots/Unrestricted Disentangled|Readout|CN=1|B0=0|B1=1|K=1280|L=320|p_B=0.75|p_C=0.75|B=2|eps=0|35ad5445-c154-4cea-8e18-983bdf361c37/ already exists.
./circuit_plots/Unrestricted Disentangled|Readout|CN=1|B0=0|B1=1|K=1280|L=320|p_B=0.75|p_C=0.75|B=2|eps=0|35ad5445-c154-4cea-8e18-983bdf361c37/ already exists.
./circuit_plots/Unrestricted Disentangled|Readout|CN=1|B0=0|B1=1|K=1280|L=320|p_B=0.75|p_C=0.75|B=2|eps=0|35ad5445-c154-4cea-8e18-983bdf361c37/ already exists.
./circuit_plots/Unrestricted Disentangled|Readout|CN=1|B0=0|B1=1|K=1280|L=320|p_B=0.75|p_C=0.75|B=2|eps=0|35ad5445-c154-4cea-8e18-983bdf361c37/ already exists.
./circuit_plots/Unrestricted Disentangled|Readout|CN=1|B0=0|B1=1|K=1280|L=320|p_B=0.75|p_C=0.75|B=2|eps=0|35ad5445-c154-4cea-8e18-983bdf361c37/ already exists.
Epoch: 7000, Loss: 5.6717095375061035
Test acc: 0.0561, IC acc: 0.068, IC acc2: 0.0036, IW acc: 0.0031
Epoch: 7001, Loss: 5.652324676513672
Epoch: 7002, Loss: 5.668947219848633
Epoch: 7003, Loss: 5.632099151611328
Epoch: 7004, Loss: 5.660553932189941
Epoch: 7005, Loss: 5.6784281730651855
Epoch: 7006, Loss: 5.654911994934082
Epoch: 7007, Loss: 5.6636857986450195
Epoch: 7008, Loss: 5.664507865905762
Epoch: 7009, Loss: 5.657270431518555
Epoch: 7010, Loss: 5.655796051025391
Test acc: 0.0564, IC acc: 0.068, IC acc2: 0.0035, IW acc: 0.0031
Epoch: 7011, Loss: 5.6745734214782715
Epoch: 7012, Loss: 5.6508684158325195
Epoch: 7013, Loss: 5.653956413269043
Epoch: 7014, Loss: 5.649266242980957
Epoch: 7015, Loss: 5.6694440841674805
Epoch: 7016, Loss: 5.652141094207764
Epoch: 7017, Loss: 5.660520553588867
Epoch: 7018, Loss: 5.648527145385742
Epoch: 7019, Loss: 5.667591094970703
Epoch: 7020, Loss: 5.649306774139404
Test acc: 0.0563, IC acc: 0.0682, IC acc2: 0.0036, IW acc: 0.0031
Epoch: 7021, Loss: 5.669009208679199
Epoch: 7022, Loss: 5.664658546447754
Epoch: 7023, Loss: 5.654267311096191
Epoch: 7024, Loss: 5.66519021987915
Epoch: 7025, Loss: 5.658729553222656
Epoch: 7026, Loss: 5.6449480056762695
Epoch: 7027, Loss: 5.658575057983398
Epoch: 7028, Loss: 5.649405479431152
Epoch: 7029, Loss: 5.663827896118164
Epoch: 7030, Loss: 5.657349109649658
Test acc: 0.0564, IC acc: 0.0686, IC acc2: 0.0035, IW acc: 0.003
Epoch: 7031, Loss: 5.665416717529297
Epoch: 7032, Loss: 5.667588710784912
Epoch: 7033, Loss: 5.65487813949585
Epoch: 7034, Loss: 5.66134786605835
Epoch: 7035, Loss: 5.663176536560059
Epoch: 7036, Loss: 5.652610778808594
Epoch: 7037, Loss: 5.657092094421387
Epoch: 7038, Loss: 5.660797595977783
Epoch: 7039, Loss: 5.659108638763428
Epoch: 7040, Loss: 5.6412858963012695
Test acc: 0.0566, IC acc: 0.0686, IC acc2: 0.0035, IW acc: 0.003
Epoch: 7041, Loss: 5.660309314727783
Epoch: 7042, Loss: 5.6414475440979
Epoch: 7043, Loss: 5.650125503540039
Epoch: 7044, Loss: 5.653794288635254
Epoch: 7045, Loss: 5.673465251922607
Epoch: 7046, Loss: 5.6594343185424805
Epoch: 7047, Loss: 5.673120975494385
Epoch: 7048, Loss: 5.630109786987305
Epoch: 7049, Loss: 5.661252021789551
./circuit_plots/Unrestricted Disentangled|Readout|CN=1|B0=0|B1=1|K=1280|L=320|p_B=0.75|p_C=0.75|B=2|eps=0|35ad5445-c154-4cea-8e18-983bdf361c37/ already exists.
./circuit_plots/Unrestricted Disentangled|Readout|CN=1|B0=0|B1=1|K=1280|L=320|p_B=0.75|p_C=0.75|B=2|eps=0|35ad5445-c154-4cea-8e18-983bdf361c37/ already exists.
./circuit_plots/Unrestricted Disentangled|Readout|CN=1|B0=0|B1=1|K=1280|L=320|p_B=0.75|p_C=0.75|B=2|eps=0|35ad5445-c154-4cea-8e18-983bdf361c37/ already exists.
./circuit_plots/Unrestricted Disentangled|Readout|CN=1|B0=0|B1=1|K=1280|L=320|p_B=0.75|p_C=0.75|B=2|eps=0|35ad5445-c154-4cea-8e18-983bdf361c37/ already exists.
./circuit_plots/Unrestricted Disentangled|Readout|CN=1|B0=0|B1=1|K=1280|L=320|p_B=0.75|p_C=0.75|B=2|eps=0|35ad5445-c154-4cea-8e18-983bdf361c37/ already exists.
./circuit_plots/Unrestricted Disentangled|Readout|CN=1|B0=0|B1=1|K=1280|L=320|p_B=0.75|p_C=0.75|B=2|eps=0|35ad5445-c154-4cea-8e18-983bdf361c37/ already exists.
./circuit_plots/Unrestricted Disentangled|Readout|CN=1|B0=0|B1=1|K=1280|L=320|p_B=0.75|p_C=0.75|B=2|eps=0|35ad5445-c154-4cea-8e18-983bdf361c37/ already exists.
Epoch: 7050, Loss: 5.626376628875732
Test acc: 0.0567, IC acc: 0.0687, IC acc2: 0.0035, IW acc: 0.0029
Epoch: 7051, Loss: 5.665191650390625
Epoch: 7052, Loss: 5.643218040466309
Epoch: 7053, Loss: 5.676590442657471
Epoch: 7054, Loss: 5.671521186828613
Epoch: 7055, Loss: 5.668936252593994
Epoch: 7056, Loss: 5.658378601074219
Epoch: 7057, Loss: 5.646575927734375
Epoch: 7058, Loss: 5.657582759857178
Epoch: 7059, Loss: 5.668446063995361
Epoch: 7060, Loss: 5.6605544090271
Test acc: 0.0568, IC acc: 0.0689, IC acc2: 0.0035, IW acc: 0.003
Epoch: 7061, Loss: 5.660111427307129
Epoch: 7062, Loss: 5.654865264892578
Epoch: 7063, Loss: 5.68208646774292
Epoch: 7064, Loss: 5.668451309204102
Epoch: 7065, Loss: 5.66599702835083
Epoch: 7066, Loss: 5.672142028808594
Epoch: 7067, Loss: 5.654990196228027
Epoch: 7068, Loss: 5.661919593811035
Epoch: 7069, Loss: 5.6610517501831055
Epoch: 7070, Loss: 5.680773735046387
Test acc: 0.0571, IC acc: 0.069, IC acc2: 0.0035, IW acc: 0.003
Epoch: 7071, Loss: 5.655239105224609
Epoch: 7072, Loss: 5.671834945678711
Epoch: 7073, Loss: 5.672342777252197
Epoch: 7074, Loss: 5.668070316314697
Epoch: 7075, Loss: 5.6733717918396
Epoch: 7076, Loss: 5.657958030700684
Epoch: 7077, Loss: 5.674714088439941
Epoch: 7078, Loss: 5.661499500274658
Epoch: 7079, Loss: 5.643519401550293
Epoch: 7080, Loss: 5.6705121994018555
Test acc: 0.0571, IC acc: 0.0691, IC acc2: 0.0037, IW acc: 0.003
Epoch: 7081, Loss: 5.676842212677002
Epoch: 7082, Loss: 5.657155990600586
Epoch: 7083, Loss: 5.657573699951172
Epoch: 7084, Loss: 5.642897605895996
Epoch: 7085, Loss: 5.654855728149414
Epoch: 7086, Loss: 5.639987945556641
Epoch: 7087, Loss: 5.639034748077393
Epoch: 7088, Loss: 5.661794662475586
Epoch: 7089, Loss: 5.665140151977539
Epoch: 7090, Loss: 5.638991355895996
Test acc: 0.0574, IC acc: 0.0693, IC acc2: 0.0037, IW acc: 0.003
Epoch: 7091, Loss: 5.662169456481934
Epoch: 7092, Loss: 5.66002082824707
Epoch: 7093, Loss: 5.658080577850342
Epoch: 7094, Loss: 5.66193962097168
Epoch: 7095, Loss: 5.640886306762695
Epoch: 7096, Loss: 5.654181480407715
Epoch: 7097, Loss: 5.681033134460449
Epoch: 7098, Loss: 5.6576714515686035
Epoch: 7099, Loss: 5.674862861633301
./circuit_plots/Unrestricted Disentangled|Readout|CN=1|B0=0|B1=1|K=1280|L=320|p_B=0.75|p_C=0.75|B=2|eps=0|35ad5445-c154-4cea-8e18-983bdf361c37/ already exists.
./circuit_plots/Unrestricted Disentangled|Readout|CN=1|B0=0|B1=1|K=1280|L=320|p_B=0.75|p_C=0.75|B=2|eps=0|35ad5445-c154-4cea-8e18-983bdf361c37/ already exists.
./circuit_plots/Unrestricted Disentangled|Readout|CN=1|B0=0|B1=1|K=1280|L=320|p_B=0.75|p_C=0.75|B=2|eps=0|35ad5445-c154-4cea-8e18-983bdf361c37/ already exists.
./circuit_plots/Unrestricted Disentangled|Readout|CN=1|B0=0|B1=1|K=1280|L=320|p_B=0.75|p_C=0.75|B=2|eps=0|35ad5445-c154-4cea-8e18-983bdf361c37/ already exists.
./circuit_plots/Unrestricted Disentangled|Readout|CN=1|B0=0|B1=1|K=1280|L=320|p_B=0.75|p_C=0.75|B=2|eps=0|35ad5445-c154-4cea-8e18-983bdf361c37/ already exists.
./circuit_plots/Unrestricted Disentangled|Readout|CN=1|B0=0|B1=1|K=1280|L=320|p_B=0.75|p_C=0.75|B=2|eps=0|35ad5445-c154-4cea-8e18-983bdf361c37/ already exists.
./circuit_plots/Unrestricted Disentangled|Readout|CN=1|B0=0|B1=1|K=1280|L=320|p_B=0.75|p_C=0.75|B=2|eps=0|35ad5445-c154-4cea-8e18-983bdf361c37/ already exists.
Epoch: 7100, Loss: 5.6667985916137695
Test acc: 0.0576, IC acc: 0.0693, IC acc2: 0.0036, IW acc: 0.003
Epoch: 7101, Loss: 5.6720404624938965
Epoch: 7102, Loss: 5.658791542053223
Epoch: 7103, Loss: 5.6471357345581055
Epoch: 7104, Loss: 5.683442115783691
Epoch: 7105, Loss: 5.646376609802246
Epoch: 7106, Loss: 5.6517109870910645
Epoch: 7107, Loss: 5.653668403625488
Epoch: 7108, Loss: 5.663021087646484
Epoch: 7109, Loss: 5.65753173828125
Epoch: 7110, Loss: 5.660667419433594
Test acc: 0.0576, IC acc: 0.0692, IC acc2: 0.0038, IW acc: 0.003
Epoch: 7111, Loss: 5.65715217590332
Epoch: 7112, Loss: 5.64981746673584
Epoch: 7113, Loss: 5.636672019958496
Epoch: 7114, Loss: 5.66487455368042
Epoch: 7115, Loss: 5.656810760498047
Epoch: 7116, Loss: 5.660733222961426
Epoch: 7117, Loss: 5.6445770263671875
Epoch: 7118, Loss: 5.6675214767456055
Epoch: 7119, Loss: 5.659177303314209
Epoch: 7120, Loss: 5.659940242767334
Test acc: 0.0576, IC acc: 0.0695, IC acc2: 0.0038, IW acc: 0.003
Epoch: 7121, Loss: 5.65958309173584
Epoch: 7122, Loss: 5.652655124664307
Epoch: 7123, Loss: 5.66049337387085
Epoch: 7124, Loss: 5.654933929443359
Epoch: 7125, Loss: 5.657259941101074
Epoch: 7126, Loss: 5.672633171081543
Epoch: 7127, Loss: 5.646702766418457
Epoch: 7128, Loss: 5.681576728820801
Epoch: 7129, Loss: 5.661179542541504
Epoch: 7130, Loss: 5.6324615478515625
Test acc: 0.0576, IC acc: 0.0696, IC acc2: 0.0038, IW acc: 0.003
Epoch: 7131, Loss: 5.637497901916504
Epoch: 7132, Loss: 5.656712532043457
Epoch: 7133, Loss: 5.66202449798584
Epoch: 7134, Loss: 5.675412654876709
Epoch: 7135, Loss: 5.681218147277832
Epoch: 7136, Loss: 5.651227951049805
Epoch: 7137, Loss: 5.659095764160156
Epoch: 7138, Loss: 5.656171798706055
Epoch: 7139, Loss: 5.662634372711182
Epoch: 7140, Loss: 5.661174774169922
Test acc: 0.0578, IC acc: 0.07, IC acc2: 0.0038, IW acc: 0.003
Epoch: 7141, Loss: 5.654875755310059
Epoch: 7142, Loss: 5.657098770141602
Epoch: 7143, Loss: 5.6550068855285645
Epoch: 7144, Loss: 5.654900074005127
Epoch: 7145, Loss: 5.670381546020508
Epoch: 7146, Loss: 5.657583236694336
Epoch: 7147, Loss: 5.658314228057861
Epoch: 7148, Loss: 5.663162708282471
Epoch: 7149, Loss: 5.644305229187012
./circuit_plots/Unrestricted Disentangled|Readout|CN=1|B0=0|B1=1|K=1280|L=320|p_B=0.75|p_C=0.75|B=2|eps=0|35ad5445-c154-4cea-8e18-983bdf361c37/ already exists.
./circuit_plots/Unrestricted Disentangled|Readout|CN=1|B0=0|B1=1|K=1280|L=320|p_B=0.75|p_C=0.75|B=2|eps=0|35ad5445-c154-4cea-8e18-983bdf361c37/ already exists.
./circuit_plots/Unrestricted Disentangled|Readout|CN=1|B0=0|B1=1|K=1280|L=320|p_B=0.75|p_C=0.75|B=2|eps=0|35ad5445-c154-4cea-8e18-983bdf361c37/ already exists.
./circuit_plots/Unrestricted Disentangled|Readout|CN=1|B0=0|B1=1|K=1280|L=320|p_B=0.75|p_C=0.75|B=2|eps=0|35ad5445-c154-4cea-8e18-983bdf361c37/ already exists.
./circuit_plots/Unrestricted Disentangled|Readout|CN=1|B0=0|B1=1|K=1280|L=320|p_B=0.75|p_C=0.75|B=2|eps=0|35ad5445-c154-4cea-8e18-983bdf361c37/ already exists.
./circuit_plots/Unrestricted Disentangled|Readout|CN=1|B0=0|B1=1|K=1280|L=320|p_B=0.75|p_C=0.75|B=2|eps=0|35ad5445-c154-4cea-8e18-983bdf361c37/ already exists.
./circuit_plots/Unrestricted Disentangled|Readout|CN=1|B0=0|B1=1|K=1280|L=320|p_B=0.75|p_C=0.75|B=2|eps=0|35ad5445-c154-4cea-8e18-983bdf361c37/ already exists.
Epoch: 7150, Loss: 5.666713714599609
Test acc: 0.0579, IC acc: 0.0701, IC acc2: 0.0038, IW acc: 0.003
Epoch: 7151, Loss: 5.632270812988281
Epoch: 7152, Loss: 5.643235206604004
Epoch: 7153, Loss: 5.6428375244140625
Epoch: 7154, Loss: 5.646862983703613
Epoch: 7155, Loss: 5.668693542480469
Epoch: 7156, Loss: 5.642931938171387
Epoch: 7157, Loss: 5.669113636016846
Epoch: 7158, Loss: 5.655399322509766
Epoch: 7159, Loss: 5.645129680633545
Epoch: 7160, Loss: 5.661694526672363
Test acc: 0.0582, IC acc: 0.0703, IC acc2: 0.0038, IW acc: 0.003
Epoch: 7161, Loss: 5.64607048034668
Epoch: 7162, Loss: 5.666447639465332
Epoch: 7163, Loss: 5.659991264343262
Epoch: 7164, Loss: 5.652498245239258
Epoch: 7165, Loss: 5.650569915771484
Epoch: 7166, Loss: 5.664834499359131
Epoch: 7167, Loss: 5.668219566345215
Epoch: 7168, Loss: 5.664488792419434
Epoch: 7169, Loss: 5.651196479797363
Epoch: 7170, Loss: 5.654308319091797
Test acc: 0.0582, IC acc: 0.0701, IC acc2: 0.0037, IW acc: 0.003
Epoch: 7171, Loss: 5.669209003448486
Epoch: 7172, Loss: 5.679383277893066
Epoch: 7173, Loss: 5.678241729736328
Epoch: 7174, Loss: 5.653341770172119
Epoch: 7175, Loss: 5.651280879974365
Epoch: 7176, Loss: 5.658283233642578
Epoch: 7177, Loss: 5.661251068115234
Epoch: 7178, Loss: 5.676112174987793
Epoch: 7179, Loss: 5.666009902954102
Epoch: 7180, Loss: 5.647966384887695
Test acc: 0.0584, IC acc: 0.0703, IC acc2: 0.0037, IW acc: 0.003
Epoch: 7181, Loss: 5.6572370529174805
Epoch: 7182, Loss: 5.653151988983154
Epoch: 7183, Loss: 5.656296253204346
Epoch: 7184, Loss: 5.667319297790527
Epoch: 7185, Loss: 5.646638870239258
Epoch: 7186, Loss: 5.65617036819458
Epoch: 7187, Loss: 5.642567157745361
Epoch: 7188, Loss: 5.664943218231201
Epoch: 7189, Loss: 5.650519371032715
Epoch: 7190, Loss: 5.669460296630859
Test acc: 0.0588, IC acc: 0.0705, IC acc2: 0.0037, IW acc: 0.0031
Epoch: 7191, Loss: 5.649447917938232
Epoch: 7192, Loss: 5.657695770263672
Epoch: 7193, Loss: 5.675522804260254
Epoch: 7194, Loss: 5.655606746673584
Epoch: 7195, Loss: 5.665395736694336
Epoch: 7196, Loss: 5.665433883666992
Epoch: 7197, Loss: 5.671713829040527
Epoch: 7198, Loss: 5.636916160583496
Epoch: 7199, Loss: 5.654543876647949
./circuit_plots/Unrestricted Disentangled|Readout|CN=1|B0=0|B1=1|K=1280|L=320|p_B=0.75|p_C=0.75|B=2|eps=0|35ad5445-c154-4cea-8e18-983bdf361c37/ already exists.
./circuit_plots/Unrestricted Disentangled|Readout|CN=1|B0=0|B1=1|K=1280|L=320|p_B=0.75|p_C=0.75|B=2|eps=0|35ad5445-c154-4cea-8e18-983bdf361c37/ already exists.
./circuit_plots/Unrestricted Disentangled|Readout|CN=1|B0=0|B1=1|K=1280|L=320|p_B=0.75|p_C=0.75|B=2|eps=0|35ad5445-c154-4cea-8e18-983bdf361c37/ already exists.
./circuit_plots/Unrestricted Disentangled|Readout|CN=1|B0=0|B1=1|K=1280|L=320|p_B=0.75|p_C=0.75|B=2|eps=0|35ad5445-c154-4cea-8e18-983bdf361c37/ already exists.
./circuit_plots/Unrestricted Disentangled|Readout|CN=1|B0=0|B1=1|K=1280|L=320|p_B=0.75|p_C=0.75|B=2|eps=0|35ad5445-c154-4cea-8e18-983bdf361c37/ already exists.
./circuit_plots/Unrestricted Disentangled|Readout|CN=1|B0=0|B1=1|K=1280|L=320|p_B=0.75|p_C=0.75|B=2|eps=0|35ad5445-c154-4cea-8e18-983bdf361c37/ already exists.
./circuit_plots/Unrestricted Disentangled|Readout|CN=1|B0=0|B1=1|K=1280|L=320|p_B=0.75|p_C=0.75|B=2|eps=0|35ad5445-c154-4cea-8e18-983bdf361c37/ already exists.
Epoch: 7200, Loss: 5.662247657775879
Test acc: 0.0586, IC acc: 0.0706, IC acc2: 0.0037, IW acc: 0.0031
Epoch: 7201, Loss: 5.664449691772461
Epoch: 7202, Loss: 5.661187171936035
Epoch: 7203, Loss: 5.652979373931885
Epoch: 7204, Loss: 5.649265289306641
Epoch: 7205, Loss: 5.676701545715332
Epoch: 7206, Loss: 5.644434452056885
Epoch: 7207, Loss: 5.654017448425293
Epoch: 7208, Loss: 5.671977519989014
Epoch: 7209, Loss: 5.66055154800415
Epoch: 7210, Loss: 5.676146030426025
Test acc: 0.0588, IC acc: 0.0706, IC acc2: 0.0037, IW acc: 0.0031
Epoch: 7211, Loss: 5.671734809875488
Epoch: 7212, Loss: 5.642951011657715
Epoch: 7213, Loss: 5.660801410675049
Epoch: 7214, Loss: 5.6219305992126465
Epoch: 7215, Loss: 5.673651218414307
Epoch: 7216, Loss: 5.65395975112915
Epoch: 7217, Loss: 5.656966209411621
Epoch: 7218, Loss: 5.659628391265869
Epoch: 7219, Loss: 5.652924537658691
Epoch: 7220, Loss: 5.659100532531738
Test acc: 0.0591, IC acc: 0.0707, IC acc2: 0.0037, IW acc: 0.0031
Epoch: 7221, Loss: 5.645324230194092
Epoch: 7222, Loss: 5.634262561798096
Epoch: 7223, Loss: 5.658232688903809
Epoch: 7224, Loss: 5.656095504760742
Epoch: 7225, Loss: 5.6510233879089355
Epoch: 7226, Loss: 5.670996189117432
Epoch: 7227, Loss: 5.663252353668213
Epoch: 7228, Loss: 5.6785888671875
Epoch: 7229, Loss: 5.657571792602539
Epoch: 7230, Loss: 5.669546127319336
Test acc: 0.059, IC acc: 0.0708, IC acc2: 0.0037, IW acc: 0.0031
Epoch: 7231, Loss: 5.650613784790039
Epoch: 7232, Loss: 5.680115222930908
Epoch: 7233, Loss: 5.646958351135254
Epoch: 7234, Loss: 5.653837203979492
Epoch: 7235, Loss: 5.673367500305176
Epoch: 7236, Loss: 5.6429009437561035
Epoch: 7237, Loss: 5.657905578613281
Epoch: 7238, Loss: 5.633175373077393
Epoch: 7239, Loss: 5.661065101623535
Epoch: 7240, Loss: 5.650158405303955
Test acc: 0.0589, IC acc: 0.0713, IC acc2: 0.0037, IW acc: 0.0031
Epoch: 7241, Loss: 5.665167808532715
Epoch: 7242, Loss: 5.651792526245117
Epoch: 7243, Loss: 5.66795539855957
Epoch: 7244, Loss: 5.645030498504639
Epoch: 7245, Loss: 5.643621444702148
Epoch: 7246, Loss: 5.670368194580078
Epoch: 7247, Loss: 5.649285316467285
Epoch: 7248, Loss: 5.6540069580078125
Epoch: 7249, Loss: 5.645748138427734
./circuit_plots/Unrestricted Disentangled|Readout|CN=1|B0=0|B1=1|K=1280|L=320|p_B=0.75|p_C=0.75|B=2|eps=0|35ad5445-c154-4cea-8e18-983bdf361c37/ already exists.
./circuit_plots/Unrestricted Disentangled|Readout|CN=1|B0=0|B1=1|K=1280|L=320|p_B=0.75|p_C=0.75|B=2|eps=0|35ad5445-c154-4cea-8e18-983bdf361c37/ already exists.
./circuit_plots/Unrestricted Disentangled|Readout|CN=1|B0=0|B1=1|K=1280|L=320|p_B=0.75|p_C=0.75|B=2|eps=0|35ad5445-c154-4cea-8e18-983bdf361c37/ already exists.
./circuit_plots/Unrestricted Disentangled|Readout|CN=1|B0=0|B1=1|K=1280|L=320|p_B=0.75|p_C=0.75|B=2|eps=0|35ad5445-c154-4cea-8e18-983bdf361c37/ already exists.
./circuit_plots/Unrestricted Disentangled|Readout|CN=1|B0=0|B1=1|K=1280|L=320|p_B=0.75|p_C=0.75|B=2|eps=0|35ad5445-c154-4cea-8e18-983bdf361c37/ already exists.
./circuit_plots/Unrestricted Disentangled|Readout|CN=1|B0=0|B1=1|K=1280|L=320|p_B=0.75|p_C=0.75|B=2|eps=0|35ad5445-c154-4cea-8e18-983bdf361c37/ already exists.
./circuit_plots/Unrestricted Disentangled|Readout|CN=1|B0=0|B1=1|K=1280|L=320|p_B=0.75|p_C=0.75|B=2|eps=0|35ad5445-c154-4cea-8e18-983bdf361c37/ already exists.
Epoch: 7250, Loss: 5.649726867675781
Test acc: 0.0592, IC acc: 0.0715, IC acc2: 0.0037, IW acc: 0.0031
Epoch: 7251, Loss: 5.650249004364014
Epoch: 7252, Loss: 5.648771286010742
Epoch: 7253, Loss: 5.6449198722839355
Epoch: 7254, Loss: 5.653111457824707
Epoch: 7255, Loss: 5.667979717254639
Epoch: 7256, Loss: 5.656299591064453
Epoch: 7257, Loss: 5.647461414337158
Epoch: 7258, Loss: 5.659902572631836
Epoch: 7259, Loss: 5.644902229309082
Epoch: 7260, Loss: 5.636233329772949
Test acc: 0.0596, IC acc: 0.0714, IC acc2: 0.0037, IW acc: 0.0031
Epoch: 7261, Loss: 5.6515302658081055
Epoch: 7262, Loss: 5.6774067878723145
Epoch: 7263, Loss: 5.66243839263916
Epoch: 7264, Loss: 5.644035339355469
Epoch: 7265, Loss: 5.648382663726807
Epoch: 7266, Loss: 5.660785675048828
Epoch: 7267, Loss: 5.639095306396484
Epoch: 7268, Loss: 5.642360210418701
Epoch: 7269, Loss: 5.660213947296143
Epoch: 7270, Loss: 5.630275249481201
Test acc: 0.0602, IC acc: 0.0716, IC acc2: 0.0037, IW acc: 0.0031
Epoch: 7271, Loss: 5.636744499206543
Epoch: 7272, Loss: 5.6498517990112305
Epoch: 7273, Loss: 5.65513801574707
Epoch: 7274, Loss: 5.648758888244629
Epoch: 7275, Loss: 5.654277801513672
Epoch: 7276, Loss: 5.665994644165039
Epoch: 7277, Loss: 5.649412155151367
Epoch: 7278, Loss: 5.625391960144043
Epoch: 7279, Loss: 5.649013519287109
Epoch: 7280, Loss: 5.650249004364014
Test acc: 0.0602, IC acc: 0.0718, IC acc2: 0.0037, IW acc: 0.0031
Epoch: 7281, Loss: 5.653303623199463
Epoch: 7282, Loss: 5.635030269622803
Epoch: 7283, Loss: 5.649550437927246
Epoch: 7284, Loss: 5.637310028076172
Epoch: 7285, Loss: 5.661684036254883
Epoch: 7286, Loss: 5.651082515716553
Epoch: 7287, Loss: 5.672003746032715
Epoch: 7288, Loss: 5.65054988861084
Epoch: 7289, Loss: 5.648593902587891
Epoch: 7290, Loss: 5.638041019439697
Test acc: 0.0602, IC acc: 0.0719, IC acc2: 0.0036, IW acc: 0.0031
Epoch: 7291, Loss: 5.648495674133301
Epoch: 7292, Loss: 5.66595458984375
Epoch: 7293, Loss: 5.649629592895508
Epoch: 7294, Loss: 5.663969993591309
Epoch: 7295, Loss: 5.6474833488464355
Epoch: 7296, Loss: 5.6477885246276855
Epoch: 7297, Loss: 5.663079261779785
Epoch: 7298, Loss: 5.661194801330566
Epoch: 7299, Loss: 5.656540393829346
./circuit_plots/Unrestricted Disentangled|Readout|CN=1|B0=0|B1=1|K=1280|L=320|p_B=0.75|p_C=0.75|B=2|eps=0|35ad5445-c154-4cea-8e18-983bdf361c37/ already exists.
./circuit_plots/Unrestricted Disentangled|Readout|CN=1|B0=0|B1=1|K=1280|L=320|p_B=0.75|p_C=0.75|B=2|eps=0|35ad5445-c154-4cea-8e18-983bdf361c37/ already exists.
./circuit_plots/Unrestricted Disentangled|Readout|CN=1|B0=0|B1=1|K=1280|L=320|p_B=0.75|p_C=0.75|B=2|eps=0|35ad5445-c154-4cea-8e18-983bdf361c37/ already exists.
./circuit_plots/Unrestricted Disentangled|Readout|CN=1|B0=0|B1=1|K=1280|L=320|p_B=0.75|p_C=0.75|B=2|eps=0|35ad5445-c154-4cea-8e18-983bdf361c37/ already exists.
./circuit_plots/Unrestricted Disentangled|Readout|CN=1|B0=0|B1=1|K=1280|L=320|p_B=0.75|p_C=0.75|B=2|eps=0|35ad5445-c154-4cea-8e18-983bdf361c37/ already exists.
./circuit_plots/Unrestricted Disentangled|Readout|CN=1|B0=0|B1=1|K=1280|L=320|p_B=0.75|p_C=0.75|B=2|eps=0|35ad5445-c154-4cea-8e18-983bdf361c37/ already exists.
./circuit_plots/Unrestricted Disentangled|Readout|CN=1|B0=0|B1=1|K=1280|L=320|p_B=0.75|p_C=0.75|B=2|eps=0|35ad5445-c154-4cea-8e18-983bdf361c37/ already exists.
Epoch: 7300, Loss: 5.6558122634887695
Test acc: 0.0603, IC acc: 0.0722, IC acc2: 0.0036, IW acc: 0.0031
Epoch: 7301, Loss: 5.6451921463012695
Epoch: 7302, Loss: 5.659328460693359
Epoch: 7303, Loss: 5.659616947174072
Epoch: 7304, Loss: 5.681151390075684
Epoch: 7305, Loss: 5.650452613830566
Epoch: 7306, Loss: 5.627239227294922
Epoch: 7307, Loss: 5.655110836029053
Epoch: 7308, Loss: 5.642322540283203
Epoch: 7309, Loss: 5.646238327026367
Epoch: 7310, Loss: 5.658520698547363
Test acc: 0.0606, IC acc: 0.0723, IC acc2: 0.0036, IW acc: 0.0031
Epoch: 7311, Loss: 5.6553497314453125
Epoch: 7312, Loss: 5.671063423156738
Epoch: 7313, Loss: 5.649545192718506
Epoch: 7314, Loss: 5.656058311462402
Epoch: 7315, Loss: 5.662329196929932
Epoch: 7316, Loss: 5.655758380889893
Epoch: 7317, Loss: 5.662724494934082
Epoch: 7318, Loss: 5.652157783508301
Epoch: 7319, Loss: 5.663885116577148
Epoch: 7320, Loss: 5.656832218170166
Test acc: 0.0608, IC acc: 0.0726, IC acc2: 0.0036, IW acc: 0.0031
Epoch: 7321, Loss: 5.650345802307129
Epoch: 7322, Loss: 5.666286468505859
Epoch: 7323, Loss: 5.632852077484131
Epoch: 7324, Loss: 5.64959192276001
Epoch: 7325, Loss: 5.637452602386475
Epoch: 7326, Loss: 5.661342620849609
Epoch: 7327, Loss: 5.648181438446045
Epoch: 7328, Loss: 5.6670660972595215
Epoch: 7329, Loss: 5.639875888824463
Epoch: 7330, Loss: 5.6587138175964355
Test acc: 0.061, IC acc: 0.0728, IC acc2: 0.0036, IW acc: 0.0031
Epoch: 7331, Loss: 5.660201072692871
Epoch: 7332, Loss: 5.6431427001953125
Epoch: 7333, Loss: 5.675768852233887
Epoch: 7334, Loss: 5.656665325164795
Epoch: 7335, Loss: 5.648957252502441
Epoch: 7336, Loss: 5.664344787597656
Epoch: 7337, Loss: 5.637370586395264
Epoch: 7338, Loss: 5.645108222961426
Epoch: 7339, Loss: 5.670519828796387
Epoch: 7340, Loss: 5.6463823318481445
Test acc: 0.061, IC acc: 0.0729, IC acc2: 0.0036, IW acc: 0.0031
Epoch: 7341, Loss: 5.6396484375
Epoch: 7342, Loss: 5.661040782928467
Epoch: 7343, Loss: 5.641441345214844
Epoch: 7344, Loss: 5.644436836242676
Epoch: 7345, Loss: 5.6558380126953125
Epoch: 7346, Loss: 5.648868560791016
Epoch: 7347, Loss: 5.659406661987305
Epoch: 7348, Loss: 5.6565423011779785
Epoch: 7349, Loss: 5.64915657043457
./circuit_plots/Unrestricted Disentangled|Readout|CN=1|B0=0|B1=1|K=1280|L=320|p_B=0.75|p_C=0.75|B=2|eps=0|35ad5445-c154-4cea-8e18-983bdf361c37/ already exists.
./circuit_plots/Unrestricted Disentangled|Readout|CN=1|B0=0|B1=1|K=1280|L=320|p_B=0.75|p_C=0.75|B=2|eps=0|35ad5445-c154-4cea-8e18-983bdf361c37/ already exists.
./circuit_plots/Unrestricted Disentangled|Readout|CN=1|B0=0|B1=1|K=1280|L=320|p_B=0.75|p_C=0.75|B=2|eps=0|35ad5445-c154-4cea-8e18-983bdf361c37/ already exists.
./circuit_plots/Unrestricted Disentangled|Readout|CN=1|B0=0|B1=1|K=1280|L=320|p_B=0.75|p_C=0.75|B=2|eps=0|35ad5445-c154-4cea-8e18-983bdf361c37/ already exists.
./circuit_plots/Unrestricted Disentangled|Readout|CN=1|B0=0|B1=1|K=1280|L=320|p_B=0.75|p_C=0.75|B=2|eps=0|35ad5445-c154-4cea-8e18-983bdf361c37/ already exists.
./circuit_plots/Unrestricted Disentangled|Readout|CN=1|B0=0|B1=1|K=1280|L=320|p_B=0.75|p_C=0.75|B=2|eps=0|35ad5445-c154-4cea-8e18-983bdf361c37/ already exists.
./circuit_plots/Unrestricted Disentangled|Readout|CN=1|B0=0|B1=1|K=1280|L=320|p_B=0.75|p_C=0.75|B=2|eps=0|35ad5445-c154-4cea-8e18-983bdf361c37/ already exists.
Epoch: 7350, Loss: 5.650637149810791
Test acc: 0.061, IC acc: 0.0731, IC acc2: 0.0036, IW acc: 0.0031
Epoch: 7351, Loss: 5.646975517272949
Epoch: 7352, Loss: 5.667974472045898
Epoch: 7353, Loss: 5.643935680389404
Epoch: 7354, Loss: 5.6688995361328125
Epoch: 7355, Loss: 5.650313377380371
Epoch: 7356, Loss: 5.65655517578125
Epoch: 7357, Loss: 5.646831512451172
Epoch: 7358, Loss: 5.6555328369140625
Epoch: 7359, Loss: 5.659294605255127
Epoch: 7360, Loss: 5.658316612243652
Test acc: 0.0612, IC acc: 0.0732, IC acc2: 0.0036, IW acc: 0.0031
Epoch: 7361, Loss: 5.6593146324157715
Epoch: 7362, Loss: 5.642560005187988
Epoch: 7363, Loss: 5.6654558181762695
Epoch: 7364, Loss: 5.661678314208984
Epoch: 7365, Loss: 5.66911506652832
Epoch: 7366, Loss: 5.6400861740112305
Epoch: 7367, Loss: 5.655231475830078
Epoch: 7368, Loss: 5.652979850769043
Epoch: 7369, Loss: 5.649816513061523
Epoch: 7370, Loss: 5.671869277954102
Test acc: 0.0615, IC acc: 0.0734, IC acc2: 0.0036, IW acc: 0.0031
Epoch: 7371, Loss: 5.654082298278809
Epoch: 7372, Loss: 5.674041748046875
Epoch: 7373, Loss: 5.676656246185303
Epoch: 7374, Loss: 5.6501922607421875
Epoch: 7375, Loss: 5.663368225097656
Epoch: 7376, Loss: 5.630254745483398
Epoch: 7377, Loss: 5.653289794921875
Epoch: 7378, Loss: 5.674981594085693
Epoch: 7379, Loss: 5.658999919891357
Epoch: 7380, Loss: 5.634778022766113
Test acc: 0.0614, IC acc: 0.0733, IC acc2: 0.0036, IW acc: 0.0031
Epoch: 7381, Loss: 5.63779354095459
Epoch: 7382, Loss: 5.68214225769043
Epoch: 7383, Loss: 5.662949085235596
Epoch: 7384, Loss: 5.671787738800049
Epoch: 7385, Loss: 5.6519880294799805
Epoch: 7386, Loss: 5.681374549865723
Epoch: 7387, Loss: 5.650634765625
Epoch: 7388, Loss: 5.667614459991455
Epoch: 7389, Loss: 5.656535625457764
Epoch: 7390, Loss: 5.652223587036133
Test acc: 0.0617, IC acc: 0.0737, IC acc2: 0.0035, IW acc: 0.0031
Epoch: 7391, Loss: 5.645762920379639
Epoch: 7392, Loss: 5.639596939086914
Epoch: 7393, Loss: 5.664826393127441
Epoch: 7394, Loss: 5.672933578491211
Epoch: 7395, Loss: 5.655652046203613
Epoch: 7396, Loss: 5.658926963806152
Epoch: 7397, Loss: 5.666428565979004
Epoch: 7398, Loss: 5.652322769165039
Epoch: 7399, Loss: 5.654238700866699
./circuit_plots/Unrestricted Disentangled|Readout|CN=1|B0=0|B1=1|K=1280|L=320|p_B=0.75|p_C=0.75|B=2|eps=0|35ad5445-c154-4cea-8e18-983bdf361c37/ already exists.
./circuit_plots/Unrestricted Disentangled|Readout|CN=1|B0=0|B1=1|K=1280|L=320|p_B=0.75|p_C=0.75|B=2|eps=0|35ad5445-c154-4cea-8e18-983bdf361c37/ already exists.
./circuit_plots/Unrestricted Disentangled|Readout|CN=1|B0=0|B1=1|K=1280|L=320|p_B=0.75|p_C=0.75|B=2|eps=0|35ad5445-c154-4cea-8e18-983bdf361c37/ already exists.
./circuit_plots/Unrestricted Disentangled|Readout|CN=1|B0=0|B1=1|K=1280|L=320|p_B=0.75|p_C=0.75|B=2|eps=0|35ad5445-c154-4cea-8e18-983bdf361c37/ already exists.
./circuit_plots/Unrestricted Disentangled|Readout|CN=1|B0=0|B1=1|K=1280|L=320|p_B=0.75|p_C=0.75|B=2|eps=0|35ad5445-c154-4cea-8e18-983bdf361c37/ already exists.
./circuit_plots/Unrestricted Disentangled|Readout|CN=1|B0=0|B1=1|K=1280|L=320|p_B=0.75|p_C=0.75|B=2|eps=0|35ad5445-c154-4cea-8e18-983bdf361c37/ already exists.
./circuit_plots/Unrestricted Disentangled|Readout|CN=1|B0=0|B1=1|K=1280|L=320|p_B=0.75|p_C=0.75|B=2|eps=0|35ad5445-c154-4cea-8e18-983bdf361c37/ already exists.
Epoch: 7400, Loss: 5.652258396148682
Test acc: 0.0619, IC acc: 0.0738, IC acc2: 0.0035, IW acc: 0.0031
Epoch: 7401, Loss: 5.647324085235596
Epoch: 7402, Loss: 5.650871276855469
Epoch: 7403, Loss: 5.648712158203125
Epoch: 7404, Loss: 5.663080215454102
Epoch: 7405, Loss: 5.653618812561035
Epoch: 7406, Loss: 5.651174545288086
Epoch: 7407, Loss: 5.65367317199707
Epoch: 7408, Loss: 5.648706436157227
Epoch: 7409, Loss: 5.638075351715088
Epoch: 7410, Loss: 5.648520469665527
Test acc: 0.0619, IC acc: 0.0743, IC acc2: 0.0036, IW acc: 0.0031
Epoch: 7411, Loss: 5.644182205200195
Epoch: 7412, Loss: 5.654244422912598
Epoch: 7413, Loss: 5.669376373291016
Epoch: 7414, Loss: 5.629687309265137
Epoch: 7415, Loss: 5.642550468444824
Epoch: 7416, Loss: 5.667657375335693
Epoch: 7417, Loss: 5.659295082092285
Epoch: 7418, Loss: 5.6390180587768555
Epoch: 7419, Loss: 5.65989875793457
Epoch: 7420, Loss: 5.669547080993652
Test acc: 0.0617, IC acc: 0.0744, IC acc2: 0.0036, IW acc: 0.0031
Epoch: 7421, Loss: 5.647178649902344
Epoch: 7422, Loss: 5.651597023010254
Epoch: 7423, Loss: 5.649771213531494
Epoch: 7424, Loss: 5.66817569732666
Epoch: 7425, Loss: 5.6550703048706055
Epoch: 7426, Loss: 5.662044525146484
Epoch: 7427, Loss: 5.656872749328613
Epoch: 7428, Loss: 5.666261672973633
Epoch: 7429, Loss: 5.643738746643066
Epoch: 7430, Loss: 5.648921966552734
Test acc: 0.062, IC acc: 0.0748, IC acc2: 0.0037, IW acc: 0.0031
Epoch: 7431, Loss: 5.638691425323486
Epoch: 7432, Loss: 5.644869804382324
Epoch: 7433, Loss: 5.647052764892578
Epoch: 7434, Loss: 5.65708589553833
Epoch: 7435, Loss: 5.6547346115112305
Epoch: 7436, Loss: 5.649357318878174
Epoch: 7437, Loss: 5.643661022186279
Epoch: 7438, Loss: 5.659506797790527
Epoch: 7439, Loss: 5.657990455627441
Epoch: 7440, Loss: 5.644553184509277
Test acc: 0.0619, IC acc: 0.0751, IC acc2: 0.0035, IW acc: 0.0031
Epoch: 7441, Loss: 5.653149127960205
Epoch: 7442, Loss: 5.665467739105225
Epoch: 7443, Loss: 5.6520562171936035
Epoch: 7444, Loss: 5.648275375366211
Epoch: 7445, Loss: 5.65748929977417
Epoch: 7446, Loss: 5.670581340789795
Epoch: 7447, Loss: 5.668874263763428
Epoch: 7448, Loss: 5.654834747314453
Epoch: 7449, Loss: 5.661455154418945
./circuit_plots/Unrestricted Disentangled|Readout|CN=1|B0=0|B1=1|K=1280|L=320|p_B=0.75|p_C=0.75|B=2|eps=0|35ad5445-c154-4cea-8e18-983bdf361c37/ already exists.
./circuit_plots/Unrestricted Disentangled|Readout|CN=1|B0=0|B1=1|K=1280|L=320|p_B=0.75|p_C=0.75|B=2|eps=0|35ad5445-c154-4cea-8e18-983bdf361c37/ already exists.
./circuit_plots/Unrestricted Disentangled|Readout|CN=1|B0=0|B1=1|K=1280|L=320|p_B=0.75|p_C=0.75|B=2|eps=0|35ad5445-c154-4cea-8e18-983bdf361c37/ already exists.
./circuit_plots/Unrestricted Disentangled|Readout|CN=1|B0=0|B1=1|K=1280|L=320|p_B=0.75|p_C=0.75|B=2|eps=0|35ad5445-c154-4cea-8e18-983bdf361c37/ already exists.
./circuit_plots/Unrestricted Disentangled|Readout|CN=1|B0=0|B1=1|K=1280|L=320|p_B=0.75|p_C=0.75|B=2|eps=0|35ad5445-c154-4cea-8e18-983bdf361c37/ already exists.
./circuit_plots/Unrestricted Disentangled|Readout|CN=1|B0=0|B1=1|K=1280|L=320|p_B=0.75|p_C=0.75|B=2|eps=0|35ad5445-c154-4cea-8e18-983bdf361c37/ already exists.
./circuit_plots/Unrestricted Disentangled|Readout|CN=1|B0=0|B1=1|K=1280|L=320|p_B=0.75|p_C=0.75|B=2|eps=0|35ad5445-c154-4cea-8e18-983bdf361c37/ already exists.
Epoch: 7450, Loss: 5.663945198059082
Test acc: 0.062, IC acc: 0.075, IC acc2: 0.0037, IW acc: 0.0031
Epoch: 7451, Loss: 5.638309001922607
Epoch: 7452, Loss: 5.669022560119629
Epoch: 7453, Loss: 5.663083076477051
Epoch: 7454, Loss: 5.644148349761963
Epoch: 7455, Loss: 5.649298667907715
Epoch: 7456, Loss: 5.659632205963135
Epoch: 7457, Loss: 5.667812347412109
Epoch: 7458, Loss: 5.649765968322754
Epoch: 7459, Loss: 5.66123628616333
Epoch: 7460, Loss: 5.6679277420043945
Test acc: 0.0622, IC acc: 0.075, IC acc2: 0.0037, IW acc: 0.0031
Epoch: 7461, Loss: 5.652794361114502
Epoch: 7462, Loss: 5.655505657196045
Epoch: 7463, Loss: 5.6366705894470215
Epoch: 7464, Loss: 5.6518449783325195
Epoch: 7465, Loss: 5.659266471862793
Epoch: 7466, Loss: 5.658382415771484
Epoch: 7467, Loss: 5.65829610824585
Epoch: 7468, Loss: 5.651881217956543
Epoch: 7469, Loss: 5.651801109313965
Epoch: 7470, Loss: 5.664524555206299
Test acc: 0.0626, IC acc: 0.0755, IC acc2: 0.0037, IW acc: 0.0031
Epoch: 7471, Loss: 5.662951469421387
Epoch: 7472, Loss: 5.663742542266846
Epoch: 7473, Loss: 5.649160385131836
Epoch: 7474, Loss: 5.662533760070801
Epoch: 7475, Loss: 5.646660804748535
Epoch: 7476, Loss: 5.648337364196777
Epoch: 7477, Loss: 5.664919853210449
Epoch: 7478, Loss: 5.6711530685424805
Epoch: 7479, Loss: 5.657193660736084
Epoch: 7480, Loss: 5.626266956329346
Test acc: 0.063, IC acc: 0.0757, IC acc2: 0.0036, IW acc: 0.0031
Epoch: 7481, Loss: 5.676778793334961
Epoch: 7482, Loss: 5.64553689956665
Epoch: 7483, Loss: 5.652507781982422
Epoch: 7484, Loss: 5.642462730407715
Epoch: 7485, Loss: 5.680873870849609
Epoch: 7486, Loss: 5.641271114349365
Epoch: 7487, Loss: 5.661362648010254
Epoch: 7488, Loss: 5.652305603027344
Epoch: 7489, Loss: 5.658323764801025
Epoch: 7490, Loss: 5.6665544509887695
Test acc: 0.0627, IC acc: 0.0757, IC acc2: 0.0037, IW acc: 0.0031
Epoch: 7491, Loss: 5.6393022537231445
Epoch: 7492, Loss: 5.6407880783081055
Epoch: 7493, Loss: 5.668472766876221
Epoch: 7494, Loss: 5.657334327697754
Epoch: 7495, Loss: 5.6504292488098145
Epoch: 7496, Loss: 5.638082981109619
Epoch: 7497, Loss: 5.647647857666016
Epoch: 7498, Loss: 5.6392621994018555
Epoch: 7499, Loss: 5.663232803344727
./circuit_plots/Unrestricted Disentangled|Readout|CN=1|B0=0|B1=1|K=1280|L=320|p_B=0.75|p_C=0.75|B=2|eps=0|35ad5445-c154-4cea-8e18-983bdf361c37/ already exists.
./circuit_plots/Unrestricted Disentangled|Readout|CN=1|B0=0|B1=1|K=1280|L=320|p_B=0.75|p_C=0.75|B=2|eps=0|35ad5445-c154-4cea-8e18-983bdf361c37/ already exists.
./circuit_plots/Unrestricted Disentangled|Readout|CN=1|B0=0|B1=1|K=1280|L=320|p_B=0.75|p_C=0.75|B=2|eps=0|35ad5445-c154-4cea-8e18-983bdf361c37/ already exists.
./circuit_plots/Unrestricted Disentangled|Readout|CN=1|B0=0|B1=1|K=1280|L=320|p_B=0.75|p_C=0.75|B=2|eps=0|35ad5445-c154-4cea-8e18-983bdf361c37/ already exists.
./circuit_plots/Unrestricted Disentangled|Readout|CN=1|B0=0|B1=1|K=1280|L=320|p_B=0.75|p_C=0.75|B=2|eps=0|35ad5445-c154-4cea-8e18-983bdf361c37/ already exists.
./circuit_plots/Unrestricted Disentangled|Readout|CN=1|B0=0|B1=1|K=1280|L=320|p_B=0.75|p_C=0.75|B=2|eps=0|35ad5445-c154-4cea-8e18-983bdf361c37/ already exists.
./circuit_plots/Unrestricted Disentangled|Readout|CN=1|B0=0|B1=1|K=1280|L=320|p_B=0.75|p_C=0.75|B=2|eps=0|35ad5445-c154-4cea-8e18-983bdf361c37/ already exists.
Epoch: 7500, Loss: 5.65440559387207
Test acc: 0.0632, IC acc: 0.0754, IC acc2: 0.0036, IW acc: 0.0031
Epoch: 7501, Loss: 5.668665885925293
Epoch: 7502, Loss: 5.646295547485352
Epoch: 7503, Loss: 5.644901275634766
Epoch: 7504, Loss: 5.645840644836426
Epoch: 7505, Loss: 5.661827087402344
Epoch: 7506, Loss: 5.642159461975098
Epoch: 7507, Loss: 5.652327060699463
Epoch: 7508, Loss: 5.663294792175293
Epoch: 7509, Loss: 5.658423900604248
Epoch: 7510, Loss: 5.639545440673828
Test acc: 0.0632, IC acc: 0.0756, IC acc2: 0.0036, IW acc: 0.0031
Epoch: 7511, Loss: 5.6365203857421875
Epoch: 7512, Loss: 5.654870986938477
Epoch: 7513, Loss: 5.6404924392700195
Epoch: 7514, Loss: 5.649757385253906
Epoch: 7515, Loss: 5.669305324554443
Epoch: 7516, Loss: 5.636452674865723
Epoch: 7517, Loss: 5.657462120056152
Epoch: 7518, Loss: 5.674498558044434
Epoch: 7519, Loss: 5.668406009674072
Epoch: 7520, Loss: 5.630149841308594
Test acc: 0.0631, IC acc: 0.0758, IC acc2: 0.0036, IW acc: 0.0032
Epoch: 7521, Loss: 5.64178466796875
Epoch: 7522, Loss: 5.650198936462402
Epoch: 7523, Loss: 5.64304780960083
Epoch: 7524, Loss: 5.652304172515869
Epoch: 7525, Loss: 5.665912628173828
Epoch: 7526, Loss: 5.647895336151123
Epoch: 7527, Loss: 5.675797462463379
Epoch: 7528, Loss: 5.678481101989746
Epoch: 7529, Loss: 5.657060623168945
Epoch: 7530, Loss: 5.644789218902588
Test acc: 0.0632, IC acc: 0.0761, IC acc2: 0.0036, IW acc: 0.0032
Epoch: 7531, Loss: 5.6709794998168945
Epoch: 7532, Loss: 5.628942012786865
Epoch: 7533, Loss: 5.648703575134277
Epoch: 7534, Loss: 5.619414329528809
Epoch: 7535, Loss: 5.64857292175293
Epoch: 7536, Loss: 5.669987678527832
Epoch: 7537, Loss: 5.659961700439453
Epoch: 7538, Loss: 5.655660629272461
Epoch: 7539, Loss: 5.657461643218994
Epoch: 7540, Loss: 5.642848014831543
Test acc: 0.0633, IC acc: 0.076, IC acc2: 0.0036, IW acc: 0.0032
Epoch: 7541, Loss: 5.67234992980957
Epoch: 7542, Loss: 5.657151222229004
Epoch: 7543, Loss: 5.647790431976318
Epoch: 7544, Loss: 5.654763698577881
Epoch: 7545, Loss: 5.648951053619385
Epoch: 7546, Loss: 5.647275447845459
Epoch: 7547, Loss: 5.627198219299316
Epoch: 7548, Loss: 5.666363716125488
Epoch: 7549, Loss: 5.6642866134643555
./circuit_plots/Unrestricted Disentangled|Readout|CN=1|B0=0|B1=1|K=1280|L=320|p_B=0.75|p_C=0.75|B=2|eps=0|35ad5445-c154-4cea-8e18-983bdf361c37/ already exists.
./circuit_plots/Unrestricted Disentangled|Readout|CN=1|B0=0|B1=1|K=1280|L=320|p_B=0.75|p_C=0.75|B=2|eps=0|35ad5445-c154-4cea-8e18-983bdf361c37/ already exists.
./circuit_plots/Unrestricted Disentangled|Readout|CN=1|B0=0|B1=1|K=1280|L=320|p_B=0.75|p_C=0.75|B=2|eps=0|35ad5445-c154-4cea-8e18-983bdf361c37/ already exists.
./circuit_plots/Unrestricted Disentangled|Readout|CN=1|B0=0|B1=1|K=1280|L=320|p_B=0.75|p_C=0.75|B=2|eps=0|35ad5445-c154-4cea-8e18-983bdf361c37/ already exists.
./circuit_plots/Unrestricted Disentangled|Readout|CN=1|B0=0|B1=1|K=1280|L=320|p_B=0.75|p_C=0.75|B=2|eps=0|35ad5445-c154-4cea-8e18-983bdf361c37/ already exists.
./circuit_plots/Unrestricted Disentangled|Readout|CN=1|B0=0|B1=1|K=1280|L=320|p_B=0.75|p_C=0.75|B=2|eps=0|35ad5445-c154-4cea-8e18-983bdf361c37/ already exists.
./circuit_plots/Unrestricted Disentangled|Readout|CN=1|B0=0|B1=1|K=1280|L=320|p_B=0.75|p_C=0.75|B=2|eps=0|35ad5445-c154-4cea-8e18-983bdf361c37/ already exists.
Epoch: 7550, Loss: 5.654788017272949
Test acc: 0.0635, IC acc: 0.0763, IC acc2: 0.0036, IW acc: 0.0032
Epoch: 7551, Loss: 5.643694877624512
Epoch: 7552, Loss: 5.648326873779297
Epoch: 7553, Loss: 5.646200180053711
Epoch: 7554, Loss: 5.649816513061523
Epoch: 7555, Loss: 5.63072395324707
Epoch: 7556, Loss: 5.664884567260742
Epoch: 7557, Loss: 5.673638343811035
Epoch: 7558, Loss: 5.637270450592041
Epoch: 7559, Loss: 5.641263961791992
Epoch: 7560, Loss: 5.643431663513184
Test acc: 0.0634, IC acc: 0.0762, IC acc2: 0.0036, IW acc: 0.0032
Epoch: 7561, Loss: 5.659256935119629
Epoch: 7562, Loss: 5.632145881652832
Epoch: 7563, Loss: 5.638184547424316
Epoch: 7564, Loss: 5.644742965698242
Epoch: 7565, Loss: 5.661733627319336
Epoch: 7566, Loss: 5.65765380859375
Epoch: 7567, Loss: 5.667141914367676
Epoch: 7568, Loss: 5.649214267730713
Epoch: 7569, Loss: 5.655308723449707
Epoch: 7570, Loss: 5.633742332458496
Test acc: 0.0633, IC acc: 0.0768, IC acc2: 0.0036, IW acc: 0.0032
Epoch: 7571, Loss: 5.6497578620910645
Epoch: 7572, Loss: 5.645578384399414
Epoch: 7573, Loss: 5.657263278961182
Epoch: 7574, Loss: 5.636231422424316
Epoch: 7575, Loss: 5.6445770263671875
Epoch: 7576, Loss: 5.653288841247559
Epoch: 7577, Loss: 5.647883415222168
Epoch: 7578, Loss: 5.661155700683594
Epoch: 7579, Loss: 5.66531229019165
Epoch: 7580, Loss: 5.644565582275391
Test acc: 0.0636, IC acc: 0.0768, IC acc2: 0.0036, IW acc: 0.0032
Epoch: 7581, Loss: 5.64925479888916
Epoch: 7582, Loss: 5.648047924041748
Epoch: 7583, Loss: 5.648358345031738
Epoch: 7584, Loss: 5.651366233825684
Epoch: 7585, Loss: 5.645859718322754
Epoch: 7586, Loss: 5.681909561157227
Epoch: 7587, Loss: 5.661259651184082
Epoch: 7588, Loss: 5.653746604919434
Epoch: 7589, Loss: 5.647733688354492
Epoch: 7590, Loss: 5.66141414642334
Test acc: 0.0639, IC acc: 0.077, IC acc2: 0.0036, IW acc: 0.0032
Epoch: 7591, Loss: 5.645635604858398
Epoch: 7592, Loss: 5.644704341888428
Epoch: 7593, Loss: 5.645406723022461
Epoch: 7594, Loss: 5.652389049530029
Epoch: 7595, Loss: 5.647293567657471
Epoch: 7596, Loss: 5.642873764038086
Epoch: 7597, Loss: 5.6691694259643555
Epoch: 7598, Loss: 5.658973693847656
Epoch: 7599, Loss: 5.653622627258301
./circuit_plots/Unrestricted Disentangled|Readout|CN=1|B0=0|B1=1|K=1280|L=320|p_B=0.75|p_C=0.75|B=2|eps=0|35ad5445-c154-4cea-8e18-983bdf361c37/ already exists.
./circuit_plots/Unrestricted Disentangled|Readout|CN=1|B0=0|B1=1|K=1280|L=320|p_B=0.75|p_C=0.75|B=2|eps=0|35ad5445-c154-4cea-8e18-983bdf361c37/ already exists.
./circuit_plots/Unrestricted Disentangled|Readout|CN=1|B0=0|B1=1|K=1280|L=320|p_B=0.75|p_C=0.75|B=2|eps=0|35ad5445-c154-4cea-8e18-983bdf361c37/ already exists.
./circuit_plots/Unrestricted Disentangled|Readout|CN=1|B0=0|B1=1|K=1280|L=320|p_B=0.75|p_C=0.75|B=2|eps=0|35ad5445-c154-4cea-8e18-983bdf361c37/ already exists.
./circuit_plots/Unrestricted Disentangled|Readout|CN=1|B0=0|B1=1|K=1280|L=320|p_B=0.75|p_C=0.75|B=2|eps=0|35ad5445-c154-4cea-8e18-983bdf361c37/ already exists.
./circuit_plots/Unrestricted Disentangled|Readout|CN=1|B0=0|B1=1|K=1280|L=320|p_B=0.75|p_C=0.75|B=2|eps=0|35ad5445-c154-4cea-8e18-983bdf361c37/ already exists.
./circuit_plots/Unrestricted Disentangled|Readout|CN=1|B0=0|B1=1|K=1280|L=320|p_B=0.75|p_C=0.75|B=2|eps=0|35ad5445-c154-4cea-8e18-983bdf361c37/ already exists.
Epoch: 7600, Loss: 5.6575751304626465
Test acc: 0.064, IC acc: 0.0771, IC acc2: 0.0036, IW acc: 0.0032
Epoch: 7601, Loss: 5.644667625427246
Epoch: 7602, Loss: 5.635306358337402
Epoch: 7603, Loss: 5.629415512084961
Epoch: 7604, Loss: 5.657460689544678
Epoch: 7605, Loss: 5.662277698516846
Epoch: 7606, Loss: 5.638265609741211
Epoch: 7607, Loss: 5.658304214477539
Epoch: 7608, Loss: 5.641480445861816
Epoch: 7609, Loss: 5.662870407104492
Epoch: 7610, Loss: 5.656172275543213
Test acc: 0.0639, IC acc: 0.0774, IC acc2: 0.0036, IW acc: 0.0032
Epoch: 7611, Loss: 5.646540641784668
Epoch: 7612, Loss: 5.671996116638184
Epoch: 7613, Loss: 5.647968292236328
Epoch: 7614, Loss: 5.654747009277344
Epoch: 7615, Loss: 5.652932167053223
Epoch: 7616, Loss: 5.652266502380371
Epoch: 7617, Loss: 5.648265838623047
Epoch: 7618, Loss: 5.6504807472229
Epoch: 7619, Loss: 5.6637492179870605
Epoch: 7620, Loss: 5.647624969482422
Test acc: 0.0643, IC acc: 0.0774, IC acc2: 0.0036, IW acc: 0.0032
Epoch: 7621, Loss: 5.656492233276367
Epoch: 7622, Loss: 5.652993202209473
Epoch: 7623, Loss: 5.651971817016602
Epoch: 7624, Loss: 5.638700485229492
Epoch: 7625, Loss: 5.653648853302002
Epoch: 7626, Loss: 5.650549411773682
Epoch: 7627, Loss: 5.6446356773376465
Epoch: 7628, Loss: 5.617361545562744
Epoch: 7629, Loss: 5.6392974853515625
Epoch: 7630, Loss: 5.6436991691589355
Test acc: 0.0643, IC acc: 0.0777, IC acc2: 0.0036, IW acc: 0.0032
Epoch: 7631, Loss: 5.642529010772705
Epoch: 7632, Loss: 5.6512041091918945
Epoch: 7633, Loss: 5.644640922546387
Epoch: 7634, Loss: 5.650286674499512
Epoch: 7635, Loss: 5.6613569259643555
Epoch: 7636, Loss: 5.667877197265625
Epoch: 7637, Loss: 5.632796287536621
Epoch: 7638, Loss: 5.641242027282715
Epoch: 7639, Loss: 5.634732246398926
Epoch: 7640, Loss: 5.642877578735352
Test acc: 0.0645, IC acc: 0.0778, IC acc2: 0.0036, IW acc: 0.0032
Epoch: 7641, Loss: 5.632672309875488
Epoch: 7642, Loss: 5.641573429107666
Epoch: 7643, Loss: 5.655670166015625
Epoch: 7644, Loss: 5.648638725280762
Epoch: 7645, Loss: 5.649921894073486
Epoch: 7646, Loss: 5.64499568939209
Epoch: 7647, Loss: 5.6519856452941895
Epoch: 7648, Loss: 5.641794204711914
Epoch: 7649, Loss: 5.644124984741211
./circuit_plots/Unrestricted Disentangled|Readout|CN=1|B0=0|B1=1|K=1280|L=320|p_B=0.75|p_C=0.75|B=2|eps=0|35ad5445-c154-4cea-8e18-983bdf361c37/ already exists.
./circuit_plots/Unrestricted Disentangled|Readout|CN=1|B0=0|B1=1|K=1280|L=320|p_B=0.75|p_C=0.75|B=2|eps=0|35ad5445-c154-4cea-8e18-983bdf361c37/ already exists.
./circuit_plots/Unrestricted Disentangled|Readout|CN=1|B0=0|B1=1|K=1280|L=320|p_B=0.75|p_C=0.75|B=2|eps=0|35ad5445-c154-4cea-8e18-983bdf361c37/ already exists.
./circuit_plots/Unrestricted Disentangled|Readout|CN=1|B0=0|B1=1|K=1280|L=320|p_B=0.75|p_C=0.75|B=2|eps=0|35ad5445-c154-4cea-8e18-983bdf361c37/ already exists.
./circuit_plots/Unrestricted Disentangled|Readout|CN=1|B0=0|B1=1|K=1280|L=320|p_B=0.75|p_C=0.75|B=2|eps=0|35ad5445-c154-4cea-8e18-983bdf361c37/ already exists.
./circuit_plots/Unrestricted Disentangled|Readout|CN=1|B0=0|B1=1|K=1280|L=320|p_B=0.75|p_C=0.75|B=2|eps=0|35ad5445-c154-4cea-8e18-983bdf361c37/ already exists.
./circuit_plots/Unrestricted Disentangled|Readout|CN=1|B0=0|B1=1|K=1280|L=320|p_B=0.75|p_C=0.75|B=2|eps=0|35ad5445-c154-4cea-8e18-983bdf361c37/ already exists.
Epoch: 7650, Loss: 5.630274772644043
Test acc: 0.0647, IC acc: 0.0777, IC acc2: 0.0036, IW acc: 0.0032
Epoch: 7651, Loss: 5.671745777130127
Epoch: 7652, Loss: 5.616430282592773
Epoch: 7653, Loss: 5.652973651885986
Epoch: 7654, Loss: 5.660937786102295
Epoch: 7655, Loss: 5.64620304107666
Epoch: 7656, Loss: 5.631059646606445
Epoch: 7657, Loss: 5.632785797119141
Epoch: 7658, Loss: 5.646784782409668
Epoch: 7659, Loss: 5.649824619293213
Epoch: 7660, Loss: 5.661916732788086
Test acc: 0.0646, IC acc: 0.078, IC acc2: 0.0036, IW acc: 0.0032
Epoch: 7661, Loss: 5.6339640617370605
Epoch: 7662, Loss: 5.673038005828857
Epoch: 7663, Loss: 5.663114547729492
Epoch: 7664, Loss: 5.674997329711914
Epoch: 7665, Loss: 5.6370463371276855
Epoch: 7666, Loss: 5.652434349060059
Epoch: 7667, Loss: 5.635466575622559
Epoch: 7668, Loss: 5.655418395996094
Epoch: 7669, Loss: 5.644903182983398
Epoch: 7670, Loss: 5.644283294677734
Test acc: 0.065, IC acc: 0.0784, IC acc2: 0.0037, IW acc: 0.0031
Epoch: 7671, Loss: 5.653558254241943
Epoch: 7672, Loss: 5.660819053649902
Epoch: 7673, Loss: 5.650443077087402
Epoch: 7674, Loss: 5.656720161437988
Epoch: 7675, Loss: 5.656184196472168
Epoch: 7676, Loss: 5.674178600311279
Epoch: 7677, Loss: 5.648767471313477
Epoch: 7678, Loss: 5.64571475982666
Epoch: 7679, Loss: 5.663959980010986
Epoch: 7680, Loss: 5.639044761657715
Test acc: 0.065, IC acc: 0.078, IC acc2: 0.0037, IW acc: 0.0031
Epoch: 7681, Loss: 5.640280723571777
Epoch: 7682, Loss: 5.642498016357422
Epoch: 7683, Loss: 5.627429008483887
Epoch: 7684, Loss: 5.6532883644104
Epoch: 7685, Loss: 5.650347709655762
Epoch: 7686, Loss: 5.657634258270264
Epoch: 7687, Loss: 5.668094635009766
Epoch: 7688, Loss: 5.647080421447754
Epoch: 7689, Loss: 5.6404571533203125
Epoch: 7690, Loss: 5.639771461486816
Test acc: 0.0651, IC acc: 0.0782, IC acc2: 0.0037, IW acc: 0.0031
Epoch: 7691, Loss: 5.676530838012695
Epoch: 7692, Loss: 5.659570217132568
Epoch: 7693, Loss: 5.648543357849121
Epoch: 7694, Loss: 5.654854774475098
Epoch: 7695, Loss: 5.650014877319336
Epoch: 7696, Loss: 5.636734485626221
Epoch: 7697, Loss: 5.661199569702148
Epoch: 7698, Loss: 5.642313480377197
Epoch: 7699, Loss: 5.649145126342773
./circuit_plots/Unrestricted Disentangled|Readout|CN=1|B0=0|B1=1|K=1280|L=320|p_B=0.75|p_C=0.75|B=2|eps=0|35ad5445-c154-4cea-8e18-983bdf361c37/ already exists.
./circuit_plots/Unrestricted Disentangled|Readout|CN=1|B0=0|B1=1|K=1280|L=320|p_B=0.75|p_C=0.75|B=2|eps=0|35ad5445-c154-4cea-8e18-983bdf361c37/ already exists.
./circuit_plots/Unrestricted Disentangled|Readout|CN=1|B0=0|B1=1|K=1280|L=320|p_B=0.75|p_C=0.75|B=2|eps=0|35ad5445-c154-4cea-8e18-983bdf361c37/ already exists.
./circuit_plots/Unrestricted Disentangled|Readout|CN=1|B0=0|B1=1|K=1280|L=320|p_B=0.75|p_C=0.75|B=2|eps=0|35ad5445-c154-4cea-8e18-983bdf361c37/ already exists.
./circuit_plots/Unrestricted Disentangled|Readout|CN=1|B0=0|B1=1|K=1280|L=320|p_B=0.75|p_C=0.75|B=2|eps=0|35ad5445-c154-4cea-8e18-983bdf361c37/ already exists.
./circuit_plots/Unrestricted Disentangled|Readout|CN=1|B0=0|B1=1|K=1280|L=320|p_B=0.75|p_C=0.75|B=2|eps=0|35ad5445-c154-4cea-8e18-983bdf361c37/ already exists.
./circuit_plots/Unrestricted Disentangled|Readout|CN=1|B0=0|B1=1|K=1280|L=320|p_B=0.75|p_C=0.75|B=2|eps=0|35ad5445-c154-4cea-8e18-983bdf361c37/ already exists.
Epoch: 7700, Loss: 5.638306140899658
Test acc: 0.0651, IC acc: 0.0782, IC acc2: 0.0037, IW acc: 0.0031
Epoch: 7701, Loss: 5.641894817352295
Epoch: 7702, Loss: 5.649497985839844
Epoch: 7703, Loss: 5.636865615844727
Epoch: 7704, Loss: 5.649601459503174
Epoch: 7705, Loss: 5.647646427154541
Epoch: 7706, Loss: 5.6693115234375
Epoch: 7707, Loss: 5.64635705947876
Epoch: 7708, Loss: 5.633138656616211
Epoch: 7709, Loss: 5.667905330657959
Epoch: 7710, Loss: 5.647071838378906
Test acc: 0.0653, IC acc: 0.0783, IC acc2: 0.0037, IW acc: 0.0031
Epoch: 7711, Loss: 5.664175033569336
Epoch: 7712, Loss: 5.645384788513184
Epoch: 7713, Loss: 5.6663818359375
Epoch: 7714, Loss: 5.648172855377197
Epoch: 7715, Loss: 5.6375346183776855
Epoch: 7716, Loss: 5.643492698669434
Epoch: 7717, Loss: 5.648922920227051
Epoch: 7718, Loss: 5.661434650421143
Epoch: 7719, Loss: 5.6352033615112305
Epoch: 7720, Loss: 5.651147842407227
Test acc: 0.0657, IC acc: 0.0784, IC acc2: 0.0037, IW acc: 0.003
Epoch: 7721, Loss: 5.6358842849731445
Epoch: 7722, Loss: 5.64977502822876
Epoch: 7723, Loss: 5.663968086242676
Epoch: 7724, Loss: 5.664465427398682
Epoch: 7725, Loss: 5.650601387023926
Epoch: 7726, Loss: 5.635317802429199
Epoch: 7727, Loss: 5.628865718841553
Epoch: 7728, Loss: 5.662369728088379
Epoch: 7729, Loss: 5.622568607330322
Epoch: 7730, Loss: 5.6432271003723145
Test acc: 0.0658, IC acc: 0.0785, IC acc2: 0.0037, IW acc: 0.003
Epoch: 7731, Loss: 5.6595072746276855
Epoch: 7732, Loss: 5.656217098236084
Epoch: 7733, Loss: 5.633072853088379
Epoch: 7734, Loss: 5.629738807678223
Epoch: 7735, Loss: 5.654412746429443
Epoch: 7736, Loss: 5.6664581298828125
Epoch: 7737, Loss: 5.648965835571289
Epoch: 7738, Loss: 5.64399528503418
Epoch: 7739, Loss: 5.632915496826172
Epoch: 7740, Loss: 5.645183086395264
Test acc: 0.0657, IC acc: 0.0787, IC acc2: 0.0037, IW acc: 0.003
Epoch: 7741, Loss: 5.649052619934082
Epoch: 7742, Loss: 5.629378795623779
Epoch: 7743, Loss: 5.64088773727417
Epoch: 7744, Loss: 5.643983840942383
Epoch: 7745, Loss: 5.633542060852051
Epoch: 7746, Loss: 5.637477397918701
Epoch: 7747, Loss: 5.651293754577637
Epoch: 7748, Loss: 5.645771503448486
Epoch: 7749, Loss: 5.671380996704102
./circuit_plots/Unrestricted Disentangled|Readout|CN=1|B0=0|B1=1|K=1280|L=320|p_B=0.75|p_C=0.75|B=2|eps=0|35ad5445-c154-4cea-8e18-983bdf361c37/ already exists.
./circuit_plots/Unrestricted Disentangled|Readout|CN=1|B0=0|B1=1|K=1280|L=320|p_B=0.75|p_C=0.75|B=2|eps=0|35ad5445-c154-4cea-8e18-983bdf361c37/ already exists.
./circuit_plots/Unrestricted Disentangled|Readout|CN=1|B0=0|B1=1|K=1280|L=320|p_B=0.75|p_C=0.75|B=2|eps=0|35ad5445-c154-4cea-8e18-983bdf361c37/ already exists.
./circuit_plots/Unrestricted Disentangled|Readout|CN=1|B0=0|B1=1|K=1280|L=320|p_B=0.75|p_C=0.75|B=2|eps=0|35ad5445-c154-4cea-8e18-983bdf361c37/ already exists.
./circuit_plots/Unrestricted Disentangled|Readout|CN=1|B0=0|B1=1|K=1280|L=320|p_B=0.75|p_C=0.75|B=2|eps=0|35ad5445-c154-4cea-8e18-983bdf361c37/ already exists.
./circuit_plots/Unrestricted Disentangled|Readout|CN=1|B0=0|B1=1|K=1280|L=320|p_B=0.75|p_C=0.75|B=2|eps=0|35ad5445-c154-4cea-8e18-983bdf361c37/ already exists.
./circuit_plots/Unrestricted Disentangled|Readout|CN=1|B0=0|B1=1|K=1280|L=320|p_B=0.75|p_C=0.75|B=2|eps=0|35ad5445-c154-4cea-8e18-983bdf361c37/ already exists.
Epoch: 7750, Loss: 5.662231922149658
Test acc: 0.066, IC acc: 0.0792, IC acc2: 0.0037, IW acc: 0.003
Epoch: 7751, Loss: 5.659358024597168
Epoch: 7752, Loss: 5.655483245849609
Epoch: 7753, Loss: 5.665933609008789
Epoch: 7754, Loss: 5.645593643188477
Epoch: 7755, Loss: 5.6407976150512695
Epoch: 7756, Loss: 5.642776966094971
Epoch: 7757, Loss: 5.645444393157959
Epoch: 7758, Loss: 5.657376766204834
Epoch: 7759, Loss: 5.651426792144775
Epoch: 7760, Loss: 5.653778553009033
Test acc: 0.066, IC acc: 0.0794, IC acc2: 0.0037, IW acc: 0.003
Epoch: 7761, Loss: 5.632922649383545
Epoch: 7762, Loss: 5.648235321044922
Epoch: 7763, Loss: 5.624929428100586
Epoch: 7764, Loss: 5.652074813842773
Epoch: 7765, Loss: 5.635638236999512
Epoch: 7766, Loss: 5.646052837371826
Epoch: 7767, Loss: 5.647634506225586
Epoch: 7768, Loss: 5.642498970031738
Epoch: 7769, Loss: 5.638749599456787
Epoch: 7770, Loss: 5.641720294952393
Test acc: 0.0663, IC acc: 0.0792, IC acc2: 0.0038, IW acc: 0.003
Epoch: 7771, Loss: 5.644311904907227
Epoch: 7772, Loss: 5.65818977355957
Epoch: 7773, Loss: 5.6671295166015625
Epoch: 7774, Loss: 5.632000923156738
Epoch: 7775, Loss: 5.637855529785156
Epoch: 7776, Loss: 5.649239540100098
Epoch: 7777, Loss: 5.6451849937438965
Epoch: 7778, Loss: 5.647562026977539
Epoch: 7779, Loss: 5.6507568359375
Epoch: 7780, Loss: 5.654013633728027
Test acc: 0.0664, IC acc: 0.0793, IC acc2: 0.0038, IW acc: 0.003
Epoch: 7781, Loss: 5.6538238525390625
Epoch: 7782, Loss: 5.651078224182129
Epoch: 7783, Loss: 5.640094757080078
Epoch: 7784, Loss: 5.645646095275879
Epoch: 7785, Loss: 5.667396545410156
Epoch: 7786, Loss: 5.660419464111328
Epoch: 7787, Loss: 5.644344806671143
Epoch: 7788, Loss: 5.653470039367676
Epoch: 7789, Loss: 5.637207508087158
Epoch: 7790, Loss: 5.631690502166748
Test acc: 0.0664, IC acc: 0.0796, IC acc2: 0.0038, IW acc: 0.0029
Epoch: 7791, Loss: 5.652859210968018
Epoch: 7792, Loss: 5.636552810668945
Epoch: 7793, Loss: 5.649555206298828
Epoch: 7794, Loss: 5.6503095626831055
Epoch: 7795, Loss: 5.653915882110596
Epoch: 7796, Loss: 5.659057140350342
Epoch: 7797, Loss: 5.643537521362305
Epoch: 7798, Loss: 5.658699989318848
Epoch: 7799, Loss: 5.6462321281433105
./circuit_plots/Unrestricted Disentangled|Readout|CN=1|B0=0|B1=1|K=1280|L=320|p_B=0.75|p_C=0.75|B=2|eps=0|35ad5445-c154-4cea-8e18-983bdf361c37/ already exists.
./circuit_plots/Unrestricted Disentangled|Readout|CN=1|B0=0|B1=1|K=1280|L=320|p_B=0.75|p_C=0.75|B=2|eps=0|35ad5445-c154-4cea-8e18-983bdf361c37/ already exists.
./circuit_plots/Unrestricted Disentangled|Readout|CN=1|B0=0|B1=1|K=1280|L=320|p_B=0.75|p_C=0.75|B=2|eps=0|35ad5445-c154-4cea-8e18-983bdf361c37/ already exists.
./circuit_plots/Unrestricted Disentangled|Readout|CN=1|B0=0|B1=1|K=1280|L=320|p_B=0.75|p_C=0.75|B=2|eps=0|35ad5445-c154-4cea-8e18-983bdf361c37/ already exists.
./circuit_plots/Unrestricted Disentangled|Readout|CN=1|B0=0|B1=1|K=1280|L=320|p_B=0.75|p_C=0.75|B=2|eps=0|35ad5445-c154-4cea-8e18-983bdf361c37/ already exists.
./circuit_plots/Unrestricted Disentangled|Readout|CN=1|B0=0|B1=1|K=1280|L=320|p_B=0.75|p_C=0.75|B=2|eps=0|35ad5445-c154-4cea-8e18-983bdf361c37/ already exists.
./circuit_plots/Unrestricted Disentangled|Readout|CN=1|B0=0|B1=1|K=1280|L=320|p_B=0.75|p_C=0.75|B=2|eps=0|35ad5445-c154-4cea-8e18-983bdf361c37/ already exists.
Epoch: 7800, Loss: 5.649147987365723
Test acc: 0.0666, IC acc: 0.0796, IC acc2: 0.0039, IW acc: 0.0029
Epoch: 7801, Loss: 5.643650054931641
Epoch: 7802, Loss: 5.640714645385742
Epoch: 7803, Loss: 5.649165153503418
Epoch: 7804, Loss: 5.640357971191406
Epoch: 7805, Loss: 5.645721435546875
Epoch: 7806, Loss: 5.647826671600342
Epoch: 7807, Loss: 5.654970645904541
Epoch: 7808, Loss: 5.639063835144043
Epoch: 7809, Loss: 5.643510341644287
Epoch: 7810, Loss: 5.6687703132629395
Test acc: 0.0669, IC acc: 0.0801, IC acc2: 0.0037, IW acc: 0.0029
Epoch: 7811, Loss: 5.645603179931641
Epoch: 7812, Loss: 5.640303611755371
Epoch: 7813, Loss: 5.649682998657227
Epoch: 7814, Loss: 5.6297454833984375
Epoch: 7815, Loss: 5.6360883712768555
Epoch: 7816, Loss: 5.629214763641357
Epoch: 7817, Loss: 5.643198490142822
Epoch: 7818, Loss: 5.649600505828857
Epoch: 7819, Loss: 5.646415710449219
Epoch: 7820, Loss: 5.618790626525879
Test acc: 0.0674, IC acc: 0.0803, IC acc2: 0.0038, IW acc: 0.003
Epoch: 7821, Loss: 5.642340183258057
Epoch: 7822, Loss: 5.654162406921387
Epoch: 7823, Loss: 5.659505844116211
Epoch: 7824, Loss: 5.65106201171875
Epoch: 7825, Loss: 5.648761749267578
Epoch: 7826, Loss: 5.636033535003662
Epoch: 7827, Loss: 5.632684707641602
Epoch: 7828, Loss: 5.638277053833008
Epoch: 7829, Loss: 5.635956764221191
Epoch: 7830, Loss: 5.6426100730896
Test acc: 0.0672, IC acc: 0.0806, IC acc2: 0.0038, IW acc: 0.0032
Epoch: 7831, Loss: 5.629800796508789
Epoch: 7832, Loss: 5.64475679397583
Epoch: 7833, Loss: 5.646824359893799
Epoch: 7834, Loss: 5.656210899353027
Epoch: 7835, Loss: 5.659512519836426
Epoch: 7836, Loss: 5.648752212524414
Epoch: 7837, Loss: 5.642238616943359
Epoch: 7838, Loss: 5.642555236816406
Epoch: 7839, Loss: 5.639608860015869
Epoch: 7840, Loss: 5.64474630355835
Test acc: 0.0671, IC acc: 0.0807, IC acc2: 0.0037, IW acc: 0.0031
Epoch: 7841, Loss: 5.667041778564453
Epoch: 7842, Loss: 5.644074440002441
Epoch: 7843, Loss: 5.655473232269287
Epoch: 7844, Loss: 5.6462507247924805
Epoch: 7845, Loss: 5.661355018615723
Epoch: 7846, Loss: 5.662293434143066
Epoch: 7847, Loss: 5.636442184448242
Epoch: 7848, Loss: 5.645130157470703
Epoch: 7849, Loss: 5.641711711883545
./circuit_plots/Unrestricted Disentangled|Readout|CN=1|B0=0|B1=1|K=1280|L=320|p_B=0.75|p_C=0.75|B=2|eps=0|35ad5445-c154-4cea-8e18-983bdf361c37/ already exists.
./circuit_plots/Unrestricted Disentangled|Readout|CN=1|B0=0|B1=1|K=1280|L=320|p_B=0.75|p_C=0.75|B=2|eps=0|35ad5445-c154-4cea-8e18-983bdf361c37/ already exists.
./circuit_plots/Unrestricted Disentangled|Readout|CN=1|B0=0|B1=1|K=1280|L=320|p_B=0.75|p_C=0.75|B=2|eps=0|35ad5445-c154-4cea-8e18-983bdf361c37/ already exists.
./circuit_plots/Unrestricted Disentangled|Readout|CN=1|B0=0|B1=1|K=1280|L=320|p_B=0.75|p_C=0.75|B=2|eps=0|35ad5445-c154-4cea-8e18-983bdf361c37/ already exists.
./circuit_plots/Unrestricted Disentangled|Readout|CN=1|B0=0|B1=1|K=1280|L=320|p_B=0.75|p_C=0.75|B=2|eps=0|35ad5445-c154-4cea-8e18-983bdf361c37/ already exists.
./circuit_plots/Unrestricted Disentangled|Readout|CN=1|B0=0|B1=1|K=1280|L=320|p_B=0.75|p_C=0.75|B=2|eps=0|35ad5445-c154-4cea-8e18-983bdf361c37/ already exists.
./circuit_plots/Unrestricted Disentangled|Readout|CN=1|B0=0|B1=1|K=1280|L=320|p_B=0.75|p_C=0.75|B=2|eps=0|35ad5445-c154-4cea-8e18-983bdf361c37/ already exists.
Epoch: 7850, Loss: 5.634324073791504
Test acc: 0.0673, IC acc: 0.0808, IC acc2: 0.0037, IW acc: 0.0033
Epoch: 7851, Loss: 5.646904945373535
Epoch: 7852, Loss: 5.627098083496094
Epoch: 7853, Loss: 5.636031150817871
Epoch: 7854, Loss: 5.661407470703125
Epoch: 7855, Loss: 5.653957366943359
Epoch: 7856, Loss: 5.649725914001465
Epoch: 7857, Loss: 5.666820049285889
Epoch: 7858, Loss: 5.652362823486328
Epoch: 7859, Loss: 5.634917259216309
Epoch: 7860, Loss: 5.645727157592773
Test acc: 0.0675, IC acc: 0.0809, IC acc2: 0.0036, IW acc: 0.0032
Epoch: 7861, Loss: 5.6296067237854
Epoch: 7862, Loss: 5.6732497215271
Epoch: 7863, Loss: 5.656999588012695
Epoch: 7864, Loss: 5.658387184143066
Epoch: 7865, Loss: 5.663585186004639
Epoch: 7866, Loss: 5.636866092681885
Epoch: 7867, Loss: 5.634653568267822
Epoch: 7868, Loss: 5.62715482711792
Epoch: 7869, Loss: 5.633199691772461
Epoch: 7870, Loss: 5.657196044921875
Test acc: 0.0678, IC acc: 0.0813, IC acc2: 0.0037, IW acc: 0.0031
Epoch: 7871, Loss: 5.643919944763184
Epoch: 7872, Loss: 5.641870498657227
Epoch: 7873, Loss: 5.651908874511719
Epoch: 7874, Loss: 5.627378463745117
Epoch: 7875, Loss: 5.673499584197998
Epoch: 7876, Loss: 5.650556564331055
Epoch: 7877, Loss: 5.652299880981445
Epoch: 7878, Loss: 5.642380714416504
Epoch: 7879, Loss: 5.651737689971924
Epoch: 7880, Loss: 5.6545729637146
Test acc: 0.0678, IC acc: 0.0816, IC acc2: 0.0037, IW acc: 0.0032
Epoch: 7881, Loss: 5.651646614074707
Epoch: 7882, Loss: 5.628269195556641
Epoch: 7883, Loss: 5.642095565795898
Epoch: 7884, Loss: 5.634426116943359
Epoch: 7885, Loss: 5.645679950714111
Epoch: 7886, Loss: 5.637530326843262
Epoch: 7887, Loss: 5.65061092376709
Epoch: 7888, Loss: 5.647444248199463
Epoch: 7889, Loss: 5.6430344581604
Epoch: 7890, Loss: 5.650203227996826
Test acc: 0.068, IC acc: 0.0817, IC acc2: 0.0037, IW acc: 0.0032
Epoch: 7891, Loss: 5.627567291259766
Epoch: 7892, Loss: 5.635318756103516
Epoch: 7893, Loss: 5.646295070648193
Epoch: 7894, Loss: 5.643901824951172
Epoch: 7895, Loss: 5.631261825561523
Epoch: 7896, Loss: 5.632244110107422
Epoch: 7897, Loss: 5.636723518371582
Epoch: 7898, Loss: 5.662876129150391
Epoch: 7899, Loss: 5.639003753662109
./circuit_plots/Unrestricted Disentangled|Readout|CN=1|B0=0|B1=1|K=1280|L=320|p_B=0.75|p_C=0.75|B=2|eps=0|35ad5445-c154-4cea-8e18-983bdf361c37/ already exists.
./circuit_plots/Unrestricted Disentangled|Readout|CN=1|B0=0|B1=1|K=1280|L=320|p_B=0.75|p_C=0.75|B=2|eps=0|35ad5445-c154-4cea-8e18-983bdf361c37/ already exists.
./circuit_plots/Unrestricted Disentangled|Readout|CN=1|B0=0|B1=1|K=1280|L=320|p_B=0.75|p_C=0.75|B=2|eps=0|35ad5445-c154-4cea-8e18-983bdf361c37/ already exists.
./circuit_plots/Unrestricted Disentangled|Readout|CN=1|B0=0|B1=1|K=1280|L=320|p_B=0.75|p_C=0.75|B=2|eps=0|35ad5445-c154-4cea-8e18-983bdf361c37/ already exists.
./circuit_plots/Unrestricted Disentangled|Readout|CN=1|B0=0|B1=1|K=1280|L=320|p_B=0.75|p_C=0.75|B=2|eps=0|35ad5445-c154-4cea-8e18-983bdf361c37/ already exists.
./circuit_plots/Unrestricted Disentangled|Readout|CN=1|B0=0|B1=1|K=1280|L=320|p_B=0.75|p_C=0.75|B=2|eps=0|35ad5445-c154-4cea-8e18-983bdf361c37/ already exists.
./circuit_plots/Unrestricted Disentangled|Readout|CN=1|B0=0|B1=1|K=1280|L=320|p_B=0.75|p_C=0.75|B=2|eps=0|35ad5445-c154-4cea-8e18-983bdf361c37/ already exists.
Epoch: 7900, Loss: 5.664321422576904
Test acc: 0.0682, IC acc: 0.0819, IC acc2: 0.0037, IW acc: 0.0032
Epoch: 7901, Loss: 5.669253826141357
Epoch: 7902, Loss: 5.659735679626465
Epoch: 7903, Loss: 5.638751983642578
Epoch: 7904, Loss: 5.645928382873535
Epoch: 7905, Loss: 5.61446475982666
Epoch: 7906, Loss: 5.632405757904053
Epoch: 7907, Loss: 5.659534454345703
Epoch: 7908, Loss: 5.644411087036133
Epoch: 7909, Loss: 5.649073123931885
Epoch: 7910, Loss: 5.645158767700195
Test acc: 0.0684, IC acc: 0.0821, IC acc2: 0.0037, IW acc: 0.0032
Epoch: 7911, Loss: 5.676563262939453
Epoch: 7912, Loss: 5.62724494934082
Epoch: 7913, Loss: 5.663451194763184
Epoch: 7914, Loss: 5.653071403503418
Epoch: 7915, Loss: 5.662835121154785
Epoch: 7916, Loss: 5.645350933074951
Epoch: 7917, Loss: 5.644347190856934
Epoch: 7918, Loss: 5.630210876464844
Epoch: 7919, Loss: 5.654711723327637
Epoch: 7920, Loss: 5.628076553344727
Test acc: 0.0685, IC acc: 0.0821, IC acc2: 0.0038, IW acc: 0.0032
Epoch: 7921, Loss: 5.6349358558654785
Epoch: 7922, Loss: 5.653718948364258
Epoch: 7923, Loss: 5.648629188537598
Epoch: 7924, Loss: 5.646146297454834
Epoch: 7925, Loss: 5.623897075653076
Epoch: 7926, Loss: 5.649798393249512
Epoch: 7927, Loss: 5.6334686279296875
Epoch: 7928, Loss: 5.634378433227539
Epoch: 7929, Loss: 5.643594264984131
Epoch: 7930, Loss: 5.639904975891113
Test acc: 0.0686, IC acc: 0.0821, IC acc2: 0.0037, IW acc: 0.0032
Epoch: 7931, Loss: 5.6307878494262695
Epoch: 7932, Loss: 5.650409698486328
Epoch: 7933, Loss: 5.647627830505371
Epoch: 7934, Loss: 5.656534194946289
Epoch: 7935, Loss: 5.660996437072754
Epoch: 7936, Loss: 5.634206295013428
Epoch: 7937, Loss: 5.647765159606934
Epoch: 7938, Loss: 5.648353099822998
Epoch: 7939, Loss: 5.660650253295898
Epoch: 7940, Loss: 5.648105621337891
Test acc: 0.0685, IC acc: 0.0825, IC acc2: 0.0037, IW acc: 0.0032
Epoch: 7941, Loss: 5.628765106201172
Epoch: 7942, Loss: 5.658881187438965
Epoch: 7943, Loss: 5.641243934631348
Epoch: 7944, Loss: 5.641757011413574
Epoch: 7945, Loss: 5.645082473754883
Epoch: 7946, Loss: 5.647067070007324
Epoch: 7947, Loss: 5.649909019470215
Epoch: 7948, Loss: 5.646539688110352
Epoch: 7949, Loss: 5.6668195724487305
./circuit_plots/Unrestricted Disentangled|Readout|CN=1|B0=0|B1=1|K=1280|L=320|p_B=0.75|p_C=0.75|B=2|eps=0|35ad5445-c154-4cea-8e18-983bdf361c37/ already exists.
./circuit_plots/Unrestricted Disentangled|Readout|CN=1|B0=0|B1=1|K=1280|L=320|p_B=0.75|p_C=0.75|B=2|eps=0|35ad5445-c154-4cea-8e18-983bdf361c37/ already exists.
./circuit_plots/Unrestricted Disentangled|Readout|CN=1|B0=0|B1=1|K=1280|L=320|p_B=0.75|p_C=0.75|B=2|eps=0|35ad5445-c154-4cea-8e18-983bdf361c37/ already exists.
./circuit_plots/Unrestricted Disentangled|Readout|CN=1|B0=0|B1=1|K=1280|L=320|p_B=0.75|p_C=0.75|B=2|eps=0|35ad5445-c154-4cea-8e18-983bdf361c37/ already exists.
./circuit_plots/Unrestricted Disentangled|Readout|CN=1|B0=0|B1=1|K=1280|L=320|p_B=0.75|p_C=0.75|B=2|eps=0|35ad5445-c154-4cea-8e18-983bdf361c37/ already exists.
./circuit_plots/Unrestricted Disentangled|Readout|CN=1|B0=0|B1=1|K=1280|L=320|p_B=0.75|p_C=0.75|B=2|eps=0|35ad5445-c154-4cea-8e18-983bdf361c37/ already exists.
./circuit_plots/Unrestricted Disentangled|Readout|CN=1|B0=0|B1=1|K=1280|L=320|p_B=0.75|p_C=0.75|B=2|eps=0|35ad5445-c154-4cea-8e18-983bdf361c37/ already exists.
Epoch: 7950, Loss: 5.658825874328613
Test acc: 0.0688, IC acc: 0.083, IC acc2: 0.0037, IW acc: 0.0032
Epoch: 7951, Loss: 5.623377799987793
Epoch: 7952, Loss: 5.650211811065674
Epoch: 7953, Loss: 5.635865211486816
Epoch: 7954, Loss: 5.649751663208008
Epoch: 7955, Loss: 5.643869876861572
Epoch: 7956, Loss: 5.64670467376709
Epoch: 7957, Loss: 5.649768352508545
Epoch: 7958, Loss: 5.631081581115723
Epoch: 7959, Loss: 5.645195960998535
Epoch: 7960, Loss: 5.640825271606445
Test acc: 0.0688, IC acc: 0.0832, IC acc2: 0.0038, IW acc: 0.0032
Epoch: 7961, Loss: 5.659790992736816
Epoch: 7962, Loss: 5.629413604736328
Epoch: 7963, Loss: 5.656566143035889
Epoch: 7964, Loss: 5.635190486907959
Epoch: 7965, Loss: 5.665474891662598
Epoch: 7966, Loss: 5.6392364501953125
Epoch: 7967, Loss: 5.6580281257629395
Epoch: 7968, Loss: 5.636449813842773
Epoch: 7969, Loss: 5.642743110656738
Epoch: 7970, Loss: 5.639413833618164
Test acc: 0.0689, IC acc: 0.0834, IC acc2: 0.0038, IW acc: 0.003
Epoch: 7971, Loss: 5.645692825317383
Epoch: 7972, Loss: 5.652215003967285
Epoch: 7973, Loss: 5.615262031555176
Epoch: 7974, Loss: 5.615379810333252
Epoch: 7975, Loss: 5.6499247550964355
Epoch: 7976, Loss: 5.635248184204102
Epoch: 7977, Loss: 5.637325763702393
Epoch: 7978, Loss: 5.649408340454102
Epoch: 7979, Loss: 5.669538974761963
Epoch: 7980, Loss: 5.6122660636901855
Test acc: 0.069, IC acc: 0.0838, IC acc2: 0.0038, IW acc: 0.003
Epoch: 7981, Loss: 5.662275314331055
Epoch: 7982, Loss: 5.6318511962890625
Epoch: 7983, Loss: 5.636922836303711
Epoch: 7984, Loss: 5.647523403167725
Epoch: 7985, Loss: 5.641233444213867
Epoch: 7986, Loss: 5.645475387573242
Epoch: 7987, Loss: 5.640310764312744
Epoch: 7988, Loss: 5.657560348510742
Epoch: 7989, Loss: 5.63157844543457
Epoch: 7990, Loss: 5.6389007568359375
Test acc: 0.0693, IC acc: 0.0838, IC acc2: 0.0038, IW acc: 0.003
Epoch: 7991, Loss: 5.627396106719971
Epoch: 7992, Loss: 5.638950347900391
Epoch: 7993, Loss: 5.647762775421143
Epoch: 7994, Loss: 5.640583038330078
Epoch: 7995, Loss: 5.640761375427246
Epoch: 7996, Loss: 5.633353233337402
Epoch: 7997, Loss: 5.626636505126953
Epoch: 7998, Loss: 5.656129360198975
Epoch: 7999, Loss: 5.653095245361328
./circuit_plots/Unrestricted Disentangled|Readout|CN=1|B0=0|B1=1|K=1280|L=320|p_B=0.75|p_C=0.75|B=2|eps=0|35ad5445-c154-4cea-8e18-983bdf361c37/ already exists.
./circuit_plots/Unrestricted Disentangled|Readout|CN=1|B0=0|B1=1|K=1280|L=320|p_B=0.75|p_C=0.75|B=2|eps=0|35ad5445-c154-4cea-8e18-983bdf361c37/ already exists.
./circuit_plots/Unrestricted Disentangled|Readout|CN=1|B0=0|B1=1|K=1280|L=320|p_B=0.75|p_C=0.75|B=2|eps=0|35ad5445-c154-4cea-8e18-983bdf361c37/ already exists.
./circuit_plots/Unrestricted Disentangled|Readout|CN=1|B0=0|B1=1|K=1280|L=320|p_B=0.75|p_C=0.75|B=2|eps=0|35ad5445-c154-4cea-8e18-983bdf361c37/ already exists.
./circuit_plots/Unrestricted Disentangled|Readout|CN=1|B0=0|B1=1|K=1280|L=320|p_B=0.75|p_C=0.75|B=2|eps=0|35ad5445-c154-4cea-8e18-983bdf361c37/ already exists.
./circuit_plots/Unrestricted Disentangled|Readout|CN=1|B0=0|B1=1|K=1280|L=320|p_B=0.75|p_C=0.75|B=2|eps=0|35ad5445-c154-4cea-8e18-983bdf361c37/ already exists.
./circuit_plots/Unrestricted Disentangled|Readout|CN=1|B0=0|B1=1|K=1280|L=320|p_B=0.75|p_C=0.75|B=2|eps=0|35ad5445-c154-4cea-8e18-983bdf361c37/ already exists.
Epoch: 8000, Loss: 5.643060684204102
Test acc: 0.0693, IC acc: 0.084, IC acc2: 0.0038, IW acc: 0.0031
Epoch: 8001, Loss: 5.64686918258667
Epoch: 8002, Loss: 5.643245220184326
Epoch: 8003, Loss: 5.658986568450928
Epoch: 8004, Loss: 5.645014762878418
Epoch: 8005, Loss: 5.648467063903809
Epoch: 8006, Loss: 5.617609977722168
Epoch: 8007, Loss: 5.6462507247924805
Epoch: 8008, Loss: 5.6518144607543945
Epoch: 8009, Loss: 5.642241954803467
Epoch: 8010, Loss: 5.671883583068848
Test acc: 0.0695, IC acc: 0.0842, IC acc2: 0.0037, IW acc: 0.0031
Epoch: 8011, Loss: 5.646528720855713
Epoch: 8012, Loss: 5.644227981567383
Epoch: 8013, Loss: 5.63990592956543
Epoch: 8014, Loss: 5.652031898498535
Epoch: 8015, Loss: 5.629225730895996
Epoch: 8016, Loss: 5.656801223754883
Epoch: 8017, Loss: 5.6381306648254395
Epoch: 8018, Loss: 5.636262893676758
Epoch: 8019, Loss: 5.629137992858887
Epoch: 8020, Loss: 5.6345672607421875
Test acc: 0.0698, IC acc: 0.0845, IC acc2: 0.0037, IW acc: 0.0031
Epoch: 8021, Loss: 5.635071277618408
Epoch: 8022, Loss: 5.661571502685547
Epoch: 8023, Loss: 5.6504435539245605
Epoch: 8024, Loss: 5.643998146057129
Epoch: 8025, Loss: 5.633279800415039
Epoch: 8026, Loss: 5.6510090827941895
Epoch: 8027, Loss: 5.644003391265869
Epoch: 8028, Loss: 5.6421098709106445
Epoch: 8029, Loss: 5.638356685638428
Epoch: 8030, Loss: 5.644515514373779
Test acc: 0.0699, IC acc: 0.0844, IC acc2: 0.0037, IW acc: 0.0031
Epoch: 8031, Loss: 5.641092300415039
Epoch: 8032, Loss: 5.663935661315918
Epoch: 8033, Loss: 5.647038459777832
Epoch: 8034, Loss: 5.651211738586426
Epoch: 8035, Loss: 5.634449005126953
Epoch: 8036, Loss: 5.650277137756348
Epoch: 8037, Loss: 5.625929832458496
Epoch: 8038, Loss: 5.655584335327148
Epoch: 8039, Loss: 5.644003391265869
Epoch: 8040, Loss: 5.651597499847412
Test acc: 0.07, IC acc: 0.0847, IC acc2: 0.0037, IW acc: 0.0031
Epoch: 8041, Loss: 5.64091682434082
Epoch: 8042, Loss: 5.632319450378418
Epoch: 8043, Loss: 5.662529945373535
Epoch: 8044, Loss: 5.644755840301514
Epoch: 8045, Loss: 5.630743980407715
Epoch: 8046, Loss: 5.636466979980469
Epoch: 8047, Loss: 5.641978740692139
Epoch: 8048, Loss: 5.62932014465332
Epoch: 8049, Loss: 5.633878231048584
./circuit_plots/Unrestricted Disentangled|Readout|CN=1|B0=0|B1=1|K=1280|L=320|p_B=0.75|p_C=0.75|B=2|eps=0|35ad5445-c154-4cea-8e18-983bdf361c37/ already exists.
./circuit_plots/Unrestricted Disentangled|Readout|CN=1|B0=0|B1=1|K=1280|L=320|p_B=0.75|p_C=0.75|B=2|eps=0|35ad5445-c154-4cea-8e18-983bdf361c37/ already exists.
./circuit_plots/Unrestricted Disentangled|Readout|CN=1|B0=0|B1=1|K=1280|L=320|p_B=0.75|p_C=0.75|B=2|eps=0|35ad5445-c154-4cea-8e18-983bdf361c37/ already exists.
./circuit_plots/Unrestricted Disentangled|Readout|CN=1|B0=0|B1=1|K=1280|L=320|p_B=0.75|p_C=0.75|B=2|eps=0|35ad5445-c154-4cea-8e18-983bdf361c37/ already exists.
./circuit_plots/Unrestricted Disentangled|Readout|CN=1|B0=0|B1=1|K=1280|L=320|p_B=0.75|p_C=0.75|B=2|eps=0|35ad5445-c154-4cea-8e18-983bdf361c37/ already exists.
./circuit_plots/Unrestricted Disentangled|Readout|CN=1|B0=0|B1=1|K=1280|L=320|p_B=0.75|p_C=0.75|B=2|eps=0|35ad5445-c154-4cea-8e18-983bdf361c37/ already exists.
./circuit_plots/Unrestricted Disentangled|Readout|CN=1|B0=0|B1=1|K=1280|L=320|p_B=0.75|p_C=0.75|B=2|eps=0|35ad5445-c154-4cea-8e18-983bdf361c37/ already exists.
Epoch: 8050, Loss: 5.643270969390869
Test acc: 0.07, IC acc: 0.0847, IC acc2: 0.0037, IW acc: 0.0031
Epoch: 8051, Loss: 5.644575119018555
Epoch: 8052, Loss: 5.6458635330200195
Epoch: 8053, Loss: 5.628419876098633
Epoch: 8054, Loss: 5.646014213562012
Epoch: 8055, Loss: 5.6382856369018555
Epoch: 8056, Loss: 5.650595664978027
Epoch: 8057, Loss: 5.647327899932861
Epoch: 8058, Loss: 5.641448020935059
Epoch: 8059, Loss: 5.628201484680176
Epoch: 8060, Loss: 5.651378631591797
Test acc: 0.0699, IC acc: 0.0846, IC acc2: 0.0037, IW acc: 0.0031
Epoch: 8061, Loss: 5.645998954772949
Epoch: 8062, Loss: 5.6372222900390625
Epoch: 8063, Loss: 5.669886112213135
Epoch: 8064, Loss: 5.647963523864746
Epoch: 8065, Loss: 5.645235061645508
Epoch: 8066, Loss: 5.635078430175781
Epoch: 8067, Loss: 5.657664775848389
Epoch: 8068, Loss: 5.638174057006836
Epoch: 8069, Loss: 5.633086204528809
Epoch: 8070, Loss: 5.638423442840576
Test acc: 0.07, IC acc: 0.085, IC acc2: 0.0037, IW acc: 0.0031
Epoch: 8071, Loss: 5.66199254989624
Epoch: 8072, Loss: 5.630107879638672
Epoch: 8073, Loss: 5.647341728210449
Epoch: 8074, Loss: 5.655696868896484
Epoch: 8075, Loss: 5.642077445983887
Epoch: 8076, Loss: 5.642935276031494
Epoch: 8077, Loss: 5.637199401855469
Epoch: 8078, Loss: 5.650165557861328
Epoch: 8079, Loss: 5.636322975158691
Epoch: 8080, Loss: 5.631523132324219
Test acc: 0.0702, IC acc: 0.0851, IC acc2: 0.0037, IW acc: 0.0031
Epoch: 8081, Loss: 5.666828155517578
Epoch: 8082, Loss: 5.640570163726807
Epoch: 8083, Loss: 5.658400535583496
Epoch: 8084, Loss: 5.62750768661499
Epoch: 8085, Loss: 5.656620025634766
Epoch: 8086, Loss: 5.644725799560547
Epoch: 8087, Loss: 5.654834747314453
Epoch: 8088, Loss: 5.641828536987305
Epoch: 8089, Loss: 5.641552925109863
Epoch: 8090, Loss: 5.647411823272705
Test acc: 0.0705, IC acc: 0.085, IC acc2: 0.0037, IW acc: 0.0031
Epoch: 8091, Loss: 5.623095989227295
Epoch: 8092, Loss: 5.647688865661621
Epoch: 8093, Loss: 5.651372909545898
Epoch: 8094, Loss: 5.638238906860352
Epoch: 8095, Loss: 5.642579555511475
Epoch: 8096, Loss: 5.638561248779297
Epoch: 8097, Loss: 5.633204460144043
Epoch: 8098, Loss: 5.64194393157959
Epoch: 8099, Loss: 5.652622222900391
./circuit_plots/Unrestricted Disentangled|Readout|CN=1|B0=0|B1=1|K=1280|L=320|p_B=0.75|p_C=0.75|B=2|eps=0|35ad5445-c154-4cea-8e18-983bdf361c37/ already exists.
./circuit_plots/Unrestricted Disentangled|Readout|CN=1|B0=0|B1=1|K=1280|L=320|p_B=0.75|p_C=0.75|B=2|eps=0|35ad5445-c154-4cea-8e18-983bdf361c37/ already exists.
./circuit_plots/Unrestricted Disentangled|Readout|CN=1|B0=0|B1=1|K=1280|L=320|p_B=0.75|p_C=0.75|B=2|eps=0|35ad5445-c154-4cea-8e18-983bdf361c37/ already exists.
./circuit_plots/Unrestricted Disentangled|Readout|CN=1|B0=0|B1=1|K=1280|L=320|p_B=0.75|p_C=0.75|B=2|eps=0|35ad5445-c154-4cea-8e18-983bdf361c37/ already exists.
./circuit_plots/Unrestricted Disentangled|Readout|CN=1|B0=0|B1=1|K=1280|L=320|p_B=0.75|p_C=0.75|B=2|eps=0|35ad5445-c154-4cea-8e18-983bdf361c37/ already exists.
./circuit_plots/Unrestricted Disentangled|Readout|CN=1|B0=0|B1=1|K=1280|L=320|p_B=0.75|p_C=0.75|B=2|eps=0|35ad5445-c154-4cea-8e18-983bdf361c37/ already exists.
./circuit_plots/Unrestricted Disentangled|Readout|CN=1|B0=0|B1=1|K=1280|L=320|p_B=0.75|p_C=0.75|B=2|eps=0|35ad5445-c154-4cea-8e18-983bdf361c37/ already exists.
Epoch: 8100, Loss: 5.639631271362305
Test acc: 0.0705, IC acc: 0.0851, IC acc2: 0.0037, IW acc: 0.0031
Epoch: 8101, Loss: 5.660560131072998
Epoch: 8102, Loss: 5.651640892028809
Epoch: 8103, Loss: 5.64605188369751
Epoch: 8104, Loss: 5.640619277954102
Epoch: 8105, Loss: 5.637084007263184
Epoch: 8106, Loss: 5.647275924682617
Epoch: 8107, Loss: 5.634592533111572
Epoch: 8108, Loss: 5.6164960861206055
Epoch: 8109, Loss: 5.634158134460449
Epoch: 8110, Loss: 5.6452317237854
Test acc: 0.0707, IC acc: 0.0856, IC acc2: 0.0037, IW acc: 0.0031
Epoch: 8111, Loss: 5.622749328613281
Epoch: 8112, Loss: 5.636188507080078
Epoch: 8113, Loss: 5.638787746429443
Epoch: 8114, Loss: 5.643495559692383
Epoch: 8115, Loss: 5.654211044311523
Epoch: 8116, Loss: 5.635658264160156
Epoch: 8117, Loss: 5.643003463745117
Epoch: 8118, Loss: 5.646664619445801
Epoch: 8119, Loss: 5.643484115600586
Epoch: 8120, Loss: 5.643988609313965
Test acc: 0.0708, IC acc: 0.0858, IC acc2: 0.0037, IW acc: 0.0031
Epoch: 8121, Loss: 5.639840126037598
Epoch: 8122, Loss: 5.640812397003174
Epoch: 8123, Loss: 5.659030914306641
Epoch: 8124, Loss: 5.62747859954834
Epoch: 8125, Loss: 5.64857816696167
Epoch: 8126, Loss: 5.634798526763916
Epoch: 8127, Loss: 5.630152702331543
Epoch: 8128, Loss: 5.657900810241699
Epoch: 8129, Loss: 5.636397361755371
Epoch: 8130, Loss: 5.640214920043945
Test acc: 0.0713, IC acc: 0.0857, IC acc2: 0.0037, IW acc: 0.0031
Epoch: 8131, Loss: 5.644014835357666
Epoch: 8132, Loss: 5.628836631774902
Epoch: 8133, Loss: 5.644787788391113
Epoch: 8134, Loss: 5.647581100463867
Epoch: 8135, Loss: 5.633177757263184
Epoch: 8136, Loss: 5.660562515258789
Epoch: 8137, Loss: 5.637392997741699
Epoch: 8138, Loss: 5.63334846496582
Epoch: 8139, Loss: 5.627313137054443
Epoch: 8140, Loss: 5.649535655975342
Test acc: 0.0716, IC acc: 0.0861, IC acc2: 0.0037, IW acc: 0.0031
Epoch: 8141, Loss: 5.645975589752197
Epoch: 8142, Loss: 5.64185905456543
Epoch: 8143, Loss: 5.659601211547852
Epoch: 8144, Loss: 5.629330635070801
Epoch: 8145, Loss: 5.644972324371338
Epoch: 8146, Loss: 5.651548385620117
Epoch: 8147, Loss: 5.640020370483398
Epoch: 8148, Loss: 5.63568115234375
Epoch: 8149, Loss: 5.631196022033691
./circuit_plots/Unrestricted Disentangled|Readout|CN=1|B0=0|B1=1|K=1280|L=320|p_B=0.75|p_C=0.75|B=2|eps=0|35ad5445-c154-4cea-8e18-983bdf361c37/ already exists.
./circuit_plots/Unrestricted Disentangled|Readout|CN=1|B0=0|B1=1|K=1280|L=320|p_B=0.75|p_C=0.75|B=2|eps=0|35ad5445-c154-4cea-8e18-983bdf361c37/ already exists.
./circuit_plots/Unrestricted Disentangled|Readout|CN=1|B0=0|B1=1|K=1280|L=320|p_B=0.75|p_C=0.75|B=2|eps=0|35ad5445-c154-4cea-8e18-983bdf361c37/ already exists.
./circuit_plots/Unrestricted Disentangled|Readout|CN=1|B0=0|B1=1|K=1280|L=320|p_B=0.75|p_C=0.75|B=2|eps=0|35ad5445-c154-4cea-8e18-983bdf361c37/ already exists.
./circuit_plots/Unrestricted Disentangled|Readout|CN=1|B0=0|B1=1|K=1280|L=320|p_B=0.75|p_C=0.75|B=2|eps=0|35ad5445-c154-4cea-8e18-983bdf361c37/ already exists.
./circuit_plots/Unrestricted Disentangled|Readout|CN=1|B0=0|B1=1|K=1280|L=320|p_B=0.75|p_C=0.75|B=2|eps=0|35ad5445-c154-4cea-8e18-983bdf361c37/ already exists.
./circuit_plots/Unrestricted Disentangled|Readout|CN=1|B0=0|B1=1|K=1280|L=320|p_B=0.75|p_C=0.75|B=2|eps=0|35ad5445-c154-4cea-8e18-983bdf361c37/ already exists.
Epoch: 8150, Loss: 5.643719673156738
Test acc: 0.0715, IC acc: 0.0862, IC acc2: 0.0037, IW acc: 0.0031
Epoch: 8151, Loss: 5.654947280883789
Epoch: 8152, Loss: 5.652833938598633
Epoch: 8153, Loss: 5.6382598876953125
Epoch: 8154, Loss: 5.654118061065674
Epoch: 8155, Loss: 5.66069221496582
Epoch: 8156, Loss: 5.637216567993164
Epoch: 8157, Loss: 5.64450740814209
Epoch: 8158, Loss: 5.620196342468262
Epoch: 8159, Loss: 5.636554718017578
Epoch: 8160, Loss: 5.6417388916015625
Test acc: 0.0715, IC acc: 0.0866, IC acc2: 0.0037, IW acc: 0.0031
Epoch: 8161, Loss: 5.663013458251953
Epoch: 8162, Loss: 5.630772113800049
Epoch: 8163, Loss: 5.647520065307617
Epoch: 8164, Loss: 5.646918773651123
Epoch: 8165, Loss: 5.629997253417969
Epoch: 8166, Loss: 5.637792587280273
Epoch: 8167, Loss: 5.647327899932861
Epoch: 8168, Loss: 5.663398265838623
Epoch: 8169, Loss: 5.651715278625488
Epoch: 8170, Loss: 5.626309394836426
Test acc: 0.0715, IC acc: 0.0867, IC acc2: 0.0037, IW acc: 0.0031
Epoch: 8171, Loss: 5.646839618682861
Epoch: 8172, Loss: 5.606407642364502
Epoch: 8173, Loss: 5.634198188781738
Epoch: 8174, Loss: 5.649505615234375
Epoch: 8175, Loss: 5.63505220413208
Epoch: 8176, Loss: 5.6630754470825195
Epoch: 8177, Loss: 5.655204772949219
Epoch: 8178, Loss: 5.632261276245117
Epoch: 8179, Loss: 5.630960464477539
Epoch: 8180, Loss: 5.6353960037231445
Test acc: 0.0719, IC acc: 0.0872, IC acc2: 0.0037, IW acc: 0.0031
Epoch: 8181, Loss: 5.62637996673584
Epoch: 8182, Loss: 5.652987480163574
Epoch: 8183, Loss: 5.631339073181152
Epoch: 8184, Loss: 5.632258415222168
Epoch: 8185, Loss: 5.654334545135498
Epoch: 8186, Loss: 5.643257141113281
Epoch: 8187, Loss: 5.649055480957031
Epoch: 8188, Loss: 5.631842613220215
Epoch: 8189, Loss: 5.64699649810791
Epoch: 8190, Loss: 5.635350227355957
Test acc: 0.0719, IC acc: 0.0874, IC acc2: 0.0037, IW acc: 0.0032
Epoch: 8191, Loss: 5.6316046714782715
Epoch: 8192, Loss: 5.650357723236084
Epoch: 8193, Loss: 5.629629135131836
Epoch: 8194, Loss: 5.648919105529785
Epoch: 8195, Loss: 5.645353317260742
Epoch: 8196, Loss: 5.637734889984131
Epoch: 8197, Loss: 5.635500431060791
Epoch: 8198, Loss: 5.659591197967529
Epoch: 8199, Loss: 5.646518707275391
./circuit_plots/Unrestricted Disentangled|Readout|CN=1|B0=0|B1=1|K=1280|L=320|p_B=0.75|p_C=0.75|B=2|eps=0|35ad5445-c154-4cea-8e18-983bdf361c37/ already exists.
./circuit_plots/Unrestricted Disentangled|Readout|CN=1|B0=0|B1=1|K=1280|L=320|p_B=0.75|p_C=0.75|B=2|eps=0|35ad5445-c154-4cea-8e18-983bdf361c37/ already exists.
./circuit_plots/Unrestricted Disentangled|Readout|CN=1|B0=0|B1=1|K=1280|L=320|p_B=0.75|p_C=0.75|B=2|eps=0|35ad5445-c154-4cea-8e18-983bdf361c37/ already exists.
./circuit_plots/Unrestricted Disentangled|Readout|CN=1|B0=0|B1=1|K=1280|L=320|p_B=0.75|p_C=0.75|B=2|eps=0|35ad5445-c154-4cea-8e18-983bdf361c37/ already exists.
./circuit_plots/Unrestricted Disentangled|Readout|CN=1|B0=0|B1=1|K=1280|L=320|p_B=0.75|p_C=0.75|B=2|eps=0|35ad5445-c154-4cea-8e18-983bdf361c37/ already exists.
./circuit_plots/Unrestricted Disentangled|Readout|CN=1|B0=0|B1=1|K=1280|L=320|p_B=0.75|p_C=0.75|B=2|eps=0|35ad5445-c154-4cea-8e18-983bdf361c37/ already exists.
./circuit_plots/Unrestricted Disentangled|Readout|CN=1|B0=0|B1=1|K=1280|L=320|p_B=0.75|p_C=0.75|B=2|eps=0|35ad5445-c154-4cea-8e18-983bdf361c37/ already exists.
Epoch: 8200, Loss: 5.643392086029053
Test acc: 0.0723, IC acc: 0.0874, IC acc2: 0.0037, IW acc: 0.0031
Epoch: 8201, Loss: 5.65367317199707
Epoch: 8202, Loss: 5.631248474121094
Epoch: 8203, Loss: 5.640066623687744
Epoch: 8204, Loss: 5.651755332946777
Epoch: 8205, Loss: 5.669513702392578
Epoch: 8206, Loss: 5.6431803703308105
Epoch: 8207, Loss: 5.636453628540039
Epoch: 8208, Loss: 5.636556148529053
Epoch: 8209, Loss: 5.657988548278809
Epoch: 8210, Loss: 5.642862796783447
Test acc: 0.0724, IC acc: 0.0878, IC acc2: 0.0037, IW acc: 0.0031
Epoch: 8211, Loss: 5.672298908233643
Epoch: 8212, Loss: 5.64849853515625
Epoch: 8213, Loss: 5.612675189971924
Epoch: 8214, Loss: 5.639228820800781
Epoch: 8215, Loss: 5.637199401855469
Epoch: 8216, Loss: 5.635265827178955
Epoch: 8217, Loss: 5.62393856048584
Epoch: 8218, Loss: 5.663082122802734
Epoch: 8219, Loss: 5.633454322814941
Epoch: 8220, Loss: 5.654554843902588
Test acc: 0.0724, IC acc: 0.0881, IC acc2: 0.0037, IW acc: 0.0031
Epoch: 8221, Loss: 5.64425802230835
Epoch: 8222, Loss: 5.636239051818848
Epoch: 8223, Loss: 5.6429123878479
Epoch: 8224, Loss: 5.623492240905762
Epoch: 8225, Loss: 5.656913757324219
Epoch: 8226, Loss: 5.658260345458984
Epoch: 8227, Loss: 5.648381233215332
Epoch: 8228, Loss: 5.639104843139648
Epoch: 8229, Loss: 5.6296539306640625
Epoch: 8230, Loss: 5.655474662780762
Test acc: 0.0726, IC acc: 0.0881, IC acc2: 0.0037, IW acc: 0.0031
Epoch: 8231, Loss: 5.657185077667236
Epoch: 8232, Loss: 5.633199691772461
Epoch: 8233, Loss: 5.635624408721924
Epoch: 8234, Loss: 5.634528636932373
Epoch: 8235, Loss: 5.664798736572266
Epoch: 8236, Loss: 5.63017463684082
Epoch: 8237, Loss: 5.627594947814941
Epoch: 8238, Loss: 5.650021553039551
Epoch: 8239, Loss: 5.648601531982422
Epoch: 8240, Loss: 5.64945125579834
Test acc: 0.0729, IC acc: 0.0884, IC acc2: 0.0037, IW acc: 0.0032
Epoch: 8241, Loss: 5.637773513793945
Epoch: 8242, Loss: 5.629854202270508
Epoch: 8243, Loss: 5.646755218505859
Epoch: 8244, Loss: 5.644126892089844
Epoch: 8245, Loss: 5.636204719543457
Epoch: 8246, Loss: 5.64070987701416
Epoch: 8247, Loss: 5.626163482666016
Epoch: 8248, Loss: 5.6466264724731445
Epoch: 8249, Loss: 5.644096374511719
./circuit_plots/Unrestricted Disentangled|Readout|CN=1|B0=0|B1=1|K=1280|L=320|p_B=0.75|p_C=0.75|B=2|eps=0|35ad5445-c154-4cea-8e18-983bdf361c37/ already exists.
./circuit_plots/Unrestricted Disentangled|Readout|CN=1|B0=0|B1=1|K=1280|L=320|p_B=0.75|p_C=0.75|B=2|eps=0|35ad5445-c154-4cea-8e18-983bdf361c37/ already exists.
./circuit_plots/Unrestricted Disentangled|Readout|CN=1|B0=0|B1=1|K=1280|L=320|p_B=0.75|p_C=0.75|B=2|eps=0|35ad5445-c154-4cea-8e18-983bdf361c37/ already exists.
./circuit_plots/Unrestricted Disentangled|Readout|CN=1|B0=0|B1=1|K=1280|L=320|p_B=0.75|p_C=0.75|B=2|eps=0|35ad5445-c154-4cea-8e18-983bdf361c37/ already exists.
./circuit_plots/Unrestricted Disentangled|Readout|CN=1|B0=0|B1=1|K=1280|L=320|p_B=0.75|p_C=0.75|B=2|eps=0|35ad5445-c154-4cea-8e18-983bdf361c37/ already exists.
./circuit_plots/Unrestricted Disentangled|Readout|CN=1|B0=0|B1=1|K=1280|L=320|p_B=0.75|p_C=0.75|B=2|eps=0|35ad5445-c154-4cea-8e18-983bdf361c37/ already exists.
./circuit_plots/Unrestricted Disentangled|Readout|CN=1|B0=0|B1=1|K=1280|L=320|p_B=0.75|p_C=0.75|B=2|eps=0|35ad5445-c154-4cea-8e18-983bdf361c37/ already exists.
Epoch: 8250, Loss: 5.658931732177734
Test acc: 0.073, IC acc: 0.0884, IC acc2: 0.0039, IW acc: 0.0031
Epoch: 8251, Loss: 5.643206596374512
Epoch: 8252, Loss: 5.638800621032715
Epoch: 8253, Loss: 5.621593952178955
Epoch: 8254, Loss: 5.63466739654541
Epoch: 8255, Loss: 5.646754264831543
Epoch: 8256, Loss: 5.635828971862793
Epoch: 8257, Loss: 5.660050392150879
Epoch: 8258, Loss: 5.642746448516846
Epoch: 8259, Loss: 5.656872749328613
Epoch: 8260, Loss: 5.628200531005859
Test acc: 0.0732, IC acc: 0.0884, IC acc2: 0.0039, IW acc: 0.0032
Epoch: 8261, Loss: 5.645686626434326
Epoch: 8262, Loss: 5.632014751434326
Epoch: 8263, Loss: 5.63509464263916
Epoch: 8264, Loss: 5.643253803253174
Epoch: 8265, Loss: 5.6445631980896
Epoch: 8266, Loss: 5.641754627227783
Epoch: 8267, Loss: 5.643514633178711
Epoch: 8268, Loss: 5.642273426055908
Epoch: 8269, Loss: 5.649223804473877
Epoch: 8270, Loss: 5.626546382904053
Test acc: 0.0732, IC acc: 0.0885, IC acc2: 0.0038, IW acc: 0.0031
Epoch: 8271, Loss: 5.661328315734863
Epoch: 8272, Loss: 5.639261245727539
Epoch: 8273, Loss: 5.660144805908203
Epoch: 8274, Loss: 5.652045249938965
Epoch: 8275, Loss: 5.637660980224609
Epoch: 8276, Loss: 5.639403820037842
Epoch: 8277, Loss: 5.632238388061523
Epoch: 8278, Loss: 5.6468987464904785
Epoch: 8279, Loss: 5.64862060546875
Epoch: 8280, Loss: 5.644704818725586
Test acc: 0.0731, IC acc: 0.0884, IC acc2: 0.0038, IW acc: 0.0031
Epoch: 8281, Loss: 5.660764217376709
Epoch: 8282, Loss: 5.647459030151367
Epoch: 8283, Loss: 5.62883186340332
Epoch: 8284, Loss: 5.635091781616211
Epoch: 8285, Loss: 5.652578353881836
Epoch: 8286, Loss: 5.653679847717285
Epoch: 8287, Loss: 5.629262447357178
Epoch: 8288, Loss: 5.619287490844727
Epoch: 8289, Loss: 5.623543739318848
Epoch: 8290, Loss: 5.653996467590332
Test acc: 0.0729, IC acc: 0.0885, IC acc2: 0.0038, IW acc: 0.0031
Epoch: 8291, Loss: 5.638409614562988
Epoch: 8292, Loss: 5.627368927001953
Epoch: 8293, Loss: 5.622186660766602
Epoch: 8294, Loss: 5.652695655822754
Epoch: 8295, Loss: 5.637202262878418
Epoch: 8296, Loss: 5.653399467468262
Epoch: 8297, Loss: 5.623632431030273
Epoch: 8298, Loss: 5.642290115356445
Epoch: 8299, Loss: 5.649823188781738
./circuit_plots/Unrestricted Disentangled|Readout|CN=1|B0=0|B1=1|K=1280|L=320|p_B=0.75|p_C=0.75|B=2|eps=0|35ad5445-c154-4cea-8e18-983bdf361c37/ already exists.
./circuit_plots/Unrestricted Disentangled|Readout|CN=1|B0=0|B1=1|K=1280|L=320|p_B=0.75|p_C=0.75|B=2|eps=0|35ad5445-c154-4cea-8e18-983bdf361c37/ already exists.
./circuit_plots/Unrestricted Disentangled|Readout|CN=1|B0=0|B1=1|K=1280|L=320|p_B=0.75|p_C=0.75|B=2|eps=0|35ad5445-c154-4cea-8e18-983bdf361c37/ already exists.
./circuit_plots/Unrestricted Disentangled|Readout|CN=1|B0=0|B1=1|K=1280|L=320|p_B=0.75|p_C=0.75|B=2|eps=0|35ad5445-c154-4cea-8e18-983bdf361c37/ already exists.
./circuit_plots/Unrestricted Disentangled|Readout|CN=1|B0=0|B1=1|K=1280|L=320|p_B=0.75|p_C=0.75|B=2|eps=0|35ad5445-c154-4cea-8e18-983bdf361c37/ already exists.
./circuit_plots/Unrestricted Disentangled|Readout|CN=1|B0=0|B1=1|K=1280|L=320|p_B=0.75|p_C=0.75|B=2|eps=0|35ad5445-c154-4cea-8e18-983bdf361c37/ already exists.
./circuit_plots/Unrestricted Disentangled|Readout|CN=1|B0=0|B1=1|K=1280|L=320|p_B=0.75|p_C=0.75|B=2|eps=0|35ad5445-c154-4cea-8e18-983bdf361c37/ already exists.
Epoch: 8300, Loss: 5.6377739906311035
Test acc: 0.073, IC acc: 0.0886, IC acc2: 0.0037, IW acc: 0.0031
Epoch: 8301, Loss: 5.639186382293701
Epoch: 8302, Loss: 5.634188652038574
Epoch: 8303, Loss: 5.643845558166504
Epoch: 8304, Loss: 5.639782428741455
Epoch: 8305, Loss: 5.661435127258301
Epoch: 8306, Loss: 5.63155460357666
Epoch: 8307, Loss: 5.660096168518066
Epoch: 8308, Loss: 5.631879806518555
Epoch: 8309, Loss: 5.6328582763671875
Epoch: 8310, Loss: 5.63730525970459
Test acc: 0.0732, IC acc: 0.0886, IC acc2: 0.0037, IW acc: 0.0031
Epoch: 8311, Loss: 5.613496780395508
Epoch: 8312, Loss: 5.6074371337890625
Epoch: 8313, Loss: 5.6344733238220215
Epoch: 8314, Loss: 5.634247779846191
Epoch: 8315, Loss: 5.630311489105225
Epoch: 8316, Loss: 5.657779693603516
Epoch: 8317, Loss: 5.639797210693359
Epoch: 8318, Loss: 5.634941101074219
Epoch: 8319, Loss: 5.624525547027588
Epoch: 8320, Loss: 5.647547721862793
Test acc: 0.0738, IC acc: 0.089, IC acc2: 0.0037, IW acc: 0.0031
Epoch: 8321, Loss: 5.645367622375488
Epoch: 8322, Loss: 5.648227691650391
Epoch: 8323, Loss: 5.633295059204102
Epoch: 8324, Loss: 5.619541168212891
Epoch: 8325, Loss: 5.6416850090026855
Epoch: 8326, Loss: 5.648260116577148
Epoch: 8327, Loss: 5.623084545135498
Epoch: 8328, Loss: 5.621580600738525
Epoch: 8329, Loss: 5.636139392852783
Epoch: 8330, Loss: 5.628472805023193
Test acc: 0.0736, IC acc: 0.0889, IC acc2: 0.0038, IW acc: 0.0031
Epoch: 8331, Loss: 5.656913757324219
Epoch: 8332, Loss: 5.600881099700928
Epoch: 8333, Loss: 5.638400077819824
Epoch: 8334, Loss: 5.64452600479126
Epoch: 8335, Loss: 5.642731189727783
Epoch: 8336, Loss: 5.640006065368652
Epoch: 8337, Loss: 5.642171382904053
Epoch: 8338, Loss: 5.656648635864258
Epoch: 8339, Loss: 5.6491594314575195
Epoch: 8340, Loss: 5.634395599365234
Test acc: 0.0735, IC acc: 0.0893, IC acc2: 0.0038, IW acc: 0.0031
Epoch: 8341, Loss: 5.623557090759277
Epoch: 8342, Loss: 5.6309027671813965
Epoch: 8343, Loss: 5.630224704742432
Epoch: 8344, Loss: 5.611368179321289
Epoch: 8345, Loss: 5.638306140899658
Epoch: 8346, Loss: 5.643050670623779
Epoch: 8347, Loss: 5.64885139465332
Epoch: 8348, Loss: 5.625381946563721
Epoch: 8349, Loss: 5.651801109313965
./circuit_plots/Unrestricted Disentangled|Readout|CN=1|B0=0|B1=1|K=1280|L=320|p_B=0.75|p_C=0.75|B=2|eps=0|35ad5445-c154-4cea-8e18-983bdf361c37/ already exists.
./circuit_plots/Unrestricted Disentangled|Readout|CN=1|B0=0|B1=1|K=1280|L=320|p_B=0.75|p_C=0.75|B=2|eps=0|35ad5445-c154-4cea-8e18-983bdf361c37/ already exists.
./circuit_plots/Unrestricted Disentangled|Readout|CN=1|B0=0|B1=1|K=1280|L=320|p_B=0.75|p_C=0.75|B=2|eps=0|35ad5445-c154-4cea-8e18-983bdf361c37/ already exists.
./circuit_plots/Unrestricted Disentangled|Readout|CN=1|B0=0|B1=1|K=1280|L=320|p_B=0.75|p_C=0.75|B=2|eps=0|35ad5445-c154-4cea-8e18-983bdf361c37/ already exists.
./circuit_plots/Unrestricted Disentangled|Readout|CN=1|B0=0|B1=1|K=1280|L=320|p_B=0.75|p_C=0.75|B=2|eps=0|35ad5445-c154-4cea-8e18-983bdf361c37/ already exists.
./circuit_plots/Unrestricted Disentangled|Readout|CN=1|B0=0|B1=1|K=1280|L=320|p_B=0.75|p_C=0.75|B=2|eps=0|35ad5445-c154-4cea-8e18-983bdf361c37/ already exists.
./circuit_plots/Unrestricted Disentangled|Readout|CN=1|B0=0|B1=1|K=1280|L=320|p_B=0.75|p_C=0.75|B=2|eps=0|35ad5445-c154-4cea-8e18-983bdf361c37/ already exists.
Epoch: 8350, Loss: 5.64414119720459
Test acc: 0.0735, IC acc: 0.0892, IC acc2: 0.0039, IW acc: 0.0031
Epoch: 8351, Loss: 5.638544082641602
Epoch: 8352, Loss: 5.6488542556762695
Epoch: 8353, Loss: 5.65032958984375
Epoch: 8354, Loss: 5.657497882843018
Epoch: 8355, Loss: 5.639103889465332
Epoch: 8356, Loss: 5.648294925689697
Epoch: 8357, Loss: 5.642772197723389
Epoch: 8358, Loss: 5.632124423980713
Epoch: 8359, Loss: 5.641927719116211
Epoch: 8360, Loss: 5.641766548156738
Test acc: 0.0736, IC acc: 0.0892, IC acc2: 0.0038, IW acc: 0.0031
Epoch: 8361, Loss: 5.622971057891846
Epoch: 8362, Loss: 5.665768146514893
Epoch: 8363, Loss: 5.632232666015625
Epoch: 8364, Loss: 5.63627815246582
Epoch: 8365, Loss: 5.636240005493164
Epoch: 8366, Loss: 5.652070999145508
Epoch: 8367, Loss: 5.650384426116943
Epoch: 8368, Loss: 5.6644792556762695
Epoch: 8369, Loss: 5.6351518630981445
Epoch: 8370, Loss: 5.62703800201416
Test acc: 0.0735, IC acc: 0.0898, IC acc2: 0.0038, IW acc: 0.0031
Epoch: 8371, Loss: 5.626986503601074
Epoch: 8372, Loss: 5.642289161682129
Epoch: 8373, Loss: 5.653111934661865
Epoch: 8374, Loss: 5.621864318847656
Epoch: 8375, Loss: 5.628239154815674
Epoch: 8376, Loss: 5.649229526519775
Epoch: 8377, Loss: 5.63539457321167
Epoch: 8378, Loss: 5.619950294494629
Epoch: 8379, Loss: 5.643495559692383
Epoch: 8380, Loss: 5.644448280334473
Test acc: 0.0737, IC acc: 0.0899, IC acc2: 0.0039, IW acc: 0.0031
Epoch: 8381, Loss: 5.623652935028076
Epoch: 8382, Loss: 5.638324737548828
Epoch: 8383, Loss: 5.624880313873291
Epoch: 8384, Loss: 5.644439220428467
Epoch: 8385, Loss: 5.653779029846191
Epoch: 8386, Loss: 5.630709648132324
Epoch: 8387, Loss: 5.640297889709473
Epoch: 8388, Loss: 5.648792266845703
Epoch: 8389, Loss: 5.647218704223633
Epoch: 8390, Loss: 5.637355804443359
Test acc: 0.074, IC acc: 0.0899, IC acc2: 0.0039, IW acc: 0.0031
Epoch: 8391, Loss: 5.638928413391113
Epoch: 8392, Loss: 5.644927978515625
Epoch: 8393, Loss: 5.618149757385254
Epoch: 8394, Loss: 5.6313886642456055
Epoch: 8395, Loss: 5.637946128845215
Epoch: 8396, Loss: 5.636353492736816
Epoch: 8397, Loss: 5.623363494873047
Epoch: 8398, Loss: 5.616410255432129
Epoch: 8399, Loss: 5.6629438400268555
./circuit_plots/Unrestricted Disentangled|Readout|CN=1|B0=0|B1=1|K=1280|L=320|p_B=0.75|p_C=0.75|B=2|eps=0|35ad5445-c154-4cea-8e18-983bdf361c37/ already exists.
./circuit_plots/Unrestricted Disentangled|Readout|CN=1|B0=0|B1=1|K=1280|L=320|p_B=0.75|p_C=0.75|B=2|eps=0|35ad5445-c154-4cea-8e18-983bdf361c37/ already exists.
./circuit_plots/Unrestricted Disentangled|Readout|CN=1|B0=0|B1=1|K=1280|L=320|p_B=0.75|p_C=0.75|B=2|eps=0|35ad5445-c154-4cea-8e18-983bdf361c37/ already exists.
./circuit_plots/Unrestricted Disentangled|Readout|CN=1|B0=0|B1=1|K=1280|L=320|p_B=0.75|p_C=0.75|B=2|eps=0|35ad5445-c154-4cea-8e18-983bdf361c37/ already exists.
./circuit_plots/Unrestricted Disentangled|Readout|CN=1|B0=0|B1=1|K=1280|L=320|p_B=0.75|p_C=0.75|B=2|eps=0|35ad5445-c154-4cea-8e18-983bdf361c37/ already exists.
./circuit_plots/Unrestricted Disentangled|Readout|CN=1|B0=0|B1=1|K=1280|L=320|p_B=0.75|p_C=0.75|B=2|eps=0|35ad5445-c154-4cea-8e18-983bdf361c37/ already exists.
./circuit_plots/Unrestricted Disentangled|Readout|CN=1|B0=0|B1=1|K=1280|L=320|p_B=0.75|p_C=0.75|B=2|eps=0|35ad5445-c154-4cea-8e18-983bdf361c37/ already exists.
Epoch: 8400, Loss: 5.631247043609619
Test acc: 0.0739, IC acc: 0.0902, IC acc2: 0.0038, IW acc: 0.0031
Epoch: 8401, Loss: 5.65217399597168
Epoch: 8402, Loss: 5.628897190093994
Epoch: 8403, Loss: 5.654694557189941
Epoch: 8404, Loss: 5.624542236328125
Epoch: 8405, Loss: 5.631666660308838
Epoch: 8406, Loss: 5.633759498596191
Epoch: 8407, Loss: 5.664397716522217
Epoch: 8408, Loss: 5.631819725036621
Epoch: 8409, Loss: 5.647641658782959
Epoch: 8410, Loss: 5.644934177398682
Test acc: 0.0742, IC acc: 0.0904, IC acc2: 0.0038, IW acc: 0.0031
Epoch: 8411, Loss: 5.640941143035889
Epoch: 8412, Loss: 5.644967079162598
Epoch: 8413, Loss: 5.640599250793457
Epoch: 8414, Loss: 5.633260726928711
Epoch: 8415, Loss: 5.648399829864502
Epoch: 8416, Loss: 5.639557838439941
Epoch: 8417, Loss: 5.625412464141846
Epoch: 8418, Loss: 5.649270057678223
Epoch: 8419, Loss: 5.632283687591553
Epoch: 8420, Loss: 5.630488395690918
Test acc: 0.0739, IC acc: 0.0904, IC acc2: 0.0039, IW acc: 0.0031
Epoch: 8421, Loss: 5.659499168395996
Epoch: 8422, Loss: 5.629009246826172
Epoch: 8423, Loss: 5.653800964355469
Epoch: 8424, Loss: 5.643691062927246
Epoch: 8425, Loss: 5.636630058288574
Epoch: 8426, Loss: 5.637351989746094
Epoch: 8427, Loss: 5.632156848907471
Epoch: 8428, Loss: 5.650627136230469
Epoch: 8429, Loss: 5.645051956176758
Epoch: 8430, Loss: 5.653181076049805
Test acc: 0.0741, IC acc: 0.0907, IC acc2: 0.0038, IW acc: 0.0031
Epoch: 8431, Loss: 5.634369850158691
Epoch: 8432, Loss: 5.643286228179932
Epoch: 8433, Loss: 5.641787052154541
Epoch: 8434, Loss: 5.64178466796875
Epoch: 8435, Loss: 5.627304553985596
Epoch: 8436, Loss: 5.666075706481934
Epoch: 8437, Loss: 5.609949111938477
Epoch: 8438, Loss: 5.649214267730713
Epoch: 8439, Loss: 5.659817218780518
Epoch: 8440, Loss: 5.63698673248291
Test acc: 0.0741, IC acc: 0.0908, IC acc2: 0.0037, IW acc: 0.0031
Epoch: 8441, Loss: 5.6301164627075195
Epoch: 8442, Loss: 5.643990516662598
Epoch: 8443, Loss: 5.658663749694824
Epoch: 8444, Loss: 5.650202751159668
Epoch: 8445, Loss: 5.626122951507568
Epoch: 8446, Loss: 5.637997627258301
Epoch: 8447, Loss: 5.638667106628418
Epoch: 8448, Loss: 5.638092041015625
Epoch: 8449, Loss: 5.636134147644043
./circuit_plots/Unrestricted Disentangled|Readout|CN=1|B0=0|B1=1|K=1280|L=320|p_B=0.75|p_C=0.75|B=2|eps=0|35ad5445-c154-4cea-8e18-983bdf361c37/ already exists.
./circuit_plots/Unrestricted Disentangled|Readout|CN=1|B0=0|B1=1|K=1280|L=320|p_B=0.75|p_C=0.75|B=2|eps=0|35ad5445-c154-4cea-8e18-983bdf361c37/ already exists.
./circuit_plots/Unrestricted Disentangled|Readout|CN=1|B0=0|B1=1|K=1280|L=320|p_B=0.75|p_C=0.75|B=2|eps=0|35ad5445-c154-4cea-8e18-983bdf361c37/ already exists.
./circuit_plots/Unrestricted Disentangled|Readout|CN=1|B0=0|B1=1|K=1280|L=320|p_B=0.75|p_C=0.75|B=2|eps=0|35ad5445-c154-4cea-8e18-983bdf361c37/ already exists.
./circuit_plots/Unrestricted Disentangled|Readout|CN=1|B0=0|B1=1|K=1280|L=320|p_B=0.75|p_C=0.75|B=2|eps=0|35ad5445-c154-4cea-8e18-983bdf361c37/ already exists.
./circuit_plots/Unrestricted Disentangled|Readout|CN=1|B0=0|B1=1|K=1280|L=320|p_B=0.75|p_C=0.75|B=2|eps=0|35ad5445-c154-4cea-8e18-983bdf361c37/ already exists.
./circuit_plots/Unrestricted Disentangled|Readout|CN=1|B0=0|B1=1|K=1280|L=320|p_B=0.75|p_C=0.75|B=2|eps=0|35ad5445-c154-4cea-8e18-983bdf361c37/ already exists.
Epoch: 8450, Loss: 5.620645046234131
Test acc: 0.0743, IC acc: 0.0909, IC acc2: 0.0038, IW acc: 0.0031
Epoch: 8451, Loss: 5.6253461837768555
Epoch: 8452, Loss: 5.639215469360352
Epoch: 8453, Loss: 5.6205525398254395
Epoch: 8454, Loss: 5.659833908081055
Epoch: 8455, Loss: 5.645814895629883
Epoch: 8456, Loss: 5.630090236663818
Epoch: 8457, Loss: 5.625343322753906
Epoch: 8458, Loss: 5.62613582611084
Epoch: 8459, Loss: 5.638952255249023
Epoch: 8460, Loss: 5.62633752822876
Test acc: 0.0744, IC acc: 0.0908, IC acc2: 0.0039, IW acc: 0.0031
Epoch: 8461, Loss: 5.625099182128906
Epoch: 8462, Loss: 5.644042015075684
Epoch: 8463, Loss: 5.638419151306152
Epoch: 8464, Loss: 5.648656845092773
Epoch: 8465, Loss: 5.654021739959717
Epoch: 8466, Loss: 5.624590873718262
Epoch: 8467, Loss: 5.6304240226745605
Epoch: 8468, Loss: 5.634583950042725
Epoch: 8469, Loss: 5.643787384033203
Epoch: 8470, Loss: 5.625454425811768
Test acc: 0.0745, IC acc: 0.091, IC acc2: 0.0039, IW acc: 0.0031
Epoch: 8471, Loss: 5.6353302001953125
Epoch: 8472, Loss: 5.6251420974731445
Epoch: 8473, Loss: 5.640375137329102
Epoch: 8474, Loss: 5.642230033874512
Epoch: 8475, Loss: 5.648284912109375
Epoch: 8476, Loss: 5.607699394226074
Epoch: 8477, Loss: 5.627623081207275
Epoch: 8478, Loss: 5.662364482879639
Epoch: 8479, Loss: 5.627405166625977
Epoch: 8480, Loss: 5.601951599121094
Test acc: 0.0746, IC acc: 0.0913, IC acc2: 0.0039, IW acc: 0.0031
Epoch: 8481, Loss: 5.636420249938965
Epoch: 8482, Loss: 5.626574516296387
Epoch: 8483, Loss: 5.62755012512207
Epoch: 8484, Loss: 5.6234540939331055
Epoch: 8485, Loss: 5.606069087982178
Epoch: 8486, Loss: 5.658140182495117
Epoch: 8487, Loss: 5.629006862640381
Epoch: 8488, Loss: 5.6373395919799805
Epoch: 8489, Loss: 5.644587993621826
Epoch: 8490, Loss: 5.641105651855469
Test acc: 0.0746, IC acc: 0.0913, IC acc2: 0.0039, IW acc: 0.0031
Epoch: 8491, Loss: 5.629843235015869
Epoch: 8492, Loss: 5.590444087982178
Epoch: 8493, Loss: 5.6489033699035645
Epoch: 8494, Loss: 5.641916751861572
Epoch: 8495, Loss: 5.622838020324707
Epoch: 8496, Loss: 5.6250715255737305
Epoch: 8497, Loss: 5.630927562713623
Epoch: 8498, Loss: 5.636257171630859
Epoch: 8499, Loss: 5.662715911865234
./circuit_plots/Unrestricted Disentangled|Readout|CN=1|B0=0|B1=1|K=1280|L=320|p_B=0.75|p_C=0.75|B=2|eps=0|35ad5445-c154-4cea-8e18-983bdf361c37/ already exists.
./circuit_plots/Unrestricted Disentangled|Readout|CN=1|B0=0|B1=1|K=1280|L=320|p_B=0.75|p_C=0.75|B=2|eps=0|35ad5445-c154-4cea-8e18-983bdf361c37/ already exists.
./circuit_plots/Unrestricted Disentangled|Readout|CN=1|B0=0|B1=1|K=1280|L=320|p_B=0.75|p_C=0.75|B=2|eps=0|35ad5445-c154-4cea-8e18-983bdf361c37/ already exists.
./circuit_plots/Unrestricted Disentangled|Readout|CN=1|B0=0|B1=1|K=1280|L=320|p_B=0.75|p_C=0.75|B=2|eps=0|35ad5445-c154-4cea-8e18-983bdf361c37/ already exists.
./circuit_plots/Unrestricted Disentangled|Readout|CN=1|B0=0|B1=1|K=1280|L=320|p_B=0.75|p_C=0.75|B=2|eps=0|35ad5445-c154-4cea-8e18-983bdf361c37/ already exists.
./circuit_plots/Unrestricted Disentangled|Readout|CN=1|B0=0|B1=1|K=1280|L=320|p_B=0.75|p_C=0.75|B=2|eps=0|35ad5445-c154-4cea-8e18-983bdf361c37/ already exists.
./circuit_plots/Unrestricted Disentangled|Readout|CN=1|B0=0|B1=1|K=1280|L=320|p_B=0.75|p_C=0.75|B=2|eps=0|35ad5445-c154-4cea-8e18-983bdf361c37/ already exists.
Epoch: 8500, Loss: 5.6273298263549805
Test acc: 0.0746, IC acc: 0.0915, IC acc2: 0.0039, IW acc: 0.0031
Epoch: 8501, Loss: 5.649116516113281
Epoch: 8502, Loss: 5.62941837310791
Epoch: 8503, Loss: 5.624503135681152
Epoch: 8504, Loss: 5.628508567810059
Epoch: 8505, Loss: 5.620102882385254
Epoch: 8506, Loss: 5.623077869415283
Epoch: 8507, Loss: 5.632599830627441
Epoch: 8508, Loss: 5.644510269165039
Epoch: 8509, Loss: 5.635811805725098
Epoch: 8510, Loss: 5.6225175857543945
Test acc: 0.0748, IC acc: 0.0916, IC acc2: 0.0039, IW acc: 0.0031
Epoch: 8511, Loss: 5.633030891418457
Epoch: 8512, Loss: 5.632734775543213
Epoch: 8513, Loss: 5.6347270011901855
Epoch: 8514, Loss: 5.643551349639893
Epoch: 8515, Loss: 5.646909236907959
Epoch: 8516, Loss: 5.635578155517578
Epoch: 8517, Loss: 5.644992828369141
Epoch: 8518, Loss: 5.629121780395508
Epoch: 8519, Loss: 5.641165256500244
Epoch: 8520, Loss: 5.636954307556152
Test acc: 0.0748, IC acc: 0.0916, IC acc2: 0.0039, IW acc: 0.0031
Epoch: 8521, Loss: 5.624955177307129
Epoch: 8522, Loss: 5.63532829284668
Epoch: 8523, Loss: 5.638331413269043
Epoch: 8524, Loss: 5.647003173828125
Epoch: 8525, Loss: 5.647732734680176
Epoch: 8526, Loss: 5.644439697265625
Epoch: 8527, Loss: 5.629756927490234
Epoch: 8528, Loss: 5.650781631469727
Epoch: 8529, Loss: 5.64510440826416
Epoch: 8530, Loss: 5.633480548858643
Test acc: 0.0751, IC acc: 0.0921, IC acc2: 0.0039, IW acc: 0.0031
Epoch: 8531, Loss: 5.632349967956543
Epoch: 8532, Loss: 5.62196159362793
Epoch: 8533, Loss: 5.662820339202881
Epoch: 8534, Loss: 5.6450090408325195
Epoch: 8535, Loss: 5.6378045082092285
Epoch: 8536, Loss: 5.64287805557251
Epoch: 8537, Loss: 5.653120994567871
Epoch: 8538, Loss: 5.645915985107422
Epoch: 8539, Loss: 5.6286444664001465
Epoch: 8540, Loss: 5.659741401672363
Test acc: 0.0753, IC acc: 0.0918, IC acc2: 0.0038, IW acc: 0.0031
Epoch: 8541, Loss: 5.641700744628906
Epoch: 8542, Loss: 5.621435165405273
Epoch: 8543, Loss: 5.642244338989258
Epoch: 8544, Loss: 5.663468837738037
Epoch: 8545, Loss: 5.624472141265869
Epoch: 8546, Loss: 5.639558792114258
Epoch: 8547, Loss: 5.632333755493164
Epoch: 8548, Loss: 5.639397144317627
Epoch: 8549, Loss: 5.630678176879883
./circuit_plots/Unrestricted Disentangled|Readout|CN=1|B0=0|B1=1|K=1280|L=320|p_B=0.75|p_C=0.75|B=2|eps=0|35ad5445-c154-4cea-8e18-983bdf361c37/ already exists.
./circuit_plots/Unrestricted Disentangled|Readout|CN=1|B0=0|B1=1|K=1280|L=320|p_B=0.75|p_C=0.75|B=2|eps=0|35ad5445-c154-4cea-8e18-983bdf361c37/ already exists.
./circuit_plots/Unrestricted Disentangled|Readout|CN=1|B0=0|B1=1|K=1280|L=320|p_B=0.75|p_C=0.75|B=2|eps=0|35ad5445-c154-4cea-8e18-983bdf361c37/ already exists.
./circuit_plots/Unrestricted Disentangled|Readout|CN=1|B0=0|B1=1|K=1280|L=320|p_B=0.75|p_C=0.75|B=2|eps=0|35ad5445-c154-4cea-8e18-983bdf361c37/ already exists.
./circuit_plots/Unrestricted Disentangled|Readout|CN=1|B0=0|B1=1|K=1280|L=320|p_B=0.75|p_C=0.75|B=2|eps=0|35ad5445-c154-4cea-8e18-983bdf361c37/ already exists.
./circuit_plots/Unrestricted Disentangled|Readout|CN=1|B0=0|B1=1|K=1280|L=320|p_B=0.75|p_C=0.75|B=2|eps=0|35ad5445-c154-4cea-8e18-983bdf361c37/ already exists.
./circuit_plots/Unrestricted Disentangled|Readout|CN=1|B0=0|B1=1|K=1280|L=320|p_B=0.75|p_C=0.75|B=2|eps=0|35ad5445-c154-4cea-8e18-983bdf361c37/ already exists.
Epoch: 8550, Loss: 5.629888534545898
Test acc: 0.0753, IC acc: 0.0914, IC acc2: 0.0039, IW acc: 0.0031
Epoch: 8551, Loss: 5.626046180725098
Epoch: 8552, Loss: 5.652741432189941
Epoch: 8553, Loss: 5.661545753479004
Epoch: 8554, Loss: 5.6354851722717285
Epoch: 8555, Loss: 5.657049179077148
Epoch: 8556, Loss: 5.648611068725586
Epoch: 8557, Loss: 5.613742828369141
Epoch: 8558, Loss: 5.651904106140137
Epoch: 8559, Loss: 5.626124382019043
Epoch: 8560, Loss: 5.629423141479492
Test acc: 0.0753, IC acc: 0.0917, IC acc2: 0.0039, IW acc: 0.0031
Epoch: 8561, Loss: 5.624527931213379
Epoch: 8562, Loss: 5.634624481201172
Epoch: 8563, Loss: 5.616454124450684
Epoch: 8564, Loss: 5.6122894287109375
Epoch: 8565, Loss: 5.639928817749023
Epoch: 8566, Loss: 5.636940956115723
Epoch: 8567, Loss: 5.648022174835205
Epoch: 8568, Loss: 5.6133198738098145
Epoch: 8569, Loss: 5.64030647277832
Epoch: 8570, Loss: 5.655958652496338
Test acc: 0.0753, IC acc: 0.0921, IC acc2: 0.0039, IW acc: 0.0031
Epoch: 8571, Loss: 5.647004127502441
Epoch: 8572, Loss: 5.631656646728516
Epoch: 8573, Loss: 5.62346076965332
Epoch: 8574, Loss: 5.648190498352051
Epoch: 8575, Loss: 5.628608703613281
Epoch: 8576, Loss: 5.636439323425293
Epoch: 8577, Loss: 5.6161088943481445
Epoch: 8578, Loss: 5.646213531494141
Epoch: 8579, Loss: 5.633495330810547
Epoch: 8580, Loss: 5.637344837188721
Test acc: 0.0757, IC acc: 0.0924, IC acc2: 0.0038, IW acc: 0.0031
Epoch: 8581, Loss: 5.628733158111572
Epoch: 8582, Loss: 5.6287336349487305
Epoch: 8583, Loss: 5.624558448791504
Epoch: 8584, Loss: 5.615474700927734
Epoch: 8585, Loss: 5.6368727684021
Epoch: 8586, Loss: 5.624780178070068
Epoch: 8587, Loss: 5.651962757110596
Epoch: 8588, Loss: 5.6525678634643555
Epoch: 8589, Loss: 5.647161960601807
Epoch: 8590, Loss: 5.645764350891113
Test acc: 0.0758, IC acc: 0.0927, IC acc2: 0.0038, IW acc: 0.0031
Epoch: 8591, Loss: 5.622702598571777
Epoch: 8592, Loss: 5.652054786682129
Epoch: 8593, Loss: 5.610793113708496
Epoch: 8594, Loss: 5.637896537780762
Epoch: 8595, Loss: 5.642001152038574
Epoch: 8596, Loss: 5.613312721252441
Epoch: 8597, Loss: 5.6369781494140625
Epoch: 8598, Loss: 5.659334182739258
Epoch: 8599, Loss: 5.611382484436035
./circuit_plots/Unrestricted Disentangled|Readout|CN=1|B0=0|B1=1|K=1280|L=320|p_B=0.75|p_C=0.75|B=2|eps=0|35ad5445-c154-4cea-8e18-983bdf361c37/ already exists.
./circuit_plots/Unrestricted Disentangled|Readout|CN=1|B0=0|B1=1|K=1280|L=320|p_B=0.75|p_C=0.75|B=2|eps=0|35ad5445-c154-4cea-8e18-983bdf361c37/ already exists.
./circuit_plots/Unrestricted Disentangled|Readout|CN=1|B0=0|B1=1|K=1280|L=320|p_B=0.75|p_C=0.75|B=2|eps=0|35ad5445-c154-4cea-8e18-983bdf361c37/ already exists.
./circuit_plots/Unrestricted Disentangled|Readout|CN=1|B0=0|B1=1|K=1280|L=320|p_B=0.75|p_C=0.75|B=2|eps=0|35ad5445-c154-4cea-8e18-983bdf361c37/ already exists.
./circuit_plots/Unrestricted Disentangled|Readout|CN=1|B0=0|B1=1|K=1280|L=320|p_B=0.75|p_C=0.75|B=2|eps=0|35ad5445-c154-4cea-8e18-983bdf361c37/ already exists.
./circuit_plots/Unrestricted Disentangled|Readout|CN=1|B0=0|B1=1|K=1280|L=320|p_B=0.75|p_C=0.75|B=2|eps=0|35ad5445-c154-4cea-8e18-983bdf361c37/ already exists.
./circuit_plots/Unrestricted Disentangled|Readout|CN=1|B0=0|B1=1|K=1280|L=320|p_B=0.75|p_C=0.75|B=2|eps=0|35ad5445-c154-4cea-8e18-983bdf361c37/ already exists.
Epoch: 8600, Loss: 5.625837802886963
Test acc: 0.076, IC acc: 0.093, IC acc2: 0.0038, IW acc: 0.0031
Epoch: 8601, Loss: 5.627028465270996
Epoch: 8602, Loss: 5.633378505706787
Epoch: 8603, Loss: 5.647505760192871
Epoch: 8604, Loss: 5.638525009155273
Epoch: 8605, Loss: 5.642974853515625
Epoch: 8606, Loss: 5.617336750030518
Epoch: 8607, Loss: 5.645986557006836
Epoch: 8608, Loss: 5.616161346435547
Epoch: 8609, Loss: 5.654562950134277
Epoch: 8610, Loss: 5.647169589996338
Test acc: 0.0759, IC acc: 0.0926, IC acc2: 0.0038, IW acc: 0.0031
Epoch: 8611, Loss: 5.611520767211914
Epoch: 8612, Loss: 5.621415615081787
Epoch: 8613, Loss: 5.619317054748535
Epoch: 8614, Loss: 5.631714820861816
Epoch: 8615, Loss: 5.628430366516113
Epoch: 8616, Loss: 5.619538307189941
Epoch: 8617, Loss: 5.630127906799316
Epoch: 8618, Loss: 5.638731002807617
Epoch: 8619, Loss: 5.647226333618164
Epoch: 8620, Loss: 5.625157356262207
Test acc: 0.0763, IC acc: 0.0929, IC acc2: 0.0038, IW acc: 0.0031
Epoch: 8621, Loss: 5.638218402862549
Epoch: 8622, Loss: 5.641475677490234
Epoch: 8623, Loss: 5.618696689605713
Epoch: 8624, Loss: 5.638492584228516
Epoch: 8625, Loss: 5.622106552124023
Epoch: 8626, Loss: 5.639731407165527
Epoch: 8627, Loss: 5.640551567077637
Epoch: 8628, Loss: 5.645583629608154
Epoch: 8629, Loss: 5.631899833679199
Epoch: 8630, Loss: 5.644526481628418
Test acc: 0.0766, IC acc: 0.0935, IC acc2: 0.0038, IW acc: 0.0031
Epoch: 8631, Loss: 5.645547866821289
Epoch: 8632, Loss: 5.639559745788574
Epoch: 8633, Loss: 5.630290985107422
Epoch: 8634, Loss: 5.62199592590332
Epoch: 8635, Loss: 5.642958641052246
Epoch: 8636, Loss: 5.634917736053467
Epoch: 8637, Loss: 5.616298198699951
Epoch: 8638, Loss: 5.621523857116699
Epoch: 8639, Loss: 5.645163059234619
Epoch: 8640, Loss: 5.646695613861084
Test acc: 0.0766, IC acc: 0.0935, IC acc2: 0.0038, IW acc: 0.0031
Epoch: 8641, Loss: 5.63767147064209
Epoch: 8642, Loss: 5.617152214050293
Epoch: 8643, Loss: 5.620338439941406
Epoch: 8644, Loss: 5.649454116821289
Epoch: 8645, Loss: 5.614701271057129
Epoch: 8646, Loss: 5.630940914154053
Epoch: 8647, Loss: 5.6109089851379395
Epoch: 8648, Loss: 5.623257637023926
Epoch: 8649, Loss: 5.642978668212891
./circuit_plots/Unrestricted Disentangled|Readout|CN=1|B0=0|B1=1|K=1280|L=320|p_B=0.75|p_C=0.75|B=2|eps=0|35ad5445-c154-4cea-8e18-983bdf361c37/ already exists.
./circuit_plots/Unrestricted Disentangled|Readout|CN=1|B0=0|B1=1|K=1280|L=320|p_B=0.75|p_C=0.75|B=2|eps=0|35ad5445-c154-4cea-8e18-983bdf361c37/ already exists.
./circuit_plots/Unrestricted Disentangled|Readout|CN=1|B0=0|B1=1|K=1280|L=320|p_B=0.75|p_C=0.75|B=2|eps=0|35ad5445-c154-4cea-8e18-983bdf361c37/ already exists.
./circuit_plots/Unrestricted Disentangled|Readout|CN=1|B0=0|B1=1|K=1280|L=320|p_B=0.75|p_C=0.75|B=2|eps=0|35ad5445-c154-4cea-8e18-983bdf361c37/ already exists.
./circuit_plots/Unrestricted Disentangled|Readout|CN=1|B0=0|B1=1|K=1280|L=320|p_B=0.75|p_C=0.75|B=2|eps=0|35ad5445-c154-4cea-8e18-983bdf361c37/ already exists.
./circuit_plots/Unrestricted Disentangled|Readout|CN=1|B0=0|B1=1|K=1280|L=320|p_B=0.75|p_C=0.75|B=2|eps=0|35ad5445-c154-4cea-8e18-983bdf361c37/ already exists.
./circuit_plots/Unrestricted Disentangled|Readout|CN=1|B0=0|B1=1|K=1280|L=320|p_B=0.75|p_C=0.75|B=2|eps=0|35ad5445-c154-4cea-8e18-983bdf361c37/ already exists.
Epoch: 8650, Loss: 5.624103546142578
Test acc: 0.0766, IC acc: 0.0936, IC acc2: 0.0038, IW acc: 0.0031
Epoch: 8651, Loss: 5.628076553344727
Epoch: 8652, Loss: 5.630622863769531
Epoch: 8653, Loss: 5.647369384765625
Epoch: 8654, Loss: 5.6253743171691895
Epoch: 8655, Loss: 5.639956474304199
Epoch: 8656, Loss: 5.623932838439941
Epoch: 8657, Loss: 5.614373207092285
Epoch: 8658, Loss: 5.639984607696533
Epoch: 8659, Loss: 5.625894546508789
Epoch: 8660, Loss: 5.639112949371338
Test acc: 0.077, IC acc: 0.0938, IC acc2: 0.0037, IW acc: 0.0031
Epoch: 8661, Loss: 5.626974105834961
Epoch: 8662, Loss: 5.635247230529785
Epoch: 8663, Loss: 5.643191337585449
Epoch: 8664, Loss: 5.649762153625488
Epoch: 8665, Loss: 5.639172077178955
Epoch: 8666, Loss: 5.6193389892578125
Epoch: 8667, Loss: 5.616489887237549
Epoch: 8668, Loss: 5.631237983703613
Epoch: 8669, Loss: 5.641606330871582
Epoch: 8670, Loss: 5.647314548492432
Test acc: 0.0772, IC acc: 0.094, IC acc2: 0.0038, IW acc: 0.0031
Epoch: 8671, Loss: 5.65709924697876
Epoch: 8672, Loss: 5.61870813369751
Epoch: 8673, Loss: 5.640545845031738
Epoch: 8674, Loss: 5.618097305297852
Epoch: 8675, Loss: 5.625248908996582
Epoch: 8676, Loss: 5.655828475952148
Epoch: 8677, Loss: 5.652897834777832
Epoch: 8678, Loss: 5.61778450012207
Epoch: 8679, Loss: 5.623802661895752
Epoch: 8680, Loss: 5.607032775878906
Test acc: 0.0772, IC acc: 0.094, IC acc2: 0.0038, IW acc: 0.0031
Epoch: 8681, Loss: 5.626871109008789
Epoch: 8682, Loss: 5.62440299987793
Epoch: 8683, Loss: 5.644701957702637
Epoch: 8684, Loss: 5.645423889160156
Epoch: 8685, Loss: 5.641165733337402
Epoch: 8686, Loss: 5.633506774902344
Epoch: 8687, Loss: 5.631545066833496
Epoch: 8688, Loss: 5.640083312988281
Epoch: 8689, Loss: 5.632266998291016
Epoch: 8690, Loss: 5.624460697174072
Test acc: 0.0773, IC acc: 0.0941, IC acc2: 0.0038, IW acc: 0.0031
Epoch: 8691, Loss: 5.6493072509765625
Epoch: 8692, Loss: 5.655308723449707
Epoch: 8693, Loss: 5.6249189376831055
Epoch: 8694, Loss: 5.628006935119629
Epoch: 8695, Loss: 5.635157585144043
Epoch: 8696, Loss: 5.641136646270752
Epoch: 8697, Loss: 5.651862621307373
Epoch: 8698, Loss: 5.638970375061035
Epoch: 8699, Loss: 5.641962051391602
./circuit_plots/Unrestricted Disentangled|Readout|CN=1|B0=0|B1=1|K=1280|L=320|p_B=0.75|p_C=0.75|B=2|eps=0|35ad5445-c154-4cea-8e18-983bdf361c37/ already exists.
./circuit_plots/Unrestricted Disentangled|Readout|CN=1|B0=0|B1=1|K=1280|L=320|p_B=0.75|p_C=0.75|B=2|eps=0|35ad5445-c154-4cea-8e18-983bdf361c37/ already exists.
./circuit_plots/Unrestricted Disentangled|Readout|CN=1|B0=0|B1=1|K=1280|L=320|p_B=0.75|p_C=0.75|B=2|eps=0|35ad5445-c154-4cea-8e18-983bdf361c37/ already exists.
./circuit_plots/Unrestricted Disentangled|Readout|CN=1|B0=0|B1=1|K=1280|L=320|p_B=0.75|p_C=0.75|B=2|eps=0|35ad5445-c154-4cea-8e18-983bdf361c37/ already exists.
./circuit_plots/Unrestricted Disentangled|Readout|CN=1|B0=0|B1=1|K=1280|L=320|p_B=0.75|p_C=0.75|B=2|eps=0|35ad5445-c154-4cea-8e18-983bdf361c37/ already exists.
./circuit_plots/Unrestricted Disentangled|Readout|CN=1|B0=0|B1=1|K=1280|L=320|p_B=0.75|p_C=0.75|B=2|eps=0|35ad5445-c154-4cea-8e18-983bdf361c37/ already exists.
./circuit_plots/Unrestricted Disentangled|Readout|CN=1|B0=0|B1=1|K=1280|L=320|p_B=0.75|p_C=0.75|B=2|eps=0|35ad5445-c154-4cea-8e18-983bdf361c37/ already exists.
Epoch: 8700, Loss: 5.627283096313477
Test acc: 0.0774, IC acc: 0.0944, IC acc2: 0.0038, IW acc: 0.0031
Epoch: 8701, Loss: 5.633858680725098
Epoch: 8702, Loss: 5.626870632171631
Epoch: 8703, Loss: 5.6091413497924805
Epoch: 8704, Loss: 5.655515670776367
Epoch: 8705, Loss: 5.624597072601318
Epoch: 8706, Loss: 5.624414443969727
Epoch: 8707, Loss: 5.6259660720825195
Epoch: 8708, Loss: 5.663416862487793
Epoch: 8709, Loss: 5.615217685699463
Epoch: 8710, Loss: 5.6465163230896
Test acc: 0.0776, IC acc: 0.0945, IC acc2: 0.0038, IW acc: 0.0031
Epoch: 8711, Loss: 5.625288009643555
Epoch: 8712, Loss: 5.639018535614014
Epoch: 8713, Loss: 5.6537184715271
Epoch: 8714, Loss: 5.64616584777832
Epoch: 8715, Loss: 5.657292366027832
Epoch: 8716, Loss: 5.635841369628906
Epoch: 8717, Loss: 5.638495445251465
Epoch: 8718, Loss: 5.62351131439209
Epoch: 8719, Loss: 5.6357574462890625
Epoch: 8720, Loss: 5.642553329467773
Test acc: 0.0777, IC acc: 0.0948, IC acc2: 0.0039, IW acc: 0.0031
Epoch: 8721, Loss: 5.627115249633789
Epoch: 8722, Loss: 5.631744384765625
Epoch: 8723, Loss: 5.624748706817627
Epoch: 8724, Loss: 5.638871192932129
Epoch: 8725, Loss: 5.606572151184082
Epoch: 8726, Loss: 5.634804725646973
Epoch: 8727, Loss: 5.641810417175293
Epoch: 8728, Loss: 5.6353983879089355
Epoch: 8729, Loss: 5.640079498291016
Epoch: 8730, Loss: 5.642529487609863
Test acc: 0.0777, IC acc: 0.0951, IC acc2: 0.0039, IW acc: 0.0031
Epoch: 8731, Loss: 5.6248555183410645
Epoch: 8732, Loss: 5.648712635040283
Epoch: 8733, Loss: 5.643546104431152
Epoch: 8734, Loss: 5.648227691650391
Epoch: 8735, Loss: 5.641116619110107
Epoch: 8736, Loss: 5.634203910827637
Epoch: 8737, Loss: 5.6304612159729
Epoch: 8738, Loss: 5.639575004577637
Epoch: 8739, Loss: 5.644428253173828
Epoch: 8740, Loss: 5.636661529541016
Test acc: 0.0776, IC acc: 0.0951, IC acc2: 0.0038, IW acc: 0.0031
Epoch: 8741, Loss: 5.628396987915039
Epoch: 8742, Loss: 5.636575222015381
Epoch: 8743, Loss: 5.635163307189941
Epoch: 8744, Loss: 5.619821548461914
Epoch: 8745, Loss: 5.636457443237305
Epoch: 8746, Loss: 5.635394096374512
Epoch: 8747, Loss: 5.641798496246338
Epoch: 8748, Loss: 5.629181861877441
Epoch: 8749, Loss: 5.632360935211182
./circuit_plots/Unrestricted Disentangled|Readout|CN=1|B0=0|B1=1|K=1280|L=320|p_B=0.75|p_C=0.75|B=2|eps=0|35ad5445-c154-4cea-8e18-983bdf361c37/ already exists.
./circuit_plots/Unrestricted Disentangled|Readout|CN=1|B0=0|B1=1|K=1280|L=320|p_B=0.75|p_C=0.75|B=2|eps=0|35ad5445-c154-4cea-8e18-983bdf361c37/ already exists.
./circuit_plots/Unrestricted Disentangled|Readout|CN=1|B0=0|B1=1|K=1280|L=320|p_B=0.75|p_C=0.75|B=2|eps=0|35ad5445-c154-4cea-8e18-983bdf361c37/ already exists.
./circuit_plots/Unrestricted Disentangled|Readout|CN=1|B0=0|B1=1|K=1280|L=320|p_B=0.75|p_C=0.75|B=2|eps=0|35ad5445-c154-4cea-8e18-983bdf361c37/ already exists.
./circuit_plots/Unrestricted Disentangled|Readout|CN=1|B0=0|B1=1|K=1280|L=320|p_B=0.75|p_C=0.75|B=2|eps=0|35ad5445-c154-4cea-8e18-983bdf361c37/ already exists.
./circuit_plots/Unrestricted Disentangled|Readout|CN=1|B0=0|B1=1|K=1280|L=320|p_B=0.75|p_C=0.75|B=2|eps=0|35ad5445-c154-4cea-8e18-983bdf361c37/ already exists.
./circuit_plots/Unrestricted Disentangled|Readout|CN=1|B0=0|B1=1|K=1280|L=320|p_B=0.75|p_C=0.75|B=2|eps=0|35ad5445-c154-4cea-8e18-983bdf361c37/ already exists.
Epoch: 8750, Loss: 5.656307220458984
Test acc: 0.0779, IC acc: 0.0956, IC acc2: 0.0039, IW acc: 0.0031
Epoch: 8751, Loss: 5.637568473815918
Epoch: 8752, Loss: 5.638803482055664
Epoch: 8753, Loss: 5.644565105438232
Epoch: 8754, Loss: 5.616724967956543
Epoch: 8755, Loss: 5.639712333679199
Epoch: 8756, Loss: 5.628952980041504
Epoch: 8757, Loss: 5.60653018951416
Epoch: 8758, Loss: 5.623229503631592
Epoch: 8759, Loss: 5.618827819824219
Epoch: 8760, Loss: 5.61414909362793
Test acc: 0.0779, IC acc: 0.0959, IC acc2: 0.0038, IW acc: 0.0031
Epoch: 8761, Loss: 5.623776435852051
Epoch: 8762, Loss: 5.631527900695801
Epoch: 8763, Loss: 5.645417213439941
Epoch: 8764, Loss: 5.621405601501465
Epoch: 8765, Loss: 5.633057594299316
Epoch: 8766, Loss: 5.633934497833252
Epoch: 8767, Loss: 5.644253253936768
Epoch: 8768, Loss: 5.627779960632324
Epoch: 8769, Loss: 5.624542236328125
Epoch: 8770, Loss: 5.643527984619141
Test acc: 0.0781, IC acc: 0.0959, IC acc2: 0.0038, IW acc: 0.0031
Epoch: 8771, Loss: 5.6317057609558105
Epoch: 8772, Loss: 5.640510559082031
Epoch: 8773, Loss: 5.646597862243652
Epoch: 8774, Loss: 5.625948429107666
Epoch: 8775, Loss: 5.651109218597412
Epoch: 8776, Loss: 5.634615898132324
Epoch: 8777, Loss: 5.663763046264648
Epoch: 8778, Loss: 5.635651111602783
Epoch: 8779, Loss: 5.629434585571289
Epoch: 8780, Loss: 5.639378547668457
Test acc: 0.0781, IC acc: 0.0962, IC acc2: 0.0038, IW acc: 0.0032
Epoch: 8781, Loss: 5.637601375579834
Epoch: 8782, Loss: 5.63215446472168
Epoch: 8783, Loss: 5.623068809509277
Epoch: 8784, Loss: 5.610677242279053
Epoch: 8785, Loss: 5.636621475219727
Epoch: 8786, Loss: 5.626190662384033
Epoch: 8787, Loss: 5.636884689331055
Epoch: 8788, Loss: 5.657714366912842
Epoch: 8789, Loss: 5.629846572875977
Epoch: 8790, Loss: 5.633622169494629
Test acc: 0.0784, IC acc: 0.0966, IC acc2: 0.0039, IW acc: 0.0032
Epoch: 8791, Loss: 5.628861427307129
Epoch: 8792, Loss: 5.622693061828613
Epoch: 8793, Loss: 5.629754066467285
Epoch: 8794, Loss: 5.619941711425781
Epoch: 8795, Loss: 5.607774257659912
Epoch: 8796, Loss: 5.635366439819336
Epoch: 8797, Loss: 5.6677961349487305
Epoch: 8798, Loss: 5.623689651489258
Epoch: 8799, Loss: 5.650676250457764
./circuit_plots/Unrestricted Disentangled|Readout|CN=1|B0=0|B1=1|K=1280|L=320|p_B=0.75|p_C=0.75|B=2|eps=0|35ad5445-c154-4cea-8e18-983bdf361c37/ already exists.
./circuit_plots/Unrestricted Disentangled|Readout|CN=1|B0=0|B1=1|K=1280|L=320|p_B=0.75|p_C=0.75|B=2|eps=0|35ad5445-c154-4cea-8e18-983bdf361c37/ already exists.
./circuit_plots/Unrestricted Disentangled|Readout|CN=1|B0=0|B1=1|K=1280|L=320|p_B=0.75|p_C=0.75|B=2|eps=0|35ad5445-c154-4cea-8e18-983bdf361c37/ already exists.
./circuit_plots/Unrestricted Disentangled|Readout|CN=1|B0=0|B1=1|K=1280|L=320|p_B=0.75|p_C=0.75|B=2|eps=0|35ad5445-c154-4cea-8e18-983bdf361c37/ already exists.
./circuit_plots/Unrestricted Disentangled|Readout|CN=1|B0=0|B1=1|K=1280|L=320|p_B=0.75|p_C=0.75|B=2|eps=0|35ad5445-c154-4cea-8e18-983bdf361c37/ already exists.
./circuit_plots/Unrestricted Disentangled|Readout|CN=1|B0=0|B1=1|K=1280|L=320|p_B=0.75|p_C=0.75|B=2|eps=0|35ad5445-c154-4cea-8e18-983bdf361c37/ already exists.
./circuit_plots/Unrestricted Disentangled|Readout|CN=1|B0=0|B1=1|K=1280|L=320|p_B=0.75|p_C=0.75|B=2|eps=0|35ad5445-c154-4cea-8e18-983bdf361c37/ already exists.
Epoch: 8800, Loss: 5.6376519203186035
Test acc: 0.0786, IC acc: 0.097, IC acc2: 0.0038, IW acc: 0.0031
Epoch: 8801, Loss: 5.637200832366943
Epoch: 8802, Loss: 5.632833957672119
Epoch: 8803, Loss: 5.623334884643555
Epoch: 8804, Loss: 5.638278007507324
Epoch: 8805, Loss: 5.631174087524414
Epoch: 8806, Loss: 5.619565010070801
Epoch: 8807, Loss: 5.649489402770996
Epoch: 8808, Loss: 5.647168159484863
Epoch: 8809, Loss: 5.6555023193359375
Epoch: 8810, Loss: 5.637895107269287
Test acc: 0.0787, IC acc: 0.0972, IC acc2: 0.0038, IW acc: 0.0031
Epoch: 8811, Loss: 5.642737865447998
Epoch: 8812, Loss: 5.63033390045166
Epoch: 8813, Loss: 5.63251256942749
Epoch: 8814, Loss: 5.642082214355469
Epoch: 8815, Loss: 5.638003349304199
Epoch: 8816, Loss: 5.625494956970215
Epoch: 8817, Loss: 5.630176544189453
Epoch: 8818, Loss: 5.632200241088867
Epoch: 8819, Loss: 5.6254730224609375
Epoch: 8820, Loss: 5.637461185455322
Test acc: 0.0787, IC acc: 0.0973, IC acc2: 0.0039, IW acc: 0.0031
Epoch: 8821, Loss: 5.661665439605713
Epoch: 8822, Loss: 5.629419326782227
Epoch: 8823, Loss: 5.611930847167969
Epoch: 8824, Loss: 5.600818157196045
Epoch: 8825, Loss: 5.64064359664917
Epoch: 8826, Loss: 5.63161039352417
Epoch: 8827, Loss: 5.625921249389648
Epoch: 8828, Loss: 5.624032974243164
Epoch: 8829, Loss: 5.646510124206543
Epoch: 8830, Loss: 5.636986255645752
Test acc: 0.0788, IC acc: 0.0971, IC acc2: 0.0038, IW acc: 0.0031
Epoch: 8831, Loss: 5.617156028747559
Epoch: 8832, Loss: 5.625767707824707
Epoch: 8833, Loss: 5.634355545043945
Epoch: 8834, Loss: 5.625432014465332
Epoch: 8835, Loss: 5.648845195770264
Epoch: 8836, Loss: 5.63338565826416
Epoch: 8837, Loss: 5.634306907653809
Epoch: 8838, Loss: 5.625805854797363
Epoch: 8839, Loss: 5.637322425842285
Epoch: 8840, Loss: 5.63311767578125
Test acc: 0.079, IC acc: 0.0971, IC acc2: 0.0038, IW acc: 0.0031
Epoch: 8841, Loss: 5.634282112121582
Epoch: 8842, Loss: 5.624940395355225
Epoch: 8843, Loss: 5.624597549438477
Epoch: 8844, Loss: 5.6124467849731445
Epoch: 8845, Loss: 5.662603378295898
Epoch: 8846, Loss: 5.619295120239258
Epoch: 8847, Loss: 5.645249366760254
Epoch: 8848, Loss: 5.618877410888672
Epoch: 8849, Loss: 5.6462082862854
./circuit_plots/Unrestricted Disentangled|Readout|CN=1|B0=0|B1=1|K=1280|L=320|p_B=0.75|p_C=0.75|B=2|eps=0|35ad5445-c154-4cea-8e18-983bdf361c37/ already exists.
./circuit_plots/Unrestricted Disentangled|Readout|CN=1|B0=0|B1=1|K=1280|L=320|p_B=0.75|p_C=0.75|B=2|eps=0|35ad5445-c154-4cea-8e18-983bdf361c37/ already exists.
./circuit_plots/Unrestricted Disentangled|Readout|CN=1|B0=0|B1=1|K=1280|L=320|p_B=0.75|p_C=0.75|B=2|eps=0|35ad5445-c154-4cea-8e18-983bdf361c37/ already exists.
./circuit_plots/Unrestricted Disentangled|Readout|CN=1|B0=0|B1=1|K=1280|L=320|p_B=0.75|p_C=0.75|B=2|eps=0|35ad5445-c154-4cea-8e18-983bdf361c37/ already exists.
./circuit_plots/Unrestricted Disentangled|Readout|CN=1|B0=0|B1=1|K=1280|L=320|p_B=0.75|p_C=0.75|B=2|eps=0|35ad5445-c154-4cea-8e18-983bdf361c37/ already exists.
./circuit_plots/Unrestricted Disentangled|Readout|CN=1|B0=0|B1=1|K=1280|L=320|p_B=0.75|p_C=0.75|B=2|eps=0|35ad5445-c154-4cea-8e18-983bdf361c37/ already exists.
./circuit_plots/Unrestricted Disentangled|Readout|CN=1|B0=0|B1=1|K=1280|L=320|p_B=0.75|p_C=0.75|B=2|eps=0|35ad5445-c154-4cea-8e18-983bdf361c37/ already exists.
Epoch: 8850, Loss: 5.611922740936279
Test acc: 0.0789, IC acc: 0.0974, IC acc2: 0.0038, IW acc: 0.0031
Epoch: 8851, Loss: 5.637951850891113
Epoch: 8852, Loss: 5.638553619384766
Epoch: 8853, Loss: 5.612524509429932
Epoch: 8854, Loss: 5.633695602416992
Epoch: 8855, Loss: 5.627287864685059
Epoch: 8856, Loss: 5.604211807250977
Epoch: 8857, Loss: 5.630612373352051
Epoch: 8858, Loss: 5.640938758850098
Epoch: 8859, Loss: 5.638881683349609
Epoch: 8860, Loss: 5.627566814422607
Test acc: 0.0794, IC acc: 0.0976, IC acc2: 0.0038, IW acc: 0.0031
Epoch: 8861, Loss: 5.633726119995117
Epoch: 8862, Loss: 5.646971702575684
Epoch: 8863, Loss: 5.6294965744018555
Epoch: 8864, Loss: 5.612318515777588
Epoch: 8865, Loss: 5.649975299835205
Epoch: 8866, Loss: 5.608441352844238
Epoch: 8867, Loss: 5.658616065979004
Epoch: 8868, Loss: 5.640267848968506
Epoch: 8869, Loss: 5.625434875488281
Epoch: 8870, Loss: 5.621097564697266
Test acc: 0.0798, IC acc: 0.0977, IC acc2: 0.0038, IW acc: 0.0032
Epoch: 8871, Loss: 5.630174160003662
Epoch: 8872, Loss: 5.637066841125488
Epoch: 8873, Loss: 5.644526958465576
Epoch: 8874, Loss: 5.630126953125
Epoch: 8875, Loss: 5.625247478485107
Epoch: 8876, Loss: 5.623295307159424
Epoch: 8877, Loss: 5.60502290725708
Epoch: 8878, Loss: 5.631658554077148
Epoch: 8879, Loss: 5.633151054382324
Epoch: 8880, Loss: 5.643484592437744
Test acc: 0.0795, IC acc: 0.0979, IC acc2: 0.0038, IW acc: 0.0032
Epoch: 8881, Loss: 5.623581886291504
Epoch: 8882, Loss: 5.643064498901367
Epoch: 8883, Loss: 5.621448993682861
Epoch: 8884, Loss: 5.615688323974609
Epoch: 8885, Loss: 5.618600368499756
Epoch: 8886, Loss: 5.632906913757324
Epoch: 8887, Loss: 5.630582809448242
Epoch: 8888, Loss: 5.633258819580078
Epoch: 8889, Loss: 5.642178535461426
Epoch: 8890, Loss: 5.623525142669678
Test acc: 0.0798, IC acc: 0.0982, IC acc2: 0.0038, IW acc: 0.0031
Epoch: 8891, Loss: 5.634583473205566
Epoch: 8892, Loss: 5.638715744018555
Epoch: 8893, Loss: 5.6132049560546875
Epoch: 8894, Loss: 5.615540504455566
Epoch: 8895, Loss: 5.661813735961914
Epoch: 8896, Loss: 5.616479873657227
Epoch: 8897, Loss: 5.622788429260254
Epoch: 8898, Loss: 5.624438762664795
Epoch: 8899, Loss: 5.643371105194092
./circuit_plots/Unrestricted Disentangled|Readout|CN=1|B0=0|B1=1|K=1280|L=320|p_B=0.75|p_C=0.75|B=2|eps=0|35ad5445-c154-4cea-8e18-983bdf361c37/ already exists.
./circuit_plots/Unrestricted Disentangled|Readout|CN=1|B0=0|B1=1|K=1280|L=320|p_B=0.75|p_C=0.75|B=2|eps=0|35ad5445-c154-4cea-8e18-983bdf361c37/ already exists.
./circuit_plots/Unrestricted Disentangled|Readout|CN=1|B0=0|B1=1|K=1280|L=320|p_B=0.75|p_C=0.75|B=2|eps=0|35ad5445-c154-4cea-8e18-983bdf361c37/ already exists.
./circuit_plots/Unrestricted Disentangled|Readout|CN=1|B0=0|B1=1|K=1280|L=320|p_B=0.75|p_C=0.75|B=2|eps=0|35ad5445-c154-4cea-8e18-983bdf361c37/ already exists.
./circuit_plots/Unrestricted Disentangled|Readout|CN=1|B0=0|B1=1|K=1280|L=320|p_B=0.75|p_C=0.75|B=2|eps=0|35ad5445-c154-4cea-8e18-983bdf361c37/ already exists.
./circuit_plots/Unrestricted Disentangled|Readout|CN=1|B0=0|B1=1|K=1280|L=320|p_B=0.75|p_C=0.75|B=2|eps=0|35ad5445-c154-4cea-8e18-983bdf361c37/ already exists.
./circuit_plots/Unrestricted Disentangled|Readout|CN=1|B0=0|B1=1|K=1280|L=320|p_B=0.75|p_C=0.75|B=2|eps=0|35ad5445-c154-4cea-8e18-983bdf361c37/ already exists.
Epoch: 8900, Loss: 5.640011310577393
Test acc: 0.0798, IC acc: 0.0983, IC acc2: 0.0038, IW acc: 0.0031
Epoch: 8901, Loss: 5.625992298126221
Epoch: 8902, Loss: 5.631041526794434
Epoch: 8903, Loss: 5.641872406005859
Epoch: 8904, Loss: 5.6599578857421875
Epoch: 8905, Loss: 5.622821807861328
Epoch: 8906, Loss: 5.636023044586182
Epoch: 8907, Loss: 5.631986618041992
Epoch: 8908, Loss: 5.632852077484131
Epoch: 8909, Loss: 5.6112751960754395
Epoch: 8910, Loss: 5.629446029663086
Test acc: 0.0797, IC acc: 0.0988, IC acc2: 0.0038, IW acc: 0.0032
Epoch: 8911, Loss: 5.617583274841309
Epoch: 8912, Loss: 5.61914587020874
Epoch: 8913, Loss: 5.634469032287598
Epoch: 8914, Loss: 5.642058372497559
Epoch: 8915, Loss: 5.632493019104004
Epoch: 8916, Loss: 5.625709533691406
Epoch: 8917, Loss: 5.635960102081299
Epoch: 8918, Loss: 5.652668476104736
Epoch: 8919, Loss: 5.651576042175293
Epoch: 8920, Loss: 5.652422904968262
Test acc: 0.0799, IC acc: 0.0992, IC acc2: 0.0038, IW acc: 0.0032
Epoch: 8921, Loss: 5.621179580688477
Epoch: 8922, Loss: 5.63895320892334
Epoch: 8923, Loss: 5.631967067718506
Epoch: 8924, Loss: 5.616218090057373
Epoch: 8925, Loss: 5.621822357177734
Epoch: 8926, Loss: 5.610594749450684
Epoch: 8927, Loss: 5.634579658508301
Epoch: 8928, Loss: 5.634879112243652
Epoch: 8929, Loss: 5.616942882537842
Epoch: 8930, Loss: 5.626773357391357
Test acc: 0.0802, IC acc: 0.099, IC acc2: 0.0038, IW acc: 0.0032
Epoch: 8931, Loss: 5.6281304359436035
Epoch: 8932, Loss: 5.608760356903076
Epoch: 8933, Loss: 5.644672393798828
Epoch: 8934, Loss: 5.619387626647949
Epoch: 8935, Loss: 5.62278938293457
Epoch: 8936, Loss: 5.615153789520264
Epoch: 8937, Loss: 5.631500720977783
Epoch: 8938, Loss: 5.6221113204956055
Epoch: 8939, Loss: 5.631537437438965
Epoch: 8940, Loss: 5.630336284637451
Test acc: 0.08, IC acc: 0.099, IC acc2: 0.0038, IW acc: 0.0032
Epoch: 8941, Loss: 5.624371528625488
Epoch: 8942, Loss: 5.626359939575195
Epoch: 8943, Loss: 5.636693477630615
Epoch: 8944, Loss: 5.617334842681885
Epoch: 8945, Loss: 5.6228742599487305
Epoch: 8946, Loss: 5.624370574951172
Epoch: 8947, Loss: 5.626777648925781
Epoch: 8948, Loss: 5.619143486022949
Epoch: 8949, Loss: 5.629130840301514
./circuit_plots/Unrestricted Disentangled|Readout|CN=1|B0=0|B1=1|K=1280|L=320|p_B=0.75|p_C=0.75|B=2|eps=0|35ad5445-c154-4cea-8e18-983bdf361c37/ already exists.
./circuit_plots/Unrestricted Disentangled|Readout|CN=1|B0=0|B1=1|K=1280|L=320|p_B=0.75|p_C=0.75|B=2|eps=0|35ad5445-c154-4cea-8e18-983bdf361c37/ already exists.
./circuit_plots/Unrestricted Disentangled|Readout|CN=1|B0=0|B1=1|K=1280|L=320|p_B=0.75|p_C=0.75|B=2|eps=0|35ad5445-c154-4cea-8e18-983bdf361c37/ already exists.
./circuit_plots/Unrestricted Disentangled|Readout|CN=1|B0=0|B1=1|K=1280|L=320|p_B=0.75|p_C=0.75|B=2|eps=0|35ad5445-c154-4cea-8e18-983bdf361c37/ already exists.
./circuit_plots/Unrestricted Disentangled|Readout|CN=1|B0=0|B1=1|K=1280|L=320|p_B=0.75|p_C=0.75|B=2|eps=0|35ad5445-c154-4cea-8e18-983bdf361c37/ already exists.
./circuit_plots/Unrestricted Disentangled|Readout|CN=1|B0=0|B1=1|K=1280|L=320|p_B=0.75|p_C=0.75|B=2|eps=0|35ad5445-c154-4cea-8e18-983bdf361c37/ already exists.
./circuit_plots/Unrestricted Disentangled|Readout|CN=1|B0=0|B1=1|K=1280|L=320|p_B=0.75|p_C=0.75|B=2|eps=0|35ad5445-c154-4cea-8e18-983bdf361c37/ already exists.
Epoch: 8950, Loss: 5.655314922332764
Test acc: 0.0799, IC acc: 0.099, IC acc2: 0.0038, IW acc: 0.0032
Epoch: 8951, Loss: 5.635854721069336
Epoch: 8952, Loss: 5.607763290405273
Epoch: 8953, Loss: 5.642661094665527
Epoch: 8954, Loss: 5.6093926429748535
Epoch: 8955, Loss: 5.658096790313721
Epoch: 8956, Loss: 5.621691703796387
Epoch: 8957, Loss: 5.638726234436035
Epoch: 8958, Loss: 5.629486083984375
Epoch: 8959, Loss: 5.621951103210449
Epoch: 8960, Loss: 5.611486434936523
Test acc: 0.0801, IC acc: 0.0992, IC acc2: 0.0038, IW acc: 0.0033
Epoch: 8961, Loss: 5.619208335876465
Epoch: 8962, Loss: 5.641845703125
Epoch: 8963, Loss: 5.658585548400879
Epoch: 8964, Loss: 5.604781150817871
Epoch: 8965, Loss: 5.630529403686523
Epoch: 8966, Loss: 5.634945392608643
Epoch: 8967, Loss: 5.624821662902832
Epoch: 8968, Loss: 5.612475395202637
Epoch: 8969, Loss: 5.623175621032715
Epoch: 8970, Loss: 5.64222526550293
Test acc: 0.08, IC acc: 0.0995, IC acc2: 0.0038, IW acc: 0.0033
Epoch: 8971, Loss: 5.6053924560546875
Epoch: 8972, Loss: 5.64213228225708
Epoch: 8973, Loss: 5.62229585647583
Epoch: 8974, Loss: 5.630315780639648
Epoch: 8975, Loss: 5.604022026062012
Epoch: 8976, Loss: 5.609302520751953
Epoch: 8977, Loss: 5.604002952575684
Epoch: 8978, Loss: 5.6181440353393555
Epoch: 8979, Loss: 5.617840766906738
Epoch: 8980, Loss: 5.628846168518066
Test acc: 0.0802, IC acc: 0.0996, IC acc2: 0.0038, IW acc: 0.0032
Epoch: 8981, Loss: 5.638571739196777
Epoch: 8982, Loss: 5.621476173400879
Epoch: 8983, Loss: 5.635245323181152
Epoch: 8984, Loss: 5.625904560089111
Epoch: 8985, Loss: 5.626681327819824
Epoch: 8986, Loss: 5.646100044250488
Epoch: 8987, Loss: 5.63202428817749
Epoch: 8988, Loss: 5.620806694030762
Epoch: 8989, Loss: 5.621944427490234
Epoch: 8990, Loss: 5.6363396644592285
Test acc: 0.0802, IC acc: 0.1002, IC acc2: 0.0038, IW acc: 0.0031
Epoch: 8991, Loss: 5.619648456573486
Epoch: 8992, Loss: 5.615877628326416
Epoch: 8993, Loss: 5.642836570739746
Epoch: 8994, Loss: 5.631298065185547
Epoch: 8995, Loss: 5.606837272644043
Epoch: 8996, Loss: 5.6296916007995605
Epoch: 8997, Loss: 5.634945869445801
Epoch: 8998, Loss: 5.6195573806762695
Epoch: 8999, Loss: 5.629556655883789
./circuit_plots/Unrestricted Disentangled|Readout|CN=1|B0=0|B1=1|K=1280|L=320|p_B=0.75|p_C=0.75|B=2|eps=0|35ad5445-c154-4cea-8e18-983bdf361c37/ already exists.
./circuit_plots/Unrestricted Disentangled|Readout|CN=1|B0=0|B1=1|K=1280|L=320|p_B=0.75|p_C=0.75|B=2|eps=0|35ad5445-c154-4cea-8e18-983bdf361c37/ already exists.
./circuit_plots/Unrestricted Disentangled|Readout|CN=1|B0=0|B1=1|K=1280|L=320|p_B=0.75|p_C=0.75|B=2|eps=0|35ad5445-c154-4cea-8e18-983bdf361c37/ already exists.
./circuit_plots/Unrestricted Disentangled|Readout|CN=1|B0=0|B1=1|K=1280|L=320|p_B=0.75|p_C=0.75|B=2|eps=0|35ad5445-c154-4cea-8e18-983bdf361c37/ already exists.
./circuit_plots/Unrestricted Disentangled|Readout|CN=1|B0=0|B1=1|K=1280|L=320|p_B=0.75|p_C=0.75|B=2|eps=0|35ad5445-c154-4cea-8e18-983bdf361c37/ already exists.
./circuit_plots/Unrestricted Disentangled|Readout|CN=1|B0=0|B1=1|K=1280|L=320|p_B=0.75|p_C=0.75|B=2|eps=0|35ad5445-c154-4cea-8e18-983bdf361c37/ already exists.
./circuit_plots/Unrestricted Disentangled|Readout|CN=1|B0=0|B1=1|K=1280|L=320|p_B=0.75|p_C=0.75|B=2|eps=0|35ad5445-c154-4cea-8e18-983bdf361c37/ already exists.
Epoch: 9000, Loss: 5.621447563171387
Test acc: 0.0803, IC acc: 0.1002, IC acc2: 0.0038, IW acc: 0.0031
Epoch: 9001, Loss: 5.614356994628906
Epoch: 9002, Loss: 5.619161605834961
Epoch: 9003, Loss: 5.6290082931518555
Epoch: 9004, Loss: 5.630539894104004
Epoch: 9005, Loss: 5.62778902053833
Epoch: 9006, Loss: 5.633917808532715
Epoch: 9007, Loss: 5.6258673667907715
Epoch: 9008, Loss: 5.6251349449157715
Epoch: 9009, Loss: 5.6175127029418945
Epoch: 9010, Loss: 5.630962371826172
Test acc: 0.0804, IC acc: 0.1001, IC acc2: 0.0037, IW acc: 0.0031
Epoch: 9011, Loss: 5.624056816101074
Epoch: 9012, Loss: 5.627176284790039
Epoch: 9013, Loss: 5.60653829574585
Epoch: 9014, Loss: 5.624528884887695
Epoch: 9015, Loss: 5.6374030113220215
Epoch: 9016, Loss: 5.606851577758789
Epoch: 9017, Loss: 5.626514434814453
Epoch: 9018, Loss: 5.63034725189209
Epoch: 9019, Loss: 5.629056930541992
Epoch: 9020, Loss: 5.630765438079834
Test acc: 0.0804, IC acc: 0.1002, IC acc2: 0.0037, IW acc: 0.0031
Epoch: 9021, Loss: 5.628701686859131
Epoch: 9022, Loss: 5.608684062957764
Epoch: 9023, Loss: 5.623211860656738
Epoch: 9024, Loss: 5.6195831298828125
Epoch: 9025, Loss: 5.6107048988342285
Epoch: 9026, Loss: 5.637565612792969
Epoch: 9027, Loss: 5.632305145263672
Epoch: 9028, Loss: 5.620203018188477
Epoch: 9029, Loss: 5.621866226196289
Epoch: 9030, Loss: 5.657102584838867
Test acc: 0.0806, IC acc: 0.1004, IC acc2: 0.0037, IW acc: 0.0031
Epoch: 9031, Loss: 5.633130073547363
Epoch: 9032, Loss: 5.63815975189209
Epoch: 9033, Loss: 5.640392303466797
Epoch: 9034, Loss: 5.637324333190918
Epoch: 9035, Loss: 5.636997222900391
Epoch: 9036, Loss: 5.6282806396484375
Epoch: 9037, Loss: 5.627182960510254
Epoch: 9038, Loss: 5.647963523864746
Epoch: 9039, Loss: 5.635868549346924
Epoch: 9040, Loss: 5.619077205657959
Test acc: 0.0808, IC acc: 0.1002, IC acc2: 0.0037, IW acc: 0.0031
Epoch: 9041, Loss: 5.6182990074157715
Epoch: 9042, Loss: 5.6116132736206055
Epoch: 9043, Loss: 5.622745037078857
Epoch: 9044, Loss: 5.637372016906738
Epoch: 9045, Loss: 5.635053634643555
Epoch: 9046, Loss: 5.633922100067139
Epoch: 9047, Loss: 5.63109016418457
Epoch: 9048, Loss: 5.635711669921875
Epoch: 9049, Loss: 5.62343692779541
./circuit_plots/Unrestricted Disentangled|Readout|CN=1|B0=0|B1=1|K=1280|L=320|p_B=0.75|p_C=0.75|B=2|eps=0|35ad5445-c154-4cea-8e18-983bdf361c37/ already exists.
./circuit_plots/Unrestricted Disentangled|Readout|CN=1|B0=0|B1=1|K=1280|L=320|p_B=0.75|p_C=0.75|B=2|eps=0|35ad5445-c154-4cea-8e18-983bdf361c37/ already exists.
./circuit_plots/Unrestricted Disentangled|Readout|CN=1|B0=0|B1=1|K=1280|L=320|p_B=0.75|p_C=0.75|B=2|eps=0|35ad5445-c154-4cea-8e18-983bdf361c37/ already exists.
./circuit_plots/Unrestricted Disentangled|Readout|CN=1|B0=0|B1=1|K=1280|L=320|p_B=0.75|p_C=0.75|B=2|eps=0|35ad5445-c154-4cea-8e18-983bdf361c37/ already exists.
./circuit_plots/Unrestricted Disentangled|Readout|CN=1|B0=0|B1=1|K=1280|L=320|p_B=0.75|p_C=0.75|B=2|eps=0|35ad5445-c154-4cea-8e18-983bdf361c37/ already exists.
./circuit_plots/Unrestricted Disentangled|Readout|CN=1|B0=0|B1=1|K=1280|L=320|p_B=0.75|p_C=0.75|B=2|eps=0|35ad5445-c154-4cea-8e18-983bdf361c37/ already exists.
./circuit_plots/Unrestricted Disentangled|Readout|CN=1|B0=0|B1=1|K=1280|L=320|p_B=0.75|p_C=0.75|B=2|eps=0|35ad5445-c154-4cea-8e18-983bdf361c37/ already exists.
Epoch: 9050, Loss: 5.6195759773254395
Test acc: 0.0809, IC acc: 0.1003, IC acc2: 0.0037, IW acc: 0.0031
Epoch: 9051, Loss: 5.626430988311768
Epoch: 9052, Loss: 5.641357421875
Epoch: 9053, Loss: 5.640346050262451
Epoch: 9054, Loss: 5.639775276184082
Epoch: 9055, Loss: 5.654538154602051
Epoch: 9056, Loss: 5.629445552825928
Epoch: 9057, Loss: 5.620769500732422
Epoch: 9058, Loss: 5.648459434509277
Epoch: 9059, Loss: 5.633013725280762
Epoch: 9060, Loss: 5.630517959594727
Test acc: 0.0811, IC acc: 0.1003, IC acc2: 0.0037, IW acc: 0.0031
Epoch: 9061, Loss: 5.615216255187988
Epoch: 9062, Loss: 5.617386817932129
Epoch: 9063, Loss: 5.637434959411621
Epoch: 9064, Loss: 5.6223320960998535
Epoch: 9065, Loss: 5.609638690948486
Epoch: 9066, Loss: 5.62449312210083
Epoch: 9067, Loss: 5.614849090576172
Epoch: 9068, Loss: 5.655005931854248
Epoch: 9069, Loss: 5.6462578773498535
Epoch: 9070, Loss: 5.629430294036865
Test acc: 0.0812, IC acc: 0.1007, IC acc2: 0.0036, IW acc: 0.0031
Epoch: 9071, Loss: 5.633327484130859
Epoch: 9072, Loss: 5.624654769897461
Epoch: 9073, Loss: 5.621628761291504
Epoch: 9074, Loss: 5.640101909637451
Epoch: 9075, Loss: 5.608038425445557
Epoch: 9076, Loss: 5.624987602233887
Epoch: 9077, Loss: 5.617959022521973
Epoch: 9078, Loss: 5.630500793457031
Epoch: 9079, Loss: 5.646370887756348
Epoch: 9080, Loss: 5.631664276123047
Test acc: 0.0816, IC acc: 0.1007, IC acc2: 0.0036, IW acc: 0.0031
Epoch: 9081, Loss: 5.630845069885254
Epoch: 9082, Loss: 5.630427360534668
Epoch: 9083, Loss: 5.628434181213379
Epoch: 9084, Loss: 5.6162543296813965
Epoch: 9085, Loss: 5.621596336364746
Epoch: 9086, Loss: 5.663205623626709
Epoch: 9087, Loss: 5.603598594665527
Epoch: 9088, Loss: 5.64300537109375
Epoch: 9089, Loss: 5.6429595947265625
Epoch: 9090, Loss: 5.622844219207764
Test acc: 0.0813, IC acc: 0.1007, IC acc2: 0.0036, IW acc: 0.0031
Epoch: 9091, Loss: 5.62968635559082
Epoch: 9092, Loss: 5.637135982513428
Epoch: 9093, Loss: 5.628004550933838
Epoch: 9094, Loss: 5.6486735343933105
Epoch: 9095, Loss: 5.6285400390625
Epoch: 9096, Loss: 5.6396484375
Epoch: 9097, Loss: 5.599826812744141
Epoch: 9098, Loss: 5.640680313110352
Epoch: 9099, Loss: 5.637805938720703
./circuit_plots/Unrestricted Disentangled|Readout|CN=1|B0=0|B1=1|K=1280|L=320|p_B=0.75|p_C=0.75|B=2|eps=0|35ad5445-c154-4cea-8e18-983bdf361c37/ already exists.
./circuit_plots/Unrestricted Disentangled|Readout|CN=1|B0=0|B1=1|K=1280|L=320|p_B=0.75|p_C=0.75|B=2|eps=0|35ad5445-c154-4cea-8e18-983bdf361c37/ already exists.
./circuit_plots/Unrestricted Disentangled|Readout|CN=1|B0=0|B1=1|K=1280|L=320|p_B=0.75|p_C=0.75|B=2|eps=0|35ad5445-c154-4cea-8e18-983bdf361c37/ already exists.
./circuit_plots/Unrestricted Disentangled|Readout|CN=1|B0=0|B1=1|K=1280|L=320|p_B=0.75|p_C=0.75|B=2|eps=0|35ad5445-c154-4cea-8e18-983bdf361c37/ already exists.
./circuit_plots/Unrestricted Disentangled|Readout|CN=1|B0=0|B1=1|K=1280|L=320|p_B=0.75|p_C=0.75|B=2|eps=0|35ad5445-c154-4cea-8e18-983bdf361c37/ already exists.
./circuit_plots/Unrestricted Disentangled|Readout|CN=1|B0=0|B1=1|K=1280|L=320|p_B=0.75|p_C=0.75|B=2|eps=0|35ad5445-c154-4cea-8e18-983bdf361c37/ already exists.
./circuit_plots/Unrestricted Disentangled|Readout|CN=1|B0=0|B1=1|K=1280|L=320|p_B=0.75|p_C=0.75|B=2|eps=0|35ad5445-c154-4cea-8e18-983bdf361c37/ already exists.
Epoch: 9100, Loss: 5.645149230957031
Test acc: 0.0817, IC acc: 0.1007, IC acc2: 0.0037, IW acc: 0.0031
Epoch: 9101, Loss: 5.630043983459473
Epoch: 9102, Loss: 5.639363765716553
Epoch: 9103, Loss: 5.607026100158691
Epoch: 9104, Loss: 5.624455451965332
Epoch: 9105, Loss: 5.613241195678711
Epoch: 9106, Loss: 5.628210067749023
Epoch: 9107, Loss: 5.6205339431762695
Epoch: 9108, Loss: 5.621750354766846
Epoch: 9109, Loss: 5.615596294403076
Epoch: 9110, Loss: 5.623800277709961
Test acc: 0.0818, IC acc: 0.1009, IC acc2: 0.0037, IW acc: 0.0031
Epoch: 9111, Loss: 5.617635250091553
Epoch: 9112, Loss: 5.611368656158447
Epoch: 9113, Loss: 5.6188249588012695
Epoch: 9114, Loss: 5.640946388244629
Epoch: 9115, Loss: 5.61333703994751
Epoch: 9116, Loss: 5.621305465698242
Epoch: 9117, Loss: 5.620180130004883
Epoch: 9118, Loss: 5.628885746002197
Epoch: 9119, Loss: 5.645999908447266
Epoch: 9120, Loss: 5.616939544677734
Test acc: 0.0816, IC acc: 0.1009, IC acc2: 0.0037, IW acc: 0.0031
Epoch: 9121, Loss: 5.64652681350708
Epoch: 9122, Loss: 5.625918388366699
Epoch: 9123, Loss: 5.647981643676758
Epoch: 9124, Loss: 5.622790336608887
Epoch: 9125, Loss: 5.63722038269043
Epoch: 9126, Loss: 5.635236740112305
Epoch: 9127, Loss: 5.628994464874268
Epoch: 9128, Loss: 5.619997501373291
Epoch: 9129, Loss: 5.612477779388428
Epoch: 9130, Loss: 5.651721000671387
Test acc: 0.0818, IC acc: 0.1012, IC acc2: 0.0037, IW acc: 0.0031
Epoch: 9131, Loss: 5.653287887573242
Epoch: 9132, Loss: 5.613374710083008
Epoch: 9133, Loss: 5.6229400634765625
Epoch: 9134, Loss: 5.620048522949219
Epoch: 9135, Loss: 5.639919281005859
Epoch: 9136, Loss: 5.636325359344482
Epoch: 9137, Loss: 5.642765998840332
Epoch: 9138, Loss: 5.616147041320801
Epoch: 9139, Loss: 5.621230125427246
Epoch: 9140, Loss: 5.62253475189209
Test acc: 0.0818, IC acc: 0.1015, IC acc2: 0.0037, IW acc: 0.0031
Epoch: 9141, Loss: 5.622096061706543
Epoch: 9142, Loss: 5.629884719848633
Epoch: 9143, Loss: 5.630248069763184
Epoch: 9144, Loss: 5.631853103637695
Epoch: 9145, Loss: 5.622552871704102
Epoch: 9146, Loss: 5.630454063415527
Epoch: 9147, Loss: 5.622945308685303
Epoch: 9148, Loss: 5.627660751342773
Epoch: 9149, Loss: 5.635883331298828
./circuit_plots/Unrestricted Disentangled|Readout|CN=1|B0=0|B1=1|K=1280|L=320|p_B=0.75|p_C=0.75|B=2|eps=0|35ad5445-c154-4cea-8e18-983bdf361c37/ already exists.
./circuit_plots/Unrestricted Disentangled|Readout|CN=1|B0=0|B1=1|K=1280|L=320|p_B=0.75|p_C=0.75|B=2|eps=0|35ad5445-c154-4cea-8e18-983bdf361c37/ already exists.
./circuit_plots/Unrestricted Disentangled|Readout|CN=1|B0=0|B1=1|K=1280|L=320|p_B=0.75|p_C=0.75|B=2|eps=0|35ad5445-c154-4cea-8e18-983bdf361c37/ already exists.
./circuit_plots/Unrestricted Disentangled|Readout|CN=1|B0=0|B1=1|K=1280|L=320|p_B=0.75|p_C=0.75|B=2|eps=0|35ad5445-c154-4cea-8e18-983bdf361c37/ already exists.
./circuit_plots/Unrestricted Disentangled|Readout|CN=1|B0=0|B1=1|K=1280|L=320|p_B=0.75|p_C=0.75|B=2|eps=0|35ad5445-c154-4cea-8e18-983bdf361c37/ already exists.
./circuit_plots/Unrestricted Disentangled|Readout|CN=1|B0=0|B1=1|K=1280|L=320|p_B=0.75|p_C=0.75|B=2|eps=0|35ad5445-c154-4cea-8e18-983bdf361c37/ already exists.
./circuit_plots/Unrestricted Disentangled|Readout|CN=1|B0=0|B1=1|K=1280|L=320|p_B=0.75|p_C=0.75|B=2|eps=0|35ad5445-c154-4cea-8e18-983bdf361c37/ already exists.
Epoch: 9150, Loss: 5.644553184509277
Test acc: 0.0822, IC acc: 0.1016, IC acc2: 0.0037, IW acc: 0.0032
Epoch: 9151, Loss: 5.61899471282959
Epoch: 9152, Loss: 5.648991584777832
Epoch: 9153, Loss: 5.618190765380859
Epoch: 9154, Loss: 5.609006881713867
Epoch: 9155, Loss: 5.645537376403809
Epoch: 9156, Loss: 5.605978012084961
Epoch: 9157, Loss: 5.631376266479492
Epoch: 9158, Loss: 5.637389183044434
Epoch: 9159, Loss: 5.64361047744751
Epoch: 9160, Loss: 5.611415863037109
Test acc: 0.082, IC acc: 0.1017, IC acc2: 0.0037, IW acc: 0.0031
Epoch: 9161, Loss: 5.637839317321777
Epoch: 9162, Loss: 5.61943244934082
Epoch: 9163, Loss: 5.634906768798828
Epoch: 9164, Loss: 5.614861488342285
Epoch: 9165, Loss: 5.625175476074219
Epoch: 9166, Loss: 5.62666130065918
Epoch: 9167, Loss: 5.626196384429932
Epoch: 9168, Loss: 5.6356048583984375
Epoch: 9169, Loss: 5.606904029846191
Epoch: 9170, Loss: 5.635686874389648
Test acc: 0.082, IC acc: 0.1016, IC acc2: 0.0037, IW acc: 0.0031
Epoch: 9171, Loss: 5.630518913269043
Epoch: 9172, Loss: 5.602579593658447
Epoch: 9173, Loss: 5.625161647796631
Epoch: 9174, Loss: 5.638017654418945
Epoch: 9175, Loss: 5.626518249511719
Epoch: 9176, Loss: 5.619289875030518
Epoch: 9177, Loss: 5.641716957092285
Epoch: 9178, Loss: 5.629763603210449
Epoch: 9179, Loss: 5.609036922454834
Epoch: 9180, Loss: 5.645231246948242
Test acc: 0.0821, IC acc: 0.1017, IC acc2: 0.0037, IW acc: 0.0031
Epoch: 9181, Loss: 5.6331281661987305
Epoch: 9182, Loss: 5.64080810546875
Epoch: 9183, Loss: 5.62367057800293
Epoch: 9184, Loss: 5.609613418579102
Epoch: 9185, Loss: 5.615208148956299
Epoch: 9186, Loss: 5.636190891265869
Epoch: 9187, Loss: 5.611928462982178
Epoch: 9188, Loss: 5.619655609130859
Epoch: 9189, Loss: 5.61010217666626
Epoch: 9190, Loss: 5.637545108795166
Test acc: 0.0822, IC acc: 0.1023, IC acc2: 0.0037, IW acc: 0.0031
Epoch: 9191, Loss: 5.6246538162231445
Epoch: 9192, Loss: 5.627431392669678
Epoch: 9193, Loss: 5.6365532875061035
Epoch: 9194, Loss: 5.61802864074707
Epoch: 9195, Loss: 5.621507167816162
Epoch: 9196, Loss: 5.627377510070801
Epoch: 9197, Loss: 5.616297245025635
Epoch: 9198, Loss: 5.619601249694824
Epoch: 9199, Loss: 5.63895320892334
./circuit_plots/Unrestricted Disentangled|Readout|CN=1|B0=0|B1=1|K=1280|L=320|p_B=0.75|p_C=0.75|B=2|eps=0|35ad5445-c154-4cea-8e18-983bdf361c37/ already exists.
./circuit_plots/Unrestricted Disentangled|Readout|CN=1|B0=0|B1=1|K=1280|L=320|p_B=0.75|p_C=0.75|B=2|eps=0|35ad5445-c154-4cea-8e18-983bdf361c37/ already exists.
./circuit_plots/Unrestricted Disentangled|Readout|CN=1|B0=0|B1=1|K=1280|L=320|p_B=0.75|p_C=0.75|B=2|eps=0|35ad5445-c154-4cea-8e18-983bdf361c37/ already exists.
./circuit_plots/Unrestricted Disentangled|Readout|CN=1|B0=0|B1=1|K=1280|L=320|p_B=0.75|p_C=0.75|B=2|eps=0|35ad5445-c154-4cea-8e18-983bdf361c37/ already exists.
./circuit_plots/Unrestricted Disentangled|Readout|CN=1|B0=0|B1=1|K=1280|L=320|p_B=0.75|p_C=0.75|B=2|eps=0|35ad5445-c154-4cea-8e18-983bdf361c37/ already exists.
./circuit_plots/Unrestricted Disentangled|Readout|CN=1|B0=0|B1=1|K=1280|L=320|p_B=0.75|p_C=0.75|B=2|eps=0|35ad5445-c154-4cea-8e18-983bdf361c37/ already exists.
./circuit_plots/Unrestricted Disentangled|Readout|CN=1|B0=0|B1=1|K=1280|L=320|p_B=0.75|p_C=0.75|B=2|eps=0|35ad5445-c154-4cea-8e18-983bdf361c37/ already exists.
Epoch: 9200, Loss: 5.635001182556152
Test acc: 0.0823, IC acc: 0.1023, IC acc2: 0.0037, IW acc: 0.0031
Epoch: 9201, Loss: 5.628605365753174
Epoch: 9202, Loss: 5.621591567993164
Epoch: 9203, Loss: 5.631582260131836
Epoch: 9204, Loss: 5.649131774902344
Epoch: 9205, Loss: 5.627367973327637
Epoch: 9206, Loss: 5.600313186645508
Epoch: 9207, Loss: 5.6441264152526855
Epoch: 9208, Loss: 5.611079216003418
Epoch: 9209, Loss: 5.6295166015625
Epoch: 9210, Loss: 5.621414661407471
Test acc: 0.0826, IC acc: 0.1022, IC acc2: 0.0037, IW acc: 0.0031
Epoch: 9211, Loss: 5.613184452056885
Epoch: 9212, Loss: 5.6203718185424805
Epoch: 9213, Loss: 5.622381210327148
Epoch: 9214, Loss: 5.63399076461792
Epoch: 9215, Loss: 5.64423942565918
Epoch: 9216, Loss: 5.635858535766602
Epoch: 9217, Loss: 5.606802463531494
Epoch: 9218, Loss: 5.6259765625
Epoch: 9219, Loss: 5.606123924255371
Epoch: 9220, Loss: 5.613945007324219
Test acc: 0.0826, IC acc: 0.1023, IC acc2: 0.0037, IW acc: 0.0032
Epoch: 9221, Loss: 5.60517692565918
Epoch: 9222, Loss: 5.611998558044434
Epoch: 9223, Loss: 5.618785858154297
Epoch: 9224, Loss: 5.639483451843262
Epoch: 9225, Loss: 5.619451999664307
Epoch: 9226, Loss: 5.640284538269043
Epoch: 9227, Loss: 5.617472171783447
Epoch: 9228, Loss: 5.629842758178711
Epoch: 9229, Loss: 5.615865707397461
Epoch: 9230, Loss: 5.613953590393066
Test acc: 0.0826, IC acc: 0.1024, IC acc2: 0.0037, IW acc: 0.0033
Epoch: 9231, Loss: 5.63646125793457
Epoch: 9232, Loss: 5.625309467315674
Epoch: 9233, Loss: 5.6218647956848145
Epoch: 9234, Loss: 5.603425979614258
Epoch: 9235, Loss: 5.626274108886719
Epoch: 9236, Loss: 5.648303985595703
Epoch: 9237, Loss: 5.628335952758789
Epoch: 9238, Loss: 5.627691268920898
Epoch: 9239, Loss: 5.609407901763916
Epoch: 9240, Loss: 5.632085800170898
Test acc: 0.083, IC acc: 0.1025, IC acc2: 0.0037, IW acc: 0.0033
Epoch: 9241, Loss: 5.640744209289551
Epoch: 9242, Loss: 5.634441375732422
Epoch: 9243, Loss: 5.617001056671143
Epoch: 9244, Loss: 5.628069877624512
Epoch: 9245, Loss: 5.6085920333862305
Epoch: 9246, Loss: 5.628879547119141
Epoch: 9247, Loss: 5.619976043701172
Epoch: 9248, Loss: 5.607200622558594
Epoch: 9249, Loss: 5.626651763916016
./circuit_plots/Unrestricted Disentangled|Readout|CN=1|B0=0|B1=1|K=1280|L=320|p_B=0.75|p_C=0.75|B=2|eps=0|35ad5445-c154-4cea-8e18-983bdf361c37/ already exists.
./circuit_plots/Unrestricted Disentangled|Readout|CN=1|B0=0|B1=1|K=1280|L=320|p_B=0.75|p_C=0.75|B=2|eps=0|35ad5445-c154-4cea-8e18-983bdf361c37/ already exists.
./circuit_plots/Unrestricted Disentangled|Readout|CN=1|B0=0|B1=1|K=1280|L=320|p_B=0.75|p_C=0.75|B=2|eps=0|35ad5445-c154-4cea-8e18-983bdf361c37/ already exists.
./circuit_plots/Unrestricted Disentangled|Readout|CN=1|B0=0|B1=1|K=1280|L=320|p_B=0.75|p_C=0.75|B=2|eps=0|35ad5445-c154-4cea-8e18-983bdf361c37/ already exists.
./circuit_plots/Unrestricted Disentangled|Readout|CN=1|B0=0|B1=1|K=1280|L=320|p_B=0.75|p_C=0.75|B=2|eps=0|35ad5445-c154-4cea-8e18-983bdf361c37/ already exists.
./circuit_plots/Unrestricted Disentangled|Readout|CN=1|B0=0|B1=1|K=1280|L=320|p_B=0.75|p_C=0.75|B=2|eps=0|35ad5445-c154-4cea-8e18-983bdf361c37/ already exists.
./circuit_plots/Unrestricted Disentangled|Readout|CN=1|B0=0|B1=1|K=1280|L=320|p_B=0.75|p_C=0.75|B=2|eps=0|35ad5445-c154-4cea-8e18-983bdf361c37/ already exists.
Epoch: 9250, Loss: 5.578941822052002
Test acc: 0.083, IC acc: 0.1029, IC acc2: 0.0037, IW acc: 0.0032
Epoch: 9251, Loss: 5.616115570068359
Epoch: 9252, Loss: 5.599647045135498
Epoch: 9253, Loss: 5.630858421325684
Epoch: 9254, Loss: 5.635321140289307
Epoch: 9255, Loss: 5.625442028045654
Epoch: 9256, Loss: 5.608269691467285
Epoch: 9257, Loss: 5.606581211090088
Epoch: 9258, Loss: 5.625377655029297
Epoch: 9259, Loss: 5.616294860839844
Epoch: 9260, Loss: 5.61104154586792
Test acc: 0.0833, IC acc: 0.1027, IC acc2: 0.0038, IW acc: 0.0032
Epoch: 9261, Loss: 5.623353958129883
Epoch: 9262, Loss: 5.625462532043457
Epoch: 9263, Loss: 5.642582893371582
Epoch: 9264, Loss: 5.642184257507324
Epoch: 9265, Loss: 5.629001617431641
Epoch: 9266, Loss: 5.605842590332031
Epoch: 9267, Loss: 5.640714645385742
Epoch: 9268, Loss: 5.64312744140625
Epoch: 9269, Loss: 5.63077449798584
Epoch: 9270, Loss: 5.628613471984863
Test acc: 0.0836, IC acc: 0.1031, IC acc2: 0.0038, IW acc: 0.0033
Epoch: 9271, Loss: 5.627408027648926
Epoch: 9272, Loss: 5.61004114151001
Epoch: 9273, Loss: 5.644010066986084
Epoch: 9274, Loss: 5.62185001373291
Epoch: 9275, Loss: 5.605774879455566
Epoch: 9276, Loss: 5.625986099243164
Epoch: 9277, Loss: 5.617740631103516
Epoch: 9278, Loss: 5.63027811050415
Epoch: 9279, Loss: 5.641256332397461
Epoch: 9280, Loss: 5.633770942687988
Test acc: 0.0833, IC acc: 0.1028, IC acc2: 0.0038, IW acc: 0.0033
Epoch: 9281, Loss: 5.616950988769531
Epoch: 9282, Loss: 5.631278038024902
Epoch: 9283, Loss: 5.618047714233398
Epoch: 9284, Loss: 5.629157066345215
Epoch: 9285, Loss: 5.612770080566406
Epoch: 9286, Loss: 5.6568427085876465
Epoch: 9287, Loss: 5.621218681335449
Epoch: 9288, Loss: 5.6192827224731445
Epoch: 9289, Loss: 5.620050430297852
Epoch: 9290, Loss: 5.627711296081543
Test acc: 0.0837, IC acc: 0.1032, IC acc2: 0.0038, IW acc: 0.0032
Epoch: 9291, Loss: 5.635281562805176
Epoch: 9292, Loss: 5.631319999694824
Epoch: 9293, Loss: 5.61068868637085
Epoch: 9294, Loss: 5.619389533996582
Epoch: 9295, Loss: 5.6207380294799805
Epoch: 9296, Loss: 5.6254801750183105
Epoch: 9297, Loss: 5.621992588043213
Epoch: 9298, Loss: 5.640293121337891
Epoch: 9299, Loss: 5.624224662780762
./circuit_plots/Unrestricted Disentangled|Readout|CN=1|B0=0|B1=1|K=1280|L=320|p_B=0.75|p_C=0.75|B=2|eps=0|35ad5445-c154-4cea-8e18-983bdf361c37/ already exists.
./circuit_plots/Unrestricted Disentangled|Readout|CN=1|B0=0|B1=1|K=1280|L=320|p_B=0.75|p_C=0.75|B=2|eps=0|35ad5445-c154-4cea-8e18-983bdf361c37/ already exists.
./circuit_plots/Unrestricted Disentangled|Readout|CN=1|B0=0|B1=1|K=1280|L=320|p_B=0.75|p_C=0.75|B=2|eps=0|35ad5445-c154-4cea-8e18-983bdf361c37/ already exists.
./circuit_plots/Unrestricted Disentangled|Readout|CN=1|B0=0|B1=1|K=1280|L=320|p_B=0.75|p_C=0.75|B=2|eps=0|35ad5445-c154-4cea-8e18-983bdf361c37/ already exists.
./circuit_plots/Unrestricted Disentangled|Readout|CN=1|B0=0|B1=1|K=1280|L=320|p_B=0.75|p_C=0.75|B=2|eps=0|35ad5445-c154-4cea-8e18-983bdf361c37/ already exists.
./circuit_plots/Unrestricted Disentangled|Readout|CN=1|B0=0|B1=1|K=1280|L=320|p_B=0.75|p_C=0.75|B=2|eps=0|35ad5445-c154-4cea-8e18-983bdf361c37/ already exists.
./circuit_plots/Unrestricted Disentangled|Readout|CN=1|B0=0|B1=1|K=1280|L=320|p_B=0.75|p_C=0.75|B=2|eps=0|35ad5445-c154-4cea-8e18-983bdf361c37/ already exists.
Epoch: 9300, Loss: 5.613916397094727
Test acc: 0.0835, IC acc: 0.1032, IC acc2: 0.0038, IW acc: 0.0032
Epoch: 9301, Loss: 5.643333911895752
Epoch: 9302, Loss: 5.613880634307861
Epoch: 9303, Loss: 5.616311073303223
Epoch: 9304, Loss: 5.6065993309021
Epoch: 9305, Loss: 5.63561487197876
Epoch: 9306, Loss: 5.622382164001465
Epoch: 9307, Loss: 5.6412763595581055
Epoch: 9308, Loss: 5.6304426193237305
Epoch: 9309, Loss: 5.619956970214844
Epoch: 9310, Loss: 5.620003700256348
Test acc: 0.0835, IC acc: 0.1036, IC acc2: 0.0038, IW acc: 0.0033
Epoch: 9311, Loss: 5.621857643127441
Epoch: 9312, Loss: 5.612066745758057
Epoch: 9313, Loss: 5.63799524307251
Epoch: 9314, Loss: 5.597588539123535
Epoch: 9315, Loss: 5.626198768615723
Epoch: 9316, Loss: 5.614712715148926
Epoch: 9317, Loss: 5.61492919921875
Epoch: 9318, Loss: 5.607149600982666
Epoch: 9319, Loss: 5.6168389320373535
Epoch: 9320, Loss: 5.626166343688965
Test acc: 0.0836, IC acc: 0.1038, IC acc2: 0.0039, IW acc: 0.0033
Epoch: 9321, Loss: 5.637944221496582
Epoch: 9322, Loss: 5.643129348754883
Epoch: 9323, Loss: 5.641606330871582
Epoch: 9324, Loss: 5.620189666748047
Epoch: 9325, Loss: 5.611800193786621
Epoch: 9326, Loss: 5.6298065185546875
Epoch: 9327, Loss: 5.6160383224487305
Epoch: 9328, Loss: 5.594893455505371
Epoch: 9329, Loss: 5.5963945388793945
Epoch: 9330, Loss: 5.640918731689453
Test acc: 0.0837, IC acc: 0.1037, IC acc2: 0.0037, IW acc: 0.0033
Epoch: 9331, Loss: 5.630993843078613
Epoch: 9332, Loss: 5.598523139953613
Epoch: 9333, Loss: 5.639581203460693
Epoch: 9334, Loss: 5.625470161437988
Epoch: 9335, Loss: 5.646831035614014
Epoch: 9336, Loss: 5.60353422164917
Epoch: 9337, Loss: 5.633649826049805
Epoch: 9338, Loss: 5.6090288162231445
Epoch: 9339, Loss: 5.637080192565918
Epoch: 9340, Loss: 5.615049839019775
Test acc: 0.0838, IC acc: 0.104, IC acc2: 0.0037, IW acc: 0.0033
Epoch: 9341, Loss: 5.621563911437988
Epoch: 9342, Loss: 5.605114936828613
Epoch: 9343, Loss: 5.61219596862793
Epoch: 9344, Loss: 5.598772048950195
Epoch: 9345, Loss: 5.625312805175781
Epoch: 9346, Loss: 5.643976211547852
Epoch: 9347, Loss: 5.633054256439209
Epoch: 9348, Loss: 5.621935844421387
Epoch: 9349, Loss: 5.641315460205078
./circuit_plots/Unrestricted Disentangled|Readout|CN=1|B0=0|B1=1|K=1280|L=320|p_B=0.75|p_C=0.75|B=2|eps=0|35ad5445-c154-4cea-8e18-983bdf361c37/ already exists.
./circuit_plots/Unrestricted Disentangled|Readout|CN=1|B0=0|B1=1|K=1280|L=320|p_B=0.75|p_C=0.75|B=2|eps=0|35ad5445-c154-4cea-8e18-983bdf361c37/ already exists.
./circuit_plots/Unrestricted Disentangled|Readout|CN=1|B0=0|B1=1|K=1280|L=320|p_B=0.75|p_C=0.75|B=2|eps=0|35ad5445-c154-4cea-8e18-983bdf361c37/ already exists.
./circuit_plots/Unrestricted Disentangled|Readout|CN=1|B0=0|B1=1|K=1280|L=320|p_B=0.75|p_C=0.75|B=2|eps=0|35ad5445-c154-4cea-8e18-983bdf361c37/ already exists.
./circuit_plots/Unrestricted Disentangled|Readout|CN=1|B0=0|B1=1|K=1280|L=320|p_B=0.75|p_C=0.75|B=2|eps=0|35ad5445-c154-4cea-8e18-983bdf361c37/ already exists.
./circuit_plots/Unrestricted Disentangled|Readout|CN=1|B0=0|B1=1|K=1280|L=320|p_B=0.75|p_C=0.75|B=2|eps=0|35ad5445-c154-4cea-8e18-983bdf361c37/ already exists.
./circuit_plots/Unrestricted Disentangled|Readout|CN=1|B0=0|B1=1|K=1280|L=320|p_B=0.75|p_C=0.75|B=2|eps=0|35ad5445-c154-4cea-8e18-983bdf361c37/ already exists.
Epoch: 9350, Loss: 5.617656707763672
Test acc: 0.0837, IC acc: 0.104, IC acc2: 0.0037, IW acc: 0.0033
Epoch: 9351, Loss: 5.614901065826416
Epoch: 9352, Loss: 5.617358684539795
Epoch: 9353, Loss: 5.6080002784729
Epoch: 9354, Loss: 5.622601509094238
Epoch: 9355, Loss: 5.628880977630615
Epoch: 9356, Loss: 5.606861114501953
Epoch: 9357, Loss: 5.616730213165283
Epoch: 9358, Loss: 5.622000694274902
Epoch: 9359, Loss: 5.633906364440918
Epoch: 9360, Loss: 5.625489711761475
Test acc: 0.0841, IC acc: 0.104, IC acc2: 0.0038, IW acc: 0.0033
Epoch: 9361, Loss: 5.623382568359375
Epoch: 9362, Loss: 5.62095832824707
Epoch: 9363, Loss: 5.612147331237793
Epoch: 9364, Loss: 5.592996597290039
Epoch: 9365, Loss: 5.625648021697998
Epoch: 9366, Loss: 5.610832214355469
Epoch: 9367, Loss: 5.6221818923950195
Epoch: 9368, Loss: 5.635857582092285
Epoch: 9369, Loss: 5.626005172729492
Epoch: 9370, Loss: 5.620029449462891
Test acc: 0.0846, IC acc: 0.1041, IC acc2: 0.0037, IW acc: 0.0033
Epoch: 9371, Loss: 5.632356643676758
Epoch: 9372, Loss: 5.638592720031738
Epoch: 9373, Loss: 5.641528129577637
Epoch: 9374, Loss: 5.603496551513672
Epoch: 9375, Loss: 5.6131272315979
Epoch: 9376, Loss: 5.648360729217529
Epoch: 9377, Loss: 5.626755237579346
Epoch: 9378, Loss: 5.624502182006836
Epoch: 9379, Loss: 5.626620292663574
Epoch: 9380, Loss: 5.610631465911865
Test acc: 0.0846, IC acc: 0.1043, IC acc2: 0.0038, IW acc: 0.0033
Epoch: 9381, Loss: 5.613744735717773
Epoch: 9382, Loss: 5.625356197357178
Epoch: 9383, Loss: 5.626700401306152
Epoch: 9384, Loss: 5.611339092254639
Epoch: 9385, Loss: 5.631120681762695
Epoch: 9386, Loss: 5.645904541015625
Epoch: 9387, Loss: 5.624626159667969
Epoch: 9388, Loss: 5.628579616546631
Epoch: 9389, Loss: 5.6157989501953125
Epoch: 9390, Loss: 5.624067783355713
Test acc: 0.0848, IC acc: 0.1043, IC acc2: 0.0039, IW acc: 0.0033
Epoch: 9391, Loss: 5.593519687652588
Epoch: 9392, Loss: 5.633111953735352
Epoch: 9393, Loss: 5.624089241027832
Epoch: 9394, Loss: 5.631317138671875
Epoch: 9395, Loss: 5.626110076904297
Epoch: 9396, Loss: 5.628021717071533
Epoch: 9397, Loss: 5.618380546569824
Epoch: 9398, Loss: 5.607465744018555
Epoch: 9399, Loss: 5.6491899490356445
./circuit_plots/Unrestricted Disentangled|Readout|CN=1|B0=0|B1=1|K=1280|L=320|p_B=0.75|p_C=0.75|B=2|eps=0|35ad5445-c154-4cea-8e18-983bdf361c37/ already exists.
./circuit_plots/Unrestricted Disentangled|Readout|CN=1|B0=0|B1=1|K=1280|L=320|p_B=0.75|p_C=0.75|B=2|eps=0|35ad5445-c154-4cea-8e18-983bdf361c37/ already exists.
./circuit_plots/Unrestricted Disentangled|Readout|CN=1|B0=0|B1=1|K=1280|L=320|p_B=0.75|p_C=0.75|B=2|eps=0|35ad5445-c154-4cea-8e18-983bdf361c37/ already exists.
./circuit_plots/Unrestricted Disentangled|Readout|CN=1|B0=0|B1=1|K=1280|L=320|p_B=0.75|p_C=0.75|B=2|eps=0|35ad5445-c154-4cea-8e18-983bdf361c37/ already exists.
./circuit_plots/Unrestricted Disentangled|Readout|CN=1|B0=0|B1=1|K=1280|L=320|p_B=0.75|p_C=0.75|B=2|eps=0|35ad5445-c154-4cea-8e18-983bdf361c37/ already exists.
./circuit_plots/Unrestricted Disentangled|Readout|CN=1|B0=0|B1=1|K=1280|L=320|p_B=0.75|p_C=0.75|B=2|eps=0|35ad5445-c154-4cea-8e18-983bdf361c37/ already exists.
./circuit_plots/Unrestricted Disentangled|Readout|CN=1|B0=0|B1=1|K=1280|L=320|p_B=0.75|p_C=0.75|B=2|eps=0|35ad5445-c154-4cea-8e18-983bdf361c37/ already exists.
Epoch: 9400, Loss: 5.644466400146484
Test acc: 0.0847, IC acc: 0.1045, IC acc2: 0.0037, IW acc: 0.0033
Epoch: 9401, Loss: 5.637734413146973
Epoch: 9402, Loss: 5.61125373840332
Epoch: 9403, Loss: 5.626490116119385
Epoch: 9404, Loss: 5.619803428649902
Epoch: 9405, Loss: 5.631749153137207
Epoch: 9406, Loss: 5.619636535644531
Epoch: 9407, Loss: 5.615252494812012
Epoch: 9408, Loss: 5.612882614135742
Epoch: 9409, Loss: 5.650975227355957
Epoch: 9410, Loss: 5.613642692565918
Test acc: 0.0848, IC acc: 0.1044, IC acc2: 0.0037, IW acc: 0.0033
Epoch: 9411, Loss: 5.615490913391113
Epoch: 9412, Loss: 5.62026309967041
Epoch: 9413, Loss: 5.6180419921875
Epoch: 9414, Loss: 5.614109039306641
Epoch: 9415, Loss: 5.608384132385254
Epoch: 9416, Loss: 5.632179260253906
Epoch: 9417, Loss: 5.628988265991211
Epoch: 9418, Loss: 5.624494552612305
Epoch: 9419, Loss: 5.638862133026123
Epoch: 9420, Loss: 5.637943744659424
Test acc: 0.0851, IC acc: 0.1045, IC acc2: 0.0039, IW acc: 0.0032
Epoch: 9421, Loss: 5.605037689208984
Epoch: 9422, Loss: 5.633304595947266
Epoch: 9423, Loss: 5.632551193237305
Epoch: 9424, Loss: 5.617808818817139
Epoch: 9425, Loss: 5.620006084442139
Epoch: 9426, Loss: 5.632345199584961
Epoch: 9427, Loss: 5.584461688995361
Epoch: 9428, Loss: 5.612102508544922
Epoch: 9429, Loss: 5.605382919311523
Epoch: 9430, Loss: 5.619170188903809
Test acc: 0.0852, IC acc: 0.1049, IC acc2: 0.0038, IW acc: 0.0032
Epoch: 9431, Loss: 5.611910820007324
Epoch: 9432, Loss: 5.645882606506348
Epoch: 9433, Loss: 5.633411407470703
Epoch: 9434, Loss: 5.633974075317383
Epoch: 9435, Loss: 5.639599323272705
Epoch: 9436, Loss: 5.620417594909668
Epoch: 9437, Loss: 5.614799499511719
Epoch: 9438, Loss: 5.641049861907959
Epoch: 9439, Loss: 5.635612487792969
Epoch: 9440, Loss: 5.621464252471924
Test acc: 0.0852, IC acc: 0.1053, IC acc2: 0.0039, IW acc: 0.0032
Epoch: 9441, Loss: 5.617679595947266
Epoch: 9442, Loss: 5.632613182067871
Epoch: 9443, Loss: 5.6018524169921875
Epoch: 9444, Loss: 5.626041412353516
Epoch: 9445, Loss: 5.633364677429199
Epoch: 9446, Loss: 5.622726917266846
Epoch: 9447, Loss: 5.607366561889648
Epoch: 9448, Loss: 5.628665924072266
Epoch: 9449, Loss: 5.626941204071045
./circuit_plots/Unrestricted Disentangled|Readout|CN=1|B0=0|B1=1|K=1280|L=320|p_B=0.75|p_C=0.75|B=2|eps=0|35ad5445-c154-4cea-8e18-983bdf361c37/ already exists.
./circuit_plots/Unrestricted Disentangled|Readout|CN=1|B0=0|B1=1|K=1280|L=320|p_B=0.75|p_C=0.75|B=2|eps=0|35ad5445-c154-4cea-8e18-983bdf361c37/ already exists.
./circuit_plots/Unrestricted Disentangled|Readout|CN=1|B0=0|B1=1|K=1280|L=320|p_B=0.75|p_C=0.75|B=2|eps=0|35ad5445-c154-4cea-8e18-983bdf361c37/ already exists.
./circuit_plots/Unrestricted Disentangled|Readout|CN=1|B0=0|B1=1|K=1280|L=320|p_B=0.75|p_C=0.75|B=2|eps=0|35ad5445-c154-4cea-8e18-983bdf361c37/ already exists.
./circuit_plots/Unrestricted Disentangled|Readout|CN=1|B0=0|B1=1|K=1280|L=320|p_B=0.75|p_C=0.75|B=2|eps=0|35ad5445-c154-4cea-8e18-983bdf361c37/ already exists.
./circuit_plots/Unrestricted Disentangled|Readout|CN=1|B0=0|B1=1|K=1280|L=320|p_B=0.75|p_C=0.75|B=2|eps=0|35ad5445-c154-4cea-8e18-983bdf361c37/ already exists.
./circuit_plots/Unrestricted Disentangled|Readout|CN=1|B0=0|B1=1|K=1280|L=320|p_B=0.75|p_C=0.75|B=2|eps=0|35ad5445-c154-4cea-8e18-983bdf361c37/ already exists.
Epoch: 9450, Loss: 5.601977825164795
Test acc: 0.0857, IC acc: 0.1051, IC acc2: 0.0039, IW acc: 0.0032
Epoch: 9451, Loss: 5.622175216674805
Epoch: 9452, Loss: 5.626245021820068
Epoch: 9453, Loss: 5.628593444824219
Epoch: 9454, Loss: 5.627710342407227
Epoch: 9455, Loss: 5.624899864196777
Epoch: 9456, Loss: 5.621557712554932
Epoch: 9457, Loss: 5.6031999588012695
Epoch: 9458, Loss: 5.611530303955078
Epoch: 9459, Loss: 5.597021102905273
Epoch: 9460, Loss: 5.613897323608398
Test acc: 0.0859, IC acc: 0.1055, IC acc2: 0.0039, IW acc: 0.0032
Epoch: 9461, Loss: 5.619958400726318
Epoch: 9462, Loss: 5.6021294593811035
Epoch: 9463, Loss: 5.622152328491211
Epoch: 9464, Loss: 5.615962982177734
Epoch: 9465, Loss: 5.629267692565918
Epoch: 9466, Loss: 5.615256309509277
Epoch: 9467, Loss: 5.609860897064209
Epoch: 9468, Loss: 5.642795562744141
Epoch: 9469, Loss: 5.640894412994385
Epoch: 9470, Loss: 5.636649131774902
Test acc: 0.0862, IC acc: 0.1055, IC acc2: 0.0039, IW acc: 0.0032
Epoch: 9471, Loss: 5.615248203277588
Epoch: 9472, Loss: 5.624734401702881
Epoch: 9473, Loss: 5.61995792388916
Epoch: 9474, Loss: 5.628046035766602
Epoch: 9475, Loss: 5.625490665435791
Epoch: 9476, Loss: 5.6149492263793945
Epoch: 9477, Loss: 5.613938331604004
Epoch: 9478, Loss: 5.621048450469971
Epoch: 9479, Loss: 5.604306221008301
Epoch: 9480, Loss: 5.603709697723389
Test acc: 0.0864, IC acc: 0.106, IC acc2: 0.0039, IW acc: 0.0032
Epoch: 9481, Loss: 5.622354507446289
Epoch: 9482, Loss: 5.6128764152526855
Epoch: 9483, Loss: 5.623081207275391
Epoch: 9484, Loss: 5.630331039428711
Epoch: 9485, Loss: 5.616788864135742
Epoch: 9486, Loss: 5.62045955657959
Epoch: 9487, Loss: 5.651907444000244
Epoch: 9488, Loss: 5.6153364181518555
Epoch: 9489, Loss: 5.626294136047363
Epoch: 9490, Loss: 5.62241792678833
Test acc: 0.0867, IC acc: 0.1061, IC acc2: 0.0039, IW acc: 0.0032
Epoch: 9491, Loss: 5.626172065734863
Epoch: 9492, Loss: 5.625558853149414
Epoch: 9493, Loss: 5.59898567199707
Epoch: 9494, Loss: 5.637537002563477
Epoch: 9495, Loss: 5.624658107757568
Epoch: 9496, Loss: 5.6287055015563965
Epoch: 9497, Loss: 5.59787654876709
Epoch: 9498, Loss: 5.624878406524658
Epoch: 9499, Loss: 5.65038537979126
./circuit_plots/Unrestricted Disentangled|Readout|CN=1|B0=0|B1=1|K=1280|L=320|p_B=0.75|p_C=0.75|B=2|eps=0|35ad5445-c154-4cea-8e18-983bdf361c37/ already exists.
./circuit_plots/Unrestricted Disentangled|Readout|CN=1|B0=0|B1=1|K=1280|L=320|p_B=0.75|p_C=0.75|B=2|eps=0|35ad5445-c154-4cea-8e18-983bdf361c37/ already exists.
./circuit_plots/Unrestricted Disentangled|Readout|CN=1|B0=0|B1=1|K=1280|L=320|p_B=0.75|p_C=0.75|B=2|eps=0|35ad5445-c154-4cea-8e18-983bdf361c37/ already exists.
./circuit_plots/Unrestricted Disentangled|Readout|CN=1|B0=0|B1=1|K=1280|L=320|p_B=0.75|p_C=0.75|B=2|eps=0|35ad5445-c154-4cea-8e18-983bdf361c37/ already exists.
./circuit_plots/Unrestricted Disentangled|Readout|CN=1|B0=0|B1=1|K=1280|L=320|p_B=0.75|p_C=0.75|B=2|eps=0|35ad5445-c154-4cea-8e18-983bdf361c37/ already exists.
./circuit_plots/Unrestricted Disentangled|Readout|CN=1|B0=0|B1=1|K=1280|L=320|p_B=0.75|p_C=0.75|B=2|eps=0|35ad5445-c154-4cea-8e18-983bdf361c37/ already exists.
./circuit_plots/Unrestricted Disentangled|Readout|CN=1|B0=0|B1=1|K=1280|L=320|p_B=0.75|p_C=0.75|B=2|eps=0|35ad5445-c154-4cea-8e18-983bdf361c37/ already exists.
Epoch: 9500, Loss: 5.634547710418701
Test acc: 0.0868, IC acc: 0.1063, IC acc2: 0.0038, IW acc: 0.0032
Epoch: 9501, Loss: 5.614879131317139
Epoch: 9502, Loss: 5.603877067565918
Epoch: 9503, Loss: 5.612093448638916
Epoch: 9504, Loss: 5.617137908935547
Epoch: 9505, Loss: 5.603074550628662
Epoch: 9506, Loss: 5.6481828689575195
Epoch: 9507, Loss: 5.6180620193481445
Epoch: 9508, Loss: 5.60567569732666
Epoch: 9509, Loss: 5.620425701141357
Epoch: 9510, Loss: 5.63710355758667
Test acc: 0.0872, IC acc: 0.1063, IC acc2: 0.0038, IW acc: 0.0032
Epoch: 9511, Loss: 5.605474948883057
Epoch: 9512, Loss: 5.617942810058594
Epoch: 9513, Loss: 5.608219623565674
Epoch: 9514, Loss: 5.597976207733154
Epoch: 9515, Loss: 5.612209796905518
Epoch: 9516, Loss: 5.626820087432861
Epoch: 9517, Loss: 5.605126857757568
Epoch: 9518, Loss: 5.624938011169434
Epoch: 9519, Loss: 5.631164073944092
Epoch: 9520, Loss: 5.61491584777832
Test acc: 0.0871, IC acc: 0.1065, IC acc2: 0.0037, IW acc: 0.0032
Epoch: 9521, Loss: 5.605512619018555
Epoch: 9522, Loss: 5.627996921539307
Epoch: 9523, Loss: 5.603939056396484
Epoch: 9524, Loss: 5.620682716369629
Epoch: 9525, Loss: 5.607011795043945
Epoch: 9526, Loss: 5.622885704040527
Epoch: 9527, Loss: 5.634457111358643
Epoch: 9528, Loss: 5.612761497497559
Epoch: 9529, Loss: 5.648303031921387
Epoch: 9530, Loss: 5.621626377105713
Test acc: 0.0874, IC acc: 0.1065, IC acc2: 0.0037, IW acc: 0.0032
Epoch: 9531, Loss: 5.615868091583252
Epoch: 9532, Loss: 5.613035678863525
Epoch: 9533, Loss: 5.629181861877441
Epoch: 9534, Loss: 5.6085004806518555
Epoch: 9535, Loss: 5.626735210418701
Epoch: 9536, Loss: 5.604034423828125
Epoch: 9537, Loss: 5.612375259399414
Epoch: 9538, Loss: 5.603818893432617
Epoch: 9539, Loss: 5.643841743469238
Epoch: 9540, Loss: 5.647873878479004
Test acc: 0.0876, IC acc: 0.1067, IC acc2: 0.0037, IW acc: 0.0032
Epoch: 9541, Loss: 5.624572277069092
Epoch: 9542, Loss: 5.615334987640381
Epoch: 9543, Loss: 5.617918491363525
Epoch: 9544, Loss: 5.615182876586914
Epoch: 9545, Loss: 5.606903076171875
Epoch: 9546, Loss: 5.614405632019043
Epoch: 9547, Loss: 5.6200032234191895
Epoch: 9548, Loss: 5.617423057556152
Epoch: 9549, Loss: 5.618747234344482
./circuit_plots/Unrestricted Disentangled|Readout|CN=1|B0=0|B1=1|K=1280|L=320|p_B=0.75|p_C=0.75|B=2|eps=0|35ad5445-c154-4cea-8e18-983bdf361c37/ already exists.
./circuit_plots/Unrestricted Disentangled|Readout|CN=1|B0=0|B1=1|K=1280|L=320|p_B=0.75|p_C=0.75|B=2|eps=0|35ad5445-c154-4cea-8e18-983bdf361c37/ already exists.
./circuit_plots/Unrestricted Disentangled|Readout|CN=1|B0=0|B1=1|K=1280|L=320|p_B=0.75|p_C=0.75|B=2|eps=0|35ad5445-c154-4cea-8e18-983bdf361c37/ already exists.
./circuit_plots/Unrestricted Disentangled|Readout|CN=1|B0=0|B1=1|K=1280|L=320|p_B=0.75|p_C=0.75|B=2|eps=0|35ad5445-c154-4cea-8e18-983bdf361c37/ already exists.
./circuit_plots/Unrestricted Disentangled|Readout|CN=1|B0=0|B1=1|K=1280|L=320|p_B=0.75|p_C=0.75|B=2|eps=0|35ad5445-c154-4cea-8e18-983bdf361c37/ already exists.
./circuit_plots/Unrestricted Disentangled|Readout|CN=1|B0=0|B1=1|K=1280|L=320|p_B=0.75|p_C=0.75|B=2|eps=0|35ad5445-c154-4cea-8e18-983bdf361c37/ already exists.
./circuit_plots/Unrestricted Disentangled|Readout|CN=1|B0=0|B1=1|K=1280|L=320|p_B=0.75|p_C=0.75|B=2|eps=0|35ad5445-c154-4cea-8e18-983bdf361c37/ already exists.
Epoch: 9550, Loss: 5.616165637969971
Test acc: 0.0877, IC acc: 0.107, IC acc2: 0.0037, IW acc: 0.0032
Epoch: 9551, Loss: 5.629082679748535
Epoch: 9552, Loss: 5.610541343688965
Epoch: 9553, Loss: 5.6264848709106445
Epoch: 9554, Loss: 5.625431537628174
Epoch: 9555, Loss: 5.617889881134033
Epoch: 9556, Loss: 5.636985778808594
Epoch: 9557, Loss: 5.619025230407715
Epoch: 9558, Loss: 5.60745906829834
Epoch: 9559, Loss: 5.616652011871338
Epoch: 9560, Loss: 5.628891944885254
Test acc: 0.0874, IC acc: 0.1069, IC acc2: 0.0037, IW acc: 0.0032
Epoch: 9561, Loss: 5.615586280822754
Epoch: 9562, Loss: 5.589000701904297
Epoch: 9563, Loss: 5.629421710968018
Epoch: 9564, Loss: 5.6331868171691895
Epoch: 9565, Loss: 5.6032209396362305
Epoch: 9566, Loss: 5.634458065032959
Epoch: 9567, Loss: 5.612971305847168
Epoch: 9568, Loss: 5.609418869018555
Epoch: 9569, Loss: 5.605574607849121
Epoch: 9570, Loss: 5.610650062561035
Test acc: 0.0877, IC acc: 0.107, IC acc2: 0.0037, IW acc: 0.0032
Epoch: 9571, Loss: 5.613901138305664
Epoch: 9572, Loss: 5.627439498901367
Epoch: 9573, Loss: 5.630007743835449
Epoch: 9574, Loss: 5.619665145874023
Epoch: 9575, Loss: 5.63137149810791
Epoch: 9576, Loss: 5.620968341827393
Epoch: 9577, Loss: 5.617046356201172
Epoch: 9578, Loss: 5.622289657592773
Epoch: 9579, Loss: 5.619572639465332
Epoch: 9580, Loss: 5.6454267501831055
Test acc: 0.0878, IC acc: 0.1071, IC acc2: 0.0037, IW acc: 0.0032
Epoch: 9581, Loss: 5.621234893798828
Epoch: 9582, Loss: 5.634016990661621
Epoch: 9583, Loss: 5.624953269958496
Epoch: 9584, Loss: 5.620782375335693
Epoch: 9585, Loss: 5.605875015258789
Epoch: 9586, Loss: 5.602818489074707
Epoch: 9587, Loss: 5.598440170288086
Epoch: 9588, Loss: 5.615550994873047
Epoch: 9589, Loss: 5.644486904144287
Epoch: 9590, Loss: 5.626267910003662
Test acc: 0.0878, IC acc: 0.1078, IC acc2: 0.0037, IW acc: 0.0032
Epoch: 9591, Loss: 5.620865821838379
Epoch: 9592, Loss: 5.5970659255981445
Epoch: 9593, Loss: 5.628486156463623
Epoch: 9594, Loss: 5.6085591316223145
Epoch: 9595, Loss: 5.629724502563477
Epoch: 9596, Loss: 5.607797622680664
Epoch: 9597, Loss: 5.6075568199157715
Epoch: 9598, Loss: 5.626782417297363
Epoch: 9599, Loss: 5.62831974029541
./circuit_plots/Unrestricted Disentangled|Readout|CN=1|B0=0|B1=1|K=1280|L=320|p_B=0.75|p_C=0.75|B=2|eps=0|35ad5445-c154-4cea-8e18-983bdf361c37/ already exists.
./circuit_plots/Unrestricted Disentangled|Readout|CN=1|B0=0|B1=1|K=1280|L=320|p_B=0.75|p_C=0.75|B=2|eps=0|35ad5445-c154-4cea-8e18-983bdf361c37/ already exists.
./circuit_plots/Unrestricted Disentangled|Readout|CN=1|B0=0|B1=1|K=1280|L=320|p_B=0.75|p_C=0.75|B=2|eps=0|35ad5445-c154-4cea-8e18-983bdf361c37/ already exists.
./circuit_plots/Unrestricted Disentangled|Readout|CN=1|B0=0|B1=1|K=1280|L=320|p_B=0.75|p_C=0.75|B=2|eps=0|35ad5445-c154-4cea-8e18-983bdf361c37/ already exists.
./circuit_plots/Unrestricted Disentangled|Readout|CN=1|B0=0|B1=1|K=1280|L=320|p_B=0.75|p_C=0.75|B=2|eps=0|35ad5445-c154-4cea-8e18-983bdf361c37/ already exists.
./circuit_plots/Unrestricted Disentangled|Readout|CN=1|B0=0|B1=1|K=1280|L=320|p_B=0.75|p_C=0.75|B=2|eps=0|35ad5445-c154-4cea-8e18-983bdf361c37/ already exists.
./circuit_plots/Unrestricted Disentangled|Readout|CN=1|B0=0|B1=1|K=1280|L=320|p_B=0.75|p_C=0.75|B=2|eps=0|35ad5445-c154-4cea-8e18-983bdf361c37/ already exists.
Epoch: 9600, Loss: 5.620804786682129
Test acc: 0.0877, IC acc: 0.1079, IC acc2: 0.0037, IW acc: 0.0032
Epoch: 9601, Loss: 5.639884948730469
Epoch: 9602, Loss: 5.624226093292236
Epoch: 9603, Loss: 5.610148906707764
Epoch: 9604, Loss: 5.6158037185668945
Epoch: 9605, Loss: 5.612140655517578
Epoch: 9606, Loss: 5.611791610717773
Epoch: 9607, Loss: 5.627870082855225
Epoch: 9608, Loss: 5.631207466125488
Epoch: 9609, Loss: 5.612471580505371
Epoch: 9610, Loss: 5.6198954582214355
Test acc: 0.0879, IC acc: 0.1081, IC acc2: 0.0037, IW acc: 0.0032
Epoch: 9611, Loss: 5.626215934753418
Epoch: 9612, Loss: 5.626678466796875
Epoch: 9613, Loss: 5.583688735961914
Epoch: 9614, Loss: 5.605672836303711
Epoch: 9615, Loss: 5.631504058837891
Epoch: 9616, Loss: 5.633158206939697
Epoch: 9617, Loss: 5.62542724609375
Epoch: 9618, Loss: 5.621175765991211
Epoch: 9619, Loss: 5.613165378570557
Epoch: 9620, Loss: 5.6145524978637695
Test acc: 0.0882, IC acc: 0.1082, IC acc2: 0.0037, IW acc: 0.0033
Epoch: 9621, Loss: 5.600405216217041
Epoch: 9622, Loss: 5.602331638336182
Epoch: 9623, Loss: 5.615917205810547
Epoch: 9624, Loss: 5.625214576721191
Epoch: 9625, Loss: 5.609813213348389
Epoch: 9626, Loss: 5.610822677612305
Epoch: 9627, Loss: 5.617570877075195
Epoch: 9628, Loss: 5.628688812255859
Epoch: 9629, Loss: 5.611677646636963
Epoch: 9630, Loss: 5.652509689331055
Test acc: 0.0885, IC acc: 0.1085, IC acc2: 0.0037, IW acc: 0.0033
Epoch: 9631, Loss: 5.62116003036499
Epoch: 9632, Loss: 5.619679927825928
Epoch: 9633, Loss: 5.618474960327148
Epoch: 9634, Loss: 5.624660491943359
Epoch: 9635, Loss: 5.61635684967041
Epoch: 9636, Loss: 5.6264543533325195
Epoch: 9637, Loss: 5.606587886810303
Epoch: 9638, Loss: 5.62135124206543
Epoch: 9639, Loss: 5.6285905838012695
Epoch: 9640, Loss: 5.620777130126953
Test acc: 0.0886, IC acc: 0.1087, IC acc2: 0.0037, IW acc: 0.0034
Epoch: 9641, Loss: 5.625981330871582
Epoch: 9642, Loss: 5.61092472076416
Epoch: 9643, Loss: 5.6277337074279785
Epoch: 9644, Loss: 5.621251583099365
Epoch: 9645, Loss: 5.597172737121582
Epoch: 9646, Loss: 5.630483627319336
Epoch: 9647, Loss: 5.634037017822266
Epoch: 9648, Loss: 5.600825309753418
Epoch: 9649, Loss: 5.607397556304932
./circuit_plots/Unrestricted Disentangled|Readout|CN=1|B0=0|B1=1|K=1280|L=320|p_B=0.75|p_C=0.75|B=2|eps=0|35ad5445-c154-4cea-8e18-983bdf361c37/ already exists.
./circuit_plots/Unrestricted Disentangled|Readout|CN=1|B0=0|B1=1|K=1280|L=320|p_B=0.75|p_C=0.75|B=2|eps=0|35ad5445-c154-4cea-8e18-983bdf361c37/ already exists.
./circuit_plots/Unrestricted Disentangled|Readout|CN=1|B0=0|B1=1|K=1280|L=320|p_B=0.75|p_C=0.75|B=2|eps=0|35ad5445-c154-4cea-8e18-983bdf361c37/ already exists.
./circuit_plots/Unrestricted Disentangled|Readout|CN=1|B0=0|B1=1|K=1280|L=320|p_B=0.75|p_C=0.75|B=2|eps=0|35ad5445-c154-4cea-8e18-983bdf361c37/ already exists.
./circuit_plots/Unrestricted Disentangled|Readout|CN=1|B0=0|B1=1|K=1280|L=320|p_B=0.75|p_C=0.75|B=2|eps=0|35ad5445-c154-4cea-8e18-983bdf361c37/ already exists.
./circuit_plots/Unrestricted Disentangled|Readout|CN=1|B0=0|B1=1|K=1280|L=320|p_B=0.75|p_C=0.75|B=2|eps=0|35ad5445-c154-4cea-8e18-983bdf361c37/ already exists.
./circuit_plots/Unrestricted Disentangled|Readout|CN=1|B0=0|B1=1|K=1280|L=320|p_B=0.75|p_C=0.75|B=2|eps=0|35ad5445-c154-4cea-8e18-983bdf361c37/ already exists.
Epoch: 9650, Loss: 5.611193656921387
Test acc: 0.0888, IC acc: 0.1088, IC acc2: 0.0036, IW acc: 0.0033
Epoch: 9651, Loss: 5.593570709228516
Epoch: 9652, Loss: 5.63047981262207
Epoch: 9653, Loss: 5.621487617492676
Epoch: 9654, Loss: 5.613955020904541
Epoch: 9655, Loss: 5.6321797370910645
Epoch: 9656, Loss: 5.630734443664551
Epoch: 9657, Loss: 5.624988555908203
Epoch: 9658, Loss: 5.587522029876709
Epoch: 9659, Loss: 5.628806114196777
Epoch: 9660, Loss: 5.620306968688965
Test acc: 0.0891, IC acc: 0.1088, IC acc2: 0.0037, IW acc: 0.0033
Epoch: 9661, Loss: 5.6065216064453125
Epoch: 9662, Loss: 5.625002384185791
Epoch: 9663, Loss: 5.593504905700684
Epoch: 9664, Loss: 5.603048801422119
Epoch: 9665, Loss: 5.588422775268555
Epoch: 9666, Loss: 5.632091999053955
Epoch: 9667, Loss: 5.616058349609375
Epoch: 9668, Loss: 5.613677024841309
Epoch: 9669, Loss: 5.623466491699219
Epoch: 9670, Loss: 5.6390275955200195
Test acc: 0.0891, IC acc: 0.1086, IC acc2: 0.0037, IW acc: 0.0033
Epoch: 9671, Loss: 5.622185707092285
Epoch: 9672, Loss: 5.629076957702637
Epoch: 9673, Loss: 5.623868942260742
Epoch: 9674, Loss: 5.614933013916016
Epoch: 9675, Loss: 5.6203813552856445
Epoch: 9676, Loss: 5.640902042388916
Epoch: 9677, Loss: 5.603893280029297
Epoch: 9678, Loss: 5.606569766998291
Epoch: 9679, Loss: 5.611197471618652
Epoch: 9680, Loss: 5.620378494262695
Test acc: 0.0889, IC acc: 0.1092, IC acc2: 0.0037, IW acc: 0.0034
Epoch: 9681, Loss: 5.612628936767578
Epoch: 9682, Loss: 5.601947784423828
Epoch: 9683, Loss: 5.603973388671875
Epoch: 9684, Loss: 5.628745079040527
Epoch: 9685, Loss: 5.6275835037231445
Epoch: 9686, Loss: 5.624606132507324
Epoch: 9687, Loss: 5.627559661865234
Epoch: 9688, Loss: 5.610662460327148
Epoch: 9689, Loss: 5.63633918762207
Epoch: 9690, Loss: 5.615694999694824
Test acc: 0.0891, IC acc: 0.1094, IC acc2: 0.0037, IW acc: 0.0034
Epoch: 9691, Loss: 5.617292404174805
Epoch: 9692, Loss: 5.602118968963623
Epoch: 9693, Loss: 5.622540473937988
Epoch: 9694, Loss: 5.634261131286621
Epoch: 9695, Loss: 5.600000381469727
Epoch: 9696, Loss: 5.623607635498047
Epoch: 9697, Loss: 5.620026588439941
Epoch: 9698, Loss: 5.615373134613037
Epoch: 9699, Loss: 5.60758113861084
./circuit_plots/Unrestricted Disentangled|Readout|CN=1|B0=0|B1=1|K=1280|L=320|p_B=0.75|p_C=0.75|B=2|eps=0|35ad5445-c154-4cea-8e18-983bdf361c37/ already exists.
./circuit_plots/Unrestricted Disentangled|Readout|CN=1|B0=0|B1=1|K=1280|L=320|p_B=0.75|p_C=0.75|B=2|eps=0|35ad5445-c154-4cea-8e18-983bdf361c37/ already exists.
./circuit_plots/Unrestricted Disentangled|Readout|CN=1|B0=0|B1=1|K=1280|L=320|p_B=0.75|p_C=0.75|B=2|eps=0|35ad5445-c154-4cea-8e18-983bdf361c37/ already exists.
./circuit_plots/Unrestricted Disentangled|Readout|CN=1|B0=0|B1=1|K=1280|L=320|p_B=0.75|p_C=0.75|B=2|eps=0|35ad5445-c154-4cea-8e18-983bdf361c37/ already exists.
./circuit_plots/Unrestricted Disentangled|Readout|CN=1|B0=0|B1=1|K=1280|L=320|p_B=0.75|p_C=0.75|B=2|eps=0|35ad5445-c154-4cea-8e18-983bdf361c37/ already exists.
./circuit_plots/Unrestricted Disentangled|Readout|CN=1|B0=0|B1=1|K=1280|L=320|p_B=0.75|p_C=0.75|B=2|eps=0|35ad5445-c154-4cea-8e18-983bdf361c37/ already exists.
./circuit_plots/Unrestricted Disentangled|Readout|CN=1|B0=0|B1=1|K=1280|L=320|p_B=0.75|p_C=0.75|B=2|eps=0|35ad5445-c154-4cea-8e18-983bdf361c37/ already exists.
Epoch: 9700, Loss: 5.625888824462891
Test acc: 0.0892, IC acc: 0.1096, IC acc2: 0.0038, IW acc: 0.0033
Epoch: 9701, Loss: 5.62457799911499
Epoch: 9702, Loss: 5.593571662902832
Epoch: 9703, Loss: 5.60530948638916
Epoch: 9704, Loss: 5.617210388183594
Epoch: 9705, Loss: 5.630199909210205
Epoch: 9706, Loss: 5.624544620513916
Epoch: 9707, Loss: 5.6501007080078125
Epoch: 9708, Loss: 5.62130880355835
Epoch: 9709, Loss: 5.601870536804199
Epoch: 9710, Loss: 5.596249103546143
Test acc: 0.0892, IC acc: 0.1099, IC acc2: 0.0037, IW acc: 0.0034
Epoch: 9711, Loss: 5.591749668121338
Epoch: 9712, Loss: 5.630963325500488
Epoch: 9713, Loss: 5.610117435455322
Epoch: 9714, Loss: 5.62490701675415
Epoch: 9715, Loss: 5.6258039474487305
Epoch: 9716, Loss: 5.606790542602539
Epoch: 9717, Loss: 5.630850315093994
Epoch: 9718, Loss: 5.585082530975342
Epoch: 9719, Loss: 5.624128341674805
Epoch: 9720, Loss: 5.635302543640137
Test acc: 0.0897, IC acc: 0.1102, IC acc2: 0.0037, IW acc: 0.0034
Epoch: 9721, Loss: 5.632598876953125
Epoch: 9722, Loss: 5.63742733001709
Epoch: 9723, Loss: 5.620265007019043
Epoch: 9724, Loss: 5.6143083572387695
Epoch: 9725, Loss: 5.598813056945801
Epoch: 9726, Loss: 5.628936767578125
Epoch: 9727, Loss: 5.631157875061035
Epoch: 9728, Loss: 5.604198932647705
Epoch: 9729, Loss: 5.652590751647949
Epoch: 9730, Loss: 5.611700057983398
Test acc: 0.0894, IC acc: 0.1102, IC acc2: 0.0037, IW acc: 0.0033
Epoch: 9731, Loss: 5.606390953063965
Epoch: 9732, Loss: 5.626252174377441
Epoch: 9733, Loss: 5.608778953552246
Epoch: 9734, Loss: 5.6029486656188965
Epoch: 9735, Loss: 5.624399185180664
Epoch: 9736, Loss: 5.633151054382324
Epoch: 9737, Loss: 5.633820533752441
Epoch: 9738, Loss: 5.625201225280762
Epoch: 9739, Loss: 5.615989685058594
Epoch: 9740, Loss: 5.5990424156188965
Test acc: 0.0894, IC acc: 0.1103, IC acc2: 0.0037, IW acc: 0.0033
Epoch: 9741, Loss: 5.620758533477783
Epoch: 9742, Loss: 5.591749668121338
Epoch: 9743, Loss: 5.61761474609375
Epoch: 9744, Loss: 5.614758491516113
Epoch: 9745, Loss: 5.633148670196533
Epoch: 9746, Loss: 5.622602462768555
Epoch: 9747, Loss: 5.623849391937256
Epoch: 9748, Loss: 5.6197614669799805
Epoch: 9749, Loss: 5.606087684631348
./circuit_plots/Unrestricted Disentangled|Readout|CN=1|B0=0|B1=1|K=1280|L=320|p_B=0.75|p_C=0.75|B=2|eps=0|35ad5445-c154-4cea-8e18-983bdf361c37/ already exists.
./circuit_plots/Unrestricted Disentangled|Readout|CN=1|B0=0|B1=1|K=1280|L=320|p_B=0.75|p_C=0.75|B=2|eps=0|35ad5445-c154-4cea-8e18-983bdf361c37/ already exists.
./circuit_plots/Unrestricted Disentangled|Readout|CN=1|B0=0|B1=1|K=1280|L=320|p_B=0.75|p_C=0.75|B=2|eps=0|35ad5445-c154-4cea-8e18-983bdf361c37/ already exists.
./circuit_plots/Unrestricted Disentangled|Readout|CN=1|B0=0|B1=1|K=1280|L=320|p_B=0.75|p_C=0.75|B=2|eps=0|35ad5445-c154-4cea-8e18-983bdf361c37/ already exists.
./circuit_plots/Unrestricted Disentangled|Readout|CN=1|B0=0|B1=1|K=1280|L=320|p_B=0.75|p_C=0.75|B=2|eps=0|35ad5445-c154-4cea-8e18-983bdf361c37/ already exists.
./circuit_plots/Unrestricted Disentangled|Readout|CN=1|B0=0|B1=1|K=1280|L=320|p_B=0.75|p_C=0.75|B=2|eps=0|35ad5445-c154-4cea-8e18-983bdf361c37/ already exists.
./circuit_plots/Unrestricted Disentangled|Readout|CN=1|B0=0|B1=1|K=1280|L=320|p_B=0.75|p_C=0.75|B=2|eps=0|35ad5445-c154-4cea-8e18-983bdf361c37/ already exists.
Epoch: 9750, Loss: 5.643153190612793
Test acc: 0.0895, IC acc: 0.1101, IC acc2: 0.0038, IW acc: 0.0033
Epoch: 9751, Loss: 5.621058940887451
Epoch: 9752, Loss: 5.607967376708984
Epoch: 9753, Loss: 5.619338035583496
Epoch: 9754, Loss: 5.610322952270508
Epoch: 9755, Loss: 5.618131637573242
Epoch: 9756, Loss: 5.617320537567139
Epoch: 9757, Loss: 5.6361985206604
Epoch: 9758, Loss: 5.614984035491943
Epoch: 9759, Loss: 5.631299018859863
Epoch: 9760, Loss: 5.623944282531738
Test acc: 0.0896, IC acc: 0.1103, IC acc2: 0.0038, IW acc: 0.0033
Epoch: 9761, Loss: 5.630961894989014
Epoch: 9762, Loss: 5.613734245300293
Epoch: 9763, Loss: 5.622286319732666
Epoch: 9764, Loss: 5.640843391418457
Epoch: 9765, Loss: 5.631031513214111
Epoch: 9766, Loss: 5.614657402038574
Epoch: 9767, Loss: 5.606489181518555
Epoch: 9768, Loss: 5.612035751342773
Epoch: 9769, Loss: 5.623491287231445
Epoch: 9770, Loss: 5.6193132400512695
Test acc: 0.0894, IC acc: 0.1105, IC acc2: 0.0038, IW acc: 0.0033
Epoch: 9771, Loss: 5.616727352142334
Epoch: 9772, Loss: 5.62392520904541
Epoch: 9773, Loss: 5.630678176879883
Epoch: 9774, Loss: 5.613120079040527
Epoch: 9775, Loss: 5.604384422302246
Epoch: 9776, Loss: 5.618910312652588
Epoch: 9777, Loss: 5.617455005645752
Epoch: 9778, Loss: 5.612246036529541
Epoch: 9779, Loss: 5.62500524520874
Epoch: 9780, Loss: 5.62664270401001
Test acc: 0.09, IC acc: 0.1105, IC acc2: 0.0038, IW acc: 0.0033
Epoch: 9781, Loss: 5.614245414733887
Epoch: 9782, Loss: 5.59262228012085
Epoch: 9783, Loss: 5.629364013671875
Epoch: 9784, Loss: 5.638010025024414
Epoch: 9785, Loss: 5.609067916870117
Epoch: 9786, Loss: 5.618832588195801
Epoch: 9787, Loss: 5.618741512298584
Epoch: 9788, Loss: 5.625363349914551
Epoch: 9789, Loss: 5.612539291381836
Epoch: 9790, Loss: 5.612761497497559
Test acc: 0.0902, IC acc: 0.1102, IC acc2: 0.0037, IW acc: 0.0033
Epoch: 9791, Loss: 5.617490768432617
Epoch: 9792, Loss: 5.625194072723389
Epoch: 9793, Loss: 5.619007587432861
Epoch: 9794, Loss: 5.606597900390625
Epoch: 9795, Loss: 5.625714302062988
Epoch: 9796, Loss: 5.623842239379883
Epoch: 9797, Loss: 5.603321075439453
Epoch: 9798, Loss: 5.629071235656738
Epoch: 9799, Loss: 5.629639625549316
./circuit_plots/Unrestricted Disentangled|Readout|CN=1|B0=0|B1=1|K=1280|L=320|p_B=0.75|p_C=0.75|B=2|eps=0|35ad5445-c154-4cea-8e18-983bdf361c37/ already exists.
./circuit_plots/Unrestricted Disentangled|Readout|CN=1|B0=0|B1=1|K=1280|L=320|p_B=0.75|p_C=0.75|B=2|eps=0|35ad5445-c154-4cea-8e18-983bdf361c37/ already exists.
./circuit_plots/Unrestricted Disentangled|Readout|CN=1|B0=0|B1=1|K=1280|L=320|p_B=0.75|p_C=0.75|B=2|eps=0|35ad5445-c154-4cea-8e18-983bdf361c37/ already exists.
./circuit_plots/Unrestricted Disentangled|Readout|CN=1|B0=0|B1=1|K=1280|L=320|p_B=0.75|p_C=0.75|B=2|eps=0|35ad5445-c154-4cea-8e18-983bdf361c37/ already exists.
./circuit_plots/Unrestricted Disentangled|Readout|CN=1|B0=0|B1=1|K=1280|L=320|p_B=0.75|p_C=0.75|B=2|eps=0|35ad5445-c154-4cea-8e18-983bdf361c37/ already exists.
./circuit_plots/Unrestricted Disentangled|Readout|CN=1|B0=0|B1=1|K=1280|L=320|p_B=0.75|p_C=0.75|B=2|eps=0|35ad5445-c154-4cea-8e18-983bdf361c37/ already exists.
./circuit_plots/Unrestricted Disentangled|Readout|CN=1|B0=0|B1=1|K=1280|L=320|p_B=0.75|p_C=0.75|B=2|eps=0|35ad5445-c154-4cea-8e18-983bdf361c37/ already exists.
Epoch: 9800, Loss: 5.613577842712402
Test acc: 0.0908, IC acc: 0.1104, IC acc2: 0.0038, IW acc: 0.0033
Epoch: 9801, Loss: 5.62746524810791
Epoch: 9802, Loss: 5.627906799316406
Epoch: 9803, Loss: 5.6072893142700195
Epoch: 9804, Loss: 5.6287994384765625
Epoch: 9805, Loss: 5.634378433227539
Epoch: 9806, Loss: 5.627964973449707
Epoch: 9807, Loss: 5.6115007400512695
Epoch: 9808, Loss: 5.633825302124023
Epoch: 9809, Loss: 5.612072944641113
Epoch: 9810, Loss: 5.602450370788574
Test acc: 0.0907, IC acc: 0.1104, IC acc2: 0.0038, IW acc: 0.0032
Epoch: 9811, Loss: 5.628890037536621
Epoch: 9812, Loss: 5.593393325805664
Epoch: 9813, Loss: 5.619203567504883
Epoch: 9814, Loss: 5.619455337524414
Epoch: 9815, Loss: 5.602439880371094
Epoch: 9816, Loss: 5.616540431976318
Epoch: 9817, Loss: 5.622064590454102
Epoch: 9818, Loss: 5.631661891937256
Epoch: 9819, Loss: 5.594964027404785
Epoch: 9820, Loss: 5.614224433898926
Test acc: 0.0904, IC acc: 0.1106, IC acc2: 0.0038, IW acc: 0.0032
Epoch: 9821, Loss: 5.602836608886719
Epoch: 9822, Loss: 5.62540340423584
Epoch: 9823, Loss: 5.614317417144775
Epoch: 9824, Loss: 5.6003313064575195
Epoch: 9825, Loss: 5.6176557540893555
Epoch: 9826, Loss: 5.608704090118408
Epoch: 9827, Loss: 5.6224212646484375
Epoch: 9828, Loss: 5.623505592346191
Epoch: 9829, Loss: 5.625971794128418
Epoch: 9830, Loss: 5.5997514724731445
Test acc: 0.0907, IC acc: 0.1106, IC acc2: 0.0038, IW acc: 0.0032
Epoch: 9831, Loss: 5.621171951293945
Epoch: 9832, Loss: 5.5983405113220215
Epoch: 9833, Loss: 5.620944976806641
Epoch: 9834, Loss: 5.602647304534912
Epoch: 9835, Loss: 5.593944549560547
Epoch: 9836, Loss: 5.605808734893799
Epoch: 9837, Loss: 5.621522903442383
Epoch: 9838, Loss: 5.609643936157227
Epoch: 9839, Loss: 5.6168670654296875
Epoch: 9840, Loss: 5.615909576416016
Test acc: 0.0911, IC acc: 0.1108, IC acc2: 0.0038, IW acc: 0.0032
Epoch: 9841, Loss: 5.604413986206055
Epoch: 9842, Loss: 5.620767593383789
Epoch: 9843, Loss: 5.6231184005737305
Epoch: 9844, Loss: 5.595568656921387
Epoch: 9845, Loss: 5.615993499755859
Epoch: 9846, Loss: 5.623795986175537
Epoch: 9847, Loss: 5.598733901977539
Epoch: 9848, Loss: 5.571961402893066
Epoch: 9849, Loss: 5.600563049316406
./circuit_plots/Unrestricted Disentangled|Readout|CN=1|B0=0|B1=1|K=1280|L=320|p_B=0.75|p_C=0.75|B=2|eps=0|35ad5445-c154-4cea-8e18-983bdf361c37/ already exists.
./circuit_plots/Unrestricted Disentangled|Readout|CN=1|B0=0|B1=1|K=1280|L=320|p_B=0.75|p_C=0.75|B=2|eps=0|35ad5445-c154-4cea-8e18-983bdf361c37/ already exists.
./circuit_plots/Unrestricted Disentangled|Readout|CN=1|B0=0|B1=1|K=1280|L=320|p_B=0.75|p_C=0.75|B=2|eps=0|35ad5445-c154-4cea-8e18-983bdf361c37/ already exists.
./circuit_plots/Unrestricted Disentangled|Readout|CN=1|B0=0|B1=1|K=1280|L=320|p_B=0.75|p_C=0.75|B=2|eps=0|35ad5445-c154-4cea-8e18-983bdf361c37/ already exists.
./circuit_plots/Unrestricted Disentangled|Readout|CN=1|B0=0|B1=1|K=1280|L=320|p_B=0.75|p_C=0.75|B=2|eps=0|35ad5445-c154-4cea-8e18-983bdf361c37/ already exists.
./circuit_plots/Unrestricted Disentangled|Readout|CN=1|B0=0|B1=1|K=1280|L=320|p_B=0.75|p_C=0.75|B=2|eps=0|35ad5445-c154-4cea-8e18-983bdf361c37/ already exists.
./circuit_plots/Unrestricted Disentangled|Readout|CN=1|B0=0|B1=1|K=1280|L=320|p_B=0.75|p_C=0.75|B=2|eps=0|35ad5445-c154-4cea-8e18-983bdf361c37/ already exists.
Epoch: 9850, Loss: 5.614258766174316
Test acc: 0.0909, IC acc: 0.111, IC acc2: 0.0038, IW acc: 0.0032
Epoch: 9851, Loss: 5.625444412231445
Epoch: 9852, Loss: 5.633441925048828
Epoch: 9853, Loss: 5.607698440551758
Epoch: 9854, Loss: 5.60044527053833
Epoch: 9855, Loss: 5.620614528656006
Epoch: 9856, Loss: 5.616361618041992
Epoch: 9857, Loss: 5.5945892333984375
Epoch: 9858, Loss: 5.612475395202637
Epoch: 9859, Loss: 5.615486145019531
Epoch: 9860, Loss: 5.620086669921875
Test acc: 0.0909, IC acc: 0.1111, IC acc2: 0.0038, IW acc: 0.0032
Epoch: 9861, Loss: 5.613481521606445
Epoch: 9862, Loss: 5.612275123596191
Epoch: 9863, Loss: 5.628003120422363
Epoch: 9864, Loss: 5.618187427520752
Epoch: 9865, Loss: 5.615043640136719
Epoch: 9866, Loss: 5.6034321784973145
Epoch: 9867, Loss: 5.614544868469238
Epoch: 9868, Loss: 5.617105007171631
Epoch: 9869, Loss: 5.614994049072266
Epoch: 9870, Loss: 5.598226547241211
Test acc: 0.091, IC acc: 0.111, IC acc2: 0.0037, IW acc: 0.0032
Epoch: 9871, Loss: 5.608450889587402
Epoch: 9872, Loss: 5.621469020843506
Epoch: 9873, Loss: 5.627535343170166
Epoch: 9874, Loss: 5.6298065185546875
Epoch: 9875, Loss: 5.620118141174316
Epoch: 9876, Loss: 5.623734951019287
Epoch: 9877, Loss: 5.617319107055664
Epoch: 9878, Loss: 5.619905471801758
Epoch: 9879, Loss: 5.62601900100708
Epoch: 9880, Loss: 5.61170768737793
Test acc: 0.0911, IC acc: 0.1113, IC acc2: 0.0037, IW acc: 0.0032
Epoch: 9881, Loss: 5.606829643249512
Epoch: 9882, Loss: 5.598377704620361
Epoch: 9883, Loss: 5.6187052726745605
Epoch: 9884, Loss: 5.624978542327881
Epoch: 9885, Loss: 5.628423690795898
Epoch: 9886, Loss: 5.607002258300781
Epoch: 9887, Loss: 5.6087822914123535
Epoch: 9888, Loss: 5.616121292114258
Epoch: 9889, Loss: 5.618795394897461
Epoch: 9890, Loss: 5.628510475158691
Test acc: 0.091, IC acc: 0.1115, IC acc2: 0.0036, IW acc: 0.0032
Epoch: 9891, Loss: 5.625580787658691
Epoch: 9892, Loss: 5.612760543823242
Epoch: 9893, Loss: 5.615144729614258
Epoch: 9894, Loss: 5.607236385345459
Epoch: 9895, Loss: 5.575648784637451
Epoch: 9896, Loss: 5.607470512390137
Epoch: 9897, Loss: 5.647856712341309
Epoch: 9898, Loss: 5.5975494384765625
Epoch: 9899, Loss: 5.624811172485352
./circuit_plots/Unrestricted Disentangled|Readout|CN=1|B0=0|B1=1|K=1280|L=320|p_B=0.75|p_C=0.75|B=2|eps=0|35ad5445-c154-4cea-8e18-983bdf361c37/ already exists.
./circuit_plots/Unrestricted Disentangled|Readout|CN=1|B0=0|B1=1|K=1280|L=320|p_B=0.75|p_C=0.75|B=2|eps=0|35ad5445-c154-4cea-8e18-983bdf361c37/ already exists.
./circuit_plots/Unrestricted Disentangled|Readout|CN=1|B0=0|B1=1|K=1280|L=320|p_B=0.75|p_C=0.75|B=2|eps=0|35ad5445-c154-4cea-8e18-983bdf361c37/ already exists.
./circuit_plots/Unrestricted Disentangled|Readout|CN=1|B0=0|B1=1|K=1280|L=320|p_B=0.75|p_C=0.75|B=2|eps=0|35ad5445-c154-4cea-8e18-983bdf361c37/ already exists.
./circuit_plots/Unrestricted Disentangled|Readout|CN=1|B0=0|B1=1|K=1280|L=320|p_B=0.75|p_C=0.75|B=2|eps=0|35ad5445-c154-4cea-8e18-983bdf361c37/ already exists.
./circuit_plots/Unrestricted Disentangled|Readout|CN=1|B0=0|B1=1|K=1280|L=320|p_B=0.75|p_C=0.75|B=2|eps=0|35ad5445-c154-4cea-8e18-983bdf361c37/ already exists.
./circuit_plots/Unrestricted Disentangled|Readout|CN=1|B0=0|B1=1|K=1280|L=320|p_B=0.75|p_C=0.75|B=2|eps=0|35ad5445-c154-4cea-8e18-983bdf361c37/ already exists.
Epoch: 9900, Loss: 5.6114678382873535
Test acc: 0.0913, IC acc: 0.1114, IC acc2: 0.0037, IW acc: 0.0033
Epoch: 9901, Loss: 5.628698825836182
Epoch: 9902, Loss: 5.6334123611450195
Epoch: 9903, Loss: 5.604517936706543
Epoch: 9904, Loss: 5.609306335449219
Epoch: 9905, Loss: 5.624455451965332
Epoch: 9906, Loss: 5.5914530754089355
Epoch: 9907, Loss: 5.60891056060791
Epoch: 9908, Loss: 5.643115997314453
Epoch: 9909, Loss: 5.63901948928833
Epoch: 9910, Loss: 5.63311767578125
Test acc: 0.0914, IC acc: 0.112, IC acc2: 0.0037, IW acc: 0.0032
Epoch: 9911, Loss: 5.612009048461914
Epoch: 9912, Loss: 5.62007474899292
Epoch: 9913, Loss: 5.607852935791016
Epoch: 9914, Loss: 5.605220794677734
Epoch: 9915, Loss: 5.6267900466918945
Epoch: 9916, Loss: 5.622872352600098
Epoch: 9917, Loss: 5.607399940490723
Epoch: 9918, Loss: 5.627010822296143
Epoch: 9919, Loss: 5.590987205505371
Epoch: 9920, Loss: 5.606815338134766
Test acc: 0.092, IC acc: 0.1116, IC acc2: 0.0037, IW acc: 0.0032
Epoch: 9921, Loss: 5.6288042068481445
Epoch: 9922, Loss: 5.604862213134766
Epoch: 9923, Loss: 5.613401889801025
Epoch: 9924, Loss: 5.609879493713379
Epoch: 9925, Loss: 5.605556488037109
Epoch: 9926, Loss: 5.627800941467285
Epoch: 9927, Loss: 5.626459121704102
Epoch: 9928, Loss: 5.621511459350586
Epoch: 9929, Loss: 5.605077266693115
Epoch: 9930, Loss: 5.628995895385742
Test acc: 0.0918, IC acc: 0.112, IC acc2: 0.0036, IW acc: 0.0032
Epoch: 9931, Loss: 5.599246978759766
Epoch: 9932, Loss: 5.6086883544921875
Epoch: 9933, Loss: 5.608407020568848
Epoch: 9934, Loss: 5.612493991851807
Epoch: 9935, Loss: 5.619213581085205
Epoch: 9936, Loss: 5.617269039154053
Epoch: 9937, Loss: 5.638344764709473
Epoch: 9938, Loss: 5.595390319824219
Epoch: 9939, Loss: 5.620196342468262
Epoch: 9940, Loss: 5.607953071594238
Test acc: 0.0916, IC acc: 0.1125, IC acc2: 0.0037, IW acc: 0.0032
Epoch: 9941, Loss: 5.622738838195801
Epoch: 9942, Loss: 5.6097917556762695
Epoch: 9943, Loss: 5.604977607727051
Epoch: 9944, Loss: 5.611235618591309
Epoch: 9945, Loss: 5.6083478927612305
Epoch: 9946, Loss: 5.622291564941406
Epoch: 9947, Loss: 5.611459732055664
Epoch: 9948, Loss: 5.596351623535156
Epoch: 9949, Loss: 5.603428840637207
./circuit_plots/Unrestricted Disentangled|Readout|CN=1|B0=0|B1=1|K=1280|L=320|p_B=0.75|p_C=0.75|B=2|eps=0|35ad5445-c154-4cea-8e18-983bdf361c37/ already exists.
./circuit_plots/Unrestricted Disentangled|Readout|CN=1|B0=0|B1=1|K=1280|L=320|p_B=0.75|p_C=0.75|B=2|eps=0|35ad5445-c154-4cea-8e18-983bdf361c37/ already exists.
./circuit_plots/Unrestricted Disentangled|Readout|CN=1|B0=0|B1=1|K=1280|L=320|p_B=0.75|p_C=0.75|B=2|eps=0|35ad5445-c154-4cea-8e18-983bdf361c37/ already exists.
./circuit_plots/Unrestricted Disentangled|Readout|CN=1|B0=0|B1=1|K=1280|L=320|p_B=0.75|p_C=0.75|B=2|eps=0|35ad5445-c154-4cea-8e18-983bdf361c37/ already exists.
./circuit_plots/Unrestricted Disentangled|Readout|CN=1|B0=0|B1=1|K=1280|L=320|p_B=0.75|p_C=0.75|B=2|eps=0|35ad5445-c154-4cea-8e18-983bdf361c37/ already exists.
./circuit_plots/Unrestricted Disentangled|Readout|CN=1|B0=0|B1=1|K=1280|L=320|p_B=0.75|p_C=0.75|B=2|eps=0|35ad5445-c154-4cea-8e18-983bdf361c37/ already exists.
./circuit_plots/Unrestricted Disentangled|Readout|CN=1|B0=0|B1=1|K=1280|L=320|p_B=0.75|p_C=0.75|B=2|eps=0|35ad5445-c154-4cea-8e18-983bdf361c37/ already exists.
Epoch: 9950, Loss: 5.621699333190918
Test acc: 0.0917, IC acc: 0.1124, IC acc2: 0.0037, IW acc: 0.0032
Epoch: 9951, Loss: 5.649560928344727
Epoch: 9952, Loss: 5.60174560546875
Epoch: 9953, Loss: 5.598641395568848
Epoch: 9954, Loss: 5.610887050628662
Epoch: 9955, Loss: 5.616052627563477
Epoch: 9956, Loss: 5.632044315338135
Epoch: 9957, Loss: 5.6304779052734375
Epoch: 9958, Loss: 5.601645469665527
Epoch: 9959, Loss: 5.620213031768799
Epoch: 9960, Loss: 5.6359148025512695
Test acc: 0.0918, IC acc: 0.1127, IC acc2: 0.0037, IW acc: 0.0032
Epoch: 9961, Loss: 5.613018989562988
Epoch: 9962, Loss: 5.606035232543945
Epoch: 9963, Loss: 5.638570785522461
Epoch: 9964, Loss: 5.609644889831543
Epoch: 9965, Loss: 5.624009132385254
Epoch: 9966, Loss: 5.621018886566162
Epoch: 9967, Loss: 5.612581253051758
Epoch: 9968, Loss: 5.621304512023926
Epoch: 9969, Loss: 5.600429534912109
Epoch: 9970, Loss: 5.632937431335449
Test acc: 0.0922, IC acc: 0.1129, IC acc2: 0.0036, IW acc: 0.0032
Epoch: 9971, Loss: 5.593133926391602
Epoch: 9972, Loss: 5.622808456420898
Epoch: 9973, Loss: 5.611681938171387
Epoch: 9974, Loss: 5.596093654632568
Epoch: 9975, Loss: 5.590267181396484
Epoch: 9976, Loss: 5.614801406860352
Epoch: 9977, Loss: 5.601834297180176
Epoch: 9978, Loss: 5.6093549728393555
Epoch: 9979, Loss: 5.610579013824463
Epoch: 9980, Loss: 5.621443748474121
Test acc: 0.0921, IC acc: 0.1129, IC acc2: 0.0036, IW acc: 0.0032
Epoch: 9981, Loss: 5.611293315887451
Epoch: 9982, Loss: 5.5975236892700195
Epoch: 9983, Loss: 5.617524147033691
Epoch: 9984, Loss: 5.619953155517578
Epoch: 9985, Loss: 5.6230149269104
Epoch: 9986, Loss: 5.620339393615723
Epoch: 9987, Loss: 5.604613780975342
Epoch: 9988, Loss: 5.615569114685059
Epoch: 9989, Loss: 5.605344295501709
Epoch: 9990, Loss: 5.5961737632751465
Test acc: 0.092, IC acc: 0.1131, IC acc2: 0.0036, IW acc: 0.0032
Epoch: 9991, Loss: 5.5951642990112305
Epoch: 9992, Loss: 5.625861167907715
Epoch: 9993, Loss: 5.618537902832031
Epoch: 9994, Loss: 5.626688003540039
Epoch: 9995, Loss: 5.591368675231934
Epoch: 9996, Loss: 5.614289283752441
Epoch: 9997, Loss: 5.606698036193848
Epoch: 9998, Loss: 5.606835842132568
Epoch: 9999, Loss: 5.619328022003174
