NOT USING MLP
RestrictedDisentangledTransformer(
  (transformer_block_0): DisentangledTransformerBlock(
    (causal_block): DisentangledCausalAttention(
      (W_QK): Linear(in_features=80, out_features=80, bias=False)
      (W_V): Linear(in_features=80, out_features=80, bias=False)
    )
  )
  (transformer_block_1): DisentangledTransformerBlock(
    (causal_block): DisentangledCausalAttention(
      (W_QK): Linear(in_features=160, out_features=160, bias=False)
      (W_V): Linear(in_features=160, out_features=160, bias=False)
    )
  )
  (W_O): Linear(in_features=320, out_features=320, bias=True)
  (mlp): Readout()
)
Running experiment Unrestricted Disentangled|Readout|CN=2|B0=0|B1=0|K=1280|L=320|p_B=0.75|p_C=0.75|B=2|eps=0|b4755c15-ae1c-4b25-96c8-f3c68ba4e0ec
./circuit_plots/Unrestricted Disentangled|Readout|CN=2|B0=0|B1=0|K=1280|L=320|p_B=0.75|p_C=0.75|B=2|eps=0|b4755c15-ae1c-4b25-96c8-f3c68ba4e0ec/ already exists.
./circuit_plots/Unrestricted Disentangled|Readout|CN=2|B0=0|B1=0|K=1280|L=320|p_B=0.75|p_C=0.75|B=2|eps=0|b4755c15-ae1c-4b25-96c8-f3c68ba4e0ec/ already exists.
Epoch: 0, Loss: 5.7710676193237305
Test acc: 0.0036, IC acc: 0.0029, IC acc2: 0.0028, IW acc: 0.0031
Epoch: 1, Loss: 5.783116340637207
Epoch: 2, Loss: 5.764291763305664
Epoch: 3, Loss: 5.768579483032227
Epoch: 4, Loss: 5.779696464538574
Epoch: 5, Loss: 5.780123710632324
Epoch: 6, Loss: 5.766781806945801
Epoch: 7, Loss: 5.76662015914917
Epoch: 8, Loss: 5.760790824890137
Epoch: 9, Loss: 5.764620304107666
Epoch: 10, Loss: 5.772833824157715
Test acc: 0.0036, IC acc: 0.003, IC acc2: 0.0028, IW acc: 0.0031
Epoch: 11, Loss: 5.790501594543457
Epoch: 12, Loss: 5.773516654968262
Epoch: 13, Loss: 5.763974666595459
Epoch: 14, Loss: 5.772324085235596
Epoch: 15, Loss: 5.784109115600586
Epoch: 16, Loss: 5.772246360778809
Epoch: 17, Loss: 5.773097991943359
Epoch: 18, Loss: 5.7674455642700195
Epoch: 19, Loss: 5.765761375427246
Epoch: 20, Loss: 5.766845703125
Test acc: 0.0036, IC acc: 0.003, IC acc2: 0.0028, IW acc: 0.0032
Epoch: 21, Loss: 5.764904022216797
Epoch: 22, Loss: 5.768726348876953
Epoch: 23, Loss: 5.765469551086426
Epoch: 24, Loss: 5.7738447189331055
Epoch: 25, Loss: 5.761568069458008
Epoch: 26, Loss: 5.767725467681885
Epoch: 27, Loss: 5.771562099456787
Epoch: 28, Loss: 5.761849403381348
Epoch: 29, Loss: 5.766933441162109
Epoch: 30, Loss: 5.7660627365112305
Test acc: 0.0036, IC acc: 0.003, IC acc2: 0.0028, IW acc: 0.0032
Epoch: 31, Loss: 5.7744140625
Epoch: 32, Loss: 5.7805495262146
Epoch: 33, Loss: 5.773341655731201
Epoch: 34, Loss: 5.7527546882629395
Epoch: 35, Loss: 5.766781806945801
Epoch: 36, Loss: 5.7739057540893555
Epoch: 37, Loss: 5.782729625701904
Epoch: 38, Loss: 5.770340442657471
Epoch: 39, Loss: 5.769072532653809
Epoch: 40, Loss: 5.776585578918457
Test acc: 0.0038, IC acc: 0.003, IC acc2: 0.0028, IW acc: 0.0032
Epoch: 41, Loss: 5.779673099517822
Epoch: 42, Loss: 5.779784679412842
Epoch: 43, Loss: 5.770744800567627
Epoch: 44, Loss: 5.767376899719238
Epoch: 45, Loss: 5.768923759460449
Epoch: 46, Loss: 5.762102127075195
Epoch: 47, Loss: 5.782513618469238
Epoch: 48, Loss: 5.761625289916992
Epoch: 49, Loss: 5.787518501281738
./circuit_plots/Unrestricted Disentangled|Readout|CN=2|B0=0|B1=0|K=1280|L=320|p_B=0.75|p_C=0.75|B=2|eps=0|b4755c15-ae1c-4b25-96c8-f3c68ba4e0ec/ already exists.
./circuit_plots/Unrestricted Disentangled|Readout|CN=2|B0=0|B1=0|K=1280|L=320|p_B=0.75|p_C=0.75|B=2|eps=0|b4755c15-ae1c-4b25-96c8-f3c68ba4e0ec/ already exists.
./circuit_plots/Unrestricted Disentangled|Readout|CN=2|B0=0|B1=0|K=1280|L=320|p_B=0.75|p_C=0.75|B=2|eps=0|b4755c15-ae1c-4b25-96c8-f3c68ba4e0ec/ already exists.
./circuit_plots/Unrestricted Disentangled|Readout|CN=2|B0=0|B1=0|K=1280|L=320|p_B=0.75|p_C=0.75|B=2|eps=0|b4755c15-ae1c-4b25-96c8-f3c68ba4e0ec/ already exists.
./circuit_plots/Unrestricted Disentangled|Readout|CN=2|B0=0|B1=0|K=1280|L=320|p_B=0.75|p_C=0.75|B=2|eps=0|b4755c15-ae1c-4b25-96c8-f3c68ba4e0ec/ already exists.
./circuit_plots/Unrestricted Disentangled|Readout|CN=2|B0=0|B1=0|K=1280|L=320|p_B=0.75|p_C=0.75|B=2|eps=0|b4755c15-ae1c-4b25-96c8-f3c68ba4e0ec/ already exists.
./circuit_plots/Unrestricted Disentangled|Readout|CN=2|B0=0|B1=0|K=1280|L=320|p_B=0.75|p_C=0.75|B=2|eps=0|b4755c15-ae1c-4b25-96c8-f3c68ba4e0ec/ already exists.
Epoch: 50, Loss: 5.772186279296875
Test acc: 0.0038, IC acc: 0.003, IC acc2: 0.0028, IW acc: 0.0032
Epoch: 51, Loss: 5.774864196777344
Epoch: 52, Loss: 5.771201133728027
Epoch: 53, Loss: 5.758240222930908
Epoch: 54, Loss: 5.7740583419799805
Epoch: 55, Loss: 5.7503662109375
Epoch: 56, Loss: 5.769651412963867
Epoch: 57, Loss: 5.764510154724121
Epoch: 58, Loss: 5.747222900390625
Epoch: 59, Loss: 5.770190238952637
Epoch: 60, Loss: 5.7879204750061035
Test acc: 0.0039, IC acc: 0.003, IC acc2: 0.0028, IW acc: 0.0032
Epoch: 61, Loss: 5.770997047424316
Epoch: 62, Loss: 5.76803731918335
Epoch: 63, Loss: 5.764145851135254
Epoch: 64, Loss: 5.780113220214844
Epoch: 65, Loss: 5.762141704559326
Epoch: 66, Loss: 5.777413368225098
Epoch: 67, Loss: 5.773787498474121
Epoch: 68, Loss: 5.769965648651123
Epoch: 69, Loss: 5.772777080535889
Epoch: 70, Loss: 5.763730049133301
Test acc: 0.0039, IC acc: 0.0031, IC acc2: 0.0029, IW acc: 0.0033
Epoch: 71, Loss: 5.764215469360352
Epoch: 72, Loss: 5.762310981750488
Epoch: 73, Loss: 5.7636542320251465
Epoch: 74, Loss: 5.775040149688721
Epoch: 75, Loss: 5.782511234283447
Epoch: 76, Loss: 5.775287628173828
Epoch: 77, Loss: 5.773393630981445
Epoch: 78, Loss: 5.7847795486450195
Epoch: 79, Loss: 5.770633220672607
Epoch: 80, Loss: 5.755594253540039
Test acc: 0.0039, IC acc: 0.0032, IC acc2: 0.0029, IW acc: 0.0033
Epoch: 81, Loss: 5.773870468139648
Epoch: 82, Loss: 5.772292137145996
Epoch: 83, Loss: 5.779362678527832
Epoch: 84, Loss: 5.783076286315918
Epoch: 85, Loss: 5.777259826660156
Epoch: 86, Loss: 5.772157669067383
Epoch: 87, Loss: 5.764791965484619
Epoch: 88, Loss: 5.776843070983887
Epoch: 89, Loss: 5.758354187011719
Epoch: 90, Loss: 5.7460737228393555
Test acc: 0.0039, IC acc: 0.0032, IC acc2: 0.0029, IW acc: 0.0032
Epoch: 91, Loss: 5.763678073883057
Epoch: 92, Loss: 5.760418891906738
Epoch: 93, Loss: 5.752854347229004
Epoch: 94, Loss: 5.7675886154174805
Epoch: 95, Loss: 5.764854431152344
Epoch: 96, Loss: 5.776998043060303
Epoch: 97, Loss: 5.767848014831543
Epoch: 98, Loss: 5.76835823059082
Epoch: 99, Loss: 5.783530235290527
./circuit_plots/Unrestricted Disentangled|Readout|CN=2|B0=0|B1=0|K=1280|L=320|p_B=0.75|p_C=0.75|B=2|eps=0|b4755c15-ae1c-4b25-96c8-f3c68ba4e0ec/ already exists.
./circuit_plots/Unrestricted Disentangled|Readout|CN=2|B0=0|B1=0|K=1280|L=320|p_B=0.75|p_C=0.75|B=2|eps=0|b4755c15-ae1c-4b25-96c8-f3c68ba4e0ec/ already exists.
./circuit_plots/Unrestricted Disentangled|Readout|CN=2|B0=0|B1=0|K=1280|L=320|p_B=0.75|p_C=0.75|B=2|eps=0|b4755c15-ae1c-4b25-96c8-f3c68ba4e0ec/ already exists.
./circuit_plots/Unrestricted Disentangled|Readout|CN=2|B0=0|B1=0|K=1280|L=320|p_B=0.75|p_C=0.75|B=2|eps=0|b4755c15-ae1c-4b25-96c8-f3c68ba4e0ec/ already exists.
./circuit_plots/Unrestricted Disentangled|Readout|CN=2|B0=0|B1=0|K=1280|L=320|p_B=0.75|p_C=0.75|B=2|eps=0|b4755c15-ae1c-4b25-96c8-f3c68ba4e0ec/ already exists.
./circuit_plots/Unrestricted Disentangled|Readout|CN=2|B0=0|B1=0|K=1280|L=320|p_B=0.75|p_C=0.75|B=2|eps=0|b4755c15-ae1c-4b25-96c8-f3c68ba4e0ec/ already exists.
./circuit_plots/Unrestricted Disentangled|Readout|CN=2|B0=0|B1=0|K=1280|L=320|p_B=0.75|p_C=0.75|B=2|eps=0|b4755c15-ae1c-4b25-96c8-f3c68ba4e0ec/ already exists.
Epoch: 100, Loss: 5.7853288650512695
Test acc: 0.004, IC acc: 0.0031, IC acc2: 0.0029, IW acc: 0.0033
Epoch: 101, Loss: 5.760498523712158
Epoch: 102, Loss: 5.7657670974731445
Epoch: 103, Loss: 5.783737659454346
Epoch: 104, Loss: 5.766275405883789
Epoch: 105, Loss: 5.753674030303955
Epoch: 106, Loss: 5.769660949707031
Epoch: 107, Loss: 5.782318592071533
Epoch: 108, Loss: 5.7665696144104
Epoch: 109, Loss: 5.768010139465332
Epoch: 110, Loss: 5.759993553161621
Test acc: 0.0041, IC acc: 0.0031, IC acc2: 0.0029, IW acc: 0.0032
Epoch: 111, Loss: 5.774199485778809
Epoch: 112, Loss: 5.765376091003418
Epoch: 113, Loss: 5.773430824279785
Epoch: 114, Loss: 5.7734222412109375
Epoch: 115, Loss: 5.777081489562988
Epoch: 116, Loss: 5.775791645050049
Epoch: 117, Loss: 5.777127742767334
Epoch: 118, Loss: 5.776153564453125
Epoch: 119, Loss: 5.781675338745117
Epoch: 120, Loss: 5.779484272003174
Test acc: 0.004, IC acc: 0.0031, IC acc2: 0.0029, IW acc: 0.0032
Epoch: 121, Loss: 5.778370380401611
Epoch: 122, Loss: 5.779707908630371
Epoch: 123, Loss: 5.774044036865234
Epoch: 124, Loss: 5.771480560302734
Epoch: 125, Loss: 5.7585954666137695
Epoch: 126, Loss: 5.770298957824707
Epoch: 127, Loss: 5.752102851867676
Epoch: 128, Loss: 5.763937950134277
Epoch: 129, Loss: 5.764183044433594
Epoch: 130, Loss: 5.764570236206055
Test acc: 0.0041, IC acc: 0.003, IC acc2: 0.0028, IW acc: 0.0032
Epoch: 131, Loss: 5.773077964782715
Epoch: 132, Loss: 5.769245147705078
Epoch: 133, Loss: 5.7870635986328125
Epoch: 134, Loss: 5.768508434295654
Epoch: 135, Loss: 5.781705379486084
Epoch: 136, Loss: 5.763792037963867
Epoch: 137, Loss: 5.745863437652588
Epoch: 138, Loss: 5.766199588775635
Epoch: 139, Loss: 5.75684118270874
Epoch: 140, Loss: 5.775373458862305
Test acc: 0.0041, IC acc: 0.0031, IC acc2: 0.0028, IW acc: 0.0031
Epoch: 141, Loss: 5.771712779998779
Epoch: 142, Loss: 5.770414352416992
Epoch: 143, Loss: 5.786369323730469
Epoch: 144, Loss: 5.778087615966797
Epoch: 145, Loss: 5.762142658233643
Epoch: 146, Loss: 5.775557994842529
Epoch: 147, Loss: 5.773070335388184
Epoch: 148, Loss: 5.761234283447266
Epoch: 149, Loss: 5.7806525230407715
./circuit_plots/Unrestricted Disentangled|Readout|CN=2|B0=0|B1=0|K=1280|L=320|p_B=0.75|p_C=0.75|B=2|eps=0|b4755c15-ae1c-4b25-96c8-f3c68ba4e0ec/ already exists.
./circuit_plots/Unrestricted Disentangled|Readout|CN=2|B0=0|B1=0|K=1280|L=320|p_B=0.75|p_C=0.75|B=2|eps=0|b4755c15-ae1c-4b25-96c8-f3c68ba4e0ec/ already exists.
./circuit_plots/Unrestricted Disentangled|Readout|CN=2|B0=0|B1=0|K=1280|L=320|p_B=0.75|p_C=0.75|B=2|eps=0|b4755c15-ae1c-4b25-96c8-f3c68ba4e0ec/ already exists.
./circuit_plots/Unrestricted Disentangled|Readout|CN=2|B0=0|B1=0|K=1280|L=320|p_B=0.75|p_C=0.75|B=2|eps=0|b4755c15-ae1c-4b25-96c8-f3c68ba4e0ec/ already exists.
./circuit_plots/Unrestricted Disentangled|Readout|CN=2|B0=0|B1=0|K=1280|L=320|p_B=0.75|p_C=0.75|B=2|eps=0|b4755c15-ae1c-4b25-96c8-f3c68ba4e0ec/ already exists.
./circuit_plots/Unrestricted Disentangled|Readout|CN=2|B0=0|B1=0|K=1280|L=320|p_B=0.75|p_C=0.75|B=2|eps=0|b4755c15-ae1c-4b25-96c8-f3c68ba4e0ec/ already exists.
./circuit_plots/Unrestricted Disentangled|Readout|CN=2|B0=0|B1=0|K=1280|L=320|p_B=0.75|p_C=0.75|B=2|eps=0|b4755c15-ae1c-4b25-96c8-f3c68ba4e0ec/ already exists.
Epoch: 150, Loss: 5.766440391540527
Test acc: 0.0041, IC acc: 0.0031, IC acc2: 0.0027, IW acc: 0.0032
Epoch: 151, Loss: 5.758696556091309
Epoch: 152, Loss: 5.766080379486084
Epoch: 153, Loss: 5.771376609802246
Epoch: 154, Loss: 5.766755104064941
Epoch: 155, Loss: 5.765864372253418
Epoch: 156, Loss: 5.778736114501953
Epoch: 157, Loss: 5.785937309265137
Epoch: 158, Loss: 5.7656097412109375
Epoch: 159, Loss: 5.777471542358398
Epoch: 160, Loss: 5.772149085998535
Test acc: 0.0041, IC acc: 0.0031, IC acc2: 0.0027, IW acc: 0.0032
Epoch: 161, Loss: 5.776266574859619
Epoch: 162, Loss: 5.768346309661865
Epoch: 163, Loss: 5.756551742553711
Epoch: 164, Loss: 5.777068138122559
Epoch: 165, Loss: 5.778304100036621
Epoch: 166, Loss: 5.762820243835449
Epoch: 167, Loss: 5.7567925453186035
Epoch: 168, Loss: 5.758609294891357
Epoch: 169, Loss: 5.768157005310059
Epoch: 170, Loss: 5.764631271362305
Test acc: 0.0042, IC acc: 0.0031, IC acc2: 0.0027, IW acc: 0.0032
Epoch: 171, Loss: 5.772449016571045
Epoch: 172, Loss: 5.768970489501953
Epoch: 173, Loss: 5.764867305755615
Epoch: 174, Loss: 5.769112586975098
Epoch: 175, Loss: 5.764544486999512
Epoch: 176, Loss: 5.775154113769531
Epoch: 177, Loss: 5.757360458374023
Epoch: 178, Loss: 5.76252555847168
Epoch: 179, Loss: 5.765354156494141
Epoch: 180, Loss: 5.761615753173828
Test acc: 0.0042, IC acc: 0.0032, IC acc2: 0.0028, IW acc: 0.0032
Epoch: 181, Loss: 5.775973796844482
Epoch: 182, Loss: 5.774028778076172
Epoch: 183, Loss: 5.75732421875
Epoch: 184, Loss: 5.779970169067383
Epoch: 185, Loss: 5.764117240905762
Epoch: 186, Loss: 5.779813766479492
Epoch: 187, Loss: 5.756048202514648
Epoch: 188, Loss: 5.787084579467773
Epoch: 189, Loss: 5.7767653465271
Epoch: 190, Loss: 5.774989128112793
Test acc: 0.0042, IC acc: 0.0032, IC acc2: 0.0028, IW acc: 0.0032
Epoch: 191, Loss: 5.760460376739502
Epoch: 192, Loss: 5.766288757324219
Epoch: 193, Loss: 5.7629218101501465
Epoch: 194, Loss: 5.76155948638916
Epoch: 195, Loss: 5.765980243682861
Epoch: 196, Loss: 5.763200283050537
Epoch: 197, Loss: 5.77414608001709
Epoch: 198, Loss: 5.773037910461426
Epoch: 199, Loss: 5.7625813484191895
./circuit_plots/Unrestricted Disentangled|Readout|CN=2|B0=0|B1=0|K=1280|L=320|p_B=0.75|p_C=0.75|B=2|eps=0|b4755c15-ae1c-4b25-96c8-f3c68ba4e0ec/ already exists.
./circuit_plots/Unrestricted Disentangled|Readout|CN=2|B0=0|B1=0|K=1280|L=320|p_B=0.75|p_C=0.75|B=2|eps=0|b4755c15-ae1c-4b25-96c8-f3c68ba4e0ec/ already exists.
./circuit_plots/Unrestricted Disentangled|Readout|CN=2|B0=0|B1=0|K=1280|L=320|p_B=0.75|p_C=0.75|B=2|eps=0|b4755c15-ae1c-4b25-96c8-f3c68ba4e0ec/ already exists.
./circuit_plots/Unrestricted Disentangled|Readout|CN=2|B0=0|B1=0|K=1280|L=320|p_B=0.75|p_C=0.75|B=2|eps=0|b4755c15-ae1c-4b25-96c8-f3c68ba4e0ec/ already exists.
./circuit_plots/Unrestricted Disentangled|Readout|CN=2|B0=0|B1=0|K=1280|L=320|p_B=0.75|p_C=0.75|B=2|eps=0|b4755c15-ae1c-4b25-96c8-f3c68ba4e0ec/ already exists.
./circuit_plots/Unrestricted Disentangled|Readout|CN=2|B0=0|B1=0|K=1280|L=320|p_B=0.75|p_C=0.75|B=2|eps=0|b4755c15-ae1c-4b25-96c8-f3c68ba4e0ec/ already exists.
./circuit_plots/Unrestricted Disentangled|Readout|CN=2|B0=0|B1=0|K=1280|L=320|p_B=0.75|p_C=0.75|B=2|eps=0|b4755c15-ae1c-4b25-96c8-f3c68ba4e0ec/ already exists.
Epoch: 200, Loss: 5.773374557495117
Test acc: 0.0042, IC acc: 0.0032, IC acc2: 0.0028, IW acc: 0.0032
Epoch: 201, Loss: 5.767319202423096
Epoch: 202, Loss: 5.768606662750244
Epoch: 203, Loss: 5.758251667022705
Epoch: 204, Loss: 5.779753684997559
Epoch: 205, Loss: 5.775089263916016
Epoch: 206, Loss: 5.7603864669799805
Epoch: 207, Loss: 5.767560005187988
Epoch: 208, Loss: 5.756898880004883
Epoch: 209, Loss: 5.760981559753418
Epoch: 210, Loss: 5.757242202758789
Test acc: 0.0042, IC acc: 0.0032, IC acc2: 0.0028, IW acc: 0.0031
Epoch: 211, Loss: 5.776297569274902
Epoch: 212, Loss: 5.761298656463623
Epoch: 213, Loss: 5.7733235359191895
Epoch: 214, Loss: 5.770617485046387
Epoch: 215, Loss: 5.763114929199219
Epoch: 216, Loss: 5.774988174438477
Epoch: 217, Loss: 5.767012119293213
Epoch: 218, Loss: 5.7718586921691895
Epoch: 219, Loss: 5.772653579711914
Epoch: 220, Loss: 5.770212650299072
Test acc: 0.0042, IC acc: 0.0032, IC acc2: 0.0028, IW acc: 0.0032
Epoch: 221, Loss: 5.778865814208984
Epoch: 222, Loss: 5.765554428100586
Epoch: 223, Loss: 5.758571147918701
Epoch: 224, Loss: 5.773176193237305
Epoch: 225, Loss: 5.772613048553467
Epoch: 226, Loss: 5.749832630157471
Epoch: 227, Loss: 5.788750648498535
Epoch: 228, Loss: 5.749742031097412
Epoch: 229, Loss: 5.7696075439453125
Epoch: 230, Loss: 5.763822555541992
Test acc: 0.0042, IC acc: 0.0033, IC acc2: 0.0028, IW acc: 0.0032
Epoch: 231, Loss: 5.779323101043701
Epoch: 232, Loss: 5.765657424926758
Epoch: 233, Loss: 5.770554542541504
Epoch: 234, Loss: 5.752223014831543
Epoch: 235, Loss: 5.769794464111328
Epoch: 236, Loss: 5.771488666534424
Epoch: 237, Loss: 5.766217231750488
Epoch: 238, Loss: 5.767515659332275
Epoch: 239, Loss: 5.764400005340576
Epoch: 240, Loss: 5.76431941986084
Test acc: 0.0042, IC acc: 0.0034, IC acc2: 0.0028, IW acc: 0.0032
Epoch: 241, Loss: 5.7677764892578125
Epoch: 242, Loss: 5.763284206390381
Epoch: 243, Loss: 5.77733039855957
Epoch: 244, Loss: 5.750652313232422
Epoch: 245, Loss: 5.776019096374512
Epoch: 246, Loss: 5.764389991760254
Epoch: 247, Loss: 5.776571273803711
Epoch: 248, Loss: 5.777613639831543
Epoch: 249, Loss: 5.773954391479492
./circuit_plots/Unrestricted Disentangled|Readout|CN=2|B0=0|B1=0|K=1280|L=320|p_B=0.75|p_C=0.75|B=2|eps=0|b4755c15-ae1c-4b25-96c8-f3c68ba4e0ec/ already exists.
./circuit_plots/Unrestricted Disentangled|Readout|CN=2|B0=0|B1=0|K=1280|L=320|p_B=0.75|p_C=0.75|B=2|eps=0|b4755c15-ae1c-4b25-96c8-f3c68ba4e0ec/ already exists.
./circuit_plots/Unrestricted Disentangled|Readout|CN=2|B0=0|B1=0|K=1280|L=320|p_B=0.75|p_C=0.75|B=2|eps=0|b4755c15-ae1c-4b25-96c8-f3c68ba4e0ec/ already exists.
./circuit_plots/Unrestricted Disentangled|Readout|CN=2|B0=0|B1=0|K=1280|L=320|p_B=0.75|p_C=0.75|B=2|eps=0|b4755c15-ae1c-4b25-96c8-f3c68ba4e0ec/ already exists.
./circuit_plots/Unrestricted Disentangled|Readout|CN=2|B0=0|B1=0|K=1280|L=320|p_B=0.75|p_C=0.75|B=2|eps=0|b4755c15-ae1c-4b25-96c8-f3c68ba4e0ec/ already exists.
./circuit_plots/Unrestricted Disentangled|Readout|CN=2|B0=0|B1=0|K=1280|L=320|p_B=0.75|p_C=0.75|B=2|eps=0|b4755c15-ae1c-4b25-96c8-f3c68ba4e0ec/ already exists.
./circuit_plots/Unrestricted Disentangled|Readout|CN=2|B0=0|B1=0|K=1280|L=320|p_B=0.75|p_C=0.75|B=2|eps=0|b4755c15-ae1c-4b25-96c8-f3c68ba4e0ec/ already exists.
Epoch: 250, Loss: 5.7536749839782715
Test acc: 0.0042, IC acc: 0.0035, IC acc2: 0.0028, IW acc: 0.0032
Epoch: 251, Loss: 5.765005588531494
Epoch: 252, Loss: 5.783109188079834
Epoch: 253, Loss: 5.765936374664307
Epoch: 254, Loss: 5.7716522216796875
Epoch: 255, Loss: 5.773227691650391
Epoch: 256, Loss: 5.755295753479004
Epoch: 257, Loss: 5.770784854888916
Epoch: 258, Loss: 5.774148941040039
Epoch: 259, Loss: 5.761213302612305
Epoch: 260, Loss: 5.780142784118652
Test acc: 0.0044, IC acc: 0.0035, IC acc2: 0.0029, IW acc: 0.0032
Epoch: 261, Loss: 5.774030685424805
Epoch: 262, Loss: 5.753457069396973
Epoch: 263, Loss: 5.760956764221191
Epoch: 264, Loss: 5.756404876708984
Epoch: 265, Loss: 5.750906467437744
Epoch: 266, Loss: 5.763924598693848
Epoch: 267, Loss: 5.768250465393066
Epoch: 268, Loss: 5.757011413574219
Epoch: 269, Loss: 5.77843713760376
Epoch: 270, Loss: 5.752520561218262
Test acc: 0.0045, IC acc: 0.0035, IC acc2: 0.0029, IW acc: 0.0034
Epoch: 271, Loss: 5.7710981369018555
Epoch: 272, Loss: 5.772091865539551
Epoch: 273, Loss: 5.774236679077148
Epoch: 274, Loss: 5.764276504516602
Epoch: 275, Loss: 5.7760210037231445
Epoch: 276, Loss: 5.773372650146484
Epoch: 277, Loss: 5.767334938049316
Epoch: 278, Loss: 5.765704154968262
Epoch: 279, Loss: 5.756335735321045
Epoch: 280, Loss: 5.757149696350098
Test acc: 0.0045, IC acc: 0.0035, IC acc2: 0.0029, IW acc: 0.0034
Epoch: 281, Loss: 5.764449596405029
Epoch: 282, Loss: 5.765392780303955
Epoch: 283, Loss: 5.773299694061279
Epoch: 284, Loss: 5.774421691894531
Epoch: 285, Loss: 5.777249336242676
Epoch: 286, Loss: 5.766350746154785
Epoch: 287, Loss: 5.768940448760986
Epoch: 288, Loss: 5.767667293548584
Epoch: 289, Loss: 5.763304710388184
Epoch: 290, Loss: 5.75982666015625
Test acc: 0.0046, IC acc: 0.0036, IC acc2: 0.0029, IW acc: 0.0034
Epoch: 291, Loss: 5.767138481140137
Epoch: 292, Loss: 5.771692276000977
Epoch: 293, Loss: 5.760128021240234
Epoch: 294, Loss: 5.766665458679199
Epoch: 295, Loss: 5.766567707061768
Epoch: 296, Loss: 5.766029357910156
Epoch: 297, Loss: 5.759002685546875
Epoch: 298, Loss: 5.759413242340088
Epoch: 299, Loss: 5.7439117431640625
./circuit_plots/Unrestricted Disentangled|Readout|CN=2|B0=0|B1=0|K=1280|L=320|p_B=0.75|p_C=0.75|B=2|eps=0|b4755c15-ae1c-4b25-96c8-f3c68ba4e0ec/ already exists.
./circuit_plots/Unrestricted Disentangled|Readout|CN=2|B0=0|B1=0|K=1280|L=320|p_B=0.75|p_C=0.75|B=2|eps=0|b4755c15-ae1c-4b25-96c8-f3c68ba4e0ec/ already exists.
./circuit_plots/Unrestricted Disentangled|Readout|CN=2|B0=0|B1=0|K=1280|L=320|p_B=0.75|p_C=0.75|B=2|eps=0|b4755c15-ae1c-4b25-96c8-f3c68ba4e0ec/ already exists.
./circuit_plots/Unrestricted Disentangled|Readout|CN=2|B0=0|B1=0|K=1280|L=320|p_B=0.75|p_C=0.75|B=2|eps=0|b4755c15-ae1c-4b25-96c8-f3c68ba4e0ec/ already exists.
./circuit_plots/Unrestricted Disentangled|Readout|CN=2|B0=0|B1=0|K=1280|L=320|p_B=0.75|p_C=0.75|B=2|eps=0|b4755c15-ae1c-4b25-96c8-f3c68ba4e0ec/ already exists.
./circuit_plots/Unrestricted Disentangled|Readout|CN=2|B0=0|B1=0|K=1280|L=320|p_B=0.75|p_C=0.75|B=2|eps=0|b4755c15-ae1c-4b25-96c8-f3c68ba4e0ec/ already exists.
./circuit_plots/Unrestricted Disentangled|Readout|CN=2|B0=0|B1=0|K=1280|L=320|p_B=0.75|p_C=0.75|B=2|eps=0|b4755c15-ae1c-4b25-96c8-f3c68ba4e0ec/ already exists.
Epoch: 300, Loss: 5.769329071044922
Test acc: 0.0046, IC acc: 0.0037, IC acc2: 0.003, IW acc: 0.0033
Epoch: 301, Loss: 5.775441646575928
Epoch: 302, Loss: 5.749309539794922
Epoch: 303, Loss: 5.767269134521484
Epoch: 304, Loss: 5.768460273742676
Epoch: 305, Loss: 5.7637038230896
Epoch: 306, Loss: 5.7673797607421875
Epoch: 307, Loss: 5.766386985778809
Epoch: 308, Loss: 5.773248672485352
Epoch: 309, Loss: 5.763084411621094
Epoch: 310, Loss: 5.763925075531006
Test acc: 0.0046, IC acc: 0.0036, IC acc2: 0.003, IW acc: 0.0033
Epoch: 311, Loss: 5.773072242736816
Epoch: 312, Loss: 5.766264915466309
Epoch: 313, Loss: 5.752648830413818
Epoch: 314, Loss: 5.773378372192383
Epoch: 315, Loss: 5.7623162269592285
Epoch: 316, Loss: 5.766094207763672
Epoch: 317, Loss: 5.755300521850586
Epoch: 318, Loss: 5.783724784851074
Epoch: 319, Loss: 5.746882438659668
Epoch: 320, Loss: 5.787208557128906
Test acc: 0.0046, IC acc: 0.0037, IC acc2: 0.003, IW acc: 0.0033
Epoch: 321, Loss: 5.763531684875488
Epoch: 322, Loss: 5.743629455566406
Epoch: 323, Loss: 5.763729095458984
Epoch: 324, Loss: 5.774541854858398
Epoch: 325, Loss: 5.776389122009277
Epoch: 326, Loss: 5.749027252197266
Epoch: 327, Loss: 5.768299579620361
Epoch: 328, Loss: 5.759571075439453
Epoch: 329, Loss: 5.765259742736816
Epoch: 330, Loss: 5.764764785766602
Test acc: 0.0046, IC acc: 0.0038, IC acc2: 0.003, IW acc: 0.0033
Epoch: 331, Loss: 5.770135402679443
Epoch: 332, Loss: 5.754624843597412
Epoch: 333, Loss: 5.77281379699707
Epoch: 334, Loss: 5.778685092926025
Epoch: 335, Loss: 5.762782096862793
Epoch: 336, Loss: 5.775318622589111
Epoch: 337, Loss: 5.755227088928223
Epoch: 338, Loss: 5.759983062744141
Epoch: 339, Loss: 5.778107643127441
Epoch: 340, Loss: 5.765660285949707
Test acc: 0.0046, IC acc: 0.0038, IC acc2: 0.003, IW acc: 0.0033
Epoch: 341, Loss: 5.7627668380737305
Epoch: 342, Loss: 5.753132343292236
Epoch: 343, Loss: 5.774367332458496
Epoch: 344, Loss: 5.762001991271973
Epoch: 345, Loss: 5.756204605102539
Epoch: 346, Loss: 5.7833428382873535
Epoch: 347, Loss: 5.757180213928223
Epoch: 348, Loss: 5.763672828674316
Epoch: 349, Loss: 5.761204719543457
./circuit_plots/Unrestricted Disentangled|Readout|CN=2|B0=0|B1=0|K=1280|L=320|p_B=0.75|p_C=0.75|B=2|eps=0|b4755c15-ae1c-4b25-96c8-f3c68ba4e0ec/ already exists.
./circuit_plots/Unrestricted Disentangled|Readout|CN=2|B0=0|B1=0|K=1280|L=320|p_B=0.75|p_C=0.75|B=2|eps=0|b4755c15-ae1c-4b25-96c8-f3c68ba4e0ec/ already exists.
./circuit_plots/Unrestricted Disentangled|Readout|CN=2|B0=0|B1=0|K=1280|L=320|p_B=0.75|p_C=0.75|B=2|eps=0|b4755c15-ae1c-4b25-96c8-f3c68ba4e0ec/ already exists.
./circuit_plots/Unrestricted Disentangled|Readout|CN=2|B0=0|B1=0|K=1280|L=320|p_B=0.75|p_C=0.75|B=2|eps=0|b4755c15-ae1c-4b25-96c8-f3c68ba4e0ec/ already exists.
./circuit_plots/Unrestricted Disentangled|Readout|CN=2|B0=0|B1=0|K=1280|L=320|p_B=0.75|p_C=0.75|B=2|eps=0|b4755c15-ae1c-4b25-96c8-f3c68ba4e0ec/ already exists.
./circuit_plots/Unrestricted Disentangled|Readout|CN=2|B0=0|B1=0|K=1280|L=320|p_B=0.75|p_C=0.75|B=2|eps=0|b4755c15-ae1c-4b25-96c8-f3c68ba4e0ec/ already exists.
./circuit_plots/Unrestricted Disentangled|Readout|CN=2|B0=0|B1=0|K=1280|L=320|p_B=0.75|p_C=0.75|B=2|eps=0|b4755c15-ae1c-4b25-96c8-f3c68ba4e0ec/ already exists.
Epoch: 350, Loss: 5.760989189147949
Test acc: 0.0047, IC acc: 0.0037, IC acc2: 0.003, IW acc: 0.0033
Epoch: 351, Loss: 5.757720947265625
Epoch: 352, Loss: 5.7701287269592285
Epoch: 353, Loss: 5.765544891357422
Epoch: 354, Loss: 5.774356842041016
Epoch: 355, Loss: 5.7748613357543945
Epoch: 356, Loss: 5.758571624755859
Epoch: 357, Loss: 5.760278224945068
Epoch: 358, Loss: 5.755910873413086
Epoch: 359, Loss: 5.753290176391602
Epoch: 360, Loss: 5.774682521820068
Test acc: 0.0047, IC acc: 0.0037, IC acc2: 0.003, IW acc: 0.0033
Epoch: 361, Loss: 5.776181697845459
Epoch: 362, Loss: 5.7725830078125
Epoch: 363, Loss: 5.757912635803223
Epoch: 364, Loss: 5.762156009674072
Epoch: 365, Loss: 5.757938385009766
Epoch: 366, Loss: 5.764284133911133
Epoch: 367, Loss: 5.768405914306641
Epoch: 368, Loss: 5.756932258605957
Epoch: 369, Loss: 5.769641876220703
Epoch: 370, Loss: 5.770241737365723
Test acc: 0.0048, IC acc: 0.0038, IC acc2: 0.003, IW acc: 0.0033
Epoch: 371, Loss: 5.75302791595459
Epoch: 372, Loss: 5.7662200927734375
Epoch: 373, Loss: 5.7702178955078125
Epoch: 374, Loss: 5.7704620361328125
Epoch: 375, Loss: 5.756697654724121
Epoch: 376, Loss: 5.771412372589111
Epoch: 377, Loss: 5.772835731506348
Epoch: 378, Loss: 5.777798652648926
Epoch: 379, Loss: 5.771337509155273
Epoch: 380, Loss: 5.773760795593262
Test acc: 0.0047, IC acc: 0.0038, IC acc2: 0.003, IW acc: 0.0033
Epoch: 381, Loss: 5.7470550537109375
Epoch: 382, Loss: 5.75631046295166
Epoch: 383, Loss: 5.750637054443359
Epoch: 384, Loss: 5.768277168273926
Epoch: 385, Loss: 5.769227027893066
Epoch: 386, Loss: 5.752006530761719
Epoch: 387, Loss: 5.769768238067627
Epoch: 388, Loss: 5.784087657928467
Epoch: 389, Loss: 5.765885829925537
Epoch: 390, Loss: 5.749722480773926
Test acc: 0.0047, IC acc: 0.0038, IC acc2: 0.003, IW acc: 0.0033
Epoch: 391, Loss: 5.758120059967041
Epoch: 392, Loss: 5.775150775909424
Epoch: 393, Loss: 5.766229629516602
Epoch: 394, Loss: 5.768712520599365
Epoch: 395, Loss: 5.763119697570801
Epoch: 396, Loss: 5.762683868408203
Epoch: 397, Loss: 5.764472007751465
Epoch: 398, Loss: 5.770482063293457
Epoch: 399, Loss: 5.749930381774902
./circuit_plots/Unrestricted Disentangled|Readout|CN=2|B0=0|B1=0|K=1280|L=320|p_B=0.75|p_C=0.75|B=2|eps=0|b4755c15-ae1c-4b25-96c8-f3c68ba4e0ec/ already exists.
./circuit_plots/Unrestricted Disentangled|Readout|CN=2|B0=0|B1=0|K=1280|L=320|p_B=0.75|p_C=0.75|B=2|eps=0|b4755c15-ae1c-4b25-96c8-f3c68ba4e0ec/ already exists.
./circuit_plots/Unrestricted Disentangled|Readout|CN=2|B0=0|B1=0|K=1280|L=320|p_B=0.75|p_C=0.75|B=2|eps=0|b4755c15-ae1c-4b25-96c8-f3c68ba4e0ec/ already exists.
./circuit_plots/Unrestricted Disentangled|Readout|CN=2|B0=0|B1=0|K=1280|L=320|p_B=0.75|p_C=0.75|B=2|eps=0|b4755c15-ae1c-4b25-96c8-f3c68ba4e0ec/ already exists.
./circuit_plots/Unrestricted Disentangled|Readout|CN=2|B0=0|B1=0|K=1280|L=320|p_B=0.75|p_C=0.75|B=2|eps=0|b4755c15-ae1c-4b25-96c8-f3c68ba4e0ec/ already exists.
./circuit_plots/Unrestricted Disentangled|Readout|CN=2|B0=0|B1=0|K=1280|L=320|p_B=0.75|p_C=0.75|B=2|eps=0|b4755c15-ae1c-4b25-96c8-f3c68ba4e0ec/ already exists.
./circuit_plots/Unrestricted Disentangled|Readout|CN=2|B0=0|B1=0|K=1280|L=320|p_B=0.75|p_C=0.75|B=2|eps=0|b4755c15-ae1c-4b25-96c8-f3c68ba4e0ec/ already exists.
Epoch: 400, Loss: 5.752915382385254
Test acc: 0.0047, IC acc: 0.0038, IC acc2: 0.003, IW acc: 0.0034
Epoch: 401, Loss: 5.771010398864746
Epoch: 402, Loss: 5.774618148803711
Epoch: 403, Loss: 5.7503156661987305
Epoch: 404, Loss: 5.775627136230469
Epoch: 405, Loss: 5.766718864440918
Epoch: 406, Loss: 5.754343032836914
Epoch: 407, Loss: 5.753120422363281
Epoch: 408, Loss: 5.752538681030273
Epoch: 409, Loss: 5.758851051330566
Epoch: 410, Loss: 5.761964797973633
Test acc: 0.0047, IC acc: 0.0038, IC acc2: 0.003, IW acc: 0.0033
Epoch: 411, Loss: 5.771923065185547
Epoch: 412, Loss: 5.762808799743652
Epoch: 413, Loss: 5.760815620422363
Epoch: 414, Loss: 5.768710136413574
Epoch: 415, Loss: 5.769593715667725
Epoch: 416, Loss: 5.767698764801025
Epoch: 417, Loss: 5.767704010009766
Epoch: 418, Loss: 5.754975318908691
Epoch: 419, Loss: 5.784013748168945
Epoch: 420, Loss: 5.76461935043335
Test acc: 0.0047, IC acc: 0.0038, IC acc2: 0.003, IW acc: 0.0033
Epoch: 421, Loss: 5.772177219390869
Epoch: 422, Loss: 5.760031700134277
Epoch: 423, Loss: 5.774749755859375
Epoch: 424, Loss: 5.766789436340332
Epoch: 425, Loss: 5.758220195770264
Epoch: 426, Loss: 5.775547027587891
Epoch: 427, Loss: 5.767202377319336
Epoch: 428, Loss: 5.758962631225586
Epoch: 429, Loss: 5.766925811767578
Epoch: 430, Loss: 5.748976707458496
Test acc: 0.0047, IC acc: 0.0038, IC acc2: 0.003, IW acc: 0.0032
Epoch: 431, Loss: 5.767358303070068
Epoch: 432, Loss: 5.76472282409668
Epoch: 433, Loss: 5.750002861022949
Epoch: 434, Loss: 5.767397403717041
Epoch: 435, Loss: 5.780075550079346
Epoch: 436, Loss: 5.76424503326416
Epoch: 437, Loss: 5.770424842834473
Epoch: 438, Loss: 5.767958641052246
Epoch: 439, Loss: 5.771428108215332
Epoch: 440, Loss: 5.750082015991211
Test acc: 0.0047, IC acc: 0.0037, IC acc2: 0.003, IW acc: 0.0032
Epoch: 441, Loss: 5.769547462463379
Epoch: 442, Loss: 5.752065181732178
Epoch: 443, Loss: 5.762962341308594
Epoch: 444, Loss: 5.767370223999023
Epoch: 445, Loss: 5.779812812805176
Epoch: 446, Loss: 5.761462211608887
Epoch: 447, Loss: 5.753787994384766
Epoch: 448, Loss: 5.750147819519043
Epoch: 449, Loss: 5.7661285400390625
./circuit_plots/Unrestricted Disentangled|Readout|CN=2|B0=0|B1=0|K=1280|L=320|p_B=0.75|p_C=0.75|B=2|eps=0|b4755c15-ae1c-4b25-96c8-f3c68ba4e0ec/ already exists.
./circuit_plots/Unrestricted Disentangled|Readout|CN=2|B0=0|B1=0|K=1280|L=320|p_B=0.75|p_C=0.75|B=2|eps=0|b4755c15-ae1c-4b25-96c8-f3c68ba4e0ec/ already exists.
./circuit_plots/Unrestricted Disentangled|Readout|CN=2|B0=0|B1=0|K=1280|L=320|p_B=0.75|p_C=0.75|B=2|eps=0|b4755c15-ae1c-4b25-96c8-f3c68ba4e0ec/ already exists.
./circuit_plots/Unrestricted Disentangled|Readout|CN=2|B0=0|B1=0|K=1280|L=320|p_B=0.75|p_C=0.75|B=2|eps=0|b4755c15-ae1c-4b25-96c8-f3c68ba4e0ec/ already exists.
./circuit_plots/Unrestricted Disentangled|Readout|CN=2|B0=0|B1=0|K=1280|L=320|p_B=0.75|p_C=0.75|B=2|eps=0|b4755c15-ae1c-4b25-96c8-f3c68ba4e0ec/ already exists.
./circuit_plots/Unrestricted Disentangled|Readout|CN=2|B0=0|B1=0|K=1280|L=320|p_B=0.75|p_C=0.75|B=2|eps=0|b4755c15-ae1c-4b25-96c8-f3c68ba4e0ec/ already exists.
./circuit_plots/Unrestricted Disentangled|Readout|CN=2|B0=0|B1=0|K=1280|L=320|p_B=0.75|p_C=0.75|B=2|eps=0|b4755c15-ae1c-4b25-96c8-f3c68ba4e0ec/ already exists.
Epoch: 450, Loss: 5.759962558746338
Test acc: 0.0047, IC acc: 0.0039, IC acc2: 0.003, IW acc: 0.0033
Epoch: 451, Loss: 5.7517499923706055
Epoch: 452, Loss: 5.761106967926025
Epoch: 453, Loss: 5.774327278137207
Epoch: 454, Loss: 5.765171051025391
Epoch: 455, Loss: 5.766881942749023
Epoch: 456, Loss: 5.763513088226318
Epoch: 457, Loss: 5.749462604522705
Epoch: 458, Loss: 5.752854824066162
Epoch: 459, Loss: 5.77107048034668
Epoch: 460, Loss: 5.76627779006958
Test acc: 0.0047, IC acc: 0.0039, IC acc2: 0.003, IW acc: 0.0032
Epoch: 461, Loss: 5.773496627807617
Epoch: 462, Loss: 5.759371757507324
Epoch: 463, Loss: 5.767523288726807
Epoch: 464, Loss: 5.757986068725586
Epoch: 465, Loss: 5.758277893066406
Epoch: 466, Loss: 5.758797645568848
Epoch: 467, Loss: 5.776372909545898
Epoch: 468, Loss: 5.765423774719238
Epoch: 469, Loss: 5.76082181930542
Epoch: 470, Loss: 5.764352798461914
Test acc: 0.0047, IC acc: 0.0039, IC acc2: 0.003, IW acc: 0.0033
Epoch: 471, Loss: 5.768442153930664
Epoch: 472, Loss: 5.762012481689453
Epoch: 473, Loss: 5.764676094055176
Epoch: 474, Loss: 5.7628068923950195
Epoch: 475, Loss: 5.7653656005859375
Epoch: 476, Loss: 5.762335777282715
Epoch: 477, Loss: 5.775203227996826
Epoch: 478, Loss: 5.7574005126953125
Epoch: 479, Loss: 5.757413864135742
Epoch: 480, Loss: 5.754490852355957
Test acc: 0.0049, IC acc: 0.004, IC acc2: 0.003, IW acc: 0.0033
Epoch: 481, Loss: 5.774704933166504
Epoch: 482, Loss: 5.77039909362793
Epoch: 483, Loss: 5.760666847229004
Epoch: 484, Loss: 5.754366397857666
Epoch: 485, Loss: 5.7583327293396
Epoch: 486, Loss: 5.761342525482178
Epoch: 487, Loss: 5.772243976593018
Epoch: 488, Loss: 5.75217342376709
Epoch: 489, Loss: 5.768328666687012
Epoch: 490, Loss: 5.770638465881348
Test acc: 0.0049, IC acc: 0.0039, IC acc2: 0.003, IW acc: 0.0033
Epoch: 491, Loss: 5.758029937744141
Epoch: 492, Loss: 5.763033390045166
Epoch: 493, Loss: 5.748414039611816
Epoch: 494, Loss: 5.759995460510254
Epoch: 495, Loss: 5.760433673858643
Epoch: 496, Loss: 5.752610206604004
Epoch: 497, Loss: 5.75903844833374
Epoch: 498, Loss: 5.769857883453369
Epoch: 499, Loss: 5.762153625488281
./circuit_plots/Unrestricted Disentangled|Readout|CN=2|B0=0|B1=0|K=1280|L=320|p_B=0.75|p_C=0.75|B=2|eps=0|b4755c15-ae1c-4b25-96c8-f3c68ba4e0ec/ already exists.
./circuit_plots/Unrestricted Disentangled|Readout|CN=2|B0=0|B1=0|K=1280|L=320|p_B=0.75|p_C=0.75|B=2|eps=0|b4755c15-ae1c-4b25-96c8-f3c68ba4e0ec/ already exists.
./circuit_plots/Unrestricted Disentangled|Readout|CN=2|B0=0|B1=0|K=1280|L=320|p_B=0.75|p_C=0.75|B=2|eps=0|b4755c15-ae1c-4b25-96c8-f3c68ba4e0ec/ already exists.
./circuit_plots/Unrestricted Disentangled|Readout|CN=2|B0=0|B1=0|K=1280|L=320|p_B=0.75|p_C=0.75|B=2|eps=0|b4755c15-ae1c-4b25-96c8-f3c68ba4e0ec/ already exists.
./circuit_plots/Unrestricted Disentangled|Readout|CN=2|B0=0|B1=0|K=1280|L=320|p_B=0.75|p_C=0.75|B=2|eps=0|b4755c15-ae1c-4b25-96c8-f3c68ba4e0ec/ already exists.
./circuit_plots/Unrestricted Disentangled|Readout|CN=2|B0=0|B1=0|K=1280|L=320|p_B=0.75|p_C=0.75|B=2|eps=0|b4755c15-ae1c-4b25-96c8-f3c68ba4e0ec/ already exists.
./circuit_plots/Unrestricted Disentangled|Readout|CN=2|B0=0|B1=0|K=1280|L=320|p_B=0.75|p_C=0.75|B=2|eps=0|b4755c15-ae1c-4b25-96c8-f3c68ba4e0ec/ already exists.
Epoch: 500, Loss: 5.745019912719727
Test acc: 0.0051, IC acc: 0.0039, IC acc2: 0.003, IW acc: 0.0032
Epoch: 501, Loss: 5.764750957489014
Epoch: 502, Loss: 5.761613845825195
Epoch: 503, Loss: 5.776094913482666
Epoch: 504, Loss: 5.763276100158691
Epoch: 505, Loss: 5.769193172454834
Epoch: 506, Loss: 5.765071868896484
Epoch: 507, Loss: 5.762737274169922
Epoch: 508, Loss: 5.754115104675293
Epoch: 509, Loss: 5.755009174346924
Epoch: 510, Loss: 5.762578010559082
Test acc: 0.0052, IC acc: 0.004, IC acc2: 0.003, IW acc: 0.0032
Epoch: 511, Loss: 5.756580352783203
Epoch: 512, Loss: 5.7697319984436035
Epoch: 513, Loss: 5.755065441131592
Epoch: 514, Loss: 5.744487285614014
Epoch: 515, Loss: 5.760990142822266
Epoch: 516, Loss: 5.756134510040283
Epoch: 517, Loss: 5.761114120483398
Epoch: 518, Loss: 5.774850845336914
Epoch: 519, Loss: 5.750604629516602
Epoch: 520, Loss: 5.7649030685424805
Test acc: 0.0051, IC acc: 0.0041, IC acc2: 0.003, IW acc: 0.0032
Epoch: 521, Loss: 5.759754180908203
Epoch: 522, Loss: 5.776564598083496
Epoch: 523, Loss: 5.774121284484863
Epoch: 524, Loss: 5.776575088500977
Epoch: 525, Loss: 5.7579450607299805
Epoch: 526, Loss: 5.766087532043457
Epoch: 527, Loss: 5.773658275604248
Epoch: 528, Loss: 5.753365516662598
Epoch: 529, Loss: 5.777006149291992
Epoch: 530, Loss: 5.766800880432129
Test acc: 0.0052, IC acc: 0.0041, IC acc2: 0.003, IW acc: 0.0032
Epoch: 531, Loss: 5.763676166534424
Epoch: 532, Loss: 5.768640041351318
Epoch: 533, Loss: 5.765148162841797
Epoch: 534, Loss: 5.760771751403809
Epoch: 535, Loss: 5.756147384643555
Epoch: 536, Loss: 5.754909515380859
Epoch: 537, Loss: 5.762863636016846
Epoch: 538, Loss: 5.761263370513916
Epoch: 539, Loss: 5.770599365234375
Epoch: 540, Loss: 5.7636003494262695
Test acc: 0.0053, IC acc: 0.004, IC acc2: 0.003, IW acc: 0.0032
Epoch: 541, Loss: 5.772907733917236
Epoch: 542, Loss: 5.772618293762207
Epoch: 543, Loss: 5.768036842346191
Epoch: 544, Loss: 5.750766754150391
Epoch: 545, Loss: 5.773547172546387
Epoch: 546, Loss: 5.763912200927734
Epoch: 547, Loss: 5.770541667938232
Epoch: 548, Loss: 5.763232231140137
Epoch: 549, Loss: 5.7670111656188965
./circuit_plots/Unrestricted Disentangled|Readout|CN=2|B0=0|B1=0|K=1280|L=320|p_B=0.75|p_C=0.75|B=2|eps=0|b4755c15-ae1c-4b25-96c8-f3c68ba4e0ec/ already exists.
./circuit_plots/Unrestricted Disentangled|Readout|CN=2|B0=0|B1=0|K=1280|L=320|p_B=0.75|p_C=0.75|B=2|eps=0|b4755c15-ae1c-4b25-96c8-f3c68ba4e0ec/ already exists.
./circuit_plots/Unrestricted Disentangled|Readout|CN=2|B0=0|B1=0|K=1280|L=320|p_B=0.75|p_C=0.75|B=2|eps=0|b4755c15-ae1c-4b25-96c8-f3c68ba4e0ec/ already exists.
./circuit_plots/Unrestricted Disentangled|Readout|CN=2|B0=0|B1=0|K=1280|L=320|p_B=0.75|p_C=0.75|B=2|eps=0|b4755c15-ae1c-4b25-96c8-f3c68ba4e0ec/ already exists.
./circuit_plots/Unrestricted Disentangled|Readout|CN=2|B0=0|B1=0|K=1280|L=320|p_B=0.75|p_C=0.75|B=2|eps=0|b4755c15-ae1c-4b25-96c8-f3c68ba4e0ec/ already exists.
./circuit_plots/Unrestricted Disentangled|Readout|CN=2|B0=0|B1=0|K=1280|L=320|p_B=0.75|p_C=0.75|B=2|eps=0|b4755c15-ae1c-4b25-96c8-f3c68ba4e0ec/ already exists.
./circuit_plots/Unrestricted Disentangled|Readout|CN=2|B0=0|B1=0|K=1280|L=320|p_B=0.75|p_C=0.75|B=2|eps=0|b4755c15-ae1c-4b25-96c8-f3c68ba4e0ec/ already exists.
Epoch: 550, Loss: 5.764804363250732
Test acc: 0.0053, IC acc: 0.0041, IC acc2: 0.003, IW acc: 0.0032
Epoch: 551, Loss: 5.760651588439941
Epoch: 552, Loss: 5.7538251876831055
Epoch: 553, Loss: 5.759198188781738
Epoch: 554, Loss: 5.7759690284729
Epoch: 555, Loss: 5.763697147369385
Epoch: 556, Loss: 5.760149002075195
Epoch: 557, Loss: 5.741984844207764
Epoch: 558, Loss: 5.757472515106201
Epoch: 559, Loss: 5.769785404205322
Epoch: 560, Loss: 5.765098571777344
Test acc: 0.0054, IC acc: 0.0042, IC acc2: 0.0029, IW acc: 0.0032
Epoch: 561, Loss: 5.764997959136963
Epoch: 562, Loss: 5.76361083984375
Epoch: 563, Loss: 5.779191970825195
Epoch: 564, Loss: 5.762905597686768
Epoch: 565, Loss: 5.759642124176025
Epoch: 566, Loss: 5.760275363922119
Epoch: 567, Loss: 5.771608829498291
Epoch: 568, Loss: 5.760854721069336
Epoch: 569, Loss: 5.757917404174805
Epoch: 570, Loss: 5.7527642250061035
Test acc: 0.0054, IC acc: 0.0042, IC acc2: 0.0029, IW acc: 0.0032
Epoch: 571, Loss: 5.76870059967041
Epoch: 572, Loss: 5.775197982788086
Epoch: 573, Loss: 5.759824752807617
Epoch: 574, Loss: 5.764437198638916
Epoch: 575, Loss: 5.756921291351318
Epoch: 576, Loss: 5.766334533691406
Epoch: 577, Loss: 5.766550064086914
Epoch: 578, Loss: 5.773962020874023
Epoch: 579, Loss: 5.772639274597168
Epoch: 580, Loss: 5.756223678588867
Test acc: 0.0054, IC acc: 0.0042, IC acc2: 0.003, IW acc: 0.0032
Epoch: 581, Loss: 5.761700630187988
Epoch: 582, Loss: 5.770735740661621
Epoch: 583, Loss: 5.767899513244629
Epoch: 584, Loss: 5.772216796875
Epoch: 585, Loss: 5.762239456176758
Epoch: 586, Loss: 5.765547752380371
Epoch: 587, Loss: 5.771448135375977
Epoch: 588, Loss: 5.763926029205322
Epoch: 589, Loss: 5.763518810272217
Epoch: 590, Loss: 5.760594367980957
Test acc: 0.0054, IC acc: 0.0042, IC acc2: 0.0029, IW acc: 0.0032
Epoch: 591, Loss: 5.770294189453125
Epoch: 592, Loss: 5.765865325927734
Epoch: 593, Loss: 5.760550498962402
Epoch: 594, Loss: 5.741215705871582
Epoch: 595, Loss: 5.774057388305664
Epoch: 596, Loss: 5.762750148773193
Epoch: 597, Loss: 5.762524604797363
Epoch: 598, Loss: 5.763847827911377
Epoch: 599, Loss: 5.756328105926514
./circuit_plots/Unrestricted Disentangled|Readout|CN=2|B0=0|B1=0|K=1280|L=320|p_B=0.75|p_C=0.75|B=2|eps=0|b4755c15-ae1c-4b25-96c8-f3c68ba4e0ec/ already exists.
./circuit_plots/Unrestricted Disentangled|Readout|CN=2|B0=0|B1=0|K=1280|L=320|p_B=0.75|p_C=0.75|B=2|eps=0|b4755c15-ae1c-4b25-96c8-f3c68ba4e0ec/ already exists.
./circuit_plots/Unrestricted Disentangled|Readout|CN=2|B0=0|B1=0|K=1280|L=320|p_B=0.75|p_C=0.75|B=2|eps=0|b4755c15-ae1c-4b25-96c8-f3c68ba4e0ec/ already exists.
./circuit_plots/Unrestricted Disentangled|Readout|CN=2|B0=0|B1=0|K=1280|L=320|p_B=0.75|p_C=0.75|B=2|eps=0|b4755c15-ae1c-4b25-96c8-f3c68ba4e0ec/ already exists.
./circuit_plots/Unrestricted Disentangled|Readout|CN=2|B0=0|B1=0|K=1280|L=320|p_B=0.75|p_C=0.75|B=2|eps=0|b4755c15-ae1c-4b25-96c8-f3c68ba4e0ec/ already exists.
./circuit_plots/Unrestricted Disentangled|Readout|CN=2|B0=0|B1=0|K=1280|L=320|p_B=0.75|p_C=0.75|B=2|eps=0|b4755c15-ae1c-4b25-96c8-f3c68ba4e0ec/ already exists.
./circuit_plots/Unrestricted Disentangled|Readout|CN=2|B0=0|B1=0|K=1280|L=320|p_B=0.75|p_C=0.75|B=2|eps=0|b4755c15-ae1c-4b25-96c8-f3c68ba4e0ec/ already exists.
Epoch: 600, Loss: 5.738996505737305
Test acc: 0.0055, IC acc: 0.0042, IC acc2: 0.0029, IW acc: 0.0032
Epoch: 601, Loss: 5.760846138000488
Epoch: 602, Loss: 5.763460159301758
Epoch: 603, Loss: 5.75629997253418
Epoch: 604, Loss: 5.758580207824707
Epoch: 605, Loss: 5.760163307189941
Epoch: 606, Loss: 5.767699241638184
Epoch: 607, Loss: 5.771284580230713
Epoch: 608, Loss: 5.764127731323242
Epoch: 609, Loss: 5.775668144226074
Epoch: 610, Loss: 5.755995750427246
Test acc: 0.0055, IC acc: 0.0042, IC acc2: 0.003, IW acc: 0.0033
Epoch: 611, Loss: 5.767867088317871
Epoch: 612, Loss: 5.765603065490723
Epoch: 613, Loss: 5.763814449310303
Epoch: 614, Loss: 5.755585193634033
Epoch: 615, Loss: 5.7579240798950195
Epoch: 616, Loss: 5.765002250671387
Epoch: 617, Loss: 5.758233070373535
Epoch: 618, Loss: 5.765157699584961
Epoch: 619, Loss: 5.768704414367676
Epoch: 620, Loss: 5.773756980895996
Test acc: 0.0055, IC acc: 0.0042, IC acc2: 0.003, IW acc: 0.0033
Epoch: 621, Loss: 5.76086950302124
Epoch: 622, Loss: 5.765922546386719
Epoch: 623, Loss: 5.754534721374512
Epoch: 624, Loss: 5.755329132080078
Epoch: 625, Loss: 5.764754295349121
Epoch: 626, Loss: 5.762779235839844
Epoch: 627, Loss: 5.7530837059021
Epoch: 628, Loss: 5.754664421081543
Epoch: 629, Loss: 5.770368576049805
Epoch: 630, Loss: 5.743346214294434
Test acc: 0.0058, IC acc: 0.0042, IC acc2: 0.003, IW acc: 0.0033
Epoch: 631, Loss: 5.74576997756958
Epoch: 632, Loss: 5.753311634063721
Epoch: 633, Loss: 5.758908271789551
Epoch: 634, Loss: 5.739912509918213
Epoch: 635, Loss: 5.777401924133301
Epoch: 636, Loss: 5.763427734375
Epoch: 637, Loss: 5.756863117218018
Epoch: 638, Loss: 5.768301963806152
Epoch: 639, Loss: 5.755925178527832
Epoch: 640, Loss: 5.767467498779297
Test acc: 0.0058, IC acc: 0.0042, IC acc2: 0.003, IW acc: 0.0034
Epoch: 641, Loss: 5.7444047927856445
Epoch: 642, Loss: 5.763788223266602
Epoch: 643, Loss: 5.747389793395996
Epoch: 644, Loss: 5.761235237121582
Epoch: 645, Loss: 5.75096321105957
Epoch: 646, Loss: 5.7727789878845215
Epoch: 647, Loss: 5.771108627319336
Epoch: 648, Loss: 5.758317947387695
Epoch: 649, Loss: 5.75770378112793
./circuit_plots/Unrestricted Disentangled|Readout|CN=2|B0=0|B1=0|K=1280|L=320|p_B=0.75|p_C=0.75|B=2|eps=0|b4755c15-ae1c-4b25-96c8-f3c68ba4e0ec/ already exists.
./circuit_plots/Unrestricted Disentangled|Readout|CN=2|B0=0|B1=0|K=1280|L=320|p_B=0.75|p_C=0.75|B=2|eps=0|b4755c15-ae1c-4b25-96c8-f3c68ba4e0ec/ already exists.
./circuit_plots/Unrestricted Disentangled|Readout|CN=2|B0=0|B1=0|K=1280|L=320|p_B=0.75|p_C=0.75|B=2|eps=0|b4755c15-ae1c-4b25-96c8-f3c68ba4e0ec/ already exists.
./circuit_plots/Unrestricted Disentangled|Readout|CN=2|B0=0|B1=0|K=1280|L=320|p_B=0.75|p_C=0.75|B=2|eps=0|b4755c15-ae1c-4b25-96c8-f3c68ba4e0ec/ already exists.
./circuit_plots/Unrestricted Disentangled|Readout|CN=2|B0=0|B1=0|K=1280|L=320|p_B=0.75|p_C=0.75|B=2|eps=0|b4755c15-ae1c-4b25-96c8-f3c68ba4e0ec/ already exists.
./circuit_plots/Unrestricted Disentangled|Readout|CN=2|B0=0|B1=0|K=1280|L=320|p_B=0.75|p_C=0.75|B=2|eps=0|b4755c15-ae1c-4b25-96c8-f3c68ba4e0ec/ already exists.
./circuit_plots/Unrestricted Disentangled|Readout|CN=2|B0=0|B1=0|K=1280|L=320|p_B=0.75|p_C=0.75|B=2|eps=0|b4755c15-ae1c-4b25-96c8-f3c68ba4e0ec/ already exists.
Epoch: 650, Loss: 5.760797500610352
Test acc: 0.0059, IC acc: 0.0043, IC acc2: 0.0031, IW acc: 0.0033
Epoch: 651, Loss: 5.759274959564209
Epoch: 652, Loss: 5.757791519165039
Epoch: 653, Loss: 5.760130882263184
Epoch: 654, Loss: 5.750368118286133
Epoch: 655, Loss: 5.75515079498291
Epoch: 656, Loss: 5.767487049102783
Epoch: 657, Loss: 5.763998508453369
Epoch: 658, Loss: 5.757299423217773
Epoch: 659, Loss: 5.7714996337890625
Epoch: 660, Loss: 5.759949684143066
Test acc: 0.0059, IC acc: 0.0044, IC acc2: 0.0031, IW acc: 0.0035
Epoch: 661, Loss: 5.749068260192871
Epoch: 662, Loss: 5.753420352935791
Epoch: 663, Loss: 5.762587070465088
Epoch: 664, Loss: 5.76140022277832
Epoch: 665, Loss: 5.761058807373047
Epoch: 666, Loss: 5.764657974243164
Epoch: 667, Loss: 5.765237808227539
Epoch: 668, Loss: 5.741313934326172
Epoch: 669, Loss: 5.758550643920898
Epoch: 670, Loss: 5.78685188293457
Test acc: 0.0059, IC acc: 0.0044, IC acc2: 0.0031, IW acc: 0.0035
Epoch: 671, Loss: 5.756908893585205
Epoch: 672, Loss: 5.7665696144104
Epoch: 673, Loss: 5.751228332519531
Epoch: 674, Loss: 5.743852615356445
Epoch: 675, Loss: 5.766360282897949
Epoch: 676, Loss: 5.765228271484375
Epoch: 677, Loss: 5.748843193054199
Epoch: 678, Loss: 5.76090145111084
Epoch: 679, Loss: 5.760143756866455
Epoch: 680, Loss: 5.75161075592041
Test acc: 0.0059, IC acc: 0.0045, IC acc2: 0.003, IW acc: 0.0034
Epoch: 681, Loss: 5.777885437011719
Epoch: 682, Loss: 5.755893230438232
Epoch: 683, Loss: 5.747326374053955
Epoch: 684, Loss: 5.760329246520996
Epoch: 685, Loss: 5.773829460144043
Epoch: 686, Loss: 5.764185428619385
Epoch: 687, Loss: 5.758082389831543
Epoch: 688, Loss: 5.765242576599121
Epoch: 689, Loss: 5.745104789733887
Epoch: 690, Loss: 5.755499839782715
Test acc: 0.0059, IC acc: 0.0045, IC acc2: 0.003, IW acc: 0.0034
Epoch: 691, Loss: 5.757435321807861
Epoch: 692, Loss: 5.762931823730469
Epoch: 693, Loss: 5.762303829193115
Epoch: 694, Loss: 5.7628092765808105
Epoch: 695, Loss: 5.745148181915283
Epoch: 696, Loss: 5.767257213592529
Epoch: 697, Loss: 5.7646050453186035
Epoch: 698, Loss: 5.753232002258301
Epoch: 699, Loss: 5.765520095825195
./circuit_plots/Unrestricted Disentangled|Readout|CN=2|B0=0|B1=0|K=1280|L=320|p_B=0.75|p_C=0.75|B=2|eps=0|b4755c15-ae1c-4b25-96c8-f3c68ba4e0ec/ already exists.
./circuit_plots/Unrestricted Disentangled|Readout|CN=2|B0=0|B1=0|K=1280|L=320|p_B=0.75|p_C=0.75|B=2|eps=0|b4755c15-ae1c-4b25-96c8-f3c68ba4e0ec/ already exists.
./circuit_plots/Unrestricted Disentangled|Readout|CN=2|B0=0|B1=0|K=1280|L=320|p_B=0.75|p_C=0.75|B=2|eps=0|b4755c15-ae1c-4b25-96c8-f3c68ba4e0ec/ already exists.
./circuit_plots/Unrestricted Disentangled|Readout|CN=2|B0=0|B1=0|K=1280|L=320|p_B=0.75|p_C=0.75|B=2|eps=0|b4755c15-ae1c-4b25-96c8-f3c68ba4e0ec/ already exists.
./circuit_plots/Unrestricted Disentangled|Readout|CN=2|B0=0|B1=0|K=1280|L=320|p_B=0.75|p_C=0.75|B=2|eps=0|b4755c15-ae1c-4b25-96c8-f3c68ba4e0ec/ already exists.
./circuit_plots/Unrestricted Disentangled|Readout|CN=2|B0=0|B1=0|K=1280|L=320|p_B=0.75|p_C=0.75|B=2|eps=0|b4755c15-ae1c-4b25-96c8-f3c68ba4e0ec/ already exists.
./circuit_plots/Unrestricted Disentangled|Readout|CN=2|B0=0|B1=0|K=1280|L=320|p_B=0.75|p_C=0.75|B=2|eps=0|b4755c15-ae1c-4b25-96c8-f3c68ba4e0ec/ already exists.
Epoch: 700, Loss: 5.770378112792969
Test acc: 0.006, IC acc: 0.0045, IC acc2: 0.0029, IW acc: 0.0035
Epoch: 701, Loss: 5.763840675354004
Epoch: 702, Loss: 5.752358436584473
Epoch: 703, Loss: 5.762856960296631
Epoch: 704, Loss: 5.763322830200195
Epoch: 705, Loss: 5.753252029418945
Epoch: 706, Loss: 5.76664924621582
Epoch: 707, Loss: 5.772618770599365
Epoch: 708, Loss: 5.746639251708984
Epoch: 709, Loss: 5.757709980010986
Epoch: 710, Loss: 5.761379241943359
Test acc: 0.006, IC acc: 0.0045, IC acc2: 0.0029, IW acc: 0.0035
Epoch: 711, Loss: 5.7456889152526855
Epoch: 712, Loss: 5.760490417480469
Epoch: 713, Loss: 5.768199443817139
Epoch: 714, Loss: 5.753756523132324
Epoch: 715, Loss: 5.773133754730225
Epoch: 716, Loss: 5.754392623901367
Epoch: 717, Loss: 5.768599510192871
Epoch: 718, Loss: 5.77220344543457
Epoch: 719, Loss: 5.774664878845215
Epoch: 720, Loss: 5.764364242553711
Test acc: 0.006, IC acc: 0.0047, IC acc2: 0.003, IW acc: 0.0036
Epoch: 721, Loss: 5.7591047286987305
Epoch: 722, Loss: 5.768455505371094
Epoch: 723, Loss: 5.75784158706665
Epoch: 724, Loss: 5.7515339851379395
Epoch: 725, Loss: 5.757467269897461
Epoch: 726, Loss: 5.771766662597656
Epoch: 727, Loss: 5.750076770782471
Epoch: 728, Loss: 5.771087646484375
Epoch: 729, Loss: 5.743699550628662
Epoch: 730, Loss: 5.7516069412231445
Test acc: 0.006, IC acc: 0.0048, IC acc2: 0.003, IW acc: 0.0035
Epoch: 731, Loss: 5.754619598388672
Epoch: 732, Loss: 5.758877277374268
Epoch: 733, Loss: 5.7670698165893555
Epoch: 734, Loss: 5.747920989990234
Epoch: 735, Loss: 5.751925468444824
Epoch: 736, Loss: 5.763742446899414
Epoch: 737, Loss: 5.763021469116211
Epoch: 738, Loss: 5.767690181732178
Epoch: 739, Loss: 5.7610015869140625
Epoch: 740, Loss: 5.755498886108398
Test acc: 0.006, IC acc: 0.0049, IC acc2: 0.003, IW acc: 0.0036
Epoch: 741, Loss: 5.7656354904174805
Epoch: 742, Loss: 5.766358375549316
Epoch: 743, Loss: 5.749785423278809
Epoch: 744, Loss: 5.766172409057617
Epoch: 745, Loss: 5.7608160972595215
Epoch: 746, Loss: 5.772458553314209
Epoch: 747, Loss: 5.771390914916992
Epoch: 748, Loss: 5.736894607543945
Epoch: 749, Loss: 5.755666732788086
./circuit_plots/Unrestricted Disentangled|Readout|CN=2|B0=0|B1=0|K=1280|L=320|p_B=0.75|p_C=0.75|B=2|eps=0|b4755c15-ae1c-4b25-96c8-f3c68ba4e0ec/ already exists.
./circuit_plots/Unrestricted Disentangled|Readout|CN=2|B0=0|B1=0|K=1280|L=320|p_B=0.75|p_C=0.75|B=2|eps=0|b4755c15-ae1c-4b25-96c8-f3c68ba4e0ec/ already exists.
./circuit_plots/Unrestricted Disentangled|Readout|CN=2|B0=0|B1=0|K=1280|L=320|p_B=0.75|p_C=0.75|B=2|eps=0|b4755c15-ae1c-4b25-96c8-f3c68ba4e0ec/ already exists.
./circuit_plots/Unrestricted Disentangled|Readout|CN=2|B0=0|B1=0|K=1280|L=320|p_B=0.75|p_C=0.75|B=2|eps=0|b4755c15-ae1c-4b25-96c8-f3c68ba4e0ec/ already exists.
./circuit_plots/Unrestricted Disentangled|Readout|CN=2|B0=0|B1=0|K=1280|L=320|p_B=0.75|p_C=0.75|B=2|eps=0|b4755c15-ae1c-4b25-96c8-f3c68ba4e0ec/ already exists.
./circuit_plots/Unrestricted Disentangled|Readout|CN=2|B0=0|B1=0|K=1280|L=320|p_B=0.75|p_C=0.75|B=2|eps=0|b4755c15-ae1c-4b25-96c8-f3c68ba4e0ec/ already exists.
./circuit_plots/Unrestricted Disentangled|Readout|CN=2|B0=0|B1=0|K=1280|L=320|p_B=0.75|p_C=0.75|B=2|eps=0|b4755c15-ae1c-4b25-96c8-f3c68ba4e0ec/ already exists.
Epoch: 750, Loss: 5.762155532836914
Test acc: 0.006, IC acc: 0.005, IC acc2: 0.003, IW acc: 0.0036
Epoch: 751, Loss: 5.778134346008301
Epoch: 752, Loss: 5.759137153625488
Epoch: 753, Loss: 5.769747734069824
Epoch: 754, Loss: 5.775743007659912
Epoch: 755, Loss: 5.759857654571533
Epoch: 756, Loss: 5.759551048278809
Epoch: 757, Loss: 5.76154088973999
Epoch: 758, Loss: 5.754948139190674
Epoch: 759, Loss: 5.755202293395996
Epoch: 760, Loss: 5.773210525512695
Test acc: 0.006, IC acc: 0.0051, IC acc2: 0.003, IW acc: 0.0036
Epoch: 761, Loss: 5.7683491706848145
Epoch: 762, Loss: 5.7529706954956055
Epoch: 763, Loss: 5.746681213378906
Epoch: 764, Loss: 5.761308670043945
Epoch: 765, Loss: 5.760436534881592
Epoch: 766, Loss: 5.758182525634766
Epoch: 767, Loss: 5.75818395614624
Epoch: 768, Loss: 5.759392738342285
Epoch: 769, Loss: 5.751513481140137
Epoch: 770, Loss: 5.776109218597412
Test acc: 0.006, IC acc: 0.005, IC acc2: 0.003, IW acc: 0.0036
Epoch: 771, Loss: 5.762188911437988
Epoch: 772, Loss: 5.743412971496582
Epoch: 773, Loss: 5.7660722732543945
Epoch: 774, Loss: 5.761157035827637
Epoch: 775, Loss: 5.765128135681152
Epoch: 776, Loss: 5.7465338706970215
Epoch: 777, Loss: 5.7610321044921875
Epoch: 778, Loss: 5.76737117767334
Epoch: 779, Loss: 5.759420394897461
Epoch: 780, Loss: 5.751262664794922
Test acc: 0.006, IC acc: 0.005, IC acc2: 0.003, IW acc: 0.0036
Epoch: 781, Loss: 5.761652946472168
Epoch: 782, Loss: 5.761592864990234
Epoch: 783, Loss: 5.7464470863342285
Epoch: 784, Loss: 5.7405195236206055
Epoch: 785, Loss: 5.733501434326172
Epoch: 786, Loss: 5.749818801879883
Epoch: 787, Loss: 5.772012710571289
Epoch: 788, Loss: 5.746487617492676
Epoch: 789, Loss: 5.752470016479492
Epoch: 790, Loss: 5.755816459655762
Test acc: 0.006, IC acc: 0.005, IC acc2: 0.003, IW acc: 0.0036
Epoch: 791, Loss: 5.758460998535156
Epoch: 792, Loss: 5.755802154541016
Epoch: 793, Loss: 5.748042106628418
Epoch: 794, Loss: 5.759835243225098
Epoch: 795, Loss: 5.758803844451904
Epoch: 796, Loss: 5.757471084594727
Epoch: 797, Loss: 5.757894515991211
Epoch: 798, Loss: 5.762681007385254
Epoch: 799, Loss: 5.767629623413086
./circuit_plots/Unrestricted Disentangled|Readout|CN=2|B0=0|B1=0|K=1280|L=320|p_B=0.75|p_C=0.75|B=2|eps=0|b4755c15-ae1c-4b25-96c8-f3c68ba4e0ec/ already exists.
./circuit_plots/Unrestricted Disentangled|Readout|CN=2|B0=0|B1=0|K=1280|L=320|p_B=0.75|p_C=0.75|B=2|eps=0|b4755c15-ae1c-4b25-96c8-f3c68ba4e0ec/ already exists.
./circuit_plots/Unrestricted Disentangled|Readout|CN=2|B0=0|B1=0|K=1280|L=320|p_B=0.75|p_C=0.75|B=2|eps=0|b4755c15-ae1c-4b25-96c8-f3c68ba4e0ec/ already exists.
./circuit_plots/Unrestricted Disentangled|Readout|CN=2|B0=0|B1=0|K=1280|L=320|p_B=0.75|p_C=0.75|B=2|eps=0|b4755c15-ae1c-4b25-96c8-f3c68ba4e0ec/ already exists.
./circuit_plots/Unrestricted Disentangled|Readout|CN=2|B0=0|B1=0|K=1280|L=320|p_B=0.75|p_C=0.75|B=2|eps=0|b4755c15-ae1c-4b25-96c8-f3c68ba4e0ec/ already exists.
./circuit_plots/Unrestricted Disentangled|Readout|CN=2|B0=0|B1=0|K=1280|L=320|p_B=0.75|p_C=0.75|B=2|eps=0|b4755c15-ae1c-4b25-96c8-f3c68ba4e0ec/ already exists.
./circuit_plots/Unrestricted Disentangled|Readout|CN=2|B0=0|B1=0|K=1280|L=320|p_B=0.75|p_C=0.75|B=2|eps=0|b4755c15-ae1c-4b25-96c8-f3c68ba4e0ec/ already exists.
Epoch: 800, Loss: 5.73997688293457
Test acc: 0.006, IC acc: 0.005, IC acc2: 0.003, IW acc: 0.0036
Epoch: 801, Loss: 5.757699012756348
Epoch: 802, Loss: 5.744466781616211
Epoch: 803, Loss: 5.766408920288086
Epoch: 804, Loss: 5.759164810180664
Epoch: 805, Loss: 5.748034477233887
Epoch: 806, Loss: 5.74807071685791
Epoch: 807, Loss: 5.770702362060547
Epoch: 808, Loss: 5.754374027252197
Epoch: 809, Loss: 5.748928070068359
Epoch: 810, Loss: 5.755257606506348
Test acc: 0.006, IC acc: 0.0052, IC acc2: 0.003, IW acc: 0.0036
Epoch: 811, Loss: 5.744124412536621
Epoch: 812, Loss: 5.7631096839904785
Epoch: 813, Loss: 5.7581329345703125
Epoch: 814, Loss: 5.77554178237915
Epoch: 815, Loss: 5.747081756591797
Epoch: 816, Loss: 5.768231391906738
Epoch: 817, Loss: 5.756955146789551
Epoch: 818, Loss: 5.748858451843262
Epoch: 819, Loss: 5.753164291381836
Epoch: 820, Loss: 5.770097732543945
Test acc: 0.006, IC acc: 0.0052, IC acc2: 0.003, IW acc: 0.0035
Epoch: 821, Loss: 5.742588043212891
Epoch: 822, Loss: 5.760803699493408
Epoch: 823, Loss: 5.754332542419434
Epoch: 824, Loss: 5.76191520690918
Epoch: 825, Loss: 5.751705169677734
Epoch: 826, Loss: 5.75485897064209
Epoch: 827, Loss: 5.759346008300781
Epoch: 828, Loss: 5.75694465637207
Epoch: 829, Loss: 5.748307704925537
Epoch: 830, Loss: 5.772974491119385
Test acc: 0.006, IC acc: 0.0052, IC acc2: 0.003, IW acc: 0.0035
Epoch: 831, Loss: 5.754948139190674
Epoch: 832, Loss: 5.759231090545654
Epoch: 833, Loss: 5.772279739379883
Epoch: 834, Loss: 5.751766204833984
Epoch: 835, Loss: 5.75150728225708
Epoch: 836, Loss: 5.7613959312438965
Epoch: 837, Loss: 5.759111404418945
Epoch: 838, Loss: 5.758443355560303
Epoch: 839, Loss: 5.748867988586426
Epoch: 840, Loss: 5.750538349151611
Test acc: 0.006, IC acc: 0.0053, IC acc2: 0.003, IW acc: 0.0035
Epoch: 841, Loss: 5.75390100479126
Epoch: 842, Loss: 5.731733322143555
Epoch: 843, Loss: 5.75783109664917
Epoch: 844, Loss: 5.768238067626953
Epoch: 845, Loss: 5.759156227111816
Epoch: 846, Loss: 5.743569850921631
Epoch: 847, Loss: 5.77062463760376
Epoch: 848, Loss: 5.766355514526367
Epoch: 849, Loss: 5.750950813293457
./circuit_plots/Unrestricted Disentangled|Readout|CN=2|B0=0|B1=0|K=1280|L=320|p_B=0.75|p_C=0.75|B=2|eps=0|b4755c15-ae1c-4b25-96c8-f3c68ba4e0ec/ already exists.
./circuit_plots/Unrestricted Disentangled|Readout|CN=2|B0=0|B1=0|K=1280|L=320|p_B=0.75|p_C=0.75|B=2|eps=0|b4755c15-ae1c-4b25-96c8-f3c68ba4e0ec/ already exists.
./circuit_plots/Unrestricted Disentangled|Readout|CN=2|B0=0|B1=0|K=1280|L=320|p_B=0.75|p_C=0.75|B=2|eps=0|b4755c15-ae1c-4b25-96c8-f3c68ba4e0ec/ already exists.
./circuit_plots/Unrestricted Disentangled|Readout|CN=2|B0=0|B1=0|K=1280|L=320|p_B=0.75|p_C=0.75|B=2|eps=0|b4755c15-ae1c-4b25-96c8-f3c68ba4e0ec/ already exists.
./circuit_plots/Unrestricted Disentangled|Readout|CN=2|B0=0|B1=0|K=1280|L=320|p_B=0.75|p_C=0.75|B=2|eps=0|b4755c15-ae1c-4b25-96c8-f3c68ba4e0ec/ already exists.
./circuit_plots/Unrestricted Disentangled|Readout|CN=2|B0=0|B1=0|K=1280|L=320|p_B=0.75|p_C=0.75|B=2|eps=0|b4755c15-ae1c-4b25-96c8-f3c68ba4e0ec/ already exists.
./circuit_plots/Unrestricted Disentangled|Readout|CN=2|B0=0|B1=0|K=1280|L=320|p_B=0.75|p_C=0.75|B=2|eps=0|b4755c15-ae1c-4b25-96c8-f3c68ba4e0ec/ already exists.
Epoch: 850, Loss: 5.753476619720459
Test acc: 0.006, IC acc: 0.0053, IC acc2: 0.003, IW acc: 0.0035
Epoch: 851, Loss: 5.757730484008789
Epoch: 852, Loss: 5.760134696960449
Epoch: 853, Loss: 5.752467155456543
Epoch: 854, Loss: 5.775615692138672
Epoch: 855, Loss: 5.7562408447265625
Epoch: 856, Loss: 5.770401954650879
Epoch: 857, Loss: 5.74699592590332
Epoch: 858, Loss: 5.762540817260742
Epoch: 859, Loss: 5.751583099365234
Epoch: 860, Loss: 5.749656677246094
Test acc: 0.006, IC acc: 0.0053, IC acc2: 0.003, IW acc: 0.0035
Epoch: 861, Loss: 5.764615058898926
Epoch: 862, Loss: 5.756222248077393
Epoch: 863, Loss: 5.750707149505615
Epoch: 864, Loss: 5.759910583496094
Epoch: 865, Loss: 5.76251220703125
Epoch: 866, Loss: 5.755939960479736
Epoch: 867, Loss: 5.7691330909729
Epoch: 868, Loss: 5.758643627166748
Epoch: 869, Loss: 5.76389217376709
Epoch: 870, Loss: 5.772074222564697
Test acc: 0.0061, IC acc: 0.0053, IC acc2: 0.003, IW acc: 0.0036
Epoch: 871, Loss: 5.7558417320251465
Epoch: 872, Loss: 5.763585567474365
Epoch: 873, Loss: 5.738290786743164
Epoch: 874, Loss: 5.7569193840026855
Epoch: 875, Loss: 5.754275321960449
Epoch: 876, Loss: 5.756938457489014
Epoch: 877, Loss: 5.7533464431762695
Epoch: 878, Loss: 5.764828205108643
Epoch: 879, Loss: 5.7497029304504395
Epoch: 880, Loss: 5.754599571228027
Test acc: 0.0061, IC acc: 0.0053, IC acc2: 0.003, IW acc: 0.0036
Epoch: 881, Loss: 5.760359764099121
Epoch: 882, Loss: 5.766643524169922
Epoch: 883, Loss: 5.744131088256836
Epoch: 884, Loss: 5.769892692565918
Epoch: 885, Loss: 5.752310752868652
Epoch: 886, Loss: 5.751547336578369
Epoch: 887, Loss: 5.745697975158691
Epoch: 888, Loss: 5.759097576141357
Epoch: 889, Loss: 5.758984565734863
Epoch: 890, Loss: 5.76209831237793
Test acc: 0.0061, IC acc: 0.0053, IC acc2: 0.003, IW acc: 0.0036
Epoch: 891, Loss: 5.774233818054199
Epoch: 892, Loss: 5.777137756347656
Epoch: 893, Loss: 5.755690574645996
Epoch: 894, Loss: 5.76381778717041
Epoch: 895, Loss: 5.750003814697266
Epoch: 896, Loss: 5.752311706542969
Epoch: 897, Loss: 5.747994422912598
Epoch: 898, Loss: 5.7436981201171875
Epoch: 899, Loss: 5.747973918914795
./circuit_plots/Unrestricted Disentangled|Readout|CN=2|B0=0|B1=0|K=1280|L=320|p_B=0.75|p_C=0.75|B=2|eps=0|b4755c15-ae1c-4b25-96c8-f3c68ba4e0ec/ already exists.
./circuit_plots/Unrestricted Disentangled|Readout|CN=2|B0=0|B1=0|K=1280|L=320|p_B=0.75|p_C=0.75|B=2|eps=0|b4755c15-ae1c-4b25-96c8-f3c68ba4e0ec/ already exists.
./circuit_plots/Unrestricted Disentangled|Readout|CN=2|B0=0|B1=0|K=1280|L=320|p_B=0.75|p_C=0.75|B=2|eps=0|b4755c15-ae1c-4b25-96c8-f3c68ba4e0ec/ already exists.
./circuit_plots/Unrestricted Disentangled|Readout|CN=2|B0=0|B1=0|K=1280|L=320|p_B=0.75|p_C=0.75|B=2|eps=0|b4755c15-ae1c-4b25-96c8-f3c68ba4e0ec/ already exists.
./circuit_plots/Unrestricted Disentangled|Readout|CN=2|B0=0|B1=0|K=1280|L=320|p_B=0.75|p_C=0.75|B=2|eps=0|b4755c15-ae1c-4b25-96c8-f3c68ba4e0ec/ already exists.
./circuit_plots/Unrestricted Disentangled|Readout|CN=2|B0=0|B1=0|K=1280|L=320|p_B=0.75|p_C=0.75|B=2|eps=0|b4755c15-ae1c-4b25-96c8-f3c68ba4e0ec/ already exists.
./circuit_plots/Unrestricted Disentangled|Readout|CN=2|B0=0|B1=0|K=1280|L=320|p_B=0.75|p_C=0.75|B=2|eps=0|b4755c15-ae1c-4b25-96c8-f3c68ba4e0ec/ already exists.
Epoch: 900, Loss: 5.767160415649414
Test acc: 0.0061, IC acc: 0.0053, IC acc2: 0.003, IW acc: 0.0035
Epoch: 901, Loss: 5.75312614440918
Epoch: 902, Loss: 5.766200065612793
Epoch: 903, Loss: 5.746232032775879
Epoch: 904, Loss: 5.756237030029297
Epoch: 905, Loss: 5.759247779846191
Epoch: 906, Loss: 5.7579345703125
Epoch: 907, Loss: 5.757811069488525
Epoch: 908, Loss: 5.756733417510986
Epoch: 909, Loss: 5.761988162994385
Epoch: 910, Loss: 5.750462055206299
Test acc: 0.0061, IC acc: 0.0054, IC acc2: 0.003, IW acc: 0.0036
Epoch: 911, Loss: 5.765434265136719
Epoch: 912, Loss: 5.763017654418945
Epoch: 913, Loss: 5.7551422119140625
Epoch: 914, Loss: 5.7615203857421875
Epoch: 915, Loss: 5.765562534332275
Epoch: 916, Loss: 5.760107517242432
Epoch: 917, Loss: 5.754726886749268
Epoch: 918, Loss: 5.75392484664917
Epoch: 919, Loss: 5.755501747131348
Epoch: 920, Loss: 5.750509262084961
Test acc: 0.0062, IC acc: 0.0054, IC acc2: 0.003, IW acc: 0.0038
Epoch: 921, Loss: 5.754347801208496
Epoch: 922, Loss: 5.770942687988281
Epoch: 923, Loss: 5.73734188079834
Epoch: 924, Loss: 5.744751930236816
Epoch: 925, Loss: 5.763430595397949
Epoch: 926, Loss: 5.745885848999023
Epoch: 927, Loss: 5.76814079284668
Epoch: 928, Loss: 5.765822410583496
Epoch: 929, Loss: 5.771737098693848
Epoch: 930, Loss: 5.761152267456055
Test acc: 0.0061, IC acc: 0.0055, IC acc2: 0.003, IW acc: 0.0038
Epoch: 931, Loss: 5.756871700286865
Epoch: 932, Loss: 5.754979133605957
Epoch: 933, Loss: 5.761429786682129
Epoch: 934, Loss: 5.7567138671875
Epoch: 935, Loss: 5.7707414627075195
Epoch: 936, Loss: 5.760014057159424
Epoch: 937, Loss: 5.761063575744629
Epoch: 938, Loss: 5.759001731872559
Epoch: 939, Loss: 5.755504131317139
Epoch: 940, Loss: 5.752811431884766
Test acc: 0.0062, IC acc: 0.0055, IC acc2: 0.003, IW acc: 0.0038
Epoch: 941, Loss: 5.759524345397949
Epoch: 942, Loss: 5.741219997406006
Epoch: 943, Loss: 5.7535319328308105
Epoch: 944, Loss: 5.746218204498291
Epoch: 945, Loss: 5.764275074005127
Epoch: 946, Loss: 5.766072750091553
Epoch: 947, Loss: 5.75079345703125
Epoch: 948, Loss: 5.761948108673096
Epoch: 949, Loss: 5.756049156188965
./circuit_plots/Unrestricted Disentangled|Readout|CN=2|B0=0|B1=0|K=1280|L=320|p_B=0.75|p_C=0.75|B=2|eps=0|b4755c15-ae1c-4b25-96c8-f3c68ba4e0ec/ already exists.
./circuit_plots/Unrestricted Disentangled|Readout|CN=2|B0=0|B1=0|K=1280|L=320|p_B=0.75|p_C=0.75|B=2|eps=0|b4755c15-ae1c-4b25-96c8-f3c68ba4e0ec/ already exists.
./circuit_plots/Unrestricted Disentangled|Readout|CN=2|B0=0|B1=0|K=1280|L=320|p_B=0.75|p_C=0.75|B=2|eps=0|b4755c15-ae1c-4b25-96c8-f3c68ba4e0ec/ already exists.
./circuit_plots/Unrestricted Disentangled|Readout|CN=2|B0=0|B1=0|K=1280|L=320|p_B=0.75|p_C=0.75|B=2|eps=0|b4755c15-ae1c-4b25-96c8-f3c68ba4e0ec/ already exists.
./circuit_plots/Unrestricted Disentangled|Readout|CN=2|B0=0|B1=0|K=1280|L=320|p_B=0.75|p_C=0.75|B=2|eps=0|b4755c15-ae1c-4b25-96c8-f3c68ba4e0ec/ already exists.
./circuit_plots/Unrestricted Disentangled|Readout|CN=2|B0=0|B1=0|K=1280|L=320|p_B=0.75|p_C=0.75|B=2|eps=0|b4755c15-ae1c-4b25-96c8-f3c68ba4e0ec/ already exists.
./circuit_plots/Unrestricted Disentangled|Readout|CN=2|B0=0|B1=0|K=1280|L=320|p_B=0.75|p_C=0.75|B=2|eps=0|b4755c15-ae1c-4b25-96c8-f3c68ba4e0ec/ already exists.
Epoch: 950, Loss: 5.758334159851074
Test acc: 0.0062, IC acc: 0.0056, IC acc2: 0.003, IW acc: 0.0037
Epoch: 951, Loss: 5.75408411026001
Epoch: 952, Loss: 5.74937629699707
Epoch: 953, Loss: 5.768573760986328
Epoch: 954, Loss: 5.7577595710754395
Epoch: 955, Loss: 5.756536483764648
Epoch: 956, Loss: 5.753323078155518
Epoch: 957, Loss: 5.770276069641113
Epoch: 958, Loss: 5.75582218170166
Epoch: 959, Loss: 5.757010459899902
Epoch: 960, Loss: 5.743359565734863
Test acc: 0.0062, IC acc: 0.0056, IC acc2: 0.003, IW acc: 0.0038
Epoch: 961, Loss: 5.753981590270996
Epoch: 962, Loss: 5.725704193115234
Epoch: 963, Loss: 5.751044750213623
Epoch: 964, Loss: 5.759311676025391
Epoch: 965, Loss: 5.758446216583252
Epoch: 966, Loss: 5.751434326171875
Epoch: 967, Loss: 5.757711410522461
Epoch: 968, Loss: 5.747002601623535
Epoch: 969, Loss: 5.746328830718994
Epoch: 970, Loss: 5.754916191101074
Test acc: 0.0062, IC acc: 0.0058, IC acc2: 0.003, IW acc: 0.0037
Epoch: 971, Loss: 5.7577009201049805
Epoch: 972, Loss: 5.763265609741211
Epoch: 973, Loss: 5.76192569732666
Epoch: 974, Loss: 5.759827613830566
Epoch: 975, Loss: 5.747074127197266
Epoch: 976, Loss: 5.759093284606934
Epoch: 977, Loss: 5.7414045333862305
Epoch: 978, Loss: 5.754722595214844
Epoch: 979, Loss: 5.759258270263672
Epoch: 980, Loss: 5.779036998748779
Test acc: 0.0064, IC acc: 0.0058, IC acc2: 0.003, IW acc: 0.0037
Epoch: 981, Loss: 5.746781349182129
Epoch: 982, Loss: 5.766475677490234
Epoch: 983, Loss: 5.765717506408691
Epoch: 984, Loss: 5.756573677062988
Epoch: 985, Loss: 5.774847984313965
Epoch: 986, Loss: 5.751218795776367
Epoch: 987, Loss: 5.746477127075195
Epoch: 988, Loss: 5.753047943115234
Epoch: 989, Loss: 5.777840614318848
Epoch: 990, Loss: 5.754685401916504
Test acc: 0.0064, IC acc: 0.0059, IC acc2: 0.003, IW acc: 0.0038
Epoch: 991, Loss: 5.760239124298096
Epoch: 992, Loss: 5.753862380981445
Epoch: 993, Loss: 5.7538838386535645
Epoch: 994, Loss: 5.767192840576172
Epoch: 995, Loss: 5.7468976974487305
Epoch: 996, Loss: 5.752996921539307
Epoch: 997, Loss: 5.747678279876709
Epoch: 998, Loss: 5.754717826843262
Epoch: 999, Loss: 5.760096549987793
./circuit_plots/Unrestricted Disentangled|Readout|CN=2|B0=0|B1=0|K=1280|L=320|p_B=0.75|p_C=0.75|B=2|eps=0|b4755c15-ae1c-4b25-96c8-f3c68ba4e0ec/ already exists.
./circuit_plots/Unrestricted Disentangled|Readout|CN=2|B0=0|B1=0|K=1280|L=320|p_B=0.75|p_C=0.75|B=2|eps=0|b4755c15-ae1c-4b25-96c8-f3c68ba4e0ec/ already exists.
./circuit_plots/Unrestricted Disentangled|Readout|CN=2|B0=0|B1=0|K=1280|L=320|p_B=0.75|p_C=0.75|B=2|eps=0|b4755c15-ae1c-4b25-96c8-f3c68ba4e0ec/ already exists.
./circuit_plots/Unrestricted Disentangled|Readout|CN=2|B0=0|B1=0|K=1280|L=320|p_B=0.75|p_C=0.75|B=2|eps=0|b4755c15-ae1c-4b25-96c8-f3c68ba4e0ec/ already exists.
./circuit_plots/Unrestricted Disentangled|Readout|CN=2|B0=0|B1=0|K=1280|L=320|p_B=0.75|p_C=0.75|B=2|eps=0|b4755c15-ae1c-4b25-96c8-f3c68ba4e0ec/ already exists.
./circuit_plots/Unrestricted Disentangled|Readout|CN=2|B0=0|B1=0|K=1280|L=320|p_B=0.75|p_C=0.75|B=2|eps=0|b4755c15-ae1c-4b25-96c8-f3c68ba4e0ec/ already exists.
./circuit_plots/Unrestricted Disentangled|Readout|CN=2|B0=0|B1=0|K=1280|L=320|p_B=0.75|p_C=0.75|B=2|eps=0|b4755c15-ae1c-4b25-96c8-f3c68ba4e0ec/ already exists.
Epoch: 1000, Loss: 5.768383026123047
Test acc: 0.0065, IC acc: 0.0058, IC acc2: 0.003, IW acc: 0.0039
Epoch: 1001, Loss: 5.753791809082031
Epoch: 1002, Loss: 5.748196601867676
Epoch: 1003, Loss: 5.745673179626465
Epoch: 1004, Loss: 5.759827136993408
Epoch: 1005, Loss: 5.76193904876709
Epoch: 1006, Loss: 5.752106666564941
Epoch: 1007, Loss: 5.752202987670898
Epoch: 1008, Loss: 5.756100654602051
Epoch: 1009, Loss: 5.749919891357422
Epoch: 1010, Loss: 5.763611793518066
Test acc: 0.0066, IC acc: 0.006, IC acc2: 0.003, IW acc: 0.0037
Epoch: 1011, Loss: 5.750021934509277
Epoch: 1012, Loss: 5.755721092224121
Epoch: 1013, Loss: 5.745749473571777
Epoch: 1014, Loss: 5.741341590881348
Epoch: 1015, Loss: 5.756923675537109
Epoch: 1016, Loss: 5.74915885925293
Epoch: 1017, Loss: 5.776618480682373
Epoch: 1018, Loss: 5.755448818206787
Epoch: 1019, Loss: 5.742100238800049
Epoch: 1020, Loss: 5.756016254425049
Test acc: 0.0066, IC acc: 0.006, IC acc2: 0.003, IW acc: 0.0039
Epoch: 1021, Loss: 5.783783912658691
Epoch: 1022, Loss: 5.764801025390625
Epoch: 1023, Loss: 5.74960994720459
Epoch: 1024, Loss: 5.758504867553711
Epoch: 1025, Loss: 5.748480796813965
Epoch: 1026, Loss: 5.762036323547363
Epoch: 1027, Loss: 5.752400875091553
Epoch: 1028, Loss: 5.752259254455566
Epoch: 1029, Loss: 5.751330375671387
Epoch: 1030, Loss: 5.750041484832764
Test acc: 0.0067, IC acc: 0.006, IC acc2: 0.0031, IW acc: 0.0038
Epoch: 1031, Loss: 5.753165245056152
Epoch: 1032, Loss: 5.747167587280273
Epoch: 1033, Loss: 5.7635698318481445
Epoch: 1034, Loss: 5.758851051330566
Epoch: 1035, Loss: 5.768505096435547
Epoch: 1036, Loss: 5.755949974060059
Epoch: 1037, Loss: 5.754428386688232
Epoch: 1038, Loss: 5.751515865325928
Epoch: 1039, Loss: 5.770874977111816
Epoch: 1040, Loss: 5.749127388000488
Test acc: 0.0067, IC acc: 0.006, IC acc2: 0.003, IW acc: 0.0037
Epoch: 1041, Loss: 5.763282775878906
Epoch: 1042, Loss: 5.750771522521973
Epoch: 1043, Loss: 5.761230945587158
Epoch: 1044, Loss: 5.758991241455078
Epoch: 1045, Loss: 5.750870704650879
Epoch: 1046, Loss: 5.758971214294434
Epoch: 1047, Loss: 5.755797863006592
Epoch: 1048, Loss: 5.759088516235352
Epoch: 1049, Loss: 5.75704288482666
./circuit_plots/Unrestricted Disentangled|Readout|CN=2|B0=0|B1=0|K=1280|L=320|p_B=0.75|p_C=0.75|B=2|eps=0|b4755c15-ae1c-4b25-96c8-f3c68ba4e0ec/ already exists.
./circuit_plots/Unrestricted Disentangled|Readout|CN=2|B0=0|B1=0|K=1280|L=320|p_B=0.75|p_C=0.75|B=2|eps=0|b4755c15-ae1c-4b25-96c8-f3c68ba4e0ec/ already exists.
./circuit_plots/Unrestricted Disentangled|Readout|CN=2|B0=0|B1=0|K=1280|L=320|p_B=0.75|p_C=0.75|B=2|eps=0|b4755c15-ae1c-4b25-96c8-f3c68ba4e0ec/ already exists.
./circuit_plots/Unrestricted Disentangled|Readout|CN=2|B0=0|B1=0|K=1280|L=320|p_B=0.75|p_C=0.75|B=2|eps=0|b4755c15-ae1c-4b25-96c8-f3c68ba4e0ec/ already exists.
./circuit_plots/Unrestricted Disentangled|Readout|CN=2|B0=0|B1=0|K=1280|L=320|p_B=0.75|p_C=0.75|B=2|eps=0|b4755c15-ae1c-4b25-96c8-f3c68ba4e0ec/ already exists.
./circuit_plots/Unrestricted Disentangled|Readout|CN=2|B0=0|B1=0|K=1280|L=320|p_B=0.75|p_C=0.75|B=2|eps=0|b4755c15-ae1c-4b25-96c8-f3c68ba4e0ec/ already exists.
./circuit_plots/Unrestricted Disentangled|Readout|CN=2|B0=0|B1=0|K=1280|L=320|p_B=0.75|p_C=0.75|B=2|eps=0|b4755c15-ae1c-4b25-96c8-f3c68ba4e0ec/ already exists.
Epoch: 1050, Loss: 5.743699550628662
Test acc: 0.0066, IC acc: 0.006, IC acc2: 0.003, IW acc: 0.0037
Epoch: 1051, Loss: 5.751575469970703
Epoch: 1052, Loss: 5.743674278259277
Epoch: 1053, Loss: 5.757607460021973
Epoch: 1054, Loss: 5.755321979522705
Epoch: 1055, Loss: 5.7517900466918945
Epoch: 1056, Loss: 5.758327007293701
Epoch: 1057, Loss: 5.754936218261719
Epoch: 1058, Loss: 5.7501325607299805
Epoch: 1059, Loss: 5.760483741760254
Epoch: 1060, Loss: 5.7552618980407715
Test acc: 0.0068, IC acc: 0.006, IC acc2: 0.003, IW acc: 0.0036
Epoch: 1061, Loss: 5.765696048736572
Epoch: 1062, Loss: 5.762721061706543
Epoch: 1063, Loss: 5.761340141296387
Epoch: 1064, Loss: 5.749691963195801
Epoch: 1065, Loss: 5.760759353637695
Epoch: 1066, Loss: 5.7748613357543945
Epoch: 1067, Loss: 5.750235557556152
Epoch: 1068, Loss: 5.756817817687988
Epoch: 1069, Loss: 5.743137359619141
Epoch: 1070, Loss: 5.766972064971924
Test acc: 0.0067, IC acc: 0.0063, IC acc2: 0.003, IW acc: 0.0037
Epoch: 1071, Loss: 5.747252464294434
Epoch: 1072, Loss: 5.766324043273926
Epoch: 1073, Loss: 5.753123760223389
Epoch: 1074, Loss: 5.759324073791504
Epoch: 1075, Loss: 5.778970718383789
Epoch: 1076, Loss: 5.750754356384277
Epoch: 1077, Loss: 5.761171817779541
Epoch: 1078, Loss: 5.734283924102783
Epoch: 1079, Loss: 5.755580902099609
Epoch: 1080, Loss: 5.751474380493164
Test acc: 0.0067, IC acc: 0.0063, IC acc2: 0.0029, IW acc: 0.0039
Epoch: 1081, Loss: 5.750887393951416
Epoch: 1082, Loss: 5.751657009124756
Epoch: 1083, Loss: 5.7650651931762695
Epoch: 1084, Loss: 5.753228187561035
Epoch: 1085, Loss: 5.753798961639404
Epoch: 1086, Loss: 5.7455244064331055
Epoch: 1087, Loss: 5.769092559814453
Epoch: 1088, Loss: 5.7491960525512695
Epoch: 1089, Loss: 5.752318382263184
Epoch: 1090, Loss: 5.756092548370361
Test acc: 0.0067, IC acc: 0.0065, IC acc2: 0.0028, IW acc: 0.0037
Epoch: 1091, Loss: 5.7572221755981445
Epoch: 1092, Loss: 5.750566482543945
Epoch: 1093, Loss: 5.765014171600342
Epoch: 1094, Loss: 5.752779960632324
Epoch: 1095, Loss: 5.7484941482543945
Epoch: 1096, Loss: 5.752498626708984
Epoch: 1097, Loss: 5.754732131958008
Epoch: 1098, Loss: 5.750956058502197
Epoch: 1099, Loss: 5.736734390258789
./circuit_plots/Unrestricted Disentangled|Readout|CN=2|B0=0|B1=0|K=1280|L=320|p_B=0.75|p_C=0.75|B=2|eps=0|b4755c15-ae1c-4b25-96c8-f3c68ba4e0ec/ already exists.
./circuit_plots/Unrestricted Disentangled|Readout|CN=2|B0=0|B1=0|K=1280|L=320|p_B=0.75|p_C=0.75|B=2|eps=0|b4755c15-ae1c-4b25-96c8-f3c68ba4e0ec/ already exists.
./circuit_plots/Unrestricted Disentangled|Readout|CN=2|B0=0|B1=0|K=1280|L=320|p_B=0.75|p_C=0.75|B=2|eps=0|b4755c15-ae1c-4b25-96c8-f3c68ba4e0ec/ already exists.
./circuit_plots/Unrestricted Disentangled|Readout|CN=2|B0=0|B1=0|K=1280|L=320|p_B=0.75|p_C=0.75|B=2|eps=0|b4755c15-ae1c-4b25-96c8-f3c68ba4e0ec/ already exists.
./circuit_plots/Unrestricted Disentangled|Readout|CN=2|B0=0|B1=0|K=1280|L=320|p_B=0.75|p_C=0.75|B=2|eps=0|b4755c15-ae1c-4b25-96c8-f3c68ba4e0ec/ already exists.
./circuit_plots/Unrestricted Disentangled|Readout|CN=2|B0=0|B1=0|K=1280|L=320|p_B=0.75|p_C=0.75|B=2|eps=0|b4755c15-ae1c-4b25-96c8-f3c68ba4e0ec/ already exists.
./circuit_plots/Unrestricted Disentangled|Readout|CN=2|B0=0|B1=0|K=1280|L=320|p_B=0.75|p_C=0.75|B=2|eps=0|b4755c15-ae1c-4b25-96c8-f3c68ba4e0ec/ already exists.
Epoch: 1100, Loss: 5.768145561218262
Test acc: 0.0067, IC acc: 0.0064, IC acc2: 0.0029, IW acc: 0.0038
Epoch: 1101, Loss: 5.760582447052002
Epoch: 1102, Loss: 5.759228706359863
Epoch: 1103, Loss: 5.755305290222168
Epoch: 1104, Loss: 5.746059894561768
Epoch: 1105, Loss: 5.769968032836914
Epoch: 1106, Loss: 5.753273010253906
Epoch: 1107, Loss: 5.7628326416015625
Epoch: 1108, Loss: 5.745950222015381
Epoch: 1109, Loss: 5.75241756439209
Epoch: 1110, Loss: 5.751248359680176
Test acc: 0.0067, IC acc: 0.0064, IC acc2: 0.0029, IW acc: 0.0038
Epoch: 1111, Loss: 5.745395660400391
Epoch: 1112, Loss: 5.752096176147461
Epoch: 1113, Loss: 5.759077548980713
Epoch: 1114, Loss: 5.743431091308594
Epoch: 1115, Loss: 5.757202625274658
Epoch: 1116, Loss: 5.746503829956055
Epoch: 1117, Loss: 5.745593070983887
Epoch: 1118, Loss: 5.753296375274658
Epoch: 1119, Loss: 5.745939254760742
Epoch: 1120, Loss: 5.752896308898926
Test acc: 0.0068, IC acc: 0.0064, IC acc2: 0.0028, IW acc: 0.0039
Epoch: 1121, Loss: 5.75380802154541
Epoch: 1122, Loss: 5.7563042640686035
Epoch: 1123, Loss: 5.750960350036621
Epoch: 1124, Loss: 5.7466535568237305
Epoch: 1125, Loss: 5.750204086303711
Epoch: 1126, Loss: 5.750115871429443
Epoch: 1127, Loss: 5.761653900146484
Epoch: 1128, Loss: 5.7479248046875
Epoch: 1129, Loss: 5.744447231292725
Epoch: 1130, Loss: 5.747337341308594
Test acc: 0.0067, IC acc: 0.0066, IC acc2: 0.0028, IW acc: 0.0038
Epoch: 1131, Loss: 5.754502296447754
Epoch: 1132, Loss: 5.736869812011719
Epoch: 1133, Loss: 5.7489166259765625
Epoch: 1134, Loss: 5.775940895080566
Epoch: 1135, Loss: 5.743997573852539
Epoch: 1136, Loss: 5.745502471923828
Epoch: 1137, Loss: 5.732640743255615
Epoch: 1138, Loss: 5.743321418762207
Epoch: 1139, Loss: 5.76771879196167
Epoch: 1140, Loss: 5.748373985290527
Test acc: 0.0067, IC acc: 0.0067, IC acc2: 0.0028, IW acc: 0.0037
Epoch: 1141, Loss: 5.7612714767456055
Epoch: 1142, Loss: 5.752027988433838
Epoch: 1143, Loss: 5.754279136657715
Epoch: 1144, Loss: 5.749878883361816
Epoch: 1145, Loss: 5.750303268432617
Epoch: 1146, Loss: 5.748335838317871
Epoch: 1147, Loss: 5.750864028930664
Epoch: 1148, Loss: 5.756448268890381
Epoch: 1149, Loss: 5.745028972625732
./circuit_plots/Unrestricted Disentangled|Readout|CN=2|B0=0|B1=0|K=1280|L=320|p_B=0.75|p_C=0.75|B=2|eps=0|b4755c15-ae1c-4b25-96c8-f3c68ba4e0ec/ already exists.
./circuit_plots/Unrestricted Disentangled|Readout|CN=2|B0=0|B1=0|K=1280|L=320|p_B=0.75|p_C=0.75|B=2|eps=0|b4755c15-ae1c-4b25-96c8-f3c68ba4e0ec/ already exists.
./circuit_plots/Unrestricted Disentangled|Readout|CN=2|B0=0|B1=0|K=1280|L=320|p_B=0.75|p_C=0.75|B=2|eps=0|b4755c15-ae1c-4b25-96c8-f3c68ba4e0ec/ already exists.
./circuit_plots/Unrestricted Disentangled|Readout|CN=2|B0=0|B1=0|K=1280|L=320|p_B=0.75|p_C=0.75|B=2|eps=0|b4755c15-ae1c-4b25-96c8-f3c68ba4e0ec/ already exists.
./circuit_plots/Unrestricted Disentangled|Readout|CN=2|B0=0|B1=0|K=1280|L=320|p_B=0.75|p_C=0.75|B=2|eps=0|b4755c15-ae1c-4b25-96c8-f3c68ba4e0ec/ already exists.
./circuit_plots/Unrestricted Disentangled|Readout|CN=2|B0=0|B1=0|K=1280|L=320|p_B=0.75|p_C=0.75|B=2|eps=0|b4755c15-ae1c-4b25-96c8-f3c68ba4e0ec/ already exists.
./circuit_plots/Unrestricted Disentangled|Readout|CN=2|B0=0|B1=0|K=1280|L=320|p_B=0.75|p_C=0.75|B=2|eps=0|b4755c15-ae1c-4b25-96c8-f3c68ba4e0ec/ already exists.
Epoch: 1150, Loss: 5.753776550292969
Test acc: 0.0068, IC acc: 0.0067, IC acc2: 0.0028, IW acc: 0.0037
Epoch: 1151, Loss: 5.74915885925293
Epoch: 1152, Loss: 5.75330924987793
Epoch: 1153, Loss: 5.7479119300842285
Epoch: 1154, Loss: 5.740920066833496
Epoch: 1155, Loss: 5.750544548034668
Epoch: 1156, Loss: 5.747526168823242
Epoch: 1157, Loss: 5.752443790435791
Epoch: 1158, Loss: 5.755650997161865
Epoch: 1159, Loss: 5.745293617248535
Epoch: 1160, Loss: 5.754532814025879
Test acc: 0.0068, IC acc: 0.0068, IC acc2: 0.0029, IW acc: 0.0037
Epoch: 1161, Loss: 5.736989498138428
Epoch: 1162, Loss: 5.743858337402344
Epoch: 1163, Loss: 5.754493713378906
Epoch: 1164, Loss: 5.739712238311768
Epoch: 1165, Loss: 5.753937721252441
Epoch: 1166, Loss: 5.747909069061279
Epoch: 1167, Loss: 5.747582912445068
Epoch: 1168, Loss: 5.72666072845459
Epoch: 1169, Loss: 5.761964321136475
Epoch: 1170, Loss: 5.749871253967285
Test acc: 0.0068, IC acc: 0.0068, IC acc2: 0.0029, IW acc: 0.0037
Epoch: 1171, Loss: 5.76329231262207
Epoch: 1172, Loss: 5.762485504150391
Epoch: 1173, Loss: 5.749835014343262
Epoch: 1174, Loss: 5.752602577209473
Epoch: 1175, Loss: 5.748178958892822
Epoch: 1176, Loss: 5.762150287628174
Epoch: 1177, Loss: 5.744800567626953
Epoch: 1178, Loss: 5.746070861816406
Epoch: 1179, Loss: 5.754623889923096
Epoch: 1180, Loss: 5.76064920425415
Test acc: 0.0069, IC acc: 0.0068, IC acc2: 0.0029, IW acc: 0.0036
Epoch: 1181, Loss: 5.750716209411621
Epoch: 1182, Loss: 5.742467403411865
Epoch: 1183, Loss: 5.747747421264648
Epoch: 1184, Loss: 5.758998870849609
Epoch: 1185, Loss: 5.7510175704956055
Epoch: 1186, Loss: 5.75349235534668
Epoch: 1187, Loss: 5.7581353187561035
Epoch: 1188, Loss: 5.763606071472168
Epoch: 1189, Loss: 5.758517742156982
Epoch: 1190, Loss: 5.745809555053711
Test acc: 0.007, IC acc: 0.0068, IC acc2: 0.0029, IW acc: 0.0038
Epoch: 1191, Loss: 5.752997398376465
Epoch: 1192, Loss: 5.748139381408691
Epoch: 1193, Loss: 5.759021759033203
Epoch: 1194, Loss: 5.747440338134766
Epoch: 1195, Loss: 5.769714832305908
Epoch: 1196, Loss: 5.756117820739746
Epoch: 1197, Loss: 5.763392448425293
Epoch: 1198, Loss: 5.75508451461792
Epoch: 1199, Loss: 5.7415852546691895
./circuit_plots/Unrestricted Disentangled|Readout|CN=2|B0=0|B1=0|K=1280|L=320|p_B=0.75|p_C=0.75|B=2|eps=0|b4755c15-ae1c-4b25-96c8-f3c68ba4e0ec/ already exists.
./circuit_plots/Unrestricted Disentangled|Readout|CN=2|B0=0|B1=0|K=1280|L=320|p_B=0.75|p_C=0.75|B=2|eps=0|b4755c15-ae1c-4b25-96c8-f3c68ba4e0ec/ already exists.
./circuit_plots/Unrestricted Disentangled|Readout|CN=2|B0=0|B1=0|K=1280|L=320|p_B=0.75|p_C=0.75|B=2|eps=0|b4755c15-ae1c-4b25-96c8-f3c68ba4e0ec/ already exists.
./circuit_plots/Unrestricted Disentangled|Readout|CN=2|B0=0|B1=0|K=1280|L=320|p_B=0.75|p_C=0.75|B=2|eps=0|b4755c15-ae1c-4b25-96c8-f3c68ba4e0ec/ already exists.
./circuit_plots/Unrestricted Disentangled|Readout|CN=2|B0=0|B1=0|K=1280|L=320|p_B=0.75|p_C=0.75|B=2|eps=0|b4755c15-ae1c-4b25-96c8-f3c68ba4e0ec/ already exists.
./circuit_plots/Unrestricted Disentangled|Readout|CN=2|B0=0|B1=0|K=1280|L=320|p_B=0.75|p_C=0.75|B=2|eps=0|b4755c15-ae1c-4b25-96c8-f3c68ba4e0ec/ already exists.
./circuit_plots/Unrestricted Disentangled|Readout|CN=2|B0=0|B1=0|K=1280|L=320|p_B=0.75|p_C=0.75|B=2|eps=0|b4755c15-ae1c-4b25-96c8-f3c68ba4e0ec/ already exists.
Epoch: 1200, Loss: 5.758607387542725
Test acc: 0.007, IC acc: 0.0068, IC acc2: 0.0029, IW acc: 0.0038
Epoch: 1201, Loss: 5.750483512878418
Epoch: 1202, Loss: 5.758903980255127
Epoch: 1203, Loss: 5.746582984924316
Epoch: 1204, Loss: 5.742212295532227
Epoch: 1205, Loss: 5.76350212097168
Epoch: 1206, Loss: 5.758005142211914
Epoch: 1207, Loss: 5.739993572235107
Epoch: 1208, Loss: 5.771938323974609
Epoch: 1209, Loss: 5.7385077476501465
Epoch: 1210, Loss: 5.755539894104004
Test acc: 0.007, IC acc: 0.007, IC acc2: 0.0029, IW acc: 0.0039
Epoch: 1211, Loss: 5.741646766662598
Epoch: 1212, Loss: 5.752562522888184
Epoch: 1213, Loss: 5.74981164932251
Epoch: 1214, Loss: 5.753992080688477
Epoch: 1215, Loss: 5.755911827087402
Epoch: 1216, Loss: 5.757533073425293
Epoch: 1217, Loss: 5.7477874755859375
Epoch: 1218, Loss: 5.756182670593262
Epoch: 1219, Loss: 5.758442401885986
Epoch: 1220, Loss: 5.745667457580566
Test acc: 0.007, IC acc: 0.0071, IC acc2: 0.0029, IW acc: 0.0039
Epoch: 1221, Loss: 5.7531304359436035
Epoch: 1222, Loss: 5.768811225891113
Epoch: 1223, Loss: 5.743310451507568
Epoch: 1224, Loss: 5.752691268920898
Epoch: 1225, Loss: 5.758790016174316
Epoch: 1226, Loss: 5.754539489746094
Epoch: 1227, Loss: 5.759951114654541
Epoch: 1228, Loss: 5.753749370574951
Epoch: 1229, Loss: 5.754965782165527
Epoch: 1230, Loss: 5.741628646850586
Test acc: 0.007, IC acc: 0.0072, IC acc2: 0.0029, IW acc: 0.0039
Epoch: 1231, Loss: 5.755558013916016
Epoch: 1232, Loss: 5.737614631652832
Epoch: 1233, Loss: 5.7513885498046875
Epoch: 1234, Loss: 5.75508975982666
Epoch: 1235, Loss: 5.7639594078063965
Epoch: 1236, Loss: 5.7570695877075195
Epoch: 1237, Loss: 5.748030662536621
Epoch: 1238, Loss: 5.768619537353516
Epoch: 1239, Loss: 5.759288787841797
Epoch: 1240, Loss: 5.74193000793457
Test acc: 0.0072, IC acc: 0.0072, IC acc2: 0.0029, IW acc: 0.0039
Epoch: 1241, Loss: 5.767157554626465
Epoch: 1242, Loss: 5.753289222717285
Epoch: 1243, Loss: 5.764012336730957
Epoch: 1244, Loss: 5.757588863372803
Epoch: 1245, Loss: 5.755867958068848
Epoch: 1246, Loss: 5.757129192352295
Epoch: 1247, Loss: 5.75410270690918
Epoch: 1248, Loss: 5.7482404708862305
Epoch: 1249, Loss: 5.755924224853516
./circuit_plots/Unrestricted Disentangled|Readout|CN=2|B0=0|B1=0|K=1280|L=320|p_B=0.75|p_C=0.75|B=2|eps=0|b4755c15-ae1c-4b25-96c8-f3c68ba4e0ec/ already exists.
./circuit_plots/Unrestricted Disentangled|Readout|CN=2|B0=0|B1=0|K=1280|L=320|p_B=0.75|p_C=0.75|B=2|eps=0|b4755c15-ae1c-4b25-96c8-f3c68ba4e0ec/ already exists.
./circuit_plots/Unrestricted Disentangled|Readout|CN=2|B0=0|B1=0|K=1280|L=320|p_B=0.75|p_C=0.75|B=2|eps=0|b4755c15-ae1c-4b25-96c8-f3c68ba4e0ec/ already exists.
./circuit_plots/Unrestricted Disentangled|Readout|CN=2|B0=0|B1=0|K=1280|L=320|p_B=0.75|p_C=0.75|B=2|eps=0|b4755c15-ae1c-4b25-96c8-f3c68ba4e0ec/ already exists.
./circuit_plots/Unrestricted Disentangled|Readout|CN=2|B0=0|B1=0|K=1280|L=320|p_B=0.75|p_C=0.75|B=2|eps=0|b4755c15-ae1c-4b25-96c8-f3c68ba4e0ec/ already exists.
./circuit_plots/Unrestricted Disentangled|Readout|CN=2|B0=0|B1=0|K=1280|L=320|p_B=0.75|p_C=0.75|B=2|eps=0|b4755c15-ae1c-4b25-96c8-f3c68ba4e0ec/ already exists.
./circuit_plots/Unrestricted Disentangled|Readout|CN=2|B0=0|B1=0|K=1280|L=320|p_B=0.75|p_C=0.75|B=2|eps=0|b4755c15-ae1c-4b25-96c8-f3c68ba4e0ec/ already exists.
Epoch: 1250, Loss: 5.761773109436035
Test acc: 0.0072, IC acc: 0.0072, IC acc2: 0.0029, IW acc: 0.0039
Epoch: 1251, Loss: 5.7588348388671875
Epoch: 1252, Loss: 5.7596588134765625
Epoch: 1253, Loss: 5.752839088439941
Epoch: 1254, Loss: 5.750240802764893
Epoch: 1255, Loss: 5.758048057556152
Epoch: 1256, Loss: 5.7357306480407715
Epoch: 1257, Loss: 5.72810173034668
Epoch: 1258, Loss: 5.741673469543457
Epoch: 1259, Loss: 5.75184440612793
Epoch: 1260, Loss: 5.758792877197266
Test acc: 0.0073, IC acc: 0.0072, IC acc2: 0.0028, IW acc: 0.0039
Epoch: 1261, Loss: 5.742055416107178
Epoch: 1262, Loss: 5.762250900268555
Epoch: 1263, Loss: 5.753101348876953
Epoch: 1264, Loss: 5.757477760314941
Epoch: 1265, Loss: 5.7432026863098145
Epoch: 1266, Loss: 5.747276782989502
Epoch: 1267, Loss: 5.758981704711914
Epoch: 1268, Loss: 5.760597229003906
Epoch: 1269, Loss: 5.7443037033081055
Epoch: 1270, Loss: 5.758561134338379
Test acc: 0.0075, IC acc: 0.0072, IC acc2: 0.0029, IW acc: 0.0039
Epoch: 1271, Loss: 5.7509260177612305
Epoch: 1272, Loss: 5.755430221557617
Epoch: 1273, Loss: 5.760474681854248
Epoch: 1274, Loss: 5.740715026855469
Epoch: 1275, Loss: 5.756701469421387
Epoch: 1276, Loss: 5.76172399520874
Epoch: 1277, Loss: 5.75307559967041
Epoch: 1278, Loss: 5.741247177124023
Epoch: 1279, Loss: 5.751090049743652
Epoch: 1280, Loss: 5.743278503417969
Test acc: 0.0073, IC acc: 0.0072, IC acc2: 0.0028, IW acc: 0.0039
Epoch: 1281, Loss: 5.743709564208984
Epoch: 1282, Loss: 5.752023696899414
Epoch: 1283, Loss: 5.75009822845459
Epoch: 1284, Loss: 5.749898910522461
Epoch: 1285, Loss: 5.765978813171387
Epoch: 1286, Loss: 5.746217727661133
Epoch: 1287, Loss: 5.746375560760498
Epoch: 1288, Loss: 5.754575729370117
Epoch: 1289, Loss: 5.7512969970703125
Epoch: 1290, Loss: 5.752785682678223
Test acc: 0.0075, IC acc: 0.0072, IC acc2: 0.0027, IW acc: 0.004
Epoch: 1291, Loss: 5.75493860244751
Epoch: 1292, Loss: 5.751063823699951
Epoch: 1293, Loss: 5.753215789794922
Epoch: 1294, Loss: 5.741754055023193
Epoch: 1295, Loss: 5.743081569671631
Epoch: 1296, Loss: 5.7390336990356445
Epoch: 1297, Loss: 5.738662242889404
Epoch: 1298, Loss: 5.772006988525391
Epoch: 1299, Loss: 5.754331588745117
./circuit_plots/Unrestricted Disentangled|Readout|CN=2|B0=0|B1=0|K=1280|L=320|p_B=0.75|p_C=0.75|B=2|eps=0|b4755c15-ae1c-4b25-96c8-f3c68ba4e0ec/ already exists.
./circuit_plots/Unrestricted Disentangled|Readout|CN=2|B0=0|B1=0|K=1280|L=320|p_B=0.75|p_C=0.75|B=2|eps=0|b4755c15-ae1c-4b25-96c8-f3c68ba4e0ec/ already exists.
./circuit_plots/Unrestricted Disentangled|Readout|CN=2|B0=0|B1=0|K=1280|L=320|p_B=0.75|p_C=0.75|B=2|eps=0|b4755c15-ae1c-4b25-96c8-f3c68ba4e0ec/ already exists.
./circuit_plots/Unrestricted Disentangled|Readout|CN=2|B0=0|B1=0|K=1280|L=320|p_B=0.75|p_C=0.75|B=2|eps=0|b4755c15-ae1c-4b25-96c8-f3c68ba4e0ec/ already exists.
./circuit_plots/Unrestricted Disentangled|Readout|CN=2|B0=0|B1=0|K=1280|L=320|p_B=0.75|p_C=0.75|B=2|eps=0|b4755c15-ae1c-4b25-96c8-f3c68ba4e0ec/ already exists.
./circuit_plots/Unrestricted Disentangled|Readout|CN=2|B0=0|B1=0|K=1280|L=320|p_B=0.75|p_C=0.75|B=2|eps=0|b4755c15-ae1c-4b25-96c8-f3c68ba4e0ec/ already exists.
./circuit_plots/Unrestricted Disentangled|Readout|CN=2|B0=0|B1=0|K=1280|L=320|p_B=0.75|p_C=0.75|B=2|eps=0|b4755c15-ae1c-4b25-96c8-f3c68ba4e0ec/ already exists.
Epoch: 1300, Loss: 5.755962371826172
Test acc: 0.0076, IC acc: 0.0072, IC acc2: 0.0027, IW acc: 0.004
Epoch: 1301, Loss: 5.743546485900879
Epoch: 1302, Loss: 5.74237585067749
Epoch: 1303, Loss: 5.744655132293701
Epoch: 1304, Loss: 5.756922721862793
Epoch: 1305, Loss: 5.751863479614258
Epoch: 1306, Loss: 5.733687400817871
Epoch: 1307, Loss: 5.745670318603516
Epoch: 1308, Loss: 5.751401901245117
Epoch: 1309, Loss: 5.745021820068359
Epoch: 1310, Loss: 5.736755847930908
Test acc: 0.0076, IC acc: 0.0072, IC acc2: 0.0027, IW acc: 0.004
Epoch: 1311, Loss: 5.744656085968018
Epoch: 1312, Loss: 5.755532264709473
Epoch: 1313, Loss: 5.744583606719971
Epoch: 1314, Loss: 5.745269775390625
Epoch: 1315, Loss: 5.751029968261719
Epoch: 1316, Loss: 5.763110160827637
Epoch: 1317, Loss: 5.750634670257568
Epoch: 1318, Loss: 5.752967834472656
Epoch: 1319, Loss: 5.746882438659668
Epoch: 1320, Loss: 5.756231784820557
Test acc: 0.0075, IC acc: 0.0072, IC acc2: 0.0028, IW acc: 0.004
Epoch: 1321, Loss: 5.7443695068359375
Epoch: 1322, Loss: 5.746199607849121
Epoch: 1323, Loss: 5.744473457336426
Epoch: 1324, Loss: 5.747433662414551
Epoch: 1325, Loss: 5.753950119018555
Epoch: 1326, Loss: 5.748505592346191
Epoch: 1327, Loss: 5.732388496398926
Epoch: 1328, Loss: 5.744710445404053
Epoch: 1329, Loss: 5.754822731018066
Epoch: 1330, Loss: 5.760134696960449
Test acc: 0.0077, IC acc: 0.0073, IC acc2: 0.0029, IW acc: 0.004
Epoch: 1331, Loss: 5.746367454528809
Epoch: 1332, Loss: 5.7477922439575195
Epoch: 1333, Loss: 5.747154235839844
Epoch: 1334, Loss: 5.750115394592285
Epoch: 1335, Loss: 5.748790740966797
Epoch: 1336, Loss: 5.727766990661621
Epoch: 1337, Loss: 5.733524799346924
Epoch: 1338, Loss: 5.739231109619141
Epoch: 1339, Loss: 5.743210315704346
Epoch: 1340, Loss: 5.758946895599365
Test acc: 0.0076, IC acc: 0.0073, IC acc2: 0.0028, IW acc: 0.004
Epoch: 1341, Loss: 5.756580829620361
Epoch: 1342, Loss: 5.743450164794922
Epoch: 1343, Loss: 5.73817253112793
Epoch: 1344, Loss: 5.738961219787598
Epoch: 1345, Loss: 5.742006301879883
Epoch: 1346, Loss: 5.748273849487305
Epoch: 1347, Loss: 5.752176761627197
Epoch: 1348, Loss: 5.760246753692627
Epoch: 1349, Loss: 5.746075630187988
./circuit_plots/Unrestricted Disentangled|Readout|CN=2|B0=0|B1=0|K=1280|L=320|p_B=0.75|p_C=0.75|B=2|eps=0|b4755c15-ae1c-4b25-96c8-f3c68ba4e0ec/ already exists.
./circuit_plots/Unrestricted Disentangled|Readout|CN=2|B0=0|B1=0|K=1280|L=320|p_B=0.75|p_C=0.75|B=2|eps=0|b4755c15-ae1c-4b25-96c8-f3c68ba4e0ec/ already exists.
./circuit_plots/Unrestricted Disentangled|Readout|CN=2|B0=0|B1=0|K=1280|L=320|p_B=0.75|p_C=0.75|B=2|eps=0|b4755c15-ae1c-4b25-96c8-f3c68ba4e0ec/ already exists.
./circuit_plots/Unrestricted Disentangled|Readout|CN=2|B0=0|B1=0|K=1280|L=320|p_B=0.75|p_C=0.75|B=2|eps=0|b4755c15-ae1c-4b25-96c8-f3c68ba4e0ec/ already exists.
./circuit_plots/Unrestricted Disentangled|Readout|CN=2|B0=0|B1=0|K=1280|L=320|p_B=0.75|p_C=0.75|B=2|eps=0|b4755c15-ae1c-4b25-96c8-f3c68ba4e0ec/ already exists.
./circuit_plots/Unrestricted Disentangled|Readout|CN=2|B0=0|B1=0|K=1280|L=320|p_B=0.75|p_C=0.75|B=2|eps=0|b4755c15-ae1c-4b25-96c8-f3c68ba4e0ec/ already exists.
./circuit_plots/Unrestricted Disentangled|Readout|CN=2|B0=0|B1=0|K=1280|L=320|p_B=0.75|p_C=0.75|B=2|eps=0|b4755c15-ae1c-4b25-96c8-f3c68ba4e0ec/ already exists.
Epoch: 1350, Loss: 5.752432823181152
Test acc: 0.0076, IC acc: 0.0073, IC acc2: 0.0028, IW acc: 0.004
Epoch: 1351, Loss: 5.739801406860352
Epoch: 1352, Loss: 5.761600971221924
Epoch: 1353, Loss: 5.754103660583496
Epoch: 1354, Loss: 5.755155563354492
Epoch: 1355, Loss: 5.743834495544434
Epoch: 1356, Loss: 5.75228214263916
Epoch: 1357, Loss: 5.760648250579834
Epoch: 1358, Loss: 5.735404968261719
Epoch: 1359, Loss: 5.755405902862549
Epoch: 1360, Loss: 5.75411319732666
Test acc: 0.0076, IC acc: 0.0073, IC acc2: 0.0028, IW acc: 0.004
Epoch: 1361, Loss: 5.765711784362793
Epoch: 1362, Loss: 5.745921611785889
Epoch: 1363, Loss: 5.746501922607422
Epoch: 1364, Loss: 5.753029823303223
Epoch: 1365, Loss: 5.738341331481934
Epoch: 1366, Loss: 5.752762317657471
Epoch: 1367, Loss: 5.767369747161865
Epoch: 1368, Loss: 5.755988121032715
Epoch: 1369, Loss: 5.7600297927856445
Epoch: 1370, Loss: 5.745663642883301
Test acc: 0.0077, IC acc: 0.0073, IC acc2: 0.0028, IW acc: 0.004
Epoch: 1371, Loss: 5.757232189178467
Epoch: 1372, Loss: 5.747433185577393
Epoch: 1373, Loss: 5.747320652008057
Epoch: 1374, Loss: 5.735847473144531
Epoch: 1375, Loss: 5.757603645324707
Epoch: 1376, Loss: 5.7634735107421875
Epoch: 1377, Loss: 5.738670349121094
Epoch: 1378, Loss: 5.745105743408203
Epoch: 1379, Loss: 5.7554707527160645
Epoch: 1380, Loss: 5.762543678283691
Test acc: 0.0077, IC acc: 0.0073, IC acc2: 0.0028, IW acc: 0.004
Epoch: 1381, Loss: 5.748249530792236
Epoch: 1382, Loss: 5.733428955078125
Epoch: 1383, Loss: 5.723776340484619
Epoch: 1384, Loss: 5.755276203155518
Epoch: 1385, Loss: 5.757751941680908
Epoch: 1386, Loss: 5.764044284820557
Epoch: 1387, Loss: 5.743809700012207
Epoch: 1388, Loss: 5.750879764556885
Epoch: 1389, Loss: 5.752343654632568
Epoch: 1390, Loss: 5.747359275817871
Test acc: 0.0078, IC acc: 0.0073, IC acc2: 0.0028, IW acc: 0.004
Epoch: 1391, Loss: 5.737490177154541
Epoch: 1392, Loss: 5.761969089508057
Epoch: 1393, Loss: 5.757391929626465
Epoch: 1394, Loss: 5.747062683105469
Epoch: 1395, Loss: 5.747023582458496
Epoch: 1396, Loss: 5.746175289154053
Epoch: 1397, Loss: 5.760802745819092
Epoch: 1398, Loss: 5.748360633850098
Epoch: 1399, Loss: 5.757717132568359
./circuit_plots/Unrestricted Disentangled|Readout|CN=2|B0=0|B1=0|K=1280|L=320|p_B=0.75|p_C=0.75|B=2|eps=0|b4755c15-ae1c-4b25-96c8-f3c68ba4e0ec/ already exists.
./circuit_plots/Unrestricted Disentangled|Readout|CN=2|B0=0|B1=0|K=1280|L=320|p_B=0.75|p_C=0.75|B=2|eps=0|b4755c15-ae1c-4b25-96c8-f3c68ba4e0ec/ already exists.
./circuit_plots/Unrestricted Disentangled|Readout|CN=2|B0=0|B1=0|K=1280|L=320|p_B=0.75|p_C=0.75|B=2|eps=0|b4755c15-ae1c-4b25-96c8-f3c68ba4e0ec/ already exists.
./circuit_plots/Unrestricted Disentangled|Readout|CN=2|B0=0|B1=0|K=1280|L=320|p_B=0.75|p_C=0.75|B=2|eps=0|b4755c15-ae1c-4b25-96c8-f3c68ba4e0ec/ already exists.
./circuit_plots/Unrestricted Disentangled|Readout|CN=2|B0=0|B1=0|K=1280|L=320|p_B=0.75|p_C=0.75|B=2|eps=0|b4755c15-ae1c-4b25-96c8-f3c68ba4e0ec/ already exists.
./circuit_plots/Unrestricted Disentangled|Readout|CN=2|B0=0|B1=0|K=1280|L=320|p_B=0.75|p_C=0.75|B=2|eps=0|b4755c15-ae1c-4b25-96c8-f3c68ba4e0ec/ already exists.
./circuit_plots/Unrestricted Disentangled|Readout|CN=2|B0=0|B1=0|K=1280|L=320|p_B=0.75|p_C=0.75|B=2|eps=0|b4755c15-ae1c-4b25-96c8-f3c68ba4e0ec/ already exists.
Epoch: 1400, Loss: 5.74729061126709
Test acc: 0.0077, IC acc: 0.0073, IC acc2: 0.0028, IW acc: 0.004
Epoch: 1401, Loss: 5.7519612312316895
Epoch: 1402, Loss: 5.743400573730469
Epoch: 1403, Loss: 5.759037494659424
Epoch: 1404, Loss: 5.746023178100586
Epoch: 1405, Loss: 5.745108604431152
Epoch: 1406, Loss: 5.744840621948242
Epoch: 1407, Loss: 5.737497329711914
Epoch: 1408, Loss: 5.751399993896484
Epoch: 1409, Loss: 5.740624904632568
Epoch: 1410, Loss: 5.741058349609375
Test acc: 0.0077, IC acc: 0.0073, IC acc2: 0.0028, IW acc: 0.004
Epoch: 1411, Loss: 5.745102882385254
Epoch: 1412, Loss: 5.761871337890625
Epoch: 1413, Loss: 5.742880344390869
Epoch: 1414, Loss: 5.737522602081299
Epoch: 1415, Loss: 5.748723030090332
Epoch: 1416, Loss: 5.740677833557129
Epoch: 1417, Loss: 5.761686325073242
Epoch: 1418, Loss: 5.7463226318359375
Epoch: 1419, Loss: 5.751707077026367
Epoch: 1420, Loss: 5.743078231811523
Test acc: 0.0077, IC acc: 0.0074, IC acc2: 0.0029, IW acc: 0.004
Epoch: 1421, Loss: 5.733216285705566
Epoch: 1422, Loss: 5.754562854766846
Epoch: 1423, Loss: 5.7534894943237305
Epoch: 1424, Loss: 5.755969047546387
Epoch: 1425, Loss: 5.743923187255859
Epoch: 1426, Loss: 5.753271102905273
Epoch: 1427, Loss: 5.746018409729004
Epoch: 1428, Loss: 5.738439559936523
Epoch: 1429, Loss: 5.7532854080200195
Epoch: 1430, Loss: 5.732648849487305
Test acc: 0.0077, IC acc: 0.0074, IC acc2: 0.0029, IW acc: 0.004
Epoch: 1431, Loss: 5.754181861877441
Epoch: 1432, Loss: 5.754096984863281
Epoch: 1433, Loss: 5.753706455230713
Epoch: 1434, Loss: 5.7501091957092285
Epoch: 1435, Loss: 5.747282028198242
Epoch: 1436, Loss: 5.753032684326172
Epoch: 1437, Loss: 5.756947040557861
Epoch: 1438, Loss: 5.754321098327637
Epoch: 1439, Loss: 5.744248390197754
Epoch: 1440, Loss: 5.754138946533203
Test acc: 0.0077, IC acc: 0.0075, IC acc2: 0.0028, IW acc: 0.004
Epoch: 1441, Loss: 5.742908477783203
Epoch: 1442, Loss: 5.746529579162598
Epoch: 1443, Loss: 5.761749267578125
Epoch: 1444, Loss: 5.751665115356445
Epoch: 1445, Loss: 5.766336441040039
Epoch: 1446, Loss: 5.761815547943115
Epoch: 1447, Loss: 5.759018898010254
Epoch: 1448, Loss: 5.756342887878418
Epoch: 1449, Loss: 5.7413434982299805
./circuit_plots/Unrestricted Disentangled|Readout|CN=2|B0=0|B1=0|K=1280|L=320|p_B=0.75|p_C=0.75|B=2|eps=0|b4755c15-ae1c-4b25-96c8-f3c68ba4e0ec/ already exists.
./circuit_plots/Unrestricted Disentangled|Readout|CN=2|B0=0|B1=0|K=1280|L=320|p_B=0.75|p_C=0.75|B=2|eps=0|b4755c15-ae1c-4b25-96c8-f3c68ba4e0ec/ already exists.
./circuit_plots/Unrestricted Disentangled|Readout|CN=2|B0=0|B1=0|K=1280|L=320|p_B=0.75|p_C=0.75|B=2|eps=0|b4755c15-ae1c-4b25-96c8-f3c68ba4e0ec/ already exists.
./circuit_plots/Unrestricted Disentangled|Readout|CN=2|B0=0|B1=0|K=1280|L=320|p_B=0.75|p_C=0.75|B=2|eps=0|b4755c15-ae1c-4b25-96c8-f3c68ba4e0ec/ already exists.
./circuit_plots/Unrestricted Disentangled|Readout|CN=2|B0=0|B1=0|K=1280|L=320|p_B=0.75|p_C=0.75|B=2|eps=0|b4755c15-ae1c-4b25-96c8-f3c68ba4e0ec/ already exists.
./circuit_plots/Unrestricted Disentangled|Readout|CN=2|B0=0|B1=0|K=1280|L=320|p_B=0.75|p_C=0.75|B=2|eps=0|b4755c15-ae1c-4b25-96c8-f3c68ba4e0ec/ already exists.
./circuit_plots/Unrestricted Disentangled|Readout|CN=2|B0=0|B1=0|K=1280|L=320|p_B=0.75|p_C=0.75|B=2|eps=0|b4755c15-ae1c-4b25-96c8-f3c68ba4e0ec/ already exists.
Epoch: 1450, Loss: 5.740851879119873
Test acc: 0.0077, IC acc: 0.0075, IC acc2: 0.0029, IW acc: 0.004
Epoch: 1451, Loss: 5.74337100982666
Epoch: 1452, Loss: 5.742578983306885
Epoch: 1453, Loss: 5.733978271484375
Epoch: 1454, Loss: 5.730072975158691
Epoch: 1455, Loss: 5.7475762367248535
Epoch: 1456, Loss: 5.7419610023498535
Epoch: 1457, Loss: 5.75331974029541
Epoch: 1458, Loss: 5.744781494140625
Epoch: 1459, Loss: 5.741936683654785
Epoch: 1460, Loss: 5.746137619018555
Test acc: 0.0077, IC acc: 0.0076, IC acc2: 0.0028, IW acc: 0.004
Epoch: 1461, Loss: 5.752143859863281
Epoch: 1462, Loss: 5.754404544830322
Epoch: 1463, Loss: 5.747865676879883
Epoch: 1464, Loss: 5.75000524520874
Epoch: 1465, Loss: 5.740589141845703
Epoch: 1466, Loss: 5.752382278442383
Epoch: 1467, Loss: 5.750204086303711
Epoch: 1468, Loss: 5.7403669357299805
Epoch: 1469, Loss: 5.750926971435547
Epoch: 1470, Loss: 5.75405216217041
Test acc: 0.0077, IC acc: 0.0076, IC acc2: 0.0027, IW acc: 0.004
Epoch: 1471, Loss: 5.746348857879639
Epoch: 1472, Loss: 5.732612609863281
Epoch: 1473, Loss: 5.754490375518799
Epoch: 1474, Loss: 5.74521541595459
Epoch: 1475, Loss: 5.753809452056885
Epoch: 1476, Loss: 5.763502597808838
Epoch: 1477, Loss: 5.743745803833008
Epoch: 1478, Loss: 5.740251541137695
Epoch: 1479, Loss: 5.751354694366455
Epoch: 1480, Loss: 5.735340118408203
Test acc: 0.0078, IC acc: 0.0076, IC acc2: 0.0028, IW acc: 0.0041
Epoch: 1481, Loss: 5.7383036613464355
Epoch: 1482, Loss: 5.7462568283081055
Epoch: 1483, Loss: 5.764377117156982
Epoch: 1484, Loss: 5.739297866821289
Epoch: 1485, Loss: 5.760217666625977
Epoch: 1486, Loss: 5.743523597717285
Epoch: 1487, Loss: 5.751345634460449
Epoch: 1488, Loss: 5.750443935394287
Epoch: 1489, Loss: 5.753084182739258
Epoch: 1490, Loss: 5.736880302429199
Test acc: 0.008, IC acc: 0.0077, IC acc2: 0.0029, IW acc: 0.004
Epoch: 1491, Loss: 5.752109527587891
Epoch: 1492, Loss: 5.75555419921875
Epoch: 1493, Loss: 5.749446868896484
Epoch: 1494, Loss: 5.754730224609375
Epoch: 1495, Loss: 5.727400779724121
Epoch: 1496, Loss: 5.754100322723389
Epoch: 1497, Loss: 5.7422308921813965
Epoch: 1498, Loss: 5.747676849365234
Epoch: 1499, Loss: 5.754727363586426
./circuit_plots/Unrestricted Disentangled|Readout|CN=2|B0=0|B1=0|K=1280|L=320|p_B=0.75|p_C=0.75|B=2|eps=0|b4755c15-ae1c-4b25-96c8-f3c68ba4e0ec/ already exists.
./circuit_plots/Unrestricted Disentangled|Readout|CN=2|B0=0|B1=0|K=1280|L=320|p_B=0.75|p_C=0.75|B=2|eps=0|b4755c15-ae1c-4b25-96c8-f3c68ba4e0ec/ already exists.
./circuit_plots/Unrestricted Disentangled|Readout|CN=2|B0=0|B1=0|K=1280|L=320|p_B=0.75|p_C=0.75|B=2|eps=0|b4755c15-ae1c-4b25-96c8-f3c68ba4e0ec/ already exists.
./circuit_plots/Unrestricted Disentangled|Readout|CN=2|B0=0|B1=0|K=1280|L=320|p_B=0.75|p_C=0.75|B=2|eps=0|b4755c15-ae1c-4b25-96c8-f3c68ba4e0ec/ already exists.
./circuit_plots/Unrestricted Disentangled|Readout|CN=2|B0=0|B1=0|K=1280|L=320|p_B=0.75|p_C=0.75|B=2|eps=0|b4755c15-ae1c-4b25-96c8-f3c68ba4e0ec/ already exists.
./circuit_plots/Unrestricted Disentangled|Readout|CN=2|B0=0|B1=0|K=1280|L=320|p_B=0.75|p_C=0.75|B=2|eps=0|b4755c15-ae1c-4b25-96c8-f3c68ba4e0ec/ already exists.
./circuit_plots/Unrestricted Disentangled|Readout|CN=2|B0=0|B1=0|K=1280|L=320|p_B=0.75|p_C=0.75|B=2|eps=0|b4755c15-ae1c-4b25-96c8-f3c68ba4e0ec/ already exists.
Epoch: 1500, Loss: 5.7436909675598145
Test acc: 0.0079, IC acc: 0.0078, IC acc2: 0.0028, IW acc: 0.004
Epoch: 1501, Loss: 5.758291244506836
Epoch: 1502, Loss: 5.744318962097168
Epoch: 1503, Loss: 5.752793312072754
Epoch: 1504, Loss: 5.747063636779785
Epoch: 1505, Loss: 5.7615251541137695
Epoch: 1506, Loss: 5.749598979949951
Epoch: 1507, Loss: 5.759500026702881
Epoch: 1508, Loss: 5.753273010253906
Epoch: 1509, Loss: 5.7263970375061035
Epoch: 1510, Loss: 5.7361297607421875
Test acc: 0.0082, IC acc: 0.0079, IC acc2: 0.0028, IW acc: 0.0039
Epoch: 1511, Loss: 5.752476692199707
Epoch: 1512, Loss: 5.751795768737793
Epoch: 1513, Loss: 5.745149612426758
Epoch: 1514, Loss: 5.748274326324463
Epoch: 1515, Loss: 5.748213768005371
Epoch: 1516, Loss: 5.737147808074951
Epoch: 1517, Loss: 5.7597808837890625
Epoch: 1518, Loss: 5.735931873321533
Epoch: 1519, Loss: 5.757113933563232
Epoch: 1520, Loss: 5.751650810241699
Test acc: 0.0083, IC acc: 0.0079, IC acc2: 0.0028, IW acc: 0.0039
Epoch: 1521, Loss: 5.747535228729248
Epoch: 1522, Loss: 5.74237060546875
Epoch: 1523, Loss: 5.754271507263184
Epoch: 1524, Loss: 5.7386369705200195
Epoch: 1525, Loss: 5.748227119445801
Epoch: 1526, Loss: 5.753916263580322
Epoch: 1527, Loss: 5.751077651977539
Epoch: 1528, Loss: 5.724336624145508
Epoch: 1529, Loss: 5.735750198364258
Epoch: 1530, Loss: 5.751746654510498
Test acc: 0.0083, IC acc: 0.0078, IC acc2: 0.0028, IW acc: 0.0039
Epoch: 1531, Loss: 5.73358678817749
Epoch: 1532, Loss: 5.748314380645752
Epoch: 1533, Loss: 5.746844291687012
Epoch: 1534, Loss: 5.752000331878662
Epoch: 1535, Loss: 5.748360633850098
Epoch: 1536, Loss: 5.73818302154541
Epoch: 1537, Loss: 5.757349014282227
Epoch: 1538, Loss: 5.750730514526367
Epoch: 1539, Loss: 5.753901958465576
Epoch: 1540, Loss: 5.743869781494141
Test acc: 0.0082, IC acc: 0.008, IC acc2: 0.0029, IW acc: 0.0038
Epoch: 1541, Loss: 5.745047092437744
Epoch: 1542, Loss: 5.748814582824707
Epoch: 1543, Loss: 5.751824378967285
Epoch: 1544, Loss: 5.7491865158081055
Epoch: 1545, Loss: 5.747047424316406
Epoch: 1546, Loss: 5.74269962310791
Epoch: 1547, Loss: 5.734250545501709
Epoch: 1548, Loss: 5.744715690612793
Epoch: 1549, Loss: 5.752259254455566
./circuit_plots/Unrestricted Disentangled|Readout|CN=2|B0=0|B1=0|K=1280|L=320|p_B=0.75|p_C=0.75|B=2|eps=0|b4755c15-ae1c-4b25-96c8-f3c68ba4e0ec/ already exists.
./circuit_plots/Unrestricted Disentangled|Readout|CN=2|B0=0|B1=0|K=1280|L=320|p_B=0.75|p_C=0.75|B=2|eps=0|b4755c15-ae1c-4b25-96c8-f3c68ba4e0ec/ already exists.
./circuit_plots/Unrestricted Disentangled|Readout|CN=2|B0=0|B1=0|K=1280|L=320|p_B=0.75|p_C=0.75|B=2|eps=0|b4755c15-ae1c-4b25-96c8-f3c68ba4e0ec/ already exists.
./circuit_plots/Unrestricted Disentangled|Readout|CN=2|B0=0|B1=0|K=1280|L=320|p_B=0.75|p_C=0.75|B=2|eps=0|b4755c15-ae1c-4b25-96c8-f3c68ba4e0ec/ already exists.
./circuit_plots/Unrestricted Disentangled|Readout|CN=2|B0=0|B1=0|K=1280|L=320|p_B=0.75|p_C=0.75|B=2|eps=0|b4755c15-ae1c-4b25-96c8-f3c68ba4e0ec/ already exists.
./circuit_plots/Unrestricted Disentangled|Readout|CN=2|B0=0|B1=0|K=1280|L=320|p_B=0.75|p_C=0.75|B=2|eps=0|b4755c15-ae1c-4b25-96c8-f3c68ba4e0ec/ already exists.
./circuit_plots/Unrestricted Disentangled|Readout|CN=2|B0=0|B1=0|K=1280|L=320|p_B=0.75|p_C=0.75|B=2|eps=0|b4755c15-ae1c-4b25-96c8-f3c68ba4e0ec/ already exists.
Epoch: 1550, Loss: 5.729655742645264
Test acc: 0.0084, IC acc: 0.0081, IC acc2: 0.0028, IW acc: 0.0038
Epoch: 1551, Loss: 5.754903793334961
Epoch: 1552, Loss: 5.739673614501953
Epoch: 1553, Loss: 5.756780624389648
Epoch: 1554, Loss: 5.7337517738342285
Epoch: 1555, Loss: 5.7468767166137695
Epoch: 1556, Loss: 5.743035316467285
Epoch: 1557, Loss: 5.735136985778809
Epoch: 1558, Loss: 5.760659694671631
Epoch: 1559, Loss: 5.748725891113281
Epoch: 1560, Loss: 5.761022567749023
Test acc: 0.0083, IC acc: 0.0081, IC acc2: 0.0028, IW acc: 0.0038
Epoch: 1561, Loss: 5.7421369552612305
Epoch: 1562, Loss: 5.763418197631836
Epoch: 1563, Loss: 5.733442306518555
Epoch: 1564, Loss: 5.754868984222412
Epoch: 1565, Loss: 5.746782302856445
Epoch: 1566, Loss: 5.742011070251465
Epoch: 1567, Loss: 5.74323844909668
Epoch: 1568, Loss: 5.744953155517578
Epoch: 1569, Loss: 5.748395919799805
Epoch: 1570, Loss: 5.755801677703857
Test acc: 0.0083, IC acc: 0.008, IC acc2: 0.0029, IW acc: 0.0038
Epoch: 1571, Loss: 5.753859996795654
Epoch: 1572, Loss: 5.736483573913574
Epoch: 1573, Loss: 5.754605293273926
Epoch: 1574, Loss: 5.745683670043945
Epoch: 1575, Loss: 5.7400054931640625
Epoch: 1576, Loss: 5.74411153793335
Epoch: 1577, Loss: 5.743907928466797
Epoch: 1578, Loss: 5.751125335693359
Epoch: 1579, Loss: 5.733089447021484
Epoch: 1580, Loss: 5.754312515258789
Test acc: 0.0083, IC acc: 0.0081, IC acc2: 0.0029, IW acc: 0.0039
Epoch: 1581, Loss: 5.745395183563232
Epoch: 1582, Loss: 5.742068290710449
Epoch: 1583, Loss: 5.736532211303711
Epoch: 1584, Loss: 5.744021415710449
Epoch: 1585, Loss: 5.755895614624023
Epoch: 1586, Loss: 5.747104644775391
Epoch: 1587, Loss: 5.732839107513428
Epoch: 1588, Loss: 5.750986099243164
Epoch: 1589, Loss: 5.75648832321167
Epoch: 1590, Loss: 5.758450984954834
Test acc: 0.0084, IC acc: 0.0082, IC acc2: 0.0029, IW acc: 0.0038
Epoch: 1591, Loss: 5.75235652923584
Epoch: 1592, Loss: 5.747767925262451
Epoch: 1593, Loss: 5.750137805938721
Epoch: 1594, Loss: 5.741020202636719
Epoch: 1595, Loss: 5.746165752410889
Epoch: 1596, Loss: 5.743139266967773
Epoch: 1597, Loss: 5.7532172203063965
Epoch: 1598, Loss: 5.762383937835693
Epoch: 1599, Loss: 5.74844217300415
./circuit_plots/Unrestricted Disentangled|Readout|CN=2|B0=0|B1=0|K=1280|L=320|p_B=0.75|p_C=0.75|B=2|eps=0|b4755c15-ae1c-4b25-96c8-f3c68ba4e0ec/ already exists.
./circuit_plots/Unrestricted Disentangled|Readout|CN=2|B0=0|B1=0|K=1280|L=320|p_B=0.75|p_C=0.75|B=2|eps=0|b4755c15-ae1c-4b25-96c8-f3c68ba4e0ec/ already exists.
./circuit_plots/Unrestricted Disentangled|Readout|CN=2|B0=0|B1=0|K=1280|L=320|p_B=0.75|p_C=0.75|B=2|eps=0|b4755c15-ae1c-4b25-96c8-f3c68ba4e0ec/ already exists.
./circuit_plots/Unrestricted Disentangled|Readout|CN=2|B0=0|B1=0|K=1280|L=320|p_B=0.75|p_C=0.75|B=2|eps=0|b4755c15-ae1c-4b25-96c8-f3c68ba4e0ec/ already exists.
./circuit_plots/Unrestricted Disentangled|Readout|CN=2|B0=0|B1=0|K=1280|L=320|p_B=0.75|p_C=0.75|B=2|eps=0|b4755c15-ae1c-4b25-96c8-f3c68ba4e0ec/ already exists.
./circuit_plots/Unrestricted Disentangled|Readout|CN=2|B0=0|B1=0|K=1280|L=320|p_B=0.75|p_C=0.75|B=2|eps=0|b4755c15-ae1c-4b25-96c8-f3c68ba4e0ec/ already exists.
./circuit_plots/Unrestricted Disentangled|Readout|CN=2|B0=0|B1=0|K=1280|L=320|p_B=0.75|p_C=0.75|B=2|eps=0|b4755c15-ae1c-4b25-96c8-f3c68ba4e0ec/ already exists.
Epoch: 1600, Loss: 5.743818283081055
Test acc: 0.0085, IC acc: 0.0082, IC acc2: 0.0029, IW acc: 0.0038
Epoch: 1601, Loss: 5.737802982330322
Epoch: 1602, Loss: 5.746267318725586
Epoch: 1603, Loss: 5.75581169128418
Epoch: 1604, Loss: 5.746996879577637
Epoch: 1605, Loss: 5.746576309204102
Epoch: 1606, Loss: 5.758028984069824
Epoch: 1607, Loss: 5.736271858215332
Epoch: 1608, Loss: 5.74355936050415
Epoch: 1609, Loss: 5.751134872436523
Epoch: 1610, Loss: 5.752716064453125
Test acc: 0.0085, IC acc: 0.0083, IC acc2: 0.0028, IW acc: 0.0039
Epoch: 1611, Loss: 5.7336745262146
Epoch: 1612, Loss: 5.743759632110596
Epoch: 1613, Loss: 5.743605136871338
Epoch: 1614, Loss: 5.741316795349121
Epoch: 1615, Loss: 5.751258850097656
Epoch: 1616, Loss: 5.749432563781738
Epoch: 1617, Loss: 5.739749908447266
Epoch: 1618, Loss: 5.741184234619141
Epoch: 1619, Loss: 5.75570011138916
Epoch: 1620, Loss: 5.742406845092773
Test acc: 0.0086, IC acc: 0.0084, IC acc2: 0.0028, IW acc: 0.0039
Epoch: 1621, Loss: 5.7444868087768555
Epoch: 1622, Loss: 5.746450901031494
Epoch: 1623, Loss: 5.745140075683594
Epoch: 1624, Loss: 5.753233432769775
Epoch: 1625, Loss: 5.739845275878906
Epoch: 1626, Loss: 5.746737480163574
Epoch: 1627, Loss: 5.748017311096191
Epoch: 1628, Loss: 5.747589111328125
Epoch: 1629, Loss: 5.747878551483154
Epoch: 1630, Loss: 5.748248100280762
Test acc: 0.0088, IC acc: 0.0084, IC acc2: 0.0028, IW acc: 0.004
Epoch: 1631, Loss: 5.739496231079102
Epoch: 1632, Loss: 5.742888450622559
Epoch: 1633, Loss: 5.736680030822754
Epoch: 1634, Loss: 5.747748374938965
Epoch: 1635, Loss: 5.754955291748047
Epoch: 1636, Loss: 5.748953819274902
Epoch: 1637, Loss: 5.743905067443848
Epoch: 1638, Loss: 5.755084037780762
Epoch: 1639, Loss: 5.752570629119873
Epoch: 1640, Loss: 5.752877712249756
Test acc: 0.0089, IC acc: 0.0084, IC acc2: 0.0027, IW acc: 0.004
Epoch: 1641, Loss: 5.744409561157227
Epoch: 1642, Loss: 5.739579200744629
Epoch: 1643, Loss: 5.75645637512207
Epoch: 1644, Loss: 5.748981475830078
Epoch: 1645, Loss: 5.741969108581543
Epoch: 1646, Loss: 5.73897647857666
Epoch: 1647, Loss: 5.750284194946289
Epoch: 1648, Loss: 5.737681865692139
Epoch: 1649, Loss: 5.753359794616699
./circuit_plots/Unrestricted Disentangled|Readout|CN=2|B0=0|B1=0|K=1280|L=320|p_B=0.75|p_C=0.75|B=2|eps=0|b4755c15-ae1c-4b25-96c8-f3c68ba4e0ec/ already exists.
./circuit_plots/Unrestricted Disentangled|Readout|CN=2|B0=0|B1=0|K=1280|L=320|p_B=0.75|p_C=0.75|B=2|eps=0|b4755c15-ae1c-4b25-96c8-f3c68ba4e0ec/ already exists.
./circuit_plots/Unrestricted Disentangled|Readout|CN=2|B0=0|B1=0|K=1280|L=320|p_B=0.75|p_C=0.75|B=2|eps=0|b4755c15-ae1c-4b25-96c8-f3c68ba4e0ec/ already exists.
./circuit_plots/Unrestricted Disentangled|Readout|CN=2|B0=0|B1=0|K=1280|L=320|p_B=0.75|p_C=0.75|B=2|eps=0|b4755c15-ae1c-4b25-96c8-f3c68ba4e0ec/ already exists.
./circuit_plots/Unrestricted Disentangled|Readout|CN=2|B0=0|B1=0|K=1280|L=320|p_B=0.75|p_C=0.75|B=2|eps=0|b4755c15-ae1c-4b25-96c8-f3c68ba4e0ec/ already exists.
./circuit_plots/Unrestricted Disentangled|Readout|CN=2|B0=0|B1=0|K=1280|L=320|p_B=0.75|p_C=0.75|B=2|eps=0|b4755c15-ae1c-4b25-96c8-f3c68ba4e0ec/ already exists.
./circuit_plots/Unrestricted Disentangled|Readout|CN=2|B0=0|B1=0|K=1280|L=320|p_B=0.75|p_C=0.75|B=2|eps=0|b4755c15-ae1c-4b25-96c8-f3c68ba4e0ec/ already exists.
Epoch: 1650, Loss: 5.744634628295898
Test acc: 0.0089, IC acc: 0.0084, IC acc2: 0.0027, IW acc: 0.004
Epoch: 1651, Loss: 5.732865810394287
Epoch: 1652, Loss: 5.727044105529785
Epoch: 1653, Loss: 5.764134407043457
Epoch: 1654, Loss: 5.735821723937988
Epoch: 1655, Loss: 5.741477012634277
Epoch: 1656, Loss: 5.750543594360352
Epoch: 1657, Loss: 5.749321937561035
Epoch: 1658, Loss: 5.749460697174072
Epoch: 1659, Loss: 5.754122734069824
Epoch: 1660, Loss: 5.754055023193359
Test acc: 0.0091, IC acc: 0.0085, IC acc2: 0.0027, IW acc: 0.0039
Epoch: 1661, Loss: 5.7559709548950195
Epoch: 1662, Loss: 5.748097896575928
Epoch: 1663, Loss: 5.749897480010986
Epoch: 1664, Loss: 5.742500305175781
Epoch: 1665, Loss: 5.752688407897949
Epoch: 1666, Loss: 5.752852439880371
Epoch: 1667, Loss: 5.744123935699463
Epoch: 1668, Loss: 5.754602432250977
Epoch: 1669, Loss: 5.759273529052734
Epoch: 1670, Loss: 5.744044780731201
Test acc: 0.0091, IC acc: 0.0085, IC acc2: 0.0027, IW acc: 0.0039
Epoch: 1671, Loss: 5.749251365661621
Epoch: 1672, Loss: 5.7417073249816895
Epoch: 1673, Loss: 5.739988327026367
Epoch: 1674, Loss: 5.744571685791016
Epoch: 1675, Loss: 5.745317459106445
Epoch: 1676, Loss: 5.745499610900879
Epoch: 1677, Loss: 5.753415107727051
Epoch: 1678, Loss: 5.743790626525879
Epoch: 1679, Loss: 5.742254257202148
Epoch: 1680, Loss: 5.744076728820801
Test acc: 0.0093, IC acc: 0.0087, IC acc2: 0.0027, IW acc: 0.0039
Epoch: 1681, Loss: 5.750472068786621
Epoch: 1682, Loss: 5.7394914627075195
Epoch: 1683, Loss: 5.753057479858398
Epoch: 1684, Loss: 5.737912178039551
Epoch: 1685, Loss: 5.750864505767822
Epoch: 1686, Loss: 5.746434211730957
Epoch: 1687, Loss: 5.754791736602783
Epoch: 1688, Loss: 5.740887641906738
Epoch: 1689, Loss: 5.746831893920898
Epoch: 1690, Loss: 5.733597278594971
Test acc: 0.0094, IC acc: 0.0089, IC acc2: 0.0027, IW acc: 0.0039
Epoch: 1691, Loss: 5.735284805297852
Epoch: 1692, Loss: 5.738767147064209
Epoch: 1693, Loss: 5.752885818481445
Epoch: 1694, Loss: 5.741922378540039
Epoch: 1695, Loss: 5.7433576583862305
Epoch: 1696, Loss: 5.740065097808838
Epoch: 1697, Loss: 5.73837423324585
Epoch: 1698, Loss: 5.731485366821289
Epoch: 1699, Loss: 5.737000465393066
./circuit_plots/Unrestricted Disentangled|Readout|CN=2|B0=0|B1=0|K=1280|L=320|p_B=0.75|p_C=0.75|B=2|eps=0|b4755c15-ae1c-4b25-96c8-f3c68ba4e0ec/ already exists.
./circuit_plots/Unrestricted Disentangled|Readout|CN=2|B0=0|B1=0|K=1280|L=320|p_B=0.75|p_C=0.75|B=2|eps=0|b4755c15-ae1c-4b25-96c8-f3c68ba4e0ec/ already exists.
./circuit_plots/Unrestricted Disentangled|Readout|CN=2|B0=0|B1=0|K=1280|L=320|p_B=0.75|p_C=0.75|B=2|eps=0|b4755c15-ae1c-4b25-96c8-f3c68ba4e0ec/ already exists.
./circuit_plots/Unrestricted Disentangled|Readout|CN=2|B0=0|B1=0|K=1280|L=320|p_B=0.75|p_C=0.75|B=2|eps=0|b4755c15-ae1c-4b25-96c8-f3c68ba4e0ec/ already exists.
./circuit_plots/Unrestricted Disentangled|Readout|CN=2|B0=0|B1=0|K=1280|L=320|p_B=0.75|p_C=0.75|B=2|eps=0|b4755c15-ae1c-4b25-96c8-f3c68ba4e0ec/ already exists.
./circuit_plots/Unrestricted Disentangled|Readout|CN=2|B0=0|B1=0|K=1280|L=320|p_B=0.75|p_C=0.75|B=2|eps=0|b4755c15-ae1c-4b25-96c8-f3c68ba4e0ec/ already exists.
./circuit_plots/Unrestricted Disentangled|Readout|CN=2|B0=0|B1=0|K=1280|L=320|p_B=0.75|p_C=0.75|B=2|eps=0|b4755c15-ae1c-4b25-96c8-f3c68ba4e0ec/ already exists.
Epoch: 1700, Loss: 5.743322372436523
Test acc: 0.0093, IC acc: 0.009, IC acc2: 0.0027, IW acc: 0.0039
Epoch: 1701, Loss: 5.753056049346924
Epoch: 1702, Loss: 5.729646682739258
Epoch: 1703, Loss: 5.73606014251709
Epoch: 1704, Loss: 5.742063045501709
Epoch: 1705, Loss: 5.747325897216797
Epoch: 1706, Loss: 5.739272117614746
Epoch: 1707, Loss: 5.745415687561035
Epoch: 1708, Loss: 5.732781410217285
Epoch: 1709, Loss: 5.733219623565674
Epoch: 1710, Loss: 5.75779914855957
Test acc: 0.0094, IC acc: 0.0091, IC acc2: 0.0027, IW acc: 0.0039
Epoch: 1711, Loss: 5.746004104614258
Epoch: 1712, Loss: 5.7376389503479
Epoch: 1713, Loss: 5.7413330078125
Epoch: 1714, Loss: 5.738054275512695
Epoch: 1715, Loss: 5.741549491882324
Epoch: 1716, Loss: 5.734222888946533
Epoch: 1717, Loss: 5.753822326660156
Epoch: 1718, Loss: 5.738155841827393
Epoch: 1719, Loss: 5.745541572570801
Epoch: 1720, Loss: 5.746771812438965
Test acc: 0.0094, IC acc: 0.009, IC acc2: 0.0027, IW acc: 0.0039
Epoch: 1721, Loss: 5.743163108825684
Epoch: 1722, Loss: 5.753223896026611
Epoch: 1723, Loss: 5.7454752922058105
Epoch: 1724, Loss: 5.747100830078125
Epoch: 1725, Loss: 5.7383131980896
Epoch: 1726, Loss: 5.742306709289551
Epoch: 1727, Loss: 5.749728202819824
Epoch: 1728, Loss: 5.763909339904785
Epoch: 1729, Loss: 5.740571022033691
Epoch: 1730, Loss: 5.750638484954834
Test acc: 0.0095, IC acc: 0.0091, IC acc2: 0.0027, IW acc: 0.0039
Epoch: 1731, Loss: 5.733468055725098
Epoch: 1732, Loss: 5.7474799156188965
Epoch: 1733, Loss: 5.74389123916626
Epoch: 1734, Loss: 5.748683929443359
Epoch: 1735, Loss: 5.747812747955322
Epoch: 1736, Loss: 5.752902984619141
Epoch: 1737, Loss: 5.729954719543457
Epoch: 1738, Loss: 5.740096569061279
Epoch: 1739, Loss: 5.738254070281982
Epoch: 1740, Loss: 5.740689754486084
Test acc: 0.0094, IC acc: 0.0092, IC acc2: 0.0027, IW acc: 0.0039
Epoch: 1741, Loss: 5.7308454513549805
Epoch: 1742, Loss: 5.746674060821533
Epoch: 1743, Loss: 5.762120246887207
Epoch: 1744, Loss: 5.742772102355957
Epoch: 1745, Loss: 5.742997646331787
Epoch: 1746, Loss: 5.732527256011963
Epoch: 1747, Loss: 5.739631652832031
Epoch: 1748, Loss: 5.74054479598999
Epoch: 1749, Loss: 5.73780632019043
./circuit_plots/Unrestricted Disentangled|Readout|CN=2|B0=0|B1=0|K=1280|L=320|p_B=0.75|p_C=0.75|B=2|eps=0|b4755c15-ae1c-4b25-96c8-f3c68ba4e0ec/ already exists.
./circuit_plots/Unrestricted Disentangled|Readout|CN=2|B0=0|B1=0|K=1280|L=320|p_B=0.75|p_C=0.75|B=2|eps=0|b4755c15-ae1c-4b25-96c8-f3c68ba4e0ec/ already exists.
./circuit_plots/Unrestricted Disentangled|Readout|CN=2|B0=0|B1=0|K=1280|L=320|p_B=0.75|p_C=0.75|B=2|eps=0|b4755c15-ae1c-4b25-96c8-f3c68ba4e0ec/ already exists.
./circuit_plots/Unrestricted Disentangled|Readout|CN=2|B0=0|B1=0|K=1280|L=320|p_B=0.75|p_C=0.75|B=2|eps=0|b4755c15-ae1c-4b25-96c8-f3c68ba4e0ec/ already exists.
./circuit_plots/Unrestricted Disentangled|Readout|CN=2|B0=0|B1=0|K=1280|L=320|p_B=0.75|p_C=0.75|B=2|eps=0|b4755c15-ae1c-4b25-96c8-f3c68ba4e0ec/ already exists.
./circuit_plots/Unrestricted Disentangled|Readout|CN=2|B0=0|B1=0|K=1280|L=320|p_B=0.75|p_C=0.75|B=2|eps=0|b4755c15-ae1c-4b25-96c8-f3c68ba4e0ec/ already exists.
./circuit_plots/Unrestricted Disentangled|Readout|CN=2|B0=0|B1=0|K=1280|L=320|p_B=0.75|p_C=0.75|B=2|eps=0|b4755c15-ae1c-4b25-96c8-f3c68ba4e0ec/ already exists.
Epoch: 1750, Loss: 5.740142822265625
Test acc: 0.0096, IC acc: 0.0092, IC acc2: 0.0027, IW acc: 0.004
Epoch: 1751, Loss: 5.746110916137695
Epoch: 1752, Loss: 5.724399566650391
Epoch: 1753, Loss: 5.735354423522949
Epoch: 1754, Loss: 5.739187240600586
Epoch: 1755, Loss: 5.728771209716797
Epoch: 1756, Loss: 5.752800464630127
Epoch: 1757, Loss: 5.735732555389404
Epoch: 1758, Loss: 5.74412727355957
Epoch: 1759, Loss: 5.750288486480713
Epoch: 1760, Loss: 5.753223896026611
Test acc: 0.0094, IC acc: 0.0093, IC acc2: 0.0027, IW acc: 0.004
Epoch: 1761, Loss: 5.760471343994141
Epoch: 1762, Loss: 5.752752780914307
Epoch: 1763, Loss: 5.7521891593933105
Epoch: 1764, Loss: 5.74575662612915
Epoch: 1765, Loss: 5.747940540313721
Epoch: 1766, Loss: 5.744494438171387
Epoch: 1767, Loss: 5.754706382751465
Epoch: 1768, Loss: 5.751903533935547
Epoch: 1769, Loss: 5.754871368408203
Epoch: 1770, Loss: 5.738630294799805
Test acc: 0.0094, IC acc: 0.0094, IC acc2: 0.0027, IW acc: 0.004
Epoch: 1771, Loss: 5.756017684936523
Epoch: 1772, Loss: 5.733713626861572
Epoch: 1773, Loss: 5.731851577758789
Epoch: 1774, Loss: 5.72918701171875
Epoch: 1775, Loss: 5.728654861450195
Epoch: 1776, Loss: 5.739377021789551
Epoch: 1777, Loss: 5.737337589263916
Epoch: 1778, Loss: 5.748010158538818
Epoch: 1779, Loss: 5.727877616882324
Epoch: 1780, Loss: 5.7367730140686035
Test acc: 0.0097, IC acc: 0.0094, IC acc2: 0.0027, IW acc: 0.004
Epoch: 1781, Loss: 5.749707221984863
Epoch: 1782, Loss: 5.73050594329834
Epoch: 1783, Loss: 5.748781681060791
Epoch: 1784, Loss: 5.737551212310791
Epoch: 1785, Loss: 5.740963459014893
Epoch: 1786, Loss: 5.737780570983887
Epoch: 1787, Loss: 5.741339683532715
Epoch: 1788, Loss: 5.747110366821289
Epoch: 1789, Loss: 5.736047744750977
Epoch: 1790, Loss: 5.736815452575684
Test acc: 0.0099, IC acc: 0.0095, IC acc2: 0.0027, IW acc: 0.004
Epoch: 1791, Loss: 5.76326322555542
Epoch: 1792, Loss: 5.743313312530518
Epoch: 1793, Loss: 5.745748996734619
Epoch: 1794, Loss: 5.742542743682861
Epoch: 1795, Loss: 5.752110958099365
Epoch: 1796, Loss: 5.731280326843262
Epoch: 1797, Loss: 5.752865314483643
Epoch: 1798, Loss: 5.742588043212891
Epoch: 1799, Loss: 5.743499755859375
./circuit_plots/Unrestricted Disentangled|Readout|CN=2|B0=0|B1=0|K=1280|L=320|p_B=0.75|p_C=0.75|B=2|eps=0|b4755c15-ae1c-4b25-96c8-f3c68ba4e0ec/ already exists.
./circuit_plots/Unrestricted Disentangled|Readout|CN=2|B0=0|B1=0|K=1280|L=320|p_B=0.75|p_C=0.75|B=2|eps=0|b4755c15-ae1c-4b25-96c8-f3c68ba4e0ec/ already exists.
./circuit_plots/Unrestricted Disentangled|Readout|CN=2|B0=0|B1=0|K=1280|L=320|p_B=0.75|p_C=0.75|B=2|eps=0|b4755c15-ae1c-4b25-96c8-f3c68ba4e0ec/ already exists.
./circuit_plots/Unrestricted Disentangled|Readout|CN=2|B0=0|B1=0|K=1280|L=320|p_B=0.75|p_C=0.75|B=2|eps=0|b4755c15-ae1c-4b25-96c8-f3c68ba4e0ec/ already exists.
./circuit_plots/Unrestricted Disentangled|Readout|CN=2|B0=0|B1=0|K=1280|L=320|p_B=0.75|p_C=0.75|B=2|eps=0|b4755c15-ae1c-4b25-96c8-f3c68ba4e0ec/ already exists.
./circuit_plots/Unrestricted Disentangled|Readout|CN=2|B0=0|B1=0|K=1280|L=320|p_B=0.75|p_C=0.75|B=2|eps=0|b4755c15-ae1c-4b25-96c8-f3c68ba4e0ec/ already exists.
./circuit_plots/Unrestricted Disentangled|Readout|CN=2|B0=0|B1=0|K=1280|L=320|p_B=0.75|p_C=0.75|B=2|eps=0|b4755c15-ae1c-4b25-96c8-f3c68ba4e0ec/ already exists.
Epoch: 1800, Loss: 5.755413055419922
Test acc: 0.0098, IC acc: 0.0094, IC acc2: 0.0027, IW acc: 0.004
Epoch: 1801, Loss: 5.742377758026123
Epoch: 1802, Loss: 5.74858283996582
Epoch: 1803, Loss: 5.742280006408691
Epoch: 1804, Loss: 5.741633415222168
Epoch: 1805, Loss: 5.750895023345947
Epoch: 1806, Loss: 5.748889923095703
Epoch: 1807, Loss: 5.733246803283691
Epoch: 1808, Loss: 5.737788677215576
Epoch: 1809, Loss: 5.7411932945251465
Epoch: 1810, Loss: 5.736605644226074
Test acc: 0.0098, IC acc: 0.0094, IC acc2: 0.0027, IW acc: 0.0039
Epoch: 1811, Loss: 5.743605613708496
Epoch: 1812, Loss: 5.747481822967529
Epoch: 1813, Loss: 5.741272449493408
Epoch: 1814, Loss: 5.745088577270508
Epoch: 1815, Loss: 5.750143527984619
Epoch: 1816, Loss: 5.752344131469727
Epoch: 1817, Loss: 5.732059478759766
Epoch: 1818, Loss: 5.748989582061768
Epoch: 1819, Loss: 5.750484943389893
Epoch: 1820, Loss: 5.734672546386719
Test acc: 0.0097, IC acc: 0.0096, IC acc2: 0.0027, IW acc: 0.0038
Epoch: 1821, Loss: 5.74724006652832
Epoch: 1822, Loss: 5.734194755554199
Epoch: 1823, Loss: 5.75058650970459
Epoch: 1824, Loss: 5.7374138832092285
Epoch: 1825, Loss: 5.725976467132568
Epoch: 1826, Loss: 5.744349479675293
Epoch: 1827, Loss: 5.747035026550293
Epoch: 1828, Loss: 5.7407331466674805
Epoch: 1829, Loss: 5.727668762207031
Epoch: 1830, Loss: 5.737030982971191
Test acc: 0.0097, IC acc: 0.0096, IC acc2: 0.0027, IW acc: 0.0038
Epoch: 1831, Loss: 5.75235652923584
Epoch: 1832, Loss: 5.749355316162109
Epoch: 1833, Loss: 5.725011825561523
Epoch: 1834, Loss: 5.749255180358887
Epoch: 1835, Loss: 5.726922512054443
Epoch: 1836, Loss: 5.753273010253906
Epoch: 1837, Loss: 5.742312908172607
Epoch: 1838, Loss: 5.733498573303223
Epoch: 1839, Loss: 5.751128673553467
Epoch: 1840, Loss: 5.753396987915039
Test acc: 0.0098, IC acc: 0.0097, IC acc2: 0.0027, IW acc: 0.0038
Epoch: 1841, Loss: 5.752052307128906
Epoch: 1842, Loss: 5.737171173095703
Epoch: 1843, Loss: 5.7532877922058105
Epoch: 1844, Loss: 5.750086784362793
Epoch: 1845, Loss: 5.740107536315918
Epoch: 1846, Loss: 5.750330924987793
Epoch: 1847, Loss: 5.749567031860352
Epoch: 1848, Loss: 5.756917476654053
Epoch: 1849, Loss: 5.738066673278809
./circuit_plots/Unrestricted Disentangled|Readout|CN=2|B0=0|B1=0|K=1280|L=320|p_B=0.75|p_C=0.75|B=2|eps=0|b4755c15-ae1c-4b25-96c8-f3c68ba4e0ec/ already exists.
./circuit_plots/Unrestricted Disentangled|Readout|CN=2|B0=0|B1=0|K=1280|L=320|p_B=0.75|p_C=0.75|B=2|eps=0|b4755c15-ae1c-4b25-96c8-f3c68ba4e0ec/ already exists.
./circuit_plots/Unrestricted Disentangled|Readout|CN=2|B0=0|B1=0|K=1280|L=320|p_B=0.75|p_C=0.75|B=2|eps=0|b4755c15-ae1c-4b25-96c8-f3c68ba4e0ec/ already exists.
./circuit_plots/Unrestricted Disentangled|Readout|CN=2|B0=0|B1=0|K=1280|L=320|p_B=0.75|p_C=0.75|B=2|eps=0|b4755c15-ae1c-4b25-96c8-f3c68ba4e0ec/ already exists.
./circuit_plots/Unrestricted Disentangled|Readout|CN=2|B0=0|B1=0|K=1280|L=320|p_B=0.75|p_C=0.75|B=2|eps=0|b4755c15-ae1c-4b25-96c8-f3c68ba4e0ec/ already exists.
./circuit_plots/Unrestricted Disentangled|Readout|CN=2|B0=0|B1=0|K=1280|L=320|p_B=0.75|p_C=0.75|B=2|eps=0|b4755c15-ae1c-4b25-96c8-f3c68ba4e0ec/ already exists.
./circuit_plots/Unrestricted Disentangled|Readout|CN=2|B0=0|B1=0|K=1280|L=320|p_B=0.75|p_C=0.75|B=2|eps=0|b4755c15-ae1c-4b25-96c8-f3c68ba4e0ec/ already exists.
Epoch: 1850, Loss: 5.741755485534668
Test acc: 0.0098, IC acc: 0.0097, IC acc2: 0.0027, IW acc: 0.0038
Epoch: 1851, Loss: 5.748490810394287
Epoch: 1852, Loss: 5.747150421142578
Epoch: 1853, Loss: 5.74493408203125
Epoch: 1854, Loss: 5.750053405761719
Epoch: 1855, Loss: 5.765052795410156
Epoch: 1856, Loss: 5.753596305847168
Epoch: 1857, Loss: 5.750943183898926
Epoch: 1858, Loss: 5.727014541625977
Epoch: 1859, Loss: 5.7293925285339355
Epoch: 1860, Loss: 5.740669250488281
Test acc: 0.0099, IC acc: 0.0097, IC acc2: 0.0027, IW acc: 0.0038
Epoch: 1861, Loss: 5.767379283905029
Epoch: 1862, Loss: 5.7329487800598145
Epoch: 1863, Loss: 5.733656406402588
Epoch: 1864, Loss: 5.736580848693848
Epoch: 1865, Loss: 5.740124702453613
Epoch: 1866, Loss: 5.733222961425781
Epoch: 1867, Loss: 5.744272232055664
Epoch: 1868, Loss: 5.742850303649902
Epoch: 1869, Loss: 5.750923156738281
Epoch: 1870, Loss: 5.751033306121826
Test acc: 0.0098, IC acc: 0.0098, IC acc2: 0.0027, IW acc: 0.0038
Epoch: 1871, Loss: 5.750306606292725
Epoch: 1872, Loss: 5.746223449707031
Epoch: 1873, Loss: 5.740743637084961
Epoch: 1874, Loss: 5.718051433563232
Epoch: 1875, Loss: 5.734946250915527
Epoch: 1876, Loss: 5.726227283477783
Epoch: 1877, Loss: 5.739290237426758
Epoch: 1878, Loss: 5.744089126586914
Epoch: 1879, Loss: 5.750516891479492
Epoch: 1880, Loss: 5.745577335357666
Test acc: 0.0098, IC acc: 0.0097, IC acc2: 0.0027, IW acc: 0.0038
Epoch: 1881, Loss: 5.735744476318359
Epoch: 1882, Loss: 5.740129470825195
Epoch: 1883, Loss: 5.7529754638671875
Epoch: 1884, Loss: 5.731590270996094
Epoch: 1885, Loss: 5.735175132751465
Epoch: 1886, Loss: 5.748902797698975
Epoch: 1887, Loss: 5.735732078552246
Epoch: 1888, Loss: 5.756046295166016
Epoch: 1889, Loss: 5.743827819824219
Epoch: 1890, Loss: 5.746185779571533
Test acc: 0.0098, IC acc: 0.0097, IC acc2: 0.0027, IW acc: 0.0038
Epoch: 1891, Loss: 5.734335899353027
Epoch: 1892, Loss: 5.741150379180908
Epoch: 1893, Loss: 5.749131202697754
Epoch: 1894, Loss: 5.74989652633667
Epoch: 1895, Loss: 5.723910331726074
Epoch: 1896, Loss: 5.743783950805664
Epoch: 1897, Loss: 5.738053321838379
Epoch: 1898, Loss: 5.747249603271484
Epoch: 1899, Loss: 5.7533979415893555
./circuit_plots/Unrestricted Disentangled|Readout|CN=2|B0=0|B1=0|K=1280|L=320|p_B=0.75|p_C=0.75|B=2|eps=0|b4755c15-ae1c-4b25-96c8-f3c68ba4e0ec/ already exists.
./circuit_plots/Unrestricted Disentangled|Readout|CN=2|B0=0|B1=0|K=1280|L=320|p_B=0.75|p_C=0.75|B=2|eps=0|b4755c15-ae1c-4b25-96c8-f3c68ba4e0ec/ already exists.
./circuit_plots/Unrestricted Disentangled|Readout|CN=2|B0=0|B1=0|K=1280|L=320|p_B=0.75|p_C=0.75|B=2|eps=0|b4755c15-ae1c-4b25-96c8-f3c68ba4e0ec/ already exists.
./circuit_plots/Unrestricted Disentangled|Readout|CN=2|B0=0|B1=0|K=1280|L=320|p_B=0.75|p_C=0.75|B=2|eps=0|b4755c15-ae1c-4b25-96c8-f3c68ba4e0ec/ already exists.
./circuit_plots/Unrestricted Disentangled|Readout|CN=2|B0=0|B1=0|K=1280|L=320|p_B=0.75|p_C=0.75|B=2|eps=0|b4755c15-ae1c-4b25-96c8-f3c68ba4e0ec/ already exists.
./circuit_plots/Unrestricted Disentangled|Readout|CN=2|B0=0|B1=0|K=1280|L=320|p_B=0.75|p_C=0.75|B=2|eps=0|b4755c15-ae1c-4b25-96c8-f3c68ba4e0ec/ already exists.
./circuit_plots/Unrestricted Disentangled|Readout|CN=2|B0=0|B1=0|K=1280|L=320|p_B=0.75|p_C=0.75|B=2|eps=0|b4755c15-ae1c-4b25-96c8-f3c68ba4e0ec/ already exists.
Epoch: 1900, Loss: 5.757128715515137
Test acc: 0.0098, IC acc: 0.0099, IC acc2: 0.0027, IW acc: 0.0038
Epoch: 1901, Loss: 5.739349365234375
Epoch: 1902, Loss: 5.749063491821289
Epoch: 1903, Loss: 5.748716831207275
Epoch: 1904, Loss: 5.752960205078125
Epoch: 1905, Loss: 5.7248735427856445
Epoch: 1906, Loss: 5.734251022338867
Epoch: 1907, Loss: 5.728344917297363
Epoch: 1908, Loss: 5.7444748878479
Epoch: 1909, Loss: 5.730425834655762
Epoch: 1910, Loss: 5.755311012268066
Test acc: 0.0099, IC acc: 0.0099, IC acc2: 0.0027, IW acc: 0.0037
Epoch: 1911, Loss: 5.74359655380249
Epoch: 1912, Loss: 5.735036373138428
Epoch: 1913, Loss: 5.721859931945801
Epoch: 1914, Loss: 5.736114501953125
Epoch: 1915, Loss: 5.73328161239624
Epoch: 1916, Loss: 5.747516632080078
Epoch: 1917, Loss: 5.738187789916992
Epoch: 1918, Loss: 5.734541416168213
Epoch: 1919, Loss: 5.74841833114624
Epoch: 1920, Loss: 5.751750946044922
Test acc: 0.01, IC acc: 0.01, IC acc2: 0.0027, IW acc: 0.0037
Epoch: 1921, Loss: 5.7354841232299805
Epoch: 1922, Loss: 5.740591049194336
Epoch: 1923, Loss: 5.737049102783203
Epoch: 1924, Loss: 5.728732109069824
Epoch: 1925, Loss: 5.762493133544922
Epoch: 1926, Loss: 5.759305953979492
Epoch: 1927, Loss: 5.752264022827148
Epoch: 1928, Loss: 5.761674404144287
Epoch: 1929, Loss: 5.746171474456787
Epoch: 1930, Loss: 5.729158401489258
Test acc: 0.01, IC acc: 0.0102, IC acc2: 0.0027, IW acc: 0.0038
Epoch: 1931, Loss: 5.724188804626465
Epoch: 1932, Loss: 5.738523006439209
Epoch: 1933, Loss: 5.745245456695557
Epoch: 1934, Loss: 5.745278835296631
Epoch: 1935, Loss: 5.71469259262085
Epoch: 1936, Loss: 5.740845680236816
Epoch: 1937, Loss: 5.740575790405273
Epoch: 1938, Loss: 5.729157447814941
Epoch: 1939, Loss: 5.742779731750488
Epoch: 1940, Loss: 5.7462310791015625
Test acc: 0.0101, IC acc: 0.0102, IC acc2: 0.0027, IW acc: 0.0038
Epoch: 1941, Loss: 5.761259078979492
Epoch: 1942, Loss: 5.742883682250977
Epoch: 1943, Loss: 5.732038974761963
Epoch: 1944, Loss: 5.718153953552246
Epoch: 1945, Loss: 5.742386817932129
Epoch: 1946, Loss: 5.742023468017578
Epoch: 1947, Loss: 5.746429443359375
Epoch: 1948, Loss: 5.748130798339844
Epoch: 1949, Loss: 5.736773490905762
./circuit_plots/Unrestricted Disentangled|Readout|CN=2|B0=0|B1=0|K=1280|L=320|p_B=0.75|p_C=0.75|B=2|eps=0|b4755c15-ae1c-4b25-96c8-f3c68ba4e0ec/ already exists.
./circuit_plots/Unrestricted Disentangled|Readout|CN=2|B0=0|B1=0|K=1280|L=320|p_B=0.75|p_C=0.75|B=2|eps=0|b4755c15-ae1c-4b25-96c8-f3c68ba4e0ec/ already exists.
./circuit_plots/Unrestricted Disentangled|Readout|CN=2|B0=0|B1=0|K=1280|L=320|p_B=0.75|p_C=0.75|B=2|eps=0|b4755c15-ae1c-4b25-96c8-f3c68ba4e0ec/ already exists.
./circuit_plots/Unrestricted Disentangled|Readout|CN=2|B0=0|B1=0|K=1280|L=320|p_B=0.75|p_C=0.75|B=2|eps=0|b4755c15-ae1c-4b25-96c8-f3c68ba4e0ec/ already exists.
./circuit_plots/Unrestricted Disentangled|Readout|CN=2|B0=0|B1=0|K=1280|L=320|p_B=0.75|p_C=0.75|B=2|eps=0|b4755c15-ae1c-4b25-96c8-f3c68ba4e0ec/ already exists.
./circuit_plots/Unrestricted Disentangled|Readout|CN=2|B0=0|B1=0|K=1280|L=320|p_B=0.75|p_C=0.75|B=2|eps=0|b4755c15-ae1c-4b25-96c8-f3c68ba4e0ec/ already exists.
./circuit_plots/Unrestricted Disentangled|Readout|CN=2|B0=0|B1=0|K=1280|L=320|p_B=0.75|p_C=0.75|B=2|eps=0|b4755c15-ae1c-4b25-96c8-f3c68ba4e0ec/ already exists.
Epoch: 1950, Loss: 5.733522891998291
Test acc: 0.0101, IC acc: 0.0102, IC acc2: 0.0027, IW acc: 0.0038
Epoch: 1951, Loss: 5.738088607788086
Epoch: 1952, Loss: 5.745809555053711
Epoch: 1953, Loss: 5.750936031341553
Epoch: 1954, Loss: 5.74955940246582
Epoch: 1955, Loss: 5.731080532073975
Epoch: 1956, Loss: 5.753206729888916
Epoch: 1957, Loss: 5.731359004974365
Epoch: 1958, Loss: 5.749345779418945
Epoch: 1959, Loss: 5.731746673583984
Epoch: 1960, Loss: 5.749051094055176
Test acc: 0.0101, IC acc: 0.0104, IC acc2: 0.0028, IW acc: 0.0039
Epoch: 1961, Loss: 5.74036979675293
Epoch: 1962, Loss: 5.753265857696533
Epoch: 1963, Loss: 5.739358901977539
Epoch: 1964, Loss: 5.745397567749023
Epoch: 1965, Loss: 5.727789402008057
Epoch: 1966, Loss: 5.757480144500732
Epoch: 1967, Loss: 5.744163513183594
Epoch: 1968, Loss: 5.743735313415527
Epoch: 1969, Loss: 5.739260673522949
Epoch: 1970, Loss: 5.744649410247803
Test acc: 0.0103, IC acc: 0.0104, IC acc2: 0.0028, IW acc: 0.0039
Epoch: 1971, Loss: 5.75275182723999
Epoch: 1972, Loss: 5.742898464202881
Epoch: 1973, Loss: 5.735222816467285
Epoch: 1974, Loss: 5.745082855224609
Epoch: 1975, Loss: 5.726475715637207
Epoch: 1976, Loss: 5.754563331604004
Epoch: 1977, Loss: 5.751579761505127
Epoch: 1978, Loss: 5.75941276550293
Epoch: 1979, Loss: 5.742435455322266
Epoch: 1980, Loss: 5.738386154174805
Test acc: 0.0103, IC acc: 0.0104, IC acc2: 0.0028, IW acc: 0.0039
Epoch: 1981, Loss: 5.723466873168945
Epoch: 1982, Loss: 5.739391326904297
Epoch: 1983, Loss: 5.749789714813232
Epoch: 1984, Loss: 5.747530937194824
Epoch: 1985, Loss: 5.743353366851807
Epoch: 1986, Loss: 5.723189353942871
Epoch: 1987, Loss: 5.752870559692383
Epoch: 1988, Loss: 5.740900993347168
Epoch: 1989, Loss: 5.753837585449219
Epoch: 1990, Loss: 5.738988876342773
Test acc: 0.0104, IC acc: 0.0104, IC acc2: 0.0028, IW acc: 0.0037
Epoch: 1991, Loss: 5.7325944900512695
Epoch: 1992, Loss: 5.72793436050415
Epoch: 1993, Loss: 5.745471954345703
Epoch: 1994, Loss: 5.752782821655273
Epoch: 1995, Loss: 5.749858856201172
Epoch: 1996, Loss: 5.734283447265625
Epoch: 1997, Loss: 5.742590427398682
Epoch: 1998, Loss: 5.741865158081055
Epoch: 1999, Loss: 5.747610092163086
./circuit_plots/Unrestricted Disentangled|Readout|CN=2|B0=0|B1=0|K=1280|L=320|p_B=0.75|p_C=0.75|B=2|eps=0|b4755c15-ae1c-4b25-96c8-f3c68ba4e0ec/ already exists.
./circuit_plots/Unrestricted Disentangled|Readout|CN=2|B0=0|B1=0|K=1280|L=320|p_B=0.75|p_C=0.75|B=2|eps=0|b4755c15-ae1c-4b25-96c8-f3c68ba4e0ec/ already exists.
./circuit_plots/Unrestricted Disentangled|Readout|CN=2|B0=0|B1=0|K=1280|L=320|p_B=0.75|p_C=0.75|B=2|eps=0|b4755c15-ae1c-4b25-96c8-f3c68ba4e0ec/ already exists.
./circuit_plots/Unrestricted Disentangled|Readout|CN=2|B0=0|B1=0|K=1280|L=320|p_B=0.75|p_C=0.75|B=2|eps=0|b4755c15-ae1c-4b25-96c8-f3c68ba4e0ec/ already exists.
./circuit_plots/Unrestricted Disentangled|Readout|CN=2|B0=0|B1=0|K=1280|L=320|p_B=0.75|p_C=0.75|B=2|eps=0|b4755c15-ae1c-4b25-96c8-f3c68ba4e0ec/ already exists.
./circuit_plots/Unrestricted Disentangled|Readout|CN=2|B0=0|B1=0|K=1280|L=320|p_B=0.75|p_C=0.75|B=2|eps=0|b4755c15-ae1c-4b25-96c8-f3c68ba4e0ec/ already exists.
./circuit_plots/Unrestricted Disentangled|Readout|CN=2|B0=0|B1=0|K=1280|L=320|p_B=0.75|p_C=0.75|B=2|eps=0|b4755c15-ae1c-4b25-96c8-f3c68ba4e0ec/ already exists.
Epoch: 2000, Loss: 5.732992172241211
Test acc: 0.0104, IC acc: 0.0105, IC acc2: 0.0027, IW acc: 0.0036
Epoch: 2001, Loss: 5.741960048675537
Epoch: 2002, Loss: 5.7484917640686035
Epoch: 2003, Loss: 5.745988845825195
Epoch: 2004, Loss: 5.735363960266113
Epoch: 2005, Loss: 5.733837604522705
Epoch: 2006, Loss: 5.732123374938965
Epoch: 2007, Loss: 5.742819786071777
Epoch: 2008, Loss: 5.735411643981934
Epoch: 2009, Loss: 5.748541831970215
Epoch: 2010, Loss: 5.751635551452637
Test acc: 0.0103, IC acc: 0.0106, IC acc2: 0.0026, IW acc: 0.0037
Epoch: 2011, Loss: 5.749144554138184
Epoch: 2012, Loss: 5.7291460037231445
Epoch: 2013, Loss: 5.726447105407715
Epoch: 2014, Loss: 5.7175750732421875
Epoch: 2015, Loss: 5.752519130706787
Epoch: 2016, Loss: 5.73538875579834
Epoch: 2017, Loss: 5.735499858856201
Epoch: 2018, Loss: 5.740785121917725
Epoch: 2019, Loss: 5.751829147338867
Epoch: 2020, Loss: 5.748850345611572
Test acc: 0.0103, IC acc: 0.0106, IC acc2: 0.0026, IW acc: 0.0036
Epoch: 2021, Loss: 5.739173889160156
Epoch: 2022, Loss: 5.738873481750488
Epoch: 2023, Loss: 5.739202976226807
Epoch: 2024, Loss: 5.756180763244629
Epoch: 2025, Loss: 5.759219646453857
Epoch: 2026, Loss: 5.746114730834961
Epoch: 2027, Loss: 5.745962142944336
Epoch: 2028, Loss: 5.731235027313232
Epoch: 2029, Loss: 5.726136207580566
Epoch: 2030, Loss: 5.742311000823975
Test acc: 0.0104, IC acc: 0.0106, IC acc2: 0.0026, IW acc: 0.0036
Epoch: 2031, Loss: 5.740634918212891
Epoch: 2032, Loss: 5.742327690124512
Epoch: 2033, Loss: 5.73903751373291
Epoch: 2034, Loss: 5.73793363571167
Epoch: 2035, Loss: 5.73001766204834
Epoch: 2036, Loss: 5.741366386413574
Epoch: 2037, Loss: 5.749808311462402
Epoch: 2038, Loss: 5.753371238708496
Epoch: 2039, Loss: 5.746457099914551
Epoch: 2040, Loss: 5.721992492675781
Test acc: 0.0104, IC acc: 0.0106, IC acc2: 0.0025, IW acc: 0.0035
Epoch: 2041, Loss: 5.7350006103515625
Epoch: 2042, Loss: 5.743700981140137
Epoch: 2043, Loss: 5.741309642791748
Epoch: 2044, Loss: 5.738502025604248
Epoch: 2045, Loss: 5.735357761383057
Epoch: 2046, Loss: 5.728322982788086
Epoch: 2047, Loss: 5.7215070724487305
Epoch: 2048, Loss: 5.733851432800293
Epoch: 2049, Loss: 5.736644744873047
./circuit_plots/Unrestricted Disentangled|Readout|CN=2|B0=0|B1=0|K=1280|L=320|p_B=0.75|p_C=0.75|B=2|eps=0|b4755c15-ae1c-4b25-96c8-f3c68ba4e0ec/ already exists.
./circuit_plots/Unrestricted Disentangled|Readout|CN=2|B0=0|B1=0|K=1280|L=320|p_B=0.75|p_C=0.75|B=2|eps=0|b4755c15-ae1c-4b25-96c8-f3c68ba4e0ec/ already exists.
./circuit_plots/Unrestricted Disentangled|Readout|CN=2|B0=0|B1=0|K=1280|L=320|p_B=0.75|p_C=0.75|B=2|eps=0|b4755c15-ae1c-4b25-96c8-f3c68ba4e0ec/ already exists.
./circuit_plots/Unrestricted Disentangled|Readout|CN=2|B0=0|B1=0|K=1280|L=320|p_B=0.75|p_C=0.75|B=2|eps=0|b4755c15-ae1c-4b25-96c8-f3c68ba4e0ec/ already exists.
./circuit_plots/Unrestricted Disentangled|Readout|CN=2|B0=0|B1=0|K=1280|L=320|p_B=0.75|p_C=0.75|B=2|eps=0|b4755c15-ae1c-4b25-96c8-f3c68ba4e0ec/ already exists.
./circuit_plots/Unrestricted Disentangled|Readout|CN=2|B0=0|B1=0|K=1280|L=320|p_B=0.75|p_C=0.75|B=2|eps=0|b4755c15-ae1c-4b25-96c8-f3c68ba4e0ec/ already exists.
./circuit_plots/Unrestricted Disentangled|Readout|CN=2|B0=0|B1=0|K=1280|L=320|p_B=0.75|p_C=0.75|B=2|eps=0|b4755c15-ae1c-4b25-96c8-f3c68ba4e0ec/ already exists.
Epoch: 2050, Loss: 5.750819206237793
Test acc: 0.0105, IC acc: 0.0108, IC acc2: 0.0026, IW acc: 0.0036
Epoch: 2051, Loss: 5.734231948852539
Epoch: 2052, Loss: 5.749715805053711
Epoch: 2053, Loss: 5.730060577392578
Epoch: 2054, Loss: 5.721485137939453
Epoch: 2055, Loss: 5.738203048706055
Epoch: 2056, Loss: 5.751762866973877
Epoch: 2057, Loss: 5.7519354820251465
Epoch: 2058, Loss: 5.740239143371582
Epoch: 2059, Loss: 5.7273783683776855
Epoch: 2060, Loss: 5.738009452819824
Test acc: 0.0106, IC acc: 0.0108, IC acc2: 0.0026, IW acc: 0.0036
Epoch: 2061, Loss: 5.740518569946289
Epoch: 2062, Loss: 5.72524881362915
Epoch: 2063, Loss: 5.736261367797852
Epoch: 2064, Loss: 5.744107246398926
Epoch: 2065, Loss: 5.723641872406006
Epoch: 2066, Loss: 5.728963375091553
Epoch: 2067, Loss: 5.742140769958496
Epoch: 2068, Loss: 5.728864669799805
Epoch: 2069, Loss: 5.762099266052246
Epoch: 2070, Loss: 5.7167816162109375
Test acc: 0.0107, IC acc: 0.0109, IC acc2: 0.0025, IW acc: 0.0037
Epoch: 2071, Loss: 5.729218482971191
Epoch: 2072, Loss: 5.73494815826416
Epoch: 2073, Loss: 5.727938175201416
Epoch: 2074, Loss: 5.739147186279297
Epoch: 2075, Loss: 5.740593910217285
Epoch: 2076, Loss: 5.7353081703186035
Epoch: 2077, Loss: 5.734060287475586
Epoch: 2078, Loss: 5.728452682495117
Epoch: 2079, Loss: 5.742794990539551
Epoch: 2080, Loss: 5.736740589141846
Test acc: 0.0107, IC acc: 0.011, IC acc2: 0.0025, IW acc: 0.0036
Epoch: 2081, Loss: 5.725459575653076
Epoch: 2082, Loss: 5.741737365722656
Epoch: 2083, Loss: 5.739447116851807
Epoch: 2084, Loss: 5.73276424407959
Epoch: 2085, Loss: 5.743777275085449
Epoch: 2086, Loss: 5.731594085693359
Epoch: 2087, Loss: 5.728878021240234
Epoch: 2088, Loss: 5.735257148742676
Epoch: 2089, Loss: 5.73898983001709
Epoch: 2090, Loss: 5.733637809753418
Test acc: 0.0107, IC acc: 0.011, IC acc2: 0.0026, IW acc: 0.0035
Epoch: 2091, Loss: 5.732996463775635
Epoch: 2092, Loss: 5.7434797286987305
Epoch: 2093, Loss: 5.730195999145508
Epoch: 2094, Loss: 5.748753547668457
Epoch: 2095, Loss: 5.7497429847717285
Epoch: 2096, Loss: 5.752680778503418
Epoch: 2097, Loss: 5.744053363800049
Epoch: 2098, Loss: 5.735813140869141
Epoch: 2099, Loss: 5.746164321899414
./circuit_plots/Unrestricted Disentangled|Readout|CN=2|B0=0|B1=0|K=1280|L=320|p_B=0.75|p_C=0.75|B=2|eps=0|b4755c15-ae1c-4b25-96c8-f3c68ba4e0ec/ already exists.
./circuit_plots/Unrestricted Disentangled|Readout|CN=2|B0=0|B1=0|K=1280|L=320|p_B=0.75|p_C=0.75|B=2|eps=0|b4755c15-ae1c-4b25-96c8-f3c68ba4e0ec/ already exists.
./circuit_plots/Unrestricted Disentangled|Readout|CN=2|B0=0|B1=0|K=1280|L=320|p_B=0.75|p_C=0.75|B=2|eps=0|b4755c15-ae1c-4b25-96c8-f3c68ba4e0ec/ already exists.
./circuit_plots/Unrestricted Disentangled|Readout|CN=2|B0=0|B1=0|K=1280|L=320|p_B=0.75|p_C=0.75|B=2|eps=0|b4755c15-ae1c-4b25-96c8-f3c68ba4e0ec/ already exists.
./circuit_plots/Unrestricted Disentangled|Readout|CN=2|B0=0|B1=0|K=1280|L=320|p_B=0.75|p_C=0.75|B=2|eps=0|b4755c15-ae1c-4b25-96c8-f3c68ba4e0ec/ already exists.
./circuit_plots/Unrestricted Disentangled|Readout|CN=2|B0=0|B1=0|K=1280|L=320|p_B=0.75|p_C=0.75|B=2|eps=0|b4755c15-ae1c-4b25-96c8-f3c68ba4e0ec/ already exists.
./circuit_plots/Unrestricted Disentangled|Readout|CN=2|B0=0|B1=0|K=1280|L=320|p_B=0.75|p_C=0.75|B=2|eps=0|b4755c15-ae1c-4b25-96c8-f3c68ba4e0ec/ already exists.
Epoch: 2100, Loss: 5.740401268005371
Test acc: 0.0107, IC acc: 0.011, IC acc2: 0.0027, IW acc: 0.0034
Epoch: 2101, Loss: 5.74545955657959
Epoch: 2102, Loss: 5.750022888183594
Epoch: 2103, Loss: 5.738735198974609
Epoch: 2104, Loss: 5.740652561187744
Epoch: 2105, Loss: 5.743806838989258
Epoch: 2106, Loss: 5.7381744384765625
Epoch: 2107, Loss: 5.740676403045654
Epoch: 2108, Loss: 5.7420654296875
Epoch: 2109, Loss: 5.713022232055664
Epoch: 2110, Loss: 5.73769474029541
Test acc: 0.0107, IC acc: 0.011, IC acc2: 0.0027, IW acc: 0.0035
Epoch: 2111, Loss: 5.740857124328613
Epoch: 2112, Loss: 5.732274055480957
Epoch: 2113, Loss: 5.722984313964844
Epoch: 2114, Loss: 5.732904434204102
Epoch: 2115, Loss: 5.741001129150391
Epoch: 2116, Loss: 5.743093490600586
Epoch: 2117, Loss: 5.738899230957031
Epoch: 2118, Loss: 5.735067367553711
Epoch: 2119, Loss: 5.748738765716553
Epoch: 2120, Loss: 5.740985870361328
Test acc: 0.0107, IC acc: 0.0111, IC acc2: 0.0027, IW acc: 0.0034
Epoch: 2121, Loss: 5.730098724365234
Epoch: 2122, Loss: 5.73789644241333
Epoch: 2123, Loss: 5.737576484680176
Epoch: 2124, Loss: 5.732865333557129
Epoch: 2125, Loss: 5.732711315155029
Epoch: 2126, Loss: 5.728362083435059
Epoch: 2127, Loss: 5.743548393249512
Epoch: 2128, Loss: 5.740583419799805
Epoch: 2129, Loss: 5.737502574920654
Epoch: 2130, Loss: 5.749999046325684
Test acc: 0.0108, IC acc: 0.0113, IC acc2: 0.0027, IW acc: 0.0035
Epoch: 2131, Loss: 5.738358020782471
Epoch: 2132, Loss: 5.733176231384277
Epoch: 2133, Loss: 5.741215705871582
Epoch: 2134, Loss: 5.73443603515625
Epoch: 2135, Loss: 5.734994888305664
Epoch: 2136, Loss: 5.737330436706543
Epoch: 2137, Loss: 5.728803634643555
Epoch: 2138, Loss: 5.738351821899414
Epoch: 2139, Loss: 5.753401756286621
Epoch: 2140, Loss: 5.739442825317383
Test acc: 0.011, IC acc: 0.0113, IC acc2: 0.0027, IW acc: 0.0035
Epoch: 2141, Loss: 5.735283851623535
Epoch: 2142, Loss: 5.750103950500488
Epoch: 2143, Loss: 5.741833686828613
Epoch: 2144, Loss: 5.7352705001831055
Epoch: 2145, Loss: 5.736332893371582
Epoch: 2146, Loss: 5.735165119171143
Epoch: 2147, Loss: 5.731260299682617
Epoch: 2148, Loss: 5.734426975250244
Epoch: 2149, Loss: 5.7430644035339355
./circuit_plots/Unrestricted Disentangled|Readout|CN=2|B0=0|B1=0|K=1280|L=320|p_B=0.75|p_C=0.75|B=2|eps=0|b4755c15-ae1c-4b25-96c8-f3c68ba4e0ec/ already exists.
./circuit_plots/Unrestricted Disentangled|Readout|CN=2|B0=0|B1=0|K=1280|L=320|p_B=0.75|p_C=0.75|B=2|eps=0|b4755c15-ae1c-4b25-96c8-f3c68ba4e0ec/ already exists.
./circuit_plots/Unrestricted Disentangled|Readout|CN=2|B0=0|B1=0|K=1280|L=320|p_B=0.75|p_C=0.75|B=2|eps=0|b4755c15-ae1c-4b25-96c8-f3c68ba4e0ec/ already exists.
./circuit_plots/Unrestricted Disentangled|Readout|CN=2|B0=0|B1=0|K=1280|L=320|p_B=0.75|p_C=0.75|B=2|eps=0|b4755c15-ae1c-4b25-96c8-f3c68ba4e0ec/ already exists.
./circuit_plots/Unrestricted Disentangled|Readout|CN=2|B0=0|B1=0|K=1280|L=320|p_B=0.75|p_C=0.75|B=2|eps=0|b4755c15-ae1c-4b25-96c8-f3c68ba4e0ec/ already exists.
./circuit_plots/Unrestricted Disentangled|Readout|CN=2|B0=0|B1=0|K=1280|L=320|p_B=0.75|p_C=0.75|B=2|eps=0|b4755c15-ae1c-4b25-96c8-f3c68ba4e0ec/ already exists.
./circuit_plots/Unrestricted Disentangled|Readout|CN=2|B0=0|B1=0|K=1280|L=320|p_B=0.75|p_C=0.75|B=2|eps=0|b4755c15-ae1c-4b25-96c8-f3c68ba4e0ec/ already exists.
Epoch: 2150, Loss: 5.743867874145508
Test acc: 0.0111, IC acc: 0.0115, IC acc2: 0.0028, IW acc: 0.0035
Epoch: 2151, Loss: 5.748943328857422
Epoch: 2152, Loss: 5.740593433380127
Epoch: 2153, Loss: 5.7285051345825195
Epoch: 2154, Loss: 5.73160457611084
Epoch: 2155, Loss: 5.729006290435791
Epoch: 2156, Loss: 5.729584693908691
Epoch: 2157, Loss: 5.744100093841553
Epoch: 2158, Loss: 5.723982810974121
Epoch: 2159, Loss: 5.735858917236328
Epoch: 2160, Loss: 5.72762393951416
Test acc: 0.0112, IC acc: 0.0116, IC acc2: 0.0027, IW acc: 0.0035
Epoch: 2161, Loss: 5.733795166015625
Epoch: 2162, Loss: 5.721192836761475
Epoch: 2163, Loss: 5.735343933105469
Epoch: 2164, Loss: 5.757198333740234
Epoch: 2165, Loss: 5.746236801147461
Epoch: 2166, Loss: 5.730267524719238
Epoch: 2167, Loss: 5.739377975463867
Epoch: 2168, Loss: 5.719496726989746
Epoch: 2169, Loss: 5.736479759216309
Epoch: 2170, Loss: 5.730281829833984
Test acc: 0.0112, IC acc: 0.0117, IC acc2: 0.0028, IW acc: 0.0035
Epoch: 2171, Loss: 5.738401412963867
Epoch: 2172, Loss: 5.73530387878418
Epoch: 2173, Loss: 5.729849815368652
Epoch: 2174, Loss: 5.723883152008057
Epoch: 2175, Loss: 5.740234375
Epoch: 2176, Loss: 5.745987415313721
Epoch: 2177, Loss: 5.726561546325684
Epoch: 2178, Loss: 5.729422092437744
Epoch: 2179, Loss: 5.726163864135742
Epoch: 2180, Loss: 5.727766036987305
Test acc: 0.0112, IC acc: 0.0119, IC acc2: 0.0028, IW acc: 0.0035
Epoch: 2181, Loss: 5.737285614013672
Epoch: 2182, Loss: 5.738975524902344
Epoch: 2183, Loss: 5.7228899002075195
Epoch: 2184, Loss: 5.73838996887207
Epoch: 2185, Loss: 5.737485885620117
Epoch: 2186, Loss: 5.742043972015381
Epoch: 2187, Loss: 5.733160972595215
Epoch: 2188, Loss: 5.744074821472168
Epoch: 2189, Loss: 5.733118057250977
Epoch: 2190, Loss: 5.753986358642578
Test acc: 0.0112, IC acc: 0.0121, IC acc2: 0.0028, IW acc: 0.0035
Epoch: 2191, Loss: 5.736680030822754
Epoch: 2192, Loss: 5.7383270263671875
Epoch: 2193, Loss: 5.735865592956543
Epoch: 2194, Loss: 5.729376316070557
Epoch: 2195, Loss: 5.743620872497559
Epoch: 2196, Loss: 5.744441986083984
Epoch: 2197, Loss: 5.745811939239502
Epoch: 2198, Loss: 5.725293159484863
Epoch: 2199, Loss: 5.7410197257995605
./circuit_plots/Unrestricted Disentangled|Readout|CN=2|B0=0|B1=0|K=1280|L=320|p_B=0.75|p_C=0.75|B=2|eps=0|b4755c15-ae1c-4b25-96c8-f3c68ba4e0ec/ already exists.
./circuit_plots/Unrestricted Disentangled|Readout|CN=2|B0=0|B1=0|K=1280|L=320|p_B=0.75|p_C=0.75|B=2|eps=0|b4755c15-ae1c-4b25-96c8-f3c68ba4e0ec/ already exists.
./circuit_plots/Unrestricted Disentangled|Readout|CN=2|B0=0|B1=0|K=1280|L=320|p_B=0.75|p_C=0.75|B=2|eps=0|b4755c15-ae1c-4b25-96c8-f3c68ba4e0ec/ already exists.
./circuit_plots/Unrestricted Disentangled|Readout|CN=2|B0=0|B1=0|K=1280|L=320|p_B=0.75|p_C=0.75|B=2|eps=0|b4755c15-ae1c-4b25-96c8-f3c68ba4e0ec/ already exists.
./circuit_plots/Unrestricted Disentangled|Readout|CN=2|B0=0|B1=0|K=1280|L=320|p_B=0.75|p_C=0.75|B=2|eps=0|b4755c15-ae1c-4b25-96c8-f3c68ba4e0ec/ already exists.
./circuit_plots/Unrestricted Disentangled|Readout|CN=2|B0=0|B1=0|K=1280|L=320|p_B=0.75|p_C=0.75|B=2|eps=0|b4755c15-ae1c-4b25-96c8-f3c68ba4e0ec/ already exists.
./circuit_plots/Unrestricted Disentangled|Readout|CN=2|B0=0|B1=0|K=1280|L=320|p_B=0.75|p_C=0.75|B=2|eps=0|b4755c15-ae1c-4b25-96c8-f3c68ba4e0ec/ already exists.
Epoch: 2200, Loss: 5.747410774230957
Test acc: 0.0113, IC acc: 0.0122, IC acc2: 0.0028, IW acc: 0.0035
Epoch: 2201, Loss: 5.727602481842041
Epoch: 2202, Loss: 5.753873348236084
Epoch: 2203, Loss: 5.719388008117676
Epoch: 2204, Loss: 5.731850624084473
Epoch: 2205, Loss: 5.722182273864746
Epoch: 2206, Loss: 5.740680694580078
Epoch: 2207, Loss: 5.73941707611084
Epoch: 2208, Loss: 5.733715057373047
Epoch: 2209, Loss: 5.728649616241455
Epoch: 2210, Loss: 5.7395429611206055
Test acc: 0.0113, IC acc: 0.0123, IC acc2: 0.0029, IW acc: 0.0035
Epoch: 2211, Loss: 5.743719100952148
Epoch: 2212, Loss: 5.731296539306641
Epoch: 2213, Loss: 5.736555099487305
Epoch: 2214, Loss: 5.735114574432373
Epoch: 2215, Loss: 5.74410343170166
Epoch: 2216, Loss: 5.743557929992676
Epoch: 2217, Loss: 5.7406792640686035
Epoch: 2218, Loss: 5.742622375488281
Epoch: 2219, Loss: 5.719540596008301
Epoch: 2220, Loss: 5.743860244750977
Test acc: 0.0114, IC acc: 0.0121, IC acc2: 0.0029, IW acc: 0.0035
Epoch: 2221, Loss: 5.756099700927734
Epoch: 2222, Loss: 5.740411281585693
Epoch: 2223, Loss: 5.724643707275391
Epoch: 2224, Loss: 5.736179351806641
Epoch: 2225, Loss: 5.736387252807617
Epoch: 2226, Loss: 5.743855953216553
Epoch: 2227, Loss: 5.738831520080566
Epoch: 2228, Loss: 5.734561920166016
Epoch: 2229, Loss: 5.739749908447266
Epoch: 2230, Loss: 5.7191290855407715
Test acc: 0.0115, IC acc: 0.0122, IC acc2: 0.0029, IW acc: 0.0035
Epoch: 2231, Loss: 5.732177734375
Epoch: 2232, Loss: 5.732135772705078
Epoch: 2233, Loss: 5.736703395843506
Epoch: 2234, Loss: 5.734797477722168
Epoch: 2235, Loss: 5.731781005859375
Epoch: 2236, Loss: 5.742502212524414
Epoch: 2237, Loss: 5.738227844238281
Epoch: 2238, Loss: 5.728069305419922
Epoch: 2239, Loss: 5.7548370361328125
Epoch: 2240, Loss: 5.72778844833374
Test acc: 0.0115, IC acc: 0.0123, IC acc2: 0.003, IW acc: 0.0035
Epoch: 2241, Loss: 5.7236552238464355
Epoch: 2242, Loss: 5.720288276672363
Epoch: 2243, Loss: 5.7337141036987305
Epoch: 2244, Loss: 5.734932899475098
Epoch: 2245, Loss: 5.739153861999512
Epoch: 2246, Loss: 5.748481273651123
Epoch: 2247, Loss: 5.724225044250488
Epoch: 2248, Loss: 5.739925861358643
Epoch: 2249, Loss: 5.728115081787109
./circuit_plots/Unrestricted Disentangled|Readout|CN=2|B0=0|B1=0|K=1280|L=320|p_B=0.75|p_C=0.75|B=2|eps=0|b4755c15-ae1c-4b25-96c8-f3c68ba4e0ec/ already exists.
./circuit_plots/Unrestricted Disentangled|Readout|CN=2|B0=0|B1=0|K=1280|L=320|p_B=0.75|p_C=0.75|B=2|eps=0|b4755c15-ae1c-4b25-96c8-f3c68ba4e0ec/ already exists.
./circuit_plots/Unrestricted Disentangled|Readout|CN=2|B0=0|B1=0|K=1280|L=320|p_B=0.75|p_C=0.75|B=2|eps=0|b4755c15-ae1c-4b25-96c8-f3c68ba4e0ec/ already exists.
./circuit_plots/Unrestricted Disentangled|Readout|CN=2|B0=0|B1=0|K=1280|L=320|p_B=0.75|p_C=0.75|B=2|eps=0|b4755c15-ae1c-4b25-96c8-f3c68ba4e0ec/ already exists.
./circuit_plots/Unrestricted Disentangled|Readout|CN=2|B0=0|B1=0|K=1280|L=320|p_B=0.75|p_C=0.75|B=2|eps=0|b4755c15-ae1c-4b25-96c8-f3c68ba4e0ec/ already exists.
./circuit_plots/Unrestricted Disentangled|Readout|CN=2|B0=0|B1=0|K=1280|L=320|p_B=0.75|p_C=0.75|B=2|eps=0|b4755c15-ae1c-4b25-96c8-f3c68ba4e0ec/ already exists.
./circuit_plots/Unrestricted Disentangled|Readout|CN=2|B0=0|B1=0|K=1280|L=320|p_B=0.75|p_C=0.75|B=2|eps=0|b4755c15-ae1c-4b25-96c8-f3c68ba4e0ec/ already exists.
Epoch: 2250, Loss: 5.745542526245117
Test acc: 0.0117, IC acc: 0.0124, IC acc2: 0.0029, IW acc: 0.0036
Epoch: 2251, Loss: 5.738956928253174
Epoch: 2252, Loss: 5.7401933670043945
Epoch: 2253, Loss: 5.735165596008301
Epoch: 2254, Loss: 5.738015174865723
Epoch: 2255, Loss: 5.729045867919922
Epoch: 2256, Loss: 5.734452247619629
Epoch: 2257, Loss: 5.745953559875488
Epoch: 2258, Loss: 5.731792449951172
Epoch: 2259, Loss: 5.730658531188965
Epoch: 2260, Loss: 5.7420220375061035
Test acc: 0.0119, IC acc: 0.0124, IC acc2: 0.0029, IW acc: 0.0036
Epoch: 2261, Loss: 5.736795902252197
Epoch: 2262, Loss: 5.7291364669799805
Epoch: 2263, Loss: 5.734591484069824
Epoch: 2264, Loss: 5.741344451904297
Epoch: 2265, Loss: 5.744077682495117
Epoch: 2266, Loss: 5.736902236938477
Epoch: 2267, Loss: 5.726137638092041
Epoch: 2268, Loss: 5.746868133544922
Epoch: 2269, Loss: 5.730242729187012
Epoch: 2270, Loss: 5.745054244995117
Test acc: 0.0118, IC acc: 0.0126, IC acc2: 0.0029, IW acc: 0.0036
Epoch: 2271, Loss: 5.73095178604126
Epoch: 2272, Loss: 5.7435126304626465
Epoch: 2273, Loss: 5.738373756408691
Epoch: 2274, Loss: 5.727267265319824
Epoch: 2275, Loss: 5.7315592765808105
Epoch: 2276, Loss: 5.748035430908203
Epoch: 2277, Loss: 5.73291540145874
Epoch: 2278, Loss: 5.730167388916016
Epoch: 2279, Loss: 5.742465972900391
Epoch: 2280, Loss: 5.731378078460693
Test acc: 0.0118, IC acc: 0.0127, IC acc2: 0.0029, IW acc: 0.0036
Epoch: 2281, Loss: 5.722664833068848
Epoch: 2282, Loss: 5.735692977905273
Epoch: 2283, Loss: 5.727766990661621
Epoch: 2284, Loss: 5.728599548339844
Epoch: 2285, Loss: 5.723562717437744
Epoch: 2286, Loss: 5.731832027435303
Epoch: 2287, Loss: 5.750760078430176
Epoch: 2288, Loss: 5.73675537109375
Epoch: 2289, Loss: 5.72528076171875
Epoch: 2290, Loss: 5.740967750549316
Test acc: 0.0118, IC acc: 0.0126, IC acc2: 0.0029, IW acc: 0.0036
Epoch: 2291, Loss: 5.7400360107421875
Epoch: 2292, Loss: 5.733111381530762
Epoch: 2293, Loss: 5.728459358215332
Epoch: 2294, Loss: 5.736606597900391
Epoch: 2295, Loss: 5.738670349121094
Epoch: 2296, Loss: 5.7366790771484375
Epoch: 2297, Loss: 5.737706184387207
Epoch: 2298, Loss: 5.7280497550964355
Epoch: 2299, Loss: 5.729193210601807
./circuit_plots/Unrestricted Disentangled|Readout|CN=2|B0=0|B1=0|K=1280|L=320|p_B=0.75|p_C=0.75|B=2|eps=0|b4755c15-ae1c-4b25-96c8-f3c68ba4e0ec/ already exists.
./circuit_plots/Unrestricted Disentangled|Readout|CN=2|B0=0|B1=0|K=1280|L=320|p_B=0.75|p_C=0.75|B=2|eps=0|b4755c15-ae1c-4b25-96c8-f3c68ba4e0ec/ already exists.
./circuit_plots/Unrestricted Disentangled|Readout|CN=2|B0=0|B1=0|K=1280|L=320|p_B=0.75|p_C=0.75|B=2|eps=0|b4755c15-ae1c-4b25-96c8-f3c68ba4e0ec/ already exists.
./circuit_plots/Unrestricted Disentangled|Readout|CN=2|B0=0|B1=0|K=1280|L=320|p_B=0.75|p_C=0.75|B=2|eps=0|b4755c15-ae1c-4b25-96c8-f3c68ba4e0ec/ already exists.
./circuit_plots/Unrestricted Disentangled|Readout|CN=2|B0=0|B1=0|K=1280|L=320|p_B=0.75|p_C=0.75|B=2|eps=0|b4755c15-ae1c-4b25-96c8-f3c68ba4e0ec/ already exists.
./circuit_plots/Unrestricted Disentangled|Readout|CN=2|B0=0|B1=0|K=1280|L=320|p_B=0.75|p_C=0.75|B=2|eps=0|b4755c15-ae1c-4b25-96c8-f3c68ba4e0ec/ already exists.
./circuit_plots/Unrestricted Disentangled|Readout|CN=2|B0=0|B1=0|K=1280|L=320|p_B=0.75|p_C=0.75|B=2|eps=0|b4755c15-ae1c-4b25-96c8-f3c68ba4e0ec/ already exists.
Epoch: 2300, Loss: 5.725185394287109
Test acc: 0.0118, IC acc: 0.0125, IC acc2: 0.0029, IW acc: 0.0036
Epoch: 2301, Loss: 5.7251386642456055
Epoch: 2302, Loss: 5.721901893615723
Epoch: 2303, Loss: 5.743618965148926
Epoch: 2304, Loss: 5.748382091522217
Epoch: 2305, Loss: 5.726882457733154
Epoch: 2306, Loss: 5.741606712341309
Epoch: 2307, Loss: 5.752185821533203
Epoch: 2308, Loss: 5.737580299377441
Epoch: 2309, Loss: 5.7366743087768555
Epoch: 2310, Loss: 5.738584518432617
Test acc: 0.0118, IC acc: 0.0126, IC acc2: 0.0029, IW acc: 0.0036
Epoch: 2311, Loss: 5.716200828552246
Epoch: 2312, Loss: 5.734951019287109
Epoch: 2313, Loss: 5.723050117492676
Epoch: 2314, Loss: 5.733220100402832
Epoch: 2315, Loss: 5.740682601928711
Epoch: 2316, Loss: 5.74627685546875
Epoch: 2317, Loss: 5.725918769836426
Epoch: 2318, Loss: 5.722918510437012
Epoch: 2319, Loss: 5.741987228393555
Epoch: 2320, Loss: 5.723133087158203
Test acc: 0.0119, IC acc: 0.0129, IC acc2: 0.0027, IW acc: 0.0036
Epoch: 2321, Loss: 5.728886127471924
Epoch: 2322, Loss: 5.735075950622559
Epoch: 2323, Loss: 5.734502792358398
Epoch: 2324, Loss: 5.746941566467285
Epoch: 2325, Loss: 5.734529972076416
Epoch: 2326, Loss: 5.726019382476807
Epoch: 2327, Loss: 5.725841999053955
Epoch: 2328, Loss: 5.742103099822998
Epoch: 2329, Loss: 5.74871826171875
Epoch: 2330, Loss: 5.742725849151611
Test acc: 0.0119, IC acc: 0.013, IC acc2: 0.0027, IW acc: 0.0036
Epoch: 2331, Loss: 5.721767425537109
Epoch: 2332, Loss: 5.736146450042725
Epoch: 2333, Loss: 5.737983226776123
Epoch: 2334, Loss: 5.737196922302246
Epoch: 2335, Loss: 5.723186492919922
Epoch: 2336, Loss: 5.736598014831543
Epoch: 2337, Loss: 5.727783203125
Epoch: 2338, Loss: 5.7443647384643555
Epoch: 2339, Loss: 5.735982894897461
Epoch: 2340, Loss: 5.733216285705566
Test acc: 0.012, IC acc: 0.0131, IC acc2: 0.0027, IW acc: 0.0036
Epoch: 2341, Loss: 5.7359747886657715
Epoch: 2342, Loss: 5.724438667297363
Epoch: 2343, Loss: 5.7461090087890625
Epoch: 2344, Loss: 5.73836612701416
Epoch: 2345, Loss: 5.734719276428223
Epoch: 2346, Loss: 5.725827693939209
Epoch: 2347, Loss: 5.720199108123779
Epoch: 2348, Loss: 5.731368064880371
Epoch: 2349, Loss: 5.740976333618164
./circuit_plots/Unrestricted Disentangled|Readout|CN=2|B0=0|B1=0|K=1280|L=320|p_B=0.75|p_C=0.75|B=2|eps=0|b4755c15-ae1c-4b25-96c8-f3c68ba4e0ec/ already exists.
./circuit_plots/Unrestricted Disentangled|Readout|CN=2|B0=0|B1=0|K=1280|L=320|p_B=0.75|p_C=0.75|B=2|eps=0|b4755c15-ae1c-4b25-96c8-f3c68ba4e0ec/ already exists.
./circuit_plots/Unrestricted Disentangled|Readout|CN=2|B0=0|B1=0|K=1280|L=320|p_B=0.75|p_C=0.75|B=2|eps=0|b4755c15-ae1c-4b25-96c8-f3c68ba4e0ec/ already exists.
./circuit_plots/Unrestricted Disentangled|Readout|CN=2|B0=0|B1=0|K=1280|L=320|p_B=0.75|p_C=0.75|B=2|eps=0|b4755c15-ae1c-4b25-96c8-f3c68ba4e0ec/ already exists.
./circuit_plots/Unrestricted Disentangled|Readout|CN=2|B0=0|B1=0|K=1280|L=320|p_B=0.75|p_C=0.75|B=2|eps=0|b4755c15-ae1c-4b25-96c8-f3c68ba4e0ec/ already exists.
./circuit_plots/Unrestricted Disentangled|Readout|CN=2|B0=0|B1=0|K=1280|L=320|p_B=0.75|p_C=0.75|B=2|eps=0|b4755c15-ae1c-4b25-96c8-f3c68ba4e0ec/ already exists.
./circuit_plots/Unrestricted Disentangled|Readout|CN=2|B0=0|B1=0|K=1280|L=320|p_B=0.75|p_C=0.75|B=2|eps=0|b4755c15-ae1c-4b25-96c8-f3c68ba4e0ec/ already exists.
Epoch: 2350, Loss: 5.729598045349121
Test acc: 0.0121, IC acc: 0.0132, IC acc2: 0.0027, IW acc: 0.0036
Epoch: 2351, Loss: 5.751197814941406
Epoch: 2352, Loss: 5.727060317993164
Epoch: 2353, Loss: 5.734136581420898
Epoch: 2354, Loss: 5.7215495109558105
Epoch: 2355, Loss: 5.724842071533203
Epoch: 2356, Loss: 5.731077194213867
Epoch: 2357, Loss: 5.7342305183410645
Epoch: 2358, Loss: 5.740888595581055
Epoch: 2359, Loss: 5.733273983001709
Epoch: 2360, Loss: 5.729050159454346
Test acc: 0.0121, IC acc: 0.0135, IC acc2: 0.0027, IW acc: 0.0036
Epoch: 2361, Loss: 5.742788314819336
Epoch: 2362, Loss: 5.7295660972595215
Epoch: 2363, Loss: 5.734201431274414
Epoch: 2364, Loss: 5.735390663146973
Epoch: 2365, Loss: 5.739157676696777
Epoch: 2366, Loss: 5.740182876586914
Epoch: 2367, Loss: 5.735507965087891
Epoch: 2368, Loss: 5.727660655975342
Epoch: 2369, Loss: 5.731986045837402
Epoch: 2370, Loss: 5.732748985290527
Test acc: 0.0121, IC acc: 0.0134, IC acc2: 0.0027, IW acc: 0.0036
Epoch: 2371, Loss: 5.730078220367432
Epoch: 2372, Loss: 5.734609603881836
Epoch: 2373, Loss: 5.733541488647461
Epoch: 2374, Loss: 5.729186058044434
Epoch: 2375, Loss: 5.755870342254639
Epoch: 2376, Loss: 5.740069389343262
Epoch: 2377, Loss: 5.741687774658203
Epoch: 2378, Loss: 5.722661018371582
Epoch: 2379, Loss: 5.738079071044922
Epoch: 2380, Loss: 5.733144760131836
Test acc: 0.0121, IC acc: 0.0135, IC acc2: 0.0027, IW acc: 0.0036
Epoch: 2381, Loss: 5.727431297302246
Epoch: 2382, Loss: 5.732490539550781
Epoch: 2383, Loss: 5.737020969390869
Epoch: 2384, Loss: 5.735095977783203
Epoch: 2385, Loss: 5.729776382446289
Epoch: 2386, Loss: 5.741384506225586
Epoch: 2387, Loss: 5.733891487121582
Epoch: 2388, Loss: 5.736055374145508
Epoch: 2389, Loss: 5.751836776733398
Epoch: 2390, Loss: 5.73039436340332
Test acc: 0.0121, IC acc: 0.0137, IC acc2: 0.0026, IW acc: 0.0036
Epoch: 2391, Loss: 5.739545822143555
Epoch: 2392, Loss: 5.727245807647705
Epoch: 2393, Loss: 5.740077972412109
Epoch: 2394, Loss: 5.7270708084106445
Epoch: 2395, Loss: 5.731145858764648
Epoch: 2396, Loss: 5.741522789001465
Epoch: 2397, Loss: 5.724103927612305
Epoch: 2398, Loss: 5.730957984924316
Epoch: 2399, Loss: 5.730101108551025
./circuit_plots/Unrestricted Disentangled|Readout|CN=2|B0=0|B1=0|K=1280|L=320|p_B=0.75|p_C=0.75|B=2|eps=0|b4755c15-ae1c-4b25-96c8-f3c68ba4e0ec/ already exists.
./circuit_plots/Unrestricted Disentangled|Readout|CN=2|B0=0|B1=0|K=1280|L=320|p_B=0.75|p_C=0.75|B=2|eps=0|b4755c15-ae1c-4b25-96c8-f3c68ba4e0ec/ already exists.
./circuit_plots/Unrestricted Disentangled|Readout|CN=2|B0=0|B1=0|K=1280|L=320|p_B=0.75|p_C=0.75|B=2|eps=0|b4755c15-ae1c-4b25-96c8-f3c68ba4e0ec/ already exists.
./circuit_plots/Unrestricted Disentangled|Readout|CN=2|B0=0|B1=0|K=1280|L=320|p_B=0.75|p_C=0.75|B=2|eps=0|b4755c15-ae1c-4b25-96c8-f3c68ba4e0ec/ already exists.
./circuit_plots/Unrestricted Disentangled|Readout|CN=2|B0=0|B1=0|K=1280|L=320|p_B=0.75|p_C=0.75|B=2|eps=0|b4755c15-ae1c-4b25-96c8-f3c68ba4e0ec/ already exists.
./circuit_plots/Unrestricted Disentangled|Readout|CN=2|B0=0|B1=0|K=1280|L=320|p_B=0.75|p_C=0.75|B=2|eps=0|b4755c15-ae1c-4b25-96c8-f3c68ba4e0ec/ already exists.
./circuit_plots/Unrestricted Disentangled|Readout|CN=2|B0=0|B1=0|K=1280|L=320|p_B=0.75|p_C=0.75|B=2|eps=0|b4755c15-ae1c-4b25-96c8-f3c68ba4e0ec/ already exists.
Epoch: 2400, Loss: 5.7343339920043945
Test acc: 0.0123, IC acc: 0.0137, IC acc2: 0.0027, IW acc: 0.0035
Epoch: 2401, Loss: 5.72209358215332
Epoch: 2402, Loss: 5.72068977355957
Epoch: 2403, Loss: 5.7378339767456055
Epoch: 2404, Loss: 5.733164310455322
Epoch: 2405, Loss: 5.720278739929199
Epoch: 2406, Loss: 5.714171409606934
Epoch: 2407, Loss: 5.744162082672119
Epoch: 2408, Loss: 5.740124702453613
Epoch: 2409, Loss: 5.749693870544434
Epoch: 2410, Loss: 5.722905158996582
Test acc: 0.0125, IC acc: 0.0136, IC acc2: 0.0027, IW acc: 0.0036
Epoch: 2411, Loss: 5.738675117492676
Epoch: 2412, Loss: 5.735941410064697
Epoch: 2413, Loss: 5.73999547958374
Epoch: 2414, Loss: 5.732958793640137
Epoch: 2415, Loss: 5.7351484298706055
Epoch: 2416, Loss: 5.732088565826416
Epoch: 2417, Loss: 5.71055793762207
Epoch: 2418, Loss: 5.729104042053223
Epoch: 2419, Loss: 5.719388961791992
Epoch: 2420, Loss: 5.722161769866943
Test acc: 0.0126, IC acc: 0.0139, IC acc2: 0.0027, IW acc: 0.0036
Epoch: 2421, Loss: 5.753902435302734
Epoch: 2422, Loss: 5.727651596069336
Epoch: 2423, Loss: 5.743793964385986
Epoch: 2424, Loss: 5.743325233459473
Epoch: 2425, Loss: 5.728044509887695
Epoch: 2426, Loss: 5.730548858642578
Epoch: 2427, Loss: 5.734694480895996
Epoch: 2428, Loss: 5.742537498474121
Epoch: 2429, Loss: 5.728991508483887
Epoch: 2430, Loss: 5.733728408813477
Test acc: 0.0125, IC acc: 0.014, IC acc2: 0.0027, IW acc: 0.0037
Epoch: 2431, Loss: 5.730708122253418
Epoch: 2432, Loss: 5.729899883270264
Epoch: 2433, Loss: 5.722414970397949
Epoch: 2434, Loss: 5.7340087890625
Epoch: 2435, Loss: 5.7385573387146
Epoch: 2436, Loss: 5.73170804977417
Epoch: 2437, Loss: 5.737676620483398
Epoch: 2438, Loss: 5.708404541015625
Epoch: 2439, Loss: 5.740756034851074
Epoch: 2440, Loss: 5.716897487640381
Test acc: 0.0127, IC acc: 0.0142, IC acc2: 0.0027, IW acc: 0.0036
Epoch: 2441, Loss: 5.735071182250977
Epoch: 2442, Loss: 5.7275590896606445
Epoch: 2443, Loss: 5.737950801849365
Epoch: 2444, Loss: 5.747127532958984
Epoch: 2445, Loss: 5.729788780212402
Epoch: 2446, Loss: 5.729002952575684
Epoch: 2447, Loss: 5.7420125007629395
Epoch: 2448, Loss: 5.724586009979248
Epoch: 2449, Loss: 5.731410980224609
./circuit_plots/Unrestricted Disentangled|Readout|CN=2|B0=0|B1=0|K=1280|L=320|p_B=0.75|p_C=0.75|B=2|eps=0|b4755c15-ae1c-4b25-96c8-f3c68ba4e0ec/ already exists.
./circuit_plots/Unrestricted Disentangled|Readout|CN=2|B0=0|B1=0|K=1280|L=320|p_B=0.75|p_C=0.75|B=2|eps=0|b4755c15-ae1c-4b25-96c8-f3c68ba4e0ec/ already exists.
./circuit_plots/Unrestricted Disentangled|Readout|CN=2|B0=0|B1=0|K=1280|L=320|p_B=0.75|p_C=0.75|B=2|eps=0|b4755c15-ae1c-4b25-96c8-f3c68ba4e0ec/ already exists.
./circuit_plots/Unrestricted Disentangled|Readout|CN=2|B0=0|B1=0|K=1280|L=320|p_B=0.75|p_C=0.75|B=2|eps=0|b4755c15-ae1c-4b25-96c8-f3c68ba4e0ec/ already exists.
./circuit_plots/Unrestricted Disentangled|Readout|CN=2|B0=0|B1=0|K=1280|L=320|p_B=0.75|p_C=0.75|B=2|eps=0|b4755c15-ae1c-4b25-96c8-f3c68ba4e0ec/ already exists.
./circuit_plots/Unrestricted Disentangled|Readout|CN=2|B0=0|B1=0|K=1280|L=320|p_B=0.75|p_C=0.75|B=2|eps=0|b4755c15-ae1c-4b25-96c8-f3c68ba4e0ec/ already exists.
./circuit_plots/Unrestricted Disentangled|Readout|CN=2|B0=0|B1=0|K=1280|L=320|p_B=0.75|p_C=0.75|B=2|eps=0|b4755c15-ae1c-4b25-96c8-f3c68ba4e0ec/ already exists.
Epoch: 2450, Loss: 5.745206832885742
Test acc: 0.0127, IC acc: 0.0141, IC acc2: 0.0027, IW acc: 0.0037
Epoch: 2451, Loss: 5.726926326751709
Epoch: 2452, Loss: 5.740756511688232
Epoch: 2453, Loss: 5.732885360717773
Epoch: 2454, Loss: 5.741091728210449
Epoch: 2455, Loss: 5.722688674926758
Epoch: 2456, Loss: 5.735746383666992
Epoch: 2457, Loss: 5.723648548126221
Epoch: 2458, Loss: 5.7372283935546875
Epoch: 2459, Loss: 5.731793403625488
Epoch: 2460, Loss: 5.728341579437256
Test acc: 0.0128, IC acc: 0.0142, IC acc2: 0.0027, IW acc: 0.0037
Epoch: 2461, Loss: 5.735982894897461
Epoch: 2462, Loss: 5.726609230041504
Epoch: 2463, Loss: 5.727208137512207
Epoch: 2464, Loss: 5.736525535583496
Epoch: 2465, Loss: 5.735955238342285
Epoch: 2466, Loss: 5.727939605712891
Epoch: 2467, Loss: 5.735363483428955
Epoch: 2468, Loss: 5.732104778289795
Epoch: 2469, Loss: 5.733940124511719
Epoch: 2470, Loss: 5.7330474853515625
Test acc: 0.0128, IC acc: 0.0144, IC acc2: 0.0028, IW acc: 0.0037
Epoch: 2471, Loss: 5.730559349060059
Epoch: 2472, Loss: 5.730581283569336
Epoch: 2473, Loss: 5.728139877319336
Epoch: 2474, Loss: 5.739780426025391
Epoch: 2475, Loss: 5.750014781951904
Epoch: 2476, Loss: 5.717192649841309
Epoch: 2477, Loss: 5.739058494567871
Epoch: 2478, Loss: 5.720342636108398
Epoch: 2479, Loss: 5.731950759887695
Epoch: 2480, Loss: 5.7398834228515625
Test acc: 0.013, IC acc: 0.0145, IC acc2: 0.0027, IW acc: 0.0037
Epoch: 2481, Loss: 5.731200218200684
Epoch: 2482, Loss: 5.729008197784424
Epoch: 2483, Loss: 5.716885566711426
Epoch: 2484, Loss: 5.740726470947266
Epoch: 2485, Loss: 5.729104518890381
Epoch: 2486, Loss: 5.7343950271606445
Epoch: 2487, Loss: 5.717944145202637
Epoch: 2488, Loss: 5.734494209289551
Epoch: 2489, Loss: 5.735384941101074
Epoch: 2490, Loss: 5.735699653625488
Test acc: 0.0129, IC acc: 0.0147, IC acc2: 0.0028, IW acc: 0.0037
Epoch: 2491, Loss: 5.739483833312988
Epoch: 2492, Loss: 5.745985984802246
Epoch: 2493, Loss: 5.729279518127441
Epoch: 2494, Loss: 5.736686706542969
Epoch: 2495, Loss: 5.723150730133057
Epoch: 2496, Loss: 5.739383697509766
Epoch: 2497, Loss: 5.741580963134766
Epoch: 2498, Loss: 5.723715305328369
Epoch: 2499, Loss: 5.746470928192139
./circuit_plots/Unrestricted Disentangled|Readout|CN=2|B0=0|B1=0|K=1280|L=320|p_B=0.75|p_C=0.75|B=2|eps=0|b4755c15-ae1c-4b25-96c8-f3c68ba4e0ec/ already exists.
./circuit_plots/Unrestricted Disentangled|Readout|CN=2|B0=0|B1=0|K=1280|L=320|p_B=0.75|p_C=0.75|B=2|eps=0|b4755c15-ae1c-4b25-96c8-f3c68ba4e0ec/ already exists.
./circuit_plots/Unrestricted Disentangled|Readout|CN=2|B0=0|B1=0|K=1280|L=320|p_B=0.75|p_C=0.75|B=2|eps=0|b4755c15-ae1c-4b25-96c8-f3c68ba4e0ec/ already exists.
./circuit_plots/Unrestricted Disentangled|Readout|CN=2|B0=0|B1=0|K=1280|L=320|p_B=0.75|p_C=0.75|B=2|eps=0|b4755c15-ae1c-4b25-96c8-f3c68ba4e0ec/ already exists.
./circuit_plots/Unrestricted Disentangled|Readout|CN=2|B0=0|B1=0|K=1280|L=320|p_B=0.75|p_C=0.75|B=2|eps=0|b4755c15-ae1c-4b25-96c8-f3c68ba4e0ec/ already exists.
./circuit_plots/Unrestricted Disentangled|Readout|CN=2|B0=0|B1=0|K=1280|L=320|p_B=0.75|p_C=0.75|B=2|eps=0|b4755c15-ae1c-4b25-96c8-f3c68ba4e0ec/ already exists.
./circuit_plots/Unrestricted Disentangled|Readout|CN=2|B0=0|B1=0|K=1280|L=320|p_B=0.75|p_C=0.75|B=2|eps=0|b4755c15-ae1c-4b25-96c8-f3c68ba4e0ec/ already exists.
Epoch: 2500, Loss: 5.729763984680176
Test acc: 0.0132, IC acc: 0.0148, IC acc2: 0.0028, IW acc: 0.0037
Epoch: 2501, Loss: 5.72946310043335
Epoch: 2502, Loss: 5.724180698394775
Epoch: 2503, Loss: 5.735129356384277
Epoch: 2504, Loss: 5.724189281463623
Epoch: 2505, Loss: 5.745244979858398
Epoch: 2506, Loss: 5.735134124755859
Epoch: 2507, Loss: 5.736104965209961
Epoch: 2508, Loss: 5.744551181793213
Epoch: 2509, Loss: 5.726780414581299
Epoch: 2510, Loss: 5.731875419616699
Test acc: 0.0133, IC acc: 0.0149, IC acc2: 0.0028, IW acc: 0.0036
Epoch: 2511, Loss: 5.724671840667725
Epoch: 2512, Loss: 5.718550205230713
Epoch: 2513, Loss: 5.728595733642578
Epoch: 2514, Loss: 5.736715316772461
Epoch: 2515, Loss: 5.7144269943237305
Epoch: 2516, Loss: 5.740290641784668
Epoch: 2517, Loss: 5.73089599609375
Epoch: 2518, Loss: 5.724370956420898
Epoch: 2519, Loss: 5.7260541915893555
Epoch: 2520, Loss: 5.721834182739258
Test acc: 0.0133, IC acc: 0.0149, IC acc2: 0.0028, IW acc: 0.0036
Epoch: 2521, Loss: 5.7311553955078125
Epoch: 2522, Loss: 5.735939025878906
Epoch: 2523, Loss: 5.7273173332214355
Epoch: 2524, Loss: 5.730639457702637
Epoch: 2525, Loss: 5.737898349761963
Epoch: 2526, Loss: 5.722908020019531
Epoch: 2527, Loss: 5.728736877441406
Epoch: 2528, Loss: 5.715771675109863
Epoch: 2529, Loss: 5.738875389099121
Epoch: 2530, Loss: 5.732455253601074
Test acc: 0.0132, IC acc: 0.0151, IC acc2: 0.003, IW acc: 0.0036
Epoch: 2531, Loss: 5.746913909912109
Epoch: 2532, Loss: 5.7505693435668945
Epoch: 2533, Loss: 5.736701965332031
Epoch: 2534, Loss: 5.731056213378906
Epoch: 2535, Loss: 5.721835613250732
Epoch: 2536, Loss: 5.726685047149658
Epoch: 2537, Loss: 5.7325849533081055
Epoch: 2538, Loss: 5.73728084564209
Epoch: 2539, Loss: 5.735752105712891
Epoch: 2540, Loss: 5.7382049560546875
Test acc: 0.0133, IC acc: 0.0151, IC acc2: 0.0029, IW acc: 0.0034
Epoch: 2541, Loss: 5.718493461608887
Epoch: 2542, Loss: 5.731173038482666
Epoch: 2543, Loss: 5.7478437423706055
Epoch: 2544, Loss: 5.746272087097168
Epoch: 2545, Loss: 5.726870536804199
Epoch: 2546, Loss: 5.730097770690918
Epoch: 2547, Loss: 5.738069534301758
Epoch: 2548, Loss: 5.721343994140625
Epoch: 2549, Loss: 5.733908176422119
./circuit_plots/Unrestricted Disentangled|Readout|CN=2|B0=0|B1=0|K=1280|L=320|p_B=0.75|p_C=0.75|B=2|eps=0|b4755c15-ae1c-4b25-96c8-f3c68ba4e0ec/ already exists.
./circuit_plots/Unrestricted Disentangled|Readout|CN=2|B0=0|B1=0|K=1280|L=320|p_B=0.75|p_C=0.75|B=2|eps=0|b4755c15-ae1c-4b25-96c8-f3c68ba4e0ec/ already exists.
./circuit_plots/Unrestricted Disentangled|Readout|CN=2|B0=0|B1=0|K=1280|L=320|p_B=0.75|p_C=0.75|B=2|eps=0|b4755c15-ae1c-4b25-96c8-f3c68ba4e0ec/ already exists.
./circuit_plots/Unrestricted Disentangled|Readout|CN=2|B0=0|B1=0|K=1280|L=320|p_B=0.75|p_C=0.75|B=2|eps=0|b4755c15-ae1c-4b25-96c8-f3c68ba4e0ec/ already exists.
./circuit_plots/Unrestricted Disentangled|Readout|CN=2|B0=0|B1=0|K=1280|L=320|p_B=0.75|p_C=0.75|B=2|eps=0|b4755c15-ae1c-4b25-96c8-f3c68ba4e0ec/ already exists.
./circuit_plots/Unrestricted Disentangled|Readout|CN=2|B0=0|B1=0|K=1280|L=320|p_B=0.75|p_C=0.75|B=2|eps=0|b4755c15-ae1c-4b25-96c8-f3c68ba4e0ec/ already exists.
./circuit_plots/Unrestricted Disentangled|Readout|CN=2|B0=0|B1=0|K=1280|L=320|p_B=0.75|p_C=0.75|B=2|eps=0|b4755c15-ae1c-4b25-96c8-f3c68ba4e0ec/ already exists.
Epoch: 2550, Loss: 5.724430084228516
Test acc: 0.0134, IC acc: 0.0152, IC acc2: 0.003, IW acc: 0.0035
Epoch: 2551, Loss: 5.733918190002441
Epoch: 2552, Loss: 5.726484298706055
Epoch: 2553, Loss: 5.736851692199707
Epoch: 2554, Loss: 5.730018615722656
Epoch: 2555, Loss: 5.725926876068115
Epoch: 2556, Loss: 5.722661972045898
Epoch: 2557, Loss: 5.736708164215088
Epoch: 2558, Loss: 5.737371921539307
Epoch: 2559, Loss: 5.72425651550293
Epoch: 2560, Loss: 5.716390132904053
Test acc: 0.0134, IC acc: 0.0152, IC acc2: 0.003, IW acc: 0.0034
Epoch: 2561, Loss: 5.732013702392578
Epoch: 2562, Loss: 5.74053955078125
Epoch: 2563, Loss: 5.725777626037598
Epoch: 2564, Loss: 5.738385200500488
Epoch: 2565, Loss: 5.742242813110352
Epoch: 2566, Loss: 5.728418350219727
Epoch: 2567, Loss: 5.746157646179199
Epoch: 2568, Loss: 5.718417167663574
Epoch: 2569, Loss: 5.72449254989624
Epoch: 2570, Loss: 5.724186897277832
Test acc: 0.0135, IC acc: 0.0152, IC acc2: 0.0032, IW acc: 0.0035
Epoch: 2571, Loss: 5.736201286315918
Epoch: 2572, Loss: 5.7408528327941895
Epoch: 2573, Loss: 5.710660934448242
Epoch: 2574, Loss: 5.736395359039307
Epoch: 2575, Loss: 5.724573135375977
Epoch: 2576, Loss: 5.722182273864746
Epoch: 2577, Loss: 5.731008529663086
Epoch: 2578, Loss: 5.727237701416016
Epoch: 2579, Loss: 5.732983112335205
Epoch: 2580, Loss: 5.737514495849609
Test acc: 0.0136, IC acc: 0.0153, IC acc2: 0.0032, IW acc: 0.0035
Epoch: 2581, Loss: 5.729360580444336
Epoch: 2582, Loss: 5.741656303405762
Epoch: 2583, Loss: 5.726422309875488
Epoch: 2584, Loss: 5.737217903137207
Epoch: 2585, Loss: 5.7307024002075195
Epoch: 2586, Loss: 5.734383583068848
Epoch: 2587, Loss: 5.7205119132995605
Epoch: 2588, Loss: 5.725738525390625
Epoch: 2589, Loss: 5.719805717468262
Epoch: 2590, Loss: 5.728816986083984
Test acc: 0.0137, IC acc: 0.0153, IC acc2: 0.0031, IW acc: 0.0035
Epoch: 2591, Loss: 5.721951007843018
Epoch: 2592, Loss: 5.712989807128906
Epoch: 2593, Loss: 5.736526966094971
Epoch: 2594, Loss: 5.744942665100098
Epoch: 2595, Loss: 5.726234436035156
Epoch: 2596, Loss: 5.731900215148926
Epoch: 2597, Loss: 5.712771415710449
Epoch: 2598, Loss: 5.719668388366699
Epoch: 2599, Loss: 5.726771831512451
./circuit_plots/Unrestricted Disentangled|Readout|CN=2|B0=0|B1=0|K=1280|L=320|p_B=0.75|p_C=0.75|B=2|eps=0|b4755c15-ae1c-4b25-96c8-f3c68ba4e0ec/ already exists.
./circuit_plots/Unrestricted Disentangled|Readout|CN=2|B0=0|B1=0|K=1280|L=320|p_B=0.75|p_C=0.75|B=2|eps=0|b4755c15-ae1c-4b25-96c8-f3c68ba4e0ec/ already exists.
./circuit_plots/Unrestricted Disentangled|Readout|CN=2|B0=0|B1=0|K=1280|L=320|p_B=0.75|p_C=0.75|B=2|eps=0|b4755c15-ae1c-4b25-96c8-f3c68ba4e0ec/ already exists.
./circuit_plots/Unrestricted Disentangled|Readout|CN=2|B0=0|B1=0|K=1280|L=320|p_B=0.75|p_C=0.75|B=2|eps=0|b4755c15-ae1c-4b25-96c8-f3c68ba4e0ec/ already exists.
./circuit_plots/Unrestricted Disentangled|Readout|CN=2|B0=0|B1=0|K=1280|L=320|p_B=0.75|p_C=0.75|B=2|eps=0|b4755c15-ae1c-4b25-96c8-f3c68ba4e0ec/ already exists.
./circuit_plots/Unrestricted Disentangled|Readout|CN=2|B0=0|B1=0|K=1280|L=320|p_B=0.75|p_C=0.75|B=2|eps=0|b4755c15-ae1c-4b25-96c8-f3c68ba4e0ec/ already exists.
./circuit_plots/Unrestricted Disentangled|Readout|CN=2|B0=0|B1=0|K=1280|L=320|p_B=0.75|p_C=0.75|B=2|eps=0|b4755c15-ae1c-4b25-96c8-f3c68ba4e0ec/ already exists.
Epoch: 2600, Loss: 5.728090286254883
Test acc: 0.0137, IC acc: 0.0155, IC acc2: 0.0031, IW acc: 0.0035
Epoch: 2601, Loss: 5.737314224243164
Epoch: 2602, Loss: 5.736433029174805
Epoch: 2603, Loss: 5.717192649841309
Epoch: 2604, Loss: 5.741555213928223
Epoch: 2605, Loss: 5.735811233520508
Epoch: 2606, Loss: 5.733922958374023
Epoch: 2607, Loss: 5.72419548034668
Epoch: 2608, Loss: 5.726819038391113
Epoch: 2609, Loss: 5.723055362701416
Epoch: 2610, Loss: 5.733242034912109
Test acc: 0.0137, IC acc: 0.0154, IC acc2: 0.0032, IW acc: 0.0035
Epoch: 2611, Loss: 5.7299981117248535
Epoch: 2612, Loss: 5.717306137084961
Epoch: 2613, Loss: 5.730640888214111
Epoch: 2614, Loss: 5.736859321594238
Epoch: 2615, Loss: 5.739476203918457
Epoch: 2616, Loss: 5.738160610198975
Epoch: 2617, Loss: 5.725329399108887
Epoch: 2618, Loss: 5.7326130867004395
Epoch: 2619, Loss: 5.7243547439575195
Epoch: 2620, Loss: 5.728847503662109
Test acc: 0.0137, IC acc: 0.0156, IC acc2: 0.0031, IW acc: 0.0035
Epoch: 2621, Loss: 5.71566104888916
Epoch: 2622, Loss: 5.739853858947754
Epoch: 2623, Loss: 5.737576961517334
Epoch: 2624, Loss: 5.718205451965332
Epoch: 2625, Loss: 5.72907829284668
Epoch: 2626, Loss: 5.724590301513672
Epoch: 2627, Loss: 5.725429534912109
Epoch: 2628, Loss: 5.756807327270508
Epoch: 2629, Loss: 5.728431701660156
Epoch: 2630, Loss: 5.718783855438232
Test acc: 0.0138, IC acc: 0.0157, IC acc2: 0.0032, IW acc: 0.0035
Epoch: 2631, Loss: 5.725130558013916
Epoch: 2632, Loss: 5.707186698913574
Epoch: 2633, Loss: 5.7364654541015625
Epoch: 2634, Loss: 5.714209079742432
Epoch: 2635, Loss: 5.722202301025391
Epoch: 2636, Loss: 5.718739986419678
Epoch: 2637, Loss: 5.731842041015625
Epoch: 2638, Loss: 5.7375359535217285
Epoch: 2639, Loss: 5.733458518981934
Epoch: 2640, Loss: 5.719232082366943
Test acc: 0.0139, IC acc: 0.0156, IC acc2: 0.0032, IW acc: 0.0035
Epoch: 2641, Loss: 5.728200912475586
Epoch: 2642, Loss: 5.712621688842773
Epoch: 2643, Loss: 5.7295427322387695
Epoch: 2644, Loss: 5.7273759841918945
Epoch: 2645, Loss: 5.7408294677734375
Epoch: 2646, Loss: 5.733797550201416
Epoch: 2647, Loss: 5.733333587646484
Epoch: 2648, Loss: 5.7447099685668945
Epoch: 2649, Loss: 5.7275848388671875
./circuit_plots/Unrestricted Disentangled|Readout|CN=2|B0=0|B1=0|K=1280|L=320|p_B=0.75|p_C=0.75|B=2|eps=0|b4755c15-ae1c-4b25-96c8-f3c68ba4e0ec/ already exists.
./circuit_plots/Unrestricted Disentangled|Readout|CN=2|B0=0|B1=0|K=1280|L=320|p_B=0.75|p_C=0.75|B=2|eps=0|b4755c15-ae1c-4b25-96c8-f3c68ba4e0ec/ already exists.
./circuit_plots/Unrestricted Disentangled|Readout|CN=2|B0=0|B1=0|K=1280|L=320|p_B=0.75|p_C=0.75|B=2|eps=0|b4755c15-ae1c-4b25-96c8-f3c68ba4e0ec/ already exists.
./circuit_plots/Unrestricted Disentangled|Readout|CN=2|B0=0|B1=0|K=1280|L=320|p_B=0.75|p_C=0.75|B=2|eps=0|b4755c15-ae1c-4b25-96c8-f3c68ba4e0ec/ already exists.
./circuit_plots/Unrestricted Disentangled|Readout|CN=2|B0=0|B1=0|K=1280|L=320|p_B=0.75|p_C=0.75|B=2|eps=0|b4755c15-ae1c-4b25-96c8-f3c68ba4e0ec/ already exists.
./circuit_plots/Unrestricted Disentangled|Readout|CN=2|B0=0|B1=0|K=1280|L=320|p_B=0.75|p_C=0.75|B=2|eps=0|b4755c15-ae1c-4b25-96c8-f3c68ba4e0ec/ already exists.
./circuit_plots/Unrestricted Disentangled|Readout|CN=2|B0=0|B1=0|K=1280|L=320|p_B=0.75|p_C=0.75|B=2|eps=0|b4755c15-ae1c-4b25-96c8-f3c68ba4e0ec/ already exists.
Epoch: 2650, Loss: 5.720296859741211
Test acc: 0.0139, IC acc: 0.0156, IC acc2: 0.0032, IW acc: 0.0034
Epoch: 2651, Loss: 5.725275039672852
Epoch: 2652, Loss: 5.7292985916137695
Epoch: 2653, Loss: 5.719189643859863
Epoch: 2654, Loss: 5.729971885681152
Epoch: 2655, Loss: 5.728682994842529
Epoch: 2656, Loss: 5.73184871673584
Epoch: 2657, Loss: 5.724071979522705
Epoch: 2658, Loss: 5.7265729904174805
Epoch: 2659, Loss: 5.73084831237793
Epoch: 2660, Loss: 5.736815929412842
Test acc: 0.0139, IC acc: 0.0156, IC acc2: 0.0032, IW acc: 0.0034
Epoch: 2661, Loss: 5.729689598083496
Epoch: 2662, Loss: 5.732911109924316
Epoch: 2663, Loss: 5.716337203979492
Epoch: 2664, Loss: 5.734485626220703
Epoch: 2665, Loss: 5.7416791915893555
Epoch: 2666, Loss: 5.719060897827148
Epoch: 2667, Loss: 5.740035057067871
Epoch: 2668, Loss: 5.720226287841797
Epoch: 2669, Loss: 5.7287139892578125
Epoch: 2670, Loss: 5.724853992462158
Test acc: 0.0141, IC acc: 0.0156, IC acc2: 0.0032, IW acc: 0.0034
Epoch: 2671, Loss: 5.749973297119141
Epoch: 2672, Loss: 5.720653533935547
Epoch: 2673, Loss: 5.726350784301758
Epoch: 2674, Loss: 5.733414173126221
Epoch: 2675, Loss: 5.71121883392334
Epoch: 2676, Loss: 5.731329917907715
Epoch: 2677, Loss: 5.735594749450684
Epoch: 2678, Loss: 5.721203804016113
Epoch: 2679, Loss: 5.728772163391113
Epoch: 2680, Loss: 5.725120544433594
Test acc: 0.0141, IC acc: 0.0155, IC acc2: 0.0032, IW acc: 0.0034
Epoch: 2681, Loss: 5.73544979095459
Epoch: 2682, Loss: 5.72782039642334
Epoch: 2683, Loss: 5.730863094329834
Epoch: 2684, Loss: 5.734402656555176
Epoch: 2685, Loss: 5.734391212463379
Epoch: 2686, Loss: 5.7245635986328125
Epoch: 2687, Loss: 5.720521926879883
Epoch: 2688, Loss: 5.717273712158203
Epoch: 2689, Loss: 5.71437931060791
Epoch: 2690, Loss: 5.73567008972168
Test acc: 0.0141, IC acc: 0.0158, IC acc2: 0.0033, IW acc: 0.0034
Epoch: 2691, Loss: 5.745508670806885
Epoch: 2692, Loss: 5.734416484832764
Epoch: 2693, Loss: 5.719102382659912
Epoch: 2694, Loss: 5.722241401672363
Epoch: 2695, Loss: 5.734891891479492
Epoch: 2696, Loss: 5.744287967681885
Epoch: 2697, Loss: 5.712244987487793
Epoch: 2698, Loss: 5.726069927215576
Epoch: 2699, Loss: 5.728552341461182
./circuit_plots/Unrestricted Disentangled|Readout|CN=2|B0=0|B1=0|K=1280|L=320|p_B=0.75|p_C=0.75|B=2|eps=0|b4755c15-ae1c-4b25-96c8-f3c68ba4e0ec/ already exists.
./circuit_plots/Unrestricted Disentangled|Readout|CN=2|B0=0|B1=0|K=1280|L=320|p_B=0.75|p_C=0.75|B=2|eps=0|b4755c15-ae1c-4b25-96c8-f3c68ba4e0ec/ already exists.
./circuit_plots/Unrestricted Disentangled|Readout|CN=2|B0=0|B1=0|K=1280|L=320|p_B=0.75|p_C=0.75|B=2|eps=0|b4755c15-ae1c-4b25-96c8-f3c68ba4e0ec/ already exists.
./circuit_plots/Unrestricted Disentangled|Readout|CN=2|B0=0|B1=0|K=1280|L=320|p_B=0.75|p_C=0.75|B=2|eps=0|b4755c15-ae1c-4b25-96c8-f3c68ba4e0ec/ already exists.
./circuit_plots/Unrestricted Disentangled|Readout|CN=2|B0=0|B1=0|K=1280|L=320|p_B=0.75|p_C=0.75|B=2|eps=0|b4755c15-ae1c-4b25-96c8-f3c68ba4e0ec/ already exists.
./circuit_plots/Unrestricted Disentangled|Readout|CN=2|B0=0|B1=0|K=1280|L=320|p_B=0.75|p_C=0.75|B=2|eps=0|b4755c15-ae1c-4b25-96c8-f3c68ba4e0ec/ already exists.
./circuit_plots/Unrestricted Disentangled|Readout|CN=2|B0=0|B1=0|K=1280|L=320|p_B=0.75|p_C=0.75|B=2|eps=0|b4755c15-ae1c-4b25-96c8-f3c68ba4e0ec/ already exists.
Epoch: 2700, Loss: 5.7249250411987305
Test acc: 0.0142, IC acc: 0.0159, IC acc2: 0.0033, IW acc: 0.0033
Epoch: 2701, Loss: 5.722325325012207
Epoch: 2702, Loss: 5.741786479949951
Epoch: 2703, Loss: 5.726146221160889
Epoch: 2704, Loss: 5.7233500480651855
Epoch: 2705, Loss: 5.715914726257324
Epoch: 2706, Loss: 5.7149858474731445
Epoch: 2707, Loss: 5.733099937438965
Epoch: 2708, Loss: 5.712513446807861
Epoch: 2709, Loss: 5.735833168029785
Epoch: 2710, Loss: 5.729410171508789
Test acc: 0.0142, IC acc: 0.016, IC acc2: 0.0033, IW acc: 0.0035
Epoch: 2711, Loss: 5.7274169921875
Epoch: 2712, Loss: 5.725152969360352
Epoch: 2713, Loss: 5.7448015213012695
Epoch: 2714, Loss: 5.723545551300049
Epoch: 2715, Loss: 5.725133895874023
Epoch: 2716, Loss: 5.736208915710449
Epoch: 2717, Loss: 5.738539695739746
Epoch: 2718, Loss: 5.716291427612305
Epoch: 2719, Loss: 5.734503746032715
Epoch: 2720, Loss: 5.723573684692383
Test acc: 0.0144, IC acc: 0.0159, IC acc2: 0.0033, IW acc: 0.0033
Epoch: 2721, Loss: 5.731549263000488
Epoch: 2722, Loss: 5.721012115478516
Epoch: 2723, Loss: 5.733939170837402
Epoch: 2724, Loss: 5.724947929382324
Epoch: 2725, Loss: 5.727108478546143
Epoch: 2726, Loss: 5.723687171936035
Epoch: 2727, Loss: 5.722740173339844
Epoch: 2728, Loss: 5.723447799682617
Epoch: 2729, Loss: 5.716231346130371
Epoch: 2730, Loss: 5.718440055847168
Test acc: 0.0145, IC acc: 0.016, IC acc2: 0.0033, IW acc: 0.0035
Epoch: 2731, Loss: 5.739231109619141
Epoch: 2732, Loss: 5.731301307678223
Epoch: 2733, Loss: 5.721316337585449
Epoch: 2734, Loss: 5.728434085845947
Epoch: 2735, Loss: 5.7240824699401855
Epoch: 2736, Loss: 5.738049507141113
Epoch: 2737, Loss: 5.726013660430908
Epoch: 2738, Loss: 5.727825164794922
Epoch: 2739, Loss: 5.721965789794922
Epoch: 2740, Loss: 5.734703063964844
Test acc: 0.0146, IC acc: 0.016, IC acc2: 0.0033, IW acc: 0.0034
Epoch: 2741, Loss: 5.733746528625488
Epoch: 2742, Loss: 5.720260143280029
Epoch: 2743, Loss: 5.719315528869629
Epoch: 2744, Loss: 5.7192912101745605
Epoch: 2745, Loss: 5.740268707275391
Epoch: 2746, Loss: 5.723546028137207
Epoch: 2747, Loss: 5.731619834899902
Epoch: 2748, Loss: 5.725439071655273
Epoch: 2749, Loss: 5.739933490753174
./circuit_plots/Unrestricted Disentangled|Readout|CN=2|B0=0|B1=0|K=1280|L=320|p_B=0.75|p_C=0.75|B=2|eps=0|b4755c15-ae1c-4b25-96c8-f3c68ba4e0ec/ already exists.
./circuit_plots/Unrestricted Disentangled|Readout|CN=2|B0=0|B1=0|K=1280|L=320|p_B=0.75|p_C=0.75|B=2|eps=0|b4755c15-ae1c-4b25-96c8-f3c68ba4e0ec/ already exists.
./circuit_plots/Unrestricted Disentangled|Readout|CN=2|B0=0|B1=0|K=1280|L=320|p_B=0.75|p_C=0.75|B=2|eps=0|b4755c15-ae1c-4b25-96c8-f3c68ba4e0ec/ already exists.
./circuit_plots/Unrestricted Disentangled|Readout|CN=2|B0=0|B1=0|K=1280|L=320|p_B=0.75|p_C=0.75|B=2|eps=0|b4755c15-ae1c-4b25-96c8-f3c68ba4e0ec/ already exists.
./circuit_plots/Unrestricted Disentangled|Readout|CN=2|B0=0|B1=0|K=1280|L=320|p_B=0.75|p_C=0.75|B=2|eps=0|b4755c15-ae1c-4b25-96c8-f3c68ba4e0ec/ already exists.
./circuit_plots/Unrestricted Disentangled|Readout|CN=2|B0=0|B1=0|K=1280|L=320|p_B=0.75|p_C=0.75|B=2|eps=0|b4755c15-ae1c-4b25-96c8-f3c68ba4e0ec/ already exists.
./circuit_plots/Unrestricted Disentangled|Readout|CN=2|B0=0|B1=0|K=1280|L=320|p_B=0.75|p_C=0.75|B=2|eps=0|b4755c15-ae1c-4b25-96c8-f3c68ba4e0ec/ already exists.
Epoch: 2750, Loss: 5.732762336730957
Test acc: 0.0145, IC acc: 0.016, IC acc2: 0.0033, IW acc: 0.0034
Epoch: 2751, Loss: 5.731437683105469
Epoch: 2752, Loss: 5.742165565490723
Epoch: 2753, Loss: 5.732814788818359
Epoch: 2754, Loss: 5.730035781860352
Epoch: 2755, Loss: 5.737667560577393
Epoch: 2756, Loss: 5.7227373123168945
Epoch: 2757, Loss: 5.737394332885742
Epoch: 2758, Loss: 5.726709365844727
Epoch: 2759, Loss: 5.720173358917236
Epoch: 2760, Loss: 5.752385139465332
Test acc: 0.0146, IC acc: 0.016, IC acc2: 0.0033, IW acc: 0.0034
Epoch: 2761, Loss: 5.746593952178955
Epoch: 2762, Loss: 5.7282209396362305
Epoch: 2763, Loss: 5.732624053955078
Epoch: 2764, Loss: 5.731773853302002
Epoch: 2765, Loss: 5.728992462158203
Epoch: 2766, Loss: 5.738152503967285
Epoch: 2767, Loss: 5.73472785949707
Epoch: 2768, Loss: 5.71619176864624
Epoch: 2769, Loss: 5.719945907592773
Epoch: 2770, Loss: 5.7219014167785645
Test acc: 0.0145, IC acc: 0.0161, IC acc2: 0.0033, IW acc: 0.0034
Epoch: 2771, Loss: 5.725100040435791
Epoch: 2772, Loss: 5.720807075500488
Epoch: 2773, Loss: 5.735065460205078
Epoch: 2774, Loss: 5.735151767730713
Epoch: 2775, Loss: 5.717360496520996
Epoch: 2776, Loss: 5.713696479797363
Epoch: 2777, Loss: 5.724214553833008
Epoch: 2778, Loss: 5.736537456512451
Epoch: 2779, Loss: 5.736424446105957
Epoch: 2780, Loss: 5.730276584625244
Test acc: 0.0147, IC acc: 0.0161, IC acc2: 0.0033, IW acc: 0.0034
Epoch: 2781, Loss: 5.736455917358398
Epoch: 2782, Loss: 5.724254608154297
Epoch: 2783, Loss: 5.718101501464844
Epoch: 2784, Loss: 5.716379165649414
Epoch: 2785, Loss: 5.721714496612549
Epoch: 2786, Loss: 5.717227935791016
Epoch: 2787, Loss: 5.721279144287109
Epoch: 2788, Loss: 5.715518474578857
Epoch: 2789, Loss: 5.732298851013184
Epoch: 2790, Loss: 5.731700420379639
Test acc: 0.0149, IC acc: 0.0163, IC acc2: 0.0033, IW acc: 0.0035
Epoch: 2791, Loss: 5.727788925170898
Epoch: 2792, Loss: 5.719157695770264
Epoch: 2793, Loss: 5.729474067687988
Epoch: 2794, Loss: 5.736805438995361
Epoch: 2795, Loss: 5.736790657043457
Epoch: 2796, Loss: 5.716278553009033
Epoch: 2797, Loss: 5.729836463928223
Epoch: 2798, Loss: 5.723909378051758
Epoch: 2799, Loss: 5.728830337524414
./circuit_plots/Unrestricted Disentangled|Readout|CN=2|B0=0|B1=0|K=1280|L=320|p_B=0.75|p_C=0.75|B=2|eps=0|b4755c15-ae1c-4b25-96c8-f3c68ba4e0ec/ already exists.
./circuit_plots/Unrestricted Disentangled|Readout|CN=2|B0=0|B1=0|K=1280|L=320|p_B=0.75|p_C=0.75|B=2|eps=0|b4755c15-ae1c-4b25-96c8-f3c68ba4e0ec/ already exists.
./circuit_plots/Unrestricted Disentangled|Readout|CN=2|B0=0|B1=0|K=1280|L=320|p_B=0.75|p_C=0.75|B=2|eps=0|b4755c15-ae1c-4b25-96c8-f3c68ba4e0ec/ already exists.
./circuit_plots/Unrestricted Disentangled|Readout|CN=2|B0=0|B1=0|K=1280|L=320|p_B=0.75|p_C=0.75|B=2|eps=0|b4755c15-ae1c-4b25-96c8-f3c68ba4e0ec/ already exists.
./circuit_plots/Unrestricted Disentangled|Readout|CN=2|B0=0|B1=0|K=1280|L=320|p_B=0.75|p_C=0.75|B=2|eps=0|b4755c15-ae1c-4b25-96c8-f3c68ba4e0ec/ already exists.
./circuit_plots/Unrestricted Disentangled|Readout|CN=2|B0=0|B1=0|K=1280|L=320|p_B=0.75|p_C=0.75|B=2|eps=0|b4755c15-ae1c-4b25-96c8-f3c68ba4e0ec/ already exists.
./circuit_plots/Unrestricted Disentangled|Readout|CN=2|B0=0|B1=0|K=1280|L=320|p_B=0.75|p_C=0.75|B=2|eps=0|b4755c15-ae1c-4b25-96c8-f3c68ba4e0ec/ already exists.
Epoch: 2800, Loss: 5.729172229766846
Test acc: 0.0149, IC acc: 0.0164, IC acc2: 0.0033, IW acc: 0.0035
Epoch: 2801, Loss: 5.72097110748291
Epoch: 2802, Loss: 5.733315467834473
Epoch: 2803, Loss: 5.733829498291016
Epoch: 2804, Loss: 5.733399868011475
Epoch: 2805, Loss: 5.723108291625977
Epoch: 2806, Loss: 5.719452381134033
Epoch: 2807, Loss: 5.720099925994873
Epoch: 2808, Loss: 5.715407848358154
Epoch: 2809, Loss: 5.723957061767578
Epoch: 2810, Loss: 5.715187072753906
Test acc: 0.015, IC acc: 0.0166, IC acc2: 0.0033, IW acc: 0.0034
Epoch: 2811, Loss: 5.719721794128418
Epoch: 2812, Loss: 5.7299652099609375
Epoch: 2813, Loss: 5.7096710205078125
Epoch: 2814, Loss: 5.721248149871826
Epoch: 2815, Loss: 5.727414131164551
Epoch: 2816, Loss: 5.728749752044678
Epoch: 2817, Loss: 5.723921775817871
Epoch: 2818, Loss: 5.725593090057373
Epoch: 2819, Loss: 5.729020118713379
Epoch: 2820, Loss: 5.715710639953613
Test acc: 0.0149, IC acc: 0.0166, IC acc2: 0.0033, IW acc: 0.0034
Epoch: 2821, Loss: 5.737870216369629
Epoch: 2822, Loss: 5.738073348999023
Epoch: 2823, Loss: 5.728262901306152
Epoch: 2824, Loss: 5.7357096672058105
Epoch: 2825, Loss: 5.742033958435059
Epoch: 2826, Loss: 5.738792419433594
Epoch: 2827, Loss: 5.720925331115723
Epoch: 2828, Loss: 5.730493545532227
Epoch: 2829, Loss: 5.730496883392334
Epoch: 2830, Loss: 5.701046943664551
Test acc: 0.0151, IC acc: 0.0166, IC acc2: 0.0032, IW acc: 0.0035
Epoch: 2831, Loss: 5.718930244445801
Epoch: 2832, Loss: 5.722586154937744
Epoch: 2833, Loss: 5.726222038269043
Epoch: 2834, Loss: 5.722707271575928
Epoch: 2835, Loss: 5.720471382141113
Epoch: 2836, Loss: 5.710466384887695
Epoch: 2837, Loss: 5.718033790588379
Epoch: 2838, Loss: 5.732719421386719
Epoch: 2839, Loss: 5.724693775177002
Epoch: 2840, Loss: 5.727100372314453
Test acc: 0.0152, IC acc: 0.0167, IC acc2: 0.0032, IW acc: 0.0035
Epoch: 2841, Loss: 5.724055767059326
Epoch: 2842, Loss: 5.733017444610596
Epoch: 2843, Loss: 5.745237350463867
Epoch: 2844, Loss: 5.7290754318237305
Epoch: 2845, Loss: 5.7223711013793945
Epoch: 2846, Loss: 5.73304557800293
Epoch: 2847, Loss: 5.729550361633301
Epoch: 2848, Loss: 5.721454620361328
Epoch: 2849, Loss: 5.738296031951904
./circuit_plots/Unrestricted Disentangled|Readout|CN=2|B0=0|B1=0|K=1280|L=320|p_B=0.75|p_C=0.75|B=2|eps=0|b4755c15-ae1c-4b25-96c8-f3c68ba4e0ec/ already exists.
./circuit_plots/Unrestricted Disentangled|Readout|CN=2|B0=0|B1=0|K=1280|L=320|p_B=0.75|p_C=0.75|B=2|eps=0|b4755c15-ae1c-4b25-96c8-f3c68ba4e0ec/ already exists.
./circuit_plots/Unrestricted Disentangled|Readout|CN=2|B0=0|B1=0|K=1280|L=320|p_B=0.75|p_C=0.75|B=2|eps=0|b4755c15-ae1c-4b25-96c8-f3c68ba4e0ec/ already exists.
./circuit_plots/Unrestricted Disentangled|Readout|CN=2|B0=0|B1=0|K=1280|L=320|p_B=0.75|p_C=0.75|B=2|eps=0|b4755c15-ae1c-4b25-96c8-f3c68ba4e0ec/ already exists.
./circuit_plots/Unrestricted Disentangled|Readout|CN=2|B0=0|B1=0|K=1280|L=320|p_B=0.75|p_C=0.75|B=2|eps=0|b4755c15-ae1c-4b25-96c8-f3c68ba4e0ec/ already exists.
./circuit_plots/Unrestricted Disentangled|Readout|CN=2|B0=0|B1=0|K=1280|L=320|p_B=0.75|p_C=0.75|B=2|eps=0|b4755c15-ae1c-4b25-96c8-f3c68ba4e0ec/ already exists.
./circuit_plots/Unrestricted Disentangled|Readout|CN=2|B0=0|B1=0|K=1280|L=320|p_B=0.75|p_C=0.75|B=2|eps=0|b4755c15-ae1c-4b25-96c8-f3c68ba4e0ec/ already exists.
Epoch: 2850, Loss: 5.697451591491699
Test acc: 0.0152, IC acc: 0.0167, IC acc2: 0.0032, IW acc: 0.0034
Epoch: 2851, Loss: 5.737949371337891
Epoch: 2852, Loss: 5.716444969177246
Epoch: 2853, Loss: 5.730875015258789
Epoch: 2854, Loss: 5.728211879730225
Epoch: 2855, Loss: 5.710196495056152
Epoch: 2856, Loss: 5.725557327270508
Epoch: 2857, Loss: 5.7298760414123535
Epoch: 2858, Loss: 5.726344108581543
Epoch: 2859, Loss: 5.75431489944458
Epoch: 2860, Loss: 5.725068092346191
Test acc: 0.0152, IC acc: 0.0169, IC acc2: 0.0032, IW acc: 0.0034
Epoch: 2861, Loss: 5.727955341339111
Epoch: 2862, Loss: 5.728907108306885
Epoch: 2863, Loss: 5.732219696044922
Epoch: 2864, Loss: 5.7209367752075195
Epoch: 2865, Loss: 5.7221174240112305
Epoch: 2866, Loss: 5.727482795715332
Epoch: 2867, Loss: 5.724715232849121
Epoch: 2868, Loss: 5.723611354827881
Epoch: 2869, Loss: 5.728307723999023
Epoch: 2870, Loss: 5.727282524108887
Test acc: 0.0152, IC acc: 0.017, IC acc2: 0.0034, IW acc: 0.0033
Epoch: 2871, Loss: 5.730391502380371
Epoch: 2872, Loss: 5.7146315574646
Epoch: 2873, Loss: 5.730267524719238
Epoch: 2874, Loss: 5.721635341644287
Epoch: 2875, Loss: 5.721189022064209
Epoch: 2876, Loss: 5.720507621765137
Epoch: 2877, Loss: 5.7499613761901855
Epoch: 2878, Loss: 5.722236633300781
Epoch: 2879, Loss: 5.7245097160339355
Epoch: 2880, Loss: 5.733935832977295
Test acc: 0.0154, IC acc: 0.017, IC acc2: 0.0032, IW acc: 0.0032
Epoch: 2881, Loss: 5.725029945373535
Epoch: 2882, Loss: 5.717746257781982
Epoch: 2883, Loss: 5.750568866729736
Epoch: 2884, Loss: 5.733658790588379
Epoch: 2885, Loss: 5.719111919403076
Epoch: 2886, Loss: 5.714436054229736
Epoch: 2887, Loss: 5.718962669372559
Epoch: 2888, Loss: 5.709646701812744
Epoch: 2889, Loss: 5.715597629547119
Epoch: 2890, Loss: 5.723067283630371
Test acc: 0.0155, IC acc: 0.017, IC acc2: 0.0033, IW acc: 0.0032
Epoch: 2891, Loss: 5.7137131690979
Epoch: 2892, Loss: 5.736718654632568
Epoch: 2893, Loss: 5.706241130828857
Epoch: 2894, Loss: 5.707412242889404
Epoch: 2895, Loss: 5.735341548919678
Epoch: 2896, Loss: 5.713555335998535
Epoch: 2897, Loss: 5.722281455993652
Epoch: 2898, Loss: 5.725577354431152
Epoch: 2899, Loss: 5.714723587036133
./circuit_plots/Unrestricted Disentangled|Readout|CN=2|B0=0|B1=0|K=1280|L=320|p_B=0.75|p_C=0.75|B=2|eps=0|b4755c15-ae1c-4b25-96c8-f3c68ba4e0ec/ already exists.
./circuit_plots/Unrestricted Disentangled|Readout|CN=2|B0=0|B1=0|K=1280|L=320|p_B=0.75|p_C=0.75|B=2|eps=0|b4755c15-ae1c-4b25-96c8-f3c68ba4e0ec/ already exists.
./circuit_plots/Unrestricted Disentangled|Readout|CN=2|B0=0|B1=0|K=1280|L=320|p_B=0.75|p_C=0.75|B=2|eps=0|b4755c15-ae1c-4b25-96c8-f3c68ba4e0ec/ already exists.
./circuit_plots/Unrestricted Disentangled|Readout|CN=2|B0=0|B1=0|K=1280|L=320|p_B=0.75|p_C=0.75|B=2|eps=0|b4755c15-ae1c-4b25-96c8-f3c68ba4e0ec/ already exists.
./circuit_plots/Unrestricted Disentangled|Readout|CN=2|B0=0|B1=0|K=1280|L=320|p_B=0.75|p_C=0.75|B=2|eps=0|b4755c15-ae1c-4b25-96c8-f3c68ba4e0ec/ already exists.
./circuit_plots/Unrestricted Disentangled|Readout|CN=2|B0=0|B1=0|K=1280|L=320|p_B=0.75|p_C=0.75|B=2|eps=0|b4755c15-ae1c-4b25-96c8-f3c68ba4e0ec/ already exists.
./circuit_plots/Unrestricted Disentangled|Readout|CN=2|B0=0|B1=0|K=1280|L=320|p_B=0.75|p_C=0.75|B=2|eps=0|b4755c15-ae1c-4b25-96c8-f3c68ba4e0ec/ already exists.
Epoch: 2900, Loss: 5.713231563568115
Test acc: 0.0155, IC acc: 0.017, IC acc2: 0.0034, IW acc: 0.0032
Epoch: 2901, Loss: 5.7295355796813965
Epoch: 2902, Loss: 5.715614318847656
Epoch: 2903, Loss: 5.736301422119141
Epoch: 2904, Loss: 5.73128604888916
Epoch: 2905, Loss: 5.711594104766846
Epoch: 2906, Loss: 5.731531143188477
Epoch: 2907, Loss: 5.740772724151611
Epoch: 2908, Loss: 5.72321891784668
Epoch: 2909, Loss: 5.723773956298828
Epoch: 2910, Loss: 5.720955848693848
Test acc: 0.0155, IC acc: 0.0171, IC acc2: 0.0034, IW acc: 0.0031
Epoch: 2911, Loss: 5.737438201904297
Epoch: 2912, Loss: 5.723173141479492
Epoch: 2913, Loss: 5.727607727050781
Epoch: 2914, Loss: 5.723455429077148
Epoch: 2915, Loss: 5.72751522064209
Epoch: 2916, Loss: 5.724286079406738
Epoch: 2917, Loss: 5.726259231567383
Epoch: 2918, Loss: 5.726051330566406
Epoch: 2919, Loss: 5.703792572021484
Epoch: 2920, Loss: 5.723325729370117
Test acc: 0.0154, IC acc: 0.0174, IC acc2: 0.0034, IW acc: 0.0032
Epoch: 2921, Loss: 5.717813491821289
Epoch: 2922, Loss: 5.727849006652832
Epoch: 2923, Loss: 5.711526870727539
Epoch: 2924, Loss: 5.72502326965332
Epoch: 2925, Loss: 5.741725444793701
Epoch: 2926, Loss: 5.727961540222168
Epoch: 2927, Loss: 5.720026969909668
Epoch: 2928, Loss: 5.733989715576172
Epoch: 2929, Loss: 5.740916728973389
Epoch: 2930, Loss: 5.723084926605225
Test acc: 0.0154, IC acc: 0.0174, IC acc2: 0.0034, IW acc: 0.0033
Epoch: 2931, Loss: 5.7347025871276855
Epoch: 2932, Loss: 5.726864337921143
Epoch: 2933, Loss: 5.709733009338379
Epoch: 2934, Loss: 5.731429100036621
Epoch: 2935, Loss: 5.7213969230651855
Epoch: 2936, Loss: 5.7147674560546875
Epoch: 2937, Loss: 5.719153881072998
Epoch: 2938, Loss: 5.7333269119262695
Epoch: 2939, Loss: 5.722224235534668
Epoch: 2940, Loss: 5.717466354370117
Test acc: 0.0155, IC acc: 0.0173, IC acc2: 0.0034, IW acc: 0.0032
Epoch: 2941, Loss: 5.733053207397461
Epoch: 2942, Loss: 5.727256774902344
Epoch: 2943, Loss: 5.730337142944336
Epoch: 2944, Loss: 5.724109172821045
Epoch: 2945, Loss: 5.736170768737793
Epoch: 2946, Loss: 5.721708297729492
Epoch: 2947, Loss: 5.7230377197265625
Epoch: 2948, Loss: 5.73679256439209
Epoch: 2949, Loss: 5.731778621673584
./circuit_plots/Unrestricted Disentangled|Readout|CN=2|B0=0|B1=0|K=1280|L=320|p_B=0.75|p_C=0.75|B=2|eps=0|b4755c15-ae1c-4b25-96c8-f3c68ba4e0ec/ already exists.
./circuit_plots/Unrestricted Disentangled|Readout|CN=2|B0=0|B1=0|K=1280|L=320|p_B=0.75|p_C=0.75|B=2|eps=0|b4755c15-ae1c-4b25-96c8-f3c68ba4e0ec/ already exists.
./circuit_plots/Unrestricted Disentangled|Readout|CN=2|B0=0|B1=0|K=1280|L=320|p_B=0.75|p_C=0.75|B=2|eps=0|b4755c15-ae1c-4b25-96c8-f3c68ba4e0ec/ already exists.
./circuit_plots/Unrestricted Disentangled|Readout|CN=2|B0=0|B1=0|K=1280|L=320|p_B=0.75|p_C=0.75|B=2|eps=0|b4755c15-ae1c-4b25-96c8-f3c68ba4e0ec/ already exists.
./circuit_plots/Unrestricted Disentangled|Readout|CN=2|B0=0|B1=0|K=1280|L=320|p_B=0.75|p_C=0.75|B=2|eps=0|b4755c15-ae1c-4b25-96c8-f3c68ba4e0ec/ already exists.
./circuit_plots/Unrestricted Disentangled|Readout|CN=2|B0=0|B1=0|K=1280|L=320|p_B=0.75|p_C=0.75|B=2|eps=0|b4755c15-ae1c-4b25-96c8-f3c68ba4e0ec/ already exists.
./circuit_plots/Unrestricted Disentangled|Readout|CN=2|B0=0|B1=0|K=1280|L=320|p_B=0.75|p_C=0.75|B=2|eps=0|b4755c15-ae1c-4b25-96c8-f3c68ba4e0ec/ already exists.
Epoch: 2950, Loss: 5.726897239685059
Test acc: 0.0159, IC acc: 0.0175, IC acc2: 0.0034, IW acc: 0.0032
Epoch: 2951, Loss: 5.729013919830322
Epoch: 2952, Loss: 5.728215217590332
Epoch: 2953, Loss: 5.72184419631958
Epoch: 2954, Loss: 5.746935844421387
Epoch: 2955, Loss: 5.715044975280762
Epoch: 2956, Loss: 5.725018501281738
Epoch: 2957, Loss: 5.729413032531738
Epoch: 2958, Loss: 5.729576110839844
Epoch: 2959, Loss: 5.711216926574707
Epoch: 2960, Loss: 5.726458549499512
Test acc: 0.0159, IC acc: 0.0178, IC acc2: 0.0034, IW acc: 0.0033
Epoch: 2961, Loss: 5.734251976013184
Epoch: 2962, Loss: 5.734981536865234
Epoch: 2963, Loss: 5.716933727264404
Epoch: 2964, Loss: 5.740697860717773
Epoch: 2965, Loss: 5.740544319152832
Epoch: 2966, Loss: 5.728388786315918
Epoch: 2967, Loss: 5.731314659118652
Epoch: 2968, Loss: 5.723975658416748
Epoch: 2969, Loss: 5.72381591796875
Epoch: 2970, Loss: 5.725750923156738
Test acc: 0.0161, IC acc: 0.018, IC acc2: 0.0034, IW acc: 0.0033
Epoch: 2971, Loss: 5.726893901824951
Epoch: 2972, Loss: 5.731985092163086
Epoch: 2973, Loss: 5.71228551864624
Epoch: 2974, Loss: 5.724118232727051
Epoch: 2975, Loss: 5.721630096435547
Epoch: 2976, Loss: 5.728440284729004
Epoch: 2977, Loss: 5.735842704772949
Epoch: 2978, Loss: 5.723797798156738
Epoch: 2979, Loss: 5.7239813804626465
Epoch: 2980, Loss: 5.7097954750061035
Test acc: 0.0163, IC acc: 0.0183, IC acc2: 0.0034, IW acc: 0.0032
Epoch: 2981, Loss: 5.723492622375488
Epoch: 2982, Loss: 5.724422454833984
Epoch: 2983, Loss: 5.727207660675049
Epoch: 2984, Loss: 5.718043327331543
Epoch: 2985, Loss: 5.7267351150512695
Epoch: 2986, Loss: 5.72941780090332
Epoch: 2987, Loss: 5.716035842895508
Epoch: 2988, Loss: 5.719138145446777
Epoch: 2989, Loss: 5.7281646728515625
Epoch: 2990, Loss: 5.727325916290283
Test acc: 0.0163, IC acc: 0.0185, IC acc2: 0.0034, IW acc: 0.0032
Epoch: 2991, Loss: 5.720610618591309
Epoch: 2992, Loss: 5.713749408721924
Epoch: 2993, Loss: 5.724885940551758
Epoch: 2994, Loss: 5.711202621459961
Epoch: 2995, Loss: 5.729997634887695
Epoch: 2996, Loss: 5.723484039306641
Epoch: 2997, Loss: 5.733432769775391
Epoch: 2998, Loss: 5.723200798034668
Epoch: 2999, Loss: 5.735085487365723
./circuit_plots/Unrestricted Disentangled|Readout|CN=2|B0=0|B1=0|K=1280|L=320|p_B=0.75|p_C=0.75|B=2|eps=0|b4755c15-ae1c-4b25-96c8-f3c68ba4e0ec/ already exists.
./circuit_plots/Unrestricted Disentangled|Readout|CN=2|B0=0|B1=0|K=1280|L=320|p_B=0.75|p_C=0.75|B=2|eps=0|b4755c15-ae1c-4b25-96c8-f3c68ba4e0ec/ already exists.
./circuit_plots/Unrestricted Disentangled|Readout|CN=2|B0=0|B1=0|K=1280|L=320|p_B=0.75|p_C=0.75|B=2|eps=0|b4755c15-ae1c-4b25-96c8-f3c68ba4e0ec/ already exists.
./circuit_plots/Unrestricted Disentangled|Readout|CN=2|B0=0|B1=0|K=1280|L=320|p_B=0.75|p_C=0.75|B=2|eps=0|b4755c15-ae1c-4b25-96c8-f3c68ba4e0ec/ already exists.
./circuit_plots/Unrestricted Disentangled|Readout|CN=2|B0=0|B1=0|K=1280|L=320|p_B=0.75|p_C=0.75|B=2|eps=0|b4755c15-ae1c-4b25-96c8-f3c68ba4e0ec/ already exists.
./circuit_plots/Unrestricted Disentangled|Readout|CN=2|B0=0|B1=0|K=1280|L=320|p_B=0.75|p_C=0.75|B=2|eps=0|b4755c15-ae1c-4b25-96c8-f3c68ba4e0ec/ already exists.
./circuit_plots/Unrestricted Disentangled|Readout|CN=2|B0=0|B1=0|K=1280|L=320|p_B=0.75|p_C=0.75|B=2|eps=0|b4755c15-ae1c-4b25-96c8-f3c68ba4e0ec/ already exists.
Epoch: 3000, Loss: 5.7181172370910645
Test acc: 0.0164, IC acc: 0.0185, IC acc2: 0.0034, IW acc: 0.0032
Epoch: 3001, Loss: 5.729495048522949
Epoch: 3002, Loss: 5.726729393005371
Epoch: 3003, Loss: 5.717705726623535
Epoch: 3004, Loss: 5.730734825134277
Epoch: 3005, Loss: 5.7134857177734375
Epoch: 3006, Loss: 5.730648040771484
Epoch: 3007, Loss: 5.724066257476807
Epoch: 3008, Loss: 5.724040508270264
Epoch: 3009, Loss: 5.71349573135376
Epoch: 3010, Loss: 5.695552825927734
Test acc: 0.0164, IC acc: 0.0186, IC acc2: 0.0034, IW acc: 0.0032
Epoch: 3011, Loss: 5.713251113891602
Epoch: 3012, Loss: 5.7112274169921875
Epoch: 3013, Loss: 5.714479446411133
Epoch: 3014, Loss: 5.717165946960449
Epoch: 3015, Loss: 5.726470470428467
Epoch: 3016, Loss: 5.735665321350098
Epoch: 3017, Loss: 5.731857776641846
Epoch: 3018, Loss: 5.735291481018066
Epoch: 3019, Loss: 5.726774215698242
Epoch: 3020, Loss: 5.705855369567871
Test acc: 0.0166, IC acc: 0.0187, IC acc2: 0.0034, IW acc: 0.0033
Epoch: 3021, Loss: 5.722263336181641
Epoch: 3022, Loss: 5.719383239746094
Epoch: 3023, Loss: 5.739718437194824
Epoch: 3024, Loss: 5.724971771240234
Epoch: 3025, Loss: 5.723333358764648
Epoch: 3026, Loss: 5.720771789550781
Epoch: 3027, Loss: 5.729666709899902
Epoch: 3028, Loss: 5.721035957336426
Epoch: 3029, Loss: 5.717372894287109
Epoch: 3030, Loss: 5.709526062011719
Test acc: 0.0167, IC acc: 0.0189, IC acc2: 0.0034, IW acc: 0.0033
Epoch: 3031, Loss: 5.7238054275512695
Epoch: 3032, Loss: 5.706295490264893
Epoch: 3033, Loss: 5.719141483306885
Epoch: 3034, Loss: 5.732917308807373
Epoch: 3035, Loss: 5.710017681121826
Epoch: 3036, Loss: 5.706926345825195
Epoch: 3037, Loss: 5.722661018371582
Epoch: 3038, Loss: 5.719510078430176
Epoch: 3039, Loss: 5.715651512145996
Epoch: 3040, Loss: 5.725362777709961
Test acc: 0.0167, IC acc: 0.0191, IC acc2: 0.0034, IW acc: 0.0032
Epoch: 3041, Loss: 5.730255126953125
Epoch: 3042, Loss: 5.734287261962891
Epoch: 3043, Loss: 5.731496334075928
Epoch: 3044, Loss: 5.722280979156494
Epoch: 3045, Loss: 5.709705352783203
Epoch: 3046, Loss: 5.7309889793396
Epoch: 3047, Loss: 5.714067459106445
Epoch: 3048, Loss: 5.725027084350586
Epoch: 3049, Loss: 5.707162380218506
./circuit_plots/Unrestricted Disentangled|Readout|CN=2|B0=0|B1=0|K=1280|L=320|p_B=0.75|p_C=0.75|B=2|eps=0|b4755c15-ae1c-4b25-96c8-f3c68ba4e0ec/ already exists.
./circuit_plots/Unrestricted Disentangled|Readout|CN=2|B0=0|B1=0|K=1280|L=320|p_B=0.75|p_C=0.75|B=2|eps=0|b4755c15-ae1c-4b25-96c8-f3c68ba4e0ec/ already exists.
./circuit_plots/Unrestricted Disentangled|Readout|CN=2|B0=0|B1=0|K=1280|L=320|p_B=0.75|p_C=0.75|B=2|eps=0|b4755c15-ae1c-4b25-96c8-f3c68ba4e0ec/ already exists.
./circuit_plots/Unrestricted Disentangled|Readout|CN=2|B0=0|B1=0|K=1280|L=320|p_B=0.75|p_C=0.75|B=2|eps=0|b4755c15-ae1c-4b25-96c8-f3c68ba4e0ec/ already exists.
./circuit_plots/Unrestricted Disentangled|Readout|CN=2|B0=0|B1=0|K=1280|L=320|p_B=0.75|p_C=0.75|B=2|eps=0|b4755c15-ae1c-4b25-96c8-f3c68ba4e0ec/ already exists.
./circuit_plots/Unrestricted Disentangled|Readout|CN=2|B0=0|B1=0|K=1280|L=320|p_B=0.75|p_C=0.75|B=2|eps=0|b4755c15-ae1c-4b25-96c8-f3c68ba4e0ec/ already exists.
./circuit_plots/Unrestricted Disentangled|Readout|CN=2|B0=0|B1=0|K=1280|L=320|p_B=0.75|p_C=0.75|B=2|eps=0|b4755c15-ae1c-4b25-96c8-f3c68ba4e0ec/ already exists.
Epoch: 3050, Loss: 5.726523399353027
Test acc: 0.0167, IC acc: 0.0195, IC acc2: 0.0033, IW acc: 0.0033
Epoch: 3051, Loss: 5.731073379516602
Epoch: 3052, Loss: 5.721286773681641
Epoch: 3053, Loss: 5.710883617401123
Epoch: 3054, Loss: 5.7362060546875
Epoch: 3055, Loss: 5.719755172729492
Epoch: 3056, Loss: 5.7226481437683105
Epoch: 3057, Loss: 5.726010799407959
Epoch: 3058, Loss: 5.736472129821777
Epoch: 3059, Loss: 5.73137092590332
Epoch: 3060, Loss: 5.706782341003418
Test acc: 0.0168, IC acc: 0.0194, IC acc2: 0.0033, IW acc: 0.0034
Epoch: 3061, Loss: 5.71495246887207
Epoch: 3062, Loss: 5.723435878753662
Epoch: 3063, Loss: 5.719426155090332
Epoch: 3064, Loss: 5.730027198791504
Epoch: 3065, Loss: 5.708958148956299
Epoch: 3066, Loss: 5.720314979553223
Epoch: 3067, Loss: 5.715080261230469
Epoch: 3068, Loss: 5.7339277267456055
Epoch: 3069, Loss: 5.722214698791504
Epoch: 3070, Loss: 5.735506057739258
Test acc: 0.017, IC acc: 0.0195, IC acc2: 0.0033, IW acc: 0.0033
Epoch: 3071, Loss: 5.71446418762207
Epoch: 3072, Loss: 5.721406936645508
Epoch: 3073, Loss: 5.722182273864746
Epoch: 3074, Loss: 5.723842620849609
Epoch: 3075, Loss: 5.723381996154785
Epoch: 3076, Loss: 5.73494291305542
Epoch: 3077, Loss: 5.710606575012207
Epoch: 3078, Loss: 5.727564811706543
Epoch: 3079, Loss: 5.709819793701172
Epoch: 3080, Loss: 5.719786167144775
Test acc: 0.0171, IC acc: 0.0196, IC acc2: 0.0033, IW acc: 0.0033
Epoch: 3081, Loss: 5.7227702140808105
Epoch: 3082, Loss: 5.726535797119141
Epoch: 3083, Loss: 5.724924087524414
Epoch: 3084, Loss: 5.717614650726318
Epoch: 3085, Loss: 5.701725959777832
Epoch: 3086, Loss: 5.713514804840088
Epoch: 3087, Loss: 5.717842102050781
Epoch: 3088, Loss: 5.72508430480957
Epoch: 3089, Loss: 5.7249345779418945
Epoch: 3090, Loss: 5.738004207611084
Test acc: 0.0172, IC acc: 0.0198, IC acc2: 0.0033, IW acc: 0.0033
Epoch: 3091, Loss: 5.725107669830322
Epoch: 3092, Loss: 5.715309143066406
Epoch: 3093, Loss: 5.7277631759643555
Epoch: 3094, Loss: 5.725332260131836
Epoch: 3095, Loss: 5.724384307861328
Epoch: 3096, Loss: 5.725525856018066
Epoch: 3097, Loss: 5.730877876281738
Epoch: 3098, Loss: 5.712085723876953
Epoch: 3099, Loss: 5.735564231872559
./circuit_plots/Unrestricted Disentangled|Readout|CN=2|B0=0|B1=0|K=1280|L=320|p_B=0.75|p_C=0.75|B=2|eps=0|b4755c15-ae1c-4b25-96c8-f3c68ba4e0ec/ already exists.
./circuit_plots/Unrestricted Disentangled|Readout|CN=2|B0=0|B1=0|K=1280|L=320|p_B=0.75|p_C=0.75|B=2|eps=0|b4755c15-ae1c-4b25-96c8-f3c68ba4e0ec/ already exists.
./circuit_plots/Unrestricted Disentangled|Readout|CN=2|B0=0|B1=0|K=1280|L=320|p_B=0.75|p_C=0.75|B=2|eps=0|b4755c15-ae1c-4b25-96c8-f3c68ba4e0ec/ already exists.
./circuit_plots/Unrestricted Disentangled|Readout|CN=2|B0=0|B1=0|K=1280|L=320|p_B=0.75|p_C=0.75|B=2|eps=0|b4755c15-ae1c-4b25-96c8-f3c68ba4e0ec/ already exists.
./circuit_plots/Unrestricted Disentangled|Readout|CN=2|B0=0|B1=0|K=1280|L=320|p_B=0.75|p_C=0.75|B=2|eps=0|b4755c15-ae1c-4b25-96c8-f3c68ba4e0ec/ already exists.
./circuit_plots/Unrestricted Disentangled|Readout|CN=2|B0=0|B1=0|K=1280|L=320|p_B=0.75|p_C=0.75|B=2|eps=0|b4755c15-ae1c-4b25-96c8-f3c68ba4e0ec/ already exists.
./circuit_plots/Unrestricted Disentangled|Readout|CN=2|B0=0|B1=0|K=1280|L=320|p_B=0.75|p_C=0.75|B=2|eps=0|b4755c15-ae1c-4b25-96c8-f3c68ba4e0ec/ already exists.
Epoch: 3100, Loss: 5.713490009307861
Test acc: 0.017, IC acc: 0.0197, IC acc2: 0.0033, IW acc: 0.0033
Epoch: 3101, Loss: 5.734015941619873
Epoch: 3102, Loss: 5.736907005310059
Epoch: 3103, Loss: 5.723092079162598
Epoch: 3104, Loss: 5.73175048828125
Epoch: 3105, Loss: 5.714938640594482
Epoch: 3106, Loss: 5.719459056854248
Epoch: 3107, Loss: 5.704101085662842
Epoch: 3108, Loss: 5.716907501220703
Epoch: 3109, Loss: 5.721701622009277
Epoch: 3110, Loss: 5.727852821350098
Test acc: 0.0171, IC acc: 0.0199, IC acc2: 0.0032, IW acc: 0.0033
Epoch: 3111, Loss: 5.716218948364258
Epoch: 3112, Loss: 5.72722053527832
Epoch: 3113, Loss: 5.7270402908325195
Epoch: 3114, Loss: 5.7307000160217285
Epoch: 3115, Loss: 5.7133097648620605
Epoch: 3116, Loss: 5.725769996643066
Epoch: 3117, Loss: 5.725668907165527
Epoch: 3118, Loss: 5.732558727264404
Epoch: 3119, Loss: 5.725033760070801
Epoch: 3120, Loss: 5.723150730133057
Test acc: 0.0172, IC acc: 0.0198, IC acc2: 0.0031, IW acc: 0.0033
Epoch: 3121, Loss: 5.719051361083984
Epoch: 3122, Loss: 5.7201128005981445
Epoch: 3123, Loss: 5.725048542022705
Epoch: 3124, Loss: 5.725404739379883
Epoch: 3125, Loss: 5.722677230834961
Epoch: 3126, Loss: 5.713456153869629
Epoch: 3127, Loss: 5.710552215576172
Epoch: 3128, Loss: 5.741385459899902
Epoch: 3129, Loss: 5.708838939666748
Epoch: 3130, Loss: 5.707984924316406
Test acc: 0.0176, IC acc: 0.0198, IC acc2: 0.0032, IW acc: 0.0033
Epoch: 3131, Loss: 5.727907180786133
Epoch: 3132, Loss: 5.713374137878418
Epoch: 3133, Loss: 5.726473331451416
Epoch: 3134, Loss: 5.728259563446045
Epoch: 3135, Loss: 5.720968723297119
Epoch: 3136, Loss: 5.719696521759033
Epoch: 3137, Loss: 5.715527057647705
Epoch: 3138, Loss: 5.719668865203857
Epoch: 3139, Loss: 5.718716144561768
Epoch: 3140, Loss: 5.721073150634766
Test acc: 0.0178, IC acc: 0.0198, IC acc2: 0.0031, IW acc: 0.0033
Epoch: 3141, Loss: 5.718235969543457
Epoch: 3142, Loss: 5.729907989501953
Epoch: 3143, Loss: 5.718031883239746
Epoch: 3144, Loss: 5.71661376953125
Epoch: 3145, Loss: 5.723880767822266
Epoch: 3146, Loss: 5.7146430015563965
Epoch: 3147, Loss: 5.736761093139648
Epoch: 3148, Loss: 5.711208343505859
Epoch: 3149, Loss: 5.714698791503906
./circuit_plots/Unrestricted Disentangled|Readout|CN=2|B0=0|B1=0|K=1280|L=320|p_B=0.75|p_C=0.75|B=2|eps=0|b4755c15-ae1c-4b25-96c8-f3c68ba4e0ec/ already exists.
./circuit_plots/Unrestricted Disentangled|Readout|CN=2|B0=0|B1=0|K=1280|L=320|p_B=0.75|p_C=0.75|B=2|eps=0|b4755c15-ae1c-4b25-96c8-f3c68ba4e0ec/ already exists.
./circuit_plots/Unrestricted Disentangled|Readout|CN=2|B0=0|B1=0|K=1280|L=320|p_B=0.75|p_C=0.75|B=2|eps=0|b4755c15-ae1c-4b25-96c8-f3c68ba4e0ec/ already exists.
./circuit_plots/Unrestricted Disentangled|Readout|CN=2|B0=0|B1=0|K=1280|L=320|p_B=0.75|p_C=0.75|B=2|eps=0|b4755c15-ae1c-4b25-96c8-f3c68ba4e0ec/ already exists.
./circuit_plots/Unrestricted Disentangled|Readout|CN=2|B0=0|B1=0|K=1280|L=320|p_B=0.75|p_C=0.75|B=2|eps=0|b4755c15-ae1c-4b25-96c8-f3c68ba4e0ec/ already exists.
./circuit_plots/Unrestricted Disentangled|Readout|CN=2|B0=0|B1=0|K=1280|L=320|p_B=0.75|p_C=0.75|B=2|eps=0|b4755c15-ae1c-4b25-96c8-f3c68ba4e0ec/ already exists.
./circuit_plots/Unrestricted Disentangled|Readout|CN=2|B0=0|B1=0|K=1280|L=320|p_B=0.75|p_C=0.75|B=2|eps=0|b4755c15-ae1c-4b25-96c8-f3c68ba4e0ec/ already exists.
Epoch: 3150, Loss: 5.725520133972168
Test acc: 0.0177, IC acc: 0.0199, IC acc2: 0.0031, IW acc: 0.0033
Epoch: 3151, Loss: 5.724326133728027
Epoch: 3152, Loss: 5.73511266708374
Epoch: 3153, Loss: 5.7156219482421875
Epoch: 3154, Loss: 5.726613998413086
Epoch: 3155, Loss: 5.736719608306885
Epoch: 3156, Loss: 5.730805397033691
Epoch: 3157, Loss: 5.729434490203857
Epoch: 3158, Loss: 5.725157737731934
Epoch: 3159, Loss: 5.733951568603516
Epoch: 3160, Loss: 5.717803955078125
Test acc: 0.0177, IC acc: 0.02, IC acc2: 0.0031, IW acc: 0.0033
Epoch: 3161, Loss: 5.720645904541016
Epoch: 3162, Loss: 5.7155046463012695
Epoch: 3163, Loss: 5.731804847717285
Epoch: 3164, Loss: 5.711295127868652
Epoch: 3165, Loss: 5.719486236572266
Epoch: 3166, Loss: 5.708108901977539
Epoch: 3167, Loss: 5.725317001342773
Epoch: 3168, Loss: 5.717785358428955
Epoch: 3169, Loss: 5.725478649139404
Epoch: 3170, Loss: 5.725098609924316
Test acc: 0.0177, IC acc: 0.0203, IC acc2: 0.0031, IW acc: 0.0033
Epoch: 3171, Loss: 5.711888313293457
Epoch: 3172, Loss: 5.725122451782227
Epoch: 3173, Loss: 5.710438251495361
Epoch: 3174, Loss: 5.724097728729248
Epoch: 3175, Loss: 5.708621978759766
Epoch: 3176, Loss: 5.725749492645264
Epoch: 3177, Loss: 5.71683406829834
Epoch: 3178, Loss: 5.726707458496094
Epoch: 3179, Loss: 5.732604503631592
Epoch: 3180, Loss: 5.730931758880615
Test acc: 0.0177, IC acc: 0.0203, IC acc2: 0.0031, IW acc: 0.0033
Epoch: 3181, Loss: 5.722773551940918
Epoch: 3182, Loss: 5.719186782836914
Epoch: 3183, Loss: 5.713301658630371
Epoch: 3184, Loss: 5.725249767303467
Epoch: 3185, Loss: 5.722316741943359
Epoch: 3186, Loss: 5.722356796264648
Epoch: 3187, Loss: 5.713995933532715
Epoch: 3188, Loss: 5.724103927612305
Epoch: 3189, Loss: 5.718371391296387
Epoch: 3190, Loss: 5.729362964630127
Test acc: 0.0176, IC acc: 0.0204, IC acc2: 0.0031, IW acc: 0.0032
Epoch: 3191, Loss: 5.7256975173950195
Epoch: 3192, Loss: 5.709503173828125
Epoch: 3193, Loss: 5.7285308837890625
Epoch: 3194, Loss: 5.718425750732422
Epoch: 3195, Loss: 5.708221435546875
Epoch: 3196, Loss: 5.721737861633301
Epoch: 3197, Loss: 5.721218585968018
Epoch: 3198, Loss: 5.7082624435424805
Epoch: 3199, Loss: 5.721094608306885
./circuit_plots/Unrestricted Disentangled|Readout|CN=2|B0=0|B1=0|K=1280|L=320|p_B=0.75|p_C=0.75|B=2|eps=0|b4755c15-ae1c-4b25-96c8-f3c68ba4e0ec/ already exists.
./circuit_plots/Unrestricted Disentangled|Readout|CN=2|B0=0|B1=0|K=1280|L=320|p_B=0.75|p_C=0.75|B=2|eps=0|b4755c15-ae1c-4b25-96c8-f3c68ba4e0ec/ already exists.
./circuit_plots/Unrestricted Disentangled|Readout|CN=2|B0=0|B1=0|K=1280|L=320|p_B=0.75|p_C=0.75|B=2|eps=0|b4755c15-ae1c-4b25-96c8-f3c68ba4e0ec/ already exists.
./circuit_plots/Unrestricted Disentangled|Readout|CN=2|B0=0|B1=0|K=1280|L=320|p_B=0.75|p_C=0.75|B=2|eps=0|b4755c15-ae1c-4b25-96c8-f3c68ba4e0ec/ already exists.
./circuit_plots/Unrestricted Disentangled|Readout|CN=2|B0=0|B1=0|K=1280|L=320|p_B=0.75|p_C=0.75|B=2|eps=0|b4755c15-ae1c-4b25-96c8-f3c68ba4e0ec/ already exists.
./circuit_plots/Unrestricted Disentangled|Readout|CN=2|B0=0|B1=0|K=1280|L=320|p_B=0.75|p_C=0.75|B=2|eps=0|b4755c15-ae1c-4b25-96c8-f3c68ba4e0ec/ already exists.
./circuit_plots/Unrestricted Disentangled|Readout|CN=2|B0=0|B1=0|K=1280|L=320|p_B=0.75|p_C=0.75|B=2|eps=0|b4755c15-ae1c-4b25-96c8-f3c68ba4e0ec/ already exists.
Epoch: 3200, Loss: 5.710345268249512
Test acc: 0.0178, IC acc: 0.0203, IC acc2: 0.0031, IW acc: 0.0032
Epoch: 3201, Loss: 5.716693878173828
Epoch: 3202, Loss: 5.727832794189453
Epoch: 3203, Loss: 5.734251022338867
Epoch: 3204, Loss: 5.725371360778809
Epoch: 3205, Loss: 5.72838830947876
Epoch: 3206, Loss: 5.722907543182373
Epoch: 3207, Loss: 5.713942050933838
Epoch: 3208, Loss: 5.719537734985352
Epoch: 3209, Loss: 5.7191243171691895
Epoch: 3210, Loss: 5.732117176055908
Test acc: 0.0178, IC acc: 0.0205, IC acc2: 0.0031, IW acc: 0.0032
Epoch: 3211, Loss: 5.708500862121582
Epoch: 3212, Loss: 5.724900245666504
Epoch: 3213, Loss: 5.712573528289795
Epoch: 3214, Loss: 5.73048210144043
Epoch: 3215, Loss: 5.725632667541504
Epoch: 3216, Loss: 5.7071332931518555
Epoch: 3217, Loss: 5.714842319488525
Epoch: 3218, Loss: 5.71060848236084
Epoch: 3219, Loss: 5.712568283081055
Epoch: 3220, Loss: 5.7096943855285645
Test acc: 0.018, IC acc: 0.0205, IC acc2: 0.0032, IW acc: 0.0031
Epoch: 3221, Loss: 5.71142578125
Epoch: 3222, Loss: 5.724111557006836
Epoch: 3223, Loss: 5.721066474914551
Epoch: 3224, Loss: 5.710531234741211
Epoch: 3225, Loss: 5.732941627502441
Epoch: 3226, Loss: 5.734191417694092
Epoch: 3227, Loss: 5.7224860191345215
Epoch: 3228, Loss: 5.725225448608398
Epoch: 3229, Loss: 5.720481872558594
Epoch: 3230, Loss: 5.726874351501465
Test acc: 0.018, IC acc: 0.0205, IC acc2: 0.0031, IW acc: 0.0032
Epoch: 3231, Loss: 5.731353759765625
Epoch: 3232, Loss: 5.7202653884887695
Epoch: 3233, Loss: 5.726394176483154
Epoch: 3234, Loss: 5.7159929275512695
Epoch: 3235, Loss: 5.724003791809082
Epoch: 3236, Loss: 5.725064277648926
Epoch: 3237, Loss: 5.694482803344727
Epoch: 3238, Loss: 5.715988636016846
Epoch: 3239, Loss: 5.706171989440918
Epoch: 3240, Loss: 5.722379684448242
Test acc: 0.0181, IC acc: 0.0205, IC acc2: 0.0032, IW acc: 0.0032
Epoch: 3241, Loss: 5.711353302001953
Epoch: 3242, Loss: 5.718644142150879
Epoch: 3243, Loss: 5.718012809753418
Epoch: 3244, Loss: 5.729056358337402
Epoch: 3245, Loss: 5.718608379364014
Epoch: 3246, Loss: 5.707807540893555
Epoch: 3247, Loss: 5.7293291091918945
Epoch: 3248, Loss: 5.719357490539551
Epoch: 3249, Loss: 5.71789026260376
./circuit_plots/Unrestricted Disentangled|Readout|CN=2|B0=0|B1=0|K=1280|L=320|p_B=0.75|p_C=0.75|B=2|eps=0|b4755c15-ae1c-4b25-96c8-f3c68ba4e0ec/ already exists.
./circuit_plots/Unrestricted Disentangled|Readout|CN=2|B0=0|B1=0|K=1280|L=320|p_B=0.75|p_C=0.75|B=2|eps=0|b4755c15-ae1c-4b25-96c8-f3c68ba4e0ec/ already exists.
./circuit_plots/Unrestricted Disentangled|Readout|CN=2|B0=0|B1=0|K=1280|L=320|p_B=0.75|p_C=0.75|B=2|eps=0|b4755c15-ae1c-4b25-96c8-f3c68ba4e0ec/ already exists.
./circuit_plots/Unrestricted Disentangled|Readout|CN=2|B0=0|B1=0|K=1280|L=320|p_B=0.75|p_C=0.75|B=2|eps=0|b4755c15-ae1c-4b25-96c8-f3c68ba4e0ec/ already exists.
./circuit_plots/Unrestricted Disentangled|Readout|CN=2|B0=0|B1=0|K=1280|L=320|p_B=0.75|p_C=0.75|B=2|eps=0|b4755c15-ae1c-4b25-96c8-f3c68ba4e0ec/ already exists.
./circuit_plots/Unrestricted Disentangled|Readout|CN=2|B0=0|B1=0|K=1280|L=320|p_B=0.75|p_C=0.75|B=2|eps=0|b4755c15-ae1c-4b25-96c8-f3c68ba4e0ec/ already exists.
./circuit_plots/Unrestricted Disentangled|Readout|CN=2|B0=0|B1=0|K=1280|L=320|p_B=0.75|p_C=0.75|B=2|eps=0|b4755c15-ae1c-4b25-96c8-f3c68ba4e0ec/ already exists.
Epoch: 3250, Loss: 5.726668834686279
Test acc: 0.0182, IC acc: 0.0205, IC acc2: 0.0033, IW acc: 0.0032
Epoch: 3251, Loss: 5.71516227722168
Epoch: 3252, Loss: 5.728034973144531
Epoch: 3253, Loss: 5.713987350463867
Epoch: 3254, Loss: 5.727544784545898
Epoch: 3255, Loss: 5.70937442779541
Epoch: 3256, Loss: 5.71156120300293
Epoch: 3257, Loss: 5.712892532348633
Epoch: 3258, Loss: 5.720617294311523
Epoch: 3259, Loss: 5.711424827575684
Epoch: 3260, Loss: 5.727947235107422
Test acc: 0.0182, IC acc: 0.0206, IC acc2: 0.0033, IW acc: 0.0031
Epoch: 3261, Loss: 5.71950626373291
Epoch: 3262, Loss: 5.71522855758667
Epoch: 3263, Loss: 5.728937149047852
Epoch: 3264, Loss: 5.70949649810791
Epoch: 3265, Loss: 5.724160194396973
Epoch: 3266, Loss: 5.725977420806885
Epoch: 3267, Loss: 5.718767166137695
Epoch: 3268, Loss: 5.727285385131836
Epoch: 3269, Loss: 5.715415000915527
Epoch: 3270, Loss: 5.699520111083984
Test acc: 0.0182, IC acc: 0.0207, IC acc2: 0.0033, IW acc: 0.0031
Epoch: 3271, Loss: 5.730749130249023
Epoch: 3272, Loss: 5.715798377990723
Epoch: 3273, Loss: 5.717524528503418
Epoch: 3274, Loss: 5.710633277893066
Epoch: 3275, Loss: 5.723569869995117
Epoch: 3276, Loss: 5.720831871032715
Epoch: 3277, Loss: 5.717167854309082
Epoch: 3278, Loss: 5.727087497711182
Epoch: 3279, Loss: 5.7275285720825195
Epoch: 3280, Loss: 5.729296684265137
Test acc: 0.0183, IC acc: 0.021, IC acc2: 0.0034, IW acc: 0.0031
Epoch: 3281, Loss: 5.715561389923096
Epoch: 3282, Loss: 5.708654403686523
Epoch: 3283, Loss: 5.736155033111572
Epoch: 3284, Loss: 5.706159591674805
Epoch: 3285, Loss: 5.72761344909668
Epoch: 3286, Loss: 5.727984428405762
Epoch: 3287, Loss: 5.712397575378418
Epoch: 3288, Loss: 5.723097801208496
Epoch: 3289, Loss: 5.70674991607666
Epoch: 3290, Loss: 5.715317726135254
Test acc: 0.0184, IC acc: 0.021, IC acc2: 0.0034, IW acc: 0.0031
Epoch: 3291, Loss: 5.717570781707764
Epoch: 3292, Loss: 5.715459823608398
Epoch: 3293, Loss: 5.715615272521973
Epoch: 3294, Loss: 5.735215187072754
Epoch: 3295, Loss: 5.721163749694824
Epoch: 3296, Loss: 5.732352256774902
Epoch: 3297, Loss: 5.724339008331299
Epoch: 3298, Loss: 5.72308349609375
Epoch: 3299, Loss: 5.719265937805176
./circuit_plots/Unrestricted Disentangled|Readout|CN=2|B0=0|B1=0|K=1280|L=320|p_B=0.75|p_C=0.75|B=2|eps=0|b4755c15-ae1c-4b25-96c8-f3c68ba4e0ec/ already exists.
./circuit_plots/Unrestricted Disentangled|Readout|CN=2|B0=0|B1=0|K=1280|L=320|p_B=0.75|p_C=0.75|B=2|eps=0|b4755c15-ae1c-4b25-96c8-f3c68ba4e0ec/ already exists.
./circuit_plots/Unrestricted Disentangled|Readout|CN=2|B0=0|B1=0|K=1280|L=320|p_B=0.75|p_C=0.75|B=2|eps=0|b4755c15-ae1c-4b25-96c8-f3c68ba4e0ec/ already exists.
./circuit_plots/Unrestricted Disentangled|Readout|CN=2|B0=0|B1=0|K=1280|L=320|p_B=0.75|p_C=0.75|B=2|eps=0|b4755c15-ae1c-4b25-96c8-f3c68ba4e0ec/ already exists.
./circuit_plots/Unrestricted Disentangled|Readout|CN=2|B0=0|B1=0|K=1280|L=320|p_B=0.75|p_C=0.75|B=2|eps=0|b4755c15-ae1c-4b25-96c8-f3c68ba4e0ec/ already exists.
./circuit_plots/Unrestricted Disentangled|Readout|CN=2|B0=0|B1=0|K=1280|L=320|p_B=0.75|p_C=0.75|B=2|eps=0|b4755c15-ae1c-4b25-96c8-f3c68ba4e0ec/ already exists.
./circuit_plots/Unrestricted Disentangled|Readout|CN=2|B0=0|B1=0|K=1280|L=320|p_B=0.75|p_C=0.75|B=2|eps=0|b4755c15-ae1c-4b25-96c8-f3c68ba4e0ec/ already exists.
Epoch: 3300, Loss: 5.717048168182373
Test acc: 0.0184, IC acc: 0.0211, IC acc2: 0.0034, IW acc: 0.0031
Epoch: 3301, Loss: 5.716220855712891
Epoch: 3302, Loss: 5.731808662414551
Epoch: 3303, Loss: 5.7116265296936035
Epoch: 3304, Loss: 5.7214226722717285
Epoch: 3305, Loss: 5.719982147216797
Epoch: 3306, Loss: 5.721423625946045
Epoch: 3307, Loss: 5.717055797576904
Epoch: 3308, Loss: 5.731939315795898
Epoch: 3309, Loss: 5.714605331420898
Epoch: 3310, Loss: 5.741974830627441
Test acc: 0.0185, IC acc: 0.0213, IC acc2: 0.0034, IW acc: 0.0031
Epoch: 3311, Loss: 5.700240612030029
Epoch: 3312, Loss: 5.713281154632568
Epoch: 3313, Loss: 5.714859962463379
Epoch: 3314, Loss: 5.718657970428467
Epoch: 3315, Loss: 5.734393119812012
Epoch: 3316, Loss: 5.7069549560546875
Epoch: 3317, Loss: 5.7208404541015625
Epoch: 3318, Loss: 5.702520370483398
Epoch: 3319, Loss: 5.713406085968018
Epoch: 3320, Loss: 5.7132368087768555
Test acc: 0.0186, IC acc: 0.0211, IC acc2: 0.0034, IW acc: 0.0031
Epoch: 3321, Loss: 5.714302062988281
Epoch: 3322, Loss: 5.732321739196777
Epoch: 3323, Loss: 5.7225189208984375
Epoch: 3324, Loss: 5.72187614440918
Epoch: 3325, Loss: 5.736688137054443
Epoch: 3326, Loss: 5.711884498596191
Epoch: 3327, Loss: 5.721656799316406
Epoch: 3328, Loss: 5.7300496101379395
Epoch: 3329, Loss: 5.723601818084717
Epoch: 3330, Loss: 5.723546981811523
Test acc: 0.0187, IC acc: 0.0213, IC acc2: 0.0033, IW acc: 0.0031
Epoch: 3331, Loss: 5.720102310180664
Epoch: 3332, Loss: 5.718756198883057
Epoch: 3333, Loss: 5.709080696105957
Epoch: 3334, Loss: 5.722800254821777
Epoch: 3335, Loss: 5.730154514312744
Epoch: 3336, Loss: 5.719759941101074
Epoch: 3337, Loss: 5.703674793243408
Epoch: 3338, Loss: 5.714766502380371
Epoch: 3339, Loss: 5.730939865112305
Epoch: 3340, Loss: 5.716254234313965
Test acc: 0.0189, IC acc: 0.021, IC acc2: 0.0033, IW acc: 0.0031
Epoch: 3341, Loss: 5.726507663726807
Epoch: 3342, Loss: 5.728150367736816
Epoch: 3343, Loss: 5.724370956420898
Epoch: 3344, Loss: 5.735422134399414
Epoch: 3345, Loss: 5.71660041809082
Epoch: 3346, Loss: 5.7331132888793945
Epoch: 3347, Loss: 5.716215133666992
Epoch: 3348, Loss: 5.716516494750977
Epoch: 3349, Loss: 5.728672027587891
./circuit_plots/Unrestricted Disentangled|Readout|CN=2|B0=0|B1=0|K=1280|L=320|p_B=0.75|p_C=0.75|B=2|eps=0|b4755c15-ae1c-4b25-96c8-f3c68ba4e0ec/ already exists.
./circuit_plots/Unrestricted Disentangled|Readout|CN=2|B0=0|B1=0|K=1280|L=320|p_B=0.75|p_C=0.75|B=2|eps=0|b4755c15-ae1c-4b25-96c8-f3c68ba4e0ec/ already exists.
./circuit_plots/Unrestricted Disentangled|Readout|CN=2|B0=0|B1=0|K=1280|L=320|p_B=0.75|p_C=0.75|B=2|eps=0|b4755c15-ae1c-4b25-96c8-f3c68ba4e0ec/ already exists.
./circuit_plots/Unrestricted Disentangled|Readout|CN=2|B0=0|B1=0|K=1280|L=320|p_B=0.75|p_C=0.75|B=2|eps=0|b4755c15-ae1c-4b25-96c8-f3c68ba4e0ec/ already exists.
./circuit_plots/Unrestricted Disentangled|Readout|CN=2|B0=0|B1=0|K=1280|L=320|p_B=0.75|p_C=0.75|B=2|eps=0|b4755c15-ae1c-4b25-96c8-f3c68ba4e0ec/ already exists.
./circuit_plots/Unrestricted Disentangled|Readout|CN=2|B0=0|B1=0|K=1280|L=320|p_B=0.75|p_C=0.75|B=2|eps=0|b4755c15-ae1c-4b25-96c8-f3c68ba4e0ec/ already exists.
./circuit_plots/Unrestricted Disentangled|Readout|CN=2|B0=0|B1=0|K=1280|L=320|p_B=0.75|p_C=0.75|B=2|eps=0|b4755c15-ae1c-4b25-96c8-f3c68ba4e0ec/ already exists.
Epoch: 3350, Loss: 5.722087383270264
Test acc: 0.0189, IC acc: 0.0213, IC acc2: 0.0033, IW acc: 0.0031
Epoch: 3351, Loss: 5.706384658813477
Epoch: 3352, Loss: 5.7261481285095215
Epoch: 3353, Loss: 5.727207183837891
Epoch: 3354, Loss: 5.727574348449707
Epoch: 3355, Loss: 5.714806079864502
Epoch: 3356, Loss: 5.707287788391113
Epoch: 3357, Loss: 5.7164201736450195
Epoch: 3358, Loss: 5.708900451660156
Epoch: 3359, Loss: 5.716114521026611
Epoch: 3360, Loss: 5.709169387817383
Test acc: 0.0189, IC acc: 0.0211, IC acc2: 0.0034, IW acc: 0.0031
Epoch: 3361, Loss: 5.706841945648193
Epoch: 3362, Loss: 5.708726406097412
Epoch: 3363, Loss: 5.731830596923828
Epoch: 3364, Loss: 5.7224860191345215
Epoch: 3365, Loss: 5.724054336547852
Epoch: 3366, Loss: 5.707003593444824
Epoch: 3367, Loss: 5.710915565490723
Epoch: 3368, Loss: 5.70805549621582
Epoch: 3369, Loss: 5.710630416870117
Epoch: 3370, Loss: 5.710509777069092
Test acc: 0.0189, IC acc: 0.0213, IC acc2: 0.0034, IW acc: 0.0031
Epoch: 3371, Loss: 5.721039772033691
Epoch: 3372, Loss: 5.7375807762146
Epoch: 3373, Loss: 5.715002059936523
Epoch: 3374, Loss: 5.732118606567383
Epoch: 3375, Loss: 5.717397689819336
Epoch: 3376, Loss: 5.721597194671631
Epoch: 3377, Loss: 5.704593658447266
Epoch: 3378, Loss: 5.729670524597168
Epoch: 3379, Loss: 5.7079291343688965
Epoch: 3380, Loss: 5.730105400085449
Test acc: 0.0189, IC acc: 0.0214, IC acc2: 0.0035, IW acc: 0.0031
Epoch: 3381, Loss: 5.722175121307373
Epoch: 3382, Loss: 5.730785846710205
Epoch: 3383, Loss: 5.720522880554199
Epoch: 3384, Loss: 5.710537910461426
Epoch: 3385, Loss: 5.724008560180664
Epoch: 3386, Loss: 5.721270561218262
Epoch: 3387, Loss: 5.718008041381836
Epoch: 3388, Loss: 5.731111526489258
Epoch: 3389, Loss: 5.715639114379883
Epoch: 3390, Loss: 5.691439151763916
Test acc: 0.0189, IC acc: 0.0215, IC acc2: 0.0035, IW acc: 0.0031
Epoch: 3391, Loss: 5.709059715270996
Epoch: 3392, Loss: 5.7260355949401855
Epoch: 3393, Loss: 5.712027072906494
Epoch: 3394, Loss: 5.709223747253418
Epoch: 3395, Loss: 5.718503952026367
Epoch: 3396, Loss: 5.713696479797363
Epoch: 3397, Loss: 5.720878601074219
Epoch: 3398, Loss: 5.727884769439697
Epoch: 3399, Loss: 5.722239017486572
./circuit_plots/Unrestricted Disentangled|Readout|CN=2|B0=0|B1=0|K=1280|L=320|p_B=0.75|p_C=0.75|B=2|eps=0|b4755c15-ae1c-4b25-96c8-f3c68ba4e0ec/ already exists.
./circuit_plots/Unrestricted Disentangled|Readout|CN=2|B0=0|B1=0|K=1280|L=320|p_B=0.75|p_C=0.75|B=2|eps=0|b4755c15-ae1c-4b25-96c8-f3c68ba4e0ec/ already exists.
./circuit_plots/Unrestricted Disentangled|Readout|CN=2|B0=0|B1=0|K=1280|L=320|p_B=0.75|p_C=0.75|B=2|eps=0|b4755c15-ae1c-4b25-96c8-f3c68ba4e0ec/ already exists.
./circuit_plots/Unrestricted Disentangled|Readout|CN=2|B0=0|B1=0|K=1280|L=320|p_B=0.75|p_C=0.75|B=2|eps=0|b4755c15-ae1c-4b25-96c8-f3c68ba4e0ec/ already exists.
./circuit_plots/Unrestricted Disentangled|Readout|CN=2|B0=0|B1=0|K=1280|L=320|p_B=0.75|p_C=0.75|B=2|eps=0|b4755c15-ae1c-4b25-96c8-f3c68ba4e0ec/ already exists.
./circuit_plots/Unrestricted Disentangled|Readout|CN=2|B0=0|B1=0|K=1280|L=320|p_B=0.75|p_C=0.75|B=2|eps=0|b4755c15-ae1c-4b25-96c8-f3c68ba4e0ec/ already exists.
./circuit_plots/Unrestricted Disentangled|Readout|CN=2|B0=0|B1=0|K=1280|L=320|p_B=0.75|p_C=0.75|B=2|eps=0|b4755c15-ae1c-4b25-96c8-f3c68ba4e0ec/ already exists.
Epoch: 3400, Loss: 5.7266411781311035
Test acc: 0.019, IC acc: 0.0215, IC acc2: 0.0035, IW acc: 0.0031
Epoch: 3401, Loss: 5.710626602172852
Epoch: 3402, Loss: 5.7166290283203125
Epoch: 3403, Loss: 5.723570823669434
Epoch: 3404, Loss: 5.719629764556885
Epoch: 3405, Loss: 5.73244571685791
Epoch: 3406, Loss: 5.7259674072265625
Epoch: 3407, Loss: 5.720850944519043
Epoch: 3408, Loss: 5.708892822265625
Epoch: 3409, Loss: 5.722329616546631
Epoch: 3410, Loss: 5.71403694152832
Test acc: 0.0191, IC acc: 0.0219, IC acc2: 0.0035, IW acc: 0.0031
Epoch: 3411, Loss: 5.715614318847656
Epoch: 3412, Loss: 5.7194085121154785
Epoch: 3413, Loss: 5.709898948669434
Epoch: 3414, Loss: 5.727117538452148
Epoch: 3415, Loss: 5.709383964538574
Epoch: 3416, Loss: 5.7219672203063965
Epoch: 3417, Loss: 5.71330451965332
Epoch: 3418, Loss: 5.699601173400879
Epoch: 3419, Loss: 5.722190856933594
Epoch: 3420, Loss: 5.72545051574707
Test acc: 0.0191, IC acc: 0.0218, IC acc2: 0.0034, IW acc: 0.0031
Epoch: 3421, Loss: 5.740330696105957
Epoch: 3422, Loss: 5.722753524780273
Epoch: 3423, Loss: 5.707035541534424
Epoch: 3424, Loss: 5.712227821350098
Epoch: 3425, Loss: 5.728492736816406
Epoch: 3426, Loss: 5.724556922912598
Epoch: 3427, Loss: 5.712588310241699
Epoch: 3428, Loss: 5.7249650955200195
Epoch: 3429, Loss: 5.712094306945801
Epoch: 3430, Loss: 5.7201995849609375
Test acc: 0.0192, IC acc: 0.022, IC acc2: 0.0034, IW acc: 0.0031
Epoch: 3431, Loss: 5.717460632324219
Epoch: 3432, Loss: 5.723607063293457
Epoch: 3433, Loss: 5.720237731933594
Epoch: 3434, Loss: 5.71936559677124
Epoch: 3435, Loss: 5.7372355461120605
Epoch: 3436, Loss: 5.7088212966918945
Epoch: 3437, Loss: 5.713783264160156
Epoch: 3438, Loss: 5.7151055335998535
Epoch: 3439, Loss: 5.710684299468994
Epoch: 3440, Loss: 5.714664936065674
Test acc: 0.0192, IC acc: 0.0222, IC acc2: 0.0033, IW acc: 0.0031
Epoch: 3441, Loss: 5.709636688232422
Epoch: 3442, Loss: 5.720881462097168
Epoch: 3443, Loss: 5.714855194091797
Epoch: 3444, Loss: 5.723203659057617
Epoch: 3445, Loss: 5.718311309814453
Epoch: 3446, Loss: 5.72066593170166
Epoch: 3447, Loss: 5.708096981048584
Epoch: 3448, Loss: 5.708624362945557
Epoch: 3449, Loss: 5.733731269836426
./circuit_plots/Unrestricted Disentangled|Readout|CN=2|B0=0|B1=0|K=1280|L=320|p_B=0.75|p_C=0.75|B=2|eps=0|b4755c15-ae1c-4b25-96c8-f3c68ba4e0ec/ already exists.
./circuit_plots/Unrestricted Disentangled|Readout|CN=2|B0=0|B1=0|K=1280|L=320|p_B=0.75|p_C=0.75|B=2|eps=0|b4755c15-ae1c-4b25-96c8-f3c68ba4e0ec/ already exists.
./circuit_plots/Unrestricted Disentangled|Readout|CN=2|B0=0|B1=0|K=1280|L=320|p_B=0.75|p_C=0.75|B=2|eps=0|b4755c15-ae1c-4b25-96c8-f3c68ba4e0ec/ already exists.
./circuit_plots/Unrestricted Disentangled|Readout|CN=2|B0=0|B1=0|K=1280|L=320|p_B=0.75|p_C=0.75|B=2|eps=0|b4755c15-ae1c-4b25-96c8-f3c68ba4e0ec/ already exists.
./circuit_plots/Unrestricted Disentangled|Readout|CN=2|B0=0|B1=0|K=1280|L=320|p_B=0.75|p_C=0.75|B=2|eps=0|b4755c15-ae1c-4b25-96c8-f3c68ba4e0ec/ already exists.
./circuit_plots/Unrestricted Disentangled|Readout|CN=2|B0=0|B1=0|K=1280|L=320|p_B=0.75|p_C=0.75|B=2|eps=0|b4755c15-ae1c-4b25-96c8-f3c68ba4e0ec/ already exists.
./circuit_plots/Unrestricted Disentangled|Readout|CN=2|B0=0|B1=0|K=1280|L=320|p_B=0.75|p_C=0.75|B=2|eps=0|b4755c15-ae1c-4b25-96c8-f3c68ba4e0ec/ already exists.
Epoch: 3450, Loss: 5.717364311218262
Test acc: 0.0194, IC acc: 0.022, IC acc2: 0.0033, IW acc: 0.0031
Epoch: 3451, Loss: 5.730595588684082
Epoch: 3452, Loss: 5.719411373138428
Epoch: 3453, Loss: 5.68874454498291
Epoch: 3454, Loss: 5.730162620544434
Epoch: 3455, Loss: 5.7351202964782715
Epoch: 3456, Loss: 5.713813781738281
Epoch: 3457, Loss: 5.701210975646973
Epoch: 3458, Loss: 5.706539154052734
Epoch: 3459, Loss: 5.714223861694336
Epoch: 3460, Loss: 5.7158403396606445
Test acc: 0.0196, IC acc: 0.022, IC acc2: 0.0034, IW acc: 0.0031
Epoch: 3461, Loss: 5.713506698608398
Epoch: 3462, Loss: 5.701626300811768
Epoch: 3463, Loss: 5.719613552093506
Epoch: 3464, Loss: 5.725278854370117
Epoch: 3465, Loss: 5.713659763336182
Epoch: 3466, Loss: 5.7134857177734375
Epoch: 3467, Loss: 5.715457439422607
Epoch: 3468, Loss: 5.711552619934082
Epoch: 3469, Loss: 5.716220855712891
Epoch: 3470, Loss: 5.70911979675293
Test acc: 0.0197, IC acc: 0.0222, IC acc2: 0.0034, IW acc: 0.0031
Epoch: 3471, Loss: 5.734474182128906
Epoch: 3472, Loss: 5.7157440185546875
Epoch: 3473, Loss: 5.722916603088379
Epoch: 3474, Loss: 5.710198402404785
Epoch: 3475, Loss: 5.718860626220703
Epoch: 3476, Loss: 5.709356307983398
Epoch: 3477, Loss: 5.710846900939941
Epoch: 3478, Loss: 5.719428062438965
Epoch: 3479, Loss: 5.706077575683594
Epoch: 3480, Loss: 5.710560321807861
Test acc: 0.0197, IC acc: 0.0222, IC acc2: 0.0034, IW acc: 0.0031
Epoch: 3481, Loss: 5.717917442321777
Epoch: 3482, Loss: 5.706626892089844
Epoch: 3483, Loss: 5.716006278991699
Epoch: 3484, Loss: 5.714320182800293
Epoch: 3485, Loss: 5.7079057693481445
Epoch: 3486, Loss: 5.708706855773926
Epoch: 3487, Loss: 5.714840888977051
Epoch: 3488, Loss: 5.713033676147461
Epoch: 3489, Loss: 5.718743801116943
Epoch: 3490, Loss: 5.721070766448975
Test acc: 0.0198, IC acc: 0.0223, IC acc2: 0.0035, IW acc: 0.0031
Epoch: 3491, Loss: 5.729186058044434
Epoch: 3492, Loss: 5.701508045196533
Epoch: 3493, Loss: 5.698783874511719
Epoch: 3494, Loss: 5.713393211364746
Epoch: 3495, Loss: 5.7090253829956055
Epoch: 3496, Loss: 5.722177505493164
Epoch: 3497, Loss: 5.70100736618042
Epoch: 3498, Loss: 5.719510078430176
Epoch: 3499, Loss: 5.697161674499512
./circuit_plots/Unrestricted Disentangled|Readout|CN=2|B0=0|B1=0|K=1280|L=320|p_B=0.75|p_C=0.75|B=2|eps=0|b4755c15-ae1c-4b25-96c8-f3c68ba4e0ec/ already exists.
./circuit_plots/Unrestricted Disentangled|Readout|CN=2|B0=0|B1=0|K=1280|L=320|p_B=0.75|p_C=0.75|B=2|eps=0|b4755c15-ae1c-4b25-96c8-f3c68ba4e0ec/ already exists.
./circuit_plots/Unrestricted Disentangled|Readout|CN=2|B0=0|B1=0|K=1280|L=320|p_B=0.75|p_C=0.75|B=2|eps=0|b4755c15-ae1c-4b25-96c8-f3c68ba4e0ec/ already exists.
./circuit_plots/Unrestricted Disentangled|Readout|CN=2|B0=0|B1=0|K=1280|L=320|p_B=0.75|p_C=0.75|B=2|eps=0|b4755c15-ae1c-4b25-96c8-f3c68ba4e0ec/ already exists.
./circuit_plots/Unrestricted Disentangled|Readout|CN=2|B0=0|B1=0|K=1280|L=320|p_B=0.75|p_C=0.75|B=2|eps=0|b4755c15-ae1c-4b25-96c8-f3c68ba4e0ec/ already exists.
./circuit_plots/Unrestricted Disentangled|Readout|CN=2|B0=0|B1=0|K=1280|L=320|p_B=0.75|p_C=0.75|B=2|eps=0|b4755c15-ae1c-4b25-96c8-f3c68ba4e0ec/ already exists.
./circuit_plots/Unrestricted Disentangled|Readout|CN=2|B0=0|B1=0|K=1280|L=320|p_B=0.75|p_C=0.75|B=2|eps=0|b4755c15-ae1c-4b25-96c8-f3c68ba4e0ec/ already exists.
Epoch: 3500, Loss: 5.718029022216797
Test acc: 0.0199, IC acc: 0.0224, IC acc2: 0.0035, IW acc: 0.0031
Epoch: 3501, Loss: 5.720346450805664
Epoch: 3502, Loss: 5.707296371459961
Epoch: 3503, Loss: 5.709013938903809
Epoch: 3504, Loss: 5.70482063293457
Epoch: 3505, Loss: 5.710493564605713
Epoch: 3506, Loss: 5.711915969848633
Epoch: 3507, Loss: 5.70612907409668
Epoch: 3508, Loss: 5.726750373840332
Epoch: 3509, Loss: 5.727909088134766
Epoch: 3510, Loss: 5.716403007507324
Test acc: 0.0198, IC acc: 0.0227, IC acc2: 0.0035, IW acc: 0.0031
Epoch: 3511, Loss: 5.709424018859863
Epoch: 3512, Loss: 5.712490081787109
Epoch: 3513, Loss: 5.705818176269531
Epoch: 3514, Loss: 5.725175857543945
Epoch: 3515, Loss: 5.720916748046875
Epoch: 3516, Loss: 5.699707984924316
Epoch: 3517, Loss: 5.715335845947266
Epoch: 3518, Loss: 5.723278999328613
Epoch: 3519, Loss: 5.715236663818359
Epoch: 3520, Loss: 5.731464385986328
Test acc: 0.02, IC acc: 0.0227, IC acc2: 0.0034, IW acc: 0.0032
Epoch: 3521, Loss: 5.707877159118652
Epoch: 3522, Loss: 5.715776443481445
Epoch: 3523, Loss: 5.714977264404297
Epoch: 3524, Loss: 5.711585521697998
Epoch: 3525, Loss: 5.728234767913818
Epoch: 3526, Loss: 5.713809490203857
Epoch: 3527, Loss: 5.713657855987549
Epoch: 3528, Loss: 5.727823257446289
Epoch: 3529, Loss: 5.716914176940918
Epoch: 3530, Loss: 5.7044219970703125
Test acc: 0.0203, IC acc: 0.0229, IC acc2: 0.0034, IW acc: 0.0032
Epoch: 3531, Loss: 5.71068811416626
Epoch: 3532, Loss: 5.707339763641357
Epoch: 3533, Loss: 5.716501235961914
Epoch: 3534, Loss: 5.719128608703613
Epoch: 3535, Loss: 5.701692581176758
Epoch: 3536, Loss: 5.711541652679443
Epoch: 3537, Loss: 5.722744941711426
Epoch: 3538, Loss: 5.718994617462158
Epoch: 3539, Loss: 5.700399875640869
Epoch: 3540, Loss: 5.708061695098877
Test acc: 0.0203, IC acc: 0.0232, IC acc2: 0.0034, IW acc: 0.0032
Epoch: 3541, Loss: 5.6956787109375
Epoch: 3542, Loss: 5.728257179260254
Epoch: 3543, Loss: 5.720147132873535
Epoch: 3544, Loss: 5.710969924926758
Epoch: 3545, Loss: 5.700739860534668
Epoch: 3546, Loss: 5.708896160125732
Epoch: 3547, Loss: 5.717337608337402
Epoch: 3548, Loss: 5.723387718200684
Epoch: 3549, Loss: 5.730165481567383
./circuit_plots/Unrestricted Disentangled|Readout|CN=2|B0=0|B1=0|K=1280|L=320|p_B=0.75|p_C=0.75|B=2|eps=0|b4755c15-ae1c-4b25-96c8-f3c68ba4e0ec/ already exists.
./circuit_plots/Unrestricted Disentangled|Readout|CN=2|B0=0|B1=0|K=1280|L=320|p_B=0.75|p_C=0.75|B=2|eps=0|b4755c15-ae1c-4b25-96c8-f3c68ba4e0ec/ already exists.
./circuit_plots/Unrestricted Disentangled|Readout|CN=2|B0=0|B1=0|K=1280|L=320|p_B=0.75|p_C=0.75|B=2|eps=0|b4755c15-ae1c-4b25-96c8-f3c68ba4e0ec/ already exists.
./circuit_plots/Unrestricted Disentangled|Readout|CN=2|B0=0|B1=0|K=1280|L=320|p_B=0.75|p_C=0.75|B=2|eps=0|b4755c15-ae1c-4b25-96c8-f3c68ba4e0ec/ already exists.
./circuit_plots/Unrestricted Disentangled|Readout|CN=2|B0=0|B1=0|K=1280|L=320|p_B=0.75|p_C=0.75|B=2|eps=0|b4755c15-ae1c-4b25-96c8-f3c68ba4e0ec/ already exists.
./circuit_plots/Unrestricted Disentangled|Readout|CN=2|B0=0|B1=0|K=1280|L=320|p_B=0.75|p_C=0.75|B=2|eps=0|b4755c15-ae1c-4b25-96c8-f3c68ba4e0ec/ already exists.
./circuit_plots/Unrestricted Disentangled|Readout|CN=2|B0=0|B1=0|K=1280|L=320|p_B=0.75|p_C=0.75|B=2|eps=0|b4755c15-ae1c-4b25-96c8-f3c68ba4e0ec/ already exists.
Epoch: 3550, Loss: 5.716421127319336
Test acc: 0.0203, IC acc: 0.0232, IC acc2: 0.0034, IW acc: 0.0032
Epoch: 3551, Loss: 5.721202850341797
Epoch: 3552, Loss: 5.71327543258667
Epoch: 3553, Loss: 5.709956645965576
Epoch: 3554, Loss: 5.727585315704346
Epoch: 3555, Loss: 5.7205657958984375
Epoch: 3556, Loss: 5.714720726013184
Epoch: 3557, Loss: 5.7260847091674805
Epoch: 3558, Loss: 5.725118637084961
Epoch: 3559, Loss: 5.729267120361328
Epoch: 3560, Loss: 5.727115631103516
Test acc: 0.0205, IC acc: 0.0232, IC acc2: 0.0035, IW acc: 0.0032
Epoch: 3561, Loss: 5.717608451843262
Epoch: 3562, Loss: 5.726724624633789
Epoch: 3563, Loss: 5.713417053222656
Epoch: 3564, Loss: 5.713846206665039
Epoch: 3565, Loss: 5.713041305541992
Epoch: 3566, Loss: 5.71955680847168
Epoch: 3567, Loss: 5.718258857727051
Epoch: 3568, Loss: 5.703279495239258
Epoch: 3569, Loss: 5.720412254333496
Epoch: 3570, Loss: 5.709529399871826
Test acc: 0.0204, IC acc: 0.0232, IC acc2: 0.0034, IW acc: 0.0031
Epoch: 3571, Loss: 5.724969863891602
Epoch: 3572, Loss: 5.736452579498291
Epoch: 3573, Loss: 5.7075910568237305
Epoch: 3574, Loss: 5.713711738586426
Epoch: 3575, Loss: 5.7230706214904785
Epoch: 3576, Loss: 5.707318305969238
Epoch: 3577, Loss: 5.704751014709473
Epoch: 3578, Loss: 5.7210283279418945
Epoch: 3579, Loss: 5.707093715667725
Epoch: 3580, Loss: 5.713468074798584
Test acc: 0.0206, IC acc: 0.0234, IC acc2: 0.0034, IW acc: 0.0031
Epoch: 3581, Loss: 5.719250679016113
Epoch: 3582, Loss: 5.719503879547119
Epoch: 3583, Loss: 5.709736347198486
Epoch: 3584, Loss: 5.718945026397705
Epoch: 3585, Loss: 5.724086284637451
Epoch: 3586, Loss: 5.694891929626465
Epoch: 3587, Loss: 5.720942497253418
Epoch: 3588, Loss: 5.704808235168457
Epoch: 3589, Loss: 5.714371681213379
Epoch: 3590, Loss: 5.716222763061523
Test acc: 0.0206, IC acc: 0.0235, IC acc2: 0.0034, IW acc: 0.0031
Epoch: 3591, Loss: 5.706717491149902
Epoch: 3592, Loss: 5.714939117431641
Epoch: 3593, Loss: 5.702513694763184
Epoch: 3594, Loss: 5.725895881652832
Epoch: 3595, Loss: 5.736915588378906
Epoch: 3596, Loss: 5.714698791503906
Epoch: 3597, Loss: 5.711636543273926
Epoch: 3598, Loss: 5.715587615966797
Epoch: 3599, Loss: 5.7148919105529785
./circuit_plots/Unrestricted Disentangled|Readout|CN=2|B0=0|B1=0|K=1280|L=320|p_B=0.75|p_C=0.75|B=2|eps=0|b4755c15-ae1c-4b25-96c8-f3c68ba4e0ec/ already exists.
./circuit_plots/Unrestricted Disentangled|Readout|CN=2|B0=0|B1=0|K=1280|L=320|p_B=0.75|p_C=0.75|B=2|eps=0|b4755c15-ae1c-4b25-96c8-f3c68ba4e0ec/ already exists.
./circuit_plots/Unrestricted Disentangled|Readout|CN=2|B0=0|B1=0|K=1280|L=320|p_B=0.75|p_C=0.75|B=2|eps=0|b4755c15-ae1c-4b25-96c8-f3c68ba4e0ec/ already exists.
./circuit_plots/Unrestricted Disentangled|Readout|CN=2|B0=0|B1=0|K=1280|L=320|p_B=0.75|p_C=0.75|B=2|eps=0|b4755c15-ae1c-4b25-96c8-f3c68ba4e0ec/ already exists.
./circuit_plots/Unrestricted Disentangled|Readout|CN=2|B0=0|B1=0|K=1280|L=320|p_B=0.75|p_C=0.75|B=2|eps=0|b4755c15-ae1c-4b25-96c8-f3c68ba4e0ec/ already exists.
./circuit_plots/Unrestricted Disentangled|Readout|CN=2|B0=0|B1=0|K=1280|L=320|p_B=0.75|p_C=0.75|B=2|eps=0|b4755c15-ae1c-4b25-96c8-f3c68ba4e0ec/ already exists.
./circuit_plots/Unrestricted Disentangled|Readout|CN=2|B0=0|B1=0|K=1280|L=320|p_B=0.75|p_C=0.75|B=2|eps=0|b4755c15-ae1c-4b25-96c8-f3c68ba4e0ec/ already exists.
Epoch: 3600, Loss: 5.718453407287598
Test acc: 0.0207, IC acc: 0.0234, IC acc2: 0.0034, IW acc: 0.0031
Epoch: 3601, Loss: 5.717272758483887
Epoch: 3602, Loss: 5.728599548339844
Epoch: 3603, Loss: 5.718750476837158
Epoch: 3604, Loss: 5.702973365783691
Epoch: 3605, Loss: 5.6948161125183105
Epoch: 3606, Loss: 5.717095851898193
Epoch: 3607, Loss: 5.713135719299316
Epoch: 3608, Loss: 5.731125831604004
Epoch: 3609, Loss: 5.713565826416016
Epoch: 3610, Loss: 5.7163825035095215
Test acc: 0.0209, IC acc: 0.0233, IC acc2: 0.0034, IW acc: 0.0031
Epoch: 3611, Loss: 5.706572532653809
Epoch: 3612, Loss: 5.717213153839111
Epoch: 3613, Loss: 5.727691650390625
Epoch: 3614, Loss: 5.7253570556640625
Epoch: 3615, Loss: 5.709447860717773
Epoch: 3616, Loss: 5.700745582580566
Epoch: 3617, Loss: 5.713725566864014
Epoch: 3618, Loss: 5.696231842041016
Epoch: 3619, Loss: 5.708651542663574
Epoch: 3620, Loss: 5.719796180725098
Test acc: 0.021, IC acc: 0.0236, IC acc2: 0.0035, IW acc: 0.0031
Epoch: 3621, Loss: 5.714371681213379
Epoch: 3622, Loss: 5.713572025299072
Epoch: 3623, Loss: 5.721948623657227
Epoch: 3624, Loss: 5.727333068847656
Epoch: 3625, Loss: 5.719513893127441
Epoch: 3626, Loss: 5.709211349487305
Epoch: 3627, Loss: 5.720039367675781
Epoch: 3628, Loss: 5.7271904945373535
Epoch: 3629, Loss: 5.717023849487305
Epoch: 3630, Loss: 5.706437110900879
Test acc: 0.021, IC acc: 0.0238, IC acc2: 0.0034, IW acc: 0.0031
Epoch: 3631, Loss: 5.716310501098633
Epoch: 3632, Loss: 5.725872993469238
Epoch: 3633, Loss: 5.70771598815918
Epoch: 3634, Loss: 5.735001087188721
Epoch: 3635, Loss: 5.726046085357666
Epoch: 3636, Loss: 5.715782642364502
Epoch: 3637, Loss: 5.724785804748535
Epoch: 3638, Loss: 5.714631080627441
Epoch: 3639, Loss: 5.731300354003906
Epoch: 3640, Loss: 5.715692520141602
Test acc: 0.021, IC acc: 0.0238, IC acc2: 0.0034, IW acc: 0.0031
Epoch: 3641, Loss: 5.712533950805664
Epoch: 3642, Loss: 5.706735610961914
Epoch: 3643, Loss: 5.72166633605957
Epoch: 3644, Loss: 5.722261428833008
Epoch: 3645, Loss: 5.7225422859191895
Epoch: 3646, Loss: 5.718883991241455
Epoch: 3647, Loss: 5.711257457733154
Epoch: 3648, Loss: 5.721894264221191
Epoch: 3649, Loss: 5.704234600067139
./circuit_plots/Unrestricted Disentangled|Readout|CN=2|B0=0|B1=0|K=1280|L=320|p_B=0.75|p_C=0.75|B=2|eps=0|b4755c15-ae1c-4b25-96c8-f3c68ba4e0ec/ already exists.
./circuit_plots/Unrestricted Disentangled|Readout|CN=2|B0=0|B1=0|K=1280|L=320|p_B=0.75|p_C=0.75|B=2|eps=0|b4755c15-ae1c-4b25-96c8-f3c68ba4e0ec/ already exists.
./circuit_plots/Unrestricted Disentangled|Readout|CN=2|B0=0|B1=0|K=1280|L=320|p_B=0.75|p_C=0.75|B=2|eps=0|b4755c15-ae1c-4b25-96c8-f3c68ba4e0ec/ already exists.
./circuit_plots/Unrestricted Disentangled|Readout|CN=2|B0=0|B1=0|K=1280|L=320|p_B=0.75|p_C=0.75|B=2|eps=0|b4755c15-ae1c-4b25-96c8-f3c68ba4e0ec/ already exists.
./circuit_plots/Unrestricted Disentangled|Readout|CN=2|B0=0|B1=0|K=1280|L=320|p_B=0.75|p_C=0.75|B=2|eps=0|b4755c15-ae1c-4b25-96c8-f3c68ba4e0ec/ already exists.
./circuit_plots/Unrestricted Disentangled|Readout|CN=2|B0=0|B1=0|K=1280|L=320|p_B=0.75|p_C=0.75|B=2|eps=0|b4755c15-ae1c-4b25-96c8-f3c68ba4e0ec/ already exists.
./circuit_plots/Unrestricted Disentangled|Readout|CN=2|B0=0|B1=0|K=1280|L=320|p_B=0.75|p_C=0.75|B=2|eps=0|b4755c15-ae1c-4b25-96c8-f3c68ba4e0ec/ already exists.
Epoch: 3650, Loss: 5.717140197753906
Test acc: 0.0211, IC acc: 0.0238, IC acc2: 0.0034, IW acc: 0.0031
Epoch: 3651, Loss: 5.702091217041016
Epoch: 3652, Loss: 5.698698997497559
Epoch: 3653, Loss: 5.710944175720215
Epoch: 3654, Loss: 5.7149553298950195
Epoch: 3655, Loss: 5.719517707824707
Epoch: 3656, Loss: 5.706077575683594
Epoch: 3657, Loss: 5.708041191101074
Epoch: 3658, Loss: 5.708624839782715
Epoch: 3659, Loss: 5.711002349853516
Epoch: 3660, Loss: 5.699079990386963
Test acc: 0.0212, IC acc: 0.024, IC acc2: 0.0034, IW acc: 0.0031
Epoch: 3661, Loss: 5.704684257507324
Epoch: 3662, Loss: 5.693396091461182
Epoch: 3663, Loss: 5.712273597717285
Epoch: 3664, Loss: 5.7030863761901855
Epoch: 3665, Loss: 5.705975532531738
Epoch: 3666, Loss: 5.71317195892334
Epoch: 3667, Loss: 5.712098121643066
Epoch: 3668, Loss: 5.7048139572143555
Epoch: 3669, Loss: 5.717973709106445
Epoch: 3670, Loss: 5.721290588378906
Test acc: 0.0211, IC acc: 0.024, IC acc2: 0.0034, IW acc: 0.0031
Epoch: 3671, Loss: 5.709027290344238
Epoch: 3672, Loss: 5.727791786193848
Epoch: 3673, Loss: 5.710063934326172
Epoch: 3674, Loss: 5.722694396972656
Epoch: 3675, Loss: 5.709145545959473
Epoch: 3676, Loss: 5.716272354125977
Epoch: 3677, Loss: 5.719167709350586
Epoch: 3678, Loss: 5.716608047485352
Epoch: 3679, Loss: 5.707865238189697
Epoch: 3680, Loss: 5.709039211273193
Test acc: 0.0213, IC acc: 0.0242, IC acc2: 0.0034, IW acc: 0.0031
Epoch: 3681, Loss: 5.715014934539795
Epoch: 3682, Loss: 5.708552360534668
Epoch: 3683, Loss: 5.708529472351074
Epoch: 3684, Loss: 5.716302871704102
Epoch: 3685, Loss: 5.736710071563721
Epoch: 3686, Loss: 5.708009719848633
Epoch: 3687, Loss: 5.717588424682617
Epoch: 3688, Loss: 5.725687026977539
Epoch: 3689, Loss: 5.7180938720703125
Epoch: 3690, Loss: 5.714573383331299
Test acc: 0.0214, IC acc: 0.024, IC acc2: 0.0033, IW acc: 0.0031
Epoch: 3691, Loss: 5.716563701629639
Epoch: 3692, Loss: 5.707607269287109
Epoch: 3693, Loss: 5.704817295074463
Epoch: 3694, Loss: 5.706953048706055
Epoch: 3695, Loss: 5.712726593017578
Epoch: 3696, Loss: 5.709370136260986
Epoch: 3697, Loss: 5.719768524169922
Epoch: 3698, Loss: 5.7174224853515625
Epoch: 3699, Loss: 5.7151594161987305
./circuit_plots/Unrestricted Disentangled|Readout|CN=2|B0=0|B1=0|K=1280|L=320|p_B=0.75|p_C=0.75|B=2|eps=0|b4755c15-ae1c-4b25-96c8-f3c68ba4e0ec/ already exists.
./circuit_plots/Unrestricted Disentangled|Readout|CN=2|B0=0|B1=0|K=1280|L=320|p_B=0.75|p_C=0.75|B=2|eps=0|b4755c15-ae1c-4b25-96c8-f3c68ba4e0ec/ already exists.
./circuit_plots/Unrestricted Disentangled|Readout|CN=2|B0=0|B1=0|K=1280|L=320|p_B=0.75|p_C=0.75|B=2|eps=0|b4755c15-ae1c-4b25-96c8-f3c68ba4e0ec/ already exists.
./circuit_plots/Unrestricted Disentangled|Readout|CN=2|B0=0|B1=0|K=1280|L=320|p_B=0.75|p_C=0.75|B=2|eps=0|b4755c15-ae1c-4b25-96c8-f3c68ba4e0ec/ already exists.
./circuit_plots/Unrestricted Disentangled|Readout|CN=2|B0=0|B1=0|K=1280|L=320|p_B=0.75|p_C=0.75|B=2|eps=0|b4755c15-ae1c-4b25-96c8-f3c68ba4e0ec/ already exists.
./circuit_plots/Unrestricted Disentangled|Readout|CN=2|B0=0|B1=0|K=1280|L=320|p_B=0.75|p_C=0.75|B=2|eps=0|b4755c15-ae1c-4b25-96c8-f3c68ba4e0ec/ already exists.
./circuit_plots/Unrestricted Disentangled|Readout|CN=2|B0=0|B1=0|K=1280|L=320|p_B=0.75|p_C=0.75|B=2|eps=0|b4755c15-ae1c-4b25-96c8-f3c68ba4e0ec/ already exists.
Epoch: 3700, Loss: 5.707020282745361
Test acc: 0.0216, IC acc: 0.0243, IC acc2: 0.0032, IW acc: 0.0031
Epoch: 3701, Loss: 5.6998291015625
Epoch: 3702, Loss: 5.721736431121826
Epoch: 3703, Loss: 5.704628944396973
Epoch: 3704, Loss: 5.713796138763428
Epoch: 3705, Loss: 5.713141441345215
Epoch: 3706, Loss: 5.70008659362793
Epoch: 3707, Loss: 5.724964141845703
Epoch: 3708, Loss: 5.700145244598389
Epoch: 3709, Loss: 5.7143096923828125
Epoch: 3710, Loss: 5.716800212860107
Test acc: 0.0218, IC acc: 0.0246, IC acc2: 0.0033, IW acc: 0.0031
Epoch: 3711, Loss: 5.711843490600586
Epoch: 3712, Loss: 5.714336395263672
Epoch: 3713, Loss: 5.7136616706848145
Epoch: 3714, Loss: 5.721663475036621
Epoch: 3715, Loss: 5.71595573425293
Epoch: 3716, Loss: 5.708953380584717
Epoch: 3717, Loss: 5.702278137207031
Epoch: 3718, Loss: 5.705471992492676
Epoch: 3719, Loss: 5.699227809906006
Epoch: 3720, Loss: 5.7072906494140625
Test acc: 0.0218, IC acc: 0.0246, IC acc2: 0.0031, IW acc: 0.0031
Epoch: 3721, Loss: 5.7122931480407715
Epoch: 3722, Loss: 5.716849327087402
Epoch: 3723, Loss: 5.722964286804199
Epoch: 3724, Loss: 5.704567909240723
Epoch: 3725, Loss: 5.7103657722473145
Epoch: 3726, Loss: 5.700845241546631
Epoch: 3727, Loss: 5.699889183044434
Epoch: 3728, Loss: 5.70135498046875
Epoch: 3729, Loss: 5.720536231994629
Epoch: 3730, Loss: 5.704242706298828
Test acc: 0.0218, IC acc: 0.0247, IC acc2: 0.0032, IW acc: 0.003
Epoch: 3731, Loss: 5.715884685516357
Epoch: 3732, Loss: 5.713391304016113
Epoch: 3733, Loss: 5.714953422546387
Epoch: 3734, Loss: 5.7202982902526855
Epoch: 3735, Loss: 5.705448150634766
Epoch: 3736, Loss: 5.697405815124512
Epoch: 3737, Loss: 5.7247314453125
Epoch: 3738, Loss: 5.708800315856934
Epoch: 3739, Loss: 5.707332611083984
Epoch: 3740, Loss: 5.721813201904297
Test acc: 0.0218, IC acc: 0.0249, IC acc2: 0.0032, IW acc: 0.003
Epoch: 3741, Loss: 5.724023342132568
Epoch: 3742, Loss: 5.717837810516357
Epoch: 3743, Loss: 5.7096662521362305
Epoch: 3744, Loss: 5.703671455383301
Epoch: 3745, Loss: 5.711767673492432
Epoch: 3746, Loss: 5.71062707901001
Epoch: 3747, Loss: 5.7108964920043945
Epoch: 3748, Loss: 5.709714889526367
Epoch: 3749, Loss: 5.713448524475098
./circuit_plots/Unrestricted Disentangled|Readout|CN=2|B0=0|B1=0|K=1280|L=320|p_B=0.75|p_C=0.75|B=2|eps=0|b4755c15-ae1c-4b25-96c8-f3c68ba4e0ec/ already exists.
./circuit_plots/Unrestricted Disentangled|Readout|CN=2|B0=0|B1=0|K=1280|L=320|p_B=0.75|p_C=0.75|B=2|eps=0|b4755c15-ae1c-4b25-96c8-f3c68ba4e0ec/ already exists.
./circuit_plots/Unrestricted Disentangled|Readout|CN=2|B0=0|B1=0|K=1280|L=320|p_B=0.75|p_C=0.75|B=2|eps=0|b4755c15-ae1c-4b25-96c8-f3c68ba4e0ec/ already exists.
./circuit_plots/Unrestricted Disentangled|Readout|CN=2|B0=0|B1=0|K=1280|L=320|p_B=0.75|p_C=0.75|B=2|eps=0|b4755c15-ae1c-4b25-96c8-f3c68ba4e0ec/ already exists.
./circuit_plots/Unrestricted Disentangled|Readout|CN=2|B0=0|B1=0|K=1280|L=320|p_B=0.75|p_C=0.75|B=2|eps=0|b4755c15-ae1c-4b25-96c8-f3c68ba4e0ec/ already exists.
./circuit_plots/Unrestricted Disentangled|Readout|CN=2|B0=0|B1=0|K=1280|L=320|p_B=0.75|p_C=0.75|B=2|eps=0|b4755c15-ae1c-4b25-96c8-f3c68ba4e0ec/ already exists.
./circuit_plots/Unrestricted Disentangled|Readout|CN=2|B0=0|B1=0|K=1280|L=320|p_B=0.75|p_C=0.75|B=2|eps=0|b4755c15-ae1c-4b25-96c8-f3c68ba4e0ec/ already exists.
Epoch: 3750, Loss: 5.713929176330566
Test acc: 0.0218, IC acc: 0.0249, IC acc2: 0.0032, IW acc: 0.003
Epoch: 3751, Loss: 5.72048282623291
Epoch: 3752, Loss: 5.699178695678711
Epoch: 3753, Loss: 5.7140583992004395
Epoch: 3754, Loss: 5.717350006103516
Epoch: 3755, Loss: 5.710784912109375
Epoch: 3756, Loss: 5.711917877197266
Epoch: 3757, Loss: 5.714008331298828
Epoch: 3758, Loss: 5.700954437255859
Epoch: 3759, Loss: 5.71006441116333
Epoch: 3760, Loss: 5.721644401550293
Test acc: 0.0221, IC acc: 0.0249, IC acc2: 0.0032, IW acc: 0.003
Epoch: 3761, Loss: 5.713015556335449
Epoch: 3762, Loss: 5.713451862335205
Epoch: 3763, Loss: 5.716971397399902
Epoch: 3764, Loss: 5.717281818389893
Epoch: 3765, Loss: 5.722249984741211
Epoch: 3766, Loss: 5.705123424530029
Epoch: 3767, Loss: 5.723935127258301
Epoch: 3768, Loss: 5.704127311706543
Epoch: 3769, Loss: 5.712372779846191
Epoch: 3770, Loss: 5.715897083282471
Test acc: 0.0222, IC acc: 0.0252, IC acc2: 0.0032, IW acc: 0.003
Epoch: 3771, Loss: 5.70033073425293
Epoch: 3772, Loss: 5.689516067504883
Epoch: 3773, Loss: 5.719638824462891
Epoch: 3774, Loss: 5.710693359375
Epoch: 3775, Loss: 5.701181888580322
Epoch: 3776, Loss: 5.720124244689941
Epoch: 3777, Loss: 5.713284015655518
Epoch: 3778, Loss: 5.690455913543701
Epoch: 3779, Loss: 5.708004951477051
Epoch: 3780, Loss: 5.724738121032715
Test acc: 0.0224, IC acc: 0.0252, IC acc2: 0.0031, IW acc: 0.003
Epoch: 3781, Loss: 5.694888114929199
Epoch: 3782, Loss: 5.712235927581787
Epoch: 3783, Loss: 5.727663040161133
Epoch: 3784, Loss: 5.711330413818359
Epoch: 3785, Loss: 5.713235855102539
Epoch: 3786, Loss: 5.713132858276367
Epoch: 3787, Loss: 5.705976486206055
Epoch: 3788, Loss: 5.703609943389893
Epoch: 3789, Loss: 5.694854736328125
Epoch: 3790, Loss: 5.69684362411499
Test acc: 0.0224, IC acc: 0.0254, IC acc2: 0.0031, IW acc: 0.003
Epoch: 3791, Loss: 5.69091796875
Epoch: 3792, Loss: 5.719578742980957
Epoch: 3793, Loss: 5.700556755065918
Epoch: 3794, Loss: 5.7015910148620605
Epoch: 3795, Loss: 5.723381996154785
Epoch: 3796, Loss: 5.728153705596924
Epoch: 3797, Loss: 5.709516525268555
Epoch: 3798, Loss: 5.704751014709473
Epoch: 3799, Loss: 5.714156150817871
./circuit_plots/Unrestricted Disentangled|Readout|CN=2|B0=0|B1=0|K=1280|L=320|p_B=0.75|p_C=0.75|B=2|eps=0|b4755c15-ae1c-4b25-96c8-f3c68ba4e0ec/ already exists.
./circuit_plots/Unrestricted Disentangled|Readout|CN=2|B0=0|B1=0|K=1280|L=320|p_B=0.75|p_C=0.75|B=2|eps=0|b4755c15-ae1c-4b25-96c8-f3c68ba4e0ec/ already exists.
./circuit_plots/Unrestricted Disentangled|Readout|CN=2|B0=0|B1=0|K=1280|L=320|p_B=0.75|p_C=0.75|B=2|eps=0|b4755c15-ae1c-4b25-96c8-f3c68ba4e0ec/ already exists.
./circuit_plots/Unrestricted Disentangled|Readout|CN=2|B0=0|B1=0|K=1280|L=320|p_B=0.75|p_C=0.75|B=2|eps=0|b4755c15-ae1c-4b25-96c8-f3c68ba4e0ec/ already exists.
./circuit_plots/Unrestricted Disentangled|Readout|CN=2|B0=0|B1=0|K=1280|L=320|p_B=0.75|p_C=0.75|B=2|eps=0|b4755c15-ae1c-4b25-96c8-f3c68ba4e0ec/ already exists.
./circuit_plots/Unrestricted Disentangled|Readout|CN=2|B0=0|B1=0|K=1280|L=320|p_B=0.75|p_C=0.75|B=2|eps=0|b4755c15-ae1c-4b25-96c8-f3c68ba4e0ec/ already exists.
./circuit_plots/Unrestricted Disentangled|Readout|CN=2|B0=0|B1=0|K=1280|L=320|p_B=0.75|p_C=0.75|B=2|eps=0|b4755c15-ae1c-4b25-96c8-f3c68ba4e0ec/ already exists.
Epoch: 3800, Loss: 5.7087907791137695
Test acc: 0.0225, IC acc: 0.0254, IC acc2: 0.0031, IW acc: 0.003
Epoch: 3801, Loss: 5.705559730529785
Epoch: 3802, Loss: 5.699387550354004
Epoch: 3803, Loss: 5.701487064361572
Epoch: 3804, Loss: 5.722701072692871
Epoch: 3805, Loss: 5.715443134307861
Epoch: 3806, Loss: 5.715020179748535
Epoch: 3807, Loss: 5.716646671295166
Epoch: 3808, Loss: 5.7083845138549805
Epoch: 3809, Loss: 5.730856895446777
Epoch: 3810, Loss: 5.715800762176514
Test acc: 0.0226, IC acc: 0.0255, IC acc2: 0.0031, IW acc: 0.003
Epoch: 3811, Loss: 5.713925361633301
Epoch: 3812, Loss: 5.702455520629883
Epoch: 3813, Loss: 5.709190368652344
Epoch: 3814, Loss: 5.715664386749268
Epoch: 3815, Loss: 5.718423843383789
Epoch: 3816, Loss: 5.712878704071045
Epoch: 3817, Loss: 5.708749771118164
Epoch: 3818, Loss: 5.7024126052856445
Epoch: 3819, Loss: 5.70538330078125
Epoch: 3820, Loss: 5.70817756652832
Test acc: 0.0226, IC acc: 0.0252, IC acc2: 0.0031, IW acc: 0.003
Epoch: 3821, Loss: 5.701631546020508
Epoch: 3822, Loss: 5.700933456420898
Epoch: 3823, Loss: 5.709456443786621
Epoch: 3824, Loss: 5.707289695739746
Epoch: 3825, Loss: 5.710258483886719
Epoch: 3826, Loss: 5.7234296798706055
Epoch: 3827, Loss: 5.703885078430176
Epoch: 3828, Loss: 5.721075534820557
Epoch: 3829, Loss: 5.711180686950684
Epoch: 3830, Loss: 5.718228340148926
Test acc: 0.0228, IC acc: 0.0253, IC acc2: 0.0031, IW acc: 0.003
Epoch: 3831, Loss: 5.703731536865234
Epoch: 3832, Loss: 5.704145908355713
Epoch: 3833, Loss: 5.711933135986328
Epoch: 3834, Loss: 5.719995975494385
Epoch: 3835, Loss: 5.7192769050598145
Epoch: 3836, Loss: 5.717552661895752
Epoch: 3837, Loss: 5.696572303771973
Epoch: 3838, Loss: 5.72016716003418
Epoch: 3839, Loss: 5.718038558959961
Epoch: 3840, Loss: 5.6844635009765625
Test acc: 0.0226, IC acc: 0.0258, IC acc2: 0.0031, IW acc: 0.003
Epoch: 3841, Loss: 5.717742919921875
Epoch: 3842, Loss: 5.7193756103515625
Epoch: 3843, Loss: 5.707570552825928
Epoch: 3844, Loss: 5.714663505554199
Epoch: 3845, Loss: 5.724268913269043
Epoch: 3846, Loss: 5.708165168762207
Epoch: 3847, Loss: 5.70688009262085
Epoch: 3848, Loss: 5.705687522888184
Epoch: 3849, Loss: 5.718281269073486
./circuit_plots/Unrestricted Disentangled|Readout|CN=2|B0=0|B1=0|K=1280|L=320|p_B=0.75|p_C=0.75|B=2|eps=0|b4755c15-ae1c-4b25-96c8-f3c68ba4e0ec/ already exists.
./circuit_plots/Unrestricted Disentangled|Readout|CN=2|B0=0|B1=0|K=1280|L=320|p_B=0.75|p_C=0.75|B=2|eps=0|b4755c15-ae1c-4b25-96c8-f3c68ba4e0ec/ already exists.
./circuit_plots/Unrestricted Disentangled|Readout|CN=2|B0=0|B1=0|K=1280|L=320|p_B=0.75|p_C=0.75|B=2|eps=0|b4755c15-ae1c-4b25-96c8-f3c68ba4e0ec/ already exists.
./circuit_plots/Unrestricted Disentangled|Readout|CN=2|B0=0|B1=0|K=1280|L=320|p_B=0.75|p_C=0.75|B=2|eps=0|b4755c15-ae1c-4b25-96c8-f3c68ba4e0ec/ already exists.
./circuit_plots/Unrestricted Disentangled|Readout|CN=2|B0=0|B1=0|K=1280|L=320|p_B=0.75|p_C=0.75|B=2|eps=0|b4755c15-ae1c-4b25-96c8-f3c68ba4e0ec/ already exists.
./circuit_plots/Unrestricted Disentangled|Readout|CN=2|B0=0|B1=0|K=1280|L=320|p_B=0.75|p_C=0.75|B=2|eps=0|b4755c15-ae1c-4b25-96c8-f3c68ba4e0ec/ already exists.
./circuit_plots/Unrestricted Disentangled|Readout|CN=2|B0=0|B1=0|K=1280|L=320|p_B=0.75|p_C=0.75|B=2|eps=0|b4755c15-ae1c-4b25-96c8-f3c68ba4e0ec/ already exists.
Epoch: 3850, Loss: 5.705885887145996
Test acc: 0.0227, IC acc: 0.026, IC acc2: 0.0031, IW acc: 0.003
Epoch: 3851, Loss: 5.695267677307129
Epoch: 3852, Loss: 5.694076061248779
Epoch: 3853, Loss: 5.71596097946167
Epoch: 3854, Loss: 5.689977169036865
Epoch: 3855, Loss: 5.71002721786499
Epoch: 3856, Loss: 5.709352493286133
Epoch: 3857, Loss: 5.713827133178711
Epoch: 3858, Loss: 5.718198776245117
Epoch: 3859, Loss: 5.720056056976318
Epoch: 3860, Loss: 5.707061767578125
Test acc: 0.0228, IC acc: 0.026, IC acc2: 0.0031, IW acc: 0.003
Epoch: 3861, Loss: 5.718367576599121
Epoch: 3862, Loss: 5.722230434417725
Epoch: 3863, Loss: 5.703703880310059
Epoch: 3864, Loss: 5.703587055206299
Epoch: 3865, Loss: 5.725396156311035
Epoch: 3866, Loss: 5.703521728515625
Epoch: 3867, Loss: 5.720606327056885
Epoch: 3868, Loss: 5.710244178771973
Epoch: 3869, Loss: 5.704495906829834
Epoch: 3870, Loss: 5.706462383270264
Test acc: 0.0228, IC acc: 0.026, IC acc2: 0.0031, IW acc: 0.003
Epoch: 3871, Loss: 5.7024102210998535
Epoch: 3872, Loss: 5.7103471755981445
Epoch: 3873, Loss: 5.706984996795654
Epoch: 3874, Loss: 5.713197708129883
Epoch: 3875, Loss: 5.718635559082031
Epoch: 3876, Loss: 5.701676845550537
Epoch: 3877, Loss: 5.723450660705566
Epoch: 3878, Loss: 5.703398704528809
Epoch: 3879, Loss: 5.716404914855957
Epoch: 3880, Loss: 5.727700233459473
Test acc: 0.0229, IC acc: 0.026, IC acc2: 0.0031, IW acc: 0.003
Epoch: 3881, Loss: 5.701678276062012
Epoch: 3882, Loss: 5.713047027587891
Epoch: 3883, Loss: 5.69972562789917
Epoch: 3884, Loss: 5.71065616607666
Epoch: 3885, Loss: 5.718941688537598
Epoch: 3886, Loss: 5.720849990844727
Epoch: 3887, Loss: 5.710345268249512
Epoch: 3888, Loss: 5.70512580871582
Epoch: 3889, Loss: 5.712372779846191
Epoch: 3890, Loss: 5.699218273162842
Test acc: 0.0232, IC acc: 0.026, IC acc2: 0.0031, IW acc: 0.003
Epoch: 3891, Loss: 5.715159893035889
Epoch: 3892, Loss: 5.705325126647949
Epoch: 3893, Loss: 5.710568428039551
Epoch: 3894, Loss: 5.706738471984863
Epoch: 3895, Loss: 5.693696975708008
Epoch: 3896, Loss: 5.71211051940918
Epoch: 3897, Loss: 5.731316566467285
Epoch: 3898, Loss: 5.724632740020752
Epoch: 3899, Loss: 5.716137886047363
./circuit_plots/Unrestricted Disentangled|Readout|CN=2|B0=0|B1=0|K=1280|L=320|p_B=0.75|p_C=0.75|B=2|eps=0|b4755c15-ae1c-4b25-96c8-f3c68ba4e0ec/ already exists.
./circuit_plots/Unrestricted Disentangled|Readout|CN=2|B0=0|B1=0|K=1280|L=320|p_B=0.75|p_C=0.75|B=2|eps=0|b4755c15-ae1c-4b25-96c8-f3c68ba4e0ec/ already exists.
./circuit_plots/Unrestricted Disentangled|Readout|CN=2|B0=0|B1=0|K=1280|L=320|p_B=0.75|p_C=0.75|B=2|eps=0|b4755c15-ae1c-4b25-96c8-f3c68ba4e0ec/ already exists.
./circuit_plots/Unrestricted Disentangled|Readout|CN=2|B0=0|B1=0|K=1280|L=320|p_B=0.75|p_C=0.75|B=2|eps=0|b4755c15-ae1c-4b25-96c8-f3c68ba4e0ec/ already exists.
./circuit_plots/Unrestricted Disentangled|Readout|CN=2|B0=0|B1=0|K=1280|L=320|p_B=0.75|p_C=0.75|B=2|eps=0|b4755c15-ae1c-4b25-96c8-f3c68ba4e0ec/ already exists.
./circuit_plots/Unrestricted Disentangled|Readout|CN=2|B0=0|B1=0|K=1280|L=320|p_B=0.75|p_C=0.75|B=2|eps=0|b4755c15-ae1c-4b25-96c8-f3c68ba4e0ec/ already exists.
./circuit_plots/Unrestricted Disentangled|Readout|CN=2|B0=0|B1=0|K=1280|L=320|p_B=0.75|p_C=0.75|B=2|eps=0|b4755c15-ae1c-4b25-96c8-f3c68ba4e0ec/ already exists.
Epoch: 3900, Loss: 5.701924800872803
Test acc: 0.0233, IC acc: 0.0261, IC acc2: 0.0032, IW acc: 0.003
Epoch: 3901, Loss: 5.711601257324219
Epoch: 3902, Loss: 5.71034574508667
Epoch: 3903, Loss: 5.718124866485596
Epoch: 3904, Loss: 5.711396217346191
Epoch: 3905, Loss: 5.70483922958374
Epoch: 3906, Loss: 5.712628364562988
Epoch: 3907, Loss: 5.708451271057129
Epoch: 3908, Loss: 5.706578254699707
Epoch: 3909, Loss: 5.714360237121582
Epoch: 3910, Loss: 5.713846206665039
Test acc: 0.0232, IC acc: 0.0261, IC acc2: 0.0032, IW acc: 0.003
Epoch: 3911, Loss: 5.703010082244873
Epoch: 3912, Loss: 5.703803062438965
Epoch: 3913, Loss: 5.698939323425293
Epoch: 3914, Loss: 5.704761505126953
Epoch: 3915, Loss: 5.702218055725098
Epoch: 3916, Loss: 5.719935417175293
Epoch: 3917, Loss: 5.711854457855225
Epoch: 3918, Loss: 5.706380844116211
Epoch: 3919, Loss: 5.721307754516602
Epoch: 3920, Loss: 5.715642929077148
Test acc: 0.0237, IC acc: 0.0261, IC acc2: 0.0031, IW acc: 0.003
Epoch: 3921, Loss: 5.71200704574585
Epoch: 3922, Loss: 5.709084510803223
Epoch: 3923, Loss: 5.709800720214844
Epoch: 3924, Loss: 5.703041076660156
Epoch: 3925, Loss: 5.718698978424072
Epoch: 3926, Loss: 5.708033084869385
Epoch: 3927, Loss: 5.695701599121094
Epoch: 3928, Loss: 5.700425148010254
Epoch: 3929, Loss: 5.7373456954956055
Epoch: 3930, Loss: 5.689933776855469
Test acc: 0.0236, IC acc: 0.0262, IC acc2: 0.0031, IW acc: 0.003
Epoch: 3931, Loss: 5.72907829284668
Epoch: 3932, Loss: 5.695437908172607
Epoch: 3933, Loss: 5.712838172912598
Epoch: 3934, Loss: 5.715141296386719
Epoch: 3935, Loss: 5.70536994934082
Epoch: 3936, Loss: 5.70971155166626
Epoch: 3937, Loss: 5.687078475952148
Epoch: 3938, Loss: 5.70660400390625
Epoch: 3939, Loss: 5.727407455444336
Epoch: 3940, Loss: 5.698659896850586
Test acc: 0.0238, IC acc: 0.0264, IC acc2: 0.0031, IW acc: 0.0031
Epoch: 3941, Loss: 5.721218585968018
Epoch: 3942, Loss: 5.701690673828125
Epoch: 3943, Loss: 5.6953229904174805
Epoch: 3944, Loss: 5.699759483337402
Epoch: 3945, Loss: 5.701371192932129
Epoch: 3946, Loss: 5.710481643676758
Epoch: 3947, Loss: 5.714713096618652
Epoch: 3948, Loss: 5.707494735717773
Epoch: 3949, Loss: 5.711583614349365
./circuit_plots/Unrestricted Disentangled|Readout|CN=2|B0=0|B1=0|K=1280|L=320|p_B=0.75|p_C=0.75|B=2|eps=0|b4755c15-ae1c-4b25-96c8-f3c68ba4e0ec/ already exists.
./circuit_plots/Unrestricted Disentangled|Readout|CN=2|B0=0|B1=0|K=1280|L=320|p_B=0.75|p_C=0.75|B=2|eps=0|b4755c15-ae1c-4b25-96c8-f3c68ba4e0ec/ already exists.
./circuit_plots/Unrestricted Disentangled|Readout|CN=2|B0=0|B1=0|K=1280|L=320|p_B=0.75|p_C=0.75|B=2|eps=0|b4755c15-ae1c-4b25-96c8-f3c68ba4e0ec/ already exists.
./circuit_plots/Unrestricted Disentangled|Readout|CN=2|B0=0|B1=0|K=1280|L=320|p_B=0.75|p_C=0.75|B=2|eps=0|b4755c15-ae1c-4b25-96c8-f3c68ba4e0ec/ already exists.
./circuit_plots/Unrestricted Disentangled|Readout|CN=2|B0=0|B1=0|K=1280|L=320|p_B=0.75|p_C=0.75|B=2|eps=0|b4755c15-ae1c-4b25-96c8-f3c68ba4e0ec/ already exists.
./circuit_plots/Unrestricted Disentangled|Readout|CN=2|B0=0|B1=0|K=1280|L=320|p_B=0.75|p_C=0.75|B=2|eps=0|b4755c15-ae1c-4b25-96c8-f3c68ba4e0ec/ already exists.
./circuit_plots/Unrestricted Disentangled|Readout|CN=2|B0=0|B1=0|K=1280|L=320|p_B=0.75|p_C=0.75|B=2|eps=0|b4755c15-ae1c-4b25-96c8-f3c68ba4e0ec/ already exists.
Epoch: 3950, Loss: 5.694975852966309
Test acc: 0.0239, IC acc: 0.0265, IC acc2: 0.003, IW acc: 0.0031
Epoch: 3951, Loss: 5.712549209594727
Epoch: 3952, Loss: 5.695886135101318
Epoch: 3953, Loss: 5.718151092529297
Epoch: 3954, Loss: 5.712031841278076
Epoch: 3955, Loss: 5.718806743621826
Epoch: 3956, Loss: 5.705735206604004
Epoch: 3957, Loss: 5.698142051696777
Epoch: 3958, Loss: 5.724194526672363
Epoch: 3959, Loss: 5.697817802429199
Epoch: 3960, Loss: 5.703928470611572
Test acc: 0.0236, IC acc: 0.0267, IC acc2: 0.003, IW acc: 0.0031
Epoch: 3961, Loss: 5.7156901359558105
Epoch: 3962, Loss: 5.712352752685547
Epoch: 3963, Loss: 5.710081100463867
Epoch: 3964, Loss: 5.694742202758789
Epoch: 3965, Loss: 5.715692520141602
Epoch: 3966, Loss: 5.6956095695495605
Epoch: 3967, Loss: 5.708417892456055
Epoch: 3968, Loss: 5.716183185577393
Epoch: 3969, Loss: 5.700562953948975
Epoch: 3970, Loss: 5.692959785461426
Test acc: 0.0236, IC acc: 0.027, IC acc2: 0.003, IW acc: 0.0031
Epoch: 3971, Loss: 5.706213474273682
Epoch: 3972, Loss: 5.714033603668213
Epoch: 3973, Loss: 5.698263168334961
Epoch: 3974, Loss: 5.701929569244385
Epoch: 3975, Loss: 5.696669101715088
Epoch: 3976, Loss: 5.701529502868652
Epoch: 3977, Loss: 5.715951919555664
Epoch: 3978, Loss: 5.699620723724365
Epoch: 3979, Loss: 5.721784591674805
Epoch: 3980, Loss: 5.716507911682129
Test acc: 0.0237, IC acc: 0.0271, IC acc2: 0.003, IW acc: 0.0031
Epoch: 3981, Loss: 5.709733963012695
Epoch: 3982, Loss: 5.716039180755615
Epoch: 3983, Loss: 5.706915855407715
Epoch: 3984, Loss: 5.695925712585449
Epoch: 3985, Loss: 5.709283828735352
Epoch: 3986, Loss: 5.715419769287109
Epoch: 3987, Loss: 5.713767051696777
Epoch: 3988, Loss: 5.717721939086914
Epoch: 3989, Loss: 5.702747344970703
Epoch: 3990, Loss: 5.707759857177734
Test acc: 0.0238, IC acc: 0.0273, IC acc2: 0.003, IW acc: 0.003
Epoch: 3991, Loss: 5.708343982696533
Epoch: 3992, Loss: 5.705013275146484
Epoch: 3993, Loss: 5.711296081542969
Epoch: 3994, Loss: 5.702444553375244
Epoch: 3995, Loss: 5.714583873748779
Epoch: 3996, Loss: 5.721989154815674
Epoch: 3997, Loss: 5.703482627868652
Epoch: 3998, Loss: 5.697760581970215
Epoch: 3999, Loss: 5.707525253295898
./circuit_plots/Unrestricted Disentangled|Readout|CN=2|B0=0|B1=0|K=1280|L=320|p_B=0.75|p_C=0.75|B=2|eps=0|b4755c15-ae1c-4b25-96c8-f3c68ba4e0ec/ already exists.
./circuit_plots/Unrestricted Disentangled|Readout|CN=2|B0=0|B1=0|K=1280|L=320|p_B=0.75|p_C=0.75|B=2|eps=0|b4755c15-ae1c-4b25-96c8-f3c68ba4e0ec/ already exists.
./circuit_plots/Unrestricted Disentangled|Readout|CN=2|B0=0|B1=0|K=1280|L=320|p_B=0.75|p_C=0.75|B=2|eps=0|b4755c15-ae1c-4b25-96c8-f3c68ba4e0ec/ already exists.
./circuit_plots/Unrestricted Disentangled|Readout|CN=2|B0=0|B1=0|K=1280|L=320|p_B=0.75|p_C=0.75|B=2|eps=0|b4755c15-ae1c-4b25-96c8-f3c68ba4e0ec/ already exists.
./circuit_plots/Unrestricted Disentangled|Readout|CN=2|B0=0|B1=0|K=1280|L=320|p_B=0.75|p_C=0.75|B=2|eps=0|b4755c15-ae1c-4b25-96c8-f3c68ba4e0ec/ already exists.
./circuit_plots/Unrestricted Disentangled|Readout|CN=2|B0=0|B1=0|K=1280|L=320|p_B=0.75|p_C=0.75|B=2|eps=0|b4755c15-ae1c-4b25-96c8-f3c68ba4e0ec/ already exists.
./circuit_plots/Unrestricted Disentangled|Readout|CN=2|B0=0|B1=0|K=1280|L=320|p_B=0.75|p_C=0.75|B=2|eps=0|b4755c15-ae1c-4b25-96c8-f3c68ba4e0ec/ already exists.
Epoch: 4000, Loss: 5.693667888641357
Test acc: 0.0238, IC acc: 0.0275, IC acc2: 0.003, IW acc: 0.003
Epoch: 4001, Loss: 5.710165023803711
Epoch: 4002, Loss: 5.701788425445557
Epoch: 4003, Loss: 5.699097156524658
Epoch: 4004, Loss: 5.7076592445373535
Epoch: 4005, Loss: 5.7094855308532715
Epoch: 4006, Loss: 5.700526237487793
Epoch: 4007, Loss: 5.694534778594971
Epoch: 4008, Loss: 5.711726188659668
Epoch: 4009, Loss: 5.7100372314453125
Epoch: 4010, Loss: 5.704930782318115
Test acc: 0.024, IC acc: 0.0275, IC acc2: 0.0031, IW acc: 0.003
Epoch: 4011, Loss: 5.723691940307617
Epoch: 4012, Loss: 5.704944133758545
Epoch: 4013, Loss: 5.705425262451172
Epoch: 4014, Loss: 5.706181526184082
Epoch: 4015, Loss: 5.709012985229492
Epoch: 4016, Loss: 5.719088554382324
Epoch: 4017, Loss: 5.729161262512207
Epoch: 4018, Loss: 5.723020553588867
Epoch: 4019, Loss: 5.712254047393799
Epoch: 4020, Loss: 5.712146759033203
Test acc: 0.0241, IC acc: 0.0274, IC acc2: 0.0031, IW acc: 0.003
Epoch: 4021, Loss: 5.707012176513672
Epoch: 4022, Loss: 5.701764106750488
Epoch: 4023, Loss: 5.690770626068115
Epoch: 4024, Loss: 5.715649127960205
Epoch: 4025, Loss: 5.71248722076416
Epoch: 4026, Loss: 5.724129676818848
Epoch: 4027, Loss: 5.704689025878906
Epoch: 4028, Loss: 5.709580421447754
Epoch: 4029, Loss: 5.693944454193115
Epoch: 4030, Loss: 5.709609031677246
Test acc: 0.0241, IC acc: 0.0275, IC acc2: 0.0031, IW acc: 0.003
Epoch: 4031, Loss: 5.7056145668029785
Epoch: 4032, Loss: 5.699951171875
Epoch: 4033, Loss: 5.708938121795654
Epoch: 4034, Loss: 5.695509910583496
Epoch: 4035, Loss: 5.694371700286865
Epoch: 4036, Loss: 5.706655502319336
Epoch: 4037, Loss: 5.681414604187012
Epoch: 4038, Loss: 5.722970962524414
Epoch: 4039, Loss: 5.714699745178223
Epoch: 4040, Loss: 5.698736190795898
Test acc: 0.0241, IC acc: 0.0276, IC acc2: 0.0031, IW acc: 0.003
Epoch: 4041, Loss: 5.711093425750732
Epoch: 4042, Loss: 5.710400104522705
Epoch: 4043, Loss: 5.706584930419922
Epoch: 4044, Loss: 5.699306964874268
Epoch: 4045, Loss: 5.715235710144043
Epoch: 4046, Loss: 5.706549167633057
Epoch: 4047, Loss: 5.7055768966674805
Epoch: 4048, Loss: 5.707143306732178
Epoch: 4049, Loss: 5.710273742675781
./circuit_plots/Unrestricted Disentangled|Readout|CN=2|B0=0|B1=0|K=1280|L=320|p_B=0.75|p_C=0.75|B=2|eps=0|b4755c15-ae1c-4b25-96c8-f3c68ba4e0ec/ already exists.
./circuit_plots/Unrestricted Disentangled|Readout|CN=2|B0=0|B1=0|K=1280|L=320|p_B=0.75|p_C=0.75|B=2|eps=0|b4755c15-ae1c-4b25-96c8-f3c68ba4e0ec/ already exists.
./circuit_plots/Unrestricted Disentangled|Readout|CN=2|B0=0|B1=0|K=1280|L=320|p_B=0.75|p_C=0.75|B=2|eps=0|b4755c15-ae1c-4b25-96c8-f3c68ba4e0ec/ already exists.
./circuit_plots/Unrestricted Disentangled|Readout|CN=2|B0=0|B1=0|K=1280|L=320|p_B=0.75|p_C=0.75|B=2|eps=0|b4755c15-ae1c-4b25-96c8-f3c68ba4e0ec/ already exists.
./circuit_plots/Unrestricted Disentangled|Readout|CN=2|B0=0|B1=0|K=1280|L=320|p_B=0.75|p_C=0.75|B=2|eps=0|b4755c15-ae1c-4b25-96c8-f3c68ba4e0ec/ already exists.
./circuit_plots/Unrestricted Disentangled|Readout|CN=2|B0=0|B1=0|K=1280|L=320|p_B=0.75|p_C=0.75|B=2|eps=0|b4755c15-ae1c-4b25-96c8-f3c68ba4e0ec/ already exists.
./circuit_plots/Unrestricted Disentangled|Readout|CN=2|B0=0|B1=0|K=1280|L=320|p_B=0.75|p_C=0.75|B=2|eps=0|b4755c15-ae1c-4b25-96c8-f3c68ba4e0ec/ already exists.
Epoch: 4050, Loss: 5.698866367340088
Test acc: 0.024, IC acc: 0.0278, IC acc2: 0.0031, IW acc: 0.0029
Epoch: 4051, Loss: 5.703536510467529
Epoch: 4052, Loss: 5.715847969055176
Epoch: 4053, Loss: 5.7072272300720215
Epoch: 4054, Loss: 5.7198638916015625
Epoch: 4055, Loss: 5.713318824768066
Epoch: 4056, Loss: 5.699698448181152
Epoch: 4057, Loss: 5.700325012207031
Epoch: 4058, Loss: 5.715916633605957
Epoch: 4059, Loss: 5.6987810134887695
Epoch: 4060, Loss: 5.7159104347229
Test acc: 0.024, IC acc: 0.0279, IC acc2: 0.003, IW acc: 0.0031
Epoch: 4061, Loss: 5.71500301361084
Epoch: 4062, Loss: 5.708576202392578
Epoch: 4063, Loss: 5.719940185546875
Epoch: 4064, Loss: 5.70174503326416
Epoch: 4065, Loss: 5.708217620849609
Epoch: 4066, Loss: 5.712567329406738
Epoch: 4067, Loss: 5.699576377868652
Epoch: 4068, Loss: 5.715068817138672
Epoch: 4069, Loss: 5.709758281707764
Epoch: 4070, Loss: 5.715075969696045
Test acc: 0.0242, IC acc: 0.0279, IC acc2: 0.0031, IW acc: 0.003
Epoch: 4071, Loss: 5.701128959655762
Epoch: 4072, Loss: 5.726370811462402
Epoch: 4073, Loss: 5.697279930114746
Epoch: 4074, Loss: 5.696800708770752
Epoch: 4075, Loss: 5.713535308837891
Epoch: 4076, Loss: 5.699220657348633
Epoch: 4077, Loss: 5.705364227294922
Epoch: 4078, Loss: 5.7104339599609375
Epoch: 4079, Loss: 5.714858055114746
Epoch: 4080, Loss: 5.718785285949707
Test acc: 0.0243, IC acc: 0.0281, IC acc2: 0.003, IW acc: 0.003
Epoch: 4081, Loss: 5.688655853271484
Epoch: 4082, Loss: 5.71649694442749
Epoch: 4083, Loss: 5.720938205718994
Epoch: 4084, Loss: 5.706634521484375
Epoch: 4085, Loss: 5.705362319946289
Epoch: 4086, Loss: 5.707422256469727
Epoch: 4087, Loss: 5.715091705322266
Epoch: 4088, Loss: 5.707746505737305
Epoch: 4089, Loss: 5.703815460205078
Epoch: 4090, Loss: 5.699180603027344
Test acc: 0.0244, IC acc: 0.0283, IC acc2: 0.003, IW acc: 0.0031
Epoch: 4091, Loss: 5.702267646789551
Epoch: 4092, Loss: 5.698314189910889
Epoch: 4093, Loss: 5.7217116355896
Epoch: 4094, Loss: 5.725815773010254
Epoch: 4095, Loss: 5.694468975067139
Epoch: 4096, Loss: 5.711475849151611
Epoch: 4097, Loss: 5.691760063171387
Epoch: 4098, Loss: 5.6974077224731445
Epoch: 4099, Loss: 5.7092132568359375
./circuit_plots/Unrestricted Disentangled|Readout|CN=2|B0=0|B1=0|K=1280|L=320|p_B=0.75|p_C=0.75|B=2|eps=0|b4755c15-ae1c-4b25-96c8-f3c68ba4e0ec/ already exists.
./circuit_plots/Unrestricted Disentangled|Readout|CN=2|B0=0|B1=0|K=1280|L=320|p_B=0.75|p_C=0.75|B=2|eps=0|b4755c15-ae1c-4b25-96c8-f3c68ba4e0ec/ already exists.
./circuit_plots/Unrestricted Disentangled|Readout|CN=2|B0=0|B1=0|K=1280|L=320|p_B=0.75|p_C=0.75|B=2|eps=0|b4755c15-ae1c-4b25-96c8-f3c68ba4e0ec/ already exists.
./circuit_plots/Unrestricted Disentangled|Readout|CN=2|B0=0|B1=0|K=1280|L=320|p_B=0.75|p_C=0.75|B=2|eps=0|b4755c15-ae1c-4b25-96c8-f3c68ba4e0ec/ already exists.
./circuit_plots/Unrestricted Disentangled|Readout|CN=2|B0=0|B1=0|K=1280|L=320|p_B=0.75|p_C=0.75|B=2|eps=0|b4755c15-ae1c-4b25-96c8-f3c68ba4e0ec/ already exists.
./circuit_plots/Unrestricted Disentangled|Readout|CN=2|B0=0|B1=0|K=1280|L=320|p_B=0.75|p_C=0.75|B=2|eps=0|b4755c15-ae1c-4b25-96c8-f3c68ba4e0ec/ already exists.
./circuit_plots/Unrestricted Disentangled|Readout|CN=2|B0=0|B1=0|K=1280|L=320|p_B=0.75|p_C=0.75|B=2|eps=0|b4755c15-ae1c-4b25-96c8-f3c68ba4e0ec/ already exists.
Epoch: 4100, Loss: 5.709663391113281
Test acc: 0.0244, IC acc: 0.0284, IC acc2: 0.0031, IW acc: 0.003
Epoch: 4101, Loss: 5.714346408843994
Epoch: 4102, Loss: 5.700440883636475
Epoch: 4103, Loss: 5.720462322235107
Epoch: 4104, Loss: 5.696768760681152
Epoch: 4105, Loss: 5.7034687995910645
Epoch: 4106, Loss: 5.710152626037598
Epoch: 4107, Loss: 5.695720195770264
Epoch: 4108, Loss: 5.706751823425293
Epoch: 4109, Loss: 5.715803623199463
Epoch: 4110, Loss: 5.704436302185059
Test acc: 0.0247, IC acc: 0.0284, IC acc2: 0.0031, IW acc: 0.0029
Epoch: 4111, Loss: 5.707977294921875
Epoch: 4112, Loss: 5.6970295906066895
Epoch: 4113, Loss: 5.708255767822266
Epoch: 4114, Loss: 5.7274885177612305
Epoch: 4115, Loss: 5.7101898193359375
Epoch: 4116, Loss: 5.709630012512207
Epoch: 4117, Loss: 5.69987678527832
Epoch: 4118, Loss: 5.689352035522461
Epoch: 4119, Loss: 5.711221218109131
Epoch: 4120, Loss: 5.709388732910156
Test acc: 0.0252, IC acc: 0.0285, IC acc2: 0.0032, IW acc: 0.003
Epoch: 4121, Loss: 5.711939811706543
Epoch: 4122, Loss: 5.710257530212402
Epoch: 4123, Loss: 5.710236549377441
Epoch: 4124, Loss: 5.6952691078186035
Epoch: 4125, Loss: 5.719471454620361
Epoch: 4126, Loss: 5.716062068939209
Epoch: 4127, Loss: 5.691423416137695
Epoch: 4128, Loss: 5.697386741638184
Epoch: 4129, Loss: 5.696615219116211
Epoch: 4130, Loss: 5.716056823730469
Test acc: 0.0253, IC acc: 0.0285, IC acc2: 0.0032, IW acc: 0.0031
Epoch: 4131, Loss: 5.718692779541016
Epoch: 4132, Loss: 5.699522972106934
Epoch: 4133, Loss: 5.693264961242676
Epoch: 4134, Loss: 5.7110981941223145
Epoch: 4135, Loss: 5.689753532409668
Epoch: 4136, Loss: 5.700501441955566
Epoch: 4137, Loss: 5.690823078155518
Epoch: 4138, Loss: 5.707404136657715
Epoch: 4139, Loss: 5.714727878570557
Epoch: 4140, Loss: 5.71146297454834
Test acc: 0.0253, IC acc: 0.0286, IC acc2: 0.0032, IW acc: 0.0031
Epoch: 4141, Loss: 5.714048385620117
Epoch: 4142, Loss: 5.697714805603027
Epoch: 4143, Loss: 5.718191146850586
Epoch: 4144, Loss: 5.704379081726074
Epoch: 4145, Loss: 5.700056076049805
Epoch: 4146, Loss: 5.690369606018066
Epoch: 4147, Loss: 5.706048488616943
Epoch: 4148, Loss: 5.697575569152832
Epoch: 4149, Loss: 5.708441734313965
./circuit_plots/Unrestricted Disentangled|Readout|CN=2|B0=0|B1=0|K=1280|L=320|p_B=0.75|p_C=0.75|B=2|eps=0|b4755c15-ae1c-4b25-96c8-f3c68ba4e0ec/ already exists.
./circuit_plots/Unrestricted Disentangled|Readout|CN=2|B0=0|B1=0|K=1280|L=320|p_B=0.75|p_C=0.75|B=2|eps=0|b4755c15-ae1c-4b25-96c8-f3c68ba4e0ec/ already exists.
./circuit_plots/Unrestricted Disentangled|Readout|CN=2|B0=0|B1=0|K=1280|L=320|p_B=0.75|p_C=0.75|B=2|eps=0|b4755c15-ae1c-4b25-96c8-f3c68ba4e0ec/ already exists.
./circuit_plots/Unrestricted Disentangled|Readout|CN=2|B0=0|B1=0|K=1280|L=320|p_B=0.75|p_C=0.75|B=2|eps=0|b4755c15-ae1c-4b25-96c8-f3c68ba4e0ec/ already exists.
./circuit_plots/Unrestricted Disentangled|Readout|CN=2|B0=0|B1=0|K=1280|L=320|p_B=0.75|p_C=0.75|B=2|eps=0|b4755c15-ae1c-4b25-96c8-f3c68ba4e0ec/ already exists.
./circuit_plots/Unrestricted Disentangled|Readout|CN=2|B0=0|B1=0|K=1280|L=320|p_B=0.75|p_C=0.75|B=2|eps=0|b4755c15-ae1c-4b25-96c8-f3c68ba4e0ec/ already exists.
./circuit_plots/Unrestricted Disentangled|Readout|CN=2|B0=0|B1=0|K=1280|L=320|p_B=0.75|p_C=0.75|B=2|eps=0|b4755c15-ae1c-4b25-96c8-f3c68ba4e0ec/ already exists.
Epoch: 4150, Loss: 5.700705528259277
Test acc: 0.0253, IC acc: 0.0286, IC acc2: 0.0032, IW acc: 0.0031
Epoch: 4151, Loss: 5.700715065002441
Epoch: 4152, Loss: 5.690594673156738
Epoch: 4153, Loss: 5.700024604797363
Epoch: 4154, Loss: 5.711885929107666
Epoch: 4155, Loss: 5.718868255615234
Epoch: 4156, Loss: 5.702295303344727
Epoch: 4157, Loss: 5.686463356018066
Epoch: 4158, Loss: 5.704341888427734
Epoch: 4159, Loss: 5.7081990242004395
Epoch: 4160, Loss: 5.715602397918701
Test acc: 0.0253, IC acc: 0.0288, IC acc2: 0.0031, IW acc: 0.003
Epoch: 4161, Loss: 5.697444915771484
Epoch: 4162, Loss: 5.697707653045654
Epoch: 4163, Loss: 5.711435317993164
Epoch: 4164, Loss: 5.717386245727539
Epoch: 4165, Loss: 5.712780952453613
Epoch: 4166, Loss: 5.714944839477539
Epoch: 4167, Loss: 5.691930770874023
Epoch: 4168, Loss: 5.693140029907227
Epoch: 4169, Loss: 5.7014055252075195
Epoch: 4170, Loss: 5.702116012573242
Test acc: 0.0253, IC acc: 0.0288, IC acc2: 0.0031, IW acc: 0.003
Epoch: 4171, Loss: 5.703117847442627
Epoch: 4172, Loss: 5.69796085357666
Epoch: 4173, Loss: 5.717068195343018
Epoch: 4174, Loss: 5.71921443939209
Epoch: 4175, Loss: 5.700301170349121
Epoch: 4176, Loss: 5.69947624206543
Epoch: 4177, Loss: 5.6838765144348145
Epoch: 4178, Loss: 5.695590972900391
Epoch: 4179, Loss: 5.7061920166015625
Epoch: 4180, Loss: 5.719377040863037
Test acc: 0.0254, IC acc: 0.0289, IC acc2: 0.0031, IW acc: 0.003
Epoch: 4181, Loss: 5.707418441772461
Epoch: 4182, Loss: 5.700108051300049
Epoch: 4183, Loss: 5.709189414978027
Epoch: 4184, Loss: 5.723932266235352
Epoch: 4185, Loss: 5.704779624938965
Epoch: 4186, Loss: 5.707465648651123
Epoch: 4187, Loss: 5.698781490325928
Epoch: 4188, Loss: 5.718578338623047
Epoch: 4189, Loss: 5.700662612915039
Epoch: 4190, Loss: 5.725957870483398
Test acc: 0.0258, IC acc: 0.0288, IC acc2: 0.0031, IW acc: 0.003
Epoch: 4191, Loss: 5.713140964508057
Epoch: 4192, Loss: 5.69219446182251
Epoch: 4193, Loss: 5.698022842407227
Epoch: 4194, Loss: 5.705630302429199
Epoch: 4195, Loss: 5.698442459106445
Epoch: 4196, Loss: 5.697704792022705
Epoch: 4197, Loss: 5.711434841156006
Epoch: 4198, Loss: 5.701709747314453
Epoch: 4199, Loss: 5.706587791442871
./circuit_plots/Unrestricted Disentangled|Readout|CN=2|B0=0|B1=0|K=1280|L=320|p_B=0.75|p_C=0.75|B=2|eps=0|b4755c15-ae1c-4b25-96c8-f3c68ba4e0ec/ already exists.
./circuit_plots/Unrestricted Disentangled|Readout|CN=2|B0=0|B1=0|K=1280|L=320|p_B=0.75|p_C=0.75|B=2|eps=0|b4755c15-ae1c-4b25-96c8-f3c68ba4e0ec/ already exists.
./circuit_plots/Unrestricted Disentangled|Readout|CN=2|B0=0|B1=0|K=1280|L=320|p_B=0.75|p_C=0.75|B=2|eps=0|b4755c15-ae1c-4b25-96c8-f3c68ba4e0ec/ already exists.
./circuit_plots/Unrestricted Disentangled|Readout|CN=2|B0=0|B1=0|K=1280|L=320|p_B=0.75|p_C=0.75|B=2|eps=0|b4755c15-ae1c-4b25-96c8-f3c68ba4e0ec/ already exists.
./circuit_plots/Unrestricted Disentangled|Readout|CN=2|B0=0|B1=0|K=1280|L=320|p_B=0.75|p_C=0.75|B=2|eps=0|b4755c15-ae1c-4b25-96c8-f3c68ba4e0ec/ already exists.
./circuit_plots/Unrestricted Disentangled|Readout|CN=2|B0=0|B1=0|K=1280|L=320|p_B=0.75|p_C=0.75|B=2|eps=0|b4755c15-ae1c-4b25-96c8-f3c68ba4e0ec/ already exists.
./circuit_plots/Unrestricted Disentangled|Readout|CN=2|B0=0|B1=0|K=1280|L=320|p_B=0.75|p_C=0.75|B=2|eps=0|b4755c15-ae1c-4b25-96c8-f3c68ba4e0ec/ already exists.
Epoch: 4200, Loss: 5.706048011779785
Test acc: 0.0258, IC acc: 0.0288, IC acc2: 0.0031, IW acc: 0.0031
Epoch: 4201, Loss: 5.695635795593262
Epoch: 4202, Loss: 5.693647861480713
Epoch: 4203, Loss: 5.696398735046387
Epoch: 4204, Loss: 5.700613975524902
Epoch: 4205, Loss: 5.695240020751953
Epoch: 4206, Loss: 5.6953229904174805
Epoch: 4207, Loss: 5.700631141662598
Epoch: 4208, Loss: 5.710953712463379
Epoch: 4209, Loss: 5.698151588439941
Epoch: 4210, Loss: 5.694189071655273
Test acc: 0.026, IC acc: 0.0288, IC acc2: 0.0031, IW acc: 0.0029
Epoch: 4211, Loss: 5.70986270904541
Epoch: 4212, Loss: 5.714911937713623
Epoch: 4213, Loss: 5.718936920166016
Epoch: 4214, Loss: 5.712292194366455
Epoch: 4215, Loss: 5.693551063537598
Epoch: 4216, Loss: 5.70472526550293
Epoch: 4217, Loss: 5.695551872253418
Epoch: 4218, Loss: 5.706308841705322
Epoch: 4219, Loss: 5.705410480499268
Epoch: 4220, Loss: 5.691039085388184
Test acc: 0.0259, IC acc: 0.0292, IC acc2: 0.0031, IW acc: 0.003
Epoch: 4221, Loss: 5.715686798095703
Epoch: 4222, Loss: 5.692620277404785
Epoch: 4223, Loss: 5.706711769104004
Epoch: 4224, Loss: 5.696706771850586
Epoch: 4225, Loss: 5.711690902709961
Epoch: 4226, Loss: 5.695711135864258
Epoch: 4227, Loss: 5.700227737426758
Epoch: 4228, Loss: 5.6998209953308105
Epoch: 4229, Loss: 5.707391738891602
Epoch: 4230, Loss: 5.712684631347656
Test acc: 0.026, IC acc: 0.0293, IC acc2: 0.0032, IW acc: 0.003
Epoch: 4231, Loss: 5.703301429748535
Epoch: 4232, Loss: 5.706275463104248
Epoch: 4233, Loss: 5.720606803894043
Epoch: 4234, Loss: 5.7080979347229
Epoch: 4235, Loss: 5.712270736694336
Epoch: 4236, Loss: 5.696269989013672
Epoch: 4237, Loss: 5.701045036315918
Epoch: 4238, Loss: 5.717771053314209
Epoch: 4239, Loss: 5.718183517456055
Epoch: 4240, Loss: 5.688695907592773
Test acc: 0.026, IC acc: 0.0292, IC acc2: 0.0033, IW acc: 0.003
Epoch: 4241, Loss: 5.704771041870117
Epoch: 4242, Loss: 5.7049665451049805
Epoch: 4243, Loss: 5.693784713745117
Epoch: 4244, Loss: 5.694067478179932
Epoch: 4245, Loss: 5.71080207824707
Epoch: 4246, Loss: 5.71382474899292
Epoch: 4247, Loss: 5.699899673461914
Epoch: 4248, Loss: 5.695232391357422
Epoch: 4249, Loss: 5.714301109313965
./circuit_plots/Unrestricted Disentangled|Readout|CN=2|B0=0|B1=0|K=1280|L=320|p_B=0.75|p_C=0.75|B=2|eps=0|b4755c15-ae1c-4b25-96c8-f3c68ba4e0ec/ already exists.
./circuit_plots/Unrestricted Disentangled|Readout|CN=2|B0=0|B1=0|K=1280|L=320|p_B=0.75|p_C=0.75|B=2|eps=0|b4755c15-ae1c-4b25-96c8-f3c68ba4e0ec/ already exists.
./circuit_plots/Unrestricted Disentangled|Readout|CN=2|B0=0|B1=0|K=1280|L=320|p_B=0.75|p_C=0.75|B=2|eps=0|b4755c15-ae1c-4b25-96c8-f3c68ba4e0ec/ already exists.
./circuit_plots/Unrestricted Disentangled|Readout|CN=2|B0=0|B1=0|K=1280|L=320|p_B=0.75|p_C=0.75|B=2|eps=0|b4755c15-ae1c-4b25-96c8-f3c68ba4e0ec/ already exists.
./circuit_plots/Unrestricted Disentangled|Readout|CN=2|B0=0|B1=0|K=1280|L=320|p_B=0.75|p_C=0.75|B=2|eps=0|b4755c15-ae1c-4b25-96c8-f3c68ba4e0ec/ already exists.
./circuit_plots/Unrestricted Disentangled|Readout|CN=2|B0=0|B1=0|K=1280|L=320|p_B=0.75|p_C=0.75|B=2|eps=0|b4755c15-ae1c-4b25-96c8-f3c68ba4e0ec/ already exists.
./circuit_plots/Unrestricted Disentangled|Readout|CN=2|B0=0|B1=0|K=1280|L=320|p_B=0.75|p_C=0.75|B=2|eps=0|b4755c15-ae1c-4b25-96c8-f3c68ba4e0ec/ already exists.
Epoch: 4250, Loss: 5.717450141906738
Test acc: 0.0261, IC acc: 0.0294, IC acc2: 0.0033, IW acc: 0.0031
Epoch: 4251, Loss: 5.702680587768555
Epoch: 4252, Loss: 5.708887577056885
Epoch: 4253, Loss: 5.710747718811035
Epoch: 4254, Loss: 5.717050552368164
Epoch: 4255, Loss: 5.711080551147461
Epoch: 4256, Loss: 5.701865196228027
Epoch: 4257, Loss: 5.686560153961182
Epoch: 4258, Loss: 5.72093391418457
Epoch: 4259, Loss: 5.708371639251709
Epoch: 4260, Loss: 5.7122039794921875
Test acc: 0.0261, IC acc: 0.0293, IC acc2: 0.0032, IW acc: 0.003
Epoch: 4261, Loss: 5.692713737487793
Epoch: 4262, Loss: 5.689085960388184
Epoch: 4263, Loss: 5.705235004425049
Epoch: 4264, Loss: 5.700508117675781
Epoch: 4265, Loss: 5.7078447341918945
Epoch: 4266, Loss: 5.705580711364746
Epoch: 4267, Loss: 5.699663162231445
Epoch: 4268, Loss: 5.720327377319336
Epoch: 4269, Loss: 5.695775032043457
Epoch: 4270, Loss: 5.6890459060668945
Test acc: 0.0263, IC acc: 0.0295, IC acc2: 0.0033, IW acc: 0.003
Epoch: 4271, Loss: 5.709161758422852
Epoch: 4272, Loss: 5.697364330291748
Epoch: 4273, Loss: 5.7113752365112305
Epoch: 4274, Loss: 5.708681106567383
Epoch: 4275, Loss: 5.705542087554932
Epoch: 4276, Loss: 5.708338737487793
Epoch: 4277, Loss: 5.701993942260742
Epoch: 4278, Loss: 5.6996049880981445
Epoch: 4279, Loss: 5.695615768432617
Epoch: 4280, Loss: 5.707343101501465
Test acc: 0.0263, IC acc: 0.0294, IC acc2: 0.0033, IW acc: 0.0031
Epoch: 4281, Loss: 5.711300849914551
Epoch: 4282, Loss: 5.705560684204102
Epoch: 4283, Loss: 5.6898322105407715
Epoch: 4284, Loss: 5.697358131408691
Epoch: 4285, Loss: 5.719295024871826
Epoch: 4286, Loss: 5.706845283508301
Epoch: 4287, Loss: 5.706501007080078
Epoch: 4288, Loss: 5.69893741607666
Epoch: 4289, Loss: 5.714901924133301
Epoch: 4290, Loss: 5.687979221343994
Test acc: 0.0263, IC acc: 0.0296, IC acc2: 0.0033, IW acc: 0.003
Epoch: 4291, Loss: 5.709949493408203
Epoch: 4292, Loss: 5.688847541809082
Epoch: 4293, Loss: 5.703720569610596
Epoch: 4294, Loss: 5.691864967346191
Epoch: 4295, Loss: 5.704599380493164
Epoch: 4296, Loss: 5.68192195892334
Epoch: 4297, Loss: 5.708582878112793
Epoch: 4298, Loss: 5.709892272949219
Epoch: 4299, Loss: 5.711963653564453
./circuit_plots/Unrestricted Disentangled|Readout|CN=2|B0=0|B1=0|K=1280|L=320|p_B=0.75|p_C=0.75|B=2|eps=0|b4755c15-ae1c-4b25-96c8-f3c68ba4e0ec/ already exists.
./circuit_plots/Unrestricted Disentangled|Readout|CN=2|B0=0|B1=0|K=1280|L=320|p_B=0.75|p_C=0.75|B=2|eps=0|b4755c15-ae1c-4b25-96c8-f3c68ba4e0ec/ already exists.
./circuit_plots/Unrestricted Disentangled|Readout|CN=2|B0=0|B1=0|K=1280|L=320|p_B=0.75|p_C=0.75|B=2|eps=0|b4755c15-ae1c-4b25-96c8-f3c68ba4e0ec/ already exists.
./circuit_plots/Unrestricted Disentangled|Readout|CN=2|B0=0|B1=0|K=1280|L=320|p_B=0.75|p_C=0.75|B=2|eps=0|b4755c15-ae1c-4b25-96c8-f3c68ba4e0ec/ already exists.
./circuit_plots/Unrestricted Disentangled|Readout|CN=2|B0=0|B1=0|K=1280|L=320|p_B=0.75|p_C=0.75|B=2|eps=0|b4755c15-ae1c-4b25-96c8-f3c68ba4e0ec/ already exists.
./circuit_plots/Unrestricted Disentangled|Readout|CN=2|B0=0|B1=0|K=1280|L=320|p_B=0.75|p_C=0.75|B=2|eps=0|b4755c15-ae1c-4b25-96c8-f3c68ba4e0ec/ already exists.
./circuit_plots/Unrestricted Disentangled|Readout|CN=2|B0=0|B1=0|K=1280|L=320|p_B=0.75|p_C=0.75|B=2|eps=0|b4755c15-ae1c-4b25-96c8-f3c68ba4e0ec/ already exists.
Epoch: 4300, Loss: 5.705659866333008
Test acc: 0.0265, IC acc: 0.0298, IC acc2: 0.0033, IW acc: 0.003
Epoch: 4301, Loss: 5.701862335205078
Epoch: 4302, Loss: 5.695283889770508
Epoch: 4303, Loss: 5.710390567779541
Epoch: 4304, Loss: 5.704733371734619
Epoch: 4305, Loss: 5.6930999755859375
Epoch: 4306, Loss: 5.694561958312988
Epoch: 4307, Loss: 5.689173221588135
Epoch: 4308, Loss: 5.7114667892456055
Epoch: 4309, Loss: 5.7018327713012695
Epoch: 4310, Loss: 5.710239410400391
Test acc: 0.0266, IC acc: 0.0297, IC acc2: 0.0033, IW acc: 0.003
Epoch: 4311, Loss: 5.715836524963379
Epoch: 4312, Loss: 5.701422691345215
Epoch: 4313, Loss: 5.701728820800781
Epoch: 4314, Loss: 5.707352638244629
Epoch: 4315, Loss: 5.684663772583008
Epoch: 4316, Loss: 5.70767879486084
Epoch: 4317, Loss: 5.699613571166992
Epoch: 4318, Loss: 5.690510272979736
Epoch: 4319, Loss: 5.706242084503174
Epoch: 4320, Loss: 5.722168922424316
Test acc: 0.0271, IC acc: 0.0301, IC acc2: 0.0033, IW acc: 0.003
Epoch: 4321, Loss: 5.70014762878418
Epoch: 4322, Loss: 5.711601257324219
Epoch: 4323, Loss: 5.714162349700928
Epoch: 4324, Loss: 5.6865105628967285
Epoch: 4325, Loss: 5.699089527130127
Epoch: 4326, Loss: 5.695653915405273
Epoch: 4327, Loss: 5.705577850341797
Epoch: 4328, Loss: 5.699333190917969
Epoch: 4329, Loss: 5.701316833496094
Epoch: 4330, Loss: 5.709291458129883
Test acc: 0.0272, IC acc: 0.0302, IC acc2: 0.0032, IW acc: 0.003
Epoch: 4331, Loss: 5.696732997894287
Epoch: 4332, Loss: 5.71190071105957
Epoch: 4333, Loss: 5.712519645690918
Epoch: 4334, Loss: 5.701083183288574
Epoch: 4335, Loss: 5.712006092071533
Epoch: 4336, Loss: 5.69877815246582
Epoch: 4337, Loss: 5.702010154724121
Epoch: 4338, Loss: 5.708590507507324
Epoch: 4339, Loss: 5.7002363204956055
Epoch: 4340, Loss: 5.699551582336426
Test acc: 0.0272, IC acc: 0.0303, IC acc2: 0.0033, IW acc: 0.003
Epoch: 4341, Loss: 5.703092575073242
Epoch: 4342, Loss: 5.707053184509277
Epoch: 4343, Loss: 5.7042388916015625
Epoch: 4344, Loss: 5.711784362792969
Epoch: 4345, Loss: 5.697748184204102
Epoch: 4346, Loss: 5.694997787475586
Epoch: 4347, Loss: 5.696474552154541
Epoch: 4348, Loss: 5.690007209777832
Epoch: 4349, Loss: 5.704196453094482
./circuit_plots/Unrestricted Disentangled|Readout|CN=2|B0=0|B1=0|K=1280|L=320|p_B=0.75|p_C=0.75|B=2|eps=0|b4755c15-ae1c-4b25-96c8-f3c68ba4e0ec/ already exists.
./circuit_plots/Unrestricted Disentangled|Readout|CN=2|B0=0|B1=0|K=1280|L=320|p_B=0.75|p_C=0.75|B=2|eps=0|b4755c15-ae1c-4b25-96c8-f3c68ba4e0ec/ already exists.
./circuit_plots/Unrestricted Disentangled|Readout|CN=2|B0=0|B1=0|K=1280|L=320|p_B=0.75|p_C=0.75|B=2|eps=0|b4755c15-ae1c-4b25-96c8-f3c68ba4e0ec/ already exists.
./circuit_plots/Unrestricted Disentangled|Readout|CN=2|B0=0|B1=0|K=1280|L=320|p_B=0.75|p_C=0.75|B=2|eps=0|b4755c15-ae1c-4b25-96c8-f3c68ba4e0ec/ already exists.
./circuit_plots/Unrestricted Disentangled|Readout|CN=2|B0=0|B1=0|K=1280|L=320|p_B=0.75|p_C=0.75|B=2|eps=0|b4755c15-ae1c-4b25-96c8-f3c68ba4e0ec/ already exists.
./circuit_plots/Unrestricted Disentangled|Readout|CN=2|B0=0|B1=0|K=1280|L=320|p_B=0.75|p_C=0.75|B=2|eps=0|b4755c15-ae1c-4b25-96c8-f3c68ba4e0ec/ already exists.
./circuit_plots/Unrestricted Disentangled|Readout|CN=2|B0=0|B1=0|K=1280|L=320|p_B=0.75|p_C=0.75|B=2|eps=0|b4755c15-ae1c-4b25-96c8-f3c68ba4e0ec/ already exists.
Epoch: 4350, Loss: 5.710389614105225
Test acc: 0.027, IC acc: 0.0304, IC acc2: 0.0033, IW acc: 0.003
Epoch: 4351, Loss: 5.695898056030273
Epoch: 4352, Loss: 5.709449768066406
Epoch: 4353, Loss: 5.682990074157715
Epoch: 4354, Loss: 5.703894138336182
Epoch: 4355, Loss: 5.702000617980957
Epoch: 4356, Loss: 5.699117660522461
Epoch: 4357, Loss: 5.705953598022461
Epoch: 4358, Loss: 5.7101149559021
Epoch: 4359, Loss: 5.711554050445557
Epoch: 4360, Loss: 5.697611331939697
Test acc: 0.0271, IC acc: 0.0308, IC acc2: 0.0032, IW acc: 0.003
Epoch: 4361, Loss: 5.676278591156006
Epoch: 4362, Loss: 5.690526962280273
Epoch: 4363, Loss: 5.7093505859375
Epoch: 4364, Loss: 5.703665733337402
Epoch: 4365, Loss: 5.695074558258057
Epoch: 4366, Loss: 5.697509765625
Epoch: 4367, Loss: 5.709436416625977
Epoch: 4368, Loss: 5.698824882507324
Epoch: 4369, Loss: 5.692070960998535
Epoch: 4370, Loss: 5.706708908081055
Test acc: 0.0272, IC acc: 0.0311, IC acc2: 0.0032, IW acc: 0.003
Epoch: 4371, Loss: 5.701351165771484
Epoch: 4372, Loss: 5.697007656097412
Epoch: 4373, Loss: 5.70331335067749
Epoch: 4374, Loss: 5.71028995513916
Epoch: 4375, Loss: 5.690001487731934
Epoch: 4376, Loss: 5.706836223602295
Epoch: 4377, Loss: 5.708295822143555
Epoch: 4378, Loss: 5.7114152908325195
Epoch: 4379, Loss: 5.696714401245117
Epoch: 4380, Loss: 5.696033477783203
Test acc: 0.0273, IC acc: 0.0309, IC acc2: 0.0032, IW acc: 0.003
Epoch: 4381, Loss: 5.677773475646973
Epoch: 4382, Loss: 5.685042381286621
Epoch: 4383, Loss: 5.708618640899658
Epoch: 4384, Loss: 5.70037317276001
Epoch: 4385, Loss: 5.704634666442871
Epoch: 4386, Loss: 5.712654113769531
Epoch: 4387, Loss: 5.678048133850098
Epoch: 4388, Loss: 5.7047295570373535
Epoch: 4389, Loss: 5.694433212280273
Epoch: 4390, Loss: 5.71419620513916
Test acc: 0.0273, IC acc: 0.0313, IC acc2: 0.0032, IW acc: 0.0029
Epoch: 4391, Loss: 5.704316139221191
Epoch: 4392, Loss: 5.710697174072266
Epoch: 4393, Loss: 5.678744316101074
Epoch: 4394, Loss: 5.70357608795166
Epoch: 4395, Loss: 5.705827236175537
Epoch: 4396, Loss: 5.707074165344238
Epoch: 4397, Loss: 5.693018436431885
Epoch: 4398, Loss: 5.700762748718262
Epoch: 4399, Loss: 5.705554962158203
./circuit_plots/Unrestricted Disentangled|Readout|CN=2|B0=0|B1=0|K=1280|L=320|p_B=0.75|p_C=0.75|B=2|eps=0|b4755c15-ae1c-4b25-96c8-f3c68ba4e0ec/ already exists.
./circuit_plots/Unrestricted Disentangled|Readout|CN=2|B0=0|B1=0|K=1280|L=320|p_B=0.75|p_C=0.75|B=2|eps=0|b4755c15-ae1c-4b25-96c8-f3c68ba4e0ec/ already exists.
./circuit_plots/Unrestricted Disentangled|Readout|CN=2|B0=0|B1=0|K=1280|L=320|p_B=0.75|p_C=0.75|B=2|eps=0|b4755c15-ae1c-4b25-96c8-f3c68ba4e0ec/ already exists.
./circuit_plots/Unrestricted Disentangled|Readout|CN=2|B0=0|B1=0|K=1280|L=320|p_B=0.75|p_C=0.75|B=2|eps=0|b4755c15-ae1c-4b25-96c8-f3c68ba4e0ec/ already exists.
./circuit_plots/Unrestricted Disentangled|Readout|CN=2|B0=0|B1=0|K=1280|L=320|p_B=0.75|p_C=0.75|B=2|eps=0|b4755c15-ae1c-4b25-96c8-f3c68ba4e0ec/ already exists.
./circuit_plots/Unrestricted Disentangled|Readout|CN=2|B0=0|B1=0|K=1280|L=320|p_B=0.75|p_C=0.75|B=2|eps=0|b4755c15-ae1c-4b25-96c8-f3c68ba4e0ec/ already exists.
./circuit_plots/Unrestricted Disentangled|Readout|CN=2|B0=0|B1=0|K=1280|L=320|p_B=0.75|p_C=0.75|B=2|eps=0|b4755c15-ae1c-4b25-96c8-f3c68ba4e0ec/ already exists.
Epoch: 4400, Loss: 5.687918663024902
Test acc: 0.0276, IC acc: 0.0315, IC acc2: 0.0032, IW acc: 0.0029
Epoch: 4401, Loss: 5.690743923187256
Epoch: 4402, Loss: 5.7066144943237305
Epoch: 4403, Loss: 5.710288047790527
Epoch: 4404, Loss: 5.700545787811279
Epoch: 4405, Loss: 5.689640998840332
Epoch: 4406, Loss: 5.700350761413574
Epoch: 4407, Loss: 5.709807395935059
Epoch: 4408, Loss: 5.703473091125488
Epoch: 4409, Loss: 5.704559326171875
Epoch: 4410, Loss: 5.692399978637695
Test acc: 0.0277, IC acc: 0.0313, IC acc2: 0.0032, IW acc: 0.003
Epoch: 4411, Loss: 5.709738731384277
Epoch: 4412, Loss: 5.692760467529297
Epoch: 4413, Loss: 5.716853618621826
Epoch: 4414, Loss: 5.701541900634766
Epoch: 4415, Loss: 5.69281530380249
Epoch: 4416, Loss: 5.698620319366455
Epoch: 4417, Loss: 5.706306457519531
Epoch: 4418, Loss: 5.6968278884887695
Epoch: 4419, Loss: 5.707646369934082
Epoch: 4420, Loss: 5.698537349700928
Test acc: 0.0276, IC acc: 0.0315, IC acc2: 0.0032, IW acc: 0.0031
Epoch: 4421, Loss: 5.720702171325684
Epoch: 4422, Loss: 5.690351486206055
Epoch: 4423, Loss: 5.683300018310547
Epoch: 4424, Loss: 5.7064714431762695
Epoch: 4425, Loss: 5.707360744476318
Epoch: 4426, Loss: 5.6714019775390625
Epoch: 4427, Loss: 5.701697826385498
Epoch: 4428, Loss: 5.702432632446289
Epoch: 4429, Loss: 5.682827949523926
Epoch: 4430, Loss: 5.721962928771973
Test acc: 0.0277, IC acc: 0.0316, IC acc2: 0.0031, IW acc: 0.003
Epoch: 4431, Loss: 5.69470739364624
Epoch: 4432, Loss: 5.699291706085205
Epoch: 4433, Loss: 5.705345630645752
Epoch: 4434, Loss: 5.712334156036377
Epoch: 4435, Loss: 5.709517478942871
Epoch: 4436, Loss: 5.708965301513672
Epoch: 4437, Loss: 5.718537330627441
Epoch: 4438, Loss: 5.704764366149902
Epoch: 4439, Loss: 5.696944236755371
Epoch: 4440, Loss: 5.716250419616699
Test acc: 0.0279, IC acc: 0.0317, IC acc2: 0.0031, IW acc: 0.003
Epoch: 4441, Loss: 5.691580772399902
Epoch: 4442, Loss: 5.684939384460449
Epoch: 4443, Loss: 5.715176582336426
Epoch: 4444, Loss: 5.694032669067383
Epoch: 4445, Loss: 5.695259094238281
Epoch: 4446, Loss: 5.700688362121582
Epoch: 4447, Loss: 5.692492485046387
Epoch: 4448, Loss: 5.7058281898498535
Epoch: 4449, Loss: 5.718139171600342
./circuit_plots/Unrestricted Disentangled|Readout|CN=2|B0=0|B1=0|K=1280|L=320|p_B=0.75|p_C=0.75|B=2|eps=0|b4755c15-ae1c-4b25-96c8-f3c68ba4e0ec/ already exists.
./circuit_plots/Unrestricted Disentangled|Readout|CN=2|B0=0|B1=0|K=1280|L=320|p_B=0.75|p_C=0.75|B=2|eps=0|b4755c15-ae1c-4b25-96c8-f3c68ba4e0ec/ already exists.
./circuit_plots/Unrestricted Disentangled|Readout|CN=2|B0=0|B1=0|K=1280|L=320|p_B=0.75|p_C=0.75|B=2|eps=0|b4755c15-ae1c-4b25-96c8-f3c68ba4e0ec/ already exists.
./circuit_plots/Unrestricted Disentangled|Readout|CN=2|B0=0|B1=0|K=1280|L=320|p_B=0.75|p_C=0.75|B=2|eps=0|b4755c15-ae1c-4b25-96c8-f3c68ba4e0ec/ already exists.
./circuit_plots/Unrestricted Disentangled|Readout|CN=2|B0=0|B1=0|K=1280|L=320|p_B=0.75|p_C=0.75|B=2|eps=0|b4755c15-ae1c-4b25-96c8-f3c68ba4e0ec/ already exists.
./circuit_plots/Unrestricted Disentangled|Readout|CN=2|B0=0|B1=0|K=1280|L=320|p_B=0.75|p_C=0.75|B=2|eps=0|b4755c15-ae1c-4b25-96c8-f3c68ba4e0ec/ already exists.
./circuit_plots/Unrestricted Disentangled|Readout|CN=2|B0=0|B1=0|K=1280|L=320|p_B=0.75|p_C=0.75|B=2|eps=0|b4755c15-ae1c-4b25-96c8-f3c68ba4e0ec/ already exists.
Epoch: 4450, Loss: 5.69940185546875
Test acc: 0.028, IC acc: 0.0317, IC acc2: 0.0031, IW acc: 0.0031
Epoch: 4451, Loss: 5.710987091064453
Epoch: 4452, Loss: 5.703883171081543
Epoch: 4453, Loss: 5.709160804748535
Epoch: 4454, Loss: 5.68504524230957
Epoch: 4455, Loss: 5.712284088134766
Epoch: 4456, Loss: 5.7011823654174805
Epoch: 4457, Loss: 5.678530693054199
Epoch: 4458, Loss: 5.697445392608643
Epoch: 4459, Loss: 5.694519519805908
Epoch: 4460, Loss: 5.697918891906738
Test acc: 0.028, IC acc: 0.0318, IC acc2: 0.0031, IW acc: 0.0031
Epoch: 4461, Loss: 5.711622714996338
Epoch: 4462, Loss: 5.7089080810546875
Epoch: 4463, Loss: 5.706000328063965
Epoch: 4464, Loss: 5.685999870300293
Epoch: 4465, Loss: 5.693510055541992
Epoch: 4466, Loss: 5.718013763427734
Epoch: 4467, Loss: 5.675535678863525
Epoch: 4468, Loss: 5.6994476318359375
Epoch: 4469, Loss: 5.694273948669434
Epoch: 4470, Loss: 5.707474708557129
Test acc: 0.0282, IC acc: 0.0322, IC acc2: 0.0031, IW acc: 0.003
Epoch: 4471, Loss: 5.7003397941589355
Epoch: 4472, Loss: 5.685508728027344
Epoch: 4473, Loss: 5.715798854827881
Epoch: 4474, Loss: 5.7033233642578125
Epoch: 4475, Loss: 5.692573070526123
Epoch: 4476, Loss: 5.704074859619141
Epoch: 4477, Loss: 5.683243751525879
Epoch: 4478, Loss: 5.69032096862793
Epoch: 4479, Loss: 5.708867073059082
Epoch: 4480, Loss: 5.6857686042785645
Test acc: 0.0283, IC acc: 0.0322, IC acc2: 0.0031, IW acc: 0.003
Epoch: 4481, Loss: 5.697664260864258
Epoch: 4482, Loss: 5.693388938903809
Epoch: 4483, Loss: 5.694766044616699
Epoch: 4484, Loss: 5.7042131423950195
Epoch: 4485, Loss: 5.697329998016357
Epoch: 4486, Loss: 5.694986343383789
Epoch: 4487, Loss: 5.710061073303223
Epoch: 4488, Loss: 5.705775260925293
Epoch: 4489, Loss: 5.687499046325684
Epoch: 4490, Loss: 5.699972152709961
Test acc: 0.0283, IC acc: 0.0323, IC acc2: 0.0031, IW acc: 0.003
Epoch: 4491, Loss: 5.696433067321777
Epoch: 4492, Loss: 5.696876525878906
Epoch: 4493, Loss: 5.695579528808594
Epoch: 4494, Loss: 5.70154333114624
Epoch: 4495, Loss: 5.714297294616699
Epoch: 4496, Loss: 5.707021713256836
Epoch: 4497, Loss: 5.712526321411133
Epoch: 4498, Loss: 5.697719573974609
Epoch: 4499, Loss: 5.68272066116333
./circuit_plots/Unrestricted Disentangled|Readout|CN=2|B0=0|B1=0|K=1280|L=320|p_B=0.75|p_C=0.75|B=2|eps=0|b4755c15-ae1c-4b25-96c8-f3c68ba4e0ec/ already exists.
./circuit_plots/Unrestricted Disentangled|Readout|CN=2|B0=0|B1=0|K=1280|L=320|p_B=0.75|p_C=0.75|B=2|eps=0|b4755c15-ae1c-4b25-96c8-f3c68ba4e0ec/ already exists.
./circuit_plots/Unrestricted Disentangled|Readout|CN=2|B0=0|B1=0|K=1280|L=320|p_B=0.75|p_C=0.75|B=2|eps=0|b4755c15-ae1c-4b25-96c8-f3c68ba4e0ec/ already exists.
./circuit_plots/Unrestricted Disentangled|Readout|CN=2|B0=0|B1=0|K=1280|L=320|p_B=0.75|p_C=0.75|B=2|eps=0|b4755c15-ae1c-4b25-96c8-f3c68ba4e0ec/ already exists.
./circuit_plots/Unrestricted Disentangled|Readout|CN=2|B0=0|B1=0|K=1280|L=320|p_B=0.75|p_C=0.75|B=2|eps=0|b4755c15-ae1c-4b25-96c8-f3c68ba4e0ec/ already exists.
./circuit_plots/Unrestricted Disentangled|Readout|CN=2|B0=0|B1=0|K=1280|L=320|p_B=0.75|p_C=0.75|B=2|eps=0|b4755c15-ae1c-4b25-96c8-f3c68ba4e0ec/ already exists.
./circuit_plots/Unrestricted Disentangled|Readout|CN=2|B0=0|B1=0|K=1280|L=320|p_B=0.75|p_C=0.75|B=2|eps=0|b4755c15-ae1c-4b25-96c8-f3c68ba4e0ec/ already exists.
Epoch: 4500, Loss: 5.703303813934326
Test acc: 0.0284, IC acc: 0.0324, IC acc2: 0.0031, IW acc: 0.0031
Epoch: 4501, Loss: 5.712937355041504
Epoch: 4502, Loss: 5.69820499420166
Epoch: 4503, Loss: 5.70036506652832
Epoch: 4504, Loss: 5.7172746658325195
Epoch: 4505, Loss: 5.696191787719727
Epoch: 4506, Loss: 5.70650577545166
Epoch: 4507, Loss: 5.716559410095215
Epoch: 4508, Loss: 5.712067604064941
Epoch: 4509, Loss: 5.701854705810547
Epoch: 4510, Loss: 5.707204818725586
Test acc: 0.0284, IC acc: 0.0324, IC acc2: 0.0031, IW acc: 0.003
Epoch: 4511, Loss: 5.686775207519531
Epoch: 4512, Loss: 5.691833019256592
Epoch: 4513, Loss: 5.7013726234436035
Epoch: 4514, Loss: 5.702125072479248
Epoch: 4515, Loss: 5.696558952331543
Epoch: 4516, Loss: 5.69271993637085
Epoch: 4517, Loss: 5.704378604888916
Epoch: 4518, Loss: 5.707262992858887
Epoch: 4519, Loss: 5.705288410186768
Epoch: 4520, Loss: 5.703215599060059
Test acc: 0.0286, IC acc: 0.0324, IC acc2: 0.0031, IW acc: 0.003
Epoch: 4521, Loss: 5.69587516784668
Epoch: 4522, Loss: 5.70375919342041
Epoch: 4523, Loss: 5.689591407775879
Epoch: 4524, Loss: 5.7038373947143555
Epoch: 4525, Loss: 5.696523666381836
Epoch: 4526, Loss: 5.698070526123047
Epoch: 4527, Loss: 5.709936618804932
Epoch: 4528, Loss: 5.7082672119140625
Epoch: 4529, Loss: 5.712263584136963
Epoch: 4530, Loss: 5.705440521240234
Test acc: 0.0287, IC acc: 0.0326, IC acc2: 0.0031, IW acc: 0.003
Epoch: 4531, Loss: 5.70658016204834
Epoch: 4532, Loss: 5.692596435546875
Epoch: 4533, Loss: 5.703690052032471
Epoch: 4534, Loss: 5.701465606689453
Epoch: 4535, Loss: 5.710992813110352
Epoch: 4536, Loss: 5.705821514129639
Epoch: 4537, Loss: 5.717899799346924
Epoch: 4538, Loss: 5.681623458862305
Epoch: 4539, Loss: 5.704413890838623
Epoch: 4540, Loss: 5.685476303100586
Test acc: 0.0287, IC acc: 0.033, IC acc2: 0.0031, IW acc: 0.003
Epoch: 4541, Loss: 5.708409309387207
Epoch: 4542, Loss: 5.692812442779541
Epoch: 4543, Loss: 5.695996284484863
Epoch: 4544, Loss: 5.693998336791992
Epoch: 4545, Loss: 5.703988075256348
Epoch: 4546, Loss: 5.692286491394043
Epoch: 4547, Loss: 5.71554708480835
Epoch: 4548, Loss: 5.687037467956543
Epoch: 4549, Loss: 5.691715240478516
./circuit_plots/Unrestricted Disentangled|Readout|CN=2|B0=0|B1=0|K=1280|L=320|p_B=0.75|p_C=0.75|B=2|eps=0|b4755c15-ae1c-4b25-96c8-f3c68ba4e0ec/ already exists.
./circuit_plots/Unrestricted Disentangled|Readout|CN=2|B0=0|B1=0|K=1280|L=320|p_B=0.75|p_C=0.75|B=2|eps=0|b4755c15-ae1c-4b25-96c8-f3c68ba4e0ec/ already exists.
./circuit_plots/Unrestricted Disentangled|Readout|CN=2|B0=0|B1=0|K=1280|L=320|p_B=0.75|p_C=0.75|B=2|eps=0|b4755c15-ae1c-4b25-96c8-f3c68ba4e0ec/ already exists.
./circuit_plots/Unrestricted Disentangled|Readout|CN=2|B0=0|B1=0|K=1280|L=320|p_B=0.75|p_C=0.75|B=2|eps=0|b4755c15-ae1c-4b25-96c8-f3c68ba4e0ec/ already exists.
./circuit_plots/Unrestricted Disentangled|Readout|CN=2|B0=0|B1=0|K=1280|L=320|p_B=0.75|p_C=0.75|B=2|eps=0|b4755c15-ae1c-4b25-96c8-f3c68ba4e0ec/ already exists.
./circuit_plots/Unrestricted Disentangled|Readout|CN=2|B0=0|B1=0|K=1280|L=320|p_B=0.75|p_C=0.75|B=2|eps=0|b4755c15-ae1c-4b25-96c8-f3c68ba4e0ec/ already exists.
./circuit_plots/Unrestricted Disentangled|Readout|CN=2|B0=0|B1=0|K=1280|L=320|p_B=0.75|p_C=0.75|B=2|eps=0|b4755c15-ae1c-4b25-96c8-f3c68ba4e0ec/ already exists.
Epoch: 4550, Loss: 5.693274021148682
Test acc: 0.0289, IC acc: 0.0331, IC acc2: 0.0031, IW acc: 0.0031
Epoch: 4551, Loss: 5.70969820022583
Epoch: 4552, Loss: 5.695523738861084
Epoch: 4553, Loss: 5.684902191162109
Epoch: 4554, Loss: 5.6922712326049805
Epoch: 4555, Loss: 5.708132743835449
Epoch: 4556, Loss: 5.690647125244141
Epoch: 4557, Loss: 5.697489261627197
Epoch: 4558, Loss: 5.70877742767334
Epoch: 4559, Loss: 5.710691452026367
Epoch: 4560, Loss: 5.688536643981934
Test acc: 0.0289, IC acc: 0.0334, IC acc2: 0.0031, IW acc: 0.0031
Epoch: 4561, Loss: 5.703255653381348
Epoch: 4562, Loss: 5.69606351852417
Epoch: 4563, Loss: 5.694882869720459
Epoch: 4564, Loss: 5.7016448974609375
Epoch: 4565, Loss: 5.696730136871338
Epoch: 4566, Loss: 5.69714879989624
Epoch: 4567, Loss: 5.673154830932617
Epoch: 4568, Loss: 5.687472343444824
Epoch: 4569, Loss: 5.694136619567871
Epoch: 4570, Loss: 5.690936088562012
Test acc: 0.029, IC acc: 0.0334, IC acc2: 0.003, IW acc: 0.003
Epoch: 4571, Loss: 5.707298278808594
Epoch: 4572, Loss: 5.695590019226074
Epoch: 4573, Loss: 5.697702407836914
Epoch: 4574, Loss: 5.694513320922852
Epoch: 4575, Loss: 5.684898376464844
Epoch: 4576, Loss: 5.693536758422852
Epoch: 4577, Loss: 5.696616172790527
Epoch: 4578, Loss: 5.698301315307617
Epoch: 4579, Loss: 5.694128513336182
Epoch: 4580, Loss: 5.67836332321167
Test acc: 0.0291, IC acc: 0.0335, IC acc2: 0.0031, IW acc: 0.0029
Epoch: 4581, Loss: 5.702127456665039
Epoch: 4582, Loss: 5.700193881988525
Epoch: 4583, Loss: 5.70980978012085
Epoch: 4584, Loss: 5.6949052810668945
Epoch: 4585, Loss: 5.700896263122559
Epoch: 4586, Loss: 5.690122604370117
Epoch: 4587, Loss: 5.694246292114258
Epoch: 4588, Loss: 5.6898088455200195
Epoch: 4589, Loss: 5.692548751831055
Epoch: 4590, Loss: 5.700069427490234
Test acc: 0.029, IC acc: 0.0335, IC acc2: 0.0031, IW acc: 0.003
Epoch: 4591, Loss: 5.69304895401001
Epoch: 4592, Loss: 5.710076332092285
Epoch: 4593, Loss: 5.695339202880859
Epoch: 4594, Loss: 5.702502250671387
Epoch: 4595, Loss: 5.706063270568848
Epoch: 4596, Loss: 5.702014446258545
Epoch: 4597, Loss: 5.6988019943237305
Epoch: 4598, Loss: 5.6968793869018555
Epoch: 4599, Loss: 5.692479610443115
./circuit_plots/Unrestricted Disentangled|Readout|CN=2|B0=0|B1=0|K=1280|L=320|p_B=0.75|p_C=0.75|B=2|eps=0|b4755c15-ae1c-4b25-96c8-f3c68ba4e0ec/ already exists.
./circuit_plots/Unrestricted Disentangled|Readout|CN=2|B0=0|B1=0|K=1280|L=320|p_B=0.75|p_C=0.75|B=2|eps=0|b4755c15-ae1c-4b25-96c8-f3c68ba4e0ec/ already exists.
./circuit_plots/Unrestricted Disentangled|Readout|CN=2|B0=0|B1=0|K=1280|L=320|p_B=0.75|p_C=0.75|B=2|eps=0|b4755c15-ae1c-4b25-96c8-f3c68ba4e0ec/ already exists.
./circuit_plots/Unrestricted Disentangled|Readout|CN=2|B0=0|B1=0|K=1280|L=320|p_B=0.75|p_C=0.75|B=2|eps=0|b4755c15-ae1c-4b25-96c8-f3c68ba4e0ec/ already exists.
./circuit_plots/Unrestricted Disentangled|Readout|CN=2|B0=0|B1=0|K=1280|L=320|p_B=0.75|p_C=0.75|B=2|eps=0|b4755c15-ae1c-4b25-96c8-f3c68ba4e0ec/ already exists.
./circuit_plots/Unrestricted Disentangled|Readout|CN=2|B0=0|B1=0|K=1280|L=320|p_B=0.75|p_C=0.75|B=2|eps=0|b4755c15-ae1c-4b25-96c8-f3c68ba4e0ec/ already exists.
./circuit_plots/Unrestricted Disentangled|Readout|CN=2|B0=0|B1=0|K=1280|L=320|p_B=0.75|p_C=0.75|B=2|eps=0|b4755c15-ae1c-4b25-96c8-f3c68ba4e0ec/ already exists.
Epoch: 4600, Loss: 5.701264381408691
Test acc: 0.029, IC acc: 0.0336, IC acc2: 0.0031, IW acc: 0.0031
Epoch: 4601, Loss: 5.696383476257324
Epoch: 4602, Loss: 5.6921257972717285
Epoch: 4603, Loss: 5.70235013961792
Epoch: 4604, Loss: 5.697597503662109
Epoch: 4605, Loss: 5.703352928161621
Epoch: 4606, Loss: 5.703418731689453
Epoch: 4607, Loss: 5.7049641609191895
Epoch: 4608, Loss: 5.703989028930664
Epoch: 4609, Loss: 5.703627109527588
Epoch: 4610, Loss: 5.701076507568359
Test acc: 0.0292, IC acc: 0.0339, IC acc2: 0.0031, IW acc: 0.0031
Epoch: 4611, Loss: 5.701974868774414
Epoch: 4612, Loss: 5.710209846496582
Epoch: 4613, Loss: 5.714807510375977
Epoch: 4614, Loss: 5.710570335388184
Epoch: 4615, Loss: 5.695571422576904
Epoch: 4616, Loss: 5.707782745361328
Epoch: 4617, Loss: 5.702204704284668
Epoch: 4618, Loss: 5.697775840759277
Epoch: 4619, Loss: 5.707999229431152
Epoch: 4620, Loss: 5.697781562805176
Test acc: 0.0291, IC acc: 0.0343, IC acc2: 0.0032, IW acc: 0.0031
Epoch: 4621, Loss: 5.712552070617676
Epoch: 4622, Loss: 5.691829681396484
Epoch: 4623, Loss: 5.70350456237793
Epoch: 4624, Loss: 5.696132659912109
Epoch: 4625, Loss: 5.709588050842285
Epoch: 4626, Loss: 5.697793960571289
Epoch: 4627, Loss: 5.666895389556885
Epoch: 4628, Loss: 5.690455436706543
Epoch: 4629, Loss: 5.697731971740723
Epoch: 4630, Loss: 5.696348667144775
Test acc: 0.0291, IC acc: 0.0343, IC acc2: 0.0031, IW acc: 0.003
Epoch: 4631, Loss: 5.714923858642578
Epoch: 4632, Loss: 5.696748733520508
Epoch: 4633, Loss: 5.703388214111328
Epoch: 4634, Loss: 5.703567981719971
Epoch: 4635, Loss: 5.696836948394775
Epoch: 4636, Loss: 5.687424659729004
Epoch: 4637, Loss: 5.709867477416992
Epoch: 4638, Loss: 5.713881492614746
Epoch: 4639, Loss: 5.688803672790527
Epoch: 4640, Loss: 5.69433069229126
Test acc: 0.0292, IC acc: 0.0349, IC acc2: 0.0031, IW acc: 0.003
Epoch: 4641, Loss: 5.698102951049805
Epoch: 4642, Loss: 5.690962791442871
Epoch: 4643, Loss: 5.700364112854004
Epoch: 4644, Loss: 5.707583904266357
Epoch: 4645, Loss: 5.710280418395996
Epoch: 4646, Loss: 5.702265739440918
Epoch: 4647, Loss: 5.70635986328125
Epoch: 4648, Loss: 5.699716567993164
Epoch: 4649, Loss: 5.706319808959961
./circuit_plots/Unrestricted Disentangled|Readout|CN=2|B0=0|B1=0|K=1280|L=320|p_B=0.75|p_C=0.75|B=2|eps=0|b4755c15-ae1c-4b25-96c8-f3c68ba4e0ec/ already exists.
./circuit_plots/Unrestricted Disentangled|Readout|CN=2|B0=0|B1=0|K=1280|L=320|p_B=0.75|p_C=0.75|B=2|eps=0|b4755c15-ae1c-4b25-96c8-f3c68ba4e0ec/ already exists.
./circuit_plots/Unrestricted Disentangled|Readout|CN=2|B0=0|B1=0|K=1280|L=320|p_B=0.75|p_C=0.75|B=2|eps=0|b4755c15-ae1c-4b25-96c8-f3c68ba4e0ec/ already exists.
./circuit_plots/Unrestricted Disentangled|Readout|CN=2|B0=0|B1=0|K=1280|L=320|p_B=0.75|p_C=0.75|B=2|eps=0|b4755c15-ae1c-4b25-96c8-f3c68ba4e0ec/ already exists.
./circuit_plots/Unrestricted Disentangled|Readout|CN=2|B0=0|B1=0|K=1280|L=320|p_B=0.75|p_C=0.75|B=2|eps=0|b4755c15-ae1c-4b25-96c8-f3c68ba4e0ec/ already exists.
./circuit_plots/Unrestricted Disentangled|Readout|CN=2|B0=0|B1=0|K=1280|L=320|p_B=0.75|p_C=0.75|B=2|eps=0|b4755c15-ae1c-4b25-96c8-f3c68ba4e0ec/ already exists.
./circuit_plots/Unrestricted Disentangled|Readout|CN=2|B0=0|B1=0|K=1280|L=320|p_B=0.75|p_C=0.75|B=2|eps=0|b4755c15-ae1c-4b25-96c8-f3c68ba4e0ec/ already exists.
Epoch: 4650, Loss: 5.684505462646484
Test acc: 0.0293, IC acc: 0.0351, IC acc2: 0.0031, IW acc: 0.003
Epoch: 4651, Loss: 5.687239646911621
Epoch: 4652, Loss: 5.690474510192871
Epoch: 4653, Loss: 5.701483249664307
Epoch: 4654, Loss: 5.70790958404541
Epoch: 4655, Loss: 5.698960304260254
Epoch: 4656, Loss: 5.69582462310791
Epoch: 4657, Loss: 5.689563274383545
Epoch: 4658, Loss: 5.707554817199707
Epoch: 4659, Loss: 5.68858528137207
Epoch: 4660, Loss: 5.701474189758301
Test acc: 0.0294, IC acc: 0.0351, IC acc2: 0.003, IW acc: 0.0031
Epoch: 4661, Loss: 5.7040696144104
Epoch: 4662, Loss: 5.703860759735107
Epoch: 4663, Loss: 5.707895278930664
Epoch: 4664, Loss: 5.691172122955322
Epoch: 4665, Loss: 5.693160057067871
Epoch: 4666, Loss: 5.705129623413086
Epoch: 4667, Loss: 5.689943313598633
Epoch: 4668, Loss: 5.7057390213012695
Epoch: 4669, Loss: 5.71012544631958
Epoch: 4670, Loss: 5.691852569580078
Test acc: 0.0295, IC acc: 0.035, IC acc2: 0.003, IW acc: 0.0031
Epoch: 4671, Loss: 5.684878349304199
Epoch: 4672, Loss: 5.699492454528809
Epoch: 4673, Loss: 5.715910911560059
Epoch: 4674, Loss: 5.69399881362915
Epoch: 4675, Loss: 5.686112403869629
Epoch: 4676, Loss: 5.6889142990112305
Epoch: 4677, Loss: 5.689570426940918
Epoch: 4678, Loss: 5.703120231628418
Epoch: 4679, Loss: 5.696109771728516
Epoch: 4680, Loss: 5.712070465087891
Test acc: 0.0295, IC acc: 0.0354, IC acc2: 0.003, IW acc: 0.0031
Epoch: 4681, Loss: 5.691001892089844
Epoch: 4682, Loss: 5.707215309143066
Epoch: 4683, Loss: 5.704280853271484
Epoch: 4684, Loss: 5.696584701538086
Epoch: 4685, Loss: 5.709108352661133
Epoch: 4686, Loss: 5.70593786239624
Epoch: 4687, Loss: 5.691738128662109
Epoch: 4688, Loss: 5.69566535949707
Epoch: 4689, Loss: 5.676914215087891
Epoch: 4690, Loss: 5.693330764770508
Test acc: 0.0299, IC acc: 0.0354, IC acc2: 0.003, IW acc: 0.0031
Epoch: 4691, Loss: 5.703719139099121
Epoch: 4692, Loss: 5.707529067993164
Epoch: 4693, Loss: 5.691336631774902
Epoch: 4694, Loss: 5.707830905914307
Epoch: 4695, Loss: 5.699493408203125
Epoch: 4696, Loss: 5.692635536193848
Epoch: 4697, Loss: 5.69707727432251
Epoch: 4698, Loss: 5.6820454597473145
Epoch: 4699, Loss: 5.6977996826171875
./circuit_plots/Unrestricted Disentangled|Readout|CN=2|B0=0|B1=0|K=1280|L=320|p_B=0.75|p_C=0.75|B=2|eps=0|b4755c15-ae1c-4b25-96c8-f3c68ba4e0ec/ already exists.
./circuit_plots/Unrestricted Disentangled|Readout|CN=2|B0=0|B1=0|K=1280|L=320|p_B=0.75|p_C=0.75|B=2|eps=0|b4755c15-ae1c-4b25-96c8-f3c68ba4e0ec/ already exists.
./circuit_plots/Unrestricted Disentangled|Readout|CN=2|B0=0|B1=0|K=1280|L=320|p_B=0.75|p_C=0.75|B=2|eps=0|b4755c15-ae1c-4b25-96c8-f3c68ba4e0ec/ already exists.
./circuit_plots/Unrestricted Disentangled|Readout|CN=2|B0=0|B1=0|K=1280|L=320|p_B=0.75|p_C=0.75|B=2|eps=0|b4755c15-ae1c-4b25-96c8-f3c68ba4e0ec/ already exists.
./circuit_plots/Unrestricted Disentangled|Readout|CN=2|B0=0|B1=0|K=1280|L=320|p_B=0.75|p_C=0.75|B=2|eps=0|b4755c15-ae1c-4b25-96c8-f3c68ba4e0ec/ already exists.
./circuit_plots/Unrestricted Disentangled|Readout|CN=2|B0=0|B1=0|K=1280|L=320|p_B=0.75|p_C=0.75|B=2|eps=0|b4755c15-ae1c-4b25-96c8-f3c68ba4e0ec/ already exists.
./circuit_plots/Unrestricted Disentangled|Readout|CN=2|B0=0|B1=0|K=1280|L=320|p_B=0.75|p_C=0.75|B=2|eps=0|b4755c15-ae1c-4b25-96c8-f3c68ba4e0ec/ already exists.
Epoch: 4700, Loss: 5.6892924308776855
Test acc: 0.0298, IC acc: 0.0354, IC acc2: 0.003, IW acc: 0.0032
Epoch: 4701, Loss: 5.697704315185547
Epoch: 4702, Loss: 5.682281494140625
Epoch: 4703, Loss: 5.701367378234863
Epoch: 4704, Loss: 5.681583404541016
Epoch: 4705, Loss: 5.6904802322387695
Epoch: 4706, Loss: 5.699821472167969
Epoch: 4707, Loss: 5.69545841217041
Epoch: 4708, Loss: 5.686235427856445
Epoch: 4709, Loss: 5.714557647705078
Epoch: 4710, Loss: 5.703373908996582
Test acc: 0.03, IC acc: 0.0355, IC acc2: 0.003, IW acc: 0.0032
Epoch: 4711, Loss: 5.681229591369629
Epoch: 4712, Loss: 5.708571434020996
Epoch: 4713, Loss: 5.699878692626953
Epoch: 4714, Loss: 5.695228576660156
Epoch: 4715, Loss: 5.6832427978515625
Epoch: 4716, Loss: 5.691215515136719
Epoch: 4717, Loss: 5.689562797546387
Epoch: 4718, Loss: 5.687303066253662
Epoch: 4719, Loss: 5.694046974182129
Epoch: 4720, Loss: 5.687373161315918
Test acc: 0.0302, IC acc: 0.0356, IC acc2: 0.003, IW acc: 0.0031
Epoch: 4721, Loss: 5.695227146148682
Epoch: 4722, Loss: 5.685665607452393
Epoch: 4723, Loss: 5.701967239379883
Epoch: 4724, Loss: 5.690347671508789
Epoch: 4725, Loss: 5.68743371963501
Epoch: 4726, Loss: 5.700861930847168
Epoch: 4727, Loss: 5.699248313903809
Epoch: 4728, Loss: 5.696527481079102
Epoch: 4729, Loss: 5.692030429840088
Epoch: 4730, Loss: 5.694583415985107
Test acc: 0.0305, IC acc: 0.0357, IC acc2: 0.0031, IW acc: 0.0032
Epoch: 4731, Loss: 5.68339729309082
Epoch: 4732, Loss: 5.700050354003906
Epoch: 4733, Loss: 5.692298889160156
Epoch: 4734, Loss: 5.685112953186035
Epoch: 4735, Loss: 5.67653226852417
Epoch: 4736, Loss: 5.683322906494141
Epoch: 4737, Loss: 5.695648670196533
Epoch: 4738, Loss: 5.689816474914551
Epoch: 4739, Loss: 5.692544937133789
Epoch: 4740, Loss: 5.687125205993652
Test acc: 0.0305, IC acc: 0.0359, IC acc2: 0.0031, IW acc: 0.0032
Epoch: 4741, Loss: 5.703415870666504
Epoch: 4742, Loss: 5.692870140075684
Epoch: 4743, Loss: 5.703865051269531
Epoch: 4744, Loss: 5.699770927429199
Epoch: 4745, Loss: 5.705068588256836
Epoch: 4746, Loss: 5.694276809692383
Epoch: 4747, Loss: 5.6968278884887695
Epoch: 4748, Loss: 5.684934616088867
Epoch: 4749, Loss: 5.69151496887207
./circuit_plots/Unrestricted Disentangled|Readout|CN=2|B0=0|B1=0|K=1280|L=320|p_B=0.75|p_C=0.75|B=2|eps=0|b4755c15-ae1c-4b25-96c8-f3c68ba4e0ec/ already exists.
./circuit_plots/Unrestricted Disentangled|Readout|CN=2|B0=0|B1=0|K=1280|L=320|p_B=0.75|p_C=0.75|B=2|eps=0|b4755c15-ae1c-4b25-96c8-f3c68ba4e0ec/ already exists.
./circuit_plots/Unrestricted Disentangled|Readout|CN=2|B0=0|B1=0|K=1280|L=320|p_B=0.75|p_C=0.75|B=2|eps=0|b4755c15-ae1c-4b25-96c8-f3c68ba4e0ec/ already exists.
./circuit_plots/Unrestricted Disentangled|Readout|CN=2|B0=0|B1=0|K=1280|L=320|p_B=0.75|p_C=0.75|B=2|eps=0|b4755c15-ae1c-4b25-96c8-f3c68ba4e0ec/ already exists.
./circuit_plots/Unrestricted Disentangled|Readout|CN=2|B0=0|B1=0|K=1280|L=320|p_B=0.75|p_C=0.75|B=2|eps=0|b4755c15-ae1c-4b25-96c8-f3c68ba4e0ec/ already exists.
./circuit_plots/Unrestricted Disentangled|Readout|CN=2|B0=0|B1=0|K=1280|L=320|p_B=0.75|p_C=0.75|B=2|eps=0|b4755c15-ae1c-4b25-96c8-f3c68ba4e0ec/ already exists.
./circuit_plots/Unrestricted Disentangled|Readout|CN=2|B0=0|B1=0|K=1280|L=320|p_B=0.75|p_C=0.75|B=2|eps=0|b4755c15-ae1c-4b25-96c8-f3c68ba4e0ec/ already exists.
Epoch: 4750, Loss: 5.704902648925781
Test acc: 0.0305, IC acc: 0.036, IC acc2: 0.0031, IW acc: 0.0032
Epoch: 4751, Loss: 5.705751419067383
Epoch: 4752, Loss: 5.692803382873535
Epoch: 4753, Loss: 5.699760437011719
Epoch: 4754, Loss: 5.69908332824707
Epoch: 4755, Loss: 5.705821990966797
Epoch: 4756, Loss: 5.695601463317871
Epoch: 4757, Loss: 5.701513290405273
Epoch: 4758, Loss: 5.7068610191345215
Epoch: 4759, Loss: 5.709393501281738
Epoch: 4760, Loss: 5.690691947937012
Test acc: 0.0306, IC acc: 0.0361, IC acc2: 0.003, IW acc: 0.0032
Epoch: 4761, Loss: 5.6831464767456055
Epoch: 4762, Loss: 5.703159332275391
Epoch: 4763, Loss: 5.670706748962402
Epoch: 4764, Loss: 5.690735816955566
Epoch: 4765, Loss: 5.699617385864258
Epoch: 4766, Loss: 5.700928688049316
Epoch: 4767, Loss: 5.690438270568848
Epoch: 4768, Loss: 5.683976650238037
Epoch: 4769, Loss: 5.701960563659668
Epoch: 4770, Loss: 5.688590049743652
Test acc: 0.0307, IC acc: 0.0362, IC acc2: 0.003, IW acc: 0.0031
Epoch: 4771, Loss: 5.6919097900390625
Epoch: 4772, Loss: 5.682457447052002
Epoch: 4773, Loss: 5.674313068389893
Epoch: 4774, Loss: 5.69439697265625
Epoch: 4775, Loss: 5.683807373046875
Epoch: 4776, Loss: 5.684861183166504
Epoch: 4777, Loss: 5.696038246154785
Epoch: 4778, Loss: 5.704943656921387
Epoch: 4779, Loss: 5.690415382385254
Epoch: 4780, Loss: 5.70479154586792
Test acc: 0.0308, IC acc: 0.0362, IC acc2: 0.0029, IW acc: 0.0031
Epoch: 4781, Loss: 5.700592041015625
Epoch: 4782, Loss: 5.705249309539795
Epoch: 4783, Loss: 5.695347785949707
Epoch: 4784, Loss: 5.686074256896973
Epoch: 4785, Loss: 5.69656229019165
Epoch: 4786, Loss: 5.691946983337402
Epoch: 4787, Loss: 5.688654899597168
Epoch: 4788, Loss: 5.684406280517578
Epoch: 4789, Loss: 5.698660373687744
Epoch: 4790, Loss: 5.678979873657227
Test acc: 0.031, IC acc: 0.0366, IC acc2: 0.0031, IW acc: 0.003
Epoch: 4791, Loss: 5.692904472351074
Epoch: 4792, Loss: 5.6979875564575195
Epoch: 4793, Loss: 5.701582908630371
Epoch: 4794, Loss: 5.709009170532227
Epoch: 4795, Loss: 5.6717071533203125
Epoch: 4796, Loss: 5.690074920654297
Epoch: 4797, Loss: 5.701062202453613
Epoch: 4798, Loss: 5.679324150085449
Epoch: 4799, Loss: 5.696793079376221
./circuit_plots/Unrestricted Disentangled|Readout|CN=2|B0=0|B1=0|K=1280|L=320|p_B=0.75|p_C=0.75|B=2|eps=0|b4755c15-ae1c-4b25-96c8-f3c68ba4e0ec/ already exists.
./circuit_plots/Unrestricted Disentangled|Readout|CN=2|B0=0|B1=0|K=1280|L=320|p_B=0.75|p_C=0.75|B=2|eps=0|b4755c15-ae1c-4b25-96c8-f3c68ba4e0ec/ already exists.
./circuit_plots/Unrestricted Disentangled|Readout|CN=2|B0=0|B1=0|K=1280|L=320|p_B=0.75|p_C=0.75|B=2|eps=0|b4755c15-ae1c-4b25-96c8-f3c68ba4e0ec/ already exists.
./circuit_plots/Unrestricted Disentangled|Readout|CN=2|B0=0|B1=0|K=1280|L=320|p_B=0.75|p_C=0.75|B=2|eps=0|b4755c15-ae1c-4b25-96c8-f3c68ba4e0ec/ already exists.
./circuit_plots/Unrestricted Disentangled|Readout|CN=2|B0=0|B1=0|K=1280|L=320|p_B=0.75|p_C=0.75|B=2|eps=0|b4755c15-ae1c-4b25-96c8-f3c68ba4e0ec/ already exists.
./circuit_plots/Unrestricted Disentangled|Readout|CN=2|B0=0|B1=0|K=1280|L=320|p_B=0.75|p_C=0.75|B=2|eps=0|b4755c15-ae1c-4b25-96c8-f3c68ba4e0ec/ already exists.
./circuit_plots/Unrestricted Disentangled|Readout|CN=2|B0=0|B1=0|K=1280|L=320|p_B=0.75|p_C=0.75|B=2|eps=0|b4755c15-ae1c-4b25-96c8-f3c68ba4e0ec/ already exists.
Epoch: 4800, Loss: 5.692035675048828
Test acc: 0.031, IC acc: 0.0367, IC acc2: 0.003, IW acc: 0.0029
Epoch: 4801, Loss: 5.692668914794922
Epoch: 4802, Loss: 5.701198101043701
Epoch: 4803, Loss: 5.684494972229004
Epoch: 4804, Loss: 5.690197944641113
Epoch: 4805, Loss: 5.686267852783203
Epoch: 4806, Loss: 5.713562965393066
Epoch: 4807, Loss: 5.705498695373535
Epoch: 4808, Loss: 5.688615798950195
Epoch: 4809, Loss: 5.692984580993652
Epoch: 4810, Loss: 5.706798553466797
Test acc: 0.031, IC acc: 0.0368, IC acc2: 0.003, IW acc: 0.0031
Epoch: 4811, Loss: 5.697340488433838
Epoch: 4812, Loss: 5.705406188964844
Epoch: 4813, Loss: 5.699796676635742
Epoch: 4814, Loss: 5.704422950744629
Epoch: 4815, Loss: 5.673422813415527
Epoch: 4816, Loss: 5.6892194747924805
Epoch: 4817, Loss: 5.686861038208008
Epoch: 4818, Loss: 5.697770118713379
Epoch: 4819, Loss: 5.696530342102051
Epoch: 4820, Loss: 5.694708824157715
Test acc: 0.031, IC acc: 0.0371, IC acc2: 0.003, IW acc: 0.0031
Epoch: 4821, Loss: 5.704636573791504
Epoch: 4822, Loss: 5.697914123535156
Epoch: 4823, Loss: 5.698768615722656
Epoch: 4824, Loss: 5.67648983001709
Epoch: 4825, Loss: 5.697012424468994
Epoch: 4826, Loss: 5.7039794921875
Epoch: 4827, Loss: 5.689416885375977
Epoch: 4828, Loss: 5.71591329574585
Epoch: 4829, Loss: 5.7048163414001465
Epoch: 4830, Loss: 5.67319393157959
Test acc: 0.031, IC acc: 0.0373, IC acc2: 0.003, IW acc: 0.003
Epoch: 4831, Loss: 5.6715192794799805
Epoch: 4832, Loss: 5.691408157348633
Epoch: 4833, Loss: 5.680812835693359
Epoch: 4834, Loss: 5.696637153625488
Epoch: 4835, Loss: 5.678603172302246
Epoch: 4836, Loss: 5.681765556335449
Epoch: 4837, Loss: 5.704406261444092
Epoch: 4838, Loss: 5.679417133331299
Epoch: 4839, Loss: 5.696251392364502
Epoch: 4840, Loss: 5.695398330688477
Test acc: 0.0312, IC acc: 0.0375, IC acc2: 0.003, IW acc: 0.003
Epoch: 4841, Loss: 5.695556640625
Epoch: 4842, Loss: 5.682755470275879
Epoch: 4843, Loss: 5.695739269256592
Epoch: 4844, Loss: 5.694182395935059
Epoch: 4845, Loss: 5.692772388458252
Epoch: 4846, Loss: 5.71324348449707
Epoch: 4847, Loss: 5.686701774597168
Epoch: 4848, Loss: 5.694106101989746
Epoch: 4849, Loss: 5.686357021331787
./circuit_plots/Unrestricted Disentangled|Readout|CN=2|B0=0|B1=0|K=1280|L=320|p_B=0.75|p_C=0.75|B=2|eps=0|b4755c15-ae1c-4b25-96c8-f3c68ba4e0ec/ already exists.
./circuit_plots/Unrestricted Disentangled|Readout|CN=2|B0=0|B1=0|K=1280|L=320|p_B=0.75|p_C=0.75|B=2|eps=0|b4755c15-ae1c-4b25-96c8-f3c68ba4e0ec/ already exists.
./circuit_plots/Unrestricted Disentangled|Readout|CN=2|B0=0|B1=0|K=1280|L=320|p_B=0.75|p_C=0.75|B=2|eps=0|b4755c15-ae1c-4b25-96c8-f3c68ba4e0ec/ already exists.
./circuit_plots/Unrestricted Disentangled|Readout|CN=2|B0=0|B1=0|K=1280|L=320|p_B=0.75|p_C=0.75|B=2|eps=0|b4755c15-ae1c-4b25-96c8-f3c68ba4e0ec/ already exists.
./circuit_plots/Unrestricted Disentangled|Readout|CN=2|B0=0|B1=0|K=1280|L=320|p_B=0.75|p_C=0.75|B=2|eps=0|b4755c15-ae1c-4b25-96c8-f3c68ba4e0ec/ already exists.
./circuit_plots/Unrestricted Disentangled|Readout|CN=2|B0=0|B1=0|K=1280|L=320|p_B=0.75|p_C=0.75|B=2|eps=0|b4755c15-ae1c-4b25-96c8-f3c68ba4e0ec/ already exists.
./circuit_plots/Unrestricted Disentangled|Readout|CN=2|B0=0|B1=0|K=1280|L=320|p_B=0.75|p_C=0.75|B=2|eps=0|b4755c15-ae1c-4b25-96c8-f3c68ba4e0ec/ already exists.
Epoch: 4850, Loss: 5.689500331878662
Test acc: 0.0313, IC acc: 0.0377, IC acc2: 0.003, IW acc: 0.0029
Epoch: 4851, Loss: 5.689820289611816
Epoch: 4852, Loss: 5.697603225708008
Epoch: 4853, Loss: 5.716642379760742
Epoch: 4854, Loss: 5.687783241271973
Epoch: 4855, Loss: 5.68979549407959
Epoch: 4856, Loss: 5.713297367095947
Epoch: 4857, Loss: 5.703725814819336
Epoch: 4858, Loss: 5.689812660217285
Epoch: 4859, Loss: 5.677456378936768
Epoch: 4860, Loss: 5.7031636238098145
Test acc: 0.0314, IC acc: 0.0379, IC acc2: 0.003, IW acc: 0.0031
Epoch: 4861, Loss: 5.696568489074707
Epoch: 4862, Loss: 5.691040515899658
Epoch: 4863, Loss: 5.694127082824707
Epoch: 4864, Loss: 5.6848578453063965
Epoch: 4865, Loss: 5.69219970703125
Epoch: 4866, Loss: 5.68426513671875
Epoch: 4867, Loss: 5.698103427886963
Epoch: 4868, Loss: 5.700882911682129
Epoch: 4869, Loss: 5.671883583068848
Epoch: 4870, Loss: 5.692042827606201
Test acc: 0.0315, IC acc: 0.0378, IC acc2: 0.003, IW acc: 0.003
Epoch: 4871, Loss: 5.6898674964904785
Epoch: 4872, Loss: 5.707612991333008
Epoch: 4873, Loss: 5.694835662841797
Epoch: 4874, Loss: 5.696560382843018
Epoch: 4875, Loss: 5.681723594665527
Epoch: 4876, Loss: 5.6827192306518555
Epoch: 4877, Loss: 5.695627212524414
Epoch: 4878, Loss: 5.679687976837158
Epoch: 4879, Loss: 5.699578285217285
Epoch: 4880, Loss: 5.693647384643555
Test acc: 0.0318, IC acc: 0.0381, IC acc2: 0.0029, IW acc: 0.0031
Epoch: 4881, Loss: 5.707735538482666
Epoch: 4882, Loss: 5.696804523468018
Epoch: 4883, Loss: 5.700580596923828
Epoch: 4884, Loss: 5.697603225708008
Epoch: 4885, Loss: 5.686772346496582
Epoch: 4886, Loss: 5.693305969238281
Epoch: 4887, Loss: 5.67601203918457
Epoch: 4888, Loss: 5.690764427185059
Epoch: 4889, Loss: 5.693099021911621
Epoch: 4890, Loss: 5.687109470367432
Test acc: 0.0318, IC acc: 0.0384, IC acc2: 0.0029, IW acc: 0.003
Epoch: 4891, Loss: 5.701956748962402
Epoch: 4892, Loss: 5.692525386810303
Epoch: 4893, Loss: 5.688670635223389
Epoch: 4894, Loss: 5.67799711227417
Epoch: 4895, Loss: 5.698010444641113
Epoch: 4896, Loss: 5.706490516662598
Epoch: 4897, Loss: 5.688498497009277
Epoch: 4898, Loss: 5.686270713806152
Epoch: 4899, Loss: 5.701837539672852
./circuit_plots/Unrestricted Disentangled|Readout|CN=2|B0=0|B1=0|K=1280|L=320|p_B=0.75|p_C=0.75|B=2|eps=0|b4755c15-ae1c-4b25-96c8-f3c68ba4e0ec/ already exists.
./circuit_plots/Unrestricted Disentangled|Readout|CN=2|B0=0|B1=0|K=1280|L=320|p_B=0.75|p_C=0.75|B=2|eps=0|b4755c15-ae1c-4b25-96c8-f3c68ba4e0ec/ already exists.
./circuit_plots/Unrestricted Disentangled|Readout|CN=2|B0=0|B1=0|K=1280|L=320|p_B=0.75|p_C=0.75|B=2|eps=0|b4755c15-ae1c-4b25-96c8-f3c68ba4e0ec/ already exists.
./circuit_plots/Unrestricted Disentangled|Readout|CN=2|B0=0|B1=0|K=1280|L=320|p_B=0.75|p_C=0.75|B=2|eps=0|b4755c15-ae1c-4b25-96c8-f3c68ba4e0ec/ already exists.
./circuit_plots/Unrestricted Disentangled|Readout|CN=2|B0=0|B1=0|K=1280|L=320|p_B=0.75|p_C=0.75|B=2|eps=0|b4755c15-ae1c-4b25-96c8-f3c68ba4e0ec/ already exists.
./circuit_plots/Unrestricted Disentangled|Readout|CN=2|B0=0|B1=0|K=1280|L=320|p_B=0.75|p_C=0.75|B=2|eps=0|b4755c15-ae1c-4b25-96c8-f3c68ba4e0ec/ already exists.
./circuit_plots/Unrestricted Disentangled|Readout|CN=2|B0=0|B1=0|K=1280|L=320|p_B=0.75|p_C=0.75|B=2|eps=0|b4755c15-ae1c-4b25-96c8-f3c68ba4e0ec/ already exists.
Epoch: 4900, Loss: 5.681265830993652
Test acc: 0.0319, IC acc: 0.0387, IC acc2: 0.0029, IW acc: 0.003
Epoch: 4901, Loss: 5.6941118240356445
Epoch: 4902, Loss: 5.694337844848633
Epoch: 4903, Loss: 5.6810479164123535
Epoch: 4904, Loss: 5.6957244873046875
Epoch: 4905, Loss: 5.6819634437561035
Epoch: 4906, Loss: 5.678040504455566
Epoch: 4907, Loss: 5.6906328201293945
Epoch: 4908, Loss: 5.6908087730407715
Epoch: 4909, Loss: 5.69947624206543
Epoch: 4910, Loss: 5.694344520568848
Test acc: 0.0319, IC acc: 0.0386, IC acc2: 0.0029, IW acc: 0.003
Epoch: 4911, Loss: 5.687963485717773
Epoch: 4912, Loss: 5.683815002441406
Epoch: 4913, Loss: 5.700048446655273
Epoch: 4914, Loss: 5.691616535186768
Epoch: 4915, Loss: 5.685973644256592
Epoch: 4916, Loss: 5.701885223388672
Epoch: 4917, Loss: 5.70306396484375
Epoch: 4918, Loss: 5.685327529907227
Epoch: 4919, Loss: 5.704593181610107
Epoch: 4920, Loss: 5.705891132354736
Test acc: 0.0322, IC acc: 0.039, IC acc2: 0.0029, IW acc: 0.003
Epoch: 4921, Loss: 5.695189952850342
Epoch: 4922, Loss: 5.696593284606934
Epoch: 4923, Loss: 5.699828147888184
Epoch: 4924, Loss: 5.687221527099609
Epoch: 4925, Loss: 5.700026988983154
Epoch: 4926, Loss: 5.694670677185059
Epoch: 4927, Loss: 5.697009086608887
Epoch: 4928, Loss: 5.695255279541016
Epoch: 4929, Loss: 5.688197135925293
Epoch: 4930, Loss: 5.686886310577393
Test acc: 0.0322, IC acc: 0.0391, IC acc2: 0.0029, IW acc: 0.003
Epoch: 4931, Loss: 5.699239730834961
Epoch: 4932, Loss: 5.694199562072754
Epoch: 4933, Loss: 5.698716640472412
Epoch: 4934, Loss: 5.702203750610352
Epoch: 4935, Loss: 5.6952738761901855
Epoch: 4936, Loss: 5.698659896850586
Epoch: 4937, Loss: 5.690368175506592
Epoch: 4938, Loss: 5.701534271240234
Epoch: 4939, Loss: 5.684250831604004
Epoch: 4940, Loss: 5.688747406005859
Test acc: 0.0323, IC acc: 0.0391, IC acc2: 0.0029, IW acc: 0.003
Epoch: 4941, Loss: 5.696550369262695
Epoch: 4942, Loss: 5.6715593338012695
Epoch: 4943, Loss: 5.6882500648498535
Epoch: 4944, Loss: 5.690829277038574
Epoch: 4945, Loss: 5.684994220733643
Epoch: 4946, Loss: 5.690220832824707
Epoch: 4947, Loss: 5.680225372314453
Epoch: 4948, Loss: 5.669740676879883
Epoch: 4949, Loss: 5.708991527557373
./circuit_plots/Unrestricted Disentangled|Readout|CN=2|B0=0|B1=0|K=1280|L=320|p_B=0.75|p_C=0.75|B=2|eps=0|b4755c15-ae1c-4b25-96c8-f3c68ba4e0ec/ already exists.
./circuit_plots/Unrestricted Disentangled|Readout|CN=2|B0=0|B1=0|K=1280|L=320|p_B=0.75|p_C=0.75|B=2|eps=0|b4755c15-ae1c-4b25-96c8-f3c68ba4e0ec/ already exists.
./circuit_plots/Unrestricted Disentangled|Readout|CN=2|B0=0|B1=0|K=1280|L=320|p_B=0.75|p_C=0.75|B=2|eps=0|b4755c15-ae1c-4b25-96c8-f3c68ba4e0ec/ already exists.
./circuit_plots/Unrestricted Disentangled|Readout|CN=2|B0=0|B1=0|K=1280|L=320|p_B=0.75|p_C=0.75|B=2|eps=0|b4755c15-ae1c-4b25-96c8-f3c68ba4e0ec/ already exists.
./circuit_plots/Unrestricted Disentangled|Readout|CN=2|B0=0|B1=0|K=1280|L=320|p_B=0.75|p_C=0.75|B=2|eps=0|b4755c15-ae1c-4b25-96c8-f3c68ba4e0ec/ already exists.
./circuit_plots/Unrestricted Disentangled|Readout|CN=2|B0=0|B1=0|K=1280|L=320|p_B=0.75|p_C=0.75|B=2|eps=0|b4755c15-ae1c-4b25-96c8-f3c68ba4e0ec/ already exists.
./circuit_plots/Unrestricted Disentangled|Readout|CN=2|B0=0|B1=0|K=1280|L=320|p_B=0.75|p_C=0.75|B=2|eps=0|b4755c15-ae1c-4b25-96c8-f3c68ba4e0ec/ already exists.
Epoch: 4950, Loss: 5.680696487426758
Test acc: 0.0324, IC acc: 0.0391, IC acc2: 0.003, IW acc: 0.003
Epoch: 4951, Loss: 5.689449310302734
Epoch: 4952, Loss: 5.702139854431152
Epoch: 4953, Loss: 5.681495666503906
Epoch: 4954, Loss: 5.698788642883301
Epoch: 4955, Loss: 5.703505992889404
Epoch: 4956, Loss: 5.692208290100098
Epoch: 4957, Loss: 5.700862884521484
Epoch: 4958, Loss: 5.66444206237793
Epoch: 4959, Loss: 5.689668655395508
Epoch: 4960, Loss: 5.682605743408203
Test acc: 0.0325, IC acc: 0.0394, IC acc2: 0.0029, IW acc: 0.003
Epoch: 4961, Loss: 5.690651893615723
Epoch: 4962, Loss: 5.684439659118652
Epoch: 4963, Loss: 5.711899757385254
Epoch: 4964, Loss: 5.716453552246094
Epoch: 4965, Loss: 5.693434238433838
Epoch: 4966, Loss: 5.685473442077637
Epoch: 4967, Loss: 5.700063705444336
Epoch: 4968, Loss: 5.687808036804199
Epoch: 4969, Loss: 5.692897796630859
Epoch: 4970, Loss: 5.69791316986084
Test acc: 0.0325, IC acc: 0.0394, IC acc2: 0.003, IW acc: 0.0029
Epoch: 4971, Loss: 5.695677757263184
Epoch: 4972, Loss: 5.705904006958008
Epoch: 4973, Loss: 5.681703090667725
Epoch: 4974, Loss: 5.696253776550293
Epoch: 4975, Loss: 5.687074184417725
Epoch: 4976, Loss: 5.690237998962402
Epoch: 4977, Loss: 5.675901412963867
Epoch: 4978, Loss: 5.701189041137695
Epoch: 4979, Loss: 5.690576553344727
Epoch: 4980, Loss: 5.69511079788208
Test acc: 0.0323, IC acc: 0.0397, IC acc2: 0.003, IW acc: 0.0029
Epoch: 4981, Loss: 5.6897172927856445
Epoch: 4982, Loss: 5.671690940856934
Epoch: 4983, Loss: 5.684390068054199
Epoch: 4984, Loss: 5.708039283752441
Epoch: 4985, Loss: 5.675751209259033
Epoch: 4986, Loss: 5.6904401779174805
Epoch: 4987, Loss: 5.698703765869141
Epoch: 4988, Loss: 5.6836771965026855
Epoch: 4989, Loss: 5.691155433654785
Epoch: 4990, Loss: 5.684335708618164
Test acc: 0.0325, IC acc: 0.0398, IC acc2: 0.0029, IW acc: 0.0029
Epoch: 4991, Loss: 5.688380241394043
Epoch: 4992, Loss: 5.699930191040039
Epoch: 4993, Loss: 5.689421653747559
Epoch: 4994, Loss: 5.701606750488281
Epoch: 4995, Loss: 5.682717800140381
Epoch: 4996, Loss: 5.701717376708984
Epoch: 4997, Loss: 5.698606491088867
Epoch: 4998, Loss: 5.681710720062256
Epoch: 4999, Loss: 5.682956218719482
./circuit_plots/Unrestricted Disentangled|Readout|CN=2|B0=0|B1=0|K=1280|L=320|p_B=0.75|p_C=0.75|B=2|eps=0|b4755c15-ae1c-4b25-96c8-f3c68ba4e0ec/ already exists.
./circuit_plots/Unrestricted Disentangled|Readout|CN=2|B0=0|B1=0|K=1280|L=320|p_B=0.75|p_C=0.75|B=2|eps=0|b4755c15-ae1c-4b25-96c8-f3c68ba4e0ec/ already exists.
./circuit_plots/Unrestricted Disentangled|Readout|CN=2|B0=0|B1=0|K=1280|L=320|p_B=0.75|p_C=0.75|B=2|eps=0|b4755c15-ae1c-4b25-96c8-f3c68ba4e0ec/ already exists.
./circuit_plots/Unrestricted Disentangled|Readout|CN=2|B0=0|B1=0|K=1280|L=320|p_B=0.75|p_C=0.75|B=2|eps=0|b4755c15-ae1c-4b25-96c8-f3c68ba4e0ec/ already exists.
./circuit_plots/Unrestricted Disentangled|Readout|CN=2|B0=0|B1=0|K=1280|L=320|p_B=0.75|p_C=0.75|B=2|eps=0|b4755c15-ae1c-4b25-96c8-f3c68ba4e0ec/ already exists.
./circuit_plots/Unrestricted Disentangled|Readout|CN=2|B0=0|B1=0|K=1280|L=320|p_B=0.75|p_C=0.75|B=2|eps=0|b4755c15-ae1c-4b25-96c8-f3c68ba4e0ec/ already exists.
./circuit_plots/Unrestricted Disentangled|Readout|CN=2|B0=0|B1=0|K=1280|L=320|p_B=0.75|p_C=0.75|B=2|eps=0|b4755c15-ae1c-4b25-96c8-f3c68ba4e0ec/ already exists.
Epoch: 5000, Loss: 5.6781816482543945
Test acc: 0.0325, IC acc: 0.0398, IC acc2: 0.003, IW acc: 0.0029
Epoch: 5001, Loss: 5.681761741638184
Epoch: 5002, Loss: 5.699075222015381
Epoch: 5003, Loss: 5.699020862579346
Epoch: 5004, Loss: 5.693390846252441
Epoch: 5005, Loss: 5.690770149230957
Epoch: 5006, Loss: 5.6861748695373535
Epoch: 5007, Loss: 5.67840051651001
Epoch: 5008, Loss: 5.692850112915039
Epoch: 5009, Loss: 5.69648551940918
Epoch: 5010, Loss: 5.6831159591674805
Test acc: 0.0325, IC acc: 0.0399, IC acc2: 0.003, IW acc: 0.0029
Epoch: 5011, Loss: 5.693170547485352
Epoch: 5012, Loss: 5.678225040435791
Epoch: 5013, Loss: 5.703125
Epoch: 5014, Loss: 5.677309513092041
Epoch: 5015, Loss: 5.685303688049316
Epoch: 5016, Loss: 5.7074480056762695
Epoch: 5017, Loss: 5.6893134117126465
Epoch: 5018, Loss: 5.67697811126709
Epoch: 5019, Loss: 5.690158367156982
Epoch: 5020, Loss: 5.703125953674316
Test acc: 0.0326, IC acc: 0.0402, IC acc2: 0.003, IW acc: 0.0029
Epoch: 5021, Loss: 5.674853801727295
Epoch: 5022, Loss: 5.697356700897217
Epoch: 5023, Loss: 5.695433616638184
Epoch: 5024, Loss: 5.685422897338867
Epoch: 5025, Loss: 5.694261074066162
Epoch: 5026, Loss: 5.683460712432861
Epoch: 5027, Loss: 5.688338756561279
Epoch: 5028, Loss: 5.709536075592041
Epoch: 5029, Loss: 5.693439960479736
Epoch: 5030, Loss: 5.701223373413086
Test acc: 0.0329, IC acc: 0.0404, IC acc2: 0.0029, IW acc: 0.0029
Epoch: 5031, Loss: 5.703824996948242
Epoch: 5032, Loss: 5.682755470275879
Epoch: 5033, Loss: 5.682096481323242
Epoch: 5034, Loss: 5.680614471435547
Epoch: 5035, Loss: 5.677177429199219
Epoch: 5036, Loss: 5.694781303405762
Epoch: 5037, Loss: 5.697942733764648
Epoch: 5038, Loss: 5.692526817321777
Epoch: 5039, Loss: 5.707931995391846
Epoch: 5040, Loss: 5.687553405761719
Test acc: 0.033, IC acc: 0.0404, IC acc2: 0.0029, IW acc: 0.0029
Epoch: 5041, Loss: 5.684821128845215
Epoch: 5042, Loss: 5.687627792358398
Epoch: 5043, Loss: 5.686899185180664
Epoch: 5044, Loss: 5.67194938659668
Epoch: 5045, Loss: 5.695361614227295
Epoch: 5046, Loss: 5.684786796569824
Epoch: 5047, Loss: 5.680171966552734
Epoch: 5048, Loss: 5.672415256500244
Epoch: 5049, Loss: 5.6908464431762695
./circuit_plots/Unrestricted Disentangled|Readout|CN=2|B0=0|B1=0|K=1280|L=320|p_B=0.75|p_C=0.75|B=2|eps=0|b4755c15-ae1c-4b25-96c8-f3c68ba4e0ec/ already exists.
./circuit_plots/Unrestricted Disentangled|Readout|CN=2|B0=0|B1=0|K=1280|L=320|p_B=0.75|p_C=0.75|B=2|eps=0|b4755c15-ae1c-4b25-96c8-f3c68ba4e0ec/ already exists.
./circuit_plots/Unrestricted Disentangled|Readout|CN=2|B0=0|B1=0|K=1280|L=320|p_B=0.75|p_C=0.75|B=2|eps=0|b4755c15-ae1c-4b25-96c8-f3c68ba4e0ec/ already exists.
./circuit_plots/Unrestricted Disentangled|Readout|CN=2|B0=0|B1=0|K=1280|L=320|p_B=0.75|p_C=0.75|B=2|eps=0|b4755c15-ae1c-4b25-96c8-f3c68ba4e0ec/ already exists.
./circuit_plots/Unrestricted Disentangled|Readout|CN=2|B0=0|B1=0|K=1280|L=320|p_B=0.75|p_C=0.75|B=2|eps=0|b4755c15-ae1c-4b25-96c8-f3c68ba4e0ec/ already exists.
./circuit_plots/Unrestricted Disentangled|Readout|CN=2|B0=0|B1=0|K=1280|L=320|p_B=0.75|p_C=0.75|B=2|eps=0|b4755c15-ae1c-4b25-96c8-f3c68ba4e0ec/ already exists.
./circuit_plots/Unrestricted Disentangled|Readout|CN=2|B0=0|B1=0|K=1280|L=320|p_B=0.75|p_C=0.75|B=2|eps=0|b4755c15-ae1c-4b25-96c8-f3c68ba4e0ec/ already exists.
Epoch: 5050, Loss: 5.679899215698242
Test acc: 0.033, IC acc: 0.0405, IC acc2: 0.0029, IW acc: 0.0029
Epoch: 5051, Loss: 5.694835662841797
Epoch: 5052, Loss: 5.70143985748291
Epoch: 5053, Loss: 5.695080280303955
Epoch: 5054, Loss: 5.692742347717285
Epoch: 5055, Loss: 5.669992446899414
Epoch: 5056, Loss: 5.697754859924316
Epoch: 5057, Loss: 5.697771072387695
Epoch: 5058, Loss: 5.686614990234375
Epoch: 5059, Loss: 5.692338466644287
Epoch: 5060, Loss: 5.684530735015869
Test acc: 0.0331, IC acc: 0.0405, IC acc2: 0.0029, IW acc: 0.0029
Epoch: 5061, Loss: 5.6761555671691895
Epoch: 5062, Loss: 5.700890064239502
Epoch: 5063, Loss: 5.699223041534424
Epoch: 5064, Loss: 5.688116073608398
Epoch: 5065, Loss: 5.681751251220703
Epoch: 5066, Loss: 5.684884071350098
Epoch: 5067, Loss: 5.692943572998047
Epoch: 5068, Loss: 5.707120418548584
Epoch: 5069, Loss: 5.699591636657715
Epoch: 5070, Loss: 5.6828484535217285
Test acc: 0.0331, IC acc: 0.0406, IC acc2: 0.0029, IW acc: 0.0029
Epoch: 5071, Loss: 5.683167934417725
Epoch: 5072, Loss: 5.694382667541504
Epoch: 5073, Loss: 5.68228816986084
Epoch: 5074, Loss: 5.702426910400391
Epoch: 5075, Loss: 5.689770221710205
Epoch: 5076, Loss: 5.67254114151001
Epoch: 5077, Loss: 5.684360504150391
Epoch: 5078, Loss: 5.7023162841796875
Epoch: 5079, Loss: 5.696900367736816
Epoch: 5080, Loss: 5.701366424560547
Test acc: 0.0332, IC acc: 0.0408, IC acc2: 0.0029, IW acc: 0.0028
Epoch: 5081, Loss: 5.695367813110352
Epoch: 5082, Loss: 5.662740707397461
Epoch: 5083, Loss: 5.683838367462158
Epoch: 5084, Loss: 5.696387767791748
Epoch: 5085, Loss: 5.700287818908691
Epoch: 5086, Loss: 5.7001752853393555
Epoch: 5087, Loss: 5.68844747543335
Epoch: 5088, Loss: 5.70228385925293
Epoch: 5089, Loss: 5.684110641479492
Epoch: 5090, Loss: 5.679379463195801
Test acc: 0.0334, IC acc: 0.0405, IC acc2: 0.0029, IW acc: 0.0028
Epoch: 5091, Loss: 5.695401191711426
Epoch: 5092, Loss: 5.694705963134766
Epoch: 5093, Loss: 5.670952796936035
Epoch: 5094, Loss: 5.692304611206055
Epoch: 5095, Loss: 5.674038887023926
Epoch: 5096, Loss: 5.690993309020996
Epoch: 5097, Loss: 5.695764541625977
Epoch: 5098, Loss: 5.691620349884033
Epoch: 5099, Loss: 5.6844096183776855
./circuit_plots/Unrestricted Disentangled|Readout|CN=2|B0=0|B1=0|K=1280|L=320|p_B=0.75|p_C=0.75|B=2|eps=0|b4755c15-ae1c-4b25-96c8-f3c68ba4e0ec/ already exists.
./circuit_plots/Unrestricted Disentangled|Readout|CN=2|B0=0|B1=0|K=1280|L=320|p_B=0.75|p_C=0.75|B=2|eps=0|b4755c15-ae1c-4b25-96c8-f3c68ba4e0ec/ already exists.
./circuit_plots/Unrestricted Disentangled|Readout|CN=2|B0=0|B1=0|K=1280|L=320|p_B=0.75|p_C=0.75|B=2|eps=0|b4755c15-ae1c-4b25-96c8-f3c68ba4e0ec/ already exists.
./circuit_plots/Unrestricted Disentangled|Readout|CN=2|B0=0|B1=0|K=1280|L=320|p_B=0.75|p_C=0.75|B=2|eps=0|b4755c15-ae1c-4b25-96c8-f3c68ba4e0ec/ already exists.
./circuit_plots/Unrestricted Disentangled|Readout|CN=2|B0=0|B1=0|K=1280|L=320|p_B=0.75|p_C=0.75|B=2|eps=0|b4755c15-ae1c-4b25-96c8-f3c68ba4e0ec/ already exists.
./circuit_plots/Unrestricted Disentangled|Readout|CN=2|B0=0|B1=0|K=1280|L=320|p_B=0.75|p_C=0.75|B=2|eps=0|b4755c15-ae1c-4b25-96c8-f3c68ba4e0ec/ already exists.
./circuit_plots/Unrestricted Disentangled|Readout|CN=2|B0=0|B1=0|K=1280|L=320|p_B=0.75|p_C=0.75|B=2|eps=0|b4755c15-ae1c-4b25-96c8-f3c68ba4e0ec/ already exists.
Epoch: 5100, Loss: 5.677620887756348
Test acc: 0.0332, IC acc: 0.0407, IC acc2: 0.0029, IW acc: 0.0029
Epoch: 5101, Loss: 5.695857048034668
Epoch: 5102, Loss: 5.680928707122803
Epoch: 5103, Loss: 5.677092552185059
Epoch: 5104, Loss: 5.703347682952881
Epoch: 5105, Loss: 5.687006950378418
Epoch: 5106, Loss: 5.692527770996094
Epoch: 5107, Loss: 5.695076942443848
Epoch: 5108, Loss: 5.680065155029297
Epoch: 5109, Loss: 5.697038650512695
Epoch: 5110, Loss: 5.676509857177734
Test acc: 0.0333, IC acc: 0.0408, IC acc2: 0.0029, IW acc: 0.0028
Epoch: 5111, Loss: 5.697351455688477
Epoch: 5112, Loss: 5.695714473724365
Epoch: 5113, Loss: 5.689835071563721
Epoch: 5114, Loss: 5.678441047668457
Epoch: 5115, Loss: 5.68204402923584
Epoch: 5116, Loss: 5.691184043884277
Epoch: 5117, Loss: 5.691343307495117
Epoch: 5118, Loss: 5.698863983154297
Epoch: 5119, Loss: 5.701106071472168
Epoch: 5120, Loss: 5.685494422912598
Test acc: 0.0332, IC acc: 0.041, IC acc2: 0.0029, IW acc: 0.0028
Epoch: 5121, Loss: 5.700211524963379
Epoch: 5122, Loss: 5.686792373657227
Epoch: 5123, Loss: 5.684478759765625
Epoch: 5124, Loss: 5.682955741882324
Epoch: 5125, Loss: 5.7019453048706055
Epoch: 5126, Loss: 5.673095703125
Epoch: 5127, Loss: 5.6900248527526855
Epoch: 5128, Loss: 5.692604064941406
Epoch: 5129, Loss: 5.697122097015381
Epoch: 5130, Loss: 5.700732707977295
Test acc: 0.0334, IC acc: 0.0411, IC acc2: 0.0029, IW acc: 0.0027
Epoch: 5131, Loss: 5.693010330200195
Epoch: 5132, Loss: 5.695296287536621
Epoch: 5133, Loss: 5.672867774963379
Epoch: 5134, Loss: 5.695505142211914
Epoch: 5135, Loss: 5.690940856933594
Epoch: 5136, Loss: 5.682967185974121
Epoch: 5137, Loss: 5.681452751159668
Epoch: 5138, Loss: 5.683432102203369
Epoch: 5139, Loss: 5.675361156463623
Epoch: 5140, Loss: 5.697270393371582
Test acc: 0.0335, IC acc: 0.0416, IC acc2: 0.0029, IW acc: 0.0029
Epoch: 5141, Loss: 5.688276290893555
Epoch: 5142, Loss: 5.671694755554199
Epoch: 5143, Loss: 5.685646057128906
Epoch: 5144, Loss: 5.684361457824707
Epoch: 5145, Loss: 5.691575050354004
Epoch: 5146, Loss: 5.684271812438965
Epoch: 5147, Loss: 5.670475959777832
Epoch: 5148, Loss: 5.684473037719727
Epoch: 5149, Loss: 5.693447113037109
./circuit_plots/Unrestricted Disentangled|Readout|CN=2|B0=0|B1=0|K=1280|L=320|p_B=0.75|p_C=0.75|B=2|eps=0|b4755c15-ae1c-4b25-96c8-f3c68ba4e0ec/ already exists.
./circuit_plots/Unrestricted Disentangled|Readout|CN=2|B0=0|B1=0|K=1280|L=320|p_B=0.75|p_C=0.75|B=2|eps=0|b4755c15-ae1c-4b25-96c8-f3c68ba4e0ec/ already exists.
./circuit_plots/Unrestricted Disentangled|Readout|CN=2|B0=0|B1=0|K=1280|L=320|p_B=0.75|p_C=0.75|B=2|eps=0|b4755c15-ae1c-4b25-96c8-f3c68ba4e0ec/ already exists.
./circuit_plots/Unrestricted Disentangled|Readout|CN=2|B0=0|B1=0|K=1280|L=320|p_B=0.75|p_C=0.75|B=2|eps=0|b4755c15-ae1c-4b25-96c8-f3c68ba4e0ec/ already exists.
./circuit_plots/Unrestricted Disentangled|Readout|CN=2|B0=0|B1=0|K=1280|L=320|p_B=0.75|p_C=0.75|B=2|eps=0|b4755c15-ae1c-4b25-96c8-f3c68ba4e0ec/ already exists.
./circuit_plots/Unrestricted Disentangled|Readout|CN=2|B0=0|B1=0|K=1280|L=320|p_B=0.75|p_C=0.75|B=2|eps=0|b4755c15-ae1c-4b25-96c8-f3c68ba4e0ec/ already exists.
./circuit_plots/Unrestricted Disentangled|Readout|CN=2|B0=0|B1=0|K=1280|L=320|p_B=0.75|p_C=0.75|B=2|eps=0|b4755c15-ae1c-4b25-96c8-f3c68ba4e0ec/ already exists.
Epoch: 5150, Loss: 5.701528549194336
Test acc: 0.0336, IC acc: 0.0417, IC acc2: 0.0028, IW acc: 0.0029
Epoch: 5151, Loss: 5.683576583862305
Epoch: 5152, Loss: 5.701791763305664
Epoch: 5153, Loss: 5.66690731048584
Epoch: 5154, Loss: 5.67860221862793
Epoch: 5155, Loss: 5.6823344230651855
Epoch: 5156, Loss: 5.682535171508789
Epoch: 5157, Loss: 5.6917266845703125
Epoch: 5158, Loss: 5.702793598175049
Epoch: 5159, Loss: 5.712078094482422
Epoch: 5160, Loss: 5.671254634857178
Test acc: 0.0336, IC acc: 0.0418, IC acc2: 0.0028, IW acc: 0.003
Epoch: 5161, Loss: 5.681970119476318
Epoch: 5162, Loss: 5.685901641845703
Epoch: 5163, Loss: 5.686941146850586
Epoch: 5164, Loss: 5.678030967712402
Epoch: 5165, Loss: 5.681069850921631
Epoch: 5166, Loss: 5.701930046081543
Epoch: 5167, Loss: 5.681684494018555
Epoch: 5168, Loss: 5.675519943237305
Epoch: 5169, Loss: 5.68377685546875
Epoch: 5170, Loss: 5.694706439971924
Test acc: 0.0337, IC acc: 0.0421, IC acc2: 0.0028, IW acc: 0.0029
Epoch: 5171, Loss: 5.665633201599121
Epoch: 5172, Loss: 5.6997480392456055
Epoch: 5173, Loss: 5.682916641235352
Epoch: 5174, Loss: 5.693129062652588
Epoch: 5175, Loss: 5.685556411743164
Epoch: 5176, Loss: 5.670001029968262
Epoch: 5177, Loss: 5.68523645401001
Epoch: 5178, Loss: 5.68757438659668
Epoch: 5179, Loss: 5.689286708831787
Epoch: 5180, Loss: 5.687695503234863
Test acc: 0.0338, IC acc: 0.0424, IC acc2: 0.0028, IW acc: 0.003
Epoch: 5181, Loss: 5.687200546264648
Epoch: 5182, Loss: 5.689313888549805
Epoch: 5183, Loss: 5.694801330566406
Epoch: 5184, Loss: 5.6767120361328125
Epoch: 5185, Loss: 5.674673557281494
Epoch: 5186, Loss: 5.702901840209961
Epoch: 5187, Loss: 5.687729835510254
Epoch: 5188, Loss: 5.681854248046875
Epoch: 5189, Loss: 5.685185432434082
Epoch: 5190, Loss: 5.698186874389648
Test acc: 0.0339, IC acc: 0.0427, IC acc2: 0.0028, IW acc: 0.003
Epoch: 5191, Loss: 5.693869590759277
Epoch: 5192, Loss: 5.698419570922852
Epoch: 5193, Loss: 5.685548305511475
Epoch: 5194, Loss: 5.688260078430176
Epoch: 5195, Loss: 5.6949005126953125
Epoch: 5196, Loss: 5.6830644607543945
Epoch: 5197, Loss: 5.696921348571777
Epoch: 5198, Loss: 5.6782636642456055
Epoch: 5199, Loss: 5.696493625640869
./circuit_plots/Unrestricted Disentangled|Readout|CN=2|B0=0|B1=0|K=1280|L=320|p_B=0.75|p_C=0.75|B=2|eps=0|b4755c15-ae1c-4b25-96c8-f3c68ba4e0ec/ already exists.
./circuit_plots/Unrestricted Disentangled|Readout|CN=2|B0=0|B1=0|K=1280|L=320|p_B=0.75|p_C=0.75|B=2|eps=0|b4755c15-ae1c-4b25-96c8-f3c68ba4e0ec/ already exists.
./circuit_plots/Unrestricted Disentangled|Readout|CN=2|B0=0|B1=0|K=1280|L=320|p_B=0.75|p_C=0.75|B=2|eps=0|b4755c15-ae1c-4b25-96c8-f3c68ba4e0ec/ already exists.
./circuit_plots/Unrestricted Disentangled|Readout|CN=2|B0=0|B1=0|K=1280|L=320|p_B=0.75|p_C=0.75|B=2|eps=0|b4755c15-ae1c-4b25-96c8-f3c68ba4e0ec/ already exists.
./circuit_plots/Unrestricted Disentangled|Readout|CN=2|B0=0|B1=0|K=1280|L=320|p_B=0.75|p_C=0.75|B=2|eps=0|b4755c15-ae1c-4b25-96c8-f3c68ba4e0ec/ already exists.
./circuit_plots/Unrestricted Disentangled|Readout|CN=2|B0=0|B1=0|K=1280|L=320|p_B=0.75|p_C=0.75|B=2|eps=0|b4755c15-ae1c-4b25-96c8-f3c68ba4e0ec/ already exists.
./circuit_plots/Unrestricted Disentangled|Readout|CN=2|B0=0|B1=0|K=1280|L=320|p_B=0.75|p_C=0.75|B=2|eps=0|b4755c15-ae1c-4b25-96c8-f3c68ba4e0ec/ already exists.
Epoch: 5200, Loss: 5.684523582458496
Test acc: 0.0341, IC acc: 0.0429, IC acc2: 0.0028, IW acc: 0.003
Epoch: 5201, Loss: 5.674694538116455
Epoch: 5202, Loss: 5.686351776123047
Epoch: 5203, Loss: 5.68079948425293
Epoch: 5204, Loss: 5.682645797729492
Epoch: 5205, Loss: 5.6860761642456055
Epoch: 5206, Loss: 5.693933486938477
Epoch: 5207, Loss: 5.678776741027832
Epoch: 5208, Loss: 5.679839134216309
Epoch: 5209, Loss: 5.696275234222412
Epoch: 5210, Loss: 5.68113899230957
Test acc: 0.0341, IC acc: 0.0432, IC acc2: 0.0028, IW acc: 0.003
Epoch: 5211, Loss: 5.691616058349609
Epoch: 5212, Loss: 5.68919563293457
Epoch: 5213, Loss: 5.6735405921936035
Epoch: 5214, Loss: 5.684695243835449
Epoch: 5215, Loss: 5.685474395751953
Epoch: 5216, Loss: 5.701042175292969
Epoch: 5217, Loss: 5.684078216552734
Epoch: 5218, Loss: 5.672665596008301
Epoch: 5219, Loss: 5.689537048339844
Epoch: 5220, Loss: 5.687966346740723
Test acc: 0.0341, IC acc: 0.0432, IC acc2: 0.0029, IW acc: 0.003
Epoch: 5221, Loss: 5.678089618682861
Epoch: 5222, Loss: 5.683692932128906
Epoch: 5223, Loss: 5.695070266723633
Epoch: 5224, Loss: 5.691014766693115
Epoch: 5225, Loss: 5.682130336761475
Epoch: 5226, Loss: 5.6914567947387695
Epoch: 5227, Loss: 5.699484348297119
Epoch: 5228, Loss: 5.6858625411987305
Epoch: 5229, Loss: 5.67979621887207
Epoch: 5230, Loss: 5.684961795806885
Test acc: 0.034, IC acc: 0.0433, IC acc2: 0.0029, IW acc: 0.003
Epoch: 5231, Loss: 5.694215774536133
Epoch: 5232, Loss: 5.6740403175354
Epoch: 5233, Loss: 5.691911697387695
Epoch: 5234, Loss: 5.672612190246582
Epoch: 5235, Loss: 5.684511661529541
Epoch: 5236, Loss: 5.686426162719727
Epoch: 5237, Loss: 5.690126419067383
Epoch: 5238, Loss: 5.698356628417969
Epoch: 5239, Loss: 5.68827486038208
Epoch: 5240, Loss: 5.696383476257324
Test acc: 0.0343, IC acc: 0.0436, IC acc2: 0.0029, IW acc: 0.003
Epoch: 5241, Loss: 5.69199275970459
Epoch: 5242, Loss: 5.7024736404418945
Epoch: 5243, Loss: 5.6923418045043945
Epoch: 5244, Loss: 5.692434310913086
Epoch: 5245, Loss: 5.687018394470215
Epoch: 5246, Loss: 5.686275482177734
Epoch: 5247, Loss: 5.687585830688477
Epoch: 5248, Loss: 5.683206081390381
Epoch: 5249, Loss: 5.686583042144775
./circuit_plots/Unrestricted Disentangled|Readout|CN=2|B0=0|B1=0|K=1280|L=320|p_B=0.75|p_C=0.75|B=2|eps=0|b4755c15-ae1c-4b25-96c8-f3c68ba4e0ec/ already exists.
./circuit_plots/Unrestricted Disentangled|Readout|CN=2|B0=0|B1=0|K=1280|L=320|p_B=0.75|p_C=0.75|B=2|eps=0|b4755c15-ae1c-4b25-96c8-f3c68ba4e0ec/ already exists.
./circuit_plots/Unrestricted Disentangled|Readout|CN=2|B0=0|B1=0|K=1280|L=320|p_B=0.75|p_C=0.75|B=2|eps=0|b4755c15-ae1c-4b25-96c8-f3c68ba4e0ec/ already exists.
./circuit_plots/Unrestricted Disentangled|Readout|CN=2|B0=0|B1=0|K=1280|L=320|p_B=0.75|p_C=0.75|B=2|eps=0|b4755c15-ae1c-4b25-96c8-f3c68ba4e0ec/ already exists.
./circuit_plots/Unrestricted Disentangled|Readout|CN=2|B0=0|B1=0|K=1280|L=320|p_B=0.75|p_C=0.75|B=2|eps=0|b4755c15-ae1c-4b25-96c8-f3c68ba4e0ec/ already exists.
./circuit_plots/Unrestricted Disentangled|Readout|CN=2|B0=0|B1=0|K=1280|L=320|p_B=0.75|p_C=0.75|B=2|eps=0|b4755c15-ae1c-4b25-96c8-f3c68ba4e0ec/ already exists.
./circuit_plots/Unrestricted Disentangled|Readout|CN=2|B0=0|B1=0|K=1280|L=320|p_B=0.75|p_C=0.75|B=2|eps=0|b4755c15-ae1c-4b25-96c8-f3c68ba4e0ec/ already exists.
Epoch: 5250, Loss: 5.702253341674805
Test acc: 0.0341, IC acc: 0.0437, IC acc2: 0.0028, IW acc: 0.003
Epoch: 5251, Loss: 5.679614067077637
Epoch: 5252, Loss: 5.6947126388549805
Epoch: 5253, Loss: 5.700026988983154
Epoch: 5254, Loss: 5.675757884979248
Epoch: 5255, Loss: 5.65873908996582
Epoch: 5256, Loss: 5.68209171295166
Epoch: 5257, Loss: 5.67988395690918
Epoch: 5258, Loss: 5.681851387023926
Epoch: 5259, Loss: 5.692465782165527
Epoch: 5260, Loss: 5.702927112579346
Test acc: 0.0343, IC acc: 0.0438, IC acc2: 0.0028, IW acc: 0.0029
Epoch: 5261, Loss: 5.682622909545898
Epoch: 5262, Loss: 5.714344501495361
Epoch: 5263, Loss: 5.680734634399414
Epoch: 5264, Loss: 5.683582305908203
Epoch: 5265, Loss: 5.676445960998535
Epoch: 5266, Loss: 5.689486503601074
Epoch: 5267, Loss: 5.669390678405762
Epoch: 5268, Loss: 5.697636604309082
Epoch: 5269, Loss: 5.690896511077881
Epoch: 5270, Loss: 5.681330680847168
Test acc: 0.0344, IC acc: 0.0442, IC acc2: 0.0029, IW acc: 0.0029
Epoch: 5271, Loss: 5.677457809448242
Epoch: 5272, Loss: 5.693793773651123
Epoch: 5273, Loss: 5.6811370849609375
Epoch: 5274, Loss: 5.680275917053223
Epoch: 5275, Loss: 5.679677486419678
Epoch: 5276, Loss: 5.6791791915893555
Epoch: 5277, Loss: 5.703255653381348
Epoch: 5278, Loss: 5.685497283935547
Epoch: 5279, Loss: 5.6952314376831055
Epoch: 5280, Loss: 5.68436861038208
Test acc: 0.0344, IC acc: 0.0443, IC acc2: 0.0028, IW acc: 0.0028
Epoch: 5281, Loss: 5.7000627517700195
Epoch: 5282, Loss: 5.6924824714660645
Epoch: 5283, Loss: 5.689023971557617
Epoch: 5284, Loss: 5.679436683654785
Epoch: 5285, Loss: 5.676109790802002
Epoch: 5286, Loss: 5.683746337890625
Epoch: 5287, Loss: 5.690024375915527
Epoch: 5288, Loss: 5.684128761291504
Epoch: 5289, Loss: 5.693246841430664
Epoch: 5290, Loss: 5.6883625984191895
Test acc: 0.0347, IC acc: 0.0446, IC acc2: 0.0029, IW acc: 0.0029
Epoch: 5291, Loss: 5.687216758728027
Epoch: 5292, Loss: 5.7097578048706055
Epoch: 5293, Loss: 5.685091495513916
Epoch: 5294, Loss: 5.677616596221924
Epoch: 5295, Loss: 5.681541919708252
Epoch: 5296, Loss: 5.695374965667725
Epoch: 5297, Loss: 5.68760871887207
Epoch: 5298, Loss: 5.67884635925293
Epoch: 5299, Loss: 5.674677848815918
./circuit_plots/Unrestricted Disentangled|Readout|CN=2|B0=0|B1=0|K=1280|L=320|p_B=0.75|p_C=0.75|B=2|eps=0|b4755c15-ae1c-4b25-96c8-f3c68ba4e0ec/ already exists.
./circuit_plots/Unrestricted Disentangled|Readout|CN=2|B0=0|B1=0|K=1280|L=320|p_B=0.75|p_C=0.75|B=2|eps=0|b4755c15-ae1c-4b25-96c8-f3c68ba4e0ec/ already exists.
./circuit_plots/Unrestricted Disentangled|Readout|CN=2|B0=0|B1=0|K=1280|L=320|p_B=0.75|p_C=0.75|B=2|eps=0|b4755c15-ae1c-4b25-96c8-f3c68ba4e0ec/ already exists.
./circuit_plots/Unrestricted Disentangled|Readout|CN=2|B0=0|B1=0|K=1280|L=320|p_B=0.75|p_C=0.75|B=2|eps=0|b4755c15-ae1c-4b25-96c8-f3c68ba4e0ec/ already exists.
./circuit_plots/Unrestricted Disentangled|Readout|CN=2|B0=0|B1=0|K=1280|L=320|p_B=0.75|p_C=0.75|B=2|eps=0|b4755c15-ae1c-4b25-96c8-f3c68ba4e0ec/ already exists.
./circuit_plots/Unrestricted Disentangled|Readout|CN=2|B0=0|B1=0|K=1280|L=320|p_B=0.75|p_C=0.75|B=2|eps=0|b4755c15-ae1c-4b25-96c8-f3c68ba4e0ec/ already exists.
./circuit_plots/Unrestricted Disentangled|Readout|CN=2|B0=0|B1=0|K=1280|L=320|p_B=0.75|p_C=0.75|B=2|eps=0|b4755c15-ae1c-4b25-96c8-f3c68ba4e0ec/ already exists.
Epoch: 5300, Loss: 5.701277732849121
Test acc: 0.0348, IC acc: 0.0444, IC acc2: 0.0028, IW acc: 0.0029
Epoch: 5301, Loss: 5.702045917510986
Epoch: 5302, Loss: 5.688471794128418
Epoch: 5303, Loss: 5.682934761047363
Epoch: 5304, Loss: 5.681854248046875
Epoch: 5305, Loss: 5.6790924072265625
Epoch: 5306, Loss: 5.678429126739502
Epoch: 5307, Loss: 5.681323528289795
Epoch: 5308, Loss: 5.676242828369141
Epoch: 5309, Loss: 5.685370445251465
Epoch: 5310, Loss: 5.66623592376709
Test acc: 0.0353, IC acc: 0.0446, IC acc2: 0.0029, IW acc: 0.0027
Epoch: 5311, Loss: 5.677605628967285
Epoch: 5312, Loss: 5.675905227661133
Epoch: 5313, Loss: 5.686158657073975
Epoch: 5314, Loss: 5.664578914642334
Epoch: 5315, Loss: 5.687680244445801
Epoch: 5316, Loss: 5.685332298278809
Epoch: 5317, Loss: 5.663319110870361
Epoch: 5318, Loss: 5.685641288757324
Epoch: 5319, Loss: 5.694005012512207
Epoch: 5320, Loss: 5.704459190368652
Test acc: 0.0352, IC acc: 0.0448, IC acc2: 0.0029, IW acc: 0.0028
Epoch: 5321, Loss: 5.708775997161865
Epoch: 5322, Loss: 5.686770439147949
Epoch: 5323, Loss: 5.6950273513793945
Epoch: 5324, Loss: 5.680680274963379
Epoch: 5325, Loss: 5.681605339050293
Epoch: 5326, Loss: 5.67770528793335
Epoch: 5327, Loss: 5.676852703094482
Epoch: 5328, Loss: 5.6920061111450195
Epoch: 5329, Loss: 5.683123588562012
Epoch: 5330, Loss: 5.693410873413086
Test acc: 0.0354, IC acc: 0.045, IC acc2: 0.0029, IW acc: 0.0028
Epoch: 5331, Loss: 5.670711517333984
Epoch: 5332, Loss: 5.6865081787109375
Epoch: 5333, Loss: 5.694042205810547
Epoch: 5334, Loss: 5.685342788696289
Epoch: 5335, Loss: 5.7090044021606445
Epoch: 5336, Loss: 5.696845054626465
Epoch: 5337, Loss: 5.681046485900879
Epoch: 5338, Loss: 5.703221321105957
Epoch: 5339, Loss: 5.680629730224609
Epoch: 5340, Loss: 5.681059837341309
Test acc: 0.0356, IC acc: 0.0452, IC acc2: 0.003, IW acc: 0.0029
Epoch: 5341, Loss: 5.691886901855469
Epoch: 5342, Loss: 5.686576843261719
Epoch: 5343, Loss: 5.675894737243652
Epoch: 5344, Loss: 5.687871932983398
Epoch: 5345, Loss: 5.692043304443359
Epoch: 5346, Loss: 5.668694972991943
Epoch: 5347, Loss: 5.6856184005737305
Epoch: 5348, Loss: 5.690771102905273
Epoch: 5349, Loss: 5.692559719085693
./circuit_plots/Unrestricted Disentangled|Readout|CN=2|B0=0|B1=0|K=1280|L=320|p_B=0.75|p_C=0.75|B=2|eps=0|b4755c15-ae1c-4b25-96c8-f3c68ba4e0ec/ already exists.
./circuit_plots/Unrestricted Disentangled|Readout|CN=2|B0=0|B1=0|K=1280|L=320|p_B=0.75|p_C=0.75|B=2|eps=0|b4755c15-ae1c-4b25-96c8-f3c68ba4e0ec/ already exists.
./circuit_plots/Unrestricted Disentangled|Readout|CN=2|B0=0|B1=0|K=1280|L=320|p_B=0.75|p_C=0.75|B=2|eps=0|b4755c15-ae1c-4b25-96c8-f3c68ba4e0ec/ already exists.
./circuit_plots/Unrestricted Disentangled|Readout|CN=2|B0=0|B1=0|K=1280|L=320|p_B=0.75|p_C=0.75|B=2|eps=0|b4755c15-ae1c-4b25-96c8-f3c68ba4e0ec/ already exists.
./circuit_plots/Unrestricted Disentangled|Readout|CN=2|B0=0|B1=0|K=1280|L=320|p_B=0.75|p_C=0.75|B=2|eps=0|b4755c15-ae1c-4b25-96c8-f3c68ba4e0ec/ already exists.
./circuit_plots/Unrestricted Disentangled|Readout|CN=2|B0=0|B1=0|K=1280|L=320|p_B=0.75|p_C=0.75|B=2|eps=0|b4755c15-ae1c-4b25-96c8-f3c68ba4e0ec/ already exists.
./circuit_plots/Unrestricted Disentangled|Readout|CN=2|B0=0|B1=0|K=1280|L=320|p_B=0.75|p_C=0.75|B=2|eps=0|b4755c15-ae1c-4b25-96c8-f3c68ba4e0ec/ already exists.
Epoch: 5350, Loss: 5.682319641113281
Test acc: 0.0356, IC acc: 0.0452, IC acc2: 0.003, IW acc: 0.0029
Epoch: 5351, Loss: 5.669248580932617
Epoch: 5352, Loss: 5.677213191986084
Epoch: 5353, Loss: 5.66097354888916
Epoch: 5354, Loss: 5.671347618103027
Epoch: 5355, Loss: 5.695560455322266
Epoch: 5356, Loss: 5.690471172332764
Epoch: 5357, Loss: 5.680047988891602
Epoch: 5358, Loss: 5.691534996032715
Epoch: 5359, Loss: 5.6668548583984375
Epoch: 5360, Loss: 5.676428318023682
Test acc: 0.0359, IC acc: 0.0453, IC acc2: 0.0031, IW acc: 0.0029
Epoch: 5361, Loss: 5.687708854675293
Epoch: 5362, Loss: 5.678648471832275
Epoch: 5363, Loss: 5.690937519073486
Epoch: 5364, Loss: 5.681638717651367
Epoch: 5365, Loss: 5.683328628540039
Epoch: 5366, Loss: 5.691718101501465
Epoch: 5367, Loss: 5.688226222991943
Epoch: 5368, Loss: 5.688542366027832
Epoch: 5369, Loss: 5.677170276641846
Epoch: 5370, Loss: 5.680826187133789
Test acc: 0.0359, IC acc: 0.0454, IC acc2: 0.0031, IW acc: 0.0029
Epoch: 5371, Loss: 5.682819366455078
Epoch: 5372, Loss: 5.677417755126953
Epoch: 5373, Loss: 5.676545143127441
Epoch: 5374, Loss: 5.695107460021973
Epoch: 5375, Loss: 5.686033725738525
Epoch: 5376, Loss: 5.690296173095703
Epoch: 5377, Loss: 5.677223205566406
Epoch: 5378, Loss: 5.697176456451416
Epoch: 5379, Loss: 5.672624588012695
Epoch: 5380, Loss: 5.695140838623047
Test acc: 0.0359, IC acc: 0.0455, IC acc2: 0.003, IW acc: 0.0029
Epoch: 5381, Loss: 5.675714015960693
Epoch: 5382, Loss: 5.6758317947387695
Epoch: 5383, Loss: 5.6870222091674805
Epoch: 5384, Loss: 5.67669153213501
Epoch: 5385, Loss: 5.694290637969971
Epoch: 5386, Loss: 5.6667704582214355
Epoch: 5387, Loss: 5.679196357727051
Epoch: 5388, Loss: 5.685216426849365
Epoch: 5389, Loss: 5.67704439163208
Epoch: 5390, Loss: 5.67665958404541
Test acc: 0.0358, IC acc: 0.0458, IC acc2: 0.0031, IW acc: 0.0029
Epoch: 5391, Loss: 5.675260066986084
Epoch: 5392, Loss: 5.673480033874512
Epoch: 5393, Loss: 5.672430992126465
Epoch: 5394, Loss: 5.6750030517578125
Epoch: 5395, Loss: 5.697718620300293
Epoch: 5396, Loss: 5.678606033325195
Epoch: 5397, Loss: 5.675774574279785
Epoch: 5398, Loss: 5.683790683746338
Epoch: 5399, Loss: 5.690441131591797
./circuit_plots/Unrestricted Disentangled|Readout|CN=2|B0=0|B1=0|K=1280|L=320|p_B=0.75|p_C=0.75|B=2|eps=0|b4755c15-ae1c-4b25-96c8-f3c68ba4e0ec/ already exists.
./circuit_plots/Unrestricted Disentangled|Readout|CN=2|B0=0|B1=0|K=1280|L=320|p_B=0.75|p_C=0.75|B=2|eps=0|b4755c15-ae1c-4b25-96c8-f3c68ba4e0ec/ already exists.
./circuit_plots/Unrestricted Disentangled|Readout|CN=2|B0=0|B1=0|K=1280|L=320|p_B=0.75|p_C=0.75|B=2|eps=0|b4755c15-ae1c-4b25-96c8-f3c68ba4e0ec/ already exists.
./circuit_plots/Unrestricted Disentangled|Readout|CN=2|B0=0|B1=0|K=1280|L=320|p_B=0.75|p_C=0.75|B=2|eps=0|b4755c15-ae1c-4b25-96c8-f3c68ba4e0ec/ already exists.
./circuit_plots/Unrestricted Disentangled|Readout|CN=2|B0=0|B1=0|K=1280|L=320|p_B=0.75|p_C=0.75|B=2|eps=0|b4755c15-ae1c-4b25-96c8-f3c68ba4e0ec/ already exists.
./circuit_plots/Unrestricted Disentangled|Readout|CN=2|B0=0|B1=0|K=1280|L=320|p_B=0.75|p_C=0.75|B=2|eps=0|b4755c15-ae1c-4b25-96c8-f3c68ba4e0ec/ already exists.
./circuit_plots/Unrestricted Disentangled|Readout|CN=2|B0=0|B1=0|K=1280|L=320|p_B=0.75|p_C=0.75|B=2|eps=0|b4755c15-ae1c-4b25-96c8-f3c68ba4e0ec/ already exists.
Epoch: 5400, Loss: 5.679813385009766
Test acc: 0.036, IC acc: 0.0458, IC acc2: 0.003, IW acc: 0.0029
Epoch: 5401, Loss: 5.684215545654297
Epoch: 5402, Loss: 5.668630599975586
Epoch: 5403, Loss: 5.6935882568359375
Epoch: 5404, Loss: 5.683327674865723
Epoch: 5405, Loss: 5.688813209533691
Epoch: 5406, Loss: 5.690372467041016
Epoch: 5407, Loss: 5.666983604431152
Epoch: 5408, Loss: 5.686094284057617
Epoch: 5409, Loss: 5.694271564483643
Epoch: 5410, Loss: 5.69578742980957
Test acc: 0.036, IC acc: 0.0459, IC acc2: 0.003, IW acc: 0.0029
Epoch: 5411, Loss: 5.68563985824585
Epoch: 5412, Loss: 5.672582626342773
Epoch: 5413, Loss: 5.686731815338135
Epoch: 5414, Loss: 5.68181848526001
Epoch: 5415, Loss: 5.696241855621338
Epoch: 5416, Loss: 5.684329032897949
Epoch: 5417, Loss: 5.68764066696167
Epoch: 5418, Loss: 5.688913345336914
Epoch: 5419, Loss: 5.663442134857178
Epoch: 5420, Loss: 5.676723480224609
Test acc: 0.0364, IC acc: 0.0462, IC acc2: 0.003, IW acc: 0.0029
Epoch: 5421, Loss: 5.685410022735596
Epoch: 5422, Loss: 5.68978214263916
Epoch: 5423, Loss: 5.677824020385742
Epoch: 5424, Loss: 5.678716659545898
Epoch: 5425, Loss: 5.692988395690918
Epoch: 5426, Loss: 5.706143856048584
Epoch: 5427, Loss: 5.678043842315674
Epoch: 5428, Loss: 5.684409141540527
Epoch: 5429, Loss: 5.685173988342285
Epoch: 5430, Loss: 5.665018558502197
Test acc: 0.0363, IC acc: 0.0461, IC acc2: 0.003, IW acc: 0.0029
Epoch: 5431, Loss: 5.6749725341796875
Epoch: 5432, Loss: 5.685122489929199
Epoch: 5433, Loss: 5.676541805267334
Epoch: 5434, Loss: 5.6959357261657715
Epoch: 5435, Loss: 5.688225269317627
Epoch: 5436, Loss: 5.68974494934082
Epoch: 5437, Loss: 5.694812774658203
Epoch: 5438, Loss: 5.691723823547363
Epoch: 5439, Loss: 5.686462879180908
Epoch: 5440, Loss: 5.679953575134277
Test acc: 0.0368, IC acc: 0.0461, IC acc2: 0.0031, IW acc: 0.0029
Epoch: 5441, Loss: 5.6996941566467285
Epoch: 5442, Loss: 5.680962562561035
Epoch: 5443, Loss: 5.675895690917969
Epoch: 5444, Loss: 5.672636032104492
Epoch: 5445, Loss: 5.685423851013184
Epoch: 5446, Loss: 5.678951263427734
Epoch: 5447, Loss: 5.692066192626953
Epoch: 5448, Loss: 5.672779083251953
Epoch: 5449, Loss: 5.666085243225098
./circuit_plots/Unrestricted Disentangled|Readout|CN=2|B0=0|B1=0|K=1280|L=320|p_B=0.75|p_C=0.75|B=2|eps=0|b4755c15-ae1c-4b25-96c8-f3c68ba4e0ec/ already exists.
./circuit_plots/Unrestricted Disentangled|Readout|CN=2|B0=0|B1=0|K=1280|L=320|p_B=0.75|p_C=0.75|B=2|eps=0|b4755c15-ae1c-4b25-96c8-f3c68ba4e0ec/ already exists.
./circuit_plots/Unrestricted Disentangled|Readout|CN=2|B0=0|B1=0|K=1280|L=320|p_B=0.75|p_C=0.75|B=2|eps=0|b4755c15-ae1c-4b25-96c8-f3c68ba4e0ec/ already exists.
./circuit_plots/Unrestricted Disentangled|Readout|CN=2|B0=0|B1=0|K=1280|L=320|p_B=0.75|p_C=0.75|B=2|eps=0|b4755c15-ae1c-4b25-96c8-f3c68ba4e0ec/ already exists.
./circuit_plots/Unrestricted Disentangled|Readout|CN=2|B0=0|B1=0|K=1280|L=320|p_B=0.75|p_C=0.75|B=2|eps=0|b4755c15-ae1c-4b25-96c8-f3c68ba4e0ec/ already exists.
./circuit_plots/Unrestricted Disentangled|Readout|CN=2|B0=0|B1=0|K=1280|L=320|p_B=0.75|p_C=0.75|B=2|eps=0|b4755c15-ae1c-4b25-96c8-f3c68ba4e0ec/ already exists.
./circuit_plots/Unrestricted Disentangled|Readout|CN=2|B0=0|B1=0|K=1280|L=320|p_B=0.75|p_C=0.75|B=2|eps=0|b4755c15-ae1c-4b25-96c8-f3c68ba4e0ec/ already exists.
Epoch: 5450, Loss: 5.686702728271484
Test acc: 0.0369, IC acc: 0.0464, IC acc2: 0.0031, IW acc: 0.0029
Epoch: 5451, Loss: 5.677263259887695
Epoch: 5452, Loss: 5.6911725997924805
Epoch: 5453, Loss: 5.703792095184326
Epoch: 5454, Loss: 5.691049575805664
Epoch: 5455, Loss: 5.684909820556641
Epoch: 5456, Loss: 5.674113750457764
Epoch: 5457, Loss: 5.675752639770508
Epoch: 5458, Loss: 5.691181659698486
Epoch: 5459, Loss: 5.70600700378418
Epoch: 5460, Loss: 5.695269584655762
Test acc: 0.0369, IC acc: 0.0463, IC acc2: 0.0031, IW acc: 0.0029
Epoch: 5461, Loss: 5.68890905380249
Epoch: 5462, Loss: 5.6864519119262695
Epoch: 5463, Loss: 5.674086570739746
Epoch: 5464, Loss: 5.690500259399414
Epoch: 5465, Loss: 5.682668685913086
Epoch: 5466, Loss: 5.673776149749756
Epoch: 5467, Loss: 5.679369926452637
Epoch: 5468, Loss: 5.6939802169799805
Epoch: 5469, Loss: 5.668100357055664
Epoch: 5470, Loss: 5.686120986938477
Test acc: 0.0371, IC acc: 0.0466, IC acc2: 0.0031, IW acc: 0.0029
Epoch: 5471, Loss: 5.676997184753418
Epoch: 5472, Loss: 5.683609485626221
Epoch: 5473, Loss: 5.681116104125977
Epoch: 5474, Loss: 5.687941551208496
Epoch: 5475, Loss: 5.679093360900879
Epoch: 5476, Loss: 5.680253505706787
Epoch: 5477, Loss: 5.704824447631836
Epoch: 5478, Loss: 5.678158760070801
Epoch: 5479, Loss: 5.694451332092285
Epoch: 5480, Loss: 5.670017242431641
Test acc: 0.0372, IC acc: 0.0468, IC acc2: 0.0031, IW acc: 0.0028
Epoch: 5481, Loss: 5.685123443603516
Epoch: 5482, Loss: 5.688974857330322
Epoch: 5483, Loss: 5.6923675537109375
Epoch: 5484, Loss: 5.6834635734558105
Epoch: 5485, Loss: 5.709160327911377
Epoch: 5486, Loss: 5.679047584533691
Epoch: 5487, Loss: 5.697601795196533
Epoch: 5488, Loss: 5.6671671867370605
Epoch: 5489, Loss: 5.684596061706543
Epoch: 5490, Loss: 5.68055534362793
Test acc: 0.0374, IC acc: 0.047, IC acc2: 0.0031, IW acc: 0.0029
Epoch: 5491, Loss: 5.687088966369629
Epoch: 5492, Loss: 5.6925153732299805
Epoch: 5493, Loss: 5.685301780700684
Epoch: 5494, Loss: 5.6948394775390625
Epoch: 5495, Loss: 5.687710285186768
Epoch: 5496, Loss: 5.6683454513549805
Epoch: 5497, Loss: 5.701175689697266
Epoch: 5498, Loss: 5.661402702331543
Epoch: 5499, Loss: 5.679949760437012
./circuit_plots/Unrestricted Disentangled|Readout|CN=2|B0=0|B1=0|K=1280|L=320|p_B=0.75|p_C=0.75|B=2|eps=0|b4755c15-ae1c-4b25-96c8-f3c68ba4e0ec/ already exists.
./circuit_plots/Unrestricted Disentangled|Readout|CN=2|B0=0|B1=0|K=1280|L=320|p_B=0.75|p_C=0.75|B=2|eps=0|b4755c15-ae1c-4b25-96c8-f3c68ba4e0ec/ already exists.
./circuit_plots/Unrestricted Disentangled|Readout|CN=2|B0=0|B1=0|K=1280|L=320|p_B=0.75|p_C=0.75|B=2|eps=0|b4755c15-ae1c-4b25-96c8-f3c68ba4e0ec/ already exists.
./circuit_plots/Unrestricted Disentangled|Readout|CN=2|B0=0|B1=0|K=1280|L=320|p_B=0.75|p_C=0.75|B=2|eps=0|b4755c15-ae1c-4b25-96c8-f3c68ba4e0ec/ already exists.
./circuit_plots/Unrestricted Disentangled|Readout|CN=2|B0=0|B1=0|K=1280|L=320|p_B=0.75|p_C=0.75|B=2|eps=0|b4755c15-ae1c-4b25-96c8-f3c68ba4e0ec/ already exists.
./circuit_plots/Unrestricted Disentangled|Readout|CN=2|B0=0|B1=0|K=1280|L=320|p_B=0.75|p_C=0.75|B=2|eps=0|b4755c15-ae1c-4b25-96c8-f3c68ba4e0ec/ already exists.
./circuit_plots/Unrestricted Disentangled|Readout|CN=2|B0=0|B1=0|K=1280|L=320|p_B=0.75|p_C=0.75|B=2|eps=0|b4755c15-ae1c-4b25-96c8-f3c68ba4e0ec/ already exists.
Epoch: 5500, Loss: 5.693563461303711
Test acc: 0.0375, IC acc: 0.0469, IC acc2: 0.0031, IW acc: 0.0028
Epoch: 5501, Loss: 5.6708478927612305
Epoch: 5502, Loss: 5.672469139099121
Epoch: 5503, Loss: 5.6894989013671875
Epoch: 5504, Loss: 5.6748151779174805
Epoch: 5505, Loss: 5.679176330566406
Epoch: 5506, Loss: 5.679338455200195
Epoch: 5507, Loss: 5.676708221435547
Epoch: 5508, Loss: 5.695791244506836
Epoch: 5509, Loss: 5.663326740264893
Epoch: 5510, Loss: 5.675942420959473
Test acc: 0.0376, IC acc: 0.0472, IC acc2: 0.0031, IW acc: 0.0029
Epoch: 5511, Loss: 5.680323600769043
Epoch: 5512, Loss: 5.681092739105225
Epoch: 5513, Loss: 5.67509651184082
Epoch: 5514, Loss: 5.704505443572998
Epoch: 5515, Loss: 5.679025173187256
Epoch: 5516, Loss: 5.697251319885254
Epoch: 5517, Loss: 5.685433387756348
Epoch: 5518, Loss: 5.687994956970215
Epoch: 5519, Loss: 5.681154251098633
Epoch: 5520, Loss: 5.684303283691406
Test acc: 0.0378, IC acc: 0.0473, IC acc2: 0.0031, IW acc: 0.0029
Epoch: 5521, Loss: 5.680133819580078
Epoch: 5522, Loss: 5.669489860534668
Epoch: 5523, Loss: 5.679581165313721
Epoch: 5524, Loss: 5.678770065307617
Epoch: 5525, Loss: 5.681675434112549
Epoch: 5526, Loss: 5.665916442871094
Epoch: 5527, Loss: 5.696253776550293
Epoch: 5528, Loss: 5.672682762145996
Epoch: 5529, Loss: 5.671812057495117
Epoch: 5530, Loss: 5.688227653503418
Test acc: 0.038, IC acc: 0.0475, IC acc2: 0.0031, IW acc: 0.0029
Epoch: 5531, Loss: 5.6711835861206055
Epoch: 5532, Loss: 5.687719821929932
Epoch: 5533, Loss: 5.6736741065979
Epoch: 5534, Loss: 5.703421592712402
Epoch: 5535, Loss: 5.692849159240723
Epoch: 5536, Loss: 5.6843719482421875
Epoch: 5537, Loss: 5.6957550048828125
Epoch: 5538, Loss: 5.675820827484131
Epoch: 5539, Loss: 5.692790985107422
Epoch: 5540, Loss: 5.659475326538086
Test acc: 0.038, IC acc: 0.0478, IC acc2: 0.0032, IW acc: 0.0029
Epoch: 5541, Loss: 5.686925888061523
Epoch: 5542, Loss: 5.686557292938232
Epoch: 5543, Loss: 5.685944557189941
Epoch: 5544, Loss: 5.674709320068359
Epoch: 5545, Loss: 5.670637130737305
Epoch: 5546, Loss: 5.672003746032715
Epoch: 5547, Loss: 5.661046981811523
Epoch: 5548, Loss: 5.682887077331543
Epoch: 5549, Loss: 5.687950134277344
./circuit_plots/Unrestricted Disentangled|Readout|CN=2|B0=0|B1=0|K=1280|L=320|p_B=0.75|p_C=0.75|B=2|eps=0|b4755c15-ae1c-4b25-96c8-f3c68ba4e0ec/ already exists.
./circuit_plots/Unrestricted Disentangled|Readout|CN=2|B0=0|B1=0|K=1280|L=320|p_B=0.75|p_C=0.75|B=2|eps=0|b4755c15-ae1c-4b25-96c8-f3c68ba4e0ec/ already exists.
./circuit_plots/Unrestricted Disentangled|Readout|CN=2|B0=0|B1=0|K=1280|L=320|p_B=0.75|p_C=0.75|B=2|eps=0|b4755c15-ae1c-4b25-96c8-f3c68ba4e0ec/ already exists.
./circuit_plots/Unrestricted Disentangled|Readout|CN=2|B0=0|B1=0|K=1280|L=320|p_B=0.75|p_C=0.75|B=2|eps=0|b4755c15-ae1c-4b25-96c8-f3c68ba4e0ec/ already exists.
./circuit_plots/Unrestricted Disentangled|Readout|CN=2|B0=0|B1=0|K=1280|L=320|p_B=0.75|p_C=0.75|B=2|eps=0|b4755c15-ae1c-4b25-96c8-f3c68ba4e0ec/ already exists.
./circuit_plots/Unrestricted Disentangled|Readout|CN=2|B0=0|B1=0|K=1280|L=320|p_B=0.75|p_C=0.75|B=2|eps=0|b4755c15-ae1c-4b25-96c8-f3c68ba4e0ec/ already exists.
./circuit_plots/Unrestricted Disentangled|Readout|CN=2|B0=0|B1=0|K=1280|L=320|p_B=0.75|p_C=0.75|B=2|eps=0|b4755c15-ae1c-4b25-96c8-f3c68ba4e0ec/ already exists.
Epoch: 5550, Loss: 5.695888996124268
Test acc: 0.038, IC acc: 0.0478, IC acc2: 0.0031, IW acc: 0.0029
Epoch: 5551, Loss: 5.6933393478393555
Epoch: 5552, Loss: 5.685416221618652
Epoch: 5553, Loss: 5.684078216552734
Epoch: 5554, Loss: 5.677811622619629
Epoch: 5555, Loss: 5.6800665855407715
Epoch: 5556, Loss: 5.676399230957031
Epoch: 5557, Loss: 5.695568084716797
Epoch: 5558, Loss: 5.694075584411621
Epoch: 5559, Loss: 5.683192253112793
Epoch: 5560, Loss: 5.692777633666992
Test acc: 0.0382, IC acc: 0.0481, IC acc2: 0.0031, IW acc: 0.0029
Epoch: 5561, Loss: 5.665360450744629
Epoch: 5562, Loss: 5.684602737426758
Epoch: 5563, Loss: 5.674382209777832
Epoch: 5564, Loss: 5.677013397216797
Epoch: 5565, Loss: 5.698716163635254
Epoch: 5566, Loss: 5.680839538574219
Epoch: 5567, Loss: 5.68489933013916
Epoch: 5568, Loss: 5.697528839111328
Epoch: 5569, Loss: 5.686781883239746
Epoch: 5570, Loss: 5.675375938415527
Test acc: 0.0383, IC acc: 0.0482, IC acc2: 0.0033, IW acc: 0.0029
Epoch: 5571, Loss: 5.670105934143066
Epoch: 5572, Loss: 5.681591987609863
Epoch: 5573, Loss: 5.661707401275635
Epoch: 5574, Loss: 5.6926774978637695
Epoch: 5575, Loss: 5.682991027832031
Epoch: 5576, Loss: 5.675602436065674
Epoch: 5577, Loss: 5.674798965454102
Epoch: 5578, Loss: 5.674567222595215
Epoch: 5579, Loss: 5.688390731811523
Epoch: 5580, Loss: 5.679599761962891
Test acc: 0.0385, IC acc: 0.0487, IC acc2: 0.0034, IW acc: 0.0028
Epoch: 5581, Loss: 5.697487831115723
Epoch: 5582, Loss: 5.681338310241699
Epoch: 5583, Loss: 5.694339275360107
Epoch: 5584, Loss: 5.681650638580322
Epoch: 5585, Loss: 5.680693626403809
Epoch: 5586, Loss: 5.683098793029785
Epoch: 5587, Loss: 5.670287132263184
Epoch: 5588, Loss: 5.671494483947754
Epoch: 5589, Loss: 5.676396369934082
Epoch: 5590, Loss: 5.693459987640381
Test acc: 0.0385, IC acc: 0.0487, IC acc2: 0.0033, IW acc: 0.0028
Epoch: 5591, Loss: 5.6768107414245605
Epoch: 5592, Loss: 5.680473327636719
Epoch: 5593, Loss: 5.698282241821289
Epoch: 5594, Loss: 5.659669399261475
Epoch: 5595, Loss: 5.671443939208984
Epoch: 5596, Loss: 5.679547309875488
Epoch: 5597, Loss: 5.697296142578125
Epoch: 5598, Loss: 5.680964469909668
Epoch: 5599, Loss: 5.6744890213012695
./circuit_plots/Unrestricted Disentangled|Readout|CN=2|B0=0|B1=0|K=1280|L=320|p_B=0.75|p_C=0.75|B=2|eps=0|b4755c15-ae1c-4b25-96c8-f3c68ba4e0ec/ already exists.
./circuit_plots/Unrestricted Disentangled|Readout|CN=2|B0=0|B1=0|K=1280|L=320|p_B=0.75|p_C=0.75|B=2|eps=0|b4755c15-ae1c-4b25-96c8-f3c68ba4e0ec/ already exists.
./circuit_plots/Unrestricted Disentangled|Readout|CN=2|B0=0|B1=0|K=1280|L=320|p_B=0.75|p_C=0.75|B=2|eps=0|b4755c15-ae1c-4b25-96c8-f3c68ba4e0ec/ already exists.
./circuit_plots/Unrestricted Disentangled|Readout|CN=2|B0=0|B1=0|K=1280|L=320|p_B=0.75|p_C=0.75|B=2|eps=0|b4755c15-ae1c-4b25-96c8-f3c68ba4e0ec/ already exists.
./circuit_plots/Unrestricted Disentangled|Readout|CN=2|B0=0|B1=0|K=1280|L=320|p_B=0.75|p_C=0.75|B=2|eps=0|b4755c15-ae1c-4b25-96c8-f3c68ba4e0ec/ already exists.
./circuit_plots/Unrestricted Disentangled|Readout|CN=2|B0=0|B1=0|K=1280|L=320|p_B=0.75|p_C=0.75|B=2|eps=0|b4755c15-ae1c-4b25-96c8-f3c68ba4e0ec/ already exists.
./circuit_plots/Unrestricted Disentangled|Readout|CN=2|B0=0|B1=0|K=1280|L=320|p_B=0.75|p_C=0.75|B=2|eps=0|b4755c15-ae1c-4b25-96c8-f3c68ba4e0ec/ already exists.
Epoch: 5600, Loss: 5.652297019958496
Test acc: 0.0386, IC acc: 0.0488, IC acc2: 0.0034, IW acc: 0.0028
Epoch: 5601, Loss: 5.674749851226807
Epoch: 5602, Loss: 5.688365459442139
Epoch: 5603, Loss: 5.672633647918701
Epoch: 5604, Loss: 5.6740217208862305
Epoch: 5605, Loss: 5.694754123687744
Epoch: 5606, Loss: 5.691388130187988
Epoch: 5607, Loss: 5.688127517700195
Epoch: 5608, Loss: 5.68477201461792
Epoch: 5609, Loss: 5.689734935760498
Epoch: 5610, Loss: 5.678639888763428
Test acc: 0.0388, IC acc: 0.0487, IC acc2: 0.0035, IW acc: 0.0028
Epoch: 5611, Loss: 5.6663103103637695
Epoch: 5612, Loss: 5.686237335205078
Epoch: 5613, Loss: 5.680372714996338
Epoch: 5614, Loss: 5.670557022094727
Epoch: 5615, Loss: 5.685762882232666
Epoch: 5616, Loss: 5.686028480529785
Epoch: 5617, Loss: 5.692462921142578
Epoch: 5618, Loss: 5.680681228637695
Epoch: 5619, Loss: 5.682711601257324
Epoch: 5620, Loss: 5.689998626708984
Test acc: 0.039, IC acc: 0.0488, IC acc2: 0.0035, IW acc: 0.0028
Epoch: 5621, Loss: 5.692279815673828
Epoch: 5622, Loss: 5.689546585083008
Epoch: 5623, Loss: 5.680906295776367
Epoch: 5624, Loss: 5.684081077575684
Epoch: 5625, Loss: 5.687835693359375
Epoch: 5626, Loss: 5.681297302246094
Epoch: 5627, Loss: 5.684404373168945
Epoch: 5628, Loss: 5.695732116699219
Epoch: 5629, Loss: 5.678788185119629
Epoch: 5630, Loss: 5.686085224151611
Test acc: 0.0391, IC acc: 0.0494, IC acc2: 0.0035, IW acc: 0.0028
Epoch: 5631, Loss: 5.697956085205078
Epoch: 5632, Loss: 5.678930282592773
Epoch: 5633, Loss: 5.674365520477295
Epoch: 5634, Loss: 5.673564910888672
Epoch: 5635, Loss: 5.671332359313965
Epoch: 5636, Loss: 5.665488243103027
Epoch: 5637, Loss: 5.6599555015563965
Epoch: 5638, Loss: 5.714442729949951
Epoch: 5639, Loss: 5.687392234802246
Epoch: 5640, Loss: 5.663567066192627
Test acc: 0.0393, IC acc: 0.0494, IC acc2: 0.0035, IW acc: 0.0029
Epoch: 5641, Loss: 5.679586410522461
Epoch: 5642, Loss: 5.675085067749023
Epoch: 5643, Loss: 5.689811706542969
Epoch: 5644, Loss: 5.65946102142334
Epoch: 5645, Loss: 5.6775126457214355
Epoch: 5646, Loss: 5.668231964111328
Epoch: 5647, Loss: 5.6704912185668945
Epoch: 5648, Loss: 5.66489315032959
Epoch: 5649, Loss: 5.682199001312256
./circuit_plots/Unrestricted Disentangled|Readout|CN=2|B0=0|B1=0|K=1280|L=320|p_B=0.75|p_C=0.75|B=2|eps=0|b4755c15-ae1c-4b25-96c8-f3c68ba4e0ec/ already exists.
./circuit_plots/Unrestricted Disentangled|Readout|CN=2|B0=0|B1=0|K=1280|L=320|p_B=0.75|p_C=0.75|B=2|eps=0|b4755c15-ae1c-4b25-96c8-f3c68ba4e0ec/ already exists.
./circuit_plots/Unrestricted Disentangled|Readout|CN=2|B0=0|B1=0|K=1280|L=320|p_B=0.75|p_C=0.75|B=2|eps=0|b4755c15-ae1c-4b25-96c8-f3c68ba4e0ec/ already exists.
./circuit_plots/Unrestricted Disentangled|Readout|CN=2|B0=0|B1=0|K=1280|L=320|p_B=0.75|p_C=0.75|B=2|eps=0|b4755c15-ae1c-4b25-96c8-f3c68ba4e0ec/ already exists.
./circuit_plots/Unrestricted Disentangled|Readout|CN=2|B0=0|B1=0|K=1280|L=320|p_B=0.75|p_C=0.75|B=2|eps=0|b4755c15-ae1c-4b25-96c8-f3c68ba4e0ec/ already exists.
./circuit_plots/Unrestricted Disentangled|Readout|CN=2|B0=0|B1=0|K=1280|L=320|p_B=0.75|p_C=0.75|B=2|eps=0|b4755c15-ae1c-4b25-96c8-f3c68ba4e0ec/ already exists.
./circuit_plots/Unrestricted Disentangled|Readout|CN=2|B0=0|B1=0|K=1280|L=320|p_B=0.75|p_C=0.75|B=2|eps=0|b4755c15-ae1c-4b25-96c8-f3c68ba4e0ec/ already exists.
Epoch: 5650, Loss: 5.696260929107666
Test acc: 0.0392, IC acc: 0.0499, IC acc2: 0.0035, IW acc: 0.003
Epoch: 5651, Loss: 5.703203201293945
Epoch: 5652, Loss: 5.681262493133545
Epoch: 5653, Loss: 5.680302619934082
Epoch: 5654, Loss: 5.681519508361816
Epoch: 5655, Loss: 5.67845344543457
Epoch: 5656, Loss: 5.700166702270508
Epoch: 5657, Loss: 5.678345680236816
Epoch: 5658, Loss: 5.67453670501709
Epoch: 5659, Loss: 5.690422534942627
Epoch: 5660, Loss: 5.672706127166748
Test acc: 0.0394, IC acc: 0.0503, IC acc2: 0.0035, IW acc: 0.003
Epoch: 5661, Loss: 5.665005683898926
Epoch: 5662, Loss: 5.691584587097168
Epoch: 5663, Loss: 5.678712844848633
Epoch: 5664, Loss: 5.696829319000244
Epoch: 5665, Loss: 5.665223121643066
Epoch: 5666, Loss: 5.6834259033203125
Epoch: 5667, Loss: 5.673396110534668
Epoch: 5668, Loss: 5.687427520751953
Epoch: 5669, Loss: 5.6723833084106445
Epoch: 5670, Loss: 5.672868728637695
Test acc: 0.0396, IC acc: 0.0503, IC acc2: 0.0035, IW acc: 0.003
Epoch: 5671, Loss: 5.690962791442871
Epoch: 5672, Loss: 5.676538944244385
Epoch: 5673, Loss: 5.677511215209961
Epoch: 5674, Loss: 5.672883987426758
Epoch: 5675, Loss: 5.662166118621826
Epoch: 5676, Loss: 5.672517776489258
Epoch: 5677, Loss: 5.676935195922852
Epoch: 5678, Loss: 5.679102897644043
Epoch: 5679, Loss: 5.675300598144531
Epoch: 5680, Loss: 5.660854339599609
Test acc: 0.0396, IC acc: 0.0504, IC acc2: 0.0035, IW acc: 0.003
Epoch: 5681, Loss: 5.669843673706055
Epoch: 5682, Loss: 5.695850849151611
Epoch: 5683, Loss: 5.66444206237793
Epoch: 5684, Loss: 5.68135929107666
Epoch: 5685, Loss: 5.677212715148926
Epoch: 5686, Loss: 5.671303749084473
Epoch: 5687, Loss: 5.682058334350586
Epoch: 5688, Loss: 5.692343711853027
Epoch: 5689, Loss: 5.680594444274902
Epoch: 5690, Loss: 5.691652297973633
Test acc: 0.0398, IC acc: 0.0504, IC acc2: 0.0035, IW acc: 0.0029
Epoch: 5691, Loss: 5.665727615356445
Epoch: 5692, Loss: 5.677926540374756
Epoch: 5693, Loss: 5.679208755493164
Epoch: 5694, Loss: 5.697922229766846
Epoch: 5695, Loss: 5.6603851318359375
Epoch: 5696, Loss: 5.68394660949707
Epoch: 5697, Loss: 5.677342414855957
Epoch: 5698, Loss: 5.677757740020752
Epoch: 5699, Loss: 5.6827592849731445
./circuit_plots/Unrestricted Disentangled|Readout|CN=2|B0=0|B1=0|K=1280|L=320|p_B=0.75|p_C=0.75|B=2|eps=0|b4755c15-ae1c-4b25-96c8-f3c68ba4e0ec/ already exists.
./circuit_plots/Unrestricted Disentangled|Readout|CN=2|B0=0|B1=0|K=1280|L=320|p_B=0.75|p_C=0.75|B=2|eps=0|b4755c15-ae1c-4b25-96c8-f3c68ba4e0ec/ already exists.
./circuit_plots/Unrestricted Disentangled|Readout|CN=2|B0=0|B1=0|K=1280|L=320|p_B=0.75|p_C=0.75|B=2|eps=0|b4755c15-ae1c-4b25-96c8-f3c68ba4e0ec/ already exists.
./circuit_plots/Unrestricted Disentangled|Readout|CN=2|B0=0|B1=0|K=1280|L=320|p_B=0.75|p_C=0.75|B=2|eps=0|b4755c15-ae1c-4b25-96c8-f3c68ba4e0ec/ already exists.
./circuit_plots/Unrestricted Disentangled|Readout|CN=2|B0=0|B1=0|K=1280|L=320|p_B=0.75|p_C=0.75|B=2|eps=0|b4755c15-ae1c-4b25-96c8-f3c68ba4e0ec/ already exists.
./circuit_plots/Unrestricted Disentangled|Readout|CN=2|B0=0|B1=0|K=1280|L=320|p_B=0.75|p_C=0.75|B=2|eps=0|b4755c15-ae1c-4b25-96c8-f3c68ba4e0ec/ already exists.
./circuit_plots/Unrestricted Disentangled|Readout|CN=2|B0=0|B1=0|K=1280|L=320|p_B=0.75|p_C=0.75|B=2|eps=0|b4755c15-ae1c-4b25-96c8-f3c68ba4e0ec/ already exists.
Epoch: 5700, Loss: 5.685514450073242
Test acc: 0.0397, IC acc: 0.0506, IC acc2: 0.0035, IW acc: 0.0029
Epoch: 5701, Loss: 5.695594787597656
Epoch: 5702, Loss: 5.680837631225586
Epoch: 5703, Loss: 5.670949459075928
Epoch: 5704, Loss: 5.6749773025512695
Epoch: 5705, Loss: 5.677816390991211
Epoch: 5706, Loss: 5.688721179962158
Epoch: 5707, Loss: 5.665953636169434
Epoch: 5708, Loss: 5.682804107666016
Epoch: 5709, Loss: 5.692221164703369
Epoch: 5710, Loss: 5.672852993011475
Test acc: 0.0399, IC acc: 0.0509, IC acc2: 0.0035, IW acc: 0.0029
Epoch: 5711, Loss: 5.67885684967041
Epoch: 5712, Loss: 5.674306869506836
Epoch: 5713, Loss: 5.683126449584961
Epoch: 5714, Loss: 5.670444488525391
Epoch: 5715, Loss: 5.677788257598877
Epoch: 5716, Loss: 5.672957420349121
Epoch: 5717, Loss: 5.681863307952881
Epoch: 5718, Loss: 5.665250778198242
Epoch: 5719, Loss: 5.664707183837891
Epoch: 5720, Loss: 5.670530319213867
Test acc: 0.0399, IC acc: 0.0509, IC acc2: 0.0035, IW acc: 0.003
Epoch: 5721, Loss: 5.697024345397949
Epoch: 5722, Loss: 5.682162284851074
Epoch: 5723, Loss: 5.689919471740723
Epoch: 5724, Loss: 5.680082321166992
Epoch: 5725, Loss: 5.671913146972656
Epoch: 5726, Loss: 5.692445755004883
Epoch: 5727, Loss: 5.656245231628418
Epoch: 5728, Loss: 5.657008171081543
Epoch: 5729, Loss: 5.686425685882568
Epoch: 5730, Loss: 5.680270671844482
Test acc: 0.0401, IC acc: 0.0508, IC acc2: 0.0035, IW acc: 0.003
Epoch: 5731, Loss: 5.6801581382751465
Epoch: 5732, Loss: 5.6850690841674805
Epoch: 5733, Loss: 5.678813457489014
Epoch: 5734, Loss: 5.7018046379089355
Epoch: 5735, Loss: 5.6739277839660645
Epoch: 5736, Loss: 5.682522296905518
Epoch: 5737, Loss: 5.671110153198242
Epoch: 5738, Loss: 5.661614894866943
Epoch: 5739, Loss: 5.670971393585205
Epoch: 5740, Loss: 5.674324989318848
Test acc: 0.0401, IC acc: 0.0512, IC acc2: 0.0035, IW acc: 0.003
Epoch: 5741, Loss: 5.657526969909668
Epoch: 5742, Loss: 5.672259330749512
Epoch: 5743, Loss: 5.666513442993164
Epoch: 5744, Loss: 5.692917823791504
Epoch: 5745, Loss: 5.68424129486084
Epoch: 5746, Loss: 5.687211990356445
Epoch: 5747, Loss: 5.6652069091796875
Epoch: 5748, Loss: 5.66048526763916
Epoch: 5749, Loss: 5.671719551086426
./circuit_plots/Unrestricted Disentangled|Readout|CN=2|B0=0|B1=0|K=1280|L=320|p_B=0.75|p_C=0.75|B=2|eps=0|b4755c15-ae1c-4b25-96c8-f3c68ba4e0ec/ already exists.
./circuit_plots/Unrestricted Disentangled|Readout|CN=2|B0=0|B1=0|K=1280|L=320|p_B=0.75|p_C=0.75|B=2|eps=0|b4755c15-ae1c-4b25-96c8-f3c68ba4e0ec/ already exists.
./circuit_plots/Unrestricted Disentangled|Readout|CN=2|B0=0|B1=0|K=1280|L=320|p_B=0.75|p_C=0.75|B=2|eps=0|b4755c15-ae1c-4b25-96c8-f3c68ba4e0ec/ already exists.
./circuit_plots/Unrestricted Disentangled|Readout|CN=2|B0=0|B1=0|K=1280|L=320|p_B=0.75|p_C=0.75|B=2|eps=0|b4755c15-ae1c-4b25-96c8-f3c68ba4e0ec/ already exists.
./circuit_plots/Unrestricted Disentangled|Readout|CN=2|B0=0|B1=0|K=1280|L=320|p_B=0.75|p_C=0.75|B=2|eps=0|b4755c15-ae1c-4b25-96c8-f3c68ba4e0ec/ already exists.
./circuit_plots/Unrestricted Disentangled|Readout|CN=2|B0=0|B1=0|K=1280|L=320|p_B=0.75|p_C=0.75|B=2|eps=0|b4755c15-ae1c-4b25-96c8-f3c68ba4e0ec/ already exists.
./circuit_plots/Unrestricted Disentangled|Readout|CN=2|B0=0|B1=0|K=1280|L=320|p_B=0.75|p_C=0.75|B=2|eps=0|b4755c15-ae1c-4b25-96c8-f3c68ba4e0ec/ already exists.
Epoch: 5750, Loss: 5.683989524841309
Test acc: 0.0402, IC acc: 0.0515, IC acc2: 0.0035, IW acc: 0.003
Epoch: 5751, Loss: 5.679991722106934
Epoch: 5752, Loss: 5.67647647857666
Epoch: 5753, Loss: 5.698041915893555
Epoch: 5754, Loss: 5.67671012878418
Epoch: 5755, Loss: 5.6849565505981445
Epoch: 5756, Loss: 5.687384605407715
Epoch: 5757, Loss: 5.675363540649414
Epoch: 5758, Loss: 5.685648441314697
Epoch: 5759, Loss: 5.666184902191162
Epoch: 5760, Loss: 5.6910786628723145
Test acc: 0.0404, IC acc: 0.0521, IC acc2: 0.0035, IW acc: 0.0029
Epoch: 5761, Loss: 5.668001174926758
Epoch: 5762, Loss: 5.675081253051758
Epoch: 5763, Loss: 5.669028282165527
Epoch: 5764, Loss: 5.667469024658203
Epoch: 5765, Loss: 5.678326606750488
Epoch: 5766, Loss: 5.67704963684082
Epoch: 5767, Loss: 5.680601119995117
Epoch: 5768, Loss: 5.678442001342773
Epoch: 5769, Loss: 5.676888942718506
Epoch: 5770, Loss: 5.681666851043701
Test acc: 0.0407, IC acc: 0.0523, IC acc2: 0.0035, IW acc: 0.0029
Epoch: 5771, Loss: 5.686585426330566
Epoch: 5772, Loss: 5.677419185638428
Epoch: 5773, Loss: 5.6820292472839355
Epoch: 5774, Loss: 5.695855617523193
Epoch: 5775, Loss: 5.6725077629089355
Epoch: 5776, Loss: 5.670950889587402
Epoch: 5777, Loss: 5.7065582275390625
Epoch: 5778, Loss: 5.686268329620361
Epoch: 5779, Loss: 5.6736040115356445
Epoch: 5780, Loss: 5.681334018707275
Test acc: 0.041, IC acc: 0.0524, IC acc2: 0.0035, IW acc: 0.0029
Epoch: 5781, Loss: 5.684490203857422
Epoch: 5782, Loss: 5.680294990539551
Epoch: 5783, Loss: 5.6688232421875
Epoch: 5784, Loss: 5.685827255249023
Epoch: 5785, Loss: 5.6753058433532715
Epoch: 5786, Loss: 5.669253349304199
Epoch: 5787, Loss: 5.694313049316406
Epoch: 5788, Loss: 5.679953575134277
Epoch: 5789, Loss: 5.688620567321777
Epoch: 5790, Loss: 5.689305305480957
Test acc: 0.0408, IC acc: 0.0523, IC acc2: 0.0035, IW acc: 0.0029
Epoch: 5791, Loss: 5.694815635681152
Epoch: 5792, Loss: 5.676627159118652
Epoch: 5793, Loss: 5.671651840209961
Epoch: 5794, Loss: 5.681503772735596
Epoch: 5795, Loss: 5.670969009399414
Epoch: 5796, Loss: 5.661070823669434
Epoch: 5797, Loss: 5.66312837600708
Epoch: 5798, Loss: 5.677577018737793
Epoch: 5799, Loss: 5.662161350250244
./circuit_plots/Unrestricted Disentangled|Readout|CN=2|B0=0|B1=0|K=1280|L=320|p_B=0.75|p_C=0.75|B=2|eps=0|b4755c15-ae1c-4b25-96c8-f3c68ba4e0ec/ already exists.
./circuit_plots/Unrestricted Disentangled|Readout|CN=2|B0=0|B1=0|K=1280|L=320|p_B=0.75|p_C=0.75|B=2|eps=0|b4755c15-ae1c-4b25-96c8-f3c68ba4e0ec/ already exists.
./circuit_plots/Unrestricted Disentangled|Readout|CN=2|B0=0|B1=0|K=1280|L=320|p_B=0.75|p_C=0.75|B=2|eps=0|b4755c15-ae1c-4b25-96c8-f3c68ba4e0ec/ already exists.
./circuit_plots/Unrestricted Disentangled|Readout|CN=2|B0=0|B1=0|K=1280|L=320|p_B=0.75|p_C=0.75|B=2|eps=0|b4755c15-ae1c-4b25-96c8-f3c68ba4e0ec/ already exists.
./circuit_plots/Unrestricted Disentangled|Readout|CN=2|B0=0|B1=0|K=1280|L=320|p_B=0.75|p_C=0.75|B=2|eps=0|b4755c15-ae1c-4b25-96c8-f3c68ba4e0ec/ already exists.
./circuit_plots/Unrestricted Disentangled|Readout|CN=2|B0=0|B1=0|K=1280|L=320|p_B=0.75|p_C=0.75|B=2|eps=0|b4755c15-ae1c-4b25-96c8-f3c68ba4e0ec/ already exists.
./circuit_plots/Unrestricted Disentangled|Readout|CN=2|B0=0|B1=0|K=1280|L=320|p_B=0.75|p_C=0.75|B=2|eps=0|b4755c15-ae1c-4b25-96c8-f3c68ba4e0ec/ already exists.
Epoch: 5800, Loss: 5.686771392822266
Test acc: 0.0409, IC acc: 0.0525, IC acc2: 0.0035, IW acc: 0.0028
Epoch: 5801, Loss: 5.662088394165039
Epoch: 5802, Loss: 5.6760759353637695
Epoch: 5803, Loss: 5.660247325897217
Epoch: 5804, Loss: 5.65875244140625
Epoch: 5805, Loss: 5.67683219909668
Epoch: 5806, Loss: 5.685878753662109
Epoch: 5807, Loss: 5.675388336181641
Epoch: 5808, Loss: 5.6724114418029785
Epoch: 5809, Loss: 5.673330307006836
Epoch: 5810, Loss: 5.683884620666504
Test acc: 0.0407, IC acc: 0.0526, IC acc2: 0.0036, IW acc: 0.0028
Epoch: 5811, Loss: 5.6520915031433105
Epoch: 5812, Loss: 5.682835102081299
Epoch: 5813, Loss: 5.681049346923828
Epoch: 5814, Loss: 5.696623802185059
Epoch: 5815, Loss: 5.669782638549805
Epoch: 5816, Loss: 5.672245025634766
Epoch: 5817, Loss: 5.677345275878906
Epoch: 5818, Loss: 5.675527572631836
Epoch: 5819, Loss: 5.671828269958496
Epoch: 5820, Loss: 5.671247959136963
Test acc: 0.0412, IC acc: 0.053, IC acc2: 0.0036, IW acc: 0.0028
Epoch: 5821, Loss: 5.681169509887695
Epoch: 5822, Loss: 5.668129920959473
Epoch: 5823, Loss: 5.6829352378845215
Epoch: 5824, Loss: 5.679071426391602
Epoch: 5825, Loss: 5.688938140869141
Epoch: 5826, Loss: 5.68583345413208
Epoch: 5827, Loss: 5.663824081420898
Epoch: 5828, Loss: 5.667147636413574
Epoch: 5829, Loss: 5.693426132202148
Epoch: 5830, Loss: 5.677215576171875
Test acc: 0.0415, IC acc: 0.0529, IC acc2: 0.0036, IW acc: 0.0029
Epoch: 5831, Loss: 5.676962375640869
Epoch: 5832, Loss: 5.666735649108887
Epoch: 5833, Loss: 5.675353050231934
Epoch: 5834, Loss: 5.700706481933594
Epoch: 5835, Loss: 5.670010566711426
Epoch: 5836, Loss: 5.678591251373291
Epoch: 5837, Loss: 5.689660549163818
Epoch: 5838, Loss: 5.690906524658203
Epoch: 5839, Loss: 5.672973155975342
Epoch: 5840, Loss: 5.677515506744385
Test acc: 0.0417, IC acc: 0.053, IC acc2: 0.0035, IW acc: 0.0029
Epoch: 5841, Loss: 5.679549217224121
Epoch: 5842, Loss: 5.678022861480713
Epoch: 5843, Loss: 5.691442012786865
Epoch: 5844, Loss: 5.6877217292785645
Epoch: 5845, Loss: 5.665933609008789
Epoch: 5846, Loss: 5.6652021408081055
Epoch: 5847, Loss: 5.697721481323242
Epoch: 5848, Loss: 5.670913219451904
Epoch: 5849, Loss: 5.678595542907715
./circuit_plots/Unrestricted Disentangled|Readout|CN=2|B0=0|B1=0|K=1280|L=320|p_B=0.75|p_C=0.75|B=2|eps=0|b4755c15-ae1c-4b25-96c8-f3c68ba4e0ec/ already exists.
./circuit_plots/Unrestricted Disentangled|Readout|CN=2|B0=0|B1=0|K=1280|L=320|p_B=0.75|p_C=0.75|B=2|eps=0|b4755c15-ae1c-4b25-96c8-f3c68ba4e0ec/ already exists.
./circuit_plots/Unrestricted Disentangled|Readout|CN=2|B0=0|B1=0|K=1280|L=320|p_B=0.75|p_C=0.75|B=2|eps=0|b4755c15-ae1c-4b25-96c8-f3c68ba4e0ec/ already exists.
./circuit_plots/Unrestricted Disentangled|Readout|CN=2|B0=0|B1=0|K=1280|L=320|p_B=0.75|p_C=0.75|B=2|eps=0|b4755c15-ae1c-4b25-96c8-f3c68ba4e0ec/ already exists.
./circuit_plots/Unrestricted Disentangled|Readout|CN=2|B0=0|B1=0|K=1280|L=320|p_B=0.75|p_C=0.75|B=2|eps=0|b4755c15-ae1c-4b25-96c8-f3c68ba4e0ec/ already exists.
./circuit_plots/Unrestricted Disentangled|Readout|CN=2|B0=0|B1=0|K=1280|L=320|p_B=0.75|p_C=0.75|B=2|eps=0|b4755c15-ae1c-4b25-96c8-f3c68ba4e0ec/ already exists.
./circuit_plots/Unrestricted Disentangled|Readout|CN=2|B0=0|B1=0|K=1280|L=320|p_B=0.75|p_C=0.75|B=2|eps=0|b4755c15-ae1c-4b25-96c8-f3c68ba4e0ec/ already exists.
Epoch: 5850, Loss: 5.689992904663086
Test acc: 0.0423, IC acc: 0.0534, IC acc2: 0.0035, IW acc: 0.0029
Epoch: 5851, Loss: 5.681982040405273
Epoch: 5852, Loss: 5.692203044891357
Epoch: 5853, Loss: 5.667075157165527
Epoch: 5854, Loss: 5.655753135681152
Epoch: 5855, Loss: 5.679209232330322
Epoch: 5856, Loss: 5.697603225708008
Epoch: 5857, Loss: 5.6665120124816895
Epoch: 5858, Loss: 5.655462265014648
Epoch: 5859, Loss: 5.673557281494141
Epoch: 5860, Loss: 5.666451454162598
Test acc: 0.0422, IC acc: 0.0535, IC acc2: 0.0035, IW acc: 0.0029
Epoch: 5861, Loss: 5.690042018890381
Epoch: 5862, Loss: 5.680430889129639
Epoch: 5863, Loss: 5.687465667724609
Epoch: 5864, Loss: 5.68183708190918
Epoch: 5865, Loss: 5.675269603729248
Epoch: 5866, Loss: 5.679192066192627
Epoch: 5867, Loss: 5.684903621673584
Epoch: 5868, Loss: 5.657898426055908
Epoch: 5869, Loss: 5.676220893859863
Epoch: 5870, Loss: 5.669158458709717
Test acc: 0.0421, IC acc: 0.0532, IC acc2: 0.0036, IW acc: 0.0029
Epoch: 5871, Loss: 5.676238536834717
Epoch: 5872, Loss: 5.687106132507324
Epoch: 5873, Loss: 5.678479194641113
Epoch: 5874, Loss: 5.682149410247803
Epoch: 5875, Loss: 5.665132522583008
Epoch: 5876, Loss: 5.674576282501221
Epoch: 5877, Loss: 5.655172348022461
Epoch: 5878, Loss: 5.685790538787842
Epoch: 5879, Loss: 5.66533088684082
Epoch: 5880, Loss: 5.678930282592773
Test acc: 0.0424, IC acc: 0.0539, IC acc2: 0.0035, IW acc: 0.0028
Epoch: 5881, Loss: 5.686485290527344
Epoch: 5882, Loss: 5.687502861022949
Epoch: 5883, Loss: 5.674212455749512
Epoch: 5884, Loss: 5.657329559326172
Epoch: 5885, Loss: 5.680734634399414
Epoch: 5886, Loss: 5.673757553100586
Epoch: 5887, Loss: 5.6857709884643555
Epoch: 5888, Loss: 5.674551486968994
Epoch: 5889, Loss: 5.6727294921875
Epoch: 5890, Loss: 5.670418739318848
Test acc: 0.0423, IC acc: 0.0543, IC acc2: 0.0036, IW acc: 0.0027
Epoch: 5891, Loss: 5.658591270446777
Epoch: 5892, Loss: 5.669955253601074
Epoch: 5893, Loss: 5.671840667724609
Epoch: 5894, Loss: 5.687791347503662
Epoch: 5895, Loss: 5.68170166015625
Epoch: 5896, Loss: 5.680444717407227
Epoch: 5897, Loss: 5.693566799163818
Epoch: 5898, Loss: 5.679039478302002
Epoch: 5899, Loss: 5.672089576721191
./circuit_plots/Unrestricted Disentangled|Readout|CN=2|B0=0|B1=0|K=1280|L=320|p_B=0.75|p_C=0.75|B=2|eps=0|b4755c15-ae1c-4b25-96c8-f3c68ba4e0ec/ already exists.
./circuit_plots/Unrestricted Disentangled|Readout|CN=2|B0=0|B1=0|K=1280|L=320|p_B=0.75|p_C=0.75|B=2|eps=0|b4755c15-ae1c-4b25-96c8-f3c68ba4e0ec/ already exists.
./circuit_plots/Unrestricted Disentangled|Readout|CN=2|B0=0|B1=0|K=1280|L=320|p_B=0.75|p_C=0.75|B=2|eps=0|b4755c15-ae1c-4b25-96c8-f3c68ba4e0ec/ already exists.
./circuit_plots/Unrestricted Disentangled|Readout|CN=2|B0=0|B1=0|K=1280|L=320|p_B=0.75|p_C=0.75|B=2|eps=0|b4755c15-ae1c-4b25-96c8-f3c68ba4e0ec/ already exists.
./circuit_plots/Unrestricted Disentangled|Readout|CN=2|B0=0|B1=0|K=1280|L=320|p_B=0.75|p_C=0.75|B=2|eps=0|b4755c15-ae1c-4b25-96c8-f3c68ba4e0ec/ already exists.
./circuit_plots/Unrestricted Disentangled|Readout|CN=2|B0=0|B1=0|K=1280|L=320|p_B=0.75|p_C=0.75|B=2|eps=0|b4755c15-ae1c-4b25-96c8-f3c68ba4e0ec/ already exists.
./circuit_plots/Unrestricted Disentangled|Readout|CN=2|B0=0|B1=0|K=1280|L=320|p_B=0.75|p_C=0.75|B=2|eps=0|b4755c15-ae1c-4b25-96c8-f3c68ba4e0ec/ already exists.
Epoch: 5900, Loss: 5.6750688552856445
Test acc: 0.0421, IC acc: 0.0546, IC acc2: 0.0036, IW acc: 0.0027
Epoch: 5901, Loss: 5.679880619049072
Epoch: 5902, Loss: 5.690028190612793
Epoch: 5903, Loss: 5.669551372528076
Epoch: 5904, Loss: 5.674196243286133
Epoch: 5905, Loss: 5.6609787940979
Epoch: 5906, Loss: 5.684508323669434
Epoch: 5907, Loss: 5.659090042114258
Epoch: 5908, Loss: 5.6696929931640625
Epoch: 5909, Loss: 5.671064853668213
Epoch: 5910, Loss: 5.664452075958252
Test acc: 0.0424, IC acc: 0.0545, IC acc2: 0.0034, IW acc: 0.0028
Epoch: 5911, Loss: 5.662278652191162
Epoch: 5912, Loss: 5.696216583251953
Epoch: 5913, Loss: 5.675520896911621
Epoch: 5914, Loss: 5.669330596923828
Epoch: 5915, Loss: 5.662452697753906
Epoch: 5916, Loss: 5.666077613830566
Epoch: 5917, Loss: 5.673312187194824
Epoch: 5918, Loss: 5.665022850036621
Epoch: 5919, Loss: 5.674556255340576
Epoch: 5920, Loss: 5.666730880737305
Test acc: 0.0427, IC acc: 0.0551, IC acc2: 0.0034, IW acc: 0.0028
Epoch: 5921, Loss: 5.6805009841918945
Epoch: 5922, Loss: 5.6806416511535645
Epoch: 5923, Loss: 5.676028251647949
Epoch: 5924, Loss: 5.673068523406982
Epoch: 5925, Loss: 5.679598808288574
Epoch: 5926, Loss: 5.6679534912109375
Epoch: 5927, Loss: 5.683801651000977
Epoch: 5928, Loss: 5.676900863647461
Epoch: 5929, Loss: 5.6743974685668945
Epoch: 5930, Loss: 5.679712772369385
Test acc: 0.0428, IC acc: 0.0552, IC acc2: 0.0035, IW acc: 0.0028
Epoch: 5931, Loss: 5.677707672119141
Epoch: 5932, Loss: 5.685246467590332
Epoch: 5933, Loss: 5.674786567687988
Epoch: 5934, Loss: 5.693012237548828
Epoch: 5935, Loss: 5.663747310638428
Epoch: 5936, Loss: 5.674375534057617
Epoch: 5937, Loss: 5.696528434753418
Epoch: 5938, Loss: 5.681644439697266
Epoch: 5939, Loss: 5.6930928230285645
Epoch: 5940, Loss: 5.695119857788086
Test acc: 0.0428, IC acc: 0.0551, IC acc2: 0.0036, IW acc: 0.0028
Epoch: 5941, Loss: 5.670630931854248
Epoch: 5942, Loss: 5.678816795349121
Epoch: 5943, Loss: 5.670239448547363
Epoch: 5944, Loss: 5.671647071838379
Epoch: 5945, Loss: 5.677916049957275
Epoch: 5946, Loss: 5.671289920806885
Epoch: 5947, Loss: 5.690162181854248
Epoch: 5948, Loss: 5.668412685394287
Epoch: 5949, Loss: 5.680497169494629
./circuit_plots/Unrestricted Disentangled|Readout|CN=2|B0=0|B1=0|K=1280|L=320|p_B=0.75|p_C=0.75|B=2|eps=0|b4755c15-ae1c-4b25-96c8-f3c68ba4e0ec/ already exists.
./circuit_plots/Unrestricted Disentangled|Readout|CN=2|B0=0|B1=0|K=1280|L=320|p_B=0.75|p_C=0.75|B=2|eps=0|b4755c15-ae1c-4b25-96c8-f3c68ba4e0ec/ already exists.
./circuit_plots/Unrestricted Disentangled|Readout|CN=2|B0=0|B1=0|K=1280|L=320|p_B=0.75|p_C=0.75|B=2|eps=0|b4755c15-ae1c-4b25-96c8-f3c68ba4e0ec/ already exists.
./circuit_plots/Unrestricted Disentangled|Readout|CN=2|B0=0|B1=0|K=1280|L=320|p_B=0.75|p_C=0.75|B=2|eps=0|b4755c15-ae1c-4b25-96c8-f3c68ba4e0ec/ already exists.
./circuit_plots/Unrestricted Disentangled|Readout|CN=2|B0=0|B1=0|K=1280|L=320|p_B=0.75|p_C=0.75|B=2|eps=0|b4755c15-ae1c-4b25-96c8-f3c68ba4e0ec/ already exists.
./circuit_plots/Unrestricted Disentangled|Readout|CN=2|B0=0|B1=0|K=1280|L=320|p_B=0.75|p_C=0.75|B=2|eps=0|b4755c15-ae1c-4b25-96c8-f3c68ba4e0ec/ already exists.
./circuit_plots/Unrestricted Disentangled|Readout|CN=2|B0=0|B1=0|K=1280|L=320|p_B=0.75|p_C=0.75|B=2|eps=0|b4755c15-ae1c-4b25-96c8-f3c68ba4e0ec/ already exists.
Epoch: 5950, Loss: 5.676444053649902
Test acc: 0.043, IC acc: 0.0552, IC acc2: 0.0036, IW acc: 0.0028
Epoch: 5951, Loss: 5.6744585037231445
Epoch: 5952, Loss: 5.663082599639893
Epoch: 5953, Loss: 5.682924270629883
Epoch: 5954, Loss: 5.680880546569824
Epoch: 5955, Loss: 5.662496566772461
Epoch: 5956, Loss: 5.67573881149292
Epoch: 5957, Loss: 5.6856842041015625
Epoch: 5958, Loss: 5.681957721710205
Epoch: 5959, Loss: 5.693043231964111
Epoch: 5960, Loss: 5.67463493347168
Test acc: 0.0434, IC acc: 0.0553, IC acc2: 0.0035, IW acc: 0.0027
Epoch: 5961, Loss: 5.658017158508301
Epoch: 5962, Loss: 5.665329933166504
Epoch: 5963, Loss: 5.679361820220947
Epoch: 5964, Loss: 5.669867515563965
Epoch: 5965, Loss: 5.667879104614258
Epoch: 5966, Loss: 5.678343296051025
Epoch: 5967, Loss: 5.683618545532227
Epoch: 5968, Loss: 5.675074577331543
Epoch: 5969, Loss: 5.664837837219238
Epoch: 5970, Loss: 5.6574201583862305
Test acc: 0.0433, IC acc: 0.0557, IC acc2: 0.0035, IW acc: 0.0027
Epoch: 5971, Loss: 5.692107200622559
Epoch: 5972, Loss: 5.67871618270874
Epoch: 5973, Loss: 5.672532081604004
Epoch: 5974, Loss: 5.6557512283325195
Epoch: 5975, Loss: 5.677265167236328
Epoch: 5976, Loss: 5.682050704956055
Epoch: 5977, Loss: 5.67587947845459
Epoch: 5978, Loss: 5.6867146492004395
Epoch: 5979, Loss: 5.667430877685547
Epoch: 5980, Loss: 5.6807403564453125
Test acc: 0.0434, IC acc: 0.0556, IC acc2: 0.0034, IW acc: 0.0028
Epoch: 5981, Loss: 5.685471534729004
Epoch: 5982, Loss: 5.668553829193115
Epoch: 5983, Loss: 5.675779819488525
Epoch: 5984, Loss: 5.688102722167969
Epoch: 5985, Loss: 5.690995693206787
Epoch: 5986, Loss: 5.680383682250977
Epoch: 5987, Loss: 5.658517837524414
Epoch: 5988, Loss: 5.658573150634766
Epoch: 5989, Loss: 5.665046691894531
Epoch: 5990, Loss: 5.668212890625
Test acc: 0.0437, IC acc: 0.0557, IC acc2: 0.0034, IW acc: 0.0027
Epoch: 5991, Loss: 5.673016548156738
Epoch: 5992, Loss: 5.675445079803467
Epoch: 5993, Loss: 5.6739654541015625
Epoch: 5994, Loss: 5.663798809051514
Epoch: 5995, Loss: 5.677036285400391
Epoch: 5996, Loss: 5.706040382385254
Epoch: 5997, Loss: 5.668102741241455
Epoch: 5998, Loss: 5.67411470413208
Epoch: 5999, Loss: 5.674050331115723
./circuit_plots/Unrestricted Disentangled|Readout|CN=2|B0=0|B1=0|K=1280|L=320|p_B=0.75|p_C=0.75|B=2|eps=0|b4755c15-ae1c-4b25-96c8-f3c68ba4e0ec/ already exists.
./circuit_plots/Unrestricted Disentangled|Readout|CN=2|B0=0|B1=0|K=1280|L=320|p_B=0.75|p_C=0.75|B=2|eps=0|b4755c15-ae1c-4b25-96c8-f3c68ba4e0ec/ already exists.
./circuit_plots/Unrestricted Disentangled|Readout|CN=2|B0=0|B1=0|K=1280|L=320|p_B=0.75|p_C=0.75|B=2|eps=0|b4755c15-ae1c-4b25-96c8-f3c68ba4e0ec/ already exists.
./circuit_plots/Unrestricted Disentangled|Readout|CN=2|B0=0|B1=0|K=1280|L=320|p_B=0.75|p_C=0.75|B=2|eps=0|b4755c15-ae1c-4b25-96c8-f3c68ba4e0ec/ already exists.
./circuit_plots/Unrestricted Disentangled|Readout|CN=2|B0=0|B1=0|K=1280|L=320|p_B=0.75|p_C=0.75|B=2|eps=0|b4755c15-ae1c-4b25-96c8-f3c68ba4e0ec/ already exists.
./circuit_plots/Unrestricted Disentangled|Readout|CN=2|B0=0|B1=0|K=1280|L=320|p_B=0.75|p_C=0.75|B=2|eps=0|b4755c15-ae1c-4b25-96c8-f3c68ba4e0ec/ already exists.
./circuit_plots/Unrestricted Disentangled|Readout|CN=2|B0=0|B1=0|K=1280|L=320|p_B=0.75|p_C=0.75|B=2|eps=0|b4755c15-ae1c-4b25-96c8-f3c68ba4e0ec/ already exists.
Epoch: 6000, Loss: 5.660215377807617
Test acc: 0.0438, IC acc: 0.0555, IC acc2: 0.0034, IW acc: 0.0027
Epoch: 6001, Loss: 5.670007705688477
Epoch: 6002, Loss: 5.67575740814209
Epoch: 6003, Loss: 5.6668381690979
Epoch: 6004, Loss: 5.698791027069092
Epoch: 6005, Loss: 5.667797088623047
Epoch: 6006, Loss: 5.68070125579834
Epoch: 6007, Loss: 5.684347629547119
Epoch: 6008, Loss: 5.670259475708008
Epoch: 6009, Loss: 5.672928810119629
Epoch: 6010, Loss: 5.666280746459961
Test acc: 0.044, IC acc: 0.0555, IC acc2: 0.0034, IW acc: 0.0027
Epoch: 6011, Loss: 5.681528568267822
Epoch: 6012, Loss: 5.664552688598633
Epoch: 6013, Loss: 5.682777404785156
Epoch: 6014, Loss: 5.678808212280273
Epoch: 6015, Loss: 5.678822994232178
Epoch: 6016, Loss: 5.670252799987793
Epoch: 6017, Loss: 5.65936279296875
Epoch: 6018, Loss: 5.672501564025879
Epoch: 6019, Loss: 5.6676483154296875
Epoch: 6020, Loss: 5.683528900146484
Test acc: 0.0439, IC acc: 0.056, IC acc2: 0.0034, IW acc: 0.0027
Epoch: 6021, Loss: 5.6732635498046875
Epoch: 6022, Loss: 5.663437843322754
Epoch: 6023, Loss: 5.679427146911621
Epoch: 6024, Loss: 5.675893306732178
Epoch: 6025, Loss: 5.673796653747559
Epoch: 6026, Loss: 5.68712043762207
Epoch: 6027, Loss: 5.665368556976318
Epoch: 6028, Loss: 5.669610977172852
Epoch: 6029, Loss: 5.668220043182373
Epoch: 6030, Loss: 5.671045303344727
Test acc: 0.0441, IC acc: 0.056, IC acc2: 0.0034, IW acc: 0.0027
Epoch: 6031, Loss: 5.658221244812012
Epoch: 6032, Loss: 5.653727054595947
Epoch: 6033, Loss: 5.681056499481201
Epoch: 6034, Loss: 5.665005207061768
Epoch: 6035, Loss: 5.661737442016602
Epoch: 6036, Loss: 5.6639485359191895
Epoch: 6037, Loss: 5.698458194732666
Epoch: 6038, Loss: 5.659684181213379
Epoch: 6039, Loss: 5.660189151763916
Epoch: 6040, Loss: 5.659425735473633
Test acc: 0.0443, IC acc: 0.0562, IC acc2: 0.0034, IW acc: 0.0027
Epoch: 6041, Loss: 5.666675567626953
Epoch: 6042, Loss: 5.667873382568359
Epoch: 6043, Loss: 5.650835990905762
Epoch: 6044, Loss: 5.663741111755371
Epoch: 6045, Loss: 5.655425071716309
Epoch: 6046, Loss: 5.663174629211426
Epoch: 6047, Loss: 5.689746856689453
Epoch: 6048, Loss: 5.675983428955078
Epoch: 6049, Loss: 5.6656084060668945
./circuit_plots/Unrestricted Disentangled|Readout|CN=2|B0=0|B1=0|K=1280|L=320|p_B=0.75|p_C=0.75|B=2|eps=0|b4755c15-ae1c-4b25-96c8-f3c68ba4e0ec/ already exists.
./circuit_plots/Unrestricted Disentangled|Readout|CN=2|B0=0|B1=0|K=1280|L=320|p_B=0.75|p_C=0.75|B=2|eps=0|b4755c15-ae1c-4b25-96c8-f3c68ba4e0ec/ already exists.
./circuit_plots/Unrestricted Disentangled|Readout|CN=2|B0=0|B1=0|K=1280|L=320|p_B=0.75|p_C=0.75|B=2|eps=0|b4755c15-ae1c-4b25-96c8-f3c68ba4e0ec/ already exists.
./circuit_plots/Unrestricted Disentangled|Readout|CN=2|B0=0|B1=0|K=1280|L=320|p_B=0.75|p_C=0.75|B=2|eps=0|b4755c15-ae1c-4b25-96c8-f3c68ba4e0ec/ already exists.
./circuit_plots/Unrestricted Disentangled|Readout|CN=2|B0=0|B1=0|K=1280|L=320|p_B=0.75|p_C=0.75|B=2|eps=0|b4755c15-ae1c-4b25-96c8-f3c68ba4e0ec/ already exists.
./circuit_plots/Unrestricted Disentangled|Readout|CN=2|B0=0|B1=0|K=1280|L=320|p_B=0.75|p_C=0.75|B=2|eps=0|b4755c15-ae1c-4b25-96c8-f3c68ba4e0ec/ already exists.
./circuit_plots/Unrestricted Disentangled|Readout|CN=2|B0=0|B1=0|K=1280|L=320|p_B=0.75|p_C=0.75|B=2|eps=0|b4755c15-ae1c-4b25-96c8-f3c68ba4e0ec/ already exists.
Epoch: 6050, Loss: 5.670344352722168
Test acc: 0.0445, IC acc: 0.0566, IC acc2: 0.0034, IW acc: 0.0027
Epoch: 6051, Loss: 5.669945240020752
Epoch: 6052, Loss: 5.668217658996582
Epoch: 6053, Loss: 5.6830291748046875
Epoch: 6054, Loss: 5.657093524932861
Epoch: 6055, Loss: 5.688067436218262
Epoch: 6056, Loss: 5.679503440856934
Epoch: 6057, Loss: 5.654546737670898
Epoch: 6058, Loss: 5.672240257263184
Epoch: 6059, Loss: 5.680233955383301
Epoch: 6060, Loss: 5.6662678718566895
Test acc: 0.0443, IC acc: 0.0565, IC acc2: 0.0035, IW acc: 0.0027
Epoch: 6061, Loss: 5.6591410636901855
Epoch: 6062, Loss: 5.6770477294921875
Epoch: 6063, Loss: 5.677341938018799
Epoch: 6064, Loss: 5.680406093597412
Epoch: 6065, Loss: 5.662858009338379
Epoch: 6066, Loss: 5.674306392669678
Epoch: 6067, Loss: 5.684840679168701
Epoch: 6068, Loss: 5.676548004150391
Epoch: 6069, Loss: 5.6834211349487305
Epoch: 6070, Loss: 5.6726884841918945
Test acc: 0.0445, IC acc: 0.0564, IC acc2: 0.0035, IW acc: 0.0027
Epoch: 6071, Loss: 5.68427848815918
Epoch: 6072, Loss: 5.682773113250732
Epoch: 6073, Loss: 5.644315719604492
Epoch: 6074, Loss: 5.676567077636719
Epoch: 6075, Loss: 5.678030490875244
Epoch: 6076, Loss: 5.688599586486816
Epoch: 6077, Loss: 5.676696300506592
Epoch: 6078, Loss: 5.675806999206543
Epoch: 6079, Loss: 5.681717872619629
Epoch: 6080, Loss: 5.654791831970215
Test acc: 0.0445, IC acc: 0.0564, IC acc2: 0.0035, IW acc: 0.0027
Epoch: 6081, Loss: 5.675580024719238
Epoch: 6082, Loss: 5.685611248016357
Epoch: 6083, Loss: 5.660768032073975
Epoch: 6084, Loss: 5.653022766113281
Epoch: 6085, Loss: 5.665440082550049
Epoch: 6086, Loss: 5.6970133781433105
Epoch: 6087, Loss: 5.675926208496094
Epoch: 6088, Loss: 5.65974760055542
Epoch: 6089, Loss: 5.668835639953613
Epoch: 6090, Loss: 5.684397220611572
Test acc: 0.0446, IC acc: 0.0567, IC acc2: 0.0035, IW acc: 0.0027
Epoch: 6091, Loss: 5.664446830749512
Epoch: 6092, Loss: 5.671229362487793
Epoch: 6093, Loss: 5.672503471374512
Epoch: 6094, Loss: 5.658688545227051
Epoch: 6095, Loss: 5.6527557373046875
Epoch: 6096, Loss: 5.673459529876709
Epoch: 6097, Loss: 5.670110702514648
Epoch: 6098, Loss: 5.657751083374023
Epoch: 6099, Loss: 5.686054706573486
./circuit_plots/Unrestricted Disentangled|Readout|CN=2|B0=0|B1=0|K=1280|L=320|p_B=0.75|p_C=0.75|B=2|eps=0|b4755c15-ae1c-4b25-96c8-f3c68ba4e0ec/ already exists.
./circuit_plots/Unrestricted Disentangled|Readout|CN=2|B0=0|B1=0|K=1280|L=320|p_B=0.75|p_C=0.75|B=2|eps=0|b4755c15-ae1c-4b25-96c8-f3c68ba4e0ec/ already exists.
./circuit_plots/Unrestricted Disentangled|Readout|CN=2|B0=0|B1=0|K=1280|L=320|p_B=0.75|p_C=0.75|B=2|eps=0|b4755c15-ae1c-4b25-96c8-f3c68ba4e0ec/ already exists.
./circuit_plots/Unrestricted Disentangled|Readout|CN=2|B0=0|B1=0|K=1280|L=320|p_B=0.75|p_C=0.75|B=2|eps=0|b4755c15-ae1c-4b25-96c8-f3c68ba4e0ec/ already exists.
./circuit_plots/Unrestricted Disentangled|Readout|CN=2|B0=0|B1=0|K=1280|L=320|p_B=0.75|p_C=0.75|B=2|eps=0|b4755c15-ae1c-4b25-96c8-f3c68ba4e0ec/ already exists.
./circuit_plots/Unrestricted Disentangled|Readout|CN=2|B0=0|B1=0|K=1280|L=320|p_B=0.75|p_C=0.75|B=2|eps=0|b4755c15-ae1c-4b25-96c8-f3c68ba4e0ec/ already exists.
./circuit_plots/Unrestricted Disentangled|Readout|CN=2|B0=0|B1=0|K=1280|L=320|p_B=0.75|p_C=0.75|B=2|eps=0|b4755c15-ae1c-4b25-96c8-f3c68ba4e0ec/ already exists.
Epoch: 6100, Loss: 5.685065269470215
Test acc: 0.0447, IC acc: 0.0573, IC acc2: 0.0035, IW acc: 0.0027
Epoch: 6101, Loss: 5.674266815185547
Epoch: 6102, Loss: 5.660836219787598
Epoch: 6103, Loss: 5.691315650939941
Epoch: 6104, Loss: 5.6588263511657715
Epoch: 6105, Loss: 5.670726776123047
Epoch: 6106, Loss: 5.668483734130859
Epoch: 6107, Loss: 5.684207916259766
Epoch: 6108, Loss: 5.650636196136475
Epoch: 6109, Loss: 5.671913146972656
Epoch: 6110, Loss: 5.6557745933532715
Test acc: 0.0448, IC acc: 0.0573, IC acc2: 0.0034, IW acc: 0.0028
Epoch: 6111, Loss: 5.685029983520508
Epoch: 6112, Loss: 5.666934967041016
Epoch: 6113, Loss: 5.671172142028809
Epoch: 6114, Loss: 5.664532661437988
Epoch: 6115, Loss: 5.669708251953125
Epoch: 6116, Loss: 5.669767379760742
Epoch: 6117, Loss: 5.683067321777344
Epoch: 6118, Loss: 5.682265758514404
Epoch: 6119, Loss: 5.658018589019775
Epoch: 6120, Loss: 5.670427322387695
Test acc: 0.0449, IC acc: 0.0572, IC acc2: 0.0034, IW acc: 0.0028
Epoch: 6121, Loss: 5.666176795959473
Epoch: 6122, Loss: 5.67246675491333
Epoch: 6123, Loss: 5.659062385559082
Epoch: 6124, Loss: 5.676053047180176
Epoch: 6125, Loss: 5.684813976287842
Epoch: 6126, Loss: 5.671604633331299
Epoch: 6127, Loss: 5.6803297996521
Epoch: 6128, Loss: 5.669379234313965
Epoch: 6129, Loss: 5.665661811828613
Epoch: 6130, Loss: 5.668576717376709
Test acc: 0.045, IC acc: 0.0573, IC acc2: 0.0034, IW acc: 0.0028
Epoch: 6131, Loss: 5.664619445800781
Epoch: 6132, Loss: 5.674343109130859
Epoch: 6133, Loss: 5.659046173095703
Epoch: 6134, Loss: 5.675175666809082
Epoch: 6135, Loss: 5.659140586853027
Epoch: 6136, Loss: 5.680099964141846
Epoch: 6137, Loss: 5.677990436553955
Epoch: 6138, Loss: 5.686291694641113
Epoch: 6139, Loss: 5.676425457000732
Epoch: 6140, Loss: 5.69182014465332
Test acc: 0.045, IC acc: 0.0574, IC acc2: 0.0034, IW acc: 0.0027
Epoch: 6141, Loss: 5.682973861694336
Epoch: 6142, Loss: 5.67396354675293
Epoch: 6143, Loss: 5.657898426055908
Epoch: 6144, Loss: 5.687183856964111
Epoch: 6145, Loss: 5.670886993408203
Epoch: 6146, Loss: 5.678072929382324
Epoch: 6147, Loss: 5.6716766357421875
Epoch: 6148, Loss: 5.683155059814453
Epoch: 6149, Loss: 5.674744129180908
./circuit_plots/Unrestricted Disentangled|Readout|CN=2|B0=0|B1=0|K=1280|L=320|p_B=0.75|p_C=0.75|B=2|eps=0|b4755c15-ae1c-4b25-96c8-f3c68ba4e0ec/ already exists.
./circuit_plots/Unrestricted Disentangled|Readout|CN=2|B0=0|B1=0|K=1280|L=320|p_B=0.75|p_C=0.75|B=2|eps=0|b4755c15-ae1c-4b25-96c8-f3c68ba4e0ec/ already exists.
./circuit_plots/Unrestricted Disentangled|Readout|CN=2|B0=0|B1=0|K=1280|L=320|p_B=0.75|p_C=0.75|B=2|eps=0|b4755c15-ae1c-4b25-96c8-f3c68ba4e0ec/ already exists.
./circuit_plots/Unrestricted Disentangled|Readout|CN=2|B0=0|B1=0|K=1280|L=320|p_B=0.75|p_C=0.75|B=2|eps=0|b4755c15-ae1c-4b25-96c8-f3c68ba4e0ec/ already exists.
./circuit_plots/Unrestricted Disentangled|Readout|CN=2|B0=0|B1=0|K=1280|L=320|p_B=0.75|p_C=0.75|B=2|eps=0|b4755c15-ae1c-4b25-96c8-f3c68ba4e0ec/ already exists.
./circuit_plots/Unrestricted Disentangled|Readout|CN=2|B0=0|B1=0|K=1280|L=320|p_B=0.75|p_C=0.75|B=2|eps=0|b4755c15-ae1c-4b25-96c8-f3c68ba4e0ec/ already exists.
./circuit_plots/Unrestricted Disentangled|Readout|CN=2|B0=0|B1=0|K=1280|L=320|p_B=0.75|p_C=0.75|B=2|eps=0|b4755c15-ae1c-4b25-96c8-f3c68ba4e0ec/ already exists.
Epoch: 6150, Loss: 5.687414169311523
Test acc: 0.0452, IC acc: 0.0575, IC acc2: 0.0034, IW acc: 0.0027
Epoch: 6151, Loss: 5.671236515045166
Epoch: 6152, Loss: 5.685042381286621
Epoch: 6153, Loss: 5.683175086975098
Epoch: 6154, Loss: 5.671141624450684
Epoch: 6155, Loss: 5.66163444519043
Epoch: 6156, Loss: 5.6658430099487305
Epoch: 6157, Loss: 5.6920166015625
Epoch: 6158, Loss: 5.653222560882568
Epoch: 6159, Loss: 5.677631378173828
Epoch: 6160, Loss: 5.681946277618408
Test acc: 0.0454, IC acc: 0.0576, IC acc2: 0.0034, IW acc: 0.0027
Epoch: 6161, Loss: 5.6638689041137695
Epoch: 6162, Loss: 5.680065155029297
Epoch: 6163, Loss: 5.664577484130859
Epoch: 6164, Loss: 5.662417888641357
Epoch: 6165, Loss: 5.6866536140441895
Epoch: 6166, Loss: 5.660968780517578
Epoch: 6167, Loss: 5.657355308532715
Epoch: 6168, Loss: 5.667377471923828
Epoch: 6169, Loss: 5.681464672088623
Epoch: 6170, Loss: 5.665493965148926
Test acc: 0.0454, IC acc: 0.0577, IC acc2: 0.0034, IW acc: 0.0025
Epoch: 6171, Loss: 5.662886619567871
Epoch: 6172, Loss: 5.677765846252441
Epoch: 6173, Loss: 5.680005073547363
Epoch: 6174, Loss: 5.675601959228516
Epoch: 6175, Loss: 5.669361591339111
Epoch: 6176, Loss: 5.664780616760254
Epoch: 6177, Loss: 5.682662010192871
Epoch: 6178, Loss: 5.682371139526367
Epoch: 6179, Loss: 5.670369625091553
Epoch: 6180, Loss: 5.664999485015869
Test acc: 0.0455, IC acc: 0.0578, IC acc2: 0.0034, IW acc: 0.0025
Epoch: 6181, Loss: 5.677145957946777
Epoch: 6182, Loss: 5.671337127685547
Epoch: 6183, Loss: 5.67645263671875
Epoch: 6184, Loss: 5.671067237854004
Epoch: 6185, Loss: 5.666856288909912
Epoch: 6186, Loss: 5.673384666442871
Epoch: 6187, Loss: 5.689208984375
Epoch: 6188, Loss: 5.671332836151123
Epoch: 6189, Loss: 5.683221817016602
Epoch: 6190, Loss: 5.676671981811523
Test acc: 0.0457, IC acc: 0.058, IC acc2: 0.0035, IW acc: 0.0026
Epoch: 6191, Loss: 5.670958042144775
Epoch: 6192, Loss: 5.66864013671875
Epoch: 6193, Loss: 5.673087120056152
Epoch: 6194, Loss: 5.665275573730469
Epoch: 6195, Loss: 5.668029308319092
Epoch: 6196, Loss: 5.686102867126465
Epoch: 6197, Loss: 5.654902458190918
Epoch: 6198, Loss: 5.674361228942871
Epoch: 6199, Loss: 5.658171653747559
./circuit_plots/Unrestricted Disentangled|Readout|CN=2|B0=0|B1=0|K=1280|L=320|p_B=0.75|p_C=0.75|B=2|eps=0|b4755c15-ae1c-4b25-96c8-f3c68ba4e0ec/ already exists.
./circuit_plots/Unrestricted Disentangled|Readout|CN=2|B0=0|B1=0|K=1280|L=320|p_B=0.75|p_C=0.75|B=2|eps=0|b4755c15-ae1c-4b25-96c8-f3c68ba4e0ec/ already exists.
./circuit_plots/Unrestricted Disentangled|Readout|CN=2|B0=0|B1=0|K=1280|L=320|p_B=0.75|p_C=0.75|B=2|eps=0|b4755c15-ae1c-4b25-96c8-f3c68ba4e0ec/ already exists.
./circuit_plots/Unrestricted Disentangled|Readout|CN=2|B0=0|B1=0|K=1280|L=320|p_B=0.75|p_C=0.75|B=2|eps=0|b4755c15-ae1c-4b25-96c8-f3c68ba4e0ec/ already exists.
./circuit_plots/Unrestricted Disentangled|Readout|CN=2|B0=0|B1=0|K=1280|L=320|p_B=0.75|p_C=0.75|B=2|eps=0|b4755c15-ae1c-4b25-96c8-f3c68ba4e0ec/ already exists.
./circuit_plots/Unrestricted Disentangled|Readout|CN=2|B0=0|B1=0|K=1280|L=320|p_B=0.75|p_C=0.75|B=2|eps=0|b4755c15-ae1c-4b25-96c8-f3c68ba4e0ec/ already exists.
./circuit_plots/Unrestricted Disentangled|Readout|CN=2|B0=0|B1=0|K=1280|L=320|p_B=0.75|p_C=0.75|B=2|eps=0|b4755c15-ae1c-4b25-96c8-f3c68ba4e0ec/ already exists.
Epoch: 6200, Loss: 5.66510009765625
Test acc: 0.0459, IC acc: 0.0581, IC acc2: 0.0035, IW acc: 0.0025
Epoch: 6201, Loss: 5.659978866577148
Epoch: 6202, Loss: 5.6721601486206055
Epoch: 6203, Loss: 5.672876358032227
Epoch: 6204, Loss: 5.681066513061523
Epoch: 6205, Loss: 5.678228378295898
Epoch: 6206, Loss: 5.674717903137207
Epoch: 6207, Loss: 5.691103458404541
Epoch: 6208, Loss: 5.654728889465332
Epoch: 6209, Loss: 5.664177894592285
Epoch: 6210, Loss: 5.673957824707031
Test acc: 0.0458, IC acc: 0.0582, IC acc2: 0.0034, IW acc: 0.0025
Epoch: 6211, Loss: 5.691281318664551
Epoch: 6212, Loss: 5.648678779602051
Epoch: 6213, Loss: 5.687457084655762
Epoch: 6214, Loss: 5.660416603088379
Epoch: 6215, Loss: 5.675909042358398
Epoch: 6216, Loss: 5.6655168533325195
Epoch: 6217, Loss: 5.677120208740234
Epoch: 6218, Loss: 5.675060272216797
Epoch: 6219, Loss: 5.682857990264893
Epoch: 6220, Loss: 5.680495738983154
Test acc: 0.0462, IC acc: 0.0587, IC acc2: 0.0034, IW acc: 0.0026
Epoch: 6221, Loss: 5.671392440795898
Epoch: 6222, Loss: 5.660962104797363
Epoch: 6223, Loss: 5.692531585693359
Epoch: 6224, Loss: 5.649931907653809
Epoch: 6225, Loss: 5.664392471313477
Epoch: 6226, Loss: 5.657198905944824
Epoch: 6227, Loss: 5.6787004470825195
Epoch: 6228, Loss: 5.671095848083496
Epoch: 6229, Loss: 5.6663432121276855
Epoch: 6230, Loss: 5.6639604568481445
Test acc: 0.0465, IC acc: 0.0587, IC acc2: 0.0033, IW acc: 0.0027
Epoch: 6231, Loss: 5.665559768676758
Epoch: 6232, Loss: 5.667222023010254
Epoch: 6233, Loss: 5.656648635864258
Epoch: 6234, Loss: 5.661568641662598
Epoch: 6235, Loss: 5.665756702423096
Epoch: 6236, Loss: 5.662867069244385
Epoch: 6237, Loss: 5.683135986328125
Epoch: 6238, Loss: 5.670069217681885
Epoch: 6239, Loss: 5.664592742919922
Epoch: 6240, Loss: 5.670592308044434
Test acc: 0.0467, IC acc: 0.0587, IC acc2: 0.0033, IW acc: 0.0027
Epoch: 6241, Loss: 5.657761573791504
Epoch: 6242, Loss: 5.682128429412842
Epoch: 6243, Loss: 5.656702995300293
Epoch: 6244, Loss: 5.662851333618164
Epoch: 6245, Loss: 5.671799659729004
Epoch: 6246, Loss: 5.677068710327148
Epoch: 6247, Loss: 5.670075416564941
Epoch: 6248, Loss: 5.668712139129639
Epoch: 6249, Loss: 5.674869060516357
./circuit_plots/Unrestricted Disentangled|Readout|CN=2|B0=0|B1=0|K=1280|L=320|p_B=0.75|p_C=0.75|B=2|eps=0|b4755c15-ae1c-4b25-96c8-f3c68ba4e0ec/ already exists.
./circuit_plots/Unrestricted Disentangled|Readout|CN=2|B0=0|B1=0|K=1280|L=320|p_B=0.75|p_C=0.75|B=2|eps=0|b4755c15-ae1c-4b25-96c8-f3c68ba4e0ec/ already exists.
./circuit_plots/Unrestricted Disentangled|Readout|CN=2|B0=0|B1=0|K=1280|L=320|p_B=0.75|p_C=0.75|B=2|eps=0|b4755c15-ae1c-4b25-96c8-f3c68ba4e0ec/ already exists.
./circuit_plots/Unrestricted Disentangled|Readout|CN=2|B0=0|B1=0|K=1280|L=320|p_B=0.75|p_C=0.75|B=2|eps=0|b4755c15-ae1c-4b25-96c8-f3c68ba4e0ec/ already exists.
./circuit_plots/Unrestricted Disentangled|Readout|CN=2|B0=0|B1=0|K=1280|L=320|p_B=0.75|p_C=0.75|B=2|eps=0|b4755c15-ae1c-4b25-96c8-f3c68ba4e0ec/ already exists.
./circuit_plots/Unrestricted Disentangled|Readout|CN=2|B0=0|B1=0|K=1280|L=320|p_B=0.75|p_C=0.75|B=2|eps=0|b4755c15-ae1c-4b25-96c8-f3c68ba4e0ec/ already exists.
./circuit_plots/Unrestricted Disentangled|Readout|CN=2|B0=0|B1=0|K=1280|L=320|p_B=0.75|p_C=0.75|B=2|eps=0|b4755c15-ae1c-4b25-96c8-f3c68ba4e0ec/ already exists.
Epoch: 6250, Loss: 5.672754287719727
Test acc: 0.047, IC acc: 0.0591, IC acc2: 0.0033, IW acc: 0.0027
Epoch: 6251, Loss: 5.660402297973633
Epoch: 6252, Loss: 5.668264389038086
Epoch: 6253, Loss: 5.660599231719971
Epoch: 6254, Loss: 5.657731056213379
Epoch: 6255, Loss: 5.670708656311035
Epoch: 6256, Loss: 5.6861162185668945
Epoch: 6257, Loss: 5.660907745361328
Epoch: 6258, Loss: 5.666557312011719
Epoch: 6259, Loss: 5.668296813964844
Epoch: 6260, Loss: 5.665433883666992
Test acc: 0.0469, IC acc: 0.0593, IC acc2: 0.0033, IW acc: 0.0029
Epoch: 6261, Loss: 5.649929523468018
Epoch: 6262, Loss: 5.67303991317749
Epoch: 6263, Loss: 5.657015323638916
Epoch: 6264, Loss: 5.6760382652282715
Epoch: 6265, Loss: 5.66744327545166
Epoch: 6266, Loss: 5.68955135345459
Epoch: 6267, Loss: 5.654480934143066
Epoch: 6268, Loss: 5.6800947189331055
Epoch: 6269, Loss: 5.662086486816406
Epoch: 6270, Loss: 5.676943302154541
Test acc: 0.0473, IC acc: 0.0596, IC acc2: 0.0034, IW acc: 0.0028
Epoch: 6271, Loss: 5.659302711486816
Epoch: 6272, Loss: 5.6613545417785645
Epoch: 6273, Loss: 5.675317287445068
Epoch: 6274, Loss: 5.666921138763428
Epoch: 6275, Loss: 5.680365085601807
Epoch: 6276, Loss: 5.656920909881592
Epoch: 6277, Loss: 5.671319961547852
Epoch: 6278, Loss: 5.662796497344971
Epoch: 6279, Loss: 5.667646408081055
Epoch: 6280, Loss: 5.691187858581543
Test acc: 0.0476, IC acc: 0.0594, IC acc2: 0.0034, IW acc: 0.0028
Epoch: 6281, Loss: 5.655948638916016
Epoch: 6282, Loss: 5.673511028289795
Epoch: 6283, Loss: 5.665868759155273
Epoch: 6284, Loss: 5.67301607131958
Epoch: 6285, Loss: 5.681649684906006
Epoch: 6286, Loss: 5.666390895843506
Epoch: 6287, Loss: 5.681286811828613
Epoch: 6288, Loss: 5.642160415649414
Epoch: 6289, Loss: 5.659081935882568
Epoch: 6290, Loss: 5.660635948181152
Test acc: 0.0476, IC acc: 0.0598, IC acc2: 0.0034, IW acc: 0.003
Epoch: 6291, Loss: 5.662040710449219
Epoch: 6292, Loss: 5.681094646453857
Epoch: 6293, Loss: 5.642433166503906
Epoch: 6294, Loss: 5.683680534362793
Epoch: 6295, Loss: 5.675897598266602
Epoch: 6296, Loss: 5.67579984664917
Epoch: 6297, Loss: 5.6837544441223145
Epoch: 6298, Loss: 5.663266181945801
Epoch: 6299, Loss: 5.677940845489502
./circuit_plots/Unrestricted Disentangled|Readout|CN=2|B0=0|B1=0|K=1280|L=320|p_B=0.75|p_C=0.75|B=2|eps=0|b4755c15-ae1c-4b25-96c8-f3c68ba4e0ec/ already exists.
./circuit_plots/Unrestricted Disentangled|Readout|CN=2|B0=0|B1=0|K=1280|L=320|p_B=0.75|p_C=0.75|B=2|eps=0|b4755c15-ae1c-4b25-96c8-f3c68ba4e0ec/ already exists.
./circuit_plots/Unrestricted Disentangled|Readout|CN=2|B0=0|B1=0|K=1280|L=320|p_B=0.75|p_C=0.75|B=2|eps=0|b4755c15-ae1c-4b25-96c8-f3c68ba4e0ec/ already exists.
./circuit_plots/Unrestricted Disentangled|Readout|CN=2|B0=0|B1=0|K=1280|L=320|p_B=0.75|p_C=0.75|B=2|eps=0|b4755c15-ae1c-4b25-96c8-f3c68ba4e0ec/ already exists.
./circuit_plots/Unrestricted Disentangled|Readout|CN=2|B0=0|B1=0|K=1280|L=320|p_B=0.75|p_C=0.75|B=2|eps=0|b4755c15-ae1c-4b25-96c8-f3c68ba4e0ec/ already exists.
./circuit_plots/Unrestricted Disentangled|Readout|CN=2|B0=0|B1=0|K=1280|L=320|p_B=0.75|p_C=0.75|B=2|eps=0|b4755c15-ae1c-4b25-96c8-f3c68ba4e0ec/ already exists.
./circuit_plots/Unrestricted Disentangled|Readout|CN=2|B0=0|B1=0|K=1280|L=320|p_B=0.75|p_C=0.75|B=2|eps=0|b4755c15-ae1c-4b25-96c8-f3c68ba4e0ec/ already exists.
Epoch: 6300, Loss: 5.662972450256348
Test acc: 0.0478, IC acc: 0.06, IC acc2: 0.0034, IW acc: 0.0029
Epoch: 6301, Loss: 5.657000541687012
Epoch: 6302, Loss: 5.667435646057129
Epoch: 6303, Loss: 5.662738800048828
Epoch: 6304, Loss: 5.677490234375
Epoch: 6305, Loss: 5.692439556121826
Epoch: 6306, Loss: 5.648977756500244
Epoch: 6307, Loss: 5.6701340675354
Epoch: 6308, Loss: 5.66438102722168
Epoch: 6309, Loss: 5.675942420959473
Epoch: 6310, Loss: 5.664268493652344
Test acc: 0.048, IC acc: 0.0603, IC acc2: 0.0034, IW acc: 0.0028
Epoch: 6311, Loss: 5.6806230545043945
Epoch: 6312, Loss: 5.68283224105835
Epoch: 6313, Loss: 5.67806339263916
Epoch: 6314, Loss: 5.655425071716309
Epoch: 6315, Loss: 5.672011852264404
Epoch: 6316, Loss: 5.6471757888793945
Epoch: 6317, Loss: 5.66586971282959
Epoch: 6318, Loss: 5.663140773773193
Epoch: 6319, Loss: 5.659257411956787
Epoch: 6320, Loss: 5.683881759643555
Test acc: 0.0481, IC acc: 0.0605, IC acc2: 0.0034, IW acc: 0.0027
Epoch: 6321, Loss: 5.684629440307617
Epoch: 6322, Loss: 5.664116859436035
Epoch: 6323, Loss: 5.685351371765137
Epoch: 6324, Loss: 5.679480075836182
Epoch: 6325, Loss: 5.66563606262207
Epoch: 6326, Loss: 5.662252426147461
Epoch: 6327, Loss: 5.672234535217285
Epoch: 6328, Loss: 5.671472549438477
Epoch: 6329, Loss: 5.644039630889893
Epoch: 6330, Loss: 5.6708550453186035
Test acc: 0.0481, IC acc: 0.0608, IC acc2: 0.0034, IW acc: 0.0028
Epoch: 6331, Loss: 5.643244743347168
Epoch: 6332, Loss: 5.667989730834961
Epoch: 6333, Loss: 5.663612365722656
Epoch: 6334, Loss: 5.68818998336792
Epoch: 6335, Loss: 5.663957118988037
Epoch: 6336, Loss: 5.6662774085998535
Epoch: 6337, Loss: 5.674825191497803
Epoch: 6338, Loss: 5.669031143188477
Epoch: 6339, Loss: 5.673765182495117
Epoch: 6340, Loss: 5.669831275939941
Test acc: 0.0484, IC acc: 0.0607, IC acc2: 0.0034, IW acc: 0.0027
Epoch: 6341, Loss: 5.663299560546875
Epoch: 6342, Loss: 5.661229610443115
Epoch: 6343, Loss: 5.66170072555542
Epoch: 6344, Loss: 5.65414571762085
Epoch: 6345, Loss: 5.664820671081543
Epoch: 6346, Loss: 5.6449995040893555
Epoch: 6347, Loss: 5.66722297668457
Epoch: 6348, Loss: 5.657605171203613
Epoch: 6349, Loss: 5.667272567749023
./circuit_plots/Unrestricted Disentangled|Readout|CN=2|B0=0|B1=0|K=1280|L=320|p_B=0.75|p_C=0.75|B=2|eps=0|b4755c15-ae1c-4b25-96c8-f3c68ba4e0ec/ already exists.
./circuit_plots/Unrestricted Disentangled|Readout|CN=2|B0=0|B1=0|K=1280|L=320|p_B=0.75|p_C=0.75|B=2|eps=0|b4755c15-ae1c-4b25-96c8-f3c68ba4e0ec/ already exists.
./circuit_plots/Unrestricted Disentangled|Readout|CN=2|B0=0|B1=0|K=1280|L=320|p_B=0.75|p_C=0.75|B=2|eps=0|b4755c15-ae1c-4b25-96c8-f3c68ba4e0ec/ already exists.
./circuit_plots/Unrestricted Disentangled|Readout|CN=2|B0=0|B1=0|K=1280|L=320|p_B=0.75|p_C=0.75|B=2|eps=0|b4755c15-ae1c-4b25-96c8-f3c68ba4e0ec/ already exists.
./circuit_plots/Unrestricted Disentangled|Readout|CN=2|B0=0|B1=0|K=1280|L=320|p_B=0.75|p_C=0.75|B=2|eps=0|b4755c15-ae1c-4b25-96c8-f3c68ba4e0ec/ already exists.
./circuit_plots/Unrestricted Disentangled|Readout|CN=2|B0=0|B1=0|K=1280|L=320|p_B=0.75|p_C=0.75|B=2|eps=0|b4755c15-ae1c-4b25-96c8-f3c68ba4e0ec/ already exists.
./circuit_plots/Unrestricted Disentangled|Readout|CN=2|B0=0|B1=0|K=1280|L=320|p_B=0.75|p_C=0.75|B=2|eps=0|b4755c15-ae1c-4b25-96c8-f3c68ba4e0ec/ already exists.
Epoch: 6350, Loss: 5.672888278961182
Test acc: 0.0485, IC acc: 0.0609, IC acc2: 0.0034, IW acc: 0.0027
Epoch: 6351, Loss: 5.649235725402832
Epoch: 6352, Loss: 5.669177055358887
Epoch: 6353, Loss: 5.6458024978637695
Epoch: 6354, Loss: 5.674088954925537
Epoch: 6355, Loss: 5.690051555633545
Epoch: 6356, Loss: 5.67484712600708
Epoch: 6357, Loss: 5.662522315979004
Epoch: 6358, Loss: 5.672928810119629
Epoch: 6359, Loss: 5.673600673675537
Epoch: 6360, Loss: 5.6629743576049805
Test acc: 0.0485, IC acc: 0.0612, IC acc2: 0.0033, IW acc: 0.0027
Epoch: 6361, Loss: 5.643505096435547
Epoch: 6362, Loss: 5.689157962799072
Epoch: 6363, Loss: 5.658340930938721
Epoch: 6364, Loss: 5.651485443115234
Epoch: 6365, Loss: 5.666708946228027
Epoch: 6366, Loss: 5.658316612243652
Epoch: 6367, Loss: 5.676084518432617
Epoch: 6368, Loss: 5.659856796264648
Epoch: 6369, Loss: 5.678132057189941
Epoch: 6370, Loss: 5.653232574462891
Test acc: 0.0484, IC acc: 0.0614, IC acc2: 0.0033, IW acc: 0.0027
Epoch: 6371, Loss: 5.682427883148193
Epoch: 6372, Loss: 5.659289360046387
Epoch: 6373, Loss: 5.671207904815674
Epoch: 6374, Loss: 5.654170036315918
Epoch: 6375, Loss: 5.674147605895996
Epoch: 6376, Loss: 5.6660051345825195
Epoch: 6377, Loss: 5.667588233947754
Epoch: 6378, Loss: 5.672530174255371
Epoch: 6379, Loss: 5.667355537414551
Epoch: 6380, Loss: 5.678483963012695
Test acc: 0.0485, IC acc: 0.0615, IC acc2: 0.0033, IW acc: 0.0027
Epoch: 6381, Loss: 5.679974555969238
Epoch: 6382, Loss: 5.6932854652404785
Epoch: 6383, Loss: 5.658046722412109
Epoch: 6384, Loss: 5.6631083488464355
Epoch: 6385, Loss: 5.663947582244873
Epoch: 6386, Loss: 5.677585601806641
Epoch: 6387, Loss: 5.669414520263672
Epoch: 6388, Loss: 5.653223991394043
Epoch: 6389, Loss: 5.667760848999023
Epoch: 6390, Loss: 5.652892589569092
Test acc: 0.0486, IC acc: 0.0614, IC acc2: 0.0033, IW acc: 0.0027
Epoch: 6391, Loss: 5.646306037902832
Epoch: 6392, Loss: 5.6739606857299805
Epoch: 6393, Loss: 5.673588752746582
Epoch: 6394, Loss: 5.671657562255859
Epoch: 6395, Loss: 5.666835308074951
Epoch: 6396, Loss: 5.6637067794799805
Epoch: 6397, Loss: 5.668107986450195
Epoch: 6398, Loss: 5.657233238220215
Epoch: 6399, Loss: 5.662177085876465
./circuit_plots/Unrestricted Disentangled|Readout|CN=2|B0=0|B1=0|K=1280|L=320|p_B=0.75|p_C=0.75|B=2|eps=0|b4755c15-ae1c-4b25-96c8-f3c68ba4e0ec/ already exists.
./circuit_plots/Unrestricted Disentangled|Readout|CN=2|B0=0|B1=0|K=1280|L=320|p_B=0.75|p_C=0.75|B=2|eps=0|b4755c15-ae1c-4b25-96c8-f3c68ba4e0ec/ already exists.
./circuit_plots/Unrestricted Disentangled|Readout|CN=2|B0=0|B1=0|K=1280|L=320|p_B=0.75|p_C=0.75|B=2|eps=0|b4755c15-ae1c-4b25-96c8-f3c68ba4e0ec/ already exists.
./circuit_plots/Unrestricted Disentangled|Readout|CN=2|B0=0|B1=0|K=1280|L=320|p_B=0.75|p_C=0.75|B=2|eps=0|b4755c15-ae1c-4b25-96c8-f3c68ba4e0ec/ already exists.
./circuit_plots/Unrestricted Disentangled|Readout|CN=2|B0=0|B1=0|K=1280|L=320|p_B=0.75|p_C=0.75|B=2|eps=0|b4755c15-ae1c-4b25-96c8-f3c68ba4e0ec/ already exists.
./circuit_plots/Unrestricted Disentangled|Readout|CN=2|B0=0|B1=0|K=1280|L=320|p_B=0.75|p_C=0.75|B=2|eps=0|b4755c15-ae1c-4b25-96c8-f3c68ba4e0ec/ already exists.
./circuit_plots/Unrestricted Disentangled|Readout|CN=2|B0=0|B1=0|K=1280|L=320|p_B=0.75|p_C=0.75|B=2|eps=0|b4755c15-ae1c-4b25-96c8-f3c68ba4e0ec/ already exists.
Epoch: 6400, Loss: 5.654359817504883
Test acc: 0.0485, IC acc: 0.0618, IC acc2: 0.0033, IW acc: 0.0027
Epoch: 6401, Loss: 5.672976493835449
Epoch: 6402, Loss: 5.674589157104492
Epoch: 6403, Loss: 5.670383930206299
Epoch: 6404, Loss: 5.659343719482422
Epoch: 6405, Loss: 5.673250198364258
Epoch: 6406, Loss: 5.6731486320495605
Epoch: 6407, Loss: 5.648209095001221
Epoch: 6408, Loss: 5.677494049072266
Epoch: 6409, Loss: 5.6703667640686035
Epoch: 6410, Loss: 5.673989295959473
Test acc: 0.0486, IC acc: 0.0621, IC acc2: 0.0033, IW acc: 0.0028
Epoch: 6411, Loss: 5.668622970581055
Epoch: 6412, Loss: 5.682558536529541
Epoch: 6413, Loss: 5.669276237487793
Epoch: 6414, Loss: 5.663570404052734
Epoch: 6415, Loss: 5.682298183441162
Epoch: 6416, Loss: 5.658188819885254
Epoch: 6417, Loss: 5.673360347747803
Epoch: 6418, Loss: 5.665182113647461
Epoch: 6419, Loss: 5.669369697570801
Epoch: 6420, Loss: 5.661187171936035
Test acc: 0.0487, IC acc: 0.0622, IC acc2: 0.0033, IW acc: 0.0028
Epoch: 6421, Loss: 5.665256977081299
Epoch: 6422, Loss: 5.6805925369262695
Epoch: 6423, Loss: 5.674929141998291
Epoch: 6424, Loss: 5.676557540893555
Epoch: 6425, Loss: 5.649526596069336
Epoch: 6426, Loss: 5.665104866027832
Epoch: 6427, Loss: 5.654349327087402
Epoch: 6428, Loss: 5.674316883087158
Epoch: 6429, Loss: 5.665755271911621
Epoch: 6430, Loss: 5.666469573974609
Test acc: 0.0492, IC acc: 0.0625, IC acc2: 0.0033, IW acc: 0.0028
Epoch: 6431, Loss: 5.658816337585449
Epoch: 6432, Loss: 5.656569004058838
Epoch: 6433, Loss: 5.659906387329102
Epoch: 6434, Loss: 5.677521705627441
Epoch: 6435, Loss: 5.674583435058594
Epoch: 6436, Loss: 5.675301551818848
Epoch: 6437, Loss: 5.6777873039245605
Epoch: 6438, Loss: 5.675994873046875
Epoch: 6439, Loss: 5.674956798553467
Epoch: 6440, Loss: 5.671855926513672
Test acc: 0.0492, IC acc: 0.0629, IC acc2: 0.0033, IW acc: 0.0027
Epoch: 6441, Loss: 5.654862403869629
Epoch: 6442, Loss: 5.661999702453613
Epoch: 6443, Loss: 5.651862144470215
Epoch: 6444, Loss: 5.671019077301025
Epoch: 6445, Loss: 5.6813507080078125
Epoch: 6446, Loss: 5.663976669311523
Epoch: 6447, Loss: 5.670836448669434
Epoch: 6448, Loss: 5.6540703773498535
Epoch: 6449, Loss: 5.676016330718994
./circuit_plots/Unrestricted Disentangled|Readout|CN=2|B0=0|B1=0|K=1280|L=320|p_B=0.75|p_C=0.75|B=2|eps=0|b4755c15-ae1c-4b25-96c8-f3c68ba4e0ec/ already exists.
./circuit_plots/Unrestricted Disentangled|Readout|CN=2|B0=0|B1=0|K=1280|L=320|p_B=0.75|p_C=0.75|B=2|eps=0|b4755c15-ae1c-4b25-96c8-f3c68ba4e0ec/ already exists.
./circuit_plots/Unrestricted Disentangled|Readout|CN=2|B0=0|B1=0|K=1280|L=320|p_B=0.75|p_C=0.75|B=2|eps=0|b4755c15-ae1c-4b25-96c8-f3c68ba4e0ec/ already exists.
./circuit_plots/Unrestricted Disentangled|Readout|CN=2|B0=0|B1=0|K=1280|L=320|p_B=0.75|p_C=0.75|B=2|eps=0|b4755c15-ae1c-4b25-96c8-f3c68ba4e0ec/ already exists.
./circuit_plots/Unrestricted Disentangled|Readout|CN=2|B0=0|B1=0|K=1280|L=320|p_B=0.75|p_C=0.75|B=2|eps=0|b4755c15-ae1c-4b25-96c8-f3c68ba4e0ec/ already exists.
./circuit_plots/Unrestricted Disentangled|Readout|CN=2|B0=0|B1=0|K=1280|L=320|p_B=0.75|p_C=0.75|B=2|eps=0|b4755c15-ae1c-4b25-96c8-f3c68ba4e0ec/ already exists.
./circuit_plots/Unrestricted Disentangled|Readout|CN=2|B0=0|B1=0|K=1280|L=320|p_B=0.75|p_C=0.75|B=2|eps=0|b4755c15-ae1c-4b25-96c8-f3c68ba4e0ec/ already exists.
Epoch: 6450, Loss: 5.653436660766602
Test acc: 0.0493, IC acc: 0.063, IC acc2: 0.0033, IW acc: 0.0028
Epoch: 6451, Loss: 5.663394927978516
Epoch: 6452, Loss: 5.685230255126953
Epoch: 6453, Loss: 5.665261268615723
Epoch: 6454, Loss: 5.667323589324951
Epoch: 6455, Loss: 5.6631317138671875
Epoch: 6456, Loss: 5.645937919616699
Epoch: 6457, Loss: 5.6632890701293945
Epoch: 6458, Loss: 5.667719841003418
Epoch: 6459, Loss: 5.6494140625
Epoch: 6460, Loss: 5.6844801902771
Test acc: 0.0499, IC acc: 0.0632, IC acc2: 0.0033, IW acc: 0.0028
Epoch: 6461, Loss: 5.676564693450928
Epoch: 6462, Loss: 5.66072940826416
Epoch: 6463, Loss: 5.648678779602051
Epoch: 6464, Loss: 5.654590606689453
Epoch: 6465, Loss: 5.673027992248535
Epoch: 6466, Loss: 5.660943984985352
Epoch: 6467, Loss: 5.656221389770508
Epoch: 6468, Loss: 5.662510395050049
Epoch: 6469, Loss: 5.66670036315918
Epoch: 6470, Loss: 5.6682538986206055
Test acc: 0.0497, IC acc: 0.0634, IC acc2: 0.0033, IW acc: 0.0028
Epoch: 6471, Loss: 5.6641974449157715
Epoch: 6472, Loss: 5.678781986236572
Epoch: 6473, Loss: 5.659202575683594
Epoch: 6474, Loss: 5.663270950317383
Epoch: 6475, Loss: 5.655817985534668
Epoch: 6476, Loss: 5.697382926940918
Epoch: 6477, Loss: 5.66540002822876
Epoch: 6478, Loss: 5.665375709533691
Epoch: 6479, Loss: 5.671482563018799
Epoch: 6480, Loss: 5.658550262451172
Test acc: 0.0498, IC acc: 0.0636, IC acc2: 0.0033, IW acc: 0.0028
Epoch: 6481, Loss: 5.678582191467285
Epoch: 6482, Loss: 5.671564102172852
Epoch: 6483, Loss: 5.679879665374756
Epoch: 6484, Loss: 5.667075157165527
Epoch: 6485, Loss: 5.6764397621154785
Epoch: 6486, Loss: 5.65385627746582
Epoch: 6487, Loss: 5.673221588134766
Epoch: 6488, Loss: 5.6790385246276855
Epoch: 6489, Loss: 5.658914566040039
Epoch: 6490, Loss: 5.656843662261963
Test acc: 0.05, IC acc: 0.0637, IC acc2: 0.0033, IW acc: 0.0028
Epoch: 6491, Loss: 5.674379825592041
Epoch: 6492, Loss: 5.662622451782227
Epoch: 6493, Loss: 5.690155029296875
Epoch: 6494, Loss: 5.657831192016602
Epoch: 6495, Loss: 5.657663345336914
Epoch: 6496, Loss: 5.681197166442871
Epoch: 6497, Loss: 5.654633522033691
Epoch: 6498, Loss: 5.654755115509033
Epoch: 6499, Loss: 5.671049118041992
./circuit_plots/Unrestricted Disentangled|Readout|CN=2|B0=0|B1=0|K=1280|L=320|p_B=0.75|p_C=0.75|B=2|eps=0|b4755c15-ae1c-4b25-96c8-f3c68ba4e0ec/ already exists.
./circuit_plots/Unrestricted Disentangled|Readout|CN=2|B0=0|B1=0|K=1280|L=320|p_B=0.75|p_C=0.75|B=2|eps=0|b4755c15-ae1c-4b25-96c8-f3c68ba4e0ec/ already exists.
./circuit_plots/Unrestricted Disentangled|Readout|CN=2|B0=0|B1=0|K=1280|L=320|p_B=0.75|p_C=0.75|B=2|eps=0|b4755c15-ae1c-4b25-96c8-f3c68ba4e0ec/ already exists.
./circuit_plots/Unrestricted Disentangled|Readout|CN=2|B0=0|B1=0|K=1280|L=320|p_B=0.75|p_C=0.75|B=2|eps=0|b4755c15-ae1c-4b25-96c8-f3c68ba4e0ec/ already exists.
./circuit_plots/Unrestricted Disentangled|Readout|CN=2|B0=0|B1=0|K=1280|L=320|p_B=0.75|p_C=0.75|B=2|eps=0|b4755c15-ae1c-4b25-96c8-f3c68ba4e0ec/ already exists.
./circuit_plots/Unrestricted Disentangled|Readout|CN=2|B0=0|B1=0|K=1280|L=320|p_B=0.75|p_C=0.75|B=2|eps=0|b4755c15-ae1c-4b25-96c8-f3c68ba4e0ec/ already exists.
./circuit_plots/Unrestricted Disentangled|Readout|CN=2|B0=0|B1=0|K=1280|L=320|p_B=0.75|p_C=0.75|B=2|eps=0|b4755c15-ae1c-4b25-96c8-f3c68ba4e0ec/ already exists.
Epoch: 6500, Loss: 5.669739723205566
Test acc: 0.0502, IC acc: 0.0639, IC acc2: 0.0033, IW acc: 0.0028
Epoch: 6501, Loss: 5.665431022644043
Epoch: 6502, Loss: 5.677699089050293
Epoch: 6503, Loss: 5.661001205444336
Epoch: 6504, Loss: 5.662393093109131
Epoch: 6505, Loss: 5.672985076904297
Epoch: 6506, Loss: 5.645774841308594
Epoch: 6507, Loss: 5.670328140258789
Epoch: 6508, Loss: 5.6671648025512695
Epoch: 6509, Loss: 5.650722980499268
Epoch: 6510, Loss: 5.651529312133789
Test acc: 0.0502, IC acc: 0.0643, IC acc2: 0.0033, IW acc: 0.0028
Epoch: 6511, Loss: 5.662367820739746
Epoch: 6512, Loss: 5.679954528808594
Epoch: 6513, Loss: 5.657379627227783
Epoch: 6514, Loss: 5.671182632446289
Epoch: 6515, Loss: 5.672327041625977
Epoch: 6516, Loss: 5.681987285614014
Epoch: 6517, Loss: 5.6522369384765625
Epoch: 6518, Loss: 5.673645973205566
Epoch: 6519, Loss: 5.660699844360352
Epoch: 6520, Loss: 5.66914701461792
Test acc: 0.0504, IC acc: 0.0643, IC acc2: 0.0033, IW acc: 0.0028
Epoch: 6521, Loss: 5.659268379211426
Epoch: 6522, Loss: 5.660975456237793
Epoch: 6523, Loss: 5.662556171417236
Epoch: 6524, Loss: 5.668548583984375
Epoch: 6525, Loss: 5.641995429992676
Epoch: 6526, Loss: 5.663051605224609
Epoch: 6527, Loss: 5.691364288330078
Epoch: 6528, Loss: 5.662931442260742
Epoch: 6529, Loss: 5.670848369598389
Epoch: 6530, Loss: 5.666697978973389
Test acc: 0.0505, IC acc: 0.0644, IC acc2: 0.0034, IW acc: 0.0028
Epoch: 6531, Loss: 5.679775238037109
Epoch: 6532, Loss: 5.654613494873047
Epoch: 6533, Loss: 5.664992332458496
Epoch: 6534, Loss: 5.67724609375
Epoch: 6535, Loss: 5.658688545227051
Epoch: 6536, Loss: 5.681608200073242
Epoch: 6537, Loss: 5.645437717437744
Epoch: 6538, Loss: 5.6784868240356445
Epoch: 6539, Loss: 5.674035549163818
Epoch: 6540, Loss: 5.650386810302734
Test acc: 0.0505, IC acc: 0.0645, IC acc2: 0.0034, IW acc: 0.0028
Epoch: 6541, Loss: 5.659659385681152
Epoch: 6542, Loss: 5.668469429016113
Epoch: 6543, Loss: 5.6848602294921875
Epoch: 6544, Loss: 5.673689365386963
Epoch: 6545, Loss: 5.668346405029297
Epoch: 6546, Loss: 5.668303489685059
Epoch: 6547, Loss: 5.637934684753418
Epoch: 6548, Loss: 5.6641130447387695
Epoch: 6549, Loss: 5.669075012207031
./circuit_plots/Unrestricted Disentangled|Readout|CN=2|B0=0|B1=0|K=1280|L=320|p_B=0.75|p_C=0.75|B=2|eps=0|b4755c15-ae1c-4b25-96c8-f3c68ba4e0ec/ already exists.
./circuit_plots/Unrestricted Disentangled|Readout|CN=2|B0=0|B1=0|K=1280|L=320|p_B=0.75|p_C=0.75|B=2|eps=0|b4755c15-ae1c-4b25-96c8-f3c68ba4e0ec/ already exists.
./circuit_plots/Unrestricted Disentangled|Readout|CN=2|B0=0|B1=0|K=1280|L=320|p_B=0.75|p_C=0.75|B=2|eps=0|b4755c15-ae1c-4b25-96c8-f3c68ba4e0ec/ already exists.
./circuit_plots/Unrestricted Disentangled|Readout|CN=2|B0=0|B1=0|K=1280|L=320|p_B=0.75|p_C=0.75|B=2|eps=0|b4755c15-ae1c-4b25-96c8-f3c68ba4e0ec/ already exists.
./circuit_plots/Unrestricted Disentangled|Readout|CN=2|B0=0|B1=0|K=1280|L=320|p_B=0.75|p_C=0.75|B=2|eps=0|b4755c15-ae1c-4b25-96c8-f3c68ba4e0ec/ already exists.
./circuit_plots/Unrestricted Disentangled|Readout|CN=2|B0=0|B1=0|K=1280|L=320|p_B=0.75|p_C=0.75|B=2|eps=0|b4755c15-ae1c-4b25-96c8-f3c68ba4e0ec/ already exists.
./circuit_plots/Unrestricted Disentangled|Readout|CN=2|B0=0|B1=0|K=1280|L=320|p_B=0.75|p_C=0.75|B=2|eps=0|b4755c15-ae1c-4b25-96c8-f3c68ba4e0ec/ already exists.
Epoch: 6550, Loss: 5.654232501983643
Test acc: 0.0507, IC acc: 0.0646, IC acc2: 0.0033, IW acc: 0.0028
Epoch: 6551, Loss: 5.666561126708984
Epoch: 6552, Loss: 5.668985843658447
Epoch: 6553, Loss: 5.661480903625488
Epoch: 6554, Loss: 5.66353702545166
Epoch: 6555, Loss: 5.651803016662598
Epoch: 6556, Loss: 5.668917655944824
Epoch: 6557, Loss: 5.667694091796875
Epoch: 6558, Loss: 5.667993545532227
Epoch: 6559, Loss: 5.646199703216553
Epoch: 6560, Loss: 5.664316177368164
Test acc: 0.0508, IC acc: 0.0648, IC acc2: 0.0033, IW acc: 0.0028
Epoch: 6561, Loss: 5.666175842285156
Epoch: 6562, Loss: 5.646002769470215
Epoch: 6563, Loss: 5.6550774574279785
Epoch: 6564, Loss: 5.670454978942871
Epoch: 6565, Loss: 5.662744998931885
Epoch: 6566, Loss: 5.673140525817871
Epoch: 6567, Loss: 5.658392906188965
Epoch: 6568, Loss: 5.687060356140137
Epoch: 6569, Loss: 5.652364730834961
Epoch: 6570, Loss: 5.672395706176758
Test acc: 0.0509, IC acc: 0.0646, IC acc2: 0.0033, IW acc: 0.0028
Epoch: 6571, Loss: 5.670457363128662
Epoch: 6572, Loss: 5.673011779785156
Epoch: 6573, Loss: 5.661619186401367
Epoch: 6574, Loss: 5.667552471160889
Epoch: 6575, Loss: 5.648911476135254
Epoch: 6576, Loss: 5.631597995758057
Epoch: 6577, Loss: 5.684501647949219
Epoch: 6578, Loss: 5.671604156494141
Epoch: 6579, Loss: 5.661169052124023
Epoch: 6580, Loss: 5.6795196533203125
Test acc: 0.051, IC acc: 0.0652, IC acc2: 0.0033, IW acc: 0.0028
Epoch: 6581, Loss: 5.67636251449585
Epoch: 6582, Loss: 5.67711877822876
Epoch: 6583, Loss: 5.661289215087891
Epoch: 6584, Loss: 5.662907600402832
Epoch: 6585, Loss: 5.666855335235596
Epoch: 6586, Loss: 5.652243614196777
Epoch: 6587, Loss: 5.667427062988281
Epoch: 6588, Loss: 5.657651901245117
Epoch: 6589, Loss: 5.668763160705566
Epoch: 6590, Loss: 5.661800384521484
Test acc: 0.0513, IC acc: 0.0654, IC acc2: 0.0033, IW acc: 0.0029
Epoch: 6591, Loss: 5.643233299255371
Epoch: 6592, Loss: 5.66306209564209
Epoch: 6593, Loss: 5.658481121063232
Epoch: 6594, Loss: 5.668137550354004
Epoch: 6595, Loss: 5.665327548980713
Epoch: 6596, Loss: 5.6563262939453125
Epoch: 6597, Loss: 5.6632490158081055
Epoch: 6598, Loss: 5.671764373779297
Epoch: 6599, Loss: 5.663881778717041
./circuit_plots/Unrestricted Disentangled|Readout|CN=2|B0=0|B1=0|K=1280|L=320|p_B=0.75|p_C=0.75|B=2|eps=0|b4755c15-ae1c-4b25-96c8-f3c68ba4e0ec/ already exists.
./circuit_plots/Unrestricted Disentangled|Readout|CN=2|B0=0|B1=0|K=1280|L=320|p_B=0.75|p_C=0.75|B=2|eps=0|b4755c15-ae1c-4b25-96c8-f3c68ba4e0ec/ already exists.
./circuit_plots/Unrestricted Disentangled|Readout|CN=2|B0=0|B1=0|K=1280|L=320|p_B=0.75|p_C=0.75|B=2|eps=0|b4755c15-ae1c-4b25-96c8-f3c68ba4e0ec/ already exists.
./circuit_plots/Unrestricted Disentangled|Readout|CN=2|B0=0|B1=0|K=1280|L=320|p_B=0.75|p_C=0.75|B=2|eps=0|b4755c15-ae1c-4b25-96c8-f3c68ba4e0ec/ already exists.
./circuit_plots/Unrestricted Disentangled|Readout|CN=2|B0=0|B1=0|K=1280|L=320|p_B=0.75|p_C=0.75|B=2|eps=0|b4755c15-ae1c-4b25-96c8-f3c68ba4e0ec/ already exists.
./circuit_plots/Unrestricted Disentangled|Readout|CN=2|B0=0|B1=0|K=1280|L=320|p_B=0.75|p_C=0.75|B=2|eps=0|b4755c15-ae1c-4b25-96c8-f3c68ba4e0ec/ already exists.
./circuit_plots/Unrestricted Disentangled|Readout|CN=2|B0=0|B1=0|K=1280|L=320|p_B=0.75|p_C=0.75|B=2|eps=0|b4755c15-ae1c-4b25-96c8-f3c68ba4e0ec/ already exists.
Epoch: 6600, Loss: 5.652228355407715
Test acc: 0.0515, IC acc: 0.0654, IC acc2: 0.0033, IW acc: 0.0029
Epoch: 6601, Loss: 5.660348415374756
Epoch: 6602, Loss: 5.670079231262207
Epoch: 6603, Loss: 5.654298782348633
Epoch: 6604, Loss: 5.677628517150879
Epoch: 6605, Loss: 5.657766342163086
Epoch: 6606, Loss: 5.659416675567627
Epoch: 6607, Loss: 5.653575420379639
Epoch: 6608, Loss: 5.65790319442749
Epoch: 6609, Loss: 5.65670108795166
Epoch: 6610, Loss: 5.6855549812316895
Test acc: 0.0516, IC acc: 0.0654, IC acc2: 0.0033, IW acc: 0.0029
Epoch: 6611, Loss: 5.649538993835449
Epoch: 6612, Loss: 5.6666364669799805
Epoch: 6613, Loss: 5.641654968261719
Epoch: 6614, Loss: 5.641507625579834
Epoch: 6615, Loss: 5.644892692565918
Epoch: 6616, Loss: 5.683527946472168
Epoch: 6617, Loss: 5.674985408782959
Epoch: 6618, Loss: 5.644567966461182
Epoch: 6619, Loss: 5.666296005249023
Epoch: 6620, Loss: 5.673013687133789
Test acc: 0.0517, IC acc: 0.0658, IC acc2: 0.0033, IW acc: 0.0029
Epoch: 6621, Loss: 5.641716480255127
Epoch: 6622, Loss: 5.664592266082764
Epoch: 6623, Loss: 5.666011810302734
Epoch: 6624, Loss: 5.666840553283691
Epoch: 6625, Loss: 5.6697869300842285
Epoch: 6626, Loss: 5.671327590942383
Epoch: 6627, Loss: 5.672101020812988
Epoch: 6628, Loss: 5.662869453430176
Epoch: 6629, Loss: 5.65902042388916
Epoch: 6630, Loss: 5.667671203613281
Test acc: 0.0516, IC acc: 0.066, IC acc2: 0.0033, IW acc: 0.0029
Epoch: 6631, Loss: 5.666125297546387
Epoch: 6632, Loss: 5.671177864074707
Epoch: 6633, Loss: 5.6683759689331055
Epoch: 6634, Loss: 5.650075435638428
Epoch: 6635, Loss: 5.680332183837891
Epoch: 6636, Loss: 5.652181625366211
Epoch: 6637, Loss: 5.670443058013916
Epoch: 6638, Loss: 5.666215896606445
Epoch: 6639, Loss: 5.675829887390137
Epoch: 6640, Loss: 5.641482830047607
Test acc: 0.0519, IC acc: 0.0661, IC acc2: 0.0033, IW acc: 0.0029
Epoch: 6641, Loss: 5.660209655761719
Epoch: 6642, Loss: 5.63484001159668
Epoch: 6643, Loss: 5.652998924255371
Epoch: 6644, Loss: 5.657989978790283
Epoch: 6645, Loss: 5.661315441131592
Epoch: 6646, Loss: 5.668538570404053
Epoch: 6647, Loss: 5.668388366699219
Epoch: 6648, Loss: 5.656696319580078
Epoch: 6649, Loss: 5.6787872314453125
./circuit_plots/Unrestricted Disentangled|Readout|CN=2|B0=0|B1=0|K=1280|L=320|p_B=0.75|p_C=0.75|B=2|eps=0|b4755c15-ae1c-4b25-96c8-f3c68ba4e0ec/ already exists.
./circuit_plots/Unrestricted Disentangled|Readout|CN=2|B0=0|B1=0|K=1280|L=320|p_B=0.75|p_C=0.75|B=2|eps=0|b4755c15-ae1c-4b25-96c8-f3c68ba4e0ec/ already exists.
./circuit_plots/Unrestricted Disentangled|Readout|CN=2|B0=0|B1=0|K=1280|L=320|p_B=0.75|p_C=0.75|B=2|eps=0|b4755c15-ae1c-4b25-96c8-f3c68ba4e0ec/ already exists.
./circuit_plots/Unrestricted Disentangled|Readout|CN=2|B0=0|B1=0|K=1280|L=320|p_B=0.75|p_C=0.75|B=2|eps=0|b4755c15-ae1c-4b25-96c8-f3c68ba4e0ec/ already exists.
./circuit_plots/Unrestricted Disentangled|Readout|CN=2|B0=0|B1=0|K=1280|L=320|p_B=0.75|p_C=0.75|B=2|eps=0|b4755c15-ae1c-4b25-96c8-f3c68ba4e0ec/ already exists.
./circuit_plots/Unrestricted Disentangled|Readout|CN=2|B0=0|B1=0|K=1280|L=320|p_B=0.75|p_C=0.75|B=2|eps=0|b4755c15-ae1c-4b25-96c8-f3c68ba4e0ec/ already exists.
./circuit_plots/Unrestricted Disentangled|Readout|CN=2|B0=0|B1=0|K=1280|L=320|p_B=0.75|p_C=0.75|B=2|eps=0|b4755c15-ae1c-4b25-96c8-f3c68ba4e0ec/ already exists.
Epoch: 6650, Loss: 5.643779754638672
Test acc: 0.0521, IC acc: 0.0663, IC acc2: 0.0033, IW acc: 0.0028
Epoch: 6651, Loss: 5.639901638031006
Epoch: 6652, Loss: 5.67548131942749
Epoch: 6653, Loss: 5.685632705688477
Epoch: 6654, Loss: 5.655414581298828
Epoch: 6655, Loss: 5.64499044418335
Epoch: 6656, Loss: 5.674863338470459
Epoch: 6657, Loss: 5.677665710449219
Epoch: 6658, Loss: 5.649045944213867
Epoch: 6659, Loss: 5.655610084533691
Epoch: 6660, Loss: 5.6735615730285645
Test acc: 0.0525, IC acc: 0.0661, IC acc2: 0.0033, IW acc: 0.0029
Epoch: 6661, Loss: 5.664551734924316
Epoch: 6662, Loss: 5.663391590118408
Epoch: 6663, Loss: 5.668992042541504
Epoch: 6664, Loss: 5.664673328399658
Epoch: 6665, Loss: 5.6490254402160645
Epoch: 6666, Loss: 5.659423828125
Epoch: 6667, Loss: 5.659620761871338
Epoch: 6668, Loss: 5.659481525421143
Epoch: 6669, Loss: 5.668848991394043
Epoch: 6670, Loss: 5.6465325355529785
Test acc: 0.0525, IC acc: 0.0662, IC acc2: 0.0033, IW acc: 0.0028
Epoch: 6671, Loss: 5.659300804138184
Epoch: 6672, Loss: 5.66439151763916
Epoch: 6673, Loss: 5.6778459548950195
Epoch: 6674, Loss: 5.655342102050781
Epoch: 6675, Loss: 5.654471397399902
Epoch: 6676, Loss: 5.660951614379883
Epoch: 6677, Loss: 5.682296276092529
Epoch: 6678, Loss: 5.652839660644531
Epoch: 6679, Loss: 5.661628723144531
Epoch: 6680, Loss: 5.654772758483887
Test acc: 0.0526, IC acc: 0.0666, IC acc2: 0.0033, IW acc: 0.0028
Epoch: 6681, Loss: 5.646729946136475
Epoch: 6682, Loss: 5.675096035003662
Epoch: 6683, Loss: 5.660219669342041
Epoch: 6684, Loss: 5.67540168762207
Epoch: 6685, Loss: 5.648565769195557
Epoch: 6686, Loss: 5.658356189727783
Epoch: 6687, Loss: 5.6513800621032715
Epoch: 6688, Loss: 5.659658432006836
Epoch: 6689, Loss: 5.6606597900390625
Epoch: 6690, Loss: 5.658790111541748
Test acc: 0.0526, IC acc: 0.0665, IC acc2: 0.0033, IW acc: 0.0029
Epoch: 6691, Loss: 5.674680233001709
Epoch: 6692, Loss: 5.671726703643799
Epoch: 6693, Loss: 5.66346549987793
Epoch: 6694, Loss: 5.673074722290039
Epoch: 6695, Loss: 5.668740749359131
Epoch: 6696, Loss: 5.646632194519043
Epoch: 6697, Loss: 5.671858787536621
Epoch: 6698, Loss: 5.681680679321289
Epoch: 6699, Loss: 5.670843124389648
./circuit_plots/Unrestricted Disentangled|Readout|CN=2|B0=0|B1=0|K=1280|L=320|p_B=0.75|p_C=0.75|B=2|eps=0|b4755c15-ae1c-4b25-96c8-f3c68ba4e0ec/ already exists.
./circuit_plots/Unrestricted Disentangled|Readout|CN=2|B0=0|B1=0|K=1280|L=320|p_B=0.75|p_C=0.75|B=2|eps=0|b4755c15-ae1c-4b25-96c8-f3c68ba4e0ec/ already exists.
./circuit_plots/Unrestricted Disentangled|Readout|CN=2|B0=0|B1=0|K=1280|L=320|p_B=0.75|p_C=0.75|B=2|eps=0|b4755c15-ae1c-4b25-96c8-f3c68ba4e0ec/ already exists.
./circuit_plots/Unrestricted Disentangled|Readout|CN=2|B0=0|B1=0|K=1280|L=320|p_B=0.75|p_C=0.75|B=2|eps=0|b4755c15-ae1c-4b25-96c8-f3c68ba4e0ec/ already exists.
./circuit_plots/Unrestricted Disentangled|Readout|CN=2|B0=0|B1=0|K=1280|L=320|p_B=0.75|p_C=0.75|B=2|eps=0|b4755c15-ae1c-4b25-96c8-f3c68ba4e0ec/ already exists.
./circuit_plots/Unrestricted Disentangled|Readout|CN=2|B0=0|B1=0|K=1280|L=320|p_B=0.75|p_C=0.75|B=2|eps=0|b4755c15-ae1c-4b25-96c8-f3c68ba4e0ec/ already exists.
./circuit_plots/Unrestricted Disentangled|Readout|CN=2|B0=0|B1=0|K=1280|L=320|p_B=0.75|p_C=0.75|B=2|eps=0|b4755c15-ae1c-4b25-96c8-f3c68ba4e0ec/ already exists.
Epoch: 6700, Loss: 5.6566667556762695
Test acc: 0.0531, IC acc: 0.0671, IC acc2: 0.0033, IW acc: 0.0029
Epoch: 6701, Loss: 5.660542011260986
Epoch: 6702, Loss: 5.637029647827148
Epoch: 6703, Loss: 5.662868499755859
Epoch: 6704, Loss: 5.661277770996094
Epoch: 6705, Loss: 5.6823272705078125
Epoch: 6706, Loss: 5.65027379989624
Epoch: 6707, Loss: 5.66909646987915
Epoch: 6708, Loss: 5.663825988769531
Epoch: 6709, Loss: 5.6378679275512695
Epoch: 6710, Loss: 5.643767356872559
Test acc: 0.0531, IC acc: 0.0672, IC acc2: 0.0033, IW acc: 0.0029
Epoch: 6711, Loss: 5.6616621017456055
Epoch: 6712, Loss: 5.691150665283203
Epoch: 6713, Loss: 5.655117034912109
Epoch: 6714, Loss: 5.671483993530273
Epoch: 6715, Loss: 5.667118072509766
Epoch: 6716, Loss: 5.663779258728027
Epoch: 6717, Loss: 5.665291786193848
Epoch: 6718, Loss: 5.66170072555542
Epoch: 6719, Loss: 5.655217170715332
Epoch: 6720, Loss: 5.665124416351318
Test acc: 0.0535, IC acc: 0.0676, IC acc2: 0.0033, IW acc: 0.0029
Epoch: 6721, Loss: 5.633109092712402
Epoch: 6722, Loss: 5.641009330749512
Epoch: 6723, Loss: 5.653301239013672
Epoch: 6724, Loss: 5.6616034507751465
Epoch: 6725, Loss: 5.659199237823486
Epoch: 6726, Loss: 5.650761604309082
Epoch: 6727, Loss: 5.660517692565918
Epoch: 6728, Loss: 5.648234844207764
Epoch: 6729, Loss: 5.669825553894043
Epoch: 6730, Loss: 5.6520891189575195
Test acc: 0.0535, IC acc: 0.0675, IC acc2: 0.0033, IW acc: 0.0029
Epoch: 6731, Loss: 5.663204193115234
Epoch: 6732, Loss: 5.670161247253418
Epoch: 6733, Loss: 5.652280330657959
Epoch: 6734, Loss: 5.655889987945557
Epoch: 6735, Loss: 5.662030220031738
Epoch: 6736, Loss: 5.675796031951904
Epoch: 6737, Loss: 5.653886318206787
Epoch: 6738, Loss: 5.651914596557617
Epoch: 6739, Loss: 5.656030654907227
Epoch: 6740, Loss: 5.6552510261535645
Test acc: 0.0538, IC acc: 0.0678, IC acc2: 0.0033, IW acc: 0.0029
Epoch: 6741, Loss: 5.639180660247803
Epoch: 6742, Loss: 5.673169136047363
Epoch: 6743, Loss: 5.671999454498291
Epoch: 6744, Loss: 5.653573036193848
Epoch: 6745, Loss: 5.654218673706055
Epoch: 6746, Loss: 5.650368690490723
Epoch: 6747, Loss: 5.6606597900390625
Epoch: 6748, Loss: 5.679856300354004
Epoch: 6749, Loss: 5.675630569458008
./circuit_plots/Unrestricted Disentangled|Readout|CN=2|B0=0|B1=0|K=1280|L=320|p_B=0.75|p_C=0.75|B=2|eps=0|b4755c15-ae1c-4b25-96c8-f3c68ba4e0ec/ already exists.
./circuit_plots/Unrestricted Disentangled|Readout|CN=2|B0=0|B1=0|K=1280|L=320|p_B=0.75|p_C=0.75|B=2|eps=0|b4755c15-ae1c-4b25-96c8-f3c68ba4e0ec/ already exists.
./circuit_plots/Unrestricted Disentangled|Readout|CN=2|B0=0|B1=0|K=1280|L=320|p_B=0.75|p_C=0.75|B=2|eps=0|b4755c15-ae1c-4b25-96c8-f3c68ba4e0ec/ already exists.
./circuit_plots/Unrestricted Disentangled|Readout|CN=2|B0=0|B1=0|K=1280|L=320|p_B=0.75|p_C=0.75|B=2|eps=0|b4755c15-ae1c-4b25-96c8-f3c68ba4e0ec/ already exists.
./circuit_plots/Unrestricted Disentangled|Readout|CN=2|B0=0|B1=0|K=1280|L=320|p_B=0.75|p_C=0.75|B=2|eps=0|b4755c15-ae1c-4b25-96c8-f3c68ba4e0ec/ already exists.
./circuit_plots/Unrestricted Disentangled|Readout|CN=2|B0=0|B1=0|K=1280|L=320|p_B=0.75|p_C=0.75|B=2|eps=0|b4755c15-ae1c-4b25-96c8-f3c68ba4e0ec/ already exists.
./circuit_plots/Unrestricted Disentangled|Readout|CN=2|B0=0|B1=0|K=1280|L=320|p_B=0.75|p_C=0.75|B=2|eps=0|b4755c15-ae1c-4b25-96c8-f3c68ba4e0ec/ already exists.
Epoch: 6750, Loss: 5.6854143142700195
Test acc: 0.0538, IC acc: 0.0677, IC acc2: 0.0033, IW acc: 0.0029
Epoch: 6751, Loss: 5.6603522300720215
Epoch: 6752, Loss: 5.6562395095825195
Epoch: 6753, Loss: 5.667593955993652
Epoch: 6754, Loss: 5.652801990509033
Epoch: 6755, Loss: 5.667484283447266
Epoch: 6756, Loss: 5.6428961753845215
Epoch: 6757, Loss: 5.670644760131836
Epoch: 6758, Loss: 5.670442581176758
Epoch: 6759, Loss: 5.666645526885986
Epoch: 6760, Loss: 5.661206245422363
Test acc: 0.0539, IC acc: 0.0679, IC acc2: 0.0033, IW acc: 0.0028
Epoch: 6761, Loss: 5.649894714355469
Epoch: 6762, Loss: 5.661539077758789
Epoch: 6763, Loss: 5.665773391723633
Epoch: 6764, Loss: 5.668491363525391
Epoch: 6765, Loss: 5.672698497772217
Epoch: 6766, Loss: 5.652990818023682
Epoch: 6767, Loss: 5.671496868133545
Epoch: 6768, Loss: 5.668887138366699
Epoch: 6769, Loss: 5.6701579093933105
Epoch: 6770, Loss: 5.658163070678711
Test acc: 0.054, IC acc: 0.0681, IC acc2: 0.0033, IW acc: 0.0028
Epoch: 6771, Loss: 5.675837516784668
Epoch: 6772, Loss: 5.659252166748047
Epoch: 6773, Loss: 5.661727428436279
Epoch: 6774, Loss: 5.643205642700195
Epoch: 6775, Loss: 5.670619964599609
Epoch: 6776, Loss: 5.663951873779297
Epoch: 6777, Loss: 5.645230293273926
Epoch: 6778, Loss: 5.6596999168396
Epoch: 6779, Loss: 5.673894882202148
Epoch: 6780, Loss: 5.670168876647949
Test acc: 0.0539, IC acc: 0.0685, IC acc2: 0.0033, IW acc: 0.0029
Epoch: 6781, Loss: 5.662232398986816
Epoch: 6782, Loss: 5.67119026184082
Epoch: 6783, Loss: 5.652559280395508
Epoch: 6784, Loss: 5.656131267547607
Epoch: 6785, Loss: 5.654857158660889
Epoch: 6786, Loss: 5.681359767913818
Epoch: 6787, Loss: 5.652890205383301
Epoch: 6788, Loss: 5.65011739730835
Epoch: 6789, Loss: 5.679551124572754
Epoch: 6790, Loss: 5.674650192260742
Test acc: 0.054, IC acc: 0.0688, IC acc2: 0.0033, IW acc: 0.0028
Epoch: 6791, Loss: 5.677411079406738
Epoch: 6792, Loss: 5.667481422424316
Epoch: 6793, Loss: 5.669034957885742
Epoch: 6794, Loss: 5.664061069488525
Epoch: 6795, Loss: 5.657225131988525
Epoch: 6796, Loss: 5.660778999328613
Epoch: 6797, Loss: 5.658056735992432
Epoch: 6798, Loss: 5.648792266845703
Epoch: 6799, Loss: 5.644400119781494
./circuit_plots/Unrestricted Disentangled|Readout|CN=2|B0=0|B1=0|K=1280|L=320|p_B=0.75|p_C=0.75|B=2|eps=0|b4755c15-ae1c-4b25-96c8-f3c68ba4e0ec/ already exists.
./circuit_plots/Unrestricted Disentangled|Readout|CN=2|B0=0|B1=0|K=1280|L=320|p_B=0.75|p_C=0.75|B=2|eps=0|b4755c15-ae1c-4b25-96c8-f3c68ba4e0ec/ already exists.
./circuit_plots/Unrestricted Disentangled|Readout|CN=2|B0=0|B1=0|K=1280|L=320|p_B=0.75|p_C=0.75|B=2|eps=0|b4755c15-ae1c-4b25-96c8-f3c68ba4e0ec/ already exists.
./circuit_plots/Unrestricted Disentangled|Readout|CN=2|B0=0|B1=0|K=1280|L=320|p_B=0.75|p_C=0.75|B=2|eps=0|b4755c15-ae1c-4b25-96c8-f3c68ba4e0ec/ already exists.
./circuit_plots/Unrestricted Disentangled|Readout|CN=2|B0=0|B1=0|K=1280|L=320|p_B=0.75|p_C=0.75|B=2|eps=0|b4755c15-ae1c-4b25-96c8-f3c68ba4e0ec/ already exists.
./circuit_plots/Unrestricted Disentangled|Readout|CN=2|B0=0|B1=0|K=1280|L=320|p_B=0.75|p_C=0.75|B=2|eps=0|b4755c15-ae1c-4b25-96c8-f3c68ba4e0ec/ already exists.
./circuit_plots/Unrestricted Disentangled|Readout|CN=2|B0=0|B1=0|K=1280|L=320|p_B=0.75|p_C=0.75|B=2|eps=0|b4755c15-ae1c-4b25-96c8-f3c68ba4e0ec/ already exists.
Epoch: 6800, Loss: 5.643275737762451
Test acc: 0.0539, IC acc: 0.0689, IC acc2: 0.0033, IW acc: 0.0028
Epoch: 6801, Loss: 5.648571968078613
Epoch: 6802, Loss: 5.665785789489746
Epoch: 6803, Loss: 5.657504558563232
Epoch: 6804, Loss: 5.664296627044678
Epoch: 6805, Loss: 5.656205654144287
Epoch: 6806, Loss: 5.6604390144348145
Epoch: 6807, Loss: 5.655557155609131
Epoch: 6808, Loss: 5.658468246459961
Epoch: 6809, Loss: 5.640168190002441
Epoch: 6810, Loss: 5.6712799072265625
Test acc: 0.0542, IC acc: 0.069, IC acc2: 0.0033, IW acc: 0.0029
Epoch: 6811, Loss: 5.65584659576416
Epoch: 6812, Loss: 5.674139976501465
Epoch: 6813, Loss: 5.647941589355469
Epoch: 6814, Loss: 5.648040771484375
Epoch: 6815, Loss: 5.665117263793945
Epoch: 6816, Loss: 5.65070104598999
Epoch: 6817, Loss: 5.657902717590332
Epoch: 6818, Loss: 5.66390323638916
Epoch: 6819, Loss: 5.6685590744018555
Epoch: 6820, Loss: 5.666651725769043
Test acc: 0.0542, IC acc: 0.069, IC acc2: 0.0033, IW acc: 0.0029
Epoch: 6821, Loss: 5.634575843811035
Epoch: 6822, Loss: 5.64628791809082
Epoch: 6823, Loss: 5.679381370544434
Epoch: 6824, Loss: 5.6674346923828125
Epoch: 6825, Loss: 5.6593217849731445
Epoch: 6826, Loss: 5.652416229248047
Epoch: 6827, Loss: 5.6294965744018555
Epoch: 6828, Loss: 5.65772819519043
Epoch: 6829, Loss: 5.655572891235352
Epoch: 6830, Loss: 5.648357391357422
Test acc: 0.0544, IC acc: 0.0691, IC acc2: 0.0033, IW acc: 0.0029
Epoch: 6831, Loss: 5.652078628540039
Epoch: 6832, Loss: 5.661541938781738
Epoch: 6833, Loss: 5.664798736572266
Epoch: 6834, Loss: 5.647267818450928
Epoch: 6835, Loss: 5.6677350997924805
Epoch: 6836, Loss: 5.66871976852417
Epoch: 6837, Loss: 5.657500743865967
Epoch: 6838, Loss: 5.6579670906066895
Epoch: 6839, Loss: 5.662143707275391
Epoch: 6840, Loss: 5.674772262573242
Test acc: 0.0543, IC acc: 0.0692, IC acc2: 0.0033, IW acc: 0.0028
Epoch: 6841, Loss: 5.652790069580078
Epoch: 6842, Loss: 5.656224250793457
Epoch: 6843, Loss: 5.671063423156738
Epoch: 6844, Loss: 5.658905982971191
Epoch: 6845, Loss: 5.656297206878662
Epoch: 6846, Loss: 5.658927917480469
Epoch: 6847, Loss: 5.649853706359863
Epoch: 6848, Loss: 5.664989471435547
Epoch: 6849, Loss: 5.664276123046875
./circuit_plots/Unrestricted Disentangled|Readout|CN=2|B0=0|B1=0|K=1280|L=320|p_B=0.75|p_C=0.75|B=2|eps=0|b4755c15-ae1c-4b25-96c8-f3c68ba4e0ec/ already exists.
./circuit_plots/Unrestricted Disentangled|Readout|CN=2|B0=0|B1=0|K=1280|L=320|p_B=0.75|p_C=0.75|B=2|eps=0|b4755c15-ae1c-4b25-96c8-f3c68ba4e0ec/ already exists.
./circuit_plots/Unrestricted Disentangled|Readout|CN=2|B0=0|B1=0|K=1280|L=320|p_B=0.75|p_C=0.75|B=2|eps=0|b4755c15-ae1c-4b25-96c8-f3c68ba4e0ec/ already exists.
./circuit_plots/Unrestricted Disentangled|Readout|CN=2|B0=0|B1=0|K=1280|L=320|p_B=0.75|p_C=0.75|B=2|eps=0|b4755c15-ae1c-4b25-96c8-f3c68ba4e0ec/ already exists.
./circuit_plots/Unrestricted Disentangled|Readout|CN=2|B0=0|B1=0|K=1280|L=320|p_B=0.75|p_C=0.75|B=2|eps=0|b4755c15-ae1c-4b25-96c8-f3c68ba4e0ec/ already exists.
./circuit_plots/Unrestricted Disentangled|Readout|CN=2|B0=0|B1=0|K=1280|L=320|p_B=0.75|p_C=0.75|B=2|eps=0|b4755c15-ae1c-4b25-96c8-f3c68ba4e0ec/ already exists.
./circuit_plots/Unrestricted Disentangled|Readout|CN=2|B0=0|B1=0|K=1280|L=320|p_B=0.75|p_C=0.75|B=2|eps=0|b4755c15-ae1c-4b25-96c8-f3c68ba4e0ec/ already exists.
Epoch: 6850, Loss: 5.646655559539795
Test acc: 0.0546, IC acc: 0.0695, IC acc2: 0.0033, IW acc: 0.0028
Epoch: 6851, Loss: 5.668486595153809
Epoch: 6852, Loss: 5.666110992431641
Epoch: 6853, Loss: 5.664491653442383
Epoch: 6854, Loss: 5.648551940917969
Epoch: 6855, Loss: 5.660543918609619
Epoch: 6856, Loss: 5.636782646179199
Epoch: 6857, Loss: 5.6605987548828125
Epoch: 6858, Loss: 5.667323589324951
Epoch: 6859, Loss: 5.65699577331543
Epoch: 6860, Loss: 5.66300630569458
Test acc: 0.0546, IC acc: 0.0697, IC acc2: 0.0033, IW acc: 0.0028
Epoch: 6861, Loss: 5.675294399261475
Epoch: 6862, Loss: 5.649989128112793
Epoch: 6863, Loss: 5.637432098388672
Epoch: 6864, Loss: 5.6498894691467285
Epoch: 6865, Loss: 5.666474342346191
Epoch: 6866, Loss: 5.674864768981934
Epoch: 6867, Loss: 5.663600921630859
Epoch: 6868, Loss: 5.655261039733887
Epoch: 6869, Loss: 5.668015003204346
Epoch: 6870, Loss: 5.663449287414551
Test acc: 0.0548, IC acc: 0.0702, IC acc2: 0.0033, IW acc: 0.0028
Epoch: 6871, Loss: 5.644237518310547
Epoch: 6872, Loss: 5.674643516540527
Epoch: 6873, Loss: 5.671513080596924
Epoch: 6874, Loss: 5.6660027503967285
Epoch: 6875, Loss: 5.65360164642334
Epoch: 6876, Loss: 5.655369281768799
Epoch: 6877, Loss: 5.664704322814941
Epoch: 6878, Loss: 5.65159797668457
Epoch: 6879, Loss: 5.639948844909668
Epoch: 6880, Loss: 5.652834892272949
Test acc: 0.0548, IC acc: 0.0703, IC acc2: 0.0032, IW acc: 0.0028
Epoch: 6881, Loss: 5.656405448913574
Epoch: 6882, Loss: 5.646172046661377
Epoch: 6883, Loss: 5.6572794914245605
Epoch: 6884, Loss: 5.6521220207214355
Epoch: 6885, Loss: 5.64849328994751
Epoch: 6886, Loss: 5.654618263244629
Epoch: 6887, Loss: 5.65079402923584
Epoch: 6888, Loss: 5.6409711837768555
Epoch: 6889, Loss: 5.633074760437012
Epoch: 6890, Loss: 5.654129981994629
Test acc: 0.0552, IC acc: 0.0706, IC acc2: 0.0032, IW acc: 0.0028
Epoch: 6891, Loss: 5.6462202072143555
Epoch: 6892, Loss: 5.660787582397461
Epoch: 6893, Loss: 5.655176162719727
Epoch: 6894, Loss: 5.669161796569824
Epoch: 6895, Loss: 5.64495849609375
Epoch: 6896, Loss: 5.672299385070801
Epoch: 6897, Loss: 5.6374969482421875
Epoch: 6898, Loss: 5.652798652648926
Epoch: 6899, Loss: 5.662245750427246
./circuit_plots/Unrestricted Disentangled|Readout|CN=2|B0=0|B1=0|K=1280|L=320|p_B=0.75|p_C=0.75|B=2|eps=0|b4755c15-ae1c-4b25-96c8-f3c68ba4e0ec/ already exists.
./circuit_plots/Unrestricted Disentangled|Readout|CN=2|B0=0|B1=0|K=1280|L=320|p_B=0.75|p_C=0.75|B=2|eps=0|b4755c15-ae1c-4b25-96c8-f3c68ba4e0ec/ already exists.
./circuit_plots/Unrestricted Disentangled|Readout|CN=2|B0=0|B1=0|K=1280|L=320|p_B=0.75|p_C=0.75|B=2|eps=0|b4755c15-ae1c-4b25-96c8-f3c68ba4e0ec/ already exists.
./circuit_plots/Unrestricted Disentangled|Readout|CN=2|B0=0|B1=0|K=1280|L=320|p_B=0.75|p_C=0.75|B=2|eps=0|b4755c15-ae1c-4b25-96c8-f3c68ba4e0ec/ already exists.
./circuit_plots/Unrestricted Disentangled|Readout|CN=2|B0=0|B1=0|K=1280|L=320|p_B=0.75|p_C=0.75|B=2|eps=0|b4755c15-ae1c-4b25-96c8-f3c68ba4e0ec/ already exists.
./circuit_plots/Unrestricted Disentangled|Readout|CN=2|B0=0|B1=0|K=1280|L=320|p_B=0.75|p_C=0.75|B=2|eps=0|b4755c15-ae1c-4b25-96c8-f3c68ba4e0ec/ already exists.
./circuit_plots/Unrestricted Disentangled|Readout|CN=2|B0=0|B1=0|K=1280|L=320|p_B=0.75|p_C=0.75|B=2|eps=0|b4755c15-ae1c-4b25-96c8-f3c68ba4e0ec/ already exists.
Epoch: 6900, Loss: 5.666203022003174
Test acc: 0.0552, IC acc: 0.0705, IC acc2: 0.0032, IW acc: 0.0028
Epoch: 6901, Loss: 5.666041851043701
Epoch: 6902, Loss: 5.654484272003174
Epoch: 6903, Loss: 5.667116165161133
Epoch: 6904, Loss: 5.656470775604248
Epoch: 6905, Loss: 5.665769577026367
Epoch: 6906, Loss: 5.665590286254883
Epoch: 6907, Loss: 5.6570329666137695
Epoch: 6908, Loss: 5.652199745178223
Epoch: 6909, Loss: 5.663363456726074
Epoch: 6910, Loss: 5.646895885467529
Test acc: 0.0553, IC acc: 0.071, IC acc2: 0.0032, IW acc: 0.0028
Epoch: 6911, Loss: 5.653483867645264
Epoch: 6912, Loss: 5.634796142578125
Epoch: 6913, Loss: 5.672670841217041
Epoch: 6914, Loss: 5.662191390991211
Epoch: 6915, Loss: 5.653197288513184
Epoch: 6916, Loss: 5.6487579345703125
Epoch: 6917, Loss: 5.668415069580078
Epoch: 6918, Loss: 5.663119316101074
Epoch: 6919, Loss: 5.661089897155762
Epoch: 6920, Loss: 5.658915042877197
Test acc: 0.0553, IC acc: 0.0712, IC acc2: 0.0033, IW acc: 0.0028
Epoch: 6921, Loss: 5.652548789978027
Epoch: 6922, Loss: 5.6659746170043945
Epoch: 6923, Loss: 5.647468566894531
Epoch: 6924, Loss: 5.675053119659424
Epoch: 6925, Loss: 5.661326885223389
Epoch: 6926, Loss: 5.661427021026611
Epoch: 6927, Loss: 5.663476943969727
Epoch: 6928, Loss: 5.6681013107299805
Epoch: 6929, Loss: 5.6604461669921875
Epoch: 6930, Loss: 5.660205364227295
Test acc: 0.0554, IC acc: 0.0712, IC acc2: 0.0033, IW acc: 0.0027
Epoch: 6931, Loss: 5.661738395690918
Epoch: 6932, Loss: 5.6349873542785645
Epoch: 6933, Loss: 5.665505409240723
Epoch: 6934, Loss: 5.643810272216797
Epoch: 6935, Loss: 5.657224655151367
Epoch: 6936, Loss: 5.664397716522217
Epoch: 6937, Loss: 5.659645080566406
Epoch: 6938, Loss: 5.670867443084717
Epoch: 6939, Loss: 5.650224685668945
Epoch: 6940, Loss: 5.644205093383789
Test acc: 0.0556, IC acc: 0.0715, IC acc2: 0.0033, IW acc: 0.0027
Epoch: 6941, Loss: 5.655242919921875
Epoch: 6942, Loss: 5.648990631103516
Epoch: 6943, Loss: 5.6616129875183105
Epoch: 6944, Loss: 5.654728889465332
Epoch: 6945, Loss: 5.650952339172363
Epoch: 6946, Loss: 5.632960319519043
Epoch: 6947, Loss: 5.672697067260742
Epoch: 6948, Loss: 5.641376972198486
Epoch: 6949, Loss: 5.668815612792969
./circuit_plots/Unrestricted Disentangled|Readout|CN=2|B0=0|B1=0|K=1280|L=320|p_B=0.75|p_C=0.75|B=2|eps=0|b4755c15-ae1c-4b25-96c8-f3c68ba4e0ec/ already exists.
./circuit_plots/Unrestricted Disentangled|Readout|CN=2|B0=0|B1=0|K=1280|L=320|p_B=0.75|p_C=0.75|B=2|eps=0|b4755c15-ae1c-4b25-96c8-f3c68ba4e0ec/ already exists.
./circuit_plots/Unrestricted Disentangled|Readout|CN=2|B0=0|B1=0|K=1280|L=320|p_B=0.75|p_C=0.75|B=2|eps=0|b4755c15-ae1c-4b25-96c8-f3c68ba4e0ec/ already exists.
./circuit_plots/Unrestricted Disentangled|Readout|CN=2|B0=0|B1=0|K=1280|L=320|p_B=0.75|p_C=0.75|B=2|eps=0|b4755c15-ae1c-4b25-96c8-f3c68ba4e0ec/ already exists.
./circuit_plots/Unrestricted Disentangled|Readout|CN=2|B0=0|B1=0|K=1280|L=320|p_B=0.75|p_C=0.75|B=2|eps=0|b4755c15-ae1c-4b25-96c8-f3c68ba4e0ec/ already exists.
./circuit_plots/Unrestricted Disentangled|Readout|CN=2|B0=0|B1=0|K=1280|L=320|p_B=0.75|p_C=0.75|B=2|eps=0|b4755c15-ae1c-4b25-96c8-f3c68ba4e0ec/ already exists.
./circuit_plots/Unrestricted Disentangled|Readout|CN=2|B0=0|B1=0|K=1280|L=320|p_B=0.75|p_C=0.75|B=2|eps=0|b4755c15-ae1c-4b25-96c8-f3c68ba4e0ec/ already exists.
Epoch: 6950, Loss: 5.665422439575195
Test acc: 0.0557, IC acc: 0.0714, IC acc2: 0.0033, IW acc: 0.0027
Epoch: 6951, Loss: 5.664560794830322
Epoch: 6952, Loss: 5.657966136932373
Epoch: 6953, Loss: 5.663144588470459
Epoch: 6954, Loss: 5.645898342132568
Epoch: 6955, Loss: 5.673398017883301
Epoch: 6956, Loss: 5.643050193786621
Epoch: 6957, Loss: 5.668896675109863
Epoch: 6958, Loss: 5.639461040496826
Epoch: 6959, Loss: 5.6549973487854
Epoch: 6960, Loss: 5.666284084320068
Test acc: 0.0561, IC acc: 0.0716, IC acc2: 0.0033, IW acc: 0.0028
Epoch: 6961, Loss: 5.660152912139893
Epoch: 6962, Loss: 5.648716926574707
Epoch: 6963, Loss: 5.657808780670166
Epoch: 6964, Loss: 5.676025390625
Epoch: 6965, Loss: 5.654702186584473
Epoch: 6966, Loss: 5.659969329833984
Epoch: 6967, Loss: 5.659210681915283
Epoch: 6968, Loss: 5.656681060791016
Epoch: 6969, Loss: 5.6725616455078125
Epoch: 6970, Loss: 5.647732734680176
Test acc: 0.0562, IC acc: 0.0718, IC acc2: 0.0033, IW acc: 0.0027
Epoch: 6971, Loss: 5.650993347167969
Epoch: 6972, Loss: 5.644196510314941
Epoch: 6973, Loss: 5.658446788787842
Epoch: 6974, Loss: 5.662866592407227
Epoch: 6975, Loss: 5.654304504394531
Epoch: 6976, Loss: 5.630220413208008
Epoch: 6977, Loss: 5.659115314483643
Epoch: 6978, Loss: 5.6466851234436035
Epoch: 6979, Loss: 5.652320861816406
Epoch: 6980, Loss: 5.6649675369262695
Test acc: 0.0564, IC acc: 0.0718, IC acc2: 0.0033, IW acc: 0.0028
Epoch: 6981, Loss: 5.653738975524902
Epoch: 6982, Loss: 5.6773271560668945
Epoch: 6983, Loss: 5.64327335357666
Epoch: 6984, Loss: 5.638704776763916
Epoch: 6985, Loss: 5.663084030151367
Epoch: 6986, Loss: 5.657118797302246
Epoch: 6987, Loss: 5.652608871459961
Epoch: 6988, Loss: 5.6587724685668945
Epoch: 6989, Loss: 5.66247034072876
Epoch: 6990, Loss: 5.656327724456787
Test acc: 0.0564, IC acc: 0.0721, IC acc2: 0.0033, IW acc: 0.0028
Epoch: 6991, Loss: 5.633549690246582
Epoch: 6992, Loss: 5.645053386688232
Epoch: 6993, Loss: 5.665224075317383
Epoch: 6994, Loss: 5.640675067901611
Epoch: 6995, Loss: 5.65727424621582
Epoch: 6996, Loss: 5.660232067108154
Epoch: 6997, Loss: 5.672916889190674
Epoch: 6998, Loss: 5.670417785644531
Epoch: 6999, Loss: 5.6512651443481445
./circuit_plots/Unrestricted Disentangled|Readout|CN=2|B0=0|B1=0|K=1280|L=320|p_B=0.75|p_C=0.75|B=2|eps=0|b4755c15-ae1c-4b25-96c8-f3c68ba4e0ec/ already exists.
./circuit_plots/Unrestricted Disentangled|Readout|CN=2|B0=0|B1=0|K=1280|L=320|p_B=0.75|p_C=0.75|B=2|eps=0|b4755c15-ae1c-4b25-96c8-f3c68ba4e0ec/ already exists.
./circuit_plots/Unrestricted Disentangled|Readout|CN=2|B0=0|B1=0|K=1280|L=320|p_B=0.75|p_C=0.75|B=2|eps=0|b4755c15-ae1c-4b25-96c8-f3c68ba4e0ec/ already exists.
./circuit_plots/Unrestricted Disentangled|Readout|CN=2|B0=0|B1=0|K=1280|L=320|p_B=0.75|p_C=0.75|B=2|eps=0|b4755c15-ae1c-4b25-96c8-f3c68ba4e0ec/ already exists.
./circuit_plots/Unrestricted Disentangled|Readout|CN=2|B0=0|B1=0|K=1280|L=320|p_B=0.75|p_C=0.75|B=2|eps=0|b4755c15-ae1c-4b25-96c8-f3c68ba4e0ec/ already exists.
./circuit_plots/Unrestricted Disentangled|Readout|CN=2|B0=0|B1=0|K=1280|L=320|p_B=0.75|p_C=0.75|B=2|eps=0|b4755c15-ae1c-4b25-96c8-f3c68ba4e0ec/ already exists.
./circuit_plots/Unrestricted Disentangled|Readout|CN=2|B0=0|B1=0|K=1280|L=320|p_B=0.75|p_C=0.75|B=2|eps=0|b4755c15-ae1c-4b25-96c8-f3c68ba4e0ec/ already exists.
Epoch: 7000, Loss: 5.65622615814209
Test acc: 0.0564, IC acc: 0.0726, IC acc2: 0.0033, IW acc: 0.0028
Epoch: 7001, Loss: 5.659595012664795
Epoch: 7002, Loss: 5.660311222076416
Epoch: 7003, Loss: 5.649857521057129
Epoch: 7004, Loss: 5.660902500152588
Epoch: 7005, Loss: 5.642165184020996
Epoch: 7006, Loss: 5.665374279022217
Epoch: 7007, Loss: 5.651918888092041
Epoch: 7008, Loss: 5.673718452453613
Epoch: 7009, Loss: 5.681582927703857
Epoch: 7010, Loss: 5.642983436584473
Test acc: 0.0565, IC acc: 0.0731, IC acc2: 0.0033, IW acc: 0.0028
Epoch: 7011, Loss: 5.65645694732666
Epoch: 7012, Loss: 5.643860816955566
Epoch: 7013, Loss: 5.639420509338379
Epoch: 7014, Loss: 5.6699137687683105
Epoch: 7015, Loss: 5.662478446960449
Epoch: 7016, Loss: 5.670976638793945
Epoch: 7017, Loss: 5.662935256958008
Epoch: 7018, Loss: 5.6509575843811035
Epoch: 7019, Loss: 5.660593032836914
Epoch: 7020, Loss: 5.665889739990234
Test acc: 0.0567, IC acc: 0.0734, IC acc2: 0.0033, IW acc: 0.0028
Epoch: 7021, Loss: 5.6582136154174805
Epoch: 7022, Loss: 5.641965389251709
Epoch: 7023, Loss: 5.684463977813721
Epoch: 7024, Loss: 5.660096168518066
Epoch: 7025, Loss: 5.625326156616211
Epoch: 7026, Loss: 5.661299705505371
Epoch: 7027, Loss: 5.646278381347656
Epoch: 7028, Loss: 5.648772239685059
Epoch: 7029, Loss: 5.658871650695801
Epoch: 7030, Loss: 5.65914249420166
Test acc: 0.0566, IC acc: 0.0732, IC acc2: 0.0033, IW acc: 0.0028
Epoch: 7031, Loss: 5.649960994720459
Epoch: 7032, Loss: 5.653972148895264
Epoch: 7033, Loss: 5.663713455200195
Epoch: 7034, Loss: 5.660221099853516
Epoch: 7035, Loss: 5.660489559173584
Epoch: 7036, Loss: 5.641434192657471
Epoch: 7037, Loss: 5.648239612579346
Epoch: 7038, Loss: 5.646389961242676
Epoch: 7039, Loss: 5.660689353942871
Epoch: 7040, Loss: 5.656548976898193
Test acc: 0.0568, IC acc: 0.0738, IC acc2: 0.0033, IW acc: 0.0028
Epoch: 7041, Loss: 5.648044586181641
Epoch: 7042, Loss: 5.64439582824707
Epoch: 7043, Loss: 5.6795549392700195
Epoch: 7044, Loss: 5.650672912597656
Epoch: 7045, Loss: 5.633469581604004
Epoch: 7046, Loss: 5.6439971923828125
Epoch: 7047, Loss: 5.648721694946289
Epoch: 7048, Loss: 5.659687042236328
Epoch: 7049, Loss: 5.645439147949219
./circuit_plots/Unrestricted Disentangled|Readout|CN=2|B0=0|B1=0|K=1280|L=320|p_B=0.75|p_C=0.75|B=2|eps=0|b4755c15-ae1c-4b25-96c8-f3c68ba4e0ec/ already exists.
./circuit_plots/Unrestricted Disentangled|Readout|CN=2|B0=0|B1=0|K=1280|L=320|p_B=0.75|p_C=0.75|B=2|eps=0|b4755c15-ae1c-4b25-96c8-f3c68ba4e0ec/ already exists.
./circuit_plots/Unrestricted Disentangled|Readout|CN=2|B0=0|B1=0|K=1280|L=320|p_B=0.75|p_C=0.75|B=2|eps=0|b4755c15-ae1c-4b25-96c8-f3c68ba4e0ec/ already exists.
./circuit_plots/Unrestricted Disentangled|Readout|CN=2|B0=0|B1=0|K=1280|L=320|p_B=0.75|p_C=0.75|B=2|eps=0|b4755c15-ae1c-4b25-96c8-f3c68ba4e0ec/ already exists.
./circuit_plots/Unrestricted Disentangled|Readout|CN=2|B0=0|B1=0|K=1280|L=320|p_B=0.75|p_C=0.75|B=2|eps=0|b4755c15-ae1c-4b25-96c8-f3c68ba4e0ec/ already exists.
./circuit_plots/Unrestricted Disentangled|Readout|CN=2|B0=0|B1=0|K=1280|L=320|p_B=0.75|p_C=0.75|B=2|eps=0|b4755c15-ae1c-4b25-96c8-f3c68ba4e0ec/ already exists.
./circuit_plots/Unrestricted Disentangled|Readout|CN=2|B0=0|B1=0|K=1280|L=320|p_B=0.75|p_C=0.75|B=2|eps=0|b4755c15-ae1c-4b25-96c8-f3c68ba4e0ec/ already exists.
Epoch: 7050, Loss: 5.63997745513916
Test acc: 0.0568, IC acc: 0.0742, IC acc2: 0.0033, IW acc: 0.0027
Epoch: 7051, Loss: 5.652403354644775
Epoch: 7052, Loss: 5.662242889404297
Epoch: 7053, Loss: 5.660411834716797
Epoch: 7054, Loss: 5.65022611618042
Epoch: 7055, Loss: 5.644815921783447
Epoch: 7056, Loss: 5.651080131530762
Epoch: 7057, Loss: 5.6570940017700195
Epoch: 7058, Loss: 5.6698150634765625
Epoch: 7059, Loss: 5.660755157470703
Epoch: 7060, Loss: 5.665836334228516
Test acc: 0.0568, IC acc: 0.0743, IC acc2: 0.0033, IW acc: 0.0027
Epoch: 7061, Loss: 5.675837516784668
Epoch: 7062, Loss: 5.65002965927124
Epoch: 7063, Loss: 5.663215637207031
Epoch: 7064, Loss: 5.665436267852783
Epoch: 7065, Loss: 5.646052360534668
Epoch: 7066, Loss: 5.635393142700195
Epoch: 7067, Loss: 5.6639251708984375
Epoch: 7068, Loss: 5.673413276672363
Epoch: 7069, Loss: 5.6519598960876465
Epoch: 7070, Loss: 5.6530046463012695
Test acc: 0.0568, IC acc: 0.0744, IC acc2: 0.0033, IW acc: 0.0027
Epoch: 7071, Loss: 5.643715858459473
Epoch: 7072, Loss: 5.65854549407959
Epoch: 7073, Loss: 5.634921073913574
Epoch: 7074, Loss: 5.6428937911987305
Epoch: 7075, Loss: 5.63694429397583
Epoch: 7076, Loss: 5.647482872009277
Epoch: 7077, Loss: 5.644435882568359
Epoch: 7078, Loss: 5.653861045837402
Epoch: 7079, Loss: 5.669569969177246
Epoch: 7080, Loss: 5.674598693847656
Test acc: 0.0572, IC acc: 0.0745, IC acc2: 0.0033, IW acc: 0.0027
Epoch: 7081, Loss: 5.661134243011475
Epoch: 7082, Loss: 5.670675277709961
Epoch: 7083, Loss: 5.65169095993042
Epoch: 7084, Loss: 5.641467094421387
Epoch: 7085, Loss: 5.657835006713867
Epoch: 7086, Loss: 5.662797927856445
Epoch: 7087, Loss: 5.647332668304443
Epoch: 7088, Loss: 5.639712333679199
Epoch: 7089, Loss: 5.638669013977051
Epoch: 7090, Loss: 5.659900188446045
Test acc: 0.0572, IC acc: 0.0748, IC acc2: 0.0033, IW acc: 0.0027
Epoch: 7091, Loss: 5.661650657653809
Epoch: 7092, Loss: 5.667105674743652
Epoch: 7093, Loss: 5.646579742431641
Epoch: 7094, Loss: 5.6508355140686035
Epoch: 7095, Loss: 5.657463073730469
Epoch: 7096, Loss: 5.642304420471191
Epoch: 7097, Loss: 5.660491943359375
Epoch: 7098, Loss: 5.6485137939453125
Epoch: 7099, Loss: 5.660639762878418
./circuit_plots/Unrestricted Disentangled|Readout|CN=2|B0=0|B1=0|K=1280|L=320|p_B=0.75|p_C=0.75|B=2|eps=0|b4755c15-ae1c-4b25-96c8-f3c68ba4e0ec/ already exists.
./circuit_plots/Unrestricted Disentangled|Readout|CN=2|B0=0|B1=0|K=1280|L=320|p_B=0.75|p_C=0.75|B=2|eps=0|b4755c15-ae1c-4b25-96c8-f3c68ba4e0ec/ already exists.
./circuit_plots/Unrestricted Disentangled|Readout|CN=2|B0=0|B1=0|K=1280|L=320|p_B=0.75|p_C=0.75|B=2|eps=0|b4755c15-ae1c-4b25-96c8-f3c68ba4e0ec/ already exists.
./circuit_plots/Unrestricted Disentangled|Readout|CN=2|B0=0|B1=0|K=1280|L=320|p_B=0.75|p_C=0.75|B=2|eps=0|b4755c15-ae1c-4b25-96c8-f3c68ba4e0ec/ already exists.
./circuit_plots/Unrestricted Disentangled|Readout|CN=2|B0=0|B1=0|K=1280|L=320|p_B=0.75|p_C=0.75|B=2|eps=0|b4755c15-ae1c-4b25-96c8-f3c68ba4e0ec/ already exists.
./circuit_plots/Unrestricted Disentangled|Readout|CN=2|B0=0|B1=0|K=1280|L=320|p_B=0.75|p_C=0.75|B=2|eps=0|b4755c15-ae1c-4b25-96c8-f3c68ba4e0ec/ already exists.
./circuit_plots/Unrestricted Disentangled|Readout|CN=2|B0=0|B1=0|K=1280|L=320|p_B=0.75|p_C=0.75|B=2|eps=0|b4755c15-ae1c-4b25-96c8-f3c68ba4e0ec/ already exists.
Epoch: 7100, Loss: 5.640220642089844
Test acc: 0.057, IC acc: 0.075, IC acc2: 0.0033, IW acc: 0.0027
Epoch: 7101, Loss: 5.65432071685791
Epoch: 7102, Loss: 5.6522603034973145
Epoch: 7103, Loss: 5.663539409637451
Epoch: 7104, Loss: 5.656040191650391
Epoch: 7105, Loss: 5.6517863273620605
Epoch: 7106, Loss: 5.6559648513793945
Epoch: 7107, Loss: 5.6700029373168945
Epoch: 7108, Loss: 5.67236328125
Epoch: 7109, Loss: 5.623199939727783
Epoch: 7110, Loss: 5.650078773498535
Test acc: 0.057, IC acc: 0.0751, IC acc2: 0.0033, IW acc: 0.0027
Epoch: 7111, Loss: 5.650087356567383
Epoch: 7112, Loss: 5.672170639038086
Epoch: 7113, Loss: 5.672715187072754
Epoch: 7114, Loss: 5.672572135925293
Epoch: 7115, Loss: 5.666626453399658
Epoch: 7116, Loss: 5.670886516571045
Epoch: 7117, Loss: 5.65702486038208
Epoch: 7118, Loss: 5.658827781677246
Epoch: 7119, Loss: 5.650336265563965
Epoch: 7120, Loss: 5.650060653686523
Test acc: 0.0571, IC acc: 0.0753, IC acc2: 0.0033, IW acc: 0.0027
Epoch: 7121, Loss: 5.664046764373779
Epoch: 7122, Loss: 5.652003765106201
Epoch: 7123, Loss: 5.637814044952393
Epoch: 7124, Loss: 5.6367387771606445
Epoch: 7125, Loss: 5.6331071853637695
Epoch: 7126, Loss: 5.649110794067383
Epoch: 7127, Loss: 5.646909713745117
Epoch: 7128, Loss: 5.639942646026611
Epoch: 7129, Loss: 5.640827178955078
Epoch: 7130, Loss: 5.66351318359375
Test acc: 0.0572, IC acc: 0.076, IC acc2: 0.0033, IW acc: 0.0028
Epoch: 7131, Loss: 5.6355299949646
Epoch: 7132, Loss: 5.645439624786377
Epoch: 7133, Loss: 5.649282455444336
Epoch: 7134, Loss: 5.663792133331299
Epoch: 7135, Loss: 5.667202949523926
Epoch: 7136, Loss: 5.650158882141113
Epoch: 7137, Loss: 5.673556327819824
Epoch: 7138, Loss: 5.653210639953613
Epoch: 7139, Loss: 5.6581315994262695
Epoch: 7140, Loss: 5.64088249206543
Test acc: 0.0574, IC acc: 0.076, IC acc2: 0.0033, IW acc: 0.0027
Epoch: 7141, Loss: 5.660109043121338
Epoch: 7142, Loss: 5.641399383544922
Epoch: 7143, Loss: 5.680255889892578
Epoch: 7144, Loss: 5.658625602722168
Epoch: 7145, Loss: 5.657501697540283
Epoch: 7146, Loss: 5.648682117462158
Epoch: 7147, Loss: 5.661778450012207
Epoch: 7148, Loss: 5.657886505126953
Epoch: 7149, Loss: 5.648342609405518
./circuit_plots/Unrestricted Disentangled|Readout|CN=2|B0=0|B1=0|K=1280|L=320|p_B=0.75|p_C=0.75|B=2|eps=0|b4755c15-ae1c-4b25-96c8-f3c68ba4e0ec/ already exists.
./circuit_plots/Unrestricted Disentangled|Readout|CN=2|B0=0|B1=0|K=1280|L=320|p_B=0.75|p_C=0.75|B=2|eps=0|b4755c15-ae1c-4b25-96c8-f3c68ba4e0ec/ already exists.
./circuit_plots/Unrestricted Disentangled|Readout|CN=2|B0=0|B1=0|K=1280|L=320|p_B=0.75|p_C=0.75|B=2|eps=0|b4755c15-ae1c-4b25-96c8-f3c68ba4e0ec/ already exists.
./circuit_plots/Unrestricted Disentangled|Readout|CN=2|B0=0|B1=0|K=1280|L=320|p_B=0.75|p_C=0.75|B=2|eps=0|b4755c15-ae1c-4b25-96c8-f3c68ba4e0ec/ already exists.
./circuit_plots/Unrestricted Disentangled|Readout|CN=2|B0=0|B1=0|K=1280|L=320|p_B=0.75|p_C=0.75|B=2|eps=0|b4755c15-ae1c-4b25-96c8-f3c68ba4e0ec/ already exists.
./circuit_plots/Unrestricted Disentangled|Readout|CN=2|B0=0|B1=0|K=1280|L=320|p_B=0.75|p_C=0.75|B=2|eps=0|b4755c15-ae1c-4b25-96c8-f3c68ba4e0ec/ already exists.
./circuit_plots/Unrestricted Disentangled|Readout|CN=2|B0=0|B1=0|K=1280|L=320|p_B=0.75|p_C=0.75|B=2|eps=0|b4755c15-ae1c-4b25-96c8-f3c68ba4e0ec/ already exists.
Epoch: 7150, Loss: 5.652666091918945
Test acc: 0.0578, IC acc: 0.0765, IC acc2: 0.0033, IW acc: 0.0027
Epoch: 7151, Loss: 5.652932643890381
Epoch: 7152, Loss: 5.634827613830566
Epoch: 7153, Loss: 5.677975654602051
Epoch: 7154, Loss: 5.650521755218506
Epoch: 7155, Loss: 5.668712615966797
Epoch: 7156, Loss: 5.651762008666992
Epoch: 7157, Loss: 5.6626129150390625
Epoch: 7158, Loss: 5.630838394165039
Epoch: 7159, Loss: 5.651321887969971
Epoch: 7160, Loss: 5.653204441070557
Test acc: 0.0581, IC acc: 0.0767, IC acc2: 0.0033, IW acc: 0.0028
Epoch: 7161, Loss: 5.64656925201416
Epoch: 7162, Loss: 5.653564453125
Epoch: 7163, Loss: 5.657658576965332
Epoch: 7164, Loss: 5.649780750274658
Epoch: 7165, Loss: 5.660638332366943
Epoch: 7166, Loss: 5.655125617980957
Epoch: 7167, Loss: 5.669281959533691
Epoch: 7168, Loss: 5.649885177612305
Epoch: 7169, Loss: 5.643232345581055
Epoch: 7170, Loss: 5.645247459411621
Test acc: 0.0585, IC acc: 0.0766, IC acc2: 0.0033, IW acc: 0.0027
Epoch: 7171, Loss: 5.637666702270508
Epoch: 7172, Loss: 5.651928901672363
Epoch: 7173, Loss: 5.631099700927734
Epoch: 7174, Loss: 5.6425018310546875
Epoch: 7175, Loss: 5.64108943939209
Epoch: 7176, Loss: 5.640533447265625
Epoch: 7177, Loss: 5.6593475341796875
Epoch: 7178, Loss: 5.655109882354736
Epoch: 7179, Loss: 5.64814567565918
Epoch: 7180, Loss: 5.672550201416016
Test acc: 0.0582, IC acc: 0.0766, IC acc2: 0.0033, IW acc: 0.0028
Epoch: 7181, Loss: 5.642696380615234
Epoch: 7182, Loss: 5.663363456726074
Epoch: 7183, Loss: 5.660890579223633
Epoch: 7184, Loss: 5.635483741760254
Epoch: 7185, Loss: 5.6462273597717285
Epoch: 7186, Loss: 5.645671844482422
Epoch: 7187, Loss: 5.62479305267334
Epoch: 7188, Loss: 5.659824848175049
Epoch: 7189, Loss: 5.655291557312012
Epoch: 7190, Loss: 5.648962020874023
Test acc: 0.0583, IC acc: 0.0769, IC acc2: 0.0033, IW acc: 0.0027
Epoch: 7191, Loss: 5.670969009399414
Epoch: 7192, Loss: 5.660306453704834
Epoch: 7193, Loss: 5.6485595703125
Epoch: 7194, Loss: 5.640617370605469
Epoch: 7195, Loss: 5.652042388916016
Epoch: 7196, Loss: 5.6390380859375
Epoch: 7197, Loss: 5.636353492736816
Epoch: 7198, Loss: 5.652104377746582
Epoch: 7199, Loss: 5.638455390930176
./circuit_plots/Unrestricted Disentangled|Readout|CN=2|B0=0|B1=0|K=1280|L=320|p_B=0.75|p_C=0.75|B=2|eps=0|b4755c15-ae1c-4b25-96c8-f3c68ba4e0ec/ already exists.
./circuit_plots/Unrestricted Disentangled|Readout|CN=2|B0=0|B1=0|K=1280|L=320|p_B=0.75|p_C=0.75|B=2|eps=0|b4755c15-ae1c-4b25-96c8-f3c68ba4e0ec/ already exists.
./circuit_plots/Unrestricted Disentangled|Readout|CN=2|B0=0|B1=0|K=1280|L=320|p_B=0.75|p_C=0.75|B=2|eps=0|b4755c15-ae1c-4b25-96c8-f3c68ba4e0ec/ already exists.
./circuit_plots/Unrestricted Disentangled|Readout|CN=2|B0=0|B1=0|K=1280|L=320|p_B=0.75|p_C=0.75|B=2|eps=0|b4755c15-ae1c-4b25-96c8-f3c68ba4e0ec/ already exists.
./circuit_plots/Unrestricted Disentangled|Readout|CN=2|B0=0|B1=0|K=1280|L=320|p_B=0.75|p_C=0.75|B=2|eps=0|b4755c15-ae1c-4b25-96c8-f3c68ba4e0ec/ already exists.
./circuit_plots/Unrestricted Disentangled|Readout|CN=2|B0=0|B1=0|K=1280|L=320|p_B=0.75|p_C=0.75|B=2|eps=0|b4755c15-ae1c-4b25-96c8-f3c68ba4e0ec/ already exists.
./circuit_plots/Unrestricted Disentangled|Readout|CN=2|B0=0|B1=0|K=1280|L=320|p_B=0.75|p_C=0.75|B=2|eps=0|b4755c15-ae1c-4b25-96c8-f3c68ba4e0ec/ already exists.
Epoch: 7200, Loss: 5.638846397399902
Test acc: 0.0585, IC acc: 0.077, IC acc2: 0.0033, IW acc: 0.0027
Epoch: 7201, Loss: 5.656316757202148
Epoch: 7202, Loss: 5.629249572753906
Epoch: 7203, Loss: 5.641844749450684
Epoch: 7204, Loss: 5.65821647644043
Epoch: 7205, Loss: 5.646048545837402
Epoch: 7206, Loss: 5.649335861206055
Epoch: 7207, Loss: 5.654231548309326
Epoch: 7208, Loss: 5.664093017578125
Epoch: 7209, Loss: 5.6369242668151855
Epoch: 7210, Loss: 5.657774925231934
Test acc: 0.0586, IC acc: 0.0773, IC acc2: 0.0033, IW acc: 0.0027
Epoch: 7211, Loss: 5.651126861572266
Epoch: 7212, Loss: 5.623791217803955
Epoch: 7213, Loss: 5.651762962341309
Epoch: 7214, Loss: 5.673826217651367
Epoch: 7215, Loss: 5.641680717468262
Epoch: 7216, Loss: 5.664092540740967
Epoch: 7217, Loss: 5.6780242919921875
Epoch: 7218, Loss: 5.644223690032959
Epoch: 7219, Loss: 5.6611528396606445
Epoch: 7220, Loss: 5.661182403564453
Test acc: 0.059, IC acc: 0.0773, IC acc2: 0.0033, IW acc: 0.0027
Epoch: 7221, Loss: 5.650254249572754
Epoch: 7222, Loss: 5.626738548278809
Epoch: 7223, Loss: 5.661714553833008
Epoch: 7224, Loss: 5.672380447387695
Epoch: 7225, Loss: 5.653518199920654
Epoch: 7226, Loss: 5.633777618408203
Epoch: 7227, Loss: 5.635851860046387
Epoch: 7228, Loss: 5.651426315307617
Epoch: 7229, Loss: 5.650473594665527
Epoch: 7230, Loss: 5.629786491394043
Test acc: 0.0588, IC acc: 0.0776, IC acc2: 0.0033, IW acc: 0.0027
Epoch: 7231, Loss: 5.64857292175293
Epoch: 7232, Loss: 5.655218601226807
Epoch: 7233, Loss: 5.6433305740356445
Epoch: 7234, Loss: 5.676709175109863
Epoch: 7235, Loss: 5.638622760772705
Epoch: 7236, Loss: 5.649768829345703
Epoch: 7237, Loss: 5.660454273223877
Epoch: 7238, Loss: 5.63723611831665
Epoch: 7239, Loss: 5.647924900054932
Epoch: 7240, Loss: 5.634764671325684
Test acc: 0.0587, IC acc: 0.0778, IC acc2: 0.0033, IW acc: 0.0028
Epoch: 7241, Loss: 5.672287940979004
Epoch: 7242, Loss: 5.6320343017578125
Epoch: 7243, Loss: 5.658022880554199
Epoch: 7244, Loss: 5.656423568725586
Epoch: 7245, Loss: 5.646095275878906
Epoch: 7246, Loss: 5.654443740844727
Epoch: 7247, Loss: 5.663525581359863
Epoch: 7248, Loss: 5.652011871337891
Epoch: 7249, Loss: 5.647428512573242
./circuit_plots/Unrestricted Disentangled|Readout|CN=2|B0=0|B1=0|K=1280|L=320|p_B=0.75|p_C=0.75|B=2|eps=0|b4755c15-ae1c-4b25-96c8-f3c68ba4e0ec/ already exists.
./circuit_plots/Unrestricted Disentangled|Readout|CN=2|B0=0|B1=0|K=1280|L=320|p_B=0.75|p_C=0.75|B=2|eps=0|b4755c15-ae1c-4b25-96c8-f3c68ba4e0ec/ already exists.
./circuit_plots/Unrestricted Disentangled|Readout|CN=2|B0=0|B1=0|K=1280|L=320|p_B=0.75|p_C=0.75|B=2|eps=0|b4755c15-ae1c-4b25-96c8-f3c68ba4e0ec/ already exists.
./circuit_plots/Unrestricted Disentangled|Readout|CN=2|B0=0|B1=0|K=1280|L=320|p_B=0.75|p_C=0.75|B=2|eps=0|b4755c15-ae1c-4b25-96c8-f3c68ba4e0ec/ already exists.
./circuit_plots/Unrestricted Disentangled|Readout|CN=2|B0=0|B1=0|K=1280|L=320|p_B=0.75|p_C=0.75|B=2|eps=0|b4755c15-ae1c-4b25-96c8-f3c68ba4e0ec/ already exists.
./circuit_plots/Unrestricted Disentangled|Readout|CN=2|B0=0|B1=0|K=1280|L=320|p_B=0.75|p_C=0.75|B=2|eps=0|b4755c15-ae1c-4b25-96c8-f3c68ba4e0ec/ already exists.
./circuit_plots/Unrestricted Disentangled|Readout|CN=2|B0=0|B1=0|K=1280|L=320|p_B=0.75|p_C=0.75|B=2|eps=0|b4755c15-ae1c-4b25-96c8-f3c68ba4e0ec/ already exists.
Epoch: 7250, Loss: 5.6520304679870605
Test acc: 0.0591, IC acc: 0.0777, IC acc2: 0.0033, IW acc: 0.0028
Epoch: 7251, Loss: 5.642825603485107
Epoch: 7252, Loss: 5.640735626220703
Epoch: 7253, Loss: 5.656096935272217
Epoch: 7254, Loss: 5.643986701965332
Epoch: 7255, Loss: 5.652839183807373
Epoch: 7256, Loss: 5.644170761108398
Epoch: 7257, Loss: 5.655216217041016
Epoch: 7258, Loss: 5.645309925079346
Epoch: 7259, Loss: 5.662377834320068
Epoch: 7260, Loss: 5.6557817459106445
Test acc: 0.0596, IC acc: 0.0782, IC acc2: 0.0033, IW acc: 0.0028
Epoch: 7261, Loss: 5.633600234985352
Epoch: 7262, Loss: 5.653416156768799
Epoch: 7263, Loss: 5.6410980224609375
Epoch: 7264, Loss: 5.652430534362793
Epoch: 7265, Loss: 5.648257255554199
Epoch: 7266, Loss: 5.632472991943359
Epoch: 7267, Loss: 5.643172264099121
Epoch: 7268, Loss: 5.657114505767822
Epoch: 7269, Loss: 5.6625823974609375
Epoch: 7270, Loss: 5.6416401863098145
Test acc: 0.0597, IC acc: 0.0781, IC acc2: 0.0033, IW acc: 0.0028
Epoch: 7271, Loss: 5.657095432281494
Epoch: 7272, Loss: 5.6493377685546875
Epoch: 7273, Loss: 5.654821395874023
Epoch: 7274, Loss: 5.652632713317871
Epoch: 7275, Loss: 5.658931255340576
Epoch: 7276, Loss: 5.642063140869141
Epoch: 7277, Loss: 5.654694557189941
Epoch: 7278, Loss: 5.649448394775391
Epoch: 7279, Loss: 5.6547346115112305
Epoch: 7280, Loss: 5.644626617431641
Test acc: 0.0595, IC acc: 0.0782, IC acc2: 0.0033, IW acc: 0.0028
Epoch: 7281, Loss: 5.653592109680176
Epoch: 7282, Loss: 5.662341117858887
Epoch: 7283, Loss: 5.659850120544434
Epoch: 7284, Loss: 5.664855003356934
Epoch: 7285, Loss: 5.681739807128906
Epoch: 7286, Loss: 5.673789978027344
Epoch: 7287, Loss: 5.664062976837158
Epoch: 7288, Loss: 5.6680731773376465
Epoch: 7289, Loss: 5.635983467102051
Epoch: 7290, Loss: 5.651058197021484
Test acc: 0.0598, IC acc: 0.0783, IC acc2: 0.0033, IW acc: 0.0028
Epoch: 7291, Loss: 5.65104341506958
Epoch: 7292, Loss: 5.6568403244018555
Epoch: 7293, Loss: 5.652754783630371
Epoch: 7294, Loss: 5.6486358642578125
Epoch: 7295, Loss: 5.642581939697266
Epoch: 7296, Loss: 5.646335601806641
Epoch: 7297, Loss: 5.636755466461182
Epoch: 7298, Loss: 5.655300140380859
Epoch: 7299, Loss: 5.662818908691406
./circuit_plots/Unrestricted Disentangled|Readout|CN=2|B0=0|B1=0|K=1280|L=320|p_B=0.75|p_C=0.75|B=2|eps=0|b4755c15-ae1c-4b25-96c8-f3c68ba4e0ec/ already exists.
./circuit_plots/Unrestricted Disentangled|Readout|CN=2|B0=0|B1=0|K=1280|L=320|p_B=0.75|p_C=0.75|B=2|eps=0|b4755c15-ae1c-4b25-96c8-f3c68ba4e0ec/ already exists.
./circuit_plots/Unrestricted Disentangled|Readout|CN=2|B0=0|B1=0|K=1280|L=320|p_B=0.75|p_C=0.75|B=2|eps=0|b4755c15-ae1c-4b25-96c8-f3c68ba4e0ec/ already exists.
./circuit_plots/Unrestricted Disentangled|Readout|CN=2|B0=0|B1=0|K=1280|L=320|p_B=0.75|p_C=0.75|B=2|eps=0|b4755c15-ae1c-4b25-96c8-f3c68ba4e0ec/ already exists.
./circuit_plots/Unrestricted Disentangled|Readout|CN=2|B0=0|B1=0|K=1280|L=320|p_B=0.75|p_C=0.75|B=2|eps=0|b4755c15-ae1c-4b25-96c8-f3c68ba4e0ec/ already exists.
./circuit_plots/Unrestricted Disentangled|Readout|CN=2|B0=0|B1=0|K=1280|L=320|p_B=0.75|p_C=0.75|B=2|eps=0|b4755c15-ae1c-4b25-96c8-f3c68ba4e0ec/ already exists.
./circuit_plots/Unrestricted Disentangled|Readout|CN=2|B0=0|B1=0|K=1280|L=320|p_B=0.75|p_C=0.75|B=2|eps=0|b4755c15-ae1c-4b25-96c8-f3c68ba4e0ec/ already exists.
Epoch: 7300, Loss: 5.634824752807617
Test acc: 0.0599, IC acc: 0.0788, IC acc2: 0.0033, IW acc: 0.0028
Epoch: 7301, Loss: 5.647399425506592
Epoch: 7302, Loss: 5.646723747253418
Epoch: 7303, Loss: 5.660500526428223
Epoch: 7304, Loss: 5.670129776000977
Epoch: 7305, Loss: 5.635493755340576
Epoch: 7306, Loss: 5.632866859436035
Epoch: 7307, Loss: 5.654984951019287
Epoch: 7308, Loss: 5.643734931945801
Epoch: 7309, Loss: 5.621942043304443
Epoch: 7310, Loss: 5.656641006469727
Test acc: 0.0603, IC acc: 0.079, IC acc2: 0.0033, IW acc: 0.0028
Epoch: 7311, Loss: 5.653641700744629
Epoch: 7312, Loss: 5.6493425369262695
Epoch: 7313, Loss: 5.635312557220459
Epoch: 7314, Loss: 5.632699012756348
Epoch: 7315, Loss: 5.625492095947266
Epoch: 7316, Loss: 5.638486862182617
Epoch: 7317, Loss: 5.648022651672363
Epoch: 7318, Loss: 5.643857955932617
Epoch: 7319, Loss: 5.633646011352539
Epoch: 7320, Loss: 5.648081302642822
Test acc: 0.0607, IC acc: 0.0793, IC acc2: 0.0034, IW acc: 0.0028
Epoch: 7321, Loss: 5.650738716125488
Epoch: 7322, Loss: 5.657004356384277
Epoch: 7323, Loss: 5.651320457458496
Epoch: 7324, Loss: 5.622844219207764
Epoch: 7325, Loss: 5.667247772216797
Epoch: 7326, Loss: 5.651350021362305
Epoch: 7327, Loss: 5.6480231285095215
Epoch: 7328, Loss: 5.652919769287109
Epoch: 7329, Loss: 5.673789024353027
Epoch: 7330, Loss: 5.636462211608887
Test acc: 0.0609, IC acc: 0.0802, IC acc2: 0.0034, IW acc: 0.0028
Epoch: 7331, Loss: 5.658202171325684
Epoch: 7332, Loss: 5.652590274810791
Epoch: 7333, Loss: 5.645839214324951
Epoch: 7334, Loss: 5.644941806793213
Epoch: 7335, Loss: 5.6614484786987305
Epoch: 7336, Loss: 5.652557373046875
Epoch: 7337, Loss: 5.644741058349609
Epoch: 7338, Loss: 5.647008895874023
Epoch: 7339, Loss: 5.653632164001465
Epoch: 7340, Loss: 5.6745381355285645
Test acc: 0.061, IC acc: 0.0801, IC acc2: 0.0034, IW acc: 0.0028
Epoch: 7341, Loss: 5.662374496459961
Epoch: 7342, Loss: 5.658754348754883
Epoch: 7343, Loss: 5.646297454833984
Epoch: 7344, Loss: 5.647453308105469
Epoch: 7345, Loss: 5.624492168426514
Epoch: 7346, Loss: 5.645675182342529
Epoch: 7347, Loss: 5.650561332702637
Epoch: 7348, Loss: 5.661742687225342
Epoch: 7349, Loss: 5.648235321044922
./circuit_plots/Unrestricted Disentangled|Readout|CN=2|B0=0|B1=0|K=1280|L=320|p_B=0.75|p_C=0.75|B=2|eps=0|b4755c15-ae1c-4b25-96c8-f3c68ba4e0ec/ already exists.
./circuit_plots/Unrestricted Disentangled|Readout|CN=2|B0=0|B1=0|K=1280|L=320|p_B=0.75|p_C=0.75|B=2|eps=0|b4755c15-ae1c-4b25-96c8-f3c68ba4e0ec/ already exists.
./circuit_plots/Unrestricted Disentangled|Readout|CN=2|B0=0|B1=0|K=1280|L=320|p_B=0.75|p_C=0.75|B=2|eps=0|b4755c15-ae1c-4b25-96c8-f3c68ba4e0ec/ already exists.
./circuit_plots/Unrestricted Disentangled|Readout|CN=2|B0=0|B1=0|K=1280|L=320|p_B=0.75|p_C=0.75|B=2|eps=0|b4755c15-ae1c-4b25-96c8-f3c68ba4e0ec/ already exists.
./circuit_plots/Unrestricted Disentangled|Readout|CN=2|B0=0|B1=0|K=1280|L=320|p_B=0.75|p_C=0.75|B=2|eps=0|b4755c15-ae1c-4b25-96c8-f3c68ba4e0ec/ already exists.
./circuit_plots/Unrestricted Disentangled|Readout|CN=2|B0=0|B1=0|K=1280|L=320|p_B=0.75|p_C=0.75|B=2|eps=0|b4755c15-ae1c-4b25-96c8-f3c68ba4e0ec/ already exists.
./circuit_plots/Unrestricted Disentangled|Readout|CN=2|B0=0|B1=0|K=1280|L=320|p_B=0.75|p_C=0.75|B=2|eps=0|b4755c15-ae1c-4b25-96c8-f3c68ba4e0ec/ already exists.
Epoch: 7350, Loss: 5.667793273925781
Test acc: 0.0613, IC acc: 0.0803, IC acc2: 0.0034, IW acc: 0.0028
Epoch: 7351, Loss: 5.655991077423096
Epoch: 7352, Loss: 5.642202377319336
Epoch: 7353, Loss: 5.651135444641113
Epoch: 7354, Loss: 5.663817405700684
Epoch: 7355, Loss: 5.653219699859619
Epoch: 7356, Loss: 5.638714790344238
Epoch: 7357, Loss: 5.651608467102051
Epoch: 7358, Loss: 5.636423110961914
Epoch: 7359, Loss: 5.672155380249023
Epoch: 7360, Loss: 5.658143043518066
Test acc: 0.0617, IC acc: 0.0803, IC acc2: 0.0034, IW acc: 0.0029
Epoch: 7361, Loss: 5.6609039306640625
Epoch: 7362, Loss: 5.640236854553223
Epoch: 7363, Loss: 5.658939361572266
Epoch: 7364, Loss: 5.637230396270752
Epoch: 7365, Loss: 5.631952285766602
Epoch: 7366, Loss: 5.655076026916504
Epoch: 7367, Loss: 5.645159721374512
Epoch: 7368, Loss: 5.6529717445373535
Epoch: 7369, Loss: 5.68156623840332
Epoch: 7370, Loss: 5.642928600311279
Test acc: 0.0617, IC acc: 0.0802, IC acc2: 0.0034, IW acc: 0.0028
Epoch: 7371, Loss: 5.661616325378418
Epoch: 7372, Loss: 5.643909454345703
Epoch: 7373, Loss: 5.647714614868164
Epoch: 7374, Loss: 5.6317291259765625
Epoch: 7375, Loss: 5.64979887008667
Epoch: 7376, Loss: 5.63726806640625
Epoch: 7377, Loss: 5.658041954040527
Epoch: 7378, Loss: 5.66136360168457
Epoch: 7379, Loss: 5.66059684753418
Epoch: 7380, Loss: 5.648514747619629
Test acc: 0.0616, IC acc: 0.0808, IC acc2: 0.0034, IW acc: 0.0028
Epoch: 7381, Loss: 5.635633945465088
Epoch: 7382, Loss: 5.6550822257995605
Epoch: 7383, Loss: 5.632007122039795
Epoch: 7384, Loss: 5.654801368713379
Epoch: 7385, Loss: 5.647463321685791
Epoch: 7386, Loss: 5.639193534851074
Epoch: 7387, Loss: 5.651278018951416
Epoch: 7388, Loss: 5.648101329803467
Epoch: 7389, Loss: 5.640048980712891
Epoch: 7390, Loss: 5.637311935424805
Test acc: 0.0617, IC acc: 0.0808, IC acc2: 0.0034, IW acc: 0.0028
Epoch: 7391, Loss: 5.647475242614746
Epoch: 7392, Loss: 5.667973041534424
Epoch: 7393, Loss: 5.642824172973633
Epoch: 7394, Loss: 5.64431619644165
Epoch: 7395, Loss: 5.643059253692627
Epoch: 7396, Loss: 5.649309158325195
Epoch: 7397, Loss: 5.65385103225708
Epoch: 7398, Loss: 5.6639909744262695
Epoch: 7399, Loss: 5.654343605041504
./circuit_plots/Unrestricted Disentangled|Readout|CN=2|B0=0|B1=0|K=1280|L=320|p_B=0.75|p_C=0.75|B=2|eps=0|b4755c15-ae1c-4b25-96c8-f3c68ba4e0ec/ already exists.
./circuit_plots/Unrestricted Disentangled|Readout|CN=2|B0=0|B1=0|K=1280|L=320|p_B=0.75|p_C=0.75|B=2|eps=0|b4755c15-ae1c-4b25-96c8-f3c68ba4e0ec/ already exists.
./circuit_plots/Unrestricted Disentangled|Readout|CN=2|B0=0|B1=0|K=1280|L=320|p_B=0.75|p_C=0.75|B=2|eps=0|b4755c15-ae1c-4b25-96c8-f3c68ba4e0ec/ already exists.
./circuit_plots/Unrestricted Disentangled|Readout|CN=2|B0=0|B1=0|K=1280|L=320|p_B=0.75|p_C=0.75|B=2|eps=0|b4755c15-ae1c-4b25-96c8-f3c68ba4e0ec/ already exists.
./circuit_plots/Unrestricted Disentangled|Readout|CN=2|B0=0|B1=0|K=1280|L=320|p_B=0.75|p_C=0.75|B=2|eps=0|b4755c15-ae1c-4b25-96c8-f3c68ba4e0ec/ already exists.
./circuit_plots/Unrestricted Disentangled|Readout|CN=2|B0=0|B1=0|K=1280|L=320|p_B=0.75|p_C=0.75|B=2|eps=0|b4755c15-ae1c-4b25-96c8-f3c68ba4e0ec/ already exists.
./circuit_plots/Unrestricted Disentangled|Readout|CN=2|B0=0|B1=0|K=1280|L=320|p_B=0.75|p_C=0.75|B=2|eps=0|b4755c15-ae1c-4b25-96c8-f3c68ba4e0ec/ already exists.
Epoch: 7400, Loss: 5.656843662261963
Test acc: 0.0619, IC acc: 0.0809, IC acc2: 0.0034, IW acc: 0.0028
Epoch: 7401, Loss: 5.6464385986328125
Epoch: 7402, Loss: 5.65163516998291
Epoch: 7403, Loss: 5.626983642578125
Epoch: 7404, Loss: 5.644686698913574
Epoch: 7405, Loss: 5.649125576019287
Epoch: 7406, Loss: 5.637363433837891
Epoch: 7407, Loss: 5.627925872802734
Epoch: 7408, Loss: 5.645022392272949
Epoch: 7409, Loss: 5.651913642883301
Epoch: 7410, Loss: 5.6445112228393555
Test acc: 0.0618, IC acc: 0.0813, IC acc2: 0.0034, IW acc: 0.0028
Epoch: 7411, Loss: 5.648711204528809
Epoch: 7412, Loss: 5.6351399421691895
Epoch: 7413, Loss: 5.63662576675415
Epoch: 7414, Loss: 5.641269683837891
Epoch: 7415, Loss: 5.652852535247803
Epoch: 7416, Loss: 5.6208086013793945
Epoch: 7417, Loss: 5.63484001159668
Epoch: 7418, Loss: 5.635388374328613
Epoch: 7419, Loss: 5.663813591003418
Epoch: 7420, Loss: 5.648571014404297
Test acc: 0.0619, IC acc: 0.0817, IC acc2: 0.0034, IW acc: 0.0028
Epoch: 7421, Loss: 5.644545078277588
Epoch: 7422, Loss: 5.656276226043701
Epoch: 7423, Loss: 5.666484355926514
Epoch: 7424, Loss: 5.653402328491211
Epoch: 7425, Loss: 5.620479106903076
Epoch: 7426, Loss: 5.638082504272461
Epoch: 7427, Loss: 5.672482013702393
Epoch: 7428, Loss: 5.6526875495910645
Epoch: 7429, Loss: 5.656935691833496
Epoch: 7430, Loss: 5.64912748336792
Test acc: 0.062, IC acc: 0.0817, IC acc2: 0.0034, IW acc: 0.0028
Epoch: 7431, Loss: 5.644622802734375
Epoch: 7432, Loss: 5.656023979187012
Epoch: 7433, Loss: 5.620968341827393
Epoch: 7434, Loss: 5.646137237548828
Epoch: 7435, Loss: 5.658925533294678
Epoch: 7436, Loss: 5.652580261230469
Epoch: 7437, Loss: 5.6482014656066895
Epoch: 7438, Loss: 5.637546539306641
Epoch: 7439, Loss: 5.654433250427246
Epoch: 7440, Loss: 5.651932239532471
Test acc: 0.0622, IC acc: 0.082, IC acc2: 0.0034, IW acc: 0.0027
Epoch: 7441, Loss: 5.640881061553955
Epoch: 7442, Loss: 5.618564605712891
Epoch: 7443, Loss: 5.64060115814209
Epoch: 7444, Loss: 5.653178691864014
Epoch: 7445, Loss: 5.665561676025391
Epoch: 7446, Loss: 5.640336036682129
Epoch: 7447, Loss: 5.654209136962891
Epoch: 7448, Loss: 5.6512250900268555
Epoch: 7449, Loss: 5.635135650634766
./circuit_plots/Unrestricted Disentangled|Readout|CN=2|B0=0|B1=0|K=1280|L=320|p_B=0.75|p_C=0.75|B=2|eps=0|b4755c15-ae1c-4b25-96c8-f3c68ba4e0ec/ already exists.
./circuit_plots/Unrestricted Disentangled|Readout|CN=2|B0=0|B1=0|K=1280|L=320|p_B=0.75|p_C=0.75|B=2|eps=0|b4755c15-ae1c-4b25-96c8-f3c68ba4e0ec/ already exists.
./circuit_plots/Unrestricted Disentangled|Readout|CN=2|B0=0|B1=0|K=1280|L=320|p_B=0.75|p_C=0.75|B=2|eps=0|b4755c15-ae1c-4b25-96c8-f3c68ba4e0ec/ already exists.
./circuit_plots/Unrestricted Disentangled|Readout|CN=2|B0=0|B1=0|K=1280|L=320|p_B=0.75|p_C=0.75|B=2|eps=0|b4755c15-ae1c-4b25-96c8-f3c68ba4e0ec/ already exists.
./circuit_plots/Unrestricted Disentangled|Readout|CN=2|B0=0|B1=0|K=1280|L=320|p_B=0.75|p_C=0.75|B=2|eps=0|b4755c15-ae1c-4b25-96c8-f3c68ba4e0ec/ already exists.
./circuit_plots/Unrestricted Disentangled|Readout|CN=2|B0=0|B1=0|K=1280|L=320|p_B=0.75|p_C=0.75|B=2|eps=0|b4755c15-ae1c-4b25-96c8-f3c68ba4e0ec/ already exists.
./circuit_plots/Unrestricted Disentangled|Readout|CN=2|B0=0|B1=0|K=1280|L=320|p_B=0.75|p_C=0.75|B=2|eps=0|b4755c15-ae1c-4b25-96c8-f3c68ba4e0ec/ already exists.
Epoch: 7450, Loss: 5.6512770652771
Test acc: 0.0622, IC acc: 0.0823, IC acc2: 0.0034, IW acc: 0.0027
Epoch: 7451, Loss: 5.659170150756836
Epoch: 7452, Loss: 5.641119956970215
Epoch: 7453, Loss: 5.639599800109863
Epoch: 7454, Loss: 5.647489547729492
Epoch: 7455, Loss: 5.64384651184082
Epoch: 7456, Loss: 5.655536651611328
Epoch: 7457, Loss: 5.647255897521973
Epoch: 7458, Loss: 5.649023056030273
Epoch: 7459, Loss: 5.621408462524414
Epoch: 7460, Loss: 5.659101486206055
Test acc: 0.0622, IC acc: 0.0824, IC acc2: 0.0034, IW acc: 0.0028
Epoch: 7461, Loss: 5.651151657104492
Epoch: 7462, Loss: 5.640293121337891
Epoch: 7463, Loss: 5.641508102416992
Epoch: 7464, Loss: 5.661410331726074
Epoch: 7465, Loss: 5.641934871673584
Epoch: 7466, Loss: 5.657716751098633
Epoch: 7467, Loss: 5.650937080383301
Epoch: 7468, Loss: 5.643150329589844
Epoch: 7469, Loss: 5.664759159088135
Epoch: 7470, Loss: 5.647060394287109
Test acc: 0.0625, IC acc: 0.0826, IC acc2: 0.0034, IW acc: 0.0028
Epoch: 7471, Loss: 5.67371129989624
Epoch: 7472, Loss: 5.648558139801025
Epoch: 7473, Loss: 5.647405624389648
Epoch: 7474, Loss: 5.637535572052002
Epoch: 7475, Loss: 5.653458595275879
Epoch: 7476, Loss: 5.631078243255615
Epoch: 7477, Loss: 5.645193576812744
Epoch: 7478, Loss: 5.625365734100342
Epoch: 7479, Loss: 5.662421226501465
Epoch: 7480, Loss: 5.6517333984375
Test acc: 0.0626, IC acc: 0.0827, IC acc2: 0.0034, IW acc: 0.0028
Epoch: 7481, Loss: 5.640092849731445
Epoch: 7482, Loss: 5.641094207763672
Epoch: 7483, Loss: 5.640900135040283
Epoch: 7484, Loss: 5.647157192230225
Epoch: 7485, Loss: 5.649555206298828
Epoch: 7486, Loss: 5.647481918334961
Epoch: 7487, Loss: 5.660302639007568
Epoch: 7488, Loss: 5.628008842468262
Epoch: 7489, Loss: 5.645568370819092
Epoch: 7490, Loss: 5.6450300216674805
Test acc: 0.0626, IC acc: 0.083, IC acc2: 0.0034, IW acc: 0.0027
Epoch: 7491, Loss: 5.624043941497803
Epoch: 7492, Loss: 5.630092144012451
Epoch: 7493, Loss: 5.644993782043457
Epoch: 7494, Loss: 5.6376142501831055
Epoch: 7495, Loss: 5.639915943145752
Epoch: 7496, Loss: 5.649125099182129
Epoch: 7497, Loss: 5.634093284606934
Epoch: 7498, Loss: 5.641230583190918
Epoch: 7499, Loss: 5.642511367797852
./circuit_plots/Unrestricted Disentangled|Readout|CN=2|B0=0|B1=0|K=1280|L=320|p_B=0.75|p_C=0.75|B=2|eps=0|b4755c15-ae1c-4b25-96c8-f3c68ba4e0ec/ already exists.
./circuit_plots/Unrestricted Disentangled|Readout|CN=2|B0=0|B1=0|K=1280|L=320|p_B=0.75|p_C=0.75|B=2|eps=0|b4755c15-ae1c-4b25-96c8-f3c68ba4e0ec/ already exists.
./circuit_plots/Unrestricted Disentangled|Readout|CN=2|B0=0|B1=0|K=1280|L=320|p_B=0.75|p_C=0.75|B=2|eps=0|b4755c15-ae1c-4b25-96c8-f3c68ba4e0ec/ already exists.
./circuit_plots/Unrestricted Disentangled|Readout|CN=2|B0=0|B1=0|K=1280|L=320|p_B=0.75|p_C=0.75|B=2|eps=0|b4755c15-ae1c-4b25-96c8-f3c68ba4e0ec/ already exists.
./circuit_plots/Unrestricted Disentangled|Readout|CN=2|B0=0|B1=0|K=1280|L=320|p_B=0.75|p_C=0.75|B=2|eps=0|b4755c15-ae1c-4b25-96c8-f3c68ba4e0ec/ already exists.
./circuit_plots/Unrestricted Disentangled|Readout|CN=2|B0=0|B1=0|K=1280|L=320|p_B=0.75|p_C=0.75|B=2|eps=0|b4755c15-ae1c-4b25-96c8-f3c68ba4e0ec/ already exists.
./circuit_plots/Unrestricted Disentangled|Readout|CN=2|B0=0|B1=0|K=1280|L=320|p_B=0.75|p_C=0.75|B=2|eps=0|b4755c15-ae1c-4b25-96c8-f3c68ba4e0ec/ already exists.
Epoch: 7500, Loss: 5.644245624542236
Test acc: 0.0629, IC acc: 0.0832, IC acc2: 0.0034, IW acc: 0.0027
Epoch: 7501, Loss: 5.652050971984863
Epoch: 7502, Loss: 5.646821975708008
Epoch: 7503, Loss: 5.648135662078857
Epoch: 7504, Loss: 5.648870944976807
Epoch: 7505, Loss: 5.642362594604492
Epoch: 7506, Loss: 5.655081748962402
Epoch: 7507, Loss: 5.640473365783691
Epoch: 7508, Loss: 5.637190341949463
Epoch: 7509, Loss: 5.656551361083984
Epoch: 7510, Loss: 5.65554666519165
Test acc: 0.063, IC acc: 0.0833, IC acc2: 0.0034, IW acc: 0.0027
Epoch: 7511, Loss: 5.651413917541504
Epoch: 7512, Loss: 5.628689289093018
Epoch: 7513, Loss: 5.6535420417785645
Epoch: 7514, Loss: 5.658680438995361
Epoch: 7515, Loss: 5.64102029800415
Epoch: 7516, Loss: 5.64656925201416
Epoch: 7517, Loss: 5.6522040367126465
Epoch: 7518, Loss: 5.653395652770996
Epoch: 7519, Loss: 5.6621994972229
Epoch: 7520, Loss: 5.631549835205078
Test acc: 0.0632, IC acc: 0.0831, IC acc2: 0.0034, IW acc: 0.0027
Epoch: 7521, Loss: 5.639460563659668
Epoch: 7522, Loss: 5.636201858520508
Epoch: 7523, Loss: 5.655898094177246
Epoch: 7524, Loss: 5.655001163482666
Epoch: 7525, Loss: 5.627508163452148
Epoch: 7526, Loss: 5.663619041442871
Epoch: 7527, Loss: 5.632692337036133
Epoch: 7528, Loss: 5.653229713439941
Epoch: 7529, Loss: 5.642278671264648
Epoch: 7530, Loss: 5.646833419799805
Test acc: 0.063, IC acc: 0.0833, IC acc2: 0.0034, IW acc: 0.0027
Epoch: 7531, Loss: 5.6411542892456055
Epoch: 7532, Loss: 5.639918327331543
Epoch: 7533, Loss: 5.637577056884766
Epoch: 7534, Loss: 5.659465312957764
Epoch: 7535, Loss: 5.637024402618408
Epoch: 7536, Loss: 5.653374671936035
Epoch: 7537, Loss: 5.641347885131836
Epoch: 7538, Loss: 5.645833969116211
Epoch: 7539, Loss: 5.656642913818359
Epoch: 7540, Loss: 5.644161224365234
Test acc: 0.063, IC acc: 0.0839, IC acc2: 0.0034, IW acc: 0.0026
Epoch: 7541, Loss: 5.656183242797852
Epoch: 7542, Loss: 5.664245128631592
Epoch: 7543, Loss: 5.6360673904418945
Epoch: 7544, Loss: 5.634848594665527
Epoch: 7545, Loss: 5.653764247894287
Epoch: 7546, Loss: 5.647904872894287
Epoch: 7547, Loss: 5.637060165405273
Epoch: 7548, Loss: 5.639942169189453
Epoch: 7549, Loss: 5.6404266357421875
./circuit_plots/Unrestricted Disentangled|Readout|CN=2|B0=0|B1=0|K=1280|L=320|p_B=0.75|p_C=0.75|B=2|eps=0|b4755c15-ae1c-4b25-96c8-f3c68ba4e0ec/ already exists.
./circuit_plots/Unrestricted Disentangled|Readout|CN=2|B0=0|B1=0|K=1280|L=320|p_B=0.75|p_C=0.75|B=2|eps=0|b4755c15-ae1c-4b25-96c8-f3c68ba4e0ec/ already exists.
./circuit_plots/Unrestricted Disentangled|Readout|CN=2|B0=0|B1=0|K=1280|L=320|p_B=0.75|p_C=0.75|B=2|eps=0|b4755c15-ae1c-4b25-96c8-f3c68ba4e0ec/ already exists.
./circuit_plots/Unrestricted Disentangled|Readout|CN=2|B0=0|B1=0|K=1280|L=320|p_B=0.75|p_C=0.75|B=2|eps=0|b4755c15-ae1c-4b25-96c8-f3c68ba4e0ec/ already exists.
./circuit_plots/Unrestricted Disentangled|Readout|CN=2|B0=0|B1=0|K=1280|L=320|p_B=0.75|p_C=0.75|B=2|eps=0|b4755c15-ae1c-4b25-96c8-f3c68ba4e0ec/ already exists.
./circuit_plots/Unrestricted Disentangled|Readout|CN=2|B0=0|B1=0|K=1280|L=320|p_B=0.75|p_C=0.75|B=2|eps=0|b4755c15-ae1c-4b25-96c8-f3c68ba4e0ec/ already exists.
./circuit_plots/Unrestricted Disentangled|Readout|CN=2|B0=0|B1=0|K=1280|L=320|p_B=0.75|p_C=0.75|B=2|eps=0|b4755c15-ae1c-4b25-96c8-f3c68ba4e0ec/ already exists.
Epoch: 7550, Loss: 5.645781517028809
Test acc: 0.0634, IC acc: 0.0844, IC acc2: 0.0034, IW acc: 0.0027
Epoch: 7551, Loss: 5.637650966644287
Epoch: 7552, Loss: 5.643953323364258
Epoch: 7553, Loss: 5.675185680389404
Epoch: 7554, Loss: 5.643537521362305
Epoch: 7555, Loss: 5.653584003448486
Epoch: 7556, Loss: 5.643288612365723
Epoch: 7557, Loss: 5.648200511932373
Epoch: 7558, Loss: 5.655179977416992
Epoch: 7559, Loss: 5.663537979125977
Epoch: 7560, Loss: 5.651748180389404
Test acc: 0.0634, IC acc: 0.0842, IC acc2: 0.0034, IW acc: 0.0027
Epoch: 7561, Loss: 5.617423057556152
Epoch: 7562, Loss: 5.635647773742676
Epoch: 7563, Loss: 5.646173477172852
Epoch: 7564, Loss: 5.632141590118408
Epoch: 7565, Loss: 5.619318008422852
Epoch: 7566, Loss: 5.643222808837891
Epoch: 7567, Loss: 5.624800682067871
Epoch: 7568, Loss: 5.633749008178711
Epoch: 7569, Loss: 5.640088081359863
Epoch: 7570, Loss: 5.644120216369629
Test acc: 0.0631, IC acc: 0.0845, IC acc2: 0.0035, IW acc: 0.0026
Epoch: 7571, Loss: 5.643074035644531
Epoch: 7572, Loss: 5.653454780578613
Epoch: 7573, Loss: 5.638586044311523
Epoch: 7574, Loss: 5.63447380065918
Epoch: 7575, Loss: 5.630702972412109
Epoch: 7576, Loss: 5.6207122802734375
Epoch: 7577, Loss: 5.6317033767700195
Epoch: 7578, Loss: 5.625065803527832
Epoch: 7579, Loss: 5.644944667816162
Epoch: 7580, Loss: 5.611559867858887
Test acc: 0.0637, IC acc: 0.0849, IC acc2: 0.0035, IW acc: 0.0028
Epoch: 7581, Loss: 5.660139083862305
Epoch: 7582, Loss: 5.653327941894531
Epoch: 7583, Loss: 5.636476516723633
Epoch: 7584, Loss: 5.634697914123535
Epoch: 7585, Loss: 5.634476661682129
Epoch: 7586, Loss: 5.671378135681152
Epoch: 7587, Loss: 5.640650272369385
Epoch: 7588, Loss: 5.638208389282227
Epoch: 7589, Loss: 5.659615516662598
Epoch: 7590, Loss: 5.632370948791504
Test acc: 0.064, IC acc: 0.085, IC acc2: 0.0035, IW acc: 0.0027
Epoch: 7591, Loss: 5.643613338470459
Epoch: 7592, Loss: 5.645140647888184
Epoch: 7593, Loss: 5.64534854888916
Epoch: 7594, Loss: 5.637706756591797
Epoch: 7595, Loss: 5.6303582191467285
Epoch: 7596, Loss: 5.65753173828125
Epoch: 7597, Loss: 5.659126281738281
Epoch: 7598, Loss: 5.634681701660156
Epoch: 7599, Loss: 5.64378023147583
./circuit_plots/Unrestricted Disentangled|Readout|CN=2|B0=0|B1=0|K=1280|L=320|p_B=0.75|p_C=0.75|B=2|eps=0|b4755c15-ae1c-4b25-96c8-f3c68ba4e0ec/ already exists.
./circuit_plots/Unrestricted Disentangled|Readout|CN=2|B0=0|B1=0|K=1280|L=320|p_B=0.75|p_C=0.75|B=2|eps=0|b4755c15-ae1c-4b25-96c8-f3c68ba4e0ec/ already exists.
./circuit_plots/Unrestricted Disentangled|Readout|CN=2|B0=0|B1=0|K=1280|L=320|p_B=0.75|p_C=0.75|B=2|eps=0|b4755c15-ae1c-4b25-96c8-f3c68ba4e0ec/ already exists.
./circuit_plots/Unrestricted Disentangled|Readout|CN=2|B0=0|B1=0|K=1280|L=320|p_B=0.75|p_C=0.75|B=2|eps=0|b4755c15-ae1c-4b25-96c8-f3c68ba4e0ec/ already exists.
./circuit_plots/Unrestricted Disentangled|Readout|CN=2|B0=0|B1=0|K=1280|L=320|p_B=0.75|p_C=0.75|B=2|eps=0|b4755c15-ae1c-4b25-96c8-f3c68ba4e0ec/ already exists.
./circuit_plots/Unrestricted Disentangled|Readout|CN=2|B0=0|B1=0|K=1280|L=320|p_B=0.75|p_C=0.75|B=2|eps=0|b4755c15-ae1c-4b25-96c8-f3c68ba4e0ec/ already exists.
./circuit_plots/Unrestricted Disentangled|Readout|CN=2|B0=0|B1=0|K=1280|L=320|p_B=0.75|p_C=0.75|B=2|eps=0|b4755c15-ae1c-4b25-96c8-f3c68ba4e0ec/ already exists.
Epoch: 7600, Loss: 5.646613121032715
Test acc: 0.064, IC acc: 0.085, IC acc2: 0.0035, IW acc: 0.0028
Epoch: 7601, Loss: 5.668210029602051
Epoch: 7602, Loss: 5.650731563568115
Epoch: 7603, Loss: 5.635688304901123
Epoch: 7604, Loss: 5.661660194396973
Epoch: 7605, Loss: 5.6601033210754395
Epoch: 7606, Loss: 5.645167350769043
Epoch: 7607, Loss: 5.656551361083984
Epoch: 7608, Loss: 5.65214729309082
Epoch: 7609, Loss: 5.6475749015808105
Epoch: 7610, Loss: 5.6482648849487305
Test acc: 0.0646, IC acc: 0.0852, IC acc2: 0.0034, IW acc: 0.0028
Epoch: 7611, Loss: 5.638570785522461
Epoch: 7612, Loss: 5.632115364074707
Epoch: 7613, Loss: 5.664098739624023
Epoch: 7614, Loss: 5.646844863891602
Epoch: 7615, Loss: 5.633500099182129
Epoch: 7616, Loss: 5.651852607727051
Epoch: 7617, Loss: 5.666377067565918
Epoch: 7618, Loss: 5.623946189880371
Epoch: 7619, Loss: 5.641992092132568
Epoch: 7620, Loss: 5.645050048828125
Test acc: 0.0654, IC acc: 0.0852, IC acc2: 0.0034, IW acc: 0.0028
Epoch: 7621, Loss: 5.661227226257324
Epoch: 7622, Loss: 5.6346259117126465
Epoch: 7623, Loss: 5.643811225891113
Epoch: 7624, Loss: 5.652796745300293
Epoch: 7625, Loss: 5.636866092681885
Epoch: 7626, Loss: 5.629837989807129
Epoch: 7627, Loss: 5.624720573425293
Epoch: 7628, Loss: 5.6402788162231445
Epoch: 7629, Loss: 5.644952774047852
Epoch: 7630, Loss: 5.647623062133789
Test acc: 0.0651, IC acc: 0.0857, IC acc2: 0.0034, IW acc: 0.0028
Epoch: 7631, Loss: 5.635113716125488
Epoch: 7632, Loss: 5.632838249206543
Epoch: 7633, Loss: 5.6289801597595215
Epoch: 7634, Loss: 5.644626140594482
Epoch: 7635, Loss: 5.63899040222168
Epoch: 7636, Loss: 5.649852275848389
Epoch: 7637, Loss: 5.624099254608154
Epoch: 7638, Loss: 5.63858699798584
Epoch: 7639, Loss: 5.620500564575195
Epoch: 7640, Loss: 5.628728866577148
Test acc: 0.0652, IC acc: 0.0859, IC acc2: 0.0034, IW acc: 0.0028
Epoch: 7641, Loss: 5.637845516204834
Epoch: 7642, Loss: 5.626782417297363
Epoch: 7643, Loss: 5.660674571990967
Epoch: 7644, Loss: 5.636085510253906
Epoch: 7645, Loss: 5.645852088928223
Epoch: 7646, Loss: 5.647199630737305
Epoch: 7647, Loss: 5.640871524810791
Epoch: 7648, Loss: 5.6372199058532715
Epoch: 7649, Loss: 5.647473335266113
./circuit_plots/Unrestricted Disentangled|Readout|CN=2|B0=0|B1=0|K=1280|L=320|p_B=0.75|p_C=0.75|B=2|eps=0|b4755c15-ae1c-4b25-96c8-f3c68ba4e0ec/ already exists.
./circuit_plots/Unrestricted Disentangled|Readout|CN=2|B0=0|B1=0|K=1280|L=320|p_B=0.75|p_C=0.75|B=2|eps=0|b4755c15-ae1c-4b25-96c8-f3c68ba4e0ec/ already exists.
./circuit_plots/Unrestricted Disentangled|Readout|CN=2|B0=0|B1=0|K=1280|L=320|p_B=0.75|p_C=0.75|B=2|eps=0|b4755c15-ae1c-4b25-96c8-f3c68ba4e0ec/ already exists.
./circuit_plots/Unrestricted Disentangled|Readout|CN=2|B0=0|B1=0|K=1280|L=320|p_B=0.75|p_C=0.75|B=2|eps=0|b4755c15-ae1c-4b25-96c8-f3c68ba4e0ec/ already exists.
./circuit_plots/Unrestricted Disentangled|Readout|CN=2|B0=0|B1=0|K=1280|L=320|p_B=0.75|p_C=0.75|B=2|eps=0|b4755c15-ae1c-4b25-96c8-f3c68ba4e0ec/ already exists.
./circuit_plots/Unrestricted Disentangled|Readout|CN=2|B0=0|B1=0|K=1280|L=320|p_B=0.75|p_C=0.75|B=2|eps=0|b4755c15-ae1c-4b25-96c8-f3c68ba4e0ec/ already exists.
./circuit_plots/Unrestricted Disentangled|Readout|CN=2|B0=0|B1=0|K=1280|L=320|p_B=0.75|p_C=0.75|B=2|eps=0|b4755c15-ae1c-4b25-96c8-f3c68ba4e0ec/ already exists.
Epoch: 7650, Loss: 5.654463768005371
Test acc: 0.0651, IC acc: 0.0861, IC acc2: 0.0034, IW acc: 0.0028
Epoch: 7651, Loss: 5.643052101135254
Epoch: 7652, Loss: 5.650393486022949
Epoch: 7653, Loss: 5.64863920211792
Epoch: 7654, Loss: 5.6289520263671875
Epoch: 7655, Loss: 5.675926208496094
Epoch: 7656, Loss: 5.647762775421143
Epoch: 7657, Loss: 5.633677959442139
Epoch: 7658, Loss: 5.6486053466796875
Epoch: 7659, Loss: 5.638255596160889
Epoch: 7660, Loss: 5.655938625335693
Test acc: 0.065, IC acc: 0.0866, IC acc2: 0.0034, IW acc: 0.0028
Epoch: 7661, Loss: 5.623523712158203
Epoch: 7662, Loss: 5.667233943939209
Epoch: 7663, Loss: 5.623844146728516
Epoch: 7664, Loss: 5.658724784851074
Epoch: 7665, Loss: 5.6280741691589355
Epoch: 7666, Loss: 5.666086196899414
Epoch: 7667, Loss: 5.660617351531982
Epoch: 7668, Loss: 5.644780158996582
Epoch: 7669, Loss: 5.638928413391113
Epoch: 7670, Loss: 5.619464874267578
Test acc: 0.0657, IC acc: 0.0869, IC acc2: 0.0034, IW acc: 0.0027
Epoch: 7671, Loss: 5.624333381652832
Epoch: 7672, Loss: 5.6467790603637695
Epoch: 7673, Loss: 5.6453752517700195
Epoch: 7674, Loss: 5.639798164367676
Epoch: 7675, Loss: 5.643949508666992
Epoch: 7676, Loss: 5.652692794799805
Epoch: 7677, Loss: 5.647361755371094
Epoch: 7678, Loss: 5.643837928771973
Epoch: 7679, Loss: 5.640406131744385
Epoch: 7680, Loss: 5.615629196166992
Test acc: 0.0657, IC acc: 0.087, IC acc2: 0.0034, IW acc: 0.0027
Epoch: 7681, Loss: 5.638328552246094
Epoch: 7682, Loss: 5.654860496520996
Epoch: 7683, Loss: 5.646276473999023
Epoch: 7684, Loss: 5.643610954284668
Epoch: 7685, Loss: 5.642443656921387
Epoch: 7686, Loss: 5.623708724975586
Epoch: 7687, Loss: 5.639310359954834
Epoch: 7688, Loss: 5.634867191314697
Epoch: 7689, Loss: 5.636476516723633
Epoch: 7690, Loss: 5.661757946014404
Test acc: 0.0663, IC acc: 0.087, IC acc2: 0.0034, IW acc: 0.0027
Epoch: 7691, Loss: 5.653700351715088
Epoch: 7692, Loss: 5.628569602966309
Epoch: 7693, Loss: 5.662271022796631
Epoch: 7694, Loss: 5.670541286468506
Epoch: 7695, Loss: 5.6443305015563965
Epoch: 7696, Loss: 5.652611255645752
Epoch: 7697, Loss: 5.662773609161377
Epoch: 7698, Loss: 5.629290580749512
Epoch: 7699, Loss: 5.638382434844971
./circuit_plots/Unrestricted Disentangled|Readout|CN=2|B0=0|B1=0|K=1280|L=320|p_B=0.75|p_C=0.75|B=2|eps=0|b4755c15-ae1c-4b25-96c8-f3c68ba4e0ec/ already exists.
./circuit_plots/Unrestricted Disentangled|Readout|CN=2|B0=0|B1=0|K=1280|L=320|p_B=0.75|p_C=0.75|B=2|eps=0|b4755c15-ae1c-4b25-96c8-f3c68ba4e0ec/ already exists.
./circuit_plots/Unrestricted Disentangled|Readout|CN=2|B0=0|B1=0|K=1280|L=320|p_B=0.75|p_C=0.75|B=2|eps=0|b4755c15-ae1c-4b25-96c8-f3c68ba4e0ec/ already exists.
./circuit_plots/Unrestricted Disentangled|Readout|CN=2|B0=0|B1=0|K=1280|L=320|p_B=0.75|p_C=0.75|B=2|eps=0|b4755c15-ae1c-4b25-96c8-f3c68ba4e0ec/ already exists.
./circuit_plots/Unrestricted Disentangled|Readout|CN=2|B0=0|B1=0|K=1280|L=320|p_B=0.75|p_C=0.75|B=2|eps=0|b4755c15-ae1c-4b25-96c8-f3c68ba4e0ec/ already exists.
./circuit_plots/Unrestricted Disentangled|Readout|CN=2|B0=0|B1=0|K=1280|L=320|p_B=0.75|p_C=0.75|B=2|eps=0|b4755c15-ae1c-4b25-96c8-f3c68ba4e0ec/ already exists.
./circuit_plots/Unrestricted Disentangled|Readout|CN=2|B0=0|B1=0|K=1280|L=320|p_B=0.75|p_C=0.75|B=2|eps=0|b4755c15-ae1c-4b25-96c8-f3c68ba4e0ec/ already exists.
Epoch: 7700, Loss: 5.6383466720581055
Test acc: 0.0666, IC acc: 0.0872, IC acc2: 0.0034, IW acc: 0.0027
Epoch: 7701, Loss: 5.640551567077637
Epoch: 7702, Loss: 5.636606216430664
Epoch: 7703, Loss: 5.638681411743164
Epoch: 7704, Loss: 5.644839286804199
Epoch: 7705, Loss: 5.638617515563965
Epoch: 7706, Loss: 5.66270637512207
Epoch: 7707, Loss: 5.638278007507324
Epoch: 7708, Loss: 5.660098075866699
Epoch: 7709, Loss: 5.642059326171875
Epoch: 7710, Loss: 5.63287353515625
Test acc: 0.067, IC acc: 0.0875, IC acc2: 0.0034, IW acc: 0.0027
Epoch: 7711, Loss: 5.654750347137451
Epoch: 7712, Loss: 5.638956069946289
Epoch: 7713, Loss: 5.6424713134765625
Epoch: 7714, Loss: 5.647339820861816
Epoch: 7715, Loss: 5.650519371032715
Epoch: 7716, Loss: 5.649104595184326
Epoch: 7717, Loss: 5.640419006347656
Epoch: 7718, Loss: 5.614683628082275
Epoch: 7719, Loss: 5.64226770401001
Epoch: 7720, Loss: 5.6589436531066895
Test acc: 0.0671, IC acc: 0.0882, IC acc2: 0.0034, IW acc: 0.0027
Epoch: 7721, Loss: 5.6242241859436035
Epoch: 7722, Loss: 5.640834808349609
Epoch: 7723, Loss: 5.6551690101623535
Epoch: 7724, Loss: 5.654428482055664
Epoch: 7725, Loss: 5.6370086669921875
Epoch: 7726, Loss: 5.620113372802734
Epoch: 7727, Loss: 5.638579845428467
Epoch: 7728, Loss: 5.670997619628906
Epoch: 7729, Loss: 5.641292572021484
Epoch: 7730, Loss: 5.646100997924805
Test acc: 0.0671, IC acc: 0.0885, IC acc2: 0.0034, IW acc: 0.0027
Epoch: 7731, Loss: 5.644071578979492
Epoch: 7732, Loss: 5.622494220733643
Epoch: 7733, Loss: 5.6301774978637695
Epoch: 7734, Loss: 5.624863624572754
Epoch: 7735, Loss: 5.6558051109313965
Epoch: 7736, Loss: 5.62273645401001
Epoch: 7737, Loss: 5.683981418609619
Epoch: 7738, Loss: 5.661413192749023
Epoch: 7739, Loss: 5.648680686950684
Epoch: 7740, Loss: 5.632205963134766
Test acc: 0.067, IC acc: 0.0886, IC acc2: 0.0034, IW acc: 0.0027
Epoch: 7741, Loss: 5.664257049560547
Epoch: 7742, Loss: 5.641913414001465
Epoch: 7743, Loss: 5.666111469268799
Epoch: 7744, Loss: 5.636428356170654
Epoch: 7745, Loss: 5.627876281738281
Epoch: 7746, Loss: 5.628722190856934
Epoch: 7747, Loss: 5.632067680358887
Epoch: 7748, Loss: 5.672375679016113
Epoch: 7749, Loss: 5.6102447509765625
./circuit_plots/Unrestricted Disentangled|Readout|CN=2|B0=0|B1=0|K=1280|L=320|p_B=0.75|p_C=0.75|B=2|eps=0|b4755c15-ae1c-4b25-96c8-f3c68ba4e0ec/ already exists.
./circuit_plots/Unrestricted Disentangled|Readout|CN=2|B0=0|B1=0|K=1280|L=320|p_B=0.75|p_C=0.75|B=2|eps=0|b4755c15-ae1c-4b25-96c8-f3c68ba4e0ec/ already exists.
./circuit_plots/Unrestricted Disentangled|Readout|CN=2|B0=0|B1=0|K=1280|L=320|p_B=0.75|p_C=0.75|B=2|eps=0|b4755c15-ae1c-4b25-96c8-f3c68ba4e0ec/ already exists.
./circuit_plots/Unrestricted Disentangled|Readout|CN=2|B0=0|B1=0|K=1280|L=320|p_B=0.75|p_C=0.75|B=2|eps=0|b4755c15-ae1c-4b25-96c8-f3c68ba4e0ec/ already exists.
./circuit_plots/Unrestricted Disentangled|Readout|CN=2|B0=0|B1=0|K=1280|L=320|p_B=0.75|p_C=0.75|B=2|eps=0|b4755c15-ae1c-4b25-96c8-f3c68ba4e0ec/ already exists.
./circuit_plots/Unrestricted Disentangled|Readout|CN=2|B0=0|B1=0|K=1280|L=320|p_B=0.75|p_C=0.75|B=2|eps=0|b4755c15-ae1c-4b25-96c8-f3c68ba4e0ec/ already exists.
./circuit_plots/Unrestricted Disentangled|Readout|CN=2|B0=0|B1=0|K=1280|L=320|p_B=0.75|p_C=0.75|B=2|eps=0|b4755c15-ae1c-4b25-96c8-f3c68ba4e0ec/ already exists.
Epoch: 7750, Loss: 5.641227722167969
Test acc: 0.067, IC acc: 0.0887, IC acc2: 0.0035, IW acc: 0.0027
Epoch: 7751, Loss: 5.634918212890625
Epoch: 7752, Loss: 5.665289402008057
Epoch: 7753, Loss: 5.62900972366333
Epoch: 7754, Loss: 5.635895729064941
Epoch: 7755, Loss: 5.655383110046387
Epoch: 7756, Loss: 5.64565372467041
Epoch: 7757, Loss: 5.653871536254883
Epoch: 7758, Loss: 5.64053201675415
Epoch: 7759, Loss: 5.660723686218262
Epoch: 7760, Loss: 5.6622724533081055
Test acc: 0.0673, IC acc: 0.0893, IC acc2: 0.0035, IW acc: 0.0027
Epoch: 7761, Loss: 5.62717342376709
Epoch: 7762, Loss: 5.629724979400635
Epoch: 7763, Loss: 5.647762298583984
Epoch: 7764, Loss: 5.642723083496094
Epoch: 7765, Loss: 5.639593124389648
Epoch: 7766, Loss: 5.6447834968566895
Epoch: 7767, Loss: 5.639528274536133
Epoch: 7768, Loss: 5.652210235595703
Epoch: 7769, Loss: 5.665896892547607
Epoch: 7770, Loss: 5.629247665405273
Test acc: 0.0676, IC acc: 0.0894, IC acc2: 0.0035, IW acc: 0.0027
Epoch: 7771, Loss: 5.640884876251221
Epoch: 7772, Loss: 5.6466383934021
Epoch: 7773, Loss: 5.665726661682129
Epoch: 7774, Loss: 5.6405158042907715
Epoch: 7775, Loss: 5.642827987670898
Epoch: 7776, Loss: 5.636801719665527
Epoch: 7777, Loss: 5.6446309089660645
Epoch: 7778, Loss: 5.647396087646484
Epoch: 7779, Loss: 5.6298675537109375
Epoch: 7780, Loss: 5.634943008422852
Test acc: 0.0678, IC acc: 0.0894, IC acc2: 0.0035, IW acc: 0.0027
Epoch: 7781, Loss: 5.622710704803467
Epoch: 7782, Loss: 5.658019065856934
Epoch: 7783, Loss: 5.647231101989746
Epoch: 7784, Loss: 5.635549545288086
Epoch: 7785, Loss: 5.624975204467773
Epoch: 7786, Loss: 5.636909484863281
Epoch: 7787, Loss: 5.655888557434082
Epoch: 7788, Loss: 5.6065874099731445
Epoch: 7789, Loss: 5.648721694946289
Epoch: 7790, Loss: 5.649178504943848
Test acc: 0.0676, IC acc: 0.0896, IC acc2: 0.0035, IW acc: 0.0026
Epoch: 7791, Loss: 5.6372880935668945
Epoch: 7792, Loss: 5.653059005737305
Epoch: 7793, Loss: 5.637565612792969
Epoch: 7794, Loss: 5.641993522644043
Epoch: 7795, Loss: 5.644444465637207
Epoch: 7796, Loss: 5.646849632263184
Epoch: 7797, Loss: 5.624331474304199
Epoch: 7798, Loss: 5.640933513641357
Epoch: 7799, Loss: 5.636110305786133
./circuit_plots/Unrestricted Disentangled|Readout|CN=2|B0=0|B1=0|K=1280|L=320|p_B=0.75|p_C=0.75|B=2|eps=0|b4755c15-ae1c-4b25-96c8-f3c68ba4e0ec/ already exists.
./circuit_plots/Unrestricted Disentangled|Readout|CN=2|B0=0|B1=0|K=1280|L=320|p_B=0.75|p_C=0.75|B=2|eps=0|b4755c15-ae1c-4b25-96c8-f3c68ba4e0ec/ already exists.
./circuit_plots/Unrestricted Disentangled|Readout|CN=2|B0=0|B1=0|K=1280|L=320|p_B=0.75|p_C=0.75|B=2|eps=0|b4755c15-ae1c-4b25-96c8-f3c68ba4e0ec/ already exists.
./circuit_plots/Unrestricted Disentangled|Readout|CN=2|B0=0|B1=0|K=1280|L=320|p_B=0.75|p_C=0.75|B=2|eps=0|b4755c15-ae1c-4b25-96c8-f3c68ba4e0ec/ already exists.
./circuit_plots/Unrestricted Disentangled|Readout|CN=2|B0=0|B1=0|K=1280|L=320|p_B=0.75|p_C=0.75|B=2|eps=0|b4755c15-ae1c-4b25-96c8-f3c68ba4e0ec/ already exists.
./circuit_plots/Unrestricted Disentangled|Readout|CN=2|B0=0|B1=0|K=1280|L=320|p_B=0.75|p_C=0.75|B=2|eps=0|b4755c15-ae1c-4b25-96c8-f3c68ba4e0ec/ already exists.
./circuit_plots/Unrestricted Disentangled|Readout|CN=2|B0=0|B1=0|K=1280|L=320|p_B=0.75|p_C=0.75|B=2|eps=0|b4755c15-ae1c-4b25-96c8-f3c68ba4e0ec/ already exists.
Epoch: 7800, Loss: 5.6328125
Test acc: 0.0678, IC acc: 0.0896, IC acc2: 0.0035, IW acc: 0.0026
Epoch: 7801, Loss: 5.6606621742248535
Epoch: 7802, Loss: 5.648404598236084
Epoch: 7803, Loss: 5.653993606567383
Epoch: 7804, Loss: 5.631893157958984
Epoch: 7805, Loss: 5.651963233947754
Epoch: 7806, Loss: 5.641570091247559
Epoch: 7807, Loss: 5.6303300857543945
Epoch: 7808, Loss: 5.650601387023926
Epoch: 7809, Loss: 5.639044284820557
Epoch: 7810, Loss: 5.649965763092041
Test acc: 0.0681, IC acc: 0.0902, IC acc2: 0.0035, IW acc: 0.0026
Epoch: 7811, Loss: 5.626672744750977
Epoch: 7812, Loss: 5.6239118576049805
Epoch: 7813, Loss: 5.65037727355957
Epoch: 7814, Loss: 5.6520843505859375
Epoch: 7815, Loss: 5.652912616729736
Epoch: 7816, Loss: 5.660383224487305
Epoch: 7817, Loss: 5.647935390472412
Epoch: 7818, Loss: 5.656082630157471
Epoch: 7819, Loss: 5.644552230834961
Epoch: 7820, Loss: 5.6652445793151855
Test acc: 0.068, IC acc: 0.0903, IC acc2: 0.0035, IW acc: 0.0026
Epoch: 7821, Loss: 5.647261619567871
Epoch: 7822, Loss: 5.620542526245117
Epoch: 7823, Loss: 5.645031929016113
Epoch: 7824, Loss: 5.625565528869629
Epoch: 7825, Loss: 5.648683547973633
Epoch: 7826, Loss: 5.625317096710205
Epoch: 7827, Loss: 5.644570827484131
Epoch: 7828, Loss: 5.638161659240723
Epoch: 7829, Loss: 5.638143539428711
Epoch: 7830, Loss: 5.62895393371582
Test acc: 0.0682, IC acc: 0.0908, IC acc2: 0.0035, IW acc: 0.0027
Epoch: 7831, Loss: 5.652160167694092
Epoch: 7832, Loss: 5.64786958694458
Epoch: 7833, Loss: 5.627504348754883
Epoch: 7834, Loss: 5.630596160888672
Epoch: 7835, Loss: 5.623356819152832
Epoch: 7836, Loss: 5.656342029571533
Epoch: 7837, Loss: 5.646702289581299
Epoch: 7838, Loss: 5.6169586181640625
Epoch: 7839, Loss: 5.645449161529541
Epoch: 7840, Loss: 5.616804122924805
Test acc: 0.0687, IC acc: 0.0915, IC acc2: 0.0035, IW acc: 0.0027
Epoch: 7841, Loss: 5.640358924865723
Epoch: 7842, Loss: 5.646946907043457
Epoch: 7843, Loss: 5.612612724304199
Epoch: 7844, Loss: 5.635512351989746
Epoch: 7845, Loss: 5.6469831466674805
Epoch: 7846, Loss: 5.66155481338501
Epoch: 7847, Loss: 5.645641803741455
Epoch: 7848, Loss: 5.633292198181152
Epoch: 7849, Loss: 5.62209939956665
./circuit_plots/Unrestricted Disentangled|Readout|CN=2|B0=0|B1=0|K=1280|L=320|p_B=0.75|p_C=0.75|B=2|eps=0|b4755c15-ae1c-4b25-96c8-f3c68ba4e0ec/ already exists.
./circuit_plots/Unrestricted Disentangled|Readout|CN=2|B0=0|B1=0|K=1280|L=320|p_B=0.75|p_C=0.75|B=2|eps=0|b4755c15-ae1c-4b25-96c8-f3c68ba4e0ec/ already exists.
./circuit_plots/Unrestricted Disentangled|Readout|CN=2|B0=0|B1=0|K=1280|L=320|p_B=0.75|p_C=0.75|B=2|eps=0|b4755c15-ae1c-4b25-96c8-f3c68ba4e0ec/ already exists.
./circuit_plots/Unrestricted Disentangled|Readout|CN=2|B0=0|B1=0|K=1280|L=320|p_B=0.75|p_C=0.75|B=2|eps=0|b4755c15-ae1c-4b25-96c8-f3c68ba4e0ec/ already exists.
./circuit_plots/Unrestricted Disentangled|Readout|CN=2|B0=0|B1=0|K=1280|L=320|p_B=0.75|p_C=0.75|B=2|eps=0|b4755c15-ae1c-4b25-96c8-f3c68ba4e0ec/ already exists.
./circuit_plots/Unrestricted Disentangled|Readout|CN=2|B0=0|B1=0|K=1280|L=320|p_B=0.75|p_C=0.75|B=2|eps=0|b4755c15-ae1c-4b25-96c8-f3c68ba4e0ec/ already exists.
./circuit_plots/Unrestricted Disentangled|Readout|CN=2|B0=0|B1=0|K=1280|L=320|p_B=0.75|p_C=0.75|B=2|eps=0|b4755c15-ae1c-4b25-96c8-f3c68ba4e0ec/ already exists.
Epoch: 7850, Loss: 5.649390697479248
Test acc: 0.0687, IC acc: 0.0919, IC acc2: 0.0035, IW acc: 0.0027
Epoch: 7851, Loss: 5.636557579040527
Epoch: 7852, Loss: 5.625324249267578
Epoch: 7853, Loss: 5.657764434814453
Epoch: 7854, Loss: 5.647863864898682
Epoch: 7855, Loss: 5.630239963531494
Epoch: 7856, Loss: 5.645223140716553
Epoch: 7857, Loss: 5.638136386871338
Epoch: 7858, Loss: 5.636851787567139
Epoch: 7859, Loss: 5.643282413482666
Epoch: 7860, Loss: 5.640084266662598
Test acc: 0.0684, IC acc: 0.092, IC acc2: 0.0035, IW acc: 0.0027
Epoch: 7861, Loss: 5.63748836517334
Epoch: 7862, Loss: 5.65103006362915
Epoch: 7863, Loss: 5.632110595703125
Epoch: 7864, Loss: 5.631636142730713
Epoch: 7865, Loss: 5.64255952835083
Epoch: 7866, Loss: 5.638854026794434
Epoch: 7867, Loss: 5.627623081207275
Epoch: 7868, Loss: 5.634138107299805
Epoch: 7869, Loss: 5.6242523193359375
Epoch: 7870, Loss: 5.638368606567383
Test acc: 0.0689, IC acc: 0.0922, IC acc2: 0.0034, IW acc: 0.0027
Epoch: 7871, Loss: 5.638787269592285
Epoch: 7872, Loss: 5.633757591247559
Epoch: 7873, Loss: 5.632383346557617
Epoch: 7874, Loss: 5.6497883796691895
Epoch: 7875, Loss: 5.6658616065979
Epoch: 7876, Loss: 5.632962703704834
Epoch: 7877, Loss: 5.644339084625244
Epoch: 7878, Loss: 5.641800403594971
Epoch: 7879, Loss: 5.633539199829102
Epoch: 7880, Loss: 5.635652542114258
Test acc: 0.069, IC acc: 0.0928, IC acc2: 0.0035, IW acc: 0.0027
Epoch: 7881, Loss: 5.645367622375488
Epoch: 7882, Loss: 5.653848648071289
Epoch: 7883, Loss: 5.650189399719238
Epoch: 7884, Loss: 5.644299030303955
Epoch: 7885, Loss: 5.650511741638184
Epoch: 7886, Loss: 5.640642166137695
Epoch: 7887, Loss: 5.644584655761719
Epoch: 7888, Loss: 5.635231018066406
Epoch: 7889, Loss: 5.634823799133301
Epoch: 7890, Loss: 5.646032333374023
Test acc: 0.0695, IC acc: 0.0929, IC acc2: 0.0034, IW acc: 0.0027
Epoch: 7891, Loss: 5.639084339141846
Epoch: 7892, Loss: 5.646482467651367
Epoch: 7893, Loss: 5.665060043334961
Epoch: 7894, Loss: 5.624718189239502
Epoch: 7895, Loss: 5.630023956298828
Epoch: 7896, Loss: 5.62814998626709
Epoch: 7897, Loss: 5.631495475769043
Epoch: 7898, Loss: 5.626036643981934
Epoch: 7899, Loss: 5.642711639404297
./circuit_plots/Unrestricted Disentangled|Readout|CN=2|B0=0|B1=0|K=1280|L=320|p_B=0.75|p_C=0.75|B=2|eps=0|b4755c15-ae1c-4b25-96c8-f3c68ba4e0ec/ already exists.
./circuit_plots/Unrestricted Disentangled|Readout|CN=2|B0=0|B1=0|K=1280|L=320|p_B=0.75|p_C=0.75|B=2|eps=0|b4755c15-ae1c-4b25-96c8-f3c68ba4e0ec/ already exists.
./circuit_plots/Unrestricted Disentangled|Readout|CN=2|B0=0|B1=0|K=1280|L=320|p_B=0.75|p_C=0.75|B=2|eps=0|b4755c15-ae1c-4b25-96c8-f3c68ba4e0ec/ already exists.
./circuit_plots/Unrestricted Disentangled|Readout|CN=2|B0=0|B1=0|K=1280|L=320|p_B=0.75|p_C=0.75|B=2|eps=0|b4755c15-ae1c-4b25-96c8-f3c68ba4e0ec/ already exists.
./circuit_plots/Unrestricted Disentangled|Readout|CN=2|B0=0|B1=0|K=1280|L=320|p_B=0.75|p_C=0.75|B=2|eps=0|b4755c15-ae1c-4b25-96c8-f3c68ba4e0ec/ already exists.
./circuit_plots/Unrestricted Disentangled|Readout|CN=2|B0=0|B1=0|K=1280|L=320|p_B=0.75|p_C=0.75|B=2|eps=0|b4755c15-ae1c-4b25-96c8-f3c68ba4e0ec/ already exists.
./circuit_plots/Unrestricted Disentangled|Readout|CN=2|B0=0|B1=0|K=1280|L=320|p_B=0.75|p_C=0.75|B=2|eps=0|b4755c15-ae1c-4b25-96c8-f3c68ba4e0ec/ already exists.
Epoch: 7900, Loss: 5.649225234985352
Test acc: 0.07, IC acc: 0.093, IC acc2: 0.0034, IW acc: 0.0027
Epoch: 7901, Loss: 5.642182350158691
Epoch: 7902, Loss: 5.64390754699707
Epoch: 7903, Loss: 5.647647857666016
Epoch: 7904, Loss: 5.639308929443359
Epoch: 7905, Loss: 5.633960247039795
Epoch: 7906, Loss: 5.63883113861084
Epoch: 7907, Loss: 5.637465476989746
Epoch: 7908, Loss: 5.630279064178467
Epoch: 7909, Loss: 5.644084453582764
Epoch: 7910, Loss: 5.653600692749023
Test acc: 0.0704, IC acc: 0.0932, IC acc2: 0.0034, IW acc: 0.0027
Epoch: 7911, Loss: 5.631805419921875
Epoch: 7912, Loss: 5.63173770904541
Epoch: 7913, Loss: 5.634265899658203
Epoch: 7914, Loss: 5.6495561599731445
Epoch: 7915, Loss: 5.636388778686523
Epoch: 7916, Loss: 5.651761054992676
Epoch: 7917, Loss: 5.631139755249023
Epoch: 7918, Loss: 5.638243198394775
Epoch: 7919, Loss: 5.661788463592529
Epoch: 7920, Loss: 5.6333160400390625
Test acc: 0.0703, IC acc: 0.0932, IC acc2: 0.0035, IW acc: 0.0027
Epoch: 7921, Loss: 5.6315202713012695
Epoch: 7922, Loss: 5.6308274269104
Epoch: 7923, Loss: 5.645148754119873
Epoch: 7924, Loss: 5.643603324890137
Epoch: 7925, Loss: 5.62578821182251
Epoch: 7926, Loss: 5.662083625793457
Epoch: 7927, Loss: 5.634274005889893
Epoch: 7928, Loss: 5.655146598815918
Epoch: 7929, Loss: 5.627017021179199
Epoch: 7930, Loss: 5.654716491699219
Test acc: 0.0702, IC acc: 0.0936, IC acc2: 0.0036, IW acc: 0.0027
Epoch: 7931, Loss: 5.642932415008545
Epoch: 7932, Loss: 5.646800994873047
Epoch: 7933, Loss: 5.632355213165283
Epoch: 7934, Loss: 5.627396583557129
Epoch: 7935, Loss: 5.668743133544922
Epoch: 7936, Loss: 5.637648105621338
Epoch: 7937, Loss: 5.655735015869141
Epoch: 7938, Loss: 5.636664390563965
Epoch: 7939, Loss: 5.617970943450928
Epoch: 7940, Loss: 5.625993251800537
Test acc: 0.0705, IC acc: 0.0939, IC acc2: 0.0036, IW acc: 0.0027
Epoch: 7941, Loss: 5.638322353363037
Epoch: 7942, Loss: 5.648918151855469
Epoch: 7943, Loss: 5.6332855224609375
Epoch: 7944, Loss: 5.6378173828125
Epoch: 7945, Loss: 5.633971691131592
Epoch: 7946, Loss: 5.628725051879883
Epoch: 7947, Loss: 5.657980918884277
Epoch: 7948, Loss: 5.650942802429199
Epoch: 7949, Loss: 5.637746810913086
./circuit_plots/Unrestricted Disentangled|Readout|CN=2|B0=0|B1=0|K=1280|L=320|p_B=0.75|p_C=0.75|B=2|eps=0|b4755c15-ae1c-4b25-96c8-f3c68ba4e0ec/ already exists.
./circuit_plots/Unrestricted Disentangled|Readout|CN=2|B0=0|B1=0|K=1280|L=320|p_B=0.75|p_C=0.75|B=2|eps=0|b4755c15-ae1c-4b25-96c8-f3c68ba4e0ec/ already exists.
./circuit_plots/Unrestricted Disentangled|Readout|CN=2|B0=0|B1=0|K=1280|L=320|p_B=0.75|p_C=0.75|B=2|eps=0|b4755c15-ae1c-4b25-96c8-f3c68ba4e0ec/ already exists.
./circuit_plots/Unrestricted Disentangled|Readout|CN=2|B0=0|B1=0|K=1280|L=320|p_B=0.75|p_C=0.75|B=2|eps=0|b4755c15-ae1c-4b25-96c8-f3c68ba4e0ec/ already exists.
./circuit_plots/Unrestricted Disentangled|Readout|CN=2|B0=0|B1=0|K=1280|L=320|p_B=0.75|p_C=0.75|B=2|eps=0|b4755c15-ae1c-4b25-96c8-f3c68ba4e0ec/ already exists.
./circuit_plots/Unrestricted Disentangled|Readout|CN=2|B0=0|B1=0|K=1280|L=320|p_B=0.75|p_C=0.75|B=2|eps=0|b4755c15-ae1c-4b25-96c8-f3c68ba4e0ec/ already exists.
./circuit_plots/Unrestricted Disentangled|Readout|CN=2|B0=0|B1=0|K=1280|L=320|p_B=0.75|p_C=0.75|B=2|eps=0|b4755c15-ae1c-4b25-96c8-f3c68ba4e0ec/ already exists.
Epoch: 7950, Loss: 5.633383750915527
Test acc: 0.0706, IC acc: 0.0941, IC acc2: 0.0035, IW acc: 0.0028
Epoch: 7951, Loss: 5.650610446929932
Epoch: 7952, Loss: 5.637819290161133
Epoch: 7953, Loss: 5.6199235916137695
Epoch: 7954, Loss: 5.638631820678711
Epoch: 7955, Loss: 5.630572319030762
Epoch: 7956, Loss: 5.632323265075684
Epoch: 7957, Loss: 5.643877029418945
Epoch: 7958, Loss: 5.6197381019592285
Epoch: 7959, Loss: 5.624166488647461
Epoch: 7960, Loss: 5.648794174194336
Test acc: 0.071, IC acc: 0.0939, IC acc2: 0.0034, IW acc: 0.0028
Epoch: 7961, Loss: 5.638724327087402
Epoch: 7962, Loss: 5.65177583694458
Epoch: 7963, Loss: 5.629331588745117
Epoch: 7964, Loss: 5.641254425048828
Epoch: 7965, Loss: 5.652734756469727
Epoch: 7966, Loss: 5.6349310874938965
Epoch: 7967, Loss: 5.638169765472412
Epoch: 7968, Loss: 5.625334739685059
Epoch: 7969, Loss: 5.607997894287109
Epoch: 7970, Loss: 5.641857624053955
Test acc: 0.0711, IC acc: 0.0944, IC acc2: 0.0035, IW acc: 0.0028
Epoch: 7971, Loss: 5.647833824157715
Epoch: 7972, Loss: 5.648533344268799
Epoch: 7973, Loss: 5.6331915855407715
Epoch: 7974, Loss: 5.643655300140381
Epoch: 7975, Loss: 5.643170356750488
Epoch: 7976, Loss: 5.617048263549805
Epoch: 7977, Loss: 5.642735481262207
Epoch: 7978, Loss: 5.6425395011901855
Epoch: 7979, Loss: 5.623349666595459
Epoch: 7980, Loss: 5.620968341827393
Test acc: 0.0715, IC acc: 0.0943, IC acc2: 0.0035, IW acc: 0.0028
Epoch: 7981, Loss: 5.624869346618652
Epoch: 7982, Loss: 5.652007102966309
Epoch: 7983, Loss: 5.643277168273926
Epoch: 7984, Loss: 5.637630462646484
Epoch: 7985, Loss: 5.666408538818359
Epoch: 7986, Loss: 5.649049758911133
Epoch: 7987, Loss: 5.653093338012695
Epoch: 7988, Loss: 5.638103485107422
Epoch: 7989, Loss: 5.647454738616943
Epoch: 7990, Loss: 5.632863998413086
Test acc: 0.0715, IC acc: 0.0949, IC acc2: 0.0035, IW acc: 0.0028
Epoch: 7991, Loss: 5.636177062988281
Epoch: 7992, Loss: 5.6430463790893555
Epoch: 7993, Loss: 5.636366844177246
Epoch: 7994, Loss: 5.62049674987793
Epoch: 7995, Loss: 5.630597114562988
Epoch: 7996, Loss: 5.652827739715576
Epoch: 7997, Loss: 5.638372421264648
Epoch: 7998, Loss: 5.6237568855285645
Epoch: 7999, Loss: 5.642902374267578
./circuit_plots/Unrestricted Disentangled|Readout|CN=2|B0=0|B1=0|K=1280|L=320|p_B=0.75|p_C=0.75|B=2|eps=0|b4755c15-ae1c-4b25-96c8-f3c68ba4e0ec/ already exists.
./circuit_plots/Unrestricted Disentangled|Readout|CN=2|B0=0|B1=0|K=1280|L=320|p_B=0.75|p_C=0.75|B=2|eps=0|b4755c15-ae1c-4b25-96c8-f3c68ba4e0ec/ already exists.
./circuit_plots/Unrestricted Disentangled|Readout|CN=2|B0=0|B1=0|K=1280|L=320|p_B=0.75|p_C=0.75|B=2|eps=0|b4755c15-ae1c-4b25-96c8-f3c68ba4e0ec/ already exists.
./circuit_plots/Unrestricted Disentangled|Readout|CN=2|B0=0|B1=0|K=1280|L=320|p_B=0.75|p_C=0.75|B=2|eps=0|b4755c15-ae1c-4b25-96c8-f3c68ba4e0ec/ already exists.
./circuit_plots/Unrestricted Disentangled|Readout|CN=2|B0=0|B1=0|K=1280|L=320|p_B=0.75|p_C=0.75|B=2|eps=0|b4755c15-ae1c-4b25-96c8-f3c68ba4e0ec/ already exists.
./circuit_plots/Unrestricted Disentangled|Readout|CN=2|B0=0|B1=0|K=1280|L=320|p_B=0.75|p_C=0.75|B=2|eps=0|b4755c15-ae1c-4b25-96c8-f3c68ba4e0ec/ already exists.
./circuit_plots/Unrestricted Disentangled|Readout|CN=2|B0=0|B1=0|K=1280|L=320|p_B=0.75|p_C=0.75|B=2|eps=0|b4755c15-ae1c-4b25-96c8-f3c68ba4e0ec/ already exists.
Epoch: 8000, Loss: 5.632545471191406
Test acc: 0.0714, IC acc: 0.0955, IC acc2: 0.0036, IW acc: 0.0028
Epoch: 8001, Loss: 5.638376712799072
Epoch: 8002, Loss: 5.631836414337158
Epoch: 8003, Loss: 5.643651962280273
Epoch: 8004, Loss: 5.6561384201049805
Epoch: 8005, Loss: 5.632569789886475
Epoch: 8006, Loss: 5.655125141143799
Epoch: 8007, Loss: 5.631924152374268
Epoch: 8008, Loss: 5.647167205810547
Epoch: 8009, Loss: 5.636847496032715
Epoch: 8010, Loss: 5.629955291748047
Test acc: 0.0712, IC acc: 0.0957, IC acc2: 0.0035, IW acc: 0.0028
Epoch: 8011, Loss: 5.639496803283691
Epoch: 8012, Loss: 5.6302618980407715
Epoch: 8013, Loss: 5.62483549118042
Epoch: 8014, Loss: 5.616706371307373
Epoch: 8015, Loss: 5.637456893920898
Epoch: 8016, Loss: 5.627105712890625
Epoch: 8017, Loss: 5.652032852172852
Epoch: 8018, Loss: 5.628299713134766
Epoch: 8019, Loss: 5.644528388977051
Epoch: 8020, Loss: 5.627901077270508
Test acc: 0.0715, IC acc: 0.0958, IC acc2: 0.0034, IW acc: 0.0028
Epoch: 8021, Loss: 5.626934051513672
Epoch: 8022, Loss: 5.654962539672852
Epoch: 8023, Loss: 5.61846923828125
Epoch: 8024, Loss: 5.641196250915527
Epoch: 8025, Loss: 5.629736423492432
Epoch: 8026, Loss: 5.637092590332031
Epoch: 8027, Loss: 5.628949165344238
Epoch: 8028, Loss: 5.630309104919434
Epoch: 8029, Loss: 5.625918388366699
Epoch: 8030, Loss: 5.641447067260742
Test acc: 0.0717, IC acc: 0.0963, IC acc2: 0.0034, IW acc: 0.0028
Epoch: 8031, Loss: 5.633513450622559
Epoch: 8032, Loss: 5.6260457038879395
Epoch: 8033, Loss: 5.650508403778076
Epoch: 8034, Loss: 5.655827045440674
Epoch: 8035, Loss: 5.638464450836182
Epoch: 8036, Loss: 5.630956172943115
Epoch: 8037, Loss: 5.608537197113037
Epoch: 8038, Loss: 5.618436813354492
Epoch: 8039, Loss: 5.654432773590088
Epoch: 8040, Loss: 5.607915878295898
Test acc: 0.0718, IC acc: 0.0967, IC acc2: 0.0034, IW acc: 0.0028
Epoch: 8041, Loss: 5.6221537590026855
Epoch: 8042, Loss: 5.643005847930908
Epoch: 8043, Loss: 5.643453598022461
Epoch: 8044, Loss: 5.631581783294678
Epoch: 8045, Loss: 5.656225681304932
Epoch: 8046, Loss: 5.640834808349609
Epoch: 8047, Loss: 5.653781890869141
Epoch: 8048, Loss: 5.6383466720581055
Epoch: 8049, Loss: 5.621836185455322
./circuit_plots/Unrestricted Disentangled|Readout|CN=2|B0=0|B1=0|K=1280|L=320|p_B=0.75|p_C=0.75|B=2|eps=0|b4755c15-ae1c-4b25-96c8-f3c68ba4e0ec/ already exists.
./circuit_plots/Unrestricted Disentangled|Readout|CN=2|B0=0|B1=0|K=1280|L=320|p_B=0.75|p_C=0.75|B=2|eps=0|b4755c15-ae1c-4b25-96c8-f3c68ba4e0ec/ already exists.
./circuit_plots/Unrestricted Disentangled|Readout|CN=2|B0=0|B1=0|K=1280|L=320|p_B=0.75|p_C=0.75|B=2|eps=0|b4755c15-ae1c-4b25-96c8-f3c68ba4e0ec/ already exists.
./circuit_plots/Unrestricted Disentangled|Readout|CN=2|B0=0|B1=0|K=1280|L=320|p_B=0.75|p_C=0.75|B=2|eps=0|b4755c15-ae1c-4b25-96c8-f3c68ba4e0ec/ already exists.
./circuit_plots/Unrestricted Disentangled|Readout|CN=2|B0=0|B1=0|K=1280|L=320|p_B=0.75|p_C=0.75|B=2|eps=0|b4755c15-ae1c-4b25-96c8-f3c68ba4e0ec/ already exists.
./circuit_plots/Unrestricted Disentangled|Readout|CN=2|B0=0|B1=0|K=1280|L=320|p_B=0.75|p_C=0.75|B=2|eps=0|b4755c15-ae1c-4b25-96c8-f3c68ba4e0ec/ already exists.
./circuit_plots/Unrestricted Disentangled|Readout|CN=2|B0=0|B1=0|K=1280|L=320|p_B=0.75|p_C=0.75|B=2|eps=0|b4755c15-ae1c-4b25-96c8-f3c68ba4e0ec/ already exists.
Epoch: 8050, Loss: 5.640751361846924
Test acc: 0.072, IC acc: 0.0966, IC acc2: 0.0034, IW acc: 0.0028
Epoch: 8051, Loss: 5.613889694213867
Epoch: 8052, Loss: 5.633591175079346
Epoch: 8053, Loss: 5.635471343994141
Epoch: 8054, Loss: 5.623904228210449
Epoch: 8055, Loss: 5.64493989944458
Epoch: 8056, Loss: 5.660534858703613
Epoch: 8057, Loss: 5.620944976806641
Epoch: 8058, Loss: 5.649848937988281
Epoch: 8059, Loss: 5.616066932678223
Epoch: 8060, Loss: 5.649104118347168
Test acc: 0.072, IC acc: 0.0968, IC acc2: 0.0034, IW acc: 0.0028
Epoch: 8061, Loss: 5.650834083557129
Epoch: 8062, Loss: 5.6562957763671875
Epoch: 8063, Loss: 5.6359052658081055
Epoch: 8064, Loss: 5.6184587478637695
Epoch: 8065, Loss: 5.625968933105469
Epoch: 8066, Loss: 5.630044937133789
Epoch: 8067, Loss: 5.636651039123535
Epoch: 8068, Loss: 5.636064052581787
Epoch: 8069, Loss: 5.635751247406006
Epoch: 8070, Loss: 5.625482559204102
Test acc: 0.0721, IC acc: 0.0973, IC acc2: 0.0034, IW acc: 0.0028
Epoch: 8071, Loss: 5.642916202545166
Epoch: 8072, Loss: 5.634998798370361
Epoch: 8073, Loss: 5.626920223236084
Epoch: 8074, Loss: 5.650545120239258
Epoch: 8075, Loss: 5.631143569946289
Epoch: 8076, Loss: 5.659801006317139
Epoch: 8077, Loss: 5.638401985168457
Epoch: 8078, Loss: 5.639199256896973
Epoch: 8079, Loss: 5.638952255249023
Epoch: 8080, Loss: 5.634811878204346
Test acc: 0.0725, IC acc: 0.0977, IC acc2: 0.0035, IW acc: 0.0028
Epoch: 8081, Loss: 5.653136730194092
Epoch: 8082, Loss: 5.631686210632324
Epoch: 8083, Loss: 5.6238813400268555
Epoch: 8084, Loss: 5.651754856109619
Epoch: 8085, Loss: 5.626230716705322
Epoch: 8086, Loss: 5.644570350646973
Epoch: 8087, Loss: 5.623727321624756
Epoch: 8088, Loss: 5.653027534484863
Epoch: 8089, Loss: 5.624952793121338
Epoch: 8090, Loss: 5.637145042419434
Test acc: 0.0726, IC acc: 0.0975, IC acc2: 0.0033, IW acc: 0.0028
Epoch: 8091, Loss: 5.624754905700684
Epoch: 8092, Loss: 5.645993709564209
Epoch: 8093, Loss: 5.617997646331787
Epoch: 8094, Loss: 5.6469502449035645
Epoch: 8095, Loss: 5.649808883666992
Epoch: 8096, Loss: 5.652946472167969
Epoch: 8097, Loss: 5.621829032897949
Epoch: 8098, Loss: 5.651601314544678
Epoch: 8099, Loss: 5.637872219085693
./circuit_plots/Unrestricted Disentangled|Readout|CN=2|B0=0|B1=0|K=1280|L=320|p_B=0.75|p_C=0.75|B=2|eps=0|b4755c15-ae1c-4b25-96c8-f3c68ba4e0ec/ already exists.
./circuit_plots/Unrestricted Disentangled|Readout|CN=2|B0=0|B1=0|K=1280|L=320|p_B=0.75|p_C=0.75|B=2|eps=0|b4755c15-ae1c-4b25-96c8-f3c68ba4e0ec/ already exists.
./circuit_plots/Unrestricted Disentangled|Readout|CN=2|B0=0|B1=0|K=1280|L=320|p_B=0.75|p_C=0.75|B=2|eps=0|b4755c15-ae1c-4b25-96c8-f3c68ba4e0ec/ already exists.
./circuit_plots/Unrestricted Disentangled|Readout|CN=2|B0=0|B1=0|K=1280|L=320|p_B=0.75|p_C=0.75|B=2|eps=0|b4755c15-ae1c-4b25-96c8-f3c68ba4e0ec/ already exists.
./circuit_plots/Unrestricted Disentangled|Readout|CN=2|B0=0|B1=0|K=1280|L=320|p_B=0.75|p_C=0.75|B=2|eps=0|b4755c15-ae1c-4b25-96c8-f3c68ba4e0ec/ already exists.
./circuit_plots/Unrestricted Disentangled|Readout|CN=2|B0=0|B1=0|K=1280|L=320|p_B=0.75|p_C=0.75|B=2|eps=0|b4755c15-ae1c-4b25-96c8-f3c68ba4e0ec/ already exists.
./circuit_plots/Unrestricted Disentangled|Readout|CN=2|B0=0|B1=0|K=1280|L=320|p_B=0.75|p_C=0.75|B=2|eps=0|b4755c15-ae1c-4b25-96c8-f3c68ba4e0ec/ already exists.
Epoch: 8100, Loss: 5.6277689933776855
Test acc: 0.0729, IC acc: 0.0979, IC acc2: 0.0035, IW acc: 0.0028
Epoch: 8101, Loss: 5.6432108879089355
Epoch: 8102, Loss: 5.633272171020508
Epoch: 8103, Loss: 5.614762783050537
Epoch: 8104, Loss: 5.6472554206848145
Epoch: 8105, Loss: 5.645326614379883
Epoch: 8106, Loss: 5.624877452850342
Epoch: 8107, Loss: 5.639038562774658
Epoch: 8108, Loss: 5.633652687072754
Epoch: 8109, Loss: 5.624688625335693
Epoch: 8110, Loss: 5.637533187866211
Test acc: 0.073, IC acc: 0.0978, IC acc2: 0.0034, IW acc: 0.0028
Epoch: 8111, Loss: 5.6507887840271
Epoch: 8112, Loss: 5.64668607711792
Epoch: 8113, Loss: 5.643850803375244
Epoch: 8114, Loss: 5.6380615234375
Epoch: 8115, Loss: 5.638633728027344
Epoch: 8116, Loss: 5.633264541625977
Epoch: 8117, Loss: 5.642126560211182
Epoch: 8118, Loss: 5.624542713165283
Epoch: 8119, Loss: 5.634839057922363
Epoch: 8120, Loss: 5.627499580383301
Test acc: 0.073, IC acc: 0.0982, IC acc2: 0.0033, IW acc: 0.0028
Epoch: 8121, Loss: 5.631972789764404
Epoch: 8122, Loss: 5.652067184448242
Epoch: 8123, Loss: 5.633544921875
Epoch: 8124, Loss: 5.644476413726807
Epoch: 8125, Loss: 5.644855499267578
Epoch: 8126, Loss: 5.624816417694092
Epoch: 8127, Loss: 5.615118980407715
Epoch: 8128, Loss: 5.625730037689209
Epoch: 8129, Loss: 5.617110252380371
Epoch: 8130, Loss: 5.642136573791504
Test acc: 0.0731, IC acc: 0.0983, IC acc2: 0.0034, IW acc: 0.0028
Epoch: 8131, Loss: 5.661454677581787
Epoch: 8132, Loss: 5.648798942565918
Epoch: 8133, Loss: 5.65396785736084
Epoch: 8134, Loss: 5.648465633392334
Epoch: 8135, Loss: 5.628072261810303
Epoch: 8136, Loss: 5.630222320556641
Epoch: 8137, Loss: 5.655041694641113
Epoch: 8138, Loss: 5.619194984436035
Epoch: 8139, Loss: 5.636781692504883
Epoch: 8140, Loss: 5.621283054351807
Test acc: 0.0734, IC acc: 0.0984, IC acc2: 0.0033, IW acc: 0.0028
Epoch: 8141, Loss: 5.64905309677124
Epoch: 8142, Loss: 5.64840030670166
Epoch: 8143, Loss: 5.639962673187256
Epoch: 8144, Loss: 5.652247905731201
Epoch: 8145, Loss: 5.641997337341309
Epoch: 8146, Loss: 5.617875576019287
Epoch: 8147, Loss: 5.615992546081543
Epoch: 8148, Loss: 5.633843898773193
Epoch: 8149, Loss: 5.63279914855957
./circuit_plots/Unrestricted Disentangled|Readout|CN=2|B0=0|B1=0|K=1280|L=320|p_B=0.75|p_C=0.75|B=2|eps=0|b4755c15-ae1c-4b25-96c8-f3c68ba4e0ec/ already exists.
./circuit_plots/Unrestricted Disentangled|Readout|CN=2|B0=0|B1=0|K=1280|L=320|p_B=0.75|p_C=0.75|B=2|eps=0|b4755c15-ae1c-4b25-96c8-f3c68ba4e0ec/ already exists.
./circuit_plots/Unrestricted Disentangled|Readout|CN=2|B0=0|B1=0|K=1280|L=320|p_B=0.75|p_C=0.75|B=2|eps=0|b4755c15-ae1c-4b25-96c8-f3c68ba4e0ec/ already exists.
./circuit_plots/Unrestricted Disentangled|Readout|CN=2|B0=0|B1=0|K=1280|L=320|p_B=0.75|p_C=0.75|B=2|eps=0|b4755c15-ae1c-4b25-96c8-f3c68ba4e0ec/ already exists.
./circuit_plots/Unrestricted Disentangled|Readout|CN=2|B0=0|B1=0|K=1280|L=320|p_B=0.75|p_C=0.75|B=2|eps=0|b4755c15-ae1c-4b25-96c8-f3c68ba4e0ec/ already exists.
./circuit_plots/Unrestricted Disentangled|Readout|CN=2|B0=0|B1=0|K=1280|L=320|p_B=0.75|p_C=0.75|B=2|eps=0|b4755c15-ae1c-4b25-96c8-f3c68ba4e0ec/ already exists.
./circuit_plots/Unrestricted Disentangled|Readout|CN=2|B0=0|B1=0|K=1280|L=320|p_B=0.75|p_C=0.75|B=2|eps=0|b4755c15-ae1c-4b25-96c8-f3c68ba4e0ec/ already exists.
Epoch: 8150, Loss: 5.607217788696289
Test acc: 0.0735, IC acc: 0.0986, IC acc2: 0.0034, IW acc: 0.0027
Epoch: 8151, Loss: 5.655939102172852
Epoch: 8152, Loss: 5.628625869750977
Epoch: 8153, Loss: 5.620125770568848
Epoch: 8154, Loss: 5.657608509063721
Epoch: 8155, Loss: 5.632888317108154
Epoch: 8156, Loss: 5.626328468322754
Epoch: 8157, Loss: 5.650209903717041
Epoch: 8158, Loss: 5.6280951499938965
Epoch: 8159, Loss: 5.640478610992432
Epoch: 8160, Loss: 5.629903793334961
Test acc: 0.0736, IC acc: 0.0987, IC acc2: 0.0034, IW acc: 0.0027
Epoch: 8161, Loss: 5.642916202545166
Epoch: 8162, Loss: 5.628253936767578
Epoch: 8163, Loss: 5.644575119018555
Epoch: 8164, Loss: 5.624316215515137
Epoch: 8165, Loss: 5.629826068878174
Epoch: 8166, Loss: 5.617373466491699
Epoch: 8167, Loss: 5.607998847961426
Epoch: 8168, Loss: 5.633999347686768
Epoch: 8169, Loss: 5.650679588317871
Epoch: 8170, Loss: 5.645378112792969
Test acc: 0.0733, IC acc: 0.0986, IC acc2: 0.0034, IW acc: 0.0028
Epoch: 8171, Loss: 5.624143600463867
Epoch: 8172, Loss: 5.647199630737305
Epoch: 8173, Loss: 5.63477087020874
Epoch: 8174, Loss: 5.650171279907227
Epoch: 8175, Loss: 5.660165309906006
Epoch: 8176, Loss: 5.619093894958496
Epoch: 8177, Loss: 5.640228271484375
Epoch: 8178, Loss: 5.638852119445801
Epoch: 8179, Loss: 5.636702537536621
Epoch: 8180, Loss: 5.6335954666137695
Test acc: 0.0735, IC acc: 0.0987, IC acc2: 0.0034, IW acc: 0.0028
Epoch: 8181, Loss: 5.622152328491211
Epoch: 8182, Loss: 5.644835948944092
Epoch: 8183, Loss: 5.6315202713012695
Epoch: 8184, Loss: 5.616216659545898
Epoch: 8185, Loss: 5.636417388916016
Epoch: 8186, Loss: 5.640227794647217
Epoch: 8187, Loss: 5.621824741363525
Epoch: 8188, Loss: 5.645587921142578
Epoch: 8189, Loss: 5.632537841796875
Epoch: 8190, Loss: 5.6338043212890625
Test acc: 0.0736, IC acc: 0.099, IC acc2: 0.0033, IW acc: 0.0027
Epoch: 8191, Loss: 5.621092796325684
Epoch: 8192, Loss: 5.650160789489746
Epoch: 8193, Loss: 5.629335403442383
Epoch: 8194, Loss: 5.6339192390441895
Epoch: 8195, Loss: 5.623078346252441
Epoch: 8196, Loss: 5.646446228027344
Epoch: 8197, Loss: 5.641925811767578
Epoch: 8198, Loss: 5.623676776885986
Epoch: 8199, Loss: 5.637484073638916
./circuit_plots/Unrestricted Disentangled|Readout|CN=2|B0=0|B1=0|K=1280|L=320|p_B=0.75|p_C=0.75|B=2|eps=0|b4755c15-ae1c-4b25-96c8-f3c68ba4e0ec/ already exists.
./circuit_plots/Unrestricted Disentangled|Readout|CN=2|B0=0|B1=0|K=1280|L=320|p_B=0.75|p_C=0.75|B=2|eps=0|b4755c15-ae1c-4b25-96c8-f3c68ba4e0ec/ already exists.
./circuit_plots/Unrestricted Disentangled|Readout|CN=2|B0=0|B1=0|K=1280|L=320|p_B=0.75|p_C=0.75|B=2|eps=0|b4755c15-ae1c-4b25-96c8-f3c68ba4e0ec/ already exists.
./circuit_plots/Unrestricted Disentangled|Readout|CN=2|B0=0|B1=0|K=1280|L=320|p_B=0.75|p_C=0.75|B=2|eps=0|b4755c15-ae1c-4b25-96c8-f3c68ba4e0ec/ already exists.
./circuit_plots/Unrestricted Disentangled|Readout|CN=2|B0=0|B1=0|K=1280|L=320|p_B=0.75|p_C=0.75|B=2|eps=0|b4755c15-ae1c-4b25-96c8-f3c68ba4e0ec/ already exists.
./circuit_plots/Unrestricted Disentangled|Readout|CN=2|B0=0|B1=0|K=1280|L=320|p_B=0.75|p_C=0.75|B=2|eps=0|b4755c15-ae1c-4b25-96c8-f3c68ba4e0ec/ already exists.
./circuit_plots/Unrestricted Disentangled|Readout|CN=2|B0=0|B1=0|K=1280|L=320|p_B=0.75|p_C=0.75|B=2|eps=0|b4755c15-ae1c-4b25-96c8-f3c68ba4e0ec/ already exists.
Epoch: 8200, Loss: 5.63851261138916
Test acc: 0.0736, IC acc: 0.0992, IC acc2: 0.0033, IW acc: 0.0027
Epoch: 8201, Loss: 5.666893005371094
Epoch: 8202, Loss: 5.6393256187438965
Epoch: 8203, Loss: 5.63963508605957
Epoch: 8204, Loss: 5.642325401306152
Epoch: 8205, Loss: 5.637927532196045
Epoch: 8206, Loss: 5.640180587768555
Epoch: 8207, Loss: 5.6440935134887695
Epoch: 8208, Loss: 5.619986534118652
Epoch: 8209, Loss: 5.623898029327393
Epoch: 8210, Loss: 5.636353015899658
Test acc: 0.0742, IC acc: 0.0996, IC acc2: 0.0033, IW acc: 0.0027
Epoch: 8211, Loss: 5.6166791915893555
Epoch: 8212, Loss: 5.628900051116943
Epoch: 8213, Loss: 5.634721755981445
Epoch: 8214, Loss: 5.626019477844238
Epoch: 8215, Loss: 5.6406965255737305
Epoch: 8216, Loss: 5.64215087890625
Epoch: 8217, Loss: 5.62647008895874
Epoch: 8218, Loss: 5.640424728393555
Epoch: 8219, Loss: 5.6439971923828125
Epoch: 8220, Loss: 5.634453296661377
Test acc: 0.0745, IC acc: 0.0998, IC acc2: 0.0033, IW acc: 0.0027
Epoch: 8221, Loss: 5.622208595275879
Epoch: 8222, Loss: 5.627063751220703
Epoch: 8223, Loss: 5.6363372802734375
Epoch: 8224, Loss: 5.632702350616455
Epoch: 8225, Loss: 5.623213768005371
Epoch: 8226, Loss: 5.635976314544678
Epoch: 8227, Loss: 5.643927097320557
Epoch: 8228, Loss: 5.625898361206055
Epoch: 8229, Loss: 5.608142375946045
Epoch: 8230, Loss: 5.6415252685546875
Test acc: 0.0748, IC acc: 0.0998, IC acc2: 0.0033, IW acc: 0.0027
Epoch: 8231, Loss: 5.603466510772705
Epoch: 8232, Loss: 5.622831344604492
Epoch: 8233, Loss: 5.630409240722656
Epoch: 8234, Loss: 5.627303123474121
Epoch: 8235, Loss: 5.638828754425049
Epoch: 8236, Loss: 5.643609046936035
Epoch: 8237, Loss: 5.658443450927734
Epoch: 8238, Loss: 5.635064125061035
Epoch: 8239, Loss: 5.634594917297363
Epoch: 8240, Loss: 5.623826026916504
Test acc: 0.075, IC acc: 0.0999, IC acc2: 0.0033, IW acc: 0.0027
Epoch: 8241, Loss: 5.642933368682861
Epoch: 8242, Loss: 5.628067970275879
Epoch: 8243, Loss: 5.613686561584473
Epoch: 8244, Loss: 5.632819175720215
Epoch: 8245, Loss: 5.648992538452148
Epoch: 8246, Loss: 5.623411655426025
Epoch: 8247, Loss: 5.645391464233398
Epoch: 8248, Loss: 5.656698226928711
Epoch: 8249, Loss: 5.633800506591797
./circuit_plots/Unrestricted Disentangled|Readout|CN=2|B0=0|B1=0|K=1280|L=320|p_B=0.75|p_C=0.75|B=2|eps=0|b4755c15-ae1c-4b25-96c8-f3c68ba4e0ec/ already exists.
./circuit_plots/Unrestricted Disentangled|Readout|CN=2|B0=0|B1=0|K=1280|L=320|p_B=0.75|p_C=0.75|B=2|eps=0|b4755c15-ae1c-4b25-96c8-f3c68ba4e0ec/ already exists.
./circuit_plots/Unrestricted Disentangled|Readout|CN=2|B0=0|B1=0|K=1280|L=320|p_B=0.75|p_C=0.75|B=2|eps=0|b4755c15-ae1c-4b25-96c8-f3c68ba4e0ec/ already exists.
./circuit_plots/Unrestricted Disentangled|Readout|CN=2|B0=0|B1=0|K=1280|L=320|p_B=0.75|p_C=0.75|B=2|eps=0|b4755c15-ae1c-4b25-96c8-f3c68ba4e0ec/ already exists.
./circuit_plots/Unrestricted Disentangled|Readout|CN=2|B0=0|B1=0|K=1280|L=320|p_B=0.75|p_C=0.75|B=2|eps=0|b4755c15-ae1c-4b25-96c8-f3c68ba4e0ec/ already exists.
./circuit_plots/Unrestricted Disentangled|Readout|CN=2|B0=0|B1=0|K=1280|L=320|p_B=0.75|p_C=0.75|B=2|eps=0|b4755c15-ae1c-4b25-96c8-f3c68ba4e0ec/ already exists.
./circuit_plots/Unrestricted Disentangled|Readout|CN=2|B0=0|B1=0|K=1280|L=320|p_B=0.75|p_C=0.75|B=2|eps=0|b4755c15-ae1c-4b25-96c8-f3c68ba4e0ec/ already exists.
Epoch: 8250, Loss: 5.6298041343688965
Test acc: 0.0753, IC acc: 0.1002, IC acc2: 0.0033, IW acc: 0.0027
Epoch: 8251, Loss: 5.6361470222473145
Epoch: 8252, Loss: 5.632282257080078
Epoch: 8253, Loss: 5.6150221824646
Epoch: 8254, Loss: 5.633386611938477
Epoch: 8255, Loss: 5.633557319641113
Epoch: 8256, Loss: 5.622495174407959
Epoch: 8257, Loss: 5.6254987716674805
Epoch: 8258, Loss: 5.623658180236816
Epoch: 8259, Loss: 5.647965431213379
Epoch: 8260, Loss: 5.650959014892578
Test acc: 0.0753, IC acc: 0.1001, IC acc2: 0.0033, IW acc: 0.0026
Epoch: 8261, Loss: 5.622678756713867
Epoch: 8262, Loss: 5.6289849281311035
Epoch: 8263, Loss: 5.633316993713379
Epoch: 8264, Loss: 5.617875099182129
Epoch: 8265, Loss: 5.634311676025391
Epoch: 8266, Loss: 5.628195762634277
Epoch: 8267, Loss: 5.611942291259766
Epoch: 8268, Loss: 5.645983695983887
Epoch: 8269, Loss: 5.63416051864624
Epoch: 8270, Loss: 5.620340347290039
Test acc: 0.0751, IC acc: 0.1004, IC acc2: 0.0033, IW acc: 0.0026
Epoch: 8271, Loss: 5.6291704177856445
Epoch: 8272, Loss: 5.62436580657959
Epoch: 8273, Loss: 5.64528751373291
Epoch: 8274, Loss: 5.617217540740967
Epoch: 8275, Loss: 5.624119758605957
Epoch: 8276, Loss: 5.615566253662109
Epoch: 8277, Loss: 5.5973334312438965
Epoch: 8278, Loss: 5.642770290374756
Epoch: 8279, Loss: 5.6332197189331055
Epoch: 8280, Loss: 5.641595840454102
Test acc: 0.0748, IC acc: 0.1002, IC acc2: 0.0033, IW acc: 0.0026
Epoch: 8281, Loss: 5.638970375061035
Epoch: 8282, Loss: 5.63389778137207
Epoch: 8283, Loss: 5.634284019470215
Epoch: 8284, Loss: 5.615187644958496
Epoch: 8285, Loss: 5.634061813354492
Epoch: 8286, Loss: 5.633823394775391
Epoch: 8287, Loss: 5.608523845672607
Epoch: 8288, Loss: 5.622269630432129
Epoch: 8289, Loss: 5.644341945648193
Epoch: 8290, Loss: 5.649885654449463
Test acc: 0.0752, IC acc: 0.1005, IC acc2: 0.0033, IW acc: 0.0026
Epoch: 8291, Loss: 5.6433000564575195
Epoch: 8292, Loss: 5.635249137878418
Epoch: 8293, Loss: 5.626022815704346
Epoch: 8294, Loss: 5.621929168701172
Epoch: 8295, Loss: 5.619834899902344
Epoch: 8296, Loss: 5.635231018066406
Epoch: 8297, Loss: 5.63016939163208
Epoch: 8298, Loss: 5.635451793670654
Epoch: 8299, Loss: 5.633387565612793
./circuit_plots/Unrestricted Disentangled|Readout|CN=2|B0=0|B1=0|K=1280|L=320|p_B=0.75|p_C=0.75|B=2|eps=0|b4755c15-ae1c-4b25-96c8-f3c68ba4e0ec/ already exists.
./circuit_plots/Unrestricted Disentangled|Readout|CN=2|B0=0|B1=0|K=1280|L=320|p_B=0.75|p_C=0.75|B=2|eps=0|b4755c15-ae1c-4b25-96c8-f3c68ba4e0ec/ already exists.
./circuit_plots/Unrestricted Disentangled|Readout|CN=2|B0=0|B1=0|K=1280|L=320|p_B=0.75|p_C=0.75|B=2|eps=0|b4755c15-ae1c-4b25-96c8-f3c68ba4e0ec/ already exists.
./circuit_plots/Unrestricted Disentangled|Readout|CN=2|B0=0|B1=0|K=1280|L=320|p_B=0.75|p_C=0.75|B=2|eps=0|b4755c15-ae1c-4b25-96c8-f3c68ba4e0ec/ already exists.
./circuit_plots/Unrestricted Disentangled|Readout|CN=2|B0=0|B1=0|K=1280|L=320|p_B=0.75|p_C=0.75|B=2|eps=0|b4755c15-ae1c-4b25-96c8-f3c68ba4e0ec/ already exists.
./circuit_plots/Unrestricted Disentangled|Readout|CN=2|B0=0|B1=0|K=1280|L=320|p_B=0.75|p_C=0.75|B=2|eps=0|b4755c15-ae1c-4b25-96c8-f3c68ba4e0ec/ already exists.
./circuit_plots/Unrestricted Disentangled|Readout|CN=2|B0=0|B1=0|K=1280|L=320|p_B=0.75|p_C=0.75|B=2|eps=0|b4755c15-ae1c-4b25-96c8-f3c68ba4e0ec/ already exists.
Epoch: 8300, Loss: 5.622166633605957
Test acc: 0.0753, IC acc: 0.1007, IC acc2: 0.0033, IW acc: 0.0026
Epoch: 8301, Loss: 5.635353088378906
Epoch: 8302, Loss: 5.646492958068848
Epoch: 8303, Loss: 5.6343159675598145
Epoch: 8304, Loss: 5.606078147888184
Epoch: 8305, Loss: 5.615472793579102
Epoch: 8306, Loss: 5.63149881362915
Epoch: 8307, Loss: 5.6395745277404785
Epoch: 8308, Loss: 5.639379501342773
Epoch: 8309, Loss: 5.63368558883667
Epoch: 8310, Loss: 5.636237621307373
Test acc: 0.0754, IC acc: 0.1008, IC acc2: 0.0033, IW acc: 0.0026
Epoch: 8311, Loss: 5.639540195465088
Epoch: 8312, Loss: 5.617407321929932
Epoch: 8313, Loss: 5.64150333404541
Epoch: 8314, Loss: 5.637876510620117
Epoch: 8315, Loss: 5.637570381164551
Epoch: 8316, Loss: 5.61655330657959
Epoch: 8317, Loss: 5.634199142456055
Epoch: 8318, Loss: 5.632546901702881
Epoch: 8319, Loss: 5.627633094787598
Epoch: 8320, Loss: 5.625735282897949
Test acc: 0.0756, IC acc: 0.101, IC acc2: 0.0033, IW acc: 0.0026
Epoch: 8321, Loss: 5.6400909423828125
Epoch: 8322, Loss: 5.6290693283081055
Epoch: 8323, Loss: 5.62711763381958
Epoch: 8324, Loss: 5.623974323272705
Epoch: 8325, Loss: 5.635037422180176
Epoch: 8326, Loss: 5.619663715362549
Epoch: 8327, Loss: 5.670129776000977
Epoch: 8328, Loss: 5.626224517822266
Epoch: 8329, Loss: 5.627293586730957
Epoch: 8330, Loss: 5.625741958618164
Test acc: 0.076, IC acc: 0.1011, IC acc2: 0.0033, IW acc: 0.0026
Epoch: 8331, Loss: 5.6392130851745605
Epoch: 8332, Loss: 5.649545669555664
Epoch: 8333, Loss: 5.6564507484436035
Epoch: 8334, Loss: 5.644312381744385
Epoch: 8335, Loss: 5.631708145141602
Epoch: 8336, Loss: 5.628918170928955
Epoch: 8337, Loss: 5.643573760986328
Epoch: 8338, Loss: 5.624929428100586
Epoch: 8339, Loss: 5.619455337524414
Epoch: 8340, Loss: 5.642843723297119
Test acc: 0.0761, IC acc: 0.1014, IC acc2: 0.0033, IW acc: 0.0026
Epoch: 8341, Loss: 5.626094341278076
Epoch: 8342, Loss: 5.628701210021973
Epoch: 8343, Loss: 5.637142181396484
Epoch: 8344, Loss: 5.626343727111816
Epoch: 8345, Loss: 5.624045372009277
Epoch: 8346, Loss: 5.6286773681640625
Epoch: 8347, Loss: 5.644905090332031
Epoch: 8348, Loss: 5.647462368011475
Epoch: 8349, Loss: 5.643214225769043
./circuit_plots/Unrestricted Disentangled|Readout|CN=2|B0=0|B1=0|K=1280|L=320|p_B=0.75|p_C=0.75|B=2|eps=0|b4755c15-ae1c-4b25-96c8-f3c68ba4e0ec/ already exists.
./circuit_plots/Unrestricted Disentangled|Readout|CN=2|B0=0|B1=0|K=1280|L=320|p_B=0.75|p_C=0.75|B=2|eps=0|b4755c15-ae1c-4b25-96c8-f3c68ba4e0ec/ already exists.
./circuit_plots/Unrestricted Disentangled|Readout|CN=2|B0=0|B1=0|K=1280|L=320|p_B=0.75|p_C=0.75|B=2|eps=0|b4755c15-ae1c-4b25-96c8-f3c68ba4e0ec/ already exists.
./circuit_plots/Unrestricted Disentangled|Readout|CN=2|B0=0|B1=0|K=1280|L=320|p_B=0.75|p_C=0.75|B=2|eps=0|b4755c15-ae1c-4b25-96c8-f3c68ba4e0ec/ already exists.
./circuit_plots/Unrestricted Disentangled|Readout|CN=2|B0=0|B1=0|K=1280|L=320|p_B=0.75|p_C=0.75|B=2|eps=0|b4755c15-ae1c-4b25-96c8-f3c68ba4e0ec/ already exists.
./circuit_plots/Unrestricted Disentangled|Readout|CN=2|B0=0|B1=0|K=1280|L=320|p_B=0.75|p_C=0.75|B=2|eps=0|b4755c15-ae1c-4b25-96c8-f3c68ba4e0ec/ already exists.
./circuit_plots/Unrestricted Disentangled|Readout|CN=2|B0=0|B1=0|K=1280|L=320|p_B=0.75|p_C=0.75|B=2|eps=0|b4755c15-ae1c-4b25-96c8-f3c68ba4e0ec/ already exists.
Epoch: 8350, Loss: 5.605653762817383
Test acc: 0.0763, IC acc: 0.1011, IC acc2: 0.0033, IW acc: 0.0026
Epoch: 8351, Loss: 5.625850200653076
Epoch: 8352, Loss: 5.644469261169434
Epoch: 8353, Loss: 5.624895095825195
Epoch: 8354, Loss: 5.618839263916016
Epoch: 8355, Loss: 5.653796195983887
Epoch: 8356, Loss: 5.622208118438721
Epoch: 8357, Loss: 5.617506980895996
Epoch: 8358, Loss: 5.6525750160217285
Epoch: 8359, Loss: 5.63834285736084
Epoch: 8360, Loss: 5.616488456726074
Test acc: 0.0765, IC acc: 0.1017, IC acc2: 0.0033, IW acc: 0.0026
Epoch: 8361, Loss: 5.646929740905762
Epoch: 8362, Loss: 5.654854774475098
Epoch: 8363, Loss: 5.644787788391113
Epoch: 8364, Loss: 5.625605583190918
Epoch: 8365, Loss: 5.620283126831055
Epoch: 8366, Loss: 5.619192123413086
Epoch: 8367, Loss: 5.6350932121276855
Epoch: 8368, Loss: 5.6282830238342285
Epoch: 8369, Loss: 5.623554706573486
Epoch: 8370, Loss: 5.610207557678223
Test acc: 0.0772, IC acc: 0.1018, IC acc2: 0.0033, IW acc: 0.0026
Epoch: 8371, Loss: 5.637083053588867
Epoch: 8372, Loss: 5.607006072998047
Epoch: 8373, Loss: 5.65418004989624
Epoch: 8374, Loss: 5.643949508666992
Epoch: 8375, Loss: 5.60817813873291
Epoch: 8376, Loss: 5.615286350250244
Epoch: 8377, Loss: 5.638049125671387
Epoch: 8378, Loss: 5.641003608703613
Epoch: 8379, Loss: 5.626476287841797
Epoch: 8380, Loss: 5.637044906616211
Test acc: 0.0775, IC acc: 0.1021, IC acc2: 0.0033, IW acc: 0.0026
Epoch: 8381, Loss: 5.634887218475342
Epoch: 8382, Loss: 5.62735652923584
Epoch: 8383, Loss: 5.619831085205078
Epoch: 8384, Loss: 5.603943824768066
Epoch: 8385, Loss: 5.63218879699707
Epoch: 8386, Loss: 5.623448371887207
Epoch: 8387, Loss: 5.6354451179504395
Epoch: 8388, Loss: 5.643026351928711
Epoch: 8389, Loss: 5.62991189956665
Epoch: 8390, Loss: 5.616700649261475
Test acc: 0.0776, IC acc: 0.102, IC acc2: 0.0033, IW acc: 0.0026
Epoch: 8391, Loss: 5.631326675415039
Epoch: 8392, Loss: 5.628040790557861
Epoch: 8393, Loss: 5.634150505065918
Epoch: 8394, Loss: 5.645444393157959
Epoch: 8395, Loss: 5.6214752197265625
Epoch: 8396, Loss: 5.630441665649414
Epoch: 8397, Loss: 5.642902851104736
Epoch: 8398, Loss: 5.627402305603027
Epoch: 8399, Loss: 5.624882221221924
./circuit_plots/Unrestricted Disentangled|Readout|CN=2|B0=0|B1=0|K=1280|L=320|p_B=0.75|p_C=0.75|B=2|eps=0|b4755c15-ae1c-4b25-96c8-f3c68ba4e0ec/ already exists.
./circuit_plots/Unrestricted Disentangled|Readout|CN=2|B0=0|B1=0|K=1280|L=320|p_B=0.75|p_C=0.75|B=2|eps=0|b4755c15-ae1c-4b25-96c8-f3c68ba4e0ec/ already exists.
./circuit_plots/Unrestricted Disentangled|Readout|CN=2|B0=0|B1=0|K=1280|L=320|p_B=0.75|p_C=0.75|B=2|eps=0|b4755c15-ae1c-4b25-96c8-f3c68ba4e0ec/ already exists.
./circuit_plots/Unrestricted Disentangled|Readout|CN=2|B0=0|B1=0|K=1280|L=320|p_B=0.75|p_C=0.75|B=2|eps=0|b4755c15-ae1c-4b25-96c8-f3c68ba4e0ec/ already exists.
./circuit_plots/Unrestricted Disentangled|Readout|CN=2|B0=0|B1=0|K=1280|L=320|p_B=0.75|p_C=0.75|B=2|eps=0|b4755c15-ae1c-4b25-96c8-f3c68ba4e0ec/ already exists.
./circuit_plots/Unrestricted Disentangled|Readout|CN=2|B0=0|B1=0|K=1280|L=320|p_B=0.75|p_C=0.75|B=2|eps=0|b4755c15-ae1c-4b25-96c8-f3c68ba4e0ec/ already exists.
./circuit_plots/Unrestricted Disentangled|Readout|CN=2|B0=0|B1=0|K=1280|L=320|p_B=0.75|p_C=0.75|B=2|eps=0|b4755c15-ae1c-4b25-96c8-f3c68ba4e0ec/ already exists.
Epoch: 8400, Loss: 5.62632942199707
Test acc: 0.0776, IC acc: 0.1025, IC acc2: 0.0033, IW acc: 0.0026
Epoch: 8401, Loss: 5.59883975982666
Epoch: 8402, Loss: 5.6373772621154785
Epoch: 8403, Loss: 5.610007286071777
Epoch: 8404, Loss: 5.630621433258057
Epoch: 8405, Loss: 5.609630584716797
Epoch: 8406, Loss: 5.624689102172852
Epoch: 8407, Loss: 5.633983612060547
Epoch: 8408, Loss: 5.6095428466796875
Epoch: 8409, Loss: 5.6311445236206055
Epoch: 8410, Loss: 5.6090192794799805
Test acc: 0.0781, IC acc: 0.1026, IC acc2: 0.0032, IW acc: 0.0026
Epoch: 8411, Loss: 5.621452808380127
Epoch: 8412, Loss: 5.639232635498047
Epoch: 8413, Loss: 5.611328125
Epoch: 8414, Loss: 5.624927997589111
Epoch: 8415, Loss: 5.608660697937012
Epoch: 8416, Loss: 5.626054286956787
Epoch: 8417, Loss: 5.637737274169922
Epoch: 8418, Loss: 5.621378421783447
Epoch: 8419, Loss: 5.64033317565918
Epoch: 8420, Loss: 5.632323265075684
Test acc: 0.0778, IC acc: 0.1028, IC acc2: 0.0032, IW acc: 0.0026
Epoch: 8421, Loss: 5.600137710571289
Epoch: 8422, Loss: 5.656222820281982
Epoch: 8423, Loss: 5.601593494415283
Epoch: 8424, Loss: 5.644923210144043
Epoch: 8425, Loss: 5.619307994842529
Epoch: 8426, Loss: 5.633739471435547
Epoch: 8427, Loss: 5.620544910430908
Epoch: 8428, Loss: 5.617254734039307
Epoch: 8429, Loss: 5.635689735412598
Epoch: 8430, Loss: 5.614282131195068
Test acc: 0.0778, IC acc: 0.1034, IC acc2: 0.0032, IW acc: 0.0026
Epoch: 8431, Loss: 5.60526704788208
Epoch: 8432, Loss: 5.634563446044922
Epoch: 8433, Loss: 5.637407302856445
Epoch: 8434, Loss: 5.625255107879639
Epoch: 8435, Loss: 5.621701240539551
Epoch: 8436, Loss: 5.635417461395264
Epoch: 8437, Loss: 5.619762420654297
Epoch: 8438, Loss: 5.629036903381348
Epoch: 8439, Loss: 5.622518062591553
Epoch: 8440, Loss: 5.615331649780273
Test acc: 0.0782, IC acc: 0.1036, IC acc2: 0.0032, IW acc: 0.0027
Epoch: 8441, Loss: 5.624169826507568
Epoch: 8442, Loss: 5.639351844787598
Epoch: 8443, Loss: 5.624006271362305
Epoch: 8444, Loss: 5.6455230712890625
Epoch: 8445, Loss: 5.620272636413574
Epoch: 8446, Loss: 5.630134582519531
Epoch: 8447, Loss: 5.636274814605713
Epoch: 8448, Loss: 5.637452125549316
Epoch: 8449, Loss: 5.633164405822754
./circuit_plots/Unrestricted Disentangled|Readout|CN=2|B0=0|B1=0|K=1280|L=320|p_B=0.75|p_C=0.75|B=2|eps=0|b4755c15-ae1c-4b25-96c8-f3c68ba4e0ec/ already exists.
./circuit_plots/Unrestricted Disentangled|Readout|CN=2|B0=0|B1=0|K=1280|L=320|p_B=0.75|p_C=0.75|B=2|eps=0|b4755c15-ae1c-4b25-96c8-f3c68ba4e0ec/ already exists.
./circuit_plots/Unrestricted Disentangled|Readout|CN=2|B0=0|B1=0|K=1280|L=320|p_B=0.75|p_C=0.75|B=2|eps=0|b4755c15-ae1c-4b25-96c8-f3c68ba4e0ec/ already exists.
./circuit_plots/Unrestricted Disentangled|Readout|CN=2|B0=0|B1=0|K=1280|L=320|p_B=0.75|p_C=0.75|B=2|eps=0|b4755c15-ae1c-4b25-96c8-f3c68ba4e0ec/ already exists.
./circuit_plots/Unrestricted Disentangled|Readout|CN=2|B0=0|B1=0|K=1280|L=320|p_B=0.75|p_C=0.75|B=2|eps=0|b4755c15-ae1c-4b25-96c8-f3c68ba4e0ec/ already exists.
./circuit_plots/Unrestricted Disentangled|Readout|CN=2|B0=0|B1=0|K=1280|L=320|p_B=0.75|p_C=0.75|B=2|eps=0|b4755c15-ae1c-4b25-96c8-f3c68ba4e0ec/ already exists.
./circuit_plots/Unrestricted Disentangled|Readout|CN=2|B0=0|B1=0|K=1280|L=320|p_B=0.75|p_C=0.75|B=2|eps=0|b4755c15-ae1c-4b25-96c8-f3c68ba4e0ec/ already exists.
Epoch: 8450, Loss: 5.640739917755127
Test acc: 0.0784, IC acc: 0.1037, IC acc2: 0.0032, IW acc: 0.0027
Epoch: 8451, Loss: 5.649087429046631
Epoch: 8452, Loss: 5.618261337280273
Epoch: 8453, Loss: 5.629639625549316
Epoch: 8454, Loss: 5.61662483215332
Epoch: 8455, Loss: 5.629535675048828
Epoch: 8456, Loss: 5.61417293548584
Epoch: 8457, Loss: 5.600090026855469
Epoch: 8458, Loss: 5.62162971496582
Epoch: 8459, Loss: 5.607459545135498
Epoch: 8460, Loss: 5.636130332946777
Test acc: 0.0791, IC acc: 0.104, IC acc2: 0.0032, IW acc: 0.0027
Epoch: 8461, Loss: 5.609466552734375
Epoch: 8462, Loss: 5.628515243530273
Epoch: 8463, Loss: 5.619996547698975
Epoch: 8464, Loss: 5.632510185241699
Epoch: 8465, Loss: 5.62141752243042
Epoch: 8466, Loss: 5.628129959106445
Epoch: 8467, Loss: 5.650259494781494
Epoch: 8468, Loss: 5.6014556884765625
Epoch: 8469, Loss: 5.633028030395508
Epoch: 8470, Loss: 5.648438453674316
Test acc: 0.0789, IC acc: 0.1043, IC acc2: 0.0032, IW acc: 0.0027
Epoch: 8471, Loss: 5.635842800140381
Epoch: 8472, Loss: 5.62056303024292
Epoch: 8473, Loss: 5.616487979888916
Epoch: 8474, Loss: 5.620720386505127
Epoch: 8475, Loss: 5.61739444732666
Epoch: 8476, Loss: 5.639825820922852
Epoch: 8477, Loss: 5.633430004119873
Epoch: 8478, Loss: 5.623041152954102
Epoch: 8479, Loss: 5.628855228424072
Epoch: 8480, Loss: 5.6170125007629395
Test acc: 0.0787, IC acc: 0.104, IC acc2: 0.0032, IW acc: 0.0026
Epoch: 8481, Loss: 5.608860969543457
Epoch: 8482, Loss: 5.658078193664551
Epoch: 8483, Loss: 5.625400066375732
Epoch: 8484, Loss: 5.627363204956055
Epoch: 8485, Loss: 5.635227203369141
Epoch: 8486, Loss: 5.605473518371582
Epoch: 8487, Loss: 5.63623571395874
Epoch: 8488, Loss: 5.636301040649414
Epoch: 8489, Loss: 5.619523048400879
Epoch: 8490, Loss: 5.641212463378906
Test acc: 0.0791, IC acc: 0.1042, IC acc2: 0.0032, IW acc: 0.0025
Epoch: 8491, Loss: 5.6254777908325195
Epoch: 8492, Loss: 5.618772506713867
Epoch: 8493, Loss: 5.6363677978515625
Epoch: 8494, Loss: 5.61306095123291
Epoch: 8495, Loss: 5.607356071472168
Epoch: 8496, Loss: 5.617570400238037
Epoch: 8497, Loss: 5.625179290771484
Epoch: 8498, Loss: 5.6396074295043945
Epoch: 8499, Loss: 5.629425048828125
./circuit_plots/Unrestricted Disentangled|Readout|CN=2|B0=0|B1=0|K=1280|L=320|p_B=0.75|p_C=0.75|B=2|eps=0|b4755c15-ae1c-4b25-96c8-f3c68ba4e0ec/ already exists.
./circuit_plots/Unrestricted Disentangled|Readout|CN=2|B0=0|B1=0|K=1280|L=320|p_B=0.75|p_C=0.75|B=2|eps=0|b4755c15-ae1c-4b25-96c8-f3c68ba4e0ec/ already exists.
./circuit_plots/Unrestricted Disentangled|Readout|CN=2|B0=0|B1=0|K=1280|L=320|p_B=0.75|p_C=0.75|B=2|eps=0|b4755c15-ae1c-4b25-96c8-f3c68ba4e0ec/ already exists.
./circuit_plots/Unrestricted Disentangled|Readout|CN=2|B0=0|B1=0|K=1280|L=320|p_B=0.75|p_C=0.75|B=2|eps=0|b4755c15-ae1c-4b25-96c8-f3c68ba4e0ec/ already exists.
./circuit_plots/Unrestricted Disentangled|Readout|CN=2|B0=0|B1=0|K=1280|L=320|p_B=0.75|p_C=0.75|B=2|eps=0|b4755c15-ae1c-4b25-96c8-f3c68ba4e0ec/ already exists.
./circuit_plots/Unrestricted Disentangled|Readout|CN=2|B0=0|B1=0|K=1280|L=320|p_B=0.75|p_C=0.75|B=2|eps=0|b4755c15-ae1c-4b25-96c8-f3c68ba4e0ec/ already exists.
./circuit_plots/Unrestricted Disentangled|Readout|CN=2|B0=0|B1=0|K=1280|L=320|p_B=0.75|p_C=0.75|B=2|eps=0|b4755c15-ae1c-4b25-96c8-f3c68ba4e0ec/ already exists.
Epoch: 8500, Loss: 5.627840518951416
Test acc: 0.0793, IC acc: 0.1041, IC acc2: 0.0032, IW acc: 0.0026
Epoch: 8501, Loss: 5.624881744384766
Epoch: 8502, Loss: 5.628908157348633
Epoch: 8503, Loss: 5.634110927581787
Epoch: 8504, Loss: 5.642031669616699
Epoch: 8505, Loss: 5.607008934020996
Epoch: 8506, Loss: 5.631095886230469
Epoch: 8507, Loss: 5.62601900100708
Epoch: 8508, Loss: 5.620791435241699
Epoch: 8509, Loss: 5.617631912231445
Epoch: 8510, Loss: 5.618305206298828
Test acc: 0.0796, IC acc: 0.1045, IC acc2: 0.0033, IW acc: 0.0026
Epoch: 8511, Loss: 5.621789932250977
Epoch: 8512, Loss: 5.615588188171387
Epoch: 8513, Loss: 5.623813629150391
Epoch: 8514, Loss: 5.608285903930664
Epoch: 8515, Loss: 5.605834007263184
Epoch: 8516, Loss: 5.6256914138793945
Epoch: 8517, Loss: 5.618279933929443
Epoch: 8518, Loss: 5.616201877593994
Epoch: 8519, Loss: 5.600922584533691
Epoch: 8520, Loss: 5.6414899826049805
Test acc: 0.08, IC acc: 0.1048, IC acc2: 0.0033, IW acc: 0.0026
Epoch: 8521, Loss: 5.6242899894714355
Epoch: 8522, Loss: 5.616401195526123
Epoch: 8523, Loss: 5.651045322418213
Epoch: 8524, Loss: 5.619614601135254
Epoch: 8525, Loss: 5.625926971435547
Epoch: 8526, Loss: 5.643338203430176
Epoch: 8527, Loss: 5.631196022033691
Epoch: 8528, Loss: 5.613594055175781
Epoch: 8529, Loss: 5.612285614013672
Epoch: 8530, Loss: 5.623180389404297
Test acc: 0.0801, IC acc: 0.1052, IC acc2: 0.0033, IW acc: 0.0026
Epoch: 8531, Loss: 5.602319240570068
Epoch: 8532, Loss: 5.610565662384033
Epoch: 8533, Loss: 5.621969223022461
Epoch: 8534, Loss: 5.622132301330566
Epoch: 8535, Loss: 5.641542911529541
Epoch: 8536, Loss: 5.653135299682617
Epoch: 8537, Loss: 5.634065628051758
Epoch: 8538, Loss: 5.631134033203125
Epoch: 8539, Loss: 5.629154205322266
Epoch: 8540, Loss: 5.621944904327393
Test acc: 0.0805, IC acc: 0.1052, IC acc2: 0.0033, IW acc: 0.0025
Epoch: 8541, Loss: 5.628446578979492
Epoch: 8542, Loss: 5.652126312255859
Epoch: 8543, Loss: 5.634957790374756
Epoch: 8544, Loss: 5.653911113739014
Epoch: 8545, Loss: 5.606218338012695
Epoch: 8546, Loss: 5.634981155395508
Epoch: 8547, Loss: 5.633110046386719
Epoch: 8548, Loss: 5.632480621337891
Epoch: 8549, Loss: 5.60292911529541
./circuit_plots/Unrestricted Disentangled|Readout|CN=2|B0=0|B1=0|K=1280|L=320|p_B=0.75|p_C=0.75|B=2|eps=0|b4755c15-ae1c-4b25-96c8-f3c68ba4e0ec/ already exists.
./circuit_plots/Unrestricted Disentangled|Readout|CN=2|B0=0|B1=0|K=1280|L=320|p_B=0.75|p_C=0.75|B=2|eps=0|b4755c15-ae1c-4b25-96c8-f3c68ba4e0ec/ already exists.
./circuit_plots/Unrestricted Disentangled|Readout|CN=2|B0=0|B1=0|K=1280|L=320|p_B=0.75|p_C=0.75|B=2|eps=0|b4755c15-ae1c-4b25-96c8-f3c68ba4e0ec/ already exists.
./circuit_plots/Unrestricted Disentangled|Readout|CN=2|B0=0|B1=0|K=1280|L=320|p_B=0.75|p_C=0.75|B=2|eps=0|b4755c15-ae1c-4b25-96c8-f3c68ba4e0ec/ already exists.
./circuit_plots/Unrestricted Disentangled|Readout|CN=2|B0=0|B1=0|K=1280|L=320|p_B=0.75|p_C=0.75|B=2|eps=0|b4755c15-ae1c-4b25-96c8-f3c68ba4e0ec/ already exists.
./circuit_plots/Unrestricted Disentangled|Readout|CN=2|B0=0|B1=0|K=1280|L=320|p_B=0.75|p_C=0.75|B=2|eps=0|b4755c15-ae1c-4b25-96c8-f3c68ba4e0ec/ already exists.
./circuit_plots/Unrestricted Disentangled|Readout|CN=2|B0=0|B1=0|K=1280|L=320|p_B=0.75|p_C=0.75|B=2|eps=0|b4755c15-ae1c-4b25-96c8-f3c68ba4e0ec/ already exists.
Epoch: 8550, Loss: 5.6332855224609375
Test acc: 0.0808, IC acc: 0.1055, IC acc2: 0.0033, IW acc: 0.0025
Epoch: 8551, Loss: 5.630073070526123
Epoch: 8552, Loss: 5.617866516113281
Epoch: 8553, Loss: 5.62650728225708
Epoch: 8554, Loss: 5.6412763595581055
Epoch: 8555, Loss: 5.616113662719727
Epoch: 8556, Loss: 5.648316383361816
Epoch: 8557, Loss: 5.625260353088379
Epoch: 8558, Loss: 5.611536026000977
Epoch: 8559, Loss: 5.635309219360352
Epoch: 8560, Loss: 5.642797946929932
Test acc: 0.0813, IC acc: 0.1056, IC acc2: 0.0033, IW acc: 0.0025
Epoch: 8561, Loss: 5.5998921394348145
Epoch: 8562, Loss: 5.612700939178467
Epoch: 8563, Loss: 5.640936851501465
Epoch: 8564, Loss: 5.62706184387207
Epoch: 8565, Loss: 5.634235858917236
Epoch: 8566, Loss: 5.600212097167969
Epoch: 8567, Loss: 5.626046180725098
Epoch: 8568, Loss: 5.6217145919799805
Epoch: 8569, Loss: 5.641061782836914
Epoch: 8570, Loss: 5.624058723449707
Test acc: 0.0812, IC acc: 0.1061, IC acc2: 0.0033, IW acc: 0.0025
Epoch: 8571, Loss: 5.617711067199707
Epoch: 8572, Loss: 5.601391792297363
Epoch: 8573, Loss: 5.627598762512207
Epoch: 8574, Loss: 5.619258880615234
Epoch: 8575, Loss: 5.62529182434082
Epoch: 8576, Loss: 5.607741832733154
Epoch: 8577, Loss: 5.61614990234375
Epoch: 8578, Loss: 5.627959251403809
Epoch: 8579, Loss: 5.618895530700684
Epoch: 8580, Loss: 5.6237874031066895
Test acc: 0.0815, IC acc: 0.1058, IC acc2: 0.0033, IW acc: 0.0025
Epoch: 8581, Loss: 5.611874103546143
Epoch: 8582, Loss: 5.610054969787598
Epoch: 8583, Loss: 5.636235237121582
Epoch: 8584, Loss: 5.6322431564331055
Epoch: 8585, Loss: 5.602300643920898
Epoch: 8586, Loss: 5.628363132476807
Epoch: 8587, Loss: 5.621332168579102
Epoch: 8588, Loss: 5.616764068603516
Epoch: 8589, Loss: 5.6110076904296875
Epoch: 8590, Loss: 5.607263088226318
Test acc: 0.0815, IC acc: 0.1062, IC acc2: 0.0032, IW acc: 0.0025
Epoch: 8591, Loss: 5.628317832946777
Epoch: 8592, Loss: 5.637792110443115
Epoch: 8593, Loss: 5.647539138793945
Epoch: 8594, Loss: 5.623466491699219
Epoch: 8595, Loss: 5.640334606170654
Epoch: 8596, Loss: 5.634357452392578
Epoch: 8597, Loss: 5.6198320388793945
Epoch: 8598, Loss: 5.614789962768555
Epoch: 8599, Loss: 5.633896827697754
./circuit_plots/Unrestricted Disentangled|Readout|CN=2|B0=0|B1=0|K=1280|L=320|p_B=0.75|p_C=0.75|B=2|eps=0|b4755c15-ae1c-4b25-96c8-f3c68ba4e0ec/ already exists.
./circuit_plots/Unrestricted Disentangled|Readout|CN=2|B0=0|B1=0|K=1280|L=320|p_B=0.75|p_C=0.75|B=2|eps=0|b4755c15-ae1c-4b25-96c8-f3c68ba4e0ec/ already exists.
./circuit_plots/Unrestricted Disentangled|Readout|CN=2|B0=0|B1=0|K=1280|L=320|p_B=0.75|p_C=0.75|B=2|eps=0|b4755c15-ae1c-4b25-96c8-f3c68ba4e0ec/ already exists.
./circuit_plots/Unrestricted Disentangled|Readout|CN=2|B0=0|B1=0|K=1280|L=320|p_B=0.75|p_C=0.75|B=2|eps=0|b4755c15-ae1c-4b25-96c8-f3c68ba4e0ec/ already exists.
./circuit_plots/Unrestricted Disentangled|Readout|CN=2|B0=0|B1=0|K=1280|L=320|p_B=0.75|p_C=0.75|B=2|eps=0|b4755c15-ae1c-4b25-96c8-f3c68ba4e0ec/ already exists.
./circuit_plots/Unrestricted Disentangled|Readout|CN=2|B0=0|B1=0|K=1280|L=320|p_B=0.75|p_C=0.75|B=2|eps=0|b4755c15-ae1c-4b25-96c8-f3c68ba4e0ec/ already exists.
./circuit_plots/Unrestricted Disentangled|Readout|CN=2|B0=0|B1=0|K=1280|L=320|p_B=0.75|p_C=0.75|B=2|eps=0|b4755c15-ae1c-4b25-96c8-f3c68ba4e0ec/ already exists.
Epoch: 8600, Loss: 5.635883808135986
Test acc: 0.0816, IC acc: 0.1066, IC acc2: 0.0032, IW acc: 0.0025
Epoch: 8601, Loss: 5.608973026275635
Epoch: 8602, Loss: 5.608733654022217
Epoch: 8603, Loss: 5.5937886238098145
Epoch: 8604, Loss: 5.67977237701416
Epoch: 8605, Loss: 5.613986492156982
Epoch: 8606, Loss: 5.642511367797852
Epoch: 8607, Loss: 5.626490592956543
Epoch: 8608, Loss: 5.627480983734131
Epoch: 8609, Loss: 5.612133979797363
Epoch: 8610, Loss: 5.623412132263184
Test acc: 0.0816, IC acc: 0.1067, IC acc2: 0.0032, IW acc: 0.0025
Epoch: 8611, Loss: 5.637292385101318
Epoch: 8612, Loss: 5.615658760070801
Epoch: 8613, Loss: 5.600794315338135
Epoch: 8614, Loss: 5.61618185043335
Epoch: 8615, Loss: 5.631769180297852
Epoch: 8616, Loss: 5.6365251541137695
Epoch: 8617, Loss: 5.602635383605957
Epoch: 8618, Loss: 5.612143516540527
Epoch: 8619, Loss: 5.646695613861084
Epoch: 8620, Loss: 5.614891529083252
Test acc: 0.0817, IC acc: 0.1069, IC acc2: 0.0032, IW acc: 0.0026
Epoch: 8621, Loss: 5.623837471008301
Epoch: 8622, Loss: 5.646570682525635
Epoch: 8623, Loss: 5.620489120483398
Epoch: 8624, Loss: 5.646575450897217
Epoch: 8625, Loss: 5.599649429321289
Epoch: 8626, Loss: 5.639461517333984
Epoch: 8627, Loss: 5.606692314147949
Epoch: 8628, Loss: 5.6156158447265625
Epoch: 8629, Loss: 5.6428632736206055
Epoch: 8630, Loss: 5.621637344360352
Test acc: 0.0819, IC acc: 0.1068, IC acc2: 0.0032, IW acc: 0.0026
Epoch: 8631, Loss: 5.6192169189453125
Epoch: 8632, Loss: 5.638148307800293
Epoch: 8633, Loss: 5.6109137535095215
Epoch: 8634, Loss: 5.631982803344727
Epoch: 8635, Loss: 5.632060527801514
Epoch: 8636, Loss: 5.609800338745117
Epoch: 8637, Loss: 5.644320011138916
Epoch: 8638, Loss: 5.633757591247559
Epoch: 8639, Loss: 5.643645286560059
Epoch: 8640, Loss: 5.6254682540893555
Test acc: 0.0823, IC acc: 0.1071, IC acc2: 0.0033, IW acc: 0.0027
Epoch: 8641, Loss: 5.614861488342285
Epoch: 8642, Loss: 5.637542247772217
Epoch: 8643, Loss: 5.614673614501953
Epoch: 8644, Loss: 5.620397090911865
Epoch: 8645, Loss: 5.600630283355713
Epoch: 8646, Loss: 5.619227409362793
Epoch: 8647, Loss: 5.6085710525512695
Epoch: 8648, Loss: 5.6123504638671875
Epoch: 8649, Loss: 5.619269847869873
./circuit_plots/Unrestricted Disentangled|Readout|CN=2|B0=0|B1=0|K=1280|L=320|p_B=0.75|p_C=0.75|B=2|eps=0|b4755c15-ae1c-4b25-96c8-f3c68ba4e0ec/ already exists.
./circuit_plots/Unrestricted Disentangled|Readout|CN=2|B0=0|B1=0|K=1280|L=320|p_B=0.75|p_C=0.75|B=2|eps=0|b4755c15-ae1c-4b25-96c8-f3c68ba4e0ec/ already exists.
./circuit_plots/Unrestricted Disentangled|Readout|CN=2|B0=0|B1=0|K=1280|L=320|p_B=0.75|p_C=0.75|B=2|eps=0|b4755c15-ae1c-4b25-96c8-f3c68ba4e0ec/ already exists.
./circuit_plots/Unrestricted Disentangled|Readout|CN=2|B0=0|B1=0|K=1280|L=320|p_B=0.75|p_C=0.75|B=2|eps=0|b4755c15-ae1c-4b25-96c8-f3c68ba4e0ec/ already exists.
./circuit_plots/Unrestricted Disentangled|Readout|CN=2|B0=0|B1=0|K=1280|L=320|p_B=0.75|p_C=0.75|B=2|eps=0|b4755c15-ae1c-4b25-96c8-f3c68ba4e0ec/ already exists.
./circuit_plots/Unrestricted Disentangled|Readout|CN=2|B0=0|B1=0|K=1280|L=320|p_B=0.75|p_C=0.75|B=2|eps=0|b4755c15-ae1c-4b25-96c8-f3c68ba4e0ec/ already exists.
./circuit_plots/Unrestricted Disentangled|Readout|CN=2|B0=0|B1=0|K=1280|L=320|p_B=0.75|p_C=0.75|B=2|eps=0|b4755c15-ae1c-4b25-96c8-f3c68ba4e0ec/ already exists.
Epoch: 8650, Loss: 5.622104167938232
Test acc: 0.0827, IC acc: 0.1072, IC acc2: 0.0033, IW acc: 0.0026
Epoch: 8651, Loss: 5.6375908851623535
Epoch: 8652, Loss: 5.6363630294799805
Epoch: 8653, Loss: 5.617866516113281
Epoch: 8654, Loss: 5.626543998718262
Epoch: 8655, Loss: 5.608799934387207
Epoch: 8656, Loss: 5.621251583099365
Epoch: 8657, Loss: 5.626319408416748
Epoch: 8658, Loss: 5.609192848205566
Epoch: 8659, Loss: 5.6300764083862305
Epoch: 8660, Loss: 5.623596668243408
Test acc: 0.0827, IC acc: 0.1075, IC acc2: 0.0033, IW acc: 0.0025
Epoch: 8661, Loss: 5.626452445983887
Epoch: 8662, Loss: 5.613004684448242
Epoch: 8663, Loss: 5.624195098876953
Epoch: 8664, Loss: 5.652393341064453
Epoch: 8665, Loss: 5.627497673034668
Epoch: 8666, Loss: 5.6396379470825195
Epoch: 8667, Loss: 5.608330726623535
Epoch: 8668, Loss: 5.632493495941162
Epoch: 8669, Loss: 5.626131057739258
Epoch: 8670, Loss: 5.62346076965332
Test acc: 0.083, IC acc: 0.1076, IC acc2: 0.0032, IW acc: 0.0025
Epoch: 8671, Loss: 5.627925872802734
Epoch: 8672, Loss: 5.644817352294922
Epoch: 8673, Loss: 5.63623046875
Epoch: 8674, Loss: 5.633309364318848
Epoch: 8675, Loss: 5.640549659729004
Epoch: 8676, Loss: 5.6269426345825195
Epoch: 8677, Loss: 5.61514949798584
Epoch: 8678, Loss: 5.642508029937744
Epoch: 8679, Loss: 5.624627113342285
Epoch: 8680, Loss: 5.640533447265625
Test acc: 0.0831, IC acc: 0.1081, IC acc2: 0.0032, IW acc: 0.0025
Epoch: 8681, Loss: 5.605587482452393
Epoch: 8682, Loss: 5.6327900886535645
Epoch: 8683, Loss: 5.6083269119262695
Epoch: 8684, Loss: 5.642181873321533
Epoch: 8685, Loss: 5.62186336517334
Epoch: 8686, Loss: 5.633498668670654
Epoch: 8687, Loss: 5.6192779541015625
Epoch: 8688, Loss: 5.606806755065918
Epoch: 8689, Loss: 5.599140167236328
Epoch: 8690, Loss: 5.640933513641357
Test acc: 0.083, IC acc: 0.1082, IC acc2: 0.0032, IW acc: 0.0026
Epoch: 8691, Loss: 5.6349382400512695
Epoch: 8692, Loss: 5.608142852783203
Epoch: 8693, Loss: 5.619144439697266
Epoch: 8694, Loss: 5.644289016723633
Epoch: 8695, Loss: 5.624225616455078
Epoch: 8696, Loss: 5.611161231994629
Epoch: 8697, Loss: 5.643547058105469
Epoch: 8698, Loss: 5.604850769042969
Epoch: 8699, Loss: 5.595155239105225
./circuit_plots/Unrestricted Disentangled|Readout|CN=2|B0=0|B1=0|K=1280|L=320|p_B=0.75|p_C=0.75|B=2|eps=0|b4755c15-ae1c-4b25-96c8-f3c68ba4e0ec/ already exists.
./circuit_plots/Unrestricted Disentangled|Readout|CN=2|B0=0|B1=0|K=1280|L=320|p_B=0.75|p_C=0.75|B=2|eps=0|b4755c15-ae1c-4b25-96c8-f3c68ba4e0ec/ already exists.
./circuit_plots/Unrestricted Disentangled|Readout|CN=2|B0=0|B1=0|K=1280|L=320|p_B=0.75|p_C=0.75|B=2|eps=0|b4755c15-ae1c-4b25-96c8-f3c68ba4e0ec/ already exists.
./circuit_plots/Unrestricted Disentangled|Readout|CN=2|B0=0|B1=0|K=1280|L=320|p_B=0.75|p_C=0.75|B=2|eps=0|b4755c15-ae1c-4b25-96c8-f3c68ba4e0ec/ already exists.
./circuit_plots/Unrestricted Disentangled|Readout|CN=2|B0=0|B1=0|K=1280|L=320|p_B=0.75|p_C=0.75|B=2|eps=0|b4755c15-ae1c-4b25-96c8-f3c68ba4e0ec/ already exists.
./circuit_plots/Unrestricted Disentangled|Readout|CN=2|B0=0|B1=0|K=1280|L=320|p_B=0.75|p_C=0.75|B=2|eps=0|b4755c15-ae1c-4b25-96c8-f3c68ba4e0ec/ already exists.
./circuit_plots/Unrestricted Disentangled|Readout|CN=2|B0=0|B1=0|K=1280|L=320|p_B=0.75|p_C=0.75|B=2|eps=0|b4755c15-ae1c-4b25-96c8-f3c68ba4e0ec/ already exists.
Epoch: 8700, Loss: 5.601527214050293
Test acc: 0.0831, IC acc: 0.1085, IC acc2: 0.0032, IW acc: 0.0025
Epoch: 8701, Loss: 5.640201568603516
Epoch: 8702, Loss: 5.63704776763916
Epoch: 8703, Loss: 5.6340436935424805
Epoch: 8704, Loss: 5.616814613342285
Epoch: 8705, Loss: 5.6486711502075195
Epoch: 8706, Loss: 5.614691734313965
Epoch: 8707, Loss: 5.625744342803955
Epoch: 8708, Loss: 5.6097307205200195
Epoch: 8709, Loss: 5.6200385093688965
Epoch: 8710, Loss: 5.646244049072266
Test acc: 0.0835, IC acc: 0.1085, IC acc2: 0.0032, IW acc: 0.0026
Epoch: 8711, Loss: 5.609189987182617
Epoch: 8712, Loss: 5.616874694824219
Epoch: 8713, Loss: 5.617857933044434
Epoch: 8714, Loss: 5.645717620849609
Epoch: 8715, Loss: 5.632266044616699
Epoch: 8716, Loss: 5.623291492462158
Epoch: 8717, Loss: 5.61979866027832
Epoch: 8718, Loss: 5.632828712463379
Epoch: 8719, Loss: 5.640725612640381
Epoch: 8720, Loss: 5.5985612869262695
Test acc: 0.0836, IC acc: 0.1089, IC acc2: 0.0032, IW acc: 0.0026
Epoch: 8721, Loss: 5.620184898376465
Epoch: 8722, Loss: 5.613395690917969
Epoch: 8723, Loss: 5.618124485015869
Epoch: 8724, Loss: 5.646420478820801
Epoch: 8725, Loss: 5.629854202270508
Epoch: 8726, Loss: 5.613304615020752
Epoch: 8727, Loss: 5.649662017822266
Epoch: 8728, Loss: 5.612498760223389
Epoch: 8729, Loss: 5.6318254470825195
Epoch: 8730, Loss: 5.622923374176025
Test acc: 0.0837, IC acc: 0.1091, IC acc2: 0.0032, IW acc: 0.0026
Epoch: 8731, Loss: 5.619425296783447
Epoch: 8732, Loss: 5.6333723068237305
Epoch: 8733, Loss: 5.627877235412598
Epoch: 8734, Loss: 5.613602638244629
Epoch: 8735, Loss: 5.628905773162842
Epoch: 8736, Loss: 5.606801986694336
Epoch: 8737, Loss: 5.611059188842773
Epoch: 8738, Loss: 5.609492778778076
Epoch: 8739, Loss: 5.621574401855469
Epoch: 8740, Loss: 5.629339218139648
Test acc: 0.0834, IC acc: 0.1093, IC acc2: 0.0032, IW acc: 0.0026
Epoch: 8741, Loss: 5.643521308898926
Epoch: 8742, Loss: 5.605693340301514
Epoch: 8743, Loss: 5.62460994720459
Epoch: 8744, Loss: 5.6223649978637695
Epoch: 8745, Loss: 5.616542816162109
Epoch: 8746, Loss: 5.637332439422607
Epoch: 8747, Loss: 5.633630752563477
Epoch: 8748, Loss: 5.628595352172852
Epoch: 8749, Loss: 5.612822532653809
./circuit_plots/Unrestricted Disentangled|Readout|CN=2|B0=0|B1=0|K=1280|L=320|p_B=0.75|p_C=0.75|B=2|eps=0|b4755c15-ae1c-4b25-96c8-f3c68ba4e0ec/ already exists.
./circuit_plots/Unrestricted Disentangled|Readout|CN=2|B0=0|B1=0|K=1280|L=320|p_B=0.75|p_C=0.75|B=2|eps=0|b4755c15-ae1c-4b25-96c8-f3c68ba4e0ec/ already exists.
./circuit_plots/Unrestricted Disentangled|Readout|CN=2|B0=0|B1=0|K=1280|L=320|p_B=0.75|p_C=0.75|B=2|eps=0|b4755c15-ae1c-4b25-96c8-f3c68ba4e0ec/ already exists.
./circuit_plots/Unrestricted Disentangled|Readout|CN=2|B0=0|B1=0|K=1280|L=320|p_B=0.75|p_C=0.75|B=2|eps=0|b4755c15-ae1c-4b25-96c8-f3c68ba4e0ec/ already exists.
./circuit_plots/Unrestricted Disentangled|Readout|CN=2|B0=0|B1=0|K=1280|L=320|p_B=0.75|p_C=0.75|B=2|eps=0|b4755c15-ae1c-4b25-96c8-f3c68ba4e0ec/ already exists.
./circuit_plots/Unrestricted Disentangled|Readout|CN=2|B0=0|B1=0|K=1280|L=320|p_B=0.75|p_C=0.75|B=2|eps=0|b4755c15-ae1c-4b25-96c8-f3c68ba4e0ec/ already exists.
./circuit_plots/Unrestricted Disentangled|Readout|CN=2|B0=0|B1=0|K=1280|L=320|p_B=0.75|p_C=0.75|B=2|eps=0|b4755c15-ae1c-4b25-96c8-f3c68ba4e0ec/ already exists.
Epoch: 8750, Loss: 5.6319169998168945
Test acc: 0.0838, IC acc: 0.1098, IC acc2: 0.0032, IW acc: 0.0026
Epoch: 8751, Loss: 5.630993843078613
Epoch: 8752, Loss: 5.623456954956055
Epoch: 8753, Loss: 5.636940002441406
Epoch: 8754, Loss: 5.625765323638916
Epoch: 8755, Loss: 5.6110639572143555
Epoch: 8756, Loss: 5.62197732925415
Epoch: 8757, Loss: 5.620104789733887
Epoch: 8758, Loss: 5.619009494781494
Epoch: 8759, Loss: 5.615591049194336
Epoch: 8760, Loss: 5.621037483215332
Test acc: 0.0839, IC acc: 0.1098, IC acc2: 0.0033, IW acc: 0.0025
Epoch: 8761, Loss: 5.615331649780273
Epoch: 8762, Loss: 5.611851692199707
Epoch: 8763, Loss: 5.624176979064941
Epoch: 8764, Loss: 5.63995885848999
Epoch: 8765, Loss: 5.6087446212768555
Epoch: 8766, Loss: 5.6112518310546875
Epoch: 8767, Loss: 5.625982284545898
Epoch: 8768, Loss: 5.61592960357666
Epoch: 8769, Loss: 5.618044376373291
Epoch: 8770, Loss: 5.6300506591796875
Test acc: 0.0843, IC acc: 0.11, IC acc2: 0.0033, IW acc: 0.0026
Epoch: 8771, Loss: 5.624458312988281
Epoch: 8772, Loss: 5.625871658325195
Epoch: 8773, Loss: 5.624778747558594
Epoch: 8774, Loss: 5.611685752868652
Epoch: 8775, Loss: 5.615817070007324
Epoch: 8776, Loss: 5.628131866455078
Epoch: 8777, Loss: 5.62484073638916
Epoch: 8778, Loss: 5.649452209472656
Epoch: 8779, Loss: 5.616077899932861
Epoch: 8780, Loss: 5.632573127746582
Test acc: 0.0842, IC acc: 0.1101, IC acc2: 0.0033, IW acc: 0.0026
Epoch: 8781, Loss: 5.620976448059082
Epoch: 8782, Loss: 5.643141746520996
Epoch: 8783, Loss: 5.6382246017456055
Epoch: 8784, Loss: 5.624764442443848
Epoch: 8785, Loss: 5.608545303344727
Epoch: 8786, Loss: 5.615004539489746
Epoch: 8787, Loss: 5.599954605102539
Epoch: 8788, Loss: 5.6096014976501465
Epoch: 8789, Loss: 5.628788471221924
Epoch: 8790, Loss: 5.615908145904541
Test acc: 0.0844, IC acc: 0.1102, IC acc2: 0.0033, IW acc: 0.0025
Epoch: 8791, Loss: 5.627494812011719
Epoch: 8792, Loss: 5.626971244812012
Epoch: 8793, Loss: 5.637901306152344
Epoch: 8794, Loss: 5.600266456604004
Epoch: 8795, Loss: 5.615599632263184
Epoch: 8796, Loss: 5.59207820892334
Epoch: 8797, Loss: 5.633539199829102
Epoch: 8798, Loss: 5.632569313049316
Epoch: 8799, Loss: 5.618557929992676
./circuit_plots/Unrestricted Disentangled|Readout|CN=2|B0=0|B1=0|K=1280|L=320|p_B=0.75|p_C=0.75|B=2|eps=0|b4755c15-ae1c-4b25-96c8-f3c68ba4e0ec/ already exists.
./circuit_plots/Unrestricted Disentangled|Readout|CN=2|B0=0|B1=0|K=1280|L=320|p_B=0.75|p_C=0.75|B=2|eps=0|b4755c15-ae1c-4b25-96c8-f3c68ba4e0ec/ already exists.
./circuit_plots/Unrestricted Disentangled|Readout|CN=2|B0=0|B1=0|K=1280|L=320|p_B=0.75|p_C=0.75|B=2|eps=0|b4755c15-ae1c-4b25-96c8-f3c68ba4e0ec/ already exists.
./circuit_plots/Unrestricted Disentangled|Readout|CN=2|B0=0|B1=0|K=1280|L=320|p_B=0.75|p_C=0.75|B=2|eps=0|b4755c15-ae1c-4b25-96c8-f3c68ba4e0ec/ already exists.
./circuit_plots/Unrestricted Disentangled|Readout|CN=2|B0=0|B1=0|K=1280|L=320|p_B=0.75|p_C=0.75|B=2|eps=0|b4755c15-ae1c-4b25-96c8-f3c68ba4e0ec/ already exists.
./circuit_plots/Unrestricted Disentangled|Readout|CN=2|B0=0|B1=0|K=1280|L=320|p_B=0.75|p_C=0.75|B=2|eps=0|b4755c15-ae1c-4b25-96c8-f3c68ba4e0ec/ already exists.
./circuit_plots/Unrestricted Disentangled|Readout|CN=2|B0=0|B1=0|K=1280|L=320|p_B=0.75|p_C=0.75|B=2|eps=0|b4755c15-ae1c-4b25-96c8-f3c68ba4e0ec/ already exists.
Epoch: 8800, Loss: 5.622949600219727
Test acc: 0.0845, IC acc: 0.1103, IC acc2: 0.0033, IW acc: 0.0027
Epoch: 8801, Loss: 5.597777366638184
Epoch: 8802, Loss: 5.619696617126465
Epoch: 8803, Loss: 5.624913692474365
Epoch: 8804, Loss: 5.636025905609131
Epoch: 8805, Loss: 5.618314743041992
Epoch: 8806, Loss: 5.620342254638672
Epoch: 8807, Loss: 5.624666213989258
Epoch: 8808, Loss: 5.6612067222595215
Epoch: 8809, Loss: 5.617902755737305
Epoch: 8810, Loss: 5.624845504760742
Test acc: 0.085, IC acc: 0.1108, IC acc2: 0.0034, IW acc: 0.0026
Epoch: 8811, Loss: 5.634245872497559
Epoch: 8812, Loss: 5.615861892700195
Epoch: 8813, Loss: 5.593285083770752
Epoch: 8814, Loss: 5.630407810211182
Epoch: 8815, Loss: 5.610354900360107
Epoch: 8816, Loss: 5.622952938079834
Epoch: 8817, Loss: 5.609896659851074
Epoch: 8818, Loss: 5.609638214111328
Epoch: 8819, Loss: 5.611351013183594
Epoch: 8820, Loss: 5.6292924880981445
Test acc: 0.0849, IC acc: 0.111, IC acc2: 0.0034, IW acc: 0.0025
Epoch: 8821, Loss: 5.629101753234863
Epoch: 8822, Loss: 5.60415506362915
Epoch: 8823, Loss: 5.644084930419922
Epoch: 8824, Loss: 5.614536762237549
Epoch: 8825, Loss: 5.645196914672852
Epoch: 8826, Loss: 5.631255626678467
Epoch: 8827, Loss: 5.626183986663818
Epoch: 8828, Loss: 5.622607231140137
Epoch: 8829, Loss: 5.620094299316406
Epoch: 8830, Loss: 5.620200157165527
Test acc: 0.0853, IC acc: 0.1112, IC acc2: 0.0033, IW acc: 0.0025
Epoch: 8831, Loss: 5.617115497589111
Epoch: 8832, Loss: 5.635734558105469
Epoch: 8833, Loss: 5.606511116027832
Epoch: 8834, Loss: 5.607852458953857
Epoch: 8835, Loss: 5.589711666107178
Epoch: 8836, Loss: 5.622610092163086
Epoch: 8837, Loss: 5.629715919494629
Epoch: 8838, Loss: 5.612515449523926
Epoch: 8839, Loss: 5.620408058166504
Epoch: 8840, Loss: 5.627887725830078
Test acc: 0.0853, IC acc: 0.1109, IC acc2: 0.0034, IW acc: 0.0025
Epoch: 8841, Loss: 5.6015167236328125
Epoch: 8842, Loss: 5.611184120178223
Epoch: 8843, Loss: 5.617952346801758
Epoch: 8844, Loss: 5.6210479736328125
Epoch: 8845, Loss: 5.604314804077148
Epoch: 8846, Loss: 5.627015113830566
Epoch: 8847, Loss: 5.631868839263916
Epoch: 8848, Loss: 5.629505634307861
Epoch: 8849, Loss: 5.629731178283691
./circuit_plots/Unrestricted Disentangled|Readout|CN=2|B0=0|B1=0|K=1280|L=320|p_B=0.75|p_C=0.75|B=2|eps=0|b4755c15-ae1c-4b25-96c8-f3c68ba4e0ec/ already exists.
./circuit_plots/Unrestricted Disentangled|Readout|CN=2|B0=0|B1=0|K=1280|L=320|p_B=0.75|p_C=0.75|B=2|eps=0|b4755c15-ae1c-4b25-96c8-f3c68ba4e0ec/ already exists.
./circuit_plots/Unrestricted Disentangled|Readout|CN=2|B0=0|B1=0|K=1280|L=320|p_B=0.75|p_C=0.75|B=2|eps=0|b4755c15-ae1c-4b25-96c8-f3c68ba4e0ec/ already exists.
./circuit_plots/Unrestricted Disentangled|Readout|CN=2|B0=0|B1=0|K=1280|L=320|p_B=0.75|p_C=0.75|B=2|eps=0|b4755c15-ae1c-4b25-96c8-f3c68ba4e0ec/ already exists.
./circuit_plots/Unrestricted Disentangled|Readout|CN=2|B0=0|B1=0|K=1280|L=320|p_B=0.75|p_C=0.75|B=2|eps=0|b4755c15-ae1c-4b25-96c8-f3c68ba4e0ec/ already exists.
./circuit_plots/Unrestricted Disentangled|Readout|CN=2|B0=0|B1=0|K=1280|L=320|p_B=0.75|p_C=0.75|B=2|eps=0|b4755c15-ae1c-4b25-96c8-f3c68ba4e0ec/ already exists.
./circuit_plots/Unrestricted Disentangled|Readout|CN=2|B0=0|B1=0|K=1280|L=320|p_B=0.75|p_C=0.75|B=2|eps=0|b4755c15-ae1c-4b25-96c8-f3c68ba4e0ec/ already exists.
Epoch: 8850, Loss: 5.621208190917969
Test acc: 0.0852, IC acc: 0.111, IC acc2: 0.0033, IW acc: 0.0025
Epoch: 8851, Loss: 5.617783546447754
Epoch: 8852, Loss: 5.592497825622559
Epoch: 8853, Loss: 5.61174201965332
Epoch: 8854, Loss: 5.614232063293457
Epoch: 8855, Loss: 5.610329627990723
Epoch: 8856, Loss: 5.615425109863281
Epoch: 8857, Loss: 5.629907608032227
Epoch: 8858, Loss: 5.607226848602295
Epoch: 8859, Loss: 5.616743087768555
Epoch: 8860, Loss: 5.629365921020508
Test acc: 0.0855, IC acc: 0.1115, IC acc2: 0.0034, IW acc: 0.0025
Epoch: 8861, Loss: 5.638530254364014
Epoch: 8862, Loss: 5.629868507385254
Epoch: 8863, Loss: 5.622786521911621
Epoch: 8864, Loss: 5.606810569763184
Epoch: 8865, Loss: 5.6342453956604
Epoch: 8866, Loss: 5.619917392730713
Epoch: 8867, Loss: 5.603442192077637
Epoch: 8868, Loss: 5.616817951202393
Epoch: 8869, Loss: 5.599432945251465
Epoch: 8870, Loss: 5.613849639892578
Test acc: 0.0855, IC acc: 0.1114, IC acc2: 0.0034, IW acc: 0.0025
Epoch: 8871, Loss: 5.645270347595215
Epoch: 8872, Loss: 5.662466526031494
Epoch: 8873, Loss: 5.640130043029785
Epoch: 8874, Loss: 5.59907865524292
Epoch: 8875, Loss: 5.623809814453125
Epoch: 8876, Loss: 5.6204514503479
Epoch: 8877, Loss: 5.615047454833984
Epoch: 8878, Loss: 5.607701778411865
Epoch: 8879, Loss: 5.634261131286621
Epoch: 8880, Loss: 5.631053924560547
Test acc: 0.0858, IC acc: 0.1117, IC acc2: 0.0034, IW acc: 0.0025
Epoch: 8881, Loss: 5.612035751342773
Epoch: 8882, Loss: 5.598526954650879
Epoch: 8883, Loss: 5.606800079345703
Epoch: 8884, Loss: 5.629985809326172
Epoch: 8885, Loss: 5.603403091430664
Epoch: 8886, Loss: 5.616273880004883
Epoch: 8887, Loss: 5.638910293579102
Epoch: 8888, Loss: 5.609972953796387
Epoch: 8889, Loss: 5.619518280029297
Epoch: 8890, Loss: 5.614112854003906
Test acc: 0.0858, IC acc: 0.1119, IC acc2: 0.0033, IW acc: 0.0025
Epoch: 8891, Loss: 5.6326003074646
Epoch: 8892, Loss: 5.6053338050842285
Epoch: 8893, Loss: 5.632599830627441
Epoch: 8894, Loss: 5.611175537109375
Epoch: 8895, Loss: 5.6426615715026855
Epoch: 8896, Loss: 5.6070990562438965
Epoch: 8897, Loss: 5.621992588043213
Epoch: 8898, Loss: 5.617016792297363
Epoch: 8899, Loss: 5.5978899002075195
./circuit_plots/Unrestricted Disentangled|Readout|CN=2|B0=0|B1=0|K=1280|L=320|p_B=0.75|p_C=0.75|B=2|eps=0|b4755c15-ae1c-4b25-96c8-f3c68ba4e0ec/ already exists.
./circuit_plots/Unrestricted Disentangled|Readout|CN=2|B0=0|B1=0|K=1280|L=320|p_B=0.75|p_C=0.75|B=2|eps=0|b4755c15-ae1c-4b25-96c8-f3c68ba4e0ec/ already exists.
./circuit_plots/Unrestricted Disentangled|Readout|CN=2|B0=0|B1=0|K=1280|L=320|p_B=0.75|p_C=0.75|B=2|eps=0|b4755c15-ae1c-4b25-96c8-f3c68ba4e0ec/ already exists.
./circuit_plots/Unrestricted Disentangled|Readout|CN=2|B0=0|B1=0|K=1280|L=320|p_B=0.75|p_C=0.75|B=2|eps=0|b4755c15-ae1c-4b25-96c8-f3c68ba4e0ec/ already exists.
./circuit_plots/Unrestricted Disentangled|Readout|CN=2|B0=0|B1=0|K=1280|L=320|p_B=0.75|p_C=0.75|B=2|eps=0|b4755c15-ae1c-4b25-96c8-f3c68ba4e0ec/ already exists.
./circuit_plots/Unrestricted Disentangled|Readout|CN=2|B0=0|B1=0|K=1280|L=320|p_B=0.75|p_C=0.75|B=2|eps=0|b4755c15-ae1c-4b25-96c8-f3c68ba4e0ec/ already exists.
./circuit_plots/Unrestricted Disentangled|Readout|CN=2|B0=0|B1=0|K=1280|L=320|p_B=0.75|p_C=0.75|B=2|eps=0|b4755c15-ae1c-4b25-96c8-f3c68ba4e0ec/ already exists.
Epoch: 8900, Loss: 5.6137213706970215
Test acc: 0.0859, IC acc: 0.1119, IC acc2: 0.0033, IW acc: 0.0025
Epoch: 8901, Loss: 5.610513687133789
Epoch: 8902, Loss: 5.612143039703369
Epoch: 8903, Loss: 5.613611221313477
Epoch: 8904, Loss: 5.618450164794922
Epoch: 8905, Loss: 5.605222225189209
Epoch: 8906, Loss: 5.615747451782227
Epoch: 8907, Loss: 5.639928817749023
Epoch: 8908, Loss: 5.617995738983154
Epoch: 8909, Loss: 5.632626533508301
Epoch: 8910, Loss: 5.610528945922852
Test acc: 0.086, IC acc: 0.1123, IC acc2: 0.0033, IW acc: 0.0025
Epoch: 8911, Loss: 5.613369941711426
Epoch: 8912, Loss: 5.614386558532715
Epoch: 8913, Loss: 5.622135162353516
Epoch: 8914, Loss: 5.621677398681641
Epoch: 8915, Loss: 5.6113362312316895
Epoch: 8916, Loss: 5.613566875457764
Epoch: 8917, Loss: 5.619326114654541
Epoch: 8918, Loss: 5.635201454162598
Epoch: 8919, Loss: 5.618246078491211
Epoch: 8920, Loss: 5.62180757522583
Test acc: 0.086, IC acc: 0.1126, IC acc2: 0.0033, IW acc: 0.0025
Epoch: 8921, Loss: 5.5917510986328125
Epoch: 8922, Loss: 5.627488136291504
Epoch: 8923, Loss: 5.6278581619262695
Epoch: 8924, Loss: 5.631870269775391
Epoch: 8925, Loss: 5.60437536239624
Epoch: 8926, Loss: 5.605816841125488
Epoch: 8927, Loss: 5.598459720611572
Epoch: 8928, Loss: 5.635280609130859
Epoch: 8929, Loss: 5.6132307052612305
Epoch: 8930, Loss: 5.619296073913574
Test acc: 0.0861, IC acc: 0.1134, IC acc2: 0.0033, IW acc: 0.0025
Epoch: 8931, Loss: 5.636671543121338
Epoch: 8932, Loss: 5.6052632331848145
Epoch: 8933, Loss: 5.615227222442627
Epoch: 8934, Loss: 5.631545543670654
Epoch: 8935, Loss: 5.617806434631348
Epoch: 8936, Loss: 5.605359077453613
Epoch: 8937, Loss: 5.618927001953125
Epoch: 8938, Loss: 5.604217529296875
Epoch: 8939, Loss: 5.629884719848633
Epoch: 8940, Loss: 5.621448516845703
Test acc: 0.0863, IC acc: 0.1134, IC acc2: 0.0033, IW acc: 0.0025
Epoch: 8941, Loss: 5.622349739074707
Epoch: 8942, Loss: 5.63184928894043
Epoch: 8943, Loss: 5.608407974243164
Epoch: 8944, Loss: 5.645198822021484
Epoch: 8945, Loss: 5.620153427124023
Epoch: 8946, Loss: 5.61527156829834
Epoch: 8947, Loss: 5.610054969787598
Epoch: 8948, Loss: 5.622910499572754
Epoch: 8949, Loss: 5.626613616943359
./circuit_plots/Unrestricted Disentangled|Readout|CN=2|B0=0|B1=0|K=1280|L=320|p_B=0.75|p_C=0.75|B=2|eps=0|b4755c15-ae1c-4b25-96c8-f3c68ba4e0ec/ already exists.
./circuit_plots/Unrestricted Disentangled|Readout|CN=2|B0=0|B1=0|K=1280|L=320|p_B=0.75|p_C=0.75|B=2|eps=0|b4755c15-ae1c-4b25-96c8-f3c68ba4e0ec/ already exists.
./circuit_plots/Unrestricted Disentangled|Readout|CN=2|B0=0|B1=0|K=1280|L=320|p_B=0.75|p_C=0.75|B=2|eps=0|b4755c15-ae1c-4b25-96c8-f3c68ba4e0ec/ already exists.
./circuit_plots/Unrestricted Disentangled|Readout|CN=2|B0=0|B1=0|K=1280|L=320|p_B=0.75|p_C=0.75|B=2|eps=0|b4755c15-ae1c-4b25-96c8-f3c68ba4e0ec/ already exists.
./circuit_plots/Unrestricted Disentangled|Readout|CN=2|B0=0|B1=0|K=1280|L=320|p_B=0.75|p_C=0.75|B=2|eps=0|b4755c15-ae1c-4b25-96c8-f3c68ba4e0ec/ already exists.
./circuit_plots/Unrestricted Disentangled|Readout|CN=2|B0=0|B1=0|K=1280|L=320|p_B=0.75|p_C=0.75|B=2|eps=0|b4755c15-ae1c-4b25-96c8-f3c68ba4e0ec/ already exists.
./circuit_plots/Unrestricted Disentangled|Readout|CN=2|B0=0|B1=0|K=1280|L=320|p_B=0.75|p_C=0.75|B=2|eps=0|b4755c15-ae1c-4b25-96c8-f3c68ba4e0ec/ already exists.
Epoch: 8950, Loss: 5.601393699645996
Test acc: 0.0861, IC acc: 0.1132, IC acc2: 0.0034, IW acc: 0.0025
Epoch: 8951, Loss: 5.630770683288574
Epoch: 8952, Loss: 5.586734771728516
Epoch: 8953, Loss: 5.6245269775390625
Epoch: 8954, Loss: 5.610170841217041
Epoch: 8955, Loss: 5.598636627197266
Epoch: 8956, Loss: 5.617444038391113
Epoch: 8957, Loss: 5.629246234893799
Epoch: 8958, Loss: 5.631883144378662
Epoch: 8959, Loss: 5.648663520812988
Epoch: 8960, Loss: 5.636577606201172
Test acc: 0.0867, IC acc: 0.1135, IC acc2: 0.0033, IW acc: 0.0026
Epoch: 8961, Loss: 5.618638038635254
Epoch: 8962, Loss: 5.628242492675781
Epoch: 8963, Loss: 5.598349571228027
Epoch: 8964, Loss: 5.627299785614014
Epoch: 8965, Loss: 5.643341064453125
Epoch: 8966, Loss: 5.61488151550293
Epoch: 8967, Loss: 5.617059707641602
Epoch: 8968, Loss: 5.616481781005859
Epoch: 8969, Loss: 5.620371341705322
Epoch: 8970, Loss: 5.625260353088379
Test acc: 0.0865, IC acc: 0.1137, IC acc2: 0.0033, IW acc: 0.0025
Epoch: 8971, Loss: 5.60422420501709
Epoch: 8972, Loss: 5.629705429077148
Epoch: 8973, Loss: 5.616180896759033
Epoch: 8974, Loss: 5.602221965789795
Epoch: 8975, Loss: 5.620248317718506
Epoch: 8976, Loss: 5.6162543296813965
Epoch: 8977, Loss: 5.6113786697387695
Epoch: 8978, Loss: 5.620643615722656
Epoch: 8979, Loss: 5.622681617736816
Epoch: 8980, Loss: 5.600278377532959
Test acc: 0.0864, IC acc: 0.1139, IC acc2: 0.0033, IW acc: 0.0024
Epoch: 8981, Loss: 5.621928691864014
Epoch: 8982, Loss: 5.622536659240723
Epoch: 8983, Loss: 5.615595817565918
Epoch: 8984, Loss: 5.624361038208008
Epoch: 8985, Loss: 5.617734432220459
Epoch: 8986, Loss: 5.578880310058594
Epoch: 8987, Loss: 5.622243881225586
Epoch: 8988, Loss: 5.633386611938477
Epoch: 8989, Loss: 5.603887557983398
Epoch: 8990, Loss: 5.6305012702941895
Test acc: 0.0868, IC acc: 0.114, IC acc2: 0.0033, IW acc: 0.0026
Epoch: 8991, Loss: 5.639190196990967
Epoch: 8992, Loss: 5.629806041717529
Epoch: 8993, Loss: 5.579024314880371
Epoch: 8994, Loss: 5.640242576599121
Epoch: 8995, Loss: 5.613690376281738
Epoch: 8996, Loss: 5.648809432983398
Epoch: 8997, Loss: 5.619136810302734
Epoch: 8998, Loss: 5.613631248474121
Epoch: 8999, Loss: 5.623183250427246
./circuit_plots/Unrestricted Disentangled|Readout|CN=2|B0=0|B1=0|K=1280|L=320|p_B=0.75|p_C=0.75|B=2|eps=0|b4755c15-ae1c-4b25-96c8-f3c68ba4e0ec/ already exists.
./circuit_plots/Unrestricted Disentangled|Readout|CN=2|B0=0|B1=0|K=1280|L=320|p_B=0.75|p_C=0.75|B=2|eps=0|b4755c15-ae1c-4b25-96c8-f3c68ba4e0ec/ already exists.
./circuit_plots/Unrestricted Disentangled|Readout|CN=2|B0=0|B1=0|K=1280|L=320|p_B=0.75|p_C=0.75|B=2|eps=0|b4755c15-ae1c-4b25-96c8-f3c68ba4e0ec/ already exists.
./circuit_plots/Unrestricted Disentangled|Readout|CN=2|B0=0|B1=0|K=1280|L=320|p_B=0.75|p_C=0.75|B=2|eps=0|b4755c15-ae1c-4b25-96c8-f3c68ba4e0ec/ already exists.
./circuit_plots/Unrestricted Disentangled|Readout|CN=2|B0=0|B1=0|K=1280|L=320|p_B=0.75|p_C=0.75|B=2|eps=0|b4755c15-ae1c-4b25-96c8-f3c68ba4e0ec/ already exists.
./circuit_plots/Unrestricted Disentangled|Readout|CN=2|B0=0|B1=0|K=1280|L=320|p_B=0.75|p_C=0.75|B=2|eps=0|b4755c15-ae1c-4b25-96c8-f3c68ba4e0ec/ already exists.
./circuit_plots/Unrestricted Disentangled|Readout|CN=2|B0=0|B1=0|K=1280|L=320|p_B=0.75|p_C=0.75|B=2|eps=0|b4755c15-ae1c-4b25-96c8-f3c68ba4e0ec/ already exists.
Epoch: 9000, Loss: 5.599445819854736
Test acc: 0.0869, IC acc: 0.1148, IC acc2: 0.0033, IW acc: 0.0025
Epoch: 9001, Loss: 5.611692428588867
Epoch: 9002, Loss: 5.629523277282715
Epoch: 9003, Loss: 5.612292289733887
Epoch: 9004, Loss: 5.6141228675842285
Epoch: 9005, Loss: 5.62678861618042
Epoch: 9006, Loss: 5.600075721740723
Epoch: 9007, Loss: 5.621771812438965
Epoch: 9008, Loss: 5.602092742919922
Epoch: 9009, Loss: 5.610435485839844
Epoch: 9010, Loss: 5.6357855796813965
Test acc: 0.0872, IC acc: 0.1148, IC acc2: 0.0033, IW acc: 0.0025
Epoch: 9011, Loss: 5.620945453643799
Epoch: 9012, Loss: 5.623307228088379
Epoch: 9013, Loss: 5.594058513641357
Epoch: 9014, Loss: 5.618849754333496
Epoch: 9015, Loss: 5.631505012512207
Epoch: 9016, Loss: 5.612794876098633
Epoch: 9017, Loss: 5.6457085609436035
Epoch: 9018, Loss: 5.621942043304443
Epoch: 9019, Loss: 5.632218360900879
Epoch: 9020, Loss: 5.62241268157959
Test acc: 0.0873, IC acc: 0.1152, IC acc2: 0.0033, IW acc: 0.0025
Epoch: 9021, Loss: 5.622610092163086
Epoch: 9022, Loss: 5.615474700927734
Epoch: 9023, Loss: 5.635492324829102
Epoch: 9024, Loss: 5.609043598175049
Epoch: 9025, Loss: 5.6494364738464355
Epoch: 9026, Loss: 5.614800453186035
Epoch: 9027, Loss: 5.614965915679932
Epoch: 9028, Loss: 5.617834091186523
Epoch: 9029, Loss: 5.611838340759277
Epoch: 9030, Loss: 5.643440246582031
Test acc: 0.0872, IC acc: 0.1151, IC acc2: 0.0033, IW acc: 0.0024
Epoch: 9031, Loss: 5.6025285720825195
Epoch: 9032, Loss: 5.597648620605469
Epoch: 9033, Loss: 5.595783233642578
Epoch: 9034, Loss: 5.62175178527832
Epoch: 9035, Loss: 5.607287406921387
Epoch: 9036, Loss: 5.600293159484863
Epoch: 9037, Loss: 5.617433547973633
Epoch: 9038, Loss: 5.603892803192139
Epoch: 9039, Loss: 5.603873252868652
Epoch: 9040, Loss: 5.58985710144043
Test acc: 0.0872, IC acc: 0.1153, IC acc2: 0.0033, IW acc: 0.0025
Epoch: 9041, Loss: 5.617862701416016
Epoch: 9042, Loss: 5.622182369232178
Epoch: 9043, Loss: 5.647919654846191
Epoch: 9044, Loss: 5.616206645965576
Epoch: 9045, Loss: 5.625223159790039
Epoch: 9046, Loss: 5.602203369140625
Epoch: 9047, Loss: 5.617802143096924
Epoch: 9048, Loss: 5.622018337249756
Epoch: 9049, Loss: 5.612600803375244
./circuit_plots/Unrestricted Disentangled|Readout|CN=2|B0=0|B1=0|K=1280|L=320|p_B=0.75|p_C=0.75|B=2|eps=0|b4755c15-ae1c-4b25-96c8-f3c68ba4e0ec/ already exists.
./circuit_plots/Unrestricted Disentangled|Readout|CN=2|B0=0|B1=0|K=1280|L=320|p_B=0.75|p_C=0.75|B=2|eps=0|b4755c15-ae1c-4b25-96c8-f3c68ba4e0ec/ already exists.
./circuit_plots/Unrestricted Disentangled|Readout|CN=2|B0=0|B1=0|K=1280|L=320|p_B=0.75|p_C=0.75|B=2|eps=0|b4755c15-ae1c-4b25-96c8-f3c68ba4e0ec/ already exists.
./circuit_plots/Unrestricted Disentangled|Readout|CN=2|B0=0|B1=0|K=1280|L=320|p_B=0.75|p_C=0.75|B=2|eps=0|b4755c15-ae1c-4b25-96c8-f3c68ba4e0ec/ already exists.
./circuit_plots/Unrestricted Disentangled|Readout|CN=2|B0=0|B1=0|K=1280|L=320|p_B=0.75|p_C=0.75|B=2|eps=0|b4755c15-ae1c-4b25-96c8-f3c68ba4e0ec/ already exists.
./circuit_plots/Unrestricted Disentangled|Readout|CN=2|B0=0|B1=0|K=1280|L=320|p_B=0.75|p_C=0.75|B=2|eps=0|b4755c15-ae1c-4b25-96c8-f3c68ba4e0ec/ already exists.
./circuit_plots/Unrestricted Disentangled|Readout|CN=2|B0=0|B1=0|K=1280|L=320|p_B=0.75|p_C=0.75|B=2|eps=0|b4755c15-ae1c-4b25-96c8-f3c68ba4e0ec/ already exists.
Epoch: 9050, Loss: 5.616291522979736
Test acc: 0.0878, IC acc: 0.1158, IC acc2: 0.0033, IW acc: 0.0026
Epoch: 9051, Loss: 5.604074478149414
Epoch: 9052, Loss: 5.639601230621338
Epoch: 9053, Loss: 5.610537052154541
Epoch: 9054, Loss: 5.615810871124268
Epoch: 9055, Loss: 5.624606609344482
Epoch: 9056, Loss: 5.616235733032227
Epoch: 9057, Loss: 5.622047424316406
Epoch: 9058, Loss: 5.6570963859558105
Epoch: 9059, Loss: 5.616756439208984
Epoch: 9060, Loss: 5.614759922027588
Test acc: 0.0878, IC acc: 0.1161, IC acc2: 0.0034, IW acc: 0.0026
Epoch: 9061, Loss: 5.608050346374512
Epoch: 9062, Loss: 5.627312660217285
Epoch: 9063, Loss: 5.597781181335449
Epoch: 9064, Loss: 5.631121635437012
Epoch: 9065, Loss: 5.596917152404785
Epoch: 9066, Loss: 5.624203205108643
Epoch: 9067, Loss: 5.61601448059082
Epoch: 9068, Loss: 5.590174674987793
Epoch: 9069, Loss: 5.596996784210205
Epoch: 9070, Loss: 5.618031024932861
Test acc: 0.088, IC acc: 0.1165, IC acc2: 0.0034, IW acc: 0.0026
Epoch: 9071, Loss: 5.599747657775879
Epoch: 9072, Loss: 5.603878021240234
Epoch: 9073, Loss: 5.604908466339111
Epoch: 9074, Loss: 5.608536720275879
Epoch: 9075, Loss: 5.607398509979248
Epoch: 9076, Loss: 5.60163688659668
Epoch: 9077, Loss: 5.6322479248046875
Epoch: 9078, Loss: 5.6102294921875
Epoch: 9079, Loss: 5.624759674072266
Epoch: 9080, Loss: 5.63511323928833
Test acc: 0.0879, IC acc: 0.1169, IC acc2: 0.0034, IW acc: 0.0025
Epoch: 9081, Loss: 5.600170135498047
Epoch: 9082, Loss: 5.609442710876465
Epoch: 9083, Loss: 5.595399856567383
Epoch: 9084, Loss: 5.602792739868164
Epoch: 9085, Loss: 5.645895004272461
Epoch: 9086, Loss: 5.611186504364014
Epoch: 9087, Loss: 5.618629455566406
Epoch: 9088, Loss: 5.61509370803833
Epoch: 9089, Loss: 5.615766525268555
Epoch: 9090, Loss: 5.601956844329834
Test acc: 0.0878, IC acc: 0.1171, IC acc2: 0.0033, IW acc: 0.0025
Epoch: 9091, Loss: 5.605032920837402
Epoch: 9092, Loss: 5.585150718688965
Epoch: 9093, Loss: 5.618780136108398
Epoch: 9094, Loss: 5.600457191467285
Epoch: 9095, Loss: 5.618226051330566
Epoch: 9096, Loss: 5.627270698547363
Epoch: 9097, Loss: 5.6250104904174805
Epoch: 9098, Loss: 5.593859672546387
Epoch: 9099, Loss: 5.585097312927246
./circuit_plots/Unrestricted Disentangled|Readout|CN=2|B0=0|B1=0|K=1280|L=320|p_B=0.75|p_C=0.75|B=2|eps=0|b4755c15-ae1c-4b25-96c8-f3c68ba4e0ec/ already exists.
./circuit_plots/Unrestricted Disentangled|Readout|CN=2|B0=0|B1=0|K=1280|L=320|p_B=0.75|p_C=0.75|B=2|eps=0|b4755c15-ae1c-4b25-96c8-f3c68ba4e0ec/ already exists.
./circuit_plots/Unrestricted Disentangled|Readout|CN=2|B0=0|B1=0|K=1280|L=320|p_B=0.75|p_C=0.75|B=2|eps=0|b4755c15-ae1c-4b25-96c8-f3c68ba4e0ec/ already exists.
./circuit_plots/Unrestricted Disentangled|Readout|CN=2|B0=0|B1=0|K=1280|L=320|p_B=0.75|p_C=0.75|B=2|eps=0|b4755c15-ae1c-4b25-96c8-f3c68ba4e0ec/ already exists.
./circuit_plots/Unrestricted Disentangled|Readout|CN=2|B0=0|B1=0|K=1280|L=320|p_B=0.75|p_C=0.75|B=2|eps=0|b4755c15-ae1c-4b25-96c8-f3c68ba4e0ec/ already exists.
./circuit_plots/Unrestricted Disentangled|Readout|CN=2|B0=0|B1=0|K=1280|L=320|p_B=0.75|p_C=0.75|B=2|eps=0|b4755c15-ae1c-4b25-96c8-f3c68ba4e0ec/ already exists.
./circuit_plots/Unrestricted Disentangled|Readout|CN=2|B0=0|B1=0|K=1280|L=320|p_B=0.75|p_C=0.75|B=2|eps=0|b4755c15-ae1c-4b25-96c8-f3c68ba4e0ec/ already exists.
Epoch: 9100, Loss: 5.626865863800049
Test acc: 0.088, IC acc: 0.1174, IC acc2: 0.0033, IW acc: 0.0025
Epoch: 9101, Loss: 5.6080732345581055
Epoch: 9102, Loss: 5.631244659423828
Epoch: 9103, Loss: 5.597955703735352
Epoch: 9104, Loss: 5.605539321899414
Epoch: 9105, Loss: 5.630829811096191
Epoch: 9106, Loss: 5.596093654632568
Epoch: 9107, Loss: 5.616755485534668
Epoch: 9108, Loss: 5.62070894241333
Epoch: 9109, Loss: 5.615231513977051
Epoch: 9110, Loss: 5.613003253936768
Test acc: 0.088, IC acc: 0.118, IC acc2: 0.0033, IW acc: 0.0025
Epoch: 9111, Loss: 5.605463981628418
Epoch: 9112, Loss: 5.606418609619141
Epoch: 9113, Loss: 5.622101783752441
Epoch: 9114, Loss: 5.638443470001221
Epoch: 9115, Loss: 5.606770038604736
Epoch: 9116, Loss: 5.603649139404297
Epoch: 9117, Loss: 5.620151519775391
Epoch: 9118, Loss: 5.627449035644531
Epoch: 9119, Loss: 5.612756729125977
Epoch: 9120, Loss: 5.602395534515381
Test acc: 0.0881, IC acc: 0.1182, IC acc2: 0.0033, IW acc: 0.0024
Epoch: 9121, Loss: 5.6173553466796875
Epoch: 9122, Loss: 5.625330448150635
Epoch: 9123, Loss: 5.614311218261719
Epoch: 9124, Loss: 5.633439540863037
Epoch: 9125, Loss: 5.600461959838867
Epoch: 9126, Loss: 5.627882957458496
Epoch: 9127, Loss: 5.6183366775512695
Epoch: 9128, Loss: 5.612044334411621
Epoch: 9129, Loss: 5.602720260620117
Epoch: 9130, Loss: 5.618742942810059
Test acc: 0.088, IC acc: 0.1181, IC acc2: 0.0033, IW acc: 0.0024
Epoch: 9131, Loss: 5.630253791809082
Epoch: 9132, Loss: 5.625290870666504
Epoch: 9133, Loss: 5.6244916915893555
Epoch: 9134, Loss: 5.61042594909668
Epoch: 9135, Loss: 5.626828670501709
Epoch: 9136, Loss: 5.628429412841797
Epoch: 9137, Loss: 5.591737270355225
Epoch: 9138, Loss: 5.600789546966553
Epoch: 9139, Loss: 5.60020637512207
Epoch: 9140, Loss: 5.619873523712158
Test acc: 0.0886, IC acc: 0.1184, IC acc2: 0.0033, IW acc: 0.0024
Epoch: 9141, Loss: 5.613117218017578
Epoch: 9142, Loss: 5.609299182891846
Epoch: 9143, Loss: 5.617164134979248
Epoch: 9144, Loss: 5.612100601196289
Epoch: 9145, Loss: 5.61138916015625
Epoch: 9146, Loss: 5.630790710449219
Epoch: 9147, Loss: 5.607977390289307
Epoch: 9148, Loss: 5.6071271896362305
Epoch: 9149, Loss: 5.601535797119141
./circuit_plots/Unrestricted Disentangled|Readout|CN=2|B0=0|B1=0|K=1280|L=320|p_B=0.75|p_C=0.75|B=2|eps=0|b4755c15-ae1c-4b25-96c8-f3c68ba4e0ec/ already exists.
./circuit_plots/Unrestricted Disentangled|Readout|CN=2|B0=0|B1=0|K=1280|L=320|p_B=0.75|p_C=0.75|B=2|eps=0|b4755c15-ae1c-4b25-96c8-f3c68ba4e0ec/ already exists.
./circuit_plots/Unrestricted Disentangled|Readout|CN=2|B0=0|B1=0|K=1280|L=320|p_B=0.75|p_C=0.75|B=2|eps=0|b4755c15-ae1c-4b25-96c8-f3c68ba4e0ec/ already exists.
./circuit_plots/Unrestricted Disentangled|Readout|CN=2|B0=0|B1=0|K=1280|L=320|p_B=0.75|p_C=0.75|B=2|eps=0|b4755c15-ae1c-4b25-96c8-f3c68ba4e0ec/ already exists.
./circuit_plots/Unrestricted Disentangled|Readout|CN=2|B0=0|B1=0|K=1280|L=320|p_B=0.75|p_C=0.75|B=2|eps=0|b4755c15-ae1c-4b25-96c8-f3c68ba4e0ec/ already exists.
./circuit_plots/Unrestricted Disentangled|Readout|CN=2|B0=0|B1=0|K=1280|L=320|p_B=0.75|p_C=0.75|B=2|eps=0|b4755c15-ae1c-4b25-96c8-f3c68ba4e0ec/ already exists.
./circuit_plots/Unrestricted Disentangled|Readout|CN=2|B0=0|B1=0|K=1280|L=320|p_B=0.75|p_C=0.75|B=2|eps=0|b4755c15-ae1c-4b25-96c8-f3c68ba4e0ec/ already exists.
Epoch: 9150, Loss: 5.610389709472656
Test acc: 0.0887, IC acc: 0.1185, IC acc2: 0.0033, IW acc: 0.0025
Epoch: 9151, Loss: 5.620114326477051
Epoch: 9152, Loss: 5.599202632904053
Epoch: 9153, Loss: 5.598576545715332
Epoch: 9154, Loss: 5.622114181518555
Epoch: 9155, Loss: 5.59195613861084
Epoch: 9156, Loss: 5.624533653259277
Epoch: 9157, Loss: 5.603461265563965
Epoch: 9158, Loss: 5.609474182128906
Epoch: 9159, Loss: 5.613945960998535
Epoch: 9160, Loss: 5.611429691314697
Test acc: 0.0886, IC acc: 0.1185, IC acc2: 0.0033, IW acc: 0.0024
Epoch: 9161, Loss: 5.609920501708984
Epoch: 9162, Loss: 5.601216793060303
Epoch: 9163, Loss: 5.605018615722656
Epoch: 9164, Loss: 5.63658332824707
Epoch: 9165, Loss: 5.610297203063965
Epoch: 9166, Loss: 5.624427795410156
Epoch: 9167, Loss: 5.620344161987305
Epoch: 9168, Loss: 5.6253838539123535
Epoch: 9169, Loss: 5.585092544555664
Epoch: 9170, Loss: 5.634036064147949
Test acc: 0.0888, IC acc: 0.1189, IC acc2: 0.0035, IW acc: 0.0025
Epoch: 9171, Loss: 5.649073600769043
Epoch: 9172, Loss: 5.61323356628418
Epoch: 9173, Loss: 5.625838279724121
Epoch: 9174, Loss: 5.627903938293457
Epoch: 9175, Loss: 5.601883888244629
Epoch: 9176, Loss: 5.629213809967041
Epoch: 9177, Loss: 5.613889694213867
Epoch: 9178, Loss: 5.602202892303467
Epoch: 9179, Loss: 5.584539413452148
Epoch: 9180, Loss: 5.6234354972839355
Test acc: 0.0886, IC acc: 0.1192, IC acc2: 0.0034, IW acc: 0.0024
Epoch: 9181, Loss: 5.613003730773926
Epoch: 9182, Loss: 5.610169410705566
Epoch: 9183, Loss: 5.616846561431885
Epoch: 9184, Loss: 5.582324981689453
Epoch: 9185, Loss: 5.598479747772217
Epoch: 9186, Loss: 5.602850914001465
Epoch: 9187, Loss: 5.5781779289245605
Epoch: 9188, Loss: 5.605071544647217
Epoch: 9189, Loss: 5.62479305267334
Epoch: 9190, Loss: 5.616609573364258
Test acc: 0.0889, IC acc: 0.1195, IC acc2: 0.0035, IW acc: 0.0024
Epoch: 9191, Loss: 5.6157331466674805
Epoch: 9192, Loss: 5.596803188323975
Epoch: 9193, Loss: 5.61079216003418
Epoch: 9194, Loss: 5.634559154510498
Epoch: 9195, Loss: 5.6237335205078125
Epoch: 9196, Loss: 5.649944305419922
Epoch: 9197, Loss: 5.605483531951904
Epoch: 9198, Loss: 5.631648540496826
Epoch: 9199, Loss: 5.604545593261719
./circuit_plots/Unrestricted Disentangled|Readout|CN=2|B0=0|B1=0|K=1280|L=320|p_B=0.75|p_C=0.75|B=2|eps=0|b4755c15-ae1c-4b25-96c8-f3c68ba4e0ec/ already exists.
./circuit_plots/Unrestricted Disentangled|Readout|CN=2|B0=0|B1=0|K=1280|L=320|p_B=0.75|p_C=0.75|B=2|eps=0|b4755c15-ae1c-4b25-96c8-f3c68ba4e0ec/ already exists.
./circuit_plots/Unrestricted Disentangled|Readout|CN=2|B0=0|B1=0|K=1280|L=320|p_B=0.75|p_C=0.75|B=2|eps=0|b4755c15-ae1c-4b25-96c8-f3c68ba4e0ec/ already exists.
./circuit_plots/Unrestricted Disentangled|Readout|CN=2|B0=0|B1=0|K=1280|L=320|p_B=0.75|p_C=0.75|B=2|eps=0|b4755c15-ae1c-4b25-96c8-f3c68ba4e0ec/ already exists.
./circuit_plots/Unrestricted Disentangled|Readout|CN=2|B0=0|B1=0|K=1280|L=320|p_B=0.75|p_C=0.75|B=2|eps=0|b4755c15-ae1c-4b25-96c8-f3c68ba4e0ec/ already exists.
./circuit_plots/Unrestricted Disentangled|Readout|CN=2|B0=0|B1=0|K=1280|L=320|p_B=0.75|p_C=0.75|B=2|eps=0|b4755c15-ae1c-4b25-96c8-f3c68ba4e0ec/ already exists.
./circuit_plots/Unrestricted Disentangled|Readout|CN=2|B0=0|B1=0|K=1280|L=320|p_B=0.75|p_C=0.75|B=2|eps=0|b4755c15-ae1c-4b25-96c8-f3c68ba4e0ec/ already exists.
Epoch: 9200, Loss: 5.609245300292969
Test acc: 0.089, IC acc: 0.1194, IC acc2: 0.0035, IW acc: 0.0024
Epoch: 9201, Loss: 5.624981880187988
Epoch: 9202, Loss: 5.582609176635742
Epoch: 9203, Loss: 5.610113143920898
Epoch: 9204, Loss: 5.5903825759887695
Epoch: 9205, Loss: 5.631032943725586
Epoch: 9206, Loss: 5.603344917297363
Epoch: 9207, Loss: 5.623951435089111
Epoch: 9208, Loss: 5.60846471786499
Epoch: 9209, Loss: 5.6151814460754395
Epoch: 9210, Loss: 5.618680000305176
Test acc: 0.0893, IC acc: 0.1206, IC acc2: 0.0034, IW acc: 0.0024
Epoch: 9211, Loss: 5.621636867523193
Epoch: 9212, Loss: 5.620022773742676
Epoch: 9213, Loss: 5.610804080963135
Epoch: 9214, Loss: 5.6005449295043945
Epoch: 9215, Loss: 5.592098712921143
Epoch: 9216, Loss: 5.644928932189941
Epoch: 9217, Loss: 5.6287078857421875
Epoch: 9218, Loss: 5.613251686096191
Epoch: 9219, Loss: 5.600955009460449
Epoch: 9220, Loss: 5.602158546447754
Test acc: 0.0897, IC acc: 0.1207, IC acc2: 0.0035, IW acc: 0.0024
Epoch: 9221, Loss: 5.622457981109619
Epoch: 9222, Loss: 5.622434616088867
Epoch: 9223, Loss: 5.597886085510254
Epoch: 9224, Loss: 5.601830005645752
Epoch: 9225, Loss: 5.599375247955322
Epoch: 9226, Loss: 5.614961624145508
Epoch: 9227, Loss: 5.611939907073975
Epoch: 9228, Loss: 5.631350040435791
Epoch: 9229, Loss: 5.617502212524414
Epoch: 9230, Loss: 5.638278007507324
Test acc: 0.0897, IC acc: 0.1206, IC acc2: 0.0033, IW acc: 0.0024
Epoch: 9231, Loss: 5.599647521972656
Epoch: 9232, Loss: 5.619557857513428
Epoch: 9233, Loss: 5.616410255432129
Epoch: 9234, Loss: 5.606454372406006
Epoch: 9235, Loss: 5.613202095031738
Epoch: 9236, Loss: 5.630142688751221
Epoch: 9237, Loss: 5.618958950042725
Epoch: 9238, Loss: 5.614363193511963
Epoch: 9239, Loss: 5.58969783782959
Epoch: 9240, Loss: 5.605067729949951
Test acc: 0.0901, IC acc: 0.1208, IC acc2: 0.0033, IW acc: 0.0024
Epoch: 9241, Loss: 5.607577323913574
Epoch: 9242, Loss: 5.623468399047852
Epoch: 9243, Loss: 5.622910976409912
Epoch: 9244, Loss: 5.605719089508057
Epoch: 9245, Loss: 5.615942001342773
Epoch: 9246, Loss: 5.592754364013672
Epoch: 9247, Loss: 5.623844146728516
Epoch: 9248, Loss: 5.615802764892578
Epoch: 9249, Loss: 5.623141765594482
./circuit_plots/Unrestricted Disentangled|Readout|CN=2|B0=0|B1=0|K=1280|L=320|p_B=0.75|p_C=0.75|B=2|eps=0|b4755c15-ae1c-4b25-96c8-f3c68ba4e0ec/ already exists.
./circuit_plots/Unrestricted Disentangled|Readout|CN=2|B0=0|B1=0|K=1280|L=320|p_B=0.75|p_C=0.75|B=2|eps=0|b4755c15-ae1c-4b25-96c8-f3c68ba4e0ec/ already exists.
./circuit_plots/Unrestricted Disentangled|Readout|CN=2|B0=0|B1=0|K=1280|L=320|p_B=0.75|p_C=0.75|B=2|eps=0|b4755c15-ae1c-4b25-96c8-f3c68ba4e0ec/ already exists.
./circuit_plots/Unrestricted Disentangled|Readout|CN=2|B0=0|B1=0|K=1280|L=320|p_B=0.75|p_C=0.75|B=2|eps=0|b4755c15-ae1c-4b25-96c8-f3c68ba4e0ec/ already exists.
./circuit_plots/Unrestricted Disentangled|Readout|CN=2|B0=0|B1=0|K=1280|L=320|p_B=0.75|p_C=0.75|B=2|eps=0|b4755c15-ae1c-4b25-96c8-f3c68ba4e0ec/ already exists.
./circuit_plots/Unrestricted Disentangled|Readout|CN=2|B0=0|B1=0|K=1280|L=320|p_B=0.75|p_C=0.75|B=2|eps=0|b4755c15-ae1c-4b25-96c8-f3c68ba4e0ec/ already exists.
./circuit_plots/Unrestricted Disentangled|Readout|CN=2|B0=0|B1=0|K=1280|L=320|p_B=0.75|p_C=0.75|B=2|eps=0|b4755c15-ae1c-4b25-96c8-f3c68ba4e0ec/ already exists.
Epoch: 9250, Loss: 5.601527214050293
Test acc: 0.0903, IC acc: 0.1209, IC acc2: 0.0033, IW acc: 0.0024
Epoch: 9251, Loss: 5.614201545715332
Epoch: 9252, Loss: 5.61759090423584
Epoch: 9253, Loss: 5.627041816711426
Epoch: 9254, Loss: 5.600100994110107
Epoch: 9255, Loss: 5.620943069458008
Epoch: 9256, Loss: 5.604676723480225
Epoch: 9257, Loss: 5.619184494018555
Epoch: 9258, Loss: 5.617061614990234
Epoch: 9259, Loss: 5.603797912597656
Epoch: 9260, Loss: 5.62577486038208
Test acc: 0.0903, IC acc: 0.121, IC acc2: 0.0033, IW acc: 0.0024
Epoch: 9261, Loss: 5.615818023681641
Epoch: 9262, Loss: 5.608848571777344
Epoch: 9263, Loss: 5.605215072631836
Epoch: 9264, Loss: 5.585573196411133
Epoch: 9265, Loss: 5.610843181610107
Epoch: 9266, Loss: 5.615595817565918
Epoch: 9267, Loss: 5.609724521636963
Epoch: 9268, Loss: 5.611448287963867
Epoch: 9269, Loss: 5.600037574768066
Epoch: 9270, Loss: 5.615717887878418
Test acc: 0.0904, IC acc: 0.1212, IC acc2: 0.0033, IW acc: 0.0024
Epoch: 9271, Loss: 5.608654975891113
Epoch: 9272, Loss: 5.617454528808594
Epoch: 9273, Loss: 5.6093854904174805
Epoch: 9274, Loss: 5.61219596862793
Epoch: 9275, Loss: 5.624821662902832
Epoch: 9276, Loss: 5.609504222869873
Epoch: 9277, Loss: 5.6113386154174805
Epoch: 9278, Loss: 5.625845909118652
Epoch: 9279, Loss: 5.622385025024414
Epoch: 9280, Loss: 5.635860443115234
Test acc: 0.0906, IC acc: 0.1215, IC acc2: 0.0033, IW acc: 0.0024
Epoch: 9281, Loss: 5.630632400512695
Epoch: 9282, Loss: 5.617145538330078
Epoch: 9283, Loss: 5.623943328857422
Epoch: 9284, Loss: 5.620664596557617
Epoch: 9285, Loss: 5.626620292663574
Epoch: 9286, Loss: 5.622010231018066
Epoch: 9287, Loss: 5.613043785095215
Epoch: 9288, Loss: 5.586555480957031
Epoch: 9289, Loss: 5.628679275512695
Epoch: 9290, Loss: 5.627993583679199
Test acc: 0.0908, IC acc: 0.1219, IC acc2: 0.0033, IW acc: 0.0024
Epoch: 9291, Loss: 5.6287431716918945
Epoch: 9292, Loss: 5.62273645401001
Epoch: 9293, Loss: 5.639252662658691
Epoch: 9294, Loss: 5.593941688537598
Epoch: 9295, Loss: 5.591018199920654
Epoch: 9296, Loss: 5.602431297302246
Epoch: 9297, Loss: 5.602973937988281
Epoch: 9298, Loss: 5.605367660522461
Epoch: 9299, Loss: 5.63193416595459
./circuit_plots/Unrestricted Disentangled|Readout|CN=2|B0=0|B1=0|K=1280|L=320|p_B=0.75|p_C=0.75|B=2|eps=0|b4755c15-ae1c-4b25-96c8-f3c68ba4e0ec/ already exists.
./circuit_plots/Unrestricted Disentangled|Readout|CN=2|B0=0|B1=0|K=1280|L=320|p_B=0.75|p_C=0.75|B=2|eps=0|b4755c15-ae1c-4b25-96c8-f3c68ba4e0ec/ already exists.
./circuit_plots/Unrestricted Disentangled|Readout|CN=2|B0=0|B1=0|K=1280|L=320|p_B=0.75|p_C=0.75|B=2|eps=0|b4755c15-ae1c-4b25-96c8-f3c68ba4e0ec/ already exists.
./circuit_plots/Unrestricted Disentangled|Readout|CN=2|B0=0|B1=0|K=1280|L=320|p_B=0.75|p_C=0.75|B=2|eps=0|b4755c15-ae1c-4b25-96c8-f3c68ba4e0ec/ already exists.
./circuit_plots/Unrestricted Disentangled|Readout|CN=2|B0=0|B1=0|K=1280|L=320|p_B=0.75|p_C=0.75|B=2|eps=0|b4755c15-ae1c-4b25-96c8-f3c68ba4e0ec/ already exists.
./circuit_plots/Unrestricted Disentangled|Readout|CN=2|B0=0|B1=0|K=1280|L=320|p_B=0.75|p_C=0.75|B=2|eps=0|b4755c15-ae1c-4b25-96c8-f3c68ba4e0ec/ already exists.
./circuit_plots/Unrestricted Disentangled|Readout|CN=2|B0=0|B1=0|K=1280|L=320|p_B=0.75|p_C=0.75|B=2|eps=0|b4755c15-ae1c-4b25-96c8-f3c68ba4e0ec/ already exists.
Epoch: 9300, Loss: 5.612843990325928
Test acc: 0.0907, IC acc: 0.1222, IC acc2: 0.0033, IW acc: 0.0024
Epoch: 9301, Loss: 5.628584384918213
Epoch: 9302, Loss: 5.617245674133301
Epoch: 9303, Loss: 5.618985652923584
Epoch: 9304, Loss: 5.625110626220703
Epoch: 9305, Loss: 5.601021766662598
Epoch: 9306, Loss: 5.615836143493652
Epoch: 9307, Loss: 5.603119850158691
Epoch: 9308, Loss: 5.610650539398193
Epoch: 9309, Loss: 5.604779243469238
Epoch: 9310, Loss: 5.623898506164551
Test acc: 0.0911, IC acc: 0.122, IC acc2: 0.0033, IW acc: 0.0024
Epoch: 9311, Loss: 5.605246067047119
Epoch: 9312, Loss: 5.625742435455322
Epoch: 9313, Loss: 5.600851058959961
Epoch: 9314, Loss: 5.618960380554199
Epoch: 9315, Loss: 5.605722904205322
Epoch: 9316, Loss: 5.6170454025268555
Epoch: 9317, Loss: 5.622982978820801
Epoch: 9318, Loss: 5.623402118682861
Epoch: 9319, Loss: 5.6128387451171875
Epoch: 9320, Loss: 5.615182876586914
Test acc: 0.091, IC acc: 0.1222, IC acc2: 0.0034, IW acc: 0.0024
Epoch: 9321, Loss: 5.634438514709473
Epoch: 9322, Loss: 5.6271071434021
Epoch: 9323, Loss: 5.621020317077637
Epoch: 9324, Loss: 5.610465049743652
Epoch: 9325, Loss: 5.628129482269287
Epoch: 9326, Loss: 5.615459442138672
Epoch: 9327, Loss: 5.613196849822998
Epoch: 9328, Loss: 5.614983081817627
Epoch: 9329, Loss: 5.613265514373779
Epoch: 9330, Loss: 5.617623329162598
Test acc: 0.0915, IC acc: 0.1224, IC acc2: 0.0035, IW acc: 0.0024
Epoch: 9331, Loss: 5.61718225479126
Epoch: 9332, Loss: 5.619246006011963
Epoch: 9333, Loss: 5.5930280685424805
Epoch: 9334, Loss: 5.606444358825684
Epoch: 9335, Loss: 5.6155805587768555
Epoch: 9336, Loss: 5.6102294921875
Epoch: 9337, Loss: 5.6201019287109375
Epoch: 9338, Loss: 5.620732307434082
Epoch: 9339, Loss: 5.62637996673584
Epoch: 9340, Loss: 5.611326217651367
Test acc: 0.0918, IC acc: 0.1227, IC acc2: 0.0034, IW acc: 0.0024
Epoch: 9341, Loss: 5.5775322914123535
Epoch: 9342, Loss: 5.612532138824463
Epoch: 9343, Loss: 5.607547760009766
Epoch: 9344, Loss: 5.60826301574707
Epoch: 9345, Loss: 5.623376846313477
Epoch: 9346, Loss: 5.608359336853027
Epoch: 9347, Loss: 5.608575820922852
Epoch: 9348, Loss: 5.61594820022583
Epoch: 9349, Loss: 5.598159313201904
./circuit_plots/Unrestricted Disentangled|Readout|CN=2|B0=0|B1=0|K=1280|L=320|p_B=0.75|p_C=0.75|B=2|eps=0|b4755c15-ae1c-4b25-96c8-f3c68ba4e0ec/ already exists.
./circuit_plots/Unrestricted Disentangled|Readout|CN=2|B0=0|B1=0|K=1280|L=320|p_B=0.75|p_C=0.75|B=2|eps=0|b4755c15-ae1c-4b25-96c8-f3c68ba4e0ec/ already exists.
./circuit_plots/Unrestricted Disentangled|Readout|CN=2|B0=0|B1=0|K=1280|L=320|p_B=0.75|p_C=0.75|B=2|eps=0|b4755c15-ae1c-4b25-96c8-f3c68ba4e0ec/ already exists.
./circuit_plots/Unrestricted Disentangled|Readout|CN=2|B0=0|B1=0|K=1280|L=320|p_B=0.75|p_C=0.75|B=2|eps=0|b4755c15-ae1c-4b25-96c8-f3c68ba4e0ec/ already exists.
./circuit_plots/Unrestricted Disentangled|Readout|CN=2|B0=0|B1=0|K=1280|L=320|p_B=0.75|p_C=0.75|B=2|eps=0|b4755c15-ae1c-4b25-96c8-f3c68ba4e0ec/ already exists.
./circuit_plots/Unrestricted Disentangled|Readout|CN=2|B0=0|B1=0|K=1280|L=320|p_B=0.75|p_C=0.75|B=2|eps=0|b4755c15-ae1c-4b25-96c8-f3c68ba4e0ec/ already exists.
./circuit_plots/Unrestricted Disentangled|Readout|CN=2|B0=0|B1=0|K=1280|L=320|p_B=0.75|p_C=0.75|B=2|eps=0|b4755c15-ae1c-4b25-96c8-f3c68ba4e0ec/ already exists.
Epoch: 9350, Loss: 5.607652187347412
Test acc: 0.0918, IC acc: 0.1225, IC acc2: 0.0035, IW acc: 0.0024
Epoch: 9351, Loss: 5.6025800704956055
Epoch: 9352, Loss: 5.612412929534912
Epoch: 9353, Loss: 5.618411540985107
Epoch: 9354, Loss: 5.63469934463501
Epoch: 9355, Loss: 5.625367164611816
Epoch: 9356, Loss: 5.6372551918029785
Epoch: 9357, Loss: 5.594119071960449
Epoch: 9358, Loss: 5.645411014556885
Epoch: 9359, Loss: 5.610907554626465
Epoch: 9360, Loss: 5.5943450927734375
Test acc: 0.092, IC acc: 0.1227, IC acc2: 0.0034, IW acc: 0.0024
Epoch: 9361, Loss: 5.607767581939697
Epoch: 9362, Loss: 5.596766471862793
Epoch: 9363, Loss: 5.606863021850586
Epoch: 9364, Loss: 5.62725830078125
Epoch: 9365, Loss: 5.603935241699219
Epoch: 9366, Loss: 5.60726261138916
Epoch: 9367, Loss: 5.596019744873047
Epoch: 9368, Loss: 5.640282154083252
Epoch: 9369, Loss: 5.587911128997803
Epoch: 9370, Loss: 5.610189437866211
Test acc: 0.0922, IC acc: 0.1231, IC acc2: 0.0034, IW acc: 0.0024
Epoch: 9371, Loss: 5.610104084014893
Epoch: 9372, Loss: 5.59316349029541
Epoch: 9373, Loss: 5.606988906860352
Epoch: 9374, Loss: 5.630353927612305
Epoch: 9375, Loss: 5.610223770141602
Epoch: 9376, Loss: 5.601790904998779
Epoch: 9377, Loss: 5.630438804626465
Epoch: 9378, Loss: 5.621448516845703
Epoch: 9379, Loss: 5.614259719848633
Epoch: 9380, Loss: 5.616740703582764
Test acc: 0.0922, IC acc: 0.1229, IC acc2: 0.0034, IW acc: 0.0024
Epoch: 9381, Loss: 5.587264060974121
Epoch: 9382, Loss: 5.609916687011719
Epoch: 9383, Loss: 5.5946455001831055
Epoch: 9384, Loss: 5.61728572845459
Epoch: 9385, Loss: 5.636445999145508
Epoch: 9386, Loss: 5.592629432678223
Epoch: 9387, Loss: 5.61920166015625
Epoch: 9388, Loss: 5.647103786468506
Epoch: 9389, Loss: 5.60862922668457
Epoch: 9390, Loss: 5.615992546081543
Test acc: 0.0926, IC acc: 0.1232, IC acc2: 0.0033, IW acc: 0.0024
Epoch: 9391, Loss: 5.606022834777832
Epoch: 9392, Loss: 5.618336200714111
Epoch: 9393, Loss: 5.617999076843262
Epoch: 9394, Loss: 5.592134475708008
Epoch: 9395, Loss: 5.5975117683410645
Epoch: 9396, Loss: 5.615987300872803
Epoch: 9397, Loss: 5.6139726638793945
Epoch: 9398, Loss: 5.6182050704956055
Epoch: 9399, Loss: 5.608766555786133
./circuit_plots/Unrestricted Disentangled|Readout|CN=2|B0=0|B1=0|K=1280|L=320|p_B=0.75|p_C=0.75|B=2|eps=0|b4755c15-ae1c-4b25-96c8-f3c68ba4e0ec/ already exists.
./circuit_plots/Unrestricted Disentangled|Readout|CN=2|B0=0|B1=0|K=1280|L=320|p_B=0.75|p_C=0.75|B=2|eps=0|b4755c15-ae1c-4b25-96c8-f3c68ba4e0ec/ already exists.
./circuit_plots/Unrestricted Disentangled|Readout|CN=2|B0=0|B1=0|K=1280|L=320|p_B=0.75|p_C=0.75|B=2|eps=0|b4755c15-ae1c-4b25-96c8-f3c68ba4e0ec/ already exists.
./circuit_plots/Unrestricted Disentangled|Readout|CN=2|B0=0|B1=0|K=1280|L=320|p_B=0.75|p_C=0.75|B=2|eps=0|b4755c15-ae1c-4b25-96c8-f3c68ba4e0ec/ already exists.
./circuit_plots/Unrestricted Disentangled|Readout|CN=2|B0=0|B1=0|K=1280|L=320|p_B=0.75|p_C=0.75|B=2|eps=0|b4755c15-ae1c-4b25-96c8-f3c68ba4e0ec/ already exists.
./circuit_plots/Unrestricted Disentangled|Readout|CN=2|B0=0|B1=0|K=1280|L=320|p_B=0.75|p_C=0.75|B=2|eps=0|b4755c15-ae1c-4b25-96c8-f3c68ba4e0ec/ already exists.
./circuit_plots/Unrestricted Disentangled|Readout|CN=2|B0=0|B1=0|K=1280|L=320|p_B=0.75|p_C=0.75|B=2|eps=0|b4755c15-ae1c-4b25-96c8-f3c68ba4e0ec/ already exists.
Epoch: 9400, Loss: 5.6062397956848145
Test acc: 0.0926, IC acc: 0.1236, IC acc2: 0.0033, IW acc: 0.0024
Epoch: 9401, Loss: 5.594307899475098
Epoch: 9402, Loss: 5.585781097412109
Epoch: 9403, Loss: 5.622123718261719
Epoch: 9404, Loss: 5.605175971984863
Epoch: 9405, Loss: 5.590697288513184
Epoch: 9406, Loss: 5.637760162353516
Epoch: 9407, Loss: 5.631748199462891
Epoch: 9408, Loss: 5.6052021980285645
Epoch: 9409, Loss: 5.625271320343018
Epoch: 9410, Loss: 5.573223114013672
Test acc: 0.0927, IC acc: 0.1237, IC acc2: 0.0034, IW acc: 0.0024
Epoch: 9411, Loss: 5.616458415985107
Epoch: 9412, Loss: 5.611216068267822
Epoch: 9413, Loss: 5.608232021331787
Epoch: 9414, Loss: 5.5959272384643555
Epoch: 9415, Loss: 5.6185808181762695
Epoch: 9416, Loss: 5.61474609375
Epoch: 9417, Loss: 5.602735996246338
Epoch: 9418, Loss: 5.57763671875
Epoch: 9419, Loss: 5.627453804016113
Epoch: 9420, Loss: 5.627350807189941
Test acc: 0.0931, IC acc: 0.1238, IC acc2: 0.0033, IW acc: 0.0024
Epoch: 9421, Loss: 5.607161521911621
Epoch: 9422, Loss: 5.624852180480957
Epoch: 9423, Loss: 5.6202287673950195
Epoch: 9424, Loss: 5.592662811279297
Epoch: 9425, Loss: 5.606225490570068
Epoch: 9426, Loss: 5.603204727172852
Epoch: 9427, Loss: 5.588762283325195
Epoch: 9428, Loss: 5.594424247741699
Epoch: 9429, Loss: 5.614142417907715
Epoch: 9430, Loss: 5.6071062088012695
Test acc: 0.0931, IC acc: 0.1239, IC acc2: 0.0033, IW acc: 0.0024
Epoch: 9431, Loss: 5.628643989562988
Epoch: 9432, Loss: 5.621517181396484
Epoch: 9433, Loss: 5.619984149932861
Epoch: 9434, Loss: 5.63582706451416
Epoch: 9435, Loss: 5.591675758361816
Epoch: 9436, Loss: 5.629225730895996
Epoch: 9437, Loss: 5.6047797203063965
Epoch: 9438, Loss: 5.625706672668457
Epoch: 9439, Loss: 5.625227928161621
Epoch: 9440, Loss: 5.599669456481934
Test acc: 0.0936, IC acc: 0.1241, IC acc2: 0.0033, IW acc: 0.0024
Epoch: 9441, Loss: 5.614763259887695
Epoch: 9442, Loss: 5.615959167480469
Epoch: 9443, Loss: 5.623054504394531
Epoch: 9444, Loss: 5.616071701049805
Epoch: 9445, Loss: 5.591317176818848
Epoch: 9446, Loss: 5.589784622192383
Epoch: 9447, Loss: 5.598667144775391
Epoch: 9448, Loss: 5.6102423667907715
Epoch: 9449, Loss: 5.624692916870117
./circuit_plots/Unrestricted Disentangled|Readout|CN=2|B0=0|B1=0|K=1280|L=320|p_B=0.75|p_C=0.75|B=2|eps=0|b4755c15-ae1c-4b25-96c8-f3c68ba4e0ec/ already exists.
./circuit_plots/Unrestricted Disentangled|Readout|CN=2|B0=0|B1=0|K=1280|L=320|p_B=0.75|p_C=0.75|B=2|eps=0|b4755c15-ae1c-4b25-96c8-f3c68ba4e0ec/ already exists.
./circuit_plots/Unrestricted Disentangled|Readout|CN=2|B0=0|B1=0|K=1280|L=320|p_B=0.75|p_C=0.75|B=2|eps=0|b4755c15-ae1c-4b25-96c8-f3c68ba4e0ec/ already exists.
./circuit_plots/Unrestricted Disentangled|Readout|CN=2|B0=0|B1=0|K=1280|L=320|p_B=0.75|p_C=0.75|B=2|eps=0|b4755c15-ae1c-4b25-96c8-f3c68ba4e0ec/ already exists.
./circuit_plots/Unrestricted Disentangled|Readout|CN=2|B0=0|B1=0|K=1280|L=320|p_B=0.75|p_C=0.75|B=2|eps=0|b4755c15-ae1c-4b25-96c8-f3c68ba4e0ec/ already exists.
./circuit_plots/Unrestricted Disentangled|Readout|CN=2|B0=0|B1=0|K=1280|L=320|p_B=0.75|p_C=0.75|B=2|eps=0|b4755c15-ae1c-4b25-96c8-f3c68ba4e0ec/ already exists.
./circuit_plots/Unrestricted Disentangled|Readout|CN=2|B0=0|B1=0|K=1280|L=320|p_B=0.75|p_C=0.75|B=2|eps=0|b4755c15-ae1c-4b25-96c8-f3c68ba4e0ec/ already exists.
Epoch: 9450, Loss: 5.628220081329346
Test acc: 0.0937, IC acc: 0.1241, IC acc2: 0.0033, IW acc: 0.0025
Epoch: 9451, Loss: 5.612799644470215
Epoch: 9452, Loss: 5.603675842285156
Epoch: 9453, Loss: 5.620782852172852
Epoch: 9454, Loss: 5.61445426940918
Epoch: 9455, Loss: 5.597241401672363
Epoch: 9456, Loss: 5.598234176635742
Epoch: 9457, Loss: 5.607959747314453
Epoch: 9458, Loss: 5.596406936645508
Epoch: 9459, Loss: 5.630427837371826
Epoch: 9460, Loss: 5.607010364532471
Test acc: 0.0937, IC acc: 0.1245, IC acc2: 0.0032, IW acc: 0.0025
Epoch: 9461, Loss: 5.604254245758057
Epoch: 9462, Loss: 5.622504234313965
Epoch: 9463, Loss: 5.612222671508789
Epoch: 9464, Loss: 5.599409580230713
Epoch: 9465, Loss: 5.605370998382568
Epoch: 9466, Loss: 5.606040000915527
Epoch: 9467, Loss: 5.6138916015625
Epoch: 9468, Loss: 5.605308532714844
Epoch: 9469, Loss: 5.629128456115723
Epoch: 9470, Loss: 5.60319185256958
Test acc: 0.0939, IC acc: 0.1243, IC acc2: 0.0034, IW acc: 0.0025
Epoch: 9471, Loss: 5.619383811950684
Epoch: 9472, Loss: 5.637419700622559
Epoch: 9473, Loss: 5.641969680786133
Epoch: 9474, Loss: 5.5930585861206055
Epoch: 9475, Loss: 5.596733093261719
Epoch: 9476, Loss: 5.598316192626953
Epoch: 9477, Loss: 5.6337690353393555
Epoch: 9478, Loss: 5.614531517028809
Epoch: 9479, Loss: 5.617379188537598
Epoch: 9480, Loss: 5.578609466552734
Test acc: 0.0945, IC acc: 0.1243, IC acc2: 0.0034, IW acc: 0.0025
Epoch: 9481, Loss: 5.603419303894043
Epoch: 9482, Loss: 5.603280067443848
Epoch: 9483, Loss: 5.60096549987793
Epoch: 9484, Loss: 5.605384349822998
Epoch: 9485, Loss: 5.595889568328857
Epoch: 9486, Loss: 5.601105690002441
Epoch: 9487, Loss: 5.609929084777832
Epoch: 9488, Loss: 5.620959281921387
Epoch: 9489, Loss: 5.599981307983398
Epoch: 9490, Loss: 5.598171234130859
Test acc: 0.0944, IC acc: 0.1249, IC acc2: 0.0032, IW acc: 0.0025
Epoch: 9491, Loss: 5.61879825592041
Epoch: 9492, Loss: 5.60598087310791
Epoch: 9493, Loss: 5.613007545471191
Epoch: 9494, Loss: 5.599125862121582
Epoch: 9495, Loss: 5.606210708618164
Epoch: 9496, Loss: 5.628302574157715
Epoch: 9497, Loss: 5.610385894775391
Epoch: 9498, Loss: 5.6034345626831055
Epoch: 9499, Loss: 5.628555774688721
./circuit_plots/Unrestricted Disentangled|Readout|CN=2|B0=0|B1=0|K=1280|L=320|p_B=0.75|p_C=0.75|B=2|eps=0|b4755c15-ae1c-4b25-96c8-f3c68ba4e0ec/ already exists.
./circuit_plots/Unrestricted Disentangled|Readout|CN=2|B0=0|B1=0|K=1280|L=320|p_B=0.75|p_C=0.75|B=2|eps=0|b4755c15-ae1c-4b25-96c8-f3c68ba4e0ec/ already exists.
./circuit_plots/Unrestricted Disentangled|Readout|CN=2|B0=0|B1=0|K=1280|L=320|p_B=0.75|p_C=0.75|B=2|eps=0|b4755c15-ae1c-4b25-96c8-f3c68ba4e0ec/ already exists.
./circuit_plots/Unrestricted Disentangled|Readout|CN=2|B0=0|B1=0|K=1280|L=320|p_B=0.75|p_C=0.75|B=2|eps=0|b4755c15-ae1c-4b25-96c8-f3c68ba4e0ec/ already exists.
./circuit_plots/Unrestricted Disentangled|Readout|CN=2|B0=0|B1=0|K=1280|L=320|p_B=0.75|p_C=0.75|B=2|eps=0|b4755c15-ae1c-4b25-96c8-f3c68ba4e0ec/ already exists.
./circuit_plots/Unrestricted Disentangled|Readout|CN=2|B0=0|B1=0|K=1280|L=320|p_B=0.75|p_C=0.75|B=2|eps=0|b4755c15-ae1c-4b25-96c8-f3c68ba4e0ec/ already exists.
./circuit_plots/Unrestricted Disentangled|Readout|CN=2|B0=0|B1=0|K=1280|L=320|p_B=0.75|p_C=0.75|B=2|eps=0|b4755c15-ae1c-4b25-96c8-f3c68ba4e0ec/ already exists.
Epoch: 9500, Loss: 5.597294807434082
Test acc: 0.0943, IC acc: 0.1249, IC acc2: 0.0034, IW acc: 0.0025
Epoch: 9501, Loss: 5.615319728851318
Epoch: 9502, Loss: 5.60122537612915
Epoch: 9503, Loss: 5.612934112548828
Epoch: 9504, Loss: 5.603358268737793
Epoch: 9505, Loss: 5.603862762451172
Epoch: 9506, Loss: 5.567731857299805
Epoch: 9507, Loss: 5.599059104919434
Epoch: 9508, Loss: 5.593754291534424
Epoch: 9509, Loss: 5.5958452224731445
Epoch: 9510, Loss: 5.602952003479004
Test acc: 0.0945, IC acc: 0.1258, IC acc2: 0.0033, IW acc: 0.0024
Epoch: 9511, Loss: 5.603330612182617
Epoch: 9512, Loss: 5.60014533996582
Epoch: 9513, Loss: 5.586160659790039
Epoch: 9514, Loss: 5.6321611404418945
Epoch: 9515, Loss: 5.625699043273926
Epoch: 9516, Loss: 5.604434490203857
Epoch: 9517, Loss: 5.6236348152160645
Epoch: 9518, Loss: 5.614356994628906
Epoch: 9519, Loss: 5.607994079589844
Epoch: 9520, Loss: 5.595869064331055
Test acc: 0.0949, IC acc: 0.1259, IC acc2: 0.0034, IW acc: 0.0024
Epoch: 9521, Loss: 5.615840911865234
Epoch: 9522, Loss: 5.600922584533691
Epoch: 9523, Loss: 5.646970748901367
Epoch: 9524, Loss: 5.586849212646484
Epoch: 9525, Loss: 5.60236930847168
Epoch: 9526, Loss: 5.615455150604248
Epoch: 9527, Loss: 5.5923871994018555
Epoch: 9528, Loss: 5.622341156005859
Epoch: 9529, Loss: 5.590741157531738
Epoch: 9530, Loss: 5.644702434539795
Test acc: 0.0949, IC acc: 0.1262, IC acc2: 0.0035, IW acc: 0.0023
Epoch: 9531, Loss: 5.589258193969727
Epoch: 9532, Loss: 5.608160972595215
Epoch: 9533, Loss: 5.612884521484375
Epoch: 9534, Loss: 5.575221061706543
Epoch: 9535, Loss: 5.6049909591674805
Epoch: 9536, Loss: 5.592597484588623
Epoch: 9537, Loss: 5.620381832122803
Epoch: 9538, Loss: 5.586151599884033
Epoch: 9539, Loss: 5.618741035461426
Epoch: 9540, Loss: 5.60239315032959
Test acc: 0.0949, IC acc: 0.1264, IC acc2: 0.0035, IW acc: 0.0022
Epoch: 9541, Loss: 5.580227851867676
Epoch: 9542, Loss: 5.6034345626831055
Epoch: 9543, Loss: 5.613246917724609
Epoch: 9544, Loss: 5.598655700683594
Epoch: 9545, Loss: 5.6103034019470215
Epoch: 9546, Loss: 5.609660625457764
Epoch: 9547, Loss: 5.584067344665527
Epoch: 9548, Loss: 5.601734161376953
Epoch: 9549, Loss: 5.608537673950195
./circuit_plots/Unrestricted Disentangled|Readout|CN=2|B0=0|B1=0|K=1280|L=320|p_B=0.75|p_C=0.75|B=2|eps=0|b4755c15-ae1c-4b25-96c8-f3c68ba4e0ec/ already exists.
./circuit_plots/Unrestricted Disentangled|Readout|CN=2|B0=0|B1=0|K=1280|L=320|p_B=0.75|p_C=0.75|B=2|eps=0|b4755c15-ae1c-4b25-96c8-f3c68ba4e0ec/ already exists.
./circuit_plots/Unrestricted Disentangled|Readout|CN=2|B0=0|B1=0|K=1280|L=320|p_B=0.75|p_C=0.75|B=2|eps=0|b4755c15-ae1c-4b25-96c8-f3c68ba4e0ec/ already exists.
./circuit_plots/Unrestricted Disentangled|Readout|CN=2|B0=0|B1=0|K=1280|L=320|p_B=0.75|p_C=0.75|B=2|eps=0|b4755c15-ae1c-4b25-96c8-f3c68ba4e0ec/ already exists.
./circuit_plots/Unrestricted Disentangled|Readout|CN=2|B0=0|B1=0|K=1280|L=320|p_B=0.75|p_C=0.75|B=2|eps=0|b4755c15-ae1c-4b25-96c8-f3c68ba4e0ec/ already exists.
./circuit_plots/Unrestricted Disentangled|Readout|CN=2|B0=0|B1=0|K=1280|L=320|p_B=0.75|p_C=0.75|B=2|eps=0|b4755c15-ae1c-4b25-96c8-f3c68ba4e0ec/ already exists.
./circuit_plots/Unrestricted Disentangled|Readout|CN=2|B0=0|B1=0|K=1280|L=320|p_B=0.75|p_C=0.75|B=2|eps=0|b4755c15-ae1c-4b25-96c8-f3c68ba4e0ec/ already exists.
Epoch: 9550, Loss: 5.589901924133301
Test acc: 0.095, IC acc: 0.1265, IC acc2: 0.0036, IW acc: 0.0023
Epoch: 9551, Loss: 5.615437030792236
Epoch: 9552, Loss: 5.610846519470215
Epoch: 9553, Loss: 5.602521896362305
Epoch: 9554, Loss: 5.597248554229736
Epoch: 9555, Loss: 5.589593887329102
Epoch: 9556, Loss: 5.609868049621582
Epoch: 9557, Loss: 5.593085289001465
Epoch: 9558, Loss: 5.620330810546875
Epoch: 9559, Loss: 5.596498966217041
Epoch: 9560, Loss: 5.622429847717285
Test acc: 0.0952, IC acc: 0.1265, IC acc2: 0.0036, IW acc: 0.0023
Epoch: 9561, Loss: 5.627451419830322
Epoch: 9562, Loss: 5.605391502380371
Epoch: 9563, Loss: 5.59024715423584
Epoch: 9564, Loss: 5.612980842590332
Epoch: 9565, Loss: 5.597249984741211
Epoch: 9566, Loss: 5.600095748901367
Epoch: 9567, Loss: 5.610320091247559
Epoch: 9568, Loss: 5.60952091217041
Epoch: 9569, Loss: 5.592550277709961
Epoch: 9570, Loss: 5.597090721130371
Test acc: 0.0956, IC acc: 0.1266, IC acc2: 0.0036, IW acc: 0.0023
Epoch: 9571, Loss: 5.607198238372803
Epoch: 9572, Loss: 5.604703903198242
Epoch: 9573, Loss: 5.618746280670166
Epoch: 9574, Loss: 5.620205879211426
Epoch: 9575, Loss: 5.584150791168213
Epoch: 9576, Loss: 5.6044111251831055
Epoch: 9577, Loss: 5.609289169311523
Epoch: 9578, Loss: 5.612914085388184
Epoch: 9579, Loss: 5.610939025878906
Epoch: 9580, Loss: 5.57818603515625
Test acc: 0.0958, IC acc: 0.1271, IC acc2: 0.0036, IW acc: 0.0023
Epoch: 9581, Loss: 5.610129356384277
Epoch: 9582, Loss: 5.616318225860596
Epoch: 9583, Loss: 5.6048359870910645
Epoch: 9584, Loss: 5.60929012298584
Epoch: 9585, Loss: 5.608158588409424
Epoch: 9586, Loss: 5.570406913757324
Epoch: 9587, Loss: 5.637368202209473
Epoch: 9588, Loss: 5.608966827392578
Epoch: 9589, Loss: 5.619687080383301
Epoch: 9590, Loss: 5.602784156799316
Test acc: 0.0955, IC acc: 0.1273, IC acc2: 0.0035, IW acc: 0.0023
Epoch: 9591, Loss: 5.61079216003418
Epoch: 9592, Loss: 5.5981879234313965
Epoch: 9593, Loss: 5.61529541015625
Epoch: 9594, Loss: 5.588013648986816
Epoch: 9595, Loss: 5.613399505615234
Epoch: 9596, Loss: 5.590806007385254
Epoch: 9597, Loss: 5.625826835632324
Epoch: 9598, Loss: 5.625239372253418
Epoch: 9599, Loss: 5.583143711090088
./circuit_plots/Unrestricted Disentangled|Readout|CN=2|B0=0|B1=0|K=1280|L=320|p_B=0.75|p_C=0.75|B=2|eps=0|b4755c15-ae1c-4b25-96c8-f3c68ba4e0ec/ already exists.
./circuit_plots/Unrestricted Disentangled|Readout|CN=2|B0=0|B1=0|K=1280|L=320|p_B=0.75|p_C=0.75|B=2|eps=0|b4755c15-ae1c-4b25-96c8-f3c68ba4e0ec/ already exists.
./circuit_plots/Unrestricted Disentangled|Readout|CN=2|B0=0|B1=0|K=1280|L=320|p_B=0.75|p_C=0.75|B=2|eps=0|b4755c15-ae1c-4b25-96c8-f3c68ba4e0ec/ already exists.
./circuit_plots/Unrestricted Disentangled|Readout|CN=2|B0=0|B1=0|K=1280|L=320|p_B=0.75|p_C=0.75|B=2|eps=0|b4755c15-ae1c-4b25-96c8-f3c68ba4e0ec/ already exists.
./circuit_plots/Unrestricted Disentangled|Readout|CN=2|B0=0|B1=0|K=1280|L=320|p_B=0.75|p_C=0.75|B=2|eps=0|b4755c15-ae1c-4b25-96c8-f3c68ba4e0ec/ already exists.
./circuit_plots/Unrestricted Disentangled|Readout|CN=2|B0=0|B1=0|K=1280|L=320|p_B=0.75|p_C=0.75|B=2|eps=0|b4755c15-ae1c-4b25-96c8-f3c68ba4e0ec/ already exists.
./circuit_plots/Unrestricted Disentangled|Readout|CN=2|B0=0|B1=0|K=1280|L=320|p_B=0.75|p_C=0.75|B=2|eps=0|b4755c15-ae1c-4b25-96c8-f3c68ba4e0ec/ already exists.
Epoch: 9600, Loss: 5.609542369842529
Test acc: 0.0958, IC acc: 0.1274, IC acc2: 0.0034, IW acc: 0.0023
Epoch: 9601, Loss: 5.630828380584717
Epoch: 9602, Loss: 5.5708818435668945
Epoch: 9603, Loss: 5.605290412902832
Epoch: 9604, Loss: 5.593047142028809
Epoch: 9605, Loss: 5.59696102142334
Epoch: 9606, Loss: 5.6061248779296875
Epoch: 9607, Loss: 5.621096134185791
Epoch: 9608, Loss: 5.641112327575684
Epoch: 9609, Loss: 5.59467887878418
Epoch: 9610, Loss: 5.603142738342285
Test acc: 0.0955, IC acc: 0.1279, IC acc2: 0.0034, IW acc: 0.0023
Epoch: 9611, Loss: 5.609347343444824
Epoch: 9612, Loss: 5.6141133308410645
Epoch: 9613, Loss: 5.599719047546387
Epoch: 9614, Loss: 5.578989505767822
Epoch: 9615, Loss: 5.586223602294922
Epoch: 9616, Loss: 5.585409164428711
Epoch: 9617, Loss: 5.603437900543213
Epoch: 9618, Loss: 5.609790325164795
Epoch: 9619, Loss: 5.56915807723999
Epoch: 9620, Loss: 5.622173309326172
Test acc: 0.0959, IC acc: 0.1279, IC acc2: 0.0034, IW acc: 0.0024
Epoch: 9621, Loss: 5.590085983276367
Epoch: 9622, Loss: 5.603000640869141
Epoch: 9623, Loss: 5.629509449005127
Epoch: 9624, Loss: 5.627440929412842
Epoch: 9625, Loss: 5.626169681549072
Epoch: 9626, Loss: 5.616166114807129
Epoch: 9627, Loss: 5.620172500610352
Epoch: 9628, Loss: 5.613388538360596
Epoch: 9629, Loss: 5.603093147277832
Epoch: 9630, Loss: 5.592962265014648
Test acc: 0.0963, IC acc: 0.1284, IC acc2: 0.0034, IW acc: 0.0024
Epoch: 9631, Loss: 5.601110935211182
Epoch: 9632, Loss: 5.61890172958374
Epoch: 9633, Loss: 5.610065460205078
Epoch: 9634, Loss: 5.600353240966797
Epoch: 9635, Loss: 5.612224102020264
Epoch: 9636, Loss: 5.593799591064453
Epoch: 9637, Loss: 5.625553131103516
Epoch: 9638, Loss: 5.594949245452881
Epoch: 9639, Loss: 5.604579448699951
Epoch: 9640, Loss: 5.601122856140137
Test acc: 0.0963, IC acc: 0.1286, IC acc2: 0.0034, IW acc: 0.0024
Epoch: 9641, Loss: 5.63780403137207
Epoch: 9642, Loss: 5.613133430480957
Epoch: 9643, Loss: 5.619375228881836
Epoch: 9644, Loss: 5.629385471343994
Epoch: 9645, Loss: 5.613283634185791
Epoch: 9646, Loss: 5.618829727172852
Epoch: 9647, Loss: 5.6104021072387695
Epoch: 9648, Loss: 5.5975022315979
Epoch: 9649, Loss: 5.618241786956787
./circuit_plots/Unrestricted Disentangled|Readout|CN=2|B0=0|B1=0|K=1280|L=320|p_B=0.75|p_C=0.75|B=2|eps=0|b4755c15-ae1c-4b25-96c8-f3c68ba4e0ec/ already exists.
./circuit_plots/Unrestricted Disentangled|Readout|CN=2|B0=0|B1=0|K=1280|L=320|p_B=0.75|p_C=0.75|B=2|eps=0|b4755c15-ae1c-4b25-96c8-f3c68ba4e0ec/ already exists.
./circuit_plots/Unrestricted Disentangled|Readout|CN=2|B0=0|B1=0|K=1280|L=320|p_B=0.75|p_C=0.75|B=2|eps=0|b4755c15-ae1c-4b25-96c8-f3c68ba4e0ec/ already exists.
./circuit_plots/Unrestricted Disentangled|Readout|CN=2|B0=0|B1=0|K=1280|L=320|p_B=0.75|p_C=0.75|B=2|eps=0|b4755c15-ae1c-4b25-96c8-f3c68ba4e0ec/ already exists.
./circuit_plots/Unrestricted Disentangled|Readout|CN=2|B0=0|B1=0|K=1280|L=320|p_B=0.75|p_C=0.75|B=2|eps=0|b4755c15-ae1c-4b25-96c8-f3c68ba4e0ec/ already exists.
./circuit_plots/Unrestricted Disentangled|Readout|CN=2|B0=0|B1=0|K=1280|L=320|p_B=0.75|p_C=0.75|B=2|eps=0|b4755c15-ae1c-4b25-96c8-f3c68ba4e0ec/ already exists.
./circuit_plots/Unrestricted Disentangled|Readout|CN=2|B0=0|B1=0|K=1280|L=320|p_B=0.75|p_C=0.75|B=2|eps=0|b4755c15-ae1c-4b25-96c8-f3c68ba4e0ec/ already exists.
Epoch: 9650, Loss: 5.615728378295898
Test acc: 0.0963, IC acc: 0.1287, IC acc2: 0.0034, IW acc: 0.0025
Epoch: 9651, Loss: 5.610861778259277
Epoch: 9652, Loss: 5.608590126037598
Epoch: 9653, Loss: 5.602000713348389
Epoch: 9654, Loss: 5.5926008224487305
Epoch: 9655, Loss: 5.602092742919922
Epoch: 9656, Loss: 5.594073295593262
Epoch: 9657, Loss: 5.625617027282715
Epoch: 9658, Loss: 5.626766204833984
Epoch: 9659, Loss: 5.617274284362793
Epoch: 9660, Loss: 5.603358268737793
Test acc: 0.0962, IC acc: 0.1291, IC acc2: 0.0033, IW acc: 0.0025
Epoch: 9661, Loss: 5.628555774688721
Epoch: 9662, Loss: 5.5936455726623535
Epoch: 9663, Loss: 5.591699600219727
Epoch: 9664, Loss: 5.597146511077881
Epoch: 9665, Loss: 5.571533679962158
Epoch: 9666, Loss: 5.604062080383301
Epoch: 9667, Loss: 5.618925094604492
Epoch: 9668, Loss: 5.632574081420898
Epoch: 9669, Loss: 5.609630584716797
Epoch: 9670, Loss: 5.580425262451172
Test acc: 0.0963, IC acc: 0.1293, IC acc2: 0.0033, IW acc: 0.0025
Epoch: 9671, Loss: 5.602187156677246
Epoch: 9672, Loss: 5.608445644378662
Epoch: 9673, Loss: 5.617781639099121
Epoch: 9674, Loss: 5.590606212615967
Epoch: 9675, Loss: 5.604217529296875
Epoch: 9676, Loss: 5.624901294708252
Epoch: 9677, Loss: 5.6033196449279785
Epoch: 9678, Loss: 5.579655170440674
Epoch: 9679, Loss: 5.590463161468506
Epoch: 9680, Loss: 5.597290515899658
Test acc: 0.0969, IC acc: 0.1293, IC acc2: 0.0033, IW acc: 0.0026
Epoch: 9681, Loss: 5.606076240539551
Epoch: 9682, Loss: 5.601925373077393
Epoch: 9683, Loss: 5.6090898513793945
Epoch: 9684, Loss: 5.605893135070801
Epoch: 9685, Loss: 5.610304832458496
Epoch: 9686, Loss: 5.631121635437012
Epoch: 9687, Loss: 5.6101298332214355
Epoch: 9688, Loss: 5.615203380584717
Epoch: 9689, Loss: 5.633283615112305
Epoch: 9690, Loss: 5.584881782531738
Test acc: 0.0968, IC acc: 0.1293, IC acc2: 0.0033, IW acc: 0.0026
Epoch: 9691, Loss: 5.628337860107422
Epoch: 9692, Loss: 5.611295223236084
Epoch: 9693, Loss: 5.617958068847656
Epoch: 9694, Loss: 5.595931053161621
Epoch: 9695, Loss: 5.595755577087402
Epoch: 9696, Loss: 5.6066694259643555
Epoch: 9697, Loss: 5.591639518737793
Epoch: 9698, Loss: 5.607839584350586
Epoch: 9699, Loss: 5.621837615966797
./circuit_plots/Unrestricted Disentangled|Readout|CN=2|B0=0|B1=0|K=1280|L=320|p_B=0.75|p_C=0.75|B=2|eps=0|b4755c15-ae1c-4b25-96c8-f3c68ba4e0ec/ already exists.
./circuit_plots/Unrestricted Disentangled|Readout|CN=2|B0=0|B1=0|K=1280|L=320|p_B=0.75|p_C=0.75|B=2|eps=0|b4755c15-ae1c-4b25-96c8-f3c68ba4e0ec/ already exists.
./circuit_plots/Unrestricted Disentangled|Readout|CN=2|B0=0|B1=0|K=1280|L=320|p_B=0.75|p_C=0.75|B=2|eps=0|b4755c15-ae1c-4b25-96c8-f3c68ba4e0ec/ already exists.
./circuit_plots/Unrestricted Disentangled|Readout|CN=2|B0=0|B1=0|K=1280|L=320|p_B=0.75|p_C=0.75|B=2|eps=0|b4755c15-ae1c-4b25-96c8-f3c68ba4e0ec/ already exists.
./circuit_plots/Unrestricted Disentangled|Readout|CN=2|B0=0|B1=0|K=1280|L=320|p_B=0.75|p_C=0.75|B=2|eps=0|b4755c15-ae1c-4b25-96c8-f3c68ba4e0ec/ already exists.
./circuit_plots/Unrestricted Disentangled|Readout|CN=2|B0=0|B1=0|K=1280|L=320|p_B=0.75|p_C=0.75|B=2|eps=0|b4755c15-ae1c-4b25-96c8-f3c68ba4e0ec/ already exists.
./circuit_plots/Unrestricted Disentangled|Readout|CN=2|B0=0|B1=0|K=1280|L=320|p_B=0.75|p_C=0.75|B=2|eps=0|b4755c15-ae1c-4b25-96c8-f3c68ba4e0ec/ already exists.
Epoch: 9700, Loss: 5.6139326095581055
Test acc: 0.0968, IC acc: 0.1296, IC acc2: 0.0033, IW acc: 0.0026
Epoch: 9701, Loss: 5.606924057006836
Epoch: 9702, Loss: 5.5977630615234375
Epoch: 9703, Loss: 5.60871696472168
Epoch: 9704, Loss: 5.5822672843933105
Epoch: 9705, Loss: 5.595977306365967
Epoch: 9706, Loss: 5.597938060760498
Epoch: 9707, Loss: 5.609584808349609
Epoch: 9708, Loss: 5.615667819976807
Epoch: 9709, Loss: 5.582550048828125
Epoch: 9710, Loss: 5.614278793334961
Test acc: 0.0967, IC acc: 0.1301, IC acc2: 0.0033, IW acc: 0.0026
Epoch: 9711, Loss: 5.608658790588379
Epoch: 9712, Loss: 5.592476844787598
Epoch: 9713, Loss: 5.61800479888916
Epoch: 9714, Loss: 5.6318559646606445
Epoch: 9715, Loss: 5.6026811599731445
Epoch: 9716, Loss: 5.611476421356201
Epoch: 9717, Loss: 5.613984107971191
Epoch: 9718, Loss: 5.602512359619141
Epoch: 9719, Loss: 5.6153764724731445
Epoch: 9720, Loss: 5.607797622680664
Test acc: 0.0967, IC acc: 0.1307, IC acc2: 0.0035, IW acc: 0.0026
Epoch: 9721, Loss: 5.622735023498535
Epoch: 9722, Loss: 5.606771469116211
Epoch: 9723, Loss: 5.574502944946289
Epoch: 9724, Loss: 5.619672775268555
Epoch: 9725, Loss: 5.5974884033203125
Epoch: 9726, Loss: 5.588666915893555
Epoch: 9727, Loss: 5.610843658447266
Epoch: 9728, Loss: 5.604029178619385
Epoch: 9729, Loss: 5.598760604858398
Epoch: 9730, Loss: 5.610947608947754
Test acc: 0.0969, IC acc: 0.1304, IC acc2: 0.0034, IW acc: 0.0026
Epoch: 9731, Loss: 5.602725028991699
Epoch: 9732, Loss: 5.617456912994385
Epoch: 9733, Loss: 5.578701972961426
Epoch: 9734, Loss: 5.630075931549072
Epoch: 9735, Loss: 5.591041088104248
Epoch: 9736, Loss: 5.591534614562988
Epoch: 9737, Loss: 5.614023208618164
Epoch: 9738, Loss: 5.616178035736084
Epoch: 9739, Loss: 5.590709209442139
Epoch: 9740, Loss: 5.601443767547607
Test acc: 0.0971, IC acc: 0.1304, IC acc2: 0.0033, IW acc: 0.0026
Epoch: 9741, Loss: 5.599910259246826
Epoch: 9742, Loss: 5.6320624351501465
Epoch: 9743, Loss: 5.610388278961182
Epoch: 9744, Loss: 5.598108291625977
Epoch: 9745, Loss: 5.5872483253479
Epoch: 9746, Loss: 5.595211982727051
Epoch: 9747, Loss: 5.591620922088623
Epoch: 9748, Loss: 5.620289325714111
Epoch: 9749, Loss: 5.587035179138184
./circuit_plots/Unrestricted Disentangled|Readout|CN=2|B0=0|B1=0|K=1280|L=320|p_B=0.75|p_C=0.75|B=2|eps=0|b4755c15-ae1c-4b25-96c8-f3c68ba4e0ec/ already exists.
./circuit_plots/Unrestricted Disentangled|Readout|CN=2|B0=0|B1=0|K=1280|L=320|p_B=0.75|p_C=0.75|B=2|eps=0|b4755c15-ae1c-4b25-96c8-f3c68ba4e0ec/ already exists.
./circuit_plots/Unrestricted Disentangled|Readout|CN=2|B0=0|B1=0|K=1280|L=320|p_B=0.75|p_C=0.75|B=2|eps=0|b4755c15-ae1c-4b25-96c8-f3c68ba4e0ec/ already exists.
./circuit_plots/Unrestricted Disentangled|Readout|CN=2|B0=0|B1=0|K=1280|L=320|p_B=0.75|p_C=0.75|B=2|eps=0|b4755c15-ae1c-4b25-96c8-f3c68ba4e0ec/ already exists.
./circuit_plots/Unrestricted Disentangled|Readout|CN=2|B0=0|B1=0|K=1280|L=320|p_B=0.75|p_C=0.75|B=2|eps=0|b4755c15-ae1c-4b25-96c8-f3c68ba4e0ec/ already exists.
./circuit_plots/Unrestricted Disentangled|Readout|CN=2|B0=0|B1=0|K=1280|L=320|p_B=0.75|p_C=0.75|B=2|eps=0|b4755c15-ae1c-4b25-96c8-f3c68ba4e0ec/ already exists.
./circuit_plots/Unrestricted Disentangled|Readout|CN=2|B0=0|B1=0|K=1280|L=320|p_B=0.75|p_C=0.75|B=2|eps=0|b4755c15-ae1c-4b25-96c8-f3c68ba4e0ec/ already exists.
Epoch: 9750, Loss: 5.591087818145752
Test acc: 0.0975, IC acc: 0.1306, IC acc2: 0.0035, IW acc: 0.0026
Epoch: 9751, Loss: 5.607768535614014
Epoch: 9752, Loss: 5.599320411682129
Epoch: 9753, Loss: 5.616005897521973
Epoch: 9754, Loss: 5.6103057861328125
Epoch: 9755, Loss: 5.597249984741211
Epoch: 9756, Loss: 5.599326133728027
Epoch: 9757, Loss: 5.611201286315918
Epoch: 9758, Loss: 5.5995378494262695
Epoch: 9759, Loss: 5.612814903259277
Epoch: 9760, Loss: 5.592089653015137
Test acc: 0.0978, IC acc: 0.1309, IC acc2: 0.0035, IW acc: 0.0026
Epoch: 9761, Loss: 5.590917110443115
Epoch: 9762, Loss: 5.588232040405273
Epoch: 9763, Loss: 5.598873138427734
Epoch: 9764, Loss: 5.574948310852051
Epoch: 9765, Loss: 5.577854156494141
Epoch: 9766, Loss: 5.605137825012207
Epoch: 9767, Loss: 5.589241981506348
Epoch: 9768, Loss: 5.609045505523682
Epoch: 9769, Loss: 5.613450050354004
Epoch: 9770, Loss: 5.585564613342285
Test acc: 0.0978, IC acc: 0.1311, IC acc2: 0.0035, IW acc: 0.0026
Epoch: 9771, Loss: 5.611743927001953
Epoch: 9772, Loss: 5.603880882263184
Epoch: 9773, Loss: 5.59249210357666
Epoch: 9774, Loss: 5.59666633605957
Epoch: 9775, Loss: 5.613164901733398
Epoch: 9776, Loss: 5.60723876953125
Epoch: 9777, Loss: 5.610121726989746
Epoch: 9778, Loss: 5.600829124450684
Epoch: 9779, Loss: 5.5918145179748535
Epoch: 9780, Loss: 5.597011566162109
Test acc: 0.0982, IC acc: 0.1309, IC acc2: 0.0036, IW acc: 0.0026
Epoch: 9781, Loss: 5.593425750732422
Epoch: 9782, Loss: 5.6008710861206055
Epoch: 9783, Loss: 5.615817546844482
Epoch: 9784, Loss: 5.596230506896973
Epoch: 9785, Loss: 5.600341320037842
Epoch: 9786, Loss: 5.593761444091797
Epoch: 9787, Loss: 5.611019134521484
Epoch: 9788, Loss: 5.5790863037109375
Epoch: 9789, Loss: 5.6061859130859375
Epoch: 9790, Loss: 5.615873336791992
Test acc: 0.0986, IC acc: 0.1309, IC acc2: 0.0036, IW acc: 0.0025
Epoch: 9791, Loss: 5.582378387451172
Epoch: 9792, Loss: 5.607919692993164
Epoch: 9793, Loss: 5.610328197479248
Epoch: 9794, Loss: 5.601104736328125
Epoch: 9795, Loss: 5.608867645263672
Epoch: 9796, Loss: 5.576409816741943
Epoch: 9797, Loss: 5.611738681793213
Epoch: 9798, Loss: 5.618724822998047
Epoch: 9799, Loss: 5.613131999969482
./circuit_plots/Unrestricted Disentangled|Readout|CN=2|B0=0|B1=0|K=1280|L=320|p_B=0.75|p_C=0.75|B=2|eps=0|b4755c15-ae1c-4b25-96c8-f3c68ba4e0ec/ already exists.
./circuit_plots/Unrestricted Disentangled|Readout|CN=2|B0=0|B1=0|K=1280|L=320|p_B=0.75|p_C=0.75|B=2|eps=0|b4755c15-ae1c-4b25-96c8-f3c68ba4e0ec/ already exists.
./circuit_plots/Unrestricted Disentangled|Readout|CN=2|B0=0|B1=0|K=1280|L=320|p_B=0.75|p_C=0.75|B=2|eps=0|b4755c15-ae1c-4b25-96c8-f3c68ba4e0ec/ already exists.
./circuit_plots/Unrestricted Disentangled|Readout|CN=2|B0=0|B1=0|K=1280|L=320|p_B=0.75|p_C=0.75|B=2|eps=0|b4755c15-ae1c-4b25-96c8-f3c68ba4e0ec/ already exists.
./circuit_plots/Unrestricted Disentangled|Readout|CN=2|B0=0|B1=0|K=1280|L=320|p_B=0.75|p_C=0.75|B=2|eps=0|b4755c15-ae1c-4b25-96c8-f3c68ba4e0ec/ already exists.
./circuit_plots/Unrestricted Disentangled|Readout|CN=2|B0=0|B1=0|K=1280|L=320|p_B=0.75|p_C=0.75|B=2|eps=0|b4755c15-ae1c-4b25-96c8-f3c68ba4e0ec/ already exists.
./circuit_plots/Unrestricted Disentangled|Readout|CN=2|B0=0|B1=0|K=1280|L=320|p_B=0.75|p_C=0.75|B=2|eps=0|b4755c15-ae1c-4b25-96c8-f3c68ba4e0ec/ already exists.
Epoch: 9800, Loss: 5.599034786224365
Test acc: 0.0987, IC acc: 0.1313, IC acc2: 0.0036, IW acc: 0.0025
Epoch: 9801, Loss: 5.604620933532715
Epoch: 9802, Loss: 5.616177558898926
Epoch: 9803, Loss: 5.591813087463379
Epoch: 9804, Loss: 5.598793029785156
Epoch: 9805, Loss: 5.5999436378479
Epoch: 9806, Loss: 5.6123456954956055
Epoch: 9807, Loss: 5.6092376708984375
Epoch: 9808, Loss: 5.597664833068848
Epoch: 9809, Loss: 5.601314067840576
Epoch: 9810, Loss: 5.614876747131348
Test acc: 0.099, IC acc: 0.1314, IC acc2: 0.0036, IW acc: 0.0025
Epoch: 9811, Loss: 5.630270004272461
Epoch: 9812, Loss: 5.614004135131836
Epoch: 9813, Loss: 5.585214614868164
Epoch: 9814, Loss: 5.609585762023926
Epoch: 9815, Loss: 5.604308128356934
Epoch: 9816, Loss: 5.60364294052124
Epoch: 9817, Loss: 5.596527099609375
Epoch: 9818, Loss: 5.599801063537598
Epoch: 9819, Loss: 5.628716945648193
Epoch: 9820, Loss: 5.590723991394043
Test acc: 0.0989, IC acc: 0.1316, IC acc2: 0.0036, IW acc: 0.0025
Epoch: 9821, Loss: 5.607804775238037
Epoch: 9822, Loss: 5.614821434020996
Epoch: 9823, Loss: 5.6118483543396
Epoch: 9824, Loss: 5.575381278991699
Epoch: 9825, Loss: 5.6084370613098145
Epoch: 9826, Loss: 5.597012519836426
Epoch: 9827, Loss: 5.589971542358398
Epoch: 9828, Loss: 5.6084980964660645
Epoch: 9829, Loss: 5.590304374694824
Epoch: 9830, Loss: 5.6120147705078125
Test acc: 0.0993, IC acc: 0.1318, IC acc2: 0.0036, IW acc: 0.0025
Epoch: 9831, Loss: 5.635900497436523
Epoch: 9832, Loss: 5.62486457824707
Epoch: 9833, Loss: 5.615208625793457
Epoch: 9834, Loss: 5.5916056632995605
Epoch: 9835, Loss: 5.585732460021973
Epoch: 9836, Loss: 5.591670989990234
Epoch: 9837, Loss: 5.60166072845459
Epoch: 9838, Loss: 5.594644546508789
Epoch: 9839, Loss: 5.5844526290893555
Epoch: 9840, Loss: 5.614097595214844
Test acc: 0.0994, IC acc: 0.1324, IC acc2: 0.0036, IW acc: 0.0026
Epoch: 9841, Loss: 5.595754146575928
Epoch: 9842, Loss: 5.5747175216674805
Epoch: 9843, Loss: 5.601341247558594
Epoch: 9844, Loss: 5.618790626525879
Epoch: 9845, Loss: 5.615698337554932
Epoch: 9846, Loss: 5.585559844970703
Epoch: 9847, Loss: 5.585783958435059
Epoch: 9848, Loss: 5.602320194244385
Epoch: 9849, Loss: 5.602127552032471
./circuit_plots/Unrestricted Disentangled|Readout|CN=2|B0=0|B1=0|K=1280|L=320|p_B=0.75|p_C=0.75|B=2|eps=0|b4755c15-ae1c-4b25-96c8-f3c68ba4e0ec/ already exists.
./circuit_plots/Unrestricted Disentangled|Readout|CN=2|B0=0|B1=0|K=1280|L=320|p_B=0.75|p_C=0.75|B=2|eps=0|b4755c15-ae1c-4b25-96c8-f3c68ba4e0ec/ already exists.
./circuit_plots/Unrestricted Disentangled|Readout|CN=2|B0=0|B1=0|K=1280|L=320|p_B=0.75|p_C=0.75|B=2|eps=0|b4755c15-ae1c-4b25-96c8-f3c68ba4e0ec/ already exists.
./circuit_plots/Unrestricted Disentangled|Readout|CN=2|B0=0|B1=0|K=1280|L=320|p_B=0.75|p_C=0.75|B=2|eps=0|b4755c15-ae1c-4b25-96c8-f3c68ba4e0ec/ already exists.
./circuit_plots/Unrestricted Disentangled|Readout|CN=2|B0=0|B1=0|K=1280|L=320|p_B=0.75|p_C=0.75|B=2|eps=0|b4755c15-ae1c-4b25-96c8-f3c68ba4e0ec/ already exists.
./circuit_plots/Unrestricted Disentangled|Readout|CN=2|B0=0|B1=0|K=1280|L=320|p_B=0.75|p_C=0.75|B=2|eps=0|b4755c15-ae1c-4b25-96c8-f3c68ba4e0ec/ already exists.
./circuit_plots/Unrestricted Disentangled|Readout|CN=2|B0=0|B1=0|K=1280|L=320|p_B=0.75|p_C=0.75|B=2|eps=0|b4755c15-ae1c-4b25-96c8-f3c68ba4e0ec/ already exists.
Epoch: 9850, Loss: 5.604996681213379
Test acc: 0.0991, IC acc: 0.1329, IC acc2: 0.0036, IW acc: 0.0026
Epoch: 9851, Loss: 5.613178253173828
Epoch: 9852, Loss: 5.6096954345703125
Epoch: 9853, Loss: 5.614187717437744
Epoch: 9854, Loss: 5.603126525878906
Epoch: 9855, Loss: 5.619987487792969
Epoch: 9856, Loss: 5.625009059906006
Epoch: 9857, Loss: 5.578169822692871
Epoch: 9858, Loss: 5.573820114135742
Epoch: 9859, Loss: 5.600474834442139
Epoch: 9860, Loss: 5.619387626647949
Test acc: 0.0995, IC acc: 0.1334, IC acc2: 0.0035, IW acc: 0.0025
Epoch: 9861, Loss: 5.618525981903076
Epoch: 9862, Loss: 5.606548309326172
Epoch: 9863, Loss: 5.620437145233154
Epoch: 9864, Loss: 5.572963714599609
Epoch: 9865, Loss: 5.574210166931152
Epoch: 9866, Loss: 5.590198516845703
Epoch: 9867, Loss: 5.611352920532227
Epoch: 9868, Loss: 5.568438529968262
Epoch: 9869, Loss: 5.607185363769531
Epoch: 9870, Loss: 5.600190162658691
Test acc: 0.0998, IC acc: 0.1339, IC acc2: 0.0034, IW acc: 0.0024
Epoch: 9871, Loss: 5.59145450592041
Epoch: 9872, Loss: 5.607895851135254
Epoch: 9873, Loss: 5.573590278625488
Epoch: 9874, Loss: 5.609714508056641
Epoch: 9875, Loss: 5.602224826812744
Epoch: 9876, Loss: 5.596290588378906
Epoch: 9877, Loss: 5.607369422912598
Epoch: 9878, Loss: 5.578616619110107
Epoch: 9879, Loss: 5.610268592834473
Epoch: 9880, Loss: 5.589262962341309
Test acc: 0.0995, IC acc: 0.1346, IC acc2: 0.0035, IW acc: 0.0024
Epoch: 9881, Loss: 5.593393802642822
Epoch: 9882, Loss: 5.60638952255249
Epoch: 9883, Loss: 5.616922378540039
Epoch: 9884, Loss: 5.579082489013672
Epoch: 9885, Loss: 5.603623390197754
Epoch: 9886, Loss: 5.62115478515625
Epoch: 9887, Loss: 5.601463317871094
Epoch: 9888, Loss: 5.598625183105469
Epoch: 9889, Loss: 5.624395370483398
Epoch: 9890, Loss: 5.590736389160156
Test acc: 0.0997, IC acc: 0.1346, IC acc2: 0.0034, IW acc: 0.0024
Epoch: 9891, Loss: 5.6036458015441895
Epoch: 9892, Loss: 5.61653995513916
Epoch: 9893, Loss: 5.612163543701172
Epoch: 9894, Loss: 5.599498748779297
Epoch: 9895, Loss: 5.58188009262085
Epoch: 9896, Loss: 5.597109317779541
Epoch: 9897, Loss: 5.592929840087891
Epoch: 9898, Loss: 5.608953475952148
Epoch: 9899, Loss: 5.584375381469727
./circuit_plots/Unrestricted Disentangled|Readout|CN=2|B0=0|B1=0|K=1280|L=320|p_B=0.75|p_C=0.75|B=2|eps=0|b4755c15-ae1c-4b25-96c8-f3c68ba4e0ec/ already exists.
./circuit_plots/Unrestricted Disentangled|Readout|CN=2|B0=0|B1=0|K=1280|L=320|p_B=0.75|p_C=0.75|B=2|eps=0|b4755c15-ae1c-4b25-96c8-f3c68ba4e0ec/ already exists.
./circuit_plots/Unrestricted Disentangled|Readout|CN=2|B0=0|B1=0|K=1280|L=320|p_B=0.75|p_C=0.75|B=2|eps=0|b4755c15-ae1c-4b25-96c8-f3c68ba4e0ec/ already exists.
./circuit_plots/Unrestricted Disentangled|Readout|CN=2|B0=0|B1=0|K=1280|L=320|p_B=0.75|p_C=0.75|B=2|eps=0|b4755c15-ae1c-4b25-96c8-f3c68ba4e0ec/ already exists.
./circuit_plots/Unrestricted Disentangled|Readout|CN=2|B0=0|B1=0|K=1280|L=320|p_B=0.75|p_C=0.75|B=2|eps=0|b4755c15-ae1c-4b25-96c8-f3c68ba4e0ec/ already exists.
./circuit_plots/Unrestricted Disentangled|Readout|CN=2|B0=0|B1=0|K=1280|L=320|p_B=0.75|p_C=0.75|B=2|eps=0|b4755c15-ae1c-4b25-96c8-f3c68ba4e0ec/ already exists.
./circuit_plots/Unrestricted Disentangled|Readout|CN=2|B0=0|B1=0|K=1280|L=320|p_B=0.75|p_C=0.75|B=2|eps=0|b4755c15-ae1c-4b25-96c8-f3c68ba4e0ec/ already exists.
Epoch: 9900, Loss: 5.584247589111328
Test acc: 0.0999, IC acc: 0.1348, IC acc2: 0.0034, IW acc: 0.0025
Epoch: 9901, Loss: 5.625760078430176
Epoch: 9902, Loss: 5.574162006378174
Epoch: 9903, Loss: 5.61330509185791
Epoch: 9904, Loss: 5.587181091308594
Epoch: 9905, Loss: 5.6188063621521
Epoch: 9906, Loss: 5.602862358093262
Epoch: 9907, Loss: 5.589742660522461
Epoch: 9908, Loss: 5.586469650268555
Epoch: 9909, Loss: 5.60009765625
Epoch: 9910, Loss: 5.612141132354736
Test acc: 0.0998, IC acc: 0.1354, IC acc2: 0.0034, IW acc: 0.0025
Epoch: 9911, Loss: 5.597195625305176
Epoch: 9912, Loss: 5.595813751220703
Epoch: 9913, Loss: 5.589879989624023
Epoch: 9914, Loss: 5.572158336639404
Epoch: 9915, Loss: 5.616147994995117
Epoch: 9916, Loss: 5.595199108123779
Epoch: 9917, Loss: 5.593611240386963
Epoch: 9918, Loss: 5.585063934326172
Epoch: 9919, Loss: 5.617159843444824
Epoch: 9920, Loss: 5.585941314697266
Test acc: 0.1002, IC acc: 0.1351, IC acc2: 0.0033, IW acc: 0.0025
Epoch: 9921, Loss: 5.609137535095215
Epoch: 9922, Loss: 5.601716041564941
Epoch: 9923, Loss: 5.594592094421387
Epoch: 9924, Loss: 5.599592208862305
Epoch: 9925, Loss: 5.5991058349609375
Epoch: 9926, Loss: 5.584234237670898
Epoch: 9927, Loss: 5.596052169799805
Epoch: 9928, Loss: 5.627434730529785
Epoch: 9929, Loss: 5.601345062255859
Epoch: 9930, Loss: 5.583104610443115
Test acc: 0.1007, IC acc: 0.1349, IC acc2: 0.0033, IW acc: 0.0025
Epoch: 9931, Loss: 5.633150577545166
Epoch: 9932, Loss: 5.576518535614014
Epoch: 9933, Loss: 5.614676475524902
Epoch: 9934, Loss: 5.6085333824157715
Epoch: 9935, Loss: 5.606256484985352
Epoch: 9936, Loss: 5.587981224060059
Epoch: 9937, Loss: 5.610112190246582
Epoch: 9938, Loss: 5.602518081665039
Epoch: 9939, Loss: 5.614480972290039
Epoch: 9940, Loss: 5.586015701293945
Test acc: 0.1005, IC acc: 0.1349, IC acc2: 0.0034, IW acc: 0.0024
Epoch: 9941, Loss: 5.5851826667785645
Epoch: 9942, Loss: 5.607572078704834
Epoch: 9943, Loss: 5.610457420349121
Epoch: 9944, Loss: 5.605186939239502
Epoch: 9945, Loss: 5.617641448974609
Epoch: 9946, Loss: 5.588875770568848
Epoch: 9947, Loss: 5.610980033874512
Epoch: 9948, Loss: 5.593243598937988
Epoch: 9949, Loss: 5.5887861251831055
./circuit_plots/Unrestricted Disentangled|Readout|CN=2|B0=0|B1=0|K=1280|L=320|p_B=0.75|p_C=0.75|B=2|eps=0|b4755c15-ae1c-4b25-96c8-f3c68ba4e0ec/ already exists.
./circuit_plots/Unrestricted Disentangled|Readout|CN=2|B0=0|B1=0|K=1280|L=320|p_B=0.75|p_C=0.75|B=2|eps=0|b4755c15-ae1c-4b25-96c8-f3c68ba4e0ec/ already exists.
./circuit_plots/Unrestricted Disentangled|Readout|CN=2|B0=0|B1=0|K=1280|L=320|p_B=0.75|p_C=0.75|B=2|eps=0|b4755c15-ae1c-4b25-96c8-f3c68ba4e0ec/ already exists.
./circuit_plots/Unrestricted Disentangled|Readout|CN=2|B0=0|B1=0|K=1280|L=320|p_B=0.75|p_C=0.75|B=2|eps=0|b4755c15-ae1c-4b25-96c8-f3c68ba4e0ec/ already exists.
./circuit_plots/Unrestricted Disentangled|Readout|CN=2|B0=0|B1=0|K=1280|L=320|p_B=0.75|p_C=0.75|B=2|eps=0|b4755c15-ae1c-4b25-96c8-f3c68ba4e0ec/ already exists.
./circuit_plots/Unrestricted Disentangled|Readout|CN=2|B0=0|B1=0|K=1280|L=320|p_B=0.75|p_C=0.75|B=2|eps=0|b4755c15-ae1c-4b25-96c8-f3c68ba4e0ec/ already exists.
./circuit_plots/Unrestricted Disentangled|Readout|CN=2|B0=0|B1=0|K=1280|L=320|p_B=0.75|p_C=0.75|B=2|eps=0|b4755c15-ae1c-4b25-96c8-f3c68ba4e0ec/ already exists.
Epoch: 9950, Loss: 5.585818290710449
Test acc: 0.101, IC acc: 0.1353, IC acc2: 0.0033, IW acc: 0.0024
Epoch: 9951, Loss: 5.595241546630859
Epoch: 9952, Loss: 5.581718444824219
Epoch: 9953, Loss: 5.596939563751221
Epoch: 9954, Loss: 5.584285736083984
Epoch: 9955, Loss: 5.580103397369385
Epoch: 9956, Loss: 5.615747451782227
Epoch: 9957, Loss: 5.604607105255127
Epoch: 9958, Loss: 5.5927886962890625
Epoch: 9959, Loss: 5.60541296005249
Epoch: 9960, Loss: 5.6033501625061035
Test acc: 0.1013, IC acc: 0.1354, IC acc2: 0.0033, IW acc: 0.0023
Epoch: 9961, Loss: 5.58215856552124
Epoch: 9962, Loss: 5.603874683380127
Epoch: 9963, Loss: 5.630313873291016
Epoch: 9964, Loss: 5.59392786026001
Epoch: 9965, Loss: 5.61062479019165
Epoch: 9966, Loss: 5.617514610290527
Epoch: 9967, Loss: 5.606819152832031
Epoch: 9968, Loss: 5.600632667541504
Epoch: 9969, Loss: 5.612421989440918
Epoch: 9970, Loss: 5.602128505706787
Test acc: 0.1015, IC acc: 0.1358, IC acc2: 0.0033, IW acc: 0.0023
Epoch: 9971, Loss: 5.587636947631836
Epoch: 9972, Loss: 5.6022162437438965
Epoch: 9973, Loss: 5.598379611968994
Epoch: 9974, Loss: 5.6185150146484375
Epoch: 9975, Loss: 5.5828962326049805
Epoch: 9976, Loss: 5.596348762512207
Epoch: 9977, Loss: 5.6045379638671875
Epoch: 9978, Loss: 5.599630355834961
Epoch: 9979, Loss: 5.5966715812683105
Epoch: 9980, Loss: 5.590130805969238
Test acc: 0.1018, IC acc: 0.1361, IC acc2: 0.0033, IW acc: 0.0024
Epoch: 9981, Loss: 5.583353042602539
Epoch: 9982, Loss: 5.593130111694336
Epoch: 9983, Loss: 5.603211402893066
Epoch: 9984, Loss: 5.580193519592285
Epoch: 9985, Loss: 5.582134246826172
Epoch: 9986, Loss: 5.594910144805908
Epoch: 9987, Loss: 5.604864597320557
Epoch: 9988, Loss: 5.604637622833252
Epoch: 9989, Loss: 5.577531814575195
Epoch: 9990, Loss: 5.602870941162109
Test acc: 0.1022, IC acc: 0.1364, IC acc2: 0.0033, IW acc: 0.0025
Epoch: 9991, Loss: 5.6217780113220215
Epoch: 9992, Loss: 5.59907341003418
Epoch: 9993, Loss: 5.590965270996094
Epoch: 9994, Loss: 5.590691566467285
Epoch: 9995, Loss: 5.60263204574585
Epoch: 9996, Loss: 5.597359657287598
Epoch: 9997, Loss: 5.562320232391357
Epoch: 9998, Loss: 5.594385147094727
Epoch: 9999, Loss: 5.605066299438477
