NOT USING MLP
RestrictedDisentangledTransformer(
  (transformer_block_0): DisentangledTransformerBlock(
    (causal_block): DisentangledCausalAttention(
      (W_QK): Linear(in_features=80, out_features=80, bias=False)
      (W_V): Linear(in_features=80, out_features=80, bias=False)
    )
  )
  (transformer_block_1): DisentangledTransformerBlock(
    (causal_block): DisentangledCausalAttention(
      (W_QK): Linear(in_features=160, out_features=160, bias=False)
      (W_V): Linear(in_features=160, out_features=160, bias=False)
    )
  )
  (W_O): Linear(in_features=320, out_features=320, bias=True)
  (mlp): Readout()
)
Running experiment Unrestricted Disentangled|Readout|CN=3|B0=3|B1=3|K=1280|L=320|p_B=0.75|p_C=0.75|B=2|eps=0|c5cf5f29-0828-4665-8316-69edf18d12bd
./circuit_plots/Unrestricted Disentangled|Readout|CN=3|B0=3|B1=3|K=1280|L=320|p_B=0.75|p_C=0.75|B=2|eps=0|c5cf5f29-0828-4665-8316-69edf18d12bd/ already exists.
./circuit_plots/Unrestricted Disentangled|Readout|CN=3|B0=3|B1=3|K=1280|L=320|p_B=0.75|p_C=0.75|B=2|eps=0|c5cf5f29-0828-4665-8316-69edf18d12bd/ already exists.
Epoch: 0, Loss: 5.781506538391113
Test acc: 0.0033, IC acc: 0.0049, IC acc2: 0.0026, IW acc: 0.0026
Epoch: 1, Loss: 5.770488739013672
Epoch: 2, Loss: 5.789730072021484
Epoch: 3, Loss: 5.779144287109375
Epoch: 4, Loss: 5.793627738952637
Epoch: 5, Loss: 5.774895668029785
Epoch: 6, Loss: 5.789681911468506
Epoch: 7, Loss: 5.771707534790039
Epoch: 8, Loss: 5.7828593254089355
Epoch: 9, Loss: 5.775673866271973
Epoch: 10, Loss: 5.781381130218506
Test acc: 0.0033, IC acc: 0.005, IC acc2: 0.0026, IW acc: 0.0026
Epoch: 11, Loss: 5.778107643127441
Epoch: 12, Loss: 5.777315616607666
Epoch: 13, Loss: 5.774458885192871
Epoch: 14, Loss: 5.786528587341309
Epoch: 15, Loss: 5.777545928955078
Epoch: 16, Loss: 5.774299621582031
Epoch: 17, Loss: 5.783522605895996
Epoch: 18, Loss: 5.782044410705566
Epoch: 19, Loss: 5.75518798828125
Epoch: 20, Loss: 5.781119346618652
Test acc: 0.0033, IC acc: 0.0051, IC acc2: 0.0026, IW acc: 0.0027
Epoch: 21, Loss: 5.7611870765686035
Epoch: 22, Loss: 5.760873317718506
Epoch: 23, Loss: 5.774068832397461
Epoch: 24, Loss: 5.768242835998535
Epoch: 25, Loss: 5.763949394226074
Epoch: 26, Loss: 5.798445701599121
Epoch: 27, Loss: 5.758175373077393
Epoch: 28, Loss: 5.789639949798584
Epoch: 29, Loss: 5.779362201690674
Epoch: 30, Loss: 5.782297134399414
Test acc: 0.0033, IC acc: 0.0051, IC acc2: 0.0026, IW acc: 0.0026
Epoch: 31, Loss: 5.772404670715332
Epoch: 32, Loss: 5.778970718383789
Epoch: 33, Loss: 5.763265132904053
Epoch: 34, Loss: 5.771668910980225
Epoch: 35, Loss: 5.763381004333496
Epoch: 36, Loss: 5.788488864898682
Epoch: 37, Loss: 5.7738423347473145
Epoch: 38, Loss: 5.779402732849121
Epoch: 39, Loss: 5.76786994934082
Epoch: 40, Loss: 5.764246940612793
Test acc: 0.0033, IC acc: 0.0051, IC acc2: 0.0026, IW acc: 0.0027
Epoch: 41, Loss: 5.7855448722839355
Epoch: 42, Loss: 5.772397041320801
Epoch: 43, Loss: 5.777172088623047
Epoch: 44, Loss: 5.776307582855225
Epoch: 45, Loss: 5.774573802947998
Epoch: 46, Loss: 5.780758857727051
Epoch: 47, Loss: 5.784008979797363
Epoch: 48, Loss: 5.768154144287109
Epoch: 49, Loss: 5.767621040344238
./circuit_plots/Unrestricted Disentangled|Readout|CN=3|B0=3|B1=3|K=1280|L=320|p_B=0.75|p_C=0.75|B=2|eps=0|c5cf5f29-0828-4665-8316-69edf18d12bd/ already exists.
./circuit_plots/Unrestricted Disentangled|Readout|CN=3|B0=3|B1=3|K=1280|L=320|p_B=0.75|p_C=0.75|B=2|eps=0|c5cf5f29-0828-4665-8316-69edf18d12bd/ already exists.
./circuit_plots/Unrestricted Disentangled|Readout|CN=3|B0=3|B1=3|K=1280|L=320|p_B=0.75|p_C=0.75|B=2|eps=0|c5cf5f29-0828-4665-8316-69edf18d12bd/ already exists.
./circuit_plots/Unrestricted Disentangled|Readout|CN=3|B0=3|B1=3|K=1280|L=320|p_B=0.75|p_C=0.75|B=2|eps=0|c5cf5f29-0828-4665-8316-69edf18d12bd/ already exists.
./circuit_plots/Unrestricted Disentangled|Readout|CN=3|B0=3|B1=3|K=1280|L=320|p_B=0.75|p_C=0.75|B=2|eps=0|c5cf5f29-0828-4665-8316-69edf18d12bd/ already exists.
./circuit_plots/Unrestricted Disentangled|Readout|CN=3|B0=3|B1=3|K=1280|L=320|p_B=0.75|p_C=0.75|B=2|eps=0|c5cf5f29-0828-4665-8316-69edf18d12bd/ already exists.
./circuit_plots/Unrestricted Disentangled|Readout|CN=3|B0=3|B1=3|K=1280|L=320|p_B=0.75|p_C=0.75|B=2|eps=0|c5cf5f29-0828-4665-8316-69edf18d12bd/ already exists.
Epoch: 50, Loss: 5.795191764831543
Test acc: 0.0033, IC acc: 0.0051, IC acc2: 0.0026, IW acc: 0.0026
Epoch: 51, Loss: 5.769124984741211
Epoch: 52, Loss: 5.783073425292969
Epoch: 53, Loss: 5.765965461730957
Epoch: 54, Loss: 5.778564453125
Epoch: 55, Loss: 5.771977424621582
Epoch: 56, Loss: 5.769778251647949
Epoch: 57, Loss: 5.770148754119873
Epoch: 58, Loss: 5.780351638793945
Epoch: 59, Loss: 5.770990371704102
Epoch: 60, Loss: 5.772197723388672
Test acc: 0.0033, IC acc: 0.0051, IC acc2: 0.0026, IW acc: 0.0025
Epoch: 61, Loss: 5.782081604003906
Epoch: 62, Loss: 5.771831035614014
Epoch: 63, Loss: 5.788486480712891
Epoch: 64, Loss: 5.770225524902344
Epoch: 65, Loss: 5.793972015380859
Epoch: 66, Loss: 5.77888298034668
Epoch: 67, Loss: 5.782245635986328
Epoch: 68, Loss: 5.764642715454102
Epoch: 69, Loss: 5.778464317321777
Epoch: 70, Loss: 5.797011375427246
Test acc: 0.0033, IC acc: 0.0051, IC acc2: 0.0026, IW acc: 0.0025
Epoch: 71, Loss: 5.790133953094482
Epoch: 72, Loss: 5.780091762542725
Epoch: 73, Loss: 5.775836944580078
Epoch: 74, Loss: 5.761885643005371
Epoch: 75, Loss: 5.774541854858398
Epoch: 76, Loss: 5.776654243469238
Epoch: 77, Loss: 5.776960849761963
Epoch: 78, Loss: 5.78036642074585
Epoch: 79, Loss: 5.781704902648926
Epoch: 80, Loss: 5.759322166442871
Test acc: 0.0033, IC acc: 0.0051, IC acc2: 0.0026, IW acc: 0.0025
Epoch: 81, Loss: 5.768026828765869
Epoch: 82, Loss: 5.782043933868408
Epoch: 83, Loss: 5.776342391967773
Epoch: 84, Loss: 5.772560119628906
Epoch: 85, Loss: 5.76397180557251
Epoch: 86, Loss: 5.7638115882873535
Epoch: 87, Loss: 5.764256000518799
Epoch: 88, Loss: 5.780677318572998
Epoch: 89, Loss: 5.776719093322754
Epoch: 90, Loss: 5.770436763763428
Test acc: 0.0034, IC acc: 0.0051, IC acc2: 0.0027, IW acc: 0.0025
Epoch: 91, Loss: 5.773393630981445
Epoch: 92, Loss: 5.775742530822754
Epoch: 93, Loss: 5.7750630378723145
Epoch: 94, Loss: 5.769977569580078
Epoch: 95, Loss: 5.778995513916016
Epoch: 96, Loss: 5.781389236450195
Epoch: 97, Loss: 5.753444671630859
Epoch: 98, Loss: 5.77052116394043
Epoch: 99, Loss: 5.768442630767822
./circuit_plots/Unrestricted Disentangled|Readout|CN=3|B0=3|B1=3|K=1280|L=320|p_B=0.75|p_C=0.75|B=2|eps=0|c5cf5f29-0828-4665-8316-69edf18d12bd/ already exists.
./circuit_plots/Unrestricted Disentangled|Readout|CN=3|B0=3|B1=3|K=1280|L=320|p_B=0.75|p_C=0.75|B=2|eps=0|c5cf5f29-0828-4665-8316-69edf18d12bd/ already exists.
./circuit_plots/Unrestricted Disentangled|Readout|CN=3|B0=3|B1=3|K=1280|L=320|p_B=0.75|p_C=0.75|B=2|eps=0|c5cf5f29-0828-4665-8316-69edf18d12bd/ already exists.
./circuit_plots/Unrestricted Disentangled|Readout|CN=3|B0=3|B1=3|K=1280|L=320|p_B=0.75|p_C=0.75|B=2|eps=0|c5cf5f29-0828-4665-8316-69edf18d12bd/ already exists.
./circuit_plots/Unrestricted Disentangled|Readout|CN=3|B0=3|B1=3|K=1280|L=320|p_B=0.75|p_C=0.75|B=2|eps=0|c5cf5f29-0828-4665-8316-69edf18d12bd/ already exists.
./circuit_plots/Unrestricted Disentangled|Readout|CN=3|B0=3|B1=3|K=1280|L=320|p_B=0.75|p_C=0.75|B=2|eps=0|c5cf5f29-0828-4665-8316-69edf18d12bd/ already exists.
./circuit_plots/Unrestricted Disentangled|Readout|CN=3|B0=3|B1=3|K=1280|L=320|p_B=0.75|p_C=0.75|B=2|eps=0|c5cf5f29-0828-4665-8316-69edf18d12bd/ already exists.
Epoch: 100, Loss: 5.759751796722412
Test acc: 0.0033, IC acc: 0.0051, IC acc2: 0.0027, IW acc: 0.0025
Epoch: 101, Loss: 5.770068645477295
Epoch: 102, Loss: 5.771079063415527
Epoch: 103, Loss: 5.783571243286133
Epoch: 104, Loss: 5.77647590637207
Epoch: 105, Loss: 5.7748918533325195
Epoch: 106, Loss: 5.761012077331543
Epoch: 107, Loss: 5.7727789878845215
Epoch: 108, Loss: 5.777307987213135
Epoch: 109, Loss: 5.766788482666016
Epoch: 110, Loss: 5.759792804718018
Test acc: 0.0034, IC acc: 0.0051, IC acc2: 0.0027, IW acc: 0.0025
Epoch: 111, Loss: 5.770914077758789
Epoch: 112, Loss: 5.779439926147461
Epoch: 113, Loss: 5.762389183044434
Epoch: 114, Loss: 5.78422737121582
Epoch: 115, Loss: 5.781829357147217
Epoch: 116, Loss: 5.78741455078125
Epoch: 117, Loss: 5.779397964477539
Epoch: 118, Loss: 5.779843330383301
Epoch: 119, Loss: 5.766915321350098
Epoch: 120, Loss: 5.776001930236816
Test acc: 0.0034, IC acc: 0.0051, IC acc2: 0.0027, IW acc: 0.0026
Epoch: 121, Loss: 5.781588554382324
Epoch: 122, Loss: 5.756954193115234
Epoch: 123, Loss: 5.761610984802246
Epoch: 124, Loss: 5.778189659118652
Epoch: 125, Loss: 5.7677178382873535
Epoch: 126, Loss: 5.7966814041137695
Epoch: 127, Loss: 5.780996322631836
Epoch: 128, Loss: 5.769673824310303
Epoch: 129, Loss: 5.765207290649414
Epoch: 130, Loss: 5.780226707458496
Test acc: 0.0035, IC acc: 0.0051, IC acc2: 0.0027, IW acc: 0.0026
Epoch: 131, Loss: 5.772524833679199
Epoch: 132, Loss: 5.767284870147705
Epoch: 133, Loss: 5.77564001083374
Epoch: 134, Loss: 5.759385108947754
Epoch: 135, Loss: 5.774209022521973
Epoch: 136, Loss: 5.784600257873535
Epoch: 137, Loss: 5.762277603149414
Epoch: 138, Loss: 5.781070709228516
Epoch: 139, Loss: 5.771357536315918
Epoch: 140, Loss: 5.775082588195801
Test acc: 0.0035, IC acc: 0.0051, IC acc2: 0.0027, IW acc: 0.0026
Epoch: 141, Loss: 5.781950950622559
Epoch: 142, Loss: 5.769716262817383
Epoch: 143, Loss: 5.7806596755981445
Epoch: 144, Loss: 5.778489112854004
Epoch: 145, Loss: 5.770124912261963
Epoch: 146, Loss: 5.757648944854736
Epoch: 147, Loss: 5.766080379486084
Epoch: 148, Loss: 5.770832061767578
Epoch: 149, Loss: 5.783901214599609
./circuit_plots/Unrestricted Disentangled|Readout|CN=3|B0=3|B1=3|K=1280|L=320|p_B=0.75|p_C=0.75|B=2|eps=0|c5cf5f29-0828-4665-8316-69edf18d12bd/ already exists.
./circuit_plots/Unrestricted Disentangled|Readout|CN=3|B0=3|B1=3|K=1280|L=320|p_B=0.75|p_C=0.75|B=2|eps=0|c5cf5f29-0828-4665-8316-69edf18d12bd/ already exists.
./circuit_plots/Unrestricted Disentangled|Readout|CN=3|B0=3|B1=3|K=1280|L=320|p_B=0.75|p_C=0.75|B=2|eps=0|c5cf5f29-0828-4665-8316-69edf18d12bd/ already exists.
./circuit_plots/Unrestricted Disentangled|Readout|CN=3|B0=3|B1=3|K=1280|L=320|p_B=0.75|p_C=0.75|B=2|eps=0|c5cf5f29-0828-4665-8316-69edf18d12bd/ already exists.
./circuit_plots/Unrestricted Disentangled|Readout|CN=3|B0=3|B1=3|K=1280|L=320|p_B=0.75|p_C=0.75|B=2|eps=0|c5cf5f29-0828-4665-8316-69edf18d12bd/ already exists.
./circuit_plots/Unrestricted Disentangled|Readout|CN=3|B0=3|B1=3|K=1280|L=320|p_B=0.75|p_C=0.75|B=2|eps=0|c5cf5f29-0828-4665-8316-69edf18d12bd/ already exists.
./circuit_plots/Unrestricted Disentangled|Readout|CN=3|B0=3|B1=3|K=1280|L=320|p_B=0.75|p_C=0.75|B=2|eps=0|c5cf5f29-0828-4665-8316-69edf18d12bd/ already exists.
Epoch: 150, Loss: 5.77727746963501
Test acc: 0.0035, IC acc: 0.0051, IC acc2: 0.0027, IW acc: 0.0026
Epoch: 151, Loss: 5.7768330574035645
Epoch: 152, Loss: 5.762988090515137
Epoch: 153, Loss: 5.772399425506592
Epoch: 154, Loss: 5.771383285522461
Epoch: 155, Loss: 5.783749580383301
Epoch: 156, Loss: 5.7781758308410645
Epoch: 157, Loss: 5.769285202026367
Epoch: 158, Loss: 5.755168914794922
Epoch: 159, Loss: 5.782475471496582
Epoch: 160, Loss: 5.782829761505127
Test acc: 0.0035, IC acc: 0.0051, IC acc2: 0.0027, IW acc: 0.0026
Epoch: 161, Loss: 5.786783218383789
Epoch: 162, Loss: 5.760863304138184
Epoch: 163, Loss: 5.779757499694824
Epoch: 164, Loss: 5.76567268371582
Epoch: 165, Loss: 5.780753135681152
Epoch: 166, Loss: 5.7737016677856445
Epoch: 167, Loss: 5.763977527618408
Epoch: 168, Loss: 5.753875732421875
Epoch: 169, Loss: 5.793555736541748
Epoch: 170, Loss: 5.769266128540039
Test acc: 0.0035, IC acc: 0.0051, IC acc2: 0.0027, IW acc: 0.0026
Epoch: 171, Loss: 5.779818058013916
Epoch: 172, Loss: 5.773211479187012
Epoch: 173, Loss: 5.7741827964782715
Epoch: 174, Loss: 5.778019428253174
Epoch: 175, Loss: 5.782125473022461
Epoch: 176, Loss: 5.779504299163818
Epoch: 177, Loss: 5.785634994506836
Epoch: 178, Loss: 5.762343406677246
Epoch: 179, Loss: 5.781363010406494
Epoch: 180, Loss: 5.770130634307861
Test acc: 0.0035, IC acc: 0.0051, IC acc2: 0.0027, IW acc: 0.0026
Epoch: 181, Loss: 5.768753528594971
Epoch: 182, Loss: 5.780617713928223
Epoch: 183, Loss: 5.783174514770508
Epoch: 184, Loss: 5.795202255249023
Epoch: 185, Loss: 5.7825517654418945
Epoch: 186, Loss: 5.767880439758301
Epoch: 187, Loss: 5.776679039001465
Epoch: 188, Loss: 5.776003837585449
Epoch: 189, Loss: 5.766831398010254
Epoch: 190, Loss: 5.764153480529785
Test acc: 0.0035, IC acc: 0.0051, IC acc2: 0.0027, IW acc: 0.0025
Epoch: 191, Loss: 5.778251647949219
Epoch: 192, Loss: 5.767221450805664
Epoch: 193, Loss: 5.784666061401367
Epoch: 194, Loss: 5.769248962402344
Epoch: 195, Loss: 5.765264511108398
Epoch: 196, Loss: 5.787835597991943
Epoch: 197, Loss: 5.769670486450195
Epoch: 198, Loss: 5.767841339111328
Epoch: 199, Loss: 5.779618263244629
./circuit_plots/Unrestricted Disentangled|Readout|CN=3|B0=3|B1=3|K=1280|L=320|p_B=0.75|p_C=0.75|B=2|eps=0|c5cf5f29-0828-4665-8316-69edf18d12bd/ already exists.
./circuit_plots/Unrestricted Disentangled|Readout|CN=3|B0=3|B1=3|K=1280|L=320|p_B=0.75|p_C=0.75|B=2|eps=0|c5cf5f29-0828-4665-8316-69edf18d12bd/ already exists.
./circuit_plots/Unrestricted Disentangled|Readout|CN=3|B0=3|B1=3|K=1280|L=320|p_B=0.75|p_C=0.75|B=2|eps=0|c5cf5f29-0828-4665-8316-69edf18d12bd/ already exists.
./circuit_plots/Unrestricted Disentangled|Readout|CN=3|B0=3|B1=3|K=1280|L=320|p_B=0.75|p_C=0.75|B=2|eps=0|c5cf5f29-0828-4665-8316-69edf18d12bd/ already exists.
./circuit_plots/Unrestricted Disentangled|Readout|CN=3|B0=3|B1=3|K=1280|L=320|p_B=0.75|p_C=0.75|B=2|eps=0|c5cf5f29-0828-4665-8316-69edf18d12bd/ already exists.
./circuit_plots/Unrestricted Disentangled|Readout|CN=3|B0=3|B1=3|K=1280|L=320|p_B=0.75|p_C=0.75|B=2|eps=0|c5cf5f29-0828-4665-8316-69edf18d12bd/ already exists.
./circuit_plots/Unrestricted Disentangled|Readout|CN=3|B0=3|B1=3|K=1280|L=320|p_B=0.75|p_C=0.75|B=2|eps=0|c5cf5f29-0828-4665-8316-69edf18d12bd/ already exists.
Epoch: 200, Loss: 5.774394989013672
Test acc: 0.0035, IC acc: 0.0051, IC acc2: 0.0027, IW acc: 0.0024
Epoch: 201, Loss: 5.769741058349609
Epoch: 202, Loss: 5.783247947692871
Epoch: 203, Loss: 5.785105228424072
Epoch: 204, Loss: 5.766570568084717
Epoch: 205, Loss: 5.7830400466918945
Epoch: 206, Loss: 5.764106750488281
Epoch: 207, Loss: 5.767536163330078
Epoch: 208, Loss: 5.78347110748291
Epoch: 209, Loss: 5.78016471862793
Epoch: 210, Loss: 5.774247169494629
Test acc: 0.0035, IC acc: 0.0051, IC acc2: 0.0027, IW acc: 0.0024
Epoch: 211, Loss: 5.784428119659424
Epoch: 212, Loss: 5.785821914672852
Epoch: 213, Loss: 5.773715019226074
Epoch: 214, Loss: 5.785229682922363
Epoch: 215, Loss: 5.785899639129639
Epoch: 216, Loss: 5.780894756317139
Epoch: 217, Loss: 5.7689127922058105
Epoch: 218, Loss: 5.759169578552246
Epoch: 219, Loss: 5.771693706512451
Epoch: 220, Loss: 5.769798278808594
Test acc: 0.0035, IC acc: 0.0051, IC acc2: 0.0027, IW acc: 0.0027
Epoch: 221, Loss: 5.784577369689941
Epoch: 222, Loss: 5.789994239807129
Epoch: 223, Loss: 5.762205600738525
Epoch: 224, Loss: 5.785700798034668
Epoch: 225, Loss: 5.760031700134277
Epoch: 226, Loss: 5.7727861404418945
Epoch: 227, Loss: 5.762897491455078
Epoch: 228, Loss: 5.792515754699707
Epoch: 229, Loss: 5.781061172485352
Epoch: 230, Loss: 5.768704414367676
Test acc: 0.0035, IC acc: 0.005, IC acc2: 0.0027, IW acc: 0.0027
Epoch: 231, Loss: 5.77167272567749
Epoch: 232, Loss: 5.774754524230957
Epoch: 233, Loss: 5.7871599197387695
Epoch: 234, Loss: 5.771270275115967
Epoch: 235, Loss: 5.777087211608887
Epoch: 236, Loss: 5.7620086669921875
Epoch: 237, Loss: 5.778670787811279
Epoch: 238, Loss: 5.763834476470947
Epoch: 239, Loss: 5.764090061187744
Epoch: 240, Loss: 5.769377708435059
Test acc: 0.0036, IC acc: 0.005, IC acc2: 0.0026, IW acc: 0.0027
Epoch: 241, Loss: 5.757635116577148
Epoch: 242, Loss: 5.780428886413574
Epoch: 243, Loss: 5.775814056396484
Epoch: 244, Loss: 5.74865198135376
Epoch: 245, Loss: 5.771112442016602
Epoch: 246, Loss: 5.775228023529053
Epoch: 247, Loss: 5.7653045654296875
Epoch: 248, Loss: 5.777900695800781
Epoch: 249, Loss: 5.77833366394043
./circuit_plots/Unrestricted Disentangled|Readout|CN=3|B0=3|B1=3|K=1280|L=320|p_B=0.75|p_C=0.75|B=2|eps=0|c5cf5f29-0828-4665-8316-69edf18d12bd/ already exists.
./circuit_plots/Unrestricted Disentangled|Readout|CN=3|B0=3|B1=3|K=1280|L=320|p_B=0.75|p_C=0.75|B=2|eps=0|c5cf5f29-0828-4665-8316-69edf18d12bd/ already exists.
./circuit_plots/Unrestricted Disentangled|Readout|CN=3|B0=3|B1=3|K=1280|L=320|p_B=0.75|p_C=0.75|B=2|eps=0|c5cf5f29-0828-4665-8316-69edf18d12bd/ already exists.
./circuit_plots/Unrestricted Disentangled|Readout|CN=3|B0=3|B1=3|K=1280|L=320|p_B=0.75|p_C=0.75|B=2|eps=0|c5cf5f29-0828-4665-8316-69edf18d12bd/ already exists.
./circuit_plots/Unrestricted Disentangled|Readout|CN=3|B0=3|B1=3|K=1280|L=320|p_B=0.75|p_C=0.75|B=2|eps=0|c5cf5f29-0828-4665-8316-69edf18d12bd/ already exists.
./circuit_plots/Unrestricted Disentangled|Readout|CN=3|B0=3|B1=3|K=1280|L=320|p_B=0.75|p_C=0.75|B=2|eps=0|c5cf5f29-0828-4665-8316-69edf18d12bd/ already exists.
./circuit_plots/Unrestricted Disentangled|Readout|CN=3|B0=3|B1=3|K=1280|L=320|p_B=0.75|p_C=0.75|B=2|eps=0|c5cf5f29-0828-4665-8316-69edf18d12bd/ already exists.
Epoch: 250, Loss: 5.777120590209961
Test acc: 0.0036, IC acc: 0.005, IC acc2: 0.0026, IW acc: 0.0025
Epoch: 251, Loss: 5.746564865112305
Epoch: 252, Loss: 5.755507946014404
Epoch: 253, Loss: 5.7816619873046875
Epoch: 254, Loss: 5.7870378494262695
Epoch: 255, Loss: 5.781131267547607
Epoch: 256, Loss: 5.772791862487793
Epoch: 257, Loss: 5.779694557189941
Epoch: 258, Loss: 5.794577121734619
Epoch: 259, Loss: 5.761771202087402
Epoch: 260, Loss: 5.770998954772949
Test acc: 0.0036, IC acc: 0.005, IC acc2: 0.0026, IW acc: 0.0025
Epoch: 261, Loss: 5.771238803863525
Epoch: 262, Loss: 5.77000617980957
Epoch: 263, Loss: 5.7864227294921875
Epoch: 264, Loss: 5.786472797393799
Epoch: 265, Loss: 5.763078689575195
Epoch: 266, Loss: 5.76876974105835
Epoch: 267, Loss: 5.770510196685791
Epoch: 268, Loss: 5.778499603271484
Epoch: 269, Loss: 5.779026985168457
Epoch: 270, Loss: 5.769940376281738
Test acc: 0.0036, IC acc: 0.005, IC acc2: 0.0026, IW acc: 0.0025
Epoch: 271, Loss: 5.777463912963867
Epoch: 272, Loss: 5.784001350402832
Epoch: 273, Loss: 5.767316818237305
Epoch: 274, Loss: 5.780325412750244
Epoch: 275, Loss: 5.762434482574463
Epoch: 276, Loss: 5.771976470947266
Epoch: 277, Loss: 5.768352031707764
Epoch: 278, Loss: 5.757203102111816
Epoch: 279, Loss: 5.750962257385254
Epoch: 280, Loss: 5.764252662658691
Test acc: 0.0036, IC acc: 0.005, IC acc2: 0.0026, IW acc: 0.0025
Epoch: 281, Loss: 5.771537780761719
Epoch: 282, Loss: 5.764001369476318
Epoch: 283, Loss: 5.76763916015625
Epoch: 284, Loss: 5.786738872528076
Epoch: 285, Loss: 5.76984977722168
Epoch: 286, Loss: 5.781485080718994
Epoch: 287, Loss: 5.762138843536377
Epoch: 288, Loss: 5.773036479949951
Epoch: 289, Loss: 5.768429756164551
Epoch: 290, Loss: 5.772284030914307
Test acc: 0.0036, IC acc: 0.005, IC acc2: 0.0026, IW acc: 0.0025
Epoch: 291, Loss: 5.768352508544922
Epoch: 292, Loss: 5.77001953125
Epoch: 293, Loss: 5.789792060852051
Epoch: 294, Loss: 5.7866129875183105
Epoch: 295, Loss: 5.770336627960205
Epoch: 296, Loss: 5.781850337982178
Epoch: 297, Loss: 5.776760101318359
Epoch: 298, Loss: 5.769413471221924
Epoch: 299, Loss: 5.756163597106934
./circuit_plots/Unrestricted Disentangled|Readout|CN=3|B0=3|B1=3|K=1280|L=320|p_B=0.75|p_C=0.75|B=2|eps=0|c5cf5f29-0828-4665-8316-69edf18d12bd/ already exists.
./circuit_plots/Unrestricted Disentangled|Readout|CN=3|B0=3|B1=3|K=1280|L=320|p_B=0.75|p_C=0.75|B=2|eps=0|c5cf5f29-0828-4665-8316-69edf18d12bd/ already exists.
./circuit_plots/Unrestricted Disentangled|Readout|CN=3|B0=3|B1=3|K=1280|L=320|p_B=0.75|p_C=0.75|B=2|eps=0|c5cf5f29-0828-4665-8316-69edf18d12bd/ already exists.
./circuit_plots/Unrestricted Disentangled|Readout|CN=3|B0=3|B1=3|K=1280|L=320|p_B=0.75|p_C=0.75|B=2|eps=0|c5cf5f29-0828-4665-8316-69edf18d12bd/ already exists.
./circuit_plots/Unrestricted Disentangled|Readout|CN=3|B0=3|B1=3|K=1280|L=320|p_B=0.75|p_C=0.75|B=2|eps=0|c5cf5f29-0828-4665-8316-69edf18d12bd/ already exists.
./circuit_plots/Unrestricted Disentangled|Readout|CN=3|B0=3|B1=3|K=1280|L=320|p_B=0.75|p_C=0.75|B=2|eps=0|c5cf5f29-0828-4665-8316-69edf18d12bd/ already exists.
./circuit_plots/Unrestricted Disentangled|Readout|CN=3|B0=3|B1=3|K=1280|L=320|p_B=0.75|p_C=0.75|B=2|eps=0|c5cf5f29-0828-4665-8316-69edf18d12bd/ already exists.
Epoch: 300, Loss: 5.773377895355225
Test acc: 0.0036, IC acc: 0.0051, IC acc2: 0.0026, IW acc: 0.0026
Epoch: 301, Loss: 5.778847694396973
Epoch: 302, Loss: 5.782034873962402
Epoch: 303, Loss: 5.767268180847168
Epoch: 304, Loss: 5.765722751617432
Epoch: 305, Loss: 5.766997814178467
Epoch: 306, Loss: 5.77227783203125
Epoch: 307, Loss: 5.769528388977051
Epoch: 308, Loss: 5.765285491943359
Epoch: 309, Loss: 5.764052391052246
Epoch: 310, Loss: 5.777216911315918
Test acc: 0.0036, IC acc: 0.005, IC acc2: 0.0026, IW acc: 0.0026
Epoch: 311, Loss: 5.776464462280273
Epoch: 312, Loss: 5.775081634521484
Epoch: 313, Loss: 5.771520614624023
Epoch: 314, Loss: 5.766318321228027
Epoch: 315, Loss: 5.774174690246582
Epoch: 316, Loss: 5.783246994018555
Epoch: 317, Loss: 5.786005020141602
Epoch: 318, Loss: 5.767037391662598
Epoch: 319, Loss: 5.769590854644775
Epoch: 320, Loss: 5.788002014160156
Test acc: 0.0036, IC acc: 0.0051, IC acc2: 0.0026, IW acc: 0.0026
Epoch: 321, Loss: 5.791973114013672
Epoch: 322, Loss: 5.764513969421387
Epoch: 323, Loss: 5.770138740539551
Epoch: 324, Loss: 5.771360874176025
Epoch: 325, Loss: 5.762795448303223
Epoch: 326, Loss: 5.779127597808838
Epoch: 327, Loss: 5.764805316925049
Epoch: 328, Loss: 5.758177757263184
Epoch: 329, Loss: 5.768683910369873
Epoch: 330, Loss: 5.7759246826171875
Test acc: 0.0037, IC acc: 0.0051, IC acc2: 0.0026, IW acc: 0.0027
Epoch: 331, Loss: 5.766815185546875
Epoch: 332, Loss: 5.763710021972656
Epoch: 333, Loss: 5.778623580932617
Epoch: 334, Loss: 5.763454914093018
Epoch: 335, Loss: 5.781402111053467
Epoch: 336, Loss: 5.768677711486816
Epoch: 337, Loss: 5.767155647277832
Epoch: 338, Loss: 5.774104118347168
Epoch: 339, Loss: 5.753371715545654
Epoch: 340, Loss: 5.749697685241699
Test acc: 0.0037, IC acc: 0.0051, IC acc2: 0.0026, IW acc: 0.0026
Epoch: 341, Loss: 5.782131195068359
Epoch: 342, Loss: 5.7744526863098145
Epoch: 343, Loss: 5.784210681915283
Epoch: 344, Loss: 5.761117935180664
Epoch: 345, Loss: 5.768746376037598
Epoch: 346, Loss: 5.7638444900512695
Epoch: 347, Loss: 5.760721206665039
Epoch: 348, Loss: 5.77076530456543
Epoch: 349, Loss: 5.780951499938965
./circuit_plots/Unrestricted Disentangled|Readout|CN=3|B0=3|B1=3|K=1280|L=320|p_B=0.75|p_C=0.75|B=2|eps=0|c5cf5f29-0828-4665-8316-69edf18d12bd/ already exists.
./circuit_plots/Unrestricted Disentangled|Readout|CN=3|B0=3|B1=3|K=1280|L=320|p_B=0.75|p_C=0.75|B=2|eps=0|c5cf5f29-0828-4665-8316-69edf18d12bd/ already exists.
./circuit_plots/Unrestricted Disentangled|Readout|CN=3|B0=3|B1=3|K=1280|L=320|p_B=0.75|p_C=0.75|B=2|eps=0|c5cf5f29-0828-4665-8316-69edf18d12bd/ already exists.
./circuit_plots/Unrestricted Disentangled|Readout|CN=3|B0=3|B1=3|K=1280|L=320|p_B=0.75|p_C=0.75|B=2|eps=0|c5cf5f29-0828-4665-8316-69edf18d12bd/ already exists.
./circuit_plots/Unrestricted Disentangled|Readout|CN=3|B0=3|B1=3|K=1280|L=320|p_B=0.75|p_C=0.75|B=2|eps=0|c5cf5f29-0828-4665-8316-69edf18d12bd/ already exists.
./circuit_plots/Unrestricted Disentangled|Readout|CN=3|B0=3|B1=3|K=1280|L=320|p_B=0.75|p_C=0.75|B=2|eps=0|c5cf5f29-0828-4665-8316-69edf18d12bd/ already exists.
./circuit_plots/Unrestricted Disentangled|Readout|CN=3|B0=3|B1=3|K=1280|L=320|p_B=0.75|p_C=0.75|B=2|eps=0|c5cf5f29-0828-4665-8316-69edf18d12bd/ already exists.
Epoch: 350, Loss: 5.77666711807251
Test acc: 0.0038, IC acc: 0.0051, IC acc2: 0.0026, IW acc: 0.0027
Epoch: 351, Loss: 5.77301025390625
Epoch: 352, Loss: 5.760552883148193
Epoch: 353, Loss: 5.757396221160889
Epoch: 354, Loss: 5.780642986297607
Epoch: 355, Loss: 5.791043281555176
Epoch: 356, Loss: 5.79081916809082
Epoch: 357, Loss: 5.790312767028809
Epoch: 358, Loss: 5.761094093322754
Epoch: 359, Loss: 5.780671119689941
Epoch: 360, Loss: 5.778087615966797
Test acc: 0.0038, IC acc: 0.0051, IC acc2: 0.0026, IW acc: 0.0026
Epoch: 361, Loss: 5.7747111320495605
Epoch: 362, Loss: 5.771581649780273
Epoch: 363, Loss: 5.785882472991943
Epoch: 364, Loss: 5.753997802734375
Epoch: 365, Loss: 5.747481822967529
Epoch: 366, Loss: 5.7778096199035645
Epoch: 367, Loss: 5.7566986083984375
Epoch: 368, Loss: 5.761192321777344
Epoch: 369, Loss: 5.780750274658203
Epoch: 370, Loss: 5.775069236755371
Test acc: 0.0038, IC acc: 0.0051, IC acc2: 0.0026, IW acc: 0.0025
Epoch: 371, Loss: 5.783397674560547
Epoch: 372, Loss: 5.762524127960205
Epoch: 373, Loss: 5.786726951599121
Epoch: 374, Loss: 5.761782646179199
Epoch: 375, Loss: 5.773698329925537
Epoch: 376, Loss: 5.764338493347168
Epoch: 377, Loss: 5.774211883544922
Epoch: 378, Loss: 5.787956237792969
Epoch: 379, Loss: 5.779333114624023
Epoch: 380, Loss: 5.768891334533691
Test acc: 0.0038, IC acc: 0.005, IC acc2: 0.0026, IW acc: 0.0025
Epoch: 381, Loss: 5.776745796203613
Epoch: 382, Loss: 5.795742988586426
Epoch: 383, Loss: 5.78054666519165
Epoch: 384, Loss: 5.762326717376709
Epoch: 385, Loss: 5.7852067947387695
Epoch: 386, Loss: 5.765135765075684
Epoch: 387, Loss: 5.762507438659668
Epoch: 388, Loss: 5.777268886566162
Epoch: 389, Loss: 5.7700066566467285
Epoch: 390, Loss: 5.759540557861328
Test acc: 0.0038, IC acc: 0.0051, IC acc2: 0.0026, IW acc: 0.0025
Epoch: 391, Loss: 5.779428958892822
Epoch: 392, Loss: 5.771849155426025
Epoch: 393, Loss: 5.775156021118164
Epoch: 394, Loss: 5.775912284851074
Epoch: 395, Loss: 5.78939151763916
Epoch: 396, Loss: 5.773529052734375
Epoch: 397, Loss: 5.77236270904541
Epoch: 398, Loss: 5.765920162200928
Epoch: 399, Loss: 5.78516960144043
./circuit_plots/Unrestricted Disentangled|Readout|CN=3|B0=3|B1=3|K=1280|L=320|p_B=0.75|p_C=0.75|B=2|eps=0|c5cf5f29-0828-4665-8316-69edf18d12bd/ already exists.
./circuit_plots/Unrestricted Disentangled|Readout|CN=3|B0=3|B1=3|K=1280|L=320|p_B=0.75|p_C=0.75|B=2|eps=0|c5cf5f29-0828-4665-8316-69edf18d12bd/ already exists.
./circuit_plots/Unrestricted Disentangled|Readout|CN=3|B0=3|B1=3|K=1280|L=320|p_B=0.75|p_C=0.75|B=2|eps=0|c5cf5f29-0828-4665-8316-69edf18d12bd/ already exists.
./circuit_plots/Unrestricted Disentangled|Readout|CN=3|B0=3|B1=3|K=1280|L=320|p_B=0.75|p_C=0.75|B=2|eps=0|c5cf5f29-0828-4665-8316-69edf18d12bd/ already exists.
./circuit_plots/Unrestricted Disentangled|Readout|CN=3|B0=3|B1=3|K=1280|L=320|p_B=0.75|p_C=0.75|B=2|eps=0|c5cf5f29-0828-4665-8316-69edf18d12bd/ already exists.
./circuit_plots/Unrestricted Disentangled|Readout|CN=3|B0=3|B1=3|K=1280|L=320|p_B=0.75|p_C=0.75|B=2|eps=0|c5cf5f29-0828-4665-8316-69edf18d12bd/ already exists.
./circuit_plots/Unrestricted Disentangled|Readout|CN=3|B0=3|B1=3|K=1280|L=320|p_B=0.75|p_C=0.75|B=2|eps=0|c5cf5f29-0828-4665-8316-69edf18d12bd/ already exists.
Epoch: 400, Loss: 5.779578685760498
Test acc: 0.0038, IC acc: 0.005, IC acc2: 0.0026, IW acc: 0.0025
Epoch: 401, Loss: 5.770957946777344
Epoch: 402, Loss: 5.770918846130371
Epoch: 403, Loss: 5.772739887237549
Epoch: 404, Loss: 5.774890899658203
Epoch: 405, Loss: 5.769500732421875
Epoch: 406, Loss: 5.769845008850098
Epoch: 407, Loss: 5.782380104064941
Epoch: 408, Loss: 5.767329216003418
Epoch: 409, Loss: 5.75141716003418
Epoch: 410, Loss: 5.769715309143066
Test acc: 0.0038, IC acc: 0.005, IC acc2: 0.0026, IW acc: 0.0025
Epoch: 411, Loss: 5.774947166442871
Epoch: 412, Loss: 5.764719009399414
Epoch: 413, Loss: 5.775470733642578
Epoch: 414, Loss: 5.780545234680176
Epoch: 415, Loss: 5.756813049316406
Epoch: 416, Loss: 5.762893199920654
Epoch: 417, Loss: 5.795814514160156
Epoch: 418, Loss: 5.772039413452148
Epoch: 419, Loss: 5.787750244140625
Epoch: 420, Loss: 5.757181644439697
Test acc: 0.0038, IC acc: 0.0051, IC acc2: 0.0026, IW acc: 0.0025
Epoch: 421, Loss: 5.771330833435059
Epoch: 422, Loss: 5.775670051574707
Epoch: 423, Loss: 5.768904685974121
Epoch: 424, Loss: 5.781237602233887
Epoch: 425, Loss: 5.782363414764404
Epoch: 426, Loss: 5.775822639465332
Epoch: 427, Loss: 5.768280982971191
Epoch: 428, Loss: 5.77689266204834
Epoch: 429, Loss: 5.777827739715576
Epoch: 430, Loss: 5.786972999572754
Test acc: 0.0038, IC acc: 0.0051, IC acc2: 0.0026, IW acc: 0.0025
Epoch: 431, Loss: 5.772477149963379
Epoch: 432, Loss: 5.757152557373047
Epoch: 433, Loss: 5.765597343444824
Epoch: 434, Loss: 5.764403343200684
Epoch: 435, Loss: 5.761502265930176
Epoch: 436, Loss: 5.759176254272461
Epoch: 437, Loss: 5.770618438720703
Epoch: 438, Loss: 5.772829055786133
Epoch: 439, Loss: 5.766528129577637
Epoch: 440, Loss: 5.778412818908691
Test acc: 0.0038, IC acc: 0.0052, IC acc2: 0.0026, IW acc: 0.0025
Epoch: 441, Loss: 5.772869110107422
Epoch: 442, Loss: 5.773096084594727
Epoch: 443, Loss: 5.792715072631836
Epoch: 444, Loss: 5.771484375
Epoch: 445, Loss: 5.763216495513916
Epoch: 446, Loss: 5.762487411499023
Epoch: 447, Loss: 5.769946575164795
Epoch: 448, Loss: 5.7701191902160645
Epoch: 449, Loss: 5.772134780883789
./circuit_plots/Unrestricted Disentangled|Readout|CN=3|B0=3|B1=3|K=1280|L=320|p_B=0.75|p_C=0.75|B=2|eps=0|c5cf5f29-0828-4665-8316-69edf18d12bd/ already exists.
./circuit_plots/Unrestricted Disentangled|Readout|CN=3|B0=3|B1=3|K=1280|L=320|p_B=0.75|p_C=0.75|B=2|eps=0|c5cf5f29-0828-4665-8316-69edf18d12bd/ already exists.
./circuit_plots/Unrestricted Disentangled|Readout|CN=3|B0=3|B1=3|K=1280|L=320|p_B=0.75|p_C=0.75|B=2|eps=0|c5cf5f29-0828-4665-8316-69edf18d12bd/ already exists.
./circuit_plots/Unrestricted Disentangled|Readout|CN=3|B0=3|B1=3|K=1280|L=320|p_B=0.75|p_C=0.75|B=2|eps=0|c5cf5f29-0828-4665-8316-69edf18d12bd/ already exists.
./circuit_plots/Unrestricted Disentangled|Readout|CN=3|B0=3|B1=3|K=1280|L=320|p_B=0.75|p_C=0.75|B=2|eps=0|c5cf5f29-0828-4665-8316-69edf18d12bd/ already exists.
./circuit_plots/Unrestricted Disentangled|Readout|CN=3|B0=3|B1=3|K=1280|L=320|p_B=0.75|p_C=0.75|B=2|eps=0|c5cf5f29-0828-4665-8316-69edf18d12bd/ already exists.
./circuit_plots/Unrestricted Disentangled|Readout|CN=3|B0=3|B1=3|K=1280|L=320|p_B=0.75|p_C=0.75|B=2|eps=0|c5cf5f29-0828-4665-8316-69edf18d12bd/ already exists.
Epoch: 450, Loss: 5.771522045135498
Test acc: 0.0038, IC acc: 0.0053, IC acc2: 0.0027, IW acc: 0.0025
Epoch: 451, Loss: 5.772419452667236
Epoch: 452, Loss: 5.759217739105225
Epoch: 453, Loss: 5.774288177490234
Epoch: 454, Loss: 5.767009258270264
Epoch: 455, Loss: 5.778225898742676
Epoch: 456, Loss: 5.76210880279541
Epoch: 457, Loss: 5.757967948913574
Epoch: 458, Loss: 5.78253173828125
Epoch: 459, Loss: 5.752805233001709
Epoch: 460, Loss: 5.760743618011475
Test acc: 0.0039, IC acc: 0.0053, IC acc2: 0.0027, IW acc: 0.0025
Epoch: 461, Loss: 5.776919364929199
Epoch: 462, Loss: 5.771018981933594
Epoch: 463, Loss: 5.783246040344238
Epoch: 464, Loss: 5.772639274597168
Epoch: 465, Loss: 5.772828102111816
Epoch: 466, Loss: 5.7671122550964355
Epoch: 467, Loss: 5.783727169036865
Epoch: 468, Loss: 5.782494068145752
Epoch: 469, Loss: 5.763073921203613
Epoch: 470, Loss: 5.755380630493164
Test acc: 0.0039, IC acc: 0.0053, IC acc2: 0.0027, IW acc: 0.0025
Epoch: 471, Loss: 5.76939582824707
Epoch: 472, Loss: 5.76417350769043
Epoch: 473, Loss: 5.7768964767456055
Epoch: 474, Loss: 5.769285678863525
Epoch: 475, Loss: 5.757341384887695
Epoch: 476, Loss: 5.786830902099609
Epoch: 477, Loss: 5.7624921798706055
Epoch: 478, Loss: 5.760697364807129
Epoch: 479, Loss: 5.771688461303711
Epoch: 480, Loss: 5.767830848693848
Test acc: 0.0039, IC acc: 0.0054, IC acc2: 0.0027, IW acc: 0.0025
Epoch: 481, Loss: 5.762873649597168
Epoch: 482, Loss: 5.770303726196289
Epoch: 483, Loss: 5.772434234619141
Epoch: 484, Loss: 5.76838493347168
Epoch: 485, Loss: 5.767843723297119
Epoch: 486, Loss: 5.76801061630249
Epoch: 487, Loss: 5.757823944091797
Epoch: 488, Loss: 5.763848304748535
Epoch: 489, Loss: 5.7684783935546875
Epoch: 490, Loss: 5.777942180633545
Test acc: 0.0039, IC acc: 0.0054, IC acc2: 0.0028, IW acc: 0.0025
Epoch: 491, Loss: 5.7760467529296875
Epoch: 492, Loss: 5.777982711791992
Epoch: 493, Loss: 5.76392126083374
Epoch: 494, Loss: 5.762287139892578
Epoch: 495, Loss: 5.753538131713867
Epoch: 496, Loss: 5.758999824523926
Epoch: 497, Loss: 5.7521209716796875
Epoch: 498, Loss: 5.764690399169922
Epoch: 499, Loss: 5.779217720031738
./circuit_plots/Unrestricted Disentangled|Readout|CN=3|B0=3|B1=3|K=1280|L=320|p_B=0.75|p_C=0.75|B=2|eps=0|c5cf5f29-0828-4665-8316-69edf18d12bd/ already exists.
./circuit_plots/Unrestricted Disentangled|Readout|CN=3|B0=3|B1=3|K=1280|L=320|p_B=0.75|p_C=0.75|B=2|eps=0|c5cf5f29-0828-4665-8316-69edf18d12bd/ already exists.
./circuit_plots/Unrestricted Disentangled|Readout|CN=3|B0=3|B1=3|K=1280|L=320|p_B=0.75|p_C=0.75|B=2|eps=0|c5cf5f29-0828-4665-8316-69edf18d12bd/ already exists.
./circuit_plots/Unrestricted Disentangled|Readout|CN=3|B0=3|B1=3|K=1280|L=320|p_B=0.75|p_C=0.75|B=2|eps=0|c5cf5f29-0828-4665-8316-69edf18d12bd/ already exists.
./circuit_plots/Unrestricted Disentangled|Readout|CN=3|B0=3|B1=3|K=1280|L=320|p_B=0.75|p_C=0.75|B=2|eps=0|c5cf5f29-0828-4665-8316-69edf18d12bd/ already exists.
./circuit_plots/Unrestricted Disentangled|Readout|CN=3|B0=3|B1=3|K=1280|L=320|p_B=0.75|p_C=0.75|B=2|eps=0|c5cf5f29-0828-4665-8316-69edf18d12bd/ already exists.
./circuit_plots/Unrestricted Disentangled|Readout|CN=3|B0=3|B1=3|K=1280|L=320|p_B=0.75|p_C=0.75|B=2|eps=0|c5cf5f29-0828-4665-8316-69edf18d12bd/ already exists.
Epoch: 500, Loss: 5.778555393218994
Test acc: 0.0039, IC acc: 0.0054, IC acc2: 0.0027, IW acc: 0.0025
Epoch: 501, Loss: 5.763744354248047
Epoch: 502, Loss: 5.768978118896484
Epoch: 503, Loss: 5.773432731628418
Epoch: 504, Loss: 5.7691144943237305
Epoch: 505, Loss: 5.774966239929199
Epoch: 506, Loss: 5.765770435333252
Epoch: 507, Loss: 5.773138046264648
Epoch: 508, Loss: 5.767239570617676
Epoch: 509, Loss: 5.778531551361084
Epoch: 510, Loss: 5.764570713043213
Test acc: 0.0039, IC acc: 0.0054, IC acc2: 0.0028, IW acc: 0.0025
Epoch: 511, Loss: 5.776651859283447
Epoch: 512, Loss: 5.754420280456543
Epoch: 513, Loss: 5.768770217895508
Epoch: 514, Loss: 5.771275520324707
Epoch: 515, Loss: 5.761303901672363
Epoch: 516, Loss: 5.753749847412109
Epoch: 517, Loss: 5.772952079772949
Epoch: 518, Loss: 5.770292282104492
Epoch: 519, Loss: 5.750938415527344
Epoch: 520, Loss: 5.771667003631592
Test acc: 0.0039, IC acc: 0.0054, IC acc2: 0.0029, IW acc: 0.0025
Epoch: 521, Loss: 5.772590637207031
Epoch: 522, Loss: 5.768913269042969
Epoch: 523, Loss: 5.775812149047852
Epoch: 524, Loss: 5.760448455810547
Epoch: 525, Loss: 5.760968208312988
Epoch: 526, Loss: 5.766663551330566
Epoch: 527, Loss: 5.770052909851074
Epoch: 528, Loss: 5.759939193725586
Epoch: 529, Loss: 5.756563186645508
Epoch: 530, Loss: 5.763294219970703
Test acc: 0.0039, IC acc: 0.0055, IC acc2: 0.0028, IW acc: 0.0025
Epoch: 531, Loss: 5.758750915527344
Epoch: 532, Loss: 5.76352596282959
Epoch: 533, Loss: 5.782736301422119
Epoch: 534, Loss: 5.7656474113464355
Epoch: 535, Loss: 5.768572807312012
Epoch: 536, Loss: 5.769728183746338
Epoch: 537, Loss: 5.771236419677734
Epoch: 538, Loss: 5.7725372314453125
Epoch: 539, Loss: 5.771580696105957
Epoch: 540, Loss: 5.774526596069336
Test acc: 0.0039, IC acc: 0.0054, IC acc2: 0.0029, IW acc: 0.0025
Epoch: 541, Loss: 5.741013526916504
Epoch: 542, Loss: 5.7577714920043945
Epoch: 543, Loss: 5.753202438354492
Epoch: 544, Loss: 5.757340908050537
Epoch: 545, Loss: 5.756932258605957
Epoch: 546, Loss: 5.776324272155762
Epoch: 547, Loss: 5.773008346557617
Epoch: 548, Loss: 5.764977931976318
Epoch: 549, Loss: 5.778814792633057
./circuit_plots/Unrestricted Disentangled|Readout|CN=3|B0=3|B1=3|K=1280|L=320|p_B=0.75|p_C=0.75|B=2|eps=0|c5cf5f29-0828-4665-8316-69edf18d12bd/ already exists.
./circuit_plots/Unrestricted Disentangled|Readout|CN=3|B0=3|B1=3|K=1280|L=320|p_B=0.75|p_C=0.75|B=2|eps=0|c5cf5f29-0828-4665-8316-69edf18d12bd/ already exists.
./circuit_plots/Unrestricted Disentangled|Readout|CN=3|B0=3|B1=3|K=1280|L=320|p_B=0.75|p_C=0.75|B=2|eps=0|c5cf5f29-0828-4665-8316-69edf18d12bd/ already exists.
./circuit_plots/Unrestricted Disentangled|Readout|CN=3|B0=3|B1=3|K=1280|L=320|p_B=0.75|p_C=0.75|B=2|eps=0|c5cf5f29-0828-4665-8316-69edf18d12bd/ already exists.
./circuit_plots/Unrestricted Disentangled|Readout|CN=3|B0=3|B1=3|K=1280|L=320|p_B=0.75|p_C=0.75|B=2|eps=0|c5cf5f29-0828-4665-8316-69edf18d12bd/ already exists.
./circuit_plots/Unrestricted Disentangled|Readout|CN=3|B0=3|B1=3|K=1280|L=320|p_B=0.75|p_C=0.75|B=2|eps=0|c5cf5f29-0828-4665-8316-69edf18d12bd/ already exists.
./circuit_plots/Unrestricted Disentangled|Readout|CN=3|B0=3|B1=3|K=1280|L=320|p_B=0.75|p_C=0.75|B=2|eps=0|c5cf5f29-0828-4665-8316-69edf18d12bd/ already exists.
Epoch: 550, Loss: 5.763004302978516
Test acc: 0.0039, IC acc: 0.0054, IC acc2: 0.0029, IW acc: 0.0025
Epoch: 551, Loss: 5.756555080413818
Epoch: 552, Loss: 5.779463768005371
Epoch: 553, Loss: 5.773248672485352
Epoch: 554, Loss: 5.778944969177246
Epoch: 555, Loss: 5.768409252166748
Epoch: 556, Loss: 5.7618632316589355
Epoch: 557, Loss: 5.755921363830566
Epoch: 558, Loss: 5.776912689208984
Epoch: 559, Loss: 5.776852607727051
Epoch: 560, Loss: 5.749214172363281
Test acc: 0.0039, IC acc: 0.0055, IC acc2: 0.0028, IW acc: 0.0025
Epoch: 561, Loss: 5.778960704803467
Epoch: 562, Loss: 5.783926963806152
Epoch: 563, Loss: 5.775527477264404
Epoch: 564, Loss: 5.764385223388672
Epoch: 565, Loss: 5.792616844177246
Epoch: 566, Loss: 5.759526252746582
Epoch: 567, Loss: 5.768218994140625
Epoch: 568, Loss: 5.752924919128418
Epoch: 569, Loss: 5.756442070007324
Epoch: 570, Loss: 5.766476154327393
Test acc: 0.0039, IC acc: 0.0054, IC acc2: 0.0028, IW acc: 0.0025
Epoch: 571, Loss: 5.768129348754883
Epoch: 572, Loss: 5.7750725746154785
Epoch: 573, Loss: 5.770857810974121
Epoch: 574, Loss: 5.751843452453613
Epoch: 575, Loss: 5.765166759490967
Epoch: 576, Loss: 5.776927947998047
Epoch: 577, Loss: 5.769872665405273
Epoch: 578, Loss: 5.774750709533691
Epoch: 579, Loss: 5.772231101989746
Epoch: 580, Loss: 5.751747131347656
Test acc: 0.0039, IC acc: 0.0054, IC acc2: 0.0028, IW acc: 0.0025
Epoch: 581, Loss: 5.758742332458496
Epoch: 582, Loss: 5.767279624938965
Epoch: 583, Loss: 5.747236251831055
Epoch: 584, Loss: 5.764863967895508
Epoch: 585, Loss: 5.764201641082764
Epoch: 586, Loss: 5.7835893630981445
Epoch: 587, Loss: 5.760641098022461
Epoch: 588, Loss: 5.7557573318481445
Epoch: 589, Loss: 5.7717671394348145
Epoch: 590, Loss: 5.773865699768066
Test acc: 0.0039, IC acc: 0.0055, IC acc2: 0.0028, IW acc: 0.0025
Epoch: 591, Loss: 5.76412296295166
Epoch: 592, Loss: 5.769535064697266
Epoch: 593, Loss: 5.756546497344971
Epoch: 594, Loss: 5.780374526977539
Epoch: 595, Loss: 5.7524919509887695
Epoch: 596, Loss: 5.770669937133789
Epoch: 597, Loss: 5.772792816162109
Epoch: 598, Loss: 5.756786346435547
Epoch: 599, Loss: 5.7798075675964355
./circuit_plots/Unrestricted Disentangled|Readout|CN=3|B0=3|B1=3|K=1280|L=320|p_B=0.75|p_C=0.75|B=2|eps=0|c5cf5f29-0828-4665-8316-69edf18d12bd/ already exists.
./circuit_plots/Unrestricted Disentangled|Readout|CN=3|B0=3|B1=3|K=1280|L=320|p_B=0.75|p_C=0.75|B=2|eps=0|c5cf5f29-0828-4665-8316-69edf18d12bd/ already exists.
./circuit_plots/Unrestricted Disentangled|Readout|CN=3|B0=3|B1=3|K=1280|L=320|p_B=0.75|p_C=0.75|B=2|eps=0|c5cf5f29-0828-4665-8316-69edf18d12bd/ already exists.
./circuit_plots/Unrestricted Disentangled|Readout|CN=3|B0=3|B1=3|K=1280|L=320|p_B=0.75|p_C=0.75|B=2|eps=0|c5cf5f29-0828-4665-8316-69edf18d12bd/ already exists.
./circuit_plots/Unrestricted Disentangled|Readout|CN=3|B0=3|B1=3|K=1280|L=320|p_B=0.75|p_C=0.75|B=2|eps=0|c5cf5f29-0828-4665-8316-69edf18d12bd/ already exists.
./circuit_plots/Unrestricted Disentangled|Readout|CN=3|B0=3|B1=3|K=1280|L=320|p_B=0.75|p_C=0.75|B=2|eps=0|c5cf5f29-0828-4665-8316-69edf18d12bd/ already exists.
./circuit_plots/Unrestricted Disentangled|Readout|CN=3|B0=3|B1=3|K=1280|L=320|p_B=0.75|p_C=0.75|B=2|eps=0|c5cf5f29-0828-4665-8316-69edf18d12bd/ already exists.
Epoch: 600, Loss: 5.775168418884277
Test acc: 0.0039, IC acc: 0.0055, IC acc2: 0.0028, IW acc: 0.0025
Epoch: 601, Loss: 5.774405002593994
Epoch: 602, Loss: 5.7836174964904785
Epoch: 603, Loss: 5.768608093261719
Epoch: 604, Loss: 5.785338401794434
Epoch: 605, Loss: 5.760318279266357
Epoch: 606, Loss: 5.773418426513672
Epoch: 607, Loss: 5.777864456176758
Epoch: 608, Loss: 5.770289897918701
Epoch: 609, Loss: 5.776254653930664
Epoch: 610, Loss: 5.772326469421387
Test acc: 0.0039, IC acc: 0.0055, IC acc2: 0.0028, IW acc: 0.0025
Epoch: 611, Loss: 5.778201103210449
Epoch: 612, Loss: 5.7641143798828125
Epoch: 613, Loss: 5.763226509094238
Epoch: 614, Loss: 5.770220756530762
Epoch: 615, Loss: 5.762336730957031
Epoch: 616, Loss: 5.754241466522217
Epoch: 617, Loss: 5.750923156738281
Epoch: 618, Loss: 5.76291561126709
Epoch: 619, Loss: 5.772823333740234
Epoch: 620, Loss: 5.758950233459473
Test acc: 0.004, IC acc: 0.0055, IC acc2: 0.0029, IW acc: 0.0025
Epoch: 621, Loss: 5.756595611572266
Epoch: 622, Loss: 5.775017261505127
Epoch: 623, Loss: 5.795206069946289
Epoch: 624, Loss: 5.768692493438721
Epoch: 625, Loss: 5.772765159606934
Epoch: 626, Loss: 5.771471977233887
Epoch: 627, Loss: 5.7587971687316895
Epoch: 628, Loss: 5.762132167816162
Epoch: 629, Loss: 5.7716064453125
Epoch: 630, Loss: 5.764809608459473
Test acc: 0.004, IC acc: 0.0055, IC acc2: 0.0029, IW acc: 0.0025
Epoch: 631, Loss: 5.75317907333374
Epoch: 632, Loss: 5.7743024826049805
Epoch: 633, Loss: 5.773409843444824
Epoch: 634, Loss: 5.746995449066162
Epoch: 635, Loss: 5.757508277893066
Epoch: 636, Loss: 5.767611503601074
Epoch: 637, Loss: 5.756362438201904
Epoch: 638, Loss: 5.763664245605469
Epoch: 639, Loss: 5.773957252502441
Epoch: 640, Loss: 5.771731376647949
Test acc: 0.0039, IC acc: 0.0055, IC acc2: 0.0029, IW acc: 0.0025
Epoch: 641, Loss: 5.760028839111328
Epoch: 642, Loss: 5.769511699676514
Epoch: 643, Loss: 5.771111011505127
Epoch: 644, Loss: 5.761098861694336
Epoch: 645, Loss: 5.765881538391113
Epoch: 646, Loss: 5.754988670349121
Epoch: 647, Loss: 5.7795820236206055
Epoch: 648, Loss: 5.776350021362305
Epoch: 649, Loss: 5.775519371032715
./circuit_plots/Unrestricted Disentangled|Readout|CN=3|B0=3|B1=3|K=1280|L=320|p_B=0.75|p_C=0.75|B=2|eps=0|c5cf5f29-0828-4665-8316-69edf18d12bd/ already exists.
./circuit_plots/Unrestricted Disentangled|Readout|CN=3|B0=3|B1=3|K=1280|L=320|p_B=0.75|p_C=0.75|B=2|eps=0|c5cf5f29-0828-4665-8316-69edf18d12bd/ already exists.
./circuit_plots/Unrestricted Disentangled|Readout|CN=3|B0=3|B1=3|K=1280|L=320|p_B=0.75|p_C=0.75|B=2|eps=0|c5cf5f29-0828-4665-8316-69edf18d12bd/ already exists.
./circuit_plots/Unrestricted Disentangled|Readout|CN=3|B0=3|B1=3|K=1280|L=320|p_B=0.75|p_C=0.75|B=2|eps=0|c5cf5f29-0828-4665-8316-69edf18d12bd/ already exists.
./circuit_plots/Unrestricted Disentangled|Readout|CN=3|B0=3|B1=3|K=1280|L=320|p_B=0.75|p_C=0.75|B=2|eps=0|c5cf5f29-0828-4665-8316-69edf18d12bd/ already exists.
./circuit_plots/Unrestricted Disentangled|Readout|CN=3|B0=3|B1=3|K=1280|L=320|p_B=0.75|p_C=0.75|B=2|eps=0|c5cf5f29-0828-4665-8316-69edf18d12bd/ already exists.
./circuit_plots/Unrestricted Disentangled|Readout|CN=3|B0=3|B1=3|K=1280|L=320|p_B=0.75|p_C=0.75|B=2|eps=0|c5cf5f29-0828-4665-8316-69edf18d12bd/ already exists.
Epoch: 650, Loss: 5.772708892822266
Test acc: 0.0039, IC acc: 0.0055, IC acc2: 0.0029, IW acc: 0.0025
Epoch: 651, Loss: 5.745100021362305
Epoch: 652, Loss: 5.765509605407715
Epoch: 653, Loss: 5.748148441314697
Epoch: 654, Loss: 5.749602317810059
Epoch: 655, Loss: 5.774784564971924
Epoch: 656, Loss: 5.7700910568237305
Epoch: 657, Loss: 5.75755500793457
Epoch: 658, Loss: 5.765129566192627
Epoch: 659, Loss: 5.767496585845947
Epoch: 660, Loss: 5.7851786613464355
Test acc: 0.004, IC acc: 0.0056, IC acc2: 0.0029, IW acc: 0.0025
Epoch: 661, Loss: 5.753763675689697
Epoch: 662, Loss: 5.759259223937988
Epoch: 663, Loss: 5.767760753631592
Epoch: 664, Loss: 5.764799118041992
Epoch: 665, Loss: 5.768723964691162
Epoch: 666, Loss: 5.7560272216796875
Epoch: 667, Loss: 5.777104377746582
Epoch: 668, Loss: 5.771720886230469
Epoch: 669, Loss: 5.773484230041504
Epoch: 670, Loss: 5.753540515899658
Test acc: 0.004, IC acc: 0.0057, IC acc2: 0.0029, IW acc: 0.0025
Epoch: 671, Loss: 5.771455764770508
Epoch: 672, Loss: 5.774429798126221
Epoch: 673, Loss: 5.768922328948975
Epoch: 674, Loss: 5.765517711639404
Epoch: 675, Loss: 5.757878303527832
Epoch: 676, Loss: 5.75391960144043
Epoch: 677, Loss: 5.767880439758301
Epoch: 678, Loss: 5.78117561340332
Epoch: 679, Loss: 5.7819108963012695
Epoch: 680, Loss: 5.7688446044921875
Test acc: 0.0041, IC acc: 0.0057, IC acc2: 0.0029, IW acc: 0.0025
Epoch: 681, Loss: 5.78231954574585
Epoch: 682, Loss: 5.764180660247803
Epoch: 683, Loss: 5.754837989807129
Epoch: 684, Loss: 5.769016742706299
Epoch: 685, Loss: 5.765186309814453
Epoch: 686, Loss: 5.7695393562316895
Epoch: 687, Loss: 5.77192497253418
Epoch: 688, Loss: 5.769116401672363
Epoch: 689, Loss: 5.754302501678467
Epoch: 690, Loss: 5.766150951385498
Test acc: 0.0041, IC acc: 0.0057, IC acc2: 0.0029, IW acc: 0.0025
Epoch: 691, Loss: 5.7595319747924805
Epoch: 692, Loss: 5.756828784942627
Epoch: 693, Loss: 5.759006500244141
Epoch: 694, Loss: 5.781768321990967
Epoch: 695, Loss: 5.770476341247559
Epoch: 696, Loss: 5.751669406890869
Epoch: 697, Loss: 5.757575988769531
Epoch: 698, Loss: 5.78594446182251
Epoch: 699, Loss: 5.7736310958862305
./circuit_plots/Unrestricted Disentangled|Readout|CN=3|B0=3|B1=3|K=1280|L=320|p_B=0.75|p_C=0.75|B=2|eps=0|c5cf5f29-0828-4665-8316-69edf18d12bd/ already exists.
./circuit_plots/Unrestricted Disentangled|Readout|CN=3|B0=3|B1=3|K=1280|L=320|p_B=0.75|p_C=0.75|B=2|eps=0|c5cf5f29-0828-4665-8316-69edf18d12bd/ already exists.
./circuit_plots/Unrestricted Disentangled|Readout|CN=3|B0=3|B1=3|K=1280|L=320|p_B=0.75|p_C=0.75|B=2|eps=0|c5cf5f29-0828-4665-8316-69edf18d12bd/ already exists.
./circuit_plots/Unrestricted Disentangled|Readout|CN=3|B0=3|B1=3|K=1280|L=320|p_B=0.75|p_C=0.75|B=2|eps=0|c5cf5f29-0828-4665-8316-69edf18d12bd/ already exists.
./circuit_plots/Unrestricted Disentangled|Readout|CN=3|B0=3|B1=3|K=1280|L=320|p_B=0.75|p_C=0.75|B=2|eps=0|c5cf5f29-0828-4665-8316-69edf18d12bd/ already exists.
./circuit_plots/Unrestricted Disentangled|Readout|CN=3|B0=3|B1=3|K=1280|L=320|p_B=0.75|p_C=0.75|B=2|eps=0|c5cf5f29-0828-4665-8316-69edf18d12bd/ already exists.
./circuit_plots/Unrestricted Disentangled|Readout|CN=3|B0=3|B1=3|K=1280|L=320|p_B=0.75|p_C=0.75|B=2|eps=0|c5cf5f29-0828-4665-8316-69edf18d12bd/ already exists.
Epoch: 700, Loss: 5.7495574951171875
Test acc: 0.0041, IC acc: 0.0058, IC acc2: 0.0029, IW acc: 0.0025
Epoch: 701, Loss: 5.787434101104736
Epoch: 702, Loss: 5.768914222717285
Epoch: 703, Loss: 5.77120304107666
Epoch: 704, Loss: 5.755026340484619
Epoch: 705, Loss: 5.763117790222168
Epoch: 706, Loss: 5.788068771362305
Epoch: 707, Loss: 5.760716438293457
Epoch: 708, Loss: 5.785701751708984
Epoch: 709, Loss: 5.766324996948242
Epoch: 710, Loss: 5.7661051750183105
Test acc: 0.0041, IC acc: 0.0059, IC acc2: 0.0029, IW acc: 0.0026
Epoch: 711, Loss: 5.761479377746582
Epoch: 712, Loss: 5.765728950500488
Epoch: 713, Loss: 5.769865989685059
Epoch: 714, Loss: 5.772736549377441
Epoch: 715, Loss: 5.778725624084473
Epoch: 716, Loss: 5.755987167358398
Epoch: 717, Loss: 5.7738037109375
Epoch: 718, Loss: 5.78012752532959
Epoch: 719, Loss: 5.778423309326172
Epoch: 720, Loss: 5.782707214355469
Test acc: 0.0043, IC acc: 0.006, IC acc2: 0.0029, IW acc: 0.0025
Epoch: 721, Loss: 5.773351192474365
Epoch: 722, Loss: 5.768474578857422
Epoch: 723, Loss: 5.765612602233887
Epoch: 724, Loss: 5.756391525268555
Epoch: 725, Loss: 5.769402503967285
Epoch: 726, Loss: 5.76231050491333
Epoch: 727, Loss: 5.778955936431885
Epoch: 728, Loss: 5.774058818817139
Epoch: 729, Loss: 5.765135765075684
Epoch: 730, Loss: 5.767673492431641
Test acc: 0.0043, IC acc: 0.0061, IC acc2: 0.0029, IW acc: 0.0025
Epoch: 731, Loss: 5.780582427978516
Epoch: 732, Loss: 5.7644548416137695
Epoch: 733, Loss: 5.774949073791504
Epoch: 734, Loss: 5.773887634277344
Epoch: 735, Loss: 5.7525835037231445
Epoch: 736, Loss: 5.752438545227051
Epoch: 737, Loss: 5.765515327453613
Epoch: 738, Loss: 5.76292610168457
Epoch: 739, Loss: 5.766180992126465
Epoch: 740, Loss: 5.775887966156006
Test acc: 0.0044, IC acc: 0.0061, IC acc2: 0.0029, IW acc: 0.0025
Epoch: 741, Loss: 5.760921478271484
Epoch: 742, Loss: 5.764217376708984
Epoch: 743, Loss: 5.767641067504883
Epoch: 744, Loss: 5.750593185424805
Epoch: 745, Loss: 5.761260032653809
Epoch: 746, Loss: 5.762889862060547
Epoch: 747, Loss: 5.7690324783325195
Epoch: 748, Loss: 5.768918037414551
Epoch: 749, Loss: 5.780238151550293
./circuit_plots/Unrestricted Disentangled|Readout|CN=3|B0=3|B1=3|K=1280|L=320|p_B=0.75|p_C=0.75|B=2|eps=0|c5cf5f29-0828-4665-8316-69edf18d12bd/ already exists.
./circuit_plots/Unrestricted Disentangled|Readout|CN=3|B0=3|B1=3|K=1280|L=320|p_B=0.75|p_C=0.75|B=2|eps=0|c5cf5f29-0828-4665-8316-69edf18d12bd/ already exists.
./circuit_plots/Unrestricted Disentangled|Readout|CN=3|B0=3|B1=3|K=1280|L=320|p_B=0.75|p_C=0.75|B=2|eps=0|c5cf5f29-0828-4665-8316-69edf18d12bd/ already exists.
./circuit_plots/Unrestricted Disentangled|Readout|CN=3|B0=3|B1=3|K=1280|L=320|p_B=0.75|p_C=0.75|B=2|eps=0|c5cf5f29-0828-4665-8316-69edf18d12bd/ already exists.
./circuit_plots/Unrestricted Disentangled|Readout|CN=3|B0=3|B1=3|K=1280|L=320|p_B=0.75|p_C=0.75|B=2|eps=0|c5cf5f29-0828-4665-8316-69edf18d12bd/ already exists.
./circuit_plots/Unrestricted Disentangled|Readout|CN=3|B0=3|B1=3|K=1280|L=320|p_B=0.75|p_C=0.75|B=2|eps=0|c5cf5f29-0828-4665-8316-69edf18d12bd/ already exists.
./circuit_plots/Unrestricted Disentangled|Readout|CN=3|B0=3|B1=3|K=1280|L=320|p_B=0.75|p_C=0.75|B=2|eps=0|c5cf5f29-0828-4665-8316-69edf18d12bd/ already exists.
Epoch: 750, Loss: 5.753133773803711
Test acc: 0.0044, IC acc: 0.0061, IC acc2: 0.0029, IW acc: 0.0026
Epoch: 751, Loss: 5.77401876449585
Epoch: 752, Loss: 5.7649359703063965
Epoch: 753, Loss: 5.770431041717529
Epoch: 754, Loss: 5.759659767150879
Epoch: 755, Loss: 5.749547481536865
Epoch: 756, Loss: 5.772926330566406
Epoch: 757, Loss: 5.762022972106934
Epoch: 758, Loss: 5.747239112854004
Epoch: 759, Loss: 5.760446548461914
Epoch: 760, Loss: 5.754882335662842
Test acc: 0.0045, IC acc: 0.0061, IC acc2: 0.0029, IW acc: 0.0026
Epoch: 761, Loss: 5.754941463470459
Epoch: 762, Loss: 5.772686004638672
Epoch: 763, Loss: 5.762030601501465
Epoch: 764, Loss: 5.770097732543945
Epoch: 765, Loss: 5.771105766296387
Epoch: 766, Loss: 5.767242431640625
Epoch: 767, Loss: 5.778014183044434
Epoch: 768, Loss: 5.763975143432617
Epoch: 769, Loss: 5.764883995056152
Epoch: 770, Loss: 5.774243354797363
Test acc: 0.0044, IC acc: 0.0062, IC acc2: 0.0029, IW acc: 0.0025
Epoch: 771, Loss: 5.762456893920898
Epoch: 772, Loss: 5.757390022277832
Epoch: 773, Loss: 5.760730743408203
Epoch: 774, Loss: 5.770617961883545
Epoch: 775, Loss: 5.76375675201416
Epoch: 776, Loss: 5.762210845947266
Epoch: 777, Loss: 5.7620849609375
Epoch: 778, Loss: 5.773736000061035
Epoch: 779, Loss: 5.761684417724609
Epoch: 780, Loss: 5.751821517944336
Test acc: 0.0044, IC acc: 0.0062, IC acc2: 0.0029, IW acc: 0.0025
Epoch: 781, Loss: 5.767387866973877
Epoch: 782, Loss: 5.775626182556152
Epoch: 783, Loss: 5.749452114105225
Epoch: 784, Loss: 5.759767055511475
Epoch: 785, Loss: 5.75340461730957
Epoch: 786, Loss: 5.766158103942871
Epoch: 787, Loss: 5.771892547607422
Epoch: 788, Loss: 5.785285472869873
Epoch: 789, Loss: 5.765296936035156
Epoch: 790, Loss: 5.75736665725708
Test acc: 0.0045, IC acc: 0.0062, IC acc2: 0.0029, IW acc: 0.0025
Epoch: 791, Loss: 5.766242504119873
Epoch: 792, Loss: 5.7727861404418945
Epoch: 793, Loss: 5.776348114013672
Epoch: 794, Loss: 5.761928558349609
Epoch: 795, Loss: 5.763639450073242
Epoch: 796, Loss: 5.758740425109863
Epoch: 797, Loss: 5.757789611816406
Epoch: 798, Loss: 5.751375198364258
Epoch: 799, Loss: 5.766996383666992
./circuit_plots/Unrestricted Disentangled|Readout|CN=3|B0=3|B1=3|K=1280|L=320|p_B=0.75|p_C=0.75|B=2|eps=0|c5cf5f29-0828-4665-8316-69edf18d12bd/ already exists.
./circuit_plots/Unrestricted Disentangled|Readout|CN=3|B0=3|B1=3|K=1280|L=320|p_B=0.75|p_C=0.75|B=2|eps=0|c5cf5f29-0828-4665-8316-69edf18d12bd/ already exists.
./circuit_plots/Unrestricted Disentangled|Readout|CN=3|B0=3|B1=3|K=1280|L=320|p_B=0.75|p_C=0.75|B=2|eps=0|c5cf5f29-0828-4665-8316-69edf18d12bd/ already exists.
./circuit_plots/Unrestricted Disentangled|Readout|CN=3|B0=3|B1=3|K=1280|L=320|p_B=0.75|p_C=0.75|B=2|eps=0|c5cf5f29-0828-4665-8316-69edf18d12bd/ already exists.
./circuit_plots/Unrestricted Disentangled|Readout|CN=3|B0=3|B1=3|K=1280|L=320|p_B=0.75|p_C=0.75|B=2|eps=0|c5cf5f29-0828-4665-8316-69edf18d12bd/ already exists.
./circuit_plots/Unrestricted Disentangled|Readout|CN=3|B0=3|B1=3|K=1280|L=320|p_B=0.75|p_C=0.75|B=2|eps=0|c5cf5f29-0828-4665-8316-69edf18d12bd/ already exists.
./circuit_plots/Unrestricted Disentangled|Readout|CN=3|B0=3|B1=3|K=1280|L=320|p_B=0.75|p_C=0.75|B=2|eps=0|c5cf5f29-0828-4665-8316-69edf18d12bd/ already exists.
Epoch: 800, Loss: 5.756964206695557
Test acc: 0.0045, IC acc: 0.0063, IC acc2: 0.0029, IW acc: 0.0025
Epoch: 801, Loss: 5.772658348083496
Epoch: 802, Loss: 5.754271030426025
Epoch: 803, Loss: 5.7761125564575195
Epoch: 804, Loss: 5.774863243103027
Epoch: 805, Loss: 5.772232532501221
Epoch: 806, Loss: 5.75112771987915
Epoch: 807, Loss: 5.755495071411133
Epoch: 808, Loss: 5.778870105743408
Epoch: 809, Loss: 5.762388229370117
Epoch: 810, Loss: 5.776956081390381
Test acc: 0.0046, IC acc: 0.0063, IC acc2: 0.0029, IW acc: 0.0025
Epoch: 811, Loss: 5.760034561157227
Epoch: 812, Loss: 5.766487121582031
Epoch: 813, Loss: 5.764604568481445
Epoch: 814, Loss: 5.7699480056762695
Epoch: 815, Loss: 5.771739959716797
Epoch: 816, Loss: 5.776064872741699
Epoch: 817, Loss: 5.748774528503418
Epoch: 818, Loss: 5.753750324249268
Epoch: 819, Loss: 5.771631240844727
Epoch: 820, Loss: 5.763751029968262
Test acc: 0.0046, IC acc: 0.0063, IC acc2: 0.0029, IW acc: 0.0025
Epoch: 821, Loss: 5.76984167098999
Epoch: 822, Loss: 5.755512714385986
Epoch: 823, Loss: 5.754247665405273
Epoch: 824, Loss: 5.761533260345459
Epoch: 825, Loss: 5.760720252990723
Epoch: 826, Loss: 5.768520355224609
Epoch: 827, Loss: 5.772632598876953
Epoch: 828, Loss: 5.755880355834961
Epoch: 829, Loss: 5.749492645263672
Epoch: 830, Loss: 5.763758659362793
Test acc: 0.0046, IC acc: 0.0063, IC acc2: 0.0029, IW acc: 0.0025
Epoch: 831, Loss: 5.763488292694092
Epoch: 832, Loss: 5.757589817047119
Epoch: 833, Loss: 5.759908199310303
Epoch: 834, Loss: 5.776029586791992
Epoch: 835, Loss: 5.766402244567871
Epoch: 836, Loss: 5.766146659851074
Epoch: 837, Loss: 5.773266792297363
Epoch: 838, Loss: 5.760697841644287
Epoch: 839, Loss: 5.7682342529296875
Epoch: 840, Loss: 5.765313148498535
Test acc: 0.0046, IC acc: 0.0063, IC acc2: 0.0029, IW acc: 0.0026
Epoch: 841, Loss: 5.760123252868652
Epoch: 842, Loss: 5.769333362579346
Epoch: 843, Loss: 5.758416175842285
Epoch: 844, Loss: 5.752749443054199
Epoch: 845, Loss: 5.749719619750977
Epoch: 846, Loss: 5.770046234130859
Epoch: 847, Loss: 5.746029853820801
Epoch: 848, Loss: 5.766876697540283
Epoch: 849, Loss: 5.765041351318359
./circuit_plots/Unrestricted Disentangled|Readout|CN=3|B0=3|B1=3|K=1280|L=320|p_B=0.75|p_C=0.75|B=2|eps=0|c5cf5f29-0828-4665-8316-69edf18d12bd/ already exists.
./circuit_plots/Unrestricted Disentangled|Readout|CN=3|B0=3|B1=3|K=1280|L=320|p_B=0.75|p_C=0.75|B=2|eps=0|c5cf5f29-0828-4665-8316-69edf18d12bd/ already exists.
./circuit_plots/Unrestricted Disentangled|Readout|CN=3|B0=3|B1=3|K=1280|L=320|p_B=0.75|p_C=0.75|B=2|eps=0|c5cf5f29-0828-4665-8316-69edf18d12bd/ already exists.
./circuit_plots/Unrestricted Disentangled|Readout|CN=3|B0=3|B1=3|K=1280|L=320|p_B=0.75|p_C=0.75|B=2|eps=0|c5cf5f29-0828-4665-8316-69edf18d12bd/ already exists.
./circuit_plots/Unrestricted Disentangled|Readout|CN=3|B0=3|B1=3|K=1280|L=320|p_B=0.75|p_C=0.75|B=2|eps=0|c5cf5f29-0828-4665-8316-69edf18d12bd/ already exists.
./circuit_plots/Unrestricted Disentangled|Readout|CN=3|B0=3|B1=3|K=1280|L=320|p_B=0.75|p_C=0.75|B=2|eps=0|c5cf5f29-0828-4665-8316-69edf18d12bd/ already exists.
./circuit_plots/Unrestricted Disentangled|Readout|CN=3|B0=3|B1=3|K=1280|L=320|p_B=0.75|p_C=0.75|B=2|eps=0|c5cf5f29-0828-4665-8316-69edf18d12bd/ already exists.
Epoch: 850, Loss: 5.759340286254883
Test acc: 0.0047, IC acc: 0.0064, IC acc2: 0.0029, IW acc: 0.0026
Epoch: 851, Loss: 5.765915393829346
Epoch: 852, Loss: 5.780507564544678
Epoch: 853, Loss: 5.771255970001221
Epoch: 854, Loss: 5.759314060211182
Epoch: 855, Loss: 5.776613235473633
Epoch: 856, Loss: 5.76020622253418
Epoch: 857, Loss: 5.752200126647949
Epoch: 858, Loss: 5.776732444763184
Epoch: 859, Loss: 5.759941101074219
Epoch: 860, Loss: 5.750460147857666
Test acc: 0.0047, IC acc: 0.0064, IC acc2: 0.0029, IW acc: 0.0026
Epoch: 861, Loss: 5.767335891723633
Epoch: 862, Loss: 5.763772964477539
Epoch: 863, Loss: 5.766304969787598
Epoch: 864, Loss: 5.769157409667969
Epoch: 865, Loss: 5.758293151855469
Epoch: 866, Loss: 5.7781829833984375
Epoch: 867, Loss: 5.762992858886719
Epoch: 868, Loss: 5.769675254821777
Epoch: 869, Loss: 5.781355381011963
Epoch: 870, Loss: 5.765680313110352
Test acc: 0.0047, IC acc: 0.0064, IC acc2: 0.0029, IW acc: 0.0026
Epoch: 871, Loss: 5.76197624206543
Epoch: 872, Loss: 5.768366813659668
Epoch: 873, Loss: 5.764820098876953
Epoch: 874, Loss: 5.762192249298096
Epoch: 875, Loss: 5.766573429107666
Epoch: 876, Loss: 5.756881237030029
Epoch: 877, Loss: 5.767602920532227
Epoch: 878, Loss: 5.763239860534668
Epoch: 879, Loss: 5.7737579345703125
Epoch: 880, Loss: 5.750973701477051
Test acc: 0.0048, IC acc: 0.0064, IC acc2: 0.0029, IW acc: 0.0026
Epoch: 881, Loss: 5.759121894836426
Epoch: 882, Loss: 5.755010604858398
Epoch: 883, Loss: 5.749107837677002
Epoch: 884, Loss: 5.7477126121521
Epoch: 885, Loss: 5.754229545593262
Epoch: 886, Loss: 5.755922317504883
Epoch: 887, Loss: 5.757331848144531
Epoch: 888, Loss: 5.758325576782227
Epoch: 889, Loss: 5.752900123596191
Epoch: 890, Loss: 5.75381326675415
Test acc: 0.0048, IC acc: 0.0064, IC acc2: 0.0029, IW acc: 0.0026
Epoch: 891, Loss: 5.765218734741211
Epoch: 892, Loss: 5.762092590332031
Epoch: 893, Loss: 5.775206565856934
Epoch: 894, Loss: 5.771641731262207
Epoch: 895, Loss: 5.763271331787109
Epoch: 896, Loss: 5.7808074951171875
Epoch: 897, Loss: 5.765800952911377
Epoch: 898, Loss: 5.7523627281188965
Epoch: 899, Loss: 5.772958755493164
./circuit_plots/Unrestricted Disentangled|Readout|CN=3|B0=3|B1=3|K=1280|L=320|p_B=0.75|p_C=0.75|B=2|eps=0|c5cf5f29-0828-4665-8316-69edf18d12bd/ already exists.
./circuit_plots/Unrestricted Disentangled|Readout|CN=3|B0=3|B1=3|K=1280|L=320|p_B=0.75|p_C=0.75|B=2|eps=0|c5cf5f29-0828-4665-8316-69edf18d12bd/ already exists.
./circuit_plots/Unrestricted Disentangled|Readout|CN=3|B0=3|B1=3|K=1280|L=320|p_B=0.75|p_C=0.75|B=2|eps=0|c5cf5f29-0828-4665-8316-69edf18d12bd/ already exists.
./circuit_plots/Unrestricted Disentangled|Readout|CN=3|B0=3|B1=3|K=1280|L=320|p_B=0.75|p_C=0.75|B=2|eps=0|c5cf5f29-0828-4665-8316-69edf18d12bd/ already exists.
./circuit_plots/Unrestricted Disentangled|Readout|CN=3|B0=3|B1=3|K=1280|L=320|p_B=0.75|p_C=0.75|B=2|eps=0|c5cf5f29-0828-4665-8316-69edf18d12bd/ already exists.
./circuit_plots/Unrestricted Disentangled|Readout|CN=3|B0=3|B1=3|K=1280|L=320|p_B=0.75|p_C=0.75|B=2|eps=0|c5cf5f29-0828-4665-8316-69edf18d12bd/ already exists.
./circuit_plots/Unrestricted Disentangled|Readout|CN=3|B0=3|B1=3|K=1280|L=320|p_B=0.75|p_C=0.75|B=2|eps=0|c5cf5f29-0828-4665-8316-69edf18d12bd/ already exists.
Epoch: 900, Loss: 5.767955780029297
Test acc: 0.0048, IC acc: 0.0065, IC acc2: 0.0029, IW acc: 0.0026
Epoch: 901, Loss: 5.748515605926514
Epoch: 902, Loss: 5.769706726074219
Epoch: 903, Loss: 5.761502265930176
Epoch: 904, Loss: 5.740623474121094
Epoch: 905, Loss: 5.758954048156738
Epoch: 906, Loss: 5.78641939163208
Epoch: 907, Loss: 5.755972385406494
Epoch: 908, Loss: 5.755444526672363
Epoch: 909, Loss: 5.748720169067383
Epoch: 910, Loss: 5.769635200500488
Test acc: 0.0048, IC acc: 0.0067, IC acc2: 0.0029, IW acc: 0.0026
Epoch: 911, Loss: 5.747017860412598
Epoch: 912, Loss: 5.75663423538208
Epoch: 913, Loss: 5.764291286468506
Epoch: 914, Loss: 5.762096881866455
Epoch: 915, Loss: 5.752684593200684
Epoch: 916, Loss: 5.766922950744629
Epoch: 917, Loss: 5.75058650970459
Epoch: 918, Loss: 5.757787704467773
Epoch: 919, Loss: 5.760331153869629
Epoch: 920, Loss: 5.753779888153076
Test acc: 0.0048, IC acc: 0.0067, IC acc2: 0.0029, IW acc: 0.0026
Epoch: 921, Loss: 5.754490852355957
Epoch: 922, Loss: 5.773079872131348
Epoch: 923, Loss: 5.768477916717529
Epoch: 924, Loss: 5.757118225097656
Epoch: 925, Loss: 5.760708808898926
Epoch: 926, Loss: 5.770050525665283
Epoch: 927, Loss: 5.756669044494629
Epoch: 928, Loss: 5.7540693283081055
Epoch: 929, Loss: 5.753079414367676
Epoch: 930, Loss: 5.7570037841796875
Test acc: 0.0048, IC acc: 0.0068, IC acc2: 0.0029, IW acc: 0.0026
Epoch: 931, Loss: 5.760528564453125
Epoch: 932, Loss: 5.760645389556885
Epoch: 933, Loss: 5.751996040344238
Epoch: 934, Loss: 5.762183666229248
Epoch: 935, Loss: 5.766023635864258
Epoch: 936, Loss: 5.766585350036621
Epoch: 937, Loss: 5.7632060050964355
Epoch: 938, Loss: 5.7654643058776855
Epoch: 939, Loss: 5.774535179138184
Epoch: 940, Loss: 5.764238357543945
Test acc: 0.0048, IC acc: 0.0068, IC acc2: 0.003, IW acc: 0.0025
Epoch: 941, Loss: 5.761370658874512
Epoch: 942, Loss: 5.758646011352539
Epoch: 943, Loss: 5.764031887054443
Epoch: 944, Loss: 5.754990577697754
Epoch: 945, Loss: 5.777963638305664
Epoch: 946, Loss: 5.764435768127441
Epoch: 947, Loss: 5.752697944641113
Epoch: 948, Loss: 5.766696929931641
Epoch: 949, Loss: 5.767050743103027
./circuit_plots/Unrestricted Disentangled|Readout|CN=3|B0=3|B1=3|K=1280|L=320|p_B=0.75|p_C=0.75|B=2|eps=0|c5cf5f29-0828-4665-8316-69edf18d12bd/ already exists.
./circuit_plots/Unrestricted Disentangled|Readout|CN=3|B0=3|B1=3|K=1280|L=320|p_B=0.75|p_C=0.75|B=2|eps=0|c5cf5f29-0828-4665-8316-69edf18d12bd/ already exists.
./circuit_plots/Unrestricted Disentangled|Readout|CN=3|B0=3|B1=3|K=1280|L=320|p_B=0.75|p_C=0.75|B=2|eps=0|c5cf5f29-0828-4665-8316-69edf18d12bd/ already exists.
./circuit_plots/Unrestricted Disentangled|Readout|CN=3|B0=3|B1=3|K=1280|L=320|p_B=0.75|p_C=0.75|B=2|eps=0|c5cf5f29-0828-4665-8316-69edf18d12bd/ already exists.
./circuit_plots/Unrestricted Disentangled|Readout|CN=3|B0=3|B1=3|K=1280|L=320|p_B=0.75|p_C=0.75|B=2|eps=0|c5cf5f29-0828-4665-8316-69edf18d12bd/ already exists.
./circuit_plots/Unrestricted Disentangled|Readout|CN=3|B0=3|B1=3|K=1280|L=320|p_B=0.75|p_C=0.75|B=2|eps=0|c5cf5f29-0828-4665-8316-69edf18d12bd/ already exists.
./circuit_plots/Unrestricted Disentangled|Readout|CN=3|B0=3|B1=3|K=1280|L=320|p_B=0.75|p_C=0.75|B=2|eps=0|c5cf5f29-0828-4665-8316-69edf18d12bd/ already exists.
Epoch: 950, Loss: 5.769640922546387
Test acc: 0.0048, IC acc: 0.0067, IC acc2: 0.0029, IW acc: 0.0025
Epoch: 951, Loss: 5.748368263244629
Epoch: 952, Loss: 5.777709007263184
Epoch: 953, Loss: 5.752145767211914
Epoch: 954, Loss: 5.770591735839844
Epoch: 955, Loss: 5.7733001708984375
Epoch: 956, Loss: 5.771488666534424
Epoch: 957, Loss: 5.774576187133789
Epoch: 958, Loss: 5.786952018737793
Epoch: 959, Loss: 5.770251274108887
Epoch: 960, Loss: 5.769660472869873
Test acc: 0.0048, IC acc: 0.0067, IC acc2: 0.003, IW acc: 0.0025
Epoch: 961, Loss: 5.758800029754639
Epoch: 962, Loss: 5.766643047332764
Epoch: 963, Loss: 5.76615047454834
Epoch: 964, Loss: 5.742051601409912
Epoch: 965, Loss: 5.771908760070801
Epoch: 966, Loss: 5.776882648468018
Epoch: 967, Loss: 5.761911392211914
Epoch: 968, Loss: 5.765122890472412
Epoch: 969, Loss: 5.76240348815918
Epoch: 970, Loss: 5.747394561767578
Test acc: 0.0049, IC acc: 0.0067, IC acc2: 0.0029, IW acc: 0.0025
Epoch: 971, Loss: 5.770421504974365
Epoch: 972, Loss: 5.770948886871338
Epoch: 973, Loss: 5.760456562042236
Epoch: 974, Loss: 5.770525932312012
Epoch: 975, Loss: 5.7734375
Epoch: 976, Loss: 5.739231109619141
Epoch: 977, Loss: 5.776855945587158
Epoch: 978, Loss: 5.760019779205322
Epoch: 979, Loss: 5.761710166931152
Epoch: 980, Loss: 5.770517826080322
Test acc: 0.0049, IC acc: 0.0068, IC acc2: 0.0029, IW acc: 0.0025
Epoch: 981, Loss: 5.770841598510742
Epoch: 982, Loss: 5.760580062866211
Epoch: 983, Loss: 5.75676155090332
Epoch: 984, Loss: 5.769371032714844
Epoch: 985, Loss: 5.775700092315674
Epoch: 986, Loss: 5.7628984451293945
Epoch: 987, Loss: 5.753464221954346
Epoch: 988, Loss: 5.769925117492676
Epoch: 989, Loss: 5.759188652038574
Epoch: 990, Loss: 5.763426780700684
Test acc: 0.0049, IC acc: 0.0068, IC acc2: 0.0029, IW acc: 0.0025
Epoch: 991, Loss: 5.749467849731445
Epoch: 992, Loss: 5.742608070373535
Epoch: 993, Loss: 5.73983097076416
Epoch: 994, Loss: 5.747544288635254
Epoch: 995, Loss: 5.766818046569824
Epoch: 996, Loss: 5.736594200134277
Epoch: 997, Loss: 5.7627081871032715
Epoch: 998, Loss: 5.771590709686279
Epoch: 999, Loss: 5.775146484375
./circuit_plots/Unrestricted Disentangled|Readout|CN=3|B0=3|B1=3|K=1280|L=320|p_B=0.75|p_C=0.75|B=2|eps=0|c5cf5f29-0828-4665-8316-69edf18d12bd/ already exists.
./circuit_plots/Unrestricted Disentangled|Readout|CN=3|B0=3|B1=3|K=1280|L=320|p_B=0.75|p_C=0.75|B=2|eps=0|c5cf5f29-0828-4665-8316-69edf18d12bd/ already exists.
./circuit_plots/Unrestricted Disentangled|Readout|CN=3|B0=3|B1=3|K=1280|L=320|p_B=0.75|p_C=0.75|B=2|eps=0|c5cf5f29-0828-4665-8316-69edf18d12bd/ already exists.
./circuit_plots/Unrestricted Disentangled|Readout|CN=3|B0=3|B1=3|K=1280|L=320|p_B=0.75|p_C=0.75|B=2|eps=0|c5cf5f29-0828-4665-8316-69edf18d12bd/ already exists.
./circuit_plots/Unrestricted Disentangled|Readout|CN=3|B0=3|B1=3|K=1280|L=320|p_B=0.75|p_C=0.75|B=2|eps=0|c5cf5f29-0828-4665-8316-69edf18d12bd/ already exists.
./circuit_plots/Unrestricted Disentangled|Readout|CN=3|B0=3|B1=3|K=1280|L=320|p_B=0.75|p_C=0.75|B=2|eps=0|c5cf5f29-0828-4665-8316-69edf18d12bd/ already exists.
./circuit_plots/Unrestricted Disentangled|Readout|CN=3|B0=3|B1=3|K=1280|L=320|p_B=0.75|p_C=0.75|B=2|eps=0|c5cf5f29-0828-4665-8316-69edf18d12bd/ already exists.
Epoch: 1000, Loss: 5.767228603363037
Test acc: 0.0049, IC acc: 0.0068, IC acc2: 0.0029, IW acc: 0.0026
Epoch: 1001, Loss: 5.760480880737305
Epoch: 1002, Loss: 5.7723236083984375
Epoch: 1003, Loss: 5.766817092895508
Epoch: 1004, Loss: 5.752592086791992
Epoch: 1005, Loss: 5.771118640899658
Epoch: 1006, Loss: 5.766935348510742
Epoch: 1007, Loss: 5.770467758178711
Epoch: 1008, Loss: 5.763434410095215
Epoch: 1009, Loss: 5.7611541748046875
Epoch: 1010, Loss: 5.759554386138916
Test acc: 0.005, IC acc: 0.0068, IC acc2: 0.0029, IW acc: 0.0026
Epoch: 1011, Loss: 5.759167671203613
Epoch: 1012, Loss: 5.779297828674316
Epoch: 1013, Loss: 5.756325721740723
Epoch: 1014, Loss: 5.75697660446167
Epoch: 1015, Loss: 5.756719589233398
Epoch: 1016, Loss: 5.7545623779296875
Epoch: 1017, Loss: 5.749351501464844
Epoch: 1018, Loss: 5.750656604766846
Epoch: 1019, Loss: 5.7589874267578125
Epoch: 1020, Loss: 5.759855270385742
Test acc: 0.005, IC acc: 0.0069, IC acc2: 0.0029, IW acc: 0.0026
Epoch: 1021, Loss: 5.765170097351074
Epoch: 1022, Loss: 5.7763671875
Epoch: 1023, Loss: 5.766077995300293
Epoch: 1024, Loss: 5.768169403076172
Epoch: 1025, Loss: 5.759900093078613
Epoch: 1026, Loss: 5.783277988433838
Epoch: 1027, Loss: 5.748895645141602
Epoch: 1028, Loss: 5.753943920135498
Epoch: 1029, Loss: 5.758020401000977
Epoch: 1030, Loss: 5.747307777404785
Test acc: 0.005, IC acc: 0.0069, IC acc2: 0.0029, IW acc: 0.0025
Epoch: 1031, Loss: 5.752007484436035
Epoch: 1032, Loss: 5.758152961730957
Epoch: 1033, Loss: 5.7731475830078125
Epoch: 1034, Loss: 5.758125305175781
Epoch: 1035, Loss: 5.753498554229736
Epoch: 1036, Loss: 5.747716426849365
Epoch: 1037, Loss: 5.78694486618042
Epoch: 1038, Loss: 5.765084743499756
Epoch: 1039, Loss: 5.763271331787109
Epoch: 1040, Loss: 5.760072708129883
Test acc: 0.005, IC acc: 0.0069, IC acc2: 0.0029, IW acc: 0.0025
Epoch: 1041, Loss: 5.7509613037109375
Epoch: 1042, Loss: 5.762160301208496
Epoch: 1043, Loss: 5.749242782592773
Epoch: 1044, Loss: 5.759850978851318
Epoch: 1045, Loss: 5.766629219055176
Epoch: 1046, Loss: 5.75614595413208
Epoch: 1047, Loss: 5.758877277374268
Epoch: 1048, Loss: 5.762738227844238
Epoch: 1049, Loss: 5.7540106773376465
./circuit_plots/Unrestricted Disentangled|Readout|CN=3|B0=3|B1=3|K=1280|L=320|p_B=0.75|p_C=0.75|B=2|eps=0|c5cf5f29-0828-4665-8316-69edf18d12bd/ already exists.
./circuit_plots/Unrestricted Disentangled|Readout|CN=3|B0=3|B1=3|K=1280|L=320|p_B=0.75|p_C=0.75|B=2|eps=0|c5cf5f29-0828-4665-8316-69edf18d12bd/ already exists.
./circuit_plots/Unrestricted Disentangled|Readout|CN=3|B0=3|B1=3|K=1280|L=320|p_B=0.75|p_C=0.75|B=2|eps=0|c5cf5f29-0828-4665-8316-69edf18d12bd/ already exists.
./circuit_plots/Unrestricted Disentangled|Readout|CN=3|B0=3|B1=3|K=1280|L=320|p_B=0.75|p_C=0.75|B=2|eps=0|c5cf5f29-0828-4665-8316-69edf18d12bd/ already exists.
./circuit_plots/Unrestricted Disentangled|Readout|CN=3|B0=3|B1=3|K=1280|L=320|p_B=0.75|p_C=0.75|B=2|eps=0|c5cf5f29-0828-4665-8316-69edf18d12bd/ already exists.
./circuit_plots/Unrestricted Disentangled|Readout|CN=3|B0=3|B1=3|K=1280|L=320|p_B=0.75|p_C=0.75|B=2|eps=0|c5cf5f29-0828-4665-8316-69edf18d12bd/ already exists.
./circuit_plots/Unrestricted Disentangled|Readout|CN=3|B0=3|B1=3|K=1280|L=320|p_B=0.75|p_C=0.75|B=2|eps=0|c5cf5f29-0828-4665-8316-69edf18d12bd/ already exists.
Epoch: 1050, Loss: 5.77785587310791
Test acc: 0.005, IC acc: 0.0069, IC acc2: 0.0029, IW acc: 0.0025
Epoch: 1051, Loss: 5.753260135650635
Epoch: 1052, Loss: 5.770127296447754
Epoch: 1053, Loss: 5.778221607208252
Epoch: 1054, Loss: 5.752438545227051
Epoch: 1055, Loss: 5.752682685852051
Epoch: 1056, Loss: 5.777284622192383
Epoch: 1057, Loss: 5.758205413818359
Epoch: 1058, Loss: 5.756282806396484
Epoch: 1059, Loss: 5.772851943969727
Epoch: 1060, Loss: 5.762571334838867
Test acc: 0.0051, IC acc: 0.0069, IC acc2: 0.0029, IW acc: 0.0025
Epoch: 1061, Loss: 5.758910179138184
Epoch: 1062, Loss: 5.77838134765625
Epoch: 1063, Loss: 5.760544776916504
Epoch: 1064, Loss: 5.740192890167236
Epoch: 1065, Loss: 5.754087448120117
Epoch: 1066, Loss: 5.756594657897949
Epoch: 1067, Loss: 5.774282932281494
Epoch: 1068, Loss: 5.761176586151123
Epoch: 1069, Loss: 5.764869689941406
Epoch: 1070, Loss: 5.758049011230469
Test acc: 0.0052, IC acc: 0.0069, IC acc2: 0.0029, IW acc: 0.0025
Epoch: 1071, Loss: 5.764047622680664
Epoch: 1072, Loss: 5.759916305541992
Epoch: 1073, Loss: 5.766256332397461
Epoch: 1074, Loss: 5.754511833190918
Epoch: 1075, Loss: 5.770883560180664
Epoch: 1076, Loss: 5.764588832855225
Epoch: 1077, Loss: 5.744438171386719
Epoch: 1078, Loss: 5.77349853515625
Epoch: 1079, Loss: 5.7663702964782715
Epoch: 1080, Loss: 5.754185676574707
Test acc: 0.0051, IC acc: 0.0069, IC acc2: 0.0029, IW acc: 0.0024
Epoch: 1081, Loss: 5.753333568572998
Epoch: 1082, Loss: 5.761773109436035
Epoch: 1083, Loss: 5.755984306335449
Epoch: 1084, Loss: 5.7568511962890625
Epoch: 1085, Loss: 5.7665863037109375
Epoch: 1086, Loss: 5.763957977294922
Epoch: 1087, Loss: 5.763466835021973
Epoch: 1088, Loss: 5.752420902252197
Epoch: 1089, Loss: 5.771740913391113
Epoch: 1090, Loss: 5.765841960906982
Test acc: 0.0052, IC acc: 0.0069, IC acc2: 0.0029, IW acc: 0.0025
Epoch: 1091, Loss: 5.764571189880371
Epoch: 1092, Loss: 5.767671585083008
Epoch: 1093, Loss: 5.751348972320557
Epoch: 1094, Loss: 5.774786949157715
Epoch: 1095, Loss: 5.7667059898376465
Epoch: 1096, Loss: 5.757171630859375
Epoch: 1097, Loss: 5.77080774307251
Epoch: 1098, Loss: 5.774551868438721
Epoch: 1099, Loss: 5.761373519897461
./circuit_plots/Unrestricted Disentangled|Readout|CN=3|B0=3|B1=3|K=1280|L=320|p_B=0.75|p_C=0.75|B=2|eps=0|c5cf5f29-0828-4665-8316-69edf18d12bd/ already exists.
./circuit_plots/Unrestricted Disentangled|Readout|CN=3|B0=3|B1=3|K=1280|L=320|p_B=0.75|p_C=0.75|B=2|eps=0|c5cf5f29-0828-4665-8316-69edf18d12bd/ already exists.
./circuit_plots/Unrestricted Disentangled|Readout|CN=3|B0=3|B1=3|K=1280|L=320|p_B=0.75|p_C=0.75|B=2|eps=0|c5cf5f29-0828-4665-8316-69edf18d12bd/ already exists.
./circuit_plots/Unrestricted Disentangled|Readout|CN=3|B0=3|B1=3|K=1280|L=320|p_B=0.75|p_C=0.75|B=2|eps=0|c5cf5f29-0828-4665-8316-69edf18d12bd/ already exists.
./circuit_plots/Unrestricted Disentangled|Readout|CN=3|B0=3|B1=3|K=1280|L=320|p_B=0.75|p_C=0.75|B=2|eps=0|c5cf5f29-0828-4665-8316-69edf18d12bd/ already exists.
./circuit_plots/Unrestricted Disentangled|Readout|CN=3|B0=3|B1=3|K=1280|L=320|p_B=0.75|p_C=0.75|B=2|eps=0|c5cf5f29-0828-4665-8316-69edf18d12bd/ already exists.
./circuit_plots/Unrestricted Disentangled|Readout|CN=3|B0=3|B1=3|K=1280|L=320|p_B=0.75|p_C=0.75|B=2|eps=0|c5cf5f29-0828-4665-8316-69edf18d12bd/ already exists.
Epoch: 1100, Loss: 5.751414775848389
Test acc: 0.0051, IC acc: 0.0069, IC acc2: 0.0029, IW acc: 0.0026
Epoch: 1101, Loss: 5.778717041015625
Epoch: 1102, Loss: 5.759958267211914
Epoch: 1103, Loss: 5.778555870056152
Epoch: 1104, Loss: 5.762808322906494
Epoch: 1105, Loss: 5.7506818771362305
Epoch: 1106, Loss: 5.760711669921875
Epoch: 1107, Loss: 5.767352104187012
Epoch: 1108, Loss: 5.753503799438477
Epoch: 1109, Loss: 5.7573561668396
Epoch: 1110, Loss: 5.778793811798096
Test acc: 0.0052, IC acc: 0.007, IC acc2: 0.0028, IW acc: 0.0027
Epoch: 1111, Loss: 5.752878189086914
Epoch: 1112, Loss: 5.7632012367248535
Epoch: 1113, Loss: 5.761087894439697
Epoch: 1114, Loss: 5.756503105163574
Epoch: 1115, Loss: 5.7426886558532715
Epoch: 1116, Loss: 5.760978698730469
Epoch: 1117, Loss: 5.768625259399414
Epoch: 1118, Loss: 5.776950359344482
Epoch: 1119, Loss: 5.754208087921143
Epoch: 1120, Loss: 5.750988960266113
Test acc: 0.0052, IC acc: 0.0069, IC acc2: 0.0029, IW acc: 0.0026
Epoch: 1121, Loss: 5.776469707489014
Epoch: 1122, Loss: 5.763095855712891
Epoch: 1123, Loss: 5.765462398529053
Epoch: 1124, Loss: 5.775287628173828
Epoch: 1125, Loss: 5.761931896209717
Epoch: 1126, Loss: 5.753428936004639
Epoch: 1127, Loss: 5.753767013549805
Epoch: 1128, Loss: 5.749138832092285
Epoch: 1129, Loss: 5.7637224197387695
Epoch: 1130, Loss: 5.775713920593262
Test acc: 0.0052, IC acc: 0.0069, IC acc2: 0.0029, IW acc: 0.0025
Epoch: 1131, Loss: 5.763319492340088
Epoch: 1132, Loss: 5.762035369873047
Epoch: 1133, Loss: 5.745137691497803
Epoch: 1134, Loss: 5.756713390350342
Epoch: 1135, Loss: 5.746908187866211
Epoch: 1136, Loss: 5.7580132484436035
Epoch: 1137, Loss: 5.771134376525879
Epoch: 1138, Loss: 5.768216133117676
Epoch: 1139, Loss: 5.7662200927734375
Epoch: 1140, Loss: 5.757935047149658
Test acc: 0.0052, IC acc: 0.007, IC acc2: 0.0029, IW acc: 0.0028
Epoch: 1141, Loss: 5.730585098266602
Epoch: 1142, Loss: 5.767635345458984
Epoch: 1143, Loss: 5.759467124938965
Epoch: 1144, Loss: 5.756629943847656
Epoch: 1145, Loss: 5.758418083190918
Epoch: 1146, Loss: 5.743262767791748
Epoch: 1147, Loss: 5.766783714294434
Epoch: 1148, Loss: 5.7464094161987305
Epoch: 1149, Loss: 5.771474838256836
./circuit_plots/Unrestricted Disentangled|Readout|CN=3|B0=3|B1=3|K=1280|L=320|p_B=0.75|p_C=0.75|B=2|eps=0|c5cf5f29-0828-4665-8316-69edf18d12bd/ already exists.
./circuit_plots/Unrestricted Disentangled|Readout|CN=3|B0=3|B1=3|K=1280|L=320|p_B=0.75|p_C=0.75|B=2|eps=0|c5cf5f29-0828-4665-8316-69edf18d12bd/ already exists.
./circuit_plots/Unrestricted Disentangled|Readout|CN=3|B0=3|B1=3|K=1280|L=320|p_B=0.75|p_C=0.75|B=2|eps=0|c5cf5f29-0828-4665-8316-69edf18d12bd/ already exists.
./circuit_plots/Unrestricted Disentangled|Readout|CN=3|B0=3|B1=3|K=1280|L=320|p_B=0.75|p_C=0.75|B=2|eps=0|c5cf5f29-0828-4665-8316-69edf18d12bd/ already exists.
./circuit_plots/Unrestricted Disentangled|Readout|CN=3|B0=3|B1=3|K=1280|L=320|p_B=0.75|p_C=0.75|B=2|eps=0|c5cf5f29-0828-4665-8316-69edf18d12bd/ already exists.
./circuit_plots/Unrestricted Disentangled|Readout|CN=3|B0=3|B1=3|K=1280|L=320|p_B=0.75|p_C=0.75|B=2|eps=0|c5cf5f29-0828-4665-8316-69edf18d12bd/ already exists.
./circuit_plots/Unrestricted Disentangled|Readout|CN=3|B0=3|B1=3|K=1280|L=320|p_B=0.75|p_C=0.75|B=2|eps=0|c5cf5f29-0828-4665-8316-69edf18d12bd/ already exists.
Epoch: 1150, Loss: 5.750249862670898
Test acc: 0.0052, IC acc: 0.0072, IC acc2: 0.003, IW acc: 0.0028
Epoch: 1151, Loss: 5.754773139953613
Epoch: 1152, Loss: 5.775831699371338
Epoch: 1153, Loss: 5.769352912902832
Epoch: 1154, Loss: 5.762616157531738
Epoch: 1155, Loss: 5.758493423461914
Epoch: 1156, Loss: 5.7531657218933105
Epoch: 1157, Loss: 5.743189334869385
Epoch: 1158, Loss: 5.750439643859863
Epoch: 1159, Loss: 5.7599778175354
Epoch: 1160, Loss: 5.756918907165527
Test acc: 0.0051, IC acc: 0.0071, IC acc2: 0.003, IW acc: 0.0025
Epoch: 1161, Loss: 5.758831977844238
Epoch: 1162, Loss: 5.745528221130371
Epoch: 1163, Loss: 5.754425525665283
Epoch: 1164, Loss: 5.752701759338379
Epoch: 1165, Loss: 5.749302387237549
Epoch: 1166, Loss: 5.7610273361206055
Epoch: 1167, Loss: 5.752459526062012
Epoch: 1168, Loss: 5.764097213745117
Epoch: 1169, Loss: 5.764080047607422
Epoch: 1170, Loss: 5.75953483581543
Test acc: 0.0051, IC acc: 0.007, IC acc2: 0.003, IW acc: 0.0024
Epoch: 1171, Loss: 5.778825759887695
Epoch: 1172, Loss: 5.752924919128418
Epoch: 1173, Loss: 5.773481369018555
Epoch: 1174, Loss: 5.776119709014893
Epoch: 1175, Loss: 5.755066394805908
Epoch: 1176, Loss: 5.754495143890381
Epoch: 1177, Loss: 5.742366313934326
Epoch: 1178, Loss: 5.762739181518555
Epoch: 1179, Loss: 5.748542785644531
Epoch: 1180, Loss: 5.770330905914307
Test acc: 0.0051, IC acc: 0.0071, IC acc2: 0.0029, IW acc: 0.0025
Epoch: 1181, Loss: 5.753165245056152
Epoch: 1182, Loss: 5.768418312072754
Epoch: 1183, Loss: 5.7577290534973145
Epoch: 1184, Loss: 5.750395774841309
Epoch: 1185, Loss: 5.758308410644531
Epoch: 1186, Loss: 5.766166687011719
Epoch: 1187, Loss: 5.759437561035156
Epoch: 1188, Loss: 5.76231575012207
Epoch: 1189, Loss: 5.774729251861572
Epoch: 1190, Loss: 5.7567949295043945
Test acc: 0.0052, IC acc: 0.007, IC acc2: 0.0029, IW acc: 0.0023
Epoch: 1191, Loss: 5.772675514221191
Epoch: 1192, Loss: 5.7463059425354
Epoch: 1193, Loss: 5.751112937927246
Epoch: 1194, Loss: 5.754978179931641
Epoch: 1195, Loss: 5.782501220703125
Epoch: 1196, Loss: 5.76735258102417
Epoch: 1197, Loss: 5.768023490905762
Epoch: 1198, Loss: 5.760800361633301
Epoch: 1199, Loss: 5.7549214363098145
./circuit_plots/Unrestricted Disentangled|Readout|CN=3|B0=3|B1=3|K=1280|L=320|p_B=0.75|p_C=0.75|B=2|eps=0|c5cf5f29-0828-4665-8316-69edf18d12bd/ already exists.
./circuit_plots/Unrestricted Disentangled|Readout|CN=3|B0=3|B1=3|K=1280|L=320|p_B=0.75|p_C=0.75|B=2|eps=0|c5cf5f29-0828-4665-8316-69edf18d12bd/ already exists.
./circuit_plots/Unrestricted Disentangled|Readout|CN=3|B0=3|B1=3|K=1280|L=320|p_B=0.75|p_C=0.75|B=2|eps=0|c5cf5f29-0828-4665-8316-69edf18d12bd/ already exists.
./circuit_plots/Unrestricted Disentangled|Readout|CN=3|B0=3|B1=3|K=1280|L=320|p_B=0.75|p_C=0.75|B=2|eps=0|c5cf5f29-0828-4665-8316-69edf18d12bd/ already exists.
./circuit_plots/Unrestricted Disentangled|Readout|CN=3|B0=3|B1=3|K=1280|L=320|p_B=0.75|p_C=0.75|B=2|eps=0|c5cf5f29-0828-4665-8316-69edf18d12bd/ already exists.
./circuit_plots/Unrestricted Disentangled|Readout|CN=3|B0=3|B1=3|K=1280|L=320|p_B=0.75|p_C=0.75|B=2|eps=0|c5cf5f29-0828-4665-8316-69edf18d12bd/ already exists.
./circuit_plots/Unrestricted Disentangled|Readout|CN=3|B0=3|B1=3|K=1280|L=320|p_B=0.75|p_C=0.75|B=2|eps=0|c5cf5f29-0828-4665-8316-69edf18d12bd/ already exists.
Epoch: 1200, Loss: 5.76658296585083
Test acc: 0.0051, IC acc: 0.007, IC acc2: 0.0029, IW acc: 0.0024
Epoch: 1201, Loss: 5.770733833312988
Epoch: 1202, Loss: 5.7545599937438965
Epoch: 1203, Loss: 5.771902084350586
Epoch: 1204, Loss: 5.768775463104248
Epoch: 1205, Loss: 5.775880813598633
Epoch: 1206, Loss: 5.753970146179199
Epoch: 1207, Loss: 5.75927209854126
Epoch: 1208, Loss: 5.754713535308838
Epoch: 1209, Loss: 5.770517826080322
Epoch: 1210, Loss: 5.764857292175293
Test acc: 0.0051, IC acc: 0.007, IC acc2: 0.0029, IW acc: 0.0024
Epoch: 1211, Loss: 5.761786460876465
Epoch: 1212, Loss: 5.747179985046387
Epoch: 1213, Loss: 5.756127834320068
Epoch: 1214, Loss: 5.764354705810547
Epoch: 1215, Loss: 5.758505344390869
Epoch: 1216, Loss: 5.77631950378418
Epoch: 1217, Loss: 5.7580671310424805
Epoch: 1218, Loss: 5.779240608215332
Epoch: 1219, Loss: 5.751556396484375
Epoch: 1220, Loss: 5.757200241088867
Test acc: 0.0051, IC acc: 0.007, IC acc2: 0.0029, IW acc: 0.0025
Epoch: 1221, Loss: 5.749623775482178
Epoch: 1222, Loss: 5.756750106811523
Epoch: 1223, Loss: 5.757544040679932
Epoch: 1224, Loss: 5.751453399658203
Epoch: 1225, Loss: 5.762619972229004
Epoch: 1226, Loss: 5.7519097328186035
Epoch: 1227, Loss: 5.767339706420898
Epoch: 1228, Loss: 5.749575138092041
Epoch: 1229, Loss: 5.764410972595215
Epoch: 1230, Loss: 5.760605812072754
Test acc: 0.0051, IC acc: 0.0071, IC acc2: 0.0029, IW acc: 0.0025
Epoch: 1231, Loss: 5.756495952606201
Epoch: 1232, Loss: 5.7498979568481445
Epoch: 1233, Loss: 5.780076026916504
Epoch: 1234, Loss: 5.736447811126709
Epoch: 1235, Loss: 5.769700050354004
Epoch: 1236, Loss: 5.754256725311279
Epoch: 1237, Loss: 5.757021427154541
Epoch: 1238, Loss: 5.751291275024414
Epoch: 1239, Loss: 5.770201206207275
Epoch: 1240, Loss: 5.755620956420898
Test acc: 0.0052, IC acc: 0.0071, IC acc2: 0.0029, IW acc: 0.0026
Epoch: 1241, Loss: 5.772091865539551
Epoch: 1242, Loss: 5.755163192749023
Epoch: 1243, Loss: 5.765789985656738
Epoch: 1244, Loss: 5.756530284881592
Epoch: 1245, Loss: 5.747555255889893
Epoch: 1246, Loss: 5.764860153198242
Epoch: 1247, Loss: 5.774586200714111
Epoch: 1248, Loss: 5.7584638595581055
Epoch: 1249, Loss: 5.755965232849121
./circuit_plots/Unrestricted Disentangled|Readout|CN=3|B0=3|B1=3|K=1280|L=320|p_B=0.75|p_C=0.75|B=2|eps=0|c5cf5f29-0828-4665-8316-69edf18d12bd/ already exists.
./circuit_plots/Unrestricted Disentangled|Readout|CN=3|B0=3|B1=3|K=1280|L=320|p_B=0.75|p_C=0.75|B=2|eps=0|c5cf5f29-0828-4665-8316-69edf18d12bd/ already exists.
./circuit_plots/Unrestricted Disentangled|Readout|CN=3|B0=3|B1=3|K=1280|L=320|p_B=0.75|p_C=0.75|B=2|eps=0|c5cf5f29-0828-4665-8316-69edf18d12bd/ already exists.
./circuit_plots/Unrestricted Disentangled|Readout|CN=3|B0=3|B1=3|K=1280|L=320|p_B=0.75|p_C=0.75|B=2|eps=0|c5cf5f29-0828-4665-8316-69edf18d12bd/ already exists.
./circuit_plots/Unrestricted Disentangled|Readout|CN=3|B0=3|B1=3|K=1280|L=320|p_B=0.75|p_C=0.75|B=2|eps=0|c5cf5f29-0828-4665-8316-69edf18d12bd/ already exists.
./circuit_plots/Unrestricted Disentangled|Readout|CN=3|B0=3|B1=3|K=1280|L=320|p_B=0.75|p_C=0.75|B=2|eps=0|c5cf5f29-0828-4665-8316-69edf18d12bd/ already exists.
./circuit_plots/Unrestricted Disentangled|Readout|CN=3|B0=3|B1=3|K=1280|L=320|p_B=0.75|p_C=0.75|B=2|eps=0|c5cf5f29-0828-4665-8316-69edf18d12bd/ already exists.
Epoch: 1250, Loss: 5.7518792152404785
Test acc: 0.0052, IC acc: 0.0071, IC acc2: 0.0029, IW acc: 0.0025
Epoch: 1251, Loss: 5.761081218719482
Epoch: 1252, Loss: 5.753039360046387
Epoch: 1253, Loss: 5.7601213455200195
Epoch: 1254, Loss: 5.740968704223633
Epoch: 1255, Loss: 5.746068954467773
Epoch: 1256, Loss: 5.753179550170898
Epoch: 1257, Loss: 5.758331775665283
Epoch: 1258, Loss: 5.763848304748535
Epoch: 1259, Loss: 5.736541748046875
Epoch: 1260, Loss: 5.757991313934326
Test acc: 0.0053, IC acc: 0.0071, IC acc2: 0.0029, IW acc: 0.0025
Epoch: 1261, Loss: 5.754004001617432
Epoch: 1262, Loss: 5.755373954772949
Epoch: 1263, Loss: 5.762537002563477
Epoch: 1264, Loss: 5.7527384757995605
Epoch: 1265, Loss: 5.769653797149658
Epoch: 1266, Loss: 5.758576393127441
Epoch: 1267, Loss: 5.751433849334717
Epoch: 1268, Loss: 5.7490949630737305
Epoch: 1269, Loss: 5.766035556793213
Epoch: 1270, Loss: 5.75714635848999
Test acc: 0.0053, IC acc: 0.0071, IC acc2: 0.0029, IW acc: 0.0026
Epoch: 1271, Loss: 5.760191917419434
Epoch: 1272, Loss: 5.73716926574707
Epoch: 1273, Loss: 5.769063472747803
Epoch: 1274, Loss: 5.7661285400390625
Epoch: 1275, Loss: 5.765765190124512
Epoch: 1276, Loss: 5.762300491333008
Epoch: 1277, Loss: 5.737733840942383
Epoch: 1278, Loss: 5.773069858551025
Epoch: 1279, Loss: 5.750506401062012
Epoch: 1280, Loss: 5.764475345611572
Test acc: 0.0052, IC acc: 0.0071, IC acc2: 0.0029, IW acc: 0.0026
Epoch: 1281, Loss: 5.783462047576904
Epoch: 1282, Loss: 5.769176483154297
Epoch: 1283, Loss: 5.757854461669922
Epoch: 1284, Loss: 5.758246421813965
Epoch: 1285, Loss: 5.759571075439453
Epoch: 1286, Loss: 5.7536115646362305
Epoch: 1287, Loss: 5.772316932678223
Epoch: 1288, Loss: 5.757338523864746
Epoch: 1289, Loss: 5.750770568847656
Epoch: 1290, Loss: 5.761857032775879
Test acc: 0.0053, IC acc: 0.0071, IC acc2: 0.0029, IW acc: 0.0026
Epoch: 1291, Loss: 5.754369258880615
Epoch: 1292, Loss: 5.776491641998291
Epoch: 1293, Loss: 5.748599052429199
Epoch: 1294, Loss: 5.764579772949219
Epoch: 1295, Loss: 5.750304698944092
Epoch: 1296, Loss: 5.756514549255371
Epoch: 1297, Loss: 5.763618469238281
Epoch: 1298, Loss: 5.753012657165527
Epoch: 1299, Loss: 5.7753496170043945
./circuit_plots/Unrestricted Disentangled|Readout|CN=3|B0=3|B1=3|K=1280|L=320|p_B=0.75|p_C=0.75|B=2|eps=0|c5cf5f29-0828-4665-8316-69edf18d12bd/ already exists.
./circuit_plots/Unrestricted Disentangled|Readout|CN=3|B0=3|B1=3|K=1280|L=320|p_B=0.75|p_C=0.75|B=2|eps=0|c5cf5f29-0828-4665-8316-69edf18d12bd/ already exists.
./circuit_plots/Unrestricted Disentangled|Readout|CN=3|B0=3|B1=3|K=1280|L=320|p_B=0.75|p_C=0.75|B=2|eps=0|c5cf5f29-0828-4665-8316-69edf18d12bd/ already exists.
./circuit_plots/Unrestricted Disentangled|Readout|CN=3|B0=3|B1=3|K=1280|L=320|p_B=0.75|p_C=0.75|B=2|eps=0|c5cf5f29-0828-4665-8316-69edf18d12bd/ already exists.
./circuit_plots/Unrestricted Disentangled|Readout|CN=3|B0=3|B1=3|K=1280|L=320|p_B=0.75|p_C=0.75|B=2|eps=0|c5cf5f29-0828-4665-8316-69edf18d12bd/ already exists.
./circuit_plots/Unrestricted Disentangled|Readout|CN=3|B0=3|B1=3|K=1280|L=320|p_B=0.75|p_C=0.75|B=2|eps=0|c5cf5f29-0828-4665-8316-69edf18d12bd/ already exists.
./circuit_plots/Unrestricted Disentangled|Readout|CN=3|B0=3|B1=3|K=1280|L=320|p_B=0.75|p_C=0.75|B=2|eps=0|c5cf5f29-0828-4665-8316-69edf18d12bd/ already exists.
Epoch: 1300, Loss: 5.747892379760742
Test acc: 0.0054, IC acc: 0.0071, IC acc2: 0.0029, IW acc: 0.0026
Epoch: 1301, Loss: 5.755277633666992
Epoch: 1302, Loss: 5.743724822998047
Epoch: 1303, Loss: 5.760227203369141
Epoch: 1304, Loss: 5.766045570373535
Epoch: 1305, Loss: 5.755362510681152
Epoch: 1306, Loss: 5.750642776489258
Epoch: 1307, Loss: 5.7450642585754395
Epoch: 1308, Loss: 5.76796817779541
Epoch: 1309, Loss: 5.774286270141602
Epoch: 1310, Loss: 5.76225471496582
Test acc: 0.0054, IC acc: 0.0071, IC acc2: 0.0029, IW acc: 0.0025
Epoch: 1311, Loss: 5.758754253387451
Epoch: 1312, Loss: 5.754515647888184
Epoch: 1313, Loss: 5.765941619873047
Epoch: 1314, Loss: 5.762692451477051
Epoch: 1315, Loss: 5.7500834465026855
Epoch: 1316, Loss: 5.767651557922363
Epoch: 1317, Loss: 5.770322322845459
Epoch: 1318, Loss: 5.76173210144043
Epoch: 1319, Loss: 5.746129512786865
Epoch: 1320, Loss: 5.751059532165527
Test acc: 0.0054, IC acc: 0.0071, IC acc2: 0.0029, IW acc: 0.0026
Epoch: 1321, Loss: 5.743025779724121
Epoch: 1322, Loss: 5.758872032165527
Epoch: 1323, Loss: 5.746543884277344
Epoch: 1324, Loss: 5.741570949554443
Epoch: 1325, Loss: 5.744117736816406
Epoch: 1326, Loss: 5.766878128051758
Epoch: 1327, Loss: 5.752213001251221
Epoch: 1328, Loss: 5.7627716064453125
Epoch: 1329, Loss: 5.749532699584961
Epoch: 1330, Loss: 5.7471513748168945
Test acc: 0.0054, IC acc: 0.0072, IC acc2: 0.0029, IW acc: 0.0026
Epoch: 1331, Loss: 5.755611896514893
Epoch: 1332, Loss: 5.759366035461426
Epoch: 1333, Loss: 5.7587785720825195
Epoch: 1334, Loss: 5.7519354820251465
Epoch: 1335, Loss: 5.747196197509766
Epoch: 1336, Loss: 5.752094268798828
Epoch: 1337, Loss: 5.760435581207275
Epoch: 1338, Loss: 5.7719268798828125
Epoch: 1339, Loss: 5.768880367279053
Epoch: 1340, Loss: 5.769495964050293
Test acc: 0.0054, IC acc: 0.0072, IC acc2: 0.0029, IW acc: 0.0026
Epoch: 1341, Loss: 5.746438980102539
Epoch: 1342, Loss: 5.767967224121094
Epoch: 1343, Loss: 5.76584005355835
Epoch: 1344, Loss: 5.779413223266602
Epoch: 1345, Loss: 5.7416791915893555
Epoch: 1346, Loss: 5.7474493980407715
Epoch: 1347, Loss: 5.7613525390625
Epoch: 1348, Loss: 5.756848335266113
Epoch: 1349, Loss: 5.758638381958008
./circuit_plots/Unrestricted Disentangled|Readout|CN=3|B0=3|B1=3|K=1280|L=320|p_B=0.75|p_C=0.75|B=2|eps=0|c5cf5f29-0828-4665-8316-69edf18d12bd/ already exists.
./circuit_plots/Unrestricted Disentangled|Readout|CN=3|B0=3|B1=3|K=1280|L=320|p_B=0.75|p_C=0.75|B=2|eps=0|c5cf5f29-0828-4665-8316-69edf18d12bd/ already exists.
./circuit_plots/Unrestricted Disentangled|Readout|CN=3|B0=3|B1=3|K=1280|L=320|p_B=0.75|p_C=0.75|B=2|eps=0|c5cf5f29-0828-4665-8316-69edf18d12bd/ already exists.
./circuit_plots/Unrestricted Disentangled|Readout|CN=3|B0=3|B1=3|K=1280|L=320|p_B=0.75|p_C=0.75|B=2|eps=0|c5cf5f29-0828-4665-8316-69edf18d12bd/ already exists.
./circuit_plots/Unrestricted Disentangled|Readout|CN=3|B0=3|B1=3|K=1280|L=320|p_B=0.75|p_C=0.75|B=2|eps=0|c5cf5f29-0828-4665-8316-69edf18d12bd/ already exists.
./circuit_plots/Unrestricted Disentangled|Readout|CN=3|B0=3|B1=3|K=1280|L=320|p_B=0.75|p_C=0.75|B=2|eps=0|c5cf5f29-0828-4665-8316-69edf18d12bd/ already exists.
./circuit_plots/Unrestricted Disentangled|Readout|CN=3|B0=3|B1=3|K=1280|L=320|p_B=0.75|p_C=0.75|B=2|eps=0|c5cf5f29-0828-4665-8316-69edf18d12bd/ already exists.
Epoch: 1350, Loss: 5.760080337524414
Test acc: 0.0054, IC acc: 0.0072, IC acc2: 0.0029, IW acc: 0.0026
Epoch: 1351, Loss: 5.767697334289551
Epoch: 1352, Loss: 5.746449947357178
Epoch: 1353, Loss: 5.747280120849609
Epoch: 1354, Loss: 5.757396697998047
Epoch: 1355, Loss: 5.751314163208008
Epoch: 1356, Loss: 5.769787788391113
Epoch: 1357, Loss: 5.747708797454834
Epoch: 1358, Loss: 5.7595014572143555
Epoch: 1359, Loss: 5.762643337249756
Epoch: 1360, Loss: 5.752647399902344
Test acc: 0.0055, IC acc: 0.0073, IC acc2: 0.0029, IW acc: 0.0026
Epoch: 1361, Loss: 5.768984317779541
Epoch: 1362, Loss: 5.746240615844727
Epoch: 1363, Loss: 5.750415802001953
Epoch: 1364, Loss: 5.757284164428711
Epoch: 1365, Loss: 5.754249572753906
Epoch: 1366, Loss: 5.750396728515625
Epoch: 1367, Loss: 5.760812282562256
Epoch: 1368, Loss: 5.752861022949219
Epoch: 1369, Loss: 5.756473541259766
Epoch: 1370, Loss: 5.7668256759643555
Test acc: 0.0055, IC acc: 0.0073, IC acc2: 0.0029, IW acc: 0.0026
Epoch: 1371, Loss: 5.758542060852051
Epoch: 1372, Loss: 5.75605583190918
Epoch: 1373, Loss: 5.755173683166504
Epoch: 1374, Loss: 5.746773719787598
Epoch: 1375, Loss: 5.754957675933838
Epoch: 1376, Loss: 5.751208782196045
Epoch: 1377, Loss: 5.73503303527832
Epoch: 1378, Loss: 5.7534589767456055
Epoch: 1379, Loss: 5.749919414520264
Epoch: 1380, Loss: 5.764144420623779
Test acc: 0.0055, IC acc: 0.0073, IC acc2: 0.0029, IW acc: 0.0025
Epoch: 1381, Loss: 5.735189437866211
Epoch: 1382, Loss: 5.774027347564697
Epoch: 1383, Loss: 5.762074947357178
Epoch: 1384, Loss: 5.7536187171936035
Epoch: 1385, Loss: 5.7576518058776855
Epoch: 1386, Loss: 5.748196601867676
Epoch: 1387, Loss: 5.749869346618652
Epoch: 1388, Loss: 5.778312683105469
Epoch: 1389, Loss: 5.756105899810791
Epoch: 1390, Loss: 5.753985404968262
Test acc: 0.0055, IC acc: 0.0073, IC acc2: 0.0029, IW acc: 0.0026
Epoch: 1391, Loss: 5.776318550109863
Epoch: 1392, Loss: 5.748922824859619
Epoch: 1393, Loss: 5.763019561767578
Epoch: 1394, Loss: 5.75847053527832
Epoch: 1395, Loss: 5.7606425285339355
Epoch: 1396, Loss: 5.754541873931885
Epoch: 1397, Loss: 5.758918762207031
Epoch: 1398, Loss: 5.771452903747559
Epoch: 1399, Loss: 5.765150547027588
./circuit_plots/Unrestricted Disentangled|Readout|CN=3|B0=3|B1=3|K=1280|L=320|p_B=0.75|p_C=0.75|B=2|eps=0|c5cf5f29-0828-4665-8316-69edf18d12bd/ already exists.
./circuit_plots/Unrestricted Disentangled|Readout|CN=3|B0=3|B1=3|K=1280|L=320|p_B=0.75|p_C=0.75|B=2|eps=0|c5cf5f29-0828-4665-8316-69edf18d12bd/ already exists.
./circuit_plots/Unrestricted Disentangled|Readout|CN=3|B0=3|B1=3|K=1280|L=320|p_B=0.75|p_C=0.75|B=2|eps=0|c5cf5f29-0828-4665-8316-69edf18d12bd/ already exists.
./circuit_plots/Unrestricted Disentangled|Readout|CN=3|B0=3|B1=3|K=1280|L=320|p_B=0.75|p_C=0.75|B=2|eps=0|c5cf5f29-0828-4665-8316-69edf18d12bd/ already exists.
./circuit_plots/Unrestricted Disentangled|Readout|CN=3|B0=3|B1=3|K=1280|L=320|p_B=0.75|p_C=0.75|B=2|eps=0|c5cf5f29-0828-4665-8316-69edf18d12bd/ already exists.
./circuit_plots/Unrestricted Disentangled|Readout|CN=3|B0=3|B1=3|K=1280|L=320|p_B=0.75|p_C=0.75|B=2|eps=0|c5cf5f29-0828-4665-8316-69edf18d12bd/ already exists.
./circuit_plots/Unrestricted Disentangled|Readout|CN=3|B0=3|B1=3|K=1280|L=320|p_B=0.75|p_C=0.75|B=2|eps=0|c5cf5f29-0828-4665-8316-69edf18d12bd/ already exists.
Epoch: 1400, Loss: 5.758263111114502
Test acc: 0.0055, IC acc: 0.0074, IC acc2: 0.0029, IW acc: 0.0025
Epoch: 1401, Loss: 5.761696815490723
Epoch: 1402, Loss: 5.767782211303711
Epoch: 1403, Loss: 5.75525426864624
Epoch: 1404, Loss: 5.760465145111084
Epoch: 1405, Loss: 5.776598930358887
Epoch: 1406, Loss: 5.757570743560791
Epoch: 1407, Loss: 5.747138023376465
Epoch: 1408, Loss: 5.764575004577637
Epoch: 1409, Loss: 5.755117416381836
Epoch: 1410, Loss: 5.757611274719238
Test acc: 0.0055, IC acc: 0.0074, IC acc2: 0.0029, IW acc: 0.0025
Epoch: 1411, Loss: 5.755377769470215
Epoch: 1412, Loss: 5.74921989440918
Epoch: 1413, Loss: 5.75250768661499
Epoch: 1414, Loss: 5.766504764556885
Epoch: 1415, Loss: 5.750195026397705
Epoch: 1416, Loss: 5.744014739990234
Epoch: 1417, Loss: 5.757719993591309
Epoch: 1418, Loss: 5.752118110656738
Epoch: 1419, Loss: 5.758635520935059
Epoch: 1420, Loss: 5.756573677062988
Test acc: 0.0056, IC acc: 0.0075, IC acc2: 0.0029, IW acc: 0.0024
Epoch: 1421, Loss: 5.745124816894531
Epoch: 1422, Loss: 5.757096767425537
Epoch: 1423, Loss: 5.746821403503418
Epoch: 1424, Loss: 5.748457908630371
Epoch: 1425, Loss: 5.763748645782471
Epoch: 1426, Loss: 5.753316879272461
Epoch: 1427, Loss: 5.735536098480225
Epoch: 1428, Loss: 5.757046699523926
Epoch: 1429, Loss: 5.7612409591674805
Epoch: 1430, Loss: 5.7574591636657715
Test acc: 0.0056, IC acc: 0.0078, IC acc2: 0.0029, IW acc: 0.0024
Epoch: 1431, Loss: 5.766208648681641
Epoch: 1432, Loss: 5.747409343719482
Epoch: 1433, Loss: 5.739360332489014
Epoch: 1434, Loss: 5.7447357177734375
Epoch: 1435, Loss: 5.742696762084961
Epoch: 1436, Loss: 5.761573791503906
Epoch: 1437, Loss: 5.756631851196289
Epoch: 1438, Loss: 5.770260810852051
Epoch: 1439, Loss: 5.741064071655273
Epoch: 1440, Loss: 5.750380992889404
Test acc: 0.0056, IC acc: 0.0077, IC acc2: 0.0029, IW acc: 0.0024
Epoch: 1441, Loss: 5.763706684112549
Epoch: 1442, Loss: 5.753183364868164
Epoch: 1443, Loss: 5.775068283081055
Epoch: 1444, Loss: 5.761887073516846
Epoch: 1445, Loss: 5.764906883239746
Epoch: 1446, Loss: 5.765558242797852
Epoch: 1447, Loss: 5.759930610656738
Epoch: 1448, Loss: 5.768115997314453
Epoch: 1449, Loss: 5.752852916717529
./circuit_plots/Unrestricted Disentangled|Readout|CN=3|B0=3|B1=3|K=1280|L=320|p_B=0.75|p_C=0.75|B=2|eps=0|c5cf5f29-0828-4665-8316-69edf18d12bd/ already exists.
./circuit_plots/Unrestricted Disentangled|Readout|CN=3|B0=3|B1=3|K=1280|L=320|p_B=0.75|p_C=0.75|B=2|eps=0|c5cf5f29-0828-4665-8316-69edf18d12bd/ already exists.
./circuit_plots/Unrestricted Disentangled|Readout|CN=3|B0=3|B1=3|K=1280|L=320|p_B=0.75|p_C=0.75|B=2|eps=0|c5cf5f29-0828-4665-8316-69edf18d12bd/ already exists.
./circuit_plots/Unrestricted Disentangled|Readout|CN=3|B0=3|B1=3|K=1280|L=320|p_B=0.75|p_C=0.75|B=2|eps=0|c5cf5f29-0828-4665-8316-69edf18d12bd/ already exists.
./circuit_plots/Unrestricted Disentangled|Readout|CN=3|B0=3|B1=3|K=1280|L=320|p_B=0.75|p_C=0.75|B=2|eps=0|c5cf5f29-0828-4665-8316-69edf18d12bd/ already exists.
./circuit_plots/Unrestricted Disentangled|Readout|CN=3|B0=3|B1=3|K=1280|L=320|p_B=0.75|p_C=0.75|B=2|eps=0|c5cf5f29-0828-4665-8316-69edf18d12bd/ already exists.
./circuit_plots/Unrestricted Disentangled|Readout|CN=3|B0=3|B1=3|K=1280|L=320|p_B=0.75|p_C=0.75|B=2|eps=0|c5cf5f29-0828-4665-8316-69edf18d12bd/ already exists.
Epoch: 1450, Loss: 5.758512496948242
Test acc: 0.0056, IC acc: 0.008, IC acc2: 0.0029, IW acc: 0.0024
Epoch: 1451, Loss: 5.759171485900879
Epoch: 1452, Loss: 5.757383346557617
Epoch: 1453, Loss: 5.761659622192383
Epoch: 1454, Loss: 5.751127243041992
Epoch: 1455, Loss: 5.749050140380859
Epoch: 1456, Loss: 5.772250175476074
Epoch: 1457, Loss: 5.756535530090332
Epoch: 1458, Loss: 5.735837936401367
Epoch: 1459, Loss: 5.745766639709473
Epoch: 1460, Loss: 5.763386249542236
Test acc: 0.0056, IC acc: 0.008, IC acc2: 0.0029, IW acc: 0.0024
Epoch: 1461, Loss: 5.739107131958008
Epoch: 1462, Loss: 5.751617431640625
Epoch: 1463, Loss: 5.751165866851807
Epoch: 1464, Loss: 5.747117042541504
Epoch: 1465, Loss: 5.763645648956299
Epoch: 1466, Loss: 5.751955986022949
Epoch: 1467, Loss: 5.750532627105713
Epoch: 1468, Loss: 5.751710414886475
Epoch: 1469, Loss: 5.759469985961914
Epoch: 1470, Loss: 5.757226943969727
Test acc: 0.0056, IC acc: 0.0082, IC acc2: 0.0029, IW acc: 0.0024
Epoch: 1471, Loss: 5.773553371429443
Epoch: 1472, Loss: 5.737834453582764
Epoch: 1473, Loss: 5.765205383300781
Epoch: 1474, Loss: 5.754217147827148
Epoch: 1475, Loss: 5.7546916007995605
Epoch: 1476, Loss: 5.747546195983887
Epoch: 1477, Loss: 5.742237091064453
Epoch: 1478, Loss: 5.755073547363281
Epoch: 1479, Loss: 5.763673782348633
Epoch: 1480, Loss: 5.738511085510254
Test acc: 0.0056, IC acc: 0.0083, IC acc2: 0.0029, IW acc: 0.0025
Epoch: 1481, Loss: 5.755128860473633
Epoch: 1482, Loss: 5.754608154296875
Epoch: 1483, Loss: 5.77437686920166
Epoch: 1484, Loss: 5.767168998718262
Epoch: 1485, Loss: 5.75571870803833
Epoch: 1486, Loss: 5.7462663650512695
Epoch: 1487, Loss: 5.743842124938965
Epoch: 1488, Loss: 5.74808406829834
Epoch: 1489, Loss: 5.768763542175293
Epoch: 1490, Loss: 5.755026817321777
Test acc: 0.0056, IC acc: 0.0083, IC acc2: 0.0029, IW acc: 0.0024
Epoch: 1491, Loss: 5.759718894958496
Epoch: 1492, Loss: 5.743924617767334
Epoch: 1493, Loss: 5.771823883056641
Epoch: 1494, Loss: 5.7586259841918945
Epoch: 1495, Loss: 5.754128456115723
Epoch: 1496, Loss: 5.754209518432617
Epoch: 1497, Loss: 5.742746353149414
Epoch: 1498, Loss: 5.760394096374512
Epoch: 1499, Loss: 5.757214546203613
./circuit_plots/Unrestricted Disentangled|Readout|CN=3|B0=3|B1=3|K=1280|L=320|p_B=0.75|p_C=0.75|B=2|eps=0|c5cf5f29-0828-4665-8316-69edf18d12bd/ already exists.
./circuit_plots/Unrestricted Disentangled|Readout|CN=3|B0=3|B1=3|K=1280|L=320|p_B=0.75|p_C=0.75|B=2|eps=0|c5cf5f29-0828-4665-8316-69edf18d12bd/ already exists.
./circuit_plots/Unrestricted Disentangled|Readout|CN=3|B0=3|B1=3|K=1280|L=320|p_B=0.75|p_C=0.75|B=2|eps=0|c5cf5f29-0828-4665-8316-69edf18d12bd/ already exists.
./circuit_plots/Unrestricted Disentangled|Readout|CN=3|B0=3|B1=3|K=1280|L=320|p_B=0.75|p_C=0.75|B=2|eps=0|c5cf5f29-0828-4665-8316-69edf18d12bd/ already exists.
./circuit_plots/Unrestricted Disentangled|Readout|CN=3|B0=3|B1=3|K=1280|L=320|p_B=0.75|p_C=0.75|B=2|eps=0|c5cf5f29-0828-4665-8316-69edf18d12bd/ already exists.
./circuit_plots/Unrestricted Disentangled|Readout|CN=3|B0=3|B1=3|K=1280|L=320|p_B=0.75|p_C=0.75|B=2|eps=0|c5cf5f29-0828-4665-8316-69edf18d12bd/ already exists.
./circuit_plots/Unrestricted Disentangled|Readout|CN=3|B0=3|B1=3|K=1280|L=320|p_B=0.75|p_C=0.75|B=2|eps=0|c5cf5f29-0828-4665-8316-69edf18d12bd/ already exists.
Epoch: 1500, Loss: 5.757580757141113
Test acc: 0.0056, IC acc: 0.0083, IC acc2: 0.003, IW acc: 0.0025
Epoch: 1501, Loss: 5.760805130004883
Epoch: 1502, Loss: 5.739500045776367
Epoch: 1503, Loss: 5.751418113708496
Epoch: 1504, Loss: 5.748971939086914
Epoch: 1505, Loss: 5.758158206939697
Epoch: 1506, Loss: 5.755915641784668
Epoch: 1507, Loss: 5.751407623291016
Epoch: 1508, Loss: 5.760056972503662
Epoch: 1509, Loss: 5.756067276000977
Epoch: 1510, Loss: 5.7513604164123535
Test acc: 0.0056, IC acc: 0.0083, IC acc2: 0.0029, IW acc: 0.0025
Epoch: 1511, Loss: 5.757102966308594
Epoch: 1512, Loss: 5.749577045440674
Epoch: 1513, Loss: 5.772577285766602
Epoch: 1514, Loss: 5.754436016082764
Epoch: 1515, Loss: 5.749312877655029
Epoch: 1516, Loss: 5.765551567077637
Epoch: 1517, Loss: 5.7482147216796875
Epoch: 1518, Loss: 5.757901191711426
Epoch: 1519, Loss: 5.760393142700195
Epoch: 1520, Loss: 5.7457404136657715
Test acc: 0.0056, IC acc: 0.0083, IC acc2: 0.003, IW acc: 0.0025
Epoch: 1521, Loss: 5.76324987411499
Epoch: 1522, Loss: 5.752224922180176
Epoch: 1523, Loss: 5.76201057434082
Epoch: 1524, Loss: 5.757935047149658
Epoch: 1525, Loss: 5.761704444885254
Epoch: 1526, Loss: 5.773658275604248
Epoch: 1527, Loss: 5.735793113708496
Epoch: 1528, Loss: 5.7552032470703125
Epoch: 1529, Loss: 5.765070915222168
Epoch: 1530, Loss: 5.748600482940674
Test acc: 0.0057, IC acc: 0.0083, IC acc2: 0.0029, IW acc: 0.0025
Epoch: 1531, Loss: 5.752557277679443
Epoch: 1532, Loss: 5.749416351318359
Epoch: 1533, Loss: 5.740559101104736
Epoch: 1534, Loss: 5.750578880310059
Epoch: 1535, Loss: 5.756019115447998
Epoch: 1536, Loss: 5.751001358032227
Epoch: 1537, Loss: 5.744368553161621
Epoch: 1538, Loss: 5.753047466278076
Epoch: 1539, Loss: 5.752008438110352
Epoch: 1540, Loss: 5.745842456817627
Test acc: 0.0058, IC acc: 0.0083, IC acc2: 0.0029, IW acc: 0.0025
Epoch: 1541, Loss: 5.760356903076172
Epoch: 1542, Loss: 5.748386383056641
Epoch: 1543, Loss: 5.7576584815979
Epoch: 1544, Loss: 5.7598466873168945
Epoch: 1545, Loss: 5.771421909332275
Epoch: 1546, Loss: 5.7482194900512695
Epoch: 1547, Loss: 5.754319190979004
Epoch: 1548, Loss: 5.768566608428955
Epoch: 1549, Loss: 5.741165637969971
./circuit_plots/Unrestricted Disentangled|Readout|CN=3|B0=3|B1=3|K=1280|L=320|p_B=0.75|p_C=0.75|B=2|eps=0|c5cf5f29-0828-4665-8316-69edf18d12bd/ already exists.
./circuit_plots/Unrestricted Disentangled|Readout|CN=3|B0=3|B1=3|K=1280|L=320|p_B=0.75|p_C=0.75|B=2|eps=0|c5cf5f29-0828-4665-8316-69edf18d12bd/ already exists.
./circuit_plots/Unrestricted Disentangled|Readout|CN=3|B0=3|B1=3|K=1280|L=320|p_B=0.75|p_C=0.75|B=2|eps=0|c5cf5f29-0828-4665-8316-69edf18d12bd/ already exists.
./circuit_plots/Unrestricted Disentangled|Readout|CN=3|B0=3|B1=3|K=1280|L=320|p_B=0.75|p_C=0.75|B=2|eps=0|c5cf5f29-0828-4665-8316-69edf18d12bd/ already exists.
./circuit_plots/Unrestricted Disentangled|Readout|CN=3|B0=3|B1=3|K=1280|L=320|p_B=0.75|p_C=0.75|B=2|eps=0|c5cf5f29-0828-4665-8316-69edf18d12bd/ already exists.
./circuit_plots/Unrestricted Disentangled|Readout|CN=3|B0=3|B1=3|K=1280|L=320|p_B=0.75|p_C=0.75|B=2|eps=0|c5cf5f29-0828-4665-8316-69edf18d12bd/ already exists.
./circuit_plots/Unrestricted Disentangled|Readout|CN=3|B0=3|B1=3|K=1280|L=320|p_B=0.75|p_C=0.75|B=2|eps=0|c5cf5f29-0828-4665-8316-69edf18d12bd/ already exists.
Epoch: 1550, Loss: 5.7573957443237305
Test acc: 0.0059, IC acc: 0.0083, IC acc2: 0.0029, IW acc: 0.0025
Epoch: 1551, Loss: 5.746941566467285
Epoch: 1552, Loss: 5.759276390075684
Epoch: 1553, Loss: 5.7672882080078125
Epoch: 1554, Loss: 5.759835720062256
Epoch: 1555, Loss: 5.739505290985107
Epoch: 1556, Loss: 5.760716438293457
Epoch: 1557, Loss: 5.765786170959473
Epoch: 1558, Loss: 5.729601860046387
Epoch: 1559, Loss: 5.743321418762207
Epoch: 1560, Loss: 5.7561211585998535
Test acc: 0.0059, IC acc: 0.0083, IC acc2: 0.0029, IW acc: 0.0025
Epoch: 1561, Loss: 5.775937557220459
Epoch: 1562, Loss: 5.7542290687561035
Epoch: 1563, Loss: 5.741410255432129
Epoch: 1564, Loss: 5.756063461303711
Epoch: 1565, Loss: 5.762187480926514
Epoch: 1566, Loss: 5.7672319412231445
Epoch: 1567, Loss: 5.752583026885986
Epoch: 1568, Loss: 5.744126319885254
Epoch: 1569, Loss: 5.774422645568848
Epoch: 1570, Loss: 5.752420425415039
Test acc: 0.0058, IC acc: 0.0084, IC acc2: 0.0029, IW acc: 0.0025
Epoch: 1571, Loss: 5.749943256378174
Epoch: 1572, Loss: 5.747584819793701
Epoch: 1573, Loss: 5.76528263092041
Epoch: 1574, Loss: 5.745607852935791
Epoch: 1575, Loss: 5.765302658081055
Epoch: 1576, Loss: 5.74101448059082
Epoch: 1577, Loss: 5.762340068817139
Epoch: 1578, Loss: 5.751458168029785
Epoch: 1579, Loss: 5.748237609863281
Epoch: 1580, Loss: 5.754275321960449
Test acc: 0.0059, IC acc: 0.0084, IC acc2: 0.0028, IW acc: 0.0025
Epoch: 1581, Loss: 5.744778633117676
Epoch: 1582, Loss: 5.775251388549805
Epoch: 1583, Loss: 5.7572808265686035
Epoch: 1584, Loss: 5.759608268737793
Epoch: 1585, Loss: 5.766902923583984
Epoch: 1586, Loss: 5.748283386230469
Epoch: 1587, Loss: 5.741583824157715
Epoch: 1588, Loss: 5.744054794311523
Epoch: 1589, Loss: 5.734976768493652
Epoch: 1590, Loss: 5.7468366622924805
Test acc: 0.0059, IC acc: 0.0085, IC acc2: 0.0028, IW acc: 0.0025
Epoch: 1591, Loss: 5.754848480224609
Epoch: 1592, Loss: 5.734430313110352
Epoch: 1593, Loss: 5.756128311157227
Epoch: 1594, Loss: 5.749663829803467
Epoch: 1595, Loss: 5.744588375091553
Epoch: 1596, Loss: 5.764707565307617
Epoch: 1597, Loss: 5.741759300231934
Epoch: 1598, Loss: 5.7526164054870605
Epoch: 1599, Loss: 5.754251480102539
./circuit_plots/Unrestricted Disentangled|Readout|CN=3|B0=3|B1=3|K=1280|L=320|p_B=0.75|p_C=0.75|B=2|eps=0|c5cf5f29-0828-4665-8316-69edf18d12bd/ already exists.
./circuit_plots/Unrestricted Disentangled|Readout|CN=3|B0=3|B1=3|K=1280|L=320|p_B=0.75|p_C=0.75|B=2|eps=0|c5cf5f29-0828-4665-8316-69edf18d12bd/ already exists.
./circuit_plots/Unrestricted Disentangled|Readout|CN=3|B0=3|B1=3|K=1280|L=320|p_B=0.75|p_C=0.75|B=2|eps=0|c5cf5f29-0828-4665-8316-69edf18d12bd/ already exists.
./circuit_plots/Unrestricted Disentangled|Readout|CN=3|B0=3|B1=3|K=1280|L=320|p_B=0.75|p_C=0.75|B=2|eps=0|c5cf5f29-0828-4665-8316-69edf18d12bd/ already exists.
./circuit_plots/Unrestricted Disentangled|Readout|CN=3|B0=3|B1=3|K=1280|L=320|p_B=0.75|p_C=0.75|B=2|eps=0|c5cf5f29-0828-4665-8316-69edf18d12bd/ already exists.
./circuit_plots/Unrestricted Disentangled|Readout|CN=3|B0=3|B1=3|K=1280|L=320|p_B=0.75|p_C=0.75|B=2|eps=0|c5cf5f29-0828-4665-8316-69edf18d12bd/ already exists.
./circuit_plots/Unrestricted Disentangled|Readout|CN=3|B0=3|B1=3|K=1280|L=320|p_B=0.75|p_C=0.75|B=2|eps=0|c5cf5f29-0828-4665-8316-69edf18d12bd/ already exists.
Epoch: 1600, Loss: 5.736138343811035
Test acc: 0.006, IC acc: 0.0085, IC acc2: 0.0028, IW acc: 0.0025
Epoch: 1601, Loss: 5.7532854080200195
Epoch: 1602, Loss: 5.735393047332764
Epoch: 1603, Loss: 5.7469162940979
Epoch: 1604, Loss: 5.754358291625977
Epoch: 1605, Loss: 5.759011268615723
Epoch: 1606, Loss: 5.750731468200684
Epoch: 1607, Loss: 5.760706901550293
Epoch: 1608, Loss: 5.738676071166992
Epoch: 1609, Loss: 5.739136695861816
Epoch: 1610, Loss: 5.746805191040039
Test acc: 0.0059, IC acc: 0.0085, IC acc2: 0.0028, IW acc: 0.0025
Epoch: 1611, Loss: 5.744185447692871
Epoch: 1612, Loss: 5.759087562561035
Epoch: 1613, Loss: 5.766165256500244
Epoch: 1614, Loss: 5.743184566497803
Epoch: 1615, Loss: 5.75208854675293
Epoch: 1616, Loss: 5.761684894561768
Epoch: 1617, Loss: 5.735166072845459
Epoch: 1618, Loss: 5.745968818664551
Epoch: 1619, Loss: 5.771634101867676
Epoch: 1620, Loss: 5.745187282562256
Test acc: 0.0059, IC acc: 0.0085, IC acc2: 0.0028, IW acc: 0.0025
Epoch: 1621, Loss: 5.7479143142700195
Epoch: 1622, Loss: 5.755868911743164
Epoch: 1623, Loss: 5.766491889953613
Epoch: 1624, Loss: 5.759215354919434
Epoch: 1625, Loss: 5.755641460418701
Epoch: 1626, Loss: 5.744254112243652
Epoch: 1627, Loss: 5.745360851287842
Epoch: 1628, Loss: 5.7529706954956055
Epoch: 1629, Loss: 5.7546586990356445
Epoch: 1630, Loss: 5.744685173034668
Test acc: 0.0059, IC acc: 0.0086, IC acc2: 0.0028, IW acc: 0.0025
Epoch: 1631, Loss: 5.756349563598633
Epoch: 1632, Loss: 5.733342170715332
Epoch: 1633, Loss: 5.7471113204956055
Epoch: 1634, Loss: 5.7477335929870605
Epoch: 1635, Loss: 5.76983642578125
Epoch: 1636, Loss: 5.74387788772583
Epoch: 1637, Loss: 5.739253997802734
Epoch: 1638, Loss: 5.739298343658447
Epoch: 1639, Loss: 5.764834403991699
Epoch: 1640, Loss: 5.763121604919434
Test acc: 0.006, IC acc: 0.0086, IC acc2: 0.0028, IW acc: 0.0025
Epoch: 1641, Loss: 5.745864391326904
Epoch: 1642, Loss: 5.764776706695557
Epoch: 1643, Loss: 5.748016357421875
Epoch: 1644, Loss: 5.755324363708496
Epoch: 1645, Loss: 5.760253429412842
Epoch: 1646, Loss: 5.74704122543335
Epoch: 1647, Loss: 5.751145362854004
Epoch: 1648, Loss: 5.754129409790039
Epoch: 1649, Loss: 5.745534896850586
./circuit_plots/Unrestricted Disentangled|Readout|CN=3|B0=3|B1=3|K=1280|L=320|p_B=0.75|p_C=0.75|B=2|eps=0|c5cf5f29-0828-4665-8316-69edf18d12bd/ already exists.
./circuit_plots/Unrestricted Disentangled|Readout|CN=3|B0=3|B1=3|K=1280|L=320|p_B=0.75|p_C=0.75|B=2|eps=0|c5cf5f29-0828-4665-8316-69edf18d12bd/ already exists.
./circuit_plots/Unrestricted Disentangled|Readout|CN=3|B0=3|B1=3|K=1280|L=320|p_B=0.75|p_C=0.75|B=2|eps=0|c5cf5f29-0828-4665-8316-69edf18d12bd/ already exists.
./circuit_plots/Unrestricted Disentangled|Readout|CN=3|B0=3|B1=3|K=1280|L=320|p_B=0.75|p_C=0.75|B=2|eps=0|c5cf5f29-0828-4665-8316-69edf18d12bd/ already exists.
./circuit_plots/Unrestricted Disentangled|Readout|CN=3|B0=3|B1=3|K=1280|L=320|p_B=0.75|p_C=0.75|B=2|eps=0|c5cf5f29-0828-4665-8316-69edf18d12bd/ already exists.
./circuit_plots/Unrestricted Disentangled|Readout|CN=3|B0=3|B1=3|K=1280|L=320|p_B=0.75|p_C=0.75|B=2|eps=0|c5cf5f29-0828-4665-8316-69edf18d12bd/ already exists.
./circuit_plots/Unrestricted Disentangled|Readout|CN=3|B0=3|B1=3|K=1280|L=320|p_B=0.75|p_C=0.75|B=2|eps=0|c5cf5f29-0828-4665-8316-69edf18d12bd/ already exists.
Epoch: 1650, Loss: 5.754827976226807
Test acc: 0.006, IC acc: 0.0086, IC acc2: 0.0028, IW acc: 0.0024
Epoch: 1651, Loss: 5.7408857345581055
Epoch: 1652, Loss: 5.736392974853516
Epoch: 1653, Loss: 5.769905090332031
Epoch: 1654, Loss: 5.756750106811523
Epoch: 1655, Loss: 5.754239082336426
Epoch: 1656, Loss: 5.740046501159668
Epoch: 1657, Loss: 5.7459917068481445
Epoch: 1658, Loss: 5.761013031005859
Epoch: 1659, Loss: 5.752401351928711
Epoch: 1660, Loss: 5.735542297363281
Test acc: 0.006, IC acc: 0.0085, IC acc2: 0.0028, IW acc: 0.0023
Epoch: 1661, Loss: 5.769147872924805
Epoch: 1662, Loss: 5.757865905761719
Epoch: 1663, Loss: 5.725165367126465
Epoch: 1664, Loss: 5.753989219665527
Epoch: 1665, Loss: 5.7471089363098145
Epoch: 1666, Loss: 5.762575626373291
Epoch: 1667, Loss: 5.7349019050598145
Epoch: 1668, Loss: 5.75729513168335
Epoch: 1669, Loss: 5.749434471130371
Epoch: 1670, Loss: 5.761937141418457
Test acc: 0.0061, IC acc: 0.0085, IC acc2: 0.0028, IW acc: 0.0023
Epoch: 1671, Loss: 5.745807647705078
Epoch: 1672, Loss: 5.749211311340332
Epoch: 1673, Loss: 5.756857395172119
Epoch: 1674, Loss: 5.747862339019775
Epoch: 1675, Loss: 5.757111549377441
Epoch: 1676, Loss: 5.764625549316406
Epoch: 1677, Loss: 5.763547897338867
Epoch: 1678, Loss: 5.745240211486816
Epoch: 1679, Loss: 5.7553815841674805
Epoch: 1680, Loss: 5.7425761222839355
Test acc: 0.0062, IC acc: 0.0084, IC acc2: 0.0027, IW acc: 0.0023
Epoch: 1681, Loss: 5.735658645629883
Epoch: 1682, Loss: 5.746964454650879
Epoch: 1683, Loss: 5.771883964538574
Epoch: 1684, Loss: 5.734590530395508
Epoch: 1685, Loss: 5.753827095031738
Epoch: 1686, Loss: 5.751297950744629
Epoch: 1687, Loss: 5.738090991973877
Epoch: 1688, Loss: 5.734217643737793
Epoch: 1689, Loss: 5.7648162841796875
Epoch: 1690, Loss: 5.739444732666016
Test acc: 0.0061, IC acc: 0.0085, IC acc2: 0.0027, IW acc: 0.0023
Epoch: 1691, Loss: 5.73866605758667
Epoch: 1692, Loss: 5.741425037384033
Epoch: 1693, Loss: 5.75125789642334
Epoch: 1694, Loss: 5.745859146118164
Epoch: 1695, Loss: 5.754256248474121
Epoch: 1696, Loss: 5.756211757659912
Epoch: 1697, Loss: 5.760320663452148
Epoch: 1698, Loss: 5.758423805236816
Epoch: 1699, Loss: 5.751599311828613
./circuit_plots/Unrestricted Disentangled|Readout|CN=3|B0=3|B1=3|K=1280|L=320|p_B=0.75|p_C=0.75|B=2|eps=0|c5cf5f29-0828-4665-8316-69edf18d12bd/ already exists.
./circuit_plots/Unrestricted Disentangled|Readout|CN=3|B0=3|B1=3|K=1280|L=320|p_B=0.75|p_C=0.75|B=2|eps=0|c5cf5f29-0828-4665-8316-69edf18d12bd/ already exists.
./circuit_plots/Unrestricted Disentangled|Readout|CN=3|B0=3|B1=3|K=1280|L=320|p_B=0.75|p_C=0.75|B=2|eps=0|c5cf5f29-0828-4665-8316-69edf18d12bd/ already exists.
./circuit_plots/Unrestricted Disentangled|Readout|CN=3|B0=3|B1=3|K=1280|L=320|p_B=0.75|p_C=0.75|B=2|eps=0|c5cf5f29-0828-4665-8316-69edf18d12bd/ already exists.
./circuit_plots/Unrestricted Disentangled|Readout|CN=3|B0=3|B1=3|K=1280|L=320|p_B=0.75|p_C=0.75|B=2|eps=0|c5cf5f29-0828-4665-8316-69edf18d12bd/ already exists.
./circuit_plots/Unrestricted Disentangled|Readout|CN=3|B0=3|B1=3|K=1280|L=320|p_B=0.75|p_C=0.75|B=2|eps=0|c5cf5f29-0828-4665-8316-69edf18d12bd/ already exists.
./circuit_plots/Unrestricted Disentangled|Readout|CN=3|B0=3|B1=3|K=1280|L=320|p_B=0.75|p_C=0.75|B=2|eps=0|c5cf5f29-0828-4665-8316-69edf18d12bd/ already exists.
Epoch: 1700, Loss: 5.739192008972168
Test acc: 0.0061, IC acc: 0.0084, IC acc2: 0.0027, IW acc: 0.0023
Epoch: 1701, Loss: 5.756919860839844
Epoch: 1702, Loss: 5.749950408935547
Epoch: 1703, Loss: 5.748611927032471
Epoch: 1704, Loss: 5.756202697753906
Epoch: 1705, Loss: 5.751656532287598
Epoch: 1706, Loss: 5.738990783691406
Epoch: 1707, Loss: 5.751838684082031
Epoch: 1708, Loss: 5.751799583435059
Epoch: 1709, Loss: 5.756263256072998
Epoch: 1710, Loss: 5.7687788009643555
Test acc: 0.0061, IC acc: 0.0084, IC acc2: 0.0028, IW acc: 0.0023
Epoch: 1711, Loss: 5.738203048706055
Epoch: 1712, Loss: 5.7648491859436035
Epoch: 1713, Loss: 5.746009349822998
Epoch: 1714, Loss: 5.752901077270508
Epoch: 1715, Loss: 5.766446590423584
Epoch: 1716, Loss: 5.741808891296387
Epoch: 1717, Loss: 5.749820709228516
Epoch: 1718, Loss: 5.749905586242676
Epoch: 1719, Loss: 5.7556867599487305
Epoch: 1720, Loss: 5.757941722869873
Test acc: 0.0064, IC acc: 0.0084, IC acc2: 0.0028, IW acc: 0.0023
Epoch: 1721, Loss: 5.759952545166016
Epoch: 1722, Loss: 5.7571563720703125
Epoch: 1723, Loss: 5.746476650238037
Epoch: 1724, Loss: 5.754646301269531
Epoch: 1725, Loss: 5.7690300941467285
Epoch: 1726, Loss: 5.743443012237549
Epoch: 1727, Loss: 5.760631084442139
Epoch: 1728, Loss: 5.737414360046387
Epoch: 1729, Loss: 5.749619483947754
Epoch: 1730, Loss: 5.7604193687438965
Test acc: 0.0065, IC acc: 0.0084, IC acc2: 0.0028, IW acc: 0.0023
Epoch: 1731, Loss: 5.759774208068848
Epoch: 1732, Loss: 5.766339302062988
Epoch: 1733, Loss: 5.746677398681641
Epoch: 1734, Loss: 5.744478702545166
Epoch: 1735, Loss: 5.761476516723633
Epoch: 1736, Loss: 5.7324724197387695
Epoch: 1737, Loss: 5.766582012176514
Epoch: 1738, Loss: 5.750822067260742
Epoch: 1739, Loss: 5.743974685668945
Epoch: 1740, Loss: 5.75534200668335
Test acc: 0.0065, IC acc: 0.0084, IC acc2: 0.0028, IW acc: 0.0023
Epoch: 1741, Loss: 5.742727756500244
Epoch: 1742, Loss: 5.744322776794434
Epoch: 1743, Loss: 5.748195648193359
Epoch: 1744, Loss: 5.731034278869629
Epoch: 1745, Loss: 5.754803657531738
Epoch: 1746, Loss: 5.744121551513672
Epoch: 1747, Loss: 5.766963005065918
Epoch: 1748, Loss: 5.742317199707031
Epoch: 1749, Loss: 5.759765625
./circuit_plots/Unrestricted Disentangled|Readout|CN=3|B0=3|B1=3|K=1280|L=320|p_B=0.75|p_C=0.75|B=2|eps=0|c5cf5f29-0828-4665-8316-69edf18d12bd/ already exists.
./circuit_plots/Unrestricted Disentangled|Readout|CN=3|B0=3|B1=3|K=1280|L=320|p_B=0.75|p_C=0.75|B=2|eps=0|c5cf5f29-0828-4665-8316-69edf18d12bd/ already exists.
./circuit_plots/Unrestricted Disentangled|Readout|CN=3|B0=3|B1=3|K=1280|L=320|p_B=0.75|p_C=0.75|B=2|eps=0|c5cf5f29-0828-4665-8316-69edf18d12bd/ already exists.
./circuit_plots/Unrestricted Disentangled|Readout|CN=3|B0=3|B1=3|K=1280|L=320|p_B=0.75|p_C=0.75|B=2|eps=0|c5cf5f29-0828-4665-8316-69edf18d12bd/ already exists.
./circuit_plots/Unrestricted Disentangled|Readout|CN=3|B0=3|B1=3|K=1280|L=320|p_B=0.75|p_C=0.75|B=2|eps=0|c5cf5f29-0828-4665-8316-69edf18d12bd/ already exists.
./circuit_plots/Unrestricted Disentangled|Readout|CN=3|B0=3|B1=3|K=1280|L=320|p_B=0.75|p_C=0.75|B=2|eps=0|c5cf5f29-0828-4665-8316-69edf18d12bd/ already exists.
./circuit_plots/Unrestricted Disentangled|Readout|CN=3|B0=3|B1=3|K=1280|L=320|p_B=0.75|p_C=0.75|B=2|eps=0|c5cf5f29-0828-4665-8316-69edf18d12bd/ already exists.
Epoch: 1750, Loss: 5.734246253967285
Test acc: 0.0065, IC acc: 0.0085, IC acc2: 0.0028, IW acc: 0.0023
Epoch: 1751, Loss: 5.761863708496094
Epoch: 1752, Loss: 5.7593994140625
Epoch: 1753, Loss: 5.773169040679932
Epoch: 1754, Loss: 5.743033409118652
Epoch: 1755, Loss: 5.753438949584961
Epoch: 1756, Loss: 5.761502265930176
Epoch: 1757, Loss: 5.753871440887451
Epoch: 1758, Loss: 5.75584602355957
Epoch: 1759, Loss: 5.7479729652404785
Epoch: 1760, Loss: 5.761953830718994
Test acc: 0.0066, IC acc: 0.0088, IC acc2: 0.0028, IW acc: 0.0023
Epoch: 1761, Loss: 5.744855880737305
Epoch: 1762, Loss: 5.752307891845703
Epoch: 1763, Loss: 5.752532958984375
Epoch: 1764, Loss: 5.7466864585876465
Epoch: 1765, Loss: 5.746886253356934
Epoch: 1766, Loss: 5.733150482177734
Epoch: 1767, Loss: 5.761364936828613
Epoch: 1768, Loss: 5.756148338317871
Epoch: 1769, Loss: 5.727041244506836
Epoch: 1770, Loss: 5.747835636138916
Test acc: 0.0066, IC acc: 0.0088, IC acc2: 0.0028, IW acc: 0.0024
Epoch: 1771, Loss: 5.75450325012207
Epoch: 1772, Loss: 5.737897872924805
Epoch: 1773, Loss: 5.746326446533203
Epoch: 1774, Loss: 5.75642728805542
Epoch: 1775, Loss: 5.726734161376953
Epoch: 1776, Loss: 5.756464958190918
Epoch: 1777, Loss: 5.749233245849609
Epoch: 1778, Loss: 5.748005390167236
Epoch: 1779, Loss: 5.7472758293151855
Epoch: 1780, Loss: 5.750219345092773
Test acc: 0.0066, IC acc: 0.0087, IC acc2: 0.0028, IW acc: 0.0024
Epoch: 1781, Loss: 5.7462568283081055
Epoch: 1782, Loss: 5.762696266174316
Epoch: 1783, Loss: 5.734135150909424
Epoch: 1784, Loss: 5.724523544311523
Epoch: 1785, Loss: 5.747186660766602
Epoch: 1786, Loss: 5.74263858795166
Epoch: 1787, Loss: 5.772819519042969
Epoch: 1788, Loss: 5.743912696838379
Epoch: 1789, Loss: 5.733518600463867
Epoch: 1790, Loss: 5.748055458068848
Test acc: 0.0066, IC acc: 0.0088, IC acc2: 0.0028, IW acc: 0.0024
Epoch: 1791, Loss: 5.760898590087891
Epoch: 1792, Loss: 5.7621612548828125
Epoch: 1793, Loss: 5.744678497314453
Epoch: 1794, Loss: 5.754433631896973
Epoch: 1795, Loss: 5.740265369415283
Epoch: 1796, Loss: 5.749114513397217
Epoch: 1797, Loss: 5.743839740753174
Epoch: 1798, Loss: 5.760379314422607
Epoch: 1799, Loss: 5.752063751220703
./circuit_plots/Unrestricted Disentangled|Readout|CN=3|B0=3|B1=3|K=1280|L=320|p_B=0.75|p_C=0.75|B=2|eps=0|c5cf5f29-0828-4665-8316-69edf18d12bd/ already exists.
./circuit_plots/Unrestricted Disentangled|Readout|CN=3|B0=3|B1=3|K=1280|L=320|p_B=0.75|p_C=0.75|B=2|eps=0|c5cf5f29-0828-4665-8316-69edf18d12bd/ already exists.
./circuit_plots/Unrestricted Disentangled|Readout|CN=3|B0=3|B1=3|K=1280|L=320|p_B=0.75|p_C=0.75|B=2|eps=0|c5cf5f29-0828-4665-8316-69edf18d12bd/ already exists.
./circuit_plots/Unrestricted Disentangled|Readout|CN=3|B0=3|B1=3|K=1280|L=320|p_B=0.75|p_C=0.75|B=2|eps=0|c5cf5f29-0828-4665-8316-69edf18d12bd/ already exists.
./circuit_plots/Unrestricted Disentangled|Readout|CN=3|B0=3|B1=3|K=1280|L=320|p_B=0.75|p_C=0.75|B=2|eps=0|c5cf5f29-0828-4665-8316-69edf18d12bd/ already exists.
./circuit_plots/Unrestricted Disentangled|Readout|CN=3|B0=3|B1=3|K=1280|L=320|p_B=0.75|p_C=0.75|B=2|eps=0|c5cf5f29-0828-4665-8316-69edf18d12bd/ already exists.
./circuit_plots/Unrestricted Disentangled|Readout|CN=3|B0=3|B1=3|K=1280|L=320|p_B=0.75|p_C=0.75|B=2|eps=0|c5cf5f29-0828-4665-8316-69edf18d12bd/ already exists.
Epoch: 1800, Loss: 5.7550787925720215
Test acc: 0.0066, IC acc: 0.009, IC acc2: 0.0028, IW acc: 0.0024
Epoch: 1801, Loss: 5.739876747131348
Epoch: 1802, Loss: 5.749690055847168
Epoch: 1803, Loss: 5.755492210388184
Epoch: 1804, Loss: 5.757260322570801
Epoch: 1805, Loss: 5.7587456703186035
Epoch: 1806, Loss: 5.743656158447266
Epoch: 1807, Loss: 5.748512268066406
Epoch: 1808, Loss: 5.759529113769531
Epoch: 1809, Loss: 5.7339701652526855
Epoch: 1810, Loss: 5.748134613037109
Test acc: 0.0067, IC acc: 0.009, IC acc2: 0.0028, IW acc: 0.0025
Epoch: 1811, Loss: 5.742938041687012
Epoch: 1812, Loss: 5.756397247314453
Epoch: 1813, Loss: 5.749065399169922
Epoch: 1814, Loss: 5.762249946594238
Epoch: 1815, Loss: 5.760956764221191
Epoch: 1816, Loss: 5.7374725341796875
Epoch: 1817, Loss: 5.748347282409668
Epoch: 1818, Loss: 5.743400573730469
Epoch: 1819, Loss: 5.7578558921813965
Epoch: 1820, Loss: 5.752663612365723
Test acc: 0.0066, IC acc: 0.0091, IC acc2: 0.0028, IW acc: 0.0024
Epoch: 1821, Loss: 5.753860950469971
Epoch: 1822, Loss: 5.7466535568237305
Epoch: 1823, Loss: 5.751983642578125
Epoch: 1824, Loss: 5.766820907592773
Epoch: 1825, Loss: 5.763129234313965
Epoch: 1826, Loss: 5.749004364013672
Epoch: 1827, Loss: 5.752493381500244
Epoch: 1828, Loss: 5.75199556350708
Epoch: 1829, Loss: 5.753487586975098
Epoch: 1830, Loss: 5.764064311981201
Test acc: 0.0067, IC acc: 0.009, IC acc2: 0.0027, IW acc: 0.0025
Epoch: 1831, Loss: 5.743928909301758
Epoch: 1832, Loss: 5.746450424194336
Epoch: 1833, Loss: 5.763591289520264
Epoch: 1834, Loss: 5.7492356300354
Epoch: 1835, Loss: 5.740532875061035
Epoch: 1836, Loss: 5.769191265106201
Epoch: 1837, Loss: 5.760769844055176
Epoch: 1838, Loss: 5.754340171813965
Epoch: 1839, Loss: 5.759469032287598
Epoch: 1840, Loss: 5.747585296630859
Test acc: 0.0067, IC acc: 0.009, IC acc2: 0.0027, IW acc: 0.0025
Epoch: 1841, Loss: 5.746448516845703
Epoch: 1842, Loss: 5.746561050415039
Epoch: 1843, Loss: 5.740141868591309
Epoch: 1844, Loss: 5.741039752960205
Epoch: 1845, Loss: 5.742902755737305
Epoch: 1846, Loss: 5.755159378051758
Epoch: 1847, Loss: 5.7589826583862305
Epoch: 1848, Loss: 5.746845245361328
Epoch: 1849, Loss: 5.736641883850098
./circuit_plots/Unrestricted Disentangled|Readout|CN=3|B0=3|B1=3|K=1280|L=320|p_B=0.75|p_C=0.75|B=2|eps=0|c5cf5f29-0828-4665-8316-69edf18d12bd/ already exists.
./circuit_plots/Unrestricted Disentangled|Readout|CN=3|B0=3|B1=3|K=1280|L=320|p_B=0.75|p_C=0.75|B=2|eps=0|c5cf5f29-0828-4665-8316-69edf18d12bd/ already exists.
./circuit_plots/Unrestricted Disentangled|Readout|CN=3|B0=3|B1=3|K=1280|L=320|p_B=0.75|p_C=0.75|B=2|eps=0|c5cf5f29-0828-4665-8316-69edf18d12bd/ already exists.
./circuit_plots/Unrestricted Disentangled|Readout|CN=3|B0=3|B1=3|K=1280|L=320|p_B=0.75|p_C=0.75|B=2|eps=0|c5cf5f29-0828-4665-8316-69edf18d12bd/ already exists.
./circuit_plots/Unrestricted Disentangled|Readout|CN=3|B0=3|B1=3|K=1280|L=320|p_B=0.75|p_C=0.75|B=2|eps=0|c5cf5f29-0828-4665-8316-69edf18d12bd/ already exists.
./circuit_plots/Unrestricted Disentangled|Readout|CN=3|B0=3|B1=3|K=1280|L=320|p_B=0.75|p_C=0.75|B=2|eps=0|c5cf5f29-0828-4665-8316-69edf18d12bd/ already exists.
./circuit_plots/Unrestricted Disentangled|Readout|CN=3|B0=3|B1=3|K=1280|L=320|p_B=0.75|p_C=0.75|B=2|eps=0|c5cf5f29-0828-4665-8316-69edf18d12bd/ already exists.
Epoch: 1850, Loss: 5.75670862197876
Test acc: 0.0066, IC acc: 0.009, IC acc2: 0.0027, IW acc: 0.0025
Epoch: 1851, Loss: 5.736706733703613
Epoch: 1852, Loss: 5.730956554412842
Epoch: 1853, Loss: 5.757315635681152
Epoch: 1854, Loss: 5.755051136016846
Epoch: 1855, Loss: 5.758915424346924
Epoch: 1856, Loss: 5.745501518249512
Epoch: 1857, Loss: 5.759099960327148
Epoch: 1858, Loss: 5.765576362609863
Epoch: 1859, Loss: 5.761325836181641
Epoch: 1860, Loss: 5.759088516235352
Test acc: 0.0066, IC acc: 0.0092, IC acc2: 0.0027, IW acc: 0.0025
Epoch: 1861, Loss: 5.761069297790527
Epoch: 1862, Loss: 5.7559638023376465
Epoch: 1863, Loss: 5.7262725830078125
Epoch: 1864, Loss: 5.751372337341309
Epoch: 1865, Loss: 5.753979206085205
Epoch: 1866, Loss: 5.745382308959961
Epoch: 1867, Loss: 5.741415977478027
Epoch: 1868, Loss: 5.753268241882324
Epoch: 1869, Loss: 5.74118709564209
Epoch: 1870, Loss: 5.7456865310668945
Test acc: 0.0066, IC acc: 0.0093, IC acc2: 0.0027, IW acc: 0.0024
Epoch: 1871, Loss: 5.740927696228027
Epoch: 1872, Loss: 5.757130146026611
Epoch: 1873, Loss: 5.751804828643799
Epoch: 1874, Loss: 5.759845733642578
Epoch: 1875, Loss: 5.731583118438721
Epoch: 1876, Loss: 5.758044242858887
Epoch: 1877, Loss: 5.7519707679748535
Epoch: 1878, Loss: 5.755422592163086
Epoch: 1879, Loss: 5.751948833465576
Epoch: 1880, Loss: 5.7460174560546875
Test acc: 0.0067, IC acc: 0.0093, IC acc2: 0.0028, IW acc: 0.0025
Epoch: 1881, Loss: 5.748380661010742
Epoch: 1882, Loss: 5.746130466461182
Epoch: 1883, Loss: 5.73805046081543
Epoch: 1884, Loss: 5.739197731018066
Epoch: 1885, Loss: 5.7396368980407715
Epoch: 1886, Loss: 5.738655090332031
Epoch: 1887, Loss: 5.7343902587890625
Epoch: 1888, Loss: 5.753409385681152
Epoch: 1889, Loss: 5.759858131408691
Epoch: 1890, Loss: 5.751138210296631
Test acc: 0.0067, IC acc: 0.0092, IC acc2: 0.0028, IW acc: 0.0024
Epoch: 1891, Loss: 5.751723766326904
Epoch: 1892, Loss: 5.763675689697266
Epoch: 1893, Loss: 5.749544143676758
Epoch: 1894, Loss: 5.729349136352539
Epoch: 1895, Loss: 5.761692523956299
Epoch: 1896, Loss: 5.761015892028809
Epoch: 1897, Loss: 5.738081455230713
Epoch: 1898, Loss: 5.745741844177246
Epoch: 1899, Loss: 5.749441146850586
./circuit_plots/Unrestricted Disentangled|Readout|CN=3|B0=3|B1=3|K=1280|L=320|p_B=0.75|p_C=0.75|B=2|eps=0|c5cf5f29-0828-4665-8316-69edf18d12bd/ already exists.
./circuit_plots/Unrestricted Disentangled|Readout|CN=3|B0=3|B1=3|K=1280|L=320|p_B=0.75|p_C=0.75|B=2|eps=0|c5cf5f29-0828-4665-8316-69edf18d12bd/ already exists.
./circuit_plots/Unrestricted Disentangled|Readout|CN=3|B0=3|B1=3|K=1280|L=320|p_B=0.75|p_C=0.75|B=2|eps=0|c5cf5f29-0828-4665-8316-69edf18d12bd/ already exists.
./circuit_plots/Unrestricted Disentangled|Readout|CN=3|B0=3|B1=3|K=1280|L=320|p_B=0.75|p_C=0.75|B=2|eps=0|c5cf5f29-0828-4665-8316-69edf18d12bd/ already exists.
./circuit_plots/Unrestricted Disentangled|Readout|CN=3|B0=3|B1=3|K=1280|L=320|p_B=0.75|p_C=0.75|B=2|eps=0|c5cf5f29-0828-4665-8316-69edf18d12bd/ already exists.
./circuit_plots/Unrestricted Disentangled|Readout|CN=3|B0=3|B1=3|K=1280|L=320|p_B=0.75|p_C=0.75|B=2|eps=0|c5cf5f29-0828-4665-8316-69edf18d12bd/ already exists.
./circuit_plots/Unrestricted Disentangled|Readout|CN=3|B0=3|B1=3|K=1280|L=320|p_B=0.75|p_C=0.75|B=2|eps=0|c5cf5f29-0828-4665-8316-69edf18d12bd/ already exists.
Epoch: 1900, Loss: 5.742798805236816
Test acc: 0.0067, IC acc: 0.0091, IC acc2: 0.0028, IW acc: 0.0024
Epoch: 1901, Loss: 5.725579738616943
Epoch: 1902, Loss: 5.75817346572876
Epoch: 1903, Loss: 5.744161605834961
Epoch: 1904, Loss: 5.74769926071167
Epoch: 1905, Loss: 5.763396739959717
Epoch: 1906, Loss: 5.744144439697266
Epoch: 1907, Loss: 5.751224994659424
Epoch: 1908, Loss: 5.749261856079102
Epoch: 1909, Loss: 5.756471633911133
Epoch: 1910, Loss: 5.763239860534668
Test acc: 0.0067, IC acc: 0.009, IC acc2: 0.0028, IW acc: 0.0024
Epoch: 1911, Loss: 5.765955448150635
Epoch: 1912, Loss: 5.770416736602783
Epoch: 1913, Loss: 5.751789093017578
Epoch: 1914, Loss: 5.755415439605713
Epoch: 1915, Loss: 5.734025001525879
Epoch: 1916, Loss: 5.746190071105957
Epoch: 1917, Loss: 5.750907897949219
Epoch: 1918, Loss: 5.742142677307129
Epoch: 1919, Loss: 5.753243446350098
Epoch: 1920, Loss: 5.748798370361328
Test acc: 0.0067, IC acc: 0.0092, IC acc2: 0.0028, IW acc: 0.0024
Epoch: 1921, Loss: 5.752599716186523
Epoch: 1922, Loss: 5.7457146644592285
Epoch: 1923, Loss: 5.756077289581299
Epoch: 1924, Loss: 5.759234428405762
Epoch: 1925, Loss: 5.734884738922119
Epoch: 1926, Loss: 5.748048782348633
Epoch: 1927, Loss: 5.74874210357666
Epoch: 1928, Loss: 5.745265960693359
Epoch: 1929, Loss: 5.740544319152832
Epoch: 1930, Loss: 5.753649711608887
Test acc: 0.0067, IC acc: 0.0092, IC acc2: 0.0028, IW acc: 0.0024
Epoch: 1931, Loss: 5.750002861022949
Epoch: 1932, Loss: 5.736109733581543
Epoch: 1933, Loss: 5.737929821014404
Epoch: 1934, Loss: 5.748113632202148
Epoch: 1935, Loss: 5.766127109527588
Epoch: 1936, Loss: 5.750164031982422
Epoch: 1937, Loss: 5.734743118286133
Epoch: 1938, Loss: 5.739972114562988
Epoch: 1939, Loss: 5.752903461456299
Epoch: 1940, Loss: 5.74697208404541
Test acc: 0.0067, IC acc: 0.0096, IC acc2: 0.0028, IW acc: 0.0025
Epoch: 1941, Loss: 5.743590354919434
Epoch: 1942, Loss: 5.746102333068848
Epoch: 1943, Loss: 5.736823081970215
Epoch: 1944, Loss: 5.760336399078369
Epoch: 1945, Loss: 5.7380900382995605
Epoch: 1946, Loss: 5.757957458496094
Epoch: 1947, Loss: 5.73691463470459
Epoch: 1948, Loss: 5.736600875854492
Epoch: 1949, Loss: 5.740729331970215
./circuit_plots/Unrestricted Disentangled|Readout|CN=3|B0=3|B1=3|K=1280|L=320|p_B=0.75|p_C=0.75|B=2|eps=0|c5cf5f29-0828-4665-8316-69edf18d12bd/ already exists.
./circuit_plots/Unrestricted Disentangled|Readout|CN=3|B0=3|B1=3|K=1280|L=320|p_B=0.75|p_C=0.75|B=2|eps=0|c5cf5f29-0828-4665-8316-69edf18d12bd/ already exists.
./circuit_plots/Unrestricted Disentangled|Readout|CN=3|B0=3|B1=3|K=1280|L=320|p_B=0.75|p_C=0.75|B=2|eps=0|c5cf5f29-0828-4665-8316-69edf18d12bd/ already exists.
./circuit_plots/Unrestricted Disentangled|Readout|CN=3|B0=3|B1=3|K=1280|L=320|p_B=0.75|p_C=0.75|B=2|eps=0|c5cf5f29-0828-4665-8316-69edf18d12bd/ already exists.
./circuit_plots/Unrestricted Disentangled|Readout|CN=3|B0=3|B1=3|K=1280|L=320|p_B=0.75|p_C=0.75|B=2|eps=0|c5cf5f29-0828-4665-8316-69edf18d12bd/ already exists.
./circuit_plots/Unrestricted Disentangled|Readout|CN=3|B0=3|B1=3|K=1280|L=320|p_B=0.75|p_C=0.75|B=2|eps=0|c5cf5f29-0828-4665-8316-69edf18d12bd/ already exists.
./circuit_plots/Unrestricted Disentangled|Readout|CN=3|B0=3|B1=3|K=1280|L=320|p_B=0.75|p_C=0.75|B=2|eps=0|c5cf5f29-0828-4665-8316-69edf18d12bd/ already exists.
Epoch: 1950, Loss: 5.765634536743164
Test acc: 0.0069, IC acc: 0.0095, IC acc2: 0.0028, IW acc: 0.0025
Epoch: 1951, Loss: 5.75703239440918
Epoch: 1952, Loss: 5.7509660720825195
Epoch: 1953, Loss: 5.748370170593262
Epoch: 1954, Loss: 5.744987964630127
Epoch: 1955, Loss: 5.752120018005371
Epoch: 1956, Loss: 5.761103630065918
Epoch: 1957, Loss: 5.742177963256836
Epoch: 1958, Loss: 5.7491350173950195
Epoch: 1959, Loss: 5.752439975738525
Epoch: 1960, Loss: 5.7687883377075195
Test acc: 0.0069, IC acc: 0.0096, IC acc2: 0.0028, IW acc: 0.0025
Epoch: 1961, Loss: 5.736782073974609
Epoch: 1962, Loss: 5.753836631774902
Epoch: 1963, Loss: 5.747785568237305
Epoch: 1964, Loss: 5.736947059631348
Epoch: 1965, Loss: 5.740274906158447
Epoch: 1966, Loss: 5.753281593322754
Epoch: 1967, Loss: 5.750988006591797
Epoch: 1968, Loss: 5.747100830078125
Epoch: 1969, Loss: 5.742218971252441
Epoch: 1970, Loss: 5.753326892852783
Test acc: 0.0068, IC acc: 0.0095, IC acc2: 0.0028, IW acc: 0.0024
Epoch: 1971, Loss: 5.749418258666992
Epoch: 1972, Loss: 5.74815559387207
Epoch: 1973, Loss: 5.749883651733398
Epoch: 1974, Loss: 5.759716033935547
Epoch: 1975, Loss: 5.749852180480957
Epoch: 1976, Loss: 5.74893045425415
Epoch: 1977, Loss: 5.75813627243042
Epoch: 1978, Loss: 5.732641220092773
Epoch: 1979, Loss: 5.751770496368408
Epoch: 1980, Loss: 5.744438648223877
Test acc: 0.0069, IC acc: 0.0096, IC acc2: 0.0028, IW acc: 0.0024
Epoch: 1981, Loss: 5.75663948059082
Epoch: 1982, Loss: 5.730273246765137
Epoch: 1983, Loss: 5.740726947784424
Epoch: 1984, Loss: 5.7480573654174805
Epoch: 1985, Loss: 5.742729187011719
Epoch: 1986, Loss: 5.740752696990967
Epoch: 1987, Loss: 5.758292198181152
Epoch: 1988, Loss: 5.749673843383789
Epoch: 1989, Loss: 5.753432273864746
Epoch: 1990, Loss: 5.753885746002197
Test acc: 0.0069, IC acc: 0.0096, IC acc2: 0.0028, IW acc: 0.0025
Epoch: 1991, Loss: 5.735286712646484
Epoch: 1992, Loss: 5.753787994384766
Epoch: 1993, Loss: 5.729682922363281
Epoch: 1994, Loss: 5.731566905975342
Epoch: 1995, Loss: 5.733547687530518
Epoch: 1996, Loss: 5.7535786628723145
Epoch: 1997, Loss: 5.7272233963012695
Epoch: 1998, Loss: 5.7251458168029785
Epoch: 1999, Loss: 5.751626491546631
./circuit_plots/Unrestricted Disentangled|Readout|CN=3|B0=3|B1=3|K=1280|L=320|p_B=0.75|p_C=0.75|B=2|eps=0|c5cf5f29-0828-4665-8316-69edf18d12bd/ already exists.
./circuit_plots/Unrestricted Disentangled|Readout|CN=3|B0=3|B1=3|K=1280|L=320|p_B=0.75|p_C=0.75|B=2|eps=0|c5cf5f29-0828-4665-8316-69edf18d12bd/ already exists.
./circuit_plots/Unrestricted Disentangled|Readout|CN=3|B0=3|B1=3|K=1280|L=320|p_B=0.75|p_C=0.75|B=2|eps=0|c5cf5f29-0828-4665-8316-69edf18d12bd/ already exists.
./circuit_plots/Unrestricted Disentangled|Readout|CN=3|B0=3|B1=3|K=1280|L=320|p_B=0.75|p_C=0.75|B=2|eps=0|c5cf5f29-0828-4665-8316-69edf18d12bd/ already exists.
./circuit_plots/Unrestricted Disentangled|Readout|CN=3|B0=3|B1=3|K=1280|L=320|p_B=0.75|p_C=0.75|B=2|eps=0|c5cf5f29-0828-4665-8316-69edf18d12bd/ already exists.
./circuit_plots/Unrestricted Disentangled|Readout|CN=3|B0=3|B1=3|K=1280|L=320|p_B=0.75|p_C=0.75|B=2|eps=0|c5cf5f29-0828-4665-8316-69edf18d12bd/ already exists.
./circuit_plots/Unrestricted Disentangled|Readout|CN=3|B0=3|B1=3|K=1280|L=320|p_B=0.75|p_C=0.75|B=2|eps=0|c5cf5f29-0828-4665-8316-69edf18d12bd/ already exists.
Epoch: 2000, Loss: 5.750077247619629
Test acc: 0.0071, IC acc: 0.0096, IC acc2: 0.0028, IW acc: 0.0026
Epoch: 2001, Loss: 5.7549333572387695
Epoch: 2002, Loss: 5.743624687194824
Epoch: 2003, Loss: 5.748095989227295
Epoch: 2004, Loss: 5.730642318725586
Epoch: 2005, Loss: 5.738260269165039
Epoch: 2006, Loss: 5.743620872497559
Epoch: 2007, Loss: 5.756133556365967
Epoch: 2008, Loss: 5.749615669250488
Epoch: 2009, Loss: 5.75295877456665
Epoch: 2010, Loss: 5.765366554260254
Test acc: 0.0071, IC acc: 0.0096, IC acc2: 0.0028, IW acc: 0.0025
Epoch: 2011, Loss: 5.74447774887085
Epoch: 2012, Loss: 5.73679256439209
Epoch: 2013, Loss: 5.7562575340271
Epoch: 2014, Loss: 5.739633560180664
Epoch: 2015, Loss: 5.742215156555176
Epoch: 2016, Loss: 5.733888626098633
Epoch: 2017, Loss: 5.749006748199463
Epoch: 2018, Loss: 5.76202392578125
Epoch: 2019, Loss: 5.749989986419678
Epoch: 2020, Loss: 5.738359451293945
Test acc: 0.0071, IC acc: 0.0095, IC acc2: 0.0028, IW acc: 0.0024
Epoch: 2021, Loss: 5.7381134033203125
Epoch: 2022, Loss: 5.760038375854492
Epoch: 2023, Loss: 5.73702335357666
Epoch: 2024, Loss: 5.744685173034668
Epoch: 2025, Loss: 5.725706577301025
Epoch: 2026, Loss: 5.742749214172363
Epoch: 2027, Loss: 5.745102882385254
Epoch: 2028, Loss: 5.761507987976074
Epoch: 2029, Loss: 5.736778259277344
Epoch: 2030, Loss: 5.739987373352051
Test acc: 0.0071, IC acc: 0.0098, IC acc2: 0.0028, IW acc: 0.0025
Epoch: 2031, Loss: 5.758268356323242
Epoch: 2032, Loss: 5.7361249923706055
Epoch: 2033, Loss: 5.748979091644287
Epoch: 2034, Loss: 5.752350807189941
Epoch: 2035, Loss: 5.750253200531006
Epoch: 2036, Loss: 5.773040771484375
Epoch: 2037, Loss: 5.7466278076171875
Epoch: 2038, Loss: 5.738997936248779
Epoch: 2039, Loss: 5.744319915771484
Epoch: 2040, Loss: 5.753354549407959
Test acc: 0.0071, IC acc: 0.0099, IC acc2: 0.0028, IW acc: 0.0024
Epoch: 2041, Loss: 5.749837875366211
Epoch: 2042, Loss: 5.759374141693115
Epoch: 2043, Loss: 5.758083820343018
Epoch: 2044, Loss: 5.763674736022949
Epoch: 2045, Loss: 5.748501300811768
Epoch: 2046, Loss: 5.7481889724731445
Epoch: 2047, Loss: 5.759870529174805
Epoch: 2048, Loss: 5.75296688079834
Epoch: 2049, Loss: 5.761384010314941
./circuit_plots/Unrestricted Disentangled|Readout|CN=3|B0=3|B1=3|K=1280|L=320|p_B=0.75|p_C=0.75|B=2|eps=0|c5cf5f29-0828-4665-8316-69edf18d12bd/ already exists.
./circuit_plots/Unrestricted Disentangled|Readout|CN=3|B0=3|B1=3|K=1280|L=320|p_B=0.75|p_C=0.75|B=2|eps=0|c5cf5f29-0828-4665-8316-69edf18d12bd/ already exists.
./circuit_plots/Unrestricted Disentangled|Readout|CN=3|B0=3|B1=3|K=1280|L=320|p_B=0.75|p_C=0.75|B=2|eps=0|c5cf5f29-0828-4665-8316-69edf18d12bd/ already exists.
./circuit_plots/Unrestricted Disentangled|Readout|CN=3|B0=3|B1=3|K=1280|L=320|p_B=0.75|p_C=0.75|B=2|eps=0|c5cf5f29-0828-4665-8316-69edf18d12bd/ already exists.
./circuit_plots/Unrestricted Disentangled|Readout|CN=3|B0=3|B1=3|K=1280|L=320|p_B=0.75|p_C=0.75|B=2|eps=0|c5cf5f29-0828-4665-8316-69edf18d12bd/ already exists.
./circuit_plots/Unrestricted Disentangled|Readout|CN=3|B0=3|B1=3|K=1280|L=320|p_B=0.75|p_C=0.75|B=2|eps=0|c5cf5f29-0828-4665-8316-69edf18d12bd/ already exists.
./circuit_plots/Unrestricted Disentangled|Readout|CN=3|B0=3|B1=3|K=1280|L=320|p_B=0.75|p_C=0.75|B=2|eps=0|c5cf5f29-0828-4665-8316-69edf18d12bd/ already exists.
Epoch: 2050, Loss: 5.750162124633789
Test acc: 0.0072, IC acc: 0.0098, IC acc2: 0.0028, IW acc: 0.0024
Epoch: 2051, Loss: 5.735049724578857
Epoch: 2052, Loss: 5.7436699867248535
Epoch: 2053, Loss: 5.746890068054199
Epoch: 2054, Loss: 5.745416641235352
Epoch: 2055, Loss: 5.748621940612793
Epoch: 2056, Loss: 5.753580093383789
Epoch: 2057, Loss: 5.764150619506836
Epoch: 2058, Loss: 5.757406234741211
Epoch: 2059, Loss: 5.757819652557373
Epoch: 2060, Loss: 5.755967140197754
Test acc: 0.0071, IC acc: 0.0098, IC acc2: 0.0028, IW acc: 0.0025
Epoch: 2061, Loss: 5.741394519805908
Epoch: 2062, Loss: 5.758595943450928
Epoch: 2063, Loss: 5.740058898925781
Epoch: 2064, Loss: 5.75856351852417
Epoch: 2065, Loss: 5.748763084411621
Epoch: 2066, Loss: 5.753917217254639
Epoch: 2067, Loss: 5.738461494445801
Epoch: 2068, Loss: 5.752849102020264
Epoch: 2069, Loss: 5.769664764404297
Epoch: 2070, Loss: 5.747043132781982
Test acc: 0.0072, IC acc: 0.0099, IC acc2: 0.0027, IW acc: 0.0024
Epoch: 2071, Loss: 5.745334148406982
Epoch: 2072, Loss: 5.756766319274902
Epoch: 2073, Loss: 5.746037483215332
Epoch: 2074, Loss: 5.746701240539551
Epoch: 2075, Loss: 5.743333339691162
Epoch: 2076, Loss: 5.740920543670654
Epoch: 2077, Loss: 5.752415180206299
Epoch: 2078, Loss: 5.748597621917725
Epoch: 2079, Loss: 5.760701656341553
Epoch: 2080, Loss: 5.745983600616455
Test acc: 0.0072, IC acc: 0.0098, IC acc2: 0.0027, IW acc: 0.0024
Epoch: 2081, Loss: 5.748690128326416
Epoch: 2082, Loss: 5.743774890899658
Epoch: 2083, Loss: 5.744259834289551
Epoch: 2084, Loss: 5.758541107177734
Epoch: 2085, Loss: 5.756378173828125
Epoch: 2086, Loss: 5.745032787322998
Epoch: 2087, Loss: 5.748952388763428
Epoch: 2088, Loss: 5.744907379150391
Epoch: 2089, Loss: 5.745350360870361
Epoch: 2090, Loss: 5.745434761047363
Test acc: 0.0072, IC acc: 0.0099, IC acc2: 0.0027, IW acc: 0.0024
Epoch: 2091, Loss: 5.74976110458374
Epoch: 2092, Loss: 5.739200592041016
Epoch: 2093, Loss: 5.7462286949157715
Epoch: 2094, Loss: 5.75123405456543
Epoch: 2095, Loss: 5.753457069396973
Epoch: 2096, Loss: 5.739392280578613
Epoch: 2097, Loss: 5.730522155761719
Epoch: 2098, Loss: 5.766247749328613
Epoch: 2099, Loss: 5.7446370124816895
./circuit_plots/Unrestricted Disentangled|Readout|CN=3|B0=3|B1=3|K=1280|L=320|p_B=0.75|p_C=0.75|B=2|eps=0|c5cf5f29-0828-4665-8316-69edf18d12bd/ already exists.
./circuit_plots/Unrestricted Disentangled|Readout|CN=3|B0=3|B1=3|K=1280|L=320|p_B=0.75|p_C=0.75|B=2|eps=0|c5cf5f29-0828-4665-8316-69edf18d12bd/ already exists.
./circuit_plots/Unrestricted Disentangled|Readout|CN=3|B0=3|B1=3|K=1280|L=320|p_B=0.75|p_C=0.75|B=2|eps=0|c5cf5f29-0828-4665-8316-69edf18d12bd/ already exists.
./circuit_plots/Unrestricted Disentangled|Readout|CN=3|B0=3|B1=3|K=1280|L=320|p_B=0.75|p_C=0.75|B=2|eps=0|c5cf5f29-0828-4665-8316-69edf18d12bd/ already exists.
./circuit_plots/Unrestricted Disentangled|Readout|CN=3|B0=3|B1=3|K=1280|L=320|p_B=0.75|p_C=0.75|B=2|eps=0|c5cf5f29-0828-4665-8316-69edf18d12bd/ already exists.
./circuit_plots/Unrestricted Disentangled|Readout|CN=3|B0=3|B1=3|K=1280|L=320|p_B=0.75|p_C=0.75|B=2|eps=0|c5cf5f29-0828-4665-8316-69edf18d12bd/ already exists.
./circuit_plots/Unrestricted Disentangled|Readout|CN=3|B0=3|B1=3|K=1280|L=320|p_B=0.75|p_C=0.75|B=2|eps=0|c5cf5f29-0828-4665-8316-69edf18d12bd/ already exists.
Epoch: 2100, Loss: 5.742152214050293
Test acc: 0.0073, IC acc: 0.0099, IC acc2: 0.0027, IW acc: 0.0024
Epoch: 2101, Loss: 5.758182525634766
Epoch: 2102, Loss: 5.755033016204834
Epoch: 2103, Loss: 5.737848281860352
Epoch: 2104, Loss: 5.732414722442627
Epoch: 2105, Loss: 5.77819299697876
Epoch: 2106, Loss: 5.754344463348389
Epoch: 2107, Loss: 5.7510881423950195
Epoch: 2108, Loss: 5.7571868896484375
Epoch: 2109, Loss: 5.753368377685547
Epoch: 2110, Loss: 5.735698699951172
Test acc: 0.0073, IC acc: 0.01, IC acc2: 0.0027, IW acc: 0.0025
Epoch: 2111, Loss: 5.7348480224609375
Epoch: 2112, Loss: 5.730639457702637
Epoch: 2113, Loss: 5.7591352462768555
Epoch: 2114, Loss: 5.755277156829834
Epoch: 2115, Loss: 5.739505767822266
Epoch: 2116, Loss: 5.761863708496094
Epoch: 2117, Loss: 5.740259170532227
Epoch: 2118, Loss: 5.745681285858154
Epoch: 2119, Loss: 5.7255473136901855
Epoch: 2120, Loss: 5.740434646606445
Test acc: 0.0073, IC acc: 0.0099, IC acc2: 0.0027, IW acc: 0.0025
Epoch: 2121, Loss: 5.732850074768066
Epoch: 2122, Loss: 5.753392696380615
Epoch: 2123, Loss: 5.747064590454102
Epoch: 2124, Loss: 5.7654924392700195
Epoch: 2125, Loss: 5.765787601470947
Epoch: 2126, Loss: 5.746962547302246
Epoch: 2127, Loss: 5.746118545532227
Epoch: 2128, Loss: 5.743147850036621
Epoch: 2129, Loss: 5.7380690574646
Epoch: 2130, Loss: 5.743801116943359
Test acc: 0.0073, IC acc: 0.01, IC acc2: 0.0029, IW acc: 0.0026
Epoch: 2131, Loss: 5.74869441986084
Epoch: 2132, Loss: 5.731072425842285
Epoch: 2133, Loss: 5.748756408691406
Epoch: 2134, Loss: 5.744869709014893
Epoch: 2135, Loss: 5.74868631362915
Epoch: 2136, Loss: 5.740298271179199
Epoch: 2137, Loss: 5.756193161010742
Epoch: 2138, Loss: 5.74128532409668
Epoch: 2139, Loss: 5.751903533935547
Epoch: 2140, Loss: 5.757142066955566
Test acc: 0.0073, IC acc: 0.01, IC acc2: 0.0029, IW acc: 0.0027
Epoch: 2141, Loss: 5.744763374328613
Epoch: 2142, Loss: 5.745302200317383
Epoch: 2143, Loss: 5.735080718994141
Epoch: 2144, Loss: 5.73371696472168
Epoch: 2145, Loss: 5.755385398864746
Epoch: 2146, Loss: 5.750720024108887
Epoch: 2147, Loss: 5.750922679901123
Epoch: 2148, Loss: 5.7646589279174805
Epoch: 2149, Loss: 5.750850677490234
./circuit_plots/Unrestricted Disentangled|Readout|CN=3|B0=3|B1=3|K=1280|L=320|p_B=0.75|p_C=0.75|B=2|eps=0|c5cf5f29-0828-4665-8316-69edf18d12bd/ already exists.
./circuit_plots/Unrestricted Disentangled|Readout|CN=3|B0=3|B1=3|K=1280|L=320|p_B=0.75|p_C=0.75|B=2|eps=0|c5cf5f29-0828-4665-8316-69edf18d12bd/ already exists.
./circuit_plots/Unrestricted Disentangled|Readout|CN=3|B0=3|B1=3|K=1280|L=320|p_B=0.75|p_C=0.75|B=2|eps=0|c5cf5f29-0828-4665-8316-69edf18d12bd/ already exists.
./circuit_plots/Unrestricted Disentangled|Readout|CN=3|B0=3|B1=3|K=1280|L=320|p_B=0.75|p_C=0.75|B=2|eps=0|c5cf5f29-0828-4665-8316-69edf18d12bd/ already exists.
./circuit_plots/Unrestricted Disentangled|Readout|CN=3|B0=3|B1=3|K=1280|L=320|p_B=0.75|p_C=0.75|B=2|eps=0|c5cf5f29-0828-4665-8316-69edf18d12bd/ already exists.
./circuit_plots/Unrestricted Disentangled|Readout|CN=3|B0=3|B1=3|K=1280|L=320|p_B=0.75|p_C=0.75|B=2|eps=0|c5cf5f29-0828-4665-8316-69edf18d12bd/ already exists.
./circuit_plots/Unrestricted Disentangled|Readout|CN=3|B0=3|B1=3|K=1280|L=320|p_B=0.75|p_C=0.75|B=2|eps=0|c5cf5f29-0828-4665-8316-69edf18d12bd/ already exists.
Epoch: 2150, Loss: 5.74688720703125
Test acc: 0.0073, IC acc: 0.0101, IC acc2: 0.0029, IW acc: 0.0027
Epoch: 2151, Loss: 5.746556282043457
Epoch: 2152, Loss: 5.739725112915039
Epoch: 2153, Loss: 5.751101016998291
Epoch: 2154, Loss: 5.7586517333984375
Epoch: 2155, Loss: 5.739131927490234
Epoch: 2156, Loss: 5.746436595916748
Epoch: 2157, Loss: 5.73536491394043
Epoch: 2158, Loss: 5.748229503631592
Epoch: 2159, Loss: 5.760307312011719
Epoch: 2160, Loss: 5.745543003082275
Test acc: 0.0075, IC acc: 0.0101, IC acc2: 0.0027, IW acc: 0.0027
Epoch: 2161, Loss: 5.75029182434082
Epoch: 2162, Loss: 5.750033378601074
Epoch: 2163, Loss: 5.74021577835083
Epoch: 2164, Loss: 5.746432781219482
Epoch: 2165, Loss: 5.732879638671875
Epoch: 2166, Loss: 5.7520904541015625
Epoch: 2167, Loss: 5.757295608520508
Epoch: 2168, Loss: 5.746547698974609
Epoch: 2169, Loss: 5.759227752685547
Epoch: 2170, Loss: 5.740958213806152
Test acc: 0.0075, IC acc: 0.0103, IC acc2: 0.0027, IW acc: 0.0027
Epoch: 2171, Loss: 5.742092609405518
Epoch: 2172, Loss: 5.753813743591309
Epoch: 2173, Loss: 5.745017051696777
Epoch: 2174, Loss: 5.740872859954834
Epoch: 2175, Loss: 5.726676940917969
Epoch: 2176, Loss: 5.746389389038086
Epoch: 2177, Loss: 5.748340606689453
Epoch: 2178, Loss: 5.734506607055664
Epoch: 2179, Loss: 5.729653358459473
Epoch: 2180, Loss: 5.7353925704956055
Test acc: 0.0075, IC acc: 0.0103, IC acc2: 0.0028, IW acc: 0.0026
Epoch: 2181, Loss: 5.762983322143555
Epoch: 2182, Loss: 5.750690460205078
Epoch: 2183, Loss: 5.743386268615723
Epoch: 2184, Loss: 5.748203277587891
Epoch: 2185, Loss: 5.7579851150512695
Epoch: 2186, Loss: 5.742564678192139
Epoch: 2187, Loss: 5.722014427185059
Epoch: 2188, Loss: 5.751029014587402
Epoch: 2189, Loss: 5.732707977294922
Epoch: 2190, Loss: 5.7545013427734375
Test acc: 0.0075, IC acc: 0.0104, IC acc2: 0.0028, IW acc: 0.0026
Epoch: 2191, Loss: 5.721735000610352
Epoch: 2192, Loss: 5.755034446716309
Epoch: 2193, Loss: 5.740684509277344
Epoch: 2194, Loss: 5.742155075073242
Epoch: 2195, Loss: 5.748565196990967
Epoch: 2196, Loss: 5.7536702156066895
Epoch: 2197, Loss: 5.7469282150268555
Epoch: 2198, Loss: 5.751591205596924
Epoch: 2199, Loss: 5.749217987060547
./circuit_plots/Unrestricted Disentangled|Readout|CN=3|B0=3|B1=3|K=1280|L=320|p_B=0.75|p_C=0.75|B=2|eps=0|c5cf5f29-0828-4665-8316-69edf18d12bd/ already exists.
./circuit_plots/Unrestricted Disentangled|Readout|CN=3|B0=3|B1=3|K=1280|L=320|p_B=0.75|p_C=0.75|B=2|eps=0|c5cf5f29-0828-4665-8316-69edf18d12bd/ already exists.
./circuit_plots/Unrestricted Disentangled|Readout|CN=3|B0=3|B1=3|K=1280|L=320|p_B=0.75|p_C=0.75|B=2|eps=0|c5cf5f29-0828-4665-8316-69edf18d12bd/ already exists.
./circuit_plots/Unrestricted Disentangled|Readout|CN=3|B0=3|B1=3|K=1280|L=320|p_B=0.75|p_C=0.75|B=2|eps=0|c5cf5f29-0828-4665-8316-69edf18d12bd/ already exists.
./circuit_plots/Unrestricted Disentangled|Readout|CN=3|B0=3|B1=3|K=1280|L=320|p_B=0.75|p_C=0.75|B=2|eps=0|c5cf5f29-0828-4665-8316-69edf18d12bd/ already exists.
./circuit_plots/Unrestricted Disentangled|Readout|CN=3|B0=3|B1=3|K=1280|L=320|p_B=0.75|p_C=0.75|B=2|eps=0|c5cf5f29-0828-4665-8316-69edf18d12bd/ already exists.
./circuit_plots/Unrestricted Disentangled|Readout|CN=3|B0=3|B1=3|K=1280|L=320|p_B=0.75|p_C=0.75|B=2|eps=0|c5cf5f29-0828-4665-8316-69edf18d12bd/ already exists.
Epoch: 2200, Loss: 5.748875141143799
Test acc: 0.0075, IC acc: 0.0103, IC acc2: 0.0026, IW acc: 0.0026
Epoch: 2201, Loss: 5.75044059753418
Epoch: 2202, Loss: 5.762744903564453
Epoch: 2203, Loss: 5.737805366516113
Epoch: 2204, Loss: 5.752885818481445
Epoch: 2205, Loss: 5.747869968414307
Epoch: 2206, Loss: 5.750991344451904
Epoch: 2207, Loss: 5.750636577606201
Epoch: 2208, Loss: 5.751870155334473
Epoch: 2209, Loss: 5.770763397216797
Epoch: 2210, Loss: 5.747224807739258
Test acc: 0.0075, IC acc: 0.0102, IC acc2: 0.0026, IW acc: 0.0026
Epoch: 2211, Loss: 5.733108043670654
Epoch: 2212, Loss: 5.7394819259643555
Epoch: 2213, Loss: 5.753155708312988
Epoch: 2214, Loss: 5.728098392486572
Epoch: 2215, Loss: 5.744136333465576
Epoch: 2216, Loss: 5.755556106567383
Epoch: 2217, Loss: 5.743327617645264
Epoch: 2218, Loss: 5.743539810180664
Epoch: 2219, Loss: 5.746236801147461
Epoch: 2220, Loss: 5.73294734954834
Test acc: 0.0075, IC acc: 0.0102, IC acc2: 0.0026, IW acc: 0.0026
Epoch: 2221, Loss: 5.750253200531006
Epoch: 2222, Loss: 5.736964225769043
Epoch: 2223, Loss: 5.729146957397461
Epoch: 2224, Loss: 5.72825813293457
Epoch: 2225, Loss: 5.741377353668213
Epoch: 2226, Loss: 5.749279022216797
Epoch: 2227, Loss: 5.734323024749756
Epoch: 2228, Loss: 5.731288433074951
Epoch: 2229, Loss: 5.74495792388916
Epoch: 2230, Loss: 5.724465370178223
Test acc: 0.0075, IC acc: 0.0101, IC acc2: 0.0026, IW acc: 0.0026
Epoch: 2231, Loss: 5.745430946350098
Epoch: 2232, Loss: 5.758016586303711
Epoch: 2233, Loss: 5.7470526695251465
Epoch: 2234, Loss: 5.755062580108643
Epoch: 2235, Loss: 5.760028839111328
Epoch: 2236, Loss: 5.7457075119018555
Epoch: 2237, Loss: 5.733313083648682
Epoch: 2238, Loss: 5.722055435180664
Epoch: 2239, Loss: 5.725558280944824
Epoch: 2240, Loss: 5.737278461456299
Test acc: 0.0076, IC acc: 0.0103, IC acc2: 0.0026, IW acc: 0.0027
Epoch: 2241, Loss: 5.745028972625732
Epoch: 2242, Loss: 5.751357555389404
Epoch: 2243, Loss: 5.733445167541504
Epoch: 2244, Loss: 5.75590705871582
Epoch: 2245, Loss: 5.738205432891846
Epoch: 2246, Loss: 5.754199504852295
Epoch: 2247, Loss: 5.763734817504883
Epoch: 2248, Loss: 5.7449421882629395
Epoch: 2249, Loss: 5.7525553703308105
./circuit_plots/Unrestricted Disentangled|Readout|CN=3|B0=3|B1=3|K=1280|L=320|p_B=0.75|p_C=0.75|B=2|eps=0|c5cf5f29-0828-4665-8316-69edf18d12bd/ already exists.
./circuit_plots/Unrestricted Disentangled|Readout|CN=3|B0=3|B1=3|K=1280|L=320|p_B=0.75|p_C=0.75|B=2|eps=0|c5cf5f29-0828-4665-8316-69edf18d12bd/ already exists.
./circuit_plots/Unrestricted Disentangled|Readout|CN=3|B0=3|B1=3|K=1280|L=320|p_B=0.75|p_C=0.75|B=2|eps=0|c5cf5f29-0828-4665-8316-69edf18d12bd/ already exists.
./circuit_plots/Unrestricted Disentangled|Readout|CN=3|B0=3|B1=3|K=1280|L=320|p_B=0.75|p_C=0.75|B=2|eps=0|c5cf5f29-0828-4665-8316-69edf18d12bd/ already exists.
./circuit_plots/Unrestricted Disentangled|Readout|CN=3|B0=3|B1=3|K=1280|L=320|p_B=0.75|p_C=0.75|B=2|eps=0|c5cf5f29-0828-4665-8316-69edf18d12bd/ already exists.
./circuit_plots/Unrestricted Disentangled|Readout|CN=3|B0=3|B1=3|K=1280|L=320|p_B=0.75|p_C=0.75|B=2|eps=0|c5cf5f29-0828-4665-8316-69edf18d12bd/ already exists.
./circuit_plots/Unrestricted Disentangled|Readout|CN=3|B0=3|B1=3|K=1280|L=320|p_B=0.75|p_C=0.75|B=2|eps=0|c5cf5f29-0828-4665-8316-69edf18d12bd/ already exists.
Epoch: 2250, Loss: 5.756292343139648
Test acc: 0.0076, IC acc: 0.0105, IC acc2: 0.0026, IW acc: 0.0027
Epoch: 2251, Loss: 5.7403645515441895
Epoch: 2252, Loss: 5.741071701049805
Epoch: 2253, Loss: 5.761283874511719
Epoch: 2254, Loss: 5.740231513977051
Epoch: 2255, Loss: 5.755011558532715
Epoch: 2256, Loss: 5.738694190979004
Epoch: 2257, Loss: 5.744412899017334
Epoch: 2258, Loss: 5.733875274658203
Epoch: 2259, Loss: 5.742307186126709
Epoch: 2260, Loss: 5.7432861328125
Test acc: 0.0076, IC acc: 0.0104, IC acc2: 0.0026, IW acc: 0.0027
Epoch: 2261, Loss: 5.739931106567383
Epoch: 2262, Loss: 5.754848003387451
Epoch: 2263, Loss: 5.742669105529785
Epoch: 2264, Loss: 5.751222133636475
Epoch: 2265, Loss: 5.7339019775390625
Epoch: 2266, Loss: 5.7450737953186035
Epoch: 2267, Loss: 5.7448930740356445
Epoch: 2268, Loss: 5.729660987854004
Epoch: 2269, Loss: 5.749727249145508
Epoch: 2270, Loss: 5.739187717437744
Test acc: 0.0077, IC acc: 0.0104, IC acc2: 0.0025, IW acc: 0.0026
Epoch: 2271, Loss: 5.735804557800293
Epoch: 2272, Loss: 5.739587306976318
Epoch: 2273, Loss: 5.763012886047363
Epoch: 2274, Loss: 5.759775638580322
Epoch: 2275, Loss: 5.721091270446777
Epoch: 2276, Loss: 5.7502641677856445
Epoch: 2277, Loss: 5.749113082885742
Epoch: 2278, Loss: 5.7465009689331055
Epoch: 2279, Loss: 5.737146854400635
Epoch: 2280, Loss: 5.741495132446289
Test acc: 0.0077, IC acc: 0.0105, IC acc2: 0.0027, IW acc: 0.0027
Epoch: 2281, Loss: 5.753538131713867
Epoch: 2282, Loss: 5.741002559661865
Epoch: 2283, Loss: 5.734077453613281
Epoch: 2284, Loss: 5.72208309173584
Epoch: 2285, Loss: 5.752209663391113
Epoch: 2286, Loss: 5.744132041931152
Epoch: 2287, Loss: 5.739134788513184
Epoch: 2288, Loss: 5.7282867431640625
Epoch: 2289, Loss: 5.74980354309082
Epoch: 2290, Loss: 5.751643180847168
Test acc: 0.0077, IC acc: 0.0105, IC acc2: 0.0026, IW acc: 0.0027
Epoch: 2291, Loss: 5.733530044555664
Epoch: 2292, Loss: 5.74416446685791
Epoch: 2293, Loss: 5.746749401092529
Epoch: 2294, Loss: 5.75868034362793
Epoch: 2295, Loss: 5.742240905761719
Epoch: 2296, Loss: 5.752553462982178
Epoch: 2297, Loss: 5.731562614440918
Epoch: 2298, Loss: 5.752109527587891
Epoch: 2299, Loss: 5.755888938903809
./circuit_plots/Unrestricted Disentangled|Readout|CN=3|B0=3|B1=3|K=1280|L=320|p_B=0.75|p_C=0.75|B=2|eps=0|c5cf5f29-0828-4665-8316-69edf18d12bd/ already exists.
./circuit_plots/Unrestricted Disentangled|Readout|CN=3|B0=3|B1=3|K=1280|L=320|p_B=0.75|p_C=0.75|B=2|eps=0|c5cf5f29-0828-4665-8316-69edf18d12bd/ already exists.
./circuit_plots/Unrestricted Disentangled|Readout|CN=3|B0=3|B1=3|K=1280|L=320|p_B=0.75|p_C=0.75|B=2|eps=0|c5cf5f29-0828-4665-8316-69edf18d12bd/ already exists.
./circuit_plots/Unrestricted Disentangled|Readout|CN=3|B0=3|B1=3|K=1280|L=320|p_B=0.75|p_C=0.75|B=2|eps=0|c5cf5f29-0828-4665-8316-69edf18d12bd/ already exists.
./circuit_plots/Unrestricted Disentangled|Readout|CN=3|B0=3|B1=3|K=1280|L=320|p_B=0.75|p_C=0.75|B=2|eps=0|c5cf5f29-0828-4665-8316-69edf18d12bd/ already exists.
./circuit_plots/Unrestricted Disentangled|Readout|CN=3|B0=3|B1=3|K=1280|L=320|p_B=0.75|p_C=0.75|B=2|eps=0|c5cf5f29-0828-4665-8316-69edf18d12bd/ already exists.
./circuit_plots/Unrestricted Disentangled|Readout|CN=3|B0=3|B1=3|K=1280|L=320|p_B=0.75|p_C=0.75|B=2|eps=0|c5cf5f29-0828-4665-8316-69edf18d12bd/ already exists.
Epoch: 2300, Loss: 5.741193771362305
Test acc: 0.0077, IC acc: 0.0106, IC acc2: 0.0026, IW acc: 0.0027
Epoch: 2301, Loss: 5.7417521476745605
Epoch: 2302, Loss: 5.742632865905762
Epoch: 2303, Loss: 5.752087593078613
Epoch: 2304, Loss: 5.7574591636657715
Epoch: 2305, Loss: 5.763898849487305
Epoch: 2306, Loss: 5.743412971496582
Epoch: 2307, Loss: 5.75437593460083
Epoch: 2308, Loss: 5.740269184112549
Epoch: 2309, Loss: 5.742731094360352
Epoch: 2310, Loss: 5.73509407043457
Test acc: 0.0077, IC acc: 0.0107, IC acc2: 0.0026, IW acc: 0.0027
Epoch: 2311, Loss: 5.731779098510742
Epoch: 2312, Loss: 5.7284345626831055
Epoch: 2313, Loss: 5.749458312988281
Epoch: 2314, Loss: 5.732799530029297
Epoch: 2315, Loss: 5.739753723144531
Epoch: 2316, Loss: 5.7455339431762695
Epoch: 2317, Loss: 5.773281574249268
Epoch: 2318, Loss: 5.729142665863037
Epoch: 2319, Loss: 5.733211040496826
Epoch: 2320, Loss: 5.7523298263549805
Test acc: 0.0077, IC acc: 0.0107, IC acc2: 0.0026, IW acc: 0.0027
Epoch: 2321, Loss: 5.731874465942383
Epoch: 2322, Loss: 5.734828948974609
Epoch: 2323, Loss: 5.74387264251709
Epoch: 2324, Loss: 5.743514060974121
Epoch: 2325, Loss: 5.757779121398926
Epoch: 2326, Loss: 5.746855735778809
Epoch: 2327, Loss: 5.733245849609375
Epoch: 2328, Loss: 5.7525787353515625
Epoch: 2329, Loss: 5.733416557312012
Epoch: 2330, Loss: 5.758322238922119
Test acc: 0.0079, IC acc: 0.0107, IC acc2: 0.0026, IW acc: 0.0027
Epoch: 2331, Loss: 5.748292922973633
Epoch: 2332, Loss: 5.75499153137207
Epoch: 2333, Loss: 5.756974697113037
Epoch: 2334, Loss: 5.762374401092529
Epoch: 2335, Loss: 5.753726959228516
Epoch: 2336, Loss: 5.728597640991211
Epoch: 2337, Loss: 5.741334915161133
Epoch: 2338, Loss: 5.724824905395508
Epoch: 2339, Loss: 5.73048210144043
Epoch: 2340, Loss: 5.743445873260498
Test acc: 0.0079, IC acc: 0.0107, IC acc2: 0.0026, IW acc: 0.0027
Epoch: 2341, Loss: 5.7592926025390625
Epoch: 2342, Loss: 5.75112247467041
Epoch: 2343, Loss: 5.758111953735352
Epoch: 2344, Loss: 5.733686923980713
Epoch: 2345, Loss: 5.732628345489502
Epoch: 2346, Loss: 5.735806465148926
Epoch: 2347, Loss: 5.737094879150391
Epoch: 2348, Loss: 5.750629425048828
Epoch: 2349, Loss: 5.738597869873047
./circuit_plots/Unrestricted Disentangled|Readout|CN=3|B0=3|B1=3|K=1280|L=320|p_B=0.75|p_C=0.75|B=2|eps=0|c5cf5f29-0828-4665-8316-69edf18d12bd/ already exists.
./circuit_plots/Unrestricted Disentangled|Readout|CN=3|B0=3|B1=3|K=1280|L=320|p_B=0.75|p_C=0.75|B=2|eps=0|c5cf5f29-0828-4665-8316-69edf18d12bd/ already exists.
./circuit_plots/Unrestricted Disentangled|Readout|CN=3|B0=3|B1=3|K=1280|L=320|p_B=0.75|p_C=0.75|B=2|eps=0|c5cf5f29-0828-4665-8316-69edf18d12bd/ already exists.
./circuit_plots/Unrestricted Disentangled|Readout|CN=3|B0=3|B1=3|K=1280|L=320|p_B=0.75|p_C=0.75|B=2|eps=0|c5cf5f29-0828-4665-8316-69edf18d12bd/ already exists.
./circuit_plots/Unrestricted Disentangled|Readout|CN=3|B0=3|B1=3|K=1280|L=320|p_B=0.75|p_C=0.75|B=2|eps=0|c5cf5f29-0828-4665-8316-69edf18d12bd/ already exists.
./circuit_plots/Unrestricted Disentangled|Readout|CN=3|B0=3|B1=3|K=1280|L=320|p_B=0.75|p_C=0.75|B=2|eps=0|c5cf5f29-0828-4665-8316-69edf18d12bd/ already exists.
./circuit_plots/Unrestricted Disentangled|Readout|CN=3|B0=3|B1=3|K=1280|L=320|p_B=0.75|p_C=0.75|B=2|eps=0|c5cf5f29-0828-4665-8316-69edf18d12bd/ already exists.
Epoch: 2350, Loss: 5.739758491516113
Test acc: 0.0079, IC acc: 0.0108, IC acc2: 0.0026, IW acc: 0.0027
Epoch: 2351, Loss: 5.745763301849365
Epoch: 2352, Loss: 5.742985725402832
Epoch: 2353, Loss: 5.745968818664551
Epoch: 2354, Loss: 5.743117332458496
Epoch: 2355, Loss: 5.746327877044678
Epoch: 2356, Loss: 5.773324489593506
Epoch: 2357, Loss: 5.729892253875732
Epoch: 2358, Loss: 5.738499641418457
Epoch: 2359, Loss: 5.7408366203308105
Epoch: 2360, Loss: 5.747256278991699
Test acc: 0.0078, IC acc: 0.0108, IC acc2: 0.0026, IW acc: 0.0027
Epoch: 2361, Loss: 5.7453932762146
Epoch: 2362, Loss: 5.752788543701172
Epoch: 2363, Loss: 5.745104789733887
Epoch: 2364, Loss: 5.728878021240234
Epoch: 2365, Loss: 5.743785858154297
Epoch: 2366, Loss: 5.760927200317383
Epoch: 2367, Loss: 5.7354888916015625
Epoch: 2368, Loss: 5.7440876960754395
Epoch: 2369, Loss: 5.738160133361816
Epoch: 2370, Loss: 5.744813919067383
Test acc: 0.0078, IC acc: 0.0108, IC acc2: 0.0026, IW acc: 0.0025
Epoch: 2371, Loss: 5.739295482635498
Epoch: 2372, Loss: 5.7452287673950195
Epoch: 2373, Loss: 5.7506561279296875
Epoch: 2374, Loss: 5.725110054016113
Epoch: 2375, Loss: 5.74273681640625
Epoch: 2376, Loss: 5.746123313903809
Epoch: 2377, Loss: 5.751011848449707
Epoch: 2378, Loss: 5.763296604156494
Epoch: 2379, Loss: 5.7469868659973145
Epoch: 2380, Loss: 5.741385459899902
Test acc: 0.0078, IC acc: 0.0108, IC acc2: 0.0026, IW acc: 0.0026
Epoch: 2381, Loss: 5.754546642303467
Epoch: 2382, Loss: 5.726763725280762
Epoch: 2383, Loss: 5.742796421051025
Epoch: 2384, Loss: 5.749818325042725
Epoch: 2385, Loss: 5.734043121337891
Epoch: 2386, Loss: 5.736977577209473
Epoch: 2387, Loss: 5.753745079040527
Epoch: 2388, Loss: 5.733165264129639
Epoch: 2389, Loss: 5.750586986541748
Epoch: 2390, Loss: 5.739032745361328
Test acc: 0.0078, IC acc: 0.0108, IC acc2: 0.0026, IW acc: 0.0026
Epoch: 2391, Loss: 5.730149269104004
Epoch: 2392, Loss: 5.74904727935791
Epoch: 2393, Loss: 5.73789644241333
Epoch: 2394, Loss: 5.733006954193115
Epoch: 2395, Loss: 5.767548084259033
Epoch: 2396, Loss: 5.735515594482422
Epoch: 2397, Loss: 5.743134498596191
Epoch: 2398, Loss: 5.735289573669434
Epoch: 2399, Loss: 5.742236137390137
./circuit_plots/Unrestricted Disentangled|Readout|CN=3|B0=3|B1=3|K=1280|L=320|p_B=0.75|p_C=0.75|B=2|eps=0|c5cf5f29-0828-4665-8316-69edf18d12bd/ already exists.
./circuit_plots/Unrestricted Disentangled|Readout|CN=3|B0=3|B1=3|K=1280|L=320|p_B=0.75|p_C=0.75|B=2|eps=0|c5cf5f29-0828-4665-8316-69edf18d12bd/ already exists.
./circuit_plots/Unrestricted Disentangled|Readout|CN=3|B0=3|B1=3|K=1280|L=320|p_B=0.75|p_C=0.75|B=2|eps=0|c5cf5f29-0828-4665-8316-69edf18d12bd/ already exists.
./circuit_plots/Unrestricted Disentangled|Readout|CN=3|B0=3|B1=3|K=1280|L=320|p_B=0.75|p_C=0.75|B=2|eps=0|c5cf5f29-0828-4665-8316-69edf18d12bd/ already exists.
./circuit_plots/Unrestricted Disentangled|Readout|CN=3|B0=3|B1=3|K=1280|L=320|p_B=0.75|p_C=0.75|B=2|eps=0|c5cf5f29-0828-4665-8316-69edf18d12bd/ already exists.
./circuit_plots/Unrestricted Disentangled|Readout|CN=3|B0=3|B1=3|K=1280|L=320|p_B=0.75|p_C=0.75|B=2|eps=0|c5cf5f29-0828-4665-8316-69edf18d12bd/ already exists.
./circuit_plots/Unrestricted Disentangled|Readout|CN=3|B0=3|B1=3|K=1280|L=320|p_B=0.75|p_C=0.75|B=2|eps=0|c5cf5f29-0828-4665-8316-69edf18d12bd/ already exists.
Epoch: 2400, Loss: 5.728139400482178
Test acc: 0.0078, IC acc: 0.0108, IC acc2: 0.0026, IW acc: 0.0026
Epoch: 2401, Loss: 5.735982894897461
Epoch: 2402, Loss: 5.753992080688477
Epoch: 2403, Loss: 5.739825248718262
Epoch: 2404, Loss: 5.741928577423096
Epoch: 2405, Loss: 5.745316505432129
Epoch: 2406, Loss: 5.734875202178955
Epoch: 2407, Loss: 5.7362589836120605
Epoch: 2408, Loss: 5.7471818923950195
Epoch: 2409, Loss: 5.749548435211182
Epoch: 2410, Loss: 5.755301475524902
Test acc: 0.0078, IC acc: 0.0111, IC acc2: 0.0026, IW acc: 0.0026
Epoch: 2411, Loss: 5.732735633850098
Epoch: 2412, Loss: 5.747770309448242
Epoch: 2413, Loss: 5.743105888366699
Epoch: 2414, Loss: 5.739598274230957
Epoch: 2415, Loss: 5.75247049331665
Epoch: 2416, Loss: 5.724504470825195
Epoch: 2417, Loss: 5.737509727478027
Epoch: 2418, Loss: 5.757816314697266
Epoch: 2419, Loss: 5.750566005706787
Epoch: 2420, Loss: 5.735517501831055
Test acc: 0.0078, IC acc: 0.0112, IC acc2: 0.0026, IW acc: 0.0026
Epoch: 2421, Loss: 5.754781246185303
Epoch: 2422, Loss: 5.738891124725342
Epoch: 2423, Loss: 5.741364479064941
Epoch: 2424, Loss: 5.761334419250488
Epoch: 2425, Loss: 5.739943981170654
Epoch: 2426, Loss: 5.738617897033691
Epoch: 2427, Loss: 5.74570369720459
Epoch: 2428, Loss: 5.764103889465332
Epoch: 2429, Loss: 5.734646797180176
Epoch: 2430, Loss: 5.738842010498047
Test acc: 0.0078, IC acc: 0.0113, IC acc2: 0.0026, IW acc: 0.0026
Epoch: 2431, Loss: 5.733997344970703
Epoch: 2432, Loss: 5.748313903808594
Epoch: 2433, Loss: 5.744427680969238
Epoch: 2434, Loss: 5.739948272705078
Epoch: 2435, Loss: 5.737151145935059
Epoch: 2436, Loss: 5.7505879402160645
Epoch: 2437, Loss: 5.745807647705078
Epoch: 2438, Loss: 5.749161720275879
Epoch: 2439, Loss: 5.730636119842529
Epoch: 2440, Loss: 5.758737564086914
Test acc: 0.0079, IC acc: 0.0113, IC acc2: 0.0027, IW acc: 0.0026
Epoch: 2441, Loss: 5.74127197265625
Epoch: 2442, Loss: 5.739437103271484
Epoch: 2443, Loss: 5.732478141784668
Epoch: 2444, Loss: 5.748020172119141
Epoch: 2445, Loss: 5.751214504241943
Epoch: 2446, Loss: 5.735843658447266
Epoch: 2447, Loss: 5.751900672912598
Epoch: 2448, Loss: 5.7585320472717285
Epoch: 2449, Loss: 5.740654945373535
./circuit_plots/Unrestricted Disentangled|Readout|CN=3|B0=3|B1=3|K=1280|L=320|p_B=0.75|p_C=0.75|B=2|eps=0|c5cf5f29-0828-4665-8316-69edf18d12bd/ already exists.
./circuit_plots/Unrestricted Disentangled|Readout|CN=3|B0=3|B1=3|K=1280|L=320|p_B=0.75|p_C=0.75|B=2|eps=0|c5cf5f29-0828-4665-8316-69edf18d12bd/ already exists.
./circuit_plots/Unrestricted Disentangled|Readout|CN=3|B0=3|B1=3|K=1280|L=320|p_B=0.75|p_C=0.75|B=2|eps=0|c5cf5f29-0828-4665-8316-69edf18d12bd/ already exists.
./circuit_plots/Unrestricted Disentangled|Readout|CN=3|B0=3|B1=3|K=1280|L=320|p_B=0.75|p_C=0.75|B=2|eps=0|c5cf5f29-0828-4665-8316-69edf18d12bd/ already exists.
./circuit_plots/Unrestricted Disentangled|Readout|CN=3|B0=3|B1=3|K=1280|L=320|p_B=0.75|p_C=0.75|B=2|eps=0|c5cf5f29-0828-4665-8316-69edf18d12bd/ already exists.
./circuit_plots/Unrestricted Disentangled|Readout|CN=3|B0=3|B1=3|K=1280|L=320|p_B=0.75|p_C=0.75|B=2|eps=0|c5cf5f29-0828-4665-8316-69edf18d12bd/ already exists.
./circuit_plots/Unrestricted Disentangled|Readout|CN=3|B0=3|B1=3|K=1280|L=320|p_B=0.75|p_C=0.75|B=2|eps=0|c5cf5f29-0828-4665-8316-69edf18d12bd/ already exists.
Epoch: 2450, Loss: 5.732337951660156
Test acc: 0.0078, IC acc: 0.0115, IC acc2: 0.0027, IW acc: 0.0027
Epoch: 2451, Loss: 5.7486467361450195
Epoch: 2452, Loss: 5.7456536293029785
Epoch: 2453, Loss: 5.74308967590332
Epoch: 2454, Loss: 5.742364406585693
Epoch: 2455, Loss: 5.734669208526611
Epoch: 2456, Loss: 5.726825714111328
Epoch: 2457, Loss: 5.740207195281982
Epoch: 2458, Loss: 5.753124237060547
Epoch: 2459, Loss: 5.750308990478516
Epoch: 2460, Loss: 5.740810394287109
Test acc: 0.0079, IC acc: 0.0116, IC acc2: 0.0026, IW acc: 0.0027
Epoch: 2461, Loss: 5.743252277374268
Epoch: 2462, Loss: 5.734992980957031
Epoch: 2463, Loss: 5.723658561706543
Epoch: 2464, Loss: 5.748208522796631
Epoch: 2465, Loss: 5.7532830238342285
Epoch: 2466, Loss: 5.746529579162598
Epoch: 2467, Loss: 5.739266395568848
Epoch: 2468, Loss: 5.740506172180176
Epoch: 2469, Loss: 5.739283561706543
Epoch: 2470, Loss: 5.754338264465332
Test acc: 0.0079, IC acc: 0.0118, IC acc2: 0.0027, IW acc: 0.0026
Epoch: 2471, Loss: 5.73307991027832
Epoch: 2472, Loss: 5.732154846191406
Epoch: 2473, Loss: 5.759017467498779
Epoch: 2474, Loss: 5.743402481079102
Epoch: 2475, Loss: 5.738518714904785
Epoch: 2476, Loss: 5.741524696350098
Epoch: 2477, Loss: 5.737212181091309
Epoch: 2478, Loss: 5.7298903465271
Epoch: 2479, Loss: 5.752579689025879
Epoch: 2480, Loss: 5.7507004737854
Test acc: 0.0079, IC acc: 0.0118, IC acc2: 0.0028, IW acc: 0.0026
Epoch: 2481, Loss: 5.762102127075195
Epoch: 2482, Loss: 5.737792491912842
Epoch: 2483, Loss: 5.728950500488281
Epoch: 2484, Loss: 5.738781452178955
Epoch: 2485, Loss: 5.742440223693848
Epoch: 2486, Loss: 5.7406721115112305
Epoch: 2487, Loss: 5.753643989562988
Epoch: 2488, Loss: 5.750519752502441
Epoch: 2489, Loss: 5.731849193572998
Epoch: 2490, Loss: 5.737082481384277
Test acc: 0.0079, IC acc: 0.0118, IC acc2: 0.0028, IW acc: 0.0026
Epoch: 2491, Loss: 5.744518280029297
Epoch: 2492, Loss: 5.743245601654053
Epoch: 2493, Loss: 5.751153945922852
Epoch: 2494, Loss: 5.750758171081543
Epoch: 2495, Loss: 5.749297142028809
Epoch: 2496, Loss: 5.7566728591918945
Epoch: 2497, Loss: 5.736217021942139
Epoch: 2498, Loss: 5.743991851806641
Epoch: 2499, Loss: 5.751189231872559
./circuit_plots/Unrestricted Disentangled|Readout|CN=3|B0=3|B1=3|K=1280|L=320|p_B=0.75|p_C=0.75|B=2|eps=0|c5cf5f29-0828-4665-8316-69edf18d12bd/ already exists.
./circuit_plots/Unrestricted Disentangled|Readout|CN=3|B0=3|B1=3|K=1280|L=320|p_B=0.75|p_C=0.75|B=2|eps=0|c5cf5f29-0828-4665-8316-69edf18d12bd/ already exists.
./circuit_plots/Unrestricted Disentangled|Readout|CN=3|B0=3|B1=3|K=1280|L=320|p_B=0.75|p_C=0.75|B=2|eps=0|c5cf5f29-0828-4665-8316-69edf18d12bd/ already exists.
./circuit_plots/Unrestricted Disentangled|Readout|CN=3|B0=3|B1=3|K=1280|L=320|p_B=0.75|p_C=0.75|B=2|eps=0|c5cf5f29-0828-4665-8316-69edf18d12bd/ already exists.
./circuit_plots/Unrestricted Disentangled|Readout|CN=3|B0=3|B1=3|K=1280|L=320|p_B=0.75|p_C=0.75|B=2|eps=0|c5cf5f29-0828-4665-8316-69edf18d12bd/ already exists.
./circuit_plots/Unrestricted Disentangled|Readout|CN=3|B0=3|B1=3|K=1280|L=320|p_B=0.75|p_C=0.75|B=2|eps=0|c5cf5f29-0828-4665-8316-69edf18d12bd/ already exists.
./circuit_plots/Unrestricted Disentangled|Readout|CN=3|B0=3|B1=3|K=1280|L=320|p_B=0.75|p_C=0.75|B=2|eps=0|c5cf5f29-0828-4665-8316-69edf18d12bd/ already exists.
Epoch: 2500, Loss: 5.751710414886475
Test acc: 0.0078, IC acc: 0.0118, IC acc2: 0.0028, IW acc: 0.0026
Epoch: 2501, Loss: 5.73646354675293
Epoch: 2502, Loss: 5.74688720703125
Epoch: 2503, Loss: 5.749353408813477
Epoch: 2504, Loss: 5.758383274078369
Epoch: 2505, Loss: 5.737472057342529
Epoch: 2506, Loss: 5.755760192871094
Epoch: 2507, Loss: 5.7360968589782715
Epoch: 2508, Loss: 5.7433576583862305
Epoch: 2509, Loss: 5.744654178619385
Epoch: 2510, Loss: 5.758285999298096
Test acc: 0.008, IC acc: 0.0118, IC acc2: 0.0028, IW acc: 0.0026
Epoch: 2511, Loss: 5.7732367515563965
Epoch: 2512, Loss: 5.739568710327148
Epoch: 2513, Loss: 5.7429046630859375
Epoch: 2514, Loss: 5.745272636413574
Epoch: 2515, Loss: 5.740334510803223
Epoch: 2516, Loss: 5.734057426452637
Epoch: 2517, Loss: 5.7483720779418945
Epoch: 2518, Loss: 5.754517555236816
Epoch: 2519, Loss: 5.73525333404541
Epoch: 2520, Loss: 5.738245964050293
Test acc: 0.008, IC acc: 0.0118, IC acc2: 0.0028, IW acc: 0.0026
Epoch: 2521, Loss: 5.761918544769287
Epoch: 2522, Loss: 5.741706848144531
Epoch: 2523, Loss: 5.729169845581055
Epoch: 2524, Loss: 5.755721092224121
Epoch: 2525, Loss: 5.748566627502441
Epoch: 2526, Loss: 5.736554145812988
Epoch: 2527, Loss: 5.741267681121826
Epoch: 2528, Loss: 5.747099876403809
Epoch: 2529, Loss: 5.742891311645508
Epoch: 2530, Loss: 5.711775779724121
Test acc: 0.008, IC acc: 0.0119, IC acc2: 0.0027, IW acc: 0.0026
Epoch: 2531, Loss: 5.744219779968262
Epoch: 2532, Loss: 5.753435134887695
Epoch: 2533, Loss: 5.744582176208496
Epoch: 2534, Loss: 5.741517066955566
Epoch: 2535, Loss: 5.755958557128906
Epoch: 2536, Loss: 5.743346691131592
Epoch: 2537, Loss: 5.7363176345825195
Epoch: 2538, Loss: 5.740153789520264
Epoch: 2539, Loss: 5.745791912078857
Epoch: 2540, Loss: 5.7289347648620605
Test acc: 0.0081, IC acc: 0.0119, IC acc2: 0.0027, IW acc: 0.0026
Epoch: 2541, Loss: 5.74690580368042
Epoch: 2542, Loss: 5.726590156555176
Epoch: 2543, Loss: 5.736645698547363
Epoch: 2544, Loss: 5.729115009307861
Epoch: 2545, Loss: 5.732067108154297
Epoch: 2546, Loss: 5.744879722595215
Epoch: 2547, Loss: 5.734546661376953
Epoch: 2548, Loss: 5.761462211608887
Epoch: 2549, Loss: 5.75594425201416
./circuit_plots/Unrestricted Disentangled|Readout|CN=3|B0=3|B1=3|K=1280|L=320|p_B=0.75|p_C=0.75|B=2|eps=0|c5cf5f29-0828-4665-8316-69edf18d12bd/ already exists.
./circuit_plots/Unrestricted Disentangled|Readout|CN=3|B0=3|B1=3|K=1280|L=320|p_B=0.75|p_C=0.75|B=2|eps=0|c5cf5f29-0828-4665-8316-69edf18d12bd/ already exists.
./circuit_plots/Unrestricted Disentangled|Readout|CN=3|B0=3|B1=3|K=1280|L=320|p_B=0.75|p_C=0.75|B=2|eps=0|c5cf5f29-0828-4665-8316-69edf18d12bd/ already exists.
./circuit_plots/Unrestricted Disentangled|Readout|CN=3|B0=3|B1=3|K=1280|L=320|p_B=0.75|p_C=0.75|B=2|eps=0|c5cf5f29-0828-4665-8316-69edf18d12bd/ already exists.
./circuit_plots/Unrestricted Disentangled|Readout|CN=3|B0=3|B1=3|K=1280|L=320|p_B=0.75|p_C=0.75|B=2|eps=0|c5cf5f29-0828-4665-8316-69edf18d12bd/ already exists.
./circuit_plots/Unrestricted Disentangled|Readout|CN=3|B0=3|B1=3|K=1280|L=320|p_B=0.75|p_C=0.75|B=2|eps=0|c5cf5f29-0828-4665-8316-69edf18d12bd/ already exists.
./circuit_plots/Unrestricted Disentangled|Readout|CN=3|B0=3|B1=3|K=1280|L=320|p_B=0.75|p_C=0.75|B=2|eps=0|c5cf5f29-0828-4665-8316-69edf18d12bd/ already exists.
Epoch: 2550, Loss: 5.74336576461792
Test acc: 0.0083, IC acc: 0.0118, IC acc2: 0.0027, IW acc: 0.0026
Epoch: 2551, Loss: 5.750616550445557
Epoch: 2552, Loss: 5.7265191078186035
Epoch: 2553, Loss: 5.7212324142456055
Epoch: 2554, Loss: 5.749341011047363
Epoch: 2555, Loss: 5.733680248260498
Epoch: 2556, Loss: 5.738051414489746
Epoch: 2557, Loss: 5.724878787994385
Epoch: 2558, Loss: 5.744890213012695
Epoch: 2559, Loss: 5.734874248504639
Epoch: 2560, Loss: 5.760538578033447
Test acc: 0.0083, IC acc: 0.0119, IC acc2: 0.0026, IW acc: 0.0026
Epoch: 2561, Loss: 5.746801376342773
Epoch: 2562, Loss: 5.716993808746338
Epoch: 2563, Loss: 5.731478691101074
Epoch: 2564, Loss: 5.751246452331543
Epoch: 2565, Loss: 5.750668525695801
Epoch: 2566, Loss: 5.737222194671631
Epoch: 2567, Loss: 5.747459411621094
Epoch: 2568, Loss: 5.751331806182861
Epoch: 2569, Loss: 5.740269660949707
Epoch: 2570, Loss: 5.735461711883545
Test acc: 0.0084, IC acc: 0.0119, IC acc2: 0.0026, IW acc: 0.0026
Epoch: 2571, Loss: 5.748715400695801
Epoch: 2572, Loss: 5.749394416809082
Epoch: 2573, Loss: 5.739709854125977
Epoch: 2574, Loss: 5.744372844696045
Epoch: 2575, Loss: 5.724334716796875
Epoch: 2576, Loss: 5.747403144836426
Epoch: 2577, Loss: 5.72993278503418
Epoch: 2578, Loss: 5.73895263671875
Epoch: 2579, Loss: 5.73106575012207
Epoch: 2580, Loss: 5.724687576293945
Test acc: 0.0084, IC acc: 0.0122, IC acc2: 0.0026, IW acc: 0.0027
Epoch: 2581, Loss: 5.732481956481934
Epoch: 2582, Loss: 5.738902568817139
Epoch: 2583, Loss: 5.735110282897949
Epoch: 2584, Loss: 5.751914024353027
Epoch: 2585, Loss: 5.756503105163574
Epoch: 2586, Loss: 5.75572395324707
Epoch: 2587, Loss: 5.7334794998168945
Epoch: 2588, Loss: 5.730782508850098
Epoch: 2589, Loss: 5.723181247711182
Epoch: 2590, Loss: 5.744022369384766
Test acc: 0.0084, IC acc: 0.0124, IC acc2: 0.0026, IW acc: 0.0027
Epoch: 2591, Loss: 5.746561050415039
Epoch: 2592, Loss: 5.741054534912109
Epoch: 2593, Loss: 5.744995594024658
Epoch: 2594, Loss: 5.7396674156188965
Epoch: 2595, Loss: 5.743985176086426
Epoch: 2596, Loss: 5.737427234649658
Epoch: 2597, Loss: 5.741096496582031
Epoch: 2598, Loss: 5.744121551513672
Epoch: 2599, Loss: 5.742886543273926
./circuit_plots/Unrestricted Disentangled|Readout|CN=3|B0=3|B1=3|K=1280|L=320|p_B=0.75|p_C=0.75|B=2|eps=0|c5cf5f29-0828-4665-8316-69edf18d12bd/ already exists.
./circuit_plots/Unrestricted Disentangled|Readout|CN=3|B0=3|B1=3|K=1280|L=320|p_B=0.75|p_C=0.75|B=2|eps=0|c5cf5f29-0828-4665-8316-69edf18d12bd/ already exists.
./circuit_plots/Unrestricted Disentangled|Readout|CN=3|B0=3|B1=3|K=1280|L=320|p_B=0.75|p_C=0.75|B=2|eps=0|c5cf5f29-0828-4665-8316-69edf18d12bd/ already exists.
./circuit_plots/Unrestricted Disentangled|Readout|CN=3|B0=3|B1=3|K=1280|L=320|p_B=0.75|p_C=0.75|B=2|eps=0|c5cf5f29-0828-4665-8316-69edf18d12bd/ already exists.
./circuit_plots/Unrestricted Disentangled|Readout|CN=3|B0=3|B1=3|K=1280|L=320|p_B=0.75|p_C=0.75|B=2|eps=0|c5cf5f29-0828-4665-8316-69edf18d12bd/ already exists.
./circuit_plots/Unrestricted Disentangled|Readout|CN=3|B0=3|B1=3|K=1280|L=320|p_B=0.75|p_C=0.75|B=2|eps=0|c5cf5f29-0828-4665-8316-69edf18d12bd/ already exists.
./circuit_plots/Unrestricted Disentangled|Readout|CN=3|B0=3|B1=3|K=1280|L=320|p_B=0.75|p_C=0.75|B=2|eps=0|c5cf5f29-0828-4665-8316-69edf18d12bd/ already exists.
Epoch: 2600, Loss: 5.746229648590088
Test acc: 0.0086, IC acc: 0.0124, IC acc2: 0.0026, IW acc: 0.0028
Epoch: 2601, Loss: 5.741972923278809
Epoch: 2602, Loss: 5.721855640411377
Epoch: 2603, Loss: 5.731093883514404
Epoch: 2604, Loss: 5.739687919616699
Epoch: 2605, Loss: 5.756433486938477
Epoch: 2606, Loss: 5.743513584136963
Epoch: 2607, Loss: 5.7562642097473145
Epoch: 2608, Loss: 5.725720405578613
Epoch: 2609, Loss: 5.740334987640381
Epoch: 2610, Loss: 5.737489700317383
Test acc: 0.0086, IC acc: 0.0125, IC acc2: 0.0026, IW acc: 0.0028
Epoch: 2611, Loss: 5.750140190124512
Epoch: 2612, Loss: 5.748767375946045
Epoch: 2613, Loss: 5.735115051269531
Epoch: 2614, Loss: 5.73098087310791
Epoch: 2615, Loss: 5.746955394744873
Epoch: 2616, Loss: 5.733065605163574
Epoch: 2617, Loss: 5.743610382080078
Epoch: 2618, Loss: 5.735800743103027
Epoch: 2619, Loss: 5.742275238037109
Epoch: 2620, Loss: 5.740890026092529
Test acc: 0.0086, IC acc: 0.0126, IC acc2: 0.0026, IW acc: 0.0027
Epoch: 2621, Loss: 5.739709854125977
Epoch: 2622, Loss: 5.74172830581665
Epoch: 2623, Loss: 5.726845741271973
Epoch: 2624, Loss: 5.732582092285156
Epoch: 2625, Loss: 5.746496677398682
Epoch: 2626, Loss: 5.7330732345581055
Epoch: 2627, Loss: 5.737551212310791
Epoch: 2628, Loss: 5.7339677810668945
Epoch: 2629, Loss: 5.7318949699401855
Epoch: 2630, Loss: 5.73900032043457
Test acc: 0.0087, IC acc: 0.0127, IC acc2: 0.0026, IW acc: 0.0028
Epoch: 2631, Loss: 5.728157043457031
Epoch: 2632, Loss: 5.732420921325684
Epoch: 2633, Loss: 5.744877815246582
Epoch: 2634, Loss: 5.748291015625
Epoch: 2635, Loss: 5.743976593017578
Epoch: 2636, Loss: 5.749217987060547
Epoch: 2637, Loss: 5.742807388305664
Epoch: 2638, Loss: 5.738124847412109
Epoch: 2639, Loss: 5.738613128662109
Epoch: 2640, Loss: 5.734313488006592
Test acc: 0.0088, IC acc: 0.0132, IC acc2: 0.0026, IW acc: 0.0028
Epoch: 2641, Loss: 5.757168292999268
Epoch: 2642, Loss: 5.728146553039551
Epoch: 2643, Loss: 5.742125511169434
Epoch: 2644, Loss: 5.725722312927246
Epoch: 2645, Loss: 5.751284599304199
Epoch: 2646, Loss: 5.737695693969727
Epoch: 2647, Loss: 5.737115383148193
Epoch: 2648, Loss: 5.723403453826904
Epoch: 2649, Loss: 5.732429027557373
./circuit_plots/Unrestricted Disentangled|Readout|CN=3|B0=3|B1=3|K=1280|L=320|p_B=0.75|p_C=0.75|B=2|eps=0|c5cf5f29-0828-4665-8316-69edf18d12bd/ already exists.
./circuit_plots/Unrestricted Disentangled|Readout|CN=3|B0=3|B1=3|K=1280|L=320|p_B=0.75|p_C=0.75|B=2|eps=0|c5cf5f29-0828-4665-8316-69edf18d12bd/ already exists.
./circuit_plots/Unrestricted Disentangled|Readout|CN=3|B0=3|B1=3|K=1280|L=320|p_B=0.75|p_C=0.75|B=2|eps=0|c5cf5f29-0828-4665-8316-69edf18d12bd/ already exists.
./circuit_plots/Unrestricted Disentangled|Readout|CN=3|B0=3|B1=3|K=1280|L=320|p_B=0.75|p_C=0.75|B=2|eps=0|c5cf5f29-0828-4665-8316-69edf18d12bd/ already exists.
./circuit_plots/Unrestricted Disentangled|Readout|CN=3|B0=3|B1=3|K=1280|L=320|p_B=0.75|p_C=0.75|B=2|eps=0|c5cf5f29-0828-4665-8316-69edf18d12bd/ already exists.
./circuit_plots/Unrestricted Disentangled|Readout|CN=3|B0=3|B1=3|K=1280|L=320|p_B=0.75|p_C=0.75|B=2|eps=0|c5cf5f29-0828-4665-8316-69edf18d12bd/ already exists.
./circuit_plots/Unrestricted Disentangled|Readout|CN=3|B0=3|B1=3|K=1280|L=320|p_B=0.75|p_C=0.75|B=2|eps=0|c5cf5f29-0828-4665-8316-69edf18d12bd/ already exists.
Epoch: 2650, Loss: 5.749410152435303
Test acc: 0.0088, IC acc: 0.0132, IC acc2: 0.0026, IW acc: 0.0027
Epoch: 2651, Loss: 5.748077392578125
Epoch: 2652, Loss: 5.758040428161621
Epoch: 2653, Loss: 5.743843078613281
Epoch: 2654, Loss: 5.722007751464844
Epoch: 2655, Loss: 5.730145454406738
Epoch: 2656, Loss: 5.73713493347168
Epoch: 2657, Loss: 5.738103866577148
Epoch: 2658, Loss: 5.7545576095581055
Epoch: 2659, Loss: 5.730221748352051
Epoch: 2660, Loss: 5.729391098022461
Test acc: 0.0089, IC acc: 0.0133, IC acc2: 0.0026, IW acc: 0.0028
Epoch: 2661, Loss: 5.738659381866455
Epoch: 2662, Loss: 5.72815465927124
Epoch: 2663, Loss: 5.731767177581787
Epoch: 2664, Loss: 5.7434844970703125
Epoch: 2665, Loss: 5.73016357421875
Epoch: 2666, Loss: 5.754880428314209
Epoch: 2667, Loss: 5.73081111907959
Epoch: 2668, Loss: 5.755350589752197
Epoch: 2669, Loss: 5.7419891357421875
Epoch: 2670, Loss: 5.721329689025879
Test acc: 0.0092, IC acc: 0.0132, IC acc2: 0.0024, IW acc: 0.0028
Epoch: 2671, Loss: 5.73646354675293
Epoch: 2672, Loss: 5.748180389404297
Epoch: 2673, Loss: 5.738654136657715
Epoch: 2674, Loss: 5.733182907104492
Epoch: 2675, Loss: 5.759294509887695
Epoch: 2676, Loss: 5.723478317260742
Epoch: 2677, Loss: 5.725513935089111
Epoch: 2678, Loss: 5.732466697692871
Epoch: 2679, Loss: 5.724188804626465
Epoch: 2680, Loss: 5.735220432281494
Test acc: 0.0091, IC acc: 0.0134, IC acc2: 0.0024, IW acc: 0.0027
Epoch: 2681, Loss: 5.732326507568359
Epoch: 2682, Loss: 5.723726272583008
Epoch: 2683, Loss: 5.737061977386475
Epoch: 2684, Loss: 5.724271774291992
Epoch: 2685, Loss: 5.72876501083374
Epoch: 2686, Loss: 5.7324018478393555
Epoch: 2687, Loss: 5.734094619750977
Epoch: 2688, Loss: 5.75007438659668
Epoch: 2689, Loss: 5.747505187988281
Epoch: 2690, Loss: 5.730708122253418
Test acc: 0.0091, IC acc: 0.0136, IC acc2: 0.0024, IW acc: 0.0028
Epoch: 2691, Loss: 5.737584114074707
Epoch: 2692, Loss: 5.723479270935059
Epoch: 2693, Loss: 5.730473041534424
Epoch: 2694, Loss: 5.730197906494141
Epoch: 2695, Loss: 5.7473554611206055
Epoch: 2696, Loss: 5.740163803100586
Epoch: 2697, Loss: 5.72507905960083
Epoch: 2698, Loss: 5.722447872161865
Epoch: 2699, Loss: 5.740915298461914
./circuit_plots/Unrestricted Disentangled|Readout|CN=3|B0=3|B1=3|K=1280|L=320|p_B=0.75|p_C=0.75|B=2|eps=0|c5cf5f29-0828-4665-8316-69edf18d12bd/ already exists.
./circuit_plots/Unrestricted Disentangled|Readout|CN=3|B0=3|B1=3|K=1280|L=320|p_B=0.75|p_C=0.75|B=2|eps=0|c5cf5f29-0828-4665-8316-69edf18d12bd/ already exists.
./circuit_plots/Unrestricted Disentangled|Readout|CN=3|B0=3|B1=3|K=1280|L=320|p_B=0.75|p_C=0.75|B=2|eps=0|c5cf5f29-0828-4665-8316-69edf18d12bd/ already exists.
./circuit_plots/Unrestricted Disentangled|Readout|CN=3|B0=3|B1=3|K=1280|L=320|p_B=0.75|p_C=0.75|B=2|eps=0|c5cf5f29-0828-4665-8316-69edf18d12bd/ already exists.
./circuit_plots/Unrestricted Disentangled|Readout|CN=3|B0=3|B1=3|K=1280|L=320|p_B=0.75|p_C=0.75|B=2|eps=0|c5cf5f29-0828-4665-8316-69edf18d12bd/ already exists.
./circuit_plots/Unrestricted Disentangled|Readout|CN=3|B0=3|B1=3|K=1280|L=320|p_B=0.75|p_C=0.75|B=2|eps=0|c5cf5f29-0828-4665-8316-69edf18d12bd/ already exists.
./circuit_plots/Unrestricted Disentangled|Readout|CN=3|B0=3|B1=3|K=1280|L=320|p_B=0.75|p_C=0.75|B=2|eps=0|c5cf5f29-0828-4665-8316-69edf18d12bd/ already exists.
Epoch: 2700, Loss: 5.732470512390137
Test acc: 0.0092, IC acc: 0.0136, IC acc2: 0.0025, IW acc: 0.0028
Epoch: 2701, Loss: 5.745819091796875
Epoch: 2702, Loss: 5.7401275634765625
Epoch: 2703, Loss: 5.735872268676758
Epoch: 2704, Loss: 5.736135482788086
Epoch: 2705, Loss: 5.726282119750977
Epoch: 2706, Loss: 5.742832183837891
Epoch: 2707, Loss: 5.748394966125488
Epoch: 2708, Loss: 5.733194828033447
Epoch: 2709, Loss: 5.738802909851074
Epoch: 2710, Loss: 5.733649253845215
Test acc: 0.0093, IC acc: 0.0139, IC acc2: 0.0024, IW acc: 0.0027
Epoch: 2711, Loss: 5.744965076446533
Epoch: 2712, Loss: 5.734158515930176
Epoch: 2713, Loss: 5.7522101402282715
Epoch: 2714, Loss: 5.753226280212402
Epoch: 2715, Loss: 5.737774848937988
Epoch: 2716, Loss: 5.748140335083008
Epoch: 2717, Loss: 5.740381240844727
Epoch: 2718, Loss: 5.733212947845459
Epoch: 2719, Loss: 5.736989974975586
Epoch: 2720, Loss: 5.734120845794678
Test acc: 0.0095, IC acc: 0.0139, IC acc2: 0.0024, IW acc: 0.0027
Epoch: 2721, Loss: 5.752302646636963
Epoch: 2722, Loss: 5.728615760803223
Epoch: 2723, Loss: 5.725301742553711
Epoch: 2724, Loss: 5.751609802246094
Epoch: 2725, Loss: 5.731924057006836
Epoch: 2726, Loss: 5.748621940612793
Epoch: 2727, Loss: 5.742076396942139
Epoch: 2728, Loss: 5.741405487060547
Epoch: 2729, Loss: 5.740516662597656
Epoch: 2730, Loss: 5.742765426635742
Test acc: 0.0094, IC acc: 0.0139, IC acc2: 0.0024, IW acc: 0.0026
Epoch: 2731, Loss: 5.75260066986084
Epoch: 2732, Loss: 5.740634918212891
Epoch: 2733, Loss: 5.739826202392578
Epoch: 2734, Loss: 5.740015983581543
Epoch: 2735, Loss: 5.7436933517456055
Epoch: 2736, Loss: 5.728523254394531
Epoch: 2737, Loss: 5.740914344787598
Epoch: 2738, Loss: 5.731759548187256
Epoch: 2739, Loss: 5.740313529968262
Epoch: 2740, Loss: 5.739968299865723
Test acc: 0.0094, IC acc: 0.0138, IC acc2: 0.0023, IW acc: 0.0026
Epoch: 2741, Loss: 5.756889343261719
Epoch: 2742, Loss: 5.728902816772461
Epoch: 2743, Loss: 5.726360321044922
Epoch: 2744, Loss: 5.746116638183594
Epoch: 2745, Loss: 5.741524696350098
Epoch: 2746, Loss: 5.716596603393555
Epoch: 2747, Loss: 5.727015495300293
Epoch: 2748, Loss: 5.747884750366211
Epoch: 2749, Loss: 5.733029365539551
./circuit_plots/Unrestricted Disentangled|Readout|CN=3|B0=3|B1=3|K=1280|L=320|p_B=0.75|p_C=0.75|B=2|eps=0|c5cf5f29-0828-4665-8316-69edf18d12bd/ already exists.
./circuit_plots/Unrestricted Disentangled|Readout|CN=3|B0=3|B1=3|K=1280|L=320|p_B=0.75|p_C=0.75|B=2|eps=0|c5cf5f29-0828-4665-8316-69edf18d12bd/ already exists.
./circuit_plots/Unrestricted Disentangled|Readout|CN=3|B0=3|B1=3|K=1280|L=320|p_B=0.75|p_C=0.75|B=2|eps=0|c5cf5f29-0828-4665-8316-69edf18d12bd/ already exists.
./circuit_plots/Unrestricted Disentangled|Readout|CN=3|B0=3|B1=3|K=1280|L=320|p_B=0.75|p_C=0.75|B=2|eps=0|c5cf5f29-0828-4665-8316-69edf18d12bd/ already exists.
./circuit_plots/Unrestricted Disentangled|Readout|CN=3|B0=3|B1=3|K=1280|L=320|p_B=0.75|p_C=0.75|B=2|eps=0|c5cf5f29-0828-4665-8316-69edf18d12bd/ already exists.
./circuit_plots/Unrestricted Disentangled|Readout|CN=3|B0=3|B1=3|K=1280|L=320|p_B=0.75|p_C=0.75|B=2|eps=0|c5cf5f29-0828-4665-8316-69edf18d12bd/ already exists.
./circuit_plots/Unrestricted Disentangled|Readout|CN=3|B0=3|B1=3|K=1280|L=320|p_B=0.75|p_C=0.75|B=2|eps=0|c5cf5f29-0828-4665-8316-69edf18d12bd/ already exists.
Epoch: 2750, Loss: 5.747106552124023
Test acc: 0.0094, IC acc: 0.0139, IC acc2: 0.0024, IW acc: 0.0027
Epoch: 2751, Loss: 5.748133182525635
Epoch: 2752, Loss: 5.748917102813721
Epoch: 2753, Loss: 5.7295732498168945
Epoch: 2754, Loss: 5.720125198364258
Epoch: 2755, Loss: 5.743330478668213
Epoch: 2756, Loss: 5.730083465576172
Epoch: 2757, Loss: 5.719329357147217
Epoch: 2758, Loss: 5.751289367675781
Epoch: 2759, Loss: 5.746179580688477
Epoch: 2760, Loss: 5.7380523681640625
Test acc: 0.0094, IC acc: 0.0142, IC acc2: 0.0024, IW acc: 0.0027
Epoch: 2761, Loss: 5.737548828125
Epoch: 2762, Loss: 5.731281757354736
Epoch: 2763, Loss: 5.730033874511719
Epoch: 2764, Loss: 5.730644226074219
Epoch: 2765, Loss: 5.730876922607422
Epoch: 2766, Loss: 5.734652519226074
Epoch: 2767, Loss: 5.71867561340332
Epoch: 2768, Loss: 5.717545986175537
Epoch: 2769, Loss: 5.7446746826171875
Epoch: 2770, Loss: 5.740818500518799
Test acc: 0.0094, IC acc: 0.0142, IC acc2: 0.0024, IW acc: 0.0027
Epoch: 2771, Loss: 5.738916397094727
Epoch: 2772, Loss: 5.74648904800415
Epoch: 2773, Loss: 5.726030349731445
Epoch: 2774, Loss: 5.757744789123535
Epoch: 2775, Loss: 5.749608993530273
Epoch: 2776, Loss: 5.716758728027344
Epoch: 2777, Loss: 5.735337257385254
Epoch: 2778, Loss: 5.742338180541992
Epoch: 2779, Loss: 5.729583740234375
Epoch: 2780, Loss: 5.744400978088379
Test acc: 0.0096, IC acc: 0.0144, IC acc2: 0.0024, IW acc: 0.0027
Epoch: 2781, Loss: 5.74355936050415
Epoch: 2782, Loss: 5.725103378295898
Epoch: 2783, Loss: 5.731048583984375
Epoch: 2784, Loss: 5.72053337097168
Epoch: 2785, Loss: 5.737849235534668
Epoch: 2786, Loss: 5.734476089477539
Epoch: 2787, Loss: 5.724824905395508
Epoch: 2788, Loss: 5.735275745391846
Epoch: 2789, Loss: 5.738520622253418
Epoch: 2790, Loss: 5.748147964477539
Test acc: 0.0096, IC acc: 0.0144, IC acc2: 0.0025, IW acc: 0.0027
Epoch: 2791, Loss: 5.726680278778076
Epoch: 2792, Loss: 5.745788097381592
Epoch: 2793, Loss: 5.726869583129883
Epoch: 2794, Loss: 5.748671531677246
Epoch: 2795, Loss: 5.713500499725342
Epoch: 2796, Loss: 5.721582412719727
Epoch: 2797, Loss: 5.755107879638672
Epoch: 2798, Loss: 5.758222579956055
Epoch: 2799, Loss: 5.727322578430176
./circuit_plots/Unrestricted Disentangled|Readout|CN=3|B0=3|B1=3|K=1280|L=320|p_B=0.75|p_C=0.75|B=2|eps=0|c5cf5f29-0828-4665-8316-69edf18d12bd/ already exists.
./circuit_plots/Unrestricted Disentangled|Readout|CN=3|B0=3|B1=3|K=1280|L=320|p_B=0.75|p_C=0.75|B=2|eps=0|c5cf5f29-0828-4665-8316-69edf18d12bd/ already exists.
./circuit_plots/Unrestricted Disentangled|Readout|CN=3|B0=3|B1=3|K=1280|L=320|p_B=0.75|p_C=0.75|B=2|eps=0|c5cf5f29-0828-4665-8316-69edf18d12bd/ already exists.
./circuit_plots/Unrestricted Disentangled|Readout|CN=3|B0=3|B1=3|K=1280|L=320|p_B=0.75|p_C=0.75|B=2|eps=0|c5cf5f29-0828-4665-8316-69edf18d12bd/ already exists.
./circuit_plots/Unrestricted Disentangled|Readout|CN=3|B0=3|B1=3|K=1280|L=320|p_B=0.75|p_C=0.75|B=2|eps=0|c5cf5f29-0828-4665-8316-69edf18d12bd/ already exists.
./circuit_plots/Unrestricted Disentangled|Readout|CN=3|B0=3|B1=3|K=1280|L=320|p_B=0.75|p_C=0.75|B=2|eps=0|c5cf5f29-0828-4665-8316-69edf18d12bd/ already exists.
./circuit_plots/Unrestricted Disentangled|Readout|CN=3|B0=3|B1=3|K=1280|L=320|p_B=0.75|p_C=0.75|B=2|eps=0|c5cf5f29-0828-4665-8316-69edf18d12bd/ already exists.
Epoch: 2800, Loss: 5.73052978515625
Test acc: 0.0097, IC acc: 0.0143, IC acc2: 0.0024, IW acc: 0.0027
Epoch: 2801, Loss: 5.741666793823242
Epoch: 2802, Loss: 5.7299485206604
Epoch: 2803, Loss: 5.745973587036133
Epoch: 2804, Loss: 5.723818302154541
Epoch: 2805, Loss: 5.733048915863037
Epoch: 2806, Loss: 5.7341814041137695
Epoch: 2807, Loss: 5.735111713409424
Epoch: 2808, Loss: 5.7456793785095215
Epoch: 2809, Loss: 5.718975067138672
Epoch: 2810, Loss: 5.716058731079102
Test acc: 0.0098, IC acc: 0.0147, IC acc2: 0.0024, IW acc: 0.0026
Epoch: 2811, Loss: 5.735990524291992
Epoch: 2812, Loss: 5.727577209472656
Epoch: 2813, Loss: 5.717070579528809
Epoch: 2814, Loss: 5.740057468414307
Epoch: 2815, Loss: 5.729763984680176
Epoch: 2816, Loss: 5.732822418212891
Epoch: 2817, Loss: 5.744287014007568
Epoch: 2818, Loss: 5.737268447875977
Epoch: 2819, Loss: 5.73834228515625
Epoch: 2820, Loss: 5.7280120849609375
Test acc: 0.0099, IC acc: 0.0149, IC acc2: 0.0024, IW acc: 0.0027
Epoch: 2821, Loss: 5.725075721740723
Epoch: 2822, Loss: 5.743217468261719
Epoch: 2823, Loss: 5.723365306854248
Epoch: 2824, Loss: 5.73636531829834
Epoch: 2825, Loss: 5.728289604187012
Epoch: 2826, Loss: 5.736569404602051
Epoch: 2827, Loss: 5.738306999206543
Epoch: 2828, Loss: 5.729691028594971
Epoch: 2829, Loss: 5.729548454284668
Epoch: 2830, Loss: 5.748734951019287
Test acc: 0.01, IC acc: 0.0149, IC acc2: 0.0024, IW acc: 0.0027
Epoch: 2831, Loss: 5.721713542938232
Epoch: 2832, Loss: 5.748234272003174
Epoch: 2833, Loss: 5.741977691650391
Epoch: 2834, Loss: 5.739069938659668
Epoch: 2835, Loss: 5.744017601013184
Epoch: 2836, Loss: 5.742690563201904
Epoch: 2837, Loss: 5.738103866577148
Epoch: 2838, Loss: 5.757119655609131
Epoch: 2839, Loss: 5.7267374992370605
Epoch: 2840, Loss: 5.741118431091309
Test acc: 0.0099, IC acc: 0.015, IC acc2: 0.0024, IW acc: 0.0027
Epoch: 2841, Loss: 5.730619430541992
Epoch: 2842, Loss: 5.741289138793945
Epoch: 2843, Loss: 5.740112781524658
Epoch: 2844, Loss: 5.739312171936035
Epoch: 2845, Loss: 5.725895404815674
Epoch: 2846, Loss: 5.737448215484619
Epoch: 2847, Loss: 5.734396934509277
Epoch: 2848, Loss: 5.716187477111816
Epoch: 2849, Loss: 5.736050605773926
./circuit_plots/Unrestricted Disentangled|Readout|CN=3|B0=3|B1=3|K=1280|L=320|p_B=0.75|p_C=0.75|B=2|eps=0|c5cf5f29-0828-4665-8316-69edf18d12bd/ already exists.
./circuit_plots/Unrestricted Disentangled|Readout|CN=3|B0=3|B1=3|K=1280|L=320|p_B=0.75|p_C=0.75|B=2|eps=0|c5cf5f29-0828-4665-8316-69edf18d12bd/ already exists.
./circuit_plots/Unrestricted Disentangled|Readout|CN=3|B0=3|B1=3|K=1280|L=320|p_B=0.75|p_C=0.75|B=2|eps=0|c5cf5f29-0828-4665-8316-69edf18d12bd/ already exists.
./circuit_plots/Unrestricted Disentangled|Readout|CN=3|B0=3|B1=3|K=1280|L=320|p_B=0.75|p_C=0.75|B=2|eps=0|c5cf5f29-0828-4665-8316-69edf18d12bd/ already exists.
./circuit_plots/Unrestricted Disentangled|Readout|CN=3|B0=3|B1=3|K=1280|L=320|p_B=0.75|p_C=0.75|B=2|eps=0|c5cf5f29-0828-4665-8316-69edf18d12bd/ already exists.
./circuit_plots/Unrestricted Disentangled|Readout|CN=3|B0=3|B1=3|K=1280|L=320|p_B=0.75|p_C=0.75|B=2|eps=0|c5cf5f29-0828-4665-8316-69edf18d12bd/ already exists.
./circuit_plots/Unrestricted Disentangled|Readout|CN=3|B0=3|B1=3|K=1280|L=320|p_B=0.75|p_C=0.75|B=2|eps=0|c5cf5f29-0828-4665-8316-69edf18d12bd/ already exists.
Epoch: 2850, Loss: 5.732637405395508
Test acc: 0.0101, IC acc: 0.0151, IC acc2: 0.0024, IW acc: 0.0027
Epoch: 2851, Loss: 5.739184379577637
Epoch: 2852, Loss: 5.730048179626465
Epoch: 2853, Loss: 5.721108913421631
Epoch: 2854, Loss: 5.769886016845703
Epoch: 2855, Loss: 5.724880695343018
Epoch: 2856, Loss: 5.7284135818481445
Epoch: 2857, Loss: 5.724763870239258
Epoch: 2858, Loss: 5.73056697845459
Epoch: 2859, Loss: 5.732745170593262
Epoch: 2860, Loss: 5.7256574630737305
Test acc: 0.0103, IC acc: 0.0153, IC acc2: 0.0024, IW acc: 0.0027
Epoch: 2861, Loss: 5.747725009918213
Epoch: 2862, Loss: 5.738582134246826
Epoch: 2863, Loss: 5.7272725105285645
Epoch: 2864, Loss: 5.73792028427124
Epoch: 2865, Loss: 5.728827476501465
Epoch: 2866, Loss: 5.749283790588379
Epoch: 2867, Loss: 5.744538307189941
Epoch: 2868, Loss: 5.724140644073486
Epoch: 2869, Loss: 5.736839771270752
Epoch: 2870, Loss: 5.72875452041626
Test acc: 0.0103, IC acc: 0.0153, IC acc2: 0.0024, IW acc: 0.0027
Epoch: 2871, Loss: 5.739492416381836
Epoch: 2872, Loss: 5.728298187255859
Epoch: 2873, Loss: 5.742668151855469
Epoch: 2874, Loss: 5.742276191711426
Epoch: 2875, Loss: 5.738259792327881
Epoch: 2876, Loss: 5.736635208129883
Epoch: 2877, Loss: 5.726463794708252
Epoch: 2878, Loss: 5.738118648529053
Epoch: 2879, Loss: 5.730493545532227
Epoch: 2880, Loss: 5.7173967361450195
Test acc: 0.0105, IC acc: 0.0154, IC acc2: 0.0024, IW acc: 0.0027
Epoch: 2881, Loss: 5.735359191894531
Epoch: 2882, Loss: 5.735116958618164
Epoch: 2883, Loss: 5.739388465881348
Epoch: 2884, Loss: 5.715677738189697
Epoch: 2885, Loss: 5.745593070983887
Epoch: 2886, Loss: 5.752883434295654
Epoch: 2887, Loss: 5.742496967315674
Epoch: 2888, Loss: 5.7237629890441895
Epoch: 2889, Loss: 5.722296714782715
Epoch: 2890, Loss: 5.733428955078125
Test acc: 0.0106, IC acc: 0.0154, IC acc2: 0.0024, IW acc: 0.0027
Epoch: 2891, Loss: 5.722685813903809
Epoch: 2892, Loss: 5.76240348815918
Epoch: 2893, Loss: 5.73603630065918
Epoch: 2894, Loss: 5.712368965148926
Epoch: 2895, Loss: 5.7338738441467285
Epoch: 2896, Loss: 5.732460975646973
Epoch: 2897, Loss: 5.723865032196045
Epoch: 2898, Loss: 5.735652446746826
Epoch: 2899, Loss: 5.744021415710449
./circuit_plots/Unrestricted Disentangled|Readout|CN=3|B0=3|B1=3|K=1280|L=320|p_B=0.75|p_C=0.75|B=2|eps=0|c5cf5f29-0828-4665-8316-69edf18d12bd/ already exists.
./circuit_plots/Unrestricted Disentangled|Readout|CN=3|B0=3|B1=3|K=1280|L=320|p_B=0.75|p_C=0.75|B=2|eps=0|c5cf5f29-0828-4665-8316-69edf18d12bd/ already exists.
./circuit_plots/Unrestricted Disentangled|Readout|CN=3|B0=3|B1=3|K=1280|L=320|p_B=0.75|p_C=0.75|B=2|eps=0|c5cf5f29-0828-4665-8316-69edf18d12bd/ already exists.
./circuit_plots/Unrestricted Disentangled|Readout|CN=3|B0=3|B1=3|K=1280|L=320|p_B=0.75|p_C=0.75|B=2|eps=0|c5cf5f29-0828-4665-8316-69edf18d12bd/ already exists.
./circuit_plots/Unrestricted Disentangled|Readout|CN=3|B0=3|B1=3|K=1280|L=320|p_B=0.75|p_C=0.75|B=2|eps=0|c5cf5f29-0828-4665-8316-69edf18d12bd/ already exists.
./circuit_plots/Unrestricted Disentangled|Readout|CN=3|B0=3|B1=3|K=1280|L=320|p_B=0.75|p_C=0.75|B=2|eps=0|c5cf5f29-0828-4665-8316-69edf18d12bd/ already exists.
./circuit_plots/Unrestricted Disentangled|Readout|CN=3|B0=3|B1=3|K=1280|L=320|p_B=0.75|p_C=0.75|B=2|eps=0|c5cf5f29-0828-4665-8316-69edf18d12bd/ already exists.
Epoch: 2900, Loss: 5.725952625274658
Test acc: 0.0108, IC acc: 0.0155, IC acc2: 0.0024, IW acc: 0.0027
Epoch: 2901, Loss: 5.744992256164551
Epoch: 2902, Loss: 5.721359729766846
Epoch: 2903, Loss: 5.737011432647705
Epoch: 2904, Loss: 5.727588653564453
Epoch: 2905, Loss: 5.733321666717529
Epoch: 2906, Loss: 5.7465105056762695
Epoch: 2907, Loss: 5.74373722076416
Epoch: 2908, Loss: 5.727444648742676
Epoch: 2909, Loss: 5.741790771484375
Epoch: 2910, Loss: 5.730158805847168
Test acc: 0.0108, IC acc: 0.0154, IC acc2: 0.0024, IW acc: 0.0026
Epoch: 2911, Loss: 5.729712963104248
Epoch: 2912, Loss: 5.7435712814331055
Epoch: 2913, Loss: 5.748589038848877
Epoch: 2914, Loss: 5.739982604980469
Epoch: 2915, Loss: 5.733682632446289
Epoch: 2916, Loss: 5.736056804656982
Epoch: 2917, Loss: 5.739071369171143
Epoch: 2918, Loss: 5.7206711769104
Epoch: 2919, Loss: 5.744582176208496
Epoch: 2920, Loss: 5.740665912628174
Test acc: 0.0111, IC acc: 0.0153, IC acc2: 0.0024, IW acc: 0.0027
Epoch: 2921, Loss: 5.7217512130737305
Epoch: 2922, Loss: 5.7369384765625
Epoch: 2923, Loss: 5.734846115112305
Epoch: 2924, Loss: 5.761985778808594
Epoch: 2925, Loss: 5.741130828857422
Epoch: 2926, Loss: 5.749039173126221
Epoch: 2927, Loss: 5.732898235321045
Epoch: 2928, Loss: 5.736515522003174
Epoch: 2929, Loss: 5.719918251037598
Epoch: 2930, Loss: 5.738877296447754
Test acc: 0.0111, IC acc: 0.0156, IC acc2: 0.0024, IW acc: 0.0027
Epoch: 2931, Loss: 5.732748985290527
Epoch: 2932, Loss: 5.731391429901123
Epoch: 2933, Loss: 5.729069709777832
Epoch: 2934, Loss: 5.7578325271606445
Epoch: 2935, Loss: 5.741032600402832
Epoch: 2936, Loss: 5.7478437423706055
Epoch: 2937, Loss: 5.743526458740234
Epoch: 2938, Loss: 5.73468017578125
Epoch: 2939, Loss: 5.713764667510986
Epoch: 2940, Loss: 5.7079901695251465
Test acc: 0.0112, IC acc: 0.0158, IC acc2: 0.0024, IW acc: 0.0027
Epoch: 2941, Loss: 5.735574722290039
Epoch: 2942, Loss: 5.727817535400391
Epoch: 2943, Loss: 5.7430620193481445
Epoch: 2944, Loss: 5.732668876647949
Epoch: 2945, Loss: 5.740534782409668
Epoch: 2946, Loss: 5.739513397216797
Epoch: 2947, Loss: 5.732068061828613
Epoch: 2948, Loss: 5.739930152893066
Epoch: 2949, Loss: 5.713014602661133
./circuit_plots/Unrestricted Disentangled|Readout|CN=3|B0=3|B1=3|K=1280|L=320|p_B=0.75|p_C=0.75|B=2|eps=0|c5cf5f29-0828-4665-8316-69edf18d12bd/ already exists.
./circuit_plots/Unrestricted Disentangled|Readout|CN=3|B0=3|B1=3|K=1280|L=320|p_B=0.75|p_C=0.75|B=2|eps=0|c5cf5f29-0828-4665-8316-69edf18d12bd/ already exists.
./circuit_plots/Unrestricted Disentangled|Readout|CN=3|B0=3|B1=3|K=1280|L=320|p_B=0.75|p_C=0.75|B=2|eps=0|c5cf5f29-0828-4665-8316-69edf18d12bd/ already exists.
./circuit_plots/Unrestricted Disentangled|Readout|CN=3|B0=3|B1=3|K=1280|L=320|p_B=0.75|p_C=0.75|B=2|eps=0|c5cf5f29-0828-4665-8316-69edf18d12bd/ already exists.
./circuit_plots/Unrestricted Disentangled|Readout|CN=3|B0=3|B1=3|K=1280|L=320|p_B=0.75|p_C=0.75|B=2|eps=0|c5cf5f29-0828-4665-8316-69edf18d12bd/ already exists.
./circuit_plots/Unrestricted Disentangled|Readout|CN=3|B0=3|B1=3|K=1280|L=320|p_B=0.75|p_C=0.75|B=2|eps=0|c5cf5f29-0828-4665-8316-69edf18d12bd/ already exists.
./circuit_plots/Unrestricted Disentangled|Readout|CN=3|B0=3|B1=3|K=1280|L=320|p_B=0.75|p_C=0.75|B=2|eps=0|c5cf5f29-0828-4665-8316-69edf18d12bd/ already exists.
Epoch: 2950, Loss: 5.7403082847595215
Test acc: 0.0112, IC acc: 0.0158, IC acc2: 0.0024, IW acc: 0.0027
Epoch: 2951, Loss: 5.72216796875
Epoch: 2952, Loss: 5.746973991394043
Epoch: 2953, Loss: 5.740170478820801
Epoch: 2954, Loss: 5.7259039878845215
Epoch: 2955, Loss: 5.724678993225098
Epoch: 2956, Loss: 5.733904838562012
Epoch: 2957, Loss: 5.744319915771484
Epoch: 2958, Loss: 5.7426323890686035
Epoch: 2959, Loss: 5.736909866333008
Epoch: 2960, Loss: 5.726776123046875
Test acc: 0.0112, IC acc: 0.0158, IC acc2: 0.0025, IW acc: 0.0026
Epoch: 2961, Loss: 5.734228610992432
Epoch: 2962, Loss: 5.744060039520264
Epoch: 2963, Loss: 5.71691370010376
Epoch: 2964, Loss: 5.72507381439209
Epoch: 2965, Loss: 5.737198829650879
Epoch: 2966, Loss: 5.727408409118652
Epoch: 2967, Loss: 5.737335681915283
Epoch: 2968, Loss: 5.737710475921631
Epoch: 2969, Loss: 5.737881183624268
Epoch: 2970, Loss: 5.726341247558594
Test acc: 0.0113, IC acc: 0.016, IC acc2: 0.0025, IW acc: 0.0027
Epoch: 2971, Loss: 5.737231254577637
Epoch: 2972, Loss: 5.731320858001709
Epoch: 2973, Loss: 5.734429359436035
Epoch: 2974, Loss: 5.7342939376831055
Epoch: 2975, Loss: 5.732255935668945
Epoch: 2976, Loss: 5.743506908416748
Epoch: 2977, Loss: 5.734550952911377
Epoch: 2978, Loss: 5.7234601974487305
Epoch: 2979, Loss: 5.74639892578125
Epoch: 2980, Loss: 5.758599281311035
Test acc: 0.0114, IC acc: 0.0162, IC acc2: 0.0025, IW acc: 0.0027
Epoch: 2981, Loss: 5.734498977661133
Epoch: 2982, Loss: 5.7194623947143555
Epoch: 2983, Loss: 5.720132827758789
Epoch: 2984, Loss: 5.737695693969727
Epoch: 2985, Loss: 5.749643802642822
Epoch: 2986, Loss: 5.752067565917969
Epoch: 2987, Loss: 5.742870330810547
Epoch: 2988, Loss: 5.748848915100098
Epoch: 2989, Loss: 5.742491722106934
Epoch: 2990, Loss: 5.729130744934082
Test acc: 0.0114, IC acc: 0.0163, IC acc2: 0.0025, IW acc: 0.0026
Epoch: 2991, Loss: 5.717333793640137
Epoch: 2992, Loss: 5.732493877410889
Epoch: 2993, Loss: 5.7104082107543945
Epoch: 2994, Loss: 5.714048385620117
Epoch: 2995, Loss: 5.733208179473877
Epoch: 2996, Loss: 5.707042694091797
Epoch: 2997, Loss: 5.744571208953857
Epoch: 2998, Loss: 5.737658500671387
Epoch: 2999, Loss: 5.736180305480957
./circuit_plots/Unrestricted Disentangled|Readout|CN=3|B0=3|B1=3|K=1280|L=320|p_B=0.75|p_C=0.75|B=2|eps=0|c5cf5f29-0828-4665-8316-69edf18d12bd/ already exists.
./circuit_plots/Unrestricted Disentangled|Readout|CN=3|B0=3|B1=3|K=1280|L=320|p_B=0.75|p_C=0.75|B=2|eps=0|c5cf5f29-0828-4665-8316-69edf18d12bd/ already exists.
./circuit_plots/Unrestricted Disentangled|Readout|CN=3|B0=3|B1=3|K=1280|L=320|p_B=0.75|p_C=0.75|B=2|eps=0|c5cf5f29-0828-4665-8316-69edf18d12bd/ already exists.
./circuit_plots/Unrestricted Disentangled|Readout|CN=3|B0=3|B1=3|K=1280|L=320|p_B=0.75|p_C=0.75|B=2|eps=0|c5cf5f29-0828-4665-8316-69edf18d12bd/ already exists.
./circuit_plots/Unrestricted Disentangled|Readout|CN=3|B0=3|B1=3|K=1280|L=320|p_B=0.75|p_C=0.75|B=2|eps=0|c5cf5f29-0828-4665-8316-69edf18d12bd/ already exists.
./circuit_plots/Unrestricted Disentangled|Readout|CN=3|B0=3|B1=3|K=1280|L=320|p_B=0.75|p_C=0.75|B=2|eps=0|c5cf5f29-0828-4665-8316-69edf18d12bd/ already exists.
./circuit_plots/Unrestricted Disentangled|Readout|CN=3|B0=3|B1=3|K=1280|L=320|p_B=0.75|p_C=0.75|B=2|eps=0|c5cf5f29-0828-4665-8316-69edf18d12bd/ already exists.
Epoch: 3000, Loss: 5.737918853759766
Test acc: 0.0115, IC acc: 0.0167, IC acc2: 0.0025, IW acc: 0.0027
Epoch: 3001, Loss: 5.725772857666016
Epoch: 3002, Loss: 5.761075019836426
Epoch: 3003, Loss: 5.739039897918701
Epoch: 3004, Loss: 5.727067470550537
Epoch: 3005, Loss: 5.727279186248779
Epoch: 3006, Loss: 5.732908725738525
Epoch: 3007, Loss: 5.726802825927734
Epoch: 3008, Loss: 5.719614028930664
Epoch: 3009, Loss: 5.739327430725098
Epoch: 3010, Loss: 5.723788261413574
Test acc: 0.0117, IC acc: 0.0169, IC acc2: 0.0025, IW acc: 0.0027
Epoch: 3011, Loss: 5.732059001922607
Epoch: 3012, Loss: 5.7291259765625
Epoch: 3013, Loss: 5.728253364562988
Epoch: 3014, Loss: 5.7357940673828125
Epoch: 3015, Loss: 5.734251022338867
Epoch: 3016, Loss: 5.728588581085205
Epoch: 3017, Loss: 5.732625484466553
Epoch: 3018, Loss: 5.730038642883301
Epoch: 3019, Loss: 5.73579216003418
Epoch: 3020, Loss: 5.744797229766846
Test acc: 0.0117, IC acc: 0.0171, IC acc2: 0.0025, IW acc: 0.0027
Epoch: 3021, Loss: 5.735608100891113
Epoch: 3022, Loss: 5.740355491638184
Epoch: 3023, Loss: 5.735939979553223
Epoch: 3024, Loss: 5.737057209014893
Epoch: 3025, Loss: 5.742380619049072
Epoch: 3026, Loss: 5.750105857849121
Epoch: 3027, Loss: 5.737680435180664
Epoch: 3028, Loss: 5.745232582092285
Epoch: 3029, Loss: 5.7399396896362305
Epoch: 3030, Loss: 5.724234580993652
Test acc: 0.0117, IC acc: 0.0171, IC acc2: 0.0025, IW acc: 0.0027
Epoch: 3031, Loss: 5.725910186767578
Epoch: 3032, Loss: 5.73613166809082
Epoch: 3033, Loss: 5.7442450523376465
Epoch: 3034, Loss: 5.728534698486328
Epoch: 3035, Loss: 5.724702835083008
Epoch: 3036, Loss: 5.729315757751465
Epoch: 3037, Loss: 5.732964515686035
Epoch: 3038, Loss: 5.749326229095459
Epoch: 3039, Loss: 5.734704971313477
Epoch: 3040, Loss: 5.7178754806518555
Test acc: 0.0118, IC acc: 0.0171, IC acc2: 0.0025, IW acc: 0.0027
Epoch: 3041, Loss: 5.738617897033691
Epoch: 3042, Loss: 5.741299629211426
Epoch: 3043, Loss: 5.734989166259766
Epoch: 3044, Loss: 5.727267742156982
Epoch: 3045, Loss: 5.72191047668457
Epoch: 3046, Loss: 5.735191345214844
Epoch: 3047, Loss: 5.75191593170166
Epoch: 3048, Loss: 5.736539363861084
Epoch: 3049, Loss: 5.743608474731445
./circuit_plots/Unrestricted Disentangled|Readout|CN=3|B0=3|B1=3|K=1280|L=320|p_B=0.75|p_C=0.75|B=2|eps=0|c5cf5f29-0828-4665-8316-69edf18d12bd/ already exists.
./circuit_plots/Unrestricted Disentangled|Readout|CN=3|B0=3|B1=3|K=1280|L=320|p_B=0.75|p_C=0.75|B=2|eps=0|c5cf5f29-0828-4665-8316-69edf18d12bd/ already exists.
./circuit_plots/Unrestricted Disentangled|Readout|CN=3|B0=3|B1=3|K=1280|L=320|p_B=0.75|p_C=0.75|B=2|eps=0|c5cf5f29-0828-4665-8316-69edf18d12bd/ already exists.
./circuit_plots/Unrestricted Disentangled|Readout|CN=3|B0=3|B1=3|K=1280|L=320|p_B=0.75|p_C=0.75|B=2|eps=0|c5cf5f29-0828-4665-8316-69edf18d12bd/ already exists.
./circuit_plots/Unrestricted Disentangled|Readout|CN=3|B0=3|B1=3|K=1280|L=320|p_B=0.75|p_C=0.75|B=2|eps=0|c5cf5f29-0828-4665-8316-69edf18d12bd/ already exists.
./circuit_plots/Unrestricted Disentangled|Readout|CN=3|B0=3|B1=3|K=1280|L=320|p_B=0.75|p_C=0.75|B=2|eps=0|c5cf5f29-0828-4665-8316-69edf18d12bd/ already exists.
./circuit_plots/Unrestricted Disentangled|Readout|CN=3|B0=3|B1=3|K=1280|L=320|p_B=0.75|p_C=0.75|B=2|eps=0|c5cf5f29-0828-4665-8316-69edf18d12bd/ already exists.
Epoch: 3050, Loss: 5.7231831550598145
Test acc: 0.0117, IC acc: 0.0172, IC acc2: 0.0025, IW acc: 0.0027
Epoch: 3051, Loss: 5.726197242736816
Epoch: 3052, Loss: 5.738405227661133
Epoch: 3053, Loss: 5.7313032150268555
Epoch: 3054, Loss: 5.746342658996582
Epoch: 3055, Loss: 5.740682601928711
Epoch: 3056, Loss: 5.72813606262207
Epoch: 3057, Loss: 5.740830421447754
Epoch: 3058, Loss: 5.733928680419922
Epoch: 3059, Loss: 5.7248148918151855
Epoch: 3060, Loss: 5.73090934753418
Test acc: 0.0119, IC acc: 0.0174, IC acc2: 0.0026, IW acc: 0.0027
Epoch: 3061, Loss: 5.734569549560547
Epoch: 3062, Loss: 5.73511266708374
Epoch: 3063, Loss: 5.702216148376465
Epoch: 3064, Loss: 5.734924793243408
Epoch: 3065, Loss: 5.74070930480957
Epoch: 3066, Loss: 5.746208190917969
Epoch: 3067, Loss: 5.7446160316467285
Epoch: 3068, Loss: 5.713892936706543
Epoch: 3069, Loss: 5.719264984130859
Epoch: 3070, Loss: 5.749072074890137
Test acc: 0.0119, IC acc: 0.0175, IC acc2: 0.0026, IW acc: 0.0027
Epoch: 3071, Loss: 5.752514839172363
Epoch: 3072, Loss: 5.713224411010742
Epoch: 3073, Loss: 5.728608131408691
Epoch: 3074, Loss: 5.741706848144531
Epoch: 3075, Loss: 5.729491233825684
Epoch: 3076, Loss: 5.753057956695557
Epoch: 3077, Loss: 5.729022026062012
Epoch: 3078, Loss: 5.711977005004883
Epoch: 3079, Loss: 5.736273765563965
Epoch: 3080, Loss: 5.735010623931885
Test acc: 0.0118, IC acc: 0.0175, IC acc2: 0.0026, IW acc: 0.0027
Epoch: 3081, Loss: 5.733078956604004
Epoch: 3082, Loss: 5.73847770690918
Epoch: 3083, Loss: 5.7201995849609375
Epoch: 3084, Loss: 5.734902381896973
Epoch: 3085, Loss: 5.7348222732543945
Epoch: 3086, Loss: 5.7423295974731445
Epoch: 3087, Loss: 5.735294342041016
Epoch: 3088, Loss: 5.744781970977783
Epoch: 3089, Loss: 5.733481407165527
Epoch: 3090, Loss: 5.731178283691406
Test acc: 0.0118, IC acc: 0.0175, IC acc2: 0.0026, IW acc: 0.0027
Epoch: 3091, Loss: 5.719932556152344
Epoch: 3092, Loss: 5.718432426452637
Epoch: 3093, Loss: 5.74700927734375
Epoch: 3094, Loss: 5.730805397033691
Epoch: 3095, Loss: 5.73391056060791
Epoch: 3096, Loss: 5.734525203704834
Epoch: 3097, Loss: 5.711999416351318
Epoch: 3098, Loss: 5.7365264892578125
Epoch: 3099, Loss: 5.738576889038086
./circuit_plots/Unrestricted Disentangled|Readout|CN=3|B0=3|B1=3|K=1280|L=320|p_B=0.75|p_C=0.75|B=2|eps=0|c5cf5f29-0828-4665-8316-69edf18d12bd/ already exists.
./circuit_plots/Unrestricted Disentangled|Readout|CN=3|B0=3|B1=3|K=1280|L=320|p_B=0.75|p_C=0.75|B=2|eps=0|c5cf5f29-0828-4665-8316-69edf18d12bd/ already exists.
./circuit_plots/Unrestricted Disentangled|Readout|CN=3|B0=3|B1=3|K=1280|L=320|p_B=0.75|p_C=0.75|B=2|eps=0|c5cf5f29-0828-4665-8316-69edf18d12bd/ already exists.
./circuit_plots/Unrestricted Disentangled|Readout|CN=3|B0=3|B1=3|K=1280|L=320|p_B=0.75|p_C=0.75|B=2|eps=0|c5cf5f29-0828-4665-8316-69edf18d12bd/ already exists.
./circuit_plots/Unrestricted Disentangled|Readout|CN=3|B0=3|B1=3|K=1280|L=320|p_B=0.75|p_C=0.75|B=2|eps=0|c5cf5f29-0828-4665-8316-69edf18d12bd/ already exists.
./circuit_plots/Unrestricted Disentangled|Readout|CN=3|B0=3|B1=3|K=1280|L=320|p_B=0.75|p_C=0.75|B=2|eps=0|c5cf5f29-0828-4665-8316-69edf18d12bd/ already exists.
./circuit_plots/Unrestricted Disentangled|Readout|CN=3|B0=3|B1=3|K=1280|L=320|p_B=0.75|p_C=0.75|B=2|eps=0|c5cf5f29-0828-4665-8316-69edf18d12bd/ already exists.
Epoch: 3100, Loss: 5.722092628479004
Test acc: 0.0119, IC acc: 0.0178, IC acc2: 0.0026, IW acc: 0.0027
Epoch: 3101, Loss: 5.755653381347656
Epoch: 3102, Loss: 5.730401515960693
Epoch: 3103, Loss: 5.742419242858887
Epoch: 3104, Loss: 5.741661071777344
Epoch: 3105, Loss: 5.735555648803711
Epoch: 3106, Loss: 5.72029972076416
Epoch: 3107, Loss: 5.715733051300049
Epoch: 3108, Loss: 5.74674654006958
Epoch: 3109, Loss: 5.710030555725098
Epoch: 3110, Loss: 5.7273406982421875
Test acc: 0.0119, IC acc: 0.0179, IC acc2: 0.0026, IW acc: 0.0027
Epoch: 3111, Loss: 5.725960731506348
Epoch: 3112, Loss: 5.7282395362854
Epoch: 3113, Loss: 5.7201080322265625
Epoch: 3114, Loss: 5.742676734924316
Epoch: 3115, Loss: 5.740323066711426
Epoch: 3116, Loss: 5.7233076095581055
Epoch: 3117, Loss: 5.73112678527832
Epoch: 3118, Loss: 5.721076488494873
Epoch: 3119, Loss: 5.743459701538086
Epoch: 3120, Loss: 5.73745059967041
Test acc: 0.0118, IC acc: 0.018, IC acc2: 0.0026, IW acc: 0.0027
Epoch: 3121, Loss: 5.745279312133789
Epoch: 3122, Loss: 5.720739841461182
Epoch: 3123, Loss: 5.743072509765625
Epoch: 3124, Loss: 5.718695640563965
Epoch: 3125, Loss: 5.725055694580078
Epoch: 3126, Loss: 5.742559432983398
Epoch: 3127, Loss: 5.726728916168213
Epoch: 3128, Loss: 5.739383220672607
Epoch: 3129, Loss: 5.740355968475342
Epoch: 3130, Loss: 5.734382152557373
Test acc: 0.0118, IC acc: 0.018, IC acc2: 0.0026, IW acc: 0.0027
Epoch: 3131, Loss: 5.730205535888672
Epoch: 3132, Loss: 5.731714248657227
Epoch: 3133, Loss: 5.727163791656494
Epoch: 3134, Loss: 5.728899002075195
Epoch: 3135, Loss: 5.724334239959717
Epoch: 3136, Loss: 5.7365522384643555
Epoch: 3137, Loss: 5.710264205932617
Epoch: 3138, Loss: 5.735236167907715
Epoch: 3139, Loss: 5.739684104919434
Epoch: 3140, Loss: 5.719882965087891
Test acc: 0.0119, IC acc: 0.018, IC acc2: 0.0026, IW acc: 0.0028
Epoch: 3141, Loss: 5.74838924407959
Epoch: 3142, Loss: 5.723374843597412
Epoch: 3143, Loss: 5.735318183898926
Epoch: 3144, Loss: 5.745354652404785
Epoch: 3145, Loss: 5.746912479400635
Epoch: 3146, Loss: 5.740627765655518
Epoch: 3147, Loss: 5.745274066925049
Epoch: 3148, Loss: 5.743827819824219
Epoch: 3149, Loss: 5.724101543426514
./circuit_plots/Unrestricted Disentangled|Readout|CN=3|B0=3|B1=3|K=1280|L=320|p_B=0.75|p_C=0.75|B=2|eps=0|c5cf5f29-0828-4665-8316-69edf18d12bd/ already exists.
./circuit_plots/Unrestricted Disentangled|Readout|CN=3|B0=3|B1=3|K=1280|L=320|p_B=0.75|p_C=0.75|B=2|eps=0|c5cf5f29-0828-4665-8316-69edf18d12bd/ already exists.
./circuit_plots/Unrestricted Disentangled|Readout|CN=3|B0=3|B1=3|K=1280|L=320|p_B=0.75|p_C=0.75|B=2|eps=0|c5cf5f29-0828-4665-8316-69edf18d12bd/ already exists.
./circuit_plots/Unrestricted Disentangled|Readout|CN=3|B0=3|B1=3|K=1280|L=320|p_B=0.75|p_C=0.75|B=2|eps=0|c5cf5f29-0828-4665-8316-69edf18d12bd/ already exists.
./circuit_plots/Unrestricted Disentangled|Readout|CN=3|B0=3|B1=3|K=1280|L=320|p_B=0.75|p_C=0.75|B=2|eps=0|c5cf5f29-0828-4665-8316-69edf18d12bd/ already exists.
./circuit_plots/Unrestricted Disentangled|Readout|CN=3|B0=3|B1=3|K=1280|L=320|p_B=0.75|p_C=0.75|B=2|eps=0|c5cf5f29-0828-4665-8316-69edf18d12bd/ already exists.
./circuit_plots/Unrestricted Disentangled|Readout|CN=3|B0=3|B1=3|K=1280|L=320|p_B=0.75|p_C=0.75|B=2|eps=0|c5cf5f29-0828-4665-8316-69edf18d12bd/ already exists.
Epoch: 3150, Loss: 5.737152576446533
Test acc: 0.0121, IC acc: 0.018, IC acc2: 0.0026, IW acc: 0.0028
Epoch: 3151, Loss: 5.729774475097656
Epoch: 3152, Loss: 5.711037635803223
Epoch: 3153, Loss: 5.742783546447754
Epoch: 3154, Loss: 5.738452911376953
Epoch: 3155, Loss: 5.73841667175293
Epoch: 3156, Loss: 5.73805570602417
Epoch: 3157, Loss: 5.7208356857299805
Epoch: 3158, Loss: 5.729691505432129
Epoch: 3159, Loss: 5.731895446777344
Epoch: 3160, Loss: 5.7299089431762695
Test acc: 0.0121, IC acc: 0.0181, IC acc2: 0.0026, IW acc: 0.0028
Epoch: 3161, Loss: 5.731679916381836
Epoch: 3162, Loss: 5.740374565124512
Epoch: 3163, Loss: 5.725409507751465
Epoch: 3164, Loss: 5.742697715759277
Epoch: 3165, Loss: 5.71799373626709
Epoch: 3166, Loss: 5.722036838531494
Epoch: 3167, Loss: 5.720048904418945
Epoch: 3168, Loss: 5.7562737464904785
Epoch: 3169, Loss: 5.731554985046387
Epoch: 3170, Loss: 5.722342491149902
Test acc: 0.0121, IC acc: 0.018, IC acc2: 0.0026, IW acc: 0.0027
Epoch: 3171, Loss: 5.72296142578125
Epoch: 3172, Loss: 5.742271423339844
Epoch: 3173, Loss: 5.724112510681152
Epoch: 3174, Loss: 5.733362197875977
Epoch: 3175, Loss: 5.737545013427734
Epoch: 3176, Loss: 5.716370105743408
Epoch: 3177, Loss: 5.7227582931518555
Epoch: 3178, Loss: 5.719363212585449
Epoch: 3179, Loss: 5.747908592224121
Epoch: 3180, Loss: 5.746587753295898
Test acc: 0.0123, IC acc: 0.0181, IC acc2: 0.0026, IW acc: 0.0027
Epoch: 3181, Loss: 5.728172779083252
Epoch: 3182, Loss: 5.726951599121094
Epoch: 3183, Loss: 5.734888553619385
Epoch: 3184, Loss: 5.720052242279053
Epoch: 3185, Loss: 5.746738433837891
Epoch: 3186, Loss: 5.721248626708984
Epoch: 3187, Loss: 5.722535133361816
Epoch: 3188, Loss: 5.721531391143799
Epoch: 3189, Loss: 5.7290520668029785
Epoch: 3190, Loss: 5.7584452629089355
Test acc: 0.0122, IC acc: 0.0183, IC acc2: 0.0026, IW acc: 0.0027
Epoch: 3191, Loss: 5.741447925567627
Epoch: 3192, Loss: 5.721124649047852
Epoch: 3193, Loss: 5.71558952331543
Epoch: 3194, Loss: 5.738787651062012
Epoch: 3195, Loss: 5.733712196350098
Epoch: 3196, Loss: 5.7116241455078125
Epoch: 3197, Loss: 5.726254463195801
Epoch: 3198, Loss: 5.730684280395508
Epoch: 3199, Loss: 5.722680568695068
./circuit_plots/Unrestricted Disentangled|Readout|CN=3|B0=3|B1=3|K=1280|L=320|p_B=0.75|p_C=0.75|B=2|eps=0|c5cf5f29-0828-4665-8316-69edf18d12bd/ already exists.
./circuit_plots/Unrestricted Disentangled|Readout|CN=3|B0=3|B1=3|K=1280|L=320|p_B=0.75|p_C=0.75|B=2|eps=0|c5cf5f29-0828-4665-8316-69edf18d12bd/ already exists.
./circuit_plots/Unrestricted Disentangled|Readout|CN=3|B0=3|B1=3|K=1280|L=320|p_B=0.75|p_C=0.75|B=2|eps=0|c5cf5f29-0828-4665-8316-69edf18d12bd/ already exists.
./circuit_plots/Unrestricted Disentangled|Readout|CN=3|B0=3|B1=3|K=1280|L=320|p_B=0.75|p_C=0.75|B=2|eps=0|c5cf5f29-0828-4665-8316-69edf18d12bd/ already exists.
./circuit_plots/Unrestricted Disentangled|Readout|CN=3|B0=3|B1=3|K=1280|L=320|p_B=0.75|p_C=0.75|B=2|eps=0|c5cf5f29-0828-4665-8316-69edf18d12bd/ already exists.
./circuit_plots/Unrestricted Disentangled|Readout|CN=3|B0=3|B1=3|K=1280|L=320|p_B=0.75|p_C=0.75|B=2|eps=0|c5cf5f29-0828-4665-8316-69edf18d12bd/ already exists.
./circuit_plots/Unrestricted Disentangled|Readout|CN=3|B0=3|B1=3|K=1280|L=320|p_B=0.75|p_C=0.75|B=2|eps=0|c5cf5f29-0828-4665-8316-69edf18d12bd/ already exists.
Epoch: 3200, Loss: 5.732282638549805
Test acc: 0.0121, IC acc: 0.0183, IC acc2: 0.0026, IW acc: 0.0027
Epoch: 3201, Loss: 5.710956573486328
Epoch: 3202, Loss: 5.741440296173096
Epoch: 3203, Loss: 5.740498065948486
Epoch: 3204, Loss: 5.73199987411499
Epoch: 3205, Loss: 5.725490570068359
Epoch: 3206, Loss: 5.711564540863037
Epoch: 3207, Loss: 5.735747337341309
Epoch: 3208, Loss: 5.729938507080078
Epoch: 3209, Loss: 5.733880043029785
Epoch: 3210, Loss: 5.726895332336426
Test acc: 0.0123, IC acc: 0.0184, IC acc2: 0.0026, IW acc: 0.0027
Epoch: 3211, Loss: 5.718491077423096
Epoch: 3212, Loss: 5.7483673095703125
Epoch: 3213, Loss: 5.745705604553223
Epoch: 3214, Loss: 5.746020317077637
Epoch: 3215, Loss: 5.728922367095947
Epoch: 3216, Loss: 5.726385593414307
Epoch: 3217, Loss: 5.735400199890137
Epoch: 3218, Loss: 5.724126815795898
Epoch: 3219, Loss: 5.735851764678955
Epoch: 3220, Loss: 5.730283737182617
Test acc: 0.0123, IC acc: 0.0185, IC acc2: 0.0026, IW acc: 0.0027
Epoch: 3221, Loss: 5.742928504943848
Epoch: 3222, Loss: 5.73560094833374
Epoch: 3223, Loss: 5.732793807983398
Epoch: 3224, Loss: 5.731413841247559
Epoch: 3225, Loss: 5.71406364440918
Epoch: 3226, Loss: 5.72779655456543
Epoch: 3227, Loss: 5.729897975921631
Epoch: 3228, Loss: 5.726239204406738
Epoch: 3229, Loss: 5.744753837585449
Epoch: 3230, Loss: 5.735360145568848
Test acc: 0.0125, IC acc: 0.0185, IC acc2: 0.0026, IW acc: 0.0027
Epoch: 3231, Loss: 5.750026702880859
Epoch: 3232, Loss: 5.73213529586792
Epoch: 3233, Loss: 5.725912570953369
Epoch: 3234, Loss: 5.7373270988464355
Epoch: 3235, Loss: 5.7332587242126465
Epoch: 3236, Loss: 5.727535247802734
Epoch: 3237, Loss: 5.72168493270874
Epoch: 3238, Loss: 5.739962100982666
Epoch: 3239, Loss: 5.742168426513672
Epoch: 3240, Loss: 5.73094367980957
Test acc: 0.0126, IC acc: 0.0186, IC acc2: 0.0026, IW acc: 0.0027
Epoch: 3241, Loss: 5.720778465270996
Epoch: 3242, Loss: 5.730091094970703
Epoch: 3243, Loss: 5.743437767028809
Epoch: 3244, Loss: 5.7428388595581055
Epoch: 3245, Loss: 5.730912685394287
Epoch: 3246, Loss: 5.743547439575195
Epoch: 3247, Loss: 5.733891487121582
Epoch: 3248, Loss: 5.727239608764648
Epoch: 3249, Loss: 5.761584758758545
./circuit_plots/Unrestricted Disentangled|Readout|CN=3|B0=3|B1=3|K=1280|L=320|p_B=0.75|p_C=0.75|B=2|eps=0|c5cf5f29-0828-4665-8316-69edf18d12bd/ already exists.
./circuit_plots/Unrestricted Disentangled|Readout|CN=3|B0=3|B1=3|K=1280|L=320|p_B=0.75|p_C=0.75|B=2|eps=0|c5cf5f29-0828-4665-8316-69edf18d12bd/ already exists.
./circuit_plots/Unrestricted Disentangled|Readout|CN=3|B0=3|B1=3|K=1280|L=320|p_B=0.75|p_C=0.75|B=2|eps=0|c5cf5f29-0828-4665-8316-69edf18d12bd/ already exists.
./circuit_plots/Unrestricted Disentangled|Readout|CN=3|B0=3|B1=3|K=1280|L=320|p_B=0.75|p_C=0.75|B=2|eps=0|c5cf5f29-0828-4665-8316-69edf18d12bd/ already exists.
./circuit_plots/Unrestricted Disentangled|Readout|CN=3|B0=3|B1=3|K=1280|L=320|p_B=0.75|p_C=0.75|B=2|eps=0|c5cf5f29-0828-4665-8316-69edf18d12bd/ already exists.
./circuit_plots/Unrestricted Disentangled|Readout|CN=3|B0=3|B1=3|K=1280|L=320|p_B=0.75|p_C=0.75|B=2|eps=0|c5cf5f29-0828-4665-8316-69edf18d12bd/ already exists.
./circuit_plots/Unrestricted Disentangled|Readout|CN=3|B0=3|B1=3|K=1280|L=320|p_B=0.75|p_C=0.75|B=2|eps=0|c5cf5f29-0828-4665-8316-69edf18d12bd/ already exists.
Epoch: 3250, Loss: 5.724275588989258
Test acc: 0.0126, IC acc: 0.0186, IC acc2: 0.0027, IW acc: 0.0027
Epoch: 3251, Loss: 5.733090400695801
Epoch: 3252, Loss: 5.718807697296143
Epoch: 3253, Loss: 5.717335224151611
Epoch: 3254, Loss: 5.726351737976074
Epoch: 3255, Loss: 5.729630470275879
Epoch: 3256, Loss: 5.730743408203125
Epoch: 3257, Loss: 5.729063034057617
Epoch: 3258, Loss: 5.730518341064453
Epoch: 3259, Loss: 5.73634147644043
Epoch: 3260, Loss: 5.74452018737793
Test acc: 0.0125, IC acc: 0.0186, IC acc2: 0.0027, IW acc: 0.0027
Epoch: 3261, Loss: 5.730827808380127
Epoch: 3262, Loss: 5.725061416625977
Epoch: 3263, Loss: 5.733105182647705
Epoch: 3264, Loss: 5.724745750427246
Epoch: 3265, Loss: 5.731698513031006
Epoch: 3266, Loss: 5.730064392089844
Epoch: 3267, Loss: 5.725446701049805
Epoch: 3268, Loss: 5.718603134155273
Epoch: 3269, Loss: 5.721818447113037
Epoch: 3270, Loss: 5.747639179229736
Test acc: 0.0128, IC acc: 0.0187, IC acc2: 0.0027, IW acc: 0.0027
Epoch: 3271, Loss: 5.73282527923584
Epoch: 3272, Loss: 5.731555938720703
Epoch: 3273, Loss: 5.729030609130859
Epoch: 3274, Loss: 5.736234664916992
Epoch: 3275, Loss: 5.724731922149658
Epoch: 3276, Loss: 5.733041763305664
Epoch: 3277, Loss: 5.739804267883301
Epoch: 3278, Loss: 5.731107711791992
Epoch: 3279, Loss: 5.729612827301025
Epoch: 3280, Loss: 5.74169921875
Test acc: 0.013, IC acc: 0.0189, IC acc2: 0.0027, IW acc: 0.0027
Epoch: 3281, Loss: 5.718131065368652
Epoch: 3282, Loss: 5.724463939666748
Epoch: 3283, Loss: 5.748467445373535
Epoch: 3284, Loss: 5.72211217880249
Epoch: 3285, Loss: 5.720778465270996
Epoch: 3286, Loss: 5.730988502502441
Epoch: 3287, Loss: 5.722864151000977
Epoch: 3288, Loss: 5.750270843505859
Epoch: 3289, Loss: 5.727606773376465
Epoch: 3290, Loss: 5.729892253875732
Test acc: 0.013, IC acc: 0.0189, IC acc2: 0.0027, IW acc: 0.0027
Epoch: 3291, Loss: 5.734658241271973
Epoch: 3292, Loss: 5.705933094024658
Epoch: 3293, Loss: 5.736065864562988
Epoch: 3294, Loss: 5.721979141235352
Epoch: 3295, Loss: 5.727153778076172
Epoch: 3296, Loss: 5.70211124420166
Epoch: 3297, Loss: 5.715600967407227
Epoch: 3298, Loss: 5.734762191772461
Epoch: 3299, Loss: 5.729588985443115
./circuit_plots/Unrestricted Disentangled|Readout|CN=3|B0=3|B1=3|K=1280|L=320|p_B=0.75|p_C=0.75|B=2|eps=0|c5cf5f29-0828-4665-8316-69edf18d12bd/ already exists.
./circuit_plots/Unrestricted Disentangled|Readout|CN=3|B0=3|B1=3|K=1280|L=320|p_B=0.75|p_C=0.75|B=2|eps=0|c5cf5f29-0828-4665-8316-69edf18d12bd/ already exists.
./circuit_plots/Unrestricted Disentangled|Readout|CN=3|B0=3|B1=3|K=1280|L=320|p_B=0.75|p_C=0.75|B=2|eps=0|c5cf5f29-0828-4665-8316-69edf18d12bd/ already exists.
./circuit_plots/Unrestricted Disentangled|Readout|CN=3|B0=3|B1=3|K=1280|L=320|p_B=0.75|p_C=0.75|B=2|eps=0|c5cf5f29-0828-4665-8316-69edf18d12bd/ already exists.
./circuit_plots/Unrestricted Disentangled|Readout|CN=3|B0=3|B1=3|K=1280|L=320|p_B=0.75|p_C=0.75|B=2|eps=0|c5cf5f29-0828-4665-8316-69edf18d12bd/ already exists.
./circuit_plots/Unrestricted Disentangled|Readout|CN=3|B0=3|B1=3|K=1280|L=320|p_B=0.75|p_C=0.75|B=2|eps=0|c5cf5f29-0828-4665-8316-69edf18d12bd/ already exists.
./circuit_plots/Unrestricted Disentangled|Readout|CN=3|B0=3|B1=3|K=1280|L=320|p_B=0.75|p_C=0.75|B=2|eps=0|c5cf5f29-0828-4665-8316-69edf18d12bd/ already exists.
Epoch: 3300, Loss: 5.735837459564209
Test acc: 0.013, IC acc: 0.0189, IC acc2: 0.0027, IW acc: 0.0027
Epoch: 3301, Loss: 5.7144775390625
Epoch: 3302, Loss: 5.740652561187744
Epoch: 3303, Loss: 5.726461410522461
Epoch: 3304, Loss: 5.737408638000488
Epoch: 3305, Loss: 5.731556415557861
Epoch: 3306, Loss: 5.723228454589844
Epoch: 3307, Loss: 5.7398834228515625
Epoch: 3308, Loss: 5.742189884185791
Epoch: 3309, Loss: 5.729288101196289
Epoch: 3310, Loss: 5.724066257476807
Test acc: 0.013, IC acc: 0.019, IC acc2: 0.0027, IW acc: 0.0027
Epoch: 3311, Loss: 5.730990409851074
Epoch: 3312, Loss: 5.739484786987305
Epoch: 3313, Loss: 5.733080863952637
Epoch: 3314, Loss: 5.709437370300293
Epoch: 3315, Loss: 5.720240592956543
Epoch: 3316, Loss: 5.725443363189697
Epoch: 3317, Loss: 5.731022834777832
Epoch: 3318, Loss: 5.737292766571045
Epoch: 3319, Loss: 5.74263858795166
Epoch: 3320, Loss: 5.737388610839844
Test acc: 0.013, IC acc: 0.019, IC acc2: 0.0027, IW acc: 0.0027
Epoch: 3321, Loss: 5.735416412353516
Epoch: 3322, Loss: 5.741529941558838
Epoch: 3323, Loss: 5.721336364746094
Epoch: 3324, Loss: 5.705907344818115
Epoch: 3325, Loss: 5.727745056152344
Epoch: 3326, Loss: 5.7442545890808105
Epoch: 3327, Loss: 5.722182750701904
Epoch: 3328, Loss: 5.719052314758301
Epoch: 3329, Loss: 5.730684280395508
Epoch: 3330, Loss: 5.739840984344482
Test acc: 0.013, IC acc: 0.0192, IC acc2: 0.0027, IW acc: 0.0027
Epoch: 3331, Loss: 5.733903884887695
Epoch: 3332, Loss: 5.723572254180908
Epoch: 3333, Loss: 5.735960960388184
Epoch: 3334, Loss: 5.7316813468933105
Epoch: 3335, Loss: 5.722827911376953
Epoch: 3336, Loss: 5.731745719909668
Epoch: 3337, Loss: 5.722609519958496
Epoch: 3338, Loss: 5.714040756225586
Epoch: 3339, Loss: 5.730905532836914
Epoch: 3340, Loss: 5.722783088684082
Test acc: 0.0132, IC acc: 0.0193, IC acc2: 0.0027, IW acc: 0.0027
Epoch: 3341, Loss: 5.7144389152526855
Epoch: 3342, Loss: 5.731682777404785
Epoch: 3343, Loss: 5.744011878967285
Epoch: 3344, Loss: 5.731871128082275
Epoch: 3345, Loss: 5.726497173309326
Epoch: 3346, Loss: 5.7264556884765625
Epoch: 3347, Loss: 5.730029106140137
Epoch: 3348, Loss: 5.7166337966918945
Epoch: 3349, Loss: 5.73255729675293
./circuit_plots/Unrestricted Disentangled|Readout|CN=3|B0=3|B1=3|K=1280|L=320|p_B=0.75|p_C=0.75|B=2|eps=0|c5cf5f29-0828-4665-8316-69edf18d12bd/ already exists.
./circuit_plots/Unrestricted Disentangled|Readout|CN=3|B0=3|B1=3|K=1280|L=320|p_B=0.75|p_C=0.75|B=2|eps=0|c5cf5f29-0828-4665-8316-69edf18d12bd/ already exists.
./circuit_plots/Unrestricted Disentangled|Readout|CN=3|B0=3|B1=3|K=1280|L=320|p_B=0.75|p_C=0.75|B=2|eps=0|c5cf5f29-0828-4665-8316-69edf18d12bd/ already exists.
./circuit_plots/Unrestricted Disentangled|Readout|CN=3|B0=3|B1=3|K=1280|L=320|p_B=0.75|p_C=0.75|B=2|eps=0|c5cf5f29-0828-4665-8316-69edf18d12bd/ already exists.
./circuit_plots/Unrestricted Disentangled|Readout|CN=3|B0=3|B1=3|K=1280|L=320|p_B=0.75|p_C=0.75|B=2|eps=0|c5cf5f29-0828-4665-8316-69edf18d12bd/ already exists.
./circuit_plots/Unrestricted Disentangled|Readout|CN=3|B0=3|B1=3|K=1280|L=320|p_B=0.75|p_C=0.75|B=2|eps=0|c5cf5f29-0828-4665-8316-69edf18d12bd/ already exists.
./circuit_plots/Unrestricted Disentangled|Readout|CN=3|B0=3|B1=3|K=1280|L=320|p_B=0.75|p_C=0.75|B=2|eps=0|c5cf5f29-0828-4665-8316-69edf18d12bd/ already exists.
Epoch: 3350, Loss: 5.731176853179932
Test acc: 0.0134, IC acc: 0.0192, IC acc2: 0.0027, IW acc: 0.0027
Epoch: 3351, Loss: 5.739809989929199
Epoch: 3352, Loss: 5.734151840209961
Epoch: 3353, Loss: 5.729620933532715
Epoch: 3354, Loss: 5.738498687744141
Epoch: 3355, Loss: 5.743243217468262
Epoch: 3356, Loss: 5.729727745056152
Epoch: 3357, Loss: 5.716738224029541
Epoch: 3358, Loss: 5.729699611663818
Epoch: 3359, Loss: 5.742576599121094
Epoch: 3360, Loss: 5.74003791809082
Test acc: 0.0132, IC acc: 0.0193, IC acc2: 0.0028, IW acc: 0.0027
Epoch: 3361, Loss: 5.730853080749512
Epoch: 3362, Loss: 5.732508659362793
Epoch: 3363, Loss: 5.731826305389404
Epoch: 3364, Loss: 5.722930908203125
Epoch: 3365, Loss: 5.732765197753906
Epoch: 3366, Loss: 5.731555938720703
Epoch: 3367, Loss: 5.7245378494262695
Epoch: 3368, Loss: 5.737419128417969
Epoch: 3369, Loss: 5.729312419891357
Epoch: 3370, Loss: 5.729169845581055
Test acc: 0.0133, IC acc: 0.0194, IC acc2: 0.0028, IW acc: 0.0027
Epoch: 3371, Loss: 5.731613636016846
Epoch: 3372, Loss: 5.724875450134277
Epoch: 3373, Loss: 5.729001998901367
Epoch: 3374, Loss: 5.717157363891602
Epoch: 3375, Loss: 5.721399307250977
Epoch: 3376, Loss: 5.722769737243652
Epoch: 3377, Loss: 5.739403247833252
Epoch: 3378, Loss: 5.724569320678711
Epoch: 3379, Loss: 5.71992301940918
Epoch: 3380, Loss: 5.74680233001709
Test acc: 0.0133, IC acc: 0.0196, IC acc2: 0.0028, IW acc: 0.0027
Epoch: 3381, Loss: 5.704052925109863
Epoch: 3382, Loss: 5.737937927246094
Epoch: 3383, Loss: 5.739082336425781
Epoch: 3384, Loss: 5.731115341186523
Epoch: 3385, Loss: 5.719244003295898
Epoch: 3386, Loss: 5.715298652648926
Epoch: 3387, Loss: 5.729321479797363
Epoch: 3388, Loss: 5.738805294036865
Epoch: 3389, Loss: 5.749248027801514
Epoch: 3390, Loss: 5.71995210647583
Test acc: 0.0134, IC acc: 0.0197, IC acc2: 0.003, IW acc: 0.0027
Epoch: 3391, Loss: 5.729583740234375
Epoch: 3392, Loss: 5.734372615814209
Epoch: 3393, Loss: 5.734207630157471
Epoch: 3394, Loss: 5.729453086853027
Epoch: 3395, Loss: 5.706751346588135
Epoch: 3396, Loss: 5.73630428314209
Epoch: 3397, Loss: 5.7456817626953125
Epoch: 3398, Loss: 5.731464385986328
Epoch: 3399, Loss: 5.733509063720703
./circuit_plots/Unrestricted Disentangled|Readout|CN=3|B0=3|B1=3|K=1280|L=320|p_B=0.75|p_C=0.75|B=2|eps=0|c5cf5f29-0828-4665-8316-69edf18d12bd/ already exists.
./circuit_plots/Unrestricted Disentangled|Readout|CN=3|B0=3|B1=3|K=1280|L=320|p_B=0.75|p_C=0.75|B=2|eps=0|c5cf5f29-0828-4665-8316-69edf18d12bd/ already exists.
./circuit_plots/Unrestricted Disentangled|Readout|CN=3|B0=3|B1=3|K=1280|L=320|p_B=0.75|p_C=0.75|B=2|eps=0|c5cf5f29-0828-4665-8316-69edf18d12bd/ already exists.
./circuit_plots/Unrestricted Disentangled|Readout|CN=3|B0=3|B1=3|K=1280|L=320|p_B=0.75|p_C=0.75|B=2|eps=0|c5cf5f29-0828-4665-8316-69edf18d12bd/ already exists.
./circuit_plots/Unrestricted Disentangled|Readout|CN=3|B0=3|B1=3|K=1280|L=320|p_B=0.75|p_C=0.75|B=2|eps=0|c5cf5f29-0828-4665-8316-69edf18d12bd/ already exists.
./circuit_plots/Unrestricted Disentangled|Readout|CN=3|B0=3|B1=3|K=1280|L=320|p_B=0.75|p_C=0.75|B=2|eps=0|c5cf5f29-0828-4665-8316-69edf18d12bd/ already exists.
./circuit_plots/Unrestricted Disentangled|Readout|CN=3|B0=3|B1=3|K=1280|L=320|p_B=0.75|p_C=0.75|B=2|eps=0|c5cf5f29-0828-4665-8316-69edf18d12bd/ already exists.
Epoch: 3400, Loss: 5.729361534118652
Test acc: 0.0134, IC acc: 0.0197, IC acc2: 0.0029, IW acc: 0.0027
Epoch: 3401, Loss: 5.734720230102539
Epoch: 3402, Loss: 5.725569725036621
Epoch: 3403, Loss: 5.71933650970459
Epoch: 3404, Loss: 5.7339677810668945
Epoch: 3405, Loss: 5.703919410705566
Epoch: 3406, Loss: 5.735532760620117
Epoch: 3407, Loss: 5.744794845581055
Epoch: 3408, Loss: 5.732153415679932
Epoch: 3409, Loss: 5.71702241897583
Epoch: 3410, Loss: 5.696815490722656
Test acc: 0.0134, IC acc: 0.0197, IC acc2: 0.003, IW acc: 0.0027
Epoch: 3411, Loss: 5.731730937957764
Epoch: 3412, Loss: 5.714838027954102
Epoch: 3413, Loss: 5.725959300994873
Epoch: 3414, Loss: 5.732848644256592
Epoch: 3415, Loss: 5.732221603393555
Epoch: 3416, Loss: 5.733680725097656
Epoch: 3417, Loss: 5.725782871246338
Epoch: 3418, Loss: 5.724863052368164
Epoch: 3419, Loss: 5.729272842407227
Epoch: 3420, Loss: 5.705844402313232
Test acc: 0.0134, IC acc: 0.0199, IC acc2: 0.0031, IW acc: 0.0027
Epoch: 3421, Loss: 5.739134311676025
Epoch: 3422, Loss: 5.7358503341674805
Epoch: 3423, Loss: 5.711824893951416
Epoch: 3424, Loss: 5.743016242980957
Epoch: 3425, Loss: 5.7247114181518555
Epoch: 3426, Loss: 5.732966899871826
Epoch: 3427, Loss: 5.719204902648926
Epoch: 3428, Loss: 5.737547397613525
Epoch: 3429, Loss: 5.713157653808594
Epoch: 3430, Loss: 5.7387213706970215
Test acc: 0.0134, IC acc: 0.0199, IC acc2: 0.0031, IW acc: 0.0027
Epoch: 3431, Loss: 5.723037242889404
Epoch: 3432, Loss: 5.719420433044434
Epoch: 3433, Loss: 5.743563652038574
Epoch: 3434, Loss: 5.715267658233643
Epoch: 3435, Loss: 5.713767051696777
Epoch: 3436, Loss: 5.736447334289551
Epoch: 3437, Loss: 5.729330062866211
Epoch: 3438, Loss: 5.724935531616211
Epoch: 3439, Loss: 5.72972297668457
Epoch: 3440, Loss: 5.7479143142700195
Test acc: 0.0135, IC acc: 0.0199, IC acc2: 0.003, IW acc: 0.0027
Epoch: 3441, Loss: 5.7350969314575195
Epoch: 3442, Loss: 5.720483303070068
Epoch: 3443, Loss: 5.73295783996582
Epoch: 3444, Loss: 5.729295253753662
Epoch: 3445, Loss: 5.710820198059082
Epoch: 3446, Loss: 5.729581832885742
Epoch: 3447, Loss: 5.729938507080078
Epoch: 3448, Loss: 5.724139213562012
Epoch: 3449, Loss: 5.749786376953125
./circuit_plots/Unrestricted Disentangled|Readout|CN=3|B0=3|B1=3|K=1280|L=320|p_B=0.75|p_C=0.75|B=2|eps=0|c5cf5f29-0828-4665-8316-69edf18d12bd/ already exists.
./circuit_plots/Unrestricted Disentangled|Readout|CN=3|B0=3|B1=3|K=1280|L=320|p_B=0.75|p_C=0.75|B=2|eps=0|c5cf5f29-0828-4665-8316-69edf18d12bd/ already exists.
./circuit_plots/Unrestricted Disentangled|Readout|CN=3|B0=3|B1=3|K=1280|L=320|p_B=0.75|p_C=0.75|B=2|eps=0|c5cf5f29-0828-4665-8316-69edf18d12bd/ already exists.
./circuit_plots/Unrestricted Disentangled|Readout|CN=3|B0=3|B1=3|K=1280|L=320|p_B=0.75|p_C=0.75|B=2|eps=0|c5cf5f29-0828-4665-8316-69edf18d12bd/ already exists.
./circuit_plots/Unrestricted Disentangled|Readout|CN=3|B0=3|B1=3|K=1280|L=320|p_B=0.75|p_C=0.75|B=2|eps=0|c5cf5f29-0828-4665-8316-69edf18d12bd/ already exists.
./circuit_plots/Unrestricted Disentangled|Readout|CN=3|B0=3|B1=3|K=1280|L=320|p_B=0.75|p_C=0.75|B=2|eps=0|c5cf5f29-0828-4665-8316-69edf18d12bd/ already exists.
./circuit_plots/Unrestricted Disentangled|Readout|CN=3|B0=3|B1=3|K=1280|L=320|p_B=0.75|p_C=0.75|B=2|eps=0|c5cf5f29-0828-4665-8316-69edf18d12bd/ already exists.
Epoch: 3450, Loss: 5.731146335601807
Test acc: 0.0136, IC acc: 0.0199, IC acc2: 0.003, IW acc: 0.0027
Epoch: 3451, Loss: 5.7250261306762695
Epoch: 3452, Loss: 5.745762825012207
Epoch: 3453, Loss: 5.716100692749023
Epoch: 3454, Loss: 5.736654758453369
Epoch: 3455, Loss: 5.736471176147461
Epoch: 3456, Loss: 5.722804069519043
Epoch: 3457, Loss: 5.726633071899414
Epoch: 3458, Loss: 5.72208309173584
Epoch: 3459, Loss: 5.723015785217285
Epoch: 3460, Loss: 5.716283798217773
Test acc: 0.0136, IC acc: 0.0199, IC acc2: 0.003, IW acc: 0.0027
Epoch: 3461, Loss: 5.710191249847412
Epoch: 3462, Loss: 5.708514213562012
Epoch: 3463, Loss: 5.723148345947266
Epoch: 3464, Loss: 5.724787712097168
Epoch: 3465, Loss: 5.736441612243652
Epoch: 3466, Loss: 5.735433101654053
Epoch: 3467, Loss: 5.7317280769348145
Epoch: 3468, Loss: 5.751181602478027
Epoch: 3469, Loss: 5.722673416137695
Epoch: 3470, Loss: 5.730602264404297
Test acc: 0.014, IC acc: 0.0202, IC acc2: 0.0031, IW acc: 0.0027
Epoch: 3471, Loss: 5.730541229248047
Epoch: 3472, Loss: 5.727344036102295
Epoch: 3473, Loss: 5.734135627746582
Epoch: 3474, Loss: 5.697078704833984
Epoch: 3475, Loss: 5.712700843811035
Epoch: 3476, Loss: 5.733047962188721
Epoch: 3477, Loss: 5.735538482666016
Epoch: 3478, Loss: 5.729250431060791
Epoch: 3479, Loss: 5.735446929931641
Epoch: 3480, Loss: 5.733138084411621
Test acc: 0.014, IC acc: 0.0203, IC acc2: 0.0031, IW acc: 0.0027
Epoch: 3481, Loss: 5.735655784606934
Epoch: 3482, Loss: 5.743595123291016
Epoch: 3483, Loss: 5.721896171569824
Epoch: 3484, Loss: 5.7265191078186035
Epoch: 3485, Loss: 5.723732948303223
Epoch: 3486, Loss: 5.71981954574585
Epoch: 3487, Loss: 5.72139835357666
Epoch: 3488, Loss: 5.738162040710449
Epoch: 3489, Loss: 5.724417209625244
Epoch: 3490, Loss: 5.717238426208496
Test acc: 0.014, IC acc: 0.0203, IC acc2: 0.0031, IW acc: 0.0027
Epoch: 3491, Loss: 5.741084098815918
Epoch: 3492, Loss: 5.723651885986328
Epoch: 3493, Loss: 5.717967510223389
Epoch: 3494, Loss: 5.72351598739624
Epoch: 3495, Loss: 5.726698875427246
Epoch: 3496, Loss: 5.721795558929443
Epoch: 3497, Loss: 5.718311786651611
Epoch: 3498, Loss: 5.717233180999756
Epoch: 3499, Loss: 5.72222900390625
./circuit_plots/Unrestricted Disentangled|Readout|CN=3|B0=3|B1=3|K=1280|L=320|p_B=0.75|p_C=0.75|B=2|eps=0|c5cf5f29-0828-4665-8316-69edf18d12bd/ already exists.
./circuit_plots/Unrestricted Disentangled|Readout|CN=3|B0=3|B1=3|K=1280|L=320|p_B=0.75|p_C=0.75|B=2|eps=0|c5cf5f29-0828-4665-8316-69edf18d12bd/ already exists.
./circuit_plots/Unrestricted Disentangled|Readout|CN=3|B0=3|B1=3|K=1280|L=320|p_B=0.75|p_C=0.75|B=2|eps=0|c5cf5f29-0828-4665-8316-69edf18d12bd/ already exists.
./circuit_plots/Unrestricted Disentangled|Readout|CN=3|B0=3|B1=3|K=1280|L=320|p_B=0.75|p_C=0.75|B=2|eps=0|c5cf5f29-0828-4665-8316-69edf18d12bd/ already exists.
./circuit_plots/Unrestricted Disentangled|Readout|CN=3|B0=3|B1=3|K=1280|L=320|p_B=0.75|p_C=0.75|B=2|eps=0|c5cf5f29-0828-4665-8316-69edf18d12bd/ already exists.
./circuit_plots/Unrestricted Disentangled|Readout|CN=3|B0=3|B1=3|K=1280|L=320|p_B=0.75|p_C=0.75|B=2|eps=0|c5cf5f29-0828-4665-8316-69edf18d12bd/ already exists.
./circuit_plots/Unrestricted Disentangled|Readout|CN=3|B0=3|B1=3|K=1280|L=320|p_B=0.75|p_C=0.75|B=2|eps=0|c5cf5f29-0828-4665-8316-69edf18d12bd/ already exists.
Epoch: 3500, Loss: 5.718425750732422
Test acc: 0.014, IC acc: 0.0205, IC acc2: 0.0031, IW acc: 0.0027
Epoch: 3501, Loss: 5.72440242767334
Epoch: 3502, Loss: 5.723477363586426
Epoch: 3503, Loss: 5.738526344299316
Epoch: 3504, Loss: 5.7234578132629395
Epoch: 3505, Loss: 5.716494560241699
Epoch: 3506, Loss: 5.73286247253418
Epoch: 3507, Loss: 5.723556041717529
Epoch: 3508, Loss: 5.717339992523193
Epoch: 3509, Loss: 5.721879005432129
Epoch: 3510, Loss: 5.728081703186035
Test acc: 0.0142, IC acc: 0.0207, IC acc2: 0.0031, IW acc: 0.0027
Epoch: 3511, Loss: 5.70871114730835
Epoch: 3512, Loss: 5.732069969177246
Epoch: 3513, Loss: 5.7193217277526855
Epoch: 3514, Loss: 5.738076210021973
Epoch: 3515, Loss: 5.729395866394043
Epoch: 3516, Loss: 5.740638732910156
Epoch: 3517, Loss: 5.737480640411377
Epoch: 3518, Loss: 5.741118431091309
Epoch: 3519, Loss: 5.729639053344727
Epoch: 3520, Loss: 5.720710754394531
Test acc: 0.0142, IC acc: 0.0208, IC acc2: 0.0031, IW acc: 0.0026
Epoch: 3521, Loss: 5.718376159667969
Epoch: 3522, Loss: 5.739954948425293
Epoch: 3523, Loss: 5.728504180908203
Epoch: 3524, Loss: 5.729703903198242
Epoch: 3525, Loss: 5.734618663787842
Epoch: 3526, Loss: 5.732755661010742
Epoch: 3527, Loss: 5.7306132316589355
Epoch: 3528, Loss: 5.721769332885742
Epoch: 3529, Loss: 5.7338714599609375
Epoch: 3530, Loss: 5.724208354949951
Test acc: 0.0142, IC acc: 0.021, IC acc2: 0.0031, IW acc: 0.0026
Epoch: 3531, Loss: 5.733299255371094
Epoch: 3532, Loss: 5.717342376708984
Epoch: 3533, Loss: 5.726261138916016
Epoch: 3534, Loss: 5.733802795410156
Epoch: 3535, Loss: 5.727355003356934
Epoch: 3536, Loss: 5.715334892272949
Epoch: 3537, Loss: 5.744422435760498
Epoch: 3538, Loss: 5.725364685058594
Epoch: 3539, Loss: 5.721291542053223
Epoch: 3540, Loss: 5.720437526702881
Test acc: 0.0144, IC acc: 0.0213, IC acc2: 0.0031, IW acc: 0.0026
Epoch: 3541, Loss: 5.712508201599121
Epoch: 3542, Loss: 5.7202301025390625
Epoch: 3543, Loss: 5.729384899139404
Epoch: 3544, Loss: 5.7233476638793945
Epoch: 3545, Loss: 5.730846405029297
Epoch: 3546, Loss: 5.70747184753418
Epoch: 3547, Loss: 5.723199844360352
Epoch: 3548, Loss: 5.73693323135376
Epoch: 3549, Loss: 5.727578163146973
./circuit_plots/Unrestricted Disentangled|Readout|CN=3|B0=3|B1=3|K=1280|L=320|p_B=0.75|p_C=0.75|B=2|eps=0|c5cf5f29-0828-4665-8316-69edf18d12bd/ already exists.
./circuit_plots/Unrestricted Disentangled|Readout|CN=3|B0=3|B1=3|K=1280|L=320|p_B=0.75|p_C=0.75|B=2|eps=0|c5cf5f29-0828-4665-8316-69edf18d12bd/ already exists.
./circuit_plots/Unrestricted Disentangled|Readout|CN=3|B0=3|B1=3|K=1280|L=320|p_B=0.75|p_C=0.75|B=2|eps=0|c5cf5f29-0828-4665-8316-69edf18d12bd/ already exists.
./circuit_plots/Unrestricted Disentangled|Readout|CN=3|B0=3|B1=3|K=1280|L=320|p_B=0.75|p_C=0.75|B=2|eps=0|c5cf5f29-0828-4665-8316-69edf18d12bd/ already exists.
./circuit_plots/Unrestricted Disentangled|Readout|CN=3|B0=3|B1=3|K=1280|L=320|p_B=0.75|p_C=0.75|B=2|eps=0|c5cf5f29-0828-4665-8316-69edf18d12bd/ already exists.
./circuit_plots/Unrestricted Disentangled|Readout|CN=3|B0=3|B1=3|K=1280|L=320|p_B=0.75|p_C=0.75|B=2|eps=0|c5cf5f29-0828-4665-8316-69edf18d12bd/ already exists.
./circuit_plots/Unrestricted Disentangled|Readout|CN=3|B0=3|B1=3|K=1280|L=320|p_B=0.75|p_C=0.75|B=2|eps=0|c5cf5f29-0828-4665-8316-69edf18d12bd/ already exists.
Epoch: 3550, Loss: 5.72440242767334
Test acc: 0.0145, IC acc: 0.0214, IC acc2: 0.0031, IW acc: 0.0026
Epoch: 3551, Loss: 5.715893745422363
Epoch: 3552, Loss: 5.7343034744262695
Epoch: 3553, Loss: 5.72482967376709
Epoch: 3554, Loss: 5.7350311279296875
Epoch: 3555, Loss: 5.722423553466797
Epoch: 3556, Loss: 5.734904766082764
Epoch: 3557, Loss: 5.71632194519043
Epoch: 3558, Loss: 5.750144004821777
Epoch: 3559, Loss: 5.723969459533691
Epoch: 3560, Loss: 5.719300746917725
Test acc: 0.0146, IC acc: 0.0215, IC acc2: 0.0031, IW acc: 0.0026
Epoch: 3561, Loss: 5.722867965698242
Epoch: 3562, Loss: 5.718992710113525
Epoch: 3563, Loss: 5.705470085144043
Epoch: 3564, Loss: 5.726920127868652
Epoch: 3565, Loss: 5.742520332336426
Epoch: 3566, Loss: 5.734447002410889
Epoch: 3567, Loss: 5.71572208404541
Epoch: 3568, Loss: 5.753687381744385
Epoch: 3569, Loss: 5.728837966918945
Epoch: 3570, Loss: 5.74259614944458
Test acc: 0.0145, IC acc: 0.0218, IC acc2: 0.0031, IW acc: 0.0026
Epoch: 3571, Loss: 5.736422538757324
Epoch: 3572, Loss: 5.726425647735596
Epoch: 3573, Loss: 5.720180511474609
Epoch: 3574, Loss: 5.727782249450684
Epoch: 3575, Loss: 5.731149673461914
Epoch: 3576, Loss: 5.7086052894592285
Epoch: 3577, Loss: 5.705934047698975
Epoch: 3578, Loss: 5.726261138916016
Epoch: 3579, Loss: 5.743679046630859
Epoch: 3580, Loss: 5.7330217361450195
Test acc: 0.0146, IC acc: 0.0218, IC acc2: 0.0031, IW acc: 0.0026
Epoch: 3581, Loss: 5.706394195556641
Epoch: 3582, Loss: 5.718347072601318
Epoch: 3583, Loss: 5.729399681091309
Epoch: 3584, Loss: 5.728275299072266
Epoch: 3585, Loss: 5.7256083488464355
Epoch: 3586, Loss: 5.723532199859619
Epoch: 3587, Loss: 5.744566917419434
Epoch: 3588, Loss: 5.721729278564453
Epoch: 3589, Loss: 5.740241050720215
Epoch: 3590, Loss: 5.720113754272461
Test acc: 0.0146, IC acc: 0.022, IC acc2: 0.0031, IW acc: 0.0026
Epoch: 3591, Loss: 5.745009422302246
Epoch: 3592, Loss: 5.7258100509643555
Epoch: 3593, Loss: 5.71685266494751
Epoch: 3594, Loss: 5.71888542175293
Epoch: 3595, Loss: 5.712795257568359
Epoch: 3596, Loss: 5.7354230880737305
Epoch: 3597, Loss: 5.723321914672852
Epoch: 3598, Loss: 5.724859237670898
Epoch: 3599, Loss: 5.724390983581543
./circuit_plots/Unrestricted Disentangled|Readout|CN=3|B0=3|B1=3|K=1280|L=320|p_B=0.75|p_C=0.75|B=2|eps=0|c5cf5f29-0828-4665-8316-69edf18d12bd/ already exists.
./circuit_plots/Unrestricted Disentangled|Readout|CN=3|B0=3|B1=3|K=1280|L=320|p_B=0.75|p_C=0.75|B=2|eps=0|c5cf5f29-0828-4665-8316-69edf18d12bd/ already exists.
./circuit_plots/Unrestricted Disentangled|Readout|CN=3|B0=3|B1=3|K=1280|L=320|p_B=0.75|p_C=0.75|B=2|eps=0|c5cf5f29-0828-4665-8316-69edf18d12bd/ already exists.
./circuit_plots/Unrestricted Disentangled|Readout|CN=3|B0=3|B1=3|K=1280|L=320|p_B=0.75|p_C=0.75|B=2|eps=0|c5cf5f29-0828-4665-8316-69edf18d12bd/ already exists.
./circuit_plots/Unrestricted Disentangled|Readout|CN=3|B0=3|B1=3|K=1280|L=320|p_B=0.75|p_C=0.75|B=2|eps=0|c5cf5f29-0828-4665-8316-69edf18d12bd/ already exists.
./circuit_plots/Unrestricted Disentangled|Readout|CN=3|B0=3|B1=3|K=1280|L=320|p_B=0.75|p_C=0.75|B=2|eps=0|c5cf5f29-0828-4665-8316-69edf18d12bd/ already exists.
./circuit_plots/Unrestricted Disentangled|Readout|CN=3|B0=3|B1=3|K=1280|L=320|p_B=0.75|p_C=0.75|B=2|eps=0|c5cf5f29-0828-4665-8316-69edf18d12bd/ already exists.
Epoch: 3600, Loss: 5.709794044494629
Test acc: 0.0147, IC acc: 0.0224, IC acc2: 0.0031, IW acc: 0.0026
Epoch: 3601, Loss: 5.736161231994629
Epoch: 3602, Loss: 5.719939231872559
Epoch: 3603, Loss: 5.731128692626953
Epoch: 3604, Loss: 5.720134735107422
Epoch: 3605, Loss: 5.721670150756836
Epoch: 3606, Loss: 5.741973876953125
Epoch: 3607, Loss: 5.736392021179199
Epoch: 3608, Loss: 5.713317394256592
Epoch: 3609, Loss: 5.713268280029297
Epoch: 3610, Loss: 5.73776388168335
Test acc: 0.0148, IC acc: 0.0224, IC acc2: 0.003, IW acc: 0.0026
Epoch: 3611, Loss: 5.723570346832275
Epoch: 3612, Loss: 5.737326145172119
Epoch: 3613, Loss: 5.733960151672363
Epoch: 3614, Loss: 5.725977897644043
Epoch: 3615, Loss: 5.725311279296875
Epoch: 3616, Loss: 5.731884002685547
Epoch: 3617, Loss: 5.718763828277588
Epoch: 3618, Loss: 5.735501289367676
Epoch: 3619, Loss: 5.731603145599365
Epoch: 3620, Loss: 5.735526084899902
Test acc: 0.0149, IC acc: 0.0224, IC acc2: 0.003, IW acc: 0.0027
Epoch: 3621, Loss: 5.71681022644043
Epoch: 3622, Loss: 5.725603103637695
Epoch: 3623, Loss: 5.731626510620117
Epoch: 3624, Loss: 5.7184553146362305
Epoch: 3625, Loss: 5.7403435707092285
Epoch: 3626, Loss: 5.727730751037598
Epoch: 3627, Loss: 5.731722831726074
Epoch: 3628, Loss: 5.730687618255615
Epoch: 3629, Loss: 5.726920127868652
Epoch: 3630, Loss: 5.746588230133057
Test acc: 0.0149, IC acc: 0.0226, IC acc2: 0.0029, IW acc: 0.0026
Epoch: 3631, Loss: 5.7212018966674805
Epoch: 3632, Loss: 5.733096122741699
Epoch: 3633, Loss: 5.7170305252075195
Epoch: 3634, Loss: 5.71852970123291
Epoch: 3635, Loss: 5.722210884094238
Epoch: 3636, Loss: 5.740563869476318
Epoch: 3637, Loss: 5.7215752601623535
Epoch: 3638, Loss: 5.740655899047852
Epoch: 3639, Loss: 5.732368469238281
Epoch: 3640, Loss: 5.719615936279297
Test acc: 0.015, IC acc: 0.0228, IC acc2: 0.0029, IW acc: 0.0027
Epoch: 3641, Loss: 5.722142696380615
Epoch: 3642, Loss: 5.724299430847168
Epoch: 3643, Loss: 5.73704719543457
Epoch: 3644, Loss: 5.73161506652832
Epoch: 3645, Loss: 5.743842124938965
Epoch: 3646, Loss: 5.725028038024902
Epoch: 3647, Loss: 5.72437858581543
Epoch: 3648, Loss: 5.718029975891113
Epoch: 3649, Loss: 5.7204060554504395
./circuit_plots/Unrestricted Disentangled|Readout|CN=3|B0=3|B1=3|K=1280|L=320|p_B=0.75|p_C=0.75|B=2|eps=0|c5cf5f29-0828-4665-8316-69edf18d12bd/ already exists.
./circuit_plots/Unrestricted Disentangled|Readout|CN=3|B0=3|B1=3|K=1280|L=320|p_B=0.75|p_C=0.75|B=2|eps=0|c5cf5f29-0828-4665-8316-69edf18d12bd/ already exists.
./circuit_plots/Unrestricted Disentangled|Readout|CN=3|B0=3|B1=3|K=1280|L=320|p_B=0.75|p_C=0.75|B=2|eps=0|c5cf5f29-0828-4665-8316-69edf18d12bd/ already exists.
./circuit_plots/Unrestricted Disentangled|Readout|CN=3|B0=3|B1=3|K=1280|L=320|p_B=0.75|p_C=0.75|B=2|eps=0|c5cf5f29-0828-4665-8316-69edf18d12bd/ already exists.
./circuit_plots/Unrestricted Disentangled|Readout|CN=3|B0=3|B1=3|K=1280|L=320|p_B=0.75|p_C=0.75|B=2|eps=0|c5cf5f29-0828-4665-8316-69edf18d12bd/ already exists.
./circuit_plots/Unrestricted Disentangled|Readout|CN=3|B0=3|B1=3|K=1280|L=320|p_B=0.75|p_C=0.75|B=2|eps=0|c5cf5f29-0828-4665-8316-69edf18d12bd/ already exists.
./circuit_plots/Unrestricted Disentangled|Readout|CN=3|B0=3|B1=3|K=1280|L=320|p_B=0.75|p_C=0.75|B=2|eps=0|c5cf5f29-0828-4665-8316-69edf18d12bd/ already exists.
Epoch: 3650, Loss: 5.693403720855713
Test acc: 0.015, IC acc: 0.0229, IC acc2: 0.0029, IW acc: 0.0026
Epoch: 3651, Loss: 5.719152927398682
Epoch: 3652, Loss: 5.733484268188477
Epoch: 3653, Loss: 5.715029239654541
Epoch: 3654, Loss: 5.741635322570801
Epoch: 3655, Loss: 5.7062835693359375
Epoch: 3656, Loss: 5.709319114685059
Epoch: 3657, Loss: 5.707516670227051
Epoch: 3658, Loss: 5.727447986602783
Epoch: 3659, Loss: 5.725614547729492
Epoch: 3660, Loss: 5.718714237213135
Test acc: 0.0151, IC acc: 0.0229, IC acc2: 0.0029, IW acc: 0.0026
Epoch: 3661, Loss: 5.7185211181640625
Epoch: 3662, Loss: 5.732653617858887
Epoch: 3663, Loss: 5.729739189147949
Epoch: 3664, Loss: 5.727224349975586
Epoch: 3665, Loss: 5.717241287231445
Epoch: 3666, Loss: 5.732919692993164
Epoch: 3667, Loss: 5.726327896118164
Epoch: 3668, Loss: 5.722960472106934
Epoch: 3669, Loss: 5.727510452270508
Epoch: 3670, Loss: 5.731942176818848
Test acc: 0.0151, IC acc: 0.0229, IC acc2: 0.0029, IW acc: 0.0026
Epoch: 3671, Loss: 5.717463493347168
Epoch: 3672, Loss: 5.722811222076416
Epoch: 3673, Loss: 5.711681365966797
Epoch: 3674, Loss: 5.729700088500977
Epoch: 3675, Loss: 5.731842041015625
Epoch: 3676, Loss: 5.731576919555664
Epoch: 3677, Loss: 5.736075401306152
Epoch: 3678, Loss: 5.720577239990234
Epoch: 3679, Loss: 5.7270050048828125
Epoch: 3680, Loss: 5.719331741333008
Test acc: 0.0153, IC acc: 0.0229, IC acc2: 0.0029, IW acc: 0.0027
Epoch: 3681, Loss: 5.717902183532715
Epoch: 3682, Loss: 5.7062811851501465
Epoch: 3683, Loss: 5.715643405914307
Epoch: 3684, Loss: 5.738314628601074
Epoch: 3685, Loss: 5.7311482429504395
Epoch: 3686, Loss: 5.7327470779418945
Epoch: 3687, Loss: 5.726257801055908
Epoch: 3688, Loss: 5.724164009094238
Epoch: 3689, Loss: 5.734321117401123
Epoch: 3690, Loss: 5.707899570465088
Test acc: 0.0154, IC acc: 0.0232, IC acc2: 0.0029, IW acc: 0.0026
Epoch: 3691, Loss: 5.728597164154053
Epoch: 3692, Loss: 5.701030731201172
Epoch: 3693, Loss: 5.739759922027588
Epoch: 3694, Loss: 5.731402397155762
Epoch: 3695, Loss: 5.727210998535156
Epoch: 3696, Loss: 5.724658966064453
Epoch: 3697, Loss: 5.726292610168457
Epoch: 3698, Loss: 5.717595100402832
Epoch: 3699, Loss: 5.742039680480957
./circuit_plots/Unrestricted Disentangled|Readout|CN=3|B0=3|B1=3|K=1280|L=320|p_B=0.75|p_C=0.75|B=2|eps=0|c5cf5f29-0828-4665-8316-69edf18d12bd/ already exists.
./circuit_plots/Unrestricted Disentangled|Readout|CN=3|B0=3|B1=3|K=1280|L=320|p_B=0.75|p_C=0.75|B=2|eps=0|c5cf5f29-0828-4665-8316-69edf18d12bd/ already exists.
./circuit_plots/Unrestricted Disentangled|Readout|CN=3|B0=3|B1=3|K=1280|L=320|p_B=0.75|p_C=0.75|B=2|eps=0|c5cf5f29-0828-4665-8316-69edf18d12bd/ already exists.
./circuit_plots/Unrestricted Disentangled|Readout|CN=3|B0=3|B1=3|K=1280|L=320|p_B=0.75|p_C=0.75|B=2|eps=0|c5cf5f29-0828-4665-8316-69edf18d12bd/ already exists.
./circuit_plots/Unrestricted Disentangled|Readout|CN=3|B0=3|B1=3|K=1280|L=320|p_B=0.75|p_C=0.75|B=2|eps=0|c5cf5f29-0828-4665-8316-69edf18d12bd/ already exists.
./circuit_plots/Unrestricted Disentangled|Readout|CN=3|B0=3|B1=3|K=1280|L=320|p_B=0.75|p_C=0.75|B=2|eps=0|c5cf5f29-0828-4665-8316-69edf18d12bd/ already exists.
./circuit_plots/Unrestricted Disentangled|Readout|CN=3|B0=3|B1=3|K=1280|L=320|p_B=0.75|p_C=0.75|B=2|eps=0|c5cf5f29-0828-4665-8316-69edf18d12bd/ already exists.
Epoch: 3700, Loss: 5.751421928405762
Test acc: 0.0155, IC acc: 0.0232, IC acc2: 0.0029, IW acc: 0.0026
Epoch: 3701, Loss: 5.723790168762207
Epoch: 3702, Loss: 5.741203308105469
Epoch: 3703, Loss: 5.7217817306518555
Epoch: 3704, Loss: 5.71098518371582
Epoch: 3705, Loss: 5.724137306213379
Epoch: 3706, Loss: 5.717103004455566
Epoch: 3707, Loss: 5.716402053833008
Epoch: 3708, Loss: 5.709875106811523
Epoch: 3709, Loss: 5.7397308349609375
Epoch: 3710, Loss: 5.737551689147949
Test acc: 0.0155, IC acc: 0.0232, IC acc2: 0.0029, IW acc: 0.0026
Epoch: 3711, Loss: 5.714550018310547
Epoch: 3712, Loss: 5.736844062805176
Epoch: 3713, Loss: 5.720787048339844
Epoch: 3714, Loss: 5.723270416259766
Epoch: 3715, Loss: 5.725912570953369
Epoch: 3716, Loss: 5.7337541580200195
Epoch: 3717, Loss: 5.722941875457764
Epoch: 3718, Loss: 5.725189208984375
Epoch: 3719, Loss: 5.723634719848633
Epoch: 3720, Loss: 5.728626251220703
Test acc: 0.0157, IC acc: 0.0235, IC acc2: 0.0029, IW acc: 0.0026
Epoch: 3721, Loss: 5.731167793273926
Epoch: 3722, Loss: 5.730060577392578
Epoch: 3723, Loss: 5.716174602508545
Epoch: 3724, Loss: 5.712078094482422
Epoch: 3725, Loss: 5.729434967041016
Epoch: 3726, Loss: 5.7249250411987305
Epoch: 3727, Loss: 5.727967262268066
Epoch: 3728, Loss: 5.728751182556152
Epoch: 3729, Loss: 5.73370361328125
Epoch: 3730, Loss: 5.717726707458496
Test acc: 0.0159, IC acc: 0.0236, IC acc2: 0.0029, IW acc: 0.0026
Epoch: 3731, Loss: 5.721327781677246
Epoch: 3732, Loss: 5.727622985839844
Epoch: 3733, Loss: 5.725726127624512
Epoch: 3734, Loss: 5.716604232788086
Epoch: 3735, Loss: 5.714405059814453
Epoch: 3736, Loss: 5.751616477966309
Epoch: 3737, Loss: 5.716466903686523
Epoch: 3738, Loss: 5.714200019836426
Epoch: 3739, Loss: 5.730915069580078
Epoch: 3740, Loss: 5.725867748260498
Test acc: 0.0158, IC acc: 0.0236, IC acc2: 0.0029, IW acc: 0.0026
Epoch: 3741, Loss: 5.7271199226379395
Epoch: 3742, Loss: 5.731258392333984
Epoch: 3743, Loss: 5.728307723999023
Epoch: 3744, Loss: 5.726536273956299
Epoch: 3745, Loss: 5.722750186920166
Epoch: 3746, Loss: 5.7340898513793945
Epoch: 3747, Loss: 5.733321189880371
Epoch: 3748, Loss: 5.735833168029785
Epoch: 3749, Loss: 5.706730842590332
./circuit_plots/Unrestricted Disentangled|Readout|CN=3|B0=3|B1=3|K=1280|L=320|p_B=0.75|p_C=0.75|B=2|eps=0|c5cf5f29-0828-4665-8316-69edf18d12bd/ already exists.
./circuit_plots/Unrestricted Disentangled|Readout|CN=3|B0=3|B1=3|K=1280|L=320|p_B=0.75|p_C=0.75|B=2|eps=0|c5cf5f29-0828-4665-8316-69edf18d12bd/ already exists.
./circuit_plots/Unrestricted Disentangled|Readout|CN=3|B0=3|B1=3|K=1280|L=320|p_B=0.75|p_C=0.75|B=2|eps=0|c5cf5f29-0828-4665-8316-69edf18d12bd/ already exists.
./circuit_plots/Unrestricted Disentangled|Readout|CN=3|B0=3|B1=3|K=1280|L=320|p_B=0.75|p_C=0.75|B=2|eps=0|c5cf5f29-0828-4665-8316-69edf18d12bd/ already exists.
./circuit_plots/Unrestricted Disentangled|Readout|CN=3|B0=3|B1=3|K=1280|L=320|p_B=0.75|p_C=0.75|B=2|eps=0|c5cf5f29-0828-4665-8316-69edf18d12bd/ already exists.
./circuit_plots/Unrestricted Disentangled|Readout|CN=3|B0=3|B1=3|K=1280|L=320|p_B=0.75|p_C=0.75|B=2|eps=0|c5cf5f29-0828-4665-8316-69edf18d12bd/ already exists.
./circuit_plots/Unrestricted Disentangled|Readout|CN=3|B0=3|B1=3|K=1280|L=320|p_B=0.75|p_C=0.75|B=2|eps=0|c5cf5f29-0828-4665-8316-69edf18d12bd/ already exists.
Epoch: 3750, Loss: 5.70942497253418
Test acc: 0.0158, IC acc: 0.0236, IC acc2: 0.0029, IW acc: 0.0026
Epoch: 3751, Loss: 5.719852924346924
Epoch: 3752, Loss: 5.720684051513672
Epoch: 3753, Loss: 5.720113277435303
Epoch: 3754, Loss: 5.740348815917969
Epoch: 3755, Loss: 5.728872299194336
Epoch: 3756, Loss: 5.715675354003906
Epoch: 3757, Loss: 5.738244533538818
Epoch: 3758, Loss: 5.708846092224121
Epoch: 3759, Loss: 5.7169189453125
Epoch: 3760, Loss: 5.7164788246154785
Test acc: 0.0159, IC acc: 0.0236, IC acc2: 0.003, IW acc: 0.0026
Epoch: 3761, Loss: 5.719415664672852
Epoch: 3762, Loss: 5.718905448913574
Epoch: 3763, Loss: 5.717236518859863
Epoch: 3764, Loss: 5.706373691558838
Epoch: 3765, Loss: 5.727791786193848
Epoch: 3766, Loss: 5.734842300415039
Epoch: 3767, Loss: 5.723501205444336
Epoch: 3768, Loss: 5.720393657684326
Epoch: 3769, Loss: 5.707247734069824
Epoch: 3770, Loss: 5.724309921264648
Test acc: 0.016, IC acc: 0.0239, IC acc2: 0.0029, IW acc: 0.0026
Epoch: 3771, Loss: 5.730916976928711
Epoch: 3772, Loss: 5.721551895141602
Epoch: 3773, Loss: 5.728835105895996
Epoch: 3774, Loss: 5.71274471282959
Epoch: 3775, Loss: 5.709975242614746
Epoch: 3776, Loss: 5.720386028289795
Epoch: 3777, Loss: 5.71820592880249
Epoch: 3778, Loss: 5.726418495178223
Epoch: 3779, Loss: 5.719123363494873
Epoch: 3780, Loss: 5.731292247772217
Test acc: 0.0162, IC acc: 0.0241, IC acc2: 0.0029, IW acc: 0.0026
Epoch: 3781, Loss: 5.710444450378418
Epoch: 3782, Loss: 5.739741802215576
Epoch: 3783, Loss: 5.728582382202148
Epoch: 3784, Loss: 5.714931488037109
Epoch: 3785, Loss: 5.722324371337891
Epoch: 3786, Loss: 5.723172664642334
Epoch: 3787, Loss: 5.725144386291504
Epoch: 3788, Loss: 5.744956970214844
Epoch: 3789, Loss: 5.715794563293457
Epoch: 3790, Loss: 5.72686767578125
Test acc: 0.0162, IC acc: 0.0241, IC acc2: 0.0028, IW acc: 0.0026
Epoch: 3791, Loss: 5.738103866577148
Epoch: 3792, Loss: 5.7234697341918945
Epoch: 3793, Loss: 5.718876838684082
Epoch: 3794, Loss: 5.711467742919922
Epoch: 3795, Loss: 5.73098611831665
Epoch: 3796, Loss: 5.710951328277588
Epoch: 3797, Loss: 5.722593784332275
Epoch: 3798, Loss: 5.712023735046387
Epoch: 3799, Loss: 5.723544597625732
./circuit_plots/Unrestricted Disentangled|Readout|CN=3|B0=3|B1=3|K=1280|L=320|p_B=0.75|p_C=0.75|B=2|eps=0|c5cf5f29-0828-4665-8316-69edf18d12bd/ already exists.
./circuit_plots/Unrestricted Disentangled|Readout|CN=3|B0=3|B1=3|K=1280|L=320|p_B=0.75|p_C=0.75|B=2|eps=0|c5cf5f29-0828-4665-8316-69edf18d12bd/ already exists.
./circuit_plots/Unrestricted Disentangled|Readout|CN=3|B0=3|B1=3|K=1280|L=320|p_B=0.75|p_C=0.75|B=2|eps=0|c5cf5f29-0828-4665-8316-69edf18d12bd/ already exists.
./circuit_plots/Unrestricted Disentangled|Readout|CN=3|B0=3|B1=3|K=1280|L=320|p_B=0.75|p_C=0.75|B=2|eps=0|c5cf5f29-0828-4665-8316-69edf18d12bd/ already exists.
./circuit_plots/Unrestricted Disentangled|Readout|CN=3|B0=3|B1=3|K=1280|L=320|p_B=0.75|p_C=0.75|B=2|eps=0|c5cf5f29-0828-4665-8316-69edf18d12bd/ already exists.
./circuit_plots/Unrestricted Disentangled|Readout|CN=3|B0=3|B1=3|K=1280|L=320|p_B=0.75|p_C=0.75|B=2|eps=0|c5cf5f29-0828-4665-8316-69edf18d12bd/ already exists.
./circuit_plots/Unrestricted Disentangled|Readout|CN=3|B0=3|B1=3|K=1280|L=320|p_B=0.75|p_C=0.75|B=2|eps=0|c5cf5f29-0828-4665-8316-69edf18d12bd/ already exists.
Epoch: 3800, Loss: 5.732454299926758
Test acc: 0.0161, IC acc: 0.0241, IC acc2: 0.0028, IW acc: 0.0026
Epoch: 3801, Loss: 5.728936672210693
Epoch: 3802, Loss: 5.710723876953125
Epoch: 3803, Loss: 5.718913555145264
Epoch: 3804, Loss: 5.723712921142578
Epoch: 3805, Loss: 5.723432540893555
Epoch: 3806, Loss: 5.701401710510254
Epoch: 3807, Loss: 5.697198867797852
Epoch: 3808, Loss: 5.711573600769043
Epoch: 3809, Loss: 5.704461097717285
Epoch: 3810, Loss: 5.717698097229004
Test acc: 0.0161, IC acc: 0.0245, IC acc2: 0.0028, IW acc: 0.0026
Epoch: 3811, Loss: 5.72596549987793
Epoch: 3812, Loss: 5.735497951507568
Epoch: 3813, Loss: 5.7221999168396
Epoch: 3814, Loss: 5.713824272155762
Epoch: 3815, Loss: 5.718567371368408
Epoch: 3816, Loss: 5.719100475311279
Epoch: 3817, Loss: 5.719360828399658
Epoch: 3818, Loss: 5.7296342849731445
Epoch: 3819, Loss: 5.743560314178467
Epoch: 3820, Loss: 5.730367660522461
Test acc: 0.0162, IC acc: 0.0247, IC acc2: 0.0028, IW acc: 0.0026
Epoch: 3821, Loss: 5.713015079498291
Epoch: 3822, Loss: 5.734664440155029
Epoch: 3823, Loss: 5.7177276611328125
Epoch: 3824, Loss: 5.736673831939697
Epoch: 3825, Loss: 5.732061862945557
Epoch: 3826, Loss: 5.712612628936768
Epoch: 3827, Loss: 5.742282867431641
Epoch: 3828, Loss: 5.719318866729736
Epoch: 3829, Loss: 5.727570533752441
Epoch: 3830, Loss: 5.720972061157227
Test acc: 0.0164, IC acc: 0.0247, IC acc2: 0.0028, IW acc: 0.0026
Epoch: 3831, Loss: 5.727365493774414
Epoch: 3832, Loss: 5.7384796142578125
Epoch: 3833, Loss: 5.710391044616699
Epoch: 3834, Loss: 5.7352399826049805
Epoch: 3835, Loss: 5.730607509613037
Epoch: 3836, Loss: 5.726829528808594
Epoch: 3837, Loss: 5.724660873413086
Epoch: 3838, Loss: 5.738443374633789
Epoch: 3839, Loss: 5.734319686889648
Epoch: 3840, Loss: 5.719232559204102
Test acc: 0.0164, IC acc: 0.0246, IC acc2: 0.0028, IW acc: 0.0026
Epoch: 3841, Loss: 5.726711750030518
Epoch: 3842, Loss: 5.724393367767334
Epoch: 3843, Loss: 5.710809230804443
Epoch: 3844, Loss: 5.708894729614258
Epoch: 3845, Loss: 5.710430145263672
Epoch: 3846, Loss: 5.734164237976074
Epoch: 3847, Loss: 5.73319149017334
Epoch: 3848, Loss: 5.711940765380859
Epoch: 3849, Loss: 5.713120460510254
./circuit_plots/Unrestricted Disentangled|Readout|CN=3|B0=3|B1=3|K=1280|L=320|p_B=0.75|p_C=0.75|B=2|eps=0|c5cf5f29-0828-4665-8316-69edf18d12bd/ already exists.
./circuit_plots/Unrestricted Disentangled|Readout|CN=3|B0=3|B1=3|K=1280|L=320|p_B=0.75|p_C=0.75|B=2|eps=0|c5cf5f29-0828-4665-8316-69edf18d12bd/ already exists.
./circuit_plots/Unrestricted Disentangled|Readout|CN=3|B0=3|B1=3|K=1280|L=320|p_B=0.75|p_C=0.75|B=2|eps=0|c5cf5f29-0828-4665-8316-69edf18d12bd/ already exists.
./circuit_plots/Unrestricted Disentangled|Readout|CN=3|B0=3|B1=3|K=1280|L=320|p_B=0.75|p_C=0.75|B=2|eps=0|c5cf5f29-0828-4665-8316-69edf18d12bd/ already exists.
./circuit_plots/Unrestricted Disentangled|Readout|CN=3|B0=3|B1=3|K=1280|L=320|p_B=0.75|p_C=0.75|B=2|eps=0|c5cf5f29-0828-4665-8316-69edf18d12bd/ already exists.
./circuit_plots/Unrestricted Disentangled|Readout|CN=3|B0=3|B1=3|K=1280|L=320|p_B=0.75|p_C=0.75|B=2|eps=0|c5cf5f29-0828-4665-8316-69edf18d12bd/ already exists.
./circuit_plots/Unrestricted Disentangled|Readout|CN=3|B0=3|B1=3|K=1280|L=320|p_B=0.75|p_C=0.75|B=2|eps=0|c5cf5f29-0828-4665-8316-69edf18d12bd/ already exists.
Epoch: 3850, Loss: 5.721317768096924
Test acc: 0.0166, IC acc: 0.0247, IC acc2: 0.0028, IW acc: 0.0026
Epoch: 3851, Loss: 5.739058971405029
Epoch: 3852, Loss: 5.725959777832031
Epoch: 3853, Loss: 5.732388496398926
Epoch: 3854, Loss: 5.718871116638184
Epoch: 3855, Loss: 5.717291831970215
Epoch: 3856, Loss: 5.715600967407227
Epoch: 3857, Loss: 5.704883575439453
Epoch: 3858, Loss: 5.7129621505737305
Epoch: 3859, Loss: 5.71233606338501
Epoch: 3860, Loss: 5.730094909667969
Test acc: 0.0166, IC acc: 0.0248, IC acc2: 0.0028, IW acc: 0.0026
Epoch: 3861, Loss: 5.712477684020996
Epoch: 3862, Loss: 5.7266316413879395
Epoch: 3863, Loss: 5.738279342651367
Epoch: 3864, Loss: 5.718000888824463
Epoch: 3865, Loss: 5.74092960357666
Epoch: 3866, Loss: 5.711729526519775
Epoch: 3867, Loss: 5.701508045196533
Epoch: 3868, Loss: 5.725954055786133
Epoch: 3869, Loss: 5.73469877243042
Epoch: 3870, Loss: 5.732775688171387
Test acc: 0.0166, IC acc: 0.0247, IC acc2: 0.0028, IW acc: 0.0026
Epoch: 3871, Loss: 5.7290143966674805
Epoch: 3872, Loss: 5.712703704833984
Epoch: 3873, Loss: 5.7258172035217285
Epoch: 3874, Loss: 5.714468002319336
Epoch: 3875, Loss: 5.742954730987549
Epoch: 3876, Loss: 5.720273017883301
Epoch: 3877, Loss: 5.728288650512695
Epoch: 3878, Loss: 5.728593349456787
Epoch: 3879, Loss: 5.707559108734131
Epoch: 3880, Loss: 5.700456619262695
Test acc: 0.0169, IC acc: 0.0251, IC acc2: 0.0029, IW acc: 0.0026
Epoch: 3881, Loss: 5.7152419090271
Epoch: 3882, Loss: 5.715691566467285
Epoch: 3883, Loss: 5.718044281005859
Epoch: 3884, Loss: 5.719029426574707
Epoch: 3885, Loss: 5.729052543640137
Epoch: 3886, Loss: 5.717522144317627
Epoch: 3887, Loss: 5.717357635498047
Epoch: 3888, Loss: 5.721837997436523
Epoch: 3889, Loss: 5.744140625
Epoch: 3890, Loss: 5.7404022216796875
Test acc: 0.0169, IC acc: 0.0251, IC acc2: 0.0029, IW acc: 0.0026
Epoch: 3891, Loss: 5.7335686683654785
Epoch: 3892, Loss: 5.704938888549805
Epoch: 3893, Loss: 5.719775199890137
Epoch: 3894, Loss: 5.714301109313965
Epoch: 3895, Loss: 5.719699859619141
Epoch: 3896, Loss: 5.725299835205078
Epoch: 3897, Loss: 5.716435432434082
Epoch: 3898, Loss: 5.710920810699463
Epoch: 3899, Loss: 5.720354080200195
./circuit_plots/Unrestricted Disentangled|Readout|CN=3|B0=3|B1=3|K=1280|L=320|p_B=0.75|p_C=0.75|B=2|eps=0|c5cf5f29-0828-4665-8316-69edf18d12bd/ already exists.
./circuit_plots/Unrestricted Disentangled|Readout|CN=3|B0=3|B1=3|K=1280|L=320|p_B=0.75|p_C=0.75|B=2|eps=0|c5cf5f29-0828-4665-8316-69edf18d12bd/ already exists.
./circuit_plots/Unrestricted Disentangled|Readout|CN=3|B0=3|B1=3|K=1280|L=320|p_B=0.75|p_C=0.75|B=2|eps=0|c5cf5f29-0828-4665-8316-69edf18d12bd/ already exists.
./circuit_plots/Unrestricted Disentangled|Readout|CN=3|B0=3|B1=3|K=1280|L=320|p_B=0.75|p_C=0.75|B=2|eps=0|c5cf5f29-0828-4665-8316-69edf18d12bd/ already exists.
./circuit_plots/Unrestricted Disentangled|Readout|CN=3|B0=3|B1=3|K=1280|L=320|p_B=0.75|p_C=0.75|B=2|eps=0|c5cf5f29-0828-4665-8316-69edf18d12bd/ already exists.
./circuit_plots/Unrestricted Disentangled|Readout|CN=3|B0=3|B1=3|K=1280|L=320|p_B=0.75|p_C=0.75|B=2|eps=0|c5cf5f29-0828-4665-8316-69edf18d12bd/ already exists.
./circuit_plots/Unrestricted Disentangled|Readout|CN=3|B0=3|B1=3|K=1280|L=320|p_B=0.75|p_C=0.75|B=2|eps=0|c5cf5f29-0828-4665-8316-69edf18d12bd/ already exists.
Epoch: 3900, Loss: 5.71508264541626
Test acc: 0.017, IC acc: 0.0251, IC acc2: 0.0029, IW acc: 0.0026
Epoch: 3901, Loss: 5.710491180419922
Epoch: 3902, Loss: 5.720588684082031
Epoch: 3903, Loss: 5.6988959312438965
Epoch: 3904, Loss: 5.722535133361816
Epoch: 3905, Loss: 5.732866287231445
Epoch: 3906, Loss: 5.729280471801758
Epoch: 3907, Loss: 5.721490383148193
Epoch: 3908, Loss: 5.738022804260254
Epoch: 3909, Loss: 5.721219062805176
Epoch: 3910, Loss: 5.732295989990234
Test acc: 0.0168, IC acc: 0.0251, IC acc2: 0.0029, IW acc: 0.0026
Epoch: 3911, Loss: 5.688079833984375
Epoch: 3912, Loss: 5.716712951660156
Epoch: 3913, Loss: 5.710418701171875
Epoch: 3914, Loss: 5.728153228759766
Epoch: 3915, Loss: 5.736471652984619
Epoch: 3916, Loss: 5.7158427238464355
Epoch: 3917, Loss: 5.725893974304199
Epoch: 3918, Loss: 5.725917816162109
Epoch: 3919, Loss: 5.722151279449463
Epoch: 3920, Loss: 5.720484256744385
Test acc: 0.017, IC acc: 0.0252, IC acc2: 0.0029, IW acc: 0.0026
Epoch: 3921, Loss: 5.718867301940918
Epoch: 3922, Loss: 5.7352399826049805
Epoch: 3923, Loss: 5.7177019119262695
Epoch: 3924, Loss: 5.715593338012695
Epoch: 3925, Loss: 5.713492393493652
Epoch: 3926, Loss: 5.7162981033325195
Epoch: 3927, Loss: 5.714650630950928
Epoch: 3928, Loss: 5.722485542297363
Epoch: 3929, Loss: 5.717886447906494
Epoch: 3930, Loss: 5.709757328033447
Test acc: 0.0171, IC acc: 0.0255, IC acc2: 0.0029, IW acc: 0.0026
Epoch: 3931, Loss: 5.714986801147461
Epoch: 3932, Loss: 5.725125312805176
Epoch: 3933, Loss: 5.717634201049805
Epoch: 3934, Loss: 5.721673011779785
Epoch: 3935, Loss: 5.740190505981445
Epoch: 3936, Loss: 5.7391815185546875
Epoch: 3937, Loss: 5.720283508300781
Epoch: 3938, Loss: 5.738164901733398
Epoch: 3939, Loss: 5.723566055297852
Epoch: 3940, Loss: 5.720966339111328
Test acc: 0.0172, IC acc: 0.0257, IC acc2: 0.0029, IW acc: 0.0026
Epoch: 3941, Loss: 5.735508918762207
Epoch: 3942, Loss: 5.711832046508789
Epoch: 3943, Loss: 5.73140811920166
Epoch: 3944, Loss: 5.732348442077637
Epoch: 3945, Loss: 5.726581573486328
Epoch: 3946, Loss: 5.713946342468262
Epoch: 3947, Loss: 5.71917724609375
Epoch: 3948, Loss: 5.730199813842773
Epoch: 3949, Loss: 5.726898193359375
./circuit_plots/Unrestricted Disentangled|Readout|CN=3|B0=3|B1=3|K=1280|L=320|p_B=0.75|p_C=0.75|B=2|eps=0|c5cf5f29-0828-4665-8316-69edf18d12bd/ already exists.
./circuit_plots/Unrestricted Disentangled|Readout|CN=3|B0=3|B1=3|K=1280|L=320|p_B=0.75|p_C=0.75|B=2|eps=0|c5cf5f29-0828-4665-8316-69edf18d12bd/ already exists.
./circuit_plots/Unrestricted Disentangled|Readout|CN=3|B0=3|B1=3|K=1280|L=320|p_B=0.75|p_C=0.75|B=2|eps=0|c5cf5f29-0828-4665-8316-69edf18d12bd/ already exists.
./circuit_plots/Unrestricted Disentangled|Readout|CN=3|B0=3|B1=3|K=1280|L=320|p_B=0.75|p_C=0.75|B=2|eps=0|c5cf5f29-0828-4665-8316-69edf18d12bd/ already exists.
./circuit_plots/Unrestricted Disentangled|Readout|CN=3|B0=3|B1=3|K=1280|L=320|p_B=0.75|p_C=0.75|B=2|eps=0|c5cf5f29-0828-4665-8316-69edf18d12bd/ already exists.
./circuit_plots/Unrestricted Disentangled|Readout|CN=3|B0=3|B1=3|K=1280|L=320|p_B=0.75|p_C=0.75|B=2|eps=0|c5cf5f29-0828-4665-8316-69edf18d12bd/ already exists.
./circuit_plots/Unrestricted Disentangled|Readout|CN=3|B0=3|B1=3|K=1280|L=320|p_B=0.75|p_C=0.75|B=2|eps=0|c5cf5f29-0828-4665-8316-69edf18d12bd/ already exists.
Epoch: 3950, Loss: 5.720914363861084
Test acc: 0.0175, IC acc: 0.0257, IC acc2: 0.0029, IW acc: 0.0026
Epoch: 3951, Loss: 5.731913089752197
Epoch: 3952, Loss: 5.731189250946045
Epoch: 3953, Loss: 5.737235069274902
Epoch: 3954, Loss: 5.726060390472412
Epoch: 3955, Loss: 5.700915336608887
Epoch: 3956, Loss: 5.725319862365723
Epoch: 3957, Loss: 5.714462757110596
Epoch: 3958, Loss: 5.715582847595215
Epoch: 3959, Loss: 5.72634220123291
Epoch: 3960, Loss: 5.7235636711120605
Test acc: 0.0175, IC acc: 0.0258, IC acc2: 0.0029, IW acc: 0.0026
Epoch: 3961, Loss: 5.713170051574707
Epoch: 3962, Loss: 5.731439590454102
Epoch: 3963, Loss: 5.7228593826293945
Epoch: 3964, Loss: 5.745110511779785
Epoch: 3965, Loss: 5.7221455574035645
Epoch: 3966, Loss: 5.725074768066406
Epoch: 3967, Loss: 5.720208168029785
Epoch: 3968, Loss: 5.719377040863037
Epoch: 3969, Loss: 5.737360000610352
Epoch: 3970, Loss: 5.704695224761963
Test acc: 0.0175, IC acc: 0.0259, IC acc2: 0.0029, IW acc: 0.0026
Epoch: 3971, Loss: 5.7227091789245605
Epoch: 3972, Loss: 5.741659164428711
Epoch: 3973, Loss: 5.712054252624512
Epoch: 3974, Loss: 5.723354339599609
Epoch: 3975, Loss: 5.7092814445495605
Epoch: 3976, Loss: 5.7002363204956055
Epoch: 3977, Loss: 5.732598304748535
Epoch: 3978, Loss: 5.732046604156494
Epoch: 3979, Loss: 5.729051113128662
Epoch: 3980, Loss: 5.706110000610352
Test acc: 0.0175, IC acc: 0.0261, IC acc2: 0.0029, IW acc: 0.0026
Epoch: 3981, Loss: 5.725588321685791
Epoch: 3982, Loss: 5.701542854309082
Epoch: 3983, Loss: 5.725920677185059
Epoch: 3984, Loss: 5.724731922149658
Epoch: 3985, Loss: 5.701419830322266
Epoch: 3986, Loss: 5.713351249694824
Epoch: 3987, Loss: 5.7189226150512695
Epoch: 3988, Loss: 5.711651802062988
Epoch: 3989, Loss: 5.729575157165527
Epoch: 3990, Loss: 5.7092461585998535
Test acc: 0.0175, IC acc: 0.0264, IC acc2: 0.0029, IW acc: 0.0026
Epoch: 3991, Loss: 5.718836307525635
Epoch: 3992, Loss: 5.694458484649658
Epoch: 3993, Loss: 5.7159857749938965
Epoch: 3994, Loss: 5.724941253662109
Epoch: 3995, Loss: 5.7315239906311035
Epoch: 3996, Loss: 5.7353291511535645
Epoch: 3997, Loss: 5.7302117347717285
Epoch: 3998, Loss: 5.723587512969971
Epoch: 3999, Loss: 5.734736442565918
./circuit_plots/Unrestricted Disentangled|Readout|CN=3|B0=3|B1=3|K=1280|L=320|p_B=0.75|p_C=0.75|B=2|eps=0|c5cf5f29-0828-4665-8316-69edf18d12bd/ already exists.
./circuit_plots/Unrestricted Disentangled|Readout|CN=3|B0=3|B1=3|K=1280|L=320|p_B=0.75|p_C=0.75|B=2|eps=0|c5cf5f29-0828-4665-8316-69edf18d12bd/ already exists.
./circuit_plots/Unrestricted Disentangled|Readout|CN=3|B0=3|B1=3|K=1280|L=320|p_B=0.75|p_C=0.75|B=2|eps=0|c5cf5f29-0828-4665-8316-69edf18d12bd/ already exists.
./circuit_plots/Unrestricted Disentangled|Readout|CN=3|B0=3|B1=3|K=1280|L=320|p_B=0.75|p_C=0.75|B=2|eps=0|c5cf5f29-0828-4665-8316-69edf18d12bd/ already exists.
./circuit_plots/Unrestricted Disentangled|Readout|CN=3|B0=3|B1=3|K=1280|L=320|p_B=0.75|p_C=0.75|B=2|eps=0|c5cf5f29-0828-4665-8316-69edf18d12bd/ already exists.
./circuit_plots/Unrestricted Disentangled|Readout|CN=3|B0=3|B1=3|K=1280|L=320|p_B=0.75|p_C=0.75|B=2|eps=0|c5cf5f29-0828-4665-8316-69edf18d12bd/ already exists.
./circuit_plots/Unrestricted Disentangled|Readout|CN=3|B0=3|B1=3|K=1280|L=320|p_B=0.75|p_C=0.75|B=2|eps=0|c5cf5f29-0828-4665-8316-69edf18d12bd/ already exists.
Epoch: 4000, Loss: 5.709860801696777
Test acc: 0.0176, IC acc: 0.0263, IC acc2: 0.0029, IW acc: 0.0026
Epoch: 4001, Loss: 5.723691940307617
Epoch: 4002, Loss: 5.7332444190979
Epoch: 4003, Loss: 5.724512100219727
Epoch: 4004, Loss: 5.71510648727417
Epoch: 4005, Loss: 5.7309675216674805
Epoch: 4006, Loss: 5.70985221862793
Epoch: 4007, Loss: 5.722781181335449
Epoch: 4008, Loss: 5.712362289428711
Epoch: 4009, Loss: 5.713961601257324
Epoch: 4010, Loss: 5.7181243896484375
Test acc: 0.0178, IC acc: 0.0265, IC acc2: 0.0029, IW acc: 0.0025
Epoch: 4011, Loss: 5.7175750732421875
Epoch: 4012, Loss: 5.724847793579102
Epoch: 4013, Loss: 5.72756290435791
Epoch: 4014, Loss: 5.7194504737854
Epoch: 4015, Loss: 5.716894149780273
Epoch: 4016, Loss: 5.72072696685791
Epoch: 4017, Loss: 5.714225769042969
Epoch: 4018, Loss: 5.707763671875
Epoch: 4019, Loss: 5.719254016876221
Epoch: 4020, Loss: 5.712965965270996
Test acc: 0.0178, IC acc: 0.0267, IC acc2: 0.0029, IW acc: 0.0026
Epoch: 4021, Loss: 5.708508014678955
Epoch: 4022, Loss: 5.724189758300781
Epoch: 4023, Loss: 5.713474750518799
Epoch: 4024, Loss: 5.718288421630859
Epoch: 4025, Loss: 5.719200611114502
Epoch: 4026, Loss: 5.726970672607422
Epoch: 4027, Loss: 5.72830867767334
Epoch: 4028, Loss: 5.717709541320801
Epoch: 4029, Loss: 5.716582775115967
Epoch: 4030, Loss: 5.728292465209961
Test acc: 0.0179, IC acc: 0.0269, IC acc2: 0.0028, IW acc: 0.0026
Epoch: 4031, Loss: 5.69260311126709
Epoch: 4032, Loss: 5.708858966827393
Epoch: 4033, Loss: 5.730048179626465
Epoch: 4034, Loss: 5.730330944061279
Epoch: 4035, Loss: 5.720526695251465
Epoch: 4036, Loss: 5.7303056716918945
Epoch: 4037, Loss: 5.7174601554870605
Epoch: 4038, Loss: 5.703171253204346
Epoch: 4039, Loss: 5.730864524841309
Epoch: 4040, Loss: 5.7077956199646
Test acc: 0.0179, IC acc: 0.0271, IC acc2: 0.0029, IW acc: 0.0026
Epoch: 4041, Loss: 5.688665866851807
Epoch: 4042, Loss: 5.71809196472168
Epoch: 4043, Loss: 5.718951225280762
Epoch: 4044, Loss: 5.717618465423584
Epoch: 4045, Loss: 5.709687232971191
Epoch: 4046, Loss: 5.71662712097168
Epoch: 4047, Loss: 5.717942237854004
Epoch: 4048, Loss: 5.711496829986572
Epoch: 4049, Loss: 5.728972434997559
./circuit_plots/Unrestricted Disentangled|Readout|CN=3|B0=3|B1=3|K=1280|L=320|p_B=0.75|p_C=0.75|B=2|eps=0|c5cf5f29-0828-4665-8316-69edf18d12bd/ already exists.
./circuit_plots/Unrestricted Disentangled|Readout|CN=3|B0=3|B1=3|K=1280|L=320|p_B=0.75|p_C=0.75|B=2|eps=0|c5cf5f29-0828-4665-8316-69edf18d12bd/ already exists.
./circuit_plots/Unrestricted Disentangled|Readout|CN=3|B0=3|B1=3|K=1280|L=320|p_B=0.75|p_C=0.75|B=2|eps=0|c5cf5f29-0828-4665-8316-69edf18d12bd/ already exists.
./circuit_plots/Unrestricted Disentangled|Readout|CN=3|B0=3|B1=3|K=1280|L=320|p_B=0.75|p_C=0.75|B=2|eps=0|c5cf5f29-0828-4665-8316-69edf18d12bd/ already exists.
./circuit_plots/Unrestricted Disentangled|Readout|CN=3|B0=3|B1=3|K=1280|L=320|p_B=0.75|p_C=0.75|B=2|eps=0|c5cf5f29-0828-4665-8316-69edf18d12bd/ already exists.
./circuit_plots/Unrestricted Disentangled|Readout|CN=3|B0=3|B1=3|K=1280|L=320|p_B=0.75|p_C=0.75|B=2|eps=0|c5cf5f29-0828-4665-8316-69edf18d12bd/ already exists.
./circuit_plots/Unrestricted Disentangled|Readout|CN=3|B0=3|B1=3|K=1280|L=320|p_B=0.75|p_C=0.75|B=2|eps=0|c5cf5f29-0828-4665-8316-69edf18d12bd/ already exists.
Epoch: 4050, Loss: 5.71892786026001
Test acc: 0.0182, IC acc: 0.0273, IC acc2: 0.0028, IW acc: 0.0026
Epoch: 4051, Loss: 5.709892272949219
Epoch: 4052, Loss: 5.7292633056640625
Epoch: 4053, Loss: 5.732124328613281
Epoch: 4054, Loss: 5.703269958496094
Epoch: 4055, Loss: 5.716002464294434
Epoch: 4056, Loss: 5.730010986328125
Epoch: 4057, Loss: 5.690263271331787
Epoch: 4058, Loss: 5.707091331481934
Epoch: 4059, Loss: 5.708370208740234
Epoch: 4060, Loss: 5.724053382873535
Test acc: 0.0182, IC acc: 0.0272, IC acc2: 0.0029, IW acc: 0.0027
Epoch: 4061, Loss: 5.734549522399902
Epoch: 4062, Loss: 5.70710563659668
Epoch: 4063, Loss: 5.718580722808838
Epoch: 4064, Loss: 5.709654808044434
Epoch: 4065, Loss: 5.712437629699707
Epoch: 4066, Loss: 5.718668460845947
Epoch: 4067, Loss: 5.710875511169434
Epoch: 4068, Loss: 5.717463970184326
Epoch: 4069, Loss: 5.732378005981445
Epoch: 4070, Loss: 5.725444316864014
Test acc: 0.0183, IC acc: 0.0274, IC acc2: 0.0029, IW acc: 0.0027
Epoch: 4071, Loss: 5.7248640060424805
Epoch: 4072, Loss: 5.7405290603637695
Epoch: 4073, Loss: 5.708580493927002
Epoch: 4074, Loss: 5.726190567016602
Epoch: 4075, Loss: 5.709198474884033
Epoch: 4076, Loss: 5.71718692779541
Epoch: 4077, Loss: 5.7163825035095215
Epoch: 4078, Loss: 5.710321426391602
Epoch: 4079, Loss: 5.726290702819824
Epoch: 4080, Loss: 5.717112064361572
Test acc: 0.0184, IC acc: 0.0274, IC acc2: 0.0028, IW acc: 0.0027
Epoch: 4081, Loss: 5.728711128234863
Epoch: 4082, Loss: 5.715215682983398
Epoch: 4083, Loss: 5.713597297668457
Epoch: 4084, Loss: 5.716824531555176
Epoch: 4085, Loss: 5.731827259063721
Epoch: 4086, Loss: 5.719040393829346
Epoch: 4087, Loss: 5.727837085723877
Epoch: 4088, Loss: 5.733969688415527
Epoch: 4089, Loss: 5.710787773132324
Epoch: 4090, Loss: 5.723940849304199
Test acc: 0.0185, IC acc: 0.0278, IC acc2: 0.0028, IW acc: 0.0027
Epoch: 4091, Loss: 5.715545654296875
Epoch: 4092, Loss: 5.730717658996582
Epoch: 4093, Loss: 5.729277610778809
Epoch: 4094, Loss: 5.718496322631836
Epoch: 4095, Loss: 5.723572254180908
Epoch: 4096, Loss: 5.716475009918213
Epoch: 4097, Loss: 5.728339195251465
Epoch: 4098, Loss: 5.730676651000977
Epoch: 4099, Loss: 5.708423614501953
./circuit_plots/Unrestricted Disentangled|Readout|CN=3|B0=3|B1=3|K=1280|L=320|p_B=0.75|p_C=0.75|B=2|eps=0|c5cf5f29-0828-4665-8316-69edf18d12bd/ already exists.
./circuit_plots/Unrestricted Disentangled|Readout|CN=3|B0=3|B1=3|K=1280|L=320|p_B=0.75|p_C=0.75|B=2|eps=0|c5cf5f29-0828-4665-8316-69edf18d12bd/ already exists.
./circuit_plots/Unrestricted Disentangled|Readout|CN=3|B0=3|B1=3|K=1280|L=320|p_B=0.75|p_C=0.75|B=2|eps=0|c5cf5f29-0828-4665-8316-69edf18d12bd/ already exists.
./circuit_plots/Unrestricted Disentangled|Readout|CN=3|B0=3|B1=3|K=1280|L=320|p_B=0.75|p_C=0.75|B=2|eps=0|c5cf5f29-0828-4665-8316-69edf18d12bd/ already exists.
./circuit_plots/Unrestricted Disentangled|Readout|CN=3|B0=3|B1=3|K=1280|L=320|p_B=0.75|p_C=0.75|B=2|eps=0|c5cf5f29-0828-4665-8316-69edf18d12bd/ already exists.
./circuit_plots/Unrestricted Disentangled|Readout|CN=3|B0=3|B1=3|K=1280|L=320|p_B=0.75|p_C=0.75|B=2|eps=0|c5cf5f29-0828-4665-8316-69edf18d12bd/ already exists.
./circuit_plots/Unrestricted Disentangled|Readout|CN=3|B0=3|B1=3|K=1280|L=320|p_B=0.75|p_C=0.75|B=2|eps=0|c5cf5f29-0828-4665-8316-69edf18d12bd/ already exists.
Epoch: 4100, Loss: 5.7175068855285645
Test acc: 0.0186, IC acc: 0.0279, IC acc2: 0.0029, IW acc: 0.0027
Epoch: 4101, Loss: 5.714473724365234
Epoch: 4102, Loss: 5.734156131744385
Epoch: 4103, Loss: 5.734730243682861
Epoch: 4104, Loss: 5.730538368225098
Epoch: 4105, Loss: 5.710935592651367
Epoch: 4106, Loss: 5.732024192810059
Epoch: 4107, Loss: 5.7273359298706055
Epoch: 4108, Loss: 5.7262678146362305
Epoch: 4109, Loss: 5.71238899230957
Epoch: 4110, Loss: 5.724603652954102
Test acc: 0.0186, IC acc: 0.0282, IC acc2: 0.0029, IW acc: 0.0027
Epoch: 4111, Loss: 5.702747821807861
Epoch: 4112, Loss: 5.708717346191406
Epoch: 4113, Loss: 5.71898078918457
Epoch: 4114, Loss: 5.737414836883545
Epoch: 4115, Loss: 5.731545448303223
Epoch: 4116, Loss: 5.7486395835876465
Epoch: 4117, Loss: 5.721140384674072
Epoch: 4118, Loss: 5.733584880828857
Epoch: 4119, Loss: 5.710373878479004
Epoch: 4120, Loss: 5.719066143035889
Test acc: 0.0185, IC acc: 0.0279, IC acc2: 0.0029, IW acc: 0.0027
Epoch: 4121, Loss: 5.715362071990967
Epoch: 4122, Loss: 5.712291717529297
Epoch: 4123, Loss: 5.7120537757873535
Epoch: 4124, Loss: 5.719353675842285
Epoch: 4125, Loss: 5.708442687988281
Epoch: 4126, Loss: 5.717135429382324
Epoch: 4127, Loss: 5.715588092803955
Epoch: 4128, Loss: 5.718200206756592
Epoch: 4129, Loss: 5.735661506652832
Epoch: 4130, Loss: 5.715843200683594
Test acc: 0.0186, IC acc: 0.0281, IC acc2: 0.0029, IW acc: 0.0027
Epoch: 4131, Loss: 5.730534553527832
Epoch: 4132, Loss: 5.721636772155762
Epoch: 4133, Loss: 5.7266526222229
Epoch: 4134, Loss: 5.717933654785156
Epoch: 4135, Loss: 5.716794967651367
Epoch: 4136, Loss: 5.720427513122559
Epoch: 4137, Loss: 5.728815078735352
Epoch: 4138, Loss: 5.711034297943115
Epoch: 4139, Loss: 5.705228328704834
Epoch: 4140, Loss: 5.718721389770508
Test acc: 0.0189, IC acc: 0.0283, IC acc2: 0.0029, IW acc: 0.0027
Epoch: 4141, Loss: 5.718182563781738
Epoch: 4142, Loss: 5.726439952850342
Epoch: 4143, Loss: 5.728777885437012
Epoch: 4144, Loss: 5.702576160430908
Epoch: 4145, Loss: 5.718882083892822
Epoch: 4146, Loss: 5.7062883377075195
Epoch: 4147, Loss: 5.728096961975098
Epoch: 4148, Loss: 5.713706016540527
Epoch: 4149, Loss: 5.724289894104004
./circuit_plots/Unrestricted Disentangled|Readout|CN=3|B0=3|B1=3|K=1280|L=320|p_B=0.75|p_C=0.75|B=2|eps=0|c5cf5f29-0828-4665-8316-69edf18d12bd/ already exists.
./circuit_plots/Unrestricted Disentangled|Readout|CN=3|B0=3|B1=3|K=1280|L=320|p_B=0.75|p_C=0.75|B=2|eps=0|c5cf5f29-0828-4665-8316-69edf18d12bd/ already exists.
./circuit_plots/Unrestricted Disentangled|Readout|CN=3|B0=3|B1=3|K=1280|L=320|p_B=0.75|p_C=0.75|B=2|eps=0|c5cf5f29-0828-4665-8316-69edf18d12bd/ already exists.
./circuit_plots/Unrestricted Disentangled|Readout|CN=3|B0=3|B1=3|K=1280|L=320|p_B=0.75|p_C=0.75|B=2|eps=0|c5cf5f29-0828-4665-8316-69edf18d12bd/ already exists.
./circuit_plots/Unrestricted Disentangled|Readout|CN=3|B0=3|B1=3|K=1280|L=320|p_B=0.75|p_C=0.75|B=2|eps=0|c5cf5f29-0828-4665-8316-69edf18d12bd/ already exists.
./circuit_plots/Unrestricted Disentangled|Readout|CN=3|B0=3|B1=3|K=1280|L=320|p_B=0.75|p_C=0.75|B=2|eps=0|c5cf5f29-0828-4665-8316-69edf18d12bd/ already exists.
./circuit_plots/Unrestricted Disentangled|Readout|CN=3|B0=3|B1=3|K=1280|L=320|p_B=0.75|p_C=0.75|B=2|eps=0|c5cf5f29-0828-4665-8316-69edf18d12bd/ already exists.
Epoch: 4150, Loss: 5.733156204223633
Test acc: 0.0192, IC acc: 0.0283, IC acc2: 0.0029, IW acc: 0.0027
Epoch: 4151, Loss: 5.729259490966797
Epoch: 4152, Loss: 5.711559772491455
Epoch: 4153, Loss: 5.7361626625061035
Epoch: 4154, Loss: 5.702877998352051
Epoch: 4155, Loss: 5.721721649169922
Epoch: 4156, Loss: 5.704751968383789
Epoch: 4157, Loss: 5.730087757110596
Epoch: 4158, Loss: 5.708603858947754
Epoch: 4159, Loss: 5.715000152587891
Epoch: 4160, Loss: 5.7236433029174805
Test acc: 0.0193, IC acc: 0.0285, IC acc2: 0.0029, IW acc: 0.0027
Epoch: 4161, Loss: 5.711676597595215
Epoch: 4162, Loss: 5.726685523986816
Epoch: 4163, Loss: 5.727209568023682
Epoch: 4164, Loss: 5.708356857299805
Epoch: 4165, Loss: 5.707353591918945
Epoch: 4166, Loss: 5.707563400268555
Epoch: 4167, Loss: 5.712891578674316
Epoch: 4168, Loss: 5.734236240386963
Epoch: 4169, Loss: 5.71891975402832
Epoch: 4170, Loss: 5.723668575286865
Test acc: 0.0195, IC acc: 0.0287, IC acc2: 0.0029, IW acc: 0.0027
Epoch: 4171, Loss: 5.741184234619141
Epoch: 4172, Loss: 5.721549987792969
Epoch: 4173, Loss: 5.7021589279174805
Epoch: 4174, Loss: 5.741954803466797
Epoch: 4175, Loss: 5.716397285461426
Epoch: 4176, Loss: 5.717729568481445
Epoch: 4177, Loss: 5.724864482879639
Epoch: 4178, Loss: 5.726347923278809
Epoch: 4179, Loss: 5.7219438552856445
Epoch: 4180, Loss: 5.709914207458496
Test acc: 0.0195, IC acc: 0.029, IC acc2: 0.0029, IW acc: 0.0027
Epoch: 4181, Loss: 5.725566864013672
Epoch: 4182, Loss: 5.723516941070557
Epoch: 4183, Loss: 5.713368892669678
Epoch: 4184, Loss: 5.731926918029785
Epoch: 4185, Loss: 5.726104259490967
Epoch: 4186, Loss: 5.703754425048828
Epoch: 4187, Loss: 5.730412483215332
Epoch: 4188, Loss: 5.7029852867126465
Epoch: 4189, Loss: 5.735561370849609
Epoch: 4190, Loss: 5.715865135192871
Test acc: 0.0195, IC acc: 0.029, IC acc2: 0.0029, IW acc: 0.0027
Epoch: 4191, Loss: 5.71073055267334
Epoch: 4192, Loss: 5.716834545135498
Epoch: 4193, Loss: 5.709064483642578
Epoch: 4194, Loss: 5.727108955383301
Epoch: 4195, Loss: 5.7173614501953125
Epoch: 4196, Loss: 5.720038890838623
Epoch: 4197, Loss: 5.699963569641113
Epoch: 4198, Loss: 5.708628177642822
Epoch: 4199, Loss: 5.706815719604492
./circuit_plots/Unrestricted Disentangled|Readout|CN=3|B0=3|B1=3|K=1280|L=320|p_B=0.75|p_C=0.75|B=2|eps=0|c5cf5f29-0828-4665-8316-69edf18d12bd/ already exists.
./circuit_plots/Unrestricted Disentangled|Readout|CN=3|B0=3|B1=3|K=1280|L=320|p_B=0.75|p_C=0.75|B=2|eps=0|c5cf5f29-0828-4665-8316-69edf18d12bd/ already exists.
./circuit_plots/Unrestricted Disentangled|Readout|CN=3|B0=3|B1=3|K=1280|L=320|p_B=0.75|p_C=0.75|B=2|eps=0|c5cf5f29-0828-4665-8316-69edf18d12bd/ already exists.
./circuit_plots/Unrestricted Disentangled|Readout|CN=3|B0=3|B1=3|K=1280|L=320|p_B=0.75|p_C=0.75|B=2|eps=0|c5cf5f29-0828-4665-8316-69edf18d12bd/ already exists.
./circuit_plots/Unrestricted Disentangled|Readout|CN=3|B0=3|B1=3|K=1280|L=320|p_B=0.75|p_C=0.75|B=2|eps=0|c5cf5f29-0828-4665-8316-69edf18d12bd/ already exists.
./circuit_plots/Unrestricted Disentangled|Readout|CN=3|B0=3|B1=3|K=1280|L=320|p_B=0.75|p_C=0.75|B=2|eps=0|c5cf5f29-0828-4665-8316-69edf18d12bd/ already exists.
./circuit_plots/Unrestricted Disentangled|Readout|CN=3|B0=3|B1=3|K=1280|L=320|p_B=0.75|p_C=0.75|B=2|eps=0|c5cf5f29-0828-4665-8316-69edf18d12bd/ already exists.
Epoch: 4200, Loss: 5.717336654663086
Test acc: 0.0198, IC acc: 0.0291, IC acc2: 0.0029, IW acc: 0.0027
Epoch: 4201, Loss: 5.726619243621826
Epoch: 4202, Loss: 5.712497711181641
Epoch: 4203, Loss: 5.680990219116211
Epoch: 4204, Loss: 5.704910755157471
Epoch: 4205, Loss: 5.712881088256836
Epoch: 4206, Loss: 5.695614814758301
Epoch: 4207, Loss: 5.6970720291137695
Epoch: 4208, Loss: 5.7308220863342285
Epoch: 4209, Loss: 5.732375144958496
Epoch: 4210, Loss: 5.718864440917969
Test acc: 0.0199, IC acc: 0.0291, IC acc2: 0.0029, IW acc: 0.0027
Epoch: 4211, Loss: 5.727190017700195
Epoch: 4212, Loss: 5.710588455200195
Epoch: 4213, Loss: 5.715672492980957
Epoch: 4214, Loss: 5.695331573486328
Epoch: 4215, Loss: 5.700595855712891
Epoch: 4216, Loss: 5.70098352432251
Epoch: 4217, Loss: 5.7102789878845215
Epoch: 4218, Loss: 5.72236442565918
Epoch: 4219, Loss: 5.711540222167969
Epoch: 4220, Loss: 5.712429046630859
Test acc: 0.0203, IC acc: 0.0292, IC acc2: 0.0029, IW acc: 0.0029
Epoch: 4221, Loss: 5.71286678314209
Epoch: 4222, Loss: 5.704789161682129
Epoch: 4223, Loss: 5.703968048095703
Epoch: 4224, Loss: 5.687004089355469
Epoch: 4225, Loss: 5.707019805908203
Epoch: 4226, Loss: 5.723084449768066
Epoch: 4227, Loss: 5.720495700836182
Epoch: 4228, Loss: 5.720511436462402
Epoch: 4229, Loss: 5.721083641052246
Epoch: 4230, Loss: 5.703302383422852
Test acc: 0.0202, IC acc: 0.0294, IC acc2: 0.0029, IW acc: 0.003
Epoch: 4231, Loss: 5.715264320373535
Epoch: 4232, Loss: 5.708159923553467
Epoch: 4233, Loss: 5.723339080810547
Epoch: 4234, Loss: 5.725481033325195
Epoch: 4235, Loss: 5.730329513549805
Epoch: 4236, Loss: 5.735457420349121
Epoch: 4237, Loss: 5.728164196014404
Epoch: 4238, Loss: 5.710433006286621
Epoch: 4239, Loss: 5.701198577880859
Epoch: 4240, Loss: 5.719871997833252
Test acc: 0.0202, IC acc: 0.0294, IC acc2: 0.0029, IW acc: 0.0029
Epoch: 4241, Loss: 5.716124534606934
Epoch: 4242, Loss: 5.712707996368408
Epoch: 4243, Loss: 5.711315155029297
Epoch: 4244, Loss: 5.713120937347412
Epoch: 4245, Loss: 5.713581562042236
Epoch: 4246, Loss: 5.721656799316406
Epoch: 4247, Loss: 5.728473663330078
Epoch: 4248, Loss: 5.709414482116699
Epoch: 4249, Loss: 5.711753845214844
./circuit_plots/Unrestricted Disentangled|Readout|CN=3|B0=3|B1=3|K=1280|L=320|p_B=0.75|p_C=0.75|B=2|eps=0|c5cf5f29-0828-4665-8316-69edf18d12bd/ already exists.
./circuit_plots/Unrestricted Disentangled|Readout|CN=3|B0=3|B1=3|K=1280|L=320|p_B=0.75|p_C=0.75|B=2|eps=0|c5cf5f29-0828-4665-8316-69edf18d12bd/ already exists.
./circuit_plots/Unrestricted Disentangled|Readout|CN=3|B0=3|B1=3|K=1280|L=320|p_B=0.75|p_C=0.75|B=2|eps=0|c5cf5f29-0828-4665-8316-69edf18d12bd/ already exists.
./circuit_plots/Unrestricted Disentangled|Readout|CN=3|B0=3|B1=3|K=1280|L=320|p_B=0.75|p_C=0.75|B=2|eps=0|c5cf5f29-0828-4665-8316-69edf18d12bd/ already exists.
./circuit_plots/Unrestricted Disentangled|Readout|CN=3|B0=3|B1=3|K=1280|L=320|p_B=0.75|p_C=0.75|B=2|eps=0|c5cf5f29-0828-4665-8316-69edf18d12bd/ already exists.
./circuit_plots/Unrestricted Disentangled|Readout|CN=3|B0=3|B1=3|K=1280|L=320|p_B=0.75|p_C=0.75|B=2|eps=0|c5cf5f29-0828-4665-8316-69edf18d12bd/ already exists.
./circuit_plots/Unrestricted Disentangled|Readout|CN=3|B0=3|B1=3|K=1280|L=320|p_B=0.75|p_C=0.75|B=2|eps=0|c5cf5f29-0828-4665-8316-69edf18d12bd/ already exists.
Epoch: 4250, Loss: 5.7049479484558105
Test acc: 0.0202, IC acc: 0.0294, IC acc2: 0.0028, IW acc: 0.0029
Epoch: 4251, Loss: 5.699963092803955
Epoch: 4252, Loss: 5.7212724685668945
Epoch: 4253, Loss: 5.723018646240234
Epoch: 4254, Loss: 5.734250068664551
Epoch: 4255, Loss: 5.723569869995117
Epoch: 4256, Loss: 5.704554080963135
Epoch: 4257, Loss: 5.72406005859375
Epoch: 4258, Loss: 5.714728832244873
Epoch: 4259, Loss: 5.706638336181641
Epoch: 4260, Loss: 5.715946197509766
Test acc: 0.0202, IC acc: 0.0295, IC acc2: 0.0028, IW acc: 0.0029
Epoch: 4261, Loss: 5.712193489074707
Epoch: 4262, Loss: 5.72175407409668
Epoch: 4263, Loss: 5.729142189025879
Epoch: 4264, Loss: 5.722187519073486
Epoch: 4265, Loss: 5.726889610290527
Epoch: 4266, Loss: 5.711677551269531
Epoch: 4267, Loss: 5.720220565795898
Epoch: 4268, Loss: 5.704211235046387
Epoch: 4269, Loss: 5.721410274505615
Epoch: 4270, Loss: 5.705631256103516
Test acc: 0.0203, IC acc: 0.0296, IC acc2: 0.0028, IW acc: 0.0029
Epoch: 4271, Loss: 5.725908279418945
Epoch: 4272, Loss: 5.716583251953125
Epoch: 4273, Loss: 5.7236409187316895
Epoch: 4274, Loss: 5.713327884674072
Epoch: 4275, Loss: 5.72481107711792
Epoch: 4276, Loss: 5.7072248458862305
Epoch: 4277, Loss: 5.7174177169799805
Epoch: 4278, Loss: 5.704799652099609
Epoch: 4279, Loss: 5.707998275756836
Epoch: 4280, Loss: 5.704090118408203
Test acc: 0.0205, IC acc: 0.0299, IC acc2: 0.0028, IW acc: 0.0029
Epoch: 4281, Loss: 5.713535785675049
Epoch: 4282, Loss: 5.726021766662598
Epoch: 4283, Loss: 5.7256879806518555
Epoch: 4284, Loss: 5.723657608032227
Epoch: 4285, Loss: 5.711421012878418
Epoch: 4286, Loss: 5.715489387512207
Epoch: 4287, Loss: 5.71427059173584
Epoch: 4288, Loss: 5.712455749511719
Epoch: 4289, Loss: 5.712047100067139
Epoch: 4290, Loss: 5.715166091918945
Test acc: 0.0203, IC acc: 0.0301, IC acc2: 0.0028, IW acc: 0.0028
Epoch: 4291, Loss: 5.723544120788574
Epoch: 4292, Loss: 5.726562976837158
Epoch: 4293, Loss: 5.7103986740112305
Epoch: 4294, Loss: 5.696797847747803
Epoch: 4295, Loss: 5.71466588973999
Epoch: 4296, Loss: 5.710282802581787
Epoch: 4297, Loss: 5.704241752624512
Epoch: 4298, Loss: 5.721121311187744
Epoch: 4299, Loss: 5.726982593536377
./circuit_plots/Unrestricted Disentangled|Readout|CN=3|B0=3|B1=3|K=1280|L=320|p_B=0.75|p_C=0.75|B=2|eps=0|c5cf5f29-0828-4665-8316-69edf18d12bd/ already exists.
./circuit_plots/Unrestricted Disentangled|Readout|CN=3|B0=3|B1=3|K=1280|L=320|p_B=0.75|p_C=0.75|B=2|eps=0|c5cf5f29-0828-4665-8316-69edf18d12bd/ already exists.
./circuit_plots/Unrestricted Disentangled|Readout|CN=3|B0=3|B1=3|K=1280|L=320|p_B=0.75|p_C=0.75|B=2|eps=0|c5cf5f29-0828-4665-8316-69edf18d12bd/ already exists.
./circuit_plots/Unrestricted Disentangled|Readout|CN=3|B0=3|B1=3|K=1280|L=320|p_B=0.75|p_C=0.75|B=2|eps=0|c5cf5f29-0828-4665-8316-69edf18d12bd/ already exists.
./circuit_plots/Unrestricted Disentangled|Readout|CN=3|B0=3|B1=3|K=1280|L=320|p_B=0.75|p_C=0.75|B=2|eps=0|c5cf5f29-0828-4665-8316-69edf18d12bd/ already exists.
./circuit_plots/Unrestricted Disentangled|Readout|CN=3|B0=3|B1=3|K=1280|L=320|p_B=0.75|p_C=0.75|B=2|eps=0|c5cf5f29-0828-4665-8316-69edf18d12bd/ already exists.
./circuit_plots/Unrestricted Disentangled|Readout|CN=3|B0=3|B1=3|K=1280|L=320|p_B=0.75|p_C=0.75|B=2|eps=0|c5cf5f29-0828-4665-8316-69edf18d12bd/ already exists.
Epoch: 4300, Loss: 5.711885452270508
Test acc: 0.0204, IC acc: 0.0301, IC acc2: 0.0028, IW acc: 0.0028
Epoch: 4301, Loss: 5.721098899841309
Epoch: 4302, Loss: 5.72139835357666
Epoch: 4303, Loss: 5.717031478881836
Epoch: 4304, Loss: 5.725946426391602
Epoch: 4305, Loss: 5.707982540130615
Epoch: 4306, Loss: 5.707846641540527
Epoch: 4307, Loss: 5.724674224853516
Epoch: 4308, Loss: 5.690972805023193
Epoch: 4309, Loss: 5.718705177307129
Epoch: 4310, Loss: 5.731433868408203
Test acc: 0.0204, IC acc: 0.0301, IC acc2: 0.0028, IW acc: 0.0029
Epoch: 4311, Loss: 5.7274274826049805
Epoch: 4312, Loss: 5.7010698318481445
Epoch: 4313, Loss: 5.7238945960998535
Epoch: 4314, Loss: 5.7070817947387695
Epoch: 4315, Loss: 5.709249496459961
Epoch: 4316, Loss: 5.712389945983887
Epoch: 4317, Loss: 5.72212028503418
Epoch: 4318, Loss: 5.733763694763184
Epoch: 4319, Loss: 5.722103118896484
Epoch: 4320, Loss: 5.714779853820801
Test acc: 0.0204, IC acc: 0.0301, IC acc2: 0.0028, IW acc: 0.0029
Epoch: 4321, Loss: 5.711844444274902
Epoch: 4322, Loss: 5.706847190856934
Epoch: 4323, Loss: 5.7262115478515625
Epoch: 4324, Loss: 5.722937107086182
Epoch: 4325, Loss: 5.695805549621582
Epoch: 4326, Loss: 5.7074875831604
Epoch: 4327, Loss: 5.720393180847168
Epoch: 4328, Loss: 5.737821578979492
Epoch: 4329, Loss: 5.735759735107422
Epoch: 4330, Loss: 5.727849960327148
Test acc: 0.0204, IC acc: 0.0305, IC acc2: 0.0028, IW acc: 0.0029
Epoch: 4331, Loss: 5.714984893798828
Epoch: 4332, Loss: 5.718143939971924
Epoch: 4333, Loss: 5.718040466308594
Epoch: 4334, Loss: 5.722118377685547
Epoch: 4335, Loss: 5.718199729919434
Epoch: 4336, Loss: 5.7146220207214355
Epoch: 4337, Loss: 5.719987869262695
Epoch: 4338, Loss: 5.715442180633545
Epoch: 4339, Loss: 5.713407516479492
Epoch: 4340, Loss: 5.708422660827637
Test acc: 0.0204, IC acc: 0.0305, IC acc2: 0.0028, IW acc: 0.0029
Epoch: 4341, Loss: 5.694485187530518
Epoch: 4342, Loss: 5.712095737457275
Epoch: 4343, Loss: 5.712255001068115
Epoch: 4344, Loss: 5.717912673950195
Epoch: 4345, Loss: 5.713073253631592
Epoch: 4346, Loss: 5.712281227111816
Epoch: 4347, Loss: 5.7126569747924805
Epoch: 4348, Loss: 5.716779708862305
Epoch: 4349, Loss: 5.732333183288574
./circuit_plots/Unrestricted Disentangled|Readout|CN=3|B0=3|B1=3|K=1280|L=320|p_B=0.75|p_C=0.75|B=2|eps=0|c5cf5f29-0828-4665-8316-69edf18d12bd/ already exists.
./circuit_plots/Unrestricted Disentangled|Readout|CN=3|B0=3|B1=3|K=1280|L=320|p_B=0.75|p_C=0.75|B=2|eps=0|c5cf5f29-0828-4665-8316-69edf18d12bd/ already exists.
./circuit_plots/Unrestricted Disentangled|Readout|CN=3|B0=3|B1=3|K=1280|L=320|p_B=0.75|p_C=0.75|B=2|eps=0|c5cf5f29-0828-4665-8316-69edf18d12bd/ already exists.
./circuit_plots/Unrestricted Disentangled|Readout|CN=3|B0=3|B1=3|K=1280|L=320|p_B=0.75|p_C=0.75|B=2|eps=0|c5cf5f29-0828-4665-8316-69edf18d12bd/ already exists.
./circuit_plots/Unrestricted Disentangled|Readout|CN=3|B0=3|B1=3|K=1280|L=320|p_B=0.75|p_C=0.75|B=2|eps=0|c5cf5f29-0828-4665-8316-69edf18d12bd/ already exists.
./circuit_plots/Unrestricted Disentangled|Readout|CN=3|B0=3|B1=3|K=1280|L=320|p_B=0.75|p_C=0.75|B=2|eps=0|c5cf5f29-0828-4665-8316-69edf18d12bd/ already exists.
./circuit_plots/Unrestricted Disentangled|Readout|CN=3|B0=3|B1=3|K=1280|L=320|p_B=0.75|p_C=0.75|B=2|eps=0|c5cf5f29-0828-4665-8316-69edf18d12bd/ already exists.
Epoch: 4350, Loss: 5.723858833312988
Test acc: 0.0204, IC acc: 0.0306, IC acc2: 0.0028, IW acc: 0.0029
Epoch: 4351, Loss: 5.724091529846191
Epoch: 4352, Loss: 5.72385311126709
Epoch: 4353, Loss: 5.7012410163879395
Epoch: 4354, Loss: 5.713557243347168
Epoch: 4355, Loss: 5.690895080566406
Epoch: 4356, Loss: 5.716074466705322
Epoch: 4357, Loss: 5.723409652709961
Epoch: 4358, Loss: 5.70266056060791
Epoch: 4359, Loss: 5.727823257446289
Epoch: 4360, Loss: 5.726078033447266
Test acc: 0.0204, IC acc: 0.0307, IC acc2: 0.0029, IW acc: 0.0029
Epoch: 4361, Loss: 5.725935935974121
Epoch: 4362, Loss: 5.715810775756836
Epoch: 4363, Loss: 5.728711128234863
Epoch: 4364, Loss: 5.709516525268555
Epoch: 4365, Loss: 5.729194641113281
Epoch: 4366, Loss: 5.702227592468262
Epoch: 4367, Loss: 5.705776214599609
Epoch: 4368, Loss: 5.708589553833008
Epoch: 4369, Loss: 5.734704971313477
Epoch: 4370, Loss: 5.705380439758301
Test acc: 0.0204, IC acc: 0.0308, IC acc2: 0.0028, IW acc: 0.0029
Epoch: 4371, Loss: 5.6994099617004395
Epoch: 4372, Loss: 5.72125244140625
Epoch: 4373, Loss: 5.68792200088501
Epoch: 4374, Loss: 5.7199225425720215
Epoch: 4375, Loss: 5.717129707336426
Epoch: 4376, Loss: 5.724096775054932
Epoch: 4377, Loss: 5.716305732727051
Epoch: 4378, Loss: 5.696382522583008
Epoch: 4379, Loss: 5.710455894470215
Epoch: 4380, Loss: 5.729159355163574
Test acc: 0.0207, IC acc: 0.031, IC acc2: 0.0028, IW acc: 0.0029
Epoch: 4381, Loss: 5.711191177368164
Epoch: 4382, Loss: 5.699690818786621
Epoch: 4383, Loss: 5.7349748611450195
Epoch: 4384, Loss: 5.712331771850586
Epoch: 4385, Loss: 5.727231025695801
Epoch: 4386, Loss: 5.708145618438721
Epoch: 4387, Loss: 5.713459014892578
Epoch: 4388, Loss: 5.712687969207764
Epoch: 4389, Loss: 5.723609924316406
Epoch: 4390, Loss: 5.710404396057129
Test acc: 0.0208, IC acc: 0.0312, IC acc2: 0.0028, IW acc: 0.0029
Epoch: 4391, Loss: 5.725184440612793
Epoch: 4392, Loss: 5.720969200134277
Epoch: 4393, Loss: 5.700604438781738
Epoch: 4394, Loss: 5.716535568237305
Epoch: 4395, Loss: 5.710702419281006
Epoch: 4396, Loss: 5.721036911010742
Epoch: 4397, Loss: 5.715614318847656
Epoch: 4398, Loss: 5.7192487716674805
Epoch: 4399, Loss: 5.697639465332031
./circuit_plots/Unrestricted Disentangled|Readout|CN=3|B0=3|B1=3|K=1280|L=320|p_B=0.75|p_C=0.75|B=2|eps=0|c5cf5f29-0828-4665-8316-69edf18d12bd/ already exists.
./circuit_plots/Unrestricted Disentangled|Readout|CN=3|B0=3|B1=3|K=1280|L=320|p_B=0.75|p_C=0.75|B=2|eps=0|c5cf5f29-0828-4665-8316-69edf18d12bd/ already exists.
./circuit_plots/Unrestricted Disentangled|Readout|CN=3|B0=3|B1=3|K=1280|L=320|p_B=0.75|p_C=0.75|B=2|eps=0|c5cf5f29-0828-4665-8316-69edf18d12bd/ already exists.
./circuit_plots/Unrestricted Disentangled|Readout|CN=3|B0=3|B1=3|K=1280|L=320|p_B=0.75|p_C=0.75|B=2|eps=0|c5cf5f29-0828-4665-8316-69edf18d12bd/ already exists.
./circuit_plots/Unrestricted Disentangled|Readout|CN=3|B0=3|B1=3|K=1280|L=320|p_B=0.75|p_C=0.75|B=2|eps=0|c5cf5f29-0828-4665-8316-69edf18d12bd/ already exists.
./circuit_plots/Unrestricted Disentangled|Readout|CN=3|B0=3|B1=3|K=1280|L=320|p_B=0.75|p_C=0.75|B=2|eps=0|c5cf5f29-0828-4665-8316-69edf18d12bd/ already exists.
./circuit_plots/Unrestricted Disentangled|Readout|CN=3|B0=3|B1=3|K=1280|L=320|p_B=0.75|p_C=0.75|B=2|eps=0|c5cf5f29-0828-4665-8316-69edf18d12bd/ already exists.
Epoch: 4400, Loss: 5.727311134338379
Test acc: 0.0207, IC acc: 0.0313, IC acc2: 0.0029, IW acc: 0.0029
Epoch: 4401, Loss: 5.721279144287109
Epoch: 4402, Loss: 5.7055253982543945
Epoch: 4403, Loss: 5.700132369995117
Epoch: 4404, Loss: 5.722423553466797
Epoch: 4405, Loss: 5.716303825378418
Epoch: 4406, Loss: 5.71336555480957
Epoch: 4407, Loss: 5.709552764892578
Epoch: 4408, Loss: 5.703401565551758
Epoch: 4409, Loss: 5.69545316696167
Epoch: 4410, Loss: 5.710227012634277
Test acc: 0.0207, IC acc: 0.0314, IC acc2: 0.0029, IW acc: 0.0029
Epoch: 4411, Loss: 5.717768669128418
Epoch: 4412, Loss: 5.699858665466309
Epoch: 4413, Loss: 5.700995445251465
Epoch: 4414, Loss: 5.711073875427246
Epoch: 4415, Loss: 5.739857196807861
Epoch: 4416, Loss: 5.701101303100586
Epoch: 4417, Loss: 5.713840484619141
Epoch: 4418, Loss: 5.705352306365967
Epoch: 4419, Loss: 5.7186689376831055
Epoch: 4420, Loss: 5.70762825012207
Test acc: 0.0207, IC acc: 0.0315, IC acc2: 0.0029, IW acc: 0.0029
Epoch: 4421, Loss: 5.698698043823242
Epoch: 4422, Loss: 5.704531669616699
Epoch: 4423, Loss: 5.722714424133301
Epoch: 4424, Loss: 5.722162246704102
Epoch: 4425, Loss: 5.729542255401611
Epoch: 4426, Loss: 5.701595306396484
Epoch: 4427, Loss: 5.700019359588623
Epoch: 4428, Loss: 5.70797872543335
Epoch: 4429, Loss: 5.719235897064209
Epoch: 4430, Loss: 5.718409538269043
Test acc: 0.021, IC acc: 0.0317, IC acc2: 0.0028, IW acc: 0.0029
Epoch: 4431, Loss: 5.712827682495117
Epoch: 4432, Loss: 5.7267866134643555
Epoch: 4433, Loss: 5.710312366485596
Epoch: 4434, Loss: 5.713250160217285
Epoch: 4435, Loss: 5.718616962432861
Epoch: 4436, Loss: 5.701740264892578
Epoch: 4437, Loss: 5.698326110839844
Epoch: 4438, Loss: 5.730618953704834
Epoch: 4439, Loss: 5.729109764099121
Epoch: 4440, Loss: 5.7047648429870605
Test acc: 0.021, IC acc: 0.0317, IC acc2: 0.0029, IW acc: 0.0029
Epoch: 4441, Loss: 5.714426040649414
Epoch: 4442, Loss: 5.711184501647949
Epoch: 4443, Loss: 5.7182230949401855
Epoch: 4444, Loss: 5.715445041656494
Epoch: 4445, Loss: 5.70186710357666
Epoch: 4446, Loss: 5.721902370452881
Epoch: 4447, Loss: 5.736213684082031
Epoch: 4448, Loss: 5.703049659729004
Epoch: 4449, Loss: 5.696417808532715
./circuit_plots/Unrestricted Disentangled|Readout|CN=3|B0=3|B1=3|K=1280|L=320|p_B=0.75|p_C=0.75|B=2|eps=0|c5cf5f29-0828-4665-8316-69edf18d12bd/ already exists.
./circuit_plots/Unrestricted Disentangled|Readout|CN=3|B0=3|B1=3|K=1280|L=320|p_B=0.75|p_C=0.75|B=2|eps=0|c5cf5f29-0828-4665-8316-69edf18d12bd/ already exists.
./circuit_plots/Unrestricted Disentangled|Readout|CN=3|B0=3|B1=3|K=1280|L=320|p_B=0.75|p_C=0.75|B=2|eps=0|c5cf5f29-0828-4665-8316-69edf18d12bd/ already exists.
./circuit_plots/Unrestricted Disentangled|Readout|CN=3|B0=3|B1=3|K=1280|L=320|p_B=0.75|p_C=0.75|B=2|eps=0|c5cf5f29-0828-4665-8316-69edf18d12bd/ already exists.
./circuit_plots/Unrestricted Disentangled|Readout|CN=3|B0=3|B1=3|K=1280|L=320|p_B=0.75|p_C=0.75|B=2|eps=0|c5cf5f29-0828-4665-8316-69edf18d12bd/ already exists.
./circuit_plots/Unrestricted Disentangled|Readout|CN=3|B0=3|B1=3|K=1280|L=320|p_B=0.75|p_C=0.75|B=2|eps=0|c5cf5f29-0828-4665-8316-69edf18d12bd/ already exists.
./circuit_plots/Unrestricted Disentangled|Readout|CN=3|B0=3|B1=3|K=1280|L=320|p_B=0.75|p_C=0.75|B=2|eps=0|c5cf5f29-0828-4665-8316-69edf18d12bd/ already exists.
Epoch: 4450, Loss: 5.706854820251465
Test acc: 0.0211, IC acc: 0.0318, IC acc2: 0.0029, IW acc: 0.0029
Epoch: 4451, Loss: 5.72243595123291
Epoch: 4452, Loss: 5.7209014892578125
Epoch: 4453, Loss: 5.720739841461182
Epoch: 4454, Loss: 5.710515975952148
Epoch: 4455, Loss: 5.7069854736328125
Epoch: 4456, Loss: 5.704766273498535
Epoch: 4457, Loss: 5.712009429931641
Epoch: 4458, Loss: 5.699711322784424
Epoch: 4459, Loss: 5.717617034912109
Epoch: 4460, Loss: 5.723670959472656
Test acc: 0.0213, IC acc: 0.0318, IC acc2: 0.0029, IW acc: 0.0029
Epoch: 4461, Loss: 5.700282096862793
Epoch: 4462, Loss: 5.720142841339111
Epoch: 4463, Loss: 5.7132344245910645
Epoch: 4464, Loss: 5.716547966003418
Epoch: 4465, Loss: 5.714792251586914
Epoch: 4466, Loss: 5.734899997711182
Epoch: 4467, Loss: 5.720118045806885
Epoch: 4468, Loss: 5.711044788360596
Epoch: 4469, Loss: 5.703910827636719
Epoch: 4470, Loss: 5.722352981567383
Test acc: 0.0211, IC acc: 0.0321, IC acc2: 0.0029, IW acc: 0.0029
Epoch: 4471, Loss: 5.7109551429748535
Epoch: 4472, Loss: 5.7041215896606445
Epoch: 4473, Loss: 5.712857246398926
Epoch: 4474, Loss: 5.7002363204956055
Epoch: 4475, Loss: 5.6985673904418945
Epoch: 4476, Loss: 5.723568439483643
Epoch: 4477, Loss: 5.698511123657227
Epoch: 4478, Loss: 5.7224931716918945
Epoch: 4479, Loss: 5.726166725158691
Epoch: 4480, Loss: 5.703281402587891
Test acc: 0.0214, IC acc: 0.0322, IC acc2: 0.0029, IW acc: 0.0029
Epoch: 4481, Loss: 5.740410804748535
Epoch: 4482, Loss: 5.702795028686523
Epoch: 4483, Loss: 5.723709583282471
Epoch: 4484, Loss: 5.713611602783203
Epoch: 4485, Loss: 5.710700035095215
Epoch: 4486, Loss: 5.70305871963501
Epoch: 4487, Loss: 5.696743965148926
Epoch: 4488, Loss: 5.732789993286133
Epoch: 4489, Loss: 5.721312522888184
Epoch: 4490, Loss: 5.710190773010254
Test acc: 0.0216, IC acc: 0.0323, IC acc2: 0.0029, IW acc: 0.0029
Epoch: 4491, Loss: 5.7249603271484375
Epoch: 4492, Loss: 5.719845771789551
Epoch: 4493, Loss: 5.71878719329834
Epoch: 4494, Loss: 5.714735984802246
Epoch: 4495, Loss: 5.716411590576172
Epoch: 4496, Loss: 5.698101043701172
Epoch: 4497, Loss: 5.714056015014648
Epoch: 4498, Loss: 5.714960098266602
Epoch: 4499, Loss: 5.714034557342529
./circuit_plots/Unrestricted Disentangled|Readout|CN=3|B0=3|B1=3|K=1280|L=320|p_B=0.75|p_C=0.75|B=2|eps=0|c5cf5f29-0828-4665-8316-69edf18d12bd/ already exists.
./circuit_plots/Unrestricted Disentangled|Readout|CN=3|B0=3|B1=3|K=1280|L=320|p_B=0.75|p_C=0.75|B=2|eps=0|c5cf5f29-0828-4665-8316-69edf18d12bd/ already exists.
./circuit_plots/Unrestricted Disentangled|Readout|CN=3|B0=3|B1=3|K=1280|L=320|p_B=0.75|p_C=0.75|B=2|eps=0|c5cf5f29-0828-4665-8316-69edf18d12bd/ already exists.
./circuit_plots/Unrestricted Disentangled|Readout|CN=3|B0=3|B1=3|K=1280|L=320|p_B=0.75|p_C=0.75|B=2|eps=0|c5cf5f29-0828-4665-8316-69edf18d12bd/ already exists.
./circuit_plots/Unrestricted Disentangled|Readout|CN=3|B0=3|B1=3|K=1280|L=320|p_B=0.75|p_C=0.75|B=2|eps=0|c5cf5f29-0828-4665-8316-69edf18d12bd/ already exists.
./circuit_plots/Unrestricted Disentangled|Readout|CN=3|B0=3|B1=3|K=1280|L=320|p_B=0.75|p_C=0.75|B=2|eps=0|c5cf5f29-0828-4665-8316-69edf18d12bd/ already exists.
./circuit_plots/Unrestricted Disentangled|Readout|CN=3|B0=3|B1=3|K=1280|L=320|p_B=0.75|p_C=0.75|B=2|eps=0|c5cf5f29-0828-4665-8316-69edf18d12bd/ already exists.
Epoch: 4500, Loss: 5.725678443908691
Test acc: 0.0217, IC acc: 0.0323, IC acc2: 0.0029, IW acc: 0.0029
Epoch: 4501, Loss: 5.7189435958862305
Epoch: 4502, Loss: 5.715155601501465
Epoch: 4503, Loss: 5.723527908325195
Epoch: 4504, Loss: 5.701959609985352
Epoch: 4505, Loss: 5.715445518493652
Epoch: 4506, Loss: 5.714745998382568
Epoch: 4507, Loss: 5.696802616119385
Epoch: 4508, Loss: 5.732621192932129
Epoch: 4509, Loss: 5.698347091674805
Epoch: 4510, Loss: 5.709500312805176
Test acc: 0.0217, IC acc: 0.0326, IC acc2: 0.0029, IW acc: 0.0029
Epoch: 4511, Loss: 5.704770088195801
Epoch: 4512, Loss: 5.699501991271973
Epoch: 4513, Loss: 5.69014835357666
Epoch: 4514, Loss: 5.702278137207031
Epoch: 4515, Loss: 5.705956935882568
Epoch: 4516, Loss: 5.71450662612915
Epoch: 4517, Loss: 5.728536605834961
Epoch: 4518, Loss: 5.710532188415527
Epoch: 4519, Loss: 5.71317720413208
Epoch: 4520, Loss: 5.698766231536865
Test acc: 0.0219, IC acc: 0.0328, IC acc2: 0.0029, IW acc: 0.0028
Epoch: 4521, Loss: 5.705170631408691
Epoch: 4522, Loss: 5.711003303527832
Epoch: 4523, Loss: 5.710029602050781
Epoch: 4524, Loss: 5.703354835510254
Epoch: 4525, Loss: 5.706905841827393
Epoch: 4526, Loss: 5.70851993560791
Epoch: 4527, Loss: 5.6995954513549805
Epoch: 4528, Loss: 5.705730438232422
Epoch: 4529, Loss: 5.717043876647949
Epoch: 4530, Loss: 5.726203918457031
Test acc: 0.0219, IC acc: 0.0327, IC acc2: 0.0029, IW acc: 0.0029
Epoch: 4531, Loss: 5.6902570724487305
Epoch: 4532, Loss: 5.71531867980957
Epoch: 4533, Loss: 5.699827671051025
Epoch: 4534, Loss: 5.703678607940674
Epoch: 4535, Loss: 5.713932037353516
Epoch: 4536, Loss: 5.687250137329102
Epoch: 4537, Loss: 5.707180976867676
Epoch: 4538, Loss: 5.721714019775391
Epoch: 4539, Loss: 5.726531028747559
Epoch: 4540, Loss: 5.708754539489746
Test acc: 0.0218, IC acc: 0.033, IC acc2: 0.0028, IW acc: 0.003
Epoch: 4541, Loss: 5.708293437957764
Epoch: 4542, Loss: 5.7223334312438965
Epoch: 4543, Loss: 5.72574520111084
Epoch: 4544, Loss: 5.703679084777832
Epoch: 4545, Loss: 5.71477746963501
Epoch: 4546, Loss: 5.728020668029785
Epoch: 4547, Loss: 5.707157611846924
Epoch: 4548, Loss: 5.716596603393555
Epoch: 4549, Loss: 5.6909332275390625
./circuit_plots/Unrestricted Disentangled|Readout|CN=3|B0=3|B1=3|K=1280|L=320|p_B=0.75|p_C=0.75|B=2|eps=0|c5cf5f29-0828-4665-8316-69edf18d12bd/ already exists.
./circuit_plots/Unrestricted Disentangled|Readout|CN=3|B0=3|B1=3|K=1280|L=320|p_B=0.75|p_C=0.75|B=2|eps=0|c5cf5f29-0828-4665-8316-69edf18d12bd/ already exists.
./circuit_plots/Unrestricted Disentangled|Readout|CN=3|B0=3|B1=3|K=1280|L=320|p_B=0.75|p_C=0.75|B=2|eps=0|c5cf5f29-0828-4665-8316-69edf18d12bd/ already exists.
./circuit_plots/Unrestricted Disentangled|Readout|CN=3|B0=3|B1=3|K=1280|L=320|p_B=0.75|p_C=0.75|B=2|eps=0|c5cf5f29-0828-4665-8316-69edf18d12bd/ already exists.
./circuit_plots/Unrestricted Disentangled|Readout|CN=3|B0=3|B1=3|K=1280|L=320|p_B=0.75|p_C=0.75|B=2|eps=0|c5cf5f29-0828-4665-8316-69edf18d12bd/ already exists.
./circuit_plots/Unrestricted Disentangled|Readout|CN=3|B0=3|B1=3|K=1280|L=320|p_B=0.75|p_C=0.75|B=2|eps=0|c5cf5f29-0828-4665-8316-69edf18d12bd/ already exists.
./circuit_plots/Unrestricted Disentangled|Readout|CN=3|B0=3|B1=3|K=1280|L=320|p_B=0.75|p_C=0.75|B=2|eps=0|c5cf5f29-0828-4665-8316-69edf18d12bd/ already exists.
Epoch: 4550, Loss: 5.729774475097656
Test acc: 0.0218, IC acc: 0.0329, IC acc2: 0.0028, IW acc: 0.0028
Epoch: 4551, Loss: 5.712432861328125
Epoch: 4552, Loss: 5.715321063995361
Epoch: 4553, Loss: 5.71773624420166
Epoch: 4554, Loss: 5.715765953063965
Epoch: 4555, Loss: 5.718094825744629
Epoch: 4556, Loss: 5.698105335235596
Epoch: 4557, Loss: 5.708797931671143
Epoch: 4558, Loss: 5.712140083312988
Epoch: 4559, Loss: 5.740249156951904
Epoch: 4560, Loss: 5.715921401977539
Test acc: 0.0218, IC acc: 0.0328, IC acc2: 0.0028, IW acc: 0.0028
Epoch: 4561, Loss: 5.729305267333984
Epoch: 4562, Loss: 5.7108049392700195
Epoch: 4563, Loss: 5.702635765075684
Epoch: 4564, Loss: 5.727149963378906
Epoch: 4565, Loss: 5.70301628112793
Epoch: 4566, Loss: 5.740845680236816
Epoch: 4567, Loss: 5.70500373840332
Epoch: 4568, Loss: 5.714188098907471
Epoch: 4569, Loss: 5.691359519958496
Epoch: 4570, Loss: 5.705944061279297
Test acc: 0.0222, IC acc: 0.033, IC acc2: 0.0028, IW acc: 0.0028
Epoch: 4571, Loss: 5.7126264572143555
Epoch: 4572, Loss: 5.697160720825195
Epoch: 4573, Loss: 5.703922748565674
Epoch: 4574, Loss: 5.694833278656006
Epoch: 4575, Loss: 5.700803756713867
Epoch: 4576, Loss: 5.700788974761963
Epoch: 4577, Loss: 5.705306529998779
Epoch: 4578, Loss: 5.693923473358154
Epoch: 4579, Loss: 5.701206684112549
Epoch: 4580, Loss: 5.707137584686279
Test acc: 0.0222, IC acc: 0.0331, IC acc2: 0.0028, IW acc: 0.0029
Epoch: 4581, Loss: 5.711294651031494
Epoch: 4582, Loss: 5.7117390632629395
Epoch: 4583, Loss: 5.703962326049805
Epoch: 4584, Loss: 5.7182464599609375
Epoch: 4585, Loss: 5.735008716583252
Epoch: 4586, Loss: 5.720335483551025
Epoch: 4587, Loss: 5.689188003540039
Epoch: 4588, Loss: 5.718721389770508
Epoch: 4589, Loss: 5.743541240692139
Epoch: 4590, Loss: 5.728857040405273
Test acc: 0.0225, IC acc: 0.0334, IC acc2: 0.0028, IW acc: 0.0029
Epoch: 4591, Loss: 5.71558952331543
Epoch: 4592, Loss: 5.710519790649414
Epoch: 4593, Loss: 5.720119953155518
Epoch: 4594, Loss: 5.702290058135986
Epoch: 4595, Loss: 5.710117340087891
Epoch: 4596, Loss: 5.697433948516846
Epoch: 4597, Loss: 5.717111587524414
Epoch: 4598, Loss: 5.710942268371582
Epoch: 4599, Loss: 5.723034858703613
./circuit_plots/Unrestricted Disentangled|Readout|CN=3|B0=3|B1=3|K=1280|L=320|p_B=0.75|p_C=0.75|B=2|eps=0|c5cf5f29-0828-4665-8316-69edf18d12bd/ already exists.
./circuit_plots/Unrestricted Disentangled|Readout|CN=3|B0=3|B1=3|K=1280|L=320|p_B=0.75|p_C=0.75|B=2|eps=0|c5cf5f29-0828-4665-8316-69edf18d12bd/ already exists.
./circuit_plots/Unrestricted Disentangled|Readout|CN=3|B0=3|B1=3|K=1280|L=320|p_B=0.75|p_C=0.75|B=2|eps=0|c5cf5f29-0828-4665-8316-69edf18d12bd/ already exists.
./circuit_plots/Unrestricted Disentangled|Readout|CN=3|B0=3|B1=3|K=1280|L=320|p_B=0.75|p_C=0.75|B=2|eps=0|c5cf5f29-0828-4665-8316-69edf18d12bd/ already exists.
./circuit_plots/Unrestricted Disentangled|Readout|CN=3|B0=3|B1=3|K=1280|L=320|p_B=0.75|p_C=0.75|B=2|eps=0|c5cf5f29-0828-4665-8316-69edf18d12bd/ already exists.
./circuit_plots/Unrestricted Disentangled|Readout|CN=3|B0=3|B1=3|K=1280|L=320|p_B=0.75|p_C=0.75|B=2|eps=0|c5cf5f29-0828-4665-8316-69edf18d12bd/ already exists.
./circuit_plots/Unrestricted Disentangled|Readout|CN=3|B0=3|B1=3|K=1280|L=320|p_B=0.75|p_C=0.75|B=2|eps=0|c5cf5f29-0828-4665-8316-69edf18d12bd/ already exists.
Epoch: 4600, Loss: 5.716616153717041
Test acc: 0.0225, IC acc: 0.0334, IC acc2: 0.0028, IW acc: 0.0028
Epoch: 4601, Loss: 5.714412689208984
Epoch: 4602, Loss: 5.711609840393066
Epoch: 4603, Loss: 5.70733642578125
Epoch: 4604, Loss: 5.721004962921143
Epoch: 4605, Loss: 5.707610607147217
Epoch: 4606, Loss: 5.6839799880981445
Epoch: 4607, Loss: 5.691999912261963
Epoch: 4608, Loss: 5.720508575439453
Epoch: 4609, Loss: 5.717221260070801
Epoch: 4610, Loss: 5.7226738929748535
Test acc: 0.0226, IC acc: 0.0338, IC acc2: 0.0028, IW acc: 0.0029
Epoch: 4611, Loss: 5.706993103027344
Epoch: 4612, Loss: 5.7013044357299805
Epoch: 4613, Loss: 5.7150726318359375
Epoch: 4614, Loss: 5.716024398803711
Epoch: 4615, Loss: 5.712484359741211
Epoch: 4616, Loss: 5.718402862548828
Epoch: 4617, Loss: 5.718276500701904
Epoch: 4618, Loss: 5.691575527191162
Epoch: 4619, Loss: 5.702442646026611
Epoch: 4620, Loss: 5.714847087860107
Test acc: 0.0225, IC acc: 0.0339, IC acc2: 0.0028, IW acc: 0.0028
Epoch: 4621, Loss: 5.714582443237305
Epoch: 4622, Loss: 5.721002578735352
Epoch: 4623, Loss: 5.698408126831055
Epoch: 4624, Loss: 5.715427875518799
Epoch: 4625, Loss: 5.713961601257324
Epoch: 4626, Loss: 5.697247505187988
Epoch: 4627, Loss: 5.70518684387207
Epoch: 4628, Loss: 5.707210540771484
Epoch: 4629, Loss: 5.720014572143555
Epoch: 4630, Loss: 5.708276748657227
Test acc: 0.0226, IC acc: 0.0341, IC acc2: 0.0028, IW acc: 0.0029
Epoch: 4631, Loss: 5.714516639709473
Epoch: 4632, Loss: 5.716168403625488
Epoch: 4633, Loss: 5.708555221557617
Epoch: 4634, Loss: 5.703166484832764
Epoch: 4635, Loss: 5.705793857574463
Epoch: 4636, Loss: 5.690740585327148
Epoch: 4637, Loss: 5.733546257019043
Epoch: 4638, Loss: 5.7188920974731445
Epoch: 4639, Loss: 5.712080955505371
Epoch: 4640, Loss: 5.700222015380859
Test acc: 0.0227, IC acc: 0.0343, IC acc2: 0.0028, IW acc: 0.0029
Epoch: 4641, Loss: 5.695769309997559
Epoch: 4642, Loss: 5.716984748840332
Epoch: 4643, Loss: 5.699501037597656
Epoch: 4644, Loss: 5.714627265930176
Epoch: 4645, Loss: 5.70941162109375
Epoch: 4646, Loss: 5.71101188659668
Epoch: 4647, Loss: 5.706890106201172
Epoch: 4648, Loss: 5.7278032302856445
Epoch: 4649, Loss: 5.716076850891113
./circuit_plots/Unrestricted Disentangled|Readout|CN=3|B0=3|B1=3|K=1280|L=320|p_B=0.75|p_C=0.75|B=2|eps=0|c5cf5f29-0828-4665-8316-69edf18d12bd/ already exists.
./circuit_plots/Unrestricted Disentangled|Readout|CN=3|B0=3|B1=3|K=1280|L=320|p_B=0.75|p_C=0.75|B=2|eps=0|c5cf5f29-0828-4665-8316-69edf18d12bd/ already exists.
./circuit_plots/Unrestricted Disentangled|Readout|CN=3|B0=3|B1=3|K=1280|L=320|p_B=0.75|p_C=0.75|B=2|eps=0|c5cf5f29-0828-4665-8316-69edf18d12bd/ already exists.
./circuit_plots/Unrestricted Disentangled|Readout|CN=3|B0=3|B1=3|K=1280|L=320|p_B=0.75|p_C=0.75|B=2|eps=0|c5cf5f29-0828-4665-8316-69edf18d12bd/ already exists.
./circuit_plots/Unrestricted Disentangled|Readout|CN=3|B0=3|B1=3|K=1280|L=320|p_B=0.75|p_C=0.75|B=2|eps=0|c5cf5f29-0828-4665-8316-69edf18d12bd/ already exists.
./circuit_plots/Unrestricted Disentangled|Readout|CN=3|B0=3|B1=3|K=1280|L=320|p_B=0.75|p_C=0.75|B=2|eps=0|c5cf5f29-0828-4665-8316-69edf18d12bd/ already exists.
./circuit_plots/Unrestricted Disentangled|Readout|CN=3|B0=3|B1=3|K=1280|L=320|p_B=0.75|p_C=0.75|B=2|eps=0|c5cf5f29-0828-4665-8316-69edf18d12bd/ already exists.
Epoch: 4650, Loss: 5.720252990722656
Test acc: 0.0228, IC acc: 0.0346, IC acc2: 0.0028, IW acc: 0.0029
Epoch: 4651, Loss: 5.733931064605713
Epoch: 4652, Loss: 5.695411682128906
Epoch: 4653, Loss: 5.705158233642578
Epoch: 4654, Loss: 5.696280002593994
Epoch: 4655, Loss: 5.685972213745117
Epoch: 4656, Loss: 5.72599983215332
Epoch: 4657, Loss: 5.701407432556152
Epoch: 4658, Loss: 5.718191146850586
Epoch: 4659, Loss: 5.719839096069336
Epoch: 4660, Loss: 5.710611343383789
Test acc: 0.023, IC acc: 0.0351, IC acc2: 0.0029, IW acc: 0.0029
Epoch: 4661, Loss: 5.70258903503418
Epoch: 4662, Loss: 5.701962947845459
Epoch: 4663, Loss: 5.695171356201172
Epoch: 4664, Loss: 5.711397171020508
Epoch: 4665, Loss: 5.70018196105957
Epoch: 4666, Loss: 5.695921897888184
Epoch: 4667, Loss: 5.700425624847412
Epoch: 4668, Loss: 5.725933074951172
Epoch: 4669, Loss: 5.709447860717773
Epoch: 4670, Loss: 5.699065208435059
Test acc: 0.023, IC acc: 0.0352, IC acc2: 0.0029, IW acc: 0.0029
Epoch: 4671, Loss: 5.720376968383789
Epoch: 4672, Loss: 5.696956157684326
Epoch: 4673, Loss: 5.712802886962891
Epoch: 4674, Loss: 5.7029547691345215
Epoch: 4675, Loss: 5.699723720550537
Epoch: 4676, Loss: 5.702840805053711
Epoch: 4677, Loss: 5.7176947593688965
Epoch: 4678, Loss: 5.717336654663086
Epoch: 4679, Loss: 5.713430404663086
Epoch: 4680, Loss: 5.688425064086914
Test acc: 0.0232, IC acc: 0.0352, IC acc2: 0.0028, IW acc: 0.003
Epoch: 4681, Loss: 5.699307918548584
Epoch: 4682, Loss: 5.7040910720825195
Epoch: 4683, Loss: 5.700182914733887
Epoch: 4684, Loss: 5.692432403564453
Epoch: 4685, Loss: 5.715677261352539
Epoch: 4686, Loss: 5.701535701751709
Epoch: 4687, Loss: 5.716792106628418
Epoch: 4688, Loss: 5.719144821166992
Epoch: 4689, Loss: 5.718454360961914
Epoch: 4690, Loss: 5.704653739929199
Test acc: 0.0232, IC acc: 0.0352, IC acc2: 0.003, IW acc: 0.003
Epoch: 4691, Loss: 5.704871654510498
Epoch: 4692, Loss: 5.718274116516113
Epoch: 4693, Loss: 5.694180965423584
Epoch: 4694, Loss: 5.699676513671875
Epoch: 4695, Loss: 5.7058305740356445
Epoch: 4696, Loss: 5.723048210144043
Epoch: 4697, Loss: 5.703583717346191
Epoch: 4698, Loss: 5.719316005706787
Epoch: 4699, Loss: 5.729796409606934
./circuit_plots/Unrestricted Disentangled|Readout|CN=3|B0=3|B1=3|K=1280|L=320|p_B=0.75|p_C=0.75|B=2|eps=0|c5cf5f29-0828-4665-8316-69edf18d12bd/ already exists.
./circuit_plots/Unrestricted Disentangled|Readout|CN=3|B0=3|B1=3|K=1280|L=320|p_B=0.75|p_C=0.75|B=2|eps=0|c5cf5f29-0828-4665-8316-69edf18d12bd/ already exists.
./circuit_plots/Unrestricted Disentangled|Readout|CN=3|B0=3|B1=3|K=1280|L=320|p_B=0.75|p_C=0.75|B=2|eps=0|c5cf5f29-0828-4665-8316-69edf18d12bd/ already exists.
./circuit_plots/Unrestricted Disentangled|Readout|CN=3|B0=3|B1=3|K=1280|L=320|p_B=0.75|p_C=0.75|B=2|eps=0|c5cf5f29-0828-4665-8316-69edf18d12bd/ already exists.
./circuit_plots/Unrestricted Disentangled|Readout|CN=3|B0=3|B1=3|K=1280|L=320|p_B=0.75|p_C=0.75|B=2|eps=0|c5cf5f29-0828-4665-8316-69edf18d12bd/ already exists.
./circuit_plots/Unrestricted Disentangled|Readout|CN=3|B0=3|B1=3|K=1280|L=320|p_B=0.75|p_C=0.75|B=2|eps=0|c5cf5f29-0828-4665-8316-69edf18d12bd/ already exists.
./circuit_plots/Unrestricted Disentangled|Readout|CN=3|B0=3|B1=3|K=1280|L=320|p_B=0.75|p_C=0.75|B=2|eps=0|c5cf5f29-0828-4665-8316-69edf18d12bd/ already exists.
Epoch: 4700, Loss: 5.706552505493164
Test acc: 0.0235, IC acc: 0.0351, IC acc2: 0.003, IW acc: 0.0029
Epoch: 4701, Loss: 5.696211814880371
Epoch: 4702, Loss: 5.716894149780273
Epoch: 4703, Loss: 5.696084022521973
Epoch: 4704, Loss: 5.711851596832275
Epoch: 4705, Loss: 5.723557472229004
Epoch: 4706, Loss: 5.708888530731201
Epoch: 4707, Loss: 5.712775707244873
Epoch: 4708, Loss: 5.715149879455566
Epoch: 4709, Loss: 5.705880165100098
Epoch: 4710, Loss: 5.702247619628906
Test acc: 0.0237, IC acc: 0.0355, IC acc2: 0.003, IW acc: 0.003
Epoch: 4711, Loss: 5.70900821685791
Epoch: 4712, Loss: 5.709946155548096
Epoch: 4713, Loss: 5.703388214111328
Epoch: 4714, Loss: 5.707798004150391
Epoch: 4715, Loss: 5.703064918518066
Epoch: 4716, Loss: 5.698148727416992
Epoch: 4717, Loss: 5.704809188842773
Epoch: 4718, Loss: 5.69981575012207
Epoch: 4719, Loss: 5.708283424377441
Epoch: 4720, Loss: 5.704139709472656
Test acc: 0.0235, IC acc: 0.0356, IC acc2: 0.003, IW acc: 0.003
Epoch: 4721, Loss: 5.712569713592529
Epoch: 4722, Loss: 5.692657947540283
Epoch: 4723, Loss: 5.709472179412842
Epoch: 4724, Loss: 5.6981425285339355
Epoch: 4725, Loss: 5.710796356201172
Epoch: 4726, Loss: 5.6968841552734375
Epoch: 4727, Loss: 5.70871114730835
Epoch: 4728, Loss: 5.720607757568359
Epoch: 4729, Loss: 5.711906909942627
Epoch: 4730, Loss: 5.705583572387695
Test acc: 0.0237, IC acc: 0.0358, IC acc2: 0.003, IW acc: 0.003
Epoch: 4731, Loss: 5.705100059509277
Epoch: 4732, Loss: 5.703499794006348
Epoch: 4733, Loss: 5.719841957092285
Epoch: 4734, Loss: 5.697238445281982
Epoch: 4735, Loss: 5.708694934844971
Epoch: 4736, Loss: 5.712734222412109
Epoch: 4737, Loss: 5.722007751464844
Epoch: 4738, Loss: 5.706864833831787
Epoch: 4739, Loss: 5.710480690002441
Epoch: 4740, Loss: 5.702468395233154
Test acc: 0.0238, IC acc: 0.0361, IC acc2: 0.003, IW acc: 0.003
Epoch: 4741, Loss: 5.735373497009277
Epoch: 4742, Loss: 5.7063117027282715
Epoch: 4743, Loss: 5.716209411621094
Epoch: 4744, Loss: 5.697946548461914
Epoch: 4745, Loss: 5.710657119750977
Epoch: 4746, Loss: 5.7025041580200195
Epoch: 4747, Loss: 5.716100692749023
Epoch: 4748, Loss: 5.705345153808594
Epoch: 4749, Loss: 5.6820292472839355
./circuit_plots/Unrestricted Disentangled|Readout|CN=3|B0=3|B1=3|K=1280|L=320|p_B=0.75|p_C=0.75|B=2|eps=0|c5cf5f29-0828-4665-8316-69edf18d12bd/ already exists.
./circuit_plots/Unrestricted Disentangled|Readout|CN=3|B0=3|B1=3|K=1280|L=320|p_B=0.75|p_C=0.75|B=2|eps=0|c5cf5f29-0828-4665-8316-69edf18d12bd/ already exists.
./circuit_plots/Unrestricted Disentangled|Readout|CN=3|B0=3|B1=3|K=1280|L=320|p_B=0.75|p_C=0.75|B=2|eps=0|c5cf5f29-0828-4665-8316-69edf18d12bd/ already exists.
./circuit_plots/Unrestricted Disentangled|Readout|CN=3|B0=3|B1=3|K=1280|L=320|p_B=0.75|p_C=0.75|B=2|eps=0|c5cf5f29-0828-4665-8316-69edf18d12bd/ already exists.
./circuit_plots/Unrestricted Disentangled|Readout|CN=3|B0=3|B1=3|K=1280|L=320|p_B=0.75|p_C=0.75|B=2|eps=0|c5cf5f29-0828-4665-8316-69edf18d12bd/ already exists.
./circuit_plots/Unrestricted Disentangled|Readout|CN=3|B0=3|B1=3|K=1280|L=320|p_B=0.75|p_C=0.75|B=2|eps=0|c5cf5f29-0828-4665-8316-69edf18d12bd/ already exists.
./circuit_plots/Unrestricted Disentangled|Readout|CN=3|B0=3|B1=3|K=1280|L=320|p_B=0.75|p_C=0.75|B=2|eps=0|c5cf5f29-0828-4665-8316-69edf18d12bd/ already exists.
Epoch: 4750, Loss: 5.7106451988220215
Test acc: 0.0243, IC acc: 0.0364, IC acc2: 0.003, IW acc: 0.003
Epoch: 4751, Loss: 5.691494464874268
Epoch: 4752, Loss: 5.709255695343018
Epoch: 4753, Loss: 5.712090492248535
Epoch: 4754, Loss: 5.712689399719238
Epoch: 4755, Loss: 5.716322898864746
Epoch: 4756, Loss: 5.712189674377441
Epoch: 4757, Loss: 5.696354866027832
Epoch: 4758, Loss: 5.717386245727539
Epoch: 4759, Loss: 5.692492961883545
Epoch: 4760, Loss: 5.685034275054932
Test acc: 0.0243, IC acc: 0.0363, IC acc2: 0.003, IW acc: 0.003
Epoch: 4761, Loss: 5.702178955078125
Epoch: 4762, Loss: 5.714783668518066
Epoch: 4763, Loss: 5.706022262573242
Epoch: 4764, Loss: 5.702096462249756
Epoch: 4765, Loss: 5.715510368347168
Epoch: 4766, Loss: 5.704660415649414
Epoch: 4767, Loss: 5.70655632019043
Epoch: 4768, Loss: 5.7232208251953125
Epoch: 4769, Loss: 5.709722995758057
Epoch: 4770, Loss: 5.687365531921387
Test acc: 0.0245, IC acc: 0.0366, IC acc2: 0.0029, IW acc: 0.003
Epoch: 4771, Loss: 5.718044281005859
Epoch: 4772, Loss: 5.704326629638672
Epoch: 4773, Loss: 5.725093364715576
Epoch: 4774, Loss: 5.688321113586426
Epoch: 4775, Loss: 5.703145980834961
Epoch: 4776, Loss: 5.691919326782227
Epoch: 4777, Loss: 5.7110209465026855
Epoch: 4778, Loss: 5.71329402923584
Epoch: 4779, Loss: 5.695642471313477
Epoch: 4780, Loss: 5.700336933135986
Test acc: 0.0246, IC acc: 0.0367, IC acc2: 0.0029, IW acc: 0.003
Epoch: 4781, Loss: 5.716548919677734
Epoch: 4782, Loss: 5.715533256530762
Epoch: 4783, Loss: 5.697875022888184
Epoch: 4784, Loss: 5.71257209777832
Epoch: 4785, Loss: 5.697149753570557
Epoch: 4786, Loss: 5.719532012939453
Epoch: 4787, Loss: 5.71722412109375
Epoch: 4788, Loss: 5.697869777679443
Epoch: 4789, Loss: 5.712662696838379
Epoch: 4790, Loss: 5.690615177154541
Test acc: 0.0247, IC acc: 0.0371, IC acc2: 0.0029, IW acc: 0.003
Epoch: 4791, Loss: 5.717401504516602
Epoch: 4792, Loss: 5.698769569396973
Epoch: 4793, Loss: 5.690315246582031
Epoch: 4794, Loss: 5.722455024719238
Epoch: 4795, Loss: 5.702872276306152
Epoch: 4796, Loss: 5.715636730194092
Epoch: 4797, Loss: 5.691922664642334
Epoch: 4798, Loss: 5.722927093505859
Epoch: 4799, Loss: 5.7217535972595215
./circuit_plots/Unrestricted Disentangled|Readout|CN=3|B0=3|B1=3|K=1280|L=320|p_B=0.75|p_C=0.75|B=2|eps=0|c5cf5f29-0828-4665-8316-69edf18d12bd/ already exists.
./circuit_plots/Unrestricted Disentangled|Readout|CN=3|B0=3|B1=3|K=1280|L=320|p_B=0.75|p_C=0.75|B=2|eps=0|c5cf5f29-0828-4665-8316-69edf18d12bd/ already exists.
./circuit_plots/Unrestricted Disentangled|Readout|CN=3|B0=3|B1=3|K=1280|L=320|p_B=0.75|p_C=0.75|B=2|eps=0|c5cf5f29-0828-4665-8316-69edf18d12bd/ already exists.
./circuit_plots/Unrestricted Disentangled|Readout|CN=3|B0=3|B1=3|K=1280|L=320|p_B=0.75|p_C=0.75|B=2|eps=0|c5cf5f29-0828-4665-8316-69edf18d12bd/ already exists.
./circuit_plots/Unrestricted Disentangled|Readout|CN=3|B0=3|B1=3|K=1280|L=320|p_B=0.75|p_C=0.75|B=2|eps=0|c5cf5f29-0828-4665-8316-69edf18d12bd/ already exists.
./circuit_plots/Unrestricted Disentangled|Readout|CN=3|B0=3|B1=3|K=1280|L=320|p_B=0.75|p_C=0.75|B=2|eps=0|c5cf5f29-0828-4665-8316-69edf18d12bd/ already exists.
./circuit_plots/Unrestricted Disentangled|Readout|CN=3|B0=3|B1=3|K=1280|L=320|p_B=0.75|p_C=0.75|B=2|eps=0|c5cf5f29-0828-4665-8316-69edf18d12bd/ already exists.
Epoch: 4800, Loss: 5.705451965332031
Test acc: 0.0249, IC acc: 0.037, IC acc2: 0.0029, IW acc: 0.003
Epoch: 4801, Loss: 5.702235221862793
Epoch: 4802, Loss: 5.689983367919922
Epoch: 4803, Loss: 5.686985969543457
Epoch: 4804, Loss: 5.708237648010254
Epoch: 4805, Loss: 5.70611047744751
Epoch: 4806, Loss: 5.702194690704346
Epoch: 4807, Loss: 5.7170844078063965
Epoch: 4808, Loss: 5.708362579345703
Epoch: 4809, Loss: 5.708001613616943
Epoch: 4810, Loss: 5.70263147354126
Test acc: 0.025, IC acc: 0.0372, IC acc2: 0.0029, IW acc: 0.003
Epoch: 4811, Loss: 5.699670791625977
Epoch: 4812, Loss: 5.68988037109375
Epoch: 4813, Loss: 5.722055435180664
Epoch: 4814, Loss: 5.7377214431762695
Epoch: 4815, Loss: 5.703920364379883
Epoch: 4816, Loss: 5.723300457000732
Epoch: 4817, Loss: 5.712094783782959
Epoch: 4818, Loss: 5.714231491088867
Epoch: 4819, Loss: 5.713221549987793
Epoch: 4820, Loss: 5.6965837478637695
Test acc: 0.0251, IC acc: 0.0373, IC acc2: 0.0029, IW acc: 0.003
Epoch: 4821, Loss: 5.719003677368164
Epoch: 4822, Loss: 5.701318264007568
Epoch: 4823, Loss: 5.7193756103515625
Epoch: 4824, Loss: 5.7074689865112305
Epoch: 4825, Loss: 5.696516513824463
Epoch: 4826, Loss: 5.7163472175598145
Epoch: 4827, Loss: 5.710212707519531
Epoch: 4828, Loss: 5.713289260864258
Epoch: 4829, Loss: 5.731925010681152
Epoch: 4830, Loss: 5.710968971252441
Test acc: 0.0256, IC acc: 0.0375, IC acc2: 0.0029, IW acc: 0.003
Epoch: 4831, Loss: 5.707334518432617
Epoch: 4832, Loss: 5.712149620056152
Epoch: 4833, Loss: 5.718067169189453
Epoch: 4834, Loss: 5.706830978393555
Epoch: 4835, Loss: 5.698646068572998
Epoch: 4836, Loss: 5.694026470184326
Epoch: 4837, Loss: 5.72026252746582
Epoch: 4838, Loss: 5.71976375579834
Epoch: 4839, Loss: 5.721017360687256
Epoch: 4840, Loss: 5.713471412658691
Test acc: 0.0257, IC acc: 0.0377, IC acc2: 0.0029, IW acc: 0.003
Epoch: 4841, Loss: 5.6935930252075195
Epoch: 4842, Loss: 5.696962356567383
Epoch: 4843, Loss: 5.709834575653076
Epoch: 4844, Loss: 5.696292400360107
Epoch: 4845, Loss: 5.702782154083252
Epoch: 4846, Loss: 5.719913005828857
Epoch: 4847, Loss: 5.718185901641846
Epoch: 4848, Loss: 5.719393730163574
Epoch: 4849, Loss: 5.6958909034729
./circuit_plots/Unrestricted Disentangled|Readout|CN=3|B0=3|B1=3|K=1280|L=320|p_B=0.75|p_C=0.75|B=2|eps=0|c5cf5f29-0828-4665-8316-69edf18d12bd/ already exists.
./circuit_plots/Unrestricted Disentangled|Readout|CN=3|B0=3|B1=3|K=1280|L=320|p_B=0.75|p_C=0.75|B=2|eps=0|c5cf5f29-0828-4665-8316-69edf18d12bd/ already exists.
./circuit_plots/Unrestricted Disentangled|Readout|CN=3|B0=3|B1=3|K=1280|L=320|p_B=0.75|p_C=0.75|B=2|eps=0|c5cf5f29-0828-4665-8316-69edf18d12bd/ already exists.
./circuit_plots/Unrestricted Disentangled|Readout|CN=3|B0=3|B1=3|K=1280|L=320|p_B=0.75|p_C=0.75|B=2|eps=0|c5cf5f29-0828-4665-8316-69edf18d12bd/ already exists.
./circuit_plots/Unrestricted Disentangled|Readout|CN=3|B0=3|B1=3|K=1280|L=320|p_B=0.75|p_C=0.75|B=2|eps=0|c5cf5f29-0828-4665-8316-69edf18d12bd/ already exists.
./circuit_plots/Unrestricted Disentangled|Readout|CN=3|B0=3|B1=3|K=1280|L=320|p_B=0.75|p_C=0.75|B=2|eps=0|c5cf5f29-0828-4665-8316-69edf18d12bd/ already exists.
./circuit_plots/Unrestricted Disentangled|Readout|CN=3|B0=3|B1=3|K=1280|L=320|p_B=0.75|p_C=0.75|B=2|eps=0|c5cf5f29-0828-4665-8316-69edf18d12bd/ already exists.
Epoch: 4850, Loss: 5.691733360290527
Test acc: 0.0257, IC acc: 0.0378, IC acc2: 0.0029, IW acc: 0.003
Epoch: 4851, Loss: 5.7119975090026855
Epoch: 4852, Loss: 5.700784206390381
Epoch: 4853, Loss: 5.707077980041504
Epoch: 4854, Loss: 5.702897071838379
Epoch: 4855, Loss: 5.708752632141113
Epoch: 4856, Loss: 5.702404022216797
Epoch: 4857, Loss: 5.696053981781006
Epoch: 4858, Loss: 5.697469711303711
Epoch: 4859, Loss: 5.706713676452637
Epoch: 4860, Loss: 5.705939292907715
Test acc: 0.0257, IC acc: 0.0379, IC acc2: 0.0029, IW acc: 0.003
Epoch: 4861, Loss: 5.701456069946289
Epoch: 4862, Loss: 5.711259841918945
Epoch: 4863, Loss: 5.6874613761901855
Epoch: 4864, Loss: 5.705052375793457
Epoch: 4865, Loss: 5.706888675689697
Epoch: 4866, Loss: 5.695533752441406
Epoch: 4867, Loss: 5.712937355041504
Epoch: 4868, Loss: 5.730678558349609
Epoch: 4869, Loss: 5.693377494812012
Epoch: 4870, Loss: 5.710643768310547
Test acc: 0.0258, IC acc: 0.038, IC acc2: 0.0029, IW acc: 0.003
Epoch: 4871, Loss: 5.707757472991943
Epoch: 4872, Loss: 5.7157464027404785
Epoch: 4873, Loss: 5.706001281738281
Epoch: 4874, Loss: 5.7077436447143555
Epoch: 4875, Loss: 5.703271865844727
Epoch: 4876, Loss: 5.697078704833984
Epoch: 4877, Loss: 5.700189590454102
Epoch: 4878, Loss: 5.708076000213623
Epoch: 4879, Loss: 5.701817512512207
Epoch: 4880, Loss: 5.713828086853027
Test acc: 0.026, IC acc: 0.038, IC acc2: 0.0029, IW acc: 0.003
Epoch: 4881, Loss: 5.690890312194824
Epoch: 4882, Loss: 5.6971259117126465
Epoch: 4883, Loss: 5.718485355377197
Epoch: 4884, Loss: 5.693615913391113
Epoch: 4885, Loss: 5.685235023498535
Epoch: 4886, Loss: 5.6935834884643555
Epoch: 4887, Loss: 5.70143985748291
Epoch: 4888, Loss: 5.698493957519531
Epoch: 4889, Loss: 5.697813987731934
Epoch: 4890, Loss: 5.705313205718994
Test acc: 0.026, IC acc: 0.0384, IC acc2: 0.0029, IW acc: 0.003
Epoch: 4891, Loss: 5.708990097045898
Epoch: 4892, Loss: 5.698674201965332
Epoch: 4893, Loss: 5.724007606506348
Epoch: 4894, Loss: 5.70993709564209
Epoch: 4895, Loss: 5.706064701080322
Epoch: 4896, Loss: 5.6930952072143555
Epoch: 4897, Loss: 5.729761600494385
Epoch: 4898, Loss: 5.724556922912598
Epoch: 4899, Loss: 5.705519676208496
./circuit_plots/Unrestricted Disentangled|Readout|CN=3|B0=3|B1=3|K=1280|L=320|p_B=0.75|p_C=0.75|B=2|eps=0|c5cf5f29-0828-4665-8316-69edf18d12bd/ already exists.
./circuit_plots/Unrestricted Disentangled|Readout|CN=3|B0=3|B1=3|K=1280|L=320|p_B=0.75|p_C=0.75|B=2|eps=0|c5cf5f29-0828-4665-8316-69edf18d12bd/ already exists.
./circuit_plots/Unrestricted Disentangled|Readout|CN=3|B0=3|B1=3|K=1280|L=320|p_B=0.75|p_C=0.75|B=2|eps=0|c5cf5f29-0828-4665-8316-69edf18d12bd/ already exists.
./circuit_plots/Unrestricted Disentangled|Readout|CN=3|B0=3|B1=3|K=1280|L=320|p_B=0.75|p_C=0.75|B=2|eps=0|c5cf5f29-0828-4665-8316-69edf18d12bd/ already exists.
./circuit_plots/Unrestricted Disentangled|Readout|CN=3|B0=3|B1=3|K=1280|L=320|p_B=0.75|p_C=0.75|B=2|eps=0|c5cf5f29-0828-4665-8316-69edf18d12bd/ already exists.
./circuit_plots/Unrestricted Disentangled|Readout|CN=3|B0=3|B1=3|K=1280|L=320|p_B=0.75|p_C=0.75|B=2|eps=0|c5cf5f29-0828-4665-8316-69edf18d12bd/ already exists.
./circuit_plots/Unrestricted Disentangled|Readout|CN=3|B0=3|B1=3|K=1280|L=320|p_B=0.75|p_C=0.75|B=2|eps=0|c5cf5f29-0828-4665-8316-69edf18d12bd/ already exists.
Epoch: 4900, Loss: 5.699021339416504
Test acc: 0.0262, IC acc: 0.0386, IC acc2: 0.003, IW acc: 0.003
Epoch: 4901, Loss: 5.708514213562012
Epoch: 4902, Loss: 5.6925201416015625
Epoch: 4903, Loss: 5.697371482849121
Epoch: 4904, Loss: 5.703185081481934
Epoch: 4905, Loss: 5.7186174392700195
Epoch: 4906, Loss: 5.707520961761475
Epoch: 4907, Loss: 5.734173774719238
Epoch: 4908, Loss: 5.720644474029541
Epoch: 4909, Loss: 5.711185455322266
Epoch: 4910, Loss: 5.69671630859375
Test acc: 0.0263, IC acc: 0.0388, IC acc2: 0.003, IW acc: 0.003
Epoch: 4911, Loss: 5.704257965087891
Epoch: 4912, Loss: 5.728359222412109
Epoch: 4913, Loss: 5.718487739562988
Epoch: 4914, Loss: 5.72127103805542
Epoch: 4915, Loss: 5.693570613861084
Epoch: 4916, Loss: 5.713907241821289
Epoch: 4917, Loss: 5.682424068450928
Epoch: 4918, Loss: 5.692667007446289
Epoch: 4919, Loss: 5.706686973571777
Epoch: 4920, Loss: 5.707492828369141
Test acc: 0.0262, IC acc: 0.0389, IC acc2: 0.003, IW acc: 0.003
Epoch: 4921, Loss: 5.704921722412109
Epoch: 4922, Loss: 5.700952529907227
Epoch: 4923, Loss: 5.697216987609863
Epoch: 4924, Loss: 5.700129508972168
Epoch: 4925, Loss: 5.701234817504883
Epoch: 4926, Loss: 5.695065498352051
Epoch: 4927, Loss: 5.710195541381836
Epoch: 4928, Loss: 5.705663681030273
Epoch: 4929, Loss: 5.717642784118652
Epoch: 4930, Loss: 5.713827133178711
Test acc: 0.0265, IC acc: 0.0389, IC acc2: 0.003, IW acc: 0.003
Epoch: 4931, Loss: 5.713356971740723
Epoch: 4932, Loss: 5.702540397644043
Epoch: 4933, Loss: 5.703183174133301
Epoch: 4934, Loss: 5.712494850158691
Epoch: 4935, Loss: 5.701657772064209
Epoch: 4936, Loss: 5.713573455810547
Epoch: 4937, Loss: 5.727112770080566
Epoch: 4938, Loss: 5.712457656860352
Epoch: 4939, Loss: 5.702637672424316
Epoch: 4940, Loss: 5.71417236328125
Test acc: 0.0269, IC acc: 0.039, IC acc2: 0.003, IW acc: 0.003
Epoch: 4941, Loss: 5.700689315795898
Epoch: 4942, Loss: 5.709418773651123
Epoch: 4943, Loss: 5.687726020812988
Epoch: 4944, Loss: 5.697537422180176
Epoch: 4945, Loss: 5.709562301635742
Epoch: 4946, Loss: 5.705089092254639
Epoch: 4947, Loss: 5.707235813140869
Epoch: 4948, Loss: 5.718113899230957
Epoch: 4949, Loss: 5.721644401550293
./circuit_plots/Unrestricted Disentangled|Readout|CN=3|B0=3|B1=3|K=1280|L=320|p_B=0.75|p_C=0.75|B=2|eps=0|c5cf5f29-0828-4665-8316-69edf18d12bd/ already exists.
./circuit_plots/Unrestricted Disentangled|Readout|CN=3|B0=3|B1=3|K=1280|L=320|p_B=0.75|p_C=0.75|B=2|eps=0|c5cf5f29-0828-4665-8316-69edf18d12bd/ already exists.
./circuit_plots/Unrestricted Disentangled|Readout|CN=3|B0=3|B1=3|K=1280|L=320|p_B=0.75|p_C=0.75|B=2|eps=0|c5cf5f29-0828-4665-8316-69edf18d12bd/ already exists.
./circuit_plots/Unrestricted Disentangled|Readout|CN=3|B0=3|B1=3|K=1280|L=320|p_B=0.75|p_C=0.75|B=2|eps=0|c5cf5f29-0828-4665-8316-69edf18d12bd/ already exists.
./circuit_plots/Unrestricted Disentangled|Readout|CN=3|B0=3|B1=3|K=1280|L=320|p_B=0.75|p_C=0.75|B=2|eps=0|c5cf5f29-0828-4665-8316-69edf18d12bd/ already exists.
./circuit_plots/Unrestricted Disentangled|Readout|CN=3|B0=3|B1=3|K=1280|L=320|p_B=0.75|p_C=0.75|B=2|eps=0|c5cf5f29-0828-4665-8316-69edf18d12bd/ already exists.
./circuit_plots/Unrestricted Disentangled|Readout|CN=3|B0=3|B1=3|K=1280|L=320|p_B=0.75|p_C=0.75|B=2|eps=0|c5cf5f29-0828-4665-8316-69edf18d12bd/ already exists.
Epoch: 4950, Loss: 5.7146806716918945
Test acc: 0.0271, IC acc: 0.0394, IC acc2: 0.003, IW acc: 0.003
Epoch: 4951, Loss: 5.711421489715576
Epoch: 4952, Loss: 5.709219932556152
Epoch: 4953, Loss: 5.719905376434326
Epoch: 4954, Loss: 5.721894264221191
Epoch: 4955, Loss: 5.6931586265563965
Epoch: 4956, Loss: 5.702777862548828
Epoch: 4957, Loss: 5.699287414550781
Epoch: 4958, Loss: 5.707460880279541
Epoch: 4959, Loss: 5.703986167907715
Epoch: 4960, Loss: 5.703046798706055
Test acc: 0.0272, IC acc: 0.0397, IC acc2: 0.003, IW acc: 0.003
Epoch: 4961, Loss: 5.702836990356445
Epoch: 4962, Loss: 5.6972455978393555
Epoch: 4963, Loss: 5.688376426696777
Epoch: 4964, Loss: 5.710217475891113
Epoch: 4965, Loss: 5.697904109954834
Epoch: 4966, Loss: 5.699880599975586
Epoch: 4967, Loss: 5.693161964416504
Epoch: 4968, Loss: 5.685697078704834
Epoch: 4969, Loss: 5.70548152923584
Epoch: 4970, Loss: 5.699270725250244
Test acc: 0.0275, IC acc: 0.0398, IC acc2: 0.003, IW acc: 0.003
Epoch: 4971, Loss: 5.726649284362793
Epoch: 4972, Loss: 5.716649055480957
Epoch: 4973, Loss: 5.6923017501831055
Epoch: 4974, Loss: 5.691338539123535
Epoch: 4975, Loss: 5.725737571716309
Epoch: 4976, Loss: 5.707494258880615
Epoch: 4977, Loss: 5.691861629486084
Epoch: 4978, Loss: 5.710184097290039
Epoch: 4979, Loss: 5.704628944396973
Epoch: 4980, Loss: 5.697228908538818
Test acc: 0.0277, IC acc: 0.0399, IC acc2: 0.0031, IW acc: 0.003
Epoch: 4981, Loss: 5.710544109344482
Epoch: 4982, Loss: 5.71143913269043
Epoch: 4983, Loss: 5.70611572265625
Epoch: 4984, Loss: 5.7248759269714355
Epoch: 4985, Loss: 5.714293956756592
Epoch: 4986, Loss: 5.694735527038574
Epoch: 4987, Loss: 5.70409631729126
Epoch: 4988, Loss: 5.70958137512207
Epoch: 4989, Loss: 5.690143585205078
Epoch: 4990, Loss: 5.705317497253418
Test acc: 0.0278, IC acc: 0.04, IC acc2: 0.0031, IW acc: 0.003
Epoch: 4991, Loss: 5.704473972320557
Epoch: 4992, Loss: 5.707737922668457
Epoch: 4993, Loss: 5.674237251281738
Epoch: 4994, Loss: 5.696346759796143
Epoch: 4995, Loss: 5.694925785064697
Epoch: 4996, Loss: 5.68841552734375
Epoch: 4997, Loss: 5.689384460449219
Epoch: 4998, Loss: 5.695536136627197
Epoch: 4999, Loss: 5.710083961486816
./circuit_plots/Unrestricted Disentangled|Readout|CN=3|B0=3|B1=3|K=1280|L=320|p_B=0.75|p_C=0.75|B=2|eps=0|c5cf5f29-0828-4665-8316-69edf18d12bd/ already exists.
./circuit_plots/Unrestricted Disentangled|Readout|CN=3|B0=3|B1=3|K=1280|L=320|p_B=0.75|p_C=0.75|B=2|eps=0|c5cf5f29-0828-4665-8316-69edf18d12bd/ already exists.
./circuit_plots/Unrestricted Disentangled|Readout|CN=3|B0=3|B1=3|K=1280|L=320|p_B=0.75|p_C=0.75|B=2|eps=0|c5cf5f29-0828-4665-8316-69edf18d12bd/ already exists.
./circuit_plots/Unrestricted Disentangled|Readout|CN=3|B0=3|B1=3|K=1280|L=320|p_B=0.75|p_C=0.75|B=2|eps=0|c5cf5f29-0828-4665-8316-69edf18d12bd/ already exists.
./circuit_plots/Unrestricted Disentangled|Readout|CN=3|B0=3|B1=3|K=1280|L=320|p_B=0.75|p_C=0.75|B=2|eps=0|c5cf5f29-0828-4665-8316-69edf18d12bd/ already exists.
./circuit_plots/Unrestricted Disentangled|Readout|CN=3|B0=3|B1=3|K=1280|L=320|p_B=0.75|p_C=0.75|B=2|eps=0|c5cf5f29-0828-4665-8316-69edf18d12bd/ already exists.
./circuit_plots/Unrestricted Disentangled|Readout|CN=3|B0=3|B1=3|K=1280|L=320|p_B=0.75|p_C=0.75|B=2|eps=0|c5cf5f29-0828-4665-8316-69edf18d12bd/ already exists.
Epoch: 5000, Loss: 5.711551666259766
Test acc: 0.028, IC acc: 0.04, IC acc2: 0.0031, IW acc: 0.003
Epoch: 5001, Loss: 5.692440032958984
Epoch: 5002, Loss: 5.709731101989746
Epoch: 5003, Loss: 5.714590072631836
Epoch: 5004, Loss: 5.707921981811523
Epoch: 5005, Loss: 5.69657564163208
Epoch: 5006, Loss: 5.705075740814209
Epoch: 5007, Loss: 5.705799102783203
Epoch: 5008, Loss: 5.682908058166504
Epoch: 5009, Loss: 5.712424278259277
Epoch: 5010, Loss: 5.682958126068115
Test acc: 0.0282, IC acc: 0.0401, IC acc2: 0.0031, IW acc: 0.003
Epoch: 5011, Loss: 5.688214302062988
Epoch: 5012, Loss: 5.719381332397461
Epoch: 5013, Loss: 5.6981072425842285
Epoch: 5014, Loss: 5.703707695007324
Epoch: 5015, Loss: 5.695323944091797
Epoch: 5016, Loss: 5.701179027557373
Epoch: 5017, Loss: 5.711219310760498
Epoch: 5018, Loss: 5.702176570892334
Epoch: 5019, Loss: 5.701818466186523
Epoch: 5020, Loss: 5.688119888305664
Test acc: 0.0281, IC acc: 0.0402, IC acc2: 0.0031, IW acc: 0.003
Epoch: 5021, Loss: 5.709454536437988
Epoch: 5022, Loss: 5.7039666175842285
Epoch: 5023, Loss: 5.690656661987305
Epoch: 5024, Loss: 5.720512390136719
Epoch: 5025, Loss: 5.691182613372803
Epoch: 5026, Loss: 5.684595584869385
Epoch: 5027, Loss: 5.712886810302734
Epoch: 5028, Loss: 5.693543434143066
Epoch: 5029, Loss: 5.696416854858398
Epoch: 5030, Loss: 5.7009711265563965
Test acc: 0.0282, IC acc: 0.0403, IC acc2: 0.0031, IW acc: 0.003
Epoch: 5031, Loss: 5.691237449645996
Epoch: 5032, Loss: 5.70883846282959
Epoch: 5033, Loss: 5.70399284362793
Epoch: 5034, Loss: 5.708218097686768
Epoch: 5035, Loss: 5.715142726898193
Epoch: 5036, Loss: 5.698263168334961
Epoch: 5037, Loss: 5.7110795974731445
Epoch: 5038, Loss: 5.721298694610596
Epoch: 5039, Loss: 5.709190368652344
Epoch: 5040, Loss: 5.720545768737793
Test acc: 0.0284, IC acc: 0.0406, IC acc2: 0.0031, IW acc: 0.003
Epoch: 5041, Loss: 5.706603050231934
Epoch: 5042, Loss: 5.720034599304199
Epoch: 5043, Loss: 5.707609176635742
Epoch: 5044, Loss: 5.706949234008789
Epoch: 5045, Loss: 5.699850082397461
Epoch: 5046, Loss: 5.706345558166504
Epoch: 5047, Loss: 5.714293003082275
Epoch: 5048, Loss: 5.698005676269531
Epoch: 5049, Loss: 5.6987457275390625
./circuit_plots/Unrestricted Disentangled|Readout|CN=3|B0=3|B1=3|K=1280|L=320|p_B=0.75|p_C=0.75|B=2|eps=0|c5cf5f29-0828-4665-8316-69edf18d12bd/ already exists.
./circuit_plots/Unrestricted Disentangled|Readout|CN=3|B0=3|B1=3|K=1280|L=320|p_B=0.75|p_C=0.75|B=2|eps=0|c5cf5f29-0828-4665-8316-69edf18d12bd/ already exists.
./circuit_plots/Unrestricted Disentangled|Readout|CN=3|B0=3|B1=3|K=1280|L=320|p_B=0.75|p_C=0.75|B=2|eps=0|c5cf5f29-0828-4665-8316-69edf18d12bd/ already exists.
./circuit_plots/Unrestricted Disentangled|Readout|CN=3|B0=3|B1=3|K=1280|L=320|p_B=0.75|p_C=0.75|B=2|eps=0|c5cf5f29-0828-4665-8316-69edf18d12bd/ already exists.
./circuit_plots/Unrestricted Disentangled|Readout|CN=3|B0=3|B1=3|K=1280|L=320|p_B=0.75|p_C=0.75|B=2|eps=0|c5cf5f29-0828-4665-8316-69edf18d12bd/ already exists.
./circuit_plots/Unrestricted Disentangled|Readout|CN=3|B0=3|B1=3|K=1280|L=320|p_B=0.75|p_C=0.75|B=2|eps=0|c5cf5f29-0828-4665-8316-69edf18d12bd/ already exists.
./circuit_plots/Unrestricted Disentangled|Readout|CN=3|B0=3|B1=3|K=1280|L=320|p_B=0.75|p_C=0.75|B=2|eps=0|c5cf5f29-0828-4665-8316-69edf18d12bd/ already exists.
Epoch: 5050, Loss: 5.692904472351074
Test acc: 0.0285, IC acc: 0.0406, IC acc2: 0.0031, IW acc: 0.0028
Epoch: 5051, Loss: 5.70351505279541
Epoch: 5052, Loss: 5.694485664367676
Epoch: 5053, Loss: 5.709808826446533
Epoch: 5054, Loss: 5.718515396118164
Epoch: 5055, Loss: 5.705813407897949
Epoch: 5056, Loss: 5.705604553222656
Epoch: 5057, Loss: 5.692914962768555
Epoch: 5058, Loss: 5.705550193786621
Epoch: 5059, Loss: 5.704095840454102
Epoch: 5060, Loss: 5.693693161010742
Test acc: 0.0286, IC acc: 0.0408, IC acc2: 0.0031, IW acc: 0.0029
Epoch: 5061, Loss: 5.699356555938721
Epoch: 5062, Loss: 5.693016052246094
Epoch: 5063, Loss: 5.703129768371582
Epoch: 5064, Loss: 5.707858562469482
Epoch: 5065, Loss: 5.694541931152344
Epoch: 5066, Loss: 5.732966423034668
Epoch: 5067, Loss: 5.7087836265563965
Epoch: 5068, Loss: 5.672349452972412
Epoch: 5069, Loss: 5.696257591247559
Epoch: 5070, Loss: 5.709946632385254
Test acc: 0.0286, IC acc: 0.0407, IC acc2: 0.0031, IW acc: 0.003
Epoch: 5071, Loss: 5.686086177825928
Epoch: 5072, Loss: 5.717103004455566
Epoch: 5073, Loss: 5.68754768371582
Epoch: 5074, Loss: 5.696678161621094
Epoch: 5075, Loss: 5.710717678070068
Epoch: 5076, Loss: 5.716413497924805
Epoch: 5077, Loss: 5.696447372436523
Epoch: 5078, Loss: 5.700550556182861
Epoch: 5079, Loss: 5.681519031524658
Epoch: 5080, Loss: 5.704296112060547
Test acc: 0.0288, IC acc: 0.0408, IC acc2: 0.0031, IW acc: 0.003
Epoch: 5081, Loss: 5.709449768066406
Epoch: 5082, Loss: 5.707622528076172
Epoch: 5083, Loss: 5.703596115112305
Epoch: 5084, Loss: 5.692978382110596
Epoch: 5085, Loss: 5.700632095336914
Epoch: 5086, Loss: 5.699731826782227
Epoch: 5087, Loss: 5.683525562286377
Epoch: 5088, Loss: 5.7053751945495605
Epoch: 5089, Loss: 5.71136474609375
Epoch: 5090, Loss: 5.706055641174316
Test acc: 0.029, IC acc: 0.0412, IC acc2: 0.003, IW acc: 0.0031
Epoch: 5091, Loss: 5.732274055480957
Epoch: 5092, Loss: 5.687965393066406
Epoch: 5093, Loss: 5.704448699951172
Epoch: 5094, Loss: 5.691357612609863
Epoch: 5095, Loss: 5.711734771728516
Epoch: 5096, Loss: 5.695172309875488
Epoch: 5097, Loss: 5.688047409057617
Epoch: 5098, Loss: 5.699021339416504
Epoch: 5099, Loss: 5.694509506225586
./circuit_plots/Unrestricted Disentangled|Readout|CN=3|B0=3|B1=3|K=1280|L=320|p_B=0.75|p_C=0.75|B=2|eps=0|c5cf5f29-0828-4665-8316-69edf18d12bd/ already exists.
./circuit_plots/Unrestricted Disentangled|Readout|CN=3|B0=3|B1=3|K=1280|L=320|p_B=0.75|p_C=0.75|B=2|eps=0|c5cf5f29-0828-4665-8316-69edf18d12bd/ already exists.
./circuit_plots/Unrestricted Disentangled|Readout|CN=3|B0=3|B1=3|K=1280|L=320|p_B=0.75|p_C=0.75|B=2|eps=0|c5cf5f29-0828-4665-8316-69edf18d12bd/ already exists.
./circuit_plots/Unrestricted Disentangled|Readout|CN=3|B0=3|B1=3|K=1280|L=320|p_B=0.75|p_C=0.75|B=2|eps=0|c5cf5f29-0828-4665-8316-69edf18d12bd/ already exists.
./circuit_plots/Unrestricted Disentangled|Readout|CN=3|B0=3|B1=3|K=1280|L=320|p_B=0.75|p_C=0.75|B=2|eps=0|c5cf5f29-0828-4665-8316-69edf18d12bd/ already exists.
./circuit_plots/Unrestricted Disentangled|Readout|CN=3|B0=3|B1=3|K=1280|L=320|p_B=0.75|p_C=0.75|B=2|eps=0|c5cf5f29-0828-4665-8316-69edf18d12bd/ already exists.
./circuit_plots/Unrestricted Disentangled|Readout|CN=3|B0=3|B1=3|K=1280|L=320|p_B=0.75|p_C=0.75|B=2|eps=0|c5cf5f29-0828-4665-8316-69edf18d12bd/ already exists.
Epoch: 5100, Loss: 5.704805850982666
Test acc: 0.0291, IC acc: 0.0412, IC acc2: 0.003, IW acc: 0.0031
Epoch: 5101, Loss: 5.719815254211426
Epoch: 5102, Loss: 5.707339763641357
Epoch: 5103, Loss: 5.7076544761657715
Epoch: 5104, Loss: 5.7121052742004395
Epoch: 5105, Loss: 5.693637847900391
Epoch: 5106, Loss: 5.7166748046875
Epoch: 5107, Loss: 5.711424827575684
Epoch: 5108, Loss: 5.702251434326172
Epoch: 5109, Loss: 5.723445415496826
Epoch: 5110, Loss: 5.702369689941406
Test acc: 0.0292, IC acc: 0.0415, IC acc2: 0.003, IW acc: 0.0031
Epoch: 5111, Loss: 5.704047203063965
Epoch: 5112, Loss: 5.712438583374023
Epoch: 5113, Loss: 5.695649147033691
Epoch: 5114, Loss: 5.711370944976807
Epoch: 5115, Loss: 5.70541524887085
Epoch: 5116, Loss: 5.691824913024902
Epoch: 5117, Loss: 5.716258525848389
Epoch: 5118, Loss: 5.6987714767456055
Epoch: 5119, Loss: 5.690845012664795
Epoch: 5120, Loss: 5.704520225524902
Test acc: 0.0292, IC acc: 0.0417, IC acc2: 0.003, IW acc: 0.0032
Epoch: 5121, Loss: 5.702369689941406
Epoch: 5122, Loss: 5.7155961990356445
Epoch: 5123, Loss: 5.69567346572876
Epoch: 5124, Loss: 5.709137916564941
Epoch: 5125, Loss: 5.697044372558594
Epoch: 5126, Loss: 5.719221115112305
Epoch: 5127, Loss: 5.685705661773682
Epoch: 5128, Loss: 5.700288772583008
Epoch: 5129, Loss: 5.709776401519775
Epoch: 5130, Loss: 5.708459377288818
Test acc: 0.0294, IC acc: 0.0418, IC acc2: 0.003, IW acc: 0.003
Epoch: 5131, Loss: 5.702815532684326
Epoch: 5132, Loss: 5.702140808105469
Epoch: 5133, Loss: 5.6993536949157715
Epoch: 5134, Loss: 5.696849346160889
Epoch: 5135, Loss: 5.677619457244873
Epoch: 5136, Loss: 5.708096027374268
Epoch: 5137, Loss: 5.698862075805664
Epoch: 5138, Loss: 5.7008056640625
Epoch: 5139, Loss: 5.6987624168396
Epoch: 5140, Loss: 5.707566261291504
Test acc: 0.0295, IC acc: 0.0421, IC acc2: 0.003, IW acc: 0.003
Epoch: 5141, Loss: 5.709641456604004
Epoch: 5142, Loss: 5.6946306228637695
Epoch: 5143, Loss: 5.707362651824951
Epoch: 5144, Loss: 5.6988959312438965
Epoch: 5145, Loss: 5.707189083099365
Epoch: 5146, Loss: 5.6956071853637695
Epoch: 5147, Loss: 5.680360794067383
Epoch: 5148, Loss: 5.699603080749512
Epoch: 5149, Loss: 5.689460754394531
./circuit_plots/Unrestricted Disentangled|Readout|CN=3|B0=3|B1=3|K=1280|L=320|p_B=0.75|p_C=0.75|B=2|eps=0|c5cf5f29-0828-4665-8316-69edf18d12bd/ already exists.
./circuit_plots/Unrestricted Disentangled|Readout|CN=3|B0=3|B1=3|K=1280|L=320|p_B=0.75|p_C=0.75|B=2|eps=0|c5cf5f29-0828-4665-8316-69edf18d12bd/ already exists.
./circuit_plots/Unrestricted Disentangled|Readout|CN=3|B0=3|B1=3|K=1280|L=320|p_B=0.75|p_C=0.75|B=2|eps=0|c5cf5f29-0828-4665-8316-69edf18d12bd/ already exists.
./circuit_plots/Unrestricted Disentangled|Readout|CN=3|B0=3|B1=3|K=1280|L=320|p_B=0.75|p_C=0.75|B=2|eps=0|c5cf5f29-0828-4665-8316-69edf18d12bd/ already exists.
./circuit_plots/Unrestricted Disentangled|Readout|CN=3|B0=3|B1=3|K=1280|L=320|p_B=0.75|p_C=0.75|B=2|eps=0|c5cf5f29-0828-4665-8316-69edf18d12bd/ already exists.
./circuit_plots/Unrestricted Disentangled|Readout|CN=3|B0=3|B1=3|K=1280|L=320|p_B=0.75|p_C=0.75|B=2|eps=0|c5cf5f29-0828-4665-8316-69edf18d12bd/ already exists.
./circuit_plots/Unrestricted Disentangled|Readout|CN=3|B0=3|B1=3|K=1280|L=320|p_B=0.75|p_C=0.75|B=2|eps=0|c5cf5f29-0828-4665-8316-69edf18d12bd/ already exists.
Epoch: 5150, Loss: 5.6989970207214355
Test acc: 0.0296, IC acc: 0.0423, IC acc2: 0.003, IW acc: 0.0031
Epoch: 5151, Loss: 5.692597389221191
Epoch: 5152, Loss: 5.703611850738525
Epoch: 5153, Loss: 5.714242935180664
Epoch: 5154, Loss: 5.705400466918945
Epoch: 5155, Loss: 5.710322380065918
Epoch: 5156, Loss: 5.703485488891602
Epoch: 5157, Loss: 5.693498611450195
Epoch: 5158, Loss: 5.710165023803711
Epoch: 5159, Loss: 5.701442718505859
Epoch: 5160, Loss: 5.70378303527832
Test acc: 0.0296, IC acc: 0.0427, IC acc2: 0.003, IW acc: 0.0031
Epoch: 5161, Loss: 5.705273628234863
Epoch: 5162, Loss: 5.692530155181885
Epoch: 5163, Loss: 5.696721076965332
Epoch: 5164, Loss: 5.697931289672852
Epoch: 5165, Loss: 5.693188667297363
Epoch: 5166, Loss: 5.681373119354248
Epoch: 5167, Loss: 5.681868553161621
Epoch: 5168, Loss: 5.70936393737793
Epoch: 5169, Loss: 5.7063140869140625
Epoch: 5170, Loss: 5.685121059417725
Test acc: 0.03, IC acc: 0.0429, IC acc2: 0.003, IW acc: 0.0031
Epoch: 5171, Loss: 5.70682430267334
Epoch: 5172, Loss: 5.714594841003418
Epoch: 5173, Loss: 5.6918792724609375
Epoch: 5174, Loss: 5.716699123382568
Epoch: 5175, Loss: 5.702630043029785
Epoch: 5176, Loss: 5.696624755859375
Epoch: 5177, Loss: 5.719505310058594
Epoch: 5178, Loss: 5.70265007019043
Epoch: 5179, Loss: 5.7160491943359375
Epoch: 5180, Loss: 5.722716331481934
Test acc: 0.0302, IC acc: 0.0431, IC acc2: 0.003, IW acc: 0.0031
Epoch: 5181, Loss: 5.703242778778076
Epoch: 5182, Loss: 5.7119622230529785
Epoch: 5183, Loss: 5.690333843231201
Epoch: 5184, Loss: 5.701202392578125
Epoch: 5185, Loss: 5.703435897827148
Epoch: 5186, Loss: 5.700754165649414
Epoch: 5187, Loss: 5.705033302307129
Epoch: 5188, Loss: 5.704075813293457
Epoch: 5189, Loss: 5.696327209472656
Epoch: 5190, Loss: 5.70703125
Test acc: 0.0303, IC acc: 0.0433, IC acc2: 0.003, IW acc: 0.0031
Epoch: 5191, Loss: 5.69247579574585
Epoch: 5192, Loss: 5.707840919494629
Epoch: 5193, Loss: 5.70076322555542
Epoch: 5194, Loss: 5.699200630187988
Epoch: 5195, Loss: 5.668027400970459
Epoch: 5196, Loss: 5.695371627807617
Epoch: 5197, Loss: 5.686270236968994
Epoch: 5198, Loss: 5.691635608673096
Epoch: 5199, Loss: 5.71442985534668
./circuit_plots/Unrestricted Disentangled|Readout|CN=3|B0=3|B1=3|K=1280|L=320|p_B=0.75|p_C=0.75|B=2|eps=0|c5cf5f29-0828-4665-8316-69edf18d12bd/ already exists.
./circuit_plots/Unrestricted Disentangled|Readout|CN=3|B0=3|B1=3|K=1280|L=320|p_B=0.75|p_C=0.75|B=2|eps=0|c5cf5f29-0828-4665-8316-69edf18d12bd/ already exists.
./circuit_plots/Unrestricted Disentangled|Readout|CN=3|B0=3|B1=3|K=1280|L=320|p_B=0.75|p_C=0.75|B=2|eps=0|c5cf5f29-0828-4665-8316-69edf18d12bd/ already exists.
./circuit_plots/Unrestricted Disentangled|Readout|CN=3|B0=3|B1=3|K=1280|L=320|p_B=0.75|p_C=0.75|B=2|eps=0|c5cf5f29-0828-4665-8316-69edf18d12bd/ already exists.
./circuit_plots/Unrestricted Disentangled|Readout|CN=3|B0=3|B1=3|K=1280|L=320|p_B=0.75|p_C=0.75|B=2|eps=0|c5cf5f29-0828-4665-8316-69edf18d12bd/ already exists.
./circuit_plots/Unrestricted Disentangled|Readout|CN=3|B0=3|B1=3|K=1280|L=320|p_B=0.75|p_C=0.75|B=2|eps=0|c5cf5f29-0828-4665-8316-69edf18d12bd/ already exists.
./circuit_plots/Unrestricted Disentangled|Readout|CN=3|B0=3|B1=3|K=1280|L=320|p_B=0.75|p_C=0.75|B=2|eps=0|c5cf5f29-0828-4665-8316-69edf18d12bd/ already exists.
Epoch: 5200, Loss: 5.691397666931152
Test acc: 0.0303, IC acc: 0.0437, IC acc2: 0.003, IW acc: 0.003
Epoch: 5201, Loss: 5.701525688171387
Epoch: 5202, Loss: 5.70207405090332
Epoch: 5203, Loss: 5.686101913452148
Epoch: 5204, Loss: 5.711788177490234
Epoch: 5205, Loss: 5.709566116333008
Epoch: 5206, Loss: 5.694201469421387
Epoch: 5207, Loss: 5.6934967041015625
Epoch: 5208, Loss: 5.700850963592529
Epoch: 5209, Loss: 5.708525657653809
Epoch: 5210, Loss: 5.694528102874756
Test acc: 0.0303, IC acc: 0.0439, IC acc2: 0.003, IW acc: 0.003
Epoch: 5211, Loss: 5.685339450836182
Epoch: 5212, Loss: 5.695197582244873
Epoch: 5213, Loss: 5.708145618438721
Epoch: 5214, Loss: 5.700900554656982
Epoch: 5215, Loss: 5.682315349578857
Epoch: 5216, Loss: 5.693093299865723
Epoch: 5217, Loss: 5.695646286010742
Epoch: 5218, Loss: 5.712576866149902
Epoch: 5219, Loss: 5.688669204711914
Epoch: 5220, Loss: 5.692458152770996
Test acc: 0.0303, IC acc: 0.044, IC acc2: 0.003, IW acc: 0.003
Epoch: 5221, Loss: 5.704750061035156
Epoch: 5222, Loss: 5.703589916229248
Epoch: 5223, Loss: 5.695667266845703
Epoch: 5224, Loss: 5.70019006729126
Epoch: 5225, Loss: 5.697595596313477
Epoch: 5226, Loss: 5.698439598083496
Epoch: 5227, Loss: 5.716149806976318
Epoch: 5228, Loss: 5.690176010131836
Epoch: 5229, Loss: 5.690021514892578
Epoch: 5230, Loss: 5.711362361907959
Test acc: 0.0306, IC acc: 0.0443, IC acc2: 0.003, IW acc: 0.003
Epoch: 5231, Loss: 5.701980113983154
Epoch: 5232, Loss: 5.693307876586914
Epoch: 5233, Loss: 5.7218475341796875
Epoch: 5234, Loss: 5.72137451171875
Epoch: 5235, Loss: 5.695751190185547
Epoch: 5236, Loss: 5.681132793426514
Epoch: 5237, Loss: 5.711640357971191
Epoch: 5238, Loss: 5.700348377227783
Epoch: 5239, Loss: 5.699352741241455
Epoch: 5240, Loss: 5.715141773223877
Test acc: 0.0306, IC acc: 0.0445, IC acc2: 0.003, IW acc: 0.003
Epoch: 5241, Loss: 5.700685977935791
Epoch: 5242, Loss: 5.687853813171387
Epoch: 5243, Loss: 5.696340560913086
Epoch: 5244, Loss: 5.699830055236816
Epoch: 5245, Loss: 5.702530860900879
Epoch: 5246, Loss: 5.691202163696289
Epoch: 5247, Loss: 5.692721366882324
Epoch: 5248, Loss: 5.723084926605225
Epoch: 5249, Loss: 5.7133355140686035
./circuit_plots/Unrestricted Disentangled|Readout|CN=3|B0=3|B1=3|K=1280|L=320|p_B=0.75|p_C=0.75|B=2|eps=0|c5cf5f29-0828-4665-8316-69edf18d12bd/ already exists.
./circuit_plots/Unrestricted Disentangled|Readout|CN=3|B0=3|B1=3|K=1280|L=320|p_B=0.75|p_C=0.75|B=2|eps=0|c5cf5f29-0828-4665-8316-69edf18d12bd/ already exists.
./circuit_plots/Unrestricted Disentangled|Readout|CN=3|B0=3|B1=3|K=1280|L=320|p_B=0.75|p_C=0.75|B=2|eps=0|c5cf5f29-0828-4665-8316-69edf18d12bd/ already exists.
./circuit_plots/Unrestricted Disentangled|Readout|CN=3|B0=3|B1=3|K=1280|L=320|p_B=0.75|p_C=0.75|B=2|eps=0|c5cf5f29-0828-4665-8316-69edf18d12bd/ already exists.
./circuit_plots/Unrestricted Disentangled|Readout|CN=3|B0=3|B1=3|K=1280|L=320|p_B=0.75|p_C=0.75|B=2|eps=0|c5cf5f29-0828-4665-8316-69edf18d12bd/ already exists.
./circuit_plots/Unrestricted Disentangled|Readout|CN=3|B0=3|B1=3|K=1280|L=320|p_B=0.75|p_C=0.75|B=2|eps=0|c5cf5f29-0828-4665-8316-69edf18d12bd/ already exists.
./circuit_plots/Unrestricted Disentangled|Readout|CN=3|B0=3|B1=3|K=1280|L=320|p_B=0.75|p_C=0.75|B=2|eps=0|c5cf5f29-0828-4665-8316-69edf18d12bd/ already exists.
Epoch: 5250, Loss: 5.701730728149414
Test acc: 0.0307, IC acc: 0.0447, IC acc2: 0.003, IW acc: 0.003
Epoch: 5251, Loss: 5.714980125427246
Epoch: 5252, Loss: 5.687559127807617
Epoch: 5253, Loss: 5.70013427734375
Epoch: 5254, Loss: 5.691612720489502
Epoch: 5255, Loss: 5.703754425048828
Epoch: 5256, Loss: 5.697282791137695
Epoch: 5257, Loss: 5.71922492980957
Epoch: 5258, Loss: 5.704197883605957
Epoch: 5259, Loss: 5.715680122375488
Epoch: 5260, Loss: 5.713894367218018
Test acc: 0.0308, IC acc: 0.045, IC acc2: 0.003, IW acc: 0.003
Epoch: 5261, Loss: 5.691784858703613
Epoch: 5262, Loss: 5.696070194244385
Epoch: 5263, Loss: 5.707633018493652
Epoch: 5264, Loss: 5.70161247253418
Epoch: 5265, Loss: 5.692474365234375
Epoch: 5266, Loss: 5.709160327911377
Epoch: 5267, Loss: 5.708916664123535
Epoch: 5268, Loss: 5.723287582397461
Epoch: 5269, Loss: 5.698568344116211
Epoch: 5270, Loss: 5.7134857177734375
Test acc: 0.0309, IC acc: 0.0448, IC acc2: 0.003, IW acc: 0.0031
Epoch: 5271, Loss: 5.7234296798706055
Epoch: 5272, Loss: 5.698262691497803
Epoch: 5273, Loss: 5.71130895614624
Epoch: 5274, Loss: 5.6971540451049805
Epoch: 5275, Loss: 5.69944953918457
Epoch: 5276, Loss: 5.697109699249268
Epoch: 5277, Loss: 5.697510719299316
Epoch: 5278, Loss: 5.69904088973999
Epoch: 5279, Loss: 5.702553749084473
Epoch: 5280, Loss: 5.6946916580200195
Test acc: 0.0311, IC acc: 0.0454, IC acc2: 0.003, IW acc: 0.0032
Epoch: 5281, Loss: 5.703194618225098
Epoch: 5282, Loss: 5.702307224273682
Epoch: 5283, Loss: 5.686843395233154
Epoch: 5284, Loss: 5.7039875984191895
Epoch: 5285, Loss: 5.700932502746582
Epoch: 5286, Loss: 5.704494476318359
Epoch: 5287, Loss: 5.6957550048828125
Epoch: 5288, Loss: 5.685622215270996
Epoch: 5289, Loss: 5.692989349365234
Epoch: 5290, Loss: 5.696966171264648
Test acc: 0.0311, IC acc: 0.0453, IC acc2: 0.003, IW acc: 0.0032
Epoch: 5291, Loss: 5.692120552062988
Epoch: 5292, Loss: 5.705171585083008
Epoch: 5293, Loss: 5.737334251403809
Epoch: 5294, Loss: 5.694033622741699
Epoch: 5295, Loss: 5.693831443786621
Epoch: 5296, Loss: 5.697007656097412
Epoch: 5297, Loss: 5.70819091796875
Epoch: 5298, Loss: 5.703021049499512
Epoch: 5299, Loss: 5.693005561828613
./circuit_plots/Unrestricted Disentangled|Readout|CN=3|B0=3|B1=3|K=1280|L=320|p_B=0.75|p_C=0.75|B=2|eps=0|c5cf5f29-0828-4665-8316-69edf18d12bd/ already exists.
./circuit_plots/Unrestricted Disentangled|Readout|CN=3|B0=3|B1=3|K=1280|L=320|p_B=0.75|p_C=0.75|B=2|eps=0|c5cf5f29-0828-4665-8316-69edf18d12bd/ already exists.
./circuit_plots/Unrestricted Disentangled|Readout|CN=3|B0=3|B1=3|K=1280|L=320|p_B=0.75|p_C=0.75|B=2|eps=0|c5cf5f29-0828-4665-8316-69edf18d12bd/ already exists.
./circuit_plots/Unrestricted Disentangled|Readout|CN=3|B0=3|B1=3|K=1280|L=320|p_B=0.75|p_C=0.75|B=2|eps=0|c5cf5f29-0828-4665-8316-69edf18d12bd/ already exists.
./circuit_plots/Unrestricted Disentangled|Readout|CN=3|B0=3|B1=3|K=1280|L=320|p_B=0.75|p_C=0.75|B=2|eps=0|c5cf5f29-0828-4665-8316-69edf18d12bd/ already exists.
./circuit_plots/Unrestricted Disentangled|Readout|CN=3|B0=3|B1=3|K=1280|L=320|p_B=0.75|p_C=0.75|B=2|eps=0|c5cf5f29-0828-4665-8316-69edf18d12bd/ already exists.
./circuit_plots/Unrestricted Disentangled|Readout|CN=3|B0=3|B1=3|K=1280|L=320|p_B=0.75|p_C=0.75|B=2|eps=0|c5cf5f29-0828-4665-8316-69edf18d12bd/ already exists.
Epoch: 5300, Loss: 5.68411922454834
Test acc: 0.0312, IC acc: 0.0452, IC acc2: 0.003, IW acc: 0.0031
Epoch: 5301, Loss: 5.6994948387146
Epoch: 5302, Loss: 5.691876411437988
Epoch: 5303, Loss: 5.68113899230957
Epoch: 5304, Loss: 5.693455696105957
Epoch: 5305, Loss: 5.695668697357178
Epoch: 5306, Loss: 5.693122386932373
Epoch: 5307, Loss: 5.706483840942383
Epoch: 5308, Loss: 5.705479145050049
Epoch: 5309, Loss: 5.700192928314209
Epoch: 5310, Loss: 5.691680908203125
Test acc: 0.0313, IC acc: 0.0454, IC acc2: 0.003, IW acc: 0.0031
Epoch: 5311, Loss: 5.696005821228027
Epoch: 5312, Loss: 5.687195301055908
Epoch: 5313, Loss: 5.6977691650390625
Epoch: 5314, Loss: 5.708481788635254
Epoch: 5315, Loss: 5.6900739669799805
Epoch: 5316, Loss: 5.709441184997559
Epoch: 5317, Loss: 5.705593109130859
Epoch: 5318, Loss: 5.70505428314209
Epoch: 5319, Loss: 5.721303462982178
Epoch: 5320, Loss: 5.688154220581055
Test acc: 0.0313, IC acc: 0.0457, IC acc2: 0.003, IW acc: 0.0032
Epoch: 5321, Loss: 5.679293155670166
Epoch: 5322, Loss: 5.701210975646973
Epoch: 5323, Loss: 5.706929683685303
Epoch: 5324, Loss: 5.709181308746338
Epoch: 5325, Loss: 5.70046329498291
Epoch: 5326, Loss: 5.696346759796143
Epoch: 5327, Loss: 5.707746505737305
Epoch: 5328, Loss: 5.6864776611328125
Epoch: 5329, Loss: 5.691752910614014
Epoch: 5330, Loss: 5.691673755645752
Test acc: 0.0315, IC acc: 0.0458, IC acc2: 0.003, IW acc: 0.0031
Epoch: 5331, Loss: 5.707245349884033
Epoch: 5332, Loss: 5.706493854522705
Epoch: 5333, Loss: 5.69276762008667
Epoch: 5334, Loss: 5.700613975524902
Epoch: 5335, Loss: 5.706695556640625
Epoch: 5336, Loss: 5.714972019195557
Epoch: 5337, Loss: 5.697141647338867
Epoch: 5338, Loss: 5.691471099853516
Epoch: 5339, Loss: 5.704821586608887
Epoch: 5340, Loss: 5.687832832336426
Test acc: 0.0316, IC acc: 0.0461, IC acc2: 0.003, IW acc: 0.0032
Epoch: 5341, Loss: 5.681539535522461
Epoch: 5342, Loss: 5.677415370941162
Epoch: 5343, Loss: 5.705437183380127
Epoch: 5344, Loss: 5.704206943511963
Epoch: 5345, Loss: 5.683515548706055
Epoch: 5346, Loss: 5.6902666091918945
Epoch: 5347, Loss: 5.7082319259643555
Epoch: 5348, Loss: 5.694037437438965
Epoch: 5349, Loss: 5.694280624389648
./circuit_plots/Unrestricted Disentangled|Readout|CN=3|B0=3|B1=3|K=1280|L=320|p_B=0.75|p_C=0.75|B=2|eps=0|c5cf5f29-0828-4665-8316-69edf18d12bd/ already exists.
./circuit_plots/Unrestricted Disentangled|Readout|CN=3|B0=3|B1=3|K=1280|L=320|p_B=0.75|p_C=0.75|B=2|eps=0|c5cf5f29-0828-4665-8316-69edf18d12bd/ already exists.
./circuit_plots/Unrestricted Disentangled|Readout|CN=3|B0=3|B1=3|K=1280|L=320|p_B=0.75|p_C=0.75|B=2|eps=0|c5cf5f29-0828-4665-8316-69edf18d12bd/ already exists.
./circuit_plots/Unrestricted Disentangled|Readout|CN=3|B0=3|B1=3|K=1280|L=320|p_B=0.75|p_C=0.75|B=2|eps=0|c5cf5f29-0828-4665-8316-69edf18d12bd/ already exists.
./circuit_plots/Unrestricted Disentangled|Readout|CN=3|B0=3|B1=3|K=1280|L=320|p_B=0.75|p_C=0.75|B=2|eps=0|c5cf5f29-0828-4665-8316-69edf18d12bd/ already exists.
./circuit_plots/Unrestricted Disentangled|Readout|CN=3|B0=3|B1=3|K=1280|L=320|p_B=0.75|p_C=0.75|B=2|eps=0|c5cf5f29-0828-4665-8316-69edf18d12bd/ already exists.
./circuit_plots/Unrestricted Disentangled|Readout|CN=3|B0=3|B1=3|K=1280|L=320|p_B=0.75|p_C=0.75|B=2|eps=0|c5cf5f29-0828-4665-8316-69edf18d12bd/ already exists.
Epoch: 5350, Loss: 5.700638771057129
Test acc: 0.0322, IC acc: 0.0459, IC acc2: 0.003, IW acc: 0.0032
Epoch: 5351, Loss: 5.70185661315918
Epoch: 5352, Loss: 5.689003944396973
Epoch: 5353, Loss: 5.681114673614502
Epoch: 5354, Loss: 5.711240768432617
Epoch: 5355, Loss: 5.695563793182373
Epoch: 5356, Loss: 5.692696571350098
Epoch: 5357, Loss: 5.703845977783203
Epoch: 5358, Loss: 5.698002815246582
Epoch: 5359, Loss: 5.708278656005859
Epoch: 5360, Loss: 5.6947340965271
Test acc: 0.0322, IC acc: 0.0461, IC acc2: 0.003, IW acc: 0.0032
Epoch: 5361, Loss: 5.707887172698975
Epoch: 5362, Loss: 5.684868812561035
Epoch: 5363, Loss: 5.7032856941223145
Epoch: 5364, Loss: 5.699589252471924
Epoch: 5365, Loss: 5.720107078552246
Epoch: 5366, Loss: 5.710183143615723
Epoch: 5367, Loss: 5.68328332901001
Epoch: 5368, Loss: 5.705793380737305
Epoch: 5369, Loss: 5.6893134117126465
Epoch: 5370, Loss: 5.713298797607422
Test acc: 0.0327, IC acc: 0.046, IC acc2: 0.003, IW acc: 0.0032
Epoch: 5371, Loss: 5.70897102355957
Epoch: 5372, Loss: 5.71182918548584
Epoch: 5373, Loss: 5.697181701660156
Epoch: 5374, Loss: 5.696097373962402
Epoch: 5375, Loss: 5.712075233459473
Epoch: 5376, Loss: 5.700616836547852
Epoch: 5377, Loss: 5.68544864654541
Epoch: 5378, Loss: 5.717048168182373
Epoch: 5379, Loss: 5.716536521911621
Epoch: 5380, Loss: 5.686169624328613
Test acc: 0.0328, IC acc: 0.046, IC acc2: 0.003, IW acc: 0.0032
Epoch: 5381, Loss: 5.702622413635254
Epoch: 5382, Loss: 5.684137344360352
Epoch: 5383, Loss: 5.70193338394165
Epoch: 5384, Loss: 5.696439743041992
Epoch: 5385, Loss: 5.688990116119385
Epoch: 5386, Loss: 5.7248663902282715
Epoch: 5387, Loss: 5.708521842956543
Epoch: 5388, Loss: 5.7043561935424805
Epoch: 5389, Loss: 5.70709228515625
Epoch: 5390, Loss: 5.690460205078125
Test acc: 0.033, IC acc: 0.0464, IC acc2: 0.003, IW acc: 0.0033
Epoch: 5391, Loss: 5.6876325607299805
Epoch: 5392, Loss: 5.6944122314453125
Epoch: 5393, Loss: 5.694580078125
Epoch: 5394, Loss: 5.705479621887207
Epoch: 5395, Loss: 5.708331108093262
Epoch: 5396, Loss: 5.722623825073242
Epoch: 5397, Loss: 5.7012152671813965
Epoch: 5398, Loss: 5.699665546417236
Epoch: 5399, Loss: 5.704063892364502
./circuit_plots/Unrestricted Disentangled|Readout|CN=3|B0=3|B1=3|K=1280|L=320|p_B=0.75|p_C=0.75|B=2|eps=0|c5cf5f29-0828-4665-8316-69edf18d12bd/ already exists.
./circuit_plots/Unrestricted Disentangled|Readout|CN=3|B0=3|B1=3|K=1280|L=320|p_B=0.75|p_C=0.75|B=2|eps=0|c5cf5f29-0828-4665-8316-69edf18d12bd/ already exists.
./circuit_plots/Unrestricted Disentangled|Readout|CN=3|B0=3|B1=3|K=1280|L=320|p_B=0.75|p_C=0.75|B=2|eps=0|c5cf5f29-0828-4665-8316-69edf18d12bd/ already exists.
./circuit_plots/Unrestricted Disentangled|Readout|CN=3|B0=3|B1=3|K=1280|L=320|p_B=0.75|p_C=0.75|B=2|eps=0|c5cf5f29-0828-4665-8316-69edf18d12bd/ already exists.
./circuit_plots/Unrestricted Disentangled|Readout|CN=3|B0=3|B1=3|K=1280|L=320|p_B=0.75|p_C=0.75|B=2|eps=0|c5cf5f29-0828-4665-8316-69edf18d12bd/ already exists.
./circuit_plots/Unrestricted Disentangled|Readout|CN=3|B0=3|B1=3|K=1280|L=320|p_B=0.75|p_C=0.75|B=2|eps=0|c5cf5f29-0828-4665-8316-69edf18d12bd/ already exists.
./circuit_plots/Unrestricted Disentangled|Readout|CN=3|B0=3|B1=3|K=1280|L=320|p_B=0.75|p_C=0.75|B=2|eps=0|c5cf5f29-0828-4665-8316-69edf18d12bd/ already exists.
Epoch: 5400, Loss: 5.694012641906738
Test acc: 0.0331, IC acc: 0.0465, IC acc2: 0.003, IW acc: 0.0033
Epoch: 5401, Loss: 5.668035984039307
Epoch: 5402, Loss: 5.70380973815918
Epoch: 5403, Loss: 5.6860246658325195
Epoch: 5404, Loss: 5.71860408782959
Epoch: 5405, Loss: 5.691579341888428
Epoch: 5406, Loss: 5.692811012268066
Epoch: 5407, Loss: 5.709604263305664
Epoch: 5408, Loss: 5.689374923706055
Epoch: 5409, Loss: 5.711610794067383
Epoch: 5410, Loss: 5.694367408752441
Test acc: 0.0332, IC acc: 0.0471, IC acc2: 0.003, IW acc: 0.0033
Epoch: 5411, Loss: 5.682798385620117
Epoch: 5412, Loss: 5.707729339599609
Epoch: 5413, Loss: 5.694336414337158
Epoch: 5414, Loss: 5.709593772888184
Epoch: 5415, Loss: 5.69122314453125
Epoch: 5416, Loss: 5.708085060119629
Epoch: 5417, Loss: 5.695415496826172
Epoch: 5418, Loss: 5.692068099975586
Epoch: 5419, Loss: 5.698390007019043
Epoch: 5420, Loss: 5.689088344573975
Test acc: 0.0333, IC acc: 0.0472, IC acc2: 0.003, IW acc: 0.0033
Epoch: 5421, Loss: 5.676229476928711
Epoch: 5422, Loss: 5.70751953125
Epoch: 5423, Loss: 5.698139667510986
Epoch: 5424, Loss: 5.684839248657227
Epoch: 5425, Loss: 5.680931091308594
Epoch: 5426, Loss: 5.710326194763184
Epoch: 5427, Loss: 5.701848030090332
Epoch: 5428, Loss: 5.7121992111206055
Epoch: 5429, Loss: 5.707860469818115
Epoch: 5430, Loss: 5.6771650314331055
Test acc: 0.0332, IC acc: 0.0473, IC acc2: 0.003, IW acc: 0.0033
Epoch: 5431, Loss: 5.690507888793945
Epoch: 5432, Loss: 5.708432197570801
Epoch: 5433, Loss: 5.7020649909973145
Epoch: 5434, Loss: 5.697277069091797
Epoch: 5435, Loss: 5.6957244873046875
Epoch: 5436, Loss: 5.706713676452637
Epoch: 5437, Loss: 5.699469566345215
Epoch: 5438, Loss: 5.697640895843506
Epoch: 5439, Loss: 5.680875778198242
Epoch: 5440, Loss: 5.714450836181641
Test acc: 0.0331, IC acc: 0.0475, IC acc2: 0.003, IW acc: 0.0033
Epoch: 5441, Loss: 5.69782829284668
Epoch: 5442, Loss: 5.701004981994629
Epoch: 5443, Loss: 5.692927837371826
Epoch: 5444, Loss: 5.710446357727051
Epoch: 5445, Loss: 5.713286399841309
Epoch: 5446, Loss: 5.690491676330566
Epoch: 5447, Loss: 5.689012050628662
Epoch: 5448, Loss: 5.69354772567749
Epoch: 5449, Loss: 5.716642379760742
./circuit_plots/Unrestricted Disentangled|Readout|CN=3|B0=3|B1=3|K=1280|L=320|p_B=0.75|p_C=0.75|B=2|eps=0|c5cf5f29-0828-4665-8316-69edf18d12bd/ already exists.
./circuit_plots/Unrestricted Disentangled|Readout|CN=3|B0=3|B1=3|K=1280|L=320|p_B=0.75|p_C=0.75|B=2|eps=0|c5cf5f29-0828-4665-8316-69edf18d12bd/ already exists.
./circuit_plots/Unrestricted Disentangled|Readout|CN=3|B0=3|B1=3|K=1280|L=320|p_B=0.75|p_C=0.75|B=2|eps=0|c5cf5f29-0828-4665-8316-69edf18d12bd/ already exists.
./circuit_plots/Unrestricted Disentangled|Readout|CN=3|B0=3|B1=3|K=1280|L=320|p_B=0.75|p_C=0.75|B=2|eps=0|c5cf5f29-0828-4665-8316-69edf18d12bd/ already exists.
./circuit_plots/Unrestricted Disentangled|Readout|CN=3|B0=3|B1=3|K=1280|L=320|p_B=0.75|p_C=0.75|B=2|eps=0|c5cf5f29-0828-4665-8316-69edf18d12bd/ already exists.
./circuit_plots/Unrestricted Disentangled|Readout|CN=3|B0=3|B1=3|K=1280|L=320|p_B=0.75|p_C=0.75|B=2|eps=0|c5cf5f29-0828-4665-8316-69edf18d12bd/ already exists.
./circuit_plots/Unrestricted Disentangled|Readout|CN=3|B0=3|B1=3|K=1280|L=320|p_B=0.75|p_C=0.75|B=2|eps=0|c5cf5f29-0828-4665-8316-69edf18d12bd/ already exists.
Epoch: 5450, Loss: 5.674602031707764
Test acc: 0.0331, IC acc: 0.0477, IC acc2: 0.003, IW acc: 0.0033
Epoch: 5451, Loss: 5.70726203918457
Epoch: 5452, Loss: 5.710569381713867
Epoch: 5453, Loss: 5.715915203094482
Epoch: 5454, Loss: 5.693678855895996
Epoch: 5455, Loss: 5.695178985595703
Epoch: 5456, Loss: 5.695094108581543
Epoch: 5457, Loss: 5.67945671081543
Epoch: 5458, Loss: 5.696763038635254
Epoch: 5459, Loss: 5.701922416687012
Epoch: 5460, Loss: 5.710658073425293
Test acc: 0.0333, IC acc: 0.0482, IC acc2: 0.003, IW acc: 0.0033
Epoch: 5461, Loss: 5.701869487762451
Epoch: 5462, Loss: 5.665555000305176
Epoch: 5463, Loss: 5.6724748611450195
Epoch: 5464, Loss: 5.682119369506836
Epoch: 5465, Loss: 5.703104019165039
Epoch: 5466, Loss: 5.711660385131836
Epoch: 5467, Loss: 5.7086286544799805
Epoch: 5468, Loss: 5.691893577575684
Epoch: 5469, Loss: 5.707138538360596
Epoch: 5470, Loss: 5.688363075256348
Test acc: 0.0334, IC acc: 0.0484, IC acc2: 0.003, IW acc: 0.0033
Epoch: 5471, Loss: 5.702829837799072
Epoch: 5472, Loss: 5.695302963256836
Epoch: 5473, Loss: 5.706090927124023
Epoch: 5474, Loss: 5.708465576171875
Epoch: 5475, Loss: 5.697649002075195
Epoch: 5476, Loss: 5.704564094543457
Epoch: 5477, Loss: 5.694206714630127
Epoch: 5478, Loss: 5.697560787200928
Epoch: 5479, Loss: 5.707467555999756
Epoch: 5480, Loss: 5.684103012084961
Test acc: 0.0337, IC acc: 0.0486, IC acc2: 0.003, IW acc: 0.0033
Epoch: 5481, Loss: 5.703048229217529
Epoch: 5482, Loss: 5.697563171386719
Epoch: 5483, Loss: 5.705145835876465
Epoch: 5484, Loss: 5.70362663269043
Epoch: 5485, Loss: 5.707549095153809
Epoch: 5486, Loss: 5.66042423248291
Epoch: 5487, Loss: 5.688564300537109
Epoch: 5488, Loss: 5.6890950202941895
Epoch: 5489, Loss: 5.692145347595215
Epoch: 5490, Loss: 5.701547622680664
Test acc: 0.034, IC acc: 0.0489, IC acc2: 0.003, IW acc: 0.0033
Epoch: 5491, Loss: 5.693747043609619
Epoch: 5492, Loss: 5.719411373138428
Epoch: 5493, Loss: 5.6919708251953125
Epoch: 5494, Loss: 5.691244125366211
Epoch: 5495, Loss: 5.706011772155762
Epoch: 5496, Loss: 5.700833320617676
Epoch: 5497, Loss: 5.719337463378906
Epoch: 5498, Loss: 5.7116265296936035
Epoch: 5499, Loss: 5.695194244384766
./circuit_plots/Unrestricted Disentangled|Readout|CN=3|B0=3|B1=3|K=1280|L=320|p_B=0.75|p_C=0.75|B=2|eps=0|c5cf5f29-0828-4665-8316-69edf18d12bd/ already exists.
./circuit_plots/Unrestricted Disentangled|Readout|CN=3|B0=3|B1=3|K=1280|L=320|p_B=0.75|p_C=0.75|B=2|eps=0|c5cf5f29-0828-4665-8316-69edf18d12bd/ already exists.
./circuit_plots/Unrestricted Disentangled|Readout|CN=3|B0=3|B1=3|K=1280|L=320|p_B=0.75|p_C=0.75|B=2|eps=0|c5cf5f29-0828-4665-8316-69edf18d12bd/ already exists.
./circuit_plots/Unrestricted Disentangled|Readout|CN=3|B0=3|B1=3|K=1280|L=320|p_B=0.75|p_C=0.75|B=2|eps=0|c5cf5f29-0828-4665-8316-69edf18d12bd/ already exists.
./circuit_plots/Unrestricted Disentangled|Readout|CN=3|B0=3|B1=3|K=1280|L=320|p_B=0.75|p_C=0.75|B=2|eps=0|c5cf5f29-0828-4665-8316-69edf18d12bd/ already exists.
./circuit_plots/Unrestricted Disentangled|Readout|CN=3|B0=3|B1=3|K=1280|L=320|p_B=0.75|p_C=0.75|B=2|eps=0|c5cf5f29-0828-4665-8316-69edf18d12bd/ already exists.
./circuit_plots/Unrestricted Disentangled|Readout|CN=3|B0=3|B1=3|K=1280|L=320|p_B=0.75|p_C=0.75|B=2|eps=0|c5cf5f29-0828-4665-8316-69edf18d12bd/ already exists.
Epoch: 5500, Loss: 5.701806545257568
Test acc: 0.034, IC acc: 0.0491, IC acc2: 0.0031, IW acc: 0.0033
Epoch: 5501, Loss: 5.715363502502441
Epoch: 5502, Loss: 5.68890380859375
Epoch: 5503, Loss: 5.67153263092041
Epoch: 5504, Loss: 5.702877998352051
Epoch: 5505, Loss: 5.660104751586914
Epoch: 5506, Loss: 5.714007377624512
Epoch: 5507, Loss: 5.70973014831543
Epoch: 5508, Loss: 5.704952716827393
Epoch: 5509, Loss: 5.706773281097412
Epoch: 5510, Loss: 5.702403545379639
Test acc: 0.0343, IC acc: 0.0494, IC acc2: 0.003, IW acc: 0.0033
Epoch: 5511, Loss: 5.704164505004883
Epoch: 5512, Loss: 5.6790056228637695
Epoch: 5513, Loss: 5.695647239685059
Epoch: 5514, Loss: 5.704941749572754
Epoch: 5515, Loss: 5.6711649894714355
Epoch: 5516, Loss: 5.702013969421387
Epoch: 5517, Loss: 5.71010684967041
Epoch: 5518, Loss: 5.6830267906188965
Epoch: 5519, Loss: 5.686877727508545
Epoch: 5520, Loss: 5.698553085327148
Test acc: 0.0343, IC acc: 0.0497, IC acc2: 0.003, IW acc: 0.0033
Epoch: 5521, Loss: 5.698071479797363
Epoch: 5522, Loss: 5.701502799987793
Epoch: 5523, Loss: 5.695503234863281
Epoch: 5524, Loss: 5.700354099273682
Epoch: 5525, Loss: 5.695895195007324
Epoch: 5526, Loss: 5.694451332092285
Epoch: 5527, Loss: 5.704308986663818
Epoch: 5528, Loss: 5.694611072540283
Epoch: 5529, Loss: 5.695159912109375
Epoch: 5530, Loss: 5.701840400695801
Test acc: 0.0344, IC acc: 0.0497, IC acc2: 0.003, IW acc: 0.0033
Epoch: 5531, Loss: 5.6834588050842285
Epoch: 5532, Loss: 5.668667793273926
Epoch: 5533, Loss: 5.704780101776123
Epoch: 5534, Loss: 5.6986613273620605
Epoch: 5535, Loss: 5.688058853149414
Epoch: 5536, Loss: 5.690066814422607
Epoch: 5537, Loss: 5.679215431213379
Epoch: 5538, Loss: 5.710752487182617
Epoch: 5539, Loss: 5.706024169921875
Epoch: 5540, Loss: 5.702934741973877
Test acc: 0.0349, IC acc: 0.0496, IC acc2: 0.003, IW acc: 0.0033
Epoch: 5541, Loss: 5.694797039031982
Epoch: 5542, Loss: 5.697575092315674
Epoch: 5543, Loss: 5.687854766845703
Epoch: 5544, Loss: 5.687370300292969
Epoch: 5545, Loss: 5.702397346496582
Epoch: 5546, Loss: 5.707053184509277
Epoch: 5547, Loss: 5.702327251434326
Epoch: 5548, Loss: 5.703068733215332
Epoch: 5549, Loss: 5.694262981414795
./circuit_plots/Unrestricted Disentangled|Readout|CN=3|B0=3|B1=3|K=1280|L=320|p_B=0.75|p_C=0.75|B=2|eps=0|c5cf5f29-0828-4665-8316-69edf18d12bd/ already exists.
./circuit_plots/Unrestricted Disentangled|Readout|CN=3|B0=3|B1=3|K=1280|L=320|p_B=0.75|p_C=0.75|B=2|eps=0|c5cf5f29-0828-4665-8316-69edf18d12bd/ already exists.
./circuit_plots/Unrestricted Disentangled|Readout|CN=3|B0=3|B1=3|K=1280|L=320|p_B=0.75|p_C=0.75|B=2|eps=0|c5cf5f29-0828-4665-8316-69edf18d12bd/ already exists.
./circuit_plots/Unrestricted Disentangled|Readout|CN=3|B0=3|B1=3|K=1280|L=320|p_B=0.75|p_C=0.75|B=2|eps=0|c5cf5f29-0828-4665-8316-69edf18d12bd/ already exists.
./circuit_plots/Unrestricted Disentangled|Readout|CN=3|B0=3|B1=3|K=1280|L=320|p_B=0.75|p_C=0.75|B=2|eps=0|c5cf5f29-0828-4665-8316-69edf18d12bd/ already exists.
./circuit_plots/Unrestricted Disentangled|Readout|CN=3|B0=3|B1=3|K=1280|L=320|p_B=0.75|p_C=0.75|B=2|eps=0|c5cf5f29-0828-4665-8316-69edf18d12bd/ already exists.
./circuit_plots/Unrestricted Disentangled|Readout|CN=3|B0=3|B1=3|K=1280|L=320|p_B=0.75|p_C=0.75|B=2|eps=0|c5cf5f29-0828-4665-8316-69edf18d12bd/ already exists.
Epoch: 5550, Loss: 5.693563461303711
Test acc: 0.0349, IC acc: 0.0497, IC acc2: 0.003, IW acc: 0.0033
Epoch: 5551, Loss: 5.697466850280762
Epoch: 5552, Loss: 5.696882724761963
Epoch: 5553, Loss: 5.683506965637207
Epoch: 5554, Loss: 5.700353145599365
Epoch: 5555, Loss: 5.68111515045166
Epoch: 5556, Loss: 5.687582492828369
Epoch: 5557, Loss: 5.702467441558838
Epoch: 5558, Loss: 5.723542213439941
Epoch: 5559, Loss: 5.699261665344238
Epoch: 5560, Loss: 5.691370964050293
Test acc: 0.0349, IC acc: 0.05, IC acc2: 0.003, IW acc: 0.0033
Epoch: 5561, Loss: 5.689497947692871
Epoch: 5562, Loss: 5.682410717010498
Epoch: 5563, Loss: 5.692324638366699
Epoch: 5564, Loss: 5.68473482131958
Epoch: 5565, Loss: 5.685643672943115
Epoch: 5566, Loss: 5.690312385559082
Epoch: 5567, Loss: 5.685487747192383
Epoch: 5568, Loss: 5.698555946350098
Epoch: 5569, Loss: 5.669519424438477
Epoch: 5570, Loss: 5.691079139709473
Test acc: 0.035, IC acc: 0.0501, IC acc2: 0.003, IW acc: 0.0033
Epoch: 5571, Loss: 5.691930294036865
Epoch: 5572, Loss: 5.68623161315918
Epoch: 5573, Loss: 5.690860271453857
Epoch: 5574, Loss: 5.702001571655273
Epoch: 5575, Loss: 5.707594871520996
Epoch: 5576, Loss: 5.7012939453125
Epoch: 5577, Loss: 5.689229965209961
Epoch: 5578, Loss: 5.689510822296143
Epoch: 5579, Loss: 5.679736137390137
Epoch: 5580, Loss: 5.710723400115967
Test acc: 0.0351, IC acc: 0.0505, IC acc2: 0.003, IW acc: 0.0033
Epoch: 5581, Loss: 5.705002307891846
Epoch: 5582, Loss: 5.720621109008789
Epoch: 5583, Loss: 5.691582202911377
Epoch: 5584, Loss: 5.677863597869873
Epoch: 5585, Loss: 5.706896781921387
Epoch: 5586, Loss: 5.706357955932617
Epoch: 5587, Loss: 5.6920166015625
Epoch: 5588, Loss: 5.687124252319336
Epoch: 5589, Loss: 5.693970680236816
Epoch: 5590, Loss: 5.681884765625
Test acc: 0.0352, IC acc: 0.0504, IC acc2: 0.003, IW acc: 0.0033
Epoch: 5591, Loss: 5.6898603439331055
Epoch: 5592, Loss: 5.712088584899902
Epoch: 5593, Loss: 5.701857089996338
Epoch: 5594, Loss: 5.696329593658447
Epoch: 5595, Loss: 5.697139739990234
Epoch: 5596, Loss: 5.712272644042969
Epoch: 5597, Loss: 5.694164276123047
Epoch: 5598, Loss: 5.698981761932373
Epoch: 5599, Loss: 5.688265800476074
./circuit_plots/Unrestricted Disentangled|Readout|CN=3|B0=3|B1=3|K=1280|L=320|p_B=0.75|p_C=0.75|B=2|eps=0|c5cf5f29-0828-4665-8316-69edf18d12bd/ already exists.
./circuit_plots/Unrestricted Disentangled|Readout|CN=3|B0=3|B1=3|K=1280|L=320|p_B=0.75|p_C=0.75|B=2|eps=0|c5cf5f29-0828-4665-8316-69edf18d12bd/ already exists.
./circuit_plots/Unrestricted Disentangled|Readout|CN=3|B0=3|B1=3|K=1280|L=320|p_B=0.75|p_C=0.75|B=2|eps=0|c5cf5f29-0828-4665-8316-69edf18d12bd/ already exists.
./circuit_plots/Unrestricted Disentangled|Readout|CN=3|B0=3|B1=3|K=1280|L=320|p_B=0.75|p_C=0.75|B=2|eps=0|c5cf5f29-0828-4665-8316-69edf18d12bd/ already exists.
./circuit_plots/Unrestricted Disentangled|Readout|CN=3|B0=3|B1=3|K=1280|L=320|p_B=0.75|p_C=0.75|B=2|eps=0|c5cf5f29-0828-4665-8316-69edf18d12bd/ already exists.
./circuit_plots/Unrestricted Disentangled|Readout|CN=3|B0=3|B1=3|K=1280|L=320|p_B=0.75|p_C=0.75|B=2|eps=0|c5cf5f29-0828-4665-8316-69edf18d12bd/ already exists.
./circuit_plots/Unrestricted Disentangled|Readout|CN=3|B0=3|B1=3|K=1280|L=320|p_B=0.75|p_C=0.75|B=2|eps=0|c5cf5f29-0828-4665-8316-69edf18d12bd/ already exists.
Epoch: 5600, Loss: 5.708889961242676
Test acc: 0.0354, IC acc: 0.051, IC acc2: 0.003, IW acc: 0.0033
Epoch: 5601, Loss: 5.672756195068359
Epoch: 5602, Loss: 5.69348669052124
Epoch: 5603, Loss: 5.713967323303223
Epoch: 5604, Loss: 5.692541122436523
Epoch: 5605, Loss: 5.679579734802246
Epoch: 5606, Loss: 5.689696788787842
Epoch: 5607, Loss: 5.720218658447266
Epoch: 5608, Loss: 5.683731555938721
Epoch: 5609, Loss: 5.689829349517822
Epoch: 5610, Loss: 5.710405349731445
Test acc: 0.0355, IC acc: 0.0517, IC acc2: 0.003, IW acc: 0.0033
Epoch: 5611, Loss: 5.699954986572266
Epoch: 5612, Loss: 5.694243431091309
Epoch: 5613, Loss: 5.707348346710205
Epoch: 5614, Loss: 5.700599670410156
Epoch: 5615, Loss: 5.698729515075684
Epoch: 5616, Loss: 5.71651554107666
Epoch: 5617, Loss: 5.683335781097412
Epoch: 5618, Loss: 5.696585655212402
Epoch: 5619, Loss: 5.691897869110107
Epoch: 5620, Loss: 5.6929521560668945
Test acc: 0.0356, IC acc: 0.0515, IC acc2: 0.003, IW acc: 0.0033
Epoch: 5621, Loss: 5.689388275146484
Epoch: 5622, Loss: 5.694422721862793
Epoch: 5623, Loss: 5.696978569030762
Epoch: 5624, Loss: 5.700922012329102
Epoch: 5625, Loss: 5.7001495361328125
Epoch: 5626, Loss: 5.68147087097168
Epoch: 5627, Loss: 5.684831142425537
Epoch: 5628, Loss: 5.709987640380859
Epoch: 5629, Loss: 5.670650959014893
Epoch: 5630, Loss: 5.703929424285889
Test acc: 0.036, IC acc: 0.0516, IC acc2: 0.003, IW acc: 0.0033
Epoch: 5631, Loss: 5.713452339172363
Epoch: 5632, Loss: 5.684235572814941
Epoch: 5633, Loss: 5.699453353881836
Epoch: 5634, Loss: 5.706258773803711
Epoch: 5635, Loss: 5.691526412963867
Epoch: 5636, Loss: 5.692198753356934
Epoch: 5637, Loss: 5.675831317901611
Epoch: 5638, Loss: 5.706274032592773
Epoch: 5639, Loss: 5.702943801879883
Epoch: 5640, Loss: 5.6777143478393555
Test acc: 0.0359, IC acc: 0.0517, IC acc2: 0.003, IW acc: 0.0033
Epoch: 5641, Loss: 5.707918167114258
Epoch: 5642, Loss: 5.686623573303223
Epoch: 5643, Loss: 5.696079254150391
Epoch: 5644, Loss: 5.688429832458496
Epoch: 5645, Loss: 5.661498546600342
Epoch: 5646, Loss: 5.696564674377441
Epoch: 5647, Loss: 5.691021919250488
Epoch: 5648, Loss: 5.679564476013184
Epoch: 5649, Loss: 5.698586463928223
./circuit_plots/Unrestricted Disentangled|Readout|CN=3|B0=3|B1=3|K=1280|L=320|p_B=0.75|p_C=0.75|B=2|eps=0|c5cf5f29-0828-4665-8316-69edf18d12bd/ already exists.
./circuit_plots/Unrestricted Disentangled|Readout|CN=3|B0=3|B1=3|K=1280|L=320|p_B=0.75|p_C=0.75|B=2|eps=0|c5cf5f29-0828-4665-8316-69edf18d12bd/ already exists.
./circuit_plots/Unrestricted Disentangled|Readout|CN=3|B0=3|B1=3|K=1280|L=320|p_B=0.75|p_C=0.75|B=2|eps=0|c5cf5f29-0828-4665-8316-69edf18d12bd/ already exists.
./circuit_plots/Unrestricted Disentangled|Readout|CN=3|B0=3|B1=3|K=1280|L=320|p_B=0.75|p_C=0.75|B=2|eps=0|c5cf5f29-0828-4665-8316-69edf18d12bd/ already exists.
./circuit_plots/Unrestricted Disentangled|Readout|CN=3|B0=3|B1=3|K=1280|L=320|p_B=0.75|p_C=0.75|B=2|eps=0|c5cf5f29-0828-4665-8316-69edf18d12bd/ already exists.
./circuit_plots/Unrestricted Disentangled|Readout|CN=3|B0=3|B1=3|K=1280|L=320|p_B=0.75|p_C=0.75|B=2|eps=0|c5cf5f29-0828-4665-8316-69edf18d12bd/ already exists.
./circuit_plots/Unrestricted Disentangled|Readout|CN=3|B0=3|B1=3|K=1280|L=320|p_B=0.75|p_C=0.75|B=2|eps=0|c5cf5f29-0828-4665-8316-69edf18d12bd/ already exists.
Epoch: 5650, Loss: 5.685081481933594
Test acc: 0.0361, IC acc: 0.0519, IC acc2: 0.003, IW acc: 0.0033
Epoch: 5651, Loss: 5.699471950531006
Epoch: 5652, Loss: 5.678651809692383
Epoch: 5653, Loss: 5.689220428466797
Epoch: 5654, Loss: 5.691720008850098
Epoch: 5655, Loss: 5.704847812652588
Epoch: 5656, Loss: 5.683820724487305
Epoch: 5657, Loss: 5.673528671264648
Epoch: 5658, Loss: 5.698395252227783
Epoch: 5659, Loss: 5.694790840148926
Epoch: 5660, Loss: 5.698987007141113
Test acc: 0.0363, IC acc: 0.0519, IC acc2: 0.0031, IW acc: 0.0033
Epoch: 5661, Loss: 5.710383415222168
Epoch: 5662, Loss: 5.6816935539245605
Epoch: 5663, Loss: 5.699309349060059
Epoch: 5664, Loss: 5.6970696449279785
Epoch: 5665, Loss: 5.682738780975342
Epoch: 5666, Loss: 5.686957359313965
Epoch: 5667, Loss: 5.68648624420166
Epoch: 5668, Loss: 5.715106964111328
Epoch: 5669, Loss: 5.706531047821045
Epoch: 5670, Loss: 5.670238018035889
Test acc: 0.0363, IC acc: 0.0521, IC acc2: 0.0031, IW acc: 0.0033
Epoch: 5671, Loss: 5.672783851623535
Epoch: 5672, Loss: 5.6992034912109375
Epoch: 5673, Loss: 5.723170280456543
Epoch: 5674, Loss: 5.688117027282715
Epoch: 5675, Loss: 5.705695629119873
Epoch: 5676, Loss: 5.694498062133789
Epoch: 5677, Loss: 5.685750961303711
Epoch: 5678, Loss: 5.69572114944458
Epoch: 5679, Loss: 5.706456184387207
Epoch: 5680, Loss: 5.675868034362793
Test acc: 0.0367, IC acc: 0.0524, IC acc2: 0.0031, IW acc: 0.0034
Epoch: 5681, Loss: 5.693106174468994
Epoch: 5682, Loss: 5.692446708679199
Epoch: 5683, Loss: 5.690400123596191
Epoch: 5684, Loss: 5.687010765075684
Epoch: 5685, Loss: 5.672347545623779
Epoch: 5686, Loss: 5.6648712158203125
Epoch: 5687, Loss: 5.706133842468262
Epoch: 5688, Loss: 5.700810432434082
Epoch: 5689, Loss: 5.670823574066162
Epoch: 5690, Loss: 5.692025661468506
Test acc: 0.0369, IC acc: 0.0529, IC acc2: 0.0032, IW acc: 0.0034
Epoch: 5691, Loss: 5.697253227233887
Epoch: 5692, Loss: 5.683141708374023
Epoch: 5693, Loss: 5.695347785949707
Epoch: 5694, Loss: 5.703069686889648
Epoch: 5695, Loss: 5.683259010314941
Epoch: 5696, Loss: 5.688654899597168
Epoch: 5697, Loss: 5.701329231262207
Epoch: 5698, Loss: 5.698817729949951
Epoch: 5699, Loss: 5.689747333526611
./circuit_plots/Unrestricted Disentangled|Readout|CN=3|B0=3|B1=3|K=1280|L=320|p_B=0.75|p_C=0.75|B=2|eps=0|c5cf5f29-0828-4665-8316-69edf18d12bd/ already exists.
./circuit_plots/Unrestricted Disentangled|Readout|CN=3|B0=3|B1=3|K=1280|L=320|p_B=0.75|p_C=0.75|B=2|eps=0|c5cf5f29-0828-4665-8316-69edf18d12bd/ already exists.
./circuit_plots/Unrestricted Disentangled|Readout|CN=3|B0=3|B1=3|K=1280|L=320|p_B=0.75|p_C=0.75|B=2|eps=0|c5cf5f29-0828-4665-8316-69edf18d12bd/ already exists.
./circuit_plots/Unrestricted Disentangled|Readout|CN=3|B0=3|B1=3|K=1280|L=320|p_B=0.75|p_C=0.75|B=2|eps=0|c5cf5f29-0828-4665-8316-69edf18d12bd/ already exists.
./circuit_plots/Unrestricted Disentangled|Readout|CN=3|B0=3|B1=3|K=1280|L=320|p_B=0.75|p_C=0.75|B=2|eps=0|c5cf5f29-0828-4665-8316-69edf18d12bd/ already exists.
./circuit_plots/Unrestricted Disentangled|Readout|CN=3|B0=3|B1=3|K=1280|L=320|p_B=0.75|p_C=0.75|B=2|eps=0|c5cf5f29-0828-4665-8316-69edf18d12bd/ already exists.
./circuit_plots/Unrestricted Disentangled|Readout|CN=3|B0=3|B1=3|K=1280|L=320|p_B=0.75|p_C=0.75|B=2|eps=0|c5cf5f29-0828-4665-8316-69edf18d12bd/ already exists.
Epoch: 5700, Loss: 5.685783386230469
Test acc: 0.037, IC acc: 0.0534, IC acc2: 0.0032, IW acc: 0.0034
Epoch: 5701, Loss: 5.663729667663574
Epoch: 5702, Loss: 5.685670852661133
Epoch: 5703, Loss: 5.689228534698486
Epoch: 5704, Loss: 5.71571683883667
Epoch: 5705, Loss: 5.685649871826172
Epoch: 5706, Loss: 5.709928512573242
Epoch: 5707, Loss: 5.6993255615234375
Epoch: 5708, Loss: 5.695115089416504
Epoch: 5709, Loss: 5.69763708114624
Epoch: 5710, Loss: 5.692811012268066
Test acc: 0.037, IC acc: 0.0535, IC acc2: 0.0031, IW acc: 0.0034
Epoch: 5711, Loss: 5.6838274002075195
Epoch: 5712, Loss: 5.692814826965332
Epoch: 5713, Loss: 5.693113327026367
Epoch: 5714, Loss: 5.72410774230957
Epoch: 5715, Loss: 5.674832820892334
Epoch: 5716, Loss: 5.693386077880859
Epoch: 5717, Loss: 5.694575786590576
Epoch: 5718, Loss: 5.6814799308776855
Epoch: 5719, Loss: 5.6857500076293945
Epoch: 5720, Loss: 5.687242031097412
Test acc: 0.0372, IC acc: 0.0535, IC acc2: 0.003, IW acc: 0.0034
Epoch: 5721, Loss: 5.691219329833984
Epoch: 5722, Loss: 5.669802665710449
Epoch: 5723, Loss: 5.674225807189941
Epoch: 5724, Loss: 5.699609756469727
Epoch: 5725, Loss: 5.6908063888549805
Epoch: 5726, Loss: 5.691669940948486
Epoch: 5727, Loss: 5.692586898803711
Epoch: 5728, Loss: 5.694711208343506
Epoch: 5729, Loss: 5.689279556274414
Epoch: 5730, Loss: 5.697368621826172
Test acc: 0.0376, IC acc: 0.0539, IC acc2: 0.003, IW acc: 0.0034
Epoch: 5731, Loss: 5.689934253692627
Epoch: 5732, Loss: 5.689531326293945
Epoch: 5733, Loss: 5.706446647644043
Epoch: 5734, Loss: 5.680730819702148
Epoch: 5735, Loss: 5.705029487609863
Epoch: 5736, Loss: 5.6847686767578125
Epoch: 5737, Loss: 5.705848693847656
Epoch: 5738, Loss: 5.702516555786133
Epoch: 5739, Loss: 5.6875810623168945
Epoch: 5740, Loss: 5.6988325119018555
Test acc: 0.0377, IC acc: 0.0539, IC acc2: 0.003, IW acc: 0.0034
Epoch: 5741, Loss: 5.700831413269043
Epoch: 5742, Loss: 5.681593894958496
Epoch: 5743, Loss: 5.682055473327637
Epoch: 5744, Loss: 5.694103240966797
Epoch: 5745, Loss: 5.694602012634277
Epoch: 5746, Loss: 5.66792631149292
Epoch: 5747, Loss: 5.693268299102783
Epoch: 5748, Loss: 5.7001752853393555
Epoch: 5749, Loss: 5.68526554107666
./circuit_plots/Unrestricted Disentangled|Readout|CN=3|B0=3|B1=3|K=1280|L=320|p_B=0.75|p_C=0.75|B=2|eps=0|c5cf5f29-0828-4665-8316-69edf18d12bd/ already exists.
./circuit_plots/Unrestricted Disentangled|Readout|CN=3|B0=3|B1=3|K=1280|L=320|p_B=0.75|p_C=0.75|B=2|eps=0|c5cf5f29-0828-4665-8316-69edf18d12bd/ already exists.
./circuit_plots/Unrestricted Disentangled|Readout|CN=3|B0=3|B1=3|K=1280|L=320|p_B=0.75|p_C=0.75|B=2|eps=0|c5cf5f29-0828-4665-8316-69edf18d12bd/ already exists.
./circuit_plots/Unrestricted Disentangled|Readout|CN=3|B0=3|B1=3|K=1280|L=320|p_B=0.75|p_C=0.75|B=2|eps=0|c5cf5f29-0828-4665-8316-69edf18d12bd/ already exists.
./circuit_plots/Unrestricted Disentangled|Readout|CN=3|B0=3|B1=3|K=1280|L=320|p_B=0.75|p_C=0.75|B=2|eps=0|c5cf5f29-0828-4665-8316-69edf18d12bd/ already exists.
./circuit_plots/Unrestricted Disentangled|Readout|CN=3|B0=3|B1=3|K=1280|L=320|p_B=0.75|p_C=0.75|B=2|eps=0|c5cf5f29-0828-4665-8316-69edf18d12bd/ already exists.
./circuit_plots/Unrestricted Disentangled|Readout|CN=3|B0=3|B1=3|K=1280|L=320|p_B=0.75|p_C=0.75|B=2|eps=0|c5cf5f29-0828-4665-8316-69edf18d12bd/ already exists.
Epoch: 5750, Loss: 5.683815002441406
Test acc: 0.038, IC acc: 0.0538, IC acc2: 0.003, IW acc: 0.0034
Epoch: 5751, Loss: 5.708274841308594
Epoch: 5752, Loss: 5.675258636474609
Epoch: 5753, Loss: 5.690553665161133
Epoch: 5754, Loss: 5.681845664978027
Epoch: 5755, Loss: 5.7161545753479
Epoch: 5756, Loss: 5.686243534088135
Epoch: 5757, Loss: 5.708591938018799
Epoch: 5758, Loss: 5.681124210357666
Epoch: 5759, Loss: 5.688632011413574
Epoch: 5760, Loss: 5.686351299285889
Test acc: 0.0383, IC acc: 0.0541, IC acc2: 0.003, IW acc: 0.0034
Epoch: 5761, Loss: 5.6988420486450195
Epoch: 5762, Loss: 5.699135780334473
Epoch: 5763, Loss: 5.687401294708252
Epoch: 5764, Loss: 5.68862247467041
Epoch: 5765, Loss: 5.6988844871521
Epoch: 5766, Loss: 5.695391654968262
Epoch: 5767, Loss: 5.684085845947266
Epoch: 5768, Loss: 5.687656402587891
Epoch: 5769, Loss: 5.7018280029296875
Epoch: 5770, Loss: 5.69789457321167
Test acc: 0.0386, IC acc: 0.0541, IC acc2: 0.003, IW acc: 0.0034
Epoch: 5771, Loss: 5.673381328582764
Epoch: 5772, Loss: 5.696420669555664
Epoch: 5773, Loss: 5.6857781410217285
Epoch: 5774, Loss: 5.656810760498047
Epoch: 5775, Loss: 5.693820953369141
Epoch: 5776, Loss: 5.687138557434082
Epoch: 5777, Loss: 5.681511878967285
Epoch: 5778, Loss: 5.682248115539551
Epoch: 5779, Loss: 5.673978805541992
Epoch: 5780, Loss: 5.6945695877075195
Test acc: 0.0386, IC acc: 0.0543, IC acc2: 0.003, IW acc: 0.0033
Epoch: 5781, Loss: 5.694744110107422
Epoch: 5782, Loss: 5.6858673095703125
Epoch: 5783, Loss: 5.673937797546387
Epoch: 5784, Loss: 5.703195571899414
Epoch: 5785, Loss: 5.683446407318115
Epoch: 5786, Loss: 5.691649436950684
Epoch: 5787, Loss: 5.681023120880127
Epoch: 5788, Loss: 5.688234329223633
Epoch: 5789, Loss: 5.7187395095825195
Epoch: 5790, Loss: 5.676168441772461
Test acc: 0.0387, IC acc: 0.0548, IC acc2: 0.0031, IW acc: 0.0033
Epoch: 5791, Loss: 5.699914455413818
Epoch: 5792, Loss: 5.675625801086426
Epoch: 5793, Loss: 5.69197940826416
Epoch: 5794, Loss: 5.691098213195801
Epoch: 5795, Loss: 5.696681976318359
Epoch: 5796, Loss: 5.698310375213623
Epoch: 5797, Loss: 5.682866096496582
Epoch: 5798, Loss: 5.713975429534912
Epoch: 5799, Loss: 5.694985866546631
./circuit_plots/Unrestricted Disentangled|Readout|CN=3|B0=3|B1=3|K=1280|L=320|p_B=0.75|p_C=0.75|B=2|eps=0|c5cf5f29-0828-4665-8316-69edf18d12bd/ already exists.
./circuit_plots/Unrestricted Disentangled|Readout|CN=3|B0=3|B1=3|K=1280|L=320|p_B=0.75|p_C=0.75|B=2|eps=0|c5cf5f29-0828-4665-8316-69edf18d12bd/ already exists.
./circuit_plots/Unrestricted Disentangled|Readout|CN=3|B0=3|B1=3|K=1280|L=320|p_B=0.75|p_C=0.75|B=2|eps=0|c5cf5f29-0828-4665-8316-69edf18d12bd/ already exists.
./circuit_plots/Unrestricted Disentangled|Readout|CN=3|B0=3|B1=3|K=1280|L=320|p_B=0.75|p_C=0.75|B=2|eps=0|c5cf5f29-0828-4665-8316-69edf18d12bd/ already exists.
./circuit_plots/Unrestricted Disentangled|Readout|CN=3|B0=3|B1=3|K=1280|L=320|p_B=0.75|p_C=0.75|B=2|eps=0|c5cf5f29-0828-4665-8316-69edf18d12bd/ already exists.
./circuit_plots/Unrestricted Disentangled|Readout|CN=3|B0=3|B1=3|K=1280|L=320|p_B=0.75|p_C=0.75|B=2|eps=0|c5cf5f29-0828-4665-8316-69edf18d12bd/ already exists.
./circuit_plots/Unrestricted Disentangled|Readout|CN=3|B0=3|B1=3|K=1280|L=320|p_B=0.75|p_C=0.75|B=2|eps=0|c5cf5f29-0828-4665-8316-69edf18d12bd/ already exists.
Epoch: 5800, Loss: 5.685160160064697
Test acc: 0.0386, IC acc: 0.055, IC acc2: 0.003, IW acc: 0.0033
Epoch: 5801, Loss: 5.684953212738037
Epoch: 5802, Loss: 5.697422027587891
Epoch: 5803, Loss: 5.715269088745117
Epoch: 5804, Loss: 5.697488784790039
Epoch: 5805, Loss: 5.696601390838623
Epoch: 5806, Loss: 5.705883979797363
Epoch: 5807, Loss: 5.699882507324219
Epoch: 5808, Loss: 5.681072235107422
Epoch: 5809, Loss: 5.68560266494751
Epoch: 5810, Loss: 5.706482887268066
Test acc: 0.0388, IC acc: 0.0551, IC acc2: 0.0031, IW acc: 0.0033
Epoch: 5811, Loss: 5.679791450500488
Epoch: 5812, Loss: 5.6929521560668945
Epoch: 5813, Loss: 5.692102432250977
Epoch: 5814, Loss: 5.692684173583984
Epoch: 5815, Loss: 5.687162399291992
Epoch: 5816, Loss: 5.6635966300964355
Epoch: 5817, Loss: 5.703338623046875
Epoch: 5818, Loss: 5.688961982727051
Epoch: 5819, Loss: 5.701980113983154
Epoch: 5820, Loss: 5.7030744552612305
Test acc: 0.0388, IC acc: 0.0554, IC acc2: 0.003, IW acc: 0.0034
Epoch: 5821, Loss: 5.694857597351074
Epoch: 5822, Loss: 5.6959381103515625
Epoch: 5823, Loss: 5.696800231933594
Epoch: 5824, Loss: 5.707437992095947
Epoch: 5825, Loss: 5.687678337097168
Epoch: 5826, Loss: 5.688208103179932
Epoch: 5827, Loss: 5.717230796813965
Epoch: 5828, Loss: 5.695521831512451
Epoch: 5829, Loss: 5.684234142303467
Epoch: 5830, Loss: 5.669705867767334
Test acc: 0.0389, IC acc: 0.0554, IC acc2: 0.003, IW acc: 0.0034
Epoch: 5831, Loss: 5.691947937011719
Epoch: 5832, Loss: 5.699214935302734
Epoch: 5833, Loss: 5.695176601409912
Epoch: 5834, Loss: 5.694884300231934
Epoch: 5835, Loss: 5.686724662780762
Epoch: 5836, Loss: 5.68698263168335
Epoch: 5837, Loss: 5.67464017868042
Epoch: 5838, Loss: 5.684513568878174
Epoch: 5839, Loss: 5.693528175354004
Epoch: 5840, Loss: 5.701700210571289
Test acc: 0.0392, IC acc: 0.0557, IC acc2: 0.003, IW acc: 0.0034
Epoch: 5841, Loss: 5.700407028198242
Epoch: 5842, Loss: 5.694384574890137
Epoch: 5843, Loss: 5.696387767791748
Epoch: 5844, Loss: 5.680510520935059
Epoch: 5845, Loss: 5.706057071685791
Epoch: 5846, Loss: 5.69229793548584
Epoch: 5847, Loss: 5.704084396362305
Epoch: 5848, Loss: 5.699794769287109
Epoch: 5849, Loss: 5.680259704589844
./circuit_plots/Unrestricted Disentangled|Readout|CN=3|B0=3|B1=3|K=1280|L=320|p_B=0.75|p_C=0.75|B=2|eps=0|c5cf5f29-0828-4665-8316-69edf18d12bd/ already exists.
./circuit_plots/Unrestricted Disentangled|Readout|CN=3|B0=3|B1=3|K=1280|L=320|p_B=0.75|p_C=0.75|B=2|eps=0|c5cf5f29-0828-4665-8316-69edf18d12bd/ already exists.
./circuit_plots/Unrestricted Disentangled|Readout|CN=3|B0=3|B1=3|K=1280|L=320|p_B=0.75|p_C=0.75|B=2|eps=0|c5cf5f29-0828-4665-8316-69edf18d12bd/ already exists.
./circuit_plots/Unrestricted Disentangled|Readout|CN=3|B0=3|B1=3|K=1280|L=320|p_B=0.75|p_C=0.75|B=2|eps=0|c5cf5f29-0828-4665-8316-69edf18d12bd/ already exists.
./circuit_plots/Unrestricted Disentangled|Readout|CN=3|B0=3|B1=3|K=1280|L=320|p_B=0.75|p_C=0.75|B=2|eps=0|c5cf5f29-0828-4665-8316-69edf18d12bd/ already exists.
./circuit_plots/Unrestricted Disentangled|Readout|CN=3|B0=3|B1=3|K=1280|L=320|p_B=0.75|p_C=0.75|B=2|eps=0|c5cf5f29-0828-4665-8316-69edf18d12bd/ already exists.
./circuit_plots/Unrestricted Disentangled|Readout|CN=3|B0=3|B1=3|K=1280|L=320|p_B=0.75|p_C=0.75|B=2|eps=0|c5cf5f29-0828-4665-8316-69edf18d12bd/ already exists.
Epoch: 5850, Loss: 5.673995018005371
Test acc: 0.0394, IC acc: 0.0558, IC acc2: 0.003, IW acc: 0.0034
Epoch: 5851, Loss: 5.703051567077637
Epoch: 5852, Loss: 5.688304424285889
Epoch: 5853, Loss: 5.690963268280029
Epoch: 5854, Loss: 5.675517559051514
Epoch: 5855, Loss: 5.700353622436523
Epoch: 5856, Loss: 5.700890064239502
Epoch: 5857, Loss: 5.686890602111816
Epoch: 5858, Loss: 5.682389259338379
Epoch: 5859, Loss: 5.697179794311523
Epoch: 5860, Loss: 5.697444915771484
Test acc: 0.0397, IC acc: 0.056, IC acc2: 0.003, IW acc: 0.0034
Epoch: 5861, Loss: 5.692386627197266
Epoch: 5862, Loss: 5.6733598709106445
Epoch: 5863, Loss: 5.671013832092285
Epoch: 5864, Loss: 5.696969985961914
Epoch: 5865, Loss: 5.697591781616211
Epoch: 5866, Loss: 5.6909284591674805
Epoch: 5867, Loss: 5.69581937789917
Epoch: 5868, Loss: 5.683483123779297
Epoch: 5869, Loss: 5.691763877868652
Epoch: 5870, Loss: 5.698283672332764
Test acc: 0.04, IC acc: 0.0562, IC acc2: 0.003, IW acc: 0.0034
Epoch: 5871, Loss: 5.688276290893555
Epoch: 5872, Loss: 5.694892883300781
Epoch: 5873, Loss: 5.684547424316406
Epoch: 5874, Loss: 5.670133590698242
Epoch: 5875, Loss: 5.692201614379883
Epoch: 5876, Loss: 5.679189682006836
Epoch: 5877, Loss: 5.686420440673828
Epoch: 5878, Loss: 5.678438186645508
Epoch: 5879, Loss: 5.670917510986328
Epoch: 5880, Loss: 5.675142288208008
Test acc: 0.0397, IC acc: 0.0563, IC acc2: 0.003, IW acc: 0.0034
Epoch: 5881, Loss: 5.670904636383057
Epoch: 5882, Loss: 5.6916913986206055
Epoch: 5883, Loss: 5.691862106323242
Epoch: 5884, Loss: 5.717904567718506
Epoch: 5885, Loss: 5.698008060455322
Epoch: 5886, Loss: 5.702310085296631
Epoch: 5887, Loss: 5.697301864624023
Epoch: 5888, Loss: 5.680184364318848
Epoch: 5889, Loss: 5.686534881591797
Epoch: 5890, Loss: 5.697599411010742
Test acc: 0.0406, IC acc: 0.0564, IC acc2: 0.003, IW acc: 0.0035
Epoch: 5891, Loss: 5.702824592590332
Epoch: 5892, Loss: 5.688974857330322
Epoch: 5893, Loss: 5.677824020385742
Epoch: 5894, Loss: 5.691515922546387
Epoch: 5895, Loss: 5.674342155456543
Epoch: 5896, Loss: 5.680870056152344
Epoch: 5897, Loss: 5.699962615966797
Epoch: 5898, Loss: 5.6954450607299805
Epoch: 5899, Loss: 5.685585975646973
./circuit_plots/Unrestricted Disentangled|Readout|CN=3|B0=3|B1=3|K=1280|L=320|p_B=0.75|p_C=0.75|B=2|eps=0|c5cf5f29-0828-4665-8316-69edf18d12bd/ already exists.
./circuit_plots/Unrestricted Disentangled|Readout|CN=3|B0=3|B1=3|K=1280|L=320|p_B=0.75|p_C=0.75|B=2|eps=0|c5cf5f29-0828-4665-8316-69edf18d12bd/ already exists.
./circuit_plots/Unrestricted Disentangled|Readout|CN=3|B0=3|B1=3|K=1280|L=320|p_B=0.75|p_C=0.75|B=2|eps=0|c5cf5f29-0828-4665-8316-69edf18d12bd/ already exists.
./circuit_plots/Unrestricted Disentangled|Readout|CN=3|B0=3|B1=3|K=1280|L=320|p_B=0.75|p_C=0.75|B=2|eps=0|c5cf5f29-0828-4665-8316-69edf18d12bd/ already exists.
./circuit_plots/Unrestricted Disentangled|Readout|CN=3|B0=3|B1=3|K=1280|L=320|p_B=0.75|p_C=0.75|B=2|eps=0|c5cf5f29-0828-4665-8316-69edf18d12bd/ already exists.
./circuit_plots/Unrestricted Disentangled|Readout|CN=3|B0=3|B1=3|K=1280|L=320|p_B=0.75|p_C=0.75|B=2|eps=0|c5cf5f29-0828-4665-8316-69edf18d12bd/ already exists.
./circuit_plots/Unrestricted Disentangled|Readout|CN=3|B0=3|B1=3|K=1280|L=320|p_B=0.75|p_C=0.75|B=2|eps=0|c5cf5f29-0828-4665-8316-69edf18d12bd/ already exists.
Epoch: 5900, Loss: 5.685953140258789
Test acc: 0.0411, IC acc: 0.0564, IC acc2: 0.003, IW acc: 0.0035
Epoch: 5901, Loss: 5.704420566558838
Epoch: 5902, Loss: 5.670770168304443
Epoch: 5903, Loss: 5.697380065917969
Epoch: 5904, Loss: 5.688323020935059
Epoch: 5905, Loss: 5.688807487487793
Epoch: 5906, Loss: 5.6930742263793945
Epoch: 5907, Loss: 5.689718246459961
Epoch: 5908, Loss: 5.689825057983398
Epoch: 5909, Loss: 5.660823822021484
Epoch: 5910, Loss: 5.682979583740234
Test acc: 0.0412, IC acc: 0.0564, IC acc2: 0.003, IW acc: 0.0034
Epoch: 5911, Loss: 5.715455055236816
Epoch: 5912, Loss: 5.6883697509765625
Epoch: 5913, Loss: 5.697031497955322
Epoch: 5914, Loss: 5.696047782897949
Epoch: 5915, Loss: 5.7003984451293945
Epoch: 5916, Loss: 5.671904563903809
Epoch: 5917, Loss: 5.698234558105469
Epoch: 5918, Loss: 5.722151279449463
Epoch: 5919, Loss: 5.682147979736328
Epoch: 5920, Loss: 5.727704048156738
Test acc: 0.0415, IC acc: 0.0565, IC acc2: 0.003, IW acc: 0.0034
Epoch: 5921, Loss: 5.6558098793029785
Epoch: 5922, Loss: 5.685057640075684
Epoch: 5923, Loss: 5.7044267654418945
Epoch: 5924, Loss: 5.6941938400268555
Epoch: 5925, Loss: 5.693955898284912
Epoch: 5926, Loss: 5.685400485992432
Epoch: 5927, Loss: 5.708158016204834
Epoch: 5928, Loss: 5.689267158508301
Epoch: 5929, Loss: 5.677664756774902
Epoch: 5930, Loss: 5.687539100646973
Test acc: 0.0413, IC acc: 0.0568, IC acc2: 0.003, IW acc: 0.0034
Epoch: 5931, Loss: 5.676943778991699
Epoch: 5932, Loss: 5.7034196853637695
Epoch: 5933, Loss: 5.675866603851318
Epoch: 5934, Loss: 5.681065559387207
Epoch: 5935, Loss: 5.670949935913086
Epoch: 5936, Loss: 5.69384241104126
Epoch: 5937, Loss: 5.708758354187012
Epoch: 5938, Loss: 5.677323341369629
Epoch: 5939, Loss: 5.69099235534668
Epoch: 5940, Loss: 5.709630966186523
Test acc: 0.0417, IC acc: 0.0574, IC acc2: 0.003, IW acc: 0.0034
Epoch: 5941, Loss: 5.712186813354492
Epoch: 5942, Loss: 5.700220108032227
Epoch: 5943, Loss: 5.672543048858643
Epoch: 5944, Loss: 5.690343856811523
Epoch: 5945, Loss: 5.657111167907715
Epoch: 5946, Loss: 5.698145866394043
Epoch: 5947, Loss: 5.680602073669434
Epoch: 5948, Loss: 5.700156211853027
Epoch: 5949, Loss: 5.692714691162109
./circuit_plots/Unrestricted Disentangled|Readout|CN=3|B0=3|B1=3|K=1280|L=320|p_B=0.75|p_C=0.75|B=2|eps=0|c5cf5f29-0828-4665-8316-69edf18d12bd/ already exists.
./circuit_plots/Unrestricted Disentangled|Readout|CN=3|B0=3|B1=3|K=1280|L=320|p_B=0.75|p_C=0.75|B=2|eps=0|c5cf5f29-0828-4665-8316-69edf18d12bd/ already exists.
./circuit_plots/Unrestricted Disentangled|Readout|CN=3|B0=3|B1=3|K=1280|L=320|p_B=0.75|p_C=0.75|B=2|eps=0|c5cf5f29-0828-4665-8316-69edf18d12bd/ already exists.
./circuit_plots/Unrestricted Disentangled|Readout|CN=3|B0=3|B1=3|K=1280|L=320|p_B=0.75|p_C=0.75|B=2|eps=0|c5cf5f29-0828-4665-8316-69edf18d12bd/ already exists.
./circuit_plots/Unrestricted Disentangled|Readout|CN=3|B0=3|B1=3|K=1280|L=320|p_B=0.75|p_C=0.75|B=2|eps=0|c5cf5f29-0828-4665-8316-69edf18d12bd/ already exists.
./circuit_plots/Unrestricted Disentangled|Readout|CN=3|B0=3|B1=3|K=1280|L=320|p_B=0.75|p_C=0.75|B=2|eps=0|c5cf5f29-0828-4665-8316-69edf18d12bd/ already exists.
./circuit_plots/Unrestricted Disentangled|Readout|CN=3|B0=3|B1=3|K=1280|L=320|p_B=0.75|p_C=0.75|B=2|eps=0|c5cf5f29-0828-4665-8316-69edf18d12bd/ already exists.
Epoch: 5950, Loss: 5.698966026306152
Test acc: 0.0418, IC acc: 0.0577, IC acc2: 0.003, IW acc: 0.0034
Epoch: 5951, Loss: 5.691737174987793
Epoch: 5952, Loss: 5.692488670349121
Epoch: 5953, Loss: 5.672223091125488
Epoch: 5954, Loss: 5.707139492034912
Epoch: 5955, Loss: 5.706660747528076
Epoch: 5956, Loss: 5.695666790008545
Epoch: 5957, Loss: 5.666985511779785
Epoch: 5958, Loss: 5.6808671951293945
Epoch: 5959, Loss: 5.682386875152588
Epoch: 5960, Loss: 5.6972527503967285
Test acc: 0.0419, IC acc: 0.0574, IC acc2: 0.003, IW acc: 0.0034
Epoch: 5961, Loss: 5.678476333618164
Epoch: 5962, Loss: 5.699378967285156
Epoch: 5963, Loss: 5.703692436218262
Epoch: 5964, Loss: 5.6952667236328125
Epoch: 5965, Loss: 5.700490474700928
Epoch: 5966, Loss: 5.70511531829834
Epoch: 5967, Loss: 5.682027816772461
Epoch: 5968, Loss: 5.700921535491943
Epoch: 5969, Loss: 5.6847124099731445
Epoch: 5970, Loss: 5.7025146484375
Test acc: 0.0422, IC acc: 0.0577, IC acc2: 0.003, IW acc: 0.0034
Epoch: 5971, Loss: 5.698700904846191
Epoch: 5972, Loss: 5.689260005950928
Epoch: 5973, Loss: 5.703742027282715
Epoch: 5974, Loss: 5.687701225280762
Epoch: 5975, Loss: 5.68465518951416
Epoch: 5976, Loss: 5.69466495513916
Epoch: 5977, Loss: 5.6888227462768555
Epoch: 5978, Loss: 5.684711456298828
Epoch: 5979, Loss: 5.681366443634033
Epoch: 5980, Loss: 5.6903815269470215
Test acc: 0.0423, IC acc: 0.058, IC acc2: 0.003, IW acc: 0.0034
Epoch: 5981, Loss: 5.673483371734619
Epoch: 5982, Loss: 5.690672874450684
Epoch: 5983, Loss: 5.676085472106934
Epoch: 5984, Loss: 5.697122573852539
Epoch: 5985, Loss: 5.705894470214844
Epoch: 5986, Loss: 5.708684921264648
Epoch: 5987, Loss: 5.684481620788574
Epoch: 5988, Loss: 5.711634159088135
Epoch: 5989, Loss: 5.678847789764404
Epoch: 5990, Loss: 5.675463676452637
Test acc: 0.0426, IC acc: 0.0581, IC acc2: 0.003, IW acc: 0.0034
Epoch: 5991, Loss: 5.681953430175781
Epoch: 5992, Loss: 5.700718879699707
Epoch: 5993, Loss: 5.700981140136719
Epoch: 5994, Loss: 5.705273628234863
Epoch: 5995, Loss: 5.674832820892334
Epoch: 5996, Loss: 5.679546356201172
Epoch: 5997, Loss: 5.702771186828613
Epoch: 5998, Loss: 5.685637474060059
Epoch: 5999, Loss: 5.690386772155762
./circuit_plots/Unrestricted Disentangled|Readout|CN=3|B0=3|B1=3|K=1280|L=320|p_B=0.75|p_C=0.75|B=2|eps=0|c5cf5f29-0828-4665-8316-69edf18d12bd/ already exists.
./circuit_plots/Unrestricted Disentangled|Readout|CN=3|B0=3|B1=3|K=1280|L=320|p_B=0.75|p_C=0.75|B=2|eps=0|c5cf5f29-0828-4665-8316-69edf18d12bd/ already exists.
./circuit_plots/Unrestricted Disentangled|Readout|CN=3|B0=3|B1=3|K=1280|L=320|p_B=0.75|p_C=0.75|B=2|eps=0|c5cf5f29-0828-4665-8316-69edf18d12bd/ already exists.
./circuit_plots/Unrestricted Disentangled|Readout|CN=3|B0=3|B1=3|K=1280|L=320|p_B=0.75|p_C=0.75|B=2|eps=0|c5cf5f29-0828-4665-8316-69edf18d12bd/ already exists.
./circuit_plots/Unrestricted Disentangled|Readout|CN=3|B0=3|B1=3|K=1280|L=320|p_B=0.75|p_C=0.75|B=2|eps=0|c5cf5f29-0828-4665-8316-69edf18d12bd/ already exists.
./circuit_plots/Unrestricted Disentangled|Readout|CN=3|B0=3|B1=3|K=1280|L=320|p_B=0.75|p_C=0.75|B=2|eps=0|c5cf5f29-0828-4665-8316-69edf18d12bd/ already exists.
./circuit_plots/Unrestricted Disentangled|Readout|CN=3|B0=3|B1=3|K=1280|L=320|p_B=0.75|p_C=0.75|B=2|eps=0|c5cf5f29-0828-4665-8316-69edf18d12bd/ already exists.
Epoch: 6000, Loss: 5.676239013671875
Test acc: 0.0428, IC acc: 0.0582, IC acc2: 0.003, IW acc: 0.0034
Epoch: 6001, Loss: 5.675951957702637
Epoch: 6002, Loss: 5.669823169708252
Epoch: 6003, Loss: 5.692384719848633
Epoch: 6004, Loss: 5.682590961456299
Epoch: 6005, Loss: 5.70599365234375
Epoch: 6006, Loss: 5.699282646179199
Epoch: 6007, Loss: 5.695012092590332
Epoch: 6008, Loss: 5.676919460296631
Epoch: 6009, Loss: 5.675459861755371
Epoch: 6010, Loss: 5.692070960998535
Test acc: 0.0427, IC acc: 0.0585, IC acc2: 0.003, IW acc: 0.0034
Epoch: 6011, Loss: 5.7032318115234375
Epoch: 6012, Loss: 5.686090469360352
Epoch: 6013, Loss: 5.688592433929443
Epoch: 6014, Loss: 5.670865535736084
Epoch: 6015, Loss: 5.67901611328125
Epoch: 6016, Loss: 5.686489582061768
Epoch: 6017, Loss: 5.683909893035889
Epoch: 6018, Loss: 5.68416166305542
Epoch: 6019, Loss: 5.667494773864746
Epoch: 6020, Loss: 5.696247577667236
Test acc: 0.0428, IC acc: 0.0585, IC acc2: 0.003, IW acc: 0.0034
Epoch: 6021, Loss: 5.675432205200195
Epoch: 6022, Loss: 5.6725969314575195
Epoch: 6023, Loss: 5.677802085876465
Epoch: 6024, Loss: 5.694906711578369
Epoch: 6025, Loss: 5.703527927398682
Epoch: 6026, Loss: 5.696617126464844
Epoch: 6027, Loss: 5.68380880355835
Epoch: 6028, Loss: 5.70146369934082
Epoch: 6029, Loss: 5.667506217956543
Epoch: 6030, Loss: 5.699772834777832
Test acc: 0.0429, IC acc: 0.0584, IC acc2: 0.003, IW acc: 0.0034
Epoch: 6031, Loss: 5.690321445465088
Epoch: 6032, Loss: 5.679466724395752
Epoch: 6033, Loss: 5.674093246459961
Epoch: 6034, Loss: 5.681680679321289
Epoch: 6035, Loss: 5.6673760414123535
Epoch: 6036, Loss: 5.710221290588379
Epoch: 6037, Loss: 5.699695587158203
Epoch: 6038, Loss: 5.683196544647217
Epoch: 6039, Loss: 5.684617042541504
Epoch: 6040, Loss: 5.67051362991333
Test acc: 0.0428, IC acc: 0.0586, IC acc2: 0.003, IW acc: 0.0036
Epoch: 6041, Loss: 5.684064865112305
Epoch: 6042, Loss: 5.682346820831299
Epoch: 6043, Loss: 5.675538063049316
Epoch: 6044, Loss: 5.684297561645508
Epoch: 6045, Loss: 5.681562423706055
Epoch: 6046, Loss: 5.685258865356445
Epoch: 6047, Loss: 5.699319839477539
Epoch: 6048, Loss: 5.699440002441406
Epoch: 6049, Loss: 5.692346572875977
./circuit_plots/Unrestricted Disentangled|Readout|CN=3|B0=3|B1=3|K=1280|L=320|p_B=0.75|p_C=0.75|B=2|eps=0|c5cf5f29-0828-4665-8316-69edf18d12bd/ already exists.
./circuit_plots/Unrestricted Disentangled|Readout|CN=3|B0=3|B1=3|K=1280|L=320|p_B=0.75|p_C=0.75|B=2|eps=0|c5cf5f29-0828-4665-8316-69edf18d12bd/ already exists.
./circuit_plots/Unrestricted Disentangled|Readout|CN=3|B0=3|B1=3|K=1280|L=320|p_B=0.75|p_C=0.75|B=2|eps=0|c5cf5f29-0828-4665-8316-69edf18d12bd/ already exists.
./circuit_plots/Unrestricted Disentangled|Readout|CN=3|B0=3|B1=3|K=1280|L=320|p_B=0.75|p_C=0.75|B=2|eps=0|c5cf5f29-0828-4665-8316-69edf18d12bd/ already exists.
./circuit_plots/Unrestricted Disentangled|Readout|CN=3|B0=3|B1=3|K=1280|L=320|p_B=0.75|p_C=0.75|B=2|eps=0|c5cf5f29-0828-4665-8316-69edf18d12bd/ already exists.
./circuit_plots/Unrestricted Disentangled|Readout|CN=3|B0=3|B1=3|K=1280|L=320|p_B=0.75|p_C=0.75|B=2|eps=0|c5cf5f29-0828-4665-8316-69edf18d12bd/ already exists.
./circuit_plots/Unrestricted Disentangled|Readout|CN=3|B0=3|B1=3|K=1280|L=320|p_B=0.75|p_C=0.75|B=2|eps=0|c5cf5f29-0828-4665-8316-69edf18d12bd/ already exists.
Epoch: 6050, Loss: 5.6896820068359375
Test acc: 0.0429, IC acc: 0.059, IC acc2: 0.003, IW acc: 0.0036
Epoch: 6051, Loss: 5.701096534729004
Epoch: 6052, Loss: 5.706681251525879
Epoch: 6053, Loss: 5.6857171058654785
Epoch: 6054, Loss: 5.6915130615234375
Epoch: 6055, Loss: 5.688827991485596
Epoch: 6056, Loss: 5.6786394119262695
Epoch: 6057, Loss: 5.681645393371582
Epoch: 6058, Loss: 5.699141502380371
Epoch: 6059, Loss: 5.690434455871582
Epoch: 6060, Loss: 5.6964430809021
Test acc: 0.0429, IC acc: 0.0592, IC acc2: 0.003, IW acc: 0.0036
Epoch: 6061, Loss: 5.689475059509277
Epoch: 6062, Loss: 5.697935104370117
Epoch: 6063, Loss: 5.678000450134277
Epoch: 6064, Loss: 5.687051773071289
Epoch: 6065, Loss: 5.691217422485352
Epoch: 6066, Loss: 5.6842851638793945
Epoch: 6067, Loss: 5.7006330490112305
Epoch: 6068, Loss: 5.70203971862793
Epoch: 6069, Loss: 5.694888114929199
Epoch: 6070, Loss: 5.674017429351807
Test acc: 0.0431, IC acc: 0.0597, IC acc2: 0.003, IW acc: 0.0037
Epoch: 6071, Loss: 5.682600021362305
Epoch: 6072, Loss: 5.672901153564453
Epoch: 6073, Loss: 5.688543319702148
Epoch: 6074, Loss: 5.68507194519043
Epoch: 6075, Loss: 5.672890663146973
Epoch: 6076, Loss: 5.662060260772705
Epoch: 6077, Loss: 5.665753364562988
Epoch: 6078, Loss: 5.703826904296875
Epoch: 6079, Loss: 5.688418388366699
Epoch: 6080, Loss: 5.6740031242370605
Test acc: 0.0433, IC acc: 0.0599, IC acc2: 0.0029, IW acc: 0.0034
Epoch: 6081, Loss: 5.677626609802246
Epoch: 6082, Loss: 5.681418418884277
Epoch: 6083, Loss: 5.688598155975342
Epoch: 6084, Loss: 5.699866771697998
Epoch: 6085, Loss: 5.676852226257324
Epoch: 6086, Loss: 5.684701919555664
Epoch: 6087, Loss: 5.687573432922363
Epoch: 6088, Loss: 5.685181617736816
Epoch: 6089, Loss: 5.684569358825684
Epoch: 6090, Loss: 5.682727813720703
Test acc: 0.0431, IC acc: 0.06, IC acc2: 0.0028, IW acc: 0.0035
Epoch: 6091, Loss: 5.699008464813232
Epoch: 6092, Loss: 5.701050758361816
Epoch: 6093, Loss: 5.696220397949219
Epoch: 6094, Loss: 5.705646991729736
Epoch: 6095, Loss: 5.690564155578613
Epoch: 6096, Loss: 5.682779312133789
Epoch: 6097, Loss: 5.688071250915527
Epoch: 6098, Loss: 5.683196544647217
Epoch: 6099, Loss: 5.697445869445801
./circuit_plots/Unrestricted Disentangled|Readout|CN=3|B0=3|B1=3|K=1280|L=320|p_B=0.75|p_C=0.75|B=2|eps=0|c5cf5f29-0828-4665-8316-69edf18d12bd/ already exists.
./circuit_plots/Unrestricted Disentangled|Readout|CN=3|B0=3|B1=3|K=1280|L=320|p_B=0.75|p_C=0.75|B=2|eps=0|c5cf5f29-0828-4665-8316-69edf18d12bd/ already exists.
./circuit_plots/Unrestricted Disentangled|Readout|CN=3|B0=3|B1=3|K=1280|L=320|p_B=0.75|p_C=0.75|B=2|eps=0|c5cf5f29-0828-4665-8316-69edf18d12bd/ already exists.
./circuit_plots/Unrestricted Disentangled|Readout|CN=3|B0=3|B1=3|K=1280|L=320|p_B=0.75|p_C=0.75|B=2|eps=0|c5cf5f29-0828-4665-8316-69edf18d12bd/ already exists.
./circuit_plots/Unrestricted Disentangled|Readout|CN=3|B0=3|B1=3|K=1280|L=320|p_B=0.75|p_C=0.75|B=2|eps=0|c5cf5f29-0828-4665-8316-69edf18d12bd/ already exists.
./circuit_plots/Unrestricted Disentangled|Readout|CN=3|B0=3|B1=3|K=1280|L=320|p_B=0.75|p_C=0.75|B=2|eps=0|c5cf5f29-0828-4665-8316-69edf18d12bd/ already exists.
./circuit_plots/Unrestricted Disentangled|Readout|CN=3|B0=3|B1=3|K=1280|L=320|p_B=0.75|p_C=0.75|B=2|eps=0|c5cf5f29-0828-4665-8316-69edf18d12bd/ already exists.
Epoch: 6100, Loss: 5.664328575134277
Test acc: 0.0432, IC acc: 0.0606, IC acc2: 0.0029, IW acc: 0.0036
Epoch: 6101, Loss: 5.694099426269531
Epoch: 6102, Loss: 5.684685707092285
Epoch: 6103, Loss: 5.68673038482666
Epoch: 6104, Loss: 5.679048538208008
Epoch: 6105, Loss: 5.68214750289917
Epoch: 6106, Loss: 5.684697151184082
Epoch: 6107, Loss: 5.70473051071167
Epoch: 6108, Loss: 5.668381690979004
Epoch: 6109, Loss: 5.703732967376709
Epoch: 6110, Loss: 5.684371471405029
Test acc: 0.0435, IC acc: 0.0609, IC acc2: 0.0029, IW acc: 0.0035
Epoch: 6111, Loss: 5.702432155609131
Epoch: 6112, Loss: 5.677398681640625
Epoch: 6113, Loss: 5.689321517944336
Epoch: 6114, Loss: 5.679360389709473
Epoch: 6115, Loss: 5.673691749572754
Epoch: 6116, Loss: 5.705215930938721
Epoch: 6117, Loss: 5.675501823425293
Epoch: 6118, Loss: 5.693607807159424
Epoch: 6119, Loss: 5.687450408935547
Epoch: 6120, Loss: 5.707328796386719
Test acc: 0.0438, IC acc: 0.0611, IC acc2: 0.0029, IW acc: 0.0035
Epoch: 6121, Loss: 5.688450336456299
Epoch: 6122, Loss: 5.691555976867676
Epoch: 6123, Loss: 5.692011833190918
Epoch: 6124, Loss: 5.687093734741211
Epoch: 6125, Loss: 5.702055931091309
Epoch: 6126, Loss: 5.717153549194336
Epoch: 6127, Loss: 5.686225891113281
Epoch: 6128, Loss: 5.651878356933594
Epoch: 6129, Loss: 5.690197944641113
Epoch: 6130, Loss: 5.679538726806641
Test acc: 0.0438, IC acc: 0.061, IC acc2: 0.0028, IW acc: 0.0035
Epoch: 6131, Loss: 5.694100379943848
Epoch: 6132, Loss: 5.691278457641602
Epoch: 6133, Loss: 5.690860748291016
Epoch: 6134, Loss: 5.688773155212402
Epoch: 6135, Loss: 5.685079574584961
Epoch: 6136, Loss: 5.676959991455078
Epoch: 6137, Loss: 5.691934585571289
Epoch: 6138, Loss: 5.670092582702637
Epoch: 6139, Loss: 5.680576324462891
Epoch: 6140, Loss: 5.674009323120117
Test acc: 0.0438, IC acc: 0.0613, IC acc2: 0.0029, IW acc: 0.0035
Epoch: 6141, Loss: 5.678208827972412
Epoch: 6142, Loss: 5.688838958740234
Epoch: 6143, Loss: 5.694417953491211
Epoch: 6144, Loss: 5.689892768859863
Epoch: 6145, Loss: 5.681809425354004
Epoch: 6146, Loss: 5.6744794845581055
Epoch: 6147, Loss: 5.692625045776367
Epoch: 6148, Loss: 5.710615634918213
Epoch: 6149, Loss: 5.684913635253906
./circuit_plots/Unrestricted Disentangled|Readout|CN=3|B0=3|B1=3|K=1280|L=320|p_B=0.75|p_C=0.75|B=2|eps=0|c5cf5f29-0828-4665-8316-69edf18d12bd/ already exists.
./circuit_plots/Unrestricted Disentangled|Readout|CN=3|B0=3|B1=3|K=1280|L=320|p_B=0.75|p_C=0.75|B=2|eps=0|c5cf5f29-0828-4665-8316-69edf18d12bd/ already exists.
./circuit_plots/Unrestricted Disentangled|Readout|CN=3|B0=3|B1=3|K=1280|L=320|p_B=0.75|p_C=0.75|B=2|eps=0|c5cf5f29-0828-4665-8316-69edf18d12bd/ already exists.
./circuit_plots/Unrestricted Disentangled|Readout|CN=3|B0=3|B1=3|K=1280|L=320|p_B=0.75|p_C=0.75|B=2|eps=0|c5cf5f29-0828-4665-8316-69edf18d12bd/ already exists.
./circuit_plots/Unrestricted Disentangled|Readout|CN=3|B0=3|B1=3|K=1280|L=320|p_B=0.75|p_C=0.75|B=2|eps=0|c5cf5f29-0828-4665-8316-69edf18d12bd/ already exists.
./circuit_plots/Unrestricted Disentangled|Readout|CN=3|B0=3|B1=3|K=1280|L=320|p_B=0.75|p_C=0.75|B=2|eps=0|c5cf5f29-0828-4665-8316-69edf18d12bd/ already exists.
./circuit_plots/Unrestricted Disentangled|Readout|CN=3|B0=3|B1=3|K=1280|L=320|p_B=0.75|p_C=0.75|B=2|eps=0|c5cf5f29-0828-4665-8316-69edf18d12bd/ already exists.
Epoch: 6150, Loss: 5.682166576385498
Test acc: 0.0441, IC acc: 0.0615, IC acc2: 0.0028, IW acc: 0.0035
Epoch: 6151, Loss: 5.691384792327881
Epoch: 6152, Loss: 5.6771697998046875
Epoch: 6153, Loss: 5.695016860961914
Epoch: 6154, Loss: 5.712462425231934
Epoch: 6155, Loss: 5.676280975341797
Epoch: 6156, Loss: 5.691109657287598
Epoch: 6157, Loss: 5.688222885131836
Epoch: 6158, Loss: 5.690461158752441
Epoch: 6159, Loss: 5.66496467590332
Epoch: 6160, Loss: 5.683488845825195
Test acc: 0.0443, IC acc: 0.0617, IC acc2: 0.0028, IW acc: 0.0035
Epoch: 6161, Loss: 5.6831135749816895
Epoch: 6162, Loss: 5.664353370666504
Epoch: 6163, Loss: 5.682785511016846
Epoch: 6164, Loss: 5.690773963928223
Epoch: 6165, Loss: 5.662363529205322
Epoch: 6166, Loss: 5.711050033569336
Epoch: 6167, Loss: 5.680908679962158
Epoch: 6168, Loss: 5.6848907470703125
Epoch: 6169, Loss: 5.698300361633301
Epoch: 6170, Loss: 5.682916641235352
Test acc: 0.045, IC acc: 0.0618, IC acc2: 0.0028, IW acc: 0.0035
Epoch: 6171, Loss: 5.685561180114746
Epoch: 6172, Loss: 5.691732406616211
Epoch: 6173, Loss: 5.692310333251953
Epoch: 6174, Loss: 5.678354263305664
Epoch: 6175, Loss: 5.693830966949463
Epoch: 6176, Loss: 5.7076215744018555
Epoch: 6177, Loss: 5.6857194900512695
Epoch: 6178, Loss: 5.67209529876709
Epoch: 6179, Loss: 5.703759670257568
Epoch: 6180, Loss: 5.676108360290527
Test acc: 0.0448, IC acc: 0.0619, IC acc2: 0.0028, IW acc: 0.0034
Epoch: 6181, Loss: 5.685112476348877
Epoch: 6182, Loss: 5.6886372566223145
Epoch: 6183, Loss: 5.685979843139648
Epoch: 6184, Loss: 5.687165260314941
Epoch: 6185, Loss: 5.686807155609131
Epoch: 6186, Loss: 5.681074142456055
Epoch: 6187, Loss: 5.689560890197754
Epoch: 6188, Loss: 5.686675071716309
Epoch: 6189, Loss: 5.697024345397949
Epoch: 6190, Loss: 5.697890281677246
Test acc: 0.045, IC acc: 0.0622, IC acc2: 0.0028, IW acc: 0.0034
Epoch: 6191, Loss: 5.675350189208984
Epoch: 6192, Loss: 5.691993713378906
Epoch: 6193, Loss: 5.693404197692871
Epoch: 6194, Loss: 5.673903465270996
Epoch: 6195, Loss: 5.696948051452637
Epoch: 6196, Loss: 5.677735805511475
Epoch: 6197, Loss: 5.681622505187988
Epoch: 6198, Loss: 5.700087547302246
Epoch: 6199, Loss: 5.6719207763671875
./circuit_plots/Unrestricted Disentangled|Readout|CN=3|B0=3|B1=3|K=1280|L=320|p_B=0.75|p_C=0.75|B=2|eps=0|c5cf5f29-0828-4665-8316-69edf18d12bd/ already exists.
./circuit_plots/Unrestricted Disentangled|Readout|CN=3|B0=3|B1=3|K=1280|L=320|p_B=0.75|p_C=0.75|B=2|eps=0|c5cf5f29-0828-4665-8316-69edf18d12bd/ already exists.
./circuit_plots/Unrestricted Disentangled|Readout|CN=3|B0=3|B1=3|K=1280|L=320|p_B=0.75|p_C=0.75|B=2|eps=0|c5cf5f29-0828-4665-8316-69edf18d12bd/ already exists.
./circuit_plots/Unrestricted Disentangled|Readout|CN=3|B0=3|B1=3|K=1280|L=320|p_B=0.75|p_C=0.75|B=2|eps=0|c5cf5f29-0828-4665-8316-69edf18d12bd/ already exists.
./circuit_plots/Unrestricted Disentangled|Readout|CN=3|B0=3|B1=3|K=1280|L=320|p_B=0.75|p_C=0.75|B=2|eps=0|c5cf5f29-0828-4665-8316-69edf18d12bd/ already exists.
./circuit_plots/Unrestricted Disentangled|Readout|CN=3|B0=3|B1=3|K=1280|L=320|p_B=0.75|p_C=0.75|B=2|eps=0|c5cf5f29-0828-4665-8316-69edf18d12bd/ already exists.
./circuit_plots/Unrestricted Disentangled|Readout|CN=3|B0=3|B1=3|K=1280|L=320|p_B=0.75|p_C=0.75|B=2|eps=0|c5cf5f29-0828-4665-8316-69edf18d12bd/ already exists.
Epoch: 6200, Loss: 5.690324783325195
Test acc: 0.0451, IC acc: 0.0625, IC acc2: 0.0028, IW acc: 0.0035
Epoch: 6201, Loss: 5.68459415435791
Epoch: 6202, Loss: 5.67164421081543
Epoch: 6203, Loss: 5.673117637634277
Epoch: 6204, Loss: 5.700639724731445
Epoch: 6205, Loss: 5.7060136795043945
Epoch: 6206, Loss: 5.688814163208008
Epoch: 6207, Loss: 5.687102317810059
Epoch: 6208, Loss: 5.670441150665283
Epoch: 6209, Loss: 5.684786796569824
Epoch: 6210, Loss: 5.708573341369629
Test acc: 0.0455, IC acc: 0.0626, IC acc2: 0.0028, IW acc: 0.0035
Epoch: 6211, Loss: 5.673242568969727
Epoch: 6212, Loss: 5.67305850982666
Epoch: 6213, Loss: 5.686773777008057
Epoch: 6214, Loss: 5.689789772033691
Epoch: 6215, Loss: 5.675325393676758
Epoch: 6216, Loss: 5.691956520080566
Epoch: 6217, Loss: 5.691890716552734
Epoch: 6218, Loss: 5.660735130310059
Epoch: 6219, Loss: 5.681417465209961
Epoch: 6220, Loss: 5.725998401641846
Test acc: 0.0458, IC acc: 0.0628, IC acc2: 0.0028, IW acc: 0.0035
Epoch: 6221, Loss: 5.678194999694824
Epoch: 6222, Loss: 5.696960926055908
Epoch: 6223, Loss: 5.682435512542725
Epoch: 6224, Loss: 5.676572799682617
Epoch: 6225, Loss: 5.705364227294922
Epoch: 6226, Loss: 5.680754661560059
Epoch: 6227, Loss: 5.665680408477783
Epoch: 6228, Loss: 5.682620048522949
Epoch: 6229, Loss: 5.684206008911133
Epoch: 6230, Loss: 5.692778587341309
Test acc: 0.0459, IC acc: 0.0635, IC acc2: 0.0028, IW acc: 0.0034
Epoch: 6231, Loss: 5.685969352722168
Epoch: 6232, Loss: 5.680367469787598
Epoch: 6233, Loss: 5.6573686599731445
Epoch: 6234, Loss: 5.660030364990234
Epoch: 6235, Loss: 5.6721110343933105
Epoch: 6236, Loss: 5.684055328369141
Epoch: 6237, Loss: 5.699071884155273
Epoch: 6238, Loss: 5.68757438659668
Epoch: 6239, Loss: 5.68614387512207
Epoch: 6240, Loss: 5.709755897521973
Test acc: 0.0462, IC acc: 0.0635, IC acc2: 0.0028, IW acc: 0.0034
Epoch: 6241, Loss: 5.669776439666748
Epoch: 6242, Loss: 5.675576686859131
Epoch: 6243, Loss: 5.661797046661377
Epoch: 6244, Loss: 5.710299968719482
Epoch: 6245, Loss: 5.666375160217285
Epoch: 6246, Loss: 5.688390731811523
Epoch: 6247, Loss: 5.674503326416016
Epoch: 6248, Loss: 5.669956684112549
Epoch: 6249, Loss: 5.6554975509643555
./circuit_plots/Unrestricted Disentangled|Readout|CN=3|B0=3|B1=3|K=1280|L=320|p_B=0.75|p_C=0.75|B=2|eps=0|c5cf5f29-0828-4665-8316-69edf18d12bd/ already exists.
./circuit_plots/Unrestricted Disentangled|Readout|CN=3|B0=3|B1=3|K=1280|L=320|p_B=0.75|p_C=0.75|B=2|eps=0|c5cf5f29-0828-4665-8316-69edf18d12bd/ already exists.
./circuit_plots/Unrestricted Disentangled|Readout|CN=3|B0=3|B1=3|K=1280|L=320|p_B=0.75|p_C=0.75|B=2|eps=0|c5cf5f29-0828-4665-8316-69edf18d12bd/ already exists.
./circuit_plots/Unrestricted Disentangled|Readout|CN=3|B0=3|B1=3|K=1280|L=320|p_B=0.75|p_C=0.75|B=2|eps=0|c5cf5f29-0828-4665-8316-69edf18d12bd/ already exists.
./circuit_plots/Unrestricted Disentangled|Readout|CN=3|B0=3|B1=3|K=1280|L=320|p_B=0.75|p_C=0.75|B=2|eps=0|c5cf5f29-0828-4665-8316-69edf18d12bd/ already exists.
./circuit_plots/Unrestricted Disentangled|Readout|CN=3|B0=3|B1=3|K=1280|L=320|p_B=0.75|p_C=0.75|B=2|eps=0|c5cf5f29-0828-4665-8316-69edf18d12bd/ already exists.
./circuit_plots/Unrestricted Disentangled|Readout|CN=3|B0=3|B1=3|K=1280|L=320|p_B=0.75|p_C=0.75|B=2|eps=0|c5cf5f29-0828-4665-8316-69edf18d12bd/ already exists.
Epoch: 6250, Loss: 5.698606014251709
Test acc: 0.0462, IC acc: 0.0642, IC acc2: 0.0028, IW acc: 0.0034
Epoch: 6251, Loss: 5.688117980957031
Epoch: 6252, Loss: 5.698554039001465
Epoch: 6253, Loss: 5.695451259613037
Epoch: 6254, Loss: 5.691800594329834
Epoch: 6255, Loss: 5.714071273803711
Epoch: 6256, Loss: 5.680791854858398
Epoch: 6257, Loss: 5.7151899337768555
Epoch: 6258, Loss: 5.692204475402832
Epoch: 6259, Loss: 5.702143669128418
Epoch: 6260, Loss: 5.678637504577637
Test acc: 0.0465, IC acc: 0.0645, IC acc2: 0.0028, IW acc: 0.0034
Epoch: 6261, Loss: 5.679039001464844
Epoch: 6262, Loss: 5.6674299240112305
Epoch: 6263, Loss: 5.695749282836914
Epoch: 6264, Loss: 5.684043884277344
Epoch: 6265, Loss: 5.688870429992676
Epoch: 6266, Loss: 5.690700054168701
Epoch: 6267, Loss: 5.6811747550964355
Epoch: 6268, Loss: 5.674893856048584
Epoch: 6269, Loss: 5.684722423553467
Epoch: 6270, Loss: 5.655500411987305
Test acc: 0.0466, IC acc: 0.0651, IC acc2: 0.0028, IW acc: 0.0034
Epoch: 6271, Loss: 5.6875457763671875
Epoch: 6272, Loss: 5.6993818283081055
Epoch: 6273, Loss: 5.696145057678223
Epoch: 6274, Loss: 5.684216022491455
Epoch: 6275, Loss: 5.685365200042725
Epoch: 6276, Loss: 5.680285453796387
Epoch: 6277, Loss: 5.706298828125
Epoch: 6278, Loss: 5.700060844421387
Epoch: 6279, Loss: 5.6299591064453125
Epoch: 6280, Loss: 5.670013427734375
Test acc: 0.0469, IC acc: 0.065, IC acc2: 0.0028, IW acc: 0.0034
Epoch: 6281, Loss: 5.69188928604126
Epoch: 6282, Loss: 5.693591117858887
Epoch: 6283, Loss: 5.661170482635498
Epoch: 6284, Loss: 5.67627477645874
Epoch: 6285, Loss: 5.671607971191406
Epoch: 6286, Loss: 5.687721252441406
Epoch: 6287, Loss: 5.708662033081055
Epoch: 6288, Loss: 5.679958820343018
Epoch: 6289, Loss: 5.685641765594482
Epoch: 6290, Loss: 5.681463241577148
Test acc: 0.0471, IC acc: 0.0648, IC acc2: 0.0028, IW acc: 0.0034
Epoch: 6291, Loss: 5.681162357330322
Epoch: 6292, Loss: 5.695184230804443
Epoch: 6293, Loss: 5.702561378479004
Epoch: 6294, Loss: 5.687294006347656
Epoch: 6295, Loss: 5.675193786621094
Epoch: 6296, Loss: 5.6834588050842285
Epoch: 6297, Loss: 5.671724796295166
Epoch: 6298, Loss: 5.681293487548828
Epoch: 6299, Loss: 5.71330451965332
./circuit_plots/Unrestricted Disentangled|Readout|CN=3|B0=3|B1=3|K=1280|L=320|p_B=0.75|p_C=0.75|B=2|eps=0|c5cf5f29-0828-4665-8316-69edf18d12bd/ already exists.
./circuit_plots/Unrestricted Disentangled|Readout|CN=3|B0=3|B1=3|K=1280|L=320|p_B=0.75|p_C=0.75|B=2|eps=0|c5cf5f29-0828-4665-8316-69edf18d12bd/ already exists.
./circuit_plots/Unrestricted Disentangled|Readout|CN=3|B0=3|B1=3|K=1280|L=320|p_B=0.75|p_C=0.75|B=2|eps=0|c5cf5f29-0828-4665-8316-69edf18d12bd/ already exists.
./circuit_plots/Unrestricted Disentangled|Readout|CN=3|B0=3|B1=3|K=1280|L=320|p_B=0.75|p_C=0.75|B=2|eps=0|c5cf5f29-0828-4665-8316-69edf18d12bd/ already exists.
./circuit_plots/Unrestricted Disentangled|Readout|CN=3|B0=3|B1=3|K=1280|L=320|p_B=0.75|p_C=0.75|B=2|eps=0|c5cf5f29-0828-4665-8316-69edf18d12bd/ already exists.
./circuit_plots/Unrestricted Disentangled|Readout|CN=3|B0=3|B1=3|K=1280|L=320|p_B=0.75|p_C=0.75|B=2|eps=0|c5cf5f29-0828-4665-8316-69edf18d12bd/ already exists.
./circuit_plots/Unrestricted Disentangled|Readout|CN=3|B0=3|B1=3|K=1280|L=320|p_B=0.75|p_C=0.75|B=2|eps=0|c5cf5f29-0828-4665-8316-69edf18d12bd/ already exists.
Epoch: 6300, Loss: 5.672367095947266
Test acc: 0.0472, IC acc: 0.0651, IC acc2: 0.0028, IW acc: 0.0034
Epoch: 6301, Loss: 5.655616760253906
Epoch: 6302, Loss: 5.658054351806641
Epoch: 6303, Loss: 5.693781852722168
Epoch: 6304, Loss: 5.683630466461182
Epoch: 6305, Loss: 5.699341773986816
Epoch: 6306, Loss: 5.692108154296875
Epoch: 6307, Loss: 5.695864200592041
Epoch: 6308, Loss: 5.671281337738037
Epoch: 6309, Loss: 5.659034252166748
Epoch: 6310, Loss: 5.696215629577637
Test acc: 0.0471, IC acc: 0.0652, IC acc2: 0.0028, IW acc: 0.0034
Epoch: 6311, Loss: 5.655222415924072
Epoch: 6312, Loss: 5.693295001983643
Epoch: 6313, Loss: 5.7010345458984375
Epoch: 6314, Loss: 5.679058074951172
Epoch: 6315, Loss: 5.671260833740234
Epoch: 6316, Loss: 5.67567253112793
Epoch: 6317, Loss: 5.693150520324707
Epoch: 6318, Loss: 5.682613849639893
Epoch: 6319, Loss: 5.688409805297852
Epoch: 6320, Loss: 5.696567535400391
Test acc: 0.0473, IC acc: 0.0653, IC acc2: 0.0028, IW acc: 0.0034
Epoch: 6321, Loss: 5.680470943450928
Epoch: 6322, Loss: 5.662729263305664
Epoch: 6323, Loss: 5.681077480316162
Epoch: 6324, Loss: 5.690526485443115
Epoch: 6325, Loss: 5.675958633422852
Epoch: 6326, Loss: 5.670429229736328
Epoch: 6327, Loss: 5.678398132324219
Epoch: 6328, Loss: 5.702167510986328
Epoch: 6329, Loss: 5.679300785064697
Epoch: 6330, Loss: 5.701312065124512
Test acc: 0.0475, IC acc: 0.0655, IC acc2: 0.0028, IW acc: 0.0034
Epoch: 6331, Loss: 5.699402809143066
Epoch: 6332, Loss: 5.681425094604492
Epoch: 6333, Loss: 5.661053657531738
Epoch: 6334, Loss: 5.686678886413574
Epoch: 6335, Loss: 5.685309410095215
Epoch: 6336, Loss: 5.688964366912842
Epoch: 6337, Loss: 5.682487487792969
Epoch: 6338, Loss: 5.664157867431641
Epoch: 6339, Loss: 5.682590484619141
Epoch: 6340, Loss: 5.684819221496582
Test acc: 0.0479, IC acc: 0.0657, IC acc2: 0.0028, IW acc: 0.0034
Epoch: 6341, Loss: 5.68342399597168
Epoch: 6342, Loss: 5.682647228240967
Epoch: 6343, Loss: 5.694083213806152
Epoch: 6344, Loss: 5.67180061340332
Epoch: 6345, Loss: 5.698331356048584
Epoch: 6346, Loss: 5.689674377441406
Epoch: 6347, Loss: 5.6958723068237305
Epoch: 6348, Loss: 5.6576337814331055
Epoch: 6349, Loss: 5.692629814147949
./circuit_plots/Unrestricted Disentangled|Readout|CN=3|B0=3|B1=3|K=1280|L=320|p_B=0.75|p_C=0.75|B=2|eps=0|c5cf5f29-0828-4665-8316-69edf18d12bd/ already exists.
./circuit_plots/Unrestricted Disentangled|Readout|CN=3|B0=3|B1=3|K=1280|L=320|p_B=0.75|p_C=0.75|B=2|eps=0|c5cf5f29-0828-4665-8316-69edf18d12bd/ already exists.
./circuit_plots/Unrestricted Disentangled|Readout|CN=3|B0=3|B1=3|K=1280|L=320|p_B=0.75|p_C=0.75|B=2|eps=0|c5cf5f29-0828-4665-8316-69edf18d12bd/ already exists.
./circuit_plots/Unrestricted Disentangled|Readout|CN=3|B0=3|B1=3|K=1280|L=320|p_B=0.75|p_C=0.75|B=2|eps=0|c5cf5f29-0828-4665-8316-69edf18d12bd/ already exists.
./circuit_plots/Unrestricted Disentangled|Readout|CN=3|B0=3|B1=3|K=1280|L=320|p_B=0.75|p_C=0.75|B=2|eps=0|c5cf5f29-0828-4665-8316-69edf18d12bd/ already exists.
./circuit_plots/Unrestricted Disentangled|Readout|CN=3|B0=3|B1=3|K=1280|L=320|p_B=0.75|p_C=0.75|B=2|eps=0|c5cf5f29-0828-4665-8316-69edf18d12bd/ already exists.
./circuit_plots/Unrestricted Disentangled|Readout|CN=3|B0=3|B1=3|K=1280|L=320|p_B=0.75|p_C=0.75|B=2|eps=0|c5cf5f29-0828-4665-8316-69edf18d12bd/ already exists.
Epoch: 6350, Loss: 5.693340301513672
Test acc: 0.0482, IC acc: 0.0658, IC acc2: 0.0028, IW acc: 0.0034
Epoch: 6351, Loss: 5.694550037384033
Epoch: 6352, Loss: 5.68105936050415
Epoch: 6353, Loss: 5.6968231201171875
Epoch: 6354, Loss: 5.677432537078857
Epoch: 6355, Loss: 5.685713768005371
Epoch: 6356, Loss: 5.672469615936279
Epoch: 6357, Loss: 5.686141014099121
Epoch: 6358, Loss: 5.672995567321777
Epoch: 6359, Loss: 5.692774772644043
Epoch: 6360, Loss: 5.681694984436035
Test acc: 0.0483, IC acc: 0.066, IC acc2: 0.0028, IW acc: 0.0034
Epoch: 6361, Loss: 5.680656909942627
Epoch: 6362, Loss: 5.676910400390625
Epoch: 6363, Loss: 5.687622547149658
Epoch: 6364, Loss: 5.699336528778076
Epoch: 6365, Loss: 5.673202037811279
Epoch: 6366, Loss: 5.692394256591797
Epoch: 6367, Loss: 5.669537544250488
Epoch: 6368, Loss: 5.6784772872924805
Epoch: 6369, Loss: 5.687407493591309
Epoch: 6370, Loss: 5.6820807456970215
Test acc: 0.0483, IC acc: 0.0662, IC acc2: 0.0028, IW acc: 0.0034
Epoch: 6371, Loss: 5.6822733879089355
Epoch: 6372, Loss: 5.669561386108398
Epoch: 6373, Loss: 5.666059494018555
Epoch: 6374, Loss: 5.694769382476807
Epoch: 6375, Loss: 5.655754566192627
Epoch: 6376, Loss: 5.6691694259643555
Epoch: 6377, Loss: 5.6696014404296875
Epoch: 6378, Loss: 5.672054290771484
Epoch: 6379, Loss: 5.661551475524902
Epoch: 6380, Loss: 5.694960117340088
Test acc: 0.0484, IC acc: 0.0666, IC acc2: 0.0028, IW acc: 0.0034
Epoch: 6381, Loss: 5.672031402587891
Epoch: 6382, Loss: 5.671969890594482
Epoch: 6383, Loss: 5.69555139541626
Epoch: 6384, Loss: 5.68688440322876
Epoch: 6385, Loss: 5.6842041015625
Epoch: 6386, Loss: 5.69260311126709
Epoch: 6387, Loss: 5.677595615386963
Epoch: 6388, Loss: 5.6762542724609375
Epoch: 6389, Loss: 5.681981086730957
Epoch: 6390, Loss: 5.708640098571777
Test acc: 0.0487, IC acc: 0.0667, IC acc2: 0.0028, IW acc: 0.0035
Epoch: 6391, Loss: 5.675478935241699
Epoch: 6392, Loss: 5.692119598388672
Epoch: 6393, Loss: 5.680731773376465
Epoch: 6394, Loss: 5.683620452880859
Epoch: 6395, Loss: 5.673940658569336
Epoch: 6396, Loss: 5.65090799331665
Epoch: 6397, Loss: 5.67694091796875
Epoch: 6398, Loss: 5.689065933227539
Epoch: 6399, Loss: 5.678380012512207
./circuit_plots/Unrestricted Disentangled|Readout|CN=3|B0=3|B1=3|K=1280|L=320|p_B=0.75|p_C=0.75|B=2|eps=0|c5cf5f29-0828-4665-8316-69edf18d12bd/ already exists.
./circuit_plots/Unrestricted Disentangled|Readout|CN=3|B0=3|B1=3|K=1280|L=320|p_B=0.75|p_C=0.75|B=2|eps=0|c5cf5f29-0828-4665-8316-69edf18d12bd/ already exists.
./circuit_plots/Unrestricted Disentangled|Readout|CN=3|B0=3|B1=3|K=1280|L=320|p_B=0.75|p_C=0.75|B=2|eps=0|c5cf5f29-0828-4665-8316-69edf18d12bd/ already exists.
./circuit_plots/Unrestricted Disentangled|Readout|CN=3|B0=3|B1=3|K=1280|L=320|p_B=0.75|p_C=0.75|B=2|eps=0|c5cf5f29-0828-4665-8316-69edf18d12bd/ already exists.
./circuit_plots/Unrestricted Disentangled|Readout|CN=3|B0=3|B1=3|K=1280|L=320|p_B=0.75|p_C=0.75|B=2|eps=0|c5cf5f29-0828-4665-8316-69edf18d12bd/ already exists.
./circuit_plots/Unrestricted Disentangled|Readout|CN=3|B0=3|B1=3|K=1280|L=320|p_B=0.75|p_C=0.75|B=2|eps=0|c5cf5f29-0828-4665-8316-69edf18d12bd/ already exists.
./circuit_plots/Unrestricted Disentangled|Readout|CN=3|B0=3|B1=3|K=1280|L=320|p_B=0.75|p_C=0.75|B=2|eps=0|c5cf5f29-0828-4665-8316-69edf18d12bd/ already exists.
Epoch: 6400, Loss: 5.68442964553833
Test acc: 0.0489, IC acc: 0.0668, IC acc2: 0.0028, IW acc: 0.0035
Epoch: 6401, Loss: 5.684216499328613
Epoch: 6402, Loss: 5.684904098510742
Epoch: 6403, Loss: 5.681269645690918
Epoch: 6404, Loss: 5.6882476806640625
Epoch: 6405, Loss: 5.676419258117676
Epoch: 6406, Loss: 5.670563697814941
Epoch: 6407, Loss: 5.676887035369873
Epoch: 6408, Loss: 5.708404064178467
Epoch: 6409, Loss: 5.686572074890137
Epoch: 6410, Loss: 5.68817138671875
Test acc: 0.0493, IC acc: 0.067, IC acc2: 0.0028, IW acc: 0.0036
Epoch: 6411, Loss: 5.677043437957764
Epoch: 6412, Loss: 5.695163726806641
Epoch: 6413, Loss: 5.680792808532715
Epoch: 6414, Loss: 5.697650909423828
Epoch: 6415, Loss: 5.684319019317627
Epoch: 6416, Loss: 5.694674491882324
Epoch: 6417, Loss: 5.660200119018555
Epoch: 6418, Loss: 5.687295913696289
Epoch: 6419, Loss: 5.682699680328369
Epoch: 6420, Loss: 5.660299301147461
Test acc: 0.0491, IC acc: 0.0671, IC acc2: 0.0028, IW acc: 0.0036
Epoch: 6421, Loss: 5.678813457489014
Epoch: 6422, Loss: 5.671411037445068
Epoch: 6423, Loss: 5.679037570953369
Epoch: 6424, Loss: 5.702362060546875
Epoch: 6425, Loss: 5.69160270690918
Epoch: 6426, Loss: 5.680826187133789
Epoch: 6427, Loss: 5.68239164352417
Epoch: 6428, Loss: 5.673926830291748
Epoch: 6429, Loss: 5.675658226013184
Epoch: 6430, Loss: 5.683930397033691
Test acc: 0.0496, IC acc: 0.0674, IC acc2: 0.0028, IW acc: 0.0036
Epoch: 6431, Loss: 5.671350479125977
Epoch: 6432, Loss: 5.68558406829834
Epoch: 6433, Loss: 5.682384490966797
Epoch: 6434, Loss: 5.667149543762207
Epoch: 6435, Loss: 5.683136940002441
Epoch: 6436, Loss: 5.676071643829346
Epoch: 6437, Loss: 5.687288284301758
Epoch: 6438, Loss: 5.685876846313477
Epoch: 6439, Loss: 5.683542251586914
Epoch: 6440, Loss: 5.674437522888184
Test acc: 0.0496, IC acc: 0.0674, IC acc2: 0.0027, IW acc: 0.0036
Epoch: 6441, Loss: 5.669960021972656
Epoch: 6442, Loss: 5.673028945922852
Epoch: 6443, Loss: 5.672589302062988
Epoch: 6444, Loss: 5.684895992279053
Epoch: 6445, Loss: 5.697174072265625
Epoch: 6446, Loss: 5.699749946594238
Epoch: 6447, Loss: 5.714773654937744
Epoch: 6448, Loss: 5.691831588745117
Epoch: 6449, Loss: 5.654305458068848
./circuit_plots/Unrestricted Disentangled|Readout|CN=3|B0=3|B1=3|K=1280|L=320|p_B=0.75|p_C=0.75|B=2|eps=0|c5cf5f29-0828-4665-8316-69edf18d12bd/ already exists.
./circuit_plots/Unrestricted Disentangled|Readout|CN=3|B0=3|B1=3|K=1280|L=320|p_B=0.75|p_C=0.75|B=2|eps=0|c5cf5f29-0828-4665-8316-69edf18d12bd/ already exists.
./circuit_plots/Unrestricted Disentangled|Readout|CN=3|B0=3|B1=3|K=1280|L=320|p_B=0.75|p_C=0.75|B=2|eps=0|c5cf5f29-0828-4665-8316-69edf18d12bd/ already exists.
./circuit_plots/Unrestricted Disentangled|Readout|CN=3|B0=3|B1=3|K=1280|L=320|p_B=0.75|p_C=0.75|B=2|eps=0|c5cf5f29-0828-4665-8316-69edf18d12bd/ already exists.
./circuit_plots/Unrestricted Disentangled|Readout|CN=3|B0=3|B1=3|K=1280|L=320|p_B=0.75|p_C=0.75|B=2|eps=0|c5cf5f29-0828-4665-8316-69edf18d12bd/ already exists.
./circuit_plots/Unrestricted Disentangled|Readout|CN=3|B0=3|B1=3|K=1280|L=320|p_B=0.75|p_C=0.75|B=2|eps=0|c5cf5f29-0828-4665-8316-69edf18d12bd/ already exists.
./circuit_plots/Unrestricted Disentangled|Readout|CN=3|B0=3|B1=3|K=1280|L=320|p_B=0.75|p_C=0.75|B=2|eps=0|c5cf5f29-0828-4665-8316-69edf18d12bd/ already exists.
Epoch: 6450, Loss: 5.699434280395508
Test acc: 0.0495, IC acc: 0.0677, IC acc2: 0.0027, IW acc: 0.0035
Epoch: 6451, Loss: 5.6957197189331055
Epoch: 6452, Loss: 5.681996822357178
Epoch: 6453, Loss: 5.671566963195801
Epoch: 6454, Loss: 5.69383430480957
Epoch: 6455, Loss: 5.692211151123047
Epoch: 6456, Loss: 5.688350677490234
Epoch: 6457, Loss: 5.678372383117676
Epoch: 6458, Loss: 5.646446228027344
Epoch: 6459, Loss: 5.681107521057129
Epoch: 6460, Loss: 5.663053512573242
Test acc: 0.0496, IC acc: 0.0677, IC acc2: 0.0027, IW acc: 0.0035
Epoch: 6461, Loss: 5.682525634765625
Epoch: 6462, Loss: 5.670699119567871
Epoch: 6463, Loss: 5.689863681793213
Epoch: 6464, Loss: 5.681330680847168
Epoch: 6465, Loss: 5.668461322784424
Epoch: 6466, Loss: 5.673157691955566
Epoch: 6467, Loss: 5.683345317840576
Epoch: 6468, Loss: 5.6933088302612305
Epoch: 6469, Loss: 5.682953834533691
Epoch: 6470, Loss: 5.664434432983398
Test acc: 0.0498, IC acc: 0.0679, IC acc2: 0.0027, IW acc: 0.0035
Epoch: 6471, Loss: 5.693281173706055
Epoch: 6472, Loss: 5.67933988571167
Epoch: 6473, Loss: 5.675529479980469
Epoch: 6474, Loss: 5.686092376708984
Epoch: 6475, Loss: 5.683032989501953
Epoch: 6476, Loss: 5.695461273193359
Epoch: 6477, Loss: 5.687571048736572
Epoch: 6478, Loss: 5.631222248077393
Epoch: 6479, Loss: 5.684352874755859
Epoch: 6480, Loss: 5.6882524490356445
Test acc: 0.0498, IC acc: 0.0682, IC acc2: 0.0027, IW acc: 0.0035
Epoch: 6481, Loss: 5.675707817077637
Epoch: 6482, Loss: 5.670651435852051
Epoch: 6483, Loss: 5.683925151824951
Epoch: 6484, Loss: 5.664475440979004
Epoch: 6485, Loss: 5.6807661056518555
Epoch: 6486, Loss: 5.686323165893555
Epoch: 6487, Loss: 5.687447547912598
Epoch: 6488, Loss: 5.676324367523193
Epoch: 6489, Loss: 5.673526287078857
Epoch: 6490, Loss: 5.710995674133301
Test acc: 0.0501, IC acc: 0.0685, IC acc2: 0.0027, IW acc: 0.0035
Epoch: 6491, Loss: 5.682884216308594
Epoch: 6492, Loss: 5.684530258178711
Epoch: 6493, Loss: 5.678221702575684
Epoch: 6494, Loss: 5.662491798400879
Epoch: 6495, Loss: 5.6734819412231445
Epoch: 6496, Loss: 5.674030780792236
Epoch: 6497, Loss: 5.703897476196289
Epoch: 6498, Loss: 5.669373989105225
Epoch: 6499, Loss: 5.690639495849609
./circuit_plots/Unrestricted Disentangled|Readout|CN=3|B0=3|B1=3|K=1280|L=320|p_B=0.75|p_C=0.75|B=2|eps=0|c5cf5f29-0828-4665-8316-69edf18d12bd/ already exists.
./circuit_plots/Unrestricted Disentangled|Readout|CN=3|B0=3|B1=3|K=1280|L=320|p_B=0.75|p_C=0.75|B=2|eps=0|c5cf5f29-0828-4665-8316-69edf18d12bd/ already exists.
./circuit_plots/Unrestricted Disentangled|Readout|CN=3|B0=3|B1=3|K=1280|L=320|p_B=0.75|p_C=0.75|B=2|eps=0|c5cf5f29-0828-4665-8316-69edf18d12bd/ already exists.
./circuit_plots/Unrestricted Disentangled|Readout|CN=3|B0=3|B1=3|K=1280|L=320|p_B=0.75|p_C=0.75|B=2|eps=0|c5cf5f29-0828-4665-8316-69edf18d12bd/ already exists.
./circuit_plots/Unrestricted Disentangled|Readout|CN=3|B0=3|B1=3|K=1280|L=320|p_B=0.75|p_C=0.75|B=2|eps=0|c5cf5f29-0828-4665-8316-69edf18d12bd/ already exists.
./circuit_plots/Unrestricted Disentangled|Readout|CN=3|B0=3|B1=3|K=1280|L=320|p_B=0.75|p_C=0.75|B=2|eps=0|c5cf5f29-0828-4665-8316-69edf18d12bd/ already exists.
./circuit_plots/Unrestricted Disentangled|Readout|CN=3|B0=3|B1=3|K=1280|L=320|p_B=0.75|p_C=0.75|B=2|eps=0|c5cf5f29-0828-4665-8316-69edf18d12bd/ already exists.
Epoch: 6500, Loss: 5.681030750274658
Test acc: 0.0506, IC acc: 0.0691, IC acc2: 0.0027, IW acc: 0.0036
Epoch: 6501, Loss: 5.6937642097473145
Epoch: 6502, Loss: 5.673377990722656
Epoch: 6503, Loss: 5.660579681396484
Epoch: 6504, Loss: 5.693359851837158
Epoch: 6505, Loss: 5.6790056228637695
Epoch: 6506, Loss: 5.667513847351074
Epoch: 6507, Loss: 5.686977386474609
Epoch: 6508, Loss: 5.678183555603027
Epoch: 6509, Loss: 5.671226501464844
Epoch: 6510, Loss: 5.676217079162598
Test acc: 0.0508, IC acc: 0.069, IC acc2: 0.0027, IW acc: 0.0036
Epoch: 6511, Loss: 5.699756622314453
Epoch: 6512, Loss: 5.673225402832031
Epoch: 6513, Loss: 5.697272300720215
Epoch: 6514, Loss: 5.69892692565918
Epoch: 6515, Loss: 5.673031806945801
Epoch: 6516, Loss: 5.6688103675842285
Epoch: 6517, Loss: 5.662256240844727
Epoch: 6518, Loss: 5.6891374588012695
Epoch: 6519, Loss: 5.696383476257324
Epoch: 6520, Loss: 5.68520450592041
Test acc: 0.0508, IC acc: 0.0691, IC acc2: 0.0027, IW acc: 0.0036
Epoch: 6521, Loss: 5.709862232208252
Epoch: 6522, Loss: 5.680721759796143
Epoch: 6523, Loss: 5.6617608070373535
Epoch: 6524, Loss: 5.677574157714844
Epoch: 6525, Loss: 5.656702041625977
Epoch: 6526, Loss: 5.670686721801758
Epoch: 6527, Loss: 5.678530693054199
Epoch: 6528, Loss: 5.681497573852539
Epoch: 6529, Loss: 5.666797637939453
Epoch: 6530, Loss: 5.697422981262207
Test acc: 0.0506, IC acc: 0.0695, IC acc2: 0.0027, IW acc: 0.0037
Epoch: 6531, Loss: 5.6706342697143555
Epoch: 6532, Loss: 5.673962593078613
Epoch: 6533, Loss: 5.678046226501465
Epoch: 6534, Loss: 5.663974761962891
Epoch: 6535, Loss: 5.68379020690918
Epoch: 6536, Loss: 5.707850456237793
Epoch: 6537, Loss: 5.699617385864258
Epoch: 6538, Loss: 5.6742353439331055
Epoch: 6539, Loss: 5.687870979309082
Epoch: 6540, Loss: 5.679100036621094
Test acc: 0.0512, IC acc: 0.0696, IC acc2: 0.0027, IW acc: 0.0037
Epoch: 6541, Loss: 5.682572841644287
Epoch: 6542, Loss: 5.683016777038574
Epoch: 6543, Loss: 5.685342788696289
Epoch: 6544, Loss: 5.67842435836792
Epoch: 6545, Loss: 5.679095268249512
Epoch: 6546, Loss: 5.685552597045898
Epoch: 6547, Loss: 5.665328025817871
Epoch: 6548, Loss: 5.646773338317871
Epoch: 6549, Loss: 5.675348281860352
./circuit_plots/Unrestricted Disentangled|Readout|CN=3|B0=3|B1=3|K=1280|L=320|p_B=0.75|p_C=0.75|B=2|eps=0|c5cf5f29-0828-4665-8316-69edf18d12bd/ already exists.
./circuit_plots/Unrestricted Disentangled|Readout|CN=3|B0=3|B1=3|K=1280|L=320|p_B=0.75|p_C=0.75|B=2|eps=0|c5cf5f29-0828-4665-8316-69edf18d12bd/ already exists.
./circuit_plots/Unrestricted Disentangled|Readout|CN=3|B0=3|B1=3|K=1280|L=320|p_B=0.75|p_C=0.75|B=2|eps=0|c5cf5f29-0828-4665-8316-69edf18d12bd/ already exists.
./circuit_plots/Unrestricted Disentangled|Readout|CN=3|B0=3|B1=3|K=1280|L=320|p_B=0.75|p_C=0.75|B=2|eps=0|c5cf5f29-0828-4665-8316-69edf18d12bd/ already exists.
./circuit_plots/Unrestricted Disentangled|Readout|CN=3|B0=3|B1=3|K=1280|L=320|p_B=0.75|p_C=0.75|B=2|eps=0|c5cf5f29-0828-4665-8316-69edf18d12bd/ already exists.
./circuit_plots/Unrestricted Disentangled|Readout|CN=3|B0=3|B1=3|K=1280|L=320|p_B=0.75|p_C=0.75|B=2|eps=0|c5cf5f29-0828-4665-8316-69edf18d12bd/ already exists.
./circuit_plots/Unrestricted Disentangled|Readout|CN=3|B0=3|B1=3|K=1280|L=320|p_B=0.75|p_C=0.75|B=2|eps=0|c5cf5f29-0828-4665-8316-69edf18d12bd/ already exists.
Epoch: 6550, Loss: 5.664909362792969
Test acc: 0.0514, IC acc: 0.0697, IC acc2: 0.0027, IW acc: 0.0037
Epoch: 6551, Loss: 5.706058502197266
Epoch: 6552, Loss: 5.681366920471191
Epoch: 6553, Loss: 5.687047958374023
Epoch: 6554, Loss: 5.652595520019531
Epoch: 6555, Loss: 5.671346187591553
Epoch: 6556, Loss: 5.67922830581665
Epoch: 6557, Loss: 5.668609619140625
Epoch: 6558, Loss: 5.669349193572998
Epoch: 6559, Loss: 5.678500175476074
Epoch: 6560, Loss: 5.676788806915283
Test acc: 0.0515, IC acc: 0.0701, IC acc2: 0.0027, IW acc: 0.0037
Epoch: 6561, Loss: 5.674066543579102
Epoch: 6562, Loss: 5.6724443435668945
Epoch: 6563, Loss: 5.673302173614502
Epoch: 6564, Loss: 5.679901123046875
Epoch: 6565, Loss: 5.678101539611816
Epoch: 6566, Loss: 5.6622514724731445
Epoch: 6567, Loss: 5.6686625480651855
Epoch: 6568, Loss: 5.666394233703613
Epoch: 6569, Loss: 5.679305076599121
Epoch: 6570, Loss: 5.665755271911621
Test acc: 0.0519, IC acc: 0.0703, IC acc2: 0.0027, IW acc: 0.0037
Epoch: 6571, Loss: 5.672778606414795
Epoch: 6572, Loss: 5.668561935424805
Epoch: 6573, Loss: 5.668309688568115
Epoch: 6574, Loss: 5.670243740081787
Epoch: 6575, Loss: 5.687774658203125
Epoch: 6576, Loss: 5.660187244415283
Epoch: 6577, Loss: 5.64803409576416
Epoch: 6578, Loss: 5.67911958694458
Epoch: 6579, Loss: 5.662923812866211
Epoch: 6580, Loss: 5.691895008087158
Test acc: 0.0519, IC acc: 0.0707, IC acc2: 0.0026, IW acc: 0.0037
Epoch: 6581, Loss: 5.6579670906066895
Epoch: 6582, Loss: 5.695982933044434
Epoch: 6583, Loss: 5.693423271179199
Epoch: 6584, Loss: 5.675037384033203
Epoch: 6585, Loss: 5.669465065002441
Epoch: 6586, Loss: 5.688891410827637
Epoch: 6587, Loss: 5.67534065246582
Epoch: 6588, Loss: 5.672965049743652
Epoch: 6589, Loss: 5.699282646179199
Epoch: 6590, Loss: 5.684928894042969
Test acc: 0.0521, IC acc: 0.071, IC acc2: 0.0026, IW acc: 0.0037
Epoch: 6591, Loss: 5.665572166442871
Epoch: 6592, Loss: 5.681842803955078
Epoch: 6593, Loss: 5.691737651824951
Epoch: 6594, Loss: 5.67410135269165
Epoch: 6595, Loss: 5.677956581115723
Epoch: 6596, Loss: 5.675516128540039
Epoch: 6597, Loss: 5.6694536209106445
Epoch: 6598, Loss: 5.655450820922852
Epoch: 6599, Loss: 5.68315315246582
./circuit_plots/Unrestricted Disentangled|Readout|CN=3|B0=3|B1=3|K=1280|L=320|p_B=0.75|p_C=0.75|B=2|eps=0|c5cf5f29-0828-4665-8316-69edf18d12bd/ already exists.
./circuit_plots/Unrestricted Disentangled|Readout|CN=3|B0=3|B1=3|K=1280|L=320|p_B=0.75|p_C=0.75|B=2|eps=0|c5cf5f29-0828-4665-8316-69edf18d12bd/ already exists.
./circuit_plots/Unrestricted Disentangled|Readout|CN=3|B0=3|B1=3|K=1280|L=320|p_B=0.75|p_C=0.75|B=2|eps=0|c5cf5f29-0828-4665-8316-69edf18d12bd/ already exists.
./circuit_plots/Unrestricted Disentangled|Readout|CN=3|B0=3|B1=3|K=1280|L=320|p_B=0.75|p_C=0.75|B=2|eps=0|c5cf5f29-0828-4665-8316-69edf18d12bd/ already exists.
./circuit_plots/Unrestricted Disentangled|Readout|CN=3|B0=3|B1=3|K=1280|L=320|p_B=0.75|p_C=0.75|B=2|eps=0|c5cf5f29-0828-4665-8316-69edf18d12bd/ already exists.
./circuit_plots/Unrestricted Disentangled|Readout|CN=3|B0=3|B1=3|K=1280|L=320|p_B=0.75|p_C=0.75|B=2|eps=0|c5cf5f29-0828-4665-8316-69edf18d12bd/ already exists.
./circuit_plots/Unrestricted Disentangled|Readout|CN=3|B0=3|B1=3|K=1280|L=320|p_B=0.75|p_C=0.75|B=2|eps=0|c5cf5f29-0828-4665-8316-69edf18d12bd/ already exists.
Epoch: 6600, Loss: 5.671002388000488
Test acc: 0.0523, IC acc: 0.071, IC acc2: 0.0026, IW acc: 0.0037
Epoch: 6601, Loss: 5.670706748962402
Epoch: 6602, Loss: 5.6573591232299805
Epoch: 6603, Loss: 5.689522743225098
Epoch: 6604, Loss: 5.673146724700928
Epoch: 6605, Loss: 5.673793792724609
Epoch: 6606, Loss: 5.659679412841797
Epoch: 6607, Loss: 5.6884565353393555
Epoch: 6608, Loss: 5.681775093078613
Epoch: 6609, Loss: 5.673300743103027
Epoch: 6610, Loss: 5.668916702270508
Test acc: 0.0526, IC acc: 0.0712, IC acc2: 0.0026, IW acc: 0.0037
Epoch: 6611, Loss: 5.671458721160889
Epoch: 6612, Loss: 5.67831563949585
Epoch: 6613, Loss: 5.677946090698242
Epoch: 6614, Loss: 5.667839527130127
Epoch: 6615, Loss: 5.67003870010376
Epoch: 6616, Loss: 5.68206787109375
Epoch: 6617, Loss: 5.67460298538208
Epoch: 6618, Loss: 5.668606758117676
Epoch: 6619, Loss: 5.683518409729004
Epoch: 6620, Loss: 5.6725921630859375
Test acc: 0.0528, IC acc: 0.0714, IC acc2: 0.0026, IW acc: 0.0037
Epoch: 6621, Loss: 5.666953086853027
Epoch: 6622, Loss: 5.65468692779541
Epoch: 6623, Loss: 5.681901931762695
Epoch: 6624, Loss: 5.677732467651367
Epoch: 6625, Loss: 5.657039642333984
Epoch: 6626, Loss: 5.677633762359619
Epoch: 6627, Loss: 5.66069221496582
Epoch: 6628, Loss: 5.6767120361328125
Epoch: 6629, Loss: 5.681588172912598
Epoch: 6630, Loss: 5.709969520568848
Test acc: 0.0531, IC acc: 0.0719, IC acc2: 0.0026, IW acc: 0.0036
Epoch: 6631, Loss: 5.685711860656738
Epoch: 6632, Loss: 5.651030540466309
Epoch: 6633, Loss: 5.681612968444824
Epoch: 6634, Loss: 5.64865779876709
Epoch: 6635, Loss: 5.671372413635254
Epoch: 6636, Loss: 5.666232109069824
Epoch: 6637, Loss: 5.68666934967041
Epoch: 6638, Loss: 5.6798996925354
Epoch: 6639, Loss: 5.694014549255371
Epoch: 6640, Loss: 5.674315929412842
Test acc: 0.053, IC acc: 0.0719, IC acc2: 0.0026, IW acc: 0.0036
Epoch: 6641, Loss: 5.681473731994629
Epoch: 6642, Loss: 5.682694435119629
Epoch: 6643, Loss: 5.660983085632324
Epoch: 6644, Loss: 5.6821160316467285
Epoch: 6645, Loss: 5.6894025802612305
Epoch: 6646, Loss: 5.679569721221924
Epoch: 6647, Loss: 5.66956901550293
Epoch: 6648, Loss: 5.660589218139648
Epoch: 6649, Loss: 5.661273956298828
./circuit_plots/Unrestricted Disentangled|Readout|CN=3|B0=3|B1=3|K=1280|L=320|p_B=0.75|p_C=0.75|B=2|eps=0|c5cf5f29-0828-4665-8316-69edf18d12bd/ already exists.
./circuit_plots/Unrestricted Disentangled|Readout|CN=3|B0=3|B1=3|K=1280|L=320|p_B=0.75|p_C=0.75|B=2|eps=0|c5cf5f29-0828-4665-8316-69edf18d12bd/ already exists.
./circuit_plots/Unrestricted Disentangled|Readout|CN=3|B0=3|B1=3|K=1280|L=320|p_B=0.75|p_C=0.75|B=2|eps=0|c5cf5f29-0828-4665-8316-69edf18d12bd/ already exists.
./circuit_plots/Unrestricted Disentangled|Readout|CN=3|B0=3|B1=3|K=1280|L=320|p_B=0.75|p_C=0.75|B=2|eps=0|c5cf5f29-0828-4665-8316-69edf18d12bd/ already exists.
./circuit_plots/Unrestricted Disentangled|Readout|CN=3|B0=3|B1=3|K=1280|L=320|p_B=0.75|p_C=0.75|B=2|eps=0|c5cf5f29-0828-4665-8316-69edf18d12bd/ already exists.
./circuit_plots/Unrestricted Disentangled|Readout|CN=3|B0=3|B1=3|K=1280|L=320|p_B=0.75|p_C=0.75|B=2|eps=0|c5cf5f29-0828-4665-8316-69edf18d12bd/ already exists.
./circuit_plots/Unrestricted Disentangled|Readout|CN=3|B0=3|B1=3|K=1280|L=320|p_B=0.75|p_C=0.75|B=2|eps=0|c5cf5f29-0828-4665-8316-69edf18d12bd/ already exists.
Epoch: 6650, Loss: 5.674755573272705
Test acc: 0.0533, IC acc: 0.0723, IC acc2: 0.0026, IW acc: 0.0036
Epoch: 6651, Loss: 5.671313285827637
Epoch: 6652, Loss: 5.680001735687256
Epoch: 6653, Loss: 5.673017501831055
Epoch: 6654, Loss: 5.685332298278809
Epoch: 6655, Loss: 5.676990032196045
Epoch: 6656, Loss: 5.683736801147461
Epoch: 6657, Loss: 5.676449775695801
Epoch: 6658, Loss: 5.678208351135254
Epoch: 6659, Loss: 5.676814079284668
Epoch: 6660, Loss: 5.7018632888793945
Test acc: 0.0537, IC acc: 0.0727, IC acc2: 0.0026, IW acc: 0.0036
Epoch: 6661, Loss: 5.670649528503418
Epoch: 6662, Loss: 5.693202018737793
Epoch: 6663, Loss: 5.662631511688232
Epoch: 6664, Loss: 5.673757553100586
Epoch: 6665, Loss: 5.667867660522461
Epoch: 6666, Loss: 5.692722320556641
Epoch: 6667, Loss: 5.688568592071533
Epoch: 6668, Loss: 5.68350887298584
Epoch: 6669, Loss: 5.6667890548706055
Epoch: 6670, Loss: 5.687995433807373
Test acc: 0.0543, IC acc: 0.073, IC acc2: 0.0026, IW acc: 0.0037
Epoch: 6671, Loss: 5.674250602722168
Epoch: 6672, Loss: 5.68372917175293
Epoch: 6673, Loss: 5.695191383361816
Epoch: 6674, Loss: 5.677908897399902
Epoch: 6675, Loss: 5.668918132781982
Epoch: 6676, Loss: 5.666887283325195
Epoch: 6677, Loss: 5.688872814178467
Epoch: 6678, Loss: 5.66786003112793
Epoch: 6679, Loss: 5.679530143737793
Epoch: 6680, Loss: 5.645229816436768
Test acc: 0.0542, IC acc: 0.0731, IC acc2: 0.0027, IW acc: 0.0037
Epoch: 6681, Loss: 5.673624515533447
Epoch: 6682, Loss: 5.686336040496826
Epoch: 6683, Loss: 5.663309574127197
Epoch: 6684, Loss: 5.689352989196777
Epoch: 6685, Loss: 5.689064979553223
Epoch: 6686, Loss: 5.672048091888428
Epoch: 6687, Loss: 5.675814628601074
Epoch: 6688, Loss: 5.702205657958984
Epoch: 6689, Loss: 5.663714408874512
Epoch: 6690, Loss: 5.694866180419922
Test acc: 0.0542, IC acc: 0.0734, IC acc2: 0.0027, IW acc: 0.0036
Epoch: 6691, Loss: 5.664928913116455
Epoch: 6692, Loss: 5.661232948303223
Epoch: 6693, Loss: 5.671513080596924
Epoch: 6694, Loss: 5.689670562744141
Epoch: 6695, Loss: 5.672325134277344
Epoch: 6696, Loss: 5.678277969360352
Epoch: 6697, Loss: 5.680290699005127
Epoch: 6698, Loss: 5.670503616333008
Epoch: 6699, Loss: 5.695444107055664
./circuit_plots/Unrestricted Disentangled|Readout|CN=3|B0=3|B1=3|K=1280|L=320|p_B=0.75|p_C=0.75|B=2|eps=0|c5cf5f29-0828-4665-8316-69edf18d12bd/ already exists.
./circuit_plots/Unrestricted Disentangled|Readout|CN=3|B0=3|B1=3|K=1280|L=320|p_B=0.75|p_C=0.75|B=2|eps=0|c5cf5f29-0828-4665-8316-69edf18d12bd/ already exists.
./circuit_plots/Unrestricted Disentangled|Readout|CN=3|B0=3|B1=3|K=1280|L=320|p_B=0.75|p_C=0.75|B=2|eps=0|c5cf5f29-0828-4665-8316-69edf18d12bd/ already exists.
./circuit_plots/Unrestricted Disentangled|Readout|CN=3|B0=3|B1=3|K=1280|L=320|p_B=0.75|p_C=0.75|B=2|eps=0|c5cf5f29-0828-4665-8316-69edf18d12bd/ already exists.
./circuit_plots/Unrestricted Disentangled|Readout|CN=3|B0=3|B1=3|K=1280|L=320|p_B=0.75|p_C=0.75|B=2|eps=0|c5cf5f29-0828-4665-8316-69edf18d12bd/ already exists.
./circuit_plots/Unrestricted Disentangled|Readout|CN=3|B0=3|B1=3|K=1280|L=320|p_B=0.75|p_C=0.75|B=2|eps=0|c5cf5f29-0828-4665-8316-69edf18d12bd/ already exists.
./circuit_plots/Unrestricted Disentangled|Readout|CN=3|B0=3|B1=3|K=1280|L=320|p_B=0.75|p_C=0.75|B=2|eps=0|c5cf5f29-0828-4665-8316-69edf18d12bd/ already exists.
Epoch: 6700, Loss: 5.676474571228027
Test acc: 0.0543, IC acc: 0.074, IC acc2: 0.0027, IW acc: 0.0036
Epoch: 6701, Loss: 5.687058448791504
Epoch: 6702, Loss: 5.681031227111816
Epoch: 6703, Loss: 5.663705825805664
Epoch: 6704, Loss: 5.674595832824707
Epoch: 6705, Loss: 5.673308372497559
Epoch: 6706, Loss: 5.677763938903809
Epoch: 6707, Loss: 5.6858110427856445
Epoch: 6708, Loss: 5.660202980041504
Epoch: 6709, Loss: 5.695364952087402
Epoch: 6710, Loss: 5.674811363220215
Test acc: 0.0542, IC acc: 0.0741, IC acc2: 0.0027, IW acc: 0.0036
Epoch: 6711, Loss: 5.686606407165527
Epoch: 6712, Loss: 5.68398380279541
Epoch: 6713, Loss: 5.6687116622924805
Epoch: 6714, Loss: 5.653191089630127
Epoch: 6715, Loss: 5.663395881652832
Epoch: 6716, Loss: 5.677243232727051
Epoch: 6717, Loss: 5.673826217651367
Epoch: 6718, Loss: 5.680051803588867
Epoch: 6719, Loss: 5.6729631423950195
Epoch: 6720, Loss: 5.674795627593994
Test acc: 0.0545, IC acc: 0.0744, IC acc2: 0.0027, IW acc: 0.0037
Epoch: 6721, Loss: 5.644909858703613
Epoch: 6722, Loss: 5.642542839050293
Epoch: 6723, Loss: 5.694267272949219
Epoch: 6724, Loss: 5.6857590675354
Epoch: 6725, Loss: 5.667407989501953
Epoch: 6726, Loss: 5.659309387207031
Epoch: 6727, Loss: 5.676619052886963
Epoch: 6728, Loss: 5.687564849853516
Epoch: 6729, Loss: 5.652157783508301
Epoch: 6730, Loss: 5.6561126708984375
Test acc: 0.0548, IC acc: 0.0747, IC acc2: 0.0027, IW acc: 0.0035
Epoch: 6731, Loss: 5.666815757751465
Epoch: 6732, Loss: 5.680538177490234
Epoch: 6733, Loss: 5.69899320602417
Epoch: 6734, Loss: 5.693471908569336
Epoch: 6735, Loss: 5.6704301834106445
Epoch: 6736, Loss: 5.674027442932129
Epoch: 6737, Loss: 5.681127548217773
Epoch: 6738, Loss: 5.656867027282715
Epoch: 6739, Loss: 5.651826858520508
Epoch: 6740, Loss: 5.668391227722168
Test acc: 0.0546, IC acc: 0.0751, IC acc2: 0.0027, IW acc: 0.0035
Epoch: 6741, Loss: 5.676105499267578
Epoch: 6742, Loss: 5.665346145629883
Epoch: 6743, Loss: 5.665753364562988
Epoch: 6744, Loss: 5.695395469665527
Epoch: 6745, Loss: 5.680006980895996
Epoch: 6746, Loss: 5.6569013595581055
Epoch: 6747, Loss: 5.689123153686523
Epoch: 6748, Loss: 5.689883708953857
Epoch: 6749, Loss: 5.689630031585693
./circuit_plots/Unrestricted Disentangled|Readout|CN=3|B0=3|B1=3|K=1280|L=320|p_B=0.75|p_C=0.75|B=2|eps=0|c5cf5f29-0828-4665-8316-69edf18d12bd/ already exists.
./circuit_plots/Unrestricted Disentangled|Readout|CN=3|B0=3|B1=3|K=1280|L=320|p_B=0.75|p_C=0.75|B=2|eps=0|c5cf5f29-0828-4665-8316-69edf18d12bd/ already exists.
./circuit_plots/Unrestricted Disentangled|Readout|CN=3|B0=3|B1=3|K=1280|L=320|p_B=0.75|p_C=0.75|B=2|eps=0|c5cf5f29-0828-4665-8316-69edf18d12bd/ already exists.
./circuit_plots/Unrestricted Disentangled|Readout|CN=3|B0=3|B1=3|K=1280|L=320|p_B=0.75|p_C=0.75|B=2|eps=0|c5cf5f29-0828-4665-8316-69edf18d12bd/ already exists.
./circuit_plots/Unrestricted Disentangled|Readout|CN=3|B0=3|B1=3|K=1280|L=320|p_B=0.75|p_C=0.75|B=2|eps=0|c5cf5f29-0828-4665-8316-69edf18d12bd/ already exists.
./circuit_plots/Unrestricted Disentangled|Readout|CN=3|B0=3|B1=3|K=1280|L=320|p_B=0.75|p_C=0.75|B=2|eps=0|c5cf5f29-0828-4665-8316-69edf18d12bd/ already exists.
./circuit_plots/Unrestricted Disentangled|Readout|CN=3|B0=3|B1=3|K=1280|L=320|p_B=0.75|p_C=0.75|B=2|eps=0|c5cf5f29-0828-4665-8316-69edf18d12bd/ already exists.
Epoch: 6750, Loss: 5.687568664550781
Test acc: 0.0547, IC acc: 0.0755, IC acc2: 0.0027, IW acc: 0.0036
Epoch: 6751, Loss: 5.692953109741211
Epoch: 6752, Loss: 5.679413795471191
Epoch: 6753, Loss: 5.666695594787598
Epoch: 6754, Loss: 5.683827877044678
Epoch: 6755, Loss: 5.6702680587768555
Epoch: 6756, Loss: 5.674964904785156
Epoch: 6757, Loss: 5.680922031402588
Epoch: 6758, Loss: 5.6652116775512695
Epoch: 6759, Loss: 5.678375244140625
Epoch: 6760, Loss: 5.683215141296387
Test acc: 0.0548, IC acc: 0.0755, IC acc2: 0.0027, IW acc: 0.0035
Epoch: 6761, Loss: 5.676480770111084
Epoch: 6762, Loss: 5.69893217086792
Epoch: 6763, Loss: 5.674080848693848
Epoch: 6764, Loss: 5.671295166015625
Epoch: 6765, Loss: 5.680081844329834
Epoch: 6766, Loss: 5.670052528381348
Epoch: 6767, Loss: 5.6590375900268555
Epoch: 6768, Loss: 5.677488327026367
Epoch: 6769, Loss: 5.662371635437012
Epoch: 6770, Loss: 5.67943000793457
Test acc: 0.0549, IC acc: 0.0764, IC acc2: 0.0027, IW acc: 0.0035
Epoch: 6771, Loss: 5.675709247589111
Epoch: 6772, Loss: 5.667965412139893
Epoch: 6773, Loss: 5.677456855773926
Epoch: 6774, Loss: 5.675864219665527
Epoch: 6775, Loss: 5.671921730041504
Epoch: 6776, Loss: 5.664238452911377
Epoch: 6777, Loss: 5.671835899353027
Epoch: 6778, Loss: 5.671428680419922
Epoch: 6779, Loss: 5.67055606842041
Epoch: 6780, Loss: 5.671818733215332
Test acc: 0.0549, IC acc: 0.0766, IC acc2: 0.0027, IW acc: 0.0035
Epoch: 6781, Loss: 5.681417942047119
Epoch: 6782, Loss: 5.684296607971191
Epoch: 6783, Loss: 5.672998428344727
Epoch: 6784, Loss: 5.682451248168945
Epoch: 6785, Loss: 5.665771484375
Epoch: 6786, Loss: 5.661947727203369
Epoch: 6787, Loss: 5.683413505554199
Epoch: 6788, Loss: 5.649041175842285
Epoch: 6789, Loss: 5.670516014099121
Epoch: 6790, Loss: 5.692370414733887
Test acc: 0.0551, IC acc: 0.0772, IC acc2: 0.0027, IW acc: 0.0035
Epoch: 6791, Loss: 5.683957576751709
Epoch: 6792, Loss: 5.657238006591797
Epoch: 6793, Loss: 5.653619289398193
Epoch: 6794, Loss: 5.677083969116211
Epoch: 6795, Loss: 5.706579208374023
Epoch: 6796, Loss: 5.6760454177856445
Epoch: 6797, Loss: 5.683219909667969
Epoch: 6798, Loss: 5.675807952880859
Epoch: 6799, Loss: 5.660381317138672
./circuit_plots/Unrestricted Disentangled|Readout|CN=3|B0=3|B1=3|K=1280|L=320|p_B=0.75|p_C=0.75|B=2|eps=0|c5cf5f29-0828-4665-8316-69edf18d12bd/ already exists.
./circuit_plots/Unrestricted Disentangled|Readout|CN=3|B0=3|B1=3|K=1280|L=320|p_B=0.75|p_C=0.75|B=2|eps=0|c5cf5f29-0828-4665-8316-69edf18d12bd/ already exists.
./circuit_plots/Unrestricted Disentangled|Readout|CN=3|B0=3|B1=3|K=1280|L=320|p_B=0.75|p_C=0.75|B=2|eps=0|c5cf5f29-0828-4665-8316-69edf18d12bd/ already exists.
./circuit_plots/Unrestricted Disentangled|Readout|CN=3|B0=3|B1=3|K=1280|L=320|p_B=0.75|p_C=0.75|B=2|eps=0|c5cf5f29-0828-4665-8316-69edf18d12bd/ already exists.
./circuit_plots/Unrestricted Disentangled|Readout|CN=3|B0=3|B1=3|K=1280|L=320|p_B=0.75|p_C=0.75|B=2|eps=0|c5cf5f29-0828-4665-8316-69edf18d12bd/ already exists.
./circuit_plots/Unrestricted Disentangled|Readout|CN=3|B0=3|B1=3|K=1280|L=320|p_B=0.75|p_C=0.75|B=2|eps=0|c5cf5f29-0828-4665-8316-69edf18d12bd/ already exists.
./circuit_plots/Unrestricted Disentangled|Readout|CN=3|B0=3|B1=3|K=1280|L=320|p_B=0.75|p_C=0.75|B=2|eps=0|c5cf5f29-0828-4665-8316-69edf18d12bd/ already exists.
Epoch: 6800, Loss: 5.673861503601074
Test acc: 0.0558, IC acc: 0.0771, IC acc2: 0.0027, IW acc: 0.0034
Epoch: 6801, Loss: 5.665998458862305
Epoch: 6802, Loss: 5.661970615386963
Epoch: 6803, Loss: 5.673219680786133
Epoch: 6804, Loss: 5.662382125854492
Epoch: 6805, Loss: 5.664308547973633
Epoch: 6806, Loss: 5.67289924621582
Epoch: 6807, Loss: 5.643095970153809
Epoch: 6808, Loss: 5.690777778625488
Epoch: 6809, Loss: 5.675348281860352
Epoch: 6810, Loss: 5.680604457855225
Test acc: 0.056, IC acc: 0.0775, IC acc2: 0.0027, IW acc: 0.0035
Epoch: 6811, Loss: 5.685888290405273
Epoch: 6812, Loss: 5.676143646240234
Epoch: 6813, Loss: 5.692915916442871
Epoch: 6814, Loss: 5.6777777671813965
Epoch: 6815, Loss: 5.665835380554199
Epoch: 6816, Loss: 5.654717922210693
Epoch: 6817, Loss: 5.682798862457275
Epoch: 6818, Loss: 5.67038106918335
Epoch: 6819, Loss: 5.651281356811523
Epoch: 6820, Loss: 5.665890693664551
Test acc: 0.0563, IC acc: 0.0775, IC acc2: 0.0027, IW acc: 0.0034
Epoch: 6821, Loss: 5.649080276489258
Epoch: 6822, Loss: 5.6803178787231445
Epoch: 6823, Loss: 5.696951866149902
Epoch: 6824, Loss: 5.689062118530273
Epoch: 6825, Loss: 5.678292274475098
Epoch: 6826, Loss: 5.678027629852295
Epoch: 6827, Loss: 5.6839799880981445
Epoch: 6828, Loss: 5.693520545959473
Epoch: 6829, Loss: 5.702933311462402
Epoch: 6830, Loss: 5.659674644470215
Test acc: 0.0567, IC acc: 0.0779, IC acc2: 0.0027, IW acc: 0.0034
Epoch: 6831, Loss: 5.660883903503418
Epoch: 6832, Loss: 5.672564506530762
Epoch: 6833, Loss: 5.66374397277832
Epoch: 6834, Loss: 5.6958208084106445
Epoch: 6835, Loss: 5.674673080444336
Epoch: 6836, Loss: 5.6708455085754395
Epoch: 6837, Loss: 5.669191837310791
Epoch: 6838, Loss: 5.648372173309326
Epoch: 6839, Loss: 5.672472953796387
Epoch: 6840, Loss: 5.680315017700195
Test acc: 0.057, IC acc: 0.0781, IC acc2: 0.0027, IW acc: 0.0036
Epoch: 6841, Loss: 5.678815841674805
Epoch: 6842, Loss: 5.678309440612793
Epoch: 6843, Loss: 5.666079521179199
Epoch: 6844, Loss: 5.669363021850586
Epoch: 6845, Loss: 5.684056758880615
Epoch: 6846, Loss: 5.671632289886475
Epoch: 6847, Loss: 5.685820579528809
Epoch: 6848, Loss: 5.694248199462891
Epoch: 6849, Loss: 5.690423011779785
./circuit_plots/Unrestricted Disentangled|Readout|CN=3|B0=3|B1=3|K=1280|L=320|p_B=0.75|p_C=0.75|B=2|eps=0|c5cf5f29-0828-4665-8316-69edf18d12bd/ already exists.
./circuit_plots/Unrestricted Disentangled|Readout|CN=3|B0=3|B1=3|K=1280|L=320|p_B=0.75|p_C=0.75|B=2|eps=0|c5cf5f29-0828-4665-8316-69edf18d12bd/ already exists.
./circuit_plots/Unrestricted Disentangled|Readout|CN=3|B0=3|B1=3|K=1280|L=320|p_B=0.75|p_C=0.75|B=2|eps=0|c5cf5f29-0828-4665-8316-69edf18d12bd/ already exists.
./circuit_plots/Unrestricted Disentangled|Readout|CN=3|B0=3|B1=3|K=1280|L=320|p_B=0.75|p_C=0.75|B=2|eps=0|c5cf5f29-0828-4665-8316-69edf18d12bd/ already exists.
./circuit_plots/Unrestricted Disentangled|Readout|CN=3|B0=3|B1=3|K=1280|L=320|p_B=0.75|p_C=0.75|B=2|eps=0|c5cf5f29-0828-4665-8316-69edf18d12bd/ already exists.
./circuit_plots/Unrestricted Disentangled|Readout|CN=3|B0=3|B1=3|K=1280|L=320|p_B=0.75|p_C=0.75|B=2|eps=0|c5cf5f29-0828-4665-8316-69edf18d12bd/ already exists.
./circuit_plots/Unrestricted Disentangled|Readout|CN=3|B0=3|B1=3|K=1280|L=320|p_B=0.75|p_C=0.75|B=2|eps=0|c5cf5f29-0828-4665-8316-69edf18d12bd/ already exists.
Epoch: 6850, Loss: 5.661001205444336
Test acc: 0.057, IC acc: 0.0785, IC acc2: 0.0026, IW acc: 0.0036
Epoch: 6851, Loss: 5.681657314300537
Epoch: 6852, Loss: 5.654058456420898
Epoch: 6853, Loss: 5.659067153930664
Epoch: 6854, Loss: 5.699358940124512
Epoch: 6855, Loss: 5.649601936340332
Epoch: 6856, Loss: 5.682502269744873
Epoch: 6857, Loss: 5.682516098022461
Epoch: 6858, Loss: 5.668213844299316
Epoch: 6859, Loss: 5.6528120040893555
Epoch: 6860, Loss: 5.668224811553955
Test acc: 0.057, IC acc: 0.079, IC acc2: 0.0028, IW acc: 0.0035
Epoch: 6861, Loss: 5.683935642242432
Epoch: 6862, Loss: 5.668498992919922
Epoch: 6863, Loss: 5.6867194175720215
Epoch: 6864, Loss: 5.669700622558594
Epoch: 6865, Loss: 5.680644512176514
Epoch: 6866, Loss: 5.686191558837891
Epoch: 6867, Loss: 5.685966491699219
Epoch: 6868, Loss: 5.655864715576172
Epoch: 6869, Loss: 5.670173168182373
Epoch: 6870, Loss: 5.685299873352051
Test acc: 0.0574, IC acc: 0.0793, IC acc2: 0.0028, IW acc: 0.0035
Epoch: 6871, Loss: 5.682246685028076
Epoch: 6872, Loss: 5.686438083648682
Epoch: 6873, Loss: 5.675103187561035
Epoch: 6874, Loss: 5.654541492462158
Epoch: 6875, Loss: 5.689182281494141
Epoch: 6876, Loss: 5.673111438751221
Epoch: 6877, Loss: 5.6715006828308105
Epoch: 6878, Loss: 5.660307884216309
Epoch: 6879, Loss: 5.675617218017578
Epoch: 6880, Loss: 5.683600425720215
Test acc: 0.0577, IC acc: 0.0796, IC acc2: 0.0028, IW acc: 0.0035
Epoch: 6881, Loss: 5.700954437255859
Epoch: 6882, Loss: 5.685342788696289
Epoch: 6883, Loss: 5.690106391906738
Epoch: 6884, Loss: 5.6741862297058105
Epoch: 6885, Loss: 5.667498588562012
Epoch: 6886, Loss: 5.661726951599121
Epoch: 6887, Loss: 5.6688151359558105
Epoch: 6888, Loss: 5.665713310241699
Epoch: 6889, Loss: 5.664272308349609
Epoch: 6890, Loss: 5.670144557952881
Test acc: 0.0581, IC acc: 0.0795, IC acc2: 0.0027, IW acc: 0.0036
Epoch: 6891, Loss: 5.647993087768555
Epoch: 6892, Loss: 5.6651506423950195
Epoch: 6893, Loss: 5.654347896575928
Epoch: 6894, Loss: 5.669747352600098
Epoch: 6895, Loss: 5.687379837036133
Epoch: 6896, Loss: 5.700838565826416
Epoch: 6897, Loss: 5.67774772644043
Epoch: 6898, Loss: 5.6678619384765625
Epoch: 6899, Loss: 5.674412250518799
./circuit_plots/Unrestricted Disentangled|Readout|CN=3|B0=3|B1=3|K=1280|L=320|p_B=0.75|p_C=0.75|B=2|eps=0|c5cf5f29-0828-4665-8316-69edf18d12bd/ already exists.
./circuit_plots/Unrestricted Disentangled|Readout|CN=3|B0=3|B1=3|K=1280|L=320|p_B=0.75|p_C=0.75|B=2|eps=0|c5cf5f29-0828-4665-8316-69edf18d12bd/ already exists.
./circuit_plots/Unrestricted Disentangled|Readout|CN=3|B0=3|B1=3|K=1280|L=320|p_B=0.75|p_C=0.75|B=2|eps=0|c5cf5f29-0828-4665-8316-69edf18d12bd/ already exists.
./circuit_plots/Unrestricted Disentangled|Readout|CN=3|B0=3|B1=3|K=1280|L=320|p_B=0.75|p_C=0.75|B=2|eps=0|c5cf5f29-0828-4665-8316-69edf18d12bd/ already exists.
./circuit_plots/Unrestricted Disentangled|Readout|CN=3|B0=3|B1=3|K=1280|L=320|p_B=0.75|p_C=0.75|B=2|eps=0|c5cf5f29-0828-4665-8316-69edf18d12bd/ already exists.
./circuit_plots/Unrestricted Disentangled|Readout|CN=3|B0=3|B1=3|K=1280|L=320|p_B=0.75|p_C=0.75|B=2|eps=0|c5cf5f29-0828-4665-8316-69edf18d12bd/ already exists.
./circuit_plots/Unrestricted Disentangled|Readout|CN=3|B0=3|B1=3|K=1280|L=320|p_B=0.75|p_C=0.75|B=2|eps=0|c5cf5f29-0828-4665-8316-69edf18d12bd/ already exists.
Epoch: 6900, Loss: 5.671929359436035
Test acc: 0.0581, IC acc: 0.0798, IC acc2: 0.0027, IW acc: 0.0036
Epoch: 6901, Loss: 5.67026424407959
Epoch: 6902, Loss: 5.654894828796387
Epoch: 6903, Loss: 5.673603534698486
Epoch: 6904, Loss: 5.671517372131348
Epoch: 6905, Loss: 5.66263484954834
Epoch: 6906, Loss: 5.6845383644104
Epoch: 6907, Loss: 5.67080020904541
Epoch: 6908, Loss: 5.682699203491211
Epoch: 6909, Loss: 5.685654640197754
Epoch: 6910, Loss: 5.686141014099121
Test acc: 0.0586, IC acc: 0.0802, IC acc2: 0.0027, IW acc: 0.0037
Epoch: 6911, Loss: 5.693875312805176
Epoch: 6912, Loss: 5.668989181518555
Epoch: 6913, Loss: 5.6655073165893555
Epoch: 6914, Loss: 5.6576762199401855
Epoch: 6915, Loss: 5.654116630554199
Epoch: 6916, Loss: 5.667403221130371
Epoch: 6917, Loss: 5.674853324890137
Epoch: 6918, Loss: 5.673650741577148
Epoch: 6919, Loss: 5.676072120666504
Epoch: 6920, Loss: 5.683051109313965
Test acc: 0.0592, IC acc: 0.0807, IC acc2: 0.0027, IW acc: 0.0037
Epoch: 6921, Loss: 5.6718292236328125
Epoch: 6922, Loss: 5.6777215003967285
Epoch: 6923, Loss: 5.666365623474121
Epoch: 6924, Loss: 5.689730644226074
Epoch: 6925, Loss: 5.665493011474609
Epoch: 6926, Loss: 5.7030253410339355
Epoch: 6927, Loss: 5.686186790466309
Epoch: 6928, Loss: 5.68496036529541
Epoch: 6929, Loss: 5.685296535491943
Epoch: 6930, Loss: 5.66629695892334
Test acc: 0.0593, IC acc: 0.0809, IC acc2: 0.0027, IW acc: 0.0037
Epoch: 6931, Loss: 5.697054386138916
Epoch: 6932, Loss: 5.658375263214111
Epoch: 6933, Loss: 5.654253005981445
Epoch: 6934, Loss: 5.652588844299316
Epoch: 6935, Loss: 5.655862331390381
Epoch: 6936, Loss: 5.68314790725708
Epoch: 6937, Loss: 5.666678428649902
Epoch: 6938, Loss: 5.676451206207275
Epoch: 6939, Loss: 5.669878005981445
Epoch: 6940, Loss: 5.674746036529541
Test acc: 0.0593, IC acc: 0.0811, IC acc2: 0.0027, IW acc: 0.0037
Epoch: 6941, Loss: 5.679573059082031
Epoch: 6942, Loss: 5.650160789489746
Epoch: 6943, Loss: 5.66992712020874
Epoch: 6944, Loss: 5.668859958648682
Epoch: 6945, Loss: 5.676100730895996
Epoch: 6946, Loss: 5.654911994934082
Epoch: 6947, Loss: 5.666696548461914
Epoch: 6948, Loss: 5.694341659545898
Epoch: 6949, Loss: 5.662018299102783
./circuit_plots/Unrestricted Disentangled|Readout|CN=3|B0=3|B1=3|K=1280|L=320|p_B=0.75|p_C=0.75|B=2|eps=0|c5cf5f29-0828-4665-8316-69edf18d12bd/ already exists.
./circuit_plots/Unrestricted Disentangled|Readout|CN=3|B0=3|B1=3|K=1280|L=320|p_B=0.75|p_C=0.75|B=2|eps=0|c5cf5f29-0828-4665-8316-69edf18d12bd/ already exists.
./circuit_plots/Unrestricted Disentangled|Readout|CN=3|B0=3|B1=3|K=1280|L=320|p_B=0.75|p_C=0.75|B=2|eps=0|c5cf5f29-0828-4665-8316-69edf18d12bd/ already exists.
./circuit_plots/Unrestricted Disentangled|Readout|CN=3|B0=3|B1=3|K=1280|L=320|p_B=0.75|p_C=0.75|B=2|eps=0|c5cf5f29-0828-4665-8316-69edf18d12bd/ already exists.
./circuit_plots/Unrestricted Disentangled|Readout|CN=3|B0=3|B1=3|K=1280|L=320|p_B=0.75|p_C=0.75|B=2|eps=0|c5cf5f29-0828-4665-8316-69edf18d12bd/ already exists.
./circuit_plots/Unrestricted Disentangled|Readout|CN=3|B0=3|B1=3|K=1280|L=320|p_B=0.75|p_C=0.75|B=2|eps=0|c5cf5f29-0828-4665-8316-69edf18d12bd/ already exists.
./circuit_plots/Unrestricted Disentangled|Readout|CN=3|B0=3|B1=3|K=1280|L=320|p_B=0.75|p_C=0.75|B=2|eps=0|c5cf5f29-0828-4665-8316-69edf18d12bd/ already exists.
Epoch: 6950, Loss: 5.67436408996582
Test acc: 0.0593, IC acc: 0.0815, IC acc2: 0.0028, IW acc: 0.0037
Epoch: 6951, Loss: 5.683177947998047
Epoch: 6952, Loss: 5.681743621826172
Epoch: 6953, Loss: 5.667871475219727
Epoch: 6954, Loss: 5.669541358947754
Epoch: 6955, Loss: 5.67747688293457
Epoch: 6956, Loss: 5.661120414733887
Epoch: 6957, Loss: 5.681393146514893
Epoch: 6958, Loss: 5.664858818054199
Epoch: 6959, Loss: 5.66249418258667
Epoch: 6960, Loss: 5.663058757781982
Test acc: 0.0593, IC acc: 0.0816, IC acc2: 0.0028, IW acc: 0.0037
Epoch: 6961, Loss: 5.675602912902832
Epoch: 6962, Loss: 5.661312580108643
Epoch: 6963, Loss: 5.679624557495117
Epoch: 6964, Loss: 5.660490036010742
Epoch: 6965, Loss: 5.690855026245117
Epoch: 6966, Loss: 5.675046920776367
Epoch: 6967, Loss: 5.651878833770752
Epoch: 6968, Loss: 5.671947479248047
Epoch: 6969, Loss: 5.684846878051758
Epoch: 6970, Loss: 5.63838005065918
Test acc: 0.0597, IC acc: 0.082, IC acc2: 0.0028, IW acc: 0.0037
Epoch: 6971, Loss: 5.68843412399292
Epoch: 6972, Loss: 5.674727439880371
Epoch: 6973, Loss: 5.665506839752197
Epoch: 6974, Loss: 5.681098461151123
Epoch: 6975, Loss: 5.658200263977051
Epoch: 6976, Loss: 5.656339645385742
Epoch: 6977, Loss: 5.669267654418945
Epoch: 6978, Loss: 5.650850296020508
Epoch: 6979, Loss: 5.68467378616333
Epoch: 6980, Loss: 5.674256324768066
Test acc: 0.0601, IC acc: 0.0823, IC acc2: 0.0028, IW acc: 0.0037
Epoch: 6981, Loss: 5.666217803955078
Epoch: 6982, Loss: 5.666014671325684
Epoch: 6983, Loss: 5.6861162185668945
Epoch: 6984, Loss: 5.664986610412598
Epoch: 6985, Loss: 5.677239418029785
Epoch: 6986, Loss: 5.670560836791992
Epoch: 6987, Loss: 5.663508415222168
Epoch: 6988, Loss: 5.652498245239258
Epoch: 6989, Loss: 5.678504467010498
Epoch: 6990, Loss: 5.655749320983887
Test acc: 0.06, IC acc: 0.082, IC acc2: 0.0028, IW acc: 0.0037
Epoch: 6991, Loss: 5.683648109436035
Epoch: 6992, Loss: 5.6700029373168945
Epoch: 6993, Loss: 5.669128894805908
Epoch: 6994, Loss: 5.664400577545166
Epoch: 6995, Loss: 5.6981201171875
Epoch: 6996, Loss: 5.656264305114746
Epoch: 6997, Loss: 5.659353256225586
Epoch: 6998, Loss: 5.649422645568848
Epoch: 6999, Loss: 5.692155838012695
./circuit_plots/Unrestricted Disentangled|Readout|CN=3|B0=3|B1=3|K=1280|L=320|p_B=0.75|p_C=0.75|B=2|eps=0|c5cf5f29-0828-4665-8316-69edf18d12bd/ already exists.
./circuit_plots/Unrestricted Disentangled|Readout|CN=3|B0=3|B1=3|K=1280|L=320|p_B=0.75|p_C=0.75|B=2|eps=0|c5cf5f29-0828-4665-8316-69edf18d12bd/ already exists.
./circuit_plots/Unrestricted Disentangled|Readout|CN=3|B0=3|B1=3|K=1280|L=320|p_B=0.75|p_C=0.75|B=2|eps=0|c5cf5f29-0828-4665-8316-69edf18d12bd/ already exists.
./circuit_plots/Unrestricted Disentangled|Readout|CN=3|B0=3|B1=3|K=1280|L=320|p_B=0.75|p_C=0.75|B=2|eps=0|c5cf5f29-0828-4665-8316-69edf18d12bd/ already exists.
./circuit_plots/Unrestricted Disentangled|Readout|CN=3|B0=3|B1=3|K=1280|L=320|p_B=0.75|p_C=0.75|B=2|eps=0|c5cf5f29-0828-4665-8316-69edf18d12bd/ already exists.
./circuit_plots/Unrestricted Disentangled|Readout|CN=3|B0=3|B1=3|K=1280|L=320|p_B=0.75|p_C=0.75|B=2|eps=0|c5cf5f29-0828-4665-8316-69edf18d12bd/ already exists.
./circuit_plots/Unrestricted Disentangled|Readout|CN=3|B0=3|B1=3|K=1280|L=320|p_B=0.75|p_C=0.75|B=2|eps=0|c5cf5f29-0828-4665-8316-69edf18d12bd/ already exists.
Epoch: 7000, Loss: 5.694877624511719
Test acc: 0.0602, IC acc: 0.0825, IC acc2: 0.0029, IW acc: 0.0037
Epoch: 7001, Loss: 5.673623085021973
Epoch: 7002, Loss: 5.657901763916016
Epoch: 7003, Loss: 5.677173614501953
Epoch: 7004, Loss: 5.658903121948242
Epoch: 7005, Loss: 5.673174858093262
Epoch: 7006, Loss: 5.644009113311768
Epoch: 7007, Loss: 5.683893203735352
Epoch: 7008, Loss: 5.656320571899414
Epoch: 7009, Loss: 5.641551971435547
Epoch: 7010, Loss: 5.654333114624023
Test acc: 0.0602, IC acc: 0.0829, IC acc2: 0.0028, IW acc: 0.0036
Epoch: 7011, Loss: 5.682092666625977
Epoch: 7012, Loss: 5.659863471984863
Epoch: 7013, Loss: 5.682789325714111
Epoch: 7014, Loss: 5.683454513549805
Epoch: 7015, Loss: 5.6456074714660645
Epoch: 7016, Loss: 5.676774978637695
Epoch: 7017, Loss: 5.666217803955078
Epoch: 7018, Loss: 5.675370693206787
Epoch: 7019, Loss: 5.684342861175537
Epoch: 7020, Loss: 5.6525187492370605
Test acc: 0.0601, IC acc: 0.083, IC acc2: 0.0028, IW acc: 0.0036
Epoch: 7021, Loss: 5.691415786743164
Epoch: 7022, Loss: 5.675678253173828
Epoch: 7023, Loss: 5.656829833984375
Epoch: 7024, Loss: 5.657403945922852
Epoch: 7025, Loss: 5.675344467163086
Epoch: 7026, Loss: 5.672764301300049
Epoch: 7027, Loss: 5.661088943481445
Epoch: 7028, Loss: 5.69110631942749
Epoch: 7029, Loss: 5.668067932128906
Epoch: 7030, Loss: 5.701035499572754
Test acc: 0.0603, IC acc: 0.0834, IC acc2: 0.0028, IW acc: 0.0036
Epoch: 7031, Loss: 5.685787200927734
Epoch: 7032, Loss: 5.672412872314453
Epoch: 7033, Loss: 5.674482822418213
Epoch: 7034, Loss: 5.664200782775879
Epoch: 7035, Loss: 5.64376163482666
Epoch: 7036, Loss: 5.653720855712891
Epoch: 7037, Loss: 5.688762664794922
Epoch: 7038, Loss: 5.685338020324707
Epoch: 7039, Loss: 5.690891742706299
Epoch: 7040, Loss: 5.668697357177734
Test acc: 0.0603, IC acc: 0.0837, IC acc2: 0.0028, IW acc: 0.0037
Epoch: 7041, Loss: 5.661807060241699
Epoch: 7042, Loss: 5.671857833862305
Epoch: 7043, Loss: 5.673559188842773
Epoch: 7044, Loss: 5.674276828765869
Epoch: 7045, Loss: 5.672757148742676
Epoch: 7046, Loss: 5.693135738372803
Epoch: 7047, Loss: 5.668426513671875
Epoch: 7048, Loss: 5.67508602142334
Epoch: 7049, Loss: 5.660213470458984
./circuit_plots/Unrestricted Disentangled|Readout|CN=3|B0=3|B1=3|K=1280|L=320|p_B=0.75|p_C=0.75|B=2|eps=0|c5cf5f29-0828-4665-8316-69edf18d12bd/ already exists.
./circuit_plots/Unrestricted Disentangled|Readout|CN=3|B0=3|B1=3|K=1280|L=320|p_B=0.75|p_C=0.75|B=2|eps=0|c5cf5f29-0828-4665-8316-69edf18d12bd/ already exists.
./circuit_plots/Unrestricted Disentangled|Readout|CN=3|B0=3|B1=3|K=1280|L=320|p_B=0.75|p_C=0.75|B=2|eps=0|c5cf5f29-0828-4665-8316-69edf18d12bd/ already exists.
./circuit_plots/Unrestricted Disentangled|Readout|CN=3|B0=3|B1=3|K=1280|L=320|p_B=0.75|p_C=0.75|B=2|eps=0|c5cf5f29-0828-4665-8316-69edf18d12bd/ already exists.
./circuit_plots/Unrestricted Disentangled|Readout|CN=3|B0=3|B1=3|K=1280|L=320|p_B=0.75|p_C=0.75|B=2|eps=0|c5cf5f29-0828-4665-8316-69edf18d12bd/ already exists.
./circuit_plots/Unrestricted Disentangled|Readout|CN=3|B0=3|B1=3|K=1280|L=320|p_B=0.75|p_C=0.75|B=2|eps=0|c5cf5f29-0828-4665-8316-69edf18d12bd/ already exists.
./circuit_plots/Unrestricted Disentangled|Readout|CN=3|B0=3|B1=3|K=1280|L=320|p_B=0.75|p_C=0.75|B=2|eps=0|c5cf5f29-0828-4665-8316-69edf18d12bd/ already exists.
Epoch: 7050, Loss: 5.6967339515686035
Test acc: 0.0605, IC acc: 0.0842, IC acc2: 0.0028, IW acc: 0.0037
Epoch: 7051, Loss: 5.667072296142578
Epoch: 7052, Loss: 5.679594039916992
Epoch: 7053, Loss: 5.66454553604126
Epoch: 7054, Loss: 5.680798530578613
Epoch: 7055, Loss: 5.663607120513916
Epoch: 7056, Loss: 5.657473087310791
Epoch: 7057, Loss: 5.6666717529296875
Epoch: 7058, Loss: 5.669520378112793
Epoch: 7059, Loss: 5.668405055999756
Epoch: 7060, Loss: 5.655129432678223
Test acc: 0.0605, IC acc: 0.0846, IC acc2: 0.0029, IW acc: 0.0037
Epoch: 7061, Loss: 5.679412841796875
Epoch: 7062, Loss: 5.661810874938965
Epoch: 7063, Loss: 5.655609130859375
Epoch: 7064, Loss: 5.672230243682861
Epoch: 7065, Loss: 5.669137477874756
Epoch: 7066, Loss: 5.655308246612549
Epoch: 7067, Loss: 5.679497718811035
Epoch: 7068, Loss: 5.675553321838379
Epoch: 7069, Loss: 5.662609100341797
Epoch: 7070, Loss: 5.668996810913086
Test acc: 0.0607, IC acc: 0.0848, IC acc2: 0.0028, IW acc: 0.0038
Epoch: 7071, Loss: 5.65704345703125
Epoch: 7072, Loss: 5.672406196594238
Epoch: 7073, Loss: 5.651055335998535
Epoch: 7074, Loss: 5.662982940673828
Epoch: 7075, Loss: 5.667159080505371
Epoch: 7076, Loss: 5.664127826690674
Epoch: 7077, Loss: 5.690357208251953
Epoch: 7078, Loss: 5.6664910316467285
Epoch: 7079, Loss: 5.674050331115723
Epoch: 7080, Loss: 5.661466598510742
Test acc: 0.0608, IC acc: 0.0849, IC acc2: 0.0028, IW acc: 0.0038
Epoch: 7081, Loss: 5.658439636230469
Epoch: 7082, Loss: 5.686146259307861
Epoch: 7083, Loss: 5.677674293518066
Epoch: 7084, Loss: 5.692959785461426
Epoch: 7085, Loss: 5.677382469177246
Epoch: 7086, Loss: 5.665417671203613
Epoch: 7087, Loss: 5.6832075119018555
Epoch: 7088, Loss: 5.661906719207764
Epoch: 7089, Loss: 5.665885925292969
Epoch: 7090, Loss: 5.661021709442139
Test acc: 0.061, IC acc: 0.0848, IC acc2: 0.0029, IW acc: 0.0038
Epoch: 7091, Loss: 5.661839008331299
Epoch: 7092, Loss: 5.663544178009033
Epoch: 7093, Loss: 5.670507907867432
Epoch: 7094, Loss: 5.659543991088867
Epoch: 7095, Loss: 5.658583641052246
Epoch: 7096, Loss: 5.651642799377441
Epoch: 7097, Loss: 5.668987274169922
Epoch: 7098, Loss: 5.674144744873047
Epoch: 7099, Loss: 5.693224906921387
./circuit_plots/Unrestricted Disentangled|Readout|CN=3|B0=3|B1=3|K=1280|L=320|p_B=0.75|p_C=0.75|B=2|eps=0|c5cf5f29-0828-4665-8316-69edf18d12bd/ already exists.
./circuit_plots/Unrestricted Disentangled|Readout|CN=3|B0=3|B1=3|K=1280|L=320|p_B=0.75|p_C=0.75|B=2|eps=0|c5cf5f29-0828-4665-8316-69edf18d12bd/ already exists.
./circuit_plots/Unrestricted Disentangled|Readout|CN=3|B0=3|B1=3|K=1280|L=320|p_B=0.75|p_C=0.75|B=2|eps=0|c5cf5f29-0828-4665-8316-69edf18d12bd/ already exists.
./circuit_plots/Unrestricted Disentangled|Readout|CN=3|B0=3|B1=3|K=1280|L=320|p_B=0.75|p_C=0.75|B=2|eps=0|c5cf5f29-0828-4665-8316-69edf18d12bd/ already exists.
./circuit_plots/Unrestricted Disentangled|Readout|CN=3|B0=3|B1=3|K=1280|L=320|p_B=0.75|p_C=0.75|B=2|eps=0|c5cf5f29-0828-4665-8316-69edf18d12bd/ already exists.
./circuit_plots/Unrestricted Disentangled|Readout|CN=3|B0=3|B1=3|K=1280|L=320|p_B=0.75|p_C=0.75|B=2|eps=0|c5cf5f29-0828-4665-8316-69edf18d12bd/ already exists.
./circuit_plots/Unrestricted Disentangled|Readout|CN=3|B0=3|B1=3|K=1280|L=320|p_B=0.75|p_C=0.75|B=2|eps=0|c5cf5f29-0828-4665-8316-69edf18d12bd/ already exists.
Epoch: 7100, Loss: 5.666515350341797
Test acc: 0.0611, IC acc: 0.0848, IC acc2: 0.0029, IW acc: 0.0037
Epoch: 7101, Loss: 5.675860404968262
Epoch: 7102, Loss: 5.664341449737549
Epoch: 7103, Loss: 5.660613059997559
Epoch: 7104, Loss: 5.659893035888672
Epoch: 7105, Loss: 5.67662239074707
Epoch: 7106, Loss: 5.658044815063477
Epoch: 7107, Loss: 5.6905927658081055
Epoch: 7108, Loss: 5.673648834228516
Epoch: 7109, Loss: 5.647700309753418
Epoch: 7110, Loss: 5.671642303466797
Test acc: 0.0612, IC acc: 0.0852, IC acc2: 0.0029, IW acc: 0.0037
Epoch: 7111, Loss: 5.671485424041748
Epoch: 7112, Loss: 5.680115222930908
Epoch: 7113, Loss: 5.680081367492676
Epoch: 7114, Loss: 5.683567523956299
Epoch: 7115, Loss: 5.66249418258667
Epoch: 7116, Loss: 5.6577372550964355
Epoch: 7117, Loss: 5.683220863342285
Epoch: 7118, Loss: 5.666843414306641
Epoch: 7119, Loss: 5.665329933166504
Epoch: 7120, Loss: 5.712902545928955
Test acc: 0.0616, IC acc: 0.0851, IC acc2: 0.0029, IW acc: 0.0037
Epoch: 7121, Loss: 5.699929237365723
Epoch: 7122, Loss: 5.680522918701172
Epoch: 7123, Loss: 5.6643524169921875
Epoch: 7124, Loss: 5.671794414520264
Epoch: 7125, Loss: 5.668655872344971
Epoch: 7126, Loss: 5.662293910980225
Epoch: 7127, Loss: 5.681609630584717
Epoch: 7128, Loss: 5.650064945220947
Epoch: 7129, Loss: 5.6473894119262695
Epoch: 7130, Loss: 5.666624069213867
Test acc: 0.0618, IC acc: 0.0851, IC acc2: 0.0028, IW acc: 0.0036
Epoch: 7131, Loss: 5.66561222076416
Epoch: 7132, Loss: 5.688745498657227
Epoch: 7133, Loss: 5.680274963378906
Epoch: 7134, Loss: 5.682445526123047
Epoch: 7135, Loss: 5.653719902038574
Epoch: 7136, Loss: 5.637447834014893
Epoch: 7137, Loss: 5.670782566070557
Epoch: 7138, Loss: 5.679412364959717
Epoch: 7139, Loss: 5.683992385864258
Epoch: 7140, Loss: 5.6789140701293945
Test acc: 0.0618, IC acc: 0.0855, IC acc2: 0.0028, IW acc: 0.0036
Epoch: 7141, Loss: 5.658143997192383
Epoch: 7142, Loss: 5.666991233825684
Epoch: 7143, Loss: 5.681302070617676
Epoch: 7144, Loss: 5.676011562347412
Epoch: 7145, Loss: 5.652928352355957
Epoch: 7146, Loss: 5.646871089935303
Epoch: 7147, Loss: 5.665364742279053
Epoch: 7148, Loss: 5.657332420349121
Epoch: 7149, Loss: 5.674638271331787
./circuit_plots/Unrestricted Disentangled|Readout|CN=3|B0=3|B1=3|K=1280|L=320|p_B=0.75|p_C=0.75|B=2|eps=0|c5cf5f29-0828-4665-8316-69edf18d12bd/ already exists.
./circuit_plots/Unrestricted Disentangled|Readout|CN=3|B0=3|B1=3|K=1280|L=320|p_B=0.75|p_C=0.75|B=2|eps=0|c5cf5f29-0828-4665-8316-69edf18d12bd/ already exists.
./circuit_plots/Unrestricted Disentangled|Readout|CN=3|B0=3|B1=3|K=1280|L=320|p_B=0.75|p_C=0.75|B=2|eps=0|c5cf5f29-0828-4665-8316-69edf18d12bd/ already exists.
./circuit_plots/Unrestricted Disentangled|Readout|CN=3|B0=3|B1=3|K=1280|L=320|p_B=0.75|p_C=0.75|B=2|eps=0|c5cf5f29-0828-4665-8316-69edf18d12bd/ already exists.
./circuit_plots/Unrestricted Disentangled|Readout|CN=3|B0=3|B1=3|K=1280|L=320|p_B=0.75|p_C=0.75|B=2|eps=0|c5cf5f29-0828-4665-8316-69edf18d12bd/ already exists.
./circuit_plots/Unrestricted Disentangled|Readout|CN=3|B0=3|B1=3|K=1280|L=320|p_B=0.75|p_C=0.75|B=2|eps=0|c5cf5f29-0828-4665-8316-69edf18d12bd/ already exists.
./circuit_plots/Unrestricted Disentangled|Readout|CN=3|B0=3|B1=3|K=1280|L=320|p_B=0.75|p_C=0.75|B=2|eps=0|c5cf5f29-0828-4665-8316-69edf18d12bd/ already exists.
Epoch: 7150, Loss: 5.70250940322876
Test acc: 0.0617, IC acc: 0.0856, IC acc2: 0.0028, IW acc: 0.0036
Epoch: 7151, Loss: 5.66990327835083
Epoch: 7152, Loss: 5.63571310043335
Epoch: 7153, Loss: 5.689317226409912
Epoch: 7154, Loss: 5.659489154815674
Epoch: 7155, Loss: 5.661850929260254
Epoch: 7156, Loss: 5.663627624511719
Epoch: 7157, Loss: 5.648076057434082
Epoch: 7158, Loss: 5.658876419067383
Epoch: 7159, Loss: 5.653305530548096
Epoch: 7160, Loss: 5.68510103225708
Test acc: 0.0618, IC acc: 0.0859, IC acc2: 0.0028, IW acc: 0.0036
Epoch: 7161, Loss: 5.656731605529785
Epoch: 7162, Loss: 5.673478126525879
Epoch: 7163, Loss: 5.651968955993652
Epoch: 7164, Loss: 5.6899309158325195
Epoch: 7165, Loss: 5.664255619049072
Epoch: 7166, Loss: 5.688044548034668
Epoch: 7167, Loss: 5.655327320098877
Epoch: 7168, Loss: 5.6468400955200195
Epoch: 7169, Loss: 5.6627583503723145
Epoch: 7170, Loss: 5.680692672729492
Test acc: 0.0619, IC acc: 0.0861, IC acc2: 0.0028, IW acc: 0.0036
Epoch: 7171, Loss: 5.678043365478516
Epoch: 7172, Loss: 5.676960468292236
Epoch: 7173, Loss: 5.6672821044921875
Epoch: 7174, Loss: 5.671453475952148
Epoch: 7175, Loss: 5.655882835388184
Epoch: 7176, Loss: 5.681453704833984
Epoch: 7177, Loss: 5.6836838722229
Epoch: 7178, Loss: 5.642998218536377
Epoch: 7179, Loss: 5.65712308883667
Epoch: 7180, Loss: 5.661631107330322
Test acc: 0.0618, IC acc: 0.0865, IC acc2: 0.0028, IW acc: 0.0036
Epoch: 7181, Loss: 5.658966541290283
Epoch: 7182, Loss: 5.676967144012451
Epoch: 7183, Loss: 5.655714988708496
Epoch: 7184, Loss: 5.669166564941406
Epoch: 7185, Loss: 5.672599792480469
Epoch: 7186, Loss: 5.647673606872559
Epoch: 7187, Loss: 5.661516189575195
Epoch: 7188, Loss: 5.65750789642334
Epoch: 7189, Loss: 5.656435966491699
Epoch: 7190, Loss: 5.662726402282715
Test acc: 0.062, IC acc: 0.0867, IC acc2: 0.0028, IW acc: 0.0036
Epoch: 7191, Loss: 5.691226959228516
Epoch: 7192, Loss: 5.656464576721191
Epoch: 7193, Loss: 5.671329498291016
Epoch: 7194, Loss: 5.64579963684082
Epoch: 7195, Loss: 5.6920576095581055
Epoch: 7196, Loss: 5.6563310623168945
Epoch: 7197, Loss: 5.642101287841797
Epoch: 7198, Loss: 5.6603899002075195
Epoch: 7199, Loss: 5.653797149658203
./circuit_plots/Unrestricted Disentangled|Readout|CN=3|B0=3|B1=3|K=1280|L=320|p_B=0.75|p_C=0.75|B=2|eps=0|c5cf5f29-0828-4665-8316-69edf18d12bd/ already exists.
./circuit_plots/Unrestricted Disentangled|Readout|CN=3|B0=3|B1=3|K=1280|L=320|p_B=0.75|p_C=0.75|B=2|eps=0|c5cf5f29-0828-4665-8316-69edf18d12bd/ already exists.
./circuit_plots/Unrestricted Disentangled|Readout|CN=3|B0=3|B1=3|K=1280|L=320|p_B=0.75|p_C=0.75|B=2|eps=0|c5cf5f29-0828-4665-8316-69edf18d12bd/ already exists.
./circuit_plots/Unrestricted Disentangled|Readout|CN=3|B0=3|B1=3|K=1280|L=320|p_B=0.75|p_C=0.75|B=2|eps=0|c5cf5f29-0828-4665-8316-69edf18d12bd/ already exists.
./circuit_plots/Unrestricted Disentangled|Readout|CN=3|B0=3|B1=3|K=1280|L=320|p_B=0.75|p_C=0.75|B=2|eps=0|c5cf5f29-0828-4665-8316-69edf18d12bd/ already exists.
./circuit_plots/Unrestricted Disentangled|Readout|CN=3|B0=3|B1=3|K=1280|L=320|p_B=0.75|p_C=0.75|B=2|eps=0|c5cf5f29-0828-4665-8316-69edf18d12bd/ already exists.
./circuit_plots/Unrestricted Disentangled|Readout|CN=3|B0=3|B1=3|K=1280|L=320|p_B=0.75|p_C=0.75|B=2|eps=0|c5cf5f29-0828-4665-8316-69edf18d12bd/ already exists.
Epoch: 7200, Loss: 5.674184799194336
Test acc: 0.0622, IC acc: 0.0869, IC acc2: 0.0028, IW acc: 0.0036
Epoch: 7201, Loss: 5.655483245849609
Epoch: 7202, Loss: 5.678966045379639
Epoch: 7203, Loss: 5.668684482574463
Epoch: 7204, Loss: 5.670435905456543
Epoch: 7205, Loss: 5.685237884521484
Epoch: 7206, Loss: 5.674411773681641
Epoch: 7207, Loss: 5.65140438079834
Epoch: 7208, Loss: 5.665226936340332
Epoch: 7209, Loss: 5.647851943969727
Epoch: 7210, Loss: 5.673933982849121
Test acc: 0.0622, IC acc: 0.0873, IC acc2: 0.0028, IW acc: 0.0035
Epoch: 7211, Loss: 5.655320644378662
Epoch: 7212, Loss: 5.673698425292969
Epoch: 7213, Loss: 5.67221736907959
Epoch: 7214, Loss: 5.662349700927734
Epoch: 7215, Loss: 5.66558313369751
Epoch: 7216, Loss: 5.655645370483398
Epoch: 7217, Loss: 5.658588886260986
Epoch: 7218, Loss: 5.643787384033203
Epoch: 7219, Loss: 5.679654598236084
Epoch: 7220, Loss: 5.645134449005127
Test acc: 0.0627, IC acc: 0.0873, IC acc2: 0.0028, IW acc: 0.0035
Epoch: 7221, Loss: 5.66442346572876
Epoch: 7222, Loss: 5.6794633865356445
Epoch: 7223, Loss: 5.6362409591674805
Epoch: 7224, Loss: 5.679474830627441
Epoch: 7225, Loss: 5.673748016357422
Epoch: 7226, Loss: 5.674003601074219
Epoch: 7227, Loss: 5.6807966232299805
Epoch: 7228, Loss: 5.684172630310059
Epoch: 7229, Loss: 5.6769280433654785
Epoch: 7230, Loss: 5.6432600021362305
Test acc: 0.063, IC acc: 0.0877, IC acc2: 0.0028, IW acc: 0.0035
Epoch: 7231, Loss: 5.653286933898926
Epoch: 7232, Loss: 5.661323070526123
Epoch: 7233, Loss: 5.681207656860352
Epoch: 7234, Loss: 5.685122489929199
Epoch: 7235, Loss: 5.6578168869018555
Epoch: 7236, Loss: 5.652912139892578
Epoch: 7237, Loss: 5.663386821746826
Epoch: 7238, Loss: 5.648425102233887
Epoch: 7239, Loss: 5.677743911743164
Epoch: 7240, Loss: 5.642312526702881
Test acc: 0.0628, IC acc: 0.0874, IC acc2: 0.0027, IW acc: 0.0035
Epoch: 7241, Loss: 5.688293933868408
Epoch: 7242, Loss: 5.676836013793945
Epoch: 7243, Loss: 5.663788795471191
Epoch: 7244, Loss: 5.66563606262207
Epoch: 7245, Loss: 5.647317409515381
Epoch: 7246, Loss: 5.668108940124512
Epoch: 7247, Loss: 5.675841808319092
Epoch: 7248, Loss: 5.639778137207031
Epoch: 7249, Loss: 5.665053367614746
./circuit_plots/Unrestricted Disentangled|Readout|CN=3|B0=3|B1=3|K=1280|L=320|p_B=0.75|p_C=0.75|B=2|eps=0|c5cf5f29-0828-4665-8316-69edf18d12bd/ already exists.
./circuit_plots/Unrestricted Disentangled|Readout|CN=3|B0=3|B1=3|K=1280|L=320|p_B=0.75|p_C=0.75|B=2|eps=0|c5cf5f29-0828-4665-8316-69edf18d12bd/ already exists.
./circuit_plots/Unrestricted Disentangled|Readout|CN=3|B0=3|B1=3|K=1280|L=320|p_B=0.75|p_C=0.75|B=2|eps=0|c5cf5f29-0828-4665-8316-69edf18d12bd/ already exists.
./circuit_plots/Unrestricted Disentangled|Readout|CN=3|B0=3|B1=3|K=1280|L=320|p_B=0.75|p_C=0.75|B=2|eps=0|c5cf5f29-0828-4665-8316-69edf18d12bd/ already exists.
./circuit_plots/Unrestricted Disentangled|Readout|CN=3|B0=3|B1=3|K=1280|L=320|p_B=0.75|p_C=0.75|B=2|eps=0|c5cf5f29-0828-4665-8316-69edf18d12bd/ already exists.
./circuit_plots/Unrestricted Disentangled|Readout|CN=3|B0=3|B1=3|K=1280|L=320|p_B=0.75|p_C=0.75|B=2|eps=0|c5cf5f29-0828-4665-8316-69edf18d12bd/ already exists.
./circuit_plots/Unrestricted Disentangled|Readout|CN=3|B0=3|B1=3|K=1280|L=320|p_B=0.75|p_C=0.75|B=2|eps=0|c5cf5f29-0828-4665-8316-69edf18d12bd/ already exists.
Epoch: 7250, Loss: 5.691560745239258
Test acc: 0.063, IC acc: 0.0876, IC acc2: 0.0027, IW acc: 0.0035
Epoch: 7251, Loss: 5.64777946472168
Epoch: 7252, Loss: 5.659303665161133
Epoch: 7253, Loss: 5.669649124145508
Epoch: 7254, Loss: 5.6758246421813965
Epoch: 7255, Loss: 5.647305488586426
Epoch: 7256, Loss: 5.643032073974609
Epoch: 7257, Loss: 5.681164741516113
Epoch: 7258, Loss: 5.664302825927734
Epoch: 7259, Loss: 5.651086807250977
Epoch: 7260, Loss: 5.66600227355957
Test acc: 0.0633, IC acc: 0.0874, IC acc2: 0.0027, IW acc: 0.0036
Epoch: 7261, Loss: 5.659996509552002
Epoch: 7262, Loss: 5.671759605407715
Epoch: 7263, Loss: 5.676271915435791
Epoch: 7264, Loss: 5.67264986038208
Epoch: 7265, Loss: 5.68056583404541
Epoch: 7266, Loss: 5.668943881988525
Epoch: 7267, Loss: 5.682973861694336
Epoch: 7268, Loss: 5.6737165451049805
Epoch: 7269, Loss: 5.665315628051758
Epoch: 7270, Loss: 5.6533002853393555
Test acc: 0.0634, IC acc: 0.0878, IC acc2: 0.0026, IW acc: 0.0036
Epoch: 7271, Loss: 5.652803421020508
Epoch: 7272, Loss: 5.645792007446289
Epoch: 7273, Loss: 5.6684770584106445
Epoch: 7274, Loss: 5.683185577392578
Epoch: 7275, Loss: 5.685444355010986
Epoch: 7276, Loss: 5.675619602203369
Epoch: 7277, Loss: 5.653469562530518
Epoch: 7278, Loss: 5.659172058105469
Epoch: 7279, Loss: 5.655370712280273
Epoch: 7280, Loss: 5.653110027313232
Test acc: 0.0641, IC acc: 0.0881, IC acc2: 0.0026, IW acc: 0.0036
Epoch: 7281, Loss: 5.648705005645752
Epoch: 7282, Loss: 5.662630081176758
Epoch: 7283, Loss: 5.6658525466918945
Epoch: 7284, Loss: 5.6648664474487305
Epoch: 7285, Loss: 5.653732776641846
Epoch: 7286, Loss: 5.658397674560547
Epoch: 7287, Loss: 5.675563335418701
Epoch: 7288, Loss: 5.669445037841797
Epoch: 7289, Loss: 5.663052558898926
Epoch: 7290, Loss: 5.640332221984863
Test acc: 0.064, IC acc: 0.088, IC acc2: 0.0025, IW acc: 0.0036
Epoch: 7291, Loss: 5.662562370300293
Epoch: 7292, Loss: 5.668901443481445
Epoch: 7293, Loss: 5.671891212463379
Epoch: 7294, Loss: 5.6584577560424805
Epoch: 7295, Loss: 5.659682273864746
Epoch: 7296, Loss: 5.640980243682861
Epoch: 7297, Loss: 5.665778636932373
Epoch: 7298, Loss: 5.6630144119262695
Epoch: 7299, Loss: 5.655865669250488
./circuit_plots/Unrestricted Disentangled|Readout|CN=3|B0=3|B1=3|K=1280|L=320|p_B=0.75|p_C=0.75|B=2|eps=0|c5cf5f29-0828-4665-8316-69edf18d12bd/ already exists.
./circuit_plots/Unrestricted Disentangled|Readout|CN=3|B0=3|B1=3|K=1280|L=320|p_B=0.75|p_C=0.75|B=2|eps=0|c5cf5f29-0828-4665-8316-69edf18d12bd/ already exists.
./circuit_plots/Unrestricted Disentangled|Readout|CN=3|B0=3|B1=3|K=1280|L=320|p_B=0.75|p_C=0.75|B=2|eps=0|c5cf5f29-0828-4665-8316-69edf18d12bd/ already exists.
./circuit_plots/Unrestricted Disentangled|Readout|CN=3|B0=3|B1=3|K=1280|L=320|p_B=0.75|p_C=0.75|B=2|eps=0|c5cf5f29-0828-4665-8316-69edf18d12bd/ already exists.
./circuit_plots/Unrestricted Disentangled|Readout|CN=3|B0=3|B1=3|K=1280|L=320|p_B=0.75|p_C=0.75|B=2|eps=0|c5cf5f29-0828-4665-8316-69edf18d12bd/ already exists.
./circuit_plots/Unrestricted Disentangled|Readout|CN=3|B0=3|B1=3|K=1280|L=320|p_B=0.75|p_C=0.75|B=2|eps=0|c5cf5f29-0828-4665-8316-69edf18d12bd/ already exists.
./circuit_plots/Unrestricted Disentangled|Readout|CN=3|B0=3|B1=3|K=1280|L=320|p_B=0.75|p_C=0.75|B=2|eps=0|c5cf5f29-0828-4665-8316-69edf18d12bd/ already exists.
Epoch: 7300, Loss: 5.661032676696777
Test acc: 0.0642, IC acc: 0.0884, IC acc2: 0.0025, IW acc: 0.0036
Epoch: 7301, Loss: 5.679951190948486
Epoch: 7302, Loss: 5.68313455581665
Epoch: 7303, Loss: 5.684392929077148
Epoch: 7304, Loss: 5.6883649826049805
Epoch: 7305, Loss: 5.65826416015625
Epoch: 7306, Loss: 5.671800136566162
Epoch: 7307, Loss: 5.670238494873047
Epoch: 7308, Loss: 5.654681205749512
Epoch: 7309, Loss: 5.659984588623047
Epoch: 7310, Loss: 5.6392974853515625
Test acc: 0.0648, IC acc: 0.0886, IC acc2: 0.0025, IW acc: 0.0036
Epoch: 7311, Loss: 5.653947830200195
Epoch: 7312, Loss: 5.662738800048828
Epoch: 7313, Loss: 5.660524368286133
Epoch: 7314, Loss: 5.661946773529053
Epoch: 7315, Loss: 5.670774459838867
Epoch: 7316, Loss: 5.667625904083252
Epoch: 7317, Loss: 5.673277854919434
Epoch: 7318, Loss: 5.665121555328369
Epoch: 7319, Loss: 5.6420674324035645
Epoch: 7320, Loss: 5.6588053703308105
Test acc: 0.065, IC acc: 0.0887, IC acc2: 0.0025, IW acc: 0.0036
Epoch: 7321, Loss: 5.669406890869141
Epoch: 7322, Loss: 5.676396369934082
Epoch: 7323, Loss: 5.657966136932373
Epoch: 7324, Loss: 5.659539222717285
Epoch: 7325, Loss: 5.680179595947266
Epoch: 7326, Loss: 5.6581268310546875
Epoch: 7327, Loss: 5.663774490356445
Epoch: 7328, Loss: 5.6738786697387695
Epoch: 7329, Loss: 5.660277366638184
Epoch: 7330, Loss: 5.672318458557129
Test acc: 0.0651, IC acc: 0.0892, IC acc2: 0.0024, IW acc: 0.0036
Epoch: 7331, Loss: 5.651810646057129
Epoch: 7332, Loss: 5.665881633758545
Epoch: 7333, Loss: 5.658186435699463
Epoch: 7334, Loss: 5.651693820953369
Epoch: 7335, Loss: 5.656373977661133
Epoch: 7336, Loss: 5.663582801818848
Epoch: 7337, Loss: 5.657524108886719
Epoch: 7338, Loss: 5.666651248931885
Epoch: 7339, Loss: 5.670565605163574
Epoch: 7340, Loss: 5.667901992797852
Test acc: 0.0652, IC acc: 0.089, IC acc2: 0.0024, IW acc: 0.0036
Epoch: 7341, Loss: 5.66899299621582
Epoch: 7342, Loss: 5.6513447761535645
Epoch: 7343, Loss: 5.703047752380371
Epoch: 7344, Loss: 5.669784069061279
Epoch: 7345, Loss: 5.652911186218262
Epoch: 7346, Loss: 5.672970771789551
Epoch: 7347, Loss: 5.667759895324707
Epoch: 7348, Loss: 5.645912170410156
Epoch: 7349, Loss: 5.657062530517578
./circuit_plots/Unrestricted Disentangled|Readout|CN=3|B0=3|B1=3|K=1280|L=320|p_B=0.75|p_C=0.75|B=2|eps=0|c5cf5f29-0828-4665-8316-69edf18d12bd/ already exists.
./circuit_plots/Unrestricted Disentangled|Readout|CN=3|B0=3|B1=3|K=1280|L=320|p_B=0.75|p_C=0.75|B=2|eps=0|c5cf5f29-0828-4665-8316-69edf18d12bd/ already exists.
./circuit_plots/Unrestricted Disentangled|Readout|CN=3|B0=3|B1=3|K=1280|L=320|p_B=0.75|p_C=0.75|B=2|eps=0|c5cf5f29-0828-4665-8316-69edf18d12bd/ already exists.
./circuit_plots/Unrestricted Disentangled|Readout|CN=3|B0=3|B1=3|K=1280|L=320|p_B=0.75|p_C=0.75|B=2|eps=0|c5cf5f29-0828-4665-8316-69edf18d12bd/ already exists.
./circuit_plots/Unrestricted Disentangled|Readout|CN=3|B0=3|B1=3|K=1280|L=320|p_B=0.75|p_C=0.75|B=2|eps=0|c5cf5f29-0828-4665-8316-69edf18d12bd/ already exists.
./circuit_plots/Unrestricted Disentangled|Readout|CN=3|B0=3|B1=3|K=1280|L=320|p_B=0.75|p_C=0.75|B=2|eps=0|c5cf5f29-0828-4665-8316-69edf18d12bd/ already exists.
./circuit_plots/Unrestricted Disentangled|Readout|CN=3|B0=3|B1=3|K=1280|L=320|p_B=0.75|p_C=0.75|B=2|eps=0|c5cf5f29-0828-4665-8316-69edf18d12bd/ already exists.
Epoch: 7350, Loss: 5.643893241882324
Test acc: 0.0654, IC acc: 0.0891, IC acc2: 0.0025, IW acc: 0.0037
Epoch: 7351, Loss: 5.673281669616699
Epoch: 7352, Loss: 5.643109321594238
Epoch: 7353, Loss: 5.667514801025391
Epoch: 7354, Loss: 5.671046733856201
Epoch: 7355, Loss: 5.66351318359375
Epoch: 7356, Loss: 5.671578407287598
Epoch: 7357, Loss: 5.653927803039551
Epoch: 7358, Loss: 5.651805877685547
Epoch: 7359, Loss: 5.649449348449707
Epoch: 7360, Loss: 5.66693639755249
Test acc: 0.0653, IC acc: 0.0896, IC acc2: 0.0025, IW acc: 0.0037
Epoch: 7361, Loss: 5.674644470214844
Epoch: 7362, Loss: 5.686739921569824
Epoch: 7363, Loss: 5.671653747558594
Epoch: 7364, Loss: 5.6767473220825195
Epoch: 7365, Loss: 5.664182662963867
Epoch: 7366, Loss: 5.666776180267334
Epoch: 7367, Loss: 5.664706707000732
Epoch: 7368, Loss: 5.668128967285156
Epoch: 7369, Loss: 5.642277717590332
Epoch: 7370, Loss: 5.645290374755859
Test acc: 0.0657, IC acc: 0.0898, IC acc2: 0.0024, IW acc: 0.0037
Epoch: 7371, Loss: 5.688929557800293
Epoch: 7372, Loss: 5.659704685211182
Epoch: 7373, Loss: 5.678192138671875
Epoch: 7374, Loss: 5.655525207519531
Epoch: 7375, Loss: 5.640928268432617
Epoch: 7376, Loss: 5.659647464752197
Epoch: 7377, Loss: 5.665143966674805
Epoch: 7378, Loss: 5.670464992523193
Epoch: 7379, Loss: 5.666989326477051
Epoch: 7380, Loss: 5.677383899688721
Test acc: 0.0659, IC acc: 0.0899, IC acc2: 0.0025, IW acc: 0.0038
Epoch: 7381, Loss: 5.64183235168457
Epoch: 7382, Loss: 5.654779434204102
Epoch: 7383, Loss: 5.659639358520508
Epoch: 7384, Loss: 5.669964790344238
Epoch: 7385, Loss: 5.661943435668945
Epoch: 7386, Loss: 5.673581123352051
Epoch: 7387, Loss: 5.6550188064575195
Epoch: 7388, Loss: 5.659974098205566
Epoch: 7389, Loss: 5.655280113220215
Epoch: 7390, Loss: 5.673760890960693
Test acc: 0.066, IC acc: 0.0901, IC acc2: 0.0025, IW acc: 0.0038
Epoch: 7391, Loss: 5.663568019866943
Epoch: 7392, Loss: 5.657318592071533
Epoch: 7393, Loss: 5.6440815925598145
Epoch: 7394, Loss: 5.656305313110352
Epoch: 7395, Loss: 5.650527000427246
Epoch: 7396, Loss: 5.656868934631348
Epoch: 7397, Loss: 5.646937847137451
Epoch: 7398, Loss: 5.64569616317749
Epoch: 7399, Loss: 5.677985668182373
./circuit_plots/Unrestricted Disentangled|Readout|CN=3|B0=3|B1=3|K=1280|L=320|p_B=0.75|p_C=0.75|B=2|eps=0|c5cf5f29-0828-4665-8316-69edf18d12bd/ already exists.
./circuit_plots/Unrestricted Disentangled|Readout|CN=3|B0=3|B1=3|K=1280|L=320|p_B=0.75|p_C=0.75|B=2|eps=0|c5cf5f29-0828-4665-8316-69edf18d12bd/ already exists.
./circuit_plots/Unrestricted Disentangled|Readout|CN=3|B0=3|B1=3|K=1280|L=320|p_B=0.75|p_C=0.75|B=2|eps=0|c5cf5f29-0828-4665-8316-69edf18d12bd/ already exists.
./circuit_plots/Unrestricted Disentangled|Readout|CN=3|B0=3|B1=3|K=1280|L=320|p_B=0.75|p_C=0.75|B=2|eps=0|c5cf5f29-0828-4665-8316-69edf18d12bd/ already exists.
./circuit_plots/Unrestricted Disentangled|Readout|CN=3|B0=3|B1=3|K=1280|L=320|p_B=0.75|p_C=0.75|B=2|eps=0|c5cf5f29-0828-4665-8316-69edf18d12bd/ already exists.
./circuit_plots/Unrestricted Disentangled|Readout|CN=3|B0=3|B1=3|K=1280|L=320|p_B=0.75|p_C=0.75|B=2|eps=0|c5cf5f29-0828-4665-8316-69edf18d12bd/ already exists.
./circuit_plots/Unrestricted Disentangled|Readout|CN=3|B0=3|B1=3|K=1280|L=320|p_B=0.75|p_C=0.75|B=2|eps=0|c5cf5f29-0828-4665-8316-69edf18d12bd/ already exists.
Epoch: 7400, Loss: 5.661919593811035
Test acc: 0.066, IC acc: 0.0903, IC acc2: 0.0025, IW acc: 0.0037
Epoch: 7401, Loss: 5.660299301147461
Epoch: 7402, Loss: 5.675309658050537
Epoch: 7403, Loss: 5.661773681640625
Epoch: 7404, Loss: 5.639012336730957
Epoch: 7405, Loss: 5.689879417419434
Epoch: 7406, Loss: 5.671504497528076
Epoch: 7407, Loss: 5.667819976806641
Epoch: 7408, Loss: 5.6549859046936035
Epoch: 7409, Loss: 5.6698479652404785
Epoch: 7410, Loss: 5.671230316162109
Test acc: 0.0659, IC acc: 0.0906, IC acc2: 0.0027, IW acc: 0.0038
Epoch: 7411, Loss: 5.664044380187988
Epoch: 7412, Loss: 5.648746967315674
Epoch: 7413, Loss: 5.663647651672363
Epoch: 7414, Loss: 5.678479194641113
Epoch: 7415, Loss: 5.669127464294434
Epoch: 7416, Loss: 5.641191005706787
Epoch: 7417, Loss: 5.659429550170898
Epoch: 7418, Loss: 5.686450958251953
Epoch: 7419, Loss: 5.667069435119629
Epoch: 7420, Loss: 5.686911582946777
Test acc: 0.0663, IC acc: 0.091, IC acc2: 0.0026, IW acc: 0.0039
Epoch: 7421, Loss: 5.653825283050537
Epoch: 7422, Loss: 5.671402454376221
Epoch: 7423, Loss: 5.674828052520752
Epoch: 7424, Loss: 5.6331987380981445
Epoch: 7425, Loss: 5.6647443771362305
Epoch: 7426, Loss: 5.664434432983398
Epoch: 7427, Loss: 5.660956382751465
Epoch: 7428, Loss: 5.684226036071777
Epoch: 7429, Loss: 5.662730693817139
Epoch: 7430, Loss: 5.6772871017456055
Test acc: 0.0669, IC acc: 0.0909, IC acc2: 0.0024, IW acc: 0.0038
Epoch: 7431, Loss: 5.670774936676025
Epoch: 7432, Loss: 5.652955055236816
Epoch: 7433, Loss: 5.665823459625244
Epoch: 7434, Loss: 5.6450605392456055
Epoch: 7435, Loss: 5.647636890411377
Epoch: 7436, Loss: 5.639914512634277
Epoch: 7437, Loss: 5.673251628875732
Epoch: 7438, Loss: 5.65971565246582
Epoch: 7439, Loss: 5.653235912322998
Epoch: 7440, Loss: 5.677666664123535
Test acc: 0.0672, IC acc: 0.0915, IC acc2: 0.0026, IW acc: 0.0039
Epoch: 7441, Loss: 5.647697448730469
Epoch: 7442, Loss: 5.667969226837158
Epoch: 7443, Loss: 5.645914554595947
Epoch: 7444, Loss: 5.649317741394043
Epoch: 7445, Loss: 5.631156921386719
Epoch: 7446, Loss: 5.678118705749512
Epoch: 7447, Loss: 5.668379783630371
Epoch: 7448, Loss: 5.660190105438232
Epoch: 7449, Loss: 5.643679141998291
./circuit_plots/Unrestricted Disentangled|Readout|CN=3|B0=3|B1=3|K=1280|L=320|p_B=0.75|p_C=0.75|B=2|eps=0|c5cf5f29-0828-4665-8316-69edf18d12bd/ already exists.
./circuit_plots/Unrestricted Disentangled|Readout|CN=3|B0=3|B1=3|K=1280|L=320|p_B=0.75|p_C=0.75|B=2|eps=0|c5cf5f29-0828-4665-8316-69edf18d12bd/ already exists.
./circuit_plots/Unrestricted Disentangled|Readout|CN=3|B0=3|B1=3|K=1280|L=320|p_B=0.75|p_C=0.75|B=2|eps=0|c5cf5f29-0828-4665-8316-69edf18d12bd/ already exists.
./circuit_plots/Unrestricted Disentangled|Readout|CN=3|B0=3|B1=3|K=1280|L=320|p_B=0.75|p_C=0.75|B=2|eps=0|c5cf5f29-0828-4665-8316-69edf18d12bd/ already exists.
./circuit_plots/Unrestricted Disentangled|Readout|CN=3|B0=3|B1=3|K=1280|L=320|p_B=0.75|p_C=0.75|B=2|eps=0|c5cf5f29-0828-4665-8316-69edf18d12bd/ already exists.
./circuit_plots/Unrestricted Disentangled|Readout|CN=3|B0=3|B1=3|K=1280|L=320|p_B=0.75|p_C=0.75|B=2|eps=0|c5cf5f29-0828-4665-8316-69edf18d12bd/ already exists.
./circuit_plots/Unrestricted Disentangled|Readout|CN=3|B0=3|B1=3|K=1280|L=320|p_B=0.75|p_C=0.75|B=2|eps=0|c5cf5f29-0828-4665-8316-69edf18d12bd/ already exists.
Epoch: 7450, Loss: 5.653420925140381
Test acc: 0.0675, IC acc: 0.0919, IC acc2: 0.0026, IW acc: 0.0039
Epoch: 7451, Loss: 5.665387153625488
Epoch: 7452, Loss: 5.674829483032227
Epoch: 7453, Loss: 5.661694049835205
Epoch: 7454, Loss: 5.682209014892578
Epoch: 7455, Loss: 5.659077167510986
Epoch: 7456, Loss: 5.665945529937744
Epoch: 7457, Loss: 5.687262535095215
Epoch: 7458, Loss: 5.655014991760254
Epoch: 7459, Loss: 5.663216590881348
Epoch: 7460, Loss: 5.663965225219727
Test acc: 0.0677, IC acc: 0.092, IC acc2: 0.0026, IW acc: 0.0039
Epoch: 7461, Loss: 5.643918037414551
Epoch: 7462, Loss: 5.687751293182373
Epoch: 7463, Loss: 5.662907123565674
Epoch: 7464, Loss: 5.6688995361328125
Epoch: 7465, Loss: 5.659641265869141
Epoch: 7466, Loss: 5.631956100463867
Epoch: 7467, Loss: 5.6548357009887695
Epoch: 7468, Loss: 5.667095184326172
Epoch: 7469, Loss: 5.6775712966918945
Epoch: 7470, Loss: 5.677759647369385
Test acc: 0.0677, IC acc: 0.0924, IC acc2: 0.0025, IW acc: 0.004
Epoch: 7471, Loss: 5.669233798980713
Epoch: 7472, Loss: 5.656840801239014
Epoch: 7473, Loss: 5.667962074279785
Epoch: 7474, Loss: 5.644384384155273
Epoch: 7475, Loss: 5.644615173339844
Epoch: 7476, Loss: 5.656691551208496
Epoch: 7477, Loss: 5.663445472717285
Epoch: 7478, Loss: 5.670943260192871
Epoch: 7479, Loss: 5.661991119384766
Epoch: 7480, Loss: 5.700439453125
Test acc: 0.0679, IC acc: 0.0924, IC acc2: 0.0025, IW acc: 0.0038
Epoch: 7481, Loss: 5.6583967208862305
Epoch: 7482, Loss: 5.67172908782959
Epoch: 7483, Loss: 5.6651811599731445
Epoch: 7484, Loss: 5.661248207092285
Epoch: 7485, Loss: 5.675447463989258
Epoch: 7486, Loss: 5.660502910614014
Epoch: 7487, Loss: 5.668017864227295
Epoch: 7488, Loss: 5.654675483703613
Epoch: 7489, Loss: 5.646173000335693
Epoch: 7490, Loss: 5.655789375305176
Test acc: 0.068, IC acc: 0.0927, IC acc2: 0.0026, IW acc: 0.0039
Epoch: 7491, Loss: 5.67573356628418
Epoch: 7492, Loss: 5.657203197479248
Epoch: 7493, Loss: 5.677346229553223
Epoch: 7494, Loss: 5.669980049133301
Epoch: 7495, Loss: 5.6422834396362305
Epoch: 7496, Loss: 5.644205093383789
Epoch: 7497, Loss: 5.670773506164551
Epoch: 7498, Loss: 5.622635841369629
Epoch: 7499, Loss: 5.6614203453063965
./circuit_plots/Unrestricted Disentangled|Readout|CN=3|B0=3|B1=3|K=1280|L=320|p_B=0.75|p_C=0.75|B=2|eps=0|c5cf5f29-0828-4665-8316-69edf18d12bd/ already exists.
./circuit_plots/Unrestricted Disentangled|Readout|CN=3|B0=3|B1=3|K=1280|L=320|p_B=0.75|p_C=0.75|B=2|eps=0|c5cf5f29-0828-4665-8316-69edf18d12bd/ already exists.
./circuit_plots/Unrestricted Disentangled|Readout|CN=3|B0=3|B1=3|K=1280|L=320|p_B=0.75|p_C=0.75|B=2|eps=0|c5cf5f29-0828-4665-8316-69edf18d12bd/ already exists.
./circuit_plots/Unrestricted Disentangled|Readout|CN=3|B0=3|B1=3|K=1280|L=320|p_B=0.75|p_C=0.75|B=2|eps=0|c5cf5f29-0828-4665-8316-69edf18d12bd/ already exists.
./circuit_plots/Unrestricted Disentangled|Readout|CN=3|B0=3|B1=3|K=1280|L=320|p_B=0.75|p_C=0.75|B=2|eps=0|c5cf5f29-0828-4665-8316-69edf18d12bd/ already exists.
./circuit_plots/Unrestricted Disentangled|Readout|CN=3|B0=3|B1=3|K=1280|L=320|p_B=0.75|p_C=0.75|B=2|eps=0|c5cf5f29-0828-4665-8316-69edf18d12bd/ already exists.
./circuit_plots/Unrestricted Disentangled|Readout|CN=3|B0=3|B1=3|K=1280|L=320|p_B=0.75|p_C=0.75|B=2|eps=0|c5cf5f29-0828-4665-8316-69edf18d12bd/ already exists.
Epoch: 7500, Loss: 5.645315170288086
Test acc: 0.0681, IC acc: 0.0926, IC acc2: 0.0026, IW acc: 0.0039
Epoch: 7501, Loss: 5.674125671386719
Epoch: 7502, Loss: 5.664913177490234
Epoch: 7503, Loss: 5.674033164978027
Epoch: 7504, Loss: 5.660262107849121
Epoch: 7505, Loss: 5.673201560974121
Epoch: 7506, Loss: 5.664864540100098
Epoch: 7507, Loss: 5.661872863769531
Epoch: 7508, Loss: 5.657220840454102
Epoch: 7509, Loss: 5.641674041748047
Epoch: 7510, Loss: 5.680403709411621
Test acc: 0.0688, IC acc: 0.0931, IC acc2: 0.0025, IW acc: 0.0039
Epoch: 7511, Loss: 5.645704746246338
Epoch: 7512, Loss: 5.637734413146973
Epoch: 7513, Loss: 5.655561447143555
Epoch: 7514, Loss: 5.6555585861206055
Epoch: 7515, Loss: 5.671579360961914
Epoch: 7516, Loss: 5.648439407348633
Epoch: 7517, Loss: 5.701835632324219
Epoch: 7518, Loss: 5.660407543182373
Epoch: 7519, Loss: 5.6612229347229
Epoch: 7520, Loss: 5.675786972045898
Test acc: 0.0691, IC acc: 0.0934, IC acc2: 0.0025, IW acc: 0.004
Epoch: 7521, Loss: 5.673071384429932
Epoch: 7522, Loss: 5.675205230712891
Epoch: 7523, Loss: 5.662108421325684
Epoch: 7524, Loss: 5.677783012390137
Epoch: 7525, Loss: 5.653399467468262
Epoch: 7526, Loss: 5.669008731842041
Epoch: 7527, Loss: 5.67385721206665
Epoch: 7528, Loss: 5.675816535949707
Epoch: 7529, Loss: 5.676478385925293
Epoch: 7530, Loss: 5.663341522216797
Test acc: 0.0691, IC acc: 0.0935, IC acc2: 0.0025, IW acc: 0.0039
Epoch: 7531, Loss: 5.6488447189331055
Epoch: 7532, Loss: 5.642535209655762
Epoch: 7533, Loss: 5.68541955947876
Epoch: 7534, Loss: 5.666330337524414
Epoch: 7535, Loss: 5.659120559692383
Epoch: 7536, Loss: 5.646024227142334
Epoch: 7537, Loss: 5.680903434753418
Epoch: 7538, Loss: 5.669628143310547
Epoch: 7539, Loss: 5.659502983093262
Epoch: 7540, Loss: 5.678910255432129
Test acc: 0.0696, IC acc: 0.0939, IC acc2: 0.0026, IW acc: 0.0039
Epoch: 7541, Loss: 5.660103797912598
Epoch: 7542, Loss: 5.666479110717773
Epoch: 7543, Loss: 5.6646318435668945
Epoch: 7544, Loss: 5.6596174240112305
Epoch: 7545, Loss: 5.651305198669434
Epoch: 7546, Loss: 5.6511006355285645
Epoch: 7547, Loss: 5.657839775085449
Epoch: 7548, Loss: 5.67425537109375
Epoch: 7549, Loss: 5.674738883972168
./circuit_plots/Unrestricted Disentangled|Readout|CN=3|B0=3|B1=3|K=1280|L=320|p_B=0.75|p_C=0.75|B=2|eps=0|c5cf5f29-0828-4665-8316-69edf18d12bd/ already exists.
./circuit_plots/Unrestricted Disentangled|Readout|CN=3|B0=3|B1=3|K=1280|L=320|p_B=0.75|p_C=0.75|B=2|eps=0|c5cf5f29-0828-4665-8316-69edf18d12bd/ already exists.
./circuit_plots/Unrestricted Disentangled|Readout|CN=3|B0=3|B1=3|K=1280|L=320|p_B=0.75|p_C=0.75|B=2|eps=0|c5cf5f29-0828-4665-8316-69edf18d12bd/ already exists.
./circuit_plots/Unrestricted Disentangled|Readout|CN=3|B0=3|B1=3|K=1280|L=320|p_B=0.75|p_C=0.75|B=2|eps=0|c5cf5f29-0828-4665-8316-69edf18d12bd/ already exists.
./circuit_plots/Unrestricted Disentangled|Readout|CN=3|B0=3|B1=3|K=1280|L=320|p_B=0.75|p_C=0.75|B=2|eps=0|c5cf5f29-0828-4665-8316-69edf18d12bd/ already exists.
./circuit_plots/Unrestricted Disentangled|Readout|CN=3|B0=3|B1=3|K=1280|L=320|p_B=0.75|p_C=0.75|B=2|eps=0|c5cf5f29-0828-4665-8316-69edf18d12bd/ already exists.
./circuit_plots/Unrestricted Disentangled|Readout|CN=3|B0=3|B1=3|K=1280|L=320|p_B=0.75|p_C=0.75|B=2|eps=0|c5cf5f29-0828-4665-8316-69edf18d12bd/ already exists.
Epoch: 7550, Loss: 5.6812615394592285
Test acc: 0.0694, IC acc: 0.094, IC acc2: 0.0026, IW acc: 0.0038
Epoch: 7551, Loss: 5.685271739959717
Epoch: 7552, Loss: 5.6677045822143555
Epoch: 7553, Loss: 5.659656524658203
Epoch: 7554, Loss: 5.671675682067871
Epoch: 7555, Loss: 5.667111396789551
Epoch: 7556, Loss: 5.64202880859375
Epoch: 7557, Loss: 5.656961441040039
Epoch: 7558, Loss: 5.662436485290527
Epoch: 7559, Loss: 5.659002780914307
Epoch: 7560, Loss: 5.665565490722656
Test acc: 0.0697, IC acc: 0.0944, IC acc2: 0.0026, IW acc: 0.0039
Epoch: 7561, Loss: 5.661327362060547
Epoch: 7562, Loss: 5.6557841300964355
Epoch: 7563, Loss: 5.66146183013916
Epoch: 7564, Loss: 5.673063278198242
Epoch: 7565, Loss: 5.670811653137207
Epoch: 7566, Loss: 5.633546829223633
Epoch: 7567, Loss: 5.657989978790283
Epoch: 7568, Loss: 5.680299758911133
Epoch: 7569, Loss: 5.663300037384033
Epoch: 7570, Loss: 5.642758369445801
Test acc: 0.0699, IC acc: 0.0951, IC acc2: 0.0026, IW acc: 0.004
Epoch: 7571, Loss: 5.649332046508789
Epoch: 7572, Loss: 5.649883270263672
Epoch: 7573, Loss: 5.655497074127197
Epoch: 7574, Loss: 5.667311668395996
Epoch: 7575, Loss: 5.668606758117676
Epoch: 7576, Loss: 5.667726516723633
Epoch: 7577, Loss: 5.656585693359375
Epoch: 7578, Loss: 5.651686668395996
Epoch: 7579, Loss: 5.6632490158081055
Epoch: 7580, Loss: 5.644078254699707
Test acc: 0.0697, IC acc: 0.0951, IC acc2: 0.0026, IW acc: 0.0037
Epoch: 7581, Loss: 5.660364627838135
Epoch: 7582, Loss: 5.671004295349121
Epoch: 7583, Loss: 5.653829574584961
Epoch: 7584, Loss: 5.6498918533325195
Epoch: 7585, Loss: 5.666094779968262
Epoch: 7586, Loss: 5.659604549407959
Epoch: 7587, Loss: 5.643728733062744
Epoch: 7588, Loss: 5.652806282043457
Epoch: 7589, Loss: 5.655754566192627
Epoch: 7590, Loss: 5.644257545471191
Test acc: 0.0703, IC acc: 0.0954, IC acc2: 0.0026, IW acc: 0.0039
Epoch: 7591, Loss: 5.650317192077637
Epoch: 7592, Loss: 5.673549652099609
Epoch: 7593, Loss: 5.672584533691406
Epoch: 7594, Loss: 5.643583297729492
Epoch: 7595, Loss: 5.6654462814331055
Epoch: 7596, Loss: 5.651821136474609
Epoch: 7597, Loss: 5.655733108520508
Epoch: 7598, Loss: 5.6573591232299805
Epoch: 7599, Loss: 5.676248550415039
./circuit_plots/Unrestricted Disentangled|Readout|CN=3|B0=3|B1=3|K=1280|L=320|p_B=0.75|p_C=0.75|B=2|eps=0|c5cf5f29-0828-4665-8316-69edf18d12bd/ already exists.
./circuit_plots/Unrestricted Disentangled|Readout|CN=3|B0=3|B1=3|K=1280|L=320|p_B=0.75|p_C=0.75|B=2|eps=0|c5cf5f29-0828-4665-8316-69edf18d12bd/ already exists.
./circuit_plots/Unrestricted Disentangled|Readout|CN=3|B0=3|B1=3|K=1280|L=320|p_B=0.75|p_C=0.75|B=2|eps=0|c5cf5f29-0828-4665-8316-69edf18d12bd/ already exists.
./circuit_plots/Unrestricted Disentangled|Readout|CN=3|B0=3|B1=3|K=1280|L=320|p_B=0.75|p_C=0.75|B=2|eps=0|c5cf5f29-0828-4665-8316-69edf18d12bd/ already exists.
./circuit_plots/Unrestricted Disentangled|Readout|CN=3|B0=3|B1=3|K=1280|L=320|p_B=0.75|p_C=0.75|B=2|eps=0|c5cf5f29-0828-4665-8316-69edf18d12bd/ already exists.
./circuit_plots/Unrestricted Disentangled|Readout|CN=3|B0=3|B1=3|K=1280|L=320|p_B=0.75|p_C=0.75|B=2|eps=0|c5cf5f29-0828-4665-8316-69edf18d12bd/ already exists.
./circuit_plots/Unrestricted Disentangled|Readout|CN=3|B0=3|B1=3|K=1280|L=320|p_B=0.75|p_C=0.75|B=2|eps=0|c5cf5f29-0828-4665-8316-69edf18d12bd/ already exists.
Epoch: 7600, Loss: 5.652351379394531
Test acc: 0.0704, IC acc: 0.0953, IC acc2: 0.0026, IW acc: 0.0038
Epoch: 7601, Loss: 5.643712520599365
Epoch: 7602, Loss: 5.661290168762207
Epoch: 7603, Loss: 5.689663887023926
Epoch: 7604, Loss: 5.6760663986206055
Epoch: 7605, Loss: 5.656371593475342
Epoch: 7606, Loss: 5.656972885131836
Epoch: 7607, Loss: 5.657139778137207
Epoch: 7608, Loss: 5.649066925048828
Epoch: 7609, Loss: 5.672179222106934
Epoch: 7610, Loss: 5.656250476837158
Test acc: 0.0704, IC acc: 0.0956, IC acc2: 0.0026, IW acc: 0.0038
Epoch: 7611, Loss: 5.640105247497559
Epoch: 7612, Loss: 5.658108711242676
Epoch: 7613, Loss: 5.653163909912109
Epoch: 7614, Loss: 5.650790214538574
Epoch: 7615, Loss: 5.651067733764648
Epoch: 7616, Loss: 5.658489227294922
Epoch: 7617, Loss: 5.656805515289307
Epoch: 7618, Loss: 5.624007225036621
Epoch: 7619, Loss: 5.639957427978516
Epoch: 7620, Loss: 5.652129650115967
Test acc: 0.0707, IC acc: 0.0959, IC acc2: 0.0026, IW acc: 0.0039
Epoch: 7621, Loss: 5.675188064575195
Epoch: 7622, Loss: 5.651623725891113
Epoch: 7623, Loss: 5.636960029602051
Epoch: 7624, Loss: 5.677069664001465
Epoch: 7625, Loss: 5.676524639129639
Epoch: 7626, Loss: 5.638321876525879
Epoch: 7627, Loss: 5.631158828735352
Epoch: 7628, Loss: 5.65928840637207
Epoch: 7629, Loss: 5.656946182250977
Epoch: 7630, Loss: 5.659061431884766
Test acc: 0.0713, IC acc: 0.0958, IC acc2: 0.0026, IW acc: 0.0039
Epoch: 7631, Loss: 5.666789531707764
Epoch: 7632, Loss: 5.6514363288879395
Epoch: 7633, Loss: 5.656518936157227
Epoch: 7634, Loss: 5.644195556640625
Epoch: 7635, Loss: 5.665213108062744
Epoch: 7636, Loss: 5.658315181732178
Epoch: 7637, Loss: 5.667947769165039
Epoch: 7638, Loss: 5.6625165939331055
Epoch: 7639, Loss: 5.655404090881348
Epoch: 7640, Loss: 5.641277313232422
Test acc: 0.0716, IC acc: 0.096, IC acc2: 0.0026, IW acc: 0.0039
Epoch: 7641, Loss: 5.657969951629639
Epoch: 7642, Loss: 5.668355941772461
Epoch: 7643, Loss: 5.662992477416992
Epoch: 7644, Loss: 5.651613712310791
Epoch: 7645, Loss: 5.65345573425293
Epoch: 7646, Loss: 5.679773330688477
Epoch: 7647, Loss: 5.634710311889648
Epoch: 7648, Loss: 5.655670166015625
Epoch: 7649, Loss: 5.668956756591797
./circuit_plots/Unrestricted Disentangled|Readout|CN=3|B0=3|B1=3|K=1280|L=320|p_B=0.75|p_C=0.75|B=2|eps=0|c5cf5f29-0828-4665-8316-69edf18d12bd/ already exists.
./circuit_plots/Unrestricted Disentangled|Readout|CN=3|B0=3|B1=3|K=1280|L=320|p_B=0.75|p_C=0.75|B=2|eps=0|c5cf5f29-0828-4665-8316-69edf18d12bd/ already exists.
./circuit_plots/Unrestricted Disentangled|Readout|CN=3|B0=3|B1=3|K=1280|L=320|p_B=0.75|p_C=0.75|B=2|eps=0|c5cf5f29-0828-4665-8316-69edf18d12bd/ already exists.
./circuit_plots/Unrestricted Disentangled|Readout|CN=3|B0=3|B1=3|K=1280|L=320|p_B=0.75|p_C=0.75|B=2|eps=0|c5cf5f29-0828-4665-8316-69edf18d12bd/ already exists.
./circuit_plots/Unrestricted Disentangled|Readout|CN=3|B0=3|B1=3|K=1280|L=320|p_B=0.75|p_C=0.75|B=2|eps=0|c5cf5f29-0828-4665-8316-69edf18d12bd/ already exists.
./circuit_plots/Unrestricted Disentangled|Readout|CN=3|B0=3|B1=3|K=1280|L=320|p_B=0.75|p_C=0.75|B=2|eps=0|c5cf5f29-0828-4665-8316-69edf18d12bd/ already exists.
./circuit_plots/Unrestricted Disentangled|Readout|CN=3|B0=3|B1=3|K=1280|L=320|p_B=0.75|p_C=0.75|B=2|eps=0|c5cf5f29-0828-4665-8316-69edf18d12bd/ already exists.
Epoch: 7650, Loss: 5.674572944641113
Test acc: 0.0719, IC acc: 0.0965, IC acc2: 0.0026, IW acc: 0.0039
Epoch: 7651, Loss: 5.629438400268555
Epoch: 7652, Loss: 5.660351753234863
Epoch: 7653, Loss: 5.667920112609863
Epoch: 7654, Loss: 5.644427299499512
Epoch: 7655, Loss: 5.656303405761719
Epoch: 7656, Loss: 5.655757904052734
Epoch: 7657, Loss: 5.657932281494141
Epoch: 7658, Loss: 5.6761322021484375
Epoch: 7659, Loss: 5.635383605957031
Epoch: 7660, Loss: 5.653075218200684
Test acc: 0.0716, IC acc: 0.0961, IC acc2: 0.0026, IW acc: 0.004
Epoch: 7661, Loss: 5.64353084564209
Epoch: 7662, Loss: 5.659425258636475
Epoch: 7663, Loss: 5.6696457862854
Epoch: 7664, Loss: 5.655887603759766
Epoch: 7665, Loss: 5.648178577423096
Epoch: 7666, Loss: 5.655810356140137
Epoch: 7667, Loss: 5.65816068649292
Epoch: 7668, Loss: 5.661507606506348
Epoch: 7669, Loss: 5.658235549926758
Epoch: 7670, Loss: 5.684859275817871
Test acc: 0.0718, IC acc: 0.0964, IC acc2: 0.0026, IW acc: 0.0039
Epoch: 7671, Loss: 5.665593147277832
Epoch: 7672, Loss: 5.64333438873291
Epoch: 7673, Loss: 5.652523040771484
Epoch: 7674, Loss: 5.655498504638672
Epoch: 7675, Loss: 5.658090591430664
Epoch: 7676, Loss: 5.65757942199707
Epoch: 7677, Loss: 5.660854816436768
Epoch: 7678, Loss: 5.657808303833008
Epoch: 7679, Loss: 5.669477462768555
Epoch: 7680, Loss: 5.6500244140625
Test acc: 0.0721, IC acc: 0.0966, IC acc2: 0.0026, IW acc: 0.0039
Epoch: 7681, Loss: 5.684491157531738
Epoch: 7682, Loss: 5.6571269035339355
Epoch: 7683, Loss: 5.657004356384277
Epoch: 7684, Loss: 5.649892807006836
Epoch: 7685, Loss: 5.672120094299316
Epoch: 7686, Loss: 5.670280456542969
Epoch: 7687, Loss: 5.646269798278809
Epoch: 7688, Loss: 5.66847038269043
Epoch: 7689, Loss: 5.6645965576171875
Epoch: 7690, Loss: 5.646913528442383
Test acc: 0.0722, IC acc: 0.0965, IC acc2: 0.0026, IW acc: 0.004
Epoch: 7691, Loss: 5.669512748718262
Epoch: 7692, Loss: 5.660166263580322
Epoch: 7693, Loss: 5.65447473526001
Epoch: 7694, Loss: 5.697845935821533
Epoch: 7695, Loss: 5.675650596618652
Epoch: 7696, Loss: 5.644834995269775
Epoch: 7697, Loss: 5.654646873474121
Epoch: 7698, Loss: 5.631158351898193
Epoch: 7699, Loss: 5.638260364532471
./circuit_plots/Unrestricted Disentangled|Readout|CN=3|B0=3|B1=3|K=1280|L=320|p_B=0.75|p_C=0.75|B=2|eps=0|c5cf5f29-0828-4665-8316-69edf18d12bd/ already exists.
./circuit_plots/Unrestricted Disentangled|Readout|CN=3|B0=3|B1=3|K=1280|L=320|p_B=0.75|p_C=0.75|B=2|eps=0|c5cf5f29-0828-4665-8316-69edf18d12bd/ already exists.
./circuit_plots/Unrestricted Disentangled|Readout|CN=3|B0=3|B1=3|K=1280|L=320|p_B=0.75|p_C=0.75|B=2|eps=0|c5cf5f29-0828-4665-8316-69edf18d12bd/ already exists.
./circuit_plots/Unrestricted Disentangled|Readout|CN=3|B0=3|B1=3|K=1280|L=320|p_B=0.75|p_C=0.75|B=2|eps=0|c5cf5f29-0828-4665-8316-69edf18d12bd/ already exists.
./circuit_plots/Unrestricted Disentangled|Readout|CN=3|B0=3|B1=3|K=1280|L=320|p_B=0.75|p_C=0.75|B=2|eps=0|c5cf5f29-0828-4665-8316-69edf18d12bd/ already exists.
./circuit_plots/Unrestricted Disentangled|Readout|CN=3|B0=3|B1=3|K=1280|L=320|p_B=0.75|p_C=0.75|B=2|eps=0|c5cf5f29-0828-4665-8316-69edf18d12bd/ already exists.
./circuit_plots/Unrestricted Disentangled|Readout|CN=3|B0=3|B1=3|K=1280|L=320|p_B=0.75|p_C=0.75|B=2|eps=0|c5cf5f29-0828-4665-8316-69edf18d12bd/ already exists.
Epoch: 7700, Loss: 5.665835857391357
Test acc: 0.0722, IC acc: 0.0965, IC acc2: 0.0026, IW acc: 0.0039
Epoch: 7701, Loss: 5.665142059326172
Epoch: 7702, Loss: 5.638026714324951
Epoch: 7703, Loss: 5.663919925689697
Epoch: 7704, Loss: 5.652008533477783
Epoch: 7705, Loss: 5.653753280639648
Epoch: 7706, Loss: 5.654419422149658
Epoch: 7707, Loss: 5.63096284866333
Epoch: 7708, Loss: 5.651951789855957
Epoch: 7709, Loss: 5.655780792236328
Epoch: 7710, Loss: 5.657428741455078
Test acc: 0.0724, IC acc: 0.0968, IC acc2: 0.0026, IW acc: 0.004
Epoch: 7711, Loss: 5.66326379776001
Epoch: 7712, Loss: 5.661276340484619
Epoch: 7713, Loss: 5.657055377960205
Epoch: 7714, Loss: 5.649901390075684
Epoch: 7715, Loss: 5.6555657386779785
Epoch: 7716, Loss: 5.682056903839111
Epoch: 7717, Loss: 5.660445213317871
Epoch: 7718, Loss: 5.646093368530273
Epoch: 7719, Loss: 5.657990455627441
Epoch: 7720, Loss: 5.671278953552246
Test acc: 0.0724, IC acc: 0.0971, IC acc2: 0.0026, IW acc: 0.0039
Epoch: 7721, Loss: 5.661750793457031
Epoch: 7722, Loss: 5.662509918212891
Epoch: 7723, Loss: 5.648460388183594
Epoch: 7724, Loss: 5.630123138427734
Epoch: 7725, Loss: 5.660858154296875
Epoch: 7726, Loss: 5.647971153259277
Epoch: 7727, Loss: 5.680608749389648
Epoch: 7728, Loss: 5.676187992095947
Epoch: 7729, Loss: 5.645721912384033
Epoch: 7730, Loss: 5.668680667877197
Test acc: 0.0723, IC acc: 0.0977, IC acc2: 0.0027, IW acc: 0.0038
Epoch: 7731, Loss: 5.646831512451172
Epoch: 7732, Loss: 5.633922576904297
Epoch: 7733, Loss: 5.667357921600342
Epoch: 7734, Loss: 5.646173477172852
Epoch: 7735, Loss: 5.659862041473389
Epoch: 7736, Loss: 5.652349472045898
Epoch: 7737, Loss: 5.646343231201172
Epoch: 7738, Loss: 5.648092269897461
Epoch: 7739, Loss: 5.671051979064941
Epoch: 7740, Loss: 5.661864757537842
Test acc: 0.0726, IC acc: 0.0975, IC acc2: 0.0027, IW acc: 0.0038
Epoch: 7741, Loss: 5.6939496994018555
Epoch: 7742, Loss: 5.64619255065918
Epoch: 7743, Loss: 5.662226676940918
Epoch: 7744, Loss: 5.685724258422852
Epoch: 7745, Loss: 5.6773576736450195
Epoch: 7746, Loss: 5.656429290771484
Epoch: 7747, Loss: 5.647051811218262
Epoch: 7748, Loss: 5.666827201843262
Epoch: 7749, Loss: 5.661919593811035
./circuit_plots/Unrestricted Disentangled|Readout|CN=3|B0=3|B1=3|K=1280|L=320|p_B=0.75|p_C=0.75|B=2|eps=0|c5cf5f29-0828-4665-8316-69edf18d12bd/ already exists.
./circuit_plots/Unrestricted Disentangled|Readout|CN=3|B0=3|B1=3|K=1280|L=320|p_B=0.75|p_C=0.75|B=2|eps=0|c5cf5f29-0828-4665-8316-69edf18d12bd/ already exists.
./circuit_plots/Unrestricted Disentangled|Readout|CN=3|B0=3|B1=3|K=1280|L=320|p_B=0.75|p_C=0.75|B=2|eps=0|c5cf5f29-0828-4665-8316-69edf18d12bd/ already exists.
./circuit_plots/Unrestricted Disentangled|Readout|CN=3|B0=3|B1=3|K=1280|L=320|p_B=0.75|p_C=0.75|B=2|eps=0|c5cf5f29-0828-4665-8316-69edf18d12bd/ already exists.
./circuit_plots/Unrestricted Disentangled|Readout|CN=3|B0=3|B1=3|K=1280|L=320|p_B=0.75|p_C=0.75|B=2|eps=0|c5cf5f29-0828-4665-8316-69edf18d12bd/ already exists.
./circuit_plots/Unrestricted Disentangled|Readout|CN=3|B0=3|B1=3|K=1280|L=320|p_B=0.75|p_C=0.75|B=2|eps=0|c5cf5f29-0828-4665-8316-69edf18d12bd/ already exists.
./circuit_plots/Unrestricted Disentangled|Readout|CN=3|B0=3|B1=3|K=1280|L=320|p_B=0.75|p_C=0.75|B=2|eps=0|c5cf5f29-0828-4665-8316-69edf18d12bd/ already exists.
Epoch: 7750, Loss: 5.644293785095215
Test acc: 0.0731, IC acc: 0.0978, IC acc2: 0.0027, IW acc: 0.0038
Epoch: 7751, Loss: 5.6707892417907715
Epoch: 7752, Loss: 5.64838981628418
Epoch: 7753, Loss: 5.66510009765625
Epoch: 7754, Loss: 5.635587692260742
Epoch: 7755, Loss: 5.663159370422363
Epoch: 7756, Loss: 5.64503812789917
Epoch: 7757, Loss: 5.650838851928711
Epoch: 7758, Loss: 5.669384002685547
Epoch: 7759, Loss: 5.623419761657715
Epoch: 7760, Loss: 5.64183235168457
Test acc: 0.0732, IC acc: 0.0979, IC acc2: 0.0027, IW acc: 0.0038
Epoch: 7761, Loss: 5.663084983825684
Epoch: 7762, Loss: 5.6203765869140625
Epoch: 7763, Loss: 5.665244102478027
Epoch: 7764, Loss: 5.647430419921875
Epoch: 7765, Loss: 5.6576690673828125
Epoch: 7766, Loss: 5.642111778259277
Epoch: 7767, Loss: 5.649996757507324
Epoch: 7768, Loss: 5.672493934631348
Epoch: 7769, Loss: 5.667289733886719
Epoch: 7770, Loss: 5.649694442749023
Test acc: 0.0732, IC acc: 0.0982, IC acc2: 0.0027, IW acc: 0.0038
Epoch: 7771, Loss: 5.672856330871582
Epoch: 7772, Loss: 5.647218227386475
Epoch: 7773, Loss: 5.64599609375
Epoch: 7774, Loss: 5.662685394287109
Epoch: 7775, Loss: 5.6355390548706055
Epoch: 7776, Loss: 5.666654586791992
Epoch: 7777, Loss: 5.678605079650879
Epoch: 7778, Loss: 5.646607398986816
Epoch: 7779, Loss: 5.654996871948242
Epoch: 7780, Loss: 5.643208980560303
Test acc: 0.0735, IC acc: 0.0983, IC acc2: 0.0027, IW acc: 0.0039
Epoch: 7781, Loss: 5.6656670570373535
Epoch: 7782, Loss: 5.629631996154785
Epoch: 7783, Loss: 5.676480293273926
Epoch: 7784, Loss: 5.655207633972168
Epoch: 7785, Loss: 5.643142223358154
Epoch: 7786, Loss: 5.6561598777771
Epoch: 7787, Loss: 5.656237602233887
Epoch: 7788, Loss: 5.644728660583496
Epoch: 7789, Loss: 5.6478400230407715
Epoch: 7790, Loss: 5.658082962036133
Test acc: 0.0733, IC acc: 0.0986, IC acc2: 0.0027, IW acc: 0.004
Epoch: 7791, Loss: 5.656996250152588
Epoch: 7792, Loss: 5.658290863037109
Epoch: 7793, Loss: 5.636970520019531
Epoch: 7794, Loss: 5.6547675132751465
Epoch: 7795, Loss: 5.671293258666992
Epoch: 7796, Loss: 5.664628505706787
Epoch: 7797, Loss: 5.660310745239258
Epoch: 7798, Loss: 5.673401832580566
Epoch: 7799, Loss: 5.647719383239746
./circuit_plots/Unrestricted Disentangled|Readout|CN=3|B0=3|B1=3|K=1280|L=320|p_B=0.75|p_C=0.75|B=2|eps=0|c5cf5f29-0828-4665-8316-69edf18d12bd/ already exists.
./circuit_plots/Unrestricted Disentangled|Readout|CN=3|B0=3|B1=3|K=1280|L=320|p_B=0.75|p_C=0.75|B=2|eps=0|c5cf5f29-0828-4665-8316-69edf18d12bd/ already exists.
./circuit_plots/Unrestricted Disentangled|Readout|CN=3|B0=3|B1=3|K=1280|L=320|p_B=0.75|p_C=0.75|B=2|eps=0|c5cf5f29-0828-4665-8316-69edf18d12bd/ already exists.
./circuit_plots/Unrestricted Disentangled|Readout|CN=3|B0=3|B1=3|K=1280|L=320|p_B=0.75|p_C=0.75|B=2|eps=0|c5cf5f29-0828-4665-8316-69edf18d12bd/ already exists.
./circuit_plots/Unrestricted Disentangled|Readout|CN=3|B0=3|B1=3|K=1280|L=320|p_B=0.75|p_C=0.75|B=2|eps=0|c5cf5f29-0828-4665-8316-69edf18d12bd/ already exists.
./circuit_plots/Unrestricted Disentangled|Readout|CN=3|B0=3|B1=3|K=1280|L=320|p_B=0.75|p_C=0.75|B=2|eps=0|c5cf5f29-0828-4665-8316-69edf18d12bd/ already exists.
./circuit_plots/Unrestricted Disentangled|Readout|CN=3|B0=3|B1=3|K=1280|L=320|p_B=0.75|p_C=0.75|B=2|eps=0|c5cf5f29-0828-4665-8316-69edf18d12bd/ already exists.
Epoch: 7800, Loss: 5.655567169189453
Test acc: 0.0736, IC acc: 0.0988, IC acc2: 0.0027, IW acc: 0.004
Epoch: 7801, Loss: 5.671813488006592
Epoch: 7802, Loss: 5.6568193435668945
Epoch: 7803, Loss: 5.672784328460693
Epoch: 7804, Loss: 5.625847816467285
Epoch: 7805, Loss: 5.665946960449219
Epoch: 7806, Loss: 5.658818244934082
Epoch: 7807, Loss: 5.644745349884033
Epoch: 7808, Loss: 5.630195140838623
Epoch: 7809, Loss: 5.66441535949707
Epoch: 7810, Loss: 5.652553558349609
Test acc: 0.0739, IC acc: 0.0991, IC acc2: 0.0027, IW acc: 0.004
Epoch: 7811, Loss: 5.627719402313232
Epoch: 7812, Loss: 5.642548561096191
Epoch: 7813, Loss: 5.663232326507568
Epoch: 7814, Loss: 5.649003028869629
Epoch: 7815, Loss: 5.6649370193481445
Epoch: 7816, Loss: 5.654484272003174
Epoch: 7817, Loss: 5.662931442260742
Epoch: 7818, Loss: 5.675464630126953
Epoch: 7819, Loss: 5.646285057067871
Epoch: 7820, Loss: 5.6698150634765625
Test acc: 0.0739, IC acc: 0.0996, IC acc2: 0.0027, IW acc: 0.004
Epoch: 7821, Loss: 5.641813278198242
Epoch: 7822, Loss: 5.642840385437012
Epoch: 7823, Loss: 5.65846061706543
Epoch: 7824, Loss: 5.629465103149414
Epoch: 7825, Loss: 5.647928237915039
Epoch: 7826, Loss: 5.6575469970703125
Epoch: 7827, Loss: 5.646182060241699
Epoch: 7828, Loss: 5.6680498123168945
Epoch: 7829, Loss: 5.656426429748535
Epoch: 7830, Loss: 5.680591583251953
Test acc: 0.0741, IC acc: 0.1001, IC acc2: 0.0027, IW acc: 0.004
Epoch: 7831, Loss: 5.634378433227539
Epoch: 7832, Loss: 5.641477584838867
Epoch: 7833, Loss: 5.663337707519531
Epoch: 7834, Loss: 5.656380653381348
Epoch: 7835, Loss: 5.669024467468262
Epoch: 7836, Loss: 5.67475700378418
Epoch: 7837, Loss: 5.670107841491699
Epoch: 7838, Loss: 5.65842342376709
Epoch: 7839, Loss: 5.652080535888672
Epoch: 7840, Loss: 5.645398139953613
Test acc: 0.0743, IC acc: 0.1001, IC acc2: 0.0027, IW acc: 0.004
Epoch: 7841, Loss: 5.662135601043701
Epoch: 7842, Loss: 5.633671760559082
Epoch: 7843, Loss: 5.635912895202637
Epoch: 7844, Loss: 5.657906532287598
Epoch: 7845, Loss: 5.67612361907959
Epoch: 7846, Loss: 5.657427787780762
Epoch: 7847, Loss: 5.651302337646484
Epoch: 7848, Loss: 5.663787841796875
Epoch: 7849, Loss: 5.6485490798950195
./circuit_plots/Unrestricted Disentangled|Readout|CN=3|B0=3|B1=3|K=1280|L=320|p_B=0.75|p_C=0.75|B=2|eps=0|c5cf5f29-0828-4665-8316-69edf18d12bd/ already exists.
./circuit_plots/Unrestricted Disentangled|Readout|CN=3|B0=3|B1=3|K=1280|L=320|p_B=0.75|p_C=0.75|B=2|eps=0|c5cf5f29-0828-4665-8316-69edf18d12bd/ already exists.
./circuit_plots/Unrestricted Disentangled|Readout|CN=3|B0=3|B1=3|K=1280|L=320|p_B=0.75|p_C=0.75|B=2|eps=0|c5cf5f29-0828-4665-8316-69edf18d12bd/ already exists.
./circuit_plots/Unrestricted Disentangled|Readout|CN=3|B0=3|B1=3|K=1280|L=320|p_B=0.75|p_C=0.75|B=2|eps=0|c5cf5f29-0828-4665-8316-69edf18d12bd/ already exists.
./circuit_plots/Unrestricted Disentangled|Readout|CN=3|B0=3|B1=3|K=1280|L=320|p_B=0.75|p_C=0.75|B=2|eps=0|c5cf5f29-0828-4665-8316-69edf18d12bd/ already exists.
./circuit_plots/Unrestricted Disentangled|Readout|CN=3|B0=3|B1=3|K=1280|L=320|p_B=0.75|p_C=0.75|B=2|eps=0|c5cf5f29-0828-4665-8316-69edf18d12bd/ already exists.
./circuit_plots/Unrestricted Disentangled|Readout|CN=3|B0=3|B1=3|K=1280|L=320|p_B=0.75|p_C=0.75|B=2|eps=0|c5cf5f29-0828-4665-8316-69edf18d12bd/ already exists.
Epoch: 7850, Loss: 5.672841548919678
Test acc: 0.0742, IC acc: 0.1008, IC acc2: 0.0027, IW acc: 0.004
Epoch: 7851, Loss: 5.654603004455566
Epoch: 7852, Loss: 5.64811897277832
Epoch: 7853, Loss: 5.6576995849609375
Epoch: 7854, Loss: 5.647637844085693
Epoch: 7855, Loss: 5.650062561035156
Epoch: 7856, Loss: 5.6403913497924805
Epoch: 7857, Loss: 5.638175010681152
Epoch: 7858, Loss: 5.648900032043457
Epoch: 7859, Loss: 5.654758453369141
Epoch: 7860, Loss: 5.663877010345459
Test acc: 0.0748, IC acc: 0.1006, IC acc2: 0.0027, IW acc: 0.004
Epoch: 7861, Loss: 5.652412414550781
Epoch: 7862, Loss: 5.64632511138916
Epoch: 7863, Loss: 5.647979736328125
Epoch: 7864, Loss: 5.648845195770264
Epoch: 7865, Loss: 5.65624475479126
Epoch: 7866, Loss: 5.66065788269043
Epoch: 7867, Loss: 5.658571720123291
Epoch: 7868, Loss: 5.619223594665527
Epoch: 7869, Loss: 5.636568069458008
Epoch: 7870, Loss: 5.669271469116211
Test acc: 0.0747, IC acc: 0.1011, IC acc2: 0.0027, IW acc: 0.004
Epoch: 7871, Loss: 5.647897720336914
Epoch: 7872, Loss: 5.654461860656738
Epoch: 7873, Loss: 5.670891761779785
Epoch: 7874, Loss: 5.671693801879883
Epoch: 7875, Loss: 5.661983966827393
Epoch: 7876, Loss: 5.670221328735352
Epoch: 7877, Loss: 5.658263683319092
Epoch: 7878, Loss: 5.657141208648682
Epoch: 7879, Loss: 5.643146991729736
Epoch: 7880, Loss: 5.6571197509765625
Test acc: 0.075, IC acc: 0.1014, IC acc2: 0.0027, IW acc: 0.004
Epoch: 7881, Loss: 5.66566276550293
Epoch: 7882, Loss: 5.64391565322876
Epoch: 7883, Loss: 5.641266822814941
Epoch: 7884, Loss: 5.641960144042969
Epoch: 7885, Loss: 5.6715264320373535
Epoch: 7886, Loss: 5.666386604309082
Epoch: 7887, Loss: 5.647765636444092
Epoch: 7888, Loss: 5.650824069976807
Epoch: 7889, Loss: 5.630107879638672
Epoch: 7890, Loss: 5.649064064025879
Test acc: 0.075, IC acc: 0.1017, IC acc2: 0.0028, IW acc: 0.004
Epoch: 7891, Loss: 5.659489631652832
Epoch: 7892, Loss: 5.650324821472168
Epoch: 7893, Loss: 5.633477210998535
Epoch: 7894, Loss: 5.648144721984863
Epoch: 7895, Loss: 5.636539459228516
Epoch: 7896, Loss: 5.63510274887085
Epoch: 7897, Loss: 5.627236366271973
Epoch: 7898, Loss: 5.65352201461792
Epoch: 7899, Loss: 5.625957489013672
./circuit_plots/Unrestricted Disentangled|Readout|CN=3|B0=3|B1=3|K=1280|L=320|p_B=0.75|p_C=0.75|B=2|eps=0|c5cf5f29-0828-4665-8316-69edf18d12bd/ already exists.
./circuit_plots/Unrestricted Disentangled|Readout|CN=3|B0=3|B1=3|K=1280|L=320|p_B=0.75|p_C=0.75|B=2|eps=0|c5cf5f29-0828-4665-8316-69edf18d12bd/ already exists.
./circuit_plots/Unrestricted Disentangled|Readout|CN=3|B0=3|B1=3|K=1280|L=320|p_B=0.75|p_C=0.75|B=2|eps=0|c5cf5f29-0828-4665-8316-69edf18d12bd/ already exists.
./circuit_plots/Unrestricted Disentangled|Readout|CN=3|B0=3|B1=3|K=1280|L=320|p_B=0.75|p_C=0.75|B=2|eps=0|c5cf5f29-0828-4665-8316-69edf18d12bd/ already exists.
./circuit_plots/Unrestricted Disentangled|Readout|CN=3|B0=3|B1=3|K=1280|L=320|p_B=0.75|p_C=0.75|B=2|eps=0|c5cf5f29-0828-4665-8316-69edf18d12bd/ already exists.
./circuit_plots/Unrestricted Disentangled|Readout|CN=3|B0=3|B1=3|K=1280|L=320|p_B=0.75|p_C=0.75|B=2|eps=0|c5cf5f29-0828-4665-8316-69edf18d12bd/ already exists.
./circuit_plots/Unrestricted Disentangled|Readout|CN=3|B0=3|B1=3|K=1280|L=320|p_B=0.75|p_C=0.75|B=2|eps=0|c5cf5f29-0828-4665-8316-69edf18d12bd/ already exists.
Epoch: 7900, Loss: 5.672069549560547
Test acc: 0.0752, IC acc: 0.102, IC acc2: 0.0027, IW acc: 0.004
Epoch: 7901, Loss: 5.645543098449707
Epoch: 7902, Loss: 5.664672374725342
Epoch: 7903, Loss: 5.655688762664795
Epoch: 7904, Loss: 5.654550552368164
Epoch: 7905, Loss: 5.660152435302734
Epoch: 7906, Loss: 5.651401042938232
Epoch: 7907, Loss: 5.664205551147461
Epoch: 7908, Loss: 5.655610084533691
Epoch: 7909, Loss: 5.68536376953125
Epoch: 7910, Loss: 5.681151390075684
Test acc: 0.0758, IC acc: 0.1022, IC acc2: 0.0027, IW acc: 0.004
Epoch: 7911, Loss: 5.653347969055176
Epoch: 7912, Loss: 5.640781402587891
Epoch: 7913, Loss: 5.664113998413086
Epoch: 7914, Loss: 5.636501312255859
Epoch: 7915, Loss: 5.670367240905762
Epoch: 7916, Loss: 5.6474456787109375
Epoch: 7917, Loss: 5.647146224975586
Epoch: 7918, Loss: 5.669218063354492
Epoch: 7919, Loss: 5.66800594329834
Epoch: 7920, Loss: 5.633378028869629
Test acc: 0.0757, IC acc: 0.1024, IC acc2: 0.0027, IW acc: 0.004
Epoch: 7921, Loss: 5.648361682891846
Epoch: 7922, Loss: 5.643660545349121
Epoch: 7923, Loss: 5.648687362670898
Epoch: 7924, Loss: 5.652026653289795
Epoch: 7925, Loss: 5.632435321807861
Epoch: 7926, Loss: 5.658552169799805
Epoch: 7927, Loss: 5.6628828048706055
Epoch: 7928, Loss: 5.671146392822266
Epoch: 7929, Loss: 5.621529579162598
Epoch: 7930, Loss: 5.639064788818359
Test acc: 0.0761, IC acc: 0.1035, IC acc2: 0.0027, IW acc: 0.004
Epoch: 7931, Loss: 5.6700639724731445
Epoch: 7932, Loss: 5.669699192047119
Epoch: 7933, Loss: 5.655764102935791
Epoch: 7934, Loss: 5.6450276374816895
Epoch: 7935, Loss: 5.656473159790039
Epoch: 7936, Loss: 5.632084369659424
Epoch: 7937, Loss: 5.6306657791137695
Epoch: 7938, Loss: 5.650008201599121
Epoch: 7939, Loss: 5.62443208694458
Epoch: 7940, Loss: 5.687822341918945
Test acc: 0.076, IC acc: 0.1032, IC acc2: 0.0027, IW acc: 0.004
Epoch: 7941, Loss: 5.669123649597168
Epoch: 7942, Loss: 5.6653032302856445
Epoch: 7943, Loss: 5.6583757400512695
Epoch: 7944, Loss: 5.651567459106445
Epoch: 7945, Loss: 5.668943405151367
Epoch: 7946, Loss: 5.678823471069336
Epoch: 7947, Loss: 5.633125305175781
Epoch: 7948, Loss: 5.655341625213623
Epoch: 7949, Loss: 5.622760772705078
./circuit_plots/Unrestricted Disentangled|Readout|CN=3|B0=3|B1=3|K=1280|L=320|p_B=0.75|p_C=0.75|B=2|eps=0|c5cf5f29-0828-4665-8316-69edf18d12bd/ already exists.
./circuit_plots/Unrestricted Disentangled|Readout|CN=3|B0=3|B1=3|K=1280|L=320|p_B=0.75|p_C=0.75|B=2|eps=0|c5cf5f29-0828-4665-8316-69edf18d12bd/ already exists.
./circuit_plots/Unrestricted Disentangled|Readout|CN=3|B0=3|B1=3|K=1280|L=320|p_B=0.75|p_C=0.75|B=2|eps=0|c5cf5f29-0828-4665-8316-69edf18d12bd/ already exists.
./circuit_plots/Unrestricted Disentangled|Readout|CN=3|B0=3|B1=3|K=1280|L=320|p_B=0.75|p_C=0.75|B=2|eps=0|c5cf5f29-0828-4665-8316-69edf18d12bd/ already exists.
./circuit_plots/Unrestricted Disentangled|Readout|CN=3|B0=3|B1=3|K=1280|L=320|p_B=0.75|p_C=0.75|B=2|eps=0|c5cf5f29-0828-4665-8316-69edf18d12bd/ already exists.
./circuit_plots/Unrestricted Disentangled|Readout|CN=3|B0=3|B1=3|K=1280|L=320|p_B=0.75|p_C=0.75|B=2|eps=0|c5cf5f29-0828-4665-8316-69edf18d12bd/ already exists.
./circuit_plots/Unrestricted Disentangled|Readout|CN=3|B0=3|B1=3|K=1280|L=320|p_B=0.75|p_C=0.75|B=2|eps=0|c5cf5f29-0828-4665-8316-69edf18d12bd/ already exists.
Epoch: 7950, Loss: 5.645425796508789
Test acc: 0.0762, IC acc: 0.1033, IC acc2: 0.0027, IW acc: 0.0041
Epoch: 7951, Loss: 5.665230751037598
Epoch: 7952, Loss: 5.658009052276611
Epoch: 7953, Loss: 5.64036226272583
Epoch: 7954, Loss: 5.644464015960693
Epoch: 7955, Loss: 5.65712833404541
Epoch: 7956, Loss: 5.633074760437012
Epoch: 7957, Loss: 5.644254684448242
Epoch: 7958, Loss: 5.654110431671143
Epoch: 7959, Loss: 5.654895782470703
Epoch: 7960, Loss: 5.666077613830566
Test acc: 0.0767, IC acc: 0.1037, IC acc2: 0.0028, IW acc: 0.004
Epoch: 7961, Loss: 5.645654678344727
Epoch: 7962, Loss: 5.637718200683594
Epoch: 7963, Loss: 5.659648418426514
Epoch: 7964, Loss: 5.666128635406494
Epoch: 7965, Loss: 5.6377716064453125
Epoch: 7966, Loss: 5.644705772399902
Epoch: 7967, Loss: 5.663882255554199
Epoch: 7968, Loss: 5.631777763366699
Epoch: 7969, Loss: 5.667649745941162
Epoch: 7970, Loss: 5.666214942932129
Test acc: 0.0769, IC acc: 0.104, IC acc2: 0.0027, IW acc: 0.0041
Epoch: 7971, Loss: 5.631816864013672
Epoch: 7972, Loss: 5.6314167976379395
Epoch: 7973, Loss: 5.676802635192871
Epoch: 7974, Loss: 5.641566276550293
Epoch: 7975, Loss: 5.656739234924316
Epoch: 7976, Loss: 5.65438175201416
Epoch: 7977, Loss: 5.653081893920898
Epoch: 7978, Loss: 5.6600494384765625
Epoch: 7979, Loss: 5.652700424194336
Epoch: 7980, Loss: 5.6641387939453125
Test acc: 0.0769, IC acc: 0.1047, IC acc2: 0.0029, IW acc: 0.0041
Epoch: 7981, Loss: 5.657491683959961
Epoch: 7982, Loss: 5.6440582275390625
Epoch: 7983, Loss: 5.6400041580200195
Epoch: 7984, Loss: 5.659901142120361
Epoch: 7985, Loss: 5.659043312072754
Epoch: 7986, Loss: 5.647056579589844
Epoch: 7987, Loss: 5.633281230926514
Epoch: 7988, Loss: 5.652425765991211
Epoch: 7989, Loss: 5.621384143829346
Epoch: 7990, Loss: 5.660038948059082
Test acc: 0.0773, IC acc: 0.105, IC acc2: 0.0029, IW acc: 0.0041
Epoch: 7991, Loss: 5.639544486999512
Epoch: 7992, Loss: 5.637377738952637
Epoch: 7993, Loss: 5.686750411987305
Epoch: 7994, Loss: 5.64625883102417
Epoch: 7995, Loss: 5.646450042724609
Epoch: 7996, Loss: 5.673593997955322
Epoch: 7997, Loss: 5.642832279205322
Epoch: 7998, Loss: 5.64402961730957
Epoch: 7999, Loss: 5.653720855712891
./circuit_plots/Unrestricted Disentangled|Readout|CN=3|B0=3|B1=3|K=1280|L=320|p_B=0.75|p_C=0.75|B=2|eps=0|c5cf5f29-0828-4665-8316-69edf18d12bd/ already exists.
./circuit_plots/Unrestricted Disentangled|Readout|CN=3|B0=3|B1=3|K=1280|L=320|p_B=0.75|p_C=0.75|B=2|eps=0|c5cf5f29-0828-4665-8316-69edf18d12bd/ already exists.
./circuit_plots/Unrestricted Disentangled|Readout|CN=3|B0=3|B1=3|K=1280|L=320|p_B=0.75|p_C=0.75|B=2|eps=0|c5cf5f29-0828-4665-8316-69edf18d12bd/ already exists.
./circuit_plots/Unrestricted Disentangled|Readout|CN=3|B0=3|B1=3|K=1280|L=320|p_B=0.75|p_C=0.75|B=2|eps=0|c5cf5f29-0828-4665-8316-69edf18d12bd/ already exists.
./circuit_plots/Unrestricted Disentangled|Readout|CN=3|B0=3|B1=3|K=1280|L=320|p_B=0.75|p_C=0.75|B=2|eps=0|c5cf5f29-0828-4665-8316-69edf18d12bd/ already exists.
./circuit_plots/Unrestricted Disentangled|Readout|CN=3|B0=3|B1=3|K=1280|L=320|p_B=0.75|p_C=0.75|B=2|eps=0|c5cf5f29-0828-4665-8316-69edf18d12bd/ already exists.
./circuit_plots/Unrestricted Disentangled|Readout|CN=3|B0=3|B1=3|K=1280|L=320|p_B=0.75|p_C=0.75|B=2|eps=0|c5cf5f29-0828-4665-8316-69edf18d12bd/ already exists.
Epoch: 8000, Loss: 5.647751808166504
Test acc: 0.0771, IC acc: 0.1047, IC acc2: 0.003, IW acc: 0.0041
Epoch: 8001, Loss: 5.654373645782471
Epoch: 8002, Loss: 5.678478717803955
Epoch: 8003, Loss: 5.636202812194824
Epoch: 8004, Loss: 5.652189254760742
Epoch: 8005, Loss: 5.637215614318848
Epoch: 8006, Loss: 5.673178672790527
Epoch: 8007, Loss: 5.650519371032715
Epoch: 8008, Loss: 5.659237384796143
Epoch: 8009, Loss: 5.6713972091674805
Epoch: 8010, Loss: 5.650998115539551
Test acc: 0.0776, IC acc: 0.105, IC acc2: 0.0029, IW acc: 0.0041
Epoch: 8011, Loss: 5.635176658630371
Epoch: 8012, Loss: 5.636713981628418
Epoch: 8013, Loss: 5.679477691650391
Epoch: 8014, Loss: 5.667669296264648
Epoch: 8015, Loss: 5.647355556488037
Epoch: 8016, Loss: 5.655099868774414
Epoch: 8017, Loss: 5.654280662536621
Epoch: 8018, Loss: 5.6844024658203125
Epoch: 8019, Loss: 5.634374618530273
Epoch: 8020, Loss: 5.671046257019043
Test acc: 0.0782, IC acc: 0.1051, IC acc2: 0.003, IW acc: 0.0041
Epoch: 8021, Loss: 5.658657550811768
Epoch: 8022, Loss: 5.6691107749938965
Epoch: 8023, Loss: 5.64285945892334
Epoch: 8024, Loss: 5.654437065124512
Epoch: 8025, Loss: 5.6606125831604
Epoch: 8026, Loss: 5.639025688171387
Epoch: 8027, Loss: 5.645407676696777
Epoch: 8028, Loss: 5.621819496154785
Epoch: 8029, Loss: 5.652419090270996
Epoch: 8030, Loss: 5.672351837158203
Test acc: 0.0783, IC acc: 0.1055, IC acc2: 0.0029, IW acc: 0.0041
Epoch: 8031, Loss: 5.634415626525879
Epoch: 8032, Loss: 5.643599033355713
Epoch: 8033, Loss: 5.6726579666137695
Epoch: 8034, Loss: 5.67608642578125
Epoch: 8035, Loss: 5.633557319641113
Epoch: 8036, Loss: 5.663693428039551
Epoch: 8037, Loss: 5.654671669006348
Epoch: 8038, Loss: 5.662168502807617
Epoch: 8039, Loss: 5.646357536315918
Epoch: 8040, Loss: 5.675286293029785
Test acc: 0.0783, IC acc: 0.1059, IC acc2: 0.003, IW acc: 0.0041
Epoch: 8041, Loss: 5.681321144104004
Epoch: 8042, Loss: 5.66286563873291
Epoch: 8043, Loss: 5.632990837097168
Epoch: 8044, Loss: 5.635174751281738
Epoch: 8045, Loss: 5.646531581878662
Epoch: 8046, Loss: 5.664677619934082
Epoch: 8047, Loss: 5.66059684753418
Epoch: 8048, Loss: 5.681602478027344
Epoch: 8049, Loss: 5.668190956115723
./circuit_plots/Unrestricted Disentangled|Readout|CN=3|B0=3|B1=3|K=1280|L=320|p_B=0.75|p_C=0.75|B=2|eps=0|c5cf5f29-0828-4665-8316-69edf18d12bd/ already exists.
./circuit_plots/Unrestricted Disentangled|Readout|CN=3|B0=3|B1=3|K=1280|L=320|p_B=0.75|p_C=0.75|B=2|eps=0|c5cf5f29-0828-4665-8316-69edf18d12bd/ already exists.
./circuit_plots/Unrestricted Disentangled|Readout|CN=3|B0=3|B1=3|K=1280|L=320|p_B=0.75|p_C=0.75|B=2|eps=0|c5cf5f29-0828-4665-8316-69edf18d12bd/ already exists.
./circuit_plots/Unrestricted Disentangled|Readout|CN=3|B0=3|B1=3|K=1280|L=320|p_B=0.75|p_C=0.75|B=2|eps=0|c5cf5f29-0828-4665-8316-69edf18d12bd/ already exists.
./circuit_plots/Unrestricted Disentangled|Readout|CN=3|B0=3|B1=3|K=1280|L=320|p_B=0.75|p_C=0.75|B=2|eps=0|c5cf5f29-0828-4665-8316-69edf18d12bd/ already exists.
./circuit_plots/Unrestricted Disentangled|Readout|CN=3|B0=3|B1=3|K=1280|L=320|p_B=0.75|p_C=0.75|B=2|eps=0|c5cf5f29-0828-4665-8316-69edf18d12bd/ already exists.
./circuit_plots/Unrestricted Disentangled|Readout|CN=3|B0=3|B1=3|K=1280|L=320|p_B=0.75|p_C=0.75|B=2|eps=0|c5cf5f29-0828-4665-8316-69edf18d12bd/ already exists.
Epoch: 8050, Loss: 5.641634941101074
Test acc: 0.0782, IC acc: 0.1058, IC acc2: 0.0029, IW acc: 0.0042
Epoch: 8051, Loss: 5.641369819641113
Epoch: 8052, Loss: 5.673933506011963
Epoch: 8053, Loss: 5.672613143920898
Epoch: 8054, Loss: 5.6512556076049805
Epoch: 8055, Loss: 5.658852577209473
Epoch: 8056, Loss: 5.64049768447876
Epoch: 8057, Loss: 5.671277046203613
Epoch: 8058, Loss: 5.639518737792969
Epoch: 8059, Loss: 5.648963928222656
Epoch: 8060, Loss: 5.681537628173828
Test acc: 0.0783, IC acc: 0.106, IC acc2: 0.003, IW acc: 0.0042
Epoch: 8061, Loss: 5.66814661026001
Epoch: 8062, Loss: 5.6188459396362305
Epoch: 8063, Loss: 5.64875602722168
Epoch: 8064, Loss: 5.678433418273926
Epoch: 8065, Loss: 5.660189151763916
Epoch: 8066, Loss: 5.641108989715576
Epoch: 8067, Loss: 5.649929046630859
Epoch: 8068, Loss: 5.664339065551758
Epoch: 8069, Loss: 5.625235557556152
Epoch: 8070, Loss: 5.6729254722595215
Test acc: 0.0786, IC acc: 0.1068, IC acc2: 0.0029, IW acc: 0.0042
Epoch: 8071, Loss: 5.636443138122559
Epoch: 8072, Loss: 5.645895004272461
Epoch: 8073, Loss: 5.66610050201416
Epoch: 8074, Loss: 5.635139465332031
Epoch: 8075, Loss: 5.632205009460449
Epoch: 8076, Loss: 5.661826133728027
Epoch: 8077, Loss: 5.671412467956543
Epoch: 8078, Loss: 5.636868000030518
Epoch: 8079, Loss: 5.646275520324707
Epoch: 8080, Loss: 5.692432403564453
Test acc: 0.0789, IC acc: 0.1066, IC acc2: 0.0029, IW acc: 0.0042
Epoch: 8081, Loss: 5.646203517913818
Epoch: 8082, Loss: 5.6266984939575195
Epoch: 8083, Loss: 5.659476280212402
Epoch: 8084, Loss: 5.629555702209473
Epoch: 8085, Loss: 5.636414527893066
Epoch: 8086, Loss: 5.65549373626709
Epoch: 8087, Loss: 5.639616966247559
Epoch: 8088, Loss: 5.67806339263916
Epoch: 8089, Loss: 5.643893241882324
Epoch: 8090, Loss: 5.632418155670166
Test acc: 0.0792, IC acc: 0.1063, IC acc2: 0.0028, IW acc: 0.0042
Epoch: 8091, Loss: 5.628427982330322
Epoch: 8092, Loss: 5.670403480529785
Epoch: 8093, Loss: 5.650653839111328
Epoch: 8094, Loss: 5.6502275466918945
Epoch: 8095, Loss: 5.6535325050354
Epoch: 8096, Loss: 5.6392621994018555
Epoch: 8097, Loss: 5.643962383270264
Epoch: 8098, Loss: 5.655900478363037
Epoch: 8099, Loss: 5.654407024383545
./circuit_plots/Unrestricted Disentangled|Readout|CN=3|B0=3|B1=3|K=1280|L=320|p_B=0.75|p_C=0.75|B=2|eps=0|c5cf5f29-0828-4665-8316-69edf18d12bd/ already exists.
./circuit_plots/Unrestricted Disentangled|Readout|CN=3|B0=3|B1=3|K=1280|L=320|p_B=0.75|p_C=0.75|B=2|eps=0|c5cf5f29-0828-4665-8316-69edf18d12bd/ already exists.
./circuit_plots/Unrestricted Disentangled|Readout|CN=3|B0=3|B1=3|K=1280|L=320|p_B=0.75|p_C=0.75|B=2|eps=0|c5cf5f29-0828-4665-8316-69edf18d12bd/ already exists.
./circuit_plots/Unrestricted Disentangled|Readout|CN=3|B0=3|B1=3|K=1280|L=320|p_B=0.75|p_C=0.75|B=2|eps=0|c5cf5f29-0828-4665-8316-69edf18d12bd/ already exists.
./circuit_plots/Unrestricted Disentangled|Readout|CN=3|B0=3|B1=3|K=1280|L=320|p_B=0.75|p_C=0.75|B=2|eps=0|c5cf5f29-0828-4665-8316-69edf18d12bd/ already exists.
./circuit_plots/Unrestricted Disentangled|Readout|CN=3|B0=3|B1=3|K=1280|L=320|p_B=0.75|p_C=0.75|B=2|eps=0|c5cf5f29-0828-4665-8316-69edf18d12bd/ already exists.
./circuit_plots/Unrestricted Disentangled|Readout|CN=3|B0=3|B1=3|K=1280|L=320|p_B=0.75|p_C=0.75|B=2|eps=0|c5cf5f29-0828-4665-8316-69edf18d12bd/ already exists.
Epoch: 8100, Loss: 5.662750244140625
Test acc: 0.0795, IC acc: 0.107, IC acc2: 0.0029, IW acc: 0.0041
Epoch: 8101, Loss: 5.6560163497924805
Epoch: 8102, Loss: 5.6534929275512695
Epoch: 8103, Loss: 5.6541643142700195
Epoch: 8104, Loss: 5.643773555755615
Epoch: 8105, Loss: 5.634036064147949
Epoch: 8106, Loss: 5.65892219543457
Epoch: 8107, Loss: 5.656411170959473
Epoch: 8108, Loss: 5.651446342468262
Epoch: 8109, Loss: 5.64910888671875
Epoch: 8110, Loss: 5.6289472579956055
Test acc: 0.0801, IC acc: 0.1072, IC acc2: 0.0029, IW acc: 0.0041
Epoch: 8111, Loss: 5.628570556640625
Epoch: 8112, Loss: 5.665083885192871
Epoch: 8113, Loss: 5.660813331604004
Epoch: 8114, Loss: 5.637679576873779
Epoch: 8115, Loss: 5.637071132659912
Epoch: 8116, Loss: 5.675561428070068
Epoch: 8117, Loss: 5.662829399108887
Epoch: 8118, Loss: 5.654686450958252
Epoch: 8119, Loss: 5.644681930541992
Epoch: 8120, Loss: 5.635323524475098
Test acc: 0.08, IC acc: 0.1073, IC acc2: 0.0029, IW acc: 0.0041
Epoch: 8121, Loss: 5.65228271484375
Epoch: 8122, Loss: 5.664520263671875
Epoch: 8123, Loss: 5.646528720855713
Epoch: 8124, Loss: 5.655115127563477
Epoch: 8125, Loss: 5.654084205627441
Epoch: 8126, Loss: 5.635289192199707
Epoch: 8127, Loss: 5.663167476654053
Epoch: 8128, Loss: 5.642701148986816
Epoch: 8129, Loss: 5.648095607757568
Epoch: 8130, Loss: 5.650059700012207
Test acc: 0.0806, IC acc: 0.1078, IC acc2: 0.0029, IW acc: 0.0042
Epoch: 8131, Loss: 5.669114589691162
Epoch: 8132, Loss: 5.634835243225098
Epoch: 8133, Loss: 5.638520240783691
Epoch: 8134, Loss: 5.643380165100098
Epoch: 8135, Loss: 5.630773544311523
Epoch: 8136, Loss: 5.660158157348633
Epoch: 8137, Loss: 5.666769504547119
Epoch: 8138, Loss: 5.651460647583008
Epoch: 8139, Loss: 5.649405479431152
Epoch: 8140, Loss: 5.638127326965332
Test acc: 0.0807, IC acc: 0.1074, IC acc2: 0.0029, IW acc: 0.0041
Epoch: 8141, Loss: 5.655717849731445
Epoch: 8142, Loss: 5.665968418121338
Epoch: 8143, Loss: 5.646318435668945
Epoch: 8144, Loss: 5.672849655151367
Epoch: 8145, Loss: 5.65503454208374
Epoch: 8146, Loss: 5.637591361999512
Epoch: 8147, Loss: 5.652374744415283
Epoch: 8148, Loss: 5.64704704284668
Epoch: 8149, Loss: 5.664700508117676
./circuit_plots/Unrestricted Disentangled|Readout|CN=3|B0=3|B1=3|K=1280|L=320|p_B=0.75|p_C=0.75|B=2|eps=0|c5cf5f29-0828-4665-8316-69edf18d12bd/ already exists.
./circuit_plots/Unrestricted Disentangled|Readout|CN=3|B0=3|B1=3|K=1280|L=320|p_B=0.75|p_C=0.75|B=2|eps=0|c5cf5f29-0828-4665-8316-69edf18d12bd/ already exists.
./circuit_plots/Unrestricted Disentangled|Readout|CN=3|B0=3|B1=3|K=1280|L=320|p_B=0.75|p_C=0.75|B=2|eps=0|c5cf5f29-0828-4665-8316-69edf18d12bd/ already exists.
./circuit_plots/Unrestricted Disentangled|Readout|CN=3|B0=3|B1=3|K=1280|L=320|p_B=0.75|p_C=0.75|B=2|eps=0|c5cf5f29-0828-4665-8316-69edf18d12bd/ already exists.
./circuit_plots/Unrestricted Disentangled|Readout|CN=3|B0=3|B1=3|K=1280|L=320|p_B=0.75|p_C=0.75|B=2|eps=0|c5cf5f29-0828-4665-8316-69edf18d12bd/ already exists.
./circuit_plots/Unrestricted Disentangled|Readout|CN=3|B0=3|B1=3|K=1280|L=320|p_B=0.75|p_C=0.75|B=2|eps=0|c5cf5f29-0828-4665-8316-69edf18d12bd/ already exists.
./circuit_plots/Unrestricted Disentangled|Readout|CN=3|B0=3|B1=3|K=1280|L=320|p_B=0.75|p_C=0.75|B=2|eps=0|c5cf5f29-0828-4665-8316-69edf18d12bd/ already exists.
Epoch: 8150, Loss: 5.660713195800781
Test acc: 0.0809, IC acc: 0.1077, IC acc2: 0.003, IW acc: 0.0041
Epoch: 8151, Loss: 5.634012222290039
Epoch: 8152, Loss: 5.647322177886963
Epoch: 8153, Loss: 5.639778137207031
Epoch: 8154, Loss: 5.670558929443359
Epoch: 8155, Loss: 5.6570353507995605
Epoch: 8156, Loss: 5.658302307128906
Epoch: 8157, Loss: 5.656711578369141
Epoch: 8158, Loss: 5.64204216003418
Epoch: 8159, Loss: 5.654630661010742
Epoch: 8160, Loss: 5.6655755043029785
Test acc: 0.0809, IC acc: 0.1082, IC acc2: 0.003, IW acc: 0.0041
Epoch: 8161, Loss: 5.64914608001709
Epoch: 8162, Loss: 5.652867317199707
Epoch: 8163, Loss: 5.604663848876953
Epoch: 8164, Loss: 5.631975173950195
Epoch: 8165, Loss: 5.646810531616211
Epoch: 8166, Loss: 5.660213947296143
Epoch: 8167, Loss: 5.626736164093018
Epoch: 8168, Loss: 5.668122291564941
Epoch: 8169, Loss: 5.647848129272461
Epoch: 8170, Loss: 5.660181522369385
Test acc: 0.0811, IC acc: 0.1086, IC acc2: 0.003, IW acc: 0.0041
Epoch: 8171, Loss: 5.650549411773682
Epoch: 8172, Loss: 5.658083915710449
Epoch: 8173, Loss: 5.662450790405273
Epoch: 8174, Loss: 5.642965316772461
Epoch: 8175, Loss: 5.643095016479492
Epoch: 8176, Loss: 5.666240215301514
Epoch: 8177, Loss: 5.6792192459106445
Epoch: 8178, Loss: 5.643118858337402
Epoch: 8179, Loss: 5.66098690032959
Epoch: 8180, Loss: 5.653571605682373
Test acc: 0.0809, IC acc: 0.1086, IC acc2: 0.003, IW acc: 0.0042
Epoch: 8181, Loss: 5.625864028930664
Epoch: 8182, Loss: 5.65090799331665
Epoch: 8183, Loss: 5.647260665893555
Epoch: 8184, Loss: 5.647352695465088
Epoch: 8185, Loss: 5.636070728302002
Epoch: 8186, Loss: 5.614689826965332
Epoch: 8187, Loss: 5.630621910095215
Epoch: 8188, Loss: 5.684528350830078
Epoch: 8189, Loss: 5.646699905395508
Epoch: 8190, Loss: 5.6461358070373535
Test acc: 0.0813, IC acc: 0.109, IC acc2: 0.003, IW acc: 0.0042
Epoch: 8191, Loss: 5.656803607940674
Epoch: 8192, Loss: 5.6441450119018555
Epoch: 8193, Loss: 5.680817127227783
Epoch: 8194, Loss: 5.661382675170898
Epoch: 8195, Loss: 5.6418137550354
Epoch: 8196, Loss: 5.6597580909729
Epoch: 8197, Loss: 5.641534805297852
Epoch: 8198, Loss: 5.628696918487549
Epoch: 8199, Loss: 5.675815582275391
./circuit_plots/Unrestricted Disentangled|Readout|CN=3|B0=3|B1=3|K=1280|L=320|p_B=0.75|p_C=0.75|B=2|eps=0|c5cf5f29-0828-4665-8316-69edf18d12bd/ already exists.
./circuit_plots/Unrestricted Disentangled|Readout|CN=3|B0=3|B1=3|K=1280|L=320|p_B=0.75|p_C=0.75|B=2|eps=0|c5cf5f29-0828-4665-8316-69edf18d12bd/ already exists.
./circuit_plots/Unrestricted Disentangled|Readout|CN=3|B0=3|B1=3|K=1280|L=320|p_B=0.75|p_C=0.75|B=2|eps=0|c5cf5f29-0828-4665-8316-69edf18d12bd/ already exists.
./circuit_plots/Unrestricted Disentangled|Readout|CN=3|B0=3|B1=3|K=1280|L=320|p_B=0.75|p_C=0.75|B=2|eps=0|c5cf5f29-0828-4665-8316-69edf18d12bd/ already exists.
./circuit_plots/Unrestricted Disentangled|Readout|CN=3|B0=3|B1=3|K=1280|L=320|p_B=0.75|p_C=0.75|B=2|eps=0|c5cf5f29-0828-4665-8316-69edf18d12bd/ already exists.
./circuit_plots/Unrestricted Disentangled|Readout|CN=3|B0=3|B1=3|K=1280|L=320|p_B=0.75|p_C=0.75|B=2|eps=0|c5cf5f29-0828-4665-8316-69edf18d12bd/ already exists.
./circuit_plots/Unrestricted Disentangled|Readout|CN=3|B0=3|B1=3|K=1280|L=320|p_B=0.75|p_C=0.75|B=2|eps=0|c5cf5f29-0828-4665-8316-69edf18d12bd/ already exists.
Epoch: 8200, Loss: 5.6303019523620605
Test acc: 0.0813, IC acc: 0.1094, IC acc2: 0.0031, IW acc: 0.0042
Epoch: 8201, Loss: 5.642075061798096
Epoch: 8202, Loss: 5.646934509277344
Epoch: 8203, Loss: 5.677524566650391
Epoch: 8204, Loss: 5.671518802642822
Epoch: 8205, Loss: 5.648263454437256
Epoch: 8206, Loss: 5.638120174407959
Epoch: 8207, Loss: 5.643842697143555
Epoch: 8208, Loss: 5.631828308105469
Epoch: 8209, Loss: 5.6486687660217285
Epoch: 8210, Loss: 5.635365009307861
Test acc: 0.0814, IC acc: 0.1093, IC acc2: 0.0031, IW acc: 0.0042
Epoch: 8211, Loss: 5.624863147735596
Epoch: 8212, Loss: 5.674710750579834
Epoch: 8213, Loss: 5.676926612854004
Epoch: 8214, Loss: 5.652252674102783
Epoch: 8215, Loss: 5.644420146942139
Epoch: 8216, Loss: 5.638937473297119
Epoch: 8217, Loss: 5.6468024253845215
Epoch: 8218, Loss: 5.6399641036987305
Epoch: 8219, Loss: 5.663430213928223
Epoch: 8220, Loss: 5.662692070007324
Test acc: 0.0815, IC acc: 0.1096, IC acc2: 0.0031, IW acc: 0.0042
Epoch: 8221, Loss: 5.643899917602539
Epoch: 8222, Loss: 5.649401664733887
Epoch: 8223, Loss: 5.64984130859375
Epoch: 8224, Loss: 5.6392598152160645
Epoch: 8225, Loss: 5.625020503997803
Epoch: 8226, Loss: 5.642867088317871
Epoch: 8227, Loss: 5.632482051849365
Epoch: 8228, Loss: 5.656394958496094
Epoch: 8229, Loss: 5.6351423263549805
Epoch: 8230, Loss: 5.642618179321289
Test acc: 0.0817, IC acc: 0.1097, IC acc2: 0.0031, IW acc: 0.0042
Epoch: 8231, Loss: 5.643921852111816
Epoch: 8232, Loss: 5.630997657775879
Epoch: 8233, Loss: 5.647316932678223
Epoch: 8234, Loss: 5.644381046295166
Epoch: 8235, Loss: 5.65733528137207
Epoch: 8236, Loss: 5.632471084594727
Epoch: 8237, Loss: 5.644862174987793
Epoch: 8238, Loss: 5.653545379638672
Epoch: 8239, Loss: 5.654778957366943
Epoch: 8240, Loss: 5.663845062255859
Test acc: 0.0823, IC acc: 0.1101, IC acc2: 0.0031, IW acc: 0.0041
Epoch: 8241, Loss: 5.65105676651001
Epoch: 8242, Loss: 5.632216453552246
Epoch: 8243, Loss: 5.649741172790527
Epoch: 8244, Loss: 5.639033794403076
Epoch: 8245, Loss: 5.658457279205322
Epoch: 8246, Loss: 5.647078037261963
Epoch: 8247, Loss: 5.637191295623779
Epoch: 8248, Loss: 5.6597161293029785
Epoch: 8249, Loss: 5.646800994873047
./circuit_plots/Unrestricted Disentangled|Readout|CN=3|B0=3|B1=3|K=1280|L=320|p_B=0.75|p_C=0.75|B=2|eps=0|c5cf5f29-0828-4665-8316-69edf18d12bd/ already exists.
./circuit_plots/Unrestricted Disentangled|Readout|CN=3|B0=3|B1=3|K=1280|L=320|p_B=0.75|p_C=0.75|B=2|eps=0|c5cf5f29-0828-4665-8316-69edf18d12bd/ already exists.
./circuit_plots/Unrestricted Disentangled|Readout|CN=3|B0=3|B1=3|K=1280|L=320|p_B=0.75|p_C=0.75|B=2|eps=0|c5cf5f29-0828-4665-8316-69edf18d12bd/ already exists.
./circuit_plots/Unrestricted Disentangled|Readout|CN=3|B0=3|B1=3|K=1280|L=320|p_B=0.75|p_C=0.75|B=2|eps=0|c5cf5f29-0828-4665-8316-69edf18d12bd/ already exists.
./circuit_plots/Unrestricted Disentangled|Readout|CN=3|B0=3|B1=3|K=1280|L=320|p_B=0.75|p_C=0.75|B=2|eps=0|c5cf5f29-0828-4665-8316-69edf18d12bd/ already exists.
./circuit_plots/Unrestricted Disentangled|Readout|CN=3|B0=3|B1=3|K=1280|L=320|p_B=0.75|p_C=0.75|B=2|eps=0|c5cf5f29-0828-4665-8316-69edf18d12bd/ already exists.
./circuit_plots/Unrestricted Disentangled|Readout|CN=3|B0=3|B1=3|K=1280|L=320|p_B=0.75|p_C=0.75|B=2|eps=0|c5cf5f29-0828-4665-8316-69edf18d12bd/ already exists.
Epoch: 8250, Loss: 5.652759552001953
Test acc: 0.083, IC acc: 0.1105, IC acc2: 0.003, IW acc: 0.0042
Epoch: 8251, Loss: 5.653688430786133
Epoch: 8252, Loss: 5.649796485900879
Epoch: 8253, Loss: 5.647060394287109
Epoch: 8254, Loss: 5.653674602508545
Epoch: 8255, Loss: 5.6564459800720215
Epoch: 8256, Loss: 5.662985801696777
Epoch: 8257, Loss: 5.640481948852539
Epoch: 8258, Loss: 5.651131629943848
Epoch: 8259, Loss: 5.626605987548828
Epoch: 8260, Loss: 5.631277561187744
Test acc: 0.0833, IC acc: 0.1108, IC acc2: 0.003, IW acc: 0.0042
Epoch: 8261, Loss: 5.659191131591797
Epoch: 8262, Loss: 5.653176784515381
Epoch: 8263, Loss: 5.642351150512695
Epoch: 8264, Loss: 5.641298770904541
Epoch: 8265, Loss: 5.634646415710449
Epoch: 8266, Loss: 5.647086143493652
Epoch: 8267, Loss: 5.627142906188965
Epoch: 8268, Loss: 5.646217346191406
Epoch: 8269, Loss: 5.6550703048706055
Epoch: 8270, Loss: 5.645010948181152
Test acc: 0.0834, IC acc: 0.1109, IC acc2: 0.003, IW acc: 0.0041
Epoch: 8271, Loss: 5.621004581451416
Epoch: 8272, Loss: 5.6496477127075195
Epoch: 8273, Loss: 5.64238166809082
Epoch: 8274, Loss: 5.646935939788818
Epoch: 8275, Loss: 5.674295425415039
Epoch: 8276, Loss: 5.637394905090332
Epoch: 8277, Loss: 5.639918327331543
Epoch: 8278, Loss: 5.667427062988281
Epoch: 8279, Loss: 5.656310558319092
Epoch: 8280, Loss: 5.667018890380859
Test acc: 0.0837, IC acc: 0.1108, IC acc2: 0.003, IW acc: 0.004
Epoch: 8281, Loss: 5.6406474113464355
Epoch: 8282, Loss: 5.6483893394470215
Epoch: 8283, Loss: 5.652266502380371
Epoch: 8284, Loss: 5.620505332946777
Epoch: 8285, Loss: 5.615601539611816
Epoch: 8286, Loss: 5.66719913482666
Epoch: 8287, Loss: 5.649315357208252
Epoch: 8288, Loss: 5.628690719604492
Epoch: 8289, Loss: 5.636189937591553
Epoch: 8290, Loss: 5.645129680633545
Test acc: 0.0841, IC acc: 0.1106, IC acc2: 0.003, IW acc: 0.0042
Epoch: 8291, Loss: 5.641610145568848
Epoch: 8292, Loss: 5.632085800170898
Epoch: 8293, Loss: 5.629940986633301
Epoch: 8294, Loss: 5.6162800788879395
Epoch: 8295, Loss: 5.665661811828613
Epoch: 8296, Loss: 5.643678665161133
Epoch: 8297, Loss: 5.627606391906738
Epoch: 8298, Loss: 5.662169933319092
Epoch: 8299, Loss: 5.653594017028809
./circuit_plots/Unrestricted Disentangled|Readout|CN=3|B0=3|B1=3|K=1280|L=320|p_B=0.75|p_C=0.75|B=2|eps=0|c5cf5f29-0828-4665-8316-69edf18d12bd/ already exists.
./circuit_plots/Unrestricted Disentangled|Readout|CN=3|B0=3|B1=3|K=1280|L=320|p_B=0.75|p_C=0.75|B=2|eps=0|c5cf5f29-0828-4665-8316-69edf18d12bd/ already exists.
./circuit_plots/Unrestricted Disentangled|Readout|CN=3|B0=3|B1=3|K=1280|L=320|p_B=0.75|p_C=0.75|B=2|eps=0|c5cf5f29-0828-4665-8316-69edf18d12bd/ already exists.
./circuit_plots/Unrestricted Disentangled|Readout|CN=3|B0=3|B1=3|K=1280|L=320|p_B=0.75|p_C=0.75|B=2|eps=0|c5cf5f29-0828-4665-8316-69edf18d12bd/ already exists.
./circuit_plots/Unrestricted Disentangled|Readout|CN=3|B0=3|B1=3|K=1280|L=320|p_B=0.75|p_C=0.75|B=2|eps=0|c5cf5f29-0828-4665-8316-69edf18d12bd/ already exists.
./circuit_plots/Unrestricted Disentangled|Readout|CN=3|B0=3|B1=3|K=1280|L=320|p_B=0.75|p_C=0.75|B=2|eps=0|c5cf5f29-0828-4665-8316-69edf18d12bd/ already exists.
./circuit_plots/Unrestricted Disentangled|Readout|CN=3|B0=3|B1=3|K=1280|L=320|p_B=0.75|p_C=0.75|B=2|eps=0|c5cf5f29-0828-4665-8316-69edf18d12bd/ already exists.
Epoch: 8300, Loss: 5.63234281539917
Test acc: 0.0843, IC acc: 0.1106, IC acc2: 0.003, IW acc: 0.0041
Epoch: 8301, Loss: 5.653956413269043
Epoch: 8302, Loss: 5.661299705505371
Epoch: 8303, Loss: 5.667171001434326
Epoch: 8304, Loss: 5.654223918914795
Epoch: 8305, Loss: 5.65869140625
Epoch: 8306, Loss: 5.641375541687012
Epoch: 8307, Loss: 5.641780853271484
Epoch: 8308, Loss: 5.647233963012695
Epoch: 8309, Loss: 5.632692813873291
Epoch: 8310, Loss: 5.62735652923584
Test acc: 0.0845, IC acc: 0.1106, IC acc2: 0.003, IW acc: 0.0041
Epoch: 8311, Loss: 5.6415114402771
Epoch: 8312, Loss: 5.639044761657715
Epoch: 8313, Loss: 5.632575988769531
Epoch: 8314, Loss: 5.661660194396973
Epoch: 8315, Loss: 5.685220718383789
Epoch: 8316, Loss: 5.655027389526367
Epoch: 8317, Loss: 5.6068925857543945
Epoch: 8318, Loss: 5.656389236450195
Epoch: 8319, Loss: 5.63714599609375
Epoch: 8320, Loss: 5.650051593780518
Test acc: 0.0847, IC acc: 0.1107, IC acc2: 0.003, IW acc: 0.0041
Epoch: 8321, Loss: 5.6364288330078125
Epoch: 8322, Loss: 5.660698890686035
Epoch: 8323, Loss: 5.665172576904297
Epoch: 8324, Loss: 5.629919052124023
Epoch: 8325, Loss: 5.659108638763428
Epoch: 8326, Loss: 5.667762756347656
Epoch: 8327, Loss: 5.6537017822265625
Epoch: 8328, Loss: 5.641171932220459
Epoch: 8329, Loss: 5.6367082595825195
Epoch: 8330, Loss: 5.629849910736084
Test acc: 0.0847, IC acc: 0.111, IC acc2: 0.003, IW acc: 0.0041
Epoch: 8331, Loss: 5.648928642272949
Epoch: 8332, Loss: 5.6421709060668945
Epoch: 8333, Loss: 5.646445274353027
Epoch: 8334, Loss: 5.634729385375977
Epoch: 8335, Loss: 5.647177219390869
Epoch: 8336, Loss: 5.645717620849609
Epoch: 8337, Loss: 5.642399311065674
Epoch: 8338, Loss: 5.661753177642822
Epoch: 8339, Loss: 5.636753082275391
Epoch: 8340, Loss: 5.665823936462402
Test acc: 0.0852, IC acc: 0.1114, IC acc2: 0.003, IW acc: 0.0042
Epoch: 8341, Loss: 5.6443376541137695
Epoch: 8342, Loss: 5.647220611572266
Epoch: 8343, Loss: 5.659765720367432
Epoch: 8344, Loss: 5.648252487182617
Epoch: 8345, Loss: 5.655577659606934
Epoch: 8346, Loss: 5.633684158325195
Epoch: 8347, Loss: 5.677059173583984
Epoch: 8348, Loss: 5.656881809234619
Epoch: 8349, Loss: 5.639115810394287
./circuit_plots/Unrestricted Disentangled|Readout|CN=3|B0=3|B1=3|K=1280|L=320|p_B=0.75|p_C=0.75|B=2|eps=0|c5cf5f29-0828-4665-8316-69edf18d12bd/ already exists.
./circuit_plots/Unrestricted Disentangled|Readout|CN=3|B0=3|B1=3|K=1280|L=320|p_B=0.75|p_C=0.75|B=2|eps=0|c5cf5f29-0828-4665-8316-69edf18d12bd/ already exists.
./circuit_plots/Unrestricted Disentangled|Readout|CN=3|B0=3|B1=3|K=1280|L=320|p_B=0.75|p_C=0.75|B=2|eps=0|c5cf5f29-0828-4665-8316-69edf18d12bd/ already exists.
./circuit_plots/Unrestricted Disentangled|Readout|CN=3|B0=3|B1=3|K=1280|L=320|p_B=0.75|p_C=0.75|B=2|eps=0|c5cf5f29-0828-4665-8316-69edf18d12bd/ already exists.
./circuit_plots/Unrestricted Disentangled|Readout|CN=3|B0=3|B1=3|K=1280|L=320|p_B=0.75|p_C=0.75|B=2|eps=0|c5cf5f29-0828-4665-8316-69edf18d12bd/ already exists.
./circuit_plots/Unrestricted Disentangled|Readout|CN=3|B0=3|B1=3|K=1280|L=320|p_B=0.75|p_C=0.75|B=2|eps=0|c5cf5f29-0828-4665-8316-69edf18d12bd/ already exists.
./circuit_plots/Unrestricted Disentangled|Readout|CN=3|B0=3|B1=3|K=1280|L=320|p_B=0.75|p_C=0.75|B=2|eps=0|c5cf5f29-0828-4665-8316-69edf18d12bd/ already exists.
Epoch: 8350, Loss: 5.635234355926514
Test acc: 0.0857, IC acc: 0.1116, IC acc2: 0.003, IW acc: 0.0041
Epoch: 8351, Loss: 5.634020805358887
Epoch: 8352, Loss: 5.642114162445068
Epoch: 8353, Loss: 5.620004177093506
Epoch: 8354, Loss: 5.652348518371582
Epoch: 8355, Loss: 5.64902400970459
Epoch: 8356, Loss: 5.655442714691162
Epoch: 8357, Loss: 5.649903297424316
Epoch: 8358, Loss: 5.637407302856445
Epoch: 8359, Loss: 5.634532928466797
Epoch: 8360, Loss: 5.649623870849609
Test acc: 0.0856, IC acc: 0.1119, IC acc2: 0.0029, IW acc: 0.0042
Epoch: 8361, Loss: 5.638233661651611
Epoch: 8362, Loss: 5.650672912597656
Epoch: 8363, Loss: 5.627422332763672
Epoch: 8364, Loss: 5.643098831176758
Epoch: 8365, Loss: 5.638585090637207
Epoch: 8366, Loss: 5.633803367614746
Epoch: 8367, Loss: 5.662253379821777
Epoch: 8368, Loss: 5.622696876525879
Epoch: 8369, Loss: 5.659920692443848
Epoch: 8370, Loss: 5.667828559875488
Test acc: 0.0857, IC acc: 0.1121, IC acc2: 0.0029, IW acc: 0.0042
Epoch: 8371, Loss: 5.639943599700928
Epoch: 8372, Loss: 5.644503116607666
Epoch: 8373, Loss: 5.638408660888672
Epoch: 8374, Loss: 5.632518291473389
Epoch: 8375, Loss: 5.640022277832031
Epoch: 8376, Loss: 5.662583351135254
Epoch: 8377, Loss: 5.635385036468506
Epoch: 8378, Loss: 5.660686492919922
Epoch: 8379, Loss: 5.63871955871582
Epoch: 8380, Loss: 5.662147521972656
Test acc: 0.0858, IC acc: 0.112, IC acc2: 0.0029, IW acc: 0.0041
Epoch: 8381, Loss: 5.631056785583496
Epoch: 8382, Loss: 5.654891014099121
Epoch: 8383, Loss: 5.621098041534424
Epoch: 8384, Loss: 5.627228736877441
Epoch: 8385, Loss: 5.629933834075928
Epoch: 8386, Loss: 5.637666702270508
Epoch: 8387, Loss: 5.65599250793457
Epoch: 8388, Loss: 5.629983901977539
Epoch: 8389, Loss: 5.652103424072266
Epoch: 8390, Loss: 5.65057373046875
Test acc: 0.0861, IC acc: 0.1124, IC acc2: 0.0028, IW acc: 0.0041
Epoch: 8391, Loss: 5.634015083312988
Epoch: 8392, Loss: 5.6351141929626465
Epoch: 8393, Loss: 5.641657829284668
Epoch: 8394, Loss: 5.645513534545898
Epoch: 8395, Loss: 5.634671688079834
Epoch: 8396, Loss: 5.657034397125244
Epoch: 8397, Loss: 5.652772903442383
Epoch: 8398, Loss: 5.647856712341309
Epoch: 8399, Loss: 5.64616584777832
./circuit_plots/Unrestricted Disentangled|Readout|CN=3|B0=3|B1=3|K=1280|L=320|p_B=0.75|p_C=0.75|B=2|eps=0|c5cf5f29-0828-4665-8316-69edf18d12bd/ already exists.
./circuit_plots/Unrestricted Disentangled|Readout|CN=3|B0=3|B1=3|K=1280|L=320|p_B=0.75|p_C=0.75|B=2|eps=0|c5cf5f29-0828-4665-8316-69edf18d12bd/ already exists.
./circuit_plots/Unrestricted Disentangled|Readout|CN=3|B0=3|B1=3|K=1280|L=320|p_B=0.75|p_C=0.75|B=2|eps=0|c5cf5f29-0828-4665-8316-69edf18d12bd/ already exists.
./circuit_plots/Unrestricted Disentangled|Readout|CN=3|B0=3|B1=3|K=1280|L=320|p_B=0.75|p_C=0.75|B=2|eps=0|c5cf5f29-0828-4665-8316-69edf18d12bd/ already exists.
./circuit_plots/Unrestricted Disentangled|Readout|CN=3|B0=3|B1=3|K=1280|L=320|p_B=0.75|p_C=0.75|B=2|eps=0|c5cf5f29-0828-4665-8316-69edf18d12bd/ already exists.
./circuit_plots/Unrestricted Disentangled|Readout|CN=3|B0=3|B1=3|K=1280|L=320|p_B=0.75|p_C=0.75|B=2|eps=0|c5cf5f29-0828-4665-8316-69edf18d12bd/ already exists.
./circuit_plots/Unrestricted Disentangled|Readout|CN=3|B0=3|B1=3|K=1280|L=320|p_B=0.75|p_C=0.75|B=2|eps=0|c5cf5f29-0828-4665-8316-69edf18d12bd/ already exists.
Epoch: 8400, Loss: 5.6491007804870605
Test acc: 0.0863, IC acc: 0.1126, IC acc2: 0.0029, IW acc: 0.0041
Epoch: 8401, Loss: 5.626406669616699
Epoch: 8402, Loss: 5.6426239013671875
Epoch: 8403, Loss: 5.65934944152832
Epoch: 8404, Loss: 5.643779754638672
Epoch: 8405, Loss: 5.654200553894043
Epoch: 8406, Loss: 5.655895233154297
Epoch: 8407, Loss: 5.641750812530518
Epoch: 8408, Loss: 5.6369547843933105
Epoch: 8409, Loss: 5.633109092712402
Epoch: 8410, Loss: 5.617706775665283
Test acc: 0.0865, IC acc: 0.1133, IC acc2: 0.0029, IW acc: 0.004
Epoch: 8411, Loss: 5.63124942779541
Epoch: 8412, Loss: 5.659451961517334
Epoch: 8413, Loss: 5.639795303344727
Epoch: 8414, Loss: 5.657256126403809
Epoch: 8415, Loss: 5.627133369445801
Epoch: 8416, Loss: 5.64809513092041
Epoch: 8417, Loss: 5.649371147155762
Epoch: 8418, Loss: 5.648603439331055
Epoch: 8419, Loss: 5.673612594604492
Epoch: 8420, Loss: 5.651111125946045
Test acc: 0.0866, IC acc: 0.1132, IC acc2: 0.0029, IW acc: 0.004
Epoch: 8421, Loss: 5.678178787231445
Epoch: 8422, Loss: 5.6500959396362305
Epoch: 8423, Loss: 5.646636962890625
Epoch: 8424, Loss: 5.6427321434021
Epoch: 8425, Loss: 5.655483245849609
Epoch: 8426, Loss: 5.666530609130859
Epoch: 8427, Loss: 5.644839286804199
Epoch: 8428, Loss: 5.620589256286621
Epoch: 8429, Loss: 5.636787414550781
Epoch: 8430, Loss: 5.638521194458008
Test acc: 0.0873, IC acc: 0.1138, IC acc2: 0.0028, IW acc: 0.004
Epoch: 8431, Loss: 5.636989593505859
Epoch: 8432, Loss: 5.611932754516602
Epoch: 8433, Loss: 5.644937038421631
Epoch: 8434, Loss: 5.653229713439941
Epoch: 8435, Loss: 5.657153606414795
Epoch: 8436, Loss: 5.653312683105469
Epoch: 8437, Loss: 5.654908180236816
Epoch: 8438, Loss: 5.675577163696289
Epoch: 8439, Loss: 5.6393327713012695
Epoch: 8440, Loss: 5.640625
Test acc: 0.0875, IC acc: 0.114, IC acc2: 0.0028, IW acc: 0.0041
Epoch: 8441, Loss: 5.63692569732666
Epoch: 8442, Loss: 5.618353843688965
Epoch: 8443, Loss: 5.665543556213379
Epoch: 8444, Loss: 5.624569416046143
Epoch: 8445, Loss: 5.623213291168213
Epoch: 8446, Loss: 5.671115875244141
Epoch: 8447, Loss: 5.679206848144531
Epoch: 8448, Loss: 5.623083114624023
Epoch: 8449, Loss: 5.631194591522217
./circuit_plots/Unrestricted Disentangled|Readout|CN=3|B0=3|B1=3|K=1280|L=320|p_B=0.75|p_C=0.75|B=2|eps=0|c5cf5f29-0828-4665-8316-69edf18d12bd/ already exists.
./circuit_plots/Unrestricted Disentangled|Readout|CN=3|B0=3|B1=3|K=1280|L=320|p_B=0.75|p_C=0.75|B=2|eps=0|c5cf5f29-0828-4665-8316-69edf18d12bd/ already exists.
./circuit_plots/Unrestricted Disentangled|Readout|CN=3|B0=3|B1=3|K=1280|L=320|p_B=0.75|p_C=0.75|B=2|eps=0|c5cf5f29-0828-4665-8316-69edf18d12bd/ already exists.
./circuit_plots/Unrestricted Disentangled|Readout|CN=3|B0=3|B1=3|K=1280|L=320|p_B=0.75|p_C=0.75|B=2|eps=0|c5cf5f29-0828-4665-8316-69edf18d12bd/ already exists.
./circuit_plots/Unrestricted Disentangled|Readout|CN=3|B0=3|B1=3|K=1280|L=320|p_B=0.75|p_C=0.75|B=2|eps=0|c5cf5f29-0828-4665-8316-69edf18d12bd/ already exists.
./circuit_plots/Unrestricted Disentangled|Readout|CN=3|B0=3|B1=3|K=1280|L=320|p_B=0.75|p_C=0.75|B=2|eps=0|c5cf5f29-0828-4665-8316-69edf18d12bd/ already exists.
./circuit_plots/Unrestricted Disentangled|Readout|CN=3|B0=3|B1=3|K=1280|L=320|p_B=0.75|p_C=0.75|B=2|eps=0|c5cf5f29-0828-4665-8316-69edf18d12bd/ already exists.
Epoch: 8450, Loss: 5.6282525062561035
Test acc: 0.0877, IC acc: 0.1142, IC acc2: 0.0029, IW acc: 0.0041
Epoch: 8451, Loss: 5.669501304626465
Epoch: 8452, Loss: 5.6435546875
Epoch: 8453, Loss: 5.655912399291992
Epoch: 8454, Loss: 5.630141258239746
Epoch: 8455, Loss: 5.658469200134277
Epoch: 8456, Loss: 5.637773513793945
Epoch: 8457, Loss: 5.649828910827637
Epoch: 8458, Loss: 5.653688430786133
Epoch: 8459, Loss: 5.627326965332031
Epoch: 8460, Loss: 5.664436340332031
Test acc: 0.088, IC acc: 0.1144, IC acc2: 0.0028, IW acc: 0.004
Epoch: 8461, Loss: 5.646101951599121
Epoch: 8462, Loss: 5.635836124420166
Epoch: 8463, Loss: 5.664186954498291
Epoch: 8464, Loss: 5.627706527709961
Epoch: 8465, Loss: 5.6356635093688965
Epoch: 8466, Loss: 5.664666652679443
Epoch: 8467, Loss: 5.629425525665283
Epoch: 8468, Loss: 5.665172576904297
Epoch: 8469, Loss: 5.6328125
Epoch: 8470, Loss: 5.655682563781738
Test acc: 0.088, IC acc: 0.1149, IC acc2: 0.0028, IW acc: 0.004
Epoch: 8471, Loss: 5.652204990386963
Epoch: 8472, Loss: 5.639096260070801
Epoch: 8473, Loss: 5.640090465545654
Epoch: 8474, Loss: 5.640082836151123
Epoch: 8475, Loss: 5.643826484680176
Epoch: 8476, Loss: 5.638165473937988
Epoch: 8477, Loss: 5.642895698547363
Epoch: 8478, Loss: 5.649496555328369
Epoch: 8479, Loss: 5.620284557342529
Epoch: 8480, Loss: 5.630921840667725
Test acc: 0.0882, IC acc: 0.1153, IC acc2: 0.0028, IW acc: 0.0041
Epoch: 8481, Loss: 5.643848419189453
Epoch: 8482, Loss: 5.634929656982422
Epoch: 8483, Loss: 5.6323347091674805
Epoch: 8484, Loss: 5.636401176452637
Epoch: 8485, Loss: 5.640395164489746
Epoch: 8486, Loss: 5.604606628417969
Epoch: 8487, Loss: 5.65252685546875
Epoch: 8488, Loss: 5.627457141876221
Epoch: 8489, Loss: 5.661683082580566
Epoch: 8490, Loss: 5.655768394470215
Test acc: 0.0887, IC acc: 0.1154, IC acc2: 0.0028, IW acc: 0.0041
Epoch: 8491, Loss: 5.645170211791992
Epoch: 8492, Loss: 5.642543792724609
Epoch: 8493, Loss: 5.620268821716309
Epoch: 8494, Loss: 5.642784118652344
Epoch: 8495, Loss: 5.661083221435547
Epoch: 8496, Loss: 5.642504692077637
Epoch: 8497, Loss: 5.644671440124512
Epoch: 8498, Loss: 5.631779670715332
Epoch: 8499, Loss: 5.630663871765137
./circuit_plots/Unrestricted Disentangled|Readout|CN=3|B0=3|B1=3|K=1280|L=320|p_B=0.75|p_C=0.75|B=2|eps=0|c5cf5f29-0828-4665-8316-69edf18d12bd/ already exists.
./circuit_plots/Unrestricted Disentangled|Readout|CN=3|B0=3|B1=3|K=1280|L=320|p_B=0.75|p_C=0.75|B=2|eps=0|c5cf5f29-0828-4665-8316-69edf18d12bd/ already exists.
./circuit_plots/Unrestricted Disentangled|Readout|CN=3|B0=3|B1=3|K=1280|L=320|p_B=0.75|p_C=0.75|B=2|eps=0|c5cf5f29-0828-4665-8316-69edf18d12bd/ already exists.
./circuit_plots/Unrestricted Disentangled|Readout|CN=3|B0=3|B1=3|K=1280|L=320|p_B=0.75|p_C=0.75|B=2|eps=0|c5cf5f29-0828-4665-8316-69edf18d12bd/ already exists.
./circuit_plots/Unrestricted Disentangled|Readout|CN=3|B0=3|B1=3|K=1280|L=320|p_B=0.75|p_C=0.75|B=2|eps=0|c5cf5f29-0828-4665-8316-69edf18d12bd/ already exists.
./circuit_plots/Unrestricted Disentangled|Readout|CN=3|B0=3|B1=3|K=1280|L=320|p_B=0.75|p_C=0.75|B=2|eps=0|c5cf5f29-0828-4665-8316-69edf18d12bd/ already exists.
./circuit_plots/Unrestricted Disentangled|Readout|CN=3|B0=3|B1=3|K=1280|L=320|p_B=0.75|p_C=0.75|B=2|eps=0|c5cf5f29-0828-4665-8316-69edf18d12bd/ already exists.
Epoch: 8500, Loss: 5.6517333984375
Test acc: 0.0888, IC acc: 0.1157, IC acc2: 0.0028, IW acc: 0.0041
Epoch: 8501, Loss: 5.652576446533203
Epoch: 8502, Loss: 5.649263381958008
Epoch: 8503, Loss: 5.629269123077393
Epoch: 8504, Loss: 5.630495071411133
Epoch: 8505, Loss: 5.62176513671875
Epoch: 8506, Loss: 5.62288761138916
Epoch: 8507, Loss: 5.64558219909668
Epoch: 8508, Loss: 5.638079643249512
Epoch: 8509, Loss: 5.642460823059082
Epoch: 8510, Loss: 5.630640506744385
Test acc: 0.089, IC acc: 0.116, IC acc2: 0.0028, IW acc: 0.0041
Epoch: 8511, Loss: 5.620769500732422
Epoch: 8512, Loss: 5.6268310546875
Epoch: 8513, Loss: 5.6427717208862305
Epoch: 8514, Loss: 5.670940399169922
Epoch: 8515, Loss: 5.643782615661621
Epoch: 8516, Loss: 5.65287446975708
Epoch: 8517, Loss: 5.636193752288818
Epoch: 8518, Loss: 5.63547420501709
Epoch: 8519, Loss: 5.651778221130371
Epoch: 8520, Loss: 5.661055564880371
Test acc: 0.0893, IC acc: 0.1161, IC acc2: 0.0028, IW acc: 0.004
Epoch: 8521, Loss: 5.654633522033691
Epoch: 8522, Loss: 5.641287803649902
Epoch: 8523, Loss: 5.6725873947143555
Epoch: 8524, Loss: 5.638090133666992
Epoch: 8525, Loss: 5.632780075073242
Epoch: 8526, Loss: 5.6491546630859375
Epoch: 8527, Loss: 5.632883071899414
Epoch: 8528, Loss: 5.62235164642334
Epoch: 8529, Loss: 5.657634735107422
Epoch: 8530, Loss: 5.648169040679932
Test acc: 0.0895, IC acc: 0.1159, IC acc2: 0.0028, IW acc: 0.004
Epoch: 8531, Loss: 5.629245758056641
Epoch: 8532, Loss: 5.639715194702148
Epoch: 8533, Loss: 5.623379707336426
Epoch: 8534, Loss: 5.635683059692383
Epoch: 8535, Loss: 5.647825241088867
Epoch: 8536, Loss: 5.639264106750488
Epoch: 8537, Loss: 5.646417617797852
Epoch: 8538, Loss: 5.644766330718994
Epoch: 8539, Loss: 5.628710746765137
Epoch: 8540, Loss: 5.637850761413574
Test acc: 0.0894, IC acc: 0.1163, IC acc2: 0.0028, IW acc: 0.0041
Epoch: 8541, Loss: 5.658773899078369
Epoch: 8542, Loss: 5.641683578491211
Epoch: 8543, Loss: 5.629794597625732
Epoch: 8544, Loss: 5.633358478546143
Epoch: 8545, Loss: 5.659773826599121
Epoch: 8546, Loss: 5.645412445068359
Epoch: 8547, Loss: 5.640244483947754
Epoch: 8548, Loss: 5.615811347961426
Epoch: 8549, Loss: 5.642002105712891
./circuit_plots/Unrestricted Disentangled|Readout|CN=3|B0=3|B1=3|K=1280|L=320|p_B=0.75|p_C=0.75|B=2|eps=0|c5cf5f29-0828-4665-8316-69edf18d12bd/ already exists.
./circuit_plots/Unrestricted Disentangled|Readout|CN=3|B0=3|B1=3|K=1280|L=320|p_B=0.75|p_C=0.75|B=2|eps=0|c5cf5f29-0828-4665-8316-69edf18d12bd/ already exists.
./circuit_plots/Unrestricted Disentangled|Readout|CN=3|B0=3|B1=3|K=1280|L=320|p_B=0.75|p_C=0.75|B=2|eps=0|c5cf5f29-0828-4665-8316-69edf18d12bd/ already exists.
./circuit_plots/Unrestricted Disentangled|Readout|CN=3|B0=3|B1=3|K=1280|L=320|p_B=0.75|p_C=0.75|B=2|eps=0|c5cf5f29-0828-4665-8316-69edf18d12bd/ already exists.
./circuit_plots/Unrestricted Disentangled|Readout|CN=3|B0=3|B1=3|K=1280|L=320|p_B=0.75|p_C=0.75|B=2|eps=0|c5cf5f29-0828-4665-8316-69edf18d12bd/ already exists.
./circuit_plots/Unrestricted Disentangled|Readout|CN=3|B0=3|B1=3|K=1280|L=320|p_B=0.75|p_C=0.75|B=2|eps=0|c5cf5f29-0828-4665-8316-69edf18d12bd/ already exists.
./circuit_plots/Unrestricted Disentangled|Readout|CN=3|B0=3|B1=3|K=1280|L=320|p_B=0.75|p_C=0.75|B=2|eps=0|c5cf5f29-0828-4665-8316-69edf18d12bd/ already exists.
Epoch: 8550, Loss: 5.633184432983398
Test acc: 0.0895, IC acc: 0.1167, IC acc2: 0.0028, IW acc: 0.004
Epoch: 8551, Loss: 5.652398586273193
Epoch: 8552, Loss: 5.631963729858398
Epoch: 8553, Loss: 5.637877464294434
Epoch: 8554, Loss: 5.651092529296875
Epoch: 8555, Loss: 5.632655143737793
Epoch: 8556, Loss: 5.650684833526611
Epoch: 8557, Loss: 5.638607025146484
Epoch: 8558, Loss: 5.662728309631348
Epoch: 8559, Loss: 5.649209976196289
Epoch: 8560, Loss: 5.631571292877197
Test acc: 0.0899, IC acc: 0.1164, IC acc2: 0.0028, IW acc: 0.0039
Epoch: 8561, Loss: 5.6571879386901855
Epoch: 8562, Loss: 5.660013198852539
Epoch: 8563, Loss: 5.646173477172852
Epoch: 8564, Loss: 5.660841464996338
Epoch: 8565, Loss: 5.647205829620361
Epoch: 8566, Loss: 5.627824783325195
Epoch: 8567, Loss: 5.623845100402832
Epoch: 8568, Loss: 5.641680717468262
Epoch: 8569, Loss: 5.6541290283203125
Epoch: 8570, Loss: 5.64202880859375
Test acc: 0.0905, IC acc: 0.117, IC acc2: 0.0028, IW acc: 0.004
Epoch: 8571, Loss: 5.632021427154541
Epoch: 8572, Loss: 5.636163234710693
Epoch: 8573, Loss: 5.64592170715332
Epoch: 8574, Loss: 5.643398284912109
Epoch: 8575, Loss: 5.653095245361328
Epoch: 8576, Loss: 5.644667625427246
Epoch: 8577, Loss: 5.637789249420166
Epoch: 8578, Loss: 5.639904022216797
Epoch: 8579, Loss: 5.623587608337402
Epoch: 8580, Loss: 5.650594234466553
Test acc: 0.0907, IC acc: 0.1169, IC acc2: 0.0028, IW acc: 0.004
Epoch: 8581, Loss: 5.637818813323975
Epoch: 8582, Loss: 5.614895820617676
Epoch: 8583, Loss: 5.626917839050293
Epoch: 8584, Loss: 5.654136657714844
Epoch: 8585, Loss: 5.629394054412842
Epoch: 8586, Loss: 5.644341945648193
Epoch: 8587, Loss: 5.6446685791015625
Epoch: 8588, Loss: 5.6655497550964355
Epoch: 8589, Loss: 5.648280620574951
Epoch: 8590, Loss: 5.629421234130859
Test acc: 0.0907, IC acc: 0.1168, IC acc2: 0.0028, IW acc: 0.004
Epoch: 8591, Loss: 5.625866889953613
Epoch: 8592, Loss: 5.6479387283325195
Epoch: 8593, Loss: 5.645917892456055
Epoch: 8594, Loss: 5.633841514587402
Epoch: 8595, Loss: 5.646684646606445
Epoch: 8596, Loss: 5.641532897949219
Epoch: 8597, Loss: 5.623353004455566
Epoch: 8598, Loss: 5.630701065063477
Epoch: 8599, Loss: 5.631516933441162
./circuit_plots/Unrestricted Disentangled|Readout|CN=3|B0=3|B1=3|K=1280|L=320|p_B=0.75|p_C=0.75|B=2|eps=0|c5cf5f29-0828-4665-8316-69edf18d12bd/ already exists.
./circuit_plots/Unrestricted Disentangled|Readout|CN=3|B0=3|B1=3|K=1280|L=320|p_B=0.75|p_C=0.75|B=2|eps=0|c5cf5f29-0828-4665-8316-69edf18d12bd/ already exists.
./circuit_plots/Unrestricted Disentangled|Readout|CN=3|B0=3|B1=3|K=1280|L=320|p_B=0.75|p_C=0.75|B=2|eps=0|c5cf5f29-0828-4665-8316-69edf18d12bd/ already exists.
./circuit_plots/Unrestricted Disentangled|Readout|CN=3|B0=3|B1=3|K=1280|L=320|p_B=0.75|p_C=0.75|B=2|eps=0|c5cf5f29-0828-4665-8316-69edf18d12bd/ already exists.
./circuit_plots/Unrestricted Disentangled|Readout|CN=3|B0=3|B1=3|K=1280|L=320|p_B=0.75|p_C=0.75|B=2|eps=0|c5cf5f29-0828-4665-8316-69edf18d12bd/ already exists.
./circuit_plots/Unrestricted Disentangled|Readout|CN=3|B0=3|B1=3|K=1280|L=320|p_B=0.75|p_C=0.75|B=2|eps=0|c5cf5f29-0828-4665-8316-69edf18d12bd/ already exists.
./circuit_plots/Unrestricted Disentangled|Readout|CN=3|B0=3|B1=3|K=1280|L=320|p_B=0.75|p_C=0.75|B=2|eps=0|c5cf5f29-0828-4665-8316-69edf18d12bd/ already exists.
Epoch: 8600, Loss: 5.643226623535156
Test acc: 0.0906, IC acc: 0.1173, IC acc2: 0.0028, IW acc: 0.004
Epoch: 8601, Loss: 5.640529632568359
Epoch: 8602, Loss: 5.660061836242676
Epoch: 8603, Loss: 5.632023334503174
Epoch: 8604, Loss: 5.637300491333008
Epoch: 8605, Loss: 5.650185585021973
Epoch: 8606, Loss: 5.650394439697266
Epoch: 8607, Loss: 5.625361442565918
Epoch: 8608, Loss: 5.633971214294434
Epoch: 8609, Loss: 5.631930351257324
Epoch: 8610, Loss: 5.6519575119018555
Test acc: 0.0909, IC acc: 0.1175, IC acc2: 0.0029, IW acc: 0.0041
Epoch: 8611, Loss: 5.617643356323242
Epoch: 8612, Loss: 5.651112079620361
Epoch: 8613, Loss: 5.639272689819336
Epoch: 8614, Loss: 5.626296043395996
Epoch: 8615, Loss: 5.629845142364502
Epoch: 8616, Loss: 5.6186065673828125
Epoch: 8617, Loss: 5.655355453491211
Epoch: 8618, Loss: 5.629080772399902
Epoch: 8619, Loss: 5.649386405944824
Epoch: 8620, Loss: 5.6231369972229
Test acc: 0.0912, IC acc: 0.1172, IC acc2: 0.0029, IW acc: 0.0041
Epoch: 8621, Loss: 5.647515296936035
Epoch: 8622, Loss: 5.64204740524292
Epoch: 8623, Loss: 5.6382551193237305
Epoch: 8624, Loss: 5.637906074523926
Epoch: 8625, Loss: 5.624347686767578
Epoch: 8626, Loss: 5.604818344116211
Epoch: 8627, Loss: 5.637537956237793
Epoch: 8628, Loss: 5.644613265991211
Epoch: 8629, Loss: 5.633766174316406
Epoch: 8630, Loss: 5.647039413452148
Test acc: 0.0913, IC acc: 0.1174, IC acc2: 0.0029, IW acc: 0.004
Epoch: 8631, Loss: 5.630709648132324
Epoch: 8632, Loss: 5.64959716796875
Epoch: 8633, Loss: 5.657902717590332
Epoch: 8634, Loss: 5.62285041809082
Epoch: 8635, Loss: 5.64389181137085
Epoch: 8636, Loss: 5.642451286315918
Epoch: 8637, Loss: 5.624965667724609
Epoch: 8638, Loss: 5.6555633544921875
Epoch: 8639, Loss: 5.638795375823975
Epoch: 8640, Loss: 5.6487884521484375
Test acc: 0.0915, IC acc: 0.1174, IC acc2: 0.0029, IW acc: 0.0039
Epoch: 8641, Loss: 5.656461715698242
Epoch: 8642, Loss: 5.631909370422363
Epoch: 8643, Loss: 5.628076076507568
Epoch: 8644, Loss: 5.659698486328125
Epoch: 8645, Loss: 5.635651111602783
Epoch: 8646, Loss: 5.632782936096191
Epoch: 8647, Loss: 5.644782066345215
Epoch: 8648, Loss: 5.631064414978027
Epoch: 8649, Loss: 5.6703081130981445
./circuit_plots/Unrestricted Disentangled|Readout|CN=3|B0=3|B1=3|K=1280|L=320|p_B=0.75|p_C=0.75|B=2|eps=0|c5cf5f29-0828-4665-8316-69edf18d12bd/ already exists.
./circuit_plots/Unrestricted Disentangled|Readout|CN=3|B0=3|B1=3|K=1280|L=320|p_B=0.75|p_C=0.75|B=2|eps=0|c5cf5f29-0828-4665-8316-69edf18d12bd/ already exists.
./circuit_plots/Unrestricted Disentangled|Readout|CN=3|B0=3|B1=3|K=1280|L=320|p_B=0.75|p_C=0.75|B=2|eps=0|c5cf5f29-0828-4665-8316-69edf18d12bd/ already exists.
./circuit_plots/Unrestricted Disentangled|Readout|CN=3|B0=3|B1=3|K=1280|L=320|p_B=0.75|p_C=0.75|B=2|eps=0|c5cf5f29-0828-4665-8316-69edf18d12bd/ already exists.
./circuit_plots/Unrestricted Disentangled|Readout|CN=3|B0=3|B1=3|K=1280|L=320|p_B=0.75|p_C=0.75|B=2|eps=0|c5cf5f29-0828-4665-8316-69edf18d12bd/ already exists.
./circuit_plots/Unrestricted Disentangled|Readout|CN=3|B0=3|B1=3|K=1280|L=320|p_B=0.75|p_C=0.75|B=2|eps=0|c5cf5f29-0828-4665-8316-69edf18d12bd/ already exists.
./circuit_plots/Unrestricted Disentangled|Readout|CN=3|B0=3|B1=3|K=1280|L=320|p_B=0.75|p_C=0.75|B=2|eps=0|c5cf5f29-0828-4665-8316-69edf18d12bd/ already exists.
Epoch: 8650, Loss: 5.627547740936279
Test acc: 0.0916, IC acc: 0.1183, IC acc2: 0.0029, IW acc: 0.0038
Epoch: 8651, Loss: 5.613652229309082
Epoch: 8652, Loss: 5.62747049331665
Epoch: 8653, Loss: 5.639545440673828
Epoch: 8654, Loss: 5.652108192443848
Epoch: 8655, Loss: 5.629846096038818
Epoch: 8656, Loss: 5.623894214630127
Epoch: 8657, Loss: 5.654944896697998
Epoch: 8658, Loss: 5.642958164215088
Epoch: 8659, Loss: 5.642516613006592
Epoch: 8660, Loss: 5.625102996826172
Test acc: 0.092, IC acc: 0.1186, IC acc2: 0.0029, IW acc: 0.004
Epoch: 8661, Loss: 5.646423816680908
Epoch: 8662, Loss: 5.640420913696289
Epoch: 8663, Loss: 5.624000072479248
Epoch: 8664, Loss: 5.646672248840332
Epoch: 8665, Loss: 5.636384010314941
Epoch: 8666, Loss: 5.635950088500977
Epoch: 8667, Loss: 5.623386383056641
Epoch: 8668, Loss: 5.6500067710876465
Epoch: 8669, Loss: 5.623042583465576
Epoch: 8670, Loss: 5.629932403564453
Test acc: 0.0926, IC acc: 0.1188, IC acc2: 0.0029, IW acc: 0.0039
Epoch: 8671, Loss: 5.652069568634033
Epoch: 8672, Loss: 5.621691703796387
Epoch: 8673, Loss: 5.662972450256348
Epoch: 8674, Loss: 5.637943744659424
Epoch: 8675, Loss: 5.6448163986206055
Epoch: 8676, Loss: 5.650328636169434
Epoch: 8677, Loss: 5.6405487060546875
Epoch: 8678, Loss: 5.647818565368652
Epoch: 8679, Loss: 5.634737014770508
Epoch: 8680, Loss: 5.630828380584717
Test acc: 0.093, IC acc: 0.1191, IC acc2: 0.0029, IW acc: 0.0038
Epoch: 8681, Loss: 5.63365364074707
Epoch: 8682, Loss: 5.649752616882324
Epoch: 8683, Loss: 5.629745960235596
Epoch: 8684, Loss: 5.632435321807861
Epoch: 8685, Loss: 5.6474409103393555
Epoch: 8686, Loss: 5.604372024536133
Epoch: 8687, Loss: 5.622262954711914
Epoch: 8688, Loss: 5.604578971862793
Epoch: 8689, Loss: 5.61344051361084
Epoch: 8690, Loss: 5.641503810882568
Test acc: 0.0927, IC acc: 0.119, IC acc2: 0.0029, IW acc: 0.0039
Epoch: 8691, Loss: 5.646060943603516
Epoch: 8692, Loss: 5.6291704177856445
Epoch: 8693, Loss: 5.669436931610107
Epoch: 8694, Loss: 5.653679370880127
Epoch: 8695, Loss: 5.636821269989014
Epoch: 8696, Loss: 5.655926704406738
Epoch: 8697, Loss: 5.630473613739014
Epoch: 8698, Loss: 5.634726047515869
Epoch: 8699, Loss: 5.636568069458008
./circuit_plots/Unrestricted Disentangled|Readout|CN=3|B0=3|B1=3|K=1280|L=320|p_B=0.75|p_C=0.75|B=2|eps=0|c5cf5f29-0828-4665-8316-69edf18d12bd/ already exists.
./circuit_plots/Unrestricted Disentangled|Readout|CN=3|B0=3|B1=3|K=1280|L=320|p_B=0.75|p_C=0.75|B=2|eps=0|c5cf5f29-0828-4665-8316-69edf18d12bd/ already exists.
./circuit_plots/Unrestricted Disentangled|Readout|CN=3|B0=3|B1=3|K=1280|L=320|p_B=0.75|p_C=0.75|B=2|eps=0|c5cf5f29-0828-4665-8316-69edf18d12bd/ already exists.
./circuit_plots/Unrestricted Disentangled|Readout|CN=3|B0=3|B1=3|K=1280|L=320|p_B=0.75|p_C=0.75|B=2|eps=0|c5cf5f29-0828-4665-8316-69edf18d12bd/ already exists.
./circuit_plots/Unrestricted Disentangled|Readout|CN=3|B0=3|B1=3|K=1280|L=320|p_B=0.75|p_C=0.75|B=2|eps=0|c5cf5f29-0828-4665-8316-69edf18d12bd/ already exists.
./circuit_plots/Unrestricted Disentangled|Readout|CN=3|B0=3|B1=3|K=1280|L=320|p_B=0.75|p_C=0.75|B=2|eps=0|c5cf5f29-0828-4665-8316-69edf18d12bd/ already exists.
./circuit_plots/Unrestricted Disentangled|Readout|CN=3|B0=3|B1=3|K=1280|L=320|p_B=0.75|p_C=0.75|B=2|eps=0|c5cf5f29-0828-4665-8316-69edf18d12bd/ already exists.
Epoch: 8700, Loss: 5.620182991027832
Test acc: 0.0931, IC acc: 0.1193, IC acc2: 0.0028, IW acc: 0.0039
Epoch: 8701, Loss: 5.65505313873291
Epoch: 8702, Loss: 5.648097991943359
Epoch: 8703, Loss: 5.649280548095703
Epoch: 8704, Loss: 5.64660120010376
Epoch: 8705, Loss: 5.628704071044922
Epoch: 8706, Loss: 5.627294540405273
Epoch: 8707, Loss: 5.647512912750244
Epoch: 8708, Loss: 5.627202033996582
Epoch: 8709, Loss: 5.629245281219482
Epoch: 8710, Loss: 5.64149808883667
Test acc: 0.0928, IC acc: 0.1197, IC acc2: 0.0029, IW acc: 0.0039
Epoch: 8711, Loss: 5.668900489807129
Epoch: 8712, Loss: 5.6285552978515625
Epoch: 8713, Loss: 5.62180757522583
Epoch: 8714, Loss: 5.64128303527832
Epoch: 8715, Loss: 5.650088310241699
Epoch: 8716, Loss: 5.6296796798706055
Epoch: 8717, Loss: 5.637177467346191
Epoch: 8718, Loss: 5.621407508850098
Epoch: 8719, Loss: 5.609177589416504
Epoch: 8720, Loss: 5.626504898071289
Test acc: 0.0929, IC acc: 0.1201, IC acc2: 0.0029, IW acc: 0.0039
Epoch: 8721, Loss: 5.656288146972656
Epoch: 8722, Loss: 5.634914398193359
Epoch: 8723, Loss: 5.628716468811035
Epoch: 8724, Loss: 5.653936386108398
Epoch: 8725, Loss: 5.632052421569824
Epoch: 8726, Loss: 5.644410133361816
Epoch: 8727, Loss: 5.631015300750732
Epoch: 8728, Loss: 5.637106418609619
Epoch: 8729, Loss: 5.640142440795898
Epoch: 8730, Loss: 5.658466339111328
Test acc: 0.0933, IC acc: 0.1202, IC acc2: 0.0029, IW acc: 0.0039
Epoch: 8731, Loss: 5.640045166015625
Epoch: 8732, Loss: 5.627141952514648
Epoch: 8733, Loss: 5.659968376159668
Epoch: 8734, Loss: 5.638567924499512
Epoch: 8735, Loss: 5.643017768859863
Epoch: 8736, Loss: 5.636664390563965
Epoch: 8737, Loss: 5.660004615783691
Epoch: 8738, Loss: 5.6055498123168945
Epoch: 8739, Loss: 5.645785331726074
Epoch: 8740, Loss: 5.660099983215332
Test acc: 0.0932, IC acc: 0.1199, IC acc2: 0.0029, IW acc: 0.0039
Epoch: 8741, Loss: 5.611383438110352
Epoch: 8742, Loss: 5.628398895263672
Epoch: 8743, Loss: 5.667336463928223
Epoch: 8744, Loss: 5.636102676391602
Epoch: 8745, Loss: 5.641067028045654
Epoch: 8746, Loss: 5.628890037536621
Epoch: 8747, Loss: 5.632393836975098
Epoch: 8748, Loss: 5.654535293579102
Epoch: 8749, Loss: 5.613746166229248
./circuit_plots/Unrestricted Disentangled|Readout|CN=3|B0=3|B1=3|K=1280|L=320|p_B=0.75|p_C=0.75|B=2|eps=0|c5cf5f29-0828-4665-8316-69edf18d12bd/ already exists.
./circuit_plots/Unrestricted Disentangled|Readout|CN=3|B0=3|B1=3|K=1280|L=320|p_B=0.75|p_C=0.75|B=2|eps=0|c5cf5f29-0828-4665-8316-69edf18d12bd/ already exists.
./circuit_plots/Unrestricted Disentangled|Readout|CN=3|B0=3|B1=3|K=1280|L=320|p_B=0.75|p_C=0.75|B=2|eps=0|c5cf5f29-0828-4665-8316-69edf18d12bd/ already exists.
./circuit_plots/Unrestricted Disentangled|Readout|CN=3|B0=3|B1=3|K=1280|L=320|p_B=0.75|p_C=0.75|B=2|eps=0|c5cf5f29-0828-4665-8316-69edf18d12bd/ already exists.
./circuit_plots/Unrestricted Disentangled|Readout|CN=3|B0=3|B1=3|K=1280|L=320|p_B=0.75|p_C=0.75|B=2|eps=0|c5cf5f29-0828-4665-8316-69edf18d12bd/ already exists.
./circuit_plots/Unrestricted Disentangled|Readout|CN=3|B0=3|B1=3|K=1280|L=320|p_B=0.75|p_C=0.75|B=2|eps=0|c5cf5f29-0828-4665-8316-69edf18d12bd/ already exists.
./circuit_plots/Unrestricted Disentangled|Readout|CN=3|B0=3|B1=3|K=1280|L=320|p_B=0.75|p_C=0.75|B=2|eps=0|c5cf5f29-0828-4665-8316-69edf18d12bd/ already exists.
Epoch: 8750, Loss: 5.6331024169921875
Test acc: 0.0934, IC acc: 0.1206, IC acc2: 0.0029, IW acc: 0.0039
Epoch: 8751, Loss: 5.6623640060424805
Epoch: 8752, Loss: 5.633469581604004
Epoch: 8753, Loss: 5.639751434326172
Epoch: 8754, Loss: 5.630947113037109
Epoch: 8755, Loss: 5.642963886260986
Epoch: 8756, Loss: 5.6543755531311035
Epoch: 8757, Loss: 5.623145580291748
Epoch: 8758, Loss: 5.638426780700684
Epoch: 8759, Loss: 5.634922027587891
Epoch: 8760, Loss: 5.62833309173584
Test acc: 0.0933, IC acc: 0.1205, IC acc2: 0.0029, IW acc: 0.0039
Epoch: 8761, Loss: 5.64583683013916
Epoch: 8762, Loss: 5.641630172729492
Epoch: 8763, Loss: 5.619785308837891
Epoch: 8764, Loss: 5.637009620666504
Epoch: 8765, Loss: 5.631770610809326
Epoch: 8766, Loss: 5.619250297546387
Epoch: 8767, Loss: 5.62540340423584
Epoch: 8768, Loss: 5.63652229309082
Epoch: 8769, Loss: 5.6183929443359375
Epoch: 8770, Loss: 5.647130012512207
Test acc: 0.0938, IC acc: 0.1208, IC acc2: 0.0029, IW acc: 0.0039
Epoch: 8771, Loss: 5.627310752868652
Epoch: 8772, Loss: 5.634922027587891
Epoch: 8773, Loss: 5.640355110168457
Epoch: 8774, Loss: 5.6095781326293945
Epoch: 8775, Loss: 5.625316619873047
Epoch: 8776, Loss: 5.646359920501709
Epoch: 8777, Loss: 5.6414361000061035
Epoch: 8778, Loss: 5.626842975616455
Epoch: 8779, Loss: 5.62367057800293
Epoch: 8780, Loss: 5.641230583190918
Test acc: 0.0939, IC acc: 0.1211, IC acc2: 0.0029, IW acc: 0.0039
Epoch: 8781, Loss: 5.626258850097656
Epoch: 8782, Loss: 5.650331974029541
Epoch: 8783, Loss: 5.654329776763916
Epoch: 8784, Loss: 5.654000282287598
Epoch: 8785, Loss: 5.606207847595215
Epoch: 8786, Loss: 5.639934539794922
Epoch: 8787, Loss: 5.6431121826171875
Epoch: 8788, Loss: 5.606265068054199
Epoch: 8789, Loss: 5.624383449554443
Epoch: 8790, Loss: 5.64693021774292
Test acc: 0.0938, IC acc: 0.1209, IC acc2: 0.0029, IW acc: 0.0039
Epoch: 8791, Loss: 5.633467674255371
Epoch: 8792, Loss: 5.621573448181152
Epoch: 8793, Loss: 5.645911693572998
Epoch: 8794, Loss: 5.665388107299805
Epoch: 8795, Loss: 5.618014812469482
Epoch: 8796, Loss: 5.6469831466674805
Epoch: 8797, Loss: 5.611164093017578
Epoch: 8798, Loss: 5.676074028015137
Epoch: 8799, Loss: 5.650196552276611
./circuit_plots/Unrestricted Disentangled|Readout|CN=3|B0=3|B1=3|K=1280|L=320|p_B=0.75|p_C=0.75|B=2|eps=0|c5cf5f29-0828-4665-8316-69edf18d12bd/ already exists.
./circuit_plots/Unrestricted Disentangled|Readout|CN=3|B0=3|B1=3|K=1280|L=320|p_B=0.75|p_C=0.75|B=2|eps=0|c5cf5f29-0828-4665-8316-69edf18d12bd/ already exists.
./circuit_plots/Unrestricted Disentangled|Readout|CN=3|B0=3|B1=3|K=1280|L=320|p_B=0.75|p_C=0.75|B=2|eps=0|c5cf5f29-0828-4665-8316-69edf18d12bd/ already exists.
./circuit_plots/Unrestricted Disentangled|Readout|CN=3|B0=3|B1=3|K=1280|L=320|p_B=0.75|p_C=0.75|B=2|eps=0|c5cf5f29-0828-4665-8316-69edf18d12bd/ already exists.
./circuit_plots/Unrestricted Disentangled|Readout|CN=3|B0=3|B1=3|K=1280|L=320|p_B=0.75|p_C=0.75|B=2|eps=0|c5cf5f29-0828-4665-8316-69edf18d12bd/ already exists.
./circuit_plots/Unrestricted Disentangled|Readout|CN=3|B0=3|B1=3|K=1280|L=320|p_B=0.75|p_C=0.75|B=2|eps=0|c5cf5f29-0828-4665-8316-69edf18d12bd/ already exists.
./circuit_plots/Unrestricted Disentangled|Readout|CN=3|B0=3|B1=3|K=1280|L=320|p_B=0.75|p_C=0.75|B=2|eps=0|c5cf5f29-0828-4665-8316-69edf18d12bd/ already exists.
Epoch: 8800, Loss: 5.659446716308594
Test acc: 0.094, IC acc: 0.1212, IC acc2: 0.0029, IW acc: 0.0039
Epoch: 8801, Loss: 5.637002944946289
Epoch: 8802, Loss: 5.632465362548828
Epoch: 8803, Loss: 5.649218559265137
Epoch: 8804, Loss: 5.634103775024414
Epoch: 8805, Loss: 5.624963283538818
Epoch: 8806, Loss: 5.6093010902404785
Epoch: 8807, Loss: 5.638108253479004
Epoch: 8808, Loss: 5.635554313659668
Epoch: 8809, Loss: 5.619922637939453
Epoch: 8810, Loss: 5.640995025634766
Test acc: 0.0941, IC acc: 0.1213, IC acc2: 0.0029, IW acc: 0.0039
Epoch: 8811, Loss: 5.6455230712890625
Epoch: 8812, Loss: 5.649040222167969
Epoch: 8813, Loss: 5.670132160186768
Epoch: 8814, Loss: 5.638628005981445
Epoch: 8815, Loss: 5.633986473083496
Epoch: 8816, Loss: 5.650824546813965
Epoch: 8817, Loss: 5.650732040405273
Epoch: 8818, Loss: 5.629356861114502
Epoch: 8819, Loss: 5.637261390686035
Epoch: 8820, Loss: 5.639416217803955
Test acc: 0.094, IC acc: 0.1214, IC acc2: 0.0029, IW acc: 0.0039
Epoch: 8821, Loss: 5.626755714416504
Epoch: 8822, Loss: 5.633872032165527
Epoch: 8823, Loss: 5.65139102935791
Epoch: 8824, Loss: 5.620826721191406
Epoch: 8825, Loss: 5.648543834686279
Epoch: 8826, Loss: 5.6468825340271
Epoch: 8827, Loss: 5.638151168823242
Epoch: 8828, Loss: 5.645654201507568
Epoch: 8829, Loss: 5.632346153259277
Epoch: 8830, Loss: 5.63170862197876
Test acc: 0.094, IC acc: 0.1218, IC acc2: 0.0029, IW acc: 0.0039
Epoch: 8831, Loss: 5.642847537994385
Epoch: 8832, Loss: 5.623050212860107
Epoch: 8833, Loss: 5.652305603027344
Epoch: 8834, Loss: 5.621370792388916
Epoch: 8835, Loss: 5.638864517211914
Epoch: 8836, Loss: 5.631847381591797
Epoch: 8837, Loss: 5.619741439819336
Epoch: 8838, Loss: 5.6309428215026855
Epoch: 8839, Loss: 5.635403633117676
Epoch: 8840, Loss: 5.631651401519775
Test acc: 0.094, IC acc: 0.1216, IC acc2: 0.0028, IW acc: 0.0039
Epoch: 8841, Loss: 5.613061428070068
Epoch: 8842, Loss: 5.625770568847656
Epoch: 8843, Loss: 5.637311935424805
Epoch: 8844, Loss: 5.618846416473389
Epoch: 8845, Loss: 5.641992568969727
Epoch: 8846, Loss: 5.669285774230957
Epoch: 8847, Loss: 5.647544860839844
Epoch: 8848, Loss: 5.632615089416504
Epoch: 8849, Loss: 5.645173072814941
./circuit_plots/Unrestricted Disentangled|Readout|CN=3|B0=3|B1=3|K=1280|L=320|p_B=0.75|p_C=0.75|B=2|eps=0|c5cf5f29-0828-4665-8316-69edf18d12bd/ already exists.
./circuit_plots/Unrestricted Disentangled|Readout|CN=3|B0=3|B1=3|K=1280|L=320|p_B=0.75|p_C=0.75|B=2|eps=0|c5cf5f29-0828-4665-8316-69edf18d12bd/ already exists.
./circuit_plots/Unrestricted Disentangled|Readout|CN=3|B0=3|B1=3|K=1280|L=320|p_B=0.75|p_C=0.75|B=2|eps=0|c5cf5f29-0828-4665-8316-69edf18d12bd/ already exists.
./circuit_plots/Unrestricted Disentangled|Readout|CN=3|B0=3|B1=3|K=1280|L=320|p_B=0.75|p_C=0.75|B=2|eps=0|c5cf5f29-0828-4665-8316-69edf18d12bd/ already exists.
./circuit_plots/Unrestricted Disentangled|Readout|CN=3|B0=3|B1=3|K=1280|L=320|p_B=0.75|p_C=0.75|B=2|eps=0|c5cf5f29-0828-4665-8316-69edf18d12bd/ already exists.
./circuit_plots/Unrestricted Disentangled|Readout|CN=3|B0=3|B1=3|K=1280|L=320|p_B=0.75|p_C=0.75|B=2|eps=0|c5cf5f29-0828-4665-8316-69edf18d12bd/ already exists.
./circuit_plots/Unrestricted Disentangled|Readout|CN=3|B0=3|B1=3|K=1280|L=320|p_B=0.75|p_C=0.75|B=2|eps=0|c5cf5f29-0828-4665-8316-69edf18d12bd/ already exists.
Epoch: 8850, Loss: 5.641546726226807
Test acc: 0.0942, IC acc: 0.1218, IC acc2: 0.0028, IW acc: 0.0039
Epoch: 8851, Loss: 5.6289825439453125
Epoch: 8852, Loss: 5.637554168701172
Epoch: 8853, Loss: 5.606287956237793
Epoch: 8854, Loss: 5.615495681762695
Epoch: 8855, Loss: 5.646811485290527
Epoch: 8856, Loss: 5.6433892250061035
Epoch: 8857, Loss: 5.623336315155029
Epoch: 8858, Loss: 5.649714946746826
Epoch: 8859, Loss: 5.638367176055908
Epoch: 8860, Loss: 5.613497734069824
Test acc: 0.0944, IC acc: 0.1221, IC acc2: 0.0028, IW acc: 0.0039
Epoch: 8861, Loss: 5.637832164764404
Epoch: 8862, Loss: 5.6660003662109375
Epoch: 8863, Loss: 5.654217720031738
Epoch: 8864, Loss: 5.626059055328369
Epoch: 8865, Loss: 5.644695281982422
Epoch: 8866, Loss: 5.643104553222656
Epoch: 8867, Loss: 5.632493019104004
Epoch: 8868, Loss: 5.641916275024414
Epoch: 8869, Loss: 5.65241003036499
Epoch: 8870, Loss: 5.63153076171875
Test acc: 0.0943, IC acc: 0.1222, IC acc2: 0.0027, IW acc: 0.0039
Epoch: 8871, Loss: 5.640360355377197
Epoch: 8872, Loss: 5.635894775390625
Epoch: 8873, Loss: 5.622281074523926
Epoch: 8874, Loss: 5.653258323669434
Epoch: 8875, Loss: 5.645313262939453
Epoch: 8876, Loss: 5.62894344329834
Epoch: 8877, Loss: 5.613349437713623
Epoch: 8878, Loss: 5.6309380531311035
Epoch: 8879, Loss: 5.609900951385498
Epoch: 8880, Loss: 5.644464492797852
Test acc: 0.0944, IC acc: 0.1225, IC acc2: 0.0027, IW acc: 0.0039
Epoch: 8881, Loss: 5.616091251373291
Epoch: 8882, Loss: 5.6322808265686035
Epoch: 8883, Loss: 5.630364894866943
Epoch: 8884, Loss: 5.638515949249268
Epoch: 8885, Loss: 5.613131999969482
Epoch: 8886, Loss: 5.617007255554199
Epoch: 8887, Loss: 5.635984897613525
Epoch: 8888, Loss: 5.630563259124756
Epoch: 8889, Loss: 5.640995025634766
Epoch: 8890, Loss: 5.615849494934082
Test acc: 0.0945, IC acc: 0.1227, IC acc2: 0.0027, IW acc: 0.0039
Epoch: 8891, Loss: 5.628273010253906
Epoch: 8892, Loss: 5.636033058166504
Epoch: 8893, Loss: 5.647520542144775
Epoch: 8894, Loss: 5.616971969604492
Epoch: 8895, Loss: 5.64423942565918
Epoch: 8896, Loss: 5.660721778869629
Epoch: 8897, Loss: 5.630059719085693
Epoch: 8898, Loss: 5.65109395980835
Epoch: 8899, Loss: 5.640144348144531
./circuit_plots/Unrestricted Disentangled|Readout|CN=3|B0=3|B1=3|K=1280|L=320|p_B=0.75|p_C=0.75|B=2|eps=0|c5cf5f29-0828-4665-8316-69edf18d12bd/ already exists.
./circuit_plots/Unrestricted Disentangled|Readout|CN=3|B0=3|B1=3|K=1280|L=320|p_B=0.75|p_C=0.75|B=2|eps=0|c5cf5f29-0828-4665-8316-69edf18d12bd/ already exists.
./circuit_plots/Unrestricted Disentangled|Readout|CN=3|B0=3|B1=3|K=1280|L=320|p_B=0.75|p_C=0.75|B=2|eps=0|c5cf5f29-0828-4665-8316-69edf18d12bd/ already exists.
./circuit_plots/Unrestricted Disentangled|Readout|CN=3|B0=3|B1=3|K=1280|L=320|p_B=0.75|p_C=0.75|B=2|eps=0|c5cf5f29-0828-4665-8316-69edf18d12bd/ already exists.
./circuit_plots/Unrestricted Disentangled|Readout|CN=3|B0=3|B1=3|K=1280|L=320|p_B=0.75|p_C=0.75|B=2|eps=0|c5cf5f29-0828-4665-8316-69edf18d12bd/ already exists.
./circuit_plots/Unrestricted Disentangled|Readout|CN=3|B0=3|B1=3|K=1280|L=320|p_B=0.75|p_C=0.75|B=2|eps=0|c5cf5f29-0828-4665-8316-69edf18d12bd/ already exists.
./circuit_plots/Unrestricted Disentangled|Readout|CN=3|B0=3|B1=3|K=1280|L=320|p_B=0.75|p_C=0.75|B=2|eps=0|c5cf5f29-0828-4665-8316-69edf18d12bd/ already exists.
Epoch: 8900, Loss: 5.636298179626465
Test acc: 0.0946, IC acc: 0.1228, IC acc2: 0.0027, IW acc: 0.0039
Epoch: 8901, Loss: 5.656486511230469
Epoch: 8902, Loss: 5.6514387130737305
Epoch: 8903, Loss: 5.637334823608398
Epoch: 8904, Loss: 5.625720024108887
Epoch: 8905, Loss: 5.646584987640381
Epoch: 8906, Loss: 5.640663146972656
Epoch: 8907, Loss: 5.629010200500488
Epoch: 8908, Loss: 5.626796722412109
Epoch: 8909, Loss: 5.620382308959961
Epoch: 8910, Loss: 5.638814926147461
Test acc: 0.0947, IC acc: 0.1229, IC acc2: 0.0027, IW acc: 0.0039
Epoch: 8911, Loss: 5.638799667358398
Epoch: 8912, Loss: 5.61608362197876
Epoch: 8913, Loss: 5.6293840408325195
Epoch: 8914, Loss: 5.644653797149658
Epoch: 8915, Loss: 5.644740104675293
Epoch: 8916, Loss: 5.608888626098633
Epoch: 8917, Loss: 5.61945915222168
Epoch: 8918, Loss: 5.625777244567871
Epoch: 8919, Loss: 5.630507469177246
Epoch: 8920, Loss: 5.650885581970215
Test acc: 0.0947, IC acc: 0.1233, IC acc2: 0.0027, IW acc: 0.0039
Epoch: 8921, Loss: 5.618504524230957
Epoch: 8922, Loss: 5.602888584136963
Epoch: 8923, Loss: 5.6422553062438965
Epoch: 8924, Loss: 5.644917964935303
Epoch: 8925, Loss: 5.660890102386475
Epoch: 8926, Loss: 5.62388277053833
Epoch: 8927, Loss: 5.642314910888672
Epoch: 8928, Loss: 5.632591724395752
Epoch: 8929, Loss: 5.61129093170166
Epoch: 8930, Loss: 5.636162757873535
Test acc: 0.0949, IC acc: 0.1235, IC acc2: 0.0027, IW acc: 0.0039
Epoch: 8931, Loss: 5.646292686462402
Epoch: 8932, Loss: 5.61606502532959
Epoch: 8933, Loss: 5.632106304168701
Epoch: 8934, Loss: 5.625661373138428
Epoch: 8935, Loss: 5.621127128601074
Epoch: 8936, Loss: 5.63001823425293
Epoch: 8937, Loss: 5.652529239654541
Epoch: 8938, Loss: 5.658237457275391
Epoch: 8939, Loss: 5.645353317260742
Epoch: 8940, Loss: 5.626785755157471
Test acc: 0.0952, IC acc: 0.1236, IC acc2: 0.0027, IW acc: 0.0039
Epoch: 8941, Loss: 5.640751838684082
Epoch: 8942, Loss: 5.642858982086182
Epoch: 8943, Loss: 5.624657154083252
Epoch: 8944, Loss: 5.639792442321777
Epoch: 8945, Loss: 5.61358642578125
Epoch: 8946, Loss: 5.636439323425293
Epoch: 8947, Loss: 5.6224846839904785
Epoch: 8948, Loss: 5.647801399230957
Epoch: 8949, Loss: 5.636198043823242
./circuit_plots/Unrestricted Disentangled|Readout|CN=3|B0=3|B1=3|K=1280|L=320|p_B=0.75|p_C=0.75|B=2|eps=0|c5cf5f29-0828-4665-8316-69edf18d12bd/ already exists.
./circuit_plots/Unrestricted Disentangled|Readout|CN=3|B0=3|B1=3|K=1280|L=320|p_B=0.75|p_C=0.75|B=2|eps=0|c5cf5f29-0828-4665-8316-69edf18d12bd/ already exists.
./circuit_plots/Unrestricted Disentangled|Readout|CN=3|B0=3|B1=3|K=1280|L=320|p_B=0.75|p_C=0.75|B=2|eps=0|c5cf5f29-0828-4665-8316-69edf18d12bd/ already exists.
./circuit_plots/Unrestricted Disentangled|Readout|CN=3|B0=3|B1=3|K=1280|L=320|p_B=0.75|p_C=0.75|B=2|eps=0|c5cf5f29-0828-4665-8316-69edf18d12bd/ already exists.
./circuit_plots/Unrestricted Disentangled|Readout|CN=3|B0=3|B1=3|K=1280|L=320|p_B=0.75|p_C=0.75|B=2|eps=0|c5cf5f29-0828-4665-8316-69edf18d12bd/ already exists.
./circuit_plots/Unrestricted Disentangled|Readout|CN=3|B0=3|B1=3|K=1280|L=320|p_B=0.75|p_C=0.75|B=2|eps=0|c5cf5f29-0828-4665-8316-69edf18d12bd/ already exists.
./circuit_plots/Unrestricted Disentangled|Readout|CN=3|B0=3|B1=3|K=1280|L=320|p_B=0.75|p_C=0.75|B=2|eps=0|c5cf5f29-0828-4665-8316-69edf18d12bd/ already exists.
Epoch: 8950, Loss: 5.629464149475098
Test acc: 0.0954, IC acc: 0.1235, IC acc2: 0.0027, IW acc: 0.0039
Epoch: 8951, Loss: 5.6591362953186035
Epoch: 8952, Loss: 5.612251281738281
Epoch: 8953, Loss: 5.630550861358643
Epoch: 8954, Loss: 5.638778209686279
Epoch: 8955, Loss: 5.6245880126953125
Epoch: 8956, Loss: 5.649167060852051
Epoch: 8957, Loss: 5.629961013793945
Epoch: 8958, Loss: 5.630352973937988
Epoch: 8959, Loss: 5.61775541305542
Epoch: 8960, Loss: 5.6540021896362305
Test acc: 0.0953, IC acc: 0.1235, IC acc2: 0.0027, IW acc: 0.0039
Epoch: 8961, Loss: 5.638351917266846
Epoch: 8962, Loss: 5.645484924316406
Epoch: 8963, Loss: 5.630664348602295
Epoch: 8964, Loss: 5.624082565307617
Epoch: 8965, Loss: 5.632233619689941
Epoch: 8966, Loss: 5.604918956756592
Epoch: 8967, Loss: 5.63568115234375
Epoch: 8968, Loss: 5.640050411224365
Epoch: 8969, Loss: 5.640755653381348
Epoch: 8970, Loss: 5.617428779602051
Test acc: 0.0959, IC acc: 0.1239, IC acc2: 0.0028, IW acc: 0.0039
Epoch: 8971, Loss: 5.671682357788086
Epoch: 8972, Loss: 5.640886306762695
Epoch: 8973, Loss: 5.6254682540893555
Epoch: 8974, Loss: 5.612360954284668
Epoch: 8975, Loss: 5.654425144195557
Epoch: 8976, Loss: 5.638951778411865
Epoch: 8977, Loss: 5.621290683746338
Epoch: 8978, Loss: 5.632839202880859
Epoch: 8979, Loss: 5.62962532043457
Epoch: 8980, Loss: 5.644601345062256
Test acc: 0.0958, IC acc: 0.1237, IC acc2: 0.0028, IW acc: 0.0039
Epoch: 8981, Loss: 5.631616592407227
Epoch: 8982, Loss: 5.618812561035156
Epoch: 8983, Loss: 5.659512996673584
Epoch: 8984, Loss: 5.624011039733887
Epoch: 8985, Loss: 5.628387451171875
Epoch: 8986, Loss: 5.652824401855469
Epoch: 8987, Loss: 5.63568115234375
Epoch: 8988, Loss: 5.652829170227051
Epoch: 8989, Loss: 5.637969970703125
Epoch: 8990, Loss: 5.6109538078308105
Test acc: 0.0961, IC acc: 0.1238, IC acc2: 0.0028, IW acc: 0.0039
Epoch: 8991, Loss: 5.646272659301758
Epoch: 8992, Loss: 5.637754440307617
Epoch: 8993, Loss: 5.643289566040039
Epoch: 8994, Loss: 5.6297287940979
Epoch: 8995, Loss: 5.613605499267578
Epoch: 8996, Loss: 5.605347633361816
Epoch: 8997, Loss: 5.620277404785156
Epoch: 8998, Loss: 5.6241254806518555
Epoch: 8999, Loss: 5.657815933227539
./circuit_plots/Unrestricted Disentangled|Readout|CN=3|B0=3|B1=3|K=1280|L=320|p_B=0.75|p_C=0.75|B=2|eps=0|c5cf5f29-0828-4665-8316-69edf18d12bd/ already exists.
./circuit_plots/Unrestricted Disentangled|Readout|CN=3|B0=3|B1=3|K=1280|L=320|p_B=0.75|p_C=0.75|B=2|eps=0|c5cf5f29-0828-4665-8316-69edf18d12bd/ already exists.
./circuit_plots/Unrestricted Disentangled|Readout|CN=3|B0=3|B1=3|K=1280|L=320|p_B=0.75|p_C=0.75|B=2|eps=0|c5cf5f29-0828-4665-8316-69edf18d12bd/ already exists.
./circuit_plots/Unrestricted Disentangled|Readout|CN=3|B0=3|B1=3|K=1280|L=320|p_B=0.75|p_C=0.75|B=2|eps=0|c5cf5f29-0828-4665-8316-69edf18d12bd/ already exists.
./circuit_plots/Unrestricted Disentangled|Readout|CN=3|B0=3|B1=3|K=1280|L=320|p_B=0.75|p_C=0.75|B=2|eps=0|c5cf5f29-0828-4665-8316-69edf18d12bd/ already exists.
./circuit_plots/Unrestricted Disentangled|Readout|CN=3|B0=3|B1=3|K=1280|L=320|p_B=0.75|p_C=0.75|B=2|eps=0|c5cf5f29-0828-4665-8316-69edf18d12bd/ already exists.
./circuit_plots/Unrestricted Disentangled|Readout|CN=3|B0=3|B1=3|K=1280|L=320|p_B=0.75|p_C=0.75|B=2|eps=0|c5cf5f29-0828-4665-8316-69edf18d12bd/ already exists.
Epoch: 9000, Loss: 5.603285789489746
Test acc: 0.0962, IC acc: 0.124, IC acc2: 0.0028, IW acc: 0.0039
Epoch: 9001, Loss: 5.629001140594482
Epoch: 9002, Loss: 5.61981201171875
Epoch: 9003, Loss: 5.61281681060791
Epoch: 9004, Loss: 5.623461723327637
Epoch: 9005, Loss: 5.632471084594727
Epoch: 9006, Loss: 5.597485542297363
Epoch: 9007, Loss: 5.605230331420898
Epoch: 9008, Loss: 5.62208366394043
Epoch: 9009, Loss: 5.613809585571289
Epoch: 9010, Loss: 5.632566928863525
Test acc: 0.0965, IC acc: 0.1246, IC acc2: 0.0028, IW acc: 0.0039
Epoch: 9011, Loss: 5.6528167724609375
Epoch: 9012, Loss: 5.605515480041504
Epoch: 9013, Loss: 5.652248382568359
Epoch: 9014, Loss: 5.655030250549316
Epoch: 9015, Loss: 5.629637718200684
Epoch: 9016, Loss: 5.632309436798096
Epoch: 9017, Loss: 5.640081882476807
Epoch: 9018, Loss: 5.61851692199707
Epoch: 9019, Loss: 5.641410827636719
Epoch: 9020, Loss: 5.6074113845825195
Test acc: 0.0968, IC acc: 0.1246, IC acc2: 0.0028, IW acc: 0.0039
Epoch: 9021, Loss: 5.616896629333496
Epoch: 9022, Loss: 5.615021228790283
Epoch: 9023, Loss: 5.634011268615723
Epoch: 9024, Loss: 5.617028713226318
Epoch: 9025, Loss: 5.626867294311523
Epoch: 9026, Loss: 5.644360065460205
Epoch: 9027, Loss: 5.619969367980957
Epoch: 9028, Loss: 5.623615741729736
Epoch: 9029, Loss: 5.632895469665527
Epoch: 9030, Loss: 5.647676467895508
Test acc: 0.0969, IC acc: 0.1246, IC acc2: 0.0028, IW acc: 0.0039
Epoch: 9031, Loss: 5.639471054077148
Epoch: 9032, Loss: 5.644360542297363
Epoch: 9033, Loss: 5.614282608032227
Epoch: 9034, Loss: 5.6523847579956055
Epoch: 9035, Loss: 5.625482082366943
Epoch: 9036, Loss: 5.614315032958984
Epoch: 9037, Loss: 5.634365081787109
Epoch: 9038, Loss: 5.6266961097717285
Epoch: 9039, Loss: 5.608453750610352
Epoch: 9040, Loss: 5.640538215637207
Test acc: 0.097, IC acc: 0.1253, IC acc2: 0.0028, IW acc: 0.0039
Epoch: 9041, Loss: 5.648468017578125
Epoch: 9042, Loss: 5.612451553344727
Epoch: 9043, Loss: 5.633769989013672
Epoch: 9044, Loss: 5.608382225036621
Epoch: 9045, Loss: 5.629478454589844
Epoch: 9046, Loss: 5.637363433837891
Epoch: 9047, Loss: 5.607150077819824
Epoch: 9048, Loss: 5.611293315887451
Epoch: 9049, Loss: 5.645384788513184
./circuit_plots/Unrestricted Disentangled|Readout|CN=3|B0=3|B1=3|K=1280|L=320|p_B=0.75|p_C=0.75|B=2|eps=0|c5cf5f29-0828-4665-8316-69edf18d12bd/ already exists.
./circuit_plots/Unrestricted Disentangled|Readout|CN=3|B0=3|B1=3|K=1280|L=320|p_B=0.75|p_C=0.75|B=2|eps=0|c5cf5f29-0828-4665-8316-69edf18d12bd/ already exists.
./circuit_plots/Unrestricted Disentangled|Readout|CN=3|B0=3|B1=3|K=1280|L=320|p_B=0.75|p_C=0.75|B=2|eps=0|c5cf5f29-0828-4665-8316-69edf18d12bd/ already exists.
./circuit_plots/Unrestricted Disentangled|Readout|CN=3|B0=3|B1=3|K=1280|L=320|p_B=0.75|p_C=0.75|B=2|eps=0|c5cf5f29-0828-4665-8316-69edf18d12bd/ already exists.
./circuit_plots/Unrestricted Disentangled|Readout|CN=3|B0=3|B1=3|K=1280|L=320|p_B=0.75|p_C=0.75|B=2|eps=0|c5cf5f29-0828-4665-8316-69edf18d12bd/ already exists.
./circuit_plots/Unrestricted Disentangled|Readout|CN=3|B0=3|B1=3|K=1280|L=320|p_B=0.75|p_C=0.75|B=2|eps=0|c5cf5f29-0828-4665-8316-69edf18d12bd/ already exists.
./circuit_plots/Unrestricted Disentangled|Readout|CN=3|B0=3|B1=3|K=1280|L=320|p_B=0.75|p_C=0.75|B=2|eps=0|c5cf5f29-0828-4665-8316-69edf18d12bd/ already exists.
Epoch: 9050, Loss: 5.6062469482421875
Test acc: 0.0971, IC acc: 0.125, IC acc2: 0.0028, IW acc: 0.0039
Epoch: 9051, Loss: 5.636646270751953
Epoch: 9052, Loss: 5.6397905349731445
Epoch: 9053, Loss: 5.63245964050293
Epoch: 9054, Loss: 5.65339469909668
Epoch: 9055, Loss: 5.634097576141357
Epoch: 9056, Loss: 5.629019737243652
Epoch: 9057, Loss: 5.6583685874938965
Epoch: 9058, Loss: 5.629799842834473
Epoch: 9059, Loss: 5.6197686195373535
Epoch: 9060, Loss: 5.6428093910217285
Test acc: 0.0974, IC acc: 0.1251, IC acc2: 0.0028, IW acc: 0.0039
Epoch: 9061, Loss: 5.632163047790527
Epoch: 9062, Loss: 5.628055572509766
Epoch: 9063, Loss: 5.634444713592529
Epoch: 9064, Loss: 5.6231160163879395
Epoch: 9065, Loss: 5.620034217834473
Epoch: 9066, Loss: 5.643058776855469
Epoch: 9067, Loss: 5.62437105178833
Epoch: 9068, Loss: 5.630308151245117
Epoch: 9069, Loss: 5.628247261047363
Epoch: 9070, Loss: 5.620269775390625
Test acc: 0.0975, IC acc: 0.1257, IC acc2: 0.0028, IW acc: 0.0039
Epoch: 9071, Loss: 5.620766639709473
Epoch: 9072, Loss: 5.643614768981934
Epoch: 9073, Loss: 5.6492156982421875
Epoch: 9074, Loss: 5.612743377685547
Epoch: 9075, Loss: 5.634453296661377
Epoch: 9076, Loss: 5.627598762512207
Epoch: 9077, Loss: 5.6143341064453125
Epoch: 9078, Loss: 5.640571594238281
Epoch: 9079, Loss: 5.620441436767578
Epoch: 9080, Loss: 5.610507011413574
Test acc: 0.0975, IC acc: 0.1262, IC acc2: 0.0028, IW acc: 0.0039
Epoch: 9081, Loss: 5.624584674835205
Epoch: 9082, Loss: 5.643205642700195
Epoch: 9083, Loss: 5.637784957885742
Epoch: 9084, Loss: 5.651562690734863
Epoch: 9085, Loss: 5.632571220397949
Epoch: 9086, Loss: 5.625222206115723
Epoch: 9087, Loss: 5.660387992858887
Epoch: 9088, Loss: 5.625650405883789
Epoch: 9089, Loss: 5.634237289428711
Epoch: 9090, Loss: 5.645964622497559
Test acc: 0.0975, IC acc: 0.1266, IC acc2: 0.0028, IW acc: 0.0039
Epoch: 9091, Loss: 5.635128021240234
Epoch: 9092, Loss: 5.626654148101807
Epoch: 9093, Loss: 5.604677677154541
Epoch: 9094, Loss: 5.602653503417969
Epoch: 9095, Loss: 5.644176483154297
Epoch: 9096, Loss: 5.60915470123291
Epoch: 9097, Loss: 5.629144191741943
Epoch: 9098, Loss: 5.623024940490723
Epoch: 9099, Loss: 5.638840198516846
./circuit_plots/Unrestricted Disentangled|Readout|CN=3|B0=3|B1=3|K=1280|L=320|p_B=0.75|p_C=0.75|B=2|eps=0|c5cf5f29-0828-4665-8316-69edf18d12bd/ already exists.
./circuit_plots/Unrestricted Disentangled|Readout|CN=3|B0=3|B1=3|K=1280|L=320|p_B=0.75|p_C=0.75|B=2|eps=0|c5cf5f29-0828-4665-8316-69edf18d12bd/ already exists.
./circuit_plots/Unrestricted Disentangled|Readout|CN=3|B0=3|B1=3|K=1280|L=320|p_B=0.75|p_C=0.75|B=2|eps=0|c5cf5f29-0828-4665-8316-69edf18d12bd/ already exists.
./circuit_plots/Unrestricted Disentangled|Readout|CN=3|B0=3|B1=3|K=1280|L=320|p_B=0.75|p_C=0.75|B=2|eps=0|c5cf5f29-0828-4665-8316-69edf18d12bd/ already exists.
./circuit_plots/Unrestricted Disentangled|Readout|CN=3|B0=3|B1=3|K=1280|L=320|p_B=0.75|p_C=0.75|B=2|eps=0|c5cf5f29-0828-4665-8316-69edf18d12bd/ already exists.
./circuit_plots/Unrestricted Disentangled|Readout|CN=3|B0=3|B1=3|K=1280|L=320|p_B=0.75|p_C=0.75|B=2|eps=0|c5cf5f29-0828-4665-8316-69edf18d12bd/ already exists.
./circuit_plots/Unrestricted Disentangled|Readout|CN=3|B0=3|B1=3|K=1280|L=320|p_B=0.75|p_C=0.75|B=2|eps=0|c5cf5f29-0828-4665-8316-69edf18d12bd/ already exists.
Epoch: 9100, Loss: 5.617003440856934
Test acc: 0.0978, IC acc: 0.1269, IC acc2: 0.0028, IW acc: 0.0039
Epoch: 9101, Loss: 5.62600564956665
Epoch: 9102, Loss: 5.648834228515625
Epoch: 9103, Loss: 5.618746280670166
Epoch: 9104, Loss: 5.631319046020508
Epoch: 9105, Loss: 5.628106117248535
Epoch: 9106, Loss: 5.625734806060791
Epoch: 9107, Loss: 5.6360368728637695
Epoch: 9108, Loss: 5.66080379486084
Epoch: 9109, Loss: 5.632198333740234
Epoch: 9110, Loss: 5.6509599685668945
Test acc: 0.0977, IC acc: 0.1271, IC acc2: 0.0028, IW acc: 0.0039
Epoch: 9111, Loss: 5.644047260284424
Epoch: 9112, Loss: 5.623661041259766
Epoch: 9113, Loss: 5.630008220672607
Epoch: 9114, Loss: 5.636882781982422
Epoch: 9115, Loss: 5.650330543518066
Epoch: 9116, Loss: 5.633171558380127
Epoch: 9117, Loss: 5.623706817626953
Epoch: 9118, Loss: 5.645687103271484
Epoch: 9119, Loss: 5.655435562133789
Epoch: 9120, Loss: 5.591620445251465
Test acc: 0.0976, IC acc: 0.1274, IC acc2: 0.0028, IW acc: 0.0039
Epoch: 9121, Loss: 5.6275458335876465
Epoch: 9122, Loss: 5.641468048095703
Epoch: 9123, Loss: 5.645215034484863
Epoch: 9124, Loss: 5.65620231628418
Epoch: 9125, Loss: 5.622363567352295
Epoch: 9126, Loss: 5.660012245178223
Epoch: 9127, Loss: 5.646488189697266
Epoch: 9128, Loss: 5.6365966796875
Epoch: 9129, Loss: 5.644975662231445
Epoch: 9130, Loss: 5.615055084228516
Test acc: 0.098, IC acc: 0.1278, IC acc2: 0.0028, IW acc: 0.0039
Epoch: 9131, Loss: 5.62476921081543
Epoch: 9132, Loss: 5.616542339324951
Epoch: 9133, Loss: 5.614431381225586
Epoch: 9134, Loss: 5.64134407043457
Epoch: 9135, Loss: 5.615784645080566
Epoch: 9136, Loss: 5.632155895233154
Epoch: 9137, Loss: 5.628948211669922
Epoch: 9138, Loss: 5.642951965332031
Epoch: 9139, Loss: 5.594398021697998
Epoch: 9140, Loss: 5.634657382965088
Test acc: 0.0982, IC acc: 0.1277, IC acc2: 0.0028, IW acc: 0.0039
Epoch: 9141, Loss: 5.630692481994629
Epoch: 9142, Loss: 5.6479949951171875
Epoch: 9143, Loss: 5.628382682800293
Epoch: 9144, Loss: 5.649060249328613
Epoch: 9145, Loss: 5.607962608337402
Epoch: 9146, Loss: 5.621532440185547
Epoch: 9147, Loss: 5.622176170349121
Epoch: 9148, Loss: 5.620678424835205
Epoch: 9149, Loss: 5.662540435791016
./circuit_plots/Unrestricted Disentangled|Readout|CN=3|B0=3|B1=3|K=1280|L=320|p_B=0.75|p_C=0.75|B=2|eps=0|c5cf5f29-0828-4665-8316-69edf18d12bd/ already exists.
./circuit_plots/Unrestricted Disentangled|Readout|CN=3|B0=3|B1=3|K=1280|L=320|p_B=0.75|p_C=0.75|B=2|eps=0|c5cf5f29-0828-4665-8316-69edf18d12bd/ already exists.
./circuit_plots/Unrestricted Disentangled|Readout|CN=3|B0=3|B1=3|K=1280|L=320|p_B=0.75|p_C=0.75|B=2|eps=0|c5cf5f29-0828-4665-8316-69edf18d12bd/ already exists.
./circuit_plots/Unrestricted Disentangled|Readout|CN=3|B0=3|B1=3|K=1280|L=320|p_B=0.75|p_C=0.75|B=2|eps=0|c5cf5f29-0828-4665-8316-69edf18d12bd/ already exists.
./circuit_plots/Unrestricted Disentangled|Readout|CN=3|B0=3|B1=3|K=1280|L=320|p_B=0.75|p_C=0.75|B=2|eps=0|c5cf5f29-0828-4665-8316-69edf18d12bd/ already exists.
./circuit_plots/Unrestricted Disentangled|Readout|CN=3|B0=3|B1=3|K=1280|L=320|p_B=0.75|p_C=0.75|B=2|eps=0|c5cf5f29-0828-4665-8316-69edf18d12bd/ already exists.
./circuit_plots/Unrestricted Disentangled|Readout|CN=3|B0=3|B1=3|K=1280|L=320|p_B=0.75|p_C=0.75|B=2|eps=0|c5cf5f29-0828-4665-8316-69edf18d12bd/ already exists.
Epoch: 9150, Loss: 5.6260271072387695
Test acc: 0.0988, IC acc: 0.1281, IC acc2: 0.0028, IW acc: 0.0039
Epoch: 9151, Loss: 5.631631374359131
Epoch: 9152, Loss: 5.636401176452637
Epoch: 9153, Loss: 5.631720542907715
Epoch: 9154, Loss: 5.636959552764893
Epoch: 9155, Loss: 5.62112283706665
Epoch: 9156, Loss: 5.607725620269775
Epoch: 9157, Loss: 5.622073173522949
Epoch: 9158, Loss: 5.629854679107666
Epoch: 9159, Loss: 5.603700637817383
Epoch: 9160, Loss: 5.62086296081543
Test acc: 0.0983, IC acc: 0.1284, IC acc2: 0.0028, IW acc: 0.0039
Epoch: 9161, Loss: 5.6364240646362305
Epoch: 9162, Loss: 5.633660316467285
Epoch: 9163, Loss: 5.633059501647949
Epoch: 9164, Loss: 5.612742900848389
Epoch: 9165, Loss: 5.631501197814941
Epoch: 9166, Loss: 5.604740619659424
Epoch: 9167, Loss: 5.613949775695801
Epoch: 9168, Loss: 5.599087715148926
Epoch: 9169, Loss: 5.658607482910156
Epoch: 9170, Loss: 5.666815280914307
Test acc: 0.0984, IC acc: 0.1286, IC acc2: 0.0028, IW acc: 0.004
Epoch: 9171, Loss: 5.637660026550293
Epoch: 9172, Loss: 5.625737190246582
Epoch: 9173, Loss: 5.666565418243408
Epoch: 9174, Loss: 5.645915985107422
Epoch: 9175, Loss: 5.636816501617432
Epoch: 9176, Loss: 5.598937034606934
Epoch: 9177, Loss: 5.634054183959961
Epoch: 9178, Loss: 5.620593070983887
Epoch: 9179, Loss: 5.61837100982666
Epoch: 9180, Loss: 5.6379241943359375
Test acc: 0.0987, IC acc: 0.129, IC acc2: 0.0028, IW acc: 0.004
Epoch: 9181, Loss: 5.6193413734436035
Epoch: 9182, Loss: 5.624567985534668
Epoch: 9183, Loss: 5.609658241271973
Epoch: 9184, Loss: 5.628030776977539
Epoch: 9185, Loss: 5.604989051818848
Epoch: 9186, Loss: 5.589731693267822
Epoch: 9187, Loss: 5.642525672912598
Epoch: 9188, Loss: 5.605777263641357
Epoch: 9189, Loss: 5.633864402770996
Epoch: 9190, Loss: 5.588786602020264
Test acc: 0.0991, IC acc: 0.129, IC acc2: 0.0028, IW acc: 0.004
Epoch: 9191, Loss: 5.626856327056885
Epoch: 9192, Loss: 5.623228549957275
Epoch: 9193, Loss: 5.623177528381348
Epoch: 9194, Loss: 5.634927749633789
Epoch: 9195, Loss: 5.627151966094971
Epoch: 9196, Loss: 5.632537364959717
Epoch: 9197, Loss: 5.634772300720215
Epoch: 9198, Loss: 5.653589248657227
Epoch: 9199, Loss: 5.625580787658691
./circuit_plots/Unrestricted Disentangled|Readout|CN=3|B0=3|B1=3|K=1280|L=320|p_B=0.75|p_C=0.75|B=2|eps=0|c5cf5f29-0828-4665-8316-69edf18d12bd/ already exists.
./circuit_plots/Unrestricted Disentangled|Readout|CN=3|B0=3|B1=3|K=1280|L=320|p_B=0.75|p_C=0.75|B=2|eps=0|c5cf5f29-0828-4665-8316-69edf18d12bd/ already exists.
./circuit_plots/Unrestricted Disentangled|Readout|CN=3|B0=3|B1=3|K=1280|L=320|p_B=0.75|p_C=0.75|B=2|eps=0|c5cf5f29-0828-4665-8316-69edf18d12bd/ already exists.
./circuit_plots/Unrestricted Disentangled|Readout|CN=3|B0=3|B1=3|K=1280|L=320|p_B=0.75|p_C=0.75|B=2|eps=0|c5cf5f29-0828-4665-8316-69edf18d12bd/ already exists.
./circuit_plots/Unrestricted Disentangled|Readout|CN=3|B0=3|B1=3|K=1280|L=320|p_B=0.75|p_C=0.75|B=2|eps=0|c5cf5f29-0828-4665-8316-69edf18d12bd/ already exists.
./circuit_plots/Unrestricted Disentangled|Readout|CN=3|B0=3|B1=3|K=1280|L=320|p_B=0.75|p_C=0.75|B=2|eps=0|c5cf5f29-0828-4665-8316-69edf18d12bd/ already exists.
./circuit_plots/Unrestricted Disentangled|Readout|CN=3|B0=3|B1=3|K=1280|L=320|p_B=0.75|p_C=0.75|B=2|eps=0|c5cf5f29-0828-4665-8316-69edf18d12bd/ already exists.
Epoch: 9200, Loss: 5.651438236236572
Test acc: 0.0992, IC acc: 0.129, IC acc2: 0.0028, IW acc: 0.004
Epoch: 9201, Loss: 5.60361909866333
Epoch: 9202, Loss: 5.6434550285339355
Epoch: 9203, Loss: 5.607953071594238
Epoch: 9204, Loss: 5.617262363433838
Epoch: 9205, Loss: 5.623248100280762
Epoch: 9206, Loss: 5.624973297119141
Epoch: 9207, Loss: 5.636026382446289
Epoch: 9208, Loss: 5.644696235656738
Epoch: 9209, Loss: 5.597888946533203
Epoch: 9210, Loss: 5.637133598327637
Test acc: 0.0991, IC acc: 0.1291, IC acc2: 0.0028, IW acc: 0.004
Epoch: 9211, Loss: 5.630199432373047
Epoch: 9212, Loss: 5.610930442810059
Epoch: 9213, Loss: 5.632258892059326
Epoch: 9214, Loss: 5.621163368225098
Epoch: 9215, Loss: 5.638055801391602
Epoch: 9216, Loss: 5.606553554534912
Epoch: 9217, Loss: 5.636052131652832
Epoch: 9218, Loss: 5.632237911224365
Epoch: 9219, Loss: 5.621323585510254
Epoch: 9220, Loss: 5.656594753265381
Test acc: 0.0993, IC acc: 0.1294, IC acc2: 0.0028, IW acc: 0.004
Epoch: 9221, Loss: 5.635593891143799
Epoch: 9222, Loss: 5.633960247039795
Epoch: 9223, Loss: 5.637999534606934
Epoch: 9224, Loss: 5.639187335968018
Epoch: 9225, Loss: 5.639523506164551
Epoch: 9226, Loss: 5.648980617523193
Epoch: 9227, Loss: 5.636813163757324
Epoch: 9228, Loss: 5.664852142333984
Epoch: 9229, Loss: 5.637393951416016
Epoch: 9230, Loss: 5.628948211669922
Test acc: 0.0991, IC acc: 0.1296, IC acc2: 0.0028, IW acc: 0.004
Epoch: 9231, Loss: 5.627282619476318
Epoch: 9232, Loss: 5.6308135986328125
Epoch: 9233, Loss: 5.598351001739502
Epoch: 9234, Loss: 5.61113166809082
Epoch: 9235, Loss: 5.619852066040039
Epoch: 9236, Loss: 5.6255011558532715
Epoch: 9237, Loss: 5.625559329986572
Epoch: 9238, Loss: 5.608468532562256
Epoch: 9239, Loss: 5.6211700439453125
Epoch: 9240, Loss: 5.632535934448242
Test acc: 0.0996, IC acc: 0.1296, IC acc2: 0.0028, IW acc: 0.004
Epoch: 9241, Loss: 5.634276390075684
Epoch: 9242, Loss: 5.6421918869018555
Epoch: 9243, Loss: 5.623779296875
Epoch: 9244, Loss: 5.658140182495117
Epoch: 9245, Loss: 5.611220359802246
Epoch: 9246, Loss: 5.636935710906982
Epoch: 9247, Loss: 5.621096611022949
Epoch: 9248, Loss: 5.6442365646362305
Epoch: 9249, Loss: 5.593814849853516
./circuit_plots/Unrestricted Disentangled|Readout|CN=3|B0=3|B1=3|K=1280|L=320|p_B=0.75|p_C=0.75|B=2|eps=0|c5cf5f29-0828-4665-8316-69edf18d12bd/ already exists.
./circuit_plots/Unrestricted Disentangled|Readout|CN=3|B0=3|B1=3|K=1280|L=320|p_B=0.75|p_C=0.75|B=2|eps=0|c5cf5f29-0828-4665-8316-69edf18d12bd/ already exists.
./circuit_plots/Unrestricted Disentangled|Readout|CN=3|B0=3|B1=3|K=1280|L=320|p_B=0.75|p_C=0.75|B=2|eps=0|c5cf5f29-0828-4665-8316-69edf18d12bd/ already exists.
./circuit_plots/Unrestricted Disentangled|Readout|CN=3|B0=3|B1=3|K=1280|L=320|p_B=0.75|p_C=0.75|B=2|eps=0|c5cf5f29-0828-4665-8316-69edf18d12bd/ already exists.
./circuit_plots/Unrestricted Disentangled|Readout|CN=3|B0=3|B1=3|K=1280|L=320|p_B=0.75|p_C=0.75|B=2|eps=0|c5cf5f29-0828-4665-8316-69edf18d12bd/ already exists.
./circuit_plots/Unrestricted Disentangled|Readout|CN=3|B0=3|B1=3|K=1280|L=320|p_B=0.75|p_C=0.75|B=2|eps=0|c5cf5f29-0828-4665-8316-69edf18d12bd/ already exists.
./circuit_plots/Unrestricted Disentangled|Readout|CN=3|B0=3|B1=3|K=1280|L=320|p_B=0.75|p_C=0.75|B=2|eps=0|c5cf5f29-0828-4665-8316-69edf18d12bd/ already exists.
Epoch: 9250, Loss: 5.631109237670898
Test acc: 0.0998, IC acc: 0.13, IC acc2: 0.0028, IW acc: 0.004
Epoch: 9251, Loss: 5.620090961456299
Epoch: 9252, Loss: 5.629125595092773
Epoch: 9253, Loss: 5.628593921661377
Epoch: 9254, Loss: 5.626474380493164
Epoch: 9255, Loss: 5.645299911499023
Epoch: 9256, Loss: 5.619069576263428
Epoch: 9257, Loss: 5.642976760864258
Epoch: 9258, Loss: 5.646328926086426
Epoch: 9259, Loss: 5.6242523193359375
Epoch: 9260, Loss: 5.6526713371276855
Test acc: 0.0999, IC acc: 0.1301, IC acc2: 0.0028, IW acc: 0.004
Epoch: 9261, Loss: 5.645483016967773
Epoch: 9262, Loss: 5.644317150115967
Epoch: 9263, Loss: 5.65432071685791
Epoch: 9264, Loss: 5.643654823303223
Epoch: 9265, Loss: 5.612983703613281
Epoch: 9266, Loss: 5.616547584533691
Epoch: 9267, Loss: 5.623968601226807
Epoch: 9268, Loss: 5.62856388092041
Epoch: 9269, Loss: 5.645129203796387
Epoch: 9270, Loss: 5.6371259689331055
Test acc: 0.0999, IC acc: 0.1301, IC acc2: 0.0028, IW acc: 0.004
Epoch: 9271, Loss: 5.639771461486816
Epoch: 9272, Loss: 5.618168830871582
Epoch: 9273, Loss: 5.6367974281311035
Epoch: 9274, Loss: 5.62828254699707
Epoch: 9275, Loss: 5.627180099487305
Epoch: 9276, Loss: 5.645900726318359
Epoch: 9277, Loss: 5.627458572387695
Epoch: 9278, Loss: 5.614173889160156
Epoch: 9279, Loss: 5.640592098236084
Epoch: 9280, Loss: 5.638978958129883
Test acc: 0.1, IC acc: 0.1297, IC acc2: 0.0028, IW acc: 0.004
Epoch: 9281, Loss: 5.6312456130981445
Epoch: 9282, Loss: 5.624397277832031
Epoch: 9283, Loss: 5.628656387329102
Epoch: 9284, Loss: 5.633929252624512
Epoch: 9285, Loss: 5.632131099700928
Epoch: 9286, Loss: 5.634121894836426
Epoch: 9287, Loss: 5.609317779541016
Epoch: 9288, Loss: 5.636658668518066
Epoch: 9289, Loss: 5.618247032165527
Epoch: 9290, Loss: 5.616730213165283
Test acc: 0.1002, IC acc: 0.1299, IC acc2: 0.0028, IW acc: 0.004
Epoch: 9291, Loss: 5.636707782745361
Epoch: 9292, Loss: 5.642876148223877
Epoch: 9293, Loss: 5.6142168045043945
Epoch: 9294, Loss: 5.642858505249023
Epoch: 9295, Loss: 5.648514747619629
Epoch: 9296, Loss: 5.642331123352051
Epoch: 9297, Loss: 5.606390953063965
Epoch: 9298, Loss: 5.595056056976318
Epoch: 9299, Loss: 5.618402004241943
./circuit_plots/Unrestricted Disentangled|Readout|CN=3|B0=3|B1=3|K=1280|L=320|p_B=0.75|p_C=0.75|B=2|eps=0|c5cf5f29-0828-4665-8316-69edf18d12bd/ already exists.
./circuit_plots/Unrestricted Disentangled|Readout|CN=3|B0=3|B1=3|K=1280|L=320|p_B=0.75|p_C=0.75|B=2|eps=0|c5cf5f29-0828-4665-8316-69edf18d12bd/ already exists.
./circuit_plots/Unrestricted Disentangled|Readout|CN=3|B0=3|B1=3|K=1280|L=320|p_B=0.75|p_C=0.75|B=2|eps=0|c5cf5f29-0828-4665-8316-69edf18d12bd/ already exists.
./circuit_plots/Unrestricted Disentangled|Readout|CN=3|B0=3|B1=3|K=1280|L=320|p_B=0.75|p_C=0.75|B=2|eps=0|c5cf5f29-0828-4665-8316-69edf18d12bd/ already exists.
./circuit_plots/Unrestricted Disentangled|Readout|CN=3|B0=3|B1=3|K=1280|L=320|p_B=0.75|p_C=0.75|B=2|eps=0|c5cf5f29-0828-4665-8316-69edf18d12bd/ already exists.
./circuit_plots/Unrestricted Disentangled|Readout|CN=3|B0=3|B1=3|K=1280|L=320|p_B=0.75|p_C=0.75|B=2|eps=0|c5cf5f29-0828-4665-8316-69edf18d12bd/ already exists.
./circuit_plots/Unrestricted Disentangled|Readout|CN=3|B0=3|B1=3|K=1280|L=320|p_B=0.75|p_C=0.75|B=2|eps=0|c5cf5f29-0828-4665-8316-69edf18d12bd/ already exists.
Epoch: 9300, Loss: 5.6084184646606445
Test acc: 0.1003, IC acc: 0.1299, IC acc2: 0.0028, IW acc: 0.004
Epoch: 9301, Loss: 5.631932258605957
Epoch: 9302, Loss: 5.617728233337402
Epoch: 9303, Loss: 5.606977462768555
Epoch: 9304, Loss: 5.611449241638184
Epoch: 9305, Loss: 5.607677459716797
Epoch: 9306, Loss: 5.630006790161133
Epoch: 9307, Loss: 5.613518714904785
Epoch: 9308, Loss: 5.631566047668457
Epoch: 9309, Loss: 5.614142417907715
Epoch: 9310, Loss: 5.603425025939941
Test acc: 0.1004, IC acc: 0.1301, IC acc2: 0.0028, IW acc: 0.004
Epoch: 9311, Loss: 5.63430643081665
Epoch: 9312, Loss: 5.636537075042725
Epoch: 9313, Loss: 5.617324352264404
Epoch: 9314, Loss: 5.627821922302246
Epoch: 9315, Loss: 5.637791633605957
Epoch: 9316, Loss: 5.644517421722412
Epoch: 9317, Loss: 5.6256184577941895
Epoch: 9318, Loss: 5.612885475158691
Epoch: 9319, Loss: 5.610513687133789
Epoch: 9320, Loss: 5.6025190353393555
Test acc: 0.1004, IC acc: 0.1304, IC acc2: 0.0028, IW acc: 0.0039
Epoch: 9321, Loss: 5.62161922454834
Epoch: 9322, Loss: 5.624917984008789
Epoch: 9323, Loss: 5.606614112854004
Epoch: 9324, Loss: 5.640796661376953
Epoch: 9325, Loss: 5.625616073608398
Epoch: 9326, Loss: 5.6017608642578125
Epoch: 9327, Loss: 5.612340927124023
Epoch: 9328, Loss: 5.624692916870117
Epoch: 9329, Loss: 5.627674102783203
Epoch: 9330, Loss: 5.624507427215576
Test acc: 0.1003, IC acc: 0.1304, IC acc2: 0.0028, IW acc: 0.004
Epoch: 9331, Loss: 5.639649391174316
Epoch: 9332, Loss: 5.613519668579102
Epoch: 9333, Loss: 5.608025074005127
Epoch: 9334, Loss: 5.64096736907959
Epoch: 9335, Loss: 5.647355556488037
Epoch: 9336, Loss: 5.636933326721191
Epoch: 9337, Loss: 5.665266990661621
Epoch: 9338, Loss: 5.61684513092041
Epoch: 9339, Loss: 5.617262840270996
Epoch: 9340, Loss: 5.642338752746582
Test acc: 0.1003, IC acc: 0.1305, IC acc2: 0.0028, IW acc: 0.004
Epoch: 9341, Loss: 5.6080002784729
Epoch: 9342, Loss: 5.608715057373047
Epoch: 9343, Loss: 5.613470077514648
Epoch: 9344, Loss: 5.655884742736816
Epoch: 9345, Loss: 5.632268905639648
Epoch: 9346, Loss: 5.659816741943359
Epoch: 9347, Loss: 5.64240837097168
Epoch: 9348, Loss: 5.599064826965332
Epoch: 9349, Loss: 5.614359378814697
./circuit_plots/Unrestricted Disentangled|Readout|CN=3|B0=3|B1=3|K=1280|L=320|p_B=0.75|p_C=0.75|B=2|eps=0|c5cf5f29-0828-4665-8316-69edf18d12bd/ already exists.
./circuit_plots/Unrestricted Disentangled|Readout|CN=3|B0=3|B1=3|K=1280|L=320|p_B=0.75|p_C=0.75|B=2|eps=0|c5cf5f29-0828-4665-8316-69edf18d12bd/ already exists.
./circuit_plots/Unrestricted Disentangled|Readout|CN=3|B0=3|B1=3|K=1280|L=320|p_B=0.75|p_C=0.75|B=2|eps=0|c5cf5f29-0828-4665-8316-69edf18d12bd/ already exists.
./circuit_plots/Unrestricted Disentangled|Readout|CN=3|B0=3|B1=3|K=1280|L=320|p_B=0.75|p_C=0.75|B=2|eps=0|c5cf5f29-0828-4665-8316-69edf18d12bd/ already exists.
./circuit_plots/Unrestricted Disentangled|Readout|CN=3|B0=3|B1=3|K=1280|L=320|p_B=0.75|p_C=0.75|B=2|eps=0|c5cf5f29-0828-4665-8316-69edf18d12bd/ already exists.
./circuit_plots/Unrestricted Disentangled|Readout|CN=3|B0=3|B1=3|K=1280|L=320|p_B=0.75|p_C=0.75|B=2|eps=0|c5cf5f29-0828-4665-8316-69edf18d12bd/ already exists.
./circuit_plots/Unrestricted Disentangled|Readout|CN=3|B0=3|B1=3|K=1280|L=320|p_B=0.75|p_C=0.75|B=2|eps=0|c5cf5f29-0828-4665-8316-69edf18d12bd/ already exists.
Epoch: 9350, Loss: 5.648503303527832
Test acc: 0.1006, IC acc: 0.1309, IC acc2: 0.0028, IW acc: 0.004
Epoch: 9351, Loss: 5.6202392578125
Epoch: 9352, Loss: 5.609991073608398
Epoch: 9353, Loss: 5.625511646270752
Epoch: 9354, Loss: 5.622150421142578
Epoch: 9355, Loss: 5.616701126098633
Epoch: 9356, Loss: 5.612053871154785
Epoch: 9357, Loss: 5.635897636413574
Epoch: 9358, Loss: 5.637154579162598
Epoch: 9359, Loss: 5.612570762634277
Epoch: 9360, Loss: 5.623071670532227
Test acc: 0.1008, IC acc: 0.1313, IC acc2: 0.0028, IW acc: 0.0039
Epoch: 9361, Loss: 5.623053073883057
Epoch: 9362, Loss: 5.594627380371094
Epoch: 9363, Loss: 5.619217872619629
Epoch: 9364, Loss: 5.62426233291626
Epoch: 9365, Loss: 5.607573509216309
Epoch: 9366, Loss: 5.603710174560547
Epoch: 9367, Loss: 5.634452819824219
Epoch: 9368, Loss: 5.6042585372924805
Epoch: 9369, Loss: 5.660853385925293
Epoch: 9370, Loss: 5.640997409820557
Test acc: 0.101, IC acc: 0.1319, IC acc2: 0.0028, IW acc: 0.0039
Epoch: 9371, Loss: 5.619806289672852
Epoch: 9372, Loss: 5.604979515075684
Epoch: 9373, Loss: 5.617297172546387
Epoch: 9374, Loss: 5.6437458992004395
Epoch: 9375, Loss: 5.613056659698486
Epoch: 9376, Loss: 5.614808559417725
Epoch: 9377, Loss: 5.645793914794922
Epoch: 9378, Loss: 5.627849578857422
Epoch: 9379, Loss: 5.616811752319336
Epoch: 9380, Loss: 5.639418601989746
Test acc: 0.1009, IC acc: 0.132, IC acc2: 0.0027, IW acc: 0.0039
Epoch: 9381, Loss: 5.634357452392578
Epoch: 9382, Loss: 5.645236968994141
Epoch: 9383, Loss: 5.641449928283691
Epoch: 9384, Loss: 5.66588020324707
Epoch: 9385, Loss: 5.612113952636719
Epoch: 9386, Loss: 5.639435768127441
Epoch: 9387, Loss: 5.610406875610352
Epoch: 9388, Loss: 5.630288124084473
Epoch: 9389, Loss: 5.641949653625488
Epoch: 9390, Loss: 5.614014625549316
Test acc: 0.1011, IC acc: 0.1318, IC acc2: 0.0027, IW acc: 0.0039
Epoch: 9391, Loss: 5.631211757659912
Epoch: 9392, Loss: 5.639659881591797
Epoch: 9393, Loss: 5.6047258377075195
Epoch: 9394, Loss: 5.623832702636719
Epoch: 9395, Loss: 5.609922409057617
Epoch: 9396, Loss: 5.6209211349487305
Epoch: 9397, Loss: 5.610809803009033
Epoch: 9398, Loss: 5.598773002624512
Epoch: 9399, Loss: 5.6315507888793945
./circuit_plots/Unrestricted Disentangled|Readout|CN=3|B0=3|B1=3|K=1280|L=320|p_B=0.75|p_C=0.75|B=2|eps=0|c5cf5f29-0828-4665-8316-69edf18d12bd/ already exists.
./circuit_plots/Unrestricted Disentangled|Readout|CN=3|B0=3|B1=3|K=1280|L=320|p_B=0.75|p_C=0.75|B=2|eps=0|c5cf5f29-0828-4665-8316-69edf18d12bd/ already exists.
./circuit_plots/Unrestricted Disentangled|Readout|CN=3|B0=3|B1=3|K=1280|L=320|p_B=0.75|p_C=0.75|B=2|eps=0|c5cf5f29-0828-4665-8316-69edf18d12bd/ already exists.
./circuit_plots/Unrestricted Disentangled|Readout|CN=3|B0=3|B1=3|K=1280|L=320|p_B=0.75|p_C=0.75|B=2|eps=0|c5cf5f29-0828-4665-8316-69edf18d12bd/ already exists.
./circuit_plots/Unrestricted Disentangled|Readout|CN=3|B0=3|B1=3|K=1280|L=320|p_B=0.75|p_C=0.75|B=2|eps=0|c5cf5f29-0828-4665-8316-69edf18d12bd/ already exists.
./circuit_plots/Unrestricted Disentangled|Readout|CN=3|B0=3|B1=3|K=1280|L=320|p_B=0.75|p_C=0.75|B=2|eps=0|c5cf5f29-0828-4665-8316-69edf18d12bd/ already exists.
./circuit_plots/Unrestricted Disentangled|Readout|CN=3|B0=3|B1=3|K=1280|L=320|p_B=0.75|p_C=0.75|B=2|eps=0|c5cf5f29-0828-4665-8316-69edf18d12bd/ already exists.
Epoch: 9400, Loss: 5.619533538818359
Test acc: 0.1013, IC acc: 0.1322, IC acc2: 0.0027, IW acc: 0.0039
Epoch: 9401, Loss: 5.61205530166626
Epoch: 9402, Loss: 5.626158237457275
Epoch: 9403, Loss: 5.631497383117676
Epoch: 9404, Loss: 5.60811710357666
Epoch: 9405, Loss: 5.647122383117676
Epoch: 9406, Loss: 5.651471138000488
Epoch: 9407, Loss: 5.597346305847168
Epoch: 9408, Loss: 5.59738826751709
Epoch: 9409, Loss: 5.625980854034424
Epoch: 9410, Loss: 5.589962005615234
Test acc: 0.1015, IC acc: 0.1322, IC acc2: 0.0027, IW acc: 0.004
Epoch: 9411, Loss: 5.6220221519470215
Epoch: 9412, Loss: 5.610517501831055
Epoch: 9413, Loss: 5.625423431396484
Epoch: 9414, Loss: 5.637486934661865
Epoch: 9415, Loss: 5.6093549728393555
Epoch: 9416, Loss: 5.626117706298828
Epoch: 9417, Loss: 5.613387107849121
Epoch: 9418, Loss: 5.603118896484375
Epoch: 9419, Loss: 5.6042585372924805
Epoch: 9420, Loss: 5.6406989097595215
Test acc: 0.1016, IC acc: 0.1325, IC acc2: 0.0027, IW acc: 0.0041
Epoch: 9421, Loss: 5.615787982940674
Epoch: 9422, Loss: 5.618479251861572
Epoch: 9423, Loss: 5.626522541046143
Epoch: 9424, Loss: 5.6325483322143555
Epoch: 9425, Loss: 5.605551719665527
Epoch: 9426, Loss: 5.623291969299316
Epoch: 9427, Loss: 5.623553276062012
Epoch: 9428, Loss: 5.614313125610352
Epoch: 9429, Loss: 5.632566928863525
Epoch: 9430, Loss: 5.604214668273926
Test acc: 0.1019, IC acc: 0.1328, IC acc2: 0.0027, IW acc: 0.004
Epoch: 9431, Loss: 5.625917434692383
Epoch: 9432, Loss: 5.633059024810791
Epoch: 9433, Loss: 5.597085952758789
Epoch: 9434, Loss: 5.618727684020996
Epoch: 9435, Loss: 5.624526023864746
Epoch: 9436, Loss: 5.5987019538879395
Epoch: 9437, Loss: 5.656650543212891
Epoch: 9438, Loss: 5.588606834411621
Epoch: 9439, Loss: 5.624812126159668
Epoch: 9440, Loss: 5.661081314086914
Test acc: 0.1019, IC acc: 0.1329, IC acc2: 0.0027, IW acc: 0.0041
Epoch: 9441, Loss: 5.5828351974487305
Epoch: 9442, Loss: 5.613190650939941
Epoch: 9443, Loss: 5.628629684448242
Epoch: 9444, Loss: 5.603251934051514
Epoch: 9445, Loss: 5.610327243804932
Epoch: 9446, Loss: 5.6020894050598145
Epoch: 9447, Loss: 5.630416393280029
Epoch: 9448, Loss: 5.645747184753418
Epoch: 9449, Loss: 5.648463726043701
./circuit_plots/Unrestricted Disentangled|Readout|CN=3|B0=3|B1=3|K=1280|L=320|p_B=0.75|p_C=0.75|B=2|eps=0|c5cf5f29-0828-4665-8316-69edf18d12bd/ already exists.
./circuit_plots/Unrestricted Disentangled|Readout|CN=3|B0=3|B1=3|K=1280|L=320|p_B=0.75|p_C=0.75|B=2|eps=0|c5cf5f29-0828-4665-8316-69edf18d12bd/ already exists.
./circuit_plots/Unrestricted Disentangled|Readout|CN=3|B0=3|B1=3|K=1280|L=320|p_B=0.75|p_C=0.75|B=2|eps=0|c5cf5f29-0828-4665-8316-69edf18d12bd/ already exists.
./circuit_plots/Unrestricted Disentangled|Readout|CN=3|B0=3|B1=3|K=1280|L=320|p_B=0.75|p_C=0.75|B=2|eps=0|c5cf5f29-0828-4665-8316-69edf18d12bd/ already exists.
./circuit_plots/Unrestricted Disentangled|Readout|CN=3|B0=3|B1=3|K=1280|L=320|p_B=0.75|p_C=0.75|B=2|eps=0|c5cf5f29-0828-4665-8316-69edf18d12bd/ already exists.
./circuit_plots/Unrestricted Disentangled|Readout|CN=3|B0=3|B1=3|K=1280|L=320|p_B=0.75|p_C=0.75|B=2|eps=0|c5cf5f29-0828-4665-8316-69edf18d12bd/ already exists.
./circuit_plots/Unrestricted Disentangled|Readout|CN=3|B0=3|B1=3|K=1280|L=320|p_B=0.75|p_C=0.75|B=2|eps=0|c5cf5f29-0828-4665-8316-69edf18d12bd/ already exists.
Epoch: 9450, Loss: 5.626241683959961
Test acc: 0.1019, IC acc: 0.1331, IC acc2: 0.0028, IW acc: 0.0041
Epoch: 9451, Loss: 5.602641582489014
Epoch: 9452, Loss: 5.646164894104004
Epoch: 9453, Loss: 5.66502571105957
Epoch: 9454, Loss: 5.597053527832031
Epoch: 9455, Loss: 5.636821746826172
Epoch: 9456, Loss: 5.619815826416016
Epoch: 9457, Loss: 5.6424360275268555
Epoch: 9458, Loss: 5.654864311218262
Epoch: 9459, Loss: 5.613982200622559
Epoch: 9460, Loss: 5.637131214141846
Test acc: 0.1018, IC acc: 0.1335, IC acc2: 0.0027, IW acc: 0.0041
Epoch: 9461, Loss: 5.612281799316406
Epoch: 9462, Loss: 5.608165740966797
Epoch: 9463, Loss: 5.614571571350098
Epoch: 9464, Loss: 5.623644828796387
Epoch: 9465, Loss: 5.617077827453613
Epoch: 9466, Loss: 5.630169868469238
Epoch: 9467, Loss: 5.618866920471191
Epoch: 9468, Loss: 5.617071628570557
Epoch: 9469, Loss: 5.625997543334961
Epoch: 9470, Loss: 5.62326717376709
Test acc: 0.102, IC acc: 0.1333, IC acc2: 0.0026, IW acc: 0.0041
Epoch: 9471, Loss: 5.633209228515625
Epoch: 9472, Loss: 5.614233016967773
Epoch: 9473, Loss: 5.634784698486328
Epoch: 9474, Loss: 5.6040730476379395
Epoch: 9475, Loss: 5.576075553894043
Epoch: 9476, Loss: 5.641103744506836
Epoch: 9477, Loss: 5.611034393310547
Epoch: 9478, Loss: 5.623354911804199
Epoch: 9479, Loss: 5.639052391052246
Epoch: 9480, Loss: 5.64829158782959
Test acc: 0.1022, IC acc: 0.1339, IC acc2: 0.0028, IW acc: 0.0041
Epoch: 9481, Loss: 5.608614921569824
Epoch: 9482, Loss: 5.618650436401367
Epoch: 9483, Loss: 5.58640718460083
Epoch: 9484, Loss: 5.638552665710449
Epoch: 9485, Loss: 5.6141486167907715
Epoch: 9486, Loss: 5.6240057945251465
Epoch: 9487, Loss: 5.600211143493652
Epoch: 9488, Loss: 5.629207134246826
Epoch: 9489, Loss: 5.636313438415527
Epoch: 9490, Loss: 5.625980854034424
Test acc: 0.1022, IC acc: 0.1337, IC acc2: 0.0027, IW acc: 0.0041
Epoch: 9491, Loss: 5.656007766723633
Epoch: 9492, Loss: 5.61561918258667
Epoch: 9493, Loss: 5.626316547393799
Epoch: 9494, Loss: 5.6077375411987305
Epoch: 9495, Loss: 5.62353515625
Epoch: 9496, Loss: 5.6489386558532715
Epoch: 9497, Loss: 5.658257007598877
Epoch: 9498, Loss: 5.600232124328613
Epoch: 9499, Loss: 5.590375900268555
./circuit_plots/Unrestricted Disentangled|Readout|CN=3|B0=3|B1=3|K=1280|L=320|p_B=0.75|p_C=0.75|B=2|eps=0|c5cf5f29-0828-4665-8316-69edf18d12bd/ already exists.
./circuit_plots/Unrestricted Disentangled|Readout|CN=3|B0=3|B1=3|K=1280|L=320|p_B=0.75|p_C=0.75|B=2|eps=0|c5cf5f29-0828-4665-8316-69edf18d12bd/ already exists.
./circuit_plots/Unrestricted Disentangled|Readout|CN=3|B0=3|B1=3|K=1280|L=320|p_B=0.75|p_C=0.75|B=2|eps=0|c5cf5f29-0828-4665-8316-69edf18d12bd/ already exists.
./circuit_plots/Unrestricted Disentangled|Readout|CN=3|B0=3|B1=3|K=1280|L=320|p_B=0.75|p_C=0.75|B=2|eps=0|c5cf5f29-0828-4665-8316-69edf18d12bd/ already exists.
./circuit_plots/Unrestricted Disentangled|Readout|CN=3|B0=3|B1=3|K=1280|L=320|p_B=0.75|p_C=0.75|B=2|eps=0|c5cf5f29-0828-4665-8316-69edf18d12bd/ already exists.
./circuit_plots/Unrestricted Disentangled|Readout|CN=3|B0=3|B1=3|K=1280|L=320|p_B=0.75|p_C=0.75|B=2|eps=0|c5cf5f29-0828-4665-8316-69edf18d12bd/ already exists.
./circuit_plots/Unrestricted Disentangled|Readout|CN=3|B0=3|B1=3|K=1280|L=320|p_B=0.75|p_C=0.75|B=2|eps=0|c5cf5f29-0828-4665-8316-69edf18d12bd/ already exists.
Epoch: 9500, Loss: 5.640429496765137
Test acc: 0.1025, IC acc: 0.1339, IC acc2: 0.0026, IW acc: 0.0041
Epoch: 9501, Loss: 5.653451442718506
Epoch: 9502, Loss: 5.610602378845215
Epoch: 9503, Loss: 5.601881980895996
Epoch: 9504, Loss: 5.602286338806152
Epoch: 9505, Loss: 5.60639762878418
Epoch: 9506, Loss: 5.627278804779053
Epoch: 9507, Loss: 5.642665386199951
Epoch: 9508, Loss: 5.609198093414307
Epoch: 9509, Loss: 5.6621904373168945
Epoch: 9510, Loss: 5.636486530303955
Test acc: 0.1026, IC acc: 0.1339, IC acc2: 0.0026, IW acc: 0.0042
Epoch: 9511, Loss: 5.631040573120117
Epoch: 9512, Loss: 5.6147661209106445
Epoch: 9513, Loss: 5.642907619476318
Epoch: 9514, Loss: 5.648934364318848
Epoch: 9515, Loss: 5.6228532791137695
Epoch: 9516, Loss: 5.617803573608398
Epoch: 9517, Loss: 5.629667282104492
Epoch: 9518, Loss: 5.613837242126465
Epoch: 9519, Loss: 5.627836227416992
Epoch: 9520, Loss: 5.585488796234131
Test acc: 0.1028, IC acc: 0.1341, IC acc2: 0.0027, IW acc: 0.0041
Epoch: 9521, Loss: 5.590627670288086
Epoch: 9522, Loss: 5.610894203186035
Epoch: 9523, Loss: 5.623293876647949
Epoch: 9524, Loss: 5.595547676086426
Epoch: 9525, Loss: 5.601659297943115
Epoch: 9526, Loss: 5.624065399169922
Epoch: 9527, Loss: 5.614632606506348
Epoch: 9528, Loss: 5.607929706573486
Epoch: 9529, Loss: 5.648167133331299
Epoch: 9530, Loss: 5.63609504699707
Test acc: 0.103, IC acc: 0.1344, IC acc2: 0.0027, IW acc: 0.0041
Epoch: 9531, Loss: 5.61042594909668
Epoch: 9532, Loss: 5.60926628112793
Epoch: 9533, Loss: 5.619626522064209
Epoch: 9534, Loss: 5.607512474060059
Epoch: 9535, Loss: 5.6336517333984375
Epoch: 9536, Loss: 5.630524158477783
Epoch: 9537, Loss: 5.60858154296875
Epoch: 9538, Loss: 5.624265193939209
Epoch: 9539, Loss: 5.619539260864258
Epoch: 9540, Loss: 5.648290634155273
Test acc: 0.1033, IC acc: 0.1347, IC acc2: 0.0028, IW acc: 0.0041
Epoch: 9541, Loss: 5.621369361877441
Epoch: 9542, Loss: 5.621058464050293
Epoch: 9543, Loss: 5.612129211425781
Epoch: 9544, Loss: 5.637332916259766
Epoch: 9545, Loss: 5.6192779541015625
Epoch: 9546, Loss: 5.6340837478637695
Epoch: 9547, Loss: 5.618247985839844
Epoch: 9548, Loss: 5.598848819732666
Epoch: 9549, Loss: 5.587238788604736
./circuit_plots/Unrestricted Disentangled|Readout|CN=3|B0=3|B1=3|K=1280|L=320|p_B=0.75|p_C=0.75|B=2|eps=0|c5cf5f29-0828-4665-8316-69edf18d12bd/ already exists.
./circuit_plots/Unrestricted Disentangled|Readout|CN=3|B0=3|B1=3|K=1280|L=320|p_B=0.75|p_C=0.75|B=2|eps=0|c5cf5f29-0828-4665-8316-69edf18d12bd/ already exists.
./circuit_plots/Unrestricted Disentangled|Readout|CN=3|B0=3|B1=3|K=1280|L=320|p_B=0.75|p_C=0.75|B=2|eps=0|c5cf5f29-0828-4665-8316-69edf18d12bd/ already exists.
./circuit_plots/Unrestricted Disentangled|Readout|CN=3|B0=3|B1=3|K=1280|L=320|p_B=0.75|p_C=0.75|B=2|eps=0|c5cf5f29-0828-4665-8316-69edf18d12bd/ already exists.
./circuit_plots/Unrestricted Disentangled|Readout|CN=3|B0=3|B1=3|K=1280|L=320|p_B=0.75|p_C=0.75|B=2|eps=0|c5cf5f29-0828-4665-8316-69edf18d12bd/ already exists.
./circuit_plots/Unrestricted Disentangled|Readout|CN=3|B0=3|B1=3|K=1280|L=320|p_B=0.75|p_C=0.75|B=2|eps=0|c5cf5f29-0828-4665-8316-69edf18d12bd/ already exists.
./circuit_plots/Unrestricted Disentangled|Readout|CN=3|B0=3|B1=3|K=1280|L=320|p_B=0.75|p_C=0.75|B=2|eps=0|c5cf5f29-0828-4665-8316-69edf18d12bd/ already exists.
Epoch: 9550, Loss: 5.64676570892334
Test acc: 0.1033, IC acc: 0.1349, IC acc2: 0.0027, IW acc: 0.0041
Epoch: 9551, Loss: 5.638989448547363
Epoch: 9552, Loss: 5.609218597412109
Epoch: 9553, Loss: 5.631621360778809
Epoch: 9554, Loss: 5.593411445617676
Epoch: 9555, Loss: 5.626746654510498
Epoch: 9556, Loss: 5.625988960266113
Epoch: 9557, Loss: 5.622232437133789
Epoch: 9558, Loss: 5.618110656738281
Epoch: 9559, Loss: 5.639064788818359
Epoch: 9560, Loss: 5.626697063446045
Test acc: 0.1034, IC acc: 0.1351, IC acc2: 0.0027, IW acc: 0.0041
Epoch: 9561, Loss: 5.613351821899414
Epoch: 9562, Loss: 5.599138259887695
Epoch: 9563, Loss: 5.619619369506836
Epoch: 9564, Loss: 5.61983060836792
Epoch: 9565, Loss: 5.621842861175537
Epoch: 9566, Loss: 5.645914554595947
Epoch: 9567, Loss: 5.633090019226074
Epoch: 9568, Loss: 5.6219329833984375
Epoch: 9569, Loss: 5.619913101196289
Epoch: 9570, Loss: 5.638383388519287
Test acc: 0.1034, IC acc: 0.135, IC acc2: 0.0026, IW acc: 0.0041
Epoch: 9571, Loss: 5.608128547668457
Epoch: 9572, Loss: 5.628604888916016
Epoch: 9573, Loss: 5.622764587402344
Epoch: 9574, Loss: 5.624786853790283
Epoch: 9575, Loss: 5.616702079772949
Epoch: 9576, Loss: 5.614792823791504
Epoch: 9577, Loss: 5.598838806152344
Epoch: 9578, Loss: 5.599562644958496
Epoch: 9579, Loss: 5.613907814025879
Epoch: 9580, Loss: 5.613428115844727
Test acc: 0.1034, IC acc: 0.1354, IC acc2: 0.0026, IW acc: 0.0042
Epoch: 9581, Loss: 5.633976936340332
Epoch: 9582, Loss: 5.609166145324707
Epoch: 9583, Loss: 5.617944240570068
Epoch: 9584, Loss: 5.621484279632568
Epoch: 9585, Loss: 5.612412452697754
Epoch: 9586, Loss: 5.625420093536377
Epoch: 9587, Loss: 5.6268815994262695
Epoch: 9588, Loss: 5.608128070831299
Epoch: 9589, Loss: 5.637705326080322
Epoch: 9590, Loss: 5.62454891204834
Test acc: 0.1035, IC acc: 0.1355, IC acc2: 0.0028, IW acc: 0.0042
Epoch: 9591, Loss: 5.615433692932129
Epoch: 9592, Loss: 5.631965637207031
Epoch: 9593, Loss: 5.628889083862305
Epoch: 9594, Loss: 5.633246421813965
Epoch: 9595, Loss: 5.637779235839844
Epoch: 9596, Loss: 5.6403608322143555
Epoch: 9597, Loss: 5.621392726898193
Epoch: 9598, Loss: 5.668763160705566
Epoch: 9599, Loss: 5.611774444580078
./circuit_plots/Unrestricted Disentangled|Readout|CN=3|B0=3|B1=3|K=1280|L=320|p_B=0.75|p_C=0.75|B=2|eps=0|c5cf5f29-0828-4665-8316-69edf18d12bd/ already exists.
./circuit_plots/Unrestricted Disentangled|Readout|CN=3|B0=3|B1=3|K=1280|L=320|p_B=0.75|p_C=0.75|B=2|eps=0|c5cf5f29-0828-4665-8316-69edf18d12bd/ already exists.
./circuit_plots/Unrestricted Disentangled|Readout|CN=3|B0=3|B1=3|K=1280|L=320|p_B=0.75|p_C=0.75|B=2|eps=0|c5cf5f29-0828-4665-8316-69edf18d12bd/ already exists.
./circuit_plots/Unrestricted Disentangled|Readout|CN=3|B0=3|B1=3|K=1280|L=320|p_B=0.75|p_C=0.75|B=2|eps=0|c5cf5f29-0828-4665-8316-69edf18d12bd/ already exists.
./circuit_plots/Unrestricted Disentangled|Readout|CN=3|B0=3|B1=3|K=1280|L=320|p_B=0.75|p_C=0.75|B=2|eps=0|c5cf5f29-0828-4665-8316-69edf18d12bd/ already exists.
./circuit_plots/Unrestricted Disentangled|Readout|CN=3|B0=3|B1=3|K=1280|L=320|p_B=0.75|p_C=0.75|B=2|eps=0|c5cf5f29-0828-4665-8316-69edf18d12bd/ already exists.
./circuit_plots/Unrestricted Disentangled|Readout|CN=3|B0=3|B1=3|K=1280|L=320|p_B=0.75|p_C=0.75|B=2|eps=0|c5cf5f29-0828-4665-8316-69edf18d12bd/ already exists.
Epoch: 9600, Loss: 5.6590776443481445
Test acc: 0.104, IC acc: 0.1356, IC acc2: 0.0028, IW acc: 0.0042
Epoch: 9601, Loss: 5.616351127624512
Epoch: 9602, Loss: 5.639274597167969
Epoch: 9603, Loss: 5.609869956970215
Epoch: 9604, Loss: 5.622030258178711
Epoch: 9605, Loss: 5.622374534606934
Epoch: 9606, Loss: 5.6131696701049805
Epoch: 9607, Loss: 5.6147613525390625
Epoch: 9608, Loss: 5.631285667419434
Epoch: 9609, Loss: 5.645212173461914
Epoch: 9610, Loss: 5.636043071746826
Test acc: 0.1042, IC acc: 0.1357, IC acc2: 0.0029, IW acc: 0.0042
Epoch: 9611, Loss: 5.6076836585998535
Epoch: 9612, Loss: 5.611998558044434
Epoch: 9613, Loss: 5.627035140991211
Epoch: 9614, Loss: 5.618809223175049
Epoch: 9615, Loss: 5.611781120300293
Epoch: 9616, Loss: 5.597545623779297
Epoch: 9617, Loss: 5.640434265136719
Epoch: 9618, Loss: 5.627559661865234
Epoch: 9619, Loss: 5.595036029815674
Epoch: 9620, Loss: 5.619180679321289
Test acc: 0.1042, IC acc: 0.1359, IC acc2: 0.0028, IW acc: 0.0041
Epoch: 9621, Loss: 5.611904621124268
Epoch: 9622, Loss: 5.637584686279297
Epoch: 9623, Loss: 5.627664089202881
Epoch: 9624, Loss: 5.626641273498535
Epoch: 9625, Loss: 5.631390571594238
Epoch: 9626, Loss: 5.662306308746338
Epoch: 9627, Loss: 5.61500883102417
Epoch: 9628, Loss: 5.602945804595947
Epoch: 9629, Loss: 5.598965167999268
Epoch: 9630, Loss: 5.614516258239746
Test acc: 0.104, IC acc: 0.1361, IC acc2: 0.0027, IW acc: 0.0041
Epoch: 9631, Loss: 5.625123977661133
Epoch: 9632, Loss: 5.62101936340332
Epoch: 9633, Loss: 5.598954200744629
Epoch: 9634, Loss: 5.62117862701416
Epoch: 9635, Loss: 5.641186714172363
Epoch: 9636, Loss: 5.621212005615234
Epoch: 9637, Loss: 5.598714351654053
Epoch: 9638, Loss: 5.639291763305664
Epoch: 9639, Loss: 5.629042625427246
Epoch: 9640, Loss: 5.636648654937744
Test acc: 0.1046, IC acc: 0.1369, IC acc2: 0.0027, IW acc: 0.0041
Epoch: 9641, Loss: 5.618107318878174
Epoch: 9642, Loss: 5.58980131149292
Epoch: 9643, Loss: 5.627813339233398
Epoch: 9644, Loss: 5.654361724853516
Epoch: 9645, Loss: 5.633078098297119
Epoch: 9646, Loss: 5.634958267211914
Epoch: 9647, Loss: 5.634444713592529
Epoch: 9648, Loss: 5.640567779541016
Epoch: 9649, Loss: 5.6449127197265625
./circuit_plots/Unrestricted Disentangled|Readout|CN=3|B0=3|B1=3|K=1280|L=320|p_B=0.75|p_C=0.75|B=2|eps=0|c5cf5f29-0828-4665-8316-69edf18d12bd/ already exists.
./circuit_plots/Unrestricted Disentangled|Readout|CN=3|B0=3|B1=3|K=1280|L=320|p_B=0.75|p_C=0.75|B=2|eps=0|c5cf5f29-0828-4665-8316-69edf18d12bd/ already exists.
./circuit_plots/Unrestricted Disentangled|Readout|CN=3|B0=3|B1=3|K=1280|L=320|p_B=0.75|p_C=0.75|B=2|eps=0|c5cf5f29-0828-4665-8316-69edf18d12bd/ already exists.
./circuit_plots/Unrestricted Disentangled|Readout|CN=3|B0=3|B1=3|K=1280|L=320|p_B=0.75|p_C=0.75|B=2|eps=0|c5cf5f29-0828-4665-8316-69edf18d12bd/ already exists.
./circuit_plots/Unrestricted Disentangled|Readout|CN=3|B0=3|B1=3|K=1280|L=320|p_B=0.75|p_C=0.75|B=2|eps=0|c5cf5f29-0828-4665-8316-69edf18d12bd/ already exists.
./circuit_plots/Unrestricted Disentangled|Readout|CN=3|B0=3|B1=3|K=1280|L=320|p_B=0.75|p_C=0.75|B=2|eps=0|c5cf5f29-0828-4665-8316-69edf18d12bd/ already exists.
./circuit_plots/Unrestricted Disentangled|Readout|CN=3|B0=3|B1=3|K=1280|L=320|p_B=0.75|p_C=0.75|B=2|eps=0|c5cf5f29-0828-4665-8316-69edf18d12bd/ already exists.
Epoch: 9650, Loss: 5.629594802856445
Test acc: 0.1047, IC acc: 0.1368, IC acc2: 0.0028, IW acc: 0.004
Epoch: 9651, Loss: 5.633735179901123
Epoch: 9652, Loss: 5.623630046844482
Epoch: 9653, Loss: 5.608133316040039
Epoch: 9654, Loss: 5.639991283416748
Epoch: 9655, Loss: 5.625742435455322
Epoch: 9656, Loss: 5.621850490570068
Epoch: 9657, Loss: 5.604574203491211
Epoch: 9658, Loss: 5.631143569946289
Epoch: 9659, Loss: 5.60165548324585
Epoch: 9660, Loss: 5.613689422607422
Test acc: 0.1048, IC acc: 0.1369, IC acc2: 0.0029, IW acc: 0.004
Epoch: 9661, Loss: 5.616580009460449
Epoch: 9662, Loss: 5.631198883056641
Epoch: 9663, Loss: 5.603259086608887
Epoch: 9664, Loss: 5.597679138183594
Epoch: 9665, Loss: 5.639533042907715
Epoch: 9666, Loss: 5.5965189933776855
Epoch: 9667, Loss: 5.60630989074707
Epoch: 9668, Loss: 5.6410675048828125
Epoch: 9669, Loss: 5.602497100830078
Epoch: 9670, Loss: 5.6449713706970215
Test acc: 0.1052, IC acc: 0.1371, IC acc2: 0.0029, IW acc: 0.004
Epoch: 9671, Loss: 5.603323936462402
Epoch: 9672, Loss: 5.6068925857543945
Epoch: 9673, Loss: 5.618155479431152
Epoch: 9674, Loss: 5.645225524902344
Epoch: 9675, Loss: 5.604986667633057
Epoch: 9676, Loss: 5.6385579109191895
Epoch: 9677, Loss: 5.591334342956543
Epoch: 9678, Loss: 5.60080623626709
Epoch: 9679, Loss: 5.593441009521484
Epoch: 9680, Loss: 5.603030204772949
Test acc: 0.1054, IC acc: 0.1375, IC acc2: 0.0029, IW acc: 0.0041
Epoch: 9681, Loss: 5.631924629211426
Epoch: 9682, Loss: 5.62324333190918
Epoch: 9683, Loss: 5.617356777191162
Epoch: 9684, Loss: 5.600030422210693
Epoch: 9685, Loss: 5.633811950683594
Epoch: 9686, Loss: 5.597780227661133
Epoch: 9687, Loss: 5.599545478820801
Epoch: 9688, Loss: 5.607987403869629
Epoch: 9689, Loss: 5.638711929321289
Epoch: 9690, Loss: 5.603121757507324
Test acc: 0.1056, IC acc: 0.138, IC acc2: 0.0029, IW acc: 0.004
Epoch: 9691, Loss: 5.6143083572387695
Epoch: 9692, Loss: 5.626110076904297
Epoch: 9693, Loss: 5.618935585021973
Epoch: 9694, Loss: 5.633372783660889
Epoch: 9695, Loss: 5.606098175048828
Epoch: 9696, Loss: 5.620437145233154
Epoch: 9697, Loss: 5.6370439529418945
Epoch: 9698, Loss: 5.588261604309082
Epoch: 9699, Loss: 5.6168694496154785
./circuit_plots/Unrestricted Disentangled|Readout|CN=3|B0=3|B1=3|K=1280|L=320|p_B=0.75|p_C=0.75|B=2|eps=0|c5cf5f29-0828-4665-8316-69edf18d12bd/ already exists.
./circuit_plots/Unrestricted Disentangled|Readout|CN=3|B0=3|B1=3|K=1280|L=320|p_B=0.75|p_C=0.75|B=2|eps=0|c5cf5f29-0828-4665-8316-69edf18d12bd/ already exists.
./circuit_plots/Unrestricted Disentangled|Readout|CN=3|B0=3|B1=3|K=1280|L=320|p_B=0.75|p_C=0.75|B=2|eps=0|c5cf5f29-0828-4665-8316-69edf18d12bd/ already exists.
./circuit_plots/Unrestricted Disentangled|Readout|CN=3|B0=3|B1=3|K=1280|L=320|p_B=0.75|p_C=0.75|B=2|eps=0|c5cf5f29-0828-4665-8316-69edf18d12bd/ already exists.
./circuit_plots/Unrestricted Disentangled|Readout|CN=3|B0=3|B1=3|K=1280|L=320|p_B=0.75|p_C=0.75|B=2|eps=0|c5cf5f29-0828-4665-8316-69edf18d12bd/ already exists.
./circuit_plots/Unrestricted Disentangled|Readout|CN=3|B0=3|B1=3|K=1280|L=320|p_B=0.75|p_C=0.75|B=2|eps=0|c5cf5f29-0828-4665-8316-69edf18d12bd/ already exists.
./circuit_plots/Unrestricted Disentangled|Readout|CN=3|B0=3|B1=3|K=1280|L=320|p_B=0.75|p_C=0.75|B=2|eps=0|c5cf5f29-0828-4665-8316-69edf18d12bd/ already exists.
Epoch: 9700, Loss: 5.636131286621094
Test acc: 0.1055, IC acc: 0.1381, IC acc2: 0.0029, IW acc: 0.004
Epoch: 9701, Loss: 5.64919376373291
Epoch: 9702, Loss: 5.602029800415039
Epoch: 9703, Loss: 5.625154495239258
Epoch: 9704, Loss: 5.618262767791748
Epoch: 9705, Loss: 5.620267868041992
Epoch: 9706, Loss: 5.634851455688477
Epoch: 9707, Loss: 5.6094207763671875
Epoch: 9708, Loss: 5.628359794616699
Epoch: 9709, Loss: 5.633092403411865
Epoch: 9710, Loss: 5.637596130371094
Test acc: 0.1058, IC acc: 0.1384, IC acc2: 0.0029, IW acc: 0.0041
Epoch: 9711, Loss: 5.6061882972717285
Epoch: 9712, Loss: 5.62896203994751
Epoch: 9713, Loss: 5.613119602203369
Epoch: 9714, Loss: 5.6055097579956055
Epoch: 9715, Loss: 5.625583648681641
Epoch: 9716, Loss: 5.637465476989746
Epoch: 9717, Loss: 5.627962112426758
Epoch: 9718, Loss: 5.595210552215576
Epoch: 9719, Loss: 5.628901958465576
Epoch: 9720, Loss: 5.6146240234375
Test acc: 0.1056, IC acc: 0.1385, IC acc2: 0.0029, IW acc: 0.004
Epoch: 9721, Loss: 5.620635986328125
Epoch: 9722, Loss: 5.599005699157715
Epoch: 9723, Loss: 5.6047868728637695
Epoch: 9724, Loss: 5.608367919921875
Epoch: 9725, Loss: 5.643025875091553
Epoch: 9726, Loss: 5.613314628601074
Epoch: 9727, Loss: 5.646395206451416
Epoch: 9728, Loss: 5.621192455291748
Epoch: 9729, Loss: 5.625252723693848
Epoch: 9730, Loss: 5.618773937225342
Test acc: 0.1056, IC acc: 0.1381, IC acc2: 0.0029, IW acc: 0.004
Epoch: 9731, Loss: 5.610573768615723
Epoch: 9732, Loss: 5.62458610534668
Epoch: 9733, Loss: 5.612955093383789
Epoch: 9734, Loss: 5.619497299194336
Epoch: 9735, Loss: 5.626765251159668
Epoch: 9736, Loss: 5.59367561340332
Epoch: 9737, Loss: 5.638251781463623
Epoch: 9738, Loss: 5.605824947357178
Epoch: 9739, Loss: 5.615971565246582
Epoch: 9740, Loss: 5.613779544830322
Test acc: 0.1058, IC acc: 0.1384, IC acc2: 0.0029, IW acc: 0.004
Epoch: 9741, Loss: 5.618740558624268
Epoch: 9742, Loss: 5.608250617980957
Epoch: 9743, Loss: 5.627744674682617
Epoch: 9744, Loss: 5.626265525817871
Epoch: 9745, Loss: 5.569979667663574
Epoch: 9746, Loss: 5.635062217712402
Epoch: 9747, Loss: 5.600154876708984
Epoch: 9748, Loss: 5.624871730804443
Epoch: 9749, Loss: 5.591183185577393
./circuit_plots/Unrestricted Disentangled|Readout|CN=3|B0=3|B1=3|K=1280|L=320|p_B=0.75|p_C=0.75|B=2|eps=0|c5cf5f29-0828-4665-8316-69edf18d12bd/ already exists.
./circuit_plots/Unrestricted Disentangled|Readout|CN=3|B0=3|B1=3|K=1280|L=320|p_B=0.75|p_C=0.75|B=2|eps=0|c5cf5f29-0828-4665-8316-69edf18d12bd/ already exists.
./circuit_plots/Unrestricted Disentangled|Readout|CN=3|B0=3|B1=3|K=1280|L=320|p_B=0.75|p_C=0.75|B=2|eps=0|c5cf5f29-0828-4665-8316-69edf18d12bd/ already exists.
./circuit_plots/Unrestricted Disentangled|Readout|CN=3|B0=3|B1=3|K=1280|L=320|p_B=0.75|p_C=0.75|B=2|eps=0|c5cf5f29-0828-4665-8316-69edf18d12bd/ already exists.
./circuit_plots/Unrestricted Disentangled|Readout|CN=3|B0=3|B1=3|K=1280|L=320|p_B=0.75|p_C=0.75|B=2|eps=0|c5cf5f29-0828-4665-8316-69edf18d12bd/ already exists.
./circuit_plots/Unrestricted Disentangled|Readout|CN=3|B0=3|B1=3|K=1280|L=320|p_B=0.75|p_C=0.75|B=2|eps=0|c5cf5f29-0828-4665-8316-69edf18d12bd/ already exists.
./circuit_plots/Unrestricted Disentangled|Readout|CN=3|B0=3|B1=3|K=1280|L=320|p_B=0.75|p_C=0.75|B=2|eps=0|c5cf5f29-0828-4665-8316-69edf18d12bd/ already exists.
Epoch: 9750, Loss: 5.615180015563965
Test acc: 0.106, IC acc: 0.1383, IC acc2: 0.0029, IW acc: 0.0042
Epoch: 9751, Loss: 5.639659881591797
Epoch: 9752, Loss: 5.6437811851501465
Epoch: 9753, Loss: 5.613035202026367
Epoch: 9754, Loss: 5.633850574493408
Epoch: 9755, Loss: 5.619505882263184
Epoch: 9756, Loss: 5.639598369598389
Epoch: 9757, Loss: 5.634766101837158
Epoch: 9758, Loss: 5.631617546081543
Epoch: 9759, Loss: 5.621916770935059
Epoch: 9760, Loss: 5.621313095092773
Test acc: 0.1062, IC acc: 0.1385, IC acc2: 0.0029, IW acc: 0.0042
Epoch: 9761, Loss: 5.61820125579834
Epoch: 9762, Loss: 5.60759162902832
Epoch: 9763, Loss: 5.630298614501953
Epoch: 9764, Loss: 5.591368198394775
Epoch: 9765, Loss: 5.631333827972412
Epoch: 9766, Loss: 5.588844299316406
Epoch: 9767, Loss: 5.626757621765137
Epoch: 9768, Loss: 5.614202499389648
Epoch: 9769, Loss: 5.609926223754883
Epoch: 9770, Loss: 5.6139044761657715
Test acc: 0.1061, IC acc: 0.139, IC acc2: 0.0029, IW acc: 0.0042
Epoch: 9771, Loss: 5.61180305480957
Epoch: 9772, Loss: 5.614645957946777
Epoch: 9773, Loss: 5.599703788757324
Epoch: 9774, Loss: 5.587409973144531
Epoch: 9775, Loss: 5.624842643737793
Epoch: 9776, Loss: 5.641002655029297
Epoch: 9777, Loss: 5.621116638183594
Epoch: 9778, Loss: 5.62034797668457
Epoch: 9779, Loss: 5.619712829589844
Epoch: 9780, Loss: 5.632661819458008
Test acc: 0.1068, IC acc: 0.1389, IC acc2: 0.0029, IW acc: 0.0042
Epoch: 9781, Loss: 5.623814105987549
Epoch: 9782, Loss: 5.6425065994262695
Epoch: 9783, Loss: 5.595082759857178
Epoch: 9784, Loss: 5.606882095336914
Epoch: 9785, Loss: 5.630606651306152
Epoch: 9786, Loss: 5.598451614379883
Epoch: 9787, Loss: 5.632618427276611
Epoch: 9788, Loss: 5.628064155578613
Epoch: 9789, Loss: 5.611135482788086
Epoch: 9790, Loss: 5.635946273803711
Test acc: 0.1067, IC acc: 0.139, IC acc2: 0.0029, IW acc: 0.0042
Epoch: 9791, Loss: 5.631941795349121
Epoch: 9792, Loss: 5.618413925170898
Epoch: 9793, Loss: 5.609072685241699
Epoch: 9794, Loss: 5.6015729904174805
Epoch: 9795, Loss: 5.607758522033691
Epoch: 9796, Loss: 5.569190979003906
Epoch: 9797, Loss: 5.601762294769287
Epoch: 9798, Loss: 5.613977432250977
Epoch: 9799, Loss: 5.599854469299316
./circuit_plots/Unrestricted Disentangled|Readout|CN=3|B0=3|B1=3|K=1280|L=320|p_B=0.75|p_C=0.75|B=2|eps=0|c5cf5f29-0828-4665-8316-69edf18d12bd/ already exists.
./circuit_plots/Unrestricted Disentangled|Readout|CN=3|B0=3|B1=3|K=1280|L=320|p_B=0.75|p_C=0.75|B=2|eps=0|c5cf5f29-0828-4665-8316-69edf18d12bd/ already exists.
./circuit_plots/Unrestricted Disentangled|Readout|CN=3|B0=3|B1=3|K=1280|L=320|p_B=0.75|p_C=0.75|B=2|eps=0|c5cf5f29-0828-4665-8316-69edf18d12bd/ already exists.
./circuit_plots/Unrestricted Disentangled|Readout|CN=3|B0=3|B1=3|K=1280|L=320|p_B=0.75|p_C=0.75|B=2|eps=0|c5cf5f29-0828-4665-8316-69edf18d12bd/ already exists.
./circuit_plots/Unrestricted Disentangled|Readout|CN=3|B0=3|B1=3|K=1280|L=320|p_B=0.75|p_C=0.75|B=2|eps=0|c5cf5f29-0828-4665-8316-69edf18d12bd/ already exists.
./circuit_plots/Unrestricted Disentangled|Readout|CN=3|B0=3|B1=3|K=1280|L=320|p_B=0.75|p_C=0.75|B=2|eps=0|c5cf5f29-0828-4665-8316-69edf18d12bd/ already exists.
./circuit_plots/Unrestricted Disentangled|Readout|CN=3|B0=3|B1=3|K=1280|L=320|p_B=0.75|p_C=0.75|B=2|eps=0|c5cf5f29-0828-4665-8316-69edf18d12bd/ already exists.
Epoch: 9800, Loss: 5.604701995849609
Test acc: 0.1067, IC acc: 0.1391, IC acc2: 0.0029, IW acc: 0.0042
Epoch: 9801, Loss: 5.588066101074219
Epoch: 9802, Loss: 5.619618892669678
Epoch: 9803, Loss: 5.60189962387085
Epoch: 9804, Loss: 5.643452167510986
Epoch: 9805, Loss: 5.645706653594971
Epoch: 9806, Loss: 5.598311424255371
Epoch: 9807, Loss: 5.602801322937012
Epoch: 9808, Loss: 5.621252536773682
Epoch: 9809, Loss: 5.6173553466796875
Epoch: 9810, Loss: 5.593435287475586
Test acc: 0.1069, IC acc: 0.1395, IC acc2: 0.0029, IW acc: 0.0042
Epoch: 9811, Loss: 5.640018463134766
Epoch: 9812, Loss: 5.63030481338501
Epoch: 9813, Loss: 5.6371235847473145
Epoch: 9814, Loss: 5.592127799987793
Epoch: 9815, Loss: 5.625204563140869
Epoch: 9816, Loss: 5.628451347351074
Epoch: 9817, Loss: 5.610452651977539
Epoch: 9818, Loss: 5.609483242034912
Epoch: 9819, Loss: 5.625936985015869
Epoch: 9820, Loss: 5.63619327545166
Test acc: 0.1073, IC acc: 0.1398, IC acc2: 0.0029, IW acc: 0.0042
Epoch: 9821, Loss: 5.658046722412109
Epoch: 9822, Loss: 5.608778953552246
Epoch: 9823, Loss: 5.623802185058594
Epoch: 9824, Loss: 5.647435188293457
Epoch: 9825, Loss: 5.62143611907959
Epoch: 9826, Loss: 5.610249996185303
Epoch: 9827, Loss: 5.604135036468506
Epoch: 9828, Loss: 5.606328010559082
Epoch: 9829, Loss: 5.616285800933838
Epoch: 9830, Loss: 5.612733840942383
Test acc: 0.1073, IC acc: 0.1398, IC acc2: 0.0029, IW acc: 0.0042
Epoch: 9831, Loss: 5.628615856170654
Epoch: 9832, Loss: 5.638334274291992
Epoch: 9833, Loss: 5.626429080963135
Epoch: 9834, Loss: 5.630300998687744
Epoch: 9835, Loss: 5.593839645385742
Epoch: 9836, Loss: 5.598012447357178
Epoch: 9837, Loss: 5.612621307373047
Epoch: 9838, Loss: 5.5965375900268555
Epoch: 9839, Loss: 5.602372169494629
Epoch: 9840, Loss: 5.640190124511719
Test acc: 0.1075, IC acc: 0.1401, IC acc2: 0.0029, IW acc: 0.0042
Epoch: 9841, Loss: 5.6059417724609375
Epoch: 9842, Loss: 5.622160911560059
Epoch: 9843, Loss: 5.602672576904297
Epoch: 9844, Loss: 5.620151519775391
Epoch: 9845, Loss: 5.6042985916137695
Epoch: 9846, Loss: 5.620612144470215
Epoch: 9847, Loss: 5.639065742492676
Epoch: 9848, Loss: 5.641996383666992
Epoch: 9849, Loss: 5.639886379241943
./circuit_plots/Unrestricted Disentangled|Readout|CN=3|B0=3|B1=3|K=1280|L=320|p_B=0.75|p_C=0.75|B=2|eps=0|c5cf5f29-0828-4665-8316-69edf18d12bd/ already exists.
./circuit_plots/Unrestricted Disentangled|Readout|CN=3|B0=3|B1=3|K=1280|L=320|p_B=0.75|p_C=0.75|B=2|eps=0|c5cf5f29-0828-4665-8316-69edf18d12bd/ already exists.
./circuit_plots/Unrestricted Disentangled|Readout|CN=3|B0=3|B1=3|K=1280|L=320|p_B=0.75|p_C=0.75|B=2|eps=0|c5cf5f29-0828-4665-8316-69edf18d12bd/ already exists.
./circuit_plots/Unrestricted Disentangled|Readout|CN=3|B0=3|B1=3|K=1280|L=320|p_B=0.75|p_C=0.75|B=2|eps=0|c5cf5f29-0828-4665-8316-69edf18d12bd/ already exists.
./circuit_plots/Unrestricted Disentangled|Readout|CN=3|B0=3|B1=3|K=1280|L=320|p_B=0.75|p_C=0.75|B=2|eps=0|c5cf5f29-0828-4665-8316-69edf18d12bd/ already exists.
./circuit_plots/Unrestricted Disentangled|Readout|CN=3|B0=3|B1=3|K=1280|L=320|p_B=0.75|p_C=0.75|B=2|eps=0|c5cf5f29-0828-4665-8316-69edf18d12bd/ already exists.
./circuit_plots/Unrestricted Disentangled|Readout|CN=3|B0=3|B1=3|K=1280|L=320|p_B=0.75|p_C=0.75|B=2|eps=0|c5cf5f29-0828-4665-8316-69edf18d12bd/ already exists.
Epoch: 9850, Loss: 5.627920150756836
Test acc: 0.1077, IC acc: 0.1402, IC acc2: 0.0029, IW acc: 0.0042
Epoch: 9851, Loss: 5.599883556365967
Epoch: 9852, Loss: 5.628878593444824
Epoch: 9853, Loss: 5.617815017700195
Epoch: 9854, Loss: 5.613288402557373
Epoch: 9855, Loss: 5.629343032836914
Epoch: 9856, Loss: 5.620527267456055
Epoch: 9857, Loss: 5.638390064239502
Epoch: 9858, Loss: 5.643178939819336
Epoch: 9859, Loss: 5.629729270935059
Epoch: 9860, Loss: 5.587179183959961
Test acc: 0.108, IC acc: 0.1412, IC acc2: 0.0029, IW acc: 0.0042
Epoch: 9861, Loss: 5.607942581176758
Epoch: 9862, Loss: 5.610383987426758
Epoch: 9863, Loss: 5.649968147277832
Epoch: 9864, Loss: 5.6131815910339355
Epoch: 9865, Loss: 5.628700256347656
Epoch: 9866, Loss: 5.6287841796875
Epoch: 9867, Loss: 5.632002830505371
Epoch: 9868, Loss: 5.630754470825195
Epoch: 9869, Loss: 5.600839614868164
Epoch: 9870, Loss: 5.603655815124512
Test acc: 0.1081, IC acc: 0.1408, IC acc2: 0.0028, IW acc: 0.0043
Epoch: 9871, Loss: 5.626276969909668
Epoch: 9872, Loss: 5.649402141571045
Epoch: 9873, Loss: 5.603452682495117
Epoch: 9874, Loss: 5.622064113616943
Epoch: 9875, Loss: 5.5920891761779785
Epoch: 9876, Loss: 5.617390155792236
Epoch: 9877, Loss: 5.611158847808838
Epoch: 9878, Loss: 5.604367733001709
Epoch: 9879, Loss: 5.610395908355713
Epoch: 9880, Loss: 5.60671329498291
Test acc: 0.1081, IC acc: 0.1412, IC acc2: 0.0028, IW acc: 0.0042
Epoch: 9881, Loss: 5.627185821533203
Epoch: 9882, Loss: 5.599591255187988
Epoch: 9883, Loss: 5.62880802154541
Epoch: 9884, Loss: 5.6096391677856445
Epoch: 9885, Loss: 5.62408447265625
Epoch: 9886, Loss: 5.605644702911377
Epoch: 9887, Loss: 5.615660667419434
Epoch: 9888, Loss: 5.619879245758057
Epoch: 9889, Loss: 5.606227397918701
Epoch: 9890, Loss: 5.5946149826049805
Test acc: 0.1084, IC acc: 0.1414, IC acc2: 0.0028, IW acc: 0.0042
Epoch: 9891, Loss: 5.6190690994262695
Epoch: 9892, Loss: 5.6197052001953125
Epoch: 9893, Loss: 5.623768329620361
Epoch: 9894, Loss: 5.649679183959961
Epoch: 9895, Loss: 5.619524002075195
Epoch: 9896, Loss: 5.648036956787109
Epoch: 9897, Loss: 5.622859954833984
Epoch: 9898, Loss: 5.598150730133057
Epoch: 9899, Loss: 5.633072853088379
./circuit_plots/Unrestricted Disentangled|Readout|CN=3|B0=3|B1=3|K=1280|L=320|p_B=0.75|p_C=0.75|B=2|eps=0|c5cf5f29-0828-4665-8316-69edf18d12bd/ already exists.
./circuit_plots/Unrestricted Disentangled|Readout|CN=3|B0=3|B1=3|K=1280|L=320|p_B=0.75|p_C=0.75|B=2|eps=0|c5cf5f29-0828-4665-8316-69edf18d12bd/ already exists.
./circuit_plots/Unrestricted Disentangled|Readout|CN=3|B0=3|B1=3|K=1280|L=320|p_B=0.75|p_C=0.75|B=2|eps=0|c5cf5f29-0828-4665-8316-69edf18d12bd/ already exists.
./circuit_plots/Unrestricted Disentangled|Readout|CN=3|B0=3|B1=3|K=1280|L=320|p_B=0.75|p_C=0.75|B=2|eps=0|c5cf5f29-0828-4665-8316-69edf18d12bd/ already exists.
./circuit_plots/Unrestricted Disentangled|Readout|CN=3|B0=3|B1=3|K=1280|L=320|p_B=0.75|p_C=0.75|B=2|eps=0|c5cf5f29-0828-4665-8316-69edf18d12bd/ already exists.
./circuit_plots/Unrestricted Disentangled|Readout|CN=3|B0=3|B1=3|K=1280|L=320|p_B=0.75|p_C=0.75|B=2|eps=0|c5cf5f29-0828-4665-8316-69edf18d12bd/ already exists.
./circuit_plots/Unrestricted Disentangled|Readout|CN=3|B0=3|B1=3|K=1280|L=320|p_B=0.75|p_C=0.75|B=2|eps=0|c5cf5f29-0828-4665-8316-69edf18d12bd/ already exists.
Epoch: 9900, Loss: 5.612399101257324
Test acc: 0.1084, IC acc: 0.1414, IC acc2: 0.0028, IW acc: 0.0042
Epoch: 9901, Loss: 5.627323150634766
Epoch: 9902, Loss: 5.625092506408691
Epoch: 9903, Loss: 5.59480619430542
Epoch: 9904, Loss: 5.618210792541504
Epoch: 9905, Loss: 5.636818885803223
Epoch: 9906, Loss: 5.613296985626221
Epoch: 9907, Loss: 5.618186950683594
Epoch: 9908, Loss: 5.615150451660156
Epoch: 9909, Loss: 5.595619201660156
Epoch: 9910, Loss: 5.614278793334961
Test acc: 0.1084, IC acc: 0.1414, IC acc2: 0.0027, IW acc: 0.0043
Epoch: 9911, Loss: 5.591508865356445
Epoch: 9912, Loss: 5.61646842956543
Epoch: 9913, Loss: 5.60891056060791
Epoch: 9914, Loss: 5.629451751708984
Epoch: 9915, Loss: 5.608623027801514
Epoch: 9916, Loss: 5.609928131103516
Epoch: 9917, Loss: 5.602625846862793
Epoch: 9918, Loss: 5.641898155212402
Epoch: 9919, Loss: 5.61004638671875
Epoch: 9920, Loss: 5.633060455322266
Test acc: 0.1087, IC acc: 0.1416, IC acc2: 0.0026, IW acc: 0.0043
Epoch: 9921, Loss: 5.614887237548828
Epoch: 9922, Loss: 5.6111555099487305
Epoch: 9923, Loss: 5.607300758361816
Epoch: 9924, Loss: 5.634365558624268
Epoch: 9925, Loss: 5.609877586364746
Epoch: 9926, Loss: 5.597748756408691
Epoch: 9927, Loss: 5.627872467041016
Epoch: 9928, Loss: 5.609588146209717
Epoch: 9929, Loss: 5.616033554077148
Epoch: 9930, Loss: 5.615779876708984
Test acc: 0.1087, IC acc: 0.1417, IC acc2: 0.0026, IW acc: 0.0043
Epoch: 9931, Loss: 5.590977668762207
Epoch: 9932, Loss: 5.646396160125732
Epoch: 9933, Loss: 5.605306625366211
Epoch: 9934, Loss: 5.60023307800293
Epoch: 9935, Loss: 5.610045433044434
Epoch: 9936, Loss: 5.5863494873046875
Epoch: 9937, Loss: 5.619248390197754
Epoch: 9938, Loss: 5.618535041809082
Epoch: 9939, Loss: 5.622326850891113
Epoch: 9940, Loss: 5.603068828582764
Test acc: 0.1089, IC acc: 0.1421, IC acc2: 0.0026, IW acc: 0.0044
Epoch: 9941, Loss: 5.602532386779785
Epoch: 9942, Loss: 5.631643295288086
Epoch: 9943, Loss: 5.608234882354736
Epoch: 9944, Loss: 5.63226318359375
Epoch: 9945, Loss: 5.633089065551758
Epoch: 9946, Loss: 5.614991188049316
Epoch: 9947, Loss: 5.593531608581543
Epoch: 9948, Loss: 5.624661445617676
Epoch: 9949, Loss: 5.613487243652344
./circuit_plots/Unrestricted Disentangled|Readout|CN=3|B0=3|B1=3|K=1280|L=320|p_B=0.75|p_C=0.75|B=2|eps=0|c5cf5f29-0828-4665-8316-69edf18d12bd/ already exists.
./circuit_plots/Unrestricted Disentangled|Readout|CN=3|B0=3|B1=3|K=1280|L=320|p_B=0.75|p_C=0.75|B=2|eps=0|c5cf5f29-0828-4665-8316-69edf18d12bd/ already exists.
./circuit_plots/Unrestricted Disentangled|Readout|CN=3|B0=3|B1=3|K=1280|L=320|p_B=0.75|p_C=0.75|B=2|eps=0|c5cf5f29-0828-4665-8316-69edf18d12bd/ already exists.
./circuit_plots/Unrestricted Disentangled|Readout|CN=3|B0=3|B1=3|K=1280|L=320|p_B=0.75|p_C=0.75|B=2|eps=0|c5cf5f29-0828-4665-8316-69edf18d12bd/ already exists.
./circuit_plots/Unrestricted Disentangled|Readout|CN=3|B0=3|B1=3|K=1280|L=320|p_B=0.75|p_C=0.75|B=2|eps=0|c5cf5f29-0828-4665-8316-69edf18d12bd/ already exists.
./circuit_plots/Unrestricted Disentangled|Readout|CN=3|B0=3|B1=3|K=1280|L=320|p_B=0.75|p_C=0.75|B=2|eps=0|c5cf5f29-0828-4665-8316-69edf18d12bd/ already exists.
./circuit_plots/Unrestricted Disentangled|Readout|CN=3|B0=3|B1=3|K=1280|L=320|p_B=0.75|p_C=0.75|B=2|eps=0|c5cf5f29-0828-4665-8316-69edf18d12bd/ already exists.
Epoch: 9950, Loss: 5.611945152282715
Test acc: 0.1087, IC acc: 0.1424, IC acc2: 0.0026, IW acc: 0.0044
Epoch: 9951, Loss: 5.5729475021362305
Epoch: 9952, Loss: 5.600870609283447
Epoch: 9953, Loss: 5.607991695404053
Epoch: 9954, Loss: 5.623286724090576
Epoch: 9955, Loss: 5.6291608810424805
Epoch: 9956, Loss: 5.630171775817871
Epoch: 9957, Loss: 5.616931438446045
Epoch: 9958, Loss: 5.602099418640137
Epoch: 9959, Loss: 5.59658145904541
Epoch: 9960, Loss: 5.615355491638184
Test acc: 0.1092, IC acc: 0.142, IC acc2: 0.0027, IW acc: 0.0043
Epoch: 9961, Loss: 5.59957218170166
Epoch: 9962, Loss: 5.592226982116699
Epoch: 9963, Loss: 5.631381034851074
Epoch: 9964, Loss: 5.627840518951416
Epoch: 9965, Loss: 5.593966007232666
Epoch: 9966, Loss: 5.60100793838501
Epoch: 9967, Loss: 5.614249229431152
Epoch: 9968, Loss: 5.645330429077148
Epoch: 9969, Loss: 5.621214389801025
Epoch: 9970, Loss: 5.603275299072266
Test acc: 0.1091, IC acc: 0.1423, IC acc2: 0.0026, IW acc: 0.0043
Epoch: 9971, Loss: 5.612293243408203
Epoch: 9972, Loss: 5.6088457107543945
Epoch: 9973, Loss: 5.655957221984863
Epoch: 9974, Loss: 5.629837989807129
Epoch: 9975, Loss: 5.613515377044678
Epoch: 9976, Loss: 5.592801570892334
Epoch: 9977, Loss: 5.606043815612793
Epoch: 9978, Loss: 5.6359453201293945
Epoch: 9979, Loss: 5.618429183959961
Epoch: 9980, Loss: 5.632707595825195
Test acc: 0.1094, IC acc: 0.1426, IC acc2: 0.0026, IW acc: 0.0044
Epoch: 9981, Loss: 5.620606422424316
Epoch: 9982, Loss: 5.628993034362793
Epoch: 9983, Loss: 5.568577766418457
Epoch: 9984, Loss: 5.616209030151367
Epoch: 9985, Loss: 5.660194396972656
Epoch: 9986, Loss: 5.603816032409668
Epoch: 9987, Loss: 5.619960784912109
Epoch: 9988, Loss: 5.605100631713867
Epoch: 9989, Loss: 5.6338396072387695
Epoch: 9990, Loss: 5.632751941680908
Test acc: 0.1096, IC acc: 0.1426, IC acc2: 0.0026, IW acc: 0.0043
Epoch: 9991, Loss: 5.646968841552734
Epoch: 9992, Loss: 5.614971160888672
Epoch: 9993, Loss: 5.625729560852051
Epoch: 9994, Loss: 5.609676361083984
Epoch: 9995, Loss: 5.605066299438477
Epoch: 9996, Loss: 5.608903408050537
Epoch: 9997, Loss: 5.605807304382324
Epoch: 9998, Loss: 5.623064041137695
Epoch: 9999, Loss: 5.607074737548828
