NOT USING MLP
RestrictedDisentangledTransformer(
  (transformer_block_0): DisentangledTransformerBlock(
    (causal_block): DisentangledCausalAttention(
      (W_QK): Linear(in_features=80, out_features=80, bias=False)
      (W_V): Linear(in_features=80, out_features=80, bias=False)
    )
  )
  (transformer_block_1): DisentangledTransformerBlock(
    (causal_block): DisentangledCausalAttention(
      (W_QK): Linear(in_features=160, out_features=160, bias=False)
      (W_V): Linear(in_features=160, out_features=160, bias=False)
    )
  )
  (W_O): Linear(in_features=320, out_features=320, bias=True)
  (mlp): Readout()
)
Running experiment Unrestricted Disentangled|Readout|CN=3|B0=0|B1=2|K=1280|L=320|p_B=0.75|p_C=0.75|B=2|eps=0|cf538942-d2b2-427e-876d-3ee26c12f82b
./circuit_plots/Unrestricted Disentangled|Readout|CN=3|B0=0|B1=2|K=1280|L=320|p_B=0.75|p_C=0.75|B=2|eps=0|cf538942-d2b2-427e-876d-3ee26c12f82b/ already exists.
./circuit_plots/Unrestricted Disentangled|Readout|CN=3|B0=0|B1=2|K=1280|L=320|p_B=0.75|p_C=0.75|B=2|eps=0|cf538942-d2b2-427e-876d-3ee26c12f82b/ already exists.
Epoch: 0, Loss: 5.785996913909912
Test acc: 0.0025, IC acc: 0.0023, IC acc2: 0.0029, IW acc: 0.0036
Epoch: 1, Loss: 5.782007217407227
Epoch: 2, Loss: 5.781538486480713
Epoch: 3, Loss: 5.779975891113281
Epoch: 4, Loss: 5.771149158477783
Epoch: 5, Loss: 5.789704322814941
Epoch: 6, Loss: 5.767054080963135
Epoch: 7, Loss: 5.771458625793457
Epoch: 8, Loss: 5.753911018371582
Epoch: 9, Loss: 5.7718305587768555
Epoch: 10, Loss: 5.777966499328613
Test acc: 0.0025, IC acc: 0.0023, IC acc2: 0.0028, IW acc: 0.0036
Epoch: 11, Loss: 5.771543979644775
Epoch: 12, Loss: 5.767709255218506
Epoch: 13, Loss: 5.78769588470459
Epoch: 14, Loss: 5.789963722229004
Epoch: 15, Loss: 5.765087604522705
Epoch: 16, Loss: 5.774181365966797
Epoch: 17, Loss: 5.774815082550049
Epoch: 18, Loss: 5.789830684661865
Epoch: 19, Loss: 5.774650573730469
Epoch: 20, Loss: 5.794965744018555
Test acc: 0.0025, IC acc: 0.0023, IC acc2: 0.0027, IW acc: 0.0036
Epoch: 21, Loss: 5.785003662109375
Epoch: 22, Loss: 5.771389961242676
Epoch: 23, Loss: 5.767650604248047
Epoch: 24, Loss: 5.77410364151001
Epoch: 25, Loss: 5.790322303771973
Epoch: 26, Loss: 5.779088973999023
Epoch: 27, Loss: 5.787610054016113
Epoch: 28, Loss: 5.776290416717529
Epoch: 29, Loss: 5.774831771850586
Epoch: 30, Loss: 5.770242691040039
Test acc: 0.0025, IC acc: 0.0023, IC acc2: 0.0027, IW acc: 0.0036
Epoch: 31, Loss: 5.786689758300781
Epoch: 32, Loss: 5.7817063331604
Epoch: 33, Loss: 5.768434524536133
Epoch: 34, Loss: 5.775496482849121
Epoch: 35, Loss: 5.779430866241455
Epoch: 36, Loss: 5.775956153869629
Epoch: 37, Loss: 5.7765936851501465
Epoch: 38, Loss: 5.774252891540527
Epoch: 39, Loss: 5.773040771484375
Epoch: 40, Loss: 5.776329040527344
Test acc: 0.0025, IC acc: 0.0023, IC acc2: 0.0028, IW acc: 0.0036
Epoch: 41, Loss: 5.772459983825684
Epoch: 42, Loss: 5.772011756896973
Epoch: 43, Loss: 5.762722015380859
Epoch: 44, Loss: 5.790079116821289
Epoch: 45, Loss: 5.788959503173828
Epoch: 46, Loss: 5.76987361907959
Epoch: 47, Loss: 5.764891624450684
Epoch: 48, Loss: 5.782172679901123
Epoch: 49, Loss: 5.766946792602539
./circuit_plots/Unrestricted Disentangled|Readout|CN=3|B0=0|B1=2|K=1280|L=320|p_B=0.75|p_C=0.75|B=2|eps=0|cf538942-d2b2-427e-876d-3ee26c12f82b/ already exists.
./circuit_plots/Unrestricted Disentangled|Readout|CN=3|B0=0|B1=2|K=1280|L=320|p_B=0.75|p_C=0.75|B=2|eps=0|cf538942-d2b2-427e-876d-3ee26c12f82b/ already exists.
./circuit_plots/Unrestricted Disentangled|Readout|CN=3|B0=0|B1=2|K=1280|L=320|p_B=0.75|p_C=0.75|B=2|eps=0|cf538942-d2b2-427e-876d-3ee26c12f82b/ already exists.
./circuit_plots/Unrestricted Disentangled|Readout|CN=3|B0=0|B1=2|K=1280|L=320|p_B=0.75|p_C=0.75|B=2|eps=0|cf538942-d2b2-427e-876d-3ee26c12f82b/ already exists.
./circuit_plots/Unrestricted Disentangled|Readout|CN=3|B0=0|B1=2|K=1280|L=320|p_B=0.75|p_C=0.75|B=2|eps=0|cf538942-d2b2-427e-876d-3ee26c12f82b/ already exists.
./circuit_plots/Unrestricted Disentangled|Readout|CN=3|B0=0|B1=2|K=1280|L=320|p_B=0.75|p_C=0.75|B=2|eps=0|cf538942-d2b2-427e-876d-3ee26c12f82b/ already exists.
./circuit_plots/Unrestricted Disentangled|Readout|CN=3|B0=0|B1=2|K=1280|L=320|p_B=0.75|p_C=0.75|B=2|eps=0|cf538942-d2b2-427e-876d-3ee26c12f82b/ already exists.
Epoch: 50, Loss: 5.777798652648926
Test acc: 0.0025, IC acc: 0.0026, IC acc2: 0.0027, IW acc: 0.0036
Epoch: 51, Loss: 5.792541980743408
Epoch: 52, Loss: 5.770363807678223
Epoch: 53, Loss: 5.766203880310059
Epoch: 54, Loss: 5.784217834472656
Epoch: 55, Loss: 5.773940086364746
Epoch: 56, Loss: 5.762581825256348
Epoch: 57, Loss: 5.800356864929199
Epoch: 58, Loss: 5.784029483795166
Epoch: 59, Loss: 5.758049964904785
Epoch: 60, Loss: 5.789006233215332
Test acc: 0.0025, IC acc: 0.0026, IC acc2: 0.0027, IW acc: 0.0036
Epoch: 61, Loss: 5.776366233825684
Epoch: 62, Loss: 5.777309417724609
Epoch: 63, Loss: 5.758153915405273
Epoch: 64, Loss: 5.778105735778809
Epoch: 65, Loss: 5.764596462249756
Epoch: 66, Loss: 5.767644882202148
Epoch: 67, Loss: 5.7822160720825195
Epoch: 68, Loss: 5.774645805358887
Epoch: 69, Loss: 5.776238441467285
Epoch: 70, Loss: 5.766881465911865
Test acc: 0.0026, IC acc: 0.0026, IC acc2: 0.0027, IW acc: 0.0036
Epoch: 71, Loss: 5.786515235900879
Epoch: 72, Loss: 5.772670745849609
Epoch: 73, Loss: 5.766809940338135
Epoch: 74, Loss: 5.7638092041015625
Epoch: 75, Loss: 5.75832462310791
Epoch: 76, Loss: 5.773585796356201
Epoch: 77, Loss: 5.780457019805908
Epoch: 78, Loss: 5.776930809020996
Epoch: 79, Loss: 5.763001441955566
Epoch: 80, Loss: 5.77924108505249
Test acc: 0.0026, IC acc: 0.0026, IC acc2: 0.0026, IW acc: 0.0037
Epoch: 81, Loss: 5.780550003051758
Epoch: 82, Loss: 5.756423473358154
Epoch: 83, Loss: 5.762234687805176
Epoch: 84, Loss: 5.768967151641846
Epoch: 85, Loss: 5.774467945098877
Epoch: 86, Loss: 5.783495903015137
Epoch: 87, Loss: 5.775487899780273
Epoch: 88, Loss: 5.776410102844238
Epoch: 89, Loss: 5.770747184753418
Epoch: 90, Loss: 5.7757954597473145
Test acc: 0.0027, IC acc: 0.0027, IC acc2: 0.0026, IW acc: 0.0037
Epoch: 91, Loss: 5.779206275939941
Epoch: 92, Loss: 5.769845962524414
Epoch: 93, Loss: 5.787692546844482
Epoch: 94, Loss: 5.777149200439453
Epoch: 95, Loss: 5.777063369750977
Epoch: 96, Loss: 5.7466583251953125
Epoch: 97, Loss: 5.791721820831299
Epoch: 98, Loss: 5.765805244445801
Epoch: 99, Loss: 5.7709736824035645
./circuit_plots/Unrestricted Disentangled|Readout|CN=3|B0=0|B1=2|K=1280|L=320|p_B=0.75|p_C=0.75|B=2|eps=0|cf538942-d2b2-427e-876d-3ee26c12f82b/ already exists.
./circuit_plots/Unrestricted Disentangled|Readout|CN=3|B0=0|B1=2|K=1280|L=320|p_B=0.75|p_C=0.75|B=2|eps=0|cf538942-d2b2-427e-876d-3ee26c12f82b/ already exists.
./circuit_plots/Unrestricted Disentangled|Readout|CN=3|B0=0|B1=2|K=1280|L=320|p_B=0.75|p_C=0.75|B=2|eps=0|cf538942-d2b2-427e-876d-3ee26c12f82b/ already exists.
./circuit_plots/Unrestricted Disentangled|Readout|CN=3|B0=0|B1=2|K=1280|L=320|p_B=0.75|p_C=0.75|B=2|eps=0|cf538942-d2b2-427e-876d-3ee26c12f82b/ already exists.
./circuit_plots/Unrestricted Disentangled|Readout|CN=3|B0=0|B1=2|K=1280|L=320|p_B=0.75|p_C=0.75|B=2|eps=0|cf538942-d2b2-427e-876d-3ee26c12f82b/ already exists.
./circuit_plots/Unrestricted Disentangled|Readout|CN=3|B0=0|B1=2|K=1280|L=320|p_B=0.75|p_C=0.75|B=2|eps=0|cf538942-d2b2-427e-876d-3ee26c12f82b/ already exists.
./circuit_plots/Unrestricted Disentangled|Readout|CN=3|B0=0|B1=2|K=1280|L=320|p_B=0.75|p_C=0.75|B=2|eps=0|cf538942-d2b2-427e-876d-3ee26c12f82b/ already exists.
Epoch: 100, Loss: 5.767478942871094
Test acc: 0.0027, IC acc: 0.0027, IC acc2: 0.0027, IW acc: 0.0037
Epoch: 101, Loss: 5.773788928985596
Epoch: 102, Loss: 5.767742156982422
Epoch: 103, Loss: 5.755034923553467
Epoch: 104, Loss: 5.7723236083984375
Epoch: 105, Loss: 5.762076377868652
Epoch: 106, Loss: 5.775479793548584
Epoch: 107, Loss: 5.781398296356201
Epoch: 108, Loss: 5.767487049102783
Epoch: 109, Loss: 5.783191680908203
Epoch: 110, Loss: 5.754552841186523
Test acc: 0.0027, IC acc: 0.0028, IC acc2: 0.0027, IW acc: 0.0036
Epoch: 111, Loss: 5.784605503082275
Epoch: 112, Loss: 5.776458740234375
Epoch: 113, Loss: 5.756076812744141
Epoch: 114, Loss: 5.7804436683654785
Epoch: 115, Loss: 5.777204990386963
Epoch: 116, Loss: 5.774553298950195
Epoch: 117, Loss: 5.7749834060668945
Epoch: 118, Loss: 5.774730682373047
Epoch: 119, Loss: 5.790726661682129
Epoch: 120, Loss: 5.770985126495361
Test acc: 0.0027, IC acc: 0.0028, IC acc2: 0.0026, IW acc: 0.0035
Epoch: 121, Loss: 5.77864933013916
Epoch: 122, Loss: 5.771454334259033
Epoch: 123, Loss: 5.786377906799316
Epoch: 124, Loss: 5.759965896606445
Epoch: 125, Loss: 5.760401248931885
Epoch: 126, Loss: 5.768960952758789
Epoch: 127, Loss: 5.793874740600586
Epoch: 128, Loss: 5.783165454864502
Epoch: 129, Loss: 5.776074409484863
Epoch: 130, Loss: 5.776050567626953
Test acc: 0.0027, IC acc: 0.0028, IC acc2: 0.0026, IW acc: 0.0036
Epoch: 131, Loss: 5.751548767089844
Epoch: 132, Loss: 5.766790866851807
Epoch: 133, Loss: 5.780690670013428
Epoch: 134, Loss: 5.760490417480469
Epoch: 135, Loss: 5.766260147094727
Epoch: 136, Loss: 5.781579971313477
Epoch: 137, Loss: 5.777863025665283
Epoch: 138, Loss: 5.75986385345459
Epoch: 139, Loss: 5.766149044036865
Epoch: 140, Loss: 5.785758018493652
Test acc: 0.0027, IC acc: 0.0028, IC acc2: 0.0026, IW acc: 0.0035
Epoch: 141, Loss: 5.767444610595703
Epoch: 142, Loss: 5.766816139221191
Epoch: 143, Loss: 5.773460865020752
Epoch: 144, Loss: 5.788426399230957
Epoch: 145, Loss: 5.776991844177246
Epoch: 146, Loss: 5.768049240112305
Epoch: 147, Loss: 5.783508777618408
Epoch: 148, Loss: 5.793100357055664
Epoch: 149, Loss: 5.77699089050293
./circuit_plots/Unrestricted Disentangled|Readout|CN=3|B0=0|B1=2|K=1280|L=320|p_B=0.75|p_C=0.75|B=2|eps=0|cf538942-d2b2-427e-876d-3ee26c12f82b/ already exists.
./circuit_plots/Unrestricted Disentangled|Readout|CN=3|B0=0|B1=2|K=1280|L=320|p_B=0.75|p_C=0.75|B=2|eps=0|cf538942-d2b2-427e-876d-3ee26c12f82b/ already exists.
./circuit_plots/Unrestricted Disentangled|Readout|CN=3|B0=0|B1=2|K=1280|L=320|p_B=0.75|p_C=0.75|B=2|eps=0|cf538942-d2b2-427e-876d-3ee26c12f82b/ already exists.
./circuit_plots/Unrestricted Disentangled|Readout|CN=3|B0=0|B1=2|K=1280|L=320|p_B=0.75|p_C=0.75|B=2|eps=0|cf538942-d2b2-427e-876d-3ee26c12f82b/ already exists.
./circuit_plots/Unrestricted Disentangled|Readout|CN=3|B0=0|B1=2|K=1280|L=320|p_B=0.75|p_C=0.75|B=2|eps=0|cf538942-d2b2-427e-876d-3ee26c12f82b/ already exists.
./circuit_plots/Unrestricted Disentangled|Readout|CN=3|B0=0|B1=2|K=1280|L=320|p_B=0.75|p_C=0.75|B=2|eps=0|cf538942-d2b2-427e-876d-3ee26c12f82b/ already exists.
./circuit_plots/Unrestricted Disentangled|Readout|CN=3|B0=0|B1=2|K=1280|L=320|p_B=0.75|p_C=0.75|B=2|eps=0|cf538942-d2b2-427e-876d-3ee26c12f82b/ already exists.
Epoch: 150, Loss: 5.762933731079102
Test acc: 0.0027, IC acc: 0.0028, IC acc2: 0.0026, IW acc: 0.0035
Epoch: 151, Loss: 5.766490459442139
Epoch: 152, Loss: 5.776984214782715
Epoch: 153, Loss: 5.769629001617432
Epoch: 154, Loss: 5.785116195678711
Epoch: 155, Loss: 5.776876449584961
Epoch: 156, Loss: 5.780866622924805
Epoch: 157, Loss: 5.769415378570557
Epoch: 158, Loss: 5.784232139587402
Epoch: 159, Loss: 5.770455837249756
Epoch: 160, Loss: 5.77034854888916
Test acc: 0.0027, IC acc: 0.0028, IC acc2: 0.0026, IW acc: 0.0035
Epoch: 161, Loss: 5.783565998077393
Epoch: 162, Loss: 5.775360107421875
Epoch: 163, Loss: 5.770622730255127
Epoch: 164, Loss: 5.777701377868652
Epoch: 165, Loss: 5.791199684143066
Epoch: 166, Loss: 5.771902084350586
Epoch: 167, Loss: 5.7733964920043945
Epoch: 168, Loss: 5.768071174621582
Epoch: 169, Loss: 5.762911319732666
Epoch: 170, Loss: 5.774467945098877
Test acc: 0.0028, IC acc: 0.0029, IC acc2: 0.0027, IW acc: 0.0037
Epoch: 171, Loss: 5.765389442443848
Epoch: 172, Loss: 5.782513618469238
Epoch: 173, Loss: 5.75870418548584
Epoch: 174, Loss: 5.762077808380127
Epoch: 175, Loss: 5.788620948791504
Epoch: 176, Loss: 5.779189586639404
Epoch: 177, Loss: 5.755669593811035
Epoch: 178, Loss: 5.771060943603516
Epoch: 179, Loss: 5.763216972351074
Epoch: 180, Loss: 5.772426605224609
Test acc: 0.0028, IC acc: 0.0029, IC acc2: 0.0027, IW acc: 0.0037
Epoch: 181, Loss: 5.768928527832031
Epoch: 182, Loss: 5.764522552490234
Epoch: 183, Loss: 5.778538703918457
Epoch: 184, Loss: 5.774274826049805
Epoch: 185, Loss: 5.780732154846191
Epoch: 186, Loss: 5.780842304229736
Epoch: 187, Loss: 5.775232791900635
Epoch: 188, Loss: 5.783918380737305
Epoch: 189, Loss: 5.7843546867370605
Epoch: 190, Loss: 5.77122163772583
Test acc: 0.0028, IC acc: 0.0029, IC acc2: 0.0027, IW acc: 0.0037
Epoch: 191, Loss: 5.757871627807617
Epoch: 192, Loss: 5.769161701202393
Epoch: 193, Loss: 5.785933494567871
Epoch: 194, Loss: 5.76978874206543
Epoch: 195, Loss: 5.778912544250488
Epoch: 196, Loss: 5.776657581329346
Epoch: 197, Loss: 5.755594253540039
Epoch: 198, Loss: 5.780018329620361
Epoch: 199, Loss: 5.779816627502441
./circuit_plots/Unrestricted Disentangled|Readout|CN=3|B0=0|B1=2|K=1280|L=320|p_B=0.75|p_C=0.75|B=2|eps=0|cf538942-d2b2-427e-876d-3ee26c12f82b/ already exists.
./circuit_plots/Unrestricted Disentangled|Readout|CN=3|B0=0|B1=2|K=1280|L=320|p_B=0.75|p_C=0.75|B=2|eps=0|cf538942-d2b2-427e-876d-3ee26c12f82b/ already exists.
./circuit_plots/Unrestricted Disentangled|Readout|CN=3|B0=0|B1=2|K=1280|L=320|p_B=0.75|p_C=0.75|B=2|eps=0|cf538942-d2b2-427e-876d-3ee26c12f82b/ already exists.
./circuit_plots/Unrestricted Disentangled|Readout|CN=3|B0=0|B1=2|K=1280|L=320|p_B=0.75|p_C=0.75|B=2|eps=0|cf538942-d2b2-427e-876d-3ee26c12f82b/ already exists.
./circuit_plots/Unrestricted Disentangled|Readout|CN=3|B0=0|B1=2|K=1280|L=320|p_B=0.75|p_C=0.75|B=2|eps=0|cf538942-d2b2-427e-876d-3ee26c12f82b/ already exists.
./circuit_plots/Unrestricted Disentangled|Readout|CN=3|B0=0|B1=2|K=1280|L=320|p_B=0.75|p_C=0.75|B=2|eps=0|cf538942-d2b2-427e-876d-3ee26c12f82b/ already exists.
./circuit_plots/Unrestricted Disentangled|Readout|CN=3|B0=0|B1=2|K=1280|L=320|p_B=0.75|p_C=0.75|B=2|eps=0|cf538942-d2b2-427e-876d-3ee26c12f82b/ already exists.
Epoch: 200, Loss: 5.786787033081055
Test acc: 0.0028, IC acc: 0.0029, IC acc2: 0.0027, IW acc: 0.0037
Epoch: 201, Loss: 5.77336311340332
Epoch: 202, Loss: 5.769423007965088
Epoch: 203, Loss: 5.756168365478516
Epoch: 204, Loss: 5.776307106018066
Epoch: 205, Loss: 5.777861595153809
Epoch: 206, Loss: 5.771382808685303
Epoch: 207, Loss: 5.7860846519470215
Epoch: 208, Loss: 5.765470504760742
Epoch: 209, Loss: 5.764808654785156
Epoch: 210, Loss: 5.781708717346191
Test acc: 0.0028, IC acc: 0.0029, IC acc2: 0.0027, IW acc: 0.0037
Epoch: 211, Loss: 5.77012825012207
Epoch: 212, Loss: 5.773436546325684
Epoch: 213, Loss: 5.785582542419434
Epoch: 214, Loss: 5.784353256225586
Epoch: 215, Loss: 5.780848503112793
Epoch: 216, Loss: 5.775982856750488
Epoch: 217, Loss: 5.781654357910156
Epoch: 218, Loss: 5.771059036254883
Epoch: 219, Loss: 5.74616003036499
Epoch: 220, Loss: 5.772247791290283
Test acc: 0.0028, IC acc: 0.0029, IC acc2: 0.0027, IW acc: 0.0036
Epoch: 221, Loss: 5.779389381408691
Epoch: 222, Loss: 5.7699785232543945
Epoch: 223, Loss: 5.768681526184082
Epoch: 224, Loss: 5.781531810760498
Epoch: 225, Loss: 5.775740623474121
Epoch: 226, Loss: 5.765871047973633
Epoch: 227, Loss: 5.784721374511719
Epoch: 228, Loss: 5.790579795837402
Epoch: 229, Loss: 5.7749738693237305
Epoch: 230, Loss: 5.782163619995117
Test acc: 0.0028, IC acc: 0.0029, IC acc2: 0.0027, IW acc: 0.0036
Epoch: 231, Loss: 5.779892921447754
Epoch: 232, Loss: 5.757458209991455
Epoch: 233, Loss: 5.799832344055176
Epoch: 234, Loss: 5.774768829345703
Epoch: 235, Loss: 5.766849517822266
Epoch: 236, Loss: 5.76776123046875
Epoch: 237, Loss: 5.765199661254883
Epoch: 238, Loss: 5.764534950256348
Epoch: 239, Loss: 5.770790100097656
Epoch: 240, Loss: 5.761667728424072
Test acc: 0.0028, IC acc: 0.0029, IC acc2: 0.0027, IW acc: 0.0037
Epoch: 241, Loss: 5.773348331451416
Epoch: 242, Loss: 5.781985282897949
Epoch: 243, Loss: 5.7676239013671875
Epoch: 244, Loss: 5.773865699768066
Epoch: 245, Loss: 5.786118507385254
Epoch: 246, Loss: 5.782261371612549
Epoch: 247, Loss: 5.78348445892334
Epoch: 248, Loss: 5.774848937988281
Epoch: 249, Loss: 5.768671035766602
./circuit_plots/Unrestricted Disentangled|Readout|CN=3|B0=0|B1=2|K=1280|L=320|p_B=0.75|p_C=0.75|B=2|eps=0|cf538942-d2b2-427e-876d-3ee26c12f82b/ already exists.
./circuit_plots/Unrestricted Disentangled|Readout|CN=3|B0=0|B1=2|K=1280|L=320|p_B=0.75|p_C=0.75|B=2|eps=0|cf538942-d2b2-427e-876d-3ee26c12f82b/ already exists.
./circuit_plots/Unrestricted Disentangled|Readout|CN=3|B0=0|B1=2|K=1280|L=320|p_B=0.75|p_C=0.75|B=2|eps=0|cf538942-d2b2-427e-876d-3ee26c12f82b/ already exists.
./circuit_plots/Unrestricted Disentangled|Readout|CN=3|B0=0|B1=2|K=1280|L=320|p_B=0.75|p_C=0.75|B=2|eps=0|cf538942-d2b2-427e-876d-3ee26c12f82b/ already exists.
./circuit_plots/Unrestricted Disentangled|Readout|CN=3|B0=0|B1=2|K=1280|L=320|p_B=0.75|p_C=0.75|B=2|eps=0|cf538942-d2b2-427e-876d-3ee26c12f82b/ already exists.
./circuit_plots/Unrestricted Disentangled|Readout|CN=3|B0=0|B1=2|K=1280|L=320|p_B=0.75|p_C=0.75|B=2|eps=0|cf538942-d2b2-427e-876d-3ee26c12f82b/ already exists.
./circuit_plots/Unrestricted Disentangled|Readout|CN=3|B0=0|B1=2|K=1280|L=320|p_B=0.75|p_C=0.75|B=2|eps=0|cf538942-d2b2-427e-876d-3ee26c12f82b/ already exists.
Epoch: 250, Loss: 5.783351421356201
Test acc: 0.0028, IC acc: 0.0029, IC acc2: 0.0027, IW acc: 0.0036
Epoch: 251, Loss: 5.7708821296691895
Epoch: 252, Loss: 5.754829406738281
Epoch: 253, Loss: 5.776880264282227
Epoch: 254, Loss: 5.782472610473633
Epoch: 255, Loss: 5.772182464599609
Epoch: 256, Loss: 5.772259712219238
Epoch: 257, Loss: 5.77357292175293
Epoch: 258, Loss: 5.775758266448975
Epoch: 259, Loss: 5.762985706329346
Epoch: 260, Loss: 5.779952049255371
Test acc: 0.0028, IC acc: 0.0029, IC acc2: 0.0027, IW acc: 0.0037
Epoch: 261, Loss: 5.77518892288208
Epoch: 262, Loss: 5.781088829040527
Epoch: 263, Loss: 5.769342422485352
Epoch: 264, Loss: 5.772306442260742
Epoch: 265, Loss: 5.780418872833252
Epoch: 266, Loss: 5.776735305786133
Epoch: 267, Loss: 5.772700309753418
Epoch: 268, Loss: 5.768563270568848
Epoch: 269, Loss: 5.782228946685791
Epoch: 270, Loss: 5.7730278968811035
Test acc: 0.0028, IC acc: 0.003, IC acc2: 0.0026, IW acc: 0.0038
Epoch: 271, Loss: 5.772037982940674
Epoch: 272, Loss: 5.776242256164551
Epoch: 273, Loss: 5.772389888763428
Epoch: 274, Loss: 5.779966354370117
Epoch: 275, Loss: 5.776799201965332
Epoch: 276, Loss: 5.756690979003906
Epoch: 277, Loss: 5.772648334503174
Epoch: 278, Loss: 5.771111965179443
Epoch: 279, Loss: 5.78480339050293
Epoch: 280, Loss: 5.768486976623535
Test acc: 0.0028, IC acc: 0.003, IC acc2: 0.0027, IW acc: 0.0038
Epoch: 281, Loss: 5.7684760093688965
Epoch: 282, Loss: 5.757516860961914
Epoch: 283, Loss: 5.763308525085449
Epoch: 284, Loss: 5.768350601196289
Epoch: 285, Loss: 5.776139259338379
Epoch: 286, Loss: 5.764267921447754
Epoch: 287, Loss: 5.759929180145264
Epoch: 288, Loss: 5.769826889038086
Epoch: 289, Loss: 5.765222549438477
Epoch: 290, Loss: 5.780332088470459
Test acc: 0.0028, IC acc: 0.003, IC acc2: 0.0026, IW acc: 0.0037
Epoch: 291, Loss: 5.775110244750977
Epoch: 292, Loss: 5.77947998046875
Epoch: 293, Loss: 5.7565693855285645
Epoch: 294, Loss: 5.775051116943359
Epoch: 295, Loss: 5.7830305099487305
Epoch: 296, Loss: 5.7715654373168945
Epoch: 297, Loss: 5.78333854675293
Epoch: 298, Loss: 5.767027854919434
Epoch: 299, Loss: 5.767550945281982
./circuit_plots/Unrestricted Disentangled|Readout|CN=3|B0=0|B1=2|K=1280|L=320|p_B=0.75|p_C=0.75|B=2|eps=0|cf538942-d2b2-427e-876d-3ee26c12f82b/ already exists.
./circuit_plots/Unrestricted Disentangled|Readout|CN=3|B0=0|B1=2|K=1280|L=320|p_B=0.75|p_C=0.75|B=2|eps=0|cf538942-d2b2-427e-876d-3ee26c12f82b/ already exists.
./circuit_plots/Unrestricted Disentangled|Readout|CN=3|B0=0|B1=2|K=1280|L=320|p_B=0.75|p_C=0.75|B=2|eps=0|cf538942-d2b2-427e-876d-3ee26c12f82b/ already exists.
./circuit_plots/Unrestricted Disentangled|Readout|CN=3|B0=0|B1=2|K=1280|L=320|p_B=0.75|p_C=0.75|B=2|eps=0|cf538942-d2b2-427e-876d-3ee26c12f82b/ already exists.
./circuit_plots/Unrestricted Disentangled|Readout|CN=3|B0=0|B1=2|K=1280|L=320|p_B=0.75|p_C=0.75|B=2|eps=0|cf538942-d2b2-427e-876d-3ee26c12f82b/ already exists.
./circuit_plots/Unrestricted Disentangled|Readout|CN=3|B0=0|B1=2|K=1280|L=320|p_B=0.75|p_C=0.75|B=2|eps=0|cf538942-d2b2-427e-876d-3ee26c12f82b/ already exists.
./circuit_plots/Unrestricted Disentangled|Readout|CN=3|B0=0|B1=2|K=1280|L=320|p_B=0.75|p_C=0.75|B=2|eps=0|cf538942-d2b2-427e-876d-3ee26c12f82b/ already exists.
Epoch: 300, Loss: 5.751925468444824
Test acc: 0.0028, IC acc: 0.003, IC acc2: 0.0027, IW acc: 0.0035
Epoch: 301, Loss: 5.777977466583252
Epoch: 302, Loss: 5.777126789093018
Epoch: 303, Loss: 5.77217435836792
Epoch: 304, Loss: 5.770816802978516
Epoch: 305, Loss: 5.767681121826172
Epoch: 306, Loss: 5.76612663269043
Epoch: 307, Loss: 5.7629241943359375
Epoch: 308, Loss: 5.764979362487793
Epoch: 309, Loss: 5.772918701171875
Epoch: 310, Loss: 5.786744117736816
Test acc: 0.0028, IC acc: 0.003, IC acc2: 0.0027, IW acc: 0.0036
Epoch: 311, Loss: 5.767698287963867
Epoch: 312, Loss: 5.786206245422363
Epoch: 313, Loss: 5.760582447052002
Epoch: 314, Loss: 5.780928134918213
Epoch: 315, Loss: 5.767149925231934
Epoch: 316, Loss: 5.763762474060059
Epoch: 317, Loss: 5.772867202758789
Epoch: 318, Loss: 5.78774356842041
Epoch: 319, Loss: 5.7565202713012695
Epoch: 320, Loss: 5.775871753692627
Test acc: 0.0028, IC acc: 0.0031, IC acc2: 0.0027, IW acc: 0.0036
Epoch: 321, Loss: 5.767959117889404
Epoch: 322, Loss: 5.751916885375977
Epoch: 323, Loss: 5.780237674713135
Epoch: 324, Loss: 5.769748687744141
Epoch: 325, Loss: 5.773858070373535
Epoch: 326, Loss: 5.779871940612793
Epoch: 327, Loss: 5.775867938995361
Epoch: 328, Loss: 5.765138626098633
Epoch: 329, Loss: 5.754116535186768
Epoch: 330, Loss: 5.774646759033203
Test acc: 0.0029, IC acc: 0.003, IC acc2: 0.0028, IW acc: 0.0036
Epoch: 331, Loss: 5.770144462585449
Epoch: 332, Loss: 5.762717247009277
Epoch: 333, Loss: 5.771697044372559
Epoch: 334, Loss: 5.78073787689209
Epoch: 335, Loss: 5.774931907653809
Epoch: 336, Loss: 5.768308162689209
Epoch: 337, Loss: 5.765483856201172
Epoch: 338, Loss: 5.782113075256348
Epoch: 339, Loss: 5.777834415435791
Epoch: 340, Loss: 5.753008842468262
Test acc: 0.0029, IC acc: 0.003, IC acc2: 0.0028, IW acc: 0.0036
Epoch: 341, Loss: 5.761329650878906
Epoch: 342, Loss: 5.780811786651611
Epoch: 343, Loss: 5.787787437438965
Epoch: 344, Loss: 5.772967338562012
Epoch: 345, Loss: 5.766623497009277
Epoch: 346, Loss: 5.755510330200195
Epoch: 347, Loss: 5.765947341918945
Epoch: 348, Loss: 5.779891014099121
Epoch: 349, Loss: 5.758642196655273
./circuit_plots/Unrestricted Disentangled|Readout|CN=3|B0=0|B1=2|K=1280|L=320|p_B=0.75|p_C=0.75|B=2|eps=0|cf538942-d2b2-427e-876d-3ee26c12f82b/ already exists.
./circuit_plots/Unrestricted Disentangled|Readout|CN=3|B0=0|B1=2|K=1280|L=320|p_B=0.75|p_C=0.75|B=2|eps=0|cf538942-d2b2-427e-876d-3ee26c12f82b/ already exists.
./circuit_plots/Unrestricted Disentangled|Readout|CN=3|B0=0|B1=2|K=1280|L=320|p_B=0.75|p_C=0.75|B=2|eps=0|cf538942-d2b2-427e-876d-3ee26c12f82b/ already exists.
./circuit_plots/Unrestricted Disentangled|Readout|CN=3|B0=0|B1=2|K=1280|L=320|p_B=0.75|p_C=0.75|B=2|eps=0|cf538942-d2b2-427e-876d-3ee26c12f82b/ already exists.
./circuit_plots/Unrestricted Disentangled|Readout|CN=3|B0=0|B1=2|K=1280|L=320|p_B=0.75|p_C=0.75|B=2|eps=0|cf538942-d2b2-427e-876d-3ee26c12f82b/ already exists.
./circuit_plots/Unrestricted Disentangled|Readout|CN=3|B0=0|B1=2|K=1280|L=320|p_B=0.75|p_C=0.75|B=2|eps=0|cf538942-d2b2-427e-876d-3ee26c12f82b/ already exists.
./circuit_plots/Unrestricted Disentangled|Readout|CN=3|B0=0|B1=2|K=1280|L=320|p_B=0.75|p_C=0.75|B=2|eps=0|cf538942-d2b2-427e-876d-3ee26c12f82b/ already exists.
Epoch: 350, Loss: 5.784605503082275
Test acc: 0.0029, IC acc: 0.003, IC acc2: 0.0028, IW acc: 0.0036
Epoch: 351, Loss: 5.745640754699707
Epoch: 352, Loss: 5.778451442718506
Epoch: 353, Loss: 5.768388271331787
Epoch: 354, Loss: 5.766665935516357
Epoch: 355, Loss: 5.762388706207275
Epoch: 356, Loss: 5.7650556564331055
Epoch: 357, Loss: 5.7692766189575195
Epoch: 358, Loss: 5.774825096130371
Epoch: 359, Loss: 5.766340255737305
Epoch: 360, Loss: 5.759105682373047
Test acc: 0.0029, IC acc: 0.0031, IC acc2: 0.0028, IW acc: 0.0035
Epoch: 361, Loss: 5.753620147705078
Epoch: 362, Loss: 5.765363693237305
Epoch: 363, Loss: 5.777578830718994
Epoch: 364, Loss: 5.785585880279541
Epoch: 365, Loss: 5.785097122192383
Epoch: 366, Loss: 5.77619743347168
Epoch: 367, Loss: 5.767504692077637
Epoch: 368, Loss: 5.781937599182129
Epoch: 369, Loss: 5.781029224395752
Epoch: 370, Loss: 5.77549934387207
Test acc: 0.003, IC acc: 0.0031, IC acc2: 0.0028, IW acc: 0.0036
Epoch: 371, Loss: 5.7475738525390625
Epoch: 372, Loss: 5.78630256652832
Epoch: 373, Loss: 5.778830528259277
Epoch: 374, Loss: 5.758845329284668
Epoch: 375, Loss: 5.768682956695557
Epoch: 376, Loss: 5.755444526672363
Epoch: 377, Loss: 5.755179405212402
Epoch: 378, Loss: 5.779934883117676
Epoch: 379, Loss: 5.772336959838867
Epoch: 380, Loss: 5.770133972167969
Test acc: 0.003, IC acc: 0.0031, IC acc2: 0.0027, IW acc: 0.0036
Epoch: 381, Loss: 5.768783092498779
Epoch: 382, Loss: 5.766918182373047
Epoch: 383, Loss: 5.764777660369873
Epoch: 384, Loss: 5.768252849578857
Epoch: 385, Loss: 5.781150817871094
Epoch: 386, Loss: 5.767602920532227
Epoch: 387, Loss: 5.76090145111084
Epoch: 388, Loss: 5.782326698303223
Epoch: 389, Loss: 5.771379470825195
Epoch: 390, Loss: 5.776620388031006
Test acc: 0.003, IC acc: 0.0032, IC acc2: 0.0027, IW acc: 0.0036
Epoch: 391, Loss: 5.766637325286865
Epoch: 392, Loss: 5.766646385192871
Epoch: 393, Loss: 5.760562419891357
Epoch: 394, Loss: 5.757220268249512
Epoch: 395, Loss: 5.7594380378723145
Epoch: 396, Loss: 5.770837306976318
Epoch: 397, Loss: 5.771542549133301
Epoch: 398, Loss: 5.761208534240723
Epoch: 399, Loss: 5.7687530517578125
./circuit_plots/Unrestricted Disentangled|Readout|CN=3|B0=0|B1=2|K=1280|L=320|p_B=0.75|p_C=0.75|B=2|eps=0|cf538942-d2b2-427e-876d-3ee26c12f82b/ already exists.
./circuit_plots/Unrestricted Disentangled|Readout|CN=3|B0=0|B1=2|K=1280|L=320|p_B=0.75|p_C=0.75|B=2|eps=0|cf538942-d2b2-427e-876d-3ee26c12f82b/ already exists.
./circuit_plots/Unrestricted Disentangled|Readout|CN=3|B0=0|B1=2|K=1280|L=320|p_B=0.75|p_C=0.75|B=2|eps=0|cf538942-d2b2-427e-876d-3ee26c12f82b/ already exists.
./circuit_plots/Unrestricted Disentangled|Readout|CN=3|B0=0|B1=2|K=1280|L=320|p_B=0.75|p_C=0.75|B=2|eps=0|cf538942-d2b2-427e-876d-3ee26c12f82b/ already exists.
./circuit_plots/Unrestricted Disentangled|Readout|CN=3|B0=0|B1=2|K=1280|L=320|p_B=0.75|p_C=0.75|B=2|eps=0|cf538942-d2b2-427e-876d-3ee26c12f82b/ already exists.
./circuit_plots/Unrestricted Disentangled|Readout|CN=3|B0=0|B1=2|K=1280|L=320|p_B=0.75|p_C=0.75|B=2|eps=0|cf538942-d2b2-427e-876d-3ee26c12f82b/ already exists.
./circuit_plots/Unrestricted Disentangled|Readout|CN=3|B0=0|B1=2|K=1280|L=320|p_B=0.75|p_C=0.75|B=2|eps=0|cf538942-d2b2-427e-876d-3ee26c12f82b/ already exists.
Epoch: 400, Loss: 5.765320777893066
Test acc: 0.003, IC acc: 0.0033, IC acc2: 0.0027, IW acc: 0.0036
Epoch: 401, Loss: 5.765382766723633
Epoch: 402, Loss: 5.77537727355957
Epoch: 403, Loss: 5.77794075012207
Epoch: 404, Loss: 5.769260406494141
Epoch: 405, Loss: 5.778406143188477
Epoch: 406, Loss: 5.768019199371338
Epoch: 407, Loss: 5.758644104003906
Epoch: 408, Loss: 5.747790813446045
Epoch: 409, Loss: 5.773166656494141
Epoch: 410, Loss: 5.750489234924316
Test acc: 0.003, IC acc: 0.0032, IC acc2: 0.0027, IW acc: 0.0036
Epoch: 411, Loss: 5.781487941741943
Epoch: 412, Loss: 5.779189109802246
Epoch: 413, Loss: 5.790737152099609
Epoch: 414, Loss: 5.782873153686523
Epoch: 415, Loss: 5.768295764923096
Epoch: 416, Loss: 5.778206825256348
Epoch: 417, Loss: 5.76780891418457
Epoch: 418, Loss: 5.777873992919922
Epoch: 419, Loss: 5.797197341918945
Epoch: 420, Loss: 5.781546592712402
Test acc: 0.003, IC acc: 0.0033, IC acc2: 0.0028, IW acc: 0.0036
Epoch: 421, Loss: 5.773266315460205
Epoch: 422, Loss: 5.747132778167725
Epoch: 423, Loss: 5.770410537719727
Epoch: 424, Loss: 5.777823448181152
Epoch: 425, Loss: 5.782280921936035
Epoch: 426, Loss: 5.768125534057617
Epoch: 427, Loss: 5.7580389976501465
Epoch: 428, Loss: 5.753334999084473
Epoch: 429, Loss: 5.767176151275635
Epoch: 430, Loss: 5.752010345458984
Test acc: 0.003, IC acc: 0.0033, IC acc2: 0.0027, IW acc: 0.0036
Epoch: 431, Loss: 5.751439094543457
Epoch: 432, Loss: 5.769634246826172
Epoch: 433, Loss: 5.768641471862793
Epoch: 434, Loss: 5.774335861206055
Epoch: 435, Loss: 5.765315055847168
Epoch: 436, Loss: 5.780205249786377
Epoch: 437, Loss: 5.756312370300293
Epoch: 438, Loss: 5.770541191101074
Epoch: 439, Loss: 5.784611225128174
Epoch: 440, Loss: 5.7614216804504395
Test acc: 0.003, IC acc: 0.0033, IC acc2: 0.0027, IW acc: 0.0035
Epoch: 441, Loss: 5.766757965087891
Epoch: 442, Loss: 5.784594535827637
Epoch: 443, Loss: 5.762307167053223
Epoch: 444, Loss: 5.775647163391113
Epoch: 445, Loss: 5.777994155883789
Epoch: 446, Loss: 5.7710113525390625
Epoch: 447, Loss: 5.757166862487793
Epoch: 448, Loss: 5.772118091583252
Epoch: 449, Loss: 5.78316593170166
./circuit_plots/Unrestricted Disentangled|Readout|CN=3|B0=0|B1=2|K=1280|L=320|p_B=0.75|p_C=0.75|B=2|eps=0|cf538942-d2b2-427e-876d-3ee26c12f82b/ already exists.
./circuit_plots/Unrestricted Disentangled|Readout|CN=3|B0=0|B1=2|K=1280|L=320|p_B=0.75|p_C=0.75|B=2|eps=0|cf538942-d2b2-427e-876d-3ee26c12f82b/ already exists.
./circuit_plots/Unrestricted Disentangled|Readout|CN=3|B0=0|B1=2|K=1280|L=320|p_B=0.75|p_C=0.75|B=2|eps=0|cf538942-d2b2-427e-876d-3ee26c12f82b/ already exists.
./circuit_plots/Unrestricted Disentangled|Readout|CN=3|B0=0|B1=2|K=1280|L=320|p_B=0.75|p_C=0.75|B=2|eps=0|cf538942-d2b2-427e-876d-3ee26c12f82b/ already exists.
./circuit_plots/Unrestricted Disentangled|Readout|CN=3|B0=0|B1=2|K=1280|L=320|p_B=0.75|p_C=0.75|B=2|eps=0|cf538942-d2b2-427e-876d-3ee26c12f82b/ already exists.
./circuit_plots/Unrestricted Disentangled|Readout|CN=3|B0=0|B1=2|K=1280|L=320|p_B=0.75|p_C=0.75|B=2|eps=0|cf538942-d2b2-427e-876d-3ee26c12f82b/ already exists.
./circuit_plots/Unrestricted Disentangled|Readout|CN=3|B0=0|B1=2|K=1280|L=320|p_B=0.75|p_C=0.75|B=2|eps=0|cf538942-d2b2-427e-876d-3ee26c12f82b/ already exists.
Epoch: 450, Loss: 5.780218601226807
Test acc: 0.003, IC acc: 0.0032, IC acc2: 0.0026, IW acc: 0.0037
Epoch: 451, Loss: 5.774492263793945
Epoch: 452, Loss: 5.7627997398376465
Epoch: 453, Loss: 5.7754225730896
Epoch: 454, Loss: 5.757911205291748
Epoch: 455, Loss: 5.77554988861084
Epoch: 456, Loss: 5.800426959991455
Epoch: 457, Loss: 5.764506816864014
Epoch: 458, Loss: 5.769135475158691
Epoch: 459, Loss: 5.774433612823486
Epoch: 460, Loss: 5.757669448852539
Test acc: 0.003, IC acc: 0.0033, IC acc2: 0.0026, IW acc: 0.0037
Epoch: 461, Loss: 5.756247520446777
Epoch: 462, Loss: 5.766290664672852
Epoch: 463, Loss: 5.783099174499512
Epoch: 464, Loss: 5.770449638366699
Epoch: 465, Loss: 5.767001152038574
Epoch: 466, Loss: 5.769589424133301
Epoch: 467, Loss: 5.775119781494141
Epoch: 468, Loss: 5.778953552246094
Epoch: 469, Loss: 5.7660627365112305
Epoch: 470, Loss: 5.772262096405029
Test acc: 0.003, IC acc: 0.0034, IC acc2: 0.0026, IW acc: 0.0038
Epoch: 471, Loss: 5.771430015563965
Epoch: 472, Loss: 5.780119895935059
Epoch: 473, Loss: 5.763786315917969
Epoch: 474, Loss: 5.762674808502197
Epoch: 475, Loss: 5.770699501037598
Epoch: 476, Loss: 5.773622989654541
Epoch: 477, Loss: 5.783419609069824
Epoch: 478, Loss: 5.79301643371582
Epoch: 479, Loss: 5.769120216369629
Epoch: 480, Loss: 5.76222038269043
Test acc: 0.003, IC acc: 0.0035, IC acc2: 0.0026, IW acc: 0.0036
Epoch: 481, Loss: 5.768100738525391
Epoch: 482, Loss: 5.792172431945801
Epoch: 483, Loss: 5.780014991760254
Epoch: 484, Loss: 5.776691913604736
Epoch: 485, Loss: 5.772711277008057
Epoch: 486, Loss: 5.748875617980957
Epoch: 487, Loss: 5.770676136016846
Epoch: 488, Loss: 5.776426315307617
Epoch: 489, Loss: 5.7686991691589355
Epoch: 490, Loss: 5.785192966461182
Test acc: 0.003, IC acc: 0.0035, IC acc2: 0.0026, IW acc: 0.0037
Epoch: 491, Loss: 5.781919956207275
Epoch: 492, Loss: 5.767553806304932
Epoch: 493, Loss: 5.770098686218262
Epoch: 494, Loss: 5.770184516906738
Epoch: 495, Loss: 5.765613079071045
Epoch: 496, Loss: 5.773130416870117
Epoch: 497, Loss: 5.760231971740723
Epoch: 498, Loss: 5.752560615539551
Epoch: 499, Loss: 5.773718357086182
./circuit_plots/Unrestricted Disentangled|Readout|CN=3|B0=0|B1=2|K=1280|L=320|p_B=0.75|p_C=0.75|B=2|eps=0|cf538942-d2b2-427e-876d-3ee26c12f82b/ already exists.
./circuit_plots/Unrestricted Disentangled|Readout|CN=3|B0=0|B1=2|K=1280|L=320|p_B=0.75|p_C=0.75|B=2|eps=0|cf538942-d2b2-427e-876d-3ee26c12f82b/ already exists.
./circuit_plots/Unrestricted Disentangled|Readout|CN=3|B0=0|B1=2|K=1280|L=320|p_B=0.75|p_C=0.75|B=2|eps=0|cf538942-d2b2-427e-876d-3ee26c12f82b/ already exists.
./circuit_plots/Unrestricted Disentangled|Readout|CN=3|B0=0|B1=2|K=1280|L=320|p_B=0.75|p_C=0.75|B=2|eps=0|cf538942-d2b2-427e-876d-3ee26c12f82b/ already exists.
./circuit_plots/Unrestricted Disentangled|Readout|CN=3|B0=0|B1=2|K=1280|L=320|p_B=0.75|p_C=0.75|B=2|eps=0|cf538942-d2b2-427e-876d-3ee26c12f82b/ already exists.
./circuit_plots/Unrestricted Disentangled|Readout|CN=3|B0=0|B1=2|K=1280|L=320|p_B=0.75|p_C=0.75|B=2|eps=0|cf538942-d2b2-427e-876d-3ee26c12f82b/ already exists.
./circuit_plots/Unrestricted Disentangled|Readout|CN=3|B0=0|B1=2|K=1280|L=320|p_B=0.75|p_C=0.75|B=2|eps=0|cf538942-d2b2-427e-876d-3ee26c12f82b/ already exists.
Epoch: 500, Loss: 5.7700886726379395
Test acc: 0.003, IC acc: 0.0035, IC acc2: 0.0026, IW acc: 0.0036
Epoch: 501, Loss: 5.779019355773926
Epoch: 502, Loss: 5.768943786621094
Epoch: 503, Loss: 5.756734848022461
Epoch: 504, Loss: 5.770301818847656
Epoch: 505, Loss: 5.7767744064331055
Epoch: 506, Loss: 5.747854232788086
Epoch: 507, Loss: 5.777013778686523
Epoch: 508, Loss: 5.768909454345703
Epoch: 509, Loss: 5.764158725738525
Epoch: 510, Loss: 5.773681640625
Test acc: 0.003, IC acc: 0.0035, IC acc2: 0.0028, IW acc: 0.0038
Epoch: 511, Loss: 5.768726348876953
Epoch: 512, Loss: 5.777281284332275
Epoch: 513, Loss: 5.775017738342285
Epoch: 514, Loss: 5.782441139221191
Epoch: 515, Loss: 5.764962196350098
Epoch: 516, Loss: 5.789997100830078
Epoch: 517, Loss: 5.7512993812561035
Epoch: 518, Loss: 5.766178131103516
Epoch: 519, Loss: 5.771499156951904
Epoch: 520, Loss: 5.769711494445801
Test acc: 0.0031, IC acc: 0.0034, IC acc2: 0.0027, IW acc: 0.0038
Epoch: 521, Loss: 5.773975849151611
Epoch: 522, Loss: 5.7833123207092285
Epoch: 523, Loss: 5.769554615020752
Epoch: 524, Loss: 5.768146514892578
Epoch: 525, Loss: 5.7634382247924805
Epoch: 526, Loss: 5.748382091522217
Epoch: 527, Loss: 5.773218631744385
Epoch: 528, Loss: 5.771005630493164
Epoch: 529, Loss: 5.7789411544799805
Epoch: 530, Loss: 5.770717144012451
Test acc: 0.0031, IC acc: 0.0034, IC acc2: 0.0027, IW acc: 0.0038
Epoch: 531, Loss: 5.756120681762695
Epoch: 532, Loss: 5.780705451965332
Epoch: 533, Loss: 5.790033340454102
Epoch: 534, Loss: 5.772745132446289
Epoch: 535, Loss: 5.7728657722473145
Epoch: 536, Loss: 5.766642093658447
Epoch: 537, Loss: 5.76487922668457
Epoch: 538, Loss: 5.758995056152344
Epoch: 539, Loss: 5.788295745849609
Epoch: 540, Loss: 5.7744879722595215
Test acc: 0.0032, IC acc: 0.0034, IC acc2: 0.0027, IW acc: 0.0038
Epoch: 541, Loss: 5.754956245422363
Epoch: 542, Loss: 5.767280578613281
Epoch: 543, Loss: 5.75065279006958
Epoch: 544, Loss: 5.7751593589782715
Epoch: 545, Loss: 5.785490036010742
Epoch: 546, Loss: 5.7718706130981445
Epoch: 547, Loss: 5.777036666870117
Epoch: 548, Loss: 5.764247894287109
Epoch: 549, Loss: 5.77467155456543
./circuit_plots/Unrestricted Disentangled|Readout|CN=3|B0=0|B1=2|K=1280|L=320|p_B=0.75|p_C=0.75|B=2|eps=0|cf538942-d2b2-427e-876d-3ee26c12f82b/ already exists.
./circuit_plots/Unrestricted Disentangled|Readout|CN=3|B0=0|B1=2|K=1280|L=320|p_B=0.75|p_C=0.75|B=2|eps=0|cf538942-d2b2-427e-876d-3ee26c12f82b/ already exists.
./circuit_plots/Unrestricted Disentangled|Readout|CN=3|B0=0|B1=2|K=1280|L=320|p_B=0.75|p_C=0.75|B=2|eps=0|cf538942-d2b2-427e-876d-3ee26c12f82b/ already exists.
./circuit_plots/Unrestricted Disentangled|Readout|CN=3|B0=0|B1=2|K=1280|L=320|p_B=0.75|p_C=0.75|B=2|eps=0|cf538942-d2b2-427e-876d-3ee26c12f82b/ already exists.
./circuit_plots/Unrestricted Disentangled|Readout|CN=3|B0=0|B1=2|K=1280|L=320|p_B=0.75|p_C=0.75|B=2|eps=0|cf538942-d2b2-427e-876d-3ee26c12f82b/ already exists.
./circuit_plots/Unrestricted Disentangled|Readout|CN=3|B0=0|B1=2|K=1280|L=320|p_B=0.75|p_C=0.75|B=2|eps=0|cf538942-d2b2-427e-876d-3ee26c12f82b/ already exists.
./circuit_plots/Unrestricted Disentangled|Readout|CN=3|B0=0|B1=2|K=1280|L=320|p_B=0.75|p_C=0.75|B=2|eps=0|cf538942-d2b2-427e-876d-3ee26c12f82b/ already exists.
Epoch: 550, Loss: 5.767760276794434
Test acc: 0.0032, IC acc: 0.0034, IC acc2: 0.0027, IW acc: 0.0037
Epoch: 551, Loss: 5.7708330154418945
Epoch: 552, Loss: 5.778388977050781
Epoch: 553, Loss: 5.781223297119141
Epoch: 554, Loss: 5.776457786560059
Epoch: 555, Loss: 5.769731044769287
Epoch: 556, Loss: 5.772367477416992
Epoch: 557, Loss: 5.756406307220459
Epoch: 558, Loss: 5.785093784332275
Epoch: 559, Loss: 5.767005443572998
Epoch: 560, Loss: 5.786791801452637
Test acc: 0.0032, IC acc: 0.0034, IC acc2: 0.0027, IW acc: 0.0036
Epoch: 561, Loss: 5.770090103149414
Epoch: 562, Loss: 5.773749351501465
Epoch: 563, Loss: 5.773050308227539
Epoch: 564, Loss: 5.761690139770508
Epoch: 565, Loss: 5.781813144683838
Epoch: 566, Loss: 5.775332927703857
Epoch: 567, Loss: 5.757894515991211
Epoch: 568, Loss: 5.779201030731201
Epoch: 569, Loss: 5.758917808532715
Epoch: 570, Loss: 5.774621963500977
Test acc: 0.0032, IC acc: 0.0034, IC acc2: 0.0027, IW acc: 0.0035
Epoch: 571, Loss: 5.75154972076416
Epoch: 572, Loss: 5.782528877258301
Epoch: 573, Loss: 5.769669532775879
Epoch: 574, Loss: 5.7706756591796875
Epoch: 575, Loss: 5.781947135925293
Epoch: 576, Loss: 5.772308349609375
Epoch: 577, Loss: 5.789061546325684
Epoch: 578, Loss: 5.771218299865723
Epoch: 579, Loss: 5.75879430770874
Epoch: 580, Loss: 5.756086349487305
Test acc: 0.0032, IC acc: 0.0034, IC acc2: 0.0027, IW acc: 0.0036
Epoch: 581, Loss: 5.7653584480285645
Epoch: 582, Loss: 5.777707576751709
Epoch: 583, Loss: 5.755969524383545
Epoch: 584, Loss: 5.764389991760254
Epoch: 585, Loss: 5.7524614334106445
Epoch: 586, Loss: 5.751450061798096
Epoch: 587, Loss: 5.762804985046387
Epoch: 588, Loss: 5.76942253112793
Epoch: 589, Loss: 5.752634525299072
Epoch: 590, Loss: 5.771944999694824
Test acc: 0.0032, IC acc: 0.0034, IC acc2: 0.0027, IW acc: 0.0036
Epoch: 591, Loss: 5.766336441040039
Epoch: 592, Loss: 5.771387100219727
Epoch: 593, Loss: 5.769618511199951
Epoch: 594, Loss: 5.77672004699707
Epoch: 595, Loss: 5.763696193695068
Epoch: 596, Loss: 5.759930610656738
Epoch: 597, Loss: 5.775723934173584
Epoch: 598, Loss: 5.775450706481934
Epoch: 599, Loss: 5.750296592712402
./circuit_plots/Unrestricted Disentangled|Readout|CN=3|B0=0|B1=2|K=1280|L=320|p_B=0.75|p_C=0.75|B=2|eps=0|cf538942-d2b2-427e-876d-3ee26c12f82b/ already exists.
./circuit_plots/Unrestricted Disentangled|Readout|CN=3|B0=0|B1=2|K=1280|L=320|p_B=0.75|p_C=0.75|B=2|eps=0|cf538942-d2b2-427e-876d-3ee26c12f82b/ already exists.
./circuit_plots/Unrestricted Disentangled|Readout|CN=3|B0=0|B1=2|K=1280|L=320|p_B=0.75|p_C=0.75|B=2|eps=0|cf538942-d2b2-427e-876d-3ee26c12f82b/ already exists.
./circuit_plots/Unrestricted Disentangled|Readout|CN=3|B0=0|B1=2|K=1280|L=320|p_B=0.75|p_C=0.75|B=2|eps=0|cf538942-d2b2-427e-876d-3ee26c12f82b/ already exists.
./circuit_plots/Unrestricted Disentangled|Readout|CN=3|B0=0|B1=2|K=1280|L=320|p_B=0.75|p_C=0.75|B=2|eps=0|cf538942-d2b2-427e-876d-3ee26c12f82b/ already exists.
./circuit_plots/Unrestricted Disentangled|Readout|CN=3|B0=0|B1=2|K=1280|L=320|p_B=0.75|p_C=0.75|B=2|eps=0|cf538942-d2b2-427e-876d-3ee26c12f82b/ already exists.
./circuit_plots/Unrestricted Disentangled|Readout|CN=3|B0=0|B1=2|K=1280|L=320|p_B=0.75|p_C=0.75|B=2|eps=0|cf538942-d2b2-427e-876d-3ee26c12f82b/ already exists.
Epoch: 600, Loss: 5.7657575607299805
Test acc: 0.0032, IC acc: 0.0034, IC acc2: 0.0027, IW acc: 0.0034
Epoch: 601, Loss: 5.764041900634766
Epoch: 602, Loss: 5.771944046020508
Epoch: 603, Loss: 5.763175964355469
Epoch: 604, Loss: 5.778495788574219
Epoch: 605, Loss: 5.780465126037598
Epoch: 606, Loss: 5.77086067199707
Epoch: 607, Loss: 5.769712924957275
Epoch: 608, Loss: 5.764978408813477
Epoch: 609, Loss: 5.746615409851074
Epoch: 610, Loss: 5.771884918212891
Test acc: 0.0032, IC acc: 0.0034, IC acc2: 0.0025, IW acc: 0.0035
Epoch: 611, Loss: 5.799825668334961
Epoch: 612, Loss: 5.775049209594727
Epoch: 613, Loss: 5.777820587158203
Epoch: 614, Loss: 5.7612833976745605
Epoch: 615, Loss: 5.765189170837402
Epoch: 616, Loss: 5.77748441696167
Epoch: 617, Loss: 5.762777328491211
Epoch: 618, Loss: 5.747591972351074
Epoch: 619, Loss: 5.771391868591309
Epoch: 620, Loss: 5.769862651824951
Test acc: 0.0032, IC acc: 0.0034, IC acc2: 0.0025, IW acc: 0.0034
Epoch: 621, Loss: 5.770685195922852
Epoch: 622, Loss: 5.759042263031006
Epoch: 623, Loss: 5.770720481872559
Epoch: 624, Loss: 5.776708602905273
Epoch: 625, Loss: 5.771183967590332
Epoch: 626, Loss: 5.757223606109619
Epoch: 627, Loss: 5.76732063293457
Epoch: 628, Loss: 5.774195194244385
Epoch: 629, Loss: 5.767507553100586
Epoch: 630, Loss: 5.764801979064941
Test acc: 0.0032, IC acc: 0.0035, IC acc2: 0.0025, IW acc: 0.0034
Epoch: 631, Loss: 5.7640180587768555
Epoch: 632, Loss: 5.781278133392334
Epoch: 633, Loss: 5.781901836395264
Epoch: 634, Loss: 5.772162437438965
Epoch: 635, Loss: 5.744605541229248
Epoch: 636, Loss: 5.759820461273193
Epoch: 637, Loss: 5.7917022705078125
Epoch: 638, Loss: 5.769991397857666
Epoch: 639, Loss: 5.759778022766113
Epoch: 640, Loss: 5.758166313171387
Test acc: 0.0032, IC acc: 0.0036, IC acc2: 0.0024, IW acc: 0.0034
Epoch: 641, Loss: 5.763126373291016
Epoch: 642, Loss: 5.777698516845703
Epoch: 643, Loss: 5.761396408081055
Epoch: 644, Loss: 5.752948760986328
Epoch: 645, Loss: 5.7678093910217285
Epoch: 646, Loss: 5.7739362716674805
Epoch: 647, Loss: 5.771996021270752
Epoch: 648, Loss: 5.756070137023926
Epoch: 649, Loss: 5.7703728675842285
./circuit_plots/Unrestricted Disentangled|Readout|CN=3|B0=0|B1=2|K=1280|L=320|p_B=0.75|p_C=0.75|B=2|eps=0|cf538942-d2b2-427e-876d-3ee26c12f82b/ already exists.
./circuit_plots/Unrestricted Disentangled|Readout|CN=3|B0=0|B1=2|K=1280|L=320|p_B=0.75|p_C=0.75|B=2|eps=0|cf538942-d2b2-427e-876d-3ee26c12f82b/ already exists.
./circuit_plots/Unrestricted Disentangled|Readout|CN=3|B0=0|B1=2|K=1280|L=320|p_B=0.75|p_C=0.75|B=2|eps=0|cf538942-d2b2-427e-876d-3ee26c12f82b/ already exists.
./circuit_plots/Unrestricted Disentangled|Readout|CN=3|B0=0|B1=2|K=1280|L=320|p_B=0.75|p_C=0.75|B=2|eps=0|cf538942-d2b2-427e-876d-3ee26c12f82b/ already exists.
./circuit_plots/Unrestricted Disentangled|Readout|CN=3|B0=0|B1=2|K=1280|L=320|p_B=0.75|p_C=0.75|B=2|eps=0|cf538942-d2b2-427e-876d-3ee26c12f82b/ already exists.
./circuit_plots/Unrestricted Disentangled|Readout|CN=3|B0=0|B1=2|K=1280|L=320|p_B=0.75|p_C=0.75|B=2|eps=0|cf538942-d2b2-427e-876d-3ee26c12f82b/ already exists.
./circuit_plots/Unrestricted Disentangled|Readout|CN=3|B0=0|B1=2|K=1280|L=320|p_B=0.75|p_C=0.75|B=2|eps=0|cf538942-d2b2-427e-876d-3ee26c12f82b/ already exists.
Epoch: 650, Loss: 5.768313884735107
Test acc: 0.0032, IC acc: 0.0036, IC acc2: 0.0024, IW acc: 0.0035
Epoch: 651, Loss: 5.771149158477783
Epoch: 652, Loss: 5.779779434204102
Epoch: 653, Loss: 5.771152496337891
Epoch: 654, Loss: 5.762036323547363
Epoch: 655, Loss: 5.783531188964844
Epoch: 656, Loss: 5.753964900970459
Epoch: 657, Loss: 5.7598700523376465
Epoch: 658, Loss: 5.766971588134766
Epoch: 659, Loss: 5.7645697593688965
Epoch: 660, Loss: 5.774018287658691
Test acc: 0.0033, IC acc: 0.0036, IC acc2: 0.0024, IW acc: 0.0035
Epoch: 661, Loss: 5.77205753326416
Epoch: 662, Loss: 5.777091026306152
Epoch: 663, Loss: 5.760166168212891
Epoch: 664, Loss: 5.759961128234863
Epoch: 665, Loss: 5.770098686218262
Epoch: 666, Loss: 5.761929988861084
Epoch: 667, Loss: 5.763211250305176
Epoch: 668, Loss: 5.7633771896362305
Epoch: 669, Loss: 5.766030311584473
Epoch: 670, Loss: 5.756888389587402
Test acc: 0.0033, IC acc: 0.0037, IC acc2: 0.0024, IW acc: 0.0035
Epoch: 671, Loss: 5.748546600341797
Epoch: 672, Loss: 5.772112846374512
Epoch: 673, Loss: 5.744837760925293
Epoch: 674, Loss: 5.764461517333984
Epoch: 675, Loss: 5.772212982177734
Epoch: 676, Loss: 5.7477216720581055
Epoch: 677, Loss: 5.754509925842285
Epoch: 678, Loss: 5.76545524597168
Epoch: 679, Loss: 5.76725959777832
Epoch: 680, Loss: 5.766188621520996
Test acc: 0.0033, IC acc: 0.0037, IC acc2: 0.0024, IW acc: 0.0035
Epoch: 681, Loss: 5.765949726104736
Epoch: 682, Loss: 5.763665199279785
Epoch: 683, Loss: 5.74271297454834
Epoch: 684, Loss: 5.761021614074707
Epoch: 685, Loss: 5.780318260192871
Epoch: 686, Loss: 5.752984046936035
Epoch: 687, Loss: 5.759387493133545
Epoch: 688, Loss: 5.760759353637695
Epoch: 689, Loss: 5.759894371032715
Epoch: 690, Loss: 5.777074813842773
Test acc: 0.0033, IC acc: 0.0037, IC acc2: 0.0024, IW acc: 0.0035
Epoch: 691, Loss: 5.756524085998535
Epoch: 692, Loss: 5.7659454345703125
Epoch: 693, Loss: 5.764835357666016
Epoch: 694, Loss: 5.77587366104126
Epoch: 695, Loss: 5.7645673751831055
Epoch: 696, Loss: 5.755082607269287
Epoch: 697, Loss: 5.764915466308594
Epoch: 698, Loss: 5.779669761657715
Epoch: 699, Loss: 5.754269599914551
./circuit_plots/Unrestricted Disentangled|Readout|CN=3|B0=0|B1=2|K=1280|L=320|p_B=0.75|p_C=0.75|B=2|eps=0|cf538942-d2b2-427e-876d-3ee26c12f82b/ already exists.
./circuit_plots/Unrestricted Disentangled|Readout|CN=3|B0=0|B1=2|K=1280|L=320|p_B=0.75|p_C=0.75|B=2|eps=0|cf538942-d2b2-427e-876d-3ee26c12f82b/ already exists.
./circuit_plots/Unrestricted Disentangled|Readout|CN=3|B0=0|B1=2|K=1280|L=320|p_B=0.75|p_C=0.75|B=2|eps=0|cf538942-d2b2-427e-876d-3ee26c12f82b/ already exists.
./circuit_plots/Unrestricted Disentangled|Readout|CN=3|B0=0|B1=2|K=1280|L=320|p_B=0.75|p_C=0.75|B=2|eps=0|cf538942-d2b2-427e-876d-3ee26c12f82b/ already exists.
./circuit_plots/Unrestricted Disentangled|Readout|CN=3|B0=0|B1=2|K=1280|L=320|p_B=0.75|p_C=0.75|B=2|eps=0|cf538942-d2b2-427e-876d-3ee26c12f82b/ already exists.
./circuit_plots/Unrestricted Disentangled|Readout|CN=3|B0=0|B1=2|K=1280|L=320|p_B=0.75|p_C=0.75|B=2|eps=0|cf538942-d2b2-427e-876d-3ee26c12f82b/ already exists.
./circuit_plots/Unrestricted Disentangled|Readout|CN=3|B0=0|B1=2|K=1280|L=320|p_B=0.75|p_C=0.75|B=2|eps=0|cf538942-d2b2-427e-876d-3ee26c12f82b/ already exists.
Epoch: 700, Loss: 5.76921272277832
Test acc: 0.0033, IC acc: 0.0038, IC acc2: 0.0023, IW acc: 0.0034
Epoch: 701, Loss: 5.778792381286621
Epoch: 702, Loss: 5.762430191040039
Epoch: 703, Loss: 5.784741401672363
Epoch: 704, Loss: 5.756336212158203
Epoch: 705, Loss: 5.765242576599121
Epoch: 706, Loss: 5.774778842926025
Epoch: 707, Loss: 5.776932716369629
Epoch: 708, Loss: 5.759683609008789
Epoch: 709, Loss: 5.769686698913574
Epoch: 710, Loss: 5.772087574005127
Test acc: 0.0033, IC acc: 0.0038, IC acc2: 0.0023, IW acc: 0.0034
Epoch: 711, Loss: 5.7661566734313965
Epoch: 712, Loss: 5.77522087097168
Epoch: 713, Loss: 5.770149230957031
Epoch: 714, Loss: 5.76530122756958
Epoch: 715, Loss: 5.770436763763428
Epoch: 716, Loss: 5.753458023071289
Epoch: 717, Loss: 5.758118629455566
Epoch: 718, Loss: 5.766422271728516
Epoch: 719, Loss: 5.770581245422363
Epoch: 720, Loss: 5.769400596618652
Test acc: 0.0033, IC acc: 0.0039, IC acc2: 0.0024, IW acc: 0.0034
Epoch: 721, Loss: 5.767449855804443
Epoch: 722, Loss: 5.774595260620117
Epoch: 723, Loss: 5.772783279418945
Epoch: 724, Loss: 5.762777805328369
Epoch: 725, Loss: 5.75691032409668
Epoch: 726, Loss: 5.766077041625977
Epoch: 727, Loss: 5.767376899719238
Epoch: 728, Loss: 5.772625923156738
Epoch: 729, Loss: 5.760517597198486
Epoch: 730, Loss: 5.772638320922852
Test acc: 0.0035, IC acc: 0.004, IC acc2: 0.0023, IW acc: 0.0035
Epoch: 731, Loss: 5.7626752853393555
Epoch: 732, Loss: 5.75786828994751
Epoch: 733, Loss: 5.765379905700684
Epoch: 734, Loss: 5.764885425567627
Epoch: 735, Loss: 5.759611129760742
Epoch: 736, Loss: 5.762481689453125
Epoch: 737, Loss: 5.742892265319824
Epoch: 738, Loss: 5.761269569396973
Epoch: 739, Loss: 5.768185615539551
Epoch: 740, Loss: 5.748250961303711
Test acc: 0.0034, IC acc: 0.004, IC acc2: 0.0023, IW acc: 0.0035
Epoch: 741, Loss: 5.769641399383545
Epoch: 742, Loss: 5.775450706481934
Epoch: 743, Loss: 5.767963409423828
Epoch: 744, Loss: 5.767401695251465
Epoch: 745, Loss: 5.778980255126953
Epoch: 746, Loss: 5.790493011474609
Epoch: 747, Loss: 5.768710136413574
Epoch: 748, Loss: 5.750664710998535
Epoch: 749, Loss: 5.773952484130859
./circuit_plots/Unrestricted Disentangled|Readout|CN=3|B0=0|B1=2|K=1280|L=320|p_B=0.75|p_C=0.75|B=2|eps=0|cf538942-d2b2-427e-876d-3ee26c12f82b/ already exists.
./circuit_plots/Unrestricted Disentangled|Readout|CN=3|B0=0|B1=2|K=1280|L=320|p_B=0.75|p_C=0.75|B=2|eps=0|cf538942-d2b2-427e-876d-3ee26c12f82b/ already exists.
./circuit_plots/Unrestricted Disentangled|Readout|CN=3|B0=0|B1=2|K=1280|L=320|p_B=0.75|p_C=0.75|B=2|eps=0|cf538942-d2b2-427e-876d-3ee26c12f82b/ already exists.
./circuit_plots/Unrestricted Disentangled|Readout|CN=3|B0=0|B1=2|K=1280|L=320|p_B=0.75|p_C=0.75|B=2|eps=0|cf538942-d2b2-427e-876d-3ee26c12f82b/ already exists.
./circuit_plots/Unrestricted Disentangled|Readout|CN=3|B0=0|B1=2|K=1280|L=320|p_B=0.75|p_C=0.75|B=2|eps=0|cf538942-d2b2-427e-876d-3ee26c12f82b/ already exists.
./circuit_plots/Unrestricted Disentangled|Readout|CN=3|B0=0|B1=2|K=1280|L=320|p_B=0.75|p_C=0.75|B=2|eps=0|cf538942-d2b2-427e-876d-3ee26c12f82b/ already exists.
./circuit_plots/Unrestricted Disentangled|Readout|CN=3|B0=0|B1=2|K=1280|L=320|p_B=0.75|p_C=0.75|B=2|eps=0|cf538942-d2b2-427e-876d-3ee26c12f82b/ already exists.
Epoch: 750, Loss: 5.7759175300598145
Test acc: 0.0034, IC acc: 0.0041, IC acc2: 0.0024, IW acc: 0.0034
Epoch: 751, Loss: 5.756133079528809
Epoch: 752, Loss: 5.767793655395508
Epoch: 753, Loss: 5.761819839477539
Epoch: 754, Loss: 5.7559003829956055
Epoch: 755, Loss: 5.773181915283203
Epoch: 756, Loss: 5.786874771118164
Epoch: 757, Loss: 5.756775856018066
Epoch: 758, Loss: 5.768013000488281
Epoch: 759, Loss: 5.7525787353515625
Epoch: 760, Loss: 5.763312816619873
Test acc: 0.0036, IC acc: 0.0041, IC acc2: 0.0024, IW acc: 0.0034
Epoch: 761, Loss: 5.759660243988037
Epoch: 762, Loss: 5.757759094238281
Epoch: 763, Loss: 5.765369892120361
Epoch: 764, Loss: 5.752132415771484
Epoch: 765, Loss: 5.778184413909912
Epoch: 766, Loss: 5.765987396240234
Epoch: 767, Loss: 5.774096488952637
Epoch: 768, Loss: 5.760713577270508
Epoch: 769, Loss: 5.767223358154297
Epoch: 770, Loss: 5.765627861022949
Test acc: 0.0035, IC acc: 0.004, IC acc2: 0.0024, IW acc: 0.0034
Epoch: 771, Loss: 5.7813286781311035
Epoch: 772, Loss: 5.772804260253906
Epoch: 773, Loss: 5.767970561981201
Epoch: 774, Loss: 5.7485671043396
Epoch: 775, Loss: 5.76309871673584
Epoch: 776, Loss: 5.756183624267578
Epoch: 777, Loss: 5.7639384269714355
Epoch: 778, Loss: 5.762026309967041
Epoch: 779, Loss: 5.7644548416137695
Epoch: 780, Loss: 5.769407749176025
Test acc: 0.0036, IC acc: 0.0042, IC acc2: 0.0024, IW acc: 0.0034
Epoch: 781, Loss: 5.765924453735352
Epoch: 782, Loss: 5.759398937225342
Epoch: 783, Loss: 5.779171943664551
Epoch: 784, Loss: 5.761460304260254
Epoch: 785, Loss: 5.761585235595703
Epoch: 786, Loss: 5.765650749206543
Epoch: 787, Loss: 5.776395797729492
Epoch: 788, Loss: 5.7654876708984375
Epoch: 789, Loss: 5.7774505615234375
Epoch: 790, Loss: 5.776293754577637
Test acc: 0.0036, IC acc: 0.0042, IC acc2: 0.0024, IW acc: 0.0034
Epoch: 791, Loss: 5.764483451843262
Epoch: 792, Loss: 5.7543110847473145
Epoch: 793, Loss: 5.758167743682861
Epoch: 794, Loss: 5.768334865570068
Epoch: 795, Loss: 5.754115104675293
Epoch: 796, Loss: 5.755570888519287
Epoch: 797, Loss: 5.748916149139404
Epoch: 798, Loss: 5.767843723297119
Epoch: 799, Loss: 5.774116039276123
./circuit_plots/Unrestricted Disentangled|Readout|CN=3|B0=0|B1=2|K=1280|L=320|p_B=0.75|p_C=0.75|B=2|eps=0|cf538942-d2b2-427e-876d-3ee26c12f82b/ already exists.
./circuit_plots/Unrestricted Disentangled|Readout|CN=3|B0=0|B1=2|K=1280|L=320|p_B=0.75|p_C=0.75|B=2|eps=0|cf538942-d2b2-427e-876d-3ee26c12f82b/ already exists.
./circuit_plots/Unrestricted Disentangled|Readout|CN=3|B0=0|B1=2|K=1280|L=320|p_B=0.75|p_C=0.75|B=2|eps=0|cf538942-d2b2-427e-876d-3ee26c12f82b/ already exists.
./circuit_plots/Unrestricted Disentangled|Readout|CN=3|B0=0|B1=2|K=1280|L=320|p_B=0.75|p_C=0.75|B=2|eps=0|cf538942-d2b2-427e-876d-3ee26c12f82b/ already exists.
./circuit_plots/Unrestricted Disentangled|Readout|CN=3|B0=0|B1=2|K=1280|L=320|p_B=0.75|p_C=0.75|B=2|eps=0|cf538942-d2b2-427e-876d-3ee26c12f82b/ already exists.
./circuit_plots/Unrestricted Disentangled|Readout|CN=3|B0=0|B1=2|K=1280|L=320|p_B=0.75|p_C=0.75|B=2|eps=0|cf538942-d2b2-427e-876d-3ee26c12f82b/ already exists.
./circuit_plots/Unrestricted Disentangled|Readout|CN=3|B0=0|B1=2|K=1280|L=320|p_B=0.75|p_C=0.75|B=2|eps=0|cf538942-d2b2-427e-876d-3ee26c12f82b/ already exists.
Epoch: 800, Loss: 5.771774768829346
Test acc: 0.0036, IC acc: 0.0042, IC acc2: 0.0024, IW acc: 0.0034
Epoch: 801, Loss: 5.754219055175781
Epoch: 802, Loss: 5.772810935974121
Epoch: 803, Loss: 5.770511150360107
Epoch: 804, Loss: 5.7620625495910645
Epoch: 805, Loss: 5.771275997161865
Epoch: 806, Loss: 5.7668256759643555
Epoch: 807, Loss: 5.750668048858643
Epoch: 808, Loss: 5.746399879455566
Epoch: 809, Loss: 5.755229949951172
Epoch: 810, Loss: 5.763804912567139
Test acc: 0.0037, IC acc: 0.0043, IC acc2: 0.0023, IW acc: 0.0034
Epoch: 811, Loss: 5.765688896179199
Epoch: 812, Loss: 5.747718811035156
Epoch: 813, Loss: 5.776957988739014
Epoch: 814, Loss: 5.777881145477295
Epoch: 815, Loss: 5.752196311950684
Epoch: 816, Loss: 5.771172523498535
Epoch: 817, Loss: 5.764795303344727
Epoch: 818, Loss: 5.763840675354004
Epoch: 819, Loss: 5.764726161956787
Epoch: 820, Loss: 5.771913528442383
Test acc: 0.0037, IC acc: 0.0043, IC acc2: 0.0023, IW acc: 0.0034
Epoch: 821, Loss: 5.7574262619018555
Epoch: 822, Loss: 5.769866943359375
Epoch: 823, Loss: 5.77275276184082
Epoch: 824, Loss: 5.761501312255859
Epoch: 825, Loss: 5.766302585601807
Epoch: 826, Loss: 5.748709201812744
Epoch: 827, Loss: 5.753357887268066
Epoch: 828, Loss: 5.762800216674805
Epoch: 829, Loss: 5.769651889801025
Epoch: 830, Loss: 5.7645487785339355
Test acc: 0.0037, IC acc: 0.0044, IC acc2: 0.0024, IW acc: 0.0034
Epoch: 831, Loss: 5.758414268493652
Epoch: 832, Loss: 5.7679948806762695
Epoch: 833, Loss: 5.762941837310791
Epoch: 834, Loss: 5.760695457458496
Epoch: 835, Loss: 5.775913238525391
Epoch: 836, Loss: 5.764101982116699
Epoch: 837, Loss: 5.764692306518555
Epoch: 838, Loss: 5.753310203552246
Epoch: 839, Loss: 5.751489639282227
Epoch: 840, Loss: 5.763354301452637
Test acc: 0.0038, IC acc: 0.0045, IC acc2: 0.0024, IW acc: 0.0034
Epoch: 841, Loss: 5.759921073913574
Epoch: 842, Loss: 5.763733386993408
Epoch: 843, Loss: 5.757438659667969
Epoch: 844, Loss: 5.761757850646973
Epoch: 845, Loss: 5.764578819274902
Epoch: 846, Loss: 5.749246120452881
Epoch: 847, Loss: 5.757108211517334
Epoch: 848, Loss: 5.755107402801514
Epoch: 849, Loss: 5.759888648986816
./circuit_plots/Unrestricted Disentangled|Readout|CN=3|B0=0|B1=2|K=1280|L=320|p_B=0.75|p_C=0.75|B=2|eps=0|cf538942-d2b2-427e-876d-3ee26c12f82b/ already exists.
./circuit_plots/Unrestricted Disentangled|Readout|CN=3|B0=0|B1=2|K=1280|L=320|p_B=0.75|p_C=0.75|B=2|eps=0|cf538942-d2b2-427e-876d-3ee26c12f82b/ already exists.
./circuit_plots/Unrestricted Disentangled|Readout|CN=3|B0=0|B1=2|K=1280|L=320|p_B=0.75|p_C=0.75|B=2|eps=0|cf538942-d2b2-427e-876d-3ee26c12f82b/ already exists.
./circuit_plots/Unrestricted Disentangled|Readout|CN=3|B0=0|B1=2|K=1280|L=320|p_B=0.75|p_C=0.75|B=2|eps=0|cf538942-d2b2-427e-876d-3ee26c12f82b/ already exists.
./circuit_plots/Unrestricted Disentangled|Readout|CN=3|B0=0|B1=2|K=1280|L=320|p_B=0.75|p_C=0.75|B=2|eps=0|cf538942-d2b2-427e-876d-3ee26c12f82b/ already exists.
./circuit_plots/Unrestricted Disentangled|Readout|CN=3|B0=0|B1=2|K=1280|L=320|p_B=0.75|p_C=0.75|B=2|eps=0|cf538942-d2b2-427e-876d-3ee26c12f82b/ already exists.
./circuit_plots/Unrestricted Disentangled|Readout|CN=3|B0=0|B1=2|K=1280|L=320|p_B=0.75|p_C=0.75|B=2|eps=0|cf538942-d2b2-427e-876d-3ee26c12f82b/ already exists.
Epoch: 850, Loss: 5.751984596252441
Test acc: 0.0037, IC acc: 0.0046, IC acc2: 0.0024, IW acc: 0.0034
Epoch: 851, Loss: 5.753170967102051
Epoch: 852, Loss: 5.749074935913086
Epoch: 853, Loss: 5.767839431762695
Epoch: 854, Loss: 5.7690019607543945
Epoch: 855, Loss: 5.755749225616455
Epoch: 856, Loss: 5.764470100402832
Epoch: 857, Loss: 5.776370048522949
Epoch: 858, Loss: 5.767495155334473
Epoch: 859, Loss: 5.768352508544922
Epoch: 860, Loss: 5.754244804382324
Test acc: 0.0039, IC acc: 0.0046, IC acc2: 0.0024, IW acc: 0.0034
Epoch: 861, Loss: 5.772785663604736
Epoch: 862, Loss: 5.756667613983154
Epoch: 863, Loss: 5.77680778503418
Epoch: 864, Loss: 5.768987655639648
Epoch: 865, Loss: 5.76233434677124
Epoch: 866, Loss: 5.767773628234863
Epoch: 867, Loss: 5.770591735839844
Epoch: 868, Loss: 5.746001243591309
Epoch: 869, Loss: 5.7626118659973145
Epoch: 870, Loss: 5.764118194580078
Test acc: 0.0039, IC acc: 0.0046, IC acc2: 0.0025, IW acc: 0.0034
Epoch: 871, Loss: 5.7606964111328125
Epoch: 872, Loss: 5.772148132324219
Epoch: 873, Loss: 5.761584281921387
Epoch: 874, Loss: 5.769096851348877
Epoch: 875, Loss: 5.775578498840332
Epoch: 876, Loss: 5.75861930847168
Epoch: 877, Loss: 5.763338088989258
Epoch: 878, Loss: 5.757114887237549
Epoch: 879, Loss: 5.763468265533447
Epoch: 880, Loss: 5.769023418426514
Test acc: 0.0039, IC acc: 0.0046, IC acc2: 0.0025, IW acc: 0.0034
Epoch: 881, Loss: 5.746793746948242
Epoch: 882, Loss: 5.761484146118164
Epoch: 883, Loss: 5.761547565460205
Epoch: 884, Loss: 5.765138149261475
Epoch: 885, Loss: 5.760438442230225
Epoch: 886, Loss: 5.7763800621032715
Epoch: 887, Loss: 5.765348434448242
Epoch: 888, Loss: 5.771174430847168
Epoch: 889, Loss: 5.765591621398926
Epoch: 890, Loss: 5.763378620147705
Test acc: 0.0039, IC acc: 0.0046, IC acc2: 0.0025, IW acc: 0.0033
Epoch: 891, Loss: 5.7627339363098145
Epoch: 892, Loss: 5.765316009521484
Epoch: 893, Loss: 5.78076171875
Epoch: 894, Loss: 5.739754676818848
Epoch: 895, Loss: 5.749940872192383
Epoch: 896, Loss: 5.764863014221191
Epoch: 897, Loss: 5.774685382843018
Epoch: 898, Loss: 5.757847309112549
Epoch: 899, Loss: 5.761300086975098
./circuit_plots/Unrestricted Disentangled|Readout|CN=3|B0=0|B1=2|K=1280|L=320|p_B=0.75|p_C=0.75|B=2|eps=0|cf538942-d2b2-427e-876d-3ee26c12f82b/ already exists.
./circuit_plots/Unrestricted Disentangled|Readout|CN=3|B0=0|B1=2|K=1280|L=320|p_B=0.75|p_C=0.75|B=2|eps=0|cf538942-d2b2-427e-876d-3ee26c12f82b/ already exists.
./circuit_plots/Unrestricted Disentangled|Readout|CN=3|B0=0|B1=2|K=1280|L=320|p_B=0.75|p_C=0.75|B=2|eps=0|cf538942-d2b2-427e-876d-3ee26c12f82b/ already exists.
./circuit_plots/Unrestricted Disentangled|Readout|CN=3|B0=0|B1=2|K=1280|L=320|p_B=0.75|p_C=0.75|B=2|eps=0|cf538942-d2b2-427e-876d-3ee26c12f82b/ already exists.
./circuit_plots/Unrestricted Disentangled|Readout|CN=3|B0=0|B1=2|K=1280|L=320|p_B=0.75|p_C=0.75|B=2|eps=0|cf538942-d2b2-427e-876d-3ee26c12f82b/ already exists.
./circuit_plots/Unrestricted Disentangled|Readout|CN=3|B0=0|B1=2|K=1280|L=320|p_B=0.75|p_C=0.75|B=2|eps=0|cf538942-d2b2-427e-876d-3ee26c12f82b/ already exists.
./circuit_plots/Unrestricted Disentangled|Readout|CN=3|B0=0|B1=2|K=1280|L=320|p_B=0.75|p_C=0.75|B=2|eps=0|cf538942-d2b2-427e-876d-3ee26c12f82b/ already exists.
Epoch: 900, Loss: 5.760081768035889
Test acc: 0.004, IC acc: 0.0046, IC acc2: 0.0025, IW acc: 0.0033
Epoch: 901, Loss: 5.753307819366455
Epoch: 902, Loss: 5.776134490966797
Epoch: 903, Loss: 5.759312152862549
Epoch: 904, Loss: 5.75932502746582
Epoch: 905, Loss: 5.767182350158691
Epoch: 906, Loss: 5.772217273712158
Epoch: 907, Loss: 5.758469104766846
Epoch: 908, Loss: 5.757735252380371
Epoch: 909, Loss: 5.762166976928711
Epoch: 910, Loss: 5.776911735534668
Test acc: 0.0041, IC acc: 0.0047, IC acc2: 0.0024, IW acc: 0.0034
Epoch: 911, Loss: 5.765142440795898
Epoch: 912, Loss: 5.756329536437988
Epoch: 913, Loss: 5.7645111083984375
Epoch: 914, Loss: 5.761600971221924
Epoch: 915, Loss: 5.7680864334106445
Epoch: 916, Loss: 5.749652862548828
Epoch: 917, Loss: 5.773507118225098
Epoch: 918, Loss: 5.763092994689941
Epoch: 919, Loss: 5.765697479248047
Epoch: 920, Loss: 5.741748809814453
Test acc: 0.0041, IC acc: 0.0047, IC acc2: 0.0024, IW acc: 0.0034
Epoch: 921, Loss: 5.760724067687988
Epoch: 922, Loss: 5.761658668518066
Epoch: 923, Loss: 5.745658874511719
Epoch: 924, Loss: 5.76999568939209
Epoch: 925, Loss: 5.775051116943359
Epoch: 926, Loss: 5.770824432373047
Epoch: 927, Loss: 5.778336048126221
Epoch: 928, Loss: 5.77073860168457
Epoch: 929, Loss: 5.779187202453613
Epoch: 930, Loss: 5.763928413391113
Test acc: 0.0041, IC acc: 0.0047, IC acc2: 0.0026, IW acc: 0.0034
Epoch: 931, Loss: 5.775607109069824
Epoch: 932, Loss: 5.76906681060791
Epoch: 933, Loss: 5.768802165985107
Epoch: 934, Loss: 5.7571120262146
Epoch: 935, Loss: 5.765319347381592
Epoch: 936, Loss: 5.762338638305664
Epoch: 937, Loss: 5.753100395202637
Epoch: 938, Loss: 5.776937484741211
Epoch: 939, Loss: 5.766202926635742
Epoch: 940, Loss: 5.777328968048096
Test acc: 0.0041, IC acc: 0.0048, IC acc2: 0.0027, IW acc: 0.0034
Epoch: 941, Loss: 5.774562358856201
Epoch: 942, Loss: 5.760904312133789
Epoch: 943, Loss: 5.75278377532959
Epoch: 944, Loss: 5.768826007843018
Epoch: 945, Loss: 5.7603254318237305
Epoch: 946, Loss: 5.770177841186523
Epoch: 947, Loss: 5.761821746826172
Epoch: 948, Loss: 5.762687683105469
Epoch: 949, Loss: 5.762782573699951
./circuit_plots/Unrestricted Disentangled|Readout|CN=3|B0=0|B1=2|K=1280|L=320|p_B=0.75|p_C=0.75|B=2|eps=0|cf538942-d2b2-427e-876d-3ee26c12f82b/ already exists.
./circuit_plots/Unrestricted Disentangled|Readout|CN=3|B0=0|B1=2|K=1280|L=320|p_B=0.75|p_C=0.75|B=2|eps=0|cf538942-d2b2-427e-876d-3ee26c12f82b/ already exists.
./circuit_plots/Unrestricted Disentangled|Readout|CN=3|B0=0|B1=2|K=1280|L=320|p_B=0.75|p_C=0.75|B=2|eps=0|cf538942-d2b2-427e-876d-3ee26c12f82b/ already exists.
./circuit_plots/Unrestricted Disentangled|Readout|CN=3|B0=0|B1=2|K=1280|L=320|p_B=0.75|p_C=0.75|B=2|eps=0|cf538942-d2b2-427e-876d-3ee26c12f82b/ already exists.
./circuit_plots/Unrestricted Disentangled|Readout|CN=3|B0=0|B1=2|K=1280|L=320|p_B=0.75|p_C=0.75|B=2|eps=0|cf538942-d2b2-427e-876d-3ee26c12f82b/ already exists.
./circuit_plots/Unrestricted Disentangled|Readout|CN=3|B0=0|B1=2|K=1280|L=320|p_B=0.75|p_C=0.75|B=2|eps=0|cf538942-d2b2-427e-876d-3ee26c12f82b/ already exists.
./circuit_plots/Unrestricted Disentangled|Readout|CN=3|B0=0|B1=2|K=1280|L=320|p_B=0.75|p_C=0.75|B=2|eps=0|cf538942-d2b2-427e-876d-3ee26c12f82b/ already exists.
Epoch: 950, Loss: 5.751410484313965
Test acc: 0.0041, IC acc: 0.0048, IC acc2: 0.0027, IW acc: 0.0034
Epoch: 951, Loss: 5.771358489990234
Epoch: 952, Loss: 5.758899688720703
Epoch: 953, Loss: 5.770172119140625
Epoch: 954, Loss: 5.7605438232421875
Epoch: 955, Loss: 5.753838539123535
Epoch: 956, Loss: 5.757726669311523
Epoch: 957, Loss: 5.757016181945801
Epoch: 958, Loss: 5.777583599090576
Epoch: 959, Loss: 5.764161109924316
Epoch: 960, Loss: 5.749567985534668
Test acc: 0.0041, IC acc: 0.0049, IC acc2: 0.0026, IW acc: 0.0033
Epoch: 961, Loss: 5.767199993133545
Epoch: 962, Loss: 5.768773078918457
Epoch: 963, Loss: 5.7672505378723145
Epoch: 964, Loss: 5.766667366027832
Epoch: 965, Loss: 5.769096374511719
Epoch: 966, Loss: 5.764413833618164
Epoch: 967, Loss: 5.760666370391846
Epoch: 968, Loss: 5.737250328063965
Epoch: 969, Loss: 5.7564544677734375
Epoch: 970, Loss: 5.758996486663818
Test acc: 0.0041, IC acc: 0.0049, IC acc2: 0.0026, IW acc: 0.0033
Epoch: 971, Loss: 5.745770454406738
Epoch: 972, Loss: 5.751809120178223
Epoch: 973, Loss: 5.772769451141357
Epoch: 974, Loss: 5.775311470031738
Epoch: 975, Loss: 5.766446113586426
Epoch: 976, Loss: 5.768575191497803
Epoch: 977, Loss: 5.761953830718994
Epoch: 978, Loss: 5.776294708251953
Epoch: 979, Loss: 5.75510835647583
Epoch: 980, Loss: 5.7586774826049805
Test acc: 0.0041, IC acc: 0.0049, IC acc2: 0.0026, IW acc: 0.0033
Epoch: 981, Loss: 5.753657817840576
Epoch: 982, Loss: 5.774021148681641
Epoch: 983, Loss: 5.768881320953369
Epoch: 984, Loss: 5.770380973815918
Epoch: 985, Loss: 5.749502182006836
Epoch: 986, Loss: 5.761224746704102
Epoch: 987, Loss: 5.763457775115967
Epoch: 988, Loss: 5.7440996170043945
Epoch: 989, Loss: 5.768709182739258
Epoch: 990, Loss: 5.751418113708496
Test acc: 0.0042, IC acc: 0.0049, IC acc2: 0.0027, IW acc: 0.0033
Epoch: 991, Loss: 5.761677265167236
Epoch: 992, Loss: 5.766544818878174
Epoch: 993, Loss: 5.776823997497559
Epoch: 994, Loss: 5.769665718078613
Epoch: 995, Loss: 5.776358127593994
Epoch: 996, Loss: 5.763675212860107
Epoch: 997, Loss: 5.741541385650635
Epoch: 998, Loss: 5.768219470977783
Epoch: 999, Loss: 5.769406795501709
./circuit_plots/Unrestricted Disentangled|Readout|CN=3|B0=0|B1=2|K=1280|L=320|p_B=0.75|p_C=0.75|B=2|eps=0|cf538942-d2b2-427e-876d-3ee26c12f82b/ already exists.
./circuit_plots/Unrestricted Disentangled|Readout|CN=3|B0=0|B1=2|K=1280|L=320|p_B=0.75|p_C=0.75|B=2|eps=0|cf538942-d2b2-427e-876d-3ee26c12f82b/ already exists.
./circuit_plots/Unrestricted Disentangled|Readout|CN=3|B0=0|B1=2|K=1280|L=320|p_B=0.75|p_C=0.75|B=2|eps=0|cf538942-d2b2-427e-876d-3ee26c12f82b/ already exists.
./circuit_plots/Unrestricted Disentangled|Readout|CN=3|B0=0|B1=2|K=1280|L=320|p_B=0.75|p_C=0.75|B=2|eps=0|cf538942-d2b2-427e-876d-3ee26c12f82b/ already exists.
./circuit_plots/Unrestricted Disentangled|Readout|CN=3|B0=0|B1=2|K=1280|L=320|p_B=0.75|p_C=0.75|B=2|eps=0|cf538942-d2b2-427e-876d-3ee26c12f82b/ already exists.
./circuit_plots/Unrestricted Disentangled|Readout|CN=3|B0=0|B1=2|K=1280|L=320|p_B=0.75|p_C=0.75|B=2|eps=0|cf538942-d2b2-427e-876d-3ee26c12f82b/ already exists.
./circuit_plots/Unrestricted Disentangled|Readout|CN=3|B0=0|B1=2|K=1280|L=320|p_B=0.75|p_C=0.75|B=2|eps=0|cf538942-d2b2-427e-876d-3ee26c12f82b/ already exists.
Epoch: 1000, Loss: 5.769482612609863
Test acc: 0.0043, IC acc: 0.005, IC acc2: 0.0027, IW acc: 0.0033
Epoch: 1001, Loss: 5.761753082275391
Epoch: 1002, Loss: 5.767522811889648
Epoch: 1003, Loss: 5.781744480133057
Epoch: 1004, Loss: 5.745830535888672
Epoch: 1005, Loss: 5.774313926696777
Epoch: 1006, Loss: 5.766456604003906
Epoch: 1007, Loss: 5.7604570388793945
Epoch: 1008, Loss: 5.771968841552734
Epoch: 1009, Loss: 5.772256374359131
Epoch: 1010, Loss: 5.777709007263184
Test acc: 0.0042, IC acc: 0.005, IC acc2: 0.0027, IW acc: 0.0033
Epoch: 1011, Loss: 5.774173736572266
Epoch: 1012, Loss: 5.765224456787109
Epoch: 1013, Loss: 5.763703346252441
Epoch: 1014, Loss: 5.768644332885742
Epoch: 1015, Loss: 5.768745422363281
Epoch: 1016, Loss: 5.763958930969238
Epoch: 1017, Loss: 5.756209373474121
Epoch: 1018, Loss: 5.754493713378906
Epoch: 1019, Loss: 5.754696846008301
Epoch: 1020, Loss: 5.761041164398193
Test acc: 0.0043, IC acc: 0.0052, IC acc2: 0.0027, IW acc: 0.0033
Epoch: 1021, Loss: 5.757306098937988
Epoch: 1022, Loss: 5.778838157653809
Epoch: 1023, Loss: 5.766958713531494
Epoch: 1024, Loss: 5.765969276428223
Epoch: 1025, Loss: 5.761855602264404
Epoch: 1026, Loss: 5.768850803375244
Epoch: 1027, Loss: 5.786975860595703
Epoch: 1028, Loss: 5.773018836975098
Epoch: 1029, Loss: 5.775478363037109
Epoch: 1030, Loss: 5.776172161102295
Test acc: 0.0042, IC acc: 0.0053, IC acc2: 0.0027, IW acc: 0.0033
Epoch: 1031, Loss: 5.729095458984375
Epoch: 1032, Loss: 5.775769233703613
Epoch: 1033, Loss: 5.752255916595459
Epoch: 1034, Loss: 5.748073577880859
Epoch: 1035, Loss: 5.7729902267456055
Epoch: 1036, Loss: 5.77520751953125
Epoch: 1037, Loss: 5.746896266937256
Epoch: 1038, Loss: 5.760515213012695
Epoch: 1039, Loss: 5.743831157684326
Epoch: 1040, Loss: 5.762439727783203
Test acc: 0.0042, IC acc: 0.0052, IC acc2: 0.0027, IW acc: 0.0033
Epoch: 1041, Loss: 5.762394905090332
Epoch: 1042, Loss: 5.772529602050781
Epoch: 1043, Loss: 5.770735740661621
Epoch: 1044, Loss: 5.767141819000244
Epoch: 1045, Loss: 5.751584053039551
Epoch: 1046, Loss: 5.757393836975098
Epoch: 1047, Loss: 5.756183624267578
Epoch: 1048, Loss: 5.768908977508545
Epoch: 1049, Loss: 5.763631820678711
./circuit_plots/Unrestricted Disentangled|Readout|CN=3|B0=0|B1=2|K=1280|L=320|p_B=0.75|p_C=0.75|B=2|eps=0|cf538942-d2b2-427e-876d-3ee26c12f82b/ already exists.
./circuit_plots/Unrestricted Disentangled|Readout|CN=3|B0=0|B1=2|K=1280|L=320|p_B=0.75|p_C=0.75|B=2|eps=0|cf538942-d2b2-427e-876d-3ee26c12f82b/ already exists.
./circuit_plots/Unrestricted Disentangled|Readout|CN=3|B0=0|B1=2|K=1280|L=320|p_B=0.75|p_C=0.75|B=2|eps=0|cf538942-d2b2-427e-876d-3ee26c12f82b/ already exists.
./circuit_plots/Unrestricted Disentangled|Readout|CN=3|B0=0|B1=2|K=1280|L=320|p_B=0.75|p_C=0.75|B=2|eps=0|cf538942-d2b2-427e-876d-3ee26c12f82b/ already exists.
./circuit_plots/Unrestricted Disentangled|Readout|CN=3|B0=0|B1=2|K=1280|L=320|p_B=0.75|p_C=0.75|B=2|eps=0|cf538942-d2b2-427e-876d-3ee26c12f82b/ already exists.
./circuit_plots/Unrestricted Disentangled|Readout|CN=3|B0=0|B1=2|K=1280|L=320|p_B=0.75|p_C=0.75|B=2|eps=0|cf538942-d2b2-427e-876d-3ee26c12f82b/ already exists.
./circuit_plots/Unrestricted Disentangled|Readout|CN=3|B0=0|B1=2|K=1280|L=320|p_B=0.75|p_C=0.75|B=2|eps=0|cf538942-d2b2-427e-876d-3ee26c12f82b/ already exists.
Epoch: 1050, Loss: 5.762981414794922
Test acc: 0.0042, IC acc: 0.0053, IC acc2: 0.0026, IW acc: 0.0033
Epoch: 1051, Loss: 5.777876853942871
Epoch: 1052, Loss: 5.779750823974609
Epoch: 1053, Loss: 5.763460159301758
Epoch: 1054, Loss: 5.762905120849609
Epoch: 1055, Loss: 5.769129753112793
Epoch: 1056, Loss: 5.7450408935546875
Epoch: 1057, Loss: 5.758023262023926
Epoch: 1058, Loss: 5.739872455596924
Epoch: 1059, Loss: 5.765806198120117
Epoch: 1060, Loss: 5.769927024841309
Test acc: 0.0043, IC acc: 0.0053, IC acc2: 0.0027, IW acc: 0.0032
Epoch: 1061, Loss: 5.749645233154297
Epoch: 1062, Loss: 5.778831481933594
Epoch: 1063, Loss: 5.7688493728637695
Epoch: 1064, Loss: 5.7661542892456055
Epoch: 1065, Loss: 5.765434265136719
Epoch: 1066, Loss: 5.772599220275879
Epoch: 1067, Loss: 5.753631591796875
Epoch: 1068, Loss: 5.75770378112793
Epoch: 1069, Loss: 5.7718915939331055
Epoch: 1070, Loss: 5.753705978393555
Test acc: 0.0043, IC acc: 0.0052, IC acc2: 0.0027, IW acc: 0.0032
Epoch: 1071, Loss: 5.754610061645508
Epoch: 1072, Loss: 5.759925365447998
Epoch: 1073, Loss: 5.760411262512207
Epoch: 1074, Loss: 5.766144752502441
Epoch: 1075, Loss: 5.76694393157959
Epoch: 1076, Loss: 5.753714561462402
Epoch: 1077, Loss: 5.758231163024902
Epoch: 1078, Loss: 5.74776554107666
Epoch: 1079, Loss: 5.77252197265625
Epoch: 1080, Loss: 5.76029634475708
Test acc: 0.0044, IC acc: 0.0053, IC acc2: 0.0026, IW acc: 0.0033
Epoch: 1081, Loss: 5.7598419189453125
Epoch: 1082, Loss: 5.762631416320801
Epoch: 1083, Loss: 5.770791053771973
Epoch: 1084, Loss: 5.767238140106201
Epoch: 1085, Loss: 5.756270885467529
Epoch: 1086, Loss: 5.760483264923096
Epoch: 1087, Loss: 5.747790813446045
Epoch: 1088, Loss: 5.753995895385742
Epoch: 1089, Loss: 5.759772300720215
Epoch: 1090, Loss: 5.764177322387695
Test acc: 0.0045, IC acc: 0.0053, IC acc2: 0.0027, IW acc: 0.0032
Epoch: 1091, Loss: 5.765664577484131
Epoch: 1092, Loss: 5.7682647705078125
Epoch: 1093, Loss: 5.751717567443848
Epoch: 1094, Loss: 5.763347148895264
Epoch: 1095, Loss: 5.762152671813965
Epoch: 1096, Loss: 5.759006023406982
Epoch: 1097, Loss: 5.766108512878418
Epoch: 1098, Loss: 5.75633430480957
Epoch: 1099, Loss: 5.761284351348877
./circuit_plots/Unrestricted Disentangled|Readout|CN=3|B0=0|B1=2|K=1280|L=320|p_B=0.75|p_C=0.75|B=2|eps=0|cf538942-d2b2-427e-876d-3ee26c12f82b/ already exists.
./circuit_plots/Unrestricted Disentangled|Readout|CN=3|B0=0|B1=2|K=1280|L=320|p_B=0.75|p_C=0.75|B=2|eps=0|cf538942-d2b2-427e-876d-3ee26c12f82b/ already exists.
./circuit_plots/Unrestricted Disentangled|Readout|CN=3|B0=0|B1=2|K=1280|L=320|p_B=0.75|p_C=0.75|B=2|eps=0|cf538942-d2b2-427e-876d-3ee26c12f82b/ already exists.
./circuit_plots/Unrestricted Disentangled|Readout|CN=3|B0=0|B1=2|K=1280|L=320|p_B=0.75|p_C=0.75|B=2|eps=0|cf538942-d2b2-427e-876d-3ee26c12f82b/ already exists.
./circuit_plots/Unrestricted Disentangled|Readout|CN=3|B0=0|B1=2|K=1280|L=320|p_B=0.75|p_C=0.75|B=2|eps=0|cf538942-d2b2-427e-876d-3ee26c12f82b/ already exists.
./circuit_plots/Unrestricted Disentangled|Readout|CN=3|B0=0|B1=2|K=1280|L=320|p_B=0.75|p_C=0.75|B=2|eps=0|cf538942-d2b2-427e-876d-3ee26c12f82b/ already exists.
./circuit_plots/Unrestricted Disentangled|Readout|CN=3|B0=0|B1=2|K=1280|L=320|p_B=0.75|p_C=0.75|B=2|eps=0|cf538942-d2b2-427e-876d-3ee26c12f82b/ already exists.
Epoch: 1100, Loss: 5.733642578125
Test acc: 0.0044, IC acc: 0.0053, IC acc2: 0.0027, IW acc: 0.0032
Epoch: 1101, Loss: 5.771096229553223
Epoch: 1102, Loss: 5.762419700622559
Epoch: 1103, Loss: 5.753776550292969
Epoch: 1104, Loss: 5.763517379760742
Epoch: 1105, Loss: 5.749628067016602
Epoch: 1106, Loss: 5.745798110961914
Epoch: 1107, Loss: 5.766615867614746
Epoch: 1108, Loss: 5.768954277038574
Epoch: 1109, Loss: 5.761947154998779
Epoch: 1110, Loss: 5.748845100402832
Test acc: 0.0045, IC acc: 0.0053, IC acc2: 0.0027, IW acc: 0.0032
Epoch: 1111, Loss: 5.759893894195557
Epoch: 1112, Loss: 5.773893356323242
Epoch: 1113, Loss: 5.764544486999512
Epoch: 1114, Loss: 5.747406005859375
Epoch: 1115, Loss: 5.757669448852539
Epoch: 1116, Loss: 5.748889923095703
Epoch: 1117, Loss: 5.759896278381348
Epoch: 1118, Loss: 5.75930643081665
Epoch: 1119, Loss: 5.774031639099121
Epoch: 1120, Loss: 5.760282039642334
Test acc: 0.0045, IC acc: 0.0053, IC acc2: 0.0027, IW acc: 0.0033
Epoch: 1121, Loss: 5.758957386016846
Epoch: 1122, Loss: 5.75727653503418
Epoch: 1123, Loss: 5.769656181335449
Epoch: 1124, Loss: 5.761479377746582
Epoch: 1125, Loss: 5.772096157073975
Epoch: 1126, Loss: 5.7554192543029785
Epoch: 1127, Loss: 5.7662529945373535
Epoch: 1128, Loss: 5.7654829025268555
Epoch: 1129, Loss: 5.7699127197265625
Epoch: 1130, Loss: 5.745248317718506
Test acc: 0.0045, IC acc: 0.0053, IC acc2: 0.0027, IW acc: 0.0032
Epoch: 1131, Loss: 5.7411394119262695
Epoch: 1132, Loss: 5.7634100914001465
Epoch: 1133, Loss: 5.7458295822143555
Epoch: 1134, Loss: 5.750509738922119
Epoch: 1135, Loss: 5.757208824157715
Epoch: 1136, Loss: 5.749809265136719
Epoch: 1137, Loss: 5.762813091278076
Epoch: 1138, Loss: 5.766135215759277
Epoch: 1139, Loss: 5.769656181335449
Epoch: 1140, Loss: 5.756166458129883
Test acc: 0.0045, IC acc: 0.0054, IC acc2: 0.0027, IW acc: 0.0032
Epoch: 1141, Loss: 5.759469032287598
Epoch: 1142, Loss: 5.767439842224121
Epoch: 1143, Loss: 5.772174835205078
Epoch: 1144, Loss: 5.767632007598877
Epoch: 1145, Loss: 5.7466349601745605
Epoch: 1146, Loss: 5.763208866119385
Epoch: 1147, Loss: 5.761843681335449
Epoch: 1148, Loss: 5.751235008239746
Epoch: 1149, Loss: 5.752923488616943
./circuit_plots/Unrestricted Disentangled|Readout|CN=3|B0=0|B1=2|K=1280|L=320|p_B=0.75|p_C=0.75|B=2|eps=0|cf538942-d2b2-427e-876d-3ee26c12f82b/ already exists.
./circuit_plots/Unrestricted Disentangled|Readout|CN=3|B0=0|B1=2|K=1280|L=320|p_B=0.75|p_C=0.75|B=2|eps=0|cf538942-d2b2-427e-876d-3ee26c12f82b/ already exists.
./circuit_plots/Unrestricted Disentangled|Readout|CN=3|B0=0|B1=2|K=1280|L=320|p_B=0.75|p_C=0.75|B=2|eps=0|cf538942-d2b2-427e-876d-3ee26c12f82b/ already exists.
./circuit_plots/Unrestricted Disentangled|Readout|CN=3|B0=0|B1=2|K=1280|L=320|p_B=0.75|p_C=0.75|B=2|eps=0|cf538942-d2b2-427e-876d-3ee26c12f82b/ already exists.
./circuit_plots/Unrestricted Disentangled|Readout|CN=3|B0=0|B1=2|K=1280|L=320|p_B=0.75|p_C=0.75|B=2|eps=0|cf538942-d2b2-427e-876d-3ee26c12f82b/ already exists.
./circuit_plots/Unrestricted Disentangled|Readout|CN=3|B0=0|B1=2|K=1280|L=320|p_B=0.75|p_C=0.75|B=2|eps=0|cf538942-d2b2-427e-876d-3ee26c12f82b/ already exists.
./circuit_plots/Unrestricted Disentangled|Readout|CN=3|B0=0|B1=2|K=1280|L=320|p_B=0.75|p_C=0.75|B=2|eps=0|cf538942-d2b2-427e-876d-3ee26c12f82b/ already exists.
Epoch: 1150, Loss: 5.775457382202148
Test acc: 0.0045, IC acc: 0.0055, IC acc2: 0.0027, IW acc: 0.0032
Epoch: 1151, Loss: 5.777021884918213
Epoch: 1152, Loss: 5.760950088500977
Epoch: 1153, Loss: 5.757875442504883
Epoch: 1154, Loss: 5.780460357666016
Epoch: 1155, Loss: 5.760455131530762
Epoch: 1156, Loss: 5.761402130126953
Epoch: 1157, Loss: 5.740159034729004
Epoch: 1158, Loss: 5.7782721519470215
Epoch: 1159, Loss: 5.759798049926758
Epoch: 1160, Loss: 5.765589714050293
Test acc: 0.0045, IC acc: 0.0056, IC acc2: 0.0027, IW acc: 0.0032
Epoch: 1161, Loss: 5.75493049621582
Epoch: 1162, Loss: 5.770371913909912
Epoch: 1163, Loss: 5.756967544555664
Epoch: 1164, Loss: 5.7505202293396
Epoch: 1165, Loss: 5.745720863342285
Epoch: 1166, Loss: 5.761876106262207
Epoch: 1167, Loss: 5.7638397216796875
Epoch: 1168, Loss: 5.768184185028076
Epoch: 1169, Loss: 5.743063926696777
Epoch: 1170, Loss: 5.752564430236816
Test acc: 0.0045, IC acc: 0.0056, IC acc2: 0.0027, IW acc: 0.0033
Epoch: 1171, Loss: 5.766751289367676
Epoch: 1172, Loss: 5.7596330642700195
Epoch: 1173, Loss: 5.746552467346191
Epoch: 1174, Loss: 5.743656635284424
Epoch: 1175, Loss: 5.7660746574401855
Epoch: 1176, Loss: 5.764080047607422
Epoch: 1177, Loss: 5.7549147605896
Epoch: 1178, Loss: 5.744040489196777
Epoch: 1179, Loss: 5.7618865966796875
Epoch: 1180, Loss: 5.75523567199707
Test acc: 0.0045, IC acc: 0.0057, IC acc2: 0.0027, IW acc: 0.0033
Epoch: 1181, Loss: 5.761221885681152
Epoch: 1182, Loss: 5.742491245269775
Epoch: 1183, Loss: 5.757180213928223
Epoch: 1184, Loss: 5.75430154800415
Epoch: 1185, Loss: 5.782454490661621
Epoch: 1186, Loss: 5.7554521560668945
Epoch: 1187, Loss: 5.747694969177246
Epoch: 1188, Loss: 5.752497673034668
Epoch: 1189, Loss: 5.739701747894287
Epoch: 1190, Loss: 5.768619537353516
Test acc: 0.0047, IC acc: 0.0057, IC acc2: 0.0027, IW acc: 0.0032
Epoch: 1191, Loss: 5.751357078552246
Epoch: 1192, Loss: 5.75327730178833
Epoch: 1193, Loss: 5.762193202972412
Epoch: 1194, Loss: 5.760340690612793
Epoch: 1195, Loss: 5.764360427856445
Epoch: 1196, Loss: 5.755055904388428
Epoch: 1197, Loss: 5.760907173156738
Epoch: 1198, Loss: 5.753447532653809
Epoch: 1199, Loss: 5.761730670928955
./circuit_plots/Unrestricted Disentangled|Readout|CN=3|B0=0|B1=2|K=1280|L=320|p_B=0.75|p_C=0.75|B=2|eps=0|cf538942-d2b2-427e-876d-3ee26c12f82b/ already exists.
./circuit_plots/Unrestricted Disentangled|Readout|CN=3|B0=0|B1=2|K=1280|L=320|p_B=0.75|p_C=0.75|B=2|eps=0|cf538942-d2b2-427e-876d-3ee26c12f82b/ already exists.
./circuit_plots/Unrestricted Disentangled|Readout|CN=3|B0=0|B1=2|K=1280|L=320|p_B=0.75|p_C=0.75|B=2|eps=0|cf538942-d2b2-427e-876d-3ee26c12f82b/ already exists.
./circuit_plots/Unrestricted Disentangled|Readout|CN=3|B0=0|B1=2|K=1280|L=320|p_B=0.75|p_C=0.75|B=2|eps=0|cf538942-d2b2-427e-876d-3ee26c12f82b/ already exists.
./circuit_plots/Unrestricted Disentangled|Readout|CN=3|B0=0|B1=2|K=1280|L=320|p_B=0.75|p_C=0.75|B=2|eps=0|cf538942-d2b2-427e-876d-3ee26c12f82b/ already exists.
./circuit_plots/Unrestricted Disentangled|Readout|CN=3|B0=0|B1=2|K=1280|L=320|p_B=0.75|p_C=0.75|B=2|eps=0|cf538942-d2b2-427e-876d-3ee26c12f82b/ already exists.
./circuit_plots/Unrestricted Disentangled|Readout|CN=3|B0=0|B1=2|K=1280|L=320|p_B=0.75|p_C=0.75|B=2|eps=0|cf538942-d2b2-427e-876d-3ee26c12f82b/ already exists.
Epoch: 1200, Loss: 5.746321678161621
Test acc: 0.0048, IC acc: 0.0057, IC acc2: 0.0027, IW acc: 0.0032
Epoch: 1201, Loss: 5.745739936828613
Epoch: 1202, Loss: 5.748442649841309
Epoch: 1203, Loss: 5.7642669677734375
Epoch: 1204, Loss: 5.74764347076416
Epoch: 1205, Loss: 5.762577056884766
Epoch: 1206, Loss: 5.745699405670166
Epoch: 1207, Loss: 5.761298179626465
Epoch: 1208, Loss: 5.766787528991699
Epoch: 1209, Loss: 5.737624168395996
Epoch: 1210, Loss: 5.757208824157715
Test acc: 0.0047, IC acc: 0.0057, IC acc2: 0.0027, IW acc: 0.0032
Epoch: 1211, Loss: 5.754018783569336
Epoch: 1212, Loss: 5.76384162902832
Epoch: 1213, Loss: 5.750263214111328
Epoch: 1214, Loss: 5.767593860626221
Epoch: 1215, Loss: 5.751040458679199
Epoch: 1216, Loss: 5.75398063659668
Epoch: 1217, Loss: 5.776052951812744
Epoch: 1218, Loss: 5.765554428100586
Epoch: 1219, Loss: 5.764703273773193
Epoch: 1220, Loss: 5.762780666351318
Test acc: 0.0046, IC acc: 0.0058, IC acc2: 0.0027, IW acc: 0.0032
Epoch: 1221, Loss: 5.763280868530273
Epoch: 1222, Loss: 5.749103546142578
Epoch: 1223, Loss: 5.767422676086426
Epoch: 1224, Loss: 5.752034664154053
Epoch: 1225, Loss: 5.766157627105713
Epoch: 1226, Loss: 5.755332946777344
Epoch: 1227, Loss: 5.763025283813477
Epoch: 1228, Loss: 5.772381782531738
Epoch: 1229, Loss: 5.747655868530273
Epoch: 1230, Loss: 5.7681684494018555
Test acc: 0.0045, IC acc: 0.0058, IC acc2: 0.0027, IW acc: 0.0033
Epoch: 1231, Loss: 5.747956275939941
Epoch: 1232, Loss: 5.755998611450195
Epoch: 1233, Loss: 5.765138149261475
Epoch: 1234, Loss: 5.7641730308532715
Epoch: 1235, Loss: 5.756112575531006
Epoch: 1236, Loss: 5.761599540710449
Epoch: 1237, Loss: 5.757774353027344
Epoch: 1238, Loss: 5.764138698577881
Epoch: 1239, Loss: 5.763332366943359
Epoch: 1240, Loss: 5.762025833129883
Test acc: 0.0047, IC acc: 0.0058, IC acc2: 0.0027, IW acc: 0.0033
Epoch: 1241, Loss: 5.765842914581299
Epoch: 1242, Loss: 5.750725746154785
Epoch: 1243, Loss: 5.753775119781494
Epoch: 1244, Loss: 5.766705513000488
Epoch: 1245, Loss: 5.75438928604126
Epoch: 1246, Loss: 5.763323783874512
Epoch: 1247, Loss: 5.756192684173584
Epoch: 1248, Loss: 5.759668827056885
Epoch: 1249, Loss: 5.773531913757324
./circuit_plots/Unrestricted Disentangled|Readout|CN=3|B0=0|B1=2|K=1280|L=320|p_B=0.75|p_C=0.75|B=2|eps=0|cf538942-d2b2-427e-876d-3ee26c12f82b/ already exists.
./circuit_plots/Unrestricted Disentangled|Readout|CN=3|B0=0|B1=2|K=1280|L=320|p_B=0.75|p_C=0.75|B=2|eps=0|cf538942-d2b2-427e-876d-3ee26c12f82b/ already exists.
./circuit_plots/Unrestricted Disentangled|Readout|CN=3|B0=0|B1=2|K=1280|L=320|p_B=0.75|p_C=0.75|B=2|eps=0|cf538942-d2b2-427e-876d-3ee26c12f82b/ already exists.
./circuit_plots/Unrestricted Disentangled|Readout|CN=3|B0=0|B1=2|K=1280|L=320|p_B=0.75|p_C=0.75|B=2|eps=0|cf538942-d2b2-427e-876d-3ee26c12f82b/ already exists.
./circuit_plots/Unrestricted Disentangled|Readout|CN=3|B0=0|B1=2|K=1280|L=320|p_B=0.75|p_C=0.75|B=2|eps=0|cf538942-d2b2-427e-876d-3ee26c12f82b/ already exists.
./circuit_plots/Unrestricted Disentangled|Readout|CN=3|B0=0|B1=2|K=1280|L=320|p_B=0.75|p_C=0.75|B=2|eps=0|cf538942-d2b2-427e-876d-3ee26c12f82b/ already exists.
./circuit_plots/Unrestricted Disentangled|Readout|CN=3|B0=0|B1=2|K=1280|L=320|p_B=0.75|p_C=0.75|B=2|eps=0|cf538942-d2b2-427e-876d-3ee26c12f82b/ already exists.
Epoch: 1250, Loss: 5.757555961608887
Test acc: 0.0046, IC acc: 0.0058, IC acc2: 0.0026, IW acc: 0.0032
Epoch: 1251, Loss: 5.75781774520874
Epoch: 1252, Loss: 5.753690719604492
Epoch: 1253, Loss: 5.753513336181641
Epoch: 1254, Loss: 5.763089179992676
Epoch: 1255, Loss: 5.743067741394043
Epoch: 1256, Loss: 5.7631516456604
Epoch: 1257, Loss: 5.7688188552856445
Epoch: 1258, Loss: 5.77249813079834
Epoch: 1259, Loss: 5.760106086730957
Epoch: 1260, Loss: 5.755496501922607
Test acc: 0.0046, IC acc: 0.0059, IC acc2: 0.0027, IW acc: 0.0032
Epoch: 1261, Loss: 5.779057025909424
Epoch: 1262, Loss: 5.773715496063232
Epoch: 1263, Loss: 5.751010894775391
Epoch: 1264, Loss: 5.764230251312256
Epoch: 1265, Loss: 5.773687362670898
Epoch: 1266, Loss: 5.747170448303223
Epoch: 1267, Loss: 5.755738735198975
Epoch: 1268, Loss: 5.756133079528809
Epoch: 1269, Loss: 5.760588645935059
Epoch: 1270, Loss: 5.771844863891602
Test acc: 0.0046, IC acc: 0.0059, IC acc2: 0.0027, IW acc: 0.0032
Epoch: 1271, Loss: 5.745693206787109
Epoch: 1272, Loss: 5.7520647048950195
Epoch: 1273, Loss: 5.751845359802246
Epoch: 1274, Loss: 5.76072883605957
Epoch: 1275, Loss: 5.781310081481934
Epoch: 1276, Loss: 5.7602691650390625
Epoch: 1277, Loss: 5.7648162841796875
Epoch: 1278, Loss: 5.742132186889648
Epoch: 1279, Loss: 5.7632927894592285
Epoch: 1280, Loss: 5.752847671508789
Test acc: 0.0047, IC acc: 0.0059, IC acc2: 0.0026, IW acc: 0.0032
Epoch: 1281, Loss: 5.767890930175781
Epoch: 1282, Loss: 5.748575687408447
Epoch: 1283, Loss: 5.755608558654785
Epoch: 1284, Loss: 5.7725372314453125
Epoch: 1285, Loss: 5.756617069244385
Epoch: 1286, Loss: 5.7577362060546875
Epoch: 1287, Loss: 5.763792991638184
Epoch: 1288, Loss: 5.757654190063477
Epoch: 1289, Loss: 5.745782852172852
Epoch: 1290, Loss: 5.765840530395508
Test acc: 0.0047, IC acc: 0.006, IC acc2: 0.0026, IW acc: 0.0032
Epoch: 1291, Loss: 5.754953384399414
Epoch: 1292, Loss: 5.755251407623291
Epoch: 1293, Loss: 5.776137351989746
Epoch: 1294, Loss: 5.760468482971191
Epoch: 1295, Loss: 5.766661643981934
Epoch: 1296, Loss: 5.755386829376221
Epoch: 1297, Loss: 5.7582831382751465
Epoch: 1298, Loss: 5.748966217041016
Epoch: 1299, Loss: 5.752021312713623
./circuit_plots/Unrestricted Disentangled|Readout|CN=3|B0=0|B1=2|K=1280|L=320|p_B=0.75|p_C=0.75|B=2|eps=0|cf538942-d2b2-427e-876d-3ee26c12f82b/ already exists.
./circuit_plots/Unrestricted Disentangled|Readout|CN=3|B0=0|B1=2|K=1280|L=320|p_B=0.75|p_C=0.75|B=2|eps=0|cf538942-d2b2-427e-876d-3ee26c12f82b/ already exists.
./circuit_plots/Unrestricted Disentangled|Readout|CN=3|B0=0|B1=2|K=1280|L=320|p_B=0.75|p_C=0.75|B=2|eps=0|cf538942-d2b2-427e-876d-3ee26c12f82b/ already exists.
./circuit_plots/Unrestricted Disentangled|Readout|CN=3|B0=0|B1=2|K=1280|L=320|p_B=0.75|p_C=0.75|B=2|eps=0|cf538942-d2b2-427e-876d-3ee26c12f82b/ already exists.
./circuit_plots/Unrestricted Disentangled|Readout|CN=3|B0=0|B1=2|K=1280|L=320|p_B=0.75|p_C=0.75|B=2|eps=0|cf538942-d2b2-427e-876d-3ee26c12f82b/ already exists.
./circuit_plots/Unrestricted Disentangled|Readout|CN=3|B0=0|B1=2|K=1280|L=320|p_B=0.75|p_C=0.75|B=2|eps=0|cf538942-d2b2-427e-876d-3ee26c12f82b/ already exists.
./circuit_plots/Unrestricted Disentangled|Readout|CN=3|B0=0|B1=2|K=1280|L=320|p_B=0.75|p_C=0.75|B=2|eps=0|cf538942-d2b2-427e-876d-3ee26c12f82b/ already exists.
Epoch: 1300, Loss: 5.76101541519165
Test acc: 0.0047, IC acc: 0.0061, IC acc2: 0.0026, IW acc: 0.0032
Epoch: 1301, Loss: 5.766584396362305
Epoch: 1302, Loss: 5.769503593444824
Epoch: 1303, Loss: 5.760780334472656
Epoch: 1304, Loss: 5.752962589263916
Epoch: 1305, Loss: 5.7430853843688965
Epoch: 1306, Loss: 5.7650146484375
Epoch: 1307, Loss: 5.756296157836914
Epoch: 1308, Loss: 5.762620449066162
Epoch: 1309, Loss: 5.758405685424805
Epoch: 1310, Loss: 5.747716903686523
Test acc: 0.0048, IC acc: 0.0061, IC acc2: 0.0027, IW acc: 0.0032
Epoch: 1311, Loss: 5.74199104309082
Epoch: 1312, Loss: 5.771100997924805
Epoch: 1313, Loss: 5.750724792480469
Epoch: 1314, Loss: 5.758073329925537
Epoch: 1315, Loss: 5.733072280883789
Epoch: 1316, Loss: 5.789855003356934
Epoch: 1317, Loss: 5.755490303039551
Epoch: 1318, Loss: 5.751954555511475
Epoch: 1319, Loss: 5.761273384094238
Epoch: 1320, Loss: 5.752069473266602
Test acc: 0.0048, IC acc: 0.0061, IC acc2: 0.0027, IW acc: 0.0032
Epoch: 1321, Loss: 5.748449802398682
Epoch: 1322, Loss: 5.765802383422852
Epoch: 1323, Loss: 5.75534200668335
Epoch: 1324, Loss: 5.742624282836914
Epoch: 1325, Loss: 5.753497123718262
Epoch: 1326, Loss: 5.751433372497559
Epoch: 1327, Loss: 5.776464462280273
Epoch: 1328, Loss: 5.754329204559326
Epoch: 1329, Loss: 5.7682719230651855
Epoch: 1330, Loss: 5.770473003387451
Test acc: 0.0048, IC acc: 0.0061, IC acc2: 0.0027, IW acc: 0.0033
Epoch: 1331, Loss: 5.759091377258301
Epoch: 1332, Loss: 5.7580246925354
Epoch: 1333, Loss: 5.753251075744629
Epoch: 1334, Loss: 5.770477294921875
Epoch: 1335, Loss: 5.766106605529785
Epoch: 1336, Loss: 5.745870590209961
Epoch: 1337, Loss: 5.761076927185059
Epoch: 1338, Loss: 5.765479564666748
Epoch: 1339, Loss: 5.760028839111328
Epoch: 1340, Loss: 5.750015735626221
Test acc: 0.0048, IC acc: 0.0061, IC acc2: 0.0028, IW acc: 0.0033
Epoch: 1341, Loss: 5.761019229888916
Epoch: 1342, Loss: 5.759817600250244
Epoch: 1343, Loss: 5.750968933105469
Epoch: 1344, Loss: 5.756425380706787
Epoch: 1345, Loss: 5.743027687072754
Epoch: 1346, Loss: 5.75972843170166
Epoch: 1347, Loss: 5.7596540451049805
Epoch: 1348, Loss: 5.779061317443848
Epoch: 1349, Loss: 5.7509307861328125
./circuit_plots/Unrestricted Disentangled|Readout|CN=3|B0=0|B1=2|K=1280|L=320|p_B=0.75|p_C=0.75|B=2|eps=0|cf538942-d2b2-427e-876d-3ee26c12f82b/ already exists.
./circuit_plots/Unrestricted Disentangled|Readout|CN=3|B0=0|B1=2|K=1280|L=320|p_B=0.75|p_C=0.75|B=2|eps=0|cf538942-d2b2-427e-876d-3ee26c12f82b/ already exists.
./circuit_plots/Unrestricted Disentangled|Readout|CN=3|B0=0|B1=2|K=1280|L=320|p_B=0.75|p_C=0.75|B=2|eps=0|cf538942-d2b2-427e-876d-3ee26c12f82b/ already exists.
./circuit_plots/Unrestricted Disentangled|Readout|CN=3|B0=0|B1=2|K=1280|L=320|p_B=0.75|p_C=0.75|B=2|eps=0|cf538942-d2b2-427e-876d-3ee26c12f82b/ already exists.
./circuit_plots/Unrestricted Disentangled|Readout|CN=3|B0=0|B1=2|K=1280|L=320|p_B=0.75|p_C=0.75|B=2|eps=0|cf538942-d2b2-427e-876d-3ee26c12f82b/ already exists.
./circuit_plots/Unrestricted Disentangled|Readout|CN=3|B0=0|B1=2|K=1280|L=320|p_B=0.75|p_C=0.75|B=2|eps=0|cf538942-d2b2-427e-876d-3ee26c12f82b/ already exists.
./circuit_plots/Unrestricted Disentangled|Readout|CN=3|B0=0|B1=2|K=1280|L=320|p_B=0.75|p_C=0.75|B=2|eps=0|cf538942-d2b2-427e-876d-3ee26c12f82b/ already exists.
Epoch: 1350, Loss: 5.751837253570557
Test acc: 0.0048, IC acc: 0.0062, IC acc2: 0.0028, IW acc: 0.0032
Epoch: 1351, Loss: 5.760919570922852
Epoch: 1352, Loss: 5.775299072265625
Epoch: 1353, Loss: 5.751068592071533
Epoch: 1354, Loss: 5.756283760070801
Epoch: 1355, Loss: 5.761438369750977
Epoch: 1356, Loss: 5.7523298263549805
Epoch: 1357, Loss: 5.759344100952148
Epoch: 1358, Loss: 5.750365257263184
Epoch: 1359, Loss: 5.767183303833008
Epoch: 1360, Loss: 5.755331993103027
Test acc: 0.0048, IC acc: 0.0061, IC acc2: 0.0028, IW acc: 0.0033
Epoch: 1361, Loss: 5.751323699951172
Epoch: 1362, Loss: 5.7473649978637695
Epoch: 1363, Loss: 5.752840518951416
Epoch: 1364, Loss: 5.763724327087402
Epoch: 1365, Loss: 5.759639263153076
Epoch: 1366, Loss: 5.738791465759277
Epoch: 1367, Loss: 5.754490852355957
Epoch: 1368, Loss: 5.750679969787598
Epoch: 1369, Loss: 5.76521635055542
Epoch: 1370, Loss: 5.752453804016113
Test acc: 0.0048, IC acc: 0.0061, IC acc2: 0.0028, IW acc: 0.0032
Epoch: 1371, Loss: 5.763192176818848
Epoch: 1372, Loss: 5.758151054382324
Epoch: 1373, Loss: 5.750494956970215
Epoch: 1374, Loss: 5.741952896118164
Epoch: 1375, Loss: 5.748994827270508
Epoch: 1376, Loss: 5.748517990112305
Epoch: 1377, Loss: 5.7729597091674805
Epoch: 1378, Loss: 5.772622108459473
Epoch: 1379, Loss: 5.7725324630737305
Epoch: 1380, Loss: 5.775027275085449
Test acc: 0.0048, IC acc: 0.0062, IC acc2: 0.0028, IW acc: 0.0033
Epoch: 1381, Loss: 5.755352973937988
Epoch: 1382, Loss: 5.751501083374023
Epoch: 1383, Loss: 5.7538580894470215
Epoch: 1384, Loss: 5.747518062591553
Epoch: 1385, Loss: 5.748575210571289
Epoch: 1386, Loss: 5.759062767028809
Epoch: 1387, Loss: 5.7573418617248535
Epoch: 1388, Loss: 5.758549690246582
Epoch: 1389, Loss: 5.770691871643066
Epoch: 1390, Loss: 5.75101375579834
Test acc: 0.0049, IC acc: 0.0062, IC acc2: 0.0028, IW acc: 0.0032
Epoch: 1391, Loss: 5.746457099914551
Epoch: 1392, Loss: 5.760175704956055
Epoch: 1393, Loss: 5.7571306228637695
Epoch: 1394, Loss: 5.767256259918213
Epoch: 1395, Loss: 5.771592140197754
Epoch: 1396, Loss: 5.74809455871582
Epoch: 1397, Loss: 5.762372970581055
Epoch: 1398, Loss: 5.747781753540039
Epoch: 1399, Loss: 5.767273902893066
./circuit_plots/Unrestricted Disentangled|Readout|CN=3|B0=0|B1=2|K=1280|L=320|p_B=0.75|p_C=0.75|B=2|eps=0|cf538942-d2b2-427e-876d-3ee26c12f82b/ already exists.
./circuit_plots/Unrestricted Disentangled|Readout|CN=3|B0=0|B1=2|K=1280|L=320|p_B=0.75|p_C=0.75|B=2|eps=0|cf538942-d2b2-427e-876d-3ee26c12f82b/ already exists.
./circuit_plots/Unrestricted Disentangled|Readout|CN=3|B0=0|B1=2|K=1280|L=320|p_B=0.75|p_C=0.75|B=2|eps=0|cf538942-d2b2-427e-876d-3ee26c12f82b/ already exists.
./circuit_plots/Unrestricted Disentangled|Readout|CN=3|B0=0|B1=2|K=1280|L=320|p_B=0.75|p_C=0.75|B=2|eps=0|cf538942-d2b2-427e-876d-3ee26c12f82b/ already exists.
./circuit_plots/Unrestricted Disentangled|Readout|CN=3|B0=0|B1=2|K=1280|L=320|p_B=0.75|p_C=0.75|B=2|eps=0|cf538942-d2b2-427e-876d-3ee26c12f82b/ already exists.
./circuit_plots/Unrestricted Disentangled|Readout|CN=3|B0=0|B1=2|K=1280|L=320|p_B=0.75|p_C=0.75|B=2|eps=0|cf538942-d2b2-427e-876d-3ee26c12f82b/ already exists.
./circuit_plots/Unrestricted Disentangled|Readout|CN=3|B0=0|B1=2|K=1280|L=320|p_B=0.75|p_C=0.75|B=2|eps=0|cf538942-d2b2-427e-876d-3ee26c12f82b/ already exists.
Epoch: 1400, Loss: 5.752049446105957
Test acc: 0.0049, IC acc: 0.0062, IC acc2: 0.0028, IW acc: 0.0034
Epoch: 1401, Loss: 5.744682312011719
Epoch: 1402, Loss: 5.754688262939453
Epoch: 1403, Loss: 5.7566986083984375
Epoch: 1404, Loss: 5.782670021057129
Epoch: 1405, Loss: 5.770990371704102
Epoch: 1406, Loss: 5.756363868713379
Epoch: 1407, Loss: 5.760905742645264
Epoch: 1408, Loss: 5.728527069091797
Epoch: 1409, Loss: 5.763419151306152
Epoch: 1410, Loss: 5.749533176422119
Test acc: 0.0049, IC acc: 0.0063, IC acc2: 0.0028, IW acc: 0.0033
Epoch: 1411, Loss: 5.7373552322387695
Epoch: 1412, Loss: 5.765690326690674
Epoch: 1413, Loss: 5.751157760620117
Epoch: 1414, Loss: 5.756906509399414
Epoch: 1415, Loss: 5.749370574951172
Epoch: 1416, Loss: 5.759123802185059
Epoch: 1417, Loss: 5.769937038421631
Epoch: 1418, Loss: 5.769365310668945
Epoch: 1419, Loss: 5.751077651977539
Epoch: 1420, Loss: 5.756119251251221
Test acc: 0.0049, IC acc: 0.0063, IC acc2: 0.0027, IW acc: 0.0034
Epoch: 1421, Loss: 5.759319305419922
Epoch: 1422, Loss: 5.75048303604126
Epoch: 1423, Loss: 5.75135612487793
Epoch: 1424, Loss: 5.773877143859863
Epoch: 1425, Loss: 5.766056060791016
Epoch: 1426, Loss: 5.756124496459961
Epoch: 1427, Loss: 5.7509613037109375
Epoch: 1428, Loss: 5.7591447830200195
Epoch: 1429, Loss: 5.746158599853516
Epoch: 1430, Loss: 5.751418113708496
Test acc: 0.0049, IC acc: 0.0063, IC acc2: 0.0027, IW acc: 0.0034
Epoch: 1431, Loss: 5.74468994140625
Epoch: 1432, Loss: 5.7549638748168945
Epoch: 1433, Loss: 5.752655029296875
Epoch: 1434, Loss: 5.747873306274414
Epoch: 1435, Loss: 5.743985176086426
Epoch: 1436, Loss: 5.755135536193848
Epoch: 1437, Loss: 5.754415988922119
Epoch: 1438, Loss: 5.747950553894043
Epoch: 1439, Loss: 5.755035877227783
Epoch: 1440, Loss: 5.751176357269287
Test acc: 0.0053, IC acc: 0.0062, IC acc2: 0.0027, IW acc: 0.0034
Epoch: 1441, Loss: 5.752029895782471
Epoch: 1442, Loss: 5.760035037994385
Epoch: 1443, Loss: 5.753877639770508
Epoch: 1444, Loss: 5.7521209716796875
Epoch: 1445, Loss: 5.747502326965332
Epoch: 1446, Loss: 5.73884916305542
Epoch: 1447, Loss: 5.762312412261963
Epoch: 1448, Loss: 5.767090320587158
Epoch: 1449, Loss: 5.761000633239746
./circuit_plots/Unrestricted Disentangled|Readout|CN=3|B0=0|B1=2|K=1280|L=320|p_B=0.75|p_C=0.75|B=2|eps=0|cf538942-d2b2-427e-876d-3ee26c12f82b/ already exists.
./circuit_plots/Unrestricted Disentangled|Readout|CN=3|B0=0|B1=2|K=1280|L=320|p_B=0.75|p_C=0.75|B=2|eps=0|cf538942-d2b2-427e-876d-3ee26c12f82b/ already exists.
./circuit_plots/Unrestricted Disentangled|Readout|CN=3|B0=0|B1=2|K=1280|L=320|p_B=0.75|p_C=0.75|B=2|eps=0|cf538942-d2b2-427e-876d-3ee26c12f82b/ already exists.
./circuit_plots/Unrestricted Disentangled|Readout|CN=3|B0=0|B1=2|K=1280|L=320|p_B=0.75|p_C=0.75|B=2|eps=0|cf538942-d2b2-427e-876d-3ee26c12f82b/ already exists.
./circuit_plots/Unrestricted Disentangled|Readout|CN=3|B0=0|B1=2|K=1280|L=320|p_B=0.75|p_C=0.75|B=2|eps=0|cf538942-d2b2-427e-876d-3ee26c12f82b/ already exists.
./circuit_plots/Unrestricted Disentangled|Readout|CN=3|B0=0|B1=2|K=1280|L=320|p_B=0.75|p_C=0.75|B=2|eps=0|cf538942-d2b2-427e-876d-3ee26c12f82b/ already exists.
./circuit_plots/Unrestricted Disentangled|Readout|CN=3|B0=0|B1=2|K=1280|L=320|p_B=0.75|p_C=0.75|B=2|eps=0|cf538942-d2b2-427e-876d-3ee26c12f82b/ already exists.
Epoch: 1450, Loss: 5.747175216674805
Test acc: 0.0051, IC acc: 0.0062, IC acc2: 0.0028, IW acc: 0.0034
Epoch: 1451, Loss: 5.758985996246338
Epoch: 1452, Loss: 5.767414093017578
Epoch: 1453, Loss: 5.756094932556152
Epoch: 1454, Loss: 5.758176803588867
Epoch: 1455, Loss: 5.768088340759277
Epoch: 1456, Loss: 5.750370025634766
Epoch: 1457, Loss: 5.746582984924316
Epoch: 1458, Loss: 5.7644147872924805
Epoch: 1459, Loss: 5.760405540466309
Epoch: 1460, Loss: 5.754941940307617
Test acc: 0.0051, IC acc: 0.0062, IC acc2: 0.0028, IW acc: 0.0034
Epoch: 1461, Loss: 5.74993896484375
Epoch: 1462, Loss: 5.74626350402832
Epoch: 1463, Loss: 5.742713928222656
Epoch: 1464, Loss: 5.757417678833008
Epoch: 1465, Loss: 5.738094329833984
Epoch: 1466, Loss: 5.748169898986816
Epoch: 1467, Loss: 5.764127731323242
Epoch: 1468, Loss: 5.763238906860352
Epoch: 1469, Loss: 5.759711265563965
Epoch: 1470, Loss: 5.741988182067871
Test acc: 0.0052, IC acc: 0.0062, IC acc2: 0.0026, IW acc: 0.0034
Epoch: 1471, Loss: 5.765751838684082
Epoch: 1472, Loss: 5.756936073303223
Epoch: 1473, Loss: 5.7636919021606445
Epoch: 1474, Loss: 5.759221076965332
Epoch: 1475, Loss: 5.745989799499512
Epoch: 1476, Loss: 5.743363857269287
Epoch: 1477, Loss: 5.7432966232299805
Epoch: 1478, Loss: 5.750117301940918
Epoch: 1479, Loss: 5.7522687911987305
Epoch: 1480, Loss: 5.744311809539795
Test acc: 0.0052, IC acc: 0.0062, IC acc2: 0.0027, IW acc: 0.0034
Epoch: 1481, Loss: 5.745092868804932
Epoch: 1482, Loss: 5.758851528167725
Epoch: 1483, Loss: 5.764569282531738
Epoch: 1484, Loss: 5.746699810028076
Epoch: 1485, Loss: 5.762816429138184
Epoch: 1486, Loss: 5.76023530960083
Epoch: 1487, Loss: 5.741567611694336
Epoch: 1488, Loss: 5.750833511352539
Epoch: 1489, Loss: 5.758400917053223
Epoch: 1490, Loss: 5.751867294311523
Test acc: 0.0053, IC acc: 0.0062, IC acc2: 0.0027, IW acc: 0.0035
Epoch: 1491, Loss: 5.77646541595459
Epoch: 1492, Loss: 5.753593921661377
Epoch: 1493, Loss: 5.769922256469727
Epoch: 1494, Loss: 5.754509925842285
Epoch: 1495, Loss: 5.764949798583984
Epoch: 1496, Loss: 5.731176376342773
Epoch: 1497, Loss: 5.742238998413086
Epoch: 1498, Loss: 5.756340980529785
Epoch: 1499, Loss: 5.759829044342041
./circuit_plots/Unrestricted Disentangled|Readout|CN=3|B0=0|B1=2|K=1280|L=320|p_B=0.75|p_C=0.75|B=2|eps=0|cf538942-d2b2-427e-876d-3ee26c12f82b/ already exists.
./circuit_plots/Unrestricted Disentangled|Readout|CN=3|B0=0|B1=2|K=1280|L=320|p_B=0.75|p_C=0.75|B=2|eps=0|cf538942-d2b2-427e-876d-3ee26c12f82b/ already exists.
./circuit_plots/Unrestricted Disentangled|Readout|CN=3|B0=0|B1=2|K=1280|L=320|p_B=0.75|p_C=0.75|B=2|eps=0|cf538942-d2b2-427e-876d-3ee26c12f82b/ already exists.
./circuit_plots/Unrestricted Disentangled|Readout|CN=3|B0=0|B1=2|K=1280|L=320|p_B=0.75|p_C=0.75|B=2|eps=0|cf538942-d2b2-427e-876d-3ee26c12f82b/ already exists.
./circuit_plots/Unrestricted Disentangled|Readout|CN=3|B0=0|B1=2|K=1280|L=320|p_B=0.75|p_C=0.75|B=2|eps=0|cf538942-d2b2-427e-876d-3ee26c12f82b/ already exists.
./circuit_plots/Unrestricted Disentangled|Readout|CN=3|B0=0|B1=2|K=1280|L=320|p_B=0.75|p_C=0.75|B=2|eps=0|cf538942-d2b2-427e-876d-3ee26c12f82b/ already exists.
./circuit_plots/Unrestricted Disentangled|Readout|CN=3|B0=0|B1=2|K=1280|L=320|p_B=0.75|p_C=0.75|B=2|eps=0|cf538942-d2b2-427e-876d-3ee26c12f82b/ already exists.
Epoch: 1500, Loss: 5.7432708740234375
Test acc: 0.0053, IC acc: 0.0063, IC acc2: 0.0028, IW acc: 0.0036
Epoch: 1501, Loss: 5.753384590148926
Epoch: 1502, Loss: 5.7456583976745605
Epoch: 1503, Loss: 5.741917133331299
Epoch: 1504, Loss: 5.747815132141113
Epoch: 1505, Loss: 5.764596939086914
Epoch: 1506, Loss: 5.75399112701416
Epoch: 1507, Loss: 5.760227680206299
Epoch: 1508, Loss: 5.76430606842041
Epoch: 1509, Loss: 5.761408805847168
Epoch: 1510, Loss: 5.764530181884766
Test acc: 0.0054, IC acc: 0.0063, IC acc2: 0.0028, IW acc: 0.0035
Epoch: 1511, Loss: 5.7651472091674805
Epoch: 1512, Loss: 5.746927261352539
Epoch: 1513, Loss: 5.752902030944824
Epoch: 1514, Loss: 5.73251485824585
Epoch: 1515, Loss: 5.743790626525879
Epoch: 1516, Loss: 5.742316246032715
Epoch: 1517, Loss: 5.76389217376709
Epoch: 1518, Loss: 5.753672122955322
Epoch: 1519, Loss: 5.772063255310059
Epoch: 1520, Loss: 5.747624397277832
Test acc: 0.0055, IC acc: 0.0064, IC acc2: 0.0028, IW acc: 0.0035
Epoch: 1521, Loss: 5.74830436706543
Epoch: 1522, Loss: 5.749175548553467
Epoch: 1523, Loss: 5.742549896240234
Epoch: 1524, Loss: 5.747798919677734
Epoch: 1525, Loss: 5.760719299316406
Epoch: 1526, Loss: 5.740843772888184
Epoch: 1527, Loss: 5.760897159576416
Epoch: 1528, Loss: 5.757424831390381
Epoch: 1529, Loss: 5.742926120758057
Epoch: 1530, Loss: 5.755056858062744
Test acc: 0.0056, IC acc: 0.0064, IC acc2: 0.0028, IW acc: 0.0035
Epoch: 1531, Loss: 5.732694149017334
Epoch: 1532, Loss: 5.7567949295043945
Epoch: 1533, Loss: 5.747694969177246
Epoch: 1534, Loss: 5.757957458496094
Epoch: 1535, Loss: 5.755704879760742
Epoch: 1536, Loss: 5.740871429443359
Epoch: 1537, Loss: 5.746858596801758
Epoch: 1538, Loss: 5.755961894989014
Epoch: 1539, Loss: 5.743078708648682
Epoch: 1540, Loss: 5.741466999053955
Test acc: 0.0056, IC acc: 0.0064, IC acc2: 0.0028, IW acc: 0.0035
Epoch: 1541, Loss: 5.7627387046813965
Epoch: 1542, Loss: 5.751240253448486
Epoch: 1543, Loss: 5.736875534057617
Epoch: 1544, Loss: 5.76148796081543
Epoch: 1545, Loss: 5.756319046020508
Epoch: 1546, Loss: 5.763510704040527
Epoch: 1547, Loss: 5.739989280700684
Epoch: 1548, Loss: 5.7427167892456055
Epoch: 1549, Loss: 5.73466682434082
./circuit_plots/Unrestricted Disentangled|Readout|CN=3|B0=0|B1=2|K=1280|L=320|p_B=0.75|p_C=0.75|B=2|eps=0|cf538942-d2b2-427e-876d-3ee26c12f82b/ already exists.
./circuit_plots/Unrestricted Disentangled|Readout|CN=3|B0=0|B1=2|K=1280|L=320|p_B=0.75|p_C=0.75|B=2|eps=0|cf538942-d2b2-427e-876d-3ee26c12f82b/ already exists.
./circuit_plots/Unrestricted Disentangled|Readout|CN=3|B0=0|B1=2|K=1280|L=320|p_B=0.75|p_C=0.75|B=2|eps=0|cf538942-d2b2-427e-876d-3ee26c12f82b/ already exists.
./circuit_plots/Unrestricted Disentangled|Readout|CN=3|B0=0|B1=2|K=1280|L=320|p_B=0.75|p_C=0.75|B=2|eps=0|cf538942-d2b2-427e-876d-3ee26c12f82b/ already exists.
./circuit_plots/Unrestricted Disentangled|Readout|CN=3|B0=0|B1=2|K=1280|L=320|p_B=0.75|p_C=0.75|B=2|eps=0|cf538942-d2b2-427e-876d-3ee26c12f82b/ already exists.
./circuit_plots/Unrestricted Disentangled|Readout|CN=3|B0=0|B1=2|K=1280|L=320|p_B=0.75|p_C=0.75|B=2|eps=0|cf538942-d2b2-427e-876d-3ee26c12f82b/ already exists.
./circuit_plots/Unrestricted Disentangled|Readout|CN=3|B0=0|B1=2|K=1280|L=320|p_B=0.75|p_C=0.75|B=2|eps=0|cf538942-d2b2-427e-876d-3ee26c12f82b/ already exists.
Epoch: 1550, Loss: 5.74368953704834
Test acc: 0.0057, IC acc: 0.0064, IC acc2: 0.0028, IW acc: 0.0034
Epoch: 1551, Loss: 5.753383636474609
Epoch: 1552, Loss: 5.765134334564209
Epoch: 1553, Loss: 5.769030570983887
Epoch: 1554, Loss: 5.734482288360596
Epoch: 1555, Loss: 5.748374938964844
Epoch: 1556, Loss: 5.7656354904174805
Epoch: 1557, Loss: 5.748021602630615
Epoch: 1558, Loss: 5.75247859954834
Epoch: 1559, Loss: 5.757761001586914
Epoch: 1560, Loss: 5.771808624267578
Test acc: 0.0057, IC acc: 0.0065, IC acc2: 0.0028, IW acc: 0.0034
Epoch: 1561, Loss: 5.751588821411133
Epoch: 1562, Loss: 5.7824201583862305
Epoch: 1563, Loss: 5.753946304321289
Epoch: 1564, Loss: 5.752033233642578
Epoch: 1565, Loss: 5.747289657592773
Epoch: 1566, Loss: 5.762599945068359
Epoch: 1567, Loss: 5.769639492034912
Epoch: 1568, Loss: 5.752436637878418
Epoch: 1569, Loss: 5.753349304199219
Epoch: 1570, Loss: 5.77066707611084
Test acc: 0.0057, IC acc: 0.0065, IC acc2: 0.0029, IW acc: 0.0035
Epoch: 1571, Loss: 5.7483367919921875
Epoch: 1572, Loss: 5.738543510437012
Epoch: 1573, Loss: 5.759817123413086
Epoch: 1574, Loss: 5.745820045471191
Epoch: 1575, Loss: 5.747553825378418
Epoch: 1576, Loss: 5.770290374755859
Epoch: 1577, Loss: 5.745059013366699
Epoch: 1578, Loss: 5.758240699768066
Epoch: 1579, Loss: 5.767205238342285
Epoch: 1580, Loss: 5.764867782592773
Test acc: 0.0057, IC acc: 0.0065, IC acc2: 0.0028, IW acc: 0.0035
Epoch: 1581, Loss: 5.755343437194824
Epoch: 1582, Loss: 5.759157180786133
Epoch: 1583, Loss: 5.739963531494141
Epoch: 1584, Loss: 5.753868579864502
Epoch: 1585, Loss: 5.757305145263672
Epoch: 1586, Loss: 5.749553680419922
Epoch: 1587, Loss: 5.7466912269592285
Epoch: 1588, Loss: 5.75770378112793
Epoch: 1589, Loss: 5.760211944580078
Epoch: 1590, Loss: 5.746504306793213
Test acc: 0.0056, IC acc: 0.0065, IC acc2: 0.0029, IW acc: 0.0035
Epoch: 1591, Loss: 5.749691009521484
Epoch: 1592, Loss: 5.760318279266357
Epoch: 1593, Loss: 5.768020153045654
Epoch: 1594, Loss: 5.736408233642578
Epoch: 1595, Loss: 5.755363941192627
Epoch: 1596, Loss: 5.760152816772461
Epoch: 1597, Loss: 5.763291835784912
Epoch: 1598, Loss: 5.758864879608154
Epoch: 1599, Loss: 5.762699604034424
./circuit_plots/Unrestricted Disentangled|Readout|CN=3|B0=0|B1=2|K=1280|L=320|p_B=0.75|p_C=0.75|B=2|eps=0|cf538942-d2b2-427e-876d-3ee26c12f82b/ already exists.
./circuit_plots/Unrestricted Disentangled|Readout|CN=3|B0=0|B1=2|K=1280|L=320|p_B=0.75|p_C=0.75|B=2|eps=0|cf538942-d2b2-427e-876d-3ee26c12f82b/ already exists.
./circuit_plots/Unrestricted Disentangled|Readout|CN=3|B0=0|B1=2|K=1280|L=320|p_B=0.75|p_C=0.75|B=2|eps=0|cf538942-d2b2-427e-876d-3ee26c12f82b/ already exists.
./circuit_plots/Unrestricted Disentangled|Readout|CN=3|B0=0|B1=2|K=1280|L=320|p_B=0.75|p_C=0.75|B=2|eps=0|cf538942-d2b2-427e-876d-3ee26c12f82b/ already exists.
./circuit_plots/Unrestricted Disentangled|Readout|CN=3|B0=0|B1=2|K=1280|L=320|p_B=0.75|p_C=0.75|B=2|eps=0|cf538942-d2b2-427e-876d-3ee26c12f82b/ already exists.
./circuit_plots/Unrestricted Disentangled|Readout|CN=3|B0=0|B1=2|K=1280|L=320|p_B=0.75|p_C=0.75|B=2|eps=0|cf538942-d2b2-427e-876d-3ee26c12f82b/ already exists.
./circuit_plots/Unrestricted Disentangled|Readout|CN=3|B0=0|B1=2|K=1280|L=320|p_B=0.75|p_C=0.75|B=2|eps=0|cf538942-d2b2-427e-876d-3ee26c12f82b/ already exists.
Epoch: 1600, Loss: 5.761341094970703
Test acc: 0.0056, IC acc: 0.0065, IC acc2: 0.0028, IW acc: 0.0034
Epoch: 1601, Loss: 5.774872779846191
Epoch: 1602, Loss: 5.742466449737549
Epoch: 1603, Loss: 5.743921279907227
Epoch: 1604, Loss: 5.759997367858887
Epoch: 1605, Loss: 5.774489402770996
Epoch: 1606, Loss: 5.7511186599731445
Epoch: 1607, Loss: 5.747752666473389
Epoch: 1608, Loss: 5.756463050842285
Epoch: 1609, Loss: 5.753994941711426
Epoch: 1610, Loss: 5.75981330871582
Test acc: 0.0057, IC acc: 0.0065, IC acc2: 0.0027, IW acc: 0.0034
Epoch: 1611, Loss: 5.752542495727539
Epoch: 1612, Loss: 5.7619781494140625
Epoch: 1613, Loss: 5.756936073303223
Epoch: 1614, Loss: 5.75419282913208
Epoch: 1615, Loss: 5.767535209655762
Epoch: 1616, Loss: 5.753853797912598
Epoch: 1617, Loss: 5.72904109954834
Epoch: 1618, Loss: 5.756921768188477
Epoch: 1619, Loss: 5.745923042297363
Epoch: 1620, Loss: 5.754229545593262
Test acc: 0.0057, IC acc: 0.0066, IC acc2: 0.0028, IW acc: 0.0034
Epoch: 1621, Loss: 5.747137069702148
Epoch: 1622, Loss: 5.76231575012207
Epoch: 1623, Loss: 5.757028579711914
Epoch: 1624, Loss: 5.773720741271973
Epoch: 1625, Loss: 5.752071380615234
Epoch: 1626, Loss: 5.758498668670654
Epoch: 1627, Loss: 5.75636625289917
Epoch: 1628, Loss: 5.738807678222656
Epoch: 1629, Loss: 5.753701210021973
Epoch: 1630, Loss: 5.763141632080078
Test acc: 0.0057, IC acc: 0.0066, IC acc2: 0.0027, IW acc: 0.0033
Epoch: 1631, Loss: 5.759305000305176
Epoch: 1632, Loss: 5.7626953125
Epoch: 1633, Loss: 5.755019664764404
Epoch: 1634, Loss: 5.742743492126465
Epoch: 1635, Loss: 5.756979942321777
Epoch: 1636, Loss: 5.753657341003418
Epoch: 1637, Loss: 5.7494215965271
Epoch: 1638, Loss: 5.755232810974121
Epoch: 1639, Loss: 5.7579450607299805
Epoch: 1640, Loss: 5.748640537261963
Test acc: 0.0057, IC acc: 0.0066, IC acc2: 0.0027, IW acc: 0.0033
Epoch: 1641, Loss: 5.745952606201172
Epoch: 1642, Loss: 5.754490852355957
Epoch: 1643, Loss: 5.749267578125
Epoch: 1644, Loss: 5.7462663650512695
Epoch: 1645, Loss: 5.766027450561523
Epoch: 1646, Loss: 5.736478805541992
Epoch: 1647, Loss: 5.741555213928223
Epoch: 1648, Loss: 5.761953353881836
Epoch: 1649, Loss: 5.757981777191162
./circuit_plots/Unrestricted Disentangled|Readout|CN=3|B0=0|B1=2|K=1280|L=320|p_B=0.75|p_C=0.75|B=2|eps=0|cf538942-d2b2-427e-876d-3ee26c12f82b/ already exists.
./circuit_plots/Unrestricted Disentangled|Readout|CN=3|B0=0|B1=2|K=1280|L=320|p_B=0.75|p_C=0.75|B=2|eps=0|cf538942-d2b2-427e-876d-3ee26c12f82b/ already exists.
./circuit_plots/Unrestricted Disentangled|Readout|CN=3|B0=0|B1=2|K=1280|L=320|p_B=0.75|p_C=0.75|B=2|eps=0|cf538942-d2b2-427e-876d-3ee26c12f82b/ already exists.
./circuit_plots/Unrestricted Disentangled|Readout|CN=3|B0=0|B1=2|K=1280|L=320|p_B=0.75|p_C=0.75|B=2|eps=0|cf538942-d2b2-427e-876d-3ee26c12f82b/ already exists.
./circuit_plots/Unrestricted Disentangled|Readout|CN=3|B0=0|B1=2|K=1280|L=320|p_B=0.75|p_C=0.75|B=2|eps=0|cf538942-d2b2-427e-876d-3ee26c12f82b/ already exists.
./circuit_plots/Unrestricted Disentangled|Readout|CN=3|B0=0|B1=2|K=1280|L=320|p_B=0.75|p_C=0.75|B=2|eps=0|cf538942-d2b2-427e-876d-3ee26c12f82b/ already exists.
./circuit_plots/Unrestricted Disentangled|Readout|CN=3|B0=0|B1=2|K=1280|L=320|p_B=0.75|p_C=0.75|B=2|eps=0|cf538942-d2b2-427e-876d-3ee26c12f82b/ already exists.
Epoch: 1650, Loss: 5.7463226318359375
Test acc: 0.0058, IC acc: 0.0067, IC acc2: 0.0027, IW acc: 0.0033
Epoch: 1651, Loss: 5.751450538635254
Epoch: 1652, Loss: 5.749863624572754
Epoch: 1653, Loss: 5.747807025909424
Epoch: 1654, Loss: 5.753513336181641
Epoch: 1655, Loss: 5.761798858642578
Epoch: 1656, Loss: 5.751306533813477
Epoch: 1657, Loss: 5.754009246826172
Epoch: 1658, Loss: 5.754300117492676
Epoch: 1659, Loss: 5.758703708648682
Epoch: 1660, Loss: 5.744346618652344
Test acc: 0.0058, IC acc: 0.0068, IC acc2: 0.0027, IW acc: 0.0033
Epoch: 1661, Loss: 5.729536533355713
Epoch: 1662, Loss: 5.769958972930908
Epoch: 1663, Loss: 5.749211311340332
Epoch: 1664, Loss: 5.75516939163208
Epoch: 1665, Loss: 5.756654739379883
Epoch: 1666, Loss: 5.752028465270996
Epoch: 1667, Loss: 5.773068428039551
Epoch: 1668, Loss: 5.764645099639893
Epoch: 1669, Loss: 5.756056308746338
Epoch: 1670, Loss: 5.750716686248779
Test acc: 0.0059, IC acc: 0.0067, IC acc2: 0.0027, IW acc: 0.0033
Epoch: 1671, Loss: 5.750308513641357
Epoch: 1672, Loss: 5.754137992858887
Epoch: 1673, Loss: 5.756143569946289
Epoch: 1674, Loss: 5.74610710144043
Epoch: 1675, Loss: 5.754705905914307
Epoch: 1676, Loss: 5.731137752532959
Epoch: 1677, Loss: 5.7671003341674805
Epoch: 1678, Loss: 5.764596462249756
Epoch: 1679, Loss: 5.761507034301758
Epoch: 1680, Loss: 5.763855934143066
Test acc: 0.0059, IC acc: 0.0068, IC acc2: 0.0027, IW acc: 0.0033
Epoch: 1681, Loss: 5.7447190284729
Epoch: 1682, Loss: 5.738481521606445
Epoch: 1683, Loss: 5.763092517852783
Epoch: 1684, Loss: 5.757706642150879
Epoch: 1685, Loss: 5.747028350830078
Epoch: 1686, Loss: 5.767491340637207
Epoch: 1687, Loss: 5.757724285125732
Epoch: 1688, Loss: 5.768584251403809
Epoch: 1689, Loss: 5.763718605041504
Epoch: 1690, Loss: 5.740410327911377
Test acc: 0.0059, IC acc: 0.0068, IC acc2: 0.0027, IW acc: 0.0034
Epoch: 1691, Loss: 5.75030517578125
Epoch: 1692, Loss: 5.755647659301758
Epoch: 1693, Loss: 5.757721424102783
Epoch: 1694, Loss: 5.7483625411987305
Epoch: 1695, Loss: 5.744657039642334
Epoch: 1696, Loss: 5.757667541503906
Epoch: 1697, Loss: 5.735807418823242
Epoch: 1698, Loss: 5.755054473876953
Epoch: 1699, Loss: 5.748147964477539
./circuit_plots/Unrestricted Disentangled|Readout|CN=3|B0=0|B1=2|K=1280|L=320|p_B=0.75|p_C=0.75|B=2|eps=0|cf538942-d2b2-427e-876d-3ee26c12f82b/ already exists.
./circuit_plots/Unrestricted Disentangled|Readout|CN=3|B0=0|B1=2|K=1280|L=320|p_B=0.75|p_C=0.75|B=2|eps=0|cf538942-d2b2-427e-876d-3ee26c12f82b/ already exists.
./circuit_plots/Unrestricted Disentangled|Readout|CN=3|B0=0|B1=2|K=1280|L=320|p_B=0.75|p_C=0.75|B=2|eps=0|cf538942-d2b2-427e-876d-3ee26c12f82b/ already exists.
./circuit_plots/Unrestricted Disentangled|Readout|CN=3|B0=0|B1=2|K=1280|L=320|p_B=0.75|p_C=0.75|B=2|eps=0|cf538942-d2b2-427e-876d-3ee26c12f82b/ already exists.
./circuit_plots/Unrestricted Disentangled|Readout|CN=3|B0=0|B1=2|K=1280|L=320|p_B=0.75|p_C=0.75|B=2|eps=0|cf538942-d2b2-427e-876d-3ee26c12f82b/ already exists.
./circuit_plots/Unrestricted Disentangled|Readout|CN=3|B0=0|B1=2|K=1280|L=320|p_B=0.75|p_C=0.75|B=2|eps=0|cf538942-d2b2-427e-876d-3ee26c12f82b/ already exists.
./circuit_plots/Unrestricted Disentangled|Readout|CN=3|B0=0|B1=2|K=1280|L=320|p_B=0.75|p_C=0.75|B=2|eps=0|cf538942-d2b2-427e-876d-3ee26c12f82b/ already exists.
Epoch: 1700, Loss: 5.745457649230957
Test acc: 0.006, IC acc: 0.0068, IC acc2: 0.0027, IW acc: 0.0033
Epoch: 1701, Loss: 5.741700172424316
Epoch: 1702, Loss: 5.746793746948242
Epoch: 1703, Loss: 5.767402648925781
Epoch: 1704, Loss: 5.748020648956299
Epoch: 1705, Loss: 5.756124973297119
Epoch: 1706, Loss: 5.75022029876709
Epoch: 1707, Loss: 5.754445552825928
Epoch: 1708, Loss: 5.749527931213379
Epoch: 1709, Loss: 5.760878086090088
Epoch: 1710, Loss: 5.74746036529541
Test acc: 0.006, IC acc: 0.0068, IC acc2: 0.0027, IW acc: 0.0033
Epoch: 1711, Loss: 5.761331558227539
Epoch: 1712, Loss: 5.745344638824463
Epoch: 1713, Loss: 5.748509407043457
Epoch: 1714, Loss: 5.7596049308776855
Epoch: 1715, Loss: 5.754205703735352
Epoch: 1716, Loss: 5.746374607086182
Epoch: 1717, Loss: 5.756746768951416
Epoch: 1718, Loss: 5.767253875732422
Epoch: 1719, Loss: 5.760361671447754
Epoch: 1720, Loss: 5.74422550201416
Test acc: 0.0061, IC acc: 0.0068, IC acc2: 0.0027, IW acc: 0.0033
Epoch: 1721, Loss: 5.755313873291016
Epoch: 1722, Loss: 5.76726770401001
Epoch: 1723, Loss: 5.758668899536133
Epoch: 1724, Loss: 5.750585556030273
Epoch: 1725, Loss: 5.76179313659668
Epoch: 1726, Loss: 5.764782905578613
Epoch: 1727, Loss: 5.7528228759765625
Epoch: 1728, Loss: 5.767621994018555
Epoch: 1729, Loss: 5.753046989440918
Epoch: 1730, Loss: 5.76713752746582
Test acc: 0.0061, IC acc: 0.0069, IC acc2: 0.0029, IW acc: 0.0031
Epoch: 1731, Loss: 5.7528533935546875
Epoch: 1732, Loss: 5.756444454193115
Epoch: 1733, Loss: 5.75498628616333
Epoch: 1734, Loss: 5.759267807006836
Epoch: 1735, Loss: 5.761602401733398
Epoch: 1736, Loss: 5.740294933319092
Epoch: 1737, Loss: 5.753498554229736
Epoch: 1738, Loss: 5.740746021270752
Epoch: 1739, Loss: 5.740960597991943
Epoch: 1740, Loss: 5.762722015380859
Test acc: 0.0061, IC acc: 0.0069, IC acc2: 0.0029, IW acc: 0.0031
Epoch: 1741, Loss: 5.75419282913208
Epoch: 1742, Loss: 5.743673324584961
Epoch: 1743, Loss: 5.768510818481445
Epoch: 1744, Loss: 5.753380298614502
Epoch: 1745, Loss: 5.746325492858887
Epoch: 1746, Loss: 5.7502593994140625
Epoch: 1747, Loss: 5.7495269775390625
Epoch: 1748, Loss: 5.747129917144775
Epoch: 1749, Loss: 5.755370140075684
./circuit_plots/Unrestricted Disentangled|Readout|CN=3|B0=0|B1=2|K=1280|L=320|p_B=0.75|p_C=0.75|B=2|eps=0|cf538942-d2b2-427e-876d-3ee26c12f82b/ already exists.
./circuit_plots/Unrestricted Disentangled|Readout|CN=3|B0=0|B1=2|K=1280|L=320|p_B=0.75|p_C=0.75|B=2|eps=0|cf538942-d2b2-427e-876d-3ee26c12f82b/ already exists.
./circuit_plots/Unrestricted Disentangled|Readout|CN=3|B0=0|B1=2|K=1280|L=320|p_B=0.75|p_C=0.75|B=2|eps=0|cf538942-d2b2-427e-876d-3ee26c12f82b/ already exists.
./circuit_plots/Unrestricted Disentangled|Readout|CN=3|B0=0|B1=2|K=1280|L=320|p_B=0.75|p_C=0.75|B=2|eps=0|cf538942-d2b2-427e-876d-3ee26c12f82b/ already exists.
./circuit_plots/Unrestricted Disentangled|Readout|CN=3|B0=0|B1=2|K=1280|L=320|p_B=0.75|p_C=0.75|B=2|eps=0|cf538942-d2b2-427e-876d-3ee26c12f82b/ already exists.
./circuit_plots/Unrestricted Disentangled|Readout|CN=3|B0=0|B1=2|K=1280|L=320|p_B=0.75|p_C=0.75|B=2|eps=0|cf538942-d2b2-427e-876d-3ee26c12f82b/ already exists.
./circuit_plots/Unrestricted Disentangled|Readout|CN=3|B0=0|B1=2|K=1280|L=320|p_B=0.75|p_C=0.75|B=2|eps=0|cf538942-d2b2-427e-876d-3ee26c12f82b/ already exists.
Epoch: 1750, Loss: 5.7498779296875
Test acc: 0.0061, IC acc: 0.0073, IC acc2: 0.0029, IW acc: 0.0032
Epoch: 1751, Loss: 5.773055076599121
Epoch: 1752, Loss: 5.734004974365234
Epoch: 1753, Loss: 5.749655246734619
Epoch: 1754, Loss: 5.742829322814941
Epoch: 1755, Loss: 5.754453659057617
Epoch: 1756, Loss: 5.762490749359131
Epoch: 1757, Loss: 5.757890701293945
Epoch: 1758, Loss: 5.736269950866699
Epoch: 1759, Loss: 5.7591753005981445
Epoch: 1760, Loss: 5.750201225280762
Test acc: 0.0061, IC acc: 0.0074, IC acc2: 0.0029, IW acc: 0.0032
Epoch: 1761, Loss: 5.744448184967041
Epoch: 1762, Loss: 5.734823226928711
Epoch: 1763, Loss: 5.746446132659912
Epoch: 1764, Loss: 5.748014450073242
Epoch: 1765, Loss: 5.766594886779785
Epoch: 1766, Loss: 5.761841773986816
Epoch: 1767, Loss: 5.755075454711914
Epoch: 1768, Loss: 5.7472310066223145
Epoch: 1769, Loss: 5.752982139587402
Epoch: 1770, Loss: 5.75151252746582
Test acc: 0.0061, IC acc: 0.0074, IC acc2: 0.0028, IW acc: 0.0032
Epoch: 1771, Loss: 5.7466044425964355
Epoch: 1772, Loss: 5.75027322769165
Epoch: 1773, Loss: 5.759594917297363
Epoch: 1774, Loss: 5.745577812194824
Epoch: 1775, Loss: 5.7572021484375
Epoch: 1776, Loss: 5.7439961433410645
Epoch: 1777, Loss: 5.753564834594727
Epoch: 1778, Loss: 5.755090713500977
Epoch: 1779, Loss: 5.757668495178223
Epoch: 1780, Loss: 5.754492282867432
Test acc: 0.0061, IC acc: 0.0074, IC acc2: 0.003, IW acc: 0.0032
Epoch: 1781, Loss: 5.749518394470215
Epoch: 1782, Loss: 5.754271984100342
Epoch: 1783, Loss: 5.752935409545898
Epoch: 1784, Loss: 5.756091594696045
Epoch: 1785, Loss: 5.752809524536133
Epoch: 1786, Loss: 5.755063056945801
Epoch: 1787, Loss: 5.748279094696045
Epoch: 1788, Loss: 5.747403621673584
Epoch: 1789, Loss: 5.744574069976807
Epoch: 1790, Loss: 5.750083923339844
Test acc: 0.0062, IC acc: 0.0074, IC acc2: 0.0029, IW acc: 0.0033
Epoch: 1791, Loss: 5.761560440063477
Epoch: 1792, Loss: 5.740865707397461
Epoch: 1793, Loss: 5.747134685516357
Epoch: 1794, Loss: 5.7550435066223145
Epoch: 1795, Loss: 5.743688583374023
Epoch: 1796, Loss: 5.755566120147705
Epoch: 1797, Loss: 5.749977111816406
Epoch: 1798, Loss: 5.755642414093018
Epoch: 1799, Loss: 5.740715026855469
./circuit_plots/Unrestricted Disentangled|Readout|CN=3|B0=0|B1=2|K=1280|L=320|p_B=0.75|p_C=0.75|B=2|eps=0|cf538942-d2b2-427e-876d-3ee26c12f82b/ already exists.
./circuit_plots/Unrestricted Disentangled|Readout|CN=3|B0=0|B1=2|K=1280|L=320|p_B=0.75|p_C=0.75|B=2|eps=0|cf538942-d2b2-427e-876d-3ee26c12f82b/ already exists.
./circuit_plots/Unrestricted Disentangled|Readout|CN=3|B0=0|B1=2|K=1280|L=320|p_B=0.75|p_C=0.75|B=2|eps=0|cf538942-d2b2-427e-876d-3ee26c12f82b/ already exists.
./circuit_plots/Unrestricted Disentangled|Readout|CN=3|B0=0|B1=2|K=1280|L=320|p_B=0.75|p_C=0.75|B=2|eps=0|cf538942-d2b2-427e-876d-3ee26c12f82b/ already exists.
./circuit_plots/Unrestricted Disentangled|Readout|CN=3|B0=0|B1=2|K=1280|L=320|p_B=0.75|p_C=0.75|B=2|eps=0|cf538942-d2b2-427e-876d-3ee26c12f82b/ already exists.
./circuit_plots/Unrestricted Disentangled|Readout|CN=3|B0=0|B1=2|K=1280|L=320|p_B=0.75|p_C=0.75|B=2|eps=0|cf538942-d2b2-427e-876d-3ee26c12f82b/ already exists.
./circuit_plots/Unrestricted Disentangled|Readout|CN=3|B0=0|B1=2|K=1280|L=320|p_B=0.75|p_C=0.75|B=2|eps=0|cf538942-d2b2-427e-876d-3ee26c12f82b/ already exists.
Epoch: 1800, Loss: 5.762763977050781
Test acc: 0.0062, IC acc: 0.0074, IC acc2: 0.0028, IW acc: 0.0031
Epoch: 1801, Loss: 5.740299224853516
Epoch: 1802, Loss: 5.755548477172852
Epoch: 1803, Loss: 5.73100471496582
Epoch: 1804, Loss: 5.758974075317383
Epoch: 1805, Loss: 5.749756813049316
Epoch: 1806, Loss: 5.745206356048584
Epoch: 1807, Loss: 5.7527360916137695
Epoch: 1808, Loss: 5.732162952423096
Epoch: 1809, Loss: 5.755092620849609
Epoch: 1810, Loss: 5.749902248382568
Test acc: 0.0062, IC acc: 0.0074, IC acc2: 0.0028, IW acc: 0.0033
Epoch: 1811, Loss: 5.7346367835998535
Epoch: 1812, Loss: 5.755941390991211
Epoch: 1813, Loss: 5.74300479888916
Epoch: 1814, Loss: 5.752519607543945
Epoch: 1815, Loss: 5.749964714050293
Epoch: 1816, Loss: 5.745457649230957
Epoch: 1817, Loss: 5.732129096984863
Epoch: 1818, Loss: 5.750905990600586
Epoch: 1819, Loss: 5.732501029968262
Epoch: 1820, Loss: 5.762152194976807
Test acc: 0.0062, IC acc: 0.0074, IC acc2: 0.003, IW acc: 0.0033
Epoch: 1821, Loss: 5.748115539550781
Epoch: 1822, Loss: 5.758307456970215
Epoch: 1823, Loss: 5.769749641418457
Epoch: 1824, Loss: 5.741280555725098
Epoch: 1825, Loss: 5.741603851318359
Epoch: 1826, Loss: 5.7631306648254395
Epoch: 1827, Loss: 5.747570991516113
Epoch: 1828, Loss: 5.754485130310059
Epoch: 1829, Loss: 5.766882419586182
Epoch: 1830, Loss: 5.745738983154297
Test acc: 0.0061, IC acc: 0.0074, IC acc2: 0.0031, IW acc: 0.0033
Epoch: 1831, Loss: 5.749176025390625
Epoch: 1832, Loss: 5.742186546325684
Epoch: 1833, Loss: 5.759852409362793
Epoch: 1834, Loss: 5.74601411819458
Epoch: 1835, Loss: 5.735416889190674
Epoch: 1836, Loss: 5.747053146362305
Epoch: 1837, Loss: 5.7463836669921875
Epoch: 1838, Loss: 5.750731468200684
Epoch: 1839, Loss: 5.742038726806641
Epoch: 1840, Loss: 5.754767417907715
Test acc: 0.0062, IC acc: 0.0074, IC acc2: 0.0031, IW acc: 0.0033
Epoch: 1841, Loss: 5.769225120544434
Epoch: 1842, Loss: 5.754762649536133
Epoch: 1843, Loss: 5.754218578338623
Epoch: 1844, Loss: 5.757355690002441
Epoch: 1845, Loss: 5.74073600769043
Epoch: 1846, Loss: 5.759366035461426
Epoch: 1847, Loss: 5.751987457275391
Epoch: 1848, Loss: 5.745994567871094
Epoch: 1849, Loss: 5.752546310424805
./circuit_plots/Unrestricted Disentangled|Readout|CN=3|B0=0|B1=2|K=1280|L=320|p_B=0.75|p_C=0.75|B=2|eps=0|cf538942-d2b2-427e-876d-3ee26c12f82b/ already exists.
./circuit_plots/Unrestricted Disentangled|Readout|CN=3|B0=0|B1=2|K=1280|L=320|p_B=0.75|p_C=0.75|B=2|eps=0|cf538942-d2b2-427e-876d-3ee26c12f82b/ already exists.
./circuit_plots/Unrestricted Disentangled|Readout|CN=3|B0=0|B1=2|K=1280|L=320|p_B=0.75|p_C=0.75|B=2|eps=0|cf538942-d2b2-427e-876d-3ee26c12f82b/ already exists.
./circuit_plots/Unrestricted Disentangled|Readout|CN=3|B0=0|B1=2|K=1280|L=320|p_B=0.75|p_C=0.75|B=2|eps=0|cf538942-d2b2-427e-876d-3ee26c12f82b/ already exists.
./circuit_plots/Unrestricted Disentangled|Readout|CN=3|B0=0|B1=2|K=1280|L=320|p_B=0.75|p_C=0.75|B=2|eps=0|cf538942-d2b2-427e-876d-3ee26c12f82b/ already exists.
./circuit_plots/Unrestricted Disentangled|Readout|CN=3|B0=0|B1=2|K=1280|L=320|p_B=0.75|p_C=0.75|B=2|eps=0|cf538942-d2b2-427e-876d-3ee26c12f82b/ already exists.
./circuit_plots/Unrestricted Disentangled|Readout|CN=3|B0=0|B1=2|K=1280|L=320|p_B=0.75|p_C=0.75|B=2|eps=0|cf538942-d2b2-427e-876d-3ee26c12f82b/ already exists.
Epoch: 1850, Loss: 5.742281913757324
Test acc: 0.0062, IC acc: 0.0074, IC acc2: 0.0029, IW acc: 0.0033
Epoch: 1851, Loss: 5.756252288818359
Epoch: 1852, Loss: 5.750232219696045
Epoch: 1853, Loss: 5.7545013427734375
Epoch: 1854, Loss: 5.7581281661987305
Epoch: 1855, Loss: 5.752298355102539
Epoch: 1856, Loss: 5.756021499633789
Epoch: 1857, Loss: 5.744858741760254
Epoch: 1858, Loss: 5.761386871337891
Epoch: 1859, Loss: 5.755821704864502
Epoch: 1860, Loss: 5.740816593170166
Test acc: 0.0062, IC acc: 0.0074, IC acc2: 0.003, IW acc: 0.0033
Epoch: 1861, Loss: 5.7440595626831055
Epoch: 1862, Loss: 5.757391929626465
Epoch: 1863, Loss: 5.747078895568848
Epoch: 1864, Loss: 5.742847442626953
Epoch: 1865, Loss: 5.753829479217529
Epoch: 1866, Loss: 5.752715110778809
Epoch: 1867, Loss: 5.7739129066467285
Epoch: 1868, Loss: 5.759812355041504
Epoch: 1869, Loss: 5.756497859954834
Epoch: 1870, Loss: 5.750829696655273
Test acc: 0.0061, IC acc: 0.0074, IC acc2: 0.003, IW acc: 0.0032
Epoch: 1871, Loss: 5.741306304931641
Epoch: 1872, Loss: 5.749082565307617
Epoch: 1873, Loss: 5.747237205505371
Epoch: 1874, Loss: 5.745525360107422
Epoch: 1875, Loss: 5.733890056610107
Epoch: 1876, Loss: 5.752771854400635
Epoch: 1877, Loss: 5.754851341247559
Epoch: 1878, Loss: 5.752841472625732
Epoch: 1879, Loss: 5.756584644317627
Epoch: 1880, Loss: 5.7581467628479
Test acc: 0.0061, IC acc: 0.0074, IC acc2: 0.003, IW acc: 0.0032
Epoch: 1881, Loss: 5.753729343414307
Epoch: 1882, Loss: 5.737700462341309
Epoch: 1883, Loss: 5.751867771148682
Epoch: 1884, Loss: 5.755283355712891
Epoch: 1885, Loss: 5.754075050354004
Epoch: 1886, Loss: 5.737720012664795
Epoch: 1887, Loss: 5.741619110107422
Epoch: 1888, Loss: 5.744509696960449
Epoch: 1889, Loss: 5.754024505615234
Epoch: 1890, Loss: 5.749486923217773
Test acc: 0.0063, IC acc: 0.0074, IC acc2: 0.003, IW acc: 0.0032
Epoch: 1891, Loss: 5.757020950317383
Epoch: 1892, Loss: 5.747737884521484
Epoch: 1893, Loss: 5.740102767944336
Epoch: 1894, Loss: 5.749065399169922
Epoch: 1895, Loss: 5.7668609619140625
Epoch: 1896, Loss: 5.743854522705078
Epoch: 1897, Loss: 5.757838249206543
Epoch: 1898, Loss: 5.75242805480957
Epoch: 1899, Loss: 5.7563676834106445
./circuit_plots/Unrestricted Disentangled|Readout|CN=3|B0=0|B1=2|K=1280|L=320|p_B=0.75|p_C=0.75|B=2|eps=0|cf538942-d2b2-427e-876d-3ee26c12f82b/ already exists.
./circuit_plots/Unrestricted Disentangled|Readout|CN=3|B0=0|B1=2|K=1280|L=320|p_B=0.75|p_C=0.75|B=2|eps=0|cf538942-d2b2-427e-876d-3ee26c12f82b/ already exists.
./circuit_plots/Unrestricted Disentangled|Readout|CN=3|B0=0|B1=2|K=1280|L=320|p_B=0.75|p_C=0.75|B=2|eps=0|cf538942-d2b2-427e-876d-3ee26c12f82b/ already exists.
./circuit_plots/Unrestricted Disentangled|Readout|CN=3|B0=0|B1=2|K=1280|L=320|p_B=0.75|p_C=0.75|B=2|eps=0|cf538942-d2b2-427e-876d-3ee26c12f82b/ already exists.
./circuit_plots/Unrestricted Disentangled|Readout|CN=3|B0=0|B1=2|K=1280|L=320|p_B=0.75|p_C=0.75|B=2|eps=0|cf538942-d2b2-427e-876d-3ee26c12f82b/ already exists.
./circuit_plots/Unrestricted Disentangled|Readout|CN=3|B0=0|B1=2|K=1280|L=320|p_B=0.75|p_C=0.75|B=2|eps=0|cf538942-d2b2-427e-876d-3ee26c12f82b/ already exists.
./circuit_plots/Unrestricted Disentangled|Readout|CN=3|B0=0|B1=2|K=1280|L=320|p_B=0.75|p_C=0.75|B=2|eps=0|cf538942-d2b2-427e-876d-3ee26c12f82b/ already exists.
Epoch: 1900, Loss: 5.744321346282959
Test acc: 0.0063, IC acc: 0.0074, IC acc2: 0.0029, IW acc: 0.0032
Epoch: 1901, Loss: 5.771129608154297
Epoch: 1902, Loss: 5.743695259094238
Epoch: 1903, Loss: 5.761654376983643
Epoch: 1904, Loss: 5.734803199768066
Epoch: 1905, Loss: 5.752744197845459
Epoch: 1906, Loss: 5.762110710144043
Epoch: 1907, Loss: 5.751230716705322
Epoch: 1908, Loss: 5.757431983947754
Epoch: 1909, Loss: 5.752995491027832
Epoch: 1910, Loss: 5.74143648147583
Test acc: 0.0063, IC acc: 0.0074, IC acc2: 0.0029, IW acc: 0.0032
Epoch: 1911, Loss: 5.746318340301514
Epoch: 1912, Loss: 5.7610883712768555
Epoch: 1913, Loss: 5.758270740509033
Epoch: 1914, Loss: 5.740353107452393
Epoch: 1915, Loss: 5.75555419921875
Epoch: 1916, Loss: 5.728999137878418
Epoch: 1917, Loss: 5.751453399658203
Epoch: 1918, Loss: 5.739600658416748
Epoch: 1919, Loss: 5.760485649108887
Epoch: 1920, Loss: 5.738195419311523
Test acc: 0.0063, IC acc: 0.0074, IC acc2: 0.0029, IW acc: 0.0032
Epoch: 1921, Loss: 5.7449259757995605
Epoch: 1922, Loss: 5.742946624755859
Epoch: 1923, Loss: 5.728594779968262
Epoch: 1924, Loss: 5.744264125823975
Epoch: 1925, Loss: 5.760562896728516
Epoch: 1926, Loss: 5.753575325012207
Epoch: 1927, Loss: 5.754700183868408
Epoch: 1928, Loss: 5.759381294250488
Epoch: 1929, Loss: 5.752307891845703
Epoch: 1930, Loss: 5.758249282836914
Test acc: 0.0063, IC acc: 0.0074, IC acc2: 0.0029, IW acc: 0.0033
Epoch: 1931, Loss: 5.749896049499512
Epoch: 1932, Loss: 5.76075553894043
Epoch: 1933, Loss: 5.752951622009277
Epoch: 1934, Loss: 5.750821113586426
Epoch: 1935, Loss: 5.766119003295898
Epoch: 1936, Loss: 5.745431900024414
Epoch: 1937, Loss: 5.764875888824463
Epoch: 1938, Loss: 5.758231163024902
Epoch: 1939, Loss: 5.7497477531433105
Epoch: 1940, Loss: 5.756320953369141
Test acc: 0.0064, IC acc: 0.0074, IC acc2: 0.0029, IW acc: 0.0033
Epoch: 1941, Loss: 5.7613420486450195
Epoch: 1942, Loss: 5.751672744750977
Epoch: 1943, Loss: 5.747200965881348
Epoch: 1944, Loss: 5.7558770179748535
Epoch: 1945, Loss: 5.7437238693237305
Epoch: 1946, Loss: 5.749431133270264
Epoch: 1947, Loss: 5.7418928146362305
Epoch: 1948, Loss: 5.751810073852539
Epoch: 1949, Loss: 5.754260063171387
./circuit_plots/Unrestricted Disentangled|Readout|CN=3|B0=0|B1=2|K=1280|L=320|p_B=0.75|p_C=0.75|B=2|eps=0|cf538942-d2b2-427e-876d-3ee26c12f82b/ already exists.
./circuit_plots/Unrestricted Disentangled|Readout|CN=3|B0=0|B1=2|K=1280|L=320|p_B=0.75|p_C=0.75|B=2|eps=0|cf538942-d2b2-427e-876d-3ee26c12f82b/ already exists.
./circuit_plots/Unrestricted Disentangled|Readout|CN=3|B0=0|B1=2|K=1280|L=320|p_B=0.75|p_C=0.75|B=2|eps=0|cf538942-d2b2-427e-876d-3ee26c12f82b/ already exists.
./circuit_plots/Unrestricted Disentangled|Readout|CN=3|B0=0|B1=2|K=1280|L=320|p_B=0.75|p_C=0.75|B=2|eps=0|cf538942-d2b2-427e-876d-3ee26c12f82b/ already exists.
./circuit_plots/Unrestricted Disentangled|Readout|CN=3|B0=0|B1=2|K=1280|L=320|p_B=0.75|p_C=0.75|B=2|eps=0|cf538942-d2b2-427e-876d-3ee26c12f82b/ already exists.
./circuit_plots/Unrestricted Disentangled|Readout|CN=3|B0=0|B1=2|K=1280|L=320|p_B=0.75|p_C=0.75|B=2|eps=0|cf538942-d2b2-427e-876d-3ee26c12f82b/ already exists.
./circuit_plots/Unrestricted Disentangled|Readout|CN=3|B0=0|B1=2|K=1280|L=320|p_B=0.75|p_C=0.75|B=2|eps=0|cf538942-d2b2-427e-876d-3ee26c12f82b/ already exists.
Epoch: 1950, Loss: 5.750740051269531
Test acc: 0.0064, IC acc: 0.0074, IC acc2: 0.0029, IW acc: 0.0033
Epoch: 1951, Loss: 5.741424560546875
Epoch: 1952, Loss: 5.752704620361328
Epoch: 1953, Loss: 5.744413375854492
Epoch: 1954, Loss: 5.759095191955566
Epoch: 1955, Loss: 5.7479939460754395
Epoch: 1956, Loss: 5.752964019775391
Epoch: 1957, Loss: 5.7653656005859375
Epoch: 1958, Loss: 5.751769065856934
Epoch: 1959, Loss: 5.750828742980957
Epoch: 1960, Loss: 5.746237754821777
Test acc: 0.0064, IC acc: 0.0074, IC acc2: 0.0029, IW acc: 0.0033
Epoch: 1961, Loss: 5.743181228637695
Epoch: 1962, Loss: 5.740720748901367
Epoch: 1963, Loss: 5.761597633361816
Epoch: 1964, Loss: 5.755964279174805
Epoch: 1965, Loss: 5.733388900756836
Epoch: 1966, Loss: 5.751005172729492
Epoch: 1967, Loss: 5.752400875091553
Epoch: 1968, Loss: 5.743474960327148
Epoch: 1969, Loss: 5.760909557342529
Epoch: 1970, Loss: 5.756061553955078
Test acc: 0.0064, IC acc: 0.0074, IC acc2: 0.0029, IW acc: 0.0034
Epoch: 1971, Loss: 5.759794235229492
Epoch: 1972, Loss: 5.733696937561035
Epoch: 1973, Loss: 5.749080657958984
Epoch: 1974, Loss: 5.739811897277832
Epoch: 1975, Loss: 5.748003005981445
Epoch: 1976, Loss: 5.742130756378174
Epoch: 1977, Loss: 5.745734691619873
Epoch: 1978, Loss: 5.752958297729492
Epoch: 1979, Loss: 5.738806247711182
Epoch: 1980, Loss: 5.748537540435791
Test acc: 0.0064, IC acc: 0.0074, IC acc2: 0.0029, IW acc: 0.0034
Epoch: 1981, Loss: 5.743326187133789
Epoch: 1982, Loss: 5.747708797454834
Epoch: 1983, Loss: 5.714908599853516
Epoch: 1984, Loss: 5.76267671585083
Epoch: 1985, Loss: 5.752704620361328
Epoch: 1986, Loss: 5.75897741317749
Epoch: 1987, Loss: 5.754139423370361
Epoch: 1988, Loss: 5.750537872314453
Epoch: 1989, Loss: 5.740607261657715
Epoch: 1990, Loss: 5.760038375854492
Test acc: 0.0064, IC acc: 0.0074, IC acc2: 0.0029, IW acc: 0.0034
Epoch: 1991, Loss: 5.760976791381836
Epoch: 1992, Loss: 5.741814136505127
Epoch: 1993, Loss: 5.752699851989746
Epoch: 1994, Loss: 5.756817817687988
Epoch: 1995, Loss: 5.720808506011963
Epoch: 1996, Loss: 5.738161087036133
Epoch: 1997, Loss: 5.769955635070801
Epoch: 1998, Loss: 5.7454681396484375
Epoch: 1999, Loss: 5.750266075134277
./circuit_plots/Unrestricted Disentangled|Readout|CN=3|B0=0|B1=2|K=1280|L=320|p_B=0.75|p_C=0.75|B=2|eps=0|cf538942-d2b2-427e-876d-3ee26c12f82b/ already exists.
./circuit_plots/Unrestricted Disentangled|Readout|CN=3|B0=0|B1=2|K=1280|L=320|p_B=0.75|p_C=0.75|B=2|eps=0|cf538942-d2b2-427e-876d-3ee26c12f82b/ already exists.
./circuit_plots/Unrestricted Disentangled|Readout|CN=3|B0=0|B1=2|K=1280|L=320|p_B=0.75|p_C=0.75|B=2|eps=0|cf538942-d2b2-427e-876d-3ee26c12f82b/ already exists.
./circuit_plots/Unrestricted Disentangled|Readout|CN=3|B0=0|B1=2|K=1280|L=320|p_B=0.75|p_C=0.75|B=2|eps=0|cf538942-d2b2-427e-876d-3ee26c12f82b/ already exists.
./circuit_plots/Unrestricted Disentangled|Readout|CN=3|B0=0|B1=2|K=1280|L=320|p_B=0.75|p_C=0.75|B=2|eps=0|cf538942-d2b2-427e-876d-3ee26c12f82b/ already exists.
./circuit_plots/Unrestricted Disentangled|Readout|CN=3|B0=0|B1=2|K=1280|L=320|p_B=0.75|p_C=0.75|B=2|eps=0|cf538942-d2b2-427e-876d-3ee26c12f82b/ already exists.
./circuit_plots/Unrestricted Disentangled|Readout|CN=3|B0=0|B1=2|K=1280|L=320|p_B=0.75|p_C=0.75|B=2|eps=0|cf538942-d2b2-427e-876d-3ee26c12f82b/ already exists.
Epoch: 2000, Loss: 5.76431131362915
Test acc: 0.0064, IC acc: 0.0074, IC acc2: 0.0029, IW acc: 0.0033
Epoch: 2001, Loss: 5.746575832366943
Epoch: 2002, Loss: 5.750497817993164
Epoch: 2003, Loss: 5.754886627197266
Epoch: 2004, Loss: 5.738406181335449
Epoch: 2005, Loss: 5.747968673706055
Epoch: 2006, Loss: 5.734080791473389
Epoch: 2007, Loss: 5.750887393951416
Epoch: 2008, Loss: 5.746059417724609
Epoch: 2009, Loss: 5.742500305175781
Epoch: 2010, Loss: 5.732311248779297
Test acc: 0.0064, IC acc: 0.0074, IC acc2: 0.0029, IW acc: 0.0033
Epoch: 2011, Loss: 5.742093086242676
Epoch: 2012, Loss: 5.751397132873535
Epoch: 2013, Loss: 5.742798328399658
Epoch: 2014, Loss: 5.744086265563965
Epoch: 2015, Loss: 5.745591163635254
Epoch: 2016, Loss: 5.7407941818237305
Epoch: 2017, Loss: 5.754777908325195
Epoch: 2018, Loss: 5.766794204711914
Epoch: 2019, Loss: 5.74936580657959
Epoch: 2020, Loss: 5.744887351989746
Test acc: 0.0065, IC acc: 0.0074, IC acc2: 0.0029, IW acc: 0.0033
Epoch: 2021, Loss: 5.746077537536621
Epoch: 2022, Loss: 5.763155937194824
Epoch: 2023, Loss: 5.746388912200928
Epoch: 2024, Loss: 5.739187717437744
Epoch: 2025, Loss: 5.7634148597717285
Epoch: 2026, Loss: 5.742974281311035
Epoch: 2027, Loss: 5.7561116218566895
Epoch: 2028, Loss: 5.748254776000977
Epoch: 2029, Loss: 5.736174583435059
Epoch: 2030, Loss: 5.7556633949279785
Test acc: 0.0066, IC acc: 0.0074, IC acc2: 0.003, IW acc: 0.0033
Epoch: 2031, Loss: 5.744562149047852
Epoch: 2032, Loss: 5.735021591186523
Epoch: 2033, Loss: 5.745005130767822
Epoch: 2034, Loss: 5.760776996612549
Epoch: 2035, Loss: 5.7520833015441895
Epoch: 2036, Loss: 5.7710676193237305
Epoch: 2037, Loss: 5.750097274780273
Epoch: 2038, Loss: 5.735668182373047
Epoch: 2039, Loss: 5.720093727111816
Epoch: 2040, Loss: 5.737088203430176
Test acc: 0.0066, IC acc: 0.0075, IC acc2: 0.0029, IW acc: 0.0033
Epoch: 2041, Loss: 5.749971866607666
Epoch: 2042, Loss: 5.753795623779297
Epoch: 2043, Loss: 5.747714042663574
Epoch: 2044, Loss: 5.757128715515137
Epoch: 2045, Loss: 5.724394798278809
Epoch: 2046, Loss: 5.744472980499268
Epoch: 2047, Loss: 5.727793216705322
Epoch: 2048, Loss: 5.738737106323242
Epoch: 2049, Loss: 5.751251220703125
./circuit_plots/Unrestricted Disentangled|Readout|CN=3|B0=0|B1=2|K=1280|L=320|p_B=0.75|p_C=0.75|B=2|eps=0|cf538942-d2b2-427e-876d-3ee26c12f82b/ already exists.
./circuit_plots/Unrestricted Disentangled|Readout|CN=3|B0=0|B1=2|K=1280|L=320|p_B=0.75|p_C=0.75|B=2|eps=0|cf538942-d2b2-427e-876d-3ee26c12f82b/ already exists.
./circuit_plots/Unrestricted Disentangled|Readout|CN=3|B0=0|B1=2|K=1280|L=320|p_B=0.75|p_C=0.75|B=2|eps=0|cf538942-d2b2-427e-876d-3ee26c12f82b/ already exists.
./circuit_plots/Unrestricted Disentangled|Readout|CN=3|B0=0|B1=2|K=1280|L=320|p_B=0.75|p_C=0.75|B=2|eps=0|cf538942-d2b2-427e-876d-3ee26c12f82b/ already exists.
./circuit_plots/Unrestricted Disentangled|Readout|CN=3|B0=0|B1=2|K=1280|L=320|p_B=0.75|p_C=0.75|B=2|eps=0|cf538942-d2b2-427e-876d-3ee26c12f82b/ already exists.
./circuit_plots/Unrestricted Disentangled|Readout|CN=3|B0=0|B1=2|K=1280|L=320|p_B=0.75|p_C=0.75|B=2|eps=0|cf538942-d2b2-427e-876d-3ee26c12f82b/ already exists.
./circuit_plots/Unrestricted Disentangled|Readout|CN=3|B0=0|B1=2|K=1280|L=320|p_B=0.75|p_C=0.75|B=2|eps=0|cf538942-d2b2-427e-876d-3ee26c12f82b/ already exists.
Epoch: 2050, Loss: 5.754470348358154
Test acc: 0.0066, IC acc: 0.0075, IC acc2: 0.0029, IW acc: 0.0033
Epoch: 2051, Loss: 5.7639007568359375
Epoch: 2052, Loss: 5.748391151428223
Epoch: 2053, Loss: 5.74749755859375
Epoch: 2054, Loss: 5.756633758544922
Epoch: 2055, Loss: 5.749166488647461
Epoch: 2056, Loss: 5.732948303222656
Epoch: 2057, Loss: 5.740936756134033
Epoch: 2058, Loss: 5.752608299255371
Epoch: 2059, Loss: 5.751500129699707
Epoch: 2060, Loss: 5.756242752075195
Test acc: 0.0066, IC acc: 0.0075, IC acc2: 0.0029, IW acc: 0.0033
Epoch: 2061, Loss: 5.736320972442627
Epoch: 2062, Loss: 5.7395429611206055
Epoch: 2063, Loss: 5.736567497253418
Epoch: 2064, Loss: 5.723179340362549
Epoch: 2065, Loss: 5.748340129852295
Epoch: 2066, Loss: 5.74647331237793
Epoch: 2067, Loss: 5.749749183654785
Epoch: 2068, Loss: 5.7390546798706055
Epoch: 2069, Loss: 5.754169464111328
Epoch: 2070, Loss: 5.754072666168213
Test acc: 0.0066, IC acc: 0.0075, IC acc2: 0.0029, IW acc: 0.0033
Epoch: 2071, Loss: 5.752885818481445
Epoch: 2072, Loss: 5.7574920654296875
Epoch: 2073, Loss: 5.753368377685547
Epoch: 2074, Loss: 5.748823165893555
Epoch: 2075, Loss: 5.751741409301758
Epoch: 2076, Loss: 5.766496658325195
Epoch: 2077, Loss: 5.743866443634033
Epoch: 2078, Loss: 5.747626304626465
Epoch: 2079, Loss: 5.737377166748047
Epoch: 2080, Loss: 5.748204231262207
Test acc: 0.0067, IC acc: 0.0075, IC acc2: 0.0029, IW acc: 0.0033
Epoch: 2081, Loss: 5.754546165466309
Epoch: 2082, Loss: 5.743476867675781
Epoch: 2083, Loss: 5.757831573486328
Epoch: 2084, Loss: 5.740323543548584
Epoch: 2085, Loss: 5.736839294433594
Epoch: 2086, Loss: 5.745752334594727
Epoch: 2087, Loss: 5.747895240783691
Epoch: 2088, Loss: 5.717193603515625
Epoch: 2089, Loss: 5.736709117889404
Epoch: 2090, Loss: 5.760852813720703
Test acc: 0.0067, IC acc: 0.0076, IC acc2: 0.003, IW acc: 0.0034
Epoch: 2091, Loss: 5.762353420257568
Epoch: 2092, Loss: 5.747316837310791
Epoch: 2093, Loss: 5.746255874633789
Epoch: 2094, Loss: 5.758780479431152
Epoch: 2095, Loss: 5.754982948303223
Epoch: 2096, Loss: 5.750079154968262
Epoch: 2097, Loss: 5.7456560134887695
Epoch: 2098, Loss: 5.765329360961914
Epoch: 2099, Loss: 5.742617607116699
./circuit_plots/Unrestricted Disentangled|Readout|CN=3|B0=0|B1=2|K=1280|L=320|p_B=0.75|p_C=0.75|B=2|eps=0|cf538942-d2b2-427e-876d-3ee26c12f82b/ already exists.
./circuit_plots/Unrestricted Disentangled|Readout|CN=3|B0=0|B1=2|K=1280|L=320|p_B=0.75|p_C=0.75|B=2|eps=0|cf538942-d2b2-427e-876d-3ee26c12f82b/ already exists.
./circuit_plots/Unrestricted Disentangled|Readout|CN=3|B0=0|B1=2|K=1280|L=320|p_B=0.75|p_C=0.75|B=2|eps=0|cf538942-d2b2-427e-876d-3ee26c12f82b/ already exists.
./circuit_plots/Unrestricted Disentangled|Readout|CN=3|B0=0|B1=2|K=1280|L=320|p_B=0.75|p_C=0.75|B=2|eps=0|cf538942-d2b2-427e-876d-3ee26c12f82b/ already exists.
./circuit_plots/Unrestricted Disentangled|Readout|CN=3|B0=0|B1=2|K=1280|L=320|p_B=0.75|p_C=0.75|B=2|eps=0|cf538942-d2b2-427e-876d-3ee26c12f82b/ already exists.
./circuit_plots/Unrestricted Disentangled|Readout|CN=3|B0=0|B1=2|K=1280|L=320|p_B=0.75|p_C=0.75|B=2|eps=0|cf538942-d2b2-427e-876d-3ee26c12f82b/ already exists.
./circuit_plots/Unrestricted Disentangled|Readout|CN=3|B0=0|B1=2|K=1280|L=320|p_B=0.75|p_C=0.75|B=2|eps=0|cf538942-d2b2-427e-876d-3ee26c12f82b/ already exists.
Epoch: 2100, Loss: 5.754889488220215
Test acc: 0.0066, IC acc: 0.0076, IC acc2: 0.0029, IW acc: 0.0034
Epoch: 2101, Loss: 5.7488203048706055
Epoch: 2102, Loss: 5.753088474273682
Epoch: 2103, Loss: 5.741427898406982
Epoch: 2104, Loss: 5.748802661895752
Epoch: 2105, Loss: 5.751710414886475
Epoch: 2106, Loss: 5.741693496704102
Epoch: 2107, Loss: 5.738833427429199
Epoch: 2108, Loss: 5.75285530090332
Epoch: 2109, Loss: 5.7597761154174805
Epoch: 2110, Loss: 5.746057510375977
Test acc: 0.0068, IC acc: 0.0076, IC acc2: 0.0029, IW acc: 0.0033
Epoch: 2111, Loss: 5.736929893493652
Epoch: 2112, Loss: 5.734927177429199
Epoch: 2113, Loss: 5.763866424560547
Epoch: 2114, Loss: 5.742987632751465
Epoch: 2115, Loss: 5.748661994934082
Epoch: 2116, Loss: 5.745203971862793
Epoch: 2117, Loss: 5.73954963684082
Epoch: 2118, Loss: 5.752049446105957
Epoch: 2119, Loss: 5.740083694458008
Epoch: 2120, Loss: 5.7570037841796875
Test acc: 0.0068, IC acc: 0.0076, IC acc2: 0.0029, IW acc: 0.0034
Epoch: 2121, Loss: 5.7400946617126465
Epoch: 2122, Loss: 5.767122745513916
Epoch: 2123, Loss: 5.7371015548706055
Epoch: 2124, Loss: 5.751068115234375
Epoch: 2125, Loss: 5.733919620513916
Epoch: 2126, Loss: 5.731875419616699
Epoch: 2127, Loss: 5.744923114776611
Epoch: 2128, Loss: 5.7492876052856445
Epoch: 2129, Loss: 5.76225471496582
Epoch: 2130, Loss: 5.749039649963379
Test acc: 0.0067, IC acc: 0.0076, IC acc2: 0.0029, IW acc: 0.0034
Epoch: 2131, Loss: 5.7396626472473145
Epoch: 2132, Loss: 5.750836372375488
Epoch: 2133, Loss: 5.7429704666137695
Epoch: 2134, Loss: 5.725083351135254
Epoch: 2135, Loss: 5.7758636474609375
Epoch: 2136, Loss: 5.745052337646484
Epoch: 2137, Loss: 5.759698390960693
Epoch: 2138, Loss: 5.758399963378906
Epoch: 2139, Loss: 5.760398864746094
Epoch: 2140, Loss: 5.739990234375
Test acc: 0.0069, IC acc: 0.0076, IC acc2: 0.0029, IW acc: 0.0034
Epoch: 2141, Loss: 5.763409614562988
Epoch: 2142, Loss: 5.746435165405273
Epoch: 2143, Loss: 5.750969409942627
Epoch: 2144, Loss: 5.747491836547852
Epoch: 2145, Loss: 5.763687610626221
Epoch: 2146, Loss: 5.752804279327393
Epoch: 2147, Loss: 5.74722957611084
Epoch: 2148, Loss: 5.742668628692627
Epoch: 2149, Loss: 5.749488830566406
./circuit_plots/Unrestricted Disentangled|Readout|CN=3|B0=0|B1=2|K=1280|L=320|p_B=0.75|p_C=0.75|B=2|eps=0|cf538942-d2b2-427e-876d-3ee26c12f82b/ already exists.
./circuit_plots/Unrestricted Disentangled|Readout|CN=3|B0=0|B1=2|K=1280|L=320|p_B=0.75|p_C=0.75|B=2|eps=0|cf538942-d2b2-427e-876d-3ee26c12f82b/ already exists.
./circuit_plots/Unrestricted Disentangled|Readout|CN=3|B0=0|B1=2|K=1280|L=320|p_B=0.75|p_C=0.75|B=2|eps=0|cf538942-d2b2-427e-876d-3ee26c12f82b/ already exists.
./circuit_plots/Unrestricted Disentangled|Readout|CN=3|B0=0|B1=2|K=1280|L=320|p_B=0.75|p_C=0.75|B=2|eps=0|cf538942-d2b2-427e-876d-3ee26c12f82b/ already exists.
./circuit_plots/Unrestricted Disentangled|Readout|CN=3|B0=0|B1=2|K=1280|L=320|p_B=0.75|p_C=0.75|B=2|eps=0|cf538942-d2b2-427e-876d-3ee26c12f82b/ already exists.
./circuit_plots/Unrestricted Disentangled|Readout|CN=3|B0=0|B1=2|K=1280|L=320|p_B=0.75|p_C=0.75|B=2|eps=0|cf538942-d2b2-427e-876d-3ee26c12f82b/ already exists.
./circuit_plots/Unrestricted Disentangled|Readout|CN=3|B0=0|B1=2|K=1280|L=320|p_B=0.75|p_C=0.75|B=2|eps=0|cf538942-d2b2-427e-876d-3ee26c12f82b/ already exists.
Epoch: 2150, Loss: 5.757017135620117
Test acc: 0.0067, IC acc: 0.0076, IC acc2: 0.003, IW acc: 0.0034
Epoch: 2151, Loss: 5.756044387817383
Epoch: 2152, Loss: 5.734585762023926
Epoch: 2153, Loss: 5.738283157348633
Epoch: 2154, Loss: 5.737163543701172
Epoch: 2155, Loss: 5.735171318054199
Epoch: 2156, Loss: 5.751827239990234
Epoch: 2157, Loss: 5.740585803985596
Epoch: 2158, Loss: 5.734012603759766
Epoch: 2159, Loss: 5.734344959259033
Epoch: 2160, Loss: 5.741628646850586
Test acc: 0.0068, IC acc: 0.0077, IC acc2: 0.003, IW acc: 0.0034
Epoch: 2161, Loss: 5.743190765380859
Epoch: 2162, Loss: 5.757000923156738
Epoch: 2163, Loss: 5.748879432678223
Epoch: 2164, Loss: 5.754366874694824
Epoch: 2165, Loss: 5.752231597900391
Epoch: 2166, Loss: 5.745689392089844
Epoch: 2167, Loss: 5.744361877441406
Epoch: 2168, Loss: 5.7602338790893555
Epoch: 2169, Loss: 5.753085136413574
Epoch: 2170, Loss: 5.74871826171875
Test acc: 0.0067, IC acc: 0.0077, IC acc2: 0.0029, IW acc: 0.0033
Epoch: 2171, Loss: 5.740917205810547
Epoch: 2172, Loss: 5.7503814697265625
Epoch: 2173, Loss: 5.758172035217285
Epoch: 2174, Loss: 5.741985321044922
Epoch: 2175, Loss: 5.760624885559082
Epoch: 2176, Loss: 5.756105422973633
Epoch: 2177, Loss: 5.7464799880981445
Epoch: 2178, Loss: 5.744028091430664
Epoch: 2179, Loss: 5.744913101196289
Epoch: 2180, Loss: 5.738505840301514
Test acc: 0.0068, IC acc: 0.0075, IC acc2: 0.0029, IW acc: 0.0032
Epoch: 2181, Loss: 5.73826789855957
Epoch: 2182, Loss: 5.754147529602051
Epoch: 2183, Loss: 5.73341703414917
Epoch: 2184, Loss: 5.758230209350586
Epoch: 2185, Loss: 5.741097927093506
Epoch: 2186, Loss: 5.755387783050537
Epoch: 2187, Loss: 5.7418317794799805
Epoch: 2188, Loss: 5.73890495300293
Epoch: 2189, Loss: 5.736067295074463
Epoch: 2190, Loss: 5.744169235229492
Test acc: 0.0067, IC acc: 0.0075, IC acc2: 0.0029, IW acc: 0.0033
Epoch: 2191, Loss: 5.755123138427734
Epoch: 2192, Loss: 5.7393293380737305
Epoch: 2193, Loss: 5.739167213439941
Epoch: 2194, Loss: 5.751142978668213
Epoch: 2195, Loss: 5.731914043426514
Epoch: 2196, Loss: 5.739306926727295
Epoch: 2197, Loss: 5.7516255378723145
Epoch: 2198, Loss: 5.7334136962890625
Epoch: 2199, Loss: 5.746896266937256
./circuit_plots/Unrestricted Disentangled|Readout|CN=3|B0=0|B1=2|K=1280|L=320|p_B=0.75|p_C=0.75|B=2|eps=0|cf538942-d2b2-427e-876d-3ee26c12f82b/ already exists.
./circuit_plots/Unrestricted Disentangled|Readout|CN=3|B0=0|B1=2|K=1280|L=320|p_B=0.75|p_C=0.75|B=2|eps=0|cf538942-d2b2-427e-876d-3ee26c12f82b/ already exists.
./circuit_plots/Unrestricted Disentangled|Readout|CN=3|B0=0|B1=2|K=1280|L=320|p_B=0.75|p_C=0.75|B=2|eps=0|cf538942-d2b2-427e-876d-3ee26c12f82b/ already exists.
./circuit_plots/Unrestricted Disentangled|Readout|CN=3|B0=0|B1=2|K=1280|L=320|p_B=0.75|p_C=0.75|B=2|eps=0|cf538942-d2b2-427e-876d-3ee26c12f82b/ already exists.
./circuit_plots/Unrestricted Disentangled|Readout|CN=3|B0=0|B1=2|K=1280|L=320|p_B=0.75|p_C=0.75|B=2|eps=0|cf538942-d2b2-427e-876d-3ee26c12f82b/ already exists.
./circuit_plots/Unrestricted Disentangled|Readout|CN=3|B0=0|B1=2|K=1280|L=320|p_B=0.75|p_C=0.75|B=2|eps=0|cf538942-d2b2-427e-876d-3ee26c12f82b/ already exists.
./circuit_plots/Unrestricted Disentangled|Readout|CN=3|B0=0|B1=2|K=1280|L=320|p_B=0.75|p_C=0.75|B=2|eps=0|cf538942-d2b2-427e-876d-3ee26c12f82b/ already exists.
Epoch: 2200, Loss: 5.746685981750488
Test acc: 0.0069, IC acc: 0.008, IC acc2: 0.0029, IW acc: 0.0033
Epoch: 2201, Loss: 5.745077133178711
Epoch: 2202, Loss: 5.753037452697754
Epoch: 2203, Loss: 5.754979610443115
Epoch: 2204, Loss: 5.731943130493164
Epoch: 2205, Loss: 5.748091697692871
Epoch: 2206, Loss: 5.743284702301025
Epoch: 2207, Loss: 5.752420902252197
Epoch: 2208, Loss: 5.756320953369141
Epoch: 2209, Loss: 5.750063419342041
Epoch: 2210, Loss: 5.74285888671875
Test acc: 0.007, IC acc: 0.0082, IC acc2: 0.003, IW acc: 0.0032
Epoch: 2211, Loss: 5.741795063018799
Epoch: 2212, Loss: 5.746699333190918
Epoch: 2213, Loss: 5.754119873046875
Epoch: 2214, Loss: 5.768332481384277
Epoch: 2215, Loss: 5.75092077255249
Epoch: 2216, Loss: 5.749658584594727
Epoch: 2217, Loss: 5.754622459411621
Epoch: 2218, Loss: 5.7337236404418945
Epoch: 2219, Loss: 5.749395847320557
Epoch: 2220, Loss: 5.751232147216797
Test acc: 0.0072, IC acc: 0.0081, IC acc2: 0.003, IW acc: 0.0032
Epoch: 2221, Loss: 5.751072883605957
Epoch: 2222, Loss: 5.732611179351807
Epoch: 2223, Loss: 5.752335548400879
Epoch: 2224, Loss: 5.751368522644043
Epoch: 2225, Loss: 5.7554450035095215
Epoch: 2226, Loss: 5.730849266052246
Epoch: 2227, Loss: 5.747629642486572
Epoch: 2228, Loss: 5.742208480834961
Epoch: 2229, Loss: 5.7350568771362305
Epoch: 2230, Loss: 5.756941795349121
Test acc: 0.0073, IC acc: 0.0082, IC acc2: 0.003, IW acc: 0.0032
Epoch: 2231, Loss: 5.7400922775268555
Epoch: 2232, Loss: 5.750124931335449
Epoch: 2233, Loss: 5.751415252685547
Epoch: 2234, Loss: 5.759616374969482
Epoch: 2235, Loss: 5.741195201873779
Epoch: 2236, Loss: 5.767181396484375
Epoch: 2237, Loss: 5.756377220153809
Epoch: 2238, Loss: 5.746181964874268
Epoch: 2239, Loss: 5.7291154861450195
Epoch: 2240, Loss: 5.722348690032959
Test acc: 0.0075, IC acc: 0.0082, IC acc2: 0.003, IW acc: 0.0032
Epoch: 2241, Loss: 5.75799036026001
Epoch: 2242, Loss: 5.748953342437744
Epoch: 2243, Loss: 5.739887237548828
Epoch: 2244, Loss: 5.741971015930176
Epoch: 2245, Loss: 5.749016284942627
Epoch: 2246, Loss: 5.747862815856934
Epoch: 2247, Loss: 5.74949836730957
Epoch: 2248, Loss: 5.7472405433654785
Epoch: 2249, Loss: 5.745289325714111
./circuit_plots/Unrestricted Disentangled|Readout|CN=3|B0=0|B1=2|K=1280|L=320|p_B=0.75|p_C=0.75|B=2|eps=0|cf538942-d2b2-427e-876d-3ee26c12f82b/ already exists.
./circuit_plots/Unrestricted Disentangled|Readout|CN=3|B0=0|B1=2|K=1280|L=320|p_B=0.75|p_C=0.75|B=2|eps=0|cf538942-d2b2-427e-876d-3ee26c12f82b/ already exists.
./circuit_plots/Unrestricted Disentangled|Readout|CN=3|B0=0|B1=2|K=1280|L=320|p_B=0.75|p_C=0.75|B=2|eps=0|cf538942-d2b2-427e-876d-3ee26c12f82b/ already exists.
./circuit_plots/Unrestricted Disentangled|Readout|CN=3|B0=0|B1=2|K=1280|L=320|p_B=0.75|p_C=0.75|B=2|eps=0|cf538942-d2b2-427e-876d-3ee26c12f82b/ already exists.
./circuit_plots/Unrestricted Disentangled|Readout|CN=3|B0=0|B1=2|K=1280|L=320|p_B=0.75|p_C=0.75|B=2|eps=0|cf538942-d2b2-427e-876d-3ee26c12f82b/ already exists.
./circuit_plots/Unrestricted Disentangled|Readout|CN=3|B0=0|B1=2|K=1280|L=320|p_B=0.75|p_C=0.75|B=2|eps=0|cf538942-d2b2-427e-876d-3ee26c12f82b/ already exists.
./circuit_plots/Unrestricted Disentangled|Readout|CN=3|B0=0|B1=2|K=1280|L=320|p_B=0.75|p_C=0.75|B=2|eps=0|cf538942-d2b2-427e-876d-3ee26c12f82b/ already exists.
Epoch: 2250, Loss: 5.754253387451172
Test acc: 0.0074, IC acc: 0.0085, IC acc2: 0.003, IW acc: 0.0032
Epoch: 2251, Loss: 5.755397319793701
Epoch: 2252, Loss: 5.76900577545166
Epoch: 2253, Loss: 5.755916118621826
Epoch: 2254, Loss: 5.752314567565918
Epoch: 2255, Loss: 5.745458602905273
Epoch: 2256, Loss: 5.762316703796387
Epoch: 2257, Loss: 5.752810955047607
Epoch: 2258, Loss: 5.7413010597229
Epoch: 2259, Loss: 5.742603302001953
Epoch: 2260, Loss: 5.743934631347656
Test acc: 0.0074, IC acc: 0.0085, IC acc2: 0.003, IW acc: 0.0032
Epoch: 2261, Loss: 5.748112678527832
Epoch: 2262, Loss: 5.741333961486816
Epoch: 2263, Loss: 5.744082927703857
Epoch: 2264, Loss: 5.740952014923096
Epoch: 2265, Loss: 5.742125034332275
Epoch: 2266, Loss: 5.743490695953369
Epoch: 2267, Loss: 5.742159843444824
Epoch: 2268, Loss: 5.745100021362305
Epoch: 2269, Loss: 5.739480972290039
Epoch: 2270, Loss: 5.7533745765686035
Test acc: 0.0074, IC acc: 0.0085, IC acc2: 0.003, IW acc: 0.0032
Epoch: 2271, Loss: 5.734906196594238
Epoch: 2272, Loss: 5.733962059020996
Epoch: 2273, Loss: 5.722009658813477
Epoch: 2274, Loss: 5.760540008544922
Epoch: 2275, Loss: 5.745820045471191
Epoch: 2276, Loss: 5.728863716125488
Epoch: 2277, Loss: 5.747691631317139
Epoch: 2278, Loss: 5.748635292053223
Epoch: 2279, Loss: 5.753227710723877
Epoch: 2280, Loss: 5.7451019287109375
Test acc: 0.0075, IC acc: 0.0088, IC acc2: 0.003, IW acc: 0.0032
Epoch: 2281, Loss: 5.739924430847168
Epoch: 2282, Loss: 5.744352340698242
Epoch: 2283, Loss: 5.751158714294434
Epoch: 2284, Loss: 5.7439069747924805
Epoch: 2285, Loss: 5.764050483703613
Epoch: 2286, Loss: 5.740911483764648
Epoch: 2287, Loss: 5.753180503845215
Epoch: 2288, Loss: 5.748620986938477
Epoch: 2289, Loss: 5.744653701782227
Epoch: 2290, Loss: 5.739702224731445
Test acc: 0.0075, IC acc: 0.0086, IC acc2: 0.003, IW acc: 0.0032
Epoch: 2291, Loss: 5.739180564880371
Epoch: 2292, Loss: 5.743967056274414
Epoch: 2293, Loss: 5.728260040283203
Epoch: 2294, Loss: 5.761015892028809
Epoch: 2295, Loss: 5.737700462341309
Epoch: 2296, Loss: 5.765513896942139
Epoch: 2297, Loss: 5.758880138397217
Epoch: 2298, Loss: 5.750621795654297
Epoch: 2299, Loss: 5.754354476928711
./circuit_plots/Unrestricted Disentangled|Readout|CN=3|B0=0|B1=2|K=1280|L=320|p_B=0.75|p_C=0.75|B=2|eps=0|cf538942-d2b2-427e-876d-3ee26c12f82b/ already exists.
./circuit_plots/Unrestricted Disentangled|Readout|CN=3|B0=0|B1=2|K=1280|L=320|p_B=0.75|p_C=0.75|B=2|eps=0|cf538942-d2b2-427e-876d-3ee26c12f82b/ already exists.
./circuit_plots/Unrestricted Disentangled|Readout|CN=3|B0=0|B1=2|K=1280|L=320|p_B=0.75|p_C=0.75|B=2|eps=0|cf538942-d2b2-427e-876d-3ee26c12f82b/ already exists.
./circuit_plots/Unrestricted Disentangled|Readout|CN=3|B0=0|B1=2|K=1280|L=320|p_B=0.75|p_C=0.75|B=2|eps=0|cf538942-d2b2-427e-876d-3ee26c12f82b/ already exists.
./circuit_plots/Unrestricted Disentangled|Readout|CN=3|B0=0|B1=2|K=1280|L=320|p_B=0.75|p_C=0.75|B=2|eps=0|cf538942-d2b2-427e-876d-3ee26c12f82b/ already exists.
./circuit_plots/Unrestricted Disentangled|Readout|CN=3|B0=0|B1=2|K=1280|L=320|p_B=0.75|p_C=0.75|B=2|eps=0|cf538942-d2b2-427e-876d-3ee26c12f82b/ already exists.
./circuit_plots/Unrestricted Disentangled|Readout|CN=3|B0=0|B1=2|K=1280|L=320|p_B=0.75|p_C=0.75|B=2|eps=0|cf538942-d2b2-427e-876d-3ee26c12f82b/ already exists.
Epoch: 2300, Loss: 5.743562698364258
Test acc: 0.0076, IC acc: 0.0088, IC acc2: 0.003, IW acc: 0.0032
Epoch: 2301, Loss: 5.743298530578613
Epoch: 2302, Loss: 5.747444152832031
Epoch: 2303, Loss: 5.7447710037231445
Epoch: 2304, Loss: 5.741105079650879
Epoch: 2305, Loss: 5.74454402923584
Epoch: 2306, Loss: 5.751765251159668
Epoch: 2307, Loss: 5.745542049407959
Epoch: 2308, Loss: 5.730676174163818
Epoch: 2309, Loss: 5.742621421813965
Epoch: 2310, Loss: 5.727133750915527
Test acc: 0.0076, IC acc: 0.0088, IC acc2: 0.003, IW acc: 0.0032
Epoch: 2311, Loss: 5.743090629577637
Epoch: 2312, Loss: 5.7489118576049805
Epoch: 2313, Loss: 5.737872123718262
Epoch: 2314, Loss: 5.7300591468811035
Epoch: 2315, Loss: 5.73237419128418
Epoch: 2316, Loss: 5.760750770568848
Epoch: 2317, Loss: 5.751334190368652
Epoch: 2318, Loss: 5.742870807647705
Epoch: 2319, Loss: 5.758831024169922
Epoch: 2320, Loss: 5.749924659729004
Test acc: 0.0077, IC acc: 0.0087, IC acc2: 0.003, IW acc: 0.0032
Epoch: 2321, Loss: 5.741630554199219
Epoch: 2322, Loss: 5.746633529663086
Epoch: 2323, Loss: 5.7466535568237305
Epoch: 2324, Loss: 5.73788595199585
Epoch: 2325, Loss: 5.759339332580566
Epoch: 2326, Loss: 5.742661476135254
Epoch: 2327, Loss: 5.738156318664551
Epoch: 2328, Loss: 5.752323150634766
Epoch: 2329, Loss: 5.75196647644043
Epoch: 2330, Loss: 5.730672836303711
Test acc: 0.0079, IC acc: 0.0088, IC acc2: 0.0031, IW acc: 0.0032
Epoch: 2331, Loss: 5.755623817443848
Epoch: 2332, Loss: 5.751375675201416
Epoch: 2333, Loss: 5.744725704193115
Epoch: 2334, Loss: 5.746890068054199
Epoch: 2335, Loss: 5.756017684936523
Epoch: 2336, Loss: 5.7428154945373535
Epoch: 2337, Loss: 5.737689971923828
Epoch: 2338, Loss: 5.730722427368164
Epoch: 2339, Loss: 5.743704795837402
Epoch: 2340, Loss: 5.745291709899902
Test acc: 0.0078, IC acc: 0.0088, IC acc2: 0.0031, IW acc: 0.0032
Epoch: 2341, Loss: 5.747524261474609
Epoch: 2342, Loss: 5.741691589355469
Epoch: 2343, Loss: 5.746217250823975
Epoch: 2344, Loss: 5.76485013961792
Epoch: 2345, Loss: 5.752627372741699
Epoch: 2346, Loss: 5.745826244354248
Epoch: 2347, Loss: 5.742633819580078
Epoch: 2348, Loss: 5.748954772949219
Epoch: 2349, Loss: 5.7426228523254395
./circuit_plots/Unrestricted Disentangled|Readout|CN=3|B0=0|B1=2|K=1280|L=320|p_B=0.75|p_C=0.75|B=2|eps=0|cf538942-d2b2-427e-876d-3ee26c12f82b/ already exists.
./circuit_plots/Unrestricted Disentangled|Readout|CN=3|B0=0|B1=2|K=1280|L=320|p_B=0.75|p_C=0.75|B=2|eps=0|cf538942-d2b2-427e-876d-3ee26c12f82b/ already exists.
./circuit_plots/Unrestricted Disentangled|Readout|CN=3|B0=0|B1=2|K=1280|L=320|p_B=0.75|p_C=0.75|B=2|eps=0|cf538942-d2b2-427e-876d-3ee26c12f82b/ already exists.
./circuit_plots/Unrestricted Disentangled|Readout|CN=3|B0=0|B1=2|K=1280|L=320|p_B=0.75|p_C=0.75|B=2|eps=0|cf538942-d2b2-427e-876d-3ee26c12f82b/ already exists.
./circuit_plots/Unrestricted Disentangled|Readout|CN=3|B0=0|B1=2|K=1280|L=320|p_B=0.75|p_C=0.75|B=2|eps=0|cf538942-d2b2-427e-876d-3ee26c12f82b/ already exists.
./circuit_plots/Unrestricted Disentangled|Readout|CN=3|B0=0|B1=2|K=1280|L=320|p_B=0.75|p_C=0.75|B=2|eps=0|cf538942-d2b2-427e-876d-3ee26c12f82b/ already exists.
./circuit_plots/Unrestricted Disentangled|Readout|CN=3|B0=0|B1=2|K=1280|L=320|p_B=0.75|p_C=0.75|B=2|eps=0|cf538942-d2b2-427e-876d-3ee26c12f82b/ already exists.
Epoch: 2350, Loss: 5.73256778717041
Test acc: 0.0078, IC acc: 0.009, IC acc2: 0.0031, IW acc: 0.0033
Epoch: 2351, Loss: 5.734690189361572
Epoch: 2352, Loss: 5.742388725280762
Epoch: 2353, Loss: 5.749513626098633
Epoch: 2354, Loss: 5.7431230545043945
Epoch: 2355, Loss: 5.746556282043457
Epoch: 2356, Loss: 5.734539031982422
Epoch: 2357, Loss: 5.769115447998047
Epoch: 2358, Loss: 5.732512474060059
Epoch: 2359, Loss: 5.741060256958008
Epoch: 2360, Loss: 5.739956855773926
Test acc: 0.0078, IC acc: 0.0089, IC acc2: 0.0031, IW acc: 0.0033
Epoch: 2361, Loss: 5.7488908767700195
Epoch: 2362, Loss: 5.741901874542236
Epoch: 2363, Loss: 5.7399373054504395
Epoch: 2364, Loss: 5.734731674194336
Epoch: 2365, Loss: 5.736743450164795
Epoch: 2366, Loss: 5.7446393966674805
Epoch: 2367, Loss: 5.743679046630859
Epoch: 2368, Loss: 5.759427547454834
Epoch: 2369, Loss: 5.760371208190918
Epoch: 2370, Loss: 5.747480392456055
Test acc: 0.0078, IC acc: 0.0089, IC acc2: 0.0031, IW acc: 0.0032
Epoch: 2371, Loss: 5.746377944946289
Epoch: 2372, Loss: 5.750426769256592
Epoch: 2373, Loss: 5.731018543243408
Epoch: 2374, Loss: 5.738724231719971
Epoch: 2375, Loss: 5.765533447265625
Epoch: 2376, Loss: 5.7436203956604
Epoch: 2377, Loss: 5.75312614440918
Epoch: 2378, Loss: 5.74891471862793
Epoch: 2379, Loss: 5.738471031188965
Epoch: 2380, Loss: 5.7471160888671875
Test acc: 0.0078, IC acc: 0.009, IC acc2: 0.0031, IW acc: 0.0034
Epoch: 2381, Loss: 5.73568058013916
Epoch: 2382, Loss: 5.757206916809082
Epoch: 2383, Loss: 5.741700172424316
Epoch: 2384, Loss: 5.730576038360596
Epoch: 2385, Loss: 5.74362850189209
Epoch: 2386, Loss: 5.7420220375061035
Epoch: 2387, Loss: 5.743149757385254
Epoch: 2388, Loss: 5.759498596191406
Epoch: 2389, Loss: 5.736233234405518
Epoch: 2390, Loss: 5.738923072814941
Test acc: 0.0078, IC acc: 0.0092, IC acc2: 0.0031, IW acc: 0.0034
Epoch: 2391, Loss: 5.744867324829102
Epoch: 2392, Loss: 5.744335174560547
Epoch: 2393, Loss: 5.75739049911499
Epoch: 2394, Loss: 5.722712516784668
Epoch: 2395, Loss: 5.743304252624512
Epoch: 2396, Loss: 5.751063823699951
Epoch: 2397, Loss: 5.735630989074707
Epoch: 2398, Loss: 5.733948707580566
Epoch: 2399, Loss: 5.749468803405762
./circuit_plots/Unrestricted Disentangled|Readout|CN=3|B0=0|B1=2|K=1280|L=320|p_B=0.75|p_C=0.75|B=2|eps=0|cf538942-d2b2-427e-876d-3ee26c12f82b/ already exists.
./circuit_plots/Unrestricted Disentangled|Readout|CN=3|B0=0|B1=2|K=1280|L=320|p_B=0.75|p_C=0.75|B=2|eps=0|cf538942-d2b2-427e-876d-3ee26c12f82b/ already exists.
./circuit_plots/Unrestricted Disentangled|Readout|CN=3|B0=0|B1=2|K=1280|L=320|p_B=0.75|p_C=0.75|B=2|eps=0|cf538942-d2b2-427e-876d-3ee26c12f82b/ already exists.
./circuit_plots/Unrestricted Disentangled|Readout|CN=3|B0=0|B1=2|K=1280|L=320|p_B=0.75|p_C=0.75|B=2|eps=0|cf538942-d2b2-427e-876d-3ee26c12f82b/ already exists.
./circuit_plots/Unrestricted Disentangled|Readout|CN=3|B0=0|B1=2|K=1280|L=320|p_B=0.75|p_C=0.75|B=2|eps=0|cf538942-d2b2-427e-876d-3ee26c12f82b/ already exists.
./circuit_plots/Unrestricted Disentangled|Readout|CN=3|B0=0|B1=2|K=1280|L=320|p_B=0.75|p_C=0.75|B=2|eps=0|cf538942-d2b2-427e-876d-3ee26c12f82b/ already exists.
./circuit_plots/Unrestricted Disentangled|Readout|CN=3|B0=0|B1=2|K=1280|L=320|p_B=0.75|p_C=0.75|B=2|eps=0|cf538942-d2b2-427e-876d-3ee26c12f82b/ already exists.
Epoch: 2400, Loss: 5.759407043457031
Test acc: 0.0079, IC acc: 0.0093, IC acc2: 0.0031, IW acc: 0.0033
Epoch: 2401, Loss: 5.721517562866211
Epoch: 2402, Loss: 5.7472147941589355
Epoch: 2403, Loss: 5.750424861907959
Epoch: 2404, Loss: 5.734158992767334
Epoch: 2405, Loss: 5.745962142944336
Epoch: 2406, Loss: 5.753422737121582
Epoch: 2407, Loss: 5.744821071624756
Epoch: 2408, Loss: 5.750551700592041
Epoch: 2409, Loss: 5.749932765960693
Epoch: 2410, Loss: 5.754426956176758
Test acc: 0.0079, IC acc: 0.0094, IC acc2: 0.0031, IW acc: 0.0034
Epoch: 2411, Loss: 5.739615440368652
Epoch: 2412, Loss: 5.738134384155273
Epoch: 2413, Loss: 5.752532005310059
Epoch: 2414, Loss: 5.739035606384277
Epoch: 2415, Loss: 5.742347240447998
Epoch: 2416, Loss: 5.731618881225586
Epoch: 2417, Loss: 5.739853382110596
Epoch: 2418, Loss: 5.730829238891602
Epoch: 2419, Loss: 5.7278594970703125
Epoch: 2420, Loss: 5.736962795257568
Test acc: 0.0079, IC acc: 0.0094, IC acc2: 0.0032, IW acc: 0.0033
Epoch: 2421, Loss: 5.747527122497559
Epoch: 2422, Loss: 5.748208999633789
Epoch: 2423, Loss: 5.750211715698242
Epoch: 2424, Loss: 5.755917549133301
Epoch: 2425, Loss: 5.732723712921143
Epoch: 2426, Loss: 5.7425079345703125
Epoch: 2427, Loss: 5.75229549407959
Epoch: 2428, Loss: 5.7603044509887695
Epoch: 2429, Loss: 5.7379326820373535
Epoch: 2430, Loss: 5.756099224090576
Test acc: 0.0079, IC acc: 0.0094, IC acc2: 0.0031, IW acc: 0.0033
Epoch: 2431, Loss: 5.731230735778809
Epoch: 2432, Loss: 5.725979804992676
Epoch: 2433, Loss: 5.752884387969971
Epoch: 2434, Loss: 5.740227222442627
Epoch: 2435, Loss: 5.742775917053223
Epoch: 2436, Loss: 5.746233940124512
Epoch: 2437, Loss: 5.749362945556641
Epoch: 2438, Loss: 5.737927436828613
Epoch: 2439, Loss: 5.748412132263184
Epoch: 2440, Loss: 5.755305290222168
Test acc: 0.0079, IC acc: 0.0094, IC acc2: 0.0031, IW acc: 0.0032
Epoch: 2441, Loss: 5.756363391876221
Epoch: 2442, Loss: 5.749715805053711
Epoch: 2443, Loss: 5.752007007598877
Epoch: 2444, Loss: 5.736420154571533
Epoch: 2445, Loss: 5.724549293518066
Epoch: 2446, Loss: 5.752229690551758
Epoch: 2447, Loss: 5.756272792816162
Epoch: 2448, Loss: 5.736306190490723
Epoch: 2449, Loss: 5.745694160461426
./circuit_plots/Unrestricted Disentangled|Readout|CN=3|B0=0|B1=2|K=1280|L=320|p_B=0.75|p_C=0.75|B=2|eps=0|cf538942-d2b2-427e-876d-3ee26c12f82b/ already exists.
./circuit_plots/Unrestricted Disentangled|Readout|CN=3|B0=0|B1=2|K=1280|L=320|p_B=0.75|p_C=0.75|B=2|eps=0|cf538942-d2b2-427e-876d-3ee26c12f82b/ already exists.
./circuit_plots/Unrestricted Disentangled|Readout|CN=3|B0=0|B1=2|K=1280|L=320|p_B=0.75|p_C=0.75|B=2|eps=0|cf538942-d2b2-427e-876d-3ee26c12f82b/ already exists.
./circuit_plots/Unrestricted Disentangled|Readout|CN=3|B0=0|B1=2|K=1280|L=320|p_B=0.75|p_C=0.75|B=2|eps=0|cf538942-d2b2-427e-876d-3ee26c12f82b/ already exists.
./circuit_plots/Unrestricted Disentangled|Readout|CN=3|B0=0|B1=2|K=1280|L=320|p_B=0.75|p_C=0.75|B=2|eps=0|cf538942-d2b2-427e-876d-3ee26c12f82b/ already exists.
./circuit_plots/Unrestricted Disentangled|Readout|CN=3|B0=0|B1=2|K=1280|L=320|p_B=0.75|p_C=0.75|B=2|eps=0|cf538942-d2b2-427e-876d-3ee26c12f82b/ already exists.
./circuit_plots/Unrestricted Disentangled|Readout|CN=3|B0=0|B1=2|K=1280|L=320|p_B=0.75|p_C=0.75|B=2|eps=0|cf538942-d2b2-427e-876d-3ee26c12f82b/ already exists.
Epoch: 2450, Loss: 5.747117042541504
Test acc: 0.008, IC acc: 0.0093, IC acc2: 0.0031, IW acc: 0.0032
Epoch: 2451, Loss: 5.746617317199707
Epoch: 2452, Loss: 5.740877151489258
Epoch: 2453, Loss: 5.735218048095703
Epoch: 2454, Loss: 5.754096984863281
Epoch: 2455, Loss: 5.734495162963867
Epoch: 2456, Loss: 5.733141899108887
Epoch: 2457, Loss: 5.7553887367248535
Epoch: 2458, Loss: 5.733336925506592
Epoch: 2459, Loss: 5.746467113494873
Epoch: 2460, Loss: 5.748359680175781
Test acc: 0.0081, IC acc: 0.0094, IC acc2: 0.0032, IW acc: 0.0034
Epoch: 2461, Loss: 5.755702972412109
Epoch: 2462, Loss: 5.736959457397461
Epoch: 2463, Loss: 5.71528434753418
Epoch: 2464, Loss: 5.747686386108398
Epoch: 2465, Loss: 5.736467361450195
Epoch: 2466, Loss: 5.737356185913086
Epoch: 2467, Loss: 5.745447635650635
Epoch: 2468, Loss: 5.754867076873779
Epoch: 2469, Loss: 5.728322505950928
Epoch: 2470, Loss: 5.739916801452637
Test acc: 0.0082, IC acc: 0.0095, IC acc2: 0.0032, IW acc: 0.0034
Epoch: 2471, Loss: 5.739267349243164
Epoch: 2472, Loss: 5.7416582107543945
Epoch: 2473, Loss: 5.740502834320068
Epoch: 2474, Loss: 5.736191749572754
Epoch: 2475, Loss: 5.743369102478027
Epoch: 2476, Loss: 5.737687110900879
Epoch: 2477, Loss: 5.763440132141113
Epoch: 2478, Loss: 5.7477617263793945
Epoch: 2479, Loss: 5.736025810241699
Epoch: 2480, Loss: 5.742364406585693
Test acc: 0.0082, IC acc: 0.0098, IC acc2: 0.0032, IW acc: 0.0034
Epoch: 2481, Loss: 5.741422653198242
Epoch: 2482, Loss: 5.737819671630859
Epoch: 2483, Loss: 5.75945520401001
Epoch: 2484, Loss: 5.74891471862793
Epoch: 2485, Loss: 5.747902870178223
Epoch: 2486, Loss: 5.739945411682129
Epoch: 2487, Loss: 5.739262104034424
Epoch: 2488, Loss: 5.747366428375244
Epoch: 2489, Loss: 5.7464189529418945
Epoch: 2490, Loss: 5.74254035949707
Test acc: 0.0082, IC acc: 0.0098, IC acc2: 0.0033, IW acc: 0.0034
Epoch: 2491, Loss: 5.7322187423706055
Epoch: 2492, Loss: 5.739935874938965
Epoch: 2493, Loss: 5.744398593902588
Epoch: 2494, Loss: 5.741086959838867
Epoch: 2495, Loss: 5.728933334350586
Epoch: 2496, Loss: 5.755366325378418
Epoch: 2497, Loss: 5.754664421081543
Epoch: 2498, Loss: 5.734880447387695
Epoch: 2499, Loss: 5.744302749633789
./circuit_plots/Unrestricted Disentangled|Readout|CN=3|B0=0|B1=2|K=1280|L=320|p_B=0.75|p_C=0.75|B=2|eps=0|cf538942-d2b2-427e-876d-3ee26c12f82b/ already exists.
./circuit_plots/Unrestricted Disentangled|Readout|CN=3|B0=0|B1=2|K=1280|L=320|p_B=0.75|p_C=0.75|B=2|eps=0|cf538942-d2b2-427e-876d-3ee26c12f82b/ already exists.
./circuit_plots/Unrestricted Disentangled|Readout|CN=3|B0=0|B1=2|K=1280|L=320|p_B=0.75|p_C=0.75|B=2|eps=0|cf538942-d2b2-427e-876d-3ee26c12f82b/ already exists.
./circuit_plots/Unrestricted Disentangled|Readout|CN=3|B0=0|B1=2|K=1280|L=320|p_B=0.75|p_C=0.75|B=2|eps=0|cf538942-d2b2-427e-876d-3ee26c12f82b/ already exists.
./circuit_plots/Unrestricted Disentangled|Readout|CN=3|B0=0|B1=2|K=1280|L=320|p_B=0.75|p_C=0.75|B=2|eps=0|cf538942-d2b2-427e-876d-3ee26c12f82b/ already exists.
./circuit_plots/Unrestricted Disentangled|Readout|CN=3|B0=0|B1=2|K=1280|L=320|p_B=0.75|p_C=0.75|B=2|eps=0|cf538942-d2b2-427e-876d-3ee26c12f82b/ already exists.
./circuit_plots/Unrestricted Disentangled|Readout|CN=3|B0=0|B1=2|K=1280|L=320|p_B=0.75|p_C=0.75|B=2|eps=0|cf538942-d2b2-427e-876d-3ee26c12f82b/ already exists.
Epoch: 2500, Loss: 5.737871170043945
Test acc: 0.0082, IC acc: 0.0099, IC acc2: 0.0034, IW acc: 0.0034
Epoch: 2501, Loss: 5.75153923034668
Epoch: 2502, Loss: 5.751603126525879
Epoch: 2503, Loss: 5.7343854904174805
Epoch: 2504, Loss: 5.759225845336914
Epoch: 2505, Loss: 5.729648590087891
Epoch: 2506, Loss: 5.7456865310668945
Epoch: 2507, Loss: 5.741196632385254
Epoch: 2508, Loss: 5.75010871887207
Epoch: 2509, Loss: 5.746720314025879
Epoch: 2510, Loss: 5.754586219787598
Test acc: 0.0082, IC acc: 0.0099, IC acc2: 0.0033, IW acc: 0.0034
Epoch: 2511, Loss: 5.729875087738037
Epoch: 2512, Loss: 5.732635498046875
Epoch: 2513, Loss: 5.74705696105957
Epoch: 2514, Loss: 5.747092247009277
Epoch: 2515, Loss: 5.739638805389404
Epoch: 2516, Loss: 5.734868049621582
Epoch: 2517, Loss: 5.74294376373291
Epoch: 2518, Loss: 5.75044059753418
Epoch: 2519, Loss: 5.742456436157227
Epoch: 2520, Loss: 5.743641376495361
Test acc: 0.0083, IC acc: 0.0099, IC acc2: 0.0033, IW acc: 0.0034
Epoch: 2521, Loss: 5.746549606323242
Epoch: 2522, Loss: 5.749574661254883
Epoch: 2523, Loss: 5.752152919769287
Epoch: 2524, Loss: 5.748992919921875
Epoch: 2525, Loss: 5.733552932739258
Epoch: 2526, Loss: 5.750301361083984
Epoch: 2527, Loss: 5.746440887451172
Epoch: 2528, Loss: 5.747795104980469
Epoch: 2529, Loss: 5.736064910888672
Epoch: 2530, Loss: 5.7429704666137695
Test acc: 0.0084, IC acc: 0.0099, IC acc2: 0.0033, IW acc: 0.0034
Epoch: 2531, Loss: 5.73881721496582
Epoch: 2532, Loss: 5.747637748718262
Epoch: 2533, Loss: 5.729653358459473
Epoch: 2534, Loss: 5.7593841552734375
Epoch: 2535, Loss: 5.730086326599121
Epoch: 2536, Loss: 5.7435455322265625
Epoch: 2537, Loss: 5.745078086853027
Epoch: 2538, Loss: 5.728750228881836
Epoch: 2539, Loss: 5.731587886810303
Epoch: 2540, Loss: 5.731780052185059
Test acc: 0.0085, IC acc: 0.0099, IC acc2: 0.0033, IW acc: 0.0034
Epoch: 2541, Loss: 5.759608268737793
Epoch: 2542, Loss: 5.751029968261719
Epoch: 2543, Loss: 5.752506732940674
Epoch: 2544, Loss: 5.736991882324219
Epoch: 2545, Loss: 5.730035781860352
Epoch: 2546, Loss: 5.737066268920898
Epoch: 2547, Loss: 5.73828125
Epoch: 2548, Loss: 5.729490756988525
Epoch: 2549, Loss: 5.753518581390381
./circuit_plots/Unrestricted Disentangled|Readout|CN=3|B0=0|B1=2|K=1280|L=320|p_B=0.75|p_C=0.75|B=2|eps=0|cf538942-d2b2-427e-876d-3ee26c12f82b/ already exists.
./circuit_plots/Unrestricted Disentangled|Readout|CN=3|B0=0|B1=2|K=1280|L=320|p_B=0.75|p_C=0.75|B=2|eps=0|cf538942-d2b2-427e-876d-3ee26c12f82b/ already exists.
./circuit_plots/Unrestricted Disentangled|Readout|CN=3|B0=0|B1=2|K=1280|L=320|p_B=0.75|p_C=0.75|B=2|eps=0|cf538942-d2b2-427e-876d-3ee26c12f82b/ already exists.
./circuit_plots/Unrestricted Disentangled|Readout|CN=3|B0=0|B1=2|K=1280|L=320|p_B=0.75|p_C=0.75|B=2|eps=0|cf538942-d2b2-427e-876d-3ee26c12f82b/ already exists.
./circuit_plots/Unrestricted Disentangled|Readout|CN=3|B0=0|B1=2|K=1280|L=320|p_B=0.75|p_C=0.75|B=2|eps=0|cf538942-d2b2-427e-876d-3ee26c12f82b/ already exists.
./circuit_plots/Unrestricted Disentangled|Readout|CN=3|B0=0|B1=2|K=1280|L=320|p_B=0.75|p_C=0.75|B=2|eps=0|cf538942-d2b2-427e-876d-3ee26c12f82b/ already exists.
./circuit_plots/Unrestricted Disentangled|Readout|CN=3|B0=0|B1=2|K=1280|L=320|p_B=0.75|p_C=0.75|B=2|eps=0|cf538942-d2b2-427e-876d-3ee26c12f82b/ already exists.
Epoch: 2550, Loss: 5.749176979064941
Test acc: 0.0088, IC acc: 0.0101, IC acc2: 0.0033, IW acc: 0.0034
Epoch: 2551, Loss: 5.735595226287842
Epoch: 2552, Loss: 5.75223970413208
Epoch: 2553, Loss: 5.743253231048584
Epoch: 2554, Loss: 5.74484920501709
Epoch: 2555, Loss: 5.729660987854004
Epoch: 2556, Loss: 5.7446746826171875
Epoch: 2557, Loss: 5.75044059753418
Epoch: 2558, Loss: 5.749326229095459
Epoch: 2559, Loss: 5.772226333618164
Epoch: 2560, Loss: 5.747819423675537
Test acc: 0.0089, IC acc: 0.0101, IC acc2: 0.0033, IW acc: 0.0034
Epoch: 2561, Loss: 5.747659683227539
Epoch: 2562, Loss: 5.754636287689209
Epoch: 2563, Loss: 5.74513053894043
Epoch: 2564, Loss: 5.74678897857666
Epoch: 2565, Loss: 5.728549003601074
Epoch: 2566, Loss: 5.747474670410156
Epoch: 2567, Loss: 5.741639614105225
Epoch: 2568, Loss: 5.744664192199707
Epoch: 2569, Loss: 5.74175500869751
Epoch: 2570, Loss: 5.736072063446045
Test acc: 0.0088, IC acc: 0.01, IC acc2: 0.0033, IW acc: 0.0033
Epoch: 2571, Loss: 5.749032497406006
Epoch: 2572, Loss: 5.749170303344727
Epoch: 2573, Loss: 5.738214015960693
Epoch: 2574, Loss: 5.748666286468506
Epoch: 2575, Loss: 5.728103160858154
Epoch: 2576, Loss: 5.743730545043945
Epoch: 2577, Loss: 5.742123603820801
Epoch: 2578, Loss: 5.750973701477051
Epoch: 2579, Loss: 5.743505954742432
Epoch: 2580, Loss: 5.722926139831543
Test acc: 0.0088, IC acc: 0.0101, IC acc2: 0.0033, IW acc: 0.0032
Epoch: 2581, Loss: 5.726822853088379
Epoch: 2582, Loss: 5.744381904602051
Epoch: 2583, Loss: 5.729642868041992
Epoch: 2584, Loss: 5.737887382507324
Epoch: 2585, Loss: 5.7479963302612305
Epoch: 2586, Loss: 5.742037773132324
Epoch: 2587, Loss: 5.729825496673584
Epoch: 2588, Loss: 5.7475433349609375
Epoch: 2589, Loss: 5.758709907531738
Epoch: 2590, Loss: 5.737174987792969
Test acc: 0.0088, IC acc: 0.01, IC acc2: 0.0033, IW acc: 0.0034
Epoch: 2591, Loss: 5.742072105407715
Epoch: 2592, Loss: 5.737026214599609
Epoch: 2593, Loss: 5.754833221435547
Epoch: 2594, Loss: 5.734180927276611
Epoch: 2595, Loss: 5.745517253875732
Epoch: 2596, Loss: 5.746974945068359
Epoch: 2597, Loss: 5.744110107421875
Epoch: 2598, Loss: 5.755841255187988
Epoch: 2599, Loss: 5.726489067077637
./circuit_plots/Unrestricted Disentangled|Readout|CN=3|B0=0|B1=2|K=1280|L=320|p_B=0.75|p_C=0.75|B=2|eps=0|cf538942-d2b2-427e-876d-3ee26c12f82b/ already exists.
./circuit_plots/Unrestricted Disentangled|Readout|CN=3|B0=0|B1=2|K=1280|L=320|p_B=0.75|p_C=0.75|B=2|eps=0|cf538942-d2b2-427e-876d-3ee26c12f82b/ already exists.
./circuit_plots/Unrestricted Disentangled|Readout|CN=3|B0=0|B1=2|K=1280|L=320|p_B=0.75|p_C=0.75|B=2|eps=0|cf538942-d2b2-427e-876d-3ee26c12f82b/ already exists.
./circuit_plots/Unrestricted Disentangled|Readout|CN=3|B0=0|B1=2|K=1280|L=320|p_B=0.75|p_C=0.75|B=2|eps=0|cf538942-d2b2-427e-876d-3ee26c12f82b/ already exists.
./circuit_plots/Unrestricted Disentangled|Readout|CN=3|B0=0|B1=2|K=1280|L=320|p_B=0.75|p_C=0.75|B=2|eps=0|cf538942-d2b2-427e-876d-3ee26c12f82b/ already exists.
./circuit_plots/Unrestricted Disentangled|Readout|CN=3|B0=0|B1=2|K=1280|L=320|p_B=0.75|p_C=0.75|B=2|eps=0|cf538942-d2b2-427e-876d-3ee26c12f82b/ already exists.
./circuit_plots/Unrestricted Disentangled|Readout|CN=3|B0=0|B1=2|K=1280|L=320|p_B=0.75|p_C=0.75|B=2|eps=0|cf538942-d2b2-427e-876d-3ee26c12f82b/ already exists.
Epoch: 2600, Loss: 5.73818302154541
Test acc: 0.0089, IC acc: 0.01, IC acc2: 0.0033, IW acc: 0.0034
Epoch: 2601, Loss: 5.744168758392334
Epoch: 2602, Loss: 5.73952579498291
Epoch: 2603, Loss: 5.746559143066406
Epoch: 2604, Loss: 5.751556396484375
Epoch: 2605, Loss: 5.734851837158203
Epoch: 2606, Loss: 5.755664825439453
Epoch: 2607, Loss: 5.7356181144714355
Epoch: 2608, Loss: 5.748303413391113
Epoch: 2609, Loss: 5.7496209144592285
Epoch: 2610, Loss: 5.72581672668457
Test acc: 0.0089, IC acc: 0.01, IC acc2: 0.0033, IW acc: 0.0034
Epoch: 2611, Loss: 5.7521491050720215
Epoch: 2612, Loss: 5.752770900726318
Epoch: 2613, Loss: 5.722833633422852
Epoch: 2614, Loss: 5.740076065063477
Epoch: 2615, Loss: 5.740414619445801
Epoch: 2616, Loss: 5.727696418762207
Epoch: 2617, Loss: 5.75909948348999
Epoch: 2618, Loss: 5.748055458068848
Epoch: 2619, Loss: 5.7441205978393555
Epoch: 2620, Loss: 5.7504401206970215
Test acc: 0.0088, IC acc: 0.0101, IC acc2: 0.0033, IW acc: 0.0034
Epoch: 2621, Loss: 5.729530334472656
Epoch: 2622, Loss: 5.741634845733643
Epoch: 2623, Loss: 5.740674018859863
Epoch: 2624, Loss: 5.741294860839844
Epoch: 2625, Loss: 5.728546142578125
Epoch: 2626, Loss: 5.713221549987793
Epoch: 2627, Loss: 5.746041774749756
Epoch: 2628, Loss: 5.7458038330078125
Epoch: 2629, Loss: 5.716841697692871
Epoch: 2630, Loss: 5.752381324768066
Test acc: 0.009, IC acc: 0.0101, IC acc2: 0.0034, IW acc: 0.0034
Epoch: 2631, Loss: 5.760809898376465
Epoch: 2632, Loss: 5.74826717376709
Epoch: 2633, Loss: 5.739994049072266
Epoch: 2634, Loss: 5.745384216308594
Epoch: 2635, Loss: 5.726779937744141
Epoch: 2636, Loss: 5.7402873039245605
Epoch: 2637, Loss: 5.745086193084717
Epoch: 2638, Loss: 5.746249198913574
Epoch: 2639, Loss: 5.752458572387695
Epoch: 2640, Loss: 5.729883193969727
Test acc: 0.0089, IC acc: 0.0101, IC acc2: 0.0035, IW acc: 0.0033
Epoch: 2641, Loss: 5.733058452606201
Epoch: 2642, Loss: 5.72909688949585
Epoch: 2643, Loss: 5.737100601196289
Epoch: 2644, Loss: 5.745063781738281
Epoch: 2645, Loss: 5.744626998901367
Epoch: 2646, Loss: 5.729964256286621
Epoch: 2647, Loss: 5.737706661224365
Epoch: 2648, Loss: 5.73478364944458
Epoch: 2649, Loss: 5.72599458694458
./circuit_plots/Unrestricted Disentangled|Readout|CN=3|B0=0|B1=2|K=1280|L=320|p_B=0.75|p_C=0.75|B=2|eps=0|cf538942-d2b2-427e-876d-3ee26c12f82b/ already exists.
./circuit_plots/Unrestricted Disentangled|Readout|CN=3|B0=0|B1=2|K=1280|L=320|p_B=0.75|p_C=0.75|B=2|eps=0|cf538942-d2b2-427e-876d-3ee26c12f82b/ already exists.
./circuit_plots/Unrestricted Disentangled|Readout|CN=3|B0=0|B1=2|K=1280|L=320|p_B=0.75|p_C=0.75|B=2|eps=0|cf538942-d2b2-427e-876d-3ee26c12f82b/ already exists.
./circuit_plots/Unrestricted Disentangled|Readout|CN=3|B0=0|B1=2|K=1280|L=320|p_B=0.75|p_C=0.75|B=2|eps=0|cf538942-d2b2-427e-876d-3ee26c12f82b/ already exists.
./circuit_plots/Unrestricted Disentangled|Readout|CN=3|B0=0|B1=2|K=1280|L=320|p_B=0.75|p_C=0.75|B=2|eps=0|cf538942-d2b2-427e-876d-3ee26c12f82b/ already exists.
./circuit_plots/Unrestricted Disentangled|Readout|CN=3|B0=0|B1=2|K=1280|L=320|p_B=0.75|p_C=0.75|B=2|eps=0|cf538942-d2b2-427e-876d-3ee26c12f82b/ already exists.
./circuit_plots/Unrestricted Disentangled|Readout|CN=3|B0=0|B1=2|K=1280|L=320|p_B=0.75|p_C=0.75|B=2|eps=0|cf538942-d2b2-427e-876d-3ee26c12f82b/ already exists.
Epoch: 2650, Loss: 5.746097564697266
Test acc: 0.0091, IC acc: 0.0102, IC acc2: 0.0034, IW acc: 0.0034
Epoch: 2651, Loss: 5.750533103942871
Epoch: 2652, Loss: 5.746585845947266
Epoch: 2653, Loss: 5.74729061126709
Epoch: 2654, Loss: 5.750237464904785
Epoch: 2655, Loss: 5.747617721557617
Epoch: 2656, Loss: 5.732758522033691
Epoch: 2657, Loss: 5.738433837890625
Epoch: 2658, Loss: 5.738173007965088
Epoch: 2659, Loss: 5.750766754150391
Epoch: 2660, Loss: 5.751428604125977
Test acc: 0.009, IC acc: 0.0104, IC acc2: 0.0033, IW acc: 0.0033
Epoch: 2661, Loss: 5.7380876541137695
Epoch: 2662, Loss: 5.739773750305176
Epoch: 2663, Loss: 5.7594685554504395
Epoch: 2664, Loss: 5.726441383361816
Epoch: 2665, Loss: 5.739073276519775
Epoch: 2666, Loss: 5.755395889282227
Epoch: 2667, Loss: 5.731235504150391
Epoch: 2668, Loss: 5.741352081298828
Epoch: 2669, Loss: 5.745048522949219
Epoch: 2670, Loss: 5.732572555541992
Test acc: 0.0091, IC acc: 0.0104, IC acc2: 0.0033, IW acc: 0.0032
Epoch: 2671, Loss: 5.747619152069092
Epoch: 2672, Loss: 5.7500481605529785
Epoch: 2673, Loss: 5.748734474182129
Epoch: 2674, Loss: 5.743165016174316
Epoch: 2675, Loss: 5.737261772155762
Epoch: 2676, Loss: 5.738990783691406
Epoch: 2677, Loss: 5.751209259033203
Epoch: 2678, Loss: 5.745877265930176
Epoch: 2679, Loss: 5.747973918914795
Epoch: 2680, Loss: 5.741488456726074
Test acc: 0.0091, IC acc: 0.0105, IC acc2: 0.0033, IW acc: 0.0032
Epoch: 2681, Loss: 5.734576225280762
Epoch: 2682, Loss: 5.749114036560059
Epoch: 2683, Loss: 5.746758460998535
Epoch: 2684, Loss: 5.721654891967773
Epoch: 2685, Loss: 5.72640323638916
Epoch: 2686, Loss: 5.752961158752441
Epoch: 2687, Loss: 5.748816967010498
Epoch: 2688, Loss: 5.746957302093506
Epoch: 2689, Loss: 5.724921703338623
Epoch: 2690, Loss: 5.736870765686035
Test acc: 0.0093, IC acc: 0.0108, IC acc2: 0.0033, IW acc: 0.0032
Epoch: 2691, Loss: 5.758350372314453
Epoch: 2692, Loss: 5.73460054397583
Epoch: 2693, Loss: 5.750017166137695
Epoch: 2694, Loss: 5.732780456542969
Epoch: 2695, Loss: 5.739187240600586
Epoch: 2696, Loss: 5.756353378295898
Epoch: 2697, Loss: 5.734155178070068
Epoch: 2698, Loss: 5.716192722320557
Epoch: 2699, Loss: 5.736281394958496
./circuit_plots/Unrestricted Disentangled|Readout|CN=3|B0=0|B1=2|K=1280|L=320|p_B=0.75|p_C=0.75|B=2|eps=0|cf538942-d2b2-427e-876d-3ee26c12f82b/ already exists.
./circuit_plots/Unrestricted Disentangled|Readout|CN=3|B0=0|B1=2|K=1280|L=320|p_B=0.75|p_C=0.75|B=2|eps=0|cf538942-d2b2-427e-876d-3ee26c12f82b/ already exists.
./circuit_plots/Unrestricted Disentangled|Readout|CN=3|B0=0|B1=2|K=1280|L=320|p_B=0.75|p_C=0.75|B=2|eps=0|cf538942-d2b2-427e-876d-3ee26c12f82b/ already exists.
./circuit_plots/Unrestricted Disentangled|Readout|CN=3|B0=0|B1=2|K=1280|L=320|p_B=0.75|p_C=0.75|B=2|eps=0|cf538942-d2b2-427e-876d-3ee26c12f82b/ already exists.
./circuit_plots/Unrestricted Disentangled|Readout|CN=3|B0=0|B1=2|K=1280|L=320|p_B=0.75|p_C=0.75|B=2|eps=0|cf538942-d2b2-427e-876d-3ee26c12f82b/ already exists.
./circuit_plots/Unrestricted Disentangled|Readout|CN=3|B0=0|B1=2|K=1280|L=320|p_B=0.75|p_C=0.75|B=2|eps=0|cf538942-d2b2-427e-876d-3ee26c12f82b/ already exists.
./circuit_plots/Unrestricted Disentangled|Readout|CN=3|B0=0|B1=2|K=1280|L=320|p_B=0.75|p_C=0.75|B=2|eps=0|cf538942-d2b2-427e-876d-3ee26c12f82b/ already exists.
Epoch: 2700, Loss: 5.7490434646606445
Test acc: 0.0092, IC acc: 0.0108, IC acc2: 0.0033, IW acc: 0.0032
Epoch: 2701, Loss: 5.739011764526367
Epoch: 2702, Loss: 5.741236686706543
Epoch: 2703, Loss: 5.753983497619629
Epoch: 2704, Loss: 5.732832908630371
Epoch: 2705, Loss: 5.7392120361328125
Epoch: 2706, Loss: 5.754560470581055
Epoch: 2707, Loss: 5.728249549865723
Epoch: 2708, Loss: 5.728497505187988
Epoch: 2709, Loss: 5.739378929138184
Epoch: 2710, Loss: 5.765679359436035
Test acc: 0.0093, IC acc: 0.0109, IC acc2: 0.0033, IW acc: 0.0033
Epoch: 2711, Loss: 5.7267889976501465
Epoch: 2712, Loss: 5.739089012145996
Epoch: 2713, Loss: 5.736340522766113
Epoch: 2714, Loss: 5.749449729919434
Epoch: 2715, Loss: 5.740630149841309
Epoch: 2716, Loss: 5.734287261962891
Epoch: 2717, Loss: 5.7433295249938965
Epoch: 2718, Loss: 5.758586406707764
Epoch: 2719, Loss: 5.740695953369141
Epoch: 2720, Loss: 5.733026504516602
Test acc: 0.0093, IC acc: 0.0108, IC acc2: 0.0034, IW acc: 0.0033
Epoch: 2721, Loss: 5.7460479736328125
Epoch: 2722, Loss: 5.729544639587402
Epoch: 2723, Loss: 5.731071472167969
Epoch: 2724, Loss: 5.728874683380127
Epoch: 2725, Loss: 5.736729145050049
Epoch: 2726, Loss: 5.736687660217285
Epoch: 2727, Loss: 5.743374824523926
Epoch: 2728, Loss: 5.740992546081543
Epoch: 2729, Loss: 5.738874435424805
Epoch: 2730, Loss: 5.747616767883301
Test acc: 0.0093, IC acc: 0.011, IC acc2: 0.0034, IW acc: 0.0033
Epoch: 2731, Loss: 5.727663993835449
Epoch: 2732, Loss: 5.7349138259887695
Epoch: 2733, Loss: 5.7332658767700195
Epoch: 2734, Loss: 5.742598533630371
Epoch: 2735, Loss: 5.738229274749756
Epoch: 2736, Loss: 5.733612060546875
Epoch: 2737, Loss: 5.741727828979492
Epoch: 2738, Loss: 5.744574546813965
Epoch: 2739, Loss: 5.753859519958496
Epoch: 2740, Loss: 5.747331142425537
Test acc: 0.0094, IC acc: 0.0112, IC acc2: 0.0034, IW acc: 0.0033
Epoch: 2741, Loss: 5.745697021484375
Epoch: 2742, Loss: 5.7573652267456055
Epoch: 2743, Loss: 5.740598678588867
Epoch: 2744, Loss: 5.744194984436035
Epoch: 2745, Loss: 5.743151664733887
Epoch: 2746, Loss: 5.725567817687988
Epoch: 2747, Loss: 5.743751525878906
Epoch: 2748, Loss: 5.740710258483887
Epoch: 2749, Loss: 5.744258880615234
./circuit_plots/Unrestricted Disentangled|Readout|CN=3|B0=0|B1=2|K=1280|L=320|p_B=0.75|p_C=0.75|B=2|eps=0|cf538942-d2b2-427e-876d-3ee26c12f82b/ already exists.
./circuit_plots/Unrestricted Disentangled|Readout|CN=3|B0=0|B1=2|K=1280|L=320|p_B=0.75|p_C=0.75|B=2|eps=0|cf538942-d2b2-427e-876d-3ee26c12f82b/ already exists.
./circuit_plots/Unrestricted Disentangled|Readout|CN=3|B0=0|B1=2|K=1280|L=320|p_B=0.75|p_C=0.75|B=2|eps=0|cf538942-d2b2-427e-876d-3ee26c12f82b/ already exists.
./circuit_plots/Unrestricted Disentangled|Readout|CN=3|B0=0|B1=2|K=1280|L=320|p_B=0.75|p_C=0.75|B=2|eps=0|cf538942-d2b2-427e-876d-3ee26c12f82b/ already exists.
./circuit_plots/Unrestricted Disentangled|Readout|CN=3|B0=0|B1=2|K=1280|L=320|p_B=0.75|p_C=0.75|B=2|eps=0|cf538942-d2b2-427e-876d-3ee26c12f82b/ already exists.
./circuit_plots/Unrestricted Disentangled|Readout|CN=3|B0=0|B1=2|K=1280|L=320|p_B=0.75|p_C=0.75|B=2|eps=0|cf538942-d2b2-427e-876d-3ee26c12f82b/ already exists.
./circuit_plots/Unrestricted Disentangled|Readout|CN=3|B0=0|B1=2|K=1280|L=320|p_B=0.75|p_C=0.75|B=2|eps=0|cf538942-d2b2-427e-876d-3ee26c12f82b/ already exists.
Epoch: 2750, Loss: 5.7303080558776855
Test acc: 0.0094, IC acc: 0.0112, IC acc2: 0.0034, IW acc: 0.0033
Epoch: 2751, Loss: 5.7428436279296875
Epoch: 2752, Loss: 5.741117477416992
Epoch: 2753, Loss: 5.748875617980957
Epoch: 2754, Loss: 5.737004280090332
Epoch: 2755, Loss: 5.749152660369873
Epoch: 2756, Loss: 5.736245155334473
Epoch: 2757, Loss: 5.7425336837768555
Epoch: 2758, Loss: 5.758949279785156
Epoch: 2759, Loss: 5.755298614501953
Epoch: 2760, Loss: 5.753103256225586
Test acc: 0.0094, IC acc: 0.0112, IC acc2: 0.0034, IW acc: 0.0033
Epoch: 2761, Loss: 5.73396110534668
Epoch: 2762, Loss: 5.774596214294434
Epoch: 2763, Loss: 5.725942611694336
Epoch: 2764, Loss: 5.747513771057129
Epoch: 2765, Loss: 5.744217872619629
Epoch: 2766, Loss: 5.737053394317627
Epoch: 2767, Loss: 5.754533290863037
Epoch: 2768, Loss: 5.7505202293396
Epoch: 2769, Loss: 5.741785049438477
Epoch: 2770, Loss: 5.744956016540527
Test acc: 0.0095, IC acc: 0.0114, IC acc2: 0.0034, IW acc: 0.0033
Epoch: 2771, Loss: 5.759374618530273
Epoch: 2772, Loss: 5.7433881759643555
Epoch: 2773, Loss: 5.734388828277588
Epoch: 2774, Loss: 5.744917869567871
Epoch: 2775, Loss: 5.754054069519043
Epoch: 2776, Loss: 5.739557266235352
Epoch: 2777, Loss: 5.749500274658203
Epoch: 2778, Loss: 5.739774227142334
Epoch: 2779, Loss: 5.740487098693848
Epoch: 2780, Loss: 5.753131866455078
Test acc: 0.0094, IC acc: 0.0114, IC acc2: 0.0034, IW acc: 0.0033
Epoch: 2781, Loss: 5.744986534118652
Epoch: 2782, Loss: 5.751585006713867
Epoch: 2783, Loss: 5.740674018859863
Epoch: 2784, Loss: 5.7321367263793945
Epoch: 2785, Loss: 5.721470355987549
Epoch: 2786, Loss: 5.738868236541748
Epoch: 2787, Loss: 5.743631362915039
Epoch: 2788, Loss: 5.73807430267334
Epoch: 2789, Loss: 5.745203018188477
Epoch: 2790, Loss: 5.734470367431641
Test acc: 0.0095, IC acc: 0.0116, IC acc2: 0.0034, IW acc: 0.0032
Epoch: 2791, Loss: 5.74019193649292
Epoch: 2792, Loss: 5.736556053161621
Epoch: 2793, Loss: 5.745381832122803
Epoch: 2794, Loss: 5.733851909637451
Epoch: 2795, Loss: 5.741171360015869
Epoch: 2796, Loss: 5.723680019378662
Epoch: 2797, Loss: 5.739109039306641
Epoch: 2798, Loss: 5.7235565185546875
Epoch: 2799, Loss: 5.725650310516357
./circuit_plots/Unrestricted Disentangled|Readout|CN=3|B0=0|B1=2|K=1280|L=320|p_B=0.75|p_C=0.75|B=2|eps=0|cf538942-d2b2-427e-876d-3ee26c12f82b/ already exists.
./circuit_plots/Unrestricted Disentangled|Readout|CN=3|B0=0|B1=2|K=1280|L=320|p_B=0.75|p_C=0.75|B=2|eps=0|cf538942-d2b2-427e-876d-3ee26c12f82b/ already exists.
./circuit_plots/Unrestricted Disentangled|Readout|CN=3|B0=0|B1=2|K=1280|L=320|p_B=0.75|p_C=0.75|B=2|eps=0|cf538942-d2b2-427e-876d-3ee26c12f82b/ already exists.
./circuit_plots/Unrestricted Disentangled|Readout|CN=3|B0=0|B1=2|K=1280|L=320|p_B=0.75|p_C=0.75|B=2|eps=0|cf538942-d2b2-427e-876d-3ee26c12f82b/ already exists.
./circuit_plots/Unrestricted Disentangled|Readout|CN=3|B0=0|B1=2|K=1280|L=320|p_B=0.75|p_C=0.75|B=2|eps=0|cf538942-d2b2-427e-876d-3ee26c12f82b/ already exists.
./circuit_plots/Unrestricted Disentangled|Readout|CN=3|B0=0|B1=2|K=1280|L=320|p_B=0.75|p_C=0.75|B=2|eps=0|cf538942-d2b2-427e-876d-3ee26c12f82b/ already exists.
./circuit_plots/Unrestricted Disentangled|Readout|CN=3|B0=0|B1=2|K=1280|L=320|p_B=0.75|p_C=0.75|B=2|eps=0|cf538942-d2b2-427e-876d-3ee26c12f82b/ already exists.
Epoch: 2800, Loss: 5.730013847351074
Test acc: 0.0097, IC acc: 0.0119, IC acc2: 0.0034, IW acc: 0.0032
Epoch: 2801, Loss: 5.723296642303467
Epoch: 2802, Loss: 5.746743679046631
Epoch: 2803, Loss: 5.727102279663086
Epoch: 2804, Loss: 5.755555152893066
Epoch: 2805, Loss: 5.728930473327637
Epoch: 2806, Loss: 5.730843544006348
Epoch: 2807, Loss: 5.73043155670166
Epoch: 2808, Loss: 5.745998382568359
Epoch: 2809, Loss: 5.737437725067139
Epoch: 2810, Loss: 5.735553741455078
Test acc: 0.0096, IC acc: 0.0118, IC acc2: 0.0034, IW acc: 0.0031
Epoch: 2811, Loss: 5.739437103271484
Epoch: 2812, Loss: 5.72965145111084
Epoch: 2813, Loss: 5.744372844696045
Epoch: 2814, Loss: 5.74727201461792
Epoch: 2815, Loss: 5.733155727386475
Epoch: 2816, Loss: 5.7226033210754395
Epoch: 2817, Loss: 5.732694625854492
Epoch: 2818, Loss: 5.72990083694458
Epoch: 2819, Loss: 5.729245185852051
Epoch: 2820, Loss: 5.731434345245361
Test acc: 0.0098, IC acc: 0.012, IC acc2: 0.0034, IW acc: 0.0031
Epoch: 2821, Loss: 5.733063697814941
Epoch: 2822, Loss: 5.74883508682251
Epoch: 2823, Loss: 5.7419657707214355
Epoch: 2824, Loss: 5.736225605010986
Epoch: 2825, Loss: 5.72763204574585
Epoch: 2826, Loss: 5.724948406219482
Epoch: 2827, Loss: 5.746994972229004
Epoch: 2828, Loss: 5.731389999389648
Epoch: 2829, Loss: 5.733396053314209
Epoch: 2830, Loss: 5.745858669281006
Test acc: 0.0098, IC acc: 0.0122, IC acc2: 0.0034, IW acc: 0.0032
Epoch: 2831, Loss: 5.738310813903809
Epoch: 2832, Loss: 5.7546067237854
Epoch: 2833, Loss: 5.742591857910156
Epoch: 2834, Loss: 5.745041847229004
Epoch: 2835, Loss: 5.73927116394043
Epoch: 2836, Loss: 5.734084129333496
Epoch: 2837, Loss: 5.729412078857422
Epoch: 2838, Loss: 5.735533714294434
Epoch: 2839, Loss: 5.7525739669799805
Epoch: 2840, Loss: 5.755983829498291
Test acc: 0.0098, IC acc: 0.0121, IC acc2: 0.0033, IW acc: 0.0031
Epoch: 2841, Loss: 5.727543354034424
Epoch: 2842, Loss: 5.73380184173584
Epoch: 2843, Loss: 5.7352495193481445
Epoch: 2844, Loss: 5.740403652191162
Epoch: 2845, Loss: 5.734014511108398
Epoch: 2846, Loss: 5.730648517608643
Epoch: 2847, Loss: 5.745723724365234
Epoch: 2848, Loss: 5.750180244445801
Epoch: 2849, Loss: 5.738687515258789
./circuit_plots/Unrestricted Disentangled|Readout|CN=3|B0=0|B1=2|K=1280|L=320|p_B=0.75|p_C=0.75|B=2|eps=0|cf538942-d2b2-427e-876d-3ee26c12f82b/ already exists.
./circuit_plots/Unrestricted Disentangled|Readout|CN=3|B0=0|B1=2|K=1280|L=320|p_B=0.75|p_C=0.75|B=2|eps=0|cf538942-d2b2-427e-876d-3ee26c12f82b/ already exists.
./circuit_plots/Unrestricted Disentangled|Readout|CN=3|B0=0|B1=2|K=1280|L=320|p_B=0.75|p_C=0.75|B=2|eps=0|cf538942-d2b2-427e-876d-3ee26c12f82b/ already exists.
./circuit_plots/Unrestricted Disentangled|Readout|CN=3|B0=0|B1=2|K=1280|L=320|p_B=0.75|p_C=0.75|B=2|eps=0|cf538942-d2b2-427e-876d-3ee26c12f82b/ already exists.
./circuit_plots/Unrestricted Disentangled|Readout|CN=3|B0=0|B1=2|K=1280|L=320|p_B=0.75|p_C=0.75|B=2|eps=0|cf538942-d2b2-427e-876d-3ee26c12f82b/ already exists.
./circuit_plots/Unrestricted Disentangled|Readout|CN=3|B0=0|B1=2|K=1280|L=320|p_B=0.75|p_C=0.75|B=2|eps=0|cf538942-d2b2-427e-876d-3ee26c12f82b/ already exists.
./circuit_plots/Unrestricted Disentangled|Readout|CN=3|B0=0|B1=2|K=1280|L=320|p_B=0.75|p_C=0.75|B=2|eps=0|cf538942-d2b2-427e-876d-3ee26c12f82b/ already exists.
Epoch: 2850, Loss: 5.7382354736328125
Test acc: 0.0097, IC acc: 0.0122, IC acc2: 0.0033, IW acc: 0.0031
Epoch: 2851, Loss: 5.743069171905518
Epoch: 2852, Loss: 5.744502067565918
Epoch: 2853, Loss: 5.733050346374512
Epoch: 2854, Loss: 5.749075412750244
Epoch: 2855, Loss: 5.730264663696289
Epoch: 2856, Loss: 5.740795135498047
Epoch: 2857, Loss: 5.739048957824707
Epoch: 2858, Loss: 5.732574462890625
Epoch: 2859, Loss: 5.734692573547363
Epoch: 2860, Loss: 5.7460761070251465
Test acc: 0.0099, IC acc: 0.0122, IC acc2: 0.0033, IW acc: 0.003
Epoch: 2861, Loss: 5.745542526245117
Epoch: 2862, Loss: 5.72465181350708
Epoch: 2863, Loss: 5.739227294921875
Epoch: 2864, Loss: 5.743379592895508
Epoch: 2865, Loss: 5.731507301330566
Epoch: 2866, Loss: 5.749006271362305
Epoch: 2867, Loss: 5.749251842498779
Epoch: 2868, Loss: 5.728480339050293
Epoch: 2869, Loss: 5.750326633453369
Epoch: 2870, Loss: 5.753547668457031
Test acc: 0.0099, IC acc: 0.0122, IC acc2: 0.0033, IW acc: 0.003
Epoch: 2871, Loss: 5.739037990570068
Epoch: 2872, Loss: 5.744300365447998
Epoch: 2873, Loss: 5.749537467956543
Epoch: 2874, Loss: 5.756071090698242
Epoch: 2875, Loss: 5.756498336791992
Epoch: 2876, Loss: 5.743522644042969
Epoch: 2877, Loss: 5.744807243347168
Epoch: 2878, Loss: 5.747459411621094
Epoch: 2879, Loss: 5.724680423736572
Epoch: 2880, Loss: 5.745566368103027
Test acc: 0.0099, IC acc: 0.0123, IC acc2: 0.0033, IW acc: 0.003
Epoch: 2881, Loss: 5.740983963012695
Epoch: 2882, Loss: 5.755929946899414
Epoch: 2883, Loss: 5.727322578430176
Epoch: 2884, Loss: 5.737101078033447
Epoch: 2885, Loss: 5.734613418579102
Epoch: 2886, Loss: 5.732795238494873
Epoch: 2887, Loss: 5.754775047302246
Epoch: 2888, Loss: 5.737009525299072
Epoch: 2889, Loss: 5.738127708435059
Epoch: 2890, Loss: 5.74480676651001
Test acc: 0.0101, IC acc: 0.0123, IC acc2: 0.0033, IW acc: 0.003
Epoch: 2891, Loss: 5.736214637756348
Epoch: 2892, Loss: 5.731882572174072
Epoch: 2893, Loss: 5.742241859436035
Epoch: 2894, Loss: 5.736767768859863
Epoch: 2895, Loss: 5.750332832336426
Epoch: 2896, Loss: 5.732516288757324
Epoch: 2897, Loss: 5.742189407348633
Epoch: 2898, Loss: 5.733801364898682
Epoch: 2899, Loss: 5.722388744354248
./circuit_plots/Unrestricted Disentangled|Readout|CN=3|B0=0|B1=2|K=1280|L=320|p_B=0.75|p_C=0.75|B=2|eps=0|cf538942-d2b2-427e-876d-3ee26c12f82b/ already exists.
./circuit_plots/Unrestricted Disentangled|Readout|CN=3|B0=0|B1=2|K=1280|L=320|p_B=0.75|p_C=0.75|B=2|eps=0|cf538942-d2b2-427e-876d-3ee26c12f82b/ already exists.
./circuit_plots/Unrestricted Disentangled|Readout|CN=3|B0=0|B1=2|K=1280|L=320|p_B=0.75|p_C=0.75|B=2|eps=0|cf538942-d2b2-427e-876d-3ee26c12f82b/ already exists.
./circuit_plots/Unrestricted Disentangled|Readout|CN=3|B0=0|B1=2|K=1280|L=320|p_B=0.75|p_C=0.75|B=2|eps=0|cf538942-d2b2-427e-876d-3ee26c12f82b/ already exists.
./circuit_plots/Unrestricted Disentangled|Readout|CN=3|B0=0|B1=2|K=1280|L=320|p_B=0.75|p_C=0.75|B=2|eps=0|cf538942-d2b2-427e-876d-3ee26c12f82b/ already exists.
./circuit_plots/Unrestricted Disentangled|Readout|CN=3|B0=0|B1=2|K=1280|L=320|p_B=0.75|p_C=0.75|B=2|eps=0|cf538942-d2b2-427e-876d-3ee26c12f82b/ already exists.
./circuit_plots/Unrestricted Disentangled|Readout|CN=3|B0=0|B1=2|K=1280|L=320|p_B=0.75|p_C=0.75|B=2|eps=0|cf538942-d2b2-427e-876d-3ee26c12f82b/ already exists.
Epoch: 2900, Loss: 5.7468109130859375
Test acc: 0.0101, IC acc: 0.0123, IC acc2: 0.0033, IW acc: 0.003
Epoch: 2901, Loss: 5.72261905670166
Epoch: 2902, Loss: 5.729217529296875
Epoch: 2903, Loss: 5.7313923835754395
Epoch: 2904, Loss: 5.7429423332214355
Epoch: 2905, Loss: 5.73223876953125
Epoch: 2906, Loss: 5.722753047943115
Epoch: 2907, Loss: 5.736060619354248
Epoch: 2908, Loss: 5.736484527587891
Epoch: 2909, Loss: 5.735116004943848
Epoch: 2910, Loss: 5.728979110717773
Test acc: 0.0102, IC acc: 0.0124, IC acc2: 0.0034, IW acc: 0.003
Epoch: 2911, Loss: 5.730013847351074
Epoch: 2912, Loss: 5.7425336837768555
Epoch: 2913, Loss: 5.73598575592041
Epoch: 2914, Loss: 5.730636119842529
Epoch: 2915, Loss: 5.736587047576904
Epoch: 2916, Loss: 5.732177734375
Epoch: 2917, Loss: 5.732460975646973
Epoch: 2918, Loss: 5.751157760620117
Epoch: 2919, Loss: 5.734530448913574
Epoch: 2920, Loss: 5.732372283935547
Test acc: 0.0102, IC acc: 0.0126, IC acc2: 0.0035, IW acc: 0.003
Epoch: 2921, Loss: 5.744987964630127
Epoch: 2922, Loss: 5.727977752685547
Epoch: 2923, Loss: 5.724626541137695
Epoch: 2924, Loss: 5.715954780578613
Epoch: 2925, Loss: 5.733242988586426
Epoch: 2926, Loss: 5.731705665588379
Epoch: 2927, Loss: 5.737500190734863
Epoch: 2928, Loss: 5.749739646911621
Epoch: 2929, Loss: 5.7341413497924805
Epoch: 2930, Loss: 5.738687038421631
Test acc: 0.0104, IC acc: 0.0127, IC acc2: 0.0035, IW acc: 0.003
Epoch: 2931, Loss: 5.724695205688477
Epoch: 2932, Loss: 5.729486465454102
Epoch: 2933, Loss: 5.734066963195801
Epoch: 2934, Loss: 5.742725372314453
Epoch: 2935, Loss: 5.739230155944824
Epoch: 2936, Loss: 5.730193138122559
Epoch: 2937, Loss: 5.739859580993652
Epoch: 2938, Loss: 5.7497148513793945
Epoch: 2939, Loss: 5.74672269821167
Epoch: 2940, Loss: 5.74076509475708
Test acc: 0.0104, IC acc: 0.0126, IC acc2: 0.0035, IW acc: 0.003
Epoch: 2941, Loss: 5.734551429748535
Epoch: 2942, Loss: 5.744329452514648
Epoch: 2943, Loss: 5.738429069519043
Epoch: 2944, Loss: 5.738567352294922
Epoch: 2945, Loss: 5.7366623878479
Epoch: 2946, Loss: 5.733384132385254
Epoch: 2947, Loss: 5.744639873504639
Epoch: 2948, Loss: 5.74244499206543
Epoch: 2949, Loss: 5.739821434020996
./circuit_plots/Unrestricted Disentangled|Readout|CN=3|B0=0|B1=2|K=1280|L=320|p_B=0.75|p_C=0.75|B=2|eps=0|cf538942-d2b2-427e-876d-3ee26c12f82b/ already exists.
./circuit_plots/Unrestricted Disentangled|Readout|CN=3|B0=0|B1=2|K=1280|L=320|p_B=0.75|p_C=0.75|B=2|eps=0|cf538942-d2b2-427e-876d-3ee26c12f82b/ already exists.
./circuit_plots/Unrestricted Disentangled|Readout|CN=3|B0=0|B1=2|K=1280|L=320|p_B=0.75|p_C=0.75|B=2|eps=0|cf538942-d2b2-427e-876d-3ee26c12f82b/ already exists.
./circuit_plots/Unrestricted Disentangled|Readout|CN=3|B0=0|B1=2|K=1280|L=320|p_B=0.75|p_C=0.75|B=2|eps=0|cf538942-d2b2-427e-876d-3ee26c12f82b/ already exists.
./circuit_plots/Unrestricted Disentangled|Readout|CN=3|B0=0|B1=2|K=1280|L=320|p_B=0.75|p_C=0.75|B=2|eps=0|cf538942-d2b2-427e-876d-3ee26c12f82b/ already exists.
./circuit_plots/Unrestricted Disentangled|Readout|CN=3|B0=0|B1=2|K=1280|L=320|p_B=0.75|p_C=0.75|B=2|eps=0|cf538942-d2b2-427e-876d-3ee26c12f82b/ already exists.
./circuit_plots/Unrestricted Disentangled|Readout|CN=3|B0=0|B1=2|K=1280|L=320|p_B=0.75|p_C=0.75|B=2|eps=0|cf538942-d2b2-427e-876d-3ee26c12f82b/ already exists.
Epoch: 2950, Loss: 5.725227355957031
Test acc: 0.0107, IC acc: 0.0126, IC acc2: 0.0035, IW acc: 0.003
Epoch: 2951, Loss: 5.720157623291016
Epoch: 2952, Loss: 5.730565547943115
Epoch: 2953, Loss: 5.727980613708496
Epoch: 2954, Loss: 5.724433898925781
Epoch: 2955, Loss: 5.726699352264404
Epoch: 2956, Loss: 5.738312721252441
Epoch: 2957, Loss: 5.741179466247559
Epoch: 2958, Loss: 5.738529682159424
Epoch: 2959, Loss: 5.755552291870117
Epoch: 2960, Loss: 5.738576889038086
Test acc: 0.0107, IC acc: 0.0127, IC acc2: 0.0035, IW acc: 0.003
Epoch: 2961, Loss: 5.733144760131836
Epoch: 2962, Loss: 5.729283332824707
Epoch: 2963, Loss: 5.727910995483398
Epoch: 2964, Loss: 5.750638961791992
Epoch: 2965, Loss: 5.724184036254883
Epoch: 2966, Loss: 5.753687858581543
Epoch: 2967, Loss: 5.733490943908691
Epoch: 2968, Loss: 5.722080230712891
Epoch: 2969, Loss: 5.7511091232299805
Epoch: 2970, Loss: 5.729008674621582
Test acc: 0.0106, IC acc: 0.0128, IC acc2: 0.0035, IW acc: 0.003
Epoch: 2971, Loss: 5.734300136566162
Epoch: 2972, Loss: 5.725822925567627
Epoch: 2973, Loss: 5.739365100860596
Epoch: 2974, Loss: 5.7399420738220215
Epoch: 2975, Loss: 5.745457649230957
Epoch: 2976, Loss: 5.729300498962402
Epoch: 2977, Loss: 5.729107856750488
Epoch: 2978, Loss: 5.75129508972168
Epoch: 2979, Loss: 5.743547439575195
Epoch: 2980, Loss: 5.73057222366333
Test acc: 0.0106, IC acc: 0.0127, IC acc2: 0.0034, IW acc: 0.0031
Epoch: 2981, Loss: 5.741179466247559
Epoch: 2982, Loss: 5.7353668212890625
Epoch: 2983, Loss: 5.737177848815918
Epoch: 2984, Loss: 5.735313415527344
Epoch: 2985, Loss: 5.742445468902588
Epoch: 2986, Loss: 5.727480888366699
Epoch: 2987, Loss: 5.743010520935059
Epoch: 2988, Loss: 5.718318462371826
Epoch: 2989, Loss: 5.749035835266113
Epoch: 2990, Loss: 5.735530376434326
Test acc: 0.0106, IC acc: 0.0127, IC acc2: 0.0035, IW acc: 0.0031
Epoch: 2991, Loss: 5.730624198913574
Epoch: 2992, Loss: 5.726693153381348
Epoch: 2993, Loss: 5.722538471221924
Epoch: 2994, Loss: 5.714578151702881
Epoch: 2995, Loss: 5.733081340789795
Epoch: 2996, Loss: 5.734403610229492
Epoch: 2997, Loss: 5.752226829528809
Epoch: 2998, Loss: 5.736881256103516
Epoch: 2999, Loss: 5.7300872802734375
./circuit_plots/Unrestricted Disentangled|Readout|CN=3|B0=0|B1=2|K=1280|L=320|p_B=0.75|p_C=0.75|B=2|eps=0|cf538942-d2b2-427e-876d-3ee26c12f82b/ already exists.
./circuit_plots/Unrestricted Disentangled|Readout|CN=3|B0=0|B1=2|K=1280|L=320|p_B=0.75|p_C=0.75|B=2|eps=0|cf538942-d2b2-427e-876d-3ee26c12f82b/ already exists.
./circuit_plots/Unrestricted Disentangled|Readout|CN=3|B0=0|B1=2|K=1280|L=320|p_B=0.75|p_C=0.75|B=2|eps=0|cf538942-d2b2-427e-876d-3ee26c12f82b/ already exists.
./circuit_plots/Unrestricted Disentangled|Readout|CN=3|B0=0|B1=2|K=1280|L=320|p_B=0.75|p_C=0.75|B=2|eps=0|cf538942-d2b2-427e-876d-3ee26c12f82b/ already exists.
./circuit_plots/Unrestricted Disentangled|Readout|CN=3|B0=0|B1=2|K=1280|L=320|p_B=0.75|p_C=0.75|B=2|eps=0|cf538942-d2b2-427e-876d-3ee26c12f82b/ already exists.
./circuit_plots/Unrestricted Disentangled|Readout|CN=3|B0=0|B1=2|K=1280|L=320|p_B=0.75|p_C=0.75|B=2|eps=0|cf538942-d2b2-427e-876d-3ee26c12f82b/ already exists.
./circuit_plots/Unrestricted Disentangled|Readout|CN=3|B0=0|B1=2|K=1280|L=320|p_B=0.75|p_C=0.75|B=2|eps=0|cf538942-d2b2-427e-876d-3ee26c12f82b/ already exists.
Epoch: 3000, Loss: 5.723992347717285
Test acc: 0.0106, IC acc: 0.0127, IC acc2: 0.0034, IW acc: 0.0031
Epoch: 3001, Loss: 5.747969627380371
Epoch: 3002, Loss: 5.747159957885742
Epoch: 3003, Loss: 5.7476348876953125
Epoch: 3004, Loss: 5.7364821434021
Epoch: 3005, Loss: 5.73733377456665
Epoch: 3006, Loss: 5.753462791442871
Epoch: 3007, Loss: 5.7287187576293945
Epoch: 3008, Loss: 5.7466654777526855
Epoch: 3009, Loss: 5.745337963104248
Epoch: 3010, Loss: 5.718063831329346
Test acc: 0.0107, IC acc: 0.013, IC acc2: 0.0035, IW acc: 0.0031
Epoch: 3011, Loss: 5.737612247467041
Epoch: 3012, Loss: 5.752226829528809
Epoch: 3013, Loss: 5.73756217956543
Epoch: 3014, Loss: 5.7345871925354
Epoch: 3015, Loss: 5.743865013122559
Epoch: 3016, Loss: 5.732148170471191
Epoch: 3017, Loss: 5.737040042877197
Epoch: 3018, Loss: 5.730942249298096
Epoch: 3019, Loss: 5.740041255950928
Epoch: 3020, Loss: 5.74001407623291
Test acc: 0.0108, IC acc: 0.013, IC acc2: 0.0035, IW acc: 0.0031
Epoch: 3021, Loss: 5.741325378417969
Epoch: 3022, Loss: 5.719601154327393
Epoch: 3023, Loss: 5.737017631530762
Epoch: 3024, Loss: 5.757688045501709
Epoch: 3025, Loss: 5.727690696716309
Epoch: 3026, Loss: 5.7537641525268555
Epoch: 3027, Loss: 5.741472244262695
Epoch: 3028, Loss: 5.730913162231445
Epoch: 3029, Loss: 5.725820541381836
Epoch: 3030, Loss: 5.727421760559082
Test acc: 0.0109, IC acc: 0.0132, IC acc2: 0.0033, IW acc: 0.0031
Epoch: 3031, Loss: 5.728257179260254
Epoch: 3032, Loss: 5.736185073852539
Epoch: 3033, Loss: 5.732397556304932
Epoch: 3034, Loss: 5.741600513458252
Epoch: 3035, Loss: 5.725794315338135
Epoch: 3036, Loss: 5.726193428039551
Epoch: 3037, Loss: 5.733668804168701
Epoch: 3038, Loss: 5.72977352142334
Epoch: 3039, Loss: 5.7268877029418945
Epoch: 3040, Loss: 5.7369794845581055
Test acc: 0.0108, IC acc: 0.0133, IC acc2: 0.0034, IW acc: 0.0031
Epoch: 3041, Loss: 5.7561421394348145
Epoch: 3042, Loss: 5.751245498657227
Epoch: 3043, Loss: 5.733860015869141
Epoch: 3044, Loss: 5.750883102416992
Epoch: 3045, Loss: 5.737807273864746
Epoch: 3046, Loss: 5.731446266174316
Epoch: 3047, Loss: 5.734317779541016
Epoch: 3048, Loss: 5.7355146408081055
Epoch: 3049, Loss: 5.729948997497559
./circuit_plots/Unrestricted Disentangled|Readout|CN=3|B0=0|B1=2|K=1280|L=320|p_B=0.75|p_C=0.75|B=2|eps=0|cf538942-d2b2-427e-876d-3ee26c12f82b/ already exists.
./circuit_plots/Unrestricted Disentangled|Readout|CN=3|B0=0|B1=2|K=1280|L=320|p_B=0.75|p_C=0.75|B=2|eps=0|cf538942-d2b2-427e-876d-3ee26c12f82b/ already exists.
./circuit_plots/Unrestricted Disentangled|Readout|CN=3|B0=0|B1=2|K=1280|L=320|p_B=0.75|p_C=0.75|B=2|eps=0|cf538942-d2b2-427e-876d-3ee26c12f82b/ already exists.
./circuit_plots/Unrestricted Disentangled|Readout|CN=3|B0=0|B1=2|K=1280|L=320|p_B=0.75|p_C=0.75|B=2|eps=0|cf538942-d2b2-427e-876d-3ee26c12f82b/ already exists.
./circuit_plots/Unrestricted Disentangled|Readout|CN=3|B0=0|B1=2|K=1280|L=320|p_B=0.75|p_C=0.75|B=2|eps=0|cf538942-d2b2-427e-876d-3ee26c12f82b/ already exists.
./circuit_plots/Unrestricted Disentangled|Readout|CN=3|B0=0|B1=2|K=1280|L=320|p_B=0.75|p_C=0.75|B=2|eps=0|cf538942-d2b2-427e-876d-3ee26c12f82b/ already exists.
./circuit_plots/Unrestricted Disentangled|Readout|CN=3|B0=0|B1=2|K=1280|L=320|p_B=0.75|p_C=0.75|B=2|eps=0|cf538942-d2b2-427e-876d-3ee26c12f82b/ already exists.
Epoch: 3050, Loss: 5.732837677001953
Test acc: 0.011, IC acc: 0.0133, IC acc2: 0.0035, IW acc: 0.0031
Epoch: 3051, Loss: 5.743265151977539
Epoch: 3052, Loss: 5.749511241912842
Epoch: 3053, Loss: 5.732491493225098
Epoch: 3054, Loss: 5.722592830657959
Epoch: 3055, Loss: 5.733380317687988
Epoch: 3056, Loss: 5.717406272888184
Epoch: 3057, Loss: 5.73405647277832
Epoch: 3058, Loss: 5.7300310134887695
Epoch: 3059, Loss: 5.730942726135254
Epoch: 3060, Loss: 5.741258144378662
Test acc: 0.011, IC acc: 0.0133, IC acc2: 0.0034, IW acc: 0.0031
Epoch: 3061, Loss: 5.741825103759766
Epoch: 3062, Loss: 5.735738277435303
Epoch: 3063, Loss: 5.752414226531982
Epoch: 3064, Loss: 5.717549800872803
Epoch: 3065, Loss: 5.733979225158691
Epoch: 3066, Loss: 5.736942291259766
Epoch: 3067, Loss: 5.735525131225586
Epoch: 3068, Loss: 5.741953372955322
Epoch: 3069, Loss: 5.738114833831787
Epoch: 3070, Loss: 5.742199897766113
Test acc: 0.0112, IC acc: 0.0132, IC acc2: 0.0035, IW acc: 0.0031
Epoch: 3071, Loss: 5.720100402832031
Epoch: 3072, Loss: 5.734285831451416
Epoch: 3073, Loss: 5.740943431854248
Epoch: 3074, Loss: 5.7365875244140625
Epoch: 3075, Loss: 5.727533340454102
Epoch: 3076, Loss: 5.7377495765686035
Epoch: 3077, Loss: 5.725107192993164
Epoch: 3078, Loss: 5.738890171051025
Epoch: 3079, Loss: 5.734943866729736
Epoch: 3080, Loss: 5.725193977355957
Test acc: 0.0113, IC acc: 0.0133, IC acc2: 0.0035, IW acc: 0.0031
Epoch: 3081, Loss: 5.7340779304504395
Epoch: 3082, Loss: 5.74738883972168
Epoch: 3083, Loss: 5.715770244598389
Epoch: 3084, Loss: 5.763084411621094
Epoch: 3085, Loss: 5.738536834716797
Epoch: 3086, Loss: 5.736560821533203
Epoch: 3087, Loss: 5.72731876373291
Epoch: 3088, Loss: 5.733223915100098
Epoch: 3089, Loss: 5.732731342315674
Epoch: 3090, Loss: 5.736523628234863
Test acc: 0.0115, IC acc: 0.0134, IC acc2: 0.0035, IW acc: 0.0031
Epoch: 3091, Loss: 5.734335899353027
Epoch: 3092, Loss: 5.728631496429443
Epoch: 3093, Loss: 5.7410149574279785
Epoch: 3094, Loss: 5.73541259765625
Epoch: 3095, Loss: 5.7241010665893555
Epoch: 3096, Loss: 5.734653949737549
Epoch: 3097, Loss: 5.729970932006836
Epoch: 3098, Loss: 5.739642143249512
Epoch: 3099, Loss: 5.720784664154053
./circuit_plots/Unrestricted Disentangled|Readout|CN=3|B0=0|B1=2|K=1280|L=320|p_B=0.75|p_C=0.75|B=2|eps=0|cf538942-d2b2-427e-876d-3ee26c12f82b/ already exists.
./circuit_plots/Unrestricted Disentangled|Readout|CN=3|B0=0|B1=2|K=1280|L=320|p_B=0.75|p_C=0.75|B=2|eps=0|cf538942-d2b2-427e-876d-3ee26c12f82b/ already exists.
./circuit_plots/Unrestricted Disentangled|Readout|CN=3|B0=0|B1=2|K=1280|L=320|p_B=0.75|p_C=0.75|B=2|eps=0|cf538942-d2b2-427e-876d-3ee26c12f82b/ already exists.
./circuit_plots/Unrestricted Disentangled|Readout|CN=3|B0=0|B1=2|K=1280|L=320|p_B=0.75|p_C=0.75|B=2|eps=0|cf538942-d2b2-427e-876d-3ee26c12f82b/ already exists.
./circuit_plots/Unrestricted Disentangled|Readout|CN=3|B0=0|B1=2|K=1280|L=320|p_B=0.75|p_C=0.75|B=2|eps=0|cf538942-d2b2-427e-876d-3ee26c12f82b/ already exists.
./circuit_plots/Unrestricted Disentangled|Readout|CN=3|B0=0|B1=2|K=1280|L=320|p_B=0.75|p_C=0.75|B=2|eps=0|cf538942-d2b2-427e-876d-3ee26c12f82b/ already exists.
./circuit_plots/Unrestricted Disentangled|Readout|CN=3|B0=0|B1=2|K=1280|L=320|p_B=0.75|p_C=0.75|B=2|eps=0|cf538942-d2b2-427e-876d-3ee26c12f82b/ already exists.
Epoch: 3100, Loss: 5.7260284423828125
Test acc: 0.0115, IC acc: 0.0134, IC acc2: 0.0035, IW acc: 0.0031
Epoch: 3101, Loss: 5.7208943367004395
Epoch: 3102, Loss: 5.741762161254883
Epoch: 3103, Loss: 5.720119953155518
Epoch: 3104, Loss: 5.720348358154297
Epoch: 3105, Loss: 5.742900848388672
Epoch: 3106, Loss: 5.730632305145264
Epoch: 3107, Loss: 5.736124515533447
Epoch: 3108, Loss: 5.738140106201172
Epoch: 3109, Loss: 5.72525691986084
Epoch: 3110, Loss: 5.7311015129089355
Test acc: 0.0114, IC acc: 0.0133, IC acc2: 0.0035, IW acc: 0.0031
Epoch: 3111, Loss: 5.751617431640625
Epoch: 3112, Loss: 5.727987289428711
Epoch: 3113, Loss: 5.726474285125732
Epoch: 3114, Loss: 5.735738754272461
Epoch: 3115, Loss: 5.739969730377197
Epoch: 3116, Loss: 5.724417686462402
Epoch: 3117, Loss: 5.732668876647949
Epoch: 3118, Loss: 5.742570877075195
Epoch: 3119, Loss: 5.7361602783203125
Epoch: 3120, Loss: 5.709144592285156
Test acc: 0.0114, IC acc: 0.0134, IC acc2: 0.0035, IW acc: 0.003
Epoch: 3121, Loss: 5.7441911697387695
Epoch: 3122, Loss: 5.725277900695801
Epoch: 3123, Loss: 5.737236022949219
Epoch: 3124, Loss: 5.741222381591797
Epoch: 3125, Loss: 5.729163646697998
Epoch: 3126, Loss: 5.714908599853516
Epoch: 3127, Loss: 5.731048107147217
Epoch: 3128, Loss: 5.747178077697754
Epoch: 3129, Loss: 5.720107078552246
Epoch: 3130, Loss: 5.7462477684021
Test acc: 0.0114, IC acc: 0.0134, IC acc2: 0.0035, IW acc: 0.003
Epoch: 3131, Loss: 5.737429141998291
Epoch: 3132, Loss: 5.737278938293457
Epoch: 3133, Loss: 5.748271942138672
Epoch: 3134, Loss: 5.751330375671387
Epoch: 3135, Loss: 5.73807430267334
Epoch: 3136, Loss: 5.737311840057373
Epoch: 3137, Loss: 5.743323802947998
Epoch: 3138, Loss: 5.729915618896484
Epoch: 3139, Loss: 5.725653171539307
Epoch: 3140, Loss: 5.738946914672852
Test acc: 0.0115, IC acc: 0.0136, IC acc2: 0.0035, IW acc: 0.003
Epoch: 3141, Loss: 5.744658470153809
Epoch: 3142, Loss: 5.72414493560791
Epoch: 3143, Loss: 5.730233192443848
Epoch: 3144, Loss: 5.729647636413574
Epoch: 3145, Loss: 5.742494583129883
Epoch: 3146, Loss: 5.733182907104492
Epoch: 3147, Loss: 5.739145755767822
Epoch: 3148, Loss: 5.733427047729492
Epoch: 3149, Loss: 5.733531951904297
./circuit_plots/Unrestricted Disentangled|Readout|CN=3|B0=0|B1=2|K=1280|L=320|p_B=0.75|p_C=0.75|B=2|eps=0|cf538942-d2b2-427e-876d-3ee26c12f82b/ already exists.
./circuit_plots/Unrestricted Disentangled|Readout|CN=3|B0=0|B1=2|K=1280|L=320|p_B=0.75|p_C=0.75|B=2|eps=0|cf538942-d2b2-427e-876d-3ee26c12f82b/ already exists.
./circuit_plots/Unrestricted Disentangled|Readout|CN=3|B0=0|B1=2|K=1280|L=320|p_B=0.75|p_C=0.75|B=2|eps=0|cf538942-d2b2-427e-876d-3ee26c12f82b/ already exists.
./circuit_plots/Unrestricted Disentangled|Readout|CN=3|B0=0|B1=2|K=1280|L=320|p_B=0.75|p_C=0.75|B=2|eps=0|cf538942-d2b2-427e-876d-3ee26c12f82b/ already exists.
./circuit_plots/Unrestricted Disentangled|Readout|CN=3|B0=0|B1=2|K=1280|L=320|p_B=0.75|p_C=0.75|B=2|eps=0|cf538942-d2b2-427e-876d-3ee26c12f82b/ already exists.
./circuit_plots/Unrestricted Disentangled|Readout|CN=3|B0=0|B1=2|K=1280|L=320|p_B=0.75|p_C=0.75|B=2|eps=0|cf538942-d2b2-427e-876d-3ee26c12f82b/ already exists.
./circuit_plots/Unrestricted Disentangled|Readout|CN=3|B0=0|B1=2|K=1280|L=320|p_B=0.75|p_C=0.75|B=2|eps=0|cf538942-d2b2-427e-876d-3ee26c12f82b/ already exists.
Epoch: 3150, Loss: 5.710198879241943
Test acc: 0.0116, IC acc: 0.0135, IC acc2: 0.0035, IW acc: 0.003
Epoch: 3151, Loss: 5.7479448318481445
Epoch: 3152, Loss: 5.736969947814941
Epoch: 3153, Loss: 5.733691215515137
Epoch: 3154, Loss: 5.726030349731445
Epoch: 3155, Loss: 5.755861282348633
Epoch: 3156, Loss: 5.731328010559082
Epoch: 3157, Loss: 5.745035648345947
Epoch: 3158, Loss: 5.73724365234375
Epoch: 3159, Loss: 5.738243579864502
Epoch: 3160, Loss: 5.720891952514648
Test acc: 0.0117, IC acc: 0.0135, IC acc2: 0.0034, IW acc: 0.0031
Epoch: 3161, Loss: 5.7394328117370605
Epoch: 3162, Loss: 5.74418830871582
Epoch: 3163, Loss: 5.736121654510498
Epoch: 3164, Loss: 5.741858959197998
Epoch: 3165, Loss: 5.741174697875977
Epoch: 3166, Loss: 5.734190464019775
Epoch: 3167, Loss: 5.746688365936279
Epoch: 3168, Loss: 5.735979080200195
Epoch: 3169, Loss: 5.73809814453125
Epoch: 3170, Loss: 5.731965065002441
Test acc: 0.0116, IC acc: 0.0135, IC acc2: 0.0034, IW acc: 0.003
Epoch: 3171, Loss: 5.747568130493164
Epoch: 3172, Loss: 5.7244720458984375
Epoch: 3173, Loss: 5.744204521179199
Epoch: 3174, Loss: 5.732896327972412
Epoch: 3175, Loss: 5.735601425170898
Epoch: 3176, Loss: 5.730032920837402
Epoch: 3177, Loss: 5.731196403503418
Epoch: 3178, Loss: 5.727021217346191
Epoch: 3179, Loss: 5.730238437652588
Epoch: 3180, Loss: 5.742400169372559
Test acc: 0.0116, IC acc: 0.0135, IC acc2: 0.0034, IW acc: 0.003
Epoch: 3181, Loss: 5.721225738525391
Epoch: 3182, Loss: 5.738993167877197
Epoch: 3183, Loss: 5.7457733154296875
Epoch: 3184, Loss: 5.720498085021973
Epoch: 3185, Loss: 5.730981349945068
Epoch: 3186, Loss: 5.734692096710205
Epoch: 3187, Loss: 5.73983097076416
Epoch: 3188, Loss: 5.755540370941162
Epoch: 3189, Loss: 5.7195611000061035
Epoch: 3190, Loss: 5.740156173706055
Test acc: 0.0116, IC acc: 0.0136, IC acc2: 0.0034, IW acc: 0.003
Epoch: 3191, Loss: 5.710662841796875
Epoch: 3192, Loss: 5.734482288360596
Epoch: 3193, Loss: 5.730887413024902
Epoch: 3194, Loss: 5.7416090965271
Epoch: 3195, Loss: 5.740128040313721
Epoch: 3196, Loss: 5.73308801651001
Epoch: 3197, Loss: 5.726086139678955
Epoch: 3198, Loss: 5.726468563079834
Epoch: 3199, Loss: 5.707543849945068
./circuit_plots/Unrestricted Disentangled|Readout|CN=3|B0=0|B1=2|K=1280|L=320|p_B=0.75|p_C=0.75|B=2|eps=0|cf538942-d2b2-427e-876d-3ee26c12f82b/ already exists.
./circuit_plots/Unrestricted Disentangled|Readout|CN=3|B0=0|B1=2|K=1280|L=320|p_B=0.75|p_C=0.75|B=2|eps=0|cf538942-d2b2-427e-876d-3ee26c12f82b/ already exists.
./circuit_plots/Unrestricted Disentangled|Readout|CN=3|B0=0|B1=2|K=1280|L=320|p_B=0.75|p_C=0.75|B=2|eps=0|cf538942-d2b2-427e-876d-3ee26c12f82b/ already exists.
./circuit_plots/Unrestricted Disentangled|Readout|CN=3|B0=0|B1=2|K=1280|L=320|p_B=0.75|p_C=0.75|B=2|eps=0|cf538942-d2b2-427e-876d-3ee26c12f82b/ already exists.
./circuit_plots/Unrestricted Disentangled|Readout|CN=3|B0=0|B1=2|K=1280|L=320|p_B=0.75|p_C=0.75|B=2|eps=0|cf538942-d2b2-427e-876d-3ee26c12f82b/ already exists.
./circuit_plots/Unrestricted Disentangled|Readout|CN=3|B0=0|B1=2|K=1280|L=320|p_B=0.75|p_C=0.75|B=2|eps=0|cf538942-d2b2-427e-876d-3ee26c12f82b/ already exists.
./circuit_plots/Unrestricted Disentangled|Readout|CN=3|B0=0|B1=2|K=1280|L=320|p_B=0.75|p_C=0.75|B=2|eps=0|cf538942-d2b2-427e-876d-3ee26c12f82b/ already exists.
Epoch: 3200, Loss: 5.726147651672363
Test acc: 0.0116, IC acc: 0.0138, IC acc2: 0.0034, IW acc: 0.003
Epoch: 3201, Loss: 5.732117652893066
Epoch: 3202, Loss: 5.728483200073242
Epoch: 3203, Loss: 5.732285499572754
Epoch: 3204, Loss: 5.733787536621094
Epoch: 3205, Loss: 5.730899333953857
Epoch: 3206, Loss: 5.749476909637451
Epoch: 3207, Loss: 5.73134708404541
Epoch: 3208, Loss: 5.745745658874512
Epoch: 3209, Loss: 5.737750053405762
Epoch: 3210, Loss: 5.743557929992676
Test acc: 0.0116, IC acc: 0.0139, IC acc2: 0.0034, IW acc: 0.003
Epoch: 3211, Loss: 5.726077079772949
Epoch: 3212, Loss: 5.735238552093506
Epoch: 3213, Loss: 5.744982719421387
Epoch: 3214, Loss: 5.745205879211426
Epoch: 3215, Loss: 5.719395637512207
Epoch: 3216, Loss: 5.733076095581055
Epoch: 3217, Loss: 5.739392280578613
Epoch: 3218, Loss: 5.701762676239014
Epoch: 3219, Loss: 5.733675003051758
Epoch: 3220, Loss: 5.733985900878906
Test acc: 0.0117, IC acc: 0.014, IC acc2: 0.0034, IW acc: 0.003
Epoch: 3221, Loss: 5.736396789550781
Epoch: 3222, Loss: 5.742289066314697
Epoch: 3223, Loss: 5.72891902923584
Epoch: 3224, Loss: 5.747878074645996
Epoch: 3225, Loss: 5.74306583404541
Epoch: 3226, Loss: 5.745977878570557
Epoch: 3227, Loss: 5.723536968231201
Epoch: 3228, Loss: 5.728571891784668
Epoch: 3229, Loss: 5.72352409362793
Epoch: 3230, Loss: 5.733497619628906
Test acc: 0.0118, IC acc: 0.0141, IC acc2: 0.0034, IW acc: 0.003
Epoch: 3231, Loss: 5.718868732452393
Epoch: 3232, Loss: 5.726396560668945
Epoch: 3233, Loss: 5.7261834144592285
Epoch: 3234, Loss: 5.714080333709717
Epoch: 3235, Loss: 5.728649139404297
Epoch: 3236, Loss: 5.747775554656982
Epoch: 3237, Loss: 5.716413497924805
Epoch: 3238, Loss: 5.752847671508789
Epoch: 3239, Loss: 5.731483459472656
Epoch: 3240, Loss: 5.735182762145996
Test acc: 0.0118, IC acc: 0.0141, IC acc2: 0.0034, IW acc: 0.003
Epoch: 3241, Loss: 5.733878135681152
Epoch: 3242, Loss: 5.732752323150635
Epoch: 3243, Loss: 5.717585563659668
Epoch: 3244, Loss: 5.749441146850586
Epoch: 3245, Loss: 5.732364654541016
Epoch: 3246, Loss: 5.736418724060059
Epoch: 3247, Loss: 5.728006362915039
Epoch: 3248, Loss: 5.726781845092773
Epoch: 3249, Loss: 5.720126152038574
./circuit_plots/Unrestricted Disentangled|Readout|CN=3|B0=0|B1=2|K=1280|L=320|p_B=0.75|p_C=0.75|B=2|eps=0|cf538942-d2b2-427e-876d-3ee26c12f82b/ already exists.
./circuit_plots/Unrestricted Disentangled|Readout|CN=3|B0=0|B1=2|K=1280|L=320|p_B=0.75|p_C=0.75|B=2|eps=0|cf538942-d2b2-427e-876d-3ee26c12f82b/ already exists.
./circuit_plots/Unrestricted Disentangled|Readout|CN=3|B0=0|B1=2|K=1280|L=320|p_B=0.75|p_C=0.75|B=2|eps=0|cf538942-d2b2-427e-876d-3ee26c12f82b/ already exists.
./circuit_plots/Unrestricted Disentangled|Readout|CN=3|B0=0|B1=2|K=1280|L=320|p_B=0.75|p_C=0.75|B=2|eps=0|cf538942-d2b2-427e-876d-3ee26c12f82b/ already exists.
./circuit_plots/Unrestricted Disentangled|Readout|CN=3|B0=0|B1=2|K=1280|L=320|p_B=0.75|p_C=0.75|B=2|eps=0|cf538942-d2b2-427e-876d-3ee26c12f82b/ already exists.
./circuit_plots/Unrestricted Disentangled|Readout|CN=3|B0=0|B1=2|K=1280|L=320|p_B=0.75|p_C=0.75|B=2|eps=0|cf538942-d2b2-427e-876d-3ee26c12f82b/ already exists.
./circuit_plots/Unrestricted Disentangled|Readout|CN=3|B0=0|B1=2|K=1280|L=320|p_B=0.75|p_C=0.75|B=2|eps=0|cf538942-d2b2-427e-876d-3ee26c12f82b/ already exists.
Epoch: 3250, Loss: 5.724067687988281
Test acc: 0.0119, IC acc: 0.0142, IC acc2: 0.0034, IW acc: 0.003
Epoch: 3251, Loss: 5.7419753074646
Epoch: 3252, Loss: 5.726709842681885
Epoch: 3253, Loss: 5.7126641273498535
Epoch: 3254, Loss: 5.721709251403809
Epoch: 3255, Loss: 5.7223711013793945
Epoch: 3256, Loss: 5.723384380340576
Epoch: 3257, Loss: 5.731585502624512
Epoch: 3258, Loss: 5.734160423278809
Epoch: 3259, Loss: 5.719026565551758
Epoch: 3260, Loss: 5.724334716796875
Test acc: 0.0122, IC acc: 0.0141, IC acc2: 0.0034, IW acc: 0.003
Epoch: 3261, Loss: 5.7415266036987305
Epoch: 3262, Loss: 5.729451656341553
Epoch: 3263, Loss: 5.730417251586914
Epoch: 3264, Loss: 5.74706506729126
Epoch: 3265, Loss: 5.695185661315918
Epoch: 3266, Loss: 5.732545852661133
Epoch: 3267, Loss: 5.725658416748047
Epoch: 3268, Loss: 5.714410781860352
Epoch: 3269, Loss: 5.749538898468018
Epoch: 3270, Loss: 5.704717636108398
Test acc: 0.0124, IC acc: 0.0143, IC acc2: 0.0033, IW acc: 0.003
Epoch: 3271, Loss: 5.736555576324463
Epoch: 3272, Loss: 5.733244895935059
Epoch: 3273, Loss: 5.757399559020996
Epoch: 3274, Loss: 5.726417541503906
Epoch: 3275, Loss: 5.722354412078857
Epoch: 3276, Loss: 5.724139213562012
Epoch: 3277, Loss: 5.740237236022949
Epoch: 3278, Loss: 5.740104675292969
Epoch: 3279, Loss: 5.712860107421875
Epoch: 3280, Loss: 5.716178894042969
Test acc: 0.0126, IC acc: 0.0143, IC acc2: 0.0034, IW acc: 0.003
Epoch: 3281, Loss: 5.714190483093262
Epoch: 3282, Loss: 5.717157363891602
Epoch: 3283, Loss: 5.717189788818359
Epoch: 3284, Loss: 5.725621223449707
Epoch: 3285, Loss: 5.735191345214844
Epoch: 3286, Loss: 5.722629547119141
Epoch: 3287, Loss: 5.739110946655273
Epoch: 3288, Loss: 5.736711502075195
Epoch: 3289, Loss: 5.727029800415039
Epoch: 3290, Loss: 5.729340076446533
Test acc: 0.0127, IC acc: 0.0144, IC acc2: 0.0034, IW acc: 0.003
Epoch: 3291, Loss: 5.724514961242676
Epoch: 3292, Loss: 5.71501350402832
Epoch: 3293, Loss: 5.725483417510986
Epoch: 3294, Loss: 5.723584175109863
Epoch: 3295, Loss: 5.740571975708008
Epoch: 3296, Loss: 5.7342634201049805
Epoch: 3297, Loss: 5.731142997741699
Epoch: 3298, Loss: 5.740044593811035
Epoch: 3299, Loss: 5.739968776702881
./circuit_plots/Unrestricted Disentangled|Readout|CN=3|B0=0|B1=2|K=1280|L=320|p_B=0.75|p_C=0.75|B=2|eps=0|cf538942-d2b2-427e-876d-3ee26c12f82b/ already exists.
./circuit_plots/Unrestricted Disentangled|Readout|CN=3|B0=0|B1=2|K=1280|L=320|p_B=0.75|p_C=0.75|B=2|eps=0|cf538942-d2b2-427e-876d-3ee26c12f82b/ already exists.
./circuit_plots/Unrestricted Disentangled|Readout|CN=3|B0=0|B1=2|K=1280|L=320|p_B=0.75|p_C=0.75|B=2|eps=0|cf538942-d2b2-427e-876d-3ee26c12f82b/ already exists.
./circuit_plots/Unrestricted Disentangled|Readout|CN=3|B0=0|B1=2|K=1280|L=320|p_B=0.75|p_C=0.75|B=2|eps=0|cf538942-d2b2-427e-876d-3ee26c12f82b/ already exists.
./circuit_plots/Unrestricted Disentangled|Readout|CN=3|B0=0|B1=2|K=1280|L=320|p_B=0.75|p_C=0.75|B=2|eps=0|cf538942-d2b2-427e-876d-3ee26c12f82b/ already exists.
./circuit_plots/Unrestricted Disentangled|Readout|CN=3|B0=0|B1=2|K=1280|L=320|p_B=0.75|p_C=0.75|B=2|eps=0|cf538942-d2b2-427e-876d-3ee26c12f82b/ already exists.
./circuit_plots/Unrestricted Disentangled|Readout|CN=3|B0=0|B1=2|K=1280|L=320|p_B=0.75|p_C=0.75|B=2|eps=0|cf538942-d2b2-427e-876d-3ee26c12f82b/ already exists.
Epoch: 3300, Loss: 5.742659568786621
Test acc: 0.0127, IC acc: 0.0143, IC acc2: 0.0034, IW acc: 0.003
Epoch: 3301, Loss: 5.734371185302734
Epoch: 3302, Loss: 5.727277755737305
Epoch: 3303, Loss: 5.731776714324951
Epoch: 3304, Loss: 5.734561443328857
Epoch: 3305, Loss: 5.738370895385742
Epoch: 3306, Loss: 5.73322057723999
Epoch: 3307, Loss: 5.72761344909668
Epoch: 3308, Loss: 5.729755401611328
Epoch: 3309, Loss: 5.744685173034668
Epoch: 3310, Loss: 5.732505798339844
Test acc: 0.0127, IC acc: 0.0146, IC acc2: 0.0034, IW acc: 0.003
Epoch: 3311, Loss: 5.714578628540039
Epoch: 3312, Loss: 5.735972881317139
Epoch: 3313, Loss: 5.735225677490234
Epoch: 3314, Loss: 5.742093086242676
Epoch: 3315, Loss: 5.726970672607422
Epoch: 3316, Loss: 5.726818084716797
Epoch: 3317, Loss: 5.748732566833496
Epoch: 3318, Loss: 5.722291946411133
Epoch: 3319, Loss: 5.736973762512207
Epoch: 3320, Loss: 5.730373382568359
Test acc: 0.0127, IC acc: 0.0147, IC acc2: 0.0034, IW acc: 0.003
Epoch: 3321, Loss: 5.739508152008057
Epoch: 3322, Loss: 5.7155256271362305
Epoch: 3323, Loss: 5.720489501953125
Epoch: 3324, Loss: 5.745067119598389
Epoch: 3325, Loss: 5.735958576202393
Epoch: 3326, Loss: 5.739531517028809
Epoch: 3327, Loss: 5.742973804473877
Epoch: 3328, Loss: 5.726443767547607
Epoch: 3329, Loss: 5.729204177856445
Epoch: 3330, Loss: 5.72409200668335
Test acc: 0.0127, IC acc: 0.0147, IC acc2: 0.0035, IW acc: 0.003
Epoch: 3331, Loss: 5.73793888092041
Epoch: 3332, Loss: 5.7437968254089355
Epoch: 3333, Loss: 5.748239517211914
Epoch: 3334, Loss: 5.7304840087890625
Epoch: 3335, Loss: 5.71295166015625
Epoch: 3336, Loss: 5.731205463409424
Epoch: 3337, Loss: 5.737120628356934
Epoch: 3338, Loss: 5.723268508911133
Epoch: 3339, Loss: 5.715874671936035
Epoch: 3340, Loss: 5.737646579742432
Test acc: 0.0128, IC acc: 0.0148, IC acc2: 0.0034, IW acc: 0.003
Epoch: 3341, Loss: 5.743250846862793
Epoch: 3342, Loss: 5.715482234954834
Epoch: 3343, Loss: 5.708982467651367
Epoch: 3344, Loss: 5.727741241455078
Epoch: 3345, Loss: 5.7210588455200195
Epoch: 3346, Loss: 5.746494293212891
Epoch: 3347, Loss: 5.742764949798584
Epoch: 3348, Loss: 5.718546390533447
Epoch: 3349, Loss: 5.7344770431518555
./circuit_plots/Unrestricted Disentangled|Readout|CN=3|B0=0|B1=2|K=1280|L=320|p_B=0.75|p_C=0.75|B=2|eps=0|cf538942-d2b2-427e-876d-3ee26c12f82b/ already exists.
./circuit_plots/Unrestricted Disentangled|Readout|CN=3|B0=0|B1=2|K=1280|L=320|p_B=0.75|p_C=0.75|B=2|eps=0|cf538942-d2b2-427e-876d-3ee26c12f82b/ already exists.
./circuit_plots/Unrestricted Disentangled|Readout|CN=3|B0=0|B1=2|K=1280|L=320|p_B=0.75|p_C=0.75|B=2|eps=0|cf538942-d2b2-427e-876d-3ee26c12f82b/ already exists.
./circuit_plots/Unrestricted Disentangled|Readout|CN=3|B0=0|B1=2|K=1280|L=320|p_B=0.75|p_C=0.75|B=2|eps=0|cf538942-d2b2-427e-876d-3ee26c12f82b/ already exists.
./circuit_plots/Unrestricted Disentangled|Readout|CN=3|B0=0|B1=2|K=1280|L=320|p_B=0.75|p_C=0.75|B=2|eps=0|cf538942-d2b2-427e-876d-3ee26c12f82b/ already exists.
./circuit_plots/Unrestricted Disentangled|Readout|CN=3|B0=0|B1=2|K=1280|L=320|p_B=0.75|p_C=0.75|B=2|eps=0|cf538942-d2b2-427e-876d-3ee26c12f82b/ already exists.
./circuit_plots/Unrestricted Disentangled|Readout|CN=3|B0=0|B1=2|K=1280|L=320|p_B=0.75|p_C=0.75|B=2|eps=0|cf538942-d2b2-427e-876d-3ee26c12f82b/ already exists.
Epoch: 3350, Loss: 5.723876476287842
Test acc: 0.0128, IC acc: 0.0151, IC acc2: 0.0034, IW acc: 0.0031
Epoch: 3351, Loss: 5.715648651123047
Epoch: 3352, Loss: 5.747865676879883
Epoch: 3353, Loss: 5.727343559265137
Epoch: 3354, Loss: 5.7221174240112305
Epoch: 3355, Loss: 5.732906818389893
Epoch: 3356, Loss: 5.74964714050293
Epoch: 3357, Loss: 5.733709335327148
Epoch: 3358, Loss: 5.73079252243042
Epoch: 3359, Loss: 5.750933647155762
Epoch: 3360, Loss: 5.724508285522461
Test acc: 0.0129, IC acc: 0.0152, IC acc2: 0.0035, IW acc: 0.0031
Epoch: 3361, Loss: 5.7273054122924805
Epoch: 3362, Loss: 5.740410804748535
Epoch: 3363, Loss: 5.723144054412842
Epoch: 3364, Loss: 5.719195365905762
Epoch: 3365, Loss: 5.739484786987305
Epoch: 3366, Loss: 5.736125946044922
Epoch: 3367, Loss: 5.729909420013428
Epoch: 3368, Loss: 5.745302200317383
Epoch: 3369, Loss: 5.737305641174316
Epoch: 3370, Loss: 5.7281317710876465
Test acc: 0.0131, IC acc: 0.015, IC acc2: 0.0035, IW acc: 0.0031
Epoch: 3371, Loss: 5.735820770263672
Epoch: 3372, Loss: 5.716471195220947
Epoch: 3373, Loss: 5.723715782165527
Epoch: 3374, Loss: 5.734741687774658
Epoch: 3375, Loss: 5.737832069396973
Epoch: 3376, Loss: 5.72833251953125
Epoch: 3377, Loss: 5.746332168579102
Epoch: 3378, Loss: 5.727678298950195
Epoch: 3379, Loss: 5.726705074310303
Epoch: 3380, Loss: 5.7339019775390625
Test acc: 0.0133, IC acc: 0.015, IC acc2: 0.0034, IW acc: 0.0031
Epoch: 3381, Loss: 5.722157001495361
Epoch: 3382, Loss: 5.711225509643555
Epoch: 3383, Loss: 5.725396633148193
Epoch: 3384, Loss: 5.72927188873291
Epoch: 3385, Loss: 5.710751533508301
Epoch: 3386, Loss: 5.715537071228027
Epoch: 3387, Loss: 5.7227091789245605
Epoch: 3388, Loss: 5.74299430847168
Epoch: 3389, Loss: 5.7355055809021
Epoch: 3390, Loss: 5.732661247253418
Test acc: 0.0132, IC acc: 0.0151, IC acc2: 0.0034, IW acc: 0.003
Epoch: 3391, Loss: 5.7212371826171875
Epoch: 3392, Loss: 5.722274303436279
Epoch: 3393, Loss: 5.734031677246094
Epoch: 3394, Loss: 5.730046272277832
Epoch: 3395, Loss: 5.7318949699401855
Epoch: 3396, Loss: 5.736929416656494
Epoch: 3397, Loss: 5.719635486602783
Epoch: 3398, Loss: 5.730010509490967
Epoch: 3399, Loss: 5.729659080505371
./circuit_plots/Unrestricted Disentangled|Readout|CN=3|B0=0|B1=2|K=1280|L=320|p_B=0.75|p_C=0.75|B=2|eps=0|cf538942-d2b2-427e-876d-3ee26c12f82b/ already exists.
./circuit_plots/Unrestricted Disentangled|Readout|CN=3|B0=0|B1=2|K=1280|L=320|p_B=0.75|p_C=0.75|B=2|eps=0|cf538942-d2b2-427e-876d-3ee26c12f82b/ already exists.
./circuit_plots/Unrestricted Disentangled|Readout|CN=3|B0=0|B1=2|K=1280|L=320|p_B=0.75|p_C=0.75|B=2|eps=0|cf538942-d2b2-427e-876d-3ee26c12f82b/ already exists.
./circuit_plots/Unrestricted Disentangled|Readout|CN=3|B0=0|B1=2|K=1280|L=320|p_B=0.75|p_C=0.75|B=2|eps=0|cf538942-d2b2-427e-876d-3ee26c12f82b/ already exists.
./circuit_plots/Unrestricted Disentangled|Readout|CN=3|B0=0|B1=2|K=1280|L=320|p_B=0.75|p_C=0.75|B=2|eps=0|cf538942-d2b2-427e-876d-3ee26c12f82b/ already exists.
./circuit_plots/Unrestricted Disentangled|Readout|CN=3|B0=0|B1=2|K=1280|L=320|p_B=0.75|p_C=0.75|B=2|eps=0|cf538942-d2b2-427e-876d-3ee26c12f82b/ already exists.
./circuit_plots/Unrestricted Disentangled|Readout|CN=3|B0=0|B1=2|K=1280|L=320|p_B=0.75|p_C=0.75|B=2|eps=0|cf538942-d2b2-427e-876d-3ee26c12f82b/ already exists.
Epoch: 3400, Loss: 5.732398986816406
Test acc: 0.0133, IC acc: 0.0151, IC acc2: 0.0034, IW acc: 0.003
Epoch: 3401, Loss: 5.723628044128418
Epoch: 3402, Loss: 5.734490394592285
Epoch: 3403, Loss: 5.732425689697266
Epoch: 3404, Loss: 5.725307941436768
Epoch: 3405, Loss: 5.728804588317871
Epoch: 3406, Loss: 5.735311508178711
Epoch: 3407, Loss: 5.733081817626953
Epoch: 3408, Loss: 5.722055435180664
Epoch: 3409, Loss: 5.745882987976074
Epoch: 3410, Loss: 5.744885444641113
Test acc: 0.0134, IC acc: 0.0152, IC acc2: 0.0034, IW acc: 0.0031
Epoch: 3411, Loss: 5.716062545776367
Epoch: 3412, Loss: 5.732537269592285
Epoch: 3413, Loss: 5.733917236328125
Epoch: 3414, Loss: 5.740880012512207
Epoch: 3415, Loss: 5.71757173538208
Epoch: 3416, Loss: 5.738038539886475
Epoch: 3417, Loss: 5.722072124481201
Epoch: 3418, Loss: 5.728009223937988
Epoch: 3419, Loss: 5.737584114074707
Epoch: 3420, Loss: 5.732638835906982
Test acc: 0.0134, IC acc: 0.0152, IC acc2: 0.0034, IW acc: 0.003
Epoch: 3421, Loss: 5.729669094085693
Epoch: 3422, Loss: 5.728072643280029
Epoch: 3423, Loss: 5.743049144744873
Epoch: 3424, Loss: 5.713067531585693
Epoch: 3425, Loss: 5.733119487762451
Epoch: 3426, Loss: 5.726205825805664
Epoch: 3427, Loss: 5.734344482421875
Epoch: 3428, Loss: 5.712599754333496
Epoch: 3429, Loss: 5.728971481323242
Epoch: 3430, Loss: 5.737861156463623
Test acc: 0.0134, IC acc: 0.0154, IC acc2: 0.0034, IW acc: 0.0031
Epoch: 3431, Loss: 5.725545883178711
Epoch: 3432, Loss: 5.729463577270508
Epoch: 3433, Loss: 5.731281757354736
Epoch: 3434, Loss: 5.734709739685059
Epoch: 3435, Loss: 5.759819507598877
Epoch: 3436, Loss: 5.727445125579834
Epoch: 3437, Loss: 5.720110893249512
Epoch: 3438, Loss: 5.7063469886779785
Epoch: 3439, Loss: 5.731025695800781
Epoch: 3440, Loss: 5.738925933837891
Test acc: 0.0135, IC acc: 0.0155, IC acc2: 0.0034, IW acc: 0.0031
Epoch: 3441, Loss: 5.72983455657959
Epoch: 3442, Loss: 5.717324256896973
Epoch: 3443, Loss: 5.722868919372559
Epoch: 3444, Loss: 5.732965469360352
Epoch: 3445, Loss: 5.721292495727539
Epoch: 3446, Loss: 5.727250099182129
Epoch: 3447, Loss: 5.729031562805176
Epoch: 3448, Loss: 5.732398509979248
Epoch: 3449, Loss: 5.734522342681885
./circuit_plots/Unrestricted Disentangled|Readout|CN=3|B0=0|B1=2|K=1280|L=320|p_B=0.75|p_C=0.75|B=2|eps=0|cf538942-d2b2-427e-876d-3ee26c12f82b/ already exists.
./circuit_plots/Unrestricted Disentangled|Readout|CN=3|B0=0|B1=2|K=1280|L=320|p_B=0.75|p_C=0.75|B=2|eps=0|cf538942-d2b2-427e-876d-3ee26c12f82b/ already exists.
./circuit_plots/Unrestricted Disentangled|Readout|CN=3|B0=0|B1=2|K=1280|L=320|p_B=0.75|p_C=0.75|B=2|eps=0|cf538942-d2b2-427e-876d-3ee26c12f82b/ already exists.
./circuit_plots/Unrestricted Disentangled|Readout|CN=3|B0=0|B1=2|K=1280|L=320|p_B=0.75|p_C=0.75|B=2|eps=0|cf538942-d2b2-427e-876d-3ee26c12f82b/ already exists.
./circuit_plots/Unrestricted Disentangled|Readout|CN=3|B0=0|B1=2|K=1280|L=320|p_B=0.75|p_C=0.75|B=2|eps=0|cf538942-d2b2-427e-876d-3ee26c12f82b/ already exists.
./circuit_plots/Unrestricted Disentangled|Readout|CN=3|B0=0|B1=2|K=1280|L=320|p_B=0.75|p_C=0.75|B=2|eps=0|cf538942-d2b2-427e-876d-3ee26c12f82b/ already exists.
./circuit_plots/Unrestricted Disentangled|Readout|CN=3|B0=0|B1=2|K=1280|L=320|p_B=0.75|p_C=0.75|B=2|eps=0|cf538942-d2b2-427e-876d-3ee26c12f82b/ already exists.
Epoch: 3450, Loss: 5.7288923263549805
Test acc: 0.0134, IC acc: 0.0155, IC acc2: 0.0034, IW acc: 0.0031
Epoch: 3451, Loss: 5.750014781951904
Epoch: 3452, Loss: 5.726195812225342
Epoch: 3453, Loss: 5.72800350189209
Epoch: 3454, Loss: 5.7307891845703125
Epoch: 3455, Loss: 5.741262435913086
Epoch: 3456, Loss: 5.731103897094727
Epoch: 3457, Loss: 5.7196807861328125
Epoch: 3458, Loss: 5.745889663696289
Epoch: 3459, Loss: 5.723450183868408
Epoch: 3460, Loss: 5.732315540313721
Test acc: 0.0134, IC acc: 0.0155, IC acc2: 0.0034, IW acc: 0.0031
Epoch: 3461, Loss: 5.73683500289917
Epoch: 3462, Loss: 5.721706390380859
Epoch: 3463, Loss: 5.733718395233154
Epoch: 3464, Loss: 5.724969863891602
Epoch: 3465, Loss: 5.74314546585083
Epoch: 3466, Loss: 5.737398147583008
Epoch: 3467, Loss: 5.731359004974365
Epoch: 3468, Loss: 5.7249627113342285
Epoch: 3469, Loss: 5.731273174285889
Epoch: 3470, Loss: 5.731644630432129
Test acc: 0.0135, IC acc: 0.0156, IC acc2: 0.0034, IW acc: 0.0031
Epoch: 3471, Loss: 5.722898483276367
Epoch: 3472, Loss: 5.723491668701172
Epoch: 3473, Loss: 5.729839324951172
Epoch: 3474, Loss: 5.736649513244629
Epoch: 3475, Loss: 5.71537971496582
Epoch: 3476, Loss: 5.726183891296387
Epoch: 3477, Loss: 5.7404584884643555
Epoch: 3478, Loss: 5.730273723602295
Epoch: 3479, Loss: 5.71062707901001
Epoch: 3480, Loss: 5.724478721618652
Test acc: 0.014, IC acc: 0.0156, IC acc2: 0.0034, IW acc: 0.0031
Epoch: 3481, Loss: 5.728231906890869
Epoch: 3482, Loss: 5.737518787384033
Epoch: 3483, Loss: 5.719159126281738
Epoch: 3484, Loss: 5.729835510253906
Epoch: 3485, Loss: 5.738545894622803
Epoch: 3486, Loss: 5.727359771728516
Epoch: 3487, Loss: 5.72661828994751
Epoch: 3488, Loss: 5.734291076660156
Epoch: 3489, Loss: 5.725786209106445
Epoch: 3490, Loss: 5.728064060211182
Test acc: 0.014, IC acc: 0.0158, IC acc2: 0.0034, IW acc: 0.0031
Epoch: 3491, Loss: 5.722844123840332
Epoch: 3492, Loss: 5.750267505645752
Epoch: 3493, Loss: 5.725654602050781
Epoch: 3494, Loss: 5.721457481384277
Epoch: 3495, Loss: 5.729701519012451
Epoch: 3496, Loss: 5.711022853851318
Epoch: 3497, Loss: 5.728751182556152
Epoch: 3498, Loss: 5.739095687866211
Epoch: 3499, Loss: 5.730382919311523
./circuit_plots/Unrestricted Disentangled|Readout|CN=3|B0=0|B1=2|K=1280|L=320|p_B=0.75|p_C=0.75|B=2|eps=0|cf538942-d2b2-427e-876d-3ee26c12f82b/ already exists.
./circuit_plots/Unrestricted Disentangled|Readout|CN=3|B0=0|B1=2|K=1280|L=320|p_B=0.75|p_C=0.75|B=2|eps=0|cf538942-d2b2-427e-876d-3ee26c12f82b/ already exists.
./circuit_plots/Unrestricted Disentangled|Readout|CN=3|B0=0|B1=2|K=1280|L=320|p_B=0.75|p_C=0.75|B=2|eps=0|cf538942-d2b2-427e-876d-3ee26c12f82b/ already exists.
./circuit_plots/Unrestricted Disentangled|Readout|CN=3|B0=0|B1=2|K=1280|L=320|p_B=0.75|p_C=0.75|B=2|eps=0|cf538942-d2b2-427e-876d-3ee26c12f82b/ already exists.
./circuit_plots/Unrestricted Disentangled|Readout|CN=3|B0=0|B1=2|K=1280|L=320|p_B=0.75|p_C=0.75|B=2|eps=0|cf538942-d2b2-427e-876d-3ee26c12f82b/ already exists.
./circuit_plots/Unrestricted Disentangled|Readout|CN=3|B0=0|B1=2|K=1280|L=320|p_B=0.75|p_C=0.75|B=2|eps=0|cf538942-d2b2-427e-876d-3ee26c12f82b/ already exists.
./circuit_plots/Unrestricted Disentangled|Readout|CN=3|B0=0|B1=2|K=1280|L=320|p_B=0.75|p_C=0.75|B=2|eps=0|cf538942-d2b2-427e-876d-3ee26c12f82b/ already exists.
Epoch: 3500, Loss: 5.7107720375061035
Test acc: 0.0139, IC acc: 0.0159, IC acc2: 0.0034, IW acc: 0.0031
Epoch: 3501, Loss: 5.742943286895752
Epoch: 3502, Loss: 5.719882488250732
Epoch: 3503, Loss: 5.735297203063965
Epoch: 3504, Loss: 5.7346272468566895
Epoch: 3505, Loss: 5.724967002868652
Epoch: 3506, Loss: 5.741643905639648
Epoch: 3507, Loss: 5.712586879730225
Epoch: 3508, Loss: 5.7326788902282715
Epoch: 3509, Loss: 5.713602542877197
Epoch: 3510, Loss: 5.726757049560547
Test acc: 0.0138, IC acc: 0.016, IC acc2: 0.0034, IW acc: 0.0031
Epoch: 3511, Loss: 5.7433624267578125
Epoch: 3512, Loss: 5.726116180419922
Epoch: 3513, Loss: 5.747377872467041
Epoch: 3514, Loss: 5.732236862182617
Epoch: 3515, Loss: 5.728402614593506
Epoch: 3516, Loss: 5.736252784729004
Epoch: 3517, Loss: 5.7349748611450195
Epoch: 3518, Loss: 5.732763290405273
Epoch: 3519, Loss: 5.731287956237793
Epoch: 3520, Loss: 5.71450138092041
Test acc: 0.0137, IC acc: 0.016, IC acc2: 0.0034, IW acc: 0.0032
Epoch: 3521, Loss: 5.728823661804199
Epoch: 3522, Loss: 5.7327375411987305
Epoch: 3523, Loss: 5.736905097961426
Epoch: 3524, Loss: 5.715476036071777
Epoch: 3525, Loss: 5.702893257141113
Epoch: 3526, Loss: 5.731075763702393
Epoch: 3527, Loss: 5.735197067260742
Epoch: 3528, Loss: 5.724577903747559
Epoch: 3529, Loss: 5.7259979248046875
Epoch: 3530, Loss: 5.722447395324707
Test acc: 0.0137, IC acc: 0.016, IC acc2: 0.0034, IW acc: 0.0032
Epoch: 3531, Loss: 5.715648174285889
Epoch: 3532, Loss: 5.723928451538086
Epoch: 3533, Loss: 5.73608922958374
Epoch: 3534, Loss: 5.720867156982422
Epoch: 3535, Loss: 5.726086616516113
Epoch: 3536, Loss: 5.728141784667969
Epoch: 3537, Loss: 5.73164176940918
Epoch: 3538, Loss: 5.728644371032715
Epoch: 3539, Loss: 5.722806453704834
Epoch: 3540, Loss: 5.741652965545654
Test acc: 0.0137, IC acc: 0.016, IC acc2: 0.0034, IW acc: 0.0032
Epoch: 3541, Loss: 5.734258651733398
Epoch: 3542, Loss: 5.742348670959473
Epoch: 3543, Loss: 5.733379364013672
Epoch: 3544, Loss: 5.72416877746582
Epoch: 3545, Loss: 5.728473663330078
Epoch: 3546, Loss: 5.735903739929199
Epoch: 3547, Loss: 5.71403694152832
Epoch: 3548, Loss: 5.731799125671387
Epoch: 3549, Loss: 5.721545696258545
./circuit_plots/Unrestricted Disentangled|Readout|CN=3|B0=0|B1=2|K=1280|L=320|p_B=0.75|p_C=0.75|B=2|eps=0|cf538942-d2b2-427e-876d-3ee26c12f82b/ already exists.
./circuit_plots/Unrestricted Disentangled|Readout|CN=3|B0=0|B1=2|K=1280|L=320|p_B=0.75|p_C=0.75|B=2|eps=0|cf538942-d2b2-427e-876d-3ee26c12f82b/ already exists.
./circuit_plots/Unrestricted Disentangled|Readout|CN=3|B0=0|B1=2|K=1280|L=320|p_B=0.75|p_C=0.75|B=2|eps=0|cf538942-d2b2-427e-876d-3ee26c12f82b/ already exists.
./circuit_plots/Unrestricted Disentangled|Readout|CN=3|B0=0|B1=2|K=1280|L=320|p_B=0.75|p_C=0.75|B=2|eps=0|cf538942-d2b2-427e-876d-3ee26c12f82b/ already exists.
./circuit_plots/Unrestricted Disentangled|Readout|CN=3|B0=0|B1=2|K=1280|L=320|p_B=0.75|p_C=0.75|B=2|eps=0|cf538942-d2b2-427e-876d-3ee26c12f82b/ already exists.
./circuit_plots/Unrestricted Disentangled|Readout|CN=3|B0=0|B1=2|K=1280|L=320|p_B=0.75|p_C=0.75|B=2|eps=0|cf538942-d2b2-427e-876d-3ee26c12f82b/ already exists.
./circuit_plots/Unrestricted Disentangled|Readout|CN=3|B0=0|B1=2|K=1280|L=320|p_B=0.75|p_C=0.75|B=2|eps=0|cf538942-d2b2-427e-876d-3ee26c12f82b/ already exists.
Epoch: 3550, Loss: 5.766207695007324
Test acc: 0.0138, IC acc: 0.0161, IC acc2: 0.0034, IW acc: 0.0032
Epoch: 3551, Loss: 5.720781326293945
Epoch: 3552, Loss: 5.709827899932861
Epoch: 3553, Loss: 5.712008476257324
Epoch: 3554, Loss: 5.7256927490234375
Epoch: 3555, Loss: 5.731871128082275
Epoch: 3556, Loss: 5.7423882484436035
Epoch: 3557, Loss: 5.717325210571289
Epoch: 3558, Loss: 5.736117362976074
Epoch: 3559, Loss: 5.714158058166504
Epoch: 3560, Loss: 5.710809707641602
Test acc: 0.0141, IC acc: 0.0161, IC acc2: 0.0034, IW acc: 0.0032
Epoch: 3561, Loss: 5.729836463928223
Epoch: 3562, Loss: 5.733262062072754
Epoch: 3563, Loss: 5.736800193786621
Epoch: 3564, Loss: 5.730477333068848
Epoch: 3565, Loss: 5.737129211425781
Epoch: 3566, Loss: 5.720654487609863
Epoch: 3567, Loss: 5.730510711669922
Epoch: 3568, Loss: 5.707573890686035
Epoch: 3569, Loss: 5.73355770111084
Epoch: 3570, Loss: 5.737274169921875
Test acc: 0.0142, IC acc: 0.0162, IC acc2: 0.0034, IW acc: 0.0032
Epoch: 3571, Loss: 5.736790657043457
Epoch: 3572, Loss: 5.735428810119629
Epoch: 3573, Loss: 5.733589172363281
Epoch: 3574, Loss: 5.72323751449585
Epoch: 3575, Loss: 5.734446048736572
Epoch: 3576, Loss: 5.730429172515869
Epoch: 3577, Loss: 5.743475914001465
Epoch: 3578, Loss: 5.710037708282471
Epoch: 3579, Loss: 5.717177391052246
Epoch: 3580, Loss: 5.719358444213867
Test acc: 0.0143, IC acc: 0.0163, IC acc2: 0.0034, IW acc: 0.0032
Epoch: 3581, Loss: 5.712652206420898
Epoch: 3582, Loss: 5.726085186004639
Epoch: 3583, Loss: 5.737549781799316
Epoch: 3584, Loss: 5.737428665161133
Epoch: 3585, Loss: 5.720701694488525
Epoch: 3586, Loss: 5.731389999389648
Epoch: 3587, Loss: 5.717194557189941
Epoch: 3588, Loss: 5.724781036376953
Epoch: 3589, Loss: 5.72050142288208
Epoch: 3590, Loss: 5.731138229370117
Test acc: 0.0144, IC acc: 0.0163, IC acc2: 0.0034, IW acc: 0.0032
Epoch: 3591, Loss: 5.723293304443359
Epoch: 3592, Loss: 5.737838268280029
Epoch: 3593, Loss: 5.711677551269531
Epoch: 3594, Loss: 5.725502967834473
Epoch: 3595, Loss: 5.729945659637451
Epoch: 3596, Loss: 5.726037979125977
Epoch: 3597, Loss: 5.716675758361816
Epoch: 3598, Loss: 5.737051963806152
Epoch: 3599, Loss: 5.7314348220825195
./circuit_plots/Unrestricted Disentangled|Readout|CN=3|B0=0|B1=2|K=1280|L=320|p_B=0.75|p_C=0.75|B=2|eps=0|cf538942-d2b2-427e-876d-3ee26c12f82b/ already exists.
./circuit_plots/Unrestricted Disentangled|Readout|CN=3|B0=0|B1=2|K=1280|L=320|p_B=0.75|p_C=0.75|B=2|eps=0|cf538942-d2b2-427e-876d-3ee26c12f82b/ already exists.
./circuit_plots/Unrestricted Disentangled|Readout|CN=3|B0=0|B1=2|K=1280|L=320|p_B=0.75|p_C=0.75|B=2|eps=0|cf538942-d2b2-427e-876d-3ee26c12f82b/ already exists.
./circuit_plots/Unrestricted Disentangled|Readout|CN=3|B0=0|B1=2|K=1280|L=320|p_B=0.75|p_C=0.75|B=2|eps=0|cf538942-d2b2-427e-876d-3ee26c12f82b/ already exists.
./circuit_plots/Unrestricted Disentangled|Readout|CN=3|B0=0|B1=2|K=1280|L=320|p_B=0.75|p_C=0.75|B=2|eps=0|cf538942-d2b2-427e-876d-3ee26c12f82b/ already exists.
./circuit_plots/Unrestricted Disentangled|Readout|CN=3|B0=0|B1=2|K=1280|L=320|p_B=0.75|p_C=0.75|B=2|eps=0|cf538942-d2b2-427e-876d-3ee26c12f82b/ already exists.
./circuit_plots/Unrestricted Disentangled|Readout|CN=3|B0=0|B1=2|K=1280|L=320|p_B=0.75|p_C=0.75|B=2|eps=0|cf538942-d2b2-427e-876d-3ee26c12f82b/ already exists.
Epoch: 3600, Loss: 5.724271297454834
Test acc: 0.0144, IC acc: 0.0165, IC acc2: 0.0034, IW acc: 0.0032
Epoch: 3601, Loss: 5.707935333251953
Epoch: 3602, Loss: 5.7256669998168945
Epoch: 3603, Loss: 5.727434158325195
Epoch: 3604, Loss: 5.727431774139404
Epoch: 3605, Loss: 5.736020088195801
Epoch: 3606, Loss: 5.7212700843811035
Epoch: 3607, Loss: 5.7341389656066895
Epoch: 3608, Loss: 5.724763870239258
Epoch: 3609, Loss: 5.725043773651123
Epoch: 3610, Loss: 5.741103172302246
Test acc: 0.0145, IC acc: 0.0165, IC acc2: 0.0035, IW acc: 0.0032
Epoch: 3611, Loss: 5.726263999938965
Epoch: 3612, Loss: 5.727451324462891
Epoch: 3613, Loss: 5.716996669769287
Epoch: 3614, Loss: 5.709137439727783
Epoch: 3615, Loss: 5.737401008605957
Epoch: 3616, Loss: 5.701589107513428
Epoch: 3617, Loss: 5.733747959136963
Epoch: 3618, Loss: 5.7188897132873535
Epoch: 3619, Loss: 5.719280242919922
Epoch: 3620, Loss: 5.718753814697266
Test acc: 0.0149, IC acc: 0.0166, IC acc2: 0.0035, IW acc: 0.0032
Epoch: 3621, Loss: 5.726160049438477
Epoch: 3622, Loss: 5.718573570251465
Epoch: 3623, Loss: 5.725652694702148
Epoch: 3624, Loss: 5.725419044494629
Epoch: 3625, Loss: 5.723857402801514
Epoch: 3626, Loss: 5.748259544372559
Epoch: 3627, Loss: 5.721090316772461
Epoch: 3628, Loss: 5.7359700202941895
Epoch: 3629, Loss: 5.73317813873291
Epoch: 3630, Loss: 5.7415995597839355
Test acc: 0.0149, IC acc: 0.0164, IC acc2: 0.0035, IW acc: 0.0032
Epoch: 3631, Loss: 5.701244354248047
Epoch: 3632, Loss: 5.745103359222412
Epoch: 3633, Loss: 5.736715793609619
Epoch: 3634, Loss: 5.702910423278809
Epoch: 3635, Loss: 5.73555850982666
Epoch: 3636, Loss: 5.724767684936523
Epoch: 3637, Loss: 5.730985641479492
Epoch: 3638, Loss: 5.745179176330566
Epoch: 3639, Loss: 5.731390953063965
Epoch: 3640, Loss: 5.743847370147705
Test acc: 0.0149, IC acc: 0.0167, IC acc2: 0.0033, IW acc: 0.0032
Epoch: 3641, Loss: 5.720246315002441
Epoch: 3642, Loss: 5.743068695068359
Epoch: 3643, Loss: 5.737288475036621
Epoch: 3644, Loss: 5.719995021820068
Epoch: 3645, Loss: 5.736967086791992
Epoch: 3646, Loss: 5.7261834144592285
Epoch: 3647, Loss: 5.723025321960449
Epoch: 3648, Loss: 5.728030204772949
Epoch: 3649, Loss: 5.733874320983887
./circuit_plots/Unrestricted Disentangled|Readout|CN=3|B0=0|B1=2|K=1280|L=320|p_B=0.75|p_C=0.75|B=2|eps=0|cf538942-d2b2-427e-876d-3ee26c12f82b/ already exists.
./circuit_plots/Unrestricted Disentangled|Readout|CN=3|B0=0|B1=2|K=1280|L=320|p_B=0.75|p_C=0.75|B=2|eps=0|cf538942-d2b2-427e-876d-3ee26c12f82b/ already exists.
./circuit_plots/Unrestricted Disentangled|Readout|CN=3|B0=0|B1=2|K=1280|L=320|p_B=0.75|p_C=0.75|B=2|eps=0|cf538942-d2b2-427e-876d-3ee26c12f82b/ already exists.
./circuit_plots/Unrestricted Disentangled|Readout|CN=3|B0=0|B1=2|K=1280|L=320|p_B=0.75|p_C=0.75|B=2|eps=0|cf538942-d2b2-427e-876d-3ee26c12f82b/ already exists.
./circuit_plots/Unrestricted Disentangled|Readout|CN=3|B0=0|B1=2|K=1280|L=320|p_B=0.75|p_C=0.75|B=2|eps=0|cf538942-d2b2-427e-876d-3ee26c12f82b/ already exists.
./circuit_plots/Unrestricted Disentangled|Readout|CN=3|B0=0|B1=2|K=1280|L=320|p_B=0.75|p_C=0.75|B=2|eps=0|cf538942-d2b2-427e-876d-3ee26c12f82b/ already exists.
./circuit_plots/Unrestricted Disentangled|Readout|CN=3|B0=0|B1=2|K=1280|L=320|p_B=0.75|p_C=0.75|B=2|eps=0|cf538942-d2b2-427e-876d-3ee26c12f82b/ already exists.
Epoch: 3650, Loss: 5.717301845550537
Test acc: 0.0148, IC acc: 0.0165, IC acc2: 0.0034, IW acc: 0.0032
Epoch: 3651, Loss: 5.7237162590026855
Epoch: 3652, Loss: 5.72420597076416
Epoch: 3653, Loss: 5.73338508605957
Epoch: 3654, Loss: 5.729360580444336
Epoch: 3655, Loss: 5.746095657348633
Epoch: 3656, Loss: 5.705793857574463
Epoch: 3657, Loss: 5.752431869506836
Epoch: 3658, Loss: 5.719426155090332
Epoch: 3659, Loss: 5.735559940338135
Epoch: 3660, Loss: 5.714046478271484
Test acc: 0.0149, IC acc: 0.0166, IC acc2: 0.0034, IW acc: 0.0032
Epoch: 3661, Loss: 5.726277828216553
Epoch: 3662, Loss: 5.723275184631348
Epoch: 3663, Loss: 5.735034465789795
Epoch: 3664, Loss: 5.738531589508057
Epoch: 3665, Loss: 5.738378047943115
Epoch: 3666, Loss: 5.726044654846191
Epoch: 3667, Loss: 5.727890968322754
Epoch: 3668, Loss: 5.75124979019165
Epoch: 3669, Loss: 5.720662593841553
Epoch: 3670, Loss: 5.71506404876709
Test acc: 0.0151, IC acc: 0.0166, IC acc2: 0.0034, IW acc: 0.0032
Epoch: 3671, Loss: 5.715357780456543
Epoch: 3672, Loss: 5.736812591552734
Epoch: 3673, Loss: 5.722174644470215
Epoch: 3674, Loss: 5.723934173583984
Epoch: 3675, Loss: 5.727083683013916
Epoch: 3676, Loss: 5.73556661605835
Epoch: 3677, Loss: 5.733564853668213
Epoch: 3678, Loss: 5.716668128967285
Epoch: 3679, Loss: 5.727102756500244
Epoch: 3680, Loss: 5.720394134521484
Test acc: 0.0151, IC acc: 0.0167, IC acc2: 0.0035, IW acc: 0.0032
Epoch: 3681, Loss: 5.718010902404785
Epoch: 3682, Loss: 5.728572368621826
Epoch: 3683, Loss: 5.7347731590271
Epoch: 3684, Loss: 5.73232364654541
Epoch: 3685, Loss: 5.747432708740234
Epoch: 3686, Loss: 5.723973274230957
Epoch: 3687, Loss: 5.715662479400635
Epoch: 3688, Loss: 5.723445415496826
Epoch: 3689, Loss: 5.734551429748535
Epoch: 3690, Loss: 5.728094100952148
Test acc: 0.0151, IC acc: 0.0167, IC acc2: 0.0035, IW acc: 0.0032
Epoch: 3691, Loss: 5.7331061363220215
Epoch: 3692, Loss: 5.712554931640625
Epoch: 3693, Loss: 5.727837562561035
Epoch: 3694, Loss: 5.726269721984863
Epoch: 3695, Loss: 5.721338272094727
Epoch: 3696, Loss: 5.716951370239258
Epoch: 3697, Loss: 5.729428291320801
Epoch: 3698, Loss: 5.726624488830566
Epoch: 3699, Loss: 5.721546173095703
./circuit_plots/Unrestricted Disentangled|Readout|CN=3|B0=0|B1=2|K=1280|L=320|p_B=0.75|p_C=0.75|B=2|eps=0|cf538942-d2b2-427e-876d-3ee26c12f82b/ already exists.
./circuit_plots/Unrestricted Disentangled|Readout|CN=3|B0=0|B1=2|K=1280|L=320|p_B=0.75|p_C=0.75|B=2|eps=0|cf538942-d2b2-427e-876d-3ee26c12f82b/ already exists.
./circuit_plots/Unrestricted Disentangled|Readout|CN=3|B0=0|B1=2|K=1280|L=320|p_B=0.75|p_C=0.75|B=2|eps=0|cf538942-d2b2-427e-876d-3ee26c12f82b/ already exists.
./circuit_plots/Unrestricted Disentangled|Readout|CN=3|B0=0|B1=2|K=1280|L=320|p_B=0.75|p_C=0.75|B=2|eps=0|cf538942-d2b2-427e-876d-3ee26c12f82b/ already exists.
./circuit_plots/Unrestricted Disentangled|Readout|CN=3|B0=0|B1=2|K=1280|L=320|p_B=0.75|p_C=0.75|B=2|eps=0|cf538942-d2b2-427e-876d-3ee26c12f82b/ already exists.
./circuit_plots/Unrestricted Disentangled|Readout|CN=3|B0=0|B1=2|K=1280|L=320|p_B=0.75|p_C=0.75|B=2|eps=0|cf538942-d2b2-427e-876d-3ee26c12f82b/ already exists.
./circuit_plots/Unrestricted Disentangled|Readout|CN=3|B0=0|B1=2|K=1280|L=320|p_B=0.75|p_C=0.75|B=2|eps=0|cf538942-d2b2-427e-876d-3ee26c12f82b/ already exists.
Epoch: 3700, Loss: 5.709996223449707
Test acc: 0.015, IC acc: 0.0167, IC acc2: 0.0036, IW acc: 0.0033
Epoch: 3701, Loss: 5.739232540130615
Epoch: 3702, Loss: 5.726294994354248
Epoch: 3703, Loss: 5.736830711364746
Epoch: 3704, Loss: 5.737569332122803
Epoch: 3705, Loss: 5.720170021057129
Epoch: 3706, Loss: 5.708910942077637
Epoch: 3707, Loss: 5.7336649894714355
Epoch: 3708, Loss: 5.719429969787598
Epoch: 3709, Loss: 5.725275039672852
Epoch: 3710, Loss: 5.736673355102539
Test acc: 0.015, IC acc: 0.0167, IC acc2: 0.0035, IW acc: 0.0032
Epoch: 3711, Loss: 5.729350566864014
Epoch: 3712, Loss: 5.731146812438965
Epoch: 3713, Loss: 5.728030681610107
Epoch: 3714, Loss: 5.74449348449707
Epoch: 3715, Loss: 5.718334197998047
Epoch: 3716, Loss: 5.736065864562988
Epoch: 3717, Loss: 5.727068901062012
Epoch: 3718, Loss: 5.724915504455566
Epoch: 3719, Loss: 5.739083766937256
Epoch: 3720, Loss: 5.732011318206787
Test acc: 0.015, IC acc: 0.0169, IC acc2: 0.0035, IW acc: 0.0032
Epoch: 3721, Loss: 5.7530975341796875
Epoch: 3722, Loss: 5.731087684631348
Epoch: 3723, Loss: 5.734314918518066
Epoch: 3724, Loss: 5.732353210449219
Epoch: 3725, Loss: 5.725359916687012
Epoch: 3726, Loss: 5.726497173309326
Epoch: 3727, Loss: 5.720276355743408
Epoch: 3728, Loss: 5.710939407348633
Epoch: 3729, Loss: 5.705084800720215
Epoch: 3730, Loss: 5.720530033111572
Test acc: 0.0151, IC acc: 0.0169, IC acc2: 0.0035, IW acc: 0.0032
Epoch: 3731, Loss: 5.7231950759887695
Epoch: 3732, Loss: 5.731791019439697
Epoch: 3733, Loss: 5.723143577575684
Epoch: 3734, Loss: 5.7168779373168945
Epoch: 3735, Loss: 5.724323272705078
Epoch: 3736, Loss: 5.724449634552002
Epoch: 3737, Loss: 5.734124660491943
Epoch: 3738, Loss: 5.694645881652832
Epoch: 3739, Loss: 5.719949245452881
Epoch: 3740, Loss: 5.735137939453125
Test acc: 0.0151, IC acc: 0.0171, IC acc2: 0.0037, IW acc: 0.0032
Epoch: 3741, Loss: 5.752985954284668
Epoch: 3742, Loss: 5.723858833312988
Epoch: 3743, Loss: 5.746264457702637
Epoch: 3744, Loss: 5.716251373291016
Epoch: 3745, Loss: 5.732983112335205
Epoch: 3746, Loss: 5.737496376037598
Epoch: 3747, Loss: 5.743104934692383
Epoch: 3748, Loss: 5.69985294342041
Epoch: 3749, Loss: 5.712452411651611
./circuit_plots/Unrestricted Disentangled|Readout|CN=3|B0=0|B1=2|K=1280|L=320|p_B=0.75|p_C=0.75|B=2|eps=0|cf538942-d2b2-427e-876d-3ee26c12f82b/ already exists.
./circuit_plots/Unrestricted Disentangled|Readout|CN=3|B0=0|B1=2|K=1280|L=320|p_B=0.75|p_C=0.75|B=2|eps=0|cf538942-d2b2-427e-876d-3ee26c12f82b/ already exists.
./circuit_plots/Unrestricted Disentangled|Readout|CN=3|B0=0|B1=2|K=1280|L=320|p_B=0.75|p_C=0.75|B=2|eps=0|cf538942-d2b2-427e-876d-3ee26c12f82b/ already exists.
./circuit_plots/Unrestricted Disentangled|Readout|CN=3|B0=0|B1=2|K=1280|L=320|p_B=0.75|p_C=0.75|B=2|eps=0|cf538942-d2b2-427e-876d-3ee26c12f82b/ already exists.
./circuit_plots/Unrestricted Disentangled|Readout|CN=3|B0=0|B1=2|K=1280|L=320|p_B=0.75|p_C=0.75|B=2|eps=0|cf538942-d2b2-427e-876d-3ee26c12f82b/ already exists.
./circuit_plots/Unrestricted Disentangled|Readout|CN=3|B0=0|B1=2|K=1280|L=320|p_B=0.75|p_C=0.75|B=2|eps=0|cf538942-d2b2-427e-876d-3ee26c12f82b/ already exists.
./circuit_plots/Unrestricted Disentangled|Readout|CN=3|B0=0|B1=2|K=1280|L=320|p_B=0.75|p_C=0.75|B=2|eps=0|cf538942-d2b2-427e-876d-3ee26c12f82b/ already exists.
Epoch: 3750, Loss: 5.725365161895752
Test acc: 0.0151, IC acc: 0.0175, IC acc2: 0.0036, IW acc: 0.0031
Epoch: 3751, Loss: 5.713547229766846
Epoch: 3752, Loss: 5.728131294250488
Epoch: 3753, Loss: 5.718194484710693
Epoch: 3754, Loss: 5.717828273773193
Epoch: 3755, Loss: 5.729315757751465
Epoch: 3756, Loss: 5.726696968078613
Epoch: 3757, Loss: 5.713964939117432
Epoch: 3758, Loss: 5.729123592376709
Epoch: 3759, Loss: 5.7342705726623535
Epoch: 3760, Loss: 5.714062690734863
Test acc: 0.0151, IC acc: 0.0175, IC acc2: 0.0038, IW acc: 0.0031
Epoch: 3761, Loss: 5.724204063415527
Epoch: 3762, Loss: 5.730106353759766
Epoch: 3763, Loss: 5.7350358963012695
Epoch: 3764, Loss: 5.726774215698242
Epoch: 3765, Loss: 5.737460136413574
Epoch: 3766, Loss: 5.723504543304443
Epoch: 3767, Loss: 5.733463764190674
Epoch: 3768, Loss: 5.71998405456543
Epoch: 3769, Loss: 5.704285621643066
Epoch: 3770, Loss: 5.719364166259766
Test acc: 0.0151, IC acc: 0.0176, IC acc2: 0.0037, IW acc: 0.0031
Epoch: 3771, Loss: 5.710491180419922
Epoch: 3772, Loss: 5.727300643920898
Epoch: 3773, Loss: 5.717508316040039
Epoch: 3774, Loss: 5.73478889465332
Epoch: 3775, Loss: 5.7298808097839355
Epoch: 3776, Loss: 5.727873802185059
Epoch: 3777, Loss: 5.742204666137695
Epoch: 3778, Loss: 5.7291741371154785
Epoch: 3779, Loss: 5.728620529174805
Epoch: 3780, Loss: 5.726316452026367
Test acc: 0.0152, IC acc: 0.0176, IC acc2: 0.0039, IW acc: 0.0031
Epoch: 3781, Loss: 5.720085144042969
Epoch: 3782, Loss: 5.728886604309082
Epoch: 3783, Loss: 5.7271928787231445
Epoch: 3784, Loss: 5.723690986633301
Epoch: 3785, Loss: 5.710874557495117
Epoch: 3786, Loss: 5.730518341064453
Epoch: 3787, Loss: 5.7175726890563965
Epoch: 3788, Loss: 5.736227989196777
Epoch: 3789, Loss: 5.729744911193848
Epoch: 3790, Loss: 5.725640296936035
Test acc: 0.0152, IC acc: 0.0179, IC acc2: 0.0039, IW acc: 0.0031
Epoch: 3791, Loss: 5.704133033752441
Epoch: 3792, Loss: 5.7371134757995605
Epoch: 3793, Loss: 5.72127628326416
Epoch: 3794, Loss: 5.709961891174316
Epoch: 3795, Loss: 5.749385356903076
Epoch: 3796, Loss: 5.728544235229492
Epoch: 3797, Loss: 5.717173099517822
Epoch: 3798, Loss: 5.719087600708008
Epoch: 3799, Loss: 5.734615802764893
./circuit_plots/Unrestricted Disentangled|Readout|CN=3|B0=0|B1=2|K=1280|L=320|p_B=0.75|p_C=0.75|B=2|eps=0|cf538942-d2b2-427e-876d-3ee26c12f82b/ already exists.
./circuit_plots/Unrestricted Disentangled|Readout|CN=3|B0=0|B1=2|K=1280|L=320|p_B=0.75|p_C=0.75|B=2|eps=0|cf538942-d2b2-427e-876d-3ee26c12f82b/ already exists.
./circuit_plots/Unrestricted Disentangled|Readout|CN=3|B0=0|B1=2|K=1280|L=320|p_B=0.75|p_C=0.75|B=2|eps=0|cf538942-d2b2-427e-876d-3ee26c12f82b/ already exists.
./circuit_plots/Unrestricted Disentangled|Readout|CN=3|B0=0|B1=2|K=1280|L=320|p_B=0.75|p_C=0.75|B=2|eps=0|cf538942-d2b2-427e-876d-3ee26c12f82b/ already exists.
./circuit_plots/Unrestricted Disentangled|Readout|CN=3|B0=0|B1=2|K=1280|L=320|p_B=0.75|p_C=0.75|B=2|eps=0|cf538942-d2b2-427e-876d-3ee26c12f82b/ already exists.
./circuit_plots/Unrestricted Disentangled|Readout|CN=3|B0=0|B1=2|K=1280|L=320|p_B=0.75|p_C=0.75|B=2|eps=0|cf538942-d2b2-427e-876d-3ee26c12f82b/ already exists.
./circuit_plots/Unrestricted Disentangled|Readout|CN=3|B0=0|B1=2|K=1280|L=320|p_B=0.75|p_C=0.75|B=2|eps=0|cf538942-d2b2-427e-876d-3ee26c12f82b/ already exists.
Epoch: 3800, Loss: 5.711133003234863
Test acc: 0.0152, IC acc: 0.018, IC acc2: 0.0039, IW acc: 0.0031
Epoch: 3801, Loss: 5.732540130615234
Epoch: 3802, Loss: 5.727222442626953
Epoch: 3803, Loss: 5.733673095703125
Epoch: 3804, Loss: 5.725912094116211
Epoch: 3805, Loss: 5.740962982177734
Epoch: 3806, Loss: 5.745504379272461
Epoch: 3807, Loss: 5.7266950607299805
Epoch: 3808, Loss: 5.723261833190918
Epoch: 3809, Loss: 5.733999729156494
Epoch: 3810, Loss: 5.735489845275879
Test acc: 0.0152, IC acc: 0.0178, IC acc2: 0.0039, IW acc: 0.0031
Epoch: 3811, Loss: 5.727114677429199
Epoch: 3812, Loss: 5.724724769592285
Epoch: 3813, Loss: 5.726627349853516
Epoch: 3814, Loss: 5.724688529968262
Epoch: 3815, Loss: 5.720392227172852
Epoch: 3816, Loss: 5.736835956573486
Epoch: 3817, Loss: 5.734306335449219
Epoch: 3818, Loss: 5.714846134185791
Epoch: 3819, Loss: 5.727392673492432
Epoch: 3820, Loss: 5.709296226501465
Test acc: 0.0151, IC acc: 0.0181, IC acc2: 0.0039, IW acc: 0.0031
Epoch: 3821, Loss: 5.733188629150391
Epoch: 3822, Loss: 5.736880302429199
Epoch: 3823, Loss: 5.716569900512695
Epoch: 3824, Loss: 5.736021041870117
Epoch: 3825, Loss: 5.729251861572266
Epoch: 3826, Loss: 5.741798400878906
Epoch: 3827, Loss: 5.73513126373291
Epoch: 3828, Loss: 5.723270416259766
Epoch: 3829, Loss: 5.718099594116211
Epoch: 3830, Loss: 5.739316463470459
Test acc: 0.0153, IC acc: 0.0182, IC acc2: 0.0039, IW acc: 0.0031
Epoch: 3831, Loss: 5.728447914123535
Epoch: 3832, Loss: 5.7353081703186035
Epoch: 3833, Loss: 5.733139991760254
Epoch: 3834, Loss: 5.721761703491211
Epoch: 3835, Loss: 5.736572742462158
Epoch: 3836, Loss: 5.733808517456055
Epoch: 3837, Loss: 5.724514484405518
Epoch: 3838, Loss: 5.729101181030273
Epoch: 3839, Loss: 5.724063873291016
Epoch: 3840, Loss: 5.722828388214111
Test acc: 0.0153, IC acc: 0.0185, IC acc2: 0.0039, IW acc: 0.0031
Epoch: 3841, Loss: 5.719357013702393
Epoch: 3842, Loss: 5.7324323654174805
Epoch: 3843, Loss: 5.735573768615723
Epoch: 3844, Loss: 5.726807594299316
Epoch: 3845, Loss: 5.719533920288086
Epoch: 3846, Loss: 5.728791236877441
Epoch: 3847, Loss: 5.729190826416016
Epoch: 3848, Loss: 5.723608016967773
Epoch: 3849, Loss: 5.713393688201904
./circuit_plots/Unrestricted Disentangled|Readout|CN=3|B0=0|B1=2|K=1280|L=320|p_B=0.75|p_C=0.75|B=2|eps=0|cf538942-d2b2-427e-876d-3ee26c12f82b/ already exists.
./circuit_plots/Unrestricted Disentangled|Readout|CN=3|B0=0|B1=2|K=1280|L=320|p_B=0.75|p_C=0.75|B=2|eps=0|cf538942-d2b2-427e-876d-3ee26c12f82b/ already exists.
./circuit_plots/Unrestricted Disentangled|Readout|CN=3|B0=0|B1=2|K=1280|L=320|p_B=0.75|p_C=0.75|B=2|eps=0|cf538942-d2b2-427e-876d-3ee26c12f82b/ already exists.
./circuit_plots/Unrestricted Disentangled|Readout|CN=3|B0=0|B1=2|K=1280|L=320|p_B=0.75|p_C=0.75|B=2|eps=0|cf538942-d2b2-427e-876d-3ee26c12f82b/ already exists.
./circuit_plots/Unrestricted Disentangled|Readout|CN=3|B0=0|B1=2|K=1280|L=320|p_B=0.75|p_C=0.75|B=2|eps=0|cf538942-d2b2-427e-876d-3ee26c12f82b/ already exists.
./circuit_plots/Unrestricted Disentangled|Readout|CN=3|B0=0|B1=2|K=1280|L=320|p_B=0.75|p_C=0.75|B=2|eps=0|cf538942-d2b2-427e-876d-3ee26c12f82b/ already exists.
./circuit_plots/Unrestricted Disentangled|Readout|CN=3|B0=0|B1=2|K=1280|L=320|p_B=0.75|p_C=0.75|B=2|eps=0|cf538942-d2b2-427e-876d-3ee26c12f82b/ already exists.
Epoch: 3850, Loss: 5.734165191650391
Test acc: 0.0153, IC acc: 0.0186, IC acc2: 0.0039, IW acc: 0.0031
Epoch: 3851, Loss: 5.732052326202393
Epoch: 3852, Loss: 5.719194412231445
Epoch: 3853, Loss: 5.709935665130615
Epoch: 3854, Loss: 5.709303855895996
Epoch: 3855, Loss: 5.713650226593018
Epoch: 3856, Loss: 5.733049392700195
Epoch: 3857, Loss: 5.732814311981201
Epoch: 3858, Loss: 5.7144927978515625
Epoch: 3859, Loss: 5.730781078338623
Epoch: 3860, Loss: 5.724579334259033
Test acc: 0.0156, IC acc: 0.0188, IC acc2: 0.004, IW acc: 0.0031
Epoch: 3861, Loss: 5.741357803344727
Epoch: 3862, Loss: 5.728846549987793
Epoch: 3863, Loss: 5.704063415527344
Epoch: 3864, Loss: 5.737955093383789
Epoch: 3865, Loss: 5.737440586090088
Epoch: 3866, Loss: 5.7185516357421875
Epoch: 3867, Loss: 5.725580215454102
Epoch: 3868, Loss: 5.70964241027832
Epoch: 3869, Loss: 5.709852695465088
Epoch: 3870, Loss: 5.71422004699707
Test acc: 0.0157, IC acc: 0.0189, IC acc2: 0.0038, IW acc: 0.0031
Epoch: 3871, Loss: 5.742968559265137
Epoch: 3872, Loss: 5.742359161376953
Epoch: 3873, Loss: 5.717144012451172
Epoch: 3874, Loss: 5.732212066650391
Epoch: 3875, Loss: 5.730646133422852
Epoch: 3876, Loss: 5.720453262329102
Epoch: 3877, Loss: 5.716536521911621
Epoch: 3878, Loss: 5.7333478927612305
Epoch: 3879, Loss: 5.732461929321289
Epoch: 3880, Loss: 5.72198486328125
Test acc: 0.0158, IC acc: 0.019, IC acc2: 0.0038, IW acc: 0.0031
Epoch: 3881, Loss: 5.7109527587890625
Epoch: 3882, Loss: 5.736899375915527
Epoch: 3883, Loss: 5.730991363525391
Epoch: 3884, Loss: 5.730441570281982
Epoch: 3885, Loss: 5.727713584899902
Epoch: 3886, Loss: 5.730114936828613
Epoch: 3887, Loss: 5.7305402755737305
Epoch: 3888, Loss: 5.732711315155029
Epoch: 3889, Loss: 5.7247314453125
Epoch: 3890, Loss: 5.712329387664795
Test acc: 0.0157, IC acc: 0.019, IC acc2: 0.0038, IW acc: 0.0031
Epoch: 3891, Loss: 5.719989776611328
Epoch: 3892, Loss: 5.741718292236328
Epoch: 3893, Loss: 5.718290328979492
Epoch: 3894, Loss: 5.736135482788086
Epoch: 3895, Loss: 5.727641582489014
Epoch: 3896, Loss: 5.729290962219238
Epoch: 3897, Loss: 5.728705406188965
Epoch: 3898, Loss: 5.722521781921387
Epoch: 3899, Loss: 5.723454475402832
./circuit_plots/Unrestricted Disentangled|Readout|CN=3|B0=0|B1=2|K=1280|L=320|p_B=0.75|p_C=0.75|B=2|eps=0|cf538942-d2b2-427e-876d-3ee26c12f82b/ already exists.
./circuit_plots/Unrestricted Disentangled|Readout|CN=3|B0=0|B1=2|K=1280|L=320|p_B=0.75|p_C=0.75|B=2|eps=0|cf538942-d2b2-427e-876d-3ee26c12f82b/ already exists.
./circuit_plots/Unrestricted Disentangled|Readout|CN=3|B0=0|B1=2|K=1280|L=320|p_B=0.75|p_C=0.75|B=2|eps=0|cf538942-d2b2-427e-876d-3ee26c12f82b/ already exists.
./circuit_plots/Unrestricted Disentangled|Readout|CN=3|B0=0|B1=2|K=1280|L=320|p_B=0.75|p_C=0.75|B=2|eps=0|cf538942-d2b2-427e-876d-3ee26c12f82b/ already exists.
./circuit_plots/Unrestricted Disentangled|Readout|CN=3|B0=0|B1=2|K=1280|L=320|p_B=0.75|p_C=0.75|B=2|eps=0|cf538942-d2b2-427e-876d-3ee26c12f82b/ already exists.
./circuit_plots/Unrestricted Disentangled|Readout|CN=3|B0=0|B1=2|K=1280|L=320|p_B=0.75|p_C=0.75|B=2|eps=0|cf538942-d2b2-427e-876d-3ee26c12f82b/ already exists.
./circuit_plots/Unrestricted Disentangled|Readout|CN=3|B0=0|B1=2|K=1280|L=320|p_B=0.75|p_C=0.75|B=2|eps=0|cf538942-d2b2-427e-876d-3ee26c12f82b/ already exists.
Epoch: 3900, Loss: 5.723908424377441
Test acc: 0.0158, IC acc: 0.0193, IC acc2: 0.0038, IW acc: 0.0031
Epoch: 3901, Loss: 5.719802379608154
Epoch: 3902, Loss: 5.716708183288574
Epoch: 3903, Loss: 5.712972640991211
Epoch: 3904, Loss: 5.732550144195557
Epoch: 3905, Loss: 5.73335075378418
Epoch: 3906, Loss: 5.700240612030029
Epoch: 3907, Loss: 5.724816799163818
Epoch: 3908, Loss: 5.725604057312012
Epoch: 3909, Loss: 5.718756675720215
Epoch: 3910, Loss: 5.707948684692383
Test acc: 0.0159, IC acc: 0.0194, IC acc2: 0.0039, IW acc: 0.003
Epoch: 3911, Loss: 5.742278575897217
Epoch: 3912, Loss: 5.721177101135254
Epoch: 3913, Loss: 5.721604347229004
Epoch: 3914, Loss: 5.738940238952637
Epoch: 3915, Loss: 5.705679416656494
Epoch: 3916, Loss: 5.723501205444336
Epoch: 3917, Loss: 5.723911285400391
Epoch: 3918, Loss: 5.718838691711426
Epoch: 3919, Loss: 5.717302322387695
Epoch: 3920, Loss: 5.724160671234131
Test acc: 0.016, IC acc: 0.0196, IC acc2: 0.0039, IW acc: 0.0031
Epoch: 3921, Loss: 5.720674991607666
Epoch: 3922, Loss: 5.7326273918151855
Epoch: 3923, Loss: 5.709611892700195
Epoch: 3924, Loss: 5.714275360107422
Epoch: 3925, Loss: 5.7208075523376465
Epoch: 3926, Loss: 5.707785606384277
Epoch: 3927, Loss: 5.723629951477051
Epoch: 3928, Loss: 5.718262672424316
Epoch: 3929, Loss: 5.714003086090088
Epoch: 3930, Loss: 5.731283664703369
Test acc: 0.0159, IC acc: 0.0196, IC acc2: 0.0039, IW acc: 0.003
Epoch: 3931, Loss: 5.7080793380737305
Epoch: 3932, Loss: 5.727786064147949
Epoch: 3933, Loss: 5.724634170532227
Epoch: 3934, Loss: 5.736844062805176
Epoch: 3935, Loss: 5.707659721374512
Epoch: 3936, Loss: 5.7142839431762695
Epoch: 3937, Loss: 5.736292839050293
Epoch: 3938, Loss: 5.7351861000061035
Epoch: 3939, Loss: 5.727304458618164
Epoch: 3940, Loss: 5.730258941650391
Test acc: 0.0161, IC acc: 0.0196, IC acc2: 0.0039, IW acc: 0.003
Epoch: 3941, Loss: 5.719846725463867
Epoch: 3942, Loss: 5.737060546875
Epoch: 3943, Loss: 5.71204948425293
Epoch: 3944, Loss: 5.717872142791748
Epoch: 3945, Loss: 5.712005138397217
Epoch: 3946, Loss: 5.721116065979004
Epoch: 3947, Loss: 5.71694803237915
Epoch: 3948, Loss: 5.729870796203613
Epoch: 3949, Loss: 5.7015380859375
./circuit_plots/Unrestricted Disentangled|Readout|CN=3|B0=0|B1=2|K=1280|L=320|p_B=0.75|p_C=0.75|B=2|eps=0|cf538942-d2b2-427e-876d-3ee26c12f82b/ already exists.
./circuit_plots/Unrestricted Disentangled|Readout|CN=3|B0=0|B1=2|K=1280|L=320|p_B=0.75|p_C=0.75|B=2|eps=0|cf538942-d2b2-427e-876d-3ee26c12f82b/ already exists.
./circuit_plots/Unrestricted Disentangled|Readout|CN=3|B0=0|B1=2|K=1280|L=320|p_B=0.75|p_C=0.75|B=2|eps=0|cf538942-d2b2-427e-876d-3ee26c12f82b/ already exists.
./circuit_plots/Unrestricted Disentangled|Readout|CN=3|B0=0|B1=2|K=1280|L=320|p_B=0.75|p_C=0.75|B=2|eps=0|cf538942-d2b2-427e-876d-3ee26c12f82b/ already exists.
./circuit_plots/Unrestricted Disentangled|Readout|CN=3|B0=0|B1=2|K=1280|L=320|p_B=0.75|p_C=0.75|B=2|eps=0|cf538942-d2b2-427e-876d-3ee26c12f82b/ already exists.
./circuit_plots/Unrestricted Disentangled|Readout|CN=3|B0=0|B1=2|K=1280|L=320|p_B=0.75|p_C=0.75|B=2|eps=0|cf538942-d2b2-427e-876d-3ee26c12f82b/ already exists.
./circuit_plots/Unrestricted Disentangled|Readout|CN=3|B0=0|B1=2|K=1280|L=320|p_B=0.75|p_C=0.75|B=2|eps=0|cf538942-d2b2-427e-876d-3ee26c12f82b/ already exists.
Epoch: 3950, Loss: 5.716897964477539
Test acc: 0.0161, IC acc: 0.0197, IC acc2: 0.0039, IW acc: 0.003
Epoch: 3951, Loss: 5.719414234161377
Epoch: 3952, Loss: 5.727141857147217
Epoch: 3953, Loss: 5.742193222045898
Epoch: 3954, Loss: 5.724238872528076
Epoch: 3955, Loss: 5.722854137420654
Epoch: 3956, Loss: 5.734252452850342
Epoch: 3957, Loss: 5.709688186645508
Epoch: 3958, Loss: 5.748722553253174
Epoch: 3959, Loss: 5.723340034484863
Epoch: 3960, Loss: 5.723681926727295
Test acc: 0.0163, IC acc: 0.0199, IC acc2: 0.0039, IW acc: 0.003
Epoch: 3961, Loss: 5.723019123077393
Epoch: 3962, Loss: 5.730334758758545
Epoch: 3963, Loss: 5.730775833129883
Epoch: 3964, Loss: 5.731318473815918
Epoch: 3965, Loss: 5.717501640319824
Epoch: 3966, Loss: 5.725679874420166
Epoch: 3967, Loss: 5.723732948303223
Epoch: 3968, Loss: 5.719822883605957
Epoch: 3969, Loss: 5.74155330657959
Epoch: 3970, Loss: 5.731435298919678
Test acc: 0.0164, IC acc: 0.0201, IC acc2: 0.0039, IW acc: 0.003
Epoch: 3971, Loss: 5.706566333770752
Epoch: 3972, Loss: 5.7137908935546875
Epoch: 3973, Loss: 5.716857433319092
Epoch: 3974, Loss: 5.732203483581543
Epoch: 3975, Loss: 5.73060417175293
Epoch: 3976, Loss: 5.746191024780273
Epoch: 3977, Loss: 5.737534999847412
Epoch: 3978, Loss: 5.712408065795898
Epoch: 3979, Loss: 5.723886013031006
Epoch: 3980, Loss: 5.7154741287231445
Test acc: 0.0163, IC acc: 0.0202, IC acc2: 0.0039, IW acc: 0.003
Epoch: 3981, Loss: 5.709599494934082
Epoch: 3982, Loss: 5.716280937194824
Epoch: 3983, Loss: 5.728885650634766
Epoch: 3984, Loss: 5.702493190765381
Epoch: 3985, Loss: 5.73680305480957
Epoch: 3986, Loss: 5.707081317901611
Epoch: 3987, Loss: 5.725552082061768
Epoch: 3988, Loss: 5.729175567626953
Epoch: 3989, Loss: 5.7336506843566895
Epoch: 3990, Loss: 5.732806205749512
Test acc: 0.0163, IC acc: 0.0201, IC acc2: 0.0039, IW acc: 0.003
Epoch: 3991, Loss: 5.703607559204102
Epoch: 3992, Loss: 5.727360725402832
Epoch: 3993, Loss: 5.728424549102783
Epoch: 3994, Loss: 5.723409175872803
Epoch: 3995, Loss: 5.722783088684082
Epoch: 3996, Loss: 5.7265424728393555
Epoch: 3997, Loss: 5.7262773513793945
Epoch: 3998, Loss: 5.719771862030029
Epoch: 3999, Loss: 5.736221790313721
./circuit_plots/Unrestricted Disentangled|Readout|CN=3|B0=0|B1=2|K=1280|L=320|p_B=0.75|p_C=0.75|B=2|eps=0|cf538942-d2b2-427e-876d-3ee26c12f82b/ already exists.
./circuit_plots/Unrestricted Disentangled|Readout|CN=3|B0=0|B1=2|K=1280|L=320|p_B=0.75|p_C=0.75|B=2|eps=0|cf538942-d2b2-427e-876d-3ee26c12f82b/ already exists.
./circuit_plots/Unrestricted Disentangled|Readout|CN=3|B0=0|B1=2|K=1280|L=320|p_B=0.75|p_C=0.75|B=2|eps=0|cf538942-d2b2-427e-876d-3ee26c12f82b/ already exists.
./circuit_plots/Unrestricted Disentangled|Readout|CN=3|B0=0|B1=2|K=1280|L=320|p_B=0.75|p_C=0.75|B=2|eps=0|cf538942-d2b2-427e-876d-3ee26c12f82b/ already exists.
./circuit_plots/Unrestricted Disentangled|Readout|CN=3|B0=0|B1=2|K=1280|L=320|p_B=0.75|p_C=0.75|B=2|eps=0|cf538942-d2b2-427e-876d-3ee26c12f82b/ already exists.
./circuit_plots/Unrestricted Disentangled|Readout|CN=3|B0=0|B1=2|K=1280|L=320|p_B=0.75|p_C=0.75|B=2|eps=0|cf538942-d2b2-427e-876d-3ee26c12f82b/ already exists.
./circuit_plots/Unrestricted Disentangled|Readout|CN=3|B0=0|B1=2|K=1280|L=320|p_B=0.75|p_C=0.75|B=2|eps=0|cf538942-d2b2-427e-876d-3ee26c12f82b/ already exists.
Epoch: 4000, Loss: 5.7360382080078125
Test acc: 0.0165, IC acc: 0.0202, IC acc2: 0.0039, IW acc: 0.0029
Epoch: 4001, Loss: 5.729042053222656
Epoch: 4002, Loss: 5.707531452178955
Epoch: 4003, Loss: 5.7189226150512695
Epoch: 4004, Loss: 5.710360527038574
Epoch: 4005, Loss: 5.731771469116211
Epoch: 4006, Loss: 5.743138790130615
Epoch: 4007, Loss: 5.7079315185546875
Epoch: 4008, Loss: 5.716256141662598
Epoch: 4009, Loss: 5.722597122192383
Epoch: 4010, Loss: 5.727834701538086
Test acc: 0.0166, IC acc: 0.0204, IC acc2: 0.0039, IW acc: 0.0029
Epoch: 4011, Loss: 5.72315788269043
Epoch: 4012, Loss: 5.727066516876221
Epoch: 4013, Loss: 5.744839668273926
Epoch: 4014, Loss: 5.709941864013672
Epoch: 4015, Loss: 5.737461090087891
Epoch: 4016, Loss: 5.702144622802734
Epoch: 4017, Loss: 5.734099388122559
Epoch: 4018, Loss: 5.725251197814941
Epoch: 4019, Loss: 5.727533340454102
Epoch: 4020, Loss: 5.720452308654785
Test acc: 0.0168, IC acc: 0.0204, IC acc2: 0.0039, IW acc: 0.0029
Epoch: 4021, Loss: 5.708075046539307
Epoch: 4022, Loss: 5.727323055267334
Epoch: 4023, Loss: 5.7079877853393555
Epoch: 4024, Loss: 5.7233076095581055
Epoch: 4025, Loss: 5.715095520019531
Epoch: 4026, Loss: 5.722002029418945
Epoch: 4027, Loss: 5.729398727416992
Epoch: 4028, Loss: 5.7169413566589355
Epoch: 4029, Loss: 5.718036651611328
Epoch: 4030, Loss: 5.7242255210876465
Test acc: 0.0167, IC acc: 0.0204, IC acc2: 0.0039, IW acc: 0.0029
Epoch: 4031, Loss: 5.7099761962890625
Epoch: 4032, Loss: 5.7339863777160645
Epoch: 4033, Loss: 5.72013521194458
Epoch: 4034, Loss: 5.709597587585449
Epoch: 4035, Loss: 5.727632522583008
Epoch: 4036, Loss: 5.729303359985352
Epoch: 4037, Loss: 5.717887878417969
Epoch: 4038, Loss: 5.718385696411133
Epoch: 4039, Loss: 5.736380100250244
Epoch: 4040, Loss: 5.72105598449707
Test acc: 0.0168, IC acc: 0.0205, IC acc2: 0.0039, IW acc: 0.003
Epoch: 4041, Loss: 5.740879535675049
Epoch: 4042, Loss: 5.731982707977295
Epoch: 4043, Loss: 5.718561172485352
Epoch: 4044, Loss: 5.7338972091674805
Epoch: 4045, Loss: 5.724368095397949
Epoch: 4046, Loss: 5.7125630378723145
Epoch: 4047, Loss: 5.730281829833984
Epoch: 4048, Loss: 5.713512897491455
Epoch: 4049, Loss: 5.733482360839844
./circuit_plots/Unrestricted Disentangled|Readout|CN=3|B0=0|B1=2|K=1280|L=320|p_B=0.75|p_C=0.75|B=2|eps=0|cf538942-d2b2-427e-876d-3ee26c12f82b/ already exists.
./circuit_plots/Unrestricted Disentangled|Readout|CN=3|B0=0|B1=2|K=1280|L=320|p_B=0.75|p_C=0.75|B=2|eps=0|cf538942-d2b2-427e-876d-3ee26c12f82b/ already exists.
./circuit_plots/Unrestricted Disentangled|Readout|CN=3|B0=0|B1=2|K=1280|L=320|p_B=0.75|p_C=0.75|B=2|eps=0|cf538942-d2b2-427e-876d-3ee26c12f82b/ already exists.
./circuit_plots/Unrestricted Disentangled|Readout|CN=3|B0=0|B1=2|K=1280|L=320|p_B=0.75|p_C=0.75|B=2|eps=0|cf538942-d2b2-427e-876d-3ee26c12f82b/ already exists.
./circuit_plots/Unrestricted Disentangled|Readout|CN=3|B0=0|B1=2|K=1280|L=320|p_B=0.75|p_C=0.75|B=2|eps=0|cf538942-d2b2-427e-876d-3ee26c12f82b/ already exists.
./circuit_plots/Unrestricted Disentangled|Readout|CN=3|B0=0|B1=2|K=1280|L=320|p_B=0.75|p_C=0.75|B=2|eps=0|cf538942-d2b2-427e-876d-3ee26c12f82b/ already exists.
./circuit_plots/Unrestricted Disentangled|Readout|CN=3|B0=0|B1=2|K=1280|L=320|p_B=0.75|p_C=0.75|B=2|eps=0|cf538942-d2b2-427e-876d-3ee26c12f82b/ already exists.
Epoch: 4050, Loss: 5.72829532623291
Test acc: 0.0169, IC acc: 0.0207, IC acc2: 0.0039, IW acc: 0.003
Epoch: 4051, Loss: 5.712833404541016
Epoch: 4052, Loss: 5.713103294372559
Epoch: 4053, Loss: 5.7364301681518555
Epoch: 4054, Loss: 5.7221760749816895
Epoch: 4055, Loss: 5.731661796569824
Epoch: 4056, Loss: 5.71095085144043
Epoch: 4057, Loss: 5.697713851928711
Epoch: 4058, Loss: 5.727080345153809
Epoch: 4059, Loss: 5.712907791137695
Epoch: 4060, Loss: 5.732745170593262
Test acc: 0.0169, IC acc: 0.0206, IC acc2: 0.0039, IW acc: 0.003
Epoch: 4061, Loss: 5.726559638977051
Epoch: 4062, Loss: 5.716684818267822
Epoch: 4063, Loss: 5.715631484985352
Epoch: 4064, Loss: 5.706134796142578
Epoch: 4065, Loss: 5.727057456970215
Epoch: 4066, Loss: 5.73354959487915
Epoch: 4067, Loss: 5.720639228820801
Epoch: 4068, Loss: 5.709566593170166
Epoch: 4069, Loss: 5.697096347808838
Epoch: 4070, Loss: 5.713813781738281
Test acc: 0.0171, IC acc: 0.0208, IC acc2: 0.0038, IW acc: 0.003
Epoch: 4071, Loss: 5.701004505157471
Epoch: 4072, Loss: 5.716534614562988
Epoch: 4073, Loss: 5.739206314086914
Epoch: 4074, Loss: 5.730942726135254
Epoch: 4075, Loss: 5.732543468475342
Epoch: 4076, Loss: 5.719996452331543
Epoch: 4077, Loss: 5.721806526184082
Epoch: 4078, Loss: 5.714078426361084
Epoch: 4079, Loss: 5.715652942657471
Epoch: 4080, Loss: 5.719330310821533
Test acc: 0.0172, IC acc: 0.0209, IC acc2: 0.0037, IW acc: 0.003
Epoch: 4081, Loss: 5.708914279937744
Epoch: 4082, Loss: 5.7214579582214355
Epoch: 4083, Loss: 5.709535598754883
Epoch: 4084, Loss: 5.714832305908203
Epoch: 4085, Loss: 5.738694667816162
Epoch: 4086, Loss: 5.710934162139893
Epoch: 4087, Loss: 5.706303596496582
Epoch: 4088, Loss: 5.713286876678467
Epoch: 4089, Loss: 5.72747278213501
Epoch: 4090, Loss: 5.719377517700195
Test acc: 0.0172, IC acc: 0.0209, IC acc2: 0.0037, IW acc: 0.003
Epoch: 4091, Loss: 5.724008560180664
Epoch: 4092, Loss: 5.738068580627441
Epoch: 4093, Loss: 5.736264228820801
Epoch: 4094, Loss: 5.7134294509887695
Epoch: 4095, Loss: 5.735440254211426
Epoch: 4096, Loss: 5.72102689743042
Epoch: 4097, Loss: 5.729743957519531
Epoch: 4098, Loss: 5.7247209548950195
Epoch: 4099, Loss: 5.726492881774902
./circuit_plots/Unrestricted Disentangled|Readout|CN=3|B0=0|B1=2|K=1280|L=320|p_B=0.75|p_C=0.75|B=2|eps=0|cf538942-d2b2-427e-876d-3ee26c12f82b/ already exists.
./circuit_plots/Unrestricted Disentangled|Readout|CN=3|B0=0|B1=2|K=1280|L=320|p_B=0.75|p_C=0.75|B=2|eps=0|cf538942-d2b2-427e-876d-3ee26c12f82b/ already exists.
./circuit_plots/Unrestricted Disentangled|Readout|CN=3|B0=0|B1=2|K=1280|L=320|p_B=0.75|p_C=0.75|B=2|eps=0|cf538942-d2b2-427e-876d-3ee26c12f82b/ already exists.
./circuit_plots/Unrestricted Disentangled|Readout|CN=3|B0=0|B1=2|K=1280|L=320|p_B=0.75|p_C=0.75|B=2|eps=0|cf538942-d2b2-427e-876d-3ee26c12f82b/ already exists.
./circuit_plots/Unrestricted Disentangled|Readout|CN=3|B0=0|B1=2|K=1280|L=320|p_B=0.75|p_C=0.75|B=2|eps=0|cf538942-d2b2-427e-876d-3ee26c12f82b/ already exists.
./circuit_plots/Unrestricted Disentangled|Readout|CN=3|B0=0|B1=2|K=1280|L=320|p_B=0.75|p_C=0.75|B=2|eps=0|cf538942-d2b2-427e-876d-3ee26c12f82b/ already exists.
./circuit_plots/Unrestricted Disentangled|Readout|CN=3|B0=0|B1=2|K=1280|L=320|p_B=0.75|p_C=0.75|B=2|eps=0|cf538942-d2b2-427e-876d-3ee26c12f82b/ already exists.
Epoch: 4100, Loss: 5.725247859954834
Test acc: 0.0172, IC acc: 0.0209, IC acc2: 0.0037, IW acc: 0.003
Epoch: 4101, Loss: 5.727385520935059
Epoch: 4102, Loss: 5.717819690704346
Epoch: 4103, Loss: 5.725986480712891
Epoch: 4104, Loss: 5.716599464416504
Epoch: 4105, Loss: 5.722976207733154
Epoch: 4106, Loss: 5.722054481506348
Epoch: 4107, Loss: 5.715934753417969
Epoch: 4108, Loss: 5.74819278717041
Epoch: 4109, Loss: 5.709988117218018
Epoch: 4110, Loss: 5.709809303283691
Test acc: 0.0172, IC acc: 0.0212, IC acc2: 0.0037, IW acc: 0.003
Epoch: 4111, Loss: 5.720097541809082
Epoch: 4112, Loss: 5.71044921875
Epoch: 4113, Loss: 5.732823848724365
Epoch: 4114, Loss: 5.735369682312012
Epoch: 4115, Loss: 5.713788986206055
Epoch: 4116, Loss: 5.709114074707031
Epoch: 4117, Loss: 5.727566242218018
Epoch: 4118, Loss: 5.742753505706787
Epoch: 4119, Loss: 5.733165264129639
Epoch: 4120, Loss: 5.7415313720703125
Test acc: 0.0172, IC acc: 0.0211, IC acc2: 0.0037, IW acc: 0.003
Epoch: 4121, Loss: 5.735469818115234
Epoch: 4122, Loss: 5.724061012268066
Epoch: 4123, Loss: 5.718258380889893
Epoch: 4124, Loss: 5.725711345672607
Epoch: 4125, Loss: 5.726454734802246
Epoch: 4126, Loss: 5.710319995880127
Epoch: 4127, Loss: 5.735730171203613
Epoch: 4128, Loss: 5.718161582946777
Epoch: 4129, Loss: 5.722305774688721
Epoch: 4130, Loss: 5.718670845031738
Test acc: 0.0174, IC acc: 0.0209, IC acc2: 0.0037, IW acc: 0.003
Epoch: 4131, Loss: 5.736462593078613
Epoch: 4132, Loss: 5.7156219482421875
Epoch: 4133, Loss: 5.721977710723877
Epoch: 4134, Loss: 5.713523864746094
Epoch: 4135, Loss: 5.708051681518555
Epoch: 4136, Loss: 5.7102370262146
Epoch: 4137, Loss: 5.736539363861084
Epoch: 4138, Loss: 5.7223992347717285
Epoch: 4139, Loss: 5.716824054718018
Epoch: 4140, Loss: 5.729957580566406
Test acc: 0.0174, IC acc: 0.021, IC acc2: 0.0037, IW acc: 0.003
Epoch: 4141, Loss: 5.712571620941162
Epoch: 4142, Loss: 5.71825647354126
Epoch: 4143, Loss: 5.716829776763916
Epoch: 4144, Loss: 5.730071067810059
Epoch: 4145, Loss: 5.7244391441345215
Epoch: 4146, Loss: 5.73089599609375
Epoch: 4147, Loss: 5.724564552307129
Epoch: 4148, Loss: 5.728482246398926
Epoch: 4149, Loss: 5.722562789916992
./circuit_plots/Unrestricted Disentangled|Readout|CN=3|B0=0|B1=2|K=1280|L=320|p_B=0.75|p_C=0.75|B=2|eps=0|cf538942-d2b2-427e-876d-3ee26c12f82b/ already exists.
./circuit_plots/Unrestricted Disentangled|Readout|CN=3|B0=0|B1=2|K=1280|L=320|p_B=0.75|p_C=0.75|B=2|eps=0|cf538942-d2b2-427e-876d-3ee26c12f82b/ already exists.
./circuit_plots/Unrestricted Disentangled|Readout|CN=3|B0=0|B1=2|K=1280|L=320|p_B=0.75|p_C=0.75|B=2|eps=0|cf538942-d2b2-427e-876d-3ee26c12f82b/ already exists.
./circuit_plots/Unrestricted Disentangled|Readout|CN=3|B0=0|B1=2|K=1280|L=320|p_B=0.75|p_C=0.75|B=2|eps=0|cf538942-d2b2-427e-876d-3ee26c12f82b/ already exists.
./circuit_plots/Unrestricted Disentangled|Readout|CN=3|B0=0|B1=2|K=1280|L=320|p_B=0.75|p_C=0.75|B=2|eps=0|cf538942-d2b2-427e-876d-3ee26c12f82b/ already exists.
./circuit_plots/Unrestricted Disentangled|Readout|CN=3|B0=0|B1=2|K=1280|L=320|p_B=0.75|p_C=0.75|B=2|eps=0|cf538942-d2b2-427e-876d-3ee26c12f82b/ already exists.
./circuit_plots/Unrestricted Disentangled|Readout|CN=3|B0=0|B1=2|K=1280|L=320|p_B=0.75|p_C=0.75|B=2|eps=0|cf538942-d2b2-427e-876d-3ee26c12f82b/ already exists.
Epoch: 4150, Loss: 5.725070953369141
Test acc: 0.0175, IC acc: 0.0211, IC acc2: 0.0036, IW acc: 0.003
Epoch: 4151, Loss: 5.714958190917969
Epoch: 4152, Loss: 5.733964443206787
Epoch: 4153, Loss: 5.723178863525391
Epoch: 4154, Loss: 5.707526206970215
Epoch: 4155, Loss: 5.713863372802734
Epoch: 4156, Loss: 5.7173261642456055
Epoch: 4157, Loss: 5.727400302886963
Epoch: 4158, Loss: 5.734278678894043
Epoch: 4159, Loss: 5.718532562255859
Epoch: 4160, Loss: 5.722702503204346
Test acc: 0.0177, IC acc: 0.0213, IC acc2: 0.0036, IW acc: 0.003
Epoch: 4161, Loss: 5.706943511962891
Epoch: 4162, Loss: 5.711025238037109
Epoch: 4163, Loss: 5.728078365325928
Epoch: 4164, Loss: 5.70449686050415
Epoch: 4165, Loss: 5.713412284851074
Epoch: 4166, Loss: 5.715141773223877
Epoch: 4167, Loss: 5.734794616699219
Epoch: 4168, Loss: 5.732132911682129
Epoch: 4169, Loss: 5.707873821258545
Epoch: 4170, Loss: 5.7060441970825195
Test acc: 0.0176, IC acc: 0.0217, IC acc2: 0.0036, IW acc: 0.003
Epoch: 4171, Loss: 5.737334251403809
Epoch: 4172, Loss: 5.730142116546631
Epoch: 4173, Loss: 5.719365119934082
Epoch: 4174, Loss: 5.709521770477295
Epoch: 4175, Loss: 5.722480297088623
Epoch: 4176, Loss: 5.729550838470459
Epoch: 4177, Loss: 5.711117744445801
Epoch: 4178, Loss: 5.710718154907227
Epoch: 4179, Loss: 5.71002197265625
Epoch: 4180, Loss: 5.713983535766602
Test acc: 0.0177, IC acc: 0.0216, IC acc2: 0.0036, IW acc: 0.003
Epoch: 4181, Loss: 5.72398567199707
Epoch: 4182, Loss: 5.747251033782959
Epoch: 4183, Loss: 5.722025394439697
Epoch: 4184, Loss: 5.730081558227539
Epoch: 4185, Loss: 5.711040496826172
Epoch: 4186, Loss: 5.728466987609863
Epoch: 4187, Loss: 5.725970268249512
Epoch: 4188, Loss: 5.710986137390137
Epoch: 4189, Loss: 5.716087341308594
Epoch: 4190, Loss: 5.710948944091797
Test acc: 0.0178, IC acc: 0.0217, IC acc2: 0.0037, IW acc: 0.003
Epoch: 4191, Loss: 5.69776725769043
Epoch: 4192, Loss: 5.708712577819824
Epoch: 4193, Loss: 5.7168474197387695
Epoch: 4194, Loss: 5.721574783325195
Epoch: 4195, Loss: 5.717855453491211
Epoch: 4196, Loss: 5.716955184936523
Epoch: 4197, Loss: 5.709270477294922
Epoch: 4198, Loss: 5.709842681884766
Epoch: 4199, Loss: 5.716128349304199
./circuit_plots/Unrestricted Disentangled|Readout|CN=3|B0=0|B1=2|K=1280|L=320|p_B=0.75|p_C=0.75|B=2|eps=0|cf538942-d2b2-427e-876d-3ee26c12f82b/ already exists.
./circuit_plots/Unrestricted Disentangled|Readout|CN=3|B0=0|B1=2|K=1280|L=320|p_B=0.75|p_C=0.75|B=2|eps=0|cf538942-d2b2-427e-876d-3ee26c12f82b/ already exists.
./circuit_plots/Unrestricted Disentangled|Readout|CN=3|B0=0|B1=2|K=1280|L=320|p_B=0.75|p_C=0.75|B=2|eps=0|cf538942-d2b2-427e-876d-3ee26c12f82b/ already exists.
./circuit_plots/Unrestricted Disentangled|Readout|CN=3|B0=0|B1=2|K=1280|L=320|p_B=0.75|p_C=0.75|B=2|eps=0|cf538942-d2b2-427e-876d-3ee26c12f82b/ already exists.
./circuit_plots/Unrestricted Disentangled|Readout|CN=3|B0=0|B1=2|K=1280|L=320|p_B=0.75|p_C=0.75|B=2|eps=0|cf538942-d2b2-427e-876d-3ee26c12f82b/ already exists.
./circuit_plots/Unrestricted Disentangled|Readout|CN=3|B0=0|B1=2|K=1280|L=320|p_B=0.75|p_C=0.75|B=2|eps=0|cf538942-d2b2-427e-876d-3ee26c12f82b/ already exists.
./circuit_plots/Unrestricted Disentangled|Readout|CN=3|B0=0|B1=2|K=1280|L=320|p_B=0.75|p_C=0.75|B=2|eps=0|cf538942-d2b2-427e-876d-3ee26c12f82b/ already exists.
Epoch: 4200, Loss: 5.726320266723633
Test acc: 0.018, IC acc: 0.0221, IC acc2: 0.0036, IW acc: 0.003
Epoch: 4201, Loss: 5.70903205871582
Epoch: 4202, Loss: 5.722190856933594
Epoch: 4203, Loss: 5.71450138092041
Epoch: 4204, Loss: 5.717345237731934
Epoch: 4205, Loss: 5.708772659301758
Epoch: 4206, Loss: 5.720692157745361
Epoch: 4207, Loss: 5.729920387268066
Epoch: 4208, Loss: 5.716933250427246
Epoch: 4209, Loss: 5.726210117340088
Epoch: 4210, Loss: 5.741898059844971
Test acc: 0.0179, IC acc: 0.0223, IC acc2: 0.0036, IW acc: 0.003
Epoch: 4211, Loss: 5.714036464691162
Epoch: 4212, Loss: 5.7329511642456055
Epoch: 4213, Loss: 5.716313362121582
Epoch: 4214, Loss: 5.724919319152832
Epoch: 4215, Loss: 5.711901664733887
Epoch: 4216, Loss: 5.725409030914307
Epoch: 4217, Loss: 5.714613437652588
Epoch: 4218, Loss: 5.7071027755737305
Epoch: 4219, Loss: 5.733457565307617
Epoch: 4220, Loss: 5.7040114402771
Test acc: 0.0181, IC acc: 0.0224, IC acc2: 0.0036, IW acc: 0.003
Epoch: 4221, Loss: 5.709584712982178
Epoch: 4222, Loss: 5.706852912902832
Epoch: 4223, Loss: 5.713087558746338
Epoch: 4224, Loss: 5.707200050354004
Epoch: 4225, Loss: 5.729736804962158
Epoch: 4226, Loss: 5.714960098266602
Epoch: 4227, Loss: 5.717484474182129
Epoch: 4228, Loss: 5.714134216308594
Epoch: 4229, Loss: 5.731057643890381
Epoch: 4230, Loss: 5.6982855796813965
Test acc: 0.0184, IC acc: 0.0223, IC acc2: 0.0035, IW acc: 0.003
Epoch: 4231, Loss: 5.708333969116211
Epoch: 4232, Loss: 5.716269493103027
Epoch: 4233, Loss: 5.7322468757629395
Epoch: 4234, Loss: 5.720395565032959
Epoch: 4235, Loss: 5.7094502449035645
Epoch: 4236, Loss: 5.709142684936523
Epoch: 4237, Loss: 5.733243942260742
Epoch: 4238, Loss: 5.711226463317871
Epoch: 4239, Loss: 5.717214584350586
Epoch: 4240, Loss: 5.717743873596191
Test acc: 0.0186, IC acc: 0.0225, IC acc2: 0.0034, IW acc: 0.003
Epoch: 4241, Loss: 5.722227096557617
Epoch: 4242, Loss: 5.7116241455078125
Epoch: 4243, Loss: 5.687175750732422
Epoch: 4244, Loss: 5.703646659851074
Epoch: 4245, Loss: 5.711215972900391
Epoch: 4246, Loss: 5.725405693054199
Epoch: 4247, Loss: 5.736673831939697
Epoch: 4248, Loss: 5.720540523529053
Epoch: 4249, Loss: 5.693887710571289
./circuit_plots/Unrestricted Disentangled|Readout|CN=3|B0=0|B1=2|K=1280|L=320|p_B=0.75|p_C=0.75|B=2|eps=0|cf538942-d2b2-427e-876d-3ee26c12f82b/ already exists.
./circuit_plots/Unrestricted Disentangled|Readout|CN=3|B0=0|B1=2|K=1280|L=320|p_B=0.75|p_C=0.75|B=2|eps=0|cf538942-d2b2-427e-876d-3ee26c12f82b/ already exists.
./circuit_plots/Unrestricted Disentangled|Readout|CN=3|B0=0|B1=2|K=1280|L=320|p_B=0.75|p_C=0.75|B=2|eps=0|cf538942-d2b2-427e-876d-3ee26c12f82b/ already exists.
./circuit_plots/Unrestricted Disentangled|Readout|CN=3|B0=0|B1=2|K=1280|L=320|p_B=0.75|p_C=0.75|B=2|eps=0|cf538942-d2b2-427e-876d-3ee26c12f82b/ already exists.
./circuit_plots/Unrestricted Disentangled|Readout|CN=3|B0=0|B1=2|K=1280|L=320|p_B=0.75|p_C=0.75|B=2|eps=0|cf538942-d2b2-427e-876d-3ee26c12f82b/ already exists.
./circuit_plots/Unrestricted Disentangled|Readout|CN=3|B0=0|B1=2|K=1280|L=320|p_B=0.75|p_C=0.75|B=2|eps=0|cf538942-d2b2-427e-876d-3ee26c12f82b/ already exists.
./circuit_plots/Unrestricted Disentangled|Readout|CN=3|B0=0|B1=2|K=1280|L=320|p_B=0.75|p_C=0.75|B=2|eps=0|cf538942-d2b2-427e-876d-3ee26c12f82b/ already exists.
Epoch: 4250, Loss: 5.723491668701172
Test acc: 0.0187, IC acc: 0.0224, IC acc2: 0.0034, IW acc: 0.003
Epoch: 4251, Loss: 5.715258598327637
Epoch: 4252, Loss: 5.695805549621582
Epoch: 4253, Loss: 5.728644847869873
Epoch: 4254, Loss: 5.726499557495117
Epoch: 4255, Loss: 5.73405647277832
Epoch: 4256, Loss: 5.716643333435059
Epoch: 4257, Loss: 5.719468116760254
Epoch: 4258, Loss: 5.708471298217773
Epoch: 4259, Loss: 5.722789764404297
Epoch: 4260, Loss: 5.708244323730469
Test acc: 0.0188, IC acc: 0.0223, IC acc2: 0.0034, IW acc: 0.0029
Epoch: 4261, Loss: 5.741787433624268
Epoch: 4262, Loss: 5.716347694396973
Epoch: 4263, Loss: 5.7199907302856445
Epoch: 4264, Loss: 5.7290544509887695
Epoch: 4265, Loss: 5.721201419830322
Epoch: 4266, Loss: 5.707940101623535
Epoch: 4267, Loss: 5.716590881347656
Epoch: 4268, Loss: 5.724167823791504
Epoch: 4269, Loss: 5.715578079223633
Epoch: 4270, Loss: 5.730291366577148
Test acc: 0.0189, IC acc: 0.0223, IC acc2: 0.0034, IW acc: 0.003
Epoch: 4271, Loss: 5.711733341217041
Epoch: 4272, Loss: 5.734744071960449
Epoch: 4273, Loss: 5.721596717834473
Epoch: 4274, Loss: 5.725639343261719
Epoch: 4275, Loss: 5.723914623260498
Epoch: 4276, Loss: 5.7251458168029785
Epoch: 4277, Loss: 5.721139907836914
Epoch: 4278, Loss: 5.7285237312316895
Epoch: 4279, Loss: 5.723962306976318
Epoch: 4280, Loss: 5.745333194732666
Test acc: 0.0191, IC acc: 0.0225, IC acc2: 0.0035, IW acc: 0.003
Epoch: 4281, Loss: 5.7136125564575195
Epoch: 4282, Loss: 5.736161231994629
Epoch: 4283, Loss: 5.7301411628723145
Epoch: 4284, Loss: 5.730076789855957
Epoch: 4285, Loss: 5.723200798034668
Epoch: 4286, Loss: 5.737831115722656
Epoch: 4287, Loss: 5.723589897155762
Epoch: 4288, Loss: 5.723357677459717
Epoch: 4289, Loss: 5.722882270812988
Epoch: 4290, Loss: 5.691346168518066
Test acc: 0.019, IC acc: 0.0226, IC acc2: 0.0035, IW acc: 0.003
Epoch: 4291, Loss: 5.713512420654297
Epoch: 4292, Loss: 5.705735206604004
Epoch: 4293, Loss: 5.720428466796875
Epoch: 4294, Loss: 5.725930690765381
Epoch: 4295, Loss: 5.729366779327393
Epoch: 4296, Loss: 5.7105302810668945
Epoch: 4297, Loss: 5.74432897567749
Epoch: 4298, Loss: 5.713600158691406
Epoch: 4299, Loss: 5.737079620361328
./circuit_plots/Unrestricted Disentangled|Readout|CN=3|B0=0|B1=2|K=1280|L=320|p_B=0.75|p_C=0.75|B=2|eps=0|cf538942-d2b2-427e-876d-3ee26c12f82b/ already exists.
./circuit_plots/Unrestricted Disentangled|Readout|CN=3|B0=0|B1=2|K=1280|L=320|p_B=0.75|p_C=0.75|B=2|eps=0|cf538942-d2b2-427e-876d-3ee26c12f82b/ already exists.
./circuit_plots/Unrestricted Disentangled|Readout|CN=3|B0=0|B1=2|K=1280|L=320|p_B=0.75|p_C=0.75|B=2|eps=0|cf538942-d2b2-427e-876d-3ee26c12f82b/ already exists.
./circuit_plots/Unrestricted Disentangled|Readout|CN=3|B0=0|B1=2|K=1280|L=320|p_B=0.75|p_C=0.75|B=2|eps=0|cf538942-d2b2-427e-876d-3ee26c12f82b/ already exists.
./circuit_plots/Unrestricted Disentangled|Readout|CN=3|B0=0|B1=2|K=1280|L=320|p_B=0.75|p_C=0.75|B=2|eps=0|cf538942-d2b2-427e-876d-3ee26c12f82b/ already exists.
./circuit_plots/Unrestricted Disentangled|Readout|CN=3|B0=0|B1=2|K=1280|L=320|p_B=0.75|p_C=0.75|B=2|eps=0|cf538942-d2b2-427e-876d-3ee26c12f82b/ already exists.
./circuit_plots/Unrestricted Disentangled|Readout|CN=3|B0=0|B1=2|K=1280|L=320|p_B=0.75|p_C=0.75|B=2|eps=0|cf538942-d2b2-427e-876d-3ee26c12f82b/ already exists.
Epoch: 4300, Loss: 5.717063903808594
Test acc: 0.019, IC acc: 0.0227, IC acc2: 0.0036, IW acc: 0.0028
Epoch: 4301, Loss: 5.708331108093262
Epoch: 4302, Loss: 5.715540409088135
Epoch: 4303, Loss: 5.721125602722168
Epoch: 4304, Loss: 5.712926864624023
Epoch: 4305, Loss: 5.727288246154785
Epoch: 4306, Loss: 5.713587760925293
Epoch: 4307, Loss: 5.7215399742126465
Epoch: 4308, Loss: 5.724071502685547
Epoch: 4309, Loss: 5.70127010345459
Epoch: 4310, Loss: 5.717804908752441
Test acc: 0.019, IC acc: 0.0226, IC acc2: 0.0035, IW acc: 0.003
Epoch: 4311, Loss: 5.702980041503906
Epoch: 4312, Loss: 5.720473289489746
Epoch: 4313, Loss: 5.712378025054932
Epoch: 4314, Loss: 5.730302810668945
Epoch: 4315, Loss: 5.720269203186035
Epoch: 4316, Loss: 5.714771270751953
Epoch: 4317, Loss: 5.718262672424316
Epoch: 4318, Loss: 5.702985763549805
Epoch: 4319, Loss: 5.714876651763916
Epoch: 4320, Loss: 5.728116989135742
Test acc: 0.0191, IC acc: 0.0227, IC acc2: 0.0035, IW acc: 0.003
Epoch: 4321, Loss: 5.719799995422363
Epoch: 4322, Loss: 5.705521583557129
Epoch: 4323, Loss: 5.723451137542725
Epoch: 4324, Loss: 5.713372707366943
Epoch: 4325, Loss: 5.695322513580322
Epoch: 4326, Loss: 5.707418918609619
Epoch: 4327, Loss: 5.722217559814453
Epoch: 4328, Loss: 5.71986198425293
Epoch: 4329, Loss: 5.73095178604126
Epoch: 4330, Loss: 5.716862678527832
Test acc: 0.019, IC acc: 0.0228, IC acc2: 0.0034, IW acc: 0.003
Epoch: 4331, Loss: 5.7148590087890625
Epoch: 4332, Loss: 5.708964824676514
Epoch: 4333, Loss: 5.698945999145508
Epoch: 4334, Loss: 5.708662986755371
Epoch: 4335, Loss: 5.7256059646606445
Epoch: 4336, Loss: 5.723834037780762
Epoch: 4337, Loss: 5.726528167724609
Epoch: 4338, Loss: 5.7245354652404785
Epoch: 4339, Loss: 5.716923713684082
Epoch: 4340, Loss: 5.7188720703125
Test acc: 0.019, IC acc: 0.023, IC acc2: 0.0034, IW acc: 0.003
Epoch: 4341, Loss: 5.711540699005127
Epoch: 4342, Loss: 5.722102165222168
Epoch: 4343, Loss: 5.741538047790527
Epoch: 4344, Loss: 5.717158794403076
Epoch: 4345, Loss: 5.7337775230407715
Epoch: 4346, Loss: 5.711235046386719
Epoch: 4347, Loss: 5.696763515472412
Epoch: 4348, Loss: 5.718818664550781
Epoch: 4349, Loss: 5.6972761154174805
./circuit_plots/Unrestricted Disentangled|Readout|CN=3|B0=0|B1=2|K=1280|L=320|p_B=0.75|p_C=0.75|B=2|eps=0|cf538942-d2b2-427e-876d-3ee26c12f82b/ already exists.
./circuit_plots/Unrestricted Disentangled|Readout|CN=3|B0=0|B1=2|K=1280|L=320|p_B=0.75|p_C=0.75|B=2|eps=0|cf538942-d2b2-427e-876d-3ee26c12f82b/ already exists.
./circuit_plots/Unrestricted Disentangled|Readout|CN=3|B0=0|B1=2|K=1280|L=320|p_B=0.75|p_C=0.75|B=2|eps=0|cf538942-d2b2-427e-876d-3ee26c12f82b/ already exists.
./circuit_plots/Unrestricted Disentangled|Readout|CN=3|B0=0|B1=2|K=1280|L=320|p_B=0.75|p_C=0.75|B=2|eps=0|cf538942-d2b2-427e-876d-3ee26c12f82b/ already exists.
./circuit_plots/Unrestricted Disentangled|Readout|CN=3|B0=0|B1=2|K=1280|L=320|p_B=0.75|p_C=0.75|B=2|eps=0|cf538942-d2b2-427e-876d-3ee26c12f82b/ already exists.
./circuit_plots/Unrestricted Disentangled|Readout|CN=3|B0=0|B1=2|K=1280|L=320|p_B=0.75|p_C=0.75|B=2|eps=0|cf538942-d2b2-427e-876d-3ee26c12f82b/ already exists.
./circuit_plots/Unrestricted Disentangled|Readout|CN=3|B0=0|B1=2|K=1280|L=320|p_B=0.75|p_C=0.75|B=2|eps=0|cf538942-d2b2-427e-876d-3ee26c12f82b/ already exists.
Epoch: 4350, Loss: 5.723213195800781
Test acc: 0.0191, IC acc: 0.0231, IC acc2: 0.0034, IW acc: 0.0029
Epoch: 4351, Loss: 5.714684009552002
Epoch: 4352, Loss: 5.724770545959473
Epoch: 4353, Loss: 5.717466354370117
Epoch: 4354, Loss: 5.716554641723633
Epoch: 4355, Loss: 5.711986541748047
Epoch: 4356, Loss: 5.726229667663574
Epoch: 4357, Loss: 5.717746734619141
Epoch: 4358, Loss: 5.730226516723633
Epoch: 4359, Loss: 5.7217206954956055
Epoch: 4360, Loss: 5.722561836242676
Test acc: 0.0191, IC acc: 0.0231, IC acc2: 0.0034, IW acc: 0.003
Epoch: 4361, Loss: 5.733681678771973
Epoch: 4362, Loss: 5.712475299835205
Epoch: 4363, Loss: 5.749192714691162
Epoch: 4364, Loss: 5.717162132263184
Epoch: 4365, Loss: 5.718170166015625
Epoch: 4366, Loss: 5.717080593109131
Epoch: 4367, Loss: 5.715657711029053
Epoch: 4368, Loss: 5.70661735534668
Epoch: 4369, Loss: 5.706207275390625
Epoch: 4370, Loss: 5.717090606689453
Test acc: 0.019, IC acc: 0.0232, IC acc2: 0.0034, IW acc: 0.003
Epoch: 4371, Loss: 5.699849605560303
Epoch: 4372, Loss: 5.723631858825684
Epoch: 4373, Loss: 5.722784996032715
Epoch: 4374, Loss: 5.713900566101074
Epoch: 4375, Loss: 5.704277038574219
Epoch: 4376, Loss: 5.697868347167969
Epoch: 4377, Loss: 5.703708648681641
Epoch: 4378, Loss: 5.7286577224731445
Epoch: 4379, Loss: 5.718379974365234
Epoch: 4380, Loss: 5.73067569732666
Test acc: 0.0192, IC acc: 0.0234, IC acc2: 0.0034, IW acc: 0.0029
Epoch: 4381, Loss: 5.726056098937988
Epoch: 4382, Loss: 5.727931022644043
Epoch: 4383, Loss: 5.713716506958008
Epoch: 4384, Loss: 5.712200164794922
Epoch: 4385, Loss: 5.720843315124512
Epoch: 4386, Loss: 5.732125759124756
Epoch: 4387, Loss: 5.706204414367676
Epoch: 4388, Loss: 5.707633972167969
Epoch: 4389, Loss: 5.715262413024902
Epoch: 4390, Loss: 5.71334171295166
Test acc: 0.0194, IC acc: 0.0234, IC acc2: 0.0034, IW acc: 0.0029
Epoch: 4391, Loss: 5.697671890258789
Epoch: 4392, Loss: 5.723716735839844
Epoch: 4393, Loss: 5.708894729614258
Epoch: 4394, Loss: 5.7199201583862305
Epoch: 4395, Loss: 5.704791069030762
Epoch: 4396, Loss: 5.732336521148682
Epoch: 4397, Loss: 5.719407081604004
Epoch: 4398, Loss: 5.704357147216797
Epoch: 4399, Loss: 5.722803115844727
./circuit_plots/Unrestricted Disentangled|Readout|CN=3|B0=0|B1=2|K=1280|L=320|p_B=0.75|p_C=0.75|B=2|eps=0|cf538942-d2b2-427e-876d-3ee26c12f82b/ already exists.
./circuit_plots/Unrestricted Disentangled|Readout|CN=3|B0=0|B1=2|K=1280|L=320|p_B=0.75|p_C=0.75|B=2|eps=0|cf538942-d2b2-427e-876d-3ee26c12f82b/ already exists.
./circuit_plots/Unrestricted Disentangled|Readout|CN=3|B0=0|B1=2|K=1280|L=320|p_B=0.75|p_C=0.75|B=2|eps=0|cf538942-d2b2-427e-876d-3ee26c12f82b/ already exists.
./circuit_plots/Unrestricted Disentangled|Readout|CN=3|B0=0|B1=2|K=1280|L=320|p_B=0.75|p_C=0.75|B=2|eps=0|cf538942-d2b2-427e-876d-3ee26c12f82b/ already exists.
./circuit_plots/Unrestricted Disentangled|Readout|CN=3|B0=0|B1=2|K=1280|L=320|p_B=0.75|p_C=0.75|B=2|eps=0|cf538942-d2b2-427e-876d-3ee26c12f82b/ already exists.
./circuit_plots/Unrestricted Disentangled|Readout|CN=3|B0=0|B1=2|K=1280|L=320|p_B=0.75|p_C=0.75|B=2|eps=0|cf538942-d2b2-427e-876d-3ee26c12f82b/ already exists.
./circuit_plots/Unrestricted Disentangled|Readout|CN=3|B0=0|B1=2|K=1280|L=320|p_B=0.75|p_C=0.75|B=2|eps=0|cf538942-d2b2-427e-876d-3ee26c12f82b/ already exists.
Epoch: 4400, Loss: 5.71778678894043
Test acc: 0.0193, IC acc: 0.0236, IC acc2: 0.0034, IW acc: 0.0029
Epoch: 4401, Loss: 5.709478378295898
Epoch: 4402, Loss: 5.695664405822754
Epoch: 4403, Loss: 5.714810371398926
Epoch: 4404, Loss: 5.720259666442871
Epoch: 4405, Loss: 5.717544078826904
Epoch: 4406, Loss: 5.704019546508789
Epoch: 4407, Loss: 5.729020595550537
Epoch: 4408, Loss: 5.712916374206543
Epoch: 4409, Loss: 5.737986087799072
Epoch: 4410, Loss: 5.712980270385742
Test acc: 0.0195, IC acc: 0.0237, IC acc2: 0.0034, IW acc: 0.0029
Epoch: 4411, Loss: 5.723186492919922
Epoch: 4412, Loss: 5.723474979400635
Epoch: 4413, Loss: 5.719985485076904
Epoch: 4414, Loss: 5.724534034729004
Epoch: 4415, Loss: 5.7299394607543945
Epoch: 4416, Loss: 5.715312957763672
Epoch: 4417, Loss: 5.728189468383789
Epoch: 4418, Loss: 5.710085391998291
Epoch: 4419, Loss: 5.696328639984131
Epoch: 4420, Loss: 5.733692169189453
Test acc: 0.0195, IC acc: 0.0238, IC acc2: 0.0034, IW acc: 0.0029
Epoch: 4421, Loss: 5.716943740844727
Epoch: 4422, Loss: 5.713645935058594
Epoch: 4423, Loss: 5.729365348815918
Epoch: 4424, Loss: 5.737627983093262
Epoch: 4425, Loss: 5.719196796417236
Epoch: 4426, Loss: 5.719326972961426
Epoch: 4427, Loss: 5.695808410644531
Epoch: 4428, Loss: 5.714134216308594
Epoch: 4429, Loss: 5.71226692199707
Epoch: 4430, Loss: 5.7254157066345215
Test acc: 0.0195, IC acc: 0.0239, IC acc2: 0.0034, IW acc: 0.0029
Epoch: 4431, Loss: 5.720342636108398
Epoch: 4432, Loss: 5.703192234039307
Epoch: 4433, Loss: 5.715969562530518
Epoch: 4434, Loss: 5.719699859619141
Epoch: 4435, Loss: 5.73444938659668
Epoch: 4436, Loss: 5.712438583374023
Epoch: 4437, Loss: 5.7271037101745605
Epoch: 4438, Loss: 5.727474212646484
Epoch: 4439, Loss: 5.718319892883301
Epoch: 4440, Loss: 5.727599143981934
Test acc: 0.0196, IC acc: 0.0242, IC acc2: 0.0034, IW acc: 0.0029
Epoch: 4441, Loss: 5.74223518371582
Epoch: 4442, Loss: 5.724972248077393
Epoch: 4443, Loss: 5.717499732971191
Epoch: 4444, Loss: 5.726325035095215
Epoch: 4445, Loss: 5.712396144866943
Epoch: 4446, Loss: 5.726356506347656
Epoch: 4447, Loss: 5.739687919616699
Epoch: 4448, Loss: 5.724077224731445
Epoch: 4449, Loss: 5.73319149017334
./circuit_plots/Unrestricted Disentangled|Readout|CN=3|B0=0|B1=2|K=1280|L=320|p_B=0.75|p_C=0.75|B=2|eps=0|cf538942-d2b2-427e-876d-3ee26c12f82b/ already exists.
./circuit_plots/Unrestricted Disentangled|Readout|CN=3|B0=0|B1=2|K=1280|L=320|p_B=0.75|p_C=0.75|B=2|eps=0|cf538942-d2b2-427e-876d-3ee26c12f82b/ already exists.
./circuit_plots/Unrestricted Disentangled|Readout|CN=3|B0=0|B1=2|K=1280|L=320|p_B=0.75|p_C=0.75|B=2|eps=0|cf538942-d2b2-427e-876d-3ee26c12f82b/ already exists.
./circuit_plots/Unrestricted Disentangled|Readout|CN=3|B0=0|B1=2|K=1280|L=320|p_B=0.75|p_C=0.75|B=2|eps=0|cf538942-d2b2-427e-876d-3ee26c12f82b/ already exists.
./circuit_plots/Unrestricted Disentangled|Readout|CN=3|B0=0|B1=2|K=1280|L=320|p_B=0.75|p_C=0.75|B=2|eps=0|cf538942-d2b2-427e-876d-3ee26c12f82b/ already exists.
./circuit_plots/Unrestricted Disentangled|Readout|CN=3|B0=0|B1=2|K=1280|L=320|p_B=0.75|p_C=0.75|B=2|eps=0|cf538942-d2b2-427e-876d-3ee26c12f82b/ already exists.
./circuit_plots/Unrestricted Disentangled|Readout|CN=3|B0=0|B1=2|K=1280|L=320|p_B=0.75|p_C=0.75|B=2|eps=0|cf538942-d2b2-427e-876d-3ee26c12f82b/ already exists.
Epoch: 4450, Loss: 5.68310546875
Test acc: 0.0196, IC acc: 0.0244, IC acc2: 0.0035, IW acc: 0.0029
Epoch: 4451, Loss: 5.702172756195068
Epoch: 4452, Loss: 5.715941429138184
Epoch: 4453, Loss: 5.720549583435059
Epoch: 4454, Loss: 5.69899845123291
Epoch: 4455, Loss: 5.699034214019775
Epoch: 4456, Loss: 5.72320556640625
Epoch: 4457, Loss: 5.715893745422363
Epoch: 4458, Loss: 5.724085330963135
Epoch: 4459, Loss: 5.711456298828125
Epoch: 4460, Loss: 5.715659141540527
Test acc: 0.0197, IC acc: 0.0244, IC acc2: 0.0035, IW acc: 0.0029
Epoch: 4461, Loss: 5.710715293884277
Epoch: 4462, Loss: 5.722946643829346
Epoch: 4463, Loss: 5.715331077575684
Epoch: 4464, Loss: 5.71756649017334
Epoch: 4465, Loss: 5.723451137542725
Epoch: 4466, Loss: 5.701598167419434
Epoch: 4467, Loss: 5.717013359069824
Epoch: 4468, Loss: 5.72896146774292
Epoch: 4469, Loss: 5.690860748291016
Epoch: 4470, Loss: 5.711989402770996
Test acc: 0.02, IC acc: 0.0245, IC acc2: 0.0034, IW acc: 0.0029
Epoch: 4471, Loss: 5.6983747482299805
Epoch: 4472, Loss: 5.72225284576416
Epoch: 4473, Loss: 5.707168102264404
Epoch: 4474, Loss: 5.711226463317871
Epoch: 4475, Loss: 5.701714038848877
Epoch: 4476, Loss: 5.704933166503906
Epoch: 4477, Loss: 5.721908092498779
Epoch: 4478, Loss: 5.725201606750488
Epoch: 4479, Loss: 5.7159743309021
Epoch: 4480, Loss: 5.70777702331543
Test acc: 0.0201, IC acc: 0.0246, IC acc2: 0.0034, IW acc: 0.0029
Epoch: 4481, Loss: 5.703974723815918
Epoch: 4482, Loss: 5.695041656494141
Epoch: 4483, Loss: 5.726824760437012
Epoch: 4484, Loss: 5.714194297790527
Epoch: 4485, Loss: 5.724205017089844
Epoch: 4486, Loss: 5.715746879577637
Epoch: 4487, Loss: 5.709114074707031
Epoch: 4488, Loss: 5.7173614501953125
Epoch: 4489, Loss: 5.717095375061035
Epoch: 4490, Loss: 5.7035346031188965
Test acc: 0.0201, IC acc: 0.0247, IC acc2: 0.0034, IW acc: 0.003
Epoch: 4491, Loss: 5.703007221221924
Epoch: 4492, Loss: 5.71360969543457
Epoch: 4493, Loss: 5.718392372131348
Epoch: 4494, Loss: 5.710812568664551
Epoch: 4495, Loss: 5.738278388977051
Epoch: 4496, Loss: 5.702360153198242
Epoch: 4497, Loss: 5.719027042388916
Epoch: 4498, Loss: 5.735029220581055
Epoch: 4499, Loss: 5.707772254943848
./circuit_plots/Unrestricted Disentangled|Readout|CN=3|B0=0|B1=2|K=1280|L=320|p_B=0.75|p_C=0.75|B=2|eps=0|cf538942-d2b2-427e-876d-3ee26c12f82b/ already exists.
./circuit_plots/Unrestricted Disentangled|Readout|CN=3|B0=0|B1=2|K=1280|L=320|p_B=0.75|p_C=0.75|B=2|eps=0|cf538942-d2b2-427e-876d-3ee26c12f82b/ already exists.
./circuit_plots/Unrestricted Disentangled|Readout|CN=3|B0=0|B1=2|K=1280|L=320|p_B=0.75|p_C=0.75|B=2|eps=0|cf538942-d2b2-427e-876d-3ee26c12f82b/ already exists.
./circuit_plots/Unrestricted Disentangled|Readout|CN=3|B0=0|B1=2|K=1280|L=320|p_B=0.75|p_C=0.75|B=2|eps=0|cf538942-d2b2-427e-876d-3ee26c12f82b/ already exists.
./circuit_plots/Unrestricted Disentangled|Readout|CN=3|B0=0|B1=2|K=1280|L=320|p_B=0.75|p_C=0.75|B=2|eps=0|cf538942-d2b2-427e-876d-3ee26c12f82b/ already exists.
./circuit_plots/Unrestricted Disentangled|Readout|CN=3|B0=0|B1=2|K=1280|L=320|p_B=0.75|p_C=0.75|B=2|eps=0|cf538942-d2b2-427e-876d-3ee26c12f82b/ already exists.
./circuit_plots/Unrestricted Disentangled|Readout|CN=3|B0=0|B1=2|K=1280|L=320|p_B=0.75|p_C=0.75|B=2|eps=0|cf538942-d2b2-427e-876d-3ee26c12f82b/ already exists.
Epoch: 4500, Loss: 5.713531494140625
Test acc: 0.0198, IC acc: 0.0249, IC acc2: 0.0034, IW acc: 0.003
Epoch: 4501, Loss: 5.713797092437744
Epoch: 4502, Loss: 5.684652328491211
Epoch: 4503, Loss: 5.722802639007568
Epoch: 4504, Loss: 5.705981731414795
Epoch: 4505, Loss: 5.70759916305542
Epoch: 4506, Loss: 5.720877647399902
Epoch: 4507, Loss: 5.733498573303223
Epoch: 4508, Loss: 5.709649562835693
Epoch: 4509, Loss: 5.71235466003418
Epoch: 4510, Loss: 5.713921070098877
Test acc: 0.02, IC acc: 0.0249, IC acc2: 0.0034, IW acc: 0.0029
Epoch: 4511, Loss: 5.731433868408203
Epoch: 4512, Loss: 5.706825256347656
Epoch: 4513, Loss: 5.709554672241211
Epoch: 4514, Loss: 5.724159240722656
Epoch: 4515, Loss: 5.733001708984375
Epoch: 4516, Loss: 5.7203168869018555
Epoch: 4517, Loss: 5.702211380004883
Epoch: 4518, Loss: 5.70369815826416
Epoch: 4519, Loss: 5.716205596923828
Epoch: 4520, Loss: 5.706024169921875
Test acc: 0.0201, IC acc: 0.025, IC acc2: 0.0034, IW acc: 0.0029
Epoch: 4521, Loss: 5.710955619812012
Epoch: 4522, Loss: 5.720227241516113
Epoch: 4523, Loss: 5.706721782684326
Epoch: 4524, Loss: 5.7121758460998535
Epoch: 4525, Loss: 5.723318099975586
Epoch: 4526, Loss: 5.718173980712891
Epoch: 4527, Loss: 5.707060813903809
Epoch: 4528, Loss: 5.702999114990234
Epoch: 4529, Loss: 5.696917533874512
Epoch: 4530, Loss: 5.713312149047852
Test acc: 0.0203, IC acc: 0.0252, IC acc2: 0.0034, IW acc: 0.0029
Epoch: 4531, Loss: 5.720770359039307
Epoch: 4532, Loss: 5.7258195877075195
Epoch: 4533, Loss: 5.723264217376709
Epoch: 4534, Loss: 5.717021465301514
Epoch: 4535, Loss: 5.7227783203125
Epoch: 4536, Loss: 5.729429244995117
Epoch: 4537, Loss: 5.738279819488525
Epoch: 4538, Loss: 5.716744422912598
Epoch: 4539, Loss: 5.711120128631592
Epoch: 4540, Loss: 5.718471050262451
Test acc: 0.0204, IC acc: 0.0252, IC acc2: 0.0034, IW acc: 0.0029
Epoch: 4541, Loss: 5.715036392211914
Epoch: 4542, Loss: 5.7008771896362305
Epoch: 4543, Loss: 5.705175399780273
Epoch: 4544, Loss: 5.734813213348389
Epoch: 4545, Loss: 5.733750343322754
Epoch: 4546, Loss: 5.715571880340576
Epoch: 4547, Loss: 5.708801746368408
Epoch: 4548, Loss: 5.703518867492676
Epoch: 4549, Loss: 5.714357376098633
./circuit_plots/Unrestricted Disentangled|Readout|CN=3|B0=0|B1=2|K=1280|L=320|p_B=0.75|p_C=0.75|B=2|eps=0|cf538942-d2b2-427e-876d-3ee26c12f82b/ already exists.
./circuit_plots/Unrestricted Disentangled|Readout|CN=3|B0=0|B1=2|K=1280|L=320|p_B=0.75|p_C=0.75|B=2|eps=0|cf538942-d2b2-427e-876d-3ee26c12f82b/ already exists.
./circuit_plots/Unrestricted Disentangled|Readout|CN=3|B0=0|B1=2|K=1280|L=320|p_B=0.75|p_C=0.75|B=2|eps=0|cf538942-d2b2-427e-876d-3ee26c12f82b/ already exists.
./circuit_plots/Unrestricted Disentangled|Readout|CN=3|B0=0|B1=2|K=1280|L=320|p_B=0.75|p_C=0.75|B=2|eps=0|cf538942-d2b2-427e-876d-3ee26c12f82b/ already exists.
./circuit_plots/Unrestricted Disentangled|Readout|CN=3|B0=0|B1=2|K=1280|L=320|p_B=0.75|p_C=0.75|B=2|eps=0|cf538942-d2b2-427e-876d-3ee26c12f82b/ already exists.
./circuit_plots/Unrestricted Disentangled|Readout|CN=3|B0=0|B1=2|K=1280|L=320|p_B=0.75|p_C=0.75|B=2|eps=0|cf538942-d2b2-427e-876d-3ee26c12f82b/ already exists.
./circuit_plots/Unrestricted Disentangled|Readout|CN=3|B0=0|B1=2|K=1280|L=320|p_B=0.75|p_C=0.75|B=2|eps=0|cf538942-d2b2-427e-876d-3ee26c12f82b/ already exists.
Epoch: 4550, Loss: 5.7267656326293945
Test acc: 0.0202, IC acc: 0.0254, IC acc2: 0.0034, IW acc: 0.0029
Epoch: 4551, Loss: 5.726197242736816
Epoch: 4552, Loss: 5.722201824188232
Epoch: 4553, Loss: 5.719799995422363
Epoch: 4554, Loss: 5.722681999206543
Epoch: 4555, Loss: 5.7170000076293945
Epoch: 4556, Loss: 5.724003791809082
Epoch: 4557, Loss: 5.730045318603516
Epoch: 4558, Loss: 5.720625877380371
Epoch: 4559, Loss: 5.715174674987793
Epoch: 4560, Loss: 5.715237617492676
Test acc: 0.0205, IC acc: 0.0255, IC acc2: 0.0034, IW acc: 0.003
Epoch: 4561, Loss: 5.7315144538879395
Epoch: 4562, Loss: 5.690923690795898
Epoch: 4563, Loss: 5.717963218688965
Epoch: 4564, Loss: 5.713827133178711
Epoch: 4565, Loss: 5.721831321716309
Epoch: 4566, Loss: 5.709213733673096
Epoch: 4567, Loss: 5.718958854675293
Epoch: 4568, Loss: 5.744208812713623
Epoch: 4569, Loss: 5.72019100189209
Epoch: 4570, Loss: 5.704032897949219
Test acc: 0.0205, IC acc: 0.0257, IC acc2: 0.0034, IW acc: 0.003
Epoch: 4571, Loss: 5.712643146514893
Epoch: 4572, Loss: 5.718178749084473
Epoch: 4573, Loss: 5.725861549377441
Epoch: 4574, Loss: 5.7214250564575195
Epoch: 4575, Loss: 5.710758209228516
Epoch: 4576, Loss: 5.704065322875977
Epoch: 4577, Loss: 5.7088727951049805
Epoch: 4578, Loss: 5.701780319213867
Epoch: 4579, Loss: 5.690520286560059
Epoch: 4580, Loss: 5.726266860961914
Test acc: 0.0205, IC acc: 0.0258, IC acc2: 0.0034, IW acc: 0.003
Epoch: 4581, Loss: 5.72245454788208
Epoch: 4582, Loss: 5.707962989807129
Epoch: 4583, Loss: 5.729253768920898
Epoch: 4584, Loss: 5.732176780700684
Epoch: 4585, Loss: 5.698666572570801
Epoch: 4586, Loss: 5.704874038696289
Epoch: 4587, Loss: 5.7211198806762695
Epoch: 4588, Loss: 5.7160258293151855
Epoch: 4589, Loss: 5.708715438842773
Epoch: 4590, Loss: 5.711080551147461
Test acc: 0.0206, IC acc: 0.0258, IC acc2: 0.0034, IW acc: 0.003
Epoch: 4591, Loss: 5.716802597045898
Epoch: 4592, Loss: 5.728658676147461
Epoch: 4593, Loss: 5.712738037109375
Epoch: 4594, Loss: 5.717288017272949
Epoch: 4595, Loss: 5.730167388916016
Epoch: 4596, Loss: 5.713494300842285
Epoch: 4597, Loss: 5.708869934082031
Epoch: 4598, Loss: 5.712106227874756
Epoch: 4599, Loss: 5.708883285522461
./circuit_plots/Unrestricted Disentangled|Readout|CN=3|B0=0|B1=2|K=1280|L=320|p_B=0.75|p_C=0.75|B=2|eps=0|cf538942-d2b2-427e-876d-3ee26c12f82b/ already exists.
./circuit_plots/Unrestricted Disentangled|Readout|CN=3|B0=0|B1=2|K=1280|L=320|p_B=0.75|p_C=0.75|B=2|eps=0|cf538942-d2b2-427e-876d-3ee26c12f82b/ already exists.
./circuit_plots/Unrestricted Disentangled|Readout|CN=3|B0=0|B1=2|K=1280|L=320|p_B=0.75|p_C=0.75|B=2|eps=0|cf538942-d2b2-427e-876d-3ee26c12f82b/ already exists.
./circuit_plots/Unrestricted Disentangled|Readout|CN=3|B0=0|B1=2|K=1280|L=320|p_B=0.75|p_C=0.75|B=2|eps=0|cf538942-d2b2-427e-876d-3ee26c12f82b/ already exists.
./circuit_plots/Unrestricted Disentangled|Readout|CN=3|B0=0|B1=2|K=1280|L=320|p_B=0.75|p_C=0.75|B=2|eps=0|cf538942-d2b2-427e-876d-3ee26c12f82b/ already exists.
./circuit_plots/Unrestricted Disentangled|Readout|CN=3|B0=0|B1=2|K=1280|L=320|p_B=0.75|p_C=0.75|B=2|eps=0|cf538942-d2b2-427e-876d-3ee26c12f82b/ already exists.
./circuit_plots/Unrestricted Disentangled|Readout|CN=3|B0=0|B1=2|K=1280|L=320|p_B=0.75|p_C=0.75|B=2|eps=0|cf538942-d2b2-427e-876d-3ee26c12f82b/ already exists.
Epoch: 4600, Loss: 5.71072244644165
Test acc: 0.0209, IC acc: 0.0259, IC acc2: 0.0034, IW acc: 0.003
Epoch: 4601, Loss: 5.721667766571045
Epoch: 4602, Loss: 5.726471900939941
Epoch: 4603, Loss: 5.713180065155029
Epoch: 4604, Loss: 5.727219581604004
Epoch: 4605, Loss: 5.717264175415039
Epoch: 4606, Loss: 5.7106781005859375
Epoch: 4607, Loss: 5.721410751342773
Epoch: 4608, Loss: 5.723345756530762
Epoch: 4609, Loss: 5.710087776184082
Epoch: 4610, Loss: 5.718944549560547
Test acc: 0.0211, IC acc: 0.0259, IC acc2: 0.0034, IW acc: 0.003
Epoch: 4611, Loss: 5.716310501098633
Epoch: 4612, Loss: 5.716503143310547
Epoch: 4613, Loss: 5.715780258178711
Epoch: 4614, Loss: 5.715727806091309
Epoch: 4615, Loss: 5.726802825927734
Epoch: 4616, Loss: 5.70167350769043
Epoch: 4617, Loss: 5.712305545806885
Epoch: 4618, Loss: 5.702825546264648
Epoch: 4619, Loss: 5.715574264526367
Epoch: 4620, Loss: 5.701657772064209
Test acc: 0.021, IC acc: 0.0258, IC acc2: 0.0034, IW acc: 0.003
Epoch: 4621, Loss: 5.7145280838012695
Epoch: 4622, Loss: 5.71671724319458
Epoch: 4623, Loss: 5.710616111755371
Epoch: 4624, Loss: 5.700047016143799
Epoch: 4625, Loss: 5.71733283996582
Epoch: 4626, Loss: 5.7104291915893555
Epoch: 4627, Loss: 5.710490703582764
Epoch: 4628, Loss: 5.7298784255981445
Epoch: 4629, Loss: 5.708186626434326
Epoch: 4630, Loss: 5.723075866699219
Test acc: 0.021, IC acc: 0.0262, IC acc2: 0.0034, IW acc: 0.0029
Epoch: 4631, Loss: 5.7177300453186035
Epoch: 4632, Loss: 5.711033821105957
Epoch: 4633, Loss: 5.7021803855896
Epoch: 4634, Loss: 5.708024024963379
Epoch: 4635, Loss: 5.709672927856445
Epoch: 4636, Loss: 5.714448928833008
Epoch: 4637, Loss: 5.7227783203125
Epoch: 4638, Loss: 5.718386650085449
Epoch: 4639, Loss: 5.708211898803711
Epoch: 4640, Loss: 5.695533752441406
Test acc: 0.021, IC acc: 0.0261, IC acc2: 0.0034, IW acc: 0.0029
Epoch: 4641, Loss: 5.723660469055176
Epoch: 4642, Loss: 5.724812030792236
Epoch: 4643, Loss: 5.723135471343994
Epoch: 4644, Loss: 5.7123188972473145
Epoch: 4645, Loss: 5.723577499389648
Epoch: 4646, Loss: 5.715376853942871
Epoch: 4647, Loss: 5.726858615875244
Epoch: 4648, Loss: 5.73069953918457
Epoch: 4649, Loss: 5.719114303588867
./circuit_plots/Unrestricted Disentangled|Readout|CN=3|B0=0|B1=2|K=1280|L=320|p_B=0.75|p_C=0.75|B=2|eps=0|cf538942-d2b2-427e-876d-3ee26c12f82b/ already exists.
./circuit_plots/Unrestricted Disentangled|Readout|CN=3|B0=0|B1=2|K=1280|L=320|p_B=0.75|p_C=0.75|B=2|eps=0|cf538942-d2b2-427e-876d-3ee26c12f82b/ already exists.
./circuit_plots/Unrestricted Disentangled|Readout|CN=3|B0=0|B1=2|K=1280|L=320|p_B=0.75|p_C=0.75|B=2|eps=0|cf538942-d2b2-427e-876d-3ee26c12f82b/ already exists.
./circuit_plots/Unrestricted Disentangled|Readout|CN=3|B0=0|B1=2|K=1280|L=320|p_B=0.75|p_C=0.75|B=2|eps=0|cf538942-d2b2-427e-876d-3ee26c12f82b/ already exists.
./circuit_plots/Unrestricted Disentangled|Readout|CN=3|B0=0|B1=2|K=1280|L=320|p_B=0.75|p_C=0.75|B=2|eps=0|cf538942-d2b2-427e-876d-3ee26c12f82b/ already exists.
./circuit_plots/Unrestricted Disentangled|Readout|CN=3|B0=0|B1=2|K=1280|L=320|p_B=0.75|p_C=0.75|B=2|eps=0|cf538942-d2b2-427e-876d-3ee26c12f82b/ already exists.
./circuit_plots/Unrestricted Disentangled|Readout|CN=3|B0=0|B1=2|K=1280|L=320|p_B=0.75|p_C=0.75|B=2|eps=0|cf538942-d2b2-427e-876d-3ee26c12f82b/ already exists.
Epoch: 4650, Loss: 5.706401824951172
Test acc: 0.0211, IC acc: 0.026, IC acc2: 0.0034, IW acc: 0.0029
Epoch: 4651, Loss: 5.701111793518066
Epoch: 4652, Loss: 5.698436737060547
Epoch: 4653, Loss: 5.70762300491333
Epoch: 4654, Loss: 5.7156524658203125
Epoch: 4655, Loss: 5.724135875701904
Epoch: 4656, Loss: 5.7228569984436035
Epoch: 4657, Loss: 5.7095489501953125
Epoch: 4658, Loss: 5.705615043640137
Epoch: 4659, Loss: 5.698244094848633
Epoch: 4660, Loss: 5.721248149871826
Test acc: 0.0212, IC acc: 0.026, IC acc2: 0.0034, IW acc: 0.0029
Epoch: 4661, Loss: 5.695672035217285
Epoch: 4662, Loss: 5.704196929931641
Epoch: 4663, Loss: 5.715928077697754
Epoch: 4664, Loss: 5.724227428436279
Epoch: 4665, Loss: 5.709802627563477
Epoch: 4666, Loss: 5.719512462615967
Epoch: 4667, Loss: 5.710596084594727
Epoch: 4668, Loss: 5.71633243560791
Epoch: 4669, Loss: 5.712944507598877
Epoch: 4670, Loss: 5.718024253845215
Test acc: 0.0211, IC acc: 0.0262, IC acc2: 0.0034, IW acc: 0.0029
Epoch: 4671, Loss: 5.719562530517578
Epoch: 4672, Loss: 5.709334850311279
Epoch: 4673, Loss: 5.705720901489258
Epoch: 4674, Loss: 5.710704326629639
Epoch: 4675, Loss: 5.718018531799316
Epoch: 4676, Loss: 5.71385383605957
Epoch: 4677, Loss: 5.708678245544434
Epoch: 4678, Loss: 5.708023548126221
Epoch: 4679, Loss: 5.706146717071533
Epoch: 4680, Loss: 5.698976516723633
Test acc: 0.0214, IC acc: 0.0263, IC acc2: 0.0034, IW acc: 0.0029
Epoch: 4681, Loss: 5.709761619567871
Epoch: 4682, Loss: 5.697749137878418
Epoch: 4683, Loss: 5.726543426513672
Epoch: 4684, Loss: 5.730190277099609
Epoch: 4685, Loss: 5.717940807342529
Epoch: 4686, Loss: 5.70065450668335
Epoch: 4687, Loss: 5.698108673095703
Epoch: 4688, Loss: 5.708012580871582
Epoch: 4689, Loss: 5.699954509735107
Epoch: 4690, Loss: 5.69793701171875
Test acc: 0.0215, IC acc: 0.0264, IC acc2: 0.0034, IW acc: 0.0029
Epoch: 4691, Loss: 5.713036060333252
Epoch: 4692, Loss: 5.715375900268555
Epoch: 4693, Loss: 5.711173057556152
Epoch: 4694, Loss: 5.713380336761475
Epoch: 4695, Loss: 5.709115982055664
Epoch: 4696, Loss: 5.706045150756836
Epoch: 4697, Loss: 5.702312469482422
Epoch: 4698, Loss: 5.719799518585205
Epoch: 4699, Loss: 5.734426975250244
./circuit_plots/Unrestricted Disentangled|Readout|CN=3|B0=0|B1=2|K=1280|L=320|p_B=0.75|p_C=0.75|B=2|eps=0|cf538942-d2b2-427e-876d-3ee26c12f82b/ already exists.
./circuit_plots/Unrestricted Disentangled|Readout|CN=3|B0=0|B1=2|K=1280|L=320|p_B=0.75|p_C=0.75|B=2|eps=0|cf538942-d2b2-427e-876d-3ee26c12f82b/ already exists.
./circuit_plots/Unrestricted Disentangled|Readout|CN=3|B0=0|B1=2|K=1280|L=320|p_B=0.75|p_C=0.75|B=2|eps=0|cf538942-d2b2-427e-876d-3ee26c12f82b/ already exists.
./circuit_plots/Unrestricted Disentangled|Readout|CN=3|B0=0|B1=2|K=1280|L=320|p_B=0.75|p_C=0.75|B=2|eps=0|cf538942-d2b2-427e-876d-3ee26c12f82b/ already exists.
./circuit_plots/Unrestricted Disentangled|Readout|CN=3|B0=0|B1=2|K=1280|L=320|p_B=0.75|p_C=0.75|B=2|eps=0|cf538942-d2b2-427e-876d-3ee26c12f82b/ already exists.
./circuit_plots/Unrestricted Disentangled|Readout|CN=3|B0=0|B1=2|K=1280|L=320|p_B=0.75|p_C=0.75|B=2|eps=0|cf538942-d2b2-427e-876d-3ee26c12f82b/ already exists.
./circuit_plots/Unrestricted Disentangled|Readout|CN=3|B0=0|B1=2|K=1280|L=320|p_B=0.75|p_C=0.75|B=2|eps=0|cf538942-d2b2-427e-876d-3ee26c12f82b/ already exists.
Epoch: 4700, Loss: 5.713134765625
Test acc: 0.0216, IC acc: 0.0264, IC acc2: 0.0034, IW acc: 0.0029
Epoch: 4701, Loss: 5.709438323974609
Epoch: 4702, Loss: 5.716156005859375
Epoch: 4703, Loss: 5.707014083862305
Epoch: 4704, Loss: 5.722297668457031
Epoch: 4705, Loss: 5.707497596740723
Epoch: 4706, Loss: 5.703364849090576
Epoch: 4707, Loss: 5.713431358337402
Epoch: 4708, Loss: 5.720582962036133
Epoch: 4709, Loss: 5.7126569747924805
Epoch: 4710, Loss: 5.707930564880371
Test acc: 0.0216, IC acc: 0.0268, IC acc2: 0.0034, IW acc: 0.0029
Epoch: 4711, Loss: 5.727867126464844
Epoch: 4712, Loss: 5.720859527587891
Epoch: 4713, Loss: 5.717461585998535
Epoch: 4714, Loss: 5.7034406661987305
Epoch: 4715, Loss: 5.7005462646484375
Epoch: 4716, Loss: 5.716653823852539
Epoch: 4717, Loss: 5.708315849304199
Epoch: 4718, Loss: 5.713903427124023
Epoch: 4719, Loss: 5.7351179122924805
Epoch: 4720, Loss: 5.7099103927612305
Test acc: 0.0216, IC acc: 0.0268, IC acc2: 0.0034, IW acc: 0.0029
Epoch: 4721, Loss: 5.72232723236084
Epoch: 4722, Loss: 5.714539527893066
Epoch: 4723, Loss: 5.695749759674072
Epoch: 4724, Loss: 5.719219207763672
Epoch: 4725, Loss: 5.721498489379883
Epoch: 4726, Loss: 5.712121963500977
Epoch: 4727, Loss: 5.696654319763184
Epoch: 4728, Loss: 5.728940010070801
Epoch: 4729, Loss: 5.71132755279541
Epoch: 4730, Loss: 5.721177101135254
Test acc: 0.0217, IC acc: 0.0269, IC acc2: 0.0034, IW acc: 0.0028
Epoch: 4731, Loss: 5.721526145935059
Epoch: 4732, Loss: 5.698433876037598
Epoch: 4733, Loss: 5.711226463317871
Epoch: 4734, Loss: 5.708250522613525
Epoch: 4735, Loss: 5.714966773986816
Epoch: 4736, Loss: 5.707492828369141
Epoch: 4737, Loss: 5.706086158752441
Epoch: 4738, Loss: 5.707188606262207
Epoch: 4739, Loss: 5.7104902267456055
Epoch: 4740, Loss: 5.722505569458008
Test acc: 0.0217, IC acc: 0.0267, IC acc2: 0.0034, IW acc: 0.0028
Epoch: 4741, Loss: 5.715821743011475
Epoch: 4742, Loss: 5.711349964141846
Epoch: 4743, Loss: 5.721938133239746
Epoch: 4744, Loss: 5.702736854553223
Epoch: 4745, Loss: 5.7326340675354
Epoch: 4746, Loss: 5.7055511474609375
Epoch: 4747, Loss: 5.725527763366699
Epoch: 4748, Loss: 5.712973117828369
Epoch: 4749, Loss: 5.698810577392578
./circuit_plots/Unrestricted Disentangled|Readout|CN=3|B0=0|B1=2|K=1280|L=320|p_B=0.75|p_C=0.75|B=2|eps=0|cf538942-d2b2-427e-876d-3ee26c12f82b/ already exists.
./circuit_plots/Unrestricted Disentangled|Readout|CN=3|B0=0|B1=2|K=1280|L=320|p_B=0.75|p_C=0.75|B=2|eps=0|cf538942-d2b2-427e-876d-3ee26c12f82b/ already exists.
./circuit_plots/Unrestricted Disentangled|Readout|CN=3|B0=0|B1=2|K=1280|L=320|p_B=0.75|p_C=0.75|B=2|eps=0|cf538942-d2b2-427e-876d-3ee26c12f82b/ already exists.
./circuit_plots/Unrestricted Disentangled|Readout|CN=3|B0=0|B1=2|K=1280|L=320|p_B=0.75|p_C=0.75|B=2|eps=0|cf538942-d2b2-427e-876d-3ee26c12f82b/ already exists.
./circuit_plots/Unrestricted Disentangled|Readout|CN=3|B0=0|B1=2|K=1280|L=320|p_B=0.75|p_C=0.75|B=2|eps=0|cf538942-d2b2-427e-876d-3ee26c12f82b/ already exists.
./circuit_plots/Unrestricted Disentangled|Readout|CN=3|B0=0|B1=2|K=1280|L=320|p_B=0.75|p_C=0.75|B=2|eps=0|cf538942-d2b2-427e-876d-3ee26c12f82b/ already exists.
./circuit_plots/Unrestricted Disentangled|Readout|CN=3|B0=0|B1=2|K=1280|L=320|p_B=0.75|p_C=0.75|B=2|eps=0|cf538942-d2b2-427e-876d-3ee26c12f82b/ already exists.
Epoch: 4750, Loss: 5.724302768707275
Test acc: 0.0218, IC acc: 0.0269, IC acc2: 0.0034, IW acc: 0.0028
Epoch: 4751, Loss: 5.712996482849121
Epoch: 4752, Loss: 5.704991817474365
Epoch: 4753, Loss: 5.711635589599609
Epoch: 4754, Loss: 5.709592819213867
Epoch: 4755, Loss: 5.7044525146484375
Epoch: 4756, Loss: 5.704525470733643
Epoch: 4757, Loss: 5.718475341796875
Epoch: 4758, Loss: 5.724834442138672
Epoch: 4759, Loss: 5.709755897521973
Epoch: 4760, Loss: 5.725352764129639
Test acc: 0.022, IC acc: 0.027, IC acc2: 0.0034, IW acc: 0.0028
Epoch: 4761, Loss: 5.713376998901367
Epoch: 4762, Loss: 5.708889961242676
Epoch: 4763, Loss: 5.705239295959473
Epoch: 4764, Loss: 5.717164039611816
Epoch: 4765, Loss: 5.707946300506592
Epoch: 4766, Loss: 5.71134614944458
Epoch: 4767, Loss: 5.73775577545166
Epoch: 4768, Loss: 5.731050491333008
Epoch: 4769, Loss: 5.713464736938477
Epoch: 4770, Loss: 5.699589729309082
Test acc: 0.022, IC acc: 0.0271, IC acc2: 0.0034, IW acc: 0.0028
Epoch: 4771, Loss: 5.708415985107422
Epoch: 4772, Loss: 5.7081193923950195
Epoch: 4773, Loss: 5.721381664276123
Epoch: 4774, Loss: 5.710038185119629
Epoch: 4775, Loss: 5.725832939147949
Epoch: 4776, Loss: 5.7056050300598145
Epoch: 4777, Loss: 5.718449115753174
Epoch: 4778, Loss: 5.70235538482666
Epoch: 4779, Loss: 5.707239151000977
Epoch: 4780, Loss: 5.725702285766602
Test acc: 0.0222, IC acc: 0.0273, IC acc2: 0.0034, IW acc: 0.0028
Epoch: 4781, Loss: 5.689586639404297
Epoch: 4782, Loss: 5.70131254196167
Epoch: 4783, Loss: 5.730737686157227
Epoch: 4784, Loss: 5.710084438323975
Epoch: 4785, Loss: 5.710015296936035
Epoch: 4786, Loss: 5.724724769592285
Epoch: 4787, Loss: 5.715980529785156
Epoch: 4788, Loss: 5.717042446136475
Epoch: 4789, Loss: 5.701484680175781
Epoch: 4790, Loss: 5.7291717529296875
Test acc: 0.0224, IC acc: 0.0272, IC acc2: 0.0034, IW acc: 0.0028
Epoch: 4791, Loss: 5.7164692878723145
Epoch: 4792, Loss: 5.700094223022461
Epoch: 4793, Loss: 5.697180271148682
Epoch: 4794, Loss: 5.703608512878418
Epoch: 4795, Loss: 5.719398498535156
Epoch: 4796, Loss: 5.704091548919678
Epoch: 4797, Loss: 5.697662353515625
Epoch: 4798, Loss: 5.713466644287109
Epoch: 4799, Loss: 5.722489356994629
./circuit_plots/Unrestricted Disentangled|Readout|CN=3|B0=0|B1=2|K=1280|L=320|p_B=0.75|p_C=0.75|B=2|eps=0|cf538942-d2b2-427e-876d-3ee26c12f82b/ already exists.
./circuit_plots/Unrestricted Disentangled|Readout|CN=3|B0=0|B1=2|K=1280|L=320|p_B=0.75|p_C=0.75|B=2|eps=0|cf538942-d2b2-427e-876d-3ee26c12f82b/ already exists.
./circuit_plots/Unrestricted Disentangled|Readout|CN=3|B0=0|B1=2|K=1280|L=320|p_B=0.75|p_C=0.75|B=2|eps=0|cf538942-d2b2-427e-876d-3ee26c12f82b/ already exists.
./circuit_plots/Unrestricted Disentangled|Readout|CN=3|B0=0|B1=2|K=1280|L=320|p_B=0.75|p_C=0.75|B=2|eps=0|cf538942-d2b2-427e-876d-3ee26c12f82b/ already exists.
./circuit_plots/Unrestricted Disentangled|Readout|CN=3|B0=0|B1=2|K=1280|L=320|p_B=0.75|p_C=0.75|B=2|eps=0|cf538942-d2b2-427e-876d-3ee26c12f82b/ already exists.
./circuit_plots/Unrestricted Disentangled|Readout|CN=3|B0=0|B1=2|K=1280|L=320|p_B=0.75|p_C=0.75|B=2|eps=0|cf538942-d2b2-427e-876d-3ee26c12f82b/ already exists.
./circuit_plots/Unrestricted Disentangled|Readout|CN=3|B0=0|B1=2|K=1280|L=320|p_B=0.75|p_C=0.75|B=2|eps=0|cf538942-d2b2-427e-876d-3ee26c12f82b/ already exists.
Epoch: 4800, Loss: 5.709562301635742
Test acc: 0.0223, IC acc: 0.0271, IC acc2: 0.0034, IW acc: 0.0029
Epoch: 4801, Loss: 5.714573383331299
Epoch: 4802, Loss: 5.702434062957764
Epoch: 4803, Loss: 5.71408748626709
Epoch: 4804, Loss: 5.724798679351807
Epoch: 4805, Loss: 5.692587375640869
Epoch: 4806, Loss: 5.708442687988281
Epoch: 4807, Loss: 5.71532678604126
Epoch: 4808, Loss: 5.711588382720947
Epoch: 4809, Loss: 5.713584899902344
Epoch: 4810, Loss: 5.699310779571533
Test acc: 0.0225, IC acc: 0.0274, IC acc2: 0.0033, IW acc: 0.0029
Epoch: 4811, Loss: 5.714410781860352
Epoch: 4812, Loss: 5.698831558227539
Epoch: 4813, Loss: 5.700300216674805
Epoch: 4814, Loss: 5.7158918380737305
Epoch: 4815, Loss: 5.6951494216918945
Epoch: 4816, Loss: 5.70695161819458
Epoch: 4817, Loss: 5.707152366638184
Epoch: 4818, Loss: 5.700217247009277
Epoch: 4819, Loss: 5.705478668212891
Epoch: 4820, Loss: 5.696441173553467
Test acc: 0.0227, IC acc: 0.0278, IC acc2: 0.0033, IW acc: 0.0029
Epoch: 4821, Loss: 5.722805023193359
Epoch: 4822, Loss: 5.717860221862793
Epoch: 4823, Loss: 5.725293159484863
Epoch: 4824, Loss: 5.722772121429443
Epoch: 4825, Loss: 5.695281505584717
Epoch: 4826, Loss: 5.709733009338379
Epoch: 4827, Loss: 5.716310024261475
Epoch: 4828, Loss: 5.710395812988281
Epoch: 4829, Loss: 5.703711986541748
Epoch: 4830, Loss: 5.704619884490967
Test acc: 0.0226, IC acc: 0.0279, IC acc2: 0.0034, IW acc: 0.0028
Epoch: 4831, Loss: 5.706646919250488
Epoch: 4832, Loss: 5.707091331481934
Epoch: 4833, Loss: 5.740769386291504
Epoch: 4834, Loss: 5.7137651443481445
Epoch: 4835, Loss: 5.726546287536621
Epoch: 4836, Loss: 5.726924419403076
Epoch: 4837, Loss: 5.71783447265625
Epoch: 4838, Loss: 5.698581695556641
Epoch: 4839, Loss: 5.70870304107666
Epoch: 4840, Loss: 5.721068859100342
Test acc: 0.0226, IC acc: 0.0281, IC acc2: 0.0034, IW acc: 0.0029
Epoch: 4841, Loss: 5.731005668640137
Epoch: 4842, Loss: 5.719174385070801
Epoch: 4843, Loss: 5.720620155334473
Epoch: 4844, Loss: 5.707962512969971
Epoch: 4845, Loss: 5.726820945739746
Epoch: 4846, Loss: 5.704778671264648
Epoch: 4847, Loss: 5.717299461364746
Epoch: 4848, Loss: 5.714346885681152
Epoch: 4849, Loss: 5.702018737792969
./circuit_plots/Unrestricted Disentangled|Readout|CN=3|B0=0|B1=2|K=1280|L=320|p_B=0.75|p_C=0.75|B=2|eps=0|cf538942-d2b2-427e-876d-3ee26c12f82b/ already exists.
./circuit_plots/Unrestricted Disentangled|Readout|CN=3|B0=0|B1=2|K=1280|L=320|p_B=0.75|p_C=0.75|B=2|eps=0|cf538942-d2b2-427e-876d-3ee26c12f82b/ already exists.
./circuit_plots/Unrestricted Disentangled|Readout|CN=3|B0=0|B1=2|K=1280|L=320|p_B=0.75|p_C=0.75|B=2|eps=0|cf538942-d2b2-427e-876d-3ee26c12f82b/ already exists.
./circuit_plots/Unrestricted Disentangled|Readout|CN=3|B0=0|B1=2|K=1280|L=320|p_B=0.75|p_C=0.75|B=2|eps=0|cf538942-d2b2-427e-876d-3ee26c12f82b/ already exists.
./circuit_plots/Unrestricted Disentangled|Readout|CN=3|B0=0|B1=2|K=1280|L=320|p_B=0.75|p_C=0.75|B=2|eps=0|cf538942-d2b2-427e-876d-3ee26c12f82b/ already exists.
./circuit_plots/Unrestricted Disentangled|Readout|CN=3|B0=0|B1=2|K=1280|L=320|p_B=0.75|p_C=0.75|B=2|eps=0|cf538942-d2b2-427e-876d-3ee26c12f82b/ already exists.
./circuit_plots/Unrestricted Disentangled|Readout|CN=3|B0=0|B1=2|K=1280|L=320|p_B=0.75|p_C=0.75|B=2|eps=0|cf538942-d2b2-427e-876d-3ee26c12f82b/ already exists.
Epoch: 4850, Loss: 5.7158050537109375
Test acc: 0.0228, IC acc: 0.0283, IC acc2: 0.0033, IW acc: 0.0029
Epoch: 4851, Loss: 5.710312843322754
Epoch: 4852, Loss: 5.72480583190918
Epoch: 4853, Loss: 5.71729850769043
Epoch: 4854, Loss: 5.707658767700195
Epoch: 4855, Loss: 5.699907302856445
Epoch: 4856, Loss: 5.726043224334717
Epoch: 4857, Loss: 5.712352752685547
Epoch: 4858, Loss: 5.686027526855469
Epoch: 4859, Loss: 5.71467399597168
Epoch: 4860, Loss: 5.6958770751953125
Test acc: 0.0228, IC acc: 0.0285, IC acc2: 0.0034, IW acc: 0.0029
Epoch: 4861, Loss: 5.708569526672363
Epoch: 4862, Loss: 5.715478420257568
Epoch: 4863, Loss: 5.701422214508057
Epoch: 4864, Loss: 5.704941749572754
Epoch: 4865, Loss: 5.712795257568359
Epoch: 4866, Loss: 5.700819969177246
Epoch: 4867, Loss: 5.718164443969727
Epoch: 4868, Loss: 5.701692581176758
Epoch: 4869, Loss: 5.723522186279297
Epoch: 4870, Loss: 5.690130233764648
Test acc: 0.0231, IC acc: 0.0285, IC acc2: 0.0033, IW acc: 0.0029
Epoch: 4871, Loss: 5.711087703704834
Epoch: 4872, Loss: 5.711514472961426
Epoch: 4873, Loss: 5.692523002624512
Epoch: 4874, Loss: 5.724471569061279
Epoch: 4875, Loss: 5.7064385414123535
Epoch: 4876, Loss: 5.708677291870117
Epoch: 4877, Loss: 5.699723243713379
Epoch: 4878, Loss: 5.732826232910156
Epoch: 4879, Loss: 5.718443393707275
Epoch: 4880, Loss: 5.726354122161865
Test acc: 0.0232, IC acc: 0.0285, IC acc2: 0.0032, IW acc: 0.0029
Epoch: 4881, Loss: 5.720975875854492
Epoch: 4882, Loss: 5.69675874710083
Epoch: 4883, Loss: 5.708305358886719
Epoch: 4884, Loss: 5.712759494781494
Epoch: 4885, Loss: 5.723322868347168
Epoch: 4886, Loss: 5.706774711608887
Epoch: 4887, Loss: 5.712486267089844
Epoch: 4888, Loss: 5.705349922180176
Epoch: 4889, Loss: 5.706150054931641
Epoch: 4890, Loss: 5.706508159637451
Test acc: 0.0231, IC acc: 0.0287, IC acc2: 0.0032, IW acc: 0.0028
Epoch: 4891, Loss: 5.704829216003418
Epoch: 4892, Loss: 5.694137096405029
Epoch: 4893, Loss: 5.696874618530273
Epoch: 4894, Loss: 5.696892738342285
Epoch: 4895, Loss: 5.7047648429870605
Epoch: 4896, Loss: 5.718811511993408
Epoch: 4897, Loss: 5.709272384643555
Epoch: 4898, Loss: 5.716960906982422
Epoch: 4899, Loss: 5.712162494659424
./circuit_plots/Unrestricted Disentangled|Readout|CN=3|B0=0|B1=2|K=1280|L=320|p_B=0.75|p_C=0.75|B=2|eps=0|cf538942-d2b2-427e-876d-3ee26c12f82b/ already exists.
./circuit_plots/Unrestricted Disentangled|Readout|CN=3|B0=0|B1=2|K=1280|L=320|p_B=0.75|p_C=0.75|B=2|eps=0|cf538942-d2b2-427e-876d-3ee26c12f82b/ already exists.
./circuit_plots/Unrestricted Disentangled|Readout|CN=3|B0=0|B1=2|K=1280|L=320|p_B=0.75|p_C=0.75|B=2|eps=0|cf538942-d2b2-427e-876d-3ee26c12f82b/ already exists.
./circuit_plots/Unrestricted Disentangled|Readout|CN=3|B0=0|B1=2|K=1280|L=320|p_B=0.75|p_C=0.75|B=2|eps=0|cf538942-d2b2-427e-876d-3ee26c12f82b/ already exists.
./circuit_plots/Unrestricted Disentangled|Readout|CN=3|B0=0|B1=2|K=1280|L=320|p_B=0.75|p_C=0.75|B=2|eps=0|cf538942-d2b2-427e-876d-3ee26c12f82b/ already exists.
./circuit_plots/Unrestricted Disentangled|Readout|CN=3|B0=0|B1=2|K=1280|L=320|p_B=0.75|p_C=0.75|B=2|eps=0|cf538942-d2b2-427e-876d-3ee26c12f82b/ already exists.
./circuit_plots/Unrestricted Disentangled|Readout|CN=3|B0=0|B1=2|K=1280|L=320|p_B=0.75|p_C=0.75|B=2|eps=0|cf538942-d2b2-427e-876d-3ee26c12f82b/ already exists.
Epoch: 4900, Loss: 5.717975616455078
Test acc: 0.0232, IC acc: 0.0289, IC acc2: 0.0032, IW acc: 0.0028
Epoch: 4901, Loss: 5.735574722290039
Epoch: 4902, Loss: 5.711881160736084
Epoch: 4903, Loss: 5.711268424987793
Epoch: 4904, Loss: 5.699872016906738
Epoch: 4905, Loss: 5.720782279968262
Epoch: 4906, Loss: 5.746639251708984
Epoch: 4907, Loss: 5.701128005981445
Epoch: 4908, Loss: 5.731887340545654
Epoch: 4909, Loss: 5.724150657653809
Epoch: 4910, Loss: 5.717162132263184
Test acc: 0.0235, IC acc: 0.0289, IC acc2: 0.0032, IW acc: 0.0028
Epoch: 4911, Loss: 5.6979475021362305
Epoch: 4912, Loss: 5.71168327331543
Epoch: 4913, Loss: 5.699878215789795
Epoch: 4914, Loss: 5.702548980712891
Epoch: 4915, Loss: 5.699377059936523
Epoch: 4916, Loss: 5.696185111999512
Epoch: 4917, Loss: 5.729203224182129
Epoch: 4918, Loss: 5.725543022155762
Epoch: 4919, Loss: 5.699782371520996
Epoch: 4920, Loss: 5.731767177581787
Test acc: 0.0238, IC acc: 0.0288, IC acc2: 0.0032, IW acc: 0.0027
Epoch: 4921, Loss: 5.717267990112305
Epoch: 4922, Loss: 5.69658899307251
Epoch: 4923, Loss: 5.703030586242676
Epoch: 4924, Loss: 5.699469566345215
Epoch: 4925, Loss: 5.730947494506836
Epoch: 4926, Loss: 5.721977233886719
Epoch: 4927, Loss: 5.715581893920898
Epoch: 4928, Loss: 5.716605186462402
Epoch: 4929, Loss: 5.6996989250183105
Epoch: 4930, Loss: 5.71097469329834
Test acc: 0.0238, IC acc: 0.0288, IC acc2: 0.0032, IW acc: 0.0028
Epoch: 4931, Loss: 5.7059478759765625
Epoch: 4932, Loss: 5.708947658538818
Epoch: 4933, Loss: 5.700117588043213
Epoch: 4934, Loss: 5.718095779418945
Epoch: 4935, Loss: 5.717974662780762
Epoch: 4936, Loss: 5.699138641357422
Epoch: 4937, Loss: 5.733100891113281
Epoch: 4938, Loss: 5.7059326171875
Epoch: 4939, Loss: 5.718782424926758
Epoch: 4940, Loss: 5.683439254760742
Test acc: 0.0236, IC acc: 0.029, IC acc2: 0.0032, IW acc: 0.0028
Epoch: 4941, Loss: 5.713037490844727
Epoch: 4942, Loss: 5.700987815856934
Epoch: 4943, Loss: 5.698617935180664
Epoch: 4944, Loss: 5.7102789878845215
Epoch: 4945, Loss: 5.734891891479492
Epoch: 4946, Loss: 5.687787055969238
Epoch: 4947, Loss: 5.711337089538574
Epoch: 4948, Loss: 5.71112060546875
Epoch: 4949, Loss: 5.714237213134766
./circuit_plots/Unrestricted Disentangled|Readout|CN=3|B0=0|B1=2|K=1280|L=320|p_B=0.75|p_C=0.75|B=2|eps=0|cf538942-d2b2-427e-876d-3ee26c12f82b/ already exists.
./circuit_plots/Unrestricted Disentangled|Readout|CN=3|B0=0|B1=2|K=1280|L=320|p_B=0.75|p_C=0.75|B=2|eps=0|cf538942-d2b2-427e-876d-3ee26c12f82b/ already exists.
./circuit_plots/Unrestricted Disentangled|Readout|CN=3|B0=0|B1=2|K=1280|L=320|p_B=0.75|p_C=0.75|B=2|eps=0|cf538942-d2b2-427e-876d-3ee26c12f82b/ already exists.
./circuit_plots/Unrestricted Disentangled|Readout|CN=3|B0=0|B1=2|K=1280|L=320|p_B=0.75|p_C=0.75|B=2|eps=0|cf538942-d2b2-427e-876d-3ee26c12f82b/ already exists.
./circuit_plots/Unrestricted Disentangled|Readout|CN=3|B0=0|B1=2|K=1280|L=320|p_B=0.75|p_C=0.75|B=2|eps=0|cf538942-d2b2-427e-876d-3ee26c12f82b/ already exists.
./circuit_plots/Unrestricted Disentangled|Readout|CN=3|B0=0|B1=2|K=1280|L=320|p_B=0.75|p_C=0.75|B=2|eps=0|cf538942-d2b2-427e-876d-3ee26c12f82b/ already exists.
./circuit_plots/Unrestricted Disentangled|Readout|CN=3|B0=0|B1=2|K=1280|L=320|p_B=0.75|p_C=0.75|B=2|eps=0|cf538942-d2b2-427e-876d-3ee26c12f82b/ already exists.
Epoch: 4950, Loss: 5.703655242919922
Test acc: 0.0236, IC acc: 0.029, IC acc2: 0.0032, IW acc: 0.0028
Epoch: 4951, Loss: 5.6986846923828125
Epoch: 4952, Loss: 5.704407691955566
Epoch: 4953, Loss: 5.716019630432129
Epoch: 4954, Loss: 5.710976600646973
Epoch: 4955, Loss: 5.729972839355469
Epoch: 4956, Loss: 5.707807540893555
Epoch: 4957, Loss: 5.7018914222717285
Epoch: 4958, Loss: 5.732933044433594
Epoch: 4959, Loss: 5.712162017822266
Epoch: 4960, Loss: 5.698477268218994
Test acc: 0.0238, IC acc: 0.0291, IC acc2: 0.0033, IW acc: 0.0028
Epoch: 4961, Loss: 5.712935924530029
Epoch: 4962, Loss: 5.72757625579834
Epoch: 4963, Loss: 5.699150085449219
Epoch: 4964, Loss: 5.71116828918457
Epoch: 4965, Loss: 5.6938395500183105
Epoch: 4966, Loss: 5.707674980163574
Epoch: 4967, Loss: 5.712169647216797
Epoch: 4968, Loss: 5.702905654907227
Epoch: 4969, Loss: 5.696502685546875
Epoch: 4970, Loss: 5.711135387420654
Test acc: 0.0239, IC acc: 0.0294, IC acc2: 0.0034, IW acc: 0.0028
Epoch: 4971, Loss: 5.70767879486084
Epoch: 4972, Loss: 5.708880424499512
Epoch: 4973, Loss: 5.724173545837402
Epoch: 4974, Loss: 5.71482515335083
Epoch: 4975, Loss: 5.719691753387451
Epoch: 4976, Loss: 5.706149101257324
Epoch: 4977, Loss: 5.700120449066162
Epoch: 4978, Loss: 5.696961402893066
Epoch: 4979, Loss: 5.687187194824219
Epoch: 4980, Loss: 5.697870254516602
Test acc: 0.0241, IC acc: 0.0295, IC acc2: 0.0033, IW acc: 0.0028
Epoch: 4981, Loss: 5.717061996459961
Epoch: 4982, Loss: 5.712851524353027
Epoch: 4983, Loss: 5.708659648895264
Epoch: 4984, Loss: 5.719690322875977
Epoch: 4985, Loss: 5.70955753326416
Epoch: 4986, Loss: 5.709872245788574
Epoch: 4987, Loss: 5.710719108581543
Epoch: 4988, Loss: 5.706353187561035
Epoch: 4989, Loss: 5.7060651779174805
Epoch: 4990, Loss: 5.70688533782959
Test acc: 0.0243, IC acc: 0.0297, IC acc2: 0.0033, IW acc: 0.0027
Epoch: 4991, Loss: 5.711982727050781
Epoch: 4992, Loss: 5.723972320556641
Epoch: 4993, Loss: 5.69381046295166
Epoch: 4994, Loss: 5.710749626159668
Epoch: 4995, Loss: 5.71246337890625
Epoch: 4996, Loss: 5.71903657913208
Epoch: 4997, Loss: 5.705589771270752
Epoch: 4998, Loss: 5.715730667114258
Epoch: 4999, Loss: 5.7259979248046875
./circuit_plots/Unrestricted Disentangled|Readout|CN=3|B0=0|B1=2|K=1280|L=320|p_B=0.75|p_C=0.75|B=2|eps=0|cf538942-d2b2-427e-876d-3ee26c12f82b/ already exists.
./circuit_plots/Unrestricted Disentangled|Readout|CN=3|B0=0|B1=2|K=1280|L=320|p_B=0.75|p_C=0.75|B=2|eps=0|cf538942-d2b2-427e-876d-3ee26c12f82b/ already exists.
./circuit_plots/Unrestricted Disentangled|Readout|CN=3|B0=0|B1=2|K=1280|L=320|p_B=0.75|p_C=0.75|B=2|eps=0|cf538942-d2b2-427e-876d-3ee26c12f82b/ already exists.
./circuit_plots/Unrestricted Disentangled|Readout|CN=3|B0=0|B1=2|K=1280|L=320|p_B=0.75|p_C=0.75|B=2|eps=0|cf538942-d2b2-427e-876d-3ee26c12f82b/ already exists.
./circuit_plots/Unrestricted Disentangled|Readout|CN=3|B0=0|B1=2|K=1280|L=320|p_B=0.75|p_C=0.75|B=2|eps=0|cf538942-d2b2-427e-876d-3ee26c12f82b/ already exists.
./circuit_plots/Unrestricted Disentangled|Readout|CN=3|B0=0|B1=2|K=1280|L=320|p_B=0.75|p_C=0.75|B=2|eps=0|cf538942-d2b2-427e-876d-3ee26c12f82b/ already exists.
./circuit_plots/Unrestricted Disentangled|Readout|CN=3|B0=0|B1=2|K=1280|L=320|p_B=0.75|p_C=0.75|B=2|eps=0|cf538942-d2b2-427e-876d-3ee26c12f82b/ already exists.
Epoch: 5000, Loss: 5.725485324859619
Test acc: 0.0242, IC acc: 0.0297, IC acc2: 0.0034, IW acc: 0.0027
Epoch: 5001, Loss: 5.713668346405029
Epoch: 5002, Loss: 5.7205119132995605
Epoch: 5003, Loss: 5.718503475189209
Epoch: 5004, Loss: 5.719969272613525
Epoch: 5005, Loss: 5.709052562713623
Epoch: 5006, Loss: 5.707328796386719
Epoch: 5007, Loss: 5.698163032531738
Epoch: 5008, Loss: 5.707333087921143
Epoch: 5009, Loss: 5.7108259201049805
Epoch: 5010, Loss: 5.72830057144165
Test acc: 0.0246, IC acc: 0.0299, IC acc2: 0.0033, IW acc: 0.0026
Epoch: 5011, Loss: 5.717445373535156
Epoch: 5012, Loss: 5.7046895027160645
Epoch: 5013, Loss: 5.7226057052612305
Epoch: 5014, Loss: 5.71511173248291
Epoch: 5015, Loss: 5.724327087402344
Epoch: 5016, Loss: 5.7131571769714355
Epoch: 5017, Loss: 5.699705600738525
Epoch: 5018, Loss: 5.721466064453125
Epoch: 5019, Loss: 5.705801486968994
Epoch: 5020, Loss: 5.7160444259643555
Test acc: 0.0247, IC acc: 0.0301, IC acc2: 0.0033, IW acc: 0.0026
Epoch: 5021, Loss: 5.728349208831787
Epoch: 5022, Loss: 5.7071709632873535
Epoch: 5023, Loss: 5.699382781982422
Epoch: 5024, Loss: 5.699777603149414
Epoch: 5025, Loss: 5.71282958984375
Epoch: 5026, Loss: 5.710618019104004
Epoch: 5027, Loss: 5.706667900085449
Epoch: 5028, Loss: 5.722275733947754
Epoch: 5029, Loss: 5.706278324127197
Epoch: 5030, Loss: 5.721334457397461
Test acc: 0.0245, IC acc: 0.0301, IC acc2: 0.0033, IW acc: 0.0026
Epoch: 5031, Loss: 5.715188026428223
Epoch: 5032, Loss: 5.716639518737793
Epoch: 5033, Loss: 5.681652069091797
Epoch: 5034, Loss: 5.71092414855957
Epoch: 5035, Loss: 5.711890697479248
Epoch: 5036, Loss: 5.7184553146362305
Epoch: 5037, Loss: 5.7131757736206055
Epoch: 5038, Loss: 5.718303680419922
Epoch: 5039, Loss: 5.697020530700684
Epoch: 5040, Loss: 5.704394817352295
Test acc: 0.0248, IC acc: 0.03, IC acc2: 0.0033, IW acc: 0.0026
Epoch: 5041, Loss: 5.7128682136535645
Epoch: 5042, Loss: 5.705000400543213
Epoch: 5043, Loss: 5.700632095336914
Epoch: 5044, Loss: 5.701129913330078
Epoch: 5045, Loss: 5.704411506652832
Epoch: 5046, Loss: 5.7207441329956055
Epoch: 5047, Loss: 5.70302677154541
Epoch: 5048, Loss: 5.697247505187988
Epoch: 5049, Loss: 5.712888717651367
./circuit_plots/Unrestricted Disentangled|Readout|CN=3|B0=0|B1=2|K=1280|L=320|p_B=0.75|p_C=0.75|B=2|eps=0|cf538942-d2b2-427e-876d-3ee26c12f82b/ already exists.
./circuit_plots/Unrestricted Disentangled|Readout|CN=3|B0=0|B1=2|K=1280|L=320|p_B=0.75|p_C=0.75|B=2|eps=0|cf538942-d2b2-427e-876d-3ee26c12f82b/ already exists.
./circuit_plots/Unrestricted Disentangled|Readout|CN=3|B0=0|B1=2|K=1280|L=320|p_B=0.75|p_C=0.75|B=2|eps=0|cf538942-d2b2-427e-876d-3ee26c12f82b/ already exists.
./circuit_plots/Unrestricted Disentangled|Readout|CN=3|B0=0|B1=2|K=1280|L=320|p_B=0.75|p_C=0.75|B=2|eps=0|cf538942-d2b2-427e-876d-3ee26c12f82b/ already exists.
./circuit_plots/Unrestricted Disentangled|Readout|CN=3|B0=0|B1=2|K=1280|L=320|p_B=0.75|p_C=0.75|B=2|eps=0|cf538942-d2b2-427e-876d-3ee26c12f82b/ already exists.
./circuit_plots/Unrestricted Disentangled|Readout|CN=3|B0=0|B1=2|K=1280|L=320|p_B=0.75|p_C=0.75|B=2|eps=0|cf538942-d2b2-427e-876d-3ee26c12f82b/ already exists.
./circuit_plots/Unrestricted Disentangled|Readout|CN=3|B0=0|B1=2|K=1280|L=320|p_B=0.75|p_C=0.75|B=2|eps=0|cf538942-d2b2-427e-876d-3ee26c12f82b/ already exists.
Epoch: 5050, Loss: 5.69972038269043
Test acc: 0.0249, IC acc: 0.0303, IC acc2: 0.0033, IW acc: 0.0026
Epoch: 5051, Loss: 5.7032341957092285
Epoch: 5052, Loss: 5.697633743286133
Epoch: 5053, Loss: 5.712193489074707
Epoch: 5054, Loss: 5.701171875
Epoch: 5055, Loss: 5.718466758728027
Epoch: 5056, Loss: 5.720699787139893
Epoch: 5057, Loss: 5.7077131271362305
Epoch: 5058, Loss: 5.716108322143555
Epoch: 5059, Loss: 5.71429443359375
Epoch: 5060, Loss: 5.702123641967773
Test acc: 0.0249, IC acc: 0.0303, IC acc2: 0.0035, IW acc: 0.0026
Epoch: 5061, Loss: 5.7054338455200195
Epoch: 5062, Loss: 5.700664043426514
Epoch: 5063, Loss: 5.734074592590332
Epoch: 5064, Loss: 5.703431129455566
Epoch: 5065, Loss: 5.704161643981934
Epoch: 5066, Loss: 5.732388496398926
Epoch: 5067, Loss: 5.696578025817871
Epoch: 5068, Loss: 5.70659875869751
Epoch: 5069, Loss: 5.711647033691406
Epoch: 5070, Loss: 5.73173713684082
Test acc: 0.0249, IC acc: 0.0303, IC acc2: 0.0034, IW acc: 0.0026
Epoch: 5071, Loss: 5.713945388793945
Epoch: 5072, Loss: 5.69308614730835
Epoch: 5073, Loss: 5.715827941894531
Epoch: 5074, Loss: 5.705170631408691
Epoch: 5075, Loss: 5.731239318847656
Epoch: 5076, Loss: 5.7054524421691895
Epoch: 5077, Loss: 5.700431823730469
Epoch: 5078, Loss: 5.70944881439209
Epoch: 5079, Loss: 5.701783657073975
Epoch: 5080, Loss: 5.693441867828369
Test acc: 0.0249, IC acc: 0.0303, IC acc2: 0.0033, IW acc: 0.0026
Epoch: 5081, Loss: 5.7344865798950195
Epoch: 5082, Loss: 5.736242294311523
Epoch: 5083, Loss: 5.705325126647949
Epoch: 5084, Loss: 5.706742286682129
Epoch: 5085, Loss: 5.696463584899902
Epoch: 5086, Loss: 5.713308334350586
Epoch: 5087, Loss: 5.7107391357421875
Epoch: 5088, Loss: 5.70382022857666
Epoch: 5089, Loss: 5.726336479187012
Epoch: 5090, Loss: 5.718811988830566
Test acc: 0.0253, IC acc: 0.0304, IC acc2: 0.0032, IW acc: 0.0027
Epoch: 5091, Loss: 5.714937686920166
Epoch: 5092, Loss: 5.72659158706665
Epoch: 5093, Loss: 5.705585479736328
Epoch: 5094, Loss: 5.708947658538818
Epoch: 5095, Loss: 5.694429397583008
Epoch: 5096, Loss: 5.691315650939941
Epoch: 5097, Loss: 5.710345268249512
Epoch: 5098, Loss: 5.723676681518555
Epoch: 5099, Loss: 5.715291976928711
./circuit_plots/Unrestricted Disentangled|Readout|CN=3|B0=0|B1=2|K=1280|L=320|p_B=0.75|p_C=0.75|B=2|eps=0|cf538942-d2b2-427e-876d-3ee26c12f82b/ already exists.
./circuit_plots/Unrestricted Disentangled|Readout|CN=3|B0=0|B1=2|K=1280|L=320|p_B=0.75|p_C=0.75|B=2|eps=0|cf538942-d2b2-427e-876d-3ee26c12f82b/ already exists.
./circuit_plots/Unrestricted Disentangled|Readout|CN=3|B0=0|B1=2|K=1280|L=320|p_B=0.75|p_C=0.75|B=2|eps=0|cf538942-d2b2-427e-876d-3ee26c12f82b/ already exists.
./circuit_plots/Unrestricted Disentangled|Readout|CN=3|B0=0|B1=2|K=1280|L=320|p_B=0.75|p_C=0.75|B=2|eps=0|cf538942-d2b2-427e-876d-3ee26c12f82b/ already exists.
./circuit_plots/Unrestricted Disentangled|Readout|CN=3|B0=0|B1=2|K=1280|L=320|p_B=0.75|p_C=0.75|B=2|eps=0|cf538942-d2b2-427e-876d-3ee26c12f82b/ already exists.
./circuit_plots/Unrestricted Disentangled|Readout|CN=3|B0=0|B1=2|K=1280|L=320|p_B=0.75|p_C=0.75|B=2|eps=0|cf538942-d2b2-427e-876d-3ee26c12f82b/ already exists.
./circuit_plots/Unrestricted Disentangled|Readout|CN=3|B0=0|B1=2|K=1280|L=320|p_B=0.75|p_C=0.75|B=2|eps=0|cf538942-d2b2-427e-876d-3ee26c12f82b/ already exists.
Epoch: 5100, Loss: 5.702923774719238
Test acc: 0.0254, IC acc: 0.0306, IC acc2: 0.0032, IW acc: 0.0027
Epoch: 5101, Loss: 5.683787822723389
Epoch: 5102, Loss: 5.7109575271606445
Epoch: 5103, Loss: 5.707449913024902
Epoch: 5104, Loss: 5.722263336181641
Epoch: 5105, Loss: 5.703071594238281
Epoch: 5106, Loss: 5.7031965255737305
Epoch: 5107, Loss: 5.6944475173950195
Epoch: 5108, Loss: 5.711030960083008
Epoch: 5109, Loss: 5.703015327453613
Epoch: 5110, Loss: 5.708300590515137
Test acc: 0.0256, IC acc: 0.0309, IC acc2: 0.0032, IW acc: 0.0027
Epoch: 5111, Loss: 5.711367607116699
Epoch: 5112, Loss: 5.701173782348633
Epoch: 5113, Loss: 5.712343215942383
Epoch: 5114, Loss: 5.721348285675049
Epoch: 5115, Loss: 5.70782995223999
Epoch: 5116, Loss: 5.731565475463867
Epoch: 5117, Loss: 5.703253269195557
Epoch: 5118, Loss: 5.715439796447754
Epoch: 5119, Loss: 5.729006290435791
Epoch: 5120, Loss: 5.711176872253418
Test acc: 0.0257, IC acc: 0.0309, IC acc2: 0.0033, IW acc: 0.0027
Epoch: 5121, Loss: 5.717318058013916
Epoch: 5122, Loss: 5.706761360168457
Epoch: 5123, Loss: 5.707498550415039
Epoch: 5124, Loss: 5.708224296569824
Epoch: 5125, Loss: 5.720649719238281
Epoch: 5126, Loss: 5.691495895385742
Epoch: 5127, Loss: 5.690495491027832
Epoch: 5128, Loss: 5.715715408325195
Epoch: 5129, Loss: 5.715470314025879
Epoch: 5130, Loss: 5.7176642417907715
Test acc: 0.0256, IC acc: 0.0316, IC acc2: 0.0032, IW acc: 0.0027
Epoch: 5131, Loss: 5.715353012084961
Epoch: 5132, Loss: 5.718215465545654
Epoch: 5133, Loss: 5.695211887359619
Epoch: 5134, Loss: 5.709391117095947
Epoch: 5135, Loss: 5.7025861740112305
Epoch: 5136, Loss: 5.69845724105835
Epoch: 5137, Loss: 5.712854385375977
Epoch: 5138, Loss: 5.702592372894287
Epoch: 5139, Loss: 5.72263240814209
Epoch: 5140, Loss: 5.707317352294922
Test acc: 0.0258, IC acc: 0.0311, IC acc2: 0.0034, IW acc: 0.0027
Epoch: 5141, Loss: 5.71867036819458
Epoch: 5142, Loss: 5.720413684844971
Epoch: 5143, Loss: 5.7141218185424805
Epoch: 5144, Loss: 5.711570739746094
Epoch: 5145, Loss: 5.7138800621032715
Epoch: 5146, Loss: 5.709202766418457
Epoch: 5147, Loss: 5.703771591186523
Epoch: 5148, Loss: 5.698655128479004
Epoch: 5149, Loss: 5.708196640014648
./circuit_plots/Unrestricted Disentangled|Readout|CN=3|B0=0|B1=2|K=1280|L=320|p_B=0.75|p_C=0.75|B=2|eps=0|cf538942-d2b2-427e-876d-3ee26c12f82b/ already exists.
./circuit_plots/Unrestricted Disentangled|Readout|CN=3|B0=0|B1=2|K=1280|L=320|p_B=0.75|p_C=0.75|B=2|eps=0|cf538942-d2b2-427e-876d-3ee26c12f82b/ already exists.
./circuit_plots/Unrestricted Disentangled|Readout|CN=3|B0=0|B1=2|K=1280|L=320|p_B=0.75|p_C=0.75|B=2|eps=0|cf538942-d2b2-427e-876d-3ee26c12f82b/ already exists.
./circuit_plots/Unrestricted Disentangled|Readout|CN=3|B0=0|B1=2|K=1280|L=320|p_B=0.75|p_C=0.75|B=2|eps=0|cf538942-d2b2-427e-876d-3ee26c12f82b/ already exists.
./circuit_plots/Unrestricted Disentangled|Readout|CN=3|B0=0|B1=2|K=1280|L=320|p_B=0.75|p_C=0.75|B=2|eps=0|cf538942-d2b2-427e-876d-3ee26c12f82b/ already exists.
./circuit_plots/Unrestricted Disentangled|Readout|CN=3|B0=0|B1=2|K=1280|L=320|p_B=0.75|p_C=0.75|B=2|eps=0|cf538942-d2b2-427e-876d-3ee26c12f82b/ already exists.
./circuit_plots/Unrestricted Disentangled|Readout|CN=3|B0=0|B1=2|K=1280|L=320|p_B=0.75|p_C=0.75|B=2|eps=0|cf538942-d2b2-427e-876d-3ee26c12f82b/ already exists.
Epoch: 5150, Loss: 5.706305980682373
Test acc: 0.0258, IC acc: 0.0315, IC acc2: 0.0034, IW acc: 0.0026
Epoch: 5151, Loss: 5.707723617553711
Epoch: 5152, Loss: 5.7042083740234375
Epoch: 5153, Loss: 5.678467273712158
Epoch: 5154, Loss: 5.697873115539551
Epoch: 5155, Loss: 5.695354461669922
Epoch: 5156, Loss: 5.7116498947143555
Epoch: 5157, Loss: 5.728397369384766
Epoch: 5158, Loss: 5.701877117156982
Epoch: 5159, Loss: 5.716466426849365
Epoch: 5160, Loss: 5.714141368865967
Test acc: 0.0258, IC acc: 0.0318, IC acc2: 0.0032, IW acc: 0.0025
Epoch: 5161, Loss: 5.705539226531982
Epoch: 5162, Loss: 5.71009635925293
Epoch: 5163, Loss: 5.714715480804443
Epoch: 5164, Loss: 5.700984954833984
Epoch: 5165, Loss: 5.700576305389404
Epoch: 5166, Loss: 5.714917182922363
Epoch: 5167, Loss: 5.708250999450684
Epoch: 5168, Loss: 5.725589752197266
Epoch: 5169, Loss: 5.699213981628418
Epoch: 5170, Loss: 5.708379745483398
Test acc: 0.0259, IC acc: 0.0318, IC acc2: 0.0033, IW acc: 0.0025
Epoch: 5171, Loss: 5.695004463195801
Epoch: 5172, Loss: 5.7176618576049805
Epoch: 5173, Loss: 5.7018938064575195
Epoch: 5174, Loss: 5.704105854034424
Epoch: 5175, Loss: 5.7148590087890625
Epoch: 5176, Loss: 5.724011421203613
Epoch: 5177, Loss: 5.696698188781738
Epoch: 5178, Loss: 5.717705249786377
Epoch: 5179, Loss: 5.696724891662598
Epoch: 5180, Loss: 5.721312522888184
Test acc: 0.0261, IC acc: 0.0321, IC acc2: 0.0033, IW acc: 0.0026
Epoch: 5181, Loss: 5.705278396606445
Epoch: 5182, Loss: 5.708889007568359
Epoch: 5183, Loss: 5.720648765563965
Epoch: 5184, Loss: 5.698328971862793
Epoch: 5185, Loss: 5.730093955993652
Epoch: 5186, Loss: 5.690056800842285
Epoch: 5187, Loss: 5.7113037109375
Epoch: 5188, Loss: 5.700482368469238
Epoch: 5189, Loss: 5.685308933258057
Epoch: 5190, Loss: 5.69625186920166
Test acc: 0.0262, IC acc: 0.0322, IC acc2: 0.0033, IW acc: 0.0025
Epoch: 5191, Loss: 5.700891017913818
Epoch: 5192, Loss: 5.705530166625977
Epoch: 5193, Loss: 5.694003105163574
Epoch: 5194, Loss: 5.694993019104004
Epoch: 5195, Loss: 5.724691390991211
Epoch: 5196, Loss: 5.712187767028809
Epoch: 5197, Loss: 5.71198844909668
Epoch: 5198, Loss: 5.686187744140625
Epoch: 5199, Loss: 5.726077556610107
./circuit_plots/Unrestricted Disentangled|Readout|CN=3|B0=0|B1=2|K=1280|L=320|p_B=0.75|p_C=0.75|B=2|eps=0|cf538942-d2b2-427e-876d-3ee26c12f82b/ already exists.
./circuit_plots/Unrestricted Disentangled|Readout|CN=3|B0=0|B1=2|K=1280|L=320|p_B=0.75|p_C=0.75|B=2|eps=0|cf538942-d2b2-427e-876d-3ee26c12f82b/ already exists.
./circuit_plots/Unrestricted Disentangled|Readout|CN=3|B0=0|B1=2|K=1280|L=320|p_B=0.75|p_C=0.75|B=2|eps=0|cf538942-d2b2-427e-876d-3ee26c12f82b/ already exists.
./circuit_plots/Unrestricted Disentangled|Readout|CN=3|B0=0|B1=2|K=1280|L=320|p_B=0.75|p_C=0.75|B=2|eps=0|cf538942-d2b2-427e-876d-3ee26c12f82b/ already exists.
./circuit_plots/Unrestricted Disentangled|Readout|CN=3|B0=0|B1=2|K=1280|L=320|p_B=0.75|p_C=0.75|B=2|eps=0|cf538942-d2b2-427e-876d-3ee26c12f82b/ already exists.
./circuit_plots/Unrestricted Disentangled|Readout|CN=3|B0=0|B1=2|K=1280|L=320|p_B=0.75|p_C=0.75|B=2|eps=0|cf538942-d2b2-427e-876d-3ee26c12f82b/ already exists.
./circuit_plots/Unrestricted Disentangled|Readout|CN=3|B0=0|B1=2|K=1280|L=320|p_B=0.75|p_C=0.75|B=2|eps=0|cf538942-d2b2-427e-876d-3ee26c12f82b/ already exists.
Epoch: 5200, Loss: 5.715380668640137
Test acc: 0.0262, IC acc: 0.0322, IC acc2: 0.0033, IW acc: 0.0025
Epoch: 5201, Loss: 5.693449974060059
Epoch: 5202, Loss: 5.71449089050293
Epoch: 5203, Loss: 5.70490837097168
Epoch: 5204, Loss: 5.706508636474609
Epoch: 5205, Loss: 5.68705940246582
Epoch: 5206, Loss: 5.708563327789307
Epoch: 5207, Loss: 5.710865020751953
Epoch: 5208, Loss: 5.720532417297363
Epoch: 5209, Loss: 5.719785213470459
Epoch: 5210, Loss: 5.704659938812256
Test acc: 0.0263, IC acc: 0.0322, IC acc2: 0.0033, IW acc: 0.0026
Epoch: 5211, Loss: 5.720017433166504
Epoch: 5212, Loss: 5.702272415161133
Epoch: 5213, Loss: 5.693573951721191
Epoch: 5214, Loss: 5.713440895080566
Epoch: 5215, Loss: 5.703089714050293
Epoch: 5216, Loss: 5.7118682861328125
Epoch: 5217, Loss: 5.710394382476807
Epoch: 5218, Loss: 5.722262859344482
Epoch: 5219, Loss: 5.704037189483643
Epoch: 5220, Loss: 5.71031379699707
Test acc: 0.0263, IC acc: 0.0325, IC acc2: 0.0033, IW acc: 0.0026
Epoch: 5221, Loss: 5.685728549957275
Epoch: 5222, Loss: 5.703425407409668
Epoch: 5223, Loss: 5.705596446990967
Epoch: 5224, Loss: 5.713995933532715
Epoch: 5225, Loss: 5.729249954223633
Epoch: 5226, Loss: 5.732236862182617
Epoch: 5227, Loss: 5.700333118438721
Epoch: 5228, Loss: 5.700589179992676
Epoch: 5229, Loss: 5.7021050453186035
Epoch: 5230, Loss: 5.688979625701904
Test acc: 0.0266, IC acc: 0.0327, IC acc2: 0.0032, IW acc: 0.0026
Epoch: 5231, Loss: 5.722481727600098
Epoch: 5232, Loss: 5.682269096374512
Epoch: 5233, Loss: 5.695211410522461
Epoch: 5234, Loss: 5.702457427978516
Epoch: 5235, Loss: 5.705850601196289
Epoch: 5236, Loss: 5.690372467041016
Epoch: 5237, Loss: 5.692922592163086
Epoch: 5238, Loss: 5.715845584869385
Epoch: 5239, Loss: 5.70751953125
Epoch: 5240, Loss: 5.714890003204346
Test acc: 0.0268, IC acc: 0.0331, IC acc2: 0.0033, IW acc: 0.0026
Epoch: 5241, Loss: 5.711543560028076
Epoch: 5242, Loss: 5.701939582824707
Epoch: 5243, Loss: 5.699740409851074
Epoch: 5244, Loss: 5.704883575439453
Epoch: 5245, Loss: 5.699869155883789
Epoch: 5246, Loss: 5.70920467376709
Epoch: 5247, Loss: 5.709044456481934
Epoch: 5248, Loss: 5.715858459472656
Epoch: 5249, Loss: 5.6873087882995605
./circuit_plots/Unrestricted Disentangled|Readout|CN=3|B0=0|B1=2|K=1280|L=320|p_B=0.75|p_C=0.75|B=2|eps=0|cf538942-d2b2-427e-876d-3ee26c12f82b/ already exists.
./circuit_plots/Unrestricted Disentangled|Readout|CN=3|B0=0|B1=2|K=1280|L=320|p_B=0.75|p_C=0.75|B=2|eps=0|cf538942-d2b2-427e-876d-3ee26c12f82b/ already exists.
./circuit_plots/Unrestricted Disentangled|Readout|CN=3|B0=0|B1=2|K=1280|L=320|p_B=0.75|p_C=0.75|B=2|eps=0|cf538942-d2b2-427e-876d-3ee26c12f82b/ already exists.
./circuit_plots/Unrestricted Disentangled|Readout|CN=3|B0=0|B1=2|K=1280|L=320|p_B=0.75|p_C=0.75|B=2|eps=0|cf538942-d2b2-427e-876d-3ee26c12f82b/ already exists.
./circuit_plots/Unrestricted Disentangled|Readout|CN=3|B0=0|B1=2|K=1280|L=320|p_B=0.75|p_C=0.75|B=2|eps=0|cf538942-d2b2-427e-876d-3ee26c12f82b/ already exists.
./circuit_plots/Unrestricted Disentangled|Readout|CN=3|B0=0|B1=2|K=1280|L=320|p_B=0.75|p_C=0.75|B=2|eps=0|cf538942-d2b2-427e-876d-3ee26c12f82b/ already exists.
./circuit_plots/Unrestricted Disentangled|Readout|CN=3|B0=0|B1=2|K=1280|L=320|p_B=0.75|p_C=0.75|B=2|eps=0|cf538942-d2b2-427e-876d-3ee26c12f82b/ already exists.
Epoch: 5250, Loss: 5.704938888549805
Test acc: 0.027, IC acc: 0.033, IC acc2: 0.0033, IW acc: 0.0026
Epoch: 5251, Loss: 5.71018123626709
Epoch: 5252, Loss: 5.703125
Epoch: 5253, Loss: 5.689061164855957
Epoch: 5254, Loss: 5.704506874084473
Epoch: 5255, Loss: 5.702335834503174
Epoch: 5256, Loss: 5.6976470947265625
Epoch: 5257, Loss: 5.714715957641602
Epoch: 5258, Loss: 5.717446804046631
Epoch: 5259, Loss: 5.682925224304199
Epoch: 5260, Loss: 5.709177017211914
Test acc: 0.0269, IC acc: 0.033, IC acc2: 0.0033, IW acc: 0.0026
Epoch: 5261, Loss: 5.714540481567383
Epoch: 5262, Loss: 5.723480224609375
Epoch: 5263, Loss: 5.696263790130615
Epoch: 5264, Loss: 5.69137716293335
Epoch: 5265, Loss: 5.707344055175781
Epoch: 5266, Loss: 5.7018513679504395
Epoch: 5267, Loss: 5.697994232177734
Epoch: 5268, Loss: 5.7092790603637695
Epoch: 5269, Loss: 5.701958656311035
Epoch: 5270, Loss: 5.707198143005371
Test acc: 0.0271, IC acc: 0.0331, IC acc2: 0.0032, IW acc: 0.0026
Epoch: 5271, Loss: 5.7183380126953125
Epoch: 5272, Loss: 5.703400611877441
Epoch: 5273, Loss: 5.704132080078125
Epoch: 5274, Loss: 5.702300548553467
Epoch: 5275, Loss: 5.715003490447998
Epoch: 5276, Loss: 5.719559669494629
Epoch: 5277, Loss: 5.722265243530273
Epoch: 5278, Loss: 5.711498737335205
Epoch: 5279, Loss: 5.704000949859619
Epoch: 5280, Loss: 5.695373058319092
Test acc: 0.0271, IC acc: 0.0331, IC acc2: 0.0033, IW acc: 0.0026
Epoch: 5281, Loss: 5.693163871765137
Epoch: 5282, Loss: 5.709016799926758
Epoch: 5283, Loss: 5.707492351531982
Epoch: 5284, Loss: 5.700055122375488
Epoch: 5285, Loss: 5.706958770751953
Epoch: 5286, Loss: 5.7079548835754395
Epoch: 5287, Loss: 5.709164142608643
Epoch: 5288, Loss: 5.698965072631836
Epoch: 5289, Loss: 5.693596839904785
Epoch: 5290, Loss: 5.690425395965576
Test acc: 0.0272, IC acc: 0.0331, IC acc2: 0.0033, IW acc: 0.0026
Epoch: 5291, Loss: 5.6939191818237305
Epoch: 5292, Loss: 5.697626113891602
Epoch: 5293, Loss: 5.729040145874023
Epoch: 5294, Loss: 5.712197780609131
Epoch: 5295, Loss: 5.696706771850586
Epoch: 5296, Loss: 5.698462009429932
Epoch: 5297, Loss: 5.711216926574707
Epoch: 5298, Loss: 5.70455265045166
Epoch: 5299, Loss: 5.685033798217773
./circuit_plots/Unrestricted Disentangled|Readout|CN=3|B0=0|B1=2|K=1280|L=320|p_B=0.75|p_C=0.75|B=2|eps=0|cf538942-d2b2-427e-876d-3ee26c12f82b/ already exists.
./circuit_plots/Unrestricted Disentangled|Readout|CN=3|B0=0|B1=2|K=1280|L=320|p_B=0.75|p_C=0.75|B=2|eps=0|cf538942-d2b2-427e-876d-3ee26c12f82b/ already exists.
./circuit_plots/Unrestricted Disentangled|Readout|CN=3|B0=0|B1=2|K=1280|L=320|p_B=0.75|p_C=0.75|B=2|eps=0|cf538942-d2b2-427e-876d-3ee26c12f82b/ already exists.
./circuit_plots/Unrestricted Disentangled|Readout|CN=3|B0=0|B1=2|K=1280|L=320|p_B=0.75|p_C=0.75|B=2|eps=0|cf538942-d2b2-427e-876d-3ee26c12f82b/ already exists.
./circuit_plots/Unrestricted Disentangled|Readout|CN=3|B0=0|B1=2|K=1280|L=320|p_B=0.75|p_C=0.75|B=2|eps=0|cf538942-d2b2-427e-876d-3ee26c12f82b/ already exists.
./circuit_plots/Unrestricted Disentangled|Readout|CN=3|B0=0|B1=2|K=1280|L=320|p_B=0.75|p_C=0.75|B=2|eps=0|cf538942-d2b2-427e-876d-3ee26c12f82b/ already exists.
./circuit_plots/Unrestricted Disentangled|Readout|CN=3|B0=0|B1=2|K=1280|L=320|p_B=0.75|p_C=0.75|B=2|eps=0|cf538942-d2b2-427e-876d-3ee26c12f82b/ already exists.
Epoch: 5300, Loss: 5.6967453956604
Test acc: 0.0274, IC acc: 0.0335, IC acc2: 0.0033, IW acc: 0.0026
Epoch: 5301, Loss: 5.6937432289123535
Epoch: 5302, Loss: 5.701901435852051
Epoch: 5303, Loss: 5.704736709594727
Epoch: 5304, Loss: 5.714865684509277
Epoch: 5305, Loss: 5.7055864334106445
Epoch: 5306, Loss: 5.70249080657959
Epoch: 5307, Loss: 5.7155351638793945
Epoch: 5308, Loss: 5.7210693359375
Epoch: 5309, Loss: 5.705639839172363
Epoch: 5310, Loss: 5.703888893127441
Test acc: 0.0276, IC acc: 0.0334, IC acc2: 0.0033, IW acc: 0.0026
Epoch: 5311, Loss: 5.692936420440674
Epoch: 5312, Loss: 5.711881160736084
Epoch: 5313, Loss: 5.6934003829956055
Epoch: 5314, Loss: 5.713395595550537
Epoch: 5315, Loss: 5.700145721435547
Epoch: 5316, Loss: 5.698267936706543
Epoch: 5317, Loss: 5.697728157043457
Epoch: 5318, Loss: 5.693214416503906
Epoch: 5319, Loss: 5.712604522705078
Epoch: 5320, Loss: 5.714542865753174
Test acc: 0.0276, IC acc: 0.0334, IC acc2: 0.0033, IW acc: 0.0026
Epoch: 5321, Loss: 5.69921875
Epoch: 5322, Loss: 5.703915596008301
Epoch: 5323, Loss: 5.706994533538818
Epoch: 5324, Loss: 5.715039253234863
Epoch: 5325, Loss: 5.699703216552734
Epoch: 5326, Loss: 5.712638854980469
Epoch: 5327, Loss: 5.720848083496094
Epoch: 5328, Loss: 5.701991081237793
Epoch: 5329, Loss: 5.710299491882324
Epoch: 5330, Loss: 5.7157392501831055
Test acc: 0.0277, IC acc: 0.0334, IC acc2: 0.0033, IW acc: 0.0026
Epoch: 5331, Loss: 5.698868751525879
Epoch: 5332, Loss: 5.70918083190918
Epoch: 5333, Loss: 5.708500385284424
Epoch: 5334, Loss: 5.705878257751465
Epoch: 5335, Loss: 5.702262878417969
Epoch: 5336, Loss: 5.709893226623535
Epoch: 5337, Loss: 5.6995673179626465
Epoch: 5338, Loss: 5.686783790588379
Epoch: 5339, Loss: 5.715437889099121
Epoch: 5340, Loss: 5.714040279388428
Test acc: 0.0276, IC acc: 0.0336, IC acc2: 0.0033, IW acc: 0.0026
Epoch: 5341, Loss: 5.705163955688477
Epoch: 5342, Loss: 5.6999993324279785
Epoch: 5343, Loss: 5.715357780456543
Epoch: 5344, Loss: 5.695355415344238
Epoch: 5345, Loss: 5.688100814819336
Epoch: 5346, Loss: 5.699404239654541
Epoch: 5347, Loss: 5.685397148132324
Epoch: 5348, Loss: 5.705060958862305
Epoch: 5349, Loss: 5.709677696228027
./circuit_plots/Unrestricted Disentangled|Readout|CN=3|B0=0|B1=2|K=1280|L=320|p_B=0.75|p_C=0.75|B=2|eps=0|cf538942-d2b2-427e-876d-3ee26c12f82b/ already exists.
./circuit_plots/Unrestricted Disentangled|Readout|CN=3|B0=0|B1=2|K=1280|L=320|p_B=0.75|p_C=0.75|B=2|eps=0|cf538942-d2b2-427e-876d-3ee26c12f82b/ already exists.
./circuit_plots/Unrestricted Disentangled|Readout|CN=3|B0=0|B1=2|K=1280|L=320|p_B=0.75|p_C=0.75|B=2|eps=0|cf538942-d2b2-427e-876d-3ee26c12f82b/ already exists.
./circuit_plots/Unrestricted Disentangled|Readout|CN=3|B0=0|B1=2|K=1280|L=320|p_B=0.75|p_C=0.75|B=2|eps=0|cf538942-d2b2-427e-876d-3ee26c12f82b/ already exists.
./circuit_plots/Unrestricted Disentangled|Readout|CN=3|B0=0|B1=2|K=1280|L=320|p_B=0.75|p_C=0.75|B=2|eps=0|cf538942-d2b2-427e-876d-3ee26c12f82b/ already exists.
./circuit_plots/Unrestricted Disentangled|Readout|CN=3|B0=0|B1=2|K=1280|L=320|p_B=0.75|p_C=0.75|B=2|eps=0|cf538942-d2b2-427e-876d-3ee26c12f82b/ already exists.
./circuit_plots/Unrestricted Disentangled|Readout|CN=3|B0=0|B1=2|K=1280|L=320|p_B=0.75|p_C=0.75|B=2|eps=0|cf538942-d2b2-427e-876d-3ee26c12f82b/ already exists.
Epoch: 5350, Loss: 5.719098091125488
Test acc: 0.0277, IC acc: 0.0341, IC acc2: 0.0033, IW acc: 0.0026
Epoch: 5351, Loss: 5.69888973236084
Epoch: 5352, Loss: 5.703278064727783
Epoch: 5353, Loss: 5.686593055725098
Epoch: 5354, Loss: 5.710745811462402
Epoch: 5355, Loss: 5.696743011474609
Epoch: 5356, Loss: 5.726100921630859
Epoch: 5357, Loss: 5.705599784851074
Epoch: 5358, Loss: 5.709872722625732
Epoch: 5359, Loss: 5.693686485290527
Epoch: 5360, Loss: 5.70240592956543
Test acc: 0.0276, IC acc: 0.0341, IC acc2: 0.0033, IW acc: 0.0025
Epoch: 5361, Loss: 5.709754943847656
Epoch: 5362, Loss: 5.706667900085449
Epoch: 5363, Loss: 5.725821018218994
Epoch: 5364, Loss: 5.6998090744018555
Epoch: 5365, Loss: 5.7053632736206055
Epoch: 5366, Loss: 5.720159530639648
Epoch: 5367, Loss: 5.707508087158203
Epoch: 5368, Loss: 5.714921951293945
Epoch: 5369, Loss: 5.6827392578125
Epoch: 5370, Loss: 5.705519676208496
Test acc: 0.0277, IC acc: 0.0343, IC acc2: 0.0033, IW acc: 0.0025
Epoch: 5371, Loss: 5.6957597732543945
Epoch: 5372, Loss: 5.692913055419922
Epoch: 5373, Loss: 5.706268310546875
Epoch: 5374, Loss: 5.739787578582764
Epoch: 5375, Loss: 5.692524433135986
Epoch: 5376, Loss: 5.71609354019165
Epoch: 5377, Loss: 5.707263946533203
Epoch: 5378, Loss: 5.717286586761475
Epoch: 5379, Loss: 5.703395843505859
Epoch: 5380, Loss: 5.695327281951904
Test acc: 0.0279, IC acc: 0.0342, IC acc2: 0.0034, IW acc: 0.0026
Epoch: 5381, Loss: 5.6999897956848145
Epoch: 5382, Loss: 5.729778289794922
Epoch: 5383, Loss: 5.689938545227051
Epoch: 5384, Loss: 5.691340923309326
Epoch: 5385, Loss: 5.692011833190918
Epoch: 5386, Loss: 5.700545787811279
Epoch: 5387, Loss: 5.719448089599609
Epoch: 5388, Loss: 5.690188884735107
Epoch: 5389, Loss: 5.70344352722168
Epoch: 5390, Loss: 5.721689224243164
Test acc: 0.0281, IC acc: 0.0344, IC acc2: 0.0034, IW acc: 0.0025
Epoch: 5391, Loss: 5.715048789978027
Epoch: 5392, Loss: 5.693315029144287
Epoch: 5393, Loss: 5.688819885253906
Epoch: 5394, Loss: 5.717156410217285
Epoch: 5395, Loss: 5.7046942710876465
Epoch: 5396, Loss: 5.695781230926514
Epoch: 5397, Loss: 5.699470043182373
Epoch: 5398, Loss: 5.707780838012695
Epoch: 5399, Loss: 5.689772605895996
./circuit_plots/Unrestricted Disentangled|Readout|CN=3|B0=0|B1=2|K=1280|L=320|p_B=0.75|p_C=0.75|B=2|eps=0|cf538942-d2b2-427e-876d-3ee26c12f82b/ already exists.
./circuit_plots/Unrestricted Disentangled|Readout|CN=3|B0=0|B1=2|K=1280|L=320|p_B=0.75|p_C=0.75|B=2|eps=0|cf538942-d2b2-427e-876d-3ee26c12f82b/ already exists.
./circuit_plots/Unrestricted Disentangled|Readout|CN=3|B0=0|B1=2|K=1280|L=320|p_B=0.75|p_C=0.75|B=2|eps=0|cf538942-d2b2-427e-876d-3ee26c12f82b/ already exists.
./circuit_plots/Unrestricted Disentangled|Readout|CN=3|B0=0|B1=2|K=1280|L=320|p_B=0.75|p_C=0.75|B=2|eps=0|cf538942-d2b2-427e-876d-3ee26c12f82b/ already exists.
./circuit_plots/Unrestricted Disentangled|Readout|CN=3|B0=0|B1=2|K=1280|L=320|p_B=0.75|p_C=0.75|B=2|eps=0|cf538942-d2b2-427e-876d-3ee26c12f82b/ already exists.
./circuit_plots/Unrestricted Disentangled|Readout|CN=3|B0=0|B1=2|K=1280|L=320|p_B=0.75|p_C=0.75|B=2|eps=0|cf538942-d2b2-427e-876d-3ee26c12f82b/ already exists.
./circuit_plots/Unrestricted Disentangled|Readout|CN=3|B0=0|B1=2|K=1280|L=320|p_B=0.75|p_C=0.75|B=2|eps=0|cf538942-d2b2-427e-876d-3ee26c12f82b/ already exists.
Epoch: 5400, Loss: 5.7053070068359375
Test acc: 0.0282, IC acc: 0.0345, IC acc2: 0.0034, IW acc: 0.0025
Epoch: 5401, Loss: 5.700303554534912
Epoch: 5402, Loss: 5.689220905303955
Epoch: 5403, Loss: 5.720697402954102
Epoch: 5404, Loss: 5.706587791442871
Epoch: 5405, Loss: 5.693361282348633
Epoch: 5406, Loss: 5.6898040771484375
Epoch: 5407, Loss: 5.717447280883789
Epoch: 5408, Loss: 5.698936939239502
Epoch: 5409, Loss: 5.707338333129883
Epoch: 5410, Loss: 5.700878620147705
Test acc: 0.028, IC acc: 0.0346, IC acc2: 0.0034, IW acc: 0.0025
Epoch: 5411, Loss: 5.699907302856445
Epoch: 5412, Loss: 5.704001426696777
Epoch: 5413, Loss: 5.725821495056152
Epoch: 5414, Loss: 5.7017669677734375
Epoch: 5415, Loss: 5.703830718994141
Epoch: 5416, Loss: 5.712446212768555
Epoch: 5417, Loss: 5.6713128089904785
Epoch: 5418, Loss: 5.720916271209717
Epoch: 5419, Loss: 5.705963611602783
Epoch: 5420, Loss: 5.7047624588012695
Test acc: 0.0283, IC acc: 0.0347, IC acc2: 0.0034, IW acc: 0.0025
Epoch: 5421, Loss: 5.7045698165893555
Epoch: 5422, Loss: 5.684480667114258
Epoch: 5423, Loss: 5.686407089233398
Epoch: 5424, Loss: 5.685292720794678
Epoch: 5425, Loss: 5.692022323608398
Epoch: 5426, Loss: 5.691661834716797
Epoch: 5427, Loss: 5.70920467376709
Epoch: 5428, Loss: 5.712929725646973
Epoch: 5429, Loss: 5.703906536102295
Epoch: 5430, Loss: 5.71690559387207
Test acc: 0.0283, IC acc: 0.0348, IC acc2: 0.0034, IW acc: 0.0025
Epoch: 5431, Loss: 5.710010528564453
Epoch: 5432, Loss: 5.707071781158447
Epoch: 5433, Loss: 5.691906452178955
Epoch: 5434, Loss: 5.704733848571777
Epoch: 5435, Loss: 5.7181854248046875
Epoch: 5436, Loss: 5.706444263458252
Epoch: 5437, Loss: 5.704102993011475
Epoch: 5438, Loss: 5.709352016448975
Epoch: 5439, Loss: 5.697125434875488
Epoch: 5440, Loss: 5.726712226867676
Test acc: 0.0283, IC acc: 0.0349, IC acc2: 0.0034, IW acc: 0.0026
Epoch: 5441, Loss: 5.726263999938965
Epoch: 5442, Loss: 5.684171676635742
Epoch: 5443, Loss: 5.687129020690918
Epoch: 5444, Loss: 5.7105712890625
Epoch: 5445, Loss: 5.714514255523682
Epoch: 5446, Loss: 5.711208820343018
Epoch: 5447, Loss: 5.713137626647949
Epoch: 5448, Loss: 5.693314075469971
Epoch: 5449, Loss: 5.689000606536865
./circuit_plots/Unrestricted Disentangled|Readout|CN=3|B0=0|B1=2|K=1280|L=320|p_B=0.75|p_C=0.75|B=2|eps=0|cf538942-d2b2-427e-876d-3ee26c12f82b/ already exists.
./circuit_plots/Unrestricted Disentangled|Readout|CN=3|B0=0|B1=2|K=1280|L=320|p_B=0.75|p_C=0.75|B=2|eps=0|cf538942-d2b2-427e-876d-3ee26c12f82b/ already exists.
./circuit_plots/Unrestricted Disentangled|Readout|CN=3|B0=0|B1=2|K=1280|L=320|p_B=0.75|p_C=0.75|B=2|eps=0|cf538942-d2b2-427e-876d-3ee26c12f82b/ already exists.
./circuit_plots/Unrestricted Disentangled|Readout|CN=3|B0=0|B1=2|K=1280|L=320|p_B=0.75|p_C=0.75|B=2|eps=0|cf538942-d2b2-427e-876d-3ee26c12f82b/ already exists.
./circuit_plots/Unrestricted Disentangled|Readout|CN=3|B0=0|B1=2|K=1280|L=320|p_B=0.75|p_C=0.75|B=2|eps=0|cf538942-d2b2-427e-876d-3ee26c12f82b/ already exists.
./circuit_plots/Unrestricted Disentangled|Readout|CN=3|B0=0|B1=2|K=1280|L=320|p_B=0.75|p_C=0.75|B=2|eps=0|cf538942-d2b2-427e-876d-3ee26c12f82b/ already exists.
./circuit_plots/Unrestricted Disentangled|Readout|CN=3|B0=0|B1=2|K=1280|L=320|p_B=0.75|p_C=0.75|B=2|eps=0|cf538942-d2b2-427e-876d-3ee26c12f82b/ already exists.
Epoch: 5450, Loss: 5.709774494171143
Test acc: 0.0283, IC acc: 0.035, IC acc2: 0.0034, IW acc: 0.0026
Epoch: 5451, Loss: 5.698525428771973
Epoch: 5452, Loss: 5.726261138916016
Epoch: 5453, Loss: 5.7134599685668945
Epoch: 5454, Loss: 5.710633277893066
Epoch: 5455, Loss: 5.688188552856445
Epoch: 5456, Loss: 5.6998677253723145
Epoch: 5457, Loss: 5.676470756530762
Epoch: 5458, Loss: 5.697422504425049
Epoch: 5459, Loss: 5.7180681228637695
Epoch: 5460, Loss: 5.716300010681152
Test acc: 0.0283, IC acc: 0.035, IC acc2: 0.0034, IW acc: 0.0026
Epoch: 5461, Loss: 5.710405349731445
Epoch: 5462, Loss: 5.699455261230469
Epoch: 5463, Loss: 5.721004009246826
Epoch: 5464, Loss: 5.711061477661133
Epoch: 5465, Loss: 5.72117805480957
Epoch: 5466, Loss: 5.711818695068359
Epoch: 5467, Loss: 5.700813293457031
Epoch: 5468, Loss: 5.704920768737793
Epoch: 5469, Loss: 5.711265563964844
Epoch: 5470, Loss: 5.713098526000977
Test acc: 0.0287, IC acc: 0.0352, IC acc2: 0.0034, IW acc: 0.0026
Epoch: 5471, Loss: 5.710430145263672
Epoch: 5472, Loss: 5.702154159545898
Epoch: 5473, Loss: 5.702840805053711
Epoch: 5474, Loss: 5.709458827972412
Epoch: 5475, Loss: 5.70607852935791
Epoch: 5476, Loss: 5.699754238128662
Epoch: 5477, Loss: 5.717833995819092
Epoch: 5478, Loss: 5.705313682556152
Epoch: 5479, Loss: 5.708012580871582
Epoch: 5480, Loss: 5.699337959289551
Test acc: 0.0289, IC acc: 0.0355, IC acc2: 0.0034, IW acc: 0.0026
Epoch: 5481, Loss: 5.700206756591797
Epoch: 5482, Loss: 5.693730354309082
Epoch: 5483, Loss: 5.727158546447754
Epoch: 5484, Loss: 5.696335792541504
Epoch: 5485, Loss: 5.699306488037109
Epoch: 5486, Loss: 5.685587406158447
Epoch: 5487, Loss: 5.708911895751953
Epoch: 5488, Loss: 5.699514389038086
Epoch: 5489, Loss: 5.70737361907959
Epoch: 5490, Loss: 5.71108865737915
Test acc: 0.0289, IC acc: 0.0359, IC acc2: 0.0033, IW acc: 0.0026
Epoch: 5491, Loss: 5.6968278884887695
Epoch: 5492, Loss: 5.705930709838867
Epoch: 5493, Loss: 5.715263843536377
Epoch: 5494, Loss: 5.699997901916504
Epoch: 5495, Loss: 5.710758686065674
Epoch: 5496, Loss: 5.701004981994629
Epoch: 5497, Loss: 5.685882568359375
Epoch: 5498, Loss: 5.687306880950928
Epoch: 5499, Loss: 5.723109245300293
./circuit_plots/Unrestricted Disentangled|Readout|CN=3|B0=0|B1=2|K=1280|L=320|p_B=0.75|p_C=0.75|B=2|eps=0|cf538942-d2b2-427e-876d-3ee26c12f82b/ already exists.
./circuit_plots/Unrestricted Disentangled|Readout|CN=3|B0=0|B1=2|K=1280|L=320|p_B=0.75|p_C=0.75|B=2|eps=0|cf538942-d2b2-427e-876d-3ee26c12f82b/ already exists.
./circuit_plots/Unrestricted Disentangled|Readout|CN=3|B0=0|B1=2|K=1280|L=320|p_B=0.75|p_C=0.75|B=2|eps=0|cf538942-d2b2-427e-876d-3ee26c12f82b/ already exists.
./circuit_plots/Unrestricted Disentangled|Readout|CN=3|B0=0|B1=2|K=1280|L=320|p_B=0.75|p_C=0.75|B=2|eps=0|cf538942-d2b2-427e-876d-3ee26c12f82b/ already exists.
./circuit_plots/Unrestricted Disentangled|Readout|CN=3|B0=0|B1=2|K=1280|L=320|p_B=0.75|p_C=0.75|B=2|eps=0|cf538942-d2b2-427e-876d-3ee26c12f82b/ already exists.
./circuit_plots/Unrestricted Disentangled|Readout|CN=3|B0=0|B1=2|K=1280|L=320|p_B=0.75|p_C=0.75|B=2|eps=0|cf538942-d2b2-427e-876d-3ee26c12f82b/ already exists.
./circuit_plots/Unrestricted Disentangled|Readout|CN=3|B0=0|B1=2|K=1280|L=320|p_B=0.75|p_C=0.75|B=2|eps=0|cf538942-d2b2-427e-876d-3ee26c12f82b/ already exists.
Epoch: 5500, Loss: 5.6996283531188965
Test acc: 0.029, IC acc: 0.036, IC acc2: 0.0032, IW acc: 0.0027
Epoch: 5501, Loss: 5.72117805480957
Epoch: 5502, Loss: 5.678416728973389
Epoch: 5503, Loss: 5.70773983001709
Epoch: 5504, Loss: 5.709730625152588
Epoch: 5505, Loss: 5.703974723815918
Epoch: 5506, Loss: 5.704355239868164
Epoch: 5507, Loss: 5.700592994689941
Epoch: 5508, Loss: 5.684300422668457
Epoch: 5509, Loss: 5.717700004577637
Epoch: 5510, Loss: 5.704792499542236
Test acc: 0.0291, IC acc: 0.0361, IC acc2: 0.0033, IW acc: 0.0027
Epoch: 5511, Loss: 5.677822113037109
Epoch: 5512, Loss: 5.715657711029053
Epoch: 5513, Loss: 5.717580795288086
Epoch: 5514, Loss: 5.682594299316406
Epoch: 5515, Loss: 5.703251361846924
Epoch: 5516, Loss: 5.712403297424316
Epoch: 5517, Loss: 5.702147006988525
Epoch: 5518, Loss: 5.699084281921387
Epoch: 5519, Loss: 5.707969665527344
Epoch: 5520, Loss: 5.719669818878174
Test acc: 0.0294, IC acc: 0.0362, IC acc2: 0.0033, IW acc: 0.0027
Epoch: 5521, Loss: 5.696990013122559
Epoch: 5522, Loss: 5.7089385986328125
Epoch: 5523, Loss: 5.700404167175293
Epoch: 5524, Loss: 5.710031509399414
Epoch: 5525, Loss: 5.698264122009277
Epoch: 5526, Loss: 5.702122688293457
Epoch: 5527, Loss: 5.693594932556152
Epoch: 5528, Loss: 5.706709861755371
Epoch: 5529, Loss: 5.692712783813477
Epoch: 5530, Loss: 5.716653823852539
Test acc: 0.0297, IC acc: 0.0364, IC acc2: 0.0033, IW acc: 0.0027
Epoch: 5531, Loss: 5.7074480056762695
Epoch: 5532, Loss: 5.7044267654418945
Epoch: 5533, Loss: 5.704118728637695
Epoch: 5534, Loss: 5.7024827003479
Epoch: 5535, Loss: 5.692817211151123
Epoch: 5536, Loss: 5.704378604888916
Epoch: 5537, Loss: 5.715812683105469
Epoch: 5538, Loss: 5.70897102355957
Epoch: 5539, Loss: 5.6877593994140625
Epoch: 5540, Loss: 5.706624984741211
Test acc: 0.0302, IC acc: 0.0366, IC acc2: 0.0033, IW acc: 0.0027
Epoch: 5541, Loss: 5.713322162628174
Epoch: 5542, Loss: 5.714695930480957
Epoch: 5543, Loss: 5.709822177886963
Epoch: 5544, Loss: 5.7200703620910645
Epoch: 5545, Loss: 5.715882778167725
Epoch: 5546, Loss: 5.708930969238281
Epoch: 5547, Loss: 5.708873748779297
Epoch: 5548, Loss: 5.689018249511719
Epoch: 5549, Loss: 5.711198806762695
./circuit_plots/Unrestricted Disentangled|Readout|CN=3|B0=0|B1=2|K=1280|L=320|p_B=0.75|p_C=0.75|B=2|eps=0|cf538942-d2b2-427e-876d-3ee26c12f82b/ already exists.
./circuit_plots/Unrestricted Disentangled|Readout|CN=3|B0=0|B1=2|K=1280|L=320|p_B=0.75|p_C=0.75|B=2|eps=0|cf538942-d2b2-427e-876d-3ee26c12f82b/ already exists.
./circuit_plots/Unrestricted Disentangled|Readout|CN=3|B0=0|B1=2|K=1280|L=320|p_B=0.75|p_C=0.75|B=2|eps=0|cf538942-d2b2-427e-876d-3ee26c12f82b/ already exists.
./circuit_plots/Unrestricted Disentangled|Readout|CN=3|B0=0|B1=2|K=1280|L=320|p_B=0.75|p_C=0.75|B=2|eps=0|cf538942-d2b2-427e-876d-3ee26c12f82b/ already exists.
./circuit_plots/Unrestricted Disentangled|Readout|CN=3|B0=0|B1=2|K=1280|L=320|p_B=0.75|p_C=0.75|B=2|eps=0|cf538942-d2b2-427e-876d-3ee26c12f82b/ already exists.
./circuit_plots/Unrestricted Disentangled|Readout|CN=3|B0=0|B1=2|K=1280|L=320|p_B=0.75|p_C=0.75|B=2|eps=0|cf538942-d2b2-427e-876d-3ee26c12f82b/ already exists.
./circuit_plots/Unrestricted Disentangled|Readout|CN=3|B0=0|B1=2|K=1280|L=320|p_B=0.75|p_C=0.75|B=2|eps=0|cf538942-d2b2-427e-876d-3ee26c12f82b/ already exists.
Epoch: 5550, Loss: 5.7088518142700195
Test acc: 0.0305, IC acc: 0.0368, IC acc2: 0.0033, IW acc: 0.0027
Epoch: 5551, Loss: 5.701704025268555
Epoch: 5552, Loss: 5.703815937042236
Epoch: 5553, Loss: 5.6912736892700195
Epoch: 5554, Loss: 5.707924842834473
Epoch: 5555, Loss: 5.701942443847656
Epoch: 5556, Loss: 5.71487283706665
Epoch: 5557, Loss: 5.716423034667969
Epoch: 5558, Loss: 5.704550266265869
Epoch: 5559, Loss: 5.7110466957092285
Epoch: 5560, Loss: 5.685947418212891
Test acc: 0.0306, IC acc: 0.0368, IC acc2: 0.0033, IW acc: 0.0027
Epoch: 5561, Loss: 5.711207389831543
Epoch: 5562, Loss: 5.706687927246094
Epoch: 5563, Loss: 5.704062461853027
Epoch: 5564, Loss: 5.679325103759766
Epoch: 5565, Loss: 5.703369617462158
Epoch: 5566, Loss: 5.696956157684326
Epoch: 5567, Loss: 5.705729007720947
Epoch: 5568, Loss: 5.710333347320557
Epoch: 5569, Loss: 5.712111949920654
Epoch: 5570, Loss: 5.6989569664001465
Test acc: 0.0308, IC acc: 0.0369, IC acc2: 0.0033, IW acc: 0.0027
Epoch: 5571, Loss: 5.690873622894287
Epoch: 5572, Loss: 5.691283702850342
Epoch: 5573, Loss: 5.707819938659668
Epoch: 5574, Loss: 5.69978141784668
Epoch: 5575, Loss: 5.703479766845703
Epoch: 5576, Loss: 5.7199602127075195
Epoch: 5577, Loss: 5.707468509674072
Epoch: 5578, Loss: 5.692683696746826
Epoch: 5579, Loss: 5.700191020965576
Epoch: 5580, Loss: 5.70310115814209
Test acc: 0.0309, IC acc: 0.0369, IC acc2: 0.0033, IW acc: 0.0027
Epoch: 5581, Loss: 5.7165398597717285
Epoch: 5582, Loss: 5.69008731842041
Epoch: 5583, Loss: 5.676261901855469
Epoch: 5584, Loss: 5.730648994445801
Epoch: 5585, Loss: 5.687220573425293
Epoch: 5586, Loss: 5.690372467041016
Epoch: 5587, Loss: 5.700597286224365
Epoch: 5588, Loss: 5.7241034507751465
Epoch: 5589, Loss: 5.706429481506348
Epoch: 5590, Loss: 5.706180572509766
Test acc: 0.031, IC acc: 0.0371, IC acc2: 0.0032, IW acc: 0.0027
Epoch: 5591, Loss: 5.691102981567383
Epoch: 5592, Loss: 5.705243110656738
Epoch: 5593, Loss: 5.724394798278809
Epoch: 5594, Loss: 5.690664768218994
Epoch: 5595, Loss: 5.706054210662842
Epoch: 5596, Loss: 5.700762748718262
Epoch: 5597, Loss: 5.688162803649902
Epoch: 5598, Loss: 5.698534965515137
Epoch: 5599, Loss: 5.697488784790039
./circuit_plots/Unrestricted Disentangled|Readout|CN=3|B0=0|B1=2|K=1280|L=320|p_B=0.75|p_C=0.75|B=2|eps=0|cf538942-d2b2-427e-876d-3ee26c12f82b/ already exists.
./circuit_plots/Unrestricted Disentangled|Readout|CN=3|B0=0|B1=2|K=1280|L=320|p_B=0.75|p_C=0.75|B=2|eps=0|cf538942-d2b2-427e-876d-3ee26c12f82b/ already exists.
./circuit_plots/Unrestricted Disentangled|Readout|CN=3|B0=0|B1=2|K=1280|L=320|p_B=0.75|p_C=0.75|B=2|eps=0|cf538942-d2b2-427e-876d-3ee26c12f82b/ already exists.
./circuit_plots/Unrestricted Disentangled|Readout|CN=3|B0=0|B1=2|K=1280|L=320|p_B=0.75|p_C=0.75|B=2|eps=0|cf538942-d2b2-427e-876d-3ee26c12f82b/ already exists.
./circuit_plots/Unrestricted Disentangled|Readout|CN=3|B0=0|B1=2|K=1280|L=320|p_B=0.75|p_C=0.75|B=2|eps=0|cf538942-d2b2-427e-876d-3ee26c12f82b/ already exists.
./circuit_plots/Unrestricted Disentangled|Readout|CN=3|B0=0|B1=2|K=1280|L=320|p_B=0.75|p_C=0.75|B=2|eps=0|cf538942-d2b2-427e-876d-3ee26c12f82b/ already exists.
./circuit_plots/Unrestricted Disentangled|Readout|CN=3|B0=0|B1=2|K=1280|L=320|p_B=0.75|p_C=0.75|B=2|eps=0|cf538942-d2b2-427e-876d-3ee26c12f82b/ already exists.
Epoch: 5600, Loss: 5.691980838775635
Test acc: 0.031, IC acc: 0.0373, IC acc2: 0.0032, IW acc: 0.0027
Epoch: 5601, Loss: 5.702541351318359
Epoch: 5602, Loss: 5.706978797912598
Epoch: 5603, Loss: 5.734373092651367
Epoch: 5604, Loss: 5.693994522094727
Epoch: 5605, Loss: 5.707589149475098
Epoch: 5606, Loss: 5.686668395996094
Epoch: 5607, Loss: 5.678149223327637
Epoch: 5608, Loss: 5.696699619293213
Epoch: 5609, Loss: 5.707150459289551
Epoch: 5610, Loss: 5.698338508605957
Test acc: 0.0313, IC acc: 0.0374, IC acc2: 0.0032, IW acc: 0.0027
Epoch: 5611, Loss: 5.70813512802124
Epoch: 5612, Loss: 5.718367576599121
Epoch: 5613, Loss: 5.667680740356445
Epoch: 5614, Loss: 5.684835433959961
Epoch: 5615, Loss: 5.708139419555664
Epoch: 5616, Loss: 5.669668197631836
Epoch: 5617, Loss: 5.725052833557129
Epoch: 5618, Loss: 5.699789524078369
Epoch: 5619, Loss: 5.6930155754089355
Epoch: 5620, Loss: 5.707916736602783
Test acc: 0.0315, IC acc: 0.0375, IC acc2: 0.0032, IW acc: 0.0027
Epoch: 5621, Loss: 5.70060920715332
Epoch: 5622, Loss: 5.699884414672852
Epoch: 5623, Loss: 5.703167915344238
Epoch: 5624, Loss: 5.687212944030762
Epoch: 5625, Loss: 5.7113142013549805
Epoch: 5626, Loss: 5.690598964691162
Epoch: 5627, Loss: 5.721756935119629
Epoch: 5628, Loss: 5.692344665527344
Epoch: 5629, Loss: 5.720412254333496
Epoch: 5630, Loss: 5.722217559814453
Test acc: 0.0318, IC acc: 0.0379, IC acc2: 0.0032, IW acc: 0.0027
Epoch: 5631, Loss: 5.710249900817871
Epoch: 5632, Loss: 5.699949264526367
Epoch: 5633, Loss: 5.696694374084473
Epoch: 5634, Loss: 5.705504417419434
Epoch: 5635, Loss: 5.703021049499512
Epoch: 5636, Loss: 5.709712982177734
Epoch: 5637, Loss: 5.694013595581055
Epoch: 5638, Loss: 5.7031636238098145
Epoch: 5639, Loss: 5.70947790145874
Epoch: 5640, Loss: 5.711642742156982
Test acc: 0.032, IC acc: 0.038, IC acc2: 0.0032, IW acc: 0.0028
Epoch: 5641, Loss: 5.684961318969727
Epoch: 5642, Loss: 5.714297294616699
Epoch: 5643, Loss: 5.7014055252075195
Epoch: 5644, Loss: 5.707157611846924
Epoch: 5645, Loss: 5.699337005615234
Epoch: 5646, Loss: 5.703508377075195
Epoch: 5647, Loss: 5.705035209655762
Epoch: 5648, Loss: 5.712344646453857
Epoch: 5649, Loss: 5.702273368835449
./circuit_plots/Unrestricted Disentangled|Readout|CN=3|B0=0|B1=2|K=1280|L=320|p_B=0.75|p_C=0.75|B=2|eps=0|cf538942-d2b2-427e-876d-3ee26c12f82b/ already exists.
./circuit_plots/Unrestricted Disentangled|Readout|CN=3|B0=0|B1=2|K=1280|L=320|p_B=0.75|p_C=0.75|B=2|eps=0|cf538942-d2b2-427e-876d-3ee26c12f82b/ already exists.
./circuit_plots/Unrestricted Disentangled|Readout|CN=3|B0=0|B1=2|K=1280|L=320|p_B=0.75|p_C=0.75|B=2|eps=0|cf538942-d2b2-427e-876d-3ee26c12f82b/ already exists.
./circuit_plots/Unrestricted Disentangled|Readout|CN=3|B0=0|B1=2|K=1280|L=320|p_B=0.75|p_C=0.75|B=2|eps=0|cf538942-d2b2-427e-876d-3ee26c12f82b/ already exists.
./circuit_plots/Unrestricted Disentangled|Readout|CN=3|B0=0|B1=2|K=1280|L=320|p_B=0.75|p_C=0.75|B=2|eps=0|cf538942-d2b2-427e-876d-3ee26c12f82b/ already exists.
./circuit_plots/Unrestricted Disentangled|Readout|CN=3|B0=0|B1=2|K=1280|L=320|p_B=0.75|p_C=0.75|B=2|eps=0|cf538942-d2b2-427e-876d-3ee26c12f82b/ already exists.
./circuit_plots/Unrestricted Disentangled|Readout|CN=3|B0=0|B1=2|K=1280|L=320|p_B=0.75|p_C=0.75|B=2|eps=0|cf538942-d2b2-427e-876d-3ee26c12f82b/ already exists.
Epoch: 5650, Loss: 5.692641735076904
Test acc: 0.032, IC acc: 0.0382, IC acc2: 0.0031, IW acc: 0.0028
Epoch: 5651, Loss: 5.699756622314453
Epoch: 5652, Loss: 5.718212127685547
Epoch: 5653, Loss: 5.690722942352295
Epoch: 5654, Loss: 5.7236409187316895
Epoch: 5655, Loss: 5.701454162597656
Epoch: 5656, Loss: 5.70441198348999
Epoch: 5657, Loss: 5.682497978210449
Epoch: 5658, Loss: 5.703342437744141
Epoch: 5659, Loss: 5.6958465576171875
Epoch: 5660, Loss: 5.68343448638916
Test acc: 0.0321, IC acc: 0.0386, IC acc2: 0.0032, IW acc: 0.0028
Epoch: 5661, Loss: 5.695398330688477
Epoch: 5662, Loss: 5.718806266784668
Epoch: 5663, Loss: 5.705432891845703
Epoch: 5664, Loss: 5.710930824279785
Epoch: 5665, Loss: 5.7053327560424805
Epoch: 5666, Loss: 5.718449592590332
Epoch: 5667, Loss: 5.7060866355896
Epoch: 5668, Loss: 5.6979193687438965
Epoch: 5669, Loss: 5.706274032592773
Epoch: 5670, Loss: 5.705260276794434
Test acc: 0.0321, IC acc: 0.0385, IC acc2: 0.0031, IW acc: 0.0028
Epoch: 5671, Loss: 5.711790084838867
Epoch: 5672, Loss: 5.721161365509033
Epoch: 5673, Loss: 5.695347309112549
Epoch: 5674, Loss: 5.703174591064453
Epoch: 5675, Loss: 5.695991516113281
Epoch: 5676, Loss: 5.695889472961426
Epoch: 5677, Loss: 5.702465057373047
Epoch: 5678, Loss: 5.709464073181152
Epoch: 5679, Loss: 5.706534385681152
Epoch: 5680, Loss: 5.685494422912598
Test acc: 0.0324, IC acc: 0.0388, IC acc2: 0.0031, IW acc: 0.0027
Epoch: 5681, Loss: 5.71618127822876
Epoch: 5682, Loss: 5.6940598487854
Epoch: 5683, Loss: 5.695615291595459
Epoch: 5684, Loss: 5.674162864685059
Epoch: 5685, Loss: 5.681938171386719
Epoch: 5686, Loss: 5.68958044052124
Epoch: 5687, Loss: 5.710986137390137
Epoch: 5688, Loss: 5.718650817871094
Epoch: 5689, Loss: 5.735406875610352
Epoch: 5690, Loss: 5.689996719360352
Test acc: 0.0324, IC acc: 0.0387, IC acc2: 0.0031, IW acc: 0.0029
Epoch: 5691, Loss: 5.693199634552002
Epoch: 5692, Loss: 5.699441909790039
Epoch: 5693, Loss: 5.700360298156738
Epoch: 5694, Loss: 5.70913028717041
Epoch: 5695, Loss: 5.687439918518066
Epoch: 5696, Loss: 5.700884819030762
Epoch: 5697, Loss: 5.697475433349609
Epoch: 5698, Loss: 5.71419095993042
Epoch: 5699, Loss: 5.709105491638184
./circuit_plots/Unrestricted Disentangled|Readout|CN=3|B0=0|B1=2|K=1280|L=320|p_B=0.75|p_C=0.75|B=2|eps=0|cf538942-d2b2-427e-876d-3ee26c12f82b/ already exists.
./circuit_plots/Unrestricted Disentangled|Readout|CN=3|B0=0|B1=2|K=1280|L=320|p_B=0.75|p_C=0.75|B=2|eps=0|cf538942-d2b2-427e-876d-3ee26c12f82b/ already exists.
./circuit_plots/Unrestricted Disentangled|Readout|CN=3|B0=0|B1=2|K=1280|L=320|p_B=0.75|p_C=0.75|B=2|eps=0|cf538942-d2b2-427e-876d-3ee26c12f82b/ already exists.
./circuit_plots/Unrestricted Disentangled|Readout|CN=3|B0=0|B1=2|K=1280|L=320|p_B=0.75|p_C=0.75|B=2|eps=0|cf538942-d2b2-427e-876d-3ee26c12f82b/ already exists.
./circuit_plots/Unrestricted Disentangled|Readout|CN=3|B0=0|B1=2|K=1280|L=320|p_B=0.75|p_C=0.75|B=2|eps=0|cf538942-d2b2-427e-876d-3ee26c12f82b/ already exists.
./circuit_plots/Unrestricted Disentangled|Readout|CN=3|B0=0|B1=2|K=1280|L=320|p_B=0.75|p_C=0.75|B=2|eps=0|cf538942-d2b2-427e-876d-3ee26c12f82b/ already exists.
./circuit_plots/Unrestricted Disentangled|Readout|CN=3|B0=0|B1=2|K=1280|L=320|p_B=0.75|p_C=0.75|B=2|eps=0|cf538942-d2b2-427e-876d-3ee26c12f82b/ already exists.
Epoch: 5700, Loss: 5.705817222595215
Test acc: 0.0325, IC acc: 0.0389, IC acc2: 0.0031, IW acc: 0.0029
Epoch: 5701, Loss: 5.719083786010742
Epoch: 5702, Loss: 5.702754974365234
Epoch: 5703, Loss: 5.709441184997559
Epoch: 5704, Loss: 5.713503837585449
Epoch: 5705, Loss: 5.697246551513672
Epoch: 5706, Loss: 5.695960998535156
Epoch: 5707, Loss: 5.6890339851379395
Epoch: 5708, Loss: 5.695819854736328
Epoch: 5709, Loss: 5.687861919403076
Epoch: 5710, Loss: 5.724809169769287
Test acc: 0.0327, IC acc: 0.0392, IC acc2: 0.0031, IW acc: 0.0028
Epoch: 5711, Loss: 5.694027900695801
Epoch: 5712, Loss: 5.693160057067871
Epoch: 5713, Loss: 5.711671829223633
Epoch: 5714, Loss: 5.692358016967773
Epoch: 5715, Loss: 5.700061798095703
Epoch: 5716, Loss: 5.692383766174316
Epoch: 5717, Loss: 5.721165657043457
Epoch: 5718, Loss: 5.691945552825928
Epoch: 5719, Loss: 5.69672966003418
Epoch: 5720, Loss: 5.684985160827637
Test acc: 0.033, IC acc: 0.0395, IC acc2: 0.0031, IW acc: 0.0028
Epoch: 5721, Loss: 5.698145866394043
Epoch: 5722, Loss: 5.673999786376953
Epoch: 5723, Loss: 5.698169708251953
Epoch: 5724, Loss: 5.707456588745117
Epoch: 5725, Loss: 5.691856384277344
Epoch: 5726, Loss: 5.698627948760986
Epoch: 5727, Loss: 5.706766128540039
Epoch: 5728, Loss: 5.68010139465332
Epoch: 5729, Loss: 5.729755401611328
Epoch: 5730, Loss: 5.696873664855957
Test acc: 0.033, IC acc: 0.0395, IC acc2: 0.0031, IW acc: 0.0028
Epoch: 5731, Loss: 5.6905694007873535
Epoch: 5732, Loss: 5.700931549072266
Epoch: 5733, Loss: 5.69636344909668
Epoch: 5734, Loss: 5.688253402709961
Epoch: 5735, Loss: 5.679693222045898
Epoch: 5736, Loss: 5.707028388977051
Epoch: 5737, Loss: 5.7169189453125
Epoch: 5738, Loss: 5.696722030639648
Epoch: 5739, Loss: 5.695062637329102
Epoch: 5740, Loss: 5.696567535400391
Test acc: 0.0333, IC acc: 0.0399, IC acc2: 0.0031, IW acc: 0.0029
Epoch: 5741, Loss: 5.685401916503906
Epoch: 5742, Loss: 5.705318450927734
Epoch: 5743, Loss: 5.691214561462402
Epoch: 5744, Loss: 5.664495468139648
Epoch: 5745, Loss: 5.694525718688965
Epoch: 5746, Loss: 5.702505111694336
Epoch: 5747, Loss: 5.702826023101807
Epoch: 5748, Loss: 5.71309757232666
Epoch: 5749, Loss: 5.707545280456543
./circuit_plots/Unrestricted Disentangled|Readout|CN=3|B0=0|B1=2|K=1280|L=320|p_B=0.75|p_C=0.75|B=2|eps=0|cf538942-d2b2-427e-876d-3ee26c12f82b/ already exists.
./circuit_plots/Unrestricted Disentangled|Readout|CN=3|B0=0|B1=2|K=1280|L=320|p_B=0.75|p_C=0.75|B=2|eps=0|cf538942-d2b2-427e-876d-3ee26c12f82b/ already exists.
./circuit_plots/Unrestricted Disentangled|Readout|CN=3|B0=0|B1=2|K=1280|L=320|p_B=0.75|p_C=0.75|B=2|eps=0|cf538942-d2b2-427e-876d-3ee26c12f82b/ already exists.
./circuit_plots/Unrestricted Disentangled|Readout|CN=3|B0=0|B1=2|K=1280|L=320|p_B=0.75|p_C=0.75|B=2|eps=0|cf538942-d2b2-427e-876d-3ee26c12f82b/ already exists.
./circuit_plots/Unrestricted Disentangled|Readout|CN=3|B0=0|B1=2|K=1280|L=320|p_B=0.75|p_C=0.75|B=2|eps=0|cf538942-d2b2-427e-876d-3ee26c12f82b/ already exists.
./circuit_plots/Unrestricted Disentangled|Readout|CN=3|B0=0|B1=2|K=1280|L=320|p_B=0.75|p_C=0.75|B=2|eps=0|cf538942-d2b2-427e-876d-3ee26c12f82b/ already exists.
./circuit_plots/Unrestricted Disentangled|Readout|CN=3|B0=0|B1=2|K=1280|L=320|p_B=0.75|p_C=0.75|B=2|eps=0|cf538942-d2b2-427e-876d-3ee26c12f82b/ already exists.
Epoch: 5750, Loss: 5.7120537757873535
Test acc: 0.0334, IC acc: 0.0399, IC acc2: 0.0031, IW acc: 0.0029
Epoch: 5751, Loss: 5.677544593811035
Epoch: 5752, Loss: 5.7077484130859375
Epoch: 5753, Loss: 5.691707134246826
Epoch: 5754, Loss: 5.700033187866211
Epoch: 5755, Loss: 5.701225280761719
Epoch: 5756, Loss: 5.694314956665039
Epoch: 5757, Loss: 5.700218200683594
Epoch: 5758, Loss: 5.705698013305664
Epoch: 5759, Loss: 5.692655563354492
Epoch: 5760, Loss: 5.6952409744262695
Test acc: 0.0336, IC acc: 0.0399, IC acc2: 0.0031, IW acc: 0.0028
Epoch: 5761, Loss: 5.697474479675293
Epoch: 5762, Loss: 5.716117858886719
Epoch: 5763, Loss: 5.703271865844727
Epoch: 5764, Loss: 5.728431701660156
Epoch: 5765, Loss: 5.684340476989746
Epoch: 5766, Loss: 5.704643726348877
Epoch: 5767, Loss: 5.703375816345215
Epoch: 5768, Loss: 5.681284427642822
Epoch: 5769, Loss: 5.7063679695129395
Epoch: 5770, Loss: 5.712952613830566
Test acc: 0.0337, IC acc: 0.0403, IC acc2: 0.0031, IW acc: 0.0028
Epoch: 5771, Loss: 5.702956199645996
Epoch: 5772, Loss: 5.6957855224609375
Epoch: 5773, Loss: 5.6952104568481445
Epoch: 5774, Loss: 5.699612617492676
Epoch: 5775, Loss: 5.696678161621094
Epoch: 5776, Loss: 5.7195539474487305
Epoch: 5777, Loss: 5.690950870513916
Epoch: 5778, Loss: 5.697413444519043
Epoch: 5779, Loss: 5.710808277130127
Epoch: 5780, Loss: 5.692132472991943
Test acc: 0.0337, IC acc: 0.0405, IC acc2: 0.0031, IW acc: 0.0028
Epoch: 5781, Loss: 5.68691873550415
Epoch: 5782, Loss: 5.710999011993408
Epoch: 5783, Loss: 5.705089092254639
Epoch: 5784, Loss: 5.700941562652588
Epoch: 5785, Loss: 5.723803520202637
Epoch: 5786, Loss: 5.707320213317871
Epoch: 5787, Loss: 5.723718643188477
Epoch: 5788, Loss: 5.696681976318359
Epoch: 5789, Loss: 5.669963836669922
Epoch: 5790, Loss: 5.701757907867432
Test acc: 0.034, IC acc: 0.0406, IC acc2: 0.0031, IW acc: 0.0028
Epoch: 5791, Loss: 5.703176498413086
Epoch: 5792, Loss: 5.7084174156188965
Epoch: 5793, Loss: 5.699139595031738
Epoch: 5794, Loss: 5.674957752227783
Epoch: 5795, Loss: 5.698809623718262
Epoch: 5796, Loss: 5.721691131591797
Epoch: 5797, Loss: 5.717534065246582
Epoch: 5798, Loss: 5.700933456420898
Epoch: 5799, Loss: 5.694406509399414
./circuit_plots/Unrestricted Disentangled|Readout|CN=3|B0=0|B1=2|K=1280|L=320|p_B=0.75|p_C=0.75|B=2|eps=0|cf538942-d2b2-427e-876d-3ee26c12f82b/ already exists.
./circuit_plots/Unrestricted Disentangled|Readout|CN=3|B0=0|B1=2|K=1280|L=320|p_B=0.75|p_C=0.75|B=2|eps=0|cf538942-d2b2-427e-876d-3ee26c12f82b/ already exists.
./circuit_plots/Unrestricted Disentangled|Readout|CN=3|B0=0|B1=2|K=1280|L=320|p_B=0.75|p_C=0.75|B=2|eps=0|cf538942-d2b2-427e-876d-3ee26c12f82b/ already exists.
./circuit_plots/Unrestricted Disentangled|Readout|CN=3|B0=0|B1=2|K=1280|L=320|p_B=0.75|p_C=0.75|B=2|eps=0|cf538942-d2b2-427e-876d-3ee26c12f82b/ already exists.
./circuit_plots/Unrestricted Disentangled|Readout|CN=3|B0=0|B1=2|K=1280|L=320|p_B=0.75|p_C=0.75|B=2|eps=0|cf538942-d2b2-427e-876d-3ee26c12f82b/ already exists.
./circuit_plots/Unrestricted Disentangled|Readout|CN=3|B0=0|B1=2|K=1280|L=320|p_B=0.75|p_C=0.75|B=2|eps=0|cf538942-d2b2-427e-876d-3ee26c12f82b/ already exists.
./circuit_plots/Unrestricted Disentangled|Readout|CN=3|B0=0|B1=2|K=1280|L=320|p_B=0.75|p_C=0.75|B=2|eps=0|cf538942-d2b2-427e-876d-3ee26c12f82b/ already exists.
Epoch: 5800, Loss: 5.706056594848633
Test acc: 0.0342, IC acc: 0.0408, IC acc2: 0.0031, IW acc: 0.0028
Epoch: 5801, Loss: 5.738828659057617
Epoch: 5802, Loss: 5.68393611907959
Epoch: 5803, Loss: 5.711089134216309
Epoch: 5804, Loss: 5.703619003295898
Epoch: 5805, Loss: 5.721648216247559
Epoch: 5806, Loss: 5.713253021240234
Epoch: 5807, Loss: 5.690515041351318
Epoch: 5808, Loss: 5.719396591186523
Epoch: 5809, Loss: 5.6884918212890625
Epoch: 5810, Loss: 5.727588653564453
Test acc: 0.0341, IC acc: 0.0408, IC acc2: 0.0031, IW acc: 0.0028
Epoch: 5811, Loss: 5.704556465148926
Epoch: 5812, Loss: 5.708837509155273
Epoch: 5813, Loss: 5.708387851715088
Epoch: 5814, Loss: 5.710119724273682
Epoch: 5815, Loss: 5.706857681274414
Epoch: 5816, Loss: 5.694240570068359
Epoch: 5817, Loss: 5.703031539916992
Epoch: 5818, Loss: 5.695804595947266
Epoch: 5819, Loss: 5.696375846862793
Epoch: 5820, Loss: 5.67572021484375
Test acc: 0.0343, IC acc: 0.041, IC acc2: 0.003, IW acc: 0.0028
Epoch: 5821, Loss: 5.691255569458008
Epoch: 5822, Loss: 5.699321746826172
Epoch: 5823, Loss: 5.698967456817627
Epoch: 5824, Loss: 5.686631202697754
Epoch: 5825, Loss: 5.709874629974365
Epoch: 5826, Loss: 5.696157455444336
Epoch: 5827, Loss: 5.695145606994629
Epoch: 5828, Loss: 5.71705436706543
Epoch: 5829, Loss: 5.692588806152344
Epoch: 5830, Loss: 5.69248104095459
Test acc: 0.0344, IC acc: 0.041, IC acc2: 0.003, IW acc: 0.0028
Epoch: 5831, Loss: 5.682050704956055
Epoch: 5832, Loss: 5.7031354904174805
Epoch: 5833, Loss: 5.6791582107543945
Epoch: 5834, Loss: 5.702521324157715
Epoch: 5835, Loss: 5.70228385925293
Epoch: 5836, Loss: 5.711342811584473
Epoch: 5837, Loss: 5.690082550048828
Epoch: 5838, Loss: 5.687672138214111
Epoch: 5839, Loss: 5.698159217834473
Epoch: 5840, Loss: 5.681020259857178
Test acc: 0.0343, IC acc: 0.0414, IC acc2: 0.003, IW acc: 0.0028
Epoch: 5841, Loss: 5.692000389099121
Epoch: 5842, Loss: 5.688747406005859
Epoch: 5843, Loss: 5.717150688171387
Epoch: 5844, Loss: 5.678686618804932
Epoch: 5845, Loss: 5.686336517333984
Epoch: 5846, Loss: 5.689474105834961
Epoch: 5847, Loss: 5.706477165222168
Epoch: 5848, Loss: 5.693493843078613
Epoch: 5849, Loss: 5.705443382263184
./circuit_plots/Unrestricted Disentangled|Readout|CN=3|B0=0|B1=2|K=1280|L=320|p_B=0.75|p_C=0.75|B=2|eps=0|cf538942-d2b2-427e-876d-3ee26c12f82b/ already exists.
./circuit_plots/Unrestricted Disentangled|Readout|CN=3|B0=0|B1=2|K=1280|L=320|p_B=0.75|p_C=0.75|B=2|eps=0|cf538942-d2b2-427e-876d-3ee26c12f82b/ already exists.
./circuit_plots/Unrestricted Disentangled|Readout|CN=3|B0=0|B1=2|K=1280|L=320|p_B=0.75|p_C=0.75|B=2|eps=0|cf538942-d2b2-427e-876d-3ee26c12f82b/ already exists.
./circuit_plots/Unrestricted Disentangled|Readout|CN=3|B0=0|B1=2|K=1280|L=320|p_B=0.75|p_C=0.75|B=2|eps=0|cf538942-d2b2-427e-876d-3ee26c12f82b/ already exists.
./circuit_plots/Unrestricted Disentangled|Readout|CN=3|B0=0|B1=2|K=1280|L=320|p_B=0.75|p_C=0.75|B=2|eps=0|cf538942-d2b2-427e-876d-3ee26c12f82b/ already exists.
./circuit_plots/Unrestricted Disentangled|Readout|CN=3|B0=0|B1=2|K=1280|L=320|p_B=0.75|p_C=0.75|B=2|eps=0|cf538942-d2b2-427e-876d-3ee26c12f82b/ already exists.
./circuit_plots/Unrestricted Disentangled|Readout|CN=3|B0=0|B1=2|K=1280|L=320|p_B=0.75|p_C=0.75|B=2|eps=0|cf538942-d2b2-427e-876d-3ee26c12f82b/ already exists.
Epoch: 5850, Loss: 5.681461811065674
Test acc: 0.0346, IC acc: 0.0415, IC acc2: 0.003, IW acc: 0.0028
Epoch: 5851, Loss: 5.712137222290039
Epoch: 5852, Loss: 5.688929557800293
Epoch: 5853, Loss: 5.716047763824463
Epoch: 5854, Loss: 5.718416213989258
Epoch: 5855, Loss: 5.706874370574951
Epoch: 5856, Loss: 5.702908039093018
Epoch: 5857, Loss: 5.702732086181641
Epoch: 5858, Loss: 5.69008731842041
Epoch: 5859, Loss: 5.712470531463623
Epoch: 5860, Loss: 5.677525520324707
Test acc: 0.0346, IC acc: 0.0417, IC acc2: 0.003, IW acc: 0.0028
Epoch: 5861, Loss: 5.706082344055176
Epoch: 5862, Loss: 5.688631057739258
Epoch: 5863, Loss: 5.708271026611328
Epoch: 5864, Loss: 5.690272331237793
Epoch: 5865, Loss: 5.673283576965332
Epoch: 5866, Loss: 5.6887006759643555
Epoch: 5867, Loss: 5.6959147453308105
Epoch: 5868, Loss: 5.678000450134277
Epoch: 5869, Loss: 5.670505523681641
Epoch: 5870, Loss: 5.711225986480713
Test acc: 0.0347, IC acc: 0.042, IC acc2: 0.003, IW acc: 0.0028
Epoch: 5871, Loss: 5.689083576202393
Epoch: 5872, Loss: 5.713362693786621
Epoch: 5873, Loss: 5.711209297180176
Epoch: 5874, Loss: 5.691510200500488
Epoch: 5875, Loss: 5.690936088562012
Epoch: 5876, Loss: 5.699916362762451
Epoch: 5877, Loss: 5.676400184631348
Epoch: 5878, Loss: 5.712008476257324
Epoch: 5879, Loss: 5.668001651763916
Epoch: 5880, Loss: 5.723975658416748
Test acc: 0.035, IC acc: 0.042, IC acc2: 0.003, IW acc: 0.0028
Epoch: 5881, Loss: 5.691095352172852
Epoch: 5882, Loss: 5.692224502563477
Epoch: 5883, Loss: 5.711170196533203
Epoch: 5884, Loss: 5.691160678863525
Epoch: 5885, Loss: 5.683319091796875
Epoch: 5886, Loss: 5.697334289550781
Epoch: 5887, Loss: 5.683318614959717
Epoch: 5888, Loss: 5.688692092895508
Epoch: 5889, Loss: 5.703892230987549
Epoch: 5890, Loss: 5.687791347503662
Test acc: 0.0349, IC acc: 0.0418, IC acc2: 0.003, IW acc: 0.0028
Epoch: 5891, Loss: 5.699496269226074
Epoch: 5892, Loss: 5.694741725921631
Epoch: 5893, Loss: 5.68763542175293
Epoch: 5894, Loss: 5.676510334014893
Epoch: 5895, Loss: 5.7050628662109375
Epoch: 5896, Loss: 5.697980880737305
Epoch: 5897, Loss: 5.7041826248168945
Epoch: 5898, Loss: 5.694145202636719
Epoch: 5899, Loss: 5.690947532653809
./circuit_plots/Unrestricted Disentangled|Readout|CN=3|B0=0|B1=2|K=1280|L=320|p_B=0.75|p_C=0.75|B=2|eps=0|cf538942-d2b2-427e-876d-3ee26c12f82b/ already exists.
./circuit_plots/Unrestricted Disentangled|Readout|CN=3|B0=0|B1=2|K=1280|L=320|p_B=0.75|p_C=0.75|B=2|eps=0|cf538942-d2b2-427e-876d-3ee26c12f82b/ already exists.
./circuit_plots/Unrestricted Disentangled|Readout|CN=3|B0=0|B1=2|K=1280|L=320|p_B=0.75|p_C=0.75|B=2|eps=0|cf538942-d2b2-427e-876d-3ee26c12f82b/ already exists.
./circuit_plots/Unrestricted Disentangled|Readout|CN=3|B0=0|B1=2|K=1280|L=320|p_B=0.75|p_C=0.75|B=2|eps=0|cf538942-d2b2-427e-876d-3ee26c12f82b/ already exists.
./circuit_plots/Unrestricted Disentangled|Readout|CN=3|B0=0|B1=2|K=1280|L=320|p_B=0.75|p_C=0.75|B=2|eps=0|cf538942-d2b2-427e-876d-3ee26c12f82b/ already exists.
./circuit_plots/Unrestricted Disentangled|Readout|CN=3|B0=0|B1=2|K=1280|L=320|p_B=0.75|p_C=0.75|B=2|eps=0|cf538942-d2b2-427e-876d-3ee26c12f82b/ already exists.
./circuit_plots/Unrestricted Disentangled|Readout|CN=3|B0=0|B1=2|K=1280|L=320|p_B=0.75|p_C=0.75|B=2|eps=0|cf538942-d2b2-427e-876d-3ee26c12f82b/ already exists.
Epoch: 5900, Loss: 5.694823741912842
Test acc: 0.0349, IC acc: 0.0419, IC acc2: 0.003, IW acc: 0.0028
Epoch: 5901, Loss: 5.705196857452393
Epoch: 5902, Loss: 5.706912040710449
Epoch: 5903, Loss: 5.7029876708984375
Epoch: 5904, Loss: 5.6914567947387695
Epoch: 5905, Loss: 5.699769973754883
Epoch: 5906, Loss: 5.684588432312012
Epoch: 5907, Loss: 5.691311359405518
Epoch: 5908, Loss: 5.6825947761535645
Epoch: 5909, Loss: 5.685891151428223
Epoch: 5910, Loss: 5.695212364196777
Test acc: 0.0348, IC acc: 0.0421, IC acc2: 0.003, IW acc: 0.0029
Epoch: 5911, Loss: 5.721556663513184
Epoch: 5912, Loss: 5.704532623291016
Epoch: 5913, Loss: 5.682618141174316
Epoch: 5914, Loss: 5.705214500427246
Epoch: 5915, Loss: 5.698278427124023
Epoch: 5916, Loss: 5.710988998413086
Epoch: 5917, Loss: 5.6795654296875
Epoch: 5918, Loss: 5.693871974945068
Epoch: 5919, Loss: 5.697827339172363
Epoch: 5920, Loss: 5.7147722244262695
Test acc: 0.0348, IC acc: 0.0422, IC acc2: 0.003, IW acc: 0.0029
Epoch: 5921, Loss: 5.692410469055176
Epoch: 5922, Loss: 5.7015886306762695
Epoch: 5923, Loss: 5.701955318450928
Epoch: 5924, Loss: 5.688289642333984
Epoch: 5925, Loss: 5.7070817947387695
Epoch: 5926, Loss: 5.712481498718262
Epoch: 5927, Loss: 5.696410179138184
Epoch: 5928, Loss: 5.68898868560791
Epoch: 5929, Loss: 5.700676918029785
Epoch: 5930, Loss: 5.681374549865723
Test acc: 0.035, IC acc: 0.0422, IC acc2: 0.003, IW acc: 0.0029
Epoch: 5931, Loss: 5.695120811462402
Epoch: 5932, Loss: 5.699885845184326
Epoch: 5933, Loss: 5.706785202026367
Epoch: 5934, Loss: 5.688859462738037
Epoch: 5935, Loss: 5.708657264709473
Epoch: 5936, Loss: 5.685182094573975
Epoch: 5937, Loss: 5.706286907196045
Epoch: 5938, Loss: 5.707531929016113
Epoch: 5939, Loss: 5.68584680557251
Epoch: 5940, Loss: 5.691263198852539
Test acc: 0.0351, IC acc: 0.0423, IC acc2: 0.003, IW acc: 0.0029
Epoch: 5941, Loss: 5.683571815490723
Epoch: 5942, Loss: 5.682980537414551
Epoch: 5943, Loss: 5.702418804168701
Epoch: 5944, Loss: 5.692895889282227
Epoch: 5945, Loss: 5.693962574005127
Epoch: 5946, Loss: 5.724747657775879
Epoch: 5947, Loss: 5.692995071411133
Epoch: 5948, Loss: 5.701412200927734
Epoch: 5949, Loss: 5.7039031982421875
./circuit_plots/Unrestricted Disentangled|Readout|CN=3|B0=0|B1=2|K=1280|L=320|p_B=0.75|p_C=0.75|B=2|eps=0|cf538942-d2b2-427e-876d-3ee26c12f82b/ already exists.
./circuit_plots/Unrestricted Disentangled|Readout|CN=3|B0=0|B1=2|K=1280|L=320|p_B=0.75|p_C=0.75|B=2|eps=0|cf538942-d2b2-427e-876d-3ee26c12f82b/ already exists.
./circuit_plots/Unrestricted Disentangled|Readout|CN=3|B0=0|B1=2|K=1280|L=320|p_B=0.75|p_C=0.75|B=2|eps=0|cf538942-d2b2-427e-876d-3ee26c12f82b/ already exists.
./circuit_plots/Unrestricted Disentangled|Readout|CN=3|B0=0|B1=2|K=1280|L=320|p_B=0.75|p_C=0.75|B=2|eps=0|cf538942-d2b2-427e-876d-3ee26c12f82b/ already exists.
./circuit_plots/Unrestricted Disentangled|Readout|CN=3|B0=0|B1=2|K=1280|L=320|p_B=0.75|p_C=0.75|B=2|eps=0|cf538942-d2b2-427e-876d-3ee26c12f82b/ already exists.
./circuit_plots/Unrestricted Disentangled|Readout|CN=3|B0=0|B1=2|K=1280|L=320|p_B=0.75|p_C=0.75|B=2|eps=0|cf538942-d2b2-427e-876d-3ee26c12f82b/ already exists.
./circuit_plots/Unrestricted Disentangled|Readout|CN=3|B0=0|B1=2|K=1280|L=320|p_B=0.75|p_C=0.75|B=2|eps=0|cf538942-d2b2-427e-876d-3ee26c12f82b/ already exists.
Epoch: 5950, Loss: 5.721159934997559
Test acc: 0.0351, IC acc: 0.0425, IC acc2: 0.003, IW acc: 0.003
Epoch: 5951, Loss: 5.711144924163818
Epoch: 5952, Loss: 5.699094772338867
Epoch: 5953, Loss: 5.699184894561768
Epoch: 5954, Loss: 5.693085670471191
Epoch: 5955, Loss: 5.7026848793029785
Epoch: 5956, Loss: 5.68861198425293
Epoch: 5957, Loss: 5.6906890869140625
Epoch: 5958, Loss: 5.690855026245117
Epoch: 5959, Loss: 5.684438705444336
Epoch: 5960, Loss: 5.693926811218262
Test acc: 0.0354, IC acc: 0.0426, IC acc2: 0.003, IW acc: 0.003
Epoch: 5961, Loss: 5.677822589874268
Epoch: 5962, Loss: 5.705467700958252
Epoch: 5963, Loss: 5.708540916442871
Epoch: 5964, Loss: 5.6871562004089355
Epoch: 5965, Loss: 5.6922712326049805
Epoch: 5966, Loss: 5.701894760131836
Epoch: 5967, Loss: 5.702702522277832
Epoch: 5968, Loss: 5.6967082023620605
Epoch: 5969, Loss: 5.699218273162842
Epoch: 5970, Loss: 5.688119888305664
Test acc: 0.0353, IC acc: 0.0426, IC acc2: 0.0029, IW acc: 0.003
Epoch: 5971, Loss: 5.692713737487793
Epoch: 5972, Loss: 5.704425811767578
Epoch: 5973, Loss: 5.6908063888549805
Epoch: 5974, Loss: 5.702454566955566
Epoch: 5975, Loss: 5.68721866607666
Epoch: 5976, Loss: 5.693767070770264
Epoch: 5977, Loss: 5.71621036529541
Epoch: 5978, Loss: 5.684469223022461
Epoch: 5979, Loss: 5.708972930908203
Epoch: 5980, Loss: 5.731289386749268
Test acc: 0.0354, IC acc: 0.0426, IC acc2: 0.0029, IW acc: 0.003
Epoch: 5981, Loss: 5.690252304077148
Epoch: 5982, Loss: 5.688138961791992
Epoch: 5983, Loss: 5.698653221130371
Epoch: 5984, Loss: 5.714303970336914
Epoch: 5985, Loss: 5.680175304412842
Epoch: 5986, Loss: 5.693206787109375
Epoch: 5987, Loss: 5.691429138183594
Epoch: 5988, Loss: 5.685149192810059
Epoch: 5989, Loss: 5.695001602172852
Epoch: 5990, Loss: 5.686290740966797
Test acc: 0.0356, IC acc: 0.0428, IC acc2: 0.0029, IW acc: 0.003
Epoch: 5991, Loss: 5.691178321838379
Epoch: 5992, Loss: 5.6944169998168945
Epoch: 5993, Loss: 5.6912689208984375
Epoch: 5994, Loss: 5.711315631866455
Epoch: 5995, Loss: 5.693526268005371
Epoch: 5996, Loss: 5.69011926651001
Epoch: 5997, Loss: 5.6988911628723145
Epoch: 5998, Loss: 5.702059745788574
Epoch: 5999, Loss: 5.68890380859375
./circuit_plots/Unrestricted Disentangled|Readout|CN=3|B0=0|B1=2|K=1280|L=320|p_B=0.75|p_C=0.75|B=2|eps=0|cf538942-d2b2-427e-876d-3ee26c12f82b/ already exists.
./circuit_plots/Unrestricted Disentangled|Readout|CN=3|B0=0|B1=2|K=1280|L=320|p_B=0.75|p_C=0.75|B=2|eps=0|cf538942-d2b2-427e-876d-3ee26c12f82b/ already exists.
./circuit_plots/Unrestricted Disentangled|Readout|CN=3|B0=0|B1=2|K=1280|L=320|p_B=0.75|p_C=0.75|B=2|eps=0|cf538942-d2b2-427e-876d-3ee26c12f82b/ already exists.
./circuit_plots/Unrestricted Disentangled|Readout|CN=3|B0=0|B1=2|K=1280|L=320|p_B=0.75|p_C=0.75|B=2|eps=0|cf538942-d2b2-427e-876d-3ee26c12f82b/ already exists.
./circuit_plots/Unrestricted Disentangled|Readout|CN=3|B0=0|B1=2|K=1280|L=320|p_B=0.75|p_C=0.75|B=2|eps=0|cf538942-d2b2-427e-876d-3ee26c12f82b/ already exists.
./circuit_plots/Unrestricted Disentangled|Readout|CN=3|B0=0|B1=2|K=1280|L=320|p_B=0.75|p_C=0.75|B=2|eps=0|cf538942-d2b2-427e-876d-3ee26c12f82b/ already exists.
./circuit_plots/Unrestricted Disentangled|Readout|CN=3|B0=0|B1=2|K=1280|L=320|p_B=0.75|p_C=0.75|B=2|eps=0|cf538942-d2b2-427e-876d-3ee26c12f82b/ already exists.
Epoch: 6000, Loss: 5.688828945159912
Test acc: 0.0356, IC acc: 0.0429, IC acc2: 0.0029, IW acc: 0.003
Epoch: 6001, Loss: 5.687205791473389
Epoch: 6002, Loss: 5.704349517822266
Epoch: 6003, Loss: 5.702205657958984
Epoch: 6004, Loss: 5.7041239738464355
Epoch: 6005, Loss: 5.67039680480957
Epoch: 6006, Loss: 5.692800045013428
Epoch: 6007, Loss: 5.705270767211914
Epoch: 6008, Loss: 5.704132080078125
Epoch: 6009, Loss: 5.701073169708252
Epoch: 6010, Loss: 5.7000627517700195
Test acc: 0.0356, IC acc: 0.0433, IC acc2: 0.0029, IW acc: 0.003
Epoch: 6011, Loss: 5.704339504241943
Epoch: 6012, Loss: 5.7144975662231445
Epoch: 6013, Loss: 5.698530197143555
Epoch: 6014, Loss: 5.688714027404785
Epoch: 6015, Loss: 5.688648700714111
Epoch: 6016, Loss: 5.6868109703063965
Epoch: 6017, Loss: 5.692657947540283
Epoch: 6018, Loss: 5.70013427734375
Epoch: 6019, Loss: 5.697715759277344
Epoch: 6020, Loss: 5.704451560974121
Test acc: 0.0356, IC acc: 0.0435, IC acc2: 0.0029, IW acc: 0.003
Epoch: 6021, Loss: 5.696477890014648
Epoch: 6022, Loss: 5.703629016876221
Epoch: 6023, Loss: 5.708796501159668
Epoch: 6024, Loss: 5.677350997924805
Epoch: 6025, Loss: 5.717177391052246
Epoch: 6026, Loss: 5.711887359619141
Epoch: 6027, Loss: 5.706071853637695
Epoch: 6028, Loss: 5.693438529968262
Epoch: 6029, Loss: 5.702044486999512
Epoch: 6030, Loss: 5.689565658569336
Test acc: 0.0358, IC acc: 0.0434, IC acc2: 0.003, IW acc: 0.0031
Epoch: 6031, Loss: 5.70958948135376
Epoch: 6032, Loss: 5.680541515350342
Epoch: 6033, Loss: 5.707488059997559
Epoch: 6034, Loss: 5.701962471008301
Epoch: 6035, Loss: 5.681331634521484
Epoch: 6036, Loss: 5.677356719970703
Epoch: 6037, Loss: 5.706047534942627
Epoch: 6038, Loss: 5.694432735443115
Epoch: 6039, Loss: 5.685380935668945
Epoch: 6040, Loss: 5.708520889282227
Test acc: 0.0358, IC acc: 0.0438, IC acc2: 0.003, IW acc: 0.0031
Epoch: 6041, Loss: 5.687525272369385
Epoch: 6042, Loss: 5.702155113220215
Epoch: 6043, Loss: 5.703553199768066
Epoch: 6044, Loss: 5.682671546936035
Epoch: 6045, Loss: 5.702937126159668
Epoch: 6046, Loss: 5.688960075378418
Epoch: 6047, Loss: 5.687801837921143
Epoch: 6048, Loss: 5.683002948760986
Epoch: 6049, Loss: 5.671629905700684
./circuit_plots/Unrestricted Disentangled|Readout|CN=3|B0=0|B1=2|K=1280|L=320|p_B=0.75|p_C=0.75|B=2|eps=0|cf538942-d2b2-427e-876d-3ee26c12f82b/ already exists.
./circuit_plots/Unrestricted Disentangled|Readout|CN=3|B0=0|B1=2|K=1280|L=320|p_B=0.75|p_C=0.75|B=2|eps=0|cf538942-d2b2-427e-876d-3ee26c12f82b/ already exists.
./circuit_plots/Unrestricted Disentangled|Readout|CN=3|B0=0|B1=2|K=1280|L=320|p_B=0.75|p_C=0.75|B=2|eps=0|cf538942-d2b2-427e-876d-3ee26c12f82b/ already exists.
./circuit_plots/Unrestricted Disentangled|Readout|CN=3|B0=0|B1=2|K=1280|L=320|p_B=0.75|p_C=0.75|B=2|eps=0|cf538942-d2b2-427e-876d-3ee26c12f82b/ already exists.
./circuit_plots/Unrestricted Disentangled|Readout|CN=3|B0=0|B1=2|K=1280|L=320|p_B=0.75|p_C=0.75|B=2|eps=0|cf538942-d2b2-427e-876d-3ee26c12f82b/ already exists.
./circuit_plots/Unrestricted Disentangled|Readout|CN=3|B0=0|B1=2|K=1280|L=320|p_B=0.75|p_C=0.75|B=2|eps=0|cf538942-d2b2-427e-876d-3ee26c12f82b/ already exists.
./circuit_plots/Unrestricted Disentangled|Readout|CN=3|B0=0|B1=2|K=1280|L=320|p_B=0.75|p_C=0.75|B=2|eps=0|cf538942-d2b2-427e-876d-3ee26c12f82b/ already exists.
Epoch: 6050, Loss: 5.701887130737305
Test acc: 0.0361, IC acc: 0.044, IC acc2: 0.0029, IW acc: 0.0031
Epoch: 6051, Loss: 5.704747676849365
Epoch: 6052, Loss: 5.7203168869018555
Epoch: 6053, Loss: 5.698077201843262
Epoch: 6054, Loss: 5.688835144042969
Epoch: 6055, Loss: 5.6698222160339355
Epoch: 6056, Loss: 5.718842506408691
Epoch: 6057, Loss: 5.722049713134766
Epoch: 6058, Loss: 5.710721492767334
Epoch: 6059, Loss: 5.705015182495117
Epoch: 6060, Loss: 5.704930305480957
Test acc: 0.0361, IC acc: 0.0442, IC acc2: 0.0029, IW acc: 0.0031
Epoch: 6061, Loss: 5.701981544494629
Epoch: 6062, Loss: 5.697190284729004
Epoch: 6063, Loss: 5.680091381072998
Epoch: 6064, Loss: 5.709954261779785
Epoch: 6065, Loss: 5.68474006652832
Epoch: 6066, Loss: 5.697754859924316
Epoch: 6067, Loss: 5.6906561851501465
Epoch: 6068, Loss: 5.6915082931518555
Epoch: 6069, Loss: 5.692404747009277
Epoch: 6070, Loss: 5.701113700866699
Test acc: 0.0361, IC acc: 0.0443, IC acc2: 0.003, IW acc: 0.0031
Epoch: 6071, Loss: 5.692401885986328
Epoch: 6072, Loss: 5.6891889572143555
Epoch: 6073, Loss: 5.706486225128174
Epoch: 6074, Loss: 5.703952789306641
Epoch: 6075, Loss: 5.684041976928711
Epoch: 6076, Loss: 5.700682163238525
Epoch: 6077, Loss: 5.689027786254883
Epoch: 6078, Loss: 5.694402694702148
Epoch: 6079, Loss: 5.693136215209961
Epoch: 6080, Loss: 5.680582523345947
Test acc: 0.0365, IC acc: 0.0444, IC acc2: 0.003, IW acc: 0.003
Epoch: 6081, Loss: 5.711856842041016
Epoch: 6082, Loss: 5.692987442016602
Epoch: 6083, Loss: 5.666633129119873
Epoch: 6084, Loss: 5.692071914672852
Epoch: 6085, Loss: 5.700587749481201
Epoch: 6086, Loss: 5.6989216804504395
Epoch: 6087, Loss: 5.686870574951172
Epoch: 6088, Loss: 5.685691833496094
Epoch: 6089, Loss: 5.678653717041016
Epoch: 6090, Loss: 5.704866886138916
Test acc: 0.0366, IC acc: 0.0447, IC acc2: 0.003, IW acc: 0.003
Epoch: 6091, Loss: 5.687692165374756
Epoch: 6092, Loss: 5.690686225891113
Epoch: 6093, Loss: 5.686504364013672
Epoch: 6094, Loss: 5.688621997833252
Epoch: 6095, Loss: 5.690995216369629
Epoch: 6096, Loss: 5.683365345001221
Epoch: 6097, Loss: 5.686692237854004
Epoch: 6098, Loss: 5.699538707733154
Epoch: 6099, Loss: 5.686810493469238
./circuit_plots/Unrestricted Disentangled|Readout|CN=3|B0=0|B1=2|K=1280|L=320|p_B=0.75|p_C=0.75|B=2|eps=0|cf538942-d2b2-427e-876d-3ee26c12f82b/ already exists.
./circuit_plots/Unrestricted Disentangled|Readout|CN=3|B0=0|B1=2|K=1280|L=320|p_B=0.75|p_C=0.75|B=2|eps=0|cf538942-d2b2-427e-876d-3ee26c12f82b/ already exists.
./circuit_plots/Unrestricted Disentangled|Readout|CN=3|B0=0|B1=2|K=1280|L=320|p_B=0.75|p_C=0.75|B=2|eps=0|cf538942-d2b2-427e-876d-3ee26c12f82b/ already exists.
./circuit_plots/Unrestricted Disentangled|Readout|CN=3|B0=0|B1=2|K=1280|L=320|p_B=0.75|p_C=0.75|B=2|eps=0|cf538942-d2b2-427e-876d-3ee26c12f82b/ already exists.
./circuit_plots/Unrestricted Disentangled|Readout|CN=3|B0=0|B1=2|K=1280|L=320|p_B=0.75|p_C=0.75|B=2|eps=0|cf538942-d2b2-427e-876d-3ee26c12f82b/ already exists.
./circuit_plots/Unrestricted Disentangled|Readout|CN=3|B0=0|B1=2|K=1280|L=320|p_B=0.75|p_C=0.75|B=2|eps=0|cf538942-d2b2-427e-876d-3ee26c12f82b/ already exists.
./circuit_plots/Unrestricted Disentangled|Readout|CN=3|B0=0|B1=2|K=1280|L=320|p_B=0.75|p_C=0.75|B=2|eps=0|cf538942-d2b2-427e-876d-3ee26c12f82b/ already exists.
Epoch: 6100, Loss: 5.691287040710449
Test acc: 0.0368, IC acc: 0.0446, IC acc2: 0.003, IW acc: 0.003
Epoch: 6101, Loss: 5.700369358062744
Epoch: 6102, Loss: 5.691789627075195
Epoch: 6103, Loss: 5.69813346862793
Epoch: 6104, Loss: 5.707337379455566
Epoch: 6105, Loss: 5.701808929443359
Epoch: 6106, Loss: 5.670773506164551
Epoch: 6107, Loss: 5.686769962310791
Epoch: 6108, Loss: 5.71235466003418
Epoch: 6109, Loss: 5.695162773132324
Epoch: 6110, Loss: 5.709002494812012
Test acc: 0.0369, IC acc: 0.0447, IC acc2: 0.003, IW acc: 0.003
Epoch: 6111, Loss: 5.697054862976074
Epoch: 6112, Loss: 5.699269771575928
Epoch: 6113, Loss: 5.689715385437012
Epoch: 6114, Loss: 5.690374374389648
Epoch: 6115, Loss: 5.69046688079834
Epoch: 6116, Loss: 5.705180644989014
Epoch: 6117, Loss: 5.684775352478027
Epoch: 6118, Loss: 5.6853790283203125
Epoch: 6119, Loss: 5.720644950866699
Epoch: 6120, Loss: 5.679658889770508
Test acc: 0.037, IC acc: 0.0449, IC acc2: 0.003, IW acc: 0.003
Epoch: 6121, Loss: 5.69431209564209
Epoch: 6122, Loss: 5.6787614822387695
Epoch: 6123, Loss: 5.66994047164917
Epoch: 6124, Loss: 5.728611946105957
Epoch: 6125, Loss: 5.694394111633301
Epoch: 6126, Loss: 5.690229892730713
Epoch: 6127, Loss: 5.6893510818481445
Epoch: 6128, Loss: 5.696805000305176
Epoch: 6129, Loss: 5.672009468078613
Epoch: 6130, Loss: 5.697884559631348
Test acc: 0.0372, IC acc: 0.0451, IC acc2: 0.003, IW acc: 0.003
Epoch: 6131, Loss: 5.682727813720703
Epoch: 6132, Loss: 5.679615020751953
Epoch: 6133, Loss: 5.69407844543457
Epoch: 6134, Loss: 5.699331760406494
Epoch: 6135, Loss: 5.705765724182129
Epoch: 6136, Loss: 5.687703609466553
Epoch: 6137, Loss: 5.702654838562012
Epoch: 6138, Loss: 5.696674346923828
Epoch: 6139, Loss: 5.676499366760254
Epoch: 6140, Loss: 5.686112403869629
Test acc: 0.0374, IC acc: 0.0455, IC acc2: 0.003, IW acc: 0.003
Epoch: 6141, Loss: 5.717554092407227
Epoch: 6142, Loss: 5.69392728805542
Epoch: 6143, Loss: 5.679776191711426
Epoch: 6144, Loss: 5.6838531494140625
Epoch: 6145, Loss: 5.692526817321777
Epoch: 6146, Loss: 5.704128742218018
Epoch: 6147, Loss: 5.683204650878906
Epoch: 6148, Loss: 5.707413673400879
Epoch: 6149, Loss: 5.7052154541015625
./circuit_plots/Unrestricted Disentangled|Readout|CN=3|B0=0|B1=2|K=1280|L=320|p_B=0.75|p_C=0.75|B=2|eps=0|cf538942-d2b2-427e-876d-3ee26c12f82b/ already exists.
./circuit_plots/Unrestricted Disentangled|Readout|CN=3|B0=0|B1=2|K=1280|L=320|p_B=0.75|p_C=0.75|B=2|eps=0|cf538942-d2b2-427e-876d-3ee26c12f82b/ already exists.
./circuit_plots/Unrestricted Disentangled|Readout|CN=3|B0=0|B1=2|K=1280|L=320|p_B=0.75|p_C=0.75|B=2|eps=0|cf538942-d2b2-427e-876d-3ee26c12f82b/ already exists.
./circuit_plots/Unrestricted Disentangled|Readout|CN=3|B0=0|B1=2|K=1280|L=320|p_B=0.75|p_C=0.75|B=2|eps=0|cf538942-d2b2-427e-876d-3ee26c12f82b/ already exists.
./circuit_plots/Unrestricted Disentangled|Readout|CN=3|B0=0|B1=2|K=1280|L=320|p_B=0.75|p_C=0.75|B=2|eps=0|cf538942-d2b2-427e-876d-3ee26c12f82b/ already exists.
./circuit_plots/Unrestricted Disentangled|Readout|CN=3|B0=0|B1=2|K=1280|L=320|p_B=0.75|p_C=0.75|B=2|eps=0|cf538942-d2b2-427e-876d-3ee26c12f82b/ already exists.
./circuit_plots/Unrestricted Disentangled|Readout|CN=3|B0=0|B1=2|K=1280|L=320|p_B=0.75|p_C=0.75|B=2|eps=0|cf538942-d2b2-427e-876d-3ee26c12f82b/ already exists.
Epoch: 6150, Loss: 5.675023555755615
Test acc: 0.0373, IC acc: 0.0455, IC acc2: 0.003, IW acc: 0.003
Epoch: 6151, Loss: 5.688096523284912
Epoch: 6152, Loss: 5.708856582641602
Epoch: 6153, Loss: 5.684732913970947
Epoch: 6154, Loss: 5.698430061340332
Epoch: 6155, Loss: 5.712436676025391
Epoch: 6156, Loss: 5.699718952178955
Epoch: 6157, Loss: 5.672792911529541
Epoch: 6158, Loss: 5.694348335266113
Epoch: 6159, Loss: 5.698634147644043
Epoch: 6160, Loss: 5.693634986877441
Test acc: 0.0374, IC acc: 0.0455, IC acc2: 0.003, IW acc: 0.003
Epoch: 6161, Loss: 5.680878639221191
Epoch: 6162, Loss: 5.709065914154053
Epoch: 6163, Loss: 5.708259582519531
Epoch: 6164, Loss: 5.705723285675049
Epoch: 6165, Loss: 5.68986177444458
Epoch: 6166, Loss: 5.6896162033081055
Epoch: 6167, Loss: 5.696283340454102
Epoch: 6168, Loss: 5.6759796142578125
Epoch: 6169, Loss: 5.682448387145996
Epoch: 6170, Loss: 5.7169189453125
Test acc: 0.0374, IC acc: 0.0454, IC acc2: 0.003, IW acc: 0.003
Epoch: 6171, Loss: 5.690417289733887
Epoch: 6172, Loss: 5.699734687805176
Epoch: 6173, Loss: 5.704350471496582
Epoch: 6174, Loss: 5.6826558113098145
Epoch: 6175, Loss: 5.705860137939453
Epoch: 6176, Loss: 5.687788009643555
Epoch: 6177, Loss: 5.709962844848633
Epoch: 6178, Loss: 5.713217258453369
Epoch: 6179, Loss: 5.704193592071533
Epoch: 6180, Loss: 5.6798858642578125
Test acc: 0.0373, IC acc: 0.0455, IC acc2: 0.0029, IW acc: 0.003
Epoch: 6181, Loss: 5.6871209144592285
Epoch: 6182, Loss: 5.700210094451904
Epoch: 6183, Loss: 5.674046993255615
Epoch: 6184, Loss: 5.6837968826293945
Epoch: 6185, Loss: 5.686923980712891
Epoch: 6186, Loss: 5.704389572143555
Epoch: 6187, Loss: 5.695973873138428
Epoch: 6188, Loss: 5.705552101135254
Epoch: 6189, Loss: 5.71270751953125
Epoch: 6190, Loss: 5.7047882080078125
Test acc: 0.0375, IC acc: 0.0458, IC acc2: 0.003, IW acc: 0.003
Epoch: 6191, Loss: 5.7121052742004395
Epoch: 6192, Loss: 5.700202941894531
Epoch: 6193, Loss: 5.696173191070557
Epoch: 6194, Loss: 5.685708999633789
Epoch: 6195, Loss: 5.699131488800049
Epoch: 6196, Loss: 5.700851917266846
Epoch: 6197, Loss: 5.695228576660156
Epoch: 6198, Loss: 5.700523853302002
Epoch: 6199, Loss: 5.675419807434082
./circuit_plots/Unrestricted Disentangled|Readout|CN=3|B0=0|B1=2|K=1280|L=320|p_B=0.75|p_C=0.75|B=2|eps=0|cf538942-d2b2-427e-876d-3ee26c12f82b/ already exists.
./circuit_plots/Unrestricted Disentangled|Readout|CN=3|B0=0|B1=2|K=1280|L=320|p_B=0.75|p_C=0.75|B=2|eps=0|cf538942-d2b2-427e-876d-3ee26c12f82b/ already exists.
./circuit_plots/Unrestricted Disentangled|Readout|CN=3|B0=0|B1=2|K=1280|L=320|p_B=0.75|p_C=0.75|B=2|eps=0|cf538942-d2b2-427e-876d-3ee26c12f82b/ already exists.
./circuit_plots/Unrestricted Disentangled|Readout|CN=3|B0=0|B1=2|K=1280|L=320|p_B=0.75|p_C=0.75|B=2|eps=0|cf538942-d2b2-427e-876d-3ee26c12f82b/ already exists.
./circuit_plots/Unrestricted Disentangled|Readout|CN=3|B0=0|B1=2|K=1280|L=320|p_B=0.75|p_C=0.75|B=2|eps=0|cf538942-d2b2-427e-876d-3ee26c12f82b/ already exists.
./circuit_plots/Unrestricted Disentangled|Readout|CN=3|B0=0|B1=2|K=1280|L=320|p_B=0.75|p_C=0.75|B=2|eps=0|cf538942-d2b2-427e-876d-3ee26c12f82b/ already exists.
./circuit_plots/Unrestricted Disentangled|Readout|CN=3|B0=0|B1=2|K=1280|L=320|p_B=0.75|p_C=0.75|B=2|eps=0|cf538942-d2b2-427e-876d-3ee26c12f82b/ already exists.
Epoch: 6200, Loss: 5.696125507354736
Test acc: 0.0375, IC acc: 0.0458, IC acc2: 0.0029, IW acc: 0.003
Epoch: 6201, Loss: 5.70571231842041
Epoch: 6202, Loss: 5.699837684631348
Epoch: 6203, Loss: 5.691126823425293
Epoch: 6204, Loss: 5.698606967926025
Epoch: 6205, Loss: 5.693454742431641
Epoch: 6206, Loss: 5.705431938171387
Epoch: 6207, Loss: 5.701485633850098
Epoch: 6208, Loss: 5.686596870422363
Epoch: 6209, Loss: 5.697099685668945
Epoch: 6210, Loss: 5.711670875549316
Test acc: 0.0377, IC acc: 0.0456, IC acc2: 0.0031, IW acc: 0.003
Epoch: 6211, Loss: 5.67607307434082
Epoch: 6212, Loss: 5.685929298400879
Epoch: 6213, Loss: 5.695953369140625
Epoch: 6214, Loss: 5.698141574859619
Epoch: 6215, Loss: 5.697055339813232
Epoch: 6216, Loss: 5.693402290344238
Epoch: 6217, Loss: 5.709189414978027
Epoch: 6218, Loss: 5.711907386779785
Epoch: 6219, Loss: 5.690420627593994
Epoch: 6220, Loss: 5.698691368103027
Test acc: 0.038, IC acc: 0.0457, IC acc2: 0.0031, IW acc: 0.003
Epoch: 6221, Loss: 5.691736221313477
Epoch: 6222, Loss: 5.674678802490234
Epoch: 6223, Loss: 5.685056209564209
Epoch: 6224, Loss: 5.692178726196289
Epoch: 6225, Loss: 5.717352390289307
Epoch: 6226, Loss: 5.680121898651123
Epoch: 6227, Loss: 5.69551420211792
Epoch: 6228, Loss: 5.688664436340332
Epoch: 6229, Loss: 5.718952655792236
Epoch: 6230, Loss: 5.698237419128418
Test acc: 0.0379, IC acc: 0.0456, IC acc2: 0.0031, IW acc: 0.003
Epoch: 6231, Loss: 5.714184761047363
Epoch: 6232, Loss: 5.686356544494629
Epoch: 6233, Loss: 5.7018327713012695
Epoch: 6234, Loss: 5.675488471984863
Epoch: 6235, Loss: 5.685862064361572
Epoch: 6236, Loss: 5.705416679382324
Epoch: 6237, Loss: 5.690315246582031
Epoch: 6238, Loss: 5.693570613861084
Epoch: 6239, Loss: 5.683945655822754
Epoch: 6240, Loss: 5.692108154296875
Test acc: 0.0381, IC acc: 0.046, IC acc2: 0.003, IW acc: 0.003
Epoch: 6241, Loss: 5.684377670288086
Epoch: 6242, Loss: 5.697020530700684
Epoch: 6243, Loss: 5.669987678527832
Epoch: 6244, Loss: 5.693756103515625
Epoch: 6245, Loss: 5.690264701843262
Epoch: 6246, Loss: 5.678582191467285
Epoch: 6247, Loss: 5.686592102050781
Epoch: 6248, Loss: 5.707937717437744
Epoch: 6249, Loss: 5.699623107910156
./circuit_plots/Unrestricted Disentangled|Readout|CN=3|B0=0|B1=2|K=1280|L=320|p_B=0.75|p_C=0.75|B=2|eps=0|cf538942-d2b2-427e-876d-3ee26c12f82b/ already exists.
./circuit_plots/Unrestricted Disentangled|Readout|CN=3|B0=0|B1=2|K=1280|L=320|p_B=0.75|p_C=0.75|B=2|eps=0|cf538942-d2b2-427e-876d-3ee26c12f82b/ already exists.
./circuit_plots/Unrestricted Disentangled|Readout|CN=3|B0=0|B1=2|K=1280|L=320|p_B=0.75|p_C=0.75|B=2|eps=0|cf538942-d2b2-427e-876d-3ee26c12f82b/ already exists.
./circuit_plots/Unrestricted Disentangled|Readout|CN=3|B0=0|B1=2|K=1280|L=320|p_B=0.75|p_C=0.75|B=2|eps=0|cf538942-d2b2-427e-876d-3ee26c12f82b/ already exists.
./circuit_plots/Unrestricted Disentangled|Readout|CN=3|B0=0|B1=2|K=1280|L=320|p_B=0.75|p_C=0.75|B=2|eps=0|cf538942-d2b2-427e-876d-3ee26c12f82b/ already exists.
./circuit_plots/Unrestricted Disentangled|Readout|CN=3|B0=0|B1=2|K=1280|L=320|p_B=0.75|p_C=0.75|B=2|eps=0|cf538942-d2b2-427e-876d-3ee26c12f82b/ already exists.
./circuit_plots/Unrestricted Disentangled|Readout|CN=3|B0=0|B1=2|K=1280|L=320|p_B=0.75|p_C=0.75|B=2|eps=0|cf538942-d2b2-427e-876d-3ee26c12f82b/ already exists.
Epoch: 6250, Loss: 5.683496952056885
Test acc: 0.0385, IC acc: 0.0459, IC acc2: 0.0029, IW acc: 0.003
Epoch: 6251, Loss: 5.689229965209961
Epoch: 6252, Loss: 5.704534530639648
Epoch: 6253, Loss: 5.698392868041992
Epoch: 6254, Loss: 5.689725399017334
Epoch: 6255, Loss: 5.673261642456055
Epoch: 6256, Loss: 5.69886589050293
Epoch: 6257, Loss: 5.67478084564209
Epoch: 6258, Loss: 5.692495346069336
Epoch: 6259, Loss: 5.679990291595459
Epoch: 6260, Loss: 5.706414699554443
Test acc: 0.0386, IC acc: 0.046, IC acc2: 0.0031, IW acc: 0.003
Epoch: 6261, Loss: 5.69202995300293
Epoch: 6262, Loss: 5.688249111175537
Epoch: 6263, Loss: 5.6713972091674805
Epoch: 6264, Loss: 5.697183609008789
Epoch: 6265, Loss: 5.699684143066406
Epoch: 6266, Loss: 5.700356483459473
Epoch: 6267, Loss: 5.687394142150879
Epoch: 6268, Loss: 5.708721160888672
Epoch: 6269, Loss: 5.702737808227539
Epoch: 6270, Loss: 5.684579849243164
Test acc: 0.0385, IC acc: 0.0462, IC acc2: 0.0031, IW acc: 0.003
Epoch: 6271, Loss: 5.706491470336914
Epoch: 6272, Loss: 5.7017388343811035
Epoch: 6273, Loss: 5.671006202697754
Epoch: 6274, Loss: 5.699473857879639
Epoch: 6275, Loss: 5.7040534019470215
Epoch: 6276, Loss: 5.681812286376953
Epoch: 6277, Loss: 5.704610824584961
Epoch: 6278, Loss: 5.670951843261719
Epoch: 6279, Loss: 5.685608386993408
Epoch: 6280, Loss: 5.685225486755371
Test acc: 0.0387, IC acc: 0.0463, IC acc2: 0.0031, IW acc: 0.003
Epoch: 6281, Loss: 5.6914544105529785
Epoch: 6282, Loss: 5.664193153381348
Epoch: 6283, Loss: 5.68044376373291
Epoch: 6284, Loss: 5.714751243591309
Epoch: 6285, Loss: 5.699838638305664
Epoch: 6286, Loss: 5.676846504211426
Epoch: 6287, Loss: 5.693299293518066
Epoch: 6288, Loss: 5.693963050842285
Epoch: 6289, Loss: 5.680694580078125
Epoch: 6290, Loss: 5.703126907348633
Test acc: 0.0386, IC acc: 0.0466, IC acc2: 0.003, IW acc: 0.003
Epoch: 6291, Loss: 5.688993453979492
Epoch: 6292, Loss: 5.697093963623047
Epoch: 6293, Loss: 5.682978630065918
Epoch: 6294, Loss: 5.681699752807617
Epoch: 6295, Loss: 5.684924602508545
Epoch: 6296, Loss: 5.685789108276367
Epoch: 6297, Loss: 5.694249629974365
Epoch: 6298, Loss: 5.689454555511475
Epoch: 6299, Loss: 5.679507255554199
./circuit_plots/Unrestricted Disentangled|Readout|CN=3|B0=0|B1=2|K=1280|L=320|p_B=0.75|p_C=0.75|B=2|eps=0|cf538942-d2b2-427e-876d-3ee26c12f82b/ already exists.
./circuit_plots/Unrestricted Disentangled|Readout|CN=3|B0=0|B1=2|K=1280|L=320|p_B=0.75|p_C=0.75|B=2|eps=0|cf538942-d2b2-427e-876d-3ee26c12f82b/ already exists.
./circuit_plots/Unrestricted Disentangled|Readout|CN=3|B0=0|B1=2|K=1280|L=320|p_B=0.75|p_C=0.75|B=2|eps=0|cf538942-d2b2-427e-876d-3ee26c12f82b/ already exists.
./circuit_plots/Unrestricted Disentangled|Readout|CN=3|B0=0|B1=2|K=1280|L=320|p_B=0.75|p_C=0.75|B=2|eps=0|cf538942-d2b2-427e-876d-3ee26c12f82b/ already exists.
./circuit_plots/Unrestricted Disentangled|Readout|CN=3|B0=0|B1=2|K=1280|L=320|p_B=0.75|p_C=0.75|B=2|eps=0|cf538942-d2b2-427e-876d-3ee26c12f82b/ already exists.
./circuit_plots/Unrestricted Disentangled|Readout|CN=3|B0=0|B1=2|K=1280|L=320|p_B=0.75|p_C=0.75|B=2|eps=0|cf538942-d2b2-427e-876d-3ee26c12f82b/ already exists.
./circuit_plots/Unrestricted Disentangled|Readout|CN=3|B0=0|B1=2|K=1280|L=320|p_B=0.75|p_C=0.75|B=2|eps=0|cf538942-d2b2-427e-876d-3ee26c12f82b/ already exists.
Epoch: 6300, Loss: 5.679943084716797
Test acc: 0.0384, IC acc: 0.0466, IC acc2: 0.0031, IW acc: 0.003
Epoch: 6301, Loss: 5.707851886749268
Epoch: 6302, Loss: 5.682000160217285
Epoch: 6303, Loss: 5.686244010925293
Epoch: 6304, Loss: 5.68427038192749
Epoch: 6305, Loss: 5.699952602386475
Epoch: 6306, Loss: 5.694920539855957
Epoch: 6307, Loss: 5.716248512268066
Epoch: 6308, Loss: 5.704802513122559
Epoch: 6309, Loss: 5.705299377441406
Epoch: 6310, Loss: 5.693381309509277
Test acc: 0.0387, IC acc: 0.0469, IC acc2: 0.0031, IW acc: 0.003
Epoch: 6311, Loss: 5.697780609130859
Epoch: 6312, Loss: 5.689492702484131
Epoch: 6313, Loss: 5.672605514526367
Epoch: 6314, Loss: 5.6840291023254395
Epoch: 6315, Loss: 5.705234050750732
Epoch: 6316, Loss: 5.6929426193237305
Epoch: 6317, Loss: 5.732237815856934
Epoch: 6318, Loss: 5.695557594299316
Epoch: 6319, Loss: 5.687973499298096
Epoch: 6320, Loss: 5.700272083282471
Test acc: 0.039, IC acc: 0.0469, IC acc2: 0.0031, IW acc: 0.003
Epoch: 6321, Loss: 5.690120697021484
Epoch: 6322, Loss: 5.693216800689697
Epoch: 6323, Loss: 5.6769795417785645
Epoch: 6324, Loss: 5.679080963134766
Epoch: 6325, Loss: 5.67207145690918
Epoch: 6326, Loss: 5.686947345733643
Epoch: 6327, Loss: 5.678574085235596
Epoch: 6328, Loss: 5.699511528015137
Epoch: 6329, Loss: 5.682463645935059
Epoch: 6330, Loss: 5.680793762207031
Test acc: 0.0391, IC acc: 0.0472, IC acc2: 0.0031, IW acc: 0.0031
Epoch: 6331, Loss: 5.677160263061523
Epoch: 6332, Loss: 5.678563117980957
Epoch: 6333, Loss: 5.690073013305664
Epoch: 6334, Loss: 5.69588565826416
Epoch: 6335, Loss: 5.685416221618652
Epoch: 6336, Loss: 5.703536510467529
Epoch: 6337, Loss: 5.680968284606934
Epoch: 6338, Loss: 5.69763708114624
Epoch: 6339, Loss: 5.690610408782959
Epoch: 6340, Loss: 5.678377628326416
Test acc: 0.0393, IC acc: 0.0474, IC acc2: 0.0029, IW acc: 0.0031
Epoch: 6341, Loss: 5.705562114715576
Epoch: 6342, Loss: 5.682352066040039
Epoch: 6343, Loss: 5.706818103790283
Epoch: 6344, Loss: 5.692605495452881
Epoch: 6345, Loss: 5.697885513305664
Epoch: 6346, Loss: 5.681155681610107
Epoch: 6347, Loss: 5.676023483276367
Epoch: 6348, Loss: 5.685495853424072
Epoch: 6349, Loss: 5.700008392333984
./circuit_plots/Unrestricted Disentangled|Readout|CN=3|B0=0|B1=2|K=1280|L=320|p_B=0.75|p_C=0.75|B=2|eps=0|cf538942-d2b2-427e-876d-3ee26c12f82b/ already exists.
./circuit_plots/Unrestricted Disentangled|Readout|CN=3|B0=0|B1=2|K=1280|L=320|p_B=0.75|p_C=0.75|B=2|eps=0|cf538942-d2b2-427e-876d-3ee26c12f82b/ already exists.
./circuit_plots/Unrestricted Disentangled|Readout|CN=3|B0=0|B1=2|K=1280|L=320|p_B=0.75|p_C=0.75|B=2|eps=0|cf538942-d2b2-427e-876d-3ee26c12f82b/ already exists.
./circuit_plots/Unrestricted Disentangled|Readout|CN=3|B0=0|B1=2|K=1280|L=320|p_B=0.75|p_C=0.75|B=2|eps=0|cf538942-d2b2-427e-876d-3ee26c12f82b/ already exists.
./circuit_plots/Unrestricted Disentangled|Readout|CN=3|B0=0|B1=2|K=1280|L=320|p_B=0.75|p_C=0.75|B=2|eps=0|cf538942-d2b2-427e-876d-3ee26c12f82b/ already exists.
./circuit_plots/Unrestricted Disentangled|Readout|CN=3|B0=0|B1=2|K=1280|L=320|p_B=0.75|p_C=0.75|B=2|eps=0|cf538942-d2b2-427e-876d-3ee26c12f82b/ already exists.
./circuit_plots/Unrestricted Disentangled|Readout|CN=3|B0=0|B1=2|K=1280|L=320|p_B=0.75|p_C=0.75|B=2|eps=0|cf538942-d2b2-427e-876d-3ee26c12f82b/ already exists.
Epoch: 6350, Loss: 5.697047233581543
Test acc: 0.0394, IC acc: 0.0476, IC acc2: 0.0029, IW acc: 0.0031
Epoch: 6351, Loss: 5.689977645874023
Epoch: 6352, Loss: 5.692712306976318
Epoch: 6353, Loss: 5.684718132019043
Epoch: 6354, Loss: 5.687591075897217
Epoch: 6355, Loss: 5.6949849128723145
Epoch: 6356, Loss: 5.690374374389648
Epoch: 6357, Loss: 5.677595138549805
Epoch: 6358, Loss: 5.693140983581543
Epoch: 6359, Loss: 5.690790176391602
Epoch: 6360, Loss: 5.694051742553711
Test acc: 0.0393, IC acc: 0.0475, IC acc2: 0.0029, IW acc: 0.0031
Epoch: 6361, Loss: 5.680903911590576
Epoch: 6362, Loss: 5.710472106933594
Epoch: 6363, Loss: 5.682043075561523
Epoch: 6364, Loss: 5.686637878417969
Epoch: 6365, Loss: 5.688338279724121
Epoch: 6366, Loss: 5.70078182220459
Epoch: 6367, Loss: 5.673285007476807
Epoch: 6368, Loss: 5.680371284484863
Epoch: 6369, Loss: 5.681729316711426
Epoch: 6370, Loss: 5.687933921813965
Test acc: 0.0392, IC acc: 0.0476, IC acc2: 0.0029, IW acc: 0.0031
Epoch: 6371, Loss: 5.688453197479248
Epoch: 6372, Loss: 5.68927001953125
Epoch: 6373, Loss: 5.6827287673950195
Epoch: 6374, Loss: 5.675014495849609
Epoch: 6375, Loss: 5.689719200134277
Epoch: 6376, Loss: 5.671156406402588
Epoch: 6377, Loss: 5.69427490234375
Epoch: 6378, Loss: 5.668593406677246
Epoch: 6379, Loss: 5.677531719207764
Epoch: 6380, Loss: 5.696347713470459
Test acc: 0.0393, IC acc: 0.0478, IC acc2: 0.0028, IW acc: 0.0031
Epoch: 6381, Loss: 5.699331760406494
Epoch: 6382, Loss: 5.688432693481445
Epoch: 6383, Loss: 5.684758186340332
Epoch: 6384, Loss: 5.690878391265869
Epoch: 6385, Loss: 5.6775078773498535
Epoch: 6386, Loss: 5.714573860168457
Epoch: 6387, Loss: 5.6790289878845215
Epoch: 6388, Loss: 5.678238868713379
Epoch: 6389, Loss: 5.69827938079834
Epoch: 6390, Loss: 5.716189384460449
Test acc: 0.0392, IC acc: 0.048, IC acc2: 0.0028, IW acc: 0.0031
Epoch: 6391, Loss: 5.70839786529541
Epoch: 6392, Loss: 5.691381454467773
Epoch: 6393, Loss: 5.698004245758057
Epoch: 6394, Loss: 5.702040672302246
Epoch: 6395, Loss: 5.71327543258667
Epoch: 6396, Loss: 5.697361946105957
Epoch: 6397, Loss: 5.700728893280029
Epoch: 6398, Loss: 5.694438934326172
Epoch: 6399, Loss: 5.69599723815918
./circuit_plots/Unrestricted Disentangled|Readout|CN=3|B0=0|B1=2|K=1280|L=320|p_B=0.75|p_C=0.75|B=2|eps=0|cf538942-d2b2-427e-876d-3ee26c12f82b/ already exists.
./circuit_plots/Unrestricted Disentangled|Readout|CN=3|B0=0|B1=2|K=1280|L=320|p_B=0.75|p_C=0.75|B=2|eps=0|cf538942-d2b2-427e-876d-3ee26c12f82b/ already exists.
./circuit_plots/Unrestricted Disentangled|Readout|CN=3|B0=0|B1=2|K=1280|L=320|p_B=0.75|p_C=0.75|B=2|eps=0|cf538942-d2b2-427e-876d-3ee26c12f82b/ already exists.
./circuit_plots/Unrestricted Disentangled|Readout|CN=3|B0=0|B1=2|K=1280|L=320|p_B=0.75|p_C=0.75|B=2|eps=0|cf538942-d2b2-427e-876d-3ee26c12f82b/ already exists.
./circuit_plots/Unrestricted Disentangled|Readout|CN=3|B0=0|B1=2|K=1280|L=320|p_B=0.75|p_C=0.75|B=2|eps=0|cf538942-d2b2-427e-876d-3ee26c12f82b/ already exists.
./circuit_plots/Unrestricted Disentangled|Readout|CN=3|B0=0|B1=2|K=1280|L=320|p_B=0.75|p_C=0.75|B=2|eps=0|cf538942-d2b2-427e-876d-3ee26c12f82b/ already exists.
./circuit_plots/Unrestricted Disentangled|Readout|CN=3|B0=0|B1=2|K=1280|L=320|p_B=0.75|p_C=0.75|B=2|eps=0|cf538942-d2b2-427e-876d-3ee26c12f82b/ already exists.
Epoch: 6400, Loss: 5.700113773345947
Test acc: 0.0393, IC acc: 0.0486, IC acc2: 0.0029, IW acc: 0.0031
Epoch: 6401, Loss: 5.690340042114258
Epoch: 6402, Loss: 5.658696174621582
Epoch: 6403, Loss: 5.683666229248047
Epoch: 6404, Loss: 5.694316387176514
Epoch: 6405, Loss: 5.689898490905762
Epoch: 6406, Loss: 5.676797866821289
Epoch: 6407, Loss: 5.6971282958984375
Epoch: 6408, Loss: 5.701696872711182
Epoch: 6409, Loss: 5.689053058624268
Epoch: 6410, Loss: 5.692436218261719
Test acc: 0.0395, IC acc: 0.0483, IC acc2: 0.0029, IW acc: 0.0031
Epoch: 6411, Loss: 5.6850080490112305
Epoch: 6412, Loss: 5.6959075927734375
Epoch: 6413, Loss: 5.695988178253174
Epoch: 6414, Loss: 5.682875633239746
Epoch: 6415, Loss: 5.679423809051514
Epoch: 6416, Loss: 5.671095848083496
Epoch: 6417, Loss: 5.684957504272461
Epoch: 6418, Loss: 5.69716739654541
Epoch: 6419, Loss: 5.679525375366211
Epoch: 6420, Loss: 5.704046249389648
Test acc: 0.0396, IC acc: 0.0486, IC acc2: 0.0029, IW acc: 0.003
Epoch: 6421, Loss: 5.694610595703125
Epoch: 6422, Loss: 5.717926979064941
Epoch: 6423, Loss: 5.686196804046631
Epoch: 6424, Loss: 5.687823295593262
Epoch: 6425, Loss: 5.688483715057373
Epoch: 6426, Loss: 5.679532527923584
Epoch: 6427, Loss: 5.710391521453857
Epoch: 6428, Loss: 5.695712089538574
Epoch: 6429, Loss: 5.69498872756958
Epoch: 6430, Loss: 5.702347755432129
Test acc: 0.0394, IC acc: 0.0486, IC acc2: 0.0029, IW acc: 0.0031
Epoch: 6431, Loss: 5.691667556762695
Epoch: 6432, Loss: 5.690569877624512
Epoch: 6433, Loss: 5.684395790100098
Epoch: 6434, Loss: 5.689423084259033
Epoch: 6435, Loss: 5.680171966552734
Epoch: 6436, Loss: 5.686944007873535
Epoch: 6437, Loss: 5.681912422180176
Epoch: 6438, Loss: 5.678123950958252
Epoch: 6439, Loss: 5.678225517272949
Epoch: 6440, Loss: 5.679694175720215
Test acc: 0.0397, IC acc: 0.0492, IC acc2: 0.0029, IW acc: 0.003
Epoch: 6441, Loss: 5.695080757141113
Epoch: 6442, Loss: 5.679952144622803
Epoch: 6443, Loss: 5.6795148849487305
Epoch: 6444, Loss: 5.6927266120910645
Epoch: 6445, Loss: 5.674853324890137
Epoch: 6446, Loss: 5.702947616577148
Epoch: 6447, Loss: 5.692160606384277
Epoch: 6448, Loss: 5.658968925476074
Epoch: 6449, Loss: 5.694581985473633
./circuit_plots/Unrestricted Disentangled|Readout|CN=3|B0=0|B1=2|K=1280|L=320|p_B=0.75|p_C=0.75|B=2|eps=0|cf538942-d2b2-427e-876d-3ee26c12f82b/ already exists.
./circuit_plots/Unrestricted Disentangled|Readout|CN=3|B0=0|B1=2|K=1280|L=320|p_B=0.75|p_C=0.75|B=2|eps=0|cf538942-d2b2-427e-876d-3ee26c12f82b/ already exists.
./circuit_plots/Unrestricted Disentangled|Readout|CN=3|B0=0|B1=2|K=1280|L=320|p_B=0.75|p_C=0.75|B=2|eps=0|cf538942-d2b2-427e-876d-3ee26c12f82b/ already exists.
./circuit_plots/Unrestricted Disentangled|Readout|CN=3|B0=0|B1=2|K=1280|L=320|p_B=0.75|p_C=0.75|B=2|eps=0|cf538942-d2b2-427e-876d-3ee26c12f82b/ already exists.
./circuit_plots/Unrestricted Disentangled|Readout|CN=3|B0=0|B1=2|K=1280|L=320|p_B=0.75|p_C=0.75|B=2|eps=0|cf538942-d2b2-427e-876d-3ee26c12f82b/ already exists.
./circuit_plots/Unrestricted Disentangled|Readout|CN=3|B0=0|B1=2|K=1280|L=320|p_B=0.75|p_C=0.75|B=2|eps=0|cf538942-d2b2-427e-876d-3ee26c12f82b/ already exists.
./circuit_plots/Unrestricted Disentangled|Readout|CN=3|B0=0|B1=2|K=1280|L=320|p_B=0.75|p_C=0.75|B=2|eps=0|cf538942-d2b2-427e-876d-3ee26c12f82b/ already exists.
Epoch: 6450, Loss: 5.6836748123168945
Test acc: 0.0399, IC acc: 0.0494, IC acc2: 0.0028, IW acc: 0.003
Epoch: 6451, Loss: 5.6780500411987305
Epoch: 6452, Loss: 5.6823225021362305
Epoch: 6453, Loss: 5.686424732208252
Epoch: 6454, Loss: 5.6831159591674805
Epoch: 6455, Loss: 5.687440872192383
Epoch: 6456, Loss: 5.687556266784668
Epoch: 6457, Loss: 5.678144454956055
Epoch: 6458, Loss: 5.699007987976074
Epoch: 6459, Loss: 5.686798572540283
Epoch: 6460, Loss: 5.686700344085693
Test acc: 0.0402, IC acc: 0.0498, IC acc2: 0.0028, IW acc: 0.003
Epoch: 6461, Loss: 5.683101654052734
Epoch: 6462, Loss: 5.676243305206299
Epoch: 6463, Loss: 5.675875663757324
Epoch: 6464, Loss: 5.661923408508301
Epoch: 6465, Loss: 5.6942925453186035
Epoch: 6466, Loss: 5.6922221183776855
Epoch: 6467, Loss: 5.691448211669922
Epoch: 6468, Loss: 5.695042610168457
Epoch: 6469, Loss: 5.694051742553711
Epoch: 6470, Loss: 5.686258316040039
Test acc: 0.0399, IC acc: 0.0499, IC acc2: 0.0028, IW acc: 0.0031
Epoch: 6471, Loss: 5.696958541870117
Epoch: 6472, Loss: 5.688407897949219
Epoch: 6473, Loss: 5.69724178314209
Epoch: 6474, Loss: 5.6937150955200195
Epoch: 6475, Loss: 5.708290100097656
Epoch: 6476, Loss: 5.674935817718506
Epoch: 6477, Loss: 5.673558235168457
Epoch: 6478, Loss: 5.704166412353516
Epoch: 6479, Loss: 5.674569606781006
Epoch: 6480, Loss: 5.681445121765137
Test acc: 0.0401, IC acc: 0.0499, IC acc2: 0.0028, IW acc: 0.0031
Epoch: 6481, Loss: 5.680119037628174
Epoch: 6482, Loss: 5.708242416381836
Epoch: 6483, Loss: 5.688855171203613
Epoch: 6484, Loss: 5.684703826904297
Epoch: 6485, Loss: 5.688169479370117
Epoch: 6486, Loss: 5.677957534790039
Epoch: 6487, Loss: 5.675711631774902
Epoch: 6488, Loss: 5.696258544921875
Epoch: 6489, Loss: 5.699289321899414
Epoch: 6490, Loss: 5.68997859954834
Test acc: 0.04, IC acc: 0.0502, IC acc2: 0.0028, IW acc: 0.0031
Epoch: 6491, Loss: 5.709932327270508
Epoch: 6492, Loss: 5.66080379486084
Epoch: 6493, Loss: 5.67272424697876
Epoch: 6494, Loss: 5.695284843444824
Epoch: 6495, Loss: 5.689006328582764
Epoch: 6496, Loss: 5.702463150024414
Epoch: 6497, Loss: 5.662367820739746
Epoch: 6498, Loss: 5.685443878173828
Epoch: 6499, Loss: 5.685932159423828
./circuit_plots/Unrestricted Disentangled|Readout|CN=3|B0=0|B1=2|K=1280|L=320|p_B=0.75|p_C=0.75|B=2|eps=0|cf538942-d2b2-427e-876d-3ee26c12f82b/ already exists.
./circuit_plots/Unrestricted Disentangled|Readout|CN=3|B0=0|B1=2|K=1280|L=320|p_B=0.75|p_C=0.75|B=2|eps=0|cf538942-d2b2-427e-876d-3ee26c12f82b/ already exists.
./circuit_plots/Unrestricted Disentangled|Readout|CN=3|B0=0|B1=2|K=1280|L=320|p_B=0.75|p_C=0.75|B=2|eps=0|cf538942-d2b2-427e-876d-3ee26c12f82b/ already exists.
./circuit_plots/Unrestricted Disentangled|Readout|CN=3|B0=0|B1=2|K=1280|L=320|p_B=0.75|p_C=0.75|B=2|eps=0|cf538942-d2b2-427e-876d-3ee26c12f82b/ already exists.
./circuit_plots/Unrestricted Disentangled|Readout|CN=3|B0=0|B1=2|K=1280|L=320|p_B=0.75|p_C=0.75|B=2|eps=0|cf538942-d2b2-427e-876d-3ee26c12f82b/ already exists.
./circuit_plots/Unrestricted Disentangled|Readout|CN=3|B0=0|B1=2|K=1280|L=320|p_B=0.75|p_C=0.75|B=2|eps=0|cf538942-d2b2-427e-876d-3ee26c12f82b/ already exists.
./circuit_plots/Unrestricted Disentangled|Readout|CN=3|B0=0|B1=2|K=1280|L=320|p_B=0.75|p_C=0.75|B=2|eps=0|cf538942-d2b2-427e-876d-3ee26c12f82b/ already exists.
Epoch: 6500, Loss: 5.682674884796143
Test acc: 0.0406, IC acc: 0.0503, IC acc2: 0.0028, IW acc: 0.0031
Epoch: 6501, Loss: 5.689974308013916
Epoch: 6502, Loss: 5.685593605041504
Epoch: 6503, Loss: 5.695135116577148
Epoch: 6504, Loss: 5.689300537109375
Epoch: 6505, Loss: 5.692822456359863
Epoch: 6506, Loss: 5.685884475708008
Epoch: 6507, Loss: 5.6973371505737305
Epoch: 6508, Loss: 5.709364414215088
Epoch: 6509, Loss: 5.691555976867676
Epoch: 6510, Loss: 5.684891700744629
Test acc: 0.0405, IC acc: 0.0505, IC acc2: 0.0028, IW acc: 0.0031
Epoch: 6511, Loss: 5.682412624359131
Epoch: 6512, Loss: 5.685517311096191
Epoch: 6513, Loss: 5.674647331237793
Epoch: 6514, Loss: 5.673959732055664
Epoch: 6515, Loss: 5.679879188537598
Epoch: 6516, Loss: 5.698181629180908
Epoch: 6517, Loss: 5.687432765960693
Epoch: 6518, Loss: 5.708498477935791
Epoch: 6519, Loss: 5.69460391998291
Epoch: 6520, Loss: 5.689260482788086
Test acc: 0.041, IC acc: 0.0508, IC acc2: 0.0028, IW acc: 0.0031
Epoch: 6521, Loss: 5.705712795257568
Epoch: 6522, Loss: 5.691062927246094
Epoch: 6523, Loss: 5.688103675842285
Epoch: 6524, Loss: 5.6982831954956055
Epoch: 6525, Loss: 5.678833961486816
Epoch: 6526, Loss: 5.698492050170898
Epoch: 6527, Loss: 5.691040992736816
Epoch: 6528, Loss: 5.685218811035156
Epoch: 6529, Loss: 5.693965911865234
Epoch: 6530, Loss: 5.688539028167725
Test acc: 0.0408, IC acc: 0.0509, IC acc2: 0.0028, IW acc: 0.0031
Epoch: 6531, Loss: 5.684232711791992
Epoch: 6532, Loss: 5.672853946685791
Epoch: 6533, Loss: 5.674893856048584
Epoch: 6534, Loss: 5.686487674713135
Epoch: 6535, Loss: 5.676638603210449
Epoch: 6536, Loss: 5.691259384155273
Epoch: 6537, Loss: 5.705747127532959
Epoch: 6538, Loss: 5.696971416473389
Epoch: 6539, Loss: 5.691999435424805
Epoch: 6540, Loss: 5.693301200866699
Test acc: 0.0411, IC acc: 0.0513, IC acc2: 0.0028, IW acc: 0.0031
Epoch: 6541, Loss: 5.694631576538086
Epoch: 6542, Loss: 5.704187870025635
Epoch: 6543, Loss: 5.6825175285339355
Epoch: 6544, Loss: 5.692574501037598
Epoch: 6545, Loss: 5.696269989013672
Epoch: 6546, Loss: 5.668578624725342
Epoch: 6547, Loss: 5.694960594177246
Epoch: 6548, Loss: 5.693481922149658
Epoch: 6549, Loss: 5.7110795974731445
./circuit_plots/Unrestricted Disentangled|Readout|CN=3|B0=0|B1=2|K=1280|L=320|p_B=0.75|p_C=0.75|B=2|eps=0|cf538942-d2b2-427e-876d-3ee26c12f82b/ already exists.
./circuit_plots/Unrestricted Disentangled|Readout|CN=3|B0=0|B1=2|K=1280|L=320|p_B=0.75|p_C=0.75|B=2|eps=0|cf538942-d2b2-427e-876d-3ee26c12f82b/ already exists.
./circuit_plots/Unrestricted Disentangled|Readout|CN=3|B0=0|B1=2|K=1280|L=320|p_B=0.75|p_C=0.75|B=2|eps=0|cf538942-d2b2-427e-876d-3ee26c12f82b/ already exists.
./circuit_plots/Unrestricted Disentangled|Readout|CN=3|B0=0|B1=2|K=1280|L=320|p_B=0.75|p_C=0.75|B=2|eps=0|cf538942-d2b2-427e-876d-3ee26c12f82b/ already exists.
./circuit_plots/Unrestricted Disentangled|Readout|CN=3|B0=0|B1=2|K=1280|L=320|p_B=0.75|p_C=0.75|B=2|eps=0|cf538942-d2b2-427e-876d-3ee26c12f82b/ already exists.
./circuit_plots/Unrestricted Disentangled|Readout|CN=3|B0=0|B1=2|K=1280|L=320|p_B=0.75|p_C=0.75|B=2|eps=0|cf538942-d2b2-427e-876d-3ee26c12f82b/ already exists.
./circuit_plots/Unrestricted Disentangled|Readout|CN=3|B0=0|B1=2|K=1280|L=320|p_B=0.75|p_C=0.75|B=2|eps=0|cf538942-d2b2-427e-876d-3ee26c12f82b/ already exists.
Epoch: 6550, Loss: 5.6893815994262695
Test acc: 0.0414, IC acc: 0.0514, IC acc2: 0.0028, IW acc: 0.0031
Epoch: 6551, Loss: 5.658591270446777
Epoch: 6552, Loss: 5.698696136474609
Epoch: 6553, Loss: 5.677599906921387
Epoch: 6554, Loss: 5.676352024078369
Epoch: 6555, Loss: 5.681790351867676
Epoch: 6556, Loss: 5.691807270050049
Epoch: 6557, Loss: 5.684106826782227
Epoch: 6558, Loss: 5.682372093200684
Epoch: 6559, Loss: 5.677399158477783
Epoch: 6560, Loss: 5.69852876663208
Test acc: 0.0414, IC acc: 0.0515, IC acc2: 0.0028, IW acc: 0.003
Epoch: 6561, Loss: 5.7049560546875
Epoch: 6562, Loss: 5.714102745056152
Epoch: 6563, Loss: 5.679123401641846
Epoch: 6564, Loss: 5.695894241333008
Epoch: 6565, Loss: 5.694502353668213
Epoch: 6566, Loss: 5.70717716217041
Epoch: 6567, Loss: 5.688722610473633
Epoch: 6568, Loss: 5.688399314880371
Epoch: 6569, Loss: 5.690110206604004
Epoch: 6570, Loss: 5.6750874519348145
Test acc: 0.0412, IC acc: 0.0517, IC acc2: 0.0029, IW acc: 0.003
Epoch: 6571, Loss: 5.697694301605225
Epoch: 6572, Loss: 5.692827224731445
Epoch: 6573, Loss: 5.718196392059326
Epoch: 6574, Loss: 5.676460266113281
Epoch: 6575, Loss: 5.705801010131836
Epoch: 6576, Loss: 5.692911148071289
Epoch: 6577, Loss: 5.701783657073975
Epoch: 6578, Loss: 5.692110061645508
Epoch: 6579, Loss: 5.701416015625
Epoch: 6580, Loss: 5.6976494789123535
Test acc: 0.0411, IC acc: 0.0519, IC acc2: 0.0028, IW acc: 0.0029
Epoch: 6581, Loss: 5.679173946380615
Epoch: 6582, Loss: 5.678956031799316
Epoch: 6583, Loss: 5.679924011230469
Epoch: 6584, Loss: 5.693554878234863
Epoch: 6585, Loss: 5.692648887634277
Epoch: 6586, Loss: 5.682021617889404
Epoch: 6587, Loss: 5.668813228607178
Epoch: 6588, Loss: 5.703236103057861
Epoch: 6589, Loss: 5.700826168060303
Epoch: 6590, Loss: 5.691863059997559
Test acc: 0.0414, IC acc: 0.052, IC acc2: 0.0028, IW acc: 0.0029
Epoch: 6591, Loss: 5.693225383758545
Epoch: 6592, Loss: 5.706751823425293
Epoch: 6593, Loss: 5.682455539703369
Epoch: 6594, Loss: 5.689369201660156
Epoch: 6595, Loss: 5.709804534912109
Epoch: 6596, Loss: 5.686550140380859
Epoch: 6597, Loss: 5.674609661102295
Epoch: 6598, Loss: 5.676955699920654
Epoch: 6599, Loss: 5.673990726470947
./circuit_plots/Unrestricted Disentangled|Readout|CN=3|B0=0|B1=2|K=1280|L=320|p_B=0.75|p_C=0.75|B=2|eps=0|cf538942-d2b2-427e-876d-3ee26c12f82b/ already exists.
./circuit_plots/Unrestricted Disentangled|Readout|CN=3|B0=0|B1=2|K=1280|L=320|p_B=0.75|p_C=0.75|B=2|eps=0|cf538942-d2b2-427e-876d-3ee26c12f82b/ already exists.
./circuit_plots/Unrestricted Disentangled|Readout|CN=3|B0=0|B1=2|K=1280|L=320|p_B=0.75|p_C=0.75|B=2|eps=0|cf538942-d2b2-427e-876d-3ee26c12f82b/ already exists.
./circuit_plots/Unrestricted Disentangled|Readout|CN=3|B0=0|B1=2|K=1280|L=320|p_B=0.75|p_C=0.75|B=2|eps=0|cf538942-d2b2-427e-876d-3ee26c12f82b/ already exists.
./circuit_plots/Unrestricted Disentangled|Readout|CN=3|B0=0|B1=2|K=1280|L=320|p_B=0.75|p_C=0.75|B=2|eps=0|cf538942-d2b2-427e-876d-3ee26c12f82b/ already exists.
./circuit_plots/Unrestricted Disentangled|Readout|CN=3|B0=0|B1=2|K=1280|L=320|p_B=0.75|p_C=0.75|B=2|eps=0|cf538942-d2b2-427e-876d-3ee26c12f82b/ already exists.
./circuit_plots/Unrestricted Disentangled|Readout|CN=3|B0=0|B1=2|K=1280|L=320|p_B=0.75|p_C=0.75|B=2|eps=0|cf538942-d2b2-427e-876d-3ee26c12f82b/ already exists.
Epoch: 6600, Loss: 5.693247318267822
Test acc: 0.0411, IC acc: 0.052, IC acc2: 0.0028, IW acc: 0.0029
Epoch: 6601, Loss: 5.691967964172363
Epoch: 6602, Loss: 5.684332847595215
Epoch: 6603, Loss: 5.682699203491211
Epoch: 6604, Loss: 5.711256980895996
Epoch: 6605, Loss: 5.6667633056640625
Epoch: 6606, Loss: 5.71537446975708
Epoch: 6607, Loss: 5.690743923187256
Epoch: 6608, Loss: 5.676456451416016
Epoch: 6609, Loss: 5.682312965393066
Epoch: 6610, Loss: 5.699807167053223
Test acc: 0.0412, IC acc: 0.0524, IC acc2: 0.0028, IW acc: 0.0029
Epoch: 6611, Loss: 5.682979583740234
Epoch: 6612, Loss: 5.697511672973633
Epoch: 6613, Loss: 5.693735599517822
Epoch: 6614, Loss: 5.708921909332275
Epoch: 6615, Loss: 5.668991565704346
Epoch: 6616, Loss: 5.689174175262451
Epoch: 6617, Loss: 5.688490867614746
Epoch: 6618, Loss: 5.690314769744873
Epoch: 6619, Loss: 5.6977314949035645
Epoch: 6620, Loss: 5.71129035949707
Test acc: 0.0415, IC acc: 0.0525, IC acc2: 0.0027, IW acc: 0.0029
Epoch: 6621, Loss: 5.685420989990234
Epoch: 6622, Loss: 5.68663215637207
Epoch: 6623, Loss: 5.679176330566406
Epoch: 6624, Loss: 5.694699287414551
Epoch: 6625, Loss: 5.6864728927612305
Epoch: 6626, Loss: 5.676113605499268
Epoch: 6627, Loss: 5.700179100036621
Epoch: 6628, Loss: 5.6907124519348145
Epoch: 6629, Loss: 5.683797836303711
Epoch: 6630, Loss: 5.673375129699707
Test acc: 0.0416, IC acc: 0.0526, IC acc2: 0.0028, IW acc: 0.0027
Epoch: 6631, Loss: 5.699521064758301
Epoch: 6632, Loss: 5.688061714172363
Epoch: 6633, Loss: 5.707106590270996
Epoch: 6634, Loss: 5.706116676330566
Epoch: 6635, Loss: 5.704932689666748
Epoch: 6636, Loss: 5.694183349609375
Epoch: 6637, Loss: 5.700059413909912
Epoch: 6638, Loss: 5.693092346191406
Epoch: 6639, Loss: 5.701803207397461
Epoch: 6640, Loss: 5.676989555358887
Test acc: 0.0418, IC acc: 0.0527, IC acc2: 0.0027, IW acc: 0.0027
Epoch: 6641, Loss: 5.700193405151367
Epoch: 6642, Loss: 5.697652339935303
Epoch: 6643, Loss: 5.701869010925293
Epoch: 6644, Loss: 5.6773681640625
Epoch: 6645, Loss: 5.693851470947266
Epoch: 6646, Loss: 5.69162130355835
Epoch: 6647, Loss: 5.675403594970703
Epoch: 6648, Loss: 5.704135417938232
Epoch: 6649, Loss: 5.673751354217529
./circuit_plots/Unrestricted Disentangled|Readout|CN=3|B0=0|B1=2|K=1280|L=320|p_B=0.75|p_C=0.75|B=2|eps=0|cf538942-d2b2-427e-876d-3ee26c12f82b/ already exists.
./circuit_plots/Unrestricted Disentangled|Readout|CN=3|B0=0|B1=2|K=1280|L=320|p_B=0.75|p_C=0.75|B=2|eps=0|cf538942-d2b2-427e-876d-3ee26c12f82b/ already exists.
./circuit_plots/Unrestricted Disentangled|Readout|CN=3|B0=0|B1=2|K=1280|L=320|p_B=0.75|p_C=0.75|B=2|eps=0|cf538942-d2b2-427e-876d-3ee26c12f82b/ already exists.
./circuit_plots/Unrestricted Disentangled|Readout|CN=3|B0=0|B1=2|K=1280|L=320|p_B=0.75|p_C=0.75|B=2|eps=0|cf538942-d2b2-427e-876d-3ee26c12f82b/ already exists.
./circuit_plots/Unrestricted Disentangled|Readout|CN=3|B0=0|B1=2|K=1280|L=320|p_B=0.75|p_C=0.75|B=2|eps=0|cf538942-d2b2-427e-876d-3ee26c12f82b/ already exists.
./circuit_plots/Unrestricted Disentangled|Readout|CN=3|B0=0|B1=2|K=1280|L=320|p_B=0.75|p_C=0.75|B=2|eps=0|cf538942-d2b2-427e-876d-3ee26c12f82b/ already exists.
./circuit_plots/Unrestricted Disentangled|Readout|CN=3|B0=0|B1=2|K=1280|L=320|p_B=0.75|p_C=0.75|B=2|eps=0|cf538942-d2b2-427e-876d-3ee26c12f82b/ already exists.
Epoch: 6650, Loss: 5.694769859313965
Test acc: 0.0418, IC acc: 0.053, IC acc2: 0.0027, IW acc: 0.0027
Epoch: 6651, Loss: 5.694662094116211
Epoch: 6652, Loss: 5.687621116638184
Epoch: 6653, Loss: 5.679956436157227
Epoch: 6654, Loss: 5.6545023918151855
Epoch: 6655, Loss: 5.704076766967773
Epoch: 6656, Loss: 5.68187141418457
Epoch: 6657, Loss: 5.684525489807129
Epoch: 6658, Loss: 5.6958699226379395
Epoch: 6659, Loss: 5.666215896606445
Epoch: 6660, Loss: 5.698999404907227
Test acc: 0.0418, IC acc: 0.0528, IC acc2: 0.0027, IW acc: 0.0027
Epoch: 6661, Loss: 5.687499046325684
Epoch: 6662, Loss: 5.678349494934082
Epoch: 6663, Loss: 5.702744483947754
Epoch: 6664, Loss: 5.689078330993652
Epoch: 6665, Loss: 5.664628505706787
Epoch: 6666, Loss: 5.703426361083984
Epoch: 6667, Loss: 5.70106315612793
Epoch: 6668, Loss: 5.675739288330078
Epoch: 6669, Loss: 5.697339057922363
Epoch: 6670, Loss: 5.672808647155762
Test acc: 0.0421, IC acc: 0.0532, IC acc2: 0.0027, IW acc: 0.0027
Epoch: 6671, Loss: 5.678190231323242
Epoch: 6672, Loss: 5.716005325317383
Epoch: 6673, Loss: 5.69886589050293
Epoch: 6674, Loss: 5.68578577041626
Epoch: 6675, Loss: 5.689189910888672
Epoch: 6676, Loss: 5.68889045715332
Epoch: 6677, Loss: 5.688106536865234
Epoch: 6678, Loss: 5.710110664367676
Epoch: 6679, Loss: 5.688319206237793
Epoch: 6680, Loss: 5.70229959487915
Test acc: 0.0421, IC acc: 0.0532, IC acc2: 0.0027, IW acc: 0.0028
Epoch: 6681, Loss: 5.663206100463867
Epoch: 6682, Loss: 5.671971797943115
Epoch: 6683, Loss: 5.672772407531738
Epoch: 6684, Loss: 5.697462558746338
Epoch: 6685, Loss: 5.698938369750977
Epoch: 6686, Loss: 5.69463586807251
Epoch: 6687, Loss: 5.6679534912109375
Epoch: 6688, Loss: 5.687788486480713
Epoch: 6689, Loss: 5.692106246948242
Epoch: 6690, Loss: 5.691740036010742
Test acc: 0.0421, IC acc: 0.053, IC acc2: 0.0027, IW acc: 0.0028
Epoch: 6691, Loss: 5.681856155395508
Epoch: 6692, Loss: 5.68337345123291
Epoch: 6693, Loss: 5.6904144287109375
Epoch: 6694, Loss: 5.6789984703063965
Epoch: 6695, Loss: 5.706401348114014
Epoch: 6696, Loss: 5.683330535888672
Epoch: 6697, Loss: 5.680792808532715
Epoch: 6698, Loss: 5.689134120941162
Epoch: 6699, Loss: 5.673959732055664
./circuit_plots/Unrestricted Disentangled|Readout|CN=3|B0=0|B1=2|K=1280|L=320|p_B=0.75|p_C=0.75|B=2|eps=0|cf538942-d2b2-427e-876d-3ee26c12f82b/ already exists.
./circuit_plots/Unrestricted Disentangled|Readout|CN=3|B0=0|B1=2|K=1280|L=320|p_B=0.75|p_C=0.75|B=2|eps=0|cf538942-d2b2-427e-876d-3ee26c12f82b/ already exists.
./circuit_plots/Unrestricted Disentangled|Readout|CN=3|B0=0|B1=2|K=1280|L=320|p_B=0.75|p_C=0.75|B=2|eps=0|cf538942-d2b2-427e-876d-3ee26c12f82b/ already exists.
./circuit_plots/Unrestricted Disentangled|Readout|CN=3|B0=0|B1=2|K=1280|L=320|p_B=0.75|p_C=0.75|B=2|eps=0|cf538942-d2b2-427e-876d-3ee26c12f82b/ already exists.
./circuit_plots/Unrestricted Disentangled|Readout|CN=3|B0=0|B1=2|K=1280|L=320|p_B=0.75|p_C=0.75|B=2|eps=0|cf538942-d2b2-427e-876d-3ee26c12f82b/ already exists.
./circuit_plots/Unrestricted Disentangled|Readout|CN=3|B0=0|B1=2|K=1280|L=320|p_B=0.75|p_C=0.75|B=2|eps=0|cf538942-d2b2-427e-876d-3ee26c12f82b/ already exists.
./circuit_plots/Unrestricted Disentangled|Readout|CN=3|B0=0|B1=2|K=1280|L=320|p_B=0.75|p_C=0.75|B=2|eps=0|cf538942-d2b2-427e-876d-3ee26c12f82b/ already exists.
Epoch: 6700, Loss: 5.711400508880615
Test acc: 0.0422, IC acc: 0.0538, IC acc2: 0.0027, IW acc: 0.0027
Epoch: 6701, Loss: 5.676009178161621
Epoch: 6702, Loss: 5.701010704040527
Epoch: 6703, Loss: 5.708405494689941
Epoch: 6704, Loss: 5.692469596862793
Epoch: 6705, Loss: 5.702675819396973
Epoch: 6706, Loss: 5.680682182312012
Epoch: 6707, Loss: 5.666087627410889
Epoch: 6708, Loss: 5.6768951416015625
Epoch: 6709, Loss: 5.6775946617126465
Epoch: 6710, Loss: 5.690095901489258
Test acc: 0.0423, IC acc: 0.054, IC acc2: 0.0027, IW acc: 0.0027
Epoch: 6711, Loss: 5.688976287841797
Epoch: 6712, Loss: 5.6898088455200195
Epoch: 6713, Loss: 5.674953460693359
Epoch: 6714, Loss: 5.684938907623291
Epoch: 6715, Loss: 5.684937000274658
Epoch: 6716, Loss: 5.697798728942871
Epoch: 6717, Loss: 5.695649147033691
Epoch: 6718, Loss: 5.690437316894531
Epoch: 6719, Loss: 5.68628454208374
Epoch: 6720, Loss: 5.690815448760986
Test acc: 0.0423, IC acc: 0.0538, IC acc2: 0.0027, IW acc: 0.0027
Epoch: 6721, Loss: 5.682969093322754
Epoch: 6722, Loss: 5.687264442443848
Epoch: 6723, Loss: 5.692192554473877
Epoch: 6724, Loss: 5.717954635620117
Epoch: 6725, Loss: 5.6834492683410645
Epoch: 6726, Loss: 5.681364059448242
Epoch: 6727, Loss: 5.686381816864014
Epoch: 6728, Loss: 5.670483589172363
Epoch: 6729, Loss: 5.687580108642578
Epoch: 6730, Loss: 5.689719200134277
Test acc: 0.0423, IC acc: 0.0539, IC acc2: 0.0027, IW acc: 0.0028
Epoch: 6731, Loss: 5.6905364990234375
Epoch: 6732, Loss: 5.6788177490234375
Epoch: 6733, Loss: 5.689847946166992
Epoch: 6734, Loss: 5.695479869842529
Epoch: 6735, Loss: 5.693958282470703
Epoch: 6736, Loss: 5.70255708694458
Epoch: 6737, Loss: 5.6736040115356445
Epoch: 6738, Loss: 5.700265884399414
Epoch: 6739, Loss: 5.691959857940674
Epoch: 6740, Loss: 5.691605567932129
Test acc: 0.0424, IC acc: 0.0541, IC acc2: 0.0027, IW acc: 0.0027
Epoch: 6741, Loss: 5.689549446105957
Epoch: 6742, Loss: 5.689945220947266
Epoch: 6743, Loss: 5.684782028198242
Epoch: 6744, Loss: 5.713956832885742
Epoch: 6745, Loss: 5.684453010559082
Epoch: 6746, Loss: 5.685647964477539
Epoch: 6747, Loss: 5.689095497131348
Epoch: 6748, Loss: 5.688251495361328
Epoch: 6749, Loss: 5.682467937469482
./circuit_plots/Unrestricted Disentangled|Readout|CN=3|B0=0|B1=2|K=1280|L=320|p_B=0.75|p_C=0.75|B=2|eps=0|cf538942-d2b2-427e-876d-3ee26c12f82b/ already exists.
./circuit_plots/Unrestricted Disentangled|Readout|CN=3|B0=0|B1=2|K=1280|L=320|p_B=0.75|p_C=0.75|B=2|eps=0|cf538942-d2b2-427e-876d-3ee26c12f82b/ already exists.
./circuit_plots/Unrestricted Disentangled|Readout|CN=3|B0=0|B1=2|K=1280|L=320|p_B=0.75|p_C=0.75|B=2|eps=0|cf538942-d2b2-427e-876d-3ee26c12f82b/ already exists.
./circuit_plots/Unrestricted Disentangled|Readout|CN=3|B0=0|B1=2|K=1280|L=320|p_B=0.75|p_C=0.75|B=2|eps=0|cf538942-d2b2-427e-876d-3ee26c12f82b/ already exists.
./circuit_plots/Unrestricted Disentangled|Readout|CN=3|B0=0|B1=2|K=1280|L=320|p_B=0.75|p_C=0.75|B=2|eps=0|cf538942-d2b2-427e-876d-3ee26c12f82b/ already exists.
./circuit_plots/Unrestricted Disentangled|Readout|CN=3|B0=0|B1=2|K=1280|L=320|p_B=0.75|p_C=0.75|B=2|eps=0|cf538942-d2b2-427e-876d-3ee26c12f82b/ already exists.
./circuit_plots/Unrestricted Disentangled|Readout|CN=3|B0=0|B1=2|K=1280|L=320|p_B=0.75|p_C=0.75|B=2|eps=0|cf538942-d2b2-427e-876d-3ee26c12f82b/ already exists.
Epoch: 6750, Loss: 5.713788032531738
Test acc: 0.0426, IC acc: 0.0543, IC acc2: 0.0027, IW acc: 0.0027
Epoch: 6751, Loss: 5.679778099060059
Epoch: 6752, Loss: 5.698553562164307
Epoch: 6753, Loss: 5.681674957275391
Epoch: 6754, Loss: 5.68428897857666
Epoch: 6755, Loss: 5.667783260345459
Epoch: 6756, Loss: 5.6872029304504395
Epoch: 6757, Loss: 5.682616233825684
Epoch: 6758, Loss: 5.704244613647461
Epoch: 6759, Loss: 5.6804609298706055
Epoch: 6760, Loss: 5.6977949142456055
Test acc: 0.0424, IC acc: 0.0543, IC acc2: 0.0027, IW acc: 0.0027
Epoch: 6761, Loss: 5.683677673339844
Epoch: 6762, Loss: 5.694465637207031
Epoch: 6763, Loss: 5.704397201538086
Epoch: 6764, Loss: 5.708750247955322
Epoch: 6765, Loss: 5.697785377502441
Epoch: 6766, Loss: 5.6910400390625
Epoch: 6767, Loss: 5.721799373626709
Epoch: 6768, Loss: 5.6927490234375
Epoch: 6769, Loss: 5.704564094543457
Epoch: 6770, Loss: 5.703832626342773
Test acc: 0.0425, IC acc: 0.0543, IC acc2: 0.0027, IW acc: 0.0027
Epoch: 6771, Loss: 5.710417747497559
Epoch: 6772, Loss: 5.6881489753723145
Epoch: 6773, Loss: 5.710272789001465
Epoch: 6774, Loss: 5.666464805603027
Epoch: 6775, Loss: 5.659278392791748
Epoch: 6776, Loss: 5.6857781410217285
Epoch: 6777, Loss: 5.678459644317627
Epoch: 6778, Loss: 5.702157974243164
Epoch: 6779, Loss: 5.691113471984863
Epoch: 6780, Loss: 5.665194034576416
Test acc: 0.0426, IC acc: 0.0543, IC acc2: 0.0027, IW acc: 0.0027
Epoch: 6781, Loss: 5.693683624267578
Epoch: 6782, Loss: 5.698617935180664
Epoch: 6783, Loss: 5.684911727905273
Epoch: 6784, Loss: 5.680666923522949
Epoch: 6785, Loss: 5.704941749572754
Epoch: 6786, Loss: 5.685907363891602
Epoch: 6787, Loss: 5.693571090698242
Epoch: 6788, Loss: 5.677671432495117
Epoch: 6789, Loss: 5.693934440612793
Epoch: 6790, Loss: 5.676651954650879
Test acc: 0.0427, IC acc: 0.0544, IC acc2: 0.0027, IW acc: 0.0027
Epoch: 6791, Loss: 5.668125629425049
Epoch: 6792, Loss: 5.679084777832031
Epoch: 6793, Loss: 5.669659614562988
Epoch: 6794, Loss: 5.670783042907715
Epoch: 6795, Loss: 5.696331977844238
Epoch: 6796, Loss: 5.692386150360107
Epoch: 6797, Loss: 5.692779541015625
Epoch: 6798, Loss: 5.689764022827148
Epoch: 6799, Loss: 5.687948226928711
./circuit_plots/Unrestricted Disentangled|Readout|CN=3|B0=0|B1=2|K=1280|L=320|p_B=0.75|p_C=0.75|B=2|eps=0|cf538942-d2b2-427e-876d-3ee26c12f82b/ already exists.
./circuit_plots/Unrestricted Disentangled|Readout|CN=3|B0=0|B1=2|K=1280|L=320|p_B=0.75|p_C=0.75|B=2|eps=0|cf538942-d2b2-427e-876d-3ee26c12f82b/ already exists.
./circuit_plots/Unrestricted Disentangled|Readout|CN=3|B0=0|B1=2|K=1280|L=320|p_B=0.75|p_C=0.75|B=2|eps=0|cf538942-d2b2-427e-876d-3ee26c12f82b/ already exists.
./circuit_plots/Unrestricted Disentangled|Readout|CN=3|B0=0|B1=2|K=1280|L=320|p_B=0.75|p_C=0.75|B=2|eps=0|cf538942-d2b2-427e-876d-3ee26c12f82b/ already exists.
./circuit_plots/Unrestricted Disentangled|Readout|CN=3|B0=0|B1=2|K=1280|L=320|p_B=0.75|p_C=0.75|B=2|eps=0|cf538942-d2b2-427e-876d-3ee26c12f82b/ already exists.
./circuit_plots/Unrestricted Disentangled|Readout|CN=3|B0=0|B1=2|K=1280|L=320|p_B=0.75|p_C=0.75|B=2|eps=0|cf538942-d2b2-427e-876d-3ee26c12f82b/ already exists.
./circuit_plots/Unrestricted Disentangled|Readout|CN=3|B0=0|B1=2|K=1280|L=320|p_B=0.75|p_C=0.75|B=2|eps=0|cf538942-d2b2-427e-876d-3ee26c12f82b/ already exists.
Epoch: 6800, Loss: 5.700643539428711
Test acc: 0.0429, IC acc: 0.0545, IC acc2: 0.0027, IW acc: 0.0027
Epoch: 6801, Loss: 5.678238868713379
Epoch: 6802, Loss: 5.694746494293213
Epoch: 6803, Loss: 5.7029852867126465
Epoch: 6804, Loss: 5.676534652709961
Epoch: 6805, Loss: 5.662352561950684
Epoch: 6806, Loss: 5.671875953674316
Epoch: 6807, Loss: 5.678424835205078
Epoch: 6808, Loss: 5.671825408935547
Epoch: 6809, Loss: 5.692044734954834
Epoch: 6810, Loss: 5.686012268066406
Test acc: 0.043, IC acc: 0.0546, IC acc2: 0.0027, IW acc: 0.0027
Epoch: 6811, Loss: 5.68660831451416
Epoch: 6812, Loss: 5.692051410675049
Epoch: 6813, Loss: 5.685451507568359
Epoch: 6814, Loss: 5.671850681304932
Epoch: 6815, Loss: 5.700406074523926
Epoch: 6816, Loss: 5.726451396942139
Epoch: 6817, Loss: 5.685379981994629
Epoch: 6818, Loss: 5.691224098205566
Epoch: 6819, Loss: 5.686492919921875
Epoch: 6820, Loss: 5.672983169555664
Test acc: 0.043, IC acc: 0.0547, IC acc2: 0.0027, IW acc: 0.0027
Epoch: 6821, Loss: 5.677032470703125
Epoch: 6822, Loss: 5.699613571166992
Epoch: 6823, Loss: 5.6774516105651855
Epoch: 6824, Loss: 5.673973083496094
Epoch: 6825, Loss: 5.673096179962158
Epoch: 6826, Loss: 5.6972737312316895
Epoch: 6827, Loss: 5.686903953552246
Epoch: 6828, Loss: 5.669816970825195
Epoch: 6829, Loss: 5.691952705383301
Epoch: 6830, Loss: 5.684663772583008
Test acc: 0.0434, IC acc: 0.0547, IC acc2: 0.0027, IW acc: 0.0027
Epoch: 6831, Loss: 5.688923358917236
Epoch: 6832, Loss: 5.676201820373535
Epoch: 6833, Loss: 5.694829940795898
Epoch: 6834, Loss: 5.68121337890625
Epoch: 6835, Loss: 5.691703796386719
Epoch: 6836, Loss: 5.708540916442871
Epoch: 6837, Loss: 5.705306529998779
Epoch: 6838, Loss: 5.697303771972656
Epoch: 6839, Loss: 5.685212135314941
Epoch: 6840, Loss: 5.688444137573242
Test acc: 0.0434, IC acc: 0.0549, IC acc2: 0.0027, IW acc: 0.0027
Epoch: 6841, Loss: 5.686434745788574
Epoch: 6842, Loss: 5.69351053237915
Epoch: 6843, Loss: 5.676820278167725
Epoch: 6844, Loss: 5.676627159118652
Epoch: 6845, Loss: 5.692882537841797
Epoch: 6846, Loss: 5.685470104217529
Epoch: 6847, Loss: 5.664449691772461
Epoch: 6848, Loss: 5.677866458892822
Epoch: 6849, Loss: 5.696248531341553
./circuit_plots/Unrestricted Disentangled|Readout|CN=3|B0=0|B1=2|K=1280|L=320|p_B=0.75|p_C=0.75|B=2|eps=0|cf538942-d2b2-427e-876d-3ee26c12f82b/ already exists.
./circuit_plots/Unrestricted Disentangled|Readout|CN=3|B0=0|B1=2|K=1280|L=320|p_B=0.75|p_C=0.75|B=2|eps=0|cf538942-d2b2-427e-876d-3ee26c12f82b/ already exists.
./circuit_plots/Unrestricted Disentangled|Readout|CN=3|B0=0|B1=2|K=1280|L=320|p_B=0.75|p_C=0.75|B=2|eps=0|cf538942-d2b2-427e-876d-3ee26c12f82b/ already exists.
./circuit_plots/Unrestricted Disentangled|Readout|CN=3|B0=0|B1=2|K=1280|L=320|p_B=0.75|p_C=0.75|B=2|eps=0|cf538942-d2b2-427e-876d-3ee26c12f82b/ already exists.
./circuit_plots/Unrestricted Disentangled|Readout|CN=3|B0=0|B1=2|K=1280|L=320|p_B=0.75|p_C=0.75|B=2|eps=0|cf538942-d2b2-427e-876d-3ee26c12f82b/ already exists.
./circuit_plots/Unrestricted Disentangled|Readout|CN=3|B0=0|B1=2|K=1280|L=320|p_B=0.75|p_C=0.75|B=2|eps=0|cf538942-d2b2-427e-876d-3ee26c12f82b/ already exists.
./circuit_plots/Unrestricted Disentangled|Readout|CN=3|B0=0|B1=2|K=1280|L=320|p_B=0.75|p_C=0.75|B=2|eps=0|cf538942-d2b2-427e-876d-3ee26c12f82b/ already exists.
Epoch: 6850, Loss: 5.705156326293945
Test acc: 0.0434, IC acc: 0.0549, IC acc2: 0.0027, IW acc: 0.0027
Epoch: 6851, Loss: 5.704056262969971
Epoch: 6852, Loss: 5.683078765869141
Epoch: 6853, Loss: 5.668840408325195
Epoch: 6854, Loss: 5.6821088790893555
Epoch: 6855, Loss: 5.669243812561035
Epoch: 6856, Loss: 5.685608386993408
Epoch: 6857, Loss: 5.710841178894043
Epoch: 6858, Loss: 5.6973090171813965
Epoch: 6859, Loss: 5.688272476196289
Epoch: 6860, Loss: 5.692141532897949
Test acc: 0.0435, IC acc: 0.055, IC acc2: 0.0027, IW acc: 0.0027
Epoch: 6861, Loss: 5.659255027770996
Epoch: 6862, Loss: 5.681781768798828
Epoch: 6863, Loss: 5.691056251525879
Epoch: 6864, Loss: 5.665885925292969
Epoch: 6865, Loss: 5.693875789642334
Epoch: 6866, Loss: 5.6870808601379395
Epoch: 6867, Loss: 5.678804397583008
Epoch: 6868, Loss: 5.705073356628418
Epoch: 6869, Loss: 5.6800336837768555
Epoch: 6870, Loss: 5.683174133300781
Test acc: 0.0435, IC acc: 0.0552, IC acc2: 0.0027, IW acc: 0.0027
Epoch: 6871, Loss: 5.679616928100586
Epoch: 6872, Loss: 5.71065616607666
Epoch: 6873, Loss: 5.693756103515625
Epoch: 6874, Loss: 5.676309108734131
Epoch: 6875, Loss: 5.686461448669434
Epoch: 6876, Loss: 5.693808555603027
Epoch: 6877, Loss: 5.701610565185547
Epoch: 6878, Loss: 5.681623935699463
Epoch: 6879, Loss: 5.648003578186035
Epoch: 6880, Loss: 5.6791534423828125
Test acc: 0.0438, IC acc: 0.0554, IC acc2: 0.0028, IW acc: 0.0027
Epoch: 6881, Loss: 5.6703948974609375
Epoch: 6882, Loss: 5.691135883331299
Epoch: 6883, Loss: 5.674938201904297
Epoch: 6884, Loss: 5.679900169372559
Epoch: 6885, Loss: 5.680190563201904
Epoch: 6886, Loss: 5.678655624389648
Epoch: 6887, Loss: 5.670688152313232
Epoch: 6888, Loss: 5.681364059448242
Epoch: 6889, Loss: 5.679732322692871
Epoch: 6890, Loss: 5.689329147338867
Test acc: 0.0438, IC acc: 0.0555, IC acc2: 0.0028, IW acc: 0.0027
Epoch: 6891, Loss: 5.709590911865234
Epoch: 6892, Loss: 5.693435192108154
Epoch: 6893, Loss: 5.676947593688965
Epoch: 6894, Loss: 5.686839580535889
Epoch: 6895, Loss: 5.7001471519470215
Epoch: 6896, Loss: 5.698065280914307
Epoch: 6897, Loss: 5.687528610229492
Epoch: 6898, Loss: 5.674788475036621
Epoch: 6899, Loss: 5.695502758026123
./circuit_plots/Unrestricted Disentangled|Readout|CN=3|B0=0|B1=2|K=1280|L=320|p_B=0.75|p_C=0.75|B=2|eps=0|cf538942-d2b2-427e-876d-3ee26c12f82b/ already exists.
./circuit_plots/Unrestricted Disentangled|Readout|CN=3|B0=0|B1=2|K=1280|L=320|p_B=0.75|p_C=0.75|B=2|eps=0|cf538942-d2b2-427e-876d-3ee26c12f82b/ already exists.
./circuit_plots/Unrestricted Disentangled|Readout|CN=3|B0=0|B1=2|K=1280|L=320|p_B=0.75|p_C=0.75|B=2|eps=0|cf538942-d2b2-427e-876d-3ee26c12f82b/ already exists.
./circuit_plots/Unrestricted Disentangled|Readout|CN=3|B0=0|B1=2|K=1280|L=320|p_B=0.75|p_C=0.75|B=2|eps=0|cf538942-d2b2-427e-876d-3ee26c12f82b/ already exists.
./circuit_plots/Unrestricted Disentangled|Readout|CN=3|B0=0|B1=2|K=1280|L=320|p_B=0.75|p_C=0.75|B=2|eps=0|cf538942-d2b2-427e-876d-3ee26c12f82b/ already exists.
./circuit_plots/Unrestricted Disentangled|Readout|CN=3|B0=0|B1=2|K=1280|L=320|p_B=0.75|p_C=0.75|B=2|eps=0|cf538942-d2b2-427e-876d-3ee26c12f82b/ already exists.
./circuit_plots/Unrestricted Disentangled|Readout|CN=3|B0=0|B1=2|K=1280|L=320|p_B=0.75|p_C=0.75|B=2|eps=0|cf538942-d2b2-427e-876d-3ee26c12f82b/ already exists.
Epoch: 6900, Loss: 5.691600799560547
Test acc: 0.044, IC acc: 0.0557, IC acc2: 0.0028, IW acc: 0.0026
Epoch: 6901, Loss: 5.656970977783203
Epoch: 6902, Loss: 5.68485164642334
Epoch: 6903, Loss: 5.696708679199219
Epoch: 6904, Loss: 5.678988933563232
Epoch: 6905, Loss: 5.680923938751221
Epoch: 6906, Loss: 5.700096130371094
Epoch: 6907, Loss: 5.6697492599487305
Epoch: 6908, Loss: 5.686827182769775
Epoch: 6909, Loss: 5.678277969360352
Epoch: 6910, Loss: 5.695734977722168
Test acc: 0.044, IC acc: 0.0559, IC acc2: 0.0028, IW acc: 0.0027
Epoch: 6911, Loss: 5.672659397125244
Epoch: 6912, Loss: 5.6666154861450195
Epoch: 6913, Loss: 5.682003974914551
Epoch: 6914, Loss: 5.6997246742248535
Epoch: 6915, Loss: 5.673871994018555
Epoch: 6916, Loss: 5.686598777770996
Epoch: 6917, Loss: 5.693577766418457
Epoch: 6918, Loss: 5.679656982421875
Epoch: 6919, Loss: 5.6847357749938965
Epoch: 6920, Loss: 5.695838451385498
Test acc: 0.0441, IC acc: 0.056, IC acc2: 0.0028, IW acc: 0.0026
Epoch: 6921, Loss: 5.700321197509766
Epoch: 6922, Loss: 5.69411563873291
Epoch: 6923, Loss: 5.697795867919922
Epoch: 6924, Loss: 5.6890411376953125
Epoch: 6925, Loss: 5.67903470993042
Epoch: 6926, Loss: 5.704660415649414
Epoch: 6927, Loss: 5.687804222106934
Epoch: 6928, Loss: 5.689664840698242
Epoch: 6929, Loss: 5.687633991241455
Epoch: 6930, Loss: 5.687455177307129
Test acc: 0.0441, IC acc: 0.0558, IC acc2: 0.0028, IW acc: 0.0027
Epoch: 6931, Loss: 5.679122447967529
Epoch: 6932, Loss: 5.688485145568848
Epoch: 6933, Loss: 5.681976318359375
Epoch: 6934, Loss: 5.674709796905518
Epoch: 6935, Loss: 5.692576885223389
Epoch: 6936, Loss: 5.693511962890625
Epoch: 6937, Loss: 5.696596145629883
Epoch: 6938, Loss: 5.6851325035095215
Epoch: 6939, Loss: 5.694674015045166
Epoch: 6940, Loss: 5.676071643829346
Test acc: 0.044, IC acc: 0.056, IC acc2: 0.0028, IW acc: 0.0027
Epoch: 6941, Loss: 5.6841511726379395
Epoch: 6942, Loss: 5.6955037117004395
Epoch: 6943, Loss: 5.673555374145508
Epoch: 6944, Loss: 5.699384689331055
Epoch: 6945, Loss: 5.690729141235352
Epoch: 6946, Loss: 5.685735702514648
Epoch: 6947, Loss: 5.667771816253662
Epoch: 6948, Loss: 5.6949076652526855
Epoch: 6949, Loss: 5.677639007568359
./circuit_plots/Unrestricted Disentangled|Readout|CN=3|B0=0|B1=2|K=1280|L=320|p_B=0.75|p_C=0.75|B=2|eps=0|cf538942-d2b2-427e-876d-3ee26c12f82b/ already exists.
./circuit_plots/Unrestricted Disentangled|Readout|CN=3|B0=0|B1=2|K=1280|L=320|p_B=0.75|p_C=0.75|B=2|eps=0|cf538942-d2b2-427e-876d-3ee26c12f82b/ already exists.
./circuit_plots/Unrestricted Disentangled|Readout|CN=3|B0=0|B1=2|K=1280|L=320|p_B=0.75|p_C=0.75|B=2|eps=0|cf538942-d2b2-427e-876d-3ee26c12f82b/ already exists.
./circuit_plots/Unrestricted Disentangled|Readout|CN=3|B0=0|B1=2|K=1280|L=320|p_B=0.75|p_C=0.75|B=2|eps=0|cf538942-d2b2-427e-876d-3ee26c12f82b/ already exists.
./circuit_plots/Unrestricted Disentangled|Readout|CN=3|B0=0|B1=2|K=1280|L=320|p_B=0.75|p_C=0.75|B=2|eps=0|cf538942-d2b2-427e-876d-3ee26c12f82b/ already exists.
./circuit_plots/Unrestricted Disentangled|Readout|CN=3|B0=0|B1=2|K=1280|L=320|p_B=0.75|p_C=0.75|B=2|eps=0|cf538942-d2b2-427e-876d-3ee26c12f82b/ already exists.
./circuit_plots/Unrestricted Disentangled|Readout|CN=3|B0=0|B1=2|K=1280|L=320|p_B=0.75|p_C=0.75|B=2|eps=0|cf538942-d2b2-427e-876d-3ee26c12f82b/ already exists.
Epoch: 6950, Loss: 5.686707973480225
Test acc: 0.044, IC acc: 0.0563, IC acc2: 0.0028, IW acc: 0.0027
Epoch: 6951, Loss: 5.6919941902160645
Epoch: 6952, Loss: 5.683664321899414
Epoch: 6953, Loss: 5.668808937072754
Epoch: 6954, Loss: 5.668745040893555
Epoch: 6955, Loss: 5.687156677246094
Epoch: 6956, Loss: 5.689141273498535
Epoch: 6957, Loss: 5.690760612487793
Epoch: 6958, Loss: 5.685182571411133
Epoch: 6959, Loss: 5.693478107452393
Epoch: 6960, Loss: 5.677001476287842
Test acc: 0.044, IC acc: 0.056, IC acc2: 0.0028, IW acc: 0.0027
Epoch: 6961, Loss: 5.686350345611572
Epoch: 6962, Loss: 5.69954252243042
Epoch: 6963, Loss: 5.698015213012695
Epoch: 6964, Loss: 5.67147159576416
Epoch: 6965, Loss: 5.691429615020752
Epoch: 6966, Loss: 5.696781158447266
Epoch: 6967, Loss: 5.696789264678955
Epoch: 6968, Loss: 5.6832075119018555
Epoch: 6969, Loss: 5.691789150238037
Epoch: 6970, Loss: 5.698528289794922
Test acc: 0.0442, IC acc: 0.0565, IC acc2: 0.0028, IW acc: 0.0027
Epoch: 6971, Loss: 5.683550834655762
Epoch: 6972, Loss: 5.666079998016357
Epoch: 6973, Loss: 5.7010369300842285
Epoch: 6974, Loss: 5.670977592468262
Epoch: 6975, Loss: 5.674887657165527
Epoch: 6976, Loss: 5.668951034545898
Epoch: 6977, Loss: 5.692422389984131
Epoch: 6978, Loss: 5.666680335998535
Epoch: 6979, Loss: 5.6863789558410645
Epoch: 6980, Loss: 5.6828083992004395
Test acc: 0.0441, IC acc: 0.0567, IC acc2: 0.0028, IW acc: 0.0027
Epoch: 6981, Loss: 5.698855400085449
Epoch: 6982, Loss: 5.664459228515625
Epoch: 6983, Loss: 5.695986747741699
Epoch: 6984, Loss: 5.698504447937012
Epoch: 6985, Loss: 5.690131187438965
Epoch: 6986, Loss: 5.678896903991699
Epoch: 6987, Loss: 5.692501544952393
Epoch: 6988, Loss: 5.671060085296631
Epoch: 6989, Loss: 5.670670509338379
Epoch: 6990, Loss: 5.6916656494140625
Test acc: 0.044, IC acc: 0.0567, IC acc2: 0.0028, IW acc: 0.0027
Epoch: 6991, Loss: 5.686470985412598
Epoch: 6992, Loss: 5.685731410980225
Epoch: 6993, Loss: 5.699134826660156
Epoch: 6994, Loss: 5.693469047546387
Epoch: 6995, Loss: 5.672412395477295
Epoch: 6996, Loss: 5.68603515625
Epoch: 6997, Loss: 5.694306373596191
Epoch: 6998, Loss: 5.688695430755615
Epoch: 6999, Loss: 5.705968379974365
./circuit_plots/Unrestricted Disentangled|Readout|CN=3|B0=0|B1=2|K=1280|L=320|p_B=0.75|p_C=0.75|B=2|eps=0|cf538942-d2b2-427e-876d-3ee26c12f82b/ already exists.
./circuit_plots/Unrestricted Disentangled|Readout|CN=3|B0=0|B1=2|K=1280|L=320|p_B=0.75|p_C=0.75|B=2|eps=0|cf538942-d2b2-427e-876d-3ee26c12f82b/ already exists.
./circuit_plots/Unrestricted Disentangled|Readout|CN=3|B0=0|B1=2|K=1280|L=320|p_B=0.75|p_C=0.75|B=2|eps=0|cf538942-d2b2-427e-876d-3ee26c12f82b/ already exists.
./circuit_plots/Unrestricted Disentangled|Readout|CN=3|B0=0|B1=2|K=1280|L=320|p_B=0.75|p_C=0.75|B=2|eps=0|cf538942-d2b2-427e-876d-3ee26c12f82b/ already exists.
./circuit_plots/Unrestricted Disentangled|Readout|CN=3|B0=0|B1=2|K=1280|L=320|p_B=0.75|p_C=0.75|B=2|eps=0|cf538942-d2b2-427e-876d-3ee26c12f82b/ already exists.
./circuit_plots/Unrestricted Disentangled|Readout|CN=3|B0=0|B1=2|K=1280|L=320|p_B=0.75|p_C=0.75|B=2|eps=0|cf538942-d2b2-427e-876d-3ee26c12f82b/ already exists.
./circuit_plots/Unrestricted Disentangled|Readout|CN=3|B0=0|B1=2|K=1280|L=320|p_B=0.75|p_C=0.75|B=2|eps=0|cf538942-d2b2-427e-876d-3ee26c12f82b/ already exists.
Epoch: 7000, Loss: 5.7081756591796875
Test acc: 0.0443, IC acc: 0.0571, IC acc2: 0.0028, IW acc: 0.0027
Epoch: 7001, Loss: 5.681157112121582
Epoch: 7002, Loss: 5.701014518737793
Epoch: 7003, Loss: 5.6656270027160645
Epoch: 7004, Loss: 5.6726226806640625
Epoch: 7005, Loss: 5.713070392608643
Epoch: 7006, Loss: 5.691749095916748
Epoch: 7007, Loss: 5.696352958679199
Epoch: 7008, Loss: 5.689316749572754
Epoch: 7009, Loss: 5.683718681335449
Epoch: 7010, Loss: 5.697153091430664
Test acc: 0.0443, IC acc: 0.0569, IC acc2: 0.0028, IW acc: 0.0027
Epoch: 7011, Loss: 5.6648268699646
Epoch: 7012, Loss: 5.683111190795898
Epoch: 7013, Loss: 5.695993423461914
Epoch: 7014, Loss: 5.697324752807617
Epoch: 7015, Loss: 5.687229156494141
Epoch: 7016, Loss: 5.690494060516357
Epoch: 7017, Loss: 5.690473556518555
Epoch: 7018, Loss: 5.668274879455566
Epoch: 7019, Loss: 5.675361156463623
Epoch: 7020, Loss: 5.684071063995361
Test acc: 0.0442, IC acc: 0.0574, IC acc2: 0.0028, IW acc: 0.0027
Epoch: 7021, Loss: 5.693968772888184
Epoch: 7022, Loss: 5.694027900695801
Epoch: 7023, Loss: 5.68452262878418
Epoch: 7024, Loss: 5.696797847747803
Epoch: 7025, Loss: 5.694032669067383
Epoch: 7026, Loss: 5.697790145874023
Epoch: 7027, Loss: 5.681217193603516
Epoch: 7028, Loss: 5.69765567779541
Epoch: 7029, Loss: 5.677055358886719
Epoch: 7030, Loss: 5.677777290344238
Test acc: 0.0444, IC acc: 0.0574, IC acc2: 0.0028, IW acc: 0.0027
Epoch: 7031, Loss: 5.688193321228027
Epoch: 7032, Loss: 5.69407844543457
Epoch: 7033, Loss: 5.7156195640563965
Epoch: 7034, Loss: 5.6884613037109375
Epoch: 7035, Loss: 5.682000637054443
Epoch: 7036, Loss: 5.696374893188477
Epoch: 7037, Loss: 5.697637557983398
Epoch: 7038, Loss: 5.682731628417969
Epoch: 7039, Loss: 5.676349639892578
Epoch: 7040, Loss: 5.6783037185668945
Test acc: 0.0445, IC acc: 0.0574, IC acc2: 0.0028, IW acc: 0.0027
Epoch: 7041, Loss: 5.675472259521484
Epoch: 7042, Loss: 5.680354595184326
Epoch: 7043, Loss: 5.6812896728515625
Epoch: 7044, Loss: 5.701824188232422
Epoch: 7045, Loss: 5.659387588500977
Epoch: 7046, Loss: 5.686243057250977
Epoch: 7047, Loss: 5.685720443725586
Epoch: 7048, Loss: 5.688945770263672
Epoch: 7049, Loss: 5.69155740737915
./circuit_plots/Unrestricted Disentangled|Readout|CN=3|B0=0|B1=2|K=1280|L=320|p_B=0.75|p_C=0.75|B=2|eps=0|cf538942-d2b2-427e-876d-3ee26c12f82b/ already exists.
./circuit_plots/Unrestricted Disentangled|Readout|CN=3|B0=0|B1=2|K=1280|L=320|p_B=0.75|p_C=0.75|B=2|eps=0|cf538942-d2b2-427e-876d-3ee26c12f82b/ already exists.
./circuit_plots/Unrestricted Disentangled|Readout|CN=3|B0=0|B1=2|K=1280|L=320|p_B=0.75|p_C=0.75|B=2|eps=0|cf538942-d2b2-427e-876d-3ee26c12f82b/ already exists.
./circuit_plots/Unrestricted Disentangled|Readout|CN=3|B0=0|B1=2|K=1280|L=320|p_B=0.75|p_C=0.75|B=2|eps=0|cf538942-d2b2-427e-876d-3ee26c12f82b/ already exists.
./circuit_plots/Unrestricted Disentangled|Readout|CN=3|B0=0|B1=2|K=1280|L=320|p_B=0.75|p_C=0.75|B=2|eps=0|cf538942-d2b2-427e-876d-3ee26c12f82b/ already exists.
./circuit_plots/Unrestricted Disentangled|Readout|CN=3|B0=0|B1=2|K=1280|L=320|p_B=0.75|p_C=0.75|B=2|eps=0|cf538942-d2b2-427e-876d-3ee26c12f82b/ already exists.
./circuit_plots/Unrestricted Disentangled|Readout|CN=3|B0=0|B1=2|K=1280|L=320|p_B=0.75|p_C=0.75|B=2|eps=0|cf538942-d2b2-427e-876d-3ee26c12f82b/ already exists.
Epoch: 7050, Loss: 5.6890106201171875
Test acc: 0.0446, IC acc: 0.0574, IC acc2: 0.0028, IW acc: 0.0026
Epoch: 7051, Loss: 5.662686824798584
Epoch: 7052, Loss: 5.715445041656494
Epoch: 7053, Loss: 5.680548667907715
Epoch: 7054, Loss: 5.694950103759766
Epoch: 7055, Loss: 5.6851701736450195
Epoch: 7056, Loss: 5.711108684539795
Epoch: 7057, Loss: 5.692343235015869
Epoch: 7058, Loss: 5.674169540405273
Epoch: 7059, Loss: 5.655864715576172
Epoch: 7060, Loss: 5.716100692749023
Test acc: 0.0445, IC acc: 0.0573, IC acc2: 0.0028, IW acc: 0.0025
Epoch: 7061, Loss: 5.694641590118408
Epoch: 7062, Loss: 5.6824631690979
Epoch: 7063, Loss: 5.675522804260254
Epoch: 7064, Loss: 5.669036865234375
Epoch: 7065, Loss: 5.700617790222168
Epoch: 7066, Loss: 5.704098224639893
Epoch: 7067, Loss: 5.666662216186523
Epoch: 7068, Loss: 5.675686836242676
Epoch: 7069, Loss: 5.682483196258545
Epoch: 7070, Loss: 5.713076114654541
Test acc: 0.0447, IC acc: 0.0573, IC acc2: 0.0028, IW acc: 0.0026
Epoch: 7071, Loss: 5.688735008239746
Epoch: 7072, Loss: 5.661646842956543
Epoch: 7073, Loss: 5.691758155822754
Epoch: 7074, Loss: 5.6699724197387695
Epoch: 7075, Loss: 5.663480758666992
Epoch: 7076, Loss: 5.686745643615723
Epoch: 7077, Loss: 5.679713249206543
Epoch: 7078, Loss: 5.680601119995117
Epoch: 7079, Loss: 5.664599418640137
Epoch: 7080, Loss: 5.677885055541992
Test acc: 0.045, IC acc: 0.0574, IC acc2: 0.0028, IW acc: 0.0026
Epoch: 7081, Loss: 5.6830668449401855
Epoch: 7082, Loss: 5.681584358215332
Epoch: 7083, Loss: 5.698524475097656
Epoch: 7084, Loss: 5.671084403991699
Epoch: 7085, Loss: 5.690877914428711
Epoch: 7086, Loss: 5.683377742767334
Epoch: 7087, Loss: 5.699496269226074
Epoch: 7088, Loss: 5.692577838897705
Epoch: 7089, Loss: 5.675876617431641
Epoch: 7090, Loss: 5.68629264831543
Test acc: 0.0451, IC acc: 0.0577, IC acc2: 0.0028, IW acc: 0.0026
Epoch: 7091, Loss: 5.682953834533691
Epoch: 7092, Loss: 5.677964210510254
Epoch: 7093, Loss: 5.671019554138184
Epoch: 7094, Loss: 5.676743507385254
Epoch: 7095, Loss: 5.680399417877197
Epoch: 7096, Loss: 5.666519641876221
Epoch: 7097, Loss: 5.685964584350586
Epoch: 7098, Loss: 5.698004722595215
Epoch: 7099, Loss: 5.663329124450684
./circuit_plots/Unrestricted Disentangled|Readout|CN=3|B0=0|B1=2|K=1280|L=320|p_B=0.75|p_C=0.75|B=2|eps=0|cf538942-d2b2-427e-876d-3ee26c12f82b/ already exists.
./circuit_plots/Unrestricted Disentangled|Readout|CN=3|B0=0|B1=2|K=1280|L=320|p_B=0.75|p_C=0.75|B=2|eps=0|cf538942-d2b2-427e-876d-3ee26c12f82b/ already exists.
./circuit_plots/Unrestricted Disentangled|Readout|CN=3|B0=0|B1=2|K=1280|L=320|p_B=0.75|p_C=0.75|B=2|eps=0|cf538942-d2b2-427e-876d-3ee26c12f82b/ already exists.
./circuit_plots/Unrestricted Disentangled|Readout|CN=3|B0=0|B1=2|K=1280|L=320|p_B=0.75|p_C=0.75|B=2|eps=0|cf538942-d2b2-427e-876d-3ee26c12f82b/ already exists.
./circuit_plots/Unrestricted Disentangled|Readout|CN=3|B0=0|B1=2|K=1280|L=320|p_B=0.75|p_C=0.75|B=2|eps=0|cf538942-d2b2-427e-876d-3ee26c12f82b/ already exists.
./circuit_plots/Unrestricted Disentangled|Readout|CN=3|B0=0|B1=2|K=1280|L=320|p_B=0.75|p_C=0.75|B=2|eps=0|cf538942-d2b2-427e-876d-3ee26c12f82b/ already exists.
./circuit_plots/Unrestricted Disentangled|Readout|CN=3|B0=0|B1=2|K=1280|L=320|p_B=0.75|p_C=0.75|B=2|eps=0|cf538942-d2b2-427e-876d-3ee26c12f82b/ already exists.
Epoch: 7100, Loss: 5.689064025878906
Test acc: 0.0452, IC acc: 0.0577, IC acc2: 0.0028, IW acc: 0.0026
Epoch: 7101, Loss: 5.669986248016357
Epoch: 7102, Loss: 5.689666748046875
Epoch: 7103, Loss: 5.6762542724609375
Epoch: 7104, Loss: 5.663964748382568
Epoch: 7105, Loss: 5.679531097412109
Epoch: 7106, Loss: 5.691944122314453
Epoch: 7107, Loss: 5.6878275871276855
Epoch: 7108, Loss: 5.679137229919434
Epoch: 7109, Loss: 5.695771217346191
Epoch: 7110, Loss: 5.687130928039551
Test acc: 0.0454, IC acc: 0.0581, IC acc2: 0.0029, IW acc: 0.0026
Epoch: 7111, Loss: 5.663975715637207
Epoch: 7112, Loss: 5.678121089935303
Epoch: 7113, Loss: 5.6623077392578125
Epoch: 7114, Loss: 5.6698713302612305
Epoch: 7115, Loss: 5.686522960662842
Epoch: 7116, Loss: 5.667383670806885
Epoch: 7117, Loss: 5.692022323608398
Epoch: 7118, Loss: 5.704495429992676
Epoch: 7119, Loss: 5.685336589813232
Epoch: 7120, Loss: 5.682973861694336
Test acc: 0.0454, IC acc: 0.0582, IC acc2: 0.0028, IW acc: 0.0025
Epoch: 7121, Loss: 5.684103488922119
Epoch: 7122, Loss: 5.680194854736328
Epoch: 7123, Loss: 5.682372093200684
Epoch: 7124, Loss: 5.679749488830566
Epoch: 7125, Loss: 5.693150997161865
Epoch: 7126, Loss: 5.684628486633301
Epoch: 7127, Loss: 5.705232620239258
Epoch: 7128, Loss: 5.682557106018066
Epoch: 7129, Loss: 5.662722587585449
Epoch: 7130, Loss: 5.682857513427734
Test acc: 0.0453, IC acc: 0.0584, IC acc2: 0.0028, IW acc: 0.0026
Epoch: 7131, Loss: 5.699450492858887
Epoch: 7132, Loss: 5.705519676208496
Epoch: 7133, Loss: 5.693530082702637
Epoch: 7134, Loss: 5.670037269592285
Epoch: 7135, Loss: 5.669936656951904
Epoch: 7136, Loss: 5.6780805587768555
Epoch: 7137, Loss: 5.700657844543457
Epoch: 7138, Loss: 5.692241191864014
Epoch: 7139, Loss: 5.6846723556518555
Epoch: 7140, Loss: 5.686426639556885
Test acc: 0.0455, IC acc: 0.059, IC acc2: 0.0028, IW acc: 0.0025
Epoch: 7141, Loss: 5.661787033081055
Epoch: 7142, Loss: 5.680956840515137
Epoch: 7143, Loss: 5.695376396179199
Epoch: 7144, Loss: 5.679622650146484
Epoch: 7145, Loss: 5.6625165939331055
Epoch: 7146, Loss: 5.690289497375488
Epoch: 7147, Loss: 5.6737751960754395
Epoch: 7148, Loss: 5.68006706237793
Epoch: 7149, Loss: 5.672738075256348
./circuit_plots/Unrestricted Disentangled|Readout|CN=3|B0=0|B1=2|K=1280|L=320|p_B=0.75|p_C=0.75|B=2|eps=0|cf538942-d2b2-427e-876d-3ee26c12f82b/ already exists.
./circuit_plots/Unrestricted Disentangled|Readout|CN=3|B0=0|B1=2|K=1280|L=320|p_B=0.75|p_C=0.75|B=2|eps=0|cf538942-d2b2-427e-876d-3ee26c12f82b/ already exists.
./circuit_plots/Unrestricted Disentangled|Readout|CN=3|B0=0|B1=2|K=1280|L=320|p_B=0.75|p_C=0.75|B=2|eps=0|cf538942-d2b2-427e-876d-3ee26c12f82b/ already exists.
./circuit_plots/Unrestricted Disentangled|Readout|CN=3|B0=0|B1=2|K=1280|L=320|p_B=0.75|p_C=0.75|B=2|eps=0|cf538942-d2b2-427e-876d-3ee26c12f82b/ already exists.
./circuit_plots/Unrestricted Disentangled|Readout|CN=3|B0=0|B1=2|K=1280|L=320|p_B=0.75|p_C=0.75|B=2|eps=0|cf538942-d2b2-427e-876d-3ee26c12f82b/ already exists.
./circuit_plots/Unrestricted Disentangled|Readout|CN=3|B0=0|B1=2|K=1280|L=320|p_B=0.75|p_C=0.75|B=2|eps=0|cf538942-d2b2-427e-876d-3ee26c12f82b/ already exists.
./circuit_plots/Unrestricted Disentangled|Readout|CN=3|B0=0|B1=2|K=1280|L=320|p_B=0.75|p_C=0.75|B=2|eps=0|cf538942-d2b2-427e-876d-3ee26c12f82b/ already exists.
Epoch: 7150, Loss: 5.65851354598999
Test acc: 0.0455, IC acc: 0.059, IC acc2: 0.0029, IW acc: 0.0026
Epoch: 7151, Loss: 5.66045618057251
Epoch: 7152, Loss: 5.663158893585205
Epoch: 7153, Loss: 5.685527324676514
Epoch: 7154, Loss: 5.703020095825195
Epoch: 7155, Loss: 5.695005416870117
Epoch: 7156, Loss: 5.693600177764893
Epoch: 7157, Loss: 5.690488338470459
Epoch: 7158, Loss: 5.696254730224609
Epoch: 7159, Loss: 5.6775970458984375
Epoch: 7160, Loss: 5.696356773376465
Test acc: 0.0455, IC acc: 0.0589, IC acc2: 0.0029, IW acc: 0.0024
Epoch: 7161, Loss: 5.691027641296387
Epoch: 7162, Loss: 5.677041530609131
Epoch: 7163, Loss: 5.675294876098633
Epoch: 7164, Loss: 5.678365230560303
Epoch: 7165, Loss: 5.700619220733643
Epoch: 7166, Loss: 5.6690850257873535
Epoch: 7167, Loss: 5.681182384490967
Epoch: 7168, Loss: 5.665778160095215
Epoch: 7169, Loss: 5.6773152351379395
Epoch: 7170, Loss: 5.68173885345459
Test acc: 0.0458, IC acc: 0.0592, IC acc2: 0.0029, IW acc: 0.0025
Epoch: 7171, Loss: 5.689674377441406
Epoch: 7172, Loss: 5.680917263031006
Epoch: 7173, Loss: 5.6860456466674805
Epoch: 7174, Loss: 5.667427062988281
Epoch: 7175, Loss: 5.702547073364258
Epoch: 7176, Loss: 5.68349552154541
Epoch: 7177, Loss: 5.7119140625
Epoch: 7178, Loss: 5.682663917541504
Epoch: 7179, Loss: 5.6922149658203125
Epoch: 7180, Loss: 5.684525966644287
Test acc: 0.0458, IC acc: 0.059, IC acc2: 0.0029, IW acc: 0.0025
Epoch: 7181, Loss: 5.686984062194824
Epoch: 7182, Loss: 5.671400547027588
Epoch: 7183, Loss: 5.681406021118164
Epoch: 7184, Loss: 5.685046195983887
Epoch: 7185, Loss: 5.660099029541016
Epoch: 7186, Loss: 5.677994728088379
Epoch: 7187, Loss: 5.697508811950684
Epoch: 7188, Loss: 5.699287414550781
Epoch: 7189, Loss: 5.692530155181885
Epoch: 7190, Loss: 5.6647257804870605
Test acc: 0.046, IC acc: 0.059, IC acc2: 0.0029, IW acc: 0.0025
Epoch: 7191, Loss: 5.683669090270996
Epoch: 7192, Loss: 5.6651153564453125
Epoch: 7193, Loss: 5.697571754455566
Epoch: 7194, Loss: 5.680516242980957
Epoch: 7195, Loss: 5.679041862487793
Epoch: 7196, Loss: 5.679187774658203
Epoch: 7197, Loss: 5.68139123916626
Epoch: 7198, Loss: 5.702215194702148
Epoch: 7199, Loss: 5.672462463378906
./circuit_plots/Unrestricted Disentangled|Readout|CN=3|B0=0|B1=2|K=1280|L=320|p_B=0.75|p_C=0.75|B=2|eps=0|cf538942-d2b2-427e-876d-3ee26c12f82b/ already exists.
./circuit_plots/Unrestricted Disentangled|Readout|CN=3|B0=0|B1=2|K=1280|L=320|p_B=0.75|p_C=0.75|B=2|eps=0|cf538942-d2b2-427e-876d-3ee26c12f82b/ already exists.
./circuit_plots/Unrestricted Disentangled|Readout|CN=3|B0=0|B1=2|K=1280|L=320|p_B=0.75|p_C=0.75|B=2|eps=0|cf538942-d2b2-427e-876d-3ee26c12f82b/ already exists.
./circuit_plots/Unrestricted Disentangled|Readout|CN=3|B0=0|B1=2|K=1280|L=320|p_B=0.75|p_C=0.75|B=2|eps=0|cf538942-d2b2-427e-876d-3ee26c12f82b/ already exists.
./circuit_plots/Unrestricted Disentangled|Readout|CN=3|B0=0|B1=2|K=1280|L=320|p_B=0.75|p_C=0.75|B=2|eps=0|cf538942-d2b2-427e-876d-3ee26c12f82b/ already exists.
./circuit_plots/Unrestricted Disentangled|Readout|CN=3|B0=0|B1=2|K=1280|L=320|p_B=0.75|p_C=0.75|B=2|eps=0|cf538942-d2b2-427e-876d-3ee26c12f82b/ already exists.
./circuit_plots/Unrestricted Disentangled|Readout|CN=3|B0=0|B1=2|K=1280|L=320|p_B=0.75|p_C=0.75|B=2|eps=0|cf538942-d2b2-427e-876d-3ee26c12f82b/ already exists.
Epoch: 7200, Loss: 5.6802825927734375
Test acc: 0.0459, IC acc: 0.059, IC acc2: 0.0029, IW acc: 0.0025
Epoch: 7201, Loss: 5.684030532836914
Epoch: 7202, Loss: 5.68400764465332
Epoch: 7203, Loss: 5.690443992614746
Epoch: 7204, Loss: 5.69000244140625
Epoch: 7205, Loss: 5.660944938659668
Epoch: 7206, Loss: 5.678126335144043
Epoch: 7207, Loss: 5.682216644287109
Epoch: 7208, Loss: 5.677095890045166
Epoch: 7209, Loss: 5.674345970153809
Epoch: 7210, Loss: 5.679000377655029
Test acc: 0.0462, IC acc: 0.0592, IC acc2: 0.0029, IW acc: 0.0026
Epoch: 7211, Loss: 5.682794570922852
Epoch: 7212, Loss: 5.701395034790039
Epoch: 7213, Loss: 5.684931755065918
Epoch: 7214, Loss: 5.680330276489258
Epoch: 7215, Loss: 5.672693252563477
Epoch: 7216, Loss: 5.6743316650390625
Epoch: 7217, Loss: 5.656178951263428
Epoch: 7218, Loss: 5.6664533615112305
Epoch: 7219, Loss: 5.664507865905762
Epoch: 7220, Loss: 5.679727554321289
Test acc: 0.0462, IC acc: 0.0593, IC acc2: 0.0029, IW acc: 0.0026
Epoch: 7221, Loss: 5.692587375640869
Epoch: 7222, Loss: 5.7026519775390625
Epoch: 7223, Loss: 5.6802873611450195
Epoch: 7224, Loss: 5.653855800628662
Epoch: 7225, Loss: 5.669882774353027
Epoch: 7226, Loss: 5.703799247741699
Epoch: 7227, Loss: 5.69042444229126
Epoch: 7228, Loss: 5.685785293579102
Epoch: 7229, Loss: 5.667506217956543
Epoch: 7230, Loss: 5.684146881103516
Test acc: 0.046, IC acc: 0.0595, IC acc2: 0.0029, IW acc: 0.0026
Epoch: 7231, Loss: 5.686917304992676
Epoch: 7232, Loss: 5.678195476531982
Epoch: 7233, Loss: 5.680441856384277
Epoch: 7234, Loss: 5.673019886016846
Epoch: 7235, Loss: 5.68282413482666
Epoch: 7236, Loss: 5.6858930587768555
Epoch: 7237, Loss: 5.667841911315918
Epoch: 7238, Loss: 5.67423152923584
Epoch: 7239, Loss: 5.683305740356445
Epoch: 7240, Loss: 5.669558525085449
Test acc: 0.0462, IC acc: 0.0596, IC acc2: 0.003, IW acc: 0.0026
Epoch: 7241, Loss: 5.675551414489746
Epoch: 7242, Loss: 5.680224895477295
Epoch: 7243, Loss: 5.683408260345459
Epoch: 7244, Loss: 5.690814018249512
Epoch: 7245, Loss: 5.678865909576416
Epoch: 7246, Loss: 5.684871673583984
Epoch: 7247, Loss: 5.700038909912109
Epoch: 7248, Loss: 5.6549072265625
Epoch: 7249, Loss: 5.66395378112793
./circuit_plots/Unrestricted Disentangled|Readout|CN=3|B0=0|B1=2|K=1280|L=320|p_B=0.75|p_C=0.75|B=2|eps=0|cf538942-d2b2-427e-876d-3ee26c12f82b/ already exists.
./circuit_plots/Unrestricted Disentangled|Readout|CN=3|B0=0|B1=2|K=1280|L=320|p_B=0.75|p_C=0.75|B=2|eps=0|cf538942-d2b2-427e-876d-3ee26c12f82b/ already exists.
./circuit_plots/Unrestricted Disentangled|Readout|CN=3|B0=0|B1=2|K=1280|L=320|p_B=0.75|p_C=0.75|B=2|eps=0|cf538942-d2b2-427e-876d-3ee26c12f82b/ already exists.
./circuit_plots/Unrestricted Disentangled|Readout|CN=3|B0=0|B1=2|K=1280|L=320|p_B=0.75|p_C=0.75|B=2|eps=0|cf538942-d2b2-427e-876d-3ee26c12f82b/ already exists.
./circuit_plots/Unrestricted Disentangled|Readout|CN=3|B0=0|B1=2|K=1280|L=320|p_B=0.75|p_C=0.75|B=2|eps=0|cf538942-d2b2-427e-876d-3ee26c12f82b/ already exists.
./circuit_plots/Unrestricted Disentangled|Readout|CN=3|B0=0|B1=2|K=1280|L=320|p_B=0.75|p_C=0.75|B=2|eps=0|cf538942-d2b2-427e-876d-3ee26c12f82b/ already exists.
./circuit_plots/Unrestricted Disentangled|Readout|CN=3|B0=0|B1=2|K=1280|L=320|p_B=0.75|p_C=0.75|B=2|eps=0|cf538942-d2b2-427e-876d-3ee26c12f82b/ already exists.
Epoch: 7250, Loss: 5.687756538391113
Test acc: 0.0465, IC acc: 0.0597, IC acc2: 0.003, IW acc: 0.0026
Epoch: 7251, Loss: 5.7053704261779785
Epoch: 7252, Loss: 5.675559043884277
Epoch: 7253, Loss: 5.680107593536377
Epoch: 7254, Loss: 5.681764602661133
Epoch: 7255, Loss: 5.696137428283691
Epoch: 7256, Loss: 5.692863941192627
Epoch: 7257, Loss: 5.685029983520508
Epoch: 7258, Loss: 5.6809868812561035
Epoch: 7259, Loss: 5.6787614822387695
Epoch: 7260, Loss: 5.685947418212891
Test acc: 0.0464, IC acc: 0.0599, IC acc2: 0.003, IW acc: 0.0026
Epoch: 7261, Loss: 5.673856735229492
Epoch: 7262, Loss: 5.682281970977783
Epoch: 7263, Loss: 5.688879013061523
Epoch: 7264, Loss: 5.674487113952637
Epoch: 7265, Loss: 5.689454555511475
Epoch: 7266, Loss: 5.695671081542969
Epoch: 7267, Loss: 5.669338226318359
Epoch: 7268, Loss: 5.68797492980957
Epoch: 7269, Loss: 5.6661057472229
Epoch: 7270, Loss: 5.676263809204102
Test acc: 0.0467, IC acc: 0.0601, IC acc2: 0.003, IW acc: 0.0026
Epoch: 7271, Loss: 5.705394744873047
Epoch: 7272, Loss: 5.673828125
Epoch: 7273, Loss: 5.675256729125977
Epoch: 7274, Loss: 5.691854000091553
Epoch: 7275, Loss: 5.685431957244873
Epoch: 7276, Loss: 5.678778171539307
Epoch: 7277, Loss: 5.659180641174316
Epoch: 7278, Loss: 5.69355583190918
Epoch: 7279, Loss: 5.6879401206970215
Epoch: 7280, Loss: 5.69394588470459
Test acc: 0.0464, IC acc: 0.0603, IC acc2: 0.003, IW acc: 0.0026
Epoch: 7281, Loss: 5.681858062744141
Epoch: 7282, Loss: 5.692289352416992
Epoch: 7283, Loss: 5.674015998840332
Epoch: 7284, Loss: 5.662191390991211
Epoch: 7285, Loss: 5.696868896484375
Epoch: 7286, Loss: 5.689373970031738
Epoch: 7287, Loss: 5.69324254989624
Epoch: 7288, Loss: 5.6890387535095215
Epoch: 7289, Loss: 5.678184509277344
Epoch: 7290, Loss: 5.673954010009766
Test acc: 0.0465, IC acc: 0.0603, IC acc2: 0.0029, IW acc: 0.0025
Epoch: 7291, Loss: 5.698954105377197
Epoch: 7292, Loss: 5.674696445465088
Epoch: 7293, Loss: 5.662581443786621
Epoch: 7294, Loss: 5.695067882537842
Epoch: 7295, Loss: 5.671619415283203
Epoch: 7296, Loss: 5.690735816955566
Epoch: 7297, Loss: 5.680738925933838
Epoch: 7298, Loss: 5.685121536254883
Epoch: 7299, Loss: 5.689323902130127
./circuit_plots/Unrestricted Disentangled|Readout|CN=3|B0=0|B1=2|K=1280|L=320|p_B=0.75|p_C=0.75|B=2|eps=0|cf538942-d2b2-427e-876d-3ee26c12f82b/ already exists.
./circuit_plots/Unrestricted Disentangled|Readout|CN=3|B0=0|B1=2|K=1280|L=320|p_B=0.75|p_C=0.75|B=2|eps=0|cf538942-d2b2-427e-876d-3ee26c12f82b/ already exists.
./circuit_plots/Unrestricted Disentangled|Readout|CN=3|B0=0|B1=2|K=1280|L=320|p_B=0.75|p_C=0.75|B=2|eps=0|cf538942-d2b2-427e-876d-3ee26c12f82b/ already exists.
./circuit_plots/Unrestricted Disentangled|Readout|CN=3|B0=0|B1=2|K=1280|L=320|p_B=0.75|p_C=0.75|B=2|eps=0|cf538942-d2b2-427e-876d-3ee26c12f82b/ already exists.
./circuit_plots/Unrestricted Disentangled|Readout|CN=3|B0=0|B1=2|K=1280|L=320|p_B=0.75|p_C=0.75|B=2|eps=0|cf538942-d2b2-427e-876d-3ee26c12f82b/ already exists.
./circuit_plots/Unrestricted Disentangled|Readout|CN=3|B0=0|B1=2|K=1280|L=320|p_B=0.75|p_C=0.75|B=2|eps=0|cf538942-d2b2-427e-876d-3ee26c12f82b/ already exists.
./circuit_plots/Unrestricted Disentangled|Readout|CN=3|B0=0|B1=2|K=1280|L=320|p_B=0.75|p_C=0.75|B=2|eps=0|cf538942-d2b2-427e-876d-3ee26c12f82b/ already exists.
Epoch: 7300, Loss: 5.677418231964111
Test acc: 0.0466, IC acc: 0.0602, IC acc2: 0.0031, IW acc: 0.0025
Epoch: 7301, Loss: 5.6872663497924805
Epoch: 7302, Loss: 5.672625541687012
Epoch: 7303, Loss: 5.668272972106934
Epoch: 7304, Loss: 5.6851067543029785
Epoch: 7305, Loss: 5.679046154022217
Epoch: 7306, Loss: 5.681207180023193
Epoch: 7307, Loss: 5.676384449005127
Epoch: 7308, Loss: 5.662810325622559
Epoch: 7309, Loss: 5.680388927459717
Epoch: 7310, Loss: 5.670110702514648
Test acc: 0.0467, IC acc: 0.0605, IC acc2: 0.003, IW acc: 0.0026
Epoch: 7311, Loss: 5.689567565917969
Epoch: 7312, Loss: 5.703518867492676
Epoch: 7313, Loss: 5.676342487335205
Epoch: 7314, Loss: 5.654804706573486
Epoch: 7315, Loss: 5.684842109680176
Epoch: 7316, Loss: 5.6816182136535645
Epoch: 7317, Loss: 5.6790289878845215
Epoch: 7318, Loss: 5.685327529907227
Epoch: 7319, Loss: 5.687471866607666
Epoch: 7320, Loss: 5.6809186935424805
Test acc: 0.0466, IC acc: 0.0604, IC acc2: 0.0029, IW acc: 0.0024
Epoch: 7321, Loss: 5.702153205871582
Epoch: 7322, Loss: 5.685436248779297
Epoch: 7323, Loss: 5.692773818969727
Epoch: 7324, Loss: 5.6688618659973145
Epoch: 7325, Loss: 5.663909912109375
Epoch: 7326, Loss: 5.683163166046143
Epoch: 7327, Loss: 5.669822692871094
Epoch: 7328, Loss: 5.680785179138184
Epoch: 7329, Loss: 5.6991682052612305
Epoch: 7330, Loss: 5.673588752746582
Test acc: 0.0469, IC acc: 0.0601, IC acc2: 0.0029, IW acc: 0.0024
Epoch: 7331, Loss: 5.672975540161133
Epoch: 7332, Loss: 5.684581756591797
Epoch: 7333, Loss: 5.687901496887207
Epoch: 7334, Loss: 5.680881500244141
Epoch: 7335, Loss: 5.67457389831543
Epoch: 7336, Loss: 5.675538539886475
Epoch: 7337, Loss: 5.666723251342773
Epoch: 7338, Loss: 5.699130535125732
Epoch: 7339, Loss: 5.669279098510742
Epoch: 7340, Loss: 5.688886642456055
Test acc: 0.047, IC acc: 0.0605, IC acc2: 0.0029, IW acc: 0.0023
Epoch: 7341, Loss: 5.65794563293457
Epoch: 7342, Loss: 5.690279006958008
Epoch: 7343, Loss: 5.675906181335449
Epoch: 7344, Loss: 5.682316303253174
Epoch: 7345, Loss: 5.68332052230835
Epoch: 7346, Loss: 5.6735639572143555
Epoch: 7347, Loss: 5.684913635253906
Epoch: 7348, Loss: 5.692415237426758
Epoch: 7349, Loss: 5.682311058044434
./circuit_plots/Unrestricted Disentangled|Readout|CN=3|B0=0|B1=2|K=1280|L=320|p_B=0.75|p_C=0.75|B=2|eps=0|cf538942-d2b2-427e-876d-3ee26c12f82b/ already exists.
./circuit_plots/Unrestricted Disentangled|Readout|CN=3|B0=0|B1=2|K=1280|L=320|p_B=0.75|p_C=0.75|B=2|eps=0|cf538942-d2b2-427e-876d-3ee26c12f82b/ already exists.
./circuit_plots/Unrestricted Disentangled|Readout|CN=3|B0=0|B1=2|K=1280|L=320|p_B=0.75|p_C=0.75|B=2|eps=0|cf538942-d2b2-427e-876d-3ee26c12f82b/ already exists.
./circuit_plots/Unrestricted Disentangled|Readout|CN=3|B0=0|B1=2|K=1280|L=320|p_B=0.75|p_C=0.75|B=2|eps=0|cf538942-d2b2-427e-876d-3ee26c12f82b/ already exists.
./circuit_plots/Unrestricted Disentangled|Readout|CN=3|B0=0|B1=2|K=1280|L=320|p_B=0.75|p_C=0.75|B=2|eps=0|cf538942-d2b2-427e-876d-3ee26c12f82b/ already exists.
./circuit_plots/Unrestricted Disentangled|Readout|CN=3|B0=0|B1=2|K=1280|L=320|p_B=0.75|p_C=0.75|B=2|eps=0|cf538942-d2b2-427e-876d-3ee26c12f82b/ already exists.
./circuit_plots/Unrestricted Disentangled|Readout|CN=3|B0=0|B1=2|K=1280|L=320|p_B=0.75|p_C=0.75|B=2|eps=0|cf538942-d2b2-427e-876d-3ee26c12f82b/ already exists.
Epoch: 7350, Loss: 5.680492401123047
Test acc: 0.0471, IC acc: 0.0604, IC acc2: 0.0029, IW acc: 0.0023
Epoch: 7351, Loss: 5.66219425201416
Epoch: 7352, Loss: 5.687729358673096
Epoch: 7353, Loss: 5.676758289337158
Epoch: 7354, Loss: 5.668758392333984
Epoch: 7355, Loss: 5.694931983947754
Epoch: 7356, Loss: 5.676328659057617
Epoch: 7357, Loss: 5.667684078216553
Epoch: 7358, Loss: 5.673330783843994
Epoch: 7359, Loss: 5.68389892578125
Epoch: 7360, Loss: 5.679380416870117
Test acc: 0.0473, IC acc: 0.0606, IC acc2: 0.0029, IW acc: 0.0023
Epoch: 7361, Loss: 5.688096523284912
Epoch: 7362, Loss: 5.678921222686768
Epoch: 7363, Loss: 5.669482707977295
Epoch: 7364, Loss: 5.675500869750977
Epoch: 7365, Loss: 5.685176372528076
Epoch: 7366, Loss: 5.687485218048096
Epoch: 7367, Loss: 5.694867134094238
Epoch: 7368, Loss: 5.669756889343262
Epoch: 7369, Loss: 5.660372734069824
Epoch: 7370, Loss: 5.66952657699585
Test acc: 0.0474, IC acc: 0.0608, IC acc2: 0.0029, IW acc: 0.0022
Epoch: 7371, Loss: 5.681304931640625
Epoch: 7372, Loss: 5.681103229522705
Epoch: 7373, Loss: 5.6459503173828125
Epoch: 7374, Loss: 5.684602737426758
Epoch: 7375, Loss: 5.690280914306641
Epoch: 7376, Loss: 5.670463562011719
Epoch: 7377, Loss: 5.677505016326904
Epoch: 7378, Loss: 5.672215461730957
Epoch: 7379, Loss: 5.6843366622924805
Epoch: 7380, Loss: 5.6951003074646
Test acc: 0.0477, IC acc: 0.0612, IC acc2: 0.0029, IW acc: 0.0022
Epoch: 7381, Loss: 5.6644287109375
Epoch: 7382, Loss: 5.6621174812316895
Epoch: 7383, Loss: 5.690499305725098
Epoch: 7384, Loss: 5.685199737548828
Epoch: 7385, Loss: 5.678165435791016
Epoch: 7386, Loss: 5.687835693359375
Epoch: 7387, Loss: 5.685261249542236
Epoch: 7388, Loss: 5.687799453735352
Epoch: 7389, Loss: 5.663165092468262
Epoch: 7390, Loss: 5.67169189453125
Test acc: 0.0477, IC acc: 0.0613, IC acc2: 0.0029, IW acc: 0.0021
Epoch: 7391, Loss: 5.681151390075684
Epoch: 7392, Loss: 5.689690589904785
Epoch: 7393, Loss: 5.682034492492676
Epoch: 7394, Loss: 5.694369792938232
Epoch: 7395, Loss: 5.683984279632568
Epoch: 7396, Loss: 5.684286117553711
Epoch: 7397, Loss: 5.67972469329834
Epoch: 7398, Loss: 5.671865940093994
Epoch: 7399, Loss: 5.686183929443359
./circuit_plots/Unrestricted Disentangled|Readout|CN=3|B0=0|B1=2|K=1280|L=320|p_B=0.75|p_C=0.75|B=2|eps=0|cf538942-d2b2-427e-876d-3ee26c12f82b/ already exists.
./circuit_plots/Unrestricted Disentangled|Readout|CN=3|B0=0|B1=2|K=1280|L=320|p_B=0.75|p_C=0.75|B=2|eps=0|cf538942-d2b2-427e-876d-3ee26c12f82b/ already exists.
./circuit_plots/Unrestricted Disentangled|Readout|CN=3|B0=0|B1=2|K=1280|L=320|p_B=0.75|p_C=0.75|B=2|eps=0|cf538942-d2b2-427e-876d-3ee26c12f82b/ already exists.
./circuit_plots/Unrestricted Disentangled|Readout|CN=3|B0=0|B1=2|K=1280|L=320|p_B=0.75|p_C=0.75|B=2|eps=0|cf538942-d2b2-427e-876d-3ee26c12f82b/ already exists.
./circuit_plots/Unrestricted Disentangled|Readout|CN=3|B0=0|B1=2|K=1280|L=320|p_B=0.75|p_C=0.75|B=2|eps=0|cf538942-d2b2-427e-876d-3ee26c12f82b/ already exists.
./circuit_plots/Unrestricted Disentangled|Readout|CN=3|B0=0|B1=2|K=1280|L=320|p_B=0.75|p_C=0.75|B=2|eps=0|cf538942-d2b2-427e-876d-3ee26c12f82b/ already exists.
./circuit_plots/Unrestricted Disentangled|Readout|CN=3|B0=0|B1=2|K=1280|L=320|p_B=0.75|p_C=0.75|B=2|eps=0|cf538942-d2b2-427e-876d-3ee26c12f82b/ already exists.
Epoch: 7400, Loss: 5.695401191711426
Test acc: 0.0477, IC acc: 0.0611, IC acc2: 0.0029, IW acc: 0.0022
Epoch: 7401, Loss: 5.676438331604004
Epoch: 7402, Loss: 5.681408405303955
Epoch: 7403, Loss: 5.696250915527344
Epoch: 7404, Loss: 5.678025722503662
Epoch: 7405, Loss: 5.696620464324951
Epoch: 7406, Loss: 5.701260089874268
Epoch: 7407, Loss: 5.686840057373047
Epoch: 7408, Loss: 5.653904438018799
Epoch: 7409, Loss: 5.6812334060668945
Epoch: 7410, Loss: 5.6844353675842285
Test acc: 0.0477, IC acc: 0.0615, IC acc2: 0.0029, IW acc: 0.0022
Epoch: 7411, Loss: 5.68476676940918
Epoch: 7412, Loss: 5.660989761352539
Epoch: 7413, Loss: 5.682599067687988
Epoch: 7414, Loss: 5.7030415534973145
Epoch: 7415, Loss: 5.674088954925537
Epoch: 7416, Loss: 5.677515029907227
Epoch: 7417, Loss: 5.66456413269043
Epoch: 7418, Loss: 5.683708190917969
Epoch: 7419, Loss: 5.694452285766602
Epoch: 7420, Loss: 5.680817604064941
Test acc: 0.0478, IC acc: 0.0617, IC acc2: 0.0028, IW acc: 0.0022
Epoch: 7421, Loss: 5.682217121124268
Epoch: 7422, Loss: 5.696835517883301
Epoch: 7423, Loss: 5.687693119049072
Epoch: 7424, Loss: 5.666382789611816
Epoch: 7425, Loss: 5.684904098510742
Epoch: 7426, Loss: 5.671712875366211
Epoch: 7427, Loss: 5.68634557723999
Epoch: 7428, Loss: 5.6743268966674805
Epoch: 7429, Loss: 5.669299125671387
Epoch: 7430, Loss: 5.692310333251953
Test acc: 0.0477, IC acc: 0.0619, IC acc2: 0.0028, IW acc: 0.0022
Epoch: 7431, Loss: 5.667561054229736
Epoch: 7432, Loss: 5.699985980987549
Epoch: 7433, Loss: 5.663547515869141
Epoch: 7434, Loss: 5.682363510131836
Epoch: 7435, Loss: 5.668848991394043
Epoch: 7436, Loss: 5.703652381896973
Epoch: 7437, Loss: 5.647954940795898
Epoch: 7438, Loss: 5.667025566101074
Epoch: 7439, Loss: 5.65828800201416
Epoch: 7440, Loss: 5.679187774658203
Test acc: 0.0477, IC acc: 0.062, IC acc2: 0.0027, IW acc: 0.0022
Epoch: 7441, Loss: 5.694711208343506
Epoch: 7442, Loss: 5.692813873291016
Epoch: 7443, Loss: 5.7025532722473145
Epoch: 7444, Loss: 5.680577278137207
Epoch: 7445, Loss: 5.674437522888184
Epoch: 7446, Loss: 5.703124046325684
Epoch: 7447, Loss: 5.66182804107666
Epoch: 7448, Loss: 5.685524940490723
Epoch: 7449, Loss: 5.6766676902771
./circuit_plots/Unrestricted Disentangled|Readout|CN=3|B0=0|B1=2|K=1280|L=320|p_B=0.75|p_C=0.75|B=2|eps=0|cf538942-d2b2-427e-876d-3ee26c12f82b/ already exists.
./circuit_plots/Unrestricted Disentangled|Readout|CN=3|B0=0|B1=2|K=1280|L=320|p_B=0.75|p_C=0.75|B=2|eps=0|cf538942-d2b2-427e-876d-3ee26c12f82b/ already exists.
./circuit_plots/Unrestricted Disentangled|Readout|CN=3|B0=0|B1=2|K=1280|L=320|p_B=0.75|p_C=0.75|B=2|eps=0|cf538942-d2b2-427e-876d-3ee26c12f82b/ already exists.
./circuit_plots/Unrestricted Disentangled|Readout|CN=3|B0=0|B1=2|K=1280|L=320|p_B=0.75|p_C=0.75|B=2|eps=0|cf538942-d2b2-427e-876d-3ee26c12f82b/ already exists.
./circuit_plots/Unrestricted Disentangled|Readout|CN=3|B0=0|B1=2|K=1280|L=320|p_B=0.75|p_C=0.75|B=2|eps=0|cf538942-d2b2-427e-876d-3ee26c12f82b/ already exists.
./circuit_plots/Unrestricted Disentangled|Readout|CN=3|B0=0|B1=2|K=1280|L=320|p_B=0.75|p_C=0.75|B=2|eps=0|cf538942-d2b2-427e-876d-3ee26c12f82b/ already exists.
./circuit_plots/Unrestricted Disentangled|Readout|CN=3|B0=0|B1=2|K=1280|L=320|p_B=0.75|p_C=0.75|B=2|eps=0|cf538942-d2b2-427e-876d-3ee26c12f82b/ already exists.
Epoch: 7450, Loss: 5.668754577636719
Test acc: 0.0479, IC acc: 0.0624, IC acc2: 0.0028, IW acc: 0.0022
Epoch: 7451, Loss: 5.671306610107422
Epoch: 7452, Loss: 5.700942039489746
Epoch: 7453, Loss: 5.697660446166992
Epoch: 7454, Loss: 5.667658805847168
Epoch: 7455, Loss: 5.680599689483643
Epoch: 7456, Loss: 5.68727445602417
Epoch: 7457, Loss: 5.673641681671143
Epoch: 7458, Loss: 5.685606956481934
Epoch: 7459, Loss: 5.669661521911621
Epoch: 7460, Loss: 5.66386604309082
Test acc: 0.048, IC acc: 0.0627, IC acc2: 0.0028, IW acc: 0.0022
Epoch: 7461, Loss: 5.666748046875
Epoch: 7462, Loss: 5.669415473937988
Epoch: 7463, Loss: 5.6794538497924805
Epoch: 7464, Loss: 5.686117172241211
Epoch: 7465, Loss: 5.683199882507324
Epoch: 7466, Loss: 5.676104545593262
Epoch: 7467, Loss: 5.682190418243408
Epoch: 7468, Loss: 5.667757034301758
Epoch: 7469, Loss: 5.677393913269043
Epoch: 7470, Loss: 5.679586410522461
Test acc: 0.0483, IC acc: 0.0629, IC acc2: 0.0027, IW acc: 0.0022
Epoch: 7471, Loss: 5.680800914764404
Epoch: 7472, Loss: 5.684976577758789
Epoch: 7473, Loss: 5.685210227966309
Epoch: 7474, Loss: 5.668826103210449
Epoch: 7475, Loss: 5.689818859100342
Epoch: 7476, Loss: 5.67570686340332
Epoch: 7477, Loss: 5.685745716094971
Epoch: 7478, Loss: 5.69699764251709
Epoch: 7479, Loss: 5.6763014793396
Epoch: 7480, Loss: 5.691102981567383
Test acc: 0.0482, IC acc: 0.0626, IC acc2: 0.0028, IW acc: 0.0022
Epoch: 7481, Loss: 5.679680824279785
Epoch: 7482, Loss: 5.666384696960449
Epoch: 7483, Loss: 5.685963153839111
Epoch: 7484, Loss: 5.663097381591797
Epoch: 7485, Loss: 5.679224014282227
Epoch: 7486, Loss: 5.667479991912842
Epoch: 7487, Loss: 5.6600117683410645
Epoch: 7488, Loss: 5.682173728942871
Epoch: 7489, Loss: 5.677212715148926
Epoch: 7490, Loss: 5.684007167816162
Test acc: 0.0485, IC acc: 0.0632, IC acc2: 0.0029, IW acc: 0.0022
Epoch: 7491, Loss: 5.667849540710449
Epoch: 7492, Loss: 5.676360607147217
Epoch: 7493, Loss: 5.658995151519775
Epoch: 7494, Loss: 5.677439212799072
Epoch: 7495, Loss: 5.652073860168457
Epoch: 7496, Loss: 5.705018043518066
Epoch: 7497, Loss: 5.663249969482422
Epoch: 7498, Loss: 5.67425537109375
Epoch: 7499, Loss: 5.699929714202881
./circuit_plots/Unrestricted Disentangled|Readout|CN=3|B0=0|B1=2|K=1280|L=320|p_B=0.75|p_C=0.75|B=2|eps=0|cf538942-d2b2-427e-876d-3ee26c12f82b/ already exists.
./circuit_plots/Unrestricted Disentangled|Readout|CN=3|B0=0|B1=2|K=1280|L=320|p_B=0.75|p_C=0.75|B=2|eps=0|cf538942-d2b2-427e-876d-3ee26c12f82b/ already exists.
./circuit_plots/Unrestricted Disentangled|Readout|CN=3|B0=0|B1=2|K=1280|L=320|p_B=0.75|p_C=0.75|B=2|eps=0|cf538942-d2b2-427e-876d-3ee26c12f82b/ already exists.
./circuit_plots/Unrestricted Disentangled|Readout|CN=3|B0=0|B1=2|K=1280|L=320|p_B=0.75|p_C=0.75|B=2|eps=0|cf538942-d2b2-427e-876d-3ee26c12f82b/ already exists.
./circuit_plots/Unrestricted Disentangled|Readout|CN=3|B0=0|B1=2|K=1280|L=320|p_B=0.75|p_C=0.75|B=2|eps=0|cf538942-d2b2-427e-876d-3ee26c12f82b/ already exists.
./circuit_plots/Unrestricted Disentangled|Readout|CN=3|B0=0|B1=2|K=1280|L=320|p_B=0.75|p_C=0.75|B=2|eps=0|cf538942-d2b2-427e-876d-3ee26c12f82b/ already exists.
./circuit_plots/Unrestricted Disentangled|Readout|CN=3|B0=0|B1=2|K=1280|L=320|p_B=0.75|p_C=0.75|B=2|eps=0|cf538942-d2b2-427e-876d-3ee26c12f82b/ already exists.
Epoch: 7500, Loss: 5.669029712677002
Test acc: 0.0486, IC acc: 0.0639, IC acc2: 0.0028, IW acc: 0.0022
Epoch: 7501, Loss: 5.680014610290527
Epoch: 7502, Loss: 5.663835525512695
Epoch: 7503, Loss: 5.686313152313232
Epoch: 7504, Loss: 5.678840637207031
Epoch: 7505, Loss: 5.665305137634277
Epoch: 7506, Loss: 5.6839728355407715
Epoch: 7507, Loss: 5.67648458480835
Epoch: 7508, Loss: 5.67140007019043
Epoch: 7509, Loss: 5.678497791290283
Epoch: 7510, Loss: 5.658534049987793
Test acc: 0.0484, IC acc: 0.0641, IC acc2: 0.0029, IW acc: 0.0022
Epoch: 7511, Loss: 5.696421146392822
Epoch: 7512, Loss: 5.682827949523926
Epoch: 7513, Loss: 5.659628868103027
Epoch: 7514, Loss: 5.662034034729004
Epoch: 7515, Loss: 5.680747985839844
Epoch: 7516, Loss: 5.680224418640137
Epoch: 7517, Loss: 5.665750980377197
Epoch: 7518, Loss: 5.682644844055176
Epoch: 7519, Loss: 5.688156604766846
Epoch: 7520, Loss: 5.670907974243164
Test acc: 0.0487, IC acc: 0.0643, IC acc2: 0.0029, IW acc: 0.0022
Epoch: 7521, Loss: 5.674328804016113
Epoch: 7522, Loss: 5.687900543212891
Epoch: 7523, Loss: 5.68388557434082
Epoch: 7524, Loss: 5.670646667480469
Epoch: 7525, Loss: 5.701076507568359
Epoch: 7526, Loss: 5.7042388916015625
Epoch: 7527, Loss: 5.661369323730469
Epoch: 7528, Loss: 5.671501159667969
Epoch: 7529, Loss: 5.674017906188965
Epoch: 7530, Loss: 5.682178497314453
Test acc: 0.0487, IC acc: 0.0639, IC acc2: 0.0028, IW acc: 0.0022
Epoch: 7531, Loss: 5.67122745513916
Epoch: 7532, Loss: 5.6595540046691895
Epoch: 7533, Loss: 5.675271511077881
Epoch: 7534, Loss: 5.688717842102051
Epoch: 7535, Loss: 5.692139625549316
Epoch: 7536, Loss: 5.687374591827393
Epoch: 7537, Loss: 5.6871442794799805
Epoch: 7538, Loss: 5.682068824768066
Epoch: 7539, Loss: 5.683084487915039
Epoch: 7540, Loss: 5.6898369789123535
Test acc: 0.0486, IC acc: 0.064, IC acc2: 0.0028, IW acc: 0.0022
Epoch: 7541, Loss: 5.683143138885498
Epoch: 7542, Loss: 5.669955253601074
Epoch: 7543, Loss: 5.673491954803467
Epoch: 7544, Loss: 5.655841827392578
Epoch: 7545, Loss: 5.6847124099731445
Epoch: 7546, Loss: 5.671259880065918
Epoch: 7547, Loss: 5.65673828125
Epoch: 7548, Loss: 5.676052570343018
Epoch: 7549, Loss: 5.671063423156738
./circuit_plots/Unrestricted Disentangled|Readout|CN=3|B0=0|B1=2|K=1280|L=320|p_B=0.75|p_C=0.75|B=2|eps=0|cf538942-d2b2-427e-876d-3ee26c12f82b/ already exists.
./circuit_plots/Unrestricted Disentangled|Readout|CN=3|B0=0|B1=2|K=1280|L=320|p_B=0.75|p_C=0.75|B=2|eps=0|cf538942-d2b2-427e-876d-3ee26c12f82b/ already exists.
./circuit_plots/Unrestricted Disentangled|Readout|CN=3|B0=0|B1=2|K=1280|L=320|p_B=0.75|p_C=0.75|B=2|eps=0|cf538942-d2b2-427e-876d-3ee26c12f82b/ already exists.
./circuit_plots/Unrestricted Disentangled|Readout|CN=3|B0=0|B1=2|K=1280|L=320|p_B=0.75|p_C=0.75|B=2|eps=0|cf538942-d2b2-427e-876d-3ee26c12f82b/ already exists.
./circuit_plots/Unrestricted Disentangled|Readout|CN=3|B0=0|B1=2|K=1280|L=320|p_B=0.75|p_C=0.75|B=2|eps=0|cf538942-d2b2-427e-876d-3ee26c12f82b/ already exists.
./circuit_plots/Unrestricted Disentangled|Readout|CN=3|B0=0|B1=2|K=1280|L=320|p_B=0.75|p_C=0.75|B=2|eps=0|cf538942-d2b2-427e-876d-3ee26c12f82b/ already exists.
./circuit_plots/Unrestricted Disentangled|Readout|CN=3|B0=0|B1=2|K=1280|L=320|p_B=0.75|p_C=0.75|B=2|eps=0|cf538942-d2b2-427e-876d-3ee26c12f82b/ already exists.
Epoch: 7550, Loss: 5.682049751281738
Test acc: 0.0488, IC acc: 0.0643, IC acc2: 0.0027, IW acc: 0.0023
Epoch: 7551, Loss: 5.674747467041016
Epoch: 7552, Loss: 5.667903900146484
Epoch: 7553, Loss: 5.663901329040527
Epoch: 7554, Loss: 5.6815690994262695
Epoch: 7555, Loss: 5.687660217285156
Epoch: 7556, Loss: 5.682750225067139
Epoch: 7557, Loss: 5.691977500915527
Epoch: 7558, Loss: 5.682615280151367
Epoch: 7559, Loss: 5.681591987609863
Epoch: 7560, Loss: 5.661224365234375
Test acc: 0.0489, IC acc: 0.0644, IC acc2: 0.0029, IW acc: 0.0022
Epoch: 7561, Loss: 5.699947357177734
Epoch: 7562, Loss: 5.639189720153809
Epoch: 7563, Loss: 5.682754039764404
Epoch: 7564, Loss: 5.669212341308594
Epoch: 7565, Loss: 5.695684432983398
Epoch: 7566, Loss: 5.665770530700684
Epoch: 7567, Loss: 5.664394855499268
Epoch: 7568, Loss: 5.657337188720703
Epoch: 7569, Loss: 5.681969165802002
Epoch: 7570, Loss: 5.658425331115723
Test acc: 0.049, IC acc: 0.0643, IC acc2: 0.0029, IW acc: 0.0022
Epoch: 7571, Loss: 5.659028053283691
Epoch: 7572, Loss: 5.673373222351074
Epoch: 7573, Loss: 5.671870708465576
Epoch: 7574, Loss: 5.690905570983887
Epoch: 7575, Loss: 5.696185111999512
Epoch: 7576, Loss: 5.689324378967285
Epoch: 7577, Loss: 5.664973258972168
Epoch: 7578, Loss: 5.669021129608154
Epoch: 7579, Loss: 5.708489418029785
Epoch: 7580, Loss: 5.671576976776123
Test acc: 0.0491, IC acc: 0.0645, IC acc2: 0.0028, IW acc: 0.0022
Epoch: 7581, Loss: 5.679137229919434
Epoch: 7582, Loss: 5.681035041809082
Epoch: 7583, Loss: 5.689980506896973
Epoch: 7584, Loss: 5.683032989501953
Epoch: 7585, Loss: 5.684928894042969
Epoch: 7586, Loss: 5.674020767211914
Epoch: 7587, Loss: 5.6628594398498535
Epoch: 7588, Loss: 5.669452667236328
Epoch: 7589, Loss: 5.667364120483398
Epoch: 7590, Loss: 5.694965362548828
Test acc: 0.0491, IC acc: 0.0647, IC acc2: 0.0028, IW acc: 0.0022
Epoch: 7591, Loss: 5.685067653656006
Epoch: 7592, Loss: 5.684579849243164
Epoch: 7593, Loss: 5.67180061340332
Epoch: 7594, Loss: 5.677427291870117
Epoch: 7595, Loss: 5.653655052185059
Epoch: 7596, Loss: 5.676654815673828
Epoch: 7597, Loss: 5.692095756530762
Epoch: 7598, Loss: 5.688918113708496
Epoch: 7599, Loss: 5.685492038726807
./circuit_plots/Unrestricted Disentangled|Readout|CN=3|B0=0|B1=2|K=1280|L=320|p_B=0.75|p_C=0.75|B=2|eps=0|cf538942-d2b2-427e-876d-3ee26c12f82b/ already exists.
./circuit_plots/Unrestricted Disentangled|Readout|CN=3|B0=0|B1=2|K=1280|L=320|p_B=0.75|p_C=0.75|B=2|eps=0|cf538942-d2b2-427e-876d-3ee26c12f82b/ already exists.
./circuit_plots/Unrestricted Disentangled|Readout|CN=3|B0=0|B1=2|K=1280|L=320|p_B=0.75|p_C=0.75|B=2|eps=0|cf538942-d2b2-427e-876d-3ee26c12f82b/ already exists.
./circuit_plots/Unrestricted Disentangled|Readout|CN=3|B0=0|B1=2|K=1280|L=320|p_B=0.75|p_C=0.75|B=2|eps=0|cf538942-d2b2-427e-876d-3ee26c12f82b/ already exists.
./circuit_plots/Unrestricted Disentangled|Readout|CN=3|B0=0|B1=2|K=1280|L=320|p_B=0.75|p_C=0.75|B=2|eps=0|cf538942-d2b2-427e-876d-3ee26c12f82b/ already exists.
./circuit_plots/Unrestricted Disentangled|Readout|CN=3|B0=0|B1=2|K=1280|L=320|p_B=0.75|p_C=0.75|B=2|eps=0|cf538942-d2b2-427e-876d-3ee26c12f82b/ already exists.
./circuit_plots/Unrestricted Disentangled|Readout|CN=3|B0=0|B1=2|K=1280|L=320|p_B=0.75|p_C=0.75|B=2|eps=0|cf538942-d2b2-427e-876d-3ee26c12f82b/ already exists.
Epoch: 7600, Loss: 5.676192283630371
Test acc: 0.0492, IC acc: 0.0644, IC acc2: 0.0028, IW acc: 0.0023
Epoch: 7601, Loss: 5.672327995300293
Epoch: 7602, Loss: 5.686870574951172
Epoch: 7603, Loss: 5.676156997680664
Epoch: 7604, Loss: 5.658124923706055
Epoch: 7605, Loss: 5.656920433044434
Epoch: 7606, Loss: 5.687961578369141
Epoch: 7607, Loss: 5.682894706726074
Epoch: 7608, Loss: 5.670269012451172
Epoch: 7609, Loss: 5.677924156188965
Epoch: 7610, Loss: 5.679230690002441
Test acc: 0.0492, IC acc: 0.0646, IC acc2: 0.0028, IW acc: 0.0023
Epoch: 7611, Loss: 5.6683349609375
Epoch: 7612, Loss: 5.699456214904785
Epoch: 7613, Loss: 5.680316925048828
Epoch: 7614, Loss: 5.668234348297119
Epoch: 7615, Loss: 5.674492835998535
Epoch: 7616, Loss: 5.698871612548828
Epoch: 7617, Loss: 5.695234298706055
Epoch: 7618, Loss: 5.656403064727783
Epoch: 7619, Loss: 5.6780290603637695
Epoch: 7620, Loss: 5.653995513916016
Test acc: 0.0494, IC acc: 0.0649, IC acc2: 0.0028, IW acc: 0.0023
Epoch: 7621, Loss: 5.680340766906738
Epoch: 7622, Loss: 5.674057960510254
Epoch: 7623, Loss: 5.66866397857666
Epoch: 7624, Loss: 5.68544340133667
Epoch: 7625, Loss: 5.684470176696777
Epoch: 7626, Loss: 5.689089775085449
Epoch: 7627, Loss: 5.665946006774902
Epoch: 7628, Loss: 5.673942565917969
Epoch: 7629, Loss: 5.666581630706787
Epoch: 7630, Loss: 5.669754981994629
Test acc: 0.0497, IC acc: 0.065, IC acc2: 0.0029, IW acc: 0.0023
Epoch: 7631, Loss: 5.6681599617004395
Epoch: 7632, Loss: 5.666938304901123
Epoch: 7633, Loss: 5.672776222229004
Epoch: 7634, Loss: 5.672640800476074
Epoch: 7635, Loss: 5.662342071533203
Epoch: 7636, Loss: 5.687842845916748
Epoch: 7637, Loss: 5.665823936462402
Epoch: 7638, Loss: 5.6598005294799805
Epoch: 7639, Loss: 5.672475814819336
Epoch: 7640, Loss: 5.684104919433594
Test acc: 0.0499, IC acc: 0.0653, IC acc2: 0.0029, IW acc: 0.0023
Epoch: 7641, Loss: 5.674856185913086
Epoch: 7642, Loss: 5.680943489074707
Epoch: 7643, Loss: 5.673890113830566
Epoch: 7644, Loss: 5.6869401931762695
Epoch: 7645, Loss: 5.674155235290527
Epoch: 7646, Loss: 5.6815385818481445
Epoch: 7647, Loss: 5.672848224639893
Epoch: 7648, Loss: 5.691861152648926
Epoch: 7649, Loss: 5.679143905639648
./circuit_plots/Unrestricted Disentangled|Readout|CN=3|B0=0|B1=2|K=1280|L=320|p_B=0.75|p_C=0.75|B=2|eps=0|cf538942-d2b2-427e-876d-3ee26c12f82b/ already exists.
./circuit_plots/Unrestricted Disentangled|Readout|CN=3|B0=0|B1=2|K=1280|L=320|p_B=0.75|p_C=0.75|B=2|eps=0|cf538942-d2b2-427e-876d-3ee26c12f82b/ already exists.
./circuit_plots/Unrestricted Disentangled|Readout|CN=3|B0=0|B1=2|K=1280|L=320|p_B=0.75|p_C=0.75|B=2|eps=0|cf538942-d2b2-427e-876d-3ee26c12f82b/ already exists.
./circuit_plots/Unrestricted Disentangled|Readout|CN=3|B0=0|B1=2|K=1280|L=320|p_B=0.75|p_C=0.75|B=2|eps=0|cf538942-d2b2-427e-876d-3ee26c12f82b/ already exists.
./circuit_plots/Unrestricted Disentangled|Readout|CN=3|B0=0|B1=2|K=1280|L=320|p_B=0.75|p_C=0.75|B=2|eps=0|cf538942-d2b2-427e-876d-3ee26c12f82b/ already exists.
./circuit_plots/Unrestricted Disentangled|Readout|CN=3|B0=0|B1=2|K=1280|L=320|p_B=0.75|p_C=0.75|B=2|eps=0|cf538942-d2b2-427e-876d-3ee26c12f82b/ already exists.
./circuit_plots/Unrestricted Disentangled|Readout|CN=3|B0=0|B1=2|K=1280|L=320|p_B=0.75|p_C=0.75|B=2|eps=0|cf538942-d2b2-427e-876d-3ee26c12f82b/ already exists.
Epoch: 7650, Loss: 5.665464878082275
Test acc: 0.0502, IC acc: 0.0656, IC acc2: 0.0028, IW acc: 0.0024
Epoch: 7651, Loss: 5.69643497467041
Epoch: 7652, Loss: 5.654006481170654
Epoch: 7653, Loss: 5.675034999847412
Epoch: 7654, Loss: 5.694341659545898
Epoch: 7655, Loss: 5.703251838684082
Epoch: 7656, Loss: 5.685812950134277
Epoch: 7657, Loss: 5.673529148101807
Epoch: 7658, Loss: 5.689373016357422
Epoch: 7659, Loss: 5.661466598510742
Epoch: 7660, Loss: 5.669612884521484
Test acc: 0.0501, IC acc: 0.0658, IC acc2: 0.0028, IW acc: 0.0024
Epoch: 7661, Loss: 5.6893815994262695
Epoch: 7662, Loss: 5.675701141357422
Epoch: 7663, Loss: 5.700103282928467
Epoch: 7664, Loss: 5.682729721069336
Epoch: 7665, Loss: 5.673341751098633
Epoch: 7666, Loss: 5.655207633972168
Epoch: 7667, Loss: 5.668210029602051
Epoch: 7668, Loss: 5.6436357498168945
Epoch: 7669, Loss: 5.703612327575684
Epoch: 7670, Loss: 5.674985885620117
Test acc: 0.0501, IC acc: 0.0659, IC acc2: 0.003, IW acc: 0.0025
Epoch: 7671, Loss: 5.6843109130859375
Epoch: 7672, Loss: 5.699453353881836
Epoch: 7673, Loss: 5.670439720153809
Epoch: 7674, Loss: 5.680409908294678
Epoch: 7675, Loss: 5.6829142570495605
Epoch: 7676, Loss: 5.671839237213135
Epoch: 7677, Loss: 5.694155693054199
Epoch: 7678, Loss: 5.661538600921631
Epoch: 7679, Loss: 5.668701171875
Epoch: 7680, Loss: 5.6730427742004395
Test acc: 0.0499, IC acc: 0.066, IC acc2: 0.0029, IW acc: 0.0023
Epoch: 7681, Loss: 5.66595458984375
Epoch: 7682, Loss: 5.662426948547363
Epoch: 7683, Loss: 5.669753551483154
Epoch: 7684, Loss: 5.67141056060791
Epoch: 7685, Loss: 5.684234142303467
Epoch: 7686, Loss: 5.698328018188477
Epoch: 7687, Loss: 5.659449577331543
Epoch: 7688, Loss: 5.678925514221191
Epoch: 7689, Loss: 5.674382209777832
Epoch: 7690, Loss: 5.665416717529297
Test acc: 0.0502, IC acc: 0.0659, IC acc2: 0.0029, IW acc: 0.0023
Epoch: 7691, Loss: 5.672568321228027
Epoch: 7692, Loss: 5.6814446449279785
Epoch: 7693, Loss: 5.663769721984863
Epoch: 7694, Loss: 5.667036056518555
Epoch: 7695, Loss: 5.671728134155273
Epoch: 7696, Loss: 5.6792731285095215
Epoch: 7697, Loss: 5.684222221374512
Epoch: 7698, Loss: 5.669970989227295
Epoch: 7699, Loss: 5.688857555389404
./circuit_plots/Unrestricted Disentangled|Readout|CN=3|B0=0|B1=2|K=1280|L=320|p_B=0.75|p_C=0.75|B=2|eps=0|cf538942-d2b2-427e-876d-3ee26c12f82b/ already exists.
./circuit_plots/Unrestricted Disentangled|Readout|CN=3|B0=0|B1=2|K=1280|L=320|p_B=0.75|p_C=0.75|B=2|eps=0|cf538942-d2b2-427e-876d-3ee26c12f82b/ already exists.
./circuit_plots/Unrestricted Disentangled|Readout|CN=3|B0=0|B1=2|K=1280|L=320|p_B=0.75|p_C=0.75|B=2|eps=0|cf538942-d2b2-427e-876d-3ee26c12f82b/ already exists.
./circuit_plots/Unrestricted Disentangled|Readout|CN=3|B0=0|B1=2|K=1280|L=320|p_B=0.75|p_C=0.75|B=2|eps=0|cf538942-d2b2-427e-876d-3ee26c12f82b/ already exists.
./circuit_plots/Unrestricted Disentangled|Readout|CN=3|B0=0|B1=2|K=1280|L=320|p_B=0.75|p_C=0.75|B=2|eps=0|cf538942-d2b2-427e-876d-3ee26c12f82b/ already exists.
./circuit_plots/Unrestricted Disentangled|Readout|CN=3|B0=0|B1=2|K=1280|L=320|p_B=0.75|p_C=0.75|B=2|eps=0|cf538942-d2b2-427e-876d-3ee26c12f82b/ already exists.
./circuit_plots/Unrestricted Disentangled|Readout|CN=3|B0=0|B1=2|K=1280|L=320|p_B=0.75|p_C=0.75|B=2|eps=0|cf538942-d2b2-427e-876d-3ee26c12f82b/ already exists.
Epoch: 7700, Loss: 5.690802574157715
Test acc: 0.0502, IC acc: 0.0662, IC acc2: 0.0028, IW acc: 0.0023
Epoch: 7701, Loss: 5.672198295593262
Epoch: 7702, Loss: 5.660945415496826
Epoch: 7703, Loss: 5.673111915588379
Epoch: 7704, Loss: 5.687859535217285
Epoch: 7705, Loss: 5.69312858581543
Epoch: 7706, Loss: 5.691661834716797
Epoch: 7707, Loss: 5.656785488128662
Epoch: 7708, Loss: 5.701621055603027
Epoch: 7709, Loss: 5.6756272315979
Epoch: 7710, Loss: 5.664127826690674
Test acc: 0.0504, IC acc: 0.0665, IC acc2: 0.0028, IW acc: 0.0023
Epoch: 7711, Loss: 5.674284934997559
Epoch: 7712, Loss: 5.671444416046143
Epoch: 7713, Loss: 5.667428493499756
Epoch: 7714, Loss: 5.6851701736450195
Epoch: 7715, Loss: 5.681933403015137
Epoch: 7716, Loss: 5.663371562957764
Epoch: 7717, Loss: 5.664192199707031
Epoch: 7718, Loss: 5.660449028015137
Epoch: 7719, Loss: 5.667437553405762
Epoch: 7720, Loss: 5.680819988250732
Test acc: 0.0504, IC acc: 0.0669, IC acc2: 0.0028, IW acc: 0.0023
Epoch: 7721, Loss: 5.698246955871582
Epoch: 7722, Loss: 5.675107002258301
Epoch: 7723, Loss: 5.6650614738464355
Epoch: 7724, Loss: 5.652163505554199
Epoch: 7725, Loss: 5.674107551574707
Epoch: 7726, Loss: 5.662418842315674
Epoch: 7727, Loss: 5.677146911621094
Epoch: 7728, Loss: 5.669114112854004
Epoch: 7729, Loss: 5.679531097412109
Epoch: 7730, Loss: 5.632396221160889
Test acc: 0.0505, IC acc: 0.0671, IC acc2: 0.0029, IW acc: 0.0024
Epoch: 7731, Loss: 5.6486382484436035
Epoch: 7732, Loss: 5.667728424072266
Epoch: 7733, Loss: 5.688904762268066
Epoch: 7734, Loss: 5.686479568481445
Epoch: 7735, Loss: 5.664768218994141
Epoch: 7736, Loss: 5.655237197875977
Epoch: 7737, Loss: 5.647970199584961
Epoch: 7738, Loss: 5.691335678100586
Epoch: 7739, Loss: 5.66204309463501
Epoch: 7740, Loss: 5.682308673858643
Test acc: 0.0506, IC acc: 0.0673, IC acc2: 0.0029, IW acc: 0.0024
Epoch: 7741, Loss: 5.683627128601074
Epoch: 7742, Loss: 5.6767473220825195
Epoch: 7743, Loss: 5.6944732666015625
Epoch: 7744, Loss: 5.675876617431641
Epoch: 7745, Loss: 5.665325164794922
Epoch: 7746, Loss: 5.688655853271484
Epoch: 7747, Loss: 5.6604204177856445
Epoch: 7748, Loss: 5.672985076904297
Epoch: 7749, Loss: 5.658576011657715
./circuit_plots/Unrestricted Disentangled|Readout|CN=3|B0=0|B1=2|K=1280|L=320|p_B=0.75|p_C=0.75|B=2|eps=0|cf538942-d2b2-427e-876d-3ee26c12f82b/ already exists.
./circuit_plots/Unrestricted Disentangled|Readout|CN=3|B0=0|B1=2|K=1280|L=320|p_B=0.75|p_C=0.75|B=2|eps=0|cf538942-d2b2-427e-876d-3ee26c12f82b/ already exists.
./circuit_plots/Unrestricted Disentangled|Readout|CN=3|B0=0|B1=2|K=1280|L=320|p_B=0.75|p_C=0.75|B=2|eps=0|cf538942-d2b2-427e-876d-3ee26c12f82b/ already exists.
./circuit_plots/Unrestricted Disentangled|Readout|CN=3|B0=0|B1=2|K=1280|L=320|p_B=0.75|p_C=0.75|B=2|eps=0|cf538942-d2b2-427e-876d-3ee26c12f82b/ already exists.
./circuit_plots/Unrestricted Disentangled|Readout|CN=3|B0=0|B1=2|K=1280|L=320|p_B=0.75|p_C=0.75|B=2|eps=0|cf538942-d2b2-427e-876d-3ee26c12f82b/ already exists.
./circuit_plots/Unrestricted Disentangled|Readout|CN=3|B0=0|B1=2|K=1280|L=320|p_B=0.75|p_C=0.75|B=2|eps=0|cf538942-d2b2-427e-876d-3ee26c12f82b/ already exists.
./circuit_plots/Unrestricted Disentangled|Readout|CN=3|B0=0|B1=2|K=1280|L=320|p_B=0.75|p_C=0.75|B=2|eps=0|cf538942-d2b2-427e-876d-3ee26c12f82b/ already exists.
Epoch: 7750, Loss: 5.6991095542907715
Test acc: 0.0508, IC acc: 0.0673, IC acc2: 0.003, IW acc: 0.0023
Epoch: 7751, Loss: 5.698202133178711
Epoch: 7752, Loss: 5.683527946472168
Epoch: 7753, Loss: 5.661388397216797
Epoch: 7754, Loss: 5.669290542602539
Epoch: 7755, Loss: 5.685981273651123
Epoch: 7756, Loss: 5.657156467437744
Epoch: 7757, Loss: 5.68149471282959
Epoch: 7758, Loss: 5.679316520690918
Epoch: 7759, Loss: 5.68678092956543
Epoch: 7760, Loss: 5.685788154602051
Test acc: 0.0508, IC acc: 0.0677, IC acc2: 0.003, IW acc: 0.0023
Epoch: 7761, Loss: 5.680294036865234
Epoch: 7762, Loss: 5.665399074554443
Epoch: 7763, Loss: 5.690515995025635
Epoch: 7764, Loss: 5.694509506225586
Epoch: 7765, Loss: 5.691407203674316
Epoch: 7766, Loss: 5.677681922912598
Epoch: 7767, Loss: 5.673999786376953
Epoch: 7768, Loss: 5.6833906173706055
Epoch: 7769, Loss: 5.673736572265625
Epoch: 7770, Loss: 5.688987731933594
Test acc: 0.0509, IC acc: 0.0677, IC acc2: 0.003, IW acc: 0.0022
Epoch: 7771, Loss: 5.689488887786865
Epoch: 7772, Loss: 5.678501605987549
Epoch: 7773, Loss: 5.664989471435547
Epoch: 7774, Loss: 5.657860279083252
Epoch: 7775, Loss: 5.686829566955566
Epoch: 7776, Loss: 5.685582637786865
Epoch: 7777, Loss: 5.675312042236328
Epoch: 7778, Loss: 5.656212329864502
Epoch: 7779, Loss: 5.668703079223633
Epoch: 7780, Loss: 5.671175956726074
Test acc: 0.051, IC acc: 0.0678, IC acc2: 0.003, IW acc: 0.0022
Epoch: 7781, Loss: 5.676355838775635
Epoch: 7782, Loss: 5.6693525314331055
Epoch: 7783, Loss: 5.6629228591918945
Epoch: 7784, Loss: 5.670726776123047
Epoch: 7785, Loss: 5.652710914611816
Epoch: 7786, Loss: 5.69189453125
Epoch: 7787, Loss: 5.683095932006836
Epoch: 7788, Loss: 5.681593894958496
Epoch: 7789, Loss: 5.662078380584717
Epoch: 7790, Loss: 5.67603874206543
Test acc: 0.0512, IC acc: 0.0683, IC acc2: 0.003, IW acc: 0.0021
Epoch: 7791, Loss: 5.673046112060547
Epoch: 7792, Loss: 5.666181564331055
Epoch: 7793, Loss: 5.669817924499512
Epoch: 7794, Loss: 5.663404941558838
Epoch: 7795, Loss: 5.677335739135742
Epoch: 7796, Loss: 5.690907955169678
Epoch: 7797, Loss: 5.6896162033081055
Epoch: 7798, Loss: 5.654681205749512
Epoch: 7799, Loss: 5.6769328117370605
./circuit_plots/Unrestricted Disentangled|Readout|CN=3|B0=0|B1=2|K=1280|L=320|p_B=0.75|p_C=0.75|B=2|eps=0|cf538942-d2b2-427e-876d-3ee26c12f82b/ already exists.
./circuit_plots/Unrestricted Disentangled|Readout|CN=3|B0=0|B1=2|K=1280|L=320|p_B=0.75|p_C=0.75|B=2|eps=0|cf538942-d2b2-427e-876d-3ee26c12f82b/ already exists.
./circuit_plots/Unrestricted Disentangled|Readout|CN=3|B0=0|B1=2|K=1280|L=320|p_B=0.75|p_C=0.75|B=2|eps=0|cf538942-d2b2-427e-876d-3ee26c12f82b/ already exists.
./circuit_plots/Unrestricted Disentangled|Readout|CN=3|B0=0|B1=2|K=1280|L=320|p_B=0.75|p_C=0.75|B=2|eps=0|cf538942-d2b2-427e-876d-3ee26c12f82b/ already exists.
./circuit_plots/Unrestricted Disentangled|Readout|CN=3|B0=0|B1=2|K=1280|L=320|p_B=0.75|p_C=0.75|B=2|eps=0|cf538942-d2b2-427e-876d-3ee26c12f82b/ already exists.
./circuit_plots/Unrestricted Disentangled|Readout|CN=3|B0=0|B1=2|K=1280|L=320|p_B=0.75|p_C=0.75|B=2|eps=0|cf538942-d2b2-427e-876d-3ee26c12f82b/ already exists.
./circuit_plots/Unrestricted Disentangled|Readout|CN=3|B0=0|B1=2|K=1280|L=320|p_B=0.75|p_C=0.75|B=2|eps=0|cf538942-d2b2-427e-876d-3ee26c12f82b/ already exists.
Epoch: 7800, Loss: 5.694611072540283
Test acc: 0.0514, IC acc: 0.0686, IC acc2: 0.003, IW acc: 0.0022
Epoch: 7801, Loss: 5.698941707611084
Epoch: 7802, Loss: 5.6857500076293945
Epoch: 7803, Loss: 5.647918224334717
Epoch: 7804, Loss: 5.676712989807129
Epoch: 7805, Loss: 5.690649032592773
Epoch: 7806, Loss: 5.668300151824951
Epoch: 7807, Loss: 5.662872791290283
Epoch: 7808, Loss: 5.664565563201904
Epoch: 7809, Loss: 5.6878204345703125
Epoch: 7810, Loss: 5.685524940490723
Test acc: 0.0515, IC acc: 0.0686, IC acc2: 0.003, IW acc: 0.0021
Epoch: 7811, Loss: 5.673694610595703
Epoch: 7812, Loss: 5.658570289611816
Epoch: 7813, Loss: 5.678350448608398
Epoch: 7814, Loss: 5.681546211242676
Epoch: 7815, Loss: 5.6785783767700195
Epoch: 7816, Loss: 5.658866882324219
Epoch: 7817, Loss: 5.676516532897949
Epoch: 7818, Loss: 5.673728942871094
Epoch: 7819, Loss: 5.66886043548584
Epoch: 7820, Loss: 5.6485466957092285
Test acc: 0.0515, IC acc: 0.0688, IC acc2: 0.003, IW acc: 0.0021
Epoch: 7821, Loss: 5.667360782623291
Epoch: 7822, Loss: 5.677386283874512
Epoch: 7823, Loss: 5.676358699798584
Epoch: 7824, Loss: 5.6873321533203125
Epoch: 7825, Loss: 5.657550811767578
Epoch: 7826, Loss: 5.653578758239746
Epoch: 7827, Loss: 5.67351770401001
Epoch: 7828, Loss: 5.673633575439453
Epoch: 7829, Loss: 5.692826271057129
Epoch: 7830, Loss: 5.676450729370117
Test acc: 0.0515, IC acc: 0.0687, IC acc2: 0.003, IW acc: 0.0021
Epoch: 7831, Loss: 5.668951988220215
Epoch: 7832, Loss: 5.679374694824219
Epoch: 7833, Loss: 5.664542198181152
Epoch: 7834, Loss: 5.670833110809326
Epoch: 7835, Loss: 5.686702728271484
Epoch: 7836, Loss: 5.660315990447998
Epoch: 7837, Loss: 5.683193206787109
Epoch: 7838, Loss: 5.675492286682129
Epoch: 7839, Loss: 5.671896457672119
Epoch: 7840, Loss: 5.689291954040527
Test acc: 0.0516, IC acc: 0.0689, IC acc2: 0.003, IW acc: 0.0022
Epoch: 7841, Loss: 5.674780368804932
Epoch: 7842, Loss: 5.652693748474121
Epoch: 7843, Loss: 5.686847686767578
Epoch: 7844, Loss: 5.685601234436035
Epoch: 7845, Loss: 5.692688941955566
Epoch: 7846, Loss: 5.664757251739502
Epoch: 7847, Loss: 5.676544189453125
Epoch: 7848, Loss: 5.663172721862793
Epoch: 7849, Loss: 5.683988571166992
./circuit_plots/Unrestricted Disentangled|Readout|CN=3|B0=0|B1=2|K=1280|L=320|p_B=0.75|p_C=0.75|B=2|eps=0|cf538942-d2b2-427e-876d-3ee26c12f82b/ already exists.
./circuit_plots/Unrestricted Disentangled|Readout|CN=3|B0=0|B1=2|K=1280|L=320|p_B=0.75|p_C=0.75|B=2|eps=0|cf538942-d2b2-427e-876d-3ee26c12f82b/ already exists.
./circuit_plots/Unrestricted Disentangled|Readout|CN=3|B0=0|B1=2|K=1280|L=320|p_B=0.75|p_C=0.75|B=2|eps=0|cf538942-d2b2-427e-876d-3ee26c12f82b/ already exists.
./circuit_plots/Unrestricted Disentangled|Readout|CN=3|B0=0|B1=2|K=1280|L=320|p_B=0.75|p_C=0.75|B=2|eps=0|cf538942-d2b2-427e-876d-3ee26c12f82b/ already exists.
./circuit_plots/Unrestricted Disentangled|Readout|CN=3|B0=0|B1=2|K=1280|L=320|p_B=0.75|p_C=0.75|B=2|eps=0|cf538942-d2b2-427e-876d-3ee26c12f82b/ already exists.
./circuit_plots/Unrestricted Disentangled|Readout|CN=3|B0=0|B1=2|K=1280|L=320|p_B=0.75|p_C=0.75|B=2|eps=0|cf538942-d2b2-427e-876d-3ee26c12f82b/ already exists.
./circuit_plots/Unrestricted Disentangled|Readout|CN=3|B0=0|B1=2|K=1280|L=320|p_B=0.75|p_C=0.75|B=2|eps=0|cf538942-d2b2-427e-876d-3ee26c12f82b/ already exists.
Epoch: 7850, Loss: 5.66386604309082
Test acc: 0.0517, IC acc: 0.069, IC acc2: 0.003, IW acc: 0.0021
Epoch: 7851, Loss: 5.649410724639893
Epoch: 7852, Loss: 5.684152126312256
Epoch: 7853, Loss: 5.683523178100586
Epoch: 7854, Loss: 5.661087512969971
Epoch: 7855, Loss: 5.672944068908691
Epoch: 7856, Loss: 5.669136047363281
Epoch: 7857, Loss: 5.665297985076904
Epoch: 7858, Loss: 5.673656463623047
Epoch: 7859, Loss: 5.651333808898926
Epoch: 7860, Loss: 5.695365905761719
Test acc: 0.0521, IC acc: 0.0691, IC acc2: 0.003, IW acc: 0.0022
Epoch: 7861, Loss: 5.672735214233398
Epoch: 7862, Loss: 5.678586959838867
Epoch: 7863, Loss: 5.670272350311279
Epoch: 7864, Loss: 5.666828155517578
Epoch: 7865, Loss: 5.645923137664795
Epoch: 7866, Loss: 5.670841217041016
Epoch: 7867, Loss: 5.666342258453369
Epoch: 7868, Loss: 5.6595354080200195
Epoch: 7869, Loss: 5.684253692626953
Epoch: 7870, Loss: 5.659852027893066
Test acc: 0.0524, IC acc: 0.0692, IC acc2: 0.0029, IW acc: 0.0023
Epoch: 7871, Loss: 5.678526401519775
Epoch: 7872, Loss: 5.641616344451904
Epoch: 7873, Loss: 5.653192043304443
Epoch: 7874, Loss: 5.675439834594727
Epoch: 7875, Loss: 5.675638675689697
Epoch: 7876, Loss: 5.663943290710449
Epoch: 7877, Loss: 5.687526702880859
Epoch: 7878, Loss: 5.668211936950684
Epoch: 7879, Loss: 5.658849239349365
Epoch: 7880, Loss: 5.6698317527771
Test acc: 0.0525, IC acc: 0.0693, IC acc2: 0.003, IW acc: 0.0023
Epoch: 7881, Loss: 5.660276889801025
Epoch: 7882, Loss: 5.6854963302612305
Epoch: 7883, Loss: 5.651395797729492
Epoch: 7884, Loss: 5.666898250579834
Epoch: 7885, Loss: 5.656929969787598
Epoch: 7886, Loss: 5.633686065673828
Epoch: 7887, Loss: 5.661783218383789
Epoch: 7888, Loss: 5.671912670135498
Epoch: 7889, Loss: 5.669363498687744
Epoch: 7890, Loss: 5.667571544647217
Test acc: 0.0529, IC acc: 0.0694, IC acc2: 0.003, IW acc: 0.0023
Epoch: 7891, Loss: 5.677538871765137
Epoch: 7892, Loss: 5.6557464599609375
Epoch: 7893, Loss: 5.683101654052734
Epoch: 7894, Loss: 5.670626640319824
Epoch: 7895, Loss: 5.628312587738037
Epoch: 7896, Loss: 5.672354698181152
Epoch: 7897, Loss: 5.68002462387085
Epoch: 7898, Loss: 5.662207126617432
Epoch: 7899, Loss: 5.672163009643555
./circuit_plots/Unrestricted Disentangled|Readout|CN=3|B0=0|B1=2|K=1280|L=320|p_B=0.75|p_C=0.75|B=2|eps=0|cf538942-d2b2-427e-876d-3ee26c12f82b/ already exists.
./circuit_plots/Unrestricted Disentangled|Readout|CN=3|B0=0|B1=2|K=1280|L=320|p_B=0.75|p_C=0.75|B=2|eps=0|cf538942-d2b2-427e-876d-3ee26c12f82b/ already exists.
./circuit_plots/Unrestricted Disentangled|Readout|CN=3|B0=0|B1=2|K=1280|L=320|p_B=0.75|p_C=0.75|B=2|eps=0|cf538942-d2b2-427e-876d-3ee26c12f82b/ already exists.
./circuit_plots/Unrestricted Disentangled|Readout|CN=3|B0=0|B1=2|K=1280|L=320|p_B=0.75|p_C=0.75|B=2|eps=0|cf538942-d2b2-427e-876d-3ee26c12f82b/ already exists.
./circuit_plots/Unrestricted Disentangled|Readout|CN=3|B0=0|B1=2|K=1280|L=320|p_B=0.75|p_C=0.75|B=2|eps=0|cf538942-d2b2-427e-876d-3ee26c12f82b/ already exists.
./circuit_plots/Unrestricted Disentangled|Readout|CN=3|B0=0|B1=2|K=1280|L=320|p_B=0.75|p_C=0.75|B=2|eps=0|cf538942-d2b2-427e-876d-3ee26c12f82b/ already exists.
./circuit_plots/Unrestricted Disentangled|Readout|CN=3|B0=0|B1=2|K=1280|L=320|p_B=0.75|p_C=0.75|B=2|eps=0|cf538942-d2b2-427e-876d-3ee26c12f82b/ already exists.
Epoch: 7900, Loss: 5.661933898925781
Test acc: 0.053, IC acc: 0.0697, IC acc2: 0.003, IW acc: 0.0023
Epoch: 7901, Loss: 5.687577724456787
Epoch: 7902, Loss: 5.670034408569336
Epoch: 7903, Loss: 5.689929962158203
Epoch: 7904, Loss: 5.644105911254883
Epoch: 7905, Loss: 5.687440872192383
Epoch: 7906, Loss: 5.6807098388671875
Epoch: 7907, Loss: 5.6785173416137695
Epoch: 7908, Loss: 5.67072868347168
Epoch: 7909, Loss: 5.684436798095703
Epoch: 7910, Loss: 5.688970565795898
Test acc: 0.0529, IC acc: 0.0697, IC acc2: 0.0029, IW acc: 0.0023
Epoch: 7911, Loss: 5.690423011779785
Epoch: 7912, Loss: 5.670877933502197
Epoch: 7913, Loss: 5.671352386474609
Epoch: 7914, Loss: 5.69102668762207
Epoch: 7915, Loss: 5.662797451019287
Epoch: 7916, Loss: 5.691291809082031
Epoch: 7917, Loss: 5.6761250495910645
Epoch: 7918, Loss: 5.6632232666015625
Epoch: 7919, Loss: 5.672109603881836
Epoch: 7920, Loss: 5.660953521728516
Test acc: 0.0531, IC acc: 0.0696, IC acc2: 0.0029, IW acc: 0.0023
Epoch: 7921, Loss: 5.663900852203369
Epoch: 7922, Loss: 5.660831451416016
Epoch: 7923, Loss: 5.6611223220825195
Epoch: 7924, Loss: 5.653826713562012
Epoch: 7925, Loss: 5.65993070602417
Epoch: 7926, Loss: 5.689218997955322
Epoch: 7927, Loss: 5.678719520568848
Epoch: 7928, Loss: 5.641019821166992
Epoch: 7929, Loss: 5.667464256286621
Epoch: 7930, Loss: 5.662973880767822
Test acc: 0.0532, IC acc: 0.0698, IC acc2: 0.0029, IW acc: 0.0021
Epoch: 7931, Loss: 5.655388832092285
Epoch: 7932, Loss: 5.672744274139404
Epoch: 7933, Loss: 5.672057151794434
Epoch: 7934, Loss: 5.652412414550781
Epoch: 7935, Loss: 5.66384220123291
Epoch: 7936, Loss: 5.672796726226807
Epoch: 7937, Loss: 5.667413711547852
Epoch: 7938, Loss: 5.65720272064209
Epoch: 7939, Loss: 5.691262245178223
Epoch: 7940, Loss: 5.658287048339844
Test acc: 0.0536, IC acc: 0.0697, IC acc2: 0.003, IW acc: 0.0022
Epoch: 7941, Loss: 5.692624568939209
Epoch: 7942, Loss: 5.6796464920043945
Epoch: 7943, Loss: 5.673480987548828
Epoch: 7944, Loss: 5.6630754470825195
Epoch: 7945, Loss: 5.667028427124023
Epoch: 7946, Loss: 5.661965370178223
Epoch: 7947, Loss: 5.696098804473877
Epoch: 7948, Loss: 5.649092197418213
Epoch: 7949, Loss: 5.658988952636719
./circuit_plots/Unrestricted Disentangled|Readout|CN=3|B0=0|B1=2|K=1280|L=320|p_B=0.75|p_C=0.75|B=2|eps=0|cf538942-d2b2-427e-876d-3ee26c12f82b/ already exists.
./circuit_plots/Unrestricted Disentangled|Readout|CN=3|B0=0|B1=2|K=1280|L=320|p_B=0.75|p_C=0.75|B=2|eps=0|cf538942-d2b2-427e-876d-3ee26c12f82b/ already exists.
./circuit_plots/Unrestricted Disentangled|Readout|CN=3|B0=0|B1=2|K=1280|L=320|p_B=0.75|p_C=0.75|B=2|eps=0|cf538942-d2b2-427e-876d-3ee26c12f82b/ already exists.
./circuit_plots/Unrestricted Disentangled|Readout|CN=3|B0=0|B1=2|K=1280|L=320|p_B=0.75|p_C=0.75|B=2|eps=0|cf538942-d2b2-427e-876d-3ee26c12f82b/ already exists.
./circuit_plots/Unrestricted Disentangled|Readout|CN=3|B0=0|B1=2|K=1280|L=320|p_B=0.75|p_C=0.75|B=2|eps=0|cf538942-d2b2-427e-876d-3ee26c12f82b/ already exists.
./circuit_plots/Unrestricted Disentangled|Readout|CN=3|B0=0|B1=2|K=1280|L=320|p_B=0.75|p_C=0.75|B=2|eps=0|cf538942-d2b2-427e-876d-3ee26c12f82b/ already exists.
./circuit_plots/Unrestricted Disentangled|Readout|CN=3|B0=0|B1=2|K=1280|L=320|p_B=0.75|p_C=0.75|B=2|eps=0|cf538942-d2b2-427e-876d-3ee26c12f82b/ already exists.
Epoch: 7950, Loss: 5.675593376159668
Test acc: 0.0536, IC acc: 0.0699, IC acc2: 0.003, IW acc: 0.0022
Epoch: 7951, Loss: 5.677735805511475
Epoch: 7952, Loss: 5.6729416847229
Epoch: 7953, Loss: 5.671557903289795
Epoch: 7954, Loss: 5.668095588684082
Epoch: 7955, Loss: 5.69041633605957
Epoch: 7956, Loss: 5.653270244598389
Epoch: 7957, Loss: 5.67215633392334
Epoch: 7958, Loss: 5.682687759399414
Epoch: 7959, Loss: 5.670536994934082
Epoch: 7960, Loss: 5.699779033660889
Test acc: 0.0536, IC acc: 0.0702, IC acc2: 0.003, IW acc: 0.0022
Epoch: 7961, Loss: 5.671448707580566
Epoch: 7962, Loss: 5.676461219787598
Epoch: 7963, Loss: 5.67769718170166
Epoch: 7964, Loss: 5.681471347808838
Epoch: 7965, Loss: 5.700434684753418
Epoch: 7966, Loss: 5.663438320159912
Epoch: 7967, Loss: 5.669504165649414
Epoch: 7968, Loss: 5.679072380065918
Epoch: 7969, Loss: 5.704225063323975
Epoch: 7970, Loss: 5.667908668518066
Test acc: 0.0538, IC acc: 0.0704, IC acc2: 0.003, IW acc: 0.0022
Epoch: 7971, Loss: 5.662534713745117
Epoch: 7972, Loss: 5.682529926300049
Epoch: 7973, Loss: 5.680292129516602
Epoch: 7974, Loss: 5.648618698120117
Epoch: 7975, Loss: 5.668038845062256
Epoch: 7976, Loss: 5.680436134338379
Epoch: 7977, Loss: 5.670249938964844
Epoch: 7978, Loss: 5.666971206665039
Epoch: 7979, Loss: 5.669461250305176
Epoch: 7980, Loss: 5.66179895401001
Test acc: 0.0538, IC acc: 0.0707, IC acc2: 0.003, IW acc: 0.0022
Epoch: 7981, Loss: 5.695066452026367
Epoch: 7982, Loss: 5.644433975219727
Epoch: 7983, Loss: 5.631134033203125
Epoch: 7984, Loss: 5.662487030029297
Epoch: 7985, Loss: 5.680408477783203
Epoch: 7986, Loss: 5.67540168762207
Epoch: 7987, Loss: 5.668325424194336
Epoch: 7988, Loss: 5.681029796600342
Epoch: 7989, Loss: 5.678873062133789
Epoch: 7990, Loss: 5.67674446105957
Test acc: 0.0539, IC acc: 0.0707, IC acc2: 0.003, IW acc: 0.0023
Epoch: 7991, Loss: 5.694100856781006
Epoch: 7992, Loss: 5.695370674133301
Epoch: 7993, Loss: 5.6864495277404785
Epoch: 7994, Loss: 5.687979698181152
Epoch: 7995, Loss: 5.667720794677734
Epoch: 7996, Loss: 5.679111480712891
Epoch: 7997, Loss: 5.675556182861328
Epoch: 7998, Loss: 5.67905855178833
Epoch: 7999, Loss: 5.678190231323242
./circuit_plots/Unrestricted Disentangled|Readout|CN=3|B0=0|B1=2|K=1280|L=320|p_B=0.75|p_C=0.75|B=2|eps=0|cf538942-d2b2-427e-876d-3ee26c12f82b/ already exists.
./circuit_plots/Unrestricted Disentangled|Readout|CN=3|B0=0|B1=2|K=1280|L=320|p_B=0.75|p_C=0.75|B=2|eps=0|cf538942-d2b2-427e-876d-3ee26c12f82b/ already exists.
./circuit_plots/Unrestricted Disentangled|Readout|CN=3|B0=0|B1=2|K=1280|L=320|p_B=0.75|p_C=0.75|B=2|eps=0|cf538942-d2b2-427e-876d-3ee26c12f82b/ already exists.
./circuit_plots/Unrestricted Disentangled|Readout|CN=3|B0=0|B1=2|K=1280|L=320|p_B=0.75|p_C=0.75|B=2|eps=0|cf538942-d2b2-427e-876d-3ee26c12f82b/ already exists.
./circuit_plots/Unrestricted Disentangled|Readout|CN=3|B0=0|B1=2|K=1280|L=320|p_B=0.75|p_C=0.75|B=2|eps=0|cf538942-d2b2-427e-876d-3ee26c12f82b/ already exists.
./circuit_plots/Unrestricted Disentangled|Readout|CN=3|B0=0|B1=2|K=1280|L=320|p_B=0.75|p_C=0.75|B=2|eps=0|cf538942-d2b2-427e-876d-3ee26c12f82b/ already exists.
./circuit_plots/Unrestricted Disentangled|Readout|CN=3|B0=0|B1=2|K=1280|L=320|p_B=0.75|p_C=0.75|B=2|eps=0|cf538942-d2b2-427e-876d-3ee26c12f82b/ already exists.
Epoch: 8000, Loss: 5.676674842834473
Test acc: 0.0541, IC acc: 0.071, IC acc2: 0.003, IW acc: 0.0022
Epoch: 8001, Loss: 5.68974494934082
Epoch: 8002, Loss: 5.674371242523193
Epoch: 8003, Loss: 5.663800239562988
Epoch: 8004, Loss: 5.673377990722656
Epoch: 8005, Loss: 5.685938835144043
Epoch: 8006, Loss: 5.655611515045166
Epoch: 8007, Loss: 5.672623157501221
Epoch: 8008, Loss: 5.687756538391113
Epoch: 8009, Loss: 5.649654388427734
Epoch: 8010, Loss: 5.684167861938477
Test acc: 0.054, IC acc: 0.0712, IC acc2: 0.003, IW acc: 0.0021
Epoch: 8011, Loss: 5.691922664642334
Epoch: 8012, Loss: 5.687121868133545
Epoch: 8013, Loss: 5.668874263763428
Epoch: 8014, Loss: 5.67863130569458
Epoch: 8015, Loss: 5.680141448974609
Epoch: 8016, Loss: 5.673828125
Epoch: 8017, Loss: 5.710758686065674
Epoch: 8018, Loss: 5.660740375518799
Epoch: 8019, Loss: 5.685111045837402
Epoch: 8020, Loss: 5.655282020568848
Test acc: 0.0542, IC acc: 0.0714, IC acc2: 0.003, IW acc: 0.0021
Epoch: 8021, Loss: 5.683218955993652
Epoch: 8022, Loss: 5.648551940917969
Epoch: 8023, Loss: 5.690316677093506
Epoch: 8024, Loss: 5.658111572265625
Epoch: 8025, Loss: 5.681114673614502
Epoch: 8026, Loss: 5.672155857086182
Epoch: 8027, Loss: 5.66831636428833
Epoch: 8028, Loss: 5.661508560180664
Epoch: 8029, Loss: 5.672198295593262
Epoch: 8030, Loss: 5.686399459838867
Test acc: 0.0547, IC acc: 0.0715, IC acc2: 0.003, IW acc: 0.0022
Epoch: 8031, Loss: 5.7034196853637695
Epoch: 8032, Loss: 5.649757385253906
Epoch: 8033, Loss: 5.668092250823975
Epoch: 8034, Loss: 5.6714277267456055
Epoch: 8035, Loss: 5.695618629455566
Epoch: 8036, Loss: 5.677253723144531
Epoch: 8037, Loss: 5.67061710357666
Epoch: 8038, Loss: 5.661586761474609
Epoch: 8039, Loss: 5.670864105224609
Epoch: 8040, Loss: 5.6581220626831055
Test acc: 0.0545, IC acc: 0.0716, IC acc2: 0.003, IW acc: 0.0022
Epoch: 8041, Loss: 5.712644100189209
Epoch: 8042, Loss: 5.684435844421387
Epoch: 8043, Loss: 5.698159694671631
Epoch: 8044, Loss: 5.649107933044434
Epoch: 8045, Loss: 5.665550708770752
Epoch: 8046, Loss: 5.674964904785156
Epoch: 8047, Loss: 5.6810455322265625
Epoch: 8048, Loss: 5.676540374755859
Epoch: 8049, Loss: 5.677558898925781
./circuit_plots/Unrestricted Disentangled|Readout|CN=3|B0=0|B1=2|K=1280|L=320|p_B=0.75|p_C=0.75|B=2|eps=0|cf538942-d2b2-427e-876d-3ee26c12f82b/ already exists.
./circuit_plots/Unrestricted Disentangled|Readout|CN=3|B0=0|B1=2|K=1280|L=320|p_B=0.75|p_C=0.75|B=2|eps=0|cf538942-d2b2-427e-876d-3ee26c12f82b/ already exists.
./circuit_plots/Unrestricted Disentangled|Readout|CN=3|B0=0|B1=2|K=1280|L=320|p_B=0.75|p_C=0.75|B=2|eps=0|cf538942-d2b2-427e-876d-3ee26c12f82b/ already exists.
./circuit_plots/Unrestricted Disentangled|Readout|CN=3|B0=0|B1=2|K=1280|L=320|p_B=0.75|p_C=0.75|B=2|eps=0|cf538942-d2b2-427e-876d-3ee26c12f82b/ already exists.
./circuit_plots/Unrestricted Disentangled|Readout|CN=3|B0=0|B1=2|K=1280|L=320|p_B=0.75|p_C=0.75|B=2|eps=0|cf538942-d2b2-427e-876d-3ee26c12f82b/ already exists.
./circuit_plots/Unrestricted Disentangled|Readout|CN=3|B0=0|B1=2|K=1280|L=320|p_B=0.75|p_C=0.75|B=2|eps=0|cf538942-d2b2-427e-876d-3ee26c12f82b/ already exists.
./circuit_plots/Unrestricted Disentangled|Readout|CN=3|B0=0|B1=2|K=1280|L=320|p_B=0.75|p_C=0.75|B=2|eps=0|cf538942-d2b2-427e-876d-3ee26c12f82b/ already exists.
Epoch: 8050, Loss: 5.695773124694824
Test acc: 0.0547, IC acc: 0.0719, IC acc2: 0.003, IW acc: 0.0021
Epoch: 8051, Loss: 5.667924880981445
Epoch: 8052, Loss: 5.648561477661133
Epoch: 8053, Loss: 5.674448013305664
Epoch: 8054, Loss: 5.649823188781738
Epoch: 8055, Loss: 5.666411876678467
Epoch: 8056, Loss: 5.669897556304932
Epoch: 8057, Loss: 5.65598201751709
Epoch: 8058, Loss: 5.701376914978027
Epoch: 8059, Loss: 5.667898178100586
Epoch: 8060, Loss: 5.674955368041992
Test acc: 0.0547, IC acc: 0.0721, IC acc2: 0.003, IW acc: 0.0021
Epoch: 8061, Loss: 5.697380542755127
Epoch: 8062, Loss: 5.659124851226807
Epoch: 8063, Loss: 5.685948371887207
Epoch: 8064, Loss: 5.6820387840271
Epoch: 8065, Loss: 5.671525478363037
Epoch: 8066, Loss: 5.712220191955566
Epoch: 8067, Loss: 5.6751017570495605
Epoch: 8068, Loss: 5.667491912841797
Epoch: 8069, Loss: 5.662222862243652
Epoch: 8070, Loss: 5.684885025024414
Test acc: 0.0546, IC acc: 0.0723, IC acc2: 0.003, IW acc: 0.0021
Epoch: 8071, Loss: 5.663547992706299
Epoch: 8072, Loss: 5.667778015136719
Epoch: 8073, Loss: 5.664597034454346
Epoch: 8074, Loss: 5.677070617675781
Epoch: 8075, Loss: 5.688911437988281
Epoch: 8076, Loss: 5.674245834350586
Epoch: 8077, Loss: 5.670440673828125
Epoch: 8078, Loss: 5.684299468994141
Epoch: 8079, Loss: 5.674181938171387
Epoch: 8080, Loss: 5.667922496795654
Test acc: 0.0547, IC acc: 0.0724, IC acc2: 0.003, IW acc: 0.0021
Epoch: 8081, Loss: 5.671993255615234
Epoch: 8082, Loss: 5.625654220581055
Epoch: 8083, Loss: 5.668943881988525
Epoch: 8084, Loss: 5.678986549377441
Epoch: 8085, Loss: 5.665724277496338
Epoch: 8086, Loss: 5.664092540740967
Epoch: 8087, Loss: 5.67307186126709
Epoch: 8088, Loss: 5.6791534423828125
Epoch: 8089, Loss: 5.670446872711182
Epoch: 8090, Loss: 5.675535202026367
Test acc: 0.0549, IC acc: 0.0726, IC acc2: 0.003, IW acc: 0.0021
Epoch: 8091, Loss: 5.654796123504639
Epoch: 8092, Loss: 5.6721038818359375
Epoch: 8093, Loss: 5.676031589508057
Epoch: 8094, Loss: 5.658692359924316
Epoch: 8095, Loss: 5.664007186889648
Epoch: 8096, Loss: 5.671816825866699
Epoch: 8097, Loss: 5.65463924407959
Epoch: 8098, Loss: 5.666460990905762
Epoch: 8099, Loss: 5.6635847091674805
./circuit_plots/Unrestricted Disentangled|Readout|CN=3|B0=0|B1=2|K=1280|L=320|p_B=0.75|p_C=0.75|B=2|eps=0|cf538942-d2b2-427e-876d-3ee26c12f82b/ already exists.
./circuit_plots/Unrestricted Disentangled|Readout|CN=3|B0=0|B1=2|K=1280|L=320|p_B=0.75|p_C=0.75|B=2|eps=0|cf538942-d2b2-427e-876d-3ee26c12f82b/ already exists.
./circuit_plots/Unrestricted Disentangled|Readout|CN=3|B0=0|B1=2|K=1280|L=320|p_B=0.75|p_C=0.75|B=2|eps=0|cf538942-d2b2-427e-876d-3ee26c12f82b/ already exists.
./circuit_plots/Unrestricted Disentangled|Readout|CN=3|B0=0|B1=2|K=1280|L=320|p_B=0.75|p_C=0.75|B=2|eps=0|cf538942-d2b2-427e-876d-3ee26c12f82b/ already exists.
./circuit_plots/Unrestricted Disentangled|Readout|CN=3|B0=0|B1=2|K=1280|L=320|p_B=0.75|p_C=0.75|B=2|eps=0|cf538942-d2b2-427e-876d-3ee26c12f82b/ already exists.
./circuit_plots/Unrestricted Disentangled|Readout|CN=3|B0=0|B1=2|K=1280|L=320|p_B=0.75|p_C=0.75|B=2|eps=0|cf538942-d2b2-427e-876d-3ee26c12f82b/ already exists.
./circuit_plots/Unrestricted Disentangled|Readout|CN=3|B0=0|B1=2|K=1280|L=320|p_B=0.75|p_C=0.75|B=2|eps=0|cf538942-d2b2-427e-876d-3ee26c12f82b/ already exists.
Epoch: 8100, Loss: 5.667145252227783
Test acc: 0.0549, IC acc: 0.0725, IC acc2: 0.0029, IW acc: 0.002
Epoch: 8101, Loss: 5.6571760177612305
Epoch: 8102, Loss: 5.683304786682129
Epoch: 8103, Loss: 5.677002906799316
Epoch: 8104, Loss: 5.660335540771484
Epoch: 8105, Loss: 5.689019203186035
Epoch: 8106, Loss: 5.654164791107178
Epoch: 8107, Loss: 5.662127494812012
Epoch: 8108, Loss: 5.678094863891602
Epoch: 8109, Loss: 5.6680755615234375
Epoch: 8110, Loss: 5.675969123840332
Test acc: 0.0551, IC acc: 0.0724, IC acc2: 0.0028, IW acc: 0.002
Epoch: 8111, Loss: 5.668333053588867
Epoch: 8112, Loss: 5.659302711486816
Epoch: 8113, Loss: 5.66446590423584
Epoch: 8114, Loss: 5.670719623565674
Epoch: 8115, Loss: 5.688460826873779
Epoch: 8116, Loss: 5.664485454559326
Epoch: 8117, Loss: 5.678645610809326
Epoch: 8118, Loss: 5.659302711486816
Epoch: 8119, Loss: 5.650952339172363
Epoch: 8120, Loss: 5.671889305114746
Test acc: 0.0552, IC acc: 0.0728, IC acc2: 0.0029, IW acc: 0.002
Epoch: 8121, Loss: 5.6853132247924805
Epoch: 8122, Loss: 5.657436370849609
Epoch: 8123, Loss: 5.678192138671875
Epoch: 8124, Loss: 5.6688055992126465
Epoch: 8125, Loss: 5.66252326965332
Epoch: 8126, Loss: 5.669010162353516
Epoch: 8127, Loss: 5.668890953063965
Epoch: 8128, Loss: 5.660433292388916
Epoch: 8129, Loss: 5.653590202331543
Epoch: 8130, Loss: 5.671260833740234
Test acc: 0.0551, IC acc: 0.0727, IC acc2: 0.0029, IW acc: 0.002
Epoch: 8131, Loss: 5.692765235900879
Epoch: 8132, Loss: 5.672178745269775
Epoch: 8133, Loss: 5.6651930809021
Epoch: 8134, Loss: 5.656303405761719
Epoch: 8135, Loss: 5.679703235626221
Epoch: 8136, Loss: 5.68062162399292
Epoch: 8137, Loss: 5.677387237548828
Epoch: 8138, Loss: 5.675485610961914
Epoch: 8139, Loss: 5.6732306480407715
Epoch: 8140, Loss: 5.672098636627197
Test acc: 0.0552, IC acc: 0.0728, IC acc2: 0.0029, IW acc: 0.002
Epoch: 8141, Loss: 5.680543422698975
Epoch: 8142, Loss: 5.666620254516602
Epoch: 8143, Loss: 5.664425373077393
Epoch: 8144, Loss: 5.6898908615112305
Epoch: 8145, Loss: 5.678763389587402
Epoch: 8146, Loss: 5.655872344970703
Epoch: 8147, Loss: 5.673539638519287
Epoch: 8148, Loss: 5.6584858894348145
Epoch: 8149, Loss: 5.661442756652832
./circuit_plots/Unrestricted Disentangled|Readout|CN=3|B0=0|B1=2|K=1280|L=320|p_B=0.75|p_C=0.75|B=2|eps=0|cf538942-d2b2-427e-876d-3ee26c12f82b/ already exists.
./circuit_plots/Unrestricted Disentangled|Readout|CN=3|B0=0|B1=2|K=1280|L=320|p_B=0.75|p_C=0.75|B=2|eps=0|cf538942-d2b2-427e-876d-3ee26c12f82b/ already exists.
./circuit_plots/Unrestricted Disentangled|Readout|CN=3|B0=0|B1=2|K=1280|L=320|p_B=0.75|p_C=0.75|B=2|eps=0|cf538942-d2b2-427e-876d-3ee26c12f82b/ already exists.
./circuit_plots/Unrestricted Disentangled|Readout|CN=3|B0=0|B1=2|K=1280|L=320|p_B=0.75|p_C=0.75|B=2|eps=0|cf538942-d2b2-427e-876d-3ee26c12f82b/ already exists.
./circuit_plots/Unrestricted Disentangled|Readout|CN=3|B0=0|B1=2|K=1280|L=320|p_B=0.75|p_C=0.75|B=2|eps=0|cf538942-d2b2-427e-876d-3ee26c12f82b/ already exists.
./circuit_plots/Unrestricted Disentangled|Readout|CN=3|B0=0|B1=2|K=1280|L=320|p_B=0.75|p_C=0.75|B=2|eps=0|cf538942-d2b2-427e-876d-3ee26c12f82b/ already exists.
./circuit_plots/Unrestricted Disentangled|Readout|CN=3|B0=0|B1=2|K=1280|L=320|p_B=0.75|p_C=0.75|B=2|eps=0|cf538942-d2b2-427e-876d-3ee26c12f82b/ already exists.
Epoch: 8150, Loss: 5.664730072021484
Test acc: 0.0553, IC acc: 0.073, IC acc2: 0.0029, IW acc: 0.002
Epoch: 8151, Loss: 5.683614253997803
Epoch: 8152, Loss: 5.677422046661377
Epoch: 8153, Loss: 5.670588493347168
Epoch: 8154, Loss: 5.654701232910156
Epoch: 8155, Loss: 5.68165397644043
Epoch: 8156, Loss: 5.670153617858887
Epoch: 8157, Loss: 5.67579460144043
Epoch: 8158, Loss: 5.657649993896484
Epoch: 8159, Loss: 5.664412975311279
Epoch: 8160, Loss: 5.676116943359375
Test acc: 0.0552, IC acc: 0.0732, IC acc2: 0.0029, IW acc: 0.002
Epoch: 8161, Loss: 5.6645002365112305
Epoch: 8162, Loss: 5.675265312194824
Epoch: 8163, Loss: 5.672287940979004
Epoch: 8164, Loss: 5.673960208892822
Epoch: 8165, Loss: 5.668038368225098
Epoch: 8166, Loss: 5.683534622192383
Epoch: 8167, Loss: 5.667266845703125
Epoch: 8168, Loss: 5.65962028503418
Epoch: 8169, Loss: 5.657371520996094
Epoch: 8170, Loss: 5.68150520324707
Test acc: 0.0553, IC acc: 0.0735, IC acc2: 0.0029, IW acc: 0.002
Epoch: 8171, Loss: 5.664860725402832
Epoch: 8172, Loss: 5.675213813781738
Epoch: 8173, Loss: 5.690337657928467
Epoch: 8174, Loss: 5.666479110717773
Epoch: 8175, Loss: 5.651612281799316
Epoch: 8176, Loss: 5.695931911468506
Epoch: 8177, Loss: 5.6751227378845215
Epoch: 8178, Loss: 5.678675651550293
Epoch: 8179, Loss: 5.655227184295654
Epoch: 8180, Loss: 5.66754150390625
Test acc: 0.0554, IC acc: 0.0736, IC acc2: 0.0029, IW acc: 0.002
Epoch: 8181, Loss: 5.667146682739258
Epoch: 8182, Loss: 5.669726371765137
Epoch: 8183, Loss: 5.681238174438477
Epoch: 8184, Loss: 5.680306911468506
Epoch: 8185, Loss: 5.667019367218018
Epoch: 8186, Loss: 5.675848960876465
Epoch: 8187, Loss: 5.6589155197143555
Epoch: 8188, Loss: 5.6712541580200195
Epoch: 8189, Loss: 5.677515983581543
Epoch: 8190, Loss: 5.653448581695557
Test acc: 0.0554, IC acc: 0.074, IC acc2: 0.0029, IW acc: 0.002
Epoch: 8191, Loss: 5.672999382019043
Epoch: 8192, Loss: 5.670327186584473
Epoch: 8193, Loss: 5.657444953918457
Epoch: 8194, Loss: 5.661818504333496
Epoch: 8195, Loss: 5.695121765136719
Epoch: 8196, Loss: 5.666708469390869
Epoch: 8197, Loss: 5.687691688537598
Epoch: 8198, Loss: 5.68525505065918
Epoch: 8199, Loss: 5.674485206604004
./circuit_plots/Unrestricted Disentangled|Readout|CN=3|B0=0|B1=2|K=1280|L=320|p_B=0.75|p_C=0.75|B=2|eps=0|cf538942-d2b2-427e-876d-3ee26c12f82b/ already exists.
./circuit_plots/Unrestricted Disentangled|Readout|CN=3|B0=0|B1=2|K=1280|L=320|p_B=0.75|p_C=0.75|B=2|eps=0|cf538942-d2b2-427e-876d-3ee26c12f82b/ already exists.
./circuit_plots/Unrestricted Disentangled|Readout|CN=3|B0=0|B1=2|K=1280|L=320|p_B=0.75|p_C=0.75|B=2|eps=0|cf538942-d2b2-427e-876d-3ee26c12f82b/ already exists.
./circuit_plots/Unrestricted Disentangled|Readout|CN=3|B0=0|B1=2|K=1280|L=320|p_B=0.75|p_C=0.75|B=2|eps=0|cf538942-d2b2-427e-876d-3ee26c12f82b/ already exists.
./circuit_plots/Unrestricted Disentangled|Readout|CN=3|B0=0|B1=2|K=1280|L=320|p_B=0.75|p_C=0.75|B=2|eps=0|cf538942-d2b2-427e-876d-3ee26c12f82b/ already exists.
./circuit_plots/Unrestricted Disentangled|Readout|CN=3|B0=0|B1=2|K=1280|L=320|p_B=0.75|p_C=0.75|B=2|eps=0|cf538942-d2b2-427e-876d-3ee26c12f82b/ already exists.
./circuit_plots/Unrestricted Disentangled|Readout|CN=3|B0=0|B1=2|K=1280|L=320|p_B=0.75|p_C=0.75|B=2|eps=0|cf538942-d2b2-427e-876d-3ee26c12f82b/ already exists.
Epoch: 8200, Loss: 5.686175346374512
Test acc: 0.0556, IC acc: 0.0741, IC acc2: 0.0029, IW acc: 0.002
Epoch: 8201, Loss: 5.660148620605469
Epoch: 8202, Loss: 5.658351898193359
Epoch: 8203, Loss: 5.676284313201904
Epoch: 8204, Loss: 5.6579694747924805
Epoch: 8205, Loss: 5.662311553955078
Epoch: 8206, Loss: 5.670437812805176
Epoch: 8207, Loss: 5.687238693237305
Epoch: 8208, Loss: 5.675629138946533
Epoch: 8209, Loss: 5.668179035186768
Epoch: 8210, Loss: 5.657967567443848
Test acc: 0.0558, IC acc: 0.0743, IC acc2: 0.0029, IW acc: 0.002
Epoch: 8211, Loss: 5.661499500274658
Epoch: 8212, Loss: 5.6709465980529785
Epoch: 8213, Loss: 5.669721603393555
Epoch: 8214, Loss: 5.664909839630127
Epoch: 8215, Loss: 5.664078712463379
Epoch: 8216, Loss: 5.678267478942871
Epoch: 8217, Loss: 5.666337966918945
Epoch: 8218, Loss: 5.652213096618652
Epoch: 8219, Loss: 5.680326461791992
Epoch: 8220, Loss: 5.6391377449035645
Test acc: 0.0556, IC acc: 0.0748, IC acc2: 0.0029, IW acc: 0.002
Epoch: 8221, Loss: 5.661050796508789
Epoch: 8222, Loss: 5.657044410705566
Epoch: 8223, Loss: 5.643465042114258
Epoch: 8224, Loss: 5.680898666381836
Epoch: 8225, Loss: 5.660146236419678
Epoch: 8226, Loss: 5.649235725402832
Epoch: 8227, Loss: 5.648874282836914
Epoch: 8228, Loss: 5.668507099151611
Epoch: 8229, Loss: 5.656601428985596
Epoch: 8230, Loss: 5.6660661697387695
Test acc: 0.056, IC acc: 0.0747, IC acc2: 0.0028, IW acc: 0.002
Epoch: 8231, Loss: 5.666475296020508
Epoch: 8232, Loss: 5.687045097351074
Epoch: 8233, Loss: 5.681516170501709
Epoch: 8234, Loss: 5.660360336303711
Epoch: 8235, Loss: 5.645587921142578
Epoch: 8236, Loss: 5.654219627380371
Epoch: 8237, Loss: 5.6570024490356445
Epoch: 8238, Loss: 5.685781002044678
Epoch: 8239, Loss: 5.6713972091674805
Epoch: 8240, Loss: 5.6636576652526855
Test acc: 0.0559, IC acc: 0.0751, IC acc2: 0.0029, IW acc: 0.002
Epoch: 8241, Loss: 5.686800956726074
Epoch: 8242, Loss: 5.657313346862793
Epoch: 8243, Loss: 5.662842273712158
Epoch: 8244, Loss: 5.682729244232178
Epoch: 8245, Loss: 5.633871555328369
Epoch: 8246, Loss: 5.674744129180908
Epoch: 8247, Loss: 5.66250467300415
Epoch: 8248, Loss: 5.665261268615723
Epoch: 8249, Loss: 5.672342300415039
./circuit_plots/Unrestricted Disentangled|Readout|CN=3|B0=0|B1=2|K=1280|L=320|p_B=0.75|p_C=0.75|B=2|eps=0|cf538942-d2b2-427e-876d-3ee26c12f82b/ already exists.
./circuit_plots/Unrestricted Disentangled|Readout|CN=3|B0=0|B1=2|K=1280|L=320|p_B=0.75|p_C=0.75|B=2|eps=0|cf538942-d2b2-427e-876d-3ee26c12f82b/ already exists.
./circuit_plots/Unrestricted Disentangled|Readout|CN=3|B0=0|B1=2|K=1280|L=320|p_B=0.75|p_C=0.75|B=2|eps=0|cf538942-d2b2-427e-876d-3ee26c12f82b/ already exists.
./circuit_plots/Unrestricted Disentangled|Readout|CN=3|B0=0|B1=2|K=1280|L=320|p_B=0.75|p_C=0.75|B=2|eps=0|cf538942-d2b2-427e-876d-3ee26c12f82b/ already exists.
./circuit_plots/Unrestricted Disentangled|Readout|CN=3|B0=0|B1=2|K=1280|L=320|p_B=0.75|p_C=0.75|B=2|eps=0|cf538942-d2b2-427e-876d-3ee26c12f82b/ already exists.
./circuit_plots/Unrestricted Disentangled|Readout|CN=3|B0=0|B1=2|K=1280|L=320|p_B=0.75|p_C=0.75|B=2|eps=0|cf538942-d2b2-427e-876d-3ee26c12f82b/ already exists.
./circuit_plots/Unrestricted Disentangled|Readout|CN=3|B0=0|B1=2|K=1280|L=320|p_B=0.75|p_C=0.75|B=2|eps=0|cf538942-d2b2-427e-876d-3ee26c12f82b/ already exists.
Epoch: 8250, Loss: 5.649459362030029
Test acc: 0.0561, IC acc: 0.0748, IC acc2: 0.0029, IW acc: 0.002
Epoch: 8251, Loss: 5.682344436645508
Epoch: 8252, Loss: 5.672361373901367
Epoch: 8253, Loss: 5.678016662597656
Epoch: 8254, Loss: 5.68853759765625
Epoch: 8255, Loss: 5.678868293762207
Epoch: 8256, Loss: 5.665621757507324
Epoch: 8257, Loss: 5.667978286743164
Epoch: 8258, Loss: 5.6458330154418945
Epoch: 8259, Loss: 5.679403781890869
Epoch: 8260, Loss: 5.683084964752197
Test acc: 0.0562, IC acc: 0.0752, IC acc2: 0.0029, IW acc: 0.002
Epoch: 8261, Loss: 5.651449203491211
Epoch: 8262, Loss: 5.657467842102051
Epoch: 8263, Loss: 5.677002906799316
Epoch: 8264, Loss: 5.668374061584473
Epoch: 8265, Loss: 5.671597003936768
Epoch: 8266, Loss: 5.657681941986084
Epoch: 8267, Loss: 5.67664909362793
Epoch: 8268, Loss: 5.663354396820068
Epoch: 8269, Loss: 5.653321266174316
Epoch: 8270, Loss: 5.667440414428711
Test acc: 0.0564, IC acc: 0.0752, IC acc2: 0.0029, IW acc: 0.002
Epoch: 8271, Loss: 5.696168422698975
Epoch: 8272, Loss: 5.664395809173584
Epoch: 8273, Loss: 5.663588523864746
Epoch: 8274, Loss: 5.672835350036621
Epoch: 8275, Loss: 5.6673760414123535
Epoch: 8276, Loss: 5.653735160827637
Epoch: 8277, Loss: 5.683903694152832
Epoch: 8278, Loss: 5.661702632904053
Epoch: 8279, Loss: 5.6311845779418945
Epoch: 8280, Loss: 5.668982028961182
Test acc: 0.0562, IC acc: 0.0755, IC acc2: 0.0028, IW acc: 0.002
Epoch: 8281, Loss: 5.676836013793945
Epoch: 8282, Loss: 5.676675319671631
Epoch: 8283, Loss: 5.679633140563965
Epoch: 8284, Loss: 5.6802520751953125
Epoch: 8285, Loss: 5.680710792541504
Epoch: 8286, Loss: 5.662353992462158
Epoch: 8287, Loss: 5.649392127990723
Epoch: 8288, Loss: 5.6821489334106445
Epoch: 8289, Loss: 5.662056922912598
Epoch: 8290, Loss: 5.678444862365723
Test acc: 0.0565, IC acc: 0.0759, IC acc2: 0.0028, IW acc: 0.002
Epoch: 8291, Loss: 5.650465965270996
Epoch: 8292, Loss: 5.675686836242676
Epoch: 8293, Loss: 5.666393756866455
Epoch: 8294, Loss: 5.657219409942627
Epoch: 8295, Loss: 5.6602349281311035
Epoch: 8296, Loss: 5.660320281982422
Epoch: 8297, Loss: 5.646249294281006
Epoch: 8298, Loss: 5.6753830909729
Epoch: 8299, Loss: 5.648390769958496
./circuit_plots/Unrestricted Disentangled|Readout|CN=3|B0=0|B1=2|K=1280|L=320|p_B=0.75|p_C=0.75|B=2|eps=0|cf538942-d2b2-427e-876d-3ee26c12f82b/ already exists.
./circuit_plots/Unrestricted Disentangled|Readout|CN=3|B0=0|B1=2|K=1280|L=320|p_B=0.75|p_C=0.75|B=2|eps=0|cf538942-d2b2-427e-876d-3ee26c12f82b/ already exists.
./circuit_plots/Unrestricted Disentangled|Readout|CN=3|B0=0|B1=2|K=1280|L=320|p_B=0.75|p_C=0.75|B=2|eps=0|cf538942-d2b2-427e-876d-3ee26c12f82b/ already exists.
./circuit_plots/Unrestricted Disentangled|Readout|CN=3|B0=0|B1=2|K=1280|L=320|p_B=0.75|p_C=0.75|B=2|eps=0|cf538942-d2b2-427e-876d-3ee26c12f82b/ already exists.
./circuit_plots/Unrestricted Disentangled|Readout|CN=3|B0=0|B1=2|K=1280|L=320|p_B=0.75|p_C=0.75|B=2|eps=0|cf538942-d2b2-427e-876d-3ee26c12f82b/ already exists.
./circuit_plots/Unrestricted Disentangled|Readout|CN=3|B0=0|B1=2|K=1280|L=320|p_B=0.75|p_C=0.75|B=2|eps=0|cf538942-d2b2-427e-876d-3ee26c12f82b/ already exists.
./circuit_plots/Unrestricted Disentangled|Readout|CN=3|B0=0|B1=2|K=1280|L=320|p_B=0.75|p_C=0.75|B=2|eps=0|cf538942-d2b2-427e-876d-3ee26c12f82b/ already exists.
Epoch: 8300, Loss: 5.67739200592041
Test acc: 0.0568, IC acc: 0.0762, IC acc2: 0.0028, IW acc: 0.002
Epoch: 8301, Loss: 5.672151565551758
Epoch: 8302, Loss: 5.655059814453125
Epoch: 8303, Loss: 5.689309120178223
Epoch: 8304, Loss: 5.637320518493652
Epoch: 8305, Loss: 5.665639877319336
Epoch: 8306, Loss: 5.657893180847168
Epoch: 8307, Loss: 5.674563407897949
Epoch: 8308, Loss: 5.650233745574951
Epoch: 8309, Loss: 5.658803939819336
Epoch: 8310, Loss: 5.676555156707764
Test acc: 0.0568, IC acc: 0.076, IC acc2: 0.0028, IW acc: 0.002
Epoch: 8311, Loss: 5.668329238891602
Epoch: 8312, Loss: 5.651352405548096
Epoch: 8313, Loss: 5.681636810302734
Epoch: 8314, Loss: 5.679450035095215
Epoch: 8315, Loss: 5.679293632507324
Epoch: 8316, Loss: 5.654163360595703
Epoch: 8317, Loss: 5.660574436187744
Epoch: 8318, Loss: 5.673633098602295
Epoch: 8319, Loss: 5.662685394287109
Epoch: 8320, Loss: 5.663399696350098
Test acc: 0.0571, IC acc: 0.0762, IC acc2: 0.0028, IW acc: 0.002
Epoch: 8321, Loss: 5.687188625335693
Epoch: 8322, Loss: 5.679126262664795
Epoch: 8323, Loss: 5.672120571136475
Epoch: 8324, Loss: 5.6660566329956055
Epoch: 8325, Loss: 5.671181678771973
Epoch: 8326, Loss: 5.669551849365234
Epoch: 8327, Loss: 5.657977104187012
Epoch: 8328, Loss: 5.664103984832764
Epoch: 8329, Loss: 5.6693315505981445
Epoch: 8330, Loss: 5.671613693237305
Test acc: 0.0574, IC acc: 0.0764, IC acc2: 0.0028, IW acc: 0.002
Epoch: 8331, Loss: 5.656318187713623
Epoch: 8332, Loss: 5.669877052307129
Epoch: 8333, Loss: 5.657265663146973
Epoch: 8334, Loss: 5.67784309387207
Epoch: 8335, Loss: 5.645295143127441
Epoch: 8336, Loss: 5.677487373352051
Epoch: 8337, Loss: 5.671064376831055
Epoch: 8338, Loss: 5.6556477546691895
Epoch: 8339, Loss: 5.6737518310546875
Epoch: 8340, Loss: 5.6638078689575195
Test acc: 0.057, IC acc: 0.0763, IC acc2: 0.0028, IW acc: 0.002
Epoch: 8341, Loss: 5.671651840209961
Epoch: 8342, Loss: 5.664427757263184
Epoch: 8343, Loss: 5.6714911460876465
Epoch: 8344, Loss: 5.66701078414917
Epoch: 8345, Loss: 5.6410017013549805
Epoch: 8346, Loss: 5.662652015686035
Epoch: 8347, Loss: 5.654107570648193
Epoch: 8348, Loss: 5.6664323806762695
Epoch: 8349, Loss: 5.654359340667725
./circuit_plots/Unrestricted Disentangled|Readout|CN=3|B0=0|B1=2|K=1280|L=320|p_B=0.75|p_C=0.75|B=2|eps=0|cf538942-d2b2-427e-876d-3ee26c12f82b/ already exists.
./circuit_plots/Unrestricted Disentangled|Readout|CN=3|B0=0|B1=2|K=1280|L=320|p_B=0.75|p_C=0.75|B=2|eps=0|cf538942-d2b2-427e-876d-3ee26c12f82b/ already exists.
./circuit_plots/Unrestricted Disentangled|Readout|CN=3|B0=0|B1=2|K=1280|L=320|p_B=0.75|p_C=0.75|B=2|eps=0|cf538942-d2b2-427e-876d-3ee26c12f82b/ already exists.
./circuit_plots/Unrestricted Disentangled|Readout|CN=3|B0=0|B1=2|K=1280|L=320|p_B=0.75|p_C=0.75|B=2|eps=0|cf538942-d2b2-427e-876d-3ee26c12f82b/ already exists.
./circuit_plots/Unrestricted Disentangled|Readout|CN=3|B0=0|B1=2|K=1280|L=320|p_B=0.75|p_C=0.75|B=2|eps=0|cf538942-d2b2-427e-876d-3ee26c12f82b/ already exists.
./circuit_plots/Unrestricted Disentangled|Readout|CN=3|B0=0|B1=2|K=1280|L=320|p_B=0.75|p_C=0.75|B=2|eps=0|cf538942-d2b2-427e-876d-3ee26c12f82b/ already exists.
./circuit_plots/Unrestricted Disentangled|Readout|CN=3|B0=0|B1=2|K=1280|L=320|p_B=0.75|p_C=0.75|B=2|eps=0|cf538942-d2b2-427e-876d-3ee26c12f82b/ already exists.
Epoch: 8350, Loss: 5.671998977661133
Test acc: 0.0576, IC acc: 0.0765, IC acc2: 0.0028, IW acc: 0.002
Epoch: 8351, Loss: 5.662387847900391
Epoch: 8352, Loss: 5.648770332336426
Epoch: 8353, Loss: 5.6732892990112305
Epoch: 8354, Loss: 5.657666206359863
Epoch: 8355, Loss: 5.675662040710449
Epoch: 8356, Loss: 5.668179035186768
Epoch: 8357, Loss: 5.670080184936523
Epoch: 8358, Loss: 5.672956943511963
Epoch: 8359, Loss: 5.700716972351074
Epoch: 8360, Loss: 5.674539566040039
Test acc: 0.0578, IC acc: 0.0765, IC acc2: 0.0028, IW acc: 0.002
Epoch: 8361, Loss: 5.664510726928711
Epoch: 8362, Loss: 5.6815104484558105
Epoch: 8363, Loss: 5.663596153259277
Epoch: 8364, Loss: 5.670519828796387
Epoch: 8365, Loss: 5.677951335906982
Epoch: 8366, Loss: 5.676504135131836
Epoch: 8367, Loss: 5.667379379272461
Epoch: 8368, Loss: 5.665739059448242
Epoch: 8369, Loss: 5.654842376708984
Epoch: 8370, Loss: 5.680413246154785
Test acc: 0.0578, IC acc: 0.0767, IC acc2: 0.0028, IW acc: 0.002
Epoch: 8371, Loss: 5.663158416748047
Epoch: 8372, Loss: 5.675248146057129
Epoch: 8373, Loss: 5.645997047424316
Epoch: 8374, Loss: 5.659599304199219
Epoch: 8375, Loss: 5.6759443283081055
Epoch: 8376, Loss: 5.668464660644531
Epoch: 8377, Loss: 5.644906997680664
Epoch: 8378, Loss: 5.652549743652344
Epoch: 8379, Loss: 5.679605007171631
Epoch: 8380, Loss: 5.686378479003906
Test acc: 0.0579, IC acc: 0.0769, IC acc2: 0.0027, IW acc: 0.002
Epoch: 8381, Loss: 5.667647361755371
Epoch: 8382, Loss: 5.681137561798096
Epoch: 8383, Loss: 5.686744689941406
Epoch: 8384, Loss: 5.668878555297852
Epoch: 8385, Loss: 5.660656929016113
Epoch: 8386, Loss: 5.678084850311279
Epoch: 8387, Loss: 5.686011791229248
Epoch: 8388, Loss: 5.674905776977539
Epoch: 8389, Loss: 5.665147304534912
Epoch: 8390, Loss: 5.675106525421143
Test acc: 0.0579, IC acc: 0.0771, IC acc2: 0.0027, IW acc: 0.0019
Epoch: 8391, Loss: 5.680891990661621
Epoch: 8392, Loss: 5.6749162673950195
Epoch: 8393, Loss: 5.693321228027344
Epoch: 8394, Loss: 5.653596878051758
Epoch: 8395, Loss: 5.670907974243164
Epoch: 8396, Loss: 5.657917022705078
Epoch: 8397, Loss: 5.6741132736206055
Epoch: 8398, Loss: 5.652915000915527
Epoch: 8399, Loss: 5.657286643981934
./circuit_plots/Unrestricted Disentangled|Readout|CN=3|B0=0|B1=2|K=1280|L=320|p_B=0.75|p_C=0.75|B=2|eps=0|cf538942-d2b2-427e-876d-3ee26c12f82b/ already exists.
./circuit_plots/Unrestricted Disentangled|Readout|CN=3|B0=0|B1=2|K=1280|L=320|p_B=0.75|p_C=0.75|B=2|eps=0|cf538942-d2b2-427e-876d-3ee26c12f82b/ already exists.
./circuit_plots/Unrestricted Disentangled|Readout|CN=3|B0=0|B1=2|K=1280|L=320|p_B=0.75|p_C=0.75|B=2|eps=0|cf538942-d2b2-427e-876d-3ee26c12f82b/ already exists.
./circuit_plots/Unrestricted Disentangled|Readout|CN=3|B0=0|B1=2|K=1280|L=320|p_B=0.75|p_C=0.75|B=2|eps=0|cf538942-d2b2-427e-876d-3ee26c12f82b/ already exists.
./circuit_plots/Unrestricted Disentangled|Readout|CN=3|B0=0|B1=2|K=1280|L=320|p_B=0.75|p_C=0.75|B=2|eps=0|cf538942-d2b2-427e-876d-3ee26c12f82b/ already exists.
./circuit_plots/Unrestricted Disentangled|Readout|CN=3|B0=0|B1=2|K=1280|L=320|p_B=0.75|p_C=0.75|B=2|eps=0|cf538942-d2b2-427e-876d-3ee26c12f82b/ already exists.
./circuit_plots/Unrestricted Disentangled|Readout|CN=3|B0=0|B1=2|K=1280|L=320|p_B=0.75|p_C=0.75|B=2|eps=0|cf538942-d2b2-427e-876d-3ee26c12f82b/ already exists.
Epoch: 8400, Loss: 5.676052093505859
Test acc: 0.0583, IC acc: 0.0774, IC acc2: 0.0028, IW acc: 0.0019
Epoch: 8401, Loss: 5.663998603820801
Epoch: 8402, Loss: 5.668557643890381
Epoch: 8403, Loss: 5.6623125076293945
Epoch: 8404, Loss: 5.654054641723633
Epoch: 8405, Loss: 5.666719436645508
Epoch: 8406, Loss: 5.664668083190918
Epoch: 8407, Loss: 5.662107467651367
Epoch: 8408, Loss: 5.683451175689697
Epoch: 8409, Loss: 5.6380205154418945
Epoch: 8410, Loss: 5.680488109588623
Test acc: 0.0582, IC acc: 0.0774, IC acc2: 0.0027, IW acc: 0.0019
Epoch: 8411, Loss: 5.647984027862549
Epoch: 8412, Loss: 5.668795585632324
Epoch: 8413, Loss: 5.662997722625732
Epoch: 8414, Loss: 5.631885051727295
Epoch: 8415, Loss: 5.67340087890625
Epoch: 8416, Loss: 5.670346260070801
Epoch: 8417, Loss: 5.657129764556885
Epoch: 8418, Loss: 5.659757614135742
Epoch: 8419, Loss: 5.669870376586914
Epoch: 8420, Loss: 5.670435905456543
Test acc: 0.0587, IC acc: 0.0776, IC acc2: 0.0028, IW acc: 0.0018
Epoch: 8421, Loss: 5.675094127655029
Epoch: 8422, Loss: 5.651170253753662
Epoch: 8423, Loss: 5.680140018463135
Epoch: 8424, Loss: 5.671086311340332
Epoch: 8425, Loss: 5.657861709594727
Epoch: 8426, Loss: 5.651866912841797
Epoch: 8427, Loss: 5.660447120666504
Epoch: 8428, Loss: 5.663782596588135
Epoch: 8429, Loss: 5.667287349700928
Epoch: 8430, Loss: 5.6792683601379395
Test acc: 0.0589, IC acc: 0.0775, IC acc2: 0.0028, IW acc: 0.0018
Epoch: 8431, Loss: 5.670655250549316
Epoch: 8432, Loss: 5.6746826171875
Epoch: 8433, Loss: 5.652209281921387
Epoch: 8434, Loss: 5.6644392013549805
Epoch: 8435, Loss: 5.680791854858398
Epoch: 8436, Loss: 5.682452201843262
Epoch: 8437, Loss: 5.666966438293457
Epoch: 8438, Loss: 5.659059047698975
Epoch: 8439, Loss: 5.666457176208496
Epoch: 8440, Loss: 5.637091159820557
Test acc: 0.0588, IC acc: 0.0777, IC acc2: 0.0028, IW acc: 0.0018
Epoch: 8441, Loss: 5.651865482330322
Epoch: 8442, Loss: 5.650636672973633
Epoch: 8443, Loss: 5.6590728759765625
Epoch: 8444, Loss: 5.652337074279785
Epoch: 8445, Loss: 5.6557817459106445
Epoch: 8446, Loss: 5.693683624267578
Epoch: 8447, Loss: 5.649765491485596
Epoch: 8448, Loss: 5.661772727966309
Epoch: 8449, Loss: 5.650052070617676
./circuit_plots/Unrestricted Disentangled|Readout|CN=3|B0=0|B1=2|K=1280|L=320|p_B=0.75|p_C=0.75|B=2|eps=0|cf538942-d2b2-427e-876d-3ee26c12f82b/ already exists.
./circuit_plots/Unrestricted Disentangled|Readout|CN=3|B0=0|B1=2|K=1280|L=320|p_B=0.75|p_C=0.75|B=2|eps=0|cf538942-d2b2-427e-876d-3ee26c12f82b/ already exists.
./circuit_plots/Unrestricted Disentangled|Readout|CN=3|B0=0|B1=2|K=1280|L=320|p_B=0.75|p_C=0.75|B=2|eps=0|cf538942-d2b2-427e-876d-3ee26c12f82b/ already exists.
./circuit_plots/Unrestricted Disentangled|Readout|CN=3|B0=0|B1=2|K=1280|L=320|p_B=0.75|p_C=0.75|B=2|eps=0|cf538942-d2b2-427e-876d-3ee26c12f82b/ already exists.
./circuit_plots/Unrestricted Disentangled|Readout|CN=3|B0=0|B1=2|K=1280|L=320|p_B=0.75|p_C=0.75|B=2|eps=0|cf538942-d2b2-427e-876d-3ee26c12f82b/ already exists.
./circuit_plots/Unrestricted Disentangled|Readout|CN=3|B0=0|B1=2|K=1280|L=320|p_B=0.75|p_C=0.75|B=2|eps=0|cf538942-d2b2-427e-876d-3ee26c12f82b/ already exists.
./circuit_plots/Unrestricted Disentangled|Readout|CN=3|B0=0|B1=2|K=1280|L=320|p_B=0.75|p_C=0.75|B=2|eps=0|cf538942-d2b2-427e-876d-3ee26c12f82b/ already exists.
Epoch: 8450, Loss: 5.678720951080322
Test acc: 0.0592, IC acc: 0.0775, IC acc2: 0.0027, IW acc: 0.0018
Epoch: 8451, Loss: 5.67058801651001
Epoch: 8452, Loss: 5.678928375244141
Epoch: 8453, Loss: 5.65925407409668
Epoch: 8454, Loss: 5.659927845001221
Epoch: 8455, Loss: 5.643662452697754
Epoch: 8456, Loss: 5.667278289794922
Epoch: 8457, Loss: 5.687006950378418
Epoch: 8458, Loss: 5.644798278808594
Epoch: 8459, Loss: 5.668468952178955
Epoch: 8460, Loss: 5.681067943572998
Test acc: 0.0595, IC acc: 0.0778, IC acc2: 0.0028, IW acc: 0.0018
Epoch: 8461, Loss: 5.658132553100586
Epoch: 8462, Loss: 5.676517009735107
Epoch: 8463, Loss: 5.633270263671875
Epoch: 8464, Loss: 5.671367168426514
Epoch: 8465, Loss: 5.663169860839844
Epoch: 8466, Loss: 5.690475940704346
Epoch: 8467, Loss: 5.6713409423828125
Epoch: 8468, Loss: 5.662363052368164
Epoch: 8469, Loss: 5.676573276519775
Epoch: 8470, Loss: 5.678838729858398
Test acc: 0.0595, IC acc: 0.078, IC acc2: 0.0029, IW acc: 0.0018
Epoch: 8471, Loss: 5.678956985473633
Epoch: 8472, Loss: 5.65986442565918
Epoch: 8473, Loss: 5.651638031005859
Epoch: 8474, Loss: 5.686450958251953
Epoch: 8475, Loss: 5.638604164123535
Epoch: 8476, Loss: 5.655861854553223
Epoch: 8477, Loss: 5.661654949188232
Epoch: 8478, Loss: 5.662006378173828
Epoch: 8479, Loss: 5.660468101501465
Epoch: 8480, Loss: 5.676767349243164
Test acc: 0.0594, IC acc: 0.078, IC acc2: 0.0028, IW acc: 0.0018
Epoch: 8481, Loss: 5.6488752365112305
Epoch: 8482, Loss: 5.648134231567383
Epoch: 8483, Loss: 5.6647629737854
Epoch: 8484, Loss: 5.691359519958496
Epoch: 8485, Loss: 5.6358537673950195
Epoch: 8486, Loss: 5.654277324676514
Epoch: 8487, Loss: 5.672027111053467
Epoch: 8488, Loss: 5.685492992401123
Epoch: 8489, Loss: 5.641120910644531
Epoch: 8490, Loss: 5.66347599029541
Test acc: 0.0595, IC acc: 0.0782, IC acc2: 0.0028, IW acc: 0.0018
Epoch: 8491, Loss: 5.686349391937256
Epoch: 8492, Loss: 5.683072090148926
Epoch: 8493, Loss: 5.660816192626953
Epoch: 8494, Loss: 5.670806884765625
Epoch: 8495, Loss: 5.692112445831299
Epoch: 8496, Loss: 5.67039680480957
Epoch: 8497, Loss: 5.679183006286621
Epoch: 8498, Loss: 5.643975257873535
Epoch: 8499, Loss: 5.686115264892578
./circuit_plots/Unrestricted Disentangled|Readout|CN=3|B0=0|B1=2|K=1280|L=320|p_B=0.75|p_C=0.75|B=2|eps=0|cf538942-d2b2-427e-876d-3ee26c12f82b/ already exists.
./circuit_plots/Unrestricted Disentangled|Readout|CN=3|B0=0|B1=2|K=1280|L=320|p_B=0.75|p_C=0.75|B=2|eps=0|cf538942-d2b2-427e-876d-3ee26c12f82b/ already exists.
./circuit_plots/Unrestricted Disentangled|Readout|CN=3|B0=0|B1=2|K=1280|L=320|p_B=0.75|p_C=0.75|B=2|eps=0|cf538942-d2b2-427e-876d-3ee26c12f82b/ already exists.
./circuit_plots/Unrestricted Disentangled|Readout|CN=3|B0=0|B1=2|K=1280|L=320|p_B=0.75|p_C=0.75|B=2|eps=0|cf538942-d2b2-427e-876d-3ee26c12f82b/ already exists.
./circuit_plots/Unrestricted Disentangled|Readout|CN=3|B0=0|B1=2|K=1280|L=320|p_B=0.75|p_C=0.75|B=2|eps=0|cf538942-d2b2-427e-876d-3ee26c12f82b/ already exists.
./circuit_plots/Unrestricted Disentangled|Readout|CN=3|B0=0|B1=2|K=1280|L=320|p_B=0.75|p_C=0.75|B=2|eps=0|cf538942-d2b2-427e-876d-3ee26c12f82b/ already exists.
./circuit_plots/Unrestricted Disentangled|Readout|CN=3|B0=0|B1=2|K=1280|L=320|p_B=0.75|p_C=0.75|B=2|eps=0|cf538942-d2b2-427e-876d-3ee26c12f82b/ already exists.
Epoch: 8500, Loss: 5.639980792999268
Test acc: 0.0599, IC acc: 0.0781, IC acc2: 0.0028, IW acc: 0.0019
Epoch: 8501, Loss: 5.6643218994140625
Epoch: 8502, Loss: 5.66811466217041
Epoch: 8503, Loss: 5.6442718505859375
Epoch: 8504, Loss: 5.663797855377197
Epoch: 8505, Loss: 5.674221992492676
Epoch: 8506, Loss: 5.671317100524902
Epoch: 8507, Loss: 5.66306209564209
Epoch: 8508, Loss: 5.662868499755859
Epoch: 8509, Loss: 5.674426078796387
Epoch: 8510, Loss: 5.646709442138672
Test acc: 0.06, IC acc: 0.0781, IC acc2: 0.0028, IW acc: 0.0018
Epoch: 8511, Loss: 5.668841361999512
Epoch: 8512, Loss: 5.657620429992676
Epoch: 8513, Loss: 5.680585861206055
Epoch: 8514, Loss: 5.675848484039307
Epoch: 8515, Loss: 5.666594982147217
Epoch: 8516, Loss: 5.66353702545166
Epoch: 8517, Loss: 5.682913303375244
Epoch: 8518, Loss: 5.636963844299316
Epoch: 8519, Loss: 5.682458877563477
Epoch: 8520, Loss: 5.651023864746094
Test acc: 0.0603, IC acc: 0.0782, IC acc2: 0.0029, IW acc: 0.0018
Epoch: 8521, Loss: 5.65986442565918
Epoch: 8522, Loss: 5.676314353942871
Epoch: 8523, Loss: 5.672906398773193
Epoch: 8524, Loss: 5.648835182189941
Epoch: 8525, Loss: 5.678462028503418
Epoch: 8526, Loss: 5.680780410766602
Epoch: 8527, Loss: 5.69558048248291
Epoch: 8528, Loss: 5.65295934677124
Epoch: 8529, Loss: 5.653316974639893
Epoch: 8530, Loss: 5.665280342102051
Test acc: 0.0602, IC acc: 0.0786, IC acc2: 0.0029, IW acc: 0.0018
Epoch: 8531, Loss: 5.668895721435547
Epoch: 8532, Loss: 5.657894611358643
Epoch: 8533, Loss: 5.681159496307373
Epoch: 8534, Loss: 5.667370796203613
Epoch: 8535, Loss: 5.665605545043945
Epoch: 8536, Loss: 5.66135311126709
Epoch: 8537, Loss: 5.669219017028809
Epoch: 8538, Loss: 5.658779144287109
Epoch: 8539, Loss: 5.668023109436035
Epoch: 8540, Loss: 5.675641059875488
Test acc: 0.0601, IC acc: 0.0787, IC acc2: 0.0029, IW acc: 0.0018
Epoch: 8541, Loss: 5.660994529724121
Epoch: 8542, Loss: 5.641401290893555
Epoch: 8543, Loss: 5.667654991149902
Epoch: 8544, Loss: 5.671726226806641
Epoch: 8545, Loss: 5.644284725189209
Epoch: 8546, Loss: 5.691155433654785
Epoch: 8547, Loss: 5.671310901641846
Epoch: 8548, Loss: 5.663173675537109
Epoch: 8549, Loss: 5.657440185546875
./circuit_plots/Unrestricted Disentangled|Readout|CN=3|B0=0|B1=2|K=1280|L=320|p_B=0.75|p_C=0.75|B=2|eps=0|cf538942-d2b2-427e-876d-3ee26c12f82b/ already exists.
./circuit_plots/Unrestricted Disentangled|Readout|CN=3|B0=0|B1=2|K=1280|L=320|p_B=0.75|p_C=0.75|B=2|eps=0|cf538942-d2b2-427e-876d-3ee26c12f82b/ already exists.
./circuit_plots/Unrestricted Disentangled|Readout|CN=3|B0=0|B1=2|K=1280|L=320|p_B=0.75|p_C=0.75|B=2|eps=0|cf538942-d2b2-427e-876d-3ee26c12f82b/ already exists.
./circuit_plots/Unrestricted Disentangled|Readout|CN=3|B0=0|B1=2|K=1280|L=320|p_B=0.75|p_C=0.75|B=2|eps=0|cf538942-d2b2-427e-876d-3ee26c12f82b/ already exists.
./circuit_plots/Unrestricted Disentangled|Readout|CN=3|B0=0|B1=2|K=1280|L=320|p_B=0.75|p_C=0.75|B=2|eps=0|cf538942-d2b2-427e-876d-3ee26c12f82b/ already exists.
./circuit_plots/Unrestricted Disentangled|Readout|CN=3|B0=0|B1=2|K=1280|L=320|p_B=0.75|p_C=0.75|B=2|eps=0|cf538942-d2b2-427e-876d-3ee26c12f82b/ already exists.
./circuit_plots/Unrestricted Disentangled|Readout|CN=3|B0=0|B1=2|K=1280|L=320|p_B=0.75|p_C=0.75|B=2|eps=0|cf538942-d2b2-427e-876d-3ee26c12f82b/ already exists.
Epoch: 8550, Loss: 5.657581329345703
Test acc: 0.0602, IC acc: 0.0786, IC acc2: 0.0029, IW acc: 0.0018
Epoch: 8551, Loss: 5.669835090637207
Epoch: 8552, Loss: 5.654214859008789
Epoch: 8553, Loss: 5.675748825073242
Epoch: 8554, Loss: 5.657919406890869
Epoch: 8555, Loss: 5.6680827140808105
Epoch: 8556, Loss: 5.667926788330078
Epoch: 8557, Loss: 5.6614508628845215
Epoch: 8558, Loss: 5.648192882537842
Epoch: 8559, Loss: 5.671230316162109
Epoch: 8560, Loss: 5.655107498168945
Test acc: 0.06, IC acc: 0.0788, IC acc2: 0.0029, IW acc: 0.0018
Epoch: 8561, Loss: 5.640710353851318
Epoch: 8562, Loss: 5.688985347747803
Epoch: 8563, Loss: 5.66349458694458
Epoch: 8564, Loss: 5.6665520668029785
Epoch: 8565, Loss: 5.6672515869140625
Epoch: 8566, Loss: 5.6710205078125
Epoch: 8567, Loss: 5.641009330749512
Epoch: 8568, Loss: 5.666523456573486
Epoch: 8569, Loss: 5.664375305175781
Epoch: 8570, Loss: 5.685169219970703
Test acc: 0.06, IC acc: 0.0792, IC acc2: 0.0029, IW acc: 0.0017
Epoch: 8571, Loss: 5.673837661743164
Epoch: 8572, Loss: 5.667227745056152
Epoch: 8573, Loss: 5.673266887664795
Epoch: 8574, Loss: 5.659635066986084
Epoch: 8575, Loss: 5.679564952850342
Epoch: 8576, Loss: 5.667126655578613
Epoch: 8577, Loss: 5.6749114990234375
Epoch: 8578, Loss: 5.658383369445801
Epoch: 8579, Loss: 5.667945861816406
Epoch: 8580, Loss: 5.647244930267334
Test acc: 0.0602, IC acc: 0.0791, IC acc2: 0.0029, IW acc: 0.0018
Epoch: 8581, Loss: 5.6577606201171875
Epoch: 8582, Loss: 5.648443222045898
Epoch: 8583, Loss: 5.6376824378967285
Epoch: 8584, Loss: 5.643465042114258
Epoch: 8585, Loss: 5.675680160522461
Epoch: 8586, Loss: 5.681273937225342
Epoch: 8587, Loss: 5.663736343383789
Epoch: 8588, Loss: 5.658199787139893
Epoch: 8589, Loss: 5.652654647827148
Epoch: 8590, Loss: 5.668517112731934
Test acc: 0.0604, IC acc: 0.0793, IC acc2: 0.0029, IW acc: 0.0017
Epoch: 8591, Loss: 5.654198169708252
Epoch: 8592, Loss: 5.664207458496094
Epoch: 8593, Loss: 5.655084609985352
Epoch: 8594, Loss: 5.67214298248291
Epoch: 8595, Loss: 5.686257362365723
Epoch: 8596, Loss: 5.674827575683594
Epoch: 8597, Loss: 5.66755485534668
Epoch: 8598, Loss: 5.650883197784424
Epoch: 8599, Loss: 5.661640167236328
./circuit_plots/Unrestricted Disentangled|Readout|CN=3|B0=0|B1=2|K=1280|L=320|p_B=0.75|p_C=0.75|B=2|eps=0|cf538942-d2b2-427e-876d-3ee26c12f82b/ already exists.
./circuit_plots/Unrestricted Disentangled|Readout|CN=3|B0=0|B1=2|K=1280|L=320|p_B=0.75|p_C=0.75|B=2|eps=0|cf538942-d2b2-427e-876d-3ee26c12f82b/ already exists.
./circuit_plots/Unrestricted Disentangled|Readout|CN=3|B0=0|B1=2|K=1280|L=320|p_B=0.75|p_C=0.75|B=2|eps=0|cf538942-d2b2-427e-876d-3ee26c12f82b/ already exists.
./circuit_plots/Unrestricted Disentangled|Readout|CN=3|B0=0|B1=2|K=1280|L=320|p_B=0.75|p_C=0.75|B=2|eps=0|cf538942-d2b2-427e-876d-3ee26c12f82b/ already exists.
./circuit_plots/Unrestricted Disentangled|Readout|CN=3|B0=0|B1=2|K=1280|L=320|p_B=0.75|p_C=0.75|B=2|eps=0|cf538942-d2b2-427e-876d-3ee26c12f82b/ already exists.
./circuit_plots/Unrestricted Disentangled|Readout|CN=3|B0=0|B1=2|K=1280|L=320|p_B=0.75|p_C=0.75|B=2|eps=0|cf538942-d2b2-427e-876d-3ee26c12f82b/ already exists.
./circuit_plots/Unrestricted Disentangled|Readout|CN=3|B0=0|B1=2|K=1280|L=320|p_B=0.75|p_C=0.75|B=2|eps=0|cf538942-d2b2-427e-876d-3ee26c12f82b/ already exists.
Epoch: 8600, Loss: 5.653517723083496
Test acc: 0.0606, IC acc: 0.0795, IC acc2: 0.0029, IW acc: 0.0017
Epoch: 8601, Loss: 5.659997940063477
Epoch: 8602, Loss: 5.65922737121582
Epoch: 8603, Loss: 5.666939735412598
Epoch: 8604, Loss: 5.662454605102539
Epoch: 8605, Loss: 5.645454406738281
Epoch: 8606, Loss: 5.650272369384766
Epoch: 8607, Loss: 5.655701637268066
Epoch: 8608, Loss: 5.672800064086914
Epoch: 8609, Loss: 5.6414594650268555
Epoch: 8610, Loss: 5.656543731689453
Test acc: 0.0606, IC acc: 0.0795, IC acc2: 0.0029, IW acc: 0.0017
Epoch: 8611, Loss: 5.681427955627441
Epoch: 8612, Loss: 5.663303375244141
Epoch: 8613, Loss: 5.654145240783691
Epoch: 8614, Loss: 5.660767555236816
Epoch: 8615, Loss: 5.67232608795166
Epoch: 8616, Loss: 5.661794185638428
Epoch: 8617, Loss: 5.646958351135254
Epoch: 8618, Loss: 5.681097507476807
Epoch: 8619, Loss: 5.658005714416504
Epoch: 8620, Loss: 5.67054557800293
Test acc: 0.0604, IC acc: 0.0793, IC acc2: 0.0028, IW acc: 0.0018
Epoch: 8621, Loss: 5.663238525390625
Epoch: 8622, Loss: 5.668269157409668
Epoch: 8623, Loss: 5.658269882202148
Epoch: 8624, Loss: 5.644641876220703
Epoch: 8625, Loss: 5.665769577026367
Epoch: 8626, Loss: 5.675384521484375
Epoch: 8627, Loss: 5.662334442138672
Epoch: 8628, Loss: 5.682367324829102
Epoch: 8629, Loss: 5.661711692810059
Epoch: 8630, Loss: 5.672276496887207
Test acc: 0.0607, IC acc: 0.0799, IC acc2: 0.0029, IW acc: 0.0019
Epoch: 8631, Loss: 5.673078536987305
Epoch: 8632, Loss: 5.648404121398926
Epoch: 8633, Loss: 5.661309242248535
Epoch: 8634, Loss: 5.655933380126953
Epoch: 8635, Loss: 5.6542277336120605
Epoch: 8636, Loss: 5.665428161621094
Epoch: 8637, Loss: 5.682366371154785
Epoch: 8638, Loss: 5.669496536254883
Epoch: 8639, Loss: 5.650083065032959
Epoch: 8640, Loss: 5.661623954772949
Test acc: 0.061, IC acc: 0.0799, IC acc2: 0.0028, IW acc: 0.0021
Epoch: 8641, Loss: 5.670803070068359
Epoch: 8642, Loss: 5.683205604553223
Epoch: 8643, Loss: 5.682387828826904
Epoch: 8644, Loss: 5.662740230560303
Epoch: 8645, Loss: 5.675545692443848
Epoch: 8646, Loss: 5.690251350402832
Epoch: 8647, Loss: 5.646170616149902
Epoch: 8648, Loss: 5.668508052825928
Epoch: 8649, Loss: 5.679333686828613
./circuit_plots/Unrestricted Disentangled|Readout|CN=3|B0=0|B1=2|K=1280|L=320|p_B=0.75|p_C=0.75|B=2|eps=0|cf538942-d2b2-427e-876d-3ee26c12f82b/ already exists.
./circuit_plots/Unrestricted Disentangled|Readout|CN=3|B0=0|B1=2|K=1280|L=320|p_B=0.75|p_C=0.75|B=2|eps=0|cf538942-d2b2-427e-876d-3ee26c12f82b/ already exists.
./circuit_plots/Unrestricted Disentangled|Readout|CN=3|B0=0|B1=2|K=1280|L=320|p_B=0.75|p_C=0.75|B=2|eps=0|cf538942-d2b2-427e-876d-3ee26c12f82b/ already exists.
./circuit_plots/Unrestricted Disentangled|Readout|CN=3|B0=0|B1=2|K=1280|L=320|p_B=0.75|p_C=0.75|B=2|eps=0|cf538942-d2b2-427e-876d-3ee26c12f82b/ already exists.
./circuit_plots/Unrestricted Disentangled|Readout|CN=3|B0=0|B1=2|K=1280|L=320|p_B=0.75|p_C=0.75|B=2|eps=0|cf538942-d2b2-427e-876d-3ee26c12f82b/ already exists.
./circuit_plots/Unrestricted Disentangled|Readout|CN=3|B0=0|B1=2|K=1280|L=320|p_B=0.75|p_C=0.75|B=2|eps=0|cf538942-d2b2-427e-876d-3ee26c12f82b/ already exists.
./circuit_plots/Unrestricted Disentangled|Readout|CN=3|B0=0|B1=2|K=1280|L=320|p_B=0.75|p_C=0.75|B=2|eps=0|cf538942-d2b2-427e-876d-3ee26c12f82b/ already exists.
Epoch: 8650, Loss: 5.665849685668945
Test acc: 0.061, IC acc: 0.0798, IC acc2: 0.0028, IW acc: 0.0021
Epoch: 8651, Loss: 5.685967445373535
Epoch: 8652, Loss: 5.655305862426758
Epoch: 8653, Loss: 5.678495407104492
Epoch: 8654, Loss: 5.620455741882324
Epoch: 8655, Loss: 5.664482116699219
Epoch: 8656, Loss: 5.651019096374512
Epoch: 8657, Loss: 5.672557830810547
Epoch: 8658, Loss: 5.661581516265869
Epoch: 8659, Loss: 5.669229507446289
Epoch: 8660, Loss: 5.673069953918457
Test acc: 0.0613, IC acc: 0.0804, IC acc2: 0.0028, IW acc: 0.002
Epoch: 8661, Loss: 5.652400016784668
Epoch: 8662, Loss: 5.666145324707031
Epoch: 8663, Loss: 5.660360336303711
Epoch: 8664, Loss: 5.6551666259765625
Epoch: 8665, Loss: 5.67578125
Epoch: 8666, Loss: 5.682544708251953
Epoch: 8667, Loss: 5.664066314697266
Epoch: 8668, Loss: 5.6814165115356445
Epoch: 8669, Loss: 5.659214019775391
Epoch: 8670, Loss: 5.664050102233887
Test acc: 0.0611, IC acc: 0.0806, IC acc2: 0.0029, IW acc: 0.002
Epoch: 8671, Loss: 5.676084518432617
Epoch: 8672, Loss: 5.680242538452148
Epoch: 8673, Loss: 5.653522491455078
Epoch: 8674, Loss: 5.665762901306152
Epoch: 8675, Loss: 5.689111709594727
Epoch: 8676, Loss: 5.663917541503906
Epoch: 8677, Loss: 5.649476051330566
Epoch: 8678, Loss: 5.663123607635498
Epoch: 8679, Loss: 5.670655250549316
Epoch: 8680, Loss: 5.669850826263428
Test acc: 0.0614, IC acc: 0.0808, IC acc2: 0.0029, IW acc: 0.002
Epoch: 8681, Loss: 5.667878150939941
Epoch: 8682, Loss: 5.6971235275268555
Epoch: 8683, Loss: 5.652436256408691
Epoch: 8684, Loss: 5.64735746383667
Epoch: 8685, Loss: 5.648922920227051
Epoch: 8686, Loss: 5.667901992797852
Epoch: 8687, Loss: 5.64252233505249
Epoch: 8688, Loss: 5.666820526123047
Epoch: 8689, Loss: 5.6606950759887695
Epoch: 8690, Loss: 5.662960052490234
Test acc: 0.0617, IC acc: 0.081, IC acc2: 0.0028, IW acc: 0.002
Epoch: 8691, Loss: 5.6962480545043945
Epoch: 8692, Loss: 5.668116092681885
Epoch: 8693, Loss: 5.67034387588501
Epoch: 8694, Loss: 5.690485000610352
Epoch: 8695, Loss: 5.647615909576416
Epoch: 8696, Loss: 5.6700592041015625
Epoch: 8697, Loss: 5.670525550842285
Epoch: 8698, Loss: 5.671407222747803
Epoch: 8699, Loss: 5.64808988571167
./circuit_plots/Unrestricted Disentangled|Readout|CN=3|B0=0|B1=2|K=1280|L=320|p_B=0.75|p_C=0.75|B=2|eps=0|cf538942-d2b2-427e-876d-3ee26c12f82b/ already exists.
./circuit_plots/Unrestricted Disentangled|Readout|CN=3|B0=0|B1=2|K=1280|L=320|p_B=0.75|p_C=0.75|B=2|eps=0|cf538942-d2b2-427e-876d-3ee26c12f82b/ already exists.
./circuit_plots/Unrestricted Disentangled|Readout|CN=3|B0=0|B1=2|K=1280|L=320|p_B=0.75|p_C=0.75|B=2|eps=0|cf538942-d2b2-427e-876d-3ee26c12f82b/ already exists.
./circuit_plots/Unrestricted Disentangled|Readout|CN=3|B0=0|B1=2|K=1280|L=320|p_B=0.75|p_C=0.75|B=2|eps=0|cf538942-d2b2-427e-876d-3ee26c12f82b/ already exists.
./circuit_plots/Unrestricted Disentangled|Readout|CN=3|B0=0|B1=2|K=1280|L=320|p_B=0.75|p_C=0.75|B=2|eps=0|cf538942-d2b2-427e-876d-3ee26c12f82b/ already exists.
./circuit_plots/Unrestricted Disentangled|Readout|CN=3|B0=0|B1=2|K=1280|L=320|p_B=0.75|p_C=0.75|B=2|eps=0|cf538942-d2b2-427e-876d-3ee26c12f82b/ already exists.
./circuit_plots/Unrestricted Disentangled|Readout|CN=3|B0=0|B1=2|K=1280|L=320|p_B=0.75|p_C=0.75|B=2|eps=0|cf538942-d2b2-427e-876d-3ee26c12f82b/ already exists.
Epoch: 8700, Loss: 5.660140037536621
Test acc: 0.0618, IC acc: 0.0814, IC acc2: 0.0029, IW acc: 0.0019
Epoch: 8701, Loss: 5.664886474609375
Epoch: 8702, Loss: 5.652956008911133
Epoch: 8703, Loss: 5.653556823730469
Epoch: 8704, Loss: 5.686901092529297
Epoch: 8705, Loss: 5.687373161315918
Epoch: 8706, Loss: 5.652978897094727
Epoch: 8707, Loss: 5.642948150634766
Epoch: 8708, Loss: 5.655671119689941
Epoch: 8709, Loss: 5.667654037475586
Epoch: 8710, Loss: 5.64273738861084
Test acc: 0.062, IC acc: 0.0812, IC acc2: 0.0029, IW acc: 0.0019
Epoch: 8711, Loss: 5.66928243637085
Epoch: 8712, Loss: 5.664277076721191
Epoch: 8713, Loss: 5.65667200088501
Epoch: 8714, Loss: 5.661503314971924
Epoch: 8715, Loss: 5.6449689865112305
Epoch: 8716, Loss: 5.670562744140625
Epoch: 8717, Loss: 5.681684970855713
Epoch: 8718, Loss: 5.679133415222168
Epoch: 8719, Loss: 5.669135093688965
Epoch: 8720, Loss: 5.672647476196289
Test acc: 0.0621, IC acc: 0.0817, IC acc2: 0.0029, IW acc: 0.002
Epoch: 8721, Loss: 5.679610252380371
Epoch: 8722, Loss: 5.672916412353516
Epoch: 8723, Loss: 5.650623798370361
Epoch: 8724, Loss: 5.658210754394531
Epoch: 8725, Loss: 5.658787727355957
Epoch: 8726, Loss: 5.667575359344482
Epoch: 8727, Loss: 5.652420520782471
Epoch: 8728, Loss: 5.665338039398193
Epoch: 8729, Loss: 5.660933494567871
Epoch: 8730, Loss: 5.653750419616699
Test acc: 0.0624, IC acc: 0.0818, IC acc2: 0.0029, IW acc: 0.0018
Epoch: 8731, Loss: 5.629598617553711
Epoch: 8732, Loss: 5.65279483795166
Epoch: 8733, Loss: 5.665682792663574
Epoch: 8734, Loss: 5.661984443664551
Epoch: 8735, Loss: 5.664356708526611
Epoch: 8736, Loss: 5.658198833465576
Epoch: 8737, Loss: 5.628879547119141
Epoch: 8738, Loss: 5.647707939147949
Epoch: 8739, Loss: 5.663562774658203
Epoch: 8740, Loss: 5.670262813568115
Test acc: 0.0622, IC acc: 0.0818, IC acc2: 0.0029, IW acc: 0.0018
Epoch: 8741, Loss: 5.66679573059082
Epoch: 8742, Loss: 5.670712947845459
Epoch: 8743, Loss: 5.643532752990723
Epoch: 8744, Loss: 5.690311908721924
Epoch: 8745, Loss: 5.664729118347168
Epoch: 8746, Loss: 5.650140762329102
Epoch: 8747, Loss: 5.677711486816406
Epoch: 8748, Loss: 5.66703987121582
Epoch: 8749, Loss: 5.663776397705078
./circuit_plots/Unrestricted Disentangled|Readout|CN=3|B0=0|B1=2|K=1280|L=320|p_B=0.75|p_C=0.75|B=2|eps=0|cf538942-d2b2-427e-876d-3ee26c12f82b/ already exists.
./circuit_plots/Unrestricted Disentangled|Readout|CN=3|B0=0|B1=2|K=1280|L=320|p_B=0.75|p_C=0.75|B=2|eps=0|cf538942-d2b2-427e-876d-3ee26c12f82b/ already exists.
./circuit_plots/Unrestricted Disentangled|Readout|CN=3|B0=0|B1=2|K=1280|L=320|p_B=0.75|p_C=0.75|B=2|eps=0|cf538942-d2b2-427e-876d-3ee26c12f82b/ already exists.
./circuit_plots/Unrestricted Disentangled|Readout|CN=3|B0=0|B1=2|K=1280|L=320|p_B=0.75|p_C=0.75|B=2|eps=0|cf538942-d2b2-427e-876d-3ee26c12f82b/ already exists.
./circuit_plots/Unrestricted Disentangled|Readout|CN=3|B0=0|B1=2|K=1280|L=320|p_B=0.75|p_C=0.75|B=2|eps=0|cf538942-d2b2-427e-876d-3ee26c12f82b/ already exists.
./circuit_plots/Unrestricted Disentangled|Readout|CN=3|B0=0|B1=2|K=1280|L=320|p_B=0.75|p_C=0.75|B=2|eps=0|cf538942-d2b2-427e-876d-3ee26c12f82b/ already exists.
./circuit_plots/Unrestricted Disentangled|Readout|CN=3|B0=0|B1=2|K=1280|L=320|p_B=0.75|p_C=0.75|B=2|eps=0|cf538942-d2b2-427e-876d-3ee26c12f82b/ already exists.
Epoch: 8750, Loss: 5.660866737365723
Test acc: 0.0622, IC acc: 0.0817, IC acc2: 0.0029, IW acc: 0.0019
Epoch: 8751, Loss: 5.653815746307373
Epoch: 8752, Loss: 5.678415298461914
Epoch: 8753, Loss: 5.651068687438965
Epoch: 8754, Loss: 5.668710708618164
Epoch: 8755, Loss: 5.679866790771484
Epoch: 8756, Loss: 5.653631210327148
Epoch: 8757, Loss: 5.68397855758667
Epoch: 8758, Loss: 5.663553237915039
Epoch: 8759, Loss: 5.653529167175293
Epoch: 8760, Loss: 5.656919479370117
Test acc: 0.0624, IC acc: 0.0822, IC acc2: 0.0029, IW acc: 0.0019
Epoch: 8761, Loss: 5.694737911224365
Epoch: 8762, Loss: 5.66811990737915
Epoch: 8763, Loss: 5.666977882385254
Epoch: 8764, Loss: 5.656931400299072
Epoch: 8765, Loss: 5.667056560516357
Epoch: 8766, Loss: 5.667936325073242
Epoch: 8767, Loss: 5.6610636711120605
Epoch: 8768, Loss: 5.667843818664551
Epoch: 8769, Loss: 5.655888557434082
Epoch: 8770, Loss: 5.662844181060791
Test acc: 0.0627, IC acc: 0.0825, IC acc2: 0.0029, IW acc: 0.0018
Epoch: 8771, Loss: 5.649730682373047
Epoch: 8772, Loss: 5.652358531951904
Epoch: 8773, Loss: 5.672386169433594
Epoch: 8774, Loss: 5.6574931144714355
Epoch: 8775, Loss: 5.6510844230651855
Epoch: 8776, Loss: 5.657200336456299
Epoch: 8777, Loss: 5.67648983001709
Epoch: 8778, Loss: 5.664242267608643
Epoch: 8779, Loss: 5.641656875610352
Epoch: 8780, Loss: 5.656471252441406
Test acc: 0.0626, IC acc: 0.0826, IC acc2: 0.0029, IW acc: 0.0019
Epoch: 8781, Loss: 5.656159400939941
Epoch: 8782, Loss: 5.668994903564453
Epoch: 8783, Loss: 5.639317512512207
Epoch: 8784, Loss: 5.656432151794434
Epoch: 8785, Loss: 5.6528639793396
Epoch: 8786, Loss: 5.675742149353027
Epoch: 8787, Loss: 5.658659934997559
Epoch: 8788, Loss: 5.654247283935547
Epoch: 8789, Loss: 5.661996841430664
Epoch: 8790, Loss: 5.693136215209961
Test acc: 0.0628, IC acc: 0.0828, IC acc2: 0.0028, IW acc: 0.0018
Epoch: 8791, Loss: 5.658985137939453
Epoch: 8792, Loss: 5.643318176269531
Epoch: 8793, Loss: 5.668365478515625
Epoch: 8794, Loss: 5.662568092346191
Epoch: 8795, Loss: 5.667668342590332
Epoch: 8796, Loss: 5.66847038269043
Epoch: 8797, Loss: 5.644468307495117
Epoch: 8798, Loss: 5.659456729888916
Epoch: 8799, Loss: 5.686183929443359
./circuit_plots/Unrestricted Disentangled|Readout|CN=3|B0=0|B1=2|K=1280|L=320|p_B=0.75|p_C=0.75|B=2|eps=0|cf538942-d2b2-427e-876d-3ee26c12f82b/ already exists.
./circuit_plots/Unrestricted Disentangled|Readout|CN=3|B0=0|B1=2|K=1280|L=320|p_B=0.75|p_C=0.75|B=2|eps=0|cf538942-d2b2-427e-876d-3ee26c12f82b/ already exists.
./circuit_plots/Unrestricted Disentangled|Readout|CN=3|B0=0|B1=2|K=1280|L=320|p_B=0.75|p_C=0.75|B=2|eps=0|cf538942-d2b2-427e-876d-3ee26c12f82b/ already exists.
./circuit_plots/Unrestricted Disentangled|Readout|CN=3|B0=0|B1=2|K=1280|L=320|p_B=0.75|p_C=0.75|B=2|eps=0|cf538942-d2b2-427e-876d-3ee26c12f82b/ already exists.
./circuit_plots/Unrestricted Disentangled|Readout|CN=3|B0=0|B1=2|K=1280|L=320|p_B=0.75|p_C=0.75|B=2|eps=0|cf538942-d2b2-427e-876d-3ee26c12f82b/ already exists.
./circuit_plots/Unrestricted Disentangled|Readout|CN=3|B0=0|B1=2|K=1280|L=320|p_B=0.75|p_C=0.75|B=2|eps=0|cf538942-d2b2-427e-876d-3ee26c12f82b/ already exists.
./circuit_plots/Unrestricted Disentangled|Readout|CN=3|B0=0|B1=2|K=1280|L=320|p_B=0.75|p_C=0.75|B=2|eps=0|cf538942-d2b2-427e-876d-3ee26c12f82b/ already exists.
Epoch: 8800, Loss: 5.646312713623047
Test acc: 0.0629, IC acc: 0.0827, IC acc2: 0.0028, IW acc: 0.002
Epoch: 8801, Loss: 5.647829532623291
Epoch: 8802, Loss: 5.679445743560791
Epoch: 8803, Loss: 5.663053035736084
Epoch: 8804, Loss: 5.659093856811523
Epoch: 8805, Loss: 5.688345909118652
Epoch: 8806, Loss: 5.651303291320801
Epoch: 8807, Loss: 5.676202297210693
Epoch: 8808, Loss: 5.677507400512695
Epoch: 8809, Loss: 5.661934852600098
Epoch: 8810, Loss: 5.64674711227417
Test acc: 0.0626, IC acc: 0.0827, IC acc2: 0.0028, IW acc: 0.0019
Epoch: 8811, Loss: 5.637482166290283
Epoch: 8812, Loss: 5.6453447341918945
Epoch: 8813, Loss: 5.676137924194336
Epoch: 8814, Loss: 5.667757034301758
Epoch: 8815, Loss: 5.658646583557129
Epoch: 8816, Loss: 5.6431450843811035
Epoch: 8817, Loss: 5.684471130371094
Epoch: 8818, Loss: 5.668911457061768
Epoch: 8819, Loss: 5.655203819274902
Epoch: 8820, Loss: 5.676801681518555
Test acc: 0.0626, IC acc: 0.0829, IC acc2: 0.0028, IW acc: 0.0019
Epoch: 8821, Loss: 5.6580729484558105
Epoch: 8822, Loss: 5.668852806091309
Epoch: 8823, Loss: 5.668481826782227
Epoch: 8824, Loss: 5.677673816680908
Epoch: 8825, Loss: 5.676738739013672
Epoch: 8826, Loss: 5.659973621368408
Epoch: 8827, Loss: 5.670275688171387
Epoch: 8828, Loss: 5.678733825683594
Epoch: 8829, Loss: 5.656495094299316
Epoch: 8830, Loss: 5.648805618286133
Test acc: 0.0628, IC acc: 0.083, IC acc2: 0.0028, IW acc: 0.0019
Epoch: 8831, Loss: 5.676056385040283
Epoch: 8832, Loss: 5.655089378356934
Epoch: 8833, Loss: 5.680133819580078
Epoch: 8834, Loss: 5.659727096557617
Epoch: 8835, Loss: 5.668254852294922
Epoch: 8836, Loss: 5.655740261077881
Epoch: 8837, Loss: 5.6496734619140625
Epoch: 8838, Loss: 5.632786750793457
Epoch: 8839, Loss: 5.642641067504883
Epoch: 8840, Loss: 5.641576290130615
Test acc: 0.063, IC acc: 0.0837, IC acc2: 0.0028, IW acc: 0.002
Epoch: 8841, Loss: 5.630260944366455
Epoch: 8842, Loss: 5.662459373474121
Epoch: 8843, Loss: 5.664865493774414
Epoch: 8844, Loss: 5.647644996643066
Epoch: 8845, Loss: 5.638789653778076
Epoch: 8846, Loss: 5.664644241333008
Epoch: 8847, Loss: 5.672290325164795
Epoch: 8848, Loss: 5.633776664733887
Epoch: 8849, Loss: 5.682335376739502
./circuit_plots/Unrestricted Disentangled|Readout|CN=3|B0=0|B1=2|K=1280|L=320|p_B=0.75|p_C=0.75|B=2|eps=0|cf538942-d2b2-427e-876d-3ee26c12f82b/ already exists.
./circuit_plots/Unrestricted Disentangled|Readout|CN=3|B0=0|B1=2|K=1280|L=320|p_B=0.75|p_C=0.75|B=2|eps=0|cf538942-d2b2-427e-876d-3ee26c12f82b/ already exists.
./circuit_plots/Unrestricted Disentangled|Readout|CN=3|B0=0|B1=2|K=1280|L=320|p_B=0.75|p_C=0.75|B=2|eps=0|cf538942-d2b2-427e-876d-3ee26c12f82b/ already exists.
./circuit_plots/Unrestricted Disentangled|Readout|CN=3|B0=0|B1=2|K=1280|L=320|p_B=0.75|p_C=0.75|B=2|eps=0|cf538942-d2b2-427e-876d-3ee26c12f82b/ already exists.
./circuit_plots/Unrestricted Disentangled|Readout|CN=3|B0=0|B1=2|K=1280|L=320|p_B=0.75|p_C=0.75|B=2|eps=0|cf538942-d2b2-427e-876d-3ee26c12f82b/ already exists.
./circuit_plots/Unrestricted Disentangled|Readout|CN=3|B0=0|B1=2|K=1280|L=320|p_B=0.75|p_C=0.75|B=2|eps=0|cf538942-d2b2-427e-876d-3ee26c12f82b/ already exists.
./circuit_plots/Unrestricted Disentangled|Readout|CN=3|B0=0|B1=2|K=1280|L=320|p_B=0.75|p_C=0.75|B=2|eps=0|cf538942-d2b2-427e-876d-3ee26c12f82b/ already exists.
Epoch: 8850, Loss: 5.6639204025268555
Test acc: 0.0629, IC acc: 0.0842, IC acc2: 0.0028, IW acc: 0.002
Epoch: 8851, Loss: 5.653350830078125
Epoch: 8852, Loss: 5.645535945892334
Epoch: 8853, Loss: 5.678365707397461
Epoch: 8854, Loss: 5.668571472167969
Epoch: 8855, Loss: 5.647809982299805
Epoch: 8856, Loss: 5.679866313934326
Epoch: 8857, Loss: 5.672793388366699
Epoch: 8858, Loss: 5.664090156555176
Epoch: 8859, Loss: 5.684113502502441
Epoch: 8860, Loss: 5.652193546295166
Test acc: 0.0628, IC acc: 0.0839, IC acc2: 0.0028, IW acc: 0.0019
Epoch: 8861, Loss: 5.684341907501221
Epoch: 8862, Loss: 5.655182838439941
Epoch: 8863, Loss: 5.649682998657227
Epoch: 8864, Loss: 5.647771835327148
Epoch: 8865, Loss: 5.6673173904418945
Epoch: 8866, Loss: 5.666034698486328
Epoch: 8867, Loss: 5.641683101654053
Epoch: 8868, Loss: 5.642012596130371
Epoch: 8869, Loss: 5.665231704711914
Epoch: 8870, Loss: 5.643434524536133
Test acc: 0.0631, IC acc: 0.0842, IC acc2: 0.0028, IW acc: 0.0019
Epoch: 8871, Loss: 5.620613098144531
Epoch: 8872, Loss: 5.653172969818115
Epoch: 8873, Loss: 5.658107280731201
Epoch: 8874, Loss: 5.663050651550293
Epoch: 8875, Loss: 5.666254043579102
Epoch: 8876, Loss: 5.656327247619629
Epoch: 8877, Loss: 5.667557716369629
Epoch: 8878, Loss: 5.653559684753418
Epoch: 8879, Loss: 5.685127258300781
Epoch: 8880, Loss: 5.662958145141602
Test acc: 0.0635, IC acc: 0.0845, IC acc2: 0.0028, IW acc: 0.0018
Epoch: 8881, Loss: 5.662337303161621
Epoch: 8882, Loss: 5.640520095825195
Epoch: 8883, Loss: 5.672132968902588
Epoch: 8884, Loss: 5.656988143920898
Epoch: 8885, Loss: 5.684347629547119
Epoch: 8886, Loss: 5.682686805725098
Epoch: 8887, Loss: 5.66115665435791
Epoch: 8888, Loss: 5.637619495391846
Epoch: 8889, Loss: 5.641922950744629
Epoch: 8890, Loss: 5.654242515563965
Test acc: 0.0634, IC acc: 0.0846, IC acc2: 0.0028, IW acc: 0.0018
Epoch: 8891, Loss: 5.647702693939209
Epoch: 8892, Loss: 5.6877899169921875
Epoch: 8893, Loss: 5.655681610107422
Epoch: 8894, Loss: 5.650881767272949
Epoch: 8895, Loss: 5.660512447357178
Epoch: 8896, Loss: 5.673177242279053
Epoch: 8897, Loss: 5.6575164794921875
Epoch: 8898, Loss: 5.66487979888916
Epoch: 8899, Loss: 5.641863822937012
./circuit_plots/Unrestricted Disentangled|Readout|CN=3|B0=0|B1=2|K=1280|L=320|p_B=0.75|p_C=0.75|B=2|eps=0|cf538942-d2b2-427e-876d-3ee26c12f82b/ already exists.
./circuit_plots/Unrestricted Disentangled|Readout|CN=3|B0=0|B1=2|K=1280|L=320|p_B=0.75|p_C=0.75|B=2|eps=0|cf538942-d2b2-427e-876d-3ee26c12f82b/ already exists.
./circuit_plots/Unrestricted Disentangled|Readout|CN=3|B0=0|B1=2|K=1280|L=320|p_B=0.75|p_C=0.75|B=2|eps=0|cf538942-d2b2-427e-876d-3ee26c12f82b/ already exists.
./circuit_plots/Unrestricted Disentangled|Readout|CN=3|B0=0|B1=2|K=1280|L=320|p_B=0.75|p_C=0.75|B=2|eps=0|cf538942-d2b2-427e-876d-3ee26c12f82b/ already exists.
./circuit_plots/Unrestricted Disentangled|Readout|CN=3|B0=0|B1=2|K=1280|L=320|p_B=0.75|p_C=0.75|B=2|eps=0|cf538942-d2b2-427e-876d-3ee26c12f82b/ already exists.
./circuit_plots/Unrestricted Disentangled|Readout|CN=3|B0=0|B1=2|K=1280|L=320|p_B=0.75|p_C=0.75|B=2|eps=0|cf538942-d2b2-427e-876d-3ee26c12f82b/ already exists.
./circuit_plots/Unrestricted Disentangled|Readout|CN=3|B0=0|B1=2|K=1280|L=320|p_B=0.75|p_C=0.75|B=2|eps=0|cf538942-d2b2-427e-876d-3ee26c12f82b/ already exists.
Epoch: 8900, Loss: 5.649158000946045
Test acc: 0.0639, IC acc: 0.085, IC acc2: 0.0029, IW acc: 0.0018
Epoch: 8901, Loss: 5.647484302520752
Epoch: 8902, Loss: 5.6701860427856445
Epoch: 8903, Loss: 5.648281097412109
Epoch: 8904, Loss: 5.668522834777832
Epoch: 8905, Loss: 5.664711952209473
Epoch: 8906, Loss: 5.649985313415527
Epoch: 8907, Loss: 5.641898155212402
Epoch: 8908, Loss: 5.641383647918701
Epoch: 8909, Loss: 5.653735160827637
Epoch: 8910, Loss: 5.6501054763793945
Test acc: 0.0638, IC acc: 0.0851, IC acc2: 0.0029, IW acc: 0.0018
Epoch: 8911, Loss: 5.663914203643799
Epoch: 8912, Loss: 5.659605503082275
Epoch: 8913, Loss: 5.684316635131836
Epoch: 8914, Loss: 5.678106307983398
Epoch: 8915, Loss: 5.660051345825195
Epoch: 8916, Loss: 5.669402122497559
Epoch: 8917, Loss: 5.655957221984863
Epoch: 8918, Loss: 5.672650337219238
Epoch: 8919, Loss: 5.6795854568481445
Epoch: 8920, Loss: 5.6386260986328125
Test acc: 0.0641, IC acc: 0.0849, IC acc2: 0.0029, IW acc: 0.0018
Epoch: 8921, Loss: 5.6715168952941895
Epoch: 8922, Loss: 5.661843299865723
Epoch: 8923, Loss: 5.674498558044434
Epoch: 8924, Loss: 5.670171737670898
Epoch: 8925, Loss: 5.659648895263672
Epoch: 8926, Loss: 5.6492815017700195
Epoch: 8927, Loss: 5.687614440917969
Epoch: 8928, Loss: 5.657895088195801
Epoch: 8929, Loss: 5.656351089477539
Epoch: 8930, Loss: 5.634675979614258
Test acc: 0.0642, IC acc: 0.0851, IC acc2: 0.0029, IW acc: 0.0018
Epoch: 8931, Loss: 5.6717424392700195
Epoch: 8932, Loss: 5.633671760559082
Epoch: 8933, Loss: 5.673346996307373
Epoch: 8934, Loss: 5.640276908874512
Epoch: 8935, Loss: 5.666287899017334
Epoch: 8936, Loss: 5.667276382446289
Epoch: 8937, Loss: 5.671988487243652
Epoch: 8938, Loss: 5.661656379699707
Epoch: 8939, Loss: 5.670889377593994
Epoch: 8940, Loss: 5.681317329406738
Test acc: 0.0643, IC acc: 0.0853, IC acc2: 0.0029, IW acc: 0.0018
Epoch: 8941, Loss: 5.666553497314453
Epoch: 8942, Loss: 5.652995586395264
Epoch: 8943, Loss: 5.632036209106445
Epoch: 8944, Loss: 5.652115821838379
Epoch: 8945, Loss: 5.664305686950684
Epoch: 8946, Loss: 5.654078960418701
Epoch: 8947, Loss: 5.69748067855835
Epoch: 8948, Loss: 5.664162635803223
Epoch: 8949, Loss: 5.640646934509277
./circuit_plots/Unrestricted Disentangled|Readout|CN=3|B0=0|B1=2|K=1280|L=320|p_B=0.75|p_C=0.75|B=2|eps=0|cf538942-d2b2-427e-876d-3ee26c12f82b/ already exists.
./circuit_plots/Unrestricted Disentangled|Readout|CN=3|B0=0|B1=2|K=1280|L=320|p_B=0.75|p_C=0.75|B=2|eps=0|cf538942-d2b2-427e-876d-3ee26c12f82b/ already exists.
./circuit_plots/Unrestricted Disentangled|Readout|CN=3|B0=0|B1=2|K=1280|L=320|p_B=0.75|p_C=0.75|B=2|eps=0|cf538942-d2b2-427e-876d-3ee26c12f82b/ already exists.
./circuit_plots/Unrestricted Disentangled|Readout|CN=3|B0=0|B1=2|K=1280|L=320|p_B=0.75|p_C=0.75|B=2|eps=0|cf538942-d2b2-427e-876d-3ee26c12f82b/ already exists.
./circuit_plots/Unrestricted Disentangled|Readout|CN=3|B0=0|B1=2|K=1280|L=320|p_B=0.75|p_C=0.75|B=2|eps=0|cf538942-d2b2-427e-876d-3ee26c12f82b/ already exists.
./circuit_plots/Unrestricted Disentangled|Readout|CN=3|B0=0|B1=2|K=1280|L=320|p_B=0.75|p_C=0.75|B=2|eps=0|cf538942-d2b2-427e-876d-3ee26c12f82b/ already exists.
./circuit_plots/Unrestricted Disentangled|Readout|CN=3|B0=0|B1=2|K=1280|L=320|p_B=0.75|p_C=0.75|B=2|eps=0|cf538942-d2b2-427e-876d-3ee26c12f82b/ already exists.
Epoch: 8950, Loss: 5.6586103439331055
Test acc: 0.0644, IC acc: 0.0853, IC acc2: 0.0029, IW acc: 0.0018
Epoch: 8951, Loss: 5.670947074890137
Epoch: 8952, Loss: 5.651338577270508
Epoch: 8953, Loss: 5.671629905700684
Epoch: 8954, Loss: 5.638760566711426
Epoch: 8955, Loss: 5.647954940795898
Epoch: 8956, Loss: 5.660915374755859
Epoch: 8957, Loss: 5.649813652038574
Epoch: 8958, Loss: 5.645138740539551
Epoch: 8959, Loss: 5.68660306930542
Epoch: 8960, Loss: 5.673826217651367
Test acc: 0.0645, IC acc: 0.0854, IC acc2: 0.0029, IW acc: 0.0018
Epoch: 8961, Loss: 5.678427696228027
Epoch: 8962, Loss: 5.657546520233154
Epoch: 8963, Loss: 5.658947467803955
Epoch: 8964, Loss: 5.648918151855469
Epoch: 8965, Loss: 5.643017768859863
Epoch: 8966, Loss: 5.661746978759766
Epoch: 8967, Loss: 5.684145927429199
Epoch: 8968, Loss: 5.686912536621094
Epoch: 8969, Loss: 5.674689292907715
Epoch: 8970, Loss: 5.649435997009277
Test acc: 0.0644, IC acc: 0.0855, IC acc2: 0.0029, IW acc: 0.0018
Epoch: 8971, Loss: 5.659377574920654
Epoch: 8972, Loss: 5.6698689460754395
Epoch: 8973, Loss: 5.64875602722168
Epoch: 8974, Loss: 5.652768135070801
Epoch: 8975, Loss: 5.6761322021484375
Epoch: 8976, Loss: 5.670107364654541
Epoch: 8977, Loss: 5.679130554199219
Epoch: 8978, Loss: 5.672886848449707
Epoch: 8979, Loss: 5.6505513191223145
Epoch: 8980, Loss: 5.659024238586426
Test acc: 0.0644, IC acc: 0.0861, IC acc2: 0.0029, IW acc: 0.0018
Epoch: 8981, Loss: 5.670238494873047
Epoch: 8982, Loss: 5.6561279296875
Epoch: 8983, Loss: 5.640017986297607
Epoch: 8984, Loss: 5.663691520690918
Epoch: 8985, Loss: 5.661831855773926
Epoch: 8986, Loss: 5.6412153244018555
Epoch: 8987, Loss: 5.67915678024292
Epoch: 8988, Loss: 5.654402732849121
Epoch: 8989, Loss: 5.666565895080566
Epoch: 8990, Loss: 5.669390678405762
Test acc: 0.0644, IC acc: 0.0859, IC acc2: 0.0029, IW acc: 0.0018
Epoch: 8991, Loss: 5.638463497161865
Epoch: 8992, Loss: 5.681591987609863
Epoch: 8993, Loss: 5.667346000671387
Epoch: 8994, Loss: 5.672361373901367
Epoch: 8995, Loss: 5.687140941619873
Epoch: 8996, Loss: 5.655577659606934
Epoch: 8997, Loss: 5.673680782318115
Epoch: 8998, Loss: 5.633790969848633
Epoch: 8999, Loss: 5.668417453765869
./circuit_plots/Unrestricted Disentangled|Readout|CN=3|B0=0|B1=2|K=1280|L=320|p_B=0.75|p_C=0.75|B=2|eps=0|cf538942-d2b2-427e-876d-3ee26c12f82b/ already exists.
./circuit_plots/Unrestricted Disentangled|Readout|CN=3|B0=0|B1=2|K=1280|L=320|p_B=0.75|p_C=0.75|B=2|eps=0|cf538942-d2b2-427e-876d-3ee26c12f82b/ already exists.
./circuit_plots/Unrestricted Disentangled|Readout|CN=3|B0=0|B1=2|K=1280|L=320|p_B=0.75|p_C=0.75|B=2|eps=0|cf538942-d2b2-427e-876d-3ee26c12f82b/ already exists.
./circuit_plots/Unrestricted Disentangled|Readout|CN=3|B0=0|B1=2|K=1280|L=320|p_B=0.75|p_C=0.75|B=2|eps=0|cf538942-d2b2-427e-876d-3ee26c12f82b/ already exists.
./circuit_plots/Unrestricted Disentangled|Readout|CN=3|B0=0|B1=2|K=1280|L=320|p_B=0.75|p_C=0.75|B=2|eps=0|cf538942-d2b2-427e-876d-3ee26c12f82b/ already exists.
./circuit_plots/Unrestricted Disentangled|Readout|CN=3|B0=0|B1=2|K=1280|L=320|p_B=0.75|p_C=0.75|B=2|eps=0|cf538942-d2b2-427e-876d-3ee26c12f82b/ already exists.
./circuit_plots/Unrestricted Disentangled|Readout|CN=3|B0=0|B1=2|K=1280|L=320|p_B=0.75|p_C=0.75|B=2|eps=0|cf538942-d2b2-427e-876d-3ee26c12f82b/ already exists.
Epoch: 9000, Loss: 5.640865802764893
Test acc: 0.0644, IC acc: 0.0859, IC acc2: 0.0029, IW acc: 0.0018
Epoch: 9001, Loss: 5.635003089904785
Epoch: 9002, Loss: 5.668979644775391
Epoch: 9003, Loss: 5.67659854888916
Epoch: 9004, Loss: 5.645430088043213
Epoch: 9005, Loss: 5.65388298034668
Epoch: 9006, Loss: 5.6456708908081055
Epoch: 9007, Loss: 5.65762186050415
Epoch: 9008, Loss: 5.650883674621582
Epoch: 9009, Loss: 5.675883769989014
Epoch: 9010, Loss: 5.680072784423828
Test acc: 0.0644, IC acc: 0.0864, IC acc2: 0.003, IW acc: 0.0018
Epoch: 9011, Loss: 5.668426990509033
Epoch: 9012, Loss: 5.662827968597412
Epoch: 9013, Loss: 5.666356563568115
Epoch: 9014, Loss: 5.638693809509277
Epoch: 9015, Loss: 5.669473171234131
Epoch: 9016, Loss: 5.664051055908203
Epoch: 9017, Loss: 5.6460280418396
Epoch: 9018, Loss: 5.652646064758301
Epoch: 9019, Loss: 5.647356033325195
Epoch: 9020, Loss: 5.650416374206543
Test acc: 0.0646, IC acc: 0.0864, IC acc2: 0.003, IW acc: 0.0018
Epoch: 9021, Loss: 5.674184799194336
Epoch: 9022, Loss: 5.666954040527344
Epoch: 9023, Loss: 5.678414344787598
Epoch: 9024, Loss: 5.6494340896606445
Epoch: 9025, Loss: 5.66656494140625
Epoch: 9026, Loss: 5.667205810546875
Epoch: 9027, Loss: 5.620649337768555
Epoch: 9028, Loss: 5.666867256164551
Epoch: 9029, Loss: 5.668291091918945
Epoch: 9030, Loss: 5.683706283569336
Test acc: 0.0649, IC acc: 0.0864, IC acc2: 0.003, IW acc: 0.0018
Epoch: 9031, Loss: 5.659079551696777
Epoch: 9032, Loss: 5.670644283294678
Epoch: 9033, Loss: 5.648752689361572
Epoch: 9034, Loss: 5.645382404327393
Epoch: 9035, Loss: 5.656655311584473
Epoch: 9036, Loss: 5.680344581604004
Epoch: 9037, Loss: 5.673481464385986
Epoch: 9038, Loss: 5.647244453430176
Epoch: 9039, Loss: 5.659463882446289
Epoch: 9040, Loss: 5.638840675354004
Test acc: 0.065, IC acc: 0.0864, IC acc2: 0.003, IW acc: 0.0018
Epoch: 9041, Loss: 5.660356521606445
Epoch: 9042, Loss: 5.668862342834473
Epoch: 9043, Loss: 5.667165756225586
Epoch: 9044, Loss: 5.679693222045898
Epoch: 9045, Loss: 5.649747848510742
Epoch: 9046, Loss: 5.66190242767334
Epoch: 9047, Loss: 5.642938137054443
Epoch: 9048, Loss: 5.649553298950195
Epoch: 9049, Loss: 5.6455302238464355
./circuit_plots/Unrestricted Disentangled|Readout|CN=3|B0=0|B1=2|K=1280|L=320|p_B=0.75|p_C=0.75|B=2|eps=0|cf538942-d2b2-427e-876d-3ee26c12f82b/ already exists.
./circuit_plots/Unrestricted Disentangled|Readout|CN=3|B0=0|B1=2|K=1280|L=320|p_B=0.75|p_C=0.75|B=2|eps=0|cf538942-d2b2-427e-876d-3ee26c12f82b/ already exists.
./circuit_plots/Unrestricted Disentangled|Readout|CN=3|B0=0|B1=2|K=1280|L=320|p_B=0.75|p_C=0.75|B=2|eps=0|cf538942-d2b2-427e-876d-3ee26c12f82b/ already exists.
./circuit_plots/Unrestricted Disentangled|Readout|CN=3|B0=0|B1=2|K=1280|L=320|p_B=0.75|p_C=0.75|B=2|eps=0|cf538942-d2b2-427e-876d-3ee26c12f82b/ already exists.
./circuit_plots/Unrestricted Disentangled|Readout|CN=3|B0=0|B1=2|K=1280|L=320|p_B=0.75|p_C=0.75|B=2|eps=0|cf538942-d2b2-427e-876d-3ee26c12f82b/ already exists.
./circuit_plots/Unrestricted Disentangled|Readout|CN=3|B0=0|B1=2|K=1280|L=320|p_B=0.75|p_C=0.75|B=2|eps=0|cf538942-d2b2-427e-876d-3ee26c12f82b/ already exists.
./circuit_plots/Unrestricted Disentangled|Readout|CN=3|B0=0|B1=2|K=1280|L=320|p_B=0.75|p_C=0.75|B=2|eps=0|cf538942-d2b2-427e-876d-3ee26c12f82b/ already exists.
Epoch: 9050, Loss: 5.656876564025879
Test acc: 0.0651, IC acc: 0.0865, IC acc2: 0.003, IW acc: 0.0018
Epoch: 9051, Loss: 5.646392345428467
Epoch: 9052, Loss: 5.636204719543457
Epoch: 9053, Loss: 5.663721561431885
Epoch: 9054, Loss: 5.634663105010986
Epoch: 9055, Loss: 5.641975402832031
Epoch: 9056, Loss: 5.660151958465576
Epoch: 9057, Loss: 5.645717620849609
Epoch: 9058, Loss: 5.642691612243652
Epoch: 9059, Loss: 5.664803504943848
Epoch: 9060, Loss: 5.660411834716797
Test acc: 0.0653, IC acc: 0.0866, IC acc2: 0.003, IW acc: 0.0018
Epoch: 9061, Loss: 5.685771465301514
Epoch: 9062, Loss: 5.650571346282959
Epoch: 9063, Loss: 5.669548034667969
Epoch: 9064, Loss: 5.646517753601074
Epoch: 9065, Loss: 5.662348747253418
Epoch: 9066, Loss: 5.644388198852539
Epoch: 9067, Loss: 5.681196212768555
Epoch: 9068, Loss: 5.636472702026367
Epoch: 9069, Loss: 5.6598615646362305
Epoch: 9070, Loss: 5.669870853424072
Test acc: 0.0655, IC acc: 0.0871, IC acc2: 0.003, IW acc: 0.0017
Epoch: 9071, Loss: 5.657623291015625
Epoch: 9072, Loss: 5.661959648132324
Epoch: 9073, Loss: 5.667929172515869
Epoch: 9074, Loss: 5.660243511199951
Epoch: 9075, Loss: 5.635745048522949
Epoch: 9076, Loss: 5.646843910217285
Epoch: 9077, Loss: 5.664178848266602
Epoch: 9078, Loss: 5.652100563049316
Epoch: 9079, Loss: 5.678043365478516
Epoch: 9080, Loss: 5.67638635635376
Test acc: 0.0658, IC acc: 0.0872, IC acc2: 0.003, IW acc: 0.0018
Epoch: 9081, Loss: 5.643315315246582
Epoch: 9082, Loss: 5.678657531738281
Epoch: 9083, Loss: 5.666263103485107
Epoch: 9084, Loss: 5.645922660827637
Epoch: 9085, Loss: 5.656230926513672
Epoch: 9086, Loss: 5.680247783660889
Epoch: 9087, Loss: 5.632107734680176
Epoch: 9088, Loss: 5.661558151245117
Epoch: 9089, Loss: 5.658862590789795
Epoch: 9090, Loss: 5.655472755432129
Test acc: 0.0656, IC acc: 0.088, IC acc2: 0.003, IW acc: 0.0017
Epoch: 9091, Loss: 5.656345844268799
Epoch: 9092, Loss: 5.688009738922119
Epoch: 9093, Loss: 5.64164924621582
Epoch: 9094, Loss: 5.640425682067871
Epoch: 9095, Loss: 5.658998966217041
Epoch: 9096, Loss: 5.640918731689453
Epoch: 9097, Loss: 5.6425371170043945
Epoch: 9098, Loss: 5.670749664306641
Epoch: 9099, Loss: 5.673698902130127
./circuit_plots/Unrestricted Disentangled|Readout|CN=3|B0=0|B1=2|K=1280|L=320|p_B=0.75|p_C=0.75|B=2|eps=0|cf538942-d2b2-427e-876d-3ee26c12f82b/ already exists.
./circuit_plots/Unrestricted Disentangled|Readout|CN=3|B0=0|B1=2|K=1280|L=320|p_B=0.75|p_C=0.75|B=2|eps=0|cf538942-d2b2-427e-876d-3ee26c12f82b/ already exists.
./circuit_plots/Unrestricted Disentangled|Readout|CN=3|B0=0|B1=2|K=1280|L=320|p_B=0.75|p_C=0.75|B=2|eps=0|cf538942-d2b2-427e-876d-3ee26c12f82b/ already exists.
./circuit_plots/Unrestricted Disentangled|Readout|CN=3|B0=0|B1=2|K=1280|L=320|p_B=0.75|p_C=0.75|B=2|eps=0|cf538942-d2b2-427e-876d-3ee26c12f82b/ already exists.
./circuit_plots/Unrestricted Disentangled|Readout|CN=3|B0=0|B1=2|K=1280|L=320|p_B=0.75|p_C=0.75|B=2|eps=0|cf538942-d2b2-427e-876d-3ee26c12f82b/ already exists.
./circuit_plots/Unrestricted Disentangled|Readout|CN=3|B0=0|B1=2|K=1280|L=320|p_B=0.75|p_C=0.75|B=2|eps=0|cf538942-d2b2-427e-876d-3ee26c12f82b/ already exists.
./circuit_plots/Unrestricted Disentangled|Readout|CN=3|B0=0|B1=2|K=1280|L=320|p_B=0.75|p_C=0.75|B=2|eps=0|cf538942-d2b2-427e-876d-3ee26c12f82b/ already exists.
Epoch: 9100, Loss: 5.667059898376465
Test acc: 0.0657, IC acc: 0.0878, IC acc2: 0.0031, IW acc: 0.0017
Epoch: 9101, Loss: 5.657889366149902
Epoch: 9102, Loss: 5.662273406982422
Epoch: 9103, Loss: 5.657499313354492
Epoch: 9104, Loss: 5.652681350708008
Epoch: 9105, Loss: 5.652215480804443
Epoch: 9106, Loss: 5.647140026092529
Epoch: 9107, Loss: 5.644728660583496
Epoch: 9108, Loss: 5.667335510253906
Epoch: 9109, Loss: 5.6462531089782715
Epoch: 9110, Loss: 5.674941062927246
Test acc: 0.0657, IC acc: 0.0883, IC acc2: 0.003, IW acc: 0.0017
Epoch: 9111, Loss: 5.664612770080566
Epoch: 9112, Loss: 5.665948867797852
Epoch: 9113, Loss: 5.646308422088623
Epoch: 9114, Loss: 5.645966529846191
Epoch: 9115, Loss: 5.651714324951172
Epoch: 9116, Loss: 5.65053129196167
Epoch: 9117, Loss: 5.658547401428223
Epoch: 9118, Loss: 5.669093132019043
Epoch: 9119, Loss: 5.6686882972717285
Epoch: 9120, Loss: 5.657292366027832
Test acc: 0.0657, IC acc: 0.0886, IC acc2: 0.0031, IW acc: 0.0017
Epoch: 9121, Loss: 5.649297714233398
Epoch: 9122, Loss: 5.6495680809021
Epoch: 9123, Loss: 5.657136917114258
Epoch: 9124, Loss: 5.658299446105957
Epoch: 9125, Loss: 5.652196407318115
Epoch: 9126, Loss: 5.661279201507568
Epoch: 9127, Loss: 5.649280548095703
Epoch: 9128, Loss: 5.671089172363281
Epoch: 9129, Loss: 5.6450395584106445
Epoch: 9130, Loss: 5.672510147094727
Test acc: 0.0658, IC acc: 0.0887, IC acc2: 0.003, IW acc: 0.0017
Epoch: 9131, Loss: 5.681217670440674
Epoch: 9132, Loss: 5.6661481857299805
Epoch: 9133, Loss: 5.636407852172852
Epoch: 9134, Loss: 5.653833866119385
Epoch: 9135, Loss: 5.643612861633301
Epoch: 9136, Loss: 5.663620948791504
Epoch: 9137, Loss: 5.663673400878906
Epoch: 9138, Loss: 5.654924392700195
Epoch: 9139, Loss: 5.655003547668457
Epoch: 9140, Loss: 5.655854225158691
Test acc: 0.0663, IC acc: 0.0888, IC acc2: 0.0031, IW acc: 0.0017
Epoch: 9141, Loss: 5.661762237548828
Epoch: 9142, Loss: 5.668625831604004
Epoch: 9143, Loss: 5.665848255157471
Epoch: 9144, Loss: 5.656670570373535
Epoch: 9145, Loss: 5.687872886657715
Epoch: 9146, Loss: 5.6646294593811035
Epoch: 9147, Loss: 5.648743629455566
Epoch: 9148, Loss: 5.673081874847412
Epoch: 9149, Loss: 5.643736839294434
./circuit_plots/Unrestricted Disentangled|Readout|CN=3|B0=0|B1=2|K=1280|L=320|p_B=0.75|p_C=0.75|B=2|eps=0|cf538942-d2b2-427e-876d-3ee26c12f82b/ already exists.
./circuit_plots/Unrestricted Disentangled|Readout|CN=3|B0=0|B1=2|K=1280|L=320|p_B=0.75|p_C=0.75|B=2|eps=0|cf538942-d2b2-427e-876d-3ee26c12f82b/ already exists.
./circuit_plots/Unrestricted Disentangled|Readout|CN=3|B0=0|B1=2|K=1280|L=320|p_B=0.75|p_C=0.75|B=2|eps=0|cf538942-d2b2-427e-876d-3ee26c12f82b/ already exists.
./circuit_plots/Unrestricted Disentangled|Readout|CN=3|B0=0|B1=2|K=1280|L=320|p_B=0.75|p_C=0.75|B=2|eps=0|cf538942-d2b2-427e-876d-3ee26c12f82b/ already exists.
./circuit_plots/Unrestricted Disentangled|Readout|CN=3|B0=0|B1=2|K=1280|L=320|p_B=0.75|p_C=0.75|B=2|eps=0|cf538942-d2b2-427e-876d-3ee26c12f82b/ already exists.
./circuit_plots/Unrestricted Disentangled|Readout|CN=3|B0=0|B1=2|K=1280|L=320|p_B=0.75|p_C=0.75|B=2|eps=0|cf538942-d2b2-427e-876d-3ee26c12f82b/ already exists.
./circuit_plots/Unrestricted Disentangled|Readout|CN=3|B0=0|B1=2|K=1280|L=320|p_B=0.75|p_C=0.75|B=2|eps=0|cf538942-d2b2-427e-876d-3ee26c12f82b/ already exists.
Epoch: 9150, Loss: 5.641742706298828
Test acc: 0.0662, IC acc: 0.0889, IC acc2: 0.003, IW acc: 0.0017
Epoch: 9151, Loss: 5.654587268829346
Epoch: 9152, Loss: 5.662466049194336
Epoch: 9153, Loss: 5.66623592376709
Epoch: 9154, Loss: 5.657695770263672
Epoch: 9155, Loss: 5.658796310424805
Epoch: 9156, Loss: 5.650628566741943
Epoch: 9157, Loss: 5.656135082244873
Epoch: 9158, Loss: 5.656867504119873
Epoch: 9159, Loss: 5.631062030792236
Epoch: 9160, Loss: 5.655008316040039
Test acc: 0.066, IC acc: 0.089, IC acc2: 0.003, IW acc: 0.0017
Epoch: 9161, Loss: 5.663537502288818
Epoch: 9162, Loss: 5.661015510559082
Epoch: 9163, Loss: 5.676898956298828
Epoch: 9164, Loss: 5.6361846923828125
Epoch: 9165, Loss: 5.654536247253418
Epoch: 9166, Loss: 5.666887283325195
Epoch: 9167, Loss: 5.6727800369262695
Epoch: 9168, Loss: 5.685393333435059
Epoch: 9169, Loss: 5.649805068969727
Epoch: 9170, Loss: 5.662876605987549
Test acc: 0.0661, IC acc: 0.089, IC acc2: 0.003, IW acc: 0.0017
Epoch: 9171, Loss: 5.675957679748535
Epoch: 9172, Loss: 5.662725448608398
Epoch: 9173, Loss: 5.655648708343506
Epoch: 9174, Loss: 5.639281272888184
Epoch: 9175, Loss: 5.660933971405029
Epoch: 9176, Loss: 5.637087345123291
Epoch: 9177, Loss: 5.652527809143066
Epoch: 9178, Loss: 5.655094146728516
Epoch: 9179, Loss: 5.668820858001709
Epoch: 9180, Loss: 5.678842544555664
Test acc: 0.0661, IC acc: 0.0892, IC acc2: 0.003, IW acc: 0.0017
Epoch: 9181, Loss: 5.6611456871032715
Epoch: 9182, Loss: 5.642010688781738
Epoch: 9183, Loss: 5.66441011428833
Epoch: 9184, Loss: 5.652332782745361
Epoch: 9185, Loss: 5.647408485412598
Epoch: 9186, Loss: 5.663768768310547
Epoch: 9187, Loss: 5.66359806060791
Epoch: 9188, Loss: 5.643007278442383
Epoch: 9189, Loss: 5.637200355529785
Epoch: 9190, Loss: 5.6592183113098145
Test acc: 0.0663, IC acc: 0.0891, IC acc2: 0.003, IW acc: 0.0017
Epoch: 9191, Loss: 5.654869556427002
Epoch: 9192, Loss: 5.669269561767578
Epoch: 9193, Loss: 5.64299201965332
Epoch: 9194, Loss: 5.681888580322266
Epoch: 9195, Loss: 5.642408847808838
Epoch: 9196, Loss: 5.648947715759277
Epoch: 9197, Loss: 5.667142868041992
Epoch: 9198, Loss: 5.667619228363037
Epoch: 9199, Loss: 5.650861740112305
./circuit_plots/Unrestricted Disentangled|Readout|CN=3|B0=0|B1=2|K=1280|L=320|p_B=0.75|p_C=0.75|B=2|eps=0|cf538942-d2b2-427e-876d-3ee26c12f82b/ already exists.
./circuit_plots/Unrestricted Disentangled|Readout|CN=3|B0=0|B1=2|K=1280|L=320|p_B=0.75|p_C=0.75|B=2|eps=0|cf538942-d2b2-427e-876d-3ee26c12f82b/ already exists.
./circuit_plots/Unrestricted Disentangled|Readout|CN=3|B0=0|B1=2|K=1280|L=320|p_B=0.75|p_C=0.75|B=2|eps=0|cf538942-d2b2-427e-876d-3ee26c12f82b/ already exists.
./circuit_plots/Unrestricted Disentangled|Readout|CN=3|B0=0|B1=2|K=1280|L=320|p_B=0.75|p_C=0.75|B=2|eps=0|cf538942-d2b2-427e-876d-3ee26c12f82b/ already exists.
./circuit_plots/Unrestricted Disentangled|Readout|CN=3|B0=0|B1=2|K=1280|L=320|p_B=0.75|p_C=0.75|B=2|eps=0|cf538942-d2b2-427e-876d-3ee26c12f82b/ already exists.
./circuit_plots/Unrestricted Disentangled|Readout|CN=3|B0=0|B1=2|K=1280|L=320|p_B=0.75|p_C=0.75|B=2|eps=0|cf538942-d2b2-427e-876d-3ee26c12f82b/ already exists.
./circuit_plots/Unrestricted Disentangled|Readout|CN=3|B0=0|B1=2|K=1280|L=320|p_B=0.75|p_C=0.75|B=2|eps=0|cf538942-d2b2-427e-876d-3ee26c12f82b/ already exists.
Epoch: 9200, Loss: 5.671227931976318
Test acc: 0.0663, IC acc: 0.0892, IC acc2: 0.003, IW acc: 0.0017
Epoch: 9201, Loss: 5.675446033477783
Epoch: 9202, Loss: 5.66694450378418
Epoch: 9203, Loss: 5.647383689880371
Epoch: 9204, Loss: 5.649143218994141
Epoch: 9205, Loss: 5.651890754699707
Epoch: 9206, Loss: 5.684444427490234
Epoch: 9207, Loss: 5.6934814453125
Epoch: 9208, Loss: 5.643214225769043
Epoch: 9209, Loss: 5.668460369110107
Epoch: 9210, Loss: 5.6620917320251465
Test acc: 0.0664, IC acc: 0.0894, IC acc2: 0.003, IW acc: 0.0018
Epoch: 9211, Loss: 5.647191524505615
Epoch: 9212, Loss: 5.681761264801025
Epoch: 9213, Loss: 5.666165828704834
Epoch: 9214, Loss: 5.691007614135742
Epoch: 9215, Loss: 5.655719757080078
Epoch: 9216, Loss: 5.6402482986450195
Epoch: 9217, Loss: 5.6710405349731445
Epoch: 9218, Loss: 5.66935396194458
Epoch: 9219, Loss: 5.670680999755859
Epoch: 9220, Loss: 5.633929252624512
Test acc: 0.0664, IC acc: 0.0897, IC acc2: 0.0031, IW acc: 0.0018
Epoch: 9221, Loss: 5.649412155151367
Epoch: 9222, Loss: 5.641727924346924
Epoch: 9223, Loss: 5.665871620178223
Epoch: 9224, Loss: 5.659523963928223
Epoch: 9225, Loss: 5.652019023895264
Epoch: 9226, Loss: 5.632242202758789
Epoch: 9227, Loss: 5.655898094177246
Epoch: 9228, Loss: 5.656817436218262
Epoch: 9229, Loss: 5.639791488647461
Epoch: 9230, Loss: 5.6554155349731445
Test acc: 0.0664, IC acc: 0.0903, IC acc2: 0.0031, IW acc: 0.0017
Epoch: 9231, Loss: 5.655365467071533
Epoch: 9232, Loss: 5.66114616394043
Epoch: 9233, Loss: 5.6794915199279785
Epoch: 9234, Loss: 5.670764923095703
Epoch: 9235, Loss: 5.647601127624512
Epoch: 9236, Loss: 5.6597185134887695
Epoch: 9237, Loss: 5.625229358673096
Epoch: 9238, Loss: 5.649780750274658
Epoch: 9239, Loss: 5.6521501541137695
Epoch: 9240, Loss: 5.637109279632568
Test acc: 0.0665, IC acc: 0.0902, IC acc2: 0.003, IW acc: 0.0018
Epoch: 9241, Loss: 5.657441139221191
Epoch: 9242, Loss: 5.667821884155273
Epoch: 9243, Loss: 5.647141456604004
Epoch: 9244, Loss: 5.653648376464844
Epoch: 9245, Loss: 5.665773391723633
Epoch: 9246, Loss: 5.658759117126465
Epoch: 9247, Loss: 5.642611026763916
Epoch: 9248, Loss: 5.658956527709961
Epoch: 9249, Loss: 5.64176082611084
./circuit_plots/Unrestricted Disentangled|Readout|CN=3|B0=0|B1=2|K=1280|L=320|p_B=0.75|p_C=0.75|B=2|eps=0|cf538942-d2b2-427e-876d-3ee26c12f82b/ already exists.
./circuit_plots/Unrestricted Disentangled|Readout|CN=3|B0=0|B1=2|K=1280|L=320|p_B=0.75|p_C=0.75|B=2|eps=0|cf538942-d2b2-427e-876d-3ee26c12f82b/ already exists.
./circuit_plots/Unrestricted Disentangled|Readout|CN=3|B0=0|B1=2|K=1280|L=320|p_B=0.75|p_C=0.75|B=2|eps=0|cf538942-d2b2-427e-876d-3ee26c12f82b/ already exists.
./circuit_plots/Unrestricted Disentangled|Readout|CN=3|B0=0|B1=2|K=1280|L=320|p_B=0.75|p_C=0.75|B=2|eps=0|cf538942-d2b2-427e-876d-3ee26c12f82b/ already exists.
./circuit_plots/Unrestricted Disentangled|Readout|CN=3|B0=0|B1=2|K=1280|L=320|p_B=0.75|p_C=0.75|B=2|eps=0|cf538942-d2b2-427e-876d-3ee26c12f82b/ already exists.
./circuit_plots/Unrestricted Disentangled|Readout|CN=3|B0=0|B1=2|K=1280|L=320|p_B=0.75|p_C=0.75|B=2|eps=0|cf538942-d2b2-427e-876d-3ee26c12f82b/ already exists.
./circuit_plots/Unrestricted Disentangled|Readout|CN=3|B0=0|B1=2|K=1280|L=320|p_B=0.75|p_C=0.75|B=2|eps=0|cf538942-d2b2-427e-876d-3ee26c12f82b/ already exists.
Epoch: 9250, Loss: 5.673762321472168
Test acc: 0.0666, IC acc: 0.0904, IC acc2: 0.0029, IW acc: 0.0018
Epoch: 9251, Loss: 5.674187660217285
Epoch: 9252, Loss: 5.640641212463379
Epoch: 9253, Loss: 5.660572528839111
Epoch: 9254, Loss: 5.635018348693848
Epoch: 9255, Loss: 5.651422023773193
Epoch: 9256, Loss: 5.674595832824707
Epoch: 9257, Loss: 5.655112266540527
Epoch: 9258, Loss: 5.675868034362793
Epoch: 9259, Loss: 5.667506217956543
Epoch: 9260, Loss: 5.675492763519287
Test acc: 0.067, IC acc: 0.0907, IC acc2: 0.003, IW acc: 0.0018
Epoch: 9261, Loss: 5.661926746368408
Epoch: 9262, Loss: 5.643449306488037
Epoch: 9263, Loss: 5.6576995849609375
Epoch: 9264, Loss: 5.664271831512451
Epoch: 9265, Loss: 5.665188789367676
Epoch: 9266, Loss: 5.648059368133545
Epoch: 9267, Loss: 5.658656120300293
Epoch: 9268, Loss: 5.649745464324951
Epoch: 9269, Loss: 5.675940990447998
Epoch: 9270, Loss: 5.641509532928467
Test acc: 0.0673, IC acc: 0.0907, IC acc2: 0.003, IW acc: 0.0018
Epoch: 9271, Loss: 5.653964996337891
Epoch: 9272, Loss: 5.658674240112305
Epoch: 9273, Loss: 5.670778274536133
Epoch: 9274, Loss: 5.64522647857666
Epoch: 9275, Loss: 5.635943412780762
Epoch: 9276, Loss: 5.668739318847656
Epoch: 9277, Loss: 5.648526668548584
Epoch: 9278, Loss: 5.661111354827881
Epoch: 9279, Loss: 5.627850532531738
Epoch: 9280, Loss: 5.641975402832031
Test acc: 0.0671, IC acc: 0.0905, IC acc2: 0.003, IW acc: 0.0018
Epoch: 9281, Loss: 5.6367034912109375
Epoch: 9282, Loss: 5.643928527832031
Epoch: 9283, Loss: 5.672151565551758
Epoch: 9284, Loss: 5.657114028930664
Epoch: 9285, Loss: 5.663731575012207
Epoch: 9286, Loss: 5.674494743347168
Epoch: 9287, Loss: 5.651162147521973
Epoch: 9288, Loss: 5.644166946411133
Epoch: 9289, Loss: 5.6428914070129395
Epoch: 9290, Loss: 5.657403945922852
Test acc: 0.067, IC acc: 0.0909, IC acc2: 0.0029, IW acc: 0.0018
Epoch: 9291, Loss: 5.669127941131592
Epoch: 9292, Loss: 5.648146629333496
Epoch: 9293, Loss: 5.6562819480896
Epoch: 9294, Loss: 5.6549973487854
Epoch: 9295, Loss: 5.648964881896973
Epoch: 9296, Loss: 5.675991535186768
Epoch: 9297, Loss: 5.625272274017334
Epoch: 9298, Loss: 5.6558990478515625
Epoch: 9299, Loss: 5.6514506340026855
./circuit_plots/Unrestricted Disentangled|Readout|CN=3|B0=0|B1=2|K=1280|L=320|p_B=0.75|p_C=0.75|B=2|eps=0|cf538942-d2b2-427e-876d-3ee26c12f82b/ already exists.
./circuit_plots/Unrestricted Disentangled|Readout|CN=3|B0=0|B1=2|K=1280|L=320|p_B=0.75|p_C=0.75|B=2|eps=0|cf538942-d2b2-427e-876d-3ee26c12f82b/ already exists.
./circuit_plots/Unrestricted Disentangled|Readout|CN=3|B0=0|B1=2|K=1280|L=320|p_B=0.75|p_C=0.75|B=2|eps=0|cf538942-d2b2-427e-876d-3ee26c12f82b/ already exists.
./circuit_plots/Unrestricted Disentangled|Readout|CN=3|B0=0|B1=2|K=1280|L=320|p_B=0.75|p_C=0.75|B=2|eps=0|cf538942-d2b2-427e-876d-3ee26c12f82b/ already exists.
./circuit_plots/Unrestricted Disentangled|Readout|CN=3|B0=0|B1=2|K=1280|L=320|p_B=0.75|p_C=0.75|B=2|eps=0|cf538942-d2b2-427e-876d-3ee26c12f82b/ already exists.
./circuit_plots/Unrestricted Disentangled|Readout|CN=3|B0=0|B1=2|K=1280|L=320|p_B=0.75|p_C=0.75|B=2|eps=0|cf538942-d2b2-427e-876d-3ee26c12f82b/ already exists.
./circuit_plots/Unrestricted Disentangled|Readout|CN=3|B0=0|B1=2|K=1280|L=320|p_B=0.75|p_C=0.75|B=2|eps=0|cf538942-d2b2-427e-876d-3ee26c12f82b/ already exists.
Epoch: 9300, Loss: 5.658675193786621
Test acc: 0.0672, IC acc: 0.0908, IC acc2: 0.0031, IW acc: 0.0018
Epoch: 9301, Loss: 5.670109748840332
Epoch: 9302, Loss: 5.681859970092773
Epoch: 9303, Loss: 5.656270980834961
Epoch: 9304, Loss: 5.6587982177734375
Epoch: 9305, Loss: 5.675419807434082
Epoch: 9306, Loss: 5.649198532104492
Epoch: 9307, Loss: 5.640950679779053
Epoch: 9308, Loss: 5.693046569824219
Epoch: 9309, Loss: 5.636629104614258
Epoch: 9310, Loss: 5.6789469718933105
Test acc: 0.0671, IC acc: 0.091, IC acc2: 0.003, IW acc: 0.0018
Epoch: 9311, Loss: 5.637803077697754
Epoch: 9312, Loss: 5.666180610656738
Epoch: 9313, Loss: 5.664696216583252
Epoch: 9314, Loss: 5.641417026519775
Epoch: 9315, Loss: 5.643430233001709
Epoch: 9316, Loss: 5.66152286529541
Epoch: 9317, Loss: 5.672918319702148
Epoch: 9318, Loss: 5.667437553405762
Epoch: 9319, Loss: 5.6431450843811035
Epoch: 9320, Loss: 5.647696495056152
Test acc: 0.0671, IC acc: 0.091, IC acc2: 0.0029, IW acc: 0.0018
Epoch: 9321, Loss: 5.6622748374938965
Epoch: 9322, Loss: 5.654603958129883
Epoch: 9323, Loss: 5.672914505004883
Epoch: 9324, Loss: 5.661005973815918
Epoch: 9325, Loss: 5.6240386962890625
Epoch: 9326, Loss: 5.64371395111084
Epoch: 9327, Loss: 5.656582832336426
Epoch: 9328, Loss: 5.644839763641357
Epoch: 9329, Loss: 5.655062675476074
Epoch: 9330, Loss: 5.648773670196533
Test acc: 0.067, IC acc: 0.0912, IC acc2: 0.0029, IW acc: 0.0018
Epoch: 9331, Loss: 5.647850036621094
Epoch: 9332, Loss: 5.662588596343994
Epoch: 9333, Loss: 5.650440216064453
Epoch: 9334, Loss: 5.6826982498168945
Epoch: 9335, Loss: 5.629271507263184
Epoch: 9336, Loss: 5.6768083572387695
Epoch: 9337, Loss: 5.638388633728027
Epoch: 9338, Loss: 5.693699836730957
Epoch: 9339, Loss: 5.699941158294678
Epoch: 9340, Loss: 5.662433624267578
Test acc: 0.0671, IC acc: 0.0915, IC acc2: 0.0029, IW acc: 0.0019
Epoch: 9341, Loss: 5.655364513397217
Epoch: 9342, Loss: 5.665823936462402
Epoch: 9343, Loss: 5.654596328735352
Epoch: 9344, Loss: 5.657474994659424
Epoch: 9345, Loss: 5.658189296722412
Epoch: 9346, Loss: 5.644587516784668
Epoch: 9347, Loss: 5.668234825134277
Epoch: 9348, Loss: 5.659916877746582
Epoch: 9349, Loss: 5.65561580657959
./circuit_plots/Unrestricted Disentangled|Readout|CN=3|B0=0|B1=2|K=1280|L=320|p_B=0.75|p_C=0.75|B=2|eps=0|cf538942-d2b2-427e-876d-3ee26c12f82b/ already exists.
./circuit_plots/Unrestricted Disentangled|Readout|CN=3|B0=0|B1=2|K=1280|L=320|p_B=0.75|p_C=0.75|B=2|eps=0|cf538942-d2b2-427e-876d-3ee26c12f82b/ already exists.
./circuit_plots/Unrestricted Disentangled|Readout|CN=3|B0=0|B1=2|K=1280|L=320|p_B=0.75|p_C=0.75|B=2|eps=0|cf538942-d2b2-427e-876d-3ee26c12f82b/ already exists.
./circuit_plots/Unrestricted Disentangled|Readout|CN=3|B0=0|B1=2|K=1280|L=320|p_B=0.75|p_C=0.75|B=2|eps=0|cf538942-d2b2-427e-876d-3ee26c12f82b/ already exists.
./circuit_plots/Unrestricted Disentangled|Readout|CN=3|B0=0|B1=2|K=1280|L=320|p_B=0.75|p_C=0.75|B=2|eps=0|cf538942-d2b2-427e-876d-3ee26c12f82b/ already exists.
./circuit_plots/Unrestricted Disentangled|Readout|CN=3|B0=0|B1=2|K=1280|L=320|p_B=0.75|p_C=0.75|B=2|eps=0|cf538942-d2b2-427e-876d-3ee26c12f82b/ already exists.
./circuit_plots/Unrestricted Disentangled|Readout|CN=3|B0=0|B1=2|K=1280|L=320|p_B=0.75|p_C=0.75|B=2|eps=0|cf538942-d2b2-427e-876d-3ee26c12f82b/ already exists.
Epoch: 9350, Loss: 5.671526908874512
Test acc: 0.0671, IC acc: 0.0915, IC acc2: 0.0028, IW acc: 0.0018
Epoch: 9351, Loss: 5.63660192489624
Epoch: 9352, Loss: 5.646152973175049
Epoch: 9353, Loss: 5.636813163757324
Epoch: 9354, Loss: 5.648541450500488
Epoch: 9355, Loss: 5.651627540588379
Epoch: 9356, Loss: 5.656123161315918
Epoch: 9357, Loss: 5.637756824493408
Epoch: 9358, Loss: 5.674112319946289
Epoch: 9359, Loss: 5.641700744628906
Epoch: 9360, Loss: 5.65754508972168
Test acc: 0.067, IC acc: 0.0913, IC acc2: 0.0029, IW acc: 0.0018
Epoch: 9361, Loss: 5.664553642272949
Epoch: 9362, Loss: 5.6824140548706055
Epoch: 9363, Loss: 5.642267227172852
Epoch: 9364, Loss: 5.669826984405518
Epoch: 9365, Loss: 5.647756576538086
Epoch: 9366, Loss: 5.630781173706055
Epoch: 9367, Loss: 5.660594940185547
Epoch: 9368, Loss: 5.656230449676514
Epoch: 9369, Loss: 5.655154705047607
Epoch: 9370, Loss: 5.653931617736816
Test acc: 0.0672, IC acc: 0.0914, IC acc2: 0.0029, IW acc: 0.0017
Epoch: 9371, Loss: 5.648505210876465
Epoch: 9372, Loss: 5.667126178741455
Epoch: 9373, Loss: 5.648859024047852
Epoch: 9374, Loss: 5.654163360595703
Epoch: 9375, Loss: 5.646097183227539
Epoch: 9376, Loss: 5.668828010559082
Epoch: 9377, Loss: 5.642299652099609
Epoch: 9378, Loss: 5.644129276275635
Epoch: 9379, Loss: 5.638208389282227
Epoch: 9380, Loss: 5.64161491394043
Test acc: 0.0676, IC acc: 0.0916, IC acc2: 0.0029, IW acc: 0.0018
Epoch: 9381, Loss: 5.677649021148682
Epoch: 9382, Loss: 5.6465163230896
Epoch: 9383, Loss: 5.662783622741699
Epoch: 9384, Loss: 5.663699626922607
Epoch: 9385, Loss: 5.657442092895508
Epoch: 9386, Loss: 5.679845809936523
Epoch: 9387, Loss: 5.662693977355957
Epoch: 9388, Loss: 5.668299674987793
Epoch: 9389, Loss: 5.629700183868408
Epoch: 9390, Loss: 5.658153533935547
Test acc: 0.0677, IC acc: 0.0918, IC acc2: 0.0029, IW acc: 0.0018
Epoch: 9391, Loss: 5.668627738952637
Epoch: 9392, Loss: 5.679383277893066
Epoch: 9393, Loss: 5.661842346191406
Epoch: 9394, Loss: 5.666675567626953
Epoch: 9395, Loss: 5.650223731994629
Epoch: 9396, Loss: 5.6620564460754395
Epoch: 9397, Loss: 5.681893348693848
Epoch: 9398, Loss: 5.674898147583008
Epoch: 9399, Loss: 5.665262222290039
./circuit_plots/Unrestricted Disentangled|Readout|CN=3|B0=0|B1=2|K=1280|L=320|p_B=0.75|p_C=0.75|B=2|eps=0|cf538942-d2b2-427e-876d-3ee26c12f82b/ already exists.
./circuit_plots/Unrestricted Disentangled|Readout|CN=3|B0=0|B1=2|K=1280|L=320|p_B=0.75|p_C=0.75|B=2|eps=0|cf538942-d2b2-427e-876d-3ee26c12f82b/ already exists.
./circuit_plots/Unrestricted Disentangled|Readout|CN=3|B0=0|B1=2|K=1280|L=320|p_B=0.75|p_C=0.75|B=2|eps=0|cf538942-d2b2-427e-876d-3ee26c12f82b/ already exists.
./circuit_plots/Unrestricted Disentangled|Readout|CN=3|B0=0|B1=2|K=1280|L=320|p_B=0.75|p_C=0.75|B=2|eps=0|cf538942-d2b2-427e-876d-3ee26c12f82b/ already exists.
./circuit_plots/Unrestricted Disentangled|Readout|CN=3|B0=0|B1=2|K=1280|L=320|p_B=0.75|p_C=0.75|B=2|eps=0|cf538942-d2b2-427e-876d-3ee26c12f82b/ already exists.
./circuit_plots/Unrestricted Disentangled|Readout|CN=3|B0=0|B1=2|K=1280|L=320|p_B=0.75|p_C=0.75|B=2|eps=0|cf538942-d2b2-427e-876d-3ee26c12f82b/ already exists.
./circuit_plots/Unrestricted Disentangled|Readout|CN=3|B0=0|B1=2|K=1280|L=320|p_B=0.75|p_C=0.75|B=2|eps=0|cf538942-d2b2-427e-876d-3ee26c12f82b/ already exists.
Epoch: 9400, Loss: 5.651644229888916
Test acc: 0.0678, IC acc: 0.092, IC acc2: 0.0029, IW acc: 0.0018
Epoch: 9401, Loss: 5.68397331237793
Epoch: 9402, Loss: 5.646290302276611
Epoch: 9403, Loss: 5.665101051330566
Epoch: 9404, Loss: 5.645502090454102
Epoch: 9405, Loss: 5.647459983825684
Epoch: 9406, Loss: 5.667140007019043
Epoch: 9407, Loss: 5.692924499511719
Epoch: 9408, Loss: 5.636347770690918
Epoch: 9409, Loss: 5.62811279296875
Epoch: 9410, Loss: 5.671022415161133
Test acc: 0.0679, IC acc: 0.092, IC acc2: 0.0029, IW acc: 0.0018
Epoch: 9411, Loss: 5.677365779876709
Epoch: 9412, Loss: 5.642269134521484
Epoch: 9413, Loss: 5.662687301635742
Epoch: 9414, Loss: 5.659763813018799
Epoch: 9415, Loss: 5.671473026275635
Epoch: 9416, Loss: 5.644527435302734
Epoch: 9417, Loss: 5.653078079223633
Epoch: 9418, Loss: 5.662456035614014
Epoch: 9419, Loss: 5.657251358032227
Epoch: 9420, Loss: 5.637459754943848
Test acc: 0.068, IC acc: 0.0921, IC acc2: 0.0029, IW acc: 0.0018
Epoch: 9421, Loss: 5.673351287841797
Epoch: 9422, Loss: 5.651516914367676
Epoch: 9423, Loss: 5.663931846618652
Epoch: 9424, Loss: 5.640469551086426
Epoch: 9425, Loss: 5.658833026885986
Epoch: 9426, Loss: 5.647731781005859
Epoch: 9427, Loss: 5.653929710388184
Epoch: 9428, Loss: 5.650066375732422
Epoch: 9429, Loss: 5.643516540527344
Epoch: 9430, Loss: 5.641452312469482
Test acc: 0.0684, IC acc: 0.0924, IC acc2: 0.0029, IW acc: 0.0018
Epoch: 9431, Loss: 5.651553153991699
Epoch: 9432, Loss: 5.6457695960998535
Epoch: 9433, Loss: 5.668422698974609
Epoch: 9434, Loss: 5.65721321105957
Epoch: 9435, Loss: 5.646158218383789
Epoch: 9436, Loss: 5.644149303436279
Epoch: 9437, Loss: 5.627869606018066
Epoch: 9438, Loss: 5.642359733581543
Epoch: 9439, Loss: 5.6496076583862305
Epoch: 9440, Loss: 5.651618957519531
Test acc: 0.0683, IC acc: 0.0924, IC acc2: 0.003, IW acc: 0.0018
Epoch: 9441, Loss: 5.662596702575684
Epoch: 9442, Loss: 5.656282424926758
Epoch: 9443, Loss: 5.6486663818359375
Epoch: 9444, Loss: 5.678317546844482
Epoch: 9445, Loss: 5.6599812507629395
Epoch: 9446, Loss: 5.661459922790527
Epoch: 9447, Loss: 5.674253940582275
Epoch: 9448, Loss: 5.647611618041992
Epoch: 9449, Loss: 5.631078720092773
./circuit_plots/Unrestricted Disentangled|Readout|CN=3|B0=0|B1=2|K=1280|L=320|p_B=0.75|p_C=0.75|B=2|eps=0|cf538942-d2b2-427e-876d-3ee26c12f82b/ already exists.
./circuit_plots/Unrestricted Disentangled|Readout|CN=3|B0=0|B1=2|K=1280|L=320|p_B=0.75|p_C=0.75|B=2|eps=0|cf538942-d2b2-427e-876d-3ee26c12f82b/ already exists.
./circuit_plots/Unrestricted Disentangled|Readout|CN=3|B0=0|B1=2|K=1280|L=320|p_B=0.75|p_C=0.75|B=2|eps=0|cf538942-d2b2-427e-876d-3ee26c12f82b/ already exists.
./circuit_plots/Unrestricted Disentangled|Readout|CN=3|B0=0|B1=2|K=1280|L=320|p_B=0.75|p_C=0.75|B=2|eps=0|cf538942-d2b2-427e-876d-3ee26c12f82b/ already exists.
./circuit_plots/Unrestricted Disentangled|Readout|CN=3|B0=0|B1=2|K=1280|L=320|p_B=0.75|p_C=0.75|B=2|eps=0|cf538942-d2b2-427e-876d-3ee26c12f82b/ already exists.
./circuit_plots/Unrestricted Disentangled|Readout|CN=3|B0=0|B1=2|K=1280|L=320|p_B=0.75|p_C=0.75|B=2|eps=0|cf538942-d2b2-427e-876d-3ee26c12f82b/ already exists.
./circuit_plots/Unrestricted Disentangled|Readout|CN=3|B0=0|B1=2|K=1280|L=320|p_B=0.75|p_C=0.75|B=2|eps=0|cf538942-d2b2-427e-876d-3ee26c12f82b/ already exists.
Epoch: 9450, Loss: 5.656976699829102
Test acc: 0.0683, IC acc: 0.0924, IC acc2: 0.003, IW acc: 0.0018
Epoch: 9451, Loss: 5.6312103271484375
Epoch: 9452, Loss: 5.653417587280273
Epoch: 9453, Loss: 5.640115737915039
Epoch: 9454, Loss: 5.641951560974121
Epoch: 9455, Loss: 5.673460006713867
Epoch: 9456, Loss: 5.663212299346924
Epoch: 9457, Loss: 5.659172534942627
Epoch: 9458, Loss: 5.675818920135498
Epoch: 9459, Loss: 5.635324478149414
Epoch: 9460, Loss: 5.624138832092285
Test acc: 0.0687, IC acc: 0.0925, IC acc2: 0.003, IW acc: 0.0018
Epoch: 9461, Loss: 5.665688514709473
Epoch: 9462, Loss: 5.653987884521484
Epoch: 9463, Loss: 5.665799617767334
Epoch: 9464, Loss: 5.649113655090332
Epoch: 9465, Loss: 5.679842948913574
Epoch: 9466, Loss: 5.6667799949646
Epoch: 9467, Loss: 5.657544136047363
Epoch: 9468, Loss: 5.665462493896484
Epoch: 9469, Loss: 5.663625717163086
Epoch: 9470, Loss: 5.654697895050049
Test acc: 0.0687, IC acc: 0.0925, IC acc2: 0.0029, IW acc: 0.0017
Epoch: 9471, Loss: 5.6568098068237305
Epoch: 9472, Loss: 5.6573686599731445
Epoch: 9473, Loss: 5.6609625816345215
Epoch: 9474, Loss: 5.666187763214111
Epoch: 9475, Loss: 5.646059036254883
Epoch: 9476, Loss: 5.659171104431152
Epoch: 9477, Loss: 5.65812873840332
Epoch: 9478, Loss: 5.644618034362793
Epoch: 9479, Loss: 5.637266159057617
Epoch: 9480, Loss: 5.628683090209961
Test acc: 0.0688, IC acc: 0.0929, IC acc2: 0.0029, IW acc: 0.0017
Epoch: 9481, Loss: 5.668355464935303
Epoch: 9482, Loss: 5.657849311828613
Epoch: 9483, Loss: 5.649116516113281
Epoch: 9484, Loss: 5.656303405761719
Epoch: 9485, Loss: 5.6489949226379395
Epoch: 9486, Loss: 5.65259313583374
Epoch: 9487, Loss: 5.648404598236084
Epoch: 9488, Loss: 5.632208824157715
Epoch: 9489, Loss: 5.657654762268066
Epoch: 9490, Loss: 5.616976261138916
Test acc: 0.0689, IC acc: 0.093, IC acc2: 0.0029, IW acc: 0.0017
Epoch: 9491, Loss: 5.643763542175293
Epoch: 9492, Loss: 5.62860631942749
Epoch: 9493, Loss: 5.653131484985352
Epoch: 9494, Loss: 5.670785427093506
Epoch: 9495, Loss: 5.657431602478027
Epoch: 9496, Loss: 5.654384136199951
Epoch: 9497, Loss: 5.662334442138672
Epoch: 9498, Loss: 5.681158542633057
Epoch: 9499, Loss: 5.656673431396484
./circuit_plots/Unrestricted Disentangled|Readout|CN=3|B0=0|B1=2|K=1280|L=320|p_B=0.75|p_C=0.75|B=2|eps=0|cf538942-d2b2-427e-876d-3ee26c12f82b/ already exists.
./circuit_plots/Unrestricted Disentangled|Readout|CN=3|B0=0|B1=2|K=1280|L=320|p_B=0.75|p_C=0.75|B=2|eps=0|cf538942-d2b2-427e-876d-3ee26c12f82b/ already exists.
./circuit_plots/Unrestricted Disentangled|Readout|CN=3|B0=0|B1=2|K=1280|L=320|p_B=0.75|p_C=0.75|B=2|eps=0|cf538942-d2b2-427e-876d-3ee26c12f82b/ already exists.
./circuit_plots/Unrestricted Disentangled|Readout|CN=3|B0=0|B1=2|K=1280|L=320|p_B=0.75|p_C=0.75|B=2|eps=0|cf538942-d2b2-427e-876d-3ee26c12f82b/ already exists.
./circuit_plots/Unrestricted Disentangled|Readout|CN=3|B0=0|B1=2|K=1280|L=320|p_B=0.75|p_C=0.75|B=2|eps=0|cf538942-d2b2-427e-876d-3ee26c12f82b/ already exists.
./circuit_plots/Unrestricted Disentangled|Readout|CN=3|B0=0|B1=2|K=1280|L=320|p_B=0.75|p_C=0.75|B=2|eps=0|cf538942-d2b2-427e-876d-3ee26c12f82b/ already exists.
./circuit_plots/Unrestricted Disentangled|Readout|CN=3|B0=0|B1=2|K=1280|L=320|p_B=0.75|p_C=0.75|B=2|eps=0|cf538942-d2b2-427e-876d-3ee26c12f82b/ already exists.
Epoch: 9500, Loss: 5.657142639160156
Test acc: 0.0693, IC acc: 0.0929, IC acc2: 0.0029, IW acc: 0.0017
Epoch: 9501, Loss: 5.647699356079102
Epoch: 9502, Loss: 5.6610846519470215
Epoch: 9503, Loss: 5.691333770751953
Epoch: 9504, Loss: 5.641368865966797
Epoch: 9505, Loss: 5.667850494384766
Epoch: 9506, Loss: 5.6535444259643555
Epoch: 9507, Loss: 5.640101909637451
Epoch: 9508, Loss: 5.639941215515137
Epoch: 9509, Loss: 5.649833679199219
Epoch: 9510, Loss: 5.672581672668457
Test acc: 0.0693, IC acc: 0.093, IC acc2: 0.0029, IW acc: 0.0018
Epoch: 9511, Loss: 5.654134750366211
Epoch: 9512, Loss: 5.65643310546875
Epoch: 9513, Loss: 5.63790225982666
Epoch: 9514, Loss: 5.6623148918151855
Epoch: 9515, Loss: 5.677736759185791
Epoch: 9516, Loss: 5.637898921966553
Epoch: 9517, Loss: 5.682470798492432
Epoch: 9518, Loss: 5.644598960876465
Epoch: 9519, Loss: 5.669079780578613
Epoch: 9520, Loss: 5.65163516998291
Test acc: 0.0697, IC acc: 0.0933, IC acc2: 0.0029, IW acc: 0.0017
Epoch: 9521, Loss: 5.652785778045654
Epoch: 9522, Loss: 5.6405439376831055
Epoch: 9523, Loss: 5.662233829498291
Epoch: 9524, Loss: 5.666418075561523
Epoch: 9525, Loss: 5.613681793212891
Epoch: 9526, Loss: 5.656951904296875
Epoch: 9527, Loss: 5.637497425079346
Epoch: 9528, Loss: 5.666859149932861
Epoch: 9529, Loss: 5.65631103515625
Epoch: 9530, Loss: 5.629054069519043
Test acc: 0.0698, IC acc: 0.0931, IC acc2: 0.0029, IW acc: 0.0017
Epoch: 9531, Loss: 5.636739730834961
Epoch: 9532, Loss: 5.653838157653809
Epoch: 9533, Loss: 5.637409210205078
Epoch: 9534, Loss: 5.63490629196167
Epoch: 9535, Loss: 5.647139549255371
Epoch: 9536, Loss: 5.650969982147217
Epoch: 9537, Loss: 5.674535274505615
Epoch: 9538, Loss: 5.672082901000977
Epoch: 9539, Loss: 5.634853363037109
Epoch: 9540, Loss: 5.659217834472656
Test acc: 0.0698, IC acc: 0.0932, IC acc2: 0.003, IW acc: 0.0017
Epoch: 9541, Loss: 5.663935661315918
Epoch: 9542, Loss: 5.663249492645264
Epoch: 9543, Loss: 5.657234191894531
Epoch: 9544, Loss: 5.639718055725098
Epoch: 9545, Loss: 5.65230655670166
Epoch: 9546, Loss: 5.636814117431641
Epoch: 9547, Loss: 5.635331153869629
Epoch: 9548, Loss: 5.669698715209961
Epoch: 9549, Loss: 5.664676666259766
./circuit_plots/Unrestricted Disentangled|Readout|CN=3|B0=0|B1=2|K=1280|L=320|p_B=0.75|p_C=0.75|B=2|eps=0|cf538942-d2b2-427e-876d-3ee26c12f82b/ already exists.
./circuit_plots/Unrestricted Disentangled|Readout|CN=3|B0=0|B1=2|K=1280|L=320|p_B=0.75|p_C=0.75|B=2|eps=0|cf538942-d2b2-427e-876d-3ee26c12f82b/ already exists.
./circuit_plots/Unrestricted Disentangled|Readout|CN=3|B0=0|B1=2|K=1280|L=320|p_B=0.75|p_C=0.75|B=2|eps=0|cf538942-d2b2-427e-876d-3ee26c12f82b/ already exists.
./circuit_plots/Unrestricted Disentangled|Readout|CN=3|B0=0|B1=2|K=1280|L=320|p_B=0.75|p_C=0.75|B=2|eps=0|cf538942-d2b2-427e-876d-3ee26c12f82b/ already exists.
./circuit_plots/Unrestricted Disentangled|Readout|CN=3|B0=0|B1=2|K=1280|L=320|p_B=0.75|p_C=0.75|B=2|eps=0|cf538942-d2b2-427e-876d-3ee26c12f82b/ already exists.
./circuit_plots/Unrestricted Disentangled|Readout|CN=3|B0=0|B1=2|K=1280|L=320|p_B=0.75|p_C=0.75|B=2|eps=0|cf538942-d2b2-427e-876d-3ee26c12f82b/ already exists.
./circuit_plots/Unrestricted Disentangled|Readout|CN=3|B0=0|B1=2|K=1280|L=320|p_B=0.75|p_C=0.75|B=2|eps=0|cf538942-d2b2-427e-876d-3ee26c12f82b/ already exists.
Epoch: 9550, Loss: 5.654767036437988
Test acc: 0.0698, IC acc: 0.0931, IC acc2: 0.003, IW acc: 0.0017
Epoch: 9551, Loss: 5.644967555999756
Epoch: 9552, Loss: 5.664790153503418
Epoch: 9553, Loss: 5.632019996643066
Epoch: 9554, Loss: 5.646529197692871
Epoch: 9555, Loss: 5.663007736206055
Epoch: 9556, Loss: 5.649733543395996
Epoch: 9557, Loss: 5.67463493347168
Epoch: 9558, Loss: 5.665635108947754
Epoch: 9559, Loss: 5.663955211639404
Epoch: 9560, Loss: 5.671050071716309
Test acc: 0.0699, IC acc: 0.0935, IC acc2: 0.003, IW acc: 0.0017
Epoch: 9561, Loss: 5.635439872741699
Epoch: 9562, Loss: 5.63707160949707
Epoch: 9563, Loss: 5.646576881408691
Epoch: 9564, Loss: 5.636219501495361
Epoch: 9565, Loss: 5.6266584396362305
Epoch: 9566, Loss: 5.657716751098633
Epoch: 9567, Loss: 5.684123516082764
Epoch: 9568, Loss: 5.638130187988281
Epoch: 9569, Loss: 5.64876651763916
Epoch: 9570, Loss: 5.665331840515137
Test acc: 0.0698, IC acc: 0.0938, IC acc2: 0.003, IW acc: 0.0017
Epoch: 9571, Loss: 5.64804744720459
Epoch: 9572, Loss: 5.679343223571777
Epoch: 9573, Loss: 5.65061092376709
Epoch: 9574, Loss: 5.663736343383789
Epoch: 9575, Loss: 5.633896350860596
Epoch: 9576, Loss: 5.664839744567871
Epoch: 9577, Loss: 5.658304214477539
Epoch: 9578, Loss: 5.659158229827881
Epoch: 9579, Loss: 5.637189865112305
Epoch: 9580, Loss: 5.63606071472168
Test acc: 0.0699, IC acc: 0.0938, IC acc2: 0.003, IW acc: 0.0017
Epoch: 9581, Loss: 5.645381927490234
Epoch: 9582, Loss: 5.6482038497924805
Epoch: 9583, Loss: 5.6387128829956055
Epoch: 9584, Loss: 5.650302886962891
Epoch: 9585, Loss: 5.62324333190918
Epoch: 9586, Loss: 5.633930683135986
Epoch: 9587, Loss: 5.659945487976074
Epoch: 9588, Loss: 5.660893440246582
Epoch: 9589, Loss: 5.6484198570251465
Epoch: 9590, Loss: 5.660090446472168
Test acc: 0.07, IC acc: 0.0939, IC acc2: 0.003, IW acc: 0.0017
Epoch: 9591, Loss: 5.673593044281006
Epoch: 9592, Loss: 5.677692890167236
Epoch: 9593, Loss: 5.670845031738281
Epoch: 9594, Loss: 5.652131080627441
Epoch: 9595, Loss: 5.674421787261963
Epoch: 9596, Loss: 5.67966365814209
Epoch: 9597, Loss: 5.662188529968262
Epoch: 9598, Loss: 5.678159236907959
Epoch: 9599, Loss: 5.656905174255371
./circuit_plots/Unrestricted Disentangled|Readout|CN=3|B0=0|B1=2|K=1280|L=320|p_B=0.75|p_C=0.75|B=2|eps=0|cf538942-d2b2-427e-876d-3ee26c12f82b/ already exists.
./circuit_plots/Unrestricted Disentangled|Readout|CN=3|B0=0|B1=2|K=1280|L=320|p_B=0.75|p_C=0.75|B=2|eps=0|cf538942-d2b2-427e-876d-3ee26c12f82b/ already exists.
./circuit_plots/Unrestricted Disentangled|Readout|CN=3|B0=0|B1=2|K=1280|L=320|p_B=0.75|p_C=0.75|B=2|eps=0|cf538942-d2b2-427e-876d-3ee26c12f82b/ already exists.
./circuit_plots/Unrestricted Disentangled|Readout|CN=3|B0=0|B1=2|K=1280|L=320|p_B=0.75|p_C=0.75|B=2|eps=0|cf538942-d2b2-427e-876d-3ee26c12f82b/ already exists.
./circuit_plots/Unrestricted Disentangled|Readout|CN=3|B0=0|B1=2|K=1280|L=320|p_B=0.75|p_C=0.75|B=2|eps=0|cf538942-d2b2-427e-876d-3ee26c12f82b/ already exists.
./circuit_plots/Unrestricted Disentangled|Readout|CN=3|B0=0|B1=2|K=1280|L=320|p_B=0.75|p_C=0.75|B=2|eps=0|cf538942-d2b2-427e-876d-3ee26c12f82b/ already exists.
./circuit_plots/Unrestricted Disentangled|Readout|CN=3|B0=0|B1=2|K=1280|L=320|p_B=0.75|p_C=0.75|B=2|eps=0|cf538942-d2b2-427e-876d-3ee26c12f82b/ already exists.
Epoch: 9600, Loss: 5.694350242614746
Test acc: 0.0699, IC acc: 0.0937, IC acc2: 0.003, IW acc: 0.0017
Epoch: 9601, Loss: 5.649475574493408
Epoch: 9602, Loss: 5.667250156402588
Epoch: 9603, Loss: 5.624608993530273
Epoch: 9604, Loss: 5.6642374992370605
Epoch: 9605, Loss: 5.654552936553955
Epoch: 9606, Loss: 5.666339874267578
Epoch: 9607, Loss: 5.639413833618164
Epoch: 9608, Loss: 5.643591403961182
Epoch: 9609, Loss: 5.636548042297363
Epoch: 9610, Loss: 5.638801574707031
Test acc: 0.07, IC acc: 0.0939, IC acc2: 0.003, IW acc: 0.0017
Epoch: 9611, Loss: 5.645750045776367
Epoch: 9612, Loss: 5.657886981964111
Epoch: 9613, Loss: 5.644140243530273
Epoch: 9614, Loss: 5.665656089782715
Epoch: 9615, Loss: 5.612692832946777
Epoch: 9616, Loss: 5.65584659576416
Epoch: 9617, Loss: 5.67326545715332
Epoch: 9618, Loss: 5.653189659118652
Epoch: 9619, Loss: 5.665104389190674
Epoch: 9620, Loss: 5.660987854003906
Test acc: 0.0703, IC acc: 0.0939, IC acc2: 0.0029, IW acc: 0.0017
Epoch: 9621, Loss: 5.633218765258789
Epoch: 9622, Loss: 5.638105869293213
Epoch: 9623, Loss: 5.648865699768066
Epoch: 9624, Loss: 5.654452323913574
Epoch: 9625, Loss: 5.662885665893555
Epoch: 9626, Loss: 5.6573686599731445
Epoch: 9627, Loss: 5.645307540893555
Epoch: 9628, Loss: 5.660275936126709
Epoch: 9629, Loss: 5.655492782592773
Epoch: 9630, Loss: 5.645667552947998
Test acc: 0.0703, IC acc: 0.094, IC acc2: 0.0029, IW acc: 0.0018
Epoch: 9631, Loss: 5.649343490600586
Epoch: 9632, Loss: 5.647918701171875
Epoch: 9633, Loss: 5.647705078125
Epoch: 9634, Loss: 5.651275634765625
Epoch: 9635, Loss: 5.653703689575195
Epoch: 9636, Loss: 5.63437032699585
Epoch: 9637, Loss: 5.636020660400391
Epoch: 9638, Loss: 5.660332679748535
Epoch: 9639, Loss: 5.652156829833984
Epoch: 9640, Loss: 5.639187812805176
Test acc: 0.0705, IC acc: 0.0941, IC acc2: 0.0029, IW acc: 0.0017
Epoch: 9641, Loss: 5.640866279602051
Epoch: 9642, Loss: 5.645658016204834
Epoch: 9643, Loss: 5.6462788581848145
Epoch: 9644, Loss: 5.656335830688477
Epoch: 9645, Loss: 5.645464897155762
Epoch: 9646, Loss: 5.651856899261475
Epoch: 9647, Loss: 5.647731781005859
Epoch: 9648, Loss: 5.6539435386657715
Epoch: 9649, Loss: 5.652707099914551
./circuit_plots/Unrestricted Disentangled|Readout|CN=3|B0=0|B1=2|K=1280|L=320|p_B=0.75|p_C=0.75|B=2|eps=0|cf538942-d2b2-427e-876d-3ee26c12f82b/ already exists.
./circuit_plots/Unrestricted Disentangled|Readout|CN=3|B0=0|B1=2|K=1280|L=320|p_B=0.75|p_C=0.75|B=2|eps=0|cf538942-d2b2-427e-876d-3ee26c12f82b/ already exists.
./circuit_plots/Unrestricted Disentangled|Readout|CN=3|B0=0|B1=2|K=1280|L=320|p_B=0.75|p_C=0.75|B=2|eps=0|cf538942-d2b2-427e-876d-3ee26c12f82b/ already exists.
./circuit_plots/Unrestricted Disentangled|Readout|CN=3|B0=0|B1=2|K=1280|L=320|p_B=0.75|p_C=0.75|B=2|eps=0|cf538942-d2b2-427e-876d-3ee26c12f82b/ already exists.
./circuit_plots/Unrestricted Disentangled|Readout|CN=3|B0=0|B1=2|K=1280|L=320|p_B=0.75|p_C=0.75|B=2|eps=0|cf538942-d2b2-427e-876d-3ee26c12f82b/ already exists.
./circuit_plots/Unrestricted Disentangled|Readout|CN=3|B0=0|B1=2|K=1280|L=320|p_B=0.75|p_C=0.75|B=2|eps=0|cf538942-d2b2-427e-876d-3ee26c12f82b/ already exists.
./circuit_plots/Unrestricted Disentangled|Readout|CN=3|B0=0|B1=2|K=1280|L=320|p_B=0.75|p_C=0.75|B=2|eps=0|cf538942-d2b2-427e-876d-3ee26c12f82b/ already exists.
Epoch: 9650, Loss: 5.657158851623535
Test acc: 0.0705, IC acc: 0.0943, IC acc2: 0.003, IW acc: 0.0017
Epoch: 9651, Loss: 5.62235689163208
Epoch: 9652, Loss: 5.648436069488525
Epoch: 9653, Loss: 5.642102241516113
Epoch: 9654, Loss: 5.629706859588623
Epoch: 9655, Loss: 5.663611888885498
Epoch: 9656, Loss: 5.63154411315918
Epoch: 9657, Loss: 5.654530048370361
Epoch: 9658, Loss: 5.667165279388428
Epoch: 9659, Loss: 5.657421112060547
Epoch: 9660, Loss: 5.6571502685546875
Test acc: 0.0708, IC acc: 0.0948, IC acc2: 0.003, IW acc: 0.0017
Epoch: 9661, Loss: 5.635454177856445
Epoch: 9662, Loss: 5.648010730743408
Epoch: 9663, Loss: 5.662450790405273
Epoch: 9664, Loss: 5.649502277374268
Epoch: 9665, Loss: 5.662925720214844
Epoch: 9666, Loss: 5.650017738342285
Epoch: 9667, Loss: 5.662661075592041
Epoch: 9668, Loss: 5.676225662231445
Epoch: 9669, Loss: 5.667469024658203
Epoch: 9670, Loss: 5.6633172035217285
Test acc: 0.0709, IC acc: 0.0952, IC acc2: 0.003, IW acc: 0.0017
Epoch: 9671, Loss: 5.643672943115234
Epoch: 9672, Loss: 5.680157661437988
Epoch: 9673, Loss: 5.655270576477051
Epoch: 9674, Loss: 5.643868446350098
Epoch: 9675, Loss: 5.654111862182617
Epoch: 9676, Loss: 5.650162696838379
Epoch: 9677, Loss: 5.639689922332764
Epoch: 9678, Loss: 5.67374849319458
Epoch: 9679, Loss: 5.659237384796143
Epoch: 9680, Loss: 5.684397220611572
Test acc: 0.0711, IC acc: 0.095, IC acc2: 0.003, IW acc: 0.0017
Epoch: 9681, Loss: 5.645124435424805
Epoch: 9682, Loss: 5.647169589996338
Epoch: 9683, Loss: 5.627590656280518
Epoch: 9684, Loss: 5.666094779968262
Epoch: 9685, Loss: 5.656659126281738
Epoch: 9686, Loss: 5.65828800201416
Epoch: 9687, Loss: 5.640861511230469
Epoch: 9688, Loss: 5.643851280212402
Epoch: 9689, Loss: 5.6517415046691895
Epoch: 9690, Loss: 5.645045280456543
Test acc: 0.0711, IC acc: 0.0954, IC acc2: 0.003, IW acc: 0.0018
Epoch: 9691, Loss: 5.640573024749756
Epoch: 9692, Loss: 5.618988037109375
Epoch: 9693, Loss: 5.637046813964844
Epoch: 9694, Loss: 5.651655673980713
Epoch: 9695, Loss: 5.659740924835205
Epoch: 9696, Loss: 5.669163703918457
Epoch: 9697, Loss: 5.650527000427246
Epoch: 9698, Loss: 5.679400444030762
Epoch: 9699, Loss: 5.6359734535217285
./circuit_plots/Unrestricted Disentangled|Readout|CN=3|B0=0|B1=2|K=1280|L=320|p_B=0.75|p_C=0.75|B=2|eps=0|cf538942-d2b2-427e-876d-3ee26c12f82b/ already exists.
./circuit_plots/Unrestricted Disentangled|Readout|CN=3|B0=0|B1=2|K=1280|L=320|p_B=0.75|p_C=0.75|B=2|eps=0|cf538942-d2b2-427e-876d-3ee26c12f82b/ already exists.
./circuit_plots/Unrestricted Disentangled|Readout|CN=3|B0=0|B1=2|K=1280|L=320|p_B=0.75|p_C=0.75|B=2|eps=0|cf538942-d2b2-427e-876d-3ee26c12f82b/ already exists.
./circuit_plots/Unrestricted Disentangled|Readout|CN=3|B0=0|B1=2|K=1280|L=320|p_B=0.75|p_C=0.75|B=2|eps=0|cf538942-d2b2-427e-876d-3ee26c12f82b/ already exists.
./circuit_plots/Unrestricted Disentangled|Readout|CN=3|B0=0|B1=2|K=1280|L=320|p_B=0.75|p_C=0.75|B=2|eps=0|cf538942-d2b2-427e-876d-3ee26c12f82b/ already exists.
./circuit_plots/Unrestricted Disentangled|Readout|CN=3|B0=0|B1=2|K=1280|L=320|p_B=0.75|p_C=0.75|B=2|eps=0|cf538942-d2b2-427e-876d-3ee26c12f82b/ already exists.
./circuit_plots/Unrestricted Disentangled|Readout|CN=3|B0=0|B1=2|K=1280|L=320|p_B=0.75|p_C=0.75|B=2|eps=0|cf538942-d2b2-427e-876d-3ee26c12f82b/ already exists.
Epoch: 9700, Loss: 5.6517205238342285
Test acc: 0.0712, IC acc: 0.0953, IC acc2: 0.003, IW acc: 0.0018
Epoch: 9701, Loss: 5.672307014465332
Epoch: 9702, Loss: 5.659221172332764
Epoch: 9703, Loss: 5.6614089012146
Epoch: 9704, Loss: 5.633117198944092
Epoch: 9705, Loss: 5.658092021942139
Epoch: 9706, Loss: 5.633024215698242
Epoch: 9707, Loss: 5.650107383728027
Epoch: 9708, Loss: 5.643674850463867
Epoch: 9709, Loss: 5.667298793792725
Epoch: 9710, Loss: 5.671870708465576
Test acc: 0.0713, IC acc: 0.0955, IC acc2: 0.0029, IW acc: 0.0018
Epoch: 9711, Loss: 5.646824359893799
Epoch: 9712, Loss: 5.6451263427734375
Epoch: 9713, Loss: 5.632138729095459
Epoch: 9714, Loss: 5.635672092437744
Epoch: 9715, Loss: 5.638538360595703
Epoch: 9716, Loss: 5.633726119995117
Epoch: 9717, Loss: 5.665554046630859
Epoch: 9718, Loss: 5.6636643409729
Epoch: 9719, Loss: 5.659612655639648
Epoch: 9720, Loss: 5.667877197265625
Test acc: 0.0713, IC acc: 0.0957, IC acc2: 0.003, IW acc: 0.0018
Epoch: 9721, Loss: 5.6388654708862305
Epoch: 9722, Loss: 5.6499528884887695
Epoch: 9723, Loss: 5.658125877380371
Epoch: 9724, Loss: 5.6406145095825195
Epoch: 9725, Loss: 5.6608452796936035
Epoch: 9726, Loss: 5.626709938049316
Epoch: 9727, Loss: 5.630414962768555
Epoch: 9728, Loss: 5.641290187835693
Epoch: 9729, Loss: 5.645340919494629
Epoch: 9730, Loss: 5.664155960083008
Test acc: 0.0713, IC acc: 0.0961, IC acc2: 0.003, IW acc: 0.0018
Epoch: 9731, Loss: 5.653482437133789
Epoch: 9732, Loss: 5.652752876281738
Epoch: 9733, Loss: 5.628915309906006
Epoch: 9734, Loss: 5.678882598876953
Epoch: 9735, Loss: 5.628042221069336
Epoch: 9736, Loss: 5.679139137268066
Epoch: 9737, Loss: 5.686412811279297
Epoch: 9738, Loss: 5.651905059814453
Epoch: 9739, Loss: 5.653342247009277
Epoch: 9740, Loss: 5.651593208312988
Test acc: 0.0714, IC acc: 0.0965, IC acc2: 0.0029, IW acc: 0.0018
Epoch: 9741, Loss: 5.648584365844727
Epoch: 9742, Loss: 5.646261215209961
Epoch: 9743, Loss: 5.654906272888184
Epoch: 9744, Loss: 5.67857551574707
Epoch: 9745, Loss: 5.65675163269043
Epoch: 9746, Loss: 5.6295552253723145
Epoch: 9747, Loss: 5.662372589111328
Epoch: 9748, Loss: 5.6220526695251465
Epoch: 9749, Loss: 5.667511463165283
./circuit_plots/Unrestricted Disentangled|Readout|CN=3|B0=0|B1=2|K=1280|L=320|p_B=0.75|p_C=0.75|B=2|eps=0|cf538942-d2b2-427e-876d-3ee26c12f82b/ already exists.
./circuit_plots/Unrestricted Disentangled|Readout|CN=3|B0=0|B1=2|K=1280|L=320|p_B=0.75|p_C=0.75|B=2|eps=0|cf538942-d2b2-427e-876d-3ee26c12f82b/ already exists.
./circuit_plots/Unrestricted Disentangled|Readout|CN=3|B0=0|B1=2|K=1280|L=320|p_B=0.75|p_C=0.75|B=2|eps=0|cf538942-d2b2-427e-876d-3ee26c12f82b/ already exists.
./circuit_plots/Unrestricted Disentangled|Readout|CN=3|B0=0|B1=2|K=1280|L=320|p_B=0.75|p_C=0.75|B=2|eps=0|cf538942-d2b2-427e-876d-3ee26c12f82b/ already exists.
./circuit_plots/Unrestricted Disentangled|Readout|CN=3|B0=0|B1=2|K=1280|L=320|p_B=0.75|p_C=0.75|B=2|eps=0|cf538942-d2b2-427e-876d-3ee26c12f82b/ already exists.
./circuit_plots/Unrestricted Disentangled|Readout|CN=3|B0=0|B1=2|K=1280|L=320|p_B=0.75|p_C=0.75|B=2|eps=0|cf538942-d2b2-427e-876d-3ee26c12f82b/ already exists.
./circuit_plots/Unrestricted Disentangled|Readout|CN=3|B0=0|B1=2|K=1280|L=320|p_B=0.75|p_C=0.75|B=2|eps=0|cf538942-d2b2-427e-876d-3ee26c12f82b/ already exists.
Epoch: 9750, Loss: 5.657391548156738
Test acc: 0.0716, IC acc: 0.0964, IC acc2: 0.003, IW acc: 0.0018
Epoch: 9751, Loss: 5.626852035522461
Epoch: 9752, Loss: 5.650768280029297
Epoch: 9753, Loss: 5.6542205810546875
Epoch: 9754, Loss: 5.642011642456055
Epoch: 9755, Loss: 5.6364593505859375
Epoch: 9756, Loss: 5.652341842651367
Epoch: 9757, Loss: 5.630303859710693
Epoch: 9758, Loss: 5.657237529754639
Epoch: 9759, Loss: 5.641464710235596
Epoch: 9760, Loss: 5.658098220825195
Test acc: 0.0716, IC acc: 0.0961, IC acc2: 0.003, IW acc: 0.0019
Epoch: 9761, Loss: 5.642523765563965
Epoch: 9762, Loss: 5.664283275604248
Epoch: 9763, Loss: 5.678762435913086
Epoch: 9764, Loss: 5.6475830078125
Epoch: 9765, Loss: 5.656123161315918
Epoch: 9766, Loss: 5.663572311401367
Epoch: 9767, Loss: 5.670443534851074
Epoch: 9768, Loss: 5.662161827087402
Epoch: 9769, Loss: 5.646257400512695
Epoch: 9770, Loss: 5.671743392944336
Test acc: 0.0716, IC acc: 0.0963, IC acc2: 0.003, IW acc: 0.0019
Epoch: 9771, Loss: 5.651108264923096
Epoch: 9772, Loss: 5.658080101013184
Epoch: 9773, Loss: 5.645416259765625
Epoch: 9774, Loss: 5.640505313873291
Epoch: 9775, Loss: 5.647294044494629
Epoch: 9776, Loss: 5.639655113220215
Epoch: 9777, Loss: 5.634552478790283
Epoch: 9778, Loss: 5.650015830993652
Epoch: 9779, Loss: 5.657703399658203
Epoch: 9780, Loss: 5.670468330383301
Test acc: 0.0717, IC acc: 0.0969, IC acc2: 0.0031, IW acc: 0.0018
Epoch: 9781, Loss: 5.649443626403809
Epoch: 9782, Loss: 5.637852668762207
Epoch: 9783, Loss: 5.6529951095581055
Epoch: 9784, Loss: 5.652346134185791
Epoch: 9785, Loss: 5.660944938659668
Epoch: 9786, Loss: 5.660590171813965
Epoch: 9787, Loss: 5.672181606292725
Epoch: 9788, Loss: 5.657525062561035
Epoch: 9789, Loss: 5.651540279388428
Epoch: 9790, Loss: 5.659008026123047
Test acc: 0.0717, IC acc: 0.0968, IC acc2: 0.003, IW acc: 0.0018
Epoch: 9791, Loss: 5.662849426269531
Epoch: 9792, Loss: 5.66914176940918
Epoch: 9793, Loss: 5.647622108459473
Epoch: 9794, Loss: 5.6647844314575195
Epoch: 9795, Loss: 5.650346279144287
Epoch: 9796, Loss: 5.651581764221191
Epoch: 9797, Loss: 5.661373138427734
Epoch: 9798, Loss: 5.6563920974731445
Epoch: 9799, Loss: 5.646434783935547
./circuit_plots/Unrestricted Disentangled|Readout|CN=3|B0=0|B1=2|K=1280|L=320|p_B=0.75|p_C=0.75|B=2|eps=0|cf538942-d2b2-427e-876d-3ee26c12f82b/ already exists.
./circuit_plots/Unrestricted Disentangled|Readout|CN=3|B0=0|B1=2|K=1280|L=320|p_B=0.75|p_C=0.75|B=2|eps=0|cf538942-d2b2-427e-876d-3ee26c12f82b/ already exists.
./circuit_plots/Unrestricted Disentangled|Readout|CN=3|B0=0|B1=2|K=1280|L=320|p_B=0.75|p_C=0.75|B=2|eps=0|cf538942-d2b2-427e-876d-3ee26c12f82b/ already exists.
./circuit_plots/Unrestricted Disentangled|Readout|CN=3|B0=0|B1=2|K=1280|L=320|p_B=0.75|p_C=0.75|B=2|eps=0|cf538942-d2b2-427e-876d-3ee26c12f82b/ already exists.
./circuit_plots/Unrestricted Disentangled|Readout|CN=3|B0=0|B1=2|K=1280|L=320|p_B=0.75|p_C=0.75|B=2|eps=0|cf538942-d2b2-427e-876d-3ee26c12f82b/ already exists.
./circuit_plots/Unrestricted Disentangled|Readout|CN=3|B0=0|B1=2|K=1280|L=320|p_B=0.75|p_C=0.75|B=2|eps=0|cf538942-d2b2-427e-876d-3ee26c12f82b/ already exists.
./circuit_plots/Unrestricted Disentangled|Readout|CN=3|B0=0|B1=2|K=1280|L=320|p_B=0.75|p_C=0.75|B=2|eps=0|cf538942-d2b2-427e-876d-3ee26c12f82b/ already exists.
Epoch: 9800, Loss: 5.662149906158447
Test acc: 0.0721, IC acc: 0.0972, IC acc2: 0.0029, IW acc: 0.0018
Epoch: 9801, Loss: 5.651810646057129
Epoch: 9802, Loss: 5.634303092956543
Epoch: 9803, Loss: 5.646349906921387
Epoch: 9804, Loss: 5.650482654571533
Epoch: 9805, Loss: 5.657913684844971
Epoch: 9806, Loss: 5.647600173950195
Epoch: 9807, Loss: 5.6488542556762695
Epoch: 9808, Loss: 5.633416652679443
Epoch: 9809, Loss: 5.629949569702148
Epoch: 9810, Loss: 5.6483869552612305
Test acc: 0.0721, IC acc: 0.0971, IC acc2: 0.0029, IW acc: 0.0019
Epoch: 9811, Loss: 5.643206596374512
Epoch: 9812, Loss: 5.649938583374023
Epoch: 9813, Loss: 5.6414794921875
Epoch: 9814, Loss: 5.635985851287842
Epoch: 9815, Loss: 5.644467353820801
Epoch: 9816, Loss: 5.631895065307617
Epoch: 9817, Loss: 5.63934326171875
Epoch: 9818, Loss: 5.661838531494141
Epoch: 9819, Loss: 5.660572052001953
Epoch: 9820, Loss: 5.634738445281982
Test acc: 0.0724, IC acc: 0.0974, IC acc2: 0.0029, IW acc: 0.0019
Epoch: 9821, Loss: 5.650674819946289
Epoch: 9822, Loss: 5.641505718231201
Epoch: 9823, Loss: 5.633231163024902
Epoch: 9824, Loss: 5.625543594360352
Epoch: 9825, Loss: 5.661663055419922
Epoch: 9826, Loss: 5.6435651779174805
Epoch: 9827, Loss: 5.636231899261475
Epoch: 9828, Loss: 5.642638683319092
Epoch: 9829, Loss: 5.640743732452393
Epoch: 9830, Loss: 5.635628700256348
Test acc: 0.0723, IC acc: 0.0977, IC acc2: 0.003, IW acc: 0.0018
Epoch: 9831, Loss: 5.636959075927734
Epoch: 9832, Loss: 5.642505645751953
Epoch: 9833, Loss: 5.643019676208496
Epoch: 9834, Loss: 5.634164810180664
Epoch: 9835, Loss: 5.6249680519104
Epoch: 9836, Loss: 5.6521759033203125
Epoch: 9837, Loss: 5.664391040802002
Epoch: 9838, Loss: 5.634081840515137
Epoch: 9839, Loss: 5.649118423461914
Epoch: 9840, Loss: 5.6549177169799805
Test acc: 0.0727, IC acc: 0.0984, IC acc2: 0.003, IW acc: 0.0018
Epoch: 9841, Loss: 5.646819114685059
Epoch: 9842, Loss: 5.632335662841797
Epoch: 9843, Loss: 5.665786266326904
Epoch: 9844, Loss: 5.618454933166504
Epoch: 9845, Loss: 5.629181861877441
Epoch: 9846, Loss: 5.660802364349365
Epoch: 9847, Loss: 5.669746398925781
Epoch: 9848, Loss: 5.656717300415039
Epoch: 9849, Loss: 5.66159725189209
./circuit_plots/Unrestricted Disentangled|Readout|CN=3|B0=0|B1=2|K=1280|L=320|p_B=0.75|p_C=0.75|B=2|eps=0|cf538942-d2b2-427e-876d-3ee26c12f82b/ already exists.
./circuit_plots/Unrestricted Disentangled|Readout|CN=3|B0=0|B1=2|K=1280|L=320|p_B=0.75|p_C=0.75|B=2|eps=0|cf538942-d2b2-427e-876d-3ee26c12f82b/ already exists.
./circuit_plots/Unrestricted Disentangled|Readout|CN=3|B0=0|B1=2|K=1280|L=320|p_B=0.75|p_C=0.75|B=2|eps=0|cf538942-d2b2-427e-876d-3ee26c12f82b/ already exists.
./circuit_plots/Unrestricted Disentangled|Readout|CN=3|B0=0|B1=2|K=1280|L=320|p_B=0.75|p_C=0.75|B=2|eps=0|cf538942-d2b2-427e-876d-3ee26c12f82b/ already exists.
./circuit_plots/Unrestricted Disentangled|Readout|CN=3|B0=0|B1=2|K=1280|L=320|p_B=0.75|p_C=0.75|B=2|eps=0|cf538942-d2b2-427e-876d-3ee26c12f82b/ already exists.
./circuit_plots/Unrestricted Disentangled|Readout|CN=3|B0=0|B1=2|K=1280|L=320|p_B=0.75|p_C=0.75|B=2|eps=0|cf538942-d2b2-427e-876d-3ee26c12f82b/ already exists.
./circuit_plots/Unrestricted Disentangled|Readout|CN=3|B0=0|B1=2|K=1280|L=320|p_B=0.75|p_C=0.75|B=2|eps=0|cf538942-d2b2-427e-876d-3ee26c12f82b/ already exists.
Epoch: 9850, Loss: 5.654090881347656
Test acc: 0.0725, IC acc: 0.098, IC acc2: 0.0029, IW acc: 0.0019
Epoch: 9851, Loss: 5.6633148193359375
Epoch: 9852, Loss: 5.643263816833496
Epoch: 9853, Loss: 5.656347274780273
Epoch: 9854, Loss: 5.671787261962891
Epoch: 9855, Loss: 5.62741756439209
Epoch: 9856, Loss: 5.6669464111328125
Epoch: 9857, Loss: 5.653001308441162
Epoch: 9858, Loss: 5.658421516418457
Epoch: 9859, Loss: 5.648346424102783
Epoch: 9860, Loss: 5.65027379989624
Test acc: 0.0728, IC acc: 0.0982, IC acc2: 0.0029, IW acc: 0.002
Epoch: 9861, Loss: 5.636353492736816
Epoch: 9862, Loss: 5.660037994384766
Epoch: 9863, Loss: 5.622835159301758
Epoch: 9864, Loss: 5.663576602935791
Epoch: 9865, Loss: 5.6802873611450195
Epoch: 9866, Loss: 5.6554107666015625
Epoch: 9867, Loss: 5.654041290283203
Epoch: 9868, Loss: 5.639998912811279
Epoch: 9869, Loss: 5.653599739074707
Epoch: 9870, Loss: 5.670718193054199
Test acc: 0.0728, IC acc: 0.0986, IC acc2: 0.0029, IW acc: 0.0019
Epoch: 9871, Loss: 5.6606764793396
Epoch: 9872, Loss: 5.6329121589660645
Epoch: 9873, Loss: 5.626570701599121
Epoch: 9874, Loss: 5.66533088684082
Epoch: 9875, Loss: 5.673918724060059
Epoch: 9876, Loss: 5.629624366760254
Epoch: 9877, Loss: 5.629861831665039
Epoch: 9878, Loss: 5.658909797668457
Epoch: 9879, Loss: 5.668118000030518
Epoch: 9880, Loss: 5.643520355224609
Test acc: 0.0734, IC acc: 0.0991, IC acc2: 0.0029, IW acc: 0.0019
Epoch: 9881, Loss: 5.637584686279297
Epoch: 9882, Loss: 5.645918846130371
Epoch: 9883, Loss: 5.649946212768555
Epoch: 9884, Loss: 5.642396926879883
Epoch: 9885, Loss: 5.660358428955078
Epoch: 9886, Loss: 5.6517791748046875
Epoch: 9887, Loss: 5.637105464935303
Epoch: 9888, Loss: 5.633946895599365
Epoch: 9889, Loss: 5.6354265213012695
Epoch: 9890, Loss: 5.65602445602417
Test acc: 0.0734, IC acc: 0.0993, IC acc2: 0.0029, IW acc: 0.0019
Epoch: 9891, Loss: 5.648296356201172
Epoch: 9892, Loss: 5.647462844848633
Epoch: 9893, Loss: 5.627951622009277
Epoch: 9894, Loss: 5.665158271789551
Epoch: 9895, Loss: 5.6600141525268555
Epoch: 9896, Loss: 5.625517845153809
Epoch: 9897, Loss: 5.646247386932373
Epoch: 9898, Loss: 5.651636123657227
Epoch: 9899, Loss: 5.650639533996582
./circuit_plots/Unrestricted Disentangled|Readout|CN=3|B0=0|B1=2|K=1280|L=320|p_B=0.75|p_C=0.75|B=2|eps=0|cf538942-d2b2-427e-876d-3ee26c12f82b/ already exists.
./circuit_plots/Unrestricted Disentangled|Readout|CN=3|B0=0|B1=2|K=1280|L=320|p_B=0.75|p_C=0.75|B=2|eps=0|cf538942-d2b2-427e-876d-3ee26c12f82b/ already exists.
./circuit_plots/Unrestricted Disentangled|Readout|CN=3|B0=0|B1=2|K=1280|L=320|p_B=0.75|p_C=0.75|B=2|eps=0|cf538942-d2b2-427e-876d-3ee26c12f82b/ already exists.
./circuit_plots/Unrestricted Disentangled|Readout|CN=3|B0=0|B1=2|K=1280|L=320|p_B=0.75|p_C=0.75|B=2|eps=0|cf538942-d2b2-427e-876d-3ee26c12f82b/ already exists.
./circuit_plots/Unrestricted Disentangled|Readout|CN=3|B0=0|B1=2|K=1280|L=320|p_B=0.75|p_C=0.75|B=2|eps=0|cf538942-d2b2-427e-876d-3ee26c12f82b/ already exists.
./circuit_plots/Unrestricted Disentangled|Readout|CN=3|B0=0|B1=2|K=1280|L=320|p_B=0.75|p_C=0.75|B=2|eps=0|cf538942-d2b2-427e-876d-3ee26c12f82b/ already exists.
./circuit_plots/Unrestricted Disentangled|Readout|CN=3|B0=0|B1=2|K=1280|L=320|p_B=0.75|p_C=0.75|B=2|eps=0|cf538942-d2b2-427e-876d-3ee26c12f82b/ already exists.
Epoch: 9900, Loss: 5.638373374938965
Test acc: 0.0736, IC acc: 0.0993, IC acc2: 0.0029, IW acc: 0.002
Epoch: 9901, Loss: 5.647998809814453
Epoch: 9902, Loss: 5.659391403198242
Epoch: 9903, Loss: 5.602588653564453
Epoch: 9904, Loss: 5.658838748931885
Epoch: 9905, Loss: 5.652706146240234
Epoch: 9906, Loss: 5.632537841796875
Epoch: 9907, Loss: 5.633213043212891
Epoch: 9908, Loss: 5.644519805908203
Epoch: 9909, Loss: 5.649786472320557
Epoch: 9910, Loss: 5.663158893585205
Test acc: 0.0735, IC acc: 0.0993, IC acc2: 0.0029, IW acc: 0.002
Epoch: 9911, Loss: 5.649615287780762
Epoch: 9912, Loss: 5.645173072814941
Epoch: 9913, Loss: 5.629244804382324
Epoch: 9914, Loss: 5.658259868621826
Epoch: 9915, Loss: 5.651066780090332
Epoch: 9916, Loss: 5.667428016662598
Epoch: 9917, Loss: 5.668231010437012
Epoch: 9918, Loss: 5.662064552307129
Epoch: 9919, Loss: 5.638723373413086
Epoch: 9920, Loss: 5.628568649291992
Test acc: 0.0735, IC acc: 0.0995, IC acc2: 0.0029, IW acc: 0.002
Epoch: 9921, Loss: 5.650609970092773
Epoch: 9922, Loss: 5.646306991577148
Epoch: 9923, Loss: 5.644166946411133
Epoch: 9924, Loss: 5.643930435180664
Epoch: 9925, Loss: 5.626317977905273
Epoch: 9926, Loss: 5.621516227722168
Epoch: 9927, Loss: 5.653233051300049
Epoch: 9928, Loss: 5.6562700271606445
Epoch: 9929, Loss: 5.6485819816589355
Epoch: 9930, Loss: 5.633086204528809
Test acc: 0.0734, IC acc: 0.0996, IC acc2: 0.0029, IW acc: 0.002
Epoch: 9931, Loss: 5.647830963134766
Epoch: 9932, Loss: 5.625270843505859
Epoch: 9933, Loss: 5.672396183013916
Epoch: 9934, Loss: 5.63271951675415
Epoch: 9935, Loss: 5.652695178985596
Epoch: 9936, Loss: 5.632279872894287
Epoch: 9937, Loss: 5.644295692443848
Epoch: 9938, Loss: 5.612487316131592
Epoch: 9939, Loss: 5.672951698303223
Epoch: 9940, Loss: 5.650225639343262
Test acc: 0.0737, IC acc: 0.0996, IC acc2: 0.0029, IW acc: 0.002
Epoch: 9941, Loss: 5.64702033996582
Epoch: 9942, Loss: 5.644853591918945
Epoch: 9943, Loss: 5.636855125427246
Epoch: 9944, Loss: 5.653598785400391
Epoch: 9945, Loss: 5.650727272033691
Epoch: 9946, Loss: 5.642169952392578
Epoch: 9947, Loss: 5.649866104125977
Epoch: 9948, Loss: 5.665658950805664
Epoch: 9949, Loss: 5.652805328369141
./circuit_plots/Unrestricted Disentangled|Readout|CN=3|B0=0|B1=2|K=1280|L=320|p_B=0.75|p_C=0.75|B=2|eps=0|cf538942-d2b2-427e-876d-3ee26c12f82b/ already exists.
./circuit_plots/Unrestricted Disentangled|Readout|CN=3|B0=0|B1=2|K=1280|L=320|p_B=0.75|p_C=0.75|B=2|eps=0|cf538942-d2b2-427e-876d-3ee26c12f82b/ already exists.
./circuit_plots/Unrestricted Disentangled|Readout|CN=3|B0=0|B1=2|K=1280|L=320|p_B=0.75|p_C=0.75|B=2|eps=0|cf538942-d2b2-427e-876d-3ee26c12f82b/ already exists.
./circuit_plots/Unrestricted Disentangled|Readout|CN=3|B0=0|B1=2|K=1280|L=320|p_B=0.75|p_C=0.75|B=2|eps=0|cf538942-d2b2-427e-876d-3ee26c12f82b/ already exists.
./circuit_plots/Unrestricted Disentangled|Readout|CN=3|B0=0|B1=2|K=1280|L=320|p_B=0.75|p_C=0.75|B=2|eps=0|cf538942-d2b2-427e-876d-3ee26c12f82b/ already exists.
./circuit_plots/Unrestricted Disentangled|Readout|CN=3|B0=0|B1=2|K=1280|L=320|p_B=0.75|p_C=0.75|B=2|eps=0|cf538942-d2b2-427e-876d-3ee26c12f82b/ already exists.
./circuit_plots/Unrestricted Disentangled|Readout|CN=3|B0=0|B1=2|K=1280|L=320|p_B=0.75|p_C=0.75|B=2|eps=0|cf538942-d2b2-427e-876d-3ee26c12f82b/ already exists.
Epoch: 9950, Loss: 5.660046577453613
Test acc: 0.0739, IC acc: 0.0998, IC acc2: 0.0029, IW acc: 0.002
Epoch: 9951, Loss: 5.643579959869385
Epoch: 9952, Loss: 5.618790626525879
Epoch: 9953, Loss: 5.64367151260376
Epoch: 9954, Loss: 5.654714584350586
Epoch: 9955, Loss: 5.6396684646606445
Epoch: 9956, Loss: 5.66910457611084
Epoch: 9957, Loss: 5.640414237976074
Epoch: 9958, Loss: 5.668839454650879
Epoch: 9959, Loss: 5.668528079986572
Epoch: 9960, Loss: 5.653848648071289
Test acc: 0.0738, IC acc: 0.1, IC acc2: 0.0029, IW acc: 0.002
Epoch: 9961, Loss: 5.630560874938965
Epoch: 9962, Loss: 5.644667148590088
Epoch: 9963, Loss: 5.669808387756348
Epoch: 9964, Loss: 5.661462783813477
Epoch: 9965, Loss: 5.6537041664123535
Epoch: 9966, Loss: 5.665793418884277
Epoch: 9967, Loss: 5.642514228820801
Epoch: 9968, Loss: 5.6072540283203125
Epoch: 9969, Loss: 5.644773483276367
Epoch: 9970, Loss: 5.6376261711120605
Test acc: 0.074, IC acc: 0.1002, IC acc2: 0.0029, IW acc: 0.002
Epoch: 9971, Loss: 5.635344505310059
Epoch: 9972, Loss: 5.632546424865723
Epoch: 9973, Loss: 5.656218528747559
Epoch: 9974, Loss: 5.644532203674316
Epoch: 9975, Loss: 5.64290714263916
Epoch: 9976, Loss: 5.634828567504883
Epoch: 9977, Loss: 5.610126495361328
Epoch: 9978, Loss: 5.656997203826904
Epoch: 9979, Loss: 5.665705680847168
Epoch: 9980, Loss: 5.621348857879639
Test acc: 0.0744, IC acc: 0.1002, IC acc2: 0.0029, IW acc: 0.002
Epoch: 9981, Loss: 5.638978004455566
Epoch: 9982, Loss: 5.6265130043029785
Epoch: 9983, Loss: 5.657153606414795
Epoch: 9984, Loss: 5.659102916717529
Epoch: 9985, Loss: 5.6443562507629395
Epoch: 9986, Loss: 5.638275146484375
Epoch: 9987, Loss: 5.671441078186035
Epoch: 9988, Loss: 5.6522297859191895
Epoch: 9989, Loss: 5.647921562194824
Epoch: 9990, Loss: 5.635105133056641
Test acc: 0.0743, IC acc: 0.1007, IC acc2: 0.0029, IW acc: 0.002
Epoch: 9991, Loss: 5.622311592102051
Epoch: 9992, Loss: 5.643657207489014
Epoch: 9993, Loss: 5.664254188537598
Epoch: 9994, Loss: 5.645827293395996
Epoch: 9995, Loss: 5.632955074310303
Epoch: 9996, Loss: 5.678120136260986
Epoch: 9997, Loss: 5.616819858551025
Epoch: 9998, Loss: 5.642205238342285
Epoch: 9999, Loss: 5.653234481811523
