{"epoch": 1999, "train_loss": 0.024013031274080276, "_timestamp": 1719413027.962103, "_runtime": 93.65081095695496, "_step": 2199, "eval_epoch": 1990, "test_acc": 0.9975999593734741, "ic1_acc": 0.9975000023841858, "ic2_acc": 0.9980999827384949, "iw_acc": 0.0494999997317791, "_wandb": {"runtime": 94}}