{"epoch": 1999, "train_loss": 0.49670952558517456, "_timestamp": 1719413238.623259, "_runtime": 94.05996799468994, "_step": 2199, "eval_epoch": 1990, "test_acc": 0.8689000010490417, "ic1_acc": 0.27140000462532043, "ic2_acc": 0.25769999623298645, "iw_acc": 0.20389999449253082, "_wandb": {"runtime": 95}}